{
  "Version": 3,
  "Meta": {
    "Duration": 4.0,
    "Fps": 30.0,
    "Loop": true,
    "AreBeziersRestricted": true,
    "FadeInTime": 0.0,
    "FadeOutTime": 0.0,
    "CurveCount": 156,
    "TotalSegmentCount": 497,
    "TotalPointCount": 731,
    "UserDataCount": 2,
    "TotalUserDataSize": 0
  },
  "Curves": [
    {
      "Target": "Parameter",
      "Id": "ParamlegLxz",
      "FadeInTime": -1.0,
      "FadeOutTime": -1.0,
      "Segments": [
        0,
        0,
        0,
        0.9,
        -3,
        0,
        2.667,
        3,
        1,
        2.945,
        3,
        3.222,
        1.881,
        3.5,
        0,
        1,
        3.667,
        -1.128,
        3.833,
        -1.909,
        4,
        -2.39
      ]
    },
    {
      "Target": "Parameter",
      "Id": "Paramjoxz",
      "FadeInTime": -1.0,
      "FadeOutTime": -1.0,
      "Segments": [
        0,
        0,
        1,
        0.3,
        0,
        0.6,
        -0.999,
        0.9,
        -3,
        1,
        1.2,
        -5.001,
        1.5,
        -6.002,
        1.8,
        -6.002,
        1,
        2.089,
        -6.002,
        2.378,
        -5.039,
        2.667,
        -3,
        1,
        2.945,
        -1.039,
        3.222,
        0,
        3.5,
        0,
        1,
        3.667,
        0,
        3.833,
        -0.337,
        4,
        -0.931
      ]
    },
    {
      "Target": "Parameter",
      "Id": "ParamjoLbx",
      "FadeInTime": -1.0,
      "FadeOutTime": -1.0,
      "Segments": [
        0,
        0,
        0,
        0.9,
        5.129,
        1,
        1.2,
        5.129,
        1.5,
        3.459,
        1.8,
        0,
        1,
        2.089,
        -3.331,
        2.378,
        -5.058,
        2.667,
        -5.058,
        1,
        2.945,
        -5.058,
        3.222,
        -3.195,
        3.5,
        0,
        1,
        3.667,
        1.917,
        3.833,
        3.252,
        4,
        4.078
      ]
    },
    {
      "Target": "Parameter",
      "Id": "ParamlegRxz",
      "FadeInTime": -1.0,
      "FadeOutTime": -1.0,
      "Segments": [
        0,
        0,
        0,
        1,
        -3,
        0,
        2.767,
        3,
        1,
        3.011,
        3,
        3.256,
        1.735,
        3.5,
        0,
        1,
        3.667,
        -1.183,
        3.833,
        -1.959,
        4,
        -2.425
      ]
    },
    {
      "Target": "Parameter",
      "Id": "Paramjorxz",
      "FadeInTime": -1.0,
      "FadeOutTime": -1.0,
      "Segments": [
        0,
        0,
        1,
        0.333,
        0,
        0.667,
        -0.9,
        1,
        -3,
        1,
        1.3,
        -4.89,
        1.6,
        -6.002,
        1.9,
        -6.002,
        1,
        2.189,
        -6.002,
        2.478,
        -5.152,
        2.767,
        -3,
        1,
        3.011,
        -1.178,
        3.256,
        0,
        3.5,
        0,
        1,
        3.667,
        0,
        3.833,
        -0.337,
        4,
        -0.931
      ]
    },
    {
      "Target": "Parameter",
      "Id": "ParamjoRbx",
      "FadeInTime": -1.0,
      "FadeOutTime": -1.0,
      "Segments": [
        0,
        0,
        0,
        1,
        5.129,
        1,
        1.3,
        5.129,
        1.6,
        3.459,
        1.9,
        0,
        1,
        2.189,
        -3.331,
        2.478,
        -5.058,
        2.767,
        -5.058,
        1,
        3.011,
        -5.058,
        3.256,
        -2.949,
        3.5,
        0,
        1,
        3.667,
        2.01,
        3.833,
        3.339,
        4,
        4.139
      ]
    },
    {
      "Target": "Parameter",
      "Id": "Paramyoushangbixz",
      "FadeInTime": -1.0,
      "FadeOutTime": -1.0,
      "Segments": [
        0,
        0,
        0,
        0.6,
        1,
        0,
        1.2,
        0,
        2,
        1.633,
        0,
        0,
        2.033,
        1,
        1,
        2.378,
        1,
        2.722,
        0.902,
        3.067,
        0.5,
        1,
        3.211,
        0.331,
        3.356,
        0,
        3.5,
        0,
        2,
        4,
        0
      ]
    },
    {
      "Target": "Parameter",
      "Id": "Paramyoushangbiss",
      "FadeInTime": -1.0,
      "FadeOutTime": -1.0,
      "Segments": [
        0,
        0,
        0,
        0.6,
        5,
        0,
        1.2,
        0,
        2,
        1.633,
        0,
        0,
        2.033,
        5,
        0,
        3.5,
        0,
        2,
        4,
        0
      ]
    },
    {
      "Target": "Parameter",
      "Id": "Paramyouxibxz",
      "FadeInTime": -1.0,
      "FadeOutTime": -1.0,
      "Segments": [
        0,
        0,
        0,
        0.6,
        -5,
        0,
        1.2,
        -3,
        2,
        1.633,
        -3,
        0,
        2.033,
        -5,
        0,
        3.1,
        0.5,
        0,
        3.5,
        0,
        1,
        3.667,
        0,
        3.833,
        0.144,
        4,
        0.277
      ]
    },
    {
      "Target": "Parameter",
      "Id": "Paramyouxiabss",
      "FadeInTime": -1.0,
      "FadeOutTime": -1.0,
      "Segments": [
        0,
        0,
        0,
        0.6,
        2,
        0,
        1.2,
        0,
        2,
        1.633,
        0,
        0,
        2.033,
        2,
        0,
        3.5,
        0,
        2,
        4,
        0
      ]
    },
    {
      "Target": "Parameter",
      "Id": "Paramyoushouzxz",
      "FadeInTime": -1.0,
      "FadeOutTime": -1.0,
      "Segments": [
        0,
        -0.186,
        0,
        0.6,
        -6.98,
        0,
        1.2,
        0,
        2,
        1.633,
        0,
        0,
        2.033,
        -6.98,
        0,
        3.133,
        0.5,
        0,
        3.5,
        -0.186,
        1,
        3.667,
        -0.186,
        3.833,
        -0.155,
        4,
        0
      ]
    },
    {
      "Target": "Parameter",
      "Id": "Paramyoushouts",
      "FadeInTime": -1.0,
      "FadeOutTime": -1.0,
      "Segments": [
        0,
        0,
        0,
        0.6,
        -1,
        0,
        1.2,
        0,
        2,
        1.633,
        0,
        0,
        2.033,
        -1,
        0,
        3.5,
        0,
        2,
        4,
        0
      ]
    },
    {
      "Target": "Parameter",
      "Id": "Paramyouzhi1",
      "FadeInTime": -1.0,
      "FadeOutTime": -1.0,
      "Segments": [
        0,
        1,
        0,
        0.6,
        0,
        0,
        1.2,
        1,
        2,
        1.633,
        1,
        0,
        2.033,
        0,
        0,
        3.5,
        1,
        2,
        4,
        1
      ]
    },
    {
      "Target": "Parameter",
      "Id": "Paramyouzhi2",
      "FadeInTime": -1.0,
      "FadeOutTime": -1.0,
      "Segments": [
        0,
        1,
        0,
        0.6,
        0,
        0,
        1.2,
        0.6,
        2,
        1.633,
        0.6,
        0,
        2.033,
        0,
        0,
        3.5,
        1,
        1,
        3.667,
        1,
        3.833,
        0.885,
        4,
        0.779
      ]
    },
    {
      "Target": "Parameter",
      "Id": "Paramyouzhi3",
      "FadeInTime": -1.0,
      "FadeOutTime": -1.0,
      "Segments": [
        0,
        1,
        0,
        0.6,
        0,
        0,
        1.2,
        0.5,
        2,
        1.633,
        0.5,
        0,
        2.033,
        0,
        0,
        3.5,
        1,
        1,
        3.667,
        1,
        3.833,
        0.857,
        4,
        0.723
      ]
    },
    {
      "Target": "Parameter",
      "Id": "Paramyouzhi4",
      "FadeInTime": -1.0,
      "FadeOutTime": -1.0,
      "Segments": [
        0,
        1,
        0,
        0.6,
        0,
        0,
        1.2,
        1,
        2,
        1.633,
        1,
        0,
        2.033,
        0,
        0,
        3.5,
        1,
        1,
        3.667,
        1,
        3.833,
        0.885,
        4,
        0.779
      ]
    },
    {
      "Target": "Parameter",
      "Id": "Paramyouzhi5",
      "FadeInTime": -1.0,
      "FadeOutTime": -1.0,
      "Segments": [
        0,
        1,
        0,
        0.6,
        0,
        0,
        1.2,
        1,
        2,
        1.633,
        1,
        0,
        2.033,
        0,
        0,
        3.5,
        1,
        1,
        3.667,
        1,
        3.833,
        0.885,
        4,
        0.779
      ]
    },
    {
      "Target": "Parameter",
      "Id": "Paramshux",
      "FadeInTime": -1.0,
      "FadeOutTime": -1.0,
      "Segments": [
        0,
        0,
        2,
        0.6,
        0,
        1,
        0.7,
        0,
        0.8,
        -0.104,
        0.9,
        0.4,
        1,
        1,
        0.904,
        1.1,
        22,
        1.2,
        22,
        1,
        1.344,
        22,
        1.489,
        4.509,
        1.633,
        2,
        1,
        1.766,
        -0.316,
        1.9,
        0,
        2.033,
        0,
        2,
        3.5,
        0,
        2,
        4,
        0
      ]
    },
    {
      "Target": "Parameter",
      "Id": "Paramshuy",
      "FadeInTime": -1.0,
      "FadeOutTime": -1.0,
      "Segments": [
        0,
        0,
        2,
        0.6,
        0,
        0,
        0.9,
        -0.52,
        0,
        1.2,
        30,
        1,
        1.344,
        30,
        1.489,
        2.359,
        1.633,
        1,
        1,
        1.766,
        -0.254,
        1.9,
        0,
        2.033,
        0,
        2,
        3.5,
        0,
        2,
        4,
        0
      ]
    },
    {
      "Target": "Parameter",
      "Id": "Paramshuxz",
      "FadeInTime": -1.0,
      "FadeOutTime": -1.0,
      "Segments": [
        0,
        0,
        2,
        0.6,
        0,
        1,
        0.689,
        0,
        0.778,
        -0.008,
        0.867,
        -0.068,
        1,
        0.911,
        -0.098,
        0.956,
        -0.172,
        1,
        -0.319,
        1,
        1.067,
        -0.54,
        1.133,
        -1,
        1.2,
        -1,
        3,
        1.233,
        0,
        2,
        3.5,
        0,
        2,
        4,
        0
      ]
    },
    {
      "Target": "Parameter",
      "Id": "Paramshuts",
      "FadeInTime": -1.0,
      "FadeOutTime": -1.0,
      "Segments": [
        0,
        0,
        0,
        0.6,
        -0.4,
        2,
        2.033,
        -0.4,
        0,
        3.5,
        0,
        1,
        3.667,
        0,
        3.833,
        -0.057,
        4,
        -0.111
      ]
    },
    {
      "Target": "Parameter",
      "Id": "Paramzuozhi1",
      "FadeInTime": -1.0,
      "FadeOutTime": -1.0,
      "Segments": [
        0,
        0,
        0,
        1.033,
        -1,
        0,
        2.667,
        1,
        0,
        3.5,
        0,
        2,
        4,
        0
      ]
    },
    {
      "Target": "Parameter",
      "Id": "Paramzuozhi2",
      "FadeInTime": -1.0,
      "FadeOutTime": -1.0,
      "Segments": [
        0,
        0,
        0,
        0.967,
        -1,
        0,
        2.6,
        1,
        0,
        3.5,
        0,
        2,
        4,
        0
      ]
    },
    {
      "Target": "Parameter",
      "Id": "Paramzuozhi3",
      "FadeInTime": -1.0,
      "FadeOutTime": -1.0,
      "Segments": [
        0,
        0,
        0,
        0.9,
        -1,
        0,
        2.533,
        1,
        0,
        3.5,
        0,
        2,
        4,
        0
      ]
    },
    {
      "Target": "Parameter",
      "Id": "Paramzuozhi4",
      "FadeInTime": -1.0,
      "FadeOutTime": -1.0,
      "Segments": [
        0,
        0,
        0,
        0.833,
        -1,
        0,
        2.467,
        1,
        0,
        3.5,
        0,
        2,
        4,
        0
      ]
    },
    {
      "Target": "Parameter",
      "Id": "Paramzuozhi5",
      "FadeInTime": -1.0,
      "FadeOutTime": -1.0,
      "Segments": [
        0,
        0,
        0,
        0.767,
        -1,
        0,
        2.4,
        1,
        0,
        3.5,
        0,
        2,
        4,
        0
      ]
    },
    {
      "Target": "Parameter",
      "Id": "ParamAngleX",
      "FadeInTime": -1.0,
      "FadeOutTime": -1.0,
      "Segments": [
        0,
        0,
        0,
        0.5,
        -13,
        1,
        0.611,
        -13,
        0.722,
        -10.992,
        0.833,
        -10,
        1,
        0.944,
        -9.008,
        1.056,
        -9.854,
        1.167,
        -8,
        1,
        1.534,
        -1.883,
        1.9,
        16,
        2.267,
        16,
        0,
        3.067,
        -13,
        1,
        3.211,
        -13,
        3.356,
        -3.468,
        3.5,
        0,
        1,
        3.667,
        4.001,
        3.833,
        6.298,
        4,
        7.569
      ]
    },
    {
      "Target": "Parameter",
      "Id": "ParamAngleY",
      "FadeInTime": -1.0,
      "FadeOutTime": -1.0,
      "Segments": [
        0,
        0,
        0,
        0.5,
        -29,
        1,
        0.611,
        -29,
        0.722,
        -26.974,
        0.833,
        -22,
        1,
        0.944,
        -17.026,
        1.056,
        -9.539,
        1.167,
        -6,
        1,
        1.534,
        5.68,
        1.9,
        10,
        2.267,
        10,
        0,
        2.667,
        -1.089,
        0,
        3.067,
        15,
        1,
        3.211,
        15,
        3.356,
        2.049,
        3.5,
        0,
        1,
        3.667,
        -2.365,
        3.833,
        -3.631,
        4,
        -4.296
      ]
    },
    {
      "Target": "Parameter",
      "Id": "ParamAngleZ",
      "FadeInTime": -1.0,
      "FadeOutTime": -1.0,
      "Segments": [
        0,
        0,
        0,
        0.5,
        -30,
        1,
        0.611,
        -30,
        0.722,
        -8.257,
        0.833,
        -6,
        1,
        0.944,
        -3.743,
        1.056,
        -3.468,
        1.167,
        -2,
        1,
        1.534,
        2.846,
        1.9,
        7.459,
        2.267,
        13,
        1,
        2.434,
        15.519,
        2.6,
        18,
        2.767,
        18,
        0,
        3.5,
        0,
        1,
        3.667,
        0,
        3.833,
        2.296,
        4,
        4.428
      ]
    },
    {
      "Target": "Parameter",
      "Id": "ParamEyeLOpen",
      "FadeInTime": -1.0,
      "FadeOutTime": -1.0,
      "Segments": [
        0,
        1,
        2,
        0.5,
        1,
        0,
        0.833,
        0,
        0,
        1.167,
        1,
        2,
        2.267,
        1,
        0,
        2.767,
        0.8,
        0,
        3.5,
        1,
        2,
        4,
        1
      ]
    },
    {
      "Target": "Parameter",
      "Id": "ParamEyeROpen",
      "FadeInTime": -1.0,
      "FadeOutTime": -1.0,
      "Segments": [
        0,
        1,
        2,
        0.5,
        1,
        0,
        0.833,
        0,
        0,
        1.167,
        1,
        2,
        2.267,
        1,
        0,
        2.767,
        0.8,
        0,
        3.5,
        1,
        2,
        4,
        1
      ]
    },
    {
      "Target": "Parameter",
      "Id": "ParamEyeBallX",
      "FadeInTime": -1.0,
      "FadeOutTime": -1.0,
      "Segments": [
        0,
        0,
        0,
        0.9,
        0.2,
        0,
        2.633,
        -0.2,
        1,
        2.922,
        -0.2,
        3.211,
        -0.131,
        3.5,
        0,
        1,
        3.667,
        0.075,
        3.833,
        0.129,
        4,
        0.161
      ]
    },
    {
      "Target": "Parameter",
      "Id": "ParamEyeBallY",
      "FadeInTime": -1.0,
      "FadeOutTime": -1.0,
      "Segments": [
        0,
        0,
        0,
        0.9,
        -0.1,
        0,
        2.633,
        0.3,
        1,
        2.922,
        0.3,
        3.211,
        0.096,
        3.5,
        0,
        1,
        3.667,
        -0.056,
        3.833,
        -0.08,
        4,
        -0.091
      ]
    },
    {
      "Target": "Parameter",
      "Id": "Parameyeshizi",
      "FadeInTime": -1.0,
      "FadeOutTime": -1.0,
      "Segments": [
        0,
        0,
        2,
        0.5,
        0,
        0,
        0.833,
        1,
        0,
        1.167,
        -1,
        0,
        1.4,
        0.361,
        0,
        1.567,
        -0.2,
        0,
        1.633,
        0,
        2,
        3.5,
        0,
        2,
        4,
        0
      ]
    },
    {
      "Target": "Parameter",
      "Id": "Paramurrrr",
      "FadeInTime": -1.0,
      "FadeOutTime": -1.0,
      "Segments": [
        0,
        0,
        2,
        0.5,
        0,
        2,
        0.833,
        0,
        0,
        1.167,
        -0.2,
        0,
        1.4,
        0.1,
        0,
        1.567,
        -0.1,
        0,
        1.733,
        0.1,
        0,
        1.9,
        -0.1,
        0,
        2.1,
        0.06,
        0,
        2.3,
        -0.038,
        0,
        2.533,
        0.029,
        0,
        2.867,
        -0.014,
        0,
        3.167,
        0,
        2,
        3.5,
        0,
        2,
        4,
        0
      ]
    },
    {
      "Target": "Parameter",
      "Id": "ParamBrowLX",
      "FadeInTime": -1.0,
      "FadeOutTime": -1.0,
      "Segments": [
        0,
        0,
        2,
        0.5,
        0,
        0,
        0.833,
        0.274,
        0,
        1.167,
        0,
        2,
        2.267,
        0,
        0,
        2.767,
        0.082,
        1,
        3.011,
        0.055,
        3.256,
        0.027,
        3.5,
        0,
        2,
        4,
        0
      ]
    },
    {
      "Target": "Parameter",
      "Id": "ParamBrowLY",
      "FadeInTime": -1.0,
      "FadeOutTime": -1.0,
      "Segments": [
        0,
        0,
        2,
        0.5,
        0,
        0,
        0.833,
        -1,
        0,
        1.167,
        0,
        2,
        2.267,
        0,
        0,
        2.767,
        -0.3,
        1,
        3.011,
        -0.2,
        3.256,
        -0.1,
        3.5,
        0,
        2,
        4,
        0
      ]
    },
    {
      "Target": "Parameter",
      "Id": "ParamBrowRY",
      "FadeInTime": -1.0,
      "FadeOutTime": -1.0,
      "Segments": [
        0,
        0,
        2,
        0.5,
        0,
        0,
        0.833,
        -0.8,
        0,
        1.167,
        0,
        2,
        2.267,
        0,
        0,
        2.767,
        -0.174,
        0,
        3.5,
        0,
        2,
        4,
        0
      ]
    },
    {
      "Target": "Parameter",
      "Id": "ParamBrowLAngle",
      "FadeInTime": -1.0,
      "FadeOutTime": -1.0,
      "Segments": [
        0,
        0,
        2,
        0.5,
        0,
        0,
        0.833,
        0.498,
        1,
        0.944,
        0.332,
        1.056,
        0.166,
        1.167,
        0,
        2,
        2.267,
        0,
        0,
        2.767,
        0.149,
        1,
        3.011,
        0.099,
        3.256,
        0.05,
        3.5,
        0,
        2,
        4,
        0
      ]
    },
    {
      "Target": "Parameter",
      "Id": "ParamBrowRAngle",
      "FadeInTime": -1.0,
      "FadeOutTime": -1.0,
      "Segments": [
        0,
        0,
        2,
        0.5,
        0,
        0,
        0.833,
        -0.3,
        0,
        1.167,
        0,
        2,
        2.267,
        0,
        0,
        2.767,
        -0.065,
        0,
        3.5,
        0,
        2,
        4,
        0
      ]
    },
    {
      "Target": "Parameter",
      "Id": "ParamMouthForm",
      "FadeInTime": -1.0,
      "FadeOutTime": -1.0,
      "Segments": [
        0,
        0,
        0,
        0.5,
        -0.3,
        1,
        1.5,
        -0.3,
        2.5,
        -0.23,
        3.5,
        0,
        1,
        3.667,
        0.038,
        3.833,
        0.5,
        4,
        0.5
      ]
    },
    {
      "Target": "Parameter",
      "Id": "Paramdcx",
      "FadeInTime": -1.0,
      "FadeOutTime": -1.0,
      "Segments": [
        0,
        0,
        0,
        0.833,
        -0.4,
        0,
        2.6,
        0.4,
        1,
        2.9,
        0.4,
        3.2,
        0.262,
        3.5,
        0,
        1,
        3.667,
        -0.145,
        3.833,
        -0.25,
        4,
        -0.315
      ]
    },
    {
      "Target": "Parameter",
      "Id": "Paramdcy",
      "FadeInTime": -1.0,
      "FadeOutTime": -1.0,
      "Segments": [
        0,
        -0.4,
        0,
        0.833,
        0,
        0,
        1.733,
        -0.4,
        0,
        2.6,
        0,
        0,
        3.5,
        -0.4,
        1,
        3.667,
        -0.4,
        3.833,
        -0.285,
        4,
        -0.179
      ]
    },
    {
      "Target": "Parameter",
      "Id": "Paramdczuoyou",
      "FadeInTime": -1.0,
      "FadeOutTime": -1.0,
      "Segments": [
        0,
        0,
        0,
        0.833,
        -0.3,
        0,
        2.6,
        0.3,
        1,
        2.9,
        0.3,
        3.2,
        0.196,
        3.5,
        0,
        1,
        3.667,
        -0.109,
        3.833,
        -0.187,
        4,
        -0.237
      ]
    },
    {
      "Target": "Parameter",
      "Id": "ParamBodyAngleX",
      "FadeInTime": -1.0,
      "FadeOutTime": -1.0,
      "Segments": [
        0,
        0,
        0,
        0.567,
        -3,
        0,
        1.1,
        4,
        0,
        1.8,
        -3,
        0,
        2.2,
        2,
        1,
        2.633,
        2,
        3.067,
        1.36,
        3.5,
        0,
        1,
        3.667,
        -0.523,
        3.833,
        -0.972,
        4,
        -1.347
      ]
    },
    {
      "Target": "Parameter",
      "Id": "ParamBodyAngleY",
      "FadeInTime": -1.0,
      "FadeOutTime": -1.0,
      "Segments": [
        0,
        0,
        0,
        0.6,
        -6,
        1,
        1.078,
        -6,
        1.555,
        -3.743,
        2.033,
        -2,
        1,
        2.522,
        -0.217,
        3.011,
        0,
        3.5,
        0,
        2,
        4,
        0
      ]
    },
    {
      "Target": "Parameter",
      "Id": "Parambdx",
      "FadeInTime": -1.0,
      "FadeOutTime": -1.0,
      "Segments": [
        0,
        0,
        0,
        0.567,
        -3,
        0,
        1.1,
        4,
        0,
        1.8,
        -3,
        0,
        2.2,
        2,
        1,
        2.633,
        2,
        3.067,
        1.36,
        3.5,
        0,
        1,
        3.667,
        -0.523,
        3.833,
        -0.972,
        4,
        -1.347
      ]
    },
    {
      "Target": "Parameter",
      "Id": "Parambdy",
      "FadeInTime": -1.0,
      "FadeOutTime": -1.0,
      "Segments": [
        0,
        0,
        0,
        0.6,
        -6,
        1,
        1.078,
        -6,
        1.555,
        -3.743,
        2.033,
        -2,
        1,
        2.522,
        -0.217,
        3.011,
        0,
        3.5,
        0,
        2,
        4,
        0
      ]
    },
    {
      "Target": "Parameter",
      "Id": "Parampigu",
      "FadeInTime": -1.0,
      "FadeOutTime": -1.0,
      "Segments": [
        0,
        0,
        0,
        0.633,
        -5.873,
        0,
        1.167,
        7.229,
        0,
        1.867,
        -7.353,
        0,
        2.267,
        7.36,
        0,
        3.5,
        0,
        1,
        3.667,
        0,
        3.833,
        0.606,
        4,
        1.46
      ]
    },
    {
      "Target": "Parameter",
      "Id": "ParamBreath",
      "FadeInTime": -1.0,
      "FadeOutTime": -1.0,
      "Segments": [
        0,
        0,
        2,
        3.5,
        0,
        1,
        3.667,
        0,
        3.833,
        0.055,
        4,
        0.139
      ]
    },
    {
      "Target": "Parameter",
      "Id": "Parampsr",
      "FadeInTime": -1.0,
      "FadeOutTime": -1.0,
      "Segments": [
        0,
        0,
        0,
        0.567,
        -1,
        0,
        1.267,
        1,
        0,
        2.133,
        -1,
        0,
        2.833,
        1,
        0,
        3.5,
        -1,
        2,
        4,
        -1
      ]
    },
    {
      "Target": "Parameter",
      "Id": "ParamHairFront",
      "FadeInTime": -1.0,
      "FadeOutTime": -1.0,
      "Segments": [
        0,
        -0.005,
        0,
        0.333,
        0.294,
        0,
        0.833,
        -0.405,
        0,
        1.533,
        0.188,
        0,
        2.367,
        -0.25,
        0,
        3,
        0.303,
        0,
        3.567,
        -0.208,
        0,
        3.933,
        0.061,
        1,
        3.955,
        0.061,
        3.978,
        0.058,
        4,
        0.052
      ]
    },
    {
      "Target": "Parameter",
      "Id": "Paramhfy",
      "FadeInTime": -1.0,
      "FadeOutTime": -1.0,
      "Segments": [
        0,
        -0.002,
        0,
        0.2,
        -0.117,
        0,
        0.6,
        0.357,
        0,
        1.033,
        -0.374,
        0,
        1.767,
        0.142,
        0,
        2.2,
        0.083,
        0,
        2.233,
        0.084,
        0,
        2.6,
        -0.267,
        0,
        3.267,
        0.327,
        0,
        3.767,
        -0.2,
        1,
        3.845,
        -0.2,
        3.922,
        -0.094,
        4,
        -0.017
      ]
    },
    {
      "Target": "Parameter",
      "Id": "Param",
      "FadeInTime": -1.0,
      "FadeOutTime": -1.0,
      "Segments": [
        0,
        0.736,
        1,
        0.278,
        0.736,
        0.555,
        0.472,
        0.833,
        0.003,
        1,
        1.133,
        -0.503,
        1.433,
        -0.73,
        1.733,
        -0.73,
        1,
        2.022,
        -0.73,
        2.311,
        -0.478,
        2.6,
        0.002,
        1,
        2.9,
        0.499,
        3.2,
        0.736,
        3.5,
        0.736,
        1,
        3.667,
        0.736,
        3.833,
        0.654,
        4,
        0.508
      ]
    },
    {
      "Target": "Parameter",
      "Id": "Param2",
      "FadeInTime": -1.0,
      "FadeOutTime": -1.0,
      "Segments": [
        0,
        0.002,
        0,
        0.833,
        0.736,
        1,
        1.133,
        0.736,
        1.433,
        0.499,
        1.733,
        0.002,
        1,
        2.022,
        -0.478,
        2.311,
        -0.73,
        2.6,
        -0.73,
        1,
        2.9,
        -0.73,
        3.2,
        -0.478,
        3.5,
        0.002,
        1,
        3.667,
        0.268,
        3.833,
        0.46,
        4,
        0.58
      ]
    },
    {
      "Target": "Parameter",
      "Id": "ParamHairBack",
      "FadeInTime": -1.0,
      "FadeOutTime": -1.0,
      "Segments": [
        0,
        0,
        0,
        0.833,
        -0.494,
        1,
        1.133,
        -0.494,
        1.433,
        -0.339,
        1.733,
        0,
        1,
        2.022,
        0.326,
        2.311,
        0.505,
        2.6,
        0.505,
        1,
        2.9,
        0.505,
        3.2,
        0.327,
        3.5,
        0,
        1,
        3.667,
        -0.181,
        3.833,
        -0.31,
        4,
        -0.391
      ]
    },
    {
      "Target": "Parameter",
      "Id": "Paramhoufay",
      "FadeInTime": -1.0,
      "FadeOutTime": -1.0,
      "Segments": [
        0,
        0.518,
        1,
        0.278,
        0.518,
        0.555,
        0.328,
        0.833,
        0,
        1,
        1.133,
        -0.354,
        1.433,
        -0.508,
        1.733,
        -0.508,
        1,
        2.022,
        -0.508,
        2.311,
        -0.335,
        2.6,
        0,
        1,
        2.9,
        0.348,
        3.2,
        0.518,
        3.5,
        0.518,
        1,
        3.667,
        0.518,
        3.833,
        0.458,
        4,
        0.356
      ]
    },
    {
      "Target": "Parameter",
      "Id": "Paramhoufabx",
      "FadeInTime": -1.0,
      "FadeOutTime": -1.0,
      "Segments": [
        0,
        0,
        0,
        0.833,
        -0.494,
        1,
        1.133,
        -0.494,
        1.433,
        -0.339,
        1.733,
        0,
        1,
        2.022,
        0.326,
        2.311,
        0.505,
        2.6,
        0.505,
        1,
        2.9,
        0.505,
        3.2,
        0.327,
        3.5,
        0,
        1,
        3.667,
        -0.181,
        3.833,
        -0.31,
        4,
        -0.391
      ]
    },
    {
      "Target": "Parameter",
      "Id": "Paramdcfx",
      "FadeInTime": -1.0,
      "FadeOutTime": -1.0,
      "Segments": [
        0,
        0.522,
        1,
        0.278,
        0.522,
        0.555,
        0.334,
        0.833,
        0.002,
        1,
        1.133,
        -0.357,
        1.433,
        -0.517,
        1.733,
        -0.517,
        1,
        2.022,
        -0.517,
        2.311,
        -0.338,
        2.6,
        0.002,
        1,
        2.9,
        0.355,
        3.2,
        0.522,
        3.5,
        0.522,
        1,
        3.667,
        0.522,
        3.833,
        0.463,
        4,
        0.36
      ]
    },
    {
      "Target": "Parameter",
      "Id": "Paramdcfy",
      "FadeInTime": -1.0,
      "FadeOutTime": -1.0,
      "Segments": [
        0,
        0.002,
        0,
        0.833,
        0.522,
        1,
        1.133,
        0.522,
        1.433,
        0.355,
        1.733,
        0.002,
        1,
        2.022,
        -0.338,
        2.311,
        -0.517,
        2.6,
        -0.517,
        1,
        2.9,
        -0.517,
        3.2,
        -0.338,
        3.5,
        0.002,
        1,
        3.667,
        0.191,
        3.833,
        0.327,
        4,
        0.412
      ]
    },
    {
      "Target": "Parameter",
      "Id": "Param_Angle_Rotation_2_ArtMesh73",
      "FadeInTime": -1.0,
      "FadeOutTime": -1.0,
      "Segments": [
        0,
        0,
        2,
        0.033,
        0,
        0,
        0.367,
        6.874,
        0,
        0.867,
        -9.054,
        0,
        1.6,
        4.295,
        0,
        2.367,
        -5.725,
        0,
        3.067,
        7.786,
        0,
        3.6,
        -4.328,
        0,
        4,
        0.547
      ]
    },
    {
      "Target": "Parameter",
      "Id": "Param_Angle_Rotation_3_ArtMesh73",
      "FadeInTime": -1.0,
      "FadeOutTime": -1.0,
      "Segments": [
        0,
        0,
        2,
        0.033,
        0,
        0,
        0.233,
        -3.038,
        0,
        0.667,
        5.411,
        0,
        1.067,
        -4.476,
        0,
        1.767,
        1.441,
        0,
        2.033,
        0.673,
        0,
        2.3,
        1.917,
        0,
        2.633,
        -3.435,
        0,
        3.267,
        3.811,
        0,
        3.767,
        -3.203,
        1,
        3.845,
        -3.203,
        3.922,
        -1.607,
        4,
        -0.277
      ]
    },
    {
      "Target": "Parameter",
      "Id": "Param_Angle_Rotation_4_ArtMesh73",
      "FadeInTime": -1.0,
      "FadeOutTime": -1.0,
      "Segments": [
        0,
        0,
        2,
        0.067,
        0,
        0,
        0.367,
        -2.731,
        0,
        0.767,
        6.469,
        0,
        1.2,
        -6.109,
        0,
        1.8,
        1.716,
        0,
        2.167,
        0.592,
        0,
        2.4,
        1.542,
        0,
        2.8,
        -4.032,
        0,
        3.4,
        4.305,
        0,
        3.9,
        -4,
        1,
        3.933,
        -4,
        3.967,
        -3.599,
        4,
        -2.998
      ]
    },
    {
      "Target": "Parameter",
      "Id": "Param_Angle_Rotation_5_ArtMesh73",
      "FadeInTime": -1.0,
      "FadeOutTime": -1.0,
      "Segments": [
        0,
        -0.108,
        0,
        0.033,
        -0.115,
        0,
        0.133,
        -0.084,
        0,
        0.467,
        -2.784,
        0,
        0.9,
        7.521,
        0,
        1.333,
        -8.085,
        0,
        1.8,
        3.022,
        0,
        2.267,
        0.272,
        0,
        2.5,
        1.33,
        0,
        2.933,
        -4.671,
        0,
        3.5,
        5.044,
        0,
        4,
        -5.057
      ]
    },
    {
      "Target": "Parameter",
      "Id": "Param_Angle_Rotation_6_ArtMesh73",
      "FadeInTime": -1.0,
      "FadeOutTime": -1.0,
      "Segments": [
        0,
        0.384,
        0,
        0.567,
        -2.782,
        0,
        1,
        8.609,
        0,
        1.433,
        -10.434,
        0,
        1.9,
        5.374,
        0,
        2.333,
        -0.579,
        0,
        2.633,
        1.348,
        0,
        3.033,
        -5.394,
        0,
        3.567,
        6.242,
        1,
        3.711,
        6.242,
        3.856,
        -2.063,
        4,
        -5.177
      ]
    },
    {
      "Target": "Parameter",
      "Id": "Param_Angle_Rotation_7_ArtMesh73",
      "FadeInTime": -1.0,
      "FadeOutTime": -1.0,
      "Segments": [
        0,
        0.188,
        0,
        0.133,
        0.583,
        0,
        0.667,
        -2.933,
        0,
        1.133,
        9.697,
        0,
        1.567,
        -13.126,
        0,
        2,
        8.419,
        0,
        2.433,
        -2.194,
        0,
        2.767,
        1.669,
        0,
        3.167,
        -6.255,
        0,
        3.667,
        7.932,
        1,
        3.778,
        7.932,
        3.889,
        1.737,
        4,
        -2.909
      ]
    },
    {
      "Target": "Model",
      "Id": "Opacity",
      "FadeInTime": -1.0,
      "FadeOutTime": -1.0,
      "Segments": [
        0,
        1,
        0,
        4,
        1
      ]
    },
    {
      "Target": "Parameter",
      "Id": "Param20",
      "FadeInTime": -1.0,
      "FadeOutTime": -1.0,
      "Segments": [
        0,
        0,
        0,
        4,
        0
      ]
    },
    {
      "Target": "Parameter",
      "Id": "Paramyouzhangqie",
      "FadeInTime": -1.0,
      "FadeOutTime": -1.0,
      "Segments": [
        0,
        0,
        0,
        4,
        0
      ]
    },
    {
      "Target": "Parameter",
      "Id": "Paramshutc",
      "FadeInTime": -1.0,
      "FadeOutTime": -1.0,
      "Segments": [
        0,
        0,
        0,
        4,
        0
      ]
    },
    {
      "Target": "Parameter",
      "Id": "Paramshutm",
      "FadeInTime": -1.0,
      "FadeOutTime": -1.0,
      "Segments": [
        0,
        1,
        0,
        4,
        1
      ]
    },
    {
      "Target": "Parameter",
      "Id": "Paramxinftm",
      "FadeInTime": -1.0,
      "FadeOutTime": -1.0,
      "Segments": [
        0,
        0,
        0,
        4,
        0
      ]
    },
    {
      "Target": "Parameter",
      "Id": "Paramxinfxz",
      "FadeInTime": -1.0,
      "FadeOutTime": -1.0,
      "Segments": [
        0,
        0,
        0,
        4,
        0
      ]
    },
    {
      "Target": "Parameter",
      "Id": "xiaoyanwu1",
      "FadeInTime": -1.0,
      "FadeOutTime": -1.0,
      "Segments": [
        0,
        0,
        0,
        4,
        0
      ]
    },
    {
      "Target": "Parameter",
      "Id": "Paramwuzitm",
      "FadeInTime": -1.0,
      "FadeOutTime": -1.0,
      "Segments": [
        0,
        0,
        0,
        4,
        0
      ]
    },
    {
      "Target": "Parameter",
      "Id": "Paramaixintm",
      "FadeInTime": -1.0,
      "FadeOutTime": -1.0,
      "Segments": [
        0,
        0,
        0,
        4,
        0
      ]
    },
    {
      "Target": "Parameter",
      "Id": "Paramaixin",
      "FadeInTime": -1.0,
      "FadeOutTime": -1.0,
      "Segments": [
        0,
        0,
        0,
        4,
        0
      ]
    },
    {
      "Target": "Parameter",
      "Id": "Paramxiongdai1",
      "FadeInTime": -1.0,
      "FadeOutTime": -1.0,
      "Segments": [
        0,
        0,
        0,
        4,
        0
      ]
    },
    {
      "Target": "Parameter",
      "Id": "Param28",
      "FadeInTime": -1.0,
      "FadeOutTime": -1.0,
      "Segments": [
        0,
        0,
        0,
        4,
        0
      ]
    },
    {
      "Target": "Parameter",
      "Id": "Paramdct",
      "FadeInTime": -1.0,
      "FadeOutTime": -1.0,
      "Segments": [
        0,
        0.7,
        0,
        4,
        0.7
      ]
    },
    {
      "Target": "Parameter",
      "Id": "Paramzuoshangbixz",
      "FadeInTime": -1.0,
      "FadeOutTime": -1.0,
      "Segments": [
        0,
        0,
        0,
        4,
        0
      ]
    },
    {
      "Target": "Parameter",
      "Id": "Paramzuoshangbiss",
      "FadeInTime": -1.0,
      "FadeOutTime": -1.0,
      "Segments": [
        0,
        0,
        0,
        4,
        0
      ]
    },
    {
      "Target": "Parameter",
      "Id": "Paramzuoxiabxz",
      "FadeInTime": -1.0,
      "FadeOutTime": -1.0,
      "Segments": [
        0,
        0,
        0,
        4,
        0
      ]
    },
    {
      "Target": "Parameter",
      "Id": "Paramzuoxiabss",
      "FadeInTime": -1.0,
      "FadeOutTime": -1.0,
      "Segments": [
        0,
        0,
        0,
        4,
        0
      ]
    },
    {
      "Target": "Parameter",
      "Id": "Paramzuoshouzxz",
      "FadeInTime": -1.0,
      "FadeOutTime": -1.0,
      "Segments": [
        0,
        0,
        0,
        4,
        0
      ]
    },
    {
      "Target": "Parameter",
      "Id": "Paramcefal",
      "FadeInTime": -1.0,
      "FadeOutTime": -1.0,
      "Segments": [
        0,
        0,
        0,
        4,
        0
      ]
    },
    {
      "Target": "Parameter",
      "Id": "Paramzuoshouq",
      "FadeInTime": -1.0,
      "FadeOutTime": -1.0,
      "Segments": [
        0,
        0,
        0,
        4,
        0
      ]
    },
    {
      "Target": "Parameter",
      "Id": "Paramzuoshoutc",
      "FadeInTime": -1.0,
      "FadeOutTime": -1.0,
      "Segments": [
        0,
        0,
        0,
        4,
        0
      ]
    },
    {
      "Target": "Parameter",
      "Id": "Paramzuoxiabqie",
      "FadeInTime": -1.0,
      "FadeOutTime": -1.0,
      "Segments": [
        0,
        0,
        0,
        4,
        0
      ]
    },
    {
      "Target": "Parameter",
      "Id": "Paramzuoshangbqie",
      "FadeInTime": -1.0,
      "FadeOutTime": -1.0,
      "Segments": [
        0,
        1,
        0,
        4,
        1
      ]
    },
    {
      "Target": "Parameter",
      "Id": "Paramzuoshoulitouf",
      "FadeInTime": -1.0,
      "FadeOutTime": -1.0,
      "Segments": [
        0,
        1,
        0,
        4,
        1
      ]
    },
    {
      "Target": "Parameter",
      "Id": "ParamRrr",
      "FadeInTime": -1.0,
      "FadeOutTime": -1.0,
      "Segments": [
        0,
        0,
        0,
        4,
        0
      ]
    },
    {
      "Target": "Parameter",
      "Id": "ParamEyeLSmile",
      "FadeInTime": -1.0,
      "FadeOutTime": -1.0,
      "Segments": [
        0,
        0,
        0,
        4,
        0
      ]
    },
    {
      "Target": "Parameter",
      "Id": "ParamEyeRSmile",
      "FadeInTime": -1.0,
      "FadeOutTime": -1.0,
      "Segments": [
        0,
        0,
        0,
        4,
        0
      ]
    },
    {
      "Target": "Parameter",
      "Id": "Paramleitm",
      "FadeInTime": -1.0,
      "FadeOutTime": -1.0,
      "Segments": [
        0,
        0,
        0,
        4,
        0
      ]
    },
    {
      "Target": "Parameter",
      "Id": "Parameyetm",
      "FadeInTime": -1.0,
      "FadeOutTime": -1.0,
      "Segments": [
        0,
        1,
        0,
        4,
        1
      ]
    },
    {
      "Target": "Parameter",
      "Id": "Parameyeqq",
      "FadeInTime": -1.0,
      "FadeOutTime": -1.0,
      "Segments": [
        0,
        0,
        0,
        4,
        0
      ]
    },
    {
      "Target": "Parameter",
      "Id": "Parameyeqie",
      "FadeInTime": -1.0,
      "FadeOutTime": -1.0,
      "Segments": [
        0,
        0,
        0,
        4,
        0
      ]
    },
    {
      "Target": "Parameter",
      "Id": "Paramtkdx",
      "FadeInTime": -1.0,
      "FadeOutTime": -1.0,
      "Segments": [
        0,
        0,
        0,
        4,
        0
      ]
    },
    {
      "Target": "Parameter",
      "Id": "Parameyeliqie",
      "FadeInTime": -1.0,
      "FadeOutTime": -1.0,
      "Segments": [
        0,
        0,
        0,
        4,
        0
      ]
    },
    {
      "Target": "Parameter",
      "Id": "ParamBrowRX",
      "FadeInTime": -1.0,
      "FadeOutTime": -1.0,
      "Segments": [
        0,
        0,
        0,
        4,
        0
      ]
    },
    {
      "Target": "Parameter",
      "Id": "ParamBrowLForm",
      "FadeInTime": -1.0,
      "FadeOutTime": -1.0,
      "Segments": [
        0,
        0,
        0,
        4,
        0
      ]
    },
    {
      "Target": "Parameter",
      "Id": "ParamBrowRForm",
      "FadeInTime": -1.0,
      "FadeOutTime": -1.0,
      "Segments": [
        0,
        0,
        0,
        4,
        0
      ]
    },
    {
      "Target": "Parameter",
      "Id": "Paramzuistm",
      "FadeInTime": -1.0,
      "FadeOutTime": -1.0,
      "Segments": [
        0,
        0,
        0,
        4,
        0
      ]
    },
    {
      "Target": "Parameter",
      "Id": "Paramzuizidtm",
      "FadeInTime": -1.0,
      "FadeOutTime": -1.0,
      "Segments": [
        0,
        1,
        0,
        4,
        1
      ]
    },
    {
      "Target": "Parameter",
      "Id": "ParamCheek",
      "FadeInTime": -1.0,
      "FadeOutTime": -1.0,
      "Segments": [
        0,
        0,
        0,
        4,
        0
      ]
    },
    {
      "Target": "Parameter",
      "Id": "Parammaoqitm",
      "FadeInTime": -1.0,
      "FadeOutTime": -1.0,
      "Segments": [
        0,
        0,
        0,
        4,
        0
      ]
    },
    {
      "Target": "Parameter",
      "Id": "Paramgl",
      "FadeInTime": -1.0,
      "FadeOutTime": -1.0,
      "Segments": [
        0,
        0,
        0,
        4,
        0
      ]
    },
    {
      "Target": "Parameter",
      "Id": "Paramqi1",
      "FadeInTime": -1.0,
      "FadeOutTime": -1.0,
      "Segments": [
        0,
        0,
        0,
        4,
        0
      ]
    },
    {
      "Target": "Parameter",
      "Id": "Paramqi2",
      "FadeInTime": -1.0,
      "FadeOutTime": -1.0,
      "Segments": [
        0,
        0,
        0,
        4,
        0
      ]
    },
    {
      "Target": "Parameter",
      "Id": "Paramqi3",
      "FadeInTime": -1.0,
      "FadeOutTime": -1.0,
      "Segments": [
        0,
        0,
        0,
        4,
        0
      ]
    },
    {
      "Target": "Parameter",
      "Id": "Paramqi4",
      "FadeInTime": -1.0,
      "FadeOutTime": -1.0,
      "Segments": [
        0,
        0,
        0,
        4,
        0
      ]
    },
    {
      "Target": "Parameter",
      "Id": "Paramdks",
      "FadeInTime": -1.0,
      "FadeOutTime": -1.0,
      "Segments": [
        0,
        0,
        0,
        4,
        0
      ]
    },
    {
      "Target": "Parameter",
      "Id": "Paramshetou",
      "FadeInTime": -1.0,
      "FadeOutTime": -1.0,
      "Segments": [
        0,
        0,
        0,
        4,
        0
      ]
    },
    {
      "Target": "Parameter",
      "Id": "Paramptp",
      "FadeInTime": -1.0,
      "FadeOutTime": -1.0,
      "Segments": [
        0,
        0,
        0,
        4,
        0
      ]
    },
    {
      "Target": "Parameter",
      "Id": "Paramquan",
      "FadeInTime": -1.0,
      "FadeOutTime": -1.0,
      "Segments": [
        0,
        0,
        0,
        4,
        0
      ]
    },
    {
      "Target": "Parameter",
      "Id": "Paramquantm",
      "FadeInTime": -1.0,
      "FadeOutTime": -1.0,
      "Segments": [
        0,
        0,
        0,
        4,
        0
      ]
    },
    {
      "Target": "Parameter",
      "Id": "Paramtouxingx",
      "FadeInTime": -1.0,
      "FadeOutTime": -1.0,
      "Segments": [
        0,
        0,
        0,
        4,
        0
      ]
    },
    {
      "Target": "Parameter",
      "Id": "Paramtxtm",
      "FadeInTime": -1.0,
      "FadeOutTime": -1.0,
      "Segments": [
        0,
        0,
        0,
        4,
        0
      ]
    },
    {
      "Target": "Parameter",
      "Id": "Paramdjj",
      "FadeInTime": -1.0,
      "FadeOutTime": -1.0,
      "Segments": [
        0,
        0,
        0,
        4,
        0
      ]
    },
    {
      "Target": "Parameter",
      "Id": "koushuishangxia",
      "FadeInTime": -1.0,
      "FadeOutTime": -1.0,
      "Segments": [
        0,
        0,
        0,
        4,
        0
      ]
    },
    {
      "Target": "Parameter",
      "Id": "koushuizuoyou",
      "FadeInTime": -1.0,
      "FadeOutTime": -1.0,
      "Segments": [
        0,
        0,
        0,
        4,
        0
      ]
    },
    {
      "Target": "Parameter",
      "Id": "koushuijiaodu",
      "FadeInTime": -1.0,
      "FadeOutTime": -1.0,
      "Segments": [
        0,
        0,
        0,
        4,
        0
      ]
    },
    {
      "Target": "Parameter",
      "Id": "koushuiyaobai",
      "FadeInTime": -1.0,
      "FadeOutTime": -1.0,
      "Segments": [
        0,
        0,
        0,
        4,
        0
      ]
    },
    {
      "Target": "Parameter",
      "Id": "koushuichangduan",
      "FadeInTime": -1.0,
      "FadeOutTime": -1.0,
      "Segments": [
        0,
        0,
        0,
        4,
        0
      ]
    },
    {
      "Target": "Parameter",
      "Id": "Paramkoushuiyasuo",
      "FadeInTime": -1.0,
      "FadeOutTime": -1.0,
      "Segments": [
        0,
        0,
        0,
        4,
        0
      ]
    },
    {
      "Target": "Parameter",
      "Id": "ParamBodyAngleZ",
      "FadeInTime": -1.0,
      "FadeOutTime": -1.0,
      "Segments": [
        0,
        0,
        0,
        4,
        0
      ]
    },
    {
      "Target": "Parameter",
      "Id": "ParamHairSide",
      "FadeInTime": -1.0,
      "FadeOutTime": -1.0,
      "Segments": [
        0,
        0,
        0,
        4,
        0
      ]
    },
    {
      "Target": "PartOpacity",
      "Id": "Part",
      "FadeInTime": -1.0,
      "FadeOutTime": -1.0,
      "Segments": [
        0,
        1,
        0,
        4,
        1
      ]
    },
    {
      "Target": "PartOpacity",
      "Id": "Part2",
      "FadeInTime": -1.0,
      "FadeOutTime": -1.0,
      "Segments": [
        0,
        1,
        0,
        4,
        1
      ]
    },
    {
      "Target": "PartOpacity",
      "Id": "Part3",
      "FadeInTime": -1.0,
      "FadeOutTime": -1.0,
      "Segments": [
        0,
        1,
        0,
        4,
        1
      ]
    },
    {
      "Target": "PartOpacity",
      "Id": "dc",
      "FadeInTime": -1.0,
      "FadeOutTime": -1.0,
      "Segments": [
        0,
        1,
        0,
        4,
        1
      ]
    },
    {
      "Target": "PartOpacity",
      "Id": "Part4",
      "FadeInTime": -1.0,
      "FadeOutTime": -1.0,
      "Segments": [
        0,
        1,
        0,
        4,
        1
      ]
    },
    {
      "Target": "PartOpacity",
      "Id": "Part5",
      "FadeInTime": -1.0,
      "FadeOutTime": -1.0,
      "Segments": [
        0,
        1,
        0,
        4,
        1
      ]
    },
    {
      "Target": "PartOpacity",
      "Id": "Part6",
      "FadeInTime": -1.0,
      "FadeOutTime": -1.0,
      "Segments": [
        0,
        1,
        0,
        4,
        1
      ]
    },
    {
      "Target": "PartOpacity",
      "Id": "Part7",
      "FadeInTime": -1.0,
      "FadeOutTime": -1.0,
      "Segments": [
        0,
        1,
        0,
        4,
        1
      ]
    },
    {
      "Target": "PartOpacity",
      "Id": "Part8",
      "FadeInTime": -1.0,
      "FadeOutTime": -1.0,
      "Segments": [
        0,
        1,
        0,
        4,
        1
      ]
    },
    {
      "Target": "PartOpacity",
      "Id": "Part9",
      "FadeInTime": -1.0,
      "FadeOutTime": -1.0,
      "Segments": [
        0,
        1,
        0,
        4,
        1
      ]
    },
    {
      "Target": "PartOpacity",
      "Id": "Part10",
      "FadeInTime": -1.0,
      "FadeOutTime": -1.0,
      "Segments": [
        0,
        1,
        0,
        4,
        1
      ]
    },
    {
      "Target": "PartOpacity",
      "Id": "Part11",
      "FadeInTime": -1.0,
      "FadeOutTime": -1.0,
      "Segments": [
        0,
        1,
        0,
        4,
        1
      ]
    },
    {
      "Target": "PartOpacity",
      "Id": "Part12",
      "FadeInTime": -1.0,
      "FadeOutTime": -1.0,
      "Segments": [
        0,
        1,
        0,
        4,
        1
      ]
    },
    {
      "Target": "PartOpacity",
      "Id": "Part13",
      "FadeInTime": -1.0,
      "FadeOutTime": -1.0,
      "Segments": [
        0,
        1,
        0,
        4,
        1
      ]
    },
    {
      "Target": "PartOpacity",
      "Id": "Part14",
      "FadeInTime": -1.0,
      "FadeOutTime": -1.0,
      "Segments": [
        0,
        1,
        0,
        4,
        1
      ]
    },
    {
      "Target": "PartOpacity",
      "Id": "Part15",
      "FadeInTime": -1.0,
      "FadeOutTime": -1.0,
      "Segments": [
        0,
        1,
        0,
        4,
        1
      ]
    },
    {
      "Target": "PartOpacity",
      "Id": "Part16",
      "FadeInTime": -1.0,
      "FadeOutTime": -1.0,
      "Segments": [
        0,
        1,
        0,
        4,
        1
      ]
    },
    {
      "Target": "PartOpacity",
      "Id": "Part17",
      "FadeInTime": -1.0,
      "FadeOutTime": -1.0,
      "Segments": [
        0,
        1,
        0,
        4,
        1
      ]
    },
    {
      "Target": "PartOpacity",
      "Id": "bq",
      "FadeInTime": -1.0,
      "FadeOutTime": -1.0,
      "Segments": [
        0,
        1,
        0,
        4,
        1
      ]
    },
    {
      "Target": "PartOpacity",
      "Id": "Part20",
      "FadeInTime": -1.0,
      "FadeOutTime": -1.0,
      "Segments": [
        0,
        1,
        0,
        4,
        1
      ]
    },
    {
      "Target": "PartOpacity",
      "Id": "Part21",
      "FadeInTime": -1.0,
      "FadeOutTime": -1.0,
      "Segments": [
        0,
        1,
        0,
        4,
        1
      ]
    },
    {
      "Target": "PartOpacity",
      "Id": "Part22",
      "FadeInTime": -1.0,
      "FadeOutTime": -1.0,
      "Segments": [
        0,
        1,
        0,
        4,
        1
      ]
    },
    {
      "Target": "PartOpacity",
      "Id": "Part23",
      "FadeInTime": -1.0,
      "FadeOutTime": -1.0,
      "Segments": [
        0,
        1,
        0,
        4,
        1
      ]
    },
    {
      "Target": "PartOpacity",
      "Id": "Part24",
      "FadeInTime": -1.0,
      "FadeOutTime": -1.0,
      "Segments": [
        0,
        1,
        0,
        4,
        1
      ]
    },
    {
      "Target": "PartOpacity",
      "Id": "dc1",
      "FadeInTime": -1.0,
      "FadeOutTime": -1.0,
      "Segments": [
        0,
        1,
        0,
        4,
        1
      ]
    },
    {
      "Target": "PartOpacity",
      "Id": "Part25",
      "FadeInTime": -1.0,
      "FadeOutTime": -1.0,
      "Segments": [
        0,
        1,
        0,
        4,
        1
      ]
    },
    {
      "Target": "PartOpacity",
      "Id": "Part26",
      "FadeInTime": -1.0,
      "FadeOutTime": -1.0,
      "Segments": [
        0,
        1,
        0,
        4,
        1
      ]
    },
    {
      "Target": "PartOpacity",
      "Id": "Part27",
      "FadeInTime": -1.0,
      "FadeOutTime": -1.0,
      "Segments": [
        0,
        1,
        0,
        4,
        1
      ]
    }
  ],
  "UserData": [
    {
      "Time": 0.0,
      "Value": ""
    },
    {
      "Time": 3.5,
      "Value": ""
    }
  ]
}