{
  "Version": 3,
  "Meta": {
    "Duration": 9.0,
    "Fps": 30.0,
    "Loop": true,
    "AreBeziersRestricted": true,
    "FadeInTime": 0.0,
    "FadeOutTime": 0.0,
    "CurveCount": 161,
    "TotalSegmentCount": 664,
    "TotalPointCount": 952,
    "UserDataCount": 1,
    "TotalUserDataSize": 0
  },
  "Curves": [
    {
      "Target": "Parameter",
      "Id": "Paramhua1",
      "FadeInTime": -1.0,
      "FadeOutTime": -1.0,
      "Segments": [
        0,
        0.2,
        1,
        3,
        0.502,
        6,
        0.804,
        9,
        1.106
      ]
    },
    {
      "Target": "Parameter",
      "Id": "Paramhua2",
      "FadeInTime": -1.0,
      "FadeOutTime": -1.0,
      "Segments": [
        0,
        0.6,
        1,
        3,
        0.902,
        6,
        1.204,
        9,
        1.506
      ]
    },
    {
      "Target": "Parameter",
      "Id": "Paramhua3",
      "FadeInTime": -1.0,
      "FadeOutTime": -1.0,
      "Segments": [
        0,
        0.9,
        1,
        3,
        1.202,
        6,
        1.504,
        9,
        1.806
      ]
    },
    {
      "Target": "Parameter",
      "Id": "Paramhuafanzhuan",
      "FadeInTime": -1.0,
      "FadeOutTime": -1.0,
      "Segments": [
        0,
        0,
        0,
        1,
        1,
        0,
        2,
        0,
        0,
        3.267,
        1,
        0,
        4.4,
        0,
        0,
        6.133,
        1,
        0,
        7.433,
        0,
        0,
        8.733,
        1,
        1,
        8.822,
        1,
        8.911,
        0.951,
        9,
        0.874
      ]
    },
    {
      "Target": "Parameter",
      "Id": "Paramhuafz2",
      "FadeInTime": -1.0,
      "FadeOutTime": -1.0,
      "Segments": [
        0,
        1,
        0,
        0.8,
        0,
        0,
        1.8,
        1,
        0,
        3,
        0,
        0,
        4.3,
        1,
        0,
        5.333,
        0,
        0,
        7,
        1,
        0,
        8.6,
        0,
        1,
        8.733,
        0,
        8.867,
        0.09,
        9,
        0.216
      ]
    },
    {
      "Target": "Parameter",
      "Id": "ParamlegLxz",
      "FadeInTime": -1.0,
      "FadeOutTime": -1.0,
      "Segments": [
        0,
        0,
        1,
        0.333,
        -1.803,
        0.667,
        -3,
        1,
        -3,
        0,
        3.367,
        3,
        0,
        5.5,
        -3,
        0,
        7.867,
        3,
        1,
        8.245,
        3,
        8.622,
        2.173,
        9,
        0
      ]
    },
    {
      "Target": "Parameter",
      "Id": "Paramjoxz",
      "FadeInTime": -1.0,
      "FadeOutTime": -1.0,
      "Segments": [
        0,
        0,
        1,
        0.333,
        0,
        0.667,
        -1.099,
        1,
        -3,
        1,
        1.367,
        -5.091,
        1.733,
        -6.002,
        2.1,
        -6.002,
        1,
        2.522,
        -6.002,
        2.945,
        -5.053,
        3.367,
        -3,
        1,
        3.767,
        -1.054,
        4.167,
        0,
        4.567,
        0,
        1,
        4.878,
        0,
        5.189,
        -1.175,
        5.5,
        -3,
        1,
        5.867,
        -5.15,
        6.233,
        -6.002,
        6.6,
        -6.002,
        1,
        7.022,
        -6.002,
        7.445,
        -5.105,
        7.867,
        -3,
        1,
        8.245,
        -1.116,
        8.622,
        0,
        9,
        0
      ]
    },
    {
      "Target": "Parameter",
      "Id": "ParamjoLbx",
      "FadeInTime": -1.0,
      "FadeOutTime": -1.0,
      "Segments": [
        0,
        0,
        1,
        0.333,
        3.057,
        0.667,
        5.129,
        1,
        5.129,
        1,
        1.367,
        5.129,
        1.733,
        3.137,
        2.1,
        0,
        1,
        2.522,
        -3.612,
        2.945,
        -5.058,
        3.367,
        -5.058,
        1,
        3.767,
        -5.058,
        4.167,
        -3.753,
        4.567,
        0,
        1,
        4.878,
        2.919,
        5.189,
        5.129,
        5.5,
        5.129,
        1,
        5.867,
        5.129,
        6.233,
        3.137,
        6.6,
        0,
        1,
        7.022,
        -3.612,
        7.445,
        -5.058,
        7.867,
        -5.058,
        1,
        8.245,
        -5.058,
        8.622,
        -3.683,
        9,
        0
      ]
    },
    {
      "Target": "Parameter",
      "Id": "ParamlegRxz",
      "FadeInTime": -1.0,
      "FadeOutTime": -1.0,
      "Segments": [
        0,
        0,
        1,
        0.378,
        -1.941,
        0.755,
        -3,
        1.133,
        -3,
        0,
        3.5,
        3,
        0,
        5.633,
        -3,
        0,
        8,
        3,
        1,
        8.333,
        3,
        8.667,
        2.066,
        9,
        0
      ]
    },
    {
      "Target": "Parameter",
      "Id": "Paramjorxz",
      "FadeInTime": -1.0,
      "FadeOutTime": -1.0,
      "Segments": [
        0,
        0,
        1,
        0.378,
        0,
        0.755,
        -0.97,
        1.133,
        -3,
        1,
        1.5,
        -4.97,
        1.866,
        -6.002,
        2.233,
        -6.002,
        1,
        2.655,
        -6.002,
        3.078,
        -5.053,
        3.5,
        -3,
        1,
        3.9,
        -1.054,
        4.3,
        0,
        4.7,
        0,
        1,
        5.011,
        0,
        5.322,
        -1.175,
        5.633,
        -3,
        1,
        6,
        -5.15,
        6.366,
        -6.002,
        6.733,
        -6.002,
        1,
        7.155,
        -6.002,
        7.578,
        -5.205,
        8,
        -3,
        1,
        8.333,
        -1.259,
        8.667,
        0,
        9,
        0
      ]
    },
    {
      "Target": "Parameter",
      "Id": "ParamjoRbx",
      "FadeInTime": -1.0,
      "FadeOutTime": -1.0,
      "Segments": [
        0,
        0,
        1,
        0.378,
        3.294,
        0.755,
        5.129,
        1.133,
        5.129,
        1,
        1.5,
        5.129,
        1.866,
        3.137,
        2.233,
        0,
        1,
        2.655,
        -3.612,
        3.078,
        -5.058,
        3.5,
        -5.058,
        1,
        3.9,
        -5.058,
        4.3,
        -3.753,
        4.7,
        0,
        1,
        5.011,
        2.919,
        5.322,
        5.129,
        5.633,
        5.129,
        1,
        6,
        5.129,
        6.366,
        3.137,
        6.733,
        0,
        1,
        7.155,
        -3.612,
        7.578,
        -5.058,
        8,
        -5.058,
        1,
        8.333,
        -5.058,
        8.667,
        -3.506,
        9,
        0
      ]
    },
    {
      "Target": "Parameter",
      "Id": "Paramyouxibxz",
      "FadeInTime": -1.0,
      "FadeOutTime": -1.0,
      "Segments": [
        0,
        0,
        1,
        0.311,
        0.285,
        0.622,
        0.501,
        0.933,
        0.501,
        0,
        3.3,
        -0.494,
        0,
        5.433,
        0.501,
        0,
        7.8,
        -0.494,
        1,
        8.2,
        -0.494,
        8.6,
        -0.366,
        9,
        0
      ]
    },
    {
      "Target": "Parameter",
      "Id": "Paramyoushouzxz",
      "FadeInTime": -1.0,
      "FadeOutTime": -1.0,
      "Segments": [
        0,
        -0.186,
        1,
        0.167,
        -0.092,
        0.333,
        -0.108,
        0.5,
        0,
        1,
        0.811,
        0.201,
        1.122,
        0.501,
        1.433,
        0.501,
        0,
        3.8,
        -0.494,
        0,
        5.933,
        0.501,
        0,
        8.3,
        -0.494,
        1,
        8.533,
        -0.494,
        8.767,
        -0.316,
        9,
        -0.186
      ]
    },
    {
      "Target": "Parameter",
      "Id": "Paramyouzhi2",
      "FadeInTime": -1.0,
      "FadeOutTime": -1.0,
      "Segments": [
        0,
        1,
        0,
        0.933,
        0.6,
        0,
        3.3,
        1,
        0,
        5.433,
        0.6,
        0,
        7.8,
        1,
        2,
        9,
        1
      ]
    },
    {
      "Target": "Parameter",
      "Id": "Paramyouzhi3",
      "FadeInTime": -1.0,
      "FadeOutTime": -1.0,
      "Segments": [
        0,
        1,
        0,
        0.933,
        0.5,
        0,
        3.3,
        1,
        0,
        5.433,
        0.5,
        0,
        7.8,
        1,
        2,
        9,
        1
      ]
    },
    {
      "Target": "Parameter",
      "Id": "Paramyouzhi4",
      "FadeInTime": -1.0,
      "FadeOutTime": -1.0,
      "Segments": [
        0,
        1,
        0,
        0.933,
        0.6,
        0,
        3.3,
        1,
        0,
        5.433,
        0.6,
        0,
        7.8,
        1,
        2,
        9,
        1
      ]
    },
    {
      "Target": "Parameter",
      "Id": "Paramyouzhi5",
      "FadeInTime": -1.0,
      "FadeOutTime": -1.0,
      "Segments": [
        0,
        1,
        0,
        0.933,
        0.6,
        0,
        3.3,
        1,
        0,
        5.433,
        0.6,
        0,
        7.8,
        1,
        2,
        9,
        1
      ]
    },
    {
      "Target": "Parameter",
      "Id": "Paramshuts",
      "FadeInTime": -1.0,
      "FadeOutTime": -1.0,
      "Segments": [
        0,
        0,
        1,
        0.311,
        -0.115,
        0.622,
        -0.2,
        0.933,
        -0.2,
        0,
        3.3,
        0.2,
        0,
        5.433,
        -0.2,
        0,
        7.8,
        0.2,
        1,
        8.2,
        0.2,
        8.6,
        0.148,
        9,
        0
      ]
    },
    {
      "Target": "Parameter",
      "Id": "Paramzuozhi1",
      "FadeInTime": -1.0,
      "FadeOutTime": -1.0,
      "Segments": [
        0,
        0,
        0,
        1,
        0.6,
        0,
        3.367,
        -0.6,
        0,
        5.5,
        0.5,
        0,
        7.867,
        -0.4,
        0,
        9,
        0
      ]
    },
    {
      "Target": "Parameter",
      "Id": "Paramzuozhi2",
      "FadeInTime": -1.0,
      "FadeOutTime": -1.0,
      "Segments": [
        0,
        0,
        0,
        0.967,
        0.6,
        0,
        3.333,
        -0.4,
        0,
        5.467,
        0.5,
        0,
        7.833,
        -0.4,
        0,
        9,
        0
      ]
    },
    {
      "Target": "Parameter",
      "Id": "Paramzuozhi3",
      "FadeInTime": -1.0,
      "FadeOutTime": -1.0,
      "Segments": [
        0,
        0,
        0,
        0.933,
        0.8,
        0,
        3.3,
        -0.5,
        0,
        5.433,
        0.5,
        0,
        7.8,
        -0.3,
        0,
        9,
        0
      ]
    },
    {
      "Target": "Parameter",
      "Id": "Paramzuozhi4",
      "FadeInTime": -1.0,
      "FadeOutTime": -1.0,
      "Segments": [
        0,
        0,
        0,
        0.9,
        0.5,
        0,
        3.267,
        -0.6,
        0,
        5.4,
        0.5,
        0,
        7.767,
        -0.3,
        0,
        9,
        0
      ]
    },
    {
      "Target": "Parameter",
      "Id": "Paramzuozhi5",
      "FadeInTime": -1.0,
      "FadeOutTime": -1.0,
      "Segments": [
        0,
        0,
        0,
        0.867,
        0.6,
        0,
        3.233,
        -0.6,
        0,
        5.367,
        0.6,
        0,
        7.733,
        -0.3,
        0,
        9,
        0
      ]
    },
    {
      "Target": "Parameter",
      "Id": "ParamAngleX",
      "FadeInTime": -1.0,
      "FadeOutTime": -1.0,
      "Segments": [
        0,
        0,
        0,
        0.933,
        9,
        1,
        1.5,
        9,
        2.066,
        6.797,
        2.633,
        0,
        1,
        3.155,
        -6.263,
        3.678,
        -11,
        4.2,
        -11,
        1,
        4.722,
        -11,
        5.245,
        -7.23,
        5.767,
        0,
        1,
        6.4,
        8.768,
        7.034,
        13,
        7.667,
        13,
        0,
        9,
        0
      ]
    },
    {
      "Target": "Parameter",
      "Id": "ParamAngleY",
      "FadeInTime": -1.0,
      "FadeOutTime": -1.0,
      "Segments": [
        0,
        0,
        0,
        0.933,
        -5,
        0,
        2.633,
        11,
        1,
        3.155,
        11,
        3.678,
        7.807,
        4.2,
        -2,
        1,
        4.722,
        -11.807,
        5.245,
        -19,
        5.767,
        -19,
        1,
        6.4,
        -19,
        7.034,
        -17.061,
        7.667,
        -10,
        1,
        8.111,
        -5.045,
        8.556,
        0,
        9,
        0
      ]
    },
    {
      "Target": "Parameter",
      "Id": "ParamAngleZ",
      "FadeInTime": -1.0,
      "FadeOutTime": -1.0,
      "Segments": [
        0,
        0,
        0,
        0.933,
        8,
        0,
        3.3,
        -13,
        0,
        9,
        0
      ]
    },
    {
      "Target": "Parameter",
      "Id": "ParamEyeLOpen",
      "FadeInTime": -1.0,
      "FadeOutTime": -1.0,
      "Segments": [
        0,
        1,
        2,
        0.5,
        1,
        0,
        0.833,
        0,
        0,
        1.167,
        1,
        2,
        2.267,
        1,
        0,
        2.767,
        0.8,
        0,
        3.4,
        1,
        0,
        3.733,
        0,
        0,
        4.067,
        1,
        2,
        6.4,
        1,
        0,
        6.733,
        0,
        0,
        7.067,
        1,
        2,
        9,
        1
      ]
    },
    {
      "Target": "Parameter",
      "Id": "ParamEyeROpen",
      "FadeInTime": -1.0,
      "FadeOutTime": -1.0,
      "Segments": [
        0,
        1,
        2,
        0.5,
        1,
        0,
        0.833,
        0,
        0,
        1.167,
        1,
        2,
        2.267,
        1,
        0,
        2.767,
        0.8,
        0,
        3.4,
        1,
        0,
        3.733,
        0,
        0,
        4.067,
        1,
        2,
        6.4,
        1,
        0,
        6.733,
        0,
        0,
        7.067,
        1,
        2,
        9,
        1
      ]
    },
    {
      "Target": "Parameter",
      "Id": "ParamEyeBallX",
      "FadeInTime": -1.0,
      "FadeOutTime": -1.0,
      "Segments": [
        0,
        0,
        0,
        0.9,
        0.2,
        0,
        2.633,
        -0.2,
        2,
        4.267,
        -0.2,
        1,
        4.767,
        -0.2,
        5.267,
        -0.035,
        5.767,
        0.1,
        1,
        6.389,
        0.268,
        7.011,
        0.3,
        7.633,
        0.3,
        0,
        9,
        0
      ]
    },
    {
      "Target": "Parameter",
      "Id": "ParamEyeBallY",
      "FadeInTime": -1.0,
      "FadeOutTime": -1.0,
      "Segments": [
        0,
        0,
        0,
        0.9,
        -0.1,
        0,
        2.633,
        0.3,
        1,
        3.178,
        0.3,
        3.722,
        -0.173,
        4.267,
        -0.3,
        1,
        4.767,
        -0.416,
        5.267,
        -0.4,
        5.767,
        -0.4,
        1,
        6.389,
        -0.4,
        7.011,
        -0.233,
        7.633,
        -0.1,
        1,
        8.089,
        -0.003,
        8.544,
        0,
        9,
        0
      ]
    },
    {
      "Target": "Parameter",
      "Id": "Parameyeshizi",
      "FadeInTime": -1.0,
      "FadeOutTime": -1.0,
      "Segments": [
        0,
        0,
        2,
        0.5,
        0,
        0,
        0.833,
        1,
        0,
        1.167,
        -1,
        0,
        1.4,
        0.361,
        0,
        1.567,
        -0.2,
        0,
        1.633,
        0,
        2,
        3.4,
        0,
        0,
        3.733,
        1,
        0,
        4.067,
        -1,
        0,
        4.3,
        0.361,
        0,
        4.467,
        -0.2,
        0,
        4.533,
        0,
        2,
        6.4,
        0,
        0,
        6.733,
        1,
        0,
        7.067,
        -1,
        0,
        7.3,
        0.361,
        0,
        7.467,
        -0.2,
        0,
        7.533,
        0,
        2,
        9,
        0
      ]
    },
    {
      "Target": "Parameter",
      "Id": "Paramurrrr",
      "FadeInTime": -1.0,
      "FadeOutTime": -1.0,
      "Segments": [
        0,
        0,
        2,
        0.5,
        0,
        2,
        0.833,
        0,
        0,
        1.167,
        -0.2,
        0,
        1.4,
        0.1,
        0,
        1.567,
        -0.1,
        0,
        1.733,
        0.1,
        0,
        1.9,
        -0.1,
        0,
        2.1,
        0.06,
        0,
        2.3,
        -0.038,
        0,
        2.533,
        0.029,
        0,
        2.867,
        -0.014,
        0,
        3.167,
        0,
        2,
        3.4,
        0,
        2,
        3.733,
        0,
        0,
        4.067,
        -0.2,
        0,
        4.3,
        0.1,
        0,
        4.467,
        -0.1,
        0,
        4.633,
        0.1,
        0,
        4.8,
        -0.1,
        0,
        5,
        0.06,
        0,
        5.2,
        -0.038,
        0,
        5.433,
        0.029,
        0,
        5.767,
        -0.014,
        0,
        6.067,
        0,
        2,
        6.4,
        0,
        2,
        6.733,
        0,
        0,
        7.067,
        -0.2,
        0,
        7.3,
        0.1,
        0,
        7.467,
        -0.1,
        0,
        7.633,
        0.1,
        0,
        7.8,
        -0.1,
        0,
        8,
        0.06,
        0,
        8.2,
        -0.038,
        0,
        8.433,
        0.029,
        0,
        8.767,
        -0.014,
        0,
        9,
        0
      ]
    },
    {
      "Target": "Parameter",
      "Id": "ParamBrowLX",
      "FadeInTime": -1.0,
      "FadeOutTime": -1.0,
      "Segments": [
        0,
        0,
        2,
        0.5,
        0,
        0,
        0.833,
        0.274,
        0,
        1.167,
        0,
        2,
        2.267,
        0,
        0,
        2.767,
        0.082,
        1,
        2.978,
        0.055,
        3.189,
        0.027,
        3.4,
        0,
        0,
        3.733,
        0.274,
        0,
        4.067,
        0,
        2,
        6.4,
        0,
        0,
        6.733,
        0.274,
        1,
        6.844,
        0.183,
        6.956,
        0.091,
        7.067,
        0,
        2,
        9,
        0
      ]
    },
    {
      "Target": "Parameter",
      "Id": "ParamBrowLY",
      "FadeInTime": -1.0,
      "FadeOutTime": -1.0,
      "Segments": [
        0,
        0,
        2,
        0.5,
        0,
        0,
        0.833,
        -1,
        0,
        1.167,
        0,
        2,
        2.267,
        0,
        0,
        2.767,
        -0.3,
        1,
        2.978,
        -0.2,
        3.189,
        -0.1,
        3.4,
        0,
        0,
        3.733,
        -1,
        0,
        4.067,
        0,
        2,
        6.4,
        0,
        0,
        6.733,
        -1,
        1,
        6.844,
        -0.667,
        6.956,
        -0.333,
        7.067,
        0,
        2,
        9,
        0
      ]
    },
    {
      "Target": "Parameter",
      "Id": "ParamBrowRY",
      "FadeInTime": -1.0,
      "FadeOutTime": -1.0,
      "Segments": [
        0,
        0,
        2,
        0.5,
        0,
        0,
        0.833,
        -0.8,
        0,
        1.167,
        0,
        2,
        2.267,
        0,
        0,
        2.767,
        -0.174,
        0,
        3.4,
        0,
        0,
        3.733,
        -0.8,
        0,
        4.067,
        0,
        2,
        6.4,
        0,
        0,
        6.733,
        -0.8,
        0,
        7.067,
        0,
        2,
        9,
        0
      ]
    },
    {
      "Target": "Parameter",
      "Id": "ParamBrowLAngle",
      "FadeInTime": -1.0,
      "FadeOutTime": -1.0,
      "Segments": [
        0,
        0,
        2,
        0.5,
        0,
        0,
        0.833,
        0.498,
        1,
        0.944,
        0.332,
        1.056,
        0.166,
        1.167,
        0,
        2,
        2.267,
        0,
        0,
        2.767,
        0.149,
        1,
        2.978,
        0.099,
        3.189,
        0.05,
        3.4,
        0,
        0,
        3.733,
        0.498,
        1,
        3.844,
        0.332,
        3.956,
        0.166,
        4.067,
        0,
        2,
        6.4,
        0,
        0,
        6.733,
        0.498,
        1,
        6.844,
        0.332,
        6.956,
        0.166,
        7.067,
        0,
        2,
        9,
        0
      ]
    },
    {
      "Target": "Parameter",
      "Id": "ParamBrowRAngle",
      "FadeInTime": -1.0,
      "FadeOutTime": -1.0,
      "Segments": [
        0,
        0,
        2,
        0.5,
        0,
        0,
        0.833,
        -0.3,
        0,
        1.167,
        0,
        2,
        2.267,
        0,
        0,
        2.767,
        -0.065,
        0,
        3.4,
        0,
        0,
        3.733,
        -0.3,
        0,
        4.067,
        0,
        2,
        6.4,
        0,
        0,
        6.733,
        -0.3,
        0,
        7.067,
        0,
        2,
        9,
        0
      ]
    },
    {
      "Target": "Parameter",
      "Id": "ParamMouthForm",
      "FadeInTime": -1.0,
      "FadeOutTime": -1.0,
      "Segments": [
        0,
        0,
        0,
        0.5,
        0.5,
        0,
        1.167,
        0,
        2,
        3.4,
        0,
        0,
        4.067,
        -0.4,
        1,
        4.834,
        -0.4,
        5.6,
        -0.252,
        6.367,
        0,
        1,
        6.811,
        0.146,
        7.256,
        0.2,
        7.7,
        0.2,
        0,
        9,
        0
      ]
    },
    {
      "Target": "Parameter",
      "Id": "Paramdcx",
      "FadeInTime": -1.0,
      "FadeOutTime": -1.0,
      "Segments": [
        0,
        0,
        1,
        0.311,
        -0.23,
        0.622,
        -0.4,
        0.933,
        -0.4,
        0,
        3.3,
        0.4,
        0,
        5.433,
        -0.4,
        0,
        7.8,
        0.4,
        1,
        8.2,
        0.4,
        8.6,
        0.297,
        9,
        0
      ]
    },
    {
      "Target": "Parameter",
      "Id": "Paramdcy",
      "FadeInTime": -1.0,
      "FadeOutTime": -1.0,
      "Segments": [
        0,
        -0.4,
        0,
        0.933,
        0,
        0,
        2.033,
        -0.4,
        0,
        3.3,
        0,
        0,
        4.333,
        -0.4,
        0,
        5.433,
        0,
        0,
        6.633,
        -0.4,
        0,
        7.8,
        0,
        0,
        9,
        -0.4
      ]
    },
    {
      "Target": "Parameter",
      "Id": "Paramdczuoyou",
      "FadeInTime": -1.0,
      "FadeOutTime": -1.0,
      "Segments": [
        0,
        0,
        1,
        0.311,
        -0.172,
        0.622,
        -0.3,
        0.933,
        -0.3,
        0,
        3.3,
        0.3,
        0,
        5.433,
        -0.3,
        0,
        7.8,
        0.3,
        1,
        8.2,
        0.3,
        8.6,
        0.222,
        9,
        0
      ]
    },
    {
      "Target": "Parameter",
      "Id": "ParamBodyAngleX",
      "FadeInTime": -1.0,
      "FadeOutTime": -1.0,
      "Segments": [
        0,
        0,
        1,
        0.567,
        -1.654,
        1.133,
        -2.708,
        1.7,
        -2.708,
        0,
        3.733,
        3,
        0,
        5.6,
        -3,
        0,
        7.5,
        2,
        1,
        8,
        2,
        8.5,
        1.46,
        9,
        0
      ]
    },
    {
      "Target": "Parameter",
      "Id": "ParamBodyAngleY",
      "FadeInTime": -1.0,
      "FadeOutTime": -1.0,
      "Segments": [
        0,
        0,
        2,
        1.633,
        0,
        0,
        3.433,
        -2,
        0,
        5.533,
        0,
        0,
        7.8,
        -2,
        0,
        9,
        0
      ]
    },
    {
      "Target": "Parameter",
      "Id": "Parambdx",
      "FadeInTime": -1.0,
      "FadeOutTime": -1.0,
      "Segments": [
        0,
        0,
        1,
        0.567,
        -1.654,
        1.133,
        -2.708,
        1.7,
        -2.708,
        0,
        3.733,
        3,
        0,
        5.6,
        -3,
        0,
        7.5,
        2,
        1,
        8,
        2,
        8.5,
        1.46,
        9,
        0
      ]
    },
    {
      "Target": "Parameter",
      "Id": "Parambdy",
      "FadeInTime": -1.0,
      "FadeOutTime": -1.0,
      "Segments": [
        0,
        0,
        2,
        1.633,
        0,
        0,
        3.433,
        -2,
        0,
        5.533,
        0,
        0,
        7.8,
        -2,
        0,
        9,
        0
      ]
    },
    {
      "Target": "Parameter",
      "Id": "Parampigu",
      "FadeInTime": -1.0,
      "FadeOutTime": -1.0,
      "Segments": [
        0,
        0,
        1,
        0.567,
        3.746,
        1.133,
        7,
        1.7,
        7,
        0,
        3.4,
        -2,
        0,
        5.5,
        3,
        0,
        7.833,
        -3,
        1,
        8.222,
        -3,
        8.611,
        -2.571,
        9,
        0
      ]
    },
    {
      "Target": "Parameter",
      "Id": "ParamBreath",
      "FadeInTime": -1.0,
      "FadeOutTime": -1.0,
      "Segments": [
        0,
        0,
        0,
        2.133,
        1,
        0,
        4.333,
        0,
        0,
        6.633,
        1,
        0,
        9,
        0
      ]
    },
    {
      "Target": "Parameter",
      "Id": "Parampsr",
      "FadeInTime": -1.0,
      "FadeOutTime": -1.0,
      "Segments": [
        0,
        0,
        0,
        0.633,
        -1,
        0,
        1.433,
        1,
        0,
        2.4,
        -1,
        0,
        3.233,
        1,
        0,
        4.033,
        -1,
        0,
        4.967,
        1,
        0,
        5.9,
        -1,
        0,
        6.8,
        0.999,
        0,
        7.533,
        -1,
        0,
        8.333,
        1,
        0,
        9,
        0
      ]
    },
    {
      "Target": "Parameter",
      "Id": "ParamHairFront",
      "FadeInTime": -1.0,
      "FadeOutTime": -1.0,
      "Segments": [
        0,
        0,
        2,
        0.033,
        0,
        0,
        0.333,
        0.142,
        0,
        0.9,
        -0.262,
        0,
        1.667,
        0.217,
        0,
        2.7,
        -0.219,
        0,
        3.5,
        0.271,
        0,
        4.267,
        -0.221,
        0,
        5.233,
        0.185,
        0,
        6.2,
        -0.227,
        0,
        7.1,
        0.291,
        0,
        7.733,
        -0.272,
        0,
        8.533,
        0.225,
        1,
        8.689,
        0.225,
        8.844,
        -0.014,
        9,
        -0.099
      ]
    },
    {
      "Target": "Parameter",
      "Id": "Paramhfy",
      "FadeInTime": -1.0,
      "FadeOutTime": -1.0,
      "Segments": [
        0,
        0,
        2,
        0.033,
        0,
        0,
        0.2,
        -0.059,
        0,
        0.567,
        0.173,
        0,
        1.133,
        -0.233,
        0,
        1.933,
        0.168,
        0,
        2.2,
        0.132,
        0,
        2.333,
        0.133,
        0,
        2.967,
        -0.199,
        0,
        3.767,
        0.246,
        0,
        4.533,
        -0.171,
        0,
        5.5,
        0.157,
        0,
        6.467,
        -0.201,
        0,
        7.367,
        0.284,
        0,
        8,
        -0.23,
        0,
        8.8,
        0.205,
        1,
        8.867,
        0.205,
        8.933,
        0.153,
        9,
        0.092
      ]
    },
    {
      "Target": "Parameter",
      "Id": "Param",
      "FadeInTime": -1.0,
      "FadeOutTime": -1.0,
      "Segments": [
        0,
        0.736,
        1,
        0.311,
        0.736,
        0.622,
        0.449,
        0.933,
        0.003,
        1,
        1.3,
        -0.522,
        1.666,
        -0.73,
        2.033,
        -0.73,
        1,
        2.455,
        -0.73,
        2.878,
        -0.531,
        3.3,
        0.002,
        1,
        3.644,
        0.436,
        3.989,
        0.736,
        4.333,
        0.736,
        1,
        4.7,
        0.736,
        5.066,
        0.468,
        5.433,
        0.002,
        1,
        5.833,
        -0.507,
        6.233,
        -0.73,
        6.633,
        -0.73,
        1,
        7.022,
        -0.73,
        7.411,
        -0.48,
        7.8,
        0.002,
        1,
        8.2,
        0.497,
        8.6,
        0.736,
        9,
        0.736
      ]
    },
    {
      "Target": "Parameter",
      "Id": "Param2",
      "FadeInTime": -1.0,
      "FadeOutTime": -1.0,
      "Segments": [
        0,
        0.002,
        1,
        0.311,
        0.422,
        0.622,
        0.736,
        0.933,
        0.736,
        1,
        1.3,
        0.736,
        1.666,
        0.453,
        2.033,
        0.002,
        1,
        2.455,
        -0.519,
        2.878,
        -0.73,
        3.3,
        -0.73,
        1,
        3.644,
        -0.73,
        3.989,
        -0.471,
        4.333,
        0.002,
        1,
        4.7,
        0.505,
        5.066,
        0.736,
        5.433,
        0.736,
        1,
        5.833,
        0.736,
        6.233,
        0.497,
        6.633,
        0.002,
        1,
        7.022,
        -0.48,
        7.411,
        -0.73,
        7.8,
        -0.73,
        1,
        8.2,
        -0.73,
        8.6,
        -0.538,
        9,
        0.003
      ]
    },
    {
      "Target": "Parameter",
      "Id": "ParamHairBack",
      "FadeInTime": -1.0,
      "FadeOutTime": -1.0,
      "Segments": [
        0,
        0,
        1,
        0.311,
        -0.288,
        0.622,
        -0.494,
        0.933,
        -0.494,
        1,
        1.3,
        -0.494,
        1.666,
        -0.308,
        2.033,
        0,
        1,
        2.455,
        0.355,
        2.878,
        0.505,
        3.3,
        0.505,
        1,
        3.644,
        0.505,
        3.989,
        0.322,
        4.333,
        0,
        1,
        4.7,
        -0.343,
        5.066,
        -0.494,
        5.433,
        -0.494,
        1,
        5.833,
        -0.494,
        6.233,
        -0.337,
        6.633,
        0,
        1,
        7.022,
        0.328,
        7.411,
        0.505,
        7.8,
        0.505,
        1,
        8.2,
        0.505,
        8.6,
        0.37,
        9,
        0
      ]
    },
    {
      "Target": "Parameter",
      "Id": "Paramhoufay",
      "FadeInTime": -1.0,
      "FadeOutTime": -1.0,
      "Segments": [
        0,
        0.518,
        1,
        0.311,
        0.518,
        0.622,
        0.311,
        0.933,
        0,
        1,
        1.3,
        -0.367,
        1.666,
        -0.508,
        2.033,
        -0.508,
        1,
        2.455,
        -0.508,
        2.878,
        -0.372,
        3.3,
        0,
        1,
        3.644,
        0.303,
        3.989,
        0.518,
        4.333,
        0.518,
        1,
        4.7,
        0.518,
        5.066,
        0.326,
        5.433,
        0,
        1,
        5.833,
        -0.356,
        6.233,
        -0.508,
        6.633,
        -0.508,
        1,
        7.022,
        -0.508,
        7.411,
        -0.337,
        7.8,
        0,
        1,
        8.2,
        0.347,
        8.6,
        0.518,
        9,
        0.518
      ]
    },
    {
      "Target": "Parameter",
      "Id": "Paramhoufabx",
      "FadeInTime": -1.0,
      "FadeOutTime": -1.0,
      "Segments": [
        0,
        0,
        0,
        0.933,
        -0.494,
        1,
        1.3,
        -0.494,
        1.666,
        -0.308,
        2.033,
        0,
        1,
        2.455,
        0.355,
        2.878,
        0.505,
        3.3,
        0.505,
        1,
        3.644,
        0.505,
        3.989,
        0.322,
        4.333,
        0,
        1,
        4.7,
        -0.343,
        5.066,
        -0.494,
        5.433,
        -0.494,
        1,
        5.833,
        -0.494,
        6.233,
        -0.337,
        6.633,
        0,
        1,
        7.022,
        0.328,
        7.411,
        0.505,
        7.8,
        0.505,
        0,
        9,
        0
      ]
    },
    {
      "Target": "Parameter",
      "Id": "Paramdcfx",
      "FadeInTime": -1.0,
      "FadeOutTime": -1.0,
      "Segments": [
        0,
        0.522,
        1,
        0.311,
        0.522,
        0.622,
        0.318,
        0.933,
        0.002,
        1,
        1.3,
        -0.37,
        1.666,
        -0.517,
        2.033,
        -0.517,
        1,
        2.455,
        -0.517,
        2.878,
        -0.375,
        3.3,
        0.002,
        1,
        3.644,
        0.31,
        3.989,
        0.522,
        4.333,
        0.522,
        1,
        4.7,
        0.522,
        5.066,
        0.332,
        5.433,
        0.002,
        1,
        5.833,
        -0.359,
        6.233,
        -0.517,
        6.633,
        -0.517,
        1,
        7.022,
        -0.517,
        7.411,
        -0.339,
        7.8,
        0.002,
        1,
        8.2,
        0.353,
        8.6,
        0.522,
        9,
        0.522
      ]
    },
    {
      "Target": "Parameter",
      "Id": "Paramdcfy",
      "FadeInTime": -1.0,
      "FadeOutTime": -1.0,
      "Segments": [
        0,
        0.002,
        1,
        0.311,
        0.306,
        0.622,
        0.522,
        0.933,
        0.522,
        1,
        1.3,
        0.522,
        1.666,
        0.322,
        2.033,
        0.002,
        1,
        2.455,
        -0.367,
        2.878,
        -0.517,
        3.3,
        -0.517,
        1,
        3.644,
        -0.517,
        3.989,
        -0.333,
        4.333,
        0.002,
        1,
        4.7,
        0.359,
        5.066,
        0.522,
        5.433,
        0.522,
        1,
        5.833,
        0.522,
        6.233,
        0.353,
        6.633,
        0.002,
        1,
        7.022,
        -0.339,
        7.411,
        -0.517,
        7.8,
        -0.517,
        1,
        8.2,
        -0.517,
        8.6,
        -0.344,
        9,
        0.002
      ]
    },
    {
      "Target": "Parameter",
      "Id": "Param_Angle_Rotation_2_ArtMesh73",
      "FadeInTime": -1.0,
      "FadeOutTime": -1.0,
      "Segments": [
        0,
        0,
        2,
        0.033,
        0,
        0,
        0.333,
        3.304,
        0,
        0.933,
        -6.416,
        0,
        1.767,
        5.281,
        0,
        2.767,
        -5.349,
        0,
        3.567,
        6.846,
        0,
        4.367,
        -5.362,
        0,
        5.333,
        4.527,
        0,
        6.267,
        -5.909,
        0,
        7.133,
        7.133,
        0,
        7.8,
        -6.42,
        0,
        8.6,
        5.384,
        1,
        8.733,
        5.384,
        8.867,
        1.115,
        9,
        -1.019
      ]
    },
    {
      "Target": "Parameter",
      "Id": "Param_Angle_Rotation_3_ArtMesh73",
      "FadeInTime": -1.0,
      "FadeOutTime": -1.0,
      "Segments": [
        0,
        0,
        2,
        0.033,
        0,
        0,
        0.233,
        -1.528,
        0,
        0.667,
        2.529,
        0,
        1.133,
        -2.137,
        0,
        1.4,
        -1.439,
        0,
        1.5,
        -1.592,
        0,
        1.9,
        1.2,
        0,
        2.2,
        0.465,
        0,
        2.567,
        1.685,
        0,
        3,
        -1.838,
        0,
        3.233,
        -1.486,
        0,
        3.367,
        -1.596,
        0,
        3.833,
        2.047,
        0,
        4.033,
        1.674,
        0,
        4.067,
        1.685,
        0,
        4.5,
        -1.267,
        0,
        4.767,
        -0.566,
        0,
        5.1,
        -1.439,
        0,
        5.533,
        1.264,
        0,
        5.8,
        0.877,
        0,
        6.033,
        1.268,
        0,
        6.467,
        -1.436,
        0,
        6.733,
        -1.025,
        0,
        7,
        -2.015,
        0,
        7.4,
        2.977,
        0,
        8,
        -2.354,
        0,
        8.3,
        -1.129,
        0,
        8.4,
        -1.343,
        0,
        8.833,
        2.022,
        1,
        8.889,
        2.022,
        8.944,
        1.559,
        9,
        0.942
      ]
    },
    {
      "Target": "Parameter",
      "Id": "Param_Angle_Rotation_4_ArtMesh73",
      "FadeInTime": -1.0,
      "FadeOutTime": -1.0,
      "Segments": [
        0,
        0,
        2,
        0.1,
        0,
        0,
        0.367,
        -1.358,
        0,
        0.8,
        3.205,
        0,
        1.267,
        -2.967,
        0,
        2.033,
        1.499,
        0,
        2.333,
        0.348,
        0,
        2.667,
        1.69,
        0,
        3.133,
        -2.466,
        0,
        3.933,
        2.552,
        0,
        4.633,
        -1.657,
        0,
        4.933,
        -0.467,
        0,
        5.233,
        -1.353,
        0,
        5.667,
        1.714,
        0,
        5.967,
        0.816,
        0,
        6.167,
        1.049,
        0,
        6.6,
        -1.793,
        0,
        6.9,
        -1.07,
        0,
        7.1,
        -1.713,
        0,
        7.567,
        3.76,
        0,
        8.1,
        -3.101,
        0,
        8.967,
        2.453,
        1,
        8.978,
        2.453,
        8.989,
        2.431,
        9,
        2.389
      ]
    },
    {
      "Target": "Parameter",
      "Id": "Param_Angle_Rotation_5_ArtMesh73",
      "FadeInTime": -1.0,
      "FadeOutTime": -1.0,
      "Segments": [
        0,
        0,
        2,
        0.167,
        0,
        0,
        0.467,
        -1.351,
        0,
        0.9,
        3.841,
        0,
        1.367,
        -3.977,
        0,
        2.133,
        1.68,
        0,
        2.467,
        0.21,
        0,
        2.8,
        1.74,
        0,
        3.267,
        -3.094,
        0,
        4.067,
        2.951,
        0,
        4.733,
        -2.03,
        0,
        5.1,
        -0.278,
        0,
        5.367,
        -1.275,
        0,
        5.8,
        2.188,
        0,
        6.133,
        0.607,
        0,
        6.3,
        0.73,
        0,
        6.733,
        -2.165,
        0,
        7.033,
        -1.062,
        0,
        7.2,
        -1.362,
        0,
        7.667,
        4.512,
        0,
        8.2,
        -4.013,
        1,
        8.467,
        -4.013,
        8.733,
        1.313,
        9,
        2.497
      ]
    },
    {
      "Target": "Parameter",
      "Id": "Param_Angle_Rotation_6_ArtMesh73",
      "FadeInTime": -1.0,
      "FadeOutTime": -1.0,
      "Segments": [
        0,
        0,
        2,
        0.267,
        0,
        0,
        0.567,
        -1.404,
        0,
        1.033,
        4.445,
        0,
        1.5,
        -5.217,
        0,
        2.2,
        1.75,
        0,
        2.6,
        0.05,
        0,
        2.933,
        1.795,
        0,
        3.367,
        -3.819,
        0,
        4.167,
        3.248,
        0,
        4.833,
        -2.429,
        0,
        5.2,
        0.016,
        0,
        5.5,
        -1.218,
        0,
        5.9,
        2.692,
        0,
        6.3,
        0.197,
        0,
        6.433,
        0.298,
        0,
        6.867,
        -2.495,
        0,
        7.233,
        -0.889,
        0,
        7.3,
        -0.931,
        0,
        7.8,
        5.179,
        0,
        8.3,
        -5.191,
        1,
        8.533,
        -5.191,
        8.767,
        -0.709,
        9,
        1.531
      ]
    },
    {
      "Target": "Parameter",
      "Id": "Param_Angle_Rotation_7_ArtMesh73",
      "FadeInTime": -1.0,
      "FadeOutTime": -1.0,
      "Segments": [
        0,
        0,
        2,
        0.367,
        0,
        0,
        0.667,
        -1.487,
        0,
        1.133,
        5.128,
        0,
        1.6,
        -6.681,
        0,
        2.1,
        2.685,
        0,
        2.7,
        -0.101,
        0,
        3.067,
        1.862,
        0,
        3.5,
        -4.583,
        0,
        4.233,
        3.457,
        0,
        4.9,
        -2.933,
        0,
        5.333,
        0.433,
        0,
        5.633,
        -1.206,
        0,
        6.033,
        3.246,
        0,
        6.467,
        -0.415,
        0,
        6.6,
        -0.216,
        0,
        7,
        -2.753,
        0,
        7.9,
        5.749,
        0,
        8.4,
        -6.633,
        0,
        8.9,
        2.43,
        1,
        8.933,
        2.43,
        8.967,
        2.297,
        9,
        2.164
      ]
    },
    {
      "Target": "Model",
      "Id": "Opacity",
      "FadeInTime": -1.0,
      "FadeOutTime": -1.0,
      "Segments": [
        0,
        1,
        0,
        9,
        1
      ]
    },
    {
      "Target": "Parameter",
      "Id": "Param20",
      "FadeInTime": -1.0,
      "FadeOutTime": -1.0,
      "Segments": [
        0,
        0,
        0,
        9,
        0
      ]
    },
    {
      "Target": "Parameter",
      "Id": "Paramyoushangbixz",
      "FadeInTime": -1.0,
      "FadeOutTime": -1.0,
      "Segments": [
        0,
        0,
        0,
        9,
        0
      ]
    },
    {
      "Target": "Parameter",
      "Id": "Paramyoushangbiss",
      "FadeInTime": -1.0,
      "FadeOutTime": -1.0,
      "Segments": [
        0,
        0,
        0,
        9,
        0
      ]
    },
    {
      "Target": "Parameter",
      "Id": "Paramyouxiabss",
      "FadeInTime": -1.0,
      "FadeOutTime": -1.0,
      "Segments": [
        0,
        0,
        0,
        9,
        0
      ]
    },
    {
      "Target": "Parameter",
      "Id": "Paramyoushouts",
      "FadeInTime": -1.0,
      "FadeOutTime": -1.0,
      "Segments": [
        0,
        0,
        0,
        9,
        0
      ]
    },
    {
      "Target": "Parameter",
      "Id": "Paramyouzhangqie",
      "FadeInTime": -1.0,
      "FadeOutTime": -1.0,
      "Segments": [
        0,
        0,
        0,
        9,
        0
      ]
    },
    {
      "Target": "Parameter",
      "Id": "Paramyouzhi1",
      "FadeInTime": -1.0,
      "FadeOutTime": -1.0,
      "Segments": [
        0,
        1,
        0,
        9,
        1
      ]
    },
    {
      "Target": "Parameter",
      "Id": "Paramshutc",
      "FadeInTime": -1.0,
      "FadeOutTime": -1.0,
      "Segments": [
        0,
        0,
        0,
        9,
        0
      ]
    },
    {
      "Target": "Parameter",
      "Id": "Paramshutm",
      "FadeInTime": -1.0,
      "FadeOutTime": -1.0,
      "Segments": [
        0,
        1,
        0,
        9,
        1
      ]
    },
    {
      "Target": "Parameter",
      "Id": "Paramshux",
      "FadeInTime": -1.0,
      "FadeOutTime": -1.0,
      "Segments": [
        0,
        0,
        0,
        9,
        0
      ]
    },
    {
      "Target": "Parameter",
      "Id": "Paramshuy",
      "FadeInTime": -1.0,
      "FadeOutTime": -1.0,
      "Segments": [
        0,
        0,
        0,
        9,
        0
      ]
    },
    {
      "Target": "Parameter",
      "Id": "Paramshuxz",
      "FadeInTime": -1.0,
      "FadeOutTime": -1.0,
      "Segments": [
        0,
        0,
        0,
        9,
        0
      ]
    },
    {
      "Target": "Parameter",
      "Id": "Paramxinftm",
      "FadeInTime": -1.0,
      "FadeOutTime": -1.0,
      "Segments": [
        0,
        0,
        0,
        9,
        0
      ]
    },
    {
      "Target": "Parameter",
      "Id": "Paramxinfxz",
      "FadeInTime": -1.0,
      "FadeOutTime": -1.0,
      "Segments": [
        0,
        0,
        0,
        9,
        0
      ]
    },
    {
      "Target": "Parameter",
      "Id": "xiaoyanwu1",
      "FadeInTime": -1.0,
      "FadeOutTime": -1.0,
      "Segments": [
        0,
        0,
        0,
        9,
        0
      ]
    },
    {
      "Target": "Parameter",
      "Id": "Paramwuzitm",
      "FadeInTime": -1.0,
      "FadeOutTime": -1.0,
      "Segments": [
        0,
        0,
        0,
        9,
        0
      ]
    },
    {
      "Target": "Parameter",
      "Id": "Paramaixintm",
      "FadeInTime": -1.0,
      "FadeOutTime": -1.0,
      "Segments": [
        0,
        0,
        0,
        9,
        0
      ]
    },
    {
      "Target": "Parameter",
      "Id": "Paramaixin",
      "FadeInTime": -1.0,
      "FadeOutTime": -1.0,
      "Segments": [
        0,
        0,
        0,
        9,
        0
      ]
    },
    {
      "Target": "Parameter",
      "Id": "Paramxiongdai1",
      "FadeInTime": -1.0,
      "FadeOutTime": -1.0,
      "Segments": [
        0,
        0,
        0,
        9,
        0
      ]
    },
    {
      "Target": "Parameter",
      "Id": "Param28",
      "FadeInTime": -1.0,
      "FadeOutTime": -1.0,
      "Segments": [
        0,
        0,
        0,
        9,
        0
      ]
    },
    {
      "Target": "Parameter",
      "Id": "Paramdct",
      "FadeInTime": -1.0,
      "FadeOutTime": -1.0,
      "Segments": [
        0,
        0.7,
        0,
        9,
        0.7
      ]
    },
    {
      "Target": "Parameter",
      "Id": "Paramzuoshangbixz",
      "FadeInTime": -1.0,
      "FadeOutTime": -1.0,
      "Segments": [
        0,
        0,
        0,
        9,
        0
      ]
    },
    {
      "Target": "Parameter",
      "Id": "Paramzuoshangbiss",
      "FadeInTime": -1.0,
      "FadeOutTime": -1.0,
      "Segments": [
        0,
        0,
        0,
        9,
        0
      ]
    },
    {
      "Target": "Parameter",
      "Id": "Paramzuoxiabxz",
      "FadeInTime": -1.0,
      "FadeOutTime": -1.0,
      "Segments": [
        0,
        0,
        0,
        9,
        0
      ]
    },
    {
      "Target": "Parameter",
      "Id": "Paramzuoxiabss",
      "FadeInTime": -1.0,
      "FadeOutTime": -1.0,
      "Segments": [
        0,
        0,
        0,
        9,
        0
      ]
    },
    {
      "Target": "Parameter",
      "Id": "Paramzuoshouzxz",
      "FadeInTime": -1.0,
      "FadeOutTime": -1.0,
      "Segments": [
        0,
        0,
        0,
        9,
        0
      ]
    },
    {
      "Target": "Parameter",
      "Id": "Paramcefal",
      "FadeInTime": -1.0,
      "FadeOutTime": -1.0,
      "Segments": [
        0,
        0,
        0,
        9,
        0
      ]
    },
    {
      "Target": "Parameter",
      "Id": "Paramzuoshouq",
      "FadeInTime": -1.0,
      "FadeOutTime": -1.0,
      "Segments": [
        0,
        0,
        0,
        9,
        0
      ]
    },
    {
      "Target": "Parameter",
      "Id": "Paramzuoshoutc",
      "FadeInTime": -1.0,
      "FadeOutTime": -1.0,
      "Segments": [
        0,
        0,
        0,
        9,
        0
      ]
    },
    {
      "Target": "Parameter",
      "Id": "Paramzuoxiabqie",
      "FadeInTime": -1.0,
      "FadeOutTime": -1.0,
      "Segments": [
        0,
        0,
        0,
        9,
        0
      ]
    },
    {
      "Target": "Parameter",
      "Id": "Paramzuoshangbqie",
      "FadeInTime": -1.0,
      "FadeOutTime": -1.0,
      "Segments": [
        0,
        1,
        0,
        9,
        1
      ]
    },
    {
      "Target": "Parameter",
      "Id": "Paramzuoshoulitouf",
      "FadeInTime": -1.0,
      "FadeOutTime": -1.0,
      "Segments": [
        0,
        1,
        0,
        9,
        1
      ]
    },
    {
      "Target": "Parameter",
      "Id": "Paramzuohouxiabitc",
      "FadeInTime": -1.0,
      "FadeOutTime": -1.0,
      "Segments": [
        0,
        0,
        0,
        9,
        0
      ]
    },
    {
      "Target": "Parameter",
      "Id": "ParamRrr",
      "FadeInTime": -1.0,
      "FadeOutTime": -1.0,
      "Segments": [
        0,
        0,
        0,
        9,
        0
      ]
    },
    {
      "Target": "Parameter",
      "Id": "ParamEyeLSmile",
      "FadeInTime": -1.0,
      "FadeOutTime": -1.0,
      "Segments": [
        0,
        0,
        0,
        9,
        0
      ]
    },
    {
      "Target": "Parameter",
      "Id": "ParamEyeRSmile",
      "FadeInTime": -1.0,
      "FadeOutTime": -1.0,
      "Segments": [
        0,
        0,
        0,
        9,
        0
      ]
    },
    {
      "Target": "Parameter",
      "Id": "Paramleitm",
      "FadeInTime": -1.0,
      "FadeOutTime": -1.0,
      "Segments": [
        0,
        0,
        0,
        9,
        0
      ]
    },
    {
      "Target": "Parameter",
      "Id": "Parameyetm",
      "FadeInTime": -1.0,
      "FadeOutTime": -1.0,
      "Segments": [
        0,
        1,
        0,
        9,
        1
      ]
    },
    {
      "Target": "Parameter",
      "Id": "Parameyeqq",
      "FadeInTime": -1.0,
      "FadeOutTime": -1.0,
      "Segments": [
        0,
        0,
        0,
        9,
        0
      ]
    },
    {
      "Target": "Parameter",
      "Id": "Parameyeqie",
      "FadeInTime": -1.0,
      "FadeOutTime": -1.0,
      "Segments": [
        0,
        0,
        0,
        9,
        0
      ]
    },
    {
      "Target": "Parameter",
      "Id": "Paramtkdx",
      "FadeInTime": -1.0,
      "FadeOutTime": -1.0,
      "Segments": [
        0,
        0,
        0,
        9,
        0
      ]
    },
    {
      "Target": "Parameter",
      "Id": "Parameyeliqie",
      "FadeInTime": -1.0,
      "FadeOutTime": -1.0,
      "Segments": [
        0,
        0,
        0,
        9,
        0
      ]
    },
    {
      "Target": "Parameter",
      "Id": "ParamBrowRX",
      "FadeInTime": -1.0,
      "FadeOutTime": -1.0,
      "Segments": [
        0,
        0,
        0,
        9,
        0
      ]
    },
    {
      "Target": "Parameter",
      "Id": "ParamBrowLForm",
      "FadeInTime": -1.0,
      "FadeOutTime": -1.0,
      "Segments": [
        0,
        0,
        0,
        9,
        0
      ]
    },
    {
      "Target": "Parameter",
      "Id": "ParamBrowRForm",
      "FadeInTime": -1.0,
      "FadeOutTime": -1.0,
      "Segments": [
        0,
        0,
        0,
        9,
        0
      ]
    },
    {
      "Target": "Parameter",
      "Id": "Paramzuistm",
      "FadeInTime": -1.0,
      "FadeOutTime": -1.0,
      "Segments": [
        0,
        0,
        0,
        9,
        0
      ]
    },
    {
      "Target": "Parameter",
      "Id": "Paramzuizidtm",
      "FadeInTime": -1.0,
      "FadeOutTime": -1.0,
      "Segments": [
        0,
        1,
        0,
        9,
        1
      ]
    },
    {
      "Target": "Parameter",
      "Id": "ParamCheek",
      "FadeInTime": -1.0,
      "FadeOutTime": -1.0,
      "Segments": [
        0,
        0,
        0,
        9,
        0
      ]
    },
    {
      "Target": "Parameter",
      "Id": "Parammaoqitm",
      "FadeInTime": -1.0,
      "FadeOutTime": -1.0,
      "Segments": [
        0,
        0,
        0,
        9,
        0
      ]
    },
    {
      "Target": "Parameter",
      "Id": "Paramgl",
      "FadeInTime": -1.0,
      "FadeOutTime": -1.0,
      "Segments": [
        0,
        0,
        0,
        9,
        0
      ]
    },
    {
      "Target": "Parameter",
      "Id": "Paramqi1",
      "FadeInTime": -1.0,
      "FadeOutTime": -1.0,
      "Segments": [
        0,
        0,
        0,
        9,
        0
      ]
    },
    {
      "Target": "Parameter",
      "Id": "Paramqi2",
      "FadeInTime": -1.0,
      "FadeOutTime": -1.0,
      "Segments": [
        0,
        0,
        0,
        9,
        0
      ]
    },
    {
      "Target": "Parameter",
      "Id": "Paramqi3",
      "FadeInTime": -1.0,
      "FadeOutTime": -1.0,
      "Segments": [
        0,
        0,
        0,
        9,
        0
      ]
    },
    {
      "Target": "Parameter",
      "Id": "Paramqi4",
      "FadeInTime": -1.0,
      "FadeOutTime": -1.0,
      "Segments": [
        0,
        0,
        0,
        9,
        0
      ]
    },
    {
      "Target": "Parameter",
      "Id": "Paramdks",
      "FadeInTime": -1.0,
      "FadeOutTime": -1.0,
      "Segments": [
        0,
        0,
        0,
        9,
        0
      ]
    },
    {
      "Target": "Parameter",
      "Id": "Paramshetou",
      "FadeInTime": -1.0,
      "FadeOutTime": -1.0,
      "Segments": [
        0,
        0,
        0,
        9,
        0
      ]
    },
    {
      "Target": "Parameter",
      "Id": "Paramptp",
      "FadeInTime": -1.0,
      "FadeOutTime": -1.0,
      "Segments": [
        0,
        0,
        0,
        9,
        0
      ]
    },
    {
      "Target": "Parameter",
      "Id": "Paramquan",
      "FadeInTime": -1.0,
      "FadeOutTime": -1.0,
      "Segments": [
        0,
        0,
        0,
        9,
        0
      ]
    },
    {
      "Target": "Parameter",
      "Id": "Paramquantm",
      "FadeInTime": -1.0,
      "FadeOutTime": -1.0,
      "Segments": [
        0,
        0,
        0,
        9,
        0
      ]
    },
    {
      "Target": "Parameter",
      "Id": "Paramtouxingx",
      "FadeInTime": -1.0,
      "FadeOutTime": -1.0,
      "Segments": [
        0,
        0,
        0,
        9,
        0
      ]
    },
    {
      "Target": "Parameter",
      "Id": "Paramtxtm",
      "FadeInTime": -1.0,
      "FadeOutTime": -1.0,
      "Segments": [
        0,
        0,
        0,
        9,
        0
      ]
    },
    {
      "Target": "Parameter",
      "Id": "Paramdjj",
      "FadeInTime": -1.0,
      "FadeOutTime": -1.0,
      "Segments": [
        0,
        0,
        0,
        9,
        0
      ]
    },
    {
      "Target": "Parameter",
      "Id": "koushuishangxia",
      "FadeInTime": -1.0,
      "FadeOutTime": -1.0,
      "Segments": [
        0,
        0,
        0,
        9,
        0
      ]
    },
    {
      "Target": "Parameter",
      "Id": "koushuizuoyou",
      "FadeInTime": -1.0,
      "FadeOutTime": -1.0,
      "Segments": [
        0,
        0,
        0,
        9,
        0
      ]
    },
    {
      "Target": "Parameter",
      "Id": "koushuijiaodu",
      "FadeInTime": -1.0,
      "FadeOutTime": -1.0,
      "Segments": [
        0,
        0,
        0,
        9,
        0
      ]
    },
    {
      "Target": "Parameter",
      "Id": "koushuiyaobai",
      "FadeInTime": -1.0,
      "FadeOutTime": -1.0,
      "Segments": [
        0,
        0,
        0,
        9,
        0
      ]
    },
    {
      "Target": "Parameter",
      "Id": "koushuichangduan",
      "FadeInTime": -1.0,
      "FadeOutTime": -1.0,
      "Segments": [
        0,
        0,
        0,
        9,
        0
      ]
    },
    {
      "Target": "Parameter",
      "Id": "Paramkoushuiyasuo",
      "FadeInTime": -1.0,
      "FadeOutTime": -1.0,
      "Segments": [
        0,
        0,
        0,
        9,
        0
      ]
    },
    {
      "Target": "Parameter",
      "Id": "ParamBodyAngleZ",
      "FadeInTime": -1.0,
      "FadeOutTime": -1.0,
      "Segments": [
        0,
        0,
        0,
        9,
        0
      ]
    },
    {
      "Target": "PartOpacity",
      "Id": "Part",
      "FadeInTime": -1.0,
      "FadeOutTime": -1.0,
      "Segments": [
        0,
        1,
        0,
        9,
        1
      ]
    },
    {
      "Target": "PartOpacity",
      "Id": "Part2",
      "FadeInTime": -1.0,
      "FadeOutTime": -1.0,
      "Segments": [
        0,
        1,
        0,
        9,
        1
      ]
    },
    {
      "Target": "PartOpacity",
      "Id": "Part3",
      "FadeInTime": -1.0,
      "FadeOutTime": -1.0,
      "Segments": [
        0,
        1,
        0,
        9,
        1
      ]
    },
    {
      "Target": "PartOpacity",
      "Id": "dc",
      "FadeInTime": -1.0,
      "FadeOutTime": -1.0,
      "Segments": [
        0,
        1,
        0,
        9,
        1
      ]
    },
    {
      "Target": "PartOpacity",
      "Id": "Part4",
      "FadeInTime": -1.0,
      "FadeOutTime": -1.0,
      "Segments": [
        0,
        1,
        0,
        9,
        1
      ]
    },
    {
      "Target": "PartOpacity",
      "Id": "Part5",
      "FadeInTime": -1.0,
      "FadeOutTime": -1.0,
      "Segments": [
        0,
        1,
        0,
        9,
        1
      ]
    },
    {
      "Target": "PartOpacity",
      "Id": "Part6",
      "FadeInTime": -1.0,
      "FadeOutTime": -1.0,
      "Segments": [
        0,
        1,
        0,
        9,
        1
      ]
    },
    {
      "Target": "PartOpacity",
      "Id": "Part7",
      "FadeInTime": -1.0,
      "FadeOutTime": -1.0,
      "Segments": [
        0,
        1,
        0,
        9,
        1
      ]
    },
    {
      "Target": "PartOpacity",
      "Id": "Part8",
      "FadeInTime": -1.0,
      "FadeOutTime": -1.0,
      "Segments": [
        0,
        1,
        0,
        9,
        1
      ]
    },
    {
      "Target": "PartOpacity",
      "Id": "Part9",
      "FadeInTime": -1.0,
      "FadeOutTime": -1.0,
      "Segments": [
        0,
        1,
        0,
        9,
        1
      ]
    },
    {
      "Target": "PartOpacity",
      "Id": "Part10",
      "FadeInTime": -1.0,
      "FadeOutTime": -1.0,
      "Segments": [
        0,
        1,
        0,
        9,
        1
      ]
    },
    {
      "Target": "PartOpacity",
      "Id": "Part11",
      "FadeInTime": -1.0,
      "FadeOutTime": -1.0,
      "Segments": [
        0,
        1,
        0,
        9,
        1
      ]
    },
    {
      "Target": "PartOpacity",
      "Id": "Part12",
      "FadeInTime": -1.0,
      "FadeOutTime": -1.0,
      "Segments": [
        0,
        1,
        0,
        9,
        1
      ]
    },
    {
      "Target": "PartOpacity",
      "Id": "Part13",
      "FadeInTime": -1.0,
      "FadeOutTime": -1.0,
      "Segments": [
        0,
        1,
        0,
        9,
        1
      ]
    },
    {
      "Target": "PartOpacity",
      "Id": "Part14",
      "FadeInTime": -1.0,
      "FadeOutTime": -1.0,
      "Segments": [
        0,
        1,
        0,
        9,
        1
      ]
    },
    {
      "Target": "PartOpacity",
      "Id": "Part15",
      "FadeInTime": -1.0,
      "FadeOutTime": -1.0,
      "Segments": [
        0,
        1,
        0,
        9,
        1
      ]
    },
    {
      "Target": "PartOpacity",
      "Id": "Part16",
      "FadeInTime": -1.0,
      "FadeOutTime": -1.0,
      "Segments": [
        0,
        1,
        0,
        9,
        1
      ]
    },
    {
      "Target": "PartOpacity",
      "Id": "Part17",
      "FadeInTime": -1.0,
      "FadeOutTime": -1.0,
      "Segments": [
        0,
        1,
        0,
        9,
        1
      ]
    },
    {
      "Target": "PartOpacity",
      "Id": "bq",
      "FadeInTime": -1.0,
      "FadeOutTime": -1.0,
      "Segments": [
        0,
        1,
        0,
        9,
        1
      ]
    },
    {
      "Target": "PartOpacity",
      "Id": "Part20",
      "FadeInTime": -1.0,
      "FadeOutTime": -1.0,
      "Segments": [
        0,
        1,
        0,
        9,
        1
      ]
    },
    {
      "Target": "PartOpacity",
      "Id": "Part21",
      "FadeInTime": -1.0,
      "FadeOutTime": -1.0,
      "Segments": [
        0,
        1,
        0,
        9,
        1
      ]
    },
    {
      "Target": "PartOpacity",
      "Id": "Part22",
      "FadeInTime": -1.0,
      "FadeOutTime": -1.0,
      "Segments": [
        0,
        1,
        0,
        9,
        1
      ]
    },
    {
      "Target": "PartOpacity",
      "Id": "Part23",
      "FadeInTime": -1.0,
      "FadeOutTime": -1.0,
      "Segments": [
        0,
        1,
        0,
        9,
        1
      ]
    },
    {
      "Target": "PartOpacity",
      "Id": "Part24",
      "FadeInTime": -1.0,
      "FadeOutTime": -1.0,
      "Segments": [
        0,
        1,
        0,
        9,
        1
      ]
    },
    {
      "Target": "PartOpacity",
      "Id": "dc1",
      "FadeInTime": -1.0,
      "FadeOutTime": -1.0,
      "Segments": [
        0,
        1,
        0,
        9,
        1
      ]
    },
    {
      "Target": "PartOpacity",
      "Id": "Part25",
      "FadeInTime": -1.0,
      "FadeOutTime": -1.0,
      "Segments": [
        0,
        1,
        0,
        9,
        1
      ]
    },
    {
      "Target": "PartOpacity",
      "Id": "Part26",
      "FadeInTime": -1.0,
      "FadeOutTime": -1.0,
      "Segments": [
        0,
        1,
        0,
        9,
        1
      ]
    },
    {
      "Target": "PartOpacity",
      "Id": "Part27",
      "FadeInTime": -1.0,
      "FadeOutTime": -1.0,
      "Segments": [
        0,
        1,
        0,
        9,
        1
      ]
    }
  ],
  "UserData": [
    {
      "Time": 0.0,
      "Value": ""
    }
  ]
}