{
  "Version": 3,
  "Meta": {
    "Duration": 9.5,
    "Fps": 30.0,
    "Loop": true,
    "AreBeziersRestricted": true,
    "FadeInTime": 0.0,
    "FadeOutTime": 0.0,
    "CurveCount": 173,
    "TotalSegmentCount": 911,
    "TotalPointCount": 1271,
    "UserDataCount": 2,
    "TotalUserDataSize": 0
  },
  "Curves": [
    {
      "Target": "Parameter",
      "Id": "Paramhua1",
      "FadeInTime": -1.0,
      "FadeOutTime": -1.0,
      "Segments": [
        0,
        0.2,
        1,
        3.167,
        0.517,
        6.333,
        0.833,
        9.5,
        1.15
      ]
    },
    {
      "Target": "Parameter",
      "Id": "Paramhua2",
      "FadeInTime": -1.0,
      "FadeOutTime": -1.0,
      "Segments": [
        0,
        0.6,
        1,
        3.167,
        0.917,
        6.333,
        1.233,
        9.5,
        1.55
      ]
    },
    {
      "Target": "Parameter",
      "Id": "Paramhua3",
      "FadeInTime": -1.0,
      "FadeOutTime": -1.0,
      "Segments": [
        0,
        0.9,
        1,
        3.167,
        1.217,
        6.333,
        1.533,
        9.5,
        1.85
      ]
    },
    {
      "Target": "Parameter",
      "Id": "Paramhuafanzhuan",
      "FadeInTime": -1.0,
      "FadeOutTime": -1.0,
      "Segments": [
        0,
        0,
        0,
        1,
        1,
        0,
        2,
        0,
        0,
        3.267,
        1,
        0,
        4.4,
        0,
        0,
        6.133,
        1,
        0,
        7.433,
        0,
        0,
        8.733,
        1,
        1,
        8.989,
        1,
        9.244,
        0.634,
        9.5,
        0.344
      ]
    },
    {
      "Target": "Parameter",
      "Id": "Paramhuafz2",
      "FadeInTime": -1.0,
      "FadeOutTime": -1.0,
      "Segments": [
        0,
        1,
        0,
        0.8,
        0,
        0,
        1.8,
        1,
        0,
        3,
        0,
        0,
        4.3,
        1,
        0,
        5.333,
        0,
        0,
        7,
        1,
        0,
        8.6,
        0,
        1,
        8.9,
        0,
        9.2,
        0.413,
        9.5,
        0.708
      ]
    },
    {
      "Target": "Parameter",
      "Id": "Paramheikuang",
      "FadeInTime": -1.0,
      "FadeOutTime": -1.0,
      "Segments": [
        0,
        0,
        2,
        6.433,
        0,
        0,
        8.733,
        1,
        2,
        9.5,
        1
      ]
    },
    {
      "Target": "Parameter",
      "Id": "Paramheibg",
      "FadeInTime": -1.0,
      "FadeOutTime": -1.0,
      "Segments": [
        0,
        1,
        2,
        6.433,
        1,
        0,
        8.733,
        0,
        2,
        9.5,
        0
      ]
    },
    {
      "Target": "Parameter",
      "Id": "Paramallx",
      "FadeInTime": -1.0,
      "FadeOutTime": -1.0,
      "Segments": [
        0,
        12.78,
        1,
        0.667,
        12.78,
        1.333,
        10.898,
        2,
        6.96,
        2,
        2.033,
        -7.36,
        1,
        2.355,
        -7.36,
        2.678,
        -6.641,
        3,
        -6.294,
        1,
        4.144,
        -5.059,
        5.289,
        -4.442,
        6.433,
        -3.054,
        1,
        6.878,
        -2.515,
        7.322,
        0,
        7.767,
        0,
        2,
        8.733,
        0,
        2,
        9.5,
        0
      ]
    },
    {
      "Target": "Parameter",
      "Id": "Paramally",
      "FadeInTime": -1.0,
      "FadeOutTime": -1.0,
      "Segments": [
        0,
        -17.08,
        0,
        2,
        -19,
        2,
        2.033,
        -15.8,
        1,
        2.355,
        -11.213,
        2.678,
        -9.101,
        3,
        -9.101,
        2,
        6.433,
        -9.101,
        0,
        7.767,
        0,
        2,
        8.733,
        0,
        2,
        9.5,
        0
      ]
    },
    {
      "Target": "Parameter",
      "Id": "Paramalldx",
      "FadeInTime": -1.0,
      "FadeOutTime": -1.0,
      "Segments": [
        0,
        8,
        0,
        2,
        19,
        2,
        2.033,
        19,
        2,
        3,
        19,
        2,
        6.433,
        19,
        0,
        7.767,
        0,
        2,
        8.733,
        0,
        2,
        9.5,
        0
      ]
    },
    {
      "Target": "Parameter",
      "Id": "Parammhzy",
      "FadeInTime": -1.0,
      "FadeOutTime": -1.0,
      "Segments": [
        0,
        0,
        0,
        2,
        10,
        2,
        9.5,
        10
      ]
    },
    {
      "Target": "Parameter",
      "Id": "Parammhtm",
      "FadeInTime": -1.0,
      "FadeOutTime": -1.0,
      "Segments": [
        0,
        1,
        0,
        2,
        0.5,
        2,
        2.033,
        0,
        2,
        9.5,
        0
      ]
    },
    {
      "Target": "Parameter",
      "Id": "Paramqiuqian",
      "FadeInTime": -1.0,
      "FadeOutTime": -1.0,
      "Segments": [
        0,
        0,
        2,
        0.433,
        0,
        0,
        1.233,
        1,
        0,
        2.633,
        0,
        2,
        9.5,
        0
      ]
    },
    {
      "Target": "Parameter",
      "Id": "Paramqiuqiantm",
      "FadeInTime": -1.0,
      "FadeOutTime": -1.0,
      "Segments": [
        0,
        1,
        2,
        2,
        1,
        0,
        2.033,
        0,
        2,
        9.5,
        0
      ]
    },
    {
      "Target": "Parameter",
      "Id": "ParamlegLxz",
      "FadeInTime": -1.0,
      "FadeOutTime": -1.0,
      "Segments": [
        0,
        -65,
        0,
        0.9,
        -58,
        0,
        1.833,
        -65,
        1,
        1.889,
        -65,
        1.944,
        -64.823,
        2,
        -64.366,
        1,
        2.011,
        -64.275,
        2.022,
        -64.17,
        2.033,
        -63.9,
        1,
        2.044,
        -63.631,
        2.056,
        -20.472,
        2.067,
        -20,
        1,
        2.389,
        -6.311,
        2.711,
        0,
        3.033,
        0,
        2,
        6.067,
        0,
        0,
        6.367,
        -10,
        0,
        6.733,
        0,
        0,
        7.067,
        -3,
        0,
        8.267,
        3,
        1,
        8.511,
        3,
        8.756,
        1.735,
        9,
        0,
        1,
        9.167,
        -1.183,
        9.333,
        -1.959,
        9.5,
        -2.425
      ]
    },
    {
      "Target": "Parameter",
      "Id": "Paramjoxz",
      "FadeInTime": -1.0,
      "FadeOutTime": -1.0,
      "Segments": [
        0,
        0,
        0,
        0.433,
        -6.6,
        0,
        1.4,
        0,
        1,
        1.6,
        0,
        1.8,
        -1.642,
        2,
        -5.111,
        1,
        2.011,
        -5.303,
        2.022,
        -5.548,
        2.033,
        -5.548,
        0,
        5.2,
        0,
        2,
        6.067,
        0,
        2,
        6.733,
        0,
        1,
        6.844,
        0,
        6.956,
        -1.542,
        7.067,
        -3,
        1,
        7.245,
        -5.332,
        7.422,
        -6.002,
        7.6,
        -6.002,
        1,
        7.822,
        -6.002,
        8.045,
        -4.901,
        8.267,
        -3,
        1,
        8.511,
        -0.909,
        8.756,
        0,
        9,
        0,
        1,
        9.167,
        0,
        9.333,
        -0.337,
        9.5,
        -0.931
      ]
    },
    {
      "Target": "Parameter",
      "Id": "ParamjoLbx",
      "FadeInTime": -1.0,
      "FadeOutTime": -1.0,
      "Segments": [
        0,
        -4,
        0,
        0.9,
        10,
        0,
        1.833,
        -4,
        1,
        1.889,
        -4,
        1.944,
        -3.643,
        2,
        -2.733,
        1,
        2.011,
        -2.551,
        2.022,
        -1.822,
        2.033,
        -1.809,
        1,
        3.089,
        -0.591,
        4.144,
        0,
        5.2,
        0,
        2,
        6.067,
        0,
        2,
        6.733,
        0,
        0,
        7.067,
        5.129,
        1,
        7.245,
        5.129,
        7.422,
        2.974,
        7.6,
        0,
        1,
        7.822,
        -3.717,
        8.045,
        -5.058,
        8.267,
        -5.058,
        1,
        8.511,
        -5.058,
        8.756,
        -2.949,
        9,
        0,
        1,
        9.167,
        2.01,
        9.333,
        3.339,
        9.5,
        4.139
      ]
    },
    {
      "Target": "Parameter",
      "Id": "ParamlegRxz",
      "FadeInTime": -1.0,
      "FadeOutTime": -1.0,
      "Segments": [
        0,
        0,
        2,
        3,
        0,
        2,
        6.067,
        0,
        0,
        6.4,
        -10,
        0,
        6.767,
        0,
        0,
        7.1,
        -3,
        0,
        8.3,
        3,
        1,
        8.533,
        3,
        8.767,
        1.679,
        9,
        0,
        1,
        9.167,
        -1.2,
        9.333,
        -1.975,
        9.5,
        -2.436
      ]
    },
    {
      "Target": "Parameter",
      "Id": "Paramjorxz",
      "FadeInTime": -1.0,
      "FadeOutTime": -1.0,
      "Segments": [
        0,
        0,
        2,
        3,
        0,
        2,
        6.067,
        0,
        2,
        6.767,
        0,
        1,
        6.878,
        0,
        6.989,
        -1.542,
        7.1,
        -3,
        1,
        7.278,
        -5.332,
        7.455,
        -6.002,
        7.633,
        -6.002,
        1,
        7.855,
        -6.002,
        8.078,
        -4.951,
        8.3,
        -3,
        1,
        8.533,
        -0.952,
        8.767,
        0,
        9,
        0,
        1,
        9.167,
        0,
        9.333,
        -0.337,
        9.5,
        -0.931
      ]
    },
    {
      "Target": "Parameter",
      "Id": "ParamjoRbx",
      "FadeInTime": -1.0,
      "FadeOutTime": -1.0,
      "Segments": [
        0,
        0,
        2,
        3,
        0,
        2,
        6.067,
        0,
        2,
        6.767,
        0,
        0,
        7.1,
        5.129,
        1,
        7.278,
        5.129,
        7.455,
        2.974,
        7.633,
        0,
        1,
        7.855,
        -3.717,
        8.078,
        -5.058,
        8.3,
        -5.058,
        1,
        8.533,
        -5.058,
        8.767,
        -2.855,
        9,
        0,
        1,
        9.167,
        2.039,
        9.333,
        3.366,
        9.5,
        4.157
      ]
    },
    {
      "Target": "Parameter",
      "Id": "Paramyoushangbixz",
      "FadeInTime": -1.0,
      "FadeOutTime": -1.0,
      "Segments": [
        0,
        0,
        0,
        3,
        -1,
        2,
        6.233,
        -1,
        0,
        7.033,
        0,
        2,
        7.5,
        0,
        2,
        9,
        0,
        2,
        9.5,
        0
      ]
    },
    {
      "Target": "Parameter",
      "Id": "Paramyouxibxz",
      "FadeInTime": -1.0,
      "FadeOutTime": -1.0,
      "Segments": [
        0,
        0,
        0,
        3,
        9,
        2,
        6.233,
        9,
        0,
        7.033,
        0,
        2,
        7.5,
        0,
        2,
        9,
        0,
        1,
        9.167,
        0,
        9.333,
        0.144,
        9.5,
        0.277
      ]
    },
    {
      "Target": "Parameter",
      "Id": "Paramyouxiabss",
      "FadeInTime": -1.0,
      "FadeOutTime": -1.0,
      "Segments": [
        0,
        0,
        0,
        3,
        20,
        2,
        6.233,
        20,
        0,
        7.033,
        0,
        2,
        7.5,
        0,
        2,
        9,
        0,
        2,
        9.5,
        0
      ]
    },
    {
      "Target": "Parameter",
      "Id": "Paramyoushouzxz",
      "FadeInTime": -1.0,
      "FadeOutTime": -1.0,
      "Segments": [
        0,
        0,
        0,
        3,
        -6,
        2,
        6.233,
        -6,
        1,
        6.5,
        -6,
        6.766,
        -5.321,
        7.033,
        -3,
        1,
        7.189,
        -1.646,
        7.344,
        -0.186,
        7.5,
        -0.186,
        2,
        9,
        -0.186,
        1,
        9.167,
        -0.186,
        9.333,
        -0.155,
        9.5,
        0
      ]
    },
    {
      "Target": "Parameter",
      "Id": "Paramyouzhi2",
      "FadeInTime": -1.0,
      "FadeOutTime": -1.0,
      "Segments": [
        0,
        1,
        2,
        3,
        1,
        2,
        6.233,
        1,
        2,
        9,
        1,
        1,
        9.167,
        1,
        9.333,
        0.885,
        9.5,
        0.779
      ]
    },
    {
      "Target": "Parameter",
      "Id": "Paramyouzhi3",
      "FadeInTime": -1.0,
      "FadeOutTime": -1.0,
      "Segments": [
        0,
        1,
        2,
        3,
        1,
        2,
        6.233,
        1,
        2,
        9,
        1,
        1,
        9.167,
        1,
        9.333,
        0.857,
        9.5,
        0.723
      ]
    },
    {
      "Target": "Parameter",
      "Id": "Paramyouzhi4",
      "FadeInTime": -1.0,
      "FadeOutTime": -1.0,
      "Segments": [
        0,
        1,
        0,
        3,
        0,
        2,
        6.233,
        0,
        0,
        9,
        1,
        1,
        9.167,
        1,
        9.333,
        0.885,
        9.5,
        0.779
      ]
    },
    {
      "Target": "Parameter",
      "Id": "Paramyouzhi5",
      "FadeInTime": -1.0,
      "FadeOutTime": -1.0,
      "Segments": [
        0,
        1,
        0,
        3,
        0,
        2,
        6.233,
        0,
        0,
        9,
        1,
        1,
        9.167,
        1,
        9.333,
        0.885,
        9.5,
        0.779
      ]
    },
    {
      "Target": "Parameter",
      "Id": "Paramshuts",
      "FadeInTime": -1.0,
      "FadeOutTime": -1.0,
      "Segments": [
        0,
        0,
        2,
        9,
        0,
        1,
        9.167,
        0,
        9.333,
        -0.057,
        9.5,
        -0.111
      ]
    },
    {
      "Target": "Parameter",
      "Id": "Paramdct",
      "FadeInTime": -1.0,
      "FadeOutTime": -1.0,
      "Segments": [
        0,
        0,
        2,
        3,
        0,
        2,
        6.3,
        0,
        0,
        7,
        0.7,
        2,
        9,
        0.7,
        2,
        9.5,
        0.7
      ]
    },
    {
      "Target": "Parameter",
      "Id": "Paramzuoshangbixz",
      "FadeInTime": -1.0,
      "FadeOutTime": -1.0,
      "Segments": [
        0,
        0,
        0,
        3,
        -2,
        2,
        6.3,
        -2,
        0,
        7,
        0,
        2,
        9,
        0,
        2,
        9.5,
        0
      ]
    },
    {
      "Target": "Parameter",
      "Id": "Paramzuoshangbiss",
      "FadeInTime": -1.0,
      "FadeOutTime": -1.0,
      "Segments": [
        0,
        -5,
        2,
        3,
        -5,
        2,
        6.3,
        -5,
        1,
        6.411,
        -5,
        6.522,
        -1.945,
        6.633,
        -1,
        1,
        6.755,
        0.04,
        6.878,
        0,
        7,
        0,
        2,
        9,
        0,
        2,
        9.5,
        0
      ]
    },
    {
      "Target": "Parameter",
      "Id": "Paramzuoxiabxz",
      "FadeInTime": -1.0,
      "FadeOutTime": -1.0,
      "Segments": [
        0,
        6,
        2,
        3,
        6,
        2,
        6.3,
        6,
        0,
        7,
        0,
        2,
        9,
        0,
        2,
        9.5,
        0
      ]
    },
    {
      "Target": "Parameter",
      "Id": "Paramzuoxiabss",
      "FadeInTime": -1.0,
      "FadeOutTime": -1.0,
      "Segments": [
        0,
        -5,
        2,
        3,
        -5,
        2,
        6.3,
        -5,
        0,
        6.633,
        -10,
        1,
        6.689,
        -10,
        6.744,
        -6.75,
        6.8,
        -4,
        1,
        6.867,
        -0.7,
        6.933,
        0,
        7,
        0,
        2,
        9,
        0,
        2,
        9.5,
        0
      ]
    },
    {
      "Target": "Parameter",
      "Id": "Paramcefal",
      "FadeInTime": -1.0,
      "FadeOutTime": -1.0,
      "Segments": [
        0,
        1,
        2,
        3,
        1,
        2,
        6.3,
        1,
        1,
        6.411,
        1,
        6.522,
        0.976,
        6.633,
        0.7,
        1,
        6.755,
        0.396,
        6.878,
        0,
        7,
        0,
        2,
        9,
        0,
        2,
        9.5,
        0
      ]
    },
    {
      "Target": "Parameter",
      "Id": "Paramzuoshouq",
      "FadeInTime": -1.0,
      "FadeOutTime": -1.0,
      "Segments": [
        0,
        1,
        2,
        3,
        1,
        2,
        6.3,
        1,
        2,
        6.633,
        1,
        0,
        7,
        0,
        2,
        9,
        0,
        2,
        9.5,
        0
      ]
    },
    {
      "Target": "Parameter",
      "Id": "Paramzuoshangbqie",
      "FadeInTime": -1.0,
      "FadeOutTime": -1.0,
      "Segments": [
        0,
        0,
        2,
        6.3,
        0,
        0,
        6.533,
        1,
        2,
        7,
        1,
        2,
        9,
        1,
        2,
        9.5,
        1
      ]
    },
    {
      "Target": "Parameter",
      "Id": "Paramzuoshoulitouf",
      "FadeInTime": -1.0,
      "FadeOutTime": -1.0,
      "Segments": [
        0,
        0,
        2,
        6.3,
        0,
        2,
        6.633,
        0,
        0,
        6.667,
        1,
        2,
        7,
        1,
        2,
        9,
        1,
        2,
        9.5,
        1
      ]
    },
    {
      "Target": "Parameter",
      "Id": "Paramzuozhi1",
      "FadeInTime": -1.0,
      "FadeOutTime": -1.0,
      "Segments": [
        0,
        0,
        0,
        1,
        0.6,
        0,
        3.367,
        -0.6,
        0,
        5.5,
        0.5,
        0,
        7.867,
        -0.4,
        1,
        8.245,
        -0.4,
        8.622,
        -0.33,
        9,
        0,
        1,
        9.167,
        0.146,
        9.333,
        0.296,
        9.5,
        0.409
      ]
    },
    {
      "Target": "Parameter",
      "Id": "Paramzuozhi2",
      "FadeInTime": -1.0,
      "FadeOutTime": -1.0,
      "Segments": [
        0,
        0,
        0,
        0.967,
        0.6,
        0,
        3.333,
        -0.4,
        0,
        5.467,
        0.5,
        0,
        7.833,
        -0.4,
        1,
        8.222,
        -0.4,
        8.611,
        -0.335,
        9,
        0,
        1,
        9.167,
        0.143,
        9.333,
        0.299,
        9.5,
        0.416
      ]
    },
    {
      "Target": "Parameter",
      "Id": "Paramzuozhi3",
      "FadeInTime": -1.0,
      "FadeOutTime": -1.0,
      "Segments": [
        0,
        0,
        0,
        0.933,
        0.8,
        0,
        3.3,
        -0.5,
        0,
        5.433,
        0.5,
        0,
        7.8,
        -0.3,
        1,
        8.2,
        -0.3,
        8.6,
        -0.29,
        9,
        0,
        1,
        9.167,
        0.121,
        9.333,
        0.342,
        9.5,
        0.521
      ]
    },
    {
      "Target": "Parameter",
      "Id": "Paramzuozhi4",
      "FadeInTime": -1.0,
      "FadeOutTime": -1.0,
      "Segments": [
        0,
        0,
        0,
        0.9,
        0.5,
        0,
        3.267,
        -0.6,
        0,
        5.4,
        0.5,
        0,
        7.767,
        -0.3,
        1,
        8.178,
        -0.3,
        8.589,
        -0.262,
        9,
        0,
        1,
        9.167,
        0.106,
        9.333,
        0.249,
        9.5,
        0.354
      ]
    },
    {
      "Target": "Parameter",
      "Id": "Paramzuozhi5",
      "FadeInTime": -1.0,
      "FadeOutTime": -1.0,
      "Segments": [
        0,
        0,
        0,
        0.867,
        0.6,
        0,
        3.233,
        -0.6,
        0,
        5.367,
        0.6,
        0,
        7.733,
        -0.3,
        1,
        8.155,
        -0.3,
        8.578,
        -0.273,
        9,
        0,
        1,
        9.167,
        0.108,
        9.333,
        0.291,
        9.5,
        0.427
      ]
    },
    {
      "Target": "Parameter",
      "Id": "Paramzuohouxiabitc",
      "FadeInTime": -1.0,
      "FadeOutTime": -1.0,
      "Segments": [
        0,
        1,
        2,
        9,
        1,
        1,
        9.167,
        1,
        9.333,
        0.997,
        9.5,
        0.991
      ]
    },
    {
      "Target": "Parameter",
      "Id": "ParamAngleX",
      "FadeInTime": -1.0,
      "FadeOutTime": -1.0,
      "Segments": [
        0,
        0,
        0,
        3,
        -10,
        0,
        6.3,
        12,
        1,
        6.411,
        12,
        6.522,
        2.925,
        6.633,
        -5,
        1,
        6.711,
        -10.548,
        6.789,
        -11,
        6.867,
        -11,
        0,
        7.1,
        0,
        2,
        9,
        0,
        1,
        9.167,
        0,
        9.333,
        2.583,
        9.5,
        4.981
      ]
    },
    {
      "Target": "Parameter",
      "Id": "ParamAngleY",
      "FadeInTime": -1.0,
      "FadeOutTime": -1.0,
      "Segments": [
        0,
        0,
        1,
        1,
        0,
        2,
        18.287,
        3,
        24,
        1,
        4.1,
        30.284,
        5.2,
        30,
        6.3,
        30,
        0,
        6.633,
        -30,
        0,
        6.867,
        30,
        0,
        7.1,
        0,
        2,
        9,
        0,
        1,
        9.167,
        0,
        9.333,
        -1.435,
        9.5,
        -2.767
      ]
    },
    {
      "Target": "Parameter",
      "Id": "ParamAngleZ",
      "FadeInTime": -1.0,
      "FadeOutTime": -1.0,
      "Segments": [
        0,
        0,
        1,
        1,
        0,
        2,
        3.549,
        3,
        13,
        1,
        4.1,
        23.396,
        5.2,
        30,
        6.3,
        30,
        0,
        6.633,
        -30,
        0,
        6.867,
        15,
        0,
        7.1,
        0,
        2,
        9,
        0,
        1,
        9.167,
        0,
        9.333,
        2.296,
        9.5,
        4.428
      ]
    },
    {
      "Target": "Parameter",
      "Id": "ParamEyeLOpen",
      "FadeInTime": -1.0,
      "FadeOutTime": -1.0,
      "Segments": [
        0,
        1,
        0,
        6.1,
        0,
        0,
        6.4,
        1,
        0,
        6.867,
        0.7,
        0,
        9,
        1,
        2,
        9.5,
        1
      ]
    },
    {
      "Target": "Parameter",
      "Id": "ParamEyeROpen",
      "FadeInTime": -1.0,
      "FadeOutTime": -1.0,
      "Segments": [
        0,
        1,
        0,
        6.1,
        0,
        0,
        6.4,
        1,
        0,
        6.867,
        0.7,
        0,
        9,
        1,
        2,
        9.5,
        1
      ]
    },
    {
      "Target": "Parameter",
      "Id": "ParamEyeBallX",
      "FadeInTime": -1.0,
      "FadeOutTime": -1.0,
      "Segments": [
        0,
        0,
        2,
        9,
        0,
        1,
        9.167,
        0,
        9.333,
        0.062,
        9.5,
        0.117
      ]
    },
    {
      "Target": "Parameter",
      "Id": "ParamEyeBallY",
      "FadeInTime": -1.0,
      "FadeOutTime": -1.0,
      "Segments": [
        0,
        0,
        2,
        9,
        0,
        1,
        9.167,
        0,
        9.333,
        -0.031,
        9.5,
        -0.058
      ]
    },
    {
      "Target": "Parameter",
      "Id": "Paramleitm",
      "FadeInTime": -1.0,
      "FadeOutTime": -1.0,
      "Segments": [
        0,
        0,
        2,
        6.133,
        0,
        0,
        6.867,
        1,
        0,
        9,
        0,
        2,
        9.5,
        0
      ]
    },
    {
      "Target": "Parameter",
      "Id": "Parameyetm",
      "FadeInTime": -1.0,
      "FadeOutTime": -1.0,
      "Segments": [
        0,
        0,
        2,
        5.933,
        0,
        2,
        6.1,
        0,
        0,
        6.233,
        1,
        2,
        9,
        1,
        2,
        9.5,
        1
      ]
    },
    {
      "Target": "Parameter",
      "Id": "Parameyeqie",
      "FadeInTime": -1.0,
      "FadeOutTime": -1.0,
      "Segments": [
        0,
        1,
        2,
        5.967,
        1,
        2,
        6.1,
        1,
        0,
        6.233,
        0,
        2,
        9,
        0,
        2,
        9.5,
        0
      ]
    },
    {
      "Target": "Parameter",
      "Id": "Paramtkdx",
      "FadeInTime": -1.0,
      "FadeOutTime": -1.0,
      "Segments": [
        0,
        0,
        2,
        6.1,
        0,
        0,
        6.4,
        -1,
        2,
        6.7,
        -1,
        0,
        7.3,
        0,
        2,
        9,
        0,
        2,
        9.5,
        0
      ]
    },
    {
      "Target": "Parameter",
      "Id": "ParamBrowLY",
      "FadeInTime": -1.0,
      "FadeOutTime": -1.0,
      "Segments": [
        0,
        0,
        2,
        3,
        0,
        2,
        5.633,
        0,
        0,
        5.8,
        0.244,
        0,
        5.933,
        0,
        2,
        9,
        0,
        2,
        9.5,
        0
      ]
    },
    {
      "Target": "Parameter",
      "Id": "ParamBrowRY",
      "FadeInTime": -1.0,
      "FadeOutTime": -1.0,
      "Segments": [
        0,
        0,
        2,
        3,
        0,
        0,
        3.667,
        -0.036,
        0,
        3.967,
        0.2,
        0,
        4.267,
        0,
        0,
        4.6,
        0.2,
        0,
        4.933,
        0,
        2,
        9,
        0,
        2,
        9.5,
        0
      ]
    },
    {
      "Target": "Parameter",
      "Id": "ParamBrowLAngle",
      "FadeInTime": -1.0,
      "FadeOutTime": -1.0,
      "Segments": [
        0,
        0,
        2,
        3,
        0,
        2,
        6.067,
        0,
        0,
        6.667,
        1,
        2,
        7.533,
        1,
        0,
        8.2,
        0,
        2,
        9,
        0,
        2,
        9.5,
        0
      ]
    },
    {
      "Target": "Parameter",
      "Id": "ParamBrowRAngle",
      "FadeInTime": -1.0,
      "FadeOutTime": -1.0,
      "Segments": [
        0,
        0,
        2,
        3,
        0,
        2,
        6.067,
        0,
        0,
        6.667,
        -1,
        2,
        7.533,
        -1,
        0,
        8.2,
        0,
        2,
        9,
        0,
        2,
        9.5,
        0
      ]
    },
    {
      "Target": "Parameter",
      "Id": "ParamBrowLForm",
      "FadeInTime": -1.0,
      "FadeOutTime": -1.0,
      "Segments": [
        0,
        0,
        2,
        3,
        0,
        0,
        4,
        1,
        2,
        6.067,
        1,
        0,
        6.667,
        -1,
        2,
        7.533,
        -1,
        0,
        8.2,
        0,
        2,
        9,
        0,
        2,
        9.5,
        0
      ]
    },
    {
      "Target": "Parameter",
      "Id": "ParamBrowRForm",
      "FadeInTime": -1.0,
      "FadeOutTime": -1.0,
      "Segments": [
        0,
        0,
        2,
        3,
        0,
        0,
        4,
        1,
        2,
        6.067,
        1,
        0,
        6.667,
        -1,
        2,
        7.533,
        -1,
        0,
        8.2,
        0,
        2,
        9,
        0,
        2,
        9.5,
        0
      ]
    },
    {
      "Target": "Parameter",
      "Id": "ParamMouthForm",
      "FadeInTime": -1.0,
      "FadeOutTime": -1.0,
      "Segments": [
        0,
        0,
        2,
        3,
        0,
        0,
        4,
        1,
        2,
        5.967,
        1,
        1,
        6.111,
        1,
        6.256,
        1.003,
        6.4,
        0.945,
        1,
        6.489,
        0.909,
        6.578,
        -0.3,
        6.667,
        -0.3,
        1,
        7.445,
        -0.3,
        8.222,
        -0.236,
        9,
        0,
        1,
        9.167,
        0.051,
        9.333,
        0.5,
        9.5,
        0.5
      ]
    },
    {
      "Target": "Parameter",
      "Id": "ParamMouthOpenY",
      "FadeInTime": -1.0,
      "FadeOutTime": -1.0,
      "Segments": [
        0,
        0,
        2,
        3,
        0,
        0,
        4,
        1,
        0,
        4.833,
        0.8,
        0,
        5.667,
        1,
        0,
        6.5,
        0.8,
        0,
        7.3,
        1,
        0,
        9,
        0,
        2,
        9.5,
        0
      ]
    },
    {
      "Target": "Parameter",
      "Id": "Paramzuikb",
      "FadeInTime": -1.0,
      "FadeOutTime": -1.0,
      "Segments": [
        0,
        0,
        2,
        3,
        0,
        0,
        4,
        1,
        0,
        4.833,
        0.8,
        0,
        5.667,
        1,
        0,
        6.5,
        0.8,
        0,
        7.3,
        1,
        0,
        9,
        0,
        2,
        9.5,
        0
      ]
    },
    {
      "Target": "Parameter",
      "Id": "Paramzuistm",
      "FadeInTime": -1.0,
      "FadeOutTime": -1.0,
      "Segments": [
        0,
        0,
        2,
        0.5,
        0,
        0,
        0.533,
        1,
        2,
        8.833,
        1,
        0,
        8.867,
        0,
        2,
        9,
        0,
        2,
        9.5,
        0
      ]
    },
    {
      "Target": "Parameter",
      "Id": "Paramzuizidtm",
      "FadeInTime": -1.0,
      "FadeOutTime": -1.0,
      "Segments": [
        0,
        1,
        2,
        0.5,
        1,
        0,
        0.533,
        0,
        2,
        8.833,
        0,
        0,
        8.867,
        1,
        2,
        9,
        1,
        2,
        9.5,
        1
      ]
    },
    {
      "Target": "Parameter",
      "Id": "Paramdks",
      "FadeInTime": -1.0,
      "FadeOutTime": -1.0,
      "Segments": [
        0,
        0,
        2,
        3,
        0,
        2,
        3.633,
        0,
        0,
        4,
        1,
        0,
        4.833,
        0.8,
        0,
        5.667,
        1,
        1,
        5.945,
        1,
        6.222,
        0.939,
        6.5,
        0.8,
        1,
        6.511,
        0.794,
        6.522,
        0,
        6.533,
        0,
        2,
        9,
        0,
        2,
        9.5,
        0
      ]
    },
    {
      "Target": "Parameter",
      "Id": "Paramptp",
      "FadeInTime": -1.0,
      "FadeOutTime": -1.0,
      "Segments": [
        0,
        0,
        2,
        3,
        0,
        0,
        4,
        0.8,
        0,
        4.233,
        0.7,
        0,
        4.767,
        0.905,
        0,
        5.133,
        0.761,
        0,
        5.533,
        1,
        0,
        6,
        0.8,
        0,
        6.367,
        2,
        2,
        6.4,
        0,
        2,
        9,
        0,
        2,
        9.5,
        0
      ]
    },
    {
      "Target": "Parameter",
      "Id": "Paramdjj",
      "FadeInTime": -1.0,
      "FadeOutTime": -1.0,
      "Segments": [
        0,
        0,
        2,
        6.133,
        0,
        0,
        6.333,
        2,
        2,
        6.367,
        0,
        2,
        9,
        0,
        2,
        9.5,
        0
      ]
    },
    {
      "Target": "Parameter",
      "Id": "Paramdcx",
      "FadeInTime": -1.0,
      "FadeOutTime": -1.0,
      "Segments": [
        0,
        0,
        0,
        3,
        -0.6,
        2,
        6.067,
        -0.6,
        0,
        6.267,
        -0.9,
        1,
        6.322,
        -0.9,
        6.378,
        -0.753,
        6.433,
        -0.1,
        1,
        6.478,
        0.422,
        6.522,
        1,
        6.567,
        1,
        0,
        7,
        -1,
        0,
        8.2,
        1,
        1,
        8.467,
        1,
        8.733,
        0.328,
        9,
        0,
        1,
        9.167,
        -0.205,
        9.333,
        -0.305,
        9.5,
        -0.354
      ]
    },
    {
      "Target": "Parameter",
      "Id": "Paramdcy",
      "FadeInTime": -1.0,
      "FadeOutTime": -1.0,
      "Segments": [
        0,
        0,
        0,
        3,
        -0.4,
        2,
        6.067,
        -0.4,
        1,
        6.134,
        -0.4,
        6.2,
        -0.419,
        6.267,
        -0.6,
        1,
        6.322,
        -0.751,
        6.378,
        -1,
        6.433,
        -1,
        1,
        6.478,
        -1,
        6.522,
        -0.583,
        6.567,
        -0.5,
        1,
        6.711,
        -0.232,
        6.856,
        -0.173,
        7,
        -0.173,
        0,
        7.533,
        -0.702,
        0,
        8.233,
        -0.084,
        0,
        9,
        -0.4,
        1,
        9.167,
        -0.4,
        9.333,
        -0.285,
        9.5,
        -0.179
      ]
    },
    {
      "Target": "Parameter",
      "Id": "Paramdczuoyou",
      "FadeInTime": -1.0,
      "FadeOutTime": -1.0,
      "Segments": [
        0,
        0,
        2,
        3,
        0,
        2,
        6.1,
        0,
        0,
        6.4,
        0.4,
        1,
        6.489,
        0.4,
        6.578,
        0.294,
        6.667,
        0,
        1,
        6.778,
        -0.367,
        6.889,
        -0.6,
        7,
        -0.6,
        0,
        8.2,
        0.5,
        1,
        8.467,
        0.5,
        8.733,
        0.221,
        9,
        0,
        1,
        9.167,
        -0.138,
        9.333,
        -0.214,
        9.5,
        -0.255
      ]
    },
    {
      "Target": "Parameter",
      "Id": "ParamBodyAngleX",
      "FadeInTime": -1.0,
      "FadeOutTime": -1.0,
      "Segments": [
        0,
        0,
        2,
        4,
        0,
        2,
        9,
        0,
        1,
        9.167,
        0,
        9.333,
        -0.234,
        9.5,
        -0.565
      ]
    },
    {
      "Target": "Parameter",
      "Id": "ParamBodyAngleY",
      "FadeInTime": -1.0,
      "FadeOutTime": -1.0,
      "Segments": [
        0,
        0,
        2,
        4,
        0,
        2,
        6.167,
        0,
        0,
        6.5,
        -8,
        0,
        6.767,
        0,
        2,
        9,
        0,
        2,
        9.5,
        0
      ]
    },
    {
      "Target": "Parameter",
      "Id": "Parambdx",
      "FadeInTime": -1.0,
      "FadeOutTime": -1.0,
      "Segments": [
        0,
        0,
        2,
        4,
        0,
        2,
        9,
        0,
        1,
        9.167,
        0,
        9.333,
        -0.234,
        9.5,
        -0.565
      ]
    },
    {
      "Target": "Parameter",
      "Id": "Parambdy",
      "FadeInTime": -1.0,
      "FadeOutTime": -1.0,
      "Segments": [
        0,
        0,
        2,
        4,
        0,
        2,
        6.167,
        0,
        0,
        6.5,
        -8,
        0,
        6.767,
        0,
        2,
        9,
        0,
        2,
        9.5,
        0
      ]
    },
    {
      "Target": "Parameter",
      "Id": "Parampigu",
      "FadeInTime": -1.0,
      "FadeOutTime": -1.0,
      "Segments": [
        0,
        0,
        2,
        4,
        0,
        2,
        9,
        0,
        1,
        9.167,
        0,
        9.333,
        0.606,
        9.5,
        1.46
      ]
    },
    {
      "Target": "Parameter",
      "Id": "ParamBreath",
      "FadeInTime": -1.0,
      "FadeOutTime": -1.0,
      "Segments": [
        0,
        0,
        2,
        4,
        0,
        2,
        9,
        0,
        1,
        9.167,
        0,
        9.333,
        0.055,
        9.5,
        0.139
      ]
    },
    {
      "Target": "Parameter",
      "Id": "Parampsr",
      "FadeInTime": -1.0,
      "FadeOutTime": -1.0,
      "Segments": [
        0,
        0,
        2,
        6.067,
        0,
        0,
        6.333,
        -1,
        0,
        6.667,
        1,
        0,
        7.133,
        -1,
        0,
        7.6,
        1,
        0,
        8.033,
        -1,
        0,
        8.3,
        0,
        2,
        9.5,
        0
      ]
    },
    {
      "Target": "Parameter",
      "Id": "ParamHairFront",
      "FadeInTime": -1.0,
      "FadeOutTime": -1.0,
      "Segments": [
        0,
        0,
        0,
        0.1,
        -0.005,
        0,
        0.5,
        0.01,
        0,
        0.767,
        0.007,
        0,
        1.133,
        0.009,
        2,
        1.167,
        0.009,
        0,
        1.2,
        0.01,
        0,
        1.233,
        0.009,
        2,
        1.267,
        0.009,
        0,
        1.667,
        0.008,
        2,
        1.7,
        0.008,
        0,
        4.167,
        -0.018,
        2,
        4.2,
        -0.018,
        2,
        4.267,
        -0.018,
        2,
        4.3,
        -0.018,
        2,
        4.367,
        -0.018,
        2,
        4.4,
        -0.018,
        2,
        4.433,
        -0.018,
        2,
        4.467,
        -0.018,
        2,
        4.533,
        -0.018,
        2,
        4.667,
        -0.018,
        2,
        4.7,
        -0.018,
        0,
        4.933,
        -0.016,
        2,
        4.967,
        -0.016,
        0,
        6.3,
        0.467,
        0,
        6.567,
        -0.773,
        0,
        6.9,
        0.878,
        0,
        7.333,
        -0.683,
        0,
        7.8,
        0.83,
        0,
        8.233,
        -0.925,
        0,
        8.533,
        0.473,
        0,
        8.9,
        -0.164,
        0,
        9.2,
        0.028,
        1,
        9.3,
        0.028,
        9.4,
        -0.037,
        9.5,
        -0.05
      ]
    },
    {
      "Target": "Parameter",
      "Id": "Paramhfy",
      "FadeInTime": -1.0,
      "FadeOutTime": -1.0,
      "Segments": [
        0,
        0.011,
        0,
        0.067,
        0.015,
        0,
        0.333,
        -0.008,
        0,
        0.7,
        0.009,
        0,
        1,
        0.005,
        0,
        1.367,
        0.009,
        2,
        1.4,
        0.009,
        2,
        1.433,
        0.009,
        2,
        1.7,
        0.009,
        2,
        1.733,
        0.009,
        2,
        1.767,
        0.009,
        2,
        1.8,
        0.009,
        2,
        1.833,
        0.009,
        2,
        1.867,
        0.009,
        2,
        1.9,
        0.009,
        2,
        1.933,
        0.009,
        2,
        1.967,
        0.009,
        2,
        2,
        0.009,
        0,
        3.1,
        0.002,
        2,
        3.133,
        0.002,
        0,
        4.4,
        -0.017,
        2,
        4.433,
        -0.017,
        0,
        4.667,
        -0.018,
        0,
        4.7,
        -0.017,
        0,
        4.833,
        -0.018,
        2,
        4.9,
        -0.018,
        2,
        4.933,
        -0.018,
        2,
        4.967,
        -0.018,
        2,
        5,
        -0.018,
        2,
        5.067,
        -0.018,
        2,
        5.1,
        -0.018,
        0,
        6.1,
        -0.008,
        0,
        6.233,
        -0.245,
        0,
        6.5,
        0.78,
        0,
        6.767,
        -1,
        2,
        6.8,
        -1,
        0,
        7.067,
        1,
        2,
        7.1,
        1,
        0,
        7.6,
        -0.741,
        0,
        8.067,
        0.957,
        0,
        8.4,
        -1,
        2,
        8.433,
        -1,
        0,
        8.733,
        0.532,
        0,
        9.1,
        -0.213,
        0,
        9.4,
        0.066,
        1,
        9.433,
        0.066,
        9.467,
        0.056,
        9.5,
        0.042
      ]
    },
    {
      "Target": "Parameter",
      "Id": "Param",
      "FadeInTime": -1.0,
      "FadeOutTime": -1.0,
      "Segments": [
        0,
        0.736,
        1,
        0.2,
        0.736,
        0.4,
        0.438,
        0.6,
        0.003,
        1,
        0.844,
        -0.529,
        1.089,
        -0.73,
        1.333,
        -0.73,
        1,
        1.555,
        -0.73,
        1.778,
        -0.374,
        2,
        0.002,
        1,
        2.333,
        0.566,
        2.667,
        0.736,
        3,
        0.736,
        0,
        4.6,
        0,
        0,
        6.067,
        0.5,
        1,
        6.134,
        0.5,
        6.2,
        0.453,
        6.267,
        0.002,
        1,
        6.322,
        -0.374,
        6.378,
        -1,
        6.433,
        -1,
        1,
        6.478,
        -1,
        6.522,
        -0.512,
        6.567,
        0,
        1,
        6.634,
        0.768,
        6.7,
        1,
        6.767,
        1,
        1,
        6.845,
        1,
        6.922,
        0.272,
        7,
        0.003,
        1,
        7.178,
        -0.612,
        7.355,
        -0.73,
        7.533,
        -0.73,
        1,
        7.755,
        -0.73,
        7.978,
        -0.439,
        8.2,
        0.002,
        1,
        8.467,
        0.53,
        8.733,
        0.736,
        9,
        0.736,
        1,
        9.167,
        0.736,
        9.333,
        0.654,
        9.5,
        0.508
      ]
    },
    {
      "Target": "Parameter",
      "Id": "Param2",
      "FadeInTime": -1.0,
      "FadeOutTime": -1.0,
      "Segments": [
        0,
        0.002,
        0,
        0.6,
        0.736,
        1,
        0.844,
        0.736,
        1.089,
        0.512,
        1.333,
        0.002,
        1,
        1.555,
        -0.463,
        1.778,
        -0.73,
        2,
        -0.73,
        0,
        3,
        0.002,
        0,
        4.6,
        0,
        2,
        6.067,
        0,
        0,
        6.267,
        0.522,
        1,
        6.322,
        0.522,
        6.378,
        0.467,
        6.433,
        0,
        1,
        6.478,
        -0.374,
        6.522,
        -1,
        6.567,
        -1,
        1,
        6.634,
        -1,
        6.7,
        -0.506,
        6.767,
        0,
        1,
        6.845,
        0.591,
        6.922,
        0.736,
        7,
        0.736,
        1,
        7.178,
        0.736,
        7.355,
        0.43,
        7.533,
        0.002,
        1,
        7.755,
        -0.534,
        7.978,
        -0.73,
        8.2,
        -0.73,
        1,
        8.467,
        -0.73,
        8.733,
        -0.447,
        9,
        0.002,
        1,
        9.167,
        0.282,
        9.333,
        0.473,
        9.5,
        0.589
      ]
    },
    {
      "Target": "Parameter",
      "Id": "ParamHairBack",
      "FadeInTime": -1.0,
      "FadeOutTime": -1.0,
      "Segments": [
        0,
        0,
        0,
        0.6,
        -0.494,
        1,
        0.844,
        -0.494,
        1.089,
        -0.348,
        1.333,
        0,
        1,
        1.555,
        0.316,
        1.778,
        0.505,
        2,
        0.505,
        0,
        3,
        0,
        0,
        6.067,
        0.002,
        0,
        6.267,
        -1,
        1,
        6.322,
        -1,
        6.378,
        -0.731,
        6.433,
        0,
        1,
        6.478,
        0.585,
        6.522,
        1,
        6.567,
        1,
        0,
        7,
        -0.494,
        1,
        7.178,
        -0.494,
        7.355,
        -0.293,
        7.533,
        0,
        1,
        7.755,
        0.366,
        7.978,
        0.505,
        8.2,
        0.505,
        1,
        8.467,
        0.505,
        8.733,
        0.305,
        9,
        0,
        1,
        9.167,
        -0.191,
        9.333,
        -0.319,
        9.5,
        -0.397
      ]
    },
    {
      "Target": "Parameter",
      "Id": "Paramhoufay",
      "FadeInTime": -1.0,
      "FadeOutTime": -1.0,
      "Segments": [
        0,
        0.518,
        1,
        0.2,
        0.518,
        0.4,
        0.304,
        0.6,
        0,
        1,
        0.844,
        -0.372,
        1.089,
        -0.508,
        1.333,
        -0.508,
        1,
        1.555,
        -0.508,
        1.778,
        -0.156,
        2,
        0,
        1,
        2.333,
        0.234,
        2.667,
        0.516,
        3,
        0.518,
        1,
        4.022,
        0.522,
        5.045,
        0.522,
        6.067,
        0.522,
        1,
        6.134,
        0.522,
        6.2,
        0.467,
        6.267,
        0,
        1,
        6.322,
        -0.389,
        6.378,
        -1,
        6.433,
        -1,
        0,
        6.567,
        0,
        2,
        7,
        0,
        0,
        7.533,
        -0.508,
        1,
        7.755,
        -0.508,
        7.978,
        -0.309,
        8.2,
        0,
        1,
        8.467,
        0.37,
        8.733,
        0.518,
        9,
        0.518,
        1,
        9.167,
        0.518,
        9.333,
        0.458,
        9.5,
        0.356
      ]
    },
    {
      "Target": "Parameter",
      "Id": "Paramhoufabx",
      "FadeInTime": -1.0,
      "FadeOutTime": -1.0,
      "Segments": [
        0,
        0,
        0,
        0.6,
        -0.494,
        1,
        0.844,
        -0.494,
        1.089,
        -0.348,
        1.333,
        0,
        1,
        1.555,
        0.316,
        1.778,
        0.505,
        2,
        0.505,
        1,
        2.333,
        0.505,
        2.667,
        0.081,
        3,
        0,
        1,
        4.022,
        -0.249,
        5.045,
        -0.3,
        6.067,
        -0.3,
        0,
        6.267,
        1,
        0,
        6.433,
        -0.6,
        0,
        6.567,
        1,
        0,
        7,
        -0.494,
        1,
        7.178,
        -0.494,
        7.355,
        -0.293,
        7.533,
        0,
        1,
        7.755,
        0.366,
        7.978,
        0.505,
        8.2,
        0.505,
        1,
        8.467,
        0.505,
        8.733,
        0.305,
        9,
        0,
        1,
        9.167,
        -0.191,
        9.333,
        -0.319,
        9.5,
        -0.397
      ]
    },
    {
      "Target": "Parameter",
      "Id": "Paramdcfx",
      "FadeInTime": -1.0,
      "FadeOutTime": -1.0,
      "Segments": [
        0,
        0.522,
        1,
        0.2,
        0.522,
        0.4,
        0.31,
        0.6,
        0.002,
        1,
        0.844,
        -0.375,
        1.089,
        -0.517,
        1.333,
        -0.517,
        1,
        1.555,
        -0.517,
        1.778,
        -0.265,
        2,
        0.002,
        1,
        2.333,
        0.402,
        2.667,
        0.522,
        3,
        0.522,
        0,
        4.6,
        0,
        0,
        6.067,
        0.5,
        1,
        6.134,
        0.5,
        6.2,
        0.453,
        6.267,
        0.002,
        1,
        6.322,
        -0.374,
        6.378,
        -1,
        6.433,
        -1,
        1,
        6.478,
        -1,
        6.522,
        -0.512,
        6.567,
        0,
        1,
        6.634,
        0.768,
        6.7,
        1,
        6.767,
        1,
        1,
        6.845,
        1,
        6.922,
        0.199,
        7,
        0.002,
        1,
        7.178,
        -0.449,
        7.355,
        -0.517,
        7.533,
        -0.517,
        1,
        7.755,
        -0.517,
        7.978,
        -0.31,
        8.2,
        0.002,
        1,
        8.467,
        0.377,
        8.733,
        0.522,
        9,
        0.522,
        1,
        9.167,
        0.522,
        9.333,
        0.463,
        9.5,
        0.36
      ]
    },
    {
      "Target": "Parameter",
      "Id": "Paramdcfy",
      "FadeInTime": -1.0,
      "FadeOutTime": -1.0,
      "Segments": [
        0,
        0.002,
        0,
        0.6,
        0.522,
        1,
        0.844,
        0.522,
        1.089,
        0.364,
        1.333,
        0.002,
        1,
        1.555,
        -0.327,
        1.778,
        -0.517,
        2,
        -0.517,
        0,
        3,
        0.002,
        0,
        4.6,
        0,
        2,
        6.067,
        0,
        0,
        6.267,
        0.522,
        1,
        6.322,
        0.522,
        6.378,
        0.467,
        6.433,
        0,
        1,
        6.478,
        -0.374,
        6.522,
        -1,
        6.567,
        -1,
        1,
        6.634,
        -1,
        6.7,
        -0.4,
        6.767,
        0,
        1,
        6.845,
        0.466,
        6.922,
        0.522,
        7,
        0.522,
        1,
        7.178,
        0.522,
        7.355,
        0.306,
        7.533,
        0.002,
        1,
        7.755,
        -0.378,
        7.978,
        -0.517,
        8.2,
        -0.517,
        1,
        8.467,
        -0.517,
        8.733,
        -0.316,
        9,
        0.002,
        1,
        9.167,
        0.201,
        9.333,
        0.336,
        9.5,
        0.418
      ]
    },
    {
      "Target": "Parameter",
      "Id": "Param_Angle_Rotation_2_ArtMesh73",
      "FadeInTime": -1.0,
      "FadeOutTime": -1.0,
      "Segments": [
        0,
        0,
        2,
        0.033,
        0,
        0,
        0.5,
        0.598,
        0,
        0.867,
        0.158,
        0,
        1.267,
        0.318,
        0,
        4.367,
        -0.581,
        2,
        4.4,
        -0.581,
        0,
        4.433,
        -0.588,
        0,
        4.467,
        -0.586,
        0,
        4.533,
        -0.59,
        0,
        4.567,
        -0.587,
        0,
        4.633,
        -0.588,
        0,
        4.667,
        -0.584,
        0,
        4.7,
        -0.588,
        0,
        6.3,
        10.134,
        0,
        6.6,
        -14.545,
        0,
        6.9,
        16.135,
        0,
        7.4,
        -14.687,
        0,
        7.867,
        17.7,
        0,
        8.267,
        -17.204,
        0,
        8.567,
        5.795,
        0,
        8.967,
        -1.426,
        0,
        9.2,
        -0.558,
        1,
        9.3,
        -0.558,
        9.4,
        -0.939,
        9.5,
        -1.015
      ]
    },
    {
      "Target": "Parameter",
      "Id": "Param_Angle_Rotation_3_ArtMesh73",
      "FadeInTime": -1.0,
      "FadeOutTime": -1.0,
      "Segments": [
        0,
        0,
        2,
        0.033,
        0,
        0,
        0.467,
        -0.566,
        0,
        0.767,
        0.522,
        0,
        1.1,
        -0.212,
        0,
        1.467,
        0.075,
        0,
        1.833,
        -0.016,
        0,
        2.2,
        0.021,
        0,
        2.233,
        0.02,
        0,
        2.267,
        0.021,
        0,
        2.3,
        0.019,
        0,
        2.333,
        0.02,
        0,
        2.367,
        0.018,
        2,
        2.4,
        0.018,
        0,
        2.433,
        0.017,
        2,
        2.467,
        0.017,
        0,
        2.5,
        0.016,
        0,
        2.533,
        0.017,
        0,
        2.567,
        0.016,
        0,
        2.6,
        0.018,
        0,
        2.633,
        0.017,
        0,
        3.267,
        0.07,
        0,
        3.6,
        -0.002,
        0,
        3.633,
        -0.001,
        0,
        3.667,
        -0.003,
        0,
        3.9,
        0.019,
        2,
        3.933,
        0.019,
        0,
        4,
        0.021,
        0,
        4.133,
        0.011,
        0,
        4.167,
        0.013,
        0,
        4.4,
        -0.004,
        0,
        4.433,
        0,
        0,
        4.467,
        -0.003,
        0,
        4.533,
        -0.002,
        0,
        4.567,
        -0.005,
        0,
        4.633,
        -0.004,
        0,
        4.667,
        -0.007,
        0,
        4.8,
        0.014,
        0,
        4.933,
        -0.002,
        2,
        4.967,
        -0.002,
        0,
        5.2,
        -0.026,
        0,
        5.233,
        -0.022,
        0,
        5.267,
        -0.024,
        0,
        5.333,
        -0.023,
        0,
        5.367,
        -0.025,
        0,
        5.433,
        -0.023,
        0,
        5.467,
        -0.026,
        0,
        5.5,
        -0.022,
        0,
        5.567,
        -0.028,
        0,
        5.6,
        -0.025,
        0,
        5.733,
        -0.032,
        0,
        5.767,
        -0.03,
        0,
        5.833,
        -0.035,
        0,
        5.867,
        -0.034,
        0,
        6,
        -0.039,
        0,
        6.033,
        -0.038,
        0,
        6.267,
        -6.042,
        0,
        6.5,
        14.03,
        0,
        6.8,
        -18.735,
        0,
        7.1,
        15.677,
        0,
        7.667,
        -12.717,
        0,
        8.133,
        16.981,
        0,
        8.433,
        -18.617,
        0,
        8.8,
        9.024,
        0,
        9.133,
        -3.255,
        0,
        9.5,
        0.985
      ]
    },
    {
      "Target": "Parameter",
      "Id": "Param_Angle_Rotation_4_ArtMesh73",
      "FadeInTime": -1.0,
      "FadeOutTime": -1.0,
      "Segments": [
        0,
        0,
        2,
        0.467,
        0,
        0,
        0.667,
        -0.652,
        0,
        0.933,
        0.618,
        0,
        1.3,
        -0.332,
        0,
        1.633,
        0.15,
        0,
        2,
        -0.047,
        0,
        2.4,
        0.036,
        0,
        2.733,
        0.014,
        0,
        3.4,
        0.069,
        0,
        3.8,
        -0.014,
        0,
        4.133,
        0.025,
        0,
        4.6,
        -0.008,
        2,
        4.667,
        -0.008,
        0,
        4.767,
        -0.04,
        0,
        5.067,
        0.004,
        0,
        5.467,
        -0.03,
        0,
        5.7,
        -0.027,
        0,
        6.367,
        -4.474,
        0,
        6.633,
        12.771,
        0,
        6.933,
        -19.03,
        0,
        7.3,
        19.367,
        0,
        7.733,
        -17.409,
        0,
        8.2,
        20.648,
        0,
        8.567,
        -21.294,
        0,
        8.933,
        13.387,
        0,
        9.3,
        -6.121,
        1,
        9.367,
        -6.121,
        9.433,
        -3.61,
        9.5,
        -1.327
      ]
    },
    {
      "Target": "Parameter",
      "Id": "Param_Angle_Rotation_5_ArtMesh73",
      "FadeInTime": -1.0,
      "FadeOutTime": -1.0,
      "Segments": [
        0,
        0,
        2,
        0.633,
        0,
        0,
        0.8,
        -0.664,
        0,
        1.1,
        0.759,
        0,
        1.467,
        -0.487,
        0,
        1.8,
        0.261,
        0,
        2.167,
        -0.105,
        0,
        2.567,
        0.065,
        0,
        2.933,
        0.004,
        0,
        3.5,
        0.072,
        0,
        3.933,
        -0.027,
        0,
        4.3,
        0.033,
        0,
        4.667,
        -0.015,
        0,
        4.733,
        -0.006,
        0,
        4.967,
        -0.023,
        0,
        5.233,
        0.001,
        0,
        5.6,
        -0.036,
        0,
        5.9,
        -0.027,
        0,
        6.467,
        -3.657,
        0,
        6.767,
        11.878,
        0,
        7.067,
        -20.024,
        0,
        7.433,
        23.776,
        0,
        7.833,
        -23.235,
        0,
        8.3,
        25.553,
        0,
        8.7,
        -26.179,
        0,
        9.1,
        18.786,
        0,
        9.467,
        -10.263,
        1,
        9.478,
        -10.263,
        9.489,
        -10.14,
        9.5,
        -9.917
      ]
    },
    {
      "Target": "Parameter",
      "Id": "Param_Angle_Rotation_6_ArtMesh73",
      "FadeInTime": -1.0,
      "FadeOutTime": -1.0,
      "Segments": [
        0,
        0,
        2,
        0.767,
        0,
        0,
        0.967,
        -0.759,
        0,
        1.267,
        0.864,
        0,
        1.6,
        -0.666,
        0,
        1.967,
        0.414,
        0,
        2.333,
        -0.198,
        0,
        2.7,
        0.115,
        0,
        3.067,
        -0.017,
        0,
        3.567,
        0.081,
        0,
        4.033,
        -0.042,
        0,
        4.433,
        0.045,
        0,
        4.867,
        -0.022,
        2,
        4.9,
        -0.022,
        2,
        5,
        -0.022,
        0,
        5.367,
        0.001,
        0,
        5.767,
        -0.043,
        0,
        6.067,
        -0.026,
        0,
        6.533,
        -3.211,
        0,
        6.867,
        11.427,
        0,
        7.2,
        -21.188,
        0,
        7.567,
        28.294,
        0,
        7.967,
        -30.227,
        0,
        8.4,
        31.885,
        0,
        8.833,
        -32.067,
        0,
        9.233,
        25.155,
        1,
        9.322,
        25.155,
        9.411,
        3.59,
        9.5,
        -8.172
      ]
    },
    {
      "Target": "Parameter",
      "Id": "Param_Angle_Rotation_7_ArtMesh73",
      "FadeInTime": -1.0,
      "FadeOutTime": -1.0,
      "Segments": [
        0,
        0,
        2,
        0.9,
        0,
        0,
        1.067,
        -0.68,
        0,
        1.4,
        0.965,
        0,
        1.767,
        -0.87,
        0,
        2.133,
        0.612,
        0,
        2.5,
        -0.337,
        0,
        2.867,
        0.2,
        0,
        3.233,
        -0.059,
        0,
        3.667,
        0.105,
        0,
        4.167,
        -0.061,
        0,
        4.567,
        0.061,
        0,
        5,
        -0.04,
        0,
        5.467,
        0.005,
        0,
        5.9,
        -0.05,
        0,
        6.167,
        -0.025,
        0,
        6.633,
        -3.021,
        0,
        7,
        11.527,
        0,
        7.333,
        -22.495,
        0,
        7.667,
        32.418,
        0,
        8.067,
        -37.32,
        0,
        8.5,
        38.609,
        0,
        8.933,
        -38.512,
        0,
        9.333,
        31.968,
        1,
        9.389,
        31.968,
        9.444,
        22.581,
        9.5,
        11.629
      ]
    },
    {
      "Target": "Model",
      "Id": "Opacity",
      "FadeInTime": -1.0,
      "FadeOutTime": -1.0,
      "Segments": [
        0,
        1,
        0,
        9.5,
        1
      ]
    },
    {
      "Target": "Parameter",
      "Id": "Param20",
      "FadeInTime": -1.0,
      "FadeOutTime": -1.0,
      "Segments": [
        0,
        0,
        0,
        9.5,
        0
      ]
    },
    {
      "Target": "Parameter",
      "Id": "Paramyoushangbiss",
      "FadeInTime": -1.0,
      "FadeOutTime": -1.0,
      "Segments": [
        0,
        0,
        0,
        9.5,
        0
      ]
    },
    {
      "Target": "Parameter",
      "Id": "Paramyoushouts",
      "FadeInTime": -1.0,
      "FadeOutTime": -1.0,
      "Segments": [
        0,
        0,
        0,
        9.5,
        0
      ]
    },
    {
      "Target": "Parameter",
      "Id": "Paramyouzhangqie",
      "FadeInTime": -1.0,
      "FadeOutTime": -1.0,
      "Segments": [
        0,
        0,
        0,
        9.5,
        0
      ]
    },
    {
      "Target": "Parameter",
      "Id": "Paramyouzhi1",
      "FadeInTime": -1.0,
      "FadeOutTime": -1.0,
      "Segments": [
        0,
        1,
        0,
        9.5,
        1
      ]
    },
    {
      "Target": "Parameter",
      "Id": "Paramshutc",
      "FadeInTime": -1.0,
      "FadeOutTime": -1.0,
      "Segments": [
        0,
        0,
        0,
        9.5,
        0
      ]
    },
    {
      "Target": "Parameter",
      "Id": "Paramshutm",
      "FadeInTime": -1.0,
      "FadeOutTime": -1.0,
      "Segments": [
        0,
        1,
        0,
        9.5,
        1
      ]
    },
    {
      "Target": "Parameter",
      "Id": "Paramshux",
      "FadeInTime": -1.0,
      "FadeOutTime": -1.0,
      "Segments": [
        0,
        0,
        0,
        9.5,
        0
      ]
    },
    {
      "Target": "Parameter",
      "Id": "Paramshuy",
      "FadeInTime": -1.0,
      "FadeOutTime": -1.0,
      "Segments": [
        0,
        0,
        0,
        9.5,
        0
      ]
    },
    {
      "Target": "Parameter",
      "Id": "Paramshuxz",
      "FadeInTime": -1.0,
      "FadeOutTime": -1.0,
      "Segments": [
        0,
        0,
        0,
        9.5,
        0
      ]
    },
    {
      "Target": "Parameter",
      "Id": "Paramxinftm",
      "FadeInTime": -1.0,
      "FadeOutTime": -1.0,
      "Segments": [
        0,
        0,
        0,
        9.5,
        0
      ]
    },
    {
      "Target": "Parameter",
      "Id": "Paramxinfxz",
      "FadeInTime": -1.0,
      "FadeOutTime": -1.0,
      "Segments": [
        0,
        0,
        0,
        9.5,
        0
      ]
    },
    {
      "Target": "Parameter",
      "Id": "xiaoyanwu1",
      "FadeInTime": -1.0,
      "FadeOutTime": -1.0,
      "Segments": [
        0,
        0,
        0,
        9.5,
        0
      ]
    },
    {
      "Target": "Parameter",
      "Id": "Paramwuzitm",
      "FadeInTime": -1.0,
      "FadeOutTime": -1.0,
      "Segments": [
        0,
        0,
        0,
        9.5,
        0
      ]
    },
    {
      "Target": "Parameter",
      "Id": "Paramaixintm",
      "FadeInTime": -1.0,
      "FadeOutTime": -1.0,
      "Segments": [
        0,
        0,
        0,
        9.5,
        0
      ]
    },
    {
      "Target": "Parameter",
      "Id": "Paramaixin",
      "FadeInTime": -1.0,
      "FadeOutTime": -1.0,
      "Segments": [
        0,
        0,
        0,
        9.5,
        0
      ]
    },
    {
      "Target": "Parameter",
      "Id": "Paramxiongdai1",
      "FadeInTime": -1.0,
      "FadeOutTime": -1.0,
      "Segments": [
        0,
        0,
        0,
        9.5,
        0
      ]
    },
    {
      "Target": "Parameter",
      "Id": "Param28",
      "FadeInTime": -1.0,
      "FadeOutTime": -1.0,
      "Segments": [
        0,
        0,
        0,
        9.5,
        0
      ]
    },
    {
      "Target": "Parameter",
      "Id": "Paramzuoshouzxz",
      "FadeInTime": -1.0,
      "FadeOutTime": -1.0,
      "Segments": [
        0,
        0,
        0,
        9.5,
        0
      ]
    },
    {
      "Target": "Parameter",
      "Id": "Paramzuoshoutc",
      "FadeInTime": -1.0,
      "FadeOutTime": -1.0,
      "Segments": [
        0,
        0,
        0,
        9.5,
        0
      ]
    },
    {
      "Target": "Parameter",
      "Id": "Paramzuoxiabqie",
      "FadeInTime": -1.0,
      "FadeOutTime": -1.0,
      "Segments": [
        0,
        0,
        0,
        9.5,
        0
      ]
    },
    {
      "Target": "Parameter",
      "Id": "ParamRrr",
      "FadeInTime": -1.0,
      "FadeOutTime": -1.0,
      "Segments": [
        0,
        0,
        0,
        9.5,
        0
      ]
    },
    {
      "Target": "Parameter",
      "Id": "ParamEyeLSmile",
      "FadeInTime": -1.0,
      "FadeOutTime": -1.0,
      "Segments": [
        0,
        0,
        0,
        9.5,
        0
      ]
    },
    {
      "Target": "Parameter",
      "Id": "ParamEyeRSmile",
      "FadeInTime": -1.0,
      "FadeOutTime": -1.0,
      "Segments": [
        0,
        0,
        0,
        9.5,
        0
      ]
    },
    {
      "Target": "Parameter",
      "Id": "Parameyeqq",
      "FadeInTime": -1.0,
      "FadeOutTime": -1.0,
      "Segments": [
        0,
        0,
        0,
        9.5,
        0
      ]
    },
    {
      "Target": "Parameter",
      "Id": "Parameyeshizi",
      "FadeInTime": -1.0,
      "FadeOutTime": -1.0,
      "Segments": [
        0,
        0,
        0,
        9.5,
        0
      ]
    },
    {
      "Target": "Parameter",
      "Id": "Paramurrrr",
      "FadeInTime": -1.0,
      "FadeOutTime": -1.0,
      "Segments": [
        0,
        0,
        0,
        9.5,
        0
      ]
    },
    {
      "Target": "Parameter",
      "Id": "Parameyeliqie",
      "FadeInTime": -1.0,
      "FadeOutTime": -1.0,
      "Segments": [
        0,
        0,
        0,
        9.5,
        0
      ]
    },
    {
      "Target": "Parameter",
      "Id": "ParamBrowLX",
      "FadeInTime": -1.0,
      "FadeOutTime": -1.0,
      "Segments": [
        0,
        0,
        0,
        9.5,
        0
      ]
    },
    {
      "Target": "Parameter",
      "Id": "ParamBrowRX",
      "FadeInTime": -1.0,
      "FadeOutTime": -1.0,
      "Segments": [
        0,
        0,
        0,
        9.5,
        0
      ]
    },
    {
      "Target": "Parameter",
      "Id": "ParamCheek",
      "FadeInTime": -1.0,
      "FadeOutTime": -1.0,
      "Segments": [
        0,
        0,
        0,
        9.5,
        0
      ]
    },
    {
      "Target": "Parameter",
      "Id": "Parammaoqitm",
      "FadeInTime": -1.0,
      "FadeOutTime": -1.0,
      "Segments": [
        0,
        0,
        0,
        9.5,
        0
      ]
    },
    {
      "Target": "Parameter",
      "Id": "Paramgl",
      "FadeInTime": -1.0,
      "FadeOutTime": -1.0,
      "Segments": [
        0,
        0,
        0,
        9.5,
        0
      ]
    },
    {
      "Target": "Parameter",
      "Id": "Paramqi1",
      "FadeInTime": -1.0,
      "FadeOutTime": -1.0,
      "Segments": [
        0,
        0,
        0,
        9.5,
        0
      ]
    },
    {
      "Target": "Parameter",
      "Id": "Paramqi2",
      "FadeInTime": -1.0,
      "FadeOutTime": -1.0,
      "Segments": [
        0,
        0,
        0,
        9.5,
        0
      ]
    },
    {
      "Target": "Parameter",
      "Id": "Paramqi3",
      "FadeInTime": -1.0,
      "FadeOutTime": -1.0,
      "Segments": [
        0,
        0,
        0,
        9.5,
        0
      ]
    },
    {
      "Target": "Parameter",
      "Id": "Paramqi4",
      "FadeInTime": -1.0,
      "FadeOutTime": -1.0,
      "Segments": [
        0,
        0,
        0,
        9.5,
        0
      ]
    },
    {
      "Target": "Parameter",
      "Id": "Paramshetou",
      "FadeInTime": -1.0,
      "FadeOutTime": -1.0,
      "Segments": [
        0,
        0,
        0,
        9.5,
        0
      ]
    },
    {
      "Target": "Parameter",
      "Id": "Paramquan",
      "FadeInTime": -1.0,
      "FadeOutTime": -1.0,
      "Segments": [
        0,
        0,
        0,
        9.5,
        0
      ]
    },
    {
      "Target": "Parameter",
      "Id": "Paramquantm",
      "FadeInTime": -1.0,
      "FadeOutTime": -1.0,
      "Segments": [
        0,
        0,
        0,
        9.5,
        0
      ]
    },
    {
      "Target": "Parameter",
      "Id": "Paramtouxingx",
      "FadeInTime": -1.0,
      "FadeOutTime": -1.0,
      "Segments": [
        0,
        0,
        0,
        9.5,
        0
      ]
    },
    {
      "Target": "Parameter",
      "Id": "Paramtxtm",
      "FadeInTime": -1.0,
      "FadeOutTime": -1.0,
      "Segments": [
        0,
        0,
        0,
        9.5,
        0
      ]
    },
    {
      "Target": "Parameter",
      "Id": "koushuishangxia",
      "FadeInTime": -1.0,
      "FadeOutTime": -1.0,
      "Segments": [
        0,
        0,
        0,
        9.5,
        0
      ]
    },
    {
      "Target": "Parameter",
      "Id": "koushuizuoyou",
      "FadeInTime": -1.0,
      "FadeOutTime": -1.0,
      "Segments": [
        0,
        0,
        0,
        9.5,
        0
      ]
    },
    {
      "Target": "Parameter",
      "Id": "koushuijiaodu",
      "FadeInTime": -1.0,
      "FadeOutTime": -1.0,
      "Segments": [
        0,
        0,
        0,
        9.5,
        0
      ]
    },
    {
      "Target": "Parameter",
      "Id": "koushuiyaobai",
      "FadeInTime": -1.0,
      "FadeOutTime": -1.0,
      "Segments": [
        0,
        0,
        0,
        9.5,
        0
      ]
    },
    {
      "Target": "Parameter",
      "Id": "koushuichangduan",
      "FadeInTime": -1.0,
      "FadeOutTime": -1.0,
      "Segments": [
        0,
        0,
        0,
        9.5,
        0
      ]
    },
    {
      "Target": "Parameter",
      "Id": "Paramkoushuiyasuo",
      "FadeInTime": -1.0,
      "FadeOutTime": -1.0,
      "Segments": [
        0,
        0,
        0,
        9.5,
        0
      ]
    },
    {
      "Target": "Parameter",
      "Id": "ParamBodyAngleZ",
      "FadeInTime": -1.0,
      "FadeOutTime": -1.0,
      "Segments": [
        0,
        0,
        0,
        9.5,
        0
      ]
    },
    {
      "Target": "Parameter",
      "Id": "ParamHairSide",
      "FadeInTime": -1.0,
      "FadeOutTime": -1.0,
      "Segments": [
        0,
        0,
        0,
        9.5,
        0
      ]
    },
    {
      "Target": "PartOpacity",
      "Id": "Part",
      "FadeInTime": -1.0,
      "FadeOutTime": -1.0,
      "Segments": [
        0,
        1,
        0,
        9.5,
        1
      ]
    },
    {
      "Target": "PartOpacity",
      "Id": "Part2",
      "FadeInTime": -1.0,
      "FadeOutTime": -1.0,
      "Segments": [
        0,
        1,
        0,
        9.5,
        1
      ]
    },
    {
      "Target": "PartOpacity",
      "Id": "Part3",
      "FadeInTime": -1.0,
      "FadeOutTime": -1.0,
      "Segments": [
        0,
        1,
        0,
        9.5,
        1
      ]
    },
    {
      "Target": "PartOpacity",
      "Id": "dc",
      "FadeInTime": -1.0,
      "FadeOutTime": -1.0,
      "Segments": [
        0,
        1,
        0,
        9.5,
        1
      ]
    },
    {
      "Target": "PartOpacity",
      "Id": "Part4",
      "FadeInTime": -1.0,
      "FadeOutTime": -1.0,
      "Segments": [
        0,
        1,
        0,
        9.5,
        1
      ]
    },
    {
      "Target": "PartOpacity",
      "Id": "Part5",
      "FadeInTime": -1.0,
      "FadeOutTime": -1.0,
      "Segments": [
        0,
        1,
        0,
        9.5,
        1
      ]
    },
    {
      "Target": "PartOpacity",
      "Id": "Part6",
      "FadeInTime": -1.0,
      "FadeOutTime": -1.0,
      "Segments": [
        0,
        1,
        0,
        9.5,
        1
      ]
    },
    {
      "Target": "PartOpacity",
      "Id": "Part7",
      "FadeInTime": -1.0,
      "FadeOutTime": -1.0,
      "Segments": [
        0,
        1,
        0,
        9.5,
        1
      ]
    },
    {
      "Target": "PartOpacity",
      "Id": "Part8",
      "FadeInTime": -1.0,
      "FadeOutTime": -1.0,
      "Segments": [
        0,
        1,
        0,
        9.5,
        1
      ]
    },
    {
      "Target": "PartOpacity",
      "Id": "Part9",
      "FadeInTime": -1.0,
      "FadeOutTime": -1.0,
      "Segments": [
        0,
        1,
        0,
        9.5,
        1
      ]
    },
    {
      "Target": "PartOpacity",
      "Id": "Part10",
      "FadeInTime": -1.0,
      "FadeOutTime": -1.0,
      "Segments": [
        0,
        1,
        0,
        9.5,
        1
      ]
    },
    {
      "Target": "PartOpacity",
      "Id": "Part11",
      "FadeInTime": -1.0,
      "FadeOutTime": -1.0,
      "Segments": [
        0,
        1,
        0,
        9.5,
        1
      ]
    },
    {
      "Target": "PartOpacity",
      "Id": "Part12",
      "FadeInTime": -1.0,
      "FadeOutTime": -1.0,
      "Segments": [
        0,
        1,
        0,
        9.5,
        1
      ]
    },
    {
      "Target": "PartOpacity",
      "Id": "Part13",
      "FadeInTime": -1.0,
      "FadeOutTime": -1.0,
      "Segments": [
        0,
        1,
        0,
        9.5,
        1
      ]
    },
    {
      "Target": "PartOpacity",
      "Id": "Part14",
      "FadeInTime": -1.0,
      "FadeOutTime": -1.0,
      "Segments": [
        0,
        1,
        0,
        9.5,
        1
      ]
    },
    {
      "Target": "PartOpacity",
      "Id": "Part15",
      "FadeInTime": -1.0,
      "FadeOutTime": -1.0,
      "Segments": [
        0,
        1,
        0,
        9.5,
        1
      ]
    },
    {
      "Target": "PartOpacity",
      "Id": "Part16",
      "FadeInTime": -1.0,
      "FadeOutTime": -1.0,
      "Segments": [
        0,
        1,
        0,
        9.5,
        1
      ]
    },
    {
      "Target": "PartOpacity",
      "Id": "Part17",
      "FadeInTime": -1.0,
      "FadeOutTime": -1.0,
      "Segments": [
        0,
        1,
        0,
        9.5,
        1
      ]
    },
    {
      "Target": "PartOpacity",
      "Id": "bq",
      "FadeInTime": -1.0,
      "FadeOutTime": -1.0,
      "Segments": [
        0,
        1,
        0,
        9.5,
        1
      ]
    },
    {
      "Target": "PartOpacity",
      "Id": "Part20",
      "FadeInTime": -1.0,
      "FadeOutTime": -1.0,
      "Segments": [
        0,
        1,
        0,
        9.5,
        1
      ]
    },
    {
      "Target": "PartOpacity",
      "Id": "Part21",
      "FadeInTime": -1.0,
      "FadeOutTime": -1.0,
      "Segments": [
        0,
        1,
        0,
        9.5,
        1
      ]
    },
    {
      "Target": "PartOpacity",
      "Id": "Part22",
      "FadeInTime": -1.0,
      "FadeOutTime": -1.0,
      "Segments": [
        0,
        1,
        0,
        9.5,
        1
      ]
    },
    {
      "Target": "PartOpacity",
      "Id": "Part23",
      "FadeInTime": -1.0,
      "FadeOutTime": -1.0,
      "Segments": [
        0,
        1,
        0,
        9.5,
        1
      ]
    },
    {
      "Target": "PartOpacity",
      "Id": "Part24",
      "FadeInTime": -1.0,
      "FadeOutTime": -1.0,
      "Segments": [
        0,
        1,
        0,
        9.5,
        1
      ]
    },
    {
      "Target": "PartOpacity",
      "Id": "dc1",
      "FadeInTime": -1.0,
      "FadeOutTime": -1.0,
      "Segments": [
        0,
        1,
        0,
        9.5,
        1
      ]
    },
    {
      "Target": "PartOpacity",
      "Id": "Part25",
      "FadeInTime": -1.0,
      "FadeOutTime": -1.0,
      "Segments": [
        0,
        1,
        0,
        9.5,
        1
      ]
    },
    {
      "Target": "PartOpacity",
      "Id": "Part26",
      "FadeInTime": -1.0,
      "FadeOutTime": -1.0,
      "Segments": [
        0,
        1,
        0,
        9.5,
        1
      ]
    },
    {
      "Target": "PartOpacity",
      "Id": "Part27",
      "FadeInTime": -1.0,
      "FadeOutTime": -1.0,
      "Segments": [
        0,
        1,
        0,
        9.5,
        1
      ]
    }
  ],
  "UserData": [
    {
      "Time": 0.0,
      "Value": ""
    },
    {
      "Time": 9.0,
      "Value": ""
    }
  ]
}