{
  "Version": 3,
  "Meta": {
    "Duration": 6.5,
    "Fps": 30.0,
    "Loop": true,
    "AreBeziersRestricted": true,
    "FadeInTime": 0.0,
    "FadeOutTime": 0.0,
    "CurveCount": 158,
    "TotalSegmentCount": 724,
    "TotalPointCount": 1026,
    "UserDataCount": 2,
    "TotalUserDataSize": 0
  },
  "Curves": [
    {
      "Target": "Parameter",
      "Id": "ParamlegLxz",
      "FadeInTime": -1.0,
      "FadeOutTime": -1.0,
      "Segments": [
        0,
        0,
        0,
        0.667,
        -3,
        0,
        2.267,
        3,
        0,
        3.7,
        -3,
        0,
        5.267,
        3,
        1,
        5.511,
        3,
        5.756,
        1.735,
        6,
        0,
        1,
        6.167,
        -1.183,
        6.333,
        -1.959,
        6.5,
        -2.425
      ]
    },
    {
      "Target": "Parameter",
      "Id": "Paramjoxz",
      "FadeInTime": -1.0,
      "FadeOutTime": -1.0,
      "Segments": [
        0,
        0,
        1,
        0.222,
        0,
        0.445,
        -1.099,
        0.667,
        -3,
        1,
        0.911,
        -5.091,
        1.156,
        -6.002,
        1.4,
        -6.002,
        1,
        1.689,
        -6.002,
        1.978,
        -5.077,
        2.267,
        -3,
        1,
        2.534,
        -1.082,
        2.8,
        0,
        3.067,
        0,
        1,
        3.278,
        0,
        3.489,
        -1.155,
        3.7,
        -3,
        1,
        3.944,
        -5.135,
        4.189,
        -6.002,
        4.433,
        -6.002,
        1,
        4.711,
        -6.002,
        4.989,
        -5.12,
        5.267,
        -3,
        1,
        5.511,
        -1.134,
        5.756,
        0,
        6,
        0,
        1,
        6.167,
        0,
        6.333,
        -0.337,
        6.5,
        -0.931
      ]
    },
    {
      "Target": "Parameter",
      "Id": "ParamjoLbx",
      "FadeInTime": -1.0,
      "FadeOutTime": -1.0,
      "Segments": [
        0,
        0,
        0,
        0.667,
        5.129,
        1,
        0.911,
        5.129,
        1.156,
        3.086,
        1.4,
        0,
        1,
        1.689,
        -3.647,
        1.978,
        -5.058,
        2.267,
        -5.058,
        1,
        2.534,
        -5.058,
        2.8,
        -3.731,
        3.067,
        0,
        1,
        3.278,
        2.953,
        3.489,
        5.129,
        3.7,
        5.129,
        1,
        3.944,
        5.129,
        4.189,
        3.162,
        4.433,
        0,
        1,
        4.711,
        -3.593,
        4.989,
        -5.058,
        5.267,
        -5.058,
        1,
        5.511,
        -5.058,
        5.756,
        -2.949,
        6,
        0,
        1,
        6.167,
        2.01,
        6.333,
        3.339,
        6.5,
        4.139
      ]
    },
    {
      "Target": "Parameter",
      "Id": "ParamlegRxz",
      "FadeInTime": -1.0,
      "FadeOutTime": -1.0,
      "Segments": [
        0,
        0,
        0,
        0.7,
        -3,
        0,
        2.3,
        3,
        0,
        3.733,
        -3,
        0,
        5.3,
        3,
        1,
        5.533,
        3,
        5.767,
        1.679,
        6,
        0,
        1,
        6.167,
        -1.2,
        6.333,
        -1.975,
        6.5,
        -2.436
      ]
    },
    {
      "Target": "Parameter",
      "Id": "Paramjorxz",
      "FadeInTime": -1.0,
      "FadeOutTime": -1.0,
      "Segments": [
        0,
        0,
        1,
        0.233,
        0,
        0.467,
        -1.047,
        0.7,
        -3,
        1,
        0.944,
        -5.046,
        1.189,
        -6.002,
        1.433,
        -6.002,
        1,
        1.722,
        -6.002,
        2.011,
        -5.077,
        2.3,
        -3,
        1,
        2.567,
        -1.082,
        2.833,
        0,
        3.1,
        0,
        1,
        3.311,
        0,
        3.522,
        -1.155,
        3.733,
        -3,
        1,
        3.978,
        -5.135,
        4.222,
        -6.002,
        4.467,
        -6.002,
        1,
        4.745,
        -6.002,
        5.022,
        -5.158,
        5.3,
        -3,
        1,
        5.533,
        -1.187,
        5.767,
        0,
        6,
        0,
        1,
        6.167,
        0,
        6.333,
        -0.337,
        6.5,
        -0.931
      ]
    },
    {
      "Target": "Parameter",
      "Id": "ParamjoRbx",
      "FadeInTime": -1.0,
      "FadeOutTime": -1.0,
      "Segments": [
        0,
        0,
        0,
        0.7,
        5.129,
        1,
        0.944,
        5.129,
        1.189,
        3.086,
        1.433,
        0,
        1,
        1.722,
        -3.647,
        2.011,
        -5.058,
        2.3,
        -5.058,
        1,
        2.567,
        -5.058,
        2.833,
        -3.731,
        3.1,
        0,
        1,
        3.311,
        2.953,
        3.522,
        5.129,
        3.733,
        5.129,
        1,
        3.978,
        5.129,
        4.222,
        3.162,
        4.467,
        0,
        1,
        4.745,
        -3.593,
        5.022,
        -5.058,
        5.3,
        -5.058,
        1,
        5.533,
        -5.058,
        5.767,
        -2.855,
        6,
        0,
        1,
        6.167,
        2.039,
        6.333,
        3.366,
        6.5,
        4.157
      ]
    },
    {
      "Target": "Parameter",
      "Id": "Paramyoushangbixz",
      "FadeInTime": -1.0,
      "FadeOutTime": -1.0,
      "Segments": [
        0,
        0,
        0,
        0.667,
        -2,
        0,
        1.6,
        -1,
        2,
        2.033,
        -1,
        2,
        2.967,
        -1,
        2,
        3.467,
        -1,
        2,
        4.1,
        -1,
        0,
        4.633,
        -2,
        0,
        5.567,
        0,
        2,
        6,
        0,
        2,
        6.5,
        0
      ]
    },
    {
      "Target": "Parameter",
      "Id": "Paramyoushangbiss",
      "FadeInTime": -1.0,
      "FadeOutTime": -1.0,
      "Segments": [
        0,
        0,
        0,
        0.667,
        -10,
        2,
        2.033,
        -10,
        2,
        2.967,
        -10,
        0,
        3.467,
        9.02,
        2,
        4.1,
        9.02,
        0,
        4.633,
        -10,
        0,
        5.567,
        0,
        2,
        6,
        0,
        2,
        6.5,
        0
      ]
    },
    {
      "Target": "Parameter",
      "Id": "Paramyouxibxz",
      "FadeInTime": -1.0,
      "FadeOutTime": -1.0,
      "Segments": [
        0,
        0,
        0,
        0.733,
        8,
        1,
        1.044,
        8,
        1.356,
        3.946,
        1.667,
        -1.5,
        1,
        1.711,
        -1.828,
        1.756,
        -1.892,
        1.8,
        -1.892,
        1,
        1.844,
        -1.892,
        1.889,
        -1.801,
        1.933,
        -1.708,
        1,
        1.989,
        -1.592,
        2.044,
        -1.563,
        2.1,
        -1.563,
        2,
        3.033,
        -1.563,
        0,
        3.533,
        2.84,
        2,
        4.167,
        2.84,
        0,
        4.7,
        8,
        0,
        5.567,
        0,
        2,
        6,
        0,
        1,
        6.167,
        0,
        6.333,
        0.144,
        6.5,
        0.277
      ]
    },
    {
      "Target": "Parameter",
      "Id": "Paramyouxiabss",
      "FadeInTime": -1.0,
      "FadeOutTime": -1.0,
      "Segments": [
        0,
        0,
        0,
        0.733,
        10,
        2,
        2.1,
        10,
        2,
        3.033,
        10,
        0,
        3.533,
        -1.02,
        2,
        4.167,
        -1.02,
        0,
        4.7,
        10,
        0,
        5.567,
        0,
        2,
        6,
        0,
        2,
        6.5,
        0
      ]
    },
    {
      "Target": "Parameter",
      "Id": "Paramyoushouzxz",
      "FadeInTime": -1.0,
      "FadeOutTime": -1.0,
      "Segments": [
        0,
        -0.186,
        0,
        0.467,
        -5,
        0,
        0.8,
        2,
        1,
        1.111,
        2,
        1.422,
        -2.23,
        1.733,
        -7,
        1,
        1.778,
        -7.281,
        1.822,
        -7.434,
        1.867,
        -7.434,
        1,
        1.911,
        -7.434,
        1.956,
        -7.351,
        2,
        -7.224,
        1,
        2.056,
        -7.064,
        2.111,
        -7,
        2.167,
        -7,
        2,
        3.1,
        -7,
        0,
        3.6,
        -3,
        2,
        4.233,
        -3,
        0,
        4.767,
        2,
        0,
        5.567,
        -5,
        1,
        5.711,
        -5,
        5.856,
        -0.284,
        6,
        -0.186,
        1,
        6.167,
        -0.072,
        6.333,
        -0.108,
        6.5,
        0
      ]
    },
    {
      "Target": "Parameter",
      "Id": "Paramyouzhangqie",
      "FadeInTime": -1.0,
      "FadeOutTime": -1.0,
      "Segments": [
        0,
        0,
        2,
        1.433,
        0,
        0,
        1.467,
        0.1,
        2,
        3.233,
        0.1,
        0,
        3.267,
        0,
        2,
        5.567,
        0,
        2,
        6,
        0,
        2,
        6.5,
        0
      ]
    },
    {
      "Target": "Parameter",
      "Id": "Paramyouzhi1",
      "FadeInTime": -1.0,
      "FadeOutTime": -1.0,
      "Segments": [
        0,
        1,
        2,
        0.667,
        1,
        2,
        1.2,
        1,
        2,
        1.6,
        1,
        2,
        2.033,
        1,
        2,
        2.8,
        1,
        0,
        3.2,
        0,
        0,
        3.533,
        0.1,
        2,
        4.1,
        0.1,
        0,
        5.567,
        1,
        2,
        6,
        1,
        2,
        6.5,
        1
      ]
    },
    {
      "Target": "Parameter",
      "Id": "Paramyouzhi2",
      "FadeInTime": -1.0,
      "FadeOutTime": -1.0,
      "Segments": [
        0,
        1,
        2,
        0.667,
        1,
        2,
        1.2,
        1,
        0,
        1.6,
        0,
        2,
        2.033,
        0,
        2,
        2.8,
        0,
        2,
        3.2,
        0,
        0,
        3.533,
        -0.2,
        2,
        4.1,
        -0.2,
        0,
        5.567,
        1,
        2,
        6,
        1,
        1,
        6.167,
        1,
        6.333,
        0.885,
        6.5,
        0.779
      ]
    },
    {
      "Target": "Parameter",
      "Id": "Paramyouzhi3",
      "FadeInTime": -1.0,
      "FadeOutTime": -1.0,
      "Segments": [
        0,
        1,
        2,
        0.667,
        1,
        0,
        1.2,
        0,
        2,
        1.6,
        0,
        2,
        2.033,
        0,
        2,
        2.8,
        0,
        0,
        3.2,
        -1,
        0,
        3.533,
        0,
        2,
        4.1,
        0,
        0,
        5.567,
        1,
        2,
        6,
        1,
        1,
        6.167,
        1,
        6.333,
        0.857,
        6.5,
        0.723
      ]
    },
    {
      "Target": "Parameter",
      "Id": "Paramyouzhi4",
      "FadeInTime": -1.0,
      "FadeOutTime": -1.0,
      "Segments": [
        0,
        1,
        2,
        0.667,
        1,
        0,
        1.2,
        0,
        0,
        1.6,
        1,
        2,
        2.033,
        1,
        2,
        2.8,
        1,
        0,
        3.2,
        0,
        0,
        3.533,
        1,
        2,
        4.1,
        1,
        2,
        5.567,
        1,
        2,
        6,
        1,
        1,
        6.167,
        1,
        6.333,
        0.885,
        6.5,
        0.779
      ]
    },
    {
      "Target": "Parameter",
      "Id": "Paramyouzhi5",
      "FadeInTime": -1.0,
      "FadeOutTime": -1.0,
      "Segments": [
        0,
        1,
        2,
        0.667,
        1,
        0,
        1.2,
        0,
        0,
        1.6,
        1,
        2,
        2.033,
        1,
        2,
        2.8,
        1,
        0,
        3.2,
        0,
        0,
        3.533,
        1,
        2,
        4.1,
        1,
        2,
        5.567,
        1,
        2,
        6,
        1,
        1,
        6.167,
        1,
        6.333,
        0.885,
        6.5,
        0.779
      ]
    },
    {
      "Target": "Parameter",
      "Id": "Paramshutm",
      "FadeInTime": -1.0,
      "FadeOutTime": -1.0,
      "Segments": [
        0,
        1,
        2,
        0.667,
        1,
        0,
        0.7,
        0,
        2,
        2.8,
        0,
        2,
        4.633,
        0,
        0,
        4.667,
        1,
        2,
        6,
        1,
        2,
        6.5,
        1
      ]
    },
    {
      "Target": "Parameter",
      "Id": "Paramshuts",
      "FadeInTime": -1.0,
      "FadeOutTime": -1.0,
      "Segments": [
        0,
        0,
        2,
        6,
        0,
        1,
        6.167,
        0,
        6.333,
        -0.057,
        6.5,
        -0.111
      ]
    },
    {
      "Target": "Parameter",
      "Id": "Paramxinftm",
      "FadeInTime": -1.0,
      "FadeOutTime": -1.0,
      "Segments": [
        0,
        0,
        2,
        1.3,
        0,
        0,
        1.333,
        1,
        2,
        2.533,
        1,
        0,
        2.8,
        0,
        2,
        6,
        0,
        2,
        6.5,
        0
      ]
    },
    {
      "Target": "Parameter",
      "Id": "Paramxinfxz",
      "FadeInTime": -1.0,
      "FadeOutTime": -1.0,
      "Segments": [
        0,
        0,
        2,
        1.3,
        0,
        0,
        1.333,
        -1,
        0,
        1.6,
        0.1,
        0,
        6,
        0,
        2,
        6.5,
        0
      ]
    },
    {
      "Target": "Parameter",
      "Id": "Paramxinyb",
      "FadeInTime": -1.0,
      "FadeOutTime": -1.0,
      "Segments": [
        0,
        0,
        0,
        1.467,
        0.5,
        0,
        1.733,
        -0.6,
        0,
        2.033,
        0.3,
        0,
        2.267,
        0,
        2,
        6.5,
        0
      ]
    },
    {
      "Target": "Parameter",
      "Id": "Paramdct",
      "FadeInTime": -1.0,
      "FadeOutTime": -1.0,
      "Segments": [
        0,
        0.7,
        0,
        2.833,
        0.3,
        0,
        6,
        0.7,
        2,
        6.5,
        0.7
      ]
    },
    {
      "Target": "Parameter",
      "Id": "Paramzuozhi1",
      "FadeInTime": -1.0,
      "FadeOutTime": -1.0,
      "Segments": [
        0,
        0,
        0,
        1.933,
        -1,
        0,
        4.7,
        1,
        0,
        6,
        0,
        2,
        6.5,
        0
      ]
    },
    {
      "Target": "Parameter",
      "Id": "Paramzuozhi2",
      "FadeInTime": -1.0,
      "FadeOutTime": -1.0,
      "Segments": [
        0,
        0,
        0,
        1.867,
        -1,
        0,
        4.633,
        1,
        0,
        6,
        0,
        2,
        6.5,
        0
      ]
    },
    {
      "Target": "Parameter",
      "Id": "Paramzuozhi3",
      "FadeInTime": -1.0,
      "FadeOutTime": -1.0,
      "Segments": [
        0,
        0,
        0,
        1.8,
        -1,
        0,
        4.567,
        1,
        0,
        6,
        0,
        2,
        6.5,
        0
      ]
    },
    {
      "Target": "Parameter",
      "Id": "Paramzuozhi4",
      "FadeInTime": -1.0,
      "FadeOutTime": -1.0,
      "Segments": [
        0,
        0,
        0,
        1.733,
        -1,
        0,
        4.5,
        1,
        0,
        6,
        0,
        2,
        6.5,
        0
      ]
    },
    {
      "Target": "Parameter",
      "Id": "Paramzuozhi5",
      "FadeInTime": -1.0,
      "FadeOutTime": -1.0,
      "Segments": [
        0,
        0,
        0,
        1.667,
        -1,
        0,
        4.433,
        1,
        0,
        6,
        0,
        2,
        6.5,
        0
      ]
    },
    {
      "Target": "Parameter",
      "Id": "ParamAngleX",
      "FadeInTime": -1.0,
      "FadeOutTime": -1.0,
      "Segments": [
        0,
        0,
        0,
        0.5,
        -10,
        0,
        1.167,
        30,
        0,
        1.667,
        21,
        0,
        3.1,
        29,
        1,
        3.289,
        29,
        3.478,
        13.472,
        3.667,
        13,
        1,
        3.9,
        12.417,
        4.134,
        12.623,
        4.367,
        12,
        1,
        4.589,
        11.406,
        4.811,
        -3,
        5.033,
        -3,
        1,
        5.355,
        -3,
        5.678,
        -2.971,
        6,
        0,
        1,
        6.167,
        1.537,
        6.333,
        4.01,
        6.5,
        5.975
      ]
    },
    {
      "Target": "Parameter",
      "Id": "ParamAngleY",
      "FadeInTime": -1.0,
      "FadeOutTime": -1.0,
      "Segments": [
        0,
        0,
        0,
        0.5,
        8,
        0,
        0.8,
        -15,
        0,
        1.167,
        9,
        1,
        1.334,
        9,
        1.5,
        6.719,
        1.667,
        4,
        1,
        2.145,
        -3.795,
        2.622,
        -9.177,
        3.1,
        -18,
        1,
        3.289,
        -21.488,
        3.478,
        -30,
        3.667,
        -30,
        1,
        3.9,
        -30,
        4.134,
        -27.221,
        4.367,
        -14,
        1,
        4.589,
        -1.409,
        4.811,
        12,
        5.033,
        12,
        1,
        5.355,
        12,
        5.678,
        4.805,
        6,
        0,
        1,
        6.167,
        -2.485,
        6.333,
        -3.743,
        6.5,
        -4.374
      ]
    },
    {
      "Target": "Parameter",
      "Id": "ParamAngleZ",
      "FadeInTime": -1.0,
      "FadeOutTime": -1.0,
      "Segments": [
        0,
        0,
        0,
        0.5,
        -13,
        1,
        1.456,
        -13,
        2.411,
        -9.368,
        3.367,
        0,
        1,
        3.467,
        0.98,
        3.567,
        10,
        3.667,
        10,
        0,
        3.867,
        9,
        2,
        4.7,
        9,
        0,
        5.567,
        0,
        2,
        6,
        0,
        1,
        6.167,
        0,
        6.333,
        2.296,
        6.5,
        4.428
      ]
    },
    {
      "Target": "Parameter",
      "Id": "ParamEyeLOpen",
      "FadeInTime": -1.0,
      "FadeOutTime": -1.0,
      "Segments": [
        0,
        1,
        2,
        0.5,
        1,
        0,
        0.833,
        0,
        0,
        1.167,
        1,
        2,
        3.267,
        1,
        0,
        3.6,
        0,
        0,
        3.933,
        1,
        2,
        6,
        1,
        2,
        6.5,
        1
      ]
    },
    {
      "Target": "Parameter",
      "Id": "ParamEyeROpen",
      "FadeInTime": -1.0,
      "FadeOutTime": -1.0,
      "Segments": [
        0,
        1,
        2,
        0.5,
        1,
        0,
        0.833,
        0,
        0,
        1.167,
        1,
        2,
        3.267,
        1,
        0,
        3.6,
        0,
        0,
        3.933,
        1,
        2,
        6,
        1,
        2,
        6.5,
        1
      ]
    },
    {
      "Target": "Parameter",
      "Id": "ParamEyeBallX",
      "FadeInTime": -1.0,
      "FadeOutTime": -1.0,
      "Segments": [
        0,
        0,
        0,
        1.367,
        -0.2,
        0,
        2.867,
        0.1,
        0,
        4.133,
        -0.2,
        0,
        5.633,
        0.1,
        0,
        6,
        0,
        1,
        6.167,
        0,
        6.333,
        0.062,
        6.5,
        0.117
      ]
    },
    {
      "Target": "Parameter",
      "Id": "ParamEyeBallY",
      "FadeInTime": -1.0,
      "FadeOutTime": -1.0,
      "Segments": [
        0,
        0,
        1,
        0.456,
        0,
        0.911,
        -0.209,
        1.367,
        -0.3,
        1,
        1.867,
        -0.4,
        2.367,
        -0.4,
        2.867,
        -0.4,
        0,
        4.133,
        -0.3,
        0,
        5.633,
        -0.4,
        0,
        6,
        0,
        1,
        6.167,
        0,
        6.333,
        -0.031,
        6.5,
        -0.058
      ]
    },
    {
      "Target": "Parameter",
      "Id": "Parameyeshizi",
      "FadeInTime": -1.0,
      "FadeOutTime": -1.0,
      "Segments": [
        0,
        0,
        2,
        0.5,
        0,
        0,
        0.833,
        1,
        0,
        1.167,
        -1,
        0,
        1.4,
        0.361,
        0,
        1.567,
        -0.2,
        0,
        1.633,
        0,
        2,
        3.267,
        0,
        0,
        3.6,
        1,
        0,
        3.933,
        -1,
        0,
        4.167,
        0.361,
        0,
        4.333,
        -0.2,
        0,
        4.4,
        0,
        2,
        6,
        0,
        2,
        6.5,
        0
      ]
    },
    {
      "Target": "Parameter",
      "Id": "Paramurrrr",
      "FadeInTime": -1.0,
      "FadeOutTime": -1.0,
      "Segments": [
        0,
        0,
        2,
        0.5,
        0,
        2,
        0.833,
        0,
        0,
        1.167,
        -0.2,
        0,
        1.4,
        0.1,
        0,
        1.567,
        -0.1,
        0,
        1.733,
        0.1,
        0,
        1.9,
        -0.1,
        0,
        2.1,
        0.06,
        0,
        2.3,
        -0.038,
        0,
        2.533,
        0.029,
        0,
        2.867,
        -0.014,
        0,
        3.167,
        0,
        2,
        3.267,
        0,
        2,
        3.6,
        0,
        0,
        3.933,
        -0.2,
        0,
        4.167,
        0.1,
        0,
        4.333,
        -0.1,
        0,
        4.5,
        0.1,
        0,
        4.667,
        -0.1,
        0,
        4.867,
        0.06,
        0,
        5.067,
        -0.038,
        0,
        5.3,
        0.029,
        0,
        5.633,
        -0.014,
        0,
        5.933,
        0,
        2,
        6,
        0,
        2,
        6.5,
        0
      ]
    },
    {
      "Target": "Parameter",
      "Id": "ParamBrowLX",
      "FadeInTime": -1.0,
      "FadeOutTime": -1.0,
      "Segments": [
        0,
        0,
        2,
        0.5,
        0,
        0,
        0.833,
        0.274,
        0,
        1.167,
        0,
        2,
        3.267,
        0,
        0,
        3.6,
        0.274,
        0,
        3.933,
        0,
        2,
        6,
        0,
        2,
        6.5,
        0
      ]
    },
    {
      "Target": "Parameter",
      "Id": "ParamBrowLY",
      "FadeInTime": -1.0,
      "FadeOutTime": -1.0,
      "Segments": [
        0,
        0,
        2,
        0.5,
        0,
        0,
        0.833,
        -1,
        0,
        1.167,
        0,
        2,
        3.267,
        0,
        0,
        3.6,
        -1,
        0,
        3.933,
        0,
        2,
        6,
        0,
        2,
        6.5,
        0
      ]
    },
    {
      "Target": "Parameter",
      "Id": "ParamBrowRY",
      "FadeInTime": -1.0,
      "FadeOutTime": -1.0,
      "Segments": [
        0,
        0,
        2,
        0.5,
        0,
        0,
        0.833,
        -0.8,
        0,
        1.167,
        0,
        2,
        3.267,
        0,
        0,
        3.6,
        -0.8,
        0,
        3.933,
        0,
        2,
        6,
        0,
        2,
        6.5,
        0
      ]
    },
    {
      "Target": "Parameter",
      "Id": "ParamBrowLAngle",
      "FadeInTime": -1.0,
      "FadeOutTime": -1.0,
      "Segments": [
        0,
        0,
        2,
        0.5,
        0,
        0,
        0.833,
        0.498,
        1,
        0.944,
        0.332,
        1.056,
        0.166,
        1.167,
        0,
        2,
        3.267,
        0,
        0,
        3.6,
        1,
        2,
        3.933,
        1,
        2,
        5.233,
        1,
        0,
        6,
        0,
        2,
        6.5,
        0
      ]
    },
    {
      "Target": "Parameter",
      "Id": "ParamBrowRAngle",
      "FadeInTime": -1.0,
      "FadeOutTime": -1.0,
      "Segments": [
        0,
        0,
        2,
        0.5,
        0,
        0,
        0.833,
        -0.3,
        0,
        1.167,
        0,
        2,
        3.267,
        0,
        0,
        3.6,
        -1,
        2,
        3.933,
        -1,
        2,
        5.233,
        -1,
        0,
        6,
        0,
        2,
        6.5,
        0
      ]
    },
    {
      "Target": "Parameter",
      "Id": "ParamBrowLForm",
      "FadeInTime": -1.0,
      "FadeOutTime": -1.0,
      "Segments": [
        0,
        0,
        2,
        0.5,
        0,
        2,
        0.833,
        0,
        2,
        1.167,
        0,
        2,
        3.267,
        0,
        0,
        3.6,
        -0.7,
        2,
        3.933,
        -0.7,
        2,
        5.233,
        -0.7,
        0,
        6,
        0,
        2,
        6.5,
        0
      ]
    },
    {
      "Target": "Parameter",
      "Id": "ParamBrowRForm",
      "FadeInTime": -1.0,
      "FadeOutTime": -1.0,
      "Segments": [
        0,
        0,
        2,
        0.5,
        0,
        2,
        0.833,
        0,
        2,
        1.167,
        0,
        2,
        3.267,
        0,
        0,
        3.6,
        -0.7,
        2,
        3.933,
        -0.7,
        2,
        5.233,
        -0.7,
        0,
        6,
        0,
        2,
        6.5,
        0
      ]
    },
    {
      "Target": "Parameter",
      "Id": "ParamMouthForm",
      "FadeInTime": -1.0,
      "FadeOutTime": -1.0,
      "Segments": [
        0,
        0,
        2,
        2.6,
        0,
        0,
        2.833,
        -0.3,
        2,
        5.567,
        -0.3,
        1,
        5.711,
        -0.3,
        5.856,
        -0.239,
        6,
        0,
        1,
        6.167,
        0.276,
        6.333,
        0.5,
        6.5,
        0.5
      ]
    },
    {
      "Target": "Parameter",
      "Id": "Paramdcx",
      "FadeInTime": -1.0,
      "FadeOutTime": -1.0,
      "Segments": [
        0,
        0,
        0,
        0.6,
        -0.4,
        0,
        2.2,
        0.4,
        0,
        3.633,
        -0.4,
        0,
        5.233,
        0.4,
        1,
        5.489,
        0.4,
        5.744,
        0.238,
        6,
        0,
        1,
        6.167,
        -0.155,
        6.333,
        -0.259,
        6.5,
        -0.322
      ]
    },
    {
      "Target": "Parameter",
      "Id": "Paramdcy",
      "FadeInTime": -1.0,
      "FadeOutTime": -1.0,
      "Segments": [
        0,
        -0.4,
        0,
        0.6,
        0,
        0,
        1.333,
        -0.4,
        0,
        2.2,
        0,
        0,
        2.9,
        -0.4,
        0,
        3.633,
        0,
        0,
        4.467,
        -0.4,
        0,
        5.233,
        0,
        0,
        6,
        -0.4,
        1,
        6.167,
        -0.4,
        6.333,
        -0.285,
        6.5,
        -0.179
      ]
    },
    {
      "Target": "Parameter",
      "Id": "Paramdczuoyou",
      "FadeInTime": -1.0,
      "FadeOutTime": -1.0,
      "Segments": [
        0,
        0,
        0,
        0.6,
        -0.3,
        0,
        2.2,
        0.3,
        0,
        3.633,
        -0.3,
        0,
        5.233,
        0.3,
        1,
        5.489,
        0.3,
        5.744,
        0.179,
        6,
        0,
        1,
        6.167,
        -0.117,
        6.333,
        -0.194,
        6.5,
        -0.241
      ]
    },
    {
      "Target": "Parameter",
      "Id": "ParamBodyAngleX",
      "FadeInTime": -1.0,
      "FadeOutTime": -1.0,
      "Segments": [
        0,
        0,
        0,
        0.567,
        -4.277,
        0,
        1,
        5.436,
        0,
        1.467,
        0,
        0,
        3.6,
        5.436,
        0,
        4.1,
        0,
        2,
        6,
        0,
        1,
        6.167,
        0,
        6.333,
        -0.234,
        6.5,
        -0.565
      ]
    },
    {
      "Target": "Parameter",
      "Id": "ParamBodyAngleY",
      "FadeInTime": -1.0,
      "FadeOutTime": -1.0,
      "Segments": [
        0,
        0,
        0,
        0.5,
        -2,
        0,
        1.467,
        0,
        2,
        6,
        0,
        2,
        6.5,
        0
      ]
    },
    {
      "Target": "Parameter",
      "Id": "Parambdx",
      "FadeInTime": -1.0,
      "FadeOutTime": -1.0,
      "Segments": [
        0,
        0,
        0,
        0.567,
        -4.277,
        0,
        1,
        5.436,
        0,
        1.467,
        0,
        0,
        3.6,
        5.436,
        0,
        4.1,
        0,
        2,
        6,
        0,
        1,
        6.167,
        0,
        6.333,
        -0.234,
        6.5,
        -0.565
      ]
    },
    {
      "Target": "Parameter",
      "Id": "Parambdy",
      "FadeInTime": -1.0,
      "FadeOutTime": -1.0,
      "Segments": [
        0,
        0,
        0,
        0.5,
        -2,
        0,
        1.467,
        0,
        2,
        6,
        0,
        2,
        6.5,
        0
      ]
    },
    {
      "Target": "Parameter",
      "Id": "Parampigu",
      "FadeInTime": -1.0,
      "FadeOutTime": -1.0,
      "Segments": [
        0,
        0,
        0,
        0.633,
        -4.277,
        0,
        1.067,
        5.436,
        0,
        1.533,
        0,
        0,
        3.667,
        5.436,
        0,
        4.167,
        0,
        2,
        6,
        0,
        1,
        6.167,
        0,
        6.333,
        0.606,
        6.5,
        1.46
      ]
    },
    {
      "Target": "Parameter",
      "Id": "ParamBreath",
      "FadeInTime": -1.0,
      "FadeOutTime": -1.0,
      "Segments": [
        0,
        0,
        2,
        6,
        0,
        1,
        6.167,
        0,
        6.333,
        0.055,
        6.5,
        0.139
      ]
    },
    {
      "Target": "Parameter",
      "Id": "Parampsr",
      "FadeInTime": -1.0,
      "FadeOutTime": -1.0,
      "Segments": [
        0,
        0,
        0,
        0.9,
        -1,
        0,
        1.533,
        1,
        0,
        2.4,
        -1,
        0,
        3.133,
        1,
        0,
        3.8,
        -1,
        0,
        4.6,
        1,
        0,
        5.4,
        -1,
        0,
        6,
        0,
        2,
        6.5,
        0
      ]
    },
    {
      "Target": "Parameter",
      "Id": "ParamHairFront",
      "FadeInTime": -1.0,
      "FadeOutTime": -1.0,
      "Segments": [
        0,
        0.005,
        0,
        0.333,
        0.228,
        0,
        0.833,
        -0.378,
        0,
        1.667,
        0.249,
        0,
        2.667,
        -0.313,
        0,
        3.4,
        0.515,
        0,
        3.933,
        -0.344,
        0,
        4.8,
        0.352,
        0,
        5.667,
        -0.222,
        0,
        6.1,
        0.119,
        0,
        6.467,
        -0.074,
        1,
        6.478,
        -0.074,
        6.489,
        -0.073,
        6.5,
        -0.072
      ]
    },
    {
      "Target": "Parameter",
      "Id": "Paramhfy",
      "FadeInTime": -1.0,
      "FadeOutTime": -1.0,
      "Segments": [
        0,
        -0.016,
        0,
        0.033,
        -0.014,
        0,
        0.2,
        -0.08,
        0,
        0.633,
        0.297,
        0,
        1,
        -0.295,
        0,
        1.133,
        -0.247,
        0,
        1.3,
        -0.293,
        0,
        1.867,
        0.18,
        0,
        2.133,
        0.117,
        0,
        2.367,
        0.143,
        0,
        2.933,
        -0.305,
        0,
        3.667,
        0.537,
        0,
        4.133,
        -0.256,
        0,
        4.433,
        -0.145,
        0,
        4.6,
        -0.186,
        0,
        5.067,
        0.342,
        0,
        5.4,
        0.074,
        0,
        5.5,
        0.082,
        0,
        5.933,
        -0.225,
        0,
        6.3,
        0.117,
        1,
        6.367,
        0.117,
        6.433,
        0.055,
        6.5,
        -0.001
      ]
    },
    {
      "Target": "Parameter",
      "Id": "Param",
      "FadeInTime": -1.0,
      "FadeOutTime": -1.0,
      "Segments": [
        0,
        0.736,
        1,
        0.2,
        0.736,
        0.4,
        0.438,
        0.6,
        0.003,
        1,
        0.844,
        -0.529,
        1.089,
        -0.73,
        1.333,
        -0.73,
        1,
        1.622,
        -0.73,
        1.911,
        -0.533,
        2.2,
        0.002,
        1,
        2.433,
        0.433,
        2.667,
        0.736,
        2.9,
        0.736,
        1,
        3.144,
        0.736,
        3.389,
        0.468,
        3.633,
        0.002,
        1,
        3.9,
        -0.507,
        4.166,
        -0.73,
        4.433,
        -0.73,
        1,
        4.689,
        -0.73,
        4.944,
        -0.476,
        5.2,
        0.002,
        1,
        5.467,
        0.5,
        5.733,
        0.736,
        6,
        0.736,
        1,
        6.167,
        0.736,
        6.333,
        0.654,
        6.5,
        0.508
      ]
    },
    {
      "Target": "Parameter",
      "Id": "Param2",
      "FadeInTime": -1.0,
      "FadeOutTime": -1.0,
      "Segments": [
        0,
        0.002,
        0,
        0.6,
        0.736,
        1,
        0.844,
        0.736,
        1.089,
        0.446,
        1.333,
        0.002,
        1,
        1.622,
        -0.524,
        1.911,
        -0.73,
        2.2,
        -0.73,
        1,
        2.433,
        -0.73,
        2.667,
        -0.475,
        2.9,
        0.002,
        1,
        3.144,
        0.501,
        3.389,
        0.736,
        3.633,
        0.736,
        1,
        3.9,
        0.736,
        4.166,
        0.5,
        4.433,
        0.002,
        1,
        4.689,
        -0.476,
        4.944,
        -0.73,
        5.2,
        -0.73,
        1,
        5.467,
        -0.73,
        5.733,
        -0.447,
        6,
        0.002,
        1,
        6.167,
        0.282,
        6.333,
        0.473,
        6.5,
        0.589
      ]
    },
    {
      "Target": "Parameter",
      "Id": "ParamHairBack",
      "FadeInTime": -1.0,
      "FadeOutTime": -1.0,
      "Segments": [
        0,
        0,
        0,
        0.6,
        -0.494,
        1,
        0.844,
        -0.494,
        1.089,
        -0.304,
        1.333,
        0,
        1,
        1.622,
        0.359,
        1.911,
        0.505,
        2.2,
        0.505,
        1,
        2.433,
        0.505,
        2.667,
        0.325,
        2.9,
        0,
        1,
        3.144,
        -0.34,
        3.389,
        -0.494,
        3.633,
        -0.494,
        1,
        3.9,
        -0.494,
        4.166,
        -0.34,
        4.433,
        0,
        1,
        4.689,
        0.325,
        4.944,
        0.505,
        5.2,
        0.505,
        1,
        5.467,
        0.505,
        5.733,
        0.305,
        6,
        0,
        1,
        6.167,
        -0.191,
        6.333,
        -0.319,
        6.5,
        -0.397
      ]
    },
    {
      "Target": "Parameter",
      "Id": "Paramhoufay",
      "FadeInTime": -1.0,
      "FadeOutTime": -1.0,
      "Segments": [
        0,
        0.518,
        1,
        0.2,
        0.518,
        0.4,
        0.304,
        0.6,
        0,
        1,
        0.844,
        -0.372,
        1.089,
        -0.508,
        1.333,
        -0.508,
        1,
        1.622,
        -0.508,
        1.911,
        -0.373,
        2.2,
        0,
        1,
        2.433,
        0.301,
        2.667,
        0.518,
        2.9,
        0.518,
        1,
        3.144,
        0.518,
        3.389,
        0.326,
        3.633,
        0,
        1,
        3.9,
        -0.356,
        4.166,
        -0.508,
        4.433,
        -0.508,
        1,
        4.689,
        -0.508,
        4.944,
        -0.335,
        5.2,
        0,
        1,
        5.467,
        0.349,
        5.733,
        0.518,
        6,
        0.518,
        1,
        6.167,
        0.518,
        6.333,
        0.458,
        6.5,
        0.356
      ]
    },
    {
      "Target": "Parameter",
      "Id": "Paramhoufabx",
      "FadeInTime": -1.0,
      "FadeOutTime": -1.0,
      "Segments": [
        0,
        0,
        0,
        0.6,
        -0.494,
        1,
        0.844,
        -0.494,
        1.089,
        -0.304,
        1.333,
        0,
        1,
        1.622,
        0.359,
        1.911,
        0.505,
        2.2,
        0.505,
        1,
        2.433,
        0.505,
        2.667,
        0.325,
        2.9,
        0,
        1,
        3.144,
        -0.34,
        3.389,
        -0.494,
        3.633,
        -0.494,
        1,
        3.9,
        -0.494,
        4.166,
        -0.34,
        4.433,
        0,
        1,
        4.689,
        0.325,
        4.944,
        0.505,
        5.2,
        0.505,
        1,
        5.467,
        0.505,
        5.733,
        0.305,
        6,
        0,
        1,
        6.167,
        -0.191,
        6.333,
        -0.319,
        6.5,
        -0.397
      ]
    },
    {
      "Target": "Parameter",
      "Id": "Paramdcfx",
      "FadeInTime": -1.0,
      "FadeOutTime": -1.0,
      "Segments": [
        0,
        0.522,
        1,
        0.2,
        0.522,
        0.4,
        0.31,
        0.6,
        0.002,
        1,
        0.844,
        -0.375,
        1.089,
        -0.517,
        1.333,
        -0.517,
        1,
        1.622,
        -0.517,
        1.911,
        -0.377,
        2.2,
        0.002,
        1,
        2.433,
        0.308,
        2.667,
        0.522,
        2.9,
        0.522,
        1,
        3.144,
        0.522,
        3.389,
        0.332,
        3.633,
        0.002,
        1,
        3.9,
        -0.359,
        4.166,
        -0.517,
        4.433,
        -0.517,
        1,
        4.689,
        -0.517,
        4.944,
        -0.337,
        5.2,
        0.002,
        1,
        5.467,
        0.355,
        5.733,
        0.522,
        6,
        0.522,
        1,
        6.167,
        0.522,
        6.333,
        0.463,
        6.5,
        0.36
      ]
    },
    {
      "Target": "Parameter",
      "Id": "Paramdcfy",
      "FadeInTime": -1.0,
      "FadeOutTime": -1.0,
      "Segments": [
        0,
        0.002,
        0,
        0.6,
        0.522,
        1,
        0.844,
        0.522,
        1.089,
        0.317,
        1.333,
        0.002,
        1,
        1.622,
        -0.37,
        1.911,
        -0.517,
        2.2,
        -0.517,
        1,
        2.433,
        -0.517,
        2.667,
        -0.336,
        2.9,
        0.002,
        1,
        3.144,
        0.356,
        3.389,
        0.522,
        3.633,
        0.522,
        1,
        3.9,
        0.522,
        4.166,
        0.355,
        4.433,
        0.002,
        1,
        4.689,
        -0.337,
        4.944,
        -0.517,
        5.2,
        -0.517,
        1,
        5.467,
        -0.517,
        5.733,
        -0.316,
        6,
        0.002,
        1,
        6.167,
        0.201,
        6.333,
        0.336,
        6.5,
        0.418
      ]
    },
    {
      "Target": "Parameter",
      "Id": "Param_Angle_Rotation_2_ArtMesh73",
      "FadeInTime": -1.0,
      "FadeOutTime": -1.0,
      "Segments": [
        0,
        0,
        2,
        0.033,
        0,
        0,
        0.367,
        5.466,
        0,
        0.867,
        -8.563,
        0,
        1,
        -8.184,
        0,
        1.067,
        -8.353,
        0,
        1.7,
        5.442,
        0,
        2.733,
        -7.75,
        0,
        3.433,
        12.47,
        0,
        4.033,
        -7.231,
        0,
        4.867,
        8.513,
        0,
        5.7,
        -5.402,
        0,
        6.133,
        1.56,
        0,
        6.5,
        -1.303
      ]
    },
    {
      "Target": "Parameter",
      "Id": "Param_Angle_Rotation_3_ArtMesh73",
      "FadeInTime": -1.0,
      "FadeOutTime": -1.0,
      "Segments": [
        0,
        0,
        2,
        0.033,
        0,
        0,
        0.233,
        -2.297,
        0,
        0.667,
        4.928,
        0,
        1,
        -2.609,
        0,
        1.167,
        -1.617,
        0,
        1.3,
        -2.396,
        0,
        1.533,
        -1.514,
        0,
        1.567,
        -1.545,
        0,
        1.867,
        1.729,
        0,
        2.133,
        0.258,
        0,
        2.567,
        2.303,
        0,
        3,
        -3.112,
        0,
        3.167,
        -2.705,
        0,
        3.3,
        -3.65,
        0,
        3.7,
        6.66,
        0,
        4.133,
        -3.343,
        0,
        4.433,
        -0.633,
        0,
        4.667,
        -2.614,
        0,
        5.1,
        3.536,
        0,
        5.367,
        0.157,
        0,
        5.567,
        1.133,
        0,
        6,
        -2.548,
        0,
        6.333,
        2.495,
        1,
        6.389,
        2.495,
        6.444,
        1.711,
        6.5,
        0.857
      ]
    },
    {
      "Target": "Parameter",
      "Id": "Param_Angle_Rotation_4_ArtMesh73",
      "FadeInTime": -1.0,
      "FadeOutTime": -1.0,
      "Segments": [
        0,
        0,
        2,
        0.067,
        0,
        0,
        0.367,
        -2.272,
        0,
        0.767,
        5.644,
        0,
        1.2,
        -3.825,
        0,
        2,
        2.001,
        0,
        2.3,
        0.177,
        0,
        2.667,
        2.428,
        0,
        3.133,
        -4.028,
        0,
        3.833,
        7.774,
        0,
        4.267,
        -5.166,
        0,
        4.6,
        -0.282,
        0,
        4.833,
        -2.117,
        0,
        5.2,
        3.977,
        0,
        5.567,
        -0.236,
        0,
        5.733,
        0.313,
        0,
        6.1,
        -2.912,
        0,
        6.467,
        3.085,
        1,
        6.478,
        3.085,
        6.489,
        3.05,
        6.5,
        2.984
      ]
    },
    {
      "Target": "Parameter",
      "Id": "Param_Angle_Rotation_5_ArtMesh73",
      "FadeInTime": -1.0,
      "FadeOutTime": -1.0,
      "Segments": [
        0,
        0,
        2,
        0.167,
        0,
        0,
        0.467,
        -2.213,
        0,
        0.9,
        6.528,
        0,
        1.333,
        -5.699,
        0,
        2.133,
        2.139,
        0,
        2.467,
        0.029,
        0,
        2.8,
        2.53,
        0,
        3.267,
        -5.062,
        0,
        3.933,
        8.809,
        0,
        4.4,
        -7.246,
        0,
        4.767,
        0.75,
        0,
        5,
        -1.549,
        0,
        5.367,
        4.623,
        0,
        5.733,
        -1.093,
        0,
        5.9,
        -0.498,
        0,
        6.233,
        -2.897,
        1,
        6.322,
        -2.897,
        6.411,
        0.627,
        6.5,
        2.549
      ]
    },
    {
      "Target": "Parameter",
      "Id": "Param_Angle_Rotation_6_ArtMesh73",
      "FadeInTime": -1.0,
      "FadeOutTime": -1.0,
      "Segments": [
        0,
        0,
        2,
        0.233,
        0,
        0,
        0.567,
        -2.213,
        0,
        1,
        7.396,
        0,
        1.433,
        -7.741,
        0,
        1.933,
        1.492,
        0,
        2,
        1.478,
        0,
        2.267,
        1.975,
        0,
        2.6,
        -0.082,
        0,
        2.9,
        2.601,
        0,
        3.367,
        -6.238,
        0,
        4.033,
        9.801,
        0,
        4.5,
        -9.648,
        0,
        4.9,
        2.497,
        0,
        5.167,
        -1.14,
        0,
        5.5,
        5.114,
        0,
        5.9,
        -2.231,
        0,
        6.1,
        -1.158,
        0,
        6.367,
        -2.553,
        1,
        6.411,
        -2.553,
        6.456,
        -1.629,
        6.5,
        -0.454
      ]
    },
    {
      "Target": "Parameter",
      "Id": "Param_Angle_Rotation_7_ArtMesh73",
      "FadeInTime": -1.0,
      "FadeOutTime": -1.0,
      "Segments": [
        0,
        0.084,
        0,
        0.2,
        -0.114,
        0,
        0.333,
        -0.063,
        0,
        0.667,
        -2.395,
        0,
        1.133,
        8.357,
        0,
        1.567,
        -10.128,
        0,
        2.033,
        3.592,
        0,
        2.7,
        -0.097,
        0,
        3.033,
        2.68,
        0,
        3.5,
        -7.495,
        0,
        4.133,
        10.888,
        0,
        4.6,
        -12.165,
        0,
        5.033,
        4.882,
        0,
        5.333,
        -1.182,
        0,
        5.633,
        5.49,
        0,
        6.033,
        -3.607,
        0,
        6.333,
        -1.427,
        0,
        6.467,
        -1.865,
        1,
        6.478,
        -1.865,
        6.489,
        -1.817,
        6.5,
        -1.73
      ]
    },
    {
      "Target": "Model",
      "Id": "Opacity",
      "FadeInTime": -1.0,
      "FadeOutTime": -1.0,
      "Segments": [
        0,
        1,
        0,
        6.5,
        1
      ]
    },
    {
      "Target": "Parameter",
      "Id": "Param20",
      "FadeInTime": -1.0,
      "FadeOutTime": -1.0,
      "Segments": [
        0,
        0,
        0,
        6.5,
        0
      ]
    },
    {
      "Target": "Parameter",
      "Id": "Paramyoushouts",
      "FadeInTime": -1.0,
      "FadeOutTime": -1.0,
      "Segments": [
        0,
        0,
        0,
        6.5,
        0
      ]
    },
    {
      "Target": "Parameter",
      "Id": "Paramshutc",
      "FadeInTime": -1.0,
      "FadeOutTime": -1.0,
      "Segments": [
        0,
        0,
        0,
        6.5,
        0
      ]
    },
    {
      "Target": "Parameter",
      "Id": "Paramshux",
      "FadeInTime": -1.0,
      "FadeOutTime": -1.0,
      "Segments": [
        0,
        0,
        0,
        6.5,
        0
      ]
    },
    {
      "Target": "Parameter",
      "Id": "Paramshuy",
      "FadeInTime": -1.0,
      "FadeOutTime": -1.0,
      "Segments": [
        0,
        0,
        0,
        6.5,
        0
      ]
    },
    {
      "Target": "Parameter",
      "Id": "Paramshuxz",
      "FadeInTime": -1.0,
      "FadeOutTime": -1.0,
      "Segments": [
        0,
        0,
        0,
        6.5,
        0
      ]
    },
    {
      "Target": "Parameter",
      "Id": "xiaoyanwu1",
      "FadeInTime": -1.0,
      "FadeOutTime": -1.0,
      "Segments": [
        0,
        0,
        0,
        6.5,
        0
      ]
    },
    {
      "Target": "Parameter",
      "Id": "Paramwuzitm",
      "FadeInTime": -1.0,
      "FadeOutTime": -1.0,
      "Segments": [
        0,
        0,
        0,
        6.5,
        0
      ]
    },
    {
      "Target": "Parameter",
      "Id": "Paramaixintm",
      "FadeInTime": -1.0,
      "FadeOutTime": -1.0,
      "Segments": [
        0,
        0,
        0,
        6.5,
        0
      ]
    },
    {
      "Target": "Parameter",
      "Id": "Paramaixin",
      "FadeInTime": -1.0,
      "FadeOutTime": -1.0,
      "Segments": [
        0,
        0,
        0,
        6.5,
        0
      ]
    },
    {
      "Target": "Parameter",
      "Id": "Paramxiongdai1",
      "FadeInTime": -1.0,
      "FadeOutTime": -1.0,
      "Segments": [
        0,
        0,
        0,
        6.5,
        0
      ]
    },
    {
      "Target": "Parameter",
      "Id": "Param28",
      "FadeInTime": -1.0,
      "FadeOutTime": -1.0,
      "Segments": [
        0,
        0,
        0,
        6.5,
        0
      ]
    },
    {
      "Target": "Parameter",
      "Id": "Paramzuoshangbixz",
      "FadeInTime": -1.0,
      "FadeOutTime": -1.0,
      "Segments": [
        0,
        0,
        0,
        6.5,
        0
      ]
    },
    {
      "Target": "Parameter",
      "Id": "Paramzuoshangbiss",
      "FadeInTime": -1.0,
      "FadeOutTime": -1.0,
      "Segments": [
        0,
        0,
        0,
        6.5,
        0
      ]
    },
    {
      "Target": "Parameter",
      "Id": "Paramzuoxiabxz",
      "FadeInTime": -1.0,
      "FadeOutTime": -1.0,
      "Segments": [
        0,
        0,
        0,
        6.5,
        0
      ]
    },
    {
      "Target": "Parameter",
      "Id": "Paramzuoxiabss",
      "FadeInTime": -1.0,
      "FadeOutTime": -1.0,
      "Segments": [
        0,
        0,
        0,
        6.5,
        0
      ]
    },
    {
      "Target": "Parameter",
      "Id": "Paramzuoshouzxz",
      "FadeInTime": -1.0,
      "FadeOutTime": -1.0,
      "Segments": [
        0,
        0,
        0,
        6.5,
        0
      ]
    },
    {
      "Target": "Parameter",
      "Id": "Paramcefal",
      "FadeInTime": -1.0,
      "FadeOutTime": -1.0,
      "Segments": [
        0,
        0,
        0,
        6.5,
        0
      ]
    },
    {
      "Target": "Parameter",
      "Id": "Paramzuoshouq",
      "FadeInTime": -1.0,
      "FadeOutTime": -1.0,
      "Segments": [
        0,
        0,
        0,
        6.5,
        0
      ]
    },
    {
      "Target": "Parameter",
      "Id": "Paramzuoshoutc",
      "FadeInTime": -1.0,
      "FadeOutTime": -1.0,
      "Segments": [
        0,
        0,
        0,
        6.5,
        0
      ]
    },
    {
      "Target": "Parameter",
      "Id": "Paramzuoxiabqie",
      "FadeInTime": -1.0,
      "FadeOutTime": -1.0,
      "Segments": [
        0,
        0,
        0,
        6.5,
        0
      ]
    },
    {
      "Target": "Parameter",
      "Id": "Paramzuoshangbqie",
      "FadeInTime": -1.0,
      "FadeOutTime": -1.0,
      "Segments": [
        0,
        1,
        0,
        6.5,
        1
      ]
    },
    {
      "Target": "Parameter",
      "Id": "Paramzuoshoulitouf",
      "FadeInTime": -1.0,
      "FadeOutTime": -1.0,
      "Segments": [
        0,
        1,
        0,
        6.5,
        1
      ]
    },
    {
      "Target": "Parameter",
      "Id": "ParamRrr",
      "FadeInTime": -1.0,
      "FadeOutTime": -1.0,
      "Segments": [
        0,
        0,
        0,
        6.5,
        0
      ]
    },
    {
      "Target": "Parameter",
      "Id": "ParamEyeLSmile",
      "FadeInTime": -1.0,
      "FadeOutTime": -1.0,
      "Segments": [
        0,
        0,
        0,
        6.5,
        0
      ]
    },
    {
      "Target": "Parameter",
      "Id": "ParamEyeRSmile",
      "FadeInTime": -1.0,
      "FadeOutTime": -1.0,
      "Segments": [
        0,
        0,
        0,
        6.5,
        0
      ]
    },
    {
      "Target": "Parameter",
      "Id": "Paramleitm",
      "FadeInTime": -1.0,
      "FadeOutTime": -1.0,
      "Segments": [
        0,
        0,
        0,
        6.5,
        0
      ]
    },
    {
      "Target": "Parameter",
      "Id": "Parameyetm",
      "FadeInTime": -1.0,
      "FadeOutTime": -1.0,
      "Segments": [
        0,
        1,
        0,
        6.5,
        1
      ]
    },
    {
      "Target": "Parameter",
      "Id": "Parameyeqq",
      "FadeInTime": -1.0,
      "FadeOutTime": -1.0,
      "Segments": [
        0,
        0,
        0,
        6.5,
        0
      ]
    },
    {
      "Target": "Parameter",
      "Id": "Parameyeqie",
      "FadeInTime": -1.0,
      "FadeOutTime": -1.0,
      "Segments": [
        0,
        0,
        0,
        6.5,
        0
      ]
    },
    {
      "Target": "Parameter",
      "Id": "Paramtkdx",
      "FadeInTime": -1.0,
      "FadeOutTime": -1.0,
      "Segments": [
        0,
        0,
        0,
        6.5,
        0
      ]
    },
    {
      "Target": "Parameter",
      "Id": "Parameyeliqie",
      "FadeInTime": -1.0,
      "FadeOutTime": -1.0,
      "Segments": [
        0,
        0,
        0,
        6.5,
        0
      ]
    },
    {
      "Target": "Parameter",
      "Id": "ParamBrowRX",
      "FadeInTime": -1.0,
      "FadeOutTime": -1.0,
      "Segments": [
        0,
        0,
        0,
        6.5,
        0
      ]
    },
    {
      "Target": "Parameter",
      "Id": "ParamMouthOpenY",
      "FadeInTime": -1.0,
      "FadeOutTime": -1.0,
      "Segments": [
        0,
        0,
        0,
        6.5,
        0
      ]
    },
    {
      "Target": "Parameter",
      "Id": "Paramzuistm",
      "FadeInTime": -1.0,
      "FadeOutTime": -1.0,
      "Segments": [
        0,
        0,
        0,
        6.5,
        0
      ]
    },
    {
      "Target": "Parameter",
      "Id": "Paramzuizidtm",
      "FadeInTime": -1.0,
      "FadeOutTime": -1.0,
      "Segments": [
        0,
        1,
        0,
        6.5,
        1
      ]
    },
    {
      "Target": "Parameter",
      "Id": "ParamCheek",
      "FadeInTime": -1.0,
      "FadeOutTime": -1.0,
      "Segments": [
        0,
        0,
        0,
        6.5,
        0
      ]
    },
    {
      "Target": "Parameter",
      "Id": "Parammaoqitm",
      "FadeInTime": -1.0,
      "FadeOutTime": -1.0,
      "Segments": [
        0,
        0,
        0,
        6.5,
        0
      ]
    },
    {
      "Target": "Parameter",
      "Id": "Paramgl",
      "FadeInTime": -1.0,
      "FadeOutTime": -1.0,
      "Segments": [
        0,
        0,
        0,
        6.5,
        0
      ]
    },
    {
      "Target": "Parameter",
      "Id": "Paramqi1",
      "FadeInTime": -1.0,
      "FadeOutTime": -1.0,
      "Segments": [
        0,
        0,
        0,
        6.5,
        0
      ]
    },
    {
      "Target": "Parameter",
      "Id": "Paramqi2",
      "FadeInTime": -1.0,
      "FadeOutTime": -1.0,
      "Segments": [
        0,
        0,
        0,
        6.5,
        0
      ]
    },
    {
      "Target": "Parameter",
      "Id": "Paramqi3",
      "FadeInTime": -1.0,
      "FadeOutTime": -1.0,
      "Segments": [
        0,
        0,
        0,
        6.5,
        0
      ]
    },
    {
      "Target": "Parameter",
      "Id": "Paramqi4",
      "FadeInTime": -1.0,
      "FadeOutTime": -1.0,
      "Segments": [
        0,
        0,
        0,
        6.5,
        0
      ]
    },
    {
      "Target": "Parameter",
      "Id": "Paramdks",
      "FadeInTime": -1.0,
      "FadeOutTime": -1.0,
      "Segments": [
        0,
        0,
        0,
        6.5,
        0
      ]
    },
    {
      "Target": "Parameter",
      "Id": "Paramshetou",
      "FadeInTime": -1.0,
      "FadeOutTime": -1.0,
      "Segments": [
        0,
        0,
        0,
        6.5,
        0
      ]
    },
    {
      "Target": "Parameter",
      "Id": "Paramptp",
      "FadeInTime": -1.0,
      "FadeOutTime": -1.0,
      "Segments": [
        0,
        0,
        0,
        6.5,
        0
      ]
    },
    {
      "Target": "Parameter",
      "Id": "Paramquan",
      "FadeInTime": -1.0,
      "FadeOutTime": -1.0,
      "Segments": [
        0,
        0,
        0,
        6.5,
        0
      ]
    },
    {
      "Target": "Parameter",
      "Id": "Paramquantm",
      "FadeInTime": -1.0,
      "FadeOutTime": -1.0,
      "Segments": [
        0,
        0,
        0,
        6.5,
        0
      ]
    },
    {
      "Target": "Parameter",
      "Id": "Paramtouxingx",
      "FadeInTime": -1.0,
      "FadeOutTime": -1.0,
      "Segments": [
        0,
        0,
        0,
        6.5,
        0
      ]
    },
    {
      "Target": "Parameter",
      "Id": "Paramtxtm",
      "FadeInTime": -1.0,
      "FadeOutTime": -1.0,
      "Segments": [
        0,
        0,
        0,
        6.5,
        0
      ]
    },
    {
      "Target": "Parameter",
      "Id": "Paramdjj",
      "FadeInTime": -1.0,
      "FadeOutTime": -1.0,
      "Segments": [
        0,
        0,
        0,
        6.5,
        0
      ]
    },
    {
      "Target": "Parameter",
      "Id": "koushuishangxia",
      "FadeInTime": -1.0,
      "FadeOutTime": -1.0,
      "Segments": [
        0,
        0,
        0,
        6.5,
        0
      ]
    },
    {
      "Target": "Parameter",
      "Id": "koushuizuoyou",
      "FadeInTime": -1.0,
      "FadeOutTime": -1.0,
      "Segments": [
        0,
        0,
        0,
        6.5,
        0
      ]
    },
    {
      "Target": "Parameter",
      "Id": "koushuijiaodu",
      "FadeInTime": -1.0,
      "FadeOutTime": -1.0,
      "Segments": [
        0,
        0,
        0,
        6.5,
        0
      ]
    },
    {
      "Target": "Parameter",
      "Id": "koushuiyaobai",
      "FadeInTime": -1.0,
      "FadeOutTime": -1.0,
      "Segments": [
        0,
        0,
        0,
        6.5,
        0
      ]
    },
    {
      "Target": "Parameter",
      "Id": "koushuichangduan",
      "FadeInTime": -1.0,
      "FadeOutTime": -1.0,
      "Segments": [
        0,
        0,
        0,
        6.5,
        0
      ]
    },
    {
      "Target": "Parameter",
      "Id": "Paramkoushuiyasuo",
      "FadeInTime": -1.0,
      "FadeOutTime": -1.0,
      "Segments": [
        0,
        0,
        0,
        6.5,
        0
      ]
    },
    {
      "Target": "Parameter",
      "Id": "ParamBodyAngleZ",
      "FadeInTime": -1.0,
      "FadeOutTime": -1.0,
      "Segments": [
        0,
        0,
        0,
        6.5,
        0
      ]
    },
    {
      "Target": "Parameter",
      "Id": "ParamHairSide",
      "FadeInTime": -1.0,
      "FadeOutTime": -1.0,
      "Segments": [
        0,
        0,
        0,
        6.5,
        0
      ]
    },
    {
      "Target": "PartOpacity",
      "Id": "Part",
      "FadeInTime": -1.0,
      "FadeOutTime": -1.0,
      "Segments": [
        0,
        1,
        0,
        6.5,
        1
      ]
    },
    {
      "Target": "PartOpacity",
      "Id": "Part2",
      "FadeInTime": -1.0,
      "FadeOutTime": -1.0,
      "Segments": [
        0,
        1,
        0,
        6.5,
        1
      ]
    },
    {
      "Target": "PartOpacity",
      "Id": "Part3",
      "FadeInTime": -1.0,
      "FadeOutTime": -1.0,
      "Segments": [
        0,
        1,
        0,
        6.5,
        1
      ]
    },
    {
      "Target": "PartOpacity",
      "Id": "dc",
      "FadeInTime": -1.0,
      "FadeOutTime": -1.0,
      "Segments": [
        0,
        1,
        0,
        6.5,
        1
      ]
    },
    {
      "Target": "PartOpacity",
      "Id": "Part4",
      "FadeInTime": -1.0,
      "FadeOutTime": -1.0,
      "Segments": [
        0,
        1,
        0,
        6.5,
        1
      ]
    },
    {
      "Target": "PartOpacity",
      "Id": "Part5",
      "FadeInTime": -1.0,
      "FadeOutTime": -1.0,
      "Segments": [
        0,
        1,
        0,
        6.5,
        1
      ]
    },
    {
      "Target": "PartOpacity",
      "Id": "Part6",
      "FadeInTime": -1.0,
      "FadeOutTime": -1.0,
      "Segments": [
        0,
        1,
        0,
        6.5,
        1
      ]
    },
    {
      "Target": "PartOpacity",
      "Id": "Part7",
      "FadeInTime": -1.0,
      "FadeOutTime": -1.0,
      "Segments": [
        0,
        1,
        0,
        6.5,
        1
      ]
    },
    {
      "Target": "PartOpacity",
      "Id": "Part8",
      "FadeInTime": -1.0,
      "FadeOutTime": -1.0,
      "Segments": [
        0,
        1,
        0,
        6.5,
        1
      ]
    },
    {
      "Target": "PartOpacity",
      "Id": "Part9",
      "FadeInTime": -1.0,
      "FadeOutTime": -1.0,
      "Segments": [
        0,
        1,
        0,
        6.5,
        1
      ]
    },
    {
      "Target": "PartOpacity",
      "Id": "Part10",
      "FadeInTime": -1.0,
      "FadeOutTime": -1.0,
      "Segments": [
        0,
        1,
        0,
        6.5,
        1
      ]
    },
    {
      "Target": "PartOpacity",
      "Id": "Part11",
      "FadeInTime": -1.0,
      "FadeOutTime": -1.0,
      "Segments": [
        0,
        1,
        0,
        6.5,
        1
      ]
    },
    {
      "Target": "PartOpacity",
      "Id": "Part12",
      "FadeInTime": -1.0,
      "FadeOutTime": -1.0,
      "Segments": [
        0,
        1,
        0,
        6.5,
        1
      ]
    },
    {
      "Target": "PartOpacity",
      "Id": "Part13",
      "FadeInTime": -1.0,
      "FadeOutTime": -1.0,
      "Segments": [
        0,
        1,
        0,
        6.5,
        1
      ]
    },
    {
      "Target": "PartOpacity",
      "Id": "Part14",
      "FadeInTime": -1.0,
      "FadeOutTime": -1.0,
      "Segments": [
        0,
        1,
        0,
        6.5,
        1
      ]
    },
    {
      "Target": "PartOpacity",
      "Id": "Part15",
      "FadeInTime": -1.0,
      "FadeOutTime": -1.0,
      "Segments": [
        0,
        1,
        0,
        6.5,
        1
      ]
    },
    {
      "Target": "PartOpacity",
      "Id": "Part16",
      "FadeInTime": -1.0,
      "FadeOutTime": -1.0,
      "Segments": [
        0,
        1,
        0,
        6.5,
        1
      ]
    },
    {
      "Target": "PartOpacity",
      "Id": "Part17",
      "FadeInTime": -1.0,
      "FadeOutTime": -1.0,
      "Segments": [
        0,
        1,
        0,
        6.5,
        1
      ]
    },
    {
      "Target": "PartOpacity",
      "Id": "bq",
      "FadeInTime": -1.0,
      "FadeOutTime": -1.0,
      "Segments": [
        0,
        1,
        0,
        6.5,
        1
      ]
    },
    {
      "Target": "PartOpacity",
      "Id": "Part20",
      "FadeInTime": -1.0,
      "FadeOutTime": -1.0,
      "Segments": [
        0,
        1,
        0,
        6.5,
        1
      ]
    },
    {
      "Target": "PartOpacity",
      "Id": "Part21",
      "FadeInTime": -1.0,
      "FadeOutTime": -1.0,
      "Segments": [
        0,
        1,
        0,
        6.5,
        1
      ]
    },
    {
      "Target": "PartOpacity",
      "Id": "Part22",
      "FadeInTime": -1.0,
      "FadeOutTime": -1.0,
      "Segments": [
        0,
        1,
        0,
        6.5,
        1
      ]
    },
    {
      "Target": "PartOpacity",
      "Id": "Part23",
      "FadeInTime": -1.0,
      "FadeOutTime": -1.0,
      "Segments": [
        0,
        1,
        0,
        6.5,
        1
      ]
    },
    {
      "Target": "PartOpacity",
      "Id": "Part24",
      "FadeInTime": -1.0,
      "FadeOutTime": -1.0,
      "Segments": [
        0,
        1,
        0,
        6.5,
        1
      ]
    },
    {
      "Target": "PartOpacity",
      "Id": "dc1",
      "FadeInTime": -1.0,
      "FadeOutTime": -1.0,
      "Segments": [
        0,
        1,
        0,
        6.5,
        1
      ]
    },
    {
      "Target": "PartOpacity",
      "Id": "Part25",
      "FadeInTime": -1.0,
      "FadeOutTime": -1.0,
      "Segments": [
        0,
        1,
        0,
        6.5,
        1
      ]
    },
    {
      "Target": "PartOpacity",
      "Id": "Part26",
      "FadeInTime": -1.0,
      "FadeOutTime": -1.0,
      "Segments": [
        0,
        1,
        0,
        6.5,
        1
      ]
    },
    {
      "Target": "PartOpacity",
      "Id": "Part27",
      "FadeInTime": -1.0,
      "FadeOutTime": -1.0,
      "Segments": [
        0,
        1,
        0,
        6.5,
        1
      ]
    }
  ],
  "UserData": [
    {
      "Time": 0.0,
      "Value": ""
    },
    {
      "Time": 6.0,
      "Value": ""
    }
  ]
}