{
  "Version": 3,
  "Meta": {
    "Duration": 6.833,
    "Fps": 30.0,
    "Loop": true,
    "AreBeziersRestricted": true,
    "FadeInTime": 0.0,
    "FadeOutTime": 0.0,
    "CurveCount": 141,
    "TotalSegmentCount": 1218,
    "TotalPointCount": 1794,
    "UserDataCount": 2,
    "TotalUserDataSize": 0
  },
  "Curves": [
    {
      "Target": "Parameter",
      "Id": "Paramhua1",
      "FadeInTime": -1.0,
      "FadeOutTime": -1.0,
      "Segments": [
        0,
        0.2,
        1,
        2.278,
        0.429,
        4.555,
        0.659,
        6.833,
        0.888
      ]
    },
    {
      "Target": "Parameter",
      "Id": "Paramhua2",
      "FadeInTime": -1.0,
      "FadeOutTime": -1.0,
      "Segments": [
        0,
        0.6,
        1,
        2.278,
        0.829,
        4.555,
        1.059,
        6.833,
        1.288
      ]
    },
    {
      "Target": "Parameter",
      "Id": "Paramhua3",
      "FadeInTime": -1.0,
      "FadeOutTime": -1.0,
      "Segments": [
        0,
        0.9,
        1,
        2.278,
        1.129,
        4.555,
        1.359,
        6.833,
        1.588
      ]
    },
    {
      "Target": "Parameter",
      "Id": "Paramhuafanzhuan",
      "FadeInTime": -1.0,
      "FadeOutTime": -1.0,
      "Segments": [
        0,
        0,
        0,
        1,
        1,
        0,
        2,
        0,
        0,
        3.267,
        1,
        0,
        4.4,
        0,
        0,
        6.133,
        1,
        1,
        6.366,
        1,
        6.6,
        0.71,
        6.833,
        0.442
      ]
    },
    {
      "Target": "Parameter",
      "Id": "Paramhuafz2",
      "FadeInTime": -1.0,
      "FadeOutTime": -1.0,
      "Segments": [
        0,
        1,
        0,
        0.8,
        0,
        0,
        1.8,
        1,
        0,
        3,
        0,
        0,
        4.3,
        1,
        0,
        5.333,
        0,
        1,
        5.833,
        0,
        6.333,
        0.81,
        6.833,
        0.972
      ]
    },
    {
      "Target": "Parameter",
      "Id": "ParamlegLxz",
      "FadeInTime": -1.0,
      "FadeOutTime": -1.0,
      "Segments": [
        0,
        0,
        0,
        0.667,
        -3,
        1,
        0.834,
        -3,
        1,
        -2.747,
        1.167,
        -1.608,
        1,
        1.256,
        -1.001,
        1.344,
        0,
        1.433,
        0,
        0,
        1.667,
        -10,
        0,
        2.033,
        0,
        1,
        2.189,
        0,
        2.344,
        -1.003,
        2.5,
        -6.015,
        1,
        2.556,
        -7.804,
        2.611,
        -28.925,
        2.667,
        -28.925,
        0,
        2.933,
        -5.015,
        0,
        3.1,
        -29.925,
        0,
        3.3,
        -6.015,
        0,
        3.467,
        -28.925,
        0,
        3.733,
        -5.015,
        0,
        3.9,
        -29.925,
        0,
        4.1,
        -6.015,
        0,
        4.267,
        -28.925,
        1,
        4.356,
        -28.925,
        4.444,
        -6.448,
        4.533,
        -5.015,
        1,
        4.922,
        1.256,
        5.311,
        3,
        5.7,
        3,
        1,
        5.911,
        3,
        6.122,
        1.559,
        6.333,
        0,
        1,
        6.5,
        -1.231,
        6.666,
        -2.004,
        6.833,
        -2.456
      ]
    },
    {
      "Target": "Parameter",
      "Id": "Paramjoxz",
      "FadeInTime": -1.0,
      "FadeOutTime": -1.0,
      "Segments": [
        0,
        0,
        1,
        0.222,
        0,
        0.445,
        -0.836,
        0.667,
        -3,
        1,
        0.834,
        -4.623,
        1,
        -5.735,
        1.167,
        -5.735,
        0,
        1.433,
        0,
        2,
        2.033,
        0,
        2,
        2.467,
        0,
        0,
        2.667,
        -1.5,
        2,
        2.833,
        -1.5,
        0,
        3.067,
        0,
        0,
        3.267,
        -1.5,
        2,
        3.433,
        -1.5,
        0,
        3.667,
        0,
        0,
        3.867,
        -1.5,
        0,
        4.033,
        0,
        0,
        5.133,
        -6.002,
        1,
        5.322,
        -6.002,
        5.511,
        -4.883,
        5.7,
        -3,
        1,
        5.911,
        -0.895,
        6.122,
        0,
        6.333,
        0,
        1,
        6.5,
        0,
        6.666,
        -0.337,
        6.833,
        -0.931
      ]
    },
    {
      "Target": "Parameter",
      "Id": "ParamjoLbx",
      "FadeInTime": -1.0,
      "FadeOutTime": -1.0,
      "Segments": [
        0,
        0,
        0,
        0.667,
        5.129,
        1,
        0.834,
        5.129,
        1,
        4.615,
        1.167,
        2.598,
        1,
        1.256,
        1.522,
        1.344,
        0,
        1.433,
        0,
        2,
        2.033,
        0,
        0,
        2.533,
        3.687,
        0,
        2.733,
        -3.78,
        2,
        2.933,
        -3.78,
        0,
        3.133,
        3.687,
        0,
        3.333,
        -3.78,
        2,
        3.533,
        -3.78,
        0,
        3.733,
        3.687,
        0,
        3.933,
        -3.78,
        0,
        4.133,
        3.687,
        0,
        4.333,
        0,
        2,
        5.133,
        0,
        0,
        5.7,
        -5.058,
        1,
        5.911,
        -5.058,
        6.122,
        -2.651,
        6.333,
        0,
        1,
        6.5,
        2.093,
        6.666,
        3.415,
        6.833,
        4.192
      ]
    },
    {
      "Target": "Parameter",
      "Id": "ParamlegRxz",
      "FadeInTime": -1.0,
      "FadeOutTime": -1.0,
      "Segments": [
        0,
        0,
        0,
        0.733,
        -3,
        1,
        0.9,
        -3,
        1.066,
        -2.747,
        1.233,
        -1.608,
        1,
        1.322,
        -1.001,
        1.411,
        0,
        1.5,
        0,
        0,
        1.733,
        -10,
        0,
        2.1,
        0,
        0,
        2.567,
        -9.015,
        0,
        2.767,
        3,
        0,
        3,
        -10,
        0,
        3.2,
        4,
        0,
        3.367,
        -9.015,
        0,
        3.567,
        3,
        0,
        3.8,
        -10,
        0,
        4,
        4,
        0,
        4.167,
        -9.015,
        0,
        4.367,
        3,
        0,
        4.6,
        -10,
        0,
        5.767,
        3,
        1,
        5.956,
        3,
        6.144,
        1.424,
        6.333,
        0,
        1,
        6.5,
        -1.257,
        6.666,
        -2.028,
        6.833,
        -2.473
      ]
    },
    {
      "Target": "Parameter",
      "Id": "Paramjorxz",
      "FadeInTime": -1.0,
      "FadeOutTime": -1.0,
      "Segments": [
        0,
        0,
        1,
        0.244,
        0,
        0.489,
        -0.773,
        0.733,
        -3,
        1,
        0.9,
        -4.518,
        1.066,
        -5.735,
        1.233,
        -5.735,
        0,
        1.5,
        0,
        2,
        2.1,
        0,
        2,
        2.533,
        0,
        0,
        2.733,
        -1.5,
        2,
        2.9,
        -1.5,
        0,
        3.133,
        0,
        0,
        3.333,
        -1.5,
        2,
        3.5,
        -1.5,
        0,
        3.733,
        0,
        0,
        3.933,
        -1.5,
        0,
        4.1,
        0,
        0,
        5.2,
        -6.002,
        1,
        5.389,
        -6.002,
        5.578,
        -5.001,
        5.767,
        -3,
        1,
        5.956,
        -0.999,
        6.144,
        0,
        6.333,
        0,
        1,
        6.5,
        0,
        6.666,
        -0.337,
        6.833,
        -0.931
      ]
    },
    {
      "Target": "Parameter",
      "Id": "ParamjoRbx",
      "FadeInTime": -1.0,
      "FadeOutTime": -1.0,
      "Segments": [
        0,
        0,
        0,
        0.733,
        5.129,
        1,
        0.9,
        5.129,
        1.066,
        4.615,
        1.233,
        2.598,
        1,
        1.322,
        1.522,
        1.411,
        0,
        1.5,
        0,
        2,
        2.1,
        0,
        0,
        2.6,
        3.687,
        0,
        2.8,
        -3.78,
        2,
        3,
        -3.78,
        0,
        3.2,
        3.687,
        0,
        3.4,
        -3.78,
        2,
        3.6,
        -3.78,
        0,
        3.8,
        3.687,
        0,
        4,
        -3.78,
        0,
        4.2,
        3.687,
        0,
        4.4,
        0,
        2,
        5.2,
        0,
        0,
        5.767,
        -5.058,
        1,
        5.956,
        -5.058,
        6.144,
        -2.422,
        6.333,
        0,
        1,
        6.5,
        2.137,
        6.666,
        3.456,
        6.833,
        4.221
      ]
    },
    {
      "Target": "Parameter",
      "Id": "Paramyoushangbixz",
      "FadeInTime": -1.0,
      "FadeOutTime": -1.0,
      "Segments": [
        0,
        0,
        2,
        1.367,
        0,
        0,
        1.5,
        -3,
        0,
        1.967,
        -2,
        0,
        2.367,
        -10,
        0,
        2.767,
        -4.06,
        2,
        3.033,
        -4.06,
        0,
        3.4,
        -5,
        2,
        3.7,
        -5,
        0,
        4.133,
        -4.06,
        0,
        4.267,
        -5,
        2,
        5.033,
        -5,
        2,
        5.267,
        -5,
        2,
        5.6,
        -5,
        0,
        6.333,
        0,
        2,
        6.833,
        0
      ]
    },
    {
      "Target": "Parameter",
      "Id": "Paramyoushangbiss",
      "FadeInTime": -1.0,
      "FadeOutTime": -1.0,
      "Segments": [
        0,
        0,
        2,
        1.367,
        0,
        1,
        1.411,
        0,
        1.456,
        0.241,
        1.5,
        -1,
        1,
        1.656,
        -5.343,
        1.811,
        -10,
        1.967,
        -10,
        0,
        2.367,
        10,
        2,
        2.767,
        10,
        2,
        3.033,
        10,
        0,
        3.4,
        5,
        2,
        3.7,
        5,
        0,
        4.133,
        10,
        0,
        4.267,
        5,
        2,
        5.033,
        5,
        2,
        5.267,
        5,
        2,
        5.6,
        5,
        0,
        6.333,
        0,
        2,
        6.833,
        0
      ]
    },
    {
      "Target": "Parameter",
      "Id": "Paramyouxibxz",
      "FadeInTime": -1.0,
      "FadeOutTime": -1.0,
      "Segments": [
        0,
        0,
        0,
        0.967,
        0.501,
        1,
        1.1,
        0.501,
        1.234,
        0.495,
        1.367,
        0.454,
        1,
        1.411,
        0.44,
        1.456,
        -1,
        1.5,
        -1,
        0,
        1.967,
        8,
        0,
        2.367,
        -2,
        0,
        2.767,
        0.7,
        2,
        3.033,
        0.7,
        0,
        3.4,
        1.7,
        2,
        3.7,
        1.7,
        0,
        4.133,
        0.7,
        0,
        4.267,
        1.7,
        2,
        5.033,
        1.7,
        2,
        5.267,
        1.7,
        2,
        5.6,
        1.7,
        0,
        6.333,
        0,
        1,
        6.5,
        0,
        6.666,
        0.144,
        6.833,
        0.277
      ]
    },
    {
      "Target": "Parameter",
      "Id": "Paramyouxiabss",
      "FadeInTime": -1.0,
      "FadeOutTime": -1.0,
      "Segments": [
        0,
        0,
        2,
        1.367,
        0,
        1,
        1.411,
        0,
        1.456,
        -0.234,
        1.5,
        0.175,
        1,
        1.656,
        1.605,
        1.811,
        10,
        1.967,
        10,
        0,
        2.367,
        0,
        2,
        2.767,
        0,
        2,
        3.033,
        0,
        0,
        3.4,
        -10,
        2,
        3.7,
        -10,
        0,
        4.133,
        0,
        0,
        4.267,
        -10,
        2,
        5.033,
        -10,
        2,
        5.267,
        -10,
        2,
        5.6,
        -10,
        0,
        6.333,
        0,
        2,
        6.833,
        0
      ]
    },
    {
      "Target": "Parameter",
      "Id": "Paramyoushouzxz",
      "FadeInTime": -1.0,
      "FadeOutTime": -1.0,
      "Segments": [
        0,
        -0.186,
        1,
        0.178,
        -0.186,
        0.355,
        -0.165,
        0.533,
        0,
        1,
        0.811,
        0.258,
        1.089,
        0.493,
        1.367,
        0.493,
        0,
        1.5,
        -2,
        0,
        1.967,
        2,
        1,
        2.1,
        2,
        2.234,
        0.282,
        2.367,
        -2,
        1,
        2.5,
        -4.282,
        2.634,
        -5,
        2.767,
        -5,
        2,
        3.033,
        -5,
        0,
        3.4,
        -6.68,
        2,
        3.7,
        -6.68,
        0,
        4.133,
        -5,
        1,
        4.178,
        -5,
        4.222,
        -5.791,
        4.267,
        -5.84,
        1,
        4.522,
        -6.122,
        4.778,
        -6.267,
        5.033,
        -6.572,
        1,
        5.111,
        -6.664,
        5.189,
        -7.32,
        5.267,
        -7.32,
        2,
        5.6,
        -7.32,
        1,
        5.844,
        -7.32,
        6.089,
        -0.403,
        6.333,
        -0.186,
        1,
        6.5,
        -0.038,
        6.666,
        -0.108,
        6.833,
        0
      ]
    },
    {
      "Target": "Parameter",
      "Id": "Paramyouzhi1",
      "FadeInTime": -1.0,
      "FadeOutTime": -1.0,
      "Segments": [
        0,
        1,
        2,
        1.367,
        1,
        0,
        1.967,
        0.6,
        0,
        6,
        1,
        2,
        6.333,
        1,
        2,
        6.833,
        1
      ]
    },
    {
      "Target": "Parameter",
      "Id": "Paramyouzhi2",
      "FadeInTime": -1.0,
      "FadeOutTime": -1.0,
      "Segments": [
        0,
        1,
        2,
        1.367,
        1,
        0,
        1.967,
        0.5,
        0,
        6,
        1,
        2,
        6.333,
        1,
        1,
        6.5,
        1,
        6.666,
        0.885,
        6.833,
        0.779
      ]
    },
    {
      "Target": "Parameter",
      "Id": "Paramyouzhi3",
      "FadeInTime": -1.0,
      "FadeOutTime": -1.0,
      "Segments": [
        0,
        1,
        2,
        1.367,
        1,
        0,
        1.967,
        0.3,
        0,
        6,
        1,
        2,
        6.333,
        1,
        1,
        6.5,
        1,
        6.666,
        0.857,
        6.833,
        0.723
      ]
    },
    {
      "Target": "Parameter",
      "Id": "Paramyouzhi4",
      "FadeInTime": -1.0,
      "FadeOutTime": -1.0,
      "Segments": [
        0,
        1,
        2,
        1.367,
        1,
        0,
        1.967,
        0,
        0,
        6,
        1,
        2,
        6.333,
        1,
        1,
        6.5,
        1,
        6.666,
        0.885,
        6.833,
        0.779
      ]
    },
    {
      "Target": "Parameter",
      "Id": "Paramyouzhi5",
      "FadeInTime": -1.0,
      "FadeOutTime": -1.0,
      "Segments": [
        0,
        1,
        2,
        1.367,
        1,
        0,
        1.967,
        0,
        0,
        6,
        1,
        2,
        6.333,
        1,
        1,
        6.5,
        1,
        6.666,
        0.885,
        6.833,
        0.779
      ]
    },
    {
      "Target": "Parameter",
      "Id": "Paramshutm",
      "FadeInTime": -1.0,
      "FadeOutTime": -1.0,
      "Segments": [
        0,
        1,
        2,
        1.367,
        1,
        2,
        1.567,
        1,
        0,
        1.6,
        0,
        2,
        1.9,
        0,
        0,
        1.967,
        1,
        2,
        6.333,
        1,
        2,
        6.833,
        1
      ]
    },
    {
      "Target": "Parameter",
      "Id": "Paramshux",
      "FadeInTime": -1.0,
      "FadeOutTime": -1.0,
      "Segments": [
        0,
        0,
        2,
        1.367,
        0,
        0,
        1.667,
        -13,
        1,
        1.745,
        -13,
        1.822,
        -12.968,
        1.9,
        -12.787,
        1,
        1.922,
        -12.735,
        1.945,
        0,
        1.967,
        0,
        2,
        6.333,
        0,
        2,
        6.833,
        0
      ]
    },
    {
      "Target": "Parameter",
      "Id": "Paramshuy",
      "FadeInTime": -1.0,
      "FadeOutTime": -1.0,
      "Segments": [
        0,
        0,
        2,
        1.367,
        0,
        0,
        1.667,
        -30,
        1,
        1.745,
        -30,
        1.822,
        -29.92,
        1.9,
        -29.507,
        1,
        1.922,
        -29.389,
        1.945,
        0,
        1.967,
        0,
        2,
        6.333,
        0,
        2,
        6.833,
        0
      ]
    },
    {
      "Target": "Parameter",
      "Id": "Paramshuts",
      "FadeInTime": -1.0,
      "FadeOutTime": -1.0,
      "Segments": [
        0,
        0,
        2,
        6.333,
        0,
        1,
        6.5,
        0,
        6.666,
        -0.057,
        6.833,
        -0.111
      ]
    },
    {
      "Target": "Parameter",
      "Id": "xiaoyanwu1",
      "FadeInTime": -1.0,
      "FadeOutTime": -1.0,
      "Segments": [
        0,
        0,
        0,
        1.033,
        2,
        0,
        1.233,
        1,
        0,
        1.567,
        2,
        0,
        1.767,
        0,
        2,
        6.333,
        0,
        2,
        6.833,
        0
      ]
    },
    {
      "Target": "Parameter",
      "Id": "Paramkbtm",
      "FadeInTime": -1.0,
      "FadeOutTime": -1.0,
      "Segments": [
        0,
        0,
        0,
        0.333,
        1,
        2,
        6.833,
        1
      ]
    },
    {
      "Target": "Parameter",
      "Id": "Paramdct",
      "FadeInTime": -1.0,
      "FadeOutTime": -1.0,
      "Segments": [
        0,
        0.7,
        2,
        0.333,
        0.7,
        2,
        1.233,
        0.7,
        0,
        1.533,
        0,
        2,
        5.367,
        0,
        2,
        5.633,
        0,
        0,
        6.333,
        0.7,
        2,
        6.833,
        0.7
      ]
    },
    {
      "Target": "Parameter",
      "Id": "Paramzuoshangbixz",
      "FadeInTime": -1.0,
      "FadeOutTime": -1.0,
      "Segments": [
        0,
        0,
        2,
        0.333,
        0,
        2,
        1.233,
        0,
        0,
        1.533,
        -4.9,
        0,
        1.833,
        8,
        2,
        4.8,
        8,
        0,
        5.367,
        -4,
        1,
        5.456,
        -4,
        5.544,
        -2.611,
        5.633,
        -2,
        1,
        5.866,
        -0.397,
        6.1,
        0,
        6.333,
        0,
        2,
        6.833,
        0
      ]
    },
    {
      "Target": "Parameter",
      "Id": "Paramzuoshangbiss",
      "FadeInTime": -1.0,
      "FadeOutTime": -1.0,
      "Segments": [
        0,
        0,
        2,
        0.333,
        0,
        2,
        1.233,
        0,
        2,
        1.833,
        0,
        2,
        4.8,
        0,
        0,
        5.633,
        -5,
        1,
        5.744,
        -5,
        5.856,
        -1.945,
        5.967,
        -1,
        1,
        6.089,
        0.04,
        6.211,
        0,
        6.333,
        0,
        2,
        6.833,
        0
      ]
    },
    {
      "Target": "Parameter",
      "Id": "Paramzuoxiabxz",
      "FadeInTime": -1.0,
      "FadeOutTime": -1.0,
      "Segments": [
        0,
        0,
        2,
        0.333,
        0,
        2,
        1.233,
        0,
        0,
        1.833,
        -8,
        0,
        2.133,
        -7.88,
        0,
        4.8,
        -8,
        0,
        5.633,
        6,
        0,
        6.333,
        0,
        2,
        6.833,
        0
      ]
    },
    {
      "Target": "Parameter",
      "Id": "Paramzuoxiabss",
      "FadeInTime": -1.0,
      "FadeOutTime": -1.0,
      "Segments": [
        0,
        0,
        2,
        0.333,
        0,
        2,
        1.233,
        0,
        0,
        2.133,
        -2,
        2,
        4.8,
        -2,
        1,
        5.078,
        -2,
        5.355,
        -2.473,
        5.633,
        -5,
        1,
        5.744,
        -6.011,
        5.856,
        -10,
        5.967,
        -10,
        1,
        6.022,
        -10,
        6.078,
        -6.75,
        6.133,
        -4,
        1,
        6.2,
        -0.7,
        6.266,
        0,
        6.333,
        0,
        2,
        6.833,
        0
      ]
    },
    {
      "Target": "Parameter",
      "Id": "Paramzuoshouzxz",
      "FadeInTime": -1.0,
      "FadeOutTime": -1.0,
      "Segments": [
        0,
        0,
        2,
        0.333,
        0,
        2,
        1.233,
        0,
        1,
        1.433,
        0,
        1.633,
        -7.674,
        1.833,
        -15.74,
        1,
        1.933,
        -19.773,
        2.033,
        -20,
        2.133,
        -20,
        2,
        4.8,
        -20,
        1,
        4.989,
        -20,
        5.178,
        -4.298,
        5.367,
        -1,
        1,
        5.456,
        0.552,
        5.544,
        0,
        5.633,
        0,
        2,
        6.333,
        0,
        2,
        6.833,
        0
      ]
    },
    {
      "Target": "Parameter",
      "Id": "Paramcefal",
      "FadeInTime": -1.0,
      "FadeOutTime": -1.0,
      "Segments": [
        0,
        0,
        2,
        0.333,
        0,
        2,
        1.233,
        0,
        0,
        1.533,
        1,
        2,
        4.8,
        1,
        2,
        5.633,
        1,
        1,
        5.744,
        1,
        5.856,
        0.976,
        5.967,
        0.7,
        1,
        6.089,
        0.396,
        6.211,
        0,
        6.333,
        0,
        2,
        6.833,
        0
      ]
    },
    {
      "Target": "Parameter",
      "Id": "Paramzuoshouq",
      "FadeInTime": -1.0,
      "FadeOutTime": -1.0,
      "Segments": [
        0,
        0,
        2,
        0.333,
        0,
        2,
        1.233,
        0,
        2,
        1.5,
        0,
        0,
        1.533,
        -1,
        2,
        1.833,
        -1,
        2,
        4.8,
        -1,
        2,
        5.333,
        -1,
        1,
        5.344,
        -1,
        5.356,
        -0.092,
        5.367,
        0,
        1,
        5.456,
        0.733,
        5.544,
        1,
        5.633,
        1,
        2,
        5.967,
        1,
        0,
        6.333,
        0,
        2,
        6.833,
        0
      ]
    },
    {
      "Target": "Parameter",
      "Id": "Paramzuoshoutc",
      "FadeInTime": -1.0,
      "FadeOutTime": -1.0,
      "Segments": [
        0,
        0,
        2,
        0.333,
        0,
        2,
        1.233,
        0,
        2,
        1.433,
        0,
        0,
        1.467,
        1,
        2,
        1.833,
        1,
        2,
        4.8,
        1,
        2,
        5.333,
        1,
        0,
        5.367,
        0,
        2,
        5.633,
        0,
        2,
        6.333,
        0,
        2,
        6.833,
        0
      ]
    },
    {
      "Target": "Parameter",
      "Id": "Paramzuoxiabqie",
      "FadeInTime": -1.0,
      "FadeOutTime": -1.0,
      "Segments": [
        0,
        0,
        2,
        0.333,
        0,
        2,
        1.233,
        0,
        2,
        1.433,
        0,
        0,
        1.567,
        1,
        2,
        1.833,
        1,
        2,
        4.8,
        1,
        2,
        5.267,
        1,
        0,
        5.433,
        0,
        2,
        5.633,
        0,
        2,
        6.333,
        0,
        2,
        6.833,
        0
      ]
    },
    {
      "Target": "Parameter",
      "Id": "Paramzuoshangbqie",
      "FadeInTime": -1.0,
      "FadeOutTime": -1.0,
      "Segments": [
        0,
        1,
        2,
        0.333,
        1,
        2,
        1.233,
        1,
        2,
        1.267,
        1,
        0,
        1.5,
        0,
        2,
        4.8,
        0,
        2,
        5.333,
        0,
        0,
        5.967,
        1,
        2,
        6.333,
        1,
        2,
        6.833,
        1
      ]
    },
    {
      "Target": "Parameter",
      "Id": "Paramzuoshoulitouf",
      "FadeInTime": -1.0,
      "FadeOutTime": -1.0,
      "Segments": [
        0,
        1,
        2,
        0.333,
        1,
        2,
        1.233,
        1,
        2,
        1.267,
        1,
        0,
        1.3,
        0,
        2,
        4.8,
        0,
        2,
        5.633,
        0,
        2,
        5.967,
        0,
        0,
        6,
        1,
        2,
        6.333,
        1,
        2,
        6.833,
        1
      ]
    },
    {
      "Target": "Parameter",
      "Id": "Paramzuozhi1",
      "FadeInTime": -1.0,
      "FadeOutTime": -1.0,
      "Segments": [
        0,
        0,
        2,
        0.333,
        0,
        2,
        1.5,
        0,
        0,
        1.833,
        0.5,
        0,
        2.5,
        0.4,
        0,
        3.167,
        0.5,
        0,
        3.833,
        0.4,
        0,
        4.5,
        0.5,
        1,
        4.722,
        0.5,
        4.945,
        0.504,
        5.167,
        0.4,
        1,
        5.556,
        0.218,
        5.944,
        0,
        6.333,
        0,
        1,
        6.5,
        0,
        6.666,
        0.15,
        6.833,
        0.3
      ]
    },
    {
      "Target": "Parameter",
      "Id": "Paramzuozhi2",
      "FadeInTime": -1.0,
      "FadeOutTime": -1.0,
      "Segments": [
        0,
        0,
        2,
        0.333,
        0,
        2,
        1.5,
        0,
        0,
        1.833,
        0.5,
        0,
        2.5,
        0,
        0,
        3.167,
        0.5,
        0,
        3.833,
        0,
        0,
        4.5,
        0.5,
        0,
        5.167,
        0,
        2,
        6.333,
        0,
        1,
        6.5,
        0,
        6.666,
        0.161,
        6.833,
        0.316
      ]
    },
    {
      "Target": "Parameter",
      "Id": "Paramzuozhi3",
      "FadeInTime": -1.0,
      "FadeOutTime": -1.0,
      "Segments": [
        0,
        0,
        2,
        0.333,
        0,
        2,
        1.5,
        0,
        0,
        1.833,
        0.4,
        0,
        2.5,
        0,
        0,
        3.167,
        0.4,
        0,
        3.833,
        0,
        0,
        4.5,
        0.4,
        0,
        5.167,
        0,
        2,
        6.333,
        0,
        1,
        6.5,
        0,
        6.666,
        0.23,
        6.833,
        0.443
      ]
    },
    {
      "Target": "Parameter",
      "Id": "Paramzuozhi4",
      "FadeInTime": -1.0,
      "FadeOutTime": -1.0,
      "Segments": [
        0,
        0,
        2,
        0.333,
        0,
        2,
        1.5,
        0,
        0,
        1.833,
        1,
        0,
        2.5,
        0,
        0,
        3.167,
        1,
        0,
        3.833,
        0,
        0,
        4.5,
        1,
        0,
        5.167,
        0,
        2,
        6.333,
        0,
        1,
        6.5,
        0,
        6.666,
        0.154,
        6.833,
        0.291
      ]
    },
    {
      "Target": "Parameter",
      "Id": "Paramzuozhi5",
      "FadeInTime": -1.0,
      "FadeOutTime": -1.0,
      "Segments": [
        0,
        0,
        2,
        0.333,
        0,
        2,
        1.5,
        0,
        0,
        1.833,
        1,
        0,
        2.5,
        0,
        0,
        3.167,
        1,
        0,
        3.833,
        0,
        0,
        4.5,
        1,
        0,
        5.167,
        0,
        2,
        6.333,
        0,
        1,
        6.5,
        0,
        6.666,
        0.2,
        6.833,
        0.369
      ]
    },
    {
      "Target": "Parameter",
      "Id": "Paramzuohouxiabitc",
      "FadeInTime": -1.0,
      "FadeOutTime": -1.0,
      "Segments": [
        0,
        0,
        2,
        0.333,
        0,
        2,
        0.833,
        0,
        0,
        0.867,
        1,
        2,
        5.967,
        1,
        0,
        6,
        0,
        2,
        6.333,
        0,
        2,
        6.833,
        0
      ]
    },
    {
      "Target": "Parameter",
      "Id": "ParamAngleX",
      "FadeInTime": -1.0,
      "FadeOutTime": -1.0,
      "Segments": [
        0,
        0,
        0,
        0.5,
        -15,
        0,
        1.367,
        27,
        1,
        1.445,
        27,
        1.522,
        17.15,
        1.6,
        12,
        1,
        1.711,
        4.642,
        1.822,
        -1.035,
        1.933,
        -5,
        1,
        2.011,
        -7.775,
        2.089,
        -7.816,
        2.167,
        -11,
        1,
        2.245,
        -14.184,
        2.322,
        -30,
        2.4,
        -30,
        2,
        3.033,
        -30,
        0,
        3.333,
        6,
        0,
        3.5,
        -15,
        0,
        4.1,
        3,
        0,
        4.267,
        -30,
        2,
        4.767,
        -30,
        0,
        5.333,
        -20,
        2,
        5.433,
        -20,
        1,
        5.555,
        -20,
        5.678,
        -19.202,
        5.8,
        -14,
        1,
        5.967,
        -6.906,
        6.133,
        0,
        6.3,
        0,
        2,
        6.333,
        0,
        1,
        6.5,
        0,
        6.666,
        2.583,
        6.833,
        4.981
      ]
    },
    {
      "Target": "Parameter",
      "Id": "ParamAngleY",
      "FadeInTime": -1.0,
      "FadeOutTime": -1.0,
      "Segments": [
        0,
        0,
        1,
        0.167,
        0,
        0.333,
        3.683,
        0.5,
        11,
        1,
        0.789,
        23.683,
        1.078,
        30,
        1.367,
        30,
        2,
        1.6,
        30,
        0,
        1.933,
        -30,
        0,
        2.167,
        30,
        0,
        2.4,
        0,
        1,
        2.611,
        0,
        2.822,
        2.192,
        3.033,
        8.323,
        1,
        3.133,
        11.227,
        3.233,
        14,
        3.333,
        14,
        1,
        3.389,
        14,
        3.444,
        12.041,
        3.5,
        11,
        1,
        3.7,
        7.253,
        3.9,
        6,
        4.1,
        6,
        0,
        4.267,
        12,
        2,
        4.767,
        12,
        0,
        5.333,
        30,
        2,
        5.433,
        30,
        0,
        5.8,
        -30,
        0,
        6.3,
        0,
        2,
        6.333,
        0,
        1,
        6.5,
        0,
        6.666,
        -1.435,
        6.833,
        -2.767
      ]
    },
    {
      "Target": "Parameter",
      "Id": "ParamAngleZ",
      "FadeInTime": -1.0,
      "FadeOutTime": -1.0,
      "Segments": [
        0,
        0,
        0,
        0.5,
        -30,
        0,
        1.6,
        30,
        0,
        1.933,
        -30,
        0,
        2.167,
        15,
        0,
        2.4,
        0,
        2,
        6.333,
        0,
        1,
        6.5,
        0,
        6.666,
        2.296,
        6.833,
        4.428
      ]
    },
    {
      "Target": "Parameter",
      "Id": "ParamEyeLOpen",
      "FadeInTime": -1.0,
      "FadeOutTime": -1.0,
      "Segments": [
        0,
        1,
        1,
        0.167,
        1,
        0.333,
        0.704,
        0.5,
        0.6,
        1,
        0.789,
        0.42,
        1.078,
        0.4,
        1.367,
        0.4,
        0,
        1.6,
        1,
        1,
        1.856,
        1,
        2.111,
        0.983,
        2.367,
        0.9,
        1,
        2.434,
        0.878,
        2.5,
        0,
        2.567,
        0,
        0,
        2.7,
        1,
        0,
        2.833,
        0,
        0,
        2.933,
        1,
        0,
        3.067,
        0,
        0,
        3.5,
        0.8,
        0,
        4.667,
        0,
        2,
        4.867,
        0,
        1,
        4.945,
        0,
        5.022,
        0.31,
        5.1,
        0.5,
        1,
        5.178,
        0.69,
        5.255,
        0.7,
        5.333,
        0.7,
        2,
        5.433,
        0.7,
        0,
        5.8,
        0,
        0,
        6.333,
        1,
        2,
        6.833,
        1
      ]
    },
    {
      "Target": "Parameter",
      "Id": "ParamEyeROpen",
      "FadeInTime": -1.0,
      "FadeOutTime": -1.0,
      "Segments": [
        0,
        1,
        1,
        0.167,
        1,
        0.333,
        0.891,
        0.5,
        0.8,
        1,
        0.789,
        0.642,
        1.078,
        0.6,
        1.367,
        0.6,
        0,
        1.6,
        1,
        1,
        1.856,
        1,
        2.111,
        1.033,
        2.367,
        0.9,
        1,
        2.745,
        0.704,
        3.122,
        0,
        3.5,
        0,
        2,
        4.667,
        0,
        2,
        5,
        0,
        0,
        5.333,
        1,
        2,
        5.433,
        1,
        0,
        5.8,
        0,
        0,
        6.333,
        1,
        2,
        6.833,
        1
      ]
    },
    {
      "Target": "Parameter",
      "Id": "ParamEyeBallX",
      "FadeInTime": -1.0,
      "FadeOutTime": -1.0,
      "Segments": [
        0,
        0,
        2,
        1.367,
        0,
        0,
        1.533,
        -0.2,
        0,
        1.633,
        0.2,
        0,
        1.733,
        -0.2,
        0,
        1.833,
        0.3,
        0,
        1.933,
        -0.2,
        0,
        2.033,
        0.2,
        0,
        2.133,
        -0.2,
        0,
        2.233,
        0.3,
        0,
        2.333,
        -0.2,
        0,
        2.433,
        0.2,
        0,
        2.533,
        -0.2,
        0,
        2.633,
        0.3,
        0,
        2.733,
        -0.2,
        0,
        2.833,
        0.2,
        1,
        2.866,
        0.2,
        2.9,
        0.154,
        2.933,
        -0.2,
        1,
        2.966,
        -0.554,
        3,
        -1,
        3.033,
        -1,
        0,
        3.367,
        0,
        0,
        3.6,
        -1,
        0,
        4,
        1,
        0,
        4.633,
        -1,
        2,
        5.233,
        -1,
        0,
        5.833,
        0.4,
        0,
        6.3,
        0,
        2,
        6.333,
        0,
        1,
        6.5,
        0,
        6.666,
        0.062,
        6.833,
        0.117
      ]
    },
    {
      "Target": "Parameter",
      "Id": "ParamEyeBallY",
      "FadeInTime": -1.0,
      "FadeOutTime": -1.0,
      "Segments": [
        0,
        0,
        2,
        1.367,
        0,
        0,
        1.533,
        -0.2,
        0,
        1.633,
        0.2,
        0,
        1.733,
        -0.2,
        0,
        1.833,
        0.3,
        0,
        1.933,
        -0.2,
        0,
        2.033,
        0.2,
        0,
        2.133,
        -0.2,
        0,
        2.233,
        0.3,
        0,
        2.333,
        -0.2,
        0,
        2.433,
        0.2,
        0,
        2.533,
        -0.2,
        0,
        2.633,
        0.3,
        0,
        2.733,
        -0.2,
        0,
        2.833,
        0.2,
        0,
        2.933,
        -0.2,
        0,
        3.033,
        0.3,
        0,
        3.367,
        0,
        2,
        3.6,
        0,
        2,
        4,
        0,
        2,
        5.233,
        0,
        0,
        5.833,
        -0.6,
        0,
        6.3,
        0,
        2,
        6.333,
        0,
        1,
        6.5,
        0,
        6.666,
        -0.031,
        6.833,
        -0.058
      ]
    },
    {
      "Target": "Parameter",
      "Id": "Paramtkdx",
      "FadeInTime": -1.0,
      "FadeOutTime": -1.0,
      "Segments": [
        0,
        0,
        2,
        1.367,
        0,
        0,
        1.633,
        -1,
        2,
        3.133,
        -1,
        0,
        3.4,
        0,
        2,
        6.333,
        0,
        2,
        6.833,
        0
      ]
    },
    {
      "Target": "Parameter",
      "Id": "Parameyeshizi",
      "FadeInTime": -1.0,
      "FadeOutTime": -1.0,
      "Segments": [
        0,
        0,
        2,
        1.367,
        0,
        2,
        2.933,
        0,
        0,
        3.2,
        1,
        0,
        3.5,
        -1,
        0,
        3.733,
        0.361,
        0,
        3.9,
        -0.2,
        1,
        3.922,
        -0.2,
        3.945,
        -0.045,
        3.967,
        0,
        1,
        4.311,
        0.695,
        4.656,
        1,
        5,
        1,
        0,
        5.333,
        -1,
        0,
        5.567,
        0.361,
        0,
        5.733,
        -0.2,
        0,
        5.8,
        0,
        2,
        6.333,
        0,
        2,
        6.833,
        0
      ]
    },
    {
      "Target": "Parameter",
      "Id": "Paramurrrr",
      "FadeInTime": -1.0,
      "FadeOutTime": -1.0,
      "Segments": [
        0,
        0,
        2,
        1.367,
        0,
        0,
        1.533,
        -0.2,
        0,
        1.633,
        0.2,
        0,
        1.733,
        -0.2,
        0,
        1.833,
        0.3,
        0,
        1.933,
        -0.2,
        0,
        2.033,
        0.2,
        0,
        2.133,
        -0.2,
        0,
        2.233,
        0.3,
        0,
        2.333,
        -0.2,
        0,
        2.433,
        0.2,
        0,
        2.933,
        0,
        2,
        3.2,
        0,
        0,
        3.5,
        -0.2,
        0,
        3.733,
        0.1,
        0,
        3.9,
        -0.1,
        0,
        4.067,
        0.1,
        0,
        4.233,
        -0.1,
        0,
        4.433,
        0.06,
        0,
        4.633,
        -0.038,
        0,
        5,
        0,
        0,
        5.333,
        -0.2,
        0,
        5.567,
        0.1,
        0,
        5.733,
        -0.1,
        0,
        5.9,
        0.1,
        0,
        6.067,
        -0.1,
        0,
        6.267,
        0.06,
        0,
        6.333,
        0,
        2,
        6.833,
        0
      ]
    },
    {
      "Target": "Parameter",
      "Id": "ParamBrowLX",
      "FadeInTime": -1.0,
      "FadeOutTime": -1.0,
      "Segments": [
        0,
        0,
        2,
        1.367,
        0,
        0,
        2.933,
        0.274,
        2,
        3.2,
        0.274,
        1,
        3.3,
        0.183,
        3.4,
        0.091,
        3.5,
        0,
        2,
        5.467,
        0,
        2,
        5.8,
        0,
        2,
        6.133,
        0,
        2,
        6.333,
        0,
        2,
        6.833,
        0
      ]
    },
    {
      "Target": "Parameter",
      "Id": "ParamBrowLY",
      "FadeInTime": -1.0,
      "FadeOutTime": -1.0,
      "Segments": [
        0,
        0,
        2,
        1.367,
        0,
        0,
        2.933,
        -1,
        2,
        3.2,
        -1,
        1,
        3.3,
        -0.733,
        3.4,
        -0.467,
        3.5,
        -0.2,
        2,
        5.467,
        -0.2,
        1,
        5.578,
        -0.4,
        5.689,
        -0.6,
        5.8,
        -0.8,
        0,
        6.133,
        0,
        2,
        6.333,
        0,
        2,
        6.833,
        0
      ]
    },
    {
      "Target": "Parameter",
      "Id": "ParamBrowRX",
      "FadeInTime": -1.0,
      "FadeOutTime": -1.0,
      "Segments": [
        0,
        0,
        2,
        1.367,
        0,
        2,
        2.933,
        0,
        2,
        3.2,
        0,
        0,
        3.5,
        0.3,
        2,
        5.467,
        0.3,
        2,
        5.8,
        0.3,
        0,
        6.133,
        0,
        2,
        6.333,
        0,
        2,
        6.833,
        0
      ]
    },
    {
      "Target": "Parameter",
      "Id": "ParamBrowRY",
      "FadeInTime": -1.0,
      "FadeOutTime": -1.0,
      "Segments": [
        0,
        0,
        2,
        1.367,
        0,
        0,
        2.933,
        -0.8,
        2,
        3.2,
        -0.8,
        0,
        3.5,
        -1,
        2,
        5.467,
        -1,
        2,
        5.8,
        -1,
        0,
        6.133,
        0,
        2,
        6.333,
        0,
        2,
        6.833,
        0
      ]
    },
    {
      "Target": "Parameter",
      "Id": "ParamBrowLAngle",
      "FadeInTime": -1.0,
      "FadeOutTime": -1.0,
      "Segments": [
        0,
        0,
        2,
        1.367,
        0,
        1,
        1.534,
        0,
        1.7,
        0.003,
        1.867,
        0.1,
        1,
        2.222,
        0.308,
        2.578,
        0.498,
        2.933,
        0.498,
        2,
        3.2,
        0.498,
        1,
        3.3,
        0.299,
        3.4,
        0.099,
        3.5,
        -0.1,
        2,
        5.467,
        -0.1,
        1,
        5.578,
        -0.167,
        5.689,
        -0.233,
        5.8,
        -0.3,
        1,
        5.911,
        -0.2,
        6.022,
        -0.1,
        6.133,
        0,
        2,
        6.333,
        0,
        2,
        6.833,
        0
      ]
    },
    {
      "Target": "Parameter",
      "Id": "ParamBrowRAngle",
      "FadeInTime": -1.0,
      "FadeOutTime": -1.0,
      "Segments": [
        0,
        0,
        2,
        1.367,
        0,
        1,
        1.534,
        0,
        1.7,
        -0.036,
        1.867,
        -0.1,
        1,
        2.222,
        -0.236,
        2.578,
        -0.3,
        2.933,
        -0.3,
        2,
        3.2,
        -0.3,
        0,
        3.5,
        0.5,
        2,
        5.467,
        0.5,
        2,
        5.8,
        0.5,
        0,
        6.133,
        0,
        2,
        6.333,
        0,
        2,
        6.833,
        0
      ]
    },
    {
      "Target": "Parameter",
      "Id": "ParamBrowLForm",
      "FadeInTime": -1.0,
      "FadeOutTime": -1.0,
      "Segments": [
        0,
        0,
        0,
        0.5,
        -0.6,
        2,
        1,
        -0.6,
        0,
        1.367,
        -1,
        1,
        1.534,
        -1,
        1.7,
        -0.995,
        1.867,
        -0.8,
        1,
        2.222,
        -0.383,
        2.578,
        0,
        2.933,
        0,
        2,
        3.2,
        0,
        2,
        3.5,
        0,
        2,
        5.467,
        0,
        2,
        5.8,
        0,
        2,
        6.133,
        0,
        2,
        6.333,
        0,
        2,
        6.833,
        0
      ]
    },
    {
      "Target": "Parameter",
      "Id": "ParamBrowRForm",
      "FadeInTime": -1.0,
      "FadeOutTime": -1.0,
      "Segments": [
        0,
        0,
        0,
        0.5,
        -0.6,
        2,
        1,
        -0.6,
        0,
        1.367,
        -1,
        1,
        1.534,
        -1,
        1.7,
        -0.995,
        1.867,
        -0.8,
        1,
        2.222,
        -0.383,
        2.578,
        0,
        2.933,
        0,
        2,
        3.2,
        0,
        2,
        3.5,
        0,
        2,
        5.467,
        0,
        2,
        5.8,
        0,
        2,
        6.133,
        0,
        2,
        6.333,
        0,
        2,
        6.833,
        0
      ]
    },
    {
      "Target": "Parameter",
      "Id": "ParamMouthForm",
      "FadeInTime": -1.0,
      "FadeOutTime": -1.0,
      "Segments": [
        0,
        0,
        2,
        1.367,
        0,
        0,
        1.867,
        -1,
        0,
        2.933,
        -0.5,
        0,
        4.133,
        -1,
        2,
        5.3,
        -1,
        0,
        6.267,
        0,
        2,
        6.333,
        0,
        0,
        6.833,
        0.5
      ]
    },
    {
      "Target": "Parameter",
      "Id": "ParamMouthOpenY",
      "FadeInTime": -1.0,
      "FadeOutTime": -1.0,
      "Segments": [
        0,
        0,
        2,
        1.367,
        0,
        0,
        1.867,
        1,
        1,
        1.922,
        1,
        1.978,
        0.86,
        2.033,
        0.7,
        1,
        2.089,
        0.54,
        2.144,
        0.5,
        2.2,
        0.5,
        0,
        2.4,
        0.7,
        0,
        2.567,
        0.5,
        0,
        2.767,
        0.7,
        0,
        2.933,
        0.5,
        0,
        3.133,
        0.7,
        0,
        3.3,
        0.5,
        0,
        3.5,
        0.7,
        0,
        3.667,
        0.5,
        0,
        3.867,
        0.7,
        0,
        4.033,
        0.5,
        0,
        4.233,
        0.7,
        0,
        4.4,
        0.5,
        2,
        5.3,
        0.5,
        0,
        6.267,
        0,
        2,
        6.333,
        0,
        2,
        6.833,
        0
      ]
    },
    {
      "Target": "Parameter",
      "Id": "Paramzuikb",
      "FadeInTime": -1.0,
      "FadeOutTime": -1.0,
      "Segments": [
        0,
        0,
        2,
        1.367,
        0,
        0,
        1.867,
        1,
        1,
        1.922,
        1,
        1.978,
        0.86,
        2.033,
        0.7,
        1,
        2.089,
        0.54,
        2.144,
        0.5,
        2.2,
        0.5,
        0,
        2.4,
        0.7,
        0,
        2.567,
        0.5,
        0,
        2.767,
        0.7,
        0,
        2.933,
        0.5,
        0,
        3.133,
        0.7,
        0,
        3.3,
        0.5,
        0,
        3.5,
        0.7,
        0,
        3.667,
        0.5,
        0,
        3.867,
        0.7,
        0,
        4.033,
        0.5,
        0,
        4.233,
        0.7,
        0,
        4.4,
        0.5,
        2,
        5.3,
        0.5,
        0,
        6.267,
        0,
        2,
        6.333,
        0,
        2,
        6.833,
        0
      ]
    },
    {
      "Target": "Parameter",
      "Id": "Paramzuistm",
      "FadeInTime": -1.0,
      "FadeOutTime": -1.0,
      "Segments": [
        0,
        0,
        2,
        0.5,
        0,
        0,
        0.533,
        1,
        2,
        6.167,
        1,
        0,
        6.2,
        0,
        2,
        6.333,
        0,
        2,
        6.833,
        0
      ]
    },
    {
      "Target": "Parameter",
      "Id": "Paramzuizidtm",
      "FadeInTime": -1.0,
      "FadeOutTime": -1.0,
      "Segments": [
        0,
        1,
        2,
        0.5,
        1,
        0,
        0.533,
        0,
        2,
        6.167,
        0,
        0,
        6.2,
        1,
        2,
        6.333,
        1,
        2,
        6.833,
        1
      ]
    },
    {
      "Target": "Parameter",
      "Id": "Paramdjj",
      "FadeInTime": -1.0,
      "FadeOutTime": -1.0,
      "Segments": [
        0,
        0,
        2,
        1.367,
        0,
        0,
        1.7,
        2,
        0,
        1.733,
        0,
        2,
        6.333,
        0,
        2,
        6.833,
        0
      ]
    },
    {
      "Target": "Parameter",
      "Id": "Paramhan1",
      "FadeInTime": -1.0,
      "FadeOutTime": -1.0,
      "Segments": [
        0,
        0,
        2,
        1.367,
        0,
        1,
        2.545,
        3.333,
        3.722,
        6.667,
        4.9,
        10,
        2,
        4.933,
        0,
        2,
        6.833,
        0
      ]
    },
    {
      "Target": "Parameter",
      "Id": "Paramhan2",
      "FadeInTime": -1.0,
      "FadeOutTime": -1.0,
      "Segments": [
        0,
        0,
        2,
        1.367,
        0,
        1,
        2.689,
        2.667,
        4.011,
        5.333,
        5.333,
        8,
        2,
        5.367,
        0,
        2,
        6.833,
        0
      ]
    },
    {
      "Target": "Parameter",
      "Id": "Paramzuituqi",
      "FadeInTime": -1.0,
      "FadeOutTime": -1.0,
      "Segments": [
        0,
        0,
        2,
        5.633,
        0,
        1,
        5.7,
        0,
        5.766,
        -0.072,
        5.833,
        0.1,
        1,
        5.989,
        0.502,
        6.144,
        2,
        6.3,
        2,
        2,
        6.333,
        0,
        2,
        6.833,
        0
      ]
    },
    {
      "Target": "Parameter",
      "Id": "Paramdcx",
      "FadeInTime": -1.0,
      "FadeOutTime": -1.0,
      "Segments": [
        0,
        0,
        0,
        0.6,
        -0.4,
        1,
        0.767,
        -0.4,
        0.933,
        -0.367,
        1.1,
        -0.214,
        1,
        1.189,
        -0.133,
        1.278,
        0,
        1.367,
        0,
        0,
        1.567,
        -0.9,
        1,
        1.622,
        -0.9,
        1.678,
        -0.753,
        1.733,
        -0.1,
        1,
        1.778,
        0.422,
        1.822,
        1,
        1.867,
        1,
        0,
        2.3,
        -1,
        0,
        2.833,
        1,
        0,
        3.367,
        -1,
        0,
        3.9,
        0.5,
        0,
        4.467,
        -0.5,
        0,
        5.633,
        0.4,
        1,
        5.866,
        0.4,
        6.1,
        0.224,
        6.333,
        0,
        1,
        6.5,
        -0.16,
        6.666,
        -0.263,
        6.833,
        -0.325
      ]
    },
    {
      "Target": "Parameter",
      "Id": "Paramdcy",
      "FadeInTime": -1.0,
      "FadeOutTime": -1.0,
      "Segments": [
        0,
        -0.4,
        0,
        0.6,
        0,
        1,
        0.767,
        0,
        0.933,
        -0.193,
        1.1,
        -0.304,
        1,
        1.189,
        -0.363,
        1.278,
        -0.356,
        1.367,
        -0.4,
        1,
        1.434,
        -0.433,
        1.5,
        -0.496,
        1.567,
        -0.6,
        1,
        1.622,
        -0.687,
        1.678,
        -1,
        1.733,
        -1,
        1,
        1.778,
        -1,
        1.822,
        -0.622,
        1.867,
        -0.5,
        1,
        2.011,
        -0.104,
        2.156,
        -0.003,
        2.3,
        -0.003,
        0,
        2.6,
        -0.803,
        0,
        2.833,
        0.097,
        0,
        3.1,
        -0.803,
        0,
        3.367,
        -0.003,
        0,
        3.667,
        -0.803,
        0,
        3.9,
        -0.103,
        0,
        4.167,
        -0.803,
        0,
        4.467,
        -0.203,
        0,
        4.8,
        -0.603,
        0,
        5.633,
        0,
        0,
        6.333,
        -0.4,
        1,
        6.5,
        -0.4,
        6.666,
        -0.285,
        6.833,
        -0.179
      ]
    },
    {
      "Target": "Parameter",
      "Id": "Paramdczuoyou",
      "FadeInTime": -1.0,
      "FadeOutTime": -1.0,
      "Segments": [
        0,
        0,
        0,
        0.6,
        -0.3,
        1,
        0.767,
        -0.3,
        0.933,
        -0.252,
        1.1,
        -0.161,
        1,
        1.2,
        -0.106,
        1.3,
        -0.089,
        1.4,
        0,
        1,
        1.5,
        0.089,
        1.6,
        0.4,
        1.7,
        0.4,
        1,
        1.789,
        0.4,
        1.878,
        0.294,
        1.967,
        0,
        1,
        2.078,
        -0.367,
        2.189,
        -0.6,
        2.3,
        -0.6,
        0,
        2.833,
        0.5,
        0,
        3.367,
        -0.6,
        0,
        3.9,
        0.3,
        0,
        4.467,
        -0.3,
        0,
        5.633,
        0.3,
        1,
        5.866,
        0.3,
        6.1,
        0.168,
        6.333,
        0,
        1,
        6.5,
        -0.12,
        6.666,
        -0.198,
        6.833,
        -0.244
      ]
    },
    {
      "Target": "Parameter",
      "Id": "ParamBodyAngleX",
      "FadeInTime": -1.0,
      "FadeOutTime": -1.0,
      "Segments": [
        0,
        0,
        0,
        1.4,
        4,
        0,
        1.633,
        -4,
        0,
        1.833,
        3,
        0,
        2.067,
        -6,
        0,
        2.233,
        1,
        0,
        2.367,
        0,
        0,
        2.5,
        1,
        0,
        2.633,
        0,
        0,
        2.767,
        1,
        1,
        2.811,
        1,
        2.856,
        1.108,
        2.9,
        0,
        1,
        2.944,
        -1.108,
        2.989,
        -10,
        3.033,
        -10,
        0,
        3.333,
        2,
        0,
        3.5,
        -5,
        0,
        4.1,
        1,
        0,
        4.267,
        -10,
        2,
        4.767,
        -10,
        1,
        4.956,
        -10,
        5.144,
        -7.904,
        5.333,
        -6.667,
        1,
        5.489,
        -5.647,
        5.644,
        -5.772,
        5.8,
        -4.667,
        1,
        5.978,
        -3.403,
        6.155,
        0,
        6.333,
        0,
        1,
        6.5,
        0,
        6.666,
        -0.234,
        6.833,
        -0.565
      ]
    },
    {
      "Target": "Parameter",
      "Id": "ParamBodyAngleY",
      "FadeInTime": -1.0,
      "FadeOutTime": -1.0,
      "Segments": [
        0,
        0,
        2,
        1.467,
        0,
        0,
        1.8,
        -8,
        0,
        2.067,
        0,
        2,
        5,
        0,
        0,
        5.633,
        -3,
        0,
        6.267,
        0,
        2,
        6.333,
        0,
        2,
        6.833,
        0
      ]
    },
    {
      "Target": "Parameter",
      "Id": "Parambdx",
      "FadeInTime": -1.0,
      "FadeOutTime": -1.0,
      "Segments": [
        0,
        0,
        0,
        1.4,
        4,
        0,
        1.633,
        -4,
        0,
        1.833,
        3,
        0,
        2.067,
        -6,
        0,
        2.233,
        1,
        0,
        2.367,
        0,
        0,
        2.5,
        1,
        0,
        2.633,
        0,
        0,
        2.767,
        1,
        1,
        2.811,
        1,
        2.856,
        1.108,
        2.9,
        0,
        1,
        2.944,
        -1.108,
        2.989,
        -10,
        3.033,
        -10,
        0,
        3.333,
        2,
        0,
        3.5,
        -5,
        0,
        4.1,
        1,
        0,
        4.267,
        -10,
        2,
        4.767,
        -10,
        1,
        4.956,
        -10,
        5.144,
        -7.904,
        5.333,
        -6.667,
        1,
        5.489,
        -5.647,
        5.644,
        -5.772,
        5.8,
        -4.667,
        1,
        5.978,
        -3.403,
        6.155,
        0,
        6.333,
        0,
        1,
        6.5,
        0,
        6.666,
        -0.234,
        6.833,
        -0.565
      ]
    },
    {
      "Target": "Parameter",
      "Id": "Parambdy",
      "FadeInTime": -1.0,
      "FadeOutTime": -1.0,
      "Segments": [
        0,
        0,
        2,
        1.467,
        0,
        0,
        1.8,
        -8,
        0,
        2.067,
        0,
        2,
        5,
        0,
        0,
        5.633,
        -3,
        0,
        6.267,
        0,
        2,
        6.333,
        0,
        2,
        6.833,
        0
      ]
    },
    {
      "Target": "Parameter",
      "Id": "Parampigu",
      "FadeInTime": -1.0,
      "FadeOutTime": -1.0,
      "Segments": [
        0,
        0,
        2,
        6.333,
        0,
        1,
        6.5,
        0,
        6.666,
        0.606,
        6.833,
        1.46
      ]
    },
    {
      "Target": "Parameter",
      "Id": "ParamBreath",
      "FadeInTime": -1.0,
      "FadeOutTime": -1.0,
      "Segments": [
        0,
        0,
        2,
        6.333,
        0,
        1,
        6.5,
        0,
        6.666,
        0.055,
        6.833,
        0.139
      ]
    },
    {
      "Target": "Parameter",
      "Id": "Parampsr",
      "FadeInTime": -1.0,
      "FadeOutTime": -1.0,
      "Segments": [
        0,
        0,
        0,
        0.9,
        -1,
        0,
        1.533,
        1,
        0,
        2.4,
        -1,
        0,
        3.133,
        1,
        0,
        3.8,
        -1,
        0,
        4.6,
        1,
        0,
        5.4,
        -1,
        0,
        6,
        1,
        1,
        6.111,
        1,
        6.222,
        0.54,
        6.333,
        0,
        1,
        6.489,
        -0.757,
        6.644,
        -1,
        6.8,
        -1,
        1,
        6.811,
        -1,
        6.822,
        -0.995,
        6.833,
        -0.985
      ]
    },
    {
      "Target": "Parameter",
      "Id": "ParamHairFront",
      "FadeInTime": -1.0,
      "FadeOutTime": -1.0,
      "Segments": [
        0,
        -0.005,
        0,
        0.033,
        -0.006,
        0,
        0.333,
        0.293,
        0,
        0.8,
        -0.292,
        0,
        0.967,
        -0.24,
        0,
        1.2,
        -0.388,
        0,
        1.633,
        0.682,
        0,
        2.067,
        0.012,
        0,
        2.367,
        0.416,
        0,
        2.633,
        -0.577,
        0,
        3.067,
        0.113,
        0,
        3.267,
        -0.504,
        0,
        3.467,
        1,
        2,
        3.567,
        1,
        0,
        3.867,
        -0.756,
        0,
        4.267,
        1,
        0,
        4.533,
        -0.557,
        0,
        4.867,
        0.445,
        0,
        5.7,
        -0.379,
        0,
        6.3,
        0.412,
        0,
        6.733,
        -0.237,
        1,
        6.766,
        -0.237,
        6.8,
        -0.211,
        6.833,
        -0.19
      ]
    },
    {
      "Target": "Parameter",
      "Id": "Paramhfy",
      "FadeInTime": -1.0,
      "FadeOutTime": -1.0,
      "Segments": [
        0,
        0.016,
        0,
        0.2,
        -0.118,
        0,
        0.567,
        0.365,
        0,
        0.967,
        -0.202,
        0,
        1.133,
        -0.102,
        0,
        1.5,
        -0.576,
        0,
        1.833,
        0.612,
        0,
        2.3,
        -0.123,
        0,
        2.533,
        0.705,
        0,
        2.867,
        -0.568,
        0,
        3.233,
        0.333,
        0,
        3.433,
        -1,
        2,
        3.467,
        -1,
        0,
        3.667,
        1,
        2,
        3.767,
        1,
        0,
        4.1,
        -0.75,
        0,
        4.133,
        -0.709,
        0,
        4.233,
        -0.929,
        0,
        4.433,
        1,
        2,
        4.467,
        1,
        0,
        4.767,
        -0.726,
        0,
        5.1,
        0.501,
        0,
        5.467,
        -0.043,
        0,
        5.6,
        0.029,
        0,
        6.033,
        -0.418,
        0,
        6.567,
        0.465,
        1,
        6.656,
        0.465,
        6.744,
        0.071,
        6.833,
        -0.086
      ]
    },
    {
      "Target": "Parameter",
      "Id": "Param",
      "FadeInTime": -1.0,
      "FadeOutTime": -1.0,
      "Segments": [
        0,
        0.736,
        1,
        0.2,
        0.736,
        0.4,
        0.513,
        0.6,
        0.003,
        1,
        0.767,
        -0.422,
        0.933,
        -0.669,
        1.1,
        -0.669,
        0,
        1.567,
        0.002,
        0,
        1.733,
        -1,
        1,
        1.778,
        -1,
        1.822,
        -0.512,
        1.867,
        0,
        1,
        1.934,
        0.768,
        2,
        1,
        2.067,
        1,
        1,
        2.134,
        1,
        2.2,
        0.373,
        2.267,
        0.003,
        1,
        2.378,
        -0.614,
        2.489,
        -0.73,
        2.6,
        -0.73,
        1,
        2.689,
        -0.73,
        2.778,
        -0.487,
        2.867,
        0.002,
        1,
        2.956,
        0.49,
        3.044,
        0.736,
        3.133,
        0.736,
        1,
        3.222,
        0.736,
        3.311,
        0.461,
        3.4,
        0.003,
        1,
        3.5,
        -0.512,
        3.6,
        -0.73,
        3.7,
        -0.73,
        1,
        3.778,
        -0.73,
        3.855,
        -0.452,
        3.933,
        0.002,
        1,
        4.022,
        0.521,
        4.111,
        0.736,
        4.2,
        0.736,
        1,
        4.289,
        0.736,
        4.378,
        0.461,
        4.467,
        0.003,
        1,
        4.567,
        -0.512,
        4.667,
        -0.73,
        4.767,
        -0.73,
        1,
        5.067,
        -0.73,
        5.367,
        -0.547,
        5.667,
        0.002,
        1,
        5.889,
        0.408,
        6.111,
        0.736,
        6.333,
        0.736,
        1,
        6.5,
        0.736,
        6.666,
        0.654,
        6.833,
        0.508
      ]
    },
    {
      "Target": "Parameter",
      "Id": "Param2",
      "FadeInTime": -1.0,
      "FadeOutTime": -1.0,
      "Segments": [
        0,
        0.002,
        0,
        0.6,
        0.736,
        0,
        1.1,
        0.362,
        0,
        1.567,
        0.522,
        1,
        1.622,
        0.522,
        1.678,
        0.467,
        1.733,
        0,
        1,
        1.778,
        -0.374,
        1.822,
        -1,
        1.867,
        -1,
        1,
        1.934,
        -1,
        2,
        -0.565,
        2.067,
        0,
        1,
        2.134,
        0.565,
        2.2,
        0.736,
        2.267,
        0.736,
        1,
        2.378,
        0.736,
        2.489,
        0.538,
        2.6,
        0.002,
        1,
        2.689,
        -0.427,
        2.778,
        -0.73,
        2.867,
        -0.73,
        1,
        2.956,
        -0.73,
        3.044,
        -0.487,
        3.133,
        0.002,
        1,
        3.222,
        0.49,
        3.311,
        0.736,
        3.4,
        0.736,
        1,
        3.5,
        0.736,
        3.6,
        0.543,
        3.7,
        0.002,
        1,
        3.778,
        -0.419,
        3.855,
        -0.73,
        3.933,
        -0.73,
        1,
        4.022,
        -0.73,
        4.111,
        -0.487,
        4.2,
        0.002,
        1,
        4.289,
        0.49,
        4.378,
        0.736,
        4.467,
        0.736,
        1,
        4.567,
        0.736,
        4.667,
        0.197,
        4.767,
        0.002,
        1,
        5.067,
        -0.583,
        5.367,
        -0.73,
        5.667,
        -0.73,
        1,
        5.889,
        -0.73,
        6.111,
        -0.395,
        6.333,
        0.002,
        1,
        6.5,
        0.299,
        6.666,
        0.488,
        6.833,
        0.6
      ]
    },
    {
      "Target": "Parameter",
      "Id": "ParamHairBack",
      "FadeInTime": -1.0,
      "FadeOutTime": -1.0,
      "Segments": [
        0,
        0,
        0,
        0.6,
        -0.494,
        0,
        1.1,
        -0.245,
        0,
        1.567,
        -1,
        1,
        1.622,
        -1,
        1.678,
        -0.731,
        1.733,
        0,
        1,
        1.778,
        0.585,
        1.822,
        1,
        1.867,
        1,
        0,
        2.267,
        -0.494,
        1,
        2.378,
        -0.494,
        2.489,
        -0.364,
        2.6,
        0,
        1,
        2.689,
        0.292,
        2.778,
        0.505,
        2.867,
        0.505,
        1,
        2.956,
        0.505,
        3.044,
        0.333,
        3.133,
        0,
        1,
        3.222,
        -0.333,
        3.311,
        -0.494,
        3.4,
        -0.494,
        1,
        3.5,
        -0.494,
        3.6,
        -0.368,
        3.7,
        0,
        1,
        3.778,
        0.286,
        3.855,
        0.505,
        3.933,
        0.505,
        1,
        4.022,
        0.505,
        4.111,
        0.333,
        4.2,
        0,
        1,
        4.289,
        -0.333,
        4.378,
        -0.494,
        4.467,
        -0.494,
        1,
        4.567,
        -0.494,
        4.667,
        -0.134,
        4.767,
        0,
        1,
        5.067,
        0.403,
        5.367,
        0.505,
        5.667,
        0.505,
        1,
        5.889,
        0.505,
        6.111,
        0.269,
        6.333,
        0,
        1,
        6.5,
        -0.202,
        6.666,
        -0.329,
        6.833,
        -0.404
      ]
    },
    {
      "Target": "Parameter",
      "Id": "Paramhoufay",
      "FadeInTime": -1.0,
      "FadeOutTime": -1.0,
      "Segments": [
        0,
        0.518,
        1,
        0.2,
        0.518,
        0.4,
        0.357,
        0.6,
        0,
        1,
        0.767,
        -0.298,
        0.933,
        -0.467,
        1.1,
        -0.467,
        0,
        1.567,
        0,
        0,
        1.733,
        -1,
        0,
        1.867,
        0,
        2,
        2.267,
        0,
        0,
        2.6,
        -0.508,
        1,
        2.689,
        -0.508,
        2.778,
        -0.342,
        2.867,
        0,
        1,
        2.956,
        0.342,
        3.044,
        0.518,
        3.133,
        0.518,
        1,
        3.222,
        0.518,
        3.311,
        0.32,
        3.4,
        0,
        1,
        3.5,
        -0.36,
        3.6,
        -0.508,
        3.7,
        -0.508,
        1,
        3.778,
        -0.508,
        3.855,
        -0.318,
        3.933,
        0,
        1,
        4.022,
        0.363,
        4.111,
        0.518,
        4.2,
        0.518,
        1,
        4.289,
        0.518,
        4.378,
        0.32,
        4.467,
        0,
        1,
        4.567,
        -0.36,
        4.667,
        -0.508,
        4.767,
        -0.508,
        1,
        5.067,
        -0.508,
        5.367,
        -0.383,
        5.667,
        0,
        1,
        5.889,
        0.284,
        6.111,
        0.518,
        6.333,
        0.518,
        1,
        6.5,
        0.518,
        6.666,
        0.458,
        6.833,
        0.356
      ]
    },
    {
      "Target": "Parameter",
      "Id": "Paramhoufabx",
      "FadeInTime": -1.0,
      "FadeOutTime": -1.0,
      "Segments": [
        0,
        0,
        0,
        0.6,
        -0.494,
        1,
        0.767,
        -0.494,
        0.933,
        -0.518,
        1.1,
        -0.245,
        1,
        1.256,
        0.011,
        1.411,
        1,
        1.567,
        1,
        0,
        1.733,
        -0.6,
        0,
        1.867,
        1,
        0,
        2.267,
        -0.494,
        1,
        2.378,
        -0.494,
        2.489,
        -0.364,
        2.6,
        0,
        1,
        2.689,
        0.292,
        2.778,
        0.505,
        2.867,
        0.505,
        1,
        2.956,
        0.505,
        3.044,
        0.333,
        3.133,
        0,
        1,
        3.222,
        -0.333,
        3.311,
        -0.494,
        3.4,
        -0.494,
        1,
        3.5,
        -0.494,
        3.6,
        -0.368,
        3.7,
        0,
        1,
        3.778,
        0.286,
        3.855,
        0.505,
        3.933,
        0.505,
        1,
        4.022,
        0.505,
        4.111,
        0.333,
        4.2,
        0,
        1,
        4.289,
        -0.333,
        4.378,
        -0.494,
        4.467,
        -0.494,
        1,
        4.567,
        -0.494,
        4.667,
        -0.134,
        4.767,
        0,
        1,
        5.067,
        0.403,
        5.367,
        0.505,
        5.667,
        0.505,
        1,
        5.889,
        0.505,
        6.111,
        0.269,
        6.333,
        0,
        1,
        6.5,
        -0.202,
        6.666,
        -0.329,
        6.833,
        -0.404
      ]
    },
    {
      "Target": "Parameter",
      "Id": "Paramdcfx",
      "FadeInTime": -1.0,
      "FadeOutTime": -1.0,
      "Segments": [
        0,
        0.522,
        1,
        0.2,
        0.522,
        0.4,
        0.363,
        0.6,
        0.002,
        1,
        0.767,
        -0.299,
        0.933,
        -0.474,
        1.1,
        -0.474,
        0,
        1.567,
        0.002,
        0,
        1.733,
        -1,
        1,
        1.778,
        -1,
        1.822,
        -0.512,
        1.867,
        0,
        1,
        1.934,
        0.768,
        2,
        1,
        2.067,
        1,
        1,
        2.134,
        1,
        2.2,
        0.281,
        2.267,
        0.002,
        1,
        2.378,
        -0.463,
        2.489,
        -0.517,
        2.6,
        -0.517,
        1,
        2.689,
        -0.517,
        2.778,
        -0.344,
        2.867,
        0.002,
        1,
        2.956,
        0.348,
        3.044,
        0.522,
        3.133,
        0.522,
        1,
        3.222,
        0.522,
        3.311,
        0.327,
        3.4,
        0.002,
        1,
        3.5,
        -0.363,
        3.6,
        -0.517,
        3.7,
        -0.517,
        1,
        3.778,
        -0.517,
        3.855,
        -0.32,
        3.933,
        0.002,
        1,
        4.022,
        0.37,
        4.111,
        0.522,
        4.2,
        0.522,
        1,
        4.289,
        0.522,
        4.378,
        0.327,
        4.467,
        0.002,
        1,
        4.567,
        -0.363,
        4.667,
        -0.517,
        4.767,
        -0.517,
        1,
        5.067,
        -0.517,
        5.367,
        -0.387,
        5.667,
        0.002,
        1,
        5.889,
        0.29,
        6.111,
        0.522,
        6.333,
        0.522,
        1,
        6.5,
        0.522,
        6.666,
        0.463,
        6.833,
        0.36
      ]
    },
    {
      "Target": "Parameter",
      "Id": "Paramdcfy",
      "FadeInTime": -1.0,
      "FadeOutTime": -1.0,
      "Segments": [
        0,
        0.002,
        0,
        0.6,
        0.522,
        0,
        1.1,
        0.257,
        0,
        1.567,
        0.522,
        1,
        1.622,
        0.522,
        1.678,
        0.467,
        1.733,
        0,
        1,
        1.778,
        -0.374,
        1.822,
        -1,
        1.867,
        -1,
        1,
        1.934,
        -1,
        2,
        -0.457,
        2.067,
        0,
        1,
        2.134,
        0.457,
        2.2,
        0.522,
        2.267,
        0.522,
        1,
        2.378,
        0.522,
        2.489,
        0.382,
        2.6,
        0.002,
        1,
        2.689,
        -0.302,
        2.778,
        -0.517,
        2.867,
        -0.517,
        1,
        2.956,
        -0.517,
        3.044,
        -0.344,
        3.133,
        0.002,
        1,
        3.222,
        0.348,
        3.311,
        0.522,
        3.4,
        0.522,
        1,
        3.5,
        0.522,
        3.6,
        0.386,
        3.7,
        0.002,
        1,
        3.778,
        -0.296,
        3.855,
        -0.517,
        3.933,
        -0.517,
        1,
        4.022,
        -0.517,
        4.111,
        -0.344,
        4.2,
        0.002,
        1,
        4.289,
        0.348,
        4.378,
        0.522,
        4.467,
        0.522,
        1,
        4.567,
        0.522,
        4.667,
        0.14,
        4.767,
        0.002,
        1,
        5.067,
        -0.413,
        5.367,
        -0.517,
        5.667,
        -0.517,
        1,
        5.889,
        -0.517,
        6.111,
        -0.279,
        6.333,
        0.002,
        1,
        6.5,
        0.213,
        6.666,
        0.347,
        6.833,
        0.426
      ]
    },
    {
      "Target": "Parameter",
      "Id": "Param_Angle_Rotation_2_ArtMesh73",
      "FadeInTime": -1.0,
      "FadeOutTime": -1.0,
      "Segments": [
        0,
        0,
        2,
        0.033,
        0,
        0,
        0.333,
        6.851,
        0,
        1.2,
        -10.861,
        0,
        1.667,
        13.635,
        0,
        2.133,
        2.941,
        0,
        2.367,
        9.733,
        0,
        2.7,
        -10.926,
        0,
        3.067,
        -0.621,
        0,
        3.267,
        -11.057,
        0,
        3.533,
        25.911,
        0,
        3.933,
        -12.87,
        0,
        4.267,
        18.841,
        0,
        4.567,
        -8.073,
        0,
        4.933,
        7.647,
        0,
        5.733,
        -9.833,
        0,
        6.367,
        9.969,
        1,
        6.522,
        9.969,
        6.678,
        3.348,
        6.833,
        -1.834
      ]
    },
    {
      "Target": "Parameter",
      "Id": "Param_Angle_Rotation_3_ArtMesh73",
      "FadeInTime": -1.0,
      "FadeOutTime": -1.0,
      "Segments": [
        0,
        0,
        2,
        0.033,
        0,
        0,
        0.233,
        -3.075,
        0,
        0.6,
        5.129,
        0,
        0.967,
        -1.792,
        0,
        1.167,
        1.192,
        0,
        1.533,
        -8.985,
        0,
        1.867,
        7.794,
        0,
        2.3,
        -6.267,
        0,
        2.567,
        11.037,
        0,
        2.9,
        -7.322,
        0,
        3.233,
        9.018,
        0,
        3.467,
        -21.05,
        0,
        3.733,
        20.846,
        0,
        4.233,
        -20.3,
        0,
        4.467,
        19.182,
        0,
        4.8,
        -12.06,
        0,
        5.133,
        6.591,
        0,
        5.467,
        -0.368,
        0,
        5.667,
        1.505,
        0,
        6.1,
        -5.109,
        0,
        6.567,
        6.651,
        1,
        6.656,
        6.651,
        6.744,
        0.925,
        6.833,
        -1.366
      ]
    },
    {
      "Target": "Parameter",
      "Id": "Param_Angle_Rotation_4_ArtMesh73",
      "FadeInTime": -1.0,
      "FadeOutTime": -1.0,
      "Segments": [
        0,
        0,
        2,
        0.067,
        0,
        0,
        0.367,
        -2.745,
        0,
        0.733,
        5.995,
        0,
        1.1,
        -2.456,
        0,
        1.333,
        0.124,
        0,
        1.667,
        -8.774,
        0,
        2,
        9.648,
        0,
        2.4,
        -7.614,
        0,
        2.7,
        11.067,
        0,
        3.067,
        -10.021,
        0,
        3.367,
        7.902,
        0,
        3.6,
        -16.791,
        0,
        3.9,
        21.938,
        0,
        4.3,
        -22.934,
        0,
        4.633,
        20.751,
        0,
        4.967,
        -15.153,
        0,
        5.3,
        9.962,
        0,
        5.667,
        -1.625,
        0,
        5.833,
        -0.378,
        0,
        6.2,
        -5.485,
        0,
        6.7,
        7.718,
        1,
        6.744,
        7.718,
        6.789,
        6.253,
        6.833,
        4.389
      ]
    },
    {
      "Target": "Parameter",
      "Id": "Param_Angle_Rotation_5_ArtMesh73",
      "FadeInTime": -1.0,
      "FadeOutTime": -1.0,
      "Segments": [
        0,
        0,
        2,
        0.133,
        0,
        0,
        0.467,
        -2.792,
        0,
        0.867,
        6.944,
        0,
        1.233,
        -3.754,
        0,
        1.467,
        -0.825,
        0,
        1.767,
        -8.443,
        0,
        2.167,
        11.717,
        0,
        2.533,
        -9.549,
        0,
        2.867,
        12.388,
        0,
        3.2,
        -12.444,
        0,
        3.467,
        5.795,
        0,
        3.733,
        -11.947,
        0,
        4.033,
        22.683,
        0,
        4.4,
        -27.198,
        0,
        4.767,
        24.497,
        0,
        5.1,
        -19.169,
        0,
        5.467,
        14.265,
        0,
        5.833,
        -4.651,
        0,
        6.067,
        -2.03,
        0,
        6.333,
        -5.133,
        0,
        6.8,
        9.197,
        1,
        6.811,
        9.197,
        6.822,
        9.096,
        6.833,
        8.912
      ]
    },
    {
      "Target": "Parameter",
      "Id": "Param_Angle_Rotation_6_ArtMesh73",
      "FadeInTime": -1.0,
      "FadeOutTime": -1.0,
      "Segments": [
        0,
        0,
        2,
        0.233,
        0,
        0,
        0.567,
        -2.791,
        0,
        1,
        7.908,
        0,
        1.4,
        -5.549,
        0,
        1.633,
        -1.667,
        0,
        1.9,
        -7.723,
        0,
        2.267,
        13.74,
        0,
        2.667,
        -11.819,
        0,
        3,
        14.474,
        0,
        3.333,
        -15.325,
        0,
        3.633,
        6.679,
        0,
        3.867,
        -8.701,
        0,
        4.167,
        22.987,
        0,
        4.533,
        -30.89,
        0,
        4.9,
        29.236,
        0,
        5.267,
        -24.155,
        0,
        5.633,
        19.315,
        0,
        6,
        -9.189,
        0,
        6.3,
        -2.254,
        0,
        6.5,
        -3.804,
        1,
        6.611,
        -3.804,
        6.722,
        4.684,
        6.833,
        8.601
      ]
    },
    {
      "Target": "Parameter",
      "Id": "Param_Angle_Rotation_7_ArtMesh73",
      "FadeInTime": -1.0,
      "FadeOutTime": -1.0,
      "Segments": [
        0,
        -0.102,
        0,
        0.1,
        0,
        2,
        0.3,
        0,
        0,
        0.667,
        -2.805,
        0,
        1.1,
        8.968,
        0,
        1.533,
        -7.68,
        0,
        1.8,
        -2.127,
        0,
        2.033,
        -6.535,
        0,
        2.4,
        15.628,
        0,
        2.767,
        -14.79,
        0,
        3.133,
        17.142,
        0,
        3.467,
        -17.671,
        0,
        3.8,
        6.523,
        0,
        4,
        -4.776,
        0,
        4.3,
        22.054,
        0,
        4.667,
        -34.363,
        0,
        5.033,
        34.646,
        0,
        5.4,
        -29.959,
        0,
        5.767,
        25.595,
        0,
        6.167,
        -14.994,
        0,
        6.5,
        -0.156,
        0,
        6.667,
        -1.273,
        1,
        6.722,
        -1.273,
        6.778,
        1.385,
        6.833,
        4.285
      ]
    },
    {
      "Target": "Model",
      "Id": "Opacity",
      "FadeInTime": -1.0,
      "FadeOutTime": -1.0,
      "Segments": [
        0,
        1,
        0,
        6.833,
        1
      ]
    },
    {
      "Target": "Parameter",
      "Id": "Param20",
      "FadeInTime": -1.0,
      "FadeOutTime": -1.0,
      "Segments": [
        0,
        0,
        0,
        6.833,
        0
      ]
    },
    {
      "Target": "Parameter",
      "Id": "Paramyoushouts",
      "FadeInTime": -1.0,
      "FadeOutTime": -1.0,
      "Segments": [
        0,
        0,
        0,
        6.833,
        0
      ]
    },
    {
      "Target": "Parameter",
      "Id": "Paramyouzhangqie",
      "FadeInTime": -1.0,
      "FadeOutTime": -1.0,
      "Segments": [
        0,
        0,
        0,
        6.833,
        0
      ]
    },
    {
      "Target": "Parameter",
      "Id": "Paramshutc",
      "FadeInTime": -1.0,
      "FadeOutTime": -1.0,
      "Segments": [
        0,
        0,
        0,
        6.833,
        0
      ]
    },
    {
      "Target": "Parameter",
      "Id": "Paramshuxz",
      "FadeInTime": -1.0,
      "FadeOutTime": -1.0,
      "Segments": [
        0,
        0,
        0,
        6.833,
        0
      ]
    },
    {
      "Target": "Parameter",
      "Id": "Paramxinftm",
      "FadeInTime": -1.0,
      "FadeOutTime": -1.0,
      "Segments": [
        0,
        0,
        0,
        6.833,
        0
      ]
    },
    {
      "Target": "Parameter",
      "Id": "Paramxinfxz",
      "FadeInTime": -1.0,
      "FadeOutTime": -1.0,
      "Segments": [
        0,
        0,
        0,
        6.833,
        0
      ]
    },
    {
      "Target": "Parameter",
      "Id": "Paramwuzitm",
      "FadeInTime": -1.0,
      "FadeOutTime": -1.0,
      "Segments": [
        0,
        0,
        0,
        6.833,
        0
      ]
    },
    {
      "Target": "Parameter",
      "Id": "Paramaixintm",
      "FadeInTime": -1.0,
      "FadeOutTime": -1.0,
      "Segments": [
        0,
        0,
        0,
        6.833,
        0
      ]
    },
    {
      "Target": "Parameter",
      "Id": "Paramaixin",
      "FadeInTime": -1.0,
      "FadeOutTime": -1.0,
      "Segments": [
        0,
        0,
        0,
        6.833,
        0
      ]
    },
    {
      "Target": "Parameter",
      "Id": "Paramxiongdai1",
      "FadeInTime": -1.0,
      "FadeOutTime": -1.0,
      "Segments": [
        0,
        0,
        0,
        6.833,
        0
      ]
    },
    {
      "Target": "Parameter",
      "Id": "Param28",
      "FadeInTime": -1.0,
      "FadeOutTime": -1.0,
      "Segments": [
        0,
        0,
        0,
        6.833,
        0
      ]
    },
    {
      "Target": "Parameter",
      "Id": "ParamRrr",
      "FadeInTime": -1.0,
      "FadeOutTime": -1.0,
      "Segments": [
        0,
        0,
        0,
        6.833,
        0
      ]
    },
    {
      "Target": "Parameter",
      "Id": "ParamEyeLSmile",
      "FadeInTime": -1.0,
      "FadeOutTime": -1.0,
      "Segments": [
        0,
        0,
        0,
        6.833,
        0
      ]
    },
    {
      "Target": "Parameter",
      "Id": "ParamEyeRSmile",
      "FadeInTime": -1.0,
      "FadeOutTime": -1.0,
      "Segments": [
        0,
        0,
        0,
        6.833,
        0
      ]
    },
    {
      "Target": "Parameter",
      "Id": "Paramleitm",
      "FadeInTime": -1.0,
      "FadeOutTime": -1.0,
      "Segments": [
        0,
        0,
        0,
        6.833,
        0
      ]
    },
    {
      "Target": "Parameter",
      "Id": "Parameyetm",
      "FadeInTime": -1.0,
      "FadeOutTime": -1.0,
      "Segments": [
        0,
        1,
        0,
        6.833,
        1
      ]
    },
    {
      "Target": "Parameter",
      "Id": "Parameyeqq",
      "FadeInTime": -1.0,
      "FadeOutTime": -1.0,
      "Segments": [
        0,
        0,
        0,
        6.833,
        0
      ]
    },
    {
      "Target": "Parameter",
      "Id": "Parameyeqie",
      "FadeInTime": -1.0,
      "FadeOutTime": -1.0,
      "Segments": [
        0,
        0,
        0,
        6.833,
        0
      ]
    },
    {
      "Target": "Parameter",
      "Id": "Parameyeliqie",
      "FadeInTime": -1.0,
      "FadeOutTime": -1.0,
      "Segments": [
        0,
        0,
        0,
        6.833,
        0
      ]
    },
    {
      "Target": "Parameter",
      "Id": "ParamCheek",
      "FadeInTime": -1.0,
      "FadeOutTime": -1.0,
      "Segments": [
        0,
        0,
        0,
        6.833,
        0
      ]
    },
    {
      "Target": "Parameter",
      "Id": "Parammaoqitm",
      "FadeInTime": -1.0,
      "FadeOutTime": -1.0,
      "Segments": [
        0,
        0,
        0,
        6.833,
        0
      ]
    },
    {
      "Target": "Parameter",
      "Id": "Paramgl",
      "FadeInTime": -1.0,
      "FadeOutTime": -1.0,
      "Segments": [
        0,
        0,
        0,
        6.833,
        0
      ]
    },
    {
      "Target": "Parameter",
      "Id": "Paramqi1",
      "FadeInTime": -1.0,
      "FadeOutTime": -1.0,
      "Segments": [
        0,
        0,
        0,
        6.833,
        0
      ]
    },
    {
      "Target": "Parameter",
      "Id": "Paramqi2",
      "FadeInTime": -1.0,
      "FadeOutTime": -1.0,
      "Segments": [
        0,
        0,
        0,
        6.833,
        0
      ]
    },
    {
      "Target": "Parameter",
      "Id": "Paramqi3",
      "FadeInTime": -1.0,
      "FadeOutTime": -1.0,
      "Segments": [
        0,
        0,
        0,
        6.833,
        0
      ]
    },
    {
      "Target": "Parameter",
      "Id": "Paramqi4",
      "FadeInTime": -1.0,
      "FadeOutTime": -1.0,
      "Segments": [
        0,
        0,
        0,
        6.833,
        0
      ]
    },
    {
      "Target": "Parameter",
      "Id": "Paramdks",
      "FadeInTime": -1.0,
      "FadeOutTime": -1.0,
      "Segments": [
        0,
        0,
        0,
        6.833,
        0
      ]
    },
    {
      "Target": "Parameter",
      "Id": "Paramshetou",
      "FadeInTime": -1.0,
      "FadeOutTime": -1.0,
      "Segments": [
        0,
        0,
        0,
        6.833,
        0
      ]
    },
    {
      "Target": "Parameter",
      "Id": "Paramptp",
      "FadeInTime": -1.0,
      "FadeOutTime": -1.0,
      "Segments": [
        0,
        0,
        0,
        6.833,
        0
      ]
    },
    {
      "Target": "Parameter",
      "Id": "Paramquan",
      "FadeInTime": -1.0,
      "FadeOutTime": -1.0,
      "Segments": [
        0,
        0,
        0,
        6.833,
        0
      ]
    },
    {
      "Target": "Parameter",
      "Id": "Paramquantm",
      "FadeInTime": -1.0,
      "FadeOutTime": -1.0,
      "Segments": [
        0,
        0,
        0,
        6.833,
        0
      ]
    },
    {
      "Target": "Parameter",
      "Id": "Paramtouxingx",
      "FadeInTime": -1.0,
      "FadeOutTime": -1.0,
      "Segments": [
        0,
        0,
        0,
        6.833,
        0
      ]
    },
    {
      "Target": "Parameter",
      "Id": "Paramtxtm",
      "FadeInTime": -1.0,
      "FadeOutTime": -1.0,
      "Segments": [
        0,
        0,
        0,
        6.833,
        0
      ]
    },
    {
      "Target": "Parameter",
      "Id": "koushuishangxia",
      "FadeInTime": -1.0,
      "FadeOutTime": -1.0,
      "Segments": [
        0,
        0,
        0,
        6.833,
        0
      ]
    },
    {
      "Target": "Parameter",
      "Id": "koushuizuoyou",
      "FadeInTime": -1.0,
      "FadeOutTime": -1.0,
      "Segments": [
        0,
        0,
        0,
        6.833,
        0
      ]
    },
    {
      "Target": "Parameter",
      "Id": "koushuijiaodu",
      "FadeInTime": -1.0,
      "FadeOutTime": -1.0,
      "Segments": [
        0,
        0,
        0,
        6.833,
        0
      ]
    },
    {
      "Target": "Parameter",
      "Id": "koushuiyaobai",
      "FadeInTime": -1.0,
      "FadeOutTime": -1.0,
      "Segments": [
        0,
        0,
        0,
        6.833,
        0
      ]
    },
    {
      "Target": "Parameter",
      "Id": "koushuichangduan",
      "FadeInTime": -1.0,
      "FadeOutTime": -1.0,
      "Segments": [
        0,
        0,
        0,
        6.833,
        0
      ]
    },
    {
      "Target": "Parameter",
      "Id": "Paramkoushuiyasuo",
      "FadeInTime": -1.0,
      "FadeOutTime": -1.0,
      "Segments": [
        0,
        0,
        0,
        6.833,
        0
      ]
    },
    {
      "Target": "Parameter",
      "Id": "ParamBodyAngleZ",
      "FadeInTime": -1.0,
      "FadeOutTime": -1.0,
      "Segments": [
        0,
        0,
        0,
        6.833,
        0
      ]
    },
    {
      "Target": "Parameter",
      "Id": "ParamHairSide",
      "FadeInTime": -1.0,
      "FadeOutTime": -1.0,
      "Segments": [
        0,
        0,
        0,
        6.833,
        0
      ]
    },
    {
      "Target": "Parameter",
      "Id": "Paramhoufax",
      "FadeInTime": -1.0,
      "FadeOutTime": -1.0,
      "Segments": [
        0,
        0,
        0,
        6.833,
        0
      ]
    }
  ],
  "UserData": [
    {
      "Time": 0.0,
      "Value": ""
    },
    {
      "Time": 6.333,
      "Value": ""
    }
  ]
}