{
  "Version": 3,
  "Meta": {
    "Duration": 6.5,
    "Fps": 30.0,
    "Loop": true,
    "AreBeziersRestricted": true,
    "FadeInTime": 0.0,
    "FadeOutTime": 0.0,
    "CurveCount": 163,
    "TotalSegmentCount": 727,
    "TotalPointCount": 1063,
    "UserDataCount": 2,
    "TotalUserDataSize": 0
  },
  "Curves": [
    {
      "Target": "Parameter",
      "Id": "liandutishen",
      "FadeInTime": -1.0,
      "FadeOutTime": -1.0,
      "Segments": [
        0,
        0,
        2,
        0.067,
        0,
        0,
        3.067,
        0.754,
        2,
        4.067,
        0.754,
        0,
        5.933,
        0,
        2,
        6.5,
        0
      ]
    },
    {
      "Target": "Parameter",
      "Id": "nuanseqiu1",
      "FadeInTime": -1.0,
      "FadeOutTime": -1.0,
      "Segments": [
        0,
        0,
        2,
        1,
        0,
        0,
        1.833,
        1,
        0,
        2.2,
        0.4,
        0,
        2.933,
        1,
        0,
        3.833,
        0.72,
        0,
        4.533,
        0.9,
        0,
        4.933,
        0,
        2,
        6.5,
        0
      ]
    },
    {
      "Target": "Parameter",
      "Id": "nuanseqiuyidong",
      "FadeInTime": -1.0,
      "FadeOutTime": -1.0,
      "Segments": [
        0,
        0,
        2,
        0.967,
        0,
        0,
        4.467,
        1,
        2,
        6.5,
        1
      ]
    },
    {
      "Target": "Parameter",
      "Id": "nuanseqiu2",
      "FadeInTime": -1.0,
      "FadeOutTime": -1.0,
      "Segments": [
        0,
        0,
        2,
        1,
        0,
        0,
        1.833,
        1,
        2,
        2.433,
        1,
        0,
        3.067,
        0.619,
        0,
        3.767,
        1,
        0,
        4.367,
        0.708,
        0,
        4.933,
        1,
        0,
        5.633,
        0,
        2,
        6.5,
        0
      ]
    },
    {
      "Target": "Parameter",
      "Id": "ParamlegLxz",
      "FadeInTime": -1.0,
      "FadeOutTime": -1.0,
      "Segments": [
        0,
        0,
        0,
        0.667,
        -3,
        0,
        2.267,
        3,
        0,
        3.7,
        -3,
        0,
        5.267,
        3,
        1,
        5.511,
        3,
        5.756,
        1.735,
        6,
        0,
        1,
        6.167,
        -1.183,
        6.333,
        -1.959,
        6.5,
        -2.425
      ]
    },
    {
      "Target": "Parameter",
      "Id": "Paramjoxz",
      "FadeInTime": -1.0,
      "FadeOutTime": -1.0,
      "Segments": [
        0,
        0,
        1,
        0.222,
        0,
        0.445,
        -1.099,
        0.667,
        -3,
        1,
        0.911,
        -5.091,
        1.156,
        -6.002,
        1.4,
        -6.002,
        1,
        1.689,
        -6.002,
        1.978,
        -5.077,
        2.267,
        -3,
        1,
        2.534,
        -1.082,
        2.8,
        0,
        3.067,
        0,
        1,
        3.278,
        0,
        3.489,
        -1.155,
        3.7,
        -3,
        1,
        3.944,
        -5.135,
        4.189,
        -6.002,
        4.433,
        -6.002,
        1,
        4.711,
        -6.002,
        4.989,
        -5.12,
        5.267,
        -3,
        1,
        5.511,
        -1.134,
        5.756,
        0,
        6,
        0,
        1,
        6.167,
        0,
        6.333,
        -0.337,
        6.5,
        -0.931
      ]
    },
    {
      "Target": "Parameter",
      "Id": "ParamjoLbx",
      "FadeInTime": -1.0,
      "FadeOutTime": -1.0,
      "Segments": [
        0,
        0,
        0,
        0.667,
        5.129,
        1,
        0.911,
        5.129,
        1.156,
        3.086,
        1.4,
        0,
        1,
        1.689,
        -3.647,
        1.978,
        -5.058,
        2.267,
        -5.058,
        1,
        2.534,
        -5.058,
        2.8,
        -3.731,
        3.067,
        0,
        1,
        3.278,
        2.953,
        3.489,
        5.129,
        3.7,
        5.129,
        1,
        3.944,
        5.129,
        4.189,
        3.162,
        4.433,
        0,
        1,
        4.711,
        -3.593,
        4.989,
        -5.058,
        5.267,
        -5.058,
        1,
        5.511,
        -5.058,
        5.756,
        -2.949,
        6,
        0,
        1,
        6.167,
        2.01,
        6.333,
        3.339,
        6.5,
        4.139
      ]
    },
    {
      "Target": "Parameter",
      "Id": "ParamlegRxz",
      "FadeInTime": -1.0,
      "FadeOutTime": -1.0,
      "Segments": [
        0,
        0,
        0,
        0.733,
        -3,
        0,
        2.333,
        3,
        0,
        3.767,
        -3,
        0,
        5.333,
        3,
        1,
        5.555,
        3,
        5.778,
        1.621,
        6,
        0,
        1,
        6.167,
        -1.216,
        6.333,
        -1.99,
        6.5,
        -2.447
      ]
    },
    {
      "Target": "Parameter",
      "Id": "Paramjorxz",
      "FadeInTime": -1.0,
      "FadeOutTime": -1.0,
      "Segments": [
        0,
        0,
        1,
        0.244,
        0,
        0.489,
        -0.999,
        0.733,
        -3,
        1,
        0.978,
        -5.001,
        1.222,
        -6.002,
        1.467,
        -6.002,
        1,
        1.756,
        -6.002,
        2.044,
        -5.077,
        2.333,
        -3,
        1,
        2.6,
        -1.082,
        2.866,
        0,
        3.133,
        0,
        1,
        3.344,
        0,
        3.556,
        -1.155,
        3.767,
        -3,
        1,
        4.011,
        -5.135,
        4.256,
        -6.002,
        4.5,
        -6.002,
        1,
        4.778,
        -6.002,
        5.055,
        -5.195,
        5.333,
        -3,
        1,
        5.555,
        -1.243,
        5.778,
        0,
        6,
        0,
        1,
        6.167,
        0,
        6.333,
        -0.337,
        6.5,
        -0.931
      ]
    },
    {
      "Target": "Parameter",
      "Id": "ParamjoRbx",
      "FadeInTime": -1.0,
      "FadeOutTime": -1.0,
      "Segments": [
        0,
        0,
        0,
        0.733,
        5.129,
        1,
        0.978,
        5.129,
        1.222,
        3.086,
        1.467,
        0,
        1,
        1.756,
        -3.647,
        2.044,
        -5.058,
        2.333,
        -5.058,
        1,
        2.6,
        -5.058,
        2.866,
        -3.731,
        3.133,
        0,
        1,
        3.344,
        2.953,
        3.556,
        5.129,
        3.767,
        5.129,
        1,
        4.011,
        5.129,
        4.256,
        3.162,
        4.5,
        0,
        1,
        4.778,
        -3.593,
        5.055,
        -5.058,
        5.333,
        -5.058,
        1,
        5.555,
        -5.058,
        5.778,
        -2.756,
        6,
        0,
        1,
        6.167,
        2.067,
        6.333,
        3.391,
        6.5,
        4.175
      ]
    },
    {
      "Target": "Parameter",
      "Id": "Paramyoushangbixz",
      "FadeInTime": -1.0,
      "FadeOutTime": -1.0,
      "Segments": [
        0,
        0,
        0,
        0.667,
        -2,
        1,
        1,
        -2,
        1.334,
        -1.923,
        1.667,
        -1.6,
        1,
        1.778,
        -1.492,
        1.889,
        -1.16,
        2,
        -1.16,
        0,
        2.833,
        -1.966,
        0,
        3.9,
        -1.08,
        1,
        4.022,
        -1.08,
        4.145,
        -1.406,
        4.267,
        -1.6,
        1,
        4.478,
        -1.935,
        4.689,
        -2,
        4.9,
        -2,
        0,
        5.7,
        0,
        2,
        6,
        0,
        2,
        6.5,
        0
      ]
    },
    {
      "Target": "Parameter",
      "Id": "Paramyoushangbiss",
      "FadeInTime": -1.0,
      "FadeOutTime": -1.0,
      "Segments": [
        0,
        0,
        0,
        0.667,
        -10,
        0,
        1.667,
        10,
        2,
        4.267,
        10,
        0,
        4.9,
        -10,
        0,
        5.7,
        0,
        2,
        6,
        0,
        2,
        6.5,
        0
      ]
    },
    {
      "Target": "Parameter",
      "Id": "Paramyouxibxz",
      "FadeInTime": -1.0,
      "FadeOutTime": -1.0,
      "Segments": [
        0,
        0,
        0,
        0.667,
        8,
        0,
        1.667,
        -3.66,
        0,
        2,
        -3.38,
        0,
        2.833,
        -3.806,
        0,
        3.9,
        -3.223,
        0,
        4.267,
        -3.66,
        0,
        4.9,
        8,
        0,
        5.7,
        0,
        2,
        6,
        0,
        1,
        6.167,
        0,
        6.333,
        0.144,
        6.5,
        0.277
      ]
    },
    {
      "Target": "Parameter",
      "Id": "Paramyouxiabss",
      "FadeInTime": -1.0,
      "FadeOutTime": -1.0,
      "Segments": [
        0,
        0,
        0,
        0.667,
        10,
        0,
        1.667,
        0,
        2,
        4.267,
        0,
        0,
        4.9,
        10,
        0,
        5.7,
        0,
        2,
        6,
        0,
        2,
        6.5,
        0
      ]
    },
    {
      "Target": "Parameter",
      "Id": "Paramyoushouzxz",
      "FadeInTime": -1.0,
      "FadeOutTime": -1.0,
      "Segments": [
        0,
        -0.186,
        0,
        0.333,
        -5,
        0,
        0.667,
        2,
        1,
        0.8,
        2,
        0.934,
        -4.004,
        1.067,
        -5,
        1,
        1.267,
        -6.494,
        1.467,
        -7.072,
        1.667,
        -8,
        1,
        1.778,
        -8.515,
        1.889,
        -8.684,
        2,
        -8.684,
        0,
        2.833,
        -7.573,
        0,
        3.633,
        -8.948,
        1,
        3.722,
        -8.948,
        3.811,
        -8.9,
        3.9,
        -8.658,
        1,
        4.022,
        -8.324,
        4.145,
        -8.341,
        4.267,
        -7.431,
        1,
        4.478,
        -5.86,
        4.689,
        2,
        4.9,
        2,
        0,
        5.7,
        -3,
        1,
        5.8,
        -3,
        5.9,
        -0.244,
        6,
        -0.186,
        1,
        6.167,
        -0.088,
        6.333,
        -0.108,
        6.5,
        0
      ]
    },
    {
      "Target": "Parameter",
      "Id": "Paramyouzhangqie",
      "FadeInTime": -1.0,
      "FadeOutTime": -1.0,
      "Segments": [
        0,
        0,
        2,
        1.233,
        0,
        0,
        1.267,
        0.1,
        2,
        4.433,
        0.1,
        0,
        4.467,
        0,
        2,
        5.7,
        0,
        2,
        6,
        0,
        2,
        6.5,
        0
      ]
    },
    {
      "Target": "Parameter",
      "Id": "Paramyouzhi1",
      "FadeInTime": -1.0,
      "FadeOutTime": -1.0,
      "Segments": [
        0,
        1,
        0,
        1.067,
        0,
        2,
        1.933,
        0,
        0,
        2.767,
        1,
        0,
        3.7,
        0,
        0,
        4.7,
        1,
        2,
        5.7,
        1,
        2,
        6,
        1,
        2,
        6.5,
        1
      ]
    },
    {
      "Target": "Parameter",
      "Id": "Paramyouzhi2",
      "FadeInTime": -1.0,
      "FadeOutTime": -1.0,
      "Segments": [
        0,
        1,
        0,
        1.067,
        0,
        2,
        1.867,
        0,
        0,
        2.7,
        1,
        0,
        3.633,
        0,
        0,
        4.633,
        1,
        2,
        5.7,
        1,
        2,
        6,
        1,
        1,
        6.167,
        1,
        6.333,
        0.885,
        6.5,
        0.779
      ]
    },
    {
      "Target": "Parameter",
      "Id": "Paramyouzhi3",
      "FadeInTime": -1.0,
      "FadeOutTime": -1.0,
      "Segments": [
        0,
        1,
        0,
        1.067,
        0,
        2,
        1.8,
        0,
        0,
        2.633,
        1,
        0,
        3.567,
        0,
        0,
        4.567,
        1,
        2,
        5.7,
        1,
        2,
        6,
        1,
        1,
        6.167,
        1,
        6.333,
        0.857,
        6.5,
        0.723
      ]
    },
    {
      "Target": "Parameter",
      "Id": "Paramyouzhi4",
      "FadeInTime": -1.0,
      "FadeOutTime": -1.0,
      "Segments": [
        0,
        1,
        0,
        1.067,
        0,
        2,
        1.733,
        0,
        0,
        2.567,
        1,
        0,
        3.5,
        0,
        0,
        4.5,
        1,
        2,
        5.7,
        1,
        2,
        6,
        1,
        1,
        6.167,
        1,
        6.333,
        0.885,
        6.5,
        0.779
      ]
    },
    {
      "Target": "Parameter",
      "Id": "Paramyouzhi5",
      "FadeInTime": -1.0,
      "FadeOutTime": -1.0,
      "Segments": [
        0,
        1,
        0,
        1.067,
        0,
        2,
        1.667,
        0,
        0,
        2.5,
        1,
        0,
        3.433,
        0,
        0,
        4.433,
        1,
        2,
        5.7,
        1,
        2,
        6,
        1,
        1,
        6.167,
        1,
        6.333,
        0.885,
        6.5,
        0.779
      ]
    },
    {
      "Target": "Parameter",
      "Id": "Paramshutm",
      "FadeInTime": -1.0,
      "FadeOutTime": -1.0,
      "Segments": [
        0,
        1,
        2,
        0.667,
        1,
        0,
        0.7,
        0,
        2,
        4.9,
        0,
        0,
        4.933,
        1,
        2,
        6,
        1,
        2,
        6.5,
        1
      ]
    },
    {
      "Target": "Parameter",
      "Id": "Paramshuts",
      "FadeInTime": -1.0,
      "FadeOutTime": -1.0,
      "Segments": [
        0,
        0,
        2,
        6,
        0,
        1,
        6.167,
        0,
        6.333,
        -0.057,
        6.5,
        -0.111
      ]
    },
    {
      "Target": "Parameter",
      "Id": "Paramdct",
      "FadeInTime": -1.0,
      "FadeOutTime": -1.0,
      "Segments": [
        0,
        0.7,
        1,
        0.233,
        0.7,
        0.467,
        0.699,
        0.7,
        0.662,
        1,
        0.811,
        0.644,
        0.922,
        0,
        1.033,
        0,
        2,
        5.033,
        0,
        0,
        5.2,
        0.7,
        0,
        6,
        0.5,
        2,
        6.5,
        0.5
      ]
    },
    {
      "Target": "Parameter",
      "Id": "Paramzuoshangbixz",
      "FadeInTime": -1.0,
      "FadeOutTime": -1.0,
      "Segments": [
        0,
        0,
        2,
        0.7,
        0,
        0,
        1.033,
        -4,
        1,
        1.244,
        -4,
        1.456,
        4.714,
        1.667,
        7.18,
        1,
        1.789,
        8.608,
        1.911,
        8.22,
        2.033,
        8.22,
        0,
        2.733,
        7.383,
        0,
        3.667,
        7.547,
        1,
        3.878,
        7.547,
        4.089,
        7.681,
        4.3,
        7.18,
        1,
        4.544,
        6.6,
        4.789,
        -4,
        5.033,
        -4,
        1,
        5.122,
        -4,
        5.211,
        -2.611,
        5.3,
        -2,
        1,
        5.533,
        -0.397,
        5.767,
        0,
        6,
        0,
        2,
        6.5,
        0
      ]
    },
    {
      "Target": "Parameter",
      "Id": "Paramzuoshangbiss",
      "FadeInTime": -1.0,
      "FadeOutTime": -1.0,
      "Segments": [
        0,
        0,
        2,
        0.7,
        0,
        0,
        1.667,
        -5,
        2,
        4.3,
        -5,
        2,
        5.3,
        -5,
        1,
        5.411,
        -5,
        5.522,
        -1.945,
        5.633,
        -1,
        1,
        5.755,
        0.04,
        5.878,
        0,
        6,
        0,
        2,
        6.5,
        0
      ]
    },
    {
      "Target": "Parameter",
      "Id": "Paramzuoxiabxz",
      "FadeInTime": -1.0,
      "FadeOutTime": -1.0,
      "Segments": [
        0,
        0,
        2,
        0.7,
        0,
        1,
        1.022,
        0,
        1.345,
        -0.876,
        1.667,
        -2.04,
        1,
        1.789,
        -2.481,
        1.911,
        -2.52,
        2.033,
        -2.52,
        0,
        2.733,
        -1.701,
        0,
        3.667,
        -2.399,
        1,
        3.878,
        -2.399,
        4.089,
        -2.592,
        4.3,
        -2.04,
        1,
        4.633,
        -1.169,
        4.967,
        6,
        5.3,
        6,
        0,
        6,
        0,
        2,
        6.5,
        0
      ]
    },
    {
      "Target": "Parameter",
      "Id": "Paramzuoxiabss",
      "FadeInTime": -1.0,
      "FadeOutTime": -1.0,
      "Segments": [
        0,
        0,
        2,
        0.7,
        0,
        0,
        1.667,
        -1,
        2,
        4.3,
        -1,
        1,
        4.633,
        -1,
        4.967,
        -1.765,
        5.3,
        -5,
        1,
        5.411,
        -6.078,
        5.522,
        -10,
        5.633,
        -10,
        1,
        5.689,
        -10,
        5.744,
        -6.75,
        5.8,
        -4,
        1,
        5.867,
        -0.7,
        5.933,
        0,
        6,
        0,
        2,
        6.5,
        0
      ]
    },
    {
      "Target": "Parameter",
      "Id": "Paramzuoshouzxz",
      "FadeInTime": -1.0,
      "FadeOutTime": -1.0,
      "Segments": [
        0,
        0,
        2,
        0.7,
        0,
        0,
        1.667,
        2.5,
        0,
        2.033,
        -1.998,
        0,
        2.733,
        2.5,
        0,
        3.667,
        -2.026,
        0,
        4.3,
        2.5,
        0,
        4.8,
        -8,
        1,
        4.878,
        -8,
        4.955,
        -1.945,
        5.033,
        -1,
        1,
        5.122,
        0.08,
        5.211,
        0,
        5.3,
        0,
        2,
        6,
        0,
        2,
        6.5,
        0
      ]
    },
    {
      "Target": "Parameter",
      "Id": "Paramcefal",
      "FadeInTime": -1.0,
      "FadeOutTime": -1.0,
      "Segments": [
        0,
        0,
        2,
        0.7,
        0,
        0,
        1.033,
        1,
        2,
        4.3,
        1,
        2,
        5.3,
        1,
        1,
        5.411,
        1,
        5.522,
        0.976,
        5.633,
        0.7,
        1,
        5.755,
        0.396,
        5.878,
        0,
        6,
        0,
        2,
        6.5,
        0
      ]
    },
    {
      "Target": "Parameter",
      "Id": "Paramzuoshouq",
      "FadeInTime": -1.0,
      "FadeOutTime": -1.0,
      "Segments": [
        0,
        0,
        2,
        0.5,
        0,
        0,
        0.8,
        1,
        2,
        4.3,
        1,
        2,
        4.867,
        1,
        2,
        5.3,
        1,
        2,
        5.633,
        1,
        0,
        6,
        0,
        2,
        6.5,
        0
      ]
    },
    {
      "Target": "Parameter",
      "Id": "Paramzuoshoutc",
      "FadeInTime": -1.0,
      "FadeOutTime": -1.0,
      "Segments": [
        0,
        0,
        2,
        1.033,
        0,
        0,
        1.067,
        1,
        2,
        4.3,
        1,
        2,
        4.833,
        1,
        0,
        4.867,
        0,
        2,
        6,
        0,
        2,
        6.5,
        0
      ]
    },
    {
      "Target": "Parameter",
      "Id": "Paramzuoxiabqie",
      "FadeInTime": -1.0,
      "FadeOutTime": -1.0,
      "Segments": [
        0,
        0,
        2,
        0.7,
        0,
        2,
        0.9,
        0,
        0,
        1.067,
        1,
        2,
        1.667,
        1,
        2,
        4.3,
        1,
        2,
        4.833,
        1,
        0,
        4.867,
        0,
        2,
        6,
        0,
        2,
        6.5,
        0
      ]
    },
    {
      "Target": "Parameter",
      "Id": "Paramzuoshangbqie",
      "FadeInTime": -1.0,
      "FadeOutTime": -1.0,
      "Segments": [
        0,
        1,
        2,
        0.7,
        1,
        0,
        0.867,
        0,
        2,
        5.033,
        0,
        0,
        5.233,
        1,
        2,
        5.533,
        1,
        2,
        6,
        1,
        2,
        6.5,
        1
      ]
    },
    {
      "Target": "Parameter",
      "Id": "Paramzuoshoulitouf",
      "FadeInTime": -1.0,
      "FadeOutTime": -1.0,
      "Segments": [
        0,
        1,
        2,
        0.7,
        1,
        0,
        0.733,
        0,
        2,
        5.633,
        0,
        0,
        5.667,
        1,
        2,
        6,
        1,
        2,
        6.5,
        1
      ]
    },
    {
      "Target": "Parameter",
      "Id": "Paramzuozhi1",
      "FadeInTime": -1.0,
      "FadeOutTime": -1.0,
      "Segments": [
        0,
        0,
        2,
        1.067,
        0,
        2,
        1.933,
        0,
        0,
        2.767,
        1,
        0,
        3.7,
        0,
        0,
        4.7,
        1,
        0,
        6,
        0,
        2,
        6.5,
        0
      ]
    },
    {
      "Target": "Parameter",
      "Id": "Paramzuozhi2",
      "FadeInTime": -1.0,
      "FadeOutTime": -1.0,
      "Segments": [
        0,
        0,
        2,
        1.067,
        0,
        2,
        1.867,
        0,
        0,
        2.7,
        1,
        0,
        3.633,
        0,
        0,
        4.633,
        1,
        0,
        6,
        0,
        2,
        6.5,
        0
      ]
    },
    {
      "Target": "Parameter",
      "Id": "Paramzuozhi3",
      "FadeInTime": -1.0,
      "FadeOutTime": -1.0,
      "Segments": [
        0,
        0,
        2,
        1.067,
        0,
        2,
        1.8,
        0,
        0,
        2.633,
        1,
        0,
        3.567,
        0,
        0,
        4.567,
        1,
        0,
        6,
        0,
        2,
        6.5,
        0
      ]
    },
    {
      "Target": "Parameter",
      "Id": "Paramzuozhi4",
      "FadeInTime": -1.0,
      "FadeOutTime": -1.0,
      "Segments": [
        0,
        0,
        2,
        1.067,
        0,
        2,
        1.733,
        0,
        0,
        2.567,
        1,
        0,
        3.5,
        0,
        0,
        4.5,
        1,
        0,
        6,
        0,
        2,
        6.5,
        0
      ]
    },
    {
      "Target": "Parameter",
      "Id": "Paramzuozhi5",
      "FadeInTime": -1.0,
      "FadeOutTime": -1.0,
      "Segments": [
        0,
        0,
        2,
        1.067,
        0,
        2,
        1.667,
        0,
        0,
        2.5,
        1,
        0,
        3.433,
        0,
        0,
        4.433,
        1,
        0,
        6,
        0,
        2,
        6.5,
        0
      ]
    },
    {
      "Target": "Parameter",
      "Id": "Paramzuohouxiabitc",
      "FadeInTime": -1.0,
      "FadeOutTime": -1.0,
      "Segments": [
        0,
        0,
        2,
        0.667,
        0,
        0,
        0.7,
        1,
        2,
        5.633,
        1,
        0,
        5.667,
        0,
        2,
        6,
        0,
        2,
        6.5,
        0
      ]
    },
    {
      "Target": "Parameter",
      "Id": "ParamAngleX",
      "FadeInTime": -1.0,
      "FadeOutTime": -1.0,
      "Segments": [
        0,
        0,
        1,
        0.167,
        0,
        0.333,
        -12.731,
        0.5,
        -19,
        1,
        0.656,
        -24.851,
        0.811,
        -25,
        0.967,
        -25,
        0,
        1.9,
        25.527,
        0,
        2.9,
        -25.341,
        0,
        3.9,
        25.527,
        0,
        4.9,
        -25.341,
        1,
        5.267,
        -25.341,
        5.633,
        -10.083,
        6,
        0,
        1,
        6.167,
        4.583,
        6.333,
        6.839,
        6.5,
        7.945
      ]
    },
    {
      "Target": "Parameter",
      "Id": "ParamAngleY",
      "FadeInTime": -1.0,
      "FadeOutTime": -1.0,
      "Segments": [
        0,
        0,
        0,
        0.5,
        -20,
        0,
        0.967,
        30,
        2,
        4.9,
        30,
        1,
        5.267,
        30,
        5.633,
        6.625,
        6,
        0,
        1,
        6.167,
        -3.011,
        6.333,
        -4.231,
        6.5,
        -4.715
      ]
    },
    {
      "Target": "Parameter",
      "Id": "ParamAngleZ",
      "FadeInTime": -1.0,
      "FadeOutTime": -1.0,
      "Segments": [
        0,
        0,
        0,
        0.5,
        -28,
        0,
        0.967,
        21,
        2,
        4.9,
        21,
        0,
        6,
        0,
        1,
        6.167,
        0,
        6.333,
        2.296,
        6.5,
        4.428
      ]
    },
    {
      "Target": "Parameter",
      "Id": "ParamEyeLOpen",
      "FadeInTime": -1.0,
      "FadeOutTime": -1.0,
      "Segments": [
        0,
        1,
        2,
        0.667,
        1,
        0,
        1.367,
        0,
        2,
        4.9,
        0,
        0,
        6,
        1,
        2,
        6.5,
        1
      ]
    },
    {
      "Target": "Parameter",
      "Id": "ParamEyeROpen",
      "FadeInTime": -1.0,
      "FadeOutTime": -1.0,
      "Segments": [
        0,
        1,
        2,
        0.667,
        1,
        0,
        1.367,
        0,
        2,
        4.9,
        0,
        0,
        6,
        1,
        2,
        6.5,
        1
      ]
    },
    {
      "Target": "Parameter",
      "Id": "ParamEyeBallX",
      "FadeInTime": -1.0,
      "FadeOutTime": -1.0,
      "Segments": [
        0,
        0,
        2,
        6,
        0,
        1,
        6.167,
        0,
        6.333,
        0.062,
        6.5,
        0.117
      ]
    },
    {
      "Target": "Parameter",
      "Id": "ParamEyeBallY",
      "FadeInTime": -1.0,
      "FadeOutTime": -1.0,
      "Segments": [
        0,
        0,
        2,
        6,
        0,
        1,
        6.167,
        0,
        6.333,
        -0.031,
        6.5,
        -0.058
      ]
    },
    {
      "Target": "Parameter",
      "Id": "Parameyetm",
      "FadeInTime": -1.0,
      "FadeOutTime": -1.0,
      "Segments": [
        0,
        1,
        2,
        0.7,
        1,
        0,
        1.2,
        0,
        2,
        4.9,
        0,
        0,
        5.033,
        1,
        2,
        6,
        1,
        2,
        6.5,
        1
      ]
    },
    {
      "Target": "Parameter",
      "Id": "Parameyeqie",
      "FadeInTime": -1.0,
      "FadeOutTime": -1.0,
      "Segments": [
        0,
        0,
        2,
        0.733,
        0,
        0,
        1.233,
        1,
        2,
        4.9,
        1,
        0,
        5.033,
        0,
        2,
        6,
        0,
        2,
        6.5,
        0
      ]
    },
    {
      "Target": "Parameter",
      "Id": "ParamMouthForm",
      "FadeInTime": -1.0,
      "FadeOutTime": -1.0,
      "Segments": [
        0,
        0,
        0,
        1,
        1,
        2,
        4.9,
        1,
        0,
        6,
        0,
        0,
        6.5,
        0.5
      ]
    },
    {
      "Target": "Parameter",
      "Id": "ParamMouthOpenY",
      "FadeInTime": -1.0,
      "FadeOutTime": -1.0,
      "Segments": [
        0,
        0,
        0,
        1,
        1,
        2,
        4.9,
        1,
        0,
        6,
        0,
        2,
        6.5,
        0
      ]
    },
    {
      "Target": "Parameter",
      "Id": "Paramzuikb",
      "FadeInTime": -1.0,
      "FadeOutTime": -1.0,
      "Segments": [
        0,
        0,
        0,
        1,
        1,
        2,
        4.9,
        1,
        0,
        6,
        0,
        2,
        6.5,
        0
      ]
    },
    {
      "Target": "Parameter",
      "Id": "Paramzuistm",
      "FadeInTime": -1.0,
      "FadeOutTime": -1.0,
      "Segments": [
        0,
        0,
        2,
        0.5,
        0,
        0,
        0.533,
        1,
        2,
        5.833,
        1,
        0,
        5.867,
        0,
        2,
        6,
        0,
        2,
        6.5,
        0
      ]
    },
    {
      "Target": "Parameter",
      "Id": "Paramzuizidtm",
      "FadeInTime": -1.0,
      "FadeOutTime": -1.0,
      "Segments": [
        0,
        1,
        2,
        0.5,
        1,
        0,
        0.533,
        0,
        2,
        5.833,
        0,
        0,
        5.867,
        1,
        2,
        6,
        1,
        2,
        6.5,
        1
      ]
    },
    {
      "Target": "Parameter",
      "Id": "Paramdks",
      "FadeInTime": -1.0,
      "FadeOutTime": -1.0,
      "Segments": [
        0,
        0,
        0,
        1,
        1,
        2,
        4.9,
        1,
        0,
        6,
        0,
        2,
        6.5,
        0
      ]
    },
    {
      "Target": "Parameter",
      "Id": "Paramdcx",
      "FadeInTime": -1.0,
      "FadeOutTime": -1.0,
      "Segments": [
        0,
        0,
        0,
        0.6,
        -0.4,
        0,
        2.2,
        0.4,
        0,
        3.633,
        -0.4,
        0,
        5.233,
        0.4,
        1,
        5.489,
        0.4,
        5.744,
        0.238,
        6,
        0,
        1,
        6.167,
        -0.155,
        6.333,
        -0.259,
        6.5,
        -0.322
      ]
    },
    {
      "Target": "Parameter",
      "Id": "Paramdcy",
      "FadeInTime": -1.0,
      "FadeOutTime": -1.0,
      "Segments": [
        0,
        -0.4,
        0,
        0.6,
        0,
        0,
        1.333,
        -0.4,
        0,
        2.2,
        0,
        0,
        2.9,
        -0.4,
        0,
        3.633,
        0,
        0,
        4.467,
        -0.4,
        0,
        5.233,
        0,
        0,
        6,
        -0.4,
        1,
        6.167,
        -0.4,
        6.333,
        -0.285,
        6.5,
        -0.179
      ]
    },
    {
      "Target": "Parameter",
      "Id": "Paramdczuoyou",
      "FadeInTime": -1.0,
      "FadeOutTime": -1.0,
      "Segments": [
        0,
        0,
        0,
        0.6,
        -0.3,
        0,
        2.2,
        0.3,
        0,
        3.633,
        -0.3,
        0,
        5.233,
        0.3,
        1,
        5.489,
        0.3,
        5.744,
        0.179,
        6,
        0,
        1,
        6.167,
        -0.117,
        6.333,
        -0.194,
        6.5,
        -0.241
      ]
    },
    {
      "Target": "Parameter",
      "Id": "ParamBodyAngleX",
      "FadeInTime": -1.0,
      "FadeOutTime": -1.0,
      "Segments": [
        0,
        0,
        1,
        0.167,
        0,
        0.333,
        -2.101,
        0.5,
        -3.11,
        1,
        0.656,
        -4.052,
        0.811,
        -4.027,
        0.967,
        -4.027,
        0,
        1.9,
        3.28,
        0,
        2.9,
        -4.079,
        0,
        3.9,
        3.28,
        0,
        4.9,
        -4.079,
        0,
        6,
        0,
        1,
        6.167,
        0,
        6.333,
        -0.234,
        6.5,
        -0.565
      ]
    },
    {
      "Target": "Parameter",
      "Id": "ParamBodyAngleY",
      "FadeInTime": -1.0,
      "FadeOutTime": -1.0,
      "Segments": [
        0,
        0,
        0,
        0.5,
        -8,
        0,
        0.967,
        0,
        2,
        4.433,
        0,
        0,
        5.167,
        -5,
        0,
        6,
        0,
        2,
        6.5,
        0
      ]
    },
    {
      "Target": "Parameter",
      "Id": "Parambdx",
      "FadeInTime": -1.0,
      "FadeOutTime": -1.0,
      "Segments": [
        0,
        0,
        1,
        0.167,
        0,
        0.333,
        -2.101,
        0.5,
        -3.11,
        1,
        0.656,
        -4.052,
        0.811,
        -4.027,
        0.967,
        -4.027,
        0,
        1.9,
        3.28,
        0,
        2.9,
        -4.079,
        0,
        3.9,
        3.28,
        0,
        4.9,
        -4.079,
        0,
        6,
        0,
        1,
        6.167,
        0,
        6.333,
        -0.234,
        6.5,
        -0.565
      ]
    },
    {
      "Target": "Parameter",
      "Id": "Parambdy",
      "FadeInTime": -1.0,
      "FadeOutTime": -1.0,
      "Segments": [
        0,
        0,
        0,
        0.5,
        -8,
        0,
        0.967,
        0,
        2,
        4.433,
        0,
        0,
        5.167,
        -5,
        0,
        6,
        0,
        2,
        6.5,
        0
      ]
    },
    {
      "Target": "Parameter",
      "Id": "Parampigu",
      "FadeInTime": -1.0,
      "FadeOutTime": -1.0,
      "Segments": [
        0,
        0,
        0,
        0.533,
        -4,
        0,
        1.067,
        2,
        2,
        1.967,
        2,
        0,
        3,
        -4,
        0,
        4,
        1,
        0,
        4.967,
        -1,
        1,
        5.311,
        -1,
        5.656,
        -1.268,
        6,
        0,
        1,
        6.167,
        0.614,
        6.333,
        1.472,
        6.5,
        2.378
      ]
    },
    {
      "Target": "Parameter",
      "Id": "ParamBreath",
      "FadeInTime": -1.0,
      "FadeOutTime": -1.0,
      "Segments": [
        0,
        0,
        2,
        6,
        0,
        1,
        6.167,
        0,
        6.333,
        0.055,
        6.5,
        0.139
      ]
    },
    {
      "Target": "Parameter",
      "Id": "Parampsr",
      "FadeInTime": -1.0,
      "FadeOutTime": -1.0,
      "Segments": [
        0,
        0,
        1,
        0.167,
        0,
        0.333,
        -0.416,
        0.5,
        -0.633,
        1,
        0.656,
        -0.836,
        0.811,
        -0.833,
        0.967,
        -0.833,
        0,
        1.9,
        0.851,
        0,
        2.9,
        -0.845,
        0,
        3.9,
        0.851,
        0,
        4.9,
        -0.845,
        0,
        5.6,
        1,
        0,
        6,
        0,
        2,
        6.5,
        0
      ]
    },
    {
      "Target": "Parameter",
      "Id": "ParamHairFront",
      "FadeInTime": -1.0,
      "FadeOutTime": -1.0,
      "Segments": [
        0,
        0.005,
        0,
        0.333,
        0.322,
        0,
        0.767,
        -0.147,
        0,
        1.033,
        -0.019,
        0,
        1.367,
        -0.439,
        0,
        2.167,
        0.374,
        0,
        3.167,
        -0.378,
        0,
        4.2,
        0.378,
        0,
        5.167,
        -0.365,
        0,
        5.833,
        0.328,
        0,
        6.167,
        -0.302,
        0,
        6.5,
        0.104
      ]
    },
    {
      "Target": "Parameter",
      "Id": "Paramhfy",
      "FadeInTime": -1.0,
      "FadeOutTime": -1.0,
      "Segments": [
        0,
        -0.016,
        0,
        0.033,
        -0.014,
        0,
        0.2,
        -0.114,
        0,
        0.6,
        0.361,
        0,
        1,
        -0.123,
        0,
        1.233,
        0.139,
        0,
        1.6,
        -0.437,
        0,
        2.467,
        0.298,
        0,
        3.467,
        -0.31,
        0,
        4.467,
        0.31,
        0,
        5.433,
        -0.33,
        0,
        6.067,
        0.431,
        0,
        6.367,
        -0.33,
        1,
        6.411,
        -0.33,
        6.456,
        -0.271,
        6.5,
        -0.195
      ]
    },
    {
      "Target": "Parameter",
      "Id": "Param",
      "FadeInTime": -1.0,
      "FadeOutTime": -1.0,
      "Segments": [
        0,
        0.736,
        1,
        0.2,
        0.736,
        0.4,
        0.438,
        0.6,
        0.003,
        1,
        0.844,
        -0.529,
        1.089,
        -0.73,
        1.333,
        -0.73,
        1,
        1.622,
        -0.73,
        1.911,
        -0.533,
        2.2,
        0.002,
        1,
        2.433,
        0.433,
        2.667,
        0.736,
        2.9,
        0.736,
        1,
        3.144,
        0.736,
        3.389,
        0.468,
        3.633,
        0.002,
        1,
        3.9,
        -0.507,
        4.166,
        -0.73,
        4.433,
        -0.73,
        1,
        4.689,
        -0.73,
        4.944,
        -0.476,
        5.2,
        0.002,
        1,
        5.467,
        0.5,
        5.733,
        0.736,
        6,
        0.736,
        1,
        6.167,
        0.736,
        6.333,
        0.654,
        6.5,
        0.508
      ]
    },
    {
      "Target": "Parameter",
      "Id": "Param2",
      "FadeInTime": -1.0,
      "FadeOutTime": -1.0,
      "Segments": [
        0,
        0.002,
        0,
        0.6,
        0.736,
        1,
        0.844,
        0.736,
        1.089,
        0.446,
        1.333,
        0.002,
        1,
        1.622,
        -0.524,
        1.911,
        -0.73,
        2.2,
        -0.73,
        1,
        2.433,
        -0.73,
        2.667,
        -0.475,
        2.9,
        0.002,
        1,
        3.144,
        0.501,
        3.389,
        0.736,
        3.633,
        0.736,
        1,
        3.9,
        0.736,
        4.166,
        0.5,
        4.433,
        0.002,
        1,
        4.689,
        -0.476,
        4.944,
        -0.73,
        5.2,
        -0.73,
        1,
        5.467,
        -0.73,
        5.733,
        -0.447,
        6,
        0.002,
        1,
        6.167,
        0.282,
        6.333,
        0.473,
        6.5,
        0.589
      ]
    },
    {
      "Target": "Parameter",
      "Id": "ParamHairBack",
      "FadeInTime": -1.0,
      "FadeOutTime": -1.0,
      "Segments": [
        0,
        0,
        0,
        0.6,
        -0.494,
        1,
        0.844,
        -0.494,
        1.089,
        -0.304,
        1.333,
        0,
        1,
        1.622,
        0.359,
        1.911,
        0.505,
        2.2,
        0.505,
        1,
        2.433,
        0.505,
        2.667,
        0.325,
        2.9,
        0,
        1,
        3.144,
        -0.34,
        3.389,
        -0.494,
        3.633,
        -0.494,
        1,
        3.9,
        -0.494,
        4.166,
        -0.34,
        4.433,
        0,
        1,
        4.689,
        0.325,
        4.944,
        0.505,
        5.2,
        0.505,
        1,
        5.467,
        0.505,
        5.733,
        0.305,
        6,
        0,
        1,
        6.167,
        -0.191,
        6.333,
        -0.319,
        6.5,
        -0.397
      ]
    },
    {
      "Target": "Parameter",
      "Id": "Paramhoufay",
      "FadeInTime": -1.0,
      "FadeOutTime": -1.0,
      "Segments": [
        0,
        0.518,
        1,
        0.2,
        0.518,
        0.4,
        0.304,
        0.6,
        0,
        1,
        0.844,
        -0.372,
        1.089,
        -0.508,
        1.333,
        -0.508,
        1,
        1.622,
        -0.508,
        1.911,
        -0.373,
        2.2,
        0,
        1,
        2.433,
        0.301,
        2.667,
        0.518,
        2.9,
        0.518,
        1,
        3.144,
        0.518,
        3.389,
        0.326,
        3.633,
        0,
        1,
        3.9,
        -0.356,
        4.166,
        -0.508,
        4.433,
        -0.508,
        1,
        4.689,
        -0.508,
        4.944,
        -0.335,
        5.2,
        0,
        1,
        5.467,
        0.349,
        5.733,
        0.518,
        6,
        0.518,
        1,
        6.167,
        0.518,
        6.333,
        0.458,
        6.5,
        0.356
      ]
    },
    {
      "Target": "Parameter",
      "Id": "Paramhoufabx",
      "FadeInTime": -1.0,
      "FadeOutTime": -1.0,
      "Segments": [
        0,
        0,
        0,
        0.6,
        -0.494,
        1,
        0.844,
        -0.494,
        1.089,
        -0.304,
        1.333,
        0,
        1,
        1.622,
        0.359,
        1.911,
        0.505,
        2.2,
        0.505,
        1,
        2.433,
        0.505,
        2.667,
        0.325,
        2.9,
        0,
        1,
        3.144,
        -0.34,
        3.389,
        -0.494,
        3.633,
        -0.494,
        1,
        3.9,
        -0.494,
        4.166,
        -0.34,
        4.433,
        0,
        1,
        4.689,
        0.325,
        4.944,
        0.505,
        5.2,
        0.505,
        1,
        5.467,
        0.505,
        5.733,
        0.305,
        6,
        0,
        1,
        6.167,
        -0.191,
        6.333,
        -0.319,
        6.5,
        -0.397
      ]
    },
    {
      "Target": "Parameter",
      "Id": "Paramdcfx",
      "FadeInTime": -1.0,
      "FadeOutTime": -1.0,
      "Segments": [
        0,
        0.522,
        1,
        0.2,
        0.522,
        0.4,
        0.31,
        0.6,
        0.002,
        1,
        0.844,
        -0.375,
        1.089,
        -0.517,
        1.333,
        -0.517,
        1,
        1.622,
        -0.517,
        1.911,
        -0.377,
        2.2,
        0.002,
        1,
        2.433,
        0.308,
        2.667,
        0.522,
        2.9,
        0.522,
        1,
        3.144,
        0.522,
        3.389,
        0.332,
        3.633,
        0.002,
        1,
        3.9,
        -0.359,
        4.166,
        -0.517,
        4.433,
        -0.517,
        1,
        4.689,
        -0.517,
        4.944,
        -0.337,
        5.2,
        0.002,
        1,
        5.467,
        0.355,
        5.733,
        0.522,
        6,
        0.522,
        1,
        6.167,
        0.522,
        6.333,
        0.463,
        6.5,
        0.36
      ]
    },
    {
      "Target": "Parameter",
      "Id": "Paramdcfy",
      "FadeInTime": -1.0,
      "FadeOutTime": -1.0,
      "Segments": [
        0,
        0.002,
        0,
        0.6,
        0.522,
        1,
        0.844,
        0.522,
        1.089,
        0.317,
        1.333,
        0.002,
        1,
        1.622,
        -0.37,
        1.911,
        -0.517,
        2.2,
        -0.517,
        1,
        2.433,
        -0.517,
        2.667,
        -0.336,
        2.9,
        0.002,
        1,
        3.144,
        0.356,
        3.389,
        0.522,
        3.633,
        0.522,
        1,
        3.9,
        0.522,
        4.166,
        0.355,
        4.433,
        0.002,
        1,
        4.689,
        -0.337,
        4.944,
        -0.517,
        5.2,
        -0.517,
        1,
        5.467,
        -0.517,
        5.733,
        -0.316,
        6,
        0.002,
        1,
        6.167,
        0.201,
        6.333,
        0.336,
        6.5,
        0.418
      ]
    },
    {
      "Target": "Parameter",
      "Id": "Param_Angle_Rotation_2_ArtMesh73",
      "FadeInTime": -1.0,
      "FadeOutTime": -1.0,
      "Segments": [
        0,
        0,
        2,
        0.033,
        0,
        0,
        0.367,
        7.711,
        0,
        0.867,
        -2.069,
        0,
        1.033,
        -1.189,
        0,
        1.4,
        -10.894,
        0,
        2.267,
        9.582,
        0,
        3.3,
        -9.658,
        0,
        4.3,
        9.655,
        0,
        5.233,
        -8.941,
        0,
        5.867,
        6.969,
        0,
        6.2,
        -5.017,
        1,
        6.3,
        -5.017,
        6.4,
        -1.645,
        6.5,
        0.041
      ]
    },
    {
      "Target": "Parameter",
      "Id": "Param_Angle_Rotation_3_ArtMesh73",
      "FadeInTime": -1.0,
      "FadeOutTime": -1.0,
      "Segments": [
        0,
        0,
        2,
        0.033,
        0,
        0,
        0.233,
        -3.25,
        0,
        0.633,
        4.47,
        0,
        1,
        -2.518,
        0,
        1.267,
        4.173,
        0,
        1.667,
        -3.812,
        0,
        2.433,
        1.743,
        0,
        2.633,
        1.165,
        0,
        3,
        2.656,
        0,
        3.467,
        -1.99,
        0,
        3.7,
        -1.302,
        0,
        4.033,
        -2.594,
        0,
        4.467,
        1.981,
        0,
        4.7,
        1.312,
        0,
        5,
        2.603,
        0,
        5.467,
        -3.056,
        0,
        5.633,
        -2.539,
        0,
        5.733,
        -2.876,
        0,
        6.067,
        7.454,
        0,
        6.4,
        -5.283,
        1,
        6.433,
        -5.283,
        6.467,
        -4.726,
        6.5,
        -3.915
      ]
    },
    {
      "Target": "Parameter",
      "Id": "Param_Angle_Rotation_4_ArtMesh73",
      "FadeInTime": -1.0,
      "FadeOutTime": -1.0,
      "Segments": [
        0,
        0,
        2,
        0.067,
        0,
        0,
        0.367,
        -2.993,
        0,
        0.767,
        5.317,
        0,
        1.1,
        -3.207,
        0,
        1.433,
        4.363,
        0,
        1.8,
        -5.318,
        0,
        2.533,
        2.16,
        0,
        2.833,
        1.177,
        0,
        3.133,
        2.625,
        0,
        3.567,
        -2.768,
        0,
        3.867,
        -1.231,
        0,
        4.133,
        -2.432,
        0,
        4.567,
        2.723,
        0,
        4.867,
        1.262,
        0,
        5.133,
        2.412,
        0,
        5.6,
        -3.98,
        0,
        6.2,
        7.481,
        1,
        6.3,
        7.481,
        6.4,
        -2.043,
        6.5,
        -5.506
      ]
    },
    {
      "Target": "Parameter",
      "Id": "Param_Angle_Rotation_5_ArtMesh73",
      "FadeInTime": -1.0,
      "FadeOutTime": -1.0,
      "Segments": [
        0,
        0,
        2,
        0.133,
        0,
        0,
        0.467,
        -3.058,
        0,
        0.867,
        6.231,
        0,
        1.233,
        -4.146,
        0,
        1.567,
        4.959,
        0,
        1.933,
        -6.95,
        0,
        2.567,
        2.505,
        0,
        2.933,
        1.047,
        0,
        3.233,
        2.581,
        0,
        3.7,
        -3.597,
        0,
        4.033,
        -0.963,
        0,
        4.267,
        -2.179,
        0,
        4.7,
        3.493,
        0,
        5.033,
        1.032,
        0,
        5.267,
        2.093,
        0,
        5.733,
        -4.918,
        0,
        6.3,
        8.033,
        1,
        6.367,
        8.033,
        6.433,
        3.881,
        6.5,
        -0.272
      ]
    },
    {
      "Target": "Parameter",
      "Id": "Param_Angle_Rotation_6_ArtMesh73",
      "FadeInTime": -1.0,
      "FadeOutTime": -1.0,
      "Segments": [
        0,
        0,
        2,
        0.233,
        0,
        0,
        0.6,
        -3.111,
        0,
        1,
        7.239,
        0,
        1.367,
        -5.422,
        0,
        1.7,
        5.808,
        0,
        2.1,
        -8.835,
        0,
        2.567,
        4.018,
        0,
        3.033,
        0.677,
        0,
        3.367,
        2.655,
        0,
        3.833,
        -4.486,
        0,
        4.167,
        -0.471,
        0,
        4.433,
        -1.86,
        0,
        4.833,
        4.276,
        0,
        5.2,
        0.598,
        0,
        5.4,
        1.636,
        0,
        5.833,
        -5.861,
        0,
        6.4,
        9.125,
        1,
        6.433,
        9.125,
        6.467,
        7.887,
        6.5,
        6.03
      ]
    },
    {
      "Target": "Parameter",
      "Id": "Param_Angle_Rotation_7_ArtMesh73",
      "FadeInTime": -1.0,
      "FadeOutTime": -1.0,
      "Segments": [
        0,
        0.084,
        0,
        0.2,
        -0.114,
        0,
        0.3,
        -0.082,
        0,
        0.7,
        -3.178,
        0,
        1.133,
        8.226,
        0,
        1.5,
        -7.042,
        0,
        1.833,
        6.965,
        0,
        2.233,
        -11.019,
        0,
        2.667,
        6.682,
        0,
        3.1,
        -0.27,
        0,
        3.467,
        2.931,
        0,
        3.933,
        -5.513,
        0,
        4.333,
        0.327,
        0,
        4.567,
        -1.547,
        0,
        4.967,
        5.054,
        0,
        5.333,
        -0.102,
        0,
        5.567,
        1.049,
        0,
        5.967,
        -6.782,
        0,
        6.5,
        10.466
      ]
    },
    {
      "Target": "Model",
      "Id": "Opacity",
      "FadeInTime": -1.0,
      "FadeOutTime": -1.0,
      "Segments": [
        0,
        1,
        0,
        6.5,
        1
      ]
    },
    {
      "Target": "Parameter",
      "Id": "Param20",
      "FadeInTime": -1.0,
      "FadeOutTime": -1.0,
      "Segments": [
        0,
        0,
        0,
        6.5,
        0
      ]
    },
    {
      "Target": "Parameter",
      "Id": "Paramyoushouts",
      "FadeInTime": -1.0,
      "FadeOutTime": -1.0,
      "Segments": [
        0,
        0,
        0,
        6.5,
        0
      ]
    },
    {
      "Target": "Parameter",
      "Id": "Paramshutc",
      "FadeInTime": -1.0,
      "FadeOutTime": -1.0,
      "Segments": [
        0,
        0,
        0,
        6.5,
        0
      ]
    },
    {
      "Target": "Parameter",
      "Id": "Paramshux",
      "FadeInTime": -1.0,
      "FadeOutTime": -1.0,
      "Segments": [
        0,
        0,
        0,
        6.5,
        0
      ]
    },
    {
      "Target": "Parameter",
      "Id": "Paramshuy",
      "FadeInTime": -1.0,
      "FadeOutTime": -1.0,
      "Segments": [
        0,
        0,
        0,
        6.5,
        0
      ]
    },
    {
      "Target": "Parameter",
      "Id": "Paramshuxz",
      "FadeInTime": -1.0,
      "FadeOutTime": -1.0,
      "Segments": [
        0,
        0,
        0,
        6.5,
        0
      ]
    },
    {
      "Target": "Parameter",
      "Id": "Paramxinftm",
      "FadeInTime": -1.0,
      "FadeOutTime": -1.0,
      "Segments": [
        0,
        0,
        0,
        6.5,
        0
      ]
    },
    {
      "Target": "Parameter",
      "Id": "Paramxinfxz",
      "FadeInTime": -1.0,
      "FadeOutTime": -1.0,
      "Segments": [
        0,
        0,
        0,
        6.5,
        0
      ]
    },
    {
      "Target": "Parameter",
      "Id": "xiaoyanwu1",
      "FadeInTime": -1.0,
      "FadeOutTime": -1.0,
      "Segments": [
        0,
        0,
        0,
        6.5,
        0
      ]
    },
    {
      "Target": "Parameter",
      "Id": "Paramwuzitm",
      "FadeInTime": -1.0,
      "FadeOutTime": -1.0,
      "Segments": [
        0,
        0,
        0,
        6.5,
        0
      ]
    },
    {
      "Target": "Parameter",
      "Id": "Paramaixintm",
      "FadeInTime": -1.0,
      "FadeOutTime": -1.0,
      "Segments": [
        0,
        0,
        0,
        6.5,
        0
      ]
    },
    {
      "Target": "Parameter",
      "Id": "Paramaixin",
      "FadeInTime": -1.0,
      "FadeOutTime": -1.0,
      "Segments": [
        0,
        0,
        0,
        6.5,
        0
      ]
    },
    {
      "Target": "Parameter",
      "Id": "Paramxiongdai1",
      "FadeInTime": -1.0,
      "FadeOutTime": -1.0,
      "Segments": [
        0,
        0,
        0,
        6.5,
        0
      ]
    },
    {
      "Target": "Parameter",
      "Id": "Param28",
      "FadeInTime": -1.0,
      "FadeOutTime": -1.0,
      "Segments": [
        0,
        0,
        0,
        6.5,
        0
      ]
    },
    {
      "Target": "Parameter",
      "Id": "ParamRrr",
      "FadeInTime": -1.0,
      "FadeOutTime": -1.0,
      "Segments": [
        0,
        0,
        0,
        6.5,
        0
      ]
    },
    {
      "Target": "Parameter",
      "Id": "ParamEyeLSmile",
      "FadeInTime": -1.0,
      "FadeOutTime": -1.0,
      "Segments": [
        0,
        0,
        0,
        6.5,
        0
      ]
    },
    {
      "Target": "Parameter",
      "Id": "ParamEyeRSmile",
      "FadeInTime": -1.0,
      "FadeOutTime": -1.0,
      "Segments": [
        0,
        0,
        0,
        6.5,
        0
      ]
    },
    {
      "Target": "Parameter",
      "Id": "Paramleitm",
      "FadeInTime": -1.0,
      "FadeOutTime": -1.0,
      "Segments": [
        0,
        0,
        0,
        6.5,
        0
      ]
    },
    {
      "Target": "Parameter",
      "Id": "Parameyeqq",
      "FadeInTime": -1.0,
      "FadeOutTime": -1.0,
      "Segments": [
        0,
        0,
        0,
        6.5,
        0
      ]
    },
    {
      "Target": "Parameter",
      "Id": "Paramtkdx",
      "FadeInTime": -1.0,
      "FadeOutTime": -1.0,
      "Segments": [
        0,
        0,
        0,
        6.5,
        0
      ]
    },
    {
      "Target": "Parameter",
      "Id": "Parameyeshizi",
      "FadeInTime": -1.0,
      "FadeOutTime": -1.0,
      "Segments": [
        0,
        0,
        0,
        6.5,
        0
      ]
    },
    {
      "Target": "Parameter",
      "Id": "Paramurrrr",
      "FadeInTime": -1.0,
      "FadeOutTime": -1.0,
      "Segments": [
        0,
        0,
        0,
        6.5,
        0
      ]
    },
    {
      "Target": "Parameter",
      "Id": "Parameyeliqie",
      "FadeInTime": -1.0,
      "FadeOutTime": -1.0,
      "Segments": [
        0,
        0,
        0,
        6.5,
        0
      ]
    },
    {
      "Target": "Parameter",
      "Id": "ParamBrowLX",
      "FadeInTime": -1.0,
      "FadeOutTime": -1.0,
      "Segments": [
        0,
        0,
        0,
        6.5,
        0
      ]
    },
    {
      "Target": "Parameter",
      "Id": "ParamBrowLY",
      "FadeInTime": -1.0,
      "FadeOutTime": -1.0,
      "Segments": [
        0,
        0,
        0,
        6.5,
        0
      ]
    },
    {
      "Target": "Parameter",
      "Id": "ParamBrowRX",
      "FadeInTime": -1.0,
      "FadeOutTime": -1.0,
      "Segments": [
        0,
        0,
        0,
        6.5,
        0
      ]
    },
    {
      "Target": "Parameter",
      "Id": "ParamBrowRY",
      "FadeInTime": -1.0,
      "FadeOutTime": -1.0,
      "Segments": [
        0,
        0,
        0,
        6.5,
        0
      ]
    },
    {
      "Target": "Parameter",
      "Id": "ParamBrowLAngle",
      "FadeInTime": -1.0,
      "FadeOutTime": -1.0,
      "Segments": [
        0,
        0,
        0,
        6.5,
        0
      ]
    },
    {
      "Target": "Parameter",
      "Id": "ParamBrowRAngle",
      "FadeInTime": -1.0,
      "FadeOutTime": -1.0,
      "Segments": [
        0,
        0,
        0,
        6.5,
        0
      ]
    },
    {
      "Target": "Parameter",
      "Id": "ParamBrowLForm",
      "FadeInTime": -1.0,
      "FadeOutTime": -1.0,
      "Segments": [
        0,
        0,
        0,
        6.5,
        0
      ]
    },
    {
      "Target": "Parameter",
      "Id": "ParamBrowRForm",
      "FadeInTime": -1.0,
      "FadeOutTime": -1.0,
      "Segments": [
        0,
        0,
        0,
        6.5,
        0
      ]
    },
    {
      "Target": "Parameter",
      "Id": "ParamCheek",
      "FadeInTime": -1.0,
      "FadeOutTime": -1.0,
      "Segments": [
        0,
        0,
        0,
        6.5,
        0
      ]
    },
    {
      "Target": "Parameter",
      "Id": "Parammaoqitm",
      "FadeInTime": -1.0,
      "FadeOutTime": -1.0,
      "Segments": [
        0,
        0,
        0,
        6.5,
        0
      ]
    },
    {
      "Target": "Parameter",
      "Id": "Paramgl",
      "FadeInTime": -1.0,
      "FadeOutTime": -1.0,
      "Segments": [
        0,
        0,
        0,
        6.5,
        0
      ]
    },
    {
      "Target": "Parameter",
      "Id": "Paramqi1",
      "FadeInTime": -1.0,
      "FadeOutTime": -1.0,
      "Segments": [
        0,
        0,
        0,
        6.5,
        0
      ]
    },
    {
      "Target": "Parameter",
      "Id": "Paramqi2",
      "FadeInTime": -1.0,
      "FadeOutTime": -1.0,
      "Segments": [
        0,
        0,
        0,
        6.5,
        0
      ]
    },
    {
      "Target": "Parameter",
      "Id": "Paramqi3",
      "FadeInTime": -1.0,
      "FadeOutTime": -1.0,
      "Segments": [
        0,
        0,
        0,
        6.5,
        0
      ]
    },
    {
      "Target": "Parameter",
      "Id": "Paramqi4",
      "FadeInTime": -1.0,
      "FadeOutTime": -1.0,
      "Segments": [
        0,
        0,
        0,
        6.5,
        0
      ]
    },
    {
      "Target": "Parameter",
      "Id": "Paramshetou",
      "FadeInTime": -1.0,
      "FadeOutTime": -1.0,
      "Segments": [
        0,
        0,
        0,
        6.5,
        0
      ]
    },
    {
      "Target": "Parameter",
      "Id": "Paramptp",
      "FadeInTime": -1.0,
      "FadeOutTime": -1.0,
      "Segments": [
        0,
        0,
        0,
        6.5,
        0
      ]
    },
    {
      "Target": "Parameter",
      "Id": "Paramquan",
      "FadeInTime": -1.0,
      "FadeOutTime": -1.0,
      "Segments": [
        0,
        0,
        0,
        6.5,
        0
      ]
    },
    {
      "Target": "Parameter",
      "Id": "Paramquantm",
      "FadeInTime": -1.0,
      "FadeOutTime": -1.0,
      "Segments": [
        0,
        0,
        0,
        6.5,
        0
      ]
    },
    {
      "Target": "Parameter",
      "Id": "Paramtouxingx",
      "FadeInTime": -1.0,
      "FadeOutTime": -1.0,
      "Segments": [
        0,
        0,
        0,
        6.5,
        0
      ]
    },
    {
      "Target": "Parameter",
      "Id": "Paramtxtm",
      "FadeInTime": -1.0,
      "FadeOutTime": -1.0,
      "Segments": [
        0,
        0,
        0,
        6.5,
        0
      ]
    },
    {
      "Target": "Parameter",
      "Id": "Paramdjj",
      "FadeInTime": -1.0,
      "FadeOutTime": -1.0,
      "Segments": [
        0,
        0,
        0,
        6.5,
        0
      ]
    },
    {
      "Target": "Parameter",
      "Id": "koushuishangxia",
      "FadeInTime": -1.0,
      "FadeOutTime": -1.0,
      "Segments": [
        0,
        0,
        0,
        6.5,
        0
      ]
    },
    {
      "Target": "Parameter",
      "Id": "koushuizuoyou",
      "FadeInTime": -1.0,
      "FadeOutTime": -1.0,
      "Segments": [
        0,
        0,
        0,
        6.5,
        0
      ]
    },
    {
      "Target": "Parameter",
      "Id": "koushuijiaodu",
      "FadeInTime": -1.0,
      "FadeOutTime": -1.0,
      "Segments": [
        0,
        0,
        0,
        6.5,
        0
      ]
    },
    {
      "Target": "Parameter",
      "Id": "koushuiyaobai",
      "FadeInTime": -1.0,
      "FadeOutTime": -1.0,
      "Segments": [
        0,
        0,
        0,
        6.5,
        0
      ]
    },
    {
      "Target": "Parameter",
      "Id": "koushuichangduan",
      "FadeInTime": -1.0,
      "FadeOutTime": -1.0,
      "Segments": [
        0,
        0,
        0,
        6.5,
        0
      ]
    },
    {
      "Target": "Parameter",
      "Id": "Paramkoushuiyasuo",
      "FadeInTime": -1.0,
      "FadeOutTime": -1.0,
      "Segments": [
        0,
        0,
        0,
        6.5,
        0
      ]
    },
    {
      "Target": "Parameter",
      "Id": "ParamBodyAngleZ",
      "FadeInTime": -1.0,
      "FadeOutTime": -1.0,
      "Segments": [
        0,
        0,
        0,
        6.5,
        0
      ]
    },
    {
      "Target": "Parameter",
      "Id": "ParamHairSide",
      "FadeInTime": -1.0,
      "FadeOutTime": -1.0,
      "Segments": [
        0,
        0,
        0,
        6.5,
        0
      ]
    },
    {
      "Target": "PartOpacity",
      "Id": "Part",
      "FadeInTime": -1.0,
      "FadeOutTime": -1.0,
      "Segments": [
        0,
        1,
        0,
        6.5,
        1
      ]
    },
    {
      "Target": "PartOpacity",
      "Id": "Part2",
      "FadeInTime": -1.0,
      "FadeOutTime": -1.0,
      "Segments": [
        0,
        1,
        0,
        6.5,
        1
      ]
    },
    {
      "Target": "PartOpacity",
      "Id": "Part3",
      "FadeInTime": -1.0,
      "FadeOutTime": -1.0,
      "Segments": [
        0,
        1,
        0,
        6.5,
        1
      ]
    },
    {
      "Target": "PartOpacity",
      "Id": "dc",
      "FadeInTime": -1.0,
      "FadeOutTime": -1.0,
      "Segments": [
        0,
        1,
        0,
        6.5,
        1
      ]
    },
    {
      "Target": "PartOpacity",
      "Id": "Part4",
      "FadeInTime": -1.0,
      "FadeOutTime": -1.0,
      "Segments": [
        0,
        1,
        0,
        6.5,
        1
      ]
    },
    {
      "Target": "PartOpacity",
      "Id": "Part5",
      "FadeInTime": -1.0,
      "FadeOutTime": -1.0,
      "Segments": [
        0,
        1,
        0,
        6.5,
        1
      ]
    },
    {
      "Target": "PartOpacity",
      "Id": "Part6",
      "FadeInTime": -1.0,
      "FadeOutTime": -1.0,
      "Segments": [
        0,
        1,
        0,
        6.5,
        1
      ]
    },
    {
      "Target": "PartOpacity",
      "Id": "Part7",
      "FadeInTime": -1.0,
      "FadeOutTime": -1.0,
      "Segments": [
        0,
        1,
        0,
        6.5,
        1
      ]
    },
    {
      "Target": "PartOpacity",
      "Id": "Part8",
      "FadeInTime": -1.0,
      "FadeOutTime": -1.0,
      "Segments": [
        0,
        1,
        0,
        6.5,
        1
      ]
    },
    {
      "Target": "PartOpacity",
      "Id": "Part9",
      "FadeInTime": -1.0,
      "FadeOutTime": -1.0,
      "Segments": [
        0,
        1,
        0,
        6.5,
        1
      ]
    },
    {
      "Target": "PartOpacity",
      "Id": "Part10",
      "FadeInTime": -1.0,
      "FadeOutTime": -1.0,
      "Segments": [
        0,
        1,
        0,
        6.5,
        1
      ]
    },
    {
      "Target": "PartOpacity",
      "Id": "Part11",
      "FadeInTime": -1.0,
      "FadeOutTime": -1.0,
      "Segments": [
        0,
        1,
        0,
        6.5,
        1
      ]
    },
    {
      "Target": "PartOpacity",
      "Id": "Part12",
      "FadeInTime": -1.0,
      "FadeOutTime": -1.0,
      "Segments": [
        0,
        1,
        0,
        6.5,
        1
      ]
    },
    {
      "Target": "PartOpacity",
      "Id": "Part13",
      "FadeInTime": -1.0,
      "FadeOutTime": -1.0,
      "Segments": [
        0,
        1,
        0,
        6.5,
        1
      ]
    },
    {
      "Target": "PartOpacity",
      "Id": "Part14",
      "FadeInTime": -1.0,
      "FadeOutTime": -1.0,
      "Segments": [
        0,
        1,
        0,
        6.5,
        1
      ]
    },
    {
      "Target": "PartOpacity",
      "Id": "Part15",
      "FadeInTime": -1.0,
      "FadeOutTime": -1.0,
      "Segments": [
        0,
        1,
        0,
        6.5,
        1
      ]
    },
    {
      "Target": "PartOpacity",
      "Id": "Part16",
      "FadeInTime": -1.0,
      "FadeOutTime": -1.0,
      "Segments": [
        0,
        1,
        0,
        6.5,
        1
      ]
    },
    {
      "Target": "PartOpacity",
      "Id": "Part17",
      "FadeInTime": -1.0,
      "FadeOutTime": -1.0,
      "Segments": [
        0,
        1,
        0,
        6.5,
        1
      ]
    },
    {
      "Target": "PartOpacity",
      "Id": "bq",
      "FadeInTime": -1.0,
      "FadeOutTime": -1.0,
      "Segments": [
        0,
        1,
        0,
        6.5,
        1
      ]
    },
    {
      "Target": "PartOpacity",
      "Id": "Part20",
      "FadeInTime": -1.0,
      "FadeOutTime": -1.0,
      "Segments": [
        0,
        1,
        0,
        6.5,
        1
      ]
    },
    {
      "Target": "PartOpacity",
      "Id": "Part21",
      "FadeInTime": -1.0,
      "FadeOutTime": -1.0,
      "Segments": [
        0,
        1,
        0,
        6.5,
        1
      ]
    },
    {
      "Target": "PartOpacity",
      "Id": "Part22",
      "FadeInTime": -1.0,
      "FadeOutTime": -1.0,
      "Segments": [
        0,
        1,
        0,
        6.5,
        1
      ]
    },
    {
      "Target": "PartOpacity",
      "Id": "Part23",
      "FadeInTime": -1.0,
      "FadeOutTime": -1.0,
      "Segments": [
        0,
        1,
        0,
        6.5,
        1
      ]
    },
    {
      "Target": "PartOpacity",
      "Id": "Part24",
      "FadeInTime": -1.0,
      "FadeOutTime": -1.0,
      "Segments": [
        0,
        1,
        0,
        6.5,
        1
      ]
    },
    {
      "Target": "PartOpacity",
      "Id": "dc1",
      "FadeInTime": -1.0,
      "FadeOutTime": -1.0,
      "Segments": [
        0,
        1,
        0,
        6.5,
        1
      ]
    },
    {
      "Target": "PartOpacity",
      "Id": "Part25",
      "FadeInTime": -1.0,
      "FadeOutTime": -1.0,
      "Segments": [
        0,
        1,
        0,
        6.5,
        1
      ]
    },
    {
      "Target": "PartOpacity",
      "Id": "Part26",
      "FadeInTime": -1.0,
      "FadeOutTime": -1.0,
      "Segments": [
        0,
        1,
        0,
        6.5,
        1
      ]
    },
    {
      "Target": "PartOpacity",
      "Id": "Part27",
      "FadeInTime": -1.0,
      "FadeOutTime": -1.0,
      "Segments": [
        0,
        1,
        0,
        6.5,
        1
      ]
    }
  ],
  "UserData": [
    {
      "Time": 0.0,
      "Value": ""
    },
    {
      "Time": 6.0,
      "Value": ""
    }
  ]
}