{
  "Version": 3,
  "Meta": {
    "Duration": 9.5,
    "Fps": 30.0,
    "Loop": true,
    "AreBeziersRestricted": true,
    "FadeInTime": 0.0,
    "FadeOutTime": 0.0,
    "CurveCount": 166,
    "TotalSegmentCount": 921,
    "TotalPointCount": 1333,
    "UserDataCount": 2,
    "TotalUserDataSize": 0
  },
  "Curves": [
    {
      "Target": "Parameter",
      "Id": "Paramhua1",
      "FadeInTime": -1.0,
      "FadeOutTime": -1.0,
      "Segments": [
        0,
        0.2,
        1,
        3.167,
        0.519,
        6.333,
        0.837,
        9.5,
        1.156
      ]
    },
    {
      "Target": "Parameter",
      "Id": "Paramhua2",
      "FadeInTime": -1.0,
      "FadeOutTime": -1.0,
      "Segments": [
        0,
        0.6,
        1,
        3.167,
        0.919,
        6.333,
        1.237,
        9.5,
        1.556
      ]
    },
    {
      "Target": "Parameter",
      "Id": "Paramhua3",
      "FadeInTime": -1.0,
      "FadeOutTime": -1.0,
      "Segments": [
        0,
        0.9,
        1,
        3.167,
        1.219,
        6.333,
        1.537,
        9.5,
        1.856
      ]
    },
    {
      "Target": "Parameter",
      "Id": "Paramhuafanzhuan",
      "FadeInTime": -1.0,
      "FadeOutTime": -1.0,
      "Segments": [
        0,
        0,
        0,
        1,
        1,
        0,
        2,
        0,
        0,
        3.267,
        1,
        0,
        4.4,
        0,
        0,
        6.133,
        1,
        0,
        7.433,
        0,
        0,
        8.733,
        1,
        1,
        8.989,
        1,
        9.244,
        0.592,
        9.5,
        0.297
      ]
    },
    {
      "Target": "Parameter",
      "Id": "Paramhuafz2",
      "FadeInTime": -1.0,
      "FadeOutTime": -1.0,
      "Segments": [
        0,
        1,
        0,
        0.8,
        0,
        0,
        1.8,
        1,
        0,
        3,
        0,
        0,
        4.3,
        1,
        0,
        5.333,
        0,
        0,
        7,
        1,
        0,
        8.6,
        0,
        1,
        8.9,
        0,
        9.2,
        0.456,
        9.5,
        0.752
      ]
    },
    {
      "Target": "Parameter",
      "Id": "ParamlegLxz",
      "FadeInTime": -1.0,
      "FadeOutTime": -1.0,
      "Segments": [
        0,
        0,
        0,
        0.667,
        -3,
        0,
        2.067,
        3,
        0,
        3.067,
        0,
        2,
        6.067,
        0,
        0,
        6.367,
        -10,
        0,
        6.733,
        0,
        0,
        7.067,
        -3,
        0,
        8.267,
        3,
        1,
        8.511,
        3,
        8.756,
        1.735,
        9,
        0,
        1,
        9.167,
        -1.183,
        9.333,
        -1.959,
        9.5,
        -2.425
      ]
    },
    {
      "Target": "Parameter",
      "Id": "Paramjoxz",
      "FadeInTime": -1.0,
      "FadeOutTime": -1.0,
      "Segments": [
        0,
        0,
        1,
        0.222,
        0,
        0.445,
        -1.099,
        0.667,
        -3,
        1,
        0.911,
        -5.091,
        1.156,
        -6.002,
        1.4,
        -6.002,
        1,
        1.622,
        -6.002,
        1.845,
        -4.538,
        2.067,
        -3,
        1,
        2.4,
        -0.693,
        2.734,
        0,
        3.067,
        0,
        2,
        5.2,
        0,
        2,
        6.067,
        0,
        2,
        6.733,
        0,
        1,
        6.844,
        0,
        6.956,
        -1.542,
        7.067,
        -3,
        1,
        7.245,
        -5.332,
        7.422,
        -6.002,
        7.6,
        -6.002,
        1,
        7.822,
        -6.002,
        8.045,
        -4.901,
        8.267,
        -3,
        1,
        8.511,
        -0.909,
        8.756,
        0,
        9,
        0,
        1,
        9.167,
        0,
        9.333,
        -0.337,
        9.5,
        -0.931
      ]
    },
    {
      "Target": "Parameter",
      "Id": "ParamjoLbx",
      "FadeInTime": -1.0,
      "FadeOutTime": -1.0,
      "Segments": [
        0,
        0,
        0,
        0.667,
        5.129,
        1,
        0.911,
        5.129,
        1.156,
        3.551,
        1.4,
        0,
        1,
        1.622,
        -3.228,
        1.845,
        -5.058,
        2.067,
        -5.058,
        0,
        3.067,
        0,
        2,
        5.2,
        0,
        2,
        6.067,
        0,
        2,
        6.733,
        0,
        0,
        7.067,
        5.129,
        1,
        7.245,
        5.129,
        7.422,
        2.974,
        7.6,
        0,
        1,
        7.822,
        -3.717,
        8.045,
        -5.058,
        8.267,
        -5.058,
        1,
        8.511,
        -5.058,
        8.756,
        -2.949,
        9,
        0,
        1,
        9.167,
        2.01,
        9.333,
        3.339,
        9.5,
        4.139
      ]
    },
    {
      "Target": "Parameter",
      "Id": "ParamlegRxz",
      "FadeInTime": -1.0,
      "FadeOutTime": -1.0,
      "Segments": [
        0,
        0,
        0,
        0.733,
        -3,
        0,
        2.133,
        3,
        0,
        3.133,
        0,
        2,
        6.067,
        0,
        0,
        6.433,
        -10,
        0,
        6.8,
        0,
        0,
        7.133,
        -3,
        0,
        8.333,
        3,
        1,
        8.555,
        3,
        8.778,
        1.621,
        9,
        0,
        1,
        9.167,
        -1.216,
        9.333,
        -1.99,
        9.5,
        -2.447
      ]
    },
    {
      "Target": "Parameter",
      "Id": "Paramjorxz",
      "FadeInTime": -1.0,
      "FadeOutTime": -1.0,
      "Segments": [
        0,
        0,
        1,
        0.244,
        0,
        0.489,
        -0.999,
        0.733,
        -3,
        1,
        0.978,
        -5.001,
        1.222,
        -6.002,
        1.467,
        -6.002,
        1,
        1.689,
        -6.002,
        1.911,
        -4.538,
        2.133,
        -3,
        1,
        2.466,
        -0.693,
        2.8,
        0,
        3.133,
        0,
        2,
        6.067,
        0,
        2,
        6.8,
        0,
        1,
        6.911,
        0,
        7.022,
        -1.542,
        7.133,
        -3,
        1,
        7.311,
        -5.332,
        7.489,
        -6.002,
        7.667,
        -6.002,
        1,
        7.889,
        -6.002,
        8.111,
        -5.001,
        8.333,
        -3,
        1,
        8.555,
        -0.999,
        8.778,
        0,
        9,
        0,
        1,
        9.167,
        0,
        9.333,
        -0.337,
        9.5,
        -0.931
      ]
    },
    {
      "Target": "Parameter",
      "Id": "ParamjoRbx",
      "FadeInTime": -1.0,
      "FadeOutTime": -1.0,
      "Segments": [
        0,
        0,
        0,
        0.733,
        5.129,
        1,
        0.978,
        5.129,
        1.222,
        3.551,
        1.467,
        0,
        1,
        1.689,
        -3.228,
        1.911,
        -5.058,
        2.133,
        -5.058,
        0,
        3.133,
        0,
        2,
        6.067,
        0,
        2,
        6.8,
        0,
        0,
        7.133,
        5.129,
        1,
        7.311,
        5.129,
        7.489,
        2.974,
        7.667,
        0,
        1,
        7.889,
        -3.717,
        8.111,
        -5.058,
        8.333,
        -5.058,
        1,
        8.555,
        -5.058,
        8.778,
        -2.756,
        9,
        0,
        1,
        9.167,
        2.067,
        9.333,
        3.391,
        9.5,
        4.175
      ]
    },
    {
      "Target": "Parameter",
      "Id": "Paramyoushangbixz",
      "FadeInTime": -1.0,
      "FadeOutTime": -1.0,
      "Segments": [
        0,
        0,
        0,
        0.5,
        -10,
        1,
        0.744,
        -10,
        0.989,
        -5.156,
        1.233,
        -4.06,
        1,
        1.822,
        -1.419,
        2.411,
        -1,
        3,
        -1,
        2,
        6.233,
        -1,
        0,
        7.033,
        0,
        2,
        7.5,
        0,
        2,
        9,
        0,
        2,
        9.5,
        0
      ]
    },
    {
      "Target": "Parameter",
      "Id": "Paramyoushangbiss",
      "FadeInTime": -1.0,
      "FadeOutTime": -1.0,
      "Segments": [
        0,
        0,
        0,
        0.5,
        10,
        2,
        1.233,
        10,
        0,
        3,
        0,
        2,
        6.233,
        0,
        2,
        7.033,
        0,
        2,
        7.5,
        0,
        2,
        9,
        0,
        2,
        9.5,
        0
      ]
    },
    {
      "Target": "Parameter",
      "Id": "Paramyouxibxz",
      "FadeInTime": -1.0,
      "FadeOutTime": -1.0,
      "Segments": [
        0,
        0,
        0,
        0.5,
        -2,
        1,
        0.744,
        -2,
        0.989,
        0.118,
        1.233,
        0.7,
        1,
        1.389,
        1.07,
        1.544,
        1.222,
        1.7,
        1.24,
        1,
        1.978,
        1.273,
        2.255,
        1.271,
        2.533,
        1.305,
        1,
        2.689,
        1.324,
        2.844,
        9,
        3,
        9,
        2,
        6.233,
        9,
        0,
        7.033,
        0,
        2,
        7.5,
        0,
        2,
        9,
        0,
        1,
        9.167,
        0,
        9.333,
        0.144,
        9.5,
        0.277
      ]
    },
    {
      "Target": "Parameter",
      "Id": "Paramyouxiabss",
      "FadeInTime": -1.0,
      "FadeOutTime": -1.0,
      "Segments": [
        0,
        0,
        2,
        0.5,
        0,
        2,
        1.233,
        0,
        0,
        3,
        20,
        2,
        6.233,
        20,
        0,
        7.033,
        0,
        2,
        7.5,
        0,
        2,
        9,
        0,
        2,
        9.5,
        0
      ]
    },
    {
      "Target": "Parameter",
      "Id": "Paramyoushouzxz",
      "FadeInTime": -1.0,
      "FadeOutTime": -1.0,
      "Segments": [
        0,
        -0.186,
        1,
        0.167,
        -0.186,
        0.333,
        -0.703,
        0.5,
        -2,
        1,
        0.744,
        -3.902,
        0.989,
        -5,
        1.233,
        -5,
        1,
        1.389,
        -5,
        1.544,
        -2.767,
        1.7,
        -2.7,
        1,
        1.978,
        -2.581,
        2.255,
        -2.583,
        2.533,
        -2.583,
        0,
        3,
        -6,
        2,
        6.233,
        -6,
        1,
        6.5,
        -6,
        6.766,
        -5.321,
        7.033,
        -3,
        1,
        7.189,
        -1.646,
        7.344,
        -0.186,
        7.5,
        -0.186,
        2,
        9,
        -0.186,
        1,
        9.167,
        -0.186,
        9.333,
        -0.155,
        9.5,
        0
      ]
    },
    {
      "Target": "Parameter",
      "Id": "Paramyouzhi2",
      "FadeInTime": -1.0,
      "FadeOutTime": -1.0,
      "Segments": [
        0,
        1,
        2,
        3,
        1,
        2,
        6.233,
        1,
        2,
        9,
        1,
        1,
        9.167,
        1,
        9.333,
        0.885,
        9.5,
        0.779
      ]
    },
    {
      "Target": "Parameter",
      "Id": "Paramyouzhi3",
      "FadeInTime": -1.0,
      "FadeOutTime": -1.0,
      "Segments": [
        0,
        1,
        2,
        3,
        1,
        2,
        6.233,
        1,
        2,
        9,
        1,
        1,
        9.167,
        1,
        9.333,
        0.857,
        9.5,
        0.723
      ]
    },
    {
      "Target": "Parameter",
      "Id": "Paramyouzhi4",
      "FadeInTime": -1.0,
      "FadeOutTime": -1.0,
      "Segments": [
        0,
        1,
        0,
        3,
        0,
        2,
        6.233,
        0,
        0,
        9,
        1,
        1,
        9.167,
        1,
        9.333,
        0.885,
        9.5,
        0.779
      ]
    },
    {
      "Target": "Parameter",
      "Id": "Paramyouzhi5",
      "FadeInTime": -1.0,
      "FadeOutTime": -1.0,
      "Segments": [
        0,
        1,
        0,
        3,
        0,
        2,
        6.233,
        0,
        0,
        9,
        1,
        1,
        9.167,
        1,
        9.333,
        0.885,
        9.5,
        0.779
      ]
    },
    {
      "Target": "Parameter",
      "Id": "Paramshuts",
      "FadeInTime": -1.0,
      "FadeOutTime": -1.0,
      "Segments": [
        0,
        0,
        2,
        9,
        0,
        1,
        9.167,
        0,
        9.333,
        -0.057,
        9.5,
        -0.111
      ]
    },
    {
      "Target": "Parameter",
      "Id": "Paramdct",
      "FadeInTime": -1.0,
      "FadeOutTime": -1.0,
      "Segments": [
        0,
        0.7,
        0,
        0.633,
        1,
        0,
        1.733,
        0,
        2,
        3,
        0,
        2,
        6.3,
        0,
        0,
        7,
        0.7,
        2,
        9,
        0.7,
        2,
        9.5,
        0.7
      ]
    },
    {
      "Target": "Parameter",
      "Id": "Paramzuoshangbixz",
      "FadeInTime": -1.0,
      "FadeOutTime": -1.0,
      "Segments": [
        0,
        0,
        1,
        0.211,
        0,
        0.422,
        -0.546,
        0.633,
        -1,
        1,
        1,
        -1.789,
        1.366,
        -2,
        1.733,
        -2,
        2,
        3,
        -2,
        2,
        6.3,
        -2,
        0,
        7,
        0,
        2,
        9,
        0,
        2,
        9.5,
        0
      ]
    },
    {
      "Target": "Parameter",
      "Id": "Paramzuoshangbiss",
      "FadeInTime": -1.0,
      "FadeOutTime": -1.0,
      "Segments": [
        0,
        0,
        2,
        0.633,
        0,
        0,
        1.733,
        -5,
        2,
        3,
        -5,
        2,
        6.3,
        -5,
        1,
        6.411,
        -5,
        6.522,
        -1.945,
        6.633,
        -1,
        1,
        6.755,
        0.04,
        6.878,
        0,
        7,
        0,
        2,
        9,
        0,
        2,
        9.5,
        0
      ]
    },
    {
      "Target": "Parameter",
      "Id": "Paramzuoxiabxz",
      "FadeInTime": -1.0,
      "FadeOutTime": -1.0,
      "Segments": [
        0,
        0,
        1,
        0.211,
        0,
        0.422,
        -0.135,
        0.633,
        1,
        1,
        1,
        2.971,
        1.366,
        6,
        1.733,
        6,
        2,
        3,
        6,
        2,
        6.3,
        6,
        0,
        7,
        0,
        2,
        9,
        0,
        2,
        9.5,
        0
      ]
    },
    {
      "Target": "Parameter",
      "Id": "Paramzuoxiabss",
      "FadeInTime": -1.0,
      "FadeOutTime": -1.0,
      "Segments": [
        0,
        0,
        2,
        0.633,
        0,
        0,
        1.733,
        -5,
        2,
        3,
        -5,
        2,
        6.3,
        -5,
        0,
        6.633,
        -10,
        1,
        6.689,
        -10,
        6.744,
        -6.75,
        6.8,
        -4,
        1,
        6.867,
        -0.7,
        6.933,
        0,
        7,
        0,
        2,
        9,
        0,
        2,
        9.5,
        0
      ]
    },
    {
      "Target": "Parameter",
      "Id": "Paramzuoshouzxz",
      "FadeInTime": -1.0,
      "FadeOutTime": -1.0,
      "Segments": [
        0,
        0,
        2,
        0.633,
        0,
        2,
        1.733,
        0,
        0,
        3,
        -10,
        2,
        6.3,
        -10,
        0,
        7,
        0,
        2,
        9,
        0,
        2,
        9.5,
        0
      ]
    },
    {
      "Target": "Parameter",
      "Id": "Paramcefal",
      "FadeInTime": -1.0,
      "FadeOutTime": -1.0,
      "Segments": [
        0,
        0,
        2,
        0.5,
        0,
        0,
        0.867,
        1,
        2,
        1.733,
        1,
        2,
        3,
        1,
        2,
        6.3,
        1,
        1,
        6.411,
        1,
        6.522,
        0.976,
        6.633,
        0.7,
        1,
        6.755,
        0.396,
        6.878,
        0,
        7,
        0,
        2,
        9,
        0,
        2,
        9.5,
        0
      ]
    },
    {
      "Target": "Parameter",
      "Id": "Paramzuoshouq",
      "FadeInTime": -1.0,
      "FadeOutTime": -1.0,
      "Segments": [
        0,
        0,
        0,
        0.633,
        1,
        2,
        1.733,
        1,
        2,
        3,
        1,
        2,
        6.3,
        1,
        2,
        6.633,
        1,
        0,
        7,
        0,
        2,
        9,
        0,
        2,
        9.5,
        0
      ]
    },
    {
      "Target": "Parameter",
      "Id": "Paramzuoshangbqie",
      "FadeInTime": -1.0,
      "FadeOutTime": -1.0,
      "Segments": [
        0,
        1,
        0,
        0.633,
        0,
        2,
        6.3,
        0,
        0,
        6.533,
        1,
        2,
        7,
        1,
        2,
        9,
        1,
        2,
        9.5,
        1
      ]
    },
    {
      "Target": "Parameter",
      "Id": "Paramzuoshoulitouf",
      "FadeInTime": -1.0,
      "FadeOutTime": -1.0,
      "Segments": [
        0,
        1,
        2,
        0.633,
        1,
        0,
        0.667,
        0,
        2,
        6.3,
        0,
        2,
        6.633,
        0,
        0,
        6.667,
        1,
        2,
        7,
        1,
        2,
        9,
        1,
        2,
        9.5,
        1
      ]
    },
    {
      "Target": "Parameter",
      "Id": "Paramzuozhi1",
      "FadeInTime": -1.0,
      "FadeOutTime": -1.0,
      "Segments": [
        0,
        0,
        0,
        1,
        0.6,
        0,
        3.367,
        -0.6,
        0,
        5.5,
        0.5,
        0,
        7.867,
        -0.4,
        1,
        8.245,
        -0.4,
        8.622,
        -0.33,
        9,
        0,
        1,
        9.167,
        0.146,
        9.333,
        0.296,
        9.5,
        0.409
      ]
    },
    {
      "Target": "Parameter",
      "Id": "Paramzuozhi2",
      "FadeInTime": -1.0,
      "FadeOutTime": -1.0,
      "Segments": [
        0,
        0,
        0,
        0.967,
        0.6,
        0,
        3.333,
        -0.4,
        0,
        5.467,
        0.5,
        0,
        7.833,
        -0.4,
        1,
        8.222,
        -0.4,
        8.611,
        -0.335,
        9,
        0,
        1,
        9.167,
        0.143,
        9.333,
        0.299,
        9.5,
        0.416
      ]
    },
    {
      "Target": "Parameter",
      "Id": "Paramzuozhi3",
      "FadeInTime": -1.0,
      "FadeOutTime": -1.0,
      "Segments": [
        0,
        0,
        0,
        0.933,
        0.8,
        0,
        3.3,
        -0.5,
        0,
        5.433,
        0.5,
        0,
        7.8,
        -0.3,
        1,
        8.2,
        -0.3,
        8.6,
        -0.29,
        9,
        0,
        1,
        9.167,
        0.121,
        9.333,
        0.342,
        9.5,
        0.521
      ]
    },
    {
      "Target": "Parameter",
      "Id": "Paramzuozhi4",
      "FadeInTime": -1.0,
      "FadeOutTime": -1.0,
      "Segments": [
        0,
        0,
        0,
        0.9,
        0.5,
        0,
        3.267,
        -0.6,
        0,
        5.4,
        0.5,
        0,
        7.767,
        -0.3,
        1,
        8.178,
        -0.3,
        8.589,
        -0.262,
        9,
        0,
        1,
        9.167,
        0.106,
        9.333,
        0.249,
        9.5,
        0.354
      ]
    },
    {
      "Target": "Parameter",
      "Id": "Paramzuozhi5",
      "FadeInTime": -1.0,
      "FadeOutTime": -1.0,
      "Segments": [
        0,
        0,
        0,
        0.867,
        0.6,
        0,
        3.233,
        -0.6,
        0,
        5.367,
        0.6,
        0,
        7.733,
        -0.3,
        1,
        8.155,
        -0.3,
        8.578,
        -0.273,
        9,
        0,
        1,
        9.167,
        0.108,
        9.333,
        0.291,
        9.5,
        0.427
      ]
    },
    {
      "Target": "Parameter",
      "Id": "Paramzuohouxiabitc",
      "FadeInTime": -1.0,
      "FadeOutTime": -1.0,
      "Segments": [
        0,
        1,
        2,
        9,
        1,
        1,
        9.167,
        1,
        9.333,
        0.997,
        9.5,
        0.991
      ]
    },
    {
      "Target": "Parameter",
      "Id": "ParamAngleX",
      "FadeInTime": -1.0,
      "FadeOutTime": -1.0,
      "Segments": [
        0,
        0,
        0,
        0.6,
        -17,
        0,
        1.933,
        0,
        0,
        2.867,
        -9.57,
        0,
        3,
        28,
        1,
        4.1,
        28,
        5.2,
        23.453,
        6.3,
        12,
        1,
        6.411,
        10.843,
        6.522,
        0.686,
        6.633,
        -5,
        1,
        6.711,
        -8.98,
        6.789,
        -11,
        6.867,
        -11,
        0,
        7.1,
        0,
        2,
        9,
        0,
        1,
        9.167,
        0,
        9.333,
        2.583,
        9.5,
        4.981
      ]
    },
    {
      "Target": "Parameter",
      "Id": "ParamAngleY",
      "FadeInTime": -1.0,
      "FadeOutTime": -1.0,
      "Segments": [
        0,
        0,
        0,
        0.6,
        -30,
        1,
        1.044,
        -30,
        1.489,
        -20.719,
        1.933,
        0,
        1,
        2.244,
        14.503,
        2.556,
        22.951,
        2.867,
        22.951,
        0,
        3,
        10,
        0,
        6.3,
        30,
        0,
        6.633,
        -30,
        0,
        6.867,
        30,
        0,
        7.1,
        0,
        2,
        9,
        0,
        1,
        9.167,
        0,
        9.333,
        -1.435,
        9.5,
        -2.767
      ]
    },
    {
      "Target": "Parameter",
      "Id": "ParamAngleZ",
      "FadeInTime": -1.0,
      "FadeOutTime": -1.0,
      "Segments": [
        0,
        0,
        0,
        0.6,
        -30,
        1,
        1.044,
        -30,
        1.489,
        -10.071,
        1.933,
        0,
        1,
        2.244,
        7.05,
        2.556,
        8.183,
        2.867,
        13,
        1,
        2.911,
        13.688,
        2.956,
        30,
        3,
        30,
        2,
        6.3,
        30,
        0,
        6.633,
        -30,
        0,
        6.867,
        15,
        0,
        7.1,
        0,
        2,
        9,
        0,
        1,
        9.167,
        0,
        9.333,
        2.296,
        9.5,
        4.428
      ]
    },
    {
      "Target": "Parameter",
      "Id": "ParamEyeLOpen",
      "FadeInTime": -1.0,
      "FadeOutTime": -1.0,
      "Segments": [
        0,
        1,
        2,
        0.767,
        1,
        0,
        1.467,
        0,
        2,
        2.667,
        0,
        2,
        6.1,
        0,
        0,
        6.4,
        1,
        0,
        6.867,
        0.7,
        0,
        9,
        1,
        2,
        9.5,
        1
      ]
    },
    {
      "Target": "Parameter",
      "Id": "ParamEyeROpen",
      "FadeInTime": -1.0,
      "FadeOutTime": -1.0,
      "Segments": [
        0,
        1,
        2,
        0.767,
        1,
        0,
        1.467,
        0,
        2,
        2.667,
        0,
        2,
        6.1,
        0,
        0,
        6.4,
        1,
        0,
        6.867,
        0.7,
        0,
        9,
        1,
        2,
        9.5,
        1
      ]
    },
    {
      "Target": "Parameter",
      "Id": "ParamEyeBallX",
      "FadeInTime": -1.0,
      "FadeOutTime": -1.0,
      "Segments": [
        0,
        0,
        2,
        9,
        0,
        1,
        9.167,
        0,
        9.333,
        0.062,
        9.5,
        0.117
      ]
    },
    {
      "Target": "Parameter",
      "Id": "ParamEyeBallY",
      "FadeInTime": -1.0,
      "FadeOutTime": -1.0,
      "Segments": [
        0,
        0,
        2,
        9,
        0,
        1,
        9.167,
        0,
        9.333,
        -0.031,
        9.5,
        -0.058
      ]
    },
    {
      "Target": "Parameter",
      "Id": "Paramleitm",
      "FadeInTime": -1.0,
      "FadeOutTime": -1.0,
      "Segments": [
        0,
        0,
        2,
        6.133,
        0,
        0,
        6.867,
        1,
        0,
        9,
        0,
        2,
        9.5,
        0
      ]
    },
    {
      "Target": "Parameter",
      "Id": "Parameyetm",
      "FadeInTime": -1.0,
      "FadeOutTime": -1.0,
      "Segments": [
        0,
        1,
        2,
        0.8,
        1,
        0,
        1.3,
        0,
        2,
        5.933,
        0,
        2,
        6.1,
        0,
        0,
        6.233,
        1,
        2,
        9,
        1,
        2,
        9.5,
        1
      ]
    },
    {
      "Target": "Parameter",
      "Id": "Parameyeqie",
      "FadeInTime": -1.0,
      "FadeOutTime": -1.0,
      "Segments": [
        0,
        0,
        2,
        0.833,
        0,
        0,
        1.333,
        1,
        2,
        5.967,
        1,
        2,
        6.1,
        1,
        0,
        6.233,
        0,
        2,
        9,
        0,
        2,
        9.5,
        0
      ]
    },
    {
      "Target": "Parameter",
      "Id": "Paramtkdx",
      "FadeInTime": -1.0,
      "FadeOutTime": -1.0,
      "Segments": [
        0,
        0,
        2,
        6.1,
        0,
        0,
        6.4,
        -1,
        2,
        6.7,
        -1,
        0,
        7.3,
        0,
        2,
        9,
        0,
        2,
        9.5,
        0
      ]
    },
    {
      "Target": "Parameter",
      "Id": "ParamMouthForm",
      "FadeInTime": -1.0,
      "FadeOutTime": -1.0,
      "Segments": [
        0,
        0,
        0,
        0.5,
        -1,
        0,
        1.933,
        0,
        2,
        2.833,
        0,
        0,
        3,
        1,
        2,
        5.967,
        1,
        1,
        6.111,
        1,
        6.256,
        1.003,
        6.4,
        0.945,
        1,
        6.489,
        0.909,
        6.578,
        -0.3,
        6.667,
        -0.3,
        1,
        7.445,
        -0.3,
        8.222,
        -0.236,
        9,
        0,
        1,
        9.167,
        0.051,
        9.333,
        0.5,
        9.5,
        0.5
      ]
    },
    {
      "Target": "Parameter",
      "Id": "ParamMouthOpenY",
      "FadeInTime": -1.0,
      "FadeOutTime": -1.0,
      "Segments": [
        0,
        0,
        0,
        0.5,
        1,
        0,
        1.933,
        0,
        2,
        2.833,
        0,
        0,
        3,
        1,
        0,
        4.833,
        0.8,
        0,
        5.667,
        1,
        0,
        6.5,
        0.8,
        0,
        7.3,
        1,
        0,
        9,
        0,
        2,
        9.5,
        0
      ]
    },
    {
      "Target": "Parameter",
      "Id": "Paramzuikb",
      "FadeInTime": -1.0,
      "FadeOutTime": -1.0,
      "Segments": [
        0,
        0,
        0,
        0.5,
        1,
        0,
        1.933,
        0,
        2,
        2.833,
        0,
        0,
        3,
        1,
        0,
        4.833,
        0.8,
        0,
        5.667,
        1,
        0,
        6.5,
        0.8,
        0,
        7.3,
        1,
        0,
        9,
        0,
        2,
        9.5,
        0
      ]
    },
    {
      "Target": "Parameter",
      "Id": "Paramzuistm",
      "FadeInTime": -1.0,
      "FadeOutTime": -1.0,
      "Segments": [
        0,
        0,
        2,
        0.5,
        0,
        0,
        0.533,
        1,
        2,
        8.833,
        1,
        0,
        8.867,
        0,
        2,
        9,
        0,
        2,
        9.5,
        0
      ]
    },
    {
      "Target": "Parameter",
      "Id": "Paramzuizidtm",
      "FadeInTime": -1.0,
      "FadeOutTime": -1.0,
      "Segments": [
        0,
        1,
        2,
        0.5,
        1,
        0,
        0.533,
        0,
        2,
        8.833,
        0,
        0,
        8.867,
        1,
        2,
        9,
        1,
        2,
        9.5,
        1
      ]
    },
    {
      "Target": "Parameter",
      "Id": "Paramdks",
      "FadeInTime": -1.0,
      "FadeOutTime": -1.0,
      "Segments": [
        0,
        0,
        2,
        1.933,
        0,
        2,
        3,
        0,
        0,
        3.367,
        1,
        0,
        4.833,
        0.8,
        0,
        5.667,
        1,
        1,
        5.945,
        1,
        6.222,
        0.939,
        6.5,
        0.8,
        1,
        6.511,
        0.794,
        6.522,
        0,
        6.533,
        0,
        2,
        9,
        0,
        2,
        9.5,
        0
      ]
    },
    {
      "Target": "Parameter",
      "Id": "Paramptp",
      "FadeInTime": -1.0,
      "FadeOutTime": -1.0,
      "Segments": [
        0,
        0,
        2,
        1.933,
        0,
        2,
        3,
        0,
        0,
        4,
        0.8,
        0,
        4.233,
        0.7,
        0,
        4.767,
        0.905,
        0,
        5.133,
        0.761,
        0,
        5.533,
        1,
        0,
        6,
        0.8,
        0,
        6.367,
        2,
        2,
        6.4,
        0,
        2,
        9,
        0,
        2,
        9.5,
        0
      ]
    },
    {
      "Target": "Parameter",
      "Id": "Paramdjj",
      "FadeInTime": -1.0,
      "FadeOutTime": -1.0,
      "Segments": [
        0,
        0,
        2,
        6.133,
        0,
        0,
        6.333,
        2,
        2,
        6.367,
        0,
        2,
        9,
        0,
        2,
        9.5,
        0
      ]
    },
    {
      "Target": "Parameter",
      "Id": "shuijiaozzz",
      "FadeInTime": -1.0,
      "FadeOutTime": -1.0,
      "Segments": [
        0,
        0,
        2,
        3,
        0,
        0,
        6.567,
        2,
        2,
        9.5,
        2
      ]
    },
    {
      "Target": "Parameter",
      "Id": "shuijiaozzztmd",
      "FadeInTime": -1.0,
      "FadeOutTime": -1.0,
      "Segments": [
        0,
        0,
        2,
        3,
        0,
        0,
        3.533,
        1,
        2,
        6.167,
        1,
        0,
        6.2,
        0,
        2,
        9.5,
        0
      ]
    },
    {
      "Target": "Parameter",
      "Id": "Paramdcx",
      "FadeInTime": -1.0,
      "FadeOutTime": -1.0,
      "Segments": [
        0,
        0,
        0,
        0.6,
        -0.4,
        0,
        2,
        0.2,
        1,
        2.333,
        0.2,
        2.667,
        -0.123,
        3,
        -0.6,
        1,
        3.056,
        -0.679,
        3.111,
        -0.673,
        3.167,
        -0.673,
        0,
        3.633,
        -0.633,
        0,
        4.167,
        -0.673,
        0,
        6.067,
        -0.6,
        0,
        6.267,
        -0.9,
        1,
        6.322,
        -0.9,
        6.378,
        -0.753,
        6.433,
        -0.1,
        1,
        6.478,
        0.422,
        6.522,
        1,
        6.567,
        1,
        0,
        7,
        -1,
        0,
        8.2,
        1,
        1,
        8.467,
        1,
        8.733,
        0.328,
        9,
        0,
        1,
        9.167,
        -0.205,
        9.333,
        -0.305,
        9.5,
        -0.354
      ]
    },
    {
      "Target": "Parameter",
      "Id": "Paramdcy",
      "FadeInTime": -1.0,
      "FadeOutTime": -1.0,
      "Segments": [
        0,
        -0.4,
        0,
        0.6,
        0,
        0,
        1.333,
        -0.4,
        0,
        2,
        0,
        1,
        2.189,
        0,
        2.378,
        -0.037,
        2.567,
        -0.139,
        1,
        2.622,
        -0.169,
        2.678,
        -0.224,
        2.733,
        -0.272,
        1,
        2.8,
        -0.33,
        2.866,
        -0.376,
        2.933,
        -0.457,
        1,
        2.966,
        -0.497,
        3,
        -0.623,
        3.033,
        -0.623,
        1,
        3.1,
        -0.623,
        3.166,
        -0.611,
        3.233,
        -0.602,
        1,
        3.311,
        -0.592,
        3.389,
        -0.587,
        3.467,
        -0.578,
        1,
        3.589,
        -0.565,
        3.711,
        -0.543,
        3.833,
        -0.536,
        1,
        4.044,
        -0.523,
        4.256,
        -0.512,
        4.467,
        -0.507,
        1,
        4.734,
        -0.5,
        5,
        -0.499,
        5.267,
        -0.499,
        1,
        5.534,
        -0.499,
        5.8,
        -0.502,
        6.067,
        -0.517,
        1,
        6.134,
        -0.521,
        6.2,
        -0.553,
        6.267,
        -0.6,
        1,
        6.322,
        -0.64,
        6.378,
        -1,
        6.433,
        -1,
        1,
        6.478,
        -1,
        6.522,
        -0.583,
        6.567,
        -0.5,
        1,
        6.711,
        -0.232,
        6.856,
        -0.173,
        7,
        -0.173,
        0,
        7.533,
        -0.702,
        0,
        8.233,
        -0.084,
        0,
        9,
        -0.4,
        1,
        9.167,
        -0.4,
        9.333,
        -0.285,
        9.5,
        -0.179
      ]
    },
    {
      "Target": "Parameter",
      "Id": "Paramdczuoyou",
      "FadeInTime": -1.0,
      "FadeOutTime": -1.0,
      "Segments": [
        0,
        0,
        0,
        0.6,
        -0.3,
        0,
        2,
        0.3,
        0,
        3,
        0,
        2,
        6.1,
        0,
        0,
        6.4,
        0.4,
        1,
        6.489,
        0.4,
        6.578,
        0.294,
        6.667,
        0,
        1,
        6.778,
        -0.367,
        6.889,
        -0.6,
        7,
        -0.6,
        0,
        8.2,
        0.5,
        1,
        8.467,
        0.5,
        8.733,
        0.221,
        9,
        0,
        1,
        9.167,
        -0.138,
        9.333,
        -0.214,
        9.5,
        -0.255
      ]
    },
    {
      "Target": "Parameter",
      "Id": "ParamBodyAngleX",
      "FadeInTime": -1.0,
      "FadeOutTime": -1.0,
      "Segments": [
        0,
        0,
        2,
        4,
        0,
        2,
        9,
        0,
        1,
        9.167,
        0,
        9.333,
        -0.234,
        9.5,
        -0.565
      ]
    },
    {
      "Target": "Parameter",
      "Id": "ParamBodyAngleY",
      "FadeInTime": -1.0,
      "FadeOutTime": -1.0,
      "Segments": [
        0,
        0,
        0,
        0.6,
        -4,
        0,
        1.333,
        0,
        2,
        4,
        0,
        2,
        6.167,
        0,
        0,
        6.5,
        -8,
        0,
        6.767,
        0,
        2,
        9,
        0,
        2,
        9.5,
        0
      ]
    },
    {
      "Target": "Parameter",
      "Id": "Parambdx",
      "FadeInTime": -1.0,
      "FadeOutTime": -1.0,
      "Segments": [
        0,
        0,
        2,
        4,
        0,
        2,
        9,
        0,
        1,
        9.167,
        0,
        9.333,
        -0.234,
        9.5,
        -0.565
      ]
    },
    {
      "Target": "Parameter",
      "Id": "Parambdy",
      "FadeInTime": -1.0,
      "FadeOutTime": -1.0,
      "Segments": [
        0,
        0,
        0,
        0.6,
        -4,
        0,
        1.333,
        0,
        2,
        4,
        0,
        2,
        6.167,
        0,
        0,
        6.5,
        -8,
        0,
        6.767,
        0,
        2,
        9,
        0,
        2,
        9.5,
        0
      ]
    },
    {
      "Target": "Parameter",
      "Id": "Parampigu",
      "FadeInTime": -1.0,
      "FadeOutTime": -1.0,
      "Segments": [
        0,
        0,
        2,
        4,
        0,
        2,
        9,
        0,
        1,
        9.167,
        0,
        9.333,
        0.606,
        9.5,
        1.46
      ]
    },
    {
      "Target": "Parameter",
      "Id": "ParamBreath",
      "FadeInTime": -1.0,
      "FadeOutTime": -1.0,
      "Segments": [
        0,
        0,
        2,
        4,
        0,
        2,
        9,
        0,
        1,
        9.167,
        0,
        9.333,
        0.055,
        9.5,
        0.139
      ]
    },
    {
      "Target": "Parameter",
      "Id": "Parampsr",
      "FadeInTime": -1.0,
      "FadeOutTime": -1.0,
      "Segments": [
        0,
        0,
        2,
        6.067,
        0,
        0,
        6.333,
        -1,
        0,
        6.667,
        1,
        0,
        7.133,
        -1,
        0,
        7.6,
        1,
        0,
        8.033,
        -1,
        0,
        8.3,
        0,
        2,
        9.5,
        0
      ]
    },
    {
      "Target": "Parameter",
      "Id": "ParamHairFront",
      "FadeInTime": -1.0,
      "FadeOutTime": -1.0,
      "Segments": [
        0,
        0,
        0,
        0.033,
        -0.003,
        0,
        0.333,
        0.169,
        0,
        0.733,
        -0.141,
        0,
        1.1,
        -0.005,
        0,
        1.4,
        -0.045,
        0,
        2.167,
        0.038,
        0,
        3.133,
        -0.023,
        0,
        3.433,
        -0.006,
        0,
        3.833,
        -0.018,
        2,
        3.867,
        -0.018,
        2,
        3.9,
        -0.018,
        0,
        4.133,
        -0.017,
        0,
        4.433,
        -0.018,
        2,
        4.467,
        -0.018,
        2,
        4.533,
        -0.018,
        2,
        4.667,
        -0.018,
        2,
        4.7,
        -0.018,
        0,
        4.933,
        -0.016,
        2,
        4.967,
        -0.016,
        0,
        6.3,
        0.467,
        0,
        6.567,
        -0.773,
        0,
        6.9,
        0.878,
        0,
        7.333,
        -0.683,
        0,
        7.8,
        0.83,
        0,
        8.233,
        -0.925,
        0,
        8.533,
        0.473,
        0,
        8.9,
        -0.164,
        0,
        9.2,
        0.028,
        1,
        9.3,
        0.028,
        9.4,
        -0.037,
        9.5,
        -0.05
      ]
    },
    {
      "Target": "Parameter",
      "Id": "Paramhfy",
      "FadeInTime": -1.0,
      "FadeOutTime": -1.0,
      "Segments": [
        0,
        0.011,
        0,
        0.033,
        0.014,
        0,
        0.233,
        -0.063,
        0,
        0.6,
        0.206,
        0,
        0.967,
        -0.127,
        0,
        1.267,
        0.012,
        0,
        1.633,
        -0.056,
        0,
        1.833,
        -0.032,
        2,
        1.867,
        -0.032,
        0,
        2.733,
        0.03,
        0,
        3.333,
        -0.018,
        0,
        3.633,
        -0.001,
        0,
        4.033,
        -0.016,
        0,
        4.267,
        -0.015,
        0,
        4.667,
        -0.018,
        2,
        4.7,
        -0.018,
        2,
        4.733,
        -0.018,
        2,
        4.8,
        -0.018,
        2,
        4.833,
        -0.018,
        2,
        4.9,
        -0.018,
        2,
        4.933,
        -0.018,
        2,
        4.967,
        -0.018,
        2,
        5,
        -0.018,
        0,
        5.067,
        -0.017,
        0,
        5.1,
        -0.018,
        0,
        5.167,
        -0.017,
        2,
        5.2,
        -0.017,
        2,
        5.233,
        -0.017,
        2,
        5.267,
        -0.017,
        0,
        6.1,
        -0.008,
        0,
        6.233,
        -0.245,
        0,
        6.5,
        0.78,
        0,
        6.767,
        -1,
        2,
        6.8,
        -1,
        0,
        7.067,
        1,
        2,
        7.1,
        1,
        0,
        7.6,
        -0.741,
        0,
        8.067,
        0.957,
        0,
        8.4,
        -1,
        2,
        8.433,
        -1,
        0,
        8.733,
        0.532,
        0,
        9.1,
        -0.213,
        0,
        9.4,
        0.066,
        1,
        9.433,
        0.066,
        9.467,
        0.056,
        9.5,
        0.042
      ]
    },
    {
      "Target": "Parameter",
      "Id": "Param",
      "FadeInTime": -1.0,
      "FadeOutTime": -1.0,
      "Segments": [
        0,
        0.736,
        1,
        0.2,
        0.736,
        0.4,
        0.438,
        0.6,
        0.003,
        1,
        0.844,
        -0.529,
        1.089,
        -0.73,
        1.333,
        -0.73,
        1,
        1.555,
        -0.73,
        1.778,
        -0.374,
        2,
        0.002,
        1,
        2.333,
        0.566,
        2.667,
        0.736,
        3,
        0.736,
        0,
        4.6,
        0,
        0,
        6.067,
        0.5,
        1,
        6.134,
        0.5,
        6.2,
        0.453,
        6.267,
        0.002,
        1,
        6.322,
        -0.374,
        6.378,
        -1,
        6.433,
        -1,
        1,
        6.478,
        -1,
        6.522,
        -0.512,
        6.567,
        0,
        1,
        6.634,
        0.768,
        6.7,
        1,
        6.767,
        1,
        1,
        6.845,
        1,
        6.922,
        0.272,
        7,
        0.003,
        1,
        7.178,
        -0.612,
        7.355,
        -0.73,
        7.533,
        -0.73,
        1,
        7.755,
        -0.73,
        7.978,
        -0.439,
        8.2,
        0.002,
        1,
        8.467,
        0.53,
        8.733,
        0.736,
        9,
        0.736,
        1,
        9.167,
        0.736,
        9.333,
        0.654,
        9.5,
        0.508
      ]
    },
    {
      "Target": "Parameter",
      "Id": "Param2",
      "FadeInTime": -1.0,
      "FadeOutTime": -1.0,
      "Segments": [
        0,
        0.002,
        0,
        0.6,
        0.736,
        1,
        0.844,
        0.736,
        1.089,
        0.512,
        1.333,
        0.002,
        1,
        1.555,
        -0.463,
        1.778,
        -0.73,
        2,
        -0.73,
        0,
        3,
        0.002,
        0,
        4.6,
        0,
        2,
        6.067,
        0,
        0,
        6.267,
        0.522,
        1,
        6.322,
        0.522,
        6.378,
        0.467,
        6.433,
        0,
        1,
        6.478,
        -0.374,
        6.522,
        -1,
        6.567,
        -1,
        1,
        6.634,
        -1,
        6.7,
        -0.506,
        6.767,
        0,
        1,
        6.845,
        0.591,
        6.922,
        0.736,
        7,
        0.736,
        1,
        7.178,
        0.736,
        7.355,
        0.43,
        7.533,
        0.002,
        1,
        7.755,
        -0.534,
        7.978,
        -0.73,
        8.2,
        -0.73,
        1,
        8.467,
        -0.73,
        8.733,
        -0.447,
        9,
        0.002,
        1,
        9.167,
        0.282,
        9.333,
        0.473,
        9.5,
        0.589
      ]
    },
    {
      "Target": "Parameter",
      "Id": "ParamHairBack",
      "FadeInTime": -1.0,
      "FadeOutTime": -1.0,
      "Segments": [
        0,
        0,
        0,
        0.6,
        -0.494,
        1,
        0.844,
        -0.494,
        1.089,
        -0.348,
        1.333,
        0,
        1,
        1.555,
        0.316,
        1.778,
        0.505,
        2,
        0.505,
        0,
        3,
        0,
        0,
        6.067,
        0.002,
        0,
        6.267,
        -1,
        1,
        6.322,
        -1,
        6.378,
        -0.731,
        6.433,
        0,
        1,
        6.478,
        0.585,
        6.522,
        1,
        6.567,
        1,
        0,
        7,
        -0.494,
        1,
        7.178,
        -0.494,
        7.355,
        -0.293,
        7.533,
        0,
        1,
        7.755,
        0.366,
        7.978,
        0.505,
        8.2,
        0.505,
        1,
        8.467,
        0.505,
        8.733,
        0.305,
        9,
        0,
        1,
        9.167,
        -0.191,
        9.333,
        -0.319,
        9.5,
        -0.397
      ]
    },
    {
      "Target": "Parameter",
      "Id": "Paramhoufay",
      "FadeInTime": -1.0,
      "FadeOutTime": -1.0,
      "Segments": [
        0,
        0.518,
        1,
        0.2,
        0.518,
        0.4,
        0.304,
        0.6,
        0,
        1,
        0.844,
        -0.372,
        1.089,
        -0.508,
        1.333,
        -0.508,
        1,
        1.555,
        -0.508,
        1.778,
        -0.156,
        2,
        0,
        1,
        2.333,
        0.234,
        2.667,
        0.516,
        3,
        0.518,
        1,
        4.022,
        0.522,
        5.045,
        0.522,
        6.067,
        0.522,
        1,
        6.134,
        0.522,
        6.2,
        0.467,
        6.267,
        0,
        1,
        6.322,
        -0.389,
        6.378,
        -1,
        6.433,
        -1,
        0,
        6.567,
        0,
        2,
        7,
        0,
        0,
        7.533,
        -0.508,
        1,
        7.755,
        -0.508,
        7.978,
        -0.309,
        8.2,
        0,
        1,
        8.467,
        0.37,
        8.733,
        0.518,
        9,
        0.518,
        1,
        9.167,
        0.518,
        9.333,
        0.458,
        9.5,
        0.356
      ]
    },
    {
      "Target": "Parameter",
      "Id": "Paramhoufabx",
      "FadeInTime": -1.0,
      "FadeOutTime": -1.0,
      "Segments": [
        0,
        0,
        0,
        0.6,
        -0.494,
        1,
        0.844,
        -0.494,
        1.089,
        -0.348,
        1.333,
        0,
        1,
        1.555,
        0.316,
        1.778,
        0.505,
        2,
        0.505,
        1,
        2.333,
        0.505,
        2.667,
        0.081,
        3,
        0,
        1,
        4.022,
        -0.249,
        5.045,
        -0.3,
        6.067,
        -0.3,
        0,
        6.267,
        1,
        0,
        6.433,
        -0.6,
        0,
        6.567,
        1,
        0,
        7,
        -0.494,
        1,
        7.178,
        -0.494,
        7.355,
        -0.293,
        7.533,
        0,
        1,
        7.755,
        0.366,
        7.978,
        0.505,
        8.2,
        0.505,
        1,
        8.467,
        0.505,
        8.733,
        0.305,
        9,
        0,
        1,
        9.167,
        -0.191,
        9.333,
        -0.319,
        9.5,
        -0.397
      ]
    },
    {
      "Target": "Parameter",
      "Id": "Paramdcfx",
      "FadeInTime": -1.0,
      "FadeOutTime": -1.0,
      "Segments": [
        0,
        0.522,
        1,
        0.2,
        0.522,
        0.4,
        0.31,
        0.6,
        0.002,
        1,
        0.844,
        -0.375,
        1.089,
        -0.517,
        1.333,
        -0.517,
        1,
        1.555,
        -0.517,
        1.778,
        -0.265,
        2,
        0.002,
        1,
        2.333,
        0.402,
        2.667,
        0.522,
        3,
        0.522,
        0,
        4.6,
        0,
        0,
        6.067,
        0.5,
        1,
        6.134,
        0.5,
        6.2,
        0.453,
        6.267,
        0.002,
        1,
        6.322,
        -0.374,
        6.378,
        -1,
        6.433,
        -1,
        1,
        6.478,
        -1,
        6.522,
        -0.512,
        6.567,
        0,
        1,
        6.634,
        0.768,
        6.7,
        1,
        6.767,
        1,
        1,
        6.845,
        1,
        6.922,
        0.199,
        7,
        0.002,
        1,
        7.178,
        -0.449,
        7.355,
        -0.517,
        7.533,
        -0.517,
        1,
        7.755,
        -0.517,
        7.978,
        -0.31,
        8.2,
        0.002,
        1,
        8.467,
        0.377,
        8.733,
        0.522,
        9,
        0.522,
        1,
        9.167,
        0.522,
        9.333,
        0.463,
        9.5,
        0.36
      ]
    },
    {
      "Target": "Parameter",
      "Id": "Paramdcfy",
      "FadeInTime": -1.0,
      "FadeOutTime": -1.0,
      "Segments": [
        0,
        0.002,
        0,
        0.6,
        0.522,
        1,
        0.844,
        0.522,
        1.089,
        0.364,
        1.333,
        0.002,
        1,
        1.555,
        -0.327,
        1.778,
        -0.517,
        2,
        -0.517,
        0,
        3,
        0.002,
        0,
        4.6,
        0,
        2,
        6.067,
        0,
        0,
        6.267,
        0.522,
        1,
        6.322,
        0.522,
        6.378,
        0.467,
        6.433,
        0,
        1,
        6.478,
        -0.374,
        6.522,
        -1,
        6.567,
        -1,
        1,
        6.634,
        -1,
        6.7,
        -0.4,
        6.767,
        0,
        1,
        6.845,
        0.466,
        6.922,
        0.522,
        7,
        0.522,
        1,
        7.178,
        0.522,
        7.355,
        0.306,
        7.533,
        0.002,
        1,
        7.755,
        -0.378,
        7.978,
        -0.517,
        8.2,
        -0.517,
        1,
        8.467,
        -0.517,
        8.733,
        -0.316,
        9,
        0.002,
        1,
        9.167,
        0.201,
        9.333,
        0.336,
        9.5,
        0.418
      ]
    },
    {
      "Target": "Parameter",
      "Id": "Param_Angle_Rotation_2_ArtMesh73",
      "FadeInTime": -1.0,
      "FadeOutTime": -1.0,
      "Segments": [
        0,
        0,
        2,
        0.033,
        0,
        0,
        0.367,
        4.039,
        0,
        0.8,
        -2.399,
        0,
        1.167,
        -0.863,
        0,
        1.4,
        -1.144,
        0,
        2.3,
        1.091,
        0,
        3.167,
        -0.438,
        0,
        3.433,
        -0.273,
        0,
        4.433,
        -0.586,
        0,
        4.467,
        -0.585,
        0,
        4.533,
        -0.59,
        0,
        4.567,
        -0.588,
        0,
        4.633,
        -0.59,
        0,
        4.667,
        -0.586,
        0,
        4.7,
        -0.589,
        0,
        6.3,
        10.134,
        0,
        6.6,
        -14.545,
        0,
        6.9,
        16.135,
        0,
        7.4,
        -14.687,
        0,
        7.867,
        17.7,
        0,
        8.267,
        -17.204,
        0,
        8.567,
        5.795,
        0,
        8.967,
        -1.426,
        0,
        9.2,
        -0.558,
        1,
        9.3,
        -0.558,
        9.4,
        -0.939,
        9.5,
        -1.015
      ]
    },
    {
      "Target": "Parameter",
      "Id": "Param_Angle_Rotation_3_ArtMesh73",
      "FadeInTime": -1.0,
      "FadeOutTime": -1.0,
      "Segments": [
        0,
        0,
        2,
        0.033,
        0,
        0,
        0.233,
        -1.854,
        0,
        0.633,
        2.945,
        0,
        0.967,
        -1.958,
        0,
        1.333,
        0.76,
        0,
        1.7,
        -0.476,
        0,
        1.9,
        -0.292,
        0,
        1.933,
        -0.294,
        0,
        2.133,
        -0.161,
        0,
        2.167,
        -0.174,
        0,
        2.5,
        0.204,
        0,
        2.767,
        0.11,
        0,
        3.067,
        0.247,
        0,
        3.333,
        -0.225,
        0,
        3.7,
        0.141,
        0,
        4.067,
        -0.036,
        0,
        4.367,
        0.013,
        0,
        4.4,
        0.012,
        0,
        4.433,
        0.018,
        0,
        4.667,
        -0.006,
        0,
        4.8,
        0.018,
        0,
        5.2,
        -0.026,
        0,
        5.233,
        -0.022,
        0,
        5.267,
        -0.025,
        0,
        5.333,
        -0.023,
        0,
        5.367,
        -0.025,
        0,
        5.433,
        -0.023,
        0,
        5.467,
        -0.026,
        0,
        5.5,
        -0.022,
        0,
        5.567,
        -0.028,
        0,
        5.6,
        -0.025,
        0,
        5.733,
        -0.032,
        0,
        5.767,
        -0.03,
        0,
        5.833,
        -0.035,
        0,
        5.867,
        -0.034,
        0,
        6,
        -0.039,
        0,
        6.033,
        -0.038,
        0,
        6.267,
        -6.042,
        0,
        6.5,
        14.03,
        0,
        6.8,
        -18.735,
        0,
        7.1,
        15.677,
        0,
        7.667,
        -12.717,
        0,
        8.133,
        16.981,
        0,
        8.433,
        -18.617,
        0,
        8.8,
        9.024,
        0,
        9.133,
        -3.255,
        0,
        9.5,
        0.985
      ]
    },
    {
      "Target": "Parameter",
      "Id": "Param_Angle_Rotation_4_ArtMesh73",
      "FadeInTime": -1.0,
      "FadeOutTime": -1.0,
      "Segments": [
        0,
        0,
        2,
        0.1,
        0,
        0,
        0.367,
        -1.65,
        0,
        0.733,
        3.424,
        0,
        1.133,
        -2.691,
        0,
        1.5,
        1.355,
        0,
        1.867,
        -0.851,
        0,
        2.267,
        0.06,
        0,
        2.333,
        0.056,
        0,
        2.667,
        0.207,
        0,
        2.933,
        0.121,
        0,
        3.133,
        0.205,
        0,
        3.5,
        -0.255,
        0,
        3.867,
        0.201,
        0,
        4.233,
        -0.082,
        0,
        4.6,
        0.034,
        0,
        4.833,
        -0.047,
        0,
        5.1,
        0,
        0,
        5.467,
        -0.03,
        2,
        5.5,
        -0.03,
        0,
        5.7,
        -0.027,
        0,
        6.367,
        -4.474,
        0,
        6.633,
        12.771,
        0,
        6.933,
        -19.03,
        0,
        7.3,
        19.367,
        0,
        7.733,
        -17.409,
        0,
        8.2,
        20.648,
        0,
        8.567,
        -21.294,
        0,
        8.933,
        13.387,
        0,
        9.3,
        -6.121,
        1,
        9.367,
        -6.121,
        9.433,
        -3.61,
        9.5,
        -1.327
      ]
    },
    {
      "Target": "Parameter",
      "Id": "Param_Angle_Rotation_5_ArtMesh73",
      "FadeInTime": -1.0,
      "FadeOutTime": -1.0,
      "Segments": [
        0,
        0,
        2,
        0.167,
        0,
        0,
        0.467,
        -1.643,
        0,
        0.867,
        3.919,
        0,
        1.267,
        -3.618,
        0,
        1.633,
        2.191,
        0,
        2,
        -1.458,
        0,
        2.4,
        0.401,
        0,
        3,
        0.112,
        0,
        3.233,
        0.184,
        0,
        3.633,
        -0.292,
        0,
        4,
        0.273,
        0,
        4.367,
        -0.144,
        0,
        4.733,
        0.081,
        0,
        5.067,
        -0.047,
        0,
        5.333,
        -0.006,
        0,
        5.7,
        -0.034,
        0,
        5.933,
        -0.03,
        0,
        6.467,
        -3.657,
        0,
        6.767,
        11.878,
        0,
        7.067,
        -20.024,
        0,
        7.433,
        23.776,
        0,
        7.833,
        -23.235,
        0,
        8.3,
        25.553,
        0,
        8.7,
        -26.179,
        0,
        9.1,
        18.786,
        0,
        9.467,
        -10.263,
        1,
        9.478,
        -10.263,
        9.489,
        -10.14,
        9.5,
        -9.917
      ]
    },
    {
      "Target": "Parameter",
      "Id": "Param_Angle_Rotation_6_ArtMesh73",
      "FadeInTime": -1.0,
      "FadeOutTime": -1.0,
      "Segments": [
        0,
        0,
        2,
        0.267,
        0,
        0,
        0.567,
        -1.709,
        0,
        1,
        4.429,
        0,
        1.4,
        -4.696,
        0,
        1.767,
        3.286,
        0,
        2.167,
        -2.264,
        0,
        2.533,
        0.826,
        0,
        2.967,
        -0.012,
        0,
        3.333,
        0.203,
        0,
        3.733,
        -0.338,
        0,
        4.133,
        0.359,
        0,
        4.533,
        -0.229,
        0,
        4.9,
        0.125,
        0,
        5.233,
        -0.073,
        0,
        5.567,
        -0.001,
        0,
        5.933,
        -0.04,
        0,
        6.133,
        -0.034,
        0,
        6.533,
        -3.21,
        0,
        6.867,
        11.426,
        0,
        7.2,
        -21.187,
        0,
        7.567,
        28.294,
        0,
        7.967,
        -30.227,
        0,
        8.4,
        31.885,
        0,
        8.833,
        -32.067,
        0,
        9.233,
        25.155,
        1,
        9.322,
        25.155,
        9.411,
        3.59,
        9.5,
        -8.172
      ]
    },
    {
      "Target": "Parameter",
      "Id": "Param_Angle_Rotation_7_ArtMesh73",
      "FadeInTime": -1.0,
      "FadeOutTime": -1.0,
      "Segments": [
        0,
        0,
        2,
        0.367,
        0,
        0,
        0.667,
        -1.93,
        0,
        1.1,
        5.078,
        0,
        1.5,
        -5.996,
        0,
        1.9,
        4.705,
        0,
        2.3,
        -3.44,
        0,
        2.7,
        1.743,
        0,
        3.1,
        -0.389,
        0,
        3.467,
        0.316,
        0,
        3.867,
        -0.421,
        0,
        4.267,
        0.467,
        0,
        4.667,
        -0.341,
        0,
        5.033,
        0.226,
        0,
        5.4,
        -0.128,
        0,
        5.733,
        0.018,
        0,
        6.1,
        -0.051,
        0,
        6.2,
        -0.049,
        0,
        6.633,
        -3.015,
        0,
        7,
        11.525,
        0,
        7.333,
        -22.495,
        0,
        7.667,
        32.418,
        0,
        8.067,
        -37.32,
        0,
        8.5,
        38.609,
        0,
        8.933,
        -38.512,
        0,
        9.333,
        31.968,
        1,
        9.389,
        31.968,
        9.444,
        22.581,
        9.5,
        11.629
      ]
    },
    {
      "Target": "Model",
      "Id": "Opacity",
      "FadeInTime": -1.0,
      "FadeOutTime": -1.0,
      "Segments": [
        0,
        1,
        0,
        9.5,
        1
      ]
    },
    {
      "Target": "Parameter",
      "Id": "Param20",
      "FadeInTime": -1.0,
      "FadeOutTime": -1.0,
      "Segments": [
        0,
        0,
        0,
        9.5,
        0
      ]
    },
    {
      "Target": "Parameter",
      "Id": "Paramyoushouts",
      "FadeInTime": -1.0,
      "FadeOutTime": -1.0,
      "Segments": [
        0,
        0,
        0,
        9.5,
        0
      ]
    },
    {
      "Target": "Parameter",
      "Id": "Paramyouzhangqie",
      "FadeInTime": -1.0,
      "FadeOutTime": -1.0,
      "Segments": [
        0,
        0,
        0,
        9.5,
        0
      ]
    },
    {
      "Target": "Parameter",
      "Id": "Paramyouzhi1",
      "FadeInTime": -1.0,
      "FadeOutTime": -1.0,
      "Segments": [
        0,
        1,
        0,
        9.5,
        1
      ]
    },
    {
      "Target": "Parameter",
      "Id": "Paramshutc",
      "FadeInTime": -1.0,
      "FadeOutTime": -1.0,
      "Segments": [
        0,
        0,
        0,
        9.5,
        0
      ]
    },
    {
      "Target": "Parameter",
      "Id": "Paramshutm",
      "FadeInTime": -1.0,
      "FadeOutTime": -1.0,
      "Segments": [
        0,
        1,
        0,
        9.5,
        1
      ]
    },
    {
      "Target": "Parameter",
      "Id": "Paramshux",
      "FadeInTime": -1.0,
      "FadeOutTime": -1.0,
      "Segments": [
        0,
        0,
        0,
        9.5,
        0
      ]
    },
    {
      "Target": "Parameter",
      "Id": "Paramshuy",
      "FadeInTime": -1.0,
      "FadeOutTime": -1.0,
      "Segments": [
        0,
        0,
        0,
        9.5,
        0
      ]
    },
    {
      "Target": "Parameter",
      "Id": "Paramshuxz",
      "FadeInTime": -1.0,
      "FadeOutTime": -1.0,
      "Segments": [
        0,
        0,
        0,
        9.5,
        0
      ]
    },
    {
      "Target": "Parameter",
      "Id": "Paramxinftm",
      "FadeInTime": -1.0,
      "FadeOutTime": -1.0,
      "Segments": [
        0,
        0,
        0,
        9.5,
        0
      ]
    },
    {
      "Target": "Parameter",
      "Id": "Paramxinfxz",
      "FadeInTime": -1.0,
      "FadeOutTime": -1.0,
      "Segments": [
        0,
        0,
        0,
        9.5,
        0
      ]
    },
    {
      "Target": "Parameter",
      "Id": "xiaoyanwu1",
      "FadeInTime": -1.0,
      "FadeOutTime": -1.0,
      "Segments": [
        0,
        0,
        0,
        9.5,
        0
      ]
    },
    {
      "Target": "Parameter",
      "Id": "Paramwuzitm",
      "FadeInTime": -1.0,
      "FadeOutTime": -1.0,
      "Segments": [
        0,
        0,
        0,
        9.5,
        0
      ]
    },
    {
      "Target": "Parameter",
      "Id": "Paramaixintm",
      "FadeInTime": -1.0,
      "FadeOutTime": -1.0,
      "Segments": [
        0,
        0,
        0,
        9.5,
        0
      ]
    },
    {
      "Target": "Parameter",
      "Id": "Paramaixin",
      "FadeInTime": -1.0,
      "FadeOutTime": -1.0,
      "Segments": [
        0,
        0,
        0,
        9.5,
        0
      ]
    },
    {
      "Target": "Parameter",
      "Id": "Paramxiongdai1",
      "FadeInTime": -1.0,
      "FadeOutTime": -1.0,
      "Segments": [
        0,
        0,
        0,
        9.5,
        0
      ]
    },
    {
      "Target": "Parameter",
      "Id": "Param28",
      "FadeInTime": -1.0,
      "FadeOutTime": -1.0,
      "Segments": [
        0,
        0,
        0,
        9.5,
        0
      ]
    },
    {
      "Target": "Parameter",
      "Id": "Paramzuoshoutc",
      "FadeInTime": -1.0,
      "FadeOutTime": -1.0,
      "Segments": [
        0,
        0,
        0,
        9.5,
        0
      ]
    },
    {
      "Target": "Parameter",
      "Id": "Paramzuoxiabqie",
      "FadeInTime": -1.0,
      "FadeOutTime": -1.0,
      "Segments": [
        0,
        0,
        0,
        9.5,
        0
      ]
    },
    {
      "Target": "Parameter",
      "Id": "ParamRrr",
      "FadeInTime": -1.0,
      "FadeOutTime": -1.0,
      "Segments": [
        0,
        0,
        0,
        9.5,
        0
      ]
    },
    {
      "Target": "Parameter",
      "Id": "ParamEyeLSmile",
      "FadeInTime": -1.0,
      "FadeOutTime": -1.0,
      "Segments": [
        0,
        0,
        0,
        9.5,
        0
      ]
    },
    {
      "Target": "Parameter",
      "Id": "ParamEyeRSmile",
      "FadeInTime": -1.0,
      "FadeOutTime": -1.0,
      "Segments": [
        0,
        0,
        0,
        9.5,
        0
      ]
    },
    {
      "Target": "Parameter",
      "Id": "Parameyeqq",
      "FadeInTime": -1.0,
      "FadeOutTime": -1.0,
      "Segments": [
        0,
        0,
        0,
        9.5,
        0
      ]
    },
    {
      "Target": "Parameter",
      "Id": "Parameyeshizi",
      "FadeInTime": -1.0,
      "FadeOutTime": -1.0,
      "Segments": [
        0,
        0,
        0,
        9.5,
        0
      ]
    },
    {
      "Target": "Parameter",
      "Id": "Paramurrrr",
      "FadeInTime": -1.0,
      "FadeOutTime": -1.0,
      "Segments": [
        0,
        0,
        0,
        9.5,
        0
      ]
    },
    {
      "Target": "Parameter",
      "Id": "Parameyeliqie",
      "FadeInTime": -1.0,
      "FadeOutTime": -1.0,
      "Segments": [
        0,
        0,
        0,
        9.5,
        0
      ]
    },
    {
      "Target": "Parameter",
      "Id": "ParamBrowLX",
      "FadeInTime": -1.0,
      "FadeOutTime": -1.0,
      "Segments": [
        0,
        0,
        0,
        9.5,
        0
      ]
    },
    {
      "Target": "Parameter",
      "Id": "ParamBrowLY",
      "FadeInTime": -1.0,
      "FadeOutTime": -1.0,
      "Segments": [
        0,
        0,
        0,
        9.5,
        0
      ]
    },
    {
      "Target": "Parameter",
      "Id": "ParamBrowRX",
      "FadeInTime": -1.0,
      "FadeOutTime": -1.0,
      "Segments": [
        0,
        0,
        0,
        9.5,
        0
      ]
    },
    {
      "Target": "Parameter",
      "Id": "ParamBrowRY",
      "FadeInTime": -1.0,
      "FadeOutTime": -1.0,
      "Segments": [
        0,
        0,
        0,
        9.5,
        0
      ]
    },
    {
      "Target": "Parameter",
      "Id": "ParamBrowLAngle",
      "FadeInTime": -1.0,
      "FadeOutTime": -1.0,
      "Segments": [
        0,
        0,
        0,
        9.5,
        0
      ]
    },
    {
      "Target": "Parameter",
      "Id": "ParamBrowRAngle",
      "FadeInTime": -1.0,
      "FadeOutTime": -1.0,
      "Segments": [
        0,
        0,
        0,
        9.5,
        0
      ]
    },
    {
      "Target": "Parameter",
      "Id": "ParamBrowLForm",
      "FadeInTime": -1.0,
      "FadeOutTime": -1.0,
      "Segments": [
        0,
        0,
        0,
        9.5,
        0
      ]
    },
    {
      "Target": "Parameter",
      "Id": "ParamBrowRForm",
      "FadeInTime": -1.0,
      "FadeOutTime": -1.0,
      "Segments": [
        0,
        0,
        0,
        9.5,
        0
      ]
    },
    {
      "Target": "Parameter",
      "Id": "ParamCheek",
      "FadeInTime": -1.0,
      "FadeOutTime": -1.0,
      "Segments": [
        0,
        0,
        0,
        9.5,
        0
      ]
    },
    {
      "Target": "Parameter",
      "Id": "Parammaoqitm",
      "FadeInTime": -1.0,
      "FadeOutTime": -1.0,
      "Segments": [
        0,
        0,
        0,
        9.5,
        0
      ]
    },
    {
      "Target": "Parameter",
      "Id": "Paramgl",
      "FadeInTime": -1.0,
      "FadeOutTime": -1.0,
      "Segments": [
        0,
        0,
        0,
        9.5,
        0
      ]
    },
    {
      "Target": "Parameter",
      "Id": "Paramqi1",
      "FadeInTime": -1.0,
      "FadeOutTime": -1.0,
      "Segments": [
        0,
        0,
        0,
        9.5,
        0
      ]
    },
    {
      "Target": "Parameter",
      "Id": "Paramqi2",
      "FadeInTime": -1.0,
      "FadeOutTime": -1.0,
      "Segments": [
        0,
        0,
        0,
        9.5,
        0
      ]
    },
    {
      "Target": "Parameter",
      "Id": "Paramqi3",
      "FadeInTime": -1.0,
      "FadeOutTime": -1.0,
      "Segments": [
        0,
        0,
        0,
        9.5,
        0
      ]
    },
    {
      "Target": "Parameter",
      "Id": "Paramqi4",
      "FadeInTime": -1.0,
      "FadeOutTime": -1.0,
      "Segments": [
        0,
        0,
        0,
        9.5,
        0
      ]
    },
    {
      "Target": "Parameter",
      "Id": "Paramshetou",
      "FadeInTime": -1.0,
      "FadeOutTime": -1.0,
      "Segments": [
        0,
        0,
        0,
        9.5,
        0
      ]
    },
    {
      "Target": "Parameter",
      "Id": "Paramquan",
      "FadeInTime": -1.0,
      "FadeOutTime": -1.0,
      "Segments": [
        0,
        0,
        0,
        9.5,
        0
      ]
    },
    {
      "Target": "Parameter",
      "Id": "Paramquantm",
      "FadeInTime": -1.0,
      "FadeOutTime": -1.0,
      "Segments": [
        0,
        0,
        0,
        9.5,
        0
      ]
    },
    {
      "Target": "Parameter",
      "Id": "Paramtouxingx",
      "FadeInTime": -1.0,
      "FadeOutTime": -1.0,
      "Segments": [
        0,
        0,
        0,
        9.5,
        0
      ]
    },
    {
      "Target": "Parameter",
      "Id": "Paramtxtm",
      "FadeInTime": -1.0,
      "FadeOutTime": -1.0,
      "Segments": [
        0,
        0,
        0,
        9.5,
        0
      ]
    },
    {
      "Target": "Parameter",
      "Id": "koushuishangxia",
      "FadeInTime": -1.0,
      "FadeOutTime": -1.0,
      "Segments": [
        0,
        0,
        0,
        9.5,
        0
      ]
    },
    {
      "Target": "Parameter",
      "Id": "koushuizuoyou",
      "FadeInTime": -1.0,
      "FadeOutTime": -1.0,
      "Segments": [
        0,
        0,
        0,
        9.5,
        0
      ]
    },
    {
      "Target": "Parameter",
      "Id": "koushuijiaodu",
      "FadeInTime": -1.0,
      "FadeOutTime": -1.0,
      "Segments": [
        0,
        0,
        0,
        9.5,
        0
      ]
    },
    {
      "Target": "Parameter",
      "Id": "koushuiyaobai",
      "FadeInTime": -1.0,
      "FadeOutTime": -1.0,
      "Segments": [
        0,
        0,
        0,
        9.5,
        0
      ]
    },
    {
      "Target": "Parameter",
      "Id": "koushuichangduan",
      "FadeInTime": -1.0,
      "FadeOutTime": -1.0,
      "Segments": [
        0,
        0,
        0,
        9.5,
        0
      ]
    },
    {
      "Target": "Parameter",
      "Id": "Paramkoushuiyasuo",
      "FadeInTime": -1.0,
      "FadeOutTime": -1.0,
      "Segments": [
        0,
        0,
        0,
        9.5,
        0
      ]
    },
    {
      "Target": "Parameter",
      "Id": "ParamBodyAngleZ",
      "FadeInTime": -1.0,
      "FadeOutTime": -1.0,
      "Segments": [
        0,
        0,
        0,
        9.5,
        0
      ]
    },
    {
      "Target": "Parameter",
      "Id": "ParamHairSide",
      "FadeInTime": -1.0,
      "FadeOutTime": -1.0,
      "Segments": [
        0,
        0,
        0,
        9.5,
        0
      ]
    },
    {
      "Target": "PartOpacity",
      "Id": "Part",
      "FadeInTime": -1.0,
      "FadeOutTime": -1.0,
      "Segments": [
        0,
        1,
        0,
        9.5,
        1
      ]
    },
    {
      "Target": "PartOpacity",
      "Id": "Part2",
      "FadeInTime": -1.0,
      "FadeOutTime": -1.0,
      "Segments": [
        0,
        1,
        0,
        9.5,
        1
      ]
    },
    {
      "Target": "PartOpacity",
      "Id": "Part3",
      "FadeInTime": -1.0,
      "FadeOutTime": -1.0,
      "Segments": [
        0,
        1,
        0,
        9.5,
        1
      ]
    },
    {
      "Target": "PartOpacity",
      "Id": "dc",
      "FadeInTime": -1.0,
      "FadeOutTime": -1.0,
      "Segments": [
        0,
        1,
        0,
        9.5,
        1
      ]
    },
    {
      "Target": "PartOpacity",
      "Id": "Part4",
      "FadeInTime": -1.0,
      "FadeOutTime": -1.0,
      "Segments": [
        0,
        1,
        0,
        9.5,
        1
      ]
    },
    {
      "Target": "PartOpacity",
      "Id": "Part5",
      "FadeInTime": -1.0,
      "FadeOutTime": -1.0,
      "Segments": [
        0,
        1,
        0,
        9.5,
        1
      ]
    },
    {
      "Target": "PartOpacity",
      "Id": "Part6",
      "FadeInTime": -1.0,
      "FadeOutTime": -1.0,
      "Segments": [
        0,
        1,
        0,
        9.5,
        1
      ]
    },
    {
      "Target": "PartOpacity",
      "Id": "Part7",
      "FadeInTime": -1.0,
      "FadeOutTime": -1.0,
      "Segments": [
        0,
        1,
        0,
        9.5,
        1
      ]
    },
    {
      "Target": "PartOpacity",
      "Id": "Part8",
      "FadeInTime": -1.0,
      "FadeOutTime": -1.0,
      "Segments": [
        0,
        1,
        0,
        9.5,
        1
      ]
    },
    {
      "Target": "PartOpacity",
      "Id": "Part9",
      "FadeInTime": -1.0,
      "FadeOutTime": -1.0,
      "Segments": [
        0,
        1,
        0,
        9.5,
        1
      ]
    },
    {
      "Target": "PartOpacity",
      "Id": "Part10",
      "FadeInTime": -1.0,
      "FadeOutTime": -1.0,
      "Segments": [
        0,
        1,
        0,
        9.5,
        1
      ]
    },
    {
      "Target": "PartOpacity",
      "Id": "Part11",
      "FadeInTime": -1.0,
      "FadeOutTime": -1.0,
      "Segments": [
        0,
        1,
        0,
        9.5,
        1
      ]
    },
    {
      "Target": "PartOpacity",
      "Id": "Part12",
      "FadeInTime": -1.0,
      "FadeOutTime": -1.0,
      "Segments": [
        0,
        1,
        0,
        9.5,
        1
      ]
    },
    {
      "Target": "PartOpacity",
      "Id": "Part13",
      "FadeInTime": -1.0,
      "FadeOutTime": -1.0,
      "Segments": [
        0,
        1,
        0,
        9.5,
        1
      ]
    },
    {
      "Target": "PartOpacity",
      "Id": "Part14",
      "FadeInTime": -1.0,
      "FadeOutTime": -1.0,
      "Segments": [
        0,
        1,
        0,
        9.5,
        1
      ]
    },
    {
      "Target": "PartOpacity",
      "Id": "Part15",
      "FadeInTime": -1.0,
      "FadeOutTime": -1.0,
      "Segments": [
        0,
        1,
        0,
        9.5,
        1
      ]
    },
    {
      "Target": "PartOpacity",
      "Id": "Part16",
      "FadeInTime": -1.0,
      "FadeOutTime": -1.0,
      "Segments": [
        0,
        1,
        0,
        9.5,
        1
      ]
    },
    {
      "Target": "PartOpacity",
      "Id": "Part17",
      "FadeInTime": -1.0,
      "FadeOutTime": -1.0,
      "Segments": [
        0,
        1,
        0,
        9.5,
        1
      ]
    },
    {
      "Target": "PartOpacity",
      "Id": "bq",
      "FadeInTime": -1.0,
      "FadeOutTime": -1.0,
      "Segments": [
        0,
        1,
        0,
        9.5,
        1
      ]
    },
    {
      "Target": "PartOpacity",
      "Id": "Part20",
      "FadeInTime": -1.0,
      "FadeOutTime": -1.0,
      "Segments": [
        0,
        1,
        0,
        9.5,
        1
      ]
    },
    {
      "Target": "PartOpacity",
      "Id": "Part21",
      "FadeInTime": -1.0,
      "FadeOutTime": -1.0,
      "Segments": [
        0,
        1,
        0,
        9.5,
        1
      ]
    },
    {
      "Target": "PartOpacity",
      "Id": "Part22",
      "FadeInTime": -1.0,
      "FadeOutTime": -1.0,
      "Segments": [
        0,
        1,
        0,
        9.5,
        1
      ]
    },
    {
      "Target": "PartOpacity",
      "Id": "Part23",
      "FadeInTime": -1.0,
      "FadeOutTime": -1.0,
      "Segments": [
        0,
        1,
        0,
        9.5,
        1
      ]
    },
    {
      "Target": "PartOpacity",
      "Id": "Part24",
      "FadeInTime": -1.0,
      "FadeOutTime": -1.0,
      "Segments": [
        0,
        1,
        0,
        9.5,
        1
      ]
    },
    {
      "Target": "PartOpacity",
      "Id": "dc1",
      "FadeInTime": -1.0,
      "FadeOutTime": -1.0,
      "Segments": [
        0,
        1,
        0,
        9.5,
        1
      ]
    },
    {
      "Target": "PartOpacity",
      "Id": "Part25",
      "FadeInTime": -1.0,
      "FadeOutTime": -1.0,
      "Segments": [
        0,
        1,
        0,
        9.5,
        1
      ]
    },
    {
      "Target": "PartOpacity",
      "Id": "Part26",
      "FadeInTime": -1.0,
      "FadeOutTime": -1.0,
      "Segments": [
        0,
        1,
        0,
        9.5,
        1
      ]
    },
    {
      "Target": "PartOpacity",
      "Id": "Part27",
      "FadeInTime": -1.0,
      "FadeOutTime": -1.0,
      "Segments": [
        0,
        1,
        0,
        9.5,
        1
      ]
    }
  ],
  "UserData": [
    {
      "Time": 0.0,
      "Value": ""
    },
    {
      "Time": 9.0,
      "Value": ""
    }
  ]
}