{
  "Version": 3,
  "Meta": {
    "Duration": 5.333,
    "Fps": 30.0,
    "Loop": true,
    "AreBeziersRestricted": true,
    "FadeInTime": 0.0,
    "FadeOutTime": 0.0,
    "CurveCount": 157,
    "TotalSegmentCount": 568,
    "TotalPointCount": 882,
    "UserDataCount": 2,
    "TotalUserDataSize": 0
  },
  "Curves": [
    {
      "Target": "Parameter",
      "Id": "ParamlegLxz",
      "FadeInTime": -1.0,
      "FadeOutTime": -1.0,
      "Segments": [
        0,
        0,
        0,
        0.533,
        -3,
        0,
        1.833,
        3,
        0,
        3,
        -3,
        0,
        4.267,
        3,
        1,
        4.456,
        3,
        4.644,
        1.424,
        4.833,
        0,
        1,
        5,
        -1.257,
        5.166,
        -2.028,
        5.333,
        -2.473
      ]
    },
    {
      "Target": "Parameter",
      "Id": "Paramjoxz",
      "FadeInTime": -1.0,
      "FadeOutTime": -1.0,
      "Segments": [
        0,
        0,
        1,
        0.178,
        0,
        0.355,
        -1.123,
        0.533,
        -3,
        1,
        0.733,
        -5.111,
        0.933,
        -6.002,
        1.133,
        -6.002,
        1,
        1.366,
        -6.002,
        1.6,
        -5.095,
        1.833,
        -3,
        1,
        2.044,
        -1.104,
        2.256,
        0,
        2.467,
        0,
        1,
        2.645,
        0,
        2.822,
        -1.123,
        3,
        -3,
        1,
        3.2,
        -5.111,
        3.4,
        -6.002,
        3.6,
        -6.002,
        1,
        3.822,
        -6.002,
        4.045,
        -5.148,
        4.267,
        -3,
        1,
        4.456,
        -1.173,
        4.644,
        0,
        4.833,
        0,
        1,
        5,
        0,
        5.166,
        -0.337,
        5.333,
        -0.931
      ]
    },
    {
      "Target": "Parameter",
      "Id": "ParamjoLbx",
      "FadeInTime": -1.0,
      "FadeOutTime": -1.0,
      "Segments": [
        0,
        0,
        0,
        0.533,
        5.129,
        1,
        0.733,
        5.129,
        0.933,
        3.111,
        1.133,
        0,
        1,
        1.366,
        -3.63,
        1.6,
        -5.058,
        1.833,
        -5.058,
        1,
        2.044,
        -5.058,
        2.256,
        -3.653,
        2.467,
        0,
        1,
        2.645,
        3.076,
        2.822,
        5.129,
        3,
        5.129,
        1,
        3.2,
        5.129,
        3.4,
        3.205,
        3.6,
        0,
        1,
        3.822,
        -3.561,
        4.045,
        -5.058,
        4.267,
        -5.058,
        1,
        4.456,
        -5.058,
        4.644,
        -2.422,
        4.833,
        0,
        1,
        5,
        2.137,
        5.166,
        3.456,
        5.333,
        4.221
      ]
    },
    {
      "Target": "Parameter",
      "Id": "ParamlegRxz",
      "FadeInTime": -1.0,
      "FadeOutTime": -1.0,
      "Segments": [
        0,
        0,
        0,
        0.567,
        -3,
        0,
        1.867,
        3,
        0,
        3.033,
        -3,
        0,
        4.3,
        3,
        1,
        4.478,
        3,
        4.655,
        1.352,
        4.833,
        0,
        1,
        5,
        -1.267,
        5.166,
        -2.038,
        5.333,
        -2.48
      ]
    },
    {
      "Target": "Parameter",
      "Id": "Paramjorxz",
      "FadeInTime": -1.0,
      "FadeOutTime": -1.0,
      "Segments": [
        0,
        0,
        1,
        0.189,
        0,
        0.378,
        -1.058,
        0.567,
        -3,
        1,
        0.767,
        -5.056,
        0.967,
        -6.002,
        1.167,
        -6.002,
        1,
        1.4,
        -6.002,
        1.634,
        -5.095,
        1.867,
        -3,
        1,
        2.078,
        -1.104,
        2.289,
        0,
        2.5,
        0,
        1,
        2.678,
        0,
        2.855,
        -1.123,
        3.033,
        -3,
        1,
        3.233,
        -5.111,
        3.433,
        -6.002,
        3.633,
        -6.002,
        1,
        3.855,
        -6.002,
        4.078,
        -5.195,
        4.3,
        -3,
        1,
        4.478,
        -1.244,
        4.655,
        0,
        4.833,
        0,
        1,
        5,
        0,
        5.166,
        -0.337,
        5.333,
        -0.931
      ]
    },
    {
      "Target": "Parameter",
      "Id": "ParamjoRbx",
      "FadeInTime": -1.0,
      "FadeOutTime": -1.0,
      "Segments": [
        0,
        0,
        0,
        0.567,
        5.129,
        1,
        0.767,
        5.129,
        0.967,
        3.111,
        1.167,
        0,
        1,
        1.4,
        -3.63,
        1.634,
        -5.058,
        1.867,
        -5.058,
        1,
        2.078,
        -5.058,
        2.289,
        -3.653,
        2.5,
        0,
        1,
        2.678,
        3.076,
        2.855,
        5.129,
        3.033,
        5.129,
        1,
        3.233,
        5.129,
        3.433,
        3.205,
        3.633,
        0,
        1,
        3.855,
        -3.561,
        4.078,
        -5.058,
        4.3,
        -5.058,
        1,
        4.478,
        -5.058,
        4.655,
        -2.299,
        4.833,
        0,
        1,
        5,
        2.155,
        5.166,
        3.473,
        5.333,
        4.232
      ]
    },
    {
      "Target": "Parameter",
      "Id": "Paramyoushangbixz",
      "FadeInTime": -1.0,
      "FadeOutTime": -1.0,
      "Segments": [
        0,
        0,
        1,
        0.167,
        0,
        0.333,
        -0.48,
        0.5,
        -2,
        1,
        0.678,
        -3.622,
        0.855,
        -4.804,
        1.033,
        -4.804,
        0,
        4.833,
        0,
        2,
        5.333,
        0
      ]
    },
    {
      "Target": "Parameter",
      "Id": "Paramyoushangbiss",
      "FadeInTime": -1.0,
      "FadeOutTime": -1.0,
      "Segments": [
        0,
        0,
        0,
        0.5,
        -10,
        0,
        1.033,
        6.875,
        0,
        4.833,
        0,
        2,
        5.333,
        0
      ]
    },
    {
      "Target": "Parameter",
      "Id": "Paramyouxibxz",
      "FadeInTime": -1.0,
      "FadeOutTime": -1.0,
      "Segments": [
        0,
        0,
        0,
        1.033,
        1.31,
        0,
        1.5,
        -2,
        0,
        2.067,
        2,
        0,
        2.567,
        -2,
        0,
        3.133,
        1,
        0,
        4.833,
        0,
        1,
        5,
        0,
        5.166,
        0.144,
        5.333,
        0.277
      ]
    },
    {
      "Target": "Parameter",
      "Id": "Paramyouxiabss",
      "FadeInTime": -1.0,
      "FadeOutTime": -1.0,
      "Segments": [
        0,
        0,
        0,
        1.033,
        -2.656,
        0,
        4.833,
        0,
        2,
        5.333,
        0
      ]
    },
    {
      "Target": "Parameter",
      "Id": "Paramyoushouzxz",
      "FadeInTime": -1.0,
      "FadeOutTime": -1.0,
      "Segments": [
        0,
        -0.186,
        1,
        0.344,
        -0.186,
        0.689,
        -0.299,
        1.033,
        -1.694,
        1,
        1.278,
        -2.684,
        1.522,
        -5,
        1.767,
        -5,
        0,
        2.333,
        -1,
        0,
        2.833,
        -5,
        1,
        3.022,
        -5,
        3.211,
        -1.147,
        3.4,
        -1,
        1,
        3.878,
        -0.628,
        4.355,
        -0.424,
        4.833,
        -0.186,
        1,
        5,
        -0.102,
        5.166,
        -0.108,
        5.333,
        0
      ]
    },
    {
      "Target": "Parameter",
      "Id": "Paramyouzhi2",
      "FadeInTime": -1.0,
      "FadeOutTime": -1.0,
      "Segments": [
        0,
        1,
        2,
        4.4,
        1,
        2,
        4.833,
        1,
        1,
        5,
        1,
        5.166,
        0.885,
        5.333,
        0.779
      ]
    },
    {
      "Target": "Parameter",
      "Id": "Paramyouzhi3",
      "FadeInTime": -1.0,
      "FadeOutTime": -1.0,
      "Segments": [
        0,
        1,
        2,
        4.4,
        1,
        2,
        4.833,
        1,
        1,
        5,
        1,
        5.166,
        0.857,
        5.333,
        0.723
      ]
    },
    {
      "Target": "Parameter",
      "Id": "Paramyouzhi4",
      "FadeInTime": -1.0,
      "FadeOutTime": -1.0,
      "Segments": [
        0,
        1,
        2,
        4.4,
        1,
        2,
        4.833,
        1,
        1,
        5,
        1,
        5.166,
        0.885,
        5.333,
        0.779
      ]
    },
    {
      "Target": "Parameter",
      "Id": "Paramyouzhi5",
      "FadeInTime": -1.0,
      "FadeOutTime": -1.0,
      "Segments": [
        0,
        1,
        2,
        4.4,
        1,
        2,
        4.833,
        1,
        1,
        5,
        1,
        5.166,
        0.885,
        5.333,
        0.779
      ]
    },
    {
      "Target": "Parameter",
      "Id": "Paramshuts",
      "FadeInTime": -1.0,
      "FadeOutTime": -1.0,
      "Segments": [
        0,
        0,
        2,
        4.833,
        0,
        1,
        5,
        0,
        5.166,
        -0.057,
        5.333,
        -0.111
      ]
    },
    {
      "Target": "Parameter",
      "Id": "xiaoyanwu1",
      "FadeInTime": -1.0,
      "FadeOutTime": -1.0,
      "Segments": [
        0,
        0,
        2,
        0.5,
        0,
        0,
        1.3,
        2,
        0,
        1.533,
        1,
        0,
        1.733,
        2,
        0,
        1.967,
        1.5,
        0,
        2.233,
        2,
        0,
        2.7,
        0,
        2,
        4.833,
        0,
        2,
        5.333,
        0
      ]
    },
    {
      "Target": "Parameter",
      "Id": "Paramwuzitm",
      "FadeInTime": -1.0,
      "FadeOutTime": -1.0,
      "Segments": [
        0,
        0,
        2,
        1.033,
        0,
        0,
        1.3,
        1,
        2,
        2.4,
        1,
        0,
        2.567,
        0,
        2,
        4.833,
        0,
        2,
        5.333,
        0
      ]
    },
    {
      "Target": "Parameter",
      "Id": "Paramdct",
      "FadeInTime": -1.0,
      "FadeOutTime": -1.0,
      "Segments": [
        0,
        0.7,
        0,
        1.1,
        0.3,
        2,
        4.167,
        0.3,
        0,
        4.833,
        0.7,
        2,
        5.333,
        0.7
      ]
    },
    {
      "Target": "Parameter",
      "Id": "Paramzuozhi1",
      "FadeInTime": -1.0,
      "FadeOutTime": -1.0,
      "Segments": [
        0,
        0,
        0,
        1.067,
        -1,
        0,
        3.667,
        1,
        0,
        4.833,
        0,
        2,
        5.333,
        0
      ]
    },
    {
      "Target": "Parameter",
      "Id": "Paramzuozhi2",
      "FadeInTime": -1.0,
      "FadeOutTime": -1.0,
      "Segments": [
        0,
        0,
        0,
        1,
        -1,
        0,
        3.6,
        1,
        0,
        4.833,
        0,
        2,
        5.333,
        0
      ]
    },
    {
      "Target": "Parameter",
      "Id": "Paramzuozhi3",
      "FadeInTime": -1.0,
      "FadeOutTime": -1.0,
      "Segments": [
        0,
        0,
        0,
        0.933,
        -1,
        0,
        3.533,
        1,
        0,
        4.833,
        0,
        2,
        5.333,
        0
      ]
    },
    {
      "Target": "Parameter",
      "Id": "Paramzuozhi4",
      "FadeInTime": -1.0,
      "FadeOutTime": -1.0,
      "Segments": [
        0,
        0,
        0,
        0.867,
        -1,
        0,
        3.467,
        1,
        0,
        4.833,
        0,
        2,
        5.333,
        0
      ]
    },
    {
      "Target": "Parameter",
      "Id": "Paramzuozhi5",
      "FadeInTime": -1.0,
      "FadeOutTime": -1.0,
      "Segments": [
        0,
        0,
        0,
        0.8,
        -1,
        0,
        3.4,
        1,
        0,
        4.833,
        0,
        2,
        5.333,
        0
      ]
    },
    {
      "Target": "Parameter",
      "Id": "ParamAngleX",
      "FadeInTime": -1.0,
      "FadeOutTime": -1.0,
      "Segments": [
        0,
        0,
        0,
        0.5,
        -17.94,
        0,
        1.167,
        19,
        0,
        2.333,
        -6,
        0,
        3,
        16,
        0,
        4.833,
        0,
        1,
        5,
        0,
        5.166,
        2.583,
        5.333,
        4.981
      ]
    },
    {
      "Target": "Parameter",
      "Id": "ParamAngleY",
      "FadeInTime": -1.0,
      "FadeOutTime": -1.0,
      "Segments": [
        0,
        0,
        1,
        0.167,
        0,
        0.333,
        -1.53,
        0.5,
        -11,
        1,
        0.611,
        -17.313,
        0.722,
        -29.973,
        0.833,
        -29.973,
        1,
        0.944,
        -29.973,
        1.056,
        -3.963,
        1.167,
        -1,
        1,
        1.556,
        9.372,
        1.944,
        12,
        2.333,
        12,
        0,
        2.667,
        -9.56,
        0,
        3,
        22,
        1,
        3.611,
        22,
        4.222,
        10.225,
        4.833,
        0,
        1,
        5,
        -2.789,
        5.166,
        -4.024,
        5.333,
        -4.571
      ]
    },
    {
      "Target": "Parameter",
      "Id": "ParamAngleZ",
      "FadeInTime": -1.0,
      "FadeOutTime": -1.0,
      "Segments": [
        0,
        0,
        0,
        0.5,
        -13,
        1,
        0.722,
        -13,
        0.945,
        2.841,
        1.167,
        5,
        1,
        1.778,
        10.937,
        2.389,
        12,
        3,
        12,
        0,
        4.833,
        0,
        1,
        5,
        0,
        5.166,
        2.296,
        5.333,
        4.428
      ]
    },
    {
      "Target": "Parameter",
      "Id": "ParamEyeLOpen",
      "FadeInTime": -1.0,
      "FadeOutTime": -1.0,
      "Segments": [
        0,
        1,
        2,
        0.5,
        1,
        0,
        0.833,
        0,
        0,
        1.167,
        1,
        1,
        1.556,
        1,
        1.944,
        0.968,
        2.333,
        0.8,
        1,
        2.444,
        0.752,
        2.556,
        0,
        2.667,
        0,
        0,
        3,
        1,
        2,
        4.833,
        1,
        2,
        5.333,
        1
      ]
    },
    {
      "Target": "Parameter",
      "Id": "ParamEyeROpen",
      "FadeInTime": -1.0,
      "FadeOutTime": -1.0,
      "Segments": [
        0,
        1,
        2,
        0.5,
        1,
        0,
        0.833,
        0,
        0,
        1.167,
        1,
        1,
        1.556,
        1,
        1.944,
        0.968,
        2.333,
        0.8,
        1,
        2.444,
        0.752,
        2.556,
        0,
        2.667,
        0,
        0,
        3,
        1,
        2,
        4.833,
        1,
        2,
        5.333,
        1
      ]
    },
    {
      "Target": "Parameter",
      "Id": "ParamEyeBallX",
      "FadeInTime": -1.0,
      "FadeOutTime": -1.0,
      "Segments": [
        0,
        0,
        0,
        0.9,
        0.2,
        0,
        2.9,
        -0.4,
        0,
        3.5,
        0.4,
        0,
        4.833,
        0,
        1,
        5,
        0,
        5.166,
        0.062,
        5.333,
        0.117
      ]
    },
    {
      "Target": "Parameter",
      "Id": "ParamEyeBallY",
      "FadeInTime": -1.0,
      "FadeOutTime": -1.0,
      "Segments": [
        0,
        0,
        0,
        0.9,
        -0.1,
        0,
        2.9,
        0,
        0,
        3.5,
        -0.6,
        0,
        4.833,
        0,
        1,
        5,
        0,
        5.166,
        -0.031,
        5.333,
        -0.058
      ]
    },
    {
      "Target": "Parameter",
      "Id": "Parameyeshizi",
      "FadeInTime": -1.0,
      "FadeOutTime": -1.0,
      "Segments": [
        0,
        0,
        2,
        0.5,
        0,
        0,
        0.833,
        1,
        0,
        1.167,
        -1,
        0,
        1.4,
        0.361,
        0,
        1.567,
        -0.2,
        1,
        1.589,
        -0.2,
        1.611,
        -0.045,
        1.633,
        0,
        1,
        1.978,
        0.695,
        2.322,
        1,
        2.667,
        1,
        0,
        3,
        -1,
        0,
        3.233,
        0.361,
        0,
        3.4,
        -0.2,
        0,
        3.467,
        0,
        2,
        4.833,
        0,
        2,
        5.333,
        0
      ]
    },
    {
      "Target": "Parameter",
      "Id": "Paramurrrr",
      "FadeInTime": -1.0,
      "FadeOutTime": -1.0,
      "Segments": [
        0,
        0,
        2,
        0.5,
        0,
        2,
        0.833,
        0,
        0,
        1.167,
        -0.2,
        0,
        1.4,
        0.1,
        0,
        1.567,
        -0.1,
        0,
        1.733,
        0.1,
        0,
        1.9,
        -0.1,
        0,
        2.1,
        0.06,
        0,
        2.3,
        -0.038,
        0,
        2.533,
        0.029,
        1,
        2.578,
        0.029,
        2.622,
        0.036,
        2.667,
        0,
        1,
        2.778,
        -0.09,
        2.889,
        -0.2,
        3,
        -0.2,
        0,
        3.233,
        0.1,
        0,
        3.4,
        -0.1,
        0,
        3.567,
        0.1,
        0,
        3.733,
        -0.1,
        0,
        3.933,
        0.06,
        0,
        4.133,
        -0.038,
        0,
        4.367,
        0.029,
        0,
        4.833,
        0,
        2,
        5.333,
        0
      ]
    },
    {
      "Target": "Parameter",
      "Id": "ParamBrowLX",
      "FadeInTime": -1.0,
      "FadeOutTime": -1.0,
      "Segments": [
        0,
        0,
        2,
        0.5,
        0,
        0,
        0.833,
        0.274,
        0,
        1.167,
        0,
        0,
        2.333,
        0.274,
        2,
        2.667,
        0.274,
        0,
        3,
        0,
        2,
        4.833,
        0,
        2,
        5.333,
        0
      ]
    },
    {
      "Target": "Parameter",
      "Id": "ParamBrowLY",
      "FadeInTime": -1.0,
      "FadeOutTime": -1.0,
      "Segments": [
        0,
        0,
        2,
        0.5,
        0,
        0,
        0.833,
        -1,
        0,
        1.167,
        0,
        1,
        1.556,
        0,
        1.944,
        -0.032,
        2.333,
        -0.2,
        1,
        2.444,
        -0.467,
        2.556,
        -0.733,
        2.667,
        -1,
        0,
        3,
        0,
        2,
        4.833,
        0,
        2,
        5.333,
        0
      ]
    },
    {
      "Target": "Parameter",
      "Id": "ParamBrowRY",
      "FadeInTime": -1.0,
      "FadeOutTime": -1.0,
      "Segments": [
        0,
        0,
        2,
        0.5,
        0,
        0,
        0.833,
        -0.8,
        0,
        1.167,
        0,
        1,
        1.556,
        0,
        1.944,
        -0.028,
        2.333,
        -0.174,
        1,
        2.444,
        -0.215,
        2.556,
        -0.8,
        2.667,
        -0.8,
        0,
        3,
        0,
        2,
        4.833,
        0,
        2,
        5.333,
        0
      ]
    },
    {
      "Target": "Parameter",
      "Id": "ParamBrowLAngle",
      "FadeInTime": -1.0,
      "FadeOutTime": -1.0,
      "Segments": [
        0,
        0,
        2,
        0.5,
        0,
        0,
        0.833,
        0.498,
        1,
        0.944,
        0.332,
        1.056,
        0.166,
        1.167,
        0,
        0,
        2.333,
        0.498,
        2,
        2.667,
        0.498,
        1,
        2.778,
        0.332,
        2.889,
        0.166,
        3,
        0,
        2,
        4.833,
        0,
        2,
        5.333,
        0
      ]
    },
    {
      "Target": "Parameter",
      "Id": "ParamBrowRAngle",
      "FadeInTime": -1.0,
      "FadeOutTime": -1.0,
      "Segments": [
        0,
        0,
        2,
        0.5,
        0,
        0,
        0.833,
        -0.3,
        0,
        1.167,
        0,
        1,
        1.556,
        0,
        1.944,
        -0.011,
        2.333,
        -0.065,
        1,
        2.444,
        -0.081,
        2.556,
        -0.3,
        2.667,
        -0.3,
        0,
        3,
        0,
        2,
        4.833,
        0,
        2,
        5.333,
        0
      ]
    },
    {
      "Target": "Parameter",
      "Id": "ParamMouthForm",
      "FadeInTime": -1.0,
      "FadeOutTime": -1.0,
      "Segments": [
        0,
        0,
        2,
        4.833,
        0,
        0,
        5.333,
        0.5
      ]
    },
    {
      "Target": "Parameter",
      "Id": "Paramdcx",
      "FadeInTime": -1.0,
      "FadeOutTime": -1.0,
      "Segments": [
        0,
        0,
        0,
        0.467,
        -0.4,
        0,
        1.767,
        0.4,
        0,
        2.933,
        -0.4,
        0,
        4.233,
        0.4,
        1,
        4.433,
        0.4,
        4.633,
        0.199,
        4.833,
        0,
        1,
        5,
        -0.166,
        5.166,
        -0.269,
        5.333,
        -0.329
      ]
    },
    {
      "Target": "Parameter",
      "Id": "Paramdcy",
      "FadeInTime": -1.0,
      "FadeOutTime": -1.0,
      "Segments": [
        0,
        -0.4,
        0,
        0.467,
        0,
        0,
        1.067,
        -0.4,
        0,
        1.767,
        0,
        0,
        2.333,
        -0.4,
        0,
        2.933,
        0,
        0,
        3.6,
        -0.4,
        0,
        4.233,
        0,
        0,
        4.833,
        -0.4,
        1,
        5,
        -0.4,
        5.166,
        -0.285,
        5.333,
        -0.179
      ]
    },
    {
      "Target": "Parameter",
      "Id": "Paramdczuoyou",
      "FadeInTime": -1.0,
      "FadeOutTime": -1.0,
      "Segments": [
        0,
        0,
        0,
        0.467,
        -0.3,
        0,
        1.767,
        0.3,
        0,
        2.933,
        -0.3,
        0,
        4.233,
        0.3,
        1,
        4.433,
        0.3,
        4.633,
        0.149,
        4.833,
        0,
        1,
        5,
        -0.125,
        5.166,
        -0.202,
        5.333,
        -0.247
      ]
    },
    {
      "Target": "Parameter",
      "Id": "ParamBodyAngleX",
      "FadeInTime": -1.0,
      "FadeOutTime": -1.0,
      "Segments": [
        0,
        0,
        0,
        0.833,
        -3,
        0,
        1.5,
        5,
        0,
        2.1,
        -4,
        0,
        2.867,
        3,
        1,
        3.522,
        3,
        4.178,
        2.04,
        4.833,
        0,
        1,
        5,
        -0.519,
        5.166,
        -0.966,
        5.333,
        -1.34
      ]
    },
    {
      "Target": "Parameter",
      "Id": "ParamBodyAngleY",
      "FadeInTime": -1.0,
      "FadeOutTime": -1.0,
      "Segments": [
        0,
        0,
        0,
        0.5,
        -2,
        0,
        1.167,
        0,
        2,
        4.833,
        0,
        2,
        5.333,
        0
      ]
    },
    {
      "Target": "Parameter",
      "Id": "Parambdx",
      "FadeInTime": -1.0,
      "FadeOutTime": -1.0,
      "Segments": [
        0,
        0,
        0,
        0.833,
        -3,
        0,
        1.5,
        5,
        0,
        2.1,
        -4,
        0,
        2.867,
        3,
        1,
        3.522,
        3,
        4.178,
        2.04,
        4.833,
        0,
        1,
        5,
        -0.519,
        5.166,
        -0.966,
        5.333,
        -1.34
      ]
    },
    {
      "Target": "Parameter",
      "Id": "Parambdy",
      "FadeInTime": -1.0,
      "FadeOutTime": -1.0,
      "Segments": [
        0,
        0,
        0,
        0.5,
        -2,
        0,
        1.167,
        0,
        2,
        4.833,
        0,
        2,
        5.333,
        0
      ]
    },
    {
      "Target": "Parameter",
      "Id": "Parampigu",
      "FadeInTime": -1.0,
      "FadeOutTime": -1.0,
      "Segments": [
        0,
        0,
        0,
        0.9,
        -8,
        0,
        1.567,
        10,
        0,
        2.2,
        -10,
        0,
        2.9,
        10,
        0,
        4.833,
        0,
        1,
        5,
        0,
        5.166,
        0.606,
        5.333,
        1.46
      ]
    },
    {
      "Target": "Parameter",
      "Id": "ParamBreath",
      "FadeInTime": -1.0,
      "FadeOutTime": -1.0,
      "Segments": [
        0,
        0,
        2,
        4.833,
        0,
        1,
        5,
        0,
        5.166,
        0.055,
        5.333,
        0.139
      ]
    },
    {
      "Target": "Parameter",
      "Id": "Parampsr",
      "FadeInTime": -1.0,
      "FadeOutTime": -1.0,
      "Segments": [
        0,
        0,
        0,
        0.633,
        -1,
        0,
        1.2,
        1,
        0,
        1.9,
        -1,
        0,
        2.5,
        1,
        0,
        3.033,
        -1,
        0,
        3.7,
        1,
        0,
        4.333,
        -1,
        0,
        4.833,
        0,
        2,
        5.333,
        0
      ]
    },
    {
      "Target": "Parameter",
      "Id": "ParamHairFront",
      "FadeInTime": -1.0,
      "FadeOutTime": -1.0,
      "Segments": [
        0,
        0.005,
        0,
        0.3,
        0.403,
        0,
        0.867,
        -0.722,
        0,
        1.367,
        0.626,
        0,
        2.2,
        -0.395,
        0,
        2.767,
        0.391,
        0,
        3.267,
        -0.426,
        0,
        3.933,
        0.409,
        0,
        4.533,
        -0.345,
        0,
        4.933,
        0.198,
        0,
        5.3,
        -0.116,
        1,
        5.311,
        -0.116,
        5.322,
        -0.115,
        5.333,
        -0.114
      ]
    },
    {
      "Target": "Parameter",
      "Id": "Paramhfy",
      "FadeInTime": -1.0,
      "FadeOutTime": -1.0,
      "Segments": [
        0,
        -0.016,
        0,
        0.033,
        -0.014,
        0,
        0.2,
        -0.155,
        0,
        0.567,
        0.517,
        0,
        1.133,
        -0.745,
        0,
        1.567,
        0.508,
        0,
        1.933,
        0.172,
        0,
        2.033,
        0.19,
        0,
        2.433,
        -0.387,
        0,
        3.033,
        0.406,
        0,
        3.5,
        -0.399,
        0,
        4.233,
        0.393,
        0,
        4.767,
        -0.333,
        0,
        5.167,
        0.21,
        1,
        5.222,
        0.21,
        5.278,
        0.124,
        5.333,
        0.037
      ]
    },
    {
      "Target": "Parameter",
      "Id": "Param",
      "FadeInTime": -1.0,
      "FadeOutTime": -1.0,
      "Segments": [
        0,
        0.736,
        1,
        0.156,
        0.736,
        0.311,
        0.424,
        0.467,
        0.003,
        1,
        0.667,
        -0.538,
        0.867,
        -0.73,
        1.067,
        -0.73,
        1,
        1.3,
        -0.73,
        1.534,
        -0.532,
        1.767,
        0.002,
        1,
        1.956,
        0.434,
        2.144,
        0.736,
        2.333,
        0.736,
        1,
        2.533,
        0.736,
        2.733,
        0.463,
        2.933,
        0.002,
        1,
        3.155,
        -0.511,
        3.378,
        -0.73,
        3.6,
        -0.73,
        1,
        3.811,
        -0.73,
        4.022,
        -0.5,
        4.233,
        0.002,
        1,
        4.433,
        0.477,
        4.633,
        0.736,
        4.833,
        0.736,
        1,
        5,
        0.736,
        5.166,
        0.529,
        5.333,
        0.209
      ]
    },
    {
      "Target": "Parameter",
      "Id": "Param2",
      "FadeInTime": -1.0,
      "FadeOutTime": -1.0,
      "Segments": [
        0,
        0.002,
        0,
        0.467,
        0.736,
        1,
        0.667,
        0.736,
        0.867,
        0.45,
        1.067,
        0.002,
        1,
        1.3,
        -0.521,
        1.534,
        -0.73,
        1.767,
        -0.73,
        1,
        1.956,
        -0.73,
        2.144,
        -0.473,
        2.333,
        0.002,
        1,
        2.533,
        0.504,
        2.733,
        0.736,
        2.933,
        0.736,
        1,
        3.155,
        0.736,
        3.378,
        0.502,
        3.6,
        0.002,
        1,
        3.811,
        -0.474,
        4.022,
        -0.73,
        4.233,
        -0.73,
        1,
        4.433,
        -0.73,
        4.633,
        -0.487,
        4.833,
        0.002,
        1,
        5,
        0.409,
        5.166,
        0.647,
        5.333,
        0.716
      ]
    },
    {
      "Target": "Parameter",
      "Id": "ParamHairBack",
      "FadeInTime": -1.0,
      "FadeOutTime": -1.0,
      "Segments": [
        0,
        0,
        0,
        0.467,
        -0.494,
        1,
        0.667,
        -0.494,
        0.867,
        -0.306,
        1.067,
        0,
        1,
        1.3,
        0.357,
        1.534,
        0.505,
        1.767,
        0.505,
        1,
        1.956,
        0.505,
        2.144,
        0.323,
        2.333,
        0,
        1,
        2.533,
        -0.342,
        2.733,
        -0.494,
        2.933,
        -0.494,
        1,
        3.155,
        -0.494,
        3.378,
        -0.341,
        3.6,
        0,
        1,
        3.811,
        0.324,
        4.022,
        0.505,
        4.233,
        0.505,
        1,
        4.433,
        0.505,
        4.633,
        0.333,
        4.833,
        0,
        1,
        5,
        -0.277,
        5.166,
        -0.436,
        5.333,
        -0.481
      ]
    },
    {
      "Target": "Parameter",
      "Id": "Paramhoufay",
      "FadeInTime": -1.0,
      "FadeOutTime": -1.0,
      "Segments": [
        0,
        0.518,
        1,
        0.156,
        0.518,
        0.311,
        0.294,
        0.467,
        0,
        1,
        0.667,
        -0.378,
        0.867,
        -0.508,
        1.067,
        -0.508,
        1,
        1.3,
        -0.508,
        1.534,
        -0.373,
        1.767,
        0,
        1,
        1.956,
        0.302,
        2.144,
        0.518,
        2.333,
        0.518,
        1,
        2.533,
        0.518,
        2.733,
        0.323,
        2.933,
        0,
        1,
        3.155,
        -0.358,
        3.378,
        -0.508,
        3.6,
        -0.508,
        1,
        3.811,
        -0.508,
        4.022,
        -0.351,
        4.233,
        0,
        1,
        4.433,
        0.332,
        4.633,
        0.518,
        4.833,
        0.518,
        1,
        5,
        0.518,
        5.166,
        0.369,
        5.333,
        0.144
      ]
    },
    {
      "Target": "Parameter",
      "Id": "Paramhoufabx",
      "FadeInTime": -1.0,
      "FadeOutTime": -1.0,
      "Segments": [
        0,
        0,
        0,
        0.467,
        -0.494,
        1,
        0.667,
        -0.494,
        0.867,
        -0.306,
        1.067,
        0,
        1,
        1.3,
        0.357,
        1.534,
        0.505,
        1.767,
        0.505,
        1,
        1.956,
        0.505,
        2.144,
        0.323,
        2.333,
        0,
        1,
        2.533,
        -0.342,
        2.733,
        -0.494,
        2.933,
        -0.494,
        1,
        3.155,
        -0.494,
        3.378,
        -0.341,
        3.6,
        0,
        1,
        3.811,
        0.324,
        4.022,
        0.505,
        4.233,
        0.505,
        1,
        4.433,
        0.505,
        4.633,
        0.333,
        4.833,
        0,
        1,
        5,
        -0.277,
        5.166,
        -0.436,
        5.333,
        -0.481
      ]
    },
    {
      "Target": "Parameter",
      "Id": "Paramdcfx",
      "FadeInTime": -1.0,
      "FadeOutTime": -1.0,
      "Segments": [
        0,
        0.522,
        1,
        0.156,
        0.522,
        0.311,
        0.3,
        0.467,
        0.002,
        1,
        0.667,
        -0.381,
        0.867,
        -0.517,
        1.067,
        -0.517,
        1,
        1.3,
        -0.517,
        1.534,
        -0.376,
        1.767,
        0.002,
        1,
        1.956,
        0.308,
        2.144,
        0.522,
        2.333,
        0.522,
        1,
        2.533,
        0.522,
        2.733,
        0.329,
        2.933,
        0.002,
        1,
        3.155,
        -0.361,
        3.378,
        -0.517,
        3.6,
        -0.517,
        1,
        3.811,
        -0.517,
        4.022,
        -0.353,
        4.233,
        0.002,
        1,
        4.433,
        0.339,
        4.633,
        0.522,
        4.833,
        0.522,
        1,
        5,
        0.522,
        5.166,
        0.375,
        5.333,
        0.148
      ]
    },
    {
      "Target": "Parameter",
      "Id": "Paramdcfy",
      "FadeInTime": -1.0,
      "FadeOutTime": -1.0,
      "Segments": [
        0,
        0.002,
        0,
        0.467,
        0.522,
        1,
        0.667,
        0.522,
        0.867,
        0.32,
        1.067,
        0.002,
        1,
        1.3,
        -0.369,
        1.534,
        -0.517,
        1.767,
        -0.517,
        1,
        1.956,
        -0.517,
        2.144,
        -0.334,
        2.333,
        0.002,
        1,
        2.533,
        0.358,
        2.733,
        0.522,
        2.933,
        0.522,
        1,
        3.155,
        0.522,
        3.378,
        0.357,
        3.6,
        0.002,
        1,
        3.811,
        -0.335,
        4.022,
        -0.517,
        4.233,
        -0.517,
        1,
        4.433,
        -0.517,
        4.633,
        -0.344,
        4.833,
        0.002,
        1,
        5,
        0.291,
        5.166,
        0.459,
        5.333,
        0.508
      ]
    },
    {
      "Target": "Parameter",
      "Id": "Param_Angle_Rotation_2_ArtMesh73",
      "FadeInTime": -1.0,
      "FadeOutTime": -1.0,
      "Segments": [
        0,
        0,
        2,
        0.033,
        0,
        0,
        0.333,
        9.462,
        0,
        0.9,
        -17.436,
        0,
        1.433,
        12.816,
        0,
        2.233,
        -9.306,
        0,
        2.833,
        8.576,
        0,
        3.333,
        -9.28,
        0,
        4,
        10.194,
        0,
        4.567,
        -7.376,
        0,
        4.967,
        2.828,
        1,
        5.089,
        2.828,
        5.211,
        -1.13,
        5.333,
        -1.789
      ]
    },
    {
      "Target": "Parameter",
      "Id": "Param_Angle_Rotation_3_ArtMesh73",
      "FadeInTime": -1.0,
      "FadeOutTime": -1.0,
      "Segments": [
        0,
        0,
        2,
        0.033,
        0,
        0,
        0.233,
        -4.284,
        0,
        0.633,
        8.022,
        0,
        1.2,
        -10.086,
        0,
        1.6,
        6.847,
        0,
        1.933,
        0.626,
        0,
        2.1,
        2.301,
        0,
        2.467,
        -4.19,
        0,
        2.533,
        -4.099,
        0,
        2.6,
        -4.184,
        0,
        3.1,
        6.448,
        0,
        3.533,
        -5.298,
        0,
        4.267,
        4.308,
        0,
        4.833,
        -4.95,
        0,
        5.167,
        4.226,
        1,
        5.222,
        4.226,
        5.278,
        2.927,
        5.333,
        1.509
      ]
    },
    {
      "Target": "Parameter",
      "Id": "Param_Angle_Rotation_4_ArtMesh73",
      "FadeInTime": -1.0,
      "FadeOutTime": -1.0,
      "Segments": [
        0,
        0,
        2,
        0.067,
        0,
        0,
        0.367,
        -3.923,
        0,
        0.767,
        9.509,
        0,
        1.267,
        -12.483,
        0,
        1.7,
        9.663,
        0,
        2.067,
        -0.73,
        0,
        2.267,
        0.862,
        0,
        2.667,
        -5.259,
        0,
        3.2,
        7.845,
        0,
        3.633,
        -7.384,
        0,
        4.367,
        5.001,
        0,
        4.933,
        -6.188,
        0,
        5.3,
        5.535,
        1,
        5.311,
        5.535,
        5.322,
        5.473,
        5.333,
        5.359
      ]
    },
    {
      "Target": "Parameter",
      "Id": "Param_Angle_Rotation_5_ArtMesh73",
      "FadeInTime": -1.0,
      "FadeOutTime": -1.0,
      "Segments": [
        0,
        0,
        2,
        0.133,
        0,
        0,
        0.467,
        -3.782,
        0,
        0.867,
        11.053,
        0,
        1.367,
        -15.298,
        0,
        1.833,
        13.116,
        0,
        2.233,
        -3.165,
        0,
        2.467,
        -0.251,
        0,
        2.8,
        -5.796,
        0,
        3.3,
        9.507,
        0,
        3.767,
        -9.841,
        0,
        4.433,
        5.599,
        0,
        5.033,
        -7.339,
        1,
        5.133,
        -7.339,
        5.233,
        0.872,
        5.333,
        4.977
      ]
    },
    {
      "Target": "Parameter",
      "Id": "Param_Angle_Rotation_6_ArtMesh73",
      "FadeInTime": -1.0,
      "FadeOutTime": -1.0,
      "Segments": [
        0,
        0,
        2,
        0.2,
        0,
        0,
        0.567,
        -3.833,
        0,
        1,
        12.606,
        0,
        1.467,
        -18.591,
        0,
        1.933,
        17.069,
        0,
        2.367,
        -6.569,
        0,
        2.633,
        -0.44,
        0,
        2.933,
        -5.882,
        0,
        3.4,
        11.469,
        0,
        3.867,
        -12.722,
        0,
        4.4,
        7.367,
        0,
        5.133,
        -8.439,
        1,
        5.2,
        -8.439,
        5.266,
        -4.664,
        5.333,
        -0.599
      ]
    },
    {
      "Target": "Parameter",
      "Id": "Param_Angle_Rotation_7_ArtMesh73",
      "FadeInTime": -1.0,
      "FadeOutTime": -1.0,
      "Segments": [
        0,
        0.084,
        0,
        0.2,
        -0.114,
        0,
        0.3,
        -0.082,
        0,
        0.667,
        -3.873,
        0,
        1.1,
        14.265,
        0,
        1.567,
        -22.191,
        0,
        2.033,
        21.433,
        0,
        2.467,
        -10.756,
        0,
        2.8,
        0.627,
        0,
        3.1,
        -5.714,
        0,
        3.5,
        13.558,
        0,
        3.967,
        -16.124,
        0,
        4.467,
        10.592,
        0,
        5.233,
        -9.354,
        1,
        5.266,
        -9.354,
        5.3,
        -8.244,
        5.333,
        -6.537
      ]
    },
    {
      "Target": "Model",
      "Id": "Opacity",
      "FadeInTime": -1.0,
      "FadeOutTime": -1.0,
      "Segments": [
        0,
        1,
        0,
        5.333,
        1
      ]
    },
    {
      "Target": "Parameter",
      "Id": "Param20",
      "FadeInTime": -1.0,
      "FadeOutTime": -1.0,
      "Segments": [
        0,
        0,
        0,
        5.333,
        0
      ]
    },
    {
      "Target": "Parameter",
      "Id": "Paramyoushouts",
      "FadeInTime": -1.0,
      "FadeOutTime": -1.0,
      "Segments": [
        0,
        0,
        0,
        5.333,
        0
      ]
    },
    {
      "Target": "Parameter",
      "Id": "Paramyouzhangqie",
      "FadeInTime": -1.0,
      "FadeOutTime": -1.0,
      "Segments": [
        0,
        0,
        0,
        5.333,
        0
      ]
    },
    {
      "Target": "Parameter",
      "Id": "Paramyouzhi1",
      "FadeInTime": -1.0,
      "FadeOutTime": -1.0,
      "Segments": [
        0,
        1,
        0,
        5.333,
        1
      ]
    },
    {
      "Target": "Parameter",
      "Id": "Paramshutc",
      "FadeInTime": -1.0,
      "FadeOutTime": -1.0,
      "Segments": [
        0,
        0,
        0,
        5.333,
        0
      ]
    },
    {
      "Target": "Parameter",
      "Id": "Paramshutm",
      "FadeInTime": -1.0,
      "FadeOutTime": -1.0,
      "Segments": [
        0,
        1,
        0,
        5.333,
        1
      ]
    },
    {
      "Target": "Parameter",
      "Id": "Paramshux",
      "FadeInTime": -1.0,
      "FadeOutTime": -1.0,
      "Segments": [
        0,
        0,
        0,
        5.333,
        0
      ]
    },
    {
      "Target": "Parameter",
      "Id": "Paramshuy",
      "FadeInTime": -1.0,
      "FadeOutTime": -1.0,
      "Segments": [
        0,
        0,
        0,
        5.333,
        0
      ]
    },
    {
      "Target": "Parameter",
      "Id": "Paramshuxz",
      "FadeInTime": -1.0,
      "FadeOutTime": -1.0,
      "Segments": [
        0,
        0,
        0,
        5.333,
        0
      ]
    },
    {
      "Target": "Parameter",
      "Id": "Paramxinftm",
      "FadeInTime": -1.0,
      "FadeOutTime": -1.0,
      "Segments": [
        0,
        0,
        0,
        5.333,
        0
      ]
    },
    {
      "Target": "Parameter",
      "Id": "Paramxinfxz",
      "FadeInTime": -1.0,
      "FadeOutTime": -1.0,
      "Segments": [
        0,
        0,
        0,
        5.333,
        0
      ]
    },
    {
      "Target": "Parameter",
      "Id": "Paramaixintm",
      "FadeInTime": -1.0,
      "FadeOutTime": -1.0,
      "Segments": [
        0,
        0,
        0,
        5.333,
        0
      ]
    },
    {
      "Target": "Parameter",
      "Id": "Paramaixin",
      "FadeInTime": -1.0,
      "FadeOutTime": -1.0,
      "Segments": [
        0,
        0,
        0,
        5.333,
        0
      ]
    },
    {
      "Target": "Parameter",
      "Id": "Paramxiongdai1",
      "FadeInTime": -1.0,
      "FadeOutTime": -1.0,
      "Segments": [
        0,
        0,
        0,
        5.333,
        0
      ]
    },
    {
      "Target": "Parameter",
      "Id": "Param28",
      "FadeInTime": -1.0,
      "FadeOutTime": -1.0,
      "Segments": [
        0,
        0,
        0,
        5.333,
        0
      ]
    },
    {
      "Target": "Parameter",
      "Id": "Paramzuoshangbixz",
      "FadeInTime": -1.0,
      "FadeOutTime": -1.0,
      "Segments": [
        0,
        0,
        0,
        5.333,
        0
      ]
    },
    {
      "Target": "Parameter",
      "Id": "Paramzuoshangbiss",
      "FadeInTime": -1.0,
      "FadeOutTime": -1.0,
      "Segments": [
        0,
        0,
        0,
        5.333,
        0
      ]
    },
    {
      "Target": "Parameter",
      "Id": "Paramzuoxiabxz",
      "FadeInTime": -1.0,
      "FadeOutTime": -1.0,
      "Segments": [
        0,
        0,
        0,
        5.333,
        0
      ]
    },
    {
      "Target": "Parameter",
      "Id": "Paramzuoxiabss",
      "FadeInTime": -1.0,
      "FadeOutTime": -1.0,
      "Segments": [
        0,
        0,
        0,
        5.333,
        0
      ]
    },
    {
      "Target": "Parameter",
      "Id": "Paramzuoshouzxz",
      "FadeInTime": -1.0,
      "FadeOutTime": -1.0,
      "Segments": [
        0,
        0,
        0,
        5.333,
        0
      ]
    },
    {
      "Target": "Parameter",
      "Id": "Paramcefal",
      "FadeInTime": -1.0,
      "FadeOutTime": -1.0,
      "Segments": [
        0,
        0,
        0,
        5.333,
        0
      ]
    },
    {
      "Target": "Parameter",
      "Id": "Paramzuoshouq",
      "FadeInTime": -1.0,
      "FadeOutTime": -1.0,
      "Segments": [
        0,
        0,
        0,
        5.333,
        0
      ]
    },
    {
      "Target": "Parameter",
      "Id": "Paramzuoshoutc",
      "FadeInTime": -1.0,
      "FadeOutTime": -1.0,
      "Segments": [
        0,
        0,
        0,
        5.333,
        0
      ]
    },
    {
      "Target": "Parameter",
      "Id": "Paramzuoxiabqie",
      "FadeInTime": -1.0,
      "FadeOutTime": -1.0,
      "Segments": [
        0,
        0,
        0,
        5.333,
        0
      ]
    },
    {
      "Target": "Parameter",
      "Id": "Paramzuoshangbqie",
      "FadeInTime": -1.0,
      "FadeOutTime": -1.0,
      "Segments": [
        0,
        1,
        0,
        5.333,
        1
      ]
    },
    {
      "Target": "Parameter",
      "Id": "Paramzuoshoulitouf",
      "FadeInTime": -1.0,
      "FadeOutTime": -1.0,
      "Segments": [
        0,
        1,
        0,
        5.333,
        1
      ]
    },
    {
      "Target": "Parameter",
      "Id": "ParamRrr",
      "FadeInTime": -1.0,
      "FadeOutTime": -1.0,
      "Segments": [
        0,
        0,
        0,
        5.333,
        0
      ]
    },
    {
      "Target": "Parameter",
      "Id": "ParamEyeLSmile",
      "FadeInTime": -1.0,
      "FadeOutTime": -1.0,
      "Segments": [
        0,
        0,
        0,
        5.333,
        0
      ]
    },
    {
      "Target": "Parameter",
      "Id": "ParamEyeRSmile",
      "FadeInTime": -1.0,
      "FadeOutTime": -1.0,
      "Segments": [
        0,
        0,
        0,
        5.333,
        0
      ]
    },
    {
      "Target": "Parameter",
      "Id": "Paramleitm",
      "FadeInTime": -1.0,
      "FadeOutTime": -1.0,
      "Segments": [
        0,
        0,
        0,
        5.333,
        0
      ]
    },
    {
      "Target": "Parameter",
      "Id": "Parameyetm",
      "FadeInTime": -1.0,
      "FadeOutTime": -1.0,
      "Segments": [
        0,
        1,
        0,
        5.333,
        1
      ]
    },
    {
      "Target": "Parameter",
      "Id": "Parameyeqq",
      "FadeInTime": -1.0,
      "FadeOutTime": -1.0,
      "Segments": [
        0,
        0,
        0,
        5.333,
        0
      ]
    },
    {
      "Target": "Parameter",
      "Id": "Parameyeqie",
      "FadeInTime": -1.0,
      "FadeOutTime": -1.0,
      "Segments": [
        0,
        0,
        0,
        5.333,
        0
      ]
    },
    {
      "Target": "Parameter",
      "Id": "Paramtkdx",
      "FadeInTime": -1.0,
      "FadeOutTime": -1.0,
      "Segments": [
        0,
        0,
        0,
        5.333,
        0
      ]
    },
    {
      "Target": "Parameter",
      "Id": "Parameyeliqie",
      "FadeInTime": -1.0,
      "FadeOutTime": -1.0,
      "Segments": [
        0,
        0,
        0,
        5.333,
        0
      ]
    },
    {
      "Target": "Parameter",
      "Id": "ParamBrowRX",
      "FadeInTime": -1.0,
      "FadeOutTime": -1.0,
      "Segments": [
        0,
        0,
        0,
        5.333,
        0
      ]
    },
    {
      "Target": "Parameter",
      "Id": "ParamBrowLForm",
      "FadeInTime": -1.0,
      "FadeOutTime": -1.0,
      "Segments": [
        0,
        0,
        0,
        5.333,
        0
      ]
    },
    {
      "Target": "Parameter",
      "Id": "ParamBrowRForm",
      "FadeInTime": -1.0,
      "FadeOutTime": -1.0,
      "Segments": [
        0,
        0,
        0,
        5.333,
        0
      ]
    },
    {
      "Target": "Parameter",
      "Id": "ParamMouthOpenY",
      "FadeInTime": -1.0,
      "FadeOutTime": -1.0,
      "Segments": [
        0,
        0,
        0,
        5.333,
        0
      ]
    },
    {
      "Target": "Parameter",
      "Id": "Paramzuistm",
      "FadeInTime": -1.0,
      "FadeOutTime": -1.0,
      "Segments": [
        0,
        0,
        0,
        5.333,
        0
      ]
    },
    {
      "Target": "Parameter",
      "Id": "Paramzuizidtm",
      "FadeInTime": -1.0,
      "FadeOutTime": -1.0,
      "Segments": [
        0,
        1,
        0,
        5.333,
        1
      ]
    },
    {
      "Target": "Parameter",
      "Id": "ParamCheek",
      "FadeInTime": -1.0,
      "FadeOutTime": -1.0,
      "Segments": [
        0,
        0,
        0,
        5.333,
        0
      ]
    },
    {
      "Target": "Parameter",
      "Id": "Parammaoqitm",
      "FadeInTime": -1.0,
      "FadeOutTime": -1.0,
      "Segments": [
        0,
        0,
        0,
        5.333,
        0
      ]
    },
    {
      "Target": "Parameter",
      "Id": "Paramgl",
      "FadeInTime": -1.0,
      "FadeOutTime": -1.0,
      "Segments": [
        0,
        0,
        0,
        5.333,
        0
      ]
    },
    {
      "Target": "Parameter",
      "Id": "Paramqi1",
      "FadeInTime": -1.0,
      "FadeOutTime": -1.0,
      "Segments": [
        0,
        0,
        0,
        5.333,
        0
      ]
    },
    {
      "Target": "Parameter",
      "Id": "Paramqi2",
      "FadeInTime": -1.0,
      "FadeOutTime": -1.0,
      "Segments": [
        0,
        0,
        0,
        5.333,
        0
      ]
    },
    {
      "Target": "Parameter",
      "Id": "Paramqi3",
      "FadeInTime": -1.0,
      "FadeOutTime": -1.0,
      "Segments": [
        0,
        0,
        0,
        5.333,
        0
      ]
    },
    {
      "Target": "Parameter",
      "Id": "Paramqi4",
      "FadeInTime": -1.0,
      "FadeOutTime": -1.0,
      "Segments": [
        0,
        0,
        0,
        5.333,
        0
      ]
    },
    {
      "Target": "Parameter",
      "Id": "Paramdks",
      "FadeInTime": -1.0,
      "FadeOutTime": -1.0,
      "Segments": [
        0,
        0,
        0,
        5.333,
        0
      ]
    },
    {
      "Target": "Parameter",
      "Id": "Paramshetou",
      "FadeInTime": -1.0,
      "FadeOutTime": -1.0,
      "Segments": [
        0,
        0,
        0,
        5.333,
        0
      ]
    },
    {
      "Target": "Parameter",
      "Id": "Paramptp",
      "FadeInTime": -1.0,
      "FadeOutTime": -1.0,
      "Segments": [
        0,
        0,
        0,
        5.333,
        0
      ]
    },
    {
      "Target": "Parameter",
      "Id": "Paramquan",
      "FadeInTime": -1.0,
      "FadeOutTime": -1.0,
      "Segments": [
        0,
        0,
        0,
        5.333,
        0
      ]
    },
    {
      "Target": "Parameter",
      "Id": "Paramquantm",
      "FadeInTime": -1.0,
      "FadeOutTime": -1.0,
      "Segments": [
        0,
        0,
        0,
        5.333,
        0
      ]
    },
    {
      "Target": "Parameter",
      "Id": "Paramtouxingx",
      "FadeInTime": -1.0,
      "FadeOutTime": -1.0,
      "Segments": [
        0,
        0,
        0,
        5.333,
        0
      ]
    },
    {
      "Target": "Parameter",
      "Id": "Paramtxtm",
      "FadeInTime": -1.0,
      "FadeOutTime": -1.0,
      "Segments": [
        0,
        0,
        0,
        5.333,
        0
      ]
    },
    {
      "Target": "Parameter",
      "Id": "Paramdjj",
      "FadeInTime": -1.0,
      "FadeOutTime": -1.0,
      "Segments": [
        0,
        0,
        0,
        5.333,
        0
      ]
    },
    {
      "Target": "Parameter",
      "Id": "koushuishangxia",
      "FadeInTime": -1.0,
      "FadeOutTime": -1.0,
      "Segments": [
        0,
        0,
        0,
        5.333,
        0
      ]
    },
    {
      "Target": "Parameter",
      "Id": "koushuizuoyou",
      "FadeInTime": -1.0,
      "FadeOutTime": -1.0,
      "Segments": [
        0,
        0,
        0,
        5.333,
        0
      ]
    },
    {
      "Target": "Parameter",
      "Id": "koushuijiaodu",
      "FadeInTime": -1.0,
      "FadeOutTime": -1.0,
      "Segments": [
        0,
        0,
        0,
        5.333,
        0
      ]
    },
    {
      "Target": "Parameter",
      "Id": "koushuiyaobai",
      "FadeInTime": -1.0,
      "FadeOutTime": -1.0,
      "Segments": [
        0,
        0,
        0,
        5.333,
        0
      ]
    },
    {
      "Target": "Parameter",
      "Id": "koushuichangduan",
      "FadeInTime": -1.0,
      "FadeOutTime": -1.0,
      "Segments": [
        0,
        0,
        0,
        5.333,
        0
      ]
    },
    {
      "Target": "Parameter",
      "Id": "Paramkoushuiyasuo",
      "FadeInTime": -1.0,
      "FadeOutTime": -1.0,
      "Segments": [
        0,
        0,
        0,
        5.333,
        0
      ]
    },
    {
      "Target": "Parameter",
      "Id": "ParamBodyAngleZ",
      "FadeInTime": -1.0,
      "FadeOutTime": -1.0,
      "Segments": [
        0,
        0,
        0,
        5.333,
        0
      ]
    },
    {
      "Target": "Parameter",
      "Id": "ParamHairSide",
      "FadeInTime": -1.0,
      "FadeOutTime": -1.0,
      "Segments": [
        0,
        0,
        0,
        5.333,
        0
      ]
    },
    {
      "Target": "PartOpacity",
      "Id": "Part",
      "FadeInTime": -1.0,
      "FadeOutTime": -1.0,
      "Segments": [
        0,
        1,
        0,
        5.333,
        1
      ]
    },
    {
      "Target": "PartOpacity",
      "Id": "Part2",
      "FadeInTime": -1.0,
      "FadeOutTime": -1.0,
      "Segments": [
        0,
        1,
        0,
        5.333,
        1
      ]
    },
    {
      "Target": "PartOpacity",
      "Id": "Part3",
      "FadeInTime": -1.0,
      "FadeOutTime": -1.0,
      "Segments": [
        0,
        1,
        0,
        5.333,
        1
      ]
    },
    {
      "Target": "PartOpacity",
      "Id": "dc",
      "FadeInTime": -1.0,
      "FadeOutTime": -1.0,
      "Segments": [
        0,
        1,
        0,
        5.333,
        1
      ]
    },
    {
      "Target": "PartOpacity",
      "Id": "Part4",
      "FadeInTime": -1.0,
      "FadeOutTime": -1.0,
      "Segments": [
        0,
        1,
        0,
        5.333,
        1
      ]
    },
    {
      "Target": "PartOpacity",
      "Id": "Part5",
      "FadeInTime": -1.0,
      "FadeOutTime": -1.0,
      "Segments": [
        0,
        1,
        0,
        5.333,
        1
      ]
    },
    {
      "Target": "PartOpacity",
      "Id": "Part6",
      "FadeInTime": -1.0,
      "FadeOutTime": -1.0,
      "Segments": [
        0,
        1,
        0,
        5.333,
        1
      ]
    },
    {
      "Target": "PartOpacity",
      "Id": "Part7",
      "FadeInTime": -1.0,
      "FadeOutTime": -1.0,
      "Segments": [
        0,
        1,
        0,
        5.333,
        1
      ]
    },
    {
      "Target": "PartOpacity",
      "Id": "Part8",
      "FadeInTime": -1.0,
      "FadeOutTime": -1.0,
      "Segments": [
        0,
        1,
        0,
        5.333,
        1
      ]
    },
    {
      "Target": "PartOpacity",
      "Id": "Part9",
      "FadeInTime": -1.0,
      "FadeOutTime": -1.0,
      "Segments": [
        0,
        1,
        0,
        5.333,
        1
      ]
    },
    {
      "Target": "PartOpacity",
      "Id": "Part10",
      "FadeInTime": -1.0,
      "FadeOutTime": -1.0,
      "Segments": [
        0,
        1,
        0,
        5.333,
        1
      ]
    },
    {
      "Target": "PartOpacity",
      "Id": "Part11",
      "FadeInTime": -1.0,
      "FadeOutTime": -1.0,
      "Segments": [
        0,
        1,
        0,
        5.333,
        1
      ]
    },
    {
      "Target": "PartOpacity",
      "Id": "Part12",
      "FadeInTime": -1.0,
      "FadeOutTime": -1.0,
      "Segments": [
        0,
        1,
        0,
        5.333,
        1
      ]
    },
    {
      "Target": "PartOpacity",
      "Id": "Part13",
      "FadeInTime": -1.0,
      "FadeOutTime": -1.0,
      "Segments": [
        0,
        1,
        0,
        5.333,
        1
      ]
    },
    {
      "Target": "PartOpacity",
      "Id": "Part14",
      "FadeInTime": -1.0,
      "FadeOutTime": -1.0,
      "Segments": [
        0,
        1,
        0,
        5.333,
        1
      ]
    },
    {
      "Target": "PartOpacity",
      "Id": "Part15",
      "FadeInTime": -1.0,
      "FadeOutTime": -1.0,
      "Segments": [
        0,
        1,
        0,
        5.333,
        1
      ]
    },
    {
      "Target": "PartOpacity",
      "Id": "Part16",
      "FadeInTime": -1.0,
      "FadeOutTime": -1.0,
      "Segments": [
        0,
        1,
        0,
        5.333,
        1
      ]
    },
    {
      "Target": "PartOpacity",
      "Id": "Part17",
      "FadeInTime": -1.0,
      "FadeOutTime": -1.0,
      "Segments": [
        0,
        1,
        0,
        5.333,
        1
      ]
    },
    {
      "Target": "PartOpacity",
      "Id": "bq",
      "FadeInTime": -1.0,
      "FadeOutTime": -1.0,
      "Segments": [
        0,
        1,
        0,
        5.333,
        1
      ]
    },
    {
      "Target": "PartOpacity",
      "Id": "Part20",
      "FadeInTime": -1.0,
      "FadeOutTime": -1.0,
      "Segments": [
        0,
        1,
        0,
        5.333,
        1
      ]
    },
    {
      "Target": "PartOpacity",
      "Id": "Part21",
      "FadeInTime": -1.0,
      "FadeOutTime": -1.0,
      "Segments": [
        0,
        1,
        0,
        5.333,
        1
      ]
    },
    {
      "Target": "PartOpacity",
      "Id": "Part22",
      "FadeInTime": -1.0,
      "FadeOutTime": -1.0,
      "Segments": [
        0,
        1,
        0,
        5.333,
        1
      ]
    },
    {
      "Target": "PartOpacity",
      "Id": "Part23",
      "FadeInTime": -1.0,
      "FadeOutTime": -1.0,
      "Segments": [
        0,
        1,
        0,
        5.333,
        1
      ]
    },
    {
      "Target": "PartOpacity",
      "Id": "Part24",
      "FadeInTime": -1.0,
      "FadeOutTime": -1.0,
      "Segments": [
        0,
        1,
        0,
        5.333,
        1
      ]
    },
    {
      "Target": "PartOpacity",
      "Id": "dc1",
      "FadeInTime": -1.0,
      "FadeOutTime": -1.0,
      "Segments": [
        0,
        1,
        0,
        5.333,
        1
      ]
    },
    {
      "Target": "PartOpacity",
      "Id": "Part25",
      "FadeInTime": -1.0,
      "FadeOutTime": -1.0,
      "Segments": [
        0,
        1,
        0,
        5.333,
        1
      ]
    },
    {
      "Target": "PartOpacity",
      "Id": "Part26",
      "FadeInTime": -1.0,
      "FadeOutTime": -1.0,
      "Segments": [
        0,
        1,
        0,
        5.333,
        1
      ]
    },
    {
      "Target": "PartOpacity",
      "Id": "Part27",
      "FadeInTime": -1.0,
      "FadeOutTime": -1.0,
      "Segments": [
        0,
        1,
        0,
        5.333,
        1
      ]
    }
  ],
  "UserData": [
    {
      "Time": 0.0,
      "Value": ""
    },
    {
      "Time": 4.833,
      "Value": ""
    }
  ]
}