{
  "Version": 3,
  "Meta": {
    "Duration": 6.5,
    "Fps": 30.0,
    "Loop": true,
    "AreBeziersRestricted": true,
    "FadeInTime": 0.0,
    "FadeOutTime": 0.0,
    "CurveCount": 163,
    "TotalSegmentCount": 694,
    "TotalPointCount": 1004,
    "UserDataCount": 2,
    "TotalUserDataSize": 0
  },
  "Curves": [
    {
      "Target": "Parameter",
      "Id": "Paramxxtm",
      "FadeInTime": -1.0,
      "FadeOutTime": -1.0,
      "Segments": [
        0,
        0,
        2,
        4.2,
        0,
        0,
        4.467,
        1,
        0,
        4.567,
        0,
        0,
        4.8,
        1,
        0,
        4.867,
        0,
        0,
        5.167,
        1,
        0,
        5.5,
        0,
        2,
        6.5,
        0
      ]
    },
    {
      "Target": "Parameter",
      "Id": "Paramxxtm2",
      "FadeInTime": -1.0,
      "FadeOutTime": -1.0,
      "Segments": [
        0,
        0,
        2,
        4.2,
        0,
        0,
        4.367,
        1,
        0,
        4.467,
        0,
        0,
        4.667,
        1,
        0,
        4.733,
        0,
        0,
        4.933,
        1,
        0,
        5.4,
        0,
        2,
        6.5,
        0
      ]
    },
    {
      "Target": "Parameter",
      "Id": "Paramxxd1",
      "FadeInTime": -1.0,
      "FadeOutTime": -1.0,
      "Segments": [
        0,
        0,
        2,
        4.233,
        0,
        0,
        4.5,
        1,
        0,
        4.833,
        0,
        0,
        5.233,
        1,
        0,
        5.633,
        0,
        2,
        6.5,
        0
      ]
    },
    {
      "Target": "Parameter",
      "Id": "Paramxxd2",
      "FadeInTime": -1.0,
      "FadeOutTime": -1.0,
      "Segments": [
        0,
        0,
        2,
        4.367,
        0,
        0,
        4.7,
        1,
        0,
        5.033,
        0,
        0,
        5.5,
        1,
        2,
        6.5,
        1
      ]
    },
    {
      "Target": "Parameter",
      "Id": "ParamlegLxz",
      "FadeInTime": -1.0,
      "FadeOutTime": -1.0,
      "Segments": [
        0,
        0,
        0,
        0.667,
        -1.66,
        0,
        2.267,
        1.664,
        0,
        3.7,
        -1.66,
        0,
        5.3,
        1.664,
        1,
        5.533,
        1.664,
        5.767,
        1.303,
        6,
        0,
        1,
        6.167,
        -0.931,
        6.333,
        -1.725,
        6.5,
        -2.262
      ]
    },
    {
      "Target": "Parameter",
      "Id": "Paramjoxz",
      "FadeInTime": -1.0,
      "FadeOutTime": -1.0,
      "Segments": [
        0,
        0,
        1,
        0.222,
        0,
        0.445,
        -0.364,
        0.667,
        -0.995,
        1,
        0.911,
        -1.688,
        1.156,
        -1.99,
        1.4,
        -1.99,
        1,
        1.689,
        -1.99,
        1.978,
        -1.683,
        2.267,
        -0.995,
        1,
        2.534,
        -0.359,
        2.8,
        0,
        3.067,
        0,
        1,
        3.278,
        0,
        3.489,
        -0.432,
        3.7,
        -0.995,
        1,
        3.978,
        -1.735,
        4.255,
        -1.99,
        4.533,
        -1.99,
        1,
        4.789,
        -1.99,
        5.044,
        -1.687,
        5.3,
        -0.995,
        1,
        5.533,
        -0.363,
        5.767,
        0,
        6,
        0,
        1,
        6.167,
        0,
        6.333,
        -0.337,
        6.5,
        -0.931
      ]
    },
    {
      "Target": "Parameter",
      "Id": "ParamjoLbx",
      "FadeInTime": -1.0,
      "FadeOutTime": -1.0,
      "Segments": [
        0,
        0,
        0,
        0.667,
        2.022,
        1,
        0.911,
        2.022,
        1.156,
        1.23,
        1.4,
        0.033,
        1,
        1.689,
        -1.381,
        1.978,
        -1.928,
        2.267,
        -1.928,
        1,
        2.534,
        -1.928,
        2.8,
        -1.414,
        3.067,
        0.033,
        1,
        3.278,
        1.179,
        3.489,
        2.022,
        3.7,
        2.022,
        1,
        3.978,
        2.022,
        4.255,
        1.403,
        4.533,
        0.033,
        1,
        4.789,
        -1.227,
        5.044,
        -1.928,
        5.3,
        -1.928,
        1,
        5.533,
        -1.928,
        5.767,
        -1.793,
        6,
        0,
        1,
        6.167,
        1.281,
        6.333,
        2.661,
        6.5,
        3.667
      ]
    },
    {
      "Target": "Parameter",
      "Id": "ParamlegRxz",
      "FadeInTime": -1.0,
      "FadeOutTime": -1.0,
      "Segments": [
        0,
        0,
        0,
        0.733,
        -3,
        0,
        2.333,
        3,
        0,
        3.767,
        -3,
        0,
        5.367,
        3,
        1,
        5.578,
        3,
        5.789,
        1.559,
        6,
        0,
        1,
        6.167,
        -1.231,
        6.333,
        -2.004,
        6.5,
        -2.456
      ]
    },
    {
      "Target": "Parameter",
      "Id": "Paramjorxz",
      "FadeInTime": -1.0,
      "FadeOutTime": -1.0,
      "Segments": [
        0,
        0,
        1,
        0.244,
        0,
        0.489,
        -0.999,
        0.733,
        -3,
        1,
        0.978,
        -5.001,
        1.222,
        -6.002,
        1.467,
        -6.002,
        1,
        1.756,
        -6.002,
        2.044,
        -5.077,
        2.333,
        -3,
        1,
        2.6,
        -1.082,
        2.866,
        0,
        3.133,
        0,
        1,
        3.344,
        0,
        3.556,
        -1.304,
        3.767,
        -3,
        1,
        4.045,
        -5.231,
        4.322,
        -6.002,
        4.6,
        -6.002,
        1,
        4.856,
        -6.002,
        5.111,
        -5.171,
        5.367,
        -3,
        1,
        5.578,
        -1.206,
        5.789,
        0,
        6,
        0,
        1,
        6.167,
        0,
        6.333,
        -0.337,
        6.5,
        -0.931
      ]
    },
    {
      "Target": "Parameter",
      "Id": "ParamjoRbx",
      "FadeInTime": -1.0,
      "FadeOutTime": -1.0,
      "Segments": [
        0,
        0,
        0,
        0.733,
        5.129,
        1,
        0.978,
        5.129,
        1.222,
        3.086,
        1.467,
        0,
        1,
        1.756,
        -3.647,
        2.044,
        -5.058,
        2.333,
        -5.058,
        1,
        2.6,
        -5.058,
        2.866,
        -3.731,
        3.133,
        0,
        1,
        3.344,
        2.953,
        3.556,
        5.129,
        3.767,
        5.129,
        1,
        4.045,
        5.129,
        4.322,
        3.533,
        4.6,
        0,
        1,
        4.856,
        -3.25,
        5.111,
        -5.058,
        5.367,
        -5.058,
        1,
        5.578,
        -5.058,
        5.789,
        -2.651,
        6,
        0,
        1,
        6.167,
        2.093,
        6.333,
        3.415,
        6.5,
        4.192
      ]
    },
    {
      "Target": "Parameter",
      "Id": "Paramyoushangbixz",
      "FadeInTime": -1.0,
      "FadeOutTime": -1.0,
      "Segments": [
        0,
        0,
        0,
        0.667,
        -10,
        0,
        1.233,
        -4.06,
        2,
        5.033,
        -4.06,
        0,
        6,
        0,
        2,
        6.5,
        0
      ]
    },
    {
      "Target": "Parameter",
      "Id": "Paramyoushangbiss",
      "FadeInTime": -1.0,
      "FadeOutTime": -1.0,
      "Segments": [
        0,
        0,
        0,
        0.667,
        10,
        2,
        1.233,
        10,
        2,
        5.033,
        10,
        0,
        6,
        0,
        2,
        6.5,
        0
      ]
    },
    {
      "Target": "Parameter",
      "Id": "Paramyouxibxz",
      "FadeInTime": -1.0,
      "FadeOutTime": -1.0,
      "Segments": [
        0,
        0,
        0,
        0.667,
        -2,
        1,
        0.856,
        -2,
        1.044,
        0.188,
        1.233,
        0.7,
        1,
        1.366,
        1.061,
        1.5,
        1.211,
        1.633,
        1.24,
        1,
        1.911,
        1.301,
        2.189,
        1.305,
        2.467,
        1.305,
        0,
        3.3,
        1.24,
        0,
        4.2,
        1.305,
        1,
        4.478,
        1.305,
        4.755,
        1.328,
        5.033,
        1.24,
        1,
        5.355,
        1.138,
        5.678,
        0,
        6,
        0,
        1,
        6.167,
        0,
        6.333,
        0.144,
        6.5,
        0.277
      ]
    },
    {
      "Target": "Parameter",
      "Id": "Paramyoushouzxz",
      "FadeInTime": -1.0,
      "FadeOutTime": -1.0,
      "Segments": [
        0,
        -0.186,
        1,
        0.222,
        -0.186,
        0.445,
        -0.446,
        0.667,
        -2,
        1,
        0.856,
        -3.321,
        1.044,
        -5,
        1.233,
        -5,
        1,
        1.366,
        -5,
        1.5,
        -2.755,
        1.633,
        -2.7,
        1,
        1.911,
        -2.586,
        2.189,
        -2.583,
        2.467,
        -2.583,
        0,
        3.3,
        -2.7,
        0,
        4.2,
        -2.583,
        0,
        5.033,
        -2.7,
        1,
        5.355,
        -2.7,
        5.678,
        -0.494,
        6,
        -0.186,
        1,
        6.167,
        -0.026,
        6.333,
        -0.108,
        6.5,
        0
      ]
    },
    {
      "Target": "Parameter",
      "Id": "Paramyouzhi2",
      "FadeInTime": -1.0,
      "FadeOutTime": -1.0,
      "Segments": [
        0,
        1,
        2,
        6,
        1,
        1,
        6.167,
        1,
        6.333,
        0.885,
        6.5,
        0.779
      ]
    },
    {
      "Target": "Parameter",
      "Id": "Paramyouzhi3",
      "FadeInTime": -1.0,
      "FadeOutTime": -1.0,
      "Segments": [
        0,
        1,
        2,
        6,
        1,
        1,
        6.167,
        1,
        6.333,
        0.857,
        6.5,
        0.723
      ]
    },
    {
      "Target": "Parameter",
      "Id": "Paramyouzhi4",
      "FadeInTime": -1.0,
      "FadeOutTime": -1.0,
      "Segments": [
        0,
        1,
        2,
        6,
        1,
        1,
        6.167,
        1,
        6.333,
        0.885,
        6.5,
        0.779
      ]
    },
    {
      "Target": "Parameter",
      "Id": "Paramyouzhi5",
      "FadeInTime": -1.0,
      "FadeOutTime": -1.0,
      "Segments": [
        0,
        1,
        2,
        6,
        1,
        1,
        6.167,
        1,
        6.333,
        0.885,
        6.5,
        0.779
      ]
    },
    {
      "Target": "Parameter",
      "Id": "Paramshuts",
      "FadeInTime": -1.0,
      "FadeOutTime": -1.0,
      "Segments": [
        0,
        0,
        2,
        6,
        0,
        1,
        6.167,
        0,
        6.333,
        -0.057,
        6.5,
        -0.111
      ]
    },
    {
      "Target": "Parameter",
      "Id": "Paramdct",
      "FadeInTime": -1.0,
      "FadeOutTime": -1.0,
      "Segments": [
        0,
        0.7,
        0,
        0.367,
        1,
        0,
        1.267,
        0,
        2,
        5.3,
        0,
        0,
        6,
        0.7,
        2,
        6.5,
        0.7
      ]
    },
    {
      "Target": "Parameter",
      "Id": "Paramzuoshangbixz",
      "FadeInTime": -1.0,
      "FadeOutTime": -1.0,
      "Segments": [
        0,
        0,
        1,
        0.122,
        0,
        0.245,
        -0.672,
        0.367,
        -1,
        1,
        0.667,
        -1.804,
        0.967,
        -2,
        1.267,
        -2,
        2,
        5.3,
        -2,
        0,
        6,
        0,
        2,
        6.5,
        0
      ]
    },
    {
      "Target": "Parameter",
      "Id": "Paramzuoshangbiss",
      "FadeInTime": -1.0,
      "FadeOutTime": -1.0,
      "Segments": [
        0,
        0,
        2,
        0.367,
        0,
        0,
        1.267,
        -5,
        2,
        5.3,
        -5,
        1,
        5.411,
        -5,
        5.522,
        -1.945,
        5.633,
        -1,
        1,
        5.755,
        0.04,
        5.878,
        0,
        6,
        0,
        2,
        6.5,
        0
      ]
    },
    {
      "Target": "Parameter",
      "Id": "Paramzuoxiabxz",
      "FadeInTime": -1.0,
      "FadeOutTime": -1.0,
      "Segments": [
        0,
        0,
        1,
        0.122,
        0,
        0.245,
        -0.042,
        0.367,
        1,
        1,
        0.667,
        3.557,
        0.967,
        6,
        1.267,
        6,
        2,
        5.3,
        6,
        0,
        6,
        0,
        2,
        6.5,
        0
      ]
    },
    {
      "Target": "Parameter",
      "Id": "Paramzuoxiabss",
      "FadeInTime": -1.0,
      "FadeOutTime": -1.0,
      "Segments": [
        0,
        0,
        2,
        0.367,
        0,
        0,
        1.267,
        -5,
        2,
        5.3,
        -5,
        0,
        5.633,
        -10,
        1,
        5.689,
        -10,
        5.744,
        -6.75,
        5.8,
        -4,
        1,
        5.867,
        -0.7,
        5.933,
        0,
        6,
        0,
        2,
        6.5,
        0
      ]
    },
    {
      "Target": "Parameter",
      "Id": "Paramcefal",
      "FadeInTime": -1.0,
      "FadeOutTime": -1.0,
      "Segments": [
        0,
        0,
        2,
        0.233,
        0,
        0,
        0.6,
        1,
        2,
        1.267,
        1,
        2,
        5.3,
        1,
        1,
        5.411,
        1,
        5.522,
        0.976,
        5.633,
        0.7,
        1,
        5.755,
        0.396,
        5.878,
        0,
        6,
        0,
        2,
        6.5,
        0
      ]
    },
    {
      "Target": "Parameter",
      "Id": "Paramzuoshouq",
      "FadeInTime": -1.0,
      "FadeOutTime": -1.0,
      "Segments": [
        0,
        0,
        0,
        0.367,
        1,
        2,
        1.267,
        1,
        2,
        5.3,
        1,
        2,
        5.633,
        1,
        0,
        6,
        0,
        2,
        6.5,
        0
      ]
    },
    {
      "Target": "Parameter",
      "Id": "Paramzuoshangbqie",
      "FadeInTime": -1.0,
      "FadeOutTime": -1.0,
      "Segments": [
        0,
        1,
        0,
        0.367,
        0,
        2,
        5.3,
        0,
        0,
        6,
        1,
        2,
        6.5,
        1
      ]
    },
    {
      "Target": "Parameter",
      "Id": "Paramzuoshoulitouf",
      "FadeInTime": -1.0,
      "FadeOutTime": -1.0,
      "Segments": [
        0,
        1,
        2,
        0.367,
        1,
        0,
        0.4,
        0,
        2,
        5.3,
        0,
        2,
        5.633,
        0,
        0,
        5.667,
        1,
        2,
        6,
        1,
        2,
        6.5,
        1
      ]
    },
    {
      "Target": "Parameter",
      "Id": "Paramzuozhi1",
      "FadeInTime": -1.0,
      "FadeOutTime": -1.0,
      "Segments": [
        0,
        0,
        0,
        1.933,
        -1,
        0,
        4.7,
        1,
        0,
        6,
        0,
        2,
        6.5,
        0
      ]
    },
    {
      "Target": "Parameter",
      "Id": "Paramzuozhi2",
      "FadeInTime": -1.0,
      "FadeOutTime": -1.0,
      "Segments": [
        0,
        0,
        0,
        1.867,
        -1,
        0,
        4.633,
        1,
        0,
        6,
        0,
        2,
        6.5,
        0
      ]
    },
    {
      "Target": "Parameter",
      "Id": "Paramzuozhi3",
      "FadeInTime": -1.0,
      "FadeOutTime": -1.0,
      "Segments": [
        0,
        0,
        0,
        1.8,
        -1,
        0,
        4.567,
        1,
        0,
        6,
        0,
        2,
        6.5,
        0
      ]
    },
    {
      "Target": "Parameter",
      "Id": "Paramzuozhi4",
      "FadeInTime": -1.0,
      "FadeOutTime": -1.0,
      "Segments": [
        0,
        0,
        0,
        1.733,
        -1,
        0,
        4.5,
        1,
        0,
        6,
        0,
        2,
        6.5,
        0
      ]
    },
    {
      "Target": "Parameter",
      "Id": "Paramzuozhi5",
      "FadeInTime": -1.0,
      "FadeOutTime": -1.0,
      "Segments": [
        0,
        0,
        0,
        1.667,
        -1,
        0,
        4.433,
        1,
        0,
        6,
        0,
        2,
        6.5,
        0
      ]
    },
    {
      "Target": "Parameter",
      "Id": "ParamAngleX",
      "FadeInTime": -1.0,
      "FadeOutTime": -1.0,
      "Segments": [
        0,
        0,
        0,
        0.5,
        -1,
        0,
        1.567,
        16,
        0,
        3.733,
        -6,
        0,
        4.4,
        16,
        0,
        6,
        0,
        1,
        6.167,
        0,
        6.333,
        2.583,
        6.5,
        4.981
      ]
    },
    {
      "Target": "Parameter",
      "Id": "ParamAngleY",
      "FadeInTime": -1.0,
      "FadeOutTime": -1.0,
      "Segments": [
        0,
        0,
        1,
        0.167,
        0,
        0.333,
        -19.638,
        0.5,
        -24,
        1,
        0.656,
        -28.071,
        0.811,
        -27.73,
        0.967,
        -27.73,
        0,
        1.567,
        22,
        1,
        2.289,
        22,
        3.011,
        19.495,
        3.733,
        12,
        1,
        3.844,
        10.847,
        3.956,
        -9.56,
        4.067,
        -9.56,
        0,
        4.4,
        22,
        1,
        4.933,
        22,
        5.467,
        9.148,
        6,
        0,
        1,
        6.167,
        -2.859,
        6.333,
        -4.09,
        6.5,
        -4.616
      ]
    },
    {
      "Target": "Parameter",
      "Id": "ParamAngleZ",
      "FadeInTime": -1.0,
      "FadeOutTime": -1.0,
      "Segments": [
        0,
        0,
        0,
        0.5,
        -28,
        0,
        1.567,
        12,
        2,
        4.4,
        12,
        0,
        6,
        0,
        1,
        6.167,
        0,
        6.333,
        2.296,
        6.5,
        4.428
      ]
    },
    {
      "Target": "Parameter",
      "Id": "ParamEyeLOpen",
      "FadeInTime": -1.0,
      "FadeOutTime": -1.0,
      "Segments": [
        0,
        1,
        0,
        1,
        0,
        2,
        1.267,
        0,
        2,
        1.567,
        0,
        2,
        3.733,
        0,
        2,
        4.067,
        0,
        0,
        4.4,
        1,
        2,
        6,
        1,
        2,
        6.5,
        1
      ]
    },
    {
      "Target": "Parameter",
      "Id": "ParamEyeROpen",
      "FadeInTime": -1.0,
      "FadeOutTime": -1.0,
      "Segments": [
        0,
        1,
        0,
        1,
        0,
        2,
        1.267,
        0,
        0,
        1.567,
        0.8,
        2,
        3.733,
        0.8,
        0,
        4.067,
        0,
        0,
        4.4,
        1,
        2,
        6,
        1,
        2,
        6.5,
        1
      ]
    },
    {
      "Target": "Parameter",
      "Id": "ParamEyeBallX",
      "FadeInTime": -1.0,
      "FadeOutTime": -1.0,
      "Segments": [
        0,
        0,
        2,
        1.433,
        0,
        0,
        1.667,
        -0.4,
        0,
        2.067,
        0,
        0,
        4.3,
        -0.4,
        0,
        4.9,
        0.4,
        0,
        6,
        0,
        1,
        6.167,
        0,
        6.333,
        0.062,
        6.5,
        0.117
      ]
    },
    {
      "Target": "Parameter",
      "Id": "ParamEyeBallY",
      "FadeInTime": -1.0,
      "FadeOutTime": -1.0,
      "Segments": [
        0,
        0,
        2,
        1.433,
        0,
        2,
        1.667,
        0,
        2,
        2.067,
        0,
        2,
        4.3,
        0,
        0,
        4.9,
        -0.6,
        0,
        6,
        0,
        1,
        6.167,
        0,
        6.333,
        -0.031,
        6.5,
        -0.058
      ]
    },
    {
      "Target": "Parameter",
      "Id": "Parameyeshizi",
      "FadeInTime": -1.0,
      "FadeOutTime": -1.0,
      "Segments": [
        0,
        0,
        2,
        1,
        0,
        0,
        1.267,
        1,
        0,
        1.567,
        -1,
        0,
        1.8,
        0.361,
        0,
        1.967,
        -0.2,
        1,
        1.989,
        -0.2,
        2.011,
        -0.022,
        2.033,
        0,
        1,
        2.711,
        0.685,
        3.389,
        1,
        4.067,
        1,
        0,
        4.4,
        -1,
        0,
        4.633,
        0.361,
        0,
        4.8,
        -0.2,
        0,
        4.867,
        0,
        2,
        6,
        0,
        2,
        6.5,
        0
      ]
    },
    {
      "Target": "Parameter",
      "Id": "Paramurrrr",
      "FadeInTime": -1.0,
      "FadeOutTime": -1.0,
      "Segments": [
        0,
        0,
        2,
        1,
        0,
        2,
        1.267,
        0,
        0,
        1.567,
        -0.2,
        0,
        1.8,
        0.1,
        0,
        1.967,
        -0.1,
        0,
        2.133,
        0.1,
        0,
        2.3,
        -0.1,
        0,
        2.5,
        0.06,
        0,
        2.7,
        -0.038,
        0,
        2.933,
        0.029,
        0,
        3.267,
        -0.014,
        0,
        3.567,
        0,
        2,
        4.067,
        0,
        0,
        4.4,
        -0.2,
        0,
        4.633,
        0.1,
        0,
        4.8,
        -0.1,
        0,
        4.967,
        0.1,
        0,
        5.133,
        -0.1,
        0,
        5.333,
        0.06,
        0,
        5.533,
        -0.038,
        0,
        5.767,
        0.029,
        0,
        6,
        0,
        2,
        6.5,
        0
      ]
    },
    {
      "Target": "Parameter",
      "Id": "ParamBrowLX",
      "FadeInTime": -1.0,
      "FadeOutTime": -1.0,
      "Segments": [
        0,
        0,
        0,
        1,
        0.274,
        2,
        1.267,
        0.274,
        2,
        1.567,
        0.274,
        2,
        3.733,
        0.274,
        2,
        4.067,
        0.274,
        0,
        4.4,
        0,
        2,
        6,
        0,
        2,
        6.5,
        0
      ]
    },
    {
      "Target": "Parameter",
      "Id": "ParamBrowLY",
      "FadeInTime": -1.0,
      "FadeOutTime": -1.0,
      "Segments": [
        0,
        0,
        0,
        1,
        -1,
        2,
        1.267,
        -1,
        2,
        1.567,
        -1,
        2,
        3.733,
        -1,
        2,
        4.067,
        -1,
        0,
        4.4,
        0,
        2,
        6,
        0,
        2,
        6.5,
        0
      ]
    },
    {
      "Target": "Parameter",
      "Id": "ParamBrowRY",
      "FadeInTime": -1.0,
      "FadeOutTime": -1.0,
      "Segments": [
        0,
        0,
        0,
        1,
        -0.8,
        2,
        1.267,
        -0.8,
        0,
        1.567,
        -0.174,
        2,
        3.733,
        -0.174,
        0,
        4.067,
        -0.8,
        0,
        4.4,
        0,
        2,
        6,
        0,
        2,
        6.5,
        0
      ]
    },
    {
      "Target": "Parameter",
      "Id": "ParamBrowLAngle",
      "FadeInTime": -1.0,
      "FadeOutTime": -1.0,
      "Segments": [
        0,
        0,
        0,
        1,
        0.498,
        2,
        1.267,
        0.498,
        2,
        1.567,
        0.498,
        2,
        3.733,
        0.498,
        2,
        4.067,
        0.498,
        1,
        4.178,
        0.332,
        4.289,
        0.166,
        4.4,
        0,
        2,
        6,
        0,
        2,
        6.5,
        0
      ]
    },
    {
      "Target": "Parameter",
      "Id": "ParamBrowRAngle",
      "FadeInTime": -1.0,
      "FadeOutTime": -1.0,
      "Segments": [
        0,
        0,
        0,
        1,
        -0.3,
        2,
        1.267,
        -0.3,
        0,
        1.567,
        -0.065,
        2,
        3.733,
        -0.065,
        0,
        4.067,
        -0.3,
        0,
        4.4,
        0,
        2,
        6,
        0,
        2,
        6.5,
        0
      ]
    },
    {
      "Target": "Parameter",
      "Id": "ParamMouthForm",
      "FadeInTime": -1.0,
      "FadeOutTime": -1.0,
      "Segments": [
        0,
        0,
        0,
        1,
        1,
        0,
        6,
        0,
        0,
        6.5,
        0.5
      ]
    },
    {
      "Target": "Parameter",
      "Id": "ParamMouthOpenY",
      "FadeInTime": -1.0,
      "FadeOutTime": -1.0,
      "Segments": [
        0,
        0,
        0,
        1,
        1,
        0,
        6,
        0,
        2,
        6.5,
        0
      ]
    },
    {
      "Target": "Parameter",
      "Id": "Paramzuikb",
      "FadeInTime": -1.0,
      "FadeOutTime": -1.0,
      "Segments": [
        0,
        0,
        0,
        1,
        1,
        0,
        6,
        0,
        2,
        6.5,
        0
      ]
    },
    {
      "Target": "Parameter",
      "Id": "Paramzuistm",
      "FadeInTime": -1.0,
      "FadeOutTime": -1.0,
      "Segments": [
        0,
        0,
        2,
        0.5,
        0,
        0,
        0.533,
        1,
        2,
        5.833,
        1,
        0,
        5.867,
        0,
        2,
        6,
        0,
        2,
        6.5,
        0
      ]
    },
    {
      "Target": "Parameter",
      "Id": "Paramzuizidtm",
      "FadeInTime": -1.0,
      "FadeOutTime": -1.0,
      "Segments": [
        0,
        1,
        2,
        0.5,
        1,
        0,
        0.533,
        0,
        2,
        5.833,
        0,
        0,
        5.867,
        1,
        2,
        6,
        1,
        2,
        6.5,
        1
      ]
    },
    {
      "Target": "Parameter",
      "Id": "Paramdks",
      "FadeInTime": -1.0,
      "FadeOutTime": -1.0,
      "Segments": [
        0,
        0,
        0,
        1,
        1,
        0,
        6,
        0,
        2,
        6.5,
        0
      ]
    },
    {
      "Target": "Parameter",
      "Id": "Paramquan",
      "FadeInTime": -1.0,
      "FadeOutTime": -1.0,
      "Segments": [
        0,
        0,
        2,
        1.167,
        0,
        0,
        1.333,
        1,
        0,
        1.5,
        0,
        0,
        1.667,
        1,
        0,
        1.833,
        0,
        0,
        2,
        1,
        0,
        2.167,
        0,
        0,
        2.333,
        1,
        0,
        2.5,
        0,
        0,
        2.667,
        1,
        0,
        2.833,
        0,
        0,
        3,
        1,
        0,
        3.167,
        0,
        0,
        3.333,
        1,
        0,
        3.5,
        0,
        0,
        3.667,
        1,
        0,
        6,
        0,
        2,
        6.5,
        0
      ]
    },
    {
      "Target": "Parameter",
      "Id": "Paramquantm",
      "FadeInTime": -1.0,
      "FadeOutTime": -1.0,
      "Segments": [
        0,
        0,
        2,
        1.533,
        0,
        0,
        1.7,
        1,
        2,
        3.667,
        1,
        0,
        3.867,
        0,
        2,
        6,
        0,
        2,
        6.5,
        0
      ]
    },
    {
      "Target": "Parameter",
      "Id": "Paramdcx",
      "FadeInTime": -1.0,
      "FadeOutTime": -1.0,
      "Segments": [
        0,
        0,
        0,
        0.6,
        -0.4,
        0,
        2.2,
        0.4,
        0,
        3.633,
        -0.4,
        0,
        5.233,
        0.4,
        1,
        5.489,
        0.4,
        5.744,
        0.238,
        6,
        0,
        1,
        6.167,
        -0.155,
        6.333,
        -0.259,
        6.5,
        -0.322
      ]
    },
    {
      "Target": "Parameter",
      "Id": "Paramdcy",
      "FadeInTime": -1.0,
      "FadeOutTime": -1.0,
      "Segments": [
        0,
        -0.4,
        0,
        0.6,
        0,
        0,
        1.333,
        -0.4,
        0,
        2.2,
        0,
        0,
        2.9,
        -0.4,
        0,
        3.633,
        0,
        0,
        4.467,
        -0.4,
        0,
        5.233,
        0,
        0,
        6,
        -0.4,
        1,
        6.167,
        -0.4,
        6.333,
        -0.285,
        6.5,
        -0.179
      ]
    },
    {
      "Target": "Parameter",
      "Id": "Paramdczuoyou",
      "FadeInTime": -1.0,
      "FadeOutTime": -1.0,
      "Segments": [
        0,
        0,
        0,
        0.6,
        -0.3,
        0,
        2.2,
        0.3,
        0,
        3.633,
        -0.3,
        0,
        5.233,
        0.3,
        1,
        5.489,
        0.3,
        5.744,
        0.179,
        6,
        0,
        1,
        6.167,
        -0.117,
        6.333,
        -0.194,
        6.5,
        -0.241
      ]
    },
    {
      "Target": "Parameter",
      "Id": "ParamBodyAngleX",
      "FadeInTime": -1.0,
      "FadeOutTime": -1.0,
      "Segments": [
        0,
        0,
        0,
        0.5,
        -3,
        0,
        1.367,
        6,
        0,
        2.267,
        -3,
        0,
        3.533,
        3,
        1,
        4.355,
        3,
        5.178,
        2.213,
        6,
        0,
        1,
        6.167,
        -0.449,
        6.333,
        -0.868,
        6.5,
        -1.236
      ]
    },
    {
      "Target": "Parameter",
      "Id": "ParamBodyAngleY",
      "FadeInTime": -1.0,
      "FadeOutTime": -1.0,
      "Segments": [
        0,
        0,
        0,
        0.5,
        -5,
        0,
        1.567,
        0,
        2,
        3.733,
        0,
        0,
        4.067,
        -2,
        0,
        4.4,
        0,
        2,
        6,
        0,
        2,
        6.5,
        0
      ]
    },
    {
      "Target": "Parameter",
      "Id": "Parambdx",
      "FadeInTime": -1.0,
      "FadeOutTime": -1.0,
      "Segments": [
        0,
        0,
        0,
        0.5,
        -3,
        0,
        1.367,
        6,
        0,
        2.267,
        -3,
        0,
        3.533,
        3,
        1,
        4.355,
        3,
        5.178,
        2.213,
        6,
        0,
        1,
        6.167,
        -0.449,
        6.333,
        -0.868,
        6.5,
        -1.236
      ]
    },
    {
      "Target": "Parameter",
      "Id": "Parambdy",
      "FadeInTime": -1.0,
      "FadeOutTime": -1.0,
      "Segments": [
        0,
        0,
        0,
        0.5,
        -5,
        0,
        1.567,
        0,
        2,
        3.733,
        0,
        0,
        4.067,
        -2,
        0,
        4.4,
        0,
        2,
        6,
        0,
        2,
        6.5,
        0
      ]
    },
    {
      "Target": "Parameter",
      "Id": "Parampigu",
      "FadeInTime": -1.0,
      "FadeOutTime": -1.0,
      "Segments": [
        0,
        0,
        2,
        0.5,
        0,
        0,
        1.233,
        10,
        0,
        2.333,
        -10,
        0,
        3.633,
        0,
        2,
        6,
        0,
        1,
        6.167,
        0,
        6.333,
        0.606,
        6.5,
        1.46
      ]
    },
    {
      "Target": "Parameter",
      "Id": "ParamBreath",
      "FadeInTime": -1.0,
      "FadeOutTime": -1.0,
      "Segments": [
        0,
        0,
        2,
        6,
        0,
        1,
        6.167,
        0,
        6.333,
        0.055,
        6.5,
        0.139
      ]
    },
    {
      "Target": "Parameter",
      "Id": "Parampsr",
      "FadeInTime": -1.0,
      "FadeOutTime": -1.0,
      "Segments": [
        0,
        0,
        0,
        0.9,
        -1,
        0,
        1.533,
        1,
        0,
        2.4,
        -1,
        0,
        3.133,
        1,
        0,
        3.8,
        -1,
        0,
        4.6,
        1,
        0,
        5.4,
        -1,
        0,
        6,
        0,
        2,
        6.5,
        0
      ]
    },
    {
      "Target": "Parameter",
      "Id": "ParamHairFront",
      "FadeInTime": -1.0,
      "FadeOutTime": -1.0,
      "Segments": [
        0,
        0.005,
        0,
        0.367,
        0.124,
        0,
        1.2,
        -0.394,
        0,
        1.7,
        0.373,
        0,
        2.7,
        -0.276,
        0,
        3.4,
        0.359,
        0,
        4.033,
        -0.486,
        0,
        4.867,
        0.256,
        0,
        5.633,
        -0.217,
        0,
        6.1,
        0.119,
        0,
        6.433,
        -0.089,
        1,
        6.455,
        -0.089,
        6.478,
        -0.087,
        6.5,
        -0.084
      ]
    },
    {
      "Target": "Parameter",
      "Id": "Paramhfy",
      "FadeInTime": -1.0,
      "FadeOutTime": -1.0,
      "Segments": [
        0,
        -0.016,
        0,
        0.033,
        -0.014,
        0,
        0.2,
        -0.046,
        0,
        0.633,
        0.135,
        0,
        0.967,
        0.007,
        0,
        1.1,
        0.046,
        0,
        1.467,
        -0.45,
        0,
        1.933,
        0.301,
        0,
        2.233,
        0.116,
        0,
        2.5,
        0.16,
        0,
        2.967,
        -0.27,
        0,
        3.667,
        0.353,
        0,
        4.3,
        -0.441,
        0,
        5.233,
        0.235,
        0,
        5.9,
        -0.2,
        0,
        6.3,
        0.128,
        1,
        6.367,
        0.128,
        6.433,
        0.06,
        6.5,
        -0.002
      ]
    },
    {
      "Target": "Parameter",
      "Id": "Param",
      "FadeInTime": -1.0,
      "FadeOutTime": -1.0,
      "Segments": [
        0,
        0.736,
        1,
        0.2,
        0.736,
        0.4,
        0.438,
        0.6,
        0.003,
        1,
        0.844,
        -0.529,
        1.089,
        -0.73,
        1.333,
        -0.73,
        1,
        1.622,
        -0.73,
        1.911,
        -0.533,
        2.2,
        0.002,
        1,
        2.433,
        0.433,
        2.667,
        0.736,
        2.9,
        0.736,
        1,
        3.144,
        0.736,
        3.389,
        0.468,
        3.633,
        0.002,
        1,
        3.9,
        -0.507,
        4.166,
        -0.73,
        4.433,
        -0.73,
        1,
        4.689,
        -0.73,
        4.944,
        -0.476,
        5.2,
        0.002,
        1,
        5.467,
        0.5,
        5.733,
        0.736,
        6,
        0.736,
        1,
        6.167,
        0.736,
        6.333,
        0.654,
        6.5,
        0.508
      ]
    },
    {
      "Target": "Parameter",
      "Id": "Param2",
      "FadeInTime": -1.0,
      "FadeOutTime": -1.0,
      "Segments": [
        0,
        0.002,
        0,
        0.6,
        0.736,
        1,
        0.844,
        0.736,
        1.089,
        0.446,
        1.333,
        0.002,
        1,
        1.622,
        -0.524,
        1.911,
        -0.73,
        2.2,
        -0.73,
        1,
        2.433,
        -0.73,
        2.667,
        -0.475,
        2.9,
        0.002,
        1,
        3.144,
        0.501,
        3.389,
        0.736,
        3.633,
        0.736,
        1,
        3.9,
        0.736,
        4.166,
        0.5,
        4.433,
        0.002,
        1,
        4.689,
        -0.476,
        4.944,
        -0.73,
        5.2,
        -0.73,
        1,
        5.467,
        -0.73,
        5.733,
        -0.447,
        6,
        0.002,
        1,
        6.167,
        0.282,
        6.333,
        0.473,
        6.5,
        0.589
      ]
    },
    {
      "Target": "Parameter",
      "Id": "ParamHairBack",
      "FadeInTime": -1.0,
      "FadeOutTime": -1.0,
      "Segments": [
        0,
        0,
        0,
        0.6,
        -0.494,
        1,
        0.844,
        -0.494,
        1.089,
        -0.304,
        1.333,
        0,
        1,
        1.622,
        0.359,
        1.911,
        0.505,
        2.2,
        0.505,
        1,
        2.433,
        0.505,
        2.667,
        0.325,
        2.9,
        0,
        1,
        3.144,
        -0.34,
        3.389,
        -0.494,
        3.633,
        -0.494,
        1,
        3.9,
        -0.494,
        4.166,
        -0.34,
        4.433,
        0,
        1,
        4.689,
        0.325,
        4.944,
        0.505,
        5.2,
        0.505,
        1,
        5.467,
        0.505,
        5.733,
        0.305,
        6,
        0,
        1,
        6.167,
        -0.191,
        6.333,
        -0.319,
        6.5,
        -0.397
      ]
    },
    {
      "Target": "Parameter",
      "Id": "Paramhoufay",
      "FadeInTime": -1.0,
      "FadeOutTime": -1.0,
      "Segments": [
        0,
        0.518,
        1,
        0.2,
        0.518,
        0.4,
        0.304,
        0.6,
        0,
        1,
        0.844,
        -0.372,
        1.089,
        -0.508,
        1.333,
        -0.508,
        1,
        1.622,
        -0.508,
        1.911,
        -0.373,
        2.2,
        0,
        1,
        2.433,
        0.301,
        2.667,
        0.518,
        2.9,
        0.518,
        1,
        3.144,
        0.518,
        3.389,
        0.326,
        3.633,
        0,
        1,
        3.9,
        -0.356,
        4.166,
        -0.508,
        4.433,
        -0.508,
        1,
        4.689,
        -0.508,
        4.944,
        -0.335,
        5.2,
        0,
        1,
        5.467,
        0.349,
        5.733,
        0.518,
        6,
        0.518,
        1,
        6.167,
        0.518,
        6.333,
        0.458,
        6.5,
        0.356
      ]
    },
    {
      "Target": "Parameter",
      "Id": "Paramhoufabx",
      "FadeInTime": -1.0,
      "FadeOutTime": -1.0,
      "Segments": [
        0,
        0,
        0,
        0.6,
        -0.494,
        1,
        0.844,
        -0.494,
        1.089,
        -0.304,
        1.333,
        0,
        1,
        1.622,
        0.359,
        1.911,
        0.505,
        2.2,
        0.505,
        1,
        2.433,
        0.505,
        2.667,
        0.325,
        2.9,
        0,
        1,
        3.144,
        -0.34,
        3.389,
        -0.494,
        3.633,
        -0.494,
        1,
        3.9,
        -0.494,
        4.166,
        -0.34,
        4.433,
        0,
        1,
        4.689,
        0.325,
        4.944,
        0.505,
        5.2,
        0.505,
        1,
        5.467,
        0.505,
        5.733,
        0.305,
        6,
        0,
        1,
        6.167,
        -0.191,
        6.333,
        -0.319,
        6.5,
        -0.397
      ]
    },
    {
      "Target": "Parameter",
      "Id": "Paramdcfx",
      "FadeInTime": -1.0,
      "FadeOutTime": -1.0,
      "Segments": [
        0,
        0.522,
        1,
        0.2,
        0.522,
        0.4,
        0.31,
        0.6,
        0.002,
        1,
        0.844,
        -0.375,
        1.089,
        -0.517,
        1.333,
        -0.517,
        1,
        1.622,
        -0.517,
        1.911,
        -0.377,
        2.2,
        0.002,
        1,
        2.433,
        0.308,
        2.667,
        0.522,
        2.9,
        0.522,
        1,
        3.144,
        0.522,
        3.389,
        0.332,
        3.633,
        0.002,
        1,
        3.9,
        -0.359,
        4.166,
        -0.517,
        4.433,
        -0.517,
        1,
        4.689,
        -0.517,
        4.944,
        -0.337,
        5.2,
        0.002,
        1,
        5.467,
        0.355,
        5.733,
        0.522,
        6,
        0.522,
        1,
        6.167,
        0.522,
        6.333,
        0.463,
        6.5,
        0.36
      ]
    },
    {
      "Target": "Parameter",
      "Id": "Paramdcfy",
      "FadeInTime": -1.0,
      "FadeOutTime": -1.0,
      "Segments": [
        0,
        0.002,
        0,
        0.6,
        0.522,
        1,
        0.844,
        0.522,
        1.089,
        0.317,
        1.333,
        0.002,
        1,
        1.622,
        -0.37,
        1.911,
        -0.517,
        2.2,
        -0.517,
        1,
        2.433,
        -0.517,
        2.667,
        -0.336,
        2.9,
        0.002,
        1,
        3.144,
        0.356,
        3.389,
        0.522,
        3.633,
        0.522,
        1,
        3.9,
        0.522,
        4.166,
        0.355,
        4.433,
        0.002,
        1,
        4.689,
        -0.337,
        4.944,
        -0.517,
        5.2,
        -0.517,
        1,
        5.467,
        -0.517,
        5.733,
        -0.316,
        6,
        0.002,
        1,
        6.167,
        0.201,
        6.333,
        0.336,
        6.5,
        0.418
      ]
    },
    {
      "Target": "Parameter",
      "Id": "Param_Angle_Rotation_2_ArtMesh73",
      "FadeInTime": -1.0,
      "FadeOutTime": -1.0,
      "Segments": [
        0,
        0,
        2,
        0.033,
        0,
        0,
        0.4,
        3.048,
        0,
        1.233,
        -9.964,
        0,
        1.8,
        7.663,
        0,
        2.733,
        -6.491,
        0,
        3.433,
        8.981,
        0,
        4.1,
        -11.479,
        0,
        4.933,
        6.985,
        0,
        5.7,
        -4.823,
        0,
        6.133,
        1.821,
        0,
        6.5,
        -1.648
      ]
    },
    {
      "Target": "Parameter",
      "Id": "Param_Angle_Rotation_3_ArtMesh73",
      "FadeInTime": -1.0,
      "FadeOutTime": -1.0,
      "Segments": [
        0,
        0,
        2,
        0.033,
        0,
        0,
        0.233,
        -1.175,
        0,
        0.7,
        1.624,
        0,
        0.933,
        0.53,
        0,
        1.133,
        2.531,
        0,
        1.567,
        -5.685,
        0,
        1.933,
        3.714,
        0,
        2.267,
        -0.208,
        0,
        2.6,
        2.423,
        0,
        3,
        -3.078,
        0,
        3.7,
        3.891,
        0,
        3.767,
        3.797,
        0,
        3.867,
        4.186,
        0,
        4.3,
        -4.698,
        0,
        4.8,
        0.392,
        0,
        4.867,
        0.317,
        0,
        5.467,
        2.039,
        0,
        5.933,
        -2.558,
        0,
        6.333,
        2.688,
        1,
        6.389,
        2.688,
        6.444,
        1.833,
        6.5,
        0.901
      ]
    },
    {
      "Target": "Parameter",
      "Id": "Param_Angle_Rotation_4_ArtMesh73",
      "FadeInTime": -1.0,
      "FadeOutTime": -1.0,
      "Segments": [
        0,
        0,
        2,
        0.1,
        0,
        0,
        0.367,
        -1.197,
        0,
        0.8,
        2.036,
        0,
        1.067,
        0.871,
        0,
        1.233,
        1.874,
        0,
        1.667,
        -6.673,
        0,
        2.067,
        5.31,
        0,
        2.433,
        -1.039,
        0,
        2.733,
        2.445,
        0,
        3.133,
        -4.057,
        0,
        3.867,
        4.754,
        0,
        4.433,
        -6.025,
        0,
        4.9,
        1.62,
        0,
        5.167,
        0.692,
        0,
        5.567,
        2.154,
        0,
        6.033,
        -3.277,
        0,
        6.467,
        3.382,
        1,
        6.478,
        3.382,
        6.489,
        3.335,
        6.5,
        3.25
      ]
    },
    {
      "Target": "Parameter",
      "Id": "Param_Angle_Rotation_5_ArtMesh73",
      "FadeInTime": -1.0,
      "FadeOutTime": -1.0,
      "Segments": [
        0,
        0,
        2,
        0.2,
        0,
        0,
        0.467,
        -1.277,
        0,
        0.933,
        2.493,
        0,
        1.2,
        0.952,
        0,
        1.367,
        1.281,
        0,
        1.767,
        -7.407,
        0,
        2.2,
        7.18,
        0,
        2.567,
        -2.312,
        0,
        2.867,
        2.641,
        0,
        3.3,
        -5.175,
        0,
        3.933,
        5.68,
        0,
        4.533,
        -7.291,
        0,
        5,
        3.118,
        0,
        5.333,
        0.379,
        0,
        5.667,
        2.33,
        0,
        6.167,
        -4.025,
        1,
        6.278,
        -4.025,
        6.389,
        1.755,
        6.5,
        3.681
      ]
    },
    {
      "Target": "Parameter",
      "Id": "Param_Angle_Rotation_6_ArtMesh73",
      "FadeInTime": -1.0,
      "FadeOutTime": -1.0,
      "Segments": [
        0,
        0,
        2,
        0.3,
        0,
        0,
        0.567,
        -1.373,
        0,
        1.033,
        3.008,
        0,
        1.9,
        -8.016,
        0,
        2.333,
        9.247,
        0,
        2.7,
        -4.081,
        0,
        3.033,
        3.216,
        0,
        3.433,
        -6.431,
        0,
        4,
        6.861,
        0,
        4.633,
        -8.54,
        0,
        5.1,
        4.876,
        0,
        5.5,
        -0.364,
        0,
        5.8,
        2.576,
        0,
        6.267,
        -4.901,
        1,
        6.345,
        -4.901,
        6.422,
        -1.876,
        6.5,
        0.916
      ]
    },
    {
      "Target": "Parameter",
      "Id": "Param_Angle_Rotation_7_ArtMesh73",
      "FadeInTime": -1.0,
      "FadeOutTime": -1.0,
      "Segments": [
        0,
        0.084,
        0,
        0.2,
        -0.114,
        0,
        0.367,
        0,
        2,
        0.4,
        0,
        0,
        0.7,
        -1.483,
        0,
        1.167,
        3.583,
        0,
        2,
        -8.488,
        0,
        2.433,
        11.538,
        0,
        2.833,
        -6.442,
        0,
        3.167,
        4.097,
        0,
        3.567,
        -7.923,
        0,
        4.067,
        8.739,
        0,
        4.733,
        -9.799,
        0,
        5.233,
        6.964,
        0,
        5.633,
        -1.583,
        0,
        5.967,
        2.995,
        0,
        6.367,
        -5.927,
        1,
        6.411,
        -5.927,
        6.456,
        -4.872,
        6.5,
        -3.365
      ]
    },
    {
      "Target": "Model",
      "Id": "Opacity",
      "FadeInTime": -1.0,
      "FadeOutTime": -1.0,
      "Segments": [
        0,
        1,
        0,
        6.5,
        1
      ]
    },
    {
      "Target": "Parameter",
      "Id": "Param20",
      "FadeInTime": -1.0,
      "FadeOutTime": -1.0,
      "Segments": [
        0,
        0,
        0,
        6.5,
        0
      ]
    },
    {
      "Target": "Parameter",
      "Id": "Paramyouxiabss",
      "FadeInTime": -1.0,
      "FadeOutTime": -1.0,
      "Segments": [
        0,
        0,
        0,
        6.5,
        0
      ]
    },
    {
      "Target": "Parameter",
      "Id": "Paramyoushouts",
      "FadeInTime": -1.0,
      "FadeOutTime": -1.0,
      "Segments": [
        0,
        0,
        0,
        6.5,
        0
      ]
    },
    {
      "Target": "Parameter",
      "Id": "Paramyouzhangqie",
      "FadeInTime": -1.0,
      "FadeOutTime": -1.0,
      "Segments": [
        0,
        0,
        0,
        6.5,
        0
      ]
    },
    {
      "Target": "Parameter",
      "Id": "Paramyouzhi1",
      "FadeInTime": -1.0,
      "FadeOutTime": -1.0,
      "Segments": [
        0,
        1,
        0,
        6.5,
        1
      ]
    },
    {
      "Target": "Parameter",
      "Id": "Paramshutc",
      "FadeInTime": -1.0,
      "FadeOutTime": -1.0,
      "Segments": [
        0,
        0,
        0,
        6.5,
        0
      ]
    },
    {
      "Target": "Parameter",
      "Id": "Paramshutm",
      "FadeInTime": -1.0,
      "FadeOutTime": -1.0,
      "Segments": [
        0,
        1,
        0,
        6.5,
        1
      ]
    },
    {
      "Target": "Parameter",
      "Id": "Paramshux",
      "FadeInTime": -1.0,
      "FadeOutTime": -1.0,
      "Segments": [
        0,
        0,
        0,
        6.5,
        0
      ]
    },
    {
      "Target": "Parameter",
      "Id": "Paramshuy",
      "FadeInTime": -1.0,
      "FadeOutTime": -1.0,
      "Segments": [
        0,
        0,
        0,
        6.5,
        0
      ]
    },
    {
      "Target": "Parameter",
      "Id": "Paramshuxz",
      "FadeInTime": -1.0,
      "FadeOutTime": -1.0,
      "Segments": [
        0,
        0,
        0,
        6.5,
        0
      ]
    },
    {
      "Target": "Parameter",
      "Id": "Paramxinftm",
      "FadeInTime": -1.0,
      "FadeOutTime": -1.0,
      "Segments": [
        0,
        0,
        0,
        6.5,
        0
      ]
    },
    {
      "Target": "Parameter",
      "Id": "Paramxinfxz",
      "FadeInTime": -1.0,
      "FadeOutTime": -1.0,
      "Segments": [
        0,
        0,
        0,
        6.5,
        0
      ]
    },
    {
      "Target": "Parameter",
      "Id": "xiaoyanwu1",
      "FadeInTime": -1.0,
      "FadeOutTime": -1.0,
      "Segments": [
        0,
        0,
        0,
        6.5,
        0
      ]
    },
    {
      "Target": "Parameter",
      "Id": "Paramwuzitm",
      "FadeInTime": -1.0,
      "FadeOutTime": -1.0,
      "Segments": [
        0,
        0,
        0,
        6.5,
        0
      ]
    },
    {
      "Target": "Parameter",
      "Id": "Paramaixintm",
      "FadeInTime": -1.0,
      "FadeOutTime": -1.0,
      "Segments": [
        0,
        0,
        0,
        6.5,
        0
      ]
    },
    {
      "Target": "Parameter",
      "Id": "Paramaixin",
      "FadeInTime": -1.0,
      "FadeOutTime": -1.0,
      "Segments": [
        0,
        0,
        0,
        6.5,
        0
      ]
    },
    {
      "Target": "Parameter",
      "Id": "Paramxiongdai1",
      "FadeInTime": -1.0,
      "FadeOutTime": -1.0,
      "Segments": [
        0,
        0,
        0,
        6.5,
        0
      ]
    },
    {
      "Target": "Parameter",
      "Id": "Param28",
      "FadeInTime": -1.0,
      "FadeOutTime": -1.0,
      "Segments": [
        0,
        0,
        0,
        6.5,
        0
      ]
    },
    {
      "Target": "Parameter",
      "Id": "Paramzuoshouzxz",
      "FadeInTime": -1.0,
      "FadeOutTime": -1.0,
      "Segments": [
        0,
        0,
        0,
        6.5,
        0
      ]
    },
    {
      "Target": "Parameter",
      "Id": "Paramzuoshoutc",
      "FadeInTime": -1.0,
      "FadeOutTime": -1.0,
      "Segments": [
        0,
        0,
        0,
        6.5,
        0
      ]
    },
    {
      "Target": "Parameter",
      "Id": "Paramzuoxiabqie",
      "FadeInTime": -1.0,
      "FadeOutTime": -1.0,
      "Segments": [
        0,
        0,
        0,
        6.5,
        0
      ]
    },
    {
      "Target": "Parameter",
      "Id": "Paramzuohouxiabitc",
      "FadeInTime": -1.0,
      "FadeOutTime": -1.0,
      "Segments": [
        0,
        0,
        0,
        6.5,
        0
      ]
    },
    {
      "Target": "Parameter",
      "Id": "ParamRrr",
      "FadeInTime": -1.0,
      "FadeOutTime": -1.0,
      "Segments": [
        0,
        0,
        0,
        6.5,
        0
      ]
    },
    {
      "Target": "Parameter",
      "Id": "ParamEyeLSmile",
      "FadeInTime": -1.0,
      "FadeOutTime": -1.0,
      "Segments": [
        0,
        0,
        0,
        6.5,
        0
      ]
    },
    {
      "Target": "Parameter",
      "Id": "ParamEyeRSmile",
      "FadeInTime": -1.0,
      "FadeOutTime": -1.0,
      "Segments": [
        0,
        0,
        0,
        6.5,
        0
      ]
    },
    {
      "Target": "Parameter",
      "Id": "Paramleitm",
      "FadeInTime": -1.0,
      "FadeOutTime": -1.0,
      "Segments": [
        0,
        0,
        0,
        6.5,
        0
      ]
    },
    {
      "Target": "Parameter",
      "Id": "Parameyetm",
      "FadeInTime": -1.0,
      "FadeOutTime": -1.0,
      "Segments": [
        0,
        1,
        0,
        6.5,
        1
      ]
    },
    {
      "Target": "Parameter",
      "Id": "Parameyeqq",
      "FadeInTime": -1.0,
      "FadeOutTime": -1.0,
      "Segments": [
        0,
        0,
        0,
        6.5,
        0
      ]
    },
    {
      "Target": "Parameter",
      "Id": "Parameyeqie",
      "FadeInTime": -1.0,
      "FadeOutTime": -1.0,
      "Segments": [
        0,
        0,
        0,
        6.5,
        0
      ]
    },
    {
      "Target": "Parameter",
      "Id": "Paramtkdx",
      "FadeInTime": -1.0,
      "FadeOutTime": -1.0,
      "Segments": [
        0,
        0,
        0,
        6.5,
        0
      ]
    },
    {
      "Target": "Parameter",
      "Id": "Parameyeliqie",
      "FadeInTime": -1.0,
      "FadeOutTime": -1.0,
      "Segments": [
        0,
        0,
        0,
        6.5,
        0
      ]
    },
    {
      "Target": "Parameter",
      "Id": "ParamBrowRX",
      "FadeInTime": -1.0,
      "FadeOutTime": -1.0,
      "Segments": [
        0,
        0,
        0,
        6.5,
        0
      ]
    },
    {
      "Target": "Parameter",
      "Id": "ParamBrowLForm",
      "FadeInTime": -1.0,
      "FadeOutTime": -1.0,
      "Segments": [
        0,
        0,
        0,
        6.5,
        0
      ]
    },
    {
      "Target": "Parameter",
      "Id": "ParamBrowRForm",
      "FadeInTime": -1.0,
      "FadeOutTime": -1.0,
      "Segments": [
        0,
        0,
        0,
        6.5,
        0
      ]
    },
    {
      "Target": "Parameter",
      "Id": "ParamCheek",
      "FadeInTime": -1.0,
      "FadeOutTime": -1.0,
      "Segments": [
        0,
        0,
        0,
        6.5,
        0
      ]
    },
    {
      "Target": "Parameter",
      "Id": "Parammaoqitm",
      "FadeInTime": -1.0,
      "FadeOutTime": -1.0,
      "Segments": [
        0,
        0,
        0,
        6.5,
        0
      ]
    },
    {
      "Target": "Parameter",
      "Id": "Paramgl",
      "FadeInTime": -1.0,
      "FadeOutTime": -1.0,
      "Segments": [
        0,
        0,
        0,
        6.5,
        0
      ]
    },
    {
      "Target": "Parameter",
      "Id": "Paramqi1",
      "FadeInTime": -1.0,
      "FadeOutTime": -1.0,
      "Segments": [
        0,
        0,
        0,
        6.5,
        0
      ]
    },
    {
      "Target": "Parameter",
      "Id": "Paramqi2",
      "FadeInTime": -1.0,
      "FadeOutTime": -1.0,
      "Segments": [
        0,
        0,
        0,
        6.5,
        0
      ]
    },
    {
      "Target": "Parameter",
      "Id": "Paramqi3",
      "FadeInTime": -1.0,
      "FadeOutTime": -1.0,
      "Segments": [
        0,
        0,
        0,
        6.5,
        0
      ]
    },
    {
      "Target": "Parameter",
      "Id": "Paramqi4",
      "FadeInTime": -1.0,
      "FadeOutTime": -1.0,
      "Segments": [
        0,
        0,
        0,
        6.5,
        0
      ]
    },
    {
      "Target": "Parameter",
      "Id": "Paramshetou",
      "FadeInTime": -1.0,
      "FadeOutTime": -1.0,
      "Segments": [
        0,
        0,
        0,
        6.5,
        0
      ]
    },
    {
      "Target": "Parameter",
      "Id": "Paramptp",
      "FadeInTime": -1.0,
      "FadeOutTime": -1.0,
      "Segments": [
        0,
        0,
        0,
        6.5,
        0
      ]
    },
    {
      "Target": "Parameter",
      "Id": "Paramtouxingx",
      "FadeInTime": -1.0,
      "FadeOutTime": -1.0,
      "Segments": [
        0,
        0,
        0,
        6.5,
        0
      ]
    },
    {
      "Target": "Parameter",
      "Id": "Paramtxtm",
      "FadeInTime": -1.0,
      "FadeOutTime": -1.0,
      "Segments": [
        0,
        0,
        0,
        6.5,
        0
      ]
    },
    {
      "Target": "Parameter",
      "Id": "Paramdjj",
      "FadeInTime": -1.0,
      "FadeOutTime": -1.0,
      "Segments": [
        0,
        0,
        0,
        6.5,
        0
      ]
    },
    {
      "Target": "Parameter",
      "Id": "koushuishangxia",
      "FadeInTime": -1.0,
      "FadeOutTime": -1.0,
      "Segments": [
        0,
        0,
        0,
        6.5,
        0
      ]
    },
    {
      "Target": "Parameter",
      "Id": "koushuizuoyou",
      "FadeInTime": -1.0,
      "FadeOutTime": -1.0,
      "Segments": [
        0,
        0,
        0,
        6.5,
        0
      ]
    },
    {
      "Target": "Parameter",
      "Id": "koushuijiaodu",
      "FadeInTime": -1.0,
      "FadeOutTime": -1.0,
      "Segments": [
        0,
        0,
        0,
        6.5,
        0
      ]
    },
    {
      "Target": "Parameter",
      "Id": "koushuiyaobai",
      "FadeInTime": -1.0,
      "FadeOutTime": -1.0,
      "Segments": [
        0,
        0,
        0,
        6.5,
        0
      ]
    },
    {
      "Target": "Parameter",
      "Id": "koushuichangduan",
      "FadeInTime": -1.0,
      "FadeOutTime": -1.0,
      "Segments": [
        0,
        0,
        0,
        6.5,
        0
      ]
    },
    {
      "Target": "Parameter",
      "Id": "Paramkoushuiyasuo",
      "FadeInTime": -1.0,
      "FadeOutTime": -1.0,
      "Segments": [
        0,
        0,
        0,
        6.5,
        0
      ]
    },
    {
      "Target": "Parameter",
      "Id": "ParamBodyAngleZ",
      "FadeInTime": -1.0,
      "FadeOutTime": -1.0,
      "Segments": [
        0,
        0,
        0,
        6.5,
        0
      ]
    },
    {
      "Target": "Parameter",
      "Id": "ParamHairSide",
      "FadeInTime": -1.0,
      "FadeOutTime": -1.0,
      "Segments": [
        0,
        0,
        0,
        6.5,
        0
      ]
    },
    {
      "Target": "PartOpacity",
      "Id": "Part",
      "FadeInTime": -1.0,
      "FadeOutTime": -1.0,
      "Segments": [
        0,
        1,
        0,
        6.5,
        1
      ]
    },
    {
      "Target": "PartOpacity",
      "Id": "Part2",
      "FadeInTime": -1.0,
      "FadeOutTime": -1.0,
      "Segments": [
        0,
        1,
        0,
        6.5,
        1
      ]
    },
    {
      "Target": "PartOpacity",
      "Id": "Part3",
      "FadeInTime": -1.0,
      "FadeOutTime": -1.0,
      "Segments": [
        0,
        1,
        0,
        6.5,
        1
      ]
    },
    {
      "Target": "PartOpacity",
      "Id": "dc",
      "FadeInTime": -1.0,
      "FadeOutTime": -1.0,
      "Segments": [
        0,
        1,
        0,
        6.5,
        1
      ]
    },
    {
      "Target": "PartOpacity",
      "Id": "Part4",
      "FadeInTime": -1.0,
      "FadeOutTime": -1.0,
      "Segments": [
        0,
        1,
        0,
        6.5,
        1
      ]
    },
    {
      "Target": "PartOpacity",
      "Id": "Part5",
      "FadeInTime": -1.0,
      "FadeOutTime": -1.0,
      "Segments": [
        0,
        1,
        0,
        6.5,
        1
      ]
    },
    {
      "Target": "PartOpacity",
      "Id": "Part6",
      "FadeInTime": -1.0,
      "FadeOutTime": -1.0,
      "Segments": [
        0,
        1,
        0,
        6.5,
        1
      ]
    },
    {
      "Target": "PartOpacity",
      "Id": "Part7",
      "FadeInTime": -1.0,
      "FadeOutTime": -1.0,
      "Segments": [
        0,
        1,
        0,
        6.5,
        1
      ]
    },
    {
      "Target": "PartOpacity",
      "Id": "Part8",
      "FadeInTime": -1.0,
      "FadeOutTime": -1.0,
      "Segments": [
        0,
        1,
        0,
        6.5,
        1
      ]
    },
    {
      "Target": "PartOpacity",
      "Id": "Part9",
      "FadeInTime": -1.0,
      "FadeOutTime": -1.0,
      "Segments": [
        0,
        1,
        0,
        6.5,
        1
      ]
    },
    {
      "Target": "PartOpacity",
      "Id": "Part10",
      "FadeInTime": -1.0,
      "FadeOutTime": -1.0,
      "Segments": [
        0,
        1,
        0,
        6.5,
        1
      ]
    },
    {
      "Target": "PartOpacity",
      "Id": "Part11",
      "FadeInTime": -1.0,
      "FadeOutTime": -1.0,
      "Segments": [
        0,
        1,
        0,
        6.5,
        1
      ]
    },
    {
      "Target": "PartOpacity",
      "Id": "Part12",
      "FadeInTime": -1.0,
      "FadeOutTime": -1.0,
      "Segments": [
        0,
        1,
        0,
        6.5,
        1
      ]
    },
    {
      "Target": "PartOpacity",
      "Id": "Part13",
      "FadeInTime": -1.0,
      "FadeOutTime": -1.0,
      "Segments": [
        0,
        1,
        0,
        6.5,
        1
      ]
    },
    {
      "Target": "PartOpacity",
      "Id": "Part14",
      "FadeInTime": -1.0,
      "FadeOutTime": -1.0,
      "Segments": [
        0,
        1,
        0,
        6.5,
        1
      ]
    },
    {
      "Target": "PartOpacity",
      "Id": "Part15",
      "FadeInTime": -1.0,
      "FadeOutTime": -1.0,
      "Segments": [
        0,
        1,
        0,
        6.5,
        1
      ]
    },
    {
      "Target": "PartOpacity",
      "Id": "Part16",
      "FadeInTime": -1.0,
      "FadeOutTime": -1.0,
      "Segments": [
        0,
        1,
        0,
        6.5,
        1
      ]
    },
    {
      "Target": "PartOpacity",
      "Id": "Part17",
      "FadeInTime": -1.0,
      "FadeOutTime": -1.0,
      "Segments": [
        0,
        1,
        0,
        6.5,
        1
      ]
    },
    {
      "Target": "PartOpacity",
      "Id": "bq",
      "FadeInTime": -1.0,
      "FadeOutTime": -1.0,
      "Segments": [
        0,
        1,
        0,
        6.5,
        1
      ]
    },
    {
      "Target": "PartOpacity",
      "Id": "Part20",
      "FadeInTime": -1.0,
      "FadeOutTime": -1.0,
      "Segments": [
        0,
        1,
        0,
        6.5,
        1
      ]
    },
    {
      "Target": "PartOpacity",
      "Id": "Part21",
      "FadeInTime": -1.0,
      "FadeOutTime": -1.0,
      "Segments": [
        0,
        1,
        0,
        6.5,
        1
      ]
    },
    {
      "Target": "PartOpacity",
      "Id": "Part22",
      "FadeInTime": -1.0,
      "FadeOutTime": -1.0,
      "Segments": [
        0,
        1,
        0,
        6.5,
        1
      ]
    },
    {
      "Target": "PartOpacity",
      "Id": "Part23",
      "FadeInTime": -1.0,
      "FadeOutTime": -1.0,
      "Segments": [
        0,
        1,
        0,
        6.5,
        1
      ]
    },
    {
      "Target": "PartOpacity",
      "Id": "Part24",
      "FadeInTime": -1.0,
      "FadeOutTime": -1.0,
      "Segments": [
        0,
        1,
        0,
        6.5,
        1
      ]
    },
    {
      "Target": "PartOpacity",
      "Id": "dc1",
      "FadeInTime": -1.0,
      "FadeOutTime": -1.0,
      "Segments": [
        0,
        1,
        0,
        6.5,
        1
      ]
    },
    {
      "Target": "PartOpacity",
      "Id": "Part25",
      "FadeInTime": -1.0,
      "FadeOutTime": -1.0,
      "Segments": [
        0,
        1,
        0,
        6.5,
        1
      ]
    },
    {
      "Target": "PartOpacity",
      "Id": "Part26",
      "FadeInTime": -1.0,
      "FadeOutTime": -1.0,
      "Segments": [
        0,
        1,
        0,
        6.5,
        1
      ]
    },
    {
      "Target": "PartOpacity",
      "Id": "Part27",
      "FadeInTime": -1.0,
      "FadeOutTime": -1.0,
      "Segments": [
        0,
        1,
        0,
        6.5,
        1
      ]
    }
  ],
  "UserData": [
    {
      "Time": 0.0,
      "Value": ""
    },
    {
      "Time": 6.0,
      "Value": ""
    }
  ]
}