{
  "Version": 3,
  "Meta": {
    "Duration": 6.5,
    "Fps": 30.0,
    "Loop": true,
    "AreBeziersRestricted": true,
    "FadeInTime": 0.0,
    "FadeOutTime": 0.0,
    "CurveCount": 131,
    "TotalSegmentCount": 1008,
    "TotalPointCount": 1486,
    "UserDataCount": 2,
    "TotalUserDataSize": 0
  },
  "Curves": [
    {
      "Target": "Parameter",
      "Id": "ParamlegLxz",
      "FadeInTime": -1.0,
      "FadeOutTime": -1.0,
      "Segments": [
        0,
        0,
        1,
        0.189,
        0,
        0.378,
        -1.796,
        0.567,
        -3,
        1,
        0.722,
        -3.992,
        0.878,
        -4.129,
        1.033,
        -5.015,
        1,
        1.089,
        -5.331,
        1.144,
        -29.925,
        1.2,
        -29.925,
        0,
        1.4,
        -6.015,
        0,
        1.567,
        -28.925,
        0,
        1.833,
        -5.015,
        0,
        2,
        -29.925,
        0,
        2.2,
        -6.015,
        0,
        2.367,
        -28.925,
        0,
        2.633,
        -5.015,
        0,
        2.8,
        -29.925,
        0,
        3,
        -6.015,
        0,
        3.167,
        -28.925,
        0,
        3.433,
        -5.015,
        0,
        3.6,
        -29.925,
        0,
        3.8,
        -6.015,
        0,
        3.967,
        -28.925,
        1,
        4.056,
        -28.925,
        4.144,
        -6.448,
        4.233,
        -5.015,
        1,
        4.622,
        1.256,
        5.011,
        3,
        5.4,
        3,
        1,
        5.6,
        3,
        5.8,
        1.493,
        6,
        0,
        1,
        6.167,
        -1.244,
        6.333,
        -2.016,
        6.5,
        -2.465
      ]
    },
    {
      "Target": "Parameter",
      "Id": "Paramjoxz",
      "FadeInTime": -1.0,
      "FadeOutTime": -1.0,
      "Segments": [
        0,
        0,
        0,
        0.567,
        -3,
        0,
        1.033,
        0,
        0,
        1.1,
        -1.5,
        0,
        1.333,
        0,
        0,
        1.533,
        -1.5,
        0,
        1.7,
        0,
        0,
        1.933,
        -1.5,
        0,
        2.167,
        0,
        0,
        2.367,
        -1.5,
        2,
        2.533,
        -1.5,
        0,
        2.767,
        0,
        0,
        2.967,
        -1.5,
        2,
        3.133,
        -1.5,
        0,
        3.367,
        0,
        0,
        3.567,
        -1.5,
        0,
        3.733,
        0,
        0,
        4.833,
        -6.002,
        1,
        5.022,
        -6.002,
        5.211,
        -4.942,
        5.4,
        -3,
        1,
        5.6,
        -0.944,
        5.8,
        0,
        6,
        0,
        1,
        6.167,
        0,
        6.333,
        -0.337,
        6.5,
        -0.931
      ]
    },
    {
      "Target": "Parameter",
      "Id": "ParamjoLbx",
      "FadeInTime": -1.0,
      "FadeOutTime": -1.0,
      "Segments": [
        0,
        0,
        0,
        0.567,
        5.129,
        1,
        0.722,
        5.129,
        0.878,
        3.885,
        1.033,
        0,
        1,
        1.1,
        -1.665,
        1.166,
        -3.78,
        1.233,
        -3.78,
        0,
        1.433,
        3.687,
        0,
        1.633,
        -3.78,
        0,
        1.833,
        3.687,
        0,
        2.033,
        -3.78,
        0,
        2.233,
        3.687,
        0,
        2.433,
        -3.78,
        2,
        2.633,
        -3.78,
        0,
        2.833,
        3.687,
        0,
        3.033,
        -3.78,
        2,
        3.233,
        -3.78,
        0,
        3.433,
        3.687,
        0,
        3.633,
        -3.78,
        0,
        3.833,
        3.687,
        0,
        4.033,
        0,
        2,
        4.833,
        0,
        0,
        5.4,
        -5.058,
        1,
        5.6,
        -5.058,
        5.8,
        -2.539,
        6,
        0,
        1,
        6.167,
        2.116,
        6.333,
        3.437,
        6.5,
        4.207
      ]
    },
    {
      "Target": "Parameter",
      "Id": "ParamlegRxz",
      "FadeInTime": -1.0,
      "FadeOutTime": -1.0,
      "Segments": [
        0,
        0,
        1,
        0.2,
        0,
        0.4,
        -1.136,
        0.6,
        -3,
        1,
        0.756,
        -4.45,
        0.911,
        -5,
        1.067,
        -5,
        0,
        1.267,
        4,
        0,
        1.433,
        -9.015,
        0,
        1.633,
        3,
        0,
        1.867,
        -10,
        0,
        2.067,
        4,
        0,
        2.233,
        -9.015,
        0,
        2.433,
        3,
        0,
        2.667,
        -10,
        0,
        2.867,
        4,
        0,
        3.033,
        -9.015,
        0,
        3.233,
        3,
        0,
        3.467,
        -10,
        0,
        3.667,
        4,
        0,
        3.833,
        -9.015,
        0,
        4.033,
        3,
        0,
        4.267,
        -10,
        0,
        5.433,
        3,
        1,
        5.622,
        3,
        5.811,
        1.424,
        6,
        0,
        1,
        6.167,
        -1.257,
        6.333,
        -2.028,
        6.5,
        -2.473
      ]
    },
    {
      "Target": "Parameter",
      "Id": "Paramjorxz",
      "FadeInTime": -1.0,
      "FadeOutTime": -1.0,
      "Segments": [
        0,
        0,
        0,
        0.6,
        -3,
        0,
        1.067,
        0,
        0,
        1.133,
        -1.5,
        0,
        1.367,
        0,
        0,
        1.567,
        -1.5,
        0,
        1.733,
        0,
        0,
        1.967,
        -1.5,
        0,
        2.2,
        0,
        0,
        2.4,
        -1.5,
        2,
        2.567,
        -1.5,
        0,
        2.8,
        0,
        0,
        3,
        -1.5,
        2,
        3.167,
        -1.5,
        0,
        3.4,
        0,
        0,
        3.6,
        -1.5,
        0,
        3.767,
        0,
        0,
        4.867,
        -6.002,
        1,
        5.056,
        -6.002,
        5.244,
        -5.001,
        5.433,
        -3,
        1,
        5.622,
        -0.999,
        5.811,
        0,
        6,
        0,
        1,
        6.167,
        0,
        6.333,
        -0.337,
        6.5,
        -0.931
      ]
    },
    {
      "Target": "Parameter",
      "Id": "ParamjoRbx",
      "FadeInTime": -1.0,
      "FadeOutTime": -1.0,
      "Segments": [
        0,
        0,
        0,
        0.6,
        5.129,
        1,
        0.756,
        5.129,
        0.911,
        3.885,
        1.067,
        0,
        1,
        1.134,
        -1.665,
        1.2,
        -3.78,
        1.267,
        -3.78,
        0,
        1.467,
        3.687,
        0,
        1.667,
        -3.78,
        0,
        1.867,
        3.687,
        0,
        2.067,
        -3.78,
        0,
        2.267,
        3.687,
        0,
        2.467,
        -3.78,
        2,
        2.667,
        -3.78,
        0,
        2.867,
        3.687,
        0,
        3.067,
        -3.78,
        2,
        3.267,
        -3.78,
        0,
        3.467,
        3.687,
        0,
        3.667,
        -3.78,
        0,
        3.867,
        3.687,
        0,
        4.067,
        0,
        2,
        4.867,
        0,
        0,
        5.433,
        -5.058,
        1,
        5.622,
        -5.058,
        5.811,
        -2.422,
        6,
        0,
        1,
        6.167,
        2.137,
        6.333,
        3.456,
        6.5,
        4.221
      ]
    },
    {
      "Target": "Parameter",
      "Id": "Paramyoushangbixz",
      "FadeInTime": -1.0,
      "FadeOutTime": -1.0,
      "Segments": [
        0,
        0,
        0,
        0.5,
        2,
        1,
        0.611,
        2,
        0.722,
        2.205,
        0.833,
        0,
        1,
        0.978,
        -2.867,
        1.122,
        -10,
        1.267,
        -10,
        2,
        1.933,
        -10,
        1,
        1.978,
        -10,
        2.022,
        -9.823,
        2.067,
        -9.616,
        1,
        2.122,
        -9.357,
        2.178,
        -9.279,
        2.233,
        -9.279,
        0,
        2.367,
        -9.682,
        0,
        2.533,
        -9.365,
        0,
        2.667,
        -9.823,
        0,
        2.767,
        -9.329,
        0,
        2.9,
        -9.96,
        0,
        3.1,
        -9.4,
        0,
        3.3,
        -9.858,
        0,
        3.433,
        -9.329,
        1,
        3.5,
        -9.329,
        3.566,
        -9.765,
        3.633,
        -9.823,
        1,
        3.811,
        -9.977,
        3.989,
        -10,
        4.167,
        -10,
        1,
        4.411,
        -10,
        4.656,
        -3.913,
        4.9,
        -2,
        1,
        5.167,
        0.086,
        5.433,
        0,
        5.7,
        0,
        2,
        6,
        0,
        2,
        6.5,
        0
      ]
    },
    {
      "Target": "Parameter",
      "Id": "Paramyoushangbiss",
      "FadeInTime": -1.0,
      "FadeOutTime": -1.0,
      "Segments": [
        0,
        0,
        2,
        0.5,
        0,
        0,
        1.267,
        5,
        2,
        1.933,
        5,
        2,
        4.167,
        5,
        0,
        4.9,
        -10,
        0,
        5.7,
        0,
        2,
        6,
        0,
        2,
        6.5,
        0
      ]
    },
    {
      "Target": "Parameter",
      "Id": "Paramyouxibxz",
      "FadeInTime": -1.0,
      "FadeOutTime": -1.0,
      "Segments": [
        0,
        0,
        0,
        0.5,
        -3,
        0,
        0.833,
        -1,
        0,
        1.267,
        -1.4,
        2,
        1.933,
        -1.4,
        0,
        2.133,
        -1.518,
        0,
        2.3,
        -1.181,
        0,
        2.433,
        -1.583,
        0,
        2.6,
        -1.266,
        0,
        2.733,
        -1.724,
        0,
        2.833,
        -1.231,
        0,
        2.967,
        -1.861,
        0,
        3.167,
        -1.301,
        0,
        3.367,
        -1.76,
        0,
        3.5,
        -1.231,
        0,
        3.7,
        -1.724,
        0,
        3.833,
        -1.181,
        0,
        4.167,
        -1.4,
        0,
        4.9,
        8,
        0,
        5.7,
        0,
        2,
        6,
        0,
        1,
        6.167,
        0,
        6.333,
        0.144,
        6.5,
        0.277
      ]
    },
    {
      "Target": "Parameter",
      "Id": "Paramyouxiabss",
      "FadeInTime": -1.0,
      "FadeOutTime": -1.0,
      "Segments": [
        0,
        0,
        2,
        0.5,
        0,
        0,
        1.267,
        -10,
        2,
        1.933,
        -10,
        2,
        4.167,
        -10,
        0,
        4.9,
        10,
        0,
        5.7,
        0,
        2,
        6,
        0,
        2,
        6.5,
        0
      ]
    },
    {
      "Target": "Parameter",
      "Id": "Paramyoushouzxz",
      "FadeInTime": -1.0,
      "FadeOutTime": -1.0,
      "Segments": [
        0,
        -0.186,
        0,
        0.5,
        -7,
        0,
        0.833,
        -1,
        0,
        1.267,
        -3.56,
        2,
        1.933,
        -3.56,
        1,
        1.966,
        -3.56,
        2,
        -3.529,
        2.033,
        -3.495,
        1,
        2.089,
        -3.437,
        2.144,
        -3.36,
        2.2,
        -3.36,
        0,
        2.333,
        -3.522,
        0,
        2.5,
        -3.39,
        0,
        2.633,
        -3.581,
        0,
        2.733,
        -3.375,
        0,
        2.867,
        -3.64,
        0,
        3.067,
        -3.405,
        0,
        3.267,
        -3.595,
        0,
        3.4,
        -3.375,
        0,
        3.6,
        -3.581,
        0,
        3.733,
        -3.36,
        0,
        4.167,
        -3.56,
        0,
        4.9,
        2,
        0,
        5.7,
        -3,
        1,
        5.8,
        -3,
        5.9,
        -0.244,
        6,
        -0.186,
        1,
        6.167,
        -0.088,
        6.333,
        -0.108,
        6.5,
        0
      ]
    },
    {
      "Target": "Parameter",
      "Id": "Paramyoushouts",
      "FadeInTime": -1.0,
      "FadeOutTime": -1.0,
      "Segments": [
        0,
        0,
        0,
        0.5,
        -1,
        0,
        0.833,
        0,
        2,
        6,
        0,
        2,
        6.5,
        0
      ]
    },
    {
      "Target": "Parameter",
      "Id": "Paramyouzhi1",
      "FadeInTime": -1.0,
      "FadeOutTime": -1.0,
      "Segments": [
        0,
        1,
        0,
        0.5,
        0,
        0,
        0.833,
        1,
        0,
        1.267,
        0,
        2,
        1.933,
        0,
        0,
        2.233,
        -0.3,
        0,
        2.533,
        0,
        0,
        2.833,
        -0.3,
        0,
        3.133,
        0,
        0,
        3.433,
        -0.3,
        0,
        3.667,
        0,
        0,
        3.967,
        -0.3,
        1,
        4.034,
        -0.3,
        4.1,
        -0.093,
        4.167,
        0,
        1,
        4.678,
        0.713,
        5.189,
        1,
        5.7,
        1,
        2,
        6,
        1,
        2,
        6.5,
        1
      ]
    },
    {
      "Target": "Parameter",
      "Id": "Paramyouzhi2",
      "FadeInTime": -1.0,
      "FadeOutTime": -1.0,
      "Segments": [
        0,
        1,
        0,
        0.5,
        0,
        0,
        0.833,
        1,
        0,
        1.267,
        0,
        2,
        1.933,
        0,
        0,
        2.233,
        -0.2,
        0,
        2.533,
        0,
        0,
        2.833,
        -0.2,
        0,
        3.133,
        0,
        0,
        3.433,
        -0.2,
        0,
        3.667,
        0,
        0,
        3.967,
        -0.2,
        1,
        4.034,
        -0.2,
        4.1,
        -0.091,
        4.167,
        0,
        1,
        4.678,
        0.695,
        5.189,
        1,
        5.7,
        1,
        2,
        6,
        1,
        1,
        6.167,
        1,
        6.333,
        0.885,
        6.5,
        0.779
      ]
    },
    {
      "Target": "Parameter",
      "Id": "Paramyouzhi3",
      "FadeInTime": -1.0,
      "FadeOutTime": -1.0,
      "Segments": [
        0,
        1,
        0,
        0.5,
        0,
        0,
        0.833,
        1,
        0,
        1.267,
        0,
        2,
        1.933,
        0,
        0,
        2.233,
        -0.3,
        0,
        2.533,
        0,
        0,
        2.833,
        -0.3,
        0,
        3.133,
        0,
        0,
        3.433,
        -0.3,
        0,
        3.667,
        0,
        0,
        3.967,
        -0.3,
        1,
        4.034,
        -0.3,
        4.1,
        -0.093,
        4.167,
        0,
        1,
        4.678,
        0.713,
        5.189,
        1,
        5.7,
        1,
        2,
        6,
        1,
        1,
        6.167,
        1,
        6.333,
        0.857,
        6.5,
        0.723
      ]
    },
    {
      "Target": "Parameter",
      "Id": "Paramyouzhi4",
      "FadeInTime": -1.0,
      "FadeOutTime": -1.0,
      "Segments": [
        0,
        1,
        0,
        0.5,
        0,
        0,
        0.833,
        1,
        0,
        1.267,
        0,
        2,
        1.933,
        0,
        0,
        2.233,
        -0.4,
        0,
        2.533,
        0,
        0,
        2.833,
        -0.4,
        0,
        3.133,
        0,
        0,
        3.433,
        -0.4,
        0,
        3.667,
        0,
        0,
        3.967,
        -0.4,
        1,
        4.034,
        -0.4,
        4.1,
        -0.094,
        4.167,
        0,
        1,
        4.678,
        0.723,
        5.189,
        1,
        5.7,
        1,
        2,
        6,
        1,
        1,
        6.167,
        1,
        6.333,
        0.885,
        6.5,
        0.779
      ]
    },
    {
      "Target": "Parameter",
      "Id": "Paramyouzhi5",
      "FadeInTime": -1.0,
      "FadeOutTime": -1.0,
      "Segments": [
        0,
        1,
        0,
        0.5,
        0,
        0,
        0.833,
        1,
        0,
        1.267,
        0,
        2,
        1.933,
        0,
        0,
        2.233,
        -0.3,
        0,
        2.533,
        0,
        0,
        2.833,
        -0.3,
        0,
        3.133,
        0,
        0,
        3.433,
        -0.3,
        0,
        3.667,
        0,
        0,
        3.967,
        -0.3,
        1,
        4.034,
        -0.3,
        4.1,
        -0.093,
        4.167,
        0,
        1,
        4.678,
        0.713,
        5.189,
        1,
        5.7,
        1,
        2,
        6,
        1,
        1,
        6.167,
        1,
        6.333,
        0.885,
        6.5,
        0.779
      ]
    },
    {
      "Target": "Parameter",
      "Id": "Paramshutc",
      "FadeInTime": -1.0,
      "FadeOutTime": -1.0,
      "Segments": [
        0,
        0,
        2,
        0.7,
        0,
        0,
        0.733,
        1,
        2,
        1.5,
        1,
        0,
        1.533,
        0,
        0,
        4.167,
        1,
        0,
        4.2,
        0,
        2,
        6,
        0,
        2,
        6.5,
        0
      ]
    },
    {
      "Target": "Parameter",
      "Id": "Paramshutm",
      "FadeInTime": -1.0,
      "FadeOutTime": -1.0,
      "Segments": [
        0,
        1,
        2,
        1.9,
        1,
        0,
        1.933,
        0,
        2,
        4.9,
        0,
        0,
        4.933,
        1,
        2,
        6,
        1,
        2,
        6.5,
        1
      ]
    },
    {
      "Target": "Parameter",
      "Id": "Paramshux",
      "FadeInTime": -1.0,
      "FadeOutTime": -1.0,
      "Segments": [
        0,
        0,
        2,
        0.5,
        0,
        0,
        0.833,
        5.682,
        1,
        0.955,
        5.682,
        1.078,
        0.799,
        1.2,
        -2,
        1,
        1.333,
        -5.054,
        1.467,
        -5.329,
        1.6,
        -5.329,
        0,
        1.933,
        -4,
        0,
        4.167,
        -15,
        0,
        4.233,
        0,
        2,
        6,
        0,
        2,
        6.5,
        0
      ]
    },
    {
      "Target": "Parameter",
      "Id": "Paramshuy",
      "FadeInTime": -1.0,
      "FadeOutTime": -1.0,
      "Segments": [
        0,
        0,
        2,
        0.5,
        0,
        0,
        0.833,
        15.087,
        1,
        0.955,
        15.087,
        1.078,
        14.884,
        1.2,
        6,
        1,
        1.444,
        -11.768,
        1.689,
        -30,
        1.933,
        -30,
        1,
        2.678,
        -30,
        3.422,
        -28.424,
        4.167,
        -25,
        1,
        4.189,
        -24.898,
        4.211,
        0,
        4.233,
        0,
        2,
        6,
        0,
        2,
        6.5,
        0
      ]
    },
    {
      "Target": "Parameter",
      "Id": "Paramshuxz",
      "FadeInTime": -1.0,
      "FadeOutTime": -1.0,
      "Segments": [
        0,
        0,
        2,
        0.5,
        0,
        0,
        1.2,
        -1,
        0,
        1.933,
        0,
        2,
        4.167,
        0,
        2,
        6,
        0,
        2,
        6.5,
        0
      ]
    },
    {
      "Target": "Parameter",
      "Id": "Paramshuts",
      "FadeInTime": -1.0,
      "FadeOutTime": -1.0,
      "Segments": [
        0,
        0,
        0,
        0.5,
        -0.4,
        0,
        1.067,
        1,
        0,
        1.933,
        0,
        2,
        4.167,
        0,
        2,
        6,
        0,
        1,
        6.167,
        0,
        6.333,
        -0.057,
        6.5,
        -0.111
      ]
    },
    {
      "Target": "Parameter",
      "Id": "Paramdct",
      "FadeInTime": -1.0,
      "FadeOutTime": -1.0,
      "Segments": [
        0,
        0.7,
        2,
        0.9,
        0.7,
        0,
        1.2,
        0,
        2,
        5.033,
        0,
        2,
        5.3,
        0,
        0,
        6,
        0.7,
        2,
        6.5,
        0.7
      ]
    },
    {
      "Target": "Parameter",
      "Id": "Paramzuoshangbixz",
      "FadeInTime": -1.0,
      "FadeOutTime": -1.0,
      "Segments": [
        0,
        0,
        2,
        0.9,
        0,
        0,
        1.2,
        -4.9,
        0,
        1.5,
        8,
        2,
        4.467,
        8,
        0,
        5.033,
        -4,
        1,
        5.122,
        -4,
        5.211,
        -2.611,
        5.3,
        -2,
        1,
        5.533,
        -0.397,
        5.767,
        0,
        6,
        0,
        2,
        6.5,
        0
      ]
    },
    {
      "Target": "Parameter",
      "Id": "Paramzuoshangbiss",
      "FadeInTime": -1.0,
      "FadeOutTime": -1.0,
      "Segments": [
        0,
        0,
        2,
        0.9,
        0,
        2,
        1.5,
        0,
        2,
        4.467,
        0,
        0,
        5.3,
        -5,
        1,
        5.411,
        -5,
        5.522,
        -1.945,
        5.633,
        -1,
        1,
        5.755,
        0.04,
        5.878,
        0,
        6,
        0,
        2,
        6.5,
        0
      ]
    },
    {
      "Target": "Parameter",
      "Id": "Paramzuoxiabxz",
      "FadeInTime": -1.0,
      "FadeOutTime": -1.0,
      "Segments": [
        0,
        0,
        2,
        0.9,
        0,
        0,
        1.5,
        -8,
        0,
        1.8,
        -7.88,
        0,
        4.467,
        -8,
        0,
        5.3,
        6,
        0,
        6,
        0,
        2,
        6.5,
        0
      ]
    },
    {
      "Target": "Parameter",
      "Id": "Paramzuoxiabss",
      "FadeInTime": -1.0,
      "FadeOutTime": -1.0,
      "Segments": [
        0,
        0,
        2,
        0.9,
        0,
        0,
        1.8,
        -2,
        2,
        4.467,
        -2,
        1,
        4.745,
        -2,
        5.022,
        -2.473,
        5.3,
        -5,
        1,
        5.411,
        -6.011,
        5.522,
        -10,
        5.633,
        -10,
        1,
        5.689,
        -10,
        5.744,
        -6.75,
        5.8,
        -4,
        1,
        5.867,
        -0.7,
        5.933,
        0,
        6,
        0,
        2,
        6.5,
        0
      ]
    },
    {
      "Target": "Parameter",
      "Id": "Paramzuoshouzxz",
      "FadeInTime": -1.0,
      "FadeOutTime": -1.0,
      "Segments": [
        0,
        0,
        2,
        0.9,
        0,
        1,
        1.1,
        0,
        1.3,
        -7.674,
        1.5,
        -15.74,
        1,
        1.6,
        -19.773,
        1.7,
        -20,
        1.8,
        -20,
        2,
        4.467,
        -20,
        1,
        4.656,
        -20,
        4.844,
        -4.298,
        5.033,
        -1,
        1,
        5.122,
        0.552,
        5.211,
        0,
        5.3,
        0,
        2,
        6,
        0,
        2,
        6.5,
        0
      ]
    },
    {
      "Target": "Parameter",
      "Id": "Paramcefal",
      "FadeInTime": -1.0,
      "FadeOutTime": -1.0,
      "Segments": [
        0,
        0,
        2,
        0.9,
        0,
        0,
        1.2,
        1,
        2,
        4.467,
        1,
        2,
        5.3,
        1,
        1,
        5.411,
        1,
        5.522,
        0.976,
        5.633,
        0.7,
        1,
        5.755,
        0.396,
        5.878,
        0,
        6,
        0,
        2,
        6.5,
        0
      ]
    },
    {
      "Target": "Parameter",
      "Id": "Paramzuoshouq",
      "FadeInTime": -1.0,
      "FadeOutTime": -1.0,
      "Segments": [
        0,
        0,
        2,
        0.9,
        0,
        2,
        1.167,
        0,
        0,
        1.2,
        -1,
        2,
        1.5,
        -1,
        2,
        4.467,
        -1,
        2,
        5,
        -1,
        1,
        5.011,
        -1,
        5.022,
        -0.092,
        5.033,
        0,
        1,
        5.122,
        0.733,
        5.211,
        1,
        5.3,
        1,
        2,
        5.633,
        1,
        0,
        6,
        0,
        2,
        6.5,
        0
      ]
    },
    {
      "Target": "Parameter",
      "Id": "Paramzuoshoutc",
      "FadeInTime": -1.0,
      "FadeOutTime": -1.0,
      "Segments": [
        0,
        0,
        2,
        0.9,
        0,
        2,
        1.1,
        0,
        0,
        1.133,
        1,
        2,
        1.5,
        1,
        2,
        4.467,
        1,
        2,
        5,
        1,
        0,
        5.033,
        0,
        2,
        5.3,
        0,
        2,
        6,
        0,
        2,
        6.5,
        0
      ]
    },
    {
      "Target": "Parameter",
      "Id": "Paramzuoxiabqie",
      "FadeInTime": -1.0,
      "FadeOutTime": -1.0,
      "Segments": [
        0,
        0,
        2,
        0.9,
        0,
        2,
        1.1,
        0,
        0,
        1.233,
        1,
        2,
        1.5,
        1,
        2,
        4.467,
        1,
        2,
        4.933,
        1,
        0,
        5.1,
        0,
        2,
        5.3,
        0,
        2,
        6,
        0,
        2,
        6.5,
        0
      ]
    },
    {
      "Target": "Parameter",
      "Id": "Paramzuoshangbqie",
      "FadeInTime": -1.0,
      "FadeOutTime": -1.0,
      "Segments": [
        0,
        1,
        2,
        0.9,
        1,
        2,
        0.933,
        1,
        0,
        1.167,
        0,
        2,
        4.467,
        0,
        2,
        5,
        0,
        0,
        5.633,
        1,
        2,
        6,
        1,
        2,
        6.5,
        1
      ]
    },
    {
      "Target": "Parameter",
      "Id": "Paramzuoshoulitouf",
      "FadeInTime": -1.0,
      "FadeOutTime": -1.0,
      "Segments": [
        0,
        1,
        2,
        0.9,
        1,
        2,
        0.933,
        1,
        0,
        0.967,
        0,
        2,
        4.467,
        0,
        2,
        5.3,
        0,
        2,
        5.633,
        0,
        0,
        5.667,
        1,
        2,
        6,
        1,
        2,
        6.5,
        1
      ]
    },
    {
      "Target": "Parameter",
      "Id": "Paramzuozhi1",
      "FadeInTime": -1.0,
      "FadeOutTime": -1.0,
      "Segments": [
        0,
        0,
        2,
        1.167,
        0,
        0,
        1.5,
        0.5,
        0,
        2.167,
        0.4,
        0,
        2.833,
        0.5,
        0,
        3.5,
        0.4,
        0,
        4.167,
        0.5,
        1,
        4.389,
        0.5,
        4.611,
        0.504,
        4.833,
        0.4,
        1,
        5.222,
        0.218,
        5.611,
        0,
        6,
        0,
        1,
        6.167,
        0,
        6.333,
        0.15,
        6.5,
        0.3
      ]
    },
    {
      "Target": "Parameter",
      "Id": "Paramzuozhi2",
      "FadeInTime": -1.0,
      "FadeOutTime": -1.0,
      "Segments": [
        0,
        0,
        2,
        1.167,
        0,
        0,
        1.5,
        0.5,
        0,
        2.167,
        0,
        0,
        2.833,
        0.5,
        0,
        3.5,
        0,
        0,
        4.167,
        0.5,
        0,
        4.833,
        0,
        2,
        6,
        0,
        1,
        6.167,
        0,
        6.333,
        0.161,
        6.5,
        0.316
      ]
    },
    {
      "Target": "Parameter",
      "Id": "Paramzuozhi3",
      "FadeInTime": -1.0,
      "FadeOutTime": -1.0,
      "Segments": [
        0,
        0,
        2,
        1.167,
        0,
        0,
        1.5,
        0.4,
        0,
        2.167,
        0,
        0,
        2.833,
        0.4,
        0,
        3.5,
        0,
        0,
        4.167,
        0.4,
        0,
        4.833,
        0,
        2,
        6,
        0,
        1,
        6.167,
        0,
        6.333,
        0.23,
        6.5,
        0.443
      ]
    },
    {
      "Target": "Parameter",
      "Id": "Paramzuozhi4",
      "FadeInTime": -1.0,
      "FadeOutTime": -1.0,
      "Segments": [
        0,
        0,
        2,
        1.167,
        0,
        0,
        1.5,
        1,
        0,
        2.167,
        0,
        0,
        2.833,
        1,
        0,
        3.5,
        0,
        0,
        4.167,
        1,
        0,
        4.833,
        0,
        2,
        6,
        0,
        1,
        6.167,
        0,
        6.333,
        0.154,
        6.5,
        0.291
      ]
    },
    {
      "Target": "Parameter",
      "Id": "Paramzuozhi5",
      "FadeInTime": -1.0,
      "FadeOutTime": -1.0,
      "Segments": [
        0,
        0,
        2,
        1.167,
        0,
        0,
        1.5,
        1,
        0,
        2.167,
        0,
        0,
        2.833,
        1,
        0,
        3.5,
        0,
        0,
        4.167,
        1,
        0,
        4.833,
        0,
        2,
        6,
        0,
        1,
        6.167,
        0,
        6.333,
        0.2,
        6.5,
        0.369
      ]
    },
    {
      "Target": "Parameter",
      "Id": "Paramzuohouxiabitc",
      "FadeInTime": -1.0,
      "FadeOutTime": -1.0,
      "Segments": [
        0,
        0,
        2,
        0.5,
        0,
        0,
        0.533,
        1,
        2,
        5.633,
        1,
        0,
        5.667,
        0,
        2,
        6,
        0,
        2,
        6.5,
        0
      ]
    },
    {
      "Target": "Parameter",
      "Id": "ParamAngleX",
      "FadeInTime": -1.0,
      "FadeOutTime": -1.0,
      "Segments": [
        0,
        0,
        2,
        0.933,
        0,
        0,
        1.267,
        23,
        1,
        1.411,
        23,
        1.556,
        12.598,
        1.7,
        0,
        1,
        1.867,
        -14.536,
        2.033,
        -19,
        2.2,
        -19,
        1,
        2.367,
        -19,
        2.533,
        -7.967,
        2.7,
        -1,
        1,
        2.856,
        5.503,
        3.011,
        6,
        3.167,
        6,
        2,
        3.5,
        6,
        0,
        4.1,
        -6,
        2,
        4.833,
        -6,
        0,
        5.5,
        16,
        0,
        6,
        0,
        1,
        6.167,
        0,
        6.333,
        2.583,
        6.5,
        4.981
      ]
    },
    {
      "Target": "Parameter",
      "Id": "ParamAngleY",
      "FadeInTime": -1.0,
      "FadeOutTime": -1.0,
      "Segments": [
        0,
        0,
        2,
        0.933,
        0,
        1,
        1.044,
        0,
        1.156,
        -0.31,
        1.267,
        1,
        1,
        1.411,
        2.702,
        1.556,
        18,
        1.7,
        18,
        1,
        1.867,
        18,
        2.033,
        12.295,
        2.2,
        -1,
        1,
        2.367,
        -14.295,
        2.533,
        -22,
        2.7,
        -22,
        1,
        2.856,
        -22,
        3.011,
        -6.844,
        3.167,
        -2,
        1,
        3.278,
        1.46,
        3.389,
        2.684,
        3.5,
        4,
        1,
        3.7,
        6.369,
        3.9,
        8.631,
        4.1,
        10,
        1,
        4.344,
        11.674,
        4.589,
        12,
        4.833,
        12,
        0,
        5.167,
        -9.56,
        0,
        5.5,
        22,
        1,
        5.667,
        22,
        5.833,
        2.47,
        6,
        0,
        1,
        6.167,
        -2.47,
        6.333,
        -3.729,
        6.5,
        -4.365
      ]
    },
    {
      "Target": "Parameter",
      "Id": "ParamAngleZ",
      "FadeInTime": -1.0,
      "FadeOutTime": -1.0,
      "Segments": [
        0,
        0,
        2,
        1.033,
        0,
        0,
        1.133,
        30,
        0,
        1.3,
        0,
        2,
        6,
        0,
        1,
        6.167,
        0,
        6.333,
        2.296,
        6.5,
        4.428
      ]
    },
    {
      "Target": "Parameter",
      "Id": "ParamEyeLOpen",
      "FadeInTime": -1.0,
      "FadeOutTime": -1.0,
      "Segments": [
        0,
        1,
        2,
        0.933,
        1,
        0,
        1.067,
        0,
        2,
        5.167,
        0,
        0,
        5.3,
        1,
        2,
        6,
        1,
        2,
        6.5,
        1
      ]
    },
    {
      "Target": "Parameter",
      "Id": "ParamEyeROpen",
      "FadeInTime": -1.0,
      "FadeOutTime": -1.0,
      "Segments": [
        0,
        1,
        2,
        0.933,
        1,
        0,
        1.067,
        0,
        2,
        5.167,
        0,
        0,
        5.3,
        1,
        2,
        6,
        1,
        2,
        6.5,
        1
      ]
    },
    {
      "Target": "Parameter",
      "Id": "ParamEyeBallX",
      "FadeInTime": -1.0,
      "FadeOutTime": -1.0,
      "Segments": [
        0,
        0,
        2,
        6,
        0,
        1,
        6.167,
        0,
        6.333,
        0.062,
        6.5,
        0.117
      ]
    },
    {
      "Target": "Parameter",
      "Id": "ParamEyeBallY",
      "FadeInTime": -1.0,
      "FadeOutTime": -1.0,
      "Segments": [
        0,
        0,
        2,
        6,
        0,
        1,
        6.167,
        0,
        6.333,
        -0.031,
        6.5,
        -0.058
      ]
    },
    {
      "Target": "Parameter",
      "Id": "Parameyetm",
      "FadeInTime": -1.0,
      "FadeOutTime": -1.0,
      "Segments": [
        0,
        1,
        2,
        0.967,
        1,
        0,
        1.1,
        0,
        2,
        5.033,
        0,
        0,
        5.167,
        1,
        2,
        6,
        1,
        2,
        6.5,
        1
      ]
    },
    {
      "Target": "Parameter",
      "Id": "Parameyeqq",
      "FadeInTime": -1.0,
      "FadeOutTime": -1.0,
      "Segments": [
        0,
        0,
        2,
        0.967,
        0,
        0,
        1.1,
        1,
        2,
        5.033,
        1,
        0,
        5.167,
        0,
        2,
        6,
        0,
        2,
        6.5,
        0
      ]
    },
    {
      "Target": "Parameter",
      "Id": "Parameyeshizi",
      "FadeInTime": -1.0,
      "FadeOutTime": -1.0,
      "Segments": [
        0,
        0,
        2,
        4.633,
        0,
        0,
        4.967,
        1,
        0,
        5.3,
        -1,
        0,
        5.533,
        0.361,
        0,
        5.7,
        -0.2,
        0,
        5.767,
        0,
        2,
        6,
        0,
        2,
        6.5,
        0
      ]
    },
    {
      "Target": "Parameter",
      "Id": "Paramurrrr",
      "FadeInTime": -1.0,
      "FadeOutTime": -1.0,
      "Segments": [
        0,
        0,
        2,
        4.633,
        0,
        2,
        4.967,
        0,
        0,
        5.3,
        -0.2,
        0,
        5.533,
        0.1,
        0,
        5.7,
        -0.1,
        0,
        5.867,
        0.1,
        0,
        6,
        0,
        2,
        6.5,
        0
      ]
    },
    {
      "Target": "Parameter",
      "Id": "ParamBrowLAngle",
      "FadeInTime": -1.0,
      "FadeOutTime": -1.0,
      "Segments": [
        0,
        0,
        2,
        0.967,
        0,
        0,
        1.1,
        1,
        2,
        5.033,
        1,
        0,
        5.167,
        0,
        2,
        6,
        0,
        2,
        6.5,
        0
      ]
    },
    {
      "Target": "Parameter",
      "Id": "ParamBrowRAngle",
      "FadeInTime": -1.0,
      "FadeOutTime": -1.0,
      "Segments": [
        0,
        0,
        2,
        0.967,
        0,
        0,
        1.1,
        -1,
        2,
        5.033,
        -1,
        0,
        5.167,
        0,
        2,
        6,
        0,
        2,
        6.5,
        0
      ]
    },
    {
      "Target": "Parameter",
      "Id": "ParamBrowLForm",
      "FadeInTime": -1.0,
      "FadeOutTime": -1.0,
      "Segments": [
        0,
        0,
        2,
        0.967,
        0,
        0,
        1.1,
        -1,
        2,
        5.033,
        -1,
        0,
        5.167,
        0,
        2,
        6,
        0,
        2,
        6.5,
        0
      ]
    },
    {
      "Target": "Parameter",
      "Id": "ParamBrowRForm",
      "FadeInTime": -1.0,
      "FadeOutTime": -1.0,
      "Segments": [
        0,
        0,
        2,
        0.967,
        0,
        0,
        1.1,
        -1,
        2,
        5.033,
        -1,
        0,
        5.167,
        0,
        2,
        6,
        0,
        2,
        6.5,
        0
      ]
    },
    {
      "Target": "Parameter",
      "Id": "ParamMouthForm",
      "FadeInTime": -1.0,
      "FadeOutTime": -1.0,
      "Segments": [
        0,
        0,
        2,
        1.033,
        0,
        0,
        1.2,
        -1,
        2,
        5.167,
        -1,
        0,
        5.3,
        0,
        2,
        6,
        0,
        0,
        6.5,
        0.5
      ]
    },
    {
      "Target": "Parameter",
      "Id": "ParamMouthOpenY",
      "FadeInTime": -1.0,
      "FadeOutTime": -1.0,
      "Segments": [
        0,
        0,
        2,
        1.033,
        0,
        0,
        1.2,
        0.5,
        0,
        6,
        0,
        2,
        6.5,
        0
      ]
    },
    {
      "Target": "Parameter",
      "Id": "Paramzuikb",
      "FadeInTime": -1.0,
      "FadeOutTime": -1.0,
      "Segments": [
        0,
        0,
        2,
        1.033,
        0,
        0,
        1.2,
        0.5,
        0,
        6,
        0,
        2,
        6.5,
        0
      ]
    },
    {
      "Target": "Parameter",
      "Id": "Paramzuistm",
      "FadeInTime": -1.0,
      "FadeOutTime": -1.0,
      "Segments": [
        0,
        0,
        2,
        0.5,
        0,
        0,
        0.533,
        1,
        2,
        5.833,
        1,
        0,
        5.867,
        0,
        2,
        6,
        0,
        2,
        6.5,
        0
      ]
    },
    {
      "Target": "Parameter",
      "Id": "Paramzuizidtm",
      "FadeInTime": -1.0,
      "FadeOutTime": -1.0,
      "Segments": [
        0,
        1,
        2,
        0.5,
        1,
        0,
        0.533,
        0,
        2,
        5.833,
        0,
        0,
        5.867,
        1,
        2,
        6,
        1,
        2,
        6.5,
        1
      ]
    },
    {
      "Target": "Parameter",
      "Id": "Parammaoqitm",
      "FadeInTime": -1.0,
      "FadeOutTime": -1.0,
      "Segments": [
        0,
        0,
        2,
        0.967,
        0,
        0,
        1,
        1,
        2,
        4.3,
        1,
        0,
        4.333,
        0,
        2,
        6,
        0,
        2,
        6.5,
        0
      ]
    },
    {
      "Target": "Parameter",
      "Id": "Paramqi1",
      "FadeInTime": -1.0,
      "FadeOutTime": -1.0,
      "Segments": [
        0,
        0,
        2,
        1,
        0,
        1,
        2.089,
        5.333,
        3.178,
        10.667,
        4.267,
        16,
        2,
        4.533,
        16,
        1,
        4.544,
        10.667,
        4.556,
        5.333,
        4.567,
        0,
        2,
        6,
        0,
        2,
        6.5,
        0
      ]
    },
    {
      "Target": "Parameter",
      "Id": "Paramqi2",
      "FadeInTime": -1.0,
      "FadeOutTime": -1.0,
      "Segments": [
        0,
        0,
        2,
        1.567,
        0,
        1,
        2.478,
        6.667,
        3.389,
        13.333,
        4.3,
        20,
        2,
        4.533,
        20,
        1,
        4.544,
        13.333,
        4.556,
        6.667,
        4.567,
        0,
        2,
        6,
        0,
        2,
        6.5,
        0
      ]
    },
    {
      "Target": "Parameter",
      "Id": "Paramqi3",
      "FadeInTime": -1.0,
      "FadeOutTime": -1.0,
      "Segments": [
        0,
        0,
        2,
        1.433,
        0,
        1,
        2.344,
        7.333,
        3.256,
        14.667,
        4.167,
        22,
        2,
        4.533,
        22,
        1,
        4.544,
        14.667,
        4.556,
        7.333,
        4.567,
        0,
        2,
        6,
        0,
        2,
        6.5,
        0
      ]
    },
    {
      "Target": "Parameter",
      "Id": "Paramqi4",
      "FadeInTime": -1.0,
      "FadeOutTime": -1.0,
      "Segments": [
        0,
        0,
        2,
        1.233,
        0,
        1,
        2.144,
        6,
        3.056,
        12,
        3.967,
        18,
        2,
        4.533,
        18,
        1,
        4.544,
        12,
        4.556,
        6,
        4.567,
        0,
        2,
        6,
        0,
        2,
        6.5,
        0
      ]
    },
    {
      "Target": "Parameter",
      "Id": "Paramtouxingx",
      "FadeInTime": -1.0,
      "FadeOutTime": -1.0,
      "Segments": [
        0,
        0,
        2,
        0.7,
        0,
        1,
        0.822,
        0,
        0.945,
        0.217,
        1.067,
        0.8,
        1,
        1.222,
        1.542,
        1.378,
        2,
        1.533,
        2,
        0,
        6,
        0,
        2,
        6.5,
        0
      ]
    },
    {
      "Target": "Parameter",
      "Id": "Paramtxtm",
      "FadeInTime": -1.0,
      "FadeOutTime": -1.0,
      "Segments": [
        0,
        0,
        2,
        0.667,
        0,
        0,
        0.7,
        1,
        2,
        1.333,
        1,
        0,
        1.533,
        0,
        2,
        6,
        0,
        2,
        6.5,
        0
      ]
    },
    {
      "Target": "Parameter",
      "Id": "Paramdcx",
      "FadeInTime": -1.0,
      "FadeOutTime": -1.0,
      "Segments": [
        0,
        0,
        0,
        0.5,
        -0.4,
        0,
        1.467,
        1,
        0,
        2,
        -1,
        0,
        2.533,
        1,
        0,
        3.067,
        -1,
        0,
        3.6,
        0.5,
        0,
        4.167,
        -0.5,
        0,
        5.333,
        0.4,
        1,
        5.555,
        0.4,
        5.778,
        0.216,
        6,
        0,
        1,
        6.167,
        -0.162,
        6.333,
        -0.265,
        6.5,
        -0.326
      ]
    },
    {
      "Target": "Parameter",
      "Id": "Paramdcy",
      "FadeInTime": -1.0,
      "FadeOutTime": -1.0,
      "Segments": [
        0,
        -0.4,
        0,
        0.5,
        0,
        0,
        0.967,
        -0.403,
        0,
        1.467,
        0.097,
        0,
        1.733,
        -0.803,
        0,
        2,
        -0.003,
        0,
        2.3,
        -0.803,
        0,
        2.533,
        0.097,
        0,
        2.8,
        -0.803,
        0,
        3.067,
        -0.003,
        0,
        3.367,
        -0.803,
        0,
        3.6,
        -0.103,
        0,
        3.867,
        -0.803,
        0,
        4.167,
        -0.203,
        0,
        4.5,
        -0.603,
        0,
        5.333,
        0,
        0,
        6,
        -0.4,
        1,
        6.167,
        -0.4,
        6.333,
        -0.285,
        6.5,
        -0.179
      ]
    },
    {
      "Target": "Parameter",
      "Id": "Paramdczuoyou",
      "FadeInTime": -1.0,
      "FadeOutTime": -1.0,
      "Segments": [
        0,
        0,
        0,
        0.5,
        -0.3,
        0,
        1.467,
        0.5,
        0,
        2,
        -0.6,
        0,
        2.533,
        0.5,
        0,
        3.067,
        -0.6,
        0,
        3.6,
        0.3,
        0,
        4.167,
        -0.3,
        0,
        5.333,
        0.3,
        1,
        5.555,
        0.3,
        5.778,
        0.162,
        6,
        0,
        1,
        6.167,
        -0.122,
        6.333,
        -0.199,
        6.5,
        -0.245
      ]
    },
    {
      "Target": "Parameter",
      "Id": "ParamBodyAngleX",
      "FadeInTime": -1.0,
      "FadeOutTime": -1.0,
      "Segments": [
        0,
        0,
        0,
        0.767,
        -5,
        0,
        1.567,
        6,
        0,
        2.6,
        -6,
        0,
        3.867,
        7,
        0,
        5.067,
        -6,
        0,
        6,
        0,
        1,
        6.167,
        0,
        6.333,
        -0.234,
        6.5,
        -0.565
      ]
    },
    {
      "Target": "Parameter",
      "Id": "ParamBodyAngleY",
      "FadeInTime": -1.0,
      "FadeOutTime": -1.0,
      "Segments": [
        0,
        0,
        2,
        0.767,
        0,
        0,
        1.333,
        -10,
        0,
        1.633,
        -9,
        0,
        2.167,
        -10,
        0,
        2.367,
        -8,
        0,
        4.367,
        -10,
        0,
        6,
        0,
        2,
        6.5,
        0
      ]
    },
    {
      "Target": "Parameter",
      "Id": "Parambdx",
      "FadeInTime": -1.0,
      "FadeOutTime": -1.0,
      "Segments": [
        0,
        0,
        0,
        0.767,
        -5,
        0,
        1.567,
        6,
        0,
        2.6,
        -6,
        0,
        3.867,
        7,
        0,
        5.067,
        -6,
        0,
        6,
        0,
        1,
        6.167,
        0,
        6.333,
        -0.234,
        6.5,
        -0.565
      ]
    },
    {
      "Target": "Parameter",
      "Id": "Parambdy",
      "FadeInTime": -1.0,
      "FadeOutTime": -1.0,
      "Segments": [
        0,
        0,
        2,
        0.767,
        0,
        0,
        1.333,
        -10,
        0,
        1.633,
        -9,
        0,
        2.167,
        -10,
        0,
        2.367,
        -8,
        0,
        4.367,
        -10,
        0,
        6,
        0,
        2,
        6.5,
        0
      ]
    },
    {
      "Target": "Parameter",
      "Id": "Parampigu",
      "FadeInTime": -1.0,
      "FadeOutTime": -1.0,
      "Segments": [
        0,
        0,
        0,
        0.867,
        -10,
        0,
        2.1,
        10,
        0,
        2.867,
        0,
        2,
        6,
        0,
        1,
        6.167,
        0,
        6.333,
        0.606,
        6.5,
        1.46
      ]
    },
    {
      "Target": "Parameter",
      "Id": "ParamBreath",
      "FadeInTime": -1.0,
      "FadeOutTime": -1.0,
      "Segments": [
        0,
        0,
        2,
        6,
        0,
        1,
        6.167,
        0,
        6.333,
        0.055,
        6.5,
        0.139
      ]
    },
    {
      "Target": "Parameter",
      "Id": "Parampsr",
      "FadeInTime": -1.0,
      "FadeOutTime": -1.0,
      "Segments": [
        0,
        0,
        0,
        0.9,
        -1,
        0,
        1.533,
        1,
        0,
        2.4,
        -1,
        0,
        3.133,
        1,
        0,
        3.8,
        -1,
        0,
        4.6,
        1,
        0,
        5.4,
        -1,
        0,
        6,
        0,
        2,
        6.5,
        0
      ]
    },
    {
      "Target": "Parameter",
      "Id": "ParamHairFront",
      "FadeInTime": -1.0,
      "FadeOutTime": -1.0,
      "Segments": [
        0,
        0.003,
        0,
        0.033,
        0,
        0,
        0.4,
        0.113,
        0,
        1.2,
        -0.789,
        0,
        1.6,
        0.662,
        0,
        2.1,
        -0.024,
        0,
        2.233,
        -0.015,
        0,
        2.633,
        -0.43,
        0,
        3.367,
        0.332,
        0,
        4.133,
        -0.307,
        0,
        4.867,
        0.257,
        0,
        5.3,
        -0.135,
        0,
        5.833,
        0.087,
        0,
        6.267,
        -0.07,
        1,
        6.345,
        -0.07,
        6.422,
        -0.062,
        6.5,
        -0.05
      ]
    },
    {
      "Target": "Parameter",
      "Id": "Paramhfy",
      "FadeInTime": -1.0,
      "FadeOutTime": -1.0,
      "Segments": [
        0,
        0.004,
        0,
        0.067,
        0.011,
        0,
        0.233,
        -0.033,
        0,
        0.633,
        0.113,
        0,
        0.933,
        0.049,
        0,
        1.1,
        0.303,
        0,
        1.4,
        -0.972,
        0,
        1.833,
        0.582,
        0,
        2.233,
        0.056,
        0,
        2.467,
        0.16,
        0,
        2.9,
        -0.439,
        0,
        3.633,
        0.282,
        0,
        3.8,
        0.255,
        2,
        3.833,
        0.255,
        0,
        4.367,
        -0.286,
        0,
        5.067,
        0.279,
        0,
        5.7,
        -0.133,
        0,
        6.067,
        0.092,
        0,
        6.5,
        -0.064
      ]
    },
    {
      "Target": "Parameter",
      "Id": "Param",
      "FadeInTime": -1.0,
      "FadeOutTime": -1.0,
      "Segments": [
        0,
        0.736,
        1,
        0.167,
        0.736,
        0.333,
        0.508,
        0.5,
        0.003,
        1,
        0.656,
        -0.468,
        0.811,
        -0.73,
        0.967,
        -0.73,
        1,
        1.134,
        -0.73,
        1.3,
        -0.581,
        1.467,
        0.002,
        1,
        1.556,
        0.312,
        1.644,
        0.736,
        1.733,
        0.736,
        1,
        1.822,
        0.736,
        1.911,
        0.46,
        2,
        0.002,
        1,
        2.1,
        -0.514,
        2.2,
        -0.73,
        2.3,
        -0.73,
        1,
        2.378,
        -0.73,
        2.455,
        -0.452,
        2.533,
        0.002,
        1,
        2.622,
        0.521,
        2.711,
        0.736,
        2.8,
        0.736,
        1,
        2.889,
        0.736,
        2.978,
        0.46,
        3.067,
        0.002,
        1,
        3.167,
        -0.514,
        3.267,
        -0.73,
        3.367,
        -0.73,
        1,
        3.445,
        -0.73,
        3.522,
        -0.452,
        3.6,
        0.002,
        1,
        3.689,
        0.521,
        3.778,
        0.736,
        3.867,
        0.736,
        1,
        3.956,
        0.736,
        4.044,
        0.46,
        4.133,
        0.002,
        1,
        4.233,
        -0.514,
        4.333,
        -0.73,
        4.433,
        -0.73,
        1,
        4.733,
        -0.73,
        5.033,
        -0.547,
        5.333,
        0.002,
        1,
        5.555,
        0.408,
        5.778,
        0.736,
        6,
        0.736,
        1,
        6.167,
        0.736,
        6.333,
        0.654,
        6.5,
        0.508
      ]
    },
    {
      "Target": "Parameter",
      "Id": "Param2",
      "FadeInTime": -1.0,
      "FadeOutTime": -1.0,
      "Segments": [
        0,
        0.002,
        0,
        0.5,
        0.736,
        1,
        0.656,
        0.736,
        0.811,
        0.473,
        0.967,
        0.002,
        1,
        1.134,
        -0.503,
        1.3,
        -0.73,
        1.467,
        -0.73,
        1,
        1.556,
        -0.73,
        1.644,
        -0.487,
        1.733,
        0.002,
        1,
        1.822,
        0.49,
        1.911,
        0.736,
        2,
        0.736,
        1,
        2.1,
        0.736,
        2.2,
        0.543,
        2.3,
        0.002,
        1,
        2.378,
        -0.419,
        2.455,
        -0.73,
        2.533,
        -0.73,
        1,
        2.622,
        -0.73,
        2.711,
        -0.487,
        2.8,
        0.002,
        1,
        2.889,
        0.49,
        2.978,
        0.736,
        3.067,
        0.736,
        1,
        3.167,
        0.736,
        3.267,
        0.543,
        3.367,
        0.002,
        1,
        3.445,
        -0.419,
        3.522,
        -0.73,
        3.6,
        -0.73,
        1,
        3.689,
        -0.73,
        3.778,
        -0.487,
        3.867,
        0.002,
        1,
        3.956,
        0.49,
        4.044,
        0.736,
        4.133,
        0.736,
        1,
        4.233,
        0.736,
        4.333,
        0.197,
        4.433,
        0.002,
        1,
        4.733,
        -0.583,
        5.033,
        -0.73,
        5.333,
        -0.73,
        1,
        5.555,
        -0.73,
        5.778,
        -0.395,
        6,
        0.002,
        1,
        6.167,
        0.299,
        6.333,
        0.488,
        6.5,
        0.6
      ]
    },
    {
      "Target": "Parameter",
      "Id": "ParamHairBack",
      "FadeInTime": -1.0,
      "FadeOutTime": -1.0,
      "Segments": [
        0,
        0,
        0,
        0.5,
        -0.494,
        1,
        0.656,
        -0.494,
        0.811,
        -0.321,
        0.967,
        0,
        1,
        1.134,
        0.344,
        1.3,
        0.505,
        1.467,
        0.505,
        1,
        1.556,
        0.505,
        1.644,
        0.333,
        1.733,
        0,
        1,
        1.822,
        -0.333,
        1.911,
        -0.494,
        2,
        -0.494,
        1,
        2.1,
        -0.494,
        2.2,
        -0.368,
        2.3,
        0,
        1,
        2.378,
        0.286,
        2.455,
        0.505,
        2.533,
        0.505,
        1,
        2.622,
        0.505,
        2.711,
        0.333,
        2.8,
        0,
        1,
        2.889,
        -0.333,
        2.978,
        -0.494,
        3.067,
        -0.494,
        1,
        3.167,
        -0.494,
        3.267,
        -0.368,
        3.367,
        0,
        1,
        3.445,
        0.286,
        3.522,
        0.505,
        3.6,
        0.505,
        1,
        3.689,
        0.505,
        3.778,
        0.333,
        3.867,
        0,
        1,
        3.956,
        -0.333,
        4.044,
        -0.494,
        4.133,
        -0.494,
        1,
        4.233,
        -0.494,
        4.333,
        -0.134,
        4.433,
        0,
        1,
        4.733,
        0.403,
        5.033,
        0.505,
        5.333,
        0.505,
        1,
        5.555,
        0.505,
        5.778,
        0.269,
        6,
        0,
        1,
        6.167,
        -0.202,
        6.333,
        -0.329,
        6.5,
        -0.404
      ]
    },
    {
      "Target": "Parameter",
      "Id": "Paramhoufay",
      "FadeInTime": -1.0,
      "FadeOutTime": -1.0,
      "Segments": [
        0,
        0.518,
        1,
        0.167,
        0.518,
        0.333,
        0.353,
        0.5,
        0,
        1,
        0.656,
        -0.33,
        0.811,
        -0.508,
        0.967,
        -0.508,
        1,
        1.134,
        -0.508,
        1.3,
        -0.406,
        1.467,
        0,
        1,
        1.556,
        0.216,
        1.644,
        0.518,
        1.733,
        0.518,
        1,
        1.822,
        0.518,
        1.911,
        0.32,
        2,
        0,
        1,
        2.1,
        -0.36,
        2.2,
        -0.508,
        2.3,
        -0.508,
        1,
        2.378,
        -0.508,
        2.455,
        -0.318,
        2.533,
        0,
        1,
        2.622,
        0.363,
        2.711,
        0.518,
        2.8,
        0.518,
        1,
        2.889,
        0.518,
        2.978,
        0.32,
        3.067,
        0,
        1,
        3.167,
        -0.36,
        3.267,
        -0.508,
        3.367,
        -0.508,
        1,
        3.445,
        -0.508,
        3.522,
        -0.318,
        3.6,
        0,
        1,
        3.689,
        0.363,
        3.778,
        0.518,
        3.867,
        0.518,
        1,
        3.956,
        0.518,
        4.044,
        0.32,
        4.133,
        0,
        1,
        4.233,
        -0.36,
        4.333,
        -0.508,
        4.433,
        -0.508,
        1,
        4.733,
        -0.508,
        5.033,
        -0.383,
        5.333,
        0,
        1,
        5.555,
        0.284,
        5.778,
        0.518,
        6,
        0.518,
        1,
        6.167,
        0.518,
        6.333,
        0.458,
        6.5,
        0.356
      ]
    },
    {
      "Target": "Parameter",
      "Id": "Paramhoufabx",
      "FadeInTime": -1.0,
      "FadeOutTime": -1.0,
      "Segments": [
        0,
        0,
        0,
        0.5,
        -0.494,
        1,
        0.656,
        -0.494,
        0.811,
        -0.321,
        0.967,
        0,
        1,
        1.134,
        0.344,
        1.3,
        0.505,
        1.467,
        0.505,
        1,
        1.556,
        0.505,
        1.644,
        0.333,
        1.733,
        0,
        1,
        1.822,
        -0.333,
        1.911,
        -0.494,
        2,
        -0.494,
        1,
        2.1,
        -0.494,
        2.2,
        -0.368,
        2.3,
        0,
        1,
        2.378,
        0.286,
        2.455,
        0.505,
        2.533,
        0.505,
        1,
        2.622,
        0.505,
        2.711,
        0.333,
        2.8,
        0,
        1,
        2.889,
        -0.333,
        2.978,
        -0.494,
        3.067,
        -0.494,
        1,
        3.167,
        -0.494,
        3.267,
        -0.368,
        3.367,
        0,
        1,
        3.445,
        0.286,
        3.522,
        0.505,
        3.6,
        0.505,
        1,
        3.689,
        0.505,
        3.778,
        0.333,
        3.867,
        0,
        1,
        3.956,
        -0.333,
        4.044,
        -0.494,
        4.133,
        -0.494,
        1,
        4.233,
        -0.494,
        4.333,
        -0.134,
        4.433,
        0,
        1,
        4.733,
        0.403,
        5.033,
        0.505,
        5.333,
        0.505,
        1,
        5.555,
        0.505,
        5.778,
        0.269,
        6,
        0,
        1,
        6.167,
        -0.202,
        6.333,
        -0.329,
        6.5,
        -0.404
      ]
    },
    {
      "Target": "Parameter",
      "Id": "Paramdcfx",
      "FadeInTime": -1.0,
      "FadeOutTime": -1.0,
      "Segments": [
        0,
        0.522,
        1,
        0.167,
        0.522,
        0.333,
        0.36,
        0.5,
        0.002,
        1,
        0.656,
        -0.332,
        0.811,
        -0.517,
        0.967,
        -0.517,
        1,
        1.134,
        -0.517,
        1.3,
        -0.411,
        1.467,
        0.002,
        1,
        1.556,
        0.222,
        1.644,
        0.522,
        1.733,
        0.522,
        1,
        1.822,
        0.522,
        1.911,
        0.327,
        2,
        0.002,
        1,
        2.1,
        -0.363,
        2.2,
        -0.517,
        2.3,
        -0.517,
        1,
        2.378,
        -0.517,
        2.455,
        -0.32,
        2.533,
        0.002,
        1,
        2.622,
        0.37,
        2.711,
        0.522,
        2.8,
        0.522,
        1,
        2.889,
        0.522,
        2.978,
        0.327,
        3.067,
        0.002,
        1,
        3.167,
        -0.363,
        3.267,
        -0.517,
        3.367,
        -0.517,
        1,
        3.445,
        -0.517,
        3.522,
        -0.32,
        3.6,
        0.002,
        1,
        3.689,
        0.37,
        3.778,
        0.522,
        3.867,
        0.522,
        1,
        3.956,
        0.522,
        4.044,
        0.327,
        4.133,
        0.002,
        1,
        4.233,
        -0.363,
        4.333,
        -0.517,
        4.433,
        -0.517,
        1,
        4.733,
        -0.517,
        5.033,
        -0.387,
        5.333,
        0.002,
        1,
        5.555,
        0.29,
        5.778,
        0.522,
        6,
        0.522,
        1,
        6.167,
        0.522,
        6.333,
        0.463,
        6.5,
        0.36
      ]
    },
    {
      "Target": "Parameter",
      "Id": "Paramdcfy",
      "FadeInTime": -1.0,
      "FadeOutTime": -1.0,
      "Segments": [
        0,
        0.002,
        0,
        0.5,
        0.522,
        1,
        0.656,
        0.522,
        0.811,
        0.336,
        0.967,
        0.002,
        1,
        1.134,
        -0.356,
        1.3,
        -0.517,
        1.467,
        -0.517,
        1,
        1.556,
        -0.517,
        1.644,
        -0.344,
        1.733,
        0.002,
        1,
        1.822,
        0.348,
        1.911,
        0.522,
        2,
        0.522,
        1,
        2.1,
        0.522,
        2.2,
        0.386,
        2.3,
        0.002,
        1,
        2.378,
        -0.296,
        2.455,
        -0.517,
        2.533,
        -0.517,
        1,
        2.622,
        -0.517,
        2.711,
        -0.344,
        2.8,
        0.002,
        1,
        2.889,
        0.348,
        2.978,
        0.522,
        3.067,
        0.522,
        1,
        3.167,
        0.522,
        3.267,
        0.386,
        3.367,
        0.002,
        1,
        3.445,
        -0.296,
        3.522,
        -0.517,
        3.6,
        -0.517,
        1,
        3.689,
        -0.517,
        3.778,
        -0.344,
        3.867,
        0.002,
        1,
        3.956,
        0.348,
        4.044,
        0.522,
        4.133,
        0.522,
        1,
        4.233,
        0.522,
        4.333,
        0.14,
        4.433,
        0.002,
        1,
        4.733,
        -0.413,
        5.033,
        -0.517,
        5.333,
        -0.517,
        1,
        5.555,
        -0.517,
        5.778,
        -0.279,
        6,
        0.002,
        1,
        6.167,
        0.213,
        6.333,
        0.347,
        6.5,
        0.426
      ]
    },
    {
      "Target": "Parameter",
      "Id": "Param_Angle_Rotation_2_ArtMesh73",
      "FadeInTime": -1.0,
      "FadeOutTime": -1.0,
      "Segments": [
        0,
        0,
        2,
        0.033,
        0,
        0,
        0.433,
        2.806,
        0,
        1.2,
        -17.888,
        0,
        1.7,
        13.873,
        0,
        2.7,
        -10.519,
        0,
        3.433,
        8.455,
        0,
        4.167,
        -7.495,
        0,
        4.867,
        6.295,
        0,
        5.5,
        -3.122,
        0,
        5.9,
        1.515,
        0,
        6.367,
        -1.436,
        1,
        6.411,
        -1.436,
        6.456,
        -1.368,
        6.5,
        -1.258
      ]
    },
    {
      "Target": "Parameter",
      "Id": "Param_Angle_Rotation_3_ArtMesh73",
      "FadeInTime": -1.0,
      "FadeOutTime": -1.0,
      "Segments": [
        0,
        0,
        2,
        0.033,
        0,
        0,
        0.233,
        -1.038,
        0,
        0.667,
        1.025,
        0,
        0.933,
        0.544,
        0,
        1.133,
        8.073,
        0,
        1.433,
        -14.098,
        0,
        1.867,
        7.782,
        0,
        2.233,
        -1.766,
        0,
        2.533,
        3.23,
        0,
        2.933,
        -4.529,
        0,
        3.6,
        2.355,
        0,
        3.767,
        2.111,
        0,
        3.9,
        2.837,
        0,
        4.4,
        -3.087,
        0,
        5.1,
        3.675,
        0,
        5.7,
        -2.009,
        0,
        6.1,
        1.769,
        0,
        6.5,
        -0.878
      ]
    },
    {
      "Target": "Parameter",
      "Id": "Param_Angle_Rotation_4_ArtMesh73",
      "FadeInTime": -1.0,
      "FadeOutTime": -1.0,
      "Segments": [
        0,
        0,
        2,
        0.1,
        0,
        0,
        0.367,
        -1.069,
        0,
        0.8,
        1.371,
        0,
        1,
        0.802,
        0,
        1.233,
        6.68,
        0,
        1.567,
        -15.07,
        0,
        2,
        11.603,
        0,
        2.367,
        -3.893,
        0,
        2.7,
        3.899,
        0,
        3.067,
        -5.775,
        0,
        3.733,
        2.734,
        0,
        3.9,
        2.589,
        0,
        3.967,
        2.609,
        0,
        4.533,
        -3.758,
        0,
        5.233,
        3.884,
        0,
        5.733,
        -2.525,
        0,
        6.2,
        2.324,
        1,
        6.3,
        2.324,
        6.4,
        0.521,
        6.5,
        -0.588
      ]
    },
    {
      "Target": "Parameter",
      "Id": "Param_Angle_Rotation_5_ArtMesh73",
      "FadeInTime": -1.0,
      "FadeOutTime": -1.0,
      "Segments": [
        0,
        0,
        2,
        0.2,
        0,
        0,
        0.467,
        -1.142,
        0,
        0.9,
        1.75,
        0,
        1.067,
        1.299,
        0,
        1.333,
        5.808,
        0,
        1.7,
        -16.54,
        0,
        2.1,
        15.722,
        0,
        2.5,
        -6.988,
        0,
        2.833,
        5.128,
        0,
        3.233,
        -7.417,
        0,
        3.733,
        3.613,
        0,
        4.633,
        -4.474,
        0,
        5.333,
        4.186,
        0,
        5.8,
        -3.644,
        0,
        6.3,
        2.994,
        1,
        6.367,
        2.994,
        6.433,
        2.054,
        6.5,
        0.98
      ]
    },
    {
      "Target": "Parameter",
      "Id": "Param_Angle_Rotation_6_ArtMesh73",
      "FadeInTime": -1.0,
      "FadeOutTime": -1.0,
      "Segments": [
        0,
        0,
        2,
        0.3,
        0,
        0,
        0.567,
        -1.228,
        0,
        1.033,
        2.181,
        0,
        1.167,
        1.868,
        0,
        1.467,
        5.085,
        0,
        1.833,
        -17.926,
        0,
        2.233,
        20.27,
        0,
        2.633,
        -11.072,
        0,
        3,
        7.249,
        0,
        3.367,
        -9.584,
        0,
        3.8,
        5.864,
        0,
        4.767,
        -5.088,
        0,
        5.4,
        4.661,
        0,
        5.9,
        -4.811,
        0,
        6.4,
        4.04,
        1,
        6.433,
        4.04,
        6.467,
        3.713,
        6.5,
        3.2
      ]
    },
    {
      "Target": "Parameter",
      "Id": "Param_Angle_Rotation_7_ArtMesh73",
      "FadeInTime": -1.0,
      "FadeOutTime": -1.0,
      "Segments": [
        0,
        -0.114,
        0,
        0.167,
        0,
        2,
        0.4,
        0,
        0,
        0.7,
        -1.34,
        0,
        1.167,
        2.683,
        0,
        1.3,
        2.466,
        0,
        1.533,
        4.472,
        0,
        1.933,
        -19.344,
        0,
        2.367,
        24.701,
        0,
        2.767,
        -16.133,
        0,
        3.133,
        10.405,
        0,
        3.5,
        -12.477,
        0,
        3.933,
        9.139,
        0,
        4.867,
        -5.549,
        0,
        5.467,
        5.573,
        0,
        6,
        -6.028,
        0,
        6.5,
        5.374
      ]
    },
    {
      "Target": "Model",
      "Id": "Opacity",
      "FadeInTime": -1.0,
      "FadeOutTime": -1.0,
      "Segments": [
        0,
        1,
        0,
        6.5,
        1
      ]
    },
    {
      "Target": "Parameter",
      "Id": "Param20",
      "FadeInTime": -1.0,
      "FadeOutTime": -1.0,
      "Segments": [
        0,
        0,
        0,
        6.5,
        0
      ]
    },
    {
      "Target": "Parameter",
      "Id": "Paramyouzhangqie",
      "FadeInTime": -1.0,
      "FadeOutTime": -1.0,
      "Segments": [
        0,
        0,
        0,
        6.5,
        0
      ]
    },
    {
      "Target": "Parameter",
      "Id": "Paramxinftm",
      "FadeInTime": -1.0,
      "FadeOutTime": -1.0,
      "Segments": [
        0,
        0,
        0,
        6.5,
        0
      ]
    },
    {
      "Target": "Parameter",
      "Id": "Paramxinfxz",
      "FadeInTime": -1.0,
      "FadeOutTime": -1.0,
      "Segments": [
        0,
        0,
        0,
        6.5,
        0
      ]
    },
    {
      "Target": "Parameter",
      "Id": "xiaoyanwu1",
      "FadeInTime": -1.0,
      "FadeOutTime": -1.0,
      "Segments": [
        0,
        0,
        0,
        6.5,
        0
      ]
    },
    {
      "Target": "Parameter",
      "Id": "Paramwuzitm",
      "FadeInTime": -1.0,
      "FadeOutTime": -1.0,
      "Segments": [
        0,
        0,
        0,
        6.5,
        0
      ]
    },
    {
      "Target": "Parameter",
      "Id": "Paramaixintm",
      "FadeInTime": -1.0,
      "FadeOutTime": -1.0,
      "Segments": [
        0,
        0,
        0,
        6.5,
        0
      ]
    },
    {
      "Target": "Parameter",
      "Id": "Paramaixin",
      "FadeInTime": -1.0,
      "FadeOutTime": -1.0,
      "Segments": [
        0,
        0,
        0,
        6.5,
        0
      ]
    },
    {
      "Target": "Parameter",
      "Id": "Paramxiongdai1",
      "FadeInTime": -1.0,
      "FadeOutTime": -1.0,
      "Segments": [
        0,
        0,
        0,
        6.5,
        0
      ]
    },
    {
      "Target": "Parameter",
      "Id": "Param28",
      "FadeInTime": -1.0,
      "FadeOutTime": -1.0,
      "Segments": [
        0,
        0,
        0,
        6.5,
        0
      ]
    },
    {
      "Target": "Parameter",
      "Id": "ParamRrr",
      "FadeInTime": -1.0,
      "FadeOutTime": -1.0,
      "Segments": [
        0,
        0,
        0,
        6.5,
        0
      ]
    },
    {
      "Target": "Parameter",
      "Id": "ParamEyeLSmile",
      "FadeInTime": -1.0,
      "FadeOutTime": -1.0,
      "Segments": [
        0,
        0,
        0,
        6.5,
        0
      ]
    },
    {
      "Target": "Parameter",
      "Id": "ParamEyeRSmile",
      "FadeInTime": -1.0,
      "FadeOutTime": -1.0,
      "Segments": [
        0,
        0,
        0,
        6.5,
        0
      ]
    },
    {
      "Target": "Parameter",
      "Id": "Paramleitm",
      "FadeInTime": -1.0,
      "FadeOutTime": -1.0,
      "Segments": [
        0,
        0,
        0,
        6.5,
        0
      ]
    },
    {
      "Target": "Parameter",
      "Id": "Parameyeqie",
      "FadeInTime": -1.0,
      "FadeOutTime": -1.0,
      "Segments": [
        0,
        0,
        0,
        6.5,
        0
      ]
    },
    {
      "Target": "Parameter",
      "Id": "Paramtkdx",
      "FadeInTime": -1.0,
      "FadeOutTime": -1.0,
      "Segments": [
        0,
        0,
        0,
        6.5,
        0
      ]
    },
    {
      "Target": "Parameter",
      "Id": "Parameyeliqie",
      "FadeInTime": -1.0,
      "FadeOutTime": -1.0,
      "Segments": [
        0,
        0,
        0,
        6.5,
        0
      ]
    },
    {
      "Target": "Parameter",
      "Id": "ParamBrowLX",
      "FadeInTime": -1.0,
      "FadeOutTime": -1.0,
      "Segments": [
        0,
        0,
        0,
        6.5,
        0
      ]
    },
    {
      "Target": "Parameter",
      "Id": "ParamBrowLY",
      "FadeInTime": -1.0,
      "FadeOutTime": -1.0,
      "Segments": [
        0,
        0,
        0,
        6.5,
        0
      ]
    },
    {
      "Target": "Parameter",
      "Id": "ParamBrowRX",
      "FadeInTime": -1.0,
      "FadeOutTime": -1.0,
      "Segments": [
        0,
        0,
        0,
        6.5,
        0
      ]
    },
    {
      "Target": "Parameter",
      "Id": "ParamBrowRY",
      "FadeInTime": -1.0,
      "FadeOutTime": -1.0,
      "Segments": [
        0,
        0,
        0,
        6.5,
        0
      ]
    },
    {
      "Target": "Parameter",
      "Id": "ParamCheek",
      "FadeInTime": -1.0,
      "FadeOutTime": -1.0,
      "Segments": [
        0,
        0,
        0,
        6.5,
        0
      ]
    },
    {
      "Target": "Parameter",
      "Id": "Paramgl",
      "FadeInTime": -1.0,
      "FadeOutTime": -1.0,
      "Segments": [
        0,
        0,
        0,
        6.5,
        0
      ]
    },
    {
      "Target": "Parameter",
      "Id": "Paramdks",
      "FadeInTime": -1.0,
      "FadeOutTime": -1.0,
      "Segments": [
        0,
        0,
        0,
        6.5,
        0
      ]
    },
    {
      "Target": "Parameter",
      "Id": "Paramshetou",
      "FadeInTime": -1.0,
      "FadeOutTime": -1.0,
      "Segments": [
        0,
        0,
        0,
        6.5,
        0
      ]
    },
    {
      "Target": "Parameter",
      "Id": "Paramptp",
      "FadeInTime": -1.0,
      "FadeOutTime": -1.0,
      "Segments": [
        0,
        0,
        0,
        6.5,
        0
      ]
    },
    {
      "Target": "Parameter",
      "Id": "Paramquan",
      "FadeInTime": -1.0,
      "FadeOutTime": -1.0,
      "Segments": [
        0,
        0,
        0,
        6.5,
        0
      ]
    },
    {
      "Target": "Parameter",
      "Id": "Paramquantm",
      "FadeInTime": -1.0,
      "FadeOutTime": -1.0,
      "Segments": [
        0,
        0,
        0,
        6.5,
        0
      ]
    },
    {
      "Target": "Parameter",
      "Id": "Paramdjj",
      "FadeInTime": -1.0,
      "FadeOutTime": -1.0,
      "Segments": [
        0,
        0,
        0,
        6.5,
        0
      ]
    },
    {
      "Target": "Parameter",
      "Id": "koushuishangxia",
      "FadeInTime": -1.0,
      "FadeOutTime": -1.0,
      "Segments": [
        0,
        0,
        0,
        6.5,
        0
      ]
    },
    {
      "Target": "Parameter",
      "Id": "koushuizuoyou",
      "FadeInTime": -1.0,
      "FadeOutTime": -1.0,
      "Segments": [
        0,
        0,
        0,
        6.5,
        0
      ]
    },
    {
      "Target": "Parameter",
      "Id": "koushuijiaodu",
      "FadeInTime": -1.0,
      "FadeOutTime": -1.0,
      "Segments": [
        0,
        0,
        0,
        6.5,
        0
      ]
    },
    {
      "Target": "Parameter",
      "Id": "koushuiyaobai",
      "FadeInTime": -1.0,
      "FadeOutTime": -1.0,
      "Segments": [
        0,
        0,
        0,
        6.5,
        0
      ]
    },
    {
      "Target": "Parameter",
      "Id": "koushuichangduan",
      "FadeInTime": -1.0,
      "FadeOutTime": -1.0,
      "Segments": [
        0,
        0,
        0,
        6.5,
        0
      ]
    },
    {
      "Target": "Parameter",
      "Id": "Paramkoushuiyasuo",
      "FadeInTime": -1.0,
      "FadeOutTime": -1.0,
      "Segments": [
        0,
        0,
        0,
        6.5,
        0
      ]
    },
    {
      "Target": "Parameter",
      "Id": "ParamBodyAngleZ",
      "FadeInTime": -1.0,
      "FadeOutTime": -1.0,
      "Segments": [
        0,
        0,
        0,
        6.5,
        0
      ]
    },
    {
      "Target": "Parameter",
      "Id": "ParamHairSide",
      "FadeInTime": -1.0,
      "FadeOutTime": -1.0,
      "Segments": [
        0,
        0,
        0,
        6.5,
        0
      ]
    }
  ],
  "UserData": [
    {
      "Time": 0.0,
      "Value": ""
    },
    {
      "Time": 6.0,
      "Value": ""
    }
  ]
}