{
  "Version": 3,
  "Meta": {
    "Duration": 6.5,
    "Fps": 30.0,
    "Loop": true,
    "AreBeziersRestricted": true,
    "FadeInTime": 0.0,
    "FadeOutTime": 0.0,
    "CurveCount": 157,
    "TotalSegmentCount": 698,
    "TotalPointCount": 1040,
    "UserDataCount": 2,
    "TotalUserDataSize": 0
  },
  "Curves": [
    {
      "Target": "Parameter",
      "Id": "ParamlegLxz",
      "FadeInTime": -1.0,
      "FadeOutTime": -1.0,
      "Segments": [
        0,
        0,
        0,
        0.667,
        -3,
        0,
        2.267,
        3,
        0,
        3.7,
        -3,
        0,
        5.3,
        3,
        1,
        5.533,
        3,
        5.767,
        1.679,
        6,
        0,
        1,
        6.167,
        -1.2,
        6.333,
        -1.975,
        6.5,
        -2.436
      ]
    },
    {
      "Target": "Parameter",
      "Id": "Paramjoxz",
      "FadeInTime": -1.0,
      "FadeOutTime": -1.0,
      "Segments": [
        0,
        0,
        1,
        0.222,
        0,
        0.445,
        -1.099,
        0.667,
        -3,
        1,
        0.911,
        -5.091,
        1.156,
        -6.002,
        1.4,
        -6.002,
        1,
        1.689,
        -6.002,
        1.978,
        -5.077,
        2.267,
        -3,
        1,
        2.534,
        -1.082,
        2.8,
        0,
        3.067,
        0,
        1,
        3.278,
        0,
        3.489,
        -1.206,
        3.7,
        -3,
        1,
        3.956,
        -5.171,
        4.211,
        -6.002,
        4.467,
        -6.002,
        1,
        4.745,
        -6.002,
        5.022,
        -5.158,
        5.3,
        -3,
        1,
        5.533,
        -1.187,
        5.767,
        0,
        6,
        0,
        1,
        6.167,
        0,
        6.333,
        -0.337,
        6.5,
        -0.931
      ]
    },
    {
      "Target": "Parameter",
      "Id": "ParamjoLbx",
      "FadeInTime": -1.0,
      "FadeOutTime": -1.0,
      "Segments": [
        0,
        0,
        0,
        0.667,
        5.129,
        1,
        0.911,
        5.129,
        1.156,
        3.086,
        1.4,
        0,
        1,
        1.689,
        -3.647,
        1.978,
        -5.058,
        2.267,
        -5.058,
        1,
        2.534,
        -5.058,
        2.8,
        -3.731,
        3.067,
        0,
        1,
        3.278,
        2.953,
        3.489,
        5.129,
        3.7,
        5.129,
        1,
        3.956,
        5.129,
        4.211,
        3.246,
        4.467,
        0,
        1,
        4.745,
        -3.528,
        5.022,
        -5.058,
        5.3,
        -5.058,
        1,
        5.533,
        -5.058,
        5.767,
        -2.855,
        6,
        0,
        1,
        6.167,
        2.039,
        6.333,
        3.366,
        6.5,
        4.157
      ]
    },
    {
      "Target": "Parameter",
      "Id": "ParamlegRxz",
      "FadeInTime": -1.0,
      "FadeOutTime": -1.0,
      "Segments": [
        0,
        0,
        0,
        0.733,
        -3,
        0,
        2.333,
        3,
        0,
        3.767,
        -3,
        0,
        5.367,
        3,
        1,
        5.578,
        3,
        5.789,
        1.559,
        6,
        0,
        1,
        6.167,
        -1.231,
        6.333,
        -2.004,
        6.5,
        -2.456
      ]
    },
    {
      "Target": "Parameter",
      "Id": "Paramjorxz",
      "FadeInTime": -1.0,
      "FadeOutTime": -1.0,
      "Segments": [
        0,
        0,
        1,
        0.244,
        0,
        0.489,
        -0.999,
        0.733,
        -3,
        1,
        0.978,
        -5.001,
        1.222,
        -6.002,
        1.467,
        -6.002,
        1,
        1.756,
        -6.002,
        2.044,
        -5.077,
        2.333,
        -3,
        1,
        2.6,
        -1.082,
        2.866,
        0,
        3.133,
        0,
        1,
        3.344,
        0,
        3.556,
        -1.206,
        3.767,
        -3,
        1,
        4.022,
        -5.171,
        4.278,
        -6.002,
        4.533,
        -6.002,
        1,
        4.811,
        -6.002,
        5.089,
        -5.231,
        5.367,
        -3,
        1,
        5.578,
        -1.304,
        5.789,
        0,
        6,
        0,
        1,
        6.167,
        0,
        6.333,
        -0.337,
        6.5,
        -0.931
      ]
    },
    {
      "Target": "Parameter",
      "Id": "ParamjoRbx",
      "FadeInTime": -1.0,
      "FadeOutTime": -1.0,
      "Segments": [
        0,
        0,
        0,
        0.733,
        5.129,
        1,
        0.978,
        5.129,
        1.222,
        3.086,
        1.467,
        0,
        1,
        1.756,
        -3.647,
        2.044,
        -5.058,
        2.333,
        -5.058,
        1,
        2.6,
        -5.058,
        2.866,
        -3.731,
        3.133,
        0,
        1,
        3.344,
        2.953,
        3.556,
        5.129,
        3.767,
        5.129,
        1,
        4.022,
        5.129,
        4.278,
        3.246,
        4.533,
        0,
        1,
        4.811,
        -3.528,
        5.089,
        -5.058,
        5.367,
        -5.058,
        1,
        5.578,
        -5.058,
        5.789,
        -2.651,
        6,
        0,
        1,
        6.167,
        2.093,
        6.333,
        3.415,
        6.5,
        4.192
      ]
    },
    {
      "Target": "Parameter",
      "Id": "Paramyoushangbixz",
      "FadeInTime": -1.0,
      "FadeOutTime": -1.0,
      "Segments": [
        0,
        0,
        0,
        0.667,
        -2,
        0,
        1.367,
        0,
        0,
        1.867,
        -3,
        0,
        2.6,
        -1,
        2,
        3.6,
        -1,
        2,
        4.7,
        -1,
        0,
        5.133,
        -2,
        0,
        5.767,
        0,
        2,
        6,
        0,
        2,
        6.5,
        0
      ]
    },
    {
      "Target": "Parameter",
      "Id": "Paramyoushangbiss",
      "FadeInTime": -1.0,
      "FadeOutTime": -1.0,
      "Segments": [
        0,
        0,
        0,
        0.667,
        -10,
        1,
        0.9,
        -10,
        1.134,
        -7.539,
        1.367,
        0,
        1,
        1.534,
        5.385,
        1.7,
        10,
        1.867,
        10,
        1,
        2.111,
        10,
        2.356,
        9.672,
        2.6,
        9.02,
        1,
        2.933,
        8.132,
        3.267,
        7.668,
        3.6,
        6.36,
        1,
        3.778,
        5.662,
        3.955,
        -10,
        4.133,
        -10,
        0,
        4.7,
        -5,
        0,
        5.133,
        -10,
        0,
        5.767,
        0,
        2,
        6,
        0,
        2,
        6.5,
        0
      ]
    },
    {
      "Target": "Parameter",
      "Id": "Paramyouxibxz",
      "FadeInTime": -1.0,
      "FadeOutTime": -1.0,
      "Segments": [
        0,
        0,
        0,
        0.667,
        8,
        1,
        0.9,
        8,
        1.134,
        3.845,
        1.367,
        0,
        1,
        1.534,
        -2.746,
        1.7,
        -3,
        1.867,
        -3,
        1,
        2.111,
        -3,
        2.356,
        2.194,
        2.6,
        2.44,
        1,
        2.933,
        2.776,
        3.267,
        2.74,
        3.6,
        2.74,
        0,
        4.7,
        0.28,
        0,
        5.133,
        8,
        0,
        5.767,
        0,
        2,
        6,
        0,
        1,
        6.167,
        0,
        6.333,
        0.144,
        6.5,
        0.277
      ]
    },
    {
      "Target": "Parameter",
      "Id": "Paramyouxiabss",
      "FadeInTime": -1.0,
      "FadeOutTime": -1.0,
      "Segments": [
        0,
        0,
        0,
        0.667,
        10,
        0,
        1.367,
        0,
        0,
        1.867,
        3,
        0,
        2.6,
        -1.02,
        0,
        3.6,
        0.06,
        2,
        4.7,
        0.06,
        0,
        5.133,
        10,
        0,
        5.767,
        0,
        2,
        6,
        0,
        2,
        6.5,
        0
      ]
    },
    {
      "Target": "Parameter",
      "Id": "Paramyoushouzxz",
      "FadeInTime": -1.0,
      "FadeOutTime": -1.0,
      "Segments": [
        0,
        -0.186,
        0,
        0.333,
        -5,
        0,
        0.667,
        2,
        1,
        0.9,
        2,
        1.134,
        2.027,
        1.367,
        0,
        1,
        1.534,
        -1.448,
        1.7,
        -10,
        1.867,
        -10,
        0,
        2.6,
        -3.28,
        0,
        2.867,
        -3.335,
        0,
        3.6,
        -3,
        2,
        4.7,
        -3,
        0,
        5.133,
        2,
        0,
        5.767,
        -2,
        1,
        5.845,
        -2,
        5.922,
        -0.227,
        6,
        -0.186,
        1,
        6.167,
        -0.096,
        6.333,
        -0.108,
        6.5,
        0
      ]
    },
    {
      "Target": "Parameter",
      "Id": "Paramyoushouts",
      "FadeInTime": -1.0,
      "FadeOutTime": -1.0,
      "Segments": [
        0,
        0,
        2,
        1.367,
        0,
        0,
        1.867,
        -1,
        1,
        2.111,
        -1,
        2.356,
        -0.049,
        2.6,
        -0.042,
        1,
        3.733,
        -0.008,
        4.867,
        0,
        6,
        0,
        2,
        6.5,
        0
      ]
    },
    {
      "Target": "Parameter",
      "Id": "Paramyouzhi1",
      "FadeInTime": -1.0,
      "FadeOutTime": -1.0,
      "Segments": [
        0,
        1,
        2,
        1.367,
        1,
        0,
        1.867,
        0,
        2,
        2.6,
        0,
        2,
        3.6,
        0,
        2,
        4.7,
        0,
        0,
        5.767,
        1,
        2,
        6,
        1,
        2,
        6.5,
        1
      ]
    },
    {
      "Target": "Parameter",
      "Id": "Paramyouzhi2",
      "FadeInTime": -1.0,
      "FadeOutTime": -1.0,
      "Segments": [
        0,
        1,
        2,
        1.367,
        1,
        0,
        1.867,
        0,
        2,
        2.6,
        0,
        2,
        3.6,
        0,
        2,
        4.7,
        0,
        0,
        5.767,
        1,
        2,
        6,
        1,
        1,
        6.167,
        1,
        6.333,
        0.885,
        6.5,
        0.779
      ]
    },
    {
      "Target": "Parameter",
      "Id": "Paramyouzhi3",
      "FadeInTime": -1.0,
      "FadeOutTime": -1.0,
      "Segments": [
        0,
        1,
        2,
        1.367,
        1,
        0,
        1.867,
        0,
        2,
        2.6,
        0,
        0,
        3.467,
        -1,
        2,
        3.6,
        -1,
        2,
        4.133,
        -1,
        1,
        4.322,
        -1,
        4.511,
        -0.423,
        4.7,
        0,
        1,
        5.056,
        0.796,
        5.411,
        1,
        5.767,
        1,
        2,
        6,
        1,
        1,
        6.167,
        1,
        6.333,
        0.857,
        6.5,
        0.723
      ]
    },
    {
      "Target": "Parameter",
      "Id": "Paramyouzhi4",
      "FadeInTime": -1.0,
      "FadeOutTime": -1.0,
      "Segments": [
        0,
        1,
        2,
        1.367,
        1,
        0,
        1.867,
        0,
        2,
        2.6,
        0,
        2,
        3.6,
        0,
        0,
        4.7,
        -0.5,
        0,
        5.767,
        1,
        2,
        6,
        1,
        1,
        6.167,
        1,
        6.333,
        0.885,
        6.5,
        0.779
      ]
    },
    {
      "Target": "Parameter",
      "Id": "Paramyouzhi5",
      "FadeInTime": -1.0,
      "FadeOutTime": -1.0,
      "Segments": [
        0,
        1,
        2,
        1.367,
        1,
        0,
        1.867,
        0,
        2,
        2.6,
        0,
        0,
        3.6,
        1,
        0,
        4.7,
        -0.5,
        0,
        5.767,
        1,
        2,
        6,
        1,
        1,
        6.167,
        1,
        6.333,
        0.885,
        6.5,
        0.779
      ]
    },
    {
      "Target": "Parameter",
      "Id": "Paramshutm",
      "FadeInTime": -1.0,
      "FadeOutTime": -1.0,
      "Segments": [
        0,
        1,
        2,
        0.667,
        1,
        0,
        0.7,
        0,
        2,
        1.367,
        0,
        2,
        5.133,
        0,
        0,
        5.167,
        1,
        2,
        6,
        1,
        2,
        6.5,
        1
      ]
    },
    {
      "Target": "Parameter",
      "Id": "Paramshuts",
      "FadeInTime": -1.0,
      "FadeOutTime": -1.0,
      "Segments": [
        0,
        0,
        2,
        6,
        0,
        1,
        6.167,
        0,
        6.333,
        -0.057,
        6.5,
        -0.111
      ]
    },
    {
      "Target": "Parameter",
      "Id": "Paramdct",
      "FadeInTime": -1.0,
      "FadeOutTime": -1.0,
      "Segments": [
        0,
        0.7,
        1,
        0.278,
        0.7,
        0.555,
        0.651,
        0.833,
        0.5,
        1,
        1.033,
        0.391,
        1.233,
        0.3,
        1.433,
        0.3,
        0,
        2.367,
        0.5,
        2,
        3.833,
        0.5,
        2,
        5.267,
        0.5,
        0,
        6,
        0.7,
        2,
        6.5,
        0.7
      ]
    },
    {
      "Target": "Parameter",
      "Id": "Paramzuozhi1",
      "FadeInTime": -1.0,
      "FadeOutTime": -1.0,
      "Segments": [
        0,
        0,
        0,
        1.933,
        -1,
        0,
        4.7,
        1,
        0,
        6,
        0,
        2,
        6.5,
        0
      ]
    },
    {
      "Target": "Parameter",
      "Id": "Paramzuozhi2",
      "FadeInTime": -1.0,
      "FadeOutTime": -1.0,
      "Segments": [
        0,
        0,
        0,
        1.867,
        -1,
        0,
        4.633,
        1,
        0,
        6,
        0,
        2,
        6.5,
        0
      ]
    },
    {
      "Target": "Parameter",
      "Id": "Paramzuozhi3",
      "FadeInTime": -1.0,
      "FadeOutTime": -1.0,
      "Segments": [
        0,
        0,
        0,
        1.8,
        -1,
        0,
        4.567,
        1,
        0,
        6,
        0,
        2,
        6.5,
        0
      ]
    },
    {
      "Target": "Parameter",
      "Id": "Paramzuozhi4",
      "FadeInTime": -1.0,
      "FadeOutTime": -1.0,
      "Segments": [
        0,
        0,
        0,
        1.733,
        -1,
        0,
        4.5,
        1,
        0,
        6,
        0,
        2,
        6.5,
        0
      ]
    },
    {
      "Target": "Parameter",
      "Id": "Paramzuozhi5",
      "FadeInTime": -1.0,
      "FadeOutTime": -1.0,
      "Segments": [
        0,
        0,
        0,
        1.667,
        -1,
        0,
        4.433,
        1,
        0,
        6,
        0,
        2,
        6.5,
        0
      ]
    },
    {
      "Target": "Parameter",
      "Id": "ParamAngleX",
      "FadeInTime": -1.0,
      "FadeOutTime": -1.0,
      "Segments": [
        0,
        0,
        0,
        0.5,
        -8,
        0,
        1.167,
        0,
        2,
        2.367,
        0,
        2,
        3.367,
        0,
        2,
        4.467,
        0,
        2,
        5.533,
        0,
        2,
        6,
        0,
        1,
        6.167,
        0,
        6.333,
        2.583,
        6.5,
        4.981
      ]
    },
    {
      "Target": "Parameter",
      "Id": "ParamAngleY",
      "FadeInTime": -1.0,
      "FadeOutTime": -1.0,
      "Segments": [
        0,
        0,
        0,
        0.5,
        -2,
        0,
        1.167,
        30,
        0,
        2.367,
        0,
        2,
        3.367,
        0,
        1,
        3.734,
        -10,
        4.1,
        -20,
        4.467,
        -30,
        0,
        5.533,
        0,
        2,
        6,
        0,
        1,
        6.167,
        0,
        6.333,
        -1.435,
        6.5,
        -2.767
      ]
    },
    {
      "Target": "Parameter",
      "Id": "ParamAngleZ",
      "FadeInTime": -1.0,
      "FadeOutTime": -1.0,
      "Segments": [
        0,
        0,
        0,
        0.5,
        -30,
        0,
        1.367,
        0,
        2,
        6,
        0,
        1,
        6.167,
        0,
        6.333,
        2.296,
        6.5,
        4.428
      ]
    },
    {
      "Target": "Parameter",
      "Id": "ParamEyeLOpen",
      "FadeInTime": -1.0,
      "FadeOutTime": -1.0,
      "Segments": [
        0,
        1,
        2,
        0.5,
        1,
        0,
        0.833,
        0,
        1,
        0.944,
        0,
        1.056,
        0.572,
        1.167,
        0.7,
        1,
        1.4,
        0.969,
        1.634,
        1,
        1.867,
        1,
        1,
        2.034,
        0.667,
        2.2,
        0.333,
        2.367,
        0,
        2,
        4.833,
        0,
        0,
        5.567,
        1,
        2,
        6,
        1,
        2,
        6.5,
        1
      ]
    },
    {
      "Target": "Parameter",
      "Id": "ParamEyeROpen",
      "FadeInTime": -1.0,
      "FadeOutTime": -1.0,
      "Segments": [
        0,
        1,
        2,
        0.5,
        1,
        0,
        0.833,
        0,
        1,
        0.944,
        0,
        1.056,
        0.572,
        1.167,
        0.7,
        1,
        1.4,
        0.969,
        1.634,
        1,
        1.867,
        1,
        1,
        2.034,
        0.667,
        2.2,
        0.333,
        2.367,
        0,
        2,
        4.833,
        0,
        0,
        5.567,
        1,
        2,
        6,
        1,
        2,
        6.5,
        1
      ]
    },
    {
      "Target": "Parameter",
      "Id": "ParamEyeBallX",
      "FadeInTime": -1.0,
      "FadeOutTime": -1.0,
      "Segments": [
        0,
        0,
        0,
        0.7,
        -1,
        0,
        1.367,
        0,
        2,
        6,
        0,
        1,
        6.167,
        0,
        6.333,
        0.062,
        6.5,
        0.117
      ]
    },
    {
      "Target": "Parameter",
      "Id": "ParamEyeBallY",
      "FadeInTime": -1.0,
      "FadeOutTime": -1.0,
      "Segments": [
        0,
        0,
        0,
        0.7,
        -0.1,
        0,
        1.367,
        0,
        2,
        6,
        0,
        1,
        6.167,
        0,
        6.333,
        -0.031,
        6.5,
        -0.058
      ]
    },
    {
      "Target": "Parameter",
      "Id": "Parameyeshizi",
      "FadeInTime": -1.0,
      "FadeOutTime": -1.0,
      "Segments": [
        0,
        0,
        2,
        0.5,
        0,
        0,
        0.833,
        1,
        0,
        1.167,
        -1,
        0,
        1.4,
        0.361,
        0,
        1.567,
        -0.2,
        0,
        1.633,
        0,
        2,
        4.833,
        0,
        0,
        5.167,
        1,
        0,
        5.5,
        -1,
        0,
        5.733,
        0.361,
        0,
        5.9,
        -0.2,
        0,
        5.967,
        0,
        2,
        6,
        0,
        2,
        6.5,
        0
      ]
    },
    {
      "Target": "Parameter",
      "Id": "Paramurrrr",
      "FadeInTime": -1.0,
      "FadeOutTime": -1.0,
      "Segments": [
        0,
        0,
        2,
        0.5,
        0,
        2,
        0.833,
        0,
        0,
        1.167,
        -0.2,
        0,
        1.4,
        0.1,
        0,
        1.567,
        -0.1,
        0,
        1.733,
        0.1,
        0,
        1.9,
        -0.1,
        0,
        2.1,
        0.06,
        0,
        2.3,
        -0.038,
        0,
        2.533,
        0.029,
        0,
        2.867,
        -0.014,
        0,
        3.167,
        0,
        2,
        4.833,
        0,
        2,
        5.167,
        0,
        0,
        5.5,
        -0.2,
        0,
        5.733,
        0.1,
        0,
        5.9,
        -0.1,
        0,
        6,
        0,
        2,
        6.5,
        0
      ]
    },
    {
      "Target": "Parameter",
      "Id": "ParamBrowLX",
      "FadeInTime": -1.0,
      "FadeOutTime": -1.0,
      "Segments": [
        0,
        0,
        2,
        0.5,
        0,
        0,
        0.833,
        0.274,
        1,
        0.944,
        0.274,
        1.056,
        0.137,
        1.167,
        0.097,
        1,
        1.4,
        0.012,
        1.634,
        0,
        1.867,
        0,
        0,
        2.367,
        0.274,
        2,
        4.833,
        0.274,
        0,
        5.567,
        0,
        2,
        6,
        0,
        2,
        6.5,
        0
      ]
    },
    {
      "Target": "Parameter",
      "Id": "ParamBrowLY",
      "FadeInTime": -1.0,
      "FadeOutTime": -1.0,
      "Segments": [
        0,
        0,
        2,
        0.5,
        0,
        0,
        0.833,
        -1,
        1,
        0.944,
        -1,
        1.056,
        -0.5,
        1.167,
        -0.353,
        1,
        1.4,
        -0.044,
        1.634,
        0,
        1.867,
        0,
        0,
        2.367,
        -1,
        2,
        4.833,
        -1,
        0,
        5.567,
        0,
        2,
        6,
        0,
        2,
        6.5,
        0
      ]
    },
    {
      "Target": "Parameter",
      "Id": "ParamBrowRY",
      "FadeInTime": -1.0,
      "FadeOutTime": -1.0,
      "Segments": [
        0,
        0,
        2,
        0.5,
        0,
        0,
        0.833,
        -0.8,
        1,
        0.944,
        -0.8,
        1.056,
        -0.4,
        1.167,
        -0.282,
        1,
        1.4,
        -0.035,
        1.634,
        0,
        1.867,
        0,
        0,
        2.367,
        -0.8,
        2,
        4.833,
        -0.8,
        0,
        5.567,
        0,
        2,
        6,
        0,
        2,
        6.5,
        0
      ]
    },
    {
      "Target": "Parameter",
      "Id": "ParamBrowLAngle",
      "FadeInTime": -1.0,
      "FadeOutTime": -1.0,
      "Segments": [
        0,
        0,
        2,
        0.5,
        0,
        0,
        0.833,
        0.498,
        1,
        0.944,
        0.398,
        1.056,
        0.299,
        1.167,
        0.199,
        1,
        1.4,
        0.133,
        1.634,
        0.066,
        1.867,
        0,
        0,
        2.367,
        0.498,
        2,
        4.833,
        0.498,
        1,
        5.078,
        0.332,
        5.322,
        0.166,
        5.567,
        0,
        2,
        6,
        0,
        2,
        6.5,
        0
      ]
    },
    {
      "Target": "Parameter",
      "Id": "ParamBrowRAngle",
      "FadeInTime": -1.0,
      "FadeOutTime": -1.0,
      "Segments": [
        0,
        0,
        2,
        0.5,
        0,
        0,
        0.833,
        -0.3,
        1,
        0.944,
        -0.3,
        1.056,
        -0.15,
        1.167,
        -0.106,
        1,
        1.4,
        -0.013,
        1.634,
        0,
        1.867,
        0,
        0,
        2.367,
        -0.3,
        2,
        4.833,
        -0.3,
        0,
        5.567,
        0,
        2,
        6,
        0,
        2,
        6.5,
        0
      ]
    },
    {
      "Target": "Parameter",
      "Id": "ParamMouthForm",
      "FadeInTime": -1.0,
      "FadeOutTime": -1.0,
      "Segments": [
        0,
        0,
        2,
        1.367,
        0,
        0,
        1.967,
        1,
        2,
        4.6,
        1,
        0,
        5.067,
        0,
        2,
        6,
        0,
        0,
        6.5,
        0.5
      ]
    },
    {
      "Target": "Parameter",
      "Id": "Paramzuistm",
      "FadeInTime": -1.0,
      "FadeOutTime": -1.0,
      "Segments": [
        0,
        0,
        2,
        0.5,
        0,
        0,
        0.533,
        1,
        2,
        5.833,
        1,
        0,
        5.867,
        0,
        2,
        6,
        0,
        2,
        6.5,
        0
      ]
    },
    {
      "Target": "Parameter",
      "Id": "Paramzuizidtm",
      "FadeInTime": -1.0,
      "FadeOutTime": -1.0,
      "Segments": [
        0,
        1,
        2,
        0.5,
        1,
        0,
        0.533,
        0,
        2,
        5.833,
        0,
        0,
        5.867,
        1,
        2,
        6,
        1,
        2,
        6.5,
        1
      ]
    },
    {
      "Target": "Parameter",
      "Id": "ParamCheek",
      "FadeInTime": -1.0,
      "FadeOutTime": -1.0,
      "Segments": [
        0,
        0,
        2,
        1.367,
        0,
        1,
        1.9,
        0,
        2.434,
        0.392,
        2.967,
        0.5,
        1,
        3.511,
        0.611,
        4.056,
        0.6,
        4.6,
        0.6,
        0,
        5.733,
        0,
        2,
        6,
        0,
        2,
        6.5,
        0
      ]
    },
    {
      "Target": "Parameter",
      "Id": "Paramshetou",
      "FadeInTime": -1.0,
      "FadeOutTime": -1.0,
      "Segments": [
        0,
        0,
        2,
        1.367,
        0,
        2,
        1.967,
        0,
        1,
        2.1,
        0.333,
        2.234,
        0.667,
        2.367,
        1,
        1,
        2.689,
        1.804,
        3.011,
        2,
        3.333,
        2,
        1,
        3.6,
        2,
        3.866,
        1.964,
        4.133,
        1.4,
        1,
        4.366,
        0.906,
        4.6,
        0,
        4.833,
        0,
        2,
        6,
        0,
        2,
        6.5,
        0
      ]
    },
    {
      "Target": "Parameter",
      "Id": "koushuizuoyou",
      "FadeInTime": -1.0,
      "FadeOutTime": -1.0,
      "Segments": [
        0,
        0,
        0,
        3.6,
        -1,
        2,
        4.067,
        -1,
        2,
        5.967,
        -1,
        0,
        6,
        0,
        2,
        6.5,
        0
      ]
    },
    {
      "Target": "Parameter",
      "Id": "koushuiyaobai",
      "FadeInTime": -1.0,
      "FadeOutTime": -1.0,
      "Segments": [
        0,
        0,
        0,
        3.6,
        -0.5,
        0,
        4.067,
        -0.376,
        0,
        4.7,
        -0.9,
        2,
        5.967,
        -0.9,
        0,
        6,
        0,
        2,
        6.5,
        0
      ]
    },
    {
      "Target": "Parameter",
      "Id": "koushuichangduan",
      "FadeInTime": -1.0,
      "FadeOutTime": -1.0,
      "Segments": [
        0,
        0,
        2,
        2.6,
        0,
        1,
        2.933,
        0,
        3.267,
        0.003,
        3.6,
        0.046,
        1,
        3.756,
        0.066,
        3.911,
        0.403,
        4.067,
        0.566,
        1,
        4.278,
        0.787,
        4.489,
        0.897,
        4.7,
        1.2,
        1,
        4.867,
        1.439,
        5.033,
        2,
        5.2,
        2,
        2,
        5.967,
        2,
        0,
        6,
        0,
        2,
        6.5,
        0
      ]
    },
    {
      "Target": "Parameter",
      "Id": "Paramkoushuiyasuo",
      "FadeInTime": -1.0,
      "FadeOutTime": -1.0,
      "Segments": [
        0,
        0,
        0,
        3.367,
        -1,
        2,
        5.967,
        -1,
        0,
        6,
        0,
        2,
        6.5,
        0
      ]
    },
    {
      "Target": "Parameter",
      "Id": "Paramdcx",
      "FadeInTime": -1.0,
      "FadeOutTime": -1.0,
      "Segments": [
        0,
        0,
        0,
        0.6,
        -0.4,
        0,
        2.2,
        0.4,
        0,
        3.633,
        -0.4,
        0,
        5.233,
        0.4,
        1,
        5.489,
        0.4,
        5.744,
        0.238,
        6,
        0,
        1,
        6.167,
        -0.155,
        6.333,
        -0.259,
        6.5,
        -0.322
      ]
    },
    {
      "Target": "Parameter",
      "Id": "Paramdcy",
      "FadeInTime": -1.0,
      "FadeOutTime": -1.0,
      "Segments": [
        0,
        -0.4,
        0,
        0.6,
        0,
        0,
        1.333,
        -0.4,
        0,
        2.2,
        0,
        0,
        2.9,
        -0.4,
        0,
        3.633,
        0,
        0,
        4.467,
        -0.4,
        0,
        5.233,
        0,
        0,
        6,
        -0.4,
        1,
        6.167,
        -0.4,
        6.333,
        -0.285,
        6.5,
        -0.179
      ]
    },
    {
      "Target": "Parameter",
      "Id": "Paramdczuoyou",
      "FadeInTime": -1.0,
      "FadeOutTime": -1.0,
      "Segments": [
        0,
        0,
        0,
        0.6,
        -0.3,
        0,
        2.2,
        0.3,
        0,
        3.633,
        -0.3,
        0,
        5.233,
        0.3,
        1,
        5.489,
        0.3,
        5.744,
        0.179,
        6,
        0,
        1,
        6.167,
        -0.117,
        6.333,
        -0.194,
        6.5,
        -0.241
      ]
    },
    {
      "Target": "Parameter",
      "Id": "ParamBodyAngleX",
      "FadeInTime": -1.0,
      "FadeOutTime": -1.0,
      "Segments": [
        0,
        0,
        0,
        0.5,
        -4,
        0,
        1.233,
        4,
        0,
        2.9,
        0,
        2,
        6,
        0,
        1,
        6.167,
        0,
        6.333,
        -0.234,
        6.5,
        -0.565
      ]
    },
    {
      "Target": "Parameter",
      "Id": "ParamBodyAngleY",
      "FadeInTime": -1.0,
      "FadeOutTime": -1.0,
      "Segments": [
        0,
        0,
        0,
        0.5,
        -5,
        2,
        3.367,
        -5,
        0,
        4.567,
        0,
        2,
        6,
        0,
        2,
        6.5,
        0
      ]
    },
    {
      "Target": "Parameter",
      "Id": "Parambdx",
      "FadeInTime": -1.0,
      "FadeOutTime": -1.0,
      "Segments": [
        0,
        0,
        0,
        0.5,
        -4,
        0,
        1.233,
        4,
        0,
        2.9,
        0,
        2,
        6,
        0,
        1,
        6.167,
        0,
        6.333,
        -0.234,
        6.5,
        -0.565
      ]
    },
    {
      "Target": "Parameter",
      "Id": "Parambdy",
      "FadeInTime": -1.0,
      "FadeOutTime": -1.0,
      "Segments": [
        0,
        0,
        0,
        0.5,
        -5,
        2,
        3.367,
        -5,
        0,
        4.567,
        0,
        2,
        6,
        0,
        2,
        6.5,
        0
      ]
    },
    {
      "Target": "Parameter",
      "Id": "Parampigu",
      "FadeInTime": -1.0,
      "FadeOutTime": -1.0,
      "Segments": [
        0,
        0,
        0,
        0.5,
        -3,
        0,
        1.3,
        4,
        0,
        3.033,
        0,
        2,
        6,
        0,
        1,
        6.167,
        0,
        6.333,
        0.606,
        6.5,
        1.46
      ]
    },
    {
      "Target": "Parameter",
      "Id": "ParamBreath",
      "FadeInTime": -1.0,
      "FadeOutTime": -1.0,
      "Segments": [
        0,
        0,
        2,
        6,
        0,
        1,
        6.167,
        0,
        6.333,
        0.055,
        6.5,
        0.139
      ]
    },
    {
      "Target": "Parameter",
      "Id": "Parampsr",
      "FadeInTime": -1.0,
      "FadeOutTime": -1.0,
      "Segments": [
        0,
        0,
        0,
        0.9,
        -1,
        0,
        1.533,
        1,
        0,
        2.4,
        -1,
        0,
        3.133,
        1,
        0,
        3.8,
        -1,
        0,
        4.6,
        1,
        0,
        5.4,
        -1,
        0,
        6,
        0,
        2,
        6.5,
        0
      ]
    },
    {
      "Target": "Parameter",
      "Id": "ParamHairFront",
      "FadeInTime": -1.0,
      "FadeOutTime": -1.0,
      "Segments": [
        0,
        0.005,
        0,
        0.333,
        0.203,
        0,
        0.767,
        -0.104,
        0,
        0.933,
        -0.085,
        0,
        1.2,
        -0.323,
        0,
        1.7,
        0.324,
        0,
        2.7,
        -0.302,
        0,
        3.4,
        0.352,
        0,
        4,
        -0.308,
        0,
        4.867,
        0.267,
        0,
        5.633,
        -0.226,
        0,
        6.1,
        0.137,
        0,
        6.433,
        -0.095,
        1,
        6.455,
        -0.095,
        6.478,
        -0.093,
        6.5,
        -0.09
      ]
    },
    {
      "Target": "Parameter",
      "Id": "Paramhfy",
      "FadeInTime": -1.0,
      "FadeOutTime": -1.0,
      "Segments": [
        0,
        -0.016,
        0,
        0.033,
        -0.014,
        0,
        0.2,
        -0.069,
        0,
        0.567,
        0.238,
        0,
        0.933,
        -0.058,
        0,
        1.1,
        0.05,
        0,
        1.467,
        -0.373,
        0,
        1.933,
        0.265,
        0,
        2.267,
        0.11,
        0,
        2.5,
        0.13,
        0,
        2.933,
        -0.295,
        0,
        3.667,
        0.34,
        0,
        4.233,
        -0.248,
        0,
        5.133,
        0.239,
        0,
        5.9,
        -0.217,
        0,
        6.3,
        0.144,
        1,
        6.367,
        0.144,
        6.433,
        0.069,
        6.5,
        0.001
      ]
    },
    {
      "Target": "Parameter",
      "Id": "Param",
      "FadeInTime": -1.0,
      "FadeOutTime": -1.0,
      "Segments": [
        0,
        0.736,
        1,
        0.2,
        0.736,
        0.4,
        0.438,
        0.6,
        0.003,
        1,
        0.844,
        -0.529,
        1.089,
        -0.73,
        1.333,
        -0.73,
        1,
        1.622,
        -0.73,
        1.911,
        -0.533,
        2.2,
        0.002,
        1,
        2.433,
        0.433,
        2.667,
        0.736,
        2.9,
        0.736,
        1,
        3.144,
        0.736,
        3.389,
        0.468,
        3.633,
        0.002,
        1,
        3.9,
        -0.507,
        4.166,
        -0.73,
        4.433,
        -0.73,
        1,
        4.689,
        -0.73,
        4.944,
        -0.476,
        5.2,
        0.002,
        1,
        5.467,
        0.5,
        5.733,
        0.736,
        6,
        0.736,
        1,
        6.167,
        0.736,
        6.333,
        0.654,
        6.5,
        0.508
      ]
    },
    {
      "Target": "Parameter",
      "Id": "Param2",
      "FadeInTime": -1.0,
      "FadeOutTime": -1.0,
      "Segments": [
        0,
        0.002,
        0,
        0.6,
        0.736,
        1,
        0.844,
        0.736,
        1.089,
        0.446,
        1.333,
        0.002,
        1,
        1.622,
        -0.524,
        1.911,
        -0.73,
        2.2,
        -0.73,
        1,
        2.433,
        -0.73,
        2.667,
        -0.475,
        2.9,
        0.002,
        1,
        3.144,
        0.501,
        3.389,
        0.736,
        3.633,
        0.736,
        1,
        3.9,
        0.736,
        4.166,
        0.5,
        4.433,
        0.002,
        1,
        4.689,
        -0.476,
        4.944,
        -0.73,
        5.2,
        -0.73,
        1,
        5.467,
        -0.73,
        5.733,
        -0.447,
        6,
        0.002,
        1,
        6.167,
        0.282,
        6.333,
        0.473,
        6.5,
        0.589
      ]
    },
    {
      "Target": "Parameter",
      "Id": "ParamHairBack",
      "FadeInTime": -1.0,
      "FadeOutTime": -1.0,
      "Segments": [
        0,
        0,
        0,
        0.6,
        -0.494,
        1,
        0.844,
        -0.494,
        1.089,
        -0.304,
        1.333,
        0,
        1,
        1.622,
        0.359,
        1.911,
        0.505,
        2.2,
        0.505,
        1,
        2.433,
        0.505,
        2.667,
        0.325,
        2.9,
        0,
        1,
        3.144,
        -0.34,
        3.389,
        -0.494,
        3.633,
        -0.494,
        1,
        3.9,
        -0.494,
        4.166,
        -0.34,
        4.433,
        0,
        1,
        4.689,
        0.325,
        4.944,
        0.505,
        5.2,
        0.505,
        1,
        5.467,
        0.505,
        5.733,
        0.305,
        6,
        0,
        1,
        6.167,
        -0.191,
        6.333,
        -0.319,
        6.5,
        -0.397
      ]
    },
    {
      "Target": "Parameter",
      "Id": "Paramhoufay",
      "FadeInTime": -1.0,
      "FadeOutTime": -1.0,
      "Segments": [
        0,
        0.518,
        1,
        0.2,
        0.518,
        0.4,
        0.304,
        0.6,
        0,
        1,
        0.844,
        -0.372,
        1.089,
        -0.508,
        1.333,
        -0.508,
        1,
        1.622,
        -0.508,
        1.911,
        -0.373,
        2.2,
        0,
        1,
        2.433,
        0.301,
        2.667,
        0.518,
        2.9,
        0.518,
        1,
        3.144,
        0.518,
        3.389,
        0.326,
        3.633,
        0,
        1,
        3.9,
        -0.356,
        4.166,
        -0.508,
        4.433,
        -0.508,
        1,
        4.689,
        -0.508,
        4.944,
        -0.335,
        5.2,
        0,
        1,
        5.467,
        0.349,
        5.733,
        0.518,
        6,
        0.518,
        1,
        6.167,
        0.518,
        6.333,
        0.458,
        6.5,
        0.356
      ]
    },
    {
      "Target": "Parameter",
      "Id": "Paramhoufabx",
      "FadeInTime": -1.0,
      "FadeOutTime": -1.0,
      "Segments": [
        0,
        0,
        0,
        0.6,
        -0.494,
        1,
        0.844,
        -0.494,
        1.089,
        -0.304,
        1.333,
        0,
        1,
        1.622,
        0.359,
        1.911,
        0.505,
        2.2,
        0.505,
        1,
        2.433,
        0.505,
        2.667,
        0.325,
        2.9,
        0,
        1,
        3.144,
        -0.34,
        3.389,
        -0.494,
        3.633,
        -0.494,
        1,
        3.9,
        -0.494,
        4.166,
        -0.34,
        4.433,
        0,
        1,
        4.689,
        0.325,
        4.944,
        0.505,
        5.2,
        0.505,
        1,
        5.467,
        0.505,
        5.733,
        0.305,
        6,
        0,
        1,
        6.167,
        -0.191,
        6.333,
        -0.319,
        6.5,
        -0.397
      ]
    },
    {
      "Target": "Parameter",
      "Id": "Paramdcfx",
      "FadeInTime": -1.0,
      "FadeOutTime": -1.0,
      "Segments": [
        0,
        0.522,
        1,
        0.2,
        0.522,
        0.4,
        0.31,
        0.6,
        0.002,
        1,
        0.844,
        -0.375,
        1.089,
        -0.517,
        1.333,
        -0.517,
        1,
        1.622,
        -0.517,
        1.911,
        -0.377,
        2.2,
        0.002,
        1,
        2.433,
        0.308,
        2.667,
        0.522,
        2.9,
        0.522,
        1,
        3.144,
        0.522,
        3.389,
        0.332,
        3.633,
        0.002,
        1,
        3.9,
        -0.359,
        4.166,
        -0.517,
        4.433,
        -0.517,
        1,
        4.689,
        -0.517,
        4.944,
        -0.337,
        5.2,
        0.002,
        1,
        5.467,
        0.355,
        5.733,
        0.522,
        6,
        0.522,
        1,
        6.167,
        0.522,
        6.333,
        0.463,
        6.5,
        0.36
      ]
    },
    {
      "Target": "Parameter",
      "Id": "Paramdcfy",
      "FadeInTime": -1.0,
      "FadeOutTime": -1.0,
      "Segments": [
        0,
        0.002,
        0,
        0.6,
        0.522,
        1,
        0.844,
        0.522,
        1.089,
        0.317,
        1.333,
        0.002,
        1,
        1.622,
        -0.37,
        1.911,
        -0.517,
        2.2,
        -0.517,
        1,
        2.433,
        -0.517,
        2.667,
        -0.336,
        2.9,
        0.002,
        1,
        3.144,
        0.356,
        3.389,
        0.522,
        3.633,
        0.522,
        1,
        3.9,
        0.522,
        4.166,
        0.355,
        4.433,
        0.002,
        1,
        4.689,
        -0.337,
        4.944,
        -0.517,
        5.2,
        -0.517,
        1,
        5.467,
        -0.517,
        5.733,
        -0.316,
        6,
        0.002,
        1,
        6.167,
        0.201,
        6.333,
        0.336,
        6.5,
        0.418
      ]
    },
    {
      "Target": "Parameter",
      "Id": "Param_Angle_Rotation_2_ArtMesh73",
      "FadeInTime": -1.0,
      "FadeOutTime": -1.0,
      "Segments": [
        0,
        0,
        2,
        0.033,
        0,
        0,
        0.367,
        4.913,
        0,
        1.233,
        -8.105,
        0,
        1.8,
        6.793,
        0,
        2.733,
        -7.358,
        0,
        3.433,
        8.628,
        0,
        4.067,
        -7.085,
        0,
        4.933,
        6.543,
        0,
        5.667,
        -5.32,
        0,
        6.133,
        2.097,
        0,
        6.5,
        -1.716
      ]
    },
    {
      "Target": "Parameter",
      "Id": "Param_Angle_Rotation_3_ArtMesh73",
      "FadeInTime": -1.0,
      "FadeOutTime": -1.0,
      "Segments": [
        0,
        0,
        2,
        0.033,
        0,
        0,
        0.233,
        -2.038,
        0,
        0.6,
        3.045,
        0,
        0.933,
        -0.873,
        0,
        1.133,
        2.283,
        0,
        1.567,
        -4.83,
        0,
        1.933,
        3.144,
        0,
        2.267,
        0.189,
        0,
        2.6,
        2.249,
        0,
        3,
        -3.057,
        0,
        3.7,
        3.799,
        0,
        4.233,
        -2.589,
        0,
        4.567,
        -0.988,
        0,
        4.733,
        -1.635,
        0,
        5.2,
        2.037,
        0,
        5.4,
        1.615,
        0,
        5.467,
        1.65,
        0,
        5.933,
        -2.611,
        0,
        6.333,
        2.906,
        1,
        6.389,
        2.906,
        6.444,
        1.983,
        6.5,
        0.976
      ]
    },
    {
      "Target": "Parameter",
      "Id": "Param_Angle_Rotation_4_ArtMesh73",
      "FadeInTime": -1.0,
      "FadeOutTime": -1.0,
      "Segments": [
        0,
        0,
        2,
        0.067,
        0,
        0,
        0.367,
        -2.028,
        0,
        0.733,
        3.57,
        0,
        1.067,
        -0.996,
        0,
        1.3,
        1.62,
        0,
        1.667,
        -5.603,
        0,
        2.1,
        4.526,
        0,
        2.433,
        -0.502,
        0,
        2.733,
        2.165,
        0,
        3.133,
        -3.98,
        0,
        3.833,
        4.65,
        0,
        4.367,
        -3.546,
        0,
        4.7,
        -0.629,
        0,
        4.9,
        -1.096,
        0,
        5.3,
        2.585,
        0,
        6.067,
        -3.168,
        0,
        6.467,
        3.57,
        1,
        6.478,
        3.57,
        6.489,
        3.521,
        6.5,
        3.431
      ]
    },
    {
      "Target": "Parameter",
      "Id": "Param_Angle_Rotation_5_ArtMesh73",
      "FadeInTime": -1.0,
      "FadeOutTime": -1.0,
      "Segments": [
        0,
        0,
        2,
        0.167,
        0,
        0,
        0.467,
        -1.978,
        0,
        0.867,
        4.167,
        0,
        1.2,
        -1.417,
        0,
        1.433,
        1.01,
        0,
        1.8,
        -6.172,
        0,
        2.2,
        6.137,
        0,
        2.567,
        -1.503,
        0,
        2.867,
        2.175,
        0,
        3.3,
        -4.993,
        0,
        3.933,
        5.475,
        0,
        4.467,
        -4.687,
        0,
        4.867,
        0.08,
        0,
        5.033,
        -0.53,
        0,
        5.467,
        3.063,
        0,
        6.133,
        -3.609,
        1,
        6.255,
        -3.609,
        6.378,
        1.325,
        6.5,
        3.44
      ]
    },
    {
      "Target": "Parameter",
      "Id": "Param_Angle_Rotation_6_ArtMesh73",
      "FadeInTime": -1.0,
      "FadeOutTime": -1.0,
      "Segments": [
        0,
        0,
        2,
        0.233,
        0,
        0,
        0.567,
        -1.98,
        0,
        1,
        4.801,
        0,
        1.367,
        -2.159,
        0,
        1.6,
        0.456,
        0,
        1.933,
        -6.526,
        0,
        2.333,
        7.956,
        0,
        2.733,
        -2.988,
        0,
        3.033,
        2.397,
        0,
        3.4,
        -6.108,
        0,
        4,
        6.59,
        0,
        4.567,
        -5.962,
        0,
        5,
        1.132,
        0,
        5.233,
        -0.101,
        0,
        5.6,
        3.487,
        0,
        6.233,
        -4.105,
        1,
        6.322,
        -4.105,
        6.411,
        -1.003,
        6.5,
        1.655
      ]
    },
    {
      "Target": "Parameter",
      "Id": "Param_Angle_Rotation_7_ArtMesh73",
      "FadeInTime": -1.0,
      "FadeOutTime": -1.0,
      "Segments": [
        0,
        0.084,
        0,
        0.2,
        -0.114,
        0,
        0.333,
        -0.063,
        0,
        0.667,
        -2.044,
        0,
        1.1,
        5.497,
        0,
        1.5,
        -3.246,
        0,
        1.733,
        -0.095,
        0,
        2.067,
        -6.638,
        0,
        2.467,
        9.896,
        0,
        2.867,
        -4.971,
        0,
        3.167,
        2.91,
        0,
        3.533,
        -7.355,
        0,
        4.067,
        8.314,
        0,
        4.667,
        -7.398,
        0,
        5.1,
        2.519,
        0,
        5.4,
        0.015,
        0,
        5.733,
        3.865,
        0,
        6.3,
        -4.82,
        1,
        6.367,
        -4.82,
        6.433,
        -3.012,
        6.5,
        -0.841
      ]
    },
    {
      "Target": "Model",
      "Id": "Opacity",
      "FadeInTime": -1.0,
      "FadeOutTime": -1.0,
      "Segments": [
        0,
        1,
        0,
        6.5,
        1
      ]
    },
    {
      "Target": "Parameter",
      "Id": "Param20",
      "FadeInTime": -1.0,
      "FadeOutTime": -1.0,
      "Segments": [
        0,
        0,
        0,
        6.5,
        0
      ]
    },
    {
      "Target": "Parameter",
      "Id": "Paramyouzhangqie",
      "FadeInTime": -1.0,
      "FadeOutTime": -1.0,
      "Segments": [
        0,
        0,
        0,
        6.5,
        0
      ]
    },
    {
      "Target": "Parameter",
      "Id": "Paramshutc",
      "FadeInTime": -1.0,
      "FadeOutTime": -1.0,
      "Segments": [
        0,
        0,
        0,
        6.5,
        0
      ]
    },
    {
      "Target": "Parameter",
      "Id": "Paramshux",
      "FadeInTime": -1.0,
      "FadeOutTime": -1.0,
      "Segments": [
        0,
        0,
        0,
        6.5,
        0
      ]
    },
    {
      "Target": "Parameter",
      "Id": "Paramshuy",
      "FadeInTime": -1.0,
      "FadeOutTime": -1.0,
      "Segments": [
        0,
        0,
        0,
        6.5,
        0
      ]
    },
    {
      "Target": "Parameter",
      "Id": "Paramshuxz",
      "FadeInTime": -1.0,
      "FadeOutTime": -1.0,
      "Segments": [
        0,
        0,
        0,
        6.5,
        0
      ]
    },
    {
      "Target": "Parameter",
      "Id": "Paramxinftm",
      "FadeInTime": -1.0,
      "FadeOutTime": -1.0,
      "Segments": [
        0,
        0,
        0,
        6.5,
        0
      ]
    },
    {
      "Target": "Parameter",
      "Id": "Paramxinfxz",
      "FadeInTime": -1.0,
      "FadeOutTime": -1.0,
      "Segments": [
        0,
        0,
        0,
        6.5,
        0
      ]
    },
    {
      "Target": "Parameter",
      "Id": "xiaoyanwu1",
      "FadeInTime": -1.0,
      "FadeOutTime": -1.0,
      "Segments": [
        0,
        0,
        0,
        6.5,
        0
      ]
    },
    {
      "Target": "Parameter",
      "Id": "Paramwuzitm",
      "FadeInTime": -1.0,
      "FadeOutTime": -1.0,
      "Segments": [
        0,
        0,
        0,
        6.5,
        0
      ]
    },
    {
      "Target": "Parameter",
      "Id": "Paramaixintm",
      "FadeInTime": -1.0,
      "FadeOutTime": -1.0,
      "Segments": [
        0,
        0,
        0,
        6.5,
        0
      ]
    },
    {
      "Target": "Parameter",
      "Id": "Paramaixin",
      "FadeInTime": -1.0,
      "FadeOutTime": -1.0,
      "Segments": [
        0,
        0,
        0,
        6.5,
        0
      ]
    },
    {
      "Target": "Parameter",
      "Id": "Paramxiongdai1",
      "FadeInTime": -1.0,
      "FadeOutTime": -1.0,
      "Segments": [
        0,
        0,
        0,
        6.5,
        0
      ]
    },
    {
      "Target": "Parameter",
      "Id": "Param28",
      "FadeInTime": -1.0,
      "FadeOutTime": -1.0,
      "Segments": [
        0,
        0,
        0,
        6.5,
        0
      ]
    },
    {
      "Target": "Parameter",
      "Id": "Paramzuoshangbixz",
      "FadeInTime": -1.0,
      "FadeOutTime": -1.0,
      "Segments": [
        0,
        0,
        0,
        6.5,
        0
      ]
    },
    {
      "Target": "Parameter",
      "Id": "Paramzuoshangbiss",
      "FadeInTime": -1.0,
      "FadeOutTime": -1.0,
      "Segments": [
        0,
        0,
        0,
        6.5,
        0
      ]
    },
    {
      "Target": "Parameter",
      "Id": "Paramzuoxiabxz",
      "FadeInTime": -1.0,
      "FadeOutTime": -1.0,
      "Segments": [
        0,
        0,
        0,
        6.5,
        0
      ]
    },
    {
      "Target": "Parameter",
      "Id": "Paramzuoxiabss",
      "FadeInTime": -1.0,
      "FadeOutTime": -1.0,
      "Segments": [
        0,
        0,
        0,
        6.5,
        0
      ]
    },
    {
      "Target": "Parameter",
      "Id": "Paramzuoshouzxz",
      "FadeInTime": -1.0,
      "FadeOutTime": -1.0,
      "Segments": [
        0,
        0,
        0,
        6.5,
        0
      ]
    },
    {
      "Target": "Parameter",
      "Id": "Paramcefal",
      "FadeInTime": -1.0,
      "FadeOutTime": -1.0,
      "Segments": [
        0,
        0,
        0,
        6.5,
        0
      ]
    },
    {
      "Target": "Parameter",
      "Id": "Paramzuoshouq",
      "FadeInTime": -1.0,
      "FadeOutTime": -1.0,
      "Segments": [
        0,
        0,
        0,
        6.5,
        0
      ]
    },
    {
      "Target": "Parameter",
      "Id": "Paramzuoshoutc",
      "FadeInTime": -1.0,
      "FadeOutTime": -1.0,
      "Segments": [
        0,
        0,
        0,
        6.5,
        0
      ]
    },
    {
      "Target": "Parameter",
      "Id": "Paramzuoxiabqie",
      "FadeInTime": -1.0,
      "FadeOutTime": -1.0,
      "Segments": [
        0,
        0,
        0,
        6.5,
        0
      ]
    },
    {
      "Target": "Parameter",
      "Id": "Paramzuoshangbqie",
      "FadeInTime": -1.0,
      "FadeOutTime": -1.0,
      "Segments": [
        0,
        1,
        0,
        6.5,
        1
      ]
    },
    {
      "Target": "Parameter",
      "Id": "Paramzuoshoulitouf",
      "FadeInTime": -1.0,
      "FadeOutTime": -1.0,
      "Segments": [
        0,
        1,
        0,
        6.5,
        1
      ]
    },
    {
      "Target": "Parameter",
      "Id": "ParamRrr",
      "FadeInTime": -1.0,
      "FadeOutTime": -1.0,
      "Segments": [
        0,
        0,
        0,
        6.5,
        0
      ]
    },
    {
      "Target": "Parameter",
      "Id": "ParamEyeLSmile",
      "FadeInTime": -1.0,
      "FadeOutTime": -1.0,
      "Segments": [
        0,
        0,
        0,
        6.5,
        0
      ]
    },
    {
      "Target": "Parameter",
      "Id": "ParamEyeRSmile",
      "FadeInTime": -1.0,
      "FadeOutTime": -1.0,
      "Segments": [
        0,
        0,
        0,
        6.5,
        0
      ]
    },
    {
      "Target": "Parameter",
      "Id": "Paramleitm",
      "FadeInTime": -1.0,
      "FadeOutTime": -1.0,
      "Segments": [
        0,
        0,
        0,
        6.5,
        0
      ]
    },
    {
      "Target": "Parameter",
      "Id": "Parameyetm",
      "FadeInTime": -1.0,
      "FadeOutTime": -1.0,
      "Segments": [
        0,
        1,
        0,
        6.5,
        1
      ]
    },
    {
      "Target": "Parameter",
      "Id": "Parameyeqq",
      "FadeInTime": -1.0,
      "FadeOutTime": -1.0,
      "Segments": [
        0,
        0,
        0,
        6.5,
        0
      ]
    },
    {
      "Target": "Parameter",
      "Id": "Parameyeqie",
      "FadeInTime": -1.0,
      "FadeOutTime": -1.0,
      "Segments": [
        0,
        0,
        0,
        6.5,
        0
      ]
    },
    {
      "Target": "Parameter",
      "Id": "Paramtkdx",
      "FadeInTime": -1.0,
      "FadeOutTime": -1.0,
      "Segments": [
        0,
        0,
        0,
        6.5,
        0
      ]
    },
    {
      "Target": "Parameter",
      "Id": "Parameyeliqie",
      "FadeInTime": -1.0,
      "FadeOutTime": -1.0,
      "Segments": [
        0,
        0,
        0,
        6.5,
        0
      ]
    },
    {
      "Target": "Parameter",
      "Id": "ParamBrowRX",
      "FadeInTime": -1.0,
      "FadeOutTime": -1.0,
      "Segments": [
        0,
        0,
        0,
        6.5,
        0
      ]
    },
    {
      "Target": "Parameter",
      "Id": "ParamBrowLForm",
      "FadeInTime": -1.0,
      "FadeOutTime": -1.0,
      "Segments": [
        0,
        0,
        0,
        6.5,
        0
      ]
    },
    {
      "Target": "Parameter",
      "Id": "ParamBrowRForm",
      "FadeInTime": -1.0,
      "FadeOutTime": -1.0,
      "Segments": [
        0,
        0,
        0,
        6.5,
        0
      ]
    },
    {
      "Target": "Parameter",
      "Id": "ParamMouthOpenY",
      "FadeInTime": -1.0,
      "FadeOutTime": -1.0,
      "Segments": [
        0,
        0,
        0,
        6.5,
        0
      ]
    },
    {
      "Target": "Parameter",
      "Id": "Paramzuikb",
      "FadeInTime": -1.0,
      "FadeOutTime": -1.0,
      "Segments": [
        0,
        0,
        0,
        6.5,
        0
      ]
    },
    {
      "Target": "Parameter",
      "Id": "Parammaoqitm",
      "FadeInTime": -1.0,
      "FadeOutTime": -1.0,
      "Segments": [
        0,
        0,
        0,
        6.5,
        0
      ]
    },
    {
      "Target": "Parameter",
      "Id": "Paramgl",
      "FadeInTime": -1.0,
      "FadeOutTime": -1.0,
      "Segments": [
        0,
        0,
        0,
        6.5,
        0
      ]
    },
    {
      "Target": "Parameter",
      "Id": "Paramqi1",
      "FadeInTime": -1.0,
      "FadeOutTime": -1.0,
      "Segments": [
        0,
        0,
        0,
        6.5,
        0
      ]
    },
    {
      "Target": "Parameter",
      "Id": "Paramqi2",
      "FadeInTime": -1.0,
      "FadeOutTime": -1.0,
      "Segments": [
        0,
        0,
        0,
        6.5,
        0
      ]
    },
    {
      "Target": "Parameter",
      "Id": "Paramqi3",
      "FadeInTime": -1.0,
      "FadeOutTime": -1.0,
      "Segments": [
        0,
        0,
        0,
        6.5,
        0
      ]
    },
    {
      "Target": "Parameter",
      "Id": "Paramqi4",
      "FadeInTime": -1.0,
      "FadeOutTime": -1.0,
      "Segments": [
        0,
        0,
        0,
        6.5,
        0
      ]
    },
    {
      "Target": "Parameter",
      "Id": "Paramdks",
      "FadeInTime": -1.0,
      "FadeOutTime": -1.0,
      "Segments": [
        0,
        0,
        0,
        6.5,
        0
      ]
    },
    {
      "Target": "Parameter",
      "Id": "Paramptp",
      "FadeInTime": -1.0,
      "FadeOutTime": -1.0,
      "Segments": [
        0,
        0,
        0,
        6.5,
        0
      ]
    },
    {
      "Target": "Parameter",
      "Id": "Paramquan",
      "FadeInTime": -1.0,
      "FadeOutTime": -1.0,
      "Segments": [
        0,
        0,
        0,
        6.5,
        0
      ]
    },
    {
      "Target": "Parameter",
      "Id": "Paramquantm",
      "FadeInTime": -1.0,
      "FadeOutTime": -1.0,
      "Segments": [
        0,
        0,
        0,
        6.5,
        0
      ]
    },
    {
      "Target": "Parameter",
      "Id": "Paramtouxingx",
      "FadeInTime": -1.0,
      "FadeOutTime": -1.0,
      "Segments": [
        0,
        0,
        0,
        6.5,
        0
      ]
    },
    {
      "Target": "Parameter",
      "Id": "Paramtxtm",
      "FadeInTime": -1.0,
      "FadeOutTime": -1.0,
      "Segments": [
        0,
        0,
        0,
        6.5,
        0
      ]
    },
    {
      "Target": "Parameter",
      "Id": "Paramdjj",
      "FadeInTime": -1.0,
      "FadeOutTime": -1.0,
      "Segments": [
        0,
        0,
        0,
        6.5,
        0
      ]
    },
    {
      "Target": "Parameter",
      "Id": "koushuishangxia",
      "FadeInTime": -1.0,
      "FadeOutTime": -1.0,
      "Segments": [
        0,
        0,
        0,
        6.5,
        0
      ]
    },
    {
      "Target": "Parameter",
      "Id": "koushuijiaodu",
      "FadeInTime": -1.0,
      "FadeOutTime": -1.0,
      "Segments": [
        0,
        0,
        0,
        6.5,
        0
      ]
    },
    {
      "Target": "Parameter",
      "Id": "ParamBodyAngleZ",
      "FadeInTime": -1.0,
      "FadeOutTime": -1.0,
      "Segments": [
        0,
        0,
        0,
        6.5,
        0
      ]
    },
    {
      "Target": "PartOpacity",
      "Id": "Part",
      "FadeInTime": -1.0,
      "FadeOutTime": -1.0,
      "Segments": [
        0,
        1,
        0,
        6.5,
        1
      ]
    },
    {
      "Target": "PartOpacity",
      "Id": "Part2",
      "FadeInTime": -1.0,
      "FadeOutTime": -1.0,
      "Segments": [
        0,
        1,
        0,
        6.5,
        1
      ]
    },
    {
      "Target": "PartOpacity",
      "Id": "Part3",
      "FadeInTime": -1.0,
      "FadeOutTime": -1.0,
      "Segments": [
        0,
        1,
        0,
        6.5,
        1
      ]
    },
    {
      "Target": "PartOpacity",
      "Id": "dc",
      "FadeInTime": -1.0,
      "FadeOutTime": -1.0,
      "Segments": [
        0,
        1,
        0,
        6.5,
        1
      ]
    },
    {
      "Target": "PartOpacity",
      "Id": "Part4",
      "FadeInTime": -1.0,
      "FadeOutTime": -1.0,
      "Segments": [
        0,
        1,
        0,
        6.5,
        1
      ]
    },
    {
      "Target": "PartOpacity",
      "Id": "Part5",
      "FadeInTime": -1.0,
      "FadeOutTime": -1.0,
      "Segments": [
        0,
        1,
        0,
        6.5,
        1
      ]
    },
    {
      "Target": "PartOpacity",
      "Id": "Part6",
      "FadeInTime": -1.0,
      "FadeOutTime": -1.0,
      "Segments": [
        0,
        1,
        0,
        6.5,
        1
      ]
    },
    {
      "Target": "PartOpacity",
      "Id": "Part7",
      "FadeInTime": -1.0,
      "FadeOutTime": -1.0,
      "Segments": [
        0,
        1,
        0,
        6.5,
        1
      ]
    },
    {
      "Target": "PartOpacity",
      "Id": "Part8",
      "FadeInTime": -1.0,
      "FadeOutTime": -1.0,
      "Segments": [
        0,
        1,
        0,
        6.5,
        1
      ]
    },
    {
      "Target": "PartOpacity",
      "Id": "Part9",
      "FadeInTime": -1.0,
      "FadeOutTime": -1.0,
      "Segments": [
        0,
        1,
        0,
        6.5,
        1
      ]
    },
    {
      "Target": "PartOpacity",
      "Id": "Part10",
      "FadeInTime": -1.0,
      "FadeOutTime": -1.0,
      "Segments": [
        0,
        1,
        0,
        6.5,
        1
      ]
    },
    {
      "Target": "PartOpacity",
      "Id": "Part11",
      "FadeInTime": -1.0,
      "FadeOutTime": -1.0,
      "Segments": [
        0,
        1,
        0,
        6.5,
        1
      ]
    },
    {
      "Target": "PartOpacity",
      "Id": "Part12",
      "FadeInTime": -1.0,
      "FadeOutTime": -1.0,
      "Segments": [
        0,
        1,
        0,
        6.5,
        1
      ]
    },
    {
      "Target": "PartOpacity",
      "Id": "Part13",
      "FadeInTime": -1.0,
      "FadeOutTime": -1.0,
      "Segments": [
        0,
        1,
        0,
        6.5,
        1
      ]
    },
    {
      "Target": "PartOpacity",
      "Id": "Part14",
      "FadeInTime": -1.0,
      "FadeOutTime": -1.0,
      "Segments": [
        0,
        1,
        0,
        6.5,
        1
      ]
    },
    {
      "Target": "PartOpacity",
      "Id": "Part15",
      "FadeInTime": -1.0,
      "FadeOutTime": -1.0,
      "Segments": [
        0,
        1,
        0,
        6.5,
        1
      ]
    },
    {
      "Target": "PartOpacity",
      "Id": "Part16",
      "FadeInTime": -1.0,
      "FadeOutTime": -1.0,
      "Segments": [
        0,
        1,
        0,
        6.5,
        1
      ]
    },
    {
      "Target": "PartOpacity",
      "Id": "Part17",
      "FadeInTime": -1.0,
      "FadeOutTime": -1.0,
      "Segments": [
        0,
        1,
        0,
        6.5,
        1
      ]
    },
    {
      "Target": "PartOpacity",
      "Id": "bq",
      "FadeInTime": -1.0,
      "FadeOutTime": -1.0,
      "Segments": [
        0,
        1,
        0,
        6.5,
        1
      ]
    },
    {
      "Target": "PartOpacity",
      "Id": "Part20",
      "FadeInTime": -1.0,
      "FadeOutTime": -1.0,
      "Segments": [
        0,
        1,
        0,
        6.5,
        1
      ]
    },
    {
      "Target": "PartOpacity",
      "Id": "Part21",
      "FadeInTime": -1.0,
      "FadeOutTime": -1.0,
      "Segments": [
        0,
        1,
        0,
        6.5,
        1
      ]
    },
    {
      "Target": "PartOpacity",
      "Id": "Part22",
      "FadeInTime": -1.0,
      "FadeOutTime": -1.0,
      "Segments": [
        0,
        1,
        0,
        6.5,
        1
      ]
    },
    {
      "Target": "PartOpacity",
      "Id": "Part23",
      "FadeInTime": -1.0,
      "FadeOutTime": -1.0,
      "Segments": [
        0,
        1,
        0,
        6.5,
        1
      ]
    },
    {
      "Target": "PartOpacity",
      "Id": "Part24",
      "FadeInTime": -1.0,
      "FadeOutTime": -1.0,
      "Segments": [
        0,
        1,
        0,
        6.5,
        1
      ]
    },
    {
      "Target": "PartOpacity",
      "Id": "dc1",
      "FadeInTime": -1.0,
      "FadeOutTime": -1.0,
      "Segments": [
        0,
        1,
        0,
        6.5,
        1
      ]
    },
    {
      "Target": "PartOpacity",
      "Id": "Part25",
      "FadeInTime": -1.0,
      "FadeOutTime": -1.0,
      "Segments": [
        0,
        1,
        0,
        6.5,
        1
      ]
    },
    {
      "Target": "PartOpacity",
      "Id": "Part26",
      "FadeInTime": -1.0,
      "FadeOutTime": -1.0,
      "Segments": [
        0,
        1,
        0,
        6.5,
        1
      ]
    },
    {
      "Target": "PartOpacity",
      "Id": "Part27",
      "FadeInTime": -1.0,
      "FadeOutTime": -1.0,
      "Segments": [
        0,
        1,
        0,
        6.5,
        1
      ]
    }
  ],
  "UserData": [
    {
      "Time": 0.0,
      "Value": ""
    },
    {
      "Time": 6.0,
      "Value": ""
    }
  ]
}