{
  "Version": 3,
  "Meta": {
    "PhysicsSettingCount": 21,
    "TotalInputCount": 63,
    "TotalOutputCount": 60,
    "VertexCount": 92,
    "EffectiveForces": {
      "Gravity": {
        "X": 0,
        "Y": -1
      },
      "Wind": {
        "X": 0,
        "Y": 0
      }
    },
    "PhysicsDictionary": [
      {
        "Id": "PhysicsSetting1",
        "Name": "Dummy1"
      },
      {
        "Id": "PhysicsSetting2",
        "Name": "Dummy2"
      },
      {
        "Id": "PhysicsSetting3",
        "Name": "Dummy3"
      },
      {
        "Id": "PhysicsSetting4",
        "Name": "Dummy4"
      },
      {
        "Id": "PhysicsSetting5",
        "Name": "Dummy5"
      },
      {
        "Id": "PhysicsSetting6",
        "Name": "Dummy6"
      },
      {
        "Id": "PhysicsSetting7",
        "Name": "Dummy7"
      },
      {
        "Id": "PhysicsSetting8",
        "Name": "Dummy8"
      },
      {
        "Id": "PhysicsSetting9",
        "Name": "Dummy9"
      },
      {
        "Id": "PhysicsSetting10",
        "Name": "Dummy10"
      },
      {
        "Id": "PhysicsSetting11",
        "Name": "Dummy11"
      },
      {
        "Id": "PhysicsSetting12",
        "Name": "Dummy12"
      },
      {
        "Id": "PhysicsSetting13",
        "Name": "Dummy13"
      },
      {
        "Id": "PhysicsSetting14",
        "Name": "Dummy14"
      },
      {
        "Id": "PhysicsSetting15",
        "Name": "Dummy15"
      },
      {
        "Id": "PhysicsSetting16",
        "Name": "Dummy16"
      },
      {
        "Id": "PhysicsSetting17",
        "Name": "Dummy17"
      },
      {
        "Id": "PhysicsSetting18",
        "Name": "Dummy18"
      },
      {
        "Id": "PhysicsSetting19",
        "Name": "Dummy19"
      },
      {
        "Id": "PhysicsSetting20",
        "Name": "Dummy20"
      },
      {
        "Id": "PhysicsSetting21",
        "Name": "Dummy21"
      }
    ]
  },
  "PhysicsSettings": [
    {
      "Id": "PhysicsSetting1",
      "Input": [
        {
          "Source": {
            "Target": "Parameter",
            "Id": "ParamAngleX"
          },
          "Weight": 10,
          "Type": "X",
          "Reflect": false
        },
        {
          "Source": {
            "Target": "Parameter",
            "Id": "ParamAngleY"
          },
          "Weight": 10,
          "Type": "X",
          "Reflect": false
        },
        {
          "Source": {
            "Target": "Parameter",
            "Id": "Param163"
          },
          "Weight": 100,
          "Type": "Angle",
          "Reflect": false
        }
      ],
      "Output": [
        {
          "Destination": {
            "Target": "Parameter",
            "Id": "ParamHairFront10"
          },
          "VertexIndex": 2,
          "Scale": 2.293,
          "Weight": 100,
          "Type": "Angle",
          "Reflect": false
        },
        {
          "Destination": {
            "Target": "Parameter",
            "Id": "Param139"
          },
          "VertexIndex": 3,
          "Scale": 63.914,
          "Weight": 100,
          "Type": "Angle",
          "Reflect": false
        }
      ],
      "Vertices": [
        {
          "Position": {
            "X": 0,
            "Y": 0
          },
          "Mobility": 1,
          "Delay": 0.7,
          "Acceleration": 1,
          "Radius": 0
        },
        {
          "Position": {
            "X": 0,
            "Y": 10
          },
          "Mobility": 0.85,
          "Delay": 0.7,
          "Acceleration": 1,
          "Radius": 10
        },
        {
          "Position": {
            "X": 0,
            "Y": 20
          },
          "Mobility": 0.9,
          "Delay": 0.7,
          "Acceleration": 1,
          "Radius": 10
        },
        {
          "Position": {
            "X": 0,
            "Y": 28
          },
          "Mobility": 0.9,
          "Delay": 0.7,
          "Acceleration": 0.8,
          "Radius": 8
        }
      ],
      "Normalization": {
        "Position": {
          "Minimum": -50,
          "Default": 0,
          "Maximum": 50
        },
        "Angle": {
          "Minimum": -120,
          "Default": 0,
          "Maximum": 120
        }
      }
    },
    {
      "Id": "PhysicsSetting2",
      "Input": [
        {
          "Source": {
            "Target": "Parameter",
            "Id": "ParamAngleX"
          },
          "Weight": 10,
          "Type": "X",
          "Reflect": false
        },
        {
          "Source": {
            "Target": "Parameter",
            "Id": "ParamAngleY"
          },
          "Weight": 10,
          "Type": "X",
          "Reflect": false
        },
        {
          "Source": {
            "Target": "Parameter",
            "Id": "Param161"
          },
          "Weight": 100,
          "Type": "Angle",
          "Reflect": false
        }
      ],
      "Output": [
        {
          "Destination": {
            "Target": "Parameter",
            "Id": "ParamHairFront11"
          },
          "VertexIndex": 1,
          "Scale": 1.445,
          "Weight": 100,
          "Type": "Angle",
          "Reflect": false
        },
        {
          "Destination": {
            "Target": "Parameter",
            "Id": "Param140"
          },
          "VertexIndex": 2,
          "Scale": 68.285,
          "Weight": 100,
          "Type": "Angle",
          "Reflect": false
        },
        {
          "Destination": {
            "Target": "Parameter",
            "Id": "Param141"
          },
          "VertexIndex": 3,
          "Scale": 97.456,
          "Weight": 100,
          "Type": "Angle",
          "Reflect": false
        }
      ],
      "Vertices": [
        {
          "Position": {
            "X": 0,
            "Y": 0
          },
          "Mobility": 1,
          "Delay": 0.7,
          "Acceleration": 1.2,
          "Radius": 0
        },
        {
          "Position": {
            "X": 0,
            "Y": 10
          },
          "Mobility": 0.85,
          "Delay": 0.7,
          "Acceleration": 1.2,
          "Radius": 10
        },
        {
          "Position": {
            "X": 0,
            "Y": 20
          },
          "Mobility": 0.9,
          "Delay": 0.7,
          "Acceleration": 1.2,
          "Radius": 10
        },
        {
          "Position": {
            "X": 0,
            "Y": 28
          },
          "Mobility": 0.9,
          "Delay": 0.7,
          "Acceleration": 1.2,
          "Radius": 8
        }
      ],
      "Normalization": {
        "Position": {
          "Minimum": -50,
          "Default": 0,
          "Maximum": 50
        },
        "Angle": {
          "Minimum": -120,
          "Default": 0,
          "Maximum": 120
        }
      }
    },
    {
      "Id": "PhysicsSetting3",
      "Input": [
        {
          "Source": {
            "Target": "Parameter",
            "Id": "ParamAngleX"
          },
          "Weight": 10,
          "Type": "X",
          "Reflect": false
        },
        {
          "Source": {
            "Target": "Parameter",
            "Id": "ParamAngleY"
          },
          "Weight": 10,
          "Type": "X",
          "Reflect": false
        },
        {
          "Source": {
            "Target": "Parameter",
            "Id": "Param162"
          },
          "Weight": 100,
          "Type": "Angle",
          "Reflect": false
        }
      ],
      "Output": [
        {
          "Destination": {
            "Target": "Parameter",
            "Id": "ParamHairFront12"
          },
          "VertexIndex": 1,
          "Scale": 1.338,
          "Weight": 100,
          "Type": "Angle",
          "Reflect": false
        },
        {
          "Destination": {
            "Target": "Parameter",
            "Id": "Param142"
          },
          "VertexIndex": 2,
          "Scale": 69.11,
          "Weight": 100,
          "Type": "Angle",
          "Reflect": false
        },
        {
          "Destination": {
            "Target": "Parameter",
            "Id": "Param143"
          },
          "VertexIndex": 3,
          "Scale": 75.869,
          "Weight": 100,
          "Type": "Angle",
          "Reflect": false
        }
      ],
      "Vertices": [
        {
          "Position": {
            "X": 0,
            "Y": 0
          },
          "Mobility": 1,
          "Delay": 0.7,
          "Acceleration": 1.2,
          "Radius": 0
        },
        {
          "Position": {
            "X": 0,
            "Y": 10
          },
          "Mobility": 0.85,
          "Delay": 0.7,
          "Acceleration": 1.2,
          "Radius": 10
        },
        {
          "Position": {
            "X": 0,
            "Y": 20
          },
          "Mobility": 0.9,
          "Delay": 0.7,
          "Acceleration": 1.2,
          "Radius": 10
        },
        {
          "Position": {
            "X": 0,
            "Y": 28
          },
          "Mobility": 0.9,
          "Delay": 0.7,
          "Acceleration": 1.2,
          "Radius": 8
        }
      ],
      "Normalization": {
        "Position": {
          "Minimum": -50,
          "Default": 0,
          "Maximum": 50
        },
        "Angle": {
          "Minimum": -120,
          "Default": 0,
          "Maximum": 120
        }
      }
    },
    {
      "Id": "PhysicsSetting4",
      "Input": [
        {
          "Source": {
            "Target": "Parameter",
            "Id": "ParamAngleX"
          },
          "Weight": 10,
          "Type": "X",
          "Reflect": false
        },
        {
          "Source": {
            "Target": "Parameter",
            "Id": "ParamAngleY"
          },
          "Weight": 10,
          "Type": "X",
          "Reflect": false
        },
        {
          "Source": {
            "Target": "Parameter",
            "Id": "Param161"
          },
          "Weight": 100,
          "Type": "Angle",
          "Reflect": false
        },
        {
          "Source": {
            "Target": "Parameter",
            "Id": "ParamAngleZ"
          },
          "Weight": 10,
          "Type": "X",
          "Reflect": false
        }
      ],
      "Output": [
        {
          "Destination": {
            "Target": "Parameter",
            "Id": "ParamHairFront"
          },
          "VertexIndex": 1,
          "Scale": 1.385,
          "Weight": 100,
          "Type": "Angle",
          "Reflect": false
        },
        {
          "Destination": {
            "Target": "Parameter",
            "Id": "Param2"
          },
          "VertexIndex": 2,
          "Scale": 55.04,
          "Weight": 100,
          "Type": "Angle",
          "Reflect": false
        },
        {
          "Destination": {
            "Target": "Parameter",
            "Id": "Param3"
          },
          "VertexIndex": 3,
          "Scale": 75.229,
          "Weight": 100,
          "Type": "Angle",
          "Reflect": false
        },
        {
          "Destination": {
            "Target": "Parameter",
            "Id": "Param20"
          },
          "VertexIndex": 4,
          "Scale": 86.189,
          "Weight": 100,
          "Type": "Angle",
          "Reflect": false
        }
      ],
      "Vertices": [
        {
          "Position": {
            "X": 0,
            "Y": 0
          },
          "Mobility": 1,
          "Delay": 0.7,
          "Acceleration": 1,
          "Radius": 0
        },
        {
          "Position": {
            "X": 0,
            "Y": 10
          },
          "Mobility": 0.85,
          "Delay": 0.7,
          "Acceleration": 1,
          "Radius": 10
        },
        {
          "Position": {
            "X": 0,
            "Y": 20
          },
          "Mobility": 0.85,
          "Delay": 0.7,
          "Acceleration": 1,
          "Radius": 10
        },
        {
          "Position": {
            "X": 0,
            "Y": 30
          },
          "Mobility": 0.85,
          "Delay": 0.7,
          "Acceleration": 1,
          "Radius": 10
        },
        {
          "Position": {
            "X": 0,
            "Y": 40
          },
          "Mobility": 0.85,
          "Delay": 0.7,
          "Acceleration": 1,
          "Radius": 10
        }
      ],
      "Normalization": {
        "Position": {
          "Minimum": -50,
          "Default": 0,
          "Maximum": 50
        },
        "Angle": {
          "Minimum": -120,
          "Default": 0,
          "Maximum": 120
        }
      }
    },
    {
      "Id": "PhysicsSetting5",
      "Input": [
        {
          "Source": {
            "Target": "Parameter",
            "Id": "ParamAngleX"
          },
          "Weight": 10,
          "Type": "X",
          "Reflect": false
        },
        {
          "Source": {
            "Target": "Parameter",
            "Id": "ParamAngleY"
          },
          "Weight": 10,
          "Type": "X",
          "Reflect": false
        },
        {
          "Source": {
            "Target": "Parameter",
            "Id": "Param163"
          },
          "Weight": 100,
          "Type": "Angle",
          "Reflect": false
        },
        {
          "Source": {
            "Target": "Parameter",
            "Id": "ParamAngleZ"
          },
          "Weight": 10,
          "Type": "X",
          "Reflect": false
        }
      ],
      "Output": [
        {
          "Destination": {
            "Target": "Parameter",
            "Id": "ParamHairFront24"
          },
          "VertexIndex": 1,
          "Scale": 1.437,
          "Weight": 100,
          "Type": "Angle",
          "Reflect": false
        },
        {
          "Destination": {
            "Target": "Parameter",
            "Id": "ParamHairFront25"
          },
          "VertexIndex": 2,
          "Scale": 2.38,
          "Weight": 100,
          "Type": "Angle",
          "Reflect": false
        },
        {
          "Destination": {
            "Target": "Parameter",
            "Id": "ParamHairFront26"
          },
          "VertexIndex": 3,
          "Scale": 2.611,
          "Weight": 100,
          "Type": "Angle",
          "Reflect": false
        },
        {
          "Destination": {
            "Target": "Parameter",
            "Id": "ParamHairFront27"
          },
          "VertexIndex": 4,
          "Scale": 2.811,
          "Weight": 100,
          "Type": "Angle",
          "Reflect": false
        }
      ],
      "Vertices": [
        {
          "Position": {
            "X": 0,
            "Y": 0
          },
          "Mobility": 1,
          "Delay": 1,
          "Acceleration": 1,
          "Radius": 0
        },
        {
          "Position": {
            "X": 0,
            "Y": 10
          },
          "Mobility": 0.85,
          "Delay": 0.9,
          "Acceleration": 1,
          "Radius": 10
        },
        {
          "Position": {
            "X": 0,
            "Y": 20
          },
          "Mobility": 0.85,
          "Delay": 0.9,
          "Acceleration": 1,
          "Radius": 10
        },
        {
          "Position": {
            "X": 0,
            "Y": 30
          },
          "Mobility": 0.85,
          "Delay": 0.9,
          "Acceleration": 1,
          "Radius": 10
        },
        {
          "Position": {
            "X": 0,
            "Y": 40
          },
          "Mobility": 0.85,
          "Delay": 0.9,
          "Acceleration": 1,
          "Radius": 10
        }
      ],
      "Normalization": {
        "Position": {
          "Minimum": -50,
          "Default": 0,
          "Maximum": 50
        },
        "Angle": {
          "Minimum": -120,
          "Default": 0,
          "Maximum": 120
        }
      }
    },
    {
      "Id": "PhysicsSetting6",
      "Input": [
        {
          "Source": {
            "Target": "Parameter",
            "Id": "ParamAngleX"
          },
          "Weight": 10,
          "Type": "X",
          "Reflect": false
        },
        {
          "Source": {
            "Target": "Parameter",
            "Id": "ParamAngleY"
          },
          "Weight": 10,
          "Type": "X",
          "Reflect": false
        },
        {
          "Source": {
            "Target": "Parameter",
            "Id": "Param162"
          },
          "Weight": 100,
          "Type": "Angle",
          "Reflect": false
        },
        {
          "Source": {
            "Target": "Parameter",
            "Id": "ParamAngleZ"
          },
          "Weight": 10,
          "Type": "X",
          "Reflect": false
        }
      ],
      "Output": [
        {
          "Destination": {
            "Target": "Parameter",
            "Id": "ParamHairFront28"
          },
          "VertexIndex": 1,
          "Scale": 1.625,
          "Weight": 100,
          "Type": "Angle",
          "Reflect": false
        },
        {
          "Destination": {
            "Target": "Parameter",
            "Id": "ParamHairFront29"
          },
          "VertexIndex": 2,
          "Scale": 2.19,
          "Weight": 100,
          "Type": "Angle",
          "Reflect": false
        },
        {
          "Destination": {
            "Target": "Parameter",
            "Id": "ParamHairFront30"
          },
          "VertexIndex": 3,
          "Scale": 2.075,
          "Weight": 100,
          "Type": "Angle",
          "Reflect": false
        }
      ],
      "Vertices": [
        {
          "Position": {
            "X": 0,
            "Y": 0
          },
          "Mobility": 1,
          "Delay": 0.7,
          "Acceleration": 1,
          "Radius": 0
        },
        {
          "Position": {
            "X": 0,
            "Y": 10
          },
          "Mobility": 0.85,
          "Delay": 0.7,
          "Acceleration": 1,
          "Radius": 10
        },
        {
          "Position": {
            "X": 0,
            "Y": 20
          },
          "Mobility": 0.9,
          "Delay": 0.7,
          "Acceleration": 1,
          "Radius": 10
        },
        {
          "Position": {
            "X": 0,
            "Y": 28
          },
          "Mobility": 0.9,
          "Delay": 0.7,
          "Acceleration": 0.8,
          "Radius": 8
        }
      ],
      "Normalization": {
        "Position": {
          "Minimum": -50,
          "Default": 0,
          "Maximum": 50
        },
        "Angle": {
          "Minimum": -120,
          "Default": 0,
          "Maximum": 120
        }
      }
    },
    {
      "Id": "PhysicsSetting7",
      "Input": [
        {
          "Source": {
            "Target": "Parameter",
            "Id": "ParamAngleX"
          },
          "Weight": 10,
          "Type": "X",
          "Reflect": false
        },
        {
          "Source": {
            "Target": "Parameter",
            "Id": "ParamAngleY"
          },
          "Weight": 10,
          "Type": "X",
          "Reflect": false
        },
        {
          "Source": {
            "Target": "Parameter",
            "Id": "Param163"
          },
          "Weight": 100,
          "Type": "Angle",
          "Reflect": false
        },
        {
          "Source": {
            "Target": "Parameter",
            "Id": "ParamAngleZ"
          },
          "Weight": 10,
          "Type": "X",
          "Reflect": false
        }
      ],
      "Output": [
        {
          "Destination": {
            "Target": "Parameter",
            "Id": "ParamHairFront7"
          },
          "VertexIndex": 1,
          "Scale": 1.195,
          "Weight": 100,
          "Type": "Angle",
          "Reflect": false
        },
        {
          "Destination": {
            "Target": "Parameter",
            "Id": "Param29"
          },
          "VertexIndex": 2,
          "Scale": 1.887,
          "Weight": 100,
          "Type": "Angle",
          "Reflect": false
        },
        {
          "Destination": {
            "Target": "Parameter",
            "Id": "Param30"
          },
          "VertexIndex": 3,
          "Scale": 2.3,
          "Weight": 100,
          "Type": "Angle",
          "Reflect": false
        },
        {
          "Destination": {
            "Target": "Parameter",
            "Id": "Param50"
          },
          "VertexIndex": 4,
          "Scale": 2.914,
          "Weight": 100,
          "Type": "Angle",
          "Reflect": false
        }
      ],
      "Vertices": [
        {
          "Position": {
            "X": 0,
            "Y": 0
          },
          "Mobility": 1,
          "Delay": 0.7,
          "Acceleration": 1,
          "Radius": 0
        },
        {
          "Position": {
            "X": 0,
            "Y": 10
          },
          "Mobility": 0.85,
          "Delay": 0.7,
          "Acceleration": 1,
          "Radius": 10
        },
        {
          "Position": {
            "X": 0,
            "Y": 20
          },
          "Mobility": 0.85,
          "Delay": 0.7,
          "Acceleration": 1,
          "Radius": 10
        },
        {
          "Position": {
            "X": 0,
            "Y": 30
          },
          "Mobility": 0.85,
          "Delay": 0.7,
          "Acceleration": 1,
          "Radius": 10
        },
        {
          "Position": {
            "X": 0,
            "Y": 40
          },
          "Mobility": 0.85,
          "Delay": 0.7,
          "Acceleration": 1,
          "Radius": 10
        }
      ],
      "Normalization": {
        "Position": {
          "Minimum": -50,
          "Default": 0,
          "Maximum": 50
        },
        "Angle": {
          "Minimum": -120,
          "Default": 0,
          "Maximum": 120
        }
      }
    },
    {
      "Id": "PhysicsSetting8",
      "Input": [
        {
          "Source": {
            "Target": "Parameter",
            "Id": "ParamAngleX"
          },
          "Weight": 10,
          "Type": "X",
          "Reflect": false
        },
        {
          "Source": {
            "Target": "Parameter",
            "Id": "ParamAngleY"
          },
          "Weight": 10,
          "Type": "X",
          "Reflect": false
        },
        {
          "Source": {
            "Target": "Parameter",
            "Id": "Param163"
          },
          "Weight": 100,
          "Type": "Angle",
          "Reflect": false
        },
        {
          "Source": {
            "Target": "Parameter",
            "Id": "ParamAngleZ"
          },
          "Weight": 10,
          "Type": "X",
          "Reflect": false
        }
      ],
      "Output": [
        {
          "Destination": {
            "Target": "Parameter",
            "Id": "ParamHairFront8"
          },
          "VertexIndex": 1,
          "Scale": 1.19,
          "Weight": 100,
          "Type": "Angle",
          "Reflect": false
        },
        {
          "Destination": {
            "Target": "Parameter",
            "Id": "Param39"
          },
          "VertexIndex": 2,
          "Scale": 53.722,
          "Weight": 100,
          "Type": "Angle",
          "Reflect": false
        },
        {
          "Destination": {
            "Target": "Parameter",
            "Id": "Param40"
          },
          "VertexIndex": 3,
          "Scale": 55.917,
          "Weight": 100,
          "Type": "Angle",
          "Reflect": false
        }
      ],
      "Vertices": [
        {
          "Position": {
            "X": 0,
            "Y": 0
          },
          "Mobility": 1,
          "Delay": 1,
          "Acceleration": 1,
          "Radius": 0
        },
        {
          "Position": {
            "X": 0,
            "Y": 8.1
          },
          "Mobility": 0.87,
          "Delay": 0.57,
          "Acceleration": 1.71,
          "Radius": 8.1
        },
        {
          "Position": {
            "X": 0,
            "Y": 17.8
          },
          "Mobility": 0.84,
          "Delay": 0.57,
          "Acceleration": 1.37,
          "Radius": 9.7
        },
        {
          "Position": {
            "X": 0,
            "Y": 24.8
          },
          "Mobility": 0.81,
          "Delay": 0.54,
          "Acceleration": 1.46,
          "Radius": 7
        },
        {
          "Position": {
            "X": 0,
            "Y": 31.3
          },
          "Mobility": 0.8,
          "Delay": 0.53,
          "Acceleration": 1.4,
          "Radius": 6.5
        }
      ],
      "Normalization": {
        "Position": {
          "Minimum": -50,
          "Default": 0,
          "Maximum": 50
        },
        "Angle": {
          "Minimum": -120,
          "Default": 0,
          "Maximum": 120
        }
      }
    },
    {
      "Id": "PhysicsSetting9",
      "Input": [
        {
          "Source": {
            "Target": "Parameter",
            "Id": "ParamAngleX"
          },
          "Weight": 10,
          "Type": "X",
          "Reflect": false
        },
        {
          "Source": {
            "Target": "Parameter",
            "Id": "ParamAngleY"
          },
          "Weight": 10,
          "Type": "X",
          "Reflect": false
        },
        {
          "Source": {
            "Target": "Parameter",
            "Id": "Param161"
          },
          "Weight": 100,
          "Type": "Angle",
          "Reflect": false
        },
        {
          "Source": {
            "Target": "Parameter",
            "Id": "ParamAngleZ"
          },
          "Weight": 10,
          "Type": "X",
          "Reflect": false
        }
      ],
      "Output": [
        {
          "Destination": {
            "Target": "Parameter",
            "Id": "ParamHairFront31"
          },
          "VertexIndex": 1,
          "Scale": 1.479,
          "Weight": 100,
          "Type": "Angle",
          "Reflect": false
        },
        {
          "Destination": {
            "Target": "Parameter",
            "Id": "ParamHairFront32"
          },
          "VertexIndex": 2,
          "Scale": 1.988,
          "Weight": 100,
          "Type": "Angle",
          "Reflect": false
        },
        {
          "Destination": {
            "Target": "Parameter",
            "Id": "ParamHairFront33"
          },
          "VertexIndex": 3,
          "Scale": 2.804,
          "Weight": 100,
          "Type": "Angle",
          "Reflect": false
        },
        {
          "Destination": {
            "Target": "Parameter",
            "Id": "ParamHairFront34"
          },
          "VertexIndex": 4,
          "Scale": 3.615,
          "Weight": 100,
          "Type": "Angle",
          "Reflect": false
        }
      ],
      "Vertices": [
        {
          "Position": {
            "X": 0,
            "Y": 0
          },
          "Mobility": 1,
          "Delay": 1,
          "Acceleration": 1,
          "Radius": 0
        },
        {
          "Position": {
            "X": 0,
            "Y": 10
          },
          "Mobility": 0.8,
          "Delay": 0.7,
          "Acceleration": 1,
          "Radius": 10
        },
        {
          "Position": {
            "X": 0,
            "Y": 20
          },
          "Mobility": 0.8,
          "Delay": 0.7,
          "Acceleration": 1,
          "Radius": 10
        },
        {
          "Position": {
            "X": 0,
            "Y": 30
          },
          "Mobility": 0.8,
          "Delay": 0.7,
          "Acceleration": 1,
          "Radius": 10
        },
        {
          "Position": {
            "X": 0,
            "Y": 40
          },
          "Mobility": 0.8,
          "Delay": 0.7,
          "Acceleration": 1,
          "Radius": 10
        }
      ],
      "Normalization": {
        "Position": {
          "Minimum": -50,
          "Default": 0,
          "Maximum": 50
        },
        "Angle": {
          "Minimum": -120,
          "Default": 0,
          "Maximum": 120
        }
      }
    },
    {
      "Id": "PhysicsSetting10",
      "Input": [
        {
          "Source": {
            "Target": "Parameter",
            "Id": "ParamAngleX"
          },
          "Weight": 10,
          "Type": "X",
          "Reflect": false
        },
        {
          "Source": {
            "Target": "Parameter",
            "Id": "ParamAngleY"
          },
          "Weight": 10,
          "Type": "X",
          "Reflect": false
        },
        {
          "Source": {
            "Target": "Parameter",
            "Id": "Param163"
          },
          "Weight": 100,
          "Type": "Angle",
          "Reflect": false
        },
        {
          "Source": {
            "Target": "Parameter",
            "Id": "ParamAngleZ"
          },
          "Weight": 10,
          "Type": "X",
          "Reflect": false
        }
      ],
      "Output": [
        {
          "Destination": {
            "Target": "Parameter",
            "Id": "ParamHairFront37"
          },
          "VertexIndex": 1,
          "Scale": 1.211,
          "Weight": 100,
          "Type": "Angle",
          "Reflect": false
        },
        {
          "Destination": {
            "Target": "Parameter",
            "Id": "ParamHairFront38"
          },
          "VertexIndex": 2,
          "Scale": 1.887,
          "Weight": 100,
          "Type": "Angle",
          "Reflect": false
        },
        {
          "Destination": {
            "Target": "Parameter",
            "Id": "ParamHairFront39"
          },
          "VertexIndex": 3,
          "Scale": 2.717,
          "Weight": 100,
          "Type": "Angle",
          "Reflect": false
        },
        {
          "Destination": {
            "Target": "Parameter",
            "Id": "ParamHairFront40"
          },
          "VertexIndex": 4,
          "Scale": 3.574,
          "Weight": 100,
          "Type": "Angle",
          "Reflect": false
        }
      ],
      "Vertices": [
        {
          "Position": {
            "X": 0,
            "Y": 0
          },
          "Mobility": 1,
          "Delay": 1,
          "Acceleration": 1,
          "Radius": 0
        },
        {
          "Position": {
            "X": 0,
            "Y": 10
          },
          "Mobility": 0.8,
          "Delay": 0.7,
          "Acceleration": 1,
          "Radius": 10
        },
        {
          "Position": {
            "X": 0,
            "Y": 20
          },
          "Mobility": 0.8,
          "Delay": 0.7,
          "Acceleration": 1,
          "Radius": 10
        },
        {
          "Position": {
            "X": 0,
            "Y": 30
          },
          "Mobility": 0.8,
          "Delay": 0.7,
          "Acceleration": 1,
          "Radius": 10
        },
        {
          "Position": {
            "X": 0,
            "Y": 40
          },
          "Mobility": 0.8,
          "Delay": 0.7,
          "Acceleration": 1,
          "Radius": 10
        }
      ],
      "Normalization": {
        "Position": {
          "Minimum": -50,
          "Default": 0,
          "Maximum": 50
        },
        "Angle": {
          "Minimum": -120,
          "Default": 0,
          "Maximum": 120
        }
      }
    },
    {
      "Id": "PhysicsSetting11",
      "Input": [
        {
          "Source": {
            "Target": "Parameter",
            "Id": "ParamBodyAngleX"
          },
          "Weight": 60,
          "Type": "X",
          "Reflect": false
        },
        {
          "Source": {
            "Target": "Parameter",
            "Id": "ParamBodyAngleZ"
          },
          "Weight": 100,
          "Type": "Angle",
          "Reflect": false
        }
      ],
      "Output": [
        {
          "Destination": {
            "Target": "Parameter",
            "Id": "ParamHairFront65"
          },
          "VertexIndex": 1,
          "Scale": 1.541,
          "Weight": 100,
          "Type": "Angle",
          "Reflect": false
        },
        {
          "Destination": {
            "Target": "Parameter",
            "Id": "ParamHairFront66"
          },
          "VertexIndex": 2,
          "Scale": 2.617,
          "Weight": 100,
          "Type": "Angle",
          "Reflect": false
        },
        {
          "Destination": {
            "Target": "Parameter",
            "Id": "ParamHairFront69"
          },
          "VertexIndex": 3,
          "Scale": 3.09,
          "Weight": 100,
          "Type": "Angle",
          "Reflect": false
        }
      ],
      "Vertices": [
        {
          "Position": {
            "X": 0,
            "Y": 0
          },
          "Mobility": 0.9,
          "Delay": 0.6,
          "Acceleration": 0.8,
          "Radius": 8
        },
        {
          "Position": {
            "X": 0,
            "Y": 10
          },
          "Mobility": 0.85,
          "Delay": 0.9,
          "Acceleration": 0.8,
          "Radius": 10
        },
        {
          "Position": {
            "X": 0,
            "Y": 20
          },
          "Mobility": 0.9,
          "Delay": 0.9,
          "Acceleration": 0.8,
          "Radius": 10
        },
        {
          "Position": {
            "X": 0,
            "Y": 28
          },
          "Mobility": 0.9,
          "Delay": 0.9,
          "Acceleration": 0.8,
          "Radius": 8
        }
      ],
      "Normalization": {
        "Position": {
          "Minimum": -10,
          "Default": 0,
          "Maximum": 10
        },
        "Angle": {
          "Minimum": -30,
          "Default": 0,
          "Maximum": 30
        }
      }
    },
    {
      "Id": "PhysicsSetting12",
      "Input": [
        {
          "Source": {
            "Target": "Parameter",
            "Id": "ParamBodyAngleY"
          },
          "Weight": 60,
          "Type": "X",
          "Reflect": true
        },
        {
          "Source": {
            "Target": "Parameter",
            "Id": "ParamBodyAngleZ"
          },
          "Weight": 100,
          "Type": "Angle",
          "Reflect": false
        }
      ],
      "Output": [
        {
          "Destination": {
            "Target": "Parameter",
            "Id": "ParamHairFront67"
          },
          "VertexIndex": 2,
          "Scale": 3.086,
          "Weight": 100,
          "Type": "Angle",
          "Reflect": false
        },
        {
          "Destination": {
            "Target": "Parameter",
            "Id": "ParamHairFront68"
          },
          "VertexIndex": 3,
          "Scale": 3.961,
          "Weight": 100,
          "Type": "Angle",
          "Reflect": false
        }
      ],
      "Vertices": [
        {
          "Position": {
            "X": 0,
            "Y": 0
          },
          "Mobility": 0.9,
          "Delay": 0.6,
          "Acceleration": 1.5,
          "Radius": 8
        },
        {
          "Position": {
            "X": 0,
            "Y": 10
          },
          "Mobility": 0.85,
          "Delay": 0.9,
          "Acceleration": 0.8,
          "Radius": 10
        },
        {
          "Position": {
            "X": 0,
            "Y": 20
          },
          "Mobility": 0.9,
          "Delay": 0.9,
          "Acceleration": 0.8,
          "Radius": 10
        },
        {
          "Position": {
            "X": 0,
            "Y": 28
          },
          "Mobility": 0.9,
          "Delay": 0.9,
          "Acceleration": 0.8,
          "Radius": 8
        }
      ],
      "Normalization": {
        "Position": {
          "Minimum": -10,
          "Default": 0,
          "Maximum": 10
        },
        "Angle": {
          "Minimum": -30,
          "Default": 0,
          "Maximum": 30
        }
      }
    },
    {
      "Id": "PhysicsSetting13",
      "Input": [
        {
          "Source": {
            "Target": "Parameter",
            "Id": "ParamEyeROpen"
          },
          "Weight": 50,
          "Type": "X",
          "Reflect": false
        },
        {
          "Source": {
            "Target": "Parameter",
            "Id": "ParamEyeLOpen"
          },
          "Weight": 50,
          "Type": "X",
          "Reflect": false
        }
      ],
      "Output": [
        {
          "Destination": {
            "Target": "Parameter",
            "Id": "e2"
          },
          "VertexIndex": 2,
          "Scale": 37.98,
          "Weight": 100,
          "Type": "Angle",
          "Reflect": false
        },
        {
          "Destination": {
            "Target": "Parameter",
            "Id": "e3"
          },
          "VertexIndex": 2,
          "Scale": 37.98,
          "Weight": 100,
          "Type": "Angle",
          "Reflect": false
        },
        {
          "Destination": {
            "Target": "Parameter",
            "Id": "e4"
          },
          "VertexIndex": 2,
          "Scale": 37.98,
          "Weight": 100,
          "Type": "Angle",
          "Reflect": false
        }
      ],
      "Vertices": [
        {
          "Position": {
            "X": 0,
            "Y": 0
          },
          "Mobility": 1,
          "Delay": 1,
          "Acceleration": 1,
          "Radius": 0
        },
        {
          "Position": {
            "X": 0,
            "Y": 17
          },
          "Mobility": 0.9,
          "Delay": 0.92,
          "Acceleration": 1.5,
          "Radius": 17
        },
        {
          "Position": {
            "X": 0,
            "Y": 34.6
          },
          "Mobility": 0.83,
          "Delay": 0.97,
          "Acceleration": 1,
          "Radius": 17.6
        }
      ],
      "Normalization": {
        "Position": {
          "Minimum": -10,
          "Default": 0,
          "Maximum": 10
        },
        "Angle": {
          "Minimum": -10,
          "Default": 0,
          "Maximum": 10
        }
      }
    },
    {
      "Id": "PhysicsSetting14",
      "Input": [
        {
          "Source": {
            "Target": "Parameter",
            "Id": "ParamEyeROpen"
          },
          "Weight": 50,
          "Type": "X",
          "Reflect": false
        },
        {
          "Source": {
            "Target": "Parameter",
            "Id": "ParamEyeLOpen"
          },
          "Weight": 50,
          "Type": "X",
          "Reflect": false
        }
      ],
      "Output": [
        {
          "Destination": {
            "Target": "Parameter",
            "Id": "e5"
          },
          "VertexIndex": 1,
          "Scale": 44.884,
          "Weight": 100,
          "Type": "Angle",
          "Reflect": false
        },
        {
          "Destination": {
            "Target": "Parameter",
            "Id": "e6"
          },
          "VertexIndex": 2,
          "Scale": 43.399,
          "Weight": 100,
          "Type": "Angle",
          "Reflect": false
        }
      ],
      "Vertices": [
        {
          "Position": {
            "X": 0,
            "Y": 0
          },
          "Mobility": 1,
          "Delay": 1,
          "Acceleration": 1,
          "Radius": 0
        },
        {
          "Position": {
            "X": 0,
            "Y": 15
          },
          "Mobility": 0.81,
          "Delay": 1,
          "Acceleration": 1.2,
          "Radius": 15
        },
        {
          "Position": {
            "X": 0,
            "Y": 25
          },
          "Mobility": 0.85,
          "Delay": 1,
          "Acceleration": 1.2,
          "Radius": 10
        },
        {
          "Position": {
            "X": 0,
            "Y": 35
          },
          "Mobility": 0.86,
          "Delay": 1,
          "Acceleration": 1.2,
          "Radius": 10
        }
      ],
      "Normalization": {
        "Position": {
          "Minimum": -10,
          "Default": 0,
          "Maximum": 10
        },
        "Angle": {
          "Minimum": -10,
          "Default": 0,
          "Maximum": 10
        }
      }
    },
    {
      "Id": "PhysicsSetting15",
      "Input": [
        {
          "Source": {
            "Target": "Parameter",
            "Id": "ParamEyeROpen"
          },
          "Weight": 50,
          "Type": "X",
          "Reflect": false
        },
        {
          "Source": {
            "Target": "Parameter",
            "Id": "ParamEyeLOpen"
          },
          "Weight": 50,
          "Type": "X",
          "Reflect": false
        }
      ],
      "Output": [
        {
          "Destination": {
            "Target": "Parameter",
            "Id": "e7"
          },
          "VertexIndex": 1,
          "Scale": 34.929,
          "Weight": 100,
          "Type": "Angle",
          "Reflect": false
        },
        {
          "Destination": {
            "Target": "Parameter",
            "Id": "e8"
          },
          "VertexIndex": 2,
          "Scale": 24.404,
          "Weight": 100,
          "Type": "Angle",
          "Reflect": false
        }
      ],
      "Vertices": [
        {
          "Position": {
            "X": 0,
            "Y": 0
          },
          "Mobility": 1,
          "Delay": 1,
          "Acceleration": 1,
          "Radius": 0
        },
        {
          "Position": {
            "X": 0,
            "Y": 10
          },
          "Mobility": 0.9,
          "Delay": 0.8,
          "Acceleration": 1.5,
          "Radius": 10
        },
        {
          "Position": {
            "X": 0,
            "Y": 18
          },
          "Mobility": 0.8,
          "Delay": 0.8,
          "Acceleration": 1.5,
          "Radius": 8
        }
      ],
      "Normalization": {
        "Position": {
          "Minimum": -10,
          "Default": 0,
          "Maximum": 10
        },
        "Angle": {
          "Minimum": -10,
          "Default": 0,
          "Maximum": 10
        }
      }
    },
    {
      "Id": "PhysicsSetting16",
      "Input": [
        {
          "Source": {
            "Target": "Parameter",
            "Id": "ParamAngleX"
          },
          "Weight": 10,
          "Type": "X",
          "Reflect": false
        },
        {
          "Source": {
            "Target": "Parameter",
            "Id": "ParamAngleY"
          },
          "Weight": 10,
          "Type": "X",
          "Reflect": false
        },
        {
          "Source": {
            "Target": "Parameter",
            "Id": "Param162"
          },
          "Weight": 100,
          "Type": "Angle",
          "Reflect": false
        }
      ],
      "Output": [
        {
          "Destination": {
            "Target": "Parameter",
            "Id": "Param97"
          },
          "VertexIndex": 2,
          "Scale": 68.867,
          "Weight": 100,
          "Type": "Angle",
          "Reflect": false
        },
        {
          "Destination": {
            "Target": "Parameter",
            "Id": "Param99"
          },
          "VertexIndex": 3,
          "Scale": 78.861,
          "Weight": 100,
          "Type": "Angle",
          "Reflect": false
        }
      ],
      "Vertices": [
        {
          "Position": {
            "X": 0,
            "Y": 0
          },
          "Mobility": 1,
          "Delay": 1,
          "Acceleration": 1,
          "Radius": 0
        },
        {
          "Position": {
            "X": 0,
            "Y": 10
          },
          "Mobility": 0.85,
          "Delay": 0.9,
          "Acceleration": 1,
          "Radius": 10
        },
        {
          "Position": {
            "X": 0,
            "Y": 20
          },
          "Mobility": 0.85,
          "Delay": 0.9,
          "Acceleration": 1,
          "Radius": 10
        },
        {
          "Position": {
            "X": 0,
            "Y": 30
          },
          "Mobility": 0.85,
          "Delay": 0.9,
          "Acceleration": 1,
          "Radius": 10
        },
        {
          "Position": {
            "X": 0,
            "Y": 40
          },
          "Mobility": 0.85,
          "Delay": 0.9,
          "Acceleration": 1,
          "Radius": 10
        }
      ],
      "Normalization": {
        "Position": {
          "Minimum": -50,
          "Default": 0,
          "Maximum": 50
        },
        "Angle": {
          "Minimum": -120,
          "Default": 0,
          "Maximum": 120
        }
      }
    },
    {
      "Id": "PhysicsSetting17",
      "Input": [
        {
          "Source": {
            "Target": "Parameter",
            "Id": "ParamAngleX"
          },
          "Weight": 10,
          "Type": "X",
          "Reflect": false
        },
        {
          "Source": {
            "Target": "Parameter",
            "Id": "ParamAngleY"
          },
          "Weight": 10,
          "Type": "X",
          "Reflect": false
        },
        {
          "Source": {
            "Target": "Parameter",
            "Id": "Param161"
          },
          "Weight": 100,
          "Type": "Angle",
          "Reflect": false
        }
      ],
      "Output": [
        {
          "Destination": {
            "Target": "Parameter",
            "Id": "Param19"
          },
          "VertexIndex": 1,
          "Scale": 57.654,
          "Weight": 100,
          "Type": "Angle",
          "Reflect": false
        },
        {
          "Destination": {
            "Target": "Parameter",
            "Id": "Param105"
          },
          "VertexIndex": 2,
          "Scale": 83.187,
          "Weight": 100,
          "Type": "Angle",
          "Reflect": false
        },
        {
          "Destination": {
            "Target": "Parameter",
            "Id": "Param106"
          },
          "VertexIndex": 3,
          "Scale": 145.477,
          "Weight": 100,
          "Type": "Angle",
          "Reflect": false
        }
      ],
      "Vertices": [
        {
          "Position": {
            "X": 0,
            "Y": 0
          },
          "Mobility": 1,
          "Delay": 0.7,
          "Acceleration": 1.2,
          "Radius": 0
        },
        {
          "Position": {
            "X": 0,
            "Y": 10
          },
          "Mobility": 0.85,
          "Delay": 0.7,
          "Acceleration": 1.2,
          "Radius": 10
        },
        {
          "Position": {
            "X": 0,
            "Y": 20
          },
          "Mobility": 0.85,
          "Delay": 0.7,
          "Acceleration": 1.2,
          "Radius": 10
        },
        {
          "Position": {
            "X": 0,
            "Y": 30
          },
          "Mobility": 0.85,
          "Delay": 0.7,
          "Acceleration": 1.2,
          "Radius": 10
        },
        {
          "Position": {
            "X": 0,
            "Y": 40
          },
          "Mobility": 0.85,
          "Delay": 0.7,
          "Acceleration": 1.2,
          "Radius": 10
        }
      ],
      "Normalization": {
        "Position": {
          "Minimum": -50,
          "Default": 0,
          "Maximum": 50
        },
        "Angle": {
          "Minimum": -120,
          "Default": 0,
          "Maximum": 120
        }
      }
    },
    {
      "Id": "PhysicsSetting18",
      "Input": [
        {
          "Source": {
            "Target": "Parameter",
            "Id": "ParamAngleX"
          },
          "Weight": 10,
          "Type": "X",
          "Reflect": false
        },
        {
          "Source": {
            "Target": "Parameter",
            "Id": "ParamAngleY"
          },
          "Weight": 10,
          "Type": "X",
          "Reflect": false
        },
        {
          "Source": {
            "Target": "Parameter",
            "Id": "Param161"
          },
          "Weight": 100,
          "Type": "Angle",
          "Reflect": false
        }
      ],
      "Output": [
        {
          "Destination": {
            "Target": "Parameter",
            "Id": "ParamHairFront62"
          },
          "VertexIndex": 2,
          "Scale": 3.912,
          "Weight": 100,
          "Type": "Angle",
          "Reflect": false
        },
        {
          "Destination": {
            "Target": "Parameter",
            "Id": "ParamHairFront63"
          },
          "VertexIndex": 3,
          "Scale": 4.548,
          "Weight": 100,
          "Type": "Angle",
          "Reflect": false
        }
      ],
      "Vertices": [
        {
          "Position": {
            "X": 0,
            "Y": 0
          },
          "Mobility": 1,
          "Delay": 1,
          "Acceleration": 1,
          "Radius": 0
        },
        {
          "Position": {
            "X": 0,
            "Y": 10
          },
          "Mobility": 0.85,
          "Delay": 0.85,
          "Acceleration": 0.9,
          "Radius": 10
        },
        {
          "Position": {
            "X": 0,
            "Y": 20
          },
          "Mobility": 0.85,
          "Delay": 0.85,
          "Acceleration": 0.9,
          "Radius": 10
        },
        {
          "Position": {
            "X": 0,
            "Y": 28
          },
          "Mobility": 0.85,
          "Delay": 0.85,
          "Acceleration": 0.89,
          "Radius": 8
        }
      ],
      "Normalization": {
        "Position": {
          "Minimum": -50,
          "Default": 0,
          "Maximum": 50
        },
        "Angle": {
          "Minimum": -120,
          "Default": 0,
          "Maximum": 120
        }
      }
    },
    {
      "Id": "PhysicsSetting19",
      "Input": [
        {
          "Source": {
            "Target": "Parameter",
            "Id": "ParamAngleX"
          },
          "Weight": 10,
          "Type": "X",
          "Reflect": false
        },
        {
          "Source": {
            "Target": "Parameter",
            "Id": "ParamAngleY"
          },
          "Weight": 10,
          "Type": "X",
          "Reflect": false
        },
        {
          "Source": {
            "Target": "Parameter",
            "Id": "Param162"
          },
          "Weight": 100,
          "Type": "Angle",
          "Reflect": false
        }
      ],
      "Output": [
        {
          "Destination": {
            "Target": "Parameter",
            "Id": "ParamHairFront70"
          },
          "VertexIndex": 2,
          "Scale": 2.974,
          "Weight": 100,
          "Type": "Angle",
          "Reflect": false
        },
        {
          "Destination": {
            "Target": "Parameter",
            "Id": "ParamHairFront71"
          },
          "VertexIndex": 3,
          "Scale": 3.687,
          "Weight": 100,
          "Type": "Angle",
          "Reflect": false
        }
      ],
      "Vertices": [
        {
          "Position": {
            "X": 0,
            "Y": 0
          },
          "Mobility": 1,
          "Delay": 1,
          "Acceleration": 1,
          "Radius": 0
        },
        {
          "Position": {
            "X": 0,
            "Y": 10
          },
          "Mobility": 0.85,
          "Delay": 0.85,
          "Acceleration": 0.9,
          "Radius": 10
        },
        {
          "Position": {
            "X": 0,
            "Y": 20
          },
          "Mobility": 0.85,
          "Delay": 0.85,
          "Acceleration": 0.9,
          "Radius": 10
        },
        {
          "Position": {
            "X": 0,
            "Y": 28
          },
          "Mobility": 0.85,
          "Delay": 0.85,
          "Acceleration": 0.89,
          "Radius": 8
        }
      ],
      "Normalization": {
        "Position": {
          "Minimum": -50,
          "Default": 0,
          "Maximum": 50
        },
        "Angle": {
          "Minimum": -120,
          "Default": 0,
          "Maximum": 120
        }
      }
    },
    {
      "Id": "PhysicsSetting20",
      "Input": [
        {
          "Source": {
            "Target": "Parameter",
            "Id": "ParamAngleX"
          },
          "Weight": 10,
          "Type": "X",
          "Reflect": false
        },
        {
          "Source": {
            "Target": "Parameter",
            "Id": "ParamAngleY"
          },
          "Weight": 10,
          "Type": "X",
          "Reflect": false
        },
        {
          "Source": {
            "Target": "Parameter",
            "Id": "Param161"
          },
          "Weight": 100,
          "Type": "Angle",
          "Reflect": false
        }
      ],
      "Output": [
        {
          "Destination": {
            "Target": "Parameter",
            "Id": "ParamHairFront58"
          },
          "VertexIndex": 1,
          "Scale": 1.444,
          "Weight": 100,
          "Type": "Angle",
          "Reflect": false
        },
        {
          "Destination": {
            "Target": "Parameter",
            "Id": "ParamHairFront59"
          },
          "VertexIndex": 2,
          "Scale": 1.94,
          "Weight": 100,
          "Type": "Angle",
          "Reflect": false
        },
        {
          "Destination": {
            "Target": "Parameter",
            "Id": "ParamHairFront60"
          },
          "VertexIndex": 3,
          "Scale": 2.552,
          "Weight": 100,
          "Type": "Angle",
          "Reflect": false
        }
      ],
      "Vertices": [
        {
          "Position": {
            "X": 0,
            "Y": 0
          },
          "Mobility": 1,
          "Delay": 0.7,
          "Acceleration": 1,
          "Radius": 0
        },
        {
          "Position": {
            "X": 0,
            "Y": 10
          },
          "Mobility": 0.85,
          "Delay": 0.7,
          "Acceleration": 1.2,
          "Radius": 10
        },
        {
          "Position": {
            "X": 0,
            "Y": 20
          },
          "Mobility": 0.85,
          "Delay": 0.7,
          "Acceleration": 1.2,
          "Radius": 10
        },
        {
          "Position": {
            "X": 0,
            "Y": 30
          },
          "Mobility": 0.85,
          "Delay": 0.7,
          "Acceleration": 1.2,
          "Radius": 10
        },
        {
          "Position": {
            "X": 0,
            "Y": 40
          },
          "Mobility": 0.85,
          "Delay": 0.7,
          "Acceleration": 1.2,
          "Radius": 10
        },
        {
          "Position": {
            "X": 0,
            "Y": 50
          },
          "Mobility": 0.85,
          "Delay": 0.7,
          "Acceleration": 1.2,
          "Radius": 10
        }
      ],
      "Normalization": {
        "Position": {
          "Minimum": -50,
          "Default": 0,
          "Maximum": 50
        },
        "Angle": {
          "Minimum": -120,
          "Default": 0,
          "Maximum": 120
        }
      }
    },
    {
      "Id": "PhysicsSetting21",
      "Input": [
        {
          "Source": {
            "Target": "Parameter",
            "Id": "ParamBodyAngle4"
          },
          "Weight": 100,
          "Type": "X",
          "Reflect": false
        }
      ],
      "Output": [
        {
          "Destination": {
            "Target": "Parameter",
            "Id": "ParamHairFront76"
          },
          "VertexIndex": 1,
          "Scale": 1.891,
          "Weight": 100,
          "Type": "Angle",
          "Reflect": false
        },
        {
          "Destination": {
            "Target": "Parameter",
            "Id": "ParamHairFront77"
          },
          "VertexIndex": 2,
          "Scale": 1.891,
          "Weight": 100,
          "Type": "Angle",
          "Reflect": false
        }
      ],
      "Vertices": [
        {
          "Position": {
            "X": 0,
            "Y": 0
          },
          "Mobility": 1,
          "Delay": 1,
          "Acceleration": 1,
          "Radius": 0
        },
        {
          "Position": {
            "X": 0,
            "Y": 10
          },
          "Mobility": 0.85,
          "Delay": 0.85,
          "Acceleration": 0.9,
          "Radius": 10
        },
        {
          "Position": {
            "X": 0,
            "Y": 20
          },
          "Mobility": 0.85,
          "Delay": 0.85,
          "Acceleration": 0.9,
          "Radius": 10
        },
        {
          "Position": {
            "X": 0,
            "Y": 28
          },
          "Mobility": 0.85,
          "Delay": 0.85,
          "Acceleration": 0.89,
          "Radius": 8
        }
      ],
      "Normalization": {
        "Position": {
          "Minimum": -10,
          "Default": 0,
          "Maximum": 10
        },
        "Angle": {
          "Minimum": -10,
          "Default": 0,
          "Maximum": 10
        }
      }
    }
  ]
}