{
  "Version": 3,
  "Parameters": [
    {
      "Id": "All_Angle",
      "GroupId": "",
      "Name": "总体角度"
    },
    {
      "Id": "All_Size",
      "GroupId": "",
      "Name": "总体大小"
    },
    {
      "Id": "All_X",
      "GroupId": "",
      "Name": "总体左右"
    },
    {
      "Id": "All_Y",
      "GroupId": "",
      "Name": "总体上下"
    },
    {
      "Id": "ArmRAy",
      "GroupId": "",
      "Name": "右肩上下"
    },
    {
      "Id": "BG_Angle",
      "GroupId": "",
      "Name": "背景角度"
    },
    {
      "Id": "BG_Size",
      "GroupId": "",
      "Name": "背景大小"
    },
    {
      "Id": "BG_X",
      "GroupId": "",
      "Name": "背景左右"
    },
    {
      "Id": "BG_Y",
      "GroupId": "",
      "Name": "背景上下"
    },
    {
      "Id": "bow10",
      "GroupId": "",
      "Name": "塔罗牌X"
    },
    {
      "Id": "bow11",
      "GroupId": "",
      "Name": "塔罗牌Y"
    },
    {
      "Id": "bow12",
      "GroupId": "",
      "Name": "信封X"
    },
    {
      "Id": "bow13",
      "GroupId": "",
      "Name": "信封Y"
    },
    {
      "Id": "bow14",
      "GroupId": "",
      "Name": "信封位置X"
    },
    {
      "Id": "bow15",
      "GroupId": "",
      "Name": "信封位置Y"
    },
    {
      "Id": "bow16",
      "GroupId": "",
      "Name": "信线位置X"
    },
    {
      "Id": "bow17",
      "GroupId": "",
      "Name": "信线位置Y"
    },
    {
      "Id": "bow18",
      "GroupId": "",
      "Name": "冰淇淋位置X"
    },
    {
      "Id": "bow19",
      "GroupId": "",
      "Name": "冰淇淋位置Y"
    },
    {
      "Id": "bow2",
      "GroupId": "",
      "Name": "勺子X"
    },
    {
      "Id": "bow3",
      "GroupId": "",
      "Name": "勺子Y"
    },
    {
      "Id": "bow5",
      "GroupId": "",
      "Name": "冰淇淋Y"
    },
    {
      "Id": "bow6",
      "GroupId": "",
      "Name": "勺子位置X"
    },
    {
      "Id": "bow7",
      "GroupId": "",
      "Name": "勺子位置Y"
    },
    {
      "Id": "bow8",
      "GroupId": "",
      "Name": "塔罗牌位置X"
    },
    {
      "Id": "bow9",
      "GroupId": "",
      "Name": "塔罗牌位置Y"
    },
    {
      "Id": "bow_1",
      "GroupId": "",
      "Name": "勺子Z"
    },
    {
      "Id": "bow_10",
      "GroupId": "",
      "Name": "手L袖子层级"
    },
    {
      "Id": "bow_11",
      "GroupId": "",
      "Name": "勺子_光"
    },
    {
      "Id": "bow_12",
      "GroupId": "",
      "Name": "勺子_光2"
    },
    {
      "Id": "bow_13",
      "GroupId": "",
      "Name": "勺子层级"
    },
    {
      "Id": "bow_14",
      "GroupId": "",
      "Name": "塔罗牌_01"
    },
    {
      "Id": "bow_15",
      "GroupId": "",
      "Name": "塔罗牌层级"
    },
    {
      "Id": "bow_16",
      "GroupId": "",
      "Name": "塔罗牌符文3"
    },
    {
      "Id": "bow_17",
      "GroupId": "",
      "Name": "信封Z"
    },
    {
      "Id": "bow_18",
      "GroupId": "",
      "Name": "信封01"
    },
    {
      "Id": "bow_19",
      "GroupId": "",
      "Name": "冰淇淋_调"
    },
    {
      "Id": "bow_2",
      "GroupId": "",
      "Name": "冰淇淋Z"
    },
    {
      "Id": "bow_20",
      "GroupId": "",
      "Name": "信封切换"
    },
    {
      "Id": "bow_21",
      "GroupId": "",
      "Name": "信线01"
    },
    {
      "Id": "bow_22",
      "GroupId": "",
      "Name": "草莓位置切换"
    },
    {
      "Id": "bow_23",
      "GroupId": "",
      "Name": "草莓Z"
    },
    {
      "Id": "bow_24",
      "GroupId": "",
      "Name": "手指到冰淇淋后"
    },
    {
      "Id": "bow_25",
      "GroupId": "",
      "Name": "鸡"
    },
    {
      "Id": "bow_26",
      "GroupId": "",
      "Name": "魔法"
    },
    {
      "Id": "bow_27",
      "GroupId": "",
      "Name": "勺子2_01"
    },
    {
      "Id": "bow_28",
      "GroupId": "",
      "Name": "勺子特效开关"
    },
    {
      "Id": "bow_29",
      "GroupId": "",
      "Name": "草莓位置切换"
    },
    {
      "Id": "bow_3",
      "GroupId": "",
      "Name": "塔罗牌Z"
    },
    {
      "Id": "bow_4",
      "GroupId": "",
      "Name": "塔罗牌大小"
    },
    {
      "Id": "bow_5",
      "GroupId": "",
      "Name": "塔罗牌符文1"
    },
    {
      "Id": "bow_6",
      "GroupId": "",
      "Name": "塔罗牌符文2"
    },
    {
      "Id": "bow_7",
      "GroupId": "",
      "Name": "勺子_01"
    },
    {
      "Id": "bow_8",
      "GroupId": "",
      "Name": "冰淇淋_01"
    },
    {
      "Id": "e11",
      "GroupId": "",
      "Name": "眼眶"
    },
    {
      "Id": "e2",
      "GroupId": "",
      "Name": "高光大小"
    },
    {
      "Id": "e3",
      "GroupId": "",
      "Name": "高光挤压"
    },
    {
      "Id": "e4",
      "GroupId": "",
      "Name": "高光上下"
    },
    {
      "Id": "e5",
      "GroupId": "",
      "Name": "瞳孔挤压"
    },
    {
      "Id": "e6",
      "GroupId": "",
      "Name": "瞳孔大小"
    },
    {
      "Id": "e7",
      "GroupId": "",
      "Name": "睫毛物理1"
    },
    {
      "Id": "e8",
      "GroupId": "",
      "Name": "睫毛物理2"
    },
    {
      "Id": "feiwenposui",
      "GroupId": "",
      "Name": "飞吻破碎"
    },
    {
      "Id": "FENG1",
      "GroupId": "",
      "Name": "风A"
    },
    {
      "Id": "FENG2",
      "GroupId": "",
      "Name": "风B"
    },
    {
      "Id": "FENG3",
      "GroupId": "",
      "Name": "风C"
    },
    {
      "Id": "jingyafuhao",
      "GroupId": "",
      "Name": "惊讶符号"
    },
    {
      "Id": "jingyafuhaoA",
      "GroupId": "",
      "Name": "惊讶符号A"
    },
    {
      "Id": "Limit_box",
      "GroupId": "",
      "Name": "镜头"
    },
    {
      "Id": "Limit_box2",
      "GroupId": "",
      "Name": "白屏透明度"
    },
    {
      "Id": "Limit_box3",
      "GroupId": "",
      "Name": "——————"
    },
    {
      "Id": "Limit_box4",
      "GroupId": "",
      "Name": "黑屏透明度"
    },
    {
      "Id": "man_Angle",
      "GroupId": "",
      "Name": "人角度"
    },
    {
      "Id": "man_Size",
      "GroupId": "",
      "Name": "人大小"
    },
    {
      "Id": "man_X",
      "GroupId": "",
      "Name": "人左右"
    },
    {
      "Id": "man_Y",
      "GroupId": "",
      "Name": "人上下"
    },
    {
      "Id": "MB_fenweiandu",
      "GroupId": "",
      "Name": "氛围暗度"
    },
    {
      "Id": "MB_fenweiliangdu",
      "GroupId": "",
      "Name": "氛围亮度"
    },
    {
      "Id": "MB_fenweiqiu1",
      "GroupId": "",
      "Name": "氛围球1"
    },
    {
      "Id": "MB_fenweiqiu2",
      "GroupId": "",
      "Name": "氛围球2"
    },
    {
      "Id": "MB_fenweiqiu3",
      "GroupId": "",
      "Name": "氛围球3"
    },
    {
      "Id": "MB_fenweiqiu4",
      "GroupId": "",
      "Name": "氛围球4"
    },
    {
      "Id": "MB_fenweiqiu5",
      "GroupId": "",
      "Name": "氛围球5"
    },
    {
      "Id": "MB_fenweiqiu6",
      "GroupId": "",
      "Name": "氛围球6"
    },
    {
      "Id": "MB_fenweiqiudaxiao",
      "GroupId": "",
      "Name": "氛围球大小"
    },
    {
      "Id": "MB_fenweiqiushangxia",
      "GroupId": "",
      "Name": "氛围球上下"
    },
    {
      "Id": "MB_fenweiTMD",
      "GroupId": "",
      "Name": "氛围透明度"
    },
    {
      "Id": "MB_shisuo",
      "GroupId": "",
      "Name": "无语"
    },
    {
      "Id": "MB_xingfengyaobai",
      "GroupId": "",
      "Name": "信封摇摆"
    },
    {
      "Id": "Param",
      "GroupId": "",
      "Name": "A1-右手TMD"
    },
    {
      "Id": "Param10",
      "GroupId": "",
      "Name": "草莓2 Y"
    },
    {
      "Id": "Param100",
      "GroupId": "",
      "Name": "左肩上下"
    },
    {
      "Id": "Param101",
      "GroupId": "",
      "Name": "放在外面的冰淇淋x"
    },
    {
      "Id": "Param102",
      "GroupId": "",
      "Name": "放在外面的冰淇淋z"
    },
    {
      "Id": "Param103",
      "GroupId": "",
      "Name": "左上腕の前后"
    },
    {
      "Id": "Param104",
      "GroupId": "",
      "Name": "胸部挤压"
    },
    {
      "Id": "Param105",
      "GroupId": "",
      "Name": "袖子_z2"
    },
    {
      "Id": "Param106",
      "GroupId": "",
      "Name": "袖子_z3"
    },
    {
      "Id": "Param107",
      "GroupId": "",
      "Name": "放在外面的冰淇淋大小"
    },
    {
      "Id": "Param108",
      "GroupId": "",
      "Name": "裙子放下"
    },
    {
      "Id": "Param109",
      "GroupId": "",
      "Name": "胸部挤压"
    },
    {
      "Id": "Param11",
      "GroupId": "",
      "Name": "草莓2 Z"
    },
    {
      "Id": "Param110",
      "GroupId": "",
      "Name": "裙子挤压"
    },
    {
      "Id": "Param111",
      "GroupId": "",
      "Name": "裙子挤压"
    },
    {
      "Id": "Param112",
      "GroupId": "",
      "Name": "手指冰淇淋"
    },
    {
      "Id": "Param113",
      "GroupId": "",
      "Name": "右黄鸡Y"
    },
    {
      "Id": "Param114",
      "GroupId": "",
      "Name": "右手臂层级"
    },
    {
      "Id": "Param115",
      "GroupId": "",
      "Name": "右下手臂层级"
    },
    {
      "Id": "Param116",
      "GroupId": "",
      "Name": "左手臂层级"
    },
    {
      "Id": "Param117",
      "GroupId": "",
      "Name": "冰淇淋光A"
    },
    {
      "Id": "Param118",
      "GroupId": "",
      "Name": "y手切换"
    },
    {
      "Id": "Param119",
      "GroupId": "",
      "Name": "冰淇淋光B"
    },
    {
      "Id": "Param12",
      "GroupId": "",
      "Name": "草莓2图层"
    },
    {
      "Id": "Param120",
      "GroupId": "",
      "Name": "冰淇淋光C"
    },
    {
      "Id": "Param121",
      "GroupId": "",
      "Name": "冰淇淋水滴A"
    },
    {
      "Id": "Param122",
      "GroupId": "",
      "Name": "冰淇淋水滴B"
    },
    {
      "Id": "Param123",
      "GroupId": "",
      "Name": "冰淇淋水滴C"
    },
    {
      "Id": "Param124",
      "GroupId": "",
      "Name": "冰淇淋水滴D"
    },
    {
      "Id": "Param125",
      "GroupId": "",
      "Name": "冰淇淋光g"
    },
    {
      "Id": "Param126",
      "GroupId": "",
      "Name": "冰淇淋光g2"
    },
    {
      "Id": "Param127",
      "GroupId": "",
      "Name": "奶油_1"
    },
    {
      "Id": "Param128",
      "GroupId": "",
      "Name": "奶油_2"
    },
    {
      "Id": "Param129",
      "GroupId": "",
      "Name": "右袖子型变"
    },
    {
      "Id": "Param13",
      "GroupId": "",
      "Name": "冰淇淋球2TMD"
    },
    {
      "Id": "Param130",
      "GroupId": "",
      "Name": "右黄鸡X"
    },
    {
      "Id": "Param131",
      "GroupId": "",
      "Name": "喂勺子手"
    },
    {
      "Id": "Param132",
      "GroupId": "",
      "Name": "袖子切换"
    },
    {
      "Id": "Param133",
      "GroupId": "",
      "Name": "冰淇淋奶油"
    },
    {
      "Id": "Param134",
      "GroupId": "",
      "Name": "右下手指层级"
    },
    {
      "Id": "Param135",
      "GroupId": "",
      "Name": "手指胸部X"
    },
    {
      "Id": "Param136",
      "GroupId": "",
      "Name": "杯角度"
    },
    {
      "Id": "Param137",
      "GroupId": "",
      "Name": "杯上下"
    },
    {
      "Id": "Param138",
      "GroupId": "",
      "Name": "泳圈鸡X"
    },
    {
      "Id": "Param139",
      "GroupId": "",
      "Name": "头花Z2"
    },
    {
      "Id": "Param14",
      "GroupId": "",
      "Name": "冰淇淋球2 X"
    },
    {
      "Id": "Param140",
      "GroupId": "",
      "Name": "头花Z2"
    },
    {
      "Id": "Param141",
      "GroupId": "",
      "Name": "头花Z3"
    },
    {
      "Id": "Param142",
      "GroupId": "",
      "Name": "头花Z2B"
    },
    {
      "Id": "Param143",
      "GroupId": "",
      "Name": "头花Z3B"
    },
    {
      "Id": "Param144",
      "GroupId": "",
      "Name": "泳圈鸡Y"
    },
    {
      "Id": "Param145",
      "GroupId": "",
      "Name": "泳圈鸡伸缩"
    },
    {
      "Id": "Param146",
      "GroupId": "",
      "Name": "泳圈鸡角度"
    },
    {
      "Id": "Param147",
      "GroupId": "",
      "Name": "底水面"
    },
    {
      "Id": "Param148",
      "GroupId": "",
      "Name": "水纹"
    },
    {
      "Id": "Param149",
      "GroupId": "",
      "Name": "栏杆水"
    },
    {
      "Id": "Param15",
      "GroupId": "",
      "Name": "冰淇淋球2 Y"
    },
    {
      "Id": "Param150",
      "GroupId": "",
      "Name": "沙发"
    },
    {
      "Id": "Param151",
      "GroupId": "",
      "Name": "泳圈鸡X"
    },
    {
      "Id": "Param152",
      "GroupId": "",
      "Name": "泳圈鸡Y"
    },
    {
      "Id": "Param153",
      "GroupId": "",
      "Name": "人椅X"
    },
    {
      "Id": "Param154",
      "GroupId": "",
      "Name": "人椅Y"
    },
    {
      "Id": "Param155",
      "GroupId": "",
      "Name": "鸡盘角度"
    },
    {
      "Id": "Param156",
      "GroupId": "",
      "Name": "鸡左眼"
    },
    {
      "Id": "Param157",
      "GroupId": "",
      "Name": "鸡右眼"
    },
    {
      "Id": "Param158",
      "GroupId": "",
      "Name": "鸡手角度"
    },
    {
      "Id": "Param159",
      "GroupId": "",
      "Name": "咬草莓"
    },
    {
      "Id": "Param16",
      "GroupId": "",
      "Name": "冰淇淋球2 Z"
    },
    {
      "Id": "Param160",
      "GroupId": "",
      "Name": "腿修正"
    },
    {
      "Id": "Param161",
      "GroupId": "",
      "Name": "风动A"
    },
    {
      "Id": "Param162",
      "GroupId": "",
      "Name": "风动B"
    },
    {
      "Id": "Param163",
      "GroupId": "",
      "Name": "风动C"
    },
    {
      "Id": "Param164",
      "GroupId": "",
      "Name": "魔法1"
    },
    {
      "Id": "Param165",
      "GroupId": "",
      "Name": "魔法1"
    },
    {
      "Id": "Param166",
      "GroupId": "",
      "Name": "袖子修正"
    },
    {
      "Id": "Param167",
      "GroupId": "",
      "Name": "左肩上下修正"
    },
    {
      "Id": "Param168",
      "GroupId": "",
      "Name": "裙子修正"
    },
    {
      "Id": "Param17",
      "GroupId": "",
      "Name": "草莓1TMD"
    },
    {
      "Id": "Param18",
      "GroupId": "",
      "Name": "首のＺ"
    },
    {
      "Id": "Param19",
      "GroupId": "",
      "Name": "袖子_z1"
    },
    {
      "Id": "Param2",
      "GroupId": "",
      "Name": "刘海L2"
    },
    {
      "Id": "Param20",
      "GroupId": "",
      "Name": "刘海L4"
    },
    {
      "Id": "Param21",
      "GroupId": "",
      "Name": "右脚の回転"
    },
    {
      "Id": "Param22",
      "GroupId": "",
      "Name": "左脚の回転"
    },
    {
      "Id": "Param23",
      "GroupId": "",
      "Name": "冰淇淋球1TMD"
    },
    {
      "Id": "Param24",
      "GroupId": "",
      "Name": "右足の回転"
    },
    {
      "Id": "Param25",
      "GroupId": "",
      "Name": "左足の回転"
    },
    {
      "Id": "Param26",
      "GroupId": "",
      "Name": "右膝下の回転"
    },
    {
      "Id": "Param27",
      "GroupId": "",
      "Name": "左膝下の回転"
    },
    {
      "Id": "Param28",
      "GroupId": "",
      "Name": "左上臂"
    },
    {
      "Id": "Param29",
      "GroupId": "",
      "Name": "R刘海2"
    },
    {
      "Id": "Param3",
      "GroupId": "",
      "Name": "刘海L3"
    },
    {
      "Id": "Param30",
      "GroupId": "",
      "Name": "R刘海3"
    },
    {
      "Id": "Param31",
      "GroupId": "",
      "Name": "左手"
    },
    {
      "Id": "Param32",
      "GroupId": "",
      "Name": "冰淇淋球1S"
    },
    {
      "Id": "Param33",
      "GroupId": "",
      "Name": "左下臂"
    },
    {
      "Id": "Param34",
      "GroupId": "",
      "Name": "右上臂"
    },
    {
      "Id": "Param35",
      "GroupId": "",
      "Name": "右下臂"
    },
    {
      "Id": "Param36",
      "GroupId": "",
      "Name": "右手"
    },
    {
      "Id": "Param37",
      "GroupId": "",
      "Name": "右上腕の伸縮"
    },
    {
      "Id": "Param38",
      "GroupId": "",
      "Name": "右腕の伸縮"
    },
    {
      "Id": "Param39",
      "GroupId": "",
      "Name": "R2刘海2"
    },
    {
      "Id": "Param4",
      "GroupId": "",
      "Name": "默认右手TMD"
    },
    {
      "Id": "Param40",
      "GroupId": "",
      "Name": "R2刘海3"
    },
    {
      "Id": "Param41",
      "GroupId": "",
      "Name": "右腕の前后"
    },
    {
      "Id": "Param42",
      "GroupId": "",
      "Name": "左上腕の伸縮"
    },
    {
      "Id": "Param43",
      "GroupId": "",
      "Name": "左腕の伸縮"
    },
    {
      "Id": "Param44",
      "GroupId": "",
      "Name": "————————"
    },
    {
      "Id": "Param45",
      "GroupId": "",
      "Name": "左腕の前后"
    },
    {
      "Id": "Param46",
      "GroupId": "",
      "Name": "右脚の伸缩"
    },
    {
      "Id": "Param47",
      "GroupId": "",
      "Name": "右膝下の伸缩"
    },
    {
      "Id": "Param48",
      "GroupId": "",
      "Name": "鸡左眼切换"
    },
    {
      "Id": "Param49",
      "GroupId": "",
      "Name": "左脚の伸缩"
    },
    {
      "Id": "Param5",
      "GroupId": "",
      "Name": "裙子掀起"
    },
    {
      "Id": "Param50",
      "GroupId": "",
      "Name": "R刘海4"
    },
    {
      "Id": "Param51",
      "GroupId": "",
      "Name": "左膝下の伸缩"
    },
    {
      "Id": "Param52",
      "GroupId": "",
      "Name": "左手X"
    },
    {
      "Id": "Param53",
      "GroupId": "",
      "Name": "鸡右眼切换"
    },
    {
      "Id": "Param54",
      "GroupId": "",
      "Name": "右上腕の前后"
    },
    {
      "Id": "Param55",
      "GroupId": "",
      "Name": "右指1"
    },
    {
      "Id": "Param56",
      "GroupId": "",
      "Name": "右指2"
    },
    {
      "Id": "Param57",
      "GroupId": "",
      "Name": "右指3"
    },
    {
      "Id": "Param58",
      "GroupId": "",
      "Name": "右指4"
    },
    {
      "Id": "Param59",
      "GroupId": "",
      "Name": "右指5"
    },
    {
      "Id": "Param6",
      "GroupId": "",
      "Name": "人物整体 Y"
    },
    {
      "Id": "Param60",
      "GroupId": "",
      "Name": "足变化"
    },
    {
      "Id": "Param61",
      "GroupId": "",
      "Name": "左指1"
    },
    {
      "Id": "Param62",
      "GroupId": "",
      "Name": "右手Y"
    },
    {
      "Id": "Param63",
      "GroupId": "",
      "Name": "人物左右"
    },
    {
      "Id": "Param64",
      "GroupId": "",
      "Name": "人物上下"
    },
    {
      "Id": "Param65",
      "GroupId": "",
      "Name": "人物回転"
    },
    {
      "Id": "Param66",
      "GroupId": "",
      "Name": "左指2"
    },
    {
      "Id": "Param67",
      "GroupId": "",
      "Name": "人物大小"
    },
    {
      "Id": "Param68",
      "GroupId": "",
      "Name": "右指1_2"
    },
    {
      "Id": "Param69",
      "GroupId": "",
      "Name": "身体 Y3"
    },
    {
      "Id": "Param7",
      "GroupId": "",
      "Name": "人物整体 Z"
    },
    {
      "Id": "Param70",
      "GroupId": "",
      "Name": "身体重心"
    },
    {
      "Id": "Param71",
      "GroupId": "",
      "Name": "右指2_2"
    },
    {
      "Id": "Param72",
      "GroupId": "",
      "Name": "右指3_2"
    },
    {
      "Id": "Param73",
      "GroupId": "",
      "Name": "右指4_2"
    },
    {
      "Id": "Param74",
      "GroupId": "",
      "Name": "右指5_2"
    },
    {
      "Id": "Param75",
      "GroupId": "",
      "Name": "左指1_2"
    },
    {
      "Id": "Param76",
      "GroupId": "",
      "Name": "左指2_2"
    },
    {
      "Id": "Param77",
      "GroupId": "",
      "Name": "左指3"
    },
    {
      "Id": "Param78",
      "GroupId": "",
      "Name": "左指3_2"
    },
    {
      "Id": "Param79",
      "GroupId": "",
      "Name": "左指4"
    },
    {
      "Id": "Param8",
      "GroupId": "",
      "Name": "草莓2TMD"
    },
    {
      "Id": "Param80",
      "GroupId": "",
      "Name": "左指4_2"
    },
    {
      "Id": "Param81",
      "GroupId": "",
      "Name": "左指5"
    },
    {
      "Id": "Param82",
      "GroupId": "",
      "Name": "左指5_2"
    },
    {
      "Id": "Param83",
      "GroupId": "",
      "Name": "右手X"
    },
    {
      "Id": "Param84",
      "GroupId": "",
      "Name": "————————"
    },
    {
      "Id": "Param85",
      "GroupId": "",
      "Name": "————————"
    },
    {
      "Id": "Param86",
      "GroupId": "",
      "Name": "————————"
    },
    {
      "Id": "Param87",
      "GroupId": "",
      "Name": "左黄鸡伸缩"
    },
    {
      "Id": "Param88",
      "GroupId": "",
      "Name": "左黄鸡角度"
    },
    {
      "Id": "Param89",
      "GroupId": "",
      "Name": "左黄鸡X"
    },
    {
      "Id": "Param9",
      "GroupId": "",
      "Name": "草莓2 X"
    },
    {
      "Id": "Param90",
      "GroupId": "",
      "Name": "————————"
    },
    {
      "Id": "Param91",
      "GroupId": "",
      "Name": "左黄鸡Y"
    },
    {
      "Id": "Param92",
      "GroupId": "",
      "Name": "————————"
    },
    {
      "Id": "Param93",
      "GroupId": "",
      "Name": "————————"
    },
    {
      "Id": "Param94",
      "GroupId": "",
      "Name": "————————"
    },
    {
      "Id": "Param95",
      "GroupId": "",
      "Name": "右黄鸡角度"
    },
    {
      "Id": "Param96",
      "GroupId": "",
      "Name": "右黄鸡伸缩"
    },
    {
      "Id": "Param97",
      "GroupId": "",
      "Name": "袖子_z2"
    },
    {
      "Id": "Param98",
      "GroupId": "",
      "Name": "放在外面的冰淇淋y"
    },
    {
      "Id": "Param99",
      "GroupId": "",
      "Name": "袖子_z3"
    },
    {
      "Id": "ParamA1zuoshoudonghua",
      "GroupId": "",
      "Name": "左手动画"
    },
    {
      "Id": "ParamA1zuoshoutuozhanxingbian",
      "GroupId": "",
      "Name": "拓展形变"
    },
    {
      "Id": "ParamA1zuoshouxingbian",
      "GroupId": "",
      "Name": "左手形变"
    },
    {
      "Id": "ParamAngleX",
      "GroupId": "",
      "Name": "角度 X"
    },
    {
      "Id": "ParamAngleY",
      "GroupId": "",
      "Name": "角度 Y"
    },
    {
      "Id": "ParamAngleZ",
      "GroupId": "",
      "Name": "角度 Z"
    },
    {
      "Id": "ParamBodyAngle2",
      "GroupId": "",
      "Name": "身体 Y1"
    },
    {
      "Id": "ParamBodyAngle3",
      "GroupId": "",
      "Name": "体の前后"
    },
    {
      "Id": "ParamBodyAngle4",
      "GroupId": "",
      "Name": "体のX"
    },
    {
      "Id": "ParamBodyAngleX",
      "GroupId": "",
      "Name": "体の回転　X"
    },
    {
      "Id": "ParamBodyAngleY",
      "GroupId": "",
      "Name": "身体 Y2"
    },
    {
      "Id": "ParamBodyAngleZ",
      "GroupId": "",
      "Name": "身体 Z1"
    },
    {
      "Id": "ParamBodyAngleZ2",
      "GroupId": "",
      "Name": "身体 Z2"
    },
    {
      "Id": "ParamBreath",
      "GroupId": "",
      "Name": "呼吸"
    },
    {
      "Id": "ParamBrowR1",
      "GroupId": "",
      "Name": "右眉　左右"
    },
    {
      "Id": "ParamBrowR2",
      "GroupId": "",
      "Name": "右眉　上下"
    },
    {
      "Id": "ParamBrowRAngle",
      "GroupId": "",
      "Name": "右眉　角度"
    },
    {
      "Id": "ParamBrowRForm",
      "GroupId": "",
      "Name": "右眉　変形"
    },
    {
      "Id": "ParamEyeBallX",
      "GroupId": "",
      "Name": "目玉 Ｘ"
    },
    {
      "Id": "ParamEyeBallY",
      "GroupId": "",
      "Name": "目玉 Y"
    },
    {
      "Id": "ParamEyeLOpen",
      "GroupId": "",
      "Name": "左目　開閉"
    },
    {
      "Id": "ParamEyeLSmile",
      "GroupId": "",
      "Name": "左目　微笑み"
    },
    {
      "Id": "ParamEyeROpen",
      "GroupId": "",
      "Name": "右目　開閉"
    },
    {
      "Id": "ParamEyeRSmile",
      "GroupId": "",
      "Name": "右目　微笑み"
    },
    {
      "Id": "ParamEyeRSmile10",
      "GroupId": "",
      "Name": "脸部红切换"
    },
    {
      "Id": "ParamEyeRSmile11",
      "GroupId": "",
      "Name": "奶油"
    },
    {
      "Id": "ParamEyeRSmile12",
      "GroupId": "",
      "Name": "汗_1"
    },
    {
      "Id": "ParamEyeRSmile13",
      "GroupId": "",
      "Name": "眼睛大小"
    },
    {
      "Id": "ParamEyeRSmile15",
      "GroupId": "",
      "Name": "口4舌头"
    },
    {
      "Id": "ParamEyeRSmile16",
      "GroupId": "",
      "Name": "奶油Z"
    },
    {
      "Id": "ParamEyeRSmile17",
      "GroupId": "",
      "Name": "脸部黑"
    },
    {
      "Id": "ParamEyeRSmile18",
      "GroupId": "",
      "Name": "符号待机"
    },
    {
      "Id": "ParamEyeRSmile19",
      "GroupId": "",
      "Name": "问号01"
    },
    {
      "Id": "ParamEyeRSmile2",
      "GroupId": "",
      "Name": "口开关"
    },
    {
      "Id": "ParamEyeRSmile20",
      "GroupId": "",
      "Name": "感叹号"
    },
    {
      "Id": "ParamEyeRSmile21",
      "GroupId": "",
      "Name": "生气"
    },
    {
      "Id": "ParamEyeRSmile22",
      "GroupId": "",
      "Name": "爱心"
    },
    {
      "Id": "ParamEyeRSmile23",
      "GroupId": "",
      "Name": "星星"
    },
    {
      "Id": "ParamEyeRSmile24",
      "GroupId": "",
      "Name": "激动"
    },
    {
      "Id": "ParamEyeRSmile25",
      "GroupId": "",
      "Name": "晕晕"
    },
    {
      "Id": "ParamEyeRSmile26",
      "GroupId": "",
      "Name": "呆"
    },
    {
      "Id": "ParamEyeRSmile27",
      "GroupId": "",
      "Name": "舌头上下"
    },
    {
      "Id": "ParamEyeRSmile28",
      "GroupId": "",
      "Name": "舌头01"
    },
    {
      "Id": "ParamEyeRSmile29",
      "GroupId": "",
      "Name": "舌头冰淇淋01"
    },
    {
      "Id": "ParamEyeRSmile3",
      "GroupId": "",
      "Name": "口大小"
    },
    {
      "Id": "ParamEyeRSmile4",
      "GroupId": "",
      "Name": "口变形"
    },
    {
      "Id": "ParamEyeRSmile6",
      "GroupId": "",
      "Name": "口x"
    },
    {
      "Id": "ParamEyeRSmile7",
      "GroupId": "",
      "Name": "口y"
    },
    {
      "Id": "ParamEyeRSmile8",
      "GroupId": "",
      "Name": "口角"
    },
    {
      "Id": "ParamEyeRSmile9",
      "GroupId": "",
      "Name": "口切换"
    },
    {
      "Id": "ParamHairFront",
      "GroupId": "",
      "Name": "刘海L1"
    },
    {
      "Id": "ParamHairFront10",
      "GroupId": "",
      "Name": "头花Z1"
    },
    {
      "Id": "ParamHairFront11",
      "GroupId": "",
      "Name": "头花Z1"
    },
    {
      "Id": "ParamHairFront12",
      "GroupId": "",
      "Name": "头花Z1B"
    },
    {
      "Id": "ParamHairFront24",
      "GroupId": "",
      "Name": "R_1"
    },
    {
      "Id": "ParamHairFront25",
      "GroupId": "",
      "Name": "R_2"
    },
    {
      "Id": "ParamHairFront26",
      "GroupId": "",
      "Name": "R_3"
    },
    {
      "Id": "ParamHairFront27",
      "GroupId": "",
      "Name": "R_4"
    },
    {
      "Id": "ParamHairFront28",
      "GroupId": "",
      "Name": "M_1"
    },
    {
      "Id": "ParamHairFront29",
      "GroupId": "",
      "Name": "M_2"
    },
    {
      "Id": "ParamHairFront30",
      "GroupId": "",
      "Name": "M_3"
    },
    {
      "Id": "ParamHairFront31",
      "GroupId": "",
      "Name": "后发z1"
    },
    {
      "Id": "ParamHairFront32",
      "GroupId": "",
      "Name": "后发z2"
    },
    {
      "Id": "ParamHairFront33",
      "GroupId": "",
      "Name": "后发z3"
    },
    {
      "Id": "ParamHairFront34",
      "GroupId": "",
      "Name": "后发z4"
    },
    {
      "Id": "ParamHairFront37",
      "GroupId": "",
      "Name": "后发z1"
    },
    {
      "Id": "ParamHairFront38",
      "GroupId": "",
      "Name": "后发z2"
    },
    {
      "Id": "ParamHairFront39",
      "GroupId": "",
      "Name": "后发z3"
    },
    {
      "Id": "ParamHairFront40",
      "GroupId": "",
      "Name": "后发z4"
    },
    {
      "Id": "ParamHairFront58",
      "GroupId": "",
      "Name": "裙子链_z1"
    },
    {
      "Id": "ParamHairFront59",
      "GroupId": "",
      "Name": "裙子链_z2"
    },
    {
      "Id": "ParamHairFront60",
      "GroupId": "",
      "Name": "裙子链_z3"
    },
    {
      "Id": "ParamHairFront62",
      "GroupId": "",
      "Name": "外套Z1"
    },
    {
      "Id": "ParamHairFront63",
      "GroupId": "",
      "Name": "外套Z2"
    },
    {
      "Id": "ParamHairFront65",
      "GroupId": "",
      "Name": "bra_x1"
    },
    {
      "Id": "ParamHairFront66",
      "GroupId": "",
      "Name": "bra_x2"
    },
    {
      "Id": "ParamHairFront67",
      "GroupId": "",
      "Name": "bra_y1"
    },
    {
      "Id": "ParamHairFront68",
      "GroupId": "",
      "Name": "bra_y2"
    },
    {
      "Id": "ParamHairFront69",
      "GroupId": "",
      "Name": "bra_x3"
    },
    {
      "Id": "ParamHairFront7",
      "GroupId": "",
      "Name": "R刘海1"
    },
    {
      "Id": "ParamHairFront70",
      "GroupId": "",
      "Name": "外套Z1"
    },
    {
      "Id": "ParamHairFront71",
      "GroupId": "",
      "Name": "外套Z2"
    },
    {
      "Id": "ParamHairFront72",
      "GroupId": "",
      "Name": "大腿物理1"
    },
    {
      "Id": "ParamHairFront73",
      "GroupId": "",
      "Name": "大腿物理2"
    },
    {
      "Id": "ParamHairFront76",
      "GroupId": "",
      "Name": "冰淇淋物理1"
    },
    {
      "Id": "ParamHairFront77",
      "GroupId": "",
      "Name": "冰淇淋物理2"
    },
    {
      "Id": "ParamHairFront8",
      "GroupId": "",
      "Name": "R2刘海1"
    },
    {
      "Id": "Paramjtou",
      "GroupId": "",
      "Name": "声音1"
    },
    {
      "Id": "Paramjtou2",
      "GroupId": "",
      "Name": "声音2"
    },
    {
      "Id": "Paramjtou3",
      "GroupId": "",
      "Name": "播放REC"
    },
    {
      "Id": "Paramring",
      "GroupId": "",
      "Name": "戒指"
    },
    {
      "Id": "Paramtouch_idle1",
      "GroupId": "",
      "Name": "Paramtouch_idle1"
    },
    {
      "Id": "Paramtouch_idle2",
      "GroupId": "",
      "Name": "Paramtouch_idle2"
    },
    {
      "Id": "Param_Angle_Rotation_1_ArtMesh497",
      "GroupId": "",
      "Name": "[0]信封底图"
    },
    {
      "Id": "Param_Angle_Rotation_1_jidaimao",
      "GroupId": "",
      "Name": "[0]jidaimao"
    },
    {
      "Id": "Param_Angle_Rotation_1_xiaojidaimao",
      "GroupId": "",
      "Name": "[0]xiaojidaimao"
    },
    {
      "Id": "Param_Angle_Rotation_1_yqjidaimao",
      "GroupId": "",
      "Name": "[0]yqjidaimao"
    },
    {
      "Id": "Param_Angle_Rotation_2_ArtMesh497",
      "GroupId": "",
      "Name": "[1]信封底图"
    },
    {
      "Id": "Param_Angle_Rotation_2_jidaimao",
      "GroupId": "",
      "Name": "[1]jidaimao"
    },
    {
      "Id": "Param_Angle_Rotation_2_xiaojidaimao",
      "GroupId": "",
      "Name": "[1]xiaojidaimao"
    },
    {
      "Id": "Param_Angle_Rotation_2_yqjidaimao",
      "GroupId": "",
      "Name": "[1]yqjidaimao"
    },
    {
      "Id": "Param_Angle_Rotation_3_ArtMesh497",
      "GroupId": "",
      "Name": "[2]信封底图"
    },
    {
      "Id": "Param_Angle_Rotation_3_jidaimao",
      "GroupId": "",
      "Name": "[2]jidaimao"
    },
    {
      "Id": "Param_Angle_Rotation_3_xiaojidaimao",
      "GroupId": "",
      "Name": "[2]xiaojidaimao"
    },
    {
      "Id": "Param_Angle_Rotation_3_yqjidaimao",
      "GroupId": "",
      "Name": "[2]yqjidaimao"
    },
    {
      "Id": "Param_Angle_Rotation_4_ArtMesh497",
      "GroupId": "",
      "Name": "[3]信封底图"
    },
    {
      "Id": "Param_Angle_Rotation_4_jidaimao",
      "GroupId": "",
      "Name": "[3]jidaimao"
    },
    {
      "Id": "Param_Angle_Rotation_4_xiaojidaimao",
      "GroupId": "",
      "Name": "[3]xiaojidaimao"
    },
    {
      "Id": "Param_Angle_Rotation_4_yqjidaimao",
      "GroupId": "",
      "Name": "[3]yqjidaimao"
    },
    {
      "Id": "Param_Angle_Rotation_5_ArtMesh497",
      "GroupId": "",
      "Name": "[4]信封底图"
    },
    {
      "Id": "Param_Angle_Rotation_5_xiaojidaimao",
      "GroupId": "",
      "Name": "[4]xiaojidaimao"
    },
    {
      "Id": "Param_Angle_Rotation_5_yqjidaimao",
      "GroupId": "",
      "Name": "[4]yqjidaimao"
    },
    {
      "Id": "Param_Angle_Rotation_6_ArtMesh497",
      "GroupId": "",
      "Name": "[5]信封底图"
    },
    {
      "Id": "Param_Angle_Rotation_7_ArtMesh497",
      "GroupId": "",
      "Name": "[6]信封底图"
    },
    {
      "Id": "touch_drag1",
      "GroupId": "",
      "Name": "touch_drag1"
    },
    {
      "Id": "touch_drag2",
      "GroupId": "",
      "Name": "touch_drag2"
    },
    {
      "Id": "yb10",
      "GroupId": "",
      "Name": "太阳光"
    },
    {
      "Id": "yongquanshui",
      "GroupId": "",
      "Name": "泳圈水a"
    },
    {
      "Id": "yongquanshui2",
      "GroupId": "",
      "Name": "泳圈水b"
    },
    {
      "Id": "youtuituceng",
      "GroupId": "",
      "Name": "右腿图层"
    }
  ],
  "ParameterGroups": [],
  "Parts": [
    {
      "Id": "ArtMesh497_Skinning",
      "Name": "沙发"
    },
    {
      "Id": "jidaimao_Skinning",
      "Name": "手_R6_耶"
    },
    {
      "Id": "MBWJJ_beijingandu",
      "Name": "手_RF5_抚胸"
    },
    {
      "Id": "MBWJJ_beijingliangdu",
      "Name": "手臂_RF_抚胸"
    },
    {
      "Id": "MBWJJ_fenweiqiuHONG",
      "Name": "手_RF2_抚胸"
    },
    {
      "Id": "MBWJJ_fenweiqiuLAN",
      "Name": "手_RF4_抚胸"
    },
    {
      "Id": "MBWJJ_fenweiqiuLU",
      "Name": "手_RF3_抚胸"
    },
    {
      "Id": "MBWJJ_fenweiqiuSCBC",
      "Name": "风A"
    },
    {
      "Id": "MBWJJ_NSFW",
      "Name": "信封底图(蒙皮)"
    },
    {
      "Id": "MBWJJ_NSFWBG",
      "Name": "人物影_R"
    },
    {
      "Id": "Part",
      "Name": "镜头"
    },
    {
      "Id": "Part10",
      "Name": "袖子R"
    },
    {
      "Id": "Part11",
      "Name": "吃冰淇淋的手"
    },
    {
      "Id": "Part12",
      "Name": "补"
    },
    {
      "Id": "Part13",
      "Name": "信封底图(旋转)"
    },
    {
      "Id": "Part14",
      "Name": "手_R_耶"
    },
    {
      "Id": "Part148",
      "Name": "手臂RF"
    },
    {
      "Id": "Part149",
      "Name": "辫子RD"
    },
    {
      "Id": "Part15",
      "Name": "手_R_抚胸"
    },
    {
      "Id": "Part150",
      "Name": "勺子"
    },
    {
      "Id": "Part151",
      "Name": "内衣"
    },
    {
      "Id": "Part152",
      "Name": "手_R5_耶"
    },
    {
      "Id": "Part153",
      "Name": "领子F"
    },
    {
      "Id": "Part154",
      "Name": "领子"
    },
    {
      "Id": "Part155",
      "Name": "袖子M"
    },
    {
      "Id": "Part156",
      "Name": "冰淇淋45_D"
    },
    {
      "Id": "Part157",
      "Name": "人物影"
    },
    {
      "Id": "Part158",
      "Name": "手指R4"
    },
    {
      "Id": "Part159",
      "Name": "手臂L"
    },
    {
      "Id": "Part160",
      "Name": "手指R5"
    },
    {
      "Id": "Part161",
      "Name": "手臂RD"
    },
    {
      "Id": "Part162",
      "Name": "手臂_RF_耶"
    },
    {
      "Id": "Part17",
      "Name": "手_R_腿"
    },
    {
      "Id": "Part18",
      "Name": "手_R_喂"
    },
    {
      "Id": "Part186",
      "Name": "辫子L"
    },
    {
      "Id": "Part187",
      "Name": "手指R3"
    },
    {
      "Id": "Part188",
      "Name": "手_RF6_抚胸"
    },
    {
      "Id": "Part19",
      "Name": "手_R_吃"
    },
    {
      "Id": "Part2",
      "Name": "Main"
    },
    {
      "Id": "Part20",
      "Name": "暖色氛围"
    },
    {
      "Id": "Part21",
      "Name": "舌头"
    },
    {
      "Id": "Part22",
      "Name": "头花"
    },
    {
      "Id": "Part23",
      "Name": "汗"
    },
    {
      "Id": "Part237",
      "Name": "奶油头"
    },
    {
      "Id": "Part24",
      "Name": "脸部线"
    },
    {
      "Id": "Part25",
      "Name": "脸部S"
    },
    {
      "Id": "Part26",
      "Name": "眉毛D"
    },
    {
      "Id": "Part27",
      "Name": "前发s"
    },
    {
      "Id": "Part28",
      "Name": "头花S"
    },
    {
      "Id": "Part29",
      "Name": "背景"
    },
    {
      "Id": "Part3",
      "Name": "躯干"
    },
    {
      "Id": "Part30",
      "Name": "帽子F"
    },
    {
      "Id": "Part304",
      "Name": "风"
    },
    {
      "Id": "Part31",
      "Name": "表情参考"
    },
    {
      "Id": "Part310",
      "Name": "人物影_L"
    },
    {
      "Id": "Part313",
      "Name": "袖子RD"
    },
    {
      "Id": "Part314",
      "Name": "手臂R"
    },
    {
      "Id": "Part32",
      "Name": "风B"
    },
    {
      "Id": "Part33",
      "Name": "风C"
    },
    {
      "Id": "Part34",
      "Name": "泳圈水花"
    },
    {
      "Id": "Part35",
      "Name": "小鸡"
    },
    {
      "Id": "Part36",
      "Name": "黄鸡"
    },
    {
      "Id": "Part37",
      "Name": "黄鸡"
    },
    {
      "Id": "Part38",
      "Name": "眉毛F"
    },
    {
      "Id": "Part39",
      "Name": "前发R"
    },
    {
      "Id": "Part4",
      "Name": "手LF4"
    },
    {
      "Id": "Part40",
      "Name": "耳朵"
    },
    {
      "Id": "Part41",
      "Name": "眼睛R4"
    },
    {
      "Id": "Part42",
      "Name": "前发MF"
    },
    {
      "Id": "Part43",
      "Name": "前发L"
    },
    {
      "Id": "Part44",
      "Name": "眉毛"
    },
    {
      "Id": "Part45",
      "Name": "默认睁眼"
    },
    {
      "Id": "Part46",
      "Name": "眉毛D4"
    },
    {
      "Id": "Part47",
      "Name": "脸部红1"
    },
    {
      "Id": "Part48",
      "Name": "口参考"
    },
    {
      "Id": "Part49",
      "Name": "复制手"
    },
    {
      "Id": "Part5",
      "Name": "手LD_4"
    },
    {
      "Id": "Part50",
      "Name": "口4"
    },
    {
      "Id": "Part51",
      "Name": "口2默认"
    },
    {
      "Id": "Part52",
      "Name": "口开默认"
    },
    {
      "Id": "Part53",
      "Name": "口腔"
    },
    {
      "Id": "Part54",
      "Name": "鼻子"
    },
    {
      "Id": "Part55",
      "Name": "脸部红默认"
    },
    {
      "Id": "Part56",
      "Name": "A1-左手"
    },
    {
      "Id": "Part57",
      "Name": "手指R1"
    },
    {
      "Id": "Part58",
      "Name": "耶"
    },
    {
      "Id": "Part59",
      "Name": "手指R2"
    },
    {
      "Id": "Part6",
      "Name": "手LF5"
    },
    {
      "Id": "Part60",
      "Name": "头"
    },
    {
      "Id": "Part61",
      "Name": "脸部"
    },
    {
      "Id": "Part62",
      "Name": "前发MD"
    },
    {
      "Id": "Part63",
      "Name": "胸部R"
    },
    {
      "Id": "Part64",
      "Name": "领子D"
    },
    {
      "Id": "Part65",
      "Name": "奶油"
    },
    {
      "Id": "Part66",
      "Name": "胸部L"
    },
    {
      "Id": "Part67",
      "Name": "腰带"
    },
    {
      "Id": "Part68",
      "Name": "身体F"
    },
    {
      "Id": "Part69",
      "Name": "脖子"
    },
    {
      "Id": "Part7",
      "Name": "手LF6"
    },
    {
      "Id": "Part70",
      "Name": "下半身"
    },
    {
      "Id": "Part71",
      "Name": "裙子"
    },
    {
      "Id": "Part72",
      "Name": "腿R_B"
    },
    {
      "Id": "Part73",
      "Name": "腿R"
    },
    {
      "Id": "Part74",
      "Name": "裙子D"
    },
    {
      "Id": "Part75",
      "Name": "[ 参考图 ]"
    },
    {
      "Id": "Part76",
      "Name": "手臂L"
    },
    {
      "Id": "Part77",
      "Name": "手_R2_耶"
    },
    {
      "Id": "Part78",
      "Name": "腿L"
    },
    {
      "Id": "Part79",
      "Name": "手_R1_耶"
    },
    {
      "Id": "Part8",
      "Name": "塔罗牌"
    },
    {
      "Id": "Part80",
      "Name": "裙子DD"
    },
    {
      "Id": "Part81",
      "Name": "袖子F"
    },
    {
      "Id": "Part82",
      "Name": "腿L_B"
    },
    {
      "Id": "Part83",
      "Name": "手LF1"
    },
    {
      "Id": "Part84",
      "Name": "手LF2"
    },
    {
      "Id": "Part85",
      "Name": "手LF3"
    },
    {
      "Id": "Part86",
      "Name": "手臂RF"
    },
    {
      "Id": "Part87",
      "Name": "袖子RS"
    },
    {
      "Id": "Part88",
      "Name": "辫子L"
    },
    {
      "Id": "Part89",
      "Name": "辫子R"
    },
    {
      "Id": "Part9",
      "Name": "y手"
    },
    {
      "Id": "Part90",
      "Name": "帽子D"
    },
    {
      "Id": "Part91",
      "Name": "后发扎"
    },
    {
      "Id": "Part92",
      "Name": "人物"
    },
    {
      "Id": "Part93",
      "Name": "信封"
    },
    {
      "Id": "Part94",
      "Name": "放在外面的冰淇淋"
    },
    {
      "Id": "Part95",
      "Name": "光"
    },
    {
      "Id": "Part96",
      "Name": "台阶"
    },
    {
      "Id": "Part97",
      "Name": "背景"
    },
    {
      "Id": "Part98",
      "Name": "手臂_RD_耶"
    },
    {
      "Id": "Part99",
      "Name": "手LD_3"
    },
    {
      "Id": "xiaojidaimao_Skinning",
      "Name": "手_R4_耶"
    },
    {
      "Id": "yqjidaimao_Skinning",
      "Name": "手_R3_耶"
    }
  ]
}