{
  "Version": 3,
  "Meta": {
    "PhysicsSettingCount": 26,
    "TotalInputCount": 91,
    "TotalOutputCount": 127,
    "VertexCount": 178,
    "EffectiveForces": {
      "Gravity": {
        "X": 0,
        "Y": -1
      },
      "Wind": {
        "X": 0,
        "Y": 0
      }
    },
    "PhysicsDictionary": [
      {
        "Id": "PhysicsSetting1",
        "Name": "Dummy1"
      },
      {
        "Id": "PhysicsSetting2",
        "Name": "Dummy2"
      },
      {
        "Id": "PhysicsSetting3",
        "Name": "Dummy3"
      },
      {
        "Id": "PhysicsSetting4",
        "Name": "Dummy4"
      },
      {
        "Id": "PhysicsSetting5",
        "Name": "Dummy5"
      },
      {
        "Id": "PhysicsSetting6",
        "Name": "Dummy6"
      },
      {
        "Id": "PhysicsSetting7",
        "Name": "Dummy7"
      },
      {
        "Id": "PhysicsSetting8",
        "Name": "Dummy8"
      },
      {
        "Id": "PhysicsSetting9",
        "Name": "Dummy9"
      },
      {
        "Id": "PhysicsSetting10",
        "Name": "Dummy10"
      },
      {
        "Id": "PhysicsSetting11",
        "Name": "Dummy11"
      },
      {
        "Id": "PhysicsSetting12",
        "Name": "Dummy12"
      },
      {
        "Id": "PhysicsSetting13",
        "Name": "Dummy13"
      },
      {
        "Id": "PhysicsSetting14",
        "Name": "Dummy14"
      },
      {
        "Id": "PhysicsSetting15",
        "Name": "Dummy15"
      },
      {
        "Id": "PhysicsSetting16",
        "Name": "Dummy16"
      },
      {
        "Id": "PhysicsSetting17",
        "Name": "Dummy17"
      },
      {
        "Id": "PhysicsSetting18",
        "Name": "Dummy18"
      },
      {
        "Id": "PhysicsSetting19",
        "Name": "Dummy19"
      },
      {
        "Id": "PhysicsSetting20",
        "Name": "Dummy20"
      },
      {
        "Id": "PhysicsSetting21",
        "Name": "Dummy21"
      },
      {
        "Id": "PhysicsSetting22",
        "Name": "Dummy22"
      },
      {
        "Id": "PhysicsSetting23",
        "Name": "Dummy23"
      },
      {
        "Id": "PhysicsSetting24",
        "Name": "Dummy24"
      },
      {
        "Id": "PhysicsSetting25",
        "Name": "Dummy25"
      },
      {
        "Id": "PhysicsSetting26",
        "Name": "Dummy26"
      }
    ]
  },
  "PhysicsSettings": [
    {
      "Id": "PhysicsSetting1",
      "Input": [
        {
          "Source": {
            "Target": "Parameter",
            "Id": "Param20"
          },
          "Weight": 100,
          "Type": "X",
          "Reflect": false
        }
      ],
      "Output": [
        {
          "Destination": {
            "Target": "Parameter",
            "Id": "Param21"
          },
          "VertexIndex": 2,
          "Scale": 0.5,
          "Weight": 100,
          "Type": "Angle",
          "Reflect": false
        },
        {
          "Destination": {
            "Target": "Parameter",
            "Id": "Param22"
          },
          "VertexIndex": 3,
          "Scale": 0.5,
          "Weight": 100,
          "Type": "Angle",
          "Reflect": false
        },
        {
          "Destination": {
            "Target": "Parameter",
            "Id": "Param23"
          },
          "VertexIndex": 2,
          "Scale": 0.5,
          "Weight": 100,
          "Type": "Angle",
          "Reflect": false
        },
        {
          "Destination": {
            "Target": "Parameter",
            "Id": "Param24"
          },
          "VertexIndex": 3,
          "Scale": 0.5,
          "Weight": 100,
          "Type": "Angle",
          "Reflect": false
        },
        {
          "Destination": {
            "Target": "Parameter",
            "Id": "Param25"
          },
          "VertexIndex": 1,
          "Scale": 0.5,
          "Weight": 100,
          "Type": "Angle",
          "Reflect": false
        },
        {
          "Destination": {
            "Target": "Parameter",
            "Id": "Param27"
          },
          "VertexIndex": 2,
          "Scale": 0.5,
          "Weight": 100,
          "Type": "Angle",
          "Reflect": false
        }
      ],
      "Vertices": [
        {
          "Position": {
            "X": 0,
            "Y": 0
          },
          "Mobility": 0.7,
          "Delay": 0.8,
          "Acceleration": 1,
          "Radius": 5
        },
        {
          "Position": {
            "X": 0,
            "Y": 5
          },
          "Mobility": 0.7,
          "Delay": 0.8,
          "Acceleration": 1.5,
          "Radius": 5
        },
        {
          "Position": {
            "X": 0,
            "Y": 10
          },
          "Mobility": 0.7,
          "Delay": 0.8,
          "Acceleration": 1,
          "Radius": 5
        },
        {
          "Position": {
            "X": 0,
            "Y": 15
          },
          "Mobility": 0.7,
          "Delay": 0.8,
          "Acceleration": 1,
          "Radius": 5
        },
        {
          "Position": {
            "X": 0,
            "Y": 20
          },
          "Mobility": 0.7,
          "Delay": 0.8,
          "Acceleration": 1,
          "Radius": 5
        },
        {
          "Position": {
            "X": 0,
            "Y": 25
          },
          "Mobility": 0.7,
          "Delay": 0.8,
          "Acceleration": 1,
          "Radius": 5
        },
        {
          "Position": {
            "X": 0,
            "Y": 30
          },
          "Mobility": 0.7,
          "Delay": 0.8,
          "Acceleration": 1,
          "Radius": 5
        },
        {
          "Position": {
            "X": 0,
            "Y": 35
          },
          "Mobility": 0.7,
          "Delay": 0.8,
          "Acceleration": 1,
          "Radius": 5
        },
        {
          "Position": {
            "X": 0,
            "Y": 40
          },
          "Mobility": 0.7,
          "Delay": 0.8,
          "Acceleration": 1,
          "Radius": 5
        },
        {
          "Position": {
            "X": 0,
            "Y": 45
          },
          "Mobility": 0.7,
          "Delay": 0.8,
          "Acceleration": 1,
          "Radius": 5
        }
      ],
      "Normalization": {
        "Position": {
          "Minimum": -10,
          "Default": 0,
          "Maximum": 10
        },
        "Angle": {
          "Minimum": -10,
          "Default": 0,
          "Maximum": 10
        }
      }
    },
    {
      "Id": "PhysicsSetting2",
      "Input": [
        {
          "Source": {
            "Target": "Parameter",
            "Id": "ParamAngleX"
          },
          "Weight": 25,
          "Type": "X",
          "Reflect": false
        },
        {
          "Source": {
            "Target": "Parameter",
            "Id": "ParamAngleY"
          },
          "Weight": 25,
          "Type": "X",
          "Reflect": false
        },
        {
          "Source": {
            "Target": "Parameter",
            "Id": "Hair_physics"
          },
          "Weight": 0,
          "Type": "X",
          "Reflect": false
        },
        {
          "Source": {
            "Target": "Parameter",
            "Id": "OP_physics"
          },
          "Weight": 0,
          "Type": "X",
          "Reflect": false
        },
        {
          "Source": {
            "Target": "Parameter",
            "Id": "Clothes_physics"
          },
          "Weight": 0,
          "Type": "X",
          "Reflect": false
        }
      ],
      "Output": [
        {
          "Destination": {
            "Target": "Parameter",
            "Id": "lose_physics_1"
          },
          "VertexIndex": 1,
          "Scale": 1,
          "Weight": 100,
          "Type": "Angle",
          "Reflect": false
        },
        {
          "Destination": {
            "Target": "Parameter",
            "Id": "lose_physics_2"
          },
          "VertexIndex": 2,
          "Scale": 1,
          "Weight": 100,
          "Type": "Angle",
          "Reflect": false
        },
        {
          "Destination": {
            "Target": "Parameter",
            "Id": "lose_physics_3"
          },
          "VertexIndex": 3,
          "Scale": 1,
          "Weight": 100,
          "Type": "Angle",
          "Reflect": false
        },
        {
          "Destination": {
            "Target": "Parameter",
            "Id": "lose_physics_4"
          },
          "VertexIndex": 4,
          "Scale": 1,
          "Weight": 100,
          "Type": "Angle",
          "Reflect": false
        },
        {
          "Destination": {
            "Target": "Parameter",
            "Id": "lose_physics_5"
          },
          "VertexIndex": 5,
          "Scale": 1,
          "Weight": 100,
          "Type": "Angle",
          "Reflect": false
        },
        {
          "Destination": {
            "Target": "Parameter",
            "Id": "lose_physics_6"
          },
          "VertexIndex": 6,
          "Scale": 1,
          "Weight": 100,
          "Type": "Angle",
          "Reflect": false
        }
      ],
      "Vertices": [
        {
          "Position": {
            "X": 0,
            "Y": 0
          },
          "Mobility": 0.9,
          "Delay": 0.8,
          "Acceleration": 1,
          "Radius": 5
        },
        {
          "Position": {
            "X": 0,
            "Y": 5
          },
          "Mobility": 0.9,
          "Delay": 0.8,
          "Acceleration": 1,
          "Radius": 5
        },
        {
          "Position": {
            "X": 0,
            "Y": 10
          },
          "Mobility": 0.9,
          "Delay": 0.8,
          "Acceleration": 1,
          "Radius": 5
        },
        {
          "Position": {
            "X": 0,
            "Y": 15
          },
          "Mobility": 0.9,
          "Delay": 0.8,
          "Acceleration": 1,
          "Radius": 5
        },
        {
          "Position": {
            "X": 0,
            "Y": 20
          },
          "Mobility": 0.9,
          "Delay": 0.8,
          "Acceleration": 1,
          "Radius": 5
        },
        {
          "Position": {
            "X": 0,
            "Y": 25
          },
          "Mobility": 0.9,
          "Delay": 0.8,
          "Acceleration": 1,
          "Radius": 5
        },
        {
          "Position": {
            "X": 0,
            "Y": 30
          },
          "Mobility": 0.9,
          "Delay": 0.8,
          "Acceleration": 1,
          "Radius": 5
        },
        {
          "Position": {
            "X": 0,
            "Y": 35
          },
          "Mobility": 0.9,
          "Delay": 0.8,
          "Acceleration": 1,
          "Radius": 5
        },
        {
          "Position": {
            "X": 0,
            "Y": 40
          },
          "Mobility": 0.9,
          "Delay": 0.8,
          "Acceleration": 1,
          "Radius": 5
        }
      ],
      "Normalization": {
        "Position": {
          "Minimum": -10,
          "Default": 0,
          "Maximum": 10
        },
        "Angle": {
          "Minimum": -10,
          "Default": 0,
          "Maximum": 10
        }
      }
    },
    {
      "Id": "PhysicsSetting3",
      "Input": [
        {
          "Source": {
            "Target": "Parameter",
            "Id": "ParamAngleX"
          },
          "Weight": 25,
          "Type": "X",
          "Reflect": false
        },
        {
          "Source": {
            "Target": "Parameter",
            "Id": "ParamAngleY"
          },
          "Weight": 25,
          "Type": "X",
          "Reflect": false
        },
        {
          "Source": {
            "Target": "Parameter",
            "Id": "Hair_physics"
          },
          "Weight": 0,
          "Type": "X",
          "Reflect": false
        },
        {
          "Source": {
            "Target": "Parameter",
            "Id": "OP_physics"
          },
          "Weight": 0,
          "Type": "X",
          "Reflect": false
        },
        {
          "Source": {
            "Target": "Parameter",
            "Id": "Clothes_physics"
          },
          "Weight": 0,
          "Type": "X",
          "Reflect": false
        }
      ],
      "Output": [
        {
          "Destination": {
            "Target": "Parameter",
            "Id": "youxiabixuanzhuan"
          },
          "VertexIndex": 1,
          "Scale": 1,
          "Weight": 100,
          "Type": "Angle",
          "Reflect": false
        },
        {
          "Destination": {
            "Target": "Parameter",
            "Id": "youshouxuanzhuan"
          },
          "VertexIndex": 2,
          "Scale": 1,
          "Weight": 100,
          "Type": "Angle",
          "Reflect": false
        }
      ],
      "Vertices": [
        {
          "Position": {
            "X": 0,
            "Y": 0
          },
          "Mobility": 0.9,
          "Delay": 0.8,
          "Acceleration": 1,
          "Radius": 5
        },
        {
          "Position": {
            "X": 0,
            "Y": 15
          },
          "Mobility": 0.98,
          "Delay": 0.8,
          "Acceleration": 1.5,
          "Radius": 15
        },
        {
          "Position": {
            "X": 0,
            "Y": 20
          },
          "Mobility": 0.9,
          "Delay": 0.8,
          "Acceleration": 1,
          "Radius": 5
        },
        {
          "Position": {
            "X": 0,
            "Y": 25
          },
          "Mobility": 0.9,
          "Delay": 0.8,
          "Acceleration": 1,
          "Radius": 5
        },
        {
          "Position": {
            "X": 0,
            "Y": 30
          },
          "Mobility": 0.9,
          "Delay": 0.8,
          "Acceleration": 1,
          "Radius": 5
        },
        {
          "Position": {
            "X": 0,
            "Y": 35
          },
          "Mobility": 0.9,
          "Delay": 0.8,
          "Acceleration": 1,
          "Radius": 5
        },
        {
          "Position": {
            "X": 0,
            "Y": 40
          },
          "Mobility": 0.9,
          "Delay": 0.8,
          "Acceleration": 1,
          "Radius": 5
        },
        {
          "Position": {
            "X": 0,
            "Y": 45
          },
          "Mobility": 0.9,
          "Delay": 0.8,
          "Acceleration": 1,
          "Radius": 5
        },
        {
          "Position": {
            "X": 0,
            "Y": 50
          },
          "Mobility": 0.9,
          "Delay": 0.8,
          "Acceleration": 1,
          "Radius": 5
        },
        {
          "Position": {
            "X": 0,
            "Y": 55
          },
          "Mobility": 0.9,
          "Delay": 0.8,
          "Acceleration": 1,
          "Radius": 5
        }
      ],
      "Normalization": {
        "Position": {
          "Minimum": -10,
          "Default": 0,
          "Maximum": 10
        },
        "Angle": {
          "Minimum": -10,
          "Default": 0,
          "Maximum": 10
        }
      }
    },
    {
      "Id": "PhysicsSetting4",
      "Input": [
        {
          "Source": {
            "Target": "Parameter",
            "Id": "ParamAngleX"
          },
          "Weight": 25,
          "Type": "X",
          "Reflect": false
        },
        {
          "Source": {
            "Target": "Parameter",
            "Id": "ParamAngleY"
          },
          "Weight": 25,
          "Type": "X",
          "Reflect": false
        },
        {
          "Source": {
            "Target": "Parameter",
            "Id": "Hair_physics"
          },
          "Weight": 0,
          "Type": "X",
          "Reflect": false
        },
        {
          "Source": {
            "Target": "Parameter",
            "Id": "OP_physics"
          },
          "Weight": 0,
          "Type": "X",
          "Reflect": false
        },
        {
          "Source": {
            "Target": "Parameter",
            "Id": "Clothes_physics"
          },
          "Weight": 0,
          "Type": "X",
          "Reflect": false
        }
      ],
      "Output": [
        {
          "Destination": {
            "Target": "Parameter",
            "Id": "ParamWaistZ"
          },
          "VertexIndex": 1,
          "Scale": 15,
          "Weight": 100,
          "Type": "Angle",
          "Reflect": false
        },
        {
          "Destination": {
            "Target": "Parameter",
            "Id": "ParamChestZ"
          },
          "VertexIndex": 2,
          "Scale": 6,
          "Weight": 100,
          "Type": "Angle",
          "Reflect": false
        },
        {
          "Destination": {
            "Target": "Parameter",
            "Id": "ParamNeckZ"
          },
          "VertexIndex": 3,
          "Scale": 20,
          "Weight": 100,
          "Type": "Angle",
          "Reflect": false
        }
      ],
      "Vertices": [
        {
          "Position": {
            "X": 0,
            "Y": 0
          },
          "Mobility": 0.9,
          "Delay": 0.8,
          "Acceleration": 1,
          "Radius": 5
        },
        {
          "Position": {
            "X": 0,
            "Y": 15
          },
          "Mobility": 0.98,
          "Delay": 0.8,
          "Acceleration": 1.5,
          "Radius": 15
        },
        {
          "Position": {
            "X": 0,
            "Y": 20
          },
          "Mobility": 0.9,
          "Delay": 0.8,
          "Acceleration": 1,
          "Radius": 5
        },
        {
          "Position": {
            "X": 0,
            "Y": 25
          },
          "Mobility": 0.9,
          "Delay": 0.8,
          "Acceleration": 1,
          "Radius": 5
        },
        {
          "Position": {
            "X": 0,
            "Y": 30
          },
          "Mobility": 0.9,
          "Delay": 0.8,
          "Acceleration": 1,
          "Radius": 5
        },
        {
          "Position": {
            "X": 0,
            "Y": 35
          },
          "Mobility": 0.9,
          "Delay": 0.8,
          "Acceleration": 1,
          "Radius": 5
        },
        {
          "Position": {
            "X": 0,
            "Y": 40
          },
          "Mobility": 0.9,
          "Delay": 0.8,
          "Acceleration": 1,
          "Radius": 5
        },
        {
          "Position": {
            "X": 0,
            "Y": 45
          },
          "Mobility": 0.9,
          "Delay": 0.8,
          "Acceleration": 1,
          "Radius": 5
        },
        {
          "Position": {
            "X": 0,
            "Y": 50
          },
          "Mobility": 0.9,
          "Delay": 0.8,
          "Acceleration": 1,
          "Radius": 5
        },
        {
          "Position": {
            "X": 0,
            "Y": 55
          },
          "Mobility": 0.9,
          "Delay": 0.8,
          "Acceleration": 1,
          "Radius": 5
        }
      ],
      "Normalization": {
        "Position": {
          "Minimum": -10,
          "Default": 0,
          "Maximum": 10
        },
        "Angle": {
          "Minimum": -10,
          "Default": 0,
          "Maximum": 10
        }
      }
    },
    {
      "Id": "PhysicsSetting5",
      "Input": [
        {
          "Source": {
            "Target": "Parameter",
            "Id": "ParamAngleX"
          },
          "Weight": 25,
          "Type": "X",
          "Reflect": false
        },
        {
          "Source": {
            "Target": "Parameter",
            "Id": "ParamAngleY"
          },
          "Weight": 25,
          "Type": "X",
          "Reflect": false
        },
        {
          "Source": {
            "Target": "Parameter",
            "Id": "Hair_physics"
          },
          "Weight": 0,
          "Type": "X",
          "Reflect": false
        },
        {
          "Source": {
            "Target": "Parameter",
            "Id": "OP_physics"
          },
          "Weight": 0,
          "Type": "X",
          "Reflect": false
        },
        {
          "Source": {
            "Target": "Parameter",
            "Id": "Clothes_physics"
          },
          "Weight": 0,
          "Type": "X",
          "Reflect": false
        }
      ],
      "Output": [
        {
          "Destination": {
            "Target": "Parameter",
            "Id": "ParamBodyStretch"
          },
          "VertexIndex": 1,
          "Scale": 10,
          "Weight": 100,
          "Type": "Angle",
          "Reflect": false
        },
        {
          "Destination": {
            "Target": "Parameter",
            "Id": "ParamHeadStretch"
          },
          "VertexIndex": 2,
          "Scale": 10,
          "Weight": 100,
          "Type": "Angle",
          "Reflect": false
        },
        {
          "Destination": {
            "Target": "Parameter",
            "Id": "ParamButtZ"
          },
          "VertexIndex": 3,
          "Scale": 3,
          "Weight": 100,
          "Type": "Angle",
          "Reflect": false
        }
      ],
      "Vertices": [
        {
          "Position": {
            "X": 0,
            "Y": 0
          },
          "Mobility": 0.9,
          "Delay": 0.8,
          "Acceleration": 1,
          "Radius": 5
        },
        {
          "Position": {
            "X": 0,
            "Y": 15
          },
          "Mobility": 0.98,
          "Delay": 0.8,
          "Acceleration": 1.5,
          "Radius": 15
        },
        {
          "Position": {
            "X": 0,
            "Y": 20
          },
          "Mobility": 0.9,
          "Delay": 0.8,
          "Acceleration": 1,
          "Radius": 5
        },
        {
          "Position": {
            "X": 0,
            "Y": 25
          },
          "Mobility": 0.9,
          "Delay": 0.8,
          "Acceleration": 1,
          "Radius": 5
        },
        {
          "Position": {
            "X": 0,
            "Y": 30
          },
          "Mobility": 0.9,
          "Delay": 0.8,
          "Acceleration": 1,
          "Radius": 5
        },
        {
          "Position": {
            "X": 0,
            "Y": 35
          },
          "Mobility": 0.9,
          "Delay": 0.8,
          "Acceleration": 1,
          "Radius": 5
        },
        {
          "Position": {
            "X": 0,
            "Y": 40
          },
          "Mobility": 0.9,
          "Delay": 0.8,
          "Acceleration": 1,
          "Radius": 5
        },
        {
          "Position": {
            "X": 0,
            "Y": 45
          },
          "Mobility": 0.9,
          "Delay": 0.8,
          "Acceleration": 1,
          "Radius": 5
        },
        {
          "Position": {
            "X": 0,
            "Y": 50
          },
          "Mobility": 0.9,
          "Delay": 0.8,
          "Acceleration": 1,
          "Radius": 5
        },
        {
          "Position": {
            "X": 0,
            "Y": 55
          },
          "Mobility": 0.9,
          "Delay": 0.8,
          "Acceleration": 1,
          "Radius": 5
        }
      ],
      "Normalization": {
        "Position": {
          "Minimum": -10,
          "Default": 0,
          "Maximum": 10
        },
        "Angle": {
          "Minimum": -10,
          "Default": 0,
          "Maximum": 10
        }
      }
    },
    {
      "Id": "PhysicsSetting6",
      "Input": [
        {
          "Source": {
            "Target": "Parameter",
            "Id": "ParamAngleX"
          },
          "Weight": 25,
          "Type": "X",
          "Reflect": false
        },
        {
          "Source": {
            "Target": "Parameter",
            "Id": "ParamAngleY"
          },
          "Weight": 25,
          "Type": "X",
          "Reflect": false
        },
        {
          "Source": {
            "Target": "Parameter",
            "Id": "Hair_physics"
          },
          "Weight": 50,
          "Type": "X",
          "Reflect": false
        },
        {
          "Source": {
            "Target": "Parameter",
            "Id": "ParamAngleZ"
          },
          "Weight": 50,
          "Type": "Angle",
          "Reflect": false
        },
        {
          "Source": {
            "Target": "Parameter",
            "Id": "Param2"
          },
          "Weight": 30,
          "Type": "Angle",
          "Reflect": false
        },
        {
          "Source": {
            "Target": "Parameter",
            "Id": "Param3"
          },
          "Weight": 20,
          "Type": "Angle",
          "Reflect": false
        }
      ],
      "Output": [
        {
          "Destination": {
            "Target": "Parameter",
            "Id": "Param_Angle_Rotation_2_ArtMesh14"
          },
          "VertexIndex": 1,
          "Scale": 15,
          "Weight": 100,
          "Type": "Angle",
          "Reflect": false
        },
        {
          "Destination": {
            "Target": "Parameter",
            "Id": "Param_Angle_Rotation_4_ArtMesh14"
          },
          "VertexIndex": 2,
          "Scale": 15,
          "Weight": 100,
          "Type": "Angle",
          "Reflect": false
        },
        {
          "Destination": {
            "Target": "Parameter",
            "Id": "Param_Angle_Rotation_6_ArtMesh14"
          },
          "VertexIndex": 3,
          "Scale": 15,
          "Weight": 100,
          "Type": "Angle",
          "Reflect": false
        },
        {
          "Destination": {
            "Target": "Parameter",
            "Id": "Param_Angle_Rotation_8_ArtMesh14"
          },
          "VertexIndex": 4,
          "Scale": 15,
          "Weight": 100,
          "Type": "Angle",
          "Reflect": false
        },
        {
          "Destination": {
            "Target": "Parameter",
            "Id": "Param_Angle_Rotation_10_ArtMesh14"
          },
          "VertexIndex": 5,
          "Scale": 15,
          "Weight": 100,
          "Type": "Angle",
          "Reflect": false
        }
      ],
      "Vertices": [
        {
          "Position": {
            "X": 0,
            "Y": 0
          },
          "Mobility": 0.9,
          "Delay": 0.8,
          "Acceleration": 1,
          "Radius": 5
        },
        {
          "Position": {
            "X": 0,
            "Y": 15
          },
          "Mobility": 0.98,
          "Delay": 0.8,
          "Acceleration": 1.5,
          "Radius": 15
        },
        {
          "Position": {
            "X": 0,
            "Y": 20
          },
          "Mobility": 0.9,
          "Delay": 0.8,
          "Acceleration": 1,
          "Radius": 5
        },
        {
          "Position": {
            "X": 0,
            "Y": 25
          },
          "Mobility": 0.9,
          "Delay": 0.8,
          "Acceleration": 1,
          "Radius": 5
        },
        {
          "Position": {
            "X": 0,
            "Y": 30
          },
          "Mobility": 0.9,
          "Delay": 0.8,
          "Acceleration": 1,
          "Radius": 5
        },
        {
          "Position": {
            "X": 0,
            "Y": 35
          },
          "Mobility": 0.9,
          "Delay": 0.8,
          "Acceleration": 1,
          "Radius": 5
        },
        {
          "Position": {
            "X": 0,
            "Y": 40
          },
          "Mobility": 0.9,
          "Delay": 0.8,
          "Acceleration": 1,
          "Radius": 5
        },
        {
          "Position": {
            "X": 0,
            "Y": 45
          },
          "Mobility": 0.9,
          "Delay": 0.8,
          "Acceleration": 1,
          "Radius": 5
        },
        {
          "Position": {
            "X": 0,
            "Y": 50
          },
          "Mobility": 0.9,
          "Delay": 0.8,
          "Acceleration": 1,
          "Radius": 5
        },
        {
          "Position": {
            "X": 0,
            "Y": 55
          },
          "Mobility": 0.9,
          "Delay": 0.8,
          "Acceleration": 1,
          "Radius": 5
        }
      ],
      "Normalization": {
        "Position": {
          "Minimum": -10,
          "Default": 0,
          "Maximum": 10
        },
        "Angle": {
          "Minimum": -10,
          "Default": 0,
          "Maximum": 10
        }
      }
    },
    {
      "Id": "PhysicsSetting7",
      "Input": [
        {
          "Source": {
            "Target": "Parameter",
            "Id": "ParamBreath"
          },
          "Weight": 50,
          "Type": "X",
          "Reflect": false
        }
      ],
      "Output": [
        {
          "Destination": {
            "Target": "Parameter",
            "Id": "L_ParamHairFront1"
          },
          "VertexIndex": 1,
          "Scale": 30,
          "Weight": 100,
          "Type": "Angle",
          "Reflect": false
        },
        {
          "Destination": {
            "Target": "Parameter",
            "Id": "L_ParamHairFront2"
          },
          "VertexIndex": 2,
          "Scale": 30,
          "Weight": 100,
          "Type": "Angle",
          "Reflect": false
        },
        {
          "Destination": {
            "Target": "Parameter",
            "Id": "L_ParamHairFront3"
          },
          "VertexIndex": 3,
          "Scale": 30,
          "Weight": 100,
          "Type": "Angle",
          "Reflect": false
        },
        {
          "Destination": {
            "Target": "Parameter",
            "Id": "L_ParamHairFront4"
          },
          "VertexIndex": 4,
          "Scale": 30,
          "Weight": 100,
          "Type": "Angle",
          "Reflect": false
        },
        {
          "Destination": {
            "Target": "Parameter",
            "Id": "R_ParamHairFront1"
          },
          "VertexIndex": 1,
          "Scale": 30,
          "Weight": 100,
          "Type": "Angle",
          "Reflect": false
        },
        {
          "Destination": {
            "Target": "Parameter",
            "Id": "R_ParamHairFront2"
          },
          "VertexIndex": 2,
          "Scale": 30,
          "Weight": 100,
          "Type": "Angle",
          "Reflect": false
        },
        {
          "Destination": {
            "Target": "Parameter",
            "Id": "R_ParamHairFront3"
          },
          "VertexIndex": 3,
          "Scale": 30,
          "Weight": 100,
          "Type": "Angle",
          "Reflect": false
        },
        {
          "Destination": {
            "Target": "Parameter",
            "Id": "R_ParamHairFront4"
          },
          "VertexIndex": 4,
          "Scale": 30,
          "Weight": 100,
          "Type": "Angle",
          "Reflect": false
        },
        {
          "Destination": {
            "Target": "Parameter",
            "Id": "M_ParamHairFront1"
          },
          "VertexIndex": 1,
          "Scale": 30,
          "Weight": 100,
          "Type": "Angle",
          "Reflect": false
        },
        {
          "Destination": {
            "Target": "Parameter",
            "Id": "M_ParamHairFront2"
          },
          "VertexIndex": 2,
          "Scale": 30,
          "Weight": 100,
          "Type": "Angle",
          "Reflect": false
        },
        {
          "Destination": {
            "Target": "Parameter",
            "Id": "M_ParamHairFront3"
          },
          "VertexIndex": 3,
          "Scale": 30,
          "Weight": 100,
          "Type": "Angle",
          "Reflect": false
        },
        {
          "Destination": {
            "Target": "Parameter",
            "Id": "M_ParamHairFront4"
          },
          "VertexIndex": 4,
          "Scale": 30,
          "Weight": 100,
          "Type": "Angle",
          "Reflect": false
        }
      ],
      "Vertices": [
        {
          "Position": {
            "X": 0,
            "Y": 0
          },
          "Mobility": 0.9,
          "Delay": 0.8,
          "Acceleration": 0.9,
          "Radius": 5
        },
        {
          "Position": {
            "X": 0,
            "Y": 10
          },
          "Mobility": 0.9,
          "Delay": 0.9,
          "Acceleration": 0.9,
          "Radius": 10
        },
        {
          "Position": {
            "X": 0,
            "Y": 20
          },
          "Mobility": 0.83,
          "Delay": 0.85,
          "Acceleration": 0.9,
          "Radius": 10
        },
        {
          "Position": {
            "X": 0,
            "Y": 28
          },
          "Mobility": 0.73,
          "Delay": 0.67,
          "Acceleration": 0.9,
          "Radius": 8
        },
        {
          "Position": {
            "X": 0,
            "Y": 36
          },
          "Mobility": 0.7,
          "Delay": 0.67,
          "Acceleration": 0.9,
          "Radius": 8
        },
        {
          "Position": {
            "X": 0,
            "Y": 42
          },
          "Mobility": 0.65,
          "Delay": 0.8,
          "Acceleration": 0.9,
          "Radius": 6
        }
      ],
      "Normalization": {
        "Position": {
          "Minimum": -10,
          "Default": 0,
          "Maximum": 10
        },
        "Angle": {
          "Minimum": -10,
          "Default": 0,
          "Maximum": 10
        }
      }
    },
    {
      "Id": "PhysicsSetting8",
      "Input": [
        {
          "Source": {
            "Target": "Parameter",
            "Id": "ParamBreath"
          },
          "Weight": 50,
          "Type": "X",
          "Reflect": false
        }
      ],
      "Output": [
        {
          "Destination": {
            "Target": "Parameter",
            "Id": "L_ParamHairSide1"
          },
          "VertexIndex": 1,
          "Scale": 30,
          "Weight": 100,
          "Type": "Angle",
          "Reflect": false
        },
        {
          "Destination": {
            "Target": "Parameter",
            "Id": "L_ParamHairSide2"
          },
          "VertexIndex": 2,
          "Scale": 30,
          "Weight": 100,
          "Type": "Angle",
          "Reflect": false
        },
        {
          "Destination": {
            "Target": "Parameter",
            "Id": "L_ParamHairSide3"
          },
          "VertexIndex": 3,
          "Scale": 30,
          "Weight": 100,
          "Type": "Angle",
          "Reflect": false
        },
        {
          "Destination": {
            "Target": "Parameter",
            "Id": "L_ParamHairSide4"
          },
          "VertexIndex": 4,
          "Scale": 30,
          "Weight": 100,
          "Type": "Angle",
          "Reflect": false
        },
        {
          "Destination": {
            "Target": "Parameter",
            "Id": "L_ParamHairSide5"
          },
          "VertexIndex": 5,
          "Scale": 30,
          "Weight": 100,
          "Type": "Angle",
          "Reflect": false
        },
        {
          "Destination": {
            "Target": "Parameter",
            "Id": "L_ParamHairSide6"
          },
          "VertexIndex": 6,
          "Scale": 30,
          "Weight": 100,
          "Type": "Angle",
          "Reflect": false
        },
        {
          "Destination": {
            "Target": "Parameter",
            "Id": "R_ParamHairSide1"
          },
          "VertexIndex": 1,
          "Scale": 30,
          "Weight": 100,
          "Type": "Angle",
          "Reflect": false
        },
        {
          "Destination": {
            "Target": "Parameter",
            "Id": "R_ParamHairSide2"
          },
          "VertexIndex": 2,
          "Scale": 30,
          "Weight": 100,
          "Type": "Angle",
          "Reflect": false
        },
        {
          "Destination": {
            "Target": "Parameter",
            "Id": "R_ParamHairSide3"
          },
          "VertexIndex": 3,
          "Scale": 30,
          "Weight": 100,
          "Type": "Angle",
          "Reflect": false
        },
        {
          "Destination": {
            "Target": "Parameter",
            "Id": "R_ParamHairSide4"
          },
          "VertexIndex": 4,
          "Scale": 30,
          "Weight": 100,
          "Type": "Angle",
          "Reflect": false
        },
        {
          "Destination": {
            "Target": "Parameter",
            "Id": "R_ParamHairSide5"
          },
          "VertexIndex": 5,
          "Scale": 30,
          "Weight": 100,
          "Type": "Angle",
          "Reflect": false
        },
        {
          "Destination": {
            "Target": "Parameter",
            "Id": "R_ParamHairSide6"
          },
          "VertexIndex": 6,
          "Scale": 30,
          "Weight": 100,
          "Type": "Angle",
          "Reflect": false
        }
      ],
      "Vertices": [
        {
          "Position": {
            "X": 0,
            "Y": 0
          },
          "Mobility": 0.9,
          "Delay": 0.8,
          "Acceleration": 0.9,
          "Radius": 5
        },
        {
          "Position": {
            "X": 0,
            "Y": 10
          },
          "Mobility": 0.9,
          "Delay": 0.9,
          "Acceleration": 0.9,
          "Radius": 10
        },
        {
          "Position": {
            "X": 0,
            "Y": 20
          },
          "Mobility": 0.83,
          "Delay": 0.85,
          "Acceleration": 0.9,
          "Radius": 10
        },
        {
          "Position": {
            "X": 0,
            "Y": 28
          },
          "Mobility": 0.73,
          "Delay": 0.67,
          "Acceleration": 0.9,
          "Radius": 8
        },
        {
          "Position": {
            "X": 0,
            "Y": 36
          },
          "Mobility": 0.7,
          "Delay": 0.67,
          "Acceleration": 0.9,
          "Radius": 8
        },
        {
          "Position": {
            "X": 0,
            "Y": 42
          },
          "Mobility": 0.65,
          "Delay": 0.55,
          "Acceleration": 0.9,
          "Radius": 6
        },
        {
          "Position": {
            "X": 0,
            "Y": 48
          },
          "Mobility": 0.65,
          "Delay": 0.55,
          "Acceleration": 0.9,
          "Radius": 6
        }
      ],
      "Normalization": {
        "Position": {
          "Minimum": -10,
          "Default": 0,
          "Maximum": 10
        },
        "Angle": {
          "Minimum": -10,
          "Default": 0,
          "Maximum": 10
        }
      }
    },
    {
      "Id": "PhysicsSetting9",
      "Input": [
        {
          "Source": {
            "Target": "Parameter",
            "Id": "ParamBreath"
          },
          "Weight": 50,
          "Type": "X",
          "Reflect": false
        }
      ],
      "Output": [
        {
          "Destination": {
            "Target": "Parameter",
            "Id": "L_ParamHairBack1"
          },
          "VertexIndex": 1,
          "Scale": 30,
          "Weight": 100,
          "Type": "Angle",
          "Reflect": false
        },
        {
          "Destination": {
            "Target": "Parameter",
            "Id": "L_ParamHairBack2"
          },
          "VertexIndex": 2,
          "Scale": 30,
          "Weight": 100,
          "Type": "Angle",
          "Reflect": false
        },
        {
          "Destination": {
            "Target": "Parameter",
            "Id": "L_ParamHairBack3"
          },
          "VertexIndex": 3,
          "Scale": 30,
          "Weight": 100,
          "Type": "Angle",
          "Reflect": false
        },
        {
          "Destination": {
            "Target": "Parameter",
            "Id": "L_ParamHairBack4"
          },
          "VertexIndex": 4,
          "Scale": 30,
          "Weight": 100,
          "Type": "Angle",
          "Reflect": false
        },
        {
          "Destination": {
            "Target": "Parameter",
            "Id": "L_ParamHairBack5"
          },
          "VertexIndex": 5,
          "Scale": 30,
          "Weight": 100,
          "Type": "Angle",
          "Reflect": false
        },
        {
          "Destination": {
            "Target": "Parameter",
            "Id": "L_ParamHairBack6"
          },
          "VertexIndex": 6,
          "Scale": 30,
          "Weight": 100,
          "Type": "Angle",
          "Reflect": false
        },
        {
          "Destination": {
            "Target": "Parameter",
            "Id": "L_ParamHairBack7"
          },
          "VertexIndex": 7,
          "Scale": 30,
          "Weight": 100,
          "Type": "Angle",
          "Reflect": false
        },
        {
          "Destination": {
            "Target": "Parameter",
            "Id": "L_ParamHairBack8"
          },
          "VertexIndex": 8,
          "Scale": 30,
          "Weight": 100,
          "Type": "Angle",
          "Reflect": false
        },
        {
          "Destination": {
            "Target": "Parameter",
            "Id": "R_ParamHairBack1"
          },
          "VertexIndex": 1,
          "Scale": 30,
          "Weight": 100,
          "Type": "Angle",
          "Reflect": false
        },
        {
          "Destination": {
            "Target": "Parameter",
            "Id": "R_ParamHairBack2"
          },
          "VertexIndex": 2,
          "Scale": 30,
          "Weight": 100,
          "Type": "Angle",
          "Reflect": false
        },
        {
          "Destination": {
            "Target": "Parameter",
            "Id": "R_ParamHairBack3"
          },
          "VertexIndex": 3,
          "Scale": 30,
          "Weight": 100,
          "Type": "Angle",
          "Reflect": false
        },
        {
          "Destination": {
            "Target": "Parameter",
            "Id": "R_ParamHairBack4"
          },
          "VertexIndex": 4,
          "Scale": 30,
          "Weight": 100,
          "Type": "Angle",
          "Reflect": false
        },
        {
          "Destination": {
            "Target": "Parameter",
            "Id": "R_ParamHairBack5"
          },
          "VertexIndex": 5,
          "Scale": 30,
          "Weight": 100,
          "Type": "Angle",
          "Reflect": false
        },
        {
          "Destination": {
            "Target": "Parameter",
            "Id": "R_ParamHairBack6"
          },
          "VertexIndex": 6,
          "Scale": 30,
          "Weight": 100,
          "Type": "Angle",
          "Reflect": false
        },
        {
          "Destination": {
            "Target": "Parameter",
            "Id": "R_ParamHairBack7"
          },
          "VertexIndex": 7,
          "Scale": 30,
          "Weight": 100,
          "Type": "Angle",
          "Reflect": false
        },
        {
          "Destination": {
            "Target": "Parameter",
            "Id": "R_ParamHairBack8"
          },
          "VertexIndex": 8,
          "Scale": 30,
          "Weight": 100,
          "Type": "Angle",
          "Reflect": false
        }
      ],
      "Vertices": [
        {
          "Position": {
            "X": 0,
            "Y": 0
          },
          "Mobility": 0.9,
          "Delay": 0.8,
          "Acceleration": 0.9,
          "Radius": 5
        },
        {
          "Position": {
            "X": 0,
            "Y": 10
          },
          "Mobility": 0.9,
          "Delay": 0.9,
          "Acceleration": 0.9,
          "Radius": 10
        },
        {
          "Position": {
            "X": 0,
            "Y": 20
          },
          "Mobility": 0.83,
          "Delay": 0.85,
          "Acceleration": 0.9,
          "Radius": 10
        },
        {
          "Position": {
            "X": 0,
            "Y": 28
          },
          "Mobility": 0.73,
          "Delay": 0.67,
          "Acceleration": 0.9,
          "Radius": 8
        },
        {
          "Position": {
            "X": 0,
            "Y": 36
          },
          "Mobility": 0.7,
          "Delay": 0.67,
          "Acceleration": 0.9,
          "Radius": 8
        },
        {
          "Position": {
            "X": 0,
            "Y": 42
          },
          "Mobility": 0.65,
          "Delay": 0.6,
          "Acceleration": 0.9,
          "Radius": 6
        },
        {
          "Position": {
            "X": 0,
            "Y": 48
          },
          "Mobility": 0.65,
          "Delay": 0.6,
          "Acceleration": 0.9,
          "Radius": 6
        },
        {
          "Position": {
            "X": 0,
            "Y": 53
          },
          "Mobility": 0.5,
          "Delay": 0.5,
          "Acceleration": 0.9,
          "Radius": 5
        },
        {
          "Position": {
            "X": 0,
            "Y": 58
          },
          "Mobility": 0.5,
          "Delay": 0.5,
          "Acceleration": 0.9,
          "Radius": 5
        }
      ],
      "Normalization": {
        "Position": {
          "Minimum": -10,
          "Default": 0,
          "Maximum": 10
        },
        "Angle": {
          "Minimum": -10,
          "Default": 0,
          "Maximum": 10
        }
      }
    },
    {
      "Id": "PhysicsSetting10",
      "Input": [
        {
          "Source": {
            "Target": "Parameter",
            "Id": "OP_physics"
          },
          "Weight": 50,
          "Type": "X",
          "Reflect": false
        }
      ],
      "Output": [
        {
          "Destination": {
            "Target": "Parameter",
            "Id": "SD_BustLMotionY_L"
          },
          "VertexIndex": 1,
          "Scale": 45,
          "Weight": 100,
          "Type": "Angle",
          "Reflect": false
        },
        {
          "Destination": {
            "Target": "Parameter",
            "Id": "SD_BustLMotionY_X"
          },
          "VertexIndex": 2,
          "Scale": 45,
          "Weight": 100,
          "Type": "Angle",
          "Reflect": false
        },
        {
          "Destination": {
            "Target": "Parameter",
            "Id": "SD_BustRMotionY_L"
          },
          "VertexIndex": 1,
          "Scale": 45,
          "Weight": 100,
          "Type": "Angle",
          "Reflect": false
        },
        {
          "Destination": {
            "Target": "Parameter",
            "Id": "SD_BustRMotionY_X"
          },
          "VertexIndex": 2,
          "Scale": 45,
          "Weight": 100,
          "Type": "Angle",
          "Reflect": false
        }
      ],
      "Vertices": [
        {
          "Position": {
            "X": 0,
            "Y": 0
          },
          "Mobility": 0.9,
          "Delay": 0.8,
          "Acceleration": 1,
          "Radius": 5
        },
        {
          "Position": {
            "X": 0,
            "Y": 15
          },
          "Mobility": 0.98,
          "Delay": 0.8,
          "Acceleration": 1.5,
          "Radius": 15
        },
        {
          "Position": {
            "X": 0,
            "Y": 20
          },
          "Mobility": 0.9,
          "Delay": 0.8,
          "Acceleration": 1,
          "Radius": 5
        },
        {
          "Position": {
            "X": 0,
            "Y": 25
          },
          "Mobility": 0.9,
          "Delay": 0.8,
          "Acceleration": 1,
          "Radius": 5
        }
      ],
      "Normalization": {
        "Position": {
          "Minimum": -10,
          "Default": 0,
          "Maximum": 10
        },
        "Angle": {
          "Minimum": -10,
          "Default": 0,
          "Maximum": 10
        }
      }
    },
    {
      "Id": "PhysicsSetting11",
      "Input": [
        {
          "Source": {
            "Target": "Parameter",
            "Id": "OP_physics"
          },
          "Weight": 40,
          "Type": "X",
          "Reflect": false
        }
      ],
      "Output": [
        {
          "Destination": {
            "Target": "Parameter",
            "Id": "SD_BustLMotionX_L"
          },
          "VertexIndex": 2,
          "Scale": 30,
          "Weight": 100,
          "Type": "Angle",
          "Reflect": false
        },
        {
          "Destination": {
            "Target": "Parameter",
            "Id": "SD_BustLMotionX_X"
          },
          "VertexIndex": 3,
          "Scale": 30,
          "Weight": 100,
          "Type": "Angle",
          "Reflect": false
        }
      ],
      "Vertices": [
        {
          "Position": {
            "X": 0,
            "Y": 0
          },
          "Mobility": 0.9,
          "Delay": 0.8,
          "Acceleration": 1,
          "Radius": 5
        },
        {
          "Position": {
            "X": 0,
            "Y": 15
          },
          "Mobility": 0.98,
          "Delay": 0.8,
          "Acceleration": 1.5,
          "Radius": 15
        },
        {
          "Position": {
            "X": 0,
            "Y": 20
          },
          "Mobility": 0.9,
          "Delay": 0.8,
          "Acceleration": 1,
          "Radius": 5
        },
        {
          "Position": {
            "X": 0,
            "Y": 25
          },
          "Mobility": 0.9,
          "Delay": 0.8,
          "Acceleration": 1,
          "Radius": 5
        }
      ],
      "Normalization": {
        "Position": {
          "Minimum": -10,
          "Default": 0,
          "Maximum": 10
        },
        "Angle": {
          "Minimum": -10,
          "Default": 0,
          "Maximum": 10
        }
      }
    },
    {
      "Id": "PhysicsSetting12",
      "Input": [
        {
          "Source": {
            "Target": "Parameter",
            "Id": "OP_physics"
          },
          "Weight": 40,
          "Type": "X",
          "Reflect": false
        }
      ],
      "Output": [
        {
          "Destination": {
            "Target": "Parameter",
            "Id": "SD_BustRMotionX_L"
          },
          "VertexIndex": 2,
          "Scale": 30,
          "Weight": 100,
          "Type": "Angle",
          "Reflect": false
        },
        {
          "Destination": {
            "Target": "Parameter",
            "Id": "SD_BustRMotionX_X"
          },
          "VertexIndex": 3,
          "Scale": 30,
          "Weight": 100,
          "Type": "Angle",
          "Reflect": false
        }
      ],
      "Vertices": [
        {
          "Position": {
            "X": 0,
            "Y": 0
          },
          "Mobility": 0.9,
          "Delay": 0.8,
          "Acceleration": 1,
          "Radius": 5
        },
        {
          "Position": {
            "X": 0,
            "Y": 15
          },
          "Mobility": 0.98,
          "Delay": 0.8,
          "Acceleration": 1.5,
          "Radius": 15
        },
        {
          "Position": {
            "X": 0,
            "Y": 20
          },
          "Mobility": 0.9,
          "Delay": 0.8,
          "Acceleration": 1,
          "Radius": 5
        },
        {
          "Position": {
            "X": 0,
            "Y": 25
          },
          "Mobility": 0.9,
          "Delay": 0.8,
          "Acceleration": 1,
          "Radius": 5
        }
      ],
      "Normalization": {
        "Position": {
          "Minimum": -10,
          "Default": 0,
          "Maximum": 10
        },
        "Angle": {
          "Minimum": -10,
          "Default": 0,
          "Maximum": 10
        }
      }
    },
    {
      "Id": "PhysicsSetting13",
      "Input": [
        {
          "Source": {
            "Target": "Parameter",
            "Id": "ParamEyeLOpen"
          },
          "Weight": 80,
          "Type": "X",
          "Reflect": false
        }
      ],
      "Output": [
        {
          "Destination": {
            "Target": "Parameter",
            "Id": "ParamEyeLsize"
          },
          "VertexIndex": 1,
          "Scale": 1,
          "Weight": 100,
          "Type": "Angle",
          "Reflect": false
        },
        {
          "Destination": {
            "Target": "Parameter",
            "Id": "ParamEyeLGG_A"
          },
          "VertexIndex": 2,
          "Scale": 1,
          "Weight": 100,
          "Type": "Angle",
          "Reflect": false
        },
        {
          "Destination": {
            "Target": "Parameter",
            "Id": "ParamEyeLGG_B"
          },
          "VertexIndex": 3,
          "Scale": 1,
          "Weight": 100,
          "Type": "Angle",
          "Reflect": false
        }
      ],
      "Vertices": [
        {
          "Position": {
            "X": 0,
            "Y": 0
          },
          "Mobility": 0.9,
          "Delay": 0.8,
          "Acceleration": 1,
          "Radius": 5
        },
        {
          "Position": {
            "X": 0,
            "Y": 5
          },
          "Mobility": 0.9,
          "Delay": 0.8,
          "Acceleration": 1,
          "Radius": 5
        },
        {
          "Position": {
            "X": 0,
            "Y": 10
          },
          "Mobility": 0.9,
          "Delay": 0.8,
          "Acceleration": 1,
          "Radius": 5
        },
        {
          "Position": {
            "X": 0,
            "Y": 15
          },
          "Mobility": 0.9,
          "Delay": 0.8,
          "Acceleration": 1,
          "Radius": 5
        }
      ],
      "Normalization": {
        "Position": {
          "Minimum": -10,
          "Default": 0,
          "Maximum": 10
        },
        "Angle": {
          "Minimum": -10,
          "Default": 0,
          "Maximum": 10
        }
      }
    },
    {
      "Id": "PhysicsSetting14",
      "Input": [
        {
          "Source": {
            "Target": "Parameter",
            "Id": "ParamEyeROpen"
          },
          "Weight": 80,
          "Type": "X",
          "Reflect": false
        }
      ],
      "Output": [
        {
          "Destination": {
            "Target": "Parameter",
            "Id": "ParamEyeRsize"
          },
          "VertexIndex": 1,
          "Scale": 1,
          "Weight": 100,
          "Type": "Angle",
          "Reflect": false
        },
        {
          "Destination": {
            "Target": "Parameter",
            "Id": "ParamEyeRGG_A"
          },
          "VertexIndex": 2,
          "Scale": 1,
          "Weight": 100,
          "Type": "Angle",
          "Reflect": false
        },
        {
          "Destination": {
            "Target": "Parameter",
            "Id": "ParamEyeRGG_B"
          },
          "VertexIndex": 3,
          "Scale": 1,
          "Weight": 100,
          "Type": "Angle",
          "Reflect": false
        }
      ],
      "Vertices": [
        {
          "Position": {
            "X": 0,
            "Y": 0
          },
          "Mobility": 0.9,
          "Delay": 0.8,
          "Acceleration": 1,
          "Radius": 5
        },
        {
          "Position": {
            "X": 0,
            "Y": 5
          },
          "Mobility": 0.9,
          "Delay": 0.8,
          "Acceleration": 1,
          "Radius": 5
        },
        {
          "Position": {
            "X": 0,
            "Y": 10
          },
          "Mobility": 0.9,
          "Delay": 0.8,
          "Acceleration": 1,
          "Radius": 5
        },
        {
          "Position": {
            "X": 0,
            "Y": 15
          },
          "Mobility": 0.9,
          "Delay": 0.8,
          "Acceleration": 1,
          "Radius": 5
        }
      ],
      "Normalization": {
        "Position": {
          "Minimum": -10,
          "Default": 0,
          "Maximum": 10
        },
        "Angle": {
          "Minimum": -10,
          "Default": 0,
          "Maximum": 10
        }
      }
    },
    {
      "Id": "PhysicsSetting15",
      "Input": [
        {
          "Source": {
            "Target": "Parameter",
            "Id": "ParamAngleX"
          },
          "Weight": 25,
          "Type": "X",
          "Reflect": false
        },
        {
          "Source": {
            "Target": "Parameter",
            "Id": "ParamAngleY"
          },
          "Weight": 25,
          "Type": "X",
          "Reflect": false
        },
        {
          "Source": {
            "Target": "Parameter",
            "Id": "Hair_physics"
          },
          "Weight": 50,
          "Type": "X",
          "Reflect": false
        },
        {
          "Source": {
            "Target": "Parameter",
            "Id": "ParamAngleZ"
          },
          "Weight": 50,
          "Type": "Angle",
          "Reflect": false
        },
        {
          "Source": {
            "Target": "Parameter",
            "Id": "Param2"
          },
          "Weight": 30,
          "Type": "Angle",
          "Reflect": false
        },
        {
          "Source": {
            "Target": "Parameter",
            "Id": "Param3"
          },
          "Weight": 20,
          "Type": "Angle",
          "Reflect": false
        }
      ],
      "Output": [
        {
          "Destination": {
            "Target": "Parameter",
            "Id": "L_ParamHairFront1"
          },
          "VertexIndex": 1,
          "Scale": 60,
          "Weight": 100,
          "Type": "Angle",
          "Reflect": false
        },
        {
          "Destination": {
            "Target": "Parameter",
            "Id": "L_ParamHairFront2"
          },
          "VertexIndex": 2,
          "Scale": 60,
          "Weight": 100,
          "Type": "Angle",
          "Reflect": false
        },
        {
          "Destination": {
            "Target": "Parameter",
            "Id": "L_ParamHairFront3"
          },
          "VertexIndex": 3,
          "Scale": 60,
          "Weight": 100,
          "Type": "Angle",
          "Reflect": false
        },
        {
          "Destination": {
            "Target": "Parameter",
            "Id": "L_ParamHairFront4"
          },
          "VertexIndex": 4,
          "Scale": 60,
          "Weight": 100,
          "Type": "Angle",
          "Reflect": false
        }
      ],
      "Vertices": [
        {
          "Position": {
            "X": 0,
            "Y": 0
          },
          "Mobility": 0.9,
          "Delay": 0.8,
          "Acceleration": 1,
          "Radius": 5
        },
        {
          "Position": {
            "X": 0,
            "Y": 10
          },
          "Mobility": 0.9,
          "Delay": 0.8,
          "Acceleration": 1,
          "Radius": 10
        },
        {
          "Position": {
            "X": 0,
            "Y": 15
          },
          "Mobility": 0.9,
          "Delay": 0.8,
          "Acceleration": 1,
          "Radius": 5
        },
        {
          "Position": {
            "X": 0,
            "Y": 20
          },
          "Mobility": 0.9,
          "Delay": 0.8,
          "Acceleration": 1,
          "Radius": 5
        },
        {
          "Position": {
            "X": 0,
            "Y": 25
          },
          "Mobility": 0.9,
          "Delay": 0.8,
          "Acceleration": 1,
          "Radius": 5
        }
      ],
      "Normalization": {
        "Position": {
          "Minimum": -10,
          "Default": 0,
          "Maximum": 10
        },
        "Angle": {
          "Minimum": -10,
          "Default": 0,
          "Maximum": 10
        }
      }
    },
    {
      "Id": "PhysicsSetting16",
      "Input": [
        {
          "Source": {
            "Target": "Parameter",
            "Id": "ParamAngleX"
          },
          "Weight": 25,
          "Type": "X",
          "Reflect": false
        },
        {
          "Source": {
            "Target": "Parameter",
            "Id": "ParamAngleY"
          },
          "Weight": 25,
          "Type": "X",
          "Reflect": true
        },
        {
          "Source": {
            "Target": "Parameter",
            "Id": "Hair_physics"
          },
          "Weight": 50,
          "Type": "X",
          "Reflect": false
        },
        {
          "Source": {
            "Target": "Parameter",
            "Id": "ParamAngleZ"
          },
          "Weight": 50,
          "Type": "Angle",
          "Reflect": false
        },
        {
          "Source": {
            "Target": "Parameter",
            "Id": "Param2"
          },
          "Weight": 30,
          "Type": "Angle",
          "Reflect": false
        },
        {
          "Source": {
            "Target": "Parameter",
            "Id": "Param3"
          },
          "Weight": 20,
          "Type": "Angle",
          "Reflect": false
        }
      ],
      "Output": [
        {
          "Destination": {
            "Target": "Parameter",
            "Id": "R_ParamHairFront1"
          },
          "VertexIndex": 1,
          "Scale": 60,
          "Weight": 100,
          "Type": "Angle",
          "Reflect": false
        },
        {
          "Destination": {
            "Target": "Parameter",
            "Id": "R_ParamHairFront2"
          },
          "VertexIndex": 2,
          "Scale": 60,
          "Weight": 100,
          "Type": "Angle",
          "Reflect": false
        },
        {
          "Destination": {
            "Target": "Parameter",
            "Id": "R_ParamHairFront3"
          },
          "VertexIndex": 3,
          "Scale": 60,
          "Weight": 100,
          "Type": "Angle",
          "Reflect": false
        },
        {
          "Destination": {
            "Target": "Parameter",
            "Id": "R_ParamHairFront4"
          },
          "VertexIndex": 4,
          "Scale": 60,
          "Weight": 100,
          "Type": "Angle",
          "Reflect": false
        }
      ],
      "Vertices": [
        {
          "Position": {
            "X": 0,
            "Y": 0
          },
          "Mobility": 0.9,
          "Delay": 0.8,
          "Acceleration": 1,
          "Radius": 5
        },
        {
          "Position": {
            "X": 0,
            "Y": 15
          },
          "Mobility": 0.9,
          "Delay": 0.8,
          "Acceleration": 1,
          "Radius": 15
        },
        {
          "Position": {
            "X": 0,
            "Y": 20
          },
          "Mobility": 0.9,
          "Delay": 0.8,
          "Acceleration": 1,
          "Radius": 5
        },
        {
          "Position": {
            "X": 0,
            "Y": 25
          },
          "Mobility": 0.9,
          "Delay": 0.8,
          "Acceleration": 1,
          "Radius": 5
        },
        {
          "Position": {
            "X": 0,
            "Y": 30
          },
          "Mobility": 0.9,
          "Delay": 0.8,
          "Acceleration": 1,
          "Radius": 5
        }
      ],
      "Normalization": {
        "Position": {
          "Minimum": -10,
          "Default": 0,
          "Maximum": 10
        },
        "Angle": {
          "Minimum": -10,
          "Default": 0,
          "Maximum": 10
        }
      }
    },
    {
      "Id": "PhysicsSetting17",
      "Input": [
        {
          "Source": {
            "Target": "Parameter",
            "Id": "ParamAngleX"
          },
          "Weight": 25,
          "Type": "X",
          "Reflect": false
        },
        {
          "Source": {
            "Target": "Parameter",
            "Id": "ParamAngleY"
          },
          "Weight": 25,
          "Type": "X",
          "Reflect": false
        },
        {
          "Source": {
            "Target": "Parameter",
            "Id": "Hair_physics"
          },
          "Weight": 50,
          "Type": "X",
          "Reflect": false
        },
        {
          "Source": {
            "Target": "Parameter",
            "Id": "ParamAngleZ"
          },
          "Weight": 50,
          "Type": "Angle",
          "Reflect": false
        },
        {
          "Source": {
            "Target": "Parameter",
            "Id": "Param2"
          },
          "Weight": 30,
          "Type": "Angle",
          "Reflect": false
        },
        {
          "Source": {
            "Target": "Parameter",
            "Id": "Param3"
          },
          "Weight": 20,
          "Type": "Angle",
          "Reflect": false
        }
      ],
      "Output": [
        {
          "Destination": {
            "Target": "Parameter",
            "Id": "M_ParamHairFront1"
          },
          "VertexIndex": 1,
          "Scale": 60,
          "Weight": 100,
          "Type": "Angle",
          "Reflect": false
        },
        {
          "Destination": {
            "Target": "Parameter",
            "Id": "M_ParamHairFront2"
          },
          "VertexIndex": 2,
          "Scale": 60,
          "Weight": 100,
          "Type": "Angle",
          "Reflect": false
        },
        {
          "Destination": {
            "Target": "Parameter",
            "Id": "M_ParamHairFront3"
          },
          "VertexIndex": 3,
          "Scale": 60,
          "Weight": 100,
          "Type": "Angle",
          "Reflect": false
        },
        {
          "Destination": {
            "Target": "Parameter",
            "Id": "M_ParamHairFront4"
          },
          "VertexIndex": 4,
          "Scale": 60,
          "Weight": 100,
          "Type": "Angle",
          "Reflect": false
        }
      ],
      "Vertices": [
        {
          "Position": {
            "X": 0,
            "Y": 0
          },
          "Mobility": 0.9,
          "Delay": 0.8,
          "Acceleration": 1,
          "Radius": 5
        },
        {
          "Position": {
            "X": 0,
            "Y": 15
          },
          "Mobility": 0.9,
          "Delay": 0.8,
          "Acceleration": 1,
          "Radius": 15
        },
        {
          "Position": {
            "X": 0,
            "Y": 20
          },
          "Mobility": 0.9,
          "Delay": 0.8,
          "Acceleration": 1,
          "Radius": 5
        },
        {
          "Position": {
            "X": 0,
            "Y": 25
          },
          "Mobility": 0.9,
          "Delay": 0.8,
          "Acceleration": 1,
          "Radius": 5
        },
        {
          "Position": {
            "X": 0,
            "Y": 30
          },
          "Mobility": 0.9,
          "Delay": 0.8,
          "Acceleration": 1,
          "Radius": 5
        }
      ],
      "Normalization": {
        "Position": {
          "Minimum": -10,
          "Default": 0,
          "Maximum": 10
        },
        "Angle": {
          "Minimum": -10,
          "Default": 0,
          "Maximum": 10
        }
      }
    },
    {
      "Id": "PhysicsSetting18",
      "Input": [
        {
          "Source": {
            "Target": "Parameter",
            "Id": "ParamAngleX"
          },
          "Weight": 25,
          "Type": "X",
          "Reflect": false
        },
        {
          "Source": {
            "Target": "Parameter",
            "Id": "ParamAngleY"
          },
          "Weight": 25,
          "Type": "X",
          "Reflect": false
        },
        {
          "Source": {
            "Target": "Parameter",
            "Id": "Hair_physics"
          },
          "Weight": 50,
          "Type": "X",
          "Reflect": false
        },
        {
          "Source": {
            "Target": "Parameter",
            "Id": "ParamAngleZ"
          },
          "Weight": 50,
          "Type": "Angle",
          "Reflect": false
        },
        {
          "Source": {
            "Target": "Parameter",
            "Id": "Param2"
          },
          "Weight": 30,
          "Type": "Angle",
          "Reflect": false
        },
        {
          "Source": {
            "Target": "Parameter",
            "Id": "Param3"
          },
          "Weight": 20,
          "Type": "Angle",
          "Reflect": false
        }
      ],
      "Output": [
        {
          "Destination": {
            "Target": "Parameter",
            "Id": "L_ParamHairSide1"
          },
          "VertexIndex": 1,
          "Scale": 100,
          "Weight": 100,
          "Type": "Angle",
          "Reflect": false
        },
        {
          "Destination": {
            "Target": "Parameter",
            "Id": "L_ParamHairSide2"
          },
          "VertexIndex": 2,
          "Scale": 100,
          "Weight": 100,
          "Type": "Angle",
          "Reflect": false
        },
        {
          "Destination": {
            "Target": "Parameter",
            "Id": "L_ParamHairSide3"
          },
          "VertexIndex": 3,
          "Scale": 100,
          "Weight": 100,
          "Type": "Angle",
          "Reflect": false
        },
        {
          "Destination": {
            "Target": "Parameter",
            "Id": "L_ParamHairSide4"
          },
          "VertexIndex": 4,
          "Scale": 100,
          "Weight": 100,
          "Type": "Angle",
          "Reflect": false
        },
        {
          "Destination": {
            "Target": "Parameter",
            "Id": "L_ParamHairSide5"
          },
          "VertexIndex": 5,
          "Scale": 100,
          "Weight": 100,
          "Type": "Angle",
          "Reflect": false
        },
        {
          "Destination": {
            "Target": "Parameter",
            "Id": "L_ParamHairSide6"
          },
          "VertexIndex": 6,
          "Scale": 100,
          "Weight": 100,
          "Type": "Angle",
          "Reflect": false
        }
      ],
      "Vertices": [
        {
          "Position": {
            "X": 0,
            "Y": 0
          },
          "Mobility": 0.9,
          "Delay": 0.8,
          "Acceleration": 1,
          "Radius": 5
        },
        {
          "Position": {
            "X": 0,
            "Y": 5
          },
          "Mobility": 0.9,
          "Delay": 0.8,
          "Acceleration": 1,
          "Radius": 5
        },
        {
          "Position": {
            "X": 0,
            "Y": 10
          },
          "Mobility": 0.9,
          "Delay": 0.8,
          "Acceleration": 1,
          "Radius": 5
        },
        {
          "Position": {
            "X": 0,
            "Y": 15
          },
          "Mobility": 0.9,
          "Delay": 0.8,
          "Acceleration": 1,
          "Radius": 5
        },
        {
          "Position": {
            "X": 0,
            "Y": 20
          },
          "Mobility": 0.9,
          "Delay": 0.8,
          "Acceleration": 1,
          "Radius": 5
        },
        {
          "Position": {
            "X": 0,
            "Y": 25
          },
          "Mobility": 0.9,
          "Delay": 0.8,
          "Acceleration": 1,
          "Radius": 5
        },
        {
          "Position": {
            "X": 0,
            "Y": 30
          },
          "Mobility": 0.9,
          "Delay": 0.8,
          "Acceleration": 1,
          "Radius": 5
        }
      ],
      "Normalization": {
        "Position": {
          "Minimum": -10,
          "Default": 0,
          "Maximum": 10
        },
        "Angle": {
          "Minimum": -10,
          "Default": 0,
          "Maximum": 10
        }
      }
    },
    {
      "Id": "PhysicsSetting19",
      "Input": [
        {
          "Source": {
            "Target": "Parameter",
            "Id": "ParamAngleX"
          },
          "Weight": 25,
          "Type": "X",
          "Reflect": false
        },
        {
          "Source": {
            "Target": "Parameter",
            "Id": "ParamAngleY"
          },
          "Weight": 25,
          "Type": "X",
          "Reflect": true
        },
        {
          "Source": {
            "Target": "Parameter",
            "Id": "Hair_physics"
          },
          "Weight": 50,
          "Type": "X",
          "Reflect": false
        },
        {
          "Source": {
            "Target": "Parameter",
            "Id": "ParamAngleZ"
          },
          "Weight": 50,
          "Type": "Angle",
          "Reflect": false
        },
        {
          "Source": {
            "Target": "Parameter",
            "Id": "Param2"
          },
          "Weight": 30,
          "Type": "Angle",
          "Reflect": false
        },
        {
          "Source": {
            "Target": "Parameter",
            "Id": "Param3"
          },
          "Weight": 20,
          "Type": "Angle",
          "Reflect": false
        }
      ],
      "Output": [
        {
          "Destination": {
            "Target": "Parameter",
            "Id": "R_ParamHairSide1"
          },
          "VertexIndex": 1,
          "Scale": 100,
          "Weight": 100,
          "Type": "Angle",
          "Reflect": false
        },
        {
          "Destination": {
            "Target": "Parameter",
            "Id": "R_ParamHairSide2"
          },
          "VertexIndex": 2,
          "Scale": 100,
          "Weight": 100,
          "Type": "Angle",
          "Reflect": false
        },
        {
          "Destination": {
            "Target": "Parameter",
            "Id": "R_ParamHairSide3"
          },
          "VertexIndex": 3,
          "Scale": 100,
          "Weight": 100,
          "Type": "Angle",
          "Reflect": false
        },
        {
          "Destination": {
            "Target": "Parameter",
            "Id": "R_ParamHairSide4"
          },
          "VertexIndex": 4,
          "Scale": 100,
          "Weight": 100,
          "Type": "Angle",
          "Reflect": false
        },
        {
          "Destination": {
            "Target": "Parameter",
            "Id": "R_ParamHairSide5"
          },
          "VertexIndex": 5,
          "Scale": 100,
          "Weight": 100,
          "Type": "Angle",
          "Reflect": false
        },
        {
          "Destination": {
            "Target": "Parameter",
            "Id": "R_ParamHairSide6"
          },
          "VertexIndex": 6,
          "Scale": 100,
          "Weight": 100,
          "Type": "Angle",
          "Reflect": false
        }
      ],
      "Vertices": [
        {
          "Position": {
            "X": 0,
            "Y": 0
          },
          "Mobility": 0.9,
          "Delay": 0.8,
          "Acceleration": 1,
          "Radius": 5
        },
        {
          "Position": {
            "X": 0,
            "Y": 5
          },
          "Mobility": 0.9,
          "Delay": 0.8,
          "Acceleration": 1,
          "Radius": 5
        },
        {
          "Position": {
            "X": 0,
            "Y": 10
          },
          "Mobility": 0.9,
          "Delay": 0.8,
          "Acceleration": 1,
          "Radius": 5
        },
        {
          "Position": {
            "X": 0,
            "Y": 15
          },
          "Mobility": 0.9,
          "Delay": 0.8,
          "Acceleration": 1,
          "Radius": 5
        },
        {
          "Position": {
            "X": 0,
            "Y": 20
          },
          "Mobility": 0.9,
          "Delay": 0.8,
          "Acceleration": 1,
          "Radius": 5
        },
        {
          "Position": {
            "X": 0,
            "Y": 25
          },
          "Mobility": 0.9,
          "Delay": 0.8,
          "Acceleration": 1,
          "Radius": 5
        },
        {
          "Position": {
            "X": 0,
            "Y": 30
          },
          "Mobility": 0.9,
          "Delay": 0.8,
          "Acceleration": 1,
          "Radius": 5
        }
      ],
      "Normalization": {
        "Position": {
          "Minimum": -10,
          "Default": 0,
          "Maximum": 10
        },
        "Angle": {
          "Minimum": -10,
          "Default": 0,
          "Maximum": 10
        }
      }
    },
    {
      "Id": "PhysicsSetting20",
      "Input": [
        {
          "Source": {
            "Target": "Parameter",
            "Id": "ParamAngleX"
          },
          "Weight": 25,
          "Type": "X",
          "Reflect": false
        },
        {
          "Source": {
            "Target": "Parameter",
            "Id": "ParamAngleY"
          },
          "Weight": 25,
          "Type": "X",
          "Reflect": false
        },
        {
          "Source": {
            "Target": "Parameter",
            "Id": "Hair_physics"
          },
          "Weight": 50,
          "Type": "X",
          "Reflect": false
        },
        {
          "Source": {
            "Target": "Parameter",
            "Id": "ParamAngleZ"
          },
          "Weight": 50,
          "Type": "Angle",
          "Reflect": false
        },
        {
          "Source": {
            "Target": "Parameter",
            "Id": "Param2"
          },
          "Weight": 30,
          "Type": "Angle",
          "Reflect": false
        },
        {
          "Source": {
            "Target": "Parameter",
            "Id": "Param3"
          },
          "Weight": 20,
          "Type": "Angle",
          "Reflect": false
        }
      ],
      "Output": [
        {
          "Destination": {
            "Target": "Parameter",
            "Id": "L_ParamHairBack1"
          },
          "VertexIndex": 1,
          "Scale": 60,
          "Weight": 100,
          "Type": "Angle",
          "Reflect": false
        },
        {
          "Destination": {
            "Target": "Parameter",
            "Id": "L_ParamHairBack2"
          },
          "VertexIndex": 2,
          "Scale": 60,
          "Weight": 100,
          "Type": "Angle",
          "Reflect": false
        },
        {
          "Destination": {
            "Target": "Parameter",
            "Id": "L_ParamHairBack3"
          },
          "VertexIndex": 3,
          "Scale": 60,
          "Weight": 100,
          "Type": "Angle",
          "Reflect": false
        },
        {
          "Destination": {
            "Target": "Parameter",
            "Id": "L_ParamHairBack4"
          },
          "VertexIndex": 4,
          "Scale": 60,
          "Weight": 100,
          "Type": "Angle",
          "Reflect": false
        },
        {
          "Destination": {
            "Target": "Parameter",
            "Id": "L_ParamHairBack5"
          },
          "VertexIndex": 5,
          "Scale": 60,
          "Weight": 100,
          "Type": "Angle",
          "Reflect": false
        },
        {
          "Destination": {
            "Target": "Parameter",
            "Id": "L_ParamHairBack6"
          },
          "VertexIndex": 6,
          "Scale": 60,
          "Weight": 100,
          "Type": "Angle",
          "Reflect": false
        },
        {
          "Destination": {
            "Target": "Parameter",
            "Id": "L_ParamHairBack7"
          },
          "VertexIndex": 7,
          "Scale": 60,
          "Weight": 100,
          "Type": "Angle",
          "Reflect": false
        },
        {
          "Destination": {
            "Target": "Parameter",
            "Id": "L_ParamHairBack8"
          },
          "VertexIndex": 8,
          "Scale": 60,
          "Weight": 100,
          "Type": "Angle",
          "Reflect": false
        }
      ],
      "Vertices": [
        {
          "Position": {
            "X": 0,
            "Y": 0
          },
          "Mobility": 0.9,
          "Delay": 0.8,
          "Acceleration": 1,
          "Radius": 5
        },
        {
          "Position": {
            "X": 0,
            "Y": 5
          },
          "Mobility": 0.9,
          "Delay": 0.8,
          "Acceleration": 1,
          "Radius": 5
        },
        {
          "Position": {
            "X": 0,
            "Y": 10
          },
          "Mobility": 0.9,
          "Delay": 0.8,
          "Acceleration": 1,
          "Radius": 5
        },
        {
          "Position": {
            "X": 0,
            "Y": 15
          },
          "Mobility": 0.9,
          "Delay": 0.8,
          "Acceleration": 1,
          "Radius": 5
        },
        {
          "Position": {
            "X": 0,
            "Y": 20
          },
          "Mobility": 0.9,
          "Delay": 0.8,
          "Acceleration": 1,
          "Radius": 5
        },
        {
          "Position": {
            "X": 0,
            "Y": 25
          },
          "Mobility": 0.9,
          "Delay": 0.8,
          "Acceleration": 1,
          "Radius": 5
        },
        {
          "Position": {
            "X": 0,
            "Y": 30
          },
          "Mobility": 0.9,
          "Delay": 0.8,
          "Acceleration": 1,
          "Radius": 5
        },
        {
          "Position": {
            "X": 0,
            "Y": 35
          },
          "Mobility": 0.9,
          "Delay": 0.8,
          "Acceleration": 1,
          "Radius": 5
        },
        {
          "Position": {
            "X": 0,
            "Y": 40
          },
          "Mobility": 0.9,
          "Delay": 0.8,
          "Acceleration": 1,
          "Radius": 5
        }
      ],
      "Normalization": {
        "Position": {
          "Minimum": -10,
          "Default": 0,
          "Maximum": 10
        },
        "Angle": {
          "Minimum": -10,
          "Default": 0,
          "Maximum": 10
        }
      }
    },
    {
      "Id": "PhysicsSetting21",
      "Input": [
        {
          "Source": {
            "Target": "Parameter",
            "Id": "ParamAngleX"
          },
          "Weight": 25,
          "Type": "X",
          "Reflect": false
        },
        {
          "Source": {
            "Target": "Parameter",
            "Id": "ParamAngleY"
          },
          "Weight": 25,
          "Type": "X",
          "Reflect": true
        },
        {
          "Source": {
            "Target": "Parameter",
            "Id": "Hair_physics"
          },
          "Weight": 50,
          "Type": "X",
          "Reflect": false
        },
        {
          "Source": {
            "Target": "Parameter",
            "Id": "ParamAngleZ"
          },
          "Weight": 50,
          "Type": "Angle",
          "Reflect": false
        },
        {
          "Source": {
            "Target": "Parameter",
            "Id": "Param2"
          },
          "Weight": 30,
          "Type": "Angle",
          "Reflect": false
        },
        {
          "Source": {
            "Target": "Parameter",
            "Id": "Param3"
          },
          "Weight": 20,
          "Type": "Angle",
          "Reflect": false
        }
      ],
      "Output": [
        {
          "Destination": {
            "Target": "Parameter",
            "Id": "R_ParamHairBack1"
          },
          "VertexIndex": 1,
          "Scale": 30,
          "Weight": 100,
          "Type": "Angle",
          "Reflect": false
        },
        {
          "Destination": {
            "Target": "Parameter",
            "Id": "R_ParamHairBack2"
          },
          "VertexIndex": 2,
          "Scale": 30,
          "Weight": 100,
          "Type": "Angle",
          "Reflect": false
        },
        {
          "Destination": {
            "Target": "Parameter",
            "Id": "R_ParamHairBack3"
          },
          "VertexIndex": 3,
          "Scale": 30,
          "Weight": 100,
          "Type": "Angle",
          "Reflect": false
        },
        {
          "Destination": {
            "Target": "Parameter",
            "Id": "R_ParamHairBack4"
          },
          "VertexIndex": 4,
          "Scale": 30,
          "Weight": 100,
          "Type": "Angle",
          "Reflect": false
        },
        {
          "Destination": {
            "Target": "Parameter",
            "Id": "R_ParamHairBack5"
          },
          "VertexIndex": 5,
          "Scale": 30,
          "Weight": 100,
          "Type": "Angle",
          "Reflect": false
        },
        {
          "Destination": {
            "Target": "Parameter",
            "Id": "R_ParamHairBack6"
          },
          "VertexIndex": 6,
          "Scale": 30,
          "Weight": 100,
          "Type": "Angle",
          "Reflect": false
        },
        {
          "Destination": {
            "Target": "Parameter",
            "Id": "R_ParamHairBack7"
          },
          "VertexIndex": 7,
          "Scale": 30,
          "Weight": 100,
          "Type": "Angle",
          "Reflect": false
        },
        {
          "Destination": {
            "Target": "Parameter",
            "Id": "R_ParamHairBack8"
          },
          "VertexIndex": 8,
          "Scale": 30,
          "Weight": 100,
          "Type": "Angle",
          "Reflect": false
        }
      ],
      "Vertices": [
        {
          "Position": {
            "X": 0,
            "Y": 0
          },
          "Mobility": 0.9,
          "Delay": 0.8,
          "Acceleration": 1,
          "Radius": 5
        },
        {
          "Position": {
            "X": 0,
            "Y": 5
          },
          "Mobility": 0.9,
          "Delay": 0.8,
          "Acceleration": 1,
          "Radius": 5
        },
        {
          "Position": {
            "X": 0,
            "Y": 10
          },
          "Mobility": 0.9,
          "Delay": 0.8,
          "Acceleration": 1,
          "Radius": 5
        },
        {
          "Position": {
            "X": 0,
            "Y": 15
          },
          "Mobility": 0.9,
          "Delay": 0.8,
          "Acceleration": 1,
          "Radius": 5
        },
        {
          "Position": {
            "X": 0,
            "Y": 20
          },
          "Mobility": 0.9,
          "Delay": 0.8,
          "Acceleration": 1,
          "Radius": 5
        },
        {
          "Position": {
            "X": 0,
            "Y": 25
          },
          "Mobility": 0.9,
          "Delay": 0.8,
          "Acceleration": 1,
          "Radius": 5
        },
        {
          "Position": {
            "X": 0,
            "Y": 30
          },
          "Mobility": 0.9,
          "Delay": 0.8,
          "Acceleration": 1,
          "Radius": 5
        },
        {
          "Position": {
            "X": 0,
            "Y": 35
          },
          "Mobility": 0.9,
          "Delay": 0.8,
          "Acceleration": 1,
          "Radius": 5
        },
        {
          "Position": {
            "X": 0,
            "Y": 40
          },
          "Mobility": 0.9,
          "Delay": 0.8,
          "Acceleration": 1,
          "Radius": 5
        }
      ],
      "Normalization": {
        "Position": {
          "Minimum": -10,
          "Default": 0,
          "Maximum": 10
        },
        "Angle": {
          "Minimum": -10,
          "Default": 0,
          "Maximum": 10
        }
      }
    },
    {
      "Id": "PhysicsSetting22",
      "Input": [
        {
          "Source": {
            "Target": "Parameter",
            "Id": "Clothes_physics"
          },
          "Weight": 30,
          "Type": "X",
          "Reflect": false
        },
        {
          "Source": {
            "Target": "Parameter",
            "Id": "Param4"
          },
          "Weight": 50,
          "Type": "Angle",
          "Reflect": false
        },
        {
          "Source": {
            "Target": "Parameter",
            "Id": "Param6"
          },
          "Weight": 50,
          "Type": "X",
          "Reflect": false
        }
      ],
      "Output": [
        {
          "Destination": {
            "Target": "Parameter",
            "Id": "yifuzuomawei"
          },
          "VertexIndex": 1,
          "Scale": 1,
          "Weight": 100,
          "Type": "Angle",
          "Reflect": false
        },
        {
          "Destination": {
            "Target": "Parameter",
            "Id": "yifuzuomawei2"
          },
          "VertexIndex": 2,
          "Scale": 1,
          "Weight": 100,
          "Type": "Angle",
          "Reflect": false
        }
      ],
      "Vertices": [
        {
          "Position": {
            "X": 0,
            "Y": 0
          },
          "Mobility": 0.9,
          "Delay": 0.8,
          "Acceleration": 1,
          "Radius": 5
        },
        {
          "Position": {
            "X": 0,
            "Y": 15
          },
          "Mobility": 0.98,
          "Delay": 0.8,
          "Acceleration": 1.5,
          "Radius": 15
        },
        {
          "Position": {
            "X": 0,
            "Y": 20
          },
          "Mobility": 0.9,
          "Delay": 0.8,
          "Acceleration": 1,
          "Radius": 5
        },
        {
          "Position": {
            "X": 0,
            "Y": 25
          },
          "Mobility": 0.9,
          "Delay": 0.8,
          "Acceleration": 1,
          "Radius": 5
        },
        {
          "Position": {
            "X": 0,
            "Y": 30
          },
          "Mobility": 0.9,
          "Delay": 0.8,
          "Acceleration": 1,
          "Radius": 5
        },
        {
          "Position": {
            "X": 0,
            "Y": 35
          },
          "Mobility": 0.9,
          "Delay": 0.8,
          "Acceleration": 1,
          "Radius": 5
        },
        {
          "Position": {
            "X": 0,
            "Y": 40
          },
          "Mobility": 0.9,
          "Delay": 0.8,
          "Acceleration": 1,
          "Radius": 5
        },
        {
          "Position": {
            "X": 0,
            "Y": 45
          },
          "Mobility": 0.9,
          "Delay": 0.8,
          "Acceleration": 1,
          "Radius": 5
        },
        {
          "Position": {
            "X": 0,
            "Y": 50
          },
          "Mobility": 0.9,
          "Delay": 0.8,
          "Acceleration": 1,
          "Radius": 5
        }
      ],
      "Normalization": {
        "Position": {
          "Minimum": -10,
          "Default": 0,
          "Maximum": 10
        },
        "Angle": {
          "Minimum": -10,
          "Default": 0,
          "Maximum": 10
        }
      }
    },
    {
      "Id": "PhysicsSetting23",
      "Input": [
        {
          "Source": {
            "Target": "Parameter",
            "Id": "Clothes_physics"
          },
          "Weight": 30,
          "Type": "X",
          "Reflect": false
        },
        {
          "Source": {
            "Target": "Parameter",
            "Id": "Param4"
          },
          "Weight": 50,
          "Type": "Angle",
          "Reflect": false
        },
        {
          "Source": {
            "Target": "Parameter",
            "Id": "Param6"
          },
          "Weight": 50,
          "Type": "X",
          "Reflect": true
        }
      ],
      "Output": [
        {
          "Destination": {
            "Target": "Parameter",
            "Id": "yifuzuomawei3"
          },
          "VertexIndex": 1,
          "Scale": 1,
          "Weight": 100,
          "Type": "Angle",
          "Reflect": false
        },
        {
          "Destination": {
            "Target": "Parameter",
            "Id": "youhoumawei2"
          },
          "VertexIndex": 2,
          "Scale": 1,
          "Weight": 100,
          "Type": "Angle",
          "Reflect": false
        }
      ],
      "Vertices": [
        {
          "Position": {
            "X": 0,
            "Y": 0
          },
          "Mobility": 0.9,
          "Delay": 0.8,
          "Acceleration": 1,
          "Radius": 5
        },
        {
          "Position": {
            "X": 0,
            "Y": 15
          },
          "Mobility": 0.98,
          "Delay": 0.8,
          "Acceleration": 1.5,
          "Radius": 15
        },
        {
          "Position": {
            "X": 0,
            "Y": 20
          },
          "Mobility": 0.9,
          "Delay": 0.8,
          "Acceleration": 1,
          "Radius": 5
        },
        {
          "Position": {
            "X": 0,
            "Y": 25
          },
          "Mobility": 0.9,
          "Delay": 0.8,
          "Acceleration": 1,
          "Radius": 5
        },
        {
          "Position": {
            "X": 0,
            "Y": 30
          },
          "Mobility": 0.9,
          "Delay": 0.8,
          "Acceleration": 1,
          "Radius": 5
        },
        {
          "Position": {
            "X": 0,
            "Y": 35
          },
          "Mobility": 0.9,
          "Delay": 0.8,
          "Acceleration": 1,
          "Radius": 5
        },
        {
          "Position": {
            "X": 0,
            "Y": 40
          },
          "Mobility": 0.9,
          "Delay": 0.8,
          "Acceleration": 1,
          "Radius": 5
        },
        {
          "Position": {
            "X": 0,
            "Y": 45
          },
          "Mobility": 0.9,
          "Delay": 0.8,
          "Acceleration": 1,
          "Radius": 5
        },
        {
          "Position": {
            "X": 0,
            "Y": 50
          },
          "Mobility": 0.9,
          "Delay": 0.8,
          "Acceleration": 1,
          "Radius": 5
        }
      ],
      "Normalization": {
        "Position": {
          "Minimum": -10,
          "Default": 0,
          "Maximum": 10
        },
        "Angle": {
          "Minimum": -10,
          "Default": 0,
          "Maximum": 10
        }
      }
    },
    {
      "Id": "PhysicsSetting24",
      "Input": [
        {
          "Source": {
            "Target": "Parameter",
            "Id": "ParamAngleY"
          },
          "Weight": 50,
          "Type": "X",
          "Reflect": false
        },
        {
          "Source": {
            "Target": "Parameter",
            "Id": "OP_physics"
          },
          "Weight": 50,
          "Type": "X",
          "Reflect": false
        }
      ],
      "Output": [
        {
          "Destination": {
            "Target": "Parameter",
            "Id": "ZD_BustMotionY_L"
          },
          "VertexIndex": 1,
          "Scale": 45,
          "Weight": 100,
          "Type": "Angle",
          "Reflect": false
        },
        {
          "Destination": {
            "Target": "Parameter",
            "Id": "ZD_BustMotionY_X"
          },
          "VertexIndex": 2,
          "Scale": 45,
          "Weight": 100,
          "Type": "Angle",
          "Reflect": false
        }
      ],
      "Vertices": [
        {
          "Position": {
            "X": 0,
            "Y": 0
          },
          "Mobility": 0.9,
          "Delay": 0.8,
          "Acceleration": 1,
          "Radius": 5
        },
        {
          "Position": {
            "X": 0,
            "Y": 15
          },
          "Mobility": 0.98,
          "Delay": 0.8,
          "Acceleration": 1.5,
          "Radius": 15
        },
        {
          "Position": {
            "X": 0,
            "Y": 20
          },
          "Mobility": 0.9,
          "Delay": 0.8,
          "Acceleration": 1,
          "Radius": 5
        },
        {
          "Position": {
            "X": 0,
            "Y": 25
          },
          "Mobility": 0.9,
          "Delay": 0.8,
          "Acceleration": 1,
          "Radius": 5
        }
      ],
      "Normalization": {
        "Position": {
          "Minimum": -10,
          "Default": 0,
          "Maximum": 10
        },
        "Angle": {
          "Minimum": -10,
          "Default": 0,
          "Maximum": 10
        }
      }
    },
    {
      "Id": "PhysicsSetting25",
      "Input": [
        {
          "Source": {
            "Target": "Parameter",
            "Id": "ParamAngleX"
          },
          "Weight": 30,
          "Type": "X",
          "Reflect": false
        },
        {
          "Source": {
            "Target": "Parameter",
            "Id": "ParamAngleY"
          },
          "Weight": 30,
          "Type": "X",
          "Reflect": false
        },
        {
          "Source": {
            "Target": "Parameter",
            "Id": "OP_physics"
          },
          "Weight": 40,
          "Type": "X",
          "Reflect": false
        }
      ],
      "Output": [
        {
          "Destination": {
            "Target": "Parameter",
            "Id": "ZD_BustMotionX_L"
          },
          "VertexIndex": 2,
          "Scale": 30,
          "Weight": 100,
          "Type": "Angle",
          "Reflect": false
        }
      ],
      "Vertices": [
        {
          "Position": {
            "X": 0,
            "Y": 0
          },
          "Mobility": 0.9,
          "Delay": 0.8,
          "Acceleration": 1,
          "Radius": 5
        },
        {
          "Position": {
            "X": 0,
            "Y": 15
          },
          "Mobility": 0.98,
          "Delay": 0.8,
          "Acceleration": 1.5,
          "Radius": 15
        },
        {
          "Position": {
            "X": 0,
            "Y": 20
          },
          "Mobility": 0.9,
          "Delay": 0.8,
          "Acceleration": 1,
          "Radius": 5
        },
        {
          "Position": {
            "X": 0,
            "Y": 25
          },
          "Mobility": 0.9,
          "Delay": 0.8,
          "Acceleration": 1,
          "Radius": 5
        }
      ],
      "Normalization": {
        "Position": {
          "Minimum": -10,
          "Default": 0,
          "Maximum": 10
        },
        "Angle": {
          "Minimum": -10,
          "Default": 0,
          "Maximum": 10
        }
      }
    },
    {
      "Id": "PhysicsSetting26",
      "Input": [
        {
          "Source": {
            "Target": "Parameter",
            "Id": "ParamAngleX"
          },
          "Weight": 30,
          "Type": "X",
          "Reflect": false
        },
        {
          "Source": {
            "Target": "Parameter",
            "Id": "ParamAngleY"
          },
          "Weight": 30,
          "Type": "X",
          "Reflect": true
        },
        {
          "Source": {
            "Target": "Parameter",
            "Id": "OP_physics"
          },
          "Weight": 40,
          "Type": "X",
          "Reflect": false
        }
      ],
      "Output": [
        {
          "Destination": {
            "Target": "Parameter",
            "Id": "ZD_BustMotionX_R"
          },
          "VertexIndex": 2,
          "Scale": 30,
          "Weight": 100,
          "Type": "Angle",
          "Reflect": false
        }
      ],
      "Vertices": [
        {
          "Position": {
            "X": 0,
            "Y": 0
          },
          "Mobility": 0.9,
          "Delay": 0.8,
          "Acceleration": 1,
          "Radius": 5
        },
        {
          "Position": {
            "X": 0,
            "Y": 15
          },
          "Mobility": 0.98,
          "Delay": 0.8,
          "Acceleration": 1.5,
          "Radius": 15
        },
        {
          "Position": {
            "X": 0,
            "Y": 20
          },
          "Mobility": 0.9,
          "Delay": 0.8,
          "Acceleration": 1,
          "Radius": 5
        },
        {
          "Position": {
            "X": 0,
            "Y": 25
          },
          "Mobility": 0.9,
          "Delay": 0.8,
          "Acceleration": 1,
          "Radius": 5
        }
      ],
      "Normalization": {
        "Position": {
          "Minimum": -10,
          "Default": 0,
          "Maximum": 10
        },
        "Angle": {
          "Minimum": -10,
          "Default": 0,
          "Maximum": 10
        }
      }
    }
  ]
}