{
  "Version": 3,
  "Meta": {
    "PhysicsSettingCount": 1,
    "TotalInputCount": 1,
    "TotalOutputCount": 1,
    "VertexCount": 3,
    "EffectiveForces": {
      "Gravity": {
        "X": 0,
        "Y": -1
      },
      "Wind": {
        "X": 0,
        "Y": 0
      }
    },
    "PhysicsDictionary": [
      {
        "Id": "PhysicsSetting1",
        "Name": "Dummy1"
      }
    ]
  },
  "PhysicsSettings": [
    {
      "Id": "PhysicsSetting1",
      "Input": [
        {
          "Source": {
            "Target": "Parameter",
            "Id": "Param197"
          },
          "Weight": 100,
          "Type": "X",
          "Reflect": false
        }
      ],
      "Output": [
        {
          "Destination": {
            "Target": "Parameter",
            "Id": "Param198"
          },
          "VertexIndex": 1,
          "Scale": 1,
          "Weight": 100,
          "Type": "Angle",
          "Reflect": false
        }
      ],
      "Vertices": [
        {
          "Position": {
            "X": 0,
            "Y": 0
          },
          "Mobility": 1,
          "Delay": 1,
          "Acceleration": 1,
          "Radius": 0
        },
        {
          "Position": {
            "X": 0,
            "Y": 10
          },
          "Mobility": 0.9,
          "Delay": 0.8,
          "Acceleration": 1.5,
          "Radius": 10
        },
        {
          "Position": {
            "X": 0,
            "Y": 18
          },
          "Mobility": 0.8,
          "Delay": 0.8,
          "Acceleration": 1.5,
          "Radius": 8
        }
      ],
      "Normalization": {
        "Position": {
          "Minimum": -10,
          "Default": 0,
          "Maximum": 10
        },
        "Angle": {
          "Minimum": -10,
          "Default": 0,
          "Maximum": 10
        }
      }
    }
  ]
}