{
  "Version": 3,
  "Meta": {
    "PhysicsSettingCount": 18,
    "TotalInputCount": 63,
    "TotalOutputCount": 46,
    "VertexCount": 83,
    "EffectiveForces": {
      "Gravity": {
        "X": 0,
        "Y": -1
      },
      "Wind": {
        "X": 0,
        "Y": 0
      }
    },
    "PhysicsDictionary": [
      {
        "Id": "PhysicsSetting1",
        "Name": "Dummy1"
      },
      {
        "Id": "PhysicsSetting2",
        "Name": "Dummy2"
      },
      {
        "Id": "PhysicsSetting3",
        "Name": "Dummy3"
      },
      {
        "Id": "PhysicsSetting4",
        "Name": "Dummy4"
      },
      {
        "Id": "PhysicsSetting5",
        "Name": "Dummy5"
      },
      {
        "Id": "PhysicsSetting6",
        "Name": "Dummy6"
      },
      {
        "Id": "PhysicsSetting7",
        "Name": "Dummy7"
      },
      {
        "Id": "PhysicsSetting8",
        "Name": "Dummy8"
      },
      {
        "Id": "PhysicsSetting9",
        "Name": "Dummy9"
      },
      {
        "Id": "PhysicsSetting10",
        "Name": "Dummy10"
      },
      {
        "Id": "PhysicsSetting11",
        "Name": "Dummy11"
      },
      {
        "Id": "PhysicsSetting12",
        "Name": "Dummy12"
      },
      {
        "Id": "PhysicsSetting13",
        "Name": "Dummy13"
      },
      {
        "Id": "PhysicsSetting14",
        "Name": "Dummy14"
      },
      {
        "Id": "PhysicsSetting15",
        "Name": "Dummy15"
      },
      {
        "Id": "PhysicsSetting16",
        "Name": "Dummy16"
      },
      {
        "Id": "PhysicsSetting17",
        "Name": "Dummy17"
      },
      {
        "Id": "PhysicsSetting18",
        "Name": "Dummy18"
      }
    ]
  },
  "PhysicsSettings": [
    {
      "Id": "PhysicsSetting1",
      "Input": [
        {
          "Source": {
            "Target": "Parameter",
            "Id": "ParamAngleX"
          },
          "Weight": 30,
          "Type": "X",
          "Reflect": false
        },
        {
          "Source": {
            "Target": "Parameter",
            "Id": "ParamAngleY"
          },
          "Weight": 30,
          "Type": "X",
          "Reflect": false
        },
        {
          "Source": {
            "Target": "Parameter",
            "Id": "ParamAngleZ"
          },
          "Weight": 50,
          "Type": "Angle",
          "Reflect": false
        },
        {
          "Source": {
            "Target": "Parameter",
            "Id": "ParamBodyAngleX"
          },
          "Weight": 40,
          "Type": "X",
          "Reflect": false
        },
        {
          "Source": {
            "Target": "Parameter",
            "Id": "bodyxiaZ"
          },
          "Weight": 50,
          "Type": "Angle",
          "Reflect": false
        }
      ],
      "Output": [
        {
          "Destination": {
            "Target": "Parameter",
            "Id": "qianfaM1"
          },
          "VertexIndex": 3,
          "Scale": 4,
          "Weight": 100,
          "Type": "Angle",
          "Reflect": false
        },
        {
          "Destination": {
            "Target": "Parameter",
            "Id": "qianfaM1Y"
          },
          "VertexIndex": 2,
          "Scale": 5,
          "Weight": 100,
          "Type": "Angle",
          "Reflect": false
        }
      ],
      "Vertices": [
        {
          "Position": {
            "X": 0,
            "Y": 0
          },
          "Mobility": 1,
          "Delay": 1,
          "Acceleration": 1,
          "Radius": 0
        },
        {
          "Position": {
            "X": 0,
            "Y": 5.6
          },
          "Mobility": 0.95,
          "Delay": 0.94,
          "Acceleration": 0.85,
          "Radius": 5.6
        },
        {
          "Position": {
            "X": 0,
            "Y": 11.9
          },
          "Mobility": 0.92,
          "Delay": 0.94,
          "Acceleration": 0.85,
          "Radius": 6.3
        },
        {
          "Position": {
            "X": 0,
            "Y": 17.9
          },
          "Mobility": 0.92,
          "Delay": 0.94,
          "Acceleration": 0.85,
          "Radius": 6
        }
      ],
      "Normalization": {
        "Position": {
          "Minimum": -1,
          "Default": 0,
          "Maximum": 1
        },
        "Angle": {
          "Minimum": -5,
          "Default": 0,
          "Maximum": 5
        }
      }
    },
    {
      "Id": "PhysicsSetting2",
      "Input": [
        {
          "Source": {
            "Target": "Parameter",
            "Id": "ParamAngleX"
          },
          "Weight": 30,
          "Type": "X",
          "Reflect": false
        },
        {
          "Source": {
            "Target": "Parameter",
            "Id": "ParamAngleY"
          },
          "Weight": 30,
          "Type": "X",
          "Reflect": false
        },
        {
          "Source": {
            "Target": "Parameter",
            "Id": "ParamAngleZ"
          },
          "Weight": 50,
          "Type": "Angle",
          "Reflect": false
        },
        {
          "Source": {
            "Target": "Parameter",
            "Id": "ParamBodyAngleX"
          },
          "Weight": 40,
          "Type": "X",
          "Reflect": false
        },
        {
          "Source": {
            "Target": "Parameter",
            "Id": "bodyxiaZ"
          },
          "Weight": 50,
          "Type": "Angle",
          "Reflect": false
        }
      ],
      "Output": [
        {
          "Destination": {
            "Target": "Parameter",
            "Id": "cefaLX"
          },
          "VertexIndex": 3,
          "Scale": 5,
          "Weight": 100,
          "Type": "Angle",
          "Reflect": false
        },
        {
          "Destination": {
            "Target": "Parameter",
            "Id": "cefaLY"
          },
          "VertexIndex": 2,
          "Scale": 5,
          "Weight": 100,
          "Type": "Angle",
          "Reflect": false
        }
      ],
      "Vertices": [
        {
          "Position": {
            "X": 0,
            "Y": 0
          },
          "Mobility": 1,
          "Delay": 1,
          "Acceleration": 1,
          "Radius": 0
        },
        {
          "Position": {
            "X": 0,
            "Y": 5.2
          },
          "Mobility": 0.96,
          "Delay": 0.87,
          "Acceleration": 0.77,
          "Radius": 5.2
        },
        {
          "Position": {
            "X": 0,
            "Y": 10.2
          },
          "Mobility": 0.85,
          "Delay": 0.87,
          "Acceleration": 0.74,
          "Radius": 5
        },
        {
          "Position": {
            "X": 0,
            "Y": 15.2
          },
          "Mobility": 0.94,
          "Delay": 0.85,
          "Acceleration": 0.76,
          "Radius": 5
        },
        {
          "Position": {
            "X": 0,
            "Y": 21.2
          },
          "Mobility": 0.87,
          "Delay": 0.88,
          "Acceleration": 0.76,
          "Radius": 6
        },
        {
          "Position": {
            "X": 0,
            "Y": 27.2
          },
          "Mobility": 0.89,
          "Delay": 0.82,
          "Acceleration": 0.86,
          "Radius": 6
        }
      ],
      "Normalization": {
        "Position": {
          "Minimum": -1,
          "Default": 0,
          "Maximum": 1
        },
        "Angle": {
          "Minimum": -5,
          "Default": 0,
          "Maximum": 5
        }
      }
    },
    {
      "Id": "PhysicsSetting3",
      "Input": [
        {
          "Source": {
            "Target": "Parameter",
            "Id": "ParamAngleX"
          },
          "Weight": 30,
          "Type": "X",
          "Reflect": false
        },
        {
          "Source": {
            "Target": "Parameter",
            "Id": "ParamAngleY"
          },
          "Weight": 30,
          "Type": "X",
          "Reflect": false
        },
        {
          "Source": {
            "Target": "Parameter",
            "Id": "ParamAngleZ"
          },
          "Weight": 50,
          "Type": "Angle",
          "Reflect": false
        },
        {
          "Source": {
            "Target": "Parameter",
            "Id": "ParamBodyAngleX"
          },
          "Weight": 40,
          "Type": "X",
          "Reflect": false
        },
        {
          "Source": {
            "Target": "Parameter",
            "Id": "bodyxiaZ"
          },
          "Weight": 50,
          "Type": "Angle",
          "Reflect": false
        }
      ],
      "Output": [
        {
          "Destination": {
            "Target": "Parameter",
            "Id": "cefaLR2X"
          },
          "VertexIndex": 3,
          "Scale": 5,
          "Weight": 100,
          "Type": "Angle",
          "Reflect": false
        },
        {
          "Destination": {
            "Target": "Parameter",
            "Id": "cefaLR2Y"
          },
          "VertexIndex": 2,
          "Scale": 5,
          "Weight": 100,
          "Type": "Angle",
          "Reflect": false
        }
      ],
      "Vertices": [
        {
          "Position": {
            "X": 0,
            "Y": 0
          },
          "Mobility": 1,
          "Delay": 1,
          "Acceleration": 1,
          "Radius": 0
        },
        {
          "Position": {
            "X": 0,
            "Y": 5
          },
          "Mobility": 0.96,
          "Delay": 0.89,
          "Acceleration": 0.78,
          "Radius": 5
        },
        {
          "Position": {
            "X": 0,
            "Y": 11
          },
          "Mobility": 0.85,
          "Delay": 0.83,
          "Acceleration": 0.79,
          "Radius": 6
        },
        {
          "Position": {
            "X": 0,
            "Y": 17
          },
          "Mobility": 0.93,
          "Delay": 0.84,
          "Acceleration": 0.75,
          "Radius": 6
        },
        {
          "Position": {
            "X": 0,
            "Y": 23.7
          },
          "Mobility": 0.86,
          "Delay": 0.85,
          "Acceleration": 0.76,
          "Radius": 6.7
        },
        {
          "Position": {
            "X": 0,
            "Y": 29.9
          },
          "Mobility": 0.88,
          "Delay": 0.88,
          "Acceleration": 0.82,
          "Radius": 6.2
        }
      ],
      "Normalization": {
        "Position": {
          "Minimum": -1,
          "Default": 0,
          "Maximum": 1
        },
        "Angle": {
          "Minimum": -5,
          "Default": 0,
          "Maximum": 5
        }
      }
    },
    {
      "Id": "PhysicsSetting4",
      "Input": [
        {
          "Source": {
            "Target": "Parameter",
            "Id": "ParamAngleX"
          },
          "Weight": 30,
          "Type": "X",
          "Reflect": false
        },
        {
          "Source": {
            "Target": "Parameter",
            "Id": "ParamAngleY"
          },
          "Weight": 30,
          "Type": "X",
          "Reflect": false
        },
        {
          "Source": {
            "Target": "Parameter",
            "Id": "ParamAngleZ"
          },
          "Weight": 50,
          "Type": "Angle",
          "Reflect": false
        },
        {
          "Source": {
            "Target": "Parameter",
            "Id": "ParamBodyAngleX"
          },
          "Weight": 40,
          "Type": "X",
          "Reflect": false
        },
        {
          "Source": {
            "Target": "Parameter",
            "Id": "bodyxiaZ"
          },
          "Weight": 50,
          "Type": "Angle",
          "Reflect": false
        }
      ],
      "Output": [
        {
          "Destination": {
            "Target": "Parameter",
            "Id": "houfaX"
          },
          "VertexIndex": 2,
          "Scale": 5.5,
          "Weight": 100,
          "Type": "Angle",
          "Reflect": false
        },
        {
          "Destination": {
            "Target": "Parameter",
            "Id": "houfaY"
          },
          "VertexIndex": 3,
          "Scale": 6,
          "Weight": 100,
          "Type": "Angle",
          "Reflect": false
        }
      ],
      "Vertices": [
        {
          "Position": {
            "X": 0,
            "Y": 0
          },
          "Mobility": 1,
          "Delay": 1,
          "Acceleration": 1,
          "Radius": 0
        },
        {
          "Position": {
            "X": 0,
            "Y": 8.7
          },
          "Mobility": 0.94,
          "Delay": 0.87,
          "Acceleration": 0.85,
          "Radius": 8.7
        },
        {
          "Position": {
            "X": 0,
            "Y": 18.1
          },
          "Mobility": 0.94,
          "Delay": 0.82,
          "Acceleration": 0.89,
          "Radius": 9.4
        },
        {
          "Position": {
            "X": 0,
            "Y": 28.1
          },
          "Mobility": 0.94,
          "Delay": 0.82,
          "Acceleration": 0.88,
          "Radius": 10
        }
      ],
      "Normalization": {
        "Position": {
          "Minimum": -1,
          "Default": 0,
          "Maximum": 1
        },
        "Angle": {
          "Minimum": -5,
          "Default": 0,
          "Maximum": 5
        }
      }
    },
    {
      "Id": "PhysicsSetting5",
      "Input": [
        {
          "Source": {
            "Target": "Parameter",
            "Id": "ParamAngleX"
          },
          "Weight": 20,
          "Type": "X",
          "Reflect": false
        },
        {
          "Source": {
            "Target": "Parameter",
            "Id": "ParamAngleY"
          },
          "Weight": 20,
          "Type": "X",
          "Reflect": false
        },
        {
          "Source": {
            "Target": "Parameter",
            "Id": "ParamAngleZ"
          },
          "Weight": 80,
          "Type": "Angle",
          "Reflect": false
        }
      ],
      "Output": [
        {
          "Destination": {
            "Target": "Parameter",
            "Id": "tuerX"
          },
          "VertexIndex": 1,
          "Scale": 30,
          "Weight": 100,
          "Type": "Angle",
          "Reflect": false
        },
        {
          "Destination": {
            "Target": "Parameter",
            "Id": "tuerY"
          },
          "VertexIndex": 2,
          "Scale": 18,
          "Weight": 100,
          "Type": "Angle",
          "Reflect": false
        },
        {
          "Destination": {
            "Target": "Parameter",
            "Id": "Param2"
          },
          "VertexIndex": 3,
          "Scale": 16,
          "Weight": 100,
          "Type": "Angle",
          "Reflect": false
        },
        {
          "Destination": {
            "Target": "Parameter",
            "Id": "Param7"
          },
          "VertexIndex": 4,
          "Scale": 16,
          "Weight": 100,
          "Type": "Angle",
          "Reflect": false
        }
      ],
      "Vertices": [
        {
          "Position": {
            "X": 0,
            "Y": 0
          },
          "Mobility": 1,
          "Delay": 1,
          "Acceleration": 1,
          "Radius": 0
        },
        {
          "Position": {
            "X": 0,
            "Y": 10
          },
          "Mobility": 0.93,
          "Delay": 1,
          "Acceleration": 1,
          "Radius": 10
        },
        {
          "Position": {
            "X": 0,
            "Y": 15
          },
          "Mobility": 0.9,
          "Delay": 0.9,
          "Acceleration": 0.8,
          "Radius": 5
        },
        {
          "Position": {
            "X": 0,
            "Y": 20
          },
          "Mobility": 0.9,
          "Delay": 0.9,
          "Acceleration": 0.8,
          "Radius": 5
        },
        {
          "Position": {
            "X": 0,
            "Y": 25
          },
          "Mobility": 0.89,
          "Delay": 0.9,
          "Acceleration": 0.8,
          "Radius": 5
        },
        {
          "Position": {
            "X": 0,
            "Y": 30
          },
          "Mobility": 0.89,
          "Delay": 0.9,
          "Acceleration": 0.8,
          "Radius": 5
        }
      ],
      "Normalization": {
        "Position": {
          "Minimum": -1,
          "Default": 0,
          "Maximum": 1
        },
        "Angle": {
          "Minimum": -1,
          "Default": 0,
          "Maximum": 1
        }
      }
    },
    {
      "Id": "PhysicsSetting6",
      "Input": [
        {
          "Source": {
            "Target": "Parameter",
            "Id": "ParamAngleX"
          },
          "Weight": 15,
          "Type": "X",
          "Reflect": false
        },
        {
          "Source": {
            "Target": "Parameter",
            "Id": "ParamAngleY"
          },
          "Weight": 15,
          "Type": "X",
          "Reflect": false
        },
        {
          "Source": {
            "Target": "Parameter",
            "Id": "ParamAngleZ"
          },
          "Weight": 18,
          "Type": "X",
          "Reflect": false
        }
      ],
      "Output": [
        {
          "Destination": {
            "Target": "Parameter",
            "Id": "Ltuerqi"
          },
          "VertexIndex": 3,
          "Scale": 8,
          "Weight": 100,
          "Type": "Angle",
          "Reflect": true
        }
      ],
      "Vertices": [
        {
          "Position": {
            "X": 0,
            "Y": 0
          },
          "Mobility": 1,
          "Delay": 0.95,
          "Acceleration": 1,
          "Radius": 0
        },
        {
          "Position": {
            "X": 0,
            "Y": 8
          },
          "Mobility": 0.95,
          "Delay": 1,
          "Acceleration": 1,
          "Radius": 8
        },
        {
          "Position": {
            "X": 0,
            "Y": 12
          },
          "Mobility": 0.9,
          "Delay": 0.95,
          "Acceleration": 0.85,
          "Radius": 4
        },
        {
          "Position": {
            "X": 0,
            "Y": 16
          },
          "Mobility": 0.89,
          "Delay": 0.95,
          "Acceleration": 0.85,
          "Radius": 4
        },
        {
          "Position": {
            "X": 0,
            "Y": 20
          },
          "Mobility": 0.89,
          "Delay": 0.95,
          "Acceleration": 0.88,
          "Radius": 4
        }
      ],
      "Normalization": {
        "Position": {
          "Minimum": -1,
          "Default": 0.6,
          "Maximum": 1
        },
        "Angle": {
          "Minimum": -2,
          "Default": 0,
          "Maximum": 2
        }
      }
    },
    {
      "Id": "PhysicsSetting7",
      "Input": [
        {
          "Source": {
            "Target": "Parameter",
            "Id": "ParamAngleX"
          },
          "Weight": 20,
          "Type": "X",
          "Reflect": false
        },
        {
          "Source": {
            "Target": "Parameter",
            "Id": "ParamAngleY"
          },
          "Weight": 20,
          "Type": "X",
          "Reflect": false
        },
        {
          "Source": {
            "Target": "Parameter",
            "Id": "ParamAngleZ"
          },
          "Weight": 80,
          "Type": "Angle",
          "Reflect": false
        }
      ],
      "Output": [
        {
          "Destination": {
            "Target": "Parameter",
            "Id": "LtuerX"
          },
          "VertexIndex": 4,
          "Scale": 8,
          "Weight": 100,
          "Type": "Angle",
          "Reflect": false
        },
        {
          "Destination": {
            "Target": "Parameter",
            "Id": "LtuerY"
          },
          "VertexIndex": 3,
          "Scale": 10,
          "Weight": 100,
          "Type": "Angle",
          "Reflect": false
        }
      ],
      "Vertices": [
        {
          "Position": {
            "X": 0,
            "Y": 0
          },
          "Mobility": 1,
          "Delay": 1,
          "Acceleration": 1,
          "Radius": 0
        },
        {
          "Position": {
            "X": 0,
            "Y": 15
          },
          "Mobility": 0.95,
          "Delay": 1,
          "Acceleration": 1,
          "Radius": 15
        },
        {
          "Position": {
            "X": 0,
            "Y": 20
          },
          "Mobility": 0.9,
          "Delay": 0.9,
          "Acceleration": 0.9,
          "Radius": 5
        },
        {
          "Position": {
            "X": 0,
            "Y": 25
          },
          "Mobility": 0.9,
          "Delay": 0.9,
          "Acceleration": 0.9,
          "Radius": 5
        },
        {
          "Position": {
            "X": 0,
            "Y": 30
          },
          "Mobility": 0.9,
          "Delay": 0.9,
          "Acceleration": 0.9,
          "Radius": 5
        }
      ],
      "Normalization": {
        "Position": {
          "Minimum": -1,
          "Default": 0,
          "Maximum": 1
        },
        "Angle": {
          "Minimum": -1,
          "Default": 0,
          "Maximum": 1
        }
      }
    },
    {
      "Id": "PhysicsSetting8",
      "Input": [
        {
          "Source": {
            "Target": "Parameter",
            "Id": "ParamAngleX"
          },
          "Weight": 50,
          "Type": "X",
          "Reflect": false
        },
        {
          "Source": {
            "Target": "Parameter",
            "Id": "ParamAngleY"
          },
          "Weight": 50,
          "Type": "X",
          "Reflect": false
        },
        {
          "Source": {
            "Target": "Parameter",
            "Id": "pengxiong"
          },
          "Weight": 73,
          "Type": "Angle",
          "Reflect": false
        }
      ],
      "Output": [
        {
          "Destination": {
            "Target": "Parameter",
            "Id": "LruyaoX"
          },
          "VertexIndex": 3,
          "Scale": 6,
          "Weight": 100,
          "Type": "Angle",
          "Reflect": false
        },
        {
          "Destination": {
            "Target": "Parameter",
            "Id": "LruyaoY"
          },
          "VertexIndex": 2,
          "Scale": 10,
          "Weight": 100,
          "Type": "Angle",
          "Reflect": false
        }
      ],
      "Vertices": [
        {
          "Position": {
            "X": 0,
            "Y": 0
          },
          "Mobility": 1,
          "Delay": 1,
          "Acceleration": 1,
          "Radius": 0
        },
        {
          "Position": {
            "X": 0,
            "Y": 10
          },
          "Mobility": 0.92,
          "Delay": 0.98,
          "Acceleration": 1,
          "Radius": 10
        },
        {
          "Position": {
            "X": 0,
            "Y": 17
          },
          "Mobility": 0.85,
          "Delay": 0.96,
          "Acceleration": 1,
          "Radius": 7
        },
        {
          "Position": {
            "X": 0,
            "Y": 24
          },
          "Mobility": 0.85,
          "Delay": 0.96,
          "Acceleration": 1,
          "Radius": 7
        }
      ],
      "Normalization": {
        "Position": {
          "Minimum": -10,
          "Default": 0,
          "Maximum": 10
        },
        "Angle": {
          "Minimum": -30,
          "Default": 0,
          "Maximum": 30
        }
      }
    },
    {
      "Id": "PhysicsSetting9",
      "Input": [
        {
          "Source": {
            "Target": "Parameter",
            "Id": "ParamAngleX"
          },
          "Weight": 50,
          "Type": "X",
          "Reflect": false
        },
        {
          "Source": {
            "Target": "Parameter",
            "Id": "ParamAngleY"
          },
          "Weight": 50,
          "Type": "X",
          "Reflect": false
        },
        {
          "Source": {
            "Target": "Parameter",
            "Id": "pengxiong"
          },
          "Weight": 75,
          "Type": "Angle",
          "Reflect": false
        }
      ],
      "Output": [
        {
          "Destination": {
            "Target": "Parameter",
            "Id": "LruyaoX2"
          },
          "VertexIndex": 4,
          "Scale": 6,
          "Weight": 100,
          "Type": "Angle",
          "Reflect": false
        },
        {
          "Destination": {
            "Target": "Parameter",
            "Id": "LruyaoY2"
          },
          "VertexIndex": 3,
          "Scale": 10,
          "Weight": 100,
          "Type": "Angle",
          "Reflect": false
        }
      ],
      "Vertices": [
        {
          "Position": {
            "X": 0,
            "Y": 0
          },
          "Mobility": 1,
          "Delay": 1,
          "Acceleration": 1,
          "Radius": 0
        },
        {
          "Position": {
            "X": 0,
            "Y": 7
          },
          "Mobility": 0.9,
          "Delay": 0.92,
          "Acceleration": 0.94,
          "Radius": 7
        },
        {
          "Position": {
            "X": 0,
            "Y": 13
          },
          "Mobility": 0.9,
          "Delay": 0.9,
          "Acceleration": 0.94,
          "Radius": 6
        },
        {
          "Position": {
            "X": 0,
            "Y": 19
          },
          "Mobility": 0.93,
          "Delay": 0.84,
          "Acceleration": 0.94,
          "Radius": 6
        },
        {
          "Position": {
            "X": 0,
            "Y": 25
          },
          "Mobility": 0.9,
          "Delay": 0.84,
          "Acceleration": 0.94,
          "Radius": 6
        }
      ],
      "Normalization": {
        "Position": {
          "Minimum": -10,
          "Default": 0,
          "Maximum": 10
        },
        "Angle": {
          "Minimum": -30,
          "Default": 0,
          "Maximum": 30
        }
      }
    },
    {
      "Id": "PhysicsSetting10",
      "Input": [
        {
          "Source": {
            "Target": "Parameter",
            "Id": "ParamAngleX"
          },
          "Weight": 50,
          "Type": "X",
          "Reflect": false
        },
        {
          "Source": {
            "Target": "Parameter",
            "Id": "ParamAngleY"
          },
          "Weight": 50,
          "Type": "X",
          "Reflect": false
        },
        {
          "Source": {
            "Target": "Parameter",
            "Id": "pengxiong"
          },
          "Weight": 73,
          "Type": "Angle",
          "Reflect": false
        }
      ],
      "Output": [
        {
          "Destination": {
            "Target": "Parameter",
            "Id": "RruyaoX"
          },
          "VertexIndex": 3,
          "Scale": 6,
          "Weight": 100,
          "Type": "Angle",
          "Reflect": true
        },
        {
          "Destination": {
            "Target": "Parameter",
            "Id": "RruyaoY"
          },
          "VertexIndex": 2,
          "Scale": 10,
          "Weight": 100,
          "Type": "Angle",
          "Reflect": false
        }
      ],
      "Vertices": [
        {
          "Position": {
            "X": 0,
            "Y": 0
          },
          "Mobility": 1,
          "Delay": 1,
          "Acceleration": 1,
          "Radius": 0
        },
        {
          "Position": {
            "X": 0,
            "Y": 10
          },
          "Mobility": 0.9,
          "Delay": 0.98,
          "Acceleration": 1,
          "Radius": 10
        },
        {
          "Position": {
            "X": 0,
            "Y": 17
          },
          "Mobility": 0.85,
          "Delay": 0.96,
          "Acceleration": 1,
          "Radius": 7
        },
        {
          "Position": {
            "X": 0,
            "Y": 24
          },
          "Mobility": 0.85,
          "Delay": 0.96,
          "Acceleration": 1,
          "Radius": 7
        }
      ],
      "Normalization": {
        "Position": {
          "Minimum": -10,
          "Default": 0,
          "Maximum": 10
        },
        "Angle": {
          "Minimum": -30,
          "Default": 0,
          "Maximum": 30
        }
      }
    },
    {
      "Id": "PhysicsSetting11",
      "Input": [
        {
          "Source": {
            "Target": "Parameter",
            "Id": "ParamAngleX"
          },
          "Weight": 50,
          "Type": "X",
          "Reflect": false
        },
        {
          "Source": {
            "Target": "Parameter",
            "Id": "ParamAngleY"
          },
          "Weight": 50,
          "Type": "X",
          "Reflect": false
        },
        {
          "Source": {
            "Target": "Parameter",
            "Id": "pengxiong"
          },
          "Weight": 75,
          "Type": "Angle",
          "Reflect": false
        }
      ],
      "Output": [
        {
          "Destination": {
            "Target": "Parameter",
            "Id": "RruyaoX2"
          },
          "VertexIndex": 4,
          "Scale": 6,
          "Weight": 100,
          "Type": "Angle",
          "Reflect": true
        },
        {
          "Destination": {
            "Target": "Parameter",
            "Id": "RruyaoY2"
          },
          "VertexIndex": 3,
          "Scale": 10,
          "Weight": 100,
          "Type": "Angle",
          "Reflect": false
        }
      ],
      "Vertices": [
        {
          "Position": {
            "X": 0,
            "Y": 0
          },
          "Mobility": 1,
          "Delay": 1,
          "Acceleration": 1,
          "Radius": 6
        },
        {
          "Position": {
            "X": 0,
            "Y": 7
          },
          "Mobility": 0.9,
          "Delay": 0.92,
          "Acceleration": 0.94,
          "Radius": 7
        },
        {
          "Position": {
            "X": 0,
            "Y": 13
          },
          "Mobility": 0.9,
          "Delay": 0.9,
          "Acceleration": 0.94,
          "Radius": 6
        },
        {
          "Position": {
            "X": 0,
            "Y": 19
          },
          "Mobility": 0.93,
          "Delay": 0.84,
          "Acceleration": 0.94,
          "Radius": 6
        },
        {
          "Position": {
            "X": 0,
            "Y": 25
          },
          "Mobility": 0.9,
          "Delay": 0.84,
          "Acceleration": 0.94,
          "Radius": 6
        }
      ],
      "Normalization": {
        "Position": {
          "Minimum": -10,
          "Default": 0,
          "Maximum": 10
        },
        "Angle": {
          "Minimum": -30,
          "Default": 0,
          "Maximum": 30
        }
      }
    },
    {
      "Id": "PhysicsSetting12",
      "Input": [
        {
          "Source": {
            "Target": "Parameter",
            "Id": "ParamAngleX"
          },
          "Weight": 60,
          "Type": "X",
          "Reflect": false
        },
        {
          "Source": {
            "Target": "Parameter",
            "Id": "ParamAngleZ"
          },
          "Weight": 60,
          "Type": "Angle",
          "Reflect": false
        },
        {
          "Source": {
            "Target": "Parameter",
            "Id": "ParamBodyAngleX"
          },
          "Weight": 40,
          "Type": "X",
          "Reflect": false
        },
        {
          "Source": {
            "Target": "Parameter",
            "Id": "ParamBodyAngleZ"
          },
          "Weight": 40,
          "Type": "Angle",
          "Reflect": false
        }
      ],
      "Output": [
        {
          "Destination": {
            "Target": "Parameter",
            "Id": "Param_Angle_Rotation98"
          },
          "VertexIndex": 1,
          "Scale": 14,
          "Weight": 100,
          "Type": "Angle",
          "Reflect": false
        },
        {
          "Destination": {
            "Target": "Parameter",
            "Id": "Param_Angle_Rotation16"
          },
          "VertexIndex": 2,
          "Scale": 14,
          "Weight": 100,
          "Type": "Angle",
          "Reflect": false
        },
        {
          "Destination": {
            "Target": "Parameter",
            "Id": "Param_Angle_Rotation17"
          },
          "VertexIndex": 3,
          "Scale": 14,
          "Weight": 100,
          "Type": "Angle",
          "Reflect": false
        },
        {
          "Destination": {
            "Target": "Parameter",
            "Id": "Param_Angle_Rotation47"
          },
          "VertexIndex": 4,
          "Scale": 14,
          "Weight": 100,
          "Type": "Angle",
          "Reflect": false
        },
        {
          "Destination": {
            "Target": "Parameter",
            "Id": "Param_Angle_Rotation48"
          },
          "VertexIndex": 5,
          "Scale": 14,
          "Weight": 100,
          "Type": "Angle",
          "Reflect": false
        },
        {
          "Destination": {
            "Target": "Parameter",
            "Id": "Param_Angle_Rotation68"
          },
          "VertexIndex": 6,
          "Scale": 14,
          "Weight": 100,
          "Type": "Angle",
          "Reflect": false
        },
        {
          "Destination": {
            "Target": "Parameter",
            "Id": "Param_Angle_Rotation97"
          },
          "VertexIndex": 7,
          "Scale": 14,
          "Weight": 100,
          "Type": "Angle",
          "Reflect": false
        }
      ],
      "Vertices": [
        {
          "Position": {
            "X": 0,
            "Y": 0
          },
          "Mobility": 1,
          "Delay": 1,
          "Acceleration": 0.85,
          "Radius": 0
        },
        {
          "Position": {
            "X": 0,
            "Y": 13
          },
          "Mobility": 0.95,
          "Delay": 1,
          "Acceleration": 0.85,
          "Radius": 13
        },
        {
          "Position": {
            "X": 0,
            "Y": 20
          },
          "Mobility": 0.9,
          "Delay": 0.9,
          "Acceleration": 0.85,
          "Radius": 7
        },
        {
          "Position": {
            "X": 0,
            "Y": 27
          },
          "Mobility": 0.9,
          "Delay": 0.9,
          "Acceleration": 0.85,
          "Radius": 7
        },
        {
          "Position": {
            "X": 0,
            "Y": 34
          },
          "Mobility": 0.9,
          "Delay": 0.9,
          "Acceleration": 0.85,
          "Radius": 7
        },
        {
          "Position": {
            "X": 0,
            "Y": 41
          },
          "Mobility": 0.89,
          "Delay": 0.9,
          "Acceleration": 0.85,
          "Radius": 7
        },
        {
          "Position": {
            "X": 0,
            "Y": 48
          },
          "Mobility": 0.88,
          "Delay": 0.9,
          "Acceleration": 0.85,
          "Radius": 7
        },
        {
          "Position": {
            "X": 0,
            "Y": 55
          },
          "Mobility": 0.88,
          "Delay": 0.9,
          "Acceleration": 0.85,
          "Radius": 7
        }
      ],
      "Normalization": {
        "Position": {
          "Minimum": -10,
          "Default": 0,
          "Maximum": 10
        },
        "Angle": {
          "Minimum": -30,
          "Default": 0,
          "Maximum": 30
        }
      }
    },
    {
      "Id": "PhysicsSetting13",
      "Input": [
        {
          "Source": {
            "Target": "Parameter",
            "Id": "ParamAngleX"
          },
          "Weight": 60,
          "Type": "X",
          "Reflect": false
        },
        {
          "Source": {
            "Target": "Parameter",
            "Id": "ParamAngleZ"
          },
          "Weight": 60,
          "Type": "Angle",
          "Reflect": false
        },
        {
          "Source": {
            "Target": "Parameter",
            "Id": "ParamBodyAngleX"
          },
          "Weight": 40,
          "Type": "X",
          "Reflect": false
        },
        {
          "Source": {
            "Target": "Parameter",
            "Id": "ParamBodyAngleZ"
          },
          "Weight": 40,
          "Type": "Angle",
          "Reflect": false
        }
      ],
      "Output": [
        {
          "Destination": {
            "Target": "Parameter",
            "Id": "Param_Angle_Rotation99"
          },
          "VertexIndex": 1,
          "Scale": 14,
          "Weight": 100,
          "Type": "Angle",
          "Reflect": false
        },
        {
          "Destination": {
            "Target": "Parameter",
            "Id": "Param_Angle_Rotation100"
          },
          "VertexIndex": 2,
          "Scale": 14,
          "Weight": 100,
          "Type": "Angle",
          "Reflect": false
        },
        {
          "Destination": {
            "Target": "Parameter",
            "Id": "Param_Angle_Rotation101"
          },
          "VertexIndex": 3,
          "Scale": 14,
          "Weight": 100,
          "Type": "Angle",
          "Reflect": false
        },
        {
          "Destination": {
            "Target": "Parameter",
            "Id": "Param_Angle_Rotation102"
          },
          "VertexIndex": 4,
          "Scale": 14,
          "Weight": 100,
          "Type": "Angle",
          "Reflect": false
        },
        {
          "Destination": {
            "Target": "Parameter",
            "Id": "Param_Angle_Rotation103"
          },
          "VertexIndex": 5,
          "Scale": 14,
          "Weight": 100,
          "Type": "Angle",
          "Reflect": false
        }
      ],
      "Vertices": [
        {
          "Position": {
            "X": 0,
            "Y": 0
          },
          "Mobility": 1,
          "Delay": 1,
          "Acceleration": 0.85,
          "Radius": 0
        },
        {
          "Position": {
            "X": 0,
            "Y": 6
          },
          "Mobility": 0.95,
          "Delay": 1,
          "Acceleration": 1,
          "Radius": 6
        },
        {
          "Position": {
            "X": 0,
            "Y": 9
          },
          "Mobility": 0.9,
          "Delay": 0.9,
          "Acceleration": 0.85,
          "Radius": 3
        },
        {
          "Position": {
            "X": 0,
            "Y": 12
          },
          "Mobility": 0.9,
          "Delay": 0.9,
          "Acceleration": 0.85,
          "Radius": 3
        },
        {
          "Position": {
            "X": 0,
            "Y": 15
          },
          "Mobility": 0.9,
          "Delay": 0.9,
          "Acceleration": 0.85,
          "Radius": 3
        },
        {
          "Position": {
            "X": 0,
            "Y": 18
          },
          "Mobility": 0.9,
          "Delay": 0.9,
          "Acceleration": 0.85,
          "Radius": 3
        }
      ],
      "Normalization": {
        "Position": {
          "Minimum": -10,
          "Default": 0,
          "Maximum": 10
        },
        "Angle": {
          "Minimum": -30,
          "Default": 0,
          "Maximum": 30
        }
      }
    },
    {
      "Id": "PhysicsSetting14",
      "Input": [
        {
          "Source": {
            "Target": "Parameter",
            "Id": "ParamBodyAngleX"
          },
          "Weight": 15,
          "Type": "X",
          "Reflect": false
        },
        {
          "Source": {
            "Target": "Parameter",
            "Id": "bodyxiaZ"
          },
          "Weight": 15,
          "Type": "Angle",
          "Reflect": false
        }
      ],
      "Output": [
        {
          "Destination": {
            "Target": "Parameter",
            "Id": "yaosheng"
          },
          "VertexIndex": 1,
          "Scale": 1,
          "Weight": 100,
          "Type": "Angle",
          "Reflect": false
        }
      ],
      "Vertices": [
        {
          "Position": {
            "X": 0,
            "Y": 0
          },
          "Mobility": 1,
          "Delay": 1,
          "Acceleration": 1,
          "Radius": 0
        },
        {
          "Position": {
            "X": 0,
            "Y": 6
          },
          "Mobility": 0.9,
          "Delay": 1,
          "Acceleration": 1,
          "Radius": 6
        }
      ],
      "Normalization": {
        "Position": {
          "Minimum": -10,
          "Default": 0,
          "Maximum": 10
        },
        "Angle": {
          "Minimum": -30,
          "Default": 0,
          "Maximum": 30
        }
      }
    },
    {
      "Id": "PhysicsSetting15",
      "Input": [
        {
          "Source": {
            "Target": "Parameter",
            "Id": "ParamBodyAngleX"
          },
          "Weight": 50,
          "Type": "X",
          "Reflect": false
        },
        {
          "Source": {
            "Target": "Parameter",
            "Id": "bodyxiaZ"
          },
          "Weight": 50,
          "Type": "Angle",
          "Reflect": false
        }
      ],
      "Output": [
        {
          "Destination": {
            "Target": "Parameter",
            "Id": "yaos"
          },
          "VertexIndex": 1,
          "Scale": 10,
          "Weight": 100,
          "Type": "Angle",
          "Reflect": false
        }
      ],
      "Vertices": [
        {
          "Position": {
            "X": 0,
            "Y": 0
          },
          "Mobility": 1,
          "Delay": 1,
          "Acceleration": 1,
          "Radius": 0
        },
        {
          "Position": {
            "X": 0,
            "Y": 4.5
          },
          "Mobility": 0.9,
          "Delay": 0.97,
          "Acceleration": 1.09,
          "Radius": 4.5
        }
      ],
      "Normalization": {
        "Position": {
          "Minimum": -10,
          "Default": 0,
          "Maximum": 10
        },
        "Angle": {
          "Minimum": -30,
          "Default": 0,
          "Maximum": 30
        }
      }
    },
    {
      "Id": "PhysicsSetting16",
      "Input": [
        {
          "Source": {
            "Target": "Parameter",
            "Id": "ParamBodyAngleX"
          },
          "Weight": 50,
          "Type": "X",
          "Reflect": false
        },
        {
          "Source": {
            "Target": "Parameter",
            "Id": "bodyxiaZ"
          },
          "Weight": 50,
          "Type": "Angle",
          "Reflect": false
        }
      ],
      "Output": [
        {
          "Destination": {
            "Target": "Parameter",
            "Id": "yaos2"
          },
          "VertexIndex": 1,
          "Scale": 5,
          "Weight": 100,
          "Type": "Angle",
          "Reflect": false
        }
      ],
      "Vertices": [
        {
          "Position": {
            "X": 0,
            "Y": 0
          },
          "Mobility": 1,
          "Delay": 1,
          "Acceleration": 1,
          "Radius": 0
        },
        {
          "Position": {
            "X": 0,
            "Y": 6.7
          },
          "Mobility": 0.9,
          "Delay": 0.98,
          "Acceleration": 0.94,
          "Radius": 6.7
        }
      ],
      "Normalization": {
        "Position": {
          "Minimum": -10,
          "Default": 0,
          "Maximum": 10
        },
        "Angle": {
          "Minimum": -30,
          "Default": 0,
          "Maximum": 30
        }
      }
    },
    {
      "Id": "PhysicsSetting17",
      "Input": [
        {
          "Source": {
            "Target": "Parameter",
            "Id": "ParamBodyAngleZ"
          },
          "Weight": 50,
          "Type": "Angle",
          "Reflect": false
        },
        {
          "Source": {
            "Target": "Parameter",
            "Id": "bodyxiaZ"
          },
          "Weight": 50,
          "Type": "Angle",
          "Reflect": false
        },
        {
          "Source": {
            "Target": "Parameter",
            "Id": "LruyaoY"
          },
          "Weight": 50,
          "Type": "X",
          "Reflect": false
        },
        {
          "Source": {
            "Target": "Parameter",
            "Id": "RruyaoY"
          },
          "Weight": 50,
          "Type": "X",
          "Reflect": false
        }
      ],
      "Output": [
        {
          "Destination": {
            "Target": "Parameter",
            "Id": "Param_Angle_Rotation119"
          },
          "VertexIndex": 1,
          "Scale": 8,
          "Weight": 100,
          "Type": "Angle",
          "Reflect": false
        },
        {
          "Destination": {
            "Target": "Parameter",
            "Id": "Param_Angle_Rotation120"
          },
          "VertexIndex": 2,
          "Scale": 10,
          "Weight": 100,
          "Type": "Angle",
          "Reflect": false
        },
        {
          "Destination": {
            "Target": "Parameter",
            "Id": "Param_Angle_Rotation121"
          },
          "VertexIndex": 3,
          "Scale": 10,
          "Weight": 100,
          "Type": "Angle",
          "Reflect": false
        },
        {
          "Destination": {
            "Target": "Parameter",
            "Id": "Param_Angle_Rotation122"
          },
          "VertexIndex": 4,
          "Scale": 10,
          "Weight": 100,
          "Type": "Angle",
          "Reflect": false
        },
        {
          "Destination": {
            "Target": "Parameter",
            "Id": "lingdy"
          },
          "VertexIndex": 2,
          "Scale": 8,
          "Weight": 100,
          "Type": "Angle",
          "Reflect": false
        }
      ],
      "Vertices": [
        {
          "Position": {
            "X": 0,
            "Y": 0
          },
          "Mobility": 1,
          "Delay": 1,
          "Acceleration": 1,
          "Radius": 0
        },
        {
          "Position": {
            "X": 0,
            "Y": 10
          },
          "Mobility": 0.95,
          "Delay": 1,
          "Acceleration": 1,
          "Radius": 10
        },
        {
          "Position": {
            "X": 0,
            "Y": 16
          },
          "Mobility": 0.9,
          "Delay": 0.97,
          "Acceleration": 0.8,
          "Radius": 6
        },
        {
          "Position": {
            "X": 0,
            "Y": 22
          },
          "Mobility": 0.9,
          "Delay": 0.97,
          "Acceleration": 0.8,
          "Radius": 6
        },
        {
          "Position": {
            "X": 0,
            "Y": 28
          },
          "Mobility": 0.9,
          "Delay": 0.97,
          "Acceleration": 0.8,
          "Radius": 6
        }
      ],
      "Normalization": {
        "Position": {
          "Minimum": -10,
          "Default": 0,
          "Maximum": 10
        },
        "Angle": {
          "Minimum": -10,
          "Default": 0,
          "Maximum": 10
        }
      }
    },
    {
      "Id": "PhysicsSetting18",
      "Input": [
        {
          "Source": {
            "Target": "Parameter",
            "Id": "LruyaoY"
          },
          "Weight": 50,
          "Type": "X",
          "Reflect": false
        },
        {
          "Source": {
            "Target": "Parameter",
            "Id": "RruyaoY"
          },
          "Weight": 50,
          "Type": "X",
          "Reflect": false
        },
        {
          "Source": {
            "Target": "Parameter",
            "Id": "ParamBodyAngleZ"
          },
          "Weight": 50,
          "Type": "Angle",
          "Reflect": false
        },
        {
          "Source": {
            "Target": "Parameter",
            "Id": "bodyxiaZ"
          },
          "Weight": 50,
          "Type": "Angle",
          "Reflect": false
        }
      ],
      "Output": [
        {
          "Destination": {
            "Target": "Parameter",
            "Id": "Param_Angle_Rotation116"
          },
          "VertexIndex": 1,
          "Scale": 5,
          "Weight": 100,
          "Type": "Angle",
          "Reflect": false
        },
        {
          "Destination": {
            "Target": "Parameter",
            "Id": "Param_Angle_Rotation117"
          },
          "VertexIndex": 2,
          "Scale": 5,
          "Weight": 100,
          "Type": "Angle",
          "Reflect": false
        },
        {
          "Destination": {
            "Target": "Parameter",
            "Id": "Param_Angle_Rotation118"
          },
          "VertexIndex": 3,
          "Scale": 5,
          "Weight": 100,
          "Type": "Angle",
          "Reflect": false
        }
      ],
      "Vertices": [
        {
          "Position": {
            "X": 0,
            "Y": 0
          },
          "Mobility": 1,
          "Delay": 1,
          "Acceleration": 1,
          "Radius": 0
        },
        {
          "Position": {
            "X": 0,
            "Y": 7.7
          },
          "Mobility": 0.95,
          "Delay": 0.97,
          "Acceleration": 1,
          "Radius": 7.7
        },
        {
          "Position": {
            "X": 0,
            "Y": 15.5
          },
          "Mobility": 0.95,
          "Delay": 0.97,
          "Acceleration": 1,
          "Radius": 7.8
        },
        {
          "Position": {
            "X": 0,
            "Y": 24.7
          },
          "Mobility": 0.95,
          "Delay": 0.97,
          "Acceleration": 1,
          "Radius": 9.2
        }
      ],
      "Normalization": {
        "Position": {
          "Minimum": -10,
          "Default": 0,
          "Maximum": 10
        },
        "Angle": {
          "Minimum": -10,
          "Default": 0,
          "Maximum": 10
        }
      }
    }
  ]
}