{
  "Version": 3,
  "Meta": {
    "PhysicsSettingCount": 14,
    "TotalInputCount": 37,
    "TotalOutputCount": 98,
    "VertexCount": 80,
    "EffectiveForces": {
      "Gravity": {
        "X": 0,
        "Y": -1
      },
      "Wind": {
        "X": 0,
        "Y": 0
      }
    },
    "PhysicsDictionary": [
      {
        "Id": "PhysicsSetting1",
        "Name": "Dummy1"
      },
      {
        "Id": "PhysicsSetting2",
        "Name": "Dummy2"
      },
      {
        "Id": "PhysicsSetting3",
        "Name": "Dummy3"
      },
      {
        "Id": "PhysicsSetting4",
        "Name": "Dummy4"
      },
      {
        "Id": "PhysicsSetting5",
        "Name": "Dummy5"
      },
      {
        "Id": "PhysicsSetting6",
        "Name": "Dummy6"
      },
      {
        "Id": "PhysicsSetting7",
        "Name": "Dummy7"
      },
      {
        "Id": "PhysicsSetting8",
        "Name": "Dummy8"
      },
      {
        "Id": "PhysicsSetting9",
        "Name": "Dummy9"
      },
      {
        "Id": "PhysicsSetting10",
        "Name": "Dummy10"
      },
      {
        "Id": "PhysicsSetting11",
        "Name": "Dummy11"
      },
      {
        "Id": "PhysicsSetting12",
        "Name": "Dummy12"
      },
      {
        "Id": "PhysicsSetting13",
        "Name": "Dummy13"
      },
      {
        "Id": "PhysicsSetting14",
        "Name": "Dummy14"
      }
    ]
  },
  "PhysicsSettings": [
    {
      "Id": "PhysicsSetting1",
      "Input": [
        {
          "Source": {
            "Target": "Parameter",
            "Id": "ParamEyeBallX"
          },
          "Weight": 12,
          "Type": "X",
          "Reflect": false
        }
      ],
      "Output": [
        {
          "Destination": {
            "Target": "Parameter",
            "Id": "ParamLowerBodyZ2"
          },
          "VertexIndex": 1,
          "Scale": 100,
          "Weight": 100,
          "Type": "Angle",
          "Reflect": true
        },
        {
          "Destination": {
            "Target": "Parameter",
            "Id": "ParamButtZ2"
          },
          "VertexIndex": 2,
          "Scale": 100,
          "Weight": 100,
          "Type": "Angle",
          "Reflect": true
        },
        {
          "Destination": {
            "Target": "Parameter",
            "Id": "ParamWaistZ2"
          },
          "VertexIndex": 3,
          "Scale": 100,
          "Weight": 100,
          "Type": "Angle",
          "Reflect": true
        },
        {
          "Destination": {
            "Target": "Parameter",
            "Id": "ParamChestZ2"
          },
          "VertexIndex": 4,
          "Scale": 100,
          "Weight": 100,
          "Type": "Angle",
          "Reflect": true
        },
        {
          "Destination": {
            "Target": "Parameter",
            "Id": "ParamAngleZ2"
          },
          "VertexIndex": 4,
          "Scale": 100,
          "Weight": 100,
          "Type": "Angle",
          "Reflect": true
        }
      ],
      "Vertices": [
        {
          "Position": {
            "X": 0,
            "Y": 0
          },
          "Mobility": 1,
          "Delay": 1,
          "Acceleration": 1,
          "Radius": 0
        },
        {
          "Position": {
            "X": 0,
            "Y": 15
          },
          "Mobility": 0.85,
          "Delay": 0.85,
          "Acceleration": 0.8,
          "Radius": 15
        },
        {
          "Position": {
            "X": 0,
            "Y": 25
          },
          "Mobility": 0.85,
          "Delay": 0.85,
          "Acceleration": 1,
          "Radius": 10
        },
        {
          "Position": {
            "X": 0,
            "Y": 35
          },
          "Mobility": 0.85,
          "Delay": 0.85,
          "Acceleration": 1,
          "Radius": 10
        },
        {
          "Position": {
            "X": 0,
            "Y": 45
          },
          "Mobility": 0.85,
          "Delay": 0.85,
          "Acceleration": 1,
          "Radius": 10
        },
        {
          "Position": {
            "X": 0,
            "Y": 55
          },
          "Mobility": 0.85,
          "Delay": 0.85,
          "Acceleration": 1,
          "Radius": 10
        }
      ],
      "Normalization": {
        "Position": {
          "Minimum": -10,
          "Default": 0,
          "Maximum": 10
        },
        "Angle": {
          "Minimum": -10,
          "Default": 0,
          "Maximum": 10
        }
      }
    },
    {
      "Id": "PhysicsSetting2",
      "Input": [
        {
          "Source": {
            "Target": "Parameter",
            "Id": "ParamEyeBallY"
          },
          "Weight": 40,
          "Type": "X",
          "Reflect": false
        }
      ],
      "Output": [
        {
          "Destination": {
            "Target": "Parameter",
            "Id": "ParamLowerBodyY2"
          },
          "VertexIndex": 1,
          "Scale": 40,
          "Weight": 100,
          "Type": "Angle",
          "Reflect": true
        }
      ],
      "Vertices": [
        {
          "Position": {
            "X": 0,
            "Y": 0
          },
          "Mobility": 1,
          "Delay": 1,
          "Acceleration": 1,
          "Radius": 0
        },
        {
          "Position": {
            "X": 0,
            "Y": 10
          },
          "Mobility": 0.8,
          "Delay": 0.8,
          "Acceleration": 0.8,
          "Radius": 10
        },
        {
          "Position": {
            "X": 0,
            "Y": 20
          },
          "Mobility": 0.8,
          "Delay": 0.8,
          "Acceleration": 0.8,
          "Radius": 10
        },
        {
          "Position": {
            "X": 0,
            "Y": 30
          },
          "Mobility": 0.8,
          "Delay": 0.8,
          "Acceleration": 0.8,
          "Radius": 10
        }
      ],
      "Normalization": {
        "Position": {
          "Minimum": -10,
          "Default": 0,
          "Maximum": 10
        },
        "Angle": {
          "Minimum": -10,
          "Default": 0,
          "Maximum": 10
        }
      }
    },
    {
      "Id": "PhysicsSetting3",
      "Input": [
        {
          "Source": {
            "Target": "Parameter",
            "Id": "Hair_physics"
          },
          "Weight": 45,
          "Type": "X",
          "Reflect": false
        },
        {
          "Source": {
            "Target": "Parameter",
            "Id": "ParamEyeBallX"
          },
          "Weight": 25,
          "Type": "X",
          "Reflect": false
        },
        {
          "Source": {
            "Target": "Parameter",
            "Id": "ParamEyeBallY"
          },
          "Weight": 25,
          "Type": "X",
          "Reflect": false
        }
      ],
      "Output": [
        {
          "Destination": {
            "Target": "Parameter",
            "Id": "L_ParamHairFront1"
          },
          "VertexIndex": 1,
          "Scale": 111.55,
          "Weight": 100,
          "Type": "Angle",
          "Reflect": false
        },
        {
          "Destination": {
            "Target": "Parameter",
            "Id": "L_ParamHairFront2"
          },
          "VertexIndex": 2,
          "Scale": 73.882,
          "Weight": 100,
          "Type": "Angle",
          "Reflect": false
        },
        {
          "Destination": {
            "Target": "Parameter",
            "Id": "L_ParamHairFront3"
          },
          "VertexIndex": 3,
          "Scale": 64.093,
          "Weight": 100,
          "Type": "Angle",
          "Reflect": false
        },
        {
          "Destination": {
            "Target": "Parameter",
            "Id": "L_ParamHairFront4"
          },
          "VertexIndex": 4,
          "Scale": 50.209,
          "Weight": 100,
          "Type": "Angle",
          "Reflect": false
        }
      ],
      "Vertices": [
        {
          "Position": {
            "X": 0,
            "Y": 0
          },
          "Mobility": 0.9,
          "Delay": 0.8,
          "Acceleration": 1,
          "Radius": 5
        },
        {
          "Position": {
            "X": 0,
            "Y": 10
          },
          "Mobility": 0.92,
          "Delay": 0.9,
          "Acceleration": 0.8,
          "Radius": 10
        },
        {
          "Position": {
            "X": 0,
            "Y": 20
          },
          "Mobility": 0.92,
          "Delay": 0.9,
          "Acceleration": 0.8,
          "Radius": 10
        },
        {
          "Position": {
            "X": 0,
            "Y": 30
          },
          "Mobility": 0.92,
          "Delay": 0.9,
          "Acceleration": 0.8,
          "Radius": 10
        },
        {
          "Position": {
            "X": 0,
            "Y": 40
          },
          "Mobility": 0.92,
          "Delay": 0.9,
          "Acceleration": 0.8,
          "Radius": 10
        },
        {
          "Position": {
            "X": 0,
            "Y": 50
          },
          "Mobility": 0.95,
          "Delay": 0.9,
          "Acceleration": 0.8,
          "Radius": 10
        }
      ],
      "Normalization": {
        "Position": {
          "Minimum": -10,
          "Default": 0,
          "Maximum": 10
        },
        "Angle": {
          "Minimum": -10,
          "Default": 0,
          "Maximum": 10
        }
      }
    },
    {
      "Id": "PhysicsSetting4",
      "Input": [
        {
          "Source": {
            "Target": "Parameter",
            "Id": "Hair_physics"
          },
          "Weight": 45,
          "Type": "X",
          "Reflect": false
        },
        {
          "Source": {
            "Target": "Parameter",
            "Id": "ParamEyeBallX"
          },
          "Weight": 25,
          "Type": "X",
          "Reflect": false
        },
        {
          "Source": {
            "Target": "Parameter",
            "Id": "ParamEyeBallY"
          },
          "Weight": 25,
          "Type": "X",
          "Reflect": false
        }
      ],
      "Output": [
        {
          "Destination": {
            "Target": "Parameter",
            "Id": "Param134"
          },
          "VertexIndex": 1,
          "Scale": 71.957,
          "Weight": 100,
          "Type": "Angle",
          "Reflect": false
        },
        {
          "Destination": {
            "Target": "Parameter",
            "Id": "Param135"
          },
          "VertexIndex": 2,
          "Scale": 72.572,
          "Weight": 100,
          "Type": "Angle",
          "Reflect": false
        }
      ],
      "Vertices": [
        {
          "Position": {
            "X": 0,
            "Y": 0
          },
          "Mobility": 0.9,
          "Delay": 0.8,
          "Acceleration": 1,
          "Radius": 5
        },
        {
          "Position": {
            "X": 0,
            "Y": 10
          },
          "Mobility": 0.92,
          "Delay": 0.9,
          "Acceleration": 0.8,
          "Radius": 10
        },
        {
          "Position": {
            "X": 0,
            "Y": 20
          },
          "Mobility": 0.92,
          "Delay": 0.9,
          "Acceleration": 0.8,
          "Radius": 10
        }
      ],
      "Normalization": {
        "Position": {
          "Minimum": -10,
          "Default": 0,
          "Maximum": 10
        },
        "Angle": {
          "Minimum": -10,
          "Default": 0,
          "Maximum": 10
        }
      }
    },
    {
      "Id": "PhysicsSetting5",
      "Input": [
        {
          "Source": {
            "Target": "Parameter",
            "Id": "Hair_physics"
          },
          "Weight": 45,
          "Type": "X",
          "Reflect": true
        },
        {
          "Source": {
            "Target": "Parameter",
            "Id": "ParamEyeBallY"
          },
          "Weight": 25,
          "Type": "X",
          "Reflect": true
        }
      ],
      "Output": [
        {
          "Destination": {
            "Target": "Parameter",
            "Id": "Param137"
          },
          "VertexIndex": 1,
          "Scale": 107.13,
          "Weight": 100,
          "Type": "Angle",
          "Reflect": false
        },
        {
          "Destination": {
            "Target": "Parameter",
            "Id": "Param136"
          },
          "VertexIndex": 2,
          "Scale": 50,
          "Weight": 100,
          "Type": "Angle",
          "Reflect": false
        }
      ],
      "Vertices": [
        {
          "Position": {
            "X": 0,
            "Y": 0
          },
          "Mobility": 0.9,
          "Delay": 0.8,
          "Acceleration": 1,
          "Radius": 5
        },
        {
          "Position": {
            "X": 0,
            "Y": 10
          },
          "Mobility": 0.92,
          "Delay": 0.9,
          "Acceleration": 0.8,
          "Radius": 10
        },
        {
          "Position": {
            "X": 0,
            "Y": 20
          },
          "Mobility": 0.92,
          "Delay": 0.9,
          "Acceleration": 0.8,
          "Radius": 10
        }
      ],
      "Normalization": {
        "Position": {
          "Minimum": -10,
          "Default": 0,
          "Maximum": 10
        },
        "Angle": {
          "Minimum": -10,
          "Default": 0,
          "Maximum": 10
        }
      }
    },
    {
      "Id": "PhysicsSetting6",
      "Input": [
        {
          "Source": {
            "Target": "Parameter",
            "Id": "OP_physics"
          },
          "Weight": 30,
          "Type": "X",
          "Reflect": true
        },
        {
          "Source": {
            "Target": "Parameter",
            "Id": "ParamEyeBallX"
          },
          "Weight": 8,
          "Type": "X",
          "Reflect": true
        },
        {
          "Source": {
            "Target": "Parameter",
            "Id": "ParamEyeBallY"
          },
          "Weight": 8,
          "Type": "X",
          "Reflect": true
        }
      ],
      "Output": [
        {
          "Destination": {
            "Target": "Parameter",
            "Id": "Param_Angle_Rotation_1_ArtMesh185"
          },
          "VertexIndex": 1,
          "Scale": 149.719,
          "Weight": 100,
          "Type": "Angle",
          "Reflect": false
        },
        {
          "Destination": {
            "Target": "Parameter",
            "Id": "Param_Angle_Rotation_2_ArtMesh185"
          },
          "VertexIndex": 2,
          "Scale": 144.061,
          "Weight": 100,
          "Type": "Angle",
          "Reflect": false
        },
        {
          "Destination": {
            "Target": "Parameter",
            "Id": "Param_Angle_Rotation_3_ArtMesh185"
          },
          "VertexIndex": 3,
          "Scale": 154.196,
          "Weight": 100,
          "Type": "Angle",
          "Reflect": false
        },
        {
          "Destination": {
            "Target": "Parameter",
            "Id": "Param_Angle_Rotation_4_ArtMesh185"
          },
          "VertexIndex": 4,
          "Scale": 168.363,
          "Weight": 100,
          "Type": "Angle",
          "Reflect": false
        },
        {
          "Destination": {
            "Target": "Parameter",
            "Id": "Param_Angle_Rotation_5_ArtMesh185"
          },
          "VertexIndex": 5,
          "Scale": 176.834,
          "Weight": 100,
          "Type": "Angle",
          "Reflect": false
        },
        {
          "Destination": {
            "Target": "Parameter",
            "Id": "Param_Angle_Rotation_6_ArtMesh185"
          },
          "VertexIndex": 6,
          "Scale": 180.27,
          "Weight": 100,
          "Type": "Angle",
          "Reflect": false
        },
        {
          "Destination": {
            "Target": "Parameter",
            "Id": "Param_Angle_Rotation_7_ArtMesh185"
          },
          "VertexIndex": 7,
          "Scale": 181.503,
          "Weight": 100,
          "Type": "Angle",
          "Reflect": false
        }
      ],
      "Vertices": [
        {
          "Position": {
            "X": 0,
            "Y": 0
          },
          "Mobility": 0.9,
          "Delay": 0.8,
          "Acceleration": 1,
          "Radius": 5
        },
        {
          "Position": {
            "X": 0,
            "Y": 10
          },
          "Mobility": 0.85,
          "Delay": 0.85,
          "Acceleration": 1.2,
          "Radius": 10
        },
        {
          "Position": {
            "X": 0,
            "Y": 20
          },
          "Mobility": 0.85,
          "Delay": 0.85,
          "Acceleration": 1.2,
          "Radius": 10
        },
        {
          "Position": {
            "X": 0,
            "Y": 30
          },
          "Mobility": 0.85,
          "Delay": 0.85,
          "Acceleration": 1.2,
          "Radius": 10
        },
        {
          "Position": {
            "X": 0,
            "Y": 40
          },
          "Mobility": 0.85,
          "Delay": 0.85,
          "Acceleration": 1.2,
          "Radius": 10
        },
        {
          "Position": {
            "X": 0,
            "Y": 50
          },
          "Mobility": 0.85,
          "Delay": 0.85,
          "Acceleration": 1.2,
          "Radius": 10
        },
        {
          "Position": {
            "X": 0,
            "Y": 60
          },
          "Mobility": 0.85,
          "Delay": 0.85,
          "Acceleration": 1.2,
          "Radius": 10
        },
        {
          "Position": {
            "X": 0,
            "Y": 70
          },
          "Mobility": 0.85,
          "Delay": 0.85,
          "Acceleration": 1.2,
          "Radius": 10
        }
      ],
      "Normalization": {
        "Position": {
          "Minimum": -10,
          "Default": 0,
          "Maximum": 10
        },
        "Angle": {
          "Minimum": -10,
          "Default": 0,
          "Maximum": 10
        }
      }
    },
    {
      "Id": "PhysicsSetting7",
      "Input": [
        {
          "Source": {
            "Target": "Parameter",
            "Id": "OP_physics"
          },
          "Weight": 30,
          "Type": "X",
          "Reflect": true
        },
        {
          "Source": {
            "Target": "Parameter",
            "Id": "ParamEyeBallX"
          },
          "Weight": 10,
          "Type": "X",
          "Reflect": true
        },
        {
          "Source": {
            "Target": "Parameter",
            "Id": "ParamEyeBallY"
          },
          "Weight": 10,
          "Type": "X",
          "Reflect": true
        }
      ],
      "Output": [
        {
          "Destination": {
            "Target": "Parameter",
            "Id": "Param_Angle_Rotation137"
          },
          "VertexIndex": 1,
          "Scale": 80,
          "Weight": 100,
          "Type": "Angle",
          "Reflect": false
        },
        {
          "Destination": {
            "Target": "Parameter",
            "Id": "Param_Angle_Rotation138"
          },
          "VertexIndex": 2,
          "Scale": 108.498,
          "Weight": 100,
          "Type": "Angle",
          "Reflect": false
        },
        {
          "Destination": {
            "Target": "Parameter",
            "Id": "Param_Angle_Rotation139"
          },
          "VertexIndex": 3,
          "Scale": 182.122,
          "Weight": 100,
          "Type": "Angle",
          "Reflect": false
        },
        {
          "Destination": {
            "Target": "Parameter",
            "Id": "Param_Angle_Rotation140"
          },
          "VertexIndex": 4,
          "Scale": 232.894,
          "Weight": 100,
          "Type": "Angle",
          "Reflect": false
        },
        {
          "Destination": {
            "Target": "Parameter",
            "Id": "Param_Angle_Rotation141"
          },
          "VertexIndex": 5,
          "Scale": 262.503,
          "Weight": 100,
          "Type": "Angle",
          "Reflect": false
        },
        {
          "Destination": {
            "Target": "Parameter",
            "Id": "Param_Angle_Rotation142"
          },
          "VertexIndex": 6,
          "Scale": 290.205,
          "Weight": 100,
          "Type": "Angle",
          "Reflect": false
        },
        {
          "Destination": {
            "Target": "Parameter",
            "Id": "Param_Angle_Rotation143"
          },
          "VertexIndex": 7,
          "Scale": 325.123,
          "Weight": 100,
          "Type": "Angle",
          "Reflect": false
        },
        {
          "Destination": {
            "Target": "Parameter",
            "Id": "Param_Angle_Rotation145"
          },
          "VertexIndex": 1,
          "Scale": 98.177,
          "Weight": 100,
          "Type": "Angle",
          "Reflect": false
        },
        {
          "Destination": {
            "Target": "Parameter",
            "Id": "Param_Angle_Rotation149"
          },
          "VertexIndex": 2,
          "Scale": 108.498,
          "Weight": 100,
          "Type": "Angle",
          "Reflect": false
        },
        {
          "Destination": {
            "Target": "Parameter",
            "Id": "Param_Angle_Rotation169"
          },
          "VertexIndex": 3,
          "Scale": 182.122,
          "Weight": 100,
          "Type": "Angle",
          "Reflect": false
        },
        {
          "Destination": {
            "Target": "Parameter",
            "Id": "Param_Angle_Rotation170"
          },
          "VertexIndex": 4,
          "Scale": 233.773,
          "Weight": 100,
          "Type": "Angle",
          "Reflect": false
        },
        {
          "Destination": {
            "Target": "Parameter",
            "Id": "Param_Angle_Rotation171"
          },
          "VertexIndex": 5,
          "Scale": 273.448,
          "Weight": 100,
          "Type": "Angle",
          "Reflect": false
        },
        {
          "Destination": {
            "Target": "Parameter",
            "Id": "Param_Angle_Rotation172"
          },
          "VertexIndex": 6,
          "Scale": 308.248,
          "Weight": 100,
          "Type": "Angle",
          "Reflect": false
        },
        {
          "Destination": {
            "Target": "Parameter",
            "Id": "Param_Angle_Rotation173"
          },
          "VertexIndex": 7,
          "Scale": 345.116,
          "Weight": 100,
          "Type": "Angle",
          "Reflect": false
        },
        {
          "Destination": {
            "Target": "Parameter",
            "Id": "Param_Angle_Rotation174"
          },
          "VertexIndex": 1,
          "Scale": 98.177,
          "Weight": 100,
          "Type": "Angle",
          "Reflect": false
        },
        {
          "Destination": {
            "Target": "Parameter",
            "Id": "Param_Angle_Rotation175"
          },
          "VertexIndex": 2,
          "Scale": 108.782,
          "Weight": 100,
          "Type": "Angle",
          "Reflect": false
        },
        {
          "Destination": {
            "Target": "Parameter",
            "Id": "Param_Angle_Rotation176"
          },
          "VertexIndex": 3,
          "Scale": 182.122,
          "Weight": 100,
          "Type": "Angle",
          "Reflect": false
        },
        {
          "Destination": {
            "Target": "Parameter",
            "Id": "Param_Angle_Rotation177"
          },
          "VertexIndex": 4,
          "Scale": 233.773,
          "Weight": 100,
          "Type": "Angle",
          "Reflect": false
        },
        {
          "Destination": {
            "Target": "Parameter",
            "Id": "Param_Angle_Rotation178"
          },
          "VertexIndex": 5,
          "Scale": 273.448,
          "Weight": 100,
          "Type": "Angle",
          "Reflect": false
        },
        {
          "Destination": {
            "Target": "Parameter",
            "Id": "Param_Angle_Rotation179"
          },
          "VertexIndex": 6,
          "Scale": 308.248,
          "Weight": 100,
          "Type": "Angle",
          "Reflect": false
        },
        {
          "Destination": {
            "Target": "Parameter",
            "Id": "Param_Angle_Rotation180"
          },
          "VertexIndex": 7,
          "Scale": 1.591,
          "Weight": 100,
          "Type": "Angle",
          "Reflect": false
        },
        {
          "Destination": {
            "Target": "Parameter",
            "Id": "Param_Angle_Rotation181"
          },
          "VertexIndex": 1,
          "Scale": 98.177,
          "Weight": 100,
          "Type": "Angle",
          "Reflect": false
        },
        {
          "Destination": {
            "Target": "Parameter",
            "Id": "Param_Angle_Rotation182"
          },
          "VertexIndex": 2,
          "Scale": 108.498,
          "Weight": 100,
          "Type": "Angle",
          "Reflect": false
        },
        {
          "Destination": {
            "Target": "Parameter",
            "Id": "Param_Angle_Rotation183"
          },
          "VertexIndex": 3,
          "Scale": 182.122,
          "Weight": 100,
          "Type": "Angle",
          "Reflect": false
        },
        {
          "Destination": {
            "Target": "Parameter",
            "Id": "Param_Angle_Rotation184"
          },
          "VertexIndex": 4,
          "Scale": 232.894,
          "Weight": 100,
          "Type": "Angle",
          "Reflect": false
        },
        {
          "Destination": {
            "Target": "Parameter",
            "Id": "Param_Angle_Rotation185"
          },
          "VertexIndex": 5,
          "Scale": 262.503,
          "Weight": 100,
          "Type": "Angle",
          "Reflect": false
        },
        {
          "Destination": {
            "Target": "Parameter",
            "Id": "Param_Angle_Rotation186"
          },
          "VertexIndex": 6,
          "Scale": 290.205,
          "Weight": 100,
          "Type": "Angle",
          "Reflect": false
        },
        {
          "Destination": {
            "Target": "Parameter",
            "Id": "Param_Angle_Rotation187"
          },
          "VertexIndex": 7,
          "Scale": 325.123,
          "Weight": 100,
          "Type": "Angle",
          "Reflect": false
        },
        {
          "Destination": {
            "Target": "Parameter",
            "Id": "Param_Angle_Rotation121"
          },
          "VertexIndex": 1,
          "Scale": 80,
          "Weight": 100,
          "Type": "Angle",
          "Reflect": true
        },
        {
          "Destination": {
            "Target": "Parameter",
            "Id": "Param_Angle_Rotation122"
          },
          "VertexIndex": 2,
          "Scale": 109.237,
          "Weight": 100,
          "Type": "Angle",
          "Reflect": true
        },
        {
          "Destination": {
            "Target": "Parameter",
            "Id": "Param_Angle_Rotation125"
          },
          "VertexIndex": 3,
          "Scale": 182.122,
          "Weight": 100,
          "Type": "Angle",
          "Reflect": true
        },
        {
          "Destination": {
            "Target": "Parameter",
            "Id": "Param_Angle_Rotation126"
          },
          "VertexIndex": 4,
          "Scale": 233.773,
          "Weight": 100,
          "Type": "Angle",
          "Reflect": true
        },
        {
          "Destination": {
            "Target": "Parameter",
            "Id": "Param_Angle_Rotation146"
          },
          "VertexIndex": 5,
          "Scale": 273.448,
          "Weight": 100,
          "Type": "Angle",
          "Reflect": true
        },
        {
          "Destination": {
            "Target": "Parameter",
            "Id": "Param_Angle_Rotation147"
          },
          "VertexIndex": 6,
          "Scale": 308.248,
          "Weight": 100,
          "Type": "Angle",
          "Reflect": true
        },
        {
          "Destination": {
            "Target": "Parameter",
            "Id": "Param_Angle_Rotation188"
          },
          "VertexIndex": 7,
          "Scale": 345.116,
          "Weight": 100,
          "Type": "Angle",
          "Reflect": true
        }
      ],
      "Vertices": [
        {
          "Position": {
            "X": 0,
            "Y": 0
          },
          "Mobility": 0.9,
          "Delay": 0.8,
          "Acceleration": 1,
          "Radius": 5
        },
        {
          "Position": {
            "X": 0,
            "Y": 10
          },
          "Mobility": 0.85,
          "Delay": 0.8,
          "Acceleration": 1,
          "Radius": 10
        },
        {
          "Position": {
            "X": 0,
            "Y": 20
          },
          "Mobility": 0.85,
          "Delay": 0.8,
          "Acceleration": 1,
          "Radius": 10
        },
        {
          "Position": {
            "X": 0,
            "Y": 30
          },
          "Mobility": 0.85,
          "Delay": 0.8,
          "Acceleration": 1,
          "Radius": 10
        },
        {
          "Position": {
            "X": 0,
            "Y": 40
          },
          "Mobility": 0.85,
          "Delay": 0.8,
          "Acceleration": 1,
          "Radius": 10
        },
        {
          "Position": {
            "X": 0,
            "Y": 50
          },
          "Mobility": 0.85,
          "Delay": 0.8,
          "Acceleration": 1,
          "Radius": 10
        },
        {
          "Position": {
            "X": 0,
            "Y": 60
          },
          "Mobility": 0.85,
          "Delay": 0.8,
          "Acceleration": 1,
          "Radius": 10
        },
        {
          "Position": {
            "X": 0,
            "Y": 70
          },
          "Mobility": 0.85,
          "Delay": 0.8,
          "Acceleration": 1,
          "Radius": 10
        },
        {
          "Position": {
            "X": 0,
            "Y": 80
          },
          "Mobility": 0.85,
          "Delay": 0.8,
          "Acceleration": 1,
          "Radius": 10
        }
      ],
      "Normalization": {
        "Position": {
          "Minimum": -10,
          "Default": 0,
          "Maximum": 10
        },
        "Angle": {
          "Minimum": -10,
          "Default": 0,
          "Maximum": 10
        }
      }
    },
    {
      "Id": "PhysicsSetting8",
      "Input": [
        {
          "Source": {
            "Target": "Parameter",
            "Id": "ParamEyeBallX"
          },
          "Weight": 20,
          "Type": "X",
          "Reflect": true
        },
        {
          "Source": {
            "Target": "Parameter",
            "Id": "ParamEyeBallY"
          },
          "Weight": 20,
          "Type": "X",
          "Reflect": true
        },
        {
          "Source": {
            "Target": "Parameter",
            "Id": "Hair_physics"
          },
          "Weight": 40,
          "Type": "X",
          "Reflect": true
        }
      ],
      "Output": [
        {
          "Destination": {
            "Target": "Parameter",
            "Id": "L_ParamHairSide1"
          },
          "VertexIndex": 1,
          "Scale": 100,
          "Weight": 100,
          "Type": "Angle",
          "Reflect": true
        },
        {
          "Destination": {
            "Target": "Parameter",
            "Id": "L_ParamHairSide2"
          },
          "VertexIndex": 2,
          "Scale": 100,
          "Weight": 100,
          "Type": "Angle",
          "Reflect": true
        },
        {
          "Destination": {
            "Target": "Parameter",
            "Id": "L_ParamHairSide3"
          },
          "VertexIndex": 3,
          "Scale": 64.287,
          "Weight": 100,
          "Type": "Angle",
          "Reflect": false
        },
        {
          "Destination": {
            "Target": "Parameter",
            "Id": "L_ParamHairSide4"
          },
          "VertexIndex": 4,
          "Scale": 52.123,
          "Weight": 100,
          "Type": "Angle",
          "Reflect": false
        },
        {
          "Destination": {
            "Target": "Parameter",
            "Id": "L_ParamHairSide5"
          },
          "VertexIndex": 5,
          "Scale": 46.361,
          "Weight": 100,
          "Type": "Angle",
          "Reflect": true
        },
        {
          "Destination": {
            "Target": "Parameter",
            "Id": "Param2"
          },
          "VertexIndex": 6,
          "Scale": 40.514,
          "Weight": 100,
          "Type": "Angle",
          "Reflect": false
        },
        {
          "Destination": {
            "Target": "Parameter",
            "Id": "Param8"
          },
          "VertexIndex": 3,
          "Scale": 64.287,
          "Weight": 100,
          "Type": "Angle",
          "Reflect": true
        },
        {
          "Destination": {
            "Target": "Parameter",
            "Id": "Param9"
          },
          "VertexIndex": 4,
          "Scale": 52.123,
          "Weight": 100,
          "Type": "Angle",
          "Reflect": true
        },
        {
          "Destination": {
            "Target": "Parameter",
            "Id": "Param13"
          },
          "VertexIndex": 3,
          "Scale": 55,
          "Weight": 100,
          "Type": "Angle",
          "Reflect": true
        },
        {
          "Destination": {
            "Target": "Parameter",
            "Id": "Param14"
          },
          "VertexIndex": 4,
          "Scale": 45,
          "Weight": 100,
          "Type": "Angle",
          "Reflect": true
        }
      ],
      "Vertices": [
        {
          "Position": {
            "X": 0,
            "Y": 0
          },
          "Mobility": 1,
          "Delay": 1,
          "Acceleration": 1,
          "Radius": 0
        },
        {
          "Position": {
            "X": 0,
            "Y": 12
          },
          "Mobility": 0.95,
          "Delay": 0.85,
          "Acceleration": 1.5,
          "Radius": 12
        },
        {
          "Position": {
            "X": 0,
            "Y": 20
          },
          "Mobility": 0.85,
          "Delay": 0.8,
          "Acceleration": 1.5,
          "Radius": 8
        },
        {
          "Position": {
            "X": 0,
            "Y": 28
          },
          "Mobility": 0.85,
          "Delay": 0.8,
          "Acceleration": 1,
          "Radius": 8
        },
        {
          "Position": {
            "X": 0,
            "Y": 36
          },
          "Mobility": 0.85,
          "Delay": 0.8,
          "Acceleration": 1,
          "Radius": 8
        },
        {
          "Position": {
            "X": 0,
            "Y": 44
          },
          "Mobility": 0.85,
          "Delay": 0.8,
          "Acceleration": 1,
          "Radius": 8
        },
        {
          "Position": {
            "X": 0,
            "Y": 52
          },
          "Mobility": 0.85,
          "Delay": 0.8,
          "Acceleration": 1,
          "Radius": 8
        }
      ],
      "Normalization": {
        "Position": {
          "Minimum": -10,
          "Default": 0,
          "Maximum": 10
        },
        "Angle": {
          "Minimum": -10,
          "Default": 0,
          "Maximum": 10
        }
      }
    },
    {
      "Id": "PhysicsSetting9",
      "Input": [
        {
          "Source": {
            "Target": "Parameter",
            "Id": "ParamEyeBallX"
          },
          "Weight": 15,
          "Type": "X",
          "Reflect": false
        },
        {
          "Source": {
            "Target": "Parameter",
            "Id": "ParamEyeBallY"
          },
          "Weight": 15,
          "Type": "X",
          "Reflect": false
        },
        {
          "Source": {
            "Target": "Parameter",
            "Id": "Hair_physics"
          },
          "Weight": 40,
          "Type": "X",
          "Reflect": false
        }
      ],
      "Output": [
        {
          "Destination": {
            "Target": "Parameter",
            "Id": "Param97"
          },
          "VertexIndex": 1,
          "Scale": 100,
          "Weight": 100,
          "Type": "Angle",
          "Reflect": false
        },
        {
          "Destination": {
            "Target": "Parameter",
            "Id": "Param96"
          },
          "VertexIndex": 2,
          "Scale": 100,
          "Weight": 100,
          "Type": "Angle",
          "Reflect": true
        },
        {
          "Destination": {
            "Target": "Parameter",
            "Id": "Param98"
          },
          "VertexIndex": 3,
          "Scale": 60.878,
          "Weight": 100,
          "Type": "Angle",
          "Reflect": true
        },
        {
          "Destination": {
            "Target": "Parameter",
            "Id": "Param99"
          },
          "VertexIndex": 4,
          "Scale": 51.793,
          "Weight": 100,
          "Type": "Angle",
          "Reflect": false
        },
        {
          "Destination": {
            "Target": "Parameter",
            "Id": "Param100"
          },
          "VertexIndex": 3,
          "Scale": 60.878,
          "Weight": 100,
          "Type": "Angle",
          "Reflect": false
        },
        {
          "Destination": {
            "Target": "Parameter",
            "Id": "Param101"
          },
          "VertexIndex": 4,
          "Scale": 51.793,
          "Weight": 100,
          "Type": "Angle",
          "Reflect": false
        },
        {
          "Destination": {
            "Target": "Parameter",
            "Id": "Param102"
          },
          "VertexIndex": 5,
          "Scale": 48.063,
          "Weight": 100,
          "Type": "Angle",
          "Reflect": true
        },
        {
          "Destination": {
            "Target": "Parameter",
            "Id": "Param103"
          },
          "VertexIndex": 6,
          "Scale": 45.348,
          "Weight": 100,
          "Type": "Angle",
          "Reflect": false
        }
      ],
      "Vertices": [
        {
          "Position": {
            "X": 0,
            "Y": 0
          },
          "Mobility": 1,
          "Delay": 1,
          "Acceleration": 1,
          "Radius": 0
        },
        {
          "Position": {
            "X": 0,
            "Y": 8
          },
          "Mobility": 0.9,
          "Delay": 0.8,
          "Acceleration": 1.5,
          "Radius": 8
        },
        {
          "Position": {
            "X": 0,
            "Y": 16
          },
          "Mobility": 0.9,
          "Delay": 0.8,
          "Acceleration": 1.5,
          "Radius": 8
        },
        {
          "Position": {
            "X": 0,
            "Y": 24
          },
          "Mobility": 0.9,
          "Delay": 0.8,
          "Acceleration": 1,
          "Radius": 8
        },
        {
          "Position": {
            "X": 0,
            "Y": 32
          },
          "Mobility": 0.9,
          "Delay": 0.8,
          "Acceleration": 1,
          "Radius": 8
        },
        {
          "Position": {
            "X": 0,
            "Y": 40
          },
          "Mobility": 0.9,
          "Delay": 0.8,
          "Acceleration": 1,
          "Radius": 8
        },
        {
          "Position": {
            "X": 0,
            "Y": 48
          },
          "Mobility": 0.9,
          "Delay": 0.8,
          "Acceleration": 1,
          "Radius": 8
        }
      ],
      "Normalization": {
        "Position": {
          "Minimum": -10,
          "Default": 0,
          "Maximum": 10
        },
        "Angle": {
          "Minimum": -10,
          "Default": 0,
          "Maximum": 10
        }
      }
    },
    {
      "Id": "PhysicsSetting10",
      "Input": [
        {
          "Source": {
            "Target": "Parameter",
            "Id": "ParamEyeBallX"
          },
          "Weight": 15,
          "Type": "X",
          "Reflect": false
        },
        {
          "Source": {
            "Target": "Parameter",
            "Id": "ParamEyeBallY"
          },
          "Weight": 15,
          "Type": "X",
          "Reflect": false
        },
        {
          "Source": {
            "Target": "Parameter",
            "Id": "Hair_physics"
          },
          "Weight": 40,
          "Type": "X",
          "Reflect": false
        }
      ],
      "Output": [
        {
          "Destination": {
            "Target": "Parameter",
            "Id": "Param104"
          },
          "VertexIndex": 1,
          "Scale": 115.965,
          "Weight": 100,
          "Type": "Angle",
          "Reflect": false
        },
        {
          "Destination": {
            "Target": "Parameter",
            "Id": "Param106"
          },
          "VertexIndex": 2,
          "Scale": 100.884,
          "Weight": 100,
          "Type": "Angle",
          "Reflect": true
        },
        {
          "Destination": {
            "Target": "Parameter",
            "Id": "Param107"
          },
          "VertexIndex": 3,
          "Scale": 60.878,
          "Weight": 100,
          "Type": "Angle",
          "Reflect": true
        },
        {
          "Destination": {
            "Target": "Parameter",
            "Id": "Param108"
          },
          "VertexIndex": 4,
          "Scale": 51.793,
          "Weight": 100,
          "Type": "Angle",
          "Reflect": false
        },
        {
          "Destination": {
            "Target": "Parameter",
            "Id": "Param109"
          },
          "VertexIndex": 3,
          "Scale": 60.878,
          "Weight": 100,
          "Type": "Angle",
          "Reflect": false
        },
        {
          "Destination": {
            "Target": "Parameter",
            "Id": "Param110"
          },
          "VertexIndex": 4,
          "Scale": 51.793,
          "Weight": 100,
          "Type": "Angle",
          "Reflect": false
        },
        {
          "Destination": {
            "Target": "Parameter",
            "Id": "Param111"
          },
          "VertexIndex": 5,
          "Scale": 48.063,
          "Weight": 100,
          "Type": "Angle",
          "Reflect": true
        },
        {
          "Destination": {
            "Target": "Parameter",
            "Id": "Param112"
          },
          "VertexIndex": 6,
          "Scale": 45.348,
          "Weight": 100,
          "Type": "Angle",
          "Reflect": false
        }
      ],
      "Vertices": [
        {
          "Position": {
            "X": 0,
            "Y": 0
          },
          "Mobility": 1,
          "Delay": 1,
          "Acceleration": 1,
          "Radius": 0
        },
        {
          "Position": {
            "X": 0,
            "Y": 8
          },
          "Mobility": 0.9,
          "Delay": 0.8,
          "Acceleration": 1.5,
          "Radius": 8
        },
        {
          "Position": {
            "X": 0,
            "Y": 16
          },
          "Mobility": 0.9,
          "Delay": 0.8,
          "Acceleration": 1.5,
          "Radius": 8
        },
        {
          "Position": {
            "X": 0,
            "Y": 24
          },
          "Mobility": 0.9,
          "Delay": 0.8,
          "Acceleration": 1,
          "Radius": 8
        },
        {
          "Position": {
            "X": 0,
            "Y": 32
          },
          "Mobility": 0.9,
          "Delay": 0.8,
          "Acceleration": 1,
          "Radius": 8
        },
        {
          "Position": {
            "X": 0,
            "Y": 40
          },
          "Mobility": 0.9,
          "Delay": 0.8,
          "Acceleration": 1,
          "Radius": 8
        },
        {
          "Position": {
            "X": 0,
            "Y": 48
          },
          "Mobility": 0.9,
          "Delay": 0.8,
          "Acceleration": 1,
          "Radius": 8
        }
      ],
      "Normalization": {
        "Position": {
          "Minimum": -10,
          "Default": 0,
          "Maximum": 10
        },
        "Angle": {
          "Minimum": -10,
          "Default": 0,
          "Maximum": 10
        }
      }
    },
    {
      "Id": "PhysicsSetting11",
      "Input": [
        {
          "Source": {
            "Target": "Parameter",
            "Id": "ParamEyeBallX"
          },
          "Weight": 25,
          "Type": "X",
          "Reflect": true
        },
        {
          "Source": {
            "Target": "Parameter",
            "Id": "ParamEyeBallY"
          },
          "Weight": 25,
          "Type": "X",
          "Reflect": true
        },
        {
          "Source": {
            "Target": "Parameter",
            "Id": "Hair_physics2"
          },
          "Weight": 50,
          "Type": "X",
          "Reflect": false
        }
      ],
      "Output": [
        {
          "Destination": {
            "Target": "Parameter",
            "Id": "Param18"
          },
          "VertexIndex": 1,
          "Scale": 100,
          "Weight": 100,
          "Type": "Angle",
          "Reflect": true
        },
        {
          "Destination": {
            "Target": "Parameter",
            "Id": "Param15"
          },
          "VertexIndex": 2,
          "Scale": 100,
          "Weight": 100,
          "Type": "Angle",
          "Reflect": true
        },
        {
          "Destination": {
            "Target": "Parameter",
            "Id": "Param16"
          },
          "VertexIndex": 3,
          "Scale": 120,
          "Weight": 100,
          "Type": "Angle",
          "Reflect": true
        },
        {
          "Destination": {
            "Target": "Parameter",
            "Id": "Param17"
          },
          "VertexIndex": 4,
          "Scale": 120,
          "Weight": 100,
          "Type": "Angle",
          "Reflect": true
        }
      ],
      "Vertices": [
        {
          "Position": {
            "X": 0,
            "Y": 0
          },
          "Mobility": 1,
          "Delay": 1,
          "Acceleration": 1,
          "Radius": 0
        },
        {
          "Position": {
            "X": 0,
            "Y": 10
          },
          "Mobility": 0.85,
          "Delay": 0.85,
          "Acceleration": 1.2,
          "Radius": 10
        },
        {
          "Position": {
            "X": 0,
            "Y": 20
          },
          "Mobility": 0.85,
          "Delay": 0.85,
          "Acceleration": 1.2,
          "Radius": 10
        },
        {
          "Position": {
            "X": 0,
            "Y": 30
          },
          "Mobility": 0.85,
          "Delay": 0.85,
          "Acceleration": 1.2,
          "Radius": 10
        },
        {
          "Position": {
            "X": 0,
            "Y": 40
          },
          "Mobility": 0.85,
          "Delay": 0.85,
          "Acceleration": 1.2,
          "Radius": 10
        }
      ],
      "Normalization": {
        "Position": {
          "Minimum": -10,
          "Default": 0,
          "Maximum": 10
        },
        "Angle": {
          "Minimum": -10,
          "Default": 0,
          "Maximum": 10
        }
      }
    },
    {
      "Id": "PhysicsSetting12",
      "Input": [
        {
          "Source": {
            "Target": "Parameter",
            "Id": "ParamEyeBallX"
          },
          "Weight": 25,
          "Type": "X",
          "Reflect": true
        },
        {
          "Source": {
            "Target": "Parameter",
            "Id": "ParamEyeBallY"
          },
          "Weight": 25,
          "Type": "X",
          "Reflect": true
        },
        {
          "Source": {
            "Target": "Parameter",
            "Id": "Hair_physics2"
          },
          "Weight": 50,
          "Type": "X",
          "Reflect": false
        }
      ],
      "Output": [
        {
          "Destination": {
            "Target": "Parameter",
            "Id": "Param19"
          },
          "VertexIndex": 1,
          "Scale": 100,
          "Weight": 100,
          "Type": "Angle",
          "Reflect": true
        },
        {
          "Destination": {
            "Target": "Parameter",
            "Id": "Param20"
          },
          "VertexIndex": 2,
          "Scale": 100,
          "Weight": 100,
          "Type": "Angle",
          "Reflect": true
        },
        {
          "Destination": {
            "Target": "Parameter",
            "Id": "Param21"
          },
          "VertexIndex": 3,
          "Scale": 120,
          "Weight": 100,
          "Type": "Angle",
          "Reflect": true
        },
        {
          "Destination": {
            "Target": "Parameter",
            "Id": "Param22"
          },
          "VertexIndex": 4,
          "Scale": 120,
          "Weight": 100,
          "Type": "Angle",
          "Reflect": true
        }
      ],
      "Vertices": [
        {
          "Position": {
            "X": 0,
            "Y": 0
          },
          "Mobility": 1,
          "Delay": 1,
          "Acceleration": 1,
          "Radius": 0
        },
        {
          "Position": {
            "X": 0,
            "Y": 10
          },
          "Mobility": 0.85,
          "Delay": 0.85,
          "Acceleration": 1.2,
          "Radius": 10
        },
        {
          "Position": {
            "X": 0,
            "Y": 20
          },
          "Mobility": 0.85,
          "Delay": 0.85,
          "Acceleration": 1.2,
          "Radius": 10
        },
        {
          "Position": {
            "X": 0,
            "Y": 30
          },
          "Mobility": 0.85,
          "Delay": 0.85,
          "Acceleration": 1.2,
          "Radius": 10
        },
        {
          "Position": {
            "X": 0,
            "Y": 40
          },
          "Mobility": 0.85,
          "Delay": 0.85,
          "Acceleration": 1.2,
          "Radius": 10
        }
      ],
      "Normalization": {
        "Position": {
          "Minimum": -10,
          "Default": 0,
          "Maximum": 10
        },
        "Angle": {
          "Minimum": -10,
          "Default": 0,
          "Maximum": 10
        }
      }
    },
    {
      "Id": "PhysicsSetting13",
      "Input": [
        {
          "Source": {
            "Target": "Parameter",
            "Id": "ParamEyeBallX"
          },
          "Weight": 15,
          "Type": "X",
          "Reflect": false
        },
        {
          "Source": {
            "Target": "Parameter",
            "Id": "ParamEyeBallY"
          },
          "Weight": 15,
          "Type": "X",
          "Reflect": true
        },
        {
          "Source": {
            "Target": "Parameter",
            "Id": "OP_physics"
          },
          "Weight": 50,
          "Type": "X",
          "Reflect": false
        }
      ],
      "Output": [
        {
          "Destination": {
            "Target": "Parameter",
            "Id": "Param26"
          },
          "VertexIndex": 1,
          "Scale": 160,
          "Weight": 100,
          "Type": "Angle",
          "Reflect": true
        },
        {
          "Destination": {
            "Target": "Parameter",
            "Id": "Param23"
          },
          "VertexIndex": 2,
          "Scale": 156.153,
          "Weight": 100,
          "Type": "Angle",
          "Reflect": false
        },
        {
          "Destination": {
            "Target": "Parameter",
            "Id": "Param24"
          },
          "VertexIndex": 3,
          "Scale": 172.862,
          "Weight": 100,
          "Type": "Angle",
          "Reflect": false
        },
        {
          "Destination": {
            "Target": "Parameter",
            "Id": "Param25"
          },
          "VertexIndex": 4,
          "Scale": 194.499,
          "Weight": 100,
          "Type": "Angle",
          "Reflect": false
        }
      ],
      "Vertices": [
        {
          "Position": {
            "X": 0,
            "Y": 0
          },
          "Mobility": 1,
          "Delay": 1,
          "Acceleration": 1,
          "Radius": 0
        },
        {
          "Position": {
            "X": 0,
            "Y": 10
          },
          "Mobility": 0.85,
          "Delay": 0.85,
          "Acceleration": 1.2,
          "Radius": 10
        },
        {
          "Position": {
            "X": 0,
            "Y": 20
          },
          "Mobility": 0.85,
          "Delay": 0.85,
          "Acceleration": 1.2,
          "Radius": 10
        },
        {
          "Position": {
            "X": 0,
            "Y": 30
          },
          "Mobility": 0.85,
          "Delay": 0.85,
          "Acceleration": 1.2,
          "Radius": 10
        },
        {
          "Position": {
            "X": 0,
            "Y": 40
          },
          "Mobility": 0.85,
          "Delay": 0.85,
          "Acceleration": 1.2,
          "Radius": 10
        }
      ],
      "Normalization": {
        "Position": {
          "Minimum": -10,
          "Default": 0,
          "Maximum": 10
        },
        "Angle": {
          "Minimum": -10,
          "Default": 0,
          "Maximum": 10
        }
      }
    },
    {
      "Id": "PhysicsSetting14",
      "Input": [
        {
          "Source": {
            "Target": "Parameter",
            "Id": "ParamEyeBallX"
          },
          "Weight": 15,
          "Type": "X",
          "Reflect": true
        },
        {
          "Source": {
            "Target": "Parameter",
            "Id": "ParamEyeBallY"
          },
          "Weight": 15,
          "Type": "X",
          "Reflect": true
        },
        {
          "Source": {
            "Target": "Parameter",
            "Id": "OP_physics"
          },
          "Weight": 50,
          "Type": "X",
          "Reflect": false
        }
      ],
      "Output": [
        {
          "Destination": {
            "Target": "Parameter",
            "Id": "Param28"
          },
          "VertexIndex": 1,
          "Scale": 160,
          "Weight": 100,
          "Type": "Angle",
          "Reflect": true
        },
        {
          "Destination": {
            "Target": "Parameter",
            "Id": "Param29"
          },
          "VertexIndex": 2,
          "Scale": 156.153,
          "Weight": 100,
          "Type": "Angle",
          "Reflect": false
        },
        {
          "Destination": {
            "Target": "Parameter",
            "Id": "Param30"
          },
          "VertexIndex": 3,
          "Scale": 172.862,
          "Weight": 100,
          "Type": "Angle",
          "Reflect": false
        },
        {
          "Destination": {
            "Target": "Parameter",
            "Id": "Param31"
          },
          "VertexIndex": 4,
          "Scale": 194.499,
          "Weight": 100,
          "Type": "Angle",
          "Reflect": false
        }
      ],
      "Vertices": [
        {
          "Position": {
            "X": 0,
            "Y": 0
          },
          "Mobility": 1,
          "Delay": 1,
          "Acceleration": 1,
          "Radius": 0
        },
        {
          "Position": {
            "X": 0,
            "Y": 10
          },
          "Mobility": 0.85,
          "Delay": 0.85,
          "Acceleration": 1.2,
          "Radius": 10
        },
        {
          "Position": {
            "X": 0,
            "Y": 20
          },
          "Mobility": 0.85,
          "Delay": 0.85,
          "Acceleration": 1.2,
          "Radius": 10
        },
        {
          "Position": {
            "X": 0,
            "Y": 30
          },
          "Mobility": 0.85,
          "Delay": 0.85,
          "Acceleration": 1.2,
          "Radius": 10
        },
        {
          "Position": {
            "X": 0,
            "Y": 40
          },
          "Mobility": 0.85,
          "Delay": 0.85,
          "Acceleration": 1.2,
          "Radius": 10
        }
      ],
      "Normalization": {
        "Position": {
          "Minimum": -10,
          "Default": 0,
          "Maximum": 10
        },
        "Angle": {
          "Minimum": -10,
          "Default": 0,
          "Maximum": 10
        }
      }
    }
  ]
}