{
  "Version": 3,
  "Meta": {
    "Duration": 9.1,
    "Fps": 60.0,
    "Loop": true,
    "AreBeziersRestricted": true,
    "FadeInTime": 0.0,
    "FadeOutTime": 0.0,
    "CurveCount": 153,
    "TotalSegmentCount": 856,
    "TotalPointCount": 1132,
    "UserDataCount": 3,
    "TotalUserDataSize": 0
  },
  "Curves": [
    {
      "Target": "Parameter",
      "Id": "ParamEyeLOpen",
      "FadeInTime": -1.0,
      "FadeOutTime": -1.0,
      "Segments": [
        0,
        1,
        2,
        0.333,
        1,
        2,
        1.2,
        1,
        0,
        1.5,
        0,
        2,
        1.933,
        0,
        0,
        2.383,
        1,
        2,
        2.617,
        1,
        0,
        2.933,
        0,
        0,
        3.233,
        1,
        0,
        4.35,
        0.9,
        0,
        4.817,
        1,
        0,
        5.1,
        0,
        2,
        5.35,
        0,
        0,
        5.717,
        1,
        2,
        6.85,
        1,
        2,
        7.283,
        1,
        1,
        7.511,
        1,
        7.739,
        0.971,
        7.967,
        0.8,
        1,
        8.039,
        0.746,
        8.111,
        0,
        8.183,
        0,
        0,
        8.7,
        1,
        2,
        9.1,
        1
      ]
    },
    {
      "Target": "Parameter",
      "Id": "ParamEyeBallX",
      "FadeInTime": -1.0,
      "FadeOutTime": -1.0,
      "Segments": [
        0,
        0,
        2,
        0.333,
        0,
        2,
        2.617,
        0,
        2,
        3.233,
        0,
        0,
        4.35,
        -0.8,
        1,
        4.589,
        -0.8,
        4.828,
        -0.712,
        5.067,
        -0.5,
        1,
        5.278,
        -0.313,
        5.489,
        -0.2,
        5.7,
        -0.2,
        2,
        6.85,
        -0.2,
        1,
        6.994,
        -0.2,
        7.139,
        -0.247,
        7.283,
        -0.4,
        1,
        7.511,
        -0.642,
        7.739,
        -0.8,
        7.967,
        -0.8,
        0,
        8.7,
        0,
        2,
        9.1,
        0
      ]
    },
    {
      "Target": "Parameter",
      "Id": "ParamEyeBallY",
      "FadeInTime": -1.0,
      "FadeOutTime": -1.0,
      "Segments": [
        0,
        0,
        2,
        0.333,
        0,
        2,
        2.617,
        0,
        2,
        3.233,
        0,
        0,
        4.35,
        -0.6,
        1,
        4.589,
        -0.6,
        4.828,
        -0.581,
        5.067,
        -0.4,
        1,
        5.278,
        -0.24,
        5.489,
        0,
        5.7,
        0,
        2,
        6.85,
        0,
        0,
        7.283,
        0.1,
        0,
        7.967,
        -0.2,
        0,
        8.7,
        0,
        2,
        9.1,
        0
      ]
    },
    {
      "Target": "Parameter",
      "Id": "ParamMouthForm",
      "FadeInTime": -1.0,
      "FadeOutTime": -1.0,
      "Segments": [
        0,
        0,
        2,
        0.333,
        0,
        2,
        0.633,
        0,
        0,
        0.75,
        -0.8,
        0,
        0.9,
        0,
        2,
        1,
        0,
        2,
        1.15,
        0,
        0,
        1.283,
        -1,
        1,
        1.316,
        -1,
        1.35,
        -0.667,
        1.383,
        0,
        1,
        1.416,
        0.667,
        1.45,
        1,
        1.483,
        1,
        0,
        1.567,
        0,
        0,
        1.75,
        1,
        0,
        1.9,
        -1,
        0,
        2.05,
        0.1,
        0,
        2.2,
        0,
        0,
        2.383,
        1,
        1,
        2.483,
        1,
        2.583,
        0.682,
        2.683,
        0.3,
        1,
        2.75,
        0.045,
        2.816,
        0,
        2.883,
        0,
        2,
        3.167,
        0,
        0,
        3.283,
        1,
        0,
        3.533,
        0,
        2,
        3.767,
        0,
        1,
        3.811,
        0,
        3.856,
        0.307,
        3.9,
        0.4,
        1,
        3.95,
        0.505,
        4,
        0.493,
        4.05,
        0.6,
        1,
        4.122,
        0.755,
        4.195,
        1,
        4.267,
        1,
        2,
        4.5,
        1,
        1,
        4.55,
        1,
        4.6,
        0.869,
        4.65,
        0.5,
        1,
        4.689,
        0.213,
        4.728,
        0,
        4.767,
        0,
        2,
        4.967,
        0,
        2,
        5.133,
        0,
        2,
        5.3,
        0,
        0,
        5.483,
        1,
        1,
        5.533,
        1,
        5.583,
        0.63,
        5.633,
        0,
        1,
        5.689,
        -0.7,
        5.744,
        -1,
        5.8,
        -1,
        0,
        6.033,
        0,
        2,
        8.7,
        0,
        2,
        9.1,
        0
      ]
    },
    {
      "Target": "Parameter",
      "Id": "ParamMouthOpenY11",
      "FadeInTime": -1.0,
      "FadeOutTime": -1.0,
      "Segments": [
        0,
        0,
        2,
        0.333,
        0,
        2,
        0.633,
        0,
        0,
        0.75,
        0.4,
        0,
        0.9,
        0,
        0,
        1,
        1,
        0,
        1.15,
        0,
        0,
        1.283,
        1,
        0,
        1.383,
        0,
        0,
        1.483,
        0.7,
        0,
        1.567,
        0,
        0,
        1.75,
        0.4,
        2,
        1.9,
        0.4,
        0,
        2.05,
        0,
        0,
        2.2,
        1,
        0,
        2.383,
        0.4,
        2,
        2.683,
        0.4,
        0,
        2.883,
        0,
        2,
        3.167,
        0,
        0,
        3.283,
        0.4,
        0,
        3.533,
        0,
        2,
        3.767,
        0,
        0,
        3.9,
        0.7,
        1,
        3.95,
        0.7,
        4,
        0.594,
        4.05,
        0.3,
        1,
        4.078,
        0.137,
        4.105,
        0,
        4.133,
        0,
        0,
        4.267,
        0.5,
        2,
        4.5,
        0.5,
        0,
        4.65,
        1,
        0,
        4.767,
        0,
        0,
        4.967,
        1,
        0,
        5.133,
        0,
        0,
        5.3,
        1,
        1,
        5.361,
        1,
        5.422,
        0.763,
        5.483,
        0.4,
        1,
        5.533,
        0.103,
        5.583,
        0,
        5.633,
        0,
        0,
        5.8,
        0.4,
        0,
        6.033,
        0,
        2,
        8.7,
        0,
        2,
        9.1,
        0
      ]
    },
    {
      "Target": "Parameter",
      "Id": "ParamAngleX",
      "FadeInTime": -1.0,
      "FadeOutTime": -1.0,
      "Segments": [
        0,
        0,
        2,
        0.333,
        0,
        0,
        1.25,
        -3,
        0,
        2.15,
        0,
        0,
        2.817,
        -1,
        0,
        3.433,
        0,
        0,
        4.55,
        -17,
        1,
        4.789,
        -17,
        5.028,
        -1.436,
        5.267,
        10,
        1,
        5.478,
        20.107,
        5.689,
        21,
        5.9,
        21,
        0,
        6.433,
        18,
        2,
        7.05,
        18,
        2,
        7.483,
        18,
        1,
        7.594,
        18,
        7.706,
        1.704,
        7.817,
        -4,
        1,
        7.934,
        -9.989,
        8.05,
        -10,
        8.167,
        -10,
        0,
        8.7,
        0,
        2,
        9.1,
        0
      ]
    },
    {
      "Target": "Parameter",
      "Id": "ParamAngleY",
      "FadeInTime": -1.0,
      "FadeOutTime": -1.0,
      "Segments": [
        0,
        0,
        2,
        0.333,
        0,
        0,
        0.767,
        6.454,
        0,
        1.55,
        -24.701,
        0,
        2.05,
        -1.753,
        0,
        2.717,
        -15.936,
        0,
        3.333,
        0,
        1,
        3.705,
        0,
        4.078,
        -0.061,
        4.45,
        -1,
        1,
        4.689,
        -1.603,
        4.928,
        -3.221,
        5.167,
        -6,
        1,
        5.378,
        -8.456,
        5.589,
        -23.267,
        5.8,
        -23.267,
        0,
        6.483,
        -4.94,
        0,
        7.183,
        -27.888,
        0,
        7.6,
        -11.952,
        0,
        7.817,
        -14.9,
        0,
        8.7,
        0,
        2,
        9.1,
        0
      ]
    },
    {
      "Target": "Parameter",
      "Id": "touZ",
      "FadeInTime": -1.0,
      "FadeOutTime": -1.0,
      "Segments": [
        0,
        0,
        2,
        0.333,
        0,
        0,
        1.233,
        -2,
        0,
        2.133,
        2,
        0,
        2.8,
        -2,
        0,
        3.417,
        0,
        0,
        4.533,
        -6,
        2,
        5.25,
        -6,
        0,
        5.883,
        -10,
        0,
        6.417,
        -6,
        2,
        7.033,
        -6,
        0,
        7.467,
        -2.63,
        0,
        8.15,
        -8,
        1,
        8.333,
        -8,
        8.517,
        -2.043,
        8.7,
        -0.724,
        1,
        8.833,
        0.235,
        8.967,
        0,
        9.1,
        0
      ]
    },
    {
      "Target": "Parameter",
      "Id": "ParamAngleZ",
      "FadeInTime": -1.0,
      "FadeOutTime": -1.0,
      "Segments": [
        0,
        0,
        2,
        0.333,
        0,
        0,
        0.65,
        2.709,
        0,
        1.133,
        -10.757,
        0,
        2.033,
        2,
        0,
        2.533,
        -10.04,
        0,
        3.217,
        -0.08,
        0,
        4.433,
        -8,
        0,
        5.15,
        5.259,
        0,
        5.783,
        -11.235,
        0,
        6.333,
        -3.665,
        1,
        6.533,
        -3.665,
        6.733,
        -8.282,
        6.933,
        -11.474,
        1,
        7.072,
        -13.691,
        7.211,
        -13.626,
        7.35,
        -13.626,
        0,
        7.9,
        1.992,
        1,
        8.167,
        1.992,
        8.433,
        0.346,
        8.7,
        0.078,
        1,
        8.833,
        -0.056,
        8.967,
        0,
        9.1,
        0
      ]
    },
    {
      "Target": "Parameter",
      "Id": "toufz",
      "FadeInTime": -1.0,
      "FadeOutTime": -1.0,
      "Segments": [
        0,
        0,
        2,
        0.333,
        0,
        0,
        1.05,
        -19,
        0,
        1.95,
        3,
        0,
        2.617,
        -12,
        0,
        3.233,
        -7,
        0,
        4.467,
        -17.613,
        0,
        5.067,
        -8,
        0,
        5.7,
        -29.12,
        0,
        6.233,
        -18,
        0,
        6.85,
        -27,
        1,
        6.994,
        -27,
        7.139,
        -26.398,
        7.283,
        -24,
        1,
        7.511,
        -20.218,
        7.739,
        -16.334,
        7.967,
        -11,
        1,
        8.211,
        -5.276,
        8.456,
        0,
        8.7,
        0,
        2,
        9.1,
        0
      ]
    },
    {
      "Target": "Parameter",
      "Id": "bozss",
      "FadeInTime": -1.0,
      "FadeOutTime": -1.0,
      "Segments": [
        0,
        0,
        2,
        0.333,
        0,
        0,
        1.05,
        -4,
        0,
        1.95,
        0,
        2,
        2.617,
        0,
        2,
        6.85,
        0,
        2,
        8.7,
        0,
        2,
        9.1,
        0
      ]
    },
    {
      "Target": "Parameter",
      "Id": "ParamBodyAngleX",
      "FadeInTime": -1.0,
      "FadeOutTime": -1.0,
      "Segments": [
        0,
        0,
        2,
        0.333,
        0,
        0,
        1.15,
        2.337,
        1,
        1.45,
        2.337,
        1.75,
        2.271,
        2.05,
        1.567,
        1,
        2.272,
        1.046,
        2.495,
        0,
        2.717,
        0,
        2,
        3.333,
        0,
        0,
        4.45,
        -2,
        1,
        4.689,
        -2,
        4.928,
        -1.789,
        5.167,
        0,
        1,
        5.378,
        1.581,
        5.589,
        7.342,
        5.8,
        7.756,
        1,
        6.183,
        8.506,
        6.567,
        8.526,
        6.95,
        8.526,
        0,
        8.7,
        0,
        2,
        9.1,
        0
      ]
    },
    {
      "Target": "Parameter",
      "Id": "ParamBodyAngleY",
      "FadeInTime": -1.0,
      "FadeOutTime": -1.0,
      "Segments": [
        0,
        0,
        2,
        0.333,
        0,
        0,
        0.6,
        1.169,
        0,
        1.05,
        -5.684,
        0,
        1.733,
        3.028,
        0,
        2.4,
        -4.436,
        0,
        3.233,
        0,
        0,
        3.55,
        -4,
        1,
        3.672,
        -4,
        3.795,
        -0.288,
        3.917,
        2,
        1,
        4.061,
        4.704,
        4.206,
        5,
        4.35,
        5,
        1,
        4.589,
        5,
        4.828,
        3.525,
        5.067,
        0,
        1,
        5.278,
        -3.115,
        5.489,
        -5,
        5.7,
        -5,
        0,
        6.233,
        -0.053,
        0,
        6.85,
        -5,
        0,
        7.7,
        2.019,
        0,
        8.7,
        0,
        2,
        9.1,
        0
      ]
    },
    {
      "Target": "Parameter",
      "Id": "stsxz",
      "FadeInTime": -1.0,
      "FadeOutTime": -1.0,
      "Segments": [
        0,
        0,
        2,
        0.333,
        0,
        0,
        1.05,
        0.76,
        0,
        2.617,
        0,
        2,
        3.233,
        0,
        2,
        4.35,
        0,
        2,
        5.067,
        0,
        2,
        5.7,
        0,
        2,
        6.85,
        0,
        2,
        8.7,
        0,
        2,
        9.1,
        0
      ]
    },
    {
      "Target": "Parameter",
      "Id": "shentixX",
      "FadeInTime": -1.0,
      "FadeOutTime": -1.0,
      "Segments": [
        0,
        0,
        2,
        0.333,
        0,
        0,
        0.717,
        -2,
        0,
        1.183,
        3.798,
        1,
        1.472,
        3.798,
        1.761,
        -1.493,
        2.05,
        -4.661,
        1,
        2.272,
        -7.098,
        2.495,
        -7,
        2.717,
        -7,
        0,
        3.333,
        -6,
        2,
        3.65,
        -6,
        1,
        3.917,
        -6,
        4.183,
        -5.803,
        4.45,
        -4,
        1,
        4.689,
        -2.385,
        4.928,
        0,
        5.167,
        0,
        0,
        5.8,
        -3,
        0,
        6.95,
        1,
        0,
        8.067,
        -4,
        0,
        8.7,
        0,
        2,
        9.1,
        0
      ]
    },
    {
      "Target": "Parameter",
      "Id": "Ljiansx",
      "FadeInTime": -1.0,
      "FadeOutTime": -1.0,
      "Segments": [
        0,
        0,
        2,
        0.333,
        0,
        2,
        2.617,
        0,
        2,
        3.233,
        0,
        2,
        5.067,
        0,
        0,
        5.7,
        -1,
        2,
        6.85,
        -1,
        0,
        7.283,
        -10,
        0,
        8.7,
        0,
        2,
        9.1,
        0
      ]
    },
    {
      "Target": "Parameter",
      "Id": "Lsbxz",
      "FadeInTime": -1.0,
      "FadeOutTime": -1.0,
      "Segments": [
        0,
        0,
        2,
        0.333,
        0,
        1,
        0.494,
        0,
        0.656,
        -0.425,
        0.817,
        0.713,
        1,
        1.128,
        2.91,
        1.439,
        13,
        1.75,
        13,
        2,
        3.233,
        13,
        0,
        4.017,
        0.066,
        1,
        4.128,
        0.066,
        4.239,
        -0.055,
        4.35,
        0.666,
        1,
        4.589,
        2.216,
        4.828,
        5.059,
        5.067,
        8.1,
        1,
        5.278,
        10.787,
        5.489,
        13.54,
        5.7,
        13.54,
        2,
        6.233,
        13.54,
        2,
        6.85,
        13.54,
        1,
        6.994,
        13.54,
        7.139,
        13.647,
        7.283,
        10.66,
        1,
        7.516,
        5.835,
        7.75,
        -0.555,
        7.983,
        -0.555,
        0,
        8.7,
        0,
        2,
        9.1,
        0
      ]
    },
    {
      "Target": "Parameter",
      "Id": "Lxbxz",
      "FadeInTime": -1.0,
      "FadeOutTime": -1.0,
      "Segments": [
        0,
        0,
        2,
        0.333,
        0,
        0,
        0.817,
        1.756,
        0,
        1.25,
        -3.346,
        0,
        1.75,
        2.34,
        2,
        3.233,
        2.34,
        1,
        3.494,
        2.34,
        3.756,
        -1.457,
        4.017,
        -4.582,
        1,
        4.128,
        -5.912,
        4.239,
        -5.722,
        4.35,
        -5.722,
        1,
        4.478,
        -5.722,
        4.605,
        -2.258,
        4.733,
        0.786,
        1,
        4.878,
        4.228,
        5.022,
        5.147,
        5.167,
        9,
        1,
        5.378,
        14.632,
        5.589,
        20.88,
        5.8,
        20.88,
        0,
        6.333,
        18.406,
        0,
        6.95,
        20.956,
        1,
        7.061,
        20.956,
        7.172,
        19.768,
        7.283,
        14.1,
        1,
        7.516,
        2.196,
        7.75,
        -6.169,
        7.983,
        -6.169,
        0,
        8.7,
        0,
        2,
        9.1,
        0
      ]
    },
    {
      "Target": "Parameter",
      "Id": "Lshouxz",
      "FadeInTime": -1.0,
      "FadeOutTime": -1.0,
      "Segments": [
        0,
        0,
        2,
        0.333,
        0,
        1,
        0.494,
        0,
        0.656,
        -0.193,
        0.817,
        1.047,
        1,
        0.961,
        2.158,
        1.106,
        17.423,
        1.25,
        17.423,
        0,
        1.75,
        11.4,
        0,
        2.367,
        12,
        1,
        2.656,
        12,
        2.944,
        11.988,
        3.233,
        11.4,
        1,
        3.378,
        11.106,
        3.522,
        3,
        3.667,
        3,
        1,
        3.895,
        3,
        4.122,
        10.004,
        4.35,
        11.52,
        1,
        4.522,
        12.666,
        4.695,
        12.398,
        4.867,
        12.398,
        0,
        5.283,
        5.196,
        0,
        5.967,
        15,
        0,
        6.45,
        13.307,
        1,
        6.656,
        13.307,
        6.861,
        13.375,
        7.067,
        14,
        1,
        7.256,
        14.575,
        7.444,
        15.4,
        7.633,
        15.4,
        1,
        7.75,
        15.4,
        7.866,
        12.176,
        7.983,
        8.927,
        1,
        8.222,
        2.274,
        8.461,
        0,
        8.7,
        0,
        2,
        9.1,
        0
      ]
    },
    {
      "Target": "Parameter",
      "Id": "Lshagbuiq",
      "FadeInTime": -1.0,
      "FadeOutTime": -1.0,
      "Segments": [
        0,
        0,
        2,
        0.333,
        0,
        2,
        1.3,
        0,
        0,
        1.583,
        1,
        2,
        3.233,
        1,
        0,
        3.433,
        0,
        2,
        5.067,
        0,
        0,
        5.367,
        1,
        2,
        6.85,
        1,
        0,
        7.283,
        0,
        2,
        7.533,
        0,
        2,
        8.7,
        0,
        2,
        9.1,
        0
      ]
    },
    {
      "Target": "Parameter",
      "Id": "Lxiaobibx",
      "FadeInTime": -1.0,
      "FadeOutTime": -1.0,
      "Segments": [
        0,
        0,
        2,
        0.333,
        0,
        2,
        0.767,
        0,
        1,
        0.822,
        0,
        0.878,
        -5.031,
        0.933,
        -8,
        1,
        0.972,
        -10,
        1.011,
        -10,
        1.05,
        -10,
        2,
        1.167,
        -10,
        2,
        1.217,
        -10,
        2,
        1.75,
        -10,
        2,
        4,
        -10,
        2,
        4.5,
        -10,
        2,
        4.617,
        -10,
        2,
        5.067,
        -10,
        2,
        5.7,
        -10,
        2,
        6.233,
        -10,
        2,
        6.85,
        -10,
        2,
        7.283,
        -10,
        2,
        7.85,
        -10,
        0,
        8.7,
        0,
        2,
        9.1,
        0
      ]
    },
    {
      "Target": "Parameter",
      "Id": "Lshangbcd",
      "FadeInTime": -1.0,
      "FadeOutTime": -1.0,
      "Segments": [
        0,
        0,
        2,
        0.333,
        0,
        2,
        1.25,
        0,
        2,
        1.75,
        0,
        2,
        3.233,
        0,
        2,
        4.35,
        0,
        2,
        5.067,
        0,
        0,
        5.7,
        3,
        2,
        6.233,
        3,
        2,
        6.85,
        3,
        0,
        7.283,
        0,
        0,
        7.983,
        0.6,
        0,
        8.7,
        0,
        2,
        9.1,
        0
      ]
    },
    {
      "Target": "Parameter",
      "Id": "Lxbcd",
      "FadeInTime": -1.0,
      "FadeOutTime": -1.0,
      "Segments": [
        0,
        0,
        2,
        0.333,
        0,
        2,
        0.817,
        0,
        0,
        1.25,
        -3,
        0,
        1.75,
        0,
        2,
        3.233,
        0,
        0,
        4.017,
        -2,
        0,
        4.35,
        -1.563,
        1,
        4.589,
        -1.563,
        4.828,
        -3.829,
        5.067,
        -5,
        1,
        5.278,
        -6.035,
        5.489,
        -6,
        5.7,
        -6,
        2,
        6.233,
        -6,
        2,
        6.85,
        -6,
        2,
        7.283,
        -6,
        1,
        7.516,
        -6,
        7.75,
        -2.854,
        7.983,
        -1.435,
        1,
        8.222,
        0.018,
        8.461,
        0,
        8.7,
        0,
        2,
        9.1,
        0
      ]
    },
    {
      "Target": "Parameter",
      "Id": "Lxiutz",
      "FadeInTime": -1.0,
      "FadeOutTime": -1.0,
      "Segments": [
        0,
        0,
        2,
        0.333,
        0,
        2,
        5.067,
        0,
        1,
        5.1,
        0,
        5.134,
        5.426,
        5.167,
        6,
        1,
        5.345,
        9.059,
        5.522,
        10,
        5.7,
        10,
        2,
        6.233,
        10,
        1,
        6.439,
        10,
        6.644,
        9.571,
        6.85,
        9,
        1,
        6.994,
        8.599,
        7.139,
        8.389,
        7.283,
        8,
        1,
        7.316,
        7.91,
        7.35,
        7.687,
        7.383,
        7,
        1,
        7.433,
        5.97,
        7.483,
        0,
        7.533,
        0,
        2,
        8.7,
        0,
        2,
        9.1,
        0
      ]
    },
    {
      "Target": "Parameter",
      "Id": "Lxiaobicj",
      "FadeInTime": -1.0,
      "FadeOutTime": -1.0,
      "Segments": [
        0,
        0,
        2,
        0.333,
        0,
        2,
        5.067,
        0,
        0,
        5.25,
        10,
        2,
        5.7,
        10,
        2,
        6.85,
        10,
        2,
        7.283,
        10,
        1,
        7.316,
        10,
        7.35,
        6.209,
        7.383,
        3,
        1,
        7.411,
        0.326,
        7.439,
        0,
        7.467,
        0,
        2,
        7.967,
        0,
        2,
        8.7,
        0,
        2,
        9.1,
        0
      ]
    },
    {
      "Target": "Parameter",
      "Id": "Lshoudh",
      "FadeInTime": -1.0,
      "FadeOutTime": -1.0,
      "Segments": [
        0,
        0,
        2,
        0.333,
        0,
        0,
        1.2,
        2,
        0,
        1.75,
        0,
        0,
        2.483,
        2.24,
        1,
        2.733,
        2.24,
        2.983,
        1.981,
        3.233,
        0,
        1,
        3.378,
        -1.145,
        3.522,
        -4,
        3.667,
        -4,
        0,
        4.017,
        2,
        0,
        4.35,
        0,
        2,
        5.067,
        0,
        2,
        6.85,
        0,
        2,
        7.283,
        0,
        2,
        8.7,
        0,
        2,
        9.1,
        0
      ]
    },
    {
      "Target": "Parameter",
      "Id": "Lshoudh2",
      "FadeInTime": -1.0,
      "FadeOutTime": -1.0,
      "Segments": [
        0,
        0,
        2,
        0.333,
        0,
        0,
        1.2,
        8,
        1,
        1.383,
        8,
        1.567,
        2.332,
        1.75,
        0,
        1,
        1.994,
        -3.109,
        2.239,
        -3.3,
        2.483,
        -3.3,
        0,
        3.233,
        0,
        2,
        4.017,
        0,
        1,
        4.128,
        0,
        4.239,
        -1.944,
        4.35,
        -4,
        1,
        4.589,
        -8.421,
        4.828,
        -10,
        5.067,
        -10,
        2,
        6.85,
        -10,
        2,
        7.283,
        -10,
        1,
        7.511,
        -10,
        7.739,
        -7.038,
        7.967,
        -4,
        1,
        8.211,
        -0.74,
        8.456,
        0,
        8.7,
        0,
        2,
        9.1,
        0
      ]
    },
    {
      "Target": "Parameter",
      "Id": "lmuzhi",
      "FadeInTime": -1.0,
      "FadeOutTime": -1.0,
      "Segments": [
        0,
        0,
        2,
        0.333,
        0,
        2,
        1.75,
        0,
        2,
        3.233,
        0,
        2,
        5.067,
        0,
        2,
        6.85,
        0,
        0,
        7.283,
        -2.7,
        0,
        8.7,
        0,
        2,
        9.1,
        0
      ]
    },
    {
      "Target": "Parameter",
      "Id": "shoujbxs",
      "FadeInTime": -1.0,
      "FadeOutTime": -1.0,
      "Segments": [
        0,
        0,
        2,
        0.333,
        0,
        2,
        1.75,
        0,
        2,
        3.233,
        0,
        2,
        4.017,
        0,
        2,
        4.35,
        0,
        0,
        4.367,
        1,
        2,
        6.85,
        1,
        2,
        7.283,
        1,
        2,
        7.967,
        1,
        0,
        8,
        0,
        2,
        8.7,
        0,
        2,
        9.1,
        0
      ]
    },
    {
      "Target": "Parameter",
      "Id": "shoujbxz",
      "FadeInTime": -1.0,
      "FadeOutTime": -1.0,
      "Segments": [
        0,
        0,
        2,
        0.333,
        0,
        0,
        4.367,
        4.63,
        0,
        4.583,
        4,
        0,
        5.067,
        5.8,
        0,
        5.7,
        -0.116,
        0,
        6.85,
        0,
        2,
        7.283,
        0,
        1,
        7.511,
        0,
        7.739,
        1.681,
        7.967,
        5.3,
        1,
        7.978,
        5.477,
        7.989,
        5.84,
        8,
        5.84,
        0,
        8.7,
        0,
        2,
        9.1,
        0
      ]
    },
    {
      "Target": "Parameter",
      "Id": "shoujbsx",
      "FadeInTime": -1.0,
      "FadeOutTime": -1.0,
      "Segments": [
        0,
        0,
        2,
        0.333,
        0,
        2,
        4.367,
        0,
        0,
        5.067,
        4.16,
        0,
        6.85,
        0,
        2,
        7.283,
        0,
        0,
        7.967,
        -1.244,
        0,
        8,
        0.56,
        0,
        8.7,
        0,
        2,
        9.1,
        0
      ]
    },
    {
      "Target": "Parameter",
      "Id": "shoujbY",
      "FadeInTime": -1.0,
      "FadeOutTime": -1.0,
      "Segments": [
        0,
        0,
        2,
        0.333,
        0,
        2,
        4.367,
        0,
        2,
        6.85,
        0,
        2,
        7.283,
        0,
        0,
        7.65,
        6,
        0,
        7.967,
        0,
        2,
        8.7,
        0,
        2,
        9.1,
        0
      ]
    },
    {
      "Target": "Parameter",
      "Id": "Rsbxz",
      "FadeInTime": -1.0,
      "FadeOutTime": -1.0,
      "Segments": [
        0,
        0,
        2,
        0.333,
        0,
        2,
        1.05,
        0,
        0,
        1.583,
        0.84,
        0,
        2.4,
        -0.745,
        0,
        3.233,
        0,
        2,
        3.783,
        0,
        1,
        3.889,
        0,
        3.994,
        -0.001,
        4.1,
        0.004,
        1,
        4.211,
        0.01,
        4.322,
        1.88,
        4.433,
        1.88,
        2,
        5.067,
        1.88,
        0,
        5.8,
        -0.1,
        2,
        6.85,
        -0.1,
        0,
        7.467,
        0.68,
        0,
        8.7,
        0,
        2,
        9.1,
        0
      ]
    },
    {
      "Target": "Parameter",
      "Id": "Rxbxz",
      "FadeInTime": -1.0,
      "FadeOutTime": -1.0,
      "Segments": [
        0,
        0,
        2,
        0.333,
        0,
        1,
        0.672,
        0,
        1.011,
        -0.96,
        1.35,
        -1.5,
        1,
        1.611,
        -1.916,
        1.872,
        -1.891,
        2.133,
        -1.891,
        0,
        2.7,
        0,
        2,
        3.317,
        0,
        0,
        3.867,
        -0.9,
        0,
        4.433,
        15.96,
        2,
        5.067,
        15.96,
        0,
        5.8,
        14.7,
        0,
        6.233,
        15.12,
        0,
        6.85,
        14.7,
        0,
        7.467,
        15.44,
        0,
        8.7,
        0,
        2,
        9.1,
        0
      ]
    },
    {
      "Target": "Parameter",
      "Id": "Rshouxz",
      "FadeInTime": -1.0,
      "FadeOutTime": -1.0,
      "Segments": [
        0,
        0,
        2,
        0.333,
        0,
        0,
        1.483,
        6.9,
        0,
        2.267,
        -1.574,
        0,
        2.833,
        0,
        2,
        3.45,
        0,
        0,
        4,
        -8.94,
        0,
        4.433,
        0,
        2,
        5.067,
        0,
        2,
        6.85,
        0,
        2,
        7.467,
        0,
        0,
        7.933,
        11,
        0,
        8.7,
        0,
        2,
        9.1,
        0
      ]
    },
    {
      "Target": "Parameter",
      "Id": "rxbbx",
      "FadeInTime": -1.0,
      "FadeOutTime": -1.0,
      "Segments": [
        0,
        0,
        2,
        0.333,
        0,
        2,
        2.617,
        0,
        2,
        3.233,
        0,
        2,
        3.783,
        0,
        0,
        4.433,
        10,
        2,
        5.067,
        10,
        2,
        6.85,
        10,
        2,
        7.467,
        10,
        0,
        8.7,
        0,
        2,
        9.1,
        0
      ]
    },
    {
      "Target": "Parameter",
      "Id": "Rshangbicd",
      "FadeInTime": -1.0,
      "FadeOutTime": -1.0,
      "Segments": [
        0,
        0,
        2,
        0.333,
        0,
        2,
        1.05,
        0,
        0,
        1.95,
        2.34,
        0,
        2.617,
        0,
        2,
        3.233,
        0,
        2,
        3.783,
        0,
        2,
        4.433,
        0,
        2,
        5.067,
        0,
        2,
        6.85,
        0,
        2,
        7.467,
        0,
        2,
        8.7,
        0,
        2,
        9.1,
        0
      ]
    },
    {
      "Target": "Parameter",
      "Id": "Rxiaobcd",
      "FadeInTime": -1.0,
      "FadeOutTime": -1.0,
      "Segments": [
        0,
        0,
        2,
        0.333,
        0,
        2,
        1.267,
        0,
        0,
        2.05,
        1,
        0,
        2.617,
        0,
        2,
        3.233,
        0,
        2,
        3.783,
        0,
        0,
        4.1,
        -8,
        0,
        4.433,
        0,
        2,
        5.067,
        0,
        2,
        6.85,
        0,
        2,
        7.467,
        0,
        0,
        7.933,
        -4,
        0,
        8.7,
        0,
        2,
        9.1,
        0
      ]
    },
    {
      "Target": "Parameter",
      "Id": "rxiaobiq",
      "FadeInTime": -1.0,
      "FadeOutTime": -1.0,
      "Segments": [
        0,
        0,
        2,
        0.333,
        0,
        2,
        2.617,
        0,
        2,
        3.233,
        0,
        2,
        4.033,
        0,
        0,
        4.1,
        1,
        2,
        4.433,
        1,
        2,
        5.067,
        1,
        2,
        6.85,
        1,
        2,
        7.467,
        1,
        0,
        7.933,
        0,
        2,
        8.7,
        0,
        2,
        9.1,
        0
      ]
    },
    {
      "Target": "Parameter",
      "Id": "Rshoudh1",
      "FadeInTime": -1.0,
      "FadeOutTime": -1.0,
      "Segments": [
        0,
        0,
        2,
        0.333,
        0,
        2,
        0.817,
        0,
        0,
        1.75,
        8,
        0,
        2.617,
        -1,
        2,
        3.233,
        -1,
        0,
        3.783,
        10,
        0,
        5.067,
        0,
        2,
        6.85,
        0,
        2,
        7.467,
        0,
        0,
        7.933,
        -10,
        0,
        8.7,
        0,
        2,
        9.1,
        0
      ]
    },
    {
      "Target": "Parameter",
      "Id": "Rshoudh2",
      "FadeInTime": -1.0,
      "FadeOutTime": -1.0,
      "Segments": [
        0,
        0,
        2,
        0.333,
        0,
        0,
        0.817,
        -10,
        2,
        1.75,
        -10,
        2,
        2.617,
        -10,
        2,
        3.233,
        -10,
        2,
        3.783,
        -10,
        1,
        3.861,
        -10,
        3.939,
        -1.707,
        4.017,
        0,
        1,
        4.367,
        7.683,
        4.717,
        10,
        5.067,
        10,
        2,
        6.85,
        10,
        2,
        7.467,
        10,
        0,
        8.7,
        0,
        2,
        9.1,
        0
      ]
    },
    {
      "Target": "Parameter",
      "Id": "Rmuzhi",
      "FadeInTime": -1.0,
      "FadeOutTime": -1.0,
      "Segments": [
        0,
        0,
        2,
        0.333,
        0,
        0,
        0.817,
        -7,
        2,
        1.75,
        -7,
        2,
        2.617,
        -7,
        2,
        3.233,
        -7,
        0,
        3.783,
        0,
        2,
        5.067,
        0,
        2,
        6.85,
        0,
        2,
        7.467,
        0,
        2,
        8.7,
        0,
        2,
        9.1,
        0
      ]
    },
    {
      "Target": "Parameter",
      "Id": "Ldatuixz",
      "FadeInTime": -1.0,
      "FadeOutTime": -1.0,
      "Segments": [
        0,
        0,
        2,
        0.333,
        0,
        0,
        1.05,
        0.2,
        0,
        1.95,
        -0.382,
        1,
        2.172,
        -0.382,
        2.395,
        -0.392,
        2.617,
        -0.34,
        1,
        2.822,
        -0.292,
        3.028,
        0.58,
        3.233,
        0.58,
        0,
        3.617,
        -0.078,
        0,
        4.35,
        1.002,
        1,
        4.589,
        1.002,
        4.828,
        0.502,
        5.067,
        0,
        1,
        5.278,
        -0.444,
        5.489,
        -0.52,
        5.7,
        -0.52,
        0,
        6.85,
        0.04,
        0,
        7.633,
        -0.461,
        0,
        8.7,
        0,
        2,
        9.1,
        0
      ]
    },
    {
      "Target": "Parameter",
      "Id": "Lxuiaotuixz",
      "FadeInTime": -1.0,
      "FadeOutTime": -1.0,
      "Segments": [
        0,
        0,
        2,
        0.333,
        0,
        0,
        1.15,
        0.4,
        0,
        2.05,
        0.356,
        0,
        2.717,
        0.4,
        0,
        3.333,
        -0.5,
        0,
        3.717,
        0.273,
        0,
        4.45,
        -0.746,
        1,
        4.689,
        -0.746,
        4.928,
        -0.524,
        5.167,
        0,
        1,
        5.378,
        0.463,
        5.589,
        0.74,
        5.8,
        0.74,
        0,
        6.95,
        0.16,
        0,
        7.733,
        0.458,
        0,
        8.7,
        0,
        2,
        9.1,
        0
      ]
    },
    {
      "Target": "Parameter",
      "Id": "Ljiaoxz",
      "FadeInTime": -1.0,
      "FadeOutTime": -1.0,
      "Segments": [
        0,
        0,
        2,
        0.333,
        0,
        1,
        0.639,
        0,
        0.944,
        0.213,
        1.25,
        0.76,
        1,
        1.55,
        1.297,
        1.85,
        1.636,
        2.15,
        1.636,
        0,
        2.817,
        0.94,
        1,
        3.022,
        0.94,
        3.228,
        0.933,
        3.433,
        1.08,
        1,
        3.561,
        1.172,
        3.689,
        3.018,
        3.817,
        3.018,
        1,
        4.061,
        3.018,
        4.306,
        3.064,
        4.55,
        2.822,
        1,
        4.789,
        2.585,
        5.028,
        0,
        5.267,
        0,
        1,
        5.861,
        0,
        6.456,
        0.1,
        7.05,
        0.6,
        1,
        7.311,
        0.82,
        7.572,
        1.37,
        7.833,
        1.37,
        0,
        8.7,
        0,
        2,
        9.1,
        0
      ]
    },
    {
      "Target": "Parameter",
      "Id": "Rdatuixz",
      "FadeInTime": -1.0,
      "FadeOutTime": -1.0,
      "Segments": [
        0,
        0,
        2,
        0.333,
        0,
        2,
        1.15,
        0,
        1,
        1.361,
        0,
        1.572,
        -0.007,
        1.783,
        -0.08,
        1,
        1.944,
        -0.136,
        2.106,
        -0.24,
        2.267,
        -0.24,
        0,
        7.5,
        -0.028,
        0,
        8.167,
        -0.159,
        1,
        8.345,
        -0.159,
        8.522,
        -0.12,
        8.7,
        -0.06,
        1,
        8.833,
        -0.015,
        8.967,
        0,
        9.1,
        0
      ]
    },
    {
      "Target": "Parameter",
      "Id": "jiupings1",
      "FadeInTime": -1.0,
      "FadeOutTime": -1.0,
      "Segments": [
        0,
        -2.002,
        2,
        0.333,
        -2.002,
        0,
        1,
        2.002,
        0,
        1.667,
        -2.002,
        0,
        2.333,
        2.002,
        0,
        3,
        -2.002,
        0,
        3.667,
        2.002,
        0,
        4.35,
        -2.002,
        0,
        5.017,
        2.002,
        0,
        5.683,
        -2.002,
        0,
        6.35,
        2.002,
        0,
        7,
        -2.002,
        0,
        7.667,
        2.002,
        0,
        8.333,
        -2.002,
        2,
        9.1,
        -2.002
      ]
    },
    {
      "Target": "Parameter",
      "Id": "jiupings2",
      "FadeInTime": -1.0,
      "FadeOutTime": -1.0,
      "Segments": [
        0,
        -0.149,
        2,
        0.333,
        -0.149,
        1,
        0.444,
        0.819,
        0.556,
        2.002,
        0.667,
        2.002,
        0,
        1.333,
        -2.002,
        0,
        2,
        2.002,
        0,
        2.683,
        -2.002,
        0,
        3.35,
        2.002,
        0,
        4.017,
        -2.002,
        0,
        4.683,
        2.002,
        0,
        5.35,
        -2.002,
        0,
        6.017,
        2.002,
        0,
        6.7,
        -2.002,
        0,
        7,
        -0.149,
        1,
        7.111,
        0.819,
        7.222,
        2.002,
        7.333,
        2.002,
        0,
        8,
        -2.002,
        0,
        8.717,
        -0.149,
        2,
        9.1,
        -0.149
      ]
    },
    {
      "Target": "Parameter",
      "Id": "jiupxz",
      "FadeInTime": -1.0,
      "FadeOutTime": -1.0,
      "Segments": [
        0,
        -0.024,
        2,
        0.333,
        -0.024,
        1,
        0.611,
        -0.239,
        0.889,
        -0.501,
        1.167,
        -0.501,
        0,
        2.833,
        0.501,
        0,
        4.517,
        -0.501,
        0,
        6.183,
        0.501,
        0,
        7,
        -0.024,
        1,
        7.278,
        -0.239,
        7.555,
        -0.501,
        7.833,
        -0.501,
        0,
        8.717,
        -0.024,
        2,
        9.1,
        -0.024
      ]
    },
    {
      "Target": "Parameter",
      "Id": "jiX",
      "FadeInTime": -1.0,
      "FadeOutTime": -1.0,
      "Segments": [
        0,
        -0.998,
        2,
        0.333,
        -0.998,
        0,
        1.983,
        0.998,
        0,
        3.667,
        -0.998,
        0,
        5.35,
        0.998,
        0,
        7,
        -0.998,
        2,
        8.717,
        -0.998,
        2,
        9.1,
        -0.998
      ]
    },
    {
      "Target": "Parameter",
      "Id": "jiY",
      "FadeInTime": -1.0,
      "FadeOutTime": -1.0,
      "Segments": [
        0,
        -0.12,
        2,
        0.333,
        -0.12,
        1,
        0.611,
        0.834,
        0.889,
        2,
        1.167,
        2,
        0,
        2.833,
        -2,
        0,
        4.517,
        2,
        0,
        6.2,
        -2,
        0,
        7,
        -0.12,
        1,
        7.278,
        0.834,
        7.555,
        2,
        7.833,
        2,
        0,
        8.717,
        -0.12,
        2,
        9.1,
        -0.12
      ]
    },
    {
      "Target": "Parameter",
      "Id": "jidaim1",
      "FadeInTime": -1.0,
      "FadeOutTime": -1.0,
      "Segments": [
        0,
        -5.009,
        2,
        0.333,
        -5.009,
        0,
        2,
        5.009,
        0,
        3.667,
        -5.009,
        0,
        5.333,
        5.009,
        0,
        7,
        -5.009,
        0,
        8.167,
        3.651,
        0,
        9.1,
        -5.009
      ]
    },
    {
      "Target": "Parameter",
      "Id": "jidaim2",
      "FadeInTime": -1.0,
      "FadeOutTime": -1.0,
      "Segments": [
        0,
        -0.15,
        2,
        0.333,
        -0.15,
        1,
        0.616,
        2.172,
        0.9,
        5.009,
        1.183,
        5.009,
        0,
        2.85,
        -5.009,
        0,
        4.517,
        5.009,
        0,
        6.183,
        -5.009,
        0,
        7,
        -0.15,
        1,
        7.283,
        2.172,
        7.567,
        5.009,
        7.85,
        5.009,
        0,
        8.717,
        -0.15,
        2,
        9.1,
        -0.15
      ]
    },
    {
      "Target": "Parameter",
      "Id": "yet1",
      "FadeInTime": -1.0,
      "FadeOutTime": -1.0,
      "Segments": [
        0,
        0,
        2,
        0.333,
        0,
        0,
        0.667,
        0.559,
        0,
        1.35,
        -0.559,
        0,
        2.017,
        0.559,
        0,
        2.683,
        -0.559,
        0,
        3.35,
        0.559,
        0,
        4,
        -0.559,
        1,
        4.05,
        -0.559,
        4.1,
        -0.532,
        4.15,
        0,
        1,
        4.183,
        0.355,
        4.217,
        1.536,
        4.25,
        1.536,
        1,
        4.283,
        1.536,
        4.317,
        0.778,
        4.35,
        0,
        1,
        4.428,
        -1.815,
        4.505,
        -2.472,
        4.583,
        -2.472,
        0,
        4.883,
        2.472,
        0,
        5.183,
        -3.117,
        0,
        5.483,
        3.117,
        0,
        5.717,
        -4.965,
        0,
        5.95,
        4.965,
        0,
        6.2,
        -4.965,
        0,
        6.533,
        6.135,
        0,
        6.9,
        -4.527,
        0,
        7.133,
        4.527,
        0,
        7.433,
        -3.212,
        0,
        7.733,
        4.353,
        0,
        8.183,
        -4.353,
        0,
        8.783,
        2.472,
        0,
        9.1,
        0
      ]
    },
    {
      "Target": "Parameter",
      "Id": "yet2",
      "FadeInTime": -1.0,
      "FadeOutTime": -1.0,
      "Segments": [
        0,
        0,
        0,
        0.333,
        0.559,
        0,
        1.017,
        -0.559,
        0,
        1.683,
        0.559,
        0,
        2.35,
        -0.559,
        0,
        3.017,
        0.559,
        0,
        3.7,
        -0.559,
        0,
        4,
        -0.042,
        0,
        4.267,
        0,
        2,
        4.35,
        0,
        0,
        4.733,
        2.472,
        0,
        5.033,
        -2.023,
        0,
        5.333,
        3.117,
        0,
        5.6,
        -3.117,
        0,
        5.833,
        4.965,
        0,
        6.083,
        -4.965,
        0,
        6.383,
        4.965,
        0,
        6.75,
        -6.135,
        0,
        6.983,
        4.527,
        0,
        7.283,
        -4.527,
        0,
        7.583,
        4.353,
        0,
        7.883,
        -4.353,
        0,
        8.683,
        1.563,
        0,
        9.1,
        0
      ]
    },
    {
      "Target": "Parameter",
      "Id": "shoujbyz",
      "FadeInTime": -1.0,
      "FadeOutTime": -1.0,
      "Segments": [
        0,
        0,
        2,
        0.333,
        0,
        2,
        4.35,
        0,
        0,
        4.75,
        -2,
        0,
        5.2,
        10,
        0,
        5.567,
        -6,
        0,
        5.883,
        6,
        0,
        6.2,
        -6,
        0,
        6.467,
        2,
        0,
        6.75,
        -2,
        0,
        7.3,
        7,
        0,
        7.817,
        -8,
        0,
        8.133,
        6,
        1,
        8.322,
        6,
        8.511,
        0.101,
        8.7,
        0.031,
        1,
        8.833,
        -0.018,
        8.967,
        0,
        9.1,
        0
      ]
    },
    {
      "Target": "Parameter",
      "Id": "touch_drag1",
      "FadeInTime": -1.0,
      "FadeOutTime": -1.0,
      "Segments": [
        0,
        0,
        0,
        9.1,
        0
      ]
    },
    {
      "Target": "Parameter",
      "Id": "touch_drag2",
      "FadeInTime": -1.0,
      "FadeOutTime": -1.0,
      "Segments": [
        0,
        0,
        0,
        9.1,
        0
      ]
    },
    {
      "Target": "Parameter",
      "Id": "touch_drag3",
      "FadeInTime": -1.0,
      "FadeOutTime": -1.0,
      "Segments": [
        0,
        0,
        0,
        9.1,
        0
      ]
    },
    {
      "Target": "Parameter",
      "Id": "touch_drag4",
      "FadeInTime": -1.0,
      "FadeOutTime": -1.0,
      "Segments": [
        0,
        0,
        0,
        9.1,
        0
      ]
    },
    {
      "Target": "Parameter",
      "Id": "touch_drag5",
      "FadeInTime": -1.0,
      "FadeOutTime": -1.0,
      "Segments": [
        0,
        0,
        0,
        9.1,
        0
      ]
    },
    {
      "Target": "Parameter",
      "Id": "touch_drag6",
      "FadeInTime": -1.0,
      "FadeOutTime": -1.0,
      "Segments": [
        0,
        0,
        0,
        9.1,
        0
      ]
    },
    {
      "Target": "Parameter",
      "Id": "touch_drag8",
      "FadeInTime": -1.0,
      "FadeOutTime": -1.0,
      "Segments": [
        0,
        0,
        0,
        9.1,
        0
      ]
    },
    {
      "Target": "Parameter",
      "Id": "touch_drag9",
      "FadeInTime": -1.0,
      "FadeOutTime": -1.0,
      "Segments": [
        0,
        0,
        0,
        9.1,
        0
      ]
    },
    {
      "Target": "Parameter",
      "Id": "sdwuli",
      "FadeInTime": -1.0,
      "FadeOutTime": -1.0,
      "Segments": [
        0,
        0,
        0,
        9.1,
        0
      ]
    },
    {
      "Target": "Parameter",
      "Id": "XXXXXXX2",
      "FadeInTime": -1.0,
      "FadeOutTime": -1.0,
      "Segments": [
        0,
        0,
        0,
        9.1,
        0
      ]
    },
    {
      "Target": "Parameter",
      "Id": "xxzzx",
      "FadeInTime": -1.0,
      "FadeOutTime": -1.0,
      "Segments": [
        0,
        0,
        0,
        9.1,
        0
      ]
    },
    {
      "Target": "Parameter",
      "Id": "qianshuiqie",
      "FadeInTime": -1.0,
      "FadeOutTime": -1.0,
      "Segments": [
        0,
        0,
        0,
        9.1,
        0
      ]
    },
    {
      "Target": "Parameter",
      "Id": "dldh",
      "FadeInTime": -1.0,
      "FadeOutTime": -1.0,
      "Segments": [
        0,
        0,
        0,
        9.1,
        0
      ]
    },
    {
      "Target": "Parameter",
      "Id": "heikuang",
      "FadeInTime": -1.0,
      "FadeOutTime": -1.0,
      "Segments": [
        0,
        0,
        0,
        9.1,
        0
      ]
    },
    {
      "Target": "Parameter",
      "Id": "heiping",
      "FadeInTime": -1.0,
      "FadeOutTime": -1.0,
      "Segments": [
        0,
        0,
        0,
        9.1,
        0
      ]
    },
    {
      "Target": "Parameter",
      "Id": "liuxing",
      "FadeInTime": -1.0,
      "FadeOutTime": -1.0,
      "Segments": [
        0,
        0,
        0,
        9.1,
        0
      ]
    },
    {
      "Target": "Parameter",
      "Id": "renxs",
      "FadeInTime": -1.0,
      "FadeOutTime": -1.0,
      "Segments": [
        0,
        1,
        0,
        9.1,
        1
      ]
    },
    {
      "Target": "Parameter",
      "Id": "houwxs",
      "FadeInTime": -1.0,
      "FadeOutTime": -1.0,
      "Segments": [
        0,
        1,
        0,
        9.1,
        1
      ]
    },
    {
      "Target": "Parameter",
      "Id": "zhengtidx",
      "FadeInTime": -1.0,
      "FadeOutTime": -1.0,
      "Segments": [
        0,
        0,
        0,
        9.1,
        0
      ]
    },
    {
      "Target": "Parameter",
      "Id": "zhengtix",
      "FadeInTime": -1.0,
      "FadeOutTime": -1.0,
      "Segments": [
        0,
        0,
        0,
        9.1,
        0
      ]
    },
    {
      "Target": "Parameter",
      "Id": "zhengtiY",
      "FadeInTime": -1.0,
      "FadeOutTime": -1.0,
      "Segments": [
        0,
        0,
        0,
        9.1,
        0
      ]
    },
    {
      "Target": "Parameter",
      "Id": "XXXXXXX15",
      "FadeInTime": -1.0,
      "FadeOutTime": -1.0,
      "Segments": [
        0,
        0,
        0,
        9.1,
        0
      ]
    },
    {
      "Target": "Parameter",
      "Id": "texiaogb",
      "FadeInTime": -1.0,
      "FadeOutTime": -1.0,
      "Segments": [
        0,
        0,
        0,
        9.1,
        0
      ]
    },
    {
      "Target": "Parameter",
      "Id": "jingtgb",
      "FadeInTime": -1.0,
      "FadeOutTime": -1.0,
      "Segments": [
        0,
        0,
        0,
        9.1,
        0
      ]
    },
    {
      "Target": "Parameter",
      "Id": "jingtgb2",
      "FadeInTime": -1.0,
      "FadeOutTime": -1.0,
      "Segments": [
        0,
        0,
        0,
        9.1,
        0
      ]
    },
    {
      "Target": "Parameter",
      "Id": "jingtgb3",
      "FadeInTime": -1.0,
      "FadeOutTime": -1.0,
      "Segments": [
        0,
        0,
        0,
        9.1,
        0
      ]
    },
    {
      "Target": "Parameter",
      "Id": "lvjing",
      "FadeInTime": -1.0,
      "FadeOutTime": -1.0,
      "Segments": [
        0,
        0,
        0,
        9.1,
        0
      ]
    },
    {
      "Target": "Parameter",
      "Id": "baipingguang",
      "FadeInTime": -1.0,
      "FadeOutTime": -1.0,
      "Segments": [
        0,
        0,
        0,
        9.1,
        0
      ]
    },
    {
      "Target": "Parameter",
      "Id": "XXXXXXX16",
      "FadeInTime": -1.0,
      "FadeOutTime": -1.0,
      "Segments": [
        0,
        0,
        0,
        9.1,
        0
      ]
    },
    {
      "Target": "Parameter",
      "Id": "beijjuan",
      "FadeInTime": -1.0,
      "FadeOutTime": -1.0,
      "Segments": [
        0,
        0,
        0,
        9.1,
        0
      ]
    },
    {
      "Target": "Parameter",
      "Id": "Param2",
      "FadeInTime": -1.0,
      "FadeOutTime": -1.0,
      "Segments": [
        0,
        1,
        0,
        9.1,
        1
      ]
    },
    {
      "Target": "Parameter",
      "Id": "ParamEyeLSmile",
      "FadeInTime": -1.0,
      "FadeOutTime": -1.0,
      "Segments": [
        0,
        0,
        0,
        9.1,
        0
      ]
    },
    {
      "Target": "Parameter",
      "Id": "ParamBrowLForm",
      "FadeInTime": -1.0,
      "FadeOutTime": -1.0,
      "Segments": [
        0,
        0,
        0,
        9.1,
        0
      ]
    },
    {
      "Target": "Parameter",
      "Id": "ParamBrowLAngle",
      "FadeInTime": -1.0,
      "FadeOutTime": -1.0,
      "Segments": [
        0,
        0,
        0,
        9.1,
        0
      ]
    },
    {
      "Target": "Parameter",
      "Id": "lianh",
      "FadeInTime": -1.0,
      "FadeOutTime": -1.0,
      "Segments": [
        0,
        0,
        0,
        9.1,
        0
      ]
    },
    {
      "Target": "Parameter",
      "Id": "zuiyexs",
      "FadeInTime": -1.0,
      "FadeOutTime": -1.0,
      "Segments": [
        0,
        0,
        0,
        9.1,
        0
      ]
    },
    {
      "Target": "Parameter",
      "Id": "zuiytcj",
      "FadeInTime": -1.0,
      "FadeOutTime": -1.0,
      "Segments": [
        0,
        0,
        0,
        9.1,
        0
      ]
    },
    {
      "Target": "Parameter",
      "Id": "zytchi",
      "FadeInTime": -1.0,
      "FadeOutTime": -1.0,
      "Segments": [
        0,
        0,
        0,
        9.1,
        0
      ]
    },
    {
      "Target": "Parameter",
      "Id": "XXXXXXX14",
      "FadeInTime": -1.0,
      "FadeOutTime": -1.0,
      "Segments": [
        0,
        0,
        0,
        9.1,
        0
      ]
    },
    {
      "Target": "Parameter",
      "Id": "yaguan",
      "FadeInTime": -1.0,
      "FadeOutTime": -1.0,
      "Segments": [
        0,
        0,
        0,
        9.1,
        0
      ]
    },
    {
      "Target": "Parameter",
      "Id": "zuijiay",
      "FadeInTime": -1.0,
      "FadeOutTime": -1.0,
      "Segments": [
        0,
        0,
        0,
        9.1,
        0
      ]
    },
    {
      "Target": "Parameter",
      "Id": "tushe",
      "FadeInTime": -1.0,
      "FadeOutTime": -1.0,
      "Segments": [
        0,
        0,
        0,
        9.1,
        0
      ]
    },
    {
      "Target": "Parameter",
      "Id": "ParamMouthOpenY2",
      "FadeInTime": -1.0,
      "FadeOutTime": -1.0,
      "Segments": [
        0,
        0,
        0,
        9.1,
        0
      ]
    },
    {
      "Target": "Parameter",
      "Id": "shoudzq",
      "FadeInTime": -1.0,
      "FadeOutTime": -1.0,
      "Segments": [
        0,
        0,
        0,
        9.1,
        0
      ]
    },
    {
      "Target": "Parameter",
      "Id": "XXXXXXX3",
      "FadeInTime": -1.0,
      "FadeOutTime": -1.0,
      "Segments": [
        0,
        0,
        0,
        9.1,
        0
      ]
    },
    {
      "Target": "Parameter",
      "Id": "ParamBodyAngleZ",
      "FadeInTime": -1.0,
      "FadeOutTime": -1.0,
      "Segments": [
        0,
        0,
        0,
        9.1,
        0
      ]
    },
    {
      "Target": "Parameter",
      "Id": "Rjiansx",
      "FadeInTime": -1.0,
      "FadeOutTime": -1.0,
      "Segments": [
        0,
        0,
        0,
        9.1,
        0
      ]
    },
    {
      "Target": "Parameter",
      "Id": "XXXXXXX8",
      "FadeInTime": -1.0,
      "FadeOutTime": -1.0,
      "Segments": [
        0,
        0,
        0,
        9.1,
        0
      ]
    },
    {
      "Target": "Parameter",
      "Id": "XXXXXXX10",
      "FadeInTime": -1.0,
      "FadeOutTime": -1.0,
      "Segments": [
        0,
        0,
        0,
        9.1,
        0
      ]
    },
    {
      "Target": "Parameter",
      "Id": "lmoshou",
      "FadeInTime": -1.0,
      "FadeOutTime": -1.0,
      "Segments": [
        0,
        1,
        0,
        9.1,
        1
      ]
    },
    {
      "Target": "Parameter",
      "Id": "tuosais",
      "FadeInTime": -1.0,
      "FadeOutTime": -1.0,
      "Segments": [
        0,
        0,
        0,
        9.1,
        0
      ]
    },
    {
      "Target": "Parameter",
      "Id": "Ltaihou",
      "FadeInTime": -1.0,
      "FadeOutTime": -1.0,
      "Segments": [
        0,
        0,
        0,
        9.1,
        0
      ]
    },
    {
      "Target": "Parameter",
      "Id": "Ltoushou",
      "FadeInTime": -1.0,
      "FadeOutTime": -1.0,
      "Segments": [
        0,
        0,
        0,
        9.1,
        0
      ]
    },
    {
      "Target": "Parameter",
      "Id": "Lhezhang",
      "FadeInTime": -1.0,
      "FadeOutTime": -1.0,
      "Segments": [
        0,
        0,
        0,
        9.1,
        0
      ]
    },
    {
      "Target": "Parameter",
      "Id": "XXXXXXX12",
      "FadeInTime": -1.0,
      "FadeOutTime": -1.0,
      "Segments": [
        0,
        0,
        0,
        9.1,
        0
      ]
    },
    {
      "Target": "Parameter",
      "Id": "jishouying1",
      "FadeInTime": -1.0,
      "FadeOutTime": -1.0,
      "Segments": [
        0,
        0,
        0,
        9.1,
        0
      ]
    },
    {
      "Target": "Parameter",
      "Id": "jishouying2",
      "FadeInTime": -1.0,
      "FadeOutTime": -1.0,
      "Segments": [
        0,
        0,
        0,
        9.1,
        0
      ]
    },
    {
      "Target": "Parameter",
      "Id": "XXXXXXX13",
      "FadeInTime": -1.0,
      "FadeOutTime": -1.0,
      "Segments": [
        0,
        0,
        0,
        9.1,
        0
      ]
    },
    {
      "Target": "Parameter",
      "Id": "shouxinxs",
      "FadeInTime": -1.0,
      "FadeOutTime": -1.0,
      "Segments": [
        0,
        0,
        0,
        9.1,
        0
      ]
    },
    {
      "Target": "Parameter",
      "Id": "shouxinxz",
      "FadeInTime": -1.0,
      "FadeOutTime": -1.0,
      "Segments": [
        0,
        0,
        0,
        9.1,
        0
      ]
    },
    {
      "Target": "Parameter",
      "Id": "shouxin1",
      "FadeInTime": -1.0,
      "FadeOutTime": -1.0,
      "Segments": [
        0,
        0,
        0,
        9.1,
        0
      ]
    },
    {
      "Target": "Parameter",
      "Id": "shouxin2",
      "FadeInTime": -1.0,
      "FadeOutTime": -1.0,
      "Segments": [
        0,
        0,
        0,
        9.1,
        0
      ]
    },
    {
      "Target": "Parameter",
      "Id": "XXXXXXX7",
      "FadeInTime": -1.0,
      "FadeOutTime": -1.0,
      "Segments": [
        0,
        0,
        0,
        9.1,
        0
      ]
    },
    {
      "Target": "Parameter",
      "Id": "Rxiaobicj",
      "FadeInTime": -1.0,
      "FadeOutTime": -1.0,
      "Segments": [
        0,
        0,
        0,
        9.1,
        0
      ]
    },
    {
      "Target": "Parameter",
      "Id": "XXXXXXX6",
      "FadeInTime": -1.0,
      "FadeOutTime": -1.0,
      "Segments": [
        0,
        0,
        0,
        9.1,
        0
      ]
    },
    {
      "Target": "Parameter",
      "Id": "rmoshou",
      "FadeInTime": -1.0,
      "FadeOutTime": -1.0,
      "Segments": [
        0,
        1,
        0,
        9.1,
        1
      ]
    },
    {
      "Target": "Parameter",
      "Id": "liaofsou",
      "FadeInTime": -1.0,
      "FadeOutTime": -1.0,
      "Segments": [
        0,
        0,
        0,
        9.1,
        0
      ]
    },
    {
      "Target": "Parameter",
      "Id": "Rzhangshou",
      "FadeInTime": -1.0,
      "FadeOutTime": -1.0,
      "Segments": [
        0,
        0,
        0,
        9.1,
        0
      ]
    },
    {
      "Target": "Parameter",
      "Id": "Rtaoeshou",
      "FadeInTime": -1.0,
      "FadeOutTime": -1.0,
      "Segments": [
        0,
        0,
        0,
        9.1,
        0
      ]
    },
    {
      "Target": "Parameter",
      "Id": "chuotaoshou",
      "FadeInTime": -1.0,
      "FadeOutTime": -1.0,
      "Segments": [
        0,
        0,
        0,
        9.1,
        0
      ]
    },
    {
      "Target": "Parameter",
      "Id": "rhezhgn",
      "FadeInTime": -1.0,
      "FadeOutTime": -1.0,
      "Segments": [
        0,
        0,
        0,
        9.1,
        0
      ]
    },
    {
      "Target": "Parameter",
      "Id": "shouytxs",
      "FadeInTime": -1.0,
      "FadeOutTime": -1.0,
      "Segments": [
        0,
        0,
        0,
        9.1,
        0
      ]
    },
    {
      "Target": "Parameter",
      "Id": "shouytxz",
      "FadeInTime": -1.0,
      "FadeOutTime": -1.0,
      "Segments": [
        0,
        0,
        0,
        9.1,
        0
      ]
    },
    {
      "Target": "Parameter",
      "Id": "rtuiying",
      "FadeInTime": -1.0,
      "FadeOutTime": -1.0,
      "Segments": [
        0,
        0,
        0,
        9.1,
        0
      ]
    },
    {
      "Target": "Parameter",
      "Id": "jijazhe",
      "FadeInTime": -1.0,
      "FadeOutTime": -1.0,
      "Segments": [
        0,
        0,
        0,
        9.1,
        0
      ]
    },
    {
      "Target": "Parameter",
      "Id": "Rxtxz",
      "FadeInTime": -1.0,
      "FadeOutTime": -1.0,
      "Segments": [
        0,
        0,
        0,
        9.1,
        0
      ]
    },
    {
      "Target": "Parameter",
      "Id": "Rjiaoxz",
      "FadeInTime": -1.0,
      "FadeOutTime": -1.0,
      "Segments": [
        0,
        0,
        0,
        9.1,
        0
      ]
    },
    {
      "Target": "Parameter",
      "Id": "xionglian8",
      "FadeInTime": -1.0,
      "FadeOutTime": -1.0,
      "Segments": [
        0,
        0,
        0,
        9.1,
        0
      ]
    },
    {
      "Target": "Parameter",
      "Id": "jiupsz",
      "FadeInTime": -1.0,
      "FadeOutTime": -1.0,
      "Segments": [
        0,
        0,
        0,
        9.1,
        0
      ]
    },
    {
      "Target": "Parameter",
      "Id": "XXXXXXX5",
      "FadeInTime": -1.0,
      "FadeOutTime": -1.0,
      "Segments": [
        0,
        0,
        0,
        9.1,
        0
      ]
    },
    {
      "Target": "Parameter",
      "Id": "jiupf",
      "FadeInTime": -1.0,
      "FadeOutTime": -1.0,
      "Segments": [
        0,
        0,
        0,
        9.1,
        0
      ]
    },
    {
      "Target": "Parameter",
      "Id": "jiupsx",
      "FadeInTime": -1.0,
      "FadeOutTime": -1.0,
      "Segments": [
        0,
        0,
        0,
        9.1,
        0
      ]
    },
    {
      "Target": "Parameter",
      "Id": "jisjohu",
      "FadeInTime": -1.0,
      "FadeOutTime": -1.0,
      "Segments": [
        0,
        0,
        0,
        9.1,
        0
      ]
    },
    {
      "Target": "Parameter",
      "Id": "jihoushou",
      "FadeInTime": -1.0,
      "FadeOutTime": -1.0,
      "Segments": [
        0,
        0,
        0,
        9.1,
        0
      ]
    },
    {
      "Target": "Parameter",
      "Id": "jishouna",
      "FadeInTime": -1.0,
      "FadeOutTime": -1.0,
      "Segments": [
        0,
        0,
        0,
        9.1,
        0
      ]
    },
    {
      "Target": "Parameter",
      "Id": "jixinfengxs",
      "FadeInTime": -1.0,
      "FadeOutTime": -1.0,
      "Segments": [
        0,
        0,
        0,
        9.1,
        0
      ]
    },
    {
      "Target": "Parameter",
      "Id": "jixfy",
      "FadeInTime": -1.0,
      "FadeOutTime": -1.0,
      "Segments": [
        0,
        0,
        0,
        9.1,
        0
      ]
    },
    {
      "Target": "Parameter",
      "Id": "jiubgg",
      "FadeInTime": -1.0,
      "FadeOutTime": -1.0,
      "Segments": [
        0,
        1,
        0,
        9.1,
        1
      ]
    },
    {
      "Target": "Parameter",
      "Id": "XXXXXXX17",
      "FadeInTime": -1.0,
      "FadeOutTime": -1.0,
      "Segments": [
        0,
        0,
        0,
        9.1,
        0
      ]
    },
    {
      "Target": "Parameter",
      "Id": "MB_yanwubaozha",
      "FadeInTime": -1.0,
      "FadeOutTime": -1.0,
      "Segments": [
        0,
        0,
        0,
        9.1,
        0
      ]
    },
    {
      "Target": "Parameter",
      "Id": "tangjichu",
      "FadeInTime": -1.0,
      "FadeOutTime": -1.0,
      "Segments": [
        0,
        0,
        0,
        9.1,
        0
      ]
    },
    {
      "Target": "Parameter",
      "Id": "tangjibq",
      "FadeInTime": -1.0,
      "FadeOutTime": -1.0,
      "Segments": [
        0,
        0,
        0,
        9.1,
        0
      ]
    },
    {
      "Target": "Parameter",
      "Id": "tangjidm",
      "FadeInTime": -1.0,
      "FadeOutTime": -1.0,
      "Segments": [
        0,
        0,
        0,
        9.1,
        0
      ]
    },
    {
      "Target": "Parameter",
      "Id": "tangjidm2",
      "FadeInTime": -1.0,
      "FadeOutTime": -1.0,
      "Segments": [
        0,
        0,
        0,
        9.1,
        0
      ]
    },
    {
      "Target": "Parameter",
      "Id": "tangjiX",
      "FadeInTime": -1.0,
      "FadeOutTime": -1.0,
      "Segments": [
        0,
        0,
        0,
        9.1,
        0
      ]
    },
    {
      "Target": "Parameter",
      "Id": "tangjiY",
      "FadeInTime": -1.0,
      "FadeOutTime": -1.0,
      "Segments": [
        0,
        0,
        0,
        9.1,
        0
      ]
    },
    {
      "Target": "Parameter",
      "Id": "XXXXXXX18",
      "FadeInTime": -1.0,
      "FadeOutTime": -1.0,
      "Segments": [
        0,
        0,
        0,
        9.1,
        0
      ]
    }
  ],
  "UserData": [
    {
      "Time": 0.0,
      "Value": ""
    },
    {
      "Time": 0.333,
      "Value": ""
    },
    {
      "Time": 8.6,
      "Value": ""
    }
  ]
}