{
  "Version": 3,
  "Meta": {
    "Duration": 6.083,
    "Fps": 60.0,
    "Loop": true,
    "AreBeziersRestricted": true,
    "FadeInTime": 0.0,
    "FadeOutTime": 0.0,
    "CurveCount": 11,
    "TotalSegmentCount": 89,
    "TotalPointCount": 177,
    "UserDataCount": 1,
    "TotalUserDataSize": 0
  },
  "Curves": [
    {
      "Target": "Parameter",
      "Id": "texiaogb2",
      "FadeInTime": -1.0,
      "FadeOutTime": -1.0,
      "Segments": [
        0,
        0,
        1,
        0.039,
        0.12,
        0.078,
        0.24,
        0.117,
        0.36,
        1,
        0.172,
        0.361,
        0.228,
        0.361,
        0.283,
        0.362,
        1,
        0.294,
        0.242,
        0.306,
        0.122,
        0.317,
        0.002,
        1,
        0.356,
        0.001,
        0.394,
        0.001,
        0.433,
        0,
        1,
        0.5,
        0.12,
        0.566,
        0.24,
        0.633,
        0.36,
        1,
        0.722,
        0.361,
        0.811,
        0.361,
        0.9,
        0.362,
        1,
        0.972,
        0.241,
        1.045,
        0.121,
        1.117,
        0,
        1,
        1.206,
        0,
        1.294,
        0.001,
        1.383,
        0.001,
        1,
        1.511,
        0.001,
        1.639,
        0,
        1.767,
        0,
        1,
        1.795,
        0.12,
        1.822,
        0.24,
        1.85,
        0.36,
        1,
        1.894,
        0.36,
        1.939,
        0.361,
        1.983,
        0.361,
        1,
        2.022,
        0.241,
        2.061,
        0.12,
        2.1,
        0,
        2,
        2.217,
        0,
        1,
        2.272,
        0,
        2.328,
        0.001,
        2.383,
        0.001,
        1,
        2.472,
        0.121,
        2.561,
        0.24,
        2.65,
        0.36,
        1,
        2.706,
        0.362,
        2.761,
        0.365,
        2.817,
        0.367,
        1,
        2.822,
        0.245,
        2.828,
        0.122,
        2.833,
        0,
        1,
        2.861,
        0,
        2.889,
        0.001,
        2.917,
        0.001,
        1,
        2.989,
        0.121,
        3.061,
        0.24,
        3.133,
        0.36,
        1,
        3.166,
        0.36,
        3.2,
        0.361,
        3.233,
        0.361,
        1,
        3.272,
        0.241,
        3.311,
        0.12,
        3.35,
        0,
        2,
        3.483,
        0,
        1,
        3.533,
        0.12,
        3.583,
        0.24,
        3.633,
        0.36,
        1,
        3.661,
        0.24,
        3.689,
        0.12,
        3.717,
        0,
        1,
        3.761,
        0,
        3.806,
        0.001,
        3.85,
        0.001,
        1,
        3.928,
        0.001,
        4.005,
        0,
        4.083,
        0,
        1,
        4.128,
        0.167,
        4.172,
        0.333,
        4.217,
        0.5,
        2,
        4.333,
        0.5,
        1,
        4.355,
        0.333,
        4.378,
        0.167,
        4.4,
        0,
        2,
        4.55,
        0,
        1,
        4.583,
        0.122,
        4.617,
        0.245,
        4.65,
        0.367,
        1,
        4.683,
        0.365,
        4.717,
        0.362,
        4.75,
        0.36,
        1,
        4.8,
        0.241,
        4.85,
        0.121,
        4.9,
        0.002,
        1,
        4.933,
        0.001,
        4.967,
        0.001,
        5,
        0,
        1,
        5.089,
        0.12,
        5.178,
        0.24,
        5.267,
        0.36,
        1,
        5.311,
        0.357,
        5.356,
        0.355,
        5.4,
        0.352,
        1,
        5.45,
        0.235,
        5.5,
        0.117,
        5.55,
        0,
        2,
        5.683,
        0,
        1,
        5.722,
        0.122,
        5.761,
        0.244,
        5.8,
        0.366,
        1,
        5.856,
        0.365,
        5.911,
        0.363,
        5.967,
        0.362,
        1,
        6.006,
        0.241,
        6.044,
        0.121,
        6.083,
        0
      ]
    },
    {
      "Target": "Parameter",
      "Id": "shuichangX",
      "FadeInTime": -1.0,
      "FadeOutTime": -1.0,
      "Segments": [
        0,
        -0.002,
        1,
        0.256,
        -1.35,
        0.511,
        -2.997,
        0.767,
        -2.997,
        0,
        2.283,
        2.997,
        0,
        3.817,
        -2.997,
        0,
        5.333,
        2.997,
        1,
        5.583,
        2.997,
        5.833,
        1.347,
        6.083,
        -0.002
      ]
    },
    {
      "Target": "Parameter",
      "Id": "shuichangY",
      "FadeInTime": -1.0,
      "FadeOutTime": -1.0,
      "Segments": [
        0,
        2.997,
        0,
        1.517,
        -2.997,
        0,
        3.05,
        2.997,
        0,
        4.567,
        -2.997,
        0,
        6.083,
        2.997
      ]
    },
    {
      "Target": "Parameter",
      "Id": "shuichangZ",
      "FadeInTime": -1.0,
      "FadeOutTime": -1.0,
      "Segments": [
        0,
        3,
        0,
        1.283,
        -3,
        0,
        2.817,
        3,
        0,
        4.783,
        -3,
        0,
        6.083,
        3
      ]
    },
    {
      "Target": "Parameter",
      "Id": "qianshui1",
      "FadeInTime": -1.0,
      "FadeOutTime": -1.0,
      "Segments": [
        0,
        0,
        1,
        0.161,
        -2.02,
        0.322,
        -4.488,
        0.483,
        -4.488,
        0,
        1.5,
        4.488,
        0,
        2.517,
        -4.488,
        0,
        3.55,
        4.488,
        0,
        4.55,
        -4.488,
        0,
        5.567,
        4.488,
        1,
        5.739,
        4.488,
        5.911,
        2.02,
        6.083,
        0
      ]
    },
    {
      "Target": "Parameter",
      "Id": "qianshui2",
      "FadeInTime": -1.0,
      "FadeOutTime": -1.0,
      "Segments": [
        0,
        -4.488,
        0,
        1.017,
        4.488,
        0,
        2.017,
        -4.488,
        0,
        3.017,
        4.488,
        0,
        4.033,
        -4.488,
        0,
        5.05,
        4.488,
        0,
        6.083,
        -4.488
      ]
    },
    {
      "Target": "Parameter",
      "Id": "binglang1",
      "FadeInTime": -1.0,
      "FadeOutTime": -1.0,
      "Segments": [
        0,
        0,
        1,
        0.25,
        -0.18,
        0.5,
        -0.399,
        0.75,
        -0.399,
        0,
        2.267,
        0.476,
        0,
        3.8,
        -0.476,
        0,
        5.333,
        0.399,
        1,
        5.583,
        0.399,
        5.833,
        0.399,
        6.083,
        0
      ]
    },
    {
      "Target": "Parameter",
      "Id": "binglang2",
      "FadeInTime": -1.0,
      "FadeOutTime": -1.0,
      "Segments": [
        0,
        -0.399,
        0,
        1.517,
        0.476,
        0,
        3.033,
        -0.476,
        0,
        4.55,
        0.399,
        0,
        6.083,
        -0.399
      ]
    },
    {
      "Target": "Parameter",
      "Id": "xqiugg",
      "FadeInTime": -1.0,
      "FadeOutTime": -1.0,
      "Segments": [
        0,
        0,
        0,
        2.933,
        5,
        2,
        2.95,
        0,
        0,
        6.083,
        5
      ]
    },
    {
      "Target": "Parameter",
      "Id": "dengshan",
      "FadeInTime": -1.0,
      "FadeOutTime": -1.0,
      "Segments": [
        0,
        0,
        0,
        0.533,
        1,
        2,
        1.467,
        1,
        0,
        2.217,
        0.2,
        0,
        3.383,
        1,
        1,
        3.605,
        1,
        3.828,
        0.798,
        4.05,
        0.75,
        1,
        4.3,
        0.696,
        4.55,
        0.7,
        4.8,
        0.7,
        0,
        5.483,
        1,
        0,
        6.083,
        0
      ]
    },
    {
      "Target": "Parameter",
      "Id": "shlg",
      "FadeInTime": -1.0,
      "FadeOutTime": -1.0,
      "Segments": [
        0,
        0,
        0,
        6.083,
        0
      ]
    }
  ],
  "UserData": [
    {
      "Time": 0.0,
      "Value": ""
    }
  ]
}