{
  "Version": 3,
  "Meta": {
    "Duration": 14.067,
    "Fps": 60.0,
    "Loop": true,
    "AreBeziersRestricted": true,
    "FadeInTime": 0.0,
    "FadeOutTime": 0.0,
    "CurveCount": 153,
    "TotalSegmentCount": 793,
    "TotalPointCount": 1009,
    "UserDataCount": 3,
    "TotalUserDataSize": 0
  },
  "Curves": [
    {
      "Target": "Parameter",
      "Id": "xxzzx",
      "FadeInTime": -1.0,
      "FadeOutTime": -1.0,
      "Segments": [
        0,
        1,
        2,
        12.683,
        1,
        2,
        12.7,
        0,
        2,
        14.067,
        0
      ]
    },
    {
      "Target": "Parameter",
      "Id": "heikuang",
      "FadeInTime": -1.0,
      "FadeOutTime": -1.0,
      "Segments": [
        0,
        1,
        2,
        12.917,
        1,
        2,
        12.933,
        0,
        2,
        13.617,
        0,
        2,
        14.067,
        0
      ]
    },
    {
      "Target": "Parameter",
      "Id": "renxs",
      "FadeInTime": -1.0,
      "FadeOutTime": -1.0,
      "Segments": [
        0,
        0,
        2,
        2.217,
        0,
        2,
        2.233,
        1,
        2,
        14.067,
        1
      ]
    },
    {
      "Target": "Parameter",
      "Id": "zhengtidx",
      "FadeInTime": -1.0,
      "FadeOutTime": -1.0,
      "Segments": [
        0,
        20,
        2,
        1.1,
        20,
        2,
        1.117,
        14,
        2,
        2.217,
        14,
        2,
        2.233,
        18.26,
        2,
        3.55,
        18.26,
        2,
        3.567,
        30,
        2,
        7.05,
        30,
        2,
        7.067,
        20,
        2,
        9.9,
        20,
        2,
        12.917,
        20,
        2,
        12.933,
        0,
        2,
        13.617,
        0,
        2,
        14.067,
        0
      ]
    },
    {
      "Target": "Parameter",
      "Id": "zhengtix",
      "FadeInTime": -1.0,
      "FadeOutTime": -1.0,
      "Segments": [
        0,
        14.66,
        1,
        0.367,
        14.66,
        0.733,
        14.136,
        1.1,
        13.04,
        2,
        1.117,
        -2.74,
        2,
        2.217,
        -2.74,
        2,
        2.233,
        -3.2,
        2,
        3.55,
        -3.2,
        2,
        3.567,
        -18.46,
        1,
        4.728,
        -12.979,
        5.889,
        -7.497,
        7.05,
        -2.016,
        2,
        7.067,
        8.72,
        2,
        9.9,
        8.72,
        0,
        11.017,
        8.48,
        0,
        12.233,
        8.736,
        1,
        12.461,
        8.736,
        12.689,
        8.731,
        12.917,
        8.72,
        2,
        12.933,
        0,
        2,
        13.617,
        0,
        2,
        14.067,
        0
      ]
    },
    {
      "Target": "Parameter",
      "Id": "zhengtiY",
      "FadeInTime": -1.0,
      "FadeOutTime": -1.0,
      "Segments": [
        0,
        -11.38,
        1,
        0.367,
        -11.38,
        0.733,
        -11.496,
        1.1,
        -11.74,
        2,
        1.117,
        -16.18,
        1,
        1.484,
        -16.18,
        1.85,
        -15.539,
        2.217,
        -14.2,
        2,
        2.233,
        17.96,
        1,
        2.444,
        18.165,
        2.656,
        18.26,
        2.867,
        18.26,
        1,
        3.095,
        18.26,
        3.322,
        18.165,
        3.55,
        17.96,
        2,
        3.567,
        9.64,
        1,
        4.728,
        8.056,
        5.889,
        6.493,
        7.05,
        4.909,
        2,
        7.067,
        2.92,
        1,
        8.011,
        0.004,
        8.956,
        -4.228,
        9.9,
        -5.78,
        1,
        10.161,
        -6.209,
        10.422,
        -6.02,
        10.683,
        -6.02,
        0,
        11.9,
        -5.748,
        0,
        12.917,
        -5.78,
        2,
        12.933,
        0,
        2,
        13.617,
        0,
        2,
        14.067,
        0
      ]
    },
    {
      "Target": "Parameter",
      "Id": "texiaogb",
      "FadeInTime": -1.0,
      "FadeOutTime": -1.0,
      "Segments": [
        0,
        1,
        2,
        3.55,
        1,
        0,
        3.567,
        -1,
        2,
        5.717,
        -1,
        0,
        14.067,
        0
      ]
    },
    {
      "Target": "Parameter",
      "Id": "baipingguang",
      "FadeInTime": -1.0,
      "FadeOutTime": -1.0,
      "Segments": [
        0,
        0,
        2,
        1.1,
        0,
        2,
        1.117,
        0,
        2,
        2.217,
        0,
        2,
        2.233,
        0,
        2,
        3.167,
        0,
        0,
        3.95,
        1,
        2,
        3.967,
        0,
        2,
        7.05,
        0,
        2,
        12.2,
        0,
        1,
        12.439,
        0,
        12.678,
        0.358,
        12.917,
        0.819,
        1,
        13.006,
        0.99,
        13.094,
        1,
        13.183,
        1,
        2,
        13.2,
        0,
        2,
        13.617,
        0,
        2,
        14.067,
        0
      ]
    },
    {
      "Target": "Parameter",
      "Id": "ParamEyeLOpen",
      "FadeInTime": -1.0,
      "FadeOutTime": -1.0,
      "Segments": [
        0,
        1,
        2,
        3.283,
        1,
        2,
        5.033,
        1,
        2,
        5.4,
        1,
        2,
        7,
        1,
        0,
        7.333,
        0,
        2,
        7.433,
        0,
        0,
        7.783,
        1,
        2,
        10.767,
        1,
        2,
        12.333,
        1,
        0,
        12.867,
        0,
        2,
        12.917,
        0,
        2,
        13.517,
        0,
        0,
        14.067,
        1
      ]
    },
    {
      "Target": "Parameter",
      "Id": "ParamEyeBallX",
      "FadeInTime": -1.0,
      "FadeOutTime": -1.0,
      "Segments": [
        0,
        0,
        2,
        3.283,
        0,
        2,
        5.033,
        0,
        2,
        5.4,
        0,
        0,
        6.6,
        -0.2,
        0,
        10.767,
        0,
        2,
        12.917,
        0,
        2,
        14.067,
        0
      ]
    },
    {
      "Target": "Parameter",
      "Id": "ParamEyeBallY",
      "FadeInTime": -1.0,
      "FadeOutTime": -1.0,
      "Segments": [
        0,
        0,
        2,
        3.283,
        0,
        2,
        5.033,
        0,
        2,
        5.4,
        0,
        0,
        6.6,
        -0.1,
        0,
        10.767,
        0,
        2,
        12.917,
        0,
        2,
        14.067,
        0
      ]
    },
    {
      "Target": "Parameter",
      "Id": "ParamMouthForm",
      "FadeInTime": -1.0,
      "FadeOutTime": -1.0,
      "Segments": [
        0,
        0,
        2,
        7,
        0,
        2,
        7.183,
        0,
        2,
        7.383,
        0,
        0,
        7.583,
        1,
        0,
        7.8,
        -1,
        1,
        7.856,
        -1,
        7.911,
        -0.601,
        7.967,
        0,
        1,
        8.034,
        0.721,
        8.1,
        1,
        8.167,
        1,
        0,
        8.333,
        0,
        2,
        8.583,
        0,
        0,
        8.917,
        1,
        0,
        9.233,
        0,
        2,
        9.917,
        0,
        0,
        10.05,
        -1,
        1,
        10.094,
        -1,
        10.139,
        -0.504,
        10.183,
        0,
        1,
        10.233,
        0.567,
        10.283,
        0.7,
        10.333,
        0.7,
        0,
        10.483,
        0,
        2,
        10.65,
        0,
        2,
        10.783,
        0,
        2,
        10.933,
        0,
        2,
        11.1,
        0,
        0,
        11.3,
        1,
        1,
        11.378,
        1,
        11.455,
        0.619,
        11.533,
        0,
        1,
        11.622,
        -0.708,
        11.711,
        -1,
        11.8,
        -1,
        1,
        11.867,
        -1,
        11.933,
        -0.56,
        12,
        0,
        1,
        12.089,
        0.747,
        12.178,
        1,
        12.267,
        1,
        0,
        12.75,
        0,
        2,
        14.067,
        0
      ]
    },
    {
      "Target": "Parameter",
      "Id": "ParamMouthOpenY11",
      "FadeInTime": -1.0,
      "FadeOutTime": -1.0,
      "Segments": [
        0,
        0,
        2,
        7,
        0,
        0,
        7.183,
        1,
        0,
        7.383,
        0,
        0,
        7.583,
        0.4,
        2,
        7.8,
        0.4,
        0,
        7.967,
        0,
        1,
        8.034,
        0,
        8.1,
        0.066,
        8.167,
        0.4,
        1,
        8.222,
        0.678,
        8.278,
        1,
        8.333,
        1,
        0,
        8.583,
        0,
        0,
        8.917,
        0.4,
        0,
        9.233,
        0,
        2,
        9.917,
        0,
        0,
        10.05,
        0.4,
        0,
        10.183,
        0,
        0,
        10.333,
        0.8,
        0,
        10.483,
        0,
        0,
        10.65,
        1,
        0,
        10.783,
        0,
        0,
        10.933,
        1,
        0,
        11.1,
        0,
        0,
        11.3,
        0.4,
        0,
        11.533,
        0,
        0,
        11.8,
        0.4,
        0,
        12,
        0,
        0,
        12.267,
        0.4,
        0,
        12.75,
        0,
        2,
        14.067,
        0
      ]
    },
    {
      "Target": "Parameter",
      "Id": "ParamAngleX",
      "FadeInTime": -1.0,
      "FadeOutTime": -1.0,
      "Segments": [
        0,
        0,
        2,
        3.283,
        0,
        1,
        3.461,
        0,
        3.639,
        -2.163,
        3.817,
        -3,
        1,
        3.945,
        -3.602,
        4.072,
        -3.585,
        4.2,
        -4,
        1,
        4.367,
        -4.541,
        4.533,
        -5,
        4.7,
        -5,
        0,
        5.2,
        0,
        2,
        5.567,
        0,
        1,
        5.672,
        0,
        5.778,
        2.902,
        5.883,
        6,
        1,
        6.016,
        9.913,
        6.15,
        11,
        6.283,
        11,
        0,
        6.767,
        9,
        0,
        7.067,
        15,
        0,
        7.567,
        11,
        0,
        8.117,
        13,
        0,
        8.8,
        6,
        0,
        10.3,
        9,
        0,
        10.933,
        -2.04,
        0,
        11.683,
        5,
        2,
        12.5,
        5,
        1,
        12.694,
        5,
        12.889,
        4.819,
        13.083,
        3.909,
        1,
        13.211,
        3.311,
        13.339,
        1.545,
        13.467,
        1,
        1,
        13.667,
        0.147,
        13.867,
        0,
        14.067,
        0
      ]
    },
    {
      "Target": "Parameter",
      "Id": "ParamAngleY",
      "FadeInTime": -1.0,
      "FadeOutTime": -1.0,
      "Segments": [
        0,
        0,
        2,
        3.283,
        0,
        0,
        3.75,
        8,
        0,
        4.133,
        -7,
        0,
        4.633,
        8,
        0,
        5.133,
        0,
        2,
        5.5,
        0,
        0,
        5.817,
        -10,
        0,
        6.217,
        15,
        0,
        6.7,
        -12,
        0,
        7,
        -5.441,
        0,
        7.5,
        -17,
        0,
        8.05,
        -2,
        0,
        8.733,
        -13,
        0,
        10.233,
        -4,
        0,
        10.567,
        -17.315,
        0,
        10.867,
        -7.2,
        0,
        11.617,
        -17,
        0,
        12.433,
        -4,
        1,
        12.628,
        -4,
        12.822,
        -6.808,
        13.017,
        -11.184,
        1,
        13.145,
        -14.06,
        13.272,
        -15,
        13.4,
        -15,
        0,
        14.067,
        0
      ]
    },
    {
      "Target": "Parameter",
      "Id": "touZ",
      "FadeInTime": -1.0,
      "FadeOutTime": -1.0,
      "Segments": [
        0,
        0,
        2,
        3.283,
        0,
        0,
        4.133,
        3,
        0,
        5.133,
        -6,
        2,
        5.5,
        -6,
        0,
        6.7,
        -5,
        1,
        6.8,
        -5,
        6.9,
        -5.213,
        7,
        -6.86,
        1,
        7.167,
        -9.605,
        7.333,
        -12,
        7.5,
        -12,
        0,
        8.05,
        -7,
        0,
        8.733,
        -9,
        0,
        10.233,
        -5,
        0,
        10.867,
        -10,
        1,
        11.117,
        -10,
        11.367,
        -7.651,
        11.617,
        -6,
        1,
        11.889,
        -4.202,
        12.161,
        -4,
        12.433,
        -4,
        1,
        12.628,
        -4,
        12.822,
        -4.137,
        13.017,
        -4.847,
        1,
        13.145,
        -5.314,
        13.272,
        -6,
        13.4,
        -6,
        0,
        14.067,
        0
      ]
    },
    {
      "Target": "Parameter",
      "Id": "ParamAngleZ",
      "FadeInTime": -1.0,
      "FadeOutTime": -1.0,
      "Segments": [
        0,
        0,
        2,
        3.283,
        0,
        0,
        4.033,
        -3,
        0,
        5.033,
        0,
        2,
        5.4,
        0,
        2,
        6.6,
        0,
        2,
        6.9,
        0,
        2,
        7.4,
        0,
        2,
        10.133,
        0,
        0,
        10.767,
        -5,
        2,
        11.517,
        -5,
        0,
        12.333,
        -3,
        1,
        12.528,
        -3,
        12.722,
        -3.255,
        12.917,
        -3.653,
        1,
        13.045,
        -3.915,
        13.172,
        -4,
        13.3,
        -4,
        0,
        14.067,
        0
      ]
    },
    {
      "Target": "Parameter",
      "Id": "toufz",
      "FadeInTime": -1.0,
      "FadeOutTime": -1.0,
      "Segments": [
        0,
        0,
        2,
        3.283,
        0,
        1,
        3.533,
        0,
        3.783,
        -7.45,
        4.033,
        -9,
        1,
        4.366,
        -11.067,
        4.7,
        -11,
        5.033,
        -11,
        2,
        5.4,
        -11,
        0,
        6.6,
        -5,
        1,
        6.7,
        -5,
        6.8,
        -7.653,
        6.9,
        -10,
        1,
        7.067,
        -13.912,
        7.233,
        -15,
        7.4,
        -15,
        1,
        7.583,
        -15,
        7.767,
        -11.973,
        7.95,
        -11,
        1,
        8.678,
        -7.136,
        9.405,
        -6,
        10.133,
        -6,
        0,
        10.767,
        -17,
        1,
        11.017,
        -17,
        11.267,
        -17.124,
        11.517,
        -16,
        1,
        11.789,
        -14.776,
        12.061,
        -11,
        12.333,
        -11,
        1,
        12.528,
        -11,
        12.722,
        -12.275,
        12.917,
        -14.265,
        1,
        13.045,
        -15.573,
        13.172,
        -16,
        13.3,
        -16,
        0,
        14.067,
        0
      ]
    },
    {
      "Target": "Parameter",
      "Id": "bozss",
      "FadeInTime": -1.0,
      "FadeOutTime": -1.0,
      "Segments": [
        0,
        0,
        2,
        3.283,
        0,
        2,
        6.9,
        0,
        2,
        7.4,
        0,
        0,
        7.95,
        2,
        0,
        8.633,
        -1,
        0,
        10.767,
        0,
        2,
        12.917,
        0,
        2,
        13.3,
        0,
        2,
        14.067,
        0
      ]
    },
    {
      "Target": "Parameter",
      "Id": "ParamBodyAngleX",
      "FadeInTime": -1.0,
      "FadeOutTime": -1.0,
      "Segments": [
        0,
        0,
        2,
        3.283,
        0,
        0,
        4.133,
        -2.36,
        0,
        5.133,
        0,
        2,
        5.5,
        0,
        1,
        5.9,
        0,
        6.3,
        1.26,
        6.7,
        2.7,
        1,
        6.8,
        3.06,
        6.9,
        3,
        7,
        3,
        0,
        7.5,
        2.866,
        0,
        8.05,
        3.021,
        1,
        8.278,
        3.021,
        8.505,
        3.033,
        8.733,
        3,
        1,
        9.233,
        2.927,
        9.733,
        2.7,
        10.233,
        2.7,
        1,
        10.444,
        2.7,
        10.656,
        3.968,
        10.867,
        4,
        1,
        11.584,
        4.109,
        12.3,
        4.127,
        13.017,
        4.127,
        0,
        14.067,
        0
      ]
    },
    {
      "Target": "Parameter",
      "Id": "ParamBodyAngleY",
      "FadeInTime": -1.0,
      "FadeOutTime": -1.0,
      "Segments": [
        0,
        0,
        2,
        3.283,
        0,
        0,
        4.033,
        -3,
        0,
        5.033,
        0,
        2,
        5.4,
        0,
        0,
        5.967,
        -2,
        0,
        6.6,
        0,
        0,
        6.9,
        -2,
        1,
        7.067,
        -2,
        7.233,
        -2.04,
        7.4,
        -1.109,
        1,
        7.583,
        -0.085,
        7.767,
        2.076,
        7.95,
        2.076,
        0,
        8.633,
        1,
        0,
        10.133,
        3.04,
        0,
        10.467,
        -2,
        0,
        10.767,
        1.02,
        0,
        11.517,
        -2,
        0,
        12.333,
        0,
        1,
        12.528,
        0,
        12.722,
        -0.51,
        12.917,
        -1.306,
        1,
        13.045,
        -1.829,
        13.172,
        -2,
        13.3,
        -2,
        0,
        14.067,
        0
      ]
    },
    {
      "Target": "Parameter",
      "Id": "shentixX",
      "FadeInTime": -1.0,
      "FadeOutTime": -1.0,
      "Segments": [
        0,
        0,
        2,
        3.283,
        0,
        0,
        4.133,
        -3,
        0,
        5.133,
        0,
        2,
        5.5,
        0,
        0,
        6.7,
        -2.46,
        0,
        7,
        0.454,
        0,
        7.5,
        -2.453,
        0,
        8.05,
        -1.343,
        0,
        8.733,
        -2.766,
        0,
        10.233,
        0,
        0,
        10.867,
        -6.98,
        2,
        12.917,
        -6.98,
        0,
        14.067,
        0
      ]
    },
    {
      "Target": "Parameter",
      "Id": "ParamBodyAngleZ",
      "FadeInTime": -1.0,
      "FadeOutTime": -1.0,
      "Segments": [
        0,
        0,
        2,
        3.283,
        0,
        0,
        4.033,
        -1,
        0,
        5.033,
        0,
        2,
        5.4,
        0,
        2,
        6.6,
        0,
        2,
        6.9,
        0,
        2,
        7.4,
        0,
        2,
        10.133,
        0,
        2,
        10.767,
        0,
        2,
        12.917,
        0,
        2,
        14.067,
        0
      ]
    },
    {
      "Target": "Parameter",
      "Id": "Ljiansx",
      "FadeInTime": -1.0,
      "FadeOutTime": -1.0,
      "Segments": [
        0,
        0,
        2,
        3.283,
        0,
        2,
        5.033,
        0,
        2,
        5.4,
        0,
        2,
        6.6,
        0,
        2,
        6.9,
        0,
        2,
        7.4,
        0,
        2,
        10.133,
        0,
        2,
        10.767,
        0,
        0,
        12.917,
        -7.203,
        0,
        14.067,
        0
      ]
    },
    {
      "Target": "Parameter",
      "Id": "Lsbxz",
      "FadeInTime": -1.0,
      "FadeOutTime": -1.0,
      "Segments": [
        0,
        0,
        2,
        3.283,
        0,
        0,
        3.8,
        -1.02,
        0,
        4.433,
        14.18,
        1,
        4.578,
        14.18,
        4.722,
        14.026,
        4.867,
        14,
        1,
        6.622,
        13.681,
        8.378,
        13.436,
        10.133,
        13.1,
        1,
        10.344,
        13.06,
        10.556,
        7.08,
        10.767,
        7.08,
        2,
        12.917,
        7.08,
        0,
        12.933,
        0,
        2,
        14.067,
        0
      ]
    },
    {
      "Target": "Parameter",
      "Id": "Lxbxz",
      "FadeInTime": -1.0,
      "FadeOutTime": -1.0,
      "Segments": [
        0,
        0,
        2,
        3.283,
        0,
        1,
        3.455,
        0,
        3.628,
        -0.092,
        3.8,
        0.36,
        1,
        4.011,
        0.914,
        4.222,
        3.34,
        4.433,
        3.34,
        1,
        4.578,
        3.34,
        4.722,
        2.848,
        4.867,
        2.74,
        1,
        6.622,
        1.426,
        8.378,
        0.88,
        10.133,
        0.88,
        0,
        10.767,
        11,
        2,
        12.917,
        11,
        0,
        12.933,
        0,
        2,
        14.067,
        0
      ]
    },
    {
      "Target": "Parameter",
      "Id": "Lshouxz",
      "FadeInTime": -1.0,
      "FadeOutTime": -1.0,
      "Segments": [
        0,
        0,
        2,
        3.283,
        0,
        1,
        3.455,
        0,
        3.628,
        0.435,
        3.8,
        4.08,
        1,
        4.011,
        8.548,
        4.222,
        13.44,
        4.433,
        13.44,
        2,
        4.867,
        13.44,
        0,
        8.583,
        14.34,
        1,
        9.1,
        14.34,
        9.616,
        14.166,
        10.133,
        13.44,
        1,
        10.244,
        13.284,
        10.356,
        -1.138,
        10.467,
        -1.138,
        0,
        10.767,
        0,
        2,
        12.917,
        0,
        2,
        12.933,
        0,
        2,
        14.067,
        0
      ]
    },
    {
      "Target": "Parameter",
      "Id": "Lshagbuiq",
      "FadeInTime": -1.0,
      "FadeOutTime": -1.0,
      "Segments": [
        0,
        0,
        2,
        3.283,
        0,
        0,
        4.433,
        1,
        2,
        10.133,
        1,
        0,
        10.5,
        0,
        2,
        14.067,
        0
      ]
    },
    {
      "Target": "Parameter",
      "Id": "Lxiaobibx",
      "FadeInTime": -1.0,
      "FadeOutTime": -1.0,
      "Segments": [
        0,
        0,
        2,
        3.283,
        0,
        2,
        3.8,
        0,
        0,
        4.433,
        -10,
        2,
        10.133,
        -10,
        0,
        10.767,
        0,
        2,
        12.917,
        0,
        2,
        12.933,
        0,
        2,
        14.067,
        0
      ]
    },
    {
      "Target": "Parameter",
      "Id": "Lshangbcd",
      "FadeInTime": -1.0,
      "FadeOutTime": -1.0,
      "Segments": [
        0,
        0,
        2,
        3.283,
        0,
        2,
        3.8,
        0,
        2,
        4.433,
        0,
        2,
        4.867,
        0,
        2,
        10.133,
        0,
        0,
        10.767,
        4,
        2,
        12.917,
        4,
        0,
        12.933,
        0,
        2,
        14.067,
        0
      ]
    },
    {
      "Target": "Parameter",
      "Id": "Lxbcd",
      "FadeInTime": -1.0,
      "FadeOutTime": -1.0,
      "Segments": [
        0,
        0,
        2,
        3.283,
        0,
        2,
        3.8,
        0,
        0,
        4.433,
        -2,
        2,
        4.867,
        -2,
        2,
        10.133,
        -2,
        0,
        10.767,
        -3,
        2,
        12.917,
        -3,
        0,
        12.933,
        0,
        2,
        14.067,
        0
      ]
    },
    {
      "Target": "Parameter",
      "Id": "Lxiaobicj",
      "FadeInTime": -1.0,
      "FadeOutTime": -1.0,
      "Segments": [
        0,
        0,
        2,
        3.283,
        0,
        2,
        3.8,
        0,
        2,
        10.467,
        0,
        0,
        10.767,
        10,
        2,
        12.917,
        10,
        0,
        12.933,
        0,
        2,
        14.067,
        0
      ]
    },
    {
      "Target": "Parameter",
      "Id": "Lshoudh",
      "FadeInTime": -1.0,
      "FadeOutTime": -1.0,
      "Segments": [
        0,
        0,
        2,
        3.283,
        0,
        2,
        3.8,
        0,
        2,
        4.433,
        0,
        0,
        8.583,
        0.88,
        0,
        10.133,
        0,
        2,
        10.467,
        0,
        0,
        10.767,
        -2,
        0,
        11.217,
        10,
        0,
        12.233,
        0,
        2,
        12.917,
        0,
        2,
        12.933,
        0,
        2,
        14.067,
        0
      ]
    },
    {
      "Target": "Parameter",
      "Id": "Lshoudh2",
      "FadeInTime": -1.0,
      "FadeOutTime": -1.0,
      "Segments": [
        0,
        0,
        2,
        3.283,
        0,
        2,
        3.8,
        0,
        2,
        4.433,
        0,
        0,
        8.583,
        9.9,
        0,
        10.133,
        0,
        2,
        10.467,
        0,
        0,
        10.767,
        9,
        0,
        11.217,
        -2,
        0,
        12.233,
        8,
        1,
        12.461,
        8,
        12.689,
        7.202,
        12.917,
        5.493,
        1,
        12.922,
        5.451,
        12.928,
        0,
        12.933,
        0,
        2,
        14.067,
        0
      ]
    },
    {
      "Target": "Parameter",
      "Id": "lmoshou",
      "FadeInTime": -1.0,
      "FadeOutTime": -1.0,
      "Segments": [
        0,
        1,
        2,
        3.283,
        1,
        2,
        3.8,
        1,
        2,
        4.433,
        1,
        2,
        10.133,
        1,
        2,
        10.533,
        1,
        0,
        10.567,
        0,
        2,
        12.917,
        0,
        0,
        12.933,
        1,
        2,
        14.067,
        1
      ]
    },
    {
      "Target": "Parameter",
      "Id": "Ltoushou",
      "FadeInTime": -1.0,
      "FadeOutTime": -1.0,
      "Segments": [
        0,
        0,
        2,
        3.283,
        0,
        2,
        3.8,
        0,
        2,
        4.433,
        0,
        2,
        10.133,
        0,
        2,
        10.533,
        0,
        0,
        10.567,
        1,
        2,
        12.917,
        1,
        0,
        12.933,
        0,
        2,
        14.067,
        0
      ]
    },
    {
      "Target": "Parameter",
      "Id": "Rsbxz",
      "FadeInTime": -1.0,
      "FadeOutTime": -1.0,
      "Segments": [
        0,
        0,
        2,
        3.283,
        0,
        2,
        4.15,
        0,
        2,
        10.133,
        0,
        0,
        10.767,
        0.68,
        2,
        12.917,
        0.68,
        0,
        12.933,
        0,
        2,
        14.067,
        0
      ]
    },
    {
      "Target": "Parameter",
      "Id": "Rxbxz",
      "FadeInTime": -1.0,
      "FadeOutTime": -1.0,
      "Segments": [
        0,
        0,
        2,
        3.283,
        0,
        2,
        4.15,
        0,
        0,
        5.033,
        -0.3,
        0,
        6.267,
        1.274,
        1,
        6.65,
        1.274,
        7.034,
        1.167,
        7.417,
        0.643,
        1,
        7.634,
        0.347,
        7.85,
        -0.144,
        8.067,
        -0.144,
        0,
        8.767,
        0.22,
        0,
        10.133,
        0,
        0,
        10.767,
        15.86,
        2,
        12.917,
        15.86,
        0,
        12.933,
        0,
        2,
        14.067,
        0
      ]
    },
    {
      "Target": "Parameter",
      "Id": "Rshouxz",
      "FadeInTime": -1.0,
      "FadeOutTime": -1.0,
      "Segments": [
        0,
        0,
        2,
        3.283,
        0,
        2,
        4.15,
        0,
        0,
        5.033,
        -1.74,
        0,
        6.267,
        0.976,
        1,
        6.65,
        0.976,
        7.034,
        0.946,
        7.417,
        -0.252,
        1,
        7.634,
        -0.929,
        7.85,
        -6,
        8.067,
        -6,
        0,
        8.767,
        2.22,
        1,
        9.222,
        2.22,
        9.678,
        1.756,
        10.133,
        0,
        1,
        10.233,
        -0.385,
        10.333,
        -4,
        10.433,
        -4,
        0,
        10.767,
        0,
        2,
        12.917,
        0,
        2,
        12.933,
        0,
        2,
        14.067,
        0
      ]
    },
    {
      "Target": "Parameter",
      "Id": "rxbbx",
      "FadeInTime": -1.0,
      "FadeOutTime": -1.0,
      "Segments": [
        0,
        0,
        2,
        3.283,
        0,
        2,
        4.15,
        0,
        2,
        10.133,
        0,
        0,
        10.767,
        10,
        2,
        12.917,
        10,
        0,
        12.933,
        0,
        2,
        14.067,
        0
      ]
    },
    {
      "Target": "Parameter",
      "Id": "Rshangbicd",
      "FadeInTime": -1.0,
      "FadeOutTime": -1.0,
      "Segments": [
        0,
        0,
        2,
        3.283,
        0,
        0,
        4.15,
        0.48,
        2,
        10.133,
        0.48,
        0,
        10.767,
        0,
        2,
        12.917,
        0,
        2,
        12.933,
        0,
        2,
        14.067,
        0
      ]
    },
    {
      "Target": "Parameter",
      "Id": "Rxiaobcd",
      "FadeInTime": -1.0,
      "FadeOutTime": -1.0,
      "Segments": [
        0,
        0,
        2,
        3.283,
        0,
        0,
        4.15,
        3,
        2,
        10.133,
        3,
        0,
        10.767,
        0,
        2,
        12.917,
        0,
        2,
        12.933,
        0,
        2,
        14.067,
        0
      ]
    },
    {
      "Target": "Parameter",
      "Id": "rxiaobiq",
      "FadeInTime": -1.0,
      "FadeOutTime": -1.0,
      "Segments": [
        0,
        0,
        2,
        3.283,
        0,
        2,
        4.15,
        0,
        2,
        10.417,
        0,
        0,
        10.433,
        1,
        2,
        12.917,
        1,
        0,
        12.933,
        0,
        2,
        14.067,
        0
      ]
    },
    {
      "Target": "Parameter",
      "Id": "Rshoudh1",
      "FadeInTime": -1.0,
      "FadeOutTime": -1.0,
      "Segments": [
        0,
        0,
        2,
        3.283,
        0,
        0,
        4.15,
        -3,
        0,
        5.033,
        -1,
        0,
        6.267,
        -2,
        0,
        7.417,
        3,
        1,
        7.634,
        3,
        7.85,
        -1.451,
        8.067,
        -2,
        1,
        8.3,
        -2.591,
        8.534,
        -2.496,
        8.767,
        -3,
        1,
        9.222,
        -3.984,
        9.678,
        -5,
        10.133,
        -5,
        0,
        10.467,
        8,
        0,
        10.767,
        0,
        2,
        12.917,
        0,
        2,
        12.933,
        0,
        2,
        14.067,
        0
      ]
    },
    {
      "Target": "Parameter",
      "Id": "Ldatuixz",
      "FadeInTime": -1.0,
      "FadeOutTime": -1.0,
      "Segments": [
        0,
        0,
        2,
        3.283,
        0,
        0,
        5.033,
        0.1,
        0,
        5.867,
        0,
        0,
        6.367,
        1.25,
        0,
        6.817,
        -0.263,
        0,
        7.417,
        0.904,
        1,
        7.789,
        0.904,
        8.161,
        0.35,
        8.533,
        0.207,
        1,
        9.066,
        0.002,
        9.6,
        0,
        10.133,
        0,
        2,
        10.767,
        0,
        0,
        12.417,
        0.7,
        1,
        12.584,
        0.7,
        12.75,
        0.682,
        12.917,
        0.546,
        1,
        13.3,
        0.233,
        13.684,
        0,
        14.067,
        0
      ]
    },
    {
      "Target": "Parameter",
      "Id": "Lxuiaotuixz",
      "FadeInTime": -1.0,
      "FadeOutTime": -1.0,
      "Segments": [
        0,
        0,
        2,
        3.283,
        0,
        0,
        5.033,
        0.66,
        0,
        6.817,
        0.108,
        0,
        7.417,
        0.377,
        0,
        8.533,
        -0.556,
        0,
        10.133,
        0,
        0,
        10.767,
        -0.44,
        0,
        12.417,
        0.24,
        1,
        12.584,
        0.24,
        12.75,
        0.234,
        12.917,
        0.187,
        1,
        13.3,
        0.08,
        13.684,
        0,
        14.067,
        0
      ]
    },
    {
      "Target": "Parameter",
      "Id": "Ljiaoxz",
      "FadeInTime": -1.0,
      "FadeOutTime": -1.0,
      "Segments": [
        0,
        0,
        2,
        3.283,
        0,
        0,
        5.033,
        1.54,
        0,
        6.817,
        0.786,
        0,
        7.417,
        2.275,
        1,
        7.789,
        2.275,
        8.161,
        1.677,
        8.533,
        1.084,
        1,
        9.066,
        0.234,
        9.6,
        0,
        10.133,
        0,
        1,
        10.344,
        0,
        10.556,
        1.052,
        10.767,
        1.26,
        1,
        11.317,
        1.801,
        11.867,
        1.89,
        12.417,
        1.89,
        1,
        12.584,
        1.89,
        12.75,
        1.842,
        12.917,
        1.475,
        1,
        13.3,
        0.631,
        13.684,
        0,
        14.067,
        0
      ]
    },
    {
      "Target": "Parameter",
      "Id": "jijazhe",
      "FadeInTime": -1.0,
      "FadeOutTime": -1.0,
      "Segments": [
        0,
        0,
        0,
        5.867,
        1,
        0,
        6.367,
        0,
        2,
        12.917,
        0,
        2,
        14.067,
        0
      ]
    },
    {
      "Target": "Parameter",
      "Id": "Rdatuixz",
      "FadeInTime": -1.0,
      "FadeOutTime": -1.0,
      "Segments": [
        0,
        0,
        2,
        3.283,
        0,
        0,
        5.033,
        -0.36,
        0,
        6.817,
        -0.191,
        2,
        7.417,
        -0.191,
        0,
        10.133,
        0,
        1,
        10.411,
        0,
        10.689,
        -0.227,
        10.967,
        -0.27,
        1,
        11.739,
        -0.39,
        12.511,
        -0.411,
        13.283,
        -0.411,
        0,
        14.067,
        0
      ]
    },
    {
      "Target": "Parameter",
      "Id": "Rxtxz",
      "FadeInTime": -1.0,
      "FadeOutTime": -1.0,
      "Segments": [
        0,
        0,
        2,
        3.283,
        0,
        0,
        5.033,
        0.12,
        0,
        6.817,
        0.065,
        2,
        7.417,
        0.065,
        0,
        10.133,
        0,
        0,
        12.917,
        0.148,
        0,
        14.067,
        0
      ]
    },
    {
      "Target": "Parameter",
      "Id": "Rjiaoxz",
      "FadeInTime": -1.0,
      "FadeOutTime": -1.0,
      "Segments": [
        0,
        0,
        2,
        3.283,
        0,
        1,
        3.866,
        0,
        4.45,
        0.117,
        5.033,
        0.42,
        1,
        5.628,
        0.729,
        6.222,
        0.923,
        6.817,
        0.923,
        2,
        7.417,
        0.923,
        0,
        10.133,
        0,
        0,
        12.917,
        0.944,
        0,
        14.067,
        0
      ]
    },
    {
      "Target": "Parameter",
      "Id": "xionglian8",
      "FadeInTime": -1.0,
      "FadeOutTime": -1.0,
      "Segments": [
        0,
        0,
        2,
        4.2,
        0,
        0,
        5.55,
        10,
        2,
        12.967,
        10,
        0,
        13.6,
        0,
        2,
        14.067,
        0
      ]
    },
    {
      "Target": "Parameter",
      "Id": "jiupings1",
      "FadeInTime": -1.0,
      "FadeOutTime": -1.0,
      "Segments": [
        0,
        -2.002,
        2,
        0.417,
        -2.002,
        0,
        1.083,
        2.002,
        0,
        1.75,
        -2.002,
        0,
        2.417,
        2.002,
        0,
        3.083,
        -2.002,
        0,
        3.75,
        2.002,
        0,
        4.433,
        -2.002,
        0,
        5.1,
        2.002,
        0,
        5.767,
        -2.002,
        0,
        6.433,
        2.002,
        0,
        7.083,
        -2.002,
        0,
        7.75,
        2.002,
        0,
        8.417,
        -2.002,
        0,
        9.083,
        2.002,
        0,
        9.75,
        -2.002,
        0,
        10.417,
        2.002,
        0,
        11.1,
        -2.002,
        0,
        11.767,
        2.002,
        0,
        12.433,
        -2.002,
        0,
        13.1,
        2.002,
        0,
        13.75,
        -2.002,
        2,
        14.067,
        -2.002
      ]
    },
    {
      "Target": "Parameter",
      "Id": "jiupings2",
      "FadeInTime": -1.0,
      "FadeOutTime": -1.0,
      "Segments": [
        0,
        -0.149,
        2,
        0.417,
        -0.149,
        1,
        0.528,
        0.819,
        0.639,
        2.002,
        0.75,
        2.002,
        0,
        1.417,
        -2.002,
        0,
        2.083,
        2.002,
        0,
        2.767,
        -2.002,
        0,
        3.433,
        2.002,
        0,
        4.1,
        -2.002,
        0,
        4.767,
        2.002,
        0,
        5.433,
        -2.002,
        0,
        6.1,
        2.002,
        0,
        6.783,
        -2.002,
        0,
        7.083,
        -0.149,
        1,
        7.194,
        0.819,
        7.306,
        2.002,
        7.417,
        2.002,
        0,
        8.083,
        -2.002,
        0,
        8.75,
        2.002,
        0,
        9.433,
        -2.002,
        0,
        10.1,
        2.002,
        0,
        10.767,
        -2.002,
        0,
        11.433,
        2.002,
        0,
        12.1,
        -2.002,
        0,
        12.767,
        2.002,
        0,
        13.45,
        -2.002,
        0,
        13.75,
        -0.149,
        2,
        14.067,
        -0.149
      ]
    },
    {
      "Target": "Parameter",
      "Id": "jiupxz",
      "FadeInTime": -1.0,
      "FadeOutTime": -1.0,
      "Segments": [
        0,
        -0.024,
        2,
        0.417,
        -0.024,
        1,
        0.695,
        -0.239,
        0.972,
        -0.501,
        1.25,
        -0.501,
        0,
        2.917,
        0.501,
        0,
        4.6,
        -0.501,
        0,
        6.267,
        0.501,
        0,
        7.083,
        -0.024,
        1,
        7.361,
        -0.239,
        7.639,
        -0.501,
        7.917,
        -0.501,
        0,
        9.583,
        0.501,
        0,
        11.267,
        -0.501,
        0,
        12.933,
        0.501,
        0,
        13.75,
        -0.024,
        2,
        14.067,
        -0.024
      ]
    },
    {
      "Target": "Parameter",
      "Id": "jiX",
      "FadeInTime": -1.0,
      "FadeOutTime": -1.0,
      "Segments": [
        0,
        -0.998,
        2,
        0.417,
        -0.998,
        0,
        2.067,
        0.998,
        0,
        3.75,
        -0.998,
        0,
        5.433,
        0.998,
        0,
        7.083,
        -0.998,
        0,
        8.733,
        0.998,
        0,
        10.417,
        -0.998,
        0,
        12.1,
        0.998,
        0,
        13.75,
        -0.998,
        2,
        14.067,
        -0.998
      ]
    },
    {
      "Target": "Parameter",
      "Id": "jiY",
      "FadeInTime": -1.0,
      "FadeOutTime": -1.0,
      "Segments": [
        0,
        -0.12,
        2,
        0.417,
        -0.12,
        1,
        0.695,
        0.834,
        0.972,
        2,
        1.25,
        2,
        0,
        2.917,
        -2,
        0,
        4.6,
        2,
        0,
        6.283,
        -2,
        0,
        7.083,
        -0.12,
        1,
        7.361,
        0.834,
        7.639,
        2,
        7.917,
        2,
        0,
        9.583,
        -2,
        0,
        11.267,
        2,
        0,
        12.95,
        -2,
        0,
        13.75,
        -0.12,
        2,
        14.067,
        -0.12
      ]
    },
    {
      "Target": "Parameter",
      "Id": "jidaim1",
      "FadeInTime": -1.0,
      "FadeOutTime": -1.0,
      "Segments": [
        0,
        -5.009,
        2,
        0.417,
        -5.009,
        0,
        2.083,
        5.009,
        0,
        3.75,
        -5.009,
        0,
        5.417,
        5.009,
        0,
        7.083,
        -5.009,
        0,
        8.75,
        5.009,
        0,
        10.417,
        -5.009,
        0,
        12.083,
        5.009,
        0,
        13.75,
        -5.009,
        2,
        14.067,
        -5.009
      ]
    },
    {
      "Target": "Parameter",
      "Id": "jidaim2",
      "FadeInTime": -1.0,
      "FadeOutTime": -1.0,
      "Segments": [
        0,
        -0.15,
        2,
        0.417,
        -0.15,
        1,
        0.7,
        2.172,
        0.984,
        5.009,
        1.267,
        5.009,
        0,
        2.933,
        -5.009,
        0,
        4.6,
        5.009,
        0,
        6.267,
        -5.009,
        0,
        7.083,
        -0.15,
        1,
        7.366,
        2.172,
        7.65,
        5.009,
        7.933,
        5.009,
        0,
        9.6,
        -5.009,
        0,
        11.267,
        5.009,
        0,
        12.933,
        -5.009,
        0,
        13.75,
        -0.15,
        2,
        14.067,
        -0.15
      ]
    },
    {
      "Target": "Parameter",
      "Id": "yet1",
      "FadeInTime": -1.0,
      "FadeOutTime": -1.0,
      "Segments": [
        0,
        0,
        2,
        0.317,
        0,
        0,
        0.767,
        -1.138,
        0,
        1.517,
        1.138,
        0,
        2.283,
        -1.138,
        0,
        3.033,
        1.138,
        0,
        3.8,
        -1.138,
        0,
        4.55,
        1.138,
        0,
        5.317,
        -1.138,
        0,
        6.083,
        1.138,
        0,
        6.85,
        -1.138,
        0,
        7.6,
        1.138,
        0,
        8.367,
        -1.138,
        0,
        9.117,
        1.138,
        0,
        9.883,
        -1.138,
        0,
        10.633,
        1.138,
        0,
        11.4,
        -1.138,
        0,
        12.167,
        1.138,
        0,
        12.933,
        -1.138,
        0,
        14.067,
        0
      ]
    },
    {
      "Target": "Parameter",
      "Id": "yet2",
      "FadeInTime": -1.0,
      "FadeOutTime": -1.0,
      "Segments": [
        0,
        0,
        0,
        0.383,
        -1.138,
        0,
        1.15,
        1.138,
        0,
        1.9,
        -1.138,
        0,
        2.683,
        1.138,
        0,
        3.45,
        -1.138,
        0,
        4.167,
        1.138,
        0,
        4.933,
        -1.138,
        0,
        5.7,
        1.138,
        1,
        5.828,
        1.138,
        5.955,
        0.839,
        6.083,
        0.085,
        0,
        6.467,
        -1.138,
        0,
        7.233,
        1.138,
        0,
        7.983,
        -1.138,
        0,
        8.767,
        1.138,
        0,
        9.533,
        -1.138,
        0,
        10.25,
        1.138,
        0,
        11.017,
        -1.138,
        0,
        11.783,
        1.138,
        1,
        11.911,
        1.138,
        12.039,
        0.839,
        12.167,
        0.085,
        0,
        12.55,
        -1.138,
        0,
        13.317,
        1.138,
        0,
        14.067,
        0
      ]
    },
    {
      "Target": "Parameter",
      "Id": "touch_drag1",
      "FadeInTime": -1.0,
      "FadeOutTime": -1.0,
      "Segments": [
        0,
        0,
        0,
        14.067,
        0
      ]
    },
    {
      "Target": "Parameter",
      "Id": "touch_drag2",
      "FadeInTime": -1.0,
      "FadeOutTime": -1.0,
      "Segments": [
        0,
        0,
        0,
        14.067,
        0
      ]
    },
    {
      "Target": "Parameter",
      "Id": "touch_drag3",
      "FadeInTime": -1.0,
      "FadeOutTime": -1.0,
      "Segments": [
        0,
        0,
        0,
        14.067,
        0
      ]
    },
    {
      "Target": "Parameter",
      "Id": "touch_drag4",
      "FadeInTime": -1.0,
      "FadeOutTime": -1.0,
      "Segments": [
        0,
        0,
        0,
        14.067,
        0
      ]
    },
    {
      "Target": "Parameter",
      "Id": "touch_drag5",
      "FadeInTime": -1.0,
      "FadeOutTime": -1.0,
      "Segments": [
        0,
        0,
        0,
        14.067,
        0
      ]
    },
    {
      "Target": "Parameter",
      "Id": "touch_drag6",
      "FadeInTime": -1.0,
      "FadeOutTime": -1.0,
      "Segments": [
        0,
        0,
        0,
        14.067,
        0
      ]
    },
    {
      "Target": "Parameter",
      "Id": "touch_drag8",
      "FadeInTime": -1.0,
      "FadeOutTime": -1.0,
      "Segments": [
        0,
        0,
        0,
        14.067,
        0
      ]
    },
    {
      "Target": "Parameter",
      "Id": "touch_drag9",
      "FadeInTime": -1.0,
      "FadeOutTime": -1.0,
      "Segments": [
        0,
        0,
        0,
        14.067,
        0
      ]
    },
    {
      "Target": "Parameter",
      "Id": "sdwuli",
      "FadeInTime": -1.0,
      "FadeOutTime": -1.0,
      "Segments": [
        0,
        0,
        0,
        14.067,
        0
      ]
    },
    {
      "Target": "Parameter",
      "Id": "XXXXXXX2",
      "FadeInTime": -1.0,
      "FadeOutTime": -1.0,
      "Segments": [
        0,
        0,
        0,
        14.067,
        0
      ]
    },
    {
      "Target": "Parameter",
      "Id": "qianshuiqie",
      "FadeInTime": -1.0,
      "FadeOutTime": -1.0,
      "Segments": [
        0,
        0,
        0,
        14.067,
        0
      ]
    },
    {
      "Target": "Parameter",
      "Id": "dldh",
      "FadeInTime": -1.0,
      "FadeOutTime": -1.0,
      "Segments": [
        0,
        0,
        0,
        14.067,
        0
      ]
    },
    {
      "Target": "Parameter",
      "Id": "heiping",
      "FadeInTime": -1.0,
      "FadeOutTime": -1.0,
      "Segments": [
        0,
        0,
        0,
        14.067,
        0
      ]
    },
    {
      "Target": "Parameter",
      "Id": "liuxing",
      "FadeInTime": -1.0,
      "FadeOutTime": -1.0,
      "Segments": [
        0,
        0,
        0,
        14.067,
        0
      ]
    },
    {
      "Target": "Parameter",
      "Id": "houwxs",
      "FadeInTime": -1.0,
      "FadeOutTime": -1.0,
      "Segments": [
        0,
        1,
        0,
        14.067,
        1
      ]
    },
    {
      "Target": "Parameter",
      "Id": "XXXXXXX15",
      "FadeInTime": -1.0,
      "FadeOutTime": -1.0,
      "Segments": [
        0,
        0,
        0,
        14.067,
        0
      ]
    },
    {
      "Target": "Parameter",
      "Id": "jingtgb",
      "FadeInTime": -1.0,
      "FadeOutTime": -1.0,
      "Segments": [
        0,
        0,
        0,
        14.067,
        0
      ]
    },
    {
      "Target": "Parameter",
      "Id": "jingtgb2",
      "FadeInTime": -1.0,
      "FadeOutTime": -1.0,
      "Segments": [
        0,
        0,
        0,
        14.067,
        0
      ]
    },
    {
      "Target": "Parameter",
      "Id": "jingtgb3",
      "FadeInTime": -1.0,
      "FadeOutTime": -1.0,
      "Segments": [
        0,
        0,
        0,
        14.067,
        0
      ]
    },
    {
      "Target": "Parameter",
      "Id": "lvjing",
      "FadeInTime": -1.0,
      "FadeOutTime": -1.0,
      "Segments": [
        0,
        0,
        0,
        14.067,
        0
      ]
    },
    {
      "Target": "Parameter",
      "Id": "XXXXXXX16",
      "FadeInTime": -1.0,
      "FadeOutTime": -1.0,
      "Segments": [
        0,
        0,
        0,
        14.067,
        0
      ]
    },
    {
      "Target": "Parameter",
      "Id": "beijjuan",
      "FadeInTime": -1.0,
      "FadeOutTime": -1.0,
      "Segments": [
        0,
        0,
        0,
        14.067,
        0
      ]
    },
    {
      "Target": "Parameter",
      "Id": "Param2",
      "FadeInTime": -1.0,
      "FadeOutTime": -1.0,
      "Segments": [
        0,
        1,
        0,
        14.067,
        1
      ]
    },
    {
      "Target": "Parameter",
      "Id": "ParamEyeLSmile",
      "FadeInTime": -1.0,
      "FadeOutTime": -1.0,
      "Segments": [
        0,
        0,
        0,
        14.067,
        0
      ]
    },
    {
      "Target": "Parameter",
      "Id": "ParamBrowLForm",
      "FadeInTime": -1.0,
      "FadeOutTime": -1.0,
      "Segments": [
        0,
        0,
        0,
        14.067,
        0
      ]
    },
    {
      "Target": "Parameter",
      "Id": "ParamBrowLAngle",
      "FadeInTime": -1.0,
      "FadeOutTime": -1.0,
      "Segments": [
        0,
        0,
        0,
        14.067,
        0
      ]
    },
    {
      "Target": "Parameter",
      "Id": "lianh",
      "FadeInTime": -1.0,
      "FadeOutTime": -1.0,
      "Segments": [
        0,
        0,
        0,
        14.067,
        0
      ]
    },
    {
      "Target": "Parameter",
      "Id": "zuiyexs",
      "FadeInTime": -1.0,
      "FadeOutTime": -1.0,
      "Segments": [
        0,
        0,
        0,
        14.067,
        0
      ]
    },
    {
      "Target": "Parameter",
      "Id": "zuiytcj",
      "FadeInTime": -1.0,
      "FadeOutTime": -1.0,
      "Segments": [
        0,
        0,
        0,
        14.067,
        0
      ]
    },
    {
      "Target": "Parameter",
      "Id": "zytchi",
      "FadeInTime": -1.0,
      "FadeOutTime": -1.0,
      "Segments": [
        0,
        0,
        0,
        14.067,
        0
      ]
    },
    {
      "Target": "Parameter",
      "Id": "XXXXXXX14",
      "FadeInTime": -1.0,
      "FadeOutTime": -1.0,
      "Segments": [
        0,
        0,
        0,
        14.067,
        0
      ]
    },
    {
      "Target": "Parameter",
      "Id": "yaguan",
      "FadeInTime": -1.0,
      "FadeOutTime": -1.0,
      "Segments": [
        0,
        0,
        0,
        14.067,
        0
      ]
    },
    {
      "Target": "Parameter",
      "Id": "zuijiay",
      "FadeInTime": -1.0,
      "FadeOutTime": -1.0,
      "Segments": [
        0,
        0,
        0,
        14.067,
        0
      ]
    },
    {
      "Target": "Parameter",
      "Id": "tushe",
      "FadeInTime": -1.0,
      "FadeOutTime": -1.0,
      "Segments": [
        0,
        0,
        0,
        14.067,
        0
      ]
    },
    {
      "Target": "Parameter",
      "Id": "ParamMouthOpenY2",
      "FadeInTime": -1.0,
      "FadeOutTime": -1.0,
      "Segments": [
        0,
        0,
        0,
        14.067,
        0
      ]
    },
    {
      "Target": "Parameter",
      "Id": "shoudzq",
      "FadeInTime": -1.0,
      "FadeOutTime": -1.0,
      "Segments": [
        0,
        0,
        0,
        14.067,
        0
      ]
    },
    {
      "Target": "Parameter",
      "Id": "XXXXXXX3",
      "FadeInTime": -1.0,
      "FadeOutTime": -1.0,
      "Segments": [
        0,
        0,
        0,
        14.067,
        0
      ]
    },
    {
      "Target": "Parameter",
      "Id": "stsxz",
      "FadeInTime": -1.0,
      "FadeOutTime": -1.0,
      "Segments": [
        0,
        0,
        0,
        14.067,
        0
      ]
    },
    {
      "Target": "Parameter",
      "Id": "Rjiansx",
      "FadeInTime": -1.0,
      "FadeOutTime": -1.0,
      "Segments": [
        0,
        0,
        0,
        14.067,
        0
      ]
    },
    {
      "Target": "Parameter",
      "Id": "XXXXXXX8",
      "FadeInTime": -1.0,
      "FadeOutTime": -1.0,
      "Segments": [
        0,
        0,
        0,
        14.067,
        0
      ]
    },
    {
      "Target": "Parameter",
      "Id": "Lxiutz",
      "FadeInTime": -1.0,
      "FadeOutTime": -1.0,
      "Segments": [
        0,
        0,
        0,
        14.067,
        0
      ]
    },
    {
      "Target": "Parameter",
      "Id": "lmuzhi",
      "FadeInTime": -1.0,
      "FadeOutTime": -1.0,
      "Segments": [
        0,
        0,
        0,
        14.067,
        0
      ]
    },
    {
      "Target": "Parameter",
      "Id": "XXXXXXX10",
      "FadeInTime": -1.0,
      "FadeOutTime": -1.0,
      "Segments": [
        0,
        0,
        0,
        14.067,
        0
      ]
    },
    {
      "Target": "Parameter",
      "Id": "tuosais",
      "FadeInTime": -1.0,
      "FadeOutTime": -1.0,
      "Segments": [
        0,
        0,
        0,
        14.067,
        0
      ]
    },
    {
      "Target": "Parameter",
      "Id": "Ltaihou",
      "FadeInTime": -1.0,
      "FadeOutTime": -1.0,
      "Segments": [
        0,
        0,
        0,
        14.067,
        0
      ]
    },
    {
      "Target": "Parameter",
      "Id": "Lhezhang",
      "FadeInTime": -1.0,
      "FadeOutTime": -1.0,
      "Segments": [
        0,
        0,
        0,
        14.067,
        0
      ]
    },
    {
      "Target": "Parameter",
      "Id": "XXXXXXX12",
      "FadeInTime": -1.0,
      "FadeOutTime": -1.0,
      "Segments": [
        0,
        0,
        0,
        14.067,
        0
      ]
    },
    {
      "Target": "Parameter",
      "Id": "shoujbxs",
      "FadeInTime": -1.0,
      "FadeOutTime": -1.0,
      "Segments": [
        0,
        0,
        0,
        14.067,
        0
      ]
    },
    {
      "Target": "Parameter",
      "Id": "shoujbxz",
      "FadeInTime": -1.0,
      "FadeOutTime": -1.0,
      "Segments": [
        0,
        0,
        0,
        14.067,
        0
      ]
    },
    {
      "Target": "Parameter",
      "Id": "shoujbsx",
      "FadeInTime": -1.0,
      "FadeOutTime": -1.0,
      "Segments": [
        0,
        0,
        0,
        14.067,
        0
      ]
    },
    {
      "Target": "Parameter",
      "Id": "shoujbY",
      "FadeInTime": -1.0,
      "FadeOutTime": -1.0,
      "Segments": [
        0,
        0,
        0,
        14.067,
        0
      ]
    },
    {
      "Target": "Parameter",
      "Id": "jishouying1",
      "FadeInTime": -1.0,
      "FadeOutTime": -1.0,
      "Segments": [
        0,
        0,
        0,
        14.067,
        0
      ]
    },
    {
      "Target": "Parameter",
      "Id": "jishouying2",
      "FadeInTime": -1.0,
      "FadeOutTime": -1.0,
      "Segments": [
        0,
        0,
        0,
        14.067,
        0
      ]
    },
    {
      "Target": "Parameter",
      "Id": "XXXXXXX13",
      "FadeInTime": -1.0,
      "FadeOutTime": -1.0,
      "Segments": [
        0,
        0,
        0,
        14.067,
        0
      ]
    },
    {
      "Target": "Parameter",
      "Id": "shouxinxs",
      "FadeInTime": -1.0,
      "FadeOutTime": -1.0,
      "Segments": [
        0,
        0,
        0,
        14.067,
        0
      ]
    },
    {
      "Target": "Parameter",
      "Id": "shouxinxz",
      "FadeInTime": -1.0,
      "FadeOutTime": -1.0,
      "Segments": [
        0,
        0,
        0,
        14.067,
        0
      ]
    },
    {
      "Target": "Parameter",
      "Id": "shouxin1",
      "FadeInTime": -1.0,
      "FadeOutTime": -1.0,
      "Segments": [
        0,
        0,
        0,
        14.067,
        0
      ]
    },
    {
      "Target": "Parameter",
      "Id": "shouxin2",
      "FadeInTime": -1.0,
      "FadeOutTime": -1.0,
      "Segments": [
        0,
        0,
        0,
        14.067,
        0
      ]
    },
    {
      "Target": "Parameter",
      "Id": "XXXXXXX7",
      "FadeInTime": -1.0,
      "FadeOutTime": -1.0,
      "Segments": [
        0,
        0,
        0,
        14.067,
        0
      ]
    },
    {
      "Target": "Parameter",
      "Id": "Rxiaobicj",
      "FadeInTime": -1.0,
      "FadeOutTime": -1.0,
      "Segments": [
        0,
        0,
        0,
        14.067,
        0
      ]
    },
    {
      "Target": "Parameter",
      "Id": "Rshoudh2",
      "FadeInTime": -1.0,
      "FadeOutTime": -1.0,
      "Segments": [
        0,
        0,
        0,
        14.067,
        0
      ]
    },
    {
      "Target": "Parameter",
      "Id": "Rmuzhi",
      "FadeInTime": -1.0,
      "FadeOutTime": -1.0,
      "Segments": [
        0,
        0,
        0,
        14.067,
        0
      ]
    },
    {
      "Target": "Parameter",
      "Id": "XXXXXXX6",
      "FadeInTime": -1.0,
      "FadeOutTime": -1.0,
      "Segments": [
        0,
        0,
        0,
        14.067,
        0
      ]
    },
    {
      "Target": "Parameter",
      "Id": "rmoshou",
      "FadeInTime": -1.0,
      "FadeOutTime": -1.0,
      "Segments": [
        0,
        1,
        0,
        14.067,
        1
      ]
    },
    {
      "Target": "Parameter",
      "Id": "liaofsou",
      "FadeInTime": -1.0,
      "FadeOutTime": -1.0,
      "Segments": [
        0,
        0,
        0,
        14.067,
        0
      ]
    },
    {
      "Target": "Parameter",
      "Id": "Rzhangshou",
      "FadeInTime": -1.0,
      "FadeOutTime": -1.0,
      "Segments": [
        0,
        0,
        0,
        14.067,
        0
      ]
    },
    {
      "Target": "Parameter",
      "Id": "Rtaoeshou",
      "FadeInTime": -1.0,
      "FadeOutTime": -1.0,
      "Segments": [
        0,
        0,
        0,
        14.067,
        0
      ]
    },
    {
      "Target": "Parameter",
      "Id": "chuotaoshou",
      "FadeInTime": -1.0,
      "FadeOutTime": -1.0,
      "Segments": [
        0,
        0,
        0,
        14.067,
        0
      ]
    },
    {
      "Target": "Parameter",
      "Id": "rhezhgn",
      "FadeInTime": -1.0,
      "FadeOutTime": -1.0,
      "Segments": [
        0,
        0,
        0,
        14.067,
        0
      ]
    },
    {
      "Target": "Parameter",
      "Id": "shouytxs",
      "FadeInTime": -1.0,
      "FadeOutTime": -1.0,
      "Segments": [
        0,
        0,
        0,
        14.067,
        0
      ]
    },
    {
      "Target": "Parameter",
      "Id": "shouytxz",
      "FadeInTime": -1.0,
      "FadeOutTime": -1.0,
      "Segments": [
        0,
        0,
        0,
        14.067,
        0
      ]
    },
    {
      "Target": "Parameter",
      "Id": "rtuiying",
      "FadeInTime": -1.0,
      "FadeOutTime": -1.0,
      "Segments": [
        0,
        0,
        0,
        14.067,
        0
      ]
    },
    {
      "Target": "Parameter",
      "Id": "jiupsz",
      "FadeInTime": -1.0,
      "FadeOutTime": -1.0,
      "Segments": [
        0,
        0,
        0,
        14.067,
        0
      ]
    },
    {
      "Target": "Parameter",
      "Id": "XXXXXXX5",
      "FadeInTime": -1.0,
      "FadeOutTime": -1.0,
      "Segments": [
        0,
        0,
        0,
        14.067,
        0
      ]
    },
    {
      "Target": "Parameter",
      "Id": "jiupf",
      "FadeInTime": -1.0,
      "FadeOutTime": -1.0,
      "Segments": [
        0,
        0,
        0,
        14.067,
        0
      ]
    },
    {
      "Target": "Parameter",
      "Id": "jiupsx",
      "FadeInTime": -1.0,
      "FadeOutTime": -1.0,
      "Segments": [
        0,
        0,
        0,
        14.067,
        0
      ]
    },
    {
      "Target": "Parameter",
      "Id": "jisjohu",
      "FadeInTime": -1.0,
      "FadeOutTime": -1.0,
      "Segments": [
        0,
        0,
        0,
        14.067,
        0
      ]
    },
    {
      "Target": "Parameter",
      "Id": "jihoushou",
      "FadeInTime": -1.0,
      "FadeOutTime": -1.0,
      "Segments": [
        0,
        0,
        0,
        14.067,
        0
      ]
    },
    {
      "Target": "Parameter",
      "Id": "jishouna",
      "FadeInTime": -1.0,
      "FadeOutTime": -1.0,
      "Segments": [
        0,
        0,
        0,
        14.067,
        0
      ]
    },
    {
      "Target": "Parameter",
      "Id": "jixinfengxs",
      "FadeInTime": -1.0,
      "FadeOutTime": -1.0,
      "Segments": [
        0,
        0,
        0,
        14.067,
        0
      ]
    },
    {
      "Target": "Parameter",
      "Id": "jixfy",
      "FadeInTime": -1.0,
      "FadeOutTime": -1.0,
      "Segments": [
        0,
        0,
        0,
        14.067,
        0
      ]
    },
    {
      "Target": "Parameter",
      "Id": "shoujbyz",
      "FadeInTime": -1.0,
      "FadeOutTime": -1.0,
      "Segments": [
        0,
        0,
        0,
        14.067,
        0
      ]
    },
    {
      "Target": "Parameter",
      "Id": "jiubgg",
      "FadeInTime": -1.0,
      "FadeOutTime": -1.0,
      "Segments": [
        0,
        1,
        0,
        14.067,
        1
      ]
    },
    {
      "Target": "Parameter",
      "Id": "XXXXXXX17",
      "FadeInTime": -1.0,
      "FadeOutTime": -1.0,
      "Segments": [
        0,
        0,
        0,
        14.067,
        0
      ]
    },
    {
      "Target": "Parameter",
      "Id": "MB_yanwubaozha",
      "FadeInTime": -1.0,
      "FadeOutTime": -1.0,
      "Segments": [
        0,
        0,
        0,
        14.067,
        0
      ]
    },
    {
      "Target": "Parameter",
      "Id": "tangjichu",
      "FadeInTime": -1.0,
      "FadeOutTime": -1.0,
      "Segments": [
        0,
        0,
        0,
        14.067,
        0
      ]
    },
    {
      "Target": "Parameter",
      "Id": "tangjibq",
      "FadeInTime": -1.0,
      "FadeOutTime": -1.0,
      "Segments": [
        0,
        0,
        0,
        14.067,
        0
      ]
    },
    {
      "Target": "Parameter",
      "Id": "tangjidm",
      "FadeInTime": -1.0,
      "FadeOutTime": -1.0,
      "Segments": [
        0,
        0,
        0,
        14.067,
        0
      ]
    },
    {
      "Target": "Parameter",
      "Id": "tangjidm2",
      "FadeInTime": -1.0,
      "FadeOutTime": -1.0,
      "Segments": [
        0,
        0,
        0,
        14.067,
        0
      ]
    },
    {
      "Target": "Parameter",
      "Id": "tangjiX",
      "FadeInTime": -1.0,
      "FadeOutTime": -1.0,
      "Segments": [
        0,
        0,
        0,
        14.067,
        0
      ]
    },
    {
      "Target": "Parameter",
      "Id": "tangjiY",
      "FadeInTime": -1.0,
      "FadeOutTime": -1.0,
      "Segments": [
        0,
        0,
        0,
        14.067,
        0
      ]
    },
    {
      "Target": "Parameter",
      "Id": "XXXXXXX18",
      "FadeInTime": -1.0,
      "FadeOutTime": -1.0,
      "Segments": [
        0,
        0,
        0,
        14.067,
        0
      ]
    }
  ],
  "UserData": [
    {
      "Time": 0.0,
      "Value": ""
    },
    {
      "Time": 0.0,
      "Value": ""
    },
    {
      "Time": 13.567,
      "Value": ""
    }
  ]
}