{
  "Version": 3,
  "Meta": {
    "Duration": 13.333,
    "Fps": 60.0,
    "Loop": true,
    "AreBeziersRestricted": true,
    "FadeInTime": 0.0,
    "FadeOutTime": 0.0,
    "CurveCount": 157,
    "TotalSegmentCount": 387,
    "TotalPointCount": 503,
    "UserDataCount": 1,
    "TotalUserDataSize": 0
  },
  "Curves": [
    {
      "Target": "Parameter",
      "Id": "sdwuli",
      "FadeInTime": -1.0,
      "FadeOutTime": -1.0,
      "Segments": [
        0,
        0,
        0,
        0.833,
        10,
        0,
        1.733,
        0,
        0,
        2.8,
        10,
        0,
        3.717,
        0,
        0,
        4.783,
        10,
        0,
        5.783,
        0,
        2,
        6.667,
        0,
        0,
        7.5,
        10,
        0,
        8.4,
        0,
        0,
        9.467,
        10,
        0,
        10.383,
        0,
        0,
        11.45,
        10,
        0,
        12.45,
        0,
        2,
        13.333,
        0
      ]
    },
    {
      "Target": "Parameter",
      "Id": "ParamEyeLOpen",
      "FadeInTime": -1.0,
      "FadeOutTime": -1.0,
      "Segments": [
        0,
        1,
        2,
        2.917,
        1,
        0,
        4.167,
        0.8,
        2,
        5.117,
        0.8,
        0,
        5.533,
        0,
        0,
        5.95,
        1,
        2,
        6.667,
        1,
        2,
        9.583,
        1,
        0,
        10.833,
        0.8,
        2,
        11.783,
        0.8,
        0,
        12.2,
        0,
        0,
        12.617,
        1,
        2,
        13.333,
        1
      ]
    },
    {
      "Target": "Parameter",
      "Id": "ParamAngleX",
      "FadeInTime": -1.0,
      "FadeOutTime": -1.0,
      "Segments": [
        0,
        0,
        1,
        0.728,
        0,
        1.455,
        0.762,
        2.183,
        4,
        1,
        2.711,
        6.348,
        3.239,
        9,
        3.767,
        9,
        1,
        4.306,
        9,
        4.844,
        7.16,
        5.383,
        3.82,
        1,
        5.811,
        1.168,
        6.239,
        0,
        6.667,
        0,
        1,
        7.395,
        0,
        8.122,
        0.762,
        8.85,
        4,
        1,
        9.378,
        6.348,
        9.905,
        9,
        10.433,
        9,
        1,
        10.972,
        9,
        11.511,
        7.16,
        12.05,
        3.82,
        1,
        12.478,
        1.168,
        12.905,
        0,
        13.333,
        0
      ]
    },
    {
      "Target": "Parameter",
      "Id": "ParamAngleY",
      "FadeInTime": -1.0,
      "FadeOutTime": -1.0,
      "Segments": [
        0,
        0,
        0,
        2,
        -8,
        1,
        2.528,
        -8,
        3.055,
        -5.811,
        3.583,
        -1,
        1,
        4.122,
        3.913,
        4.661,
        6.6,
        5.2,
        6.6,
        1,
        5.689,
        6.6,
        6.178,
        4.104,
        6.667,
        0,
        1,
        7.334,
        -5.596,
        8,
        -8,
        8.667,
        -8,
        1,
        9.195,
        -8,
        9.722,
        -5.811,
        10.25,
        -1,
        1,
        10.789,
        3.913,
        11.328,
        6.6,
        11.867,
        6.6,
        0,
        13.333,
        0
      ]
    },
    {
      "Target": "Parameter",
      "Id": "touZ",
      "FadeInTime": -1.0,
      "FadeOutTime": -1.0,
      "Segments": [
        0,
        0,
        0,
        1.933,
        -6,
        0,
        5,
        3,
        1,
        5.556,
        3,
        6.111,
        2.582,
        6.667,
        0,
        1,
        7.311,
        -2.995,
        7.956,
        -6,
        8.6,
        -6,
        0,
        11.667,
        3,
        0,
        13.333,
        0
      ]
    },
    {
      "Target": "Parameter",
      "Id": "ParamAngleZ",
      "FadeInTime": -1.0,
      "FadeOutTime": -1.0,
      "Segments": [
        0,
        0,
        0,
        2.117,
        -3,
        0,
        5.183,
        1,
        1,
        5.678,
        1,
        6.172,
        0.964,
        6.667,
        0,
        1,
        7.372,
        -1.375,
        8.078,
        -3,
        8.783,
        -3,
        0,
        11.85,
        1,
        0,
        13.333,
        0
      ]
    },
    {
      "Target": "Parameter",
      "Id": "toufz",
      "FadeInTime": -1.0,
      "FadeOutTime": -1.0,
      "Segments": [
        0,
        0,
        0,
        1.933,
        -8,
        0,
        5,
        2,
        1,
        5.556,
        2,
        6.111,
        2.154,
        6.667,
        0,
        1,
        7.311,
        -2.498,
        7.956,
        -8,
        8.6,
        -8,
        0,
        11.667,
        2,
        0,
        13.333,
        0
      ]
    },
    {
      "Target": "Parameter",
      "Id": "ParamBodyAngleX",
      "FadeInTime": -1.0,
      "FadeOutTime": -1.0,
      "Segments": [
        0,
        0,
        0,
        1.933,
        1.14,
        0,
        5.1,
        -2.04,
        1,
        5.622,
        -2.04,
        6.145,
        -0.816,
        6.667,
        0,
        1,
        7.311,
        1.006,
        7.956,
        1.14,
        8.6,
        1.14,
        0,
        11.767,
        -2.04,
        0,
        13.333,
        0
      ]
    },
    {
      "Target": "Parameter",
      "Id": "ParamBodyAngleY",
      "FadeInTime": -1.0,
      "FadeOutTime": -1.0,
      "Segments": [
        0,
        0,
        0,
        1.767,
        -2.6,
        0,
        4.967,
        1.771,
        1,
        5.534,
        1.771,
        6.1,
        1.387,
        6.667,
        0,
        1,
        7.256,
        -1.442,
        7.844,
        -2.6,
        8.433,
        -2.6,
        0,
        11.633,
        1.771,
        0,
        13.333,
        0
      ]
    },
    {
      "Target": "Parameter",
      "Id": "shentixX",
      "FadeInTime": -1.0,
      "FadeOutTime": -1.0,
      "Segments": [
        0,
        0,
        0,
        3.333,
        -3.82,
        0,
        6.667,
        0,
        0,
        10,
        -3.82,
        0,
        13.333,
        0
      ]
    },
    {
      "Target": "Parameter",
      "Id": "Lsbxz",
      "FadeInTime": -1.0,
      "FadeOutTime": -1.0,
      "Segments": [
        0,
        0,
        0,
        2.133,
        0.42,
        1,
        3.072,
        0.42,
        4.011,
        0.421,
        4.95,
        0.36,
        1,
        5.522,
        0.323,
        6.095,
        0,
        6.667,
        0,
        0,
        8.8,
        0.42,
        1,
        9.739,
        0.42,
        10.678,
        0.421,
        11.617,
        0.36,
        1,
        12.189,
        0.323,
        12.761,
        0,
        13.333,
        0
      ]
    },
    {
      "Target": "Parameter",
      "Id": "Lxbxz",
      "FadeInTime": -1.0,
      "FadeOutTime": -1.0,
      "Segments": [
        0,
        0,
        0,
        2.25,
        -0.84,
        0,
        5.067,
        0.9,
        1,
        5.6,
        0.9,
        6.134,
        0.463,
        6.667,
        0,
        1,
        7.417,
        -0.651,
        8.167,
        -0.84,
        8.917,
        -0.84,
        0,
        11.733,
        0.9,
        0,
        13.333,
        0
      ]
    },
    {
      "Target": "Parameter",
      "Id": "Lshouxz",
      "FadeInTime": -1.0,
      "FadeOutTime": -1.0,
      "Segments": [
        0,
        0,
        0,
        2.383,
        3.3,
        1,
        3.322,
        3.3,
        4.261,
        2.587,
        5.2,
        1.14,
        1,
        5.689,
        0.387,
        6.178,
        0,
        6.667,
        0,
        0,
        9.05,
        3.3,
        1,
        9.989,
        3.3,
        10.928,
        2.587,
        11.867,
        1.14,
        1,
        12.356,
        0.387,
        12.844,
        0,
        13.333,
        0
      ]
    },
    {
      "Target": "Parameter",
      "Id": "Lshoudh",
      "FadeInTime": -1.0,
      "FadeOutTime": -1.0,
      "Segments": [
        0,
        0,
        0,
        2,
        -1,
        0,
        4.767,
        1,
        1,
        5.4,
        1,
        6.034,
        0.649,
        6.667,
        0,
        1,
        7.334,
        -0.683,
        8,
        -1,
        8.667,
        -1,
        0,
        11.433,
        1,
        0,
        13.333,
        0
      ]
    },
    {
      "Target": "Parameter",
      "Id": "Lshoudh2",
      "FadeInTime": -1.0,
      "FadeOutTime": -1.0,
      "Segments": [
        0,
        0,
        0,
        2.133,
        -1,
        0,
        4.9,
        1,
        1,
        5.489,
        1,
        6.078,
        0.599,
        6.667,
        0,
        1,
        7.378,
        -0.723,
        8.089,
        -1,
        8.8,
        -1,
        0,
        11.567,
        1,
        0,
        13.333,
        0
      ]
    },
    {
      "Target": "Parameter",
      "Id": "Rsbxz",
      "FadeInTime": -1.0,
      "FadeOutTime": -1.0,
      "Segments": [
        0,
        0,
        0,
        1.95,
        -0.42,
        0,
        4.767,
        1.882,
        1,
        5.4,
        1.882,
        6.034,
        0.444,
        6.667,
        0,
        1,
        7.317,
        -0.456,
        7.967,
        -0.42,
        8.617,
        -0.42,
        0,
        11.433,
        1.882,
        0,
        13.333,
        0
      ]
    },
    {
      "Target": "Parameter",
      "Id": "Rxbxz",
      "FadeInTime": -1.0,
      "FadeOutTime": -1.0,
      "Segments": [
        0,
        0,
        0,
        1.95,
        -0.54,
        0,
        4.767,
        0.588,
        1,
        5.4,
        0.588,
        6.034,
        0.37,
        6.667,
        0,
        1,
        7.317,
        -0.38,
        7.967,
        -0.54,
        8.617,
        -0.54,
        0,
        11.433,
        0.588,
        0,
        13.333,
        0
      ]
    },
    {
      "Target": "Parameter",
      "Id": "Rshouxz",
      "FadeInTime": -1.0,
      "FadeOutTime": -1.0,
      "Segments": [
        0,
        0,
        0,
        1.95,
        1.86,
        0,
        4.767,
        -1.466,
        1,
        5.4,
        -1.466,
        6.034,
        -1.082,
        6.667,
        0,
        1,
        7.317,
        1.111,
        7.967,
        1.86,
        8.617,
        1.86,
        0,
        11.433,
        -1.466,
        0,
        13.333,
        0
      ]
    },
    {
      "Target": "Parameter",
      "Id": "Ldatuixz",
      "FadeInTime": -1.0,
      "FadeOutTime": -1.0,
      "Segments": [
        0,
        0,
        0,
        2,
        0.54,
        0,
        4.933,
        -0.38,
        1,
        5.511,
        -0.38,
        6.089,
        -0.282,
        6.667,
        0,
        1,
        7.334,
        0.325,
        8,
        0.54,
        8.667,
        0.54,
        0,
        11.6,
        -0.38,
        0,
        13.333,
        0
      ]
    },
    {
      "Target": "Parameter",
      "Id": "Lxuiaotuixz",
      "FadeInTime": -1.0,
      "FadeOutTime": -1.0,
      "Segments": [
        0,
        0,
        0,
        2,
        -0.3,
        0,
        4.933,
        0.5,
        1,
        5.511,
        0.5,
        6.089,
        0.223,
        6.667,
        0,
        1,
        7.334,
        -0.257,
        8,
        -0.3,
        8.667,
        -0.3,
        0,
        11.6,
        0.5,
        0,
        13.333,
        0
      ]
    },
    {
      "Target": "Parameter",
      "Id": "jiupings1",
      "FadeInTime": -1.0,
      "FadeOutTime": -1.0,
      "Segments": [
        0,
        -2.002,
        0,
        0.667,
        2.002,
        0,
        1.333,
        -2.002,
        0,
        2,
        2.002,
        0,
        2.667,
        -2.002,
        0,
        3.333,
        2.002,
        0,
        4.017,
        -2.002,
        0,
        4.683,
        2.002,
        0,
        5.35,
        -2.002,
        0,
        6.017,
        2.002,
        0,
        6.667,
        -2.002,
        0,
        7.333,
        2.002,
        0,
        8,
        -2.002,
        0,
        8.667,
        2.002,
        0,
        9.333,
        -2.002,
        0,
        10,
        2.002,
        0,
        10.683,
        -2.002,
        0,
        11.35,
        2.002,
        0,
        12.017,
        -2.002,
        0,
        12.683,
        2.002,
        0,
        13.333,
        -2.002
      ]
    },
    {
      "Target": "Parameter",
      "Id": "jiupings2",
      "FadeInTime": -1.0,
      "FadeOutTime": -1.0,
      "Segments": [
        0,
        -0.149,
        1,
        0.111,
        0.819,
        0.222,
        2.002,
        0.333,
        2.002,
        0,
        1,
        -2.002,
        0,
        1.667,
        2.002,
        0,
        2.35,
        -2.002,
        0,
        3.017,
        2.002,
        0,
        3.683,
        -2.002,
        0,
        4.35,
        2.002,
        0,
        5.017,
        -2.002,
        0,
        5.683,
        2.002,
        0,
        6.367,
        -2.002,
        0,
        6.667,
        -0.149,
        1,
        6.778,
        0.819,
        6.889,
        2.002,
        7,
        2.002,
        0,
        7.667,
        -2.002,
        0,
        8.333,
        2.002,
        0,
        9.017,
        -2.002,
        0,
        9.683,
        2.002,
        0,
        10.35,
        -2.002,
        0,
        11.017,
        2.002,
        0,
        11.683,
        -2.002,
        0,
        12.35,
        2.002,
        0,
        13.033,
        -2.002,
        0,
        13.333,
        -0.149
      ]
    },
    {
      "Target": "Parameter",
      "Id": "jiupxz",
      "FadeInTime": -1.0,
      "FadeOutTime": -1.0,
      "Segments": [
        0,
        -0.024,
        1,
        0.278,
        -0.239,
        0.555,
        -0.501,
        0.833,
        -0.501,
        0,
        2.5,
        0.501,
        0,
        4.183,
        -0.501,
        0,
        5.85,
        0.501,
        0,
        6.667,
        -0.024,
        1,
        6.945,
        -0.239,
        7.222,
        -0.501,
        7.5,
        -0.501,
        0,
        9.167,
        0.501,
        0,
        10.85,
        -0.501,
        0,
        12.517,
        0.501,
        0,
        13.333,
        -0.024
      ]
    },
    {
      "Target": "Parameter",
      "Id": "jiX",
      "FadeInTime": -1.0,
      "FadeOutTime": -1.0,
      "Segments": [
        0,
        -0.998,
        0,
        1.65,
        0.998,
        0,
        3.333,
        -0.998,
        0,
        5.017,
        0.998,
        0,
        6.667,
        -0.998,
        0,
        8.317,
        0.998,
        0,
        10,
        -0.998,
        0,
        11.683,
        0.998,
        0,
        13.333,
        -0.998
      ]
    },
    {
      "Target": "Parameter",
      "Id": "jiY",
      "FadeInTime": -1.0,
      "FadeOutTime": -1.0,
      "Segments": [
        0,
        -0.12,
        1,
        0.278,
        0.834,
        0.555,
        2,
        0.833,
        2,
        0,
        2.5,
        -2,
        0,
        4.183,
        2,
        0,
        5.867,
        -2,
        0,
        6.667,
        -0.12,
        1,
        6.945,
        0.834,
        7.222,
        2,
        7.5,
        2,
        0,
        9.167,
        -2,
        0,
        10.85,
        2,
        0,
        12.533,
        -2,
        0,
        13.333,
        -0.12
      ]
    },
    {
      "Target": "Parameter",
      "Id": "jidaim1",
      "FadeInTime": -1.0,
      "FadeOutTime": -1.0,
      "Segments": [
        0,
        -5.009,
        0,
        1.667,
        5.009,
        0,
        3.333,
        -5.009,
        0,
        5,
        5.009,
        0,
        6.667,
        -5.009,
        0,
        8.333,
        5.009,
        0,
        10,
        -5.009,
        0,
        11.667,
        5.009,
        0,
        13.333,
        -5.009
      ]
    },
    {
      "Target": "Parameter",
      "Id": "jidaim2",
      "FadeInTime": -1.0,
      "FadeOutTime": -1.0,
      "Segments": [
        0,
        -0.15,
        1,
        0.283,
        2.172,
        0.567,
        5.009,
        0.85,
        5.009,
        0,
        2.517,
        -5.009,
        0,
        4.183,
        5.009,
        0,
        5.85,
        -5.009,
        0,
        6.667,
        -0.15,
        1,
        6.95,
        2.172,
        7.234,
        5.009,
        7.517,
        5.009,
        0,
        9.183,
        -5.009,
        0,
        10.85,
        5.009,
        0,
        12.517,
        -5.009,
        0,
        13.333,
        -0.15
      ]
    },
    {
      "Target": "Parameter",
      "Id": "yet1",
      "FadeInTime": -1.0,
      "FadeOutTime": -1.0,
      "Segments": [
        0,
        0,
        0,
        0.483,
        -1.138,
        0,
        1.3,
        1.138,
        0,
        2.133,
        -1.138,
        0,
        2.95,
        1.138,
        0,
        3.783,
        -1.138,
        0,
        4.583,
        1.138,
        0,
        5.417,
        -1.138,
        0,
        6.25,
        1.138,
        1,
        6.389,
        1.138,
        6.528,
        0.699,
        6.667,
        0,
        1,
        6.828,
        -0.81,
        6.989,
        -1.138,
        7.15,
        -1.138,
        0,
        7.967,
        1.138,
        0,
        8.8,
        -1.138,
        0,
        9.617,
        1.138,
        0,
        10.45,
        -1.138,
        0,
        11.25,
        1.138,
        0,
        12.083,
        -1.138,
        0,
        12.917,
        1.138,
        0,
        13.333,
        0
      ]
    },
    {
      "Target": "Parameter",
      "Id": "yet2",
      "FadeInTime": -1.0,
      "FadeOutTime": -1.0,
      "Segments": [
        0,
        0,
        0,
        0.9,
        1.138,
        0,
        1.717,
        -1.138,
        0,
        2.567,
        1.138,
        0,
        3.4,
        -1.138,
        0,
        4.167,
        1.138,
        0,
        5,
        -1.138,
        0,
        5.833,
        1.138,
        0,
        6.667,
        0,
        0,
        7.567,
        1.138,
        0,
        8.383,
        -1.138,
        0,
        9.233,
        1.138,
        0,
        10.067,
        -1.138,
        0,
        10.833,
        1.138,
        0,
        11.667,
        -1.138,
        0,
        12.5,
        1.138,
        0,
        13.333,
        0
      ]
    },
    {
      "Target": "Parameter",
      "Id": "kaungyic",
      "FadeInTime": -1.0,
      "FadeOutTime": -1.0,
      "Segments": [
        0,
        0,
        0,
        13.333,
        0
      ]
    },
    {
      "Target": "Parameter",
      "Id": "touch_drag1",
      "FadeInTime": -1.0,
      "FadeOutTime": -1.0,
      "Segments": [
        0,
        0,
        0,
        13.333,
        0
      ]
    },
    {
      "Target": "Parameter",
      "Id": "touch_drag2",
      "FadeInTime": -1.0,
      "FadeOutTime": -1.0,
      "Segments": [
        0,
        0,
        0,
        13.333,
        0
      ]
    },
    {
      "Target": "Parameter",
      "Id": "touch_drag3",
      "FadeInTime": -1.0,
      "FadeOutTime": -1.0,
      "Segments": [
        0,
        0,
        0,
        13.333,
        0
      ]
    },
    {
      "Target": "Parameter",
      "Id": "touch_drag4",
      "FadeInTime": -1.0,
      "FadeOutTime": -1.0,
      "Segments": [
        0,
        0,
        0,
        13.333,
        0
      ]
    },
    {
      "Target": "Parameter",
      "Id": "touch_drag5",
      "FadeInTime": -1.0,
      "FadeOutTime": -1.0,
      "Segments": [
        0,
        0,
        0,
        13.333,
        0
      ]
    },
    {
      "Target": "Parameter",
      "Id": "touch_drag6",
      "FadeInTime": -1.0,
      "FadeOutTime": -1.0,
      "Segments": [
        0,
        0,
        0,
        13.333,
        0
      ]
    },
    {
      "Target": "Parameter",
      "Id": "touch_drag8",
      "FadeInTime": -1.0,
      "FadeOutTime": -1.0,
      "Segments": [
        0,
        0,
        0,
        13.333,
        0
      ]
    },
    {
      "Target": "Parameter",
      "Id": "touch_drag9",
      "FadeInTime": -1.0,
      "FadeOutTime": -1.0,
      "Segments": [
        0,
        0,
        0,
        13.333,
        0
      ]
    },
    {
      "Target": "Parameter",
      "Id": "idle15qie",
      "FadeInTime": -1.0,
      "FadeOutTime": -1.0,
      "Segments": [
        0,
        0,
        0,
        13.333,
        0
      ]
    },
    {
      "Target": "Parameter",
      "Id": "XXXXXXX2",
      "FadeInTime": -1.0,
      "FadeOutTime": -1.0,
      "Segments": [
        0,
        0,
        0,
        13.333,
        0
      ]
    },
    {
      "Target": "Parameter",
      "Id": "xxzzx",
      "FadeInTime": -1.0,
      "FadeOutTime": -1.0,
      "Segments": [
        0,
        0,
        0,
        13.333,
        0
      ]
    },
    {
      "Target": "Parameter",
      "Id": "qianshuiqie",
      "FadeInTime": -1.0,
      "FadeOutTime": -1.0,
      "Segments": [
        0,
        0,
        0,
        13.333,
        0
      ]
    },
    {
      "Target": "Parameter",
      "Id": "dldh",
      "FadeInTime": -1.0,
      "FadeOutTime": -1.0,
      "Segments": [
        0,
        0,
        0,
        13.333,
        0
      ]
    },
    {
      "Target": "Parameter",
      "Id": "heikuang",
      "FadeInTime": -1.0,
      "FadeOutTime": -1.0,
      "Segments": [
        0,
        0,
        0,
        13.333,
        0
      ]
    },
    {
      "Target": "Parameter",
      "Id": "heiping",
      "FadeInTime": -1.0,
      "FadeOutTime": -1.0,
      "Segments": [
        0,
        0,
        0,
        13.333,
        0
      ]
    },
    {
      "Target": "Parameter",
      "Id": "liuxing",
      "FadeInTime": -1.0,
      "FadeOutTime": -1.0,
      "Segments": [
        0,
        0,
        0,
        13.333,
        0
      ]
    },
    {
      "Target": "Parameter",
      "Id": "renxs",
      "FadeInTime": -1.0,
      "FadeOutTime": -1.0,
      "Segments": [
        0,
        1,
        0,
        13.333,
        1
      ]
    },
    {
      "Target": "Parameter",
      "Id": "houwxs",
      "FadeInTime": -1.0,
      "FadeOutTime": -1.0,
      "Segments": [
        0,
        1,
        0,
        13.333,
        1
      ]
    },
    {
      "Target": "Parameter",
      "Id": "zhengtidx",
      "FadeInTime": -1.0,
      "FadeOutTime": -1.0,
      "Segments": [
        0,
        0,
        0,
        13.333,
        0
      ]
    },
    {
      "Target": "Parameter",
      "Id": "zhengtix",
      "FadeInTime": -1.0,
      "FadeOutTime": -1.0,
      "Segments": [
        0,
        0,
        0,
        13.333,
        0
      ]
    },
    {
      "Target": "Parameter",
      "Id": "zhengtiY",
      "FadeInTime": -1.0,
      "FadeOutTime": -1.0,
      "Segments": [
        0,
        0,
        0,
        13.333,
        0
      ]
    },
    {
      "Target": "Parameter",
      "Id": "XXXXXXX15",
      "FadeInTime": -1.0,
      "FadeOutTime": -1.0,
      "Segments": [
        0,
        0,
        0,
        13.333,
        0
      ]
    },
    {
      "Target": "Parameter",
      "Id": "texiaogb",
      "FadeInTime": -1.0,
      "FadeOutTime": -1.0,
      "Segments": [
        0,
        0,
        0,
        13.333,
        0
      ]
    },
    {
      "Target": "Parameter",
      "Id": "jingtgb",
      "FadeInTime": -1.0,
      "FadeOutTime": -1.0,
      "Segments": [
        0,
        0,
        0,
        13.333,
        0
      ]
    },
    {
      "Target": "Parameter",
      "Id": "jingtgb2",
      "FadeInTime": -1.0,
      "FadeOutTime": -1.0,
      "Segments": [
        0,
        0,
        0,
        13.333,
        0
      ]
    },
    {
      "Target": "Parameter",
      "Id": "jingtgb3",
      "FadeInTime": -1.0,
      "FadeOutTime": -1.0,
      "Segments": [
        0,
        0,
        0,
        13.333,
        0
      ]
    },
    {
      "Target": "Parameter",
      "Id": "lvjing",
      "FadeInTime": -1.0,
      "FadeOutTime": -1.0,
      "Segments": [
        0,
        0,
        0,
        13.333,
        0
      ]
    },
    {
      "Target": "Parameter",
      "Id": "baipingguang",
      "FadeInTime": -1.0,
      "FadeOutTime": -1.0,
      "Segments": [
        0,
        0,
        0,
        13.333,
        0
      ]
    },
    {
      "Target": "Parameter",
      "Id": "XXXXXXX16",
      "FadeInTime": -1.0,
      "FadeOutTime": -1.0,
      "Segments": [
        0,
        0,
        0,
        13.333,
        0
      ]
    },
    {
      "Target": "Parameter",
      "Id": "beijjuan",
      "FadeInTime": -1.0,
      "FadeOutTime": -1.0,
      "Segments": [
        0,
        0,
        0,
        13.333,
        0
      ]
    },
    {
      "Target": "Parameter",
      "Id": "Param2",
      "FadeInTime": -1.0,
      "FadeOutTime": -1.0,
      "Segments": [
        0,
        1,
        0,
        13.333,
        1
      ]
    },
    {
      "Target": "Parameter",
      "Id": "ParamEyeLSmile",
      "FadeInTime": -1.0,
      "FadeOutTime": -1.0,
      "Segments": [
        0,
        0,
        0,
        13.333,
        0
      ]
    },
    {
      "Target": "Parameter",
      "Id": "ParamEyeBallX",
      "FadeInTime": -1.0,
      "FadeOutTime": -1.0,
      "Segments": [
        0,
        0,
        0,
        13.333,
        0
      ]
    },
    {
      "Target": "Parameter",
      "Id": "ParamEyeBallY",
      "FadeInTime": -1.0,
      "FadeOutTime": -1.0,
      "Segments": [
        0,
        0,
        0,
        13.333,
        0
      ]
    },
    {
      "Target": "Parameter",
      "Id": "ParamBrowLForm",
      "FadeInTime": -1.0,
      "FadeOutTime": -1.0,
      "Segments": [
        0,
        0,
        0,
        13.333,
        0
      ]
    },
    {
      "Target": "Parameter",
      "Id": "ParamBrowLAngle",
      "FadeInTime": -1.0,
      "FadeOutTime": -1.0,
      "Segments": [
        0,
        0,
        0,
        13.333,
        0
      ]
    },
    {
      "Target": "Parameter",
      "Id": "lianh",
      "FadeInTime": -1.0,
      "FadeOutTime": -1.0,
      "Segments": [
        0,
        0,
        0,
        13.333,
        0
      ]
    },
    {
      "Target": "Parameter",
      "Id": "zuiyexs",
      "FadeInTime": -1.0,
      "FadeOutTime": -1.0,
      "Segments": [
        0,
        0,
        0,
        13.333,
        0
      ]
    },
    {
      "Target": "Parameter",
      "Id": "zuiytcj",
      "FadeInTime": -1.0,
      "FadeOutTime": -1.0,
      "Segments": [
        0,
        0,
        0,
        13.333,
        0
      ]
    },
    {
      "Target": "Parameter",
      "Id": "zytchi",
      "FadeInTime": -1.0,
      "FadeOutTime": -1.0,
      "Segments": [
        0,
        0,
        0,
        13.333,
        0
      ]
    },
    {
      "Target": "Parameter",
      "Id": "XXXXXXX14",
      "FadeInTime": -1.0,
      "FadeOutTime": -1.0,
      "Segments": [
        0,
        0,
        0,
        13.333,
        0
      ]
    },
    {
      "Target": "Parameter",
      "Id": "yaguan",
      "FadeInTime": -1.0,
      "FadeOutTime": -1.0,
      "Segments": [
        0,
        0,
        0,
        13.333,
        0
      ]
    },
    {
      "Target": "Parameter",
      "Id": "ParamMouthForm",
      "FadeInTime": -1.0,
      "FadeOutTime": -1.0,
      "Segments": [
        0,
        0,
        0,
        13.333,
        0
      ]
    },
    {
      "Target": "Parameter",
      "Id": "ParamMouthOpenY11",
      "FadeInTime": -1.0,
      "FadeOutTime": -1.0,
      "Segments": [
        0,
        0,
        0,
        13.333,
        0
      ]
    },
    {
      "Target": "Parameter",
      "Id": "zuijiay",
      "FadeInTime": -1.0,
      "FadeOutTime": -1.0,
      "Segments": [
        0,
        0,
        0,
        13.333,
        0
      ]
    },
    {
      "Target": "Parameter",
      "Id": "tushe",
      "FadeInTime": -1.0,
      "FadeOutTime": -1.0,
      "Segments": [
        0,
        0,
        0,
        13.333,
        0
      ]
    },
    {
      "Target": "Parameter",
      "Id": "ParamMouthOpenY2",
      "FadeInTime": -1.0,
      "FadeOutTime": -1.0,
      "Segments": [
        0,
        0,
        0,
        13.333,
        0
      ]
    },
    {
      "Target": "Parameter",
      "Id": "shoudzq",
      "FadeInTime": -1.0,
      "FadeOutTime": -1.0,
      "Segments": [
        0,
        0,
        0,
        13.333,
        0
      ]
    },
    {
      "Target": "Parameter",
      "Id": "bozss",
      "FadeInTime": -1.0,
      "FadeOutTime": -1.0,
      "Segments": [
        0,
        0,
        0,
        13.333,
        0
      ]
    },
    {
      "Target": "Parameter",
      "Id": "XXXXXXX3",
      "FadeInTime": -1.0,
      "FadeOutTime": -1.0,
      "Segments": [
        0,
        0,
        0,
        13.333,
        0
      ]
    },
    {
      "Target": "Parameter",
      "Id": "stsxz",
      "FadeInTime": -1.0,
      "FadeOutTime": -1.0,
      "Segments": [
        0,
        0,
        0,
        13.333,
        0
      ]
    },
    {
      "Target": "Parameter",
      "Id": "ParamBodyAngleZ",
      "FadeInTime": -1.0,
      "FadeOutTime": -1.0,
      "Segments": [
        0,
        0,
        0,
        13.333,
        0
      ]
    },
    {
      "Target": "Parameter",
      "Id": "Ljiansx",
      "FadeInTime": -1.0,
      "FadeOutTime": -1.0,
      "Segments": [
        0,
        0,
        0,
        13.333,
        0
      ]
    },
    {
      "Target": "Parameter",
      "Id": "Rjiansx",
      "FadeInTime": -1.0,
      "FadeOutTime": -1.0,
      "Segments": [
        0,
        0,
        0,
        13.333,
        0
      ]
    },
    {
      "Target": "Parameter",
      "Id": "Lshagbuiq",
      "FadeInTime": -1.0,
      "FadeOutTime": -1.0,
      "Segments": [
        0,
        0,
        0,
        13.333,
        0
      ]
    },
    {
      "Target": "Parameter",
      "Id": "XXXXXXX8",
      "FadeInTime": -1.0,
      "FadeOutTime": -1.0,
      "Segments": [
        0,
        0,
        0,
        13.333,
        0
      ]
    },
    {
      "Target": "Parameter",
      "Id": "Lxiaobibx",
      "FadeInTime": -1.0,
      "FadeOutTime": -1.0,
      "Segments": [
        0,
        0,
        0,
        13.333,
        0
      ]
    },
    {
      "Target": "Parameter",
      "Id": "Lshangbcd",
      "FadeInTime": -1.0,
      "FadeOutTime": -1.0,
      "Segments": [
        0,
        0,
        0,
        13.333,
        0
      ]
    },
    {
      "Target": "Parameter",
      "Id": "Lxbcd",
      "FadeInTime": -1.0,
      "FadeOutTime": -1.0,
      "Segments": [
        0,
        0,
        0,
        13.333,
        0
      ]
    },
    {
      "Target": "Parameter",
      "Id": "Lxiutz",
      "FadeInTime": -1.0,
      "FadeOutTime": -1.0,
      "Segments": [
        0,
        0,
        0,
        13.333,
        0
      ]
    },
    {
      "Target": "Parameter",
      "Id": "Lxiaobicj",
      "FadeInTime": -1.0,
      "FadeOutTime": -1.0,
      "Segments": [
        0,
        0,
        0,
        13.333,
        0
      ]
    },
    {
      "Target": "Parameter",
      "Id": "lmuzhi",
      "FadeInTime": -1.0,
      "FadeOutTime": -1.0,
      "Segments": [
        0,
        0,
        0,
        13.333,
        0
      ]
    },
    {
      "Target": "Parameter",
      "Id": "XXXXXXX10",
      "FadeInTime": -1.0,
      "FadeOutTime": -1.0,
      "Segments": [
        0,
        0,
        0,
        13.333,
        0
      ]
    },
    {
      "Target": "Parameter",
      "Id": "lmoshou",
      "FadeInTime": -1.0,
      "FadeOutTime": -1.0,
      "Segments": [
        0,
        1,
        0,
        13.333,
        1
      ]
    },
    {
      "Target": "Parameter",
      "Id": "tuosais",
      "FadeInTime": -1.0,
      "FadeOutTime": -1.0,
      "Segments": [
        0,
        0,
        0,
        13.333,
        0
      ]
    },
    {
      "Target": "Parameter",
      "Id": "Ltaihou",
      "FadeInTime": -1.0,
      "FadeOutTime": -1.0,
      "Segments": [
        0,
        0,
        0,
        13.333,
        0
      ]
    },
    {
      "Target": "Parameter",
      "Id": "Ltoushou",
      "FadeInTime": -1.0,
      "FadeOutTime": -1.0,
      "Segments": [
        0,
        0,
        0,
        13.333,
        0
      ]
    },
    {
      "Target": "Parameter",
      "Id": "Lhezhang",
      "FadeInTime": -1.0,
      "FadeOutTime": -1.0,
      "Segments": [
        0,
        0,
        0,
        13.333,
        0
      ]
    },
    {
      "Target": "Parameter",
      "Id": "XXXXXXX12",
      "FadeInTime": -1.0,
      "FadeOutTime": -1.0,
      "Segments": [
        0,
        0,
        0,
        13.333,
        0
      ]
    },
    {
      "Target": "Parameter",
      "Id": "shoujbxs",
      "FadeInTime": -1.0,
      "FadeOutTime": -1.0,
      "Segments": [
        0,
        0,
        0,
        13.333,
        0
      ]
    },
    {
      "Target": "Parameter",
      "Id": "shoujbxz",
      "FadeInTime": -1.0,
      "FadeOutTime": -1.0,
      "Segments": [
        0,
        0,
        0,
        13.333,
        0
      ]
    },
    {
      "Target": "Parameter",
      "Id": "shoujbsx",
      "FadeInTime": -1.0,
      "FadeOutTime": -1.0,
      "Segments": [
        0,
        0,
        0,
        13.333,
        0
      ]
    },
    {
      "Target": "Parameter",
      "Id": "shoujbY",
      "FadeInTime": -1.0,
      "FadeOutTime": -1.0,
      "Segments": [
        0,
        0,
        0,
        13.333,
        0
      ]
    },
    {
      "Target": "Parameter",
      "Id": "jishouying1",
      "FadeInTime": -1.0,
      "FadeOutTime": -1.0,
      "Segments": [
        0,
        0,
        0,
        13.333,
        0
      ]
    },
    {
      "Target": "Parameter",
      "Id": "jishouying2",
      "FadeInTime": -1.0,
      "FadeOutTime": -1.0,
      "Segments": [
        0,
        0,
        0,
        13.333,
        0
      ]
    },
    {
      "Target": "Parameter",
      "Id": "XXXXXXX13",
      "FadeInTime": -1.0,
      "FadeOutTime": -1.0,
      "Segments": [
        0,
        0,
        0,
        13.333,
        0
      ]
    },
    {
      "Target": "Parameter",
      "Id": "shouxinxs",
      "FadeInTime": -1.0,
      "FadeOutTime": -1.0,
      "Segments": [
        0,
        0,
        0,
        13.333,
        0
      ]
    },
    {
      "Target": "Parameter",
      "Id": "shouxinxz",
      "FadeInTime": -1.0,
      "FadeOutTime": -1.0,
      "Segments": [
        0,
        0,
        0,
        13.333,
        0
      ]
    },
    {
      "Target": "Parameter",
      "Id": "shouxin1",
      "FadeInTime": -1.0,
      "FadeOutTime": -1.0,
      "Segments": [
        0,
        0,
        0,
        13.333,
        0
      ]
    },
    {
      "Target": "Parameter",
      "Id": "shouxin2",
      "FadeInTime": -1.0,
      "FadeOutTime": -1.0,
      "Segments": [
        0,
        0,
        0,
        13.333,
        0
      ]
    },
    {
      "Target": "Parameter",
      "Id": "XXXXXXX7",
      "FadeInTime": -1.0,
      "FadeOutTime": -1.0,
      "Segments": [
        0,
        0,
        0,
        13.333,
        0
      ]
    },
    {
      "Target": "Parameter",
      "Id": "rxbbx",
      "FadeInTime": -1.0,
      "FadeOutTime": -1.0,
      "Segments": [
        0,
        0,
        0,
        13.333,
        0
      ]
    },
    {
      "Target": "Parameter",
      "Id": "Rshangbicd",
      "FadeInTime": -1.0,
      "FadeOutTime": -1.0,
      "Segments": [
        0,
        0,
        0,
        13.333,
        0
      ]
    },
    {
      "Target": "Parameter",
      "Id": "Rxiaobcd",
      "FadeInTime": -1.0,
      "FadeOutTime": -1.0,
      "Segments": [
        0,
        0,
        0,
        13.333,
        0
      ]
    },
    {
      "Target": "Parameter",
      "Id": "rxiaobiq",
      "FadeInTime": -1.0,
      "FadeOutTime": -1.0,
      "Segments": [
        0,
        0,
        0,
        13.333,
        0
      ]
    },
    {
      "Target": "Parameter",
      "Id": "Rxiaobicj",
      "FadeInTime": -1.0,
      "FadeOutTime": -1.0,
      "Segments": [
        0,
        0,
        0,
        13.333,
        0
      ]
    },
    {
      "Target": "Parameter",
      "Id": "Rshoudh1",
      "FadeInTime": -1.0,
      "FadeOutTime": -1.0,
      "Segments": [
        0,
        0,
        0,
        13.333,
        0
      ]
    },
    {
      "Target": "Parameter",
      "Id": "Rshoudh2",
      "FadeInTime": -1.0,
      "FadeOutTime": -1.0,
      "Segments": [
        0,
        0,
        0,
        13.333,
        0
      ]
    },
    {
      "Target": "Parameter",
      "Id": "Rmuzhi",
      "FadeInTime": -1.0,
      "FadeOutTime": -1.0,
      "Segments": [
        0,
        0,
        0,
        13.333,
        0
      ]
    },
    {
      "Target": "Parameter",
      "Id": "XXXXXXX6",
      "FadeInTime": -1.0,
      "FadeOutTime": -1.0,
      "Segments": [
        0,
        0,
        0,
        13.333,
        0
      ]
    },
    {
      "Target": "Parameter",
      "Id": "rmoshou",
      "FadeInTime": -1.0,
      "FadeOutTime": -1.0,
      "Segments": [
        0,
        1,
        0,
        13.333,
        1
      ]
    },
    {
      "Target": "Parameter",
      "Id": "liaofsou",
      "FadeInTime": -1.0,
      "FadeOutTime": -1.0,
      "Segments": [
        0,
        0,
        0,
        13.333,
        0
      ]
    },
    {
      "Target": "Parameter",
      "Id": "Rzhangshou",
      "FadeInTime": -1.0,
      "FadeOutTime": -1.0,
      "Segments": [
        0,
        0,
        0,
        13.333,
        0
      ]
    },
    {
      "Target": "Parameter",
      "Id": "Rtaoeshou",
      "FadeInTime": -1.0,
      "FadeOutTime": -1.0,
      "Segments": [
        0,
        0,
        0,
        13.333,
        0
      ]
    },
    {
      "Target": "Parameter",
      "Id": "chuotaoshou",
      "FadeInTime": -1.0,
      "FadeOutTime": -1.0,
      "Segments": [
        0,
        0,
        0,
        13.333,
        0
      ]
    },
    {
      "Target": "Parameter",
      "Id": "rhezhgn",
      "FadeInTime": -1.0,
      "FadeOutTime": -1.0,
      "Segments": [
        0,
        0,
        0,
        13.333,
        0
      ]
    },
    {
      "Target": "Parameter",
      "Id": "shouytxs",
      "FadeInTime": -1.0,
      "FadeOutTime": -1.0,
      "Segments": [
        0,
        0,
        0,
        13.333,
        0
      ]
    },
    {
      "Target": "Parameter",
      "Id": "shouytxz",
      "FadeInTime": -1.0,
      "FadeOutTime": -1.0,
      "Segments": [
        0,
        0,
        0,
        13.333,
        0
      ]
    },
    {
      "Target": "Parameter",
      "Id": "Ljiaoxz",
      "FadeInTime": -1.0,
      "FadeOutTime": -1.0,
      "Segments": [
        0,
        0,
        0,
        13.333,
        0
      ]
    },
    {
      "Target": "Parameter",
      "Id": "rtuiying",
      "FadeInTime": -1.0,
      "FadeOutTime": -1.0,
      "Segments": [
        0,
        0,
        0,
        13.333,
        0
      ]
    },
    {
      "Target": "Parameter",
      "Id": "jijazhe",
      "FadeInTime": -1.0,
      "FadeOutTime": -1.0,
      "Segments": [
        0,
        0,
        0,
        13.333,
        0
      ]
    },
    {
      "Target": "Parameter",
      "Id": "Rdatuixz",
      "FadeInTime": -1.0,
      "FadeOutTime": -1.0,
      "Segments": [
        0,
        0,
        0,
        13.333,
        0
      ]
    },
    {
      "Target": "Parameter",
      "Id": "Rxtxz",
      "FadeInTime": -1.0,
      "FadeOutTime": -1.0,
      "Segments": [
        0,
        0,
        0,
        13.333,
        0
      ]
    },
    {
      "Target": "Parameter",
      "Id": "Rjiaoxz",
      "FadeInTime": -1.0,
      "FadeOutTime": -1.0,
      "Segments": [
        0,
        0,
        0,
        13.333,
        0
      ]
    },
    {
      "Target": "Parameter",
      "Id": "jiupsz",
      "FadeInTime": -1.0,
      "FadeOutTime": -1.0,
      "Segments": [
        0,
        0,
        0,
        13.333,
        0
      ]
    },
    {
      "Target": "Parameter",
      "Id": "XXXXXXX5",
      "FadeInTime": -1.0,
      "FadeOutTime": -1.0,
      "Segments": [
        0,
        0,
        0,
        13.333,
        0
      ]
    },
    {
      "Target": "Parameter",
      "Id": "jiupf",
      "FadeInTime": -1.0,
      "FadeOutTime": -1.0,
      "Segments": [
        0,
        0,
        0,
        13.333,
        0
      ]
    },
    {
      "Target": "Parameter",
      "Id": "jiupsx",
      "FadeInTime": -1.0,
      "FadeOutTime": -1.0,
      "Segments": [
        0,
        0,
        0,
        13.333,
        0
      ]
    },
    {
      "Target": "Parameter",
      "Id": "jisjohu",
      "FadeInTime": -1.0,
      "FadeOutTime": -1.0,
      "Segments": [
        0,
        0,
        0,
        13.333,
        0
      ]
    },
    {
      "Target": "Parameter",
      "Id": "jihoushou",
      "FadeInTime": -1.0,
      "FadeOutTime": -1.0,
      "Segments": [
        0,
        0,
        0,
        13.333,
        0
      ]
    },
    {
      "Target": "Parameter",
      "Id": "jishouna",
      "FadeInTime": -1.0,
      "FadeOutTime": -1.0,
      "Segments": [
        0,
        0,
        0,
        13.333,
        0
      ]
    },
    {
      "Target": "Parameter",
      "Id": "jixinfengxs",
      "FadeInTime": -1.0,
      "FadeOutTime": -1.0,
      "Segments": [
        0,
        0,
        0,
        13.333,
        0
      ]
    },
    {
      "Target": "Parameter",
      "Id": "jixfy",
      "FadeInTime": -1.0,
      "FadeOutTime": -1.0,
      "Segments": [
        0,
        0,
        0,
        13.333,
        0
      ]
    },
    {
      "Target": "Parameter",
      "Id": "shoujbyz",
      "FadeInTime": -1.0,
      "FadeOutTime": -1.0,
      "Segments": [
        0,
        0,
        0,
        13.333,
        0
      ]
    },
    {
      "Target": "Parameter",
      "Id": "jiubgg",
      "FadeInTime": -1.0,
      "FadeOutTime": -1.0,
      "Segments": [
        0,
        1,
        0,
        13.333,
        1
      ]
    },
    {
      "Target": "Parameter",
      "Id": "XXXXXXX17",
      "FadeInTime": -1.0,
      "FadeOutTime": -1.0,
      "Segments": [
        0,
        0,
        0,
        13.333,
        0
      ]
    },
    {
      "Target": "Parameter",
      "Id": "MB_yanwubaozha",
      "FadeInTime": -1.0,
      "FadeOutTime": -1.0,
      "Segments": [
        0,
        0,
        0,
        13.333,
        0
      ]
    },
    {
      "Target": "Parameter",
      "Id": "tangjichu",
      "FadeInTime": -1.0,
      "FadeOutTime": -1.0,
      "Segments": [
        0,
        0,
        0,
        13.333,
        0
      ]
    },
    {
      "Target": "Parameter",
      "Id": "tangjibq",
      "FadeInTime": -1.0,
      "FadeOutTime": -1.0,
      "Segments": [
        0,
        0,
        0,
        13.333,
        0
      ]
    },
    {
      "Target": "Parameter",
      "Id": "tangjidm",
      "FadeInTime": -1.0,
      "FadeOutTime": -1.0,
      "Segments": [
        0,
        0,
        0,
        13.333,
        0
      ]
    },
    {
      "Target": "Parameter",
      "Id": "tangjidm2",
      "FadeInTime": -1.0,
      "FadeOutTime": -1.0,
      "Segments": [
        0,
        0,
        0,
        13.333,
        0
      ]
    },
    {
      "Target": "Parameter",
      "Id": "tangjiX",
      "FadeInTime": -1.0,
      "FadeOutTime": -1.0,
      "Segments": [
        0,
        0,
        0,
        13.333,
        0
      ]
    },
    {
      "Target": "Parameter",
      "Id": "tangjiY",
      "FadeInTime": -1.0,
      "FadeOutTime": -1.0,
      "Segments": [
        0,
        0,
        0,
        13.333,
        0
      ]
    },
    {
      "Target": "Parameter",
      "Id": "tangjzzxx",
      "FadeInTime": -1.0,
      "FadeOutTime": -1.0,
      "Segments": [
        0,
        0,
        0,
        13.333,
        0
      ]
    },
    {
      "Target": "Parameter",
      "Id": "paipgh",
      "FadeInTime": -1.0,
      "FadeOutTime": -1.0,
      "Segments": [
        0,
        0,
        0,
        13.333,
        0
      ]
    },
    {
      "Target": "Parameter",
      "Id": "XXXXXXX18",
      "FadeInTime": -1.0,
      "FadeOutTime": -1.0,
      "Segments": [
        0,
        0,
        0,
        13.333,
        0
      ]
    },
    {
      "Target": "Parameter",
      "Id": "ParamMouthOpenY",
      "FadeInTime": -1.0,
      "FadeOutTime": -1.0,
      "Segments": [
        0,
        0,
        0,
        13.333,
        0
      ]
    }
  ],
  "UserData": [
    {
      "Time": 0.0,
      "Value": ""
    }
  ]
}