{
  "Version": 3,
  "Meta": {
    "Duration": 13.283,
    "Fps": 60.0,
    "Loop": true,
    "AreBeziersRestricted": true,
    "FadeInTime": 0.0,
    "FadeOutTime": 0.0,
    "CurveCount": 152,
    "TotalSegmentCount": 927,
    "TotalPointCount": 1171,
    "UserDataCount": 3,
    "TotalUserDataSize": 0
  },
  "Curves": [
    {
      "Target": "Parameter",
      "Id": "xxzzx",
      "FadeInTime": -1.0,
      "FadeOutTime": -1.0,
      "Segments": [
        0,
        1,
        2,
        12.25,
        1,
        0,
        12.267,
        0,
        2,
        13.283,
        0
      ]
    },
    {
      "Target": "Parameter",
      "Id": "heikuang",
      "FadeInTime": -1.0,
      "FadeOutTime": -1.0,
      "Segments": [
        0,
        1,
        2,
        2.467,
        1,
        2,
        2.867,
        1,
        2,
        10.517,
        1,
        2,
        12.217,
        1,
        2,
        12.633,
        0,
        2,
        13.017,
        0,
        2,
        13.283,
        0
      ]
    },
    {
      "Target": "Parameter",
      "Id": "liuxing",
      "FadeInTime": -1.0,
      "FadeOutTime": -1.0,
      "Segments": [
        0,
        0,
        2,
        1.5,
        0,
        0,
        2.267,
        10,
        2,
        2.283,
        0,
        2,
        10.517,
        0,
        2,
        12.633,
        0,
        2,
        13.017,
        0,
        2,
        13.283,
        0
      ]
    },
    {
      "Target": "Parameter",
      "Id": "renxs",
      "FadeInTime": -1.0,
      "FadeOutTime": -1.0,
      "Segments": [
        0,
        0,
        2,
        2.467,
        0,
        2,
        2.867,
        0,
        2,
        2.883,
        1,
        2,
        10.517,
        1,
        2,
        12.633,
        1,
        2,
        13.017,
        1,
        2,
        13.283,
        1
      ]
    },
    {
      "Target": "Parameter",
      "Id": "houwxs",
      "FadeInTime": -1.0,
      "FadeOutTime": -1.0,
      "Segments": [
        0,
        1,
        2,
        2.467,
        1,
        0,
        2.867,
        0,
        2,
        2.883,
        1,
        2,
        10.517,
        1,
        2,
        12.633,
        1,
        2,
        13.017,
        1,
        2,
        13.283,
        1
      ]
    },
    {
      "Target": "Parameter",
      "Id": "zhengtidx",
      "FadeInTime": -1.0,
      "FadeOutTime": -1.0,
      "Segments": [
        0,
        20,
        2,
        2.867,
        20,
        2,
        2.883,
        15,
        1,
        3.483,
        15,
        4.083,
        15.226,
        4.683,
        15.692,
        2,
        4.7,
        26.98,
        2,
        7.933,
        26.98,
        0,
        9.283,
        23,
        2,
        10.517,
        23,
        2,
        12.25,
        23,
        2,
        12.267,
        0,
        2,
        12.633,
        0,
        2,
        13.017,
        0,
        2,
        13.283,
        0
      ]
    },
    {
      "Target": "Parameter",
      "Id": "zhengtix",
      "FadeInTime": -1.0,
      "FadeOutTime": -1.0,
      "Segments": [
        0,
        12.808,
        0,
        2.867,
        -9.992,
        2,
        2.883,
        0,
        1,
        3.483,
        3.699,
        4.083,
        7.301,
        4.683,
        11,
        2,
        4.7,
        27.86,
        1,
        4.939,
        27.922,
        5.178,
        27.951,
        5.417,
        27.951,
        1,
        5.678,
        27.951,
        5.939,
        27.874,
        6.2,
        27.8,
        1,
        6.472,
        27.723,
        6.745,
        27.708,
        7.017,
        27.708,
        0,
        7.933,
        27.86,
        0,
        9.283,
        8.1,
        1,
        9.694,
        8.1,
        10.106,
        8.561,
        10.517,
        9,
        1,
        10.822,
        9.326,
        11.128,
        9.36,
        11.433,
        9.36,
        1,
        11.705,
        9.36,
        11.978,
        9.302,
        12.25,
        9.18,
        2,
        12.267,
        0,
        2,
        12.633,
        0,
        2,
        13.017,
        0,
        2,
        13.283,
        0
      ]
    },
    {
      "Target": "Parameter",
      "Id": "zhengtiY",
      "FadeInTime": -1.0,
      "FadeOutTime": -1.0,
      "Segments": [
        0,
        -11.182,
        0,
        1.35,
        -10.749,
        0,
        2.867,
        -17.782,
        2,
        2.883,
        16,
        1,
        3.483,
        15.949,
        4.083,
        11.94,
        4.683,
        11.94,
        2,
        4.7,
        -7.98,
        1,
        4.972,
        -7.98,
        5.245,
        -7.902,
        5.517,
        -7.8,
        1,
        5.778,
        -7.702,
        6.039,
        -7.673,
        6.3,
        -7.673,
        0,
        7.117,
        -8.114,
        1,
        7.389,
        -8.114,
        7.661,
        -8.18,
        7.933,
        -7.98,
        0,
        9.283,
        -6,
        2,
        10.517,
        -6,
        0,
        11.367,
        -6.48,
        1,
        11.661,
        -6.48,
        11.956,
        -6.364,
        12.25,
        -6.12,
        2,
        12.267,
        0,
        2,
        12.633,
        0,
        2,
        13.017,
        0,
        2,
        13.283,
        0
      ]
    },
    {
      "Target": "Parameter",
      "Id": "XXXXXXX15",
      "FadeInTime": -1.0,
      "FadeOutTime": -1.0,
      "Segments": [
        0,
        1,
        2,
        2.467,
        1,
        2,
        2.867,
        1,
        2,
        10.517,
        1,
        2,
        12.25,
        1,
        0,
        12.633,
        0,
        2,
        13.017,
        0,
        2,
        13.283,
        0
      ]
    },
    {
      "Target": "Parameter",
      "Id": "texiaogb",
      "FadeInTime": -1.0,
      "FadeOutTime": -1.0,
      "Segments": [
        0,
        1,
        2,
        2.867,
        1,
        2,
        2.883,
        -1,
        2,
        12.25,
        -1,
        2,
        12.267,
        0,
        2,
        13.017,
        0,
        2,
        13.283,
        0
      ]
    },
    {
      "Target": "Parameter",
      "Id": "jingtgb",
      "FadeInTime": -1.0,
      "FadeOutTime": -1.0,
      "Segments": [
        0,
        0,
        2,
        2.467,
        0,
        2,
        2.867,
        0,
        2,
        2.883,
        0,
        0,
        3.267,
        7.7,
        0,
        3.667,
        2.2,
        0,
        4.567,
        6,
        0,
        4.867,
        1.3,
        0,
        5.4,
        6.5,
        1,
        5.544,
        6.5,
        5.689,
        4.942,
        5.833,
        2.9,
        1,
        5.989,
        0.701,
        6.144,
        0,
        6.3,
        0,
        2,
        6.9,
        0,
        0,
        7.383,
        7.7,
        1,
        7.566,
        7.7,
        7.75,
        2.484,
        7.933,
        2.2,
        1,
        9.028,
        0.507,
        10.122,
        0,
        11.217,
        0,
        0,
        12.167,
        6,
        1,
        12.267,
        6,
        12.367,
        3.593,
        12.467,
        1.3,
        1,
        12.522,
        0.026,
        12.578,
        0,
        12.633,
        0,
        2,
        13.017,
        0,
        2,
        13.283,
        0
      ]
    },
    {
      "Target": "Parameter",
      "Id": "jingtgb2",
      "FadeInTime": -1.0,
      "FadeOutTime": -1.0,
      "Segments": [
        0,
        0,
        2,
        2.467,
        0,
        2,
        2.867,
        0,
        2,
        2.883,
        0,
        0,
        2.983,
        6.9,
        0,
        3.25,
        0,
        2,
        3.533,
        0,
        0,
        3.6,
        4.6,
        0,
        3.95,
        0,
        0,
        4.183,
        3.4,
        0,
        4.267,
        0,
        0,
        4.667,
        8,
        0,
        4.867,
        2.9,
        0,
        4.983,
        5.5,
        0,
        5.1,
        0,
        2,
        5.317,
        0,
        0,
        5.467,
        2.4,
        0,
        6.15,
        0,
        2,
        6.65,
        0,
        0,
        6.983,
        6.9,
        0,
        7.367,
        0,
        2,
        7.8,
        0,
        0,
        8.083,
        4.6,
        0,
        8.433,
        0,
        2,
        11.217,
        0,
        2,
        11.55,
        0,
        0,
        11.783,
        3.4,
        0,
        11.867,
        0,
        0,
        12.267,
        8,
        1,
        12.334,
        8,
        12.4,
        5.696,
        12.467,
        2.9,
        1,
        12.522,
        0.57,
        12.578,
        0,
        12.633,
        0,
        2,
        13.017,
        0,
        2,
        13.283,
        0
      ]
    },
    {
      "Target": "Parameter",
      "Id": "jingtgb3",
      "FadeInTime": -1.0,
      "FadeOutTime": -1.0,
      "Segments": [
        0,
        0,
        2,
        2.467,
        0,
        2,
        2.867,
        0,
        2,
        2.883,
        0,
        0,
        3.25,
        10,
        0,
        3.267,
        0,
        2,
        3.75,
        0,
        0,
        4.183,
        10,
        0,
        4.2,
        0,
        2,
        4.983,
        0,
        0,
        5.417,
        10,
        0,
        5.433,
        0,
        2,
        6.75,
        0,
        0,
        7.1,
        10,
        1,
        7.106,
        10,
        7.111,
        0,
        7.117,
        0,
        2,
        8.017,
        0,
        2,
        11.217,
        0,
        2,
        11.35,
        0,
        0,
        11.783,
        10,
        1,
        11.789,
        10,
        11.794,
        0,
        11.8,
        0,
        2,
        12.45,
        0,
        2,
        12.633,
        0,
        2,
        13.017,
        0,
        2,
        13.283,
        0
      ]
    },
    {
      "Target": "Parameter",
      "Id": "lvjing",
      "FadeInTime": -1.0,
      "FadeOutTime": -1.0,
      "Segments": [
        0,
        0,
        2,
        2.467,
        0,
        2,
        2.867,
        0,
        2,
        2.883,
        0.3,
        2,
        10.517,
        0.3,
        2,
        12.25,
        0.3,
        0,
        12.633,
        0,
        2,
        13.017,
        0,
        2,
        13.283,
        0
      ]
    },
    {
      "Target": "Parameter",
      "Id": "baipingguang",
      "FadeInTime": -1.0,
      "FadeOutTime": -1.0,
      "Segments": [
        0,
        0,
        2,
        2.15,
        0,
        0,
        3.233,
        1,
        2,
        3.25,
        0,
        2,
        4.333,
        0,
        0,
        5.1,
        1,
        2,
        5.117,
        0,
        2,
        10.517,
        0,
        2,
        11.783,
        0,
        0,
        12.383,
        0.8,
        2,
        12.417,
        0.8,
        0,
        13.017,
        0,
        2,
        13.283,
        0
      ]
    },
    {
      "Target": "Parameter",
      "Id": "beijjuan",
      "FadeInTime": -1.0,
      "FadeOutTime": -1.0,
      "Segments": [
        0,
        1,
        2,
        2.467,
        1,
        2,
        2.867,
        1,
        2,
        2.883,
        0,
        2,
        10.517,
        0,
        2,
        12.25,
        0,
        2,
        12.633,
        0,
        2,
        13.017,
        0,
        2,
        13.283,
        0
      ]
    },
    {
      "Target": "Parameter",
      "Id": "ParamEyeLOpen",
      "FadeInTime": -1.0,
      "FadeOutTime": -1.0,
      "Segments": [
        0,
        1,
        2,
        6.817,
        1,
        0,
        7.933,
        0.7,
        2,
        8.65,
        0.7,
        0,
        9.7,
        1,
        0,
        10.033,
        0,
        2,
        10.133,
        0,
        0,
        10.433,
        1,
        2,
        12.25,
        1,
        2,
        12.267,
        1,
        2,
        12.633,
        1,
        2,
        13.017,
        1,
        2,
        13.283,
        1
      ]
    },
    {
      "Target": "Parameter",
      "Id": "ParamEyeBallX",
      "FadeInTime": -1.0,
      "FadeOutTime": -1.0,
      "Segments": [
        0,
        0,
        2,
        6.817,
        0,
        0,
        7.933,
        -0.8,
        1,
        8.172,
        -0.8,
        8.411,
        -0.682,
        8.65,
        -0.5,
        1,
        8.756,
        -0.42,
        8.861,
        -0.367,
        8.967,
        -0.3,
        1,
        9.072,
        -0.233,
        9.178,
        -0.2,
        9.283,
        -0.2,
        2,
        10.433,
        -0.2,
        2,
        12.25,
        -0.2,
        0,
        12.267,
        0,
        2,
        12.633,
        0,
        2,
        13.017,
        0,
        2,
        13.283,
        0
      ]
    },
    {
      "Target": "Parameter",
      "Id": "ParamEyeBallY",
      "FadeInTime": -1.0,
      "FadeOutTime": -1.0,
      "Segments": [
        0,
        0,
        2,
        6.817,
        0,
        0,
        7.933,
        -0.6,
        0,
        8.65,
        -0.4,
        0,
        8.967,
        -0.5,
        0,
        9.283,
        0,
        2,
        10.433,
        0,
        2,
        12.25,
        0,
        2,
        12.267,
        0,
        2,
        12.633,
        0,
        2,
        13.017,
        0,
        2,
        13.283,
        0
      ]
    },
    {
      "Target": "Parameter",
      "Id": "ParamMouthForm",
      "FadeInTime": -1.0,
      "FadeOutTime": -1.0,
      "Segments": [
        0,
        0,
        2,
        7.033,
        0,
        2,
        7.267,
        0,
        2,
        7.433,
        0,
        0,
        7.55,
        0.8,
        0,
        7.7,
        0,
        0,
        7.817,
        1,
        0,
        7.983,
        0,
        2,
        8.15,
        0,
        2,
        8.317,
        0,
        2,
        8.483,
        0,
        0,
        8.6,
        0.8,
        0,
        8.75,
        0,
        0,
        8.867,
        1,
        1,
        8.922,
        1,
        8.978,
        1,
        9.033,
        0.8,
        1,
        9.078,
        0.635,
        9.122,
        0,
        9.167,
        0,
        2,
        10.6,
        0,
        0,
        10.733,
        1,
        0,
        10.9,
        0,
        2,
        11.033,
        0,
        0,
        11.15,
        1,
        1,
        11.35,
        1,
        11.55,
        0.8,
        11.75,
        0,
        1,
        11.817,
        -0.267,
        11.883,
        -1,
        11.95,
        -1,
        1,
        12.017,
        -1,
        12.083,
        -0.536,
        12.15,
        0,
        1,
        12.244,
        0.759,
        12.339,
        1,
        12.433,
        1,
        0,
        12.617,
        0,
        2,
        12.633,
        0,
        2,
        13.017,
        0,
        2,
        13.283,
        0
      ]
    },
    {
      "Target": "Parameter",
      "Id": "ParamMouthOpenY11",
      "FadeInTime": -1.0,
      "FadeOutTime": -1.0,
      "Segments": [
        0,
        0,
        2,
        7.033,
        0,
        0,
        7.267,
        1,
        0,
        7.433,
        0,
        0,
        7.55,
        0.6,
        0,
        7.7,
        0,
        0,
        7.817,
        0.4,
        0,
        7.983,
        0,
        2,
        8.15,
        0,
        0,
        8.317,
        1,
        0,
        8.483,
        0,
        0,
        8.6,
        0.6,
        0,
        8.75,
        0,
        0,
        8.867,
        0.4,
        2,
        9.033,
        0.4,
        0,
        9.167,
        0,
        2,
        10.6,
        0,
        0,
        10.733,
        0.4,
        0,
        10.9,
        0,
        0,
        11.033,
        1,
        1,
        11.072,
        1,
        11.111,
        0.46,
        11.15,
        0.4,
        1,
        11.35,
        0.089,
        11.55,
        0,
        11.75,
        0,
        0,
        11.95,
        0.4,
        0,
        12.15,
        0,
        0,
        12.433,
        0.5,
        0,
        12.617,
        0,
        2,
        12.633,
        0,
        2,
        13.017,
        0,
        2,
        13.283,
        0
      ]
    },
    {
      "Target": "Parameter",
      "Id": "ParamAngleX",
      "FadeInTime": -1.0,
      "FadeOutTime": -1.0,
      "Segments": [
        0,
        0,
        2,
        6.817,
        0,
        0,
        8.033,
        -17,
        1,
        8.272,
        -17,
        8.511,
        -0.011,
        8.75,
        10,
        1,
        8.856,
        14.423,
        8.961,
        14.512,
        9.067,
        17,
        1,
        9.172,
        19.488,
        9.278,
        21,
        9.383,
        21,
        0,
        9.917,
        18,
        0,
        10.533,
        22.14,
        1,
        10.828,
        22.14,
        11.122,
        20.954,
        11.417,
        20,
        1,
        11.695,
        19.1,
        11.972,
        18.68,
        12.25,
        18,
        1,
        12.256,
        17.986,
        12.261,
        0,
        12.267,
        0,
        2,
        12.633,
        0,
        2,
        13.017,
        0,
        2,
        13.283,
        0
      ]
    },
    {
      "Target": "Parameter",
      "Id": "ParamAngleY",
      "FadeInTime": -1.0,
      "FadeOutTime": -1.0,
      "Segments": [
        0,
        0,
        2,
        6.817,
        0,
        0,
        8.033,
        -17,
        1,
        8.272,
        -17,
        8.511,
        -15.111,
        8.75,
        -6,
        1,
        8.856,
        -1.974,
        8.961,
        9.58,
        9.067,
        9.58,
        0,
        9.383,
        -13,
        0,
        9.917,
        -7,
        0,
        10.533,
        -13.78,
        0,
        11.417,
        -2,
        0,
        12.25,
        -7,
        0,
        12.267,
        0,
        2,
        12.633,
        0,
        2,
        13.017,
        0,
        2,
        13.283,
        0
      ]
    },
    {
      "Target": "Parameter",
      "Id": "touZ",
      "FadeInTime": -1.0,
      "FadeOutTime": -1.0,
      "Segments": [
        0,
        0,
        2,
        6.817,
        0,
        0,
        8.033,
        -6,
        2,
        8.75,
        -6,
        0,
        9.383,
        -10,
        0,
        9.917,
        -6,
        2,
        10.533,
        -6,
        2,
        12.25,
        -6,
        0,
        12.267,
        0,
        2,
        12.633,
        0,
        2,
        13.017,
        0,
        2,
        13.283,
        0
      ]
    },
    {
      "Target": "Parameter",
      "Id": "ParamAngleZ",
      "FadeInTime": -1.0,
      "FadeOutTime": -1.0,
      "Segments": [
        0,
        0,
        1,
        2.272,
        0,
        4.545,
        -4.37,
        6.817,
        -7.735,
        1,
        7.189,
        -8.286,
        7.561,
        -8,
        7.933,
        -8,
        0,
        8.65,
        -1,
        0,
        9.283,
        -4,
        2,
        10.433,
        -4,
        2,
        12.25,
        -4,
        0,
        12.267,
        0,
        2,
        12.633,
        0,
        2,
        13.017,
        0,
        2,
        13.283,
        0
      ]
    },
    {
      "Target": "Parameter",
      "Id": "toufz",
      "FadeInTime": -1.0,
      "FadeOutTime": -1.0,
      "Segments": [
        0,
        0,
        1,
        2.272,
        0,
        4.545,
        -4.058,
        6.817,
        -7,
        1,
        7.428,
        -7.791,
        8.039,
        -7.554,
        8.65,
        -8,
        1,
        8.861,
        -8.154,
        9.072,
        -23,
        9.283,
        -23,
        0,
        9.817,
        -18,
        2,
        10.433,
        -18,
        2,
        12.25,
        -18,
        0,
        12.267,
        0,
        2,
        12.633,
        0,
        2,
        13.017,
        0,
        2,
        13.283,
        0
      ]
    },
    {
      "Target": "Parameter",
      "Id": "ParamBodyAngleX",
      "FadeInTime": -1.0,
      "FadeOutTime": -1.0,
      "Segments": [
        0,
        0,
        2,
        6.817,
        0,
        0,
        8.033,
        -2,
        1,
        8.272,
        -2,
        8.511,
        -1.805,
        8.75,
        0,
        1,
        8.961,
        1.595,
        9.172,
        4,
        9.383,
        4,
        2,
        10.533,
        4,
        2,
        12.25,
        4,
        0,
        12.267,
        0,
        2,
        12.633,
        0,
        2,
        13.017,
        0,
        2,
        13.283,
        0
      ]
    },
    {
      "Target": "Parameter",
      "Id": "ParamBodyAngleY",
      "FadeInTime": -1.0,
      "FadeOutTime": -1.0,
      "Segments": [
        0,
        0,
        2,
        6.817,
        0,
        0,
        7.133,
        -4,
        1,
        7.255,
        -4,
        7.378,
        -0.288,
        7.5,
        2,
        1,
        7.644,
        4.704,
        7.789,
        5,
        7.933,
        5,
        1,
        8.172,
        5,
        8.411,
        3.525,
        8.65,
        0,
        1,
        8.861,
        -3.115,
        9.072,
        -5,
        9.283,
        -5,
        0,
        9.817,
        -3,
        1,
        10.022,
        -3,
        10.228,
        -4.101,
        10.433,
        -5,
        1,
        10.794,
        -6.58,
        11.156,
        -7,
        11.517,
        -7,
        1,
        11.761,
        -7,
        12.006,
        -6.362,
        12.25,
        -5,
        1,
        12.256,
        -4.969,
        12.261,
        0,
        12.267,
        0,
        2,
        12.633,
        0,
        2,
        13.017,
        0,
        2,
        13.283,
        0
      ]
    },
    {
      "Target": "Parameter",
      "Id": "shentixX",
      "FadeInTime": -1.0,
      "FadeOutTime": -1.0,
      "Segments": [
        0,
        0,
        1,
        2.306,
        0,
        4.611,
        -0.913,
        6.917,
        -3,
        1,
        7.022,
        -3.096,
        7.128,
        -6,
        7.233,
        -6,
        1,
        7.5,
        -6,
        7.766,
        -5.803,
        8.033,
        -4,
        1,
        8.272,
        -2.385,
        8.511,
        0,
        8.75,
        0,
        0,
        9.383,
        -3,
        1,
        9.561,
        -3,
        9.739,
        -1.903,
        9.917,
        0.567,
        1,
        10.122,
        3.423,
        10.328,
        5,
        10.533,
        5,
        0,
        11.433,
        0,
        0,
        12.25,
        5,
        0,
        12.267,
        0,
        2,
        12.633,
        0,
        2,
        13.017,
        0,
        2,
        13.283,
        0
      ]
    },
    {
      "Target": "Parameter",
      "Id": "ParamBodyAngleZ",
      "FadeInTime": -1.0,
      "FadeOutTime": -1.0,
      "Segments": [
        0,
        0,
        2,
        6.817,
        0,
        2,
        8.65,
        0,
        0,
        9.283,
        -1,
        2,
        10.433,
        -1,
        2,
        12.25,
        -1,
        0,
        12.267,
        0,
        2,
        12.633,
        0,
        2,
        13.017,
        0,
        2,
        13.283,
        0
      ]
    },
    {
      "Target": "Parameter",
      "Id": "Ljiansx",
      "FadeInTime": -1.0,
      "FadeOutTime": -1.0,
      "Segments": [
        0,
        0,
        2,
        6.817,
        0,
        2,
        8.65,
        0,
        0,
        9.283,
        -1,
        2,
        10.433,
        -1,
        0,
        11.517,
        8,
        0,
        12.25,
        -1,
        0,
        12.267,
        0,
        2,
        12.633,
        0,
        2,
        13.017,
        0,
        2,
        13.283,
        0
      ]
    },
    {
      "Target": "Parameter",
      "Id": "Lsbxz",
      "FadeInTime": -1.0,
      "FadeOutTime": -1.0,
      "Segments": [
        0,
        0,
        0,
        6.817,
        13,
        0,
        7.6,
        0.066,
        1,
        7.711,
        0.066,
        7.822,
        0.058,
        7.933,
        0.906,
        1,
        8.172,
        2.729,
        8.411,
        5.124,
        8.65,
        8.1,
        1,
        8.861,
        10.73,
        9.072,
        13.54,
        9.283,
        13.54,
        2,
        9.817,
        13.54,
        2,
        10.433,
        13.54,
        2,
        12.25,
        13.54,
        0,
        12.267,
        0,
        2,
        12.633,
        0,
        2,
        13.017,
        0,
        2,
        13.283,
        0
      ]
    },
    {
      "Target": "Parameter",
      "Id": "Lxbxz",
      "FadeInTime": -1.0,
      "FadeOutTime": -1.0,
      "Segments": [
        0,
        0,
        0,
        6.817,
        2.34,
        1,
        7.078,
        2.34,
        7.339,
        -2.609,
        7.6,
        -4.582,
        1,
        7.711,
        -5.422,
        7.822,
        -5.122,
        7.933,
        -5.122,
        1,
        8.172,
        -5.122,
        8.411,
        -0.646,
        8.65,
        7.92,
        1,
        8.894,
        16.685,
        9.139,
        20.88,
        9.383,
        20.88,
        0,
        9.917,
        19.74,
        0,
        10.533,
        19.92,
        0,
        11.467,
        19.02,
        0,
        12.25,
        19.92,
        1,
        12.256,
        19.92,
        12.261,
        0,
        12.267,
        0,
        2,
        12.633,
        0,
        2,
        13.017,
        0,
        2,
        13.283,
        0
      ]
    },
    {
      "Target": "Parameter",
      "Id": "Lshouxz",
      "FadeInTime": -1.0,
      "FadeOutTime": -1.0,
      "Segments": [
        0,
        0,
        0,
        6.817,
        11.4,
        0,
        7.6,
        7.68,
        1,
        7.711,
        7.68,
        7.822,
        8.893,
        7.933,
        10.86,
        1,
        8.172,
        15.09,
        8.411,
        17,
        8.65,
        17,
        1,
        8.922,
        17,
        9.195,
        14.09,
        9.467,
        12.2,
        1,
        9.645,
        10.966,
        9.822,
        11.06,
        10,
        11.06,
        1,
        10.206,
        11.06,
        10.411,
        11.434,
        10.617,
        12.02,
        1,
        10.928,
        12.907,
        11.239,
        13.28,
        11.55,
        13.28,
        1,
        11.783,
        13.28,
        12.017,
        12.879,
        12.25,
        12.02,
        1,
        12.256,
        12,
        12.261,
        0,
        12.267,
        0,
        2,
        12.633,
        0,
        2,
        13.017,
        0,
        2,
        13.283,
        0
      ]
    },
    {
      "Target": "Parameter",
      "Id": "Lxiaobibx",
      "FadeInTime": -1.0,
      "FadeOutTime": -1.0,
      "Segments": [
        0,
        0,
        2,
        6.817,
        0,
        0,
        7.933,
        -10,
        2,
        8.65,
        -10,
        2,
        9.283,
        -10,
        2,
        9.817,
        -10,
        2,
        10.433,
        -10,
        2,
        12.25,
        -10,
        1,
        12.256,
        -10,
        12.261,
        0,
        12.267,
        0,
        2,
        12.633,
        0,
        2,
        13.017,
        0,
        2,
        13.283,
        0
      ]
    },
    {
      "Target": "Parameter",
      "Id": "Lshangbcd",
      "FadeInTime": -1.0,
      "FadeOutTime": -1.0,
      "Segments": [
        0,
        0,
        2,
        6.817,
        0,
        2,
        7.933,
        0,
        2,
        8.65,
        0,
        0,
        9.283,
        3,
        2,
        9.817,
        3,
        2,
        10.433,
        3,
        2,
        12.25,
        3,
        0,
        12.267,
        0,
        2,
        12.633,
        0,
        2,
        13.017,
        0,
        2,
        13.283,
        0
      ]
    },
    {
      "Target": "Parameter",
      "Id": "Lxbcd",
      "FadeInTime": -1.0,
      "FadeOutTime": -1.0,
      "Segments": [
        0,
        0,
        2,
        6.817,
        0,
        0,
        7.6,
        -2,
        0,
        7.933,
        -1.563,
        1,
        8.172,
        -1.563,
        8.411,
        -3.829,
        8.65,
        -5,
        1,
        8.861,
        -6.035,
        9.072,
        -6,
        9.283,
        -6,
        2,
        9.817,
        -6,
        2,
        10.433,
        -6,
        2,
        12.25,
        -6,
        0,
        12.267,
        0,
        2,
        12.633,
        0,
        2,
        13.017,
        0,
        2,
        13.283,
        0
      ]
    },
    {
      "Target": "Parameter",
      "Id": "Lxiaobicj",
      "FadeInTime": -1.0,
      "FadeOutTime": -1.0,
      "Segments": [
        0,
        0,
        2,
        6.817,
        0,
        2,
        8.65,
        0,
        1,
        8.656,
        0,
        8.661,
        10,
        8.667,
        10,
        2,
        9.283,
        10,
        2,
        10.433,
        10,
        2,
        12.25,
        10,
        1,
        12.256,
        10,
        12.261,
        0,
        12.267,
        0,
        2,
        12.633,
        0,
        2,
        13.017,
        0,
        2,
        13.283,
        0
      ]
    },
    {
      "Target": "Parameter",
      "Id": "Lshoudh2",
      "FadeInTime": -1.0,
      "FadeOutTime": -1.0,
      "Segments": [
        0,
        0,
        2,
        6.817,
        0,
        2,
        7.6,
        0,
        1,
        7.711,
        0,
        7.822,
        -1.944,
        7.933,
        -4,
        1,
        8.172,
        -8.421,
        8.411,
        -10,
        8.65,
        -10,
        2,
        10.433,
        -10,
        2,
        12.25,
        -10,
        1,
        12.256,
        -10,
        12.261,
        0,
        12.267,
        0,
        2,
        12.633,
        0,
        2,
        13.017,
        0,
        2,
        13.283,
        0
      ]
    },
    {
      "Target": "Parameter",
      "Id": "shoujbxs",
      "FadeInTime": -1.0,
      "FadeOutTime": -1.0,
      "Segments": [
        0,
        0,
        2,
        6.817,
        0,
        2,
        7.6,
        0,
        2,
        7.933,
        0,
        0,
        7.95,
        1,
        2,
        10.433,
        1,
        2,
        12.25,
        1,
        0,
        12.267,
        0,
        2,
        12.633,
        0,
        2,
        13.017,
        0,
        2,
        13.283,
        0
      ]
    },
    {
      "Target": "Parameter",
      "Id": "shoujbxz",
      "FadeInTime": -1.0,
      "FadeOutTime": -1.0,
      "Segments": [
        0,
        0,
        1,
        2.272,
        0,
        4.545,
        2.142,
        6.817,
        4.63,
        1,
        7.189,
        5.038,
        7.561,
        4.91,
        7.933,
        4.91,
        1,
        7.939,
        4.91,
        7.944,
        4.647,
        7.95,
        4.63,
        1,
        8.022,
        4.405,
        8.095,
        4.486,
        8.167,
        4,
        1,
        8.328,
        2.916,
        8.489,
        0,
        8.65,
        0,
        2,
        10.433,
        0,
        2,
        12.25,
        0,
        2,
        12.267,
        0,
        2,
        12.633,
        0,
        2,
        13.017,
        0,
        2,
        13.283,
        0
      ]
    },
    {
      "Target": "Parameter",
      "Id": "Rsbxz",
      "FadeInTime": -1.0,
      "FadeOutTime": -1.0,
      "Segments": [
        0,
        0,
        2,
        6.817,
        0,
        2,
        7.367,
        0,
        1,
        7.472,
        0,
        7.578,
        -0.001,
        7.683,
        0.004,
        1,
        7.794,
        0.01,
        7.906,
        1.88,
        8.017,
        1.88,
        2,
        8.65,
        1.88,
        2,
        10.433,
        1.88,
        2,
        12.25,
        1.88,
        0,
        12.267,
        0,
        2,
        12.633,
        0,
        2,
        13.017,
        0,
        2,
        13.283,
        0
      ]
    },
    {
      "Target": "Parameter",
      "Id": "Rxbxz",
      "FadeInTime": -1.0,
      "FadeOutTime": -1.0,
      "Segments": [
        0,
        0,
        2,
        6.817,
        0,
        0,
        7.367,
        -0.9,
        0,
        8.017,
        15.96,
        2,
        8.65,
        15.96,
        2,
        10.433,
        15.96,
        2,
        12.25,
        15.96,
        1,
        12.256,
        15.96,
        12.261,
        0,
        12.267,
        0,
        2,
        12.633,
        0,
        2,
        13.017,
        0,
        2,
        13.283,
        0
      ]
    },
    {
      "Target": "Parameter",
      "Id": "Rshouxz",
      "FadeInTime": -1.0,
      "FadeOutTime": -1.0,
      "Segments": [
        0,
        0,
        2,
        6.817,
        0,
        0,
        7.367,
        -8.94,
        0,
        8.017,
        0,
        2,
        8.65,
        0,
        2,
        10.433,
        0,
        2,
        12.25,
        0,
        2,
        12.267,
        0,
        2,
        12.633,
        0,
        2,
        13.017,
        0,
        2,
        13.283,
        0
      ]
    },
    {
      "Target": "Parameter",
      "Id": "rxbbx",
      "FadeInTime": -1.0,
      "FadeOutTime": -1.0,
      "Segments": [
        0,
        0,
        2,
        6.817,
        0,
        2,
        7.367,
        0,
        0,
        8.017,
        10,
        2,
        8.65,
        10,
        2,
        10.433,
        10,
        2,
        12.25,
        10,
        1,
        12.256,
        10,
        12.261,
        0,
        12.267,
        0,
        2,
        12.633,
        0,
        2,
        13.017,
        0,
        2,
        13.283,
        0
      ]
    },
    {
      "Target": "Parameter",
      "Id": "Rxiaobcd",
      "FadeInTime": -1.0,
      "FadeOutTime": -1.0,
      "Segments": [
        0,
        0,
        2,
        6.817,
        0,
        2,
        7.367,
        0,
        0,
        7.683,
        -8,
        0,
        8.017,
        0,
        2,
        8.65,
        0,
        2,
        10.433,
        0,
        2,
        12.25,
        0,
        2,
        12.267,
        0,
        2,
        12.633,
        0,
        2,
        13.017,
        0,
        2,
        13.283,
        0
      ]
    },
    {
      "Target": "Parameter",
      "Id": "rxiaobiq",
      "FadeInTime": -1.0,
      "FadeOutTime": -1.0,
      "Segments": [
        0,
        0,
        2,
        6.817,
        0,
        2,
        7.367,
        0,
        0,
        7.683,
        1,
        2,
        8.017,
        1,
        2,
        8.65,
        1,
        2,
        10.433,
        1,
        2,
        12.25,
        1,
        0,
        12.267,
        0,
        2,
        12.633,
        0,
        2,
        13.017,
        0,
        2,
        13.283,
        0
      ]
    },
    {
      "Target": "Parameter",
      "Id": "Rshoudh1",
      "FadeInTime": -1.0,
      "FadeOutTime": -1.0,
      "Segments": [
        0,
        0,
        0,
        6.817,
        -1,
        0,
        7.367,
        10,
        0,
        8.65,
        0,
        2,
        10.433,
        0,
        2,
        12.25,
        0,
        2,
        12.267,
        0,
        2,
        12.633,
        0,
        2,
        13.017,
        0,
        2,
        13.283,
        0
      ]
    },
    {
      "Target": "Parameter",
      "Id": "Rshoudh2",
      "FadeInTime": -1.0,
      "FadeOutTime": -1.0,
      "Segments": [
        0,
        0,
        0,
        6.817,
        -10,
        2,
        7.367,
        -10,
        0,
        8.65,
        0,
        2,
        10.433,
        0,
        2,
        12.25,
        0,
        2,
        12.267,
        0,
        2,
        12.633,
        0,
        2,
        13.017,
        0,
        2,
        13.283,
        0
      ]
    },
    {
      "Target": "Parameter",
      "Id": "Ldatuixz",
      "FadeInTime": -1.0,
      "FadeOutTime": -1.0,
      "Segments": [
        0,
        0,
        2,
        6.817,
        0,
        2,
        8.65,
        0,
        0,
        9.283,
        -0.52,
        2,
        10.433,
        -0.52,
        2,
        12.25,
        -0.52,
        0,
        12.267,
        0,
        2,
        12.633,
        0,
        2,
        13.017,
        0,
        2,
        13.283,
        0
      ]
    },
    {
      "Target": "Parameter",
      "Id": "Lxuiaotuixz",
      "FadeInTime": -1.0,
      "FadeOutTime": -1.0,
      "Segments": [
        0,
        0,
        2,
        6.817,
        0,
        2,
        8.65,
        0,
        0,
        9.283,
        0.74,
        2,
        10.433,
        0.74,
        2,
        12.25,
        0.74,
        0,
        12.267,
        0,
        2,
        12.633,
        0,
        2,
        13.017,
        0,
        2,
        13.283,
        0
      ]
    },
    {
      "Target": "Parameter",
      "Id": "Rdatuixz",
      "FadeInTime": -1.0,
      "FadeOutTime": -1.0,
      "Segments": [
        0,
        0,
        2,
        6.817,
        0,
        2,
        8.65,
        0,
        0,
        9.283,
        0.6,
        2,
        10.433,
        0.6,
        2,
        12.25,
        0.6,
        0,
        12.267,
        0,
        2,
        12.633,
        0,
        2,
        13.017,
        0,
        2,
        13.283,
        0
      ]
    },
    {
      "Target": "Parameter",
      "Id": "Rxtxz",
      "FadeInTime": -1.0,
      "FadeOutTime": -1.0,
      "Segments": [
        0,
        0,
        2,
        6.817,
        0,
        2,
        8.65,
        0,
        0,
        9.283,
        0.72,
        2,
        10.433,
        0.72,
        2,
        12.25,
        0.72,
        0,
        12.267,
        0,
        2,
        12.633,
        0,
        2,
        13.017,
        0,
        2,
        13.283,
        0
      ]
    },
    {
      "Target": "Parameter",
      "Id": "jiupings1",
      "FadeInTime": -1.0,
      "FadeOutTime": -1.0,
      "Segments": [
        0,
        -2.002,
        0,
        4.85,
        -10,
        0,
        5.35,
        6.007,
        0,
        5.85,
        -6.007,
        0,
        6.35,
        6.007,
        0,
        6.85,
        -6.007,
        0,
        7.35,
        8.007,
        0,
        7.85,
        -10,
        0,
        8.35,
        10,
        0,
        8.85,
        -7.005,
        0,
        9.35,
        7.005,
        0,
        9.85,
        -7.005,
        0,
        12.25,
        0,
        2,
        12.267,
        0,
        0,
        12.633,
        -2.002,
        2,
        13.017,
        -2.002,
        2,
        13.283,
        -2.002
      ]
    },
    {
      "Target": "Parameter",
      "Id": "jiupings2",
      "FadeInTime": -1.0,
      "FadeOutTime": -1.0,
      "Segments": [
        0,
        -0.149,
        0,
        5.117,
        6.007,
        0,
        5.617,
        -6.007,
        0,
        6.117,
        6.007,
        0,
        6.617,
        -6.007,
        0,
        7.117,
        8.007,
        0,
        7.617,
        -10,
        0,
        8.117,
        10,
        0,
        8.617,
        -7.005,
        0,
        9.117,
        7.005,
        0,
        9.617,
        -7.005,
        0,
        10.117,
        7.005,
        0,
        12.25,
        0,
        2,
        12.267,
        0,
        0,
        12.633,
        -0.149,
        2,
        13.017,
        -0.149,
        2,
        13.283,
        -0.149
      ]
    },
    {
      "Target": "Parameter",
      "Id": "jiupxz",
      "FadeInTime": -1.0,
      "FadeOutTime": -1.0,
      "Segments": [
        0,
        -0.024,
        0,
        4.85,
        1.2,
        1,
        5.056,
        1.316,
        5.261,
        2.897,
        5.467,
        2.897,
        0,
        6.067,
        2,
        0,
        6.817,
        3.3,
        1,
        6.934,
        3.3,
        7.05,
        0.382,
        7.167,
        -1,
        1,
        7.322,
        -2.843,
        7.478,
        -3,
        7.633,
        -3,
        1,
        8.566,
        -3,
        9.5,
        -2.237,
        10.433,
        -0.717,
        1,
        10.728,
        -0.237,
        11.022,
        0,
        11.317,
        0,
        2,
        12.267,
        0,
        0,
        12.633,
        -0.024,
        2,
        13.017,
        -0.024,
        2,
        13.283,
        -0.024
      ]
    },
    {
      "Target": "Parameter",
      "Id": "jiupsz",
      "FadeInTime": -1.0,
      "FadeOutTime": -1.0,
      "Segments": [
        0,
        0,
        0,
        4.85,
        -1,
        0,
        5.383,
        5,
        0,
        6.067,
        4,
        0,
        6.817,
        7,
        1,
        6.934,
        7,
        7.05,
        -3.177,
        7.167,
        -4,
        1,
        7.322,
        -5.097,
        7.478,
        -5.225,
        7.633,
        -6,
        1,
        7.733,
        -6.498,
        7.833,
        -7.315,
        7.933,
        -8,
        1,
        8.028,
        -8.647,
        8.122,
        -9,
        8.217,
        -9,
        2,
        8.517,
        -9,
        2,
        8.817,
        -9,
        0,
        10.433,
        0,
        2,
        12.25,
        0,
        2,
        12.267,
        0,
        2,
        12.633,
        0,
        2,
        13.017,
        0,
        2,
        13.283,
        0
      ]
    },
    {
      "Target": "Parameter",
      "Id": "jiX",
      "FadeInTime": -1.0,
      "FadeOutTime": -1.0,
      "Segments": [
        0,
        -0.998,
        1,
        1.617,
        -0.998,
        3.233,
        -1.263,
        4.85,
        -2,
        1,
        5.028,
        -2.081,
        5.205,
        -4.187,
        5.383,
        -4.187,
        1,
        5.611,
        -4.187,
        5.839,
        -3.683,
        6.067,
        -3,
        1,
        6.317,
        -2.25,
        6.567,
        -2,
        6.817,
        -2,
        2,
        7.167,
        -2,
        0,
        10.433,
        0,
        2,
        11.317,
        0,
        2,
        12.25,
        0,
        2,
        12.267,
        0,
        0,
        12.633,
        -0.998,
        2,
        13.017,
        -0.998,
        2,
        13.283,
        -0.998
      ]
    },
    {
      "Target": "Parameter",
      "Id": "jiY",
      "FadeInTime": -1.0,
      "FadeOutTime": -1.0,
      "Segments": [
        0,
        -0.12,
        0,
        4.85,
        2,
        1,
        5.028,
        2.158,
        5.205,
        2.307,
        5.383,
        2.547,
        1,
        5.5,
        2.704,
        5.616,
        3,
        5.733,
        3,
        0,
        6.067,
        2,
        0,
        6.817,
        4,
        2,
        7.167,
        4,
        0,
        7.633,
        -2,
        0,
        7.933,
        2,
        0,
        8.217,
        -1.28,
        0,
        8.517,
        1.17,
        0,
        8.817,
        -1,
        0,
        10.433,
        0,
        2,
        11.317,
        0,
        2,
        12.25,
        0,
        2,
        12.267,
        0,
        0,
        12.633,
        -0.12,
        2,
        13.017,
        -0.12,
        2,
        13.283,
        -0.12
      ]
    },
    {
      "Target": "Parameter",
      "Id": "jidaim1",
      "FadeInTime": -1.0,
      "FadeOutTime": -1.0,
      "Segments": [
        0,
        -5.009,
        0,
        4.5,
        -5.96,
        0,
        5.017,
        5.96,
        0,
        5.533,
        -5.96,
        0,
        6.05,
        5.96,
        0,
        6.567,
        -5.96,
        0,
        7.1,
        5.96,
        0,
        7.617,
        -5.96,
        0,
        8.133,
        5.96,
        0,
        10.433,
        0,
        2,
        12.25,
        0,
        2,
        12.267,
        0,
        0,
        12.633,
        -5.009,
        2,
        13.017,
        -5.009,
        2,
        13.283,
        -5.009
      ]
    },
    {
      "Target": "Parameter",
      "Id": "jidaim2",
      "FadeInTime": -1.0,
      "FadeOutTime": -1.0,
      "Segments": [
        0,
        -0.15,
        0,
        4.75,
        5.997,
        0,
        5.267,
        -5.997,
        0,
        5.8,
        5.997,
        0,
        6.317,
        -5.997,
        0,
        6.833,
        5.997,
        0,
        7.35,
        -5.997,
        0,
        7.867,
        5.997,
        0,
        8.4,
        -5.997,
        0,
        10.433,
        0,
        2,
        12.25,
        0,
        2,
        12.267,
        0,
        0,
        12.633,
        -0.15,
        2,
        13.017,
        -0.15,
        2,
        13.283,
        -0.15
      ]
    },
    {
      "Target": "Parameter",
      "Id": "jiupsx",
      "FadeInTime": -1.0,
      "FadeOutTime": -1.0,
      "Segments": [
        0,
        0,
        1,
        1.617,
        0,
        3.233,
        0.272,
        4.85,
        1,
        1,
        5.028,
        1.08,
        5.205,
        2.419,
        5.383,
        2.5,
        1,
        5.861,
        2.719,
        6.339,
        2.796,
        6.817,
        3,
        1,
        6.934,
        3.05,
        7.05,
        4,
        7.167,
        4,
        0,
        7.633,
        -2,
        0,
        7.933,
        0,
        2,
        10.433,
        0,
        2,
        12.25,
        0,
        2,
        12.267,
        0,
        2,
        12.633,
        0,
        2,
        13.017,
        0,
        2,
        13.283,
        0
      ]
    },
    {
      "Target": "Parameter",
      "Id": "jisjohu",
      "FadeInTime": -1.0,
      "FadeOutTime": -1.0,
      "Segments": [
        0,
        0,
        0,
        4.85,
        -1,
        1,
        5.028,
        -1,
        5.205,
        -0.591,
        5.383,
        -0.453,
        1,
        5.861,
        -0.081,
        6.339,
        0,
        6.817,
        0,
        2,
        10.433,
        0,
        2,
        12.25,
        0,
        2,
        12.267,
        0,
        2,
        12.633,
        0,
        2,
        13.017,
        0,
        2,
        13.283,
        0
      ]
    },
    {
      "Target": "Parameter",
      "Id": "jishouna",
      "FadeInTime": -1.0,
      "FadeOutTime": -1.0,
      "Segments": [
        0,
        0,
        0,
        4.85,
        7.1,
        1,
        5.028,
        7.1,
        5.205,
        4.2,
        5.383,
        3.218,
        1,
        5.861,
        0.58,
        6.339,
        0,
        6.817,
        0,
        2,
        10.433,
        0,
        2,
        12.25,
        0,
        2,
        12.267,
        0,
        2,
        12.633,
        0,
        2,
        13.017,
        0,
        2,
        13.283,
        0
      ]
    },
    {
      "Target": "Parameter",
      "Id": "yet1",
      "FadeInTime": -1.0,
      "FadeOutTime": -1.0,
      "Segments": [
        0,
        0,
        2,
        0.317,
        0,
        0,
        0.767,
        -1.138,
        0,
        1.517,
        1.138,
        0,
        2.283,
        -1.138,
        0,
        3.033,
        1.138,
        0,
        3.8,
        -1.138,
        0,
        4.55,
        1.138,
        0,
        5.317,
        -1.138,
        0,
        6.083,
        1.138,
        0,
        6.85,
        -1.138,
        1,
        7.1,
        -1.138,
        7.35,
        0.603,
        7.6,
        1.138,
        1,
        7.85,
        1.673,
        8.1,
        1.625,
        8.35,
        1.625,
        0,
        8.867,
        -4.571,
        0,
        9.167,
        3.644,
        0,
        9.4,
        -2.866,
        0,
        9.633,
        6.121,
        0,
        9.983,
        -1.827,
        0,
        10.25,
        3.389,
        0,
        10.65,
        -0.565,
        0,
        10.933,
        3.219,
        0,
        11.217,
        -0.321,
        0,
        11.4,
        2.107,
        0,
        12.583,
        -1.827,
        0,
        13.017,
        0,
        2,
        13.283,
        0
      ]
    },
    {
      "Target": "Parameter",
      "Id": "yet2",
      "FadeInTime": -1.0,
      "FadeOutTime": -1.0,
      "Segments": [
        0,
        0,
        0,
        0.383,
        -1.138,
        0,
        1.15,
        1.138,
        0,
        1.9,
        -1.138,
        0,
        2.683,
        1.138,
        0,
        3.45,
        -1.138,
        0,
        4.167,
        1.138,
        0,
        4.933,
        -1.138,
        0,
        5.7,
        1.138,
        1,
        5.828,
        1.138,
        5.955,
        0.839,
        6.083,
        0.085,
        0,
        6.467,
        -1.138,
        0,
        7.233,
        1.138,
        0,
        7.983,
        -1.138,
        0,
        8.483,
        2.111,
        0,
        8.917,
        -4.159,
        0,
        9.267,
        8,
        0,
        9.517,
        -4.515,
        0,
        9.767,
        3.551,
        0,
        10.05,
        -3.288,
        0,
        10.367,
        4.334,
        0,
        10.7,
        -1.005,
        0,
        11.05,
        4.247,
        0,
        11.317,
        -0.578,
        0,
        11.517,
        1.972,
        0,
        12.033,
        -0.163,
        0,
        12.55,
        3.972,
        0,
        13.017,
        0,
        2,
        13.283,
        0
      ]
    },
    {
      "Target": "Parameter",
      "Id": "jiubgg",
      "FadeInTime": -1.0,
      "FadeOutTime": -1.0,
      "Segments": [
        0,
        1,
        2,
        0.317,
        1,
        0,
        8.2,
        0,
        2,
        8.367,
        0,
        2,
        8.517,
        0,
        2,
        8.817,
        0,
        2,
        9.083,
        0,
        0,
        9.167,
        1,
        0,
        10,
        0.3,
        0,
        10.733,
        1,
        0,
        10.983,
        0,
        2,
        11.25,
        0,
        0,
        11.617,
        1,
        0,
        12.25,
        0.5,
        0,
        12.267,
        1,
        2,
        12.633,
        1,
        2,
        13.017,
        1,
        2,
        13.283,
        1
      ]
    },
    {
      "Target": "Parameter",
      "Id": "touch_drag1",
      "FadeInTime": -1.0,
      "FadeOutTime": -1.0,
      "Segments": [
        0,
        0,
        0,
        13.283,
        0
      ]
    },
    {
      "Target": "Parameter",
      "Id": "touch_drag2",
      "FadeInTime": -1.0,
      "FadeOutTime": -1.0,
      "Segments": [
        0,
        0,
        0,
        13.283,
        0
      ]
    },
    {
      "Target": "Parameter",
      "Id": "touch_drag3",
      "FadeInTime": -1.0,
      "FadeOutTime": -1.0,
      "Segments": [
        0,
        0,
        0,
        13.283,
        0
      ]
    },
    {
      "Target": "Parameter",
      "Id": "touch_drag4",
      "FadeInTime": -1.0,
      "FadeOutTime": -1.0,
      "Segments": [
        0,
        0,
        0,
        13.283,
        0
      ]
    },
    {
      "Target": "Parameter",
      "Id": "touch_drag5",
      "FadeInTime": -1.0,
      "FadeOutTime": -1.0,
      "Segments": [
        0,
        0,
        0,
        13.283,
        0
      ]
    },
    {
      "Target": "Parameter",
      "Id": "touch_drag6",
      "FadeInTime": -1.0,
      "FadeOutTime": -1.0,
      "Segments": [
        0,
        0,
        0,
        13.283,
        0
      ]
    },
    {
      "Target": "Parameter",
      "Id": "touch_drag8",
      "FadeInTime": -1.0,
      "FadeOutTime": -1.0,
      "Segments": [
        0,
        0,
        0,
        13.283,
        0
      ]
    },
    {
      "Target": "Parameter",
      "Id": "touch_drag9",
      "FadeInTime": -1.0,
      "FadeOutTime": -1.0,
      "Segments": [
        0,
        0,
        0,
        13.283,
        0
      ]
    },
    {
      "Target": "Parameter",
      "Id": "sdwuli",
      "FadeInTime": -1.0,
      "FadeOutTime": -1.0,
      "Segments": [
        0,
        0,
        0,
        13.283,
        0
      ]
    },
    {
      "Target": "Parameter",
      "Id": "XXXXXXX2",
      "FadeInTime": -1.0,
      "FadeOutTime": -1.0,
      "Segments": [
        0,
        0,
        0,
        13.283,
        0
      ]
    },
    {
      "Target": "Parameter",
      "Id": "qianshuiqie",
      "FadeInTime": -1.0,
      "FadeOutTime": -1.0,
      "Segments": [
        0,
        0,
        0,
        13.283,
        0
      ]
    },
    {
      "Target": "Parameter",
      "Id": "dldh",
      "FadeInTime": -1.0,
      "FadeOutTime": -1.0,
      "Segments": [
        0,
        0,
        0,
        13.283,
        0
      ]
    },
    {
      "Target": "Parameter",
      "Id": "heiping",
      "FadeInTime": -1.0,
      "FadeOutTime": -1.0,
      "Segments": [
        0,
        0,
        0,
        13.283,
        0
      ]
    },
    {
      "Target": "Parameter",
      "Id": "XXXXXXX16",
      "FadeInTime": -1.0,
      "FadeOutTime": -1.0,
      "Segments": [
        0,
        0,
        0,
        13.283,
        0
      ]
    },
    {
      "Target": "Parameter",
      "Id": "Param2",
      "FadeInTime": -1.0,
      "FadeOutTime": -1.0,
      "Segments": [
        0,
        1,
        0,
        13.283,
        1
      ]
    },
    {
      "Target": "Parameter",
      "Id": "ParamEyeLSmile",
      "FadeInTime": -1.0,
      "FadeOutTime": -1.0,
      "Segments": [
        0,
        0,
        0,
        13.283,
        0
      ]
    },
    {
      "Target": "Parameter",
      "Id": "ParamBrowLForm",
      "FadeInTime": -1.0,
      "FadeOutTime": -1.0,
      "Segments": [
        0,
        0,
        0,
        13.283,
        0
      ]
    },
    {
      "Target": "Parameter",
      "Id": "ParamBrowLAngle",
      "FadeInTime": -1.0,
      "FadeOutTime": -1.0,
      "Segments": [
        0,
        0,
        0,
        13.283,
        0
      ]
    },
    {
      "Target": "Parameter",
      "Id": "lianh",
      "FadeInTime": -1.0,
      "FadeOutTime": -1.0,
      "Segments": [
        0,
        0,
        0,
        13.283,
        0
      ]
    },
    {
      "Target": "Parameter",
      "Id": "zuiyexs",
      "FadeInTime": -1.0,
      "FadeOutTime": -1.0,
      "Segments": [
        0,
        0,
        0,
        13.283,
        0
      ]
    },
    {
      "Target": "Parameter",
      "Id": "zuiytcj",
      "FadeInTime": -1.0,
      "FadeOutTime": -1.0,
      "Segments": [
        0,
        0,
        0,
        13.283,
        0
      ]
    },
    {
      "Target": "Parameter",
      "Id": "zytchi",
      "FadeInTime": -1.0,
      "FadeOutTime": -1.0,
      "Segments": [
        0,
        0,
        0,
        13.283,
        0
      ]
    },
    {
      "Target": "Parameter",
      "Id": "XXXXXXX14",
      "FadeInTime": -1.0,
      "FadeOutTime": -1.0,
      "Segments": [
        0,
        0,
        0,
        13.283,
        0
      ]
    },
    {
      "Target": "Parameter",
      "Id": "yaguan",
      "FadeInTime": -1.0,
      "FadeOutTime": -1.0,
      "Segments": [
        0,
        0,
        0,
        13.283,
        0
      ]
    },
    {
      "Target": "Parameter",
      "Id": "zuijiay",
      "FadeInTime": -1.0,
      "FadeOutTime": -1.0,
      "Segments": [
        0,
        0,
        0,
        13.283,
        0
      ]
    },
    {
      "Target": "Parameter",
      "Id": "tushe",
      "FadeInTime": -1.0,
      "FadeOutTime": -1.0,
      "Segments": [
        0,
        0,
        0,
        13.283,
        0
      ]
    },
    {
      "Target": "Parameter",
      "Id": "ParamMouthOpenY2",
      "FadeInTime": -1.0,
      "FadeOutTime": -1.0,
      "Segments": [
        0,
        0,
        0,
        13.283,
        0
      ]
    },
    {
      "Target": "Parameter",
      "Id": "shoudzq",
      "FadeInTime": -1.0,
      "FadeOutTime": -1.0,
      "Segments": [
        0,
        0,
        0,
        13.283,
        0
      ]
    },
    {
      "Target": "Parameter",
      "Id": "bozss",
      "FadeInTime": -1.0,
      "FadeOutTime": -1.0,
      "Segments": [
        0,
        0,
        0,
        13.283,
        0
      ]
    },
    {
      "Target": "Parameter",
      "Id": "XXXXXXX3",
      "FadeInTime": -1.0,
      "FadeOutTime": -1.0,
      "Segments": [
        0,
        0,
        0,
        13.283,
        0
      ]
    },
    {
      "Target": "Parameter",
      "Id": "stsxz",
      "FadeInTime": -1.0,
      "FadeOutTime": -1.0,
      "Segments": [
        0,
        0,
        0,
        13.283,
        0
      ]
    },
    {
      "Target": "Parameter",
      "Id": "Rjiansx",
      "FadeInTime": -1.0,
      "FadeOutTime": -1.0,
      "Segments": [
        0,
        0,
        0,
        13.283,
        0
      ]
    },
    {
      "Target": "Parameter",
      "Id": "Lshagbuiq",
      "FadeInTime": -1.0,
      "FadeOutTime": -1.0,
      "Segments": [
        0,
        0,
        0,
        13.283,
        0
      ]
    },
    {
      "Target": "Parameter",
      "Id": "XXXXXXX8",
      "FadeInTime": -1.0,
      "FadeOutTime": -1.0,
      "Segments": [
        0,
        0,
        0,
        13.283,
        0
      ]
    },
    {
      "Target": "Parameter",
      "Id": "Lxiutz",
      "FadeInTime": -1.0,
      "FadeOutTime": -1.0,
      "Segments": [
        0,
        0,
        0,
        13.283,
        0
      ]
    },
    {
      "Target": "Parameter",
      "Id": "Lshoudh",
      "FadeInTime": -1.0,
      "FadeOutTime": -1.0,
      "Segments": [
        0,
        0,
        0,
        13.283,
        0
      ]
    },
    {
      "Target": "Parameter",
      "Id": "lmuzhi",
      "FadeInTime": -1.0,
      "FadeOutTime": -1.0,
      "Segments": [
        0,
        0,
        0,
        13.283,
        0
      ]
    },
    {
      "Target": "Parameter",
      "Id": "XXXXXXX10",
      "FadeInTime": -1.0,
      "FadeOutTime": -1.0,
      "Segments": [
        0,
        0,
        0,
        13.283,
        0
      ]
    },
    {
      "Target": "Parameter",
      "Id": "lmoshou",
      "FadeInTime": -1.0,
      "FadeOutTime": -1.0,
      "Segments": [
        0,
        1,
        0,
        13.283,
        1
      ]
    },
    {
      "Target": "Parameter",
      "Id": "tuosais",
      "FadeInTime": -1.0,
      "FadeOutTime": -1.0,
      "Segments": [
        0,
        0,
        0,
        13.283,
        0
      ]
    },
    {
      "Target": "Parameter",
      "Id": "Ltaihou",
      "FadeInTime": -1.0,
      "FadeOutTime": -1.0,
      "Segments": [
        0,
        0,
        0,
        13.283,
        0
      ]
    },
    {
      "Target": "Parameter",
      "Id": "Ltoushou",
      "FadeInTime": -1.0,
      "FadeOutTime": -1.0,
      "Segments": [
        0,
        0,
        0,
        13.283,
        0
      ]
    },
    {
      "Target": "Parameter",
      "Id": "Lhezhang",
      "FadeInTime": -1.0,
      "FadeOutTime": -1.0,
      "Segments": [
        0,
        0,
        0,
        13.283,
        0
      ]
    },
    {
      "Target": "Parameter",
      "Id": "XXXXXXX12",
      "FadeInTime": -1.0,
      "FadeOutTime": -1.0,
      "Segments": [
        0,
        0,
        0,
        13.283,
        0
      ]
    },
    {
      "Target": "Parameter",
      "Id": "shoujbsx",
      "FadeInTime": -1.0,
      "FadeOutTime": -1.0,
      "Segments": [
        0,
        0,
        0,
        13.283,
        0
      ]
    },
    {
      "Target": "Parameter",
      "Id": "shoujbY",
      "FadeInTime": -1.0,
      "FadeOutTime": -1.0,
      "Segments": [
        0,
        0,
        0,
        13.283,
        0
      ]
    },
    {
      "Target": "Parameter",
      "Id": "jishouying1",
      "FadeInTime": -1.0,
      "FadeOutTime": -1.0,
      "Segments": [
        0,
        0,
        0,
        13.283,
        0
      ]
    },
    {
      "Target": "Parameter",
      "Id": "jishouying2",
      "FadeInTime": -1.0,
      "FadeOutTime": -1.0,
      "Segments": [
        0,
        0,
        0,
        13.283,
        0
      ]
    },
    {
      "Target": "Parameter",
      "Id": "XXXXXXX13",
      "FadeInTime": -1.0,
      "FadeOutTime": -1.0,
      "Segments": [
        0,
        0,
        0,
        13.283,
        0
      ]
    },
    {
      "Target": "Parameter",
      "Id": "shouxinxs",
      "FadeInTime": -1.0,
      "FadeOutTime": -1.0,
      "Segments": [
        0,
        0,
        0,
        13.283,
        0
      ]
    },
    {
      "Target": "Parameter",
      "Id": "shouxinxz",
      "FadeInTime": -1.0,
      "FadeOutTime": -1.0,
      "Segments": [
        0,
        0,
        0,
        13.283,
        0
      ]
    },
    {
      "Target": "Parameter",
      "Id": "shouxin1",
      "FadeInTime": -1.0,
      "FadeOutTime": -1.0,
      "Segments": [
        0,
        0,
        0,
        13.283,
        0
      ]
    },
    {
      "Target": "Parameter",
      "Id": "shouxin2",
      "FadeInTime": -1.0,
      "FadeOutTime": -1.0,
      "Segments": [
        0,
        0,
        0,
        13.283,
        0
      ]
    },
    {
      "Target": "Parameter",
      "Id": "XXXXXXX7",
      "FadeInTime": -1.0,
      "FadeOutTime": -1.0,
      "Segments": [
        0,
        0,
        0,
        13.283,
        0
      ]
    },
    {
      "Target": "Parameter",
      "Id": "Rshangbicd",
      "FadeInTime": -1.0,
      "FadeOutTime": -1.0,
      "Segments": [
        0,
        0,
        0,
        13.283,
        0
      ]
    },
    {
      "Target": "Parameter",
      "Id": "Rxiaobicj",
      "FadeInTime": -1.0,
      "FadeOutTime": -1.0,
      "Segments": [
        0,
        0,
        0,
        13.283,
        0
      ]
    },
    {
      "Target": "Parameter",
      "Id": "Rmuzhi",
      "FadeInTime": -1.0,
      "FadeOutTime": -1.0,
      "Segments": [
        0,
        0,
        0,
        13.283,
        0
      ]
    },
    {
      "Target": "Parameter",
      "Id": "XXXXXXX6",
      "FadeInTime": -1.0,
      "FadeOutTime": -1.0,
      "Segments": [
        0,
        0,
        0,
        13.283,
        0
      ]
    },
    {
      "Target": "Parameter",
      "Id": "rmoshou",
      "FadeInTime": -1.0,
      "FadeOutTime": -1.0,
      "Segments": [
        0,
        1,
        0,
        13.283,
        1
      ]
    },
    {
      "Target": "Parameter",
      "Id": "liaofsou",
      "FadeInTime": -1.0,
      "FadeOutTime": -1.0,
      "Segments": [
        0,
        0,
        0,
        13.283,
        0
      ]
    },
    {
      "Target": "Parameter",
      "Id": "Rzhangshou",
      "FadeInTime": -1.0,
      "FadeOutTime": -1.0,
      "Segments": [
        0,
        0,
        0,
        13.283,
        0
      ]
    },
    {
      "Target": "Parameter",
      "Id": "Rtaoeshou",
      "FadeInTime": -1.0,
      "FadeOutTime": -1.0,
      "Segments": [
        0,
        0,
        0,
        13.283,
        0
      ]
    },
    {
      "Target": "Parameter",
      "Id": "chuotaoshou",
      "FadeInTime": -1.0,
      "FadeOutTime": -1.0,
      "Segments": [
        0,
        0,
        0,
        13.283,
        0
      ]
    },
    {
      "Target": "Parameter",
      "Id": "rhezhgn",
      "FadeInTime": -1.0,
      "FadeOutTime": -1.0,
      "Segments": [
        0,
        0,
        0,
        13.283,
        0
      ]
    },
    {
      "Target": "Parameter",
      "Id": "shouytxs",
      "FadeInTime": -1.0,
      "FadeOutTime": -1.0,
      "Segments": [
        0,
        0,
        0,
        13.283,
        0
      ]
    },
    {
      "Target": "Parameter",
      "Id": "shouytxz",
      "FadeInTime": -1.0,
      "FadeOutTime": -1.0,
      "Segments": [
        0,
        0,
        0,
        13.283,
        0
      ]
    },
    {
      "Target": "Parameter",
      "Id": "Ljiaoxz",
      "FadeInTime": -1.0,
      "FadeOutTime": -1.0,
      "Segments": [
        0,
        0,
        0,
        13.283,
        0
      ]
    },
    {
      "Target": "Parameter",
      "Id": "rtuiying",
      "FadeInTime": -1.0,
      "FadeOutTime": -1.0,
      "Segments": [
        0,
        0,
        0,
        13.283,
        0
      ]
    },
    {
      "Target": "Parameter",
      "Id": "jijazhe",
      "FadeInTime": -1.0,
      "FadeOutTime": -1.0,
      "Segments": [
        0,
        0,
        0,
        13.283,
        0
      ]
    },
    {
      "Target": "Parameter",
      "Id": "Rjiaoxz",
      "FadeInTime": -1.0,
      "FadeOutTime": -1.0,
      "Segments": [
        0,
        0,
        0,
        13.283,
        0
      ]
    },
    {
      "Target": "Parameter",
      "Id": "XXXXXXX5",
      "FadeInTime": -1.0,
      "FadeOutTime": -1.0,
      "Segments": [
        0,
        0,
        0,
        13.283,
        0
      ]
    },
    {
      "Target": "Parameter",
      "Id": "jiupf",
      "FadeInTime": -1.0,
      "FadeOutTime": -1.0,
      "Segments": [
        0,
        0,
        0,
        13.283,
        0
      ]
    },
    {
      "Target": "Parameter",
      "Id": "jihoushou",
      "FadeInTime": -1.0,
      "FadeOutTime": -1.0,
      "Segments": [
        0,
        0,
        0,
        13.283,
        0
      ]
    },
    {
      "Target": "Parameter",
      "Id": "jixinfengxs",
      "FadeInTime": -1.0,
      "FadeOutTime": -1.0,
      "Segments": [
        0,
        0,
        0,
        13.283,
        0
      ]
    },
    {
      "Target": "Parameter",
      "Id": "jixfy",
      "FadeInTime": -1.0,
      "FadeOutTime": -1.0,
      "Segments": [
        0,
        0,
        0,
        13.283,
        0
      ]
    },
    {
      "Target": "Parameter",
      "Id": "shoujbyz",
      "FadeInTime": -1.0,
      "FadeOutTime": -1.0,
      "Segments": [
        0,
        0,
        0,
        13.283,
        0
      ]
    },
    {
      "Target": "Parameter",
      "Id": "XXXXXXX17",
      "FadeInTime": -1.0,
      "FadeOutTime": -1.0,
      "Segments": [
        0,
        0,
        0,
        13.283,
        0
      ]
    },
    {
      "Target": "Parameter",
      "Id": "MB_yanwubaozha",
      "FadeInTime": -1.0,
      "FadeOutTime": -1.0,
      "Segments": [
        0,
        0,
        0,
        13.283,
        0
      ]
    },
    {
      "Target": "Parameter",
      "Id": "tangjichu",
      "FadeInTime": -1.0,
      "FadeOutTime": -1.0,
      "Segments": [
        0,
        0,
        0,
        13.283,
        0
      ]
    },
    {
      "Target": "Parameter",
      "Id": "tangjibq",
      "FadeInTime": -1.0,
      "FadeOutTime": -1.0,
      "Segments": [
        0,
        0,
        0,
        13.283,
        0
      ]
    },
    {
      "Target": "Parameter",
      "Id": "tangjidm",
      "FadeInTime": -1.0,
      "FadeOutTime": -1.0,
      "Segments": [
        0,
        0,
        0,
        13.283,
        0
      ]
    },
    {
      "Target": "Parameter",
      "Id": "tangjidm2",
      "FadeInTime": -1.0,
      "FadeOutTime": -1.0,
      "Segments": [
        0,
        0,
        0,
        13.283,
        0
      ]
    },
    {
      "Target": "Parameter",
      "Id": "tangjiX",
      "FadeInTime": -1.0,
      "FadeOutTime": -1.0,
      "Segments": [
        0,
        0,
        0,
        13.283,
        0
      ]
    },
    {
      "Target": "Parameter",
      "Id": "tangjiY",
      "FadeInTime": -1.0,
      "FadeOutTime": -1.0,
      "Segments": [
        0,
        0,
        0,
        13.283,
        0
      ]
    },
    {
      "Target": "Parameter",
      "Id": "XXXXXXX18",
      "FadeInTime": -1.0,
      "FadeOutTime": -1.0,
      "Segments": [
        0,
        0,
        0,
        13.283,
        0
      ]
    }
  ],
  "UserData": [
    {
      "Time": 0.0,
      "Value": ""
    },
    {
      "Time": 0.0,
      "Value": ""
    },
    {
      "Time": 12.783,
      "Value": ""
    }
  ]
}