{
  "Version": 3,
  "Meta": {
    "Duration": 6.217,
    "Fps": 60.0,
    "Loop": true,
    "AreBeziersRestricted": true,
    "FadeInTime": 0.0,
    "FadeOutTime": 0.0,
    "CurveCount": 153,
    "TotalSegmentCount": 620,
    "TotalPointCount": 806,
    "UserDataCount": 3,
    "TotalUserDataSize": 0
  },
  "Curves": [
    {
      "Target": "Parameter",
      "Id": "ParamEyeLOpen",
      "FadeInTime": -1.0,
      "FadeOutTime": -1.0,
      "Segments": [
        0,
        1,
        2,
        0.333,
        1,
        2,
        0.883,
        1,
        0,
        1.417,
        0.7,
        2,
        2.25,
        0.7,
        0,
        2.583,
        0,
        2,
        2.9,
        0,
        0,
        3.333,
        1,
        2,
        4.883,
        1,
        2,
        5.867,
        1,
        2,
        6.217,
        1
      ]
    },
    {
      "Target": "Parameter",
      "Id": "ParamEyeBallX",
      "FadeInTime": -1.0,
      "FadeOutTime": -1.0,
      "Segments": [
        0,
        0,
        2,
        0.333,
        0,
        2,
        0.883,
        0,
        0,
        1.417,
        -0.9,
        1,
        1.695,
        -0.9,
        1.972,
        -0.184,
        2.25,
        -0.1,
        1,
        2.611,
        0.01,
        2.972,
        0,
        3.333,
        0,
        2,
        4.883,
        0,
        2,
        5.867,
        0,
        2,
        6.217,
        0
      ]
    },
    {
      "Target": "Parameter",
      "Id": "ParamEyeBallY",
      "FadeInTime": -1.0,
      "FadeOutTime": -1.0,
      "Segments": [
        0,
        0,
        2,
        0.333,
        0,
        2,
        0.883,
        0,
        0,
        1.417,
        -0.3,
        1,
        1.695,
        -0.3,
        1.972,
        -0.17,
        2.25,
        -0.1,
        1,
        2.611,
        -0.009,
        2.972,
        0,
        3.333,
        0,
        2,
        4.883,
        0,
        2,
        5.867,
        0,
        2,
        6.217,
        0
      ]
    },
    {
      "Target": "Parameter",
      "Id": "ParamMouthForm",
      "FadeInTime": -1.0,
      "FadeOutTime": -1.0,
      "Segments": [
        0,
        0,
        2,
        0.333,
        0,
        2,
        0.7,
        0,
        0,
        0.833,
        1,
        1,
        0.878,
        1,
        0.922,
        0.708,
        0.967,
        0,
        1,
        1.006,
        -0.619,
        1.044,
        -1,
        1.083,
        -1,
        1,
        1.128,
        -1,
        1.172,
        -0.708,
        1.217,
        0,
        1,
        1.256,
        0.619,
        1.294,
        1,
        1.333,
        1,
        1,
        1.378,
        1,
        1.422,
        0.48,
        1.467,
        0,
        1,
        1.539,
        -0.781,
        1.611,
        -1,
        1.683,
        -1,
        0,
        1.933,
        0,
        2,
        2.617,
        0,
        0,
        2.733,
        1,
        0,
        2.9,
        0,
        0,
        2.983,
        1,
        0,
        3.117,
        0,
        0,
        3.267,
        1,
        0,
        3.4,
        -1,
        0,
        3.55,
        0,
        2,
        3.767,
        0,
        2,
        4.217,
        0,
        2,
        5.867,
        0,
        2,
        6.217,
        0
      ]
    },
    {
      "Target": "Parameter",
      "Id": "ParamMouthOpenY11",
      "FadeInTime": -1.0,
      "FadeOutTime": -1.0,
      "Segments": [
        0,
        0,
        2,
        0.333,
        0,
        2,
        0.7,
        0,
        0,
        0.833,
        0.4,
        0,
        0.967,
        0,
        0,
        1.083,
        0.7,
        0,
        1.217,
        0,
        0,
        1.333,
        0.6,
        0,
        1.467,
        0,
        0,
        1.683,
        0.7,
        0,
        1.933,
        0,
        2,
        2.617,
        0,
        0,
        2.733,
        0.6,
        0,
        2.9,
        0,
        0,
        2.983,
        0.9,
        0,
        3.117,
        0,
        0,
        3.267,
        0.4,
        2,
        3.4,
        0.4,
        0,
        3.55,
        0,
        0,
        3.767,
        0.4,
        0,
        4.217,
        0,
        2,
        5.867,
        0,
        2,
        6.217,
        0
      ]
    },
    {
      "Target": "Parameter",
      "Id": "ParamAngleX",
      "FadeInTime": -1.0,
      "FadeOutTime": -1.0,
      "Segments": [
        0,
        0,
        2,
        0.333,
        0,
        0,
        0.683,
        4,
        1,
        0.811,
        4,
        0.939,
        3.432,
        1.067,
        -4,
        1,
        1.184,
        -10.786,
        1.3,
        -24,
        1.417,
        -24,
        1,
        1.695,
        -24,
        1.972,
        0.876,
        2.25,
        3,
        1,
        2.611,
        5.761,
        2.972,
        6.077,
        3.333,
        8,
        1,
        3.5,
        8.888,
        3.666,
        10.951,
        3.833,
        12,
        1,
        4.183,
        14.203,
        4.533,
        15,
        4.883,
        15,
        1,
        5.066,
        15,
        5.25,
        2.697,
        5.433,
        1,
        1,
        5.578,
        -0.337,
        5.722,
        0,
        5.867,
        0,
        2,
        6.217,
        0
      ]
    },
    {
      "Target": "Parameter",
      "Id": "ParamAngleY",
      "FadeInTime": -1.0,
      "FadeOutTime": -1.0,
      "Segments": [
        0,
        0,
        2,
        0.333,
        0,
        0,
        0.683,
        -7,
        0,
        1.067,
        13,
        1,
        1.184,
        13,
        1.3,
        9.805,
        1.417,
        1,
        1,
        1.556,
        -9.483,
        1.694,
        -16.223,
        1.833,
        -16.223,
        1,
        1.972,
        -16.223,
        2.111,
        -10.513,
        2.25,
        -10,
        1,
        2.611,
        -8.666,
        2.972,
        -8.432,
        3.333,
        -7,
        1,
        3.5,
        -6.339,
        3.666,
        16,
        3.833,
        16,
        1,
        4.183,
        16,
        4.533,
        10.774,
        4.883,
        -1,
        1,
        5.066,
        -7.167,
        5.25,
        -11,
        5.433,
        -11,
        0,
        5.867,
        0,
        2,
        6.217,
        0
      ]
    },
    {
      "Target": "Parameter",
      "Id": "touZ",
      "FadeInTime": -1.0,
      "FadeOutTime": -1.0,
      "Segments": [
        0,
        0,
        2,
        0.333,
        0,
        2,
        1.417,
        0,
        0,
        1.833,
        -5.36,
        1,
        1.972,
        -5.36,
        2.111,
        -4.99,
        2.25,
        -4,
        1,
        2.611,
        -1.427,
        2.972,
        0,
        3.333,
        0,
        0,
        3.833,
        -10,
        2,
        4.883,
        -10,
        1,
        5.066,
        -10,
        5.25,
        -4.72,
        5.433,
        -2,
        1,
        5.578,
        0.143,
        5.722,
        0,
        5.867,
        0,
        2,
        6.217,
        0
      ]
    },
    {
      "Target": "Parameter",
      "Id": "ParamAngleZ",
      "FadeInTime": -1.0,
      "FadeOutTime": -1.0,
      "Segments": [
        0,
        0,
        2,
        0.333,
        0,
        1,
        0.578,
        0,
        0.822,
        -0.492,
        1.067,
        -4,
        1,
        1.184,
        -5.674,
        1.3,
        -12,
        1.417,
        -12,
        2,
        2.25,
        -12,
        0,
        3.333,
        0,
        0,
        3.833,
        -2,
        2,
        4.883,
        -2,
        0,
        5.867,
        0,
        2,
        6.217,
        0
      ]
    },
    {
      "Target": "Parameter",
      "Id": "toufz",
      "FadeInTime": -1.0,
      "FadeOutTime": -1.0,
      "Segments": [
        0,
        0,
        2,
        0.333,
        0,
        0,
        2.25,
        -19,
        0,
        3.333,
        0,
        0,
        3.833,
        -22,
        2,
        4.883,
        -22,
        1,
        5.066,
        -22,
        5.25,
        -11.475,
        5.433,
        -7,
        1,
        5.694,
        -0.627,
        5.956,
        0,
        6.217,
        0
      ]
    },
    {
      "Target": "Parameter",
      "Id": "ParamBodyAngleX",
      "FadeInTime": -1.0,
      "FadeOutTime": -1.0,
      "Segments": [
        0,
        0,
        2,
        0.333,
        0,
        0,
        1.417,
        -3,
        2,
        2.25,
        -3,
        1,
        2.611,
        -3,
        2.972,
        0.437,
        3.333,
        3,
        1,
        3.5,
        4.183,
        3.666,
        4,
        3.833,
        4,
        2,
        4.883,
        4,
        0,
        5.867,
        0,
        2,
        6.217,
        0
      ]
    },
    {
      "Target": "Parameter",
      "Id": "ParamBodyAngleY",
      "FadeInTime": -1.0,
      "FadeOutTime": -1.0,
      "Segments": [
        0,
        0,
        2,
        0.333,
        0,
        0,
        0.683,
        -2,
        0,
        1.267,
        2,
        1,
        1.422,
        2,
        1.578,
        -0.375,
        1.733,
        -2,
        1,
        1.905,
        -3.8,
        2.078,
        -4,
        2.25,
        -4,
        1,
        2.406,
        -4,
        2.561,
        -3.01,
        2.717,
        -1,
        1,
        2.922,
        1.656,
        3.128,
        3,
        3.333,
        3,
        0,
        3.833,
        -3,
        0,
        4.283,
        -0.886,
        0,
        4.883,
        -2.109,
        0,
        5.433,
        1,
        0,
        5.867,
        0,
        2,
        6.217,
        0
      ]
    },
    {
      "Target": "Parameter",
      "Id": "shentixX",
      "FadeInTime": -1.0,
      "FadeOutTime": -1.0,
      "Segments": [
        0,
        0,
        2,
        0.333,
        0,
        0,
        0.883,
        4.84,
        1,
        1.061,
        4.84,
        1.239,
        -2.337,
        1.417,
        -3,
        1,
        1.695,
        -4.036,
        1.972,
        -4,
        2.25,
        -4,
        0,
        3.333,
        3,
        0,
        3.833,
        -2,
        0,
        4.3,
        -0.898,
        1,
        4.494,
        -0.898,
        4.689,
        -0.923,
        4.883,
        -1.466,
        1,
        5.05,
        -1.931,
        5.216,
        -2.884,
        5.383,
        -2.884,
        0,
        5.867,
        0,
        2,
        6.217,
        0
      ]
    },
    {
      "Target": "Parameter",
      "Id": "Rjiansx",
      "FadeInTime": -1.0,
      "FadeOutTime": -1.0,
      "Segments": [
        0,
        0,
        2,
        0.333,
        0,
        2,
        2.75,
        0,
        0,
        3.333,
        4,
        0,
        3.833,
        0,
        2,
        4.883,
        0,
        2,
        5.867,
        0,
        2,
        6.217,
        0
      ]
    },
    {
      "Target": "Parameter",
      "Id": "Lsbxz",
      "FadeInTime": -1.0,
      "FadeOutTime": -1.0,
      "Segments": [
        0,
        0,
        2,
        0.333,
        0,
        0,
        0.767,
        1.14,
        0,
        1.433,
        0,
        0,
        2.283,
        12.22,
        2,
        3.333,
        12.22,
        0,
        4.183,
        9.94,
        2,
        4.883,
        9.94,
        1,
        5.128,
        9.94,
        5.372,
        1.96,
        5.617,
        0.752,
        1,
        5.817,
        -0.236,
        6.017,
        0,
        6.217,
        0
      ]
    },
    {
      "Target": "Parameter",
      "Id": "Lxbxz",
      "FadeInTime": -1.0,
      "FadeOutTime": -1.0,
      "Segments": [
        0,
        0,
        2,
        0.333,
        0,
        0,
        0.883,
        1.44,
        0,
        1.433,
        -4.614,
        0,
        2.283,
        1.26,
        1,
        2.633,
        1.26,
        2.983,
        0.466,
        3.333,
        0.18,
        1,
        3.5,
        0.044,
        3.666,
        0.099,
        3.833,
        0,
        1,
        3.95,
        -0.069,
        4.066,
        -1.26,
        4.183,
        -1.26,
        2,
        4.883,
        -1.26,
        0,
        5.617,
        1.544,
        0,
        6.217,
        0
      ]
    },
    {
      "Target": "Parameter",
      "Id": "Lshouxz",
      "FadeInTime": -1.0,
      "FadeOutTime": -1.0,
      "Segments": [
        0,
        0,
        2,
        0.333,
        0,
        0,
        0.983,
        12.28,
        0,
        1.433,
        5.86,
        0,
        1.883,
        16.588,
        0,
        2.283,
        12.6,
        2,
        3.333,
        12.6,
        2,
        4.883,
        12.6,
        0,
        5.3,
        3,
        0,
        5.617,
        8.379,
        0,
        6.217,
        0
      ]
    },
    {
      "Target": "Parameter",
      "Id": "Lxiaobibx",
      "FadeInTime": -1.0,
      "FadeOutTime": -1.0,
      "Segments": [
        0,
        0,
        1,
        0.111,
        0,
        0.222,
        -0.441,
        0.333,
        -2,
        1,
        0.478,
        -4.027,
        0.622,
        -8.761,
        0.767,
        -9,
        1,
        1.272,
        -9.837,
        1.778,
        -10,
        2.283,
        -10,
        2,
        4.083,
        -10,
        2,
        4.883,
        -10,
        2,
        5.3,
        -10,
        2,
        5.717,
        -10,
        0,
        5.883,
        0,
        2,
        6.217,
        0
      ]
    },
    {
      "Target": "Parameter",
      "Id": "Lxbcd",
      "FadeInTime": -1.0,
      "FadeOutTime": -1.0,
      "Segments": [
        0,
        0,
        2,
        0.333,
        0,
        2,
        1.433,
        0,
        0,
        2.283,
        -3,
        2,
        3.333,
        -3,
        2,
        4.883,
        -3,
        0,
        5.883,
        0,
        2,
        6.217,
        0
      ]
    },
    {
      "Target": "Parameter",
      "Id": "Lshoudh",
      "FadeInTime": -1.0,
      "FadeOutTime": -1.0,
      "Segments": [
        0,
        0,
        2,
        0.333,
        0,
        0,
        0.767,
        3,
        0,
        1.433,
        0,
        0,
        1.883,
        5,
        0,
        2.283,
        0,
        2,
        3.333,
        0,
        0,
        3.817,
        3,
        1,
        4.172,
        3,
        4.528,
        2.411,
        4.883,
        0,
        1,
        5.022,
        -0.942,
        5.161,
        -3,
        5.3,
        -3,
        0,
        5.583,
        5,
        0,
        5.867,
        0,
        2,
        6.217,
        0
      ]
    },
    {
      "Target": "Parameter",
      "Id": "Lshoudh2",
      "FadeInTime": -1.0,
      "FadeOutTime": -1.0,
      "Segments": [
        0,
        0,
        2,
        0.333,
        0,
        0,
        0.767,
        -10,
        0,
        1.433,
        0,
        2,
        2.283,
        0,
        0,
        2.8,
        7,
        0,
        3.333,
        0,
        0,
        4.883,
        10,
        1,
        5.022,
        10,
        5.161,
        7.625,
        5.3,
        0,
        1,
        5.394,
        -5.185,
        5.489,
        -10,
        5.583,
        -10,
        0,
        5.867,
        0,
        2,
        6.217,
        0
      ]
    },
    {
      "Target": "Parameter",
      "Id": "Rsbxz",
      "FadeInTime": -1.0,
      "FadeOutTime": -1.0,
      "Segments": [
        0,
        0,
        2,
        0.333,
        0,
        2,
        0.883,
        0,
        0,
        1.417,
        0.78,
        0,
        2.25,
        0,
        2,
        2.75,
        0,
        2,
        3.333,
        0,
        0,
        4,
        0.48,
        0,
        4.883,
        0,
        2,
        5.617,
        0,
        2,
        5.867,
        0,
        2,
        6.217,
        0
      ]
    },
    {
      "Target": "Parameter",
      "Id": "Rxbxz",
      "FadeInTime": -1.0,
      "FadeOutTime": -1.0,
      "Segments": [
        0,
        0,
        2,
        0.333,
        0,
        2,
        0.983,
        0,
        0,
        1.517,
        16.62,
        1,
        1.795,
        16.62,
        2.072,
        16.434,
        2.35,
        12,
        1,
        2.517,
        9.34,
        2.683,
        -6.18,
        2.85,
        -6.18,
        0,
        3.25,
        -4.107,
        0,
        4.1,
        -5.967,
        2,
        5,
        -5.967,
        0,
        5.617,
        0,
        2,
        5.867,
        0,
        2,
        6.217,
        0
      ]
    },
    {
      "Target": "Parameter",
      "Id": "Rshouxz",
      "FadeInTime": -1.0,
      "FadeOutTime": -1.0,
      "Segments": [
        0,
        0,
        2,
        0.333,
        0,
        2,
        1.083,
        0,
        0,
        1.617,
        -5.24,
        1,
        1.895,
        -5.24,
        2.172,
        2.53,
        2.45,
        10,
        1,
        2.539,
        12.39,
        2.628,
        12,
        2.717,
        12,
        0,
        2.95,
        -14.96,
        0,
        3.533,
        -5.609,
        0,
        4.2,
        -17,
        1,
        4.5,
        -17,
        4.8,
        -16.881,
        5.1,
        -13.75,
        1,
        5.272,
        -11.952,
        5.445,
        0,
        5.617,
        0,
        2,
        5.867,
        0,
        2,
        6.217,
        0
      ]
    },
    {
      "Target": "Parameter",
      "Id": "rxbbx",
      "FadeInTime": -1.0,
      "FadeOutTime": -1.0,
      "Segments": [
        0,
        0,
        2,
        0.333,
        0,
        1,
        1.189,
        0,
        2.044,
        -1.517,
        2.9,
        -5,
        1,
        3.194,
        -6.199,
        3.489,
        -7.069,
        3.783,
        -7.069,
        0,
        4.883,
        0,
        2,
        5.617,
        0,
        2,
        5.867,
        0,
        2,
        6.217,
        0
      ]
    },
    {
      "Target": "Parameter",
      "Id": "Rshangbicd",
      "FadeInTime": -1.0,
      "FadeOutTime": -1.0,
      "Segments": [
        0,
        0,
        2,
        0.333,
        0,
        0,
        1.417,
        2,
        0,
        2.25,
        0,
        2,
        4.883,
        0,
        2,
        5.617,
        0,
        2,
        5.867,
        0,
        2,
        6.217,
        0
      ]
    },
    {
      "Target": "Parameter",
      "Id": "Rxiaobcd",
      "FadeInTime": -1.0,
      "FadeOutTime": -1.0,
      "Segments": [
        0,
        0,
        2,
        0.333,
        0,
        2,
        1.417,
        0,
        2,
        2.25,
        0,
        1,
        2.417,
        0,
        2.583,
        2.45,
        2.75,
        4,
        1,
        2.944,
        5.808,
        3.139,
        6,
        3.333,
        6,
        2,
        4.883,
        6,
        0,
        5.617,
        0,
        2,
        5.867,
        0,
        2,
        6.217,
        0
      ]
    },
    {
      "Target": "Parameter",
      "Id": "Rshoudh1",
      "FadeInTime": -1.0,
      "FadeOutTime": -1.0,
      "Segments": [
        0,
        0,
        2,
        0.333,
        0,
        0,
        0.883,
        10,
        0,
        1.417,
        -10,
        0,
        2.45,
        -4,
        2,
        2.95,
        -4,
        0,
        3.083,
        10,
        0,
        3.533,
        -2,
        0,
        4.2,
        9,
        0,
        4.883,
        0,
        0,
        5.217,
        10,
        0,
        5.867,
        0,
        2,
        5.95,
        0,
        2,
        6.217,
        0
      ]
    },
    {
      "Target": "Parameter",
      "Id": "Rmuzhi",
      "FadeInTime": -1.0,
      "FadeOutTime": -1.0,
      "Segments": [
        0,
        0,
        2,
        0.333,
        0,
        0,
        2.45,
        6,
        2,
        2.95,
        6,
        0,
        3.083,
        -2,
        1,
        3.233,
        -2,
        3.383,
        1.325,
        3.533,
        2,
        1,
        3.755,
        3.001,
        3.978,
        3,
        4.2,
        3,
        0,
        4.883,
        0,
        2,
        5.867,
        0,
        2,
        5.95,
        0,
        2,
        6.217,
        0
      ]
    },
    {
      "Target": "Parameter",
      "Id": "rmoshou",
      "FadeInTime": -1.0,
      "FadeOutTime": -1.0,
      "Segments": [
        0,
        1,
        2,
        0.333,
        1,
        2,
        1.417,
        1,
        1,
        1.761,
        1,
        2.106,
        0.941,
        2.45,
        0.597,
        1,
        2.617,
        0.43,
        2.783,
        0,
        2.95,
        0,
        2,
        3.533,
        0,
        2,
        4.883,
        0,
        2,
        5.333,
        0,
        0,
        5.417,
        1,
        2,
        5.867,
        1,
        2,
        5.95,
        1,
        2,
        6.217,
        1
      ]
    },
    {
      "Target": "Parameter",
      "Id": "Rzhangshou",
      "FadeInTime": -1.0,
      "FadeOutTime": -1.0,
      "Segments": [
        0,
        0,
        2,
        0.333,
        0,
        2,
        1.417,
        0,
        1,
        1.761,
        0,
        2.106,
        0.059,
        2.45,
        0.403,
        1,
        2.617,
        0.57,
        2.783,
        1,
        2.95,
        1,
        2,
        3.533,
        1,
        2,
        4.883,
        1,
        2,
        5.4,
        1,
        0,
        5.433,
        0,
        2,
        5.867,
        0,
        2,
        5.95,
        0,
        2,
        6.217,
        0
      ]
    },
    {
      "Target": "Parameter",
      "Id": "Ldatuixz",
      "FadeInTime": -1.0,
      "FadeOutTime": -1.0,
      "Segments": [
        0,
        0,
        2,
        0.333,
        0,
        2,
        0.883,
        0,
        0,
        2.25,
        -0.7,
        0,
        3.333,
        0,
        0,
        3.833,
        -0.28,
        0,
        4.883,
        0.56,
        0,
        5.867,
        0,
        2,
        5.95,
        0,
        2,
        6.217,
        0
      ]
    },
    {
      "Target": "Parameter",
      "Id": "Lxuiaotuixz",
      "FadeInTime": -1.0,
      "FadeOutTime": -1.0,
      "Segments": [
        0,
        0,
        2,
        0.333,
        0,
        2,
        0.983,
        0,
        0,
        2.35,
        0.2,
        0,
        3.433,
        0,
        0,
        3.933,
        0.56,
        0,
        4.983,
        -0.26,
        0,
        5.867,
        0,
        2,
        5.95,
        0,
        2,
        6.217,
        0
      ]
    },
    {
      "Target": "Parameter",
      "Id": "Ljiaoxz",
      "FadeInTime": -1.0,
      "FadeOutTime": -1.0,
      "Segments": [
        0,
        0,
        2,
        0.333,
        0,
        2,
        1.083,
        0,
        0,
        2.45,
        0.92,
        0,
        3.533,
        0,
        0,
        4.033,
        1.08,
        0,
        5.083,
        -0.5,
        0,
        5.867,
        0,
        2,
        5.95,
        0,
        2,
        6.217,
        0
      ]
    },
    {
      "Target": "Parameter",
      "Id": "Rdatuixz",
      "FadeInTime": -1.0,
      "FadeOutTime": -1.0,
      "Segments": [
        0,
        0,
        2,
        0.333,
        0,
        2,
        0.983,
        0,
        0,
        1.983,
        -0.315,
        0,
        4.983,
        -0.26,
        0,
        5.5,
        -0.273,
        0,
        5.867,
        0,
        2,
        5.95,
        0,
        2,
        6.217,
        0
      ]
    },
    {
      "Target": "Parameter",
      "Id": "Rxtxz",
      "FadeInTime": -1.0,
      "FadeOutTime": -1.0,
      "Segments": [
        0,
        0,
        2,
        0.333,
        0,
        2,
        1.083,
        0,
        0,
        5.083,
        0.16,
        0,
        5.867,
        0,
        2,
        5.95,
        0,
        2,
        6.217,
        0
      ]
    },
    {
      "Target": "Parameter",
      "Id": "Rjiaoxz",
      "FadeInTime": -1.0,
      "FadeOutTime": -1.0,
      "Segments": [
        0,
        0,
        2,
        0.333,
        0,
        2,
        1.183,
        0,
        0,
        5.183,
        -0.2,
        0,
        5.867,
        0,
        2,
        5.95,
        0,
        2,
        6.217,
        0
      ]
    },
    {
      "Target": "Parameter",
      "Id": "xionglian8",
      "FadeInTime": -1.0,
      "FadeOutTime": -1.0,
      "Segments": [
        0,
        0,
        2,
        0.333,
        0,
        1,
        0.661,
        0,
        0.989,
        3.123,
        1.317,
        5.9,
        1,
        1.717,
        9.289,
        2.117,
        10,
        2.517,
        10,
        0,
        3.15,
        4.5,
        0,
        4.1,
        10,
        0,
        5.217,
        0,
        2,
        6.217,
        0
      ]
    },
    {
      "Target": "Parameter",
      "Id": "jiupings1",
      "FadeInTime": -1.0,
      "FadeOutTime": -1.0,
      "Segments": [
        0,
        -2.002,
        1,
        0.256,
        -2.002,
        0.511,
        -1.974,
        0.767,
        -1.138,
        1,
        1.017,
        -0.321,
        1.267,
        1.138,
        1.517,
        1.138,
        0,
        2.283,
        -1.138,
        0,
        3.033,
        1.138,
        0,
        3.8,
        -1.138,
        0,
        4.55,
        1.138,
        1,
        4.806,
        1.138,
        5.061,
        -0.426,
        5.317,
        -1.138,
        1,
        5.617,
        -1.974,
        5.917,
        -2.002,
        6.217,
        -2.002
      ]
    },
    {
      "Target": "Parameter",
      "Id": "jiupings2",
      "FadeInTime": -1.0,
      "FadeOutTime": -1.0,
      "Segments": [
        0,
        -0.149,
        0,
        0.383,
        -1.138,
        0,
        1.15,
        1.138,
        0,
        1.9,
        -1.138,
        0,
        2.683,
        1.138,
        0,
        3.45,
        -1.138,
        0,
        4.167,
        1.138,
        0,
        4.933,
        -1.138,
        0,
        5.7,
        1.138,
        0,
        6.217,
        -0.149
      ]
    },
    {
      "Target": "Parameter",
      "Id": "jiupsz",
      "FadeInTime": -1.0,
      "FadeOutTime": -1.0,
      "Segments": [
        0,
        0,
        2,
        0.333,
        0,
        2,
        0.75,
        0,
        0,
        1.267,
        -10,
        2,
        3.333,
        -10,
        2,
        4.883,
        -10,
        2,
        5.233,
        -10,
        0,
        5.867,
        0,
        2,
        6.217,
        0
      ]
    },
    {
      "Target": "Parameter",
      "Id": "jiX",
      "FadeInTime": -1.0,
      "FadeOutTime": -1.0,
      "Segments": [
        0,
        -0.998,
        2,
        0.333,
        -0.998,
        1,
        0.472,
        -0.998,
        0.611,
        -1.064,
        0.75,
        0,
        1,
        0.85,
        0.766,
        0.95,
        8,
        1.05,
        8,
        1,
        1.122,
        8,
        1.195,
        8.032,
        1.267,
        6,
        1,
        1.4,
        2.248,
        1.534,
        -2,
        1.667,
        -2,
        0,
        2.067,
        10,
        1,
        2.234,
        10,
        2.4,
        3.064,
        2.567,
        1,
        1,
        2.784,
        -1.683,
        3,
        -1.7,
        3.217,
        -1.7,
        0,
        3.8,
        -0.28,
        0,
        4.483,
        -1.96,
        0,
        5.433,
        0,
        0,
        6.217,
        -0.998
      ]
    },
    {
      "Target": "Parameter",
      "Id": "jiY",
      "FadeInTime": -1.0,
      "FadeOutTime": -1.0,
      "Segments": [
        0,
        -0.12,
        2,
        0.333,
        -0.12,
        0,
        0.75,
        -5,
        0,
        1.05,
        2,
        0,
        1.267,
        -4,
        0,
        1.667,
        3,
        0,
        2.067,
        -1,
        0,
        2.567,
        3,
        0,
        3.217,
        -0.346,
        0,
        3.8,
        1.772,
        0,
        4.483,
        -0.353,
        0,
        5.45,
        0,
        0,
        6.217,
        -0.12
      ]
    },
    {
      "Target": "Parameter",
      "Id": "jidaim1",
      "FadeInTime": -1.0,
      "FadeOutTime": -1.0,
      "Segments": [
        0,
        -5.009,
        2,
        0.333,
        -5.009,
        0,
        1.8,
        5.009,
        0,
        3.267,
        -5.009,
        0,
        4.733,
        5.009,
        0,
        6.217,
        -5.009
      ]
    },
    {
      "Target": "Parameter",
      "Id": "jidaim2",
      "FadeInTime": -1.0,
      "FadeOutTime": -1.0,
      "Segments": [
        0,
        -0.15,
        2,
        0.333,
        -0.15,
        0,
        1.067,
        5.009,
        0,
        2.533,
        -5.009,
        0,
        4,
        5.009,
        0,
        5.467,
        -5.009,
        0,
        6.217,
        -0.15
      ]
    },
    {
      "Target": "Parameter",
      "Id": "jiupf",
      "FadeInTime": -1.0,
      "FadeOutTime": -1.0,
      "Segments": [
        0,
        0,
        2,
        0.333,
        0,
        2,
        0.75,
        0,
        0,
        1.267,
        1,
        2,
        1.667,
        1,
        2,
        4.883,
        1,
        2,
        5.233,
        1,
        0,
        5.867,
        0,
        2,
        6.217,
        0
      ]
    },
    {
      "Target": "Parameter",
      "Id": "jiupsx",
      "FadeInTime": -1.0,
      "FadeOutTime": -1.0,
      "Segments": [
        0,
        0,
        2,
        0.333,
        0,
        0,
        0.75,
        -2,
        0,
        1.05,
        2,
        0,
        1.267,
        0,
        2,
        1.667,
        0,
        2,
        5.867,
        0,
        2,
        6.217,
        0
      ]
    },
    {
      "Target": "Parameter",
      "Id": "jisjohu",
      "FadeInTime": -1.0,
      "FadeOutTime": -1.0,
      "Segments": [
        0,
        0,
        2,
        0.333,
        0,
        2,
        1.267,
        0,
        0,
        1.667,
        6,
        1,
        1.8,
        6,
        1.934,
        5.407,
        2.067,
        3,
        1,
        2.234,
        -0.008,
        2.4,
        -2.4,
        2.567,
        -2.4,
        0,
        3.233,
        0.94,
        0,
        4,
        -1.04,
        1,
        4.278,
        -1.04,
        4.555,
        -1.086,
        4.833,
        0,
        1,
        5.011,
        0.695,
        5.189,
        10,
        5.367,
        10,
        0,
        5.867,
        0,
        2,
        6.217,
        0
      ]
    },
    {
      "Target": "Parameter",
      "Id": "jihoushou",
      "FadeInTime": -1.0,
      "FadeOutTime": -1.0,
      "Segments": [
        0,
        0,
        2,
        0.333,
        0,
        2,
        1.267,
        0,
        0,
        1.667,
        7,
        2,
        2.067,
        7,
        0,
        5.867,
        0,
        2,
        6.217,
        0
      ]
    },
    {
      "Target": "Parameter",
      "Id": "jishouna",
      "FadeInTime": -1.0,
      "FadeOutTime": -1.0,
      "Segments": [
        0,
        0,
        2,
        0.333,
        0,
        2,
        1.267,
        0,
        2,
        1.667,
        0,
        0,
        2.067,
        10,
        1,
        2.234,
        10,
        2.4,
        2.9,
        2.567,
        2.6,
        1,
        3.667,
        0.621,
        4.767,
        0,
        5.867,
        0,
        2,
        6.217,
        0
      ]
    },
    {
      "Target": "Parameter",
      "Id": "jixinfengxs",
      "FadeInTime": -1.0,
      "FadeOutTime": -1.0,
      "Segments": [
        0,
        0,
        2,
        0.333,
        0,
        2,
        1.267,
        0,
        2,
        1.667,
        0,
        2,
        2.067,
        0,
        0,
        2.567,
        10,
        2,
        4.883,
        10,
        0,
        5.367,
        12,
        2,
        5.383,
        0,
        2,
        5.867,
        0,
        2,
        6.217,
        0
      ]
    },
    {
      "Target": "Parameter",
      "Id": "jixfy",
      "FadeInTime": -1.0,
      "FadeOutTime": -1.0,
      "Segments": [
        0,
        0,
        2,
        0.333,
        0,
        2,
        2.067,
        0,
        0,
        2.383,
        -5,
        1,
        2.444,
        -5,
        2.506,
        -5.371,
        2.567,
        -4,
        1,
        2.678,
        -1.507,
        2.789,
        6,
        2.9,
        6,
        0,
        3.233,
        -5,
        1,
        3.422,
        -5,
        3.611,
        -4.648,
        3.8,
        -2,
        1,
        3.994,
        0.726,
        4.189,
        4,
        4.383,
        4,
        0,
        5.133,
        0,
        2,
        5.867,
        0,
        2,
        6.217,
        0
      ]
    },
    {
      "Target": "Parameter",
      "Id": "yet1",
      "FadeInTime": -1.0,
      "FadeOutTime": -1.0,
      "Segments": [
        0,
        0,
        2,
        0.333,
        0,
        0,
        0.767,
        -1.138,
        0,
        1.517,
        1.138,
        0,
        2.283,
        -1.138,
        0,
        3.033,
        1.138,
        0,
        3.8,
        -1.138,
        0,
        4.55,
        1.138,
        0,
        5.317,
        -1.138,
        0,
        6.217,
        0
      ]
    },
    {
      "Target": "Parameter",
      "Id": "yet2",
      "FadeInTime": -1.0,
      "FadeOutTime": -1.0,
      "Segments": [
        0,
        0,
        0,
        0.4,
        -1.138,
        0,
        1.15,
        1.138,
        0,
        1.9,
        -1.138,
        0,
        2.683,
        1.138,
        0,
        3.45,
        -1.138,
        0,
        4.167,
        1.138,
        0,
        4.933,
        -1.138,
        0,
        5.7,
        1.138,
        0,
        6.217,
        0
      ]
    },
    {
      "Target": "Parameter",
      "Id": "Paramring",
      "FadeInTime": -1.0,
      "FadeOutTime": -1.0,
      "Segments": [
        0,
        0,
        0,
        6.217,
        0
      ]
    },
    {
      "Target": "Parameter",
      "Id": "touch_drag1",
      "FadeInTime": -1.0,
      "FadeOutTime": -1.0,
      "Segments": [
        0,
        0,
        0,
        6.217,
        0
      ]
    },
    {
      "Target": "Parameter",
      "Id": "touch_drag2",
      "FadeInTime": -1.0,
      "FadeOutTime": -1.0,
      "Segments": [
        0,
        0,
        0,
        6.217,
        0
      ]
    },
    {
      "Target": "Parameter",
      "Id": "touch_drag3",
      "FadeInTime": -1.0,
      "FadeOutTime": -1.0,
      "Segments": [
        0,
        0,
        0,
        6.217,
        0
      ]
    },
    {
      "Target": "Parameter",
      "Id": "touch_drag4",
      "FadeInTime": -1.0,
      "FadeOutTime": -1.0,
      "Segments": [
        0,
        0,
        0,
        6.217,
        0
      ]
    },
    {
      "Target": "Parameter",
      "Id": "touch_drag5",
      "FadeInTime": -1.0,
      "FadeOutTime": -1.0,
      "Segments": [
        0,
        0,
        0,
        6.217,
        0
      ]
    },
    {
      "Target": "Parameter",
      "Id": "touch_drag6",
      "FadeInTime": -1.0,
      "FadeOutTime": -1.0,
      "Segments": [
        0,
        0,
        0,
        6.217,
        0
      ]
    },
    {
      "Target": "Parameter",
      "Id": "touch_drag8",
      "FadeInTime": -1.0,
      "FadeOutTime": -1.0,
      "Segments": [
        0,
        0,
        0,
        6.217,
        0
      ]
    },
    {
      "Target": "Parameter",
      "Id": "touch_drag9",
      "FadeInTime": -1.0,
      "FadeOutTime": -1.0,
      "Segments": [
        0,
        0,
        0,
        6.217,
        0
      ]
    },
    {
      "Target": "Parameter",
      "Id": "sdwuli",
      "FadeInTime": -1.0,
      "FadeOutTime": -1.0,
      "Segments": [
        0,
        0,
        0,
        6.217,
        0
      ]
    },
    {
      "Target": "Parameter",
      "Id": "XXXXXXX2",
      "FadeInTime": -1.0,
      "FadeOutTime": -1.0,
      "Segments": [
        0,
        0,
        0,
        6.217,
        0
      ]
    },
    {
      "Target": "Parameter",
      "Id": "xxzzx",
      "FadeInTime": -1.0,
      "FadeOutTime": -1.0,
      "Segments": [
        0,
        0,
        0,
        6.217,
        0
      ]
    },
    {
      "Target": "Parameter",
      "Id": "qianshuiqie",
      "FadeInTime": -1.0,
      "FadeOutTime": -1.0,
      "Segments": [
        0,
        0,
        0,
        6.217,
        0
      ]
    },
    {
      "Target": "Parameter",
      "Id": "dldh",
      "FadeInTime": -1.0,
      "FadeOutTime": -1.0,
      "Segments": [
        0,
        0,
        0,
        6.217,
        0
      ]
    },
    {
      "Target": "Parameter",
      "Id": "heikuang",
      "FadeInTime": -1.0,
      "FadeOutTime": -1.0,
      "Segments": [
        0,
        0,
        0,
        6.217,
        0
      ]
    },
    {
      "Target": "Parameter",
      "Id": "heiping",
      "FadeInTime": -1.0,
      "FadeOutTime": -1.0,
      "Segments": [
        0,
        0,
        0,
        6.217,
        0
      ]
    },
    {
      "Target": "Parameter",
      "Id": "liuxing",
      "FadeInTime": -1.0,
      "FadeOutTime": -1.0,
      "Segments": [
        0,
        0,
        0,
        6.217,
        0
      ]
    },
    {
      "Target": "Parameter",
      "Id": "renxs",
      "FadeInTime": -1.0,
      "FadeOutTime": -1.0,
      "Segments": [
        0,
        1,
        0,
        6.217,
        1
      ]
    },
    {
      "Target": "Parameter",
      "Id": "houwxs",
      "FadeInTime": -1.0,
      "FadeOutTime": -1.0,
      "Segments": [
        0,
        1,
        0,
        6.217,
        1
      ]
    },
    {
      "Target": "Parameter",
      "Id": "zhengtidx",
      "FadeInTime": -1.0,
      "FadeOutTime": -1.0,
      "Segments": [
        0,
        0,
        0,
        6.217,
        0
      ]
    },
    {
      "Target": "Parameter",
      "Id": "zhengtix",
      "FadeInTime": -1.0,
      "FadeOutTime": -1.0,
      "Segments": [
        0,
        0,
        0,
        6.217,
        0
      ]
    },
    {
      "Target": "Parameter",
      "Id": "zhengtiY",
      "FadeInTime": -1.0,
      "FadeOutTime": -1.0,
      "Segments": [
        0,
        0,
        0,
        6.217,
        0
      ]
    },
    {
      "Target": "Parameter",
      "Id": "XXXXXXX15",
      "FadeInTime": -1.0,
      "FadeOutTime": -1.0,
      "Segments": [
        0,
        0,
        0,
        6.217,
        0
      ]
    },
    {
      "Target": "Parameter",
      "Id": "texiaogb",
      "FadeInTime": -1.0,
      "FadeOutTime": -1.0,
      "Segments": [
        0,
        0,
        0,
        6.217,
        0
      ]
    },
    {
      "Target": "Parameter",
      "Id": "jingtgb",
      "FadeInTime": -1.0,
      "FadeOutTime": -1.0,
      "Segments": [
        0,
        0,
        0,
        6.217,
        0
      ]
    },
    {
      "Target": "Parameter",
      "Id": "jingtgb2",
      "FadeInTime": -1.0,
      "FadeOutTime": -1.0,
      "Segments": [
        0,
        0,
        0,
        6.217,
        0
      ]
    },
    {
      "Target": "Parameter",
      "Id": "jingtgb3",
      "FadeInTime": -1.0,
      "FadeOutTime": -1.0,
      "Segments": [
        0,
        0,
        0,
        6.217,
        0
      ]
    },
    {
      "Target": "Parameter",
      "Id": "lvjing",
      "FadeInTime": -1.0,
      "FadeOutTime": -1.0,
      "Segments": [
        0,
        0,
        0,
        6.217,
        0
      ]
    },
    {
      "Target": "Parameter",
      "Id": "baipingguang",
      "FadeInTime": -1.0,
      "FadeOutTime": -1.0,
      "Segments": [
        0,
        0,
        0,
        6.217,
        0
      ]
    },
    {
      "Target": "Parameter",
      "Id": "XXXXXXX16",
      "FadeInTime": -1.0,
      "FadeOutTime": -1.0,
      "Segments": [
        0,
        0,
        0,
        6.217,
        0
      ]
    },
    {
      "Target": "Parameter",
      "Id": "beijjuan",
      "FadeInTime": -1.0,
      "FadeOutTime": -1.0,
      "Segments": [
        0,
        0,
        0,
        6.217,
        0
      ]
    },
    {
      "Target": "Parameter",
      "Id": "Param2",
      "FadeInTime": -1.0,
      "FadeOutTime": -1.0,
      "Segments": [
        0,
        1,
        0,
        6.217,
        1
      ]
    },
    {
      "Target": "Parameter",
      "Id": "ParamEyeLSmile",
      "FadeInTime": -1.0,
      "FadeOutTime": -1.0,
      "Segments": [
        0,
        0,
        0,
        6.217,
        0
      ]
    },
    {
      "Target": "Parameter",
      "Id": "ParamBrowLForm",
      "FadeInTime": -1.0,
      "FadeOutTime": -1.0,
      "Segments": [
        0,
        0,
        0,
        6.217,
        0
      ]
    },
    {
      "Target": "Parameter",
      "Id": "ParamBrowLAngle",
      "FadeInTime": -1.0,
      "FadeOutTime": -1.0,
      "Segments": [
        0,
        0,
        0,
        6.217,
        0
      ]
    },
    {
      "Target": "Parameter",
      "Id": "lianh",
      "FadeInTime": -1.0,
      "FadeOutTime": -1.0,
      "Segments": [
        0,
        0,
        0,
        6.217,
        0
      ]
    },
    {
      "Target": "Parameter",
      "Id": "zuiyexs",
      "FadeInTime": -1.0,
      "FadeOutTime": -1.0,
      "Segments": [
        0,
        0,
        0,
        6.217,
        0
      ]
    },
    {
      "Target": "Parameter",
      "Id": "zuiytcj",
      "FadeInTime": -1.0,
      "FadeOutTime": -1.0,
      "Segments": [
        0,
        0,
        0,
        6.217,
        0
      ]
    },
    {
      "Target": "Parameter",
      "Id": "zytchi",
      "FadeInTime": -1.0,
      "FadeOutTime": -1.0,
      "Segments": [
        0,
        0,
        0,
        6.217,
        0
      ]
    },
    {
      "Target": "Parameter",
      "Id": "XXXXXXX14",
      "FadeInTime": -1.0,
      "FadeOutTime": -1.0,
      "Segments": [
        0,
        0,
        0,
        6.217,
        0
      ]
    },
    {
      "Target": "Parameter",
      "Id": "yaguan",
      "FadeInTime": -1.0,
      "FadeOutTime": -1.0,
      "Segments": [
        0,
        0,
        0,
        6.217,
        0
      ]
    },
    {
      "Target": "Parameter",
      "Id": "zuijiay",
      "FadeInTime": -1.0,
      "FadeOutTime": -1.0,
      "Segments": [
        0,
        0,
        0,
        6.217,
        0
      ]
    },
    {
      "Target": "Parameter",
      "Id": "tushe",
      "FadeInTime": -1.0,
      "FadeOutTime": -1.0,
      "Segments": [
        0,
        0,
        0,
        6.217,
        0
      ]
    },
    {
      "Target": "Parameter",
      "Id": "ParamMouthOpenY2",
      "FadeInTime": -1.0,
      "FadeOutTime": -1.0,
      "Segments": [
        0,
        0,
        0,
        6.217,
        0
      ]
    },
    {
      "Target": "Parameter",
      "Id": "shoudzq",
      "FadeInTime": -1.0,
      "FadeOutTime": -1.0,
      "Segments": [
        0,
        0,
        0,
        6.217,
        0
      ]
    },
    {
      "Target": "Parameter",
      "Id": "bozss",
      "FadeInTime": -1.0,
      "FadeOutTime": -1.0,
      "Segments": [
        0,
        0,
        0,
        6.217,
        0
      ]
    },
    {
      "Target": "Parameter",
      "Id": "XXXXXXX3",
      "FadeInTime": -1.0,
      "FadeOutTime": -1.0,
      "Segments": [
        0,
        0,
        0,
        6.217,
        0
      ]
    },
    {
      "Target": "Parameter",
      "Id": "stsxz",
      "FadeInTime": -1.0,
      "FadeOutTime": -1.0,
      "Segments": [
        0,
        0,
        0,
        6.217,
        0
      ]
    },
    {
      "Target": "Parameter",
      "Id": "ParamBodyAngleZ",
      "FadeInTime": -1.0,
      "FadeOutTime": -1.0,
      "Segments": [
        0,
        0,
        0,
        6.217,
        0
      ]
    },
    {
      "Target": "Parameter",
      "Id": "Ljiansx",
      "FadeInTime": -1.0,
      "FadeOutTime": -1.0,
      "Segments": [
        0,
        0,
        0,
        6.217,
        0
      ]
    },
    {
      "Target": "Parameter",
      "Id": "Lshagbuiq",
      "FadeInTime": -1.0,
      "FadeOutTime": -1.0,
      "Segments": [
        0,
        0,
        0,
        6.217,
        0
      ]
    },
    {
      "Target": "Parameter",
      "Id": "XXXXXXX8",
      "FadeInTime": -1.0,
      "FadeOutTime": -1.0,
      "Segments": [
        0,
        0,
        0,
        6.217,
        0
      ]
    },
    {
      "Target": "Parameter",
      "Id": "Lshangbcd",
      "FadeInTime": -1.0,
      "FadeOutTime": -1.0,
      "Segments": [
        0,
        0,
        0,
        6.217,
        0
      ]
    },
    {
      "Target": "Parameter",
      "Id": "Lxiutz",
      "FadeInTime": -1.0,
      "FadeOutTime": -1.0,
      "Segments": [
        0,
        0,
        0,
        6.217,
        0
      ]
    },
    {
      "Target": "Parameter",
      "Id": "Lxiaobicj",
      "FadeInTime": -1.0,
      "FadeOutTime": -1.0,
      "Segments": [
        0,
        0,
        0,
        6.217,
        0
      ]
    },
    {
      "Target": "Parameter",
      "Id": "lmuzhi",
      "FadeInTime": -1.0,
      "FadeOutTime": -1.0,
      "Segments": [
        0,
        0,
        0,
        6.217,
        0
      ]
    },
    {
      "Target": "Parameter",
      "Id": "XXXXXXX10",
      "FadeInTime": -1.0,
      "FadeOutTime": -1.0,
      "Segments": [
        0,
        0,
        0,
        6.217,
        0
      ]
    },
    {
      "Target": "Parameter",
      "Id": "lmoshou",
      "FadeInTime": -1.0,
      "FadeOutTime": -1.0,
      "Segments": [
        0,
        1,
        0,
        6.217,
        1
      ]
    },
    {
      "Target": "Parameter",
      "Id": "tuosais",
      "FadeInTime": -1.0,
      "FadeOutTime": -1.0,
      "Segments": [
        0,
        0,
        0,
        6.217,
        0
      ]
    },
    {
      "Target": "Parameter",
      "Id": "Ltaihou",
      "FadeInTime": -1.0,
      "FadeOutTime": -1.0,
      "Segments": [
        0,
        0,
        0,
        6.217,
        0
      ]
    },
    {
      "Target": "Parameter",
      "Id": "Ltoushou",
      "FadeInTime": -1.0,
      "FadeOutTime": -1.0,
      "Segments": [
        0,
        0,
        0,
        6.217,
        0
      ]
    },
    {
      "Target": "Parameter",
      "Id": "Lhezhang",
      "FadeInTime": -1.0,
      "FadeOutTime": -1.0,
      "Segments": [
        0,
        0,
        0,
        6.217,
        0
      ]
    },
    {
      "Target": "Parameter",
      "Id": "XXXXXXX12",
      "FadeInTime": -1.0,
      "FadeOutTime": -1.0,
      "Segments": [
        0,
        0,
        0,
        6.217,
        0
      ]
    },
    {
      "Target": "Parameter",
      "Id": "shoujbxs",
      "FadeInTime": -1.0,
      "FadeOutTime": -1.0,
      "Segments": [
        0,
        0,
        0,
        6.217,
        0
      ]
    },
    {
      "Target": "Parameter",
      "Id": "shoujbxz",
      "FadeInTime": -1.0,
      "FadeOutTime": -1.0,
      "Segments": [
        0,
        0,
        0,
        6.217,
        0
      ]
    },
    {
      "Target": "Parameter",
      "Id": "shoujbsx",
      "FadeInTime": -1.0,
      "FadeOutTime": -1.0,
      "Segments": [
        0,
        0,
        0,
        6.217,
        0
      ]
    },
    {
      "Target": "Parameter",
      "Id": "shoujbY",
      "FadeInTime": -1.0,
      "FadeOutTime": -1.0,
      "Segments": [
        0,
        0,
        0,
        6.217,
        0
      ]
    },
    {
      "Target": "Parameter",
      "Id": "jishouying1",
      "FadeInTime": -1.0,
      "FadeOutTime": -1.0,
      "Segments": [
        0,
        0,
        0,
        6.217,
        0
      ]
    },
    {
      "Target": "Parameter",
      "Id": "jishouying2",
      "FadeInTime": -1.0,
      "FadeOutTime": -1.0,
      "Segments": [
        0,
        0,
        0,
        6.217,
        0
      ]
    },
    {
      "Target": "Parameter",
      "Id": "XXXXXXX13",
      "FadeInTime": -1.0,
      "FadeOutTime": -1.0,
      "Segments": [
        0,
        0,
        0,
        6.217,
        0
      ]
    },
    {
      "Target": "Parameter",
      "Id": "shouxinxs",
      "FadeInTime": -1.0,
      "FadeOutTime": -1.0,
      "Segments": [
        0,
        0,
        0,
        6.217,
        0
      ]
    },
    {
      "Target": "Parameter",
      "Id": "shouxinxz",
      "FadeInTime": -1.0,
      "FadeOutTime": -1.0,
      "Segments": [
        0,
        0,
        0,
        6.217,
        0
      ]
    },
    {
      "Target": "Parameter",
      "Id": "shouxin1",
      "FadeInTime": -1.0,
      "FadeOutTime": -1.0,
      "Segments": [
        0,
        0,
        0,
        6.217,
        0
      ]
    },
    {
      "Target": "Parameter",
      "Id": "shouxin2",
      "FadeInTime": -1.0,
      "FadeOutTime": -1.0,
      "Segments": [
        0,
        0,
        0,
        6.217,
        0
      ]
    },
    {
      "Target": "Parameter",
      "Id": "XXXXXXX7",
      "FadeInTime": -1.0,
      "FadeOutTime": -1.0,
      "Segments": [
        0,
        0,
        0,
        6.217,
        0
      ]
    },
    {
      "Target": "Parameter",
      "Id": "rxiaobiq",
      "FadeInTime": -1.0,
      "FadeOutTime": -1.0,
      "Segments": [
        0,
        0,
        0,
        6.217,
        0
      ]
    },
    {
      "Target": "Parameter",
      "Id": "Rxiaobicj",
      "FadeInTime": -1.0,
      "FadeOutTime": -1.0,
      "Segments": [
        0,
        0,
        0,
        6.217,
        0
      ]
    },
    {
      "Target": "Parameter",
      "Id": "Rshoudh2",
      "FadeInTime": -1.0,
      "FadeOutTime": -1.0,
      "Segments": [
        0,
        0,
        0,
        6.217,
        0
      ]
    },
    {
      "Target": "Parameter",
      "Id": "XXXXXXX6",
      "FadeInTime": -1.0,
      "FadeOutTime": -1.0,
      "Segments": [
        0,
        0,
        0,
        6.217,
        0
      ]
    },
    {
      "Target": "Parameter",
      "Id": "liaofsou",
      "FadeInTime": -1.0,
      "FadeOutTime": -1.0,
      "Segments": [
        0,
        0,
        0,
        6.217,
        0
      ]
    },
    {
      "Target": "Parameter",
      "Id": "Rtaoeshou",
      "FadeInTime": -1.0,
      "FadeOutTime": -1.0,
      "Segments": [
        0,
        0,
        0,
        6.217,
        0
      ]
    },
    {
      "Target": "Parameter",
      "Id": "chuotaoshou",
      "FadeInTime": -1.0,
      "FadeOutTime": -1.0,
      "Segments": [
        0,
        0,
        0,
        6.217,
        0
      ]
    },
    {
      "Target": "Parameter",
      "Id": "rhezhgn",
      "FadeInTime": -1.0,
      "FadeOutTime": -1.0,
      "Segments": [
        0,
        0,
        0,
        6.217,
        0
      ]
    },
    {
      "Target": "Parameter",
      "Id": "shouytxs",
      "FadeInTime": -1.0,
      "FadeOutTime": -1.0,
      "Segments": [
        0,
        0,
        0,
        6.217,
        0
      ]
    },
    {
      "Target": "Parameter",
      "Id": "shouytxz",
      "FadeInTime": -1.0,
      "FadeOutTime": -1.0,
      "Segments": [
        0,
        0,
        0,
        6.217,
        0
      ]
    },
    {
      "Target": "Parameter",
      "Id": "jijazhe",
      "FadeInTime": -1.0,
      "FadeOutTime": -1.0,
      "Segments": [
        0,
        0,
        0,
        6.217,
        0
      ]
    },
    {
      "Target": "Parameter",
      "Id": "jiupxz",
      "FadeInTime": -1.0,
      "FadeOutTime": -1.0,
      "Segments": [
        0,
        -0.024,
        0,
        6.217,
        -0.024
      ]
    },
    {
      "Target": "Parameter",
      "Id": "XXXXXXX5",
      "FadeInTime": -1.0,
      "FadeOutTime": -1.0,
      "Segments": [
        0,
        0,
        0,
        6.217,
        0
      ]
    },
    {
      "Target": "Parameter",
      "Id": "shoujbyz",
      "FadeInTime": -1.0,
      "FadeOutTime": -1.0,
      "Segments": [
        0,
        0,
        0,
        6.217,
        0
      ]
    },
    {
      "Target": "Parameter",
      "Id": "jiubgg",
      "FadeInTime": -1.0,
      "FadeOutTime": -1.0,
      "Segments": [
        0,
        1,
        0,
        6.217,
        1
      ]
    },
    {
      "Target": "Parameter",
      "Id": "XXXXXXX17",
      "FadeInTime": -1.0,
      "FadeOutTime": -1.0,
      "Segments": [
        0,
        0,
        0,
        6.217,
        0
      ]
    },
    {
      "Target": "Parameter",
      "Id": "MB_yanwubaozha",
      "FadeInTime": -1.0,
      "FadeOutTime": -1.0,
      "Segments": [
        0,
        0,
        0,
        6.217,
        0
      ]
    },
    {
      "Target": "Parameter",
      "Id": "tangjichu",
      "FadeInTime": -1.0,
      "FadeOutTime": -1.0,
      "Segments": [
        0,
        0,
        0,
        6.217,
        0
      ]
    },
    {
      "Target": "Parameter",
      "Id": "tangjibq",
      "FadeInTime": -1.0,
      "FadeOutTime": -1.0,
      "Segments": [
        0,
        0,
        0,
        6.217,
        0
      ]
    },
    {
      "Target": "Parameter",
      "Id": "tangjidm",
      "FadeInTime": -1.0,
      "FadeOutTime": -1.0,
      "Segments": [
        0,
        0,
        0,
        6.217,
        0
      ]
    },
    {
      "Target": "Parameter",
      "Id": "tangjidm2",
      "FadeInTime": -1.0,
      "FadeOutTime": -1.0,
      "Segments": [
        0,
        0,
        0,
        6.217,
        0
      ]
    },
    {
      "Target": "Parameter",
      "Id": "tangjiX",
      "FadeInTime": -1.0,
      "FadeOutTime": -1.0,
      "Segments": [
        0,
        0,
        0,
        6.217,
        0
      ]
    },
    {
      "Target": "Parameter",
      "Id": "tangjiY",
      "FadeInTime": -1.0,
      "FadeOutTime": -1.0,
      "Segments": [
        0,
        0,
        0,
        6.217,
        0
      ]
    },
    {
      "Target": "Parameter",
      "Id": "XXXXXXX18",
      "FadeInTime": -1.0,
      "FadeOutTime": -1.0,
      "Segments": [
        0,
        0,
        0,
        6.217,
        0
      ]
    }
  ],
  "UserData": [
    {
      "Time": 0.0,
      "Value": ""
    },
    {
      "Time": 0.333,
      "Value": ""
    },
    {
      "Time": 5.717,
      "Value": ""
    }
  ]
}