{
  "Version": 3,
  "Meta": {
    "Duration": 18.033,
    "Fps": 60.0,
    "Loop": true,
    "AreBeziersRestricted": true,
    "FadeInTime": 0.0,
    "FadeOutTime": 0.0,
    "CurveCount": 154,
    "TotalSegmentCount": 1290,
    "TotalPointCount": 1726,
    "UserDataCount": 3,
    "TotalUserDataSize": 0
  },
  "Curves": [
    {
      "Target": "Parameter",
      "Id": "ParamEyeLOpen",
      "FadeInTime": -1.0,
      "FadeOutTime": -1.0,
      "Segments": [
        0,
        1,
        2,
        0.333,
        1,
        2,
        0.5,
        1,
        0,
        0.7,
        0,
        2,
        2.217,
        0,
        0,
        2.667,
        1,
        2,
        3.333,
        1,
        0,
        3.65,
        0.8,
        2,
        4.417,
        0.8,
        0,
        4.75,
        0,
        2,
        4.85,
        0,
        0,
        5.2,
        1.1,
        1,
        5.3,
        1.1,
        5.4,
        1.053,
        5.5,
        1,
        1,
        5.772,
        0.856,
        6.045,
        0.8,
        6.317,
        0.8,
        0,
        7.233,
        1,
        0,
        7.567,
        0,
        0,
        7.817,
        1,
        2,
        9.383,
        1,
        0,
        9.917,
        0,
        2,
        10.567,
        0,
        0,
        11.117,
        1,
        2,
        11.817,
        1,
        2,
        12.9,
        1,
        2,
        14.017,
        1,
        0,
        14.3,
        0,
        2,
        14.933,
        0,
        0,
        15.217,
        1,
        0,
        15.85,
        0,
        0,
        16.483,
        1,
        2,
        17.733,
        1,
        2,
        18.033,
        1
      ]
    },
    {
      "Target": "Parameter",
      "Id": "ParamEyeBallX",
      "FadeInTime": -1.0,
      "FadeOutTime": -1.0,
      "Segments": [
        0,
        0,
        2,
        0.333,
        0,
        2,
        2.083,
        0,
        2,
        2.45,
        0,
        0,
        3.65,
        -0.2,
        0,
        7.817,
        0,
        2,
        11.117,
        0,
        0,
        11.817,
        -0.005,
        2,
        12.9,
        -0.005,
        0,
        13.8,
        -0.5,
        2,
        15.217,
        -0.5,
        0,
        15.85,
        -0.6,
        0,
        16.483,
        -0.1,
        2,
        17.1,
        -0.1,
        0,
        17.733,
        0,
        2,
        18.033,
        0
      ]
    },
    {
      "Target": "Parameter",
      "Id": "ParamEyeBallY",
      "FadeInTime": -1.0,
      "FadeOutTime": -1.0,
      "Segments": [
        0,
        0,
        2,
        0.333,
        0,
        2,
        2.083,
        0,
        0,
        2.45,
        -0.382,
        2,
        3.65,
        -0.382,
        2,
        5.583,
        -0.382,
        2,
        12.9,
        -0.382,
        0,
        13.8,
        0.1,
        1,
        14.272,
        0.1,
        14.745,
        0.005,
        15.217,
        -0.3,
        1,
        15.428,
        -0.436,
        15.639,
        -0.6,
        15.85,
        -0.6,
        1,
        16.061,
        -0.6,
        16.272,
        -0.591,
        16.483,
        -0.4,
        1,
        16.689,
        -0.214,
        16.894,
        0.1,
        17.1,
        0.1,
        0,
        17.733,
        0,
        2,
        18.033,
        0
      ]
    },
    {
      "Target": "Parameter",
      "Id": "ParamBrowLForm",
      "FadeInTime": -1.0,
      "FadeOutTime": -1.0,
      "Segments": [
        0,
        0,
        2,
        0.333,
        0,
        0,
        0.783,
        -0.3,
        2,
        2.1,
        -0.3,
        0,
        2.467,
        -0.1,
        2,
        3.333,
        -0.1,
        0,
        3.65,
        -0.6,
        2,
        4.75,
        -0.6,
        1,
        4.817,
        -0.6,
        4.883,
        -0.25,
        4.95,
        -0.1,
        1,
        5.067,
        0.163,
        5.183,
        0.2,
        5.3,
        0.2,
        0,
        7.817,
        0,
        2,
        11.117,
        0,
        2,
        11.817,
        0,
        2,
        12.9,
        0,
        2,
        17.733,
        0,
        2,
        18.033,
        0
      ]
    },
    {
      "Target": "Parameter",
      "Id": "ParamBrowLAngle",
      "FadeInTime": -1.0,
      "FadeOutTime": -1.0,
      "Segments": [
        0,
        0,
        2,
        0.333,
        0,
        2,
        0.783,
        0,
        2,
        2.1,
        0,
        2,
        2.467,
        0,
        2,
        3.333,
        0,
        0,
        3.65,
        0.7,
        2,
        4.75,
        0.7,
        0,
        4.95,
        0,
        0,
        5.3,
        0.6,
        0,
        7.817,
        0,
        2,
        11.117,
        0,
        2,
        11.817,
        0,
        0,
        12.167,
        1,
        0,
        12.9,
        0,
        2,
        17.733,
        0,
        2,
        18.033,
        0
      ]
    },
    {
      "Target": "Parameter",
      "Id": "ParamMouthForm",
      "FadeInTime": -1.0,
      "FadeOutTime": -1.0,
      "Segments": [
        0,
        0,
        2,
        0.333,
        0,
        0,
        0.6,
        1,
        1,
        0.661,
        1,
        0.722,
        0.667,
        0.783,
        0,
        1,
        0.844,
        -0.667,
        0.906,
        -1,
        0.967,
        -1,
        0,
        1.15,
        0,
        0,
        1.35,
        -1,
        0,
        1.583,
        0,
        0,
        1.8,
        -1,
        0,
        2.067,
        0,
        2,
        2.683,
        0,
        0,
        2.817,
        -1,
        1,
        2.867,
        -1,
        2.917,
        -0.769,
        2.967,
        0,
        1,
        3,
        0.512,
        3.034,
        1,
        3.067,
        1,
        0,
        3.283,
        0,
        0,
        3.483,
        1,
        1,
        3.555,
        1,
        3.628,
        0.781,
        3.7,
        0,
        1,
        3.744,
        -0.48,
        3.789,
        -1,
        3.833,
        -1,
        0,
        3.983,
        0,
        2,
        4.15,
        0,
        2,
        4.367,
        0,
        2,
        4.617,
        0,
        2,
        4.8,
        0,
        2,
        5,
        0,
        2,
        5.567,
        0,
        2,
        7.1,
        0,
        0,
        7.317,
        -1,
        0,
        7.5,
        0,
        0,
        7.633,
        -1,
        0,
        7.767,
        0,
        0,
        7.9,
        -1,
        1,
        7.944,
        -1,
        7.989,
        -0.513,
        8.033,
        0,
        1,
        8.1,
        0.769,
        8.166,
        1,
        8.233,
        1,
        0,
        8.383,
        0,
        0,
        8.517,
        1,
        1,
        8.545,
        1,
        8.572,
        0.44,
        8.6,
        0,
        1,
        8.65,
        -0.791,
        8.7,
        -1,
        8.75,
        -1,
        0,
        8.867,
        0,
        0,
        9,
        -1,
        0,
        9.133,
        0,
        2,
        9.35,
        0,
        2,
        9.517,
        0,
        0,
        9.633,
        -1,
        0,
        9.783,
        0,
        0,
        9.933,
        -1,
        1,
        9.978,
        -1,
        10.022,
        -0.451,
        10.067,
        0,
        1,
        10.145,
        0.789,
        10.222,
        1,
        10.3,
        1,
        0,
        10.65,
        0,
        2,
        12.183,
        0,
        0,
        12.35,
        1,
        0,
        12.5,
        -1,
        0,
        12.667,
        0,
        2,
        12.817,
        0,
        2,
        12.967,
        0,
        0,
        13.117,
        -0.9,
        0,
        13.317,
        0,
        2,
        13.417,
        0,
        2,
        13.633,
        0,
        0,
        13.8,
        1,
        0,
        14.05,
        0,
        2,
        15.167,
        0,
        2,
        15.317,
        0,
        2,
        15.433,
        0,
        0,
        15.617,
        1,
        0,
        15.783,
        -1,
        1,
        15.833,
        -1,
        15.883,
        -0.667,
        15.933,
        0,
        1,
        15.983,
        0.667,
        16.033,
        1,
        16.083,
        1,
        0,
        16.233,
        0,
        2,
        16.417,
        0,
        2,
        16.567,
        0,
        0,
        16.7,
        -1,
        0,
        16.933,
        0,
        2,
        17.733,
        0,
        2,
        18.033,
        0
      ]
    },
    {
      "Target": "Parameter",
      "Id": "ParamMouthOpenY11",
      "FadeInTime": -1.0,
      "FadeOutTime": -1.0,
      "Segments": [
        0,
        0,
        2,
        0.333,
        0,
        0,
        0.6,
        0.4,
        0,
        0.783,
        0,
        0,
        0.967,
        0.4,
        0,
        1.15,
        0,
        0,
        1.35,
        0.4,
        0,
        1.583,
        0,
        0,
        1.8,
        0.4,
        0,
        2.067,
        0,
        2,
        2.683,
        0,
        0,
        2.817,
        0.4,
        0,
        2.967,
        0,
        0,
        3.067,
        0.7,
        0,
        3.283,
        0,
        0,
        3.483,
        0.4,
        0,
        3.7,
        0,
        0,
        3.833,
        0.4,
        0,
        3.983,
        0,
        0,
        4.15,
        0.4,
        0,
        4.367,
        0,
        0,
        4.617,
        0.4,
        0,
        4.8,
        0,
        0,
        5,
        0.4,
        0,
        5.567,
        0,
        2,
        7.1,
        0,
        0,
        7.317,
        0.4,
        0,
        7.5,
        0,
        0,
        7.633,
        0.4,
        0,
        7.767,
        0,
        0,
        7.9,
        0.4,
        0,
        8.033,
        0,
        0,
        8.233,
        0.4,
        0,
        8.383,
        0,
        0,
        8.517,
        0.4,
        0,
        8.6,
        0,
        0,
        8.75,
        0.4,
        0,
        8.867,
        0,
        0,
        9,
        0.4,
        0,
        9.133,
        0,
        0,
        9.35,
        0.4,
        0,
        9.517,
        0,
        0,
        9.633,
        0.4,
        0,
        9.783,
        0,
        0,
        9.933,
        0.4,
        0,
        10.067,
        0,
        0,
        10.3,
        0.7,
        0,
        10.65,
        0,
        2,
        12.183,
        0,
        0,
        12.35,
        0.4,
        2,
        12.5,
        0.4,
        0,
        12.667,
        0,
        0,
        12.817,
        0.4,
        0,
        12.967,
        0,
        0,
        13.117,
        0.6,
        0,
        13.317,
        0,
        0,
        13.417,
        0.4,
        0,
        13.633,
        0,
        0,
        13.8,
        0.4,
        0,
        14.05,
        0,
        2,
        15.167,
        0,
        0,
        15.317,
        0.4,
        0,
        15.433,
        0,
        0,
        15.617,
        0.4,
        2,
        15.783,
        0.4,
        0,
        15.933,
        0,
        0,
        16.083,
        0.4,
        0,
        16.233,
        0,
        0,
        16.417,
        0.4,
        0,
        16.567,
        0,
        0,
        16.7,
        0.2,
        0,
        16.933,
        0,
        2,
        17.733,
        0,
        2,
        18.033,
        0
      ]
    },
    {
      "Target": "Parameter",
      "Id": "ParamAngleX",
      "FadeInTime": -1.0,
      "FadeOutTime": -1.0,
      "Segments": [
        0,
        0,
        0,
        0.333,
        5,
        1,
        0.522,
        5,
        0.711,
        4.56,
        0.9,
        -3,
        1,
        1.194,
        -14.785,
        1.489,
        -27.729,
        1.783,
        -27.729,
        1,
        2.072,
        -27.729,
        2.361,
        -12.238,
        2.65,
        0,
        1,
        2.889,
        10.12,
        3.128,
        11,
        3.367,
        11,
        0,
        3.85,
        0.319,
        0,
        4.15,
        15,
        0,
        4.817,
        0.319,
        0,
        5.417,
        16.835,
        1,
        5.556,
        16.835,
        5.694,
        9.96,
        5.833,
        9,
        1,
        6.055,
        7.463,
        6.278,
        7.464,
        6.5,
        7.464,
        0,
        7.383,
        9,
        0,
        8.017,
        -2.04,
        0,
        8.767,
        5,
        2,
        9.583,
        5,
        1,
        9.905,
        5,
        10.228,
        4.511,
        10.55,
        1,
        1,
        10.806,
        -1.785,
        11.061,
        -6,
        11.317,
        -6,
        1,
        11.55,
        -6,
        11.784,
        -6.329,
        12.017,
        -5.467,
        1,
        12.378,
        -4.132,
        12.739,
        26.268,
        13.1,
        26.268,
        0,
        14.1,
        2.231,
        0,
        15.417,
        10.04,
        0,
        16.05,
        -30,
        0,
        17.733,
        0,
        2,
        18.033,
        0
      ]
    },
    {
      "Target": "Parameter",
      "Id": "ParamAngleY",
      "FadeInTime": -1.0,
      "FadeOutTime": -1.0,
      "Segments": [
        0,
        0,
        0,
        0.333,
        -2.449,
        0,
        0.8,
        8,
        0,
        1.183,
        -7,
        1,
        1.35,
        -7,
        1.516,
        -6.285,
        1.683,
        -4,
        1,
        1.85,
        -1.715,
        2.016,
        0,
        2.183,
        0,
        2,
        2.55,
        0,
        0,
        2.867,
        -4,
        0,
        3.267,
        9,
        1,
        3.428,
        9,
        3.589,
        -0.454,
        3.75,
        -6,
        1,
        4.017,
        -15.179,
        4.283,
        -17,
        4.55,
        -17,
        0,
        5.1,
        -2,
        0,
        5.783,
        -13,
        0,
        7.283,
        -4,
        0,
        7.617,
        -17.315,
        0,
        7.917,
        1.8,
        0,
        8.667,
        -8,
        0,
        9.483,
        -4,
        0,
        10.45,
        -15,
        0,
        11.117,
        -0.9,
        0,
        11.917,
        -18.109,
        1,
        12.278,
        -18.109,
        12.639,
        -14.088,
        13,
        -2.449,
        1,
        13.333,
        8.294,
        13.667,
        16,
        14,
        16,
        1,
        14.439,
        16,
        14.878,
        15.041,
        15.317,
        7,
        1,
        15.528,
        3.132,
        15.739,
        -17,
        15.95,
        -17,
        0,
        16.583,
        6,
        0,
        17.117,
        -10,
        0,
        17.733,
        0,
        2,
        18.033,
        0
      ]
    },
    {
      "Target": "Parameter",
      "Id": "touZ",
      "FadeInTime": -1.0,
      "FadeOutTime": -1.0,
      "Segments": [
        0,
        0,
        2,
        0.283,
        0,
        0,
        0.667,
        3.665,
        0,
        1.55,
        -12.271,
        1,
        1.867,
        -12.271,
        2.183,
        -6.859,
        2.5,
        -6,
        1,
        2.9,
        -4.915,
        3.3,
        -5,
        3.7,
        -5,
        1,
        3.8,
        -5,
        3.9,
        -5.213,
        4,
        -6.86,
        1,
        4.167,
        -9.605,
        4.333,
        -12,
        4.5,
        -12,
        0,
        5.05,
        -7,
        0,
        5.733,
        -9,
        0,
        7.233,
        -5,
        1,
        7.444,
        -5,
        7.656,
        -8.046,
        7.867,
        -10,
        1,
        8.089,
        -12.057,
        8.311,
        -12.22,
        8.533,
        -12.22,
        1,
        8.644,
        -12.22,
        8.756,
        -11.929,
        8.867,
        -10,
        1,
        9.056,
        -6.721,
        9.244,
        -4,
        9.433,
        -4,
        0,
        10.4,
        -6,
        0,
        11.167,
        -2.63,
        1,
        11.4,
        -2.63,
        11.634,
        -13.754,
        11.867,
        -14.821,
        1,
        12.228,
        -16.472,
        12.589,
        -16.414,
        12.95,
        -16.414,
        0,
        13.95,
        0,
        0,
        14.583,
        -4.143,
        0,
        15.267,
        0,
        1,
        15.478,
        0,
        15.689,
        -11.521,
        15.9,
        -14,
        1,
        16.111,
        -16.479,
        16.322,
        -16.175,
        16.533,
        -16.175,
        0,
        17.733,
        0,
        2,
        18.033,
        0
      ]
    },
    {
      "Target": "Parameter",
      "Id": "ParamAngleZ",
      "FadeInTime": -1.0,
      "FadeOutTime": -1.0,
      "Segments": [
        0,
        0,
        1,
        0.111,
        0,
        0.222,
        -3.034,
        0.333,
        -6,
        1,
        0.583,
        -12.674,
        0.833,
        -15,
        1.083,
        -15,
        0,
        2.083,
        0,
        0,
        2.85,
        -7.49,
        0,
        3.65,
        0,
        0,
        4.45,
        -9.801,
        0,
        5.2,
        6.932,
        0,
        6.1,
        -9.801,
        0,
        7.183,
        0,
        0,
        7.817,
        -11,
        1,
        8.067,
        -11,
        8.317,
        -6.83,
        8.567,
        -5,
        1,
        8.839,
        -3.007,
        9.111,
        -3,
        9.383,
        -3,
        0,
        10.35,
        -4,
        0,
        11.117,
        -1,
        1,
        11.35,
        -1,
        11.584,
        -8.06,
        11.817,
        -9.801,
        1,
        12.178,
        -12.494,
        12.539,
        -12.59,
        12.9,
        -12.59,
        0,
        13.9,
        0,
        0,
        15.217,
        -10.1,
        1,
        15.639,
        -10.1,
        16.061,
        -10.295,
        16.483,
        -9.1,
        1,
        16.9,
        -7.92,
        17.316,
        0,
        17.733,
        0,
        2,
        18.033,
        0
      ]
    },
    {
      "Target": "Parameter",
      "Id": "toufz",
      "FadeInTime": -1.0,
      "FadeOutTime": -1.0,
      "Segments": [
        0,
        0,
        1,
        0.233,
        0,
        0.467,
        -3.24,
        0.7,
        -11.688,
        1,
        0.828,
        -16.314,
        0.955,
        -19.92,
        1.083,
        -19.92,
        0,
        2.083,
        -9,
        0,
        3.017,
        -12.465,
        0,
        3.65,
        -6,
        1,
        3.75,
        -6,
        3.85,
        -8.567,
        3.95,
        -12,
        1,
        4.117,
        -17.721,
        4.283,
        -19.92,
        4.45,
        -19.92,
        0,
        5,
        -5,
        0,
        6.233,
        -17.774,
        0,
        7.183,
        -9,
        0,
        7.817,
        -22,
        2,
        8.567,
        -22,
        0,
        9.383,
        -11,
        0,
        10.35,
        -16,
        0,
        11.117,
        -11,
        1,
        11.35,
        -11,
        11.584,
        -21.504,
        11.817,
        -24,
        1,
        12.178,
        -27.862,
        12.539,
        -28,
        12.9,
        -28,
        0,
        13.9,
        0,
        1,
        14.161,
        0,
        14.422,
        -8.385,
        14.683,
        -10.986,
        1,
        14.861,
        -12.757,
        15.039,
        -12.009,
        15.217,
        -13.74,
        1,
        15.428,
        -15.796,
        15.639,
        -27,
        15.85,
        -27,
        1,
        16.161,
        -27,
        16.472,
        -27.367,
        16.783,
        -22,
        1,
        17.1,
        -16.537,
        17.416,
        0,
        17.733,
        0,
        2,
        18.033,
        0
      ]
    },
    {
      "Target": "Parameter",
      "Id": "bozss",
      "FadeInTime": -1.0,
      "FadeOutTime": -1.0,
      "Segments": [
        0,
        0,
        2,
        0.333,
        0,
        2,
        3.95,
        0,
        2,
        4.45,
        0,
        0,
        5,
        2,
        0,
        5.683,
        -1,
        0,
        7.817,
        0,
        2,
        10.35,
        0,
        0,
        11.117,
        2,
        0,
        11.817,
        0,
        2,
        12.9,
        0,
        2,
        17.733,
        0,
        2,
        18.033,
        0
      ]
    },
    {
      "Target": "Parameter",
      "Id": "ParamBodyAngleX",
      "FadeInTime": -1.0,
      "FadeOutTime": -1.0,
      "Segments": [
        0,
        0,
        1,
        0.111,
        0,
        0.222,
        -0.591,
        0.333,
        -1,
        1,
        0.616,
        -2.044,
        0.9,
        -2.36,
        1.183,
        -2.36,
        0,
        1.683,
        0,
        2,
        2.55,
        0,
        1,
        2.95,
        0,
        3.35,
        1.26,
        3.75,
        2.7,
        1,
        3.85,
        3.06,
        3.95,
        3,
        4.05,
        3,
        0,
        4.55,
        2.866,
        0,
        5.1,
        3.021,
        1,
        5.328,
        3.021,
        5.555,
        3.033,
        5.783,
        3,
        1,
        6.283,
        2.927,
        6.783,
        2.7,
        7.283,
        2.7,
        0,
        7.917,
        4,
        0,
        8.667,
        3.284,
        0,
        9.483,
        4.151,
        0,
        10.45,
        3,
        0,
        11.1,
        4.14,
        1,
        11.333,
        4.14,
        11.567,
        1.057,
        11.8,
        0,
        1,
        12.2,
        -1.812,
        12.6,
        -2,
        13,
        -2,
        1,
        13.333,
        -2,
        13.667,
        0.705,
        14,
        1,
        1,
        14.861,
        1.762,
        15.722,
        1.86,
        16.583,
        1.86,
        0,
        17.733,
        0,
        2,
        18.033,
        0
      ]
    },
    {
      "Target": "Parameter",
      "Id": "ParamBodyAngleY",
      "FadeInTime": -1.0,
      "FadeOutTime": -1.0,
      "Segments": [
        0,
        0,
        0,
        0.333,
        1,
        0,
        1.083,
        -3,
        0,
        2.083,
        0,
        1,
        2.205,
        0,
        2.328,
        -0.462,
        2.45,
        -1,
        1,
        2.622,
        -1.758,
        2.795,
        -2,
        2.967,
        -2,
        0,
        3.6,
        0,
        0,
        3.9,
        -2,
        1,
        4.067,
        -2,
        4.233,
        -2.068,
        4.4,
        -1.109,
        1,
        4.583,
        -0.054,
        4.767,
        2.5,
        4.95,
        2.5,
        0,
        5.633,
        1,
        0,
        7.183,
        3.04,
        0,
        7.517,
        -2,
        0,
        7.817,
        1.02,
        0,
        8.567,
        -2,
        0,
        9.383,
        0,
        0,
        10.35,
        -2,
        0,
        11.117,
        2.5,
        0,
        11.817,
        -0.959,
        2,
        12.35,
        -0.959,
        0,
        12.9,
        1,
        1,
        13.233,
        1,
        13.567,
        0.565,
        13.9,
        0,
        1,
        14.339,
        -0.744,
        14.778,
        -1.084,
        15.217,
        -2,
        1,
        15.428,
        -2.441,
        15.639,
        -5,
        15.85,
        -5,
        0,
        16.483,
        2,
        0,
        17.117,
        -2.58,
        0,
        17.733,
        0,
        2,
        18.033,
        0
      ]
    },
    {
      "Target": "Parameter",
      "Id": "stsxz",
      "FadeInTime": -1.0,
      "FadeOutTime": -1.0,
      "Segments": [
        0,
        0,
        2,
        0.333,
        0,
        2,
        2.083,
        0,
        2,
        2.45,
        0,
        2,
        3.65,
        0,
        2,
        3.95,
        0,
        2,
        4.45,
        0,
        2,
        7.183,
        0,
        2,
        7.817,
        0,
        2,
        11.117,
        0,
        0,
        11.817,
        0.031,
        2,
        12.9,
        0.031,
        0,
        13.9,
        0.76,
        2,
        15.217,
        0.76,
        2,
        15.85,
        0.76,
        2,
        16.483,
        0.76,
        0,
        17.733,
        0,
        2,
        18.033,
        0
      ]
    },
    {
      "Target": "Parameter",
      "Id": "shentixX",
      "FadeInTime": -1.0,
      "FadeOutTime": -1.0,
      "Segments": [
        0,
        0,
        2,
        0.333,
        0,
        0,
        1.183,
        -0.997,
        0,
        2.183,
        0,
        0,
        3.017,
        -1.329,
        0,
        3.75,
        0,
        0,
        4.55,
        -1.994,
        0,
        5.1,
        -0.446,
        0,
        5.783,
        -1.662,
        0,
        7.283,
        0,
        0,
        7.917,
        -2.448,
        0,
        8.433,
        -1.964,
        0,
        8.933,
        -2.455,
        0,
        10.167,
        -1.052,
        0,
        11.217,
        -2.448,
        0,
        11.917,
        -1.717,
        1,
        12.278,
        -1.717,
        12.639,
        -1.885,
        13,
        -2.377,
        1,
        13.333,
        -2.83,
        13.667,
        -3.157,
        14,
        -3.157,
        0,
        15.317,
        -2.455,
        0,
        15.95,
        -3.157,
        0,
        16.583,
        -0.702,
        0,
        17.117,
        -1.754,
        0,
        17.733,
        0,
        2,
        18.033,
        0
      ]
    },
    {
      "Target": "Parameter",
      "Id": "ParamBodyAngleZ",
      "FadeInTime": -1.0,
      "FadeOutTime": -1.0,
      "Segments": [
        0,
        0,
        2,
        0.333,
        0,
        0,
        1.083,
        1,
        0,
        2.083,
        0,
        2,
        2.45,
        0,
        2,
        3.65,
        0,
        2,
        3.95,
        0,
        2,
        4.45,
        0,
        2,
        7.183,
        0,
        2,
        7.817,
        0,
        2,
        11.117,
        0,
        2,
        11.817,
        0,
        2,
        12.9,
        0,
        2,
        16.483,
        0,
        2,
        17.733,
        0,
        2,
        18.033,
        0
      ]
    },
    {
      "Target": "Parameter",
      "Id": "Ljiansx",
      "FadeInTime": -1.0,
      "FadeOutTime": -1.0,
      "Segments": [
        0,
        0,
        2,
        0.333,
        0,
        0,
        0.733,
        8,
        0,
        1.25,
        -1.027,
        0,
        2.083,
        4,
        0,
        2.683,
        -1.027,
        0,
        3.65,
        0,
        2,
        3.95,
        0,
        2,
        4.45,
        0,
        2,
        7.183,
        0,
        0,
        7.817,
        7,
        0,
        11.117,
        -10,
        0,
        11.817,
        0,
        2,
        12.9,
        0,
        2,
        16.483,
        0,
        2,
        17.733,
        0,
        2,
        18.033,
        0
      ]
    },
    {
      "Target": "Parameter",
      "Id": "Lsbxz",
      "FadeInTime": -1.0,
      "FadeOutTime": -1.0,
      "Segments": [
        0,
        0,
        2,
        0.333,
        0,
        0,
        0.85,
        -1.02,
        0,
        1.483,
        14.78,
        1,
        1.8,
        14.78,
        2.116,
        14.07,
        2.433,
        14,
        1,
        4.016,
        13.648,
        5.6,
        13.44,
        7.183,
        13.1,
        1,
        7.394,
        13.055,
        7.606,
        7.08,
        7.817,
        7.08,
        2,
        11.117,
        7.08,
        0,
        11.817,
        12,
        2,
        12.9,
        12,
        0,
        13.9,
        14,
        2,
        15.217,
        14,
        2,
        16.483,
        14,
        1,
        16.761,
        14,
        17.039,
        0.894,
        17.317,
        0,
        1,
        17.456,
        -0.447,
        17.594,
        -0.24,
        17.733,
        -0.24,
        0,
        18.033,
        0
      ]
    },
    {
      "Target": "Parameter",
      "Id": "Lxbxz",
      "FadeInTime": -1.0,
      "FadeOutTime": -1.0,
      "Segments": [
        0,
        0,
        2,
        0.333,
        0,
        0,
        0.85,
        2.04,
        0,
        1.483,
        1.44,
        0,
        1.917,
        2.62,
        0,
        2.767,
        1.44,
        0,
        3.65,
        1.634,
        1,
        4,
        1.634,
        4.35,
        1.534,
        4.7,
        1.174,
        1,
        4.928,
        0.94,
        5.155,
        0.694,
        5.383,
        0.694,
        0,
        6.133,
        1.174,
        2,
        6.483,
        1.174,
        0,
        6.717,
        2.04,
        0,
        7.183,
        0.88,
        0,
        7.817,
        11.6,
        0,
        8.2,
        10.16,
        0,
        8.767,
        10.903,
        0,
        10.217,
        10.39,
        1,
        10.461,
        10.39,
        10.706,
        10.528,
        10.95,
        11,
        1,
        11.006,
        11.107,
        11.061,
        11.54,
        11.117,
        11.54,
        1,
        11.234,
        11.54,
        11.35,
        0.264,
        11.467,
        -0.32,
        1,
        11.584,
        -0.904,
        11.7,
        -0.78,
        11.817,
        -0.78,
        1,
        12.178,
        -0.78,
        12.539,
        -0.502,
        12.9,
        0.08,
        1,
        13.233,
        0.617,
        13.567,
        0.9,
        13.9,
        0.9,
        2,
        15.217,
        0.9,
        0,
        16.483,
        1.44,
        1,
        16.761,
        1.44,
        17.039,
        1.444,
        17.317,
        1.22,
        1,
        17.489,
        1.081,
        17.661,
        -0.2,
        17.833,
        -0.2,
        0,
        18.033,
        0
      ]
    },
    {
      "Target": "Parameter",
      "Id": "Lshouxz",
      "FadeInTime": -1.0,
      "FadeOutTime": -1.0,
      "Segments": [
        0,
        0,
        2,
        0.333,
        0,
        0,
        0.517,
        -1.091,
        1,
        0.628,
        -1.091,
        0.739,
        -0.751,
        0.85,
        4.08,
        1,
        0.967,
        9.153,
        1.083,
        17.168,
        1.2,
        17.168,
        1,
        1.294,
        17.168,
        1.389,
        14.622,
        1.483,
        14,
        1,
        1.628,
        13.048,
        1.772,
        13.02,
        1.917,
        13.02,
        0,
        2.367,
        14,
        0,
        3.067,
        13.02,
        0,
        3.867,
        14,
        0,
        4.567,
        13.02,
        0,
        5.25,
        14,
        0,
        5.95,
        13.02,
        1,
        6.222,
        13.02,
        6.495,
        13.097,
        6.767,
        13.44,
        1,
        6.834,
        13.524,
        6.9,
        15.12,
        6.967,
        15.12,
        1,
        7.039,
        15.12,
        7.111,
        15.577,
        7.183,
        13.44,
        1,
        7.294,
        10.152,
        7.406,
        -1.138,
        7.517,
        -1.138,
        1,
        7.617,
        -1.138,
        7.717,
        -0.189,
        7.817,
        0,
        1,
        8.134,
        0.599,
        8.45,
        0.727,
        8.767,
        0.727,
        0,
        10.217,
        -2.58,
        1,
        10.517,
        -2.58,
        10.817,
        -2.308,
        11.117,
        0,
        1,
        11.234,
        0.898,
        11.35,
        16,
        11.467,
        16,
        1,
        11.584,
        16,
        11.7,
        14.696,
        11.817,
        14,
        1,
        11.967,
        13.105,
        12.117,
        13.02,
        12.267,
        13.02,
        0,
        13.067,
        14,
        0,
        13.767,
        13.02,
        0,
        14.567,
        14,
        1,
        14.8,
        14,
        15.034,
        13.5,
        15.267,
        13.02,
        1,
        15.572,
        12.391,
        15.878,
        12.236,
        16.183,
        12.236,
        0,
        16.9,
        14,
        1,
        17.039,
        14,
        17.178,
        10.769,
        17.317,
        6,
        1,
        17.456,
        1.231,
        17.594,
        -0.48,
        17.733,
        -0.48,
        0,
        18.033,
        0
      ]
    },
    {
      "Target": "Parameter",
      "Id": "Lshagbuiq",
      "FadeInTime": -1.0,
      "FadeOutTime": -1.0,
      "Segments": [
        0,
        0,
        2,
        0.333,
        0,
        2,
        1.133,
        0,
        0,
        1.333,
        1,
        2,
        7.417,
        1,
        0,
        7.717,
        0,
        2,
        11.45,
        0,
        0,
        11.7,
        1,
        2,
        16.567,
        1,
        0,
        16.817,
        0,
        2,
        17.733,
        0,
        2,
        18.033,
        0
      ]
    },
    {
      "Target": "Parameter",
      "Id": "Lxiaobibx",
      "FadeInTime": -1.0,
      "FadeOutTime": -1.0,
      "Segments": [
        0,
        0,
        2,
        0.333,
        0,
        1,
        0.505,
        0,
        0.678,
        -1.166,
        0.85,
        -4,
        1,
        0.939,
        -5.463,
        1.028,
        -8.31,
        1.117,
        -9,
        1,
        1.239,
        -9.948,
        1.361,
        -10,
        1.483,
        -10,
        2,
        1.917,
        -10,
        2,
        7.183,
        -10,
        0,
        7.817,
        0,
        2,
        11.117,
        0,
        0,
        11.483,
        -10,
        2,
        11.817,
        -10,
        2,
        16.483,
        -10,
        1,
        16.761,
        -10,
        17.039,
        -9.416,
        17.317,
        -6,
        1,
        17.456,
        -4.292,
        17.594,
        0,
        17.733,
        0,
        2,
        18.033,
        0
      ]
    },
    {
      "Target": "Parameter",
      "Id": "Lshangbcd",
      "FadeInTime": -1.0,
      "FadeOutTime": -1.0,
      "Segments": [
        0,
        0,
        2,
        0.333,
        0,
        2,
        0.85,
        0,
        2,
        1.483,
        0,
        2,
        1.917,
        0,
        2,
        7.183,
        0,
        0,
        7.817,
        4,
        2,
        11.117,
        4,
        0,
        11.817,
        0.976,
        2,
        12.9,
        0.976,
        0,
        16.483,
        0,
        2,
        17.317,
        0,
        2,
        17.733,
        0,
        2,
        18.033,
        0
      ]
    },
    {
      "Target": "Parameter",
      "Id": "Lxbcd",
      "FadeInTime": -1.0,
      "FadeOutTime": -1.0,
      "Segments": [
        0,
        0,
        2,
        0.333,
        0,
        2,
        0.85,
        0,
        0,
        1.483,
        -2,
        2,
        1.917,
        -2,
        2,
        7.183,
        -2,
        0,
        7.817,
        -3,
        2,
        11.117,
        -3,
        0,
        11.817,
        -4.979,
        2,
        12.9,
        -4.979,
        1,
        14.094,
        -4.979,
        15.289,
        -4.265,
        16.483,
        -2,
        1,
        16.761,
        -1.473,
        17.039,
        0,
        17.317,
        0,
        2,
        17.733,
        0,
        2,
        18.033,
        0
      ]
    },
    {
      "Target": "Parameter",
      "Id": "Lxiutz",
      "FadeInTime": -1.0,
      "FadeOutTime": -1.0,
      "Segments": [
        0,
        0,
        2,
        0.333,
        0,
        2,
        7.217,
        0,
        0,
        7.667,
        4.043,
        0,
        8.233,
        3,
        2,
        11.017,
        3,
        0,
        11.3,
        5.724,
        0,
        11.817,
        0,
        2,
        17.733,
        0,
        2,
        18.033,
        0
      ]
    },
    {
      "Target": "Parameter",
      "Id": "Lxiaobicj",
      "FadeInTime": -1.0,
      "FadeOutTime": -1.0,
      "Segments": [
        0,
        0,
        2,
        0.333,
        0,
        2,
        0.85,
        0,
        2,
        7.517,
        0,
        0,
        7.817,
        10,
        2,
        11.117,
        10,
        0,
        11.3,
        0,
        2,
        11.467,
        0,
        2,
        11.817,
        0,
        2,
        12.9,
        0,
        2,
        13.9,
        0,
        2,
        15.217,
        0,
        2,
        17.733,
        0,
        2,
        18.033,
        0
      ]
    },
    {
      "Target": "Parameter",
      "Id": "Lshoudh",
      "FadeInTime": -1.0,
      "FadeOutTime": -1.0,
      "Segments": [
        0,
        0,
        2,
        0.333,
        0,
        0,
        0.85,
        2,
        1,
        1.061,
        2,
        1.272,
        0.827,
        1.483,
        0,
        1,
        1.694,
        -0.827,
        1.906,
        -0.9,
        2.117,
        -0.9,
        1,
        2.267,
        -0.9,
        2.417,
        -0.389,
        2.567,
        0,
        1,
        2.795,
        0.591,
        3.022,
        0.72,
        3.25,
        0.72,
        1,
        3.55,
        0.72,
        3.85,
        0.586,
        4.15,
        0,
        1,
        4.361,
        -0.412,
        4.572,
        -0.9,
        4.783,
        -0.9,
        1,
        4.933,
        -0.9,
        5.083,
        -0.389,
        5.233,
        0,
        1,
        5.461,
        0.591,
        5.689,
        0.72,
        5.917,
        0.72,
        0,
        6.767,
        -0.9,
        0,
        7.15,
        5,
        1,
        7.272,
        5,
        7.395,
        2.259,
        7.517,
        0,
        1,
        7.617,
        -1.848,
        7.717,
        -2,
        7.817,
        -2,
        0,
        8.267,
        10,
        0,
        9.283,
        0,
        2,
        11.117,
        0,
        0,
        11.467,
        2,
        1,
        11.584,
        2,
        11.7,
        0.616,
        11.817,
        0,
        1,
        11.989,
        -0.909,
        12.161,
        -1,
        12.333,
        -1,
        0,
        12.9,
        1,
        0,
        13.55,
        -1,
        0,
        14.65,
        0,
        0,
        15.75,
        -2,
        1,
        15.994,
        -2,
        16.239,
        -2.13,
        16.483,
        -1,
        1,
        16.761,
        0.285,
        17.039,
        4,
        17.317,
        4,
        0,
        18.033,
        0
      ]
    },
    {
      "Target": "Parameter",
      "Id": "Lshoudh2",
      "FadeInTime": -1.0,
      "FadeOutTime": -1.0,
      "Segments": [
        0,
        0,
        2,
        0.333,
        0,
        2,
        0.85,
        0,
        2,
        1.483,
        0,
        2,
        7.183,
        0,
        2,
        7.517,
        0,
        0,
        7.817,
        9,
        0,
        8.267,
        -2,
        0,
        9.283,
        8,
        0,
        11.117,
        0,
        0,
        11.467,
        8,
        0,
        11.817,
        0,
        2,
        12.35,
        0,
        2,
        12.9,
        0,
        2,
        16.483,
        0,
        2,
        17.317,
        0,
        2,
        17.733,
        0,
        2,
        18.033,
        0
      ]
    },
    {
      "Target": "Parameter",
      "Id": "lmuzhi",
      "FadeInTime": -1.0,
      "FadeOutTime": -1.0,
      "Segments": [
        0,
        0,
        2,
        0.333,
        0,
        2,
        0.85,
        0,
        2,
        1.483,
        0,
        2,
        7.183,
        0,
        2,
        7.517,
        0,
        2,
        7.817,
        0,
        2,
        11.117,
        0,
        0,
        11.817,
        -9,
        1,
        11.995,
        -9,
        12.172,
        -9.189,
        12.35,
        -8,
        1,
        12.533,
        -6.774,
        12.717,
        0,
        12.9,
        0,
        2,
        16.483,
        0,
        2,
        17.317,
        0,
        2,
        17.733,
        0,
        2,
        18.033,
        0
      ]
    },
    {
      "Target": "Parameter",
      "Id": "lmoshou",
      "FadeInTime": -1.0,
      "FadeOutTime": -1.0,
      "Segments": [
        0,
        1,
        2,
        0.333,
        1,
        2,
        0.85,
        1,
        2,
        1.483,
        1,
        2,
        7.183,
        1,
        2,
        7.633,
        1,
        0,
        7.65,
        0,
        2,
        11.283,
        0,
        0,
        11.3,
        1,
        2,
        11.817,
        1,
        2,
        12.9,
        1,
        2,
        16.483,
        1,
        2,
        17.317,
        1,
        2,
        17.733,
        1,
        2,
        18.033,
        1
      ]
    },
    {
      "Target": "Parameter",
      "Id": "Ltoushou",
      "FadeInTime": -1.0,
      "FadeOutTime": -1.0,
      "Segments": [
        0,
        0,
        2,
        0.333,
        0,
        2,
        0.85,
        0,
        2,
        1.483,
        0,
        2,
        7.183,
        0,
        2,
        7.633,
        0,
        0,
        7.65,
        1,
        2,
        11.283,
        1,
        0,
        11.3,
        0,
        2,
        11.817,
        0,
        2,
        12.9,
        0,
        2,
        16.483,
        0,
        2,
        17.317,
        0,
        2,
        17.733,
        0,
        2,
        18.033,
        0
      ]
    },
    {
      "Target": "Parameter",
      "Id": "Rsbxz",
      "FadeInTime": -1.0,
      "FadeOutTime": -1.0,
      "Segments": [
        0,
        0,
        2,
        0.267,
        0,
        2,
        0.95,
        0,
        0,
        1.75,
        2.22,
        0,
        7.183,
        0,
        0,
        7.817,
        0.68,
        2,
        11.117,
        0.68,
        0,
        11.817,
        0.721,
        2,
        12.517,
        0.721,
        0,
        12.967,
        -0.696,
        0,
        13.4,
        1.68,
        2,
        15.217,
        1.68,
        2,
        16.483,
        1.68,
        0,
        17.733,
        0,
        2,
        18.033,
        0
      ]
    },
    {
      "Target": "Parameter",
      "Id": "Rxbxz",
      "FadeInTime": -1.0,
      "FadeOutTime": -1.0,
      "Segments": [
        0,
        0,
        0,
        0.633,
        2.012,
        1,
        0.766,
        2.012,
        0.9,
        1.921,
        1.033,
        1,
        1,
        1.266,
        -0.611,
        1.5,
        -4.619,
        1.733,
        -5.108,
        1,
        1.978,
        -5.621,
        2.222,
        -5.554,
        2.467,
        -6,
        1,
        2.65,
        -6.334,
        2.834,
        -7.5,
        3.017,
        -7.5,
        1,
        3.339,
        -7.5,
        3.661,
        -3.046,
        3.983,
        2.012,
        1,
        4.089,
        3.669,
        4.194,
        3.556,
        4.3,
        3.556,
        1,
        4.606,
        3.556,
        4.911,
        3.008,
        5.217,
        1,
        1,
        5.378,
        -0.059,
        5.539,
        -1.406,
        5.7,
        -1.406,
        1,
        6.194,
        -1.406,
        6.689,
        -1.313,
        7.183,
        0,
        1,
        7.394,
        0.56,
        7.606,
        15.86,
        7.817,
        15.86,
        2,
        11.117,
        15.86,
        0,
        11.817,
        15.129,
        2,
        12.517,
        15.129,
        0,
        13.5,
        -6,
        0,
        14.15,
        -5.424,
        0,
        14.6,
        -5.844,
        1,
        14.839,
        -5.844,
        15.078,
        -5.031,
        15.317,
        -1.98,
        1,
        15.528,
        0.716,
        15.739,
        3.14,
        15.95,
        3.14,
        0,
        16.583,
        -6,
        0,
        17.733,
        0,
        2,
        18.033,
        0
      ]
    },
    {
      "Target": "Parameter",
      "Id": "Rshouxz",
      "FadeInTime": -1.0,
      "FadeOutTime": -1.0,
      "Segments": [
        0,
        0,
        0,
        0.433,
        3,
        1,
        0.666,
        3,
        0.9,
        -3.885,
        1.133,
        -8.82,
        1,
        1.333,
        -13.05,
        1.533,
        -13.28,
        1.733,
        -13.28,
        1,
        2.116,
        -13.28,
        2.5,
        -13.035,
        2.883,
        -7.104,
        1,
        3.25,
        -1.431,
        3.616,
        9,
        3.983,
        9,
        0,
        4.683,
        0,
        1,
        4.889,
        0,
        5.094,
        2.769,
        5.3,
        8,
        1,
        5.356,
        9.414,
        5.411,
        9.981,
        5.467,
        9.981,
        1,
        5.656,
        9.981,
        5.844,
        3.235,
        6.033,
        2.22,
        1,
        6.416,
        0.16,
        6.8,
        0,
        7.183,
        0,
        2,
        7.817,
        0,
        2,
        11.117,
        0,
        0,
        11.817,
        -0.697,
        2,
        12.517,
        -0.697,
        0,
        12.967,
        9,
        0,
        13.6,
        -17,
        0,
        14.25,
        -13.28,
        1,
        14.4,
        -13.28,
        14.55,
        -14.02,
        14.7,
        -14.96,
        1,
        14.939,
        -16.457,
        15.178,
        -17,
        15.417,
        -17,
        0,
        16.05,
        17,
        0,
        16.683,
        -15,
        0,
        17.733,
        0,
        2,
        18.033,
        0
      ]
    },
    {
      "Target": "Parameter",
      "Id": "rxbbx",
      "FadeInTime": -1.0,
      "FadeOutTime": -1.0,
      "Segments": [
        0,
        0,
        2,
        0.333,
        0,
        2,
        1.2,
        0,
        2,
        7.183,
        0,
        0,
        7.817,
        10,
        2,
        11.117,
        10,
        0,
        11.817,
        9.59,
        2,
        12.517,
        9.59,
        0,
        13.4,
        0,
        2,
        15.217,
        0,
        2,
        16.483,
        0,
        2,
        17.733,
        0,
        2,
        18.033,
        0
      ]
    },
    {
      "Target": "Parameter",
      "Id": "Rshangbicd",
      "FadeInTime": -1.0,
      "FadeOutTime": -1.0,
      "Segments": [
        0,
        0,
        2,
        0.333,
        0,
        0,
        1.2,
        0.48,
        0,
        2.2,
        -1.58,
        2,
        4.433,
        -1.58,
        2,
        7.183,
        -1.58,
        0,
        7.817,
        0,
        2,
        11.117,
        0,
        2,
        11.817,
        0,
        2,
        12.517,
        0,
        2,
        13.4,
        0,
        2,
        15.217,
        0,
        2,
        16.483,
        0,
        2,
        17.733,
        0,
        2,
        18.033,
        0
      ]
    },
    {
      "Target": "Parameter",
      "Id": "Rxiaobcd",
      "FadeInTime": -1.0,
      "FadeOutTime": -1.0,
      "Segments": [
        0,
        0,
        2,
        0.333,
        0,
        0,
        1.2,
        3,
        1,
        1.478,
        3,
        1.755,
        2.319,
        2.033,
        1.36,
        1,
        2.555,
        -0.442,
        3.078,
        -1.177,
        3.6,
        -1.177,
        0,
        5.05,
        3,
        0,
        5.383,
        1.711,
        2,
        7.183,
        1.711,
        0,
        7.817,
        0,
        2,
        11.117,
        0,
        0,
        11.817,
        0.287,
        2,
        12.517,
        0.287,
        0,
        13.4,
        7,
        2,
        15.217,
        7,
        2,
        16.483,
        7,
        0,
        17.733,
        0,
        2,
        18.033,
        0
      ]
    },
    {
      "Target": "Parameter",
      "Id": "rxiaobiq",
      "FadeInTime": -1.0,
      "FadeOutTime": -1.0,
      "Segments": [
        0,
        0,
        2,
        0.333,
        0,
        2,
        1.2,
        0,
        2,
        7.483,
        0,
        0,
        7.5,
        1,
        2,
        11.117,
        1,
        2,
        11.817,
        1,
        2,
        12.517,
        1,
        2,
        13.05,
        1,
        0,
        13.067,
        0,
        2,
        13.4,
        0,
        2,
        15.217,
        0,
        2,
        16.483,
        0,
        2,
        17.733,
        0,
        2,
        18.033,
        0
      ]
    },
    {
      "Target": "Parameter",
      "Id": "Rshoudh1",
      "FadeInTime": -1.0,
      "FadeOutTime": -1.0,
      "Segments": [
        0,
        0,
        0,
        0.333,
        1,
        1,
        0.466,
        1,
        0.6,
        -2.718,
        0.733,
        -3,
        1,
        0.889,
        -3.329,
        1.044,
        -3.28,
        1.2,
        -3.28,
        1,
        1.494,
        -3.28,
        1.789,
        3.339,
        2.083,
        4,
        1,
        2.35,
        4.598,
        2.616,
        4.46,
        2.883,
        4.46,
        0,
        3.4,
        0,
        1,
        3.628,
        0,
        3.855,
        1.009,
        4.083,
        1.94,
        1,
        4.305,
        2.849,
        4.528,
        3,
        4.75,
        3,
        1,
        4.95,
        3,
        5.15,
        1.608,
        5.35,
        0,
        1,
        5.506,
        -1.251,
        5.661,
        -2.471,
        5.817,
        -3,
        1,
        6.272,
        -4.548,
        6.728,
        -5,
        7.183,
        -5,
        0,
        7.517,
        8,
        0,
        7.817,
        0,
        2,
        11.117,
        0,
        0,
        11.817,
        -0.123,
        2,
        12.517,
        -0.123,
        0,
        12.967,
        -5,
        0,
        13.617,
        10,
        0,
        14.267,
        -1,
        0,
        14.717,
        10,
        1,
        14.956,
        10,
        15.194,
        3.64,
        15.433,
        -3,
        1,
        15.644,
        -8.868,
        15.856,
        -10,
        16.067,
        -10,
        1,
        16.278,
        -10,
        16.489,
        -9.768,
        16.7,
        -6,
        1,
        16.856,
        -3.224,
        17.011,
        4,
        17.167,
        4,
        0,
        17.733,
        0,
        2,
        18.033,
        0
      ]
    },
    {
      "Target": "Parameter",
      "Id": "Rshoudh2",
      "FadeInTime": -1.0,
      "FadeOutTime": -1.0,
      "Segments": [
        0,
        0,
        2,
        0.333,
        0,
        2,
        1.2,
        0,
        2,
        5.817,
        0,
        2,
        7.183,
        0,
        2,
        7.817,
        0,
        2,
        11.117,
        0,
        2,
        11.817,
        0,
        2,
        12.517,
        0,
        2,
        13.617,
        0,
        2,
        14.267,
        0,
        2,
        15.433,
        0,
        2,
        16.067,
        0,
        2,
        16.7,
        0,
        0,
        17.167,
        -5,
        0,
        17.733,
        0,
        2,
        18.033,
        0
      ]
    },
    {
      "Target": "Parameter",
      "Id": "Rmuzhi",
      "FadeInTime": -1.0,
      "FadeOutTime": -1.0,
      "Segments": [
        0,
        0,
        0,
        0.333,
        -2,
        1,
        0.622,
        -2,
        0.911,
        -1.321,
        1.2,
        0,
        1,
        1.494,
        1.346,
        1.789,
        2,
        2.083,
        2,
        2,
        3.3,
        2,
        0,
        4.833,
        -1,
        0,
        7.183,
        0,
        2,
        7.817,
        0,
        2,
        11.117,
        0,
        2,
        11.817,
        0,
        2,
        12.517,
        0,
        2,
        13.617,
        0,
        0,
        14.267,
        -3,
        0,
        14.717,
        5,
        0,
        15.433,
        0,
        2,
        16.067,
        0,
        2,
        16.7,
        0,
        2,
        17.733,
        0,
        2,
        18.033,
        0
      ]
    },
    {
      "Target": "Parameter",
      "Id": "rmoshou",
      "FadeInTime": -1.0,
      "FadeOutTime": -1.0,
      "Segments": [
        0,
        1,
        2,
        0.333,
        1,
        2,
        1.2,
        1,
        2,
        7.183,
        1,
        2,
        7.817,
        1,
        2,
        11.117,
        1,
        0,
        11.817,
        0.959,
        2,
        12.517,
        0.959,
        0,
        13.617,
        0,
        2,
        15.683,
        0,
        0,
        15.7,
        1,
        2,
        16.7,
        1,
        2,
        17.733,
        1,
        2,
        18.033,
        1
      ]
    },
    {
      "Target": "Parameter",
      "Id": "Rzhangshou",
      "FadeInTime": -1.0,
      "FadeOutTime": -1.0,
      "Segments": [
        0,
        0,
        2,
        0.333,
        0,
        2,
        1.2,
        0,
        2,
        7.183,
        0,
        2,
        7.817,
        0,
        2,
        11.117,
        0,
        0,
        11.817,
        0.041,
        2,
        12.517,
        0.041,
        0,
        13.617,
        1,
        2,
        15.683,
        1,
        0,
        15.7,
        0,
        2,
        16.7,
        0,
        2,
        17.733,
        0,
        2,
        18.033,
        0
      ]
    },
    {
      "Target": "Parameter",
      "Id": "Ldatuixz",
      "FadeInTime": -1.0,
      "FadeOutTime": -1.0,
      "Segments": [
        0,
        0,
        2,
        0.333,
        0,
        0,
        1.133,
        0.62,
        0,
        1.967,
        -0.263,
        2,
        3.867,
        -0.263,
        0,
        4.783,
        0.904,
        1,
        5.05,
        0.904,
        5.316,
        0.257,
        5.583,
        0.207,
        1,
        6.116,
        0.107,
        6.65,
        0.094,
        7.183,
        0,
        1,
        7.394,
        -0.037,
        7.606,
        -0.72,
        7.817,
        -0.72,
        1,
        8.367,
        -0.72,
        8.917,
        -0.368,
        9.467,
        -0.24,
        1,
        10.017,
        -0.112,
        10.567,
        -0.114,
        11.117,
        0,
        1,
        11.45,
        0.069,
        11.784,
        0.36,
        12.117,
        0.36,
        0,
        13.267,
        -0.36,
        0,
        14.533,
        0.4,
        1,
        14.728,
        0.4,
        14.922,
        -0.776,
        15.117,
        -1.2,
        1,
        15.361,
        -1.733,
        15.606,
        -1.74,
        15.85,
        -1.74,
        1,
        16.061,
        -1.74,
        16.272,
        -0.786,
        16.483,
        -0.54,
        1,
        16.9,
        -0.054,
        17.316,
        0,
        17.733,
        0,
        2,
        18.033,
        0
      ]
    },
    {
      "Target": "Parameter",
      "Id": "Lxuiaotuixz",
      "FadeInTime": -1.0,
      "FadeOutTime": -1.0,
      "Segments": [
        0,
        0,
        2,
        0.333,
        0,
        0,
        1.233,
        -0.42,
        0,
        2.067,
        0.108,
        2,
        3.967,
        0.108,
        1,
        4.272,
        0.108,
        4.578,
        -0.472,
        4.883,
        -0.523,
        1,
        5.15,
        -0.567,
        5.416,
        -0.556,
        5.683,
        -0.556,
        0,
        7.283,
        0,
        0,
        7.917,
        -0.2,
        0,
        9.567,
        0.24,
        0,
        11.217,
        0,
        1,
        11.55,
        0,
        11.884,
        0.008,
        12.217,
        0.26,
        1,
        12.6,
        0.55,
        12.984,
        0.98,
        13.367,
        0.98,
        0,
        14.633,
        0.22,
        0,
        15.217,
        0.32,
        1,
        15.461,
        0.32,
        15.706,
        0.325,
        15.95,
        0.1,
        1,
        16.161,
        -0.094,
        16.372,
        -0.66,
        16.583,
        -0.66,
        0,
        17.733,
        0,
        2,
        18.033,
        0
      ]
    },
    {
      "Target": "Parameter",
      "Id": "Ljiaoxz",
      "FadeInTime": -1.0,
      "FadeOutTime": -1.0,
      "Segments": [
        0,
        0,
        2,
        0.333,
        0,
        0,
        1.333,
        1.54,
        0,
        2.167,
        0.786,
        2,
        4.067,
        0.786,
        0,
        4.983,
        2.026,
        1,
        5.25,
        2.026,
        5.516,
        1.505,
        5.783,
        1.084,
        1,
        6.316,
        0.242,
        6.85,
        0,
        7.383,
        0,
        0,
        8.017,
        1.92,
        1,
        8.567,
        1.92,
        9.117,
        1.929,
        9.667,
        1.89,
        1,
        10.217,
        1.851,
        10.767,
        0,
        11.317,
        0,
        1,
        11.65,
        0,
        11.984,
        0.377,
        12.317,
        1.14,
        1,
        12.7,
        2.017,
        13.084,
        2.46,
        13.467,
        2.46,
        0,
        14.733,
        0.74,
        1,
        14.928,
        0.74,
        15.122,
        1.389,
        15.317,
        1.74,
        1,
        15.561,
        2.181,
        15.806,
        2.234,
        16.05,
        2.7,
        1,
        16.261,
        3.102,
        16.472,
        3.98,
        16.683,
        3.98,
        0,
        17.733,
        0,
        2,
        18.033,
        0
      ]
    },
    {
      "Target": "Parameter",
      "Id": "Rdatuixz",
      "FadeInTime": -1.0,
      "FadeOutTime": -1.0,
      "Segments": [
        0,
        0,
        2,
        0.333,
        0,
        0,
        1.067,
        -0.84,
        1,
        1.422,
        -0.84,
        1.778,
        -0.251,
        2.133,
        -0.23,
        1,
        3.983,
        -0.12,
        5.833,
        -0.091,
        7.683,
        -0.091,
        0,
        8.783,
        -0.17,
        1,
        10.489,
        -0.17,
        12.194,
        -0.162,
        13.9,
        -0.107,
        1,
        15.178,
        -0.066,
        16.455,
        0,
        17.733,
        0,
        2,
        18.033,
        0
      ]
    },
    {
      "Target": "Parameter",
      "Id": "xionglian8",
      "FadeInTime": -1.0,
      "FadeOutTime": -1.0,
      "Segments": [
        0,
        0,
        2,
        0.333,
        0,
        0,
        1.1,
        6.3,
        0,
        1.817,
        2.7,
        1,
        2.306,
        2.7,
        2.794,
        4.389,
        3.283,
        8.1,
        1,
        3.433,
        9.239,
        3.583,
        10,
        3.733,
        10,
        1,
        4.75,
        10,
        5.766,
        9.095,
        6.783,
        6.1,
        1,
        6.994,
        5.478,
        7.206,
        2.6,
        7.417,
        2.6,
        0,
        8.35,
        8.3,
        0,
        9.667,
        6,
        0,
        12.483,
        10,
        2,
        16.733,
        10,
        0,
        17.7,
        0,
        2,
        18.033,
        0
      ]
    },
    {
      "Target": "Parameter",
      "Id": "jiupings1",
      "FadeInTime": -1.0,
      "FadeOutTime": -1.0,
      "Segments": [
        0,
        -2.002,
        2,
        0.317,
        -2.002,
        0,
        0.9,
        2.002,
        0,
        1.5,
        -2.002,
        0,
        2.083,
        2.002,
        0,
        2.667,
        -2.002,
        0,
        3.25,
        2.002,
        0,
        3.85,
        -2.002,
        0,
        4.433,
        2.002,
        0,
        5.033,
        -2.002,
        0,
        5.617,
        2.002,
        0,
        6.183,
        -2.002,
        0,
        6.767,
        2.002,
        0,
        7.367,
        -2.002,
        0,
        7.95,
        2.002,
        0,
        8.533,
        -2.002,
        0,
        9.117,
        2.002,
        0,
        9.717,
        -2.002,
        0,
        10.3,
        2.002,
        0,
        10.9,
        -2.002,
        0,
        11.483,
        2.002,
        0,
        12.05,
        -2.002,
        0,
        12.633,
        2.002,
        0,
        13.233,
        -2.002,
        0,
        13.817,
        2.002,
        0,
        14.4,
        -2.002,
        0,
        14.983,
        2.002,
        0,
        15.583,
        -2.002,
        0,
        16.167,
        2.002,
        0,
        16.767,
        -2.002,
        0,
        17.35,
        2.002,
        0,
        17.917,
        -2.002,
        2,
        18.033,
        -2.002
      ]
    },
    {
      "Target": "Parameter",
      "Id": "jiupings2",
      "FadeInTime": -1.0,
      "FadeOutTime": -1.0,
      "Segments": [
        0,
        -0.149,
        2,
        0.317,
        -0.149,
        0,
        0.617,
        2.002,
        0,
        1.2,
        -2.002,
        0,
        1.783,
        2.002,
        0,
        2.383,
        -2.002,
        0,
        2.967,
        2.002,
        0,
        3.567,
        -2.002,
        0,
        4.15,
        2.002,
        0,
        4.733,
        -2.002,
        0,
        5.317,
        2.002,
        0,
        5.917,
        -2.002,
        0,
        6.183,
        -0.149,
        0,
        6.483,
        2.002,
        0,
        7.067,
        -2.002,
        0,
        7.65,
        2.002,
        0,
        8.25,
        -2.002,
        0,
        8.833,
        2.002,
        0,
        9.433,
        -2.002,
        0,
        10.017,
        2.002,
        0,
        10.6,
        -2.002,
        0,
        11.183,
        2.002,
        0,
        11.783,
        -2.002,
        0,
        12.05,
        -0.149,
        0,
        12.35,
        2.002,
        0,
        12.933,
        -2.002,
        0,
        13.517,
        2.002,
        0,
        14.117,
        -2.002,
        0,
        14.7,
        2.002,
        0,
        15.3,
        -2.002,
        0,
        15.883,
        2.002,
        0,
        16.467,
        -2.002,
        0,
        17.05,
        2.002,
        0,
        17.65,
        -2.002,
        0,
        17.917,
        -0.149,
        2,
        18.033,
        -0.149
      ]
    },
    {
      "Target": "Parameter",
      "Id": "jiupxz",
      "FadeInTime": -1.0,
      "FadeOutTime": -1.0,
      "Segments": [
        0,
        -0.024,
        2,
        0.317,
        -0.024,
        0,
        1.05,
        -0.501,
        0,
        2.517,
        0.501,
        0,
        4,
        -0.501,
        0,
        5.467,
        0.501,
        0,
        6.183,
        -0.024,
        0,
        6.917,
        -0.501,
        0,
        8.383,
        0.501,
        0,
        9.867,
        -0.501,
        0,
        11.333,
        0.501,
        0,
        12.05,
        -0.024,
        0,
        12.783,
        -0.501,
        0,
        14.25,
        0.501,
        0,
        15.733,
        -0.501,
        0,
        17.2,
        0.501,
        0,
        17.917,
        -0.024,
        2,
        18.033,
        -0.024
      ]
    },
    {
      "Target": "Parameter",
      "Id": "jiX",
      "FadeInTime": -1.0,
      "FadeOutTime": -1.0,
      "Segments": [
        0,
        -0.998,
        2,
        0.317,
        -0.998,
        0,
        1.767,
        0.998,
        0,
        3.25,
        -0.998,
        0,
        4.733,
        0.998,
        0,
        6.183,
        -0.998,
        0,
        7.633,
        0.998,
        0,
        9.117,
        -0.998,
        0,
        10.6,
        0.998,
        0,
        12.05,
        -0.998,
        0,
        13.5,
        0.998,
        0,
        14.983,
        -0.998,
        0,
        16.467,
        0.998,
        0,
        17.917,
        -0.998,
        2,
        18.033,
        -0.998
      ]
    },
    {
      "Target": "Parameter",
      "Id": "jiY",
      "FadeInTime": -1.0,
      "FadeOutTime": -1.0,
      "Segments": [
        0,
        -0.12,
        2,
        0.317,
        -0.12,
        0,
        1.05,
        2,
        0,
        2.517,
        -2,
        0,
        4,
        2,
        0,
        5.483,
        -2,
        0,
        6.183,
        -0.12,
        0,
        6.917,
        2,
        0,
        8.383,
        -2,
        0,
        9.867,
        2,
        0,
        11.35,
        -2,
        0,
        12.05,
        -0.12,
        0,
        12.783,
        2,
        0,
        14.25,
        -2,
        0,
        15.733,
        2,
        0,
        17.217,
        -2,
        0,
        17.917,
        -0.12,
        2,
        18.033,
        -0.12
      ]
    },
    {
      "Target": "Parameter",
      "Id": "jidaim1",
      "FadeInTime": -1.0,
      "FadeOutTime": -1.0,
      "Segments": [
        0,
        -5.009,
        2,
        0.317,
        -5.009,
        0,
        1.783,
        5.009,
        0,
        3.25,
        -5.009,
        0,
        4.717,
        5.009,
        0,
        6.183,
        -5.009,
        0,
        7.65,
        5.009,
        0,
        9.117,
        -5.009,
        0,
        10.583,
        5.009,
        0,
        12.05,
        -5.009,
        0,
        13.517,
        5.009,
        0,
        14.983,
        -5.009,
        0,
        16.45,
        5.009,
        0,
        17.917,
        -5.009,
        2,
        18.033,
        -5.009
      ]
    },
    {
      "Target": "Parameter",
      "Id": "jidaim2",
      "FadeInTime": -1.0,
      "FadeOutTime": -1.0,
      "Segments": [
        0,
        -0.15,
        2,
        0.317,
        -0.15,
        0,
        1.067,
        5.009,
        0,
        2.533,
        -5.009,
        0,
        4,
        5.009,
        0,
        5.467,
        -5.009,
        0,
        6.183,
        -0.15,
        0,
        6.933,
        5.009,
        0,
        8.4,
        -5.009,
        0,
        9.867,
        5.009,
        0,
        11.333,
        -5.009,
        0,
        12.05,
        -0.15,
        0,
        12.8,
        5.009,
        0,
        14.267,
        -5.009,
        0,
        15.733,
        5.009,
        0,
        17.2,
        -5.009,
        0,
        17.917,
        -0.15,
        2,
        18.033,
        -0.15
      ]
    },
    {
      "Target": "Parameter",
      "Id": "yet1",
      "FadeInTime": -1.0,
      "FadeOutTime": -1.0,
      "Segments": [
        0,
        0,
        2,
        0.317,
        0,
        0,
        0.767,
        -1.138,
        0,
        1.517,
        1.138,
        0,
        2.283,
        -1.138,
        0,
        3.033,
        1.138,
        0,
        3.8,
        -1.138,
        0,
        4.55,
        1.138,
        0,
        5.317,
        -1.138,
        0,
        6.083,
        1.138,
        0,
        6.85,
        -1.138,
        0,
        7.6,
        1.138,
        0,
        8.367,
        -1.138,
        0,
        9.117,
        1.138,
        0,
        9.883,
        -1.138,
        0,
        10.633,
        1.138,
        0,
        11.4,
        -1.138,
        0,
        12.167,
        1.138,
        0,
        12.933,
        -1.138,
        0,
        13.683,
        1.138,
        0,
        14.45,
        -1.138,
        0,
        15.2,
        1.138,
        0,
        15.967,
        -1.138,
        0,
        16.717,
        1.138,
        0,
        17.483,
        -1.138,
        0,
        17.733,
        0,
        2,
        18.033,
        0
      ]
    },
    {
      "Target": "Parameter",
      "Id": "yet2",
      "FadeInTime": -1.0,
      "FadeOutTime": -1.0,
      "Segments": [
        0,
        0,
        0,
        0.383,
        -1.138,
        0,
        1.15,
        1.138,
        0,
        1.9,
        -1.138,
        0,
        2.683,
        1.138,
        0,
        3.45,
        -1.138,
        0,
        4.167,
        1.138,
        0,
        4.933,
        -1.138,
        0,
        5.7,
        1.138,
        0,
        6.467,
        -1.138,
        0,
        7.233,
        1.138,
        0,
        7.983,
        -1.138,
        0,
        8.767,
        1.138,
        0,
        9.533,
        -1.138,
        0,
        10.25,
        1.138,
        0,
        11.017,
        -1.138,
        0,
        11.783,
        1.138,
        0,
        12.55,
        -1.138,
        0,
        13.317,
        1.138,
        0,
        14.067,
        -1.138,
        0,
        14.85,
        1.138,
        0,
        15.617,
        -1.138,
        0,
        16.333,
        1.138,
        0,
        17.1,
        -1.138,
        0,
        17.733,
        0,
        2,
        18.033,
        0
      ]
    },
    {
      "Target": "Parameter",
      "Id": "Paramring",
      "FadeInTime": -1.0,
      "FadeOutTime": -1.0,
      "Segments": [
        0,
        0,
        0,
        18.033,
        0
      ]
    },
    {
      "Target": "Parameter",
      "Id": "touch_drag1",
      "FadeInTime": -1.0,
      "FadeOutTime": -1.0,
      "Segments": [
        0,
        0,
        0,
        18.033,
        0
      ]
    },
    {
      "Target": "Parameter",
      "Id": "touch_drag2",
      "FadeInTime": -1.0,
      "FadeOutTime": -1.0,
      "Segments": [
        0,
        0,
        0,
        18.033,
        0
      ]
    },
    {
      "Target": "Parameter",
      "Id": "touch_drag3",
      "FadeInTime": -1.0,
      "FadeOutTime": -1.0,
      "Segments": [
        0,
        0,
        0,
        18.033,
        0
      ]
    },
    {
      "Target": "Parameter",
      "Id": "touch_drag4",
      "FadeInTime": -1.0,
      "FadeOutTime": -1.0,
      "Segments": [
        0,
        0,
        0,
        18.033,
        0
      ]
    },
    {
      "Target": "Parameter",
      "Id": "touch_drag5",
      "FadeInTime": -1.0,
      "FadeOutTime": -1.0,
      "Segments": [
        0,
        0,
        0,
        18.033,
        0
      ]
    },
    {
      "Target": "Parameter",
      "Id": "touch_drag6",
      "FadeInTime": -1.0,
      "FadeOutTime": -1.0,
      "Segments": [
        0,
        0,
        0,
        18.033,
        0
      ]
    },
    {
      "Target": "Parameter",
      "Id": "touch_drag8",
      "FadeInTime": -1.0,
      "FadeOutTime": -1.0,
      "Segments": [
        0,
        0,
        0,
        18.033,
        0
      ]
    },
    {
      "Target": "Parameter",
      "Id": "touch_drag9",
      "FadeInTime": -1.0,
      "FadeOutTime": -1.0,
      "Segments": [
        0,
        0,
        0,
        18.033,
        0
      ]
    },
    {
      "Target": "Parameter",
      "Id": "sdwuli",
      "FadeInTime": -1.0,
      "FadeOutTime": -1.0,
      "Segments": [
        0,
        0,
        0,
        18.033,
        0
      ]
    },
    {
      "Target": "Parameter",
      "Id": "XXXXXXX2",
      "FadeInTime": -1.0,
      "FadeOutTime": -1.0,
      "Segments": [
        0,
        0,
        0,
        18.033,
        0
      ]
    },
    {
      "Target": "Parameter",
      "Id": "xxzzx",
      "FadeInTime": -1.0,
      "FadeOutTime": -1.0,
      "Segments": [
        0,
        0,
        0,
        18.033,
        0
      ]
    },
    {
      "Target": "Parameter",
      "Id": "qianshuiqie",
      "FadeInTime": -1.0,
      "FadeOutTime": -1.0,
      "Segments": [
        0,
        0,
        0,
        18.033,
        0
      ]
    },
    {
      "Target": "Parameter",
      "Id": "dldh",
      "FadeInTime": -1.0,
      "FadeOutTime": -1.0,
      "Segments": [
        0,
        0,
        0,
        18.033,
        0
      ]
    },
    {
      "Target": "Parameter",
      "Id": "heikuang",
      "FadeInTime": -1.0,
      "FadeOutTime": -1.0,
      "Segments": [
        0,
        0,
        0,
        18.033,
        0
      ]
    },
    {
      "Target": "Parameter",
      "Id": "heiping",
      "FadeInTime": -1.0,
      "FadeOutTime": -1.0,
      "Segments": [
        0,
        0,
        0,
        18.033,
        0
      ]
    },
    {
      "Target": "Parameter",
      "Id": "liuxing",
      "FadeInTime": -1.0,
      "FadeOutTime": -1.0,
      "Segments": [
        0,
        0,
        0,
        18.033,
        0
      ]
    },
    {
      "Target": "Parameter",
      "Id": "renxs",
      "FadeInTime": -1.0,
      "FadeOutTime": -1.0,
      "Segments": [
        0,
        1,
        0,
        18.033,
        1
      ]
    },
    {
      "Target": "Parameter",
      "Id": "houwxs",
      "FadeInTime": -1.0,
      "FadeOutTime": -1.0,
      "Segments": [
        0,
        1,
        0,
        18.033,
        1
      ]
    },
    {
      "Target": "Parameter",
      "Id": "zhengtidx",
      "FadeInTime": -1.0,
      "FadeOutTime": -1.0,
      "Segments": [
        0,
        0,
        0,
        18.033,
        0
      ]
    },
    {
      "Target": "Parameter",
      "Id": "zhengtix",
      "FadeInTime": -1.0,
      "FadeOutTime": -1.0,
      "Segments": [
        0,
        0,
        0,
        18.033,
        0
      ]
    },
    {
      "Target": "Parameter",
      "Id": "zhengtiY",
      "FadeInTime": -1.0,
      "FadeOutTime": -1.0,
      "Segments": [
        0,
        0,
        0,
        18.033,
        0
      ]
    },
    {
      "Target": "Parameter",
      "Id": "XXXXXXX15",
      "FadeInTime": -1.0,
      "FadeOutTime": -1.0,
      "Segments": [
        0,
        0,
        0,
        18.033,
        0
      ]
    },
    {
      "Target": "Parameter",
      "Id": "texiaogb",
      "FadeInTime": -1.0,
      "FadeOutTime": -1.0,
      "Segments": [
        0,
        0,
        0,
        18.033,
        0
      ]
    },
    {
      "Target": "Parameter",
      "Id": "jingtgb",
      "FadeInTime": -1.0,
      "FadeOutTime": -1.0,
      "Segments": [
        0,
        0,
        0,
        18.033,
        0
      ]
    },
    {
      "Target": "Parameter",
      "Id": "jingtgb2",
      "FadeInTime": -1.0,
      "FadeOutTime": -1.0,
      "Segments": [
        0,
        0,
        0,
        18.033,
        0
      ]
    },
    {
      "Target": "Parameter",
      "Id": "jingtgb3",
      "FadeInTime": -1.0,
      "FadeOutTime": -1.0,
      "Segments": [
        0,
        0,
        0,
        18.033,
        0
      ]
    },
    {
      "Target": "Parameter",
      "Id": "lvjing",
      "FadeInTime": -1.0,
      "FadeOutTime": -1.0,
      "Segments": [
        0,
        0,
        0,
        18.033,
        0
      ]
    },
    {
      "Target": "Parameter",
      "Id": "baipingguang",
      "FadeInTime": -1.0,
      "FadeOutTime": -1.0,
      "Segments": [
        0,
        0,
        0,
        18.033,
        0
      ]
    },
    {
      "Target": "Parameter",
      "Id": "XXXXXXX16",
      "FadeInTime": -1.0,
      "FadeOutTime": -1.0,
      "Segments": [
        0,
        0,
        0,
        18.033,
        0
      ]
    },
    {
      "Target": "Parameter",
      "Id": "beijjuan",
      "FadeInTime": -1.0,
      "FadeOutTime": -1.0,
      "Segments": [
        0,
        0,
        0,
        18.033,
        0
      ]
    },
    {
      "Target": "Parameter",
      "Id": "Param2",
      "FadeInTime": -1.0,
      "FadeOutTime": -1.0,
      "Segments": [
        0,
        1,
        0,
        18.033,
        1
      ]
    },
    {
      "Target": "Parameter",
      "Id": "ParamEyeLSmile",
      "FadeInTime": -1.0,
      "FadeOutTime": -1.0,
      "Segments": [
        0,
        0,
        0,
        18.033,
        0
      ]
    },
    {
      "Target": "Parameter",
      "Id": "lianh",
      "FadeInTime": -1.0,
      "FadeOutTime": -1.0,
      "Segments": [
        0,
        0,
        0,
        18.033,
        0
      ]
    },
    {
      "Target": "Parameter",
      "Id": "zuiyexs",
      "FadeInTime": -1.0,
      "FadeOutTime": -1.0,
      "Segments": [
        0,
        0,
        0,
        18.033,
        0
      ]
    },
    {
      "Target": "Parameter",
      "Id": "zuiytcj",
      "FadeInTime": -1.0,
      "FadeOutTime": -1.0,
      "Segments": [
        0,
        0,
        0,
        18.033,
        0
      ]
    },
    {
      "Target": "Parameter",
      "Id": "zytchi",
      "FadeInTime": -1.0,
      "FadeOutTime": -1.0,
      "Segments": [
        0,
        0,
        0,
        18.033,
        0
      ]
    },
    {
      "Target": "Parameter",
      "Id": "XXXXXXX14",
      "FadeInTime": -1.0,
      "FadeOutTime": -1.0,
      "Segments": [
        0,
        0,
        0,
        18.033,
        0
      ]
    },
    {
      "Target": "Parameter",
      "Id": "yaguan",
      "FadeInTime": -1.0,
      "FadeOutTime": -1.0,
      "Segments": [
        0,
        0,
        0,
        18.033,
        0
      ]
    },
    {
      "Target": "Parameter",
      "Id": "zuijiay",
      "FadeInTime": -1.0,
      "FadeOutTime": -1.0,
      "Segments": [
        0,
        0,
        0,
        18.033,
        0
      ]
    },
    {
      "Target": "Parameter",
      "Id": "tushe",
      "FadeInTime": -1.0,
      "FadeOutTime": -1.0,
      "Segments": [
        0,
        0,
        0,
        18.033,
        0
      ]
    },
    {
      "Target": "Parameter",
      "Id": "ParamMouthOpenY2",
      "FadeInTime": -1.0,
      "FadeOutTime": -1.0,
      "Segments": [
        0,
        0,
        0,
        18.033,
        0
      ]
    },
    {
      "Target": "Parameter",
      "Id": "shoudzq",
      "FadeInTime": -1.0,
      "FadeOutTime": -1.0,
      "Segments": [
        0,
        0,
        0,
        18.033,
        0
      ]
    },
    {
      "Target": "Parameter",
      "Id": "XXXXXXX3",
      "FadeInTime": -1.0,
      "FadeOutTime": -1.0,
      "Segments": [
        0,
        0,
        0,
        18.033,
        0
      ]
    },
    {
      "Target": "Parameter",
      "Id": "Rjiansx",
      "FadeInTime": -1.0,
      "FadeOutTime": -1.0,
      "Segments": [
        0,
        0,
        0,
        18.033,
        0
      ]
    },
    {
      "Target": "Parameter",
      "Id": "XXXXXXX8",
      "FadeInTime": -1.0,
      "FadeOutTime": -1.0,
      "Segments": [
        0,
        0,
        0,
        18.033,
        0
      ]
    },
    {
      "Target": "Parameter",
      "Id": "XXXXXXX10",
      "FadeInTime": -1.0,
      "FadeOutTime": -1.0,
      "Segments": [
        0,
        0,
        0,
        18.033,
        0
      ]
    },
    {
      "Target": "Parameter",
      "Id": "tuosais",
      "FadeInTime": -1.0,
      "FadeOutTime": -1.0,
      "Segments": [
        0,
        0,
        0,
        18.033,
        0
      ]
    },
    {
      "Target": "Parameter",
      "Id": "Ltaihou",
      "FadeInTime": -1.0,
      "FadeOutTime": -1.0,
      "Segments": [
        0,
        0,
        0,
        18.033,
        0
      ]
    },
    {
      "Target": "Parameter",
      "Id": "Lhezhang",
      "FadeInTime": -1.0,
      "FadeOutTime": -1.0,
      "Segments": [
        0,
        0,
        0,
        18.033,
        0
      ]
    },
    {
      "Target": "Parameter",
      "Id": "XXXXXXX12",
      "FadeInTime": -1.0,
      "FadeOutTime": -1.0,
      "Segments": [
        0,
        0,
        0,
        18.033,
        0
      ]
    },
    {
      "Target": "Parameter",
      "Id": "shoujbxs",
      "FadeInTime": -1.0,
      "FadeOutTime": -1.0,
      "Segments": [
        0,
        0,
        0,
        18.033,
        0
      ]
    },
    {
      "Target": "Parameter",
      "Id": "shoujbxz",
      "FadeInTime": -1.0,
      "FadeOutTime": -1.0,
      "Segments": [
        0,
        0,
        0,
        18.033,
        0
      ]
    },
    {
      "Target": "Parameter",
      "Id": "shoujbsx",
      "FadeInTime": -1.0,
      "FadeOutTime": -1.0,
      "Segments": [
        0,
        0,
        0,
        18.033,
        0
      ]
    },
    {
      "Target": "Parameter",
      "Id": "shoujbY",
      "FadeInTime": -1.0,
      "FadeOutTime": -1.0,
      "Segments": [
        0,
        0,
        0,
        18.033,
        0
      ]
    },
    {
      "Target": "Parameter",
      "Id": "jishouying1",
      "FadeInTime": -1.0,
      "FadeOutTime": -1.0,
      "Segments": [
        0,
        0,
        0,
        18.033,
        0
      ]
    },
    {
      "Target": "Parameter",
      "Id": "jishouying2",
      "FadeInTime": -1.0,
      "FadeOutTime": -1.0,
      "Segments": [
        0,
        0,
        0,
        18.033,
        0
      ]
    },
    {
      "Target": "Parameter",
      "Id": "XXXXXXX13",
      "FadeInTime": -1.0,
      "FadeOutTime": -1.0,
      "Segments": [
        0,
        0,
        0,
        18.033,
        0
      ]
    },
    {
      "Target": "Parameter",
      "Id": "shouxinxs",
      "FadeInTime": -1.0,
      "FadeOutTime": -1.0,
      "Segments": [
        0,
        0,
        0,
        18.033,
        0
      ]
    },
    {
      "Target": "Parameter",
      "Id": "shouxinxz",
      "FadeInTime": -1.0,
      "FadeOutTime": -1.0,
      "Segments": [
        0,
        0,
        0,
        18.033,
        0
      ]
    },
    {
      "Target": "Parameter",
      "Id": "shouxin1",
      "FadeInTime": -1.0,
      "FadeOutTime": -1.0,
      "Segments": [
        0,
        0,
        0,
        18.033,
        0
      ]
    },
    {
      "Target": "Parameter",
      "Id": "shouxin2",
      "FadeInTime": -1.0,
      "FadeOutTime": -1.0,
      "Segments": [
        0,
        0,
        0,
        18.033,
        0
      ]
    },
    {
      "Target": "Parameter",
      "Id": "XXXXXXX7",
      "FadeInTime": -1.0,
      "FadeOutTime": -1.0,
      "Segments": [
        0,
        0,
        0,
        18.033,
        0
      ]
    },
    {
      "Target": "Parameter",
      "Id": "Rxiaobicj",
      "FadeInTime": -1.0,
      "FadeOutTime": -1.0,
      "Segments": [
        0,
        0,
        0,
        18.033,
        0
      ]
    },
    {
      "Target": "Parameter",
      "Id": "XXXXXXX6",
      "FadeInTime": -1.0,
      "FadeOutTime": -1.0,
      "Segments": [
        0,
        0,
        0,
        18.033,
        0
      ]
    },
    {
      "Target": "Parameter",
      "Id": "liaofsou",
      "FadeInTime": -1.0,
      "FadeOutTime": -1.0,
      "Segments": [
        0,
        0,
        0,
        18.033,
        0
      ]
    },
    {
      "Target": "Parameter",
      "Id": "Rtaoeshou",
      "FadeInTime": -1.0,
      "FadeOutTime": -1.0,
      "Segments": [
        0,
        0,
        0,
        18.033,
        0
      ]
    },
    {
      "Target": "Parameter",
      "Id": "chuotaoshou",
      "FadeInTime": -1.0,
      "FadeOutTime": -1.0,
      "Segments": [
        0,
        0,
        0,
        18.033,
        0
      ]
    },
    {
      "Target": "Parameter",
      "Id": "rhezhgn",
      "FadeInTime": -1.0,
      "FadeOutTime": -1.0,
      "Segments": [
        0,
        0,
        0,
        18.033,
        0
      ]
    },
    {
      "Target": "Parameter",
      "Id": "shouytxs",
      "FadeInTime": -1.0,
      "FadeOutTime": -1.0,
      "Segments": [
        0,
        0,
        0,
        18.033,
        0
      ]
    },
    {
      "Target": "Parameter",
      "Id": "shouytxz",
      "FadeInTime": -1.0,
      "FadeOutTime": -1.0,
      "Segments": [
        0,
        0,
        0,
        18.033,
        0
      ]
    },
    {
      "Target": "Parameter",
      "Id": "rtuiying",
      "FadeInTime": -1.0,
      "FadeOutTime": -1.0,
      "Segments": [
        0,
        0,
        0,
        18.033,
        0
      ]
    },
    {
      "Target": "Parameter",
      "Id": "jijazhe",
      "FadeInTime": -1.0,
      "FadeOutTime": -1.0,
      "Segments": [
        0,
        0,
        0,
        18.033,
        0
      ]
    },
    {
      "Target": "Parameter",
      "Id": "Rxtxz",
      "FadeInTime": -1.0,
      "FadeOutTime": -1.0,
      "Segments": [
        0,
        0,
        0,
        18.033,
        0
      ]
    },
    {
      "Target": "Parameter",
      "Id": "Rjiaoxz",
      "FadeInTime": -1.0,
      "FadeOutTime": -1.0,
      "Segments": [
        0,
        0,
        0,
        18.033,
        0
      ]
    },
    {
      "Target": "Parameter",
      "Id": "jiupsz",
      "FadeInTime": -1.0,
      "FadeOutTime": -1.0,
      "Segments": [
        0,
        0,
        0,
        18.033,
        0
      ]
    },
    {
      "Target": "Parameter",
      "Id": "XXXXXXX5",
      "FadeInTime": -1.0,
      "FadeOutTime": -1.0,
      "Segments": [
        0,
        0,
        0,
        18.033,
        0
      ]
    },
    {
      "Target": "Parameter",
      "Id": "jiupf",
      "FadeInTime": -1.0,
      "FadeOutTime": -1.0,
      "Segments": [
        0,
        0,
        0,
        18.033,
        0
      ]
    },
    {
      "Target": "Parameter",
      "Id": "jiupsx",
      "FadeInTime": -1.0,
      "FadeOutTime": -1.0,
      "Segments": [
        0,
        0,
        0,
        18.033,
        0
      ]
    },
    {
      "Target": "Parameter",
      "Id": "jisjohu",
      "FadeInTime": -1.0,
      "FadeOutTime": -1.0,
      "Segments": [
        0,
        0,
        0,
        18.033,
        0
      ]
    },
    {
      "Target": "Parameter",
      "Id": "jihoushou",
      "FadeInTime": -1.0,
      "FadeOutTime": -1.0,
      "Segments": [
        0,
        0,
        0,
        18.033,
        0
      ]
    },
    {
      "Target": "Parameter",
      "Id": "jishouna",
      "FadeInTime": -1.0,
      "FadeOutTime": -1.0,
      "Segments": [
        0,
        0,
        0,
        18.033,
        0
      ]
    },
    {
      "Target": "Parameter",
      "Id": "jixinfengxs",
      "FadeInTime": -1.0,
      "FadeOutTime": -1.0,
      "Segments": [
        0,
        0,
        0,
        18.033,
        0
      ]
    },
    {
      "Target": "Parameter",
      "Id": "jixfy",
      "FadeInTime": -1.0,
      "FadeOutTime": -1.0,
      "Segments": [
        0,
        0,
        0,
        18.033,
        0
      ]
    },
    {
      "Target": "Parameter",
      "Id": "shoujbyz",
      "FadeInTime": -1.0,
      "FadeOutTime": -1.0,
      "Segments": [
        0,
        0,
        0,
        18.033,
        0
      ]
    },
    {
      "Target": "Parameter",
      "Id": "jiubgg",
      "FadeInTime": -1.0,
      "FadeOutTime": -1.0,
      "Segments": [
        0,
        1,
        0,
        18.033,
        1
      ]
    },
    {
      "Target": "Parameter",
      "Id": "XXXXXXX17",
      "FadeInTime": -1.0,
      "FadeOutTime": -1.0,
      "Segments": [
        0,
        0,
        0,
        18.033,
        0
      ]
    },
    {
      "Target": "Parameter",
      "Id": "MB_yanwubaozha",
      "FadeInTime": -1.0,
      "FadeOutTime": -1.0,
      "Segments": [
        0,
        0,
        0,
        18.033,
        0
      ]
    },
    {
      "Target": "Parameter",
      "Id": "tangjichu",
      "FadeInTime": -1.0,
      "FadeOutTime": -1.0,
      "Segments": [
        0,
        0,
        0,
        18.033,
        0
      ]
    },
    {
      "Target": "Parameter",
      "Id": "tangjibq",
      "FadeInTime": -1.0,
      "FadeOutTime": -1.0,
      "Segments": [
        0,
        0,
        0,
        18.033,
        0
      ]
    },
    {
      "Target": "Parameter",
      "Id": "tangjidm",
      "FadeInTime": -1.0,
      "FadeOutTime": -1.0,
      "Segments": [
        0,
        0,
        0,
        18.033,
        0
      ]
    },
    {
      "Target": "Parameter",
      "Id": "tangjidm2",
      "FadeInTime": -1.0,
      "FadeOutTime": -1.0,
      "Segments": [
        0,
        0,
        0,
        18.033,
        0
      ]
    },
    {
      "Target": "Parameter",
      "Id": "tangjiX",
      "FadeInTime": -1.0,
      "FadeOutTime": -1.0,
      "Segments": [
        0,
        0,
        0,
        18.033,
        0
      ]
    },
    {
      "Target": "Parameter",
      "Id": "tangjiY",
      "FadeInTime": -1.0,
      "FadeOutTime": -1.0,
      "Segments": [
        0,
        0,
        0,
        18.033,
        0
      ]
    },
    {
      "Target": "Parameter",
      "Id": "XXXXXXX18",
      "FadeInTime": -1.0,
      "FadeOutTime": -1.0,
      "Segments": [
        0,
        0,
        0,
        18.033,
        0
      ]
    }
  ],
  "UserData": [
    {
      "Time": 0.0,
      "Value": ""
    },
    {
      "Time": 0.333,
      "Value": ""
    },
    {
      "Time": 17.533,
      "Value": ""
    }
  ]
}