{
  "Version": 3,
  "Meta": {
    "Duration": 20.333,
    "Fps": 60.0,
    "Loop": true,
    "AreBeziersRestricted": true,
    "FadeInTime": 0.0,
    "FadeOutTime": 0.0,
    "CurveCount": 154,
    "TotalSegmentCount": 1497,
    "TotalPointCount": 1891,
    "UserDataCount": 3,
    "TotalUserDataSize": 0
  },
  "Curves": [
    {
      "Target": "Parameter",
      "Id": "ParamEyeLOpen",
      "FadeInTime": -1.0,
      "FadeOutTime": -1.0,
      "Segments": [
        0,
        1,
        2,
        0.333,
        1,
        0,
        1.15,
        0,
        2,
        2.317,
        0,
        2,
        2.833,
        0,
        0,
        3.283,
        1,
        2,
        4.517,
        1,
        0,
        5.033,
        0,
        2,
        5.55,
        0,
        0,
        6.133,
        1,
        2,
        8.217,
        1,
        0,
        8.633,
        0,
        1,
        8.766,
        0,
        8.9,
        0.574,
        9.033,
        0.6,
        1,
        9.466,
        0.686,
        9.9,
        0.7,
        10.333,
        0.7,
        2,
        14.3,
        0.7,
        0,
        14.6,
        0,
        2,
        14.65,
        0,
        0,
        14.95,
        0.7,
        2,
        15.483,
        0.7,
        0,
        16.9,
        0,
        2,
        17.65,
        0,
        0,
        19.633,
        1,
        2,
        20,
        1,
        2,
        20.333,
        1
      ]
    },
    {
      "Target": "Parameter",
      "Id": "ParamEyeBallX",
      "FadeInTime": -1.0,
      "FadeOutTime": -1.0,
      "Segments": [
        0,
        0,
        2,
        0.333,
        0,
        2,
        2.317,
        0,
        2,
        4.95,
        0,
        0,
        6.4,
        -0.005,
        2,
        8.217,
        -0.005,
        0,
        9.033,
        -0.4,
        0,
        10.333,
        -0.3,
        0,
        11.633,
        -0.5,
        1,
        12.494,
        -0.5,
        13.356,
        -0.486,
        14.217,
        -0.4,
        1,
        14.489,
        -0.373,
        14.761,
        0,
        15.033,
        0,
        2,
        15.5,
        0,
        0,
        16.9,
        -0.1,
        2,
        17.65,
        -0.1,
        0,
        19.633,
        0,
        2,
        20,
        0,
        2,
        20.333,
        0
      ]
    },
    {
      "Target": "Parameter",
      "Id": "ParamEyeBallY",
      "FadeInTime": -1.0,
      "FadeOutTime": -1.0,
      "Segments": [
        0,
        0,
        2,
        0.333,
        0,
        2,
        2.317,
        0,
        2,
        4.95,
        0,
        0,
        6.4,
        0.002,
        2,
        8.217,
        0.002,
        1,
        8.489,
        0.002,
        8.761,
        -0.577,
        9.033,
        -0.7,
        1,
        9.466,
        -0.895,
        9.9,
        -0.9,
        10.333,
        -0.9,
        2,
        11.633,
        -0.9,
        1,
        12.494,
        -0.9,
        13.356,
        -0.865,
        14.217,
        -0.7,
        1,
        14.489,
        -0.648,
        14.761,
        -0.4,
        15.033,
        -0.4,
        2,
        15.5,
        -0.4,
        0,
        16.9,
        -0.8,
        2,
        17.65,
        -0.8,
        0,
        19.633,
        0,
        2,
        20,
        0,
        2,
        20.333,
        0
      ]
    },
    {
      "Target": "Parameter",
      "Id": "ParamBrowLForm",
      "FadeInTime": -1.0,
      "FadeOutTime": -1.0,
      "Segments": [
        0,
        0,
        2,
        0.333,
        0,
        0,
        1.167,
        -0.2,
        2,
        2.85,
        -0.2,
        0,
        3.433,
        0,
        2,
        4.867,
        0,
        0,
        5.217,
        -0.3,
        2,
        5.85,
        -0.3,
        0,
        6.4,
        0.3,
        2,
        8.217,
        0.3,
        0,
        9.033,
        -0.2,
        2,
        14.217,
        -0.2,
        0,
        15.033,
        0,
        2,
        16.9,
        0,
        2,
        17.65,
        0,
        2,
        18.55,
        0,
        0,
        19.317,
        0.5,
        0,
        20,
        0,
        2,
        20.333,
        0
      ]
    },
    {
      "Target": "Parameter",
      "Id": "ParamBrowLAngle",
      "FadeInTime": -1.0,
      "FadeOutTime": -1.0,
      "Segments": [
        0,
        0,
        2,
        0.333,
        0,
        0,
        1.167,
        -0.3,
        2,
        2.85,
        -0.3,
        0,
        3.433,
        0,
        2,
        4.867,
        0,
        0,
        5.217,
        -0.1,
        2,
        5.85,
        -0.1,
        0,
        6.4,
        0,
        2,
        8.217,
        0,
        0,
        9.033,
        0.5,
        2,
        14.217,
        0.5,
        0,
        15.033,
        0,
        2,
        16.9,
        0,
        2,
        17.65,
        0,
        2,
        19.633,
        0,
        2,
        20,
        0,
        2,
        20.333,
        0
      ]
    },
    {
      "Target": "Parameter",
      "Id": "ParamMouthForm",
      "FadeInTime": -1.0,
      "FadeOutTime": -1.0,
      "Segments": [
        0,
        0,
        2,
        0.333,
        0,
        2,
        0.55,
        0,
        2,
        0.667,
        0,
        2,
        0.85,
        0,
        2,
        0.967,
        0,
        2,
        1.167,
        0,
        2,
        1.317,
        0,
        0,
        1.533,
        1,
        2,
        1.75,
        1,
        1,
        1.806,
        1,
        1.861,
        0.76,
        1.917,
        0,
        1,
        1.956,
        -0.532,
        1.994,
        -1,
        2.033,
        -1,
        0,
        2.267,
        1,
        0,
        2.417,
        -1,
        1,
        2.456,
        -1,
        2.494,
        -0.574,
        2.533,
        0,
        1,
        2.583,
        0.738,
        2.633,
        1,
        2.683,
        1,
        1,
        2.728,
        1,
        2.772,
        0.625,
        2.817,
        0,
        1,
        2.867,
        -0.703,
        2.917,
        -1,
        2.967,
        -1,
        0,
        3.083,
        0,
        0,
        3.283,
        -1,
        0,
        3.45,
        0,
        0,
        3.683,
        -1,
        0,
        4.2,
        0,
        2,
        5.867,
        0,
        0,
        6.05,
        -1,
        1,
        6.094,
        -1,
        6.139,
        -0.451,
        6.183,
        0,
        1,
        6.261,
        0.789,
        6.339,
        1,
        6.417,
        1,
        0,
        6.6,
        0,
        0,
        6.733,
        1,
        0,
        6.883,
        0,
        2,
        7.05,
        0,
        2,
        7.15,
        0,
        2,
        7.3,
        0,
        2,
        7.483,
        0,
        0,
        7.733,
        1,
        0,
        8.317,
        0,
        2,
        9.417,
        0,
        0,
        9.633,
        -1,
        0,
        9.833,
        0,
        2,
        9.95,
        0,
        2,
        10.05,
        0,
        0,
        10.167,
        -1,
        0,
        10.317,
        0,
        0,
        10.417,
        -1,
        0,
        10.533,
        0,
        0,
        10.617,
        -1,
        0,
        10.733,
        0,
        0,
        10.817,
        -1,
        0,
        10.933,
        0,
        0,
        11.033,
        -1,
        0,
        11.117,
        0,
        0,
        11.2,
        -1,
        0,
        11.283,
        0,
        2,
        11.367,
        0,
        2,
        11.483,
        0,
        0,
        11.6,
        1,
        0,
        11.783,
        0,
        0,
        11.933,
        1,
        1,
        12.016,
        1,
        12.1,
        0.751,
        12.183,
        0,
        1,
        12.244,
        -0.551,
        12.306,
        -1,
        12.367,
        -1,
        0,
        12.5,
        1,
        0,
        12.65,
        -1,
        0,
        12.75,
        0,
        2,
        12.967,
        0,
        2,
        13.333,
        0,
        2,
        15.45,
        0,
        0,
        15.567,
        -1,
        0,
        15.65,
        0,
        0,
        15.75,
        -1,
        1,
        15.783,
        -1,
        15.817,
        -0.612,
        15.85,
        0,
        1,
        15.889,
        0.714,
        15.928,
        1,
        15.967,
        1,
        0,
        16.083,
        0,
        0,
        16.183,
        1,
        0,
        16.4,
        0,
        2,
        16.583,
        0,
        2,
        16.883,
        0,
        2,
        17.767,
        0,
        2,
        17.9,
        0,
        2,
        18.017,
        0,
        0,
        18.15,
        1,
        0,
        18.283,
        -1,
        0,
        18.433,
        0,
        0,
        18.633,
        -1,
        1,
        18.689,
        -1,
        18.744,
        -0.601,
        18.8,
        0,
        1,
        18.867,
        0.721,
        18.933,
        1,
        19,
        1,
        0,
        19.133,
        0,
        0,
        19.35,
        1,
        0,
        19.633,
        0,
        2,
        20,
        0,
        2,
        20.333,
        0
      ]
    },
    {
      "Target": "Parameter",
      "Id": "ParamMouthOpenY11",
      "FadeInTime": -1.0,
      "FadeOutTime": -1.0,
      "Segments": [
        0,
        0,
        2,
        0.333,
        0,
        0,
        0.55,
        0.4,
        0,
        0.667,
        0,
        0,
        0.85,
        0.4,
        0,
        0.967,
        0,
        0,
        1.167,
        0.4,
        0,
        1.317,
        0,
        0,
        1.533,
        0.4,
        2,
        1.75,
        0.4,
        0,
        1.917,
        0,
        1,
        1.956,
        0,
        1.994,
        0.274,
        2.033,
        0.4,
        1,
        2.111,
        0.653,
        2.189,
        0.7,
        2.267,
        0.7,
        1,
        2.317,
        0.7,
        2.367,
        0.645,
        2.417,
        0.4,
        1,
        2.456,
        0.21,
        2.494,
        0,
        2.533,
        0,
        0,
        2.683,
        0.7,
        0,
        2.817,
        0,
        0,
        2.967,
        0.5,
        0,
        3.083,
        0,
        0,
        3.283,
        0.7,
        0,
        3.45,
        0,
        0,
        3.683,
        0.4,
        0,
        4.2,
        0,
        2,
        5.867,
        0,
        0,
        6.05,
        0.4,
        0,
        6.183,
        0,
        0,
        6.417,
        0.4,
        0,
        6.6,
        0,
        0,
        6.733,
        0.4,
        0,
        6.883,
        0,
        0,
        7.05,
        0.4,
        0,
        7.15,
        0,
        0,
        7.3,
        0.4,
        0,
        7.483,
        0,
        0,
        7.733,
        0.5,
        0,
        8.317,
        0,
        2,
        9.417,
        0,
        0,
        9.633,
        0.4,
        0,
        9.833,
        0,
        0,
        9.95,
        0.4,
        0,
        10.05,
        0,
        0,
        10.167,
        0.4,
        0,
        10.317,
        0,
        0,
        10.417,
        0.4,
        0,
        10.533,
        0,
        0,
        10.617,
        0.4,
        0,
        10.733,
        0,
        0,
        10.817,
        0.4,
        0,
        10.933,
        0,
        0,
        11.033,
        0.4,
        0,
        11.117,
        0,
        0,
        11.2,
        0.4,
        0,
        11.283,
        0,
        0,
        11.367,
        0.4,
        0,
        11.483,
        0,
        0,
        11.6,
        0.4,
        0,
        11.783,
        0,
        0,
        11.933,
        0.4,
        0,
        12.183,
        0,
        0,
        12.367,
        0.4,
        2,
        12.5,
        0.4,
        2,
        12.65,
        0.4,
        0,
        12.75,
        0,
        0,
        12.967,
        0.4,
        0,
        13.333,
        0,
        2,
        15.45,
        0,
        0,
        15.567,
        0.4,
        0,
        15.65,
        0,
        0,
        15.75,
        0.4,
        0,
        15.85,
        0,
        0,
        15.967,
        0.4,
        0,
        16.083,
        0,
        0,
        16.183,
        0.4,
        0,
        16.4,
        0,
        0,
        16.583,
        0.5,
        0,
        16.883,
        0,
        2,
        17.767,
        0,
        0,
        17.9,
        0.4,
        0,
        18.017,
        0,
        0,
        18.15,
        0.4,
        2,
        18.283,
        0.4,
        0,
        18.433,
        0,
        0,
        18.633,
        0.4,
        0,
        18.8,
        0,
        0,
        19,
        0.4,
        0,
        19.133,
        0,
        0,
        19.35,
        0.4,
        0,
        19.633,
        0,
        2,
        20,
        0,
        2,
        20.333,
        0
      ]
    },
    {
      "Target": "Parameter",
      "Id": "ParamAngleX",
      "FadeInTime": -1.0,
      "FadeOutTime": -1.0,
      "Segments": [
        0,
        0,
        2,
        0.267,
        0,
        0,
        0.9,
        -2,
        1,
        1.044,
        -2,
        1.189,
        1.376,
        1.333,
        2,
        1,
        1.728,
        3.705,
        2.122,
        4,
        2.517,
        4,
        2,
        3.85,
        4,
        0,
        5.1,
        1.477,
        0,
        5.7,
        5.308,
        1,
        5.883,
        5.308,
        6.067,
        3.079,
        6.25,
        1,
        1,
        6.406,
        -0.764,
        6.561,
        -1,
        6.717,
        -1,
        1,
        7.095,
        -1,
        7.472,
        1.455,
        7.85,
        4,
        1,
        8.061,
        5.422,
        8.272,
        5.716,
        8.483,
        7,
        1,
        8.733,
        8.52,
        8.983,
        12.454,
        9.233,
        13,
        1,
        9.666,
        13.946,
        10.1,
        14,
        10.533,
        14,
        0,
        11.083,
        12,
        1,
        11.333,
        12,
        11.583,
        12.186,
        11.833,
        14,
        1,
        12.039,
        15.492,
        12.244,
        18,
        12.45,
        18,
        0,
        13.133,
        16,
        2,
        13.8,
        16,
        1,
        13.989,
        16,
        14.178,
        15.467,
        14.367,
        14,
        1,
        14.445,
        13.396,
        14.522,
        12.8,
        14.6,
        12.8,
        0,
        15.333,
        15.68,
        1,
        15.478,
        15.68,
        15.622,
        13.737,
        15.767,
        12,
        1,
        15.939,
        9.929,
        16.111,
        8.424,
        16.283,
        7,
        1,
        16.466,
        5.484,
        16.65,
        5,
        16.833,
        5,
        0,
        17.8,
        6,
        1,
        17.978,
        6,
        18.155,
        -1.842,
        18.333,
        -7,
        1,
        18.594,
        -14.575,
        18.856,
        -16,
        19.117,
        -16,
        0,
        19.633,
        0,
        2,
        20,
        0,
        2,
        20.333,
        0
      ]
    },
    {
      "Target": "Parameter",
      "Id": "ParamAngleY",
      "FadeInTime": -1.0,
      "FadeOutTime": -1.0,
      "Segments": [
        0,
        0,
        2,
        0.267,
        0,
        0,
        0.817,
        -10,
        0,
        1.25,
        3,
        0,
        2.417,
        -6,
        2,
        3.75,
        -6,
        1,
        4.172,
        -6,
        4.595,
        -9.675,
        5.017,
        -16,
        1,
        5.139,
        -17.831,
        5.261,
        -18.335,
        5.383,
        -18.335,
        1,
        5.466,
        -18.335,
        5.55,
        -9.213,
        5.633,
        -4,
        1,
        5.811,
        7.121,
        5.989,
        10,
        6.167,
        10,
        0,
        6.633,
        -4,
        0,
        7.75,
        -3,
        0,
        8.383,
        -10,
        0,
        9.133,
        -3,
        1,
        9.566,
        -3,
        10,
        -16.043,
        10.433,
        -20,
        1,
        10.616,
        -21.674,
        10.8,
        -21,
        10.983,
        -21,
        0,
        11.733,
        -19,
        0,
        12.35,
        -26,
        1,
        12.578,
        -26,
        12.805,
        -25.161,
        13.033,
        -24,
        1,
        13.255,
        -22.867,
        13.478,
        -21.873,
        13.7,
        -21,
        1,
        13.894,
        -20.236,
        14.089,
        -20,
        14.283,
        -20,
        0,
        14.55,
        -23.6,
        1,
        14.639,
        -23.6,
        14.728,
        -19.24,
        14.817,
        -17.233,
        1,
        15.278,
        -6.82,
        15.739,
        -3,
        16.2,
        -3,
        0,
        16.75,
        -13,
        0,
        17.717,
        -7,
        0,
        18.25,
        -17,
        0,
        19.017,
        17,
        0,
        19.633,
        0,
        2,
        20,
        0,
        2,
        20.333,
        0
      ]
    },
    {
      "Target": "Parameter",
      "Id": "touZ",
      "FadeInTime": -1.0,
      "FadeOutTime": -1.0,
      "Segments": [
        0,
        0,
        2,
        0.217,
        0,
        0,
        0.767,
        -2,
        2,
        1.2,
        -2,
        0,
        2.367,
        0,
        1,
        2.811,
        0,
        3.256,
        -1.661,
        3.7,
        -3.554,
        1,
        4.122,
        -5.353,
        4.545,
        -6.161,
        4.967,
        -8.009,
        1,
        5.089,
        -8.544,
        5.211,
        -13.448,
        5.333,
        -13.448,
        0,
        6.133,
        -7,
        0,
        6.733,
        -13.301,
        1,
        7.322,
        -13.301,
        7.911,
        -13.028,
        8.5,
        -11.725,
        1,
        8.694,
        -11.295,
        8.889,
        -9.087,
        9.083,
        -7,
        1,
        9.255,
        -5.151,
        9.428,
        -2.598,
        9.6,
        -2.598,
        0,
        10.383,
        -14,
        0,
        11.683,
        -10,
        1,
        12.116,
        -10,
        12.55,
        -12.831,
        12.983,
        -13.279,
        1,
        13.405,
        -13.715,
        13.828,
        -13.715,
        14.25,
        -14,
        1,
        14.333,
        -14.056,
        14.417,
        -15.32,
        14.5,
        -15.32,
        1,
        14.622,
        -15.32,
        14.745,
        -14.263,
        14.867,
        -13.166,
        1,
        15.128,
        -10.823,
        15.389,
        -10,
        15.65,
        -10,
        0,
        16.7,
        -14,
        1,
        17.028,
        -14,
        17.355,
        -13.448,
        17.683,
        -9.68,
        1,
        18.111,
        -4.762,
        18.539,
        0,
        18.967,
        0,
        2,
        19.633,
        0,
        2,
        20,
        0,
        2,
        20.333,
        0
      ]
    },
    {
      "Target": "Parameter",
      "Id": "ParamAngleZ",
      "FadeInTime": -1.0,
      "FadeOutTime": -1.0,
      "Segments": [
        0,
        0,
        0,
        0.7,
        -9,
        0,
        1.167,
        -2,
        0,
        1.85,
        -10,
        2,
        3.65,
        -10,
        0,
        4.933,
        -6.05,
        0,
        5.283,
        -7.628,
        1,
        5.5,
        -7.628,
        5.716,
        -6.997,
        5.933,
        -4.008,
        1,
        6.072,
        -2.092,
        6.211,
        0.605,
        6.35,
        0.605,
        2,
        7.517,
        0.605,
        0,
        8.433,
        3,
        1,
        8.633,
        3,
        8.833,
        -4.491,
        9.033,
        -7,
        1,
        9.172,
        -8.742,
        9.311,
        -8.395,
        9.45,
        -8.395,
        0,
        10.333,
        -7,
        2,
        14.2,
        -7,
        2,
        14.85,
        -7,
        2,
        15.467,
        -7,
        2,
        16.517,
        -7,
        0,
        17.633,
        -6.1,
        0,
        18.167,
        -7,
        0,
        19.017,
        4,
        0,
        19.633,
        0,
        2,
        20,
        0,
        2,
        20.333,
        0
      ]
    },
    {
      "Target": "Parameter",
      "Id": "toufz",
      "FadeInTime": -1.0,
      "FadeOutTime": -1.0,
      "Segments": [
        0,
        0,
        2,
        0.267,
        0,
        0,
        0.733,
        -13,
        0,
        1.167,
        -6,
        1,
        1.395,
        -6,
        1.622,
        -16.656,
        1.85,
        -17,
        1,
        2.45,
        -17.907,
        3.05,
        -17.889,
        3.65,
        -19,
        1,
        4.172,
        -19.967,
        4.695,
        -25.202,
        5.217,
        -25.202,
        0,
        6.1,
        -14,
        0,
        7.65,
        -18,
        0,
        9.033,
        -16,
        0,
        10.333,
        -17,
        2,
        14.2,
        -17,
        2,
        14.85,
        -17,
        2,
        15.467,
        -17,
        0,
        16.517,
        -28,
        1,
        16.889,
        -28,
        17.261,
        -28.459,
        17.633,
        -23,
        1,
        18.3,
        -13.223,
        18.966,
        0,
        19.633,
        0,
        2,
        20,
        0,
        2,
        20.333,
        0
      ]
    },
    {
      "Target": "Parameter",
      "Id": "bozss",
      "FadeInTime": -1.0,
      "FadeOutTime": -1.0,
      "Segments": [
        0,
        0,
        2,
        0.267,
        0,
        0,
        0.733,
        -1,
        0,
        1.167,
        0,
        0,
        3.65,
        -5.64,
        1,
        4.078,
        -5.64,
        4.505,
        -5.658,
        4.933,
        -3.05,
        1,
        5.322,
        -0.679,
        5.711,
        5.12,
        6.1,
        5.12,
        1,
        7.078,
        5.12,
        8.055,
        4.217,
        9.033,
        0,
        1,
        9.466,
        -1.869,
        9.9,
        -6,
        10.333,
        -6,
        2,
        11.633,
        -6,
        1,
        12.066,
        -6,
        12.5,
        -5.675,
        12.933,
        -5,
        1,
        13.355,
        -4.342,
        13.778,
        -4,
        14.2,
        -4,
        2,
        14.85,
        -4,
        0,
        15.467,
        0,
        0,
        16.517,
        -6,
        1,
        16.889,
        -6,
        17.261,
        -3.003,
        17.633,
        -2,
        1,
        18.3,
        -0.203,
        18.966,
        0,
        19.633,
        0,
        2,
        20,
        0,
        2,
        20.333,
        0
      ]
    },
    {
      "Target": "Parameter",
      "Id": "ParamBodyAngleX",
      "FadeInTime": -1.0,
      "FadeOutTime": -1.0,
      "Segments": [
        0,
        0,
        2,
        0.267,
        0,
        2,
        2.417,
        0,
        2,
        3.75,
        0,
        0,
        5.017,
        -0.64,
        0,
        6.167,
        0,
        2,
        9.133,
        0,
        2,
        10.433,
        0,
        0,
        11.733,
        0.12,
        0,
        14.283,
        0,
        2,
        14.917,
        0,
        2,
        15.55,
        0,
        0,
        16.6,
        -1,
        2,
        17.717,
        -1,
        1,
        17.895,
        -1,
        18.072,
        -0.53,
        18.25,
        0,
        1,
        18.506,
        0.762,
        18.761,
        1,
        19.017,
        1,
        0,
        19.633,
        0,
        2,
        20,
        0,
        2,
        20.333,
        0
      ]
    },
    {
      "Target": "Parameter",
      "Id": "ParamBodyAngleY",
      "FadeInTime": -1.0,
      "FadeOutTime": -1.0,
      "Segments": [
        0,
        0,
        2,
        0.267,
        0,
        0,
        0.733,
        -2,
        0,
        1.167,
        0,
        0,
        1.85,
        -6,
        0,
        3.65,
        -2.542,
        1,
        4.078,
        -2.542,
        4.505,
        -3.288,
        4.933,
        -5,
        1,
        5.078,
        -5.578,
        5.222,
        -6,
        5.367,
        -6,
        0,
        6.1,
        1,
        0,
        7.65,
        -1,
        0,
        9.033,
        1,
        0,
        9.533,
        -2,
        0,
        9.983,
        3,
        0,
        10.333,
        0,
        0,
        11.633,
        2,
        0,
        12.933,
        -0.36,
        0,
        14.2,
        0,
        0,
        14.6,
        -0.76,
        1,
        14.683,
        -0.76,
        14.767,
        -0.691,
        14.85,
        0,
        1,
        15.056,
        1.704,
        15.261,
        3,
        15.467,
        3,
        0,
        16.517,
        -3,
        0,
        17.633,
        -0.46,
        0,
        18.167,
        -1.76,
        0,
        19.017,
        2,
        0,
        19.633,
        0,
        2,
        20,
        0,
        2,
        20.333,
        0
      ]
    },
    {
      "Target": "Parameter",
      "Id": "stsxz",
      "FadeInTime": -1.0,
      "FadeOutTime": -1.0,
      "Segments": [
        0,
        0,
        0,
        0.717,
        -0.097,
        0,
        1.85,
        0.32,
        2,
        3.65,
        0.32,
        1,
        4.078,
        0.32,
        4.505,
        0.286,
        4.933,
        0.187,
        1,
        5.322,
        0.097,
        5.711,
        0.031,
        6.1,
        0.031,
        2,
        9.033,
        0.031,
        0,
        10.333,
        0,
        2,
        14.2,
        0,
        2,
        14.85,
        0,
        2,
        15.467,
        0,
        2,
        16.517,
        0,
        2,
        17.633,
        0,
        2,
        18.167,
        0,
        0,
        19.017,
        0.36,
        0,
        19.633,
        0,
        2,
        20,
        0,
        2,
        20.333,
        0
      ]
    },
    {
      "Target": "Parameter",
      "Id": "shentixX",
      "FadeInTime": -1.0,
      "FadeOutTime": -1.0,
      "Segments": [
        0,
        0,
        2,
        0.267,
        0,
        0,
        0.817,
        -2,
        0,
        1.267,
        1,
        0,
        2.417,
        -4,
        0,
        3.75,
        3,
        0,
        5.017,
        -5,
        0,
        6.167,
        -2,
        0,
        7.75,
        -6,
        1,
        8.211,
        -6,
        8.672,
        -6.041,
        9.133,
        -3,
        1,
        9.455,
        -0.875,
        9.778,
        10,
        10.1,
        10,
        0,
        10.667,
        4,
        1,
        10.817,
        4,
        10.967,
        5.584,
        11.117,
        6,
        1,
        12.172,
        8.927,
        13.228,
        10,
        14.283,
        10,
        2,
        14.917,
        10,
        2,
        15.55,
        10,
        0,
        16.6,
        -2,
        2,
        17.717,
        -2,
        0,
        18.25,
        1,
        0,
        19.633,
        0,
        2,
        20,
        0,
        2,
        20.333,
        0
      ]
    },
    {
      "Target": "Parameter",
      "Id": "ParamBodyAngleZ",
      "FadeInTime": -1.0,
      "FadeOutTime": -1.0,
      "Segments": [
        0,
        0,
        2,
        0.267,
        0,
        2,
        1.85,
        0,
        2,
        3.65,
        0,
        2,
        4.933,
        0,
        2,
        6.1,
        0,
        2,
        9.033,
        0,
        2,
        10.333,
        0,
        2,
        14.2,
        0,
        2,
        14.85,
        0,
        2,
        15.467,
        0,
        0,
        16.517,
        -1,
        2,
        17.633,
        -1,
        0,
        19.633,
        0,
        2,
        20,
        0,
        2,
        20.333,
        0
      ]
    },
    {
      "Target": "Parameter",
      "Id": "Ljiansx",
      "FadeInTime": -1.0,
      "FadeOutTime": -1.0,
      "Segments": [
        0,
        0,
        0,
        0.267,
        -2,
        0,
        0.833,
        3,
        0,
        1.383,
        -3,
        2,
        1.85,
        -3,
        2,
        3.65,
        -3,
        1,
        4.078,
        -3,
        4.505,
        -2.652,
        4.933,
        -1.622,
        1,
        5.322,
        -0.685,
        5.711,
        0,
        6.1,
        0,
        2,
        9.033,
        0,
        2,
        9.533,
        0,
        0,
        10.033,
        8,
        0,
        10.333,
        0,
        2,
        14.2,
        0,
        2,
        14.85,
        0,
        2,
        15.467,
        0,
        2,
        16.517,
        0,
        2,
        17.633,
        0,
        2,
        19.633,
        0,
        2,
        20,
        0,
        2,
        20.333,
        0
      ]
    },
    {
      "Target": "Parameter",
      "Id": "Rjiansx",
      "FadeInTime": -1.0,
      "FadeOutTime": -1.0,
      "Segments": [
        0,
        0,
        2,
        0.267,
        0,
        2,
        1.85,
        0,
        0,
        3.65,
        -1.491,
        1,
        4.078,
        -1.491,
        4.505,
        -1.318,
        4.933,
        -0.806,
        1,
        5.322,
        -0.34,
        5.711,
        0,
        6.1,
        0,
        2,
        9.033,
        0,
        0,
        10.333,
        -2,
        2,
        14.2,
        -2,
        2,
        14.85,
        -2,
        2,
        15.467,
        -2,
        0,
        16.517,
        0,
        2,
        17.633,
        0,
        2,
        19.633,
        0,
        2,
        20,
        0,
        2,
        20.333,
        0
      ]
    },
    {
      "Target": "Parameter",
      "Id": "Lsbxz",
      "FadeInTime": -1.0,
      "FadeOutTime": -1.0,
      "Segments": [
        0,
        0,
        0,
        0.35,
        0.8,
        0,
        0.733,
        -0.72,
        0,
        1.85,
        7.08,
        2,
        3.65,
        7.08,
        2,
        4.767,
        7.08,
        0,
        5.033,
        6.473,
        1,
        5.139,
        6.473,
        5.244,
        6.362,
        5.35,
        7.697,
        1,
        5.489,
        9.453,
        5.628,
        12.883,
        5.767,
        12.883,
        0,
        6.1,
        12,
        2,
        9.033,
        12,
        2,
        9.533,
        12,
        0,
        10.033,
        16.62,
        2,
        10.55,
        16.62,
        2,
        14.217,
        16.62,
        2,
        15.017,
        16.62,
        1,
        15.167,
        16.62,
        15.317,
        16.154,
        15.467,
        15.158,
        1,
        15.817,
        12.834,
        16.167,
        11.64,
        16.517,
        11.64,
        2,
        17.633,
        11.64,
        0,
        18.867,
        -1,
        0,
        19.633,
        0,
        2,
        20,
        0,
        2,
        20.333,
        0
      ]
    },
    {
      "Target": "Parameter",
      "Id": "Lxbxz",
      "FadeInTime": -1.0,
      "FadeOutTime": -1.0,
      "Segments": [
        0,
        0,
        0,
        0.317,
        -2.7,
        1,
        0.461,
        -2.7,
        0.606,
        -1.967,
        0.75,
        0.48,
        1,
        0.894,
        2.927,
        1.039,
        5.388,
        1.183,
        9.17,
        1,
        1.311,
        12.516,
        1.439,
        17,
        1.567,
        17,
        0,
        1.933,
        14.94,
        2,
        3.733,
        14.94,
        2,
        4.817,
        14.94,
        0,
        5,
        16,
        0,
        5.417,
        4.412,
        0,
        5.917,
        5,
        1,
        6,
        5,
        6.084,
        1.532,
        6.167,
        1.08,
        1,
        6.284,
        0.447,
        6.4,
        0.48,
        6.517,
        0.48,
        0,
        6.783,
        1.08,
        2,
        7.883,
        1.08,
        2,
        9.6,
        1.08,
        0,
        10.1,
        12.72,
        0,
        10.617,
        10.38,
        2,
        14.317,
        10.38,
        2,
        15.1,
        10.38,
        0,
        15.55,
        13.632,
        0,
        16.6,
        0.12,
        2,
        17.717,
        0.12,
        0,
        18.967,
        1.904,
        0,
        19.733,
        0,
        2,
        20.1,
        0,
        2,
        20.333,
        0
      ]
    },
    {
      "Target": "Parameter",
      "Id": "Lshouxz",
      "FadeInTime": -1.0,
      "FadeOutTime": -1.0,
      "Segments": [
        0,
        0,
        0,
        0.483,
        -2,
        0,
        1.133,
        12,
        0,
        1.367,
        8,
        1,
        1.439,
        8,
        1.511,
        18.309,
        1.583,
        21,
        1,
        1.744,
        27.002,
        1.906,
        28.08,
        2.067,
        28.08,
        2,
        3.867,
        28.08,
        2,
        4.717,
        28.08,
        0,
        4.967,
        29,
        1,
        5.011,
        29,
        5.056,
        27.55,
        5.1,
        24,
        1,
        5.239,
        12.906,
        5.378,
        7,
        5.517,
        7,
        0,
        5.933,
        18.106,
        1,
        6.044,
        18.106,
        6.156,
        15.579,
        6.267,
        14,
        1,
        6.395,
        12.184,
        6.522,
        12,
        6.65,
        12,
        0,
        7.8,
        14,
        2,
        9.733,
        14,
        0,
        10,
        6,
        0,
        10.233,
        13.66,
        0,
        10.75,
        10.02,
        2,
        14.417,
        10.02,
        2,
        15.183,
        10.02,
        0,
        15.617,
        8,
        0,
        16.083,
        17,
        1,
        16.283,
        17,
        16.483,
        13.619,
        16.683,
        13,
        1,
        16.933,
        12.226,
        17.183,
        12.28,
        17.433,
        12.28,
        0,
        17.8,
        13,
        0,
        18.3,
        2,
        0,
        19.067,
        17.38,
        0,
        19.833,
        0,
        2,
        20.2,
        0,
        2,
        20.333,
        0
      ]
    },
    {
      "Target": "Parameter",
      "Id": "Lshagbuiq",
      "FadeInTime": -1.0,
      "FadeOutTime": -1.0,
      "Segments": [
        0,
        0,
        2,
        0.267,
        0,
        2,
        5.35,
        0,
        0,
        5.633,
        1,
        2,
        17.65,
        1,
        0,
        17.95,
        0,
        2,
        19.633,
        0,
        2,
        20,
        0,
        2,
        20.333,
        0
      ]
    },
    {
      "Target": "Parameter",
      "Id": "XXXXXXX8",
      "FadeInTime": -1.0,
      "FadeOutTime": -1.0,
      "Segments": [
        0,
        0,
        2,
        0.267,
        0,
        2,
        0.733,
        0,
        2,
        1.85,
        0,
        2,
        3.65,
        0,
        2,
        4.933,
        0,
        2,
        6.1,
        0,
        2,
        9.033,
        0,
        2,
        9.533,
        0,
        2,
        10.033,
        0,
        2,
        10.55,
        0,
        2,
        14.217,
        0,
        2,
        15.017,
        0,
        0,
        15.467,
        0.002,
        0,
        16.517,
        0,
        2,
        17.633,
        0,
        2,
        18.867,
        0,
        2,
        19.633,
        0,
        2,
        20,
        0,
        2,
        20.333,
        0
      ]
    },
    {
      "Target": "Parameter",
      "Id": "Lxiaobibx",
      "FadeInTime": -1.0,
      "FadeOutTime": -1.0,
      "Segments": [
        0,
        0,
        2,
        0.267,
        0,
        2,
        0.733,
        0,
        0,
        0.983,
        -7,
        2,
        1.85,
        -7,
        2,
        3.65,
        -7,
        2,
        4.933,
        -7,
        0,
        6.1,
        -10,
        2,
        17.633,
        -10,
        2,
        18.333,
        -10,
        2,
        19.017,
        -10,
        2,
        19.383,
        -10,
        1,
        19.45,
        -10,
        19.516,
        -9.027,
        19.583,
        -5.222,
        1,
        19.622,
        -3.002,
        19.661,
        0,
        19.7,
        0,
        2,
        20,
        0,
        2,
        20.333,
        0
      ]
    },
    {
      "Target": "Parameter",
      "Id": "Lshangbcd",
      "FadeInTime": -1.0,
      "FadeOutTime": -1.0,
      "Segments": [
        0,
        0,
        2,
        0.267,
        0,
        0,
        1.85,
        2,
        2,
        3.65,
        2,
        2,
        4.933,
        2,
        0,
        6.1,
        0.976,
        2,
        9.033,
        0.976,
        2,
        9.533,
        0.976,
        0,
        10.033,
        -2,
        2,
        10.55,
        -2,
        2,
        14.217,
        -2,
        2,
        15.017,
        -2,
        0,
        16.517,
        1,
        2,
        17.633,
        1,
        0,
        19.633,
        0,
        2,
        20,
        0,
        2,
        20.333,
        0
      ]
    },
    {
      "Target": "Parameter",
      "Id": "Lxbcd",
      "FadeInTime": -1.0,
      "FadeOutTime": -1.0,
      "Segments": [
        0,
        0,
        2,
        0.733,
        0,
        0,
        1.167,
        -4,
        0,
        1.85,
        0,
        2,
        3.65,
        0,
        2,
        4.933,
        0,
        1,
        5.016,
        0,
        5.1,
        -3.665,
        5.183,
        -4,
        1,
        5.4,
        -4.87,
        5.616,
        -4.979,
        5.833,
        -4.979,
        2,
        6.1,
        -4.979,
        2,
        9.033,
        -4.979,
        2,
        9.533,
        -4.979,
        0,
        10.033,
        -8,
        2,
        10.55,
        -8,
        2,
        14.217,
        -8,
        2,
        15.017,
        -8,
        0,
        16.517,
        -4,
        2,
        17.633,
        -4,
        0,
        19.633,
        0,
        2,
        20,
        0,
        2,
        20.333,
        0
      ]
    },
    {
      "Target": "Parameter",
      "Id": "Lxiutz",
      "FadeInTime": -1.0,
      "FadeOutTime": -1.0,
      "Segments": [
        0,
        0,
        2,
        0.267,
        0,
        2,
        0.733,
        0,
        1,
        0.9,
        0,
        1.066,
        0.31,
        1.233,
        2,
        1,
        1.439,
        4.085,
        1.644,
        6,
        1.85,
        6,
        2,
        3.65,
        6,
        2,
        4.933,
        6,
        2,
        5.35,
        6,
        0,
        5.767,
        0,
        2,
        9.533,
        0,
        1,
        9.628,
        0,
        9.722,
        7.353,
        9.817,
        9,
        1,
        9.889,
        10,
        9.961,
        10,
        10.033,
        10,
        2,
        10.55,
        10,
        0,
        14.217,
        9,
        2,
        15.017,
        9,
        0,
        15.533,
        10,
        2,
        15.717,
        10,
        1,
        15.806,
        10,
        15.894,
        9.991,
        15.983,
        8,
        1,
        16.161,
        4.018,
        16.339,
        0,
        16.517,
        0,
        2,
        19.633,
        0,
        2,
        20,
        0,
        2,
        20.333,
        0
      ]
    },
    {
      "Target": "Parameter",
      "Id": "Lxiaobicj",
      "FadeInTime": -1.0,
      "FadeOutTime": -1.0,
      "Segments": [
        0,
        0,
        2,
        0.267,
        0,
        2,
        0.733,
        0,
        0,
        1.85,
        10,
        2,
        3.65,
        10,
        2,
        4.933,
        10,
        0,
        5.583,
        0,
        2,
        6.1,
        0,
        2,
        9.033,
        0,
        2,
        9.533,
        0,
        2,
        9.817,
        0,
        0,
        9.917,
        10,
        2,
        10.55,
        10,
        2,
        14.217,
        10,
        2,
        15.017,
        10,
        2,
        15.533,
        10,
        2,
        15.85,
        10,
        1,
        15.894,
        10,
        15.939,
        8.626,
        15.983,
        5,
        1,
        15.989,
        4.547,
        15.994,
        0,
        16,
        0,
        2,
        16.517,
        0,
        2,
        17.633,
        0,
        2,
        19.633,
        0,
        2,
        20,
        0,
        2,
        20.333,
        0
      ]
    },
    {
      "Target": "Parameter",
      "Id": "Lshoudh",
      "FadeInTime": -1.0,
      "FadeOutTime": -1.0,
      "Segments": [
        0,
        0,
        1,
        0.089,
        0,
        0.178,
        -0.549,
        0.267,
        -1,
        1,
        0.422,
        -1.79,
        0.578,
        -2,
        0.733,
        -2,
        0,
        1.233,
        0,
        0,
        1.533,
        -10,
        0,
        1.85,
        0,
        0,
        3.65,
        -10,
        2,
        4.933,
        -10,
        2,
        5.167,
        -10,
        0,
        6.1,
        0,
        0,
        6.433,
        -2,
        0,
        7.933,
        -1,
        0,
        9.033,
        -2,
        0,
        9.533,
        0,
        0,
        9.8,
        -3,
        0,
        10.033,
        4,
        0,
        10.55,
        0,
        2,
        14.217,
        0,
        2,
        15.017,
        0,
        0,
        15.467,
        -3,
        1,
        15.622,
        -3,
        15.778,
        -2.683,
        15.933,
        -1,
        1,
        16.128,
        1.104,
        16.322,
        3,
        16.517,
        3,
        1,
        16.889,
        3,
        17.261,
        2.588,
        17.633,
        0,
        1,
        17.805,
        -1.197,
        17.978,
        -5,
        18.15,
        -5,
        0,
        18.867,
        5,
        0,
        19.633,
        0,
        2,
        20,
        0,
        2,
        20.333,
        0
      ]
    },
    {
      "Target": "Parameter",
      "Id": "Lshoudh2",
      "FadeInTime": -1.0,
      "FadeOutTime": -1.0,
      "Segments": [
        0,
        0,
        2,
        0.267,
        0,
        2,
        0.733,
        0,
        2,
        1.233,
        0,
        2,
        1.85,
        0,
        2,
        3.65,
        0,
        2,
        4.933,
        0,
        2,
        5.167,
        0,
        2,
        6.1,
        0,
        2,
        9.033,
        0,
        2,
        9.533,
        0,
        0,
        9.8,
        -3,
        0,
        10.033,
        6,
        0,
        10.55,
        -2,
        2,
        14.217,
        -2,
        2,
        15.017,
        -2,
        0,
        16.517,
        0,
        2,
        17.633,
        0,
        1,
        17.805,
        0,
        17.978,
        -3.549,
        18.15,
        -6,
        1,
        18.389,
        -9.4,
        18.628,
        -10,
        18.867,
        -10,
        0,
        19.633,
        0,
        2,
        20,
        0,
        2,
        20.333,
        0
      ]
    },
    {
      "Target": "Parameter",
      "Id": "lmuzhi",
      "FadeInTime": -1.0,
      "FadeOutTime": -1.0,
      "Segments": [
        0,
        0,
        2,
        0.267,
        0,
        2,
        0.733,
        0,
        2,
        1.85,
        0,
        2,
        3.65,
        0,
        2,
        4.933,
        0,
        0,
        6.1,
        -9,
        2,
        9.033,
        -9,
        2,
        9.533,
        -9,
        0,
        10.033,
        0,
        2,
        10.55,
        0,
        2,
        14.217,
        0,
        2,
        15.017,
        0,
        2,
        16.517,
        0,
        2,
        17.633,
        0,
        2,
        19.633,
        0,
        2,
        20,
        0,
        2,
        20.333,
        0
      ]
    },
    {
      "Target": "Parameter",
      "Id": "lmoshou",
      "FadeInTime": -1.0,
      "FadeOutTime": -1.0,
      "Segments": [
        0,
        1,
        2,
        0.267,
        1,
        2,
        0.733,
        1,
        2,
        1.233,
        1,
        2,
        1.433,
        1,
        0,
        1.45,
        0,
        2,
        1.85,
        0,
        2,
        3.65,
        0,
        2,
        4.933,
        0,
        2,
        5.167,
        0,
        0,
        5.183,
        1,
        2,
        6.1,
        1,
        2,
        9.033,
        1,
        2,
        9.533,
        1,
        2,
        10.033,
        1,
        2,
        10.55,
        1,
        2,
        14.217,
        1,
        2,
        15.017,
        1,
        2,
        16.517,
        1,
        2,
        17.633,
        1,
        2,
        19.633,
        1,
        2,
        20,
        1,
        2,
        20.333,
        1
      ]
    },
    {
      "Target": "Parameter",
      "Id": "tuosais",
      "FadeInTime": -1.0,
      "FadeOutTime": -1.0,
      "Segments": [
        0,
        0,
        2,
        0.267,
        0,
        2,
        0.733,
        0,
        2,
        1.233,
        0,
        2,
        1.433,
        0,
        0,
        1.45,
        1,
        2,
        1.85,
        1,
        2,
        3.65,
        1,
        2,
        4.933,
        1,
        2,
        5.167,
        1,
        0,
        5.183,
        0,
        2,
        6.1,
        0,
        2,
        9.033,
        0,
        2,
        9.533,
        0,
        2,
        10.033,
        0,
        2,
        10.55,
        0,
        2,
        14.217,
        0,
        2,
        15.017,
        0,
        2,
        16.517,
        0,
        2,
        17.633,
        0,
        2,
        19.633,
        0,
        2,
        20,
        0,
        2,
        20.333,
        0
      ]
    },
    {
      "Target": "Parameter",
      "Id": "jishouying2",
      "FadeInTime": -1.0,
      "FadeOutTime": -1.0,
      "Segments": [
        0,
        0,
        2,
        0.267,
        0,
        2,
        10.55,
        0,
        2,
        14.217,
        0,
        2,
        15.017,
        0,
        0,
        15.467,
        1,
        0,
        19.633,
        0,
        2,
        20,
        0,
        2,
        20.333,
        0
      ]
    },
    {
      "Target": "Parameter",
      "Id": "Rsbxz",
      "FadeInTime": -1.0,
      "FadeOutTime": -1.0,
      "Segments": [
        0,
        0,
        2,
        0.267,
        0,
        2,
        0.667,
        0,
        0,
        1.233,
        0.68,
        2,
        1.85,
        0.68,
        0,
        3.65,
        1.229,
        0,
        6.1,
        0.721,
        2,
        9.033,
        0.721,
        0,
        10.033,
        1.62,
        2,
        10.55,
        1.62,
        2,
        14.217,
        1.62,
        2,
        15.017,
        1.62,
        0,
        15.467,
        0.534,
        0,
        16.517,
        1.02,
        2,
        17.633,
        1.02,
        0,
        18.267,
        0,
        2,
        19.633,
        0,
        2,
        20,
        0,
        2,
        20.333,
        0
      ]
    },
    {
      "Target": "Parameter",
      "Id": "Rxbxz",
      "FadeInTime": -1.0,
      "FadeOutTime": -1.0,
      "Segments": [
        0,
        0,
        2,
        0.267,
        0,
        0,
        0.667,
        -0.54,
        0,
        1.233,
        15.44,
        0,
        1.85,
        14,
        2,
        3.65,
        14,
        0,
        6.1,
        15.129,
        2,
        9.033,
        15.129,
        0,
        10.033,
        -5.66,
        1,
        10.205,
        -5.66,
        10.378,
        -6.018,
        10.55,
        -4.46,
        1,
        10.9,
        -1.295,
        11.25,
        4.51,
        11.6,
        4.51,
        2,
        13.4,
        4.51,
        1,
        13.606,
        4.51,
        13.811,
        -0.167,
        14.017,
        -2.859,
        1,
        14.217,
        -5.478,
        14.417,
        -5.556,
        14.617,
        -5.556,
        1,
        14.9,
        -5.556,
        15.184,
        -6.069,
        15.467,
        -2.859,
        1,
        15.817,
        1.106,
        16.167,
        14.2,
        16.517,
        14.2,
        2,
        17.633,
        14.2,
        0,
        18.267,
        -1.86,
        0,
        19.633,
        0,
        2,
        20,
        0,
        2,
        20.333,
        0
      ]
    },
    {
      "Target": "Parameter",
      "Id": "Rshouxz",
      "FadeInTime": -1.0,
      "FadeOutTime": -1.0,
      "Segments": [
        0,
        0,
        2,
        0.267,
        0,
        1,
        0.4,
        0,
        0.534,
        -2.691,
        0.667,
        -5.34,
        1,
        0.756,
        -7.106,
        0.844,
        -7.264,
        0.933,
        -7.264,
        0,
        1.233,
        0,
        2,
        1.85,
        0,
        2,
        3.65,
        0,
        0,
        6.1,
        -0.697,
        2,
        9.033,
        -0.697,
        0,
        9.533,
        6,
        0,
        10.033,
        -6.468,
        0,
        10.55,
        -1.849,
        1,
        10.9,
        -1.849,
        11.25,
        -4.435,
        11.6,
        -6.02,
        1,
        11.806,
        -6.951,
        12.011,
        -6.827,
        12.217,
        -6.827,
        0,
        12.833,
        -5.439,
        1,
        13.022,
        -5.439,
        13.211,
        -5.692,
        13.4,
        -6.02,
        1,
        13.672,
        -6.492,
        13.945,
        -6.66,
        14.217,
        -6.66,
        0,
        15.017,
        -3.48,
        0,
        15.467,
        -8.138,
        0,
        15.817,
        10,
        0,
        16.517,
        0,
        2,
        17.633,
        0,
        0,
        17.95,
        9,
        0,
        18.267,
        -5.76,
        0,
        19.633,
        0,
        2,
        20,
        0,
        2,
        20.333,
        0
      ]
    },
    {
      "Target": "Parameter",
      "Id": "rxbbx",
      "FadeInTime": -1.0,
      "FadeOutTime": -1.0,
      "Segments": [
        0,
        0,
        2,
        0.267,
        0,
        2,
        0.667,
        0,
        0,
        1.233,
        10,
        2,
        1.85,
        10,
        2,
        3.65,
        10,
        0,
        6.1,
        9.59,
        2,
        9.033,
        9.59,
        0,
        10.033,
        -10,
        2,
        10.55,
        -10,
        2,
        14.217,
        -10,
        2,
        15.017,
        -10,
        2,
        16.517,
        -10,
        2,
        17.633,
        -10,
        0,
        18.267,
        0,
        2,
        19.633,
        0,
        2,
        20,
        0,
        2,
        20.333,
        0
      ]
    },
    {
      "Target": "Parameter",
      "Id": "Rxiaobcd",
      "FadeInTime": -1.0,
      "FadeOutTime": -1.0,
      "Segments": [
        0,
        0,
        2,
        0.267,
        0,
        2,
        0.667,
        0,
        2,
        1.233,
        0,
        2,
        1.85,
        0,
        2,
        3.65,
        0,
        0,
        6.1,
        0.287,
        2,
        9.033,
        0.287,
        0,
        10.033,
        5,
        2,
        10.55,
        5,
        0,
        11.6,
        -6,
        2,
        13.4,
        -6,
        0,
        14.217,
        2.96,
        2,
        15.017,
        2.96,
        0,
        16.517,
        5,
        2,
        17.633,
        5,
        0,
        18.267,
        0,
        2,
        19.633,
        0,
        2,
        20,
        0,
        2,
        20.333,
        0
      ]
    },
    {
      "Target": "Parameter",
      "Id": "rxiaobiq",
      "FadeInTime": -1.0,
      "FadeOutTime": -1.0,
      "Segments": [
        0,
        0,
        2,
        0.267,
        0,
        2,
        0.667,
        0,
        0,
        1.233,
        1,
        2,
        1.85,
        1,
        2,
        3.65,
        1,
        2,
        6.1,
        1,
        2,
        9.467,
        1,
        0,
        9.533,
        0,
        2,
        10.033,
        0,
        2,
        10.55,
        0,
        2,
        14.217,
        0,
        2,
        15.017,
        0,
        2,
        15.467,
        0,
        2,
        15.817,
        0,
        2,
        16.067,
        0,
        0,
        16.133,
        1,
        2,
        16.517,
        1,
        2,
        17.633,
        1,
        2,
        18.033,
        1,
        0,
        18.05,
        0,
        2,
        18.267,
        0,
        2,
        19.633,
        0,
        2,
        20,
        0,
        2,
        20.333,
        0
      ]
    },
    {
      "Target": "Parameter",
      "Id": "Rshoudh1",
      "FadeInTime": -1.0,
      "FadeOutTime": -1.0,
      "Segments": [
        0,
        0,
        2,
        0.267,
        0,
        0,
        0.667,
        7,
        0,
        1.233,
        0,
        2,
        1.85,
        0,
        2,
        3.65,
        0,
        2,
        9.567,
        0,
        2,
        9.65,
        0,
        2,
        11.6,
        0,
        0,
        12.133,
        -8,
        0,
        12.733,
        0,
        0,
        13.217,
        -5,
        0,
        13.7,
        0,
        2,
        14.217,
        0,
        2,
        15.017,
        0,
        2,
        15.467,
        0,
        0,
        15.817,
        10,
        0,
        16.517,
        0,
        2,
        17.633,
        0,
        2,
        17.95,
        0,
        0,
        18.267,
        10,
        0,
        19.633,
        0,
        2,
        20,
        0,
        2,
        20.333,
        0
      ]
    },
    {
      "Target": "Parameter",
      "Id": "Rshoudh2",
      "FadeInTime": -1.0,
      "FadeOutTime": -1.0,
      "Segments": [
        0,
        0,
        2,
        0.267,
        0,
        0,
        0.667,
        -10,
        0,
        1.233,
        10,
        2,
        1.85,
        10,
        2,
        3.65,
        10,
        2,
        9.567,
        10,
        0,
        9.65,
        0,
        2,
        13.7,
        0,
        2,
        14.217,
        0,
        2,
        15.017,
        0,
        2,
        16.517,
        0,
        2,
        17.633,
        0,
        2,
        17.95,
        0,
        2,
        19.633,
        0,
        2,
        20,
        0,
        2,
        20.333,
        0
      ]
    },
    {
      "Target": "Parameter",
      "Id": "rmoshou",
      "FadeInTime": -1.0,
      "FadeOutTime": -1.0,
      "Segments": [
        0,
        1,
        2,
        0.267,
        1,
        2,
        0.667,
        1,
        2,
        1.233,
        1,
        2,
        1.85,
        1,
        2,
        3.65,
        1,
        0,
        6.1,
        0.959,
        2,
        9.567,
        0.959,
        0,
        9.65,
        0,
        2,
        14.217,
        0,
        2,
        15.017,
        0,
        2,
        16.517,
        0,
        2,
        17.633,
        0,
        0,
        17.683,
        1,
        2,
        19.633,
        1,
        2,
        20,
        1,
        2,
        20.333,
        1
      ]
    },
    {
      "Target": "Parameter",
      "Id": "Rzhangshou",
      "FadeInTime": -1.0,
      "FadeOutTime": -1.0,
      "Segments": [
        0,
        0,
        2,
        0.267,
        0,
        2,
        0.667,
        0,
        2,
        1.233,
        0,
        2,
        1.85,
        0,
        2,
        3.65,
        0,
        0,
        6.1,
        0.041,
        2,
        9.567,
        0.041,
        0,
        9.65,
        0,
        2,
        14.217,
        0,
        2,
        15.017,
        0,
        2,
        16.517,
        0,
        2,
        17.633,
        0,
        2,
        19.633,
        0,
        2,
        20,
        0,
        2,
        20.333,
        0
      ]
    },
    {
      "Target": "Parameter",
      "Id": "Rtaoeshou",
      "FadeInTime": -1.0,
      "FadeOutTime": -1.0,
      "Segments": [
        0,
        0,
        2,
        0.267,
        0,
        2,
        0.667,
        0,
        2,
        1.233,
        0,
        2,
        1.85,
        0,
        2,
        3.65,
        0,
        2,
        6.1,
        0,
        2,
        9.567,
        0,
        0,
        9.65,
        1,
        2,
        14.217,
        1,
        2,
        15.017,
        1,
        2,
        15.467,
        1,
        2,
        16.517,
        1,
        2,
        17.633,
        1,
        0,
        17.683,
        0,
        2,
        19.633,
        0,
        2,
        20,
        0,
        2,
        20.333,
        0
      ]
    },
    {
      "Target": "Parameter",
      "Id": "Ldatuixz",
      "FadeInTime": -1.0,
      "FadeOutTime": -1.0,
      "Segments": [
        0,
        0,
        2,
        0.333,
        0,
        0,
        1.183,
        -0.62,
        0,
        2.317,
        0.22,
        1,
        2.761,
        0.22,
        3.206,
        0.241,
        3.65,
        0.08,
        1,
        4.078,
        -0.075,
        4.505,
        -0.857,
        4.933,
        -0.857,
        0,
        6.1,
        0.067,
        0,
        7.9,
        -0.9,
        0,
        9.033,
        -0.466,
        0,
        10.333,
        -1,
        0,
        11.433,
        -0.5,
        0,
        12.833,
        -1.092,
        1,
        13.294,
        -1.092,
        13.756,
        -1.092,
        14.217,
        -1,
        1,
        14.484,
        -0.947,
        14.75,
        -0.34,
        15.017,
        -0.34,
        0,
        16.517,
        -1.64,
        1,
        16.889,
        -1.64,
        17.261,
        -1.39,
        17.633,
        -1,
        1,
        18.3,
        -0.301,
        18.966,
        0,
        19.633,
        0,
        2,
        20,
        0,
        2,
        20.333,
        0
      ]
    },
    {
      "Target": "Parameter",
      "Id": "Lxuiaotuixz",
      "FadeInTime": -1.0,
      "FadeOutTime": -1.0,
      "Segments": [
        0,
        0,
        2,
        0.333,
        0,
        0,
        1.283,
        -0.8,
        1,
        1.661,
        -0.8,
        2.039,
        -0.507,
        2.417,
        -0.4,
        1,
        2.861,
        -0.275,
        3.306,
        -0.298,
        3.75,
        -0.151,
        1,
        4.172,
        -0.011,
        4.595,
        0.957,
        5.017,
        0.957,
        0,
        6.167,
        0.26,
        0,
        8,
        0.861,
        0,
        9.133,
        -0.462,
        0,
        10.433,
        1,
        1,
        10.8,
        1,
        11.166,
        0.591,
        11.533,
        0.48,
        1,
        12,
        0.339,
        12.466,
        0.342,
        12.933,
        0.342,
        0,
        14.317,
        1,
        1,
        14.578,
        1,
        14.839,
        0.451,
        15.1,
        0.42,
        1,
        15.6,
        0.361,
        16.1,
        0.36,
        16.6,
        0.36,
        0,
        17.717,
        1,
        0,
        19.633,
        0,
        2,
        20,
        0,
        2,
        20.333,
        0
      ]
    },
    {
      "Target": "Parameter",
      "Id": "Ljiaoxz",
      "FadeInTime": -1.0,
      "FadeOutTime": -1.0,
      "Segments": [
        0,
        0,
        2,
        0.333,
        0,
        1,
        0.683,
        0,
        1.033,
        0.713,
        1.383,
        0.78,
        1,
        1.761,
        0.852,
        2.139,
        0.84,
        2.517,
        0.84,
        0,
        3.85,
        -0.764,
        1,
        4.267,
        -0.764,
        4.683,
        -0.494,
        5.1,
        0.129,
        1,
        5.483,
        0.702,
        5.867,
        1.707,
        6.25,
        1.938,
        1,
        6.867,
        2.309,
        7.483,
        2.53,
        8.1,
        2.743,
        1,
        8.478,
        2.874,
        8.855,
        2.89,
        9.233,
        2.89,
        1,
        9.666,
        2.89,
        10.1,
        2.527,
        10.533,
        2,
        1,
        10.9,
        1.554,
        11.266,
        0.978,
        11.633,
        0.82,
        1,
        12.1,
        0.619,
        12.566,
        0.615,
        13.033,
        0.615,
        1,
        13.494,
        0.615,
        13.956,
        0.96,
        14.417,
        2,
        1,
        14.672,
        2.576,
        14.928,
        3.12,
        15.183,
        3.12,
        1,
        15.683,
        3.12,
        16.183,
        2.804,
        16.683,
        2.5,
        1,
        17.055,
        2.274,
        17.428,
        2.329,
        17.8,
        2,
        1,
        18.411,
        1.459,
        19.022,
        0,
        19.633,
        0,
        2,
        20,
        0,
        2,
        20.333,
        0
      ]
    },
    {
      "Target": "Parameter",
      "Id": "Rdatuixz",
      "FadeInTime": -1.0,
      "FadeOutTime": -1.0,
      "Segments": [
        0,
        0,
        2,
        0.333,
        0,
        2,
        14.633,
        0,
        0,
        15.917,
        0.1,
        0,
        20,
        0,
        2,
        20.333,
        0
      ]
    },
    {
      "Target": "Parameter",
      "Id": "xionglian8",
      "FadeInTime": -1.0,
      "FadeOutTime": -1.0,
      "Segments": [
        0,
        0,
        2,
        0.333,
        0,
        0,
        1.283,
        9.2,
        1,
        1.65,
        9.2,
        2.016,
        3.257,
        2.383,
        2.3,
        1,
        3.183,
        0.212,
        3.983,
        0,
        4.783,
        0,
        0,
        6.483,
        10,
        2,
        8.483,
        10,
        0,
        9.667,
        6.7,
        0,
        11.917,
        10,
        2,
        16.683,
        10,
        1,
        17.166,
        10,
        17.65,
        3.691,
        18.133,
        1.8,
        1,
        18.633,
        0,
        19.133,
        0,
        19.633,
        0,
        2,
        20.333,
        0
      ]
    },
    {
      "Target": "Parameter",
      "Id": "jiupings1",
      "FadeInTime": -1.0,
      "FadeOutTime": -1.0,
      "Segments": [
        0,
        -2.002,
        0,
        0.667,
        2.002,
        0,
        1.333,
        -2.002,
        0,
        2,
        2.002,
        0,
        2.667,
        -2.002,
        0,
        3.333,
        2.002,
        0,
        4.017,
        -2.002,
        0,
        4.683,
        2.002,
        0,
        5.35,
        -2.002,
        0,
        6.017,
        2.002,
        0,
        6.667,
        -2.002,
        0,
        7.333,
        2.002,
        0,
        8,
        -2.002,
        0,
        8.667,
        2.002,
        0,
        9.333,
        -2.002,
        0,
        10,
        2.002,
        0,
        10.683,
        -2.002,
        0,
        11.35,
        2.002,
        0,
        12.017,
        -2.002,
        0,
        12.683,
        2.002,
        0,
        13.333,
        -2.002,
        0,
        14,
        2.002,
        0,
        14.667,
        -2.002,
        0,
        15.333,
        2.002,
        0,
        16,
        -2.002,
        0,
        16.667,
        2.002,
        0,
        17.35,
        -2.002,
        0,
        18.017,
        2.002,
        0,
        18.683,
        -2.002,
        0,
        19.35,
        2.002,
        0,
        20,
        -2.002,
        2,
        20.333,
        -2.002
      ]
    },
    {
      "Target": "Parameter",
      "Id": "jiupings2",
      "FadeInTime": -1.0,
      "FadeOutTime": -1.0,
      "Segments": [
        0,
        -0.149,
        1,
        0.111,
        0.819,
        0.222,
        2.002,
        0.333,
        2.002,
        0,
        1,
        -2.002,
        0,
        1.667,
        2.002,
        0,
        2.35,
        -2.002,
        0,
        3.017,
        2.002,
        0,
        3.683,
        -2.002,
        0,
        4.35,
        2.002,
        0,
        5.017,
        -2.002,
        0,
        5.683,
        2.002,
        0,
        6.367,
        -2.002,
        0,
        6.667,
        -0.149,
        1,
        6.778,
        0.819,
        6.889,
        2.002,
        7,
        2.002,
        0,
        7.667,
        -2.002,
        0,
        8.333,
        2.002,
        0,
        9.017,
        -2.002,
        0,
        9.683,
        2.002,
        0,
        10.35,
        -2.002,
        0,
        11.017,
        2.002,
        0,
        11.683,
        -2.002,
        0,
        12.35,
        2.002,
        0,
        13.033,
        -2.002,
        0,
        13.333,
        -0.149,
        1,
        13.444,
        0.819,
        13.556,
        2.002,
        13.667,
        2.002,
        0,
        14.333,
        -2.002,
        0,
        15,
        2.002,
        0,
        15.683,
        -2.002,
        0,
        16.35,
        2.002,
        0,
        17.017,
        -2.002,
        0,
        17.683,
        2.002,
        0,
        18.35,
        -2.002,
        0,
        19.017,
        2.002,
        0,
        19.7,
        -2.002,
        0,
        20,
        -0.149,
        2,
        20.333,
        -0.149
      ]
    },
    {
      "Target": "Parameter",
      "Id": "jiupxz",
      "FadeInTime": -1.0,
      "FadeOutTime": -1.0,
      "Segments": [
        0,
        -0.024,
        1,
        0.278,
        -0.239,
        0.555,
        -0.501,
        0.833,
        -0.501,
        0,
        2.5,
        0.501,
        0,
        4.183,
        -0.501,
        0,
        5.85,
        0.501,
        0,
        6.667,
        -0.024,
        1,
        6.945,
        -0.239,
        7.222,
        -0.501,
        7.5,
        -0.501,
        0,
        9.167,
        0.501,
        0,
        10.85,
        -0.501,
        0,
        12.517,
        0.501,
        0,
        13.333,
        -0.024,
        1,
        13.611,
        -0.239,
        13.889,
        -0.501,
        14.167,
        -0.501,
        0,
        15.833,
        0.501,
        0,
        17.517,
        -0.501,
        0,
        19.183,
        0.501,
        0,
        20,
        -0.024,
        2,
        20.333,
        -0.024
      ]
    },
    {
      "Target": "Parameter",
      "Id": "jiX",
      "FadeInTime": -1.0,
      "FadeOutTime": -1.0,
      "Segments": [
        0,
        -0.998,
        0,
        1.65,
        0.998,
        0,
        3.333,
        -0.998,
        0,
        5.017,
        0.998,
        0,
        6.667,
        -0.998,
        0,
        8.317,
        0.998,
        0,
        10,
        -0.998,
        0,
        11.683,
        0.998,
        0,
        13.333,
        -0.998,
        0,
        14.983,
        0.998,
        0,
        16.667,
        -0.998,
        0,
        18.35,
        0.998,
        0,
        20,
        -0.998,
        2,
        20.333,
        -0.998
      ]
    },
    {
      "Target": "Parameter",
      "Id": "jiY",
      "FadeInTime": -1.0,
      "FadeOutTime": -1.0,
      "Segments": [
        0,
        -0.12,
        1,
        0.278,
        0.834,
        0.555,
        2,
        0.833,
        2,
        0,
        2.5,
        -2,
        0,
        4.183,
        2,
        0,
        5.867,
        -2,
        0,
        6.667,
        -0.12,
        1,
        6.945,
        0.834,
        7.222,
        2,
        7.5,
        2,
        0,
        9.167,
        -2,
        0,
        10.85,
        2,
        0,
        12.533,
        -2,
        0,
        13.333,
        -0.12,
        1,
        13.611,
        0.834,
        13.889,
        2,
        14.167,
        2,
        0,
        15.833,
        -2,
        0,
        17.517,
        2,
        0,
        19.2,
        -2,
        0,
        20,
        -0.12,
        2,
        20.333,
        -0.12
      ]
    },
    {
      "Target": "Parameter",
      "Id": "jidaim1",
      "FadeInTime": -1.0,
      "FadeOutTime": -1.0,
      "Segments": [
        0,
        -5.009,
        0,
        1.667,
        5.009,
        0,
        3.333,
        -5.009,
        0,
        5,
        5.009,
        0,
        6.667,
        -5.009,
        0,
        8.333,
        5.009,
        0,
        10,
        -5.009,
        0,
        11.667,
        5.009,
        0,
        13.333,
        -5.009,
        0,
        15,
        5.009,
        0,
        16.667,
        -5.009,
        0,
        18.333,
        5.009,
        0,
        20,
        -5.009,
        2,
        20.333,
        -5.009
      ]
    },
    {
      "Target": "Parameter",
      "Id": "jidaim2",
      "FadeInTime": -1.0,
      "FadeOutTime": -1.0,
      "Segments": [
        0,
        -0.15,
        1,
        0.283,
        2.172,
        0.567,
        5.009,
        0.85,
        5.009,
        0,
        2.517,
        -5.009,
        0,
        4.183,
        5.009,
        0,
        5.85,
        -5.009,
        0,
        6.667,
        -0.15,
        1,
        6.95,
        2.172,
        7.234,
        5.009,
        7.517,
        5.009,
        0,
        9.183,
        -5.009,
        0,
        10.85,
        5.009,
        0,
        12.517,
        -5.009,
        0,
        13.333,
        -0.15,
        1,
        13.616,
        2.172,
        13.9,
        5.009,
        14.183,
        5.009,
        0,
        15.85,
        -5.009,
        0,
        17.517,
        5.009,
        0,
        19.183,
        -5.009,
        0,
        20,
        -0.15,
        2,
        20.333,
        -0.15
      ]
    },
    {
      "Target": "Parameter",
      "Id": "yet1",
      "FadeInTime": -1.0,
      "FadeOutTime": -1.0,
      "Segments": [
        0,
        0,
        2,
        0.333,
        0,
        0,
        0.767,
        -1.138,
        0,
        1.517,
        1.138,
        0,
        2.283,
        -1.138,
        0,
        3.033,
        1.138,
        0,
        3.8,
        -1.138,
        0,
        4.55,
        1.138,
        0,
        5.317,
        -1.138,
        0,
        6.083,
        1.138,
        0,
        6.85,
        -1.138,
        0,
        7.6,
        1.138,
        0,
        8.367,
        -1.138,
        0,
        9.117,
        1.138,
        0,
        9.883,
        -1.138,
        0,
        10.633,
        1.138,
        0,
        11.4,
        -1.138,
        0,
        12.167,
        1.138,
        0,
        12.933,
        -1.138,
        0,
        13.683,
        1.138,
        0,
        14.45,
        -1.138,
        0,
        15.2,
        1.138,
        0,
        15.967,
        -1.138,
        0,
        16.717,
        1.138,
        0,
        17.483,
        -1.138,
        0,
        18.25,
        1.138,
        0,
        19.017,
        -1.138,
        0,
        19.767,
        1.138,
        0,
        20.333,
        0
      ]
    },
    {
      "Target": "Parameter",
      "Id": "yet2",
      "FadeInTime": -1.0,
      "FadeOutTime": -1.0,
      "Segments": [
        0,
        0,
        0,
        0.383,
        -1.138,
        0,
        1.15,
        1.138,
        0,
        1.9,
        -1.138,
        0,
        2.683,
        1.138,
        0,
        3.45,
        -1.138,
        0,
        4.167,
        1.138,
        0,
        4.933,
        -1.138,
        0,
        5.7,
        1.138,
        1,
        5.828,
        1.138,
        5.955,
        0.839,
        6.083,
        0.085,
        0,
        6.467,
        -1.138,
        0,
        7.233,
        1.138,
        0,
        7.983,
        -1.138,
        0,
        8.767,
        1.138,
        0,
        9.533,
        -1.138,
        0,
        10.25,
        1.138,
        0,
        11.017,
        -1.138,
        0,
        11.783,
        1.138,
        1,
        11.911,
        1.138,
        12.039,
        0.839,
        12.167,
        0.085,
        0,
        12.55,
        -1.138,
        0,
        13.317,
        1.138,
        0,
        14.067,
        -1.138,
        0,
        14.85,
        1.138,
        0,
        15.617,
        -1.138,
        0,
        16.333,
        1.138,
        0,
        17.1,
        -1.138,
        0,
        17.867,
        1.138,
        1,
        17.995,
        1.138,
        18.122,
        0.839,
        18.25,
        0.085,
        0,
        18.633,
        -1.138,
        0,
        19.4,
        1.138,
        0,
        20,
        0,
        2,
        20.333,
        0
      ]
    },
    {
      "Target": "Parameter",
      "Id": "MB_yanwubaozha",
      "FadeInTime": -1.0,
      "FadeOutTime": -1.0,
      "Segments": [
        0,
        0,
        2,
        0.333,
        0,
        2,
        9.517,
        0,
        0,
        10.167,
        1.5,
        2,
        10.183,
        0,
        2,
        14.217,
        0,
        2,
        15.033,
        0,
        2,
        15.3,
        0,
        0,
        16.067,
        1.5,
        2,
        16.083,
        0,
        2,
        19.633,
        0,
        2,
        20,
        0,
        2,
        20.333,
        0
      ]
    },
    {
      "Target": "Parameter",
      "Id": "tangjichu",
      "FadeInTime": -1.0,
      "FadeOutTime": -1.0,
      "Segments": [
        0,
        0,
        2,
        0.333,
        0,
        2,
        9.783,
        0,
        0,
        9.9,
        1,
        2,
        10.333,
        1,
        2,
        14.217,
        1,
        2,
        15.033,
        1,
        2,
        15.633,
        1,
        0,
        15.75,
        0,
        2,
        17.65,
        0,
        2,
        19.633,
        0,
        2,
        20,
        0,
        2,
        20.333,
        0
      ]
    },
    {
      "Target": "Parameter",
      "Id": "tangjibq",
      "FadeInTime": -1.0,
      "FadeOutTime": -1.0,
      "Segments": [
        0,
        0,
        2,
        0.333,
        0,
        2,
        11.9,
        0,
        0,
        12.283,
        1,
        2,
        13.783,
        1,
        0,
        14.217,
        0,
        2,
        15.033,
        0,
        2,
        19.633,
        0,
        2,
        20,
        0,
        2,
        20.333,
        0
      ]
    },
    {
      "Target": "Parameter",
      "Id": "tangjiX",
      "FadeInTime": -1.0,
      "FadeOutTime": -1.0,
      "Segments": [
        0,
        0,
        2,
        0.333,
        0,
        0,
        10.033,
        10,
        0,
        10.267,
        -5,
        0,
        10.467,
        4,
        0,
        10.667,
        -1,
        1,
        10.739,
        -1,
        10.811,
        -0.535,
        10.883,
        0,
        1,
        11.111,
        1.686,
        11.339,
        2.38,
        11.567,
        2.38,
        0,
        12.25,
        -0.04,
        0,
        12.883,
        1.18,
        0,
        13.667,
        -0.4,
        2,
        14.217,
        -0.4,
        2,
        15.033,
        -0.4,
        0,
        15.35,
        4.28,
        0,
        15.85,
        -2.38,
        0,
        19.633,
        0,
        2,
        20,
        0,
        2,
        20.333,
        0
      ]
    },
    {
      "Target": "Parameter",
      "Id": "tangjiY",
      "FadeInTime": -1.0,
      "FadeOutTime": -1.0,
      "Segments": [
        0,
        0,
        2,
        0.333,
        0,
        0,
        10.033,
        10,
        0,
        10.267,
        -7,
        0,
        10.467,
        4,
        2,
        10.667,
        4,
        0,
        10.883,
        0,
        2,
        14.217,
        0,
        2,
        15.033,
        0,
        0,
        15.85,
        -1.7,
        0,
        19.633,
        0,
        2,
        20,
        0,
        2,
        20.333,
        0
      ]
    },
    {
      "Target": "Parameter",
      "Id": "tangjzzxx",
      "FadeInTime": -1.0,
      "FadeOutTime": -1.0,
      "Segments": [
        0,
        0,
        2,
        0.333,
        0,
        2,
        9.517,
        0,
        0,
        9.783,
        1,
        2,
        15.633,
        1,
        0,
        15.75,
        0,
        2,
        19.633,
        0,
        2,
        20.333,
        0
      ]
    },
    {
      "Target": "Parameter",
      "Id": "Paramring",
      "FadeInTime": -1.0,
      "FadeOutTime": -1.0,
      "Segments": [
        0,
        0,
        0,
        20.333,
        0
      ]
    },
    {
      "Target": "Parameter",
      "Id": "touch_drag1",
      "FadeInTime": -1.0,
      "FadeOutTime": -1.0,
      "Segments": [
        0,
        0,
        0,
        20.333,
        0
      ]
    },
    {
      "Target": "Parameter",
      "Id": "touch_drag2",
      "FadeInTime": -1.0,
      "FadeOutTime": -1.0,
      "Segments": [
        0,
        0,
        0,
        20.333,
        0
      ]
    },
    {
      "Target": "Parameter",
      "Id": "touch_drag3",
      "FadeInTime": -1.0,
      "FadeOutTime": -1.0,
      "Segments": [
        0,
        0,
        0,
        20.333,
        0
      ]
    },
    {
      "Target": "Parameter",
      "Id": "touch_drag4",
      "FadeInTime": -1.0,
      "FadeOutTime": -1.0,
      "Segments": [
        0,
        0,
        0,
        20.333,
        0
      ]
    },
    {
      "Target": "Parameter",
      "Id": "touch_drag5",
      "FadeInTime": -1.0,
      "FadeOutTime": -1.0,
      "Segments": [
        0,
        0,
        0,
        20.333,
        0
      ]
    },
    {
      "Target": "Parameter",
      "Id": "touch_drag6",
      "FadeInTime": -1.0,
      "FadeOutTime": -1.0,
      "Segments": [
        0,
        0,
        0,
        20.333,
        0
      ]
    },
    {
      "Target": "Parameter",
      "Id": "touch_drag8",
      "FadeInTime": -1.0,
      "FadeOutTime": -1.0,
      "Segments": [
        0,
        0,
        0,
        20.333,
        0
      ]
    },
    {
      "Target": "Parameter",
      "Id": "touch_drag9",
      "FadeInTime": -1.0,
      "FadeOutTime": -1.0,
      "Segments": [
        0,
        0,
        0,
        20.333,
        0
      ]
    },
    {
      "Target": "Parameter",
      "Id": "sdwuli",
      "FadeInTime": -1.0,
      "FadeOutTime": -1.0,
      "Segments": [
        0,
        0,
        0,
        20.333,
        0
      ]
    },
    {
      "Target": "Parameter",
      "Id": "XXXXXXX2",
      "FadeInTime": -1.0,
      "FadeOutTime": -1.0,
      "Segments": [
        0,
        0,
        0,
        20.333,
        0
      ]
    },
    {
      "Target": "Parameter",
      "Id": "xxzzx",
      "FadeInTime": -1.0,
      "FadeOutTime": -1.0,
      "Segments": [
        0,
        0,
        0,
        20.333,
        0
      ]
    },
    {
      "Target": "Parameter",
      "Id": "qianshuiqie",
      "FadeInTime": -1.0,
      "FadeOutTime": -1.0,
      "Segments": [
        0,
        0,
        0,
        20.333,
        0
      ]
    },
    {
      "Target": "Parameter",
      "Id": "dldh",
      "FadeInTime": -1.0,
      "FadeOutTime": -1.0,
      "Segments": [
        0,
        0,
        0,
        20.333,
        0
      ]
    },
    {
      "Target": "Parameter",
      "Id": "heikuang",
      "FadeInTime": -1.0,
      "FadeOutTime": -1.0,
      "Segments": [
        0,
        0,
        0,
        20.333,
        0
      ]
    },
    {
      "Target": "Parameter",
      "Id": "heiping",
      "FadeInTime": -1.0,
      "FadeOutTime": -1.0,
      "Segments": [
        0,
        0,
        0,
        20.333,
        0
      ]
    },
    {
      "Target": "Parameter",
      "Id": "liuxing",
      "FadeInTime": -1.0,
      "FadeOutTime": -1.0,
      "Segments": [
        0,
        0,
        0,
        20.333,
        0
      ]
    },
    {
      "Target": "Parameter",
      "Id": "renxs",
      "FadeInTime": -1.0,
      "FadeOutTime": -1.0,
      "Segments": [
        0,
        1,
        0,
        20.333,
        1
      ]
    },
    {
      "Target": "Parameter",
      "Id": "houwxs",
      "FadeInTime": -1.0,
      "FadeOutTime": -1.0,
      "Segments": [
        0,
        1,
        0,
        20.333,
        1
      ]
    },
    {
      "Target": "Parameter",
      "Id": "zhengtidx",
      "FadeInTime": -1.0,
      "FadeOutTime": -1.0,
      "Segments": [
        0,
        0,
        0,
        20.333,
        0
      ]
    },
    {
      "Target": "Parameter",
      "Id": "zhengtix",
      "FadeInTime": -1.0,
      "FadeOutTime": -1.0,
      "Segments": [
        0,
        0,
        0,
        20.333,
        0
      ]
    },
    {
      "Target": "Parameter",
      "Id": "zhengtiY",
      "FadeInTime": -1.0,
      "FadeOutTime": -1.0,
      "Segments": [
        0,
        0,
        0,
        20.333,
        0
      ]
    },
    {
      "Target": "Parameter",
      "Id": "XXXXXXX15",
      "FadeInTime": -1.0,
      "FadeOutTime": -1.0,
      "Segments": [
        0,
        0,
        0,
        20.333,
        0
      ]
    },
    {
      "Target": "Parameter",
      "Id": "texiaogb",
      "FadeInTime": -1.0,
      "FadeOutTime": -1.0,
      "Segments": [
        0,
        0,
        0,
        20.333,
        0
      ]
    },
    {
      "Target": "Parameter",
      "Id": "jingtgb",
      "FadeInTime": -1.0,
      "FadeOutTime": -1.0,
      "Segments": [
        0,
        0,
        0,
        20.333,
        0
      ]
    },
    {
      "Target": "Parameter",
      "Id": "jingtgb2",
      "FadeInTime": -1.0,
      "FadeOutTime": -1.0,
      "Segments": [
        0,
        0,
        0,
        20.333,
        0
      ]
    },
    {
      "Target": "Parameter",
      "Id": "jingtgb3",
      "FadeInTime": -1.0,
      "FadeOutTime": -1.0,
      "Segments": [
        0,
        0,
        0,
        20.333,
        0
      ]
    },
    {
      "Target": "Parameter",
      "Id": "lvjing",
      "FadeInTime": -1.0,
      "FadeOutTime": -1.0,
      "Segments": [
        0,
        0,
        0,
        20.333,
        0
      ]
    },
    {
      "Target": "Parameter",
      "Id": "baipingguang",
      "FadeInTime": -1.0,
      "FadeOutTime": -1.0,
      "Segments": [
        0,
        0,
        0,
        20.333,
        0
      ]
    },
    {
      "Target": "Parameter",
      "Id": "XXXXXXX16",
      "FadeInTime": -1.0,
      "FadeOutTime": -1.0,
      "Segments": [
        0,
        0,
        0,
        20.333,
        0
      ]
    },
    {
      "Target": "Parameter",
      "Id": "beijjuan",
      "FadeInTime": -1.0,
      "FadeOutTime": -1.0,
      "Segments": [
        0,
        0,
        0,
        20.333,
        0
      ]
    },
    {
      "Target": "Parameter",
      "Id": "Param2",
      "FadeInTime": -1.0,
      "FadeOutTime": -1.0,
      "Segments": [
        0,
        1,
        0,
        20.333,
        1
      ]
    },
    {
      "Target": "Parameter",
      "Id": "ParamEyeLSmile",
      "FadeInTime": -1.0,
      "FadeOutTime": -1.0,
      "Segments": [
        0,
        0,
        0,
        20.333,
        0
      ]
    },
    {
      "Target": "Parameter",
      "Id": "lianh",
      "FadeInTime": -1.0,
      "FadeOutTime": -1.0,
      "Segments": [
        0,
        0,
        0,
        20.333,
        0
      ]
    },
    {
      "Target": "Parameter",
      "Id": "zuiyexs",
      "FadeInTime": -1.0,
      "FadeOutTime": -1.0,
      "Segments": [
        0,
        0,
        0,
        20.333,
        0
      ]
    },
    {
      "Target": "Parameter",
      "Id": "zuiytcj",
      "FadeInTime": -1.0,
      "FadeOutTime": -1.0,
      "Segments": [
        0,
        0,
        0,
        20.333,
        0
      ]
    },
    {
      "Target": "Parameter",
      "Id": "zytchi",
      "FadeInTime": -1.0,
      "FadeOutTime": -1.0,
      "Segments": [
        0,
        0,
        0,
        20.333,
        0
      ]
    },
    {
      "Target": "Parameter",
      "Id": "XXXXXXX14",
      "FadeInTime": -1.0,
      "FadeOutTime": -1.0,
      "Segments": [
        0,
        0,
        0,
        20.333,
        0
      ]
    },
    {
      "Target": "Parameter",
      "Id": "yaguan",
      "FadeInTime": -1.0,
      "FadeOutTime": -1.0,
      "Segments": [
        0,
        0,
        0,
        20.333,
        0
      ]
    },
    {
      "Target": "Parameter",
      "Id": "zuijiay",
      "FadeInTime": -1.0,
      "FadeOutTime": -1.0,
      "Segments": [
        0,
        0,
        0,
        20.333,
        0
      ]
    },
    {
      "Target": "Parameter",
      "Id": "tushe",
      "FadeInTime": -1.0,
      "FadeOutTime": -1.0,
      "Segments": [
        0,
        0,
        0,
        20.333,
        0
      ]
    },
    {
      "Target": "Parameter",
      "Id": "ParamMouthOpenY2",
      "FadeInTime": -1.0,
      "FadeOutTime": -1.0,
      "Segments": [
        0,
        0,
        0,
        20.333,
        0
      ]
    },
    {
      "Target": "Parameter",
      "Id": "shoudzq",
      "FadeInTime": -1.0,
      "FadeOutTime": -1.0,
      "Segments": [
        0,
        0,
        0,
        20.333,
        0
      ]
    },
    {
      "Target": "Parameter",
      "Id": "XXXXXXX3",
      "FadeInTime": -1.0,
      "FadeOutTime": -1.0,
      "Segments": [
        0,
        0,
        0,
        20.333,
        0
      ]
    },
    {
      "Target": "Parameter",
      "Id": "XXXXXXX10",
      "FadeInTime": -1.0,
      "FadeOutTime": -1.0,
      "Segments": [
        0,
        0,
        0,
        20.333,
        0
      ]
    },
    {
      "Target": "Parameter",
      "Id": "Ltaihou",
      "FadeInTime": -1.0,
      "FadeOutTime": -1.0,
      "Segments": [
        0,
        0,
        0,
        20.333,
        0
      ]
    },
    {
      "Target": "Parameter",
      "Id": "Ltoushou",
      "FadeInTime": -1.0,
      "FadeOutTime": -1.0,
      "Segments": [
        0,
        0,
        0,
        20.333,
        0
      ]
    },
    {
      "Target": "Parameter",
      "Id": "Lhezhang",
      "FadeInTime": -1.0,
      "FadeOutTime": -1.0,
      "Segments": [
        0,
        0,
        0,
        20.333,
        0
      ]
    },
    {
      "Target": "Parameter",
      "Id": "XXXXXXX12",
      "FadeInTime": -1.0,
      "FadeOutTime": -1.0,
      "Segments": [
        0,
        0,
        0,
        20.333,
        0
      ]
    },
    {
      "Target": "Parameter",
      "Id": "shoujbxs",
      "FadeInTime": -1.0,
      "FadeOutTime": -1.0,
      "Segments": [
        0,
        0,
        0,
        20.333,
        0
      ]
    },
    {
      "Target": "Parameter",
      "Id": "shoujbxz",
      "FadeInTime": -1.0,
      "FadeOutTime": -1.0,
      "Segments": [
        0,
        0,
        0,
        20.333,
        0
      ]
    },
    {
      "Target": "Parameter",
      "Id": "shoujbsx",
      "FadeInTime": -1.0,
      "FadeOutTime": -1.0,
      "Segments": [
        0,
        0,
        0,
        20.333,
        0
      ]
    },
    {
      "Target": "Parameter",
      "Id": "shoujbY",
      "FadeInTime": -1.0,
      "FadeOutTime": -1.0,
      "Segments": [
        0,
        0,
        0,
        20.333,
        0
      ]
    },
    {
      "Target": "Parameter",
      "Id": "jishouying1",
      "FadeInTime": -1.0,
      "FadeOutTime": -1.0,
      "Segments": [
        0,
        0,
        0,
        20.333,
        0
      ]
    },
    {
      "Target": "Parameter",
      "Id": "XXXXXXX13",
      "FadeInTime": -1.0,
      "FadeOutTime": -1.0,
      "Segments": [
        0,
        0,
        0,
        20.333,
        0
      ]
    },
    {
      "Target": "Parameter",
      "Id": "shouxinxs",
      "FadeInTime": -1.0,
      "FadeOutTime": -1.0,
      "Segments": [
        0,
        0,
        0,
        20.333,
        0
      ]
    },
    {
      "Target": "Parameter",
      "Id": "shouxinxz",
      "FadeInTime": -1.0,
      "FadeOutTime": -1.0,
      "Segments": [
        0,
        0,
        0,
        20.333,
        0
      ]
    },
    {
      "Target": "Parameter",
      "Id": "shouxin1",
      "FadeInTime": -1.0,
      "FadeOutTime": -1.0,
      "Segments": [
        0,
        0,
        0,
        20.333,
        0
      ]
    },
    {
      "Target": "Parameter",
      "Id": "shouxin2",
      "FadeInTime": -1.0,
      "FadeOutTime": -1.0,
      "Segments": [
        0,
        0,
        0,
        20.333,
        0
      ]
    },
    {
      "Target": "Parameter",
      "Id": "XXXXXXX7",
      "FadeInTime": -1.0,
      "FadeOutTime": -1.0,
      "Segments": [
        0,
        0,
        0,
        20.333,
        0
      ]
    },
    {
      "Target": "Parameter",
      "Id": "Rshangbicd",
      "FadeInTime": -1.0,
      "FadeOutTime": -1.0,
      "Segments": [
        0,
        0,
        0,
        20.333,
        0
      ]
    },
    {
      "Target": "Parameter",
      "Id": "Rxiaobicj",
      "FadeInTime": -1.0,
      "FadeOutTime": -1.0,
      "Segments": [
        0,
        0,
        0,
        20.333,
        0
      ]
    },
    {
      "Target": "Parameter",
      "Id": "Rmuzhi",
      "FadeInTime": -1.0,
      "FadeOutTime": -1.0,
      "Segments": [
        0,
        0,
        0,
        20.333,
        0
      ]
    },
    {
      "Target": "Parameter",
      "Id": "XXXXXXX6",
      "FadeInTime": -1.0,
      "FadeOutTime": -1.0,
      "Segments": [
        0,
        0,
        0,
        20.333,
        0
      ]
    },
    {
      "Target": "Parameter",
      "Id": "liaofsou",
      "FadeInTime": -1.0,
      "FadeOutTime": -1.0,
      "Segments": [
        0,
        0,
        0,
        20.333,
        0
      ]
    },
    {
      "Target": "Parameter",
      "Id": "chuotaoshou",
      "FadeInTime": -1.0,
      "FadeOutTime": -1.0,
      "Segments": [
        0,
        0,
        0,
        20.333,
        0
      ]
    },
    {
      "Target": "Parameter",
      "Id": "rhezhgn",
      "FadeInTime": -1.0,
      "FadeOutTime": -1.0,
      "Segments": [
        0,
        0,
        0,
        20.333,
        0
      ]
    },
    {
      "Target": "Parameter",
      "Id": "shouytxs",
      "FadeInTime": -1.0,
      "FadeOutTime": -1.0,
      "Segments": [
        0,
        0,
        0,
        20.333,
        0
      ]
    },
    {
      "Target": "Parameter",
      "Id": "shouytxz",
      "FadeInTime": -1.0,
      "FadeOutTime": -1.0,
      "Segments": [
        0,
        0,
        0,
        20.333,
        0
      ]
    },
    {
      "Target": "Parameter",
      "Id": "jijazhe",
      "FadeInTime": -1.0,
      "FadeOutTime": -1.0,
      "Segments": [
        0,
        0,
        0,
        20.333,
        0
      ]
    },
    {
      "Target": "Parameter",
      "Id": "Rxtxz",
      "FadeInTime": -1.0,
      "FadeOutTime": -1.0,
      "Segments": [
        0,
        0,
        0,
        20.333,
        0
      ]
    },
    {
      "Target": "Parameter",
      "Id": "Rjiaoxz",
      "FadeInTime": -1.0,
      "FadeOutTime": -1.0,
      "Segments": [
        0,
        0,
        0,
        20.333,
        0
      ]
    },
    {
      "Target": "Parameter",
      "Id": "jiupsz",
      "FadeInTime": -1.0,
      "FadeOutTime": -1.0,
      "Segments": [
        0,
        0,
        0,
        20.333,
        0
      ]
    },
    {
      "Target": "Parameter",
      "Id": "XXXXXXX5",
      "FadeInTime": -1.0,
      "FadeOutTime": -1.0,
      "Segments": [
        0,
        0,
        0,
        20.333,
        0
      ]
    },
    {
      "Target": "Parameter",
      "Id": "jiupf",
      "FadeInTime": -1.0,
      "FadeOutTime": -1.0,
      "Segments": [
        0,
        0,
        0,
        20.333,
        0
      ]
    },
    {
      "Target": "Parameter",
      "Id": "jiupsx",
      "FadeInTime": -1.0,
      "FadeOutTime": -1.0,
      "Segments": [
        0,
        0,
        0,
        20.333,
        0
      ]
    },
    {
      "Target": "Parameter",
      "Id": "jisjohu",
      "FadeInTime": -1.0,
      "FadeOutTime": -1.0,
      "Segments": [
        0,
        0,
        0,
        20.333,
        0
      ]
    },
    {
      "Target": "Parameter",
      "Id": "jihoushou",
      "FadeInTime": -1.0,
      "FadeOutTime": -1.0,
      "Segments": [
        0,
        0,
        0,
        20.333,
        0
      ]
    },
    {
      "Target": "Parameter",
      "Id": "jishouna",
      "FadeInTime": -1.0,
      "FadeOutTime": -1.0,
      "Segments": [
        0,
        0,
        0,
        20.333,
        0
      ]
    },
    {
      "Target": "Parameter",
      "Id": "jixinfengxs",
      "FadeInTime": -1.0,
      "FadeOutTime": -1.0,
      "Segments": [
        0,
        0,
        0,
        20.333,
        0
      ]
    },
    {
      "Target": "Parameter",
      "Id": "jixfy",
      "FadeInTime": -1.0,
      "FadeOutTime": -1.0,
      "Segments": [
        0,
        0,
        0,
        20.333,
        0
      ]
    },
    {
      "Target": "Parameter",
      "Id": "shoujbyz",
      "FadeInTime": -1.0,
      "FadeOutTime": -1.0,
      "Segments": [
        0,
        0,
        0,
        20.333,
        0
      ]
    },
    {
      "Target": "Parameter",
      "Id": "jiubgg",
      "FadeInTime": -1.0,
      "FadeOutTime": -1.0,
      "Segments": [
        0,
        1,
        0,
        20.333,
        1
      ]
    },
    {
      "Target": "Parameter",
      "Id": "XXXXXXX17",
      "FadeInTime": -1.0,
      "FadeOutTime": -1.0,
      "Segments": [
        0,
        0,
        0,
        20.333,
        0
      ]
    },
    {
      "Target": "Parameter",
      "Id": "tangjidm",
      "FadeInTime": -1.0,
      "FadeOutTime": -1.0,
      "Segments": [
        0,
        0,
        0,
        20.333,
        0
      ]
    },
    {
      "Target": "Parameter",
      "Id": "tangjidm2",
      "FadeInTime": -1.0,
      "FadeOutTime": -1.0,
      "Segments": [
        0,
        0,
        0,
        20.333,
        0
      ]
    },
    {
      "Target": "Parameter",
      "Id": "XXXXXXX18",
      "FadeInTime": -1.0,
      "FadeOutTime": -1.0,
      "Segments": [
        0,
        0,
        0,
        20.333,
        0
      ]
    }
  ],
  "UserData": [
    {
      "Time": 0.0,
      "Value": ""
    },
    {
      "Time": 0.333,
      "Value": ""
    },
    {
      "Time": 19.833,
      "Value": ""
    }
  ]
}