{
  "Version": 3,
  "Meta": {
    "Duration": 7.033,
    "Fps": 60.0,
    "Loop": true,
    "AreBeziersRestricted": true,
    "FadeInTime": 0.0,
    "FadeOutTime": 0.0,
    "CurveCount": 153,
    "TotalSegmentCount": 765,
    "TotalPointCount": 923,
    "UserDataCount": 3,
    "TotalUserDataSize": 0
  },
  "Curves": [
    {
      "Target": "Parameter",
      "Id": "ParamEyeLOpen",
      "FadeInTime": -1.0,
      "FadeOutTime": -1.0,
      "Segments": [
        0,
        1,
        2,
        0.333,
        1,
        0,
        0.733,
        0,
        2,
        1.033,
        0,
        0,
        1.35,
        1,
        2,
        2.017,
        1,
        0,
        2.917,
        0.8,
        2,
        3.667,
        0.8,
        2,
        4.967,
        0.8,
        0,
        5.617,
        1,
        0,
        6.3,
        0.8,
        0,
        6.717,
        1,
        2,
        7.033,
        1
      ]
    },
    {
      "Target": "Parameter",
      "Id": "ParamEyeLSmile",
      "FadeInTime": -1.0,
      "FadeOutTime": -1.0,
      "Segments": [
        0,
        0,
        2,
        0.333,
        0,
        2,
        0.733,
        0,
        2,
        2.017,
        0,
        0,
        2.917,
        0.9,
        2,
        3.667,
        0.9,
        2,
        4.967,
        0.9,
        0,
        6.717,
        0,
        2,
        7.033,
        0
      ]
    },
    {
      "Target": "Parameter",
      "Id": "ParamEyeBallX",
      "FadeInTime": -1.0,
      "FadeOutTime": -1.0,
      "Segments": [
        0,
        0,
        2,
        0.333,
        0,
        2,
        0.733,
        0,
        2,
        2.017,
        0,
        2,
        2.917,
        0,
        2,
        3.667,
        0,
        2,
        4.967,
        0,
        2,
        5.617,
        0,
        0,
        6.3,
        -0.6,
        0,
        6.717,
        0,
        2,
        7.033,
        0
      ]
    },
    {
      "Target": "Parameter",
      "Id": "ParamEyeBallY",
      "FadeInTime": -1.0,
      "FadeOutTime": -1.0,
      "Segments": [
        0,
        0,
        2,
        0.333,
        0,
        2,
        0.733,
        0,
        2,
        2.017,
        0,
        2,
        2.917,
        0,
        2,
        3.667,
        0,
        2,
        4.967,
        0,
        2,
        5.617,
        0,
        0,
        6.3,
        -0.4,
        0,
        6.717,
        0,
        2,
        7.033,
        0
      ]
    },
    {
      "Target": "Parameter",
      "Id": "ParamMouthForm",
      "FadeInTime": -1.0,
      "FadeOutTime": -1.0,
      "Segments": [
        0,
        0,
        2,
        0.333,
        0,
        2,
        0.667,
        0,
        0,
        0.783,
        -1,
        1,
        0.816,
        -1,
        0.85,
        -0.512,
        0.883,
        0,
        1,
        0.933,
        0.769,
        0.983,
        1,
        1.033,
        1,
        0,
        1.25,
        0,
        2,
        1.95,
        0,
        0,
        2.067,
        -1,
        0,
        2.233,
        0,
        0,
        2.4,
        -1,
        1,
        2.444,
        -1,
        2.489,
        -0.625,
        2.533,
        0,
        1,
        2.583,
        0.703,
        2.633,
        1,
        2.683,
        1,
        0,
        2.8,
        0,
        0,
        2.883,
        1,
        0,
        3,
        -0.8,
        0,
        3.117,
        0,
        0,
        3.233,
        -0.1,
        1,
        3.278,
        -0.1,
        3.322,
        -0.133,
        3.367,
        0,
        1,
        3.428,
        0.183,
        3.489,
        1,
        3.55,
        1,
        0,
        3.667,
        -1,
        0,
        4,
        0,
        2,
        6.717,
        0,
        2,
        7.033,
        0
      ]
    },
    {
      "Target": "Parameter",
      "Id": "ParamMouthOpenY11",
      "FadeInTime": -1.0,
      "FadeOutTime": -1.0,
      "Segments": [
        0,
        0,
        2,
        0.333,
        0,
        2,
        0.667,
        0,
        0,
        0.783,
        0.4,
        0,
        0.883,
        0,
        0,
        1.033,
        0.4,
        0,
        1.25,
        0,
        2,
        1.95,
        0,
        0,
        2.067,
        0.4,
        0,
        2.233,
        0,
        0,
        2.4,
        0.4,
        0,
        2.533,
        0,
        0,
        2.683,
        0.4,
        0,
        2.8,
        0,
        0,
        2.883,
        0.4,
        2,
        3,
        0.4,
        0,
        3.117,
        0,
        0,
        3.233,
        0.7,
        0,
        3.367,
        0,
        0,
        3.55,
        0.5,
        1,
        3.589,
        0.5,
        3.628,
        0.38,
        3.667,
        0.3,
        1,
        3.778,
        0.072,
        3.889,
        0,
        4,
        0,
        2,
        6.717,
        0,
        2,
        7.033,
        0
      ]
    },
    {
      "Target": "Parameter",
      "Id": "ParamAngleX",
      "FadeInTime": -1.0,
      "FadeOutTime": -1.0,
      "Segments": [
        0,
        0,
        2,
        0.333,
        0,
        2,
        1.033,
        0,
        0,
        1.65,
        2,
        0,
        2.317,
        0,
        0,
        2.917,
        19.678,
        1,
        3.1,
        19.678,
        3.284,
        19.539,
        3.467,
        19,
        1,
        3.65,
        18.461,
        3.834,
        18,
        4.017,
        18,
        2,
        4.65,
        18,
        2,
        5.167,
        18,
        2,
        5.817,
        18,
        0,
        6.3,
        -10,
        0,
        6.717,
        0,
        2,
        7.033,
        0
      ]
    },
    {
      "Target": "Parameter",
      "Id": "ParamAngleY",
      "FadeInTime": -1.0,
      "FadeOutTime": -1.0,
      "Segments": [
        0,
        0,
        2,
        0.333,
        0,
        0,
        0.933,
        -6,
        0,
        1.55,
        3,
        1,
        1.772,
        3,
        1.995,
        3.343,
        2.217,
        0,
        1,
        2.417,
        -3.009,
        2.617,
        -21.956,
        2.817,
        -21.956,
        0,
        3.367,
        -7.1,
        0,
        3.917,
        -12,
        2,
        4.65,
        -12,
        2,
        5.167,
        -12,
        2,
        5.817,
        -12,
        1,
        5.978,
        -12,
        6.139,
        -7.98,
        6.3,
        -4,
        1,
        6.439,
        -0.569,
        6.578,
        0,
        6.717,
        0,
        2,
        7.033,
        0
      ]
    },
    {
      "Target": "Parameter",
      "Id": "touZ",
      "FadeInTime": -1.0,
      "FadeOutTime": -1.0,
      "Segments": [
        0,
        0,
        2,
        0.333,
        0,
        0,
        0.833,
        -3,
        1,
        1.261,
        -3,
        1.689,
        -2.66,
        2.117,
        0,
        1,
        2.317,
        1.244,
        2.517,
        6.487,
        2.717,
        6.487,
        2,
        3.267,
        6.487,
        2,
        4.55,
        6.487,
        2,
        5.067,
        6.487,
        2,
        5.717,
        6.487,
        0,
        6.3,
        -8,
        0,
        6.717,
        0,
        2,
        7.033,
        0
      ]
    },
    {
      "Target": "Parameter",
      "Id": "ParamAngleZ",
      "FadeInTime": -1.0,
      "FadeOutTime": -1.0,
      "Segments": [
        0,
        0,
        2,
        0.333,
        0,
        0,
        0.833,
        -2,
        0,
        1.45,
        2,
        1,
        1.672,
        2,
        1.895,
        0.267,
        2.117,
        0,
        1,
        2.317,
        -0.24,
        2.517,
        -0.17,
        2.717,
        -0.382,
        1,
        2.9,
        -0.576,
        3.084,
        -1.44,
        3.267,
        -1.44,
        2,
        4.55,
        -1.44,
        2,
        5.067,
        -1.44,
        0,
        6.717,
        0,
        2,
        7.033,
        0
      ]
    },
    {
      "Target": "Parameter",
      "Id": "toufz",
      "FadeInTime": -1.0,
      "FadeOutTime": -1.0,
      "Segments": [
        0,
        0,
        2,
        0.333,
        0,
        0,
        0.767,
        -6.6,
        0,
        2.017,
        0,
        0,
        2.617,
        -4,
        2,
        3.717,
        -4,
        2,
        4.45,
        -4,
        2,
        4.967,
        -4,
        0,
        6.333,
        -5.051,
        0,
        6.717,
        0,
        2,
        7.033,
        0
      ]
    },
    {
      "Target": "Parameter",
      "Id": "bozss",
      "FadeInTime": -1.0,
      "FadeOutTime": -1.0,
      "Segments": [
        0,
        0,
        2,
        0.333,
        0,
        2,
        2.017,
        0,
        0,
        2.617,
        -4,
        2,
        3.167,
        -4,
        0,
        3.717,
        -8,
        2,
        4.45,
        -8,
        2,
        4.967,
        -8,
        0,
        6.717,
        0,
        2,
        7.033,
        0
      ]
    },
    {
      "Target": "Parameter",
      "Id": "XXXXXXX3",
      "FadeInTime": -1.0,
      "FadeOutTime": -1.0,
      "Segments": [
        0,
        0,
        2,
        0.333,
        0,
        2,
        0.733,
        0,
        2,
        2.017,
        0,
        0,
        2.617,
        0.736,
        2,
        3.167,
        0.736,
        2,
        4.45,
        0.736,
        2,
        4.967,
        0.736,
        0,
        6.717,
        0,
        2,
        7.033,
        0
      ]
    },
    {
      "Target": "Parameter",
      "Id": "ParamBodyAngleX",
      "FadeInTime": -1.0,
      "FadeOutTime": -1.0,
      "Segments": [
        0,
        0,
        2,
        0.333,
        0,
        2,
        0.833,
        0,
        0,
        1.45,
        0.78,
        1,
        1.672,
        0.78,
        1.895,
        0.68,
        2.117,
        0,
        1,
        2.317,
        -0.612,
        2.517,
        -1.397,
        2.717,
        -1.397,
        0,
        3.267,
        0.303,
        0,
        3.817,
        -1.097,
        2,
        4.55,
        -1.097,
        2,
        5.067,
        -1.097,
        0,
        6.717,
        0,
        2,
        7.033,
        0
      ]
    },
    {
      "Target": "Parameter",
      "Id": "ParamBodyAngleY",
      "FadeInTime": -1.0,
      "FadeOutTime": -1.0,
      "Segments": [
        0,
        0,
        2,
        0.333,
        0,
        0,
        0.733,
        -2.34,
        0,
        1.35,
        4,
        1,
        1.572,
        4,
        1.795,
        3.244,
        2.017,
        -1,
        1,
        2.217,
        -4.82,
        2.417,
        -9.3,
        2.617,
        -9.3,
        0,
        3.167,
        -4,
        0,
        3.717,
        -7.386,
        0,
        4.283,
        -6.534,
        0,
        4.967,
        -8.617,
        1,
        5.184,
        -8.617,
        5.4,
        -5.369,
        5.617,
        -3.575,
        1,
        5.984,
        -0.539,
        6.35,
        0,
        6.717,
        0,
        2,
        7.033,
        0
      ]
    },
    {
      "Target": "Parameter",
      "Id": "stsxz",
      "FadeInTime": -1.0,
      "FadeOutTime": -1.0,
      "Segments": [
        0,
        0,
        2,
        0.333,
        0,
        2,
        0.733,
        0,
        2,
        2.017,
        0,
        0,
        2.617,
        -1.9,
        2,
        3.167,
        -1.9,
        2,
        4.45,
        -1.9,
        2,
        4.967,
        -1.9,
        0,
        6.717,
        0,
        2,
        7.033,
        0
      ]
    },
    {
      "Target": "Parameter",
      "Id": "shentixX",
      "FadeInTime": -1.0,
      "FadeOutTime": -1.0,
      "Segments": [
        0,
        0,
        2,
        0.333,
        0,
        2,
        0.833,
        0,
        0,
        1.45,
        4,
        1,
        1.672,
        4,
        1.895,
        2.889,
        2.117,
        0,
        1,
        2.317,
        -2.6,
        2.517,
        -4.3,
        2.717,
        -4.3,
        0,
        3.433,
        -1.4,
        0,
        3.983,
        -3.628,
        0,
        4.55,
        -1.586,
        0,
        5.067,
        -3.062,
        0,
        6.717,
        0,
        2,
        7.033,
        0
      ]
    },
    {
      "Target": "Parameter",
      "Id": "ParamBodyAngleZ",
      "FadeInTime": -1.0,
      "FadeOutTime": -1.0,
      "Segments": [
        0,
        0,
        2,
        0.333,
        0,
        2,
        0.733,
        0,
        2,
        1.35,
        0,
        2,
        2.017,
        0,
        0,
        2.617,
        -0.5,
        2,
        3.167,
        -0.5,
        2,
        4.45,
        -0.5,
        2,
        4.967,
        -0.5,
        0,
        6.717,
        0,
        2,
        7.033,
        0
      ]
    },
    {
      "Target": "Parameter",
      "Id": "Ljiansx",
      "FadeInTime": -1.0,
      "FadeOutTime": -1.0,
      "Segments": [
        0,
        0,
        2,
        0.333,
        0,
        2,
        0.733,
        0,
        2,
        2.017,
        0,
        2,
        2.617,
        0,
        2,
        3.167,
        0,
        2,
        4.45,
        0,
        2,
        4.967,
        0,
        0,
        5.617,
        -10,
        0,
        6.717,
        0,
        2,
        7.033,
        0
      ]
    },
    {
      "Target": "Parameter",
      "Id": "Lsbxz",
      "FadeInTime": -1.0,
      "FadeOutTime": -1.0,
      "Segments": [
        0,
        0,
        2,
        0.333,
        0,
        0,
        0.733,
        -0.78,
        0,
        1.35,
        2.58,
        2,
        2.017,
        2.58,
        0,
        2.917,
        10.9,
        2,
        3.433,
        10.9,
        2,
        3.883,
        10.9,
        2,
        4.967,
        10.9,
        1,
        5.184,
        10.9,
        5.4,
        10.983,
        5.617,
        10.66,
        1,
        5.85,
        10.312,
        6.084,
        -0.371,
        6.317,
        -0.371,
        0,
        6.717,
        0,
        2,
        7.033,
        0
      ]
    },
    {
      "Target": "Parameter",
      "Id": "Lxbxz",
      "FadeInTime": -1.0,
      "FadeOutTime": -1.0,
      "Segments": [
        0,
        0,
        2,
        0.333,
        0,
        0,
        0.733,
        -7.8,
        0,
        1.35,
        1.98,
        0,
        2.117,
        1.2,
        0,
        3.017,
        22.8,
        0,
        3.533,
        22.38,
        0,
        3.983,
        22.86,
        2,
        5.067,
        22.86,
        1,
        5.25,
        22.86,
        5.434,
        21.691,
        5.617,
        14.1,
        1,
        5.85,
        4.438,
        6.084,
        -5.182,
        6.317,
        -5.182,
        0,
        6.717,
        0,
        2,
        7.033,
        0
      ]
    },
    {
      "Target": "Parameter",
      "Id": "Lshouxz",
      "FadeInTime": -1.0,
      "FadeOutTime": -1.0,
      "Segments": [
        0,
        0,
        2,
        0.333,
        0,
        1,
        0.466,
        0,
        0.6,
        2.706,
        0.733,
        6.9,
        1,
        0.939,
        13.366,
        1.144,
        16.08,
        1.35,
        16.08,
        1,
        1.639,
        16.08,
        1.928,
        16.053,
        2.217,
        15.12,
        1,
        2.372,
        14.618,
        2.528,
        9.898,
        2.683,
        9.898,
        0,
        3.117,
        11.24,
        0,
        3.633,
        7.64,
        0,
        4.083,
        8.66,
        0,
        4.633,
        7.4,
        1,
        4.811,
        7.4,
        4.989,
        7.374,
        5.167,
        8.66,
        1,
        5.317,
        9.745,
        5.467,
        15.338,
        5.617,
        17.6,
        1,
        5.734,
        19.359,
        5.85,
        19.62,
        5.967,
        19.62,
        1,
        6.084,
        19.62,
        6.2,
        14.307,
        6.317,
        8.476,
        1,
        6.45,
        1.812,
        6.584,
        0,
        6.717,
        0,
        2,
        7.033,
        0
      ]
    },
    {
      "Target": "Parameter",
      "Id": "Lxiaobibx",
      "FadeInTime": -1.0,
      "FadeOutTime": -1.0,
      "Segments": [
        0,
        0,
        2,
        0.333,
        0,
        1,
        0.466,
        0,
        0.6,
        -6.72,
        0.733,
        -8,
        1,
        0.939,
        -9.974,
        1.144,
        -10,
        1.35,
        -10,
        2,
        2.017,
        -10,
        2,
        2.917,
        -10,
        2,
        3.433,
        -10,
        2,
        3.883,
        -10,
        2,
        4.967,
        -10,
        2,
        5.617,
        -10,
        2,
        6.233,
        -10,
        0,
        6.717,
        0,
        2,
        7.033,
        0
      ]
    },
    {
      "Target": "Parameter",
      "Id": "Lxbcd",
      "FadeInTime": -1.0,
      "FadeOutTime": -1.0,
      "Segments": [
        0,
        0,
        2,
        0.333,
        0,
        0,
        0.733,
        -3,
        2,
        1.35,
        -3,
        2,
        2.017,
        -3,
        0,
        2.917,
        -6,
        2,
        3.433,
        -6,
        2,
        3.883,
        -6,
        2,
        4.967,
        -6,
        2,
        5.617,
        -6,
        0,
        6.717,
        0,
        2,
        7.033,
        0
      ]
    },
    {
      "Target": "Parameter",
      "Id": "Lxiutz",
      "FadeInTime": -1.0,
      "FadeOutTime": -1.0,
      "Segments": [
        0,
        0,
        2,
        0.333,
        0,
        2,
        2.017,
        0,
        1,
        2.139,
        0,
        2.261,
        3.658,
        2.383,
        6,
        1,
        2.561,
        9.407,
        2.739,
        10,
        2.917,
        10,
        2,
        4.967,
        10,
        1,
        5.184,
        10,
        5.4,
        9.918,
        5.617,
        9,
        1,
        5.706,
        8.623,
        5.794,
        0,
        5.883,
        0,
        2,
        6.717,
        0,
        2,
        7.033,
        0
      ]
    },
    {
      "Target": "Parameter",
      "Id": "Lxiaobicj",
      "FadeInTime": -1.0,
      "FadeOutTime": -1.0,
      "Segments": [
        0,
        0,
        2,
        0.333,
        0,
        2,
        0.733,
        0,
        2,
        1.35,
        0,
        2,
        2.017,
        0,
        2,
        2.4,
        0,
        0,
        2.417,
        10,
        2,
        2.917,
        10,
        2,
        3.883,
        10,
        2,
        4.967,
        10,
        2,
        5.7,
        10,
        1,
        5.706,
        10,
        5.711,
        0,
        5.717,
        0,
        2,
        6.3,
        0,
        2,
        6.717,
        0,
        2,
        7.033,
        0
      ]
    },
    {
      "Target": "Parameter",
      "Id": "Lshoudh",
      "FadeInTime": -1.0,
      "FadeOutTime": -1.0,
      "Segments": [
        0,
        0,
        2,
        0.333,
        0,
        0,
        0.733,
        2,
        0,
        1.35,
        0,
        2,
        2.017,
        0,
        0,
        2.483,
        -2,
        0,
        2.917,
        0,
        0,
        3.483,
        -1.12,
        0,
        3.883,
        0,
        2,
        4.967,
        0,
        2,
        5.617,
        0,
        2,
        6.717,
        0,
        2,
        7.033,
        0
      ]
    },
    {
      "Target": "Parameter",
      "Id": "Lshoudh2",
      "FadeInTime": -1.0,
      "FadeOutTime": -1.0,
      "Segments": [
        0,
        0,
        2,
        0.333,
        0,
        2,
        0.733,
        0,
        0,
        1.033,
        -10,
        2,
        1.35,
        -10,
        2,
        2.017,
        -10,
        2,
        2.917,
        -10,
        2,
        3.483,
        -10,
        2,
        4.967,
        -10,
        2,
        5.617,
        -10,
        1,
        5.845,
        -10,
        6.072,
        -8.133,
        6.3,
        -4,
        1,
        6.439,
        -1.48,
        6.578,
        0,
        6.717,
        0,
        2,
        7.033,
        0
      ]
    },
    {
      "Target": "Parameter",
      "Id": "lmuzhi",
      "FadeInTime": -1.0,
      "FadeOutTime": -1.0,
      "Segments": [
        0,
        0,
        2,
        0.333,
        0,
        2,
        0.733,
        0,
        2,
        2.017,
        0,
        0,
        2.917,
        -2.7,
        2,
        3.483,
        -2.7,
        2,
        4.967,
        -2.7,
        2,
        5.617,
        -2.7,
        0,
        6.717,
        0,
        2,
        7.033,
        0
      ]
    },
    {
      "Target": "Parameter",
      "Id": "shoujbxs",
      "FadeInTime": -1.0,
      "FadeOutTime": -1.0,
      "Segments": [
        0,
        0,
        2,
        0.333,
        0,
        2,
        0.733,
        0,
        0,
        0.767,
        1,
        2,
        1.35,
        1,
        2,
        2.017,
        1,
        2,
        3.483,
        1,
        2,
        4.967,
        1,
        2,
        5.617,
        1,
        2,
        6.3,
        1,
        0,
        6.333,
        0,
        2,
        6.717,
        0,
        2,
        7.033,
        0
      ]
    },
    {
      "Target": "Parameter",
      "Id": "shoujbxz",
      "FadeInTime": -1.0,
      "FadeOutTime": -1.0,
      "Segments": [
        0,
        0,
        2,
        0.333,
        0,
        0,
        0.733,
        7.1,
        1,
        0.833,
        7.1,
        0.933,
        2.931,
        1.033,
        1.476,
        1,
        1.139,
        -0.06,
        1.244,
        0,
        1.35,
        0,
        2,
        3.483,
        0,
        2,
        4.967,
        0,
        2,
        5.617,
        0,
        1,
        5.845,
        0,
        6.072,
        1.681,
        6.3,
        5.3,
        1,
        6.311,
        5.477,
        6.322,
        5.84,
        6.333,
        5.84,
        0,
        6.717,
        0,
        2,
        7.033,
        0
      ]
    },
    {
      "Target": "Parameter",
      "Id": "shoujbsx",
      "FadeInTime": -1.0,
      "FadeOutTime": -1.0,
      "Segments": [
        0,
        0,
        2,
        0.333,
        0,
        0,
        0.733,
        8,
        0,
        1.35,
        0,
        2,
        3.483,
        0,
        2,
        4.967,
        0,
        2,
        5.617,
        0,
        0,
        6.3,
        -1.244,
        0,
        6.333,
        0.56,
        0,
        6.717,
        0,
        2,
        7.033,
        0
      ]
    },
    {
      "Target": "Parameter",
      "Id": "shoujbY",
      "FadeInTime": -1.0,
      "FadeOutTime": -1.0,
      "Segments": [
        0,
        0,
        2,
        0.333,
        0,
        2,
        0.733,
        0,
        0,
        1.033,
        5,
        0,
        1.35,
        -2,
        0,
        1.817,
        0,
        0,
        2.483,
        -9,
        1,
        2.816,
        -9,
        3.15,
        -3.102,
        3.483,
        0,
        1,
        3.722,
        2.223,
        3.961,
        2,
        4.2,
        2,
        0,
        4.967,
        -3,
        1,
        5.184,
        -3,
        5.4,
        -2.685,
        5.617,
        0,
        1,
        5.739,
        1.514,
        5.861,
        6,
        5.983,
        6,
        0,
        6.3,
        0,
        2,
        6.717,
        0,
        2,
        7.033,
        0
      ]
    },
    {
      "Target": "Parameter",
      "Id": "Rsbxz",
      "FadeInTime": -1.0,
      "FadeOutTime": -1.0,
      "Segments": [
        0,
        0,
        2,
        0.333,
        0,
        2,
        0.733,
        0,
        0,
        1.267,
        0.68,
        2,
        2.017,
        0.68,
        0,
        2.383,
        -0.94,
        2,
        3.667,
        -0.94,
        2,
        4.967,
        -0.94,
        0,
        5.8,
        0.68,
        0,
        6.717,
        0,
        2,
        7.033,
        0
      ]
    },
    {
      "Target": "Parameter",
      "Id": "Rxbxz",
      "FadeInTime": -1.0,
      "FadeOutTime": -1.0,
      "Segments": [
        0,
        0,
        2,
        0.333,
        0,
        0,
        0.733,
        -0.48,
        0,
        1.267,
        15.44,
        2,
        2.017,
        15.44,
        0,
        2.383,
        15.26,
        2,
        3.667,
        15.26,
        2,
        4.967,
        15.26,
        0,
        5.8,
        15.44,
        0,
        6.717,
        0,
        2,
        7.033,
        0
      ]
    },
    {
      "Target": "Parameter",
      "Id": "Rshouxz",
      "FadeInTime": -1.0,
      "FadeOutTime": -1.0,
      "Segments": [
        0,
        0,
        2,
        0.333,
        0,
        0,
        0.733,
        -2.64,
        0,
        1.267,
        0,
        2,
        2.017,
        0,
        2,
        3.667,
        0,
        2,
        4.967,
        0,
        2,
        5.8,
        0,
        0,
        6.267,
        11,
        0,
        6.717,
        0,
        2,
        7.033,
        0
      ]
    },
    {
      "Target": "Parameter",
      "Id": "rxbbx",
      "FadeInTime": -1.0,
      "FadeOutTime": -1.0,
      "Segments": [
        0,
        0,
        2,
        0.333,
        0,
        2,
        0.733,
        0,
        0,
        1.267,
        10,
        2,
        2.017,
        10,
        2,
        3.667,
        10,
        2,
        4.967,
        10,
        2,
        5.8,
        10,
        0,
        6.717,
        0,
        2,
        7.033,
        0
      ]
    },
    {
      "Target": "Parameter",
      "Id": "Rshangbicd",
      "FadeInTime": -1.0,
      "FadeOutTime": -1.0,
      "Segments": [
        0,
        0,
        2,
        0.333,
        0,
        2,
        0.733,
        0,
        2,
        1.267,
        0,
        2,
        2.017,
        0,
        0,
        2.383,
        -2,
        2,
        3.667,
        -2,
        2,
        4.967,
        -2,
        0,
        5.8,
        0,
        2,
        6.717,
        0,
        2,
        7.033,
        0
      ]
    },
    {
      "Target": "Parameter",
      "Id": "Rxiaobcd",
      "FadeInTime": -1.0,
      "FadeOutTime": -1.0,
      "Segments": [
        0,
        0,
        2,
        0.333,
        0,
        2,
        0.733,
        0,
        0,
        1,
        -3,
        0,
        1.267,
        0,
        2,
        2.017,
        0,
        2,
        3.667,
        0,
        2,
        4.967,
        0,
        2,
        5.8,
        0,
        0,
        6.267,
        -4,
        0,
        6.717,
        0,
        2,
        7.033,
        0
      ]
    },
    {
      "Target": "Parameter",
      "Id": "rxiaobiq",
      "FadeInTime": -1.0,
      "FadeOutTime": -1.0,
      "Segments": [
        0,
        0,
        2,
        0.333,
        0,
        2,
        0.733,
        0,
        2,
        1,
        0,
        0,
        1.267,
        1,
        2,
        2.017,
        1,
        2,
        3.667,
        1,
        2,
        4.967,
        1,
        2,
        5.8,
        1,
        0,
        6.267,
        0,
        2,
        6.717,
        0,
        2,
        7.033,
        0
      ]
    },
    {
      "Target": "Parameter",
      "Id": "Rshoudh1",
      "FadeInTime": -1.0,
      "FadeOutTime": -1.0,
      "Segments": [
        0,
        0,
        2,
        0.333,
        0,
        2,
        0.733,
        0,
        2,
        2.017,
        0,
        2,
        2.917,
        0,
        2,
        3.667,
        0,
        2,
        4.967,
        0,
        2,
        5.8,
        0,
        0,
        6.267,
        -7,
        0,
        6.717,
        0,
        2,
        7.033,
        0
      ]
    },
    {
      "Target": "Parameter",
      "Id": "Rshoudh2",
      "FadeInTime": -1.0,
      "FadeOutTime": -1.0,
      "Segments": [
        0,
        0,
        2,
        0.333,
        0,
        2,
        0.733,
        0,
        0,
        2.017,
        10,
        2,
        3.667,
        10,
        2,
        4.967,
        10,
        2,
        5.8,
        10,
        0,
        6.717,
        0,
        2,
        7.033,
        0
      ]
    },
    {
      "Target": "Parameter",
      "Id": "Ldatuixz",
      "FadeInTime": -1.0,
      "FadeOutTime": -1.0,
      "Segments": [
        0,
        0,
        2,
        0.333,
        0,
        2,
        0.733,
        0,
        0,
        1.267,
        1.32,
        1,
        1.517,
        1.32,
        1.767,
        0.643,
        2.017,
        0,
        1,
        2.206,
        -0.486,
        2.394,
        -0.537,
        2.583,
        -0.537,
        0,
        3.317,
        -0.1,
        0,
        4,
        -0.2,
        1,
        4.322,
        -0.2,
        4.645,
        -0.201,
        4.967,
        -0.16,
        1,
        5.55,
        -0.085,
        6.134,
        0,
        6.717,
        0,
        2,
        7.033,
        0
      ]
    },
    {
      "Target": "Parameter",
      "Id": "Lxuiaotuixz",
      "FadeInTime": -1.0,
      "FadeOutTime": -1.0,
      "Segments": [
        0,
        0,
        2,
        0.333,
        0,
        2,
        0.833,
        0,
        0,
        1.367,
        -0.7,
        1,
        1.617,
        -0.7,
        1.867,
        -0.399,
        2.117,
        0,
        1,
        2.306,
        0.302,
        2.494,
        0.38,
        2.683,
        0.38,
        0,
        3.417,
        0,
        0,
        4.1,
        0.46,
        0,
        5.067,
        -0.28,
        0,
        6.717,
        0,
        2,
        7.033,
        0
      ]
    },
    {
      "Target": "Parameter",
      "Id": "Ljiaoxz",
      "FadeInTime": -1.0,
      "FadeOutTime": -1.0,
      "Segments": [
        0,
        0,
        2,
        0.333,
        0,
        2,
        0.933,
        0,
        0,
        1.467,
        0.42,
        0,
        2.217,
        0,
        0,
        2.783,
        0.531,
        0,
        3.517,
        -0.227,
        0,
        4.2,
        0.813,
        1,
        4.522,
        0.813,
        4.845,
        0.74,
        5.167,
        0.533,
        1,
        5.684,
        0.201,
        6.2,
        0,
        6.717,
        0,
        2,
        7.033,
        0
      ]
    },
    {
      "Target": "Parameter",
      "Id": "xionglian8",
      "FadeInTime": -1.0,
      "FadeOutTime": -1.0,
      "Segments": [
        0,
        0,
        2,
        0.317,
        0,
        0,
        1.183,
        7.2,
        0,
        2.017,
        0,
        0,
        2.75,
        6.2,
        0,
        3.583,
        0,
        2,
        5.933,
        0,
        2,
        6.583,
        0,
        2,
        7.033,
        0
      ]
    },
    {
      "Target": "Parameter",
      "Id": "jiupings1",
      "FadeInTime": -1.0,
      "FadeOutTime": -1.0,
      "Segments": [
        0,
        -2.002,
        2,
        0.15,
        -2.002,
        0,
        0.817,
        2.002,
        0,
        1.483,
        -2.002,
        0,
        2.15,
        2.002,
        0,
        2.817,
        -2.002,
        0,
        3.483,
        2.002,
        0,
        4.167,
        -2.002,
        0,
        4.833,
        2.002,
        0,
        5.5,
        -2.002,
        0,
        6.167,
        2.002,
        0,
        6.817,
        -2.002,
        2,
        7.033,
        -2.002
      ]
    },
    {
      "Target": "Parameter",
      "Id": "jiupings2",
      "FadeInTime": -1.0,
      "FadeOutTime": -1.0,
      "Segments": [
        0,
        -0.149,
        2,
        0.15,
        -0.149,
        1,
        0.261,
        0.819,
        0.372,
        2.002,
        0.483,
        2.002,
        0,
        1.15,
        -2.002,
        0,
        1.817,
        2.002,
        0,
        2.5,
        -2.002,
        0,
        3.167,
        2.002,
        0,
        3.833,
        -2.002,
        0,
        4.5,
        2.002,
        0,
        5.167,
        -2.002,
        0,
        5.833,
        2.002,
        0,
        6.517,
        -2.002,
        0,
        6.817,
        -0.149,
        2,
        7.033,
        -0.149
      ]
    },
    {
      "Target": "Parameter",
      "Id": "jiupxz",
      "FadeInTime": -1.0,
      "FadeOutTime": -1.0,
      "Segments": [
        0,
        -0.024,
        2,
        0.15,
        -0.024,
        1,
        0.428,
        -0.239,
        0.705,
        -0.501,
        0.983,
        -0.501,
        0,
        2.65,
        0.501,
        0,
        4.333,
        -0.501,
        0,
        6,
        0.501,
        0,
        6.817,
        -0.024,
        2,
        7.033,
        -0.024
      ]
    },
    {
      "Target": "Parameter",
      "Id": "jiX",
      "FadeInTime": -1.0,
      "FadeOutTime": -1.0,
      "Segments": [
        0,
        -0.998,
        2,
        0.15,
        -0.998,
        0,
        1.8,
        0.998,
        0,
        3.483,
        -0.998,
        0,
        5.167,
        0.998,
        0,
        6.817,
        -0.998,
        2,
        7.033,
        -0.998
      ]
    },
    {
      "Target": "Parameter",
      "Id": "jiY",
      "FadeInTime": -1.0,
      "FadeOutTime": -1.0,
      "Segments": [
        0,
        -0.12,
        2,
        0.15,
        -0.12,
        1,
        0.428,
        0.834,
        0.705,
        2,
        0.983,
        2,
        0,
        2.65,
        -2,
        0,
        4.333,
        2,
        0,
        6.017,
        -2,
        0,
        6.817,
        -0.12,
        2,
        7.033,
        -0.12
      ]
    },
    {
      "Target": "Parameter",
      "Id": "jidaim1",
      "FadeInTime": -1.0,
      "FadeOutTime": -1.0,
      "Segments": [
        0,
        -5.009,
        2,
        0.15,
        -5.009,
        0,
        1.817,
        5.009,
        0,
        3.483,
        -5.009,
        0,
        5.15,
        5.009,
        0,
        6.817,
        -5.009,
        2,
        7.033,
        -5.009
      ]
    },
    {
      "Target": "Parameter",
      "Id": "jidaim2",
      "FadeInTime": -1.0,
      "FadeOutTime": -1.0,
      "Segments": [
        0,
        -0.15,
        2,
        0.15,
        -0.15,
        1,
        0.433,
        2.172,
        0.717,
        5.009,
        1,
        5.009,
        0,
        2.667,
        -5.009,
        0,
        4.333,
        5.009,
        0,
        6,
        -5.009,
        0,
        6.817,
        -0.15,
        2,
        7.033,
        -0.15
      ]
    },
    {
      "Target": "Parameter",
      "Id": "yet1",
      "FadeInTime": -1.0,
      "FadeOutTime": -1.0,
      "Segments": [
        0,
        0,
        2,
        0.333,
        0,
        1,
        0.466,
        0,
        0.6,
        -0.084,
        0.733,
        1.16,
        1,
        0.833,
        2.093,
        0.933,
        10,
        1.033,
        10,
        0,
        1.3,
        -10,
        0,
        1.533,
        10,
        0,
        1.8,
        -10,
        0,
        2.1,
        10,
        0,
        2.4,
        -10,
        0,
        2.7,
        10,
        0,
        3,
        -7.041,
        0,
        3.3,
        7.041,
        0,
        3.6,
        -7.041,
        0,
        3.9,
        5.864,
        0,
        4.2,
        -5.864,
        0,
        4.5,
        5.864,
        0,
        4.8,
        -5.864,
        0,
        5.1,
        5.455,
        0,
        5.4,
        -5.455,
        0,
        5.7,
        5.062,
        0,
        6,
        -5.989,
        0,
        6.3,
        4.492,
        0,
        6.717,
        -3.067,
        0,
        7.033,
        0
      ]
    },
    {
      "Target": "Parameter",
      "Id": "yet2",
      "FadeInTime": -1.0,
      "FadeOutTime": -1.0,
      "Segments": [
        0,
        0,
        2,
        0.333,
        0,
        0,
        0.567,
        -1.22,
        0,
        0.883,
        10,
        0,
        1.183,
        -10,
        0,
        1.417,
        10,
        0,
        1.65,
        -10,
        0,
        1.95,
        10,
        0,
        2.25,
        -10,
        0,
        2.55,
        8.039,
        0,
        2.85,
        -8.039,
        0,
        3.15,
        5.045,
        0,
        3.45,
        -5.045,
        0,
        3.75,
        4.202,
        0,
        4.05,
        -4.202,
        0,
        4.35,
        5.835,
        0,
        4.65,
        -5.835,
        0,
        4.95,
        5.427,
        0,
        5.25,
        -5.427,
        0,
        5.55,
        4.195,
        0,
        5.85,
        -5.28,
        0,
        6.15,
        4.343,
        0,
        6.45,
        -4.225,
        0,
        6.717,
        3.326,
        0,
        7.033,
        0
      ]
    },
    {
      "Target": "Parameter",
      "Id": "shoujbyz",
      "FadeInTime": -1.0,
      "FadeOutTime": -1.0,
      "Segments": [
        0,
        0,
        2,
        0.333,
        0,
        2,
        0.733,
        0,
        0,
        1,
        -7,
        0,
        1.233,
        8,
        0,
        1.45,
        -5,
        0,
        1.65,
        1,
        0,
        2.417,
        -10,
        1,
        2.517,
        -10,
        2.617,
        -9.483,
        2.717,
        -6,
        1,
        2.811,
        -2.711,
        2.906,
        8.251,
        3,
        9,
        1,
        3.133,
        10,
        3.267,
        10,
        3.4,
        10,
        0,
        3.65,
        -6,
        0,
        3.9,
        4,
        0,
        4.1,
        -3,
        0,
        4.317,
        3,
        0,
        4.583,
        -2,
        1,
        4.705,
        -2,
        4.828,
        -0.207,
        4.95,
        1,
        1,
        5.05,
        1.987,
        5.15,
        1.957,
        5.25,
        3,
        1,
        5.322,
        3.753,
        5.395,
        9,
        5.467,
        9,
        1,
        5.578,
        9,
        5.689,
        9.104,
        5.8,
        6,
        1,
        5.939,
        2.12,
        6.078,
        -5,
        6.217,
        -5,
        0,
        6.717,
        0,
        2,
        7.033,
        0
      ]
    },
    {
      "Target": "Parameter",
      "Id": "jiubgg",
      "FadeInTime": -1.0,
      "FadeOutTime": -1.0,
      "Segments": [
        0,
        1,
        2,
        0.333,
        1,
        2,
        0.517,
        1,
        0,
        0.65,
        0,
        2,
        0.883,
        0,
        0,
        1,
        1,
        0,
        1.3,
        0.4,
        0,
        1.817,
        0.5,
        0,
        2.333,
        0,
        2,
        2.7,
        0,
        2,
        2.95,
        0,
        0,
        3.15,
        1,
        2,
        3.4,
        1,
        0,
        3.633,
        0,
        2,
        3.9,
        0,
        0,
        4.083,
        1,
        2,
        4.45,
        1,
        0,
        4.617,
        0,
        2,
        4.8,
        0,
        0,
        5.15,
        1,
        0,
        5.4,
        0,
        2,
        5.633,
        0,
        2,
        6.217,
        0,
        0,
        6.417,
        1,
        2,
        6.717,
        1,
        2,
        7.033,
        1
      ]
    },
    {
      "Target": "Parameter",
      "Id": "Paramring",
      "FadeInTime": -1.0,
      "FadeOutTime": -1.0,
      "Segments": [
        0,
        0,
        0,
        7.033,
        0
      ]
    },
    {
      "Target": "Parameter",
      "Id": "touch_drag1",
      "FadeInTime": -1.0,
      "FadeOutTime": -1.0,
      "Segments": [
        0,
        0,
        0,
        7.033,
        0
      ]
    },
    {
      "Target": "Parameter",
      "Id": "touch_drag2",
      "FadeInTime": -1.0,
      "FadeOutTime": -1.0,
      "Segments": [
        0,
        0,
        0,
        7.033,
        0
      ]
    },
    {
      "Target": "Parameter",
      "Id": "touch_drag3",
      "FadeInTime": -1.0,
      "FadeOutTime": -1.0,
      "Segments": [
        0,
        0,
        0,
        7.033,
        0
      ]
    },
    {
      "Target": "Parameter",
      "Id": "touch_drag4",
      "FadeInTime": -1.0,
      "FadeOutTime": -1.0,
      "Segments": [
        0,
        0,
        0,
        7.033,
        0
      ]
    },
    {
      "Target": "Parameter",
      "Id": "touch_drag5",
      "FadeInTime": -1.0,
      "FadeOutTime": -1.0,
      "Segments": [
        0,
        0,
        0,
        7.033,
        0
      ]
    },
    {
      "Target": "Parameter",
      "Id": "touch_drag6",
      "FadeInTime": -1.0,
      "FadeOutTime": -1.0,
      "Segments": [
        0,
        0,
        0,
        7.033,
        0
      ]
    },
    {
      "Target": "Parameter",
      "Id": "touch_drag8",
      "FadeInTime": -1.0,
      "FadeOutTime": -1.0,
      "Segments": [
        0,
        0,
        0,
        7.033,
        0
      ]
    },
    {
      "Target": "Parameter",
      "Id": "touch_drag9",
      "FadeInTime": -1.0,
      "FadeOutTime": -1.0,
      "Segments": [
        0,
        0,
        0,
        7.033,
        0
      ]
    },
    {
      "Target": "Parameter",
      "Id": "sdwuli",
      "FadeInTime": -1.0,
      "FadeOutTime": -1.0,
      "Segments": [
        0,
        0,
        0,
        7.033,
        0
      ]
    },
    {
      "Target": "Parameter",
      "Id": "XXXXXXX2",
      "FadeInTime": -1.0,
      "FadeOutTime": -1.0,
      "Segments": [
        0,
        0,
        0,
        7.033,
        0
      ]
    },
    {
      "Target": "Parameter",
      "Id": "xxzzx",
      "FadeInTime": -1.0,
      "FadeOutTime": -1.0,
      "Segments": [
        0,
        0,
        0,
        7.033,
        0
      ]
    },
    {
      "Target": "Parameter",
      "Id": "qianshuiqie",
      "FadeInTime": -1.0,
      "FadeOutTime": -1.0,
      "Segments": [
        0,
        0,
        0,
        7.033,
        0
      ]
    },
    {
      "Target": "Parameter",
      "Id": "dldh",
      "FadeInTime": -1.0,
      "FadeOutTime": -1.0,
      "Segments": [
        0,
        0,
        0,
        7.033,
        0
      ]
    },
    {
      "Target": "Parameter",
      "Id": "heikuang",
      "FadeInTime": -1.0,
      "FadeOutTime": -1.0,
      "Segments": [
        0,
        0,
        0,
        7.033,
        0
      ]
    },
    {
      "Target": "Parameter",
      "Id": "heiping",
      "FadeInTime": -1.0,
      "FadeOutTime": -1.0,
      "Segments": [
        0,
        0,
        0,
        7.033,
        0
      ]
    },
    {
      "Target": "Parameter",
      "Id": "liuxing",
      "FadeInTime": -1.0,
      "FadeOutTime": -1.0,
      "Segments": [
        0,
        0,
        0,
        7.033,
        0
      ]
    },
    {
      "Target": "Parameter",
      "Id": "renxs",
      "FadeInTime": -1.0,
      "FadeOutTime": -1.0,
      "Segments": [
        0,
        1,
        0,
        7.033,
        1
      ]
    },
    {
      "Target": "Parameter",
      "Id": "houwxs",
      "FadeInTime": -1.0,
      "FadeOutTime": -1.0,
      "Segments": [
        0,
        1,
        0,
        7.033,
        1
      ]
    },
    {
      "Target": "Parameter",
      "Id": "zhengtidx",
      "FadeInTime": -1.0,
      "FadeOutTime": -1.0,
      "Segments": [
        0,
        0,
        0,
        7.033,
        0
      ]
    },
    {
      "Target": "Parameter",
      "Id": "zhengtix",
      "FadeInTime": -1.0,
      "FadeOutTime": -1.0,
      "Segments": [
        0,
        0,
        0,
        7.033,
        0
      ]
    },
    {
      "Target": "Parameter",
      "Id": "zhengtiY",
      "FadeInTime": -1.0,
      "FadeOutTime": -1.0,
      "Segments": [
        0,
        0,
        0,
        7.033,
        0
      ]
    },
    {
      "Target": "Parameter",
      "Id": "XXXXXXX15",
      "FadeInTime": -1.0,
      "FadeOutTime": -1.0,
      "Segments": [
        0,
        0,
        0,
        7.033,
        0
      ]
    },
    {
      "Target": "Parameter",
      "Id": "texiaogb",
      "FadeInTime": -1.0,
      "FadeOutTime": -1.0,
      "Segments": [
        0,
        0,
        0,
        7.033,
        0
      ]
    },
    {
      "Target": "Parameter",
      "Id": "jingtgb",
      "FadeInTime": -1.0,
      "FadeOutTime": -1.0,
      "Segments": [
        0,
        0,
        0,
        7.033,
        0
      ]
    },
    {
      "Target": "Parameter",
      "Id": "jingtgb2",
      "FadeInTime": -1.0,
      "FadeOutTime": -1.0,
      "Segments": [
        0,
        0,
        0,
        7.033,
        0
      ]
    },
    {
      "Target": "Parameter",
      "Id": "jingtgb3",
      "FadeInTime": -1.0,
      "FadeOutTime": -1.0,
      "Segments": [
        0,
        0,
        0,
        7.033,
        0
      ]
    },
    {
      "Target": "Parameter",
      "Id": "lvjing",
      "FadeInTime": -1.0,
      "FadeOutTime": -1.0,
      "Segments": [
        0,
        0,
        0,
        7.033,
        0
      ]
    },
    {
      "Target": "Parameter",
      "Id": "baipingguang",
      "FadeInTime": -1.0,
      "FadeOutTime": -1.0,
      "Segments": [
        0,
        0,
        0,
        7.033,
        0
      ]
    },
    {
      "Target": "Parameter",
      "Id": "XXXXXXX16",
      "FadeInTime": -1.0,
      "FadeOutTime": -1.0,
      "Segments": [
        0,
        0,
        0,
        7.033,
        0
      ]
    },
    {
      "Target": "Parameter",
      "Id": "beijjuan",
      "FadeInTime": -1.0,
      "FadeOutTime": -1.0,
      "Segments": [
        0,
        0,
        0,
        7.033,
        0
      ]
    },
    {
      "Target": "Parameter",
      "Id": "Param2",
      "FadeInTime": -1.0,
      "FadeOutTime": -1.0,
      "Segments": [
        0,
        1,
        0,
        7.033,
        1
      ]
    },
    {
      "Target": "Parameter",
      "Id": "ParamBrowLForm",
      "FadeInTime": -1.0,
      "FadeOutTime": -1.0,
      "Segments": [
        0,
        0,
        0,
        7.033,
        0
      ]
    },
    {
      "Target": "Parameter",
      "Id": "ParamBrowLAngle",
      "FadeInTime": -1.0,
      "FadeOutTime": -1.0,
      "Segments": [
        0,
        0,
        0,
        7.033,
        0
      ]
    },
    {
      "Target": "Parameter",
      "Id": "lianh",
      "FadeInTime": -1.0,
      "FadeOutTime": -1.0,
      "Segments": [
        0,
        0,
        0,
        7.033,
        0
      ]
    },
    {
      "Target": "Parameter",
      "Id": "zuiyexs",
      "FadeInTime": -1.0,
      "FadeOutTime": -1.0,
      "Segments": [
        0,
        0,
        0,
        7.033,
        0
      ]
    },
    {
      "Target": "Parameter",
      "Id": "zuiytcj",
      "FadeInTime": -1.0,
      "FadeOutTime": -1.0,
      "Segments": [
        0,
        0,
        0,
        7.033,
        0
      ]
    },
    {
      "Target": "Parameter",
      "Id": "zytchi",
      "FadeInTime": -1.0,
      "FadeOutTime": -1.0,
      "Segments": [
        0,
        0,
        0,
        7.033,
        0
      ]
    },
    {
      "Target": "Parameter",
      "Id": "XXXXXXX14",
      "FadeInTime": -1.0,
      "FadeOutTime": -1.0,
      "Segments": [
        0,
        0,
        0,
        7.033,
        0
      ]
    },
    {
      "Target": "Parameter",
      "Id": "yaguan",
      "FadeInTime": -1.0,
      "FadeOutTime": -1.0,
      "Segments": [
        0,
        0,
        0,
        7.033,
        0
      ]
    },
    {
      "Target": "Parameter",
      "Id": "zuijiay",
      "FadeInTime": -1.0,
      "FadeOutTime": -1.0,
      "Segments": [
        0,
        0,
        0,
        7.033,
        0
      ]
    },
    {
      "Target": "Parameter",
      "Id": "tushe",
      "FadeInTime": -1.0,
      "FadeOutTime": -1.0,
      "Segments": [
        0,
        0,
        0,
        7.033,
        0
      ]
    },
    {
      "Target": "Parameter",
      "Id": "ParamMouthOpenY2",
      "FadeInTime": -1.0,
      "FadeOutTime": -1.0,
      "Segments": [
        0,
        0,
        0,
        7.033,
        0
      ]
    },
    {
      "Target": "Parameter",
      "Id": "shoudzq",
      "FadeInTime": -1.0,
      "FadeOutTime": -1.0,
      "Segments": [
        0,
        0,
        0,
        7.033,
        0
      ]
    },
    {
      "Target": "Parameter",
      "Id": "Rjiansx",
      "FadeInTime": -1.0,
      "FadeOutTime": -1.0,
      "Segments": [
        0,
        0,
        0,
        7.033,
        0
      ]
    },
    {
      "Target": "Parameter",
      "Id": "Lshagbuiq",
      "FadeInTime": -1.0,
      "FadeOutTime": -1.0,
      "Segments": [
        0,
        0,
        0,
        7.033,
        0
      ]
    },
    {
      "Target": "Parameter",
      "Id": "XXXXXXX8",
      "FadeInTime": -1.0,
      "FadeOutTime": -1.0,
      "Segments": [
        0,
        0,
        0,
        7.033,
        0
      ]
    },
    {
      "Target": "Parameter",
      "Id": "Lshangbcd",
      "FadeInTime": -1.0,
      "FadeOutTime": -1.0,
      "Segments": [
        0,
        0,
        0,
        7.033,
        0
      ]
    },
    {
      "Target": "Parameter",
      "Id": "XXXXXXX10",
      "FadeInTime": -1.0,
      "FadeOutTime": -1.0,
      "Segments": [
        0,
        0,
        0,
        7.033,
        0
      ]
    },
    {
      "Target": "Parameter",
      "Id": "lmoshou",
      "FadeInTime": -1.0,
      "FadeOutTime": -1.0,
      "Segments": [
        0,
        1,
        0,
        7.033,
        1
      ]
    },
    {
      "Target": "Parameter",
      "Id": "tuosais",
      "FadeInTime": -1.0,
      "FadeOutTime": -1.0,
      "Segments": [
        0,
        0,
        0,
        7.033,
        0
      ]
    },
    {
      "Target": "Parameter",
      "Id": "Ltaihou",
      "FadeInTime": -1.0,
      "FadeOutTime": -1.0,
      "Segments": [
        0,
        0,
        0,
        7.033,
        0
      ]
    },
    {
      "Target": "Parameter",
      "Id": "Ltoushou",
      "FadeInTime": -1.0,
      "FadeOutTime": -1.0,
      "Segments": [
        0,
        0,
        0,
        7.033,
        0
      ]
    },
    {
      "Target": "Parameter",
      "Id": "Lhezhang",
      "FadeInTime": -1.0,
      "FadeOutTime": -1.0,
      "Segments": [
        0,
        0,
        0,
        7.033,
        0
      ]
    },
    {
      "Target": "Parameter",
      "Id": "XXXXXXX12",
      "FadeInTime": -1.0,
      "FadeOutTime": -1.0,
      "Segments": [
        0,
        0,
        0,
        7.033,
        0
      ]
    },
    {
      "Target": "Parameter",
      "Id": "jishouying1",
      "FadeInTime": -1.0,
      "FadeOutTime": -1.0,
      "Segments": [
        0,
        0,
        0,
        7.033,
        0
      ]
    },
    {
      "Target": "Parameter",
      "Id": "jishouying2",
      "FadeInTime": -1.0,
      "FadeOutTime": -1.0,
      "Segments": [
        0,
        0,
        0,
        7.033,
        0
      ]
    },
    {
      "Target": "Parameter",
      "Id": "XXXXXXX13",
      "FadeInTime": -1.0,
      "FadeOutTime": -1.0,
      "Segments": [
        0,
        0,
        0,
        7.033,
        0
      ]
    },
    {
      "Target": "Parameter",
      "Id": "shouxinxs",
      "FadeInTime": -1.0,
      "FadeOutTime": -1.0,
      "Segments": [
        0,
        0,
        0,
        7.033,
        0
      ]
    },
    {
      "Target": "Parameter",
      "Id": "shouxinxz",
      "FadeInTime": -1.0,
      "FadeOutTime": -1.0,
      "Segments": [
        0,
        0,
        0,
        7.033,
        0
      ]
    },
    {
      "Target": "Parameter",
      "Id": "shouxin1",
      "FadeInTime": -1.0,
      "FadeOutTime": -1.0,
      "Segments": [
        0,
        0,
        0,
        7.033,
        0
      ]
    },
    {
      "Target": "Parameter",
      "Id": "shouxin2",
      "FadeInTime": -1.0,
      "FadeOutTime": -1.0,
      "Segments": [
        0,
        0,
        0,
        7.033,
        0
      ]
    },
    {
      "Target": "Parameter",
      "Id": "XXXXXXX7",
      "FadeInTime": -1.0,
      "FadeOutTime": -1.0,
      "Segments": [
        0,
        0,
        0,
        7.033,
        0
      ]
    },
    {
      "Target": "Parameter",
      "Id": "Rxiaobicj",
      "FadeInTime": -1.0,
      "FadeOutTime": -1.0,
      "Segments": [
        0,
        0,
        0,
        7.033,
        0
      ]
    },
    {
      "Target": "Parameter",
      "Id": "Rmuzhi",
      "FadeInTime": -1.0,
      "FadeOutTime": -1.0,
      "Segments": [
        0,
        0,
        0,
        7.033,
        0
      ]
    },
    {
      "Target": "Parameter",
      "Id": "XXXXXXX6",
      "FadeInTime": -1.0,
      "FadeOutTime": -1.0,
      "Segments": [
        0,
        0,
        0,
        7.033,
        0
      ]
    },
    {
      "Target": "Parameter",
      "Id": "rmoshou",
      "FadeInTime": -1.0,
      "FadeOutTime": -1.0,
      "Segments": [
        0,
        1,
        0,
        7.033,
        1
      ]
    },
    {
      "Target": "Parameter",
      "Id": "liaofsou",
      "FadeInTime": -1.0,
      "FadeOutTime": -1.0,
      "Segments": [
        0,
        0,
        0,
        7.033,
        0
      ]
    },
    {
      "Target": "Parameter",
      "Id": "Rzhangshou",
      "FadeInTime": -1.0,
      "FadeOutTime": -1.0,
      "Segments": [
        0,
        0,
        0,
        7.033,
        0
      ]
    },
    {
      "Target": "Parameter",
      "Id": "Rtaoeshou",
      "FadeInTime": -1.0,
      "FadeOutTime": -1.0,
      "Segments": [
        0,
        0,
        0,
        7.033,
        0
      ]
    },
    {
      "Target": "Parameter",
      "Id": "chuotaoshou",
      "FadeInTime": -1.0,
      "FadeOutTime": -1.0,
      "Segments": [
        0,
        0,
        0,
        7.033,
        0
      ]
    },
    {
      "Target": "Parameter",
      "Id": "rhezhgn",
      "FadeInTime": -1.0,
      "FadeOutTime": -1.0,
      "Segments": [
        0,
        0,
        0,
        7.033,
        0
      ]
    },
    {
      "Target": "Parameter",
      "Id": "shouytxs",
      "FadeInTime": -1.0,
      "FadeOutTime": -1.0,
      "Segments": [
        0,
        0,
        0,
        7.033,
        0
      ]
    },
    {
      "Target": "Parameter",
      "Id": "shouytxz",
      "FadeInTime": -1.0,
      "FadeOutTime": -1.0,
      "Segments": [
        0,
        0,
        0,
        7.033,
        0
      ]
    },
    {
      "Target": "Parameter",
      "Id": "jijazhe",
      "FadeInTime": -1.0,
      "FadeOutTime": -1.0,
      "Segments": [
        0,
        0,
        0,
        7.033,
        0
      ]
    },
    {
      "Target": "Parameter",
      "Id": "Rdatuixz",
      "FadeInTime": -1.0,
      "FadeOutTime": -1.0,
      "Segments": [
        0,
        0,
        0,
        7.033,
        0
      ]
    },
    {
      "Target": "Parameter",
      "Id": "Rxtxz",
      "FadeInTime": -1.0,
      "FadeOutTime": -1.0,
      "Segments": [
        0,
        0,
        0,
        7.033,
        0
      ]
    },
    {
      "Target": "Parameter",
      "Id": "Rjiaoxz",
      "FadeInTime": -1.0,
      "FadeOutTime": -1.0,
      "Segments": [
        0,
        0,
        0,
        7.033,
        0
      ]
    },
    {
      "Target": "Parameter",
      "Id": "jiupsz",
      "FadeInTime": -1.0,
      "FadeOutTime": -1.0,
      "Segments": [
        0,
        0,
        0,
        7.033,
        0
      ]
    },
    {
      "Target": "Parameter",
      "Id": "XXXXXXX5",
      "FadeInTime": -1.0,
      "FadeOutTime": -1.0,
      "Segments": [
        0,
        0,
        0,
        7.033,
        0
      ]
    },
    {
      "Target": "Parameter",
      "Id": "jiupf",
      "FadeInTime": -1.0,
      "FadeOutTime": -1.0,
      "Segments": [
        0,
        0,
        0,
        7.033,
        0
      ]
    },
    {
      "Target": "Parameter",
      "Id": "jiupsx",
      "FadeInTime": -1.0,
      "FadeOutTime": -1.0,
      "Segments": [
        0,
        0,
        0,
        7.033,
        0
      ]
    },
    {
      "Target": "Parameter",
      "Id": "jisjohu",
      "FadeInTime": -1.0,
      "FadeOutTime": -1.0,
      "Segments": [
        0,
        0,
        0,
        7.033,
        0
      ]
    },
    {
      "Target": "Parameter",
      "Id": "jihoushou",
      "FadeInTime": -1.0,
      "FadeOutTime": -1.0,
      "Segments": [
        0,
        0,
        0,
        7.033,
        0
      ]
    },
    {
      "Target": "Parameter",
      "Id": "jishouna",
      "FadeInTime": -1.0,
      "FadeOutTime": -1.0,
      "Segments": [
        0,
        0,
        0,
        7.033,
        0
      ]
    },
    {
      "Target": "Parameter",
      "Id": "jixinfengxs",
      "FadeInTime": -1.0,
      "FadeOutTime": -1.0,
      "Segments": [
        0,
        0,
        0,
        7.033,
        0
      ]
    },
    {
      "Target": "Parameter",
      "Id": "jixfy",
      "FadeInTime": -1.0,
      "FadeOutTime": -1.0,
      "Segments": [
        0,
        0,
        0,
        7.033,
        0
      ]
    },
    {
      "Target": "Parameter",
      "Id": "XXXXXXX17",
      "FadeInTime": -1.0,
      "FadeOutTime": -1.0,
      "Segments": [
        0,
        0,
        0,
        7.033,
        0
      ]
    },
    {
      "Target": "Parameter",
      "Id": "MB_yanwubaozha",
      "FadeInTime": -1.0,
      "FadeOutTime": -1.0,
      "Segments": [
        0,
        0,
        0,
        7.033,
        0
      ]
    },
    {
      "Target": "Parameter",
      "Id": "tangjichu",
      "FadeInTime": -1.0,
      "FadeOutTime": -1.0,
      "Segments": [
        0,
        0,
        0,
        7.033,
        0
      ]
    },
    {
      "Target": "Parameter",
      "Id": "tangjibq",
      "FadeInTime": -1.0,
      "FadeOutTime": -1.0,
      "Segments": [
        0,
        0,
        0,
        7.033,
        0
      ]
    },
    {
      "Target": "Parameter",
      "Id": "tangjidm",
      "FadeInTime": -1.0,
      "FadeOutTime": -1.0,
      "Segments": [
        0,
        0,
        0,
        7.033,
        0
      ]
    },
    {
      "Target": "Parameter",
      "Id": "tangjidm2",
      "FadeInTime": -1.0,
      "FadeOutTime": -1.0,
      "Segments": [
        0,
        0,
        0,
        7.033,
        0
      ]
    },
    {
      "Target": "Parameter",
      "Id": "tangjiX",
      "FadeInTime": -1.0,
      "FadeOutTime": -1.0,
      "Segments": [
        0,
        0,
        0,
        7.033,
        0
      ]
    },
    {
      "Target": "Parameter",
      "Id": "tangjiY",
      "FadeInTime": -1.0,
      "FadeOutTime": -1.0,
      "Segments": [
        0,
        0,
        0,
        7.033,
        0
      ]
    },
    {
      "Target": "Parameter",
      "Id": "XXXXXXX18",
      "FadeInTime": -1.0,
      "FadeOutTime": -1.0,
      "Segments": [
        0,
        0,
        0,
        7.033,
        0
      ]
    }
  ],
  "UserData": [
    {
      "Time": 0.0,
      "Value": ""
    },
    {
      "Time": 0.333,
      "Value": ""
    },
    {
      "Time": 6.533,
      "Value": ""
    }
  ]
}