{
  "Version": 3,
  "Meta": {
    "Duration": 13.167,
    "Fps": 60.0,
    "Loop": true,
    "AreBeziersRestricted": true,
    "FadeInTime": 0.0,
    "FadeOutTime": 0.0,
    "CurveCount": 153,
    "TotalSegmentCount": 1071,
    "TotalPointCount": 1379,
    "UserDataCount": 3,
    "TotalUserDataSize": 0
  },
  "Curves": [
    {
      "Target": "Parameter",
      "Id": "sdwuli",
      "FadeInTime": -1.0,
      "FadeOutTime": -1.0,
      "Segments": [
        0,
        0,
        2,
        0.333,
        0,
        0,
        1,
        3.333,
        0,
        1.683,
        2.65,
        0,
        3.033,
        4,
        0,
        3.95,
        2.65,
        0,
        4.667,
        4.833,
        0,
        5.6,
        3.667,
        1,
        6.078,
        3.667,
        6.555,
        3.692,
        7.033,
        4,
        1,
        7.3,
        4.172,
        7.566,
        4.833,
        7.833,
        4.833,
        0,
        8.65,
        3.667,
        0,
        9.933,
        9.833,
        0,
        10.7,
        3.667,
        2,
        11.9,
        3.667,
        1,
        12.044,
        3.667,
        12.189,
        3.408,
        12.333,
        2.333,
        1,
        12.505,
        1.051,
        12.678,
        0,
        12.85,
        0,
        2,
        13.167,
        0
      ]
    },
    {
      "Target": "Parameter",
      "Id": "zhengtidx",
      "FadeInTime": -1.0,
      "FadeOutTime": -1.0,
      "Segments": [
        0,
        0,
        1,
        0.661,
        0,
        1.322,
        8.34,
        1.983,
        10.02,
        1,
        2.35,
        10.952,
        2.716,
        10.802,
        3.083,
        11.211,
        1,
        3.605,
        11.794,
        4.128,
        11.657,
        4.65,
        13,
        1,
        5.883,
        16.171,
        7.117,
        23.127,
        8.35,
        23.127,
        1,
        8.822,
        23.127,
        9.295,
        23.21,
        9.767,
        22.47,
        1,
        10.25,
        21.712,
        10.734,
        19.347,
        11.217,
        15.475,
        1,
        11.867,
        10.267,
        12.517,
        0,
        13.167,
        0
      ]
    },
    {
      "Target": "Parameter",
      "Id": "zhengtix",
      "FadeInTime": -1.0,
      "FadeOutTime": -1.0,
      "Segments": [
        0,
        0,
        0,
        1.983,
        4.74,
        1,
        2.35,
        4.74,
        2.716,
        5.072,
        3.083,
        3.726,
        1,
        3.605,
        1.81,
        4.128,
        -5.787,
        4.65,
        -5.787,
        0,
        8.35,
        11.032,
        1,
        8.822,
        11.032,
        9.295,
        10.913,
        9.767,
        10.137,
        1,
        10.239,
        9.361,
        10.711,
        8.612,
        11.183,
        6.814,
        1,
        11.844,
        4.297,
        12.506,
        0,
        13.167,
        0
      ]
    },
    {
      "Target": "Parameter",
      "Id": "zhengtiY",
      "FadeInTime": -1.0,
      "FadeOutTime": -1.0,
      "Segments": [
        0,
        0,
        0,
        0.867,
        -1.704,
        0,
        1.183,
        -1.402,
        0,
        1.467,
        -1.677,
        0,
        1.75,
        -1.553,
        0,
        2.05,
        -1.752,
        0,
        2.35,
        -1.615,
        0,
        3.083,
        -2.376,
        0,
        4.65,
        4.106,
        1,
        6.078,
        4.106,
        7.505,
        2.744,
        8.933,
        -1.5,
        1,
        9.211,
        -2.326,
        9.489,
        -5.6,
        9.767,
        -5.6,
        1,
        10.067,
        -5.6,
        10.367,
        -3.464,
        10.667,
        -3.058,
        1,
        11.017,
        -2.584,
        11.367,
        -2.694,
        11.717,
        -2.197,
        1,
        12.2,
        -1.51,
        12.684,
        0,
        13.167,
        0
      ]
    },
    {
      "Target": "Parameter",
      "Id": "ParamEyeLOpen",
      "FadeInTime": -1.0,
      "FadeOutTime": -1.0,
      "Segments": [
        0,
        1,
        2,
        0.333,
        1,
        0,
        0.9,
        0,
        2,
        1.467,
        0,
        2,
        2.117,
        0,
        0,
        2.933,
        1,
        2,
        3.867,
        1,
        0,
        4.733,
        0.8,
        0,
        5.5,
        1,
        2,
        6.9,
        1,
        0,
        7.35,
        0,
        2,
        7.483,
        0,
        0,
        7.933,
        1,
        2,
        8.583,
        1,
        0,
        10.183,
        0.8,
        2,
        11.133,
        0.8,
        2,
        11.8,
        0.8,
        0,
        12.333,
        0,
        0,
        12.85,
        1,
        2,
        13.167,
        1
      ]
    },
    {
      "Target": "Parameter",
      "Id": "ParamEyeLSmile",
      "FadeInTime": -1.0,
      "FadeOutTime": -1.0,
      "Segments": [
        0,
        0,
        2,
        0.333,
        0,
        0,
        0.9,
        1,
        2,
        1.467,
        1,
        2,
        2.117,
        1,
        0,
        2.933,
        0,
        2,
        3.867,
        0,
        0,
        4.733,
        1,
        2,
        5.5,
        1,
        0,
        6.9,
        0,
        2,
        8.583,
        0,
        1,
        9.116,
        0,
        9.65,
        0.056,
        10.183,
        0.4,
        1,
        10.5,
        0.604,
        10.816,
        1,
        11.133,
        1,
        2,
        11.8,
        1,
        0,
        12.333,
        0,
        2,
        12.85,
        0,
        2,
        13.167,
        0
      ]
    },
    {
      "Target": "Parameter",
      "Id": "ParamEyeBallX",
      "FadeInTime": -1.0,
      "FadeOutTime": -1.0,
      "Segments": [
        0,
        0,
        2,
        0.333,
        0,
        2,
        1.467,
        0,
        2,
        2.933,
        0,
        2,
        3.867,
        0,
        0,
        4.733,
        -0.1,
        0,
        5.5,
        0,
        0,
        8.583,
        -0.1,
        0,
        10.183,
        0.2,
        0,
        11.133,
        -0.1,
        2,
        11.8,
        -0.1,
        0,
        12.85,
        0,
        2,
        13.167,
        0
      ]
    },
    {
      "Target": "Parameter",
      "Id": "ParamEyeBallY",
      "FadeInTime": -1.0,
      "FadeOutTime": -1.0,
      "Segments": [
        0,
        0,
        2,
        0.333,
        0,
        2,
        1.467,
        0,
        2,
        2.933,
        0,
        2,
        3.867,
        0,
        0,
        4.733,
        -0.3,
        0,
        5.5,
        0,
        1,
        6.528,
        0,
        7.555,
        -0.04,
        8.583,
        -0.2,
        1,
        9.116,
        -0.283,
        9.65,
        -0.4,
        10.183,
        -0.4,
        0,
        11.133,
        -0.1,
        2,
        11.8,
        -0.1,
        0,
        12.85,
        0,
        2,
        13.167,
        0
      ]
    },
    {
      "Target": "Parameter",
      "Id": "ParamBrowLForm",
      "FadeInTime": -1.0,
      "FadeOutTime": -1.0,
      "Segments": [
        0,
        0,
        0,
        0.333,
        -0.1,
        0,
        0.75,
        1,
        2,
        2.217,
        1,
        0,
        2.933,
        0,
        2,
        3.867,
        0,
        2,
        5.5,
        0,
        2,
        6.85,
        0,
        0,
        7.467,
        -0.3,
        0,
        7.933,
        0,
        2,
        8.583,
        0,
        2,
        10.183,
        0,
        0,
        11.133,
        -1,
        2,
        11.8,
        -1,
        0,
        12.85,
        0,
        2,
        13.167,
        0
      ]
    },
    {
      "Target": "Parameter",
      "Id": "ParamBrowLAngle",
      "FadeInTime": -1.0,
      "FadeOutTime": -1.0,
      "Segments": [
        0,
        0,
        2,
        0.333,
        0,
        2,
        0.75,
        0,
        2,
        2.217,
        0,
        2,
        2.933,
        0,
        2,
        3.867,
        0,
        2,
        5.5,
        0,
        2,
        6.85,
        0,
        2,
        8.583,
        0,
        1,
        9.116,
        0,
        9.65,
        0.023,
        10.183,
        0.3,
        1,
        10.5,
        0.464,
        10.816,
        1,
        11.133,
        1,
        2,
        11.8,
        1,
        0,
        12.85,
        0,
        2,
        13.167,
        0
      ]
    },
    {
      "Target": "Parameter",
      "Id": "lianh",
      "FadeInTime": -1.0,
      "FadeOutTime": -1.0,
      "Segments": [
        0,
        0,
        2,
        0.333,
        0,
        0,
        1.467,
        0.7,
        1,
        4.911,
        0.7,
        8.356,
        0.646,
        11.8,
        0.5,
        1,
        12.15,
        0.485,
        12.5,
        0,
        12.85,
        0,
        2,
        13.167,
        0
      ]
    },
    {
      "Target": "Parameter",
      "Id": "yaguan",
      "FadeInTime": -1.0,
      "FadeOutTime": -1.0,
      "Segments": [
        0,
        0,
        2,
        0.333,
        0,
        2,
        4.783,
        0,
        0,
        4.867,
        1,
        0,
        4.967,
        0,
        2,
        9.85,
        0,
        0,
        9.917,
        1,
        2,
        10.017,
        1,
        0,
        10.083,
        0,
        2,
        12.85,
        0,
        2,
        13.167,
        0
      ]
    },
    {
      "Target": "Parameter",
      "Id": "ParamMouthForm",
      "FadeInTime": -1.0,
      "FadeOutTime": -1.0,
      "Segments": [
        0,
        0,
        2,
        0.333,
        0,
        0,
        0.517,
        1,
        2,
        2.183,
        1,
        0,
        2.783,
        0,
        2,
        3.85,
        0,
        0,
        4.017,
        -1,
        2,
        4.25,
        -1,
        1,
        4.328,
        -1,
        4.405,
        -0.653,
        4.483,
        0,
        1,
        4.516,
        0.28,
        4.55,
        0.645,
        4.583,
        0.8,
        1,
        4.622,
        0.981,
        4.661,
        1,
        4.7,
        1,
        0,
        4.783,
        -0.1,
        0,
        4.867,
        0.5,
        0,
        4.967,
        -0.1,
        0,
        5.017,
        0,
        0,
        5.083,
        -0.1,
        2,
        5.167,
        -0.1,
        0,
        5.25,
        0.7,
        0,
        5.35,
        -1,
        0,
        5.533,
        0,
        1,
        5.578,
        0,
        5.622,
        -0.495,
        5.667,
        -0.7,
        1,
        5.728,
        -0.981,
        5.789,
        -1,
        5.85,
        -1,
        0,
        5.967,
        -0.1,
        0,
        6.083,
        -1,
        1,
        6.139,
        -1,
        6.194,
        -1,
        6.25,
        -0.7,
        1,
        6.317,
        -0.291,
        6.383,
        0.8,
        6.45,
        0.8,
        1,
        6.511,
        0.8,
        6.572,
        0.738,
        6.633,
        0.5,
        1,
        6.678,
        0.327,
        6.722,
        -0.021,
        6.767,
        -0.2,
        1,
        6.817,
        -0.401,
        6.867,
        -0.542,
        6.917,
        -0.7,
        1,
        6.961,
        -0.841,
        7.006,
        -0.9,
        7.05,
        -0.9,
        0,
        7.15,
        0,
        2,
        8.683,
        0,
        0,
        8.8,
        1,
        0,
        8.933,
        0.4,
        0,
        9.033,
        0.5,
        2,
        9.133,
        0.5,
        0,
        9.183,
        0,
        0,
        9.25,
        0.9,
        0,
        9.517,
        -1,
        2,
        9.65,
        -1,
        0,
        9.733,
        0,
        0,
        9.85,
        -0.6,
        2,
        9.917,
        -0.6,
        1,
        9.95,
        -0.6,
        9.984,
        -0.609,
        10.017,
        -0.3,
        1,
        10.067,
        0.164,
        10.117,
        0.8,
        10.167,
        0.8,
        1,
        10.195,
        0.8,
        10.222,
        0.79,
        10.25,
        0.6,
        1,
        10.267,
        0.486,
        10.283,
        0,
        10.3,
        0,
        0,
        10.4,
        0.6,
        0,
        10.617,
        0,
        0,
        11.133,
        1,
        2,
        11.8,
        1,
        0,
        12.85,
        0,
        2,
        13.167,
        0
      ]
    },
    {
      "Target": "Parameter",
      "Id": "ParamMouthOpenY11",
      "FadeInTime": -1.0,
      "FadeOutTime": -1.0,
      "Segments": [
        0,
        0,
        2,
        0.333,
        0,
        0,
        0.517,
        0.4,
        2,
        2.183,
        0.4,
        0,
        2.783,
        0,
        2,
        3.85,
        0,
        0,
        4.017,
        0.7,
        2,
        4.25,
        0.7,
        0,
        4.483,
        0,
        0,
        4.583,
        0.5,
        1,
        4.622,
        0.5,
        4.661,
        0.501,
        4.7,
        0.4,
        1,
        4.728,
        0.328,
        4.755,
        0,
        4.783,
        0,
        0,
        4.867,
        0.3,
        0,
        4.967,
        0.1,
        0,
        5.017,
        0.3,
        1,
        5.039,
        0.3,
        5.061,
        0.284,
        5.083,
        0.2,
        1,
        5.111,
        0.095,
        5.139,
        0,
        5.167,
        0,
        1,
        5.195,
        0,
        5.222,
        0.217,
        5.25,
        0.3,
        1,
        5.283,
        0.399,
        5.317,
        0.4,
        5.35,
        0.4,
        0,
        5.533,
        0,
        1,
        5.578,
        0,
        5.622,
        0.229,
        5.667,
        0.3,
        1,
        5.728,
        0.398,
        5.789,
        0.4,
        5.85,
        0.4,
        0,
        5.967,
        0.1,
        0,
        6.083,
        0.3,
        2,
        6.25,
        0.3,
        0,
        6.333,
        0,
        0,
        6.45,
        0.3,
        1,
        6.511,
        0.3,
        6.572,
        0.28,
        6.633,
        0.2,
        1,
        6.655,
        0.171,
        6.678,
        0.1,
        6.7,
        0.1,
        0,
        6.767,
        0.4,
        0,
        6.917,
        0.2,
        2,
        7.05,
        0.2,
        0,
        7.15,
        0,
        2,
        8.683,
        0,
        0,
        8.8,
        0.6,
        0,
        8.933,
        0.1,
        0,
        9.033,
        0.4,
        2,
        9.133,
        0.4,
        0,
        9.183,
        0.1,
        0,
        9.25,
        0.4,
        0,
        9.367,
        0.1,
        1,
        9.417,
        0.1,
        9.467,
        0.288,
        9.517,
        0.4,
        1,
        9.561,
        0.5,
        9.606,
        0.5,
        9.65,
        0.5,
        0,
        9.733,
        0,
        0,
        9.85,
        0.3,
        2,
        9.917,
        0.3,
        1,
        9.95,
        0.3,
        9.984,
        0.291,
        10.017,
        0.2,
        1,
        10.039,
        0.139,
        10.061,
        0,
        10.083,
        0,
        0,
        10.167,
        0.5,
        1,
        10.195,
        0.5,
        10.222,
        0.408,
        10.25,
        0.2,
        1,
        10.267,
        0.075,
        10.283,
        0,
        10.3,
        0,
        0,
        10.4,
        0.2,
        0,
        10.617,
        0,
        0,
        11.133,
        0.9,
        2,
        11.8,
        0.9,
        0,
        12.85,
        0,
        2,
        13.167,
        0
      ]
    },
    {
      "Target": "Parameter",
      "Id": "zuijiay",
      "FadeInTime": -1.0,
      "FadeOutTime": -1.0,
      "Segments": [
        0,
        0,
        2,
        0.333,
        0,
        2,
        1.467,
        0,
        2,
        2.933,
        0,
        2,
        3.867,
        0,
        2,
        5.5,
        0,
        2,
        5.667,
        0,
        0,
        5.85,
        0.4,
        0,
        5.967,
        0,
        0,
        6.1,
        0.391,
        0,
        6.25,
        0,
        2,
        8.583,
        0,
        2,
        9.85,
        0,
        2,
        10.183,
        0,
        2,
        11.133,
        0,
        2,
        11.8,
        0,
        2,
        12.333,
        0,
        2,
        12.85,
        0,
        2,
        13.167,
        0
      ]
    },
    {
      "Target": "Parameter",
      "Id": "ParamAngleX",
      "FadeInTime": -1.0,
      "FadeOutTime": -1.0,
      "Segments": [
        0,
        0,
        2,
        0.333,
        0,
        0,
        1.1,
        -4,
        0,
        1.667,
        4,
        2,
        3.133,
        4,
        0,
        4.033,
        9,
        0,
        4.767,
        -15,
        0,
        5.7,
        13,
        0,
        7.133,
        2,
        0,
        7.933,
        20,
        0,
        8.733,
        13,
        0,
        10.017,
        18,
        0,
        10.767,
        12,
        2,
        12,
        12,
        1,
        12.144,
        12,
        12.289,
        11.965,
        12.433,
        9,
        1,
        12.572,
        6.149,
        12.711,
        0,
        12.85,
        0,
        2,
        13.167,
        0
      ]
    },
    {
      "Target": "Parameter",
      "Id": "ParamAngleY",
      "FadeInTime": -1.0,
      "FadeOutTime": -1.0,
      "Segments": [
        0,
        0,
        0,
        0.333,
        3,
        1,
        0.555,
        3,
        0.778,
        -5.987,
        1,
        -10,
        1,
        1.228,
        -14.113,
        1.455,
        -14.101,
        1.683,
        -14.101,
        0,
        3.033,
        -6,
        0,
        3.95,
        -14.101,
        0,
        4.667,
        -1,
        0,
        5.6,
        -8,
        1,
        6.078,
        -8,
        6.555,
        -7.846,
        7.033,
        -6,
        1,
        7.3,
        -4.97,
        7.566,
        -1,
        7.833,
        -1,
        0,
        8.65,
        -8,
        0,
        9.933,
        29,
        0,
        10.7,
        -8,
        2,
        11.9,
        -8,
        0,
        12.333,
        -16,
        0,
        12.85,
        0,
        2,
        13.167,
        0
      ]
    },
    {
      "Target": "Parameter",
      "Id": "touZ",
      "FadeInTime": -1.0,
      "FadeOutTime": -1.0,
      "Segments": [
        0,
        0,
        2,
        0.333,
        0,
        0,
        1,
        -7,
        1,
        1.189,
        -7,
        1.378,
        -6.448,
        1.567,
        -5,
        1,
        1.684,
        -4.105,
        1.8,
        -3.44,
        1.917,
        -3.44,
        0,
        2.283,
        -5,
        0,
        3.033,
        0,
        1,
        3.339,
        0,
        3.644,
        -2.774,
        3.95,
        -8,
        1,
        4.2,
        -12.276,
        4.45,
        -14.261,
        4.7,
        -14.261,
        0,
        5.6,
        -9.62,
        2,
        8.65,
        -9.62,
        0,
        8.917,
        -11.42,
        0,
        9.933,
        -2,
        1,
        10.189,
        -2,
        10.444,
        -2.019,
        10.7,
        -3,
        1,
        10.889,
        -3.725,
        11.078,
        -6.02,
        11.267,
        -6.02,
        1,
        11.478,
        -6.02,
        11.689,
        -1.68,
        11.9,
        -1,
        1,
        12.217,
        0.019,
        12.533,
        0,
        12.85,
        0,
        2,
        13.167,
        0
      ]
    },
    {
      "Target": "Parameter",
      "Id": "ParamAngleZ",
      "FadeInTime": -1.0,
      "FadeOutTime": -1.0,
      "Segments": [
        0,
        0,
        2,
        0.333,
        0,
        0,
        0.9,
        3,
        1,
        1.089,
        3,
        1.278,
        -9.495,
        1.467,
        -10,
        1,
        1.956,
        -11.306,
        2.444,
        -11.44,
        2.933,
        -11.44,
        0,
        3.867,
        -4,
        0,
        4.9,
        -9.511,
        0,
        5.5,
        -9,
        2,
        8.567,
        -9,
        0,
        8.967,
        -11.182,
        0,
        9.85,
        -3.64,
        0,
        10.8,
        -10.207,
        1,
        11.133,
        -10.207,
        11.467,
        -8.313,
        11.8,
        -5,
        1,
        12.15,
        -1.522,
        12.5,
        0,
        12.85,
        0,
        2,
        13.167,
        0
      ]
    },
    {
      "Target": "Parameter",
      "Id": "toufz",
      "FadeInTime": -1.0,
      "FadeOutTime": -1.0,
      "Segments": [
        0,
        0,
        2,
        0.333,
        0,
        1,
        0.522,
        0,
        0.711,
        -4.171,
        0.9,
        -8,
        1,
        1.089,
        -11.829,
        1.278,
        -14.521,
        1.467,
        -17,
        1,
        1.75,
        -20.718,
        2.034,
        -22,
        2.317,
        -22,
        0,
        2.933,
        -13,
        1,
        3.244,
        -13,
        3.556,
        -14.316,
        3.867,
        -18,
        1,
        4.139,
        -21.224,
        4.411,
        -27.873,
        4.683,
        -29,
        1,
        4.955,
        -30,
        5.228,
        -30,
        5.5,
        -30,
        1,
        5.978,
        -30,
        6.455,
        -29.437,
        6.933,
        -26,
        1,
        7.2,
        -24.082,
        7.466,
        -20,
        7.733,
        -20,
        0,
        8.567,
        -29,
        1,
        8.811,
        -29,
        9.056,
        -27.647,
        9.3,
        -20,
        1,
        9.483,
        -14.265,
        9.667,
        -6,
        9.85,
        -6,
        0,
        10.617,
        -20,
        1,
        11.011,
        -20,
        11.406,
        -12.191,
        11.8,
        -6,
        1,
        12.15,
        -0.507,
        12.5,
        0,
        12.85,
        0,
        2,
        13.167,
        0
      ]
    },
    {
      "Target": "Parameter",
      "Id": "bozss",
      "FadeInTime": -1.0,
      "FadeOutTime": -1.0,
      "Segments": [
        0,
        0,
        2,
        0.333,
        0,
        1,
        0.711,
        0,
        1.089,
        -0.76,
        1.467,
        -3,
        1,
        1.75,
        -4.68,
        2.034,
        -6,
        2.317,
        -6,
        0,
        2.933,
        -3,
        0,
        3.867,
        -4,
        2,
        8.567,
        -4,
        0,
        9.85,
        -3,
        0,
        10.617,
        -4,
        2,
        11.8,
        -4,
        0,
        12.85,
        0,
        2,
        13.167,
        0
      ]
    },
    {
      "Target": "Parameter",
      "Id": "ParamBodyAngleY",
      "FadeInTime": -1.0,
      "FadeOutTime": -1.0,
      "Segments": [
        0,
        0,
        0,
        0.333,
        1.24,
        0,
        0.8,
        -4,
        0,
        1.083,
        -2.707,
        0,
        1.367,
        -4.59,
        0,
        1.65,
        -2.866,
        0,
        1.917,
        -3.478,
        1,
        2.022,
        -3.478,
        2.128,
        -2.968,
        2.233,
        -2.707,
        1,
        2.466,
        -2.131,
        2.7,
        -2,
        2.933,
        -2,
        0,
        3.867,
        -5.988,
        0,
        4.6,
        -3,
        1,
        4.9,
        -3,
        5.2,
        -5.847,
        5.5,
        -8,
        1,
        5.761,
        -9.874,
        6.022,
        -10,
        6.283,
        -10,
        0,
        7.583,
        0,
        0,
        8.567,
        -8,
        0,
        9.85,
        6,
        0,
        10.617,
        -6.28,
        0,
        11.8,
        -1,
        0,
        12.333,
        -5,
        0,
        12.85,
        0,
        2,
        13.167,
        0
      ]
    },
    {
      "Target": "Parameter",
      "Id": "stsxz",
      "FadeInTime": -1.0,
      "FadeOutTime": -1.0,
      "Segments": [
        0,
        0,
        2,
        0.333,
        0,
        0,
        1.467,
        0.32,
        2,
        2.933,
        0.32,
        0,
        3.867,
        0,
        0,
        5.5,
        0.32,
        2,
        8.567,
        0.32,
        2,
        10.617,
        0.32,
        2,
        11.8,
        0.32,
        0,
        12.85,
        0,
        2,
        13.167,
        0
      ]
    },
    {
      "Target": "Parameter",
      "Id": "shentixX",
      "FadeInTime": -1.0,
      "FadeOutTime": -1.0,
      "Segments": [
        0,
        0,
        2,
        0.333,
        0,
        0,
        1.017,
        -2.221,
        0,
        1.3,
        -0.973,
        0,
        1.55,
        -1.759,
        1,
        1.656,
        -1.759,
        1.761,
        -1.083,
        1.867,
        -0.892,
        1,
        2.256,
        -0.189,
        2.644,
        0,
        3.033,
        0,
        0,
        3.95,
        -5,
        0,
        5.6,
        0,
        0,
        6.383,
        -2,
        0,
        7.683,
        2,
        0,
        8.65,
        -3,
        0,
        9.933,
        2,
        0,
        10.7,
        -4,
        0,
        11.9,
        0,
        0,
        12.333,
        -4,
        0,
        12.85,
        0,
        2,
        13.167,
        0
      ]
    },
    {
      "Target": "Parameter",
      "Id": "Ljiansx",
      "FadeInTime": -1.0,
      "FadeOutTime": -1.0,
      "Segments": [
        0,
        0,
        2,
        0.333,
        0,
        0,
        1.467,
        7,
        2,
        2.933,
        7,
        0,
        3.867,
        0,
        0,
        5.5,
        8,
        2,
        6.283,
        8,
        2,
        8.567,
        8,
        0,
        9.85,
        -3,
        0,
        10.617,
        6,
        0,
        11.8,
        -1,
        0,
        12.85,
        0,
        2,
        13.167,
        0
      ]
    },
    {
      "Target": "Parameter",
      "Id": "Rjiansx",
      "FadeInTime": -1.0,
      "FadeOutTime": -1.0,
      "Segments": [
        0,
        0,
        2,
        0.333,
        0,
        2,
        1.467,
        0,
        0,
        2.933,
        -2,
        1,
        3.244,
        -2,
        3.556,
        -1.449,
        3.867,
        0,
        1,
        4.411,
        2.535,
        4.956,
        4,
        5.5,
        4,
        2,
        6.283,
        4,
        0,
        7.583,
        1,
        0,
        8.567,
        4,
        0,
        9.85,
        0,
        0,
        10.617,
        6,
        0,
        11.8,
        3,
        0,
        12.333,
        5,
        0,
        12.85,
        0,
        2,
        13.167,
        0
      ]
    },
    {
      "Target": "Parameter",
      "Id": "Lsbxz",
      "FadeInTime": -1.0,
      "FadeOutTime": -1.0,
      "Segments": [
        0,
        0,
        0,
        0.483,
        0.8,
        0,
        0.867,
        -0.72,
        0,
        2.133,
        7.08,
        2,
        3.067,
        7.08,
        0,
        4.25,
        13.54,
        2,
        4.533,
        13.54,
        0,
        5.5,
        16.04,
        0,
        7.6,
        14.995,
        0,
        8.583,
        16.04,
        0,
        10.183,
        16,
        2,
        11.133,
        16,
        2,
        11.8,
        16,
        0,
        12.85,
        0,
        2,
        13.167,
        0
      ]
    },
    {
      "Target": "Parameter",
      "Id": "Lxbxz",
      "FadeInTime": -1.0,
      "FadeOutTime": -1.0,
      "Segments": [
        0,
        0,
        0,
        0.45,
        -2.7,
        1,
        0.594,
        -2.7,
        0.739,
        -1.658,
        0.883,
        0.48,
        1,
        1.078,
        3.358,
        1.272,
        5.327,
        1.467,
        9.17,
        1,
        1.595,
        11.695,
        1.722,
        17,
        1.85,
        17,
        0,
        2.217,
        14.94,
        2,
        3.083,
        14.94,
        0,
        3.283,
        16.5,
        0,
        3.767,
        -0.568,
        2,
        4.083,
        -0.568,
        0,
        4.533,
        -1.2,
        0,
        5.5,
        2,
        0,
        7.6,
        -0.28,
        0,
        8.583,
        2,
        0,
        10.183,
        0.5,
        2,
        11.133,
        0.5,
        2,
        11.8,
        0.5,
        0,
        12.85,
        0,
        2,
        13.167,
        0
      ]
    },
    {
      "Target": "Parameter",
      "Id": "Lshouxz",
      "FadeInTime": -1.0,
      "FadeOutTime": -1.0,
      "Segments": [
        0,
        0,
        0,
        0.617,
        -2,
        0,
        1.417,
        12,
        0,
        1.65,
        8,
        1,
        1.722,
        8,
        1.795,
        18.309,
        1.867,
        21,
        1,
        2.028,
        27.002,
        2.189,
        28.08,
        2.35,
        28.08,
        2,
        3.267,
        28.08,
        0,
        3.85,
        11,
        0,
        4.25,
        16.32,
        1,
        4.344,
        16.32,
        4.439,
        15.237,
        4.533,
        15,
        1,
        4.855,
        14.191,
        5.178,
        14,
        5.5,
        14,
        2,
        8.583,
        14,
        0,
        10.183,
        18,
        0,
        11.133,
        16.32,
        2,
        11.8,
        16.32,
        1,
        11.983,
        16.32,
        12.167,
        4.589,
        12.35,
        2,
        1,
        12.517,
        -0.354,
        12.683,
        0,
        12.85,
        0,
        2,
        13.167,
        0
      ]
    },
    {
      "Target": "Parameter",
      "Id": "Lshagbuiq",
      "FadeInTime": -1.0,
      "FadeOutTime": -1.0,
      "Segments": [
        0,
        0,
        2,
        0.4,
        0,
        2,
        4.017,
        0,
        0,
        4.033,
        1,
        2,
        11.933,
        1,
        0,
        12.217,
        0,
        2,
        12.85,
        0,
        2,
        13.167,
        0
      ]
    },
    {
      "Target": "Parameter",
      "Id": "Lxiaobibx",
      "FadeInTime": -1.0,
      "FadeOutTime": -1.0,
      "Segments": [
        0,
        0,
        2,
        0.4,
        0,
        2,
        0.867,
        0,
        0,
        1.267,
        -10,
        2,
        2.133,
        -10,
        2,
        3.267,
        -10,
        2,
        4.25,
        -10,
        2,
        5.5,
        -10,
        2,
        8.583,
        -10,
        2,
        10.783,
        -10,
        2,
        11.8,
        -10,
        0,
        12.85,
        0,
        2,
        13.167,
        0
      ]
    },
    {
      "Target": "Parameter",
      "Id": "Lshangbcd",
      "FadeInTime": -1.0,
      "FadeOutTime": -1.0,
      "Segments": [
        0,
        0,
        2,
        0.4,
        0,
        0,
        2.133,
        2,
        2,
        3.267,
        2,
        0,
        4.25,
        1.353,
        2,
        4.533,
        1.353,
        0,
        5.5,
        1,
        0,
        7.6,
        3,
        1,
        7.928,
        3,
        8.255,
        1.556,
        8.583,
        1,
        1,
        9.116,
        0.095,
        9.65,
        0,
        10.183,
        0,
        2,
        11.133,
        0,
        2,
        11.8,
        0,
        2,
        12.85,
        0,
        2,
        13.167,
        0
      ]
    },
    {
      "Target": "Parameter",
      "Id": "Lxbcd",
      "FadeInTime": -1.0,
      "FadeOutTime": -1.0,
      "Segments": [
        0,
        0,
        2,
        0.867,
        0,
        0,
        1.45,
        -4,
        0,
        2.133,
        0,
        2,
        3.267,
        0,
        1,
        3.4,
        0,
        3.534,
        -5.3,
        3.667,
        -6.007,
        1,
        3.861,
        -7.038,
        4.056,
        -7,
        4.25,
        -7,
        2,
        4.533,
        -7,
        0,
        5.5,
        -9.92,
        2,
        8.583,
        -9.92,
        0,
        10.183,
        -7,
        2,
        11.133,
        -7,
        2,
        11.8,
        -7,
        0,
        12.85,
        0,
        2,
        13.167,
        0
      ]
    },
    {
      "Target": "Parameter",
      "Id": "Lxiutz",
      "FadeInTime": -1.0,
      "FadeOutTime": -1.0,
      "Segments": [
        0,
        0,
        2,
        0.4,
        0,
        2,
        0.867,
        0,
        0,
        2.133,
        3.871,
        0,
        12.85,
        0,
        2,
        13.167,
        0
      ]
    },
    {
      "Target": "Parameter",
      "Id": "Lxiaobicj",
      "FadeInTime": -1.0,
      "FadeOutTime": -1.0,
      "Segments": [
        0,
        0,
        2,
        0.4,
        0,
        2,
        0.867,
        0,
        0,
        2.133,
        10,
        2,
        3.267,
        10,
        0,
        3.667,
        0,
        2,
        4.25,
        0,
        2,
        4.533,
        0,
        2,
        5.5,
        0,
        2,
        8.583,
        0,
        2,
        10.183,
        0,
        2,
        11.133,
        0,
        2,
        11.8,
        0,
        2,
        12.85,
        0,
        2,
        13.167,
        0
      ]
    },
    {
      "Target": "Parameter",
      "Id": "Lshoudh",
      "FadeInTime": -1.0,
      "FadeOutTime": -1.0,
      "Segments": [
        0,
        0,
        1,
        0.133,
        0,
        0.267,
        -0.388,
        0.4,
        -1,
        1,
        0.556,
        -1.714,
        0.711,
        -2,
        0.867,
        -2,
        0,
        1.4,
        0,
        0,
        1.817,
        -10,
        0,
        2.133,
        0,
        0,
        3.267,
        -10,
        0,
        3.683,
        5.22,
        0,
        4.25,
        0,
        0,
        4.867,
        3.8,
        0,
        5.517,
        2,
        2,
        8.583,
        2,
        2,
        11.133,
        2,
        2,
        11.8,
        2,
        0,
        12.35,
        -5,
        0,
        12.85,
        0,
        2,
        13.167,
        0
      ]
    },
    {
      "Target": "Parameter",
      "Id": "Lshoudh2",
      "FadeInTime": -1.0,
      "FadeOutTime": -1.0,
      "Segments": [
        0,
        0,
        2,
        0.4,
        0,
        2,
        0.867,
        0,
        2,
        1.517,
        0,
        2,
        2.133,
        0,
        2,
        3.267,
        0,
        0,
        4.25,
        5,
        2,
        5.517,
        5,
        2,
        8.583,
        5,
        2,
        11.133,
        5,
        2,
        11.8,
        5,
        0,
        12.85,
        0,
        2,
        13.167,
        0
      ]
    },
    {
      "Target": "Parameter",
      "Id": "lmoshou",
      "FadeInTime": -1.0,
      "FadeOutTime": -1.0,
      "Segments": [
        0,
        1,
        2,
        0.4,
        1,
        2,
        0.867,
        1,
        2,
        1.517,
        1,
        2,
        1.717,
        1,
        2,
        1.733,
        0,
        2,
        2.133,
        0,
        2,
        3.267,
        0,
        0,
        3.5,
        1,
        2,
        4.083,
        1,
        2,
        5.5,
        1,
        2,
        8.583,
        1,
        2,
        11.133,
        1,
        2,
        11.8,
        1,
        2,
        12.85,
        1,
        2,
        13.167,
        1
      ]
    },
    {
      "Target": "Parameter",
      "Id": "tuosais",
      "FadeInTime": -1.0,
      "FadeOutTime": -1.0,
      "Segments": [
        0,
        0,
        2,
        0.4,
        0,
        2,
        0.867,
        0,
        2,
        1.517,
        0,
        2,
        1.717,
        0,
        0,
        1.733,
        1,
        2,
        2.133,
        1,
        2,
        3.267,
        1,
        0,
        3.5,
        0,
        2,
        4.083,
        0,
        2,
        5.5,
        0,
        2,
        8.583,
        0,
        2,
        11.133,
        0,
        2,
        11.8,
        0,
        2,
        12.85,
        0,
        2,
        13.167,
        0
      ]
    },
    {
      "Target": "Parameter",
      "Id": "Rsbxz",
      "FadeInTime": -1.0,
      "FadeOutTime": -1.0,
      "Segments": [
        0,
        0,
        2,
        0.333,
        0,
        0,
        1.067,
        0.68,
        2,
        2.1,
        0.68,
        0,
        2.417,
        0.64,
        0,
        2.933,
        2.12,
        0,
        3.8,
        0.68,
        1,
        4.006,
        0.68,
        4.211,
        0.633,
        4.417,
        0.76,
        1,
        4.778,
        0.983,
        5.139,
        2.32,
        5.5,
        2.32,
        2,
        8.65,
        2.32,
        0,
        9.133,
        2,
        2,
        9.583,
        2,
        2,
        10.017,
        2,
        0,
        10.7,
        3.86,
        2,
        11.8,
        3.86,
        0,
        12.333,
        6.325,
        0,
        12.85,
        0,
        2,
        13.167,
        0
      ]
    },
    {
      "Target": "Parameter",
      "Id": "Rxbxz",
      "FadeInTime": -1.0,
      "FadeOutTime": -1.0,
      "Segments": [
        0,
        0,
        2,
        0.333,
        0,
        0,
        1.067,
        15.44,
        0,
        2.85,
        14,
        0,
        3.833,
        15.08,
        0,
        4.45,
        -5.78,
        0,
        5.533,
        0.1,
        0,
        7.583,
        -0.8,
        0,
        8.65,
        0.1,
        0,
        9.133,
        -7.5,
        1,
        9.283,
        -7.5,
        9.433,
        -2.809,
        9.583,
        -1.48,
        1,
        9.728,
        -0.201,
        9.872,
        -0.34,
        10.017,
        -0.34,
        0,
        10.7,
        -4.3,
        2,
        11.8,
        -4.3,
        0,
        12.85,
        0,
        2,
        13.167,
        0
      ]
    },
    {
      "Target": "Parameter",
      "Id": "Rshouxz",
      "FadeInTime": -1.0,
      "FadeOutTime": -1.0,
      "Segments": [
        0,
        0,
        2,
        0.333,
        0,
        0,
        0.7,
        -5,
        0,
        1.067,
        0,
        2,
        3.867,
        0,
        0,
        4.167,
        6.524,
        1,
        4.261,
        6.524,
        4.356,
        1.631,
        4.45,
        -3.249,
        1,
        4.556,
        -8.703,
        4.661,
        -10,
        4.767,
        -10,
        1,
        5.034,
        -10,
        5.3,
        -9.009,
        5.567,
        -8,
        1,
        6.239,
        -5.456,
        6.911,
        -4.52,
        7.583,
        -4.52,
        1,
        7.939,
        -4.52,
        8.294,
        -5.516,
        8.65,
        -8,
        1,
        8.811,
        -9.125,
        8.972,
        -10,
        9.133,
        -10,
        0,
        9.583,
        11,
        1,
        9.728,
        11,
        9.872,
        11.805,
        10.017,
        7.64,
        1,
        10.245,
        1.072,
        10.472,
        -17,
        10.7,
        -17,
        2,
        11.8,
        -17,
        0,
        12.85,
        0,
        2,
        13.167,
        0
      ]
    },
    {
      "Target": "Parameter",
      "Id": "rxbbx",
      "FadeInTime": -1.0,
      "FadeOutTime": -1.0,
      "Segments": [
        0,
        0,
        2,
        0.333,
        0,
        0,
        1.067,
        10,
        2,
        3.8,
        10,
        0,
        4.417,
        0,
        2,
        5.5,
        0,
        2,
        8.65,
        0,
        0,
        9.133,
        -2,
        0,
        9.583,
        0,
        2,
        10.017,
        0,
        2,
        10.7,
        0,
        2,
        11.8,
        0,
        2,
        12.85,
        0,
        2,
        13.167,
        0
      ]
    },
    {
      "Target": "Parameter",
      "Id": "Rshangbicd",
      "FadeInTime": -1.0,
      "FadeOutTime": -1.0,
      "Segments": [
        0,
        0,
        2,
        0.333,
        0,
        2,
        1.067,
        0,
        2,
        3.8,
        0,
        0,
        4.417,
        -1.76,
        2,
        5.5,
        -1.76,
        2,
        8.65,
        -1.76,
        0,
        9.133,
        0,
        2,
        9.583,
        0,
        2,
        10.017,
        0,
        0,
        10.7,
        -1,
        2,
        11.8,
        -1,
        0,
        12.85,
        0,
        2,
        13.167,
        0
      ]
    },
    {
      "Target": "Parameter",
      "Id": "Rxiaobcd",
      "FadeInTime": -1.0,
      "FadeOutTime": -1.0,
      "Segments": [
        0,
        0,
        2,
        0.333,
        0,
        0,
        0.683,
        -4,
        0,
        1.067,
        0,
        2,
        3.8,
        0,
        0,
        4.067,
        -1.784,
        0,
        4.417,
        4,
        2,
        5.5,
        4,
        2,
        8.65,
        4,
        0,
        9.133,
        2,
        0,
        9.583,
        6,
        2,
        10.017,
        6,
        0,
        10.7,
        4,
        2,
        11.8,
        4,
        0,
        12.85,
        0,
        2,
        13.167,
        0
      ]
    },
    {
      "Target": "Parameter",
      "Id": "rxiaobiq",
      "FadeInTime": -1.0,
      "FadeOutTime": -1.0,
      "Segments": [
        0,
        0,
        2,
        0.333,
        0,
        0,
        1.067,
        1,
        2,
        3.8,
        1,
        2,
        3.933,
        1,
        0,
        3.967,
        0,
        2,
        4.417,
        0,
        2,
        5.5,
        0,
        2,
        8.65,
        0,
        2,
        9.133,
        0,
        2,
        9.583,
        0,
        2,
        10.017,
        0,
        2,
        10.7,
        0,
        2,
        11.8,
        0,
        2,
        12.85,
        0,
        2,
        13.167,
        0
      ]
    },
    {
      "Target": "Parameter",
      "Id": "Rxiaobicj",
      "FadeInTime": -1.0,
      "FadeOutTime": -1.0,
      "Segments": [
        0,
        0,
        2,
        0.333,
        0,
        2,
        4.35,
        0,
        0,
        4.417,
        -10,
        2,
        5.5,
        -10,
        2,
        8.65,
        -10,
        2,
        10.7,
        -10,
        2,
        11.8,
        -10,
        0,
        12.85,
        0,
        2,
        13.167,
        0
      ]
    },
    {
      "Target": "Parameter",
      "Id": "Rshoudh1",
      "FadeInTime": -1.0,
      "FadeOutTime": -1.0,
      "Segments": [
        0,
        0,
        2,
        0.333,
        0,
        0,
        0.683,
        7,
        0,
        1.067,
        0,
        2,
        3.8,
        0,
        0,
        4.1,
        -2,
        1,
        4.206,
        -2,
        4.311,
        -1.884,
        4.417,
        0,
        1,
        4.495,
        1.388,
        4.572,
        5,
        4.65,
        5,
        0,
        5.5,
        0,
        2,
        6.917,
        0,
        0,
        7.817,
        -3,
        1,
        8.095,
        -3,
        8.372,
        -2.418,
        8.65,
        0,
        1,
        8.717,
        0.58,
        8.783,
        10,
        8.85,
        10,
        2,
        9.133,
        10,
        1,
        9.283,
        10,
        9.433,
        3.799,
        9.583,
        0,
        1,
        9.672,
        -2.251,
        9.761,
        -2,
        9.85,
        -2,
        1,
        10.028,
        -2,
        10.205,
        -1.085,
        10.383,
        1,
        1,
        10.489,
        2.238,
        10.594,
        4.341,
        10.7,
        5,
        1,
        11.067,
        7.29,
        11.433,
        8,
        11.8,
        8,
        0,
        12.85,
        0,
        2,
        13.167,
        0
      ]
    },
    {
      "Target": "Parameter",
      "Id": "Rshoudh2",
      "FadeInTime": -1.0,
      "FadeOutTime": -1.0,
      "Segments": [
        0,
        0,
        2,
        0.333,
        0,
        0,
        1.067,
        10,
        2,
        3.8,
        10,
        1,
        3.9,
        10,
        4,
        8.241,
        4.1,
        5,
        1,
        4.206,
        1.579,
        4.311,
        0,
        4.417,
        0,
        2,
        5.5,
        0,
        2,
        6.917,
        0,
        2,
        7.817,
        0,
        2,
        8.65,
        0,
        2,
        8.85,
        0,
        2,
        9.583,
        0,
        2,
        10.017,
        0,
        2,
        10.7,
        0,
        2,
        11.8,
        0,
        2,
        12.85,
        0,
        2,
        13.167,
        0
      ]
    },
    {
      "Target": "Parameter",
      "Id": "rmoshou",
      "FadeInTime": -1.0,
      "FadeOutTime": -1.0,
      "Segments": [
        0,
        1,
        2,
        0.333,
        1,
        2,
        1.067,
        1,
        2,
        3.8,
        1,
        0,
        4.1,
        0,
        2,
        4.417,
        0,
        2,
        5.5,
        0,
        2,
        8.65,
        0,
        2,
        8.85,
        0,
        2,
        9.317,
        0,
        0,
        9.333,
        1,
        2,
        10.017,
        1,
        2,
        10.7,
        1,
        2,
        11.8,
        1,
        2,
        12.85,
        1,
        2,
        13.167,
        1
      ]
    },
    {
      "Target": "Parameter",
      "Id": "liaofsou",
      "FadeInTime": -1.0,
      "FadeOutTime": -1.0,
      "Segments": [
        0,
        0,
        2,
        0.333,
        0,
        2,
        1.067,
        0,
        2,
        3.8,
        0,
        0,
        4.1,
        1,
        2,
        4.417,
        1,
        2,
        5.5,
        1,
        2,
        8.65,
        1,
        2,
        8.85,
        1,
        2,
        9.317,
        1,
        0,
        9.333,
        0,
        2,
        10.017,
        0,
        2,
        10.7,
        0,
        2,
        11.8,
        0,
        2,
        12.85,
        0,
        2,
        13.167,
        0
      ]
    },
    {
      "Target": "Parameter",
      "Id": "Ldatuixz",
      "FadeInTime": -1.0,
      "FadeOutTime": -1.0,
      "Segments": [
        0,
        0,
        2,
        0.333,
        0,
        0,
        1.467,
        0.24,
        1,
        1.722,
        0.24,
        1.978,
        0.199,
        2.233,
        -0.28,
        1,
        2.783,
        -1.311,
        3.333,
        -2.16,
        3.883,
        -2.16,
        2,
        5.517,
        -2.16,
        0,
        6.533,
        -2.283,
        1,
        7.216,
        -2.283,
        7.9,
        -0.616,
        8.583,
        0.14,
        1,
        8.989,
        0.589,
        9.394,
        0.495,
        9.8,
        0.495,
        1,
        10.244,
        0.495,
        10.689,
        0.495,
        11.133,
        0.48,
        1,
        11.355,
        0.473,
        11.578,
        -0.66,
        11.8,
        -0.66,
        0,
        12.85,
        0,
        2,
        13.167,
        0
      ]
    },
    {
      "Target": "Parameter",
      "Id": "Lxuiaotuixz",
      "FadeInTime": -1.0,
      "FadeOutTime": -1.0,
      "Segments": [
        0,
        0,
        2,
        0.333,
        0,
        0,
        1.567,
        0.52,
        0,
        2.333,
        -0.38,
        0,
        3.983,
        1.42,
        2,
        5.617,
        1.42,
        1,
        5.956,
        1.42,
        6.294,
        1.476,
        6.633,
        1.162,
        1,
        7.316,
        0.53,
        8,
        -0.44,
        8.683,
        -0.44,
        0,
        9.9,
        -0.035,
        0,
        11.233,
        -0.8,
        0,
        11.9,
        0.16,
        0,
        12.85,
        0,
        2,
        13.167,
        0
      ]
    },
    {
      "Target": "Parameter",
      "Id": "Ljiaoxz",
      "FadeInTime": -1.0,
      "FadeOutTime": -1.0,
      "Segments": [
        0,
        0,
        2,
        0.333,
        0,
        0,
        1.667,
        1.1,
        0,
        2.433,
        -1.4,
        0,
        4.083,
        0,
        2,
        5.717,
        0,
        1,
        6.056,
        0,
        6.394,
        1.256,
        6.733,
        1.401,
        1,
        7.416,
        1.694,
        8.1,
        1.794,
        8.783,
        2.02,
        1,
        9.189,
        2.154,
        9.594,
        2.259,
        10,
        2.259,
        0,
        11.333,
        0.78,
        0,
        12,
        0.82,
        0,
        12.85,
        0,
        2,
        13.167,
        0
      ]
    },
    {
      "Target": "Parameter",
      "Id": "Rdatuixz",
      "FadeInTime": -1.0,
      "FadeOutTime": -1.0,
      "Segments": [
        0,
        0,
        2,
        0.333,
        0,
        2,
        2.983,
        0,
        0,
        4.233,
        -0.18,
        1,
        4.739,
        -0.18,
        5.244,
        -0.006,
        5.75,
        -0.005,
        1,
        7.828,
        -0.001,
        9.905,
        0,
        11.983,
        0,
        0,
        12.317,
        -0.1,
        0,
        12.85,
        0,
        2,
        13.167,
        0
      ]
    },
    {
      "Target": "Parameter",
      "Id": "xionglian8",
      "FadeInTime": -1.0,
      "FadeOutTime": -1.0,
      "Segments": [
        0,
        0,
        2,
        0.333,
        0,
        2,
        1.983,
        0,
        0,
        2.617,
        10,
        2,
        7.067,
        10,
        1,
        7.372,
        10,
        7.678,
        8.485,
        7.983,
        4.8,
        1,
        8.228,
        1.852,
        8.472,
        0,
        8.717,
        0,
        0,
        10.05,
        8.1,
        2,
        12.233,
        8.1,
        0,
        12.85,
        0,
        2,
        13.167,
        0
      ]
    },
    {
      "Target": "Parameter",
      "Id": "jiupings1",
      "FadeInTime": -1.0,
      "FadeOutTime": -1.0,
      "Segments": [
        0,
        -2.002,
        2,
        0.4,
        -2.002,
        0,
        1.017,
        2.002,
        0,
        1.65,
        -2.002,
        0,
        2.267,
        2.002,
        0,
        2.9,
        -2.002,
        0,
        3.533,
        2.002,
        0,
        4.167,
        -2.002,
        0,
        4.8,
        2.002,
        0,
        5.417,
        -2.002,
        0,
        6.05,
        2.002,
        0,
        6.667,
        -2.002,
        0,
        7.283,
        2.002,
        0,
        7.917,
        -2.002,
        0,
        8.533,
        2.002,
        0,
        9.167,
        -2.002,
        0,
        9.8,
        2.002,
        0,
        10.433,
        -2.002,
        0,
        11.067,
        2.002,
        0,
        11.683,
        -2.002,
        0,
        12.317,
        2.002,
        0,
        12.933,
        -2.002,
        2,
        13.167,
        -2.002
      ]
    },
    {
      "Target": "Parameter",
      "Id": "jiupings2",
      "FadeInTime": -1.0,
      "FadeOutTime": -1.0,
      "Segments": [
        0,
        -0.149,
        2,
        0.4,
        -0.149,
        0,
        0.7,
        2.002,
        0,
        1.333,
        -2.002,
        0,
        1.967,
        2.002,
        0,
        2.6,
        -2.002,
        0,
        3.233,
        2.002,
        0,
        3.85,
        -2.002,
        0,
        4.483,
        2.002,
        0,
        5.1,
        -2.002,
        0,
        5.733,
        2.002,
        0,
        6.383,
        -2.002,
        0,
        6.667,
        -0.149,
        0,
        6.967,
        2.002,
        0,
        7.6,
        -2.002,
        0,
        8.233,
        2.002,
        0,
        8.867,
        -2.002,
        0,
        9.5,
        2.002,
        0,
        10.117,
        -2.002,
        0,
        10.75,
        2.002,
        0,
        11.367,
        -2.002,
        0,
        12,
        2.002,
        0,
        12.65,
        -2.002,
        0,
        12.933,
        -0.149,
        2,
        13.167,
        -0.149
      ]
    },
    {
      "Target": "Parameter",
      "Id": "jiupxz",
      "FadeInTime": -1.0,
      "FadeOutTime": -1.0,
      "Segments": [
        0,
        -0.024,
        2,
        0.4,
        -0.024,
        0,
        1.183,
        -0.501,
        0,
        2.75,
        0.501,
        0,
        4.317,
        -0.501,
        0,
        5.883,
        0.501,
        0,
        6.667,
        -0.024,
        0,
        7.45,
        -0.501,
        0,
        9.017,
        0.501,
        0,
        10.583,
        -0.501,
        0,
        12.15,
        0.501,
        0,
        12.933,
        -0.024,
        2,
        13.167,
        -0.024
      ]
    },
    {
      "Target": "Parameter",
      "Id": "jiX",
      "FadeInTime": -1.0,
      "FadeOutTime": -1.0,
      "Segments": [
        0,
        -0.998,
        2,
        0.4,
        -0.998,
        0,
        1.95,
        0.998,
        0,
        3.533,
        -0.998,
        0,
        5.1,
        0.998,
        0,
        6.667,
        -0.998,
        0,
        8.217,
        0.998,
        0,
        9.8,
        -0.998,
        0,
        11.367,
        0.998,
        0,
        12.933,
        -0.998,
        2,
        13.167,
        -0.998
      ]
    },
    {
      "Target": "Parameter",
      "Id": "jiY",
      "FadeInTime": -1.0,
      "FadeOutTime": -1.0,
      "Segments": [
        0,
        -0.12,
        2,
        0.4,
        -0.12,
        0,
        1.183,
        2,
        0,
        2.75,
        -2,
        0,
        4.317,
        2,
        0,
        5.9,
        -2,
        0,
        6.667,
        -0.12,
        0,
        7.45,
        2,
        0,
        9.017,
        -2,
        0,
        10.583,
        2,
        0,
        12.167,
        -2,
        0,
        12.933,
        -0.12,
        2,
        13.167,
        -0.12
      ]
    },
    {
      "Target": "Parameter",
      "Id": "jidaim1",
      "FadeInTime": -1.0,
      "FadeOutTime": -1.0,
      "Segments": [
        0,
        -5.009,
        2,
        0.4,
        -5.009,
        0,
        1.967,
        5.009,
        0,
        3.533,
        -5.009,
        0,
        5.1,
        5.009,
        0,
        6.667,
        -5.009,
        0,
        8.233,
        5.009,
        0,
        9.8,
        -5.009,
        0,
        11.367,
        5.009,
        0,
        12.933,
        -5.009,
        2,
        13.167,
        -5.009
      ]
    },
    {
      "Target": "Parameter",
      "Id": "jidaim2",
      "FadeInTime": -1.0,
      "FadeOutTime": -1.0,
      "Segments": [
        0,
        -0.15,
        2,
        0.4,
        -0.15,
        0,
        1.183,
        5.009,
        0,
        2.75,
        -5.009,
        0,
        4.317,
        5.009,
        0,
        5.883,
        -5.009,
        0,
        6.667,
        -0.15,
        0,
        7.45,
        5.009,
        0,
        9.017,
        -5.009,
        0,
        10.583,
        5.009,
        0,
        12.15,
        -5.009,
        0,
        12.933,
        -0.15,
        2,
        13.167,
        -0.15
      ]
    },
    {
      "Target": "Parameter",
      "Id": "yet1",
      "FadeInTime": -1.0,
      "FadeOutTime": -1.0,
      "Segments": [
        0,
        0,
        2,
        0.317,
        0,
        0,
        0.767,
        -1.138,
        0,
        1.517,
        1.138,
        0,
        2.283,
        -1.138,
        0,
        3.033,
        1.138,
        0,
        3.8,
        -1.138,
        0,
        4.55,
        1.138,
        0,
        5.317,
        -1.138,
        0,
        6.083,
        1.138,
        0,
        6.85,
        -1.138,
        0,
        7.6,
        1.138,
        0,
        8.367,
        -1.138,
        0,
        9.117,
        1.138,
        0,
        9.883,
        -1.138,
        0,
        10.633,
        1.138,
        0,
        11.4,
        -1.138,
        0,
        12.167,
        1.138,
        0,
        12.85,
        0,
        2,
        13.167,
        0
      ]
    },
    {
      "Target": "Parameter",
      "Id": "yet2",
      "FadeInTime": -1.0,
      "FadeOutTime": -1.0,
      "Segments": [
        0,
        0,
        2,
        0.317,
        0,
        0,
        1.15,
        1.138,
        0,
        1.9,
        -1.138,
        0,
        2.683,
        1.138,
        0,
        3.45,
        -1.138,
        0,
        4.167,
        1.138,
        0,
        4.933,
        -1.138,
        0,
        5.7,
        1.138,
        1,
        5.828,
        1.138,
        5.955,
        0.839,
        6.083,
        0.085,
        0,
        6.467,
        -1.138,
        0,
        7.233,
        1.138,
        0,
        7.983,
        -1.138,
        0,
        8.767,
        1.138,
        0,
        9.533,
        -1.138,
        0,
        10.25,
        1.138,
        0,
        11.017,
        -1.138,
        0,
        11.783,
        1.138,
        0,
        12.55,
        -1.138,
        0,
        12.85,
        0,
        2,
        13.167,
        0
      ]
    },
    {
      "Target": "Parameter",
      "Id": "Paramring",
      "FadeInTime": -1.0,
      "FadeOutTime": -1.0,
      "Segments": [
        0,
        0,
        0,
        13.167,
        0
      ]
    },
    {
      "Target": "Parameter",
      "Id": "touch_drag1",
      "FadeInTime": -1.0,
      "FadeOutTime": -1.0,
      "Segments": [
        0,
        0,
        0,
        13.167,
        0
      ]
    },
    {
      "Target": "Parameter",
      "Id": "touch_drag2",
      "FadeInTime": -1.0,
      "FadeOutTime": -1.0,
      "Segments": [
        0,
        0,
        0,
        13.167,
        0
      ]
    },
    {
      "Target": "Parameter",
      "Id": "touch_drag3",
      "FadeInTime": -1.0,
      "FadeOutTime": -1.0,
      "Segments": [
        0,
        0,
        0,
        13.167,
        0
      ]
    },
    {
      "Target": "Parameter",
      "Id": "touch_drag4",
      "FadeInTime": -1.0,
      "FadeOutTime": -1.0,
      "Segments": [
        0,
        0,
        0,
        13.167,
        0
      ]
    },
    {
      "Target": "Parameter",
      "Id": "touch_drag5",
      "FadeInTime": -1.0,
      "FadeOutTime": -1.0,
      "Segments": [
        0,
        0,
        0,
        13.167,
        0
      ]
    },
    {
      "Target": "Parameter",
      "Id": "touch_drag6",
      "FadeInTime": -1.0,
      "FadeOutTime": -1.0,
      "Segments": [
        0,
        0,
        0,
        13.167,
        0
      ]
    },
    {
      "Target": "Parameter",
      "Id": "touch_drag8",
      "FadeInTime": -1.0,
      "FadeOutTime": -1.0,
      "Segments": [
        0,
        0,
        0,
        13.167,
        0
      ]
    },
    {
      "Target": "Parameter",
      "Id": "touch_drag9",
      "FadeInTime": -1.0,
      "FadeOutTime": -1.0,
      "Segments": [
        0,
        0,
        0,
        13.167,
        0
      ]
    },
    {
      "Target": "Parameter",
      "Id": "XXXXXXX2",
      "FadeInTime": -1.0,
      "FadeOutTime": -1.0,
      "Segments": [
        0,
        0,
        0,
        13.167,
        0
      ]
    },
    {
      "Target": "Parameter",
      "Id": "xxzzx",
      "FadeInTime": -1.0,
      "FadeOutTime": -1.0,
      "Segments": [
        0,
        0,
        0,
        13.167,
        0
      ]
    },
    {
      "Target": "Parameter",
      "Id": "qianshuiqie",
      "FadeInTime": -1.0,
      "FadeOutTime": -1.0,
      "Segments": [
        0,
        0,
        0,
        13.167,
        0
      ]
    },
    {
      "Target": "Parameter",
      "Id": "dldh",
      "FadeInTime": -1.0,
      "FadeOutTime": -1.0,
      "Segments": [
        0,
        0,
        0,
        13.167,
        0
      ]
    },
    {
      "Target": "Parameter",
      "Id": "heikuang",
      "FadeInTime": -1.0,
      "FadeOutTime": -1.0,
      "Segments": [
        0,
        0,
        0,
        13.167,
        0
      ]
    },
    {
      "Target": "Parameter",
      "Id": "heiping",
      "FadeInTime": -1.0,
      "FadeOutTime": -1.0,
      "Segments": [
        0,
        0,
        0,
        13.167,
        0
      ]
    },
    {
      "Target": "Parameter",
      "Id": "liuxing",
      "FadeInTime": -1.0,
      "FadeOutTime": -1.0,
      "Segments": [
        0,
        0,
        0,
        13.167,
        0
      ]
    },
    {
      "Target": "Parameter",
      "Id": "renxs",
      "FadeInTime": -1.0,
      "FadeOutTime": -1.0,
      "Segments": [
        0,
        1,
        0,
        13.167,
        1
      ]
    },
    {
      "Target": "Parameter",
      "Id": "houwxs",
      "FadeInTime": -1.0,
      "FadeOutTime": -1.0,
      "Segments": [
        0,
        1,
        0,
        13.167,
        1
      ]
    },
    {
      "Target": "Parameter",
      "Id": "XXXXXXX15",
      "FadeInTime": -1.0,
      "FadeOutTime": -1.0,
      "Segments": [
        0,
        0,
        0,
        13.167,
        0
      ]
    },
    {
      "Target": "Parameter",
      "Id": "texiaogb",
      "FadeInTime": -1.0,
      "FadeOutTime": -1.0,
      "Segments": [
        0,
        0,
        0,
        13.167,
        0
      ]
    },
    {
      "Target": "Parameter",
      "Id": "jingtgb",
      "FadeInTime": -1.0,
      "FadeOutTime": -1.0,
      "Segments": [
        0,
        0,
        0,
        13.167,
        0
      ]
    },
    {
      "Target": "Parameter",
      "Id": "jingtgb2",
      "FadeInTime": -1.0,
      "FadeOutTime": -1.0,
      "Segments": [
        0,
        0,
        0,
        13.167,
        0
      ]
    },
    {
      "Target": "Parameter",
      "Id": "jingtgb3",
      "FadeInTime": -1.0,
      "FadeOutTime": -1.0,
      "Segments": [
        0,
        0,
        0,
        13.167,
        0
      ]
    },
    {
      "Target": "Parameter",
      "Id": "lvjing",
      "FadeInTime": -1.0,
      "FadeOutTime": -1.0,
      "Segments": [
        0,
        0,
        0,
        13.167,
        0
      ]
    },
    {
      "Target": "Parameter",
      "Id": "baipingguang",
      "FadeInTime": -1.0,
      "FadeOutTime": -1.0,
      "Segments": [
        0,
        0,
        0,
        13.167,
        0
      ]
    },
    {
      "Target": "Parameter",
      "Id": "XXXXXXX16",
      "FadeInTime": -1.0,
      "FadeOutTime": -1.0,
      "Segments": [
        0,
        0,
        0,
        13.167,
        0
      ]
    },
    {
      "Target": "Parameter",
      "Id": "beijjuan",
      "FadeInTime": -1.0,
      "FadeOutTime": -1.0,
      "Segments": [
        0,
        0,
        0,
        13.167,
        0
      ]
    },
    {
      "Target": "Parameter",
      "Id": "Param2",
      "FadeInTime": -1.0,
      "FadeOutTime": -1.0,
      "Segments": [
        0,
        1,
        0,
        13.167,
        1
      ]
    },
    {
      "Target": "Parameter",
      "Id": "zuiyexs",
      "FadeInTime": -1.0,
      "FadeOutTime": -1.0,
      "Segments": [
        0,
        0,
        0,
        13.167,
        0
      ]
    },
    {
      "Target": "Parameter",
      "Id": "zuiytcj",
      "FadeInTime": -1.0,
      "FadeOutTime": -1.0,
      "Segments": [
        0,
        0,
        0,
        13.167,
        0
      ]
    },
    {
      "Target": "Parameter",
      "Id": "zytchi",
      "FadeInTime": -1.0,
      "FadeOutTime": -1.0,
      "Segments": [
        0,
        0,
        0,
        13.167,
        0
      ]
    },
    {
      "Target": "Parameter",
      "Id": "XXXXXXX14",
      "FadeInTime": -1.0,
      "FadeOutTime": -1.0,
      "Segments": [
        0,
        0,
        0,
        13.167,
        0
      ]
    },
    {
      "Target": "Parameter",
      "Id": "tushe",
      "FadeInTime": -1.0,
      "FadeOutTime": -1.0,
      "Segments": [
        0,
        0,
        0,
        13.167,
        0
      ]
    },
    {
      "Target": "Parameter",
      "Id": "ParamMouthOpenY2",
      "FadeInTime": -1.0,
      "FadeOutTime": -1.0,
      "Segments": [
        0,
        0,
        0,
        13.167,
        0
      ]
    },
    {
      "Target": "Parameter",
      "Id": "shoudzq",
      "FadeInTime": -1.0,
      "FadeOutTime": -1.0,
      "Segments": [
        0,
        0,
        0,
        13.167,
        0
      ]
    },
    {
      "Target": "Parameter",
      "Id": "XXXXXXX3",
      "FadeInTime": -1.0,
      "FadeOutTime": -1.0,
      "Segments": [
        0,
        0,
        0,
        13.167,
        0
      ]
    },
    {
      "Target": "Parameter",
      "Id": "ParamBodyAngleX",
      "FadeInTime": -1.0,
      "FadeOutTime": -1.0,
      "Segments": [
        0,
        0,
        0,
        13.167,
        0
      ]
    },
    {
      "Target": "Parameter",
      "Id": "ParamBodyAngleZ",
      "FadeInTime": -1.0,
      "FadeOutTime": -1.0,
      "Segments": [
        0,
        0,
        0,
        13.167,
        0
      ]
    },
    {
      "Target": "Parameter",
      "Id": "XXXXXXX8",
      "FadeInTime": -1.0,
      "FadeOutTime": -1.0,
      "Segments": [
        0,
        0,
        0,
        13.167,
        0
      ]
    },
    {
      "Target": "Parameter",
      "Id": "lmuzhi",
      "FadeInTime": -1.0,
      "FadeOutTime": -1.0,
      "Segments": [
        0,
        0,
        0,
        13.167,
        0
      ]
    },
    {
      "Target": "Parameter",
      "Id": "XXXXXXX10",
      "FadeInTime": -1.0,
      "FadeOutTime": -1.0,
      "Segments": [
        0,
        0,
        0,
        13.167,
        0
      ]
    },
    {
      "Target": "Parameter",
      "Id": "Ltaihou",
      "FadeInTime": -1.0,
      "FadeOutTime": -1.0,
      "Segments": [
        0,
        0,
        0,
        13.167,
        0
      ]
    },
    {
      "Target": "Parameter",
      "Id": "Ltoushou",
      "FadeInTime": -1.0,
      "FadeOutTime": -1.0,
      "Segments": [
        0,
        0,
        0,
        13.167,
        0
      ]
    },
    {
      "Target": "Parameter",
      "Id": "Lhezhang",
      "FadeInTime": -1.0,
      "FadeOutTime": -1.0,
      "Segments": [
        0,
        0,
        0,
        13.167,
        0
      ]
    },
    {
      "Target": "Parameter",
      "Id": "XXXXXXX12",
      "FadeInTime": -1.0,
      "FadeOutTime": -1.0,
      "Segments": [
        0,
        0,
        0,
        13.167,
        0
      ]
    },
    {
      "Target": "Parameter",
      "Id": "shoujbxs",
      "FadeInTime": -1.0,
      "FadeOutTime": -1.0,
      "Segments": [
        0,
        0,
        0,
        13.167,
        0
      ]
    },
    {
      "Target": "Parameter",
      "Id": "shoujbxz",
      "FadeInTime": -1.0,
      "FadeOutTime": -1.0,
      "Segments": [
        0,
        0,
        0,
        13.167,
        0
      ]
    },
    {
      "Target": "Parameter",
      "Id": "shoujbsx",
      "FadeInTime": -1.0,
      "FadeOutTime": -1.0,
      "Segments": [
        0,
        0,
        0,
        13.167,
        0
      ]
    },
    {
      "Target": "Parameter",
      "Id": "shoujbY",
      "FadeInTime": -1.0,
      "FadeOutTime": -1.0,
      "Segments": [
        0,
        0,
        0,
        13.167,
        0
      ]
    },
    {
      "Target": "Parameter",
      "Id": "jishouying1",
      "FadeInTime": -1.0,
      "FadeOutTime": -1.0,
      "Segments": [
        0,
        0,
        0,
        13.167,
        0
      ]
    },
    {
      "Target": "Parameter",
      "Id": "jishouying2",
      "FadeInTime": -1.0,
      "FadeOutTime": -1.0,
      "Segments": [
        0,
        0,
        0,
        13.167,
        0
      ]
    },
    {
      "Target": "Parameter",
      "Id": "XXXXXXX13",
      "FadeInTime": -1.0,
      "FadeOutTime": -1.0,
      "Segments": [
        0,
        0,
        0,
        13.167,
        0
      ]
    },
    {
      "Target": "Parameter",
      "Id": "shouxinxs",
      "FadeInTime": -1.0,
      "FadeOutTime": -1.0,
      "Segments": [
        0,
        0,
        0,
        13.167,
        0
      ]
    },
    {
      "Target": "Parameter",
      "Id": "shouxinxz",
      "FadeInTime": -1.0,
      "FadeOutTime": -1.0,
      "Segments": [
        0,
        0,
        0,
        13.167,
        0
      ]
    },
    {
      "Target": "Parameter",
      "Id": "shouxin1",
      "FadeInTime": -1.0,
      "FadeOutTime": -1.0,
      "Segments": [
        0,
        0,
        0,
        13.167,
        0
      ]
    },
    {
      "Target": "Parameter",
      "Id": "shouxin2",
      "FadeInTime": -1.0,
      "FadeOutTime": -1.0,
      "Segments": [
        0,
        0,
        0,
        13.167,
        0
      ]
    },
    {
      "Target": "Parameter",
      "Id": "XXXXXXX7",
      "FadeInTime": -1.0,
      "FadeOutTime": -1.0,
      "Segments": [
        0,
        0,
        0,
        13.167,
        0
      ]
    },
    {
      "Target": "Parameter",
      "Id": "Rmuzhi",
      "FadeInTime": -1.0,
      "FadeOutTime": -1.0,
      "Segments": [
        0,
        0,
        0,
        13.167,
        0
      ]
    },
    {
      "Target": "Parameter",
      "Id": "XXXXXXX6",
      "FadeInTime": -1.0,
      "FadeOutTime": -1.0,
      "Segments": [
        0,
        0,
        0,
        13.167,
        0
      ]
    },
    {
      "Target": "Parameter",
      "Id": "Rzhangshou",
      "FadeInTime": -1.0,
      "FadeOutTime": -1.0,
      "Segments": [
        0,
        0,
        0,
        13.167,
        0
      ]
    },
    {
      "Target": "Parameter",
      "Id": "Rtaoeshou",
      "FadeInTime": -1.0,
      "FadeOutTime": -1.0,
      "Segments": [
        0,
        0,
        0,
        13.167,
        0
      ]
    },
    {
      "Target": "Parameter",
      "Id": "chuotaoshou",
      "FadeInTime": -1.0,
      "FadeOutTime": -1.0,
      "Segments": [
        0,
        0,
        0,
        13.167,
        0
      ]
    },
    {
      "Target": "Parameter",
      "Id": "rhezhgn",
      "FadeInTime": -1.0,
      "FadeOutTime": -1.0,
      "Segments": [
        0,
        0,
        0,
        13.167,
        0
      ]
    },
    {
      "Target": "Parameter",
      "Id": "shouytxs",
      "FadeInTime": -1.0,
      "FadeOutTime": -1.0,
      "Segments": [
        0,
        0,
        0,
        13.167,
        0
      ]
    },
    {
      "Target": "Parameter",
      "Id": "shouytxz",
      "FadeInTime": -1.0,
      "FadeOutTime": -1.0,
      "Segments": [
        0,
        0,
        0,
        13.167,
        0
      ]
    },
    {
      "Target": "Parameter",
      "Id": "jijazhe",
      "FadeInTime": -1.0,
      "FadeOutTime": -1.0,
      "Segments": [
        0,
        0,
        0,
        13.167,
        0
      ]
    },
    {
      "Target": "Parameter",
      "Id": "Rxtxz",
      "FadeInTime": -1.0,
      "FadeOutTime": -1.0,
      "Segments": [
        0,
        0,
        0,
        13.167,
        0
      ]
    },
    {
      "Target": "Parameter",
      "Id": "Rjiaoxz",
      "FadeInTime": -1.0,
      "FadeOutTime": -1.0,
      "Segments": [
        0,
        0,
        0,
        13.167,
        0
      ]
    },
    {
      "Target": "Parameter",
      "Id": "jiupsz",
      "FadeInTime": -1.0,
      "FadeOutTime": -1.0,
      "Segments": [
        0,
        0,
        0,
        13.167,
        0
      ]
    },
    {
      "Target": "Parameter",
      "Id": "XXXXXXX5",
      "FadeInTime": -1.0,
      "FadeOutTime": -1.0,
      "Segments": [
        0,
        0,
        0,
        13.167,
        0
      ]
    },
    {
      "Target": "Parameter",
      "Id": "jiupf",
      "FadeInTime": -1.0,
      "FadeOutTime": -1.0,
      "Segments": [
        0,
        0,
        0,
        13.167,
        0
      ]
    },
    {
      "Target": "Parameter",
      "Id": "jiupsx",
      "FadeInTime": -1.0,
      "FadeOutTime": -1.0,
      "Segments": [
        0,
        0,
        0,
        13.167,
        0
      ]
    },
    {
      "Target": "Parameter",
      "Id": "jisjohu",
      "FadeInTime": -1.0,
      "FadeOutTime": -1.0,
      "Segments": [
        0,
        0,
        0,
        13.167,
        0
      ]
    },
    {
      "Target": "Parameter",
      "Id": "jihoushou",
      "FadeInTime": -1.0,
      "FadeOutTime": -1.0,
      "Segments": [
        0,
        0,
        0,
        13.167,
        0
      ]
    },
    {
      "Target": "Parameter",
      "Id": "jishouna",
      "FadeInTime": -1.0,
      "FadeOutTime": -1.0,
      "Segments": [
        0,
        0,
        0,
        13.167,
        0
      ]
    },
    {
      "Target": "Parameter",
      "Id": "jixinfengxs",
      "FadeInTime": -1.0,
      "FadeOutTime": -1.0,
      "Segments": [
        0,
        0,
        0,
        13.167,
        0
      ]
    },
    {
      "Target": "Parameter",
      "Id": "jixfy",
      "FadeInTime": -1.0,
      "FadeOutTime": -1.0,
      "Segments": [
        0,
        0,
        0,
        13.167,
        0
      ]
    },
    {
      "Target": "Parameter",
      "Id": "shoujbyz",
      "FadeInTime": -1.0,
      "FadeOutTime": -1.0,
      "Segments": [
        0,
        0,
        0,
        13.167,
        0
      ]
    },
    {
      "Target": "Parameter",
      "Id": "jiubgg",
      "FadeInTime": -1.0,
      "FadeOutTime": -1.0,
      "Segments": [
        0,
        1,
        0,
        13.167,
        1
      ]
    },
    {
      "Target": "Parameter",
      "Id": "XXXXXXX17",
      "FadeInTime": -1.0,
      "FadeOutTime": -1.0,
      "Segments": [
        0,
        0,
        0,
        13.167,
        0
      ]
    },
    {
      "Target": "Parameter",
      "Id": "MB_yanwubaozha",
      "FadeInTime": -1.0,
      "FadeOutTime": -1.0,
      "Segments": [
        0,
        0,
        0,
        13.167,
        0
      ]
    },
    {
      "Target": "Parameter",
      "Id": "tangjichu",
      "FadeInTime": -1.0,
      "FadeOutTime": -1.0,
      "Segments": [
        0,
        0,
        0,
        13.167,
        0
      ]
    },
    {
      "Target": "Parameter",
      "Id": "tangjibq",
      "FadeInTime": -1.0,
      "FadeOutTime": -1.0,
      "Segments": [
        0,
        0,
        0,
        13.167,
        0
      ]
    },
    {
      "Target": "Parameter",
      "Id": "tangjidm",
      "FadeInTime": -1.0,
      "FadeOutTime": -1.0,
      "Segments": [
        0,
        0,
        0,
        13.167,
        0
      ]
    },
    {
      "Target": "Parameter",
      "Id": "tangjidm2",
      "FadeInTime": -1.0,
      "FadeOutTime": -1.0,
      "Segments": [
        0,
        0,
        0,
        13.167,
        0
      ]
    },
    {
      "Target": "Parameter",
      "Id": "tangjiX",
      "FadeInTime": -1.0,
      "FadeOutTime": -1.0,
      "Segments": [
        0,
        0,
        0,
        13.167,
        0
      ]
    },
    {
      "Target": "Parameter",
      "Id": "tangjiY",
      "FadeInTime": -1.0,
      "FadeOutTime": -1.0,
      "Segments": [
        0,
        0,
        0,
        13.167,
        0
      ]
    },
    {
      "Target": "Parameter",
      "Id": "XXXXXXX18",
      "FadeInTime": -1.0,
      "FadeOutTime": -1.0,
      "Segments": [
        0,
        0,
        0,
        13.167,
        0
      ]
    }
  ],
  "UserData": [
    {
      "Time": 0.0,
      "Value": ""
    },
    {
      "Time": 0.333,
      "Value": ""
    },
    {
      "Time": 12.667,
      "Value": ""
    }
  ]
}