{
  "Version": 3,
  "Meta": {
    "Duration": 10.783,
    "Fps": 60.0,
    "Loop": true,
    "AreBeziersRestricted": true,
    "FadeInTime": 0.0,
    "FadeOutTime": 0.0,
    "CurveCount": 153,
    "TotalSegmentCount": 800,
    "TotalPointCount": 1042,
    "UserDataCount": 3,
    "TotalUserDataSize": 0
  },
  "Curves": [
    {
      "Target": "Parameter",
      "Id": "zhengtidx",
      "FadeInTime": -1.0,
      "FadeOutTime": -1.0,
      "Segments": [
        0,
        0,
        0,
        2,
        10.02,
        0,
        3.167,
        9.705,
        1,
        3.745,
        9.705,
        4.322,
        9.676,
        4.9,
        10.02,
        1,
        5.294,
        10.255,
        5.689,
        15.447,
        6.083,
        15.447,
        0,
        10.783,
        0
      ]
    },
    {
      "Target": "Parameter",
      "Id": "zhengtix",
      "FadeInTime": -1.0,
      "FadeOutTime": -1.0,
      "Segments": [
        0,
        0,
        0,
        1.833,
        4.74,
        0,
        3,
        4.473,
        0,
        4.733,
        6,
        1,
        5.5,
        6,
        6.266,
        1.613,
        7.033,
        1,
        1,
        8.283,
        0,
        9.533,
        0,
        10.783,
        0
      ]
    },
    {
      "Target": "Parameter",
      "Id": "zhengtiY",
      "FadeInTime": -1.0,
      "FadeOutTime": -1.0,
      "Segments": [
        0,
        0,
        1,
        0.711,
        0,
        1.422,
        -0.786,
        2.133,
        -2.3,
        1,
        2.522,
        -3.128,
        2.911,
        -3.514,
        3.3,
        -3.514,
        1,
        3.878,
        -3.514,
        4.455,
        -3.514,
        5.033,
        -3.293,
        1,
        5.472,
        -3.125,
        5.911,
        -2.218,
        6.35,
        -1.833,
        1,
        7.828,
        -0.535,
        9.305,
        0,
        10.783,
        0
      ]
    },
    {
      "Target": "Parameter",
      "Id": "ParamEyeLOpen",
      "FadeInTime": -1.0,
      "FadeOutTime": -1.0,
      "Segments": [
        0,
        1,
        2,
        0.333,
        1,
        0,
        1.083,
        0.8,
        2,
        1.333,
        0.8,
        0,
        1.567,
        0,
        0,
        2.083,
        1,
        2,
        2.833,
        1,
        0,
        3.217,
        0.8,
        0,
        4.05,
        1,
        0,
        4.383,
        0,
        2,
        4.483,
        0,
        0,
        4.833,
        1,
        2,
        7.967,
        1,
        0,
        8.6,
        0,
        0,
        9.233,
        1,
        0,
        9.517,
        0.8,
        2,
        10.217,
        0.8,
        0,
        10.483,
        1,
        2,
        10.783,
        1
      ]
    },
    {
      "Target": "Parameter",
      "Id": "ParamEyeBallX",
      "FadeInTime": -1.0,
      "FadeOutTime": -1.0,
      "Segments": [
        0,
        0,
        2,
        0.333,
        0,
        0,
        1.083,
        -0.4,
        2,
        1.567,
        -0.4,
        0,
        1.767,
        0,
        0,
        3.283,
        -0.2,
        2,
        3.967,
        -0.2,
        2,
        9.233,
        -0.2,
        1,
        9.439,
        -0.2,
        9.644,
        -0.166,
        9.85,
        -0.1,
        1,
        10.061,
        -0.032,
        10.272,
        0,
        10.483,
        0,
        2,
        10.783,
        0
      ]
    },
    {
      "Target": "Parameter",
      "Id": "ParamEyeBallY",
      "FadeInTime": -1.0,
      "FadeOutTime": -1.0,
      "Segments": [
        0,
        0,
        2,
        0.333,
        0,
        0,
        1.083,
        -0.3,
        2,
        1.567,
        -0.3,
        0,
        1.767,
        0,
        1,
        2.161,
        0,
        2.556,
        -0.016,
        2.95,
        -0.093,
        1,
        3.061,
        -0.115,
        3.172,
        -0.3,
        3.283,
        -0.3,
        0,
        3.967,
        0.1,
        0,
        4.617,
        -0.625,
        1,
        4.689,
        -0.625,
        4.761,
        -0.1,
        4.833,
        -0.093,
        1,
        6.3,
        0.042,
        7.766,
        0.1,
        9.233,
        0.1,
        2,
        9.85,
        0.1,
        0,
        10.483,
        0,
        2,
        10.783,
        0
      ]
    },
    {
      "Target": "Parameter",
      "Id": "ParamBrowLForm",
      "FadeInTime": -1.0,
      "FadeOutTime": -1.0,
      "Segments": [
        0,
        0,
        2,
        0.333,
        0,
        2,
        0.75,
        0,
        0,
        1.183,
        -0.2,
        2,
        2.083,
        -0.2,
        0,
        3.3,
        -0.284,
        0,
        3.967,
        -0.2,
        2,
        5.5,
        -0.2,
        0,
        6,
        1,
        2,
        7.733,
        1,
        0,
        10.483,
        0,
        2,
        10.783,
        0
      ]
    },
    {
      "Target": "Parameter",
      "Id": "ParamBrowLAngle",
      "FadeInTime": -1.0,
      "FadeOutTime": -1.0,
      "Segments": [
        0,
        0,
        2,
        0.333,
        0,
        2,
        0.75,
        0,
        0,
        1.183,
        0.3,
        2,
        2.083,
        0.3,
        0,
        3.3,
        0.2,
        2,
        3.967,
        0.2,
        2,
        5.5,
        0.2,
        0,
        6,
        0.1,
        2,
        7.733,
        0.1,
        0,
        10.483,
        0,
        2,
        10.783,
        0
      ]
    },
    {
      "Target": "Parameter",
      "Id": "ParamMouthForm",
      "FadeInTime": -1.0,
      "FadeOutTime": -1.0,
      "Segments": [
        0,
        0,
        2,
        0.333,
        0,
        0,
        0.5,
        -1,
        1,
        0.561,
        -1,
        0.622,
        -0.753,
        0.683,
        0,
        1,
        0.728,
        0.548,
        0.772,
        1,
        0.817,
        1,
        0,
        1.017,
        -1,
        0,
        1.15,
        0,
        0,
        1.25,
        -0.1,
        0,
        1.35,
        0,
        0,
        1.517,
        -1,
        1,
        1.572,
        -1,
        1.628,
        -0.76,
        1.683,
        0,
        1,
        1.722,
        0.532,
        1.761,
        1,
        1.8,
        1,
        0,
        1.933,
        0,
        0,
        2.083,
        1,
        0,
        2.267,
        -1,
        1,
        2.317,
        -1,
        2.367,
        -0.738,
        2.417,
        0,
        1,
        2.456,
        0.574,
        2.494,
        1,
        2.533,
        1,
        0,
        2.65,
        -1,
        0,
        2.783,
        0,
        2,
        2.9,
        0,
        2,
        3.05,
        0,
        2,
        3.183,
        0,
        2,
        3.7,
        0,
        2,
        5.767,
        0,
        0,
        6,
        1,
        2,
        6.183,
        1,
        2,
        6.35,
        1,
        0,
        6.517,
        0.2,
        2,
        6.633,
        0.2,
        0,
        6.833,
        0,
        2,
        7.883,
        0,
        0,
        8.067,
        1,
        0,
        8.317,
        -1,
        1,
        8.395,
        -1,
        8.472,
        0.194,
        8.55,
        0.6,
        1,
        8.6,
        0.861,
        8.65,
        0.8,
        8.7,
        0.8,
        2,
        8.917,
        0.8,
        0,
        9.233,
        -1,
        1,
        9.283,
        -1,
        9.333,
        -0.142,
        9.383,
        -0.1,
        1,
        9.45,
        -0.043,
        9.516,
        -0.068,
        9.583,
        0,
        1,
        9.661,
        0.079,
        9.739,
        1,
        9.817,
        1,
        0,
        10.067,
        0,
        2,
        10.483,
        0,
        2,
        10.783,
        0
      ]
    },
    {
      "Target": "Parameter",
      "Id": "ParamMouthOpenY11",
      "FadeInTime": -1.0,
      "FadeOutTime": -1.0,
      "Segments": [
        0,
        0,
        2,
        0.333,
        0,
        0,
        0.5,
        0.4,
        0,
        0.683,
        0,
        0,
        0.817,
        0.4,
        2,
        1.017,
        0.4,
        0,
        1.15,
        0,
        0,
        1.25,
        0.7,
        0,
        1.35,
        0,
        0,
        1.517,
        0.7,
        0,
        1.683,
        0,
        0,
        1.8,
        0.4,
        0,
        1.933,
        0,
        0,
        2.083,
        0.4,
        2,
        2.267,
        0.4,
        0,
        2.417,
        0,
        0,
        2.533,
        0.4,
        2,
        2.65,
        0.4,
        0,
        2.783,
        0,
        0,
        2.9,
        0.4,
        0,
        3.05,
        0,
        0,
        3.183,
        0.4,
        0,
        3.7,
        0,
        2,
        5.767,
        0,
        0,
        6,
        0.4,
        2,
        6.183,
        0.4,
        2,
        6.35,
        0.4,
        0,
        6.4,
        0.2,
        0,
        6.517,
        0.4,
        2,
        6.633,
        0.4,
        0,
        6.833,
        0,
        2,
        7.883,
        0,
        0,
        8.067,
        0.4,
        2,
        8.317,
        0.4,
        0,
        8.55,
        0.3,
        2,
        8.7,
        0.3,
        2,
        8.917,
        0.3,
        0,
        9.083,
        0,
        1,
        9.133,
        0,
        9.183,
        0.293,
        9.233,
        0.4,
        1,
        9.283,
        0.507,
        9.333,
        0.5,
        9.383,
        0.5,
        0,
        9.583,
        0,
        0,
        9.817,
        0.4,
        0,
        10.067,
        0,
        2,
        10.483,
        0,
        2,
        10.783,
        0
      ]
    },
    {
      "Target": "Parameter",
      "Id": "ParamAngleX",
      "FadeInTime": -1.0,
      "FadeOutTime": -1.0,
      "Segments": [
        0,
        0,
        2,
        0.333,
        0,
        1,
        0.505,
        0,
        0.678,
        -2.191,
        0.85,
        -3,
        1,
        0.978,
        -3.6,
        1.105,
        -3.585,
        1.233,
        -4,
        1,
        1.4,
        -4.541,
        1.566,
        -5,
        1.733,
        -5,
        1,
        1.9,
        -5,
        2.066,
        -3.467,
        2.233,
        0,
        1,
        2.322,
        1.849,
        2.411,
        3.873,
        2.5,
        6,
        1,
        2.633,
        9.191,
        2.767,
        11,
        2.9,
        11,
        0,
        3.383,
        9,
        0,
        4.1,
        15,
        1,
        4.383,
        15,
        4.667,
        12.564,
        4.95,
        11,
        1,
        5.278,
        9.191,
        5.605,
        9,
        5.933,
        9,
        0,
        6.483,
        10,
        0,
        7.35,
        3.648,
        0,
        8.117,
        7,
        0,
        8.75,
        -2,
        0,
        9.383,
        6,
        0,
        10.017,
        0,
        2,
        10.483,
        0,
        2,
        10.783,
        0
      ]
    },
    {
      "Target": "Parameter",
      "Id": "ParamAngleY",
      "FadeInTime": -1.0,
      "FadeOutTime": -1.0,
      "Segments": [
        0,
        0,
        2,
        0.333,
        0,
        0,
        0.8,
        8,
        0,
        1.183,
        0,
        0,
        1.683,
        8,
        1,
        1.85,
        8,
        2.016,
        6.575,
        2.183,
        0,
        1,
        2.272,
        -3.507,
        2.361,
        -10,
        2.45,
        -10,
        0,
        2.85,
        15,
        1,
        3.011,
        15,
        3.172,
        5.986,
        3.333,
        -4,
        1,
        3.505,
        -14.675,
        3.678,
        -17.489,
        3.85,
        -17.489,
        1,
        4.2,
        -17.489,
        4.55,
        -17.61,
        4.9,
        -17,
        1,
        5.228,
        -16.429,
        5.555,
        -4,
        5.883,
        -4,
        0,
        6.433,
        -11,
        1,
        6.689,
        -11,
        6.944,
        -10.704,
        7.2,
        -3.791,
        1,
        7.489,
        4.024,
        7.778,
        16,
        8.067,
        16,
        0,
        8.7,
        -17,
        0,
        9.333,
        6,
        0,
        9.967,
        -10,
        0,
        10.483,
        0,
        2,
        10.783,
        0
      ]
    },
    {
      "Target": "Parameter",
      "Id": "touZ",
      "FadeInTime": -1.0,
      "FadeOutTime": -1.0,
      "Segments": [
        0,
        0,
        2,
        0.333,
        0,
        1,
        0.522,
        0,
        0.711,
        -0.23,
        0.9,
        -1.056,
        1,
        1.056,
        -1.737,
        1.211,
        -2.759,
        1.367,
        -3.644,
        1,
        1.639,
        -5.192,
        1.911,
        -6,
        2.183,
        -6,
        0,
        3.333,
        -5,
        1,
        3.572,
        -5,
        3.811,
        -5.065,
        4.05,
        -6.86,
        1,
        4.333,
        -8.988,
        4.617,
        -12,
        4.9,
        -12,
        1,
        5.228,
        -12,
        5.555,
        -6.9,
        5.883,
        -5,
        1,
        6.611,
        -0.781,
        7.339,
        0,
        8.067,
        0,
        0,
        8.7,
        -14,
        2,
        9.333,
        -14,
        0,
        10.483,
        0,
        2,
        10.783,
        0
      ]
    },
    {
      "Target": "Parameter",
      "Id": "ParamAngleZ",
      "FadeInTime": -1.0,
      "FadeOutTime": -1.0,
      "Segments": [
        0,
        0,
        1,
        0.111,
        0,
        0.222,
        -1,
        0.333,
        -2,
        1,
        0.583,
        -4.251,
        0.833,
        -5.04,
        1.083,
        -5.04,
        0,
        2.083,
        0,
        2,
        3.233,
        0,
        2,
        3.95,
        0,
        2,
        5.783,
        0,
        0,
        6.333,
        -4,
        0,
        7.967,
        0,
        0,
        8.6,
        -4,
        2,
        9.233,
        -4,
        0,
        10.483,
        0,
        2,
        10.783,
        0
      ]
    },
    {
      "Target": "Parameter",
      "Id": "toufz",
      "FadeInTime": -1.0,
      "FadeOutTime": -1.0,
      "Segments": [
        0,
        0,
        1,
        0.111,
        0,
        0.222,
        -1.775,
        0.333,
        -4,
        1,
        0.583,
        -9.007,
        0.833,
        -11,
        1.083,
        -11,
        2,
        2.083,
        -11,
        0,
        3.233,
        -8,
        1,
        3.472,
        -8,
        3.711,
        -8.136,
        3.95,
        -10,
        1,
        4.233,
        -12.21,
        4.517,
        -15,
        4.8,
        -15,
        0,
        5.783,
        -6,
        0,
        6.333,
        -11,
        0,
        7.967,
        -2,
        0,
        8.6,
        -18,
        2,
        9.233,
        -18,
        0,
        10.483,
        0,
        2,
        10.783,
        0
      ]
    },
    {
      "Target": "Parameter",
      "Id": "ParamBodyAngleX",
      "FadeInTime": -1.0,
      "FadeOutTime": -1.0,
      "Segments": [
        0,
        0,
        2,
        0.333,
        0,
        0,
        1.183,
        -2.36,
        1,
        1.516,
        -2.36,
        1.85,
        -1.021,
        2.183,
        0,
        1,
        2.566,
        1.174,
        2.95,
        2.168,
        3.333,
        2.7,
        1,
        3.572,
        3.031,
        3.811,
        3,
        4.05,
        3,
        1,
        4.661,
        3,
        5.272,
        2.952,
        5.883,
        2.7,
        1,
        6.066,
        2.624,
        6.25,
        1.86,
        6.433,
        1.86,
        2,
        9.333,
        1.86,
        0,
        10.483,
        0,
        2,
        10.783,
        0
      ]
    },
    {
      "Target": "Parameter",
      "Id": "ParamBodyAngleY",
      "FadeInTime": -1.0,
      "FadeOutTime": -1.0,
      "Segments": [
        0,
        0,
        0,
        0.333,
        1,
        0,
        1.083,
        -3,
        0,
        2.083,
        1,
        0,
        2.6,
        -2,
        0,
        3.233,
        0,
        0,
        3.95,
        -4,
        0,
        5.783,
        0,
        0,
        6.333,
        -4.4,
        1,
        6.555,
        -4.4,
        6.778,
        -4.154,
        7,
        -3,
        1,
        7.322,
        -1.327,
        7.645,
        0,
        7.967,
        0,
        0,
        8.6,
        -5,
        0,
        9.233,
        2,
        0,
        9.867,
        -2.58,
        0,
        10.483,
        0,
        2,
        10.783,
        0
      ]
    },
    {
      "Target": "Parameter",
      "Id": "stsxz",
      "FadeInTime": -1.0,
      "FadeOutTime": -1.0,
      "Segments": [
        0,
        0,
        2,
        0.333,
        0,
        2,
        2.083,
        0,
        2,
        3.233,
        0,
        2,
        3.95,
        0,
        2,
        5.783,
        0,
        0,
        6.333,
        -0.52,
        1,
        6.555,
        -0.52,
        6.778,
        0.075,
        7,
        0.34,
        1,
        7.322,
        0.724,
        7.645,
        0.76,
        7.967,
        0.76,
        2,
        8.6,
        0.76,
        2,
        9.233,
        0.76,
        0,
        10.483,
        0,
        2,
        10.783,
        0
      ]
    },
    {
      "Target": "Parameter",
      "Id": "shentixX",
      "FadeInTime": -1.0,
      "FadeOutTime": -1.0,
      "Segments": [
        0,
        0,
        2,
        0.333,
        0,
        0,
        1.183,
        -3,
        0,
        2.183,
        0,
        0,
        3.333,
        -2.46,
        0,
        4.05,
        0.454,
        0,
        4.9,
        -2.453,
        0,
        5.883,
        0,
        0,
        6.433,
        -10,
        1,
        6.655,
        -10,
        6.878,
        -9.167,
        7.1,
        -7,
        1,
        7.422,
        -3.858,
        7.745,
        -2,
        8.067,
        -2,
        0,
        8.7,
        -7,
        0,
        9.333,
        -2,
        0,
        9.967,
        -4,
        0,
        10.483,
        0,
        2,
        10.783,
        0
      ]
    },
    {
      "Target": "Parameter",
      "Id": "ParamBodyAngleZ",
      "FadeInTime": -1.0,
      "FadeOutTime": -1.0,
      "Segments": [
        0,
        0,
        2,
        0.333,
        0,
        0,
        1.083,
        -1,
        0,
        2.083,
        0,
        2,
        3.233,
        0,
        2,
        3.95,
        0,
        2,
        5.783,
        0,
        2,
        9.233,
        0,
        2,
        10.483,
        0,
        2,
        10.783,
        0
      ]
    },
    {
      "Target": "Parameter",
      "Id": "Lsbxz",
      "FadeInTime": -1.0,
      "FadeOutTime": -1.0,
      "Segments": [
        0,
        0,
        2,
        0.333,
        0,
        0,
        0.85,
        -1.02,
        1,
        1.061,
        -1.02,
        1.272,
        12.641,
        1.483,
        12.98,
        1,
        1.778,
        13.453,
        2.072,
        13.401,
        2.367,
        13.401,
        0,
        5.783,
        13,
        2,
        6.333,
        13,
        2,
        7.967,
        13,
        2,
        9.233,
        13,
        0,
        10.067,
        0,
        2,
        10.483,
        0,
        2,
        10.783,
        0
      ]
    },
    {
      "Target": "Parameter",
      "Id": "Lxbxz",
      "FadeInTime": -1.0,
      "FadeOutTime": -1.0,
      "Segments": [
        0,
        0,
        2,
        0.333,
        0,
        1,
        0.505,
        0,
        0.678,
        1.899,
        0.85,
        2.04,
        1,
        1.061,
        2.213,
        1.272,
        2.228,
        1.483,
        2.34,
        1,
        1.628,
        2.417,
        1.772,
        2.484,
        1.917,
        2.62,
        1,
        2.067,
        2.761,
        2.217,
        2.998,
        2.367,
        2.998,
        0,
        3.033,
        1.97,
        0,
        3.583,
        2.04,
        2,
        4.567,
        2.04,
        2,
        5.783,
        2.04,
        0,
        6.333,
        2.74,
        1,
        6.566,
        2.74,
        6.8,
        2.382,
        7.033,
        1.809,
        1,
        7.194,
        1.413,
        7.356,
        1.275,
        7.517,
        1.275,
        0,
        7.967,
        1.42,
        2,
        8.533,
        1.42,
        0,
        8.8,
        1.972,
        1,
        8.878,
        1.972,
        8.955,
        1.632,
        9.033,
        1.442,
        1,
        9.15,
        1.158,
        9.266,
        1.116,
        9.383,
        1.116,
        0,
        10.067,
        2.22,
        0,
        10.483,
        0,
        2,
        10.783,
        0
      ]
    },
    {
      "Target": "Parameter",
      "Id": "Lshouxz",
      "FadeInTime": -1.0,
      "FadeOutTime": -1.0,
      "Segments": [
        0,
        0,
        2,
        0.333,
        0,
        0,
        0.517,
        -1.091,
        1,
        0.628,
        -1.091,
        0.739,
        -0.751,
        0.85,
        4.08,
        1,
        0.967,
        9.153,
        1.083,
        17.168,
        1.2,
        17.168,
        0,
        1.483,
        11.96,
        1,
        1.666,
        11.96,
        1.85,
        12.074,
        2.033,
        13.497,
        1,
        2.239,
        15.092,
        2.444,
        17.168,
        2.65,
        17.168,
        1,
        2.85,
        17.168,
        3.05,
        13.983,
        3.25,
        13.497,
        1,
        3.506,
        12.876,
        3.761,
        12.924,
        4.017,
        12.924,
        0,
        4.767,
        14.504,
        0,
        5.783,
        13.44,
        0,
        6.333,
        14,
        0,
        8.583,
        13.44,
        0,
        8.867,
        15.12,
        1,
        9.128,
        15.12,
        9.389,
        11.502,
        9.65,
        9.141,
        1,
        9.789,
        7.885,
        9.928,
        8.229,
        10.067,
        7,
        1,
        10.206,
        5.771,
        10.344,
        0,
        10.483,
        0,
        2,
        10.783,
        0
      ]
    },
    {
      "Target": "Parameter",
      "Id": "Lshagbuiq",
      "FadeInTime": -1.0,
      "FadeOutTime": -1.0,
      "Segments": [
        0,
        0,
        2,
        0.333,
        0,
        2,
        1.133,
        0,
        0,
        1.333,
        1,
        2,
        9.433,
        1,
        0,
        9.683,
        0,
        2,
        10.483,
        0,
        2,
        10.783,
        0
      ]
    },
    {
      "Target": "Parameter",
      "Id": "Lxiaobibx",
      "FadeInTime": -1.0,
      "FadeOutTime": -1.0,
      "Segments": [
        0,
        0,
        2,
        0.333,
        0,
        1,
        0.505,
        0,
        0.678,
        -1.166,
        0.85,
        -4,
        1,
        0.939,
        -5.463,
        1.028,
        -8.31,
        1.117,
        -9,
        1,
        1.239,
        -9.948,
        1.361,
        -10,
        1.483,
        -10,
        2,
        1.917,
        -10,
        2,
        9.5,
        -10,
        2,
        9.967,
        -10,
        0,
        10.483,
        0,
        2,
        10.783,
        0
      ]
    },
    {
      "Target": "Parameter",
      "Id": "Lxbcd",
      "FadeInTime": -1.0,
      "FadeOutTime": -1.0,
      "Segments": [
        0,
        0,
        2,
        0.333,
        0,
        2,
        0.85,
        0,
        0,
        1.483,
        -2,
        2,
        1.917,
        -2,
        2,
        5.783,
        -2,
        2,
        6.333,
        -2,
        2,
        9.233,
        -2,
        0,
        10.067,
        0,
        2,
        10.483,
        0,
        2,
        10.783,
        0
      ]
    },
    {
      "Target": "Parameter",
      "Id": "Lshoudh",
      "FadeInTime": -1.0,
      "FadeOutTime": -1.0,
      "Segments": [
        0,
        0,
        2,
        0.333,
        0,
        0,
        0.85,
        2,
        1,
        1.061,
        2,
        1.272,
        0.827,
        1.483,
        0,
        1,
        1.694,
        -0.827,
        1.906,
        -0.9,
        2.117,
        -0.9,
        1,
        2.184,
        -0.9,
        2.25,
        -0.856,
        2.317,
        -0.11,
        1,
        2.4,
        0.823,
        2.484,
        2,
        2.567,
        2,
        1,
        2.722,
        2,
        2.878,
        0.039,
        3.033,
        0.015,
        1,
        3.172,
        -0.006,
        3.311,
        0,
        3.45,
        0,
        2,
        9.233,
        0,
        0,
        9.633,
        -8,
        0,
        10.067,
        2,
        0,
        10.483,
        0,
        2,
        10.783,
        0
      ]
    },
    {
      "Target": "Parameter",
      "Id": "Lshoudh2",
      "FadeInTime": -1.0,
      "FadeOutTime": -1.0,
      "Segments": [
        0,
        0,
        2,
        0.333,
        0,
        2,
        0.85,
        0,
        2,
        1.483,
        0,
        0,
        2.117,
        8,
        2,
        3.45,
        8,
        0,
        8.65,
        9,
        0,
        9.233,
        0,
        2,
        10.067,
        0,
        2,
        10.483,
        0,
        2,
        10.783,
        0
      ]
    },
    {
      "Target": "Parameter",
      "Id": "Rsbxz",
      "FadeInTime": -1.0,
      "FadeOutTime": -1.0,
      "Segments": [
        0,
        0,
        2,
        0.333,
        0,
        2,
        1.2,
        0,
        2,
        3.367,
        0,
        2,
        4.167,
        0,
        2,
        5.433,
        0,
        0,
        5.783,
        0.9,
        0,
        6.15,
        0,
        0,
        6.667,
        0.9,
        2,
        7.083,
        0.9,
        0,
        7.967,
        1.68,
        2,
        9.233,
        1.68,
        0,
        10.483,
        0,
        2,
        10.783,
        0
      ]
    },
    {
      "Target": "Parameter",
      "Id": "Rxbxz",
      "FadeInTime": -1.0,
      "FadeOutTime": -1.0,
      "Segments": [
        0,
        0,
        2,
        0.333,
        0,
        2,
        1.3,
        0,
        0,
        2.083,
        4.26,
        0,
        2.967,
        2.576,
        0,
        3.467,
        5.276,
        0,
        4.267,
        -1.582,
        1,
        4.684,
        -1.582,
        5.1,
        -1.169,
        5.517,
        0.54,
        1,
        5.639,
        1.041,
        5.761,
        3.158,
        5.883,
        3.158,
        1,
        6.005,
        3.158,
        6.128,
        2.558,
        6.25,
        0.54,
        1,
        6.422,
        -2.303,
        6.595,
        -4.26,
        6.767,
        -4.26,
        1,
        6.906,
        -4.26,
        7.044,
        -3.7,
        7.183,
        -3.42,
        1,
        7.478,
        -2.827,
        7.772,
        -2.748,
        8.067,
        -1.98,
        1,
        8.278,
        -1.43,
        8.489,
        3.14,
        8.7,
        3.14,
        0,
        9.333,
        -6,
        0,
        10.483,
        0,
        2,
        10.783,
        0
      ]
    },
    {
      "Target": "Parameter",
      "Id": "Rshouxz",
      "FadeInTime": -1.0,
      "FadeOutTime": -1.0,
      "Segments": [
        0,
        0,
        2,
        0.333,
        0,
        2,
        1.4,
        0,
        0,
        1.783,
        -8,
        0,
        2.183,
        4.24,
        0,
        3.067,
        1.875,
        2,
        3.567,
        1.875,
        0,
        3.917,
        7,
        0,
        4.367,
        -8.16,
        0,
        5.633,
        -7.5,
        2,
        5.983,
        -7.5,
        0,
        6.35,
        3.78,
        0,
        6.867,
        -18.5,
        0,
        7.283,
        -17,
        2,
        8.167,
        -17,
        0,
        8.8,
        17,
        0,
        9.433,
        -15,
        0,
        10.483,
        0,
        2,
        10.783,
        0
      ]
    },
    {
      "Target": "Parameter",
      "Id": "Rshangbicd",
      "FadeInTime": -1.0,
      "FadeOutTime": -1.0,
      "Segments": [
        0,
        0,
        2,
        0.333,
        0,
        0,
        1.2,
        0.48,
        2,
        5.633,
        0.48,
        2,
        5.983,
        0.48,
        2,
        6.35,
        0.48,
        0,
        6.867,
        0,
        2,
        7.283,
        0,
        2,
        8.167,
        0,
        2,
        9.433,
        0,
        2,
        10.483,
        0,
        2,
        10.783,
        0
      ]
    },
    {
      "Target": "Parameter",
      "Id": "Rxiaobcd",
      "FadeInTime": -1.0,
      "FadeOutTime": -1.0,
      "Segments": [
        0,
        0,
        2,
        0.333,
        0,
        0,
        1.2,
        3,
        2,
        5.633,
        3,
        2,
        5.983,
        3,
        2,
        6.35,
        3,
        0,
        6.867,
        7,
        2,
        7.283,
        7,
        2,
        8.167,
        7,
        2,
        9.433,
        7,
        0,
        10.483,
        0,
        2,
        10.783,
        0
      ]
    },
    {
      "Target": "Parameter",
      "Id": "Rshoudh1",
      "FadeInTime": -1.0,
      "FadeOutTime": -1.0,
      "Segments": [
        0,
        0,
        2,
        0.333,
        0,
        0,
        1.2,
        -3,
        0,
        3.033,
        1.83,
        0,
        3.5,
        -6,
        1,
        3.728,
        -6,
        3.955,
        -5.987,
        4.183,
        -2.127,
        1,
        4.389,
        1.357,
        4.594,
        10,
        4.8,
        10,
        2,
        5.633,
        10,
        1,
        5.75,
        10,
        5.866,
        7.187,
        5.983,
        3,
        1,
        6.105,
        -1.386,
        6.228,
        -3,
        6.35,
        -3,
        0,
        6.867,
        10,
        0,
        7.283,
        0,
        0,
        8.167,
        4,
        1,
        8.378,
        4,
        8.589,
        -0.208,
        8.8,
        -3,
        1,
        9.011,
        -5.792,
        9.222,
        -6,
        9.433,
        -6,
        0,
        10.483,
        0,
        2,
        10.783,
        0
      ]
    },
    {
      "Target": "Parameter",
      "Id": "Rshoudh2",
      "FadeInTime": -1.0,
      "FadeOutTime": -1.0,
      "Segments": [
        0,
        0,
        2,
        0.333,
        0,
        2,
        1.2,
        0,
        1,
        1.811,
        0,
        2.422,
        -0.98,
        3.033,
        -3.716,
        1,
        3.9,
        -7.596,
        4.766,
        -10,
        5.633,
        -10,
        2,
        5.983,
        -10,
        0,
        6.35,
        0,
        2,
        6.867,
        0,
        2,
        7.283,
        0,
        2,
        8.167,
        0,
        2,
        8.8,
        0,
        2,
        9.433,
        0,
        2,
        10.483,
        0,
        2,
        10.783,
        0
      ]
    },
    {
      "Target": "Parameter",
      "Id": "Rmuzhi",
      "FadeInTime": -1.0,
      "FadeOutTime": -1.0,
      "Segments": [
        0,
        0,
        2,
        0.333,
        0,
        2,
        1.2,
        0,
        2,
        3.033,
        0,
        2,
        5.633,
        0,
        2,
        5.983,
        0,
        2,
        6.35,
        0,
        0,
        6.867,
        -2,
        0,
        7.283,
        0,
        2,
        8.167,
        0,
        2,
        8.8,
        0,
        2,
        9.433,
        0,
        2,
        10.483,
        0,
        2,
        10.783,
        0
      ]
    },
    {
      "Target": "Parameter",
      "Id": "rmoshou",
      "FadeInTime": -1.0,
      "FadeOutTime": -1.0,
      "Segments": [
        0,
        1,
        2,
        0.333,
        1,
        2,
        1.2,
        1,
        2,
        3.033,
        1,
        2,
        5.633,
        1,
        2,
        5.983,
        1,
        2,
        6.567,
        1,
        0,
        6.6,
        0,
        2,
        7.283,
        0,
        2,
        8.467,
        0,
        0,
        8.483,
        1,
        2,
        9.433,
        1,
        2,
        10.483,
        1,
        2,
        10.783,
        1
      ]
    },
    {
      "Target": "Parameter",
      "Id": "Rzhangshou",
      "FadeInTime": -1.0,
      "FadeOutTime": -1.0,
      "Segments": [
        0,
        0,
        2,
        0.333,
        0,
        2,
        1.2,
        0,
        2,
        3.033,
        0,
        2,
        5.633,
        0,
        2,
        5.983,
        0,
        2,
        6.567,
        0,
        0,
        6.6,
        1,
        2,
        7.283,
        1,
        2,
        8.467,
        1,
        0,
        8.483,
        0,
        2,
        9.433,
        0,
        2,
        10.483,
        0,
        2,
        10.783,
        0
      ]
    },
    {
      "Target": "Parameter",
      "Id": "Ldatuixz",
      "FadeInTime": -1.0,
      "FadeOutTime": -1.0,
      "Segments": [
        0,
        0,
        2,
        0.333,
        0,
        0,
        1.217,
        -0.28,
        0,
        2.25,
        0.18,
        0,
        3.867,
        -0.3,
        0,
        4.983,
        0.62,
        0,
        6.283,
        0,
        0,
        7.417,
        0.9,
        0,
        8.583,
        -0.32,
        0,
        10.483,
        0,
        2,
        10.783,
        0
      ]
    },
    {
      "Target": "Parameter",
      "Id": "Lxuiaotuixz",
      "FadeInTime": -1.0,
      "FadeOutTime": -1.0,
      "Segments": [
        0,
        0,
        2,
        0.333,
        0,
        0,
        1.333,
        0.34,
        0,
        2.367,
        -0.16,
        1,
        2.906,
        -0.16,
        3.444,
        0.088,
        3.983,
        0.52,
        1,
        4.355,
        0.819,
        4.728,
        0.94,
        5.1,
        0.94,
        1,
        5.533,
        0.94,
        5.967,
        0.679,
        6.4,
        0.3,
        1,
        6.778,
        -0.031,
        7.155,
        -0.14,
        7.533,
        -0.14,
        0,
        8.7,
        0.76,
        0,
        10.483,
        0,
        2,
        10.783,
        0
      ]
    },
    {
      "Target": "Parameter",
      "Id": "Ljiaoxz",
      "FadeInTime": -1.0,
      "FadeOutTime": -1.0,
      "Segments": [
        0,
        0,
        2,
        0.333,
        0,
        0,
        1.45,
        0.72,
        0,
        2.483,
        0.42,
        1,
        3.022,
        0.42,
        3.561,
        0.418,
        4.1,
        0.74,
        1,
        4.472,
        0.962,
        4.845,
        2,
        5.217,
        2,
        1,
        5.65,
        2,
        6.084,
        2.009,
        6.517,
        1.7,
        1,
        6.895,
        1.431,
        7.272,
        0.62,
        7.65,
        0.62,
        0,
        8.817,
        0.74,
        0,
        10.483,
        0,
        2,
        10.783,
        0
      ]
    },
    {
      "Target": "Parameter",
      "Id": "Rdatuixz",
      "FadeInTime": -1.0,
      "FadeOutTime": -1.0,
      "Segments": [
        0,
        0,
        2,
        0.333,
        0,
        0,
        1.217,
        0.28,
        1,
        1.534,
        0.28,
        1.85,
        -0.05,
        2.167,
        -0.138,
        1,
        2.461,
        -0.22,
        2.756,
        -0.209,
        3.05,
        -0.209,
        0,
        5.867,
        -0.142,
        0,
        6.65,
        -0.481,
        0,
        7.85,
        -0.229,
        0,
        8.867,
        -0.371,
        0,
        9.5,
        -0.245,
        0,
        10.15,
        -0.251,
        0,
        10.783,
        0
      ]
    },
    {
      "Target": "Parameter",
      "Id": "xionglian8",
      "FadeInTime": -1.0,
      "FadeOutTime": -1.0,
      "Segments": [
        0,
        0,
        2,
        0.333,
        0,
        2,
        0.95,
        0,
        0,
        1.617,
        10,
        2,
        5.917,
        10,
        2,
        9.233,
        10,
        0,
        10.417,
        0,
        2,
        10.783,
        0
      ]
    },
    {
      "Target": "Parameter",
      "Id": "jiupings1",
      "FadeInTime": -1.0,
      "FadeOutTime": -1.0,
      "Segments": [
        0,
        -2.002,
        2,
        0.333,
        -2.002,
        0,
        0.967,
        2.002,
        0,
        1.6,
        -2.002,
        0,
        2.25,
        2.002,
        0,
        2.883,
        -2.002,
        0,
        3.533,
        2.002,
        0,
        4.183,
        -2.002,
        0,
        4.817,
        2.002,
        0,
        5.467,
        -2.002,
        0,
        6.1,
        2.002,
        0,
        6.733,
        -2.002,
        0,
        7.3,
        2.002,
        0,
        7.95,
        -2.002,
        0,
        8.6,
        2.002,
        0,
        9.233,
        -2.002,
        0,
        9.883,
        2.002,
        0,
        10.5,
        -2.002,
        2,
        10.783,
        -2.002
      ]
    },
    {
      "Target": "Parameter",
      "Id": "jiupings2",
      "FadeInTime": -1.0,
      "FadeOutTime": -1.0,
      "Segments": [
        0,
        -0.149,
        2,
        0.333,
        -0.149,
        0,
        0.65,
        2.002,
        0,
        1.283,
        -2.002,
        0,
        1.933,
        2.002,
        0,
        2.583,
        -2.002,
        0,
        3.217,
        2.002,
        0,
        3.867,
        -2.002,
        0,
        4.5,
        2.002,
        0,
        5.133,
        -2.002,
        0,
        5.783,
        2.002,
        0,
        6.433,
        -2.002,
        0,
        7,
        2.002,
        0,
        7.633,
        -2.002,
        0,
        8.283,
        2.002,
        0,
        8.917,
        -2.002,
        0,
        9.55,
        2.002,
        0,
        10.217,
        -2.002,
        0,
        10.5,
        -0.149,
        2,
        10.783,
        -0.149
      ]
    },
    {
      "Target": "Parameter",
      "Id": "jiupxz",
      "FadeInTime": -1.0,
      "FadeOutTime": -1.0,
      "Segments": [
        0,
        -0.024,
        2,
        0.333,
        -0.024,
        0,
        1.133,
        -0.501,
        0,
        2.733,
        0.501,
        0,
        4.333,
        -0.501,
        0,
        5.933,
        0.501,
        0,
        6.733,
        -0.024,
        0,
        8.117,
        -0.501,
        0,
        9.717,
        0.501,
        0,
        10.5,
        -0.024,
        2,
        10.783,
        -0.024
      ]
    },
    {
      "Target": "Parameter",
      "Id": "jiX",
      "FadeInTime": -1.0,
      "FadeOutTime": -1.0,
      "Segments": [
        0,
        -0.998,
        2,
        0.333,
        -0.998,
        0,
        1.917,
        0.998,
        0,
        3.533,
        -0.998,
        0,
        5.133,
        0.998,
        0,
        6.733,
        -0.998,
        2,
        7.3,
        -0.998,
        0,
        8.917,
        0.998,
        0,
        10.5,
        -0.998,
        2,
        10.783,
        -0.998
      ]
    },
    {
      "Target": "Parameter",
      "Id": "jiY",
      "FadeInTime": -1.0,
      "FadeOutTime": -1.0,
      "Segments": [
        0,
        -0.12,
        2,
        0.333,
        -0.12,
        0,
        1.133,
        2,
        0,
        2.733,
        -2,
        0,
        4.333,
        2,
        0,
        5.95,
        -2,
        0,
        6.733,
        -0.12,
        0,
        8.117,
        2,
        0,
        9.733,
        -2,
        0,
        10.5,
        -0.12,
        2,
        10.783,
        -0.12
      ]
    },
    {
      "Target": "Parameter",
      "Id": "jidaim1",
      "FadeInTime": -1.0,
      "FadeOutTime": -1.0,
      "Segments": [
        0,
        -5.009,
        2,
        0.333,
        -5.009,
        0,
        1.933,
        5.009,
        0,
        3.533,
        -5.009,
        0,
        5.133,
        5.009,
        0,
        6.733,
        -5.009,
        2,
        7.3,
        -5.009,
        0,
        8.9,
        5.009,
        0,
        10.5,
        -5.009,
        2,
        10.783,
        -5.009
      ]
    },
    {
      "Target": "Parameter",
      "Id": "jidaim2",
      "FadeInTime": -1.0,
      "FadeOutTime": -1.0,
      "Segments": [
        0,
        -0.15,
        2,
        0.333,
        -0.15,
        0,
        1.133,
        5.009,
        0,
        2.733,
        -5.009,
        0,
        4.333,
        5.009,
        0,
        5.933,
        -5.009,
        0,
        6.733,
        -0.15,
        0,
        8.117,
        5.009,
        0,
        9.717,
        -5.009,
        0,
        10.5,
        -0.15,
        2,
        10.783,
        -0.15
      ]
    },
    {
      "Target": "Parameter",
      "Id": "yet1",
      "FadeInTime": -1.0,
      "FadeOutTime": -1.0,
      "Segments": [
        0,
        0,
        2,
        0.333,
        0,
        0,
        0.817,
        -1.138,
        0,
        1.633,
        1.138,
        0,
        2.467,
        -1.138,
        0,
        3.283,
        1.138,
        0,
        4.117,
        -1.138,
        0,
        4.917,
        1.138,
        0,
        5.75,
        -1.138,
        0,
        6.583,
        1.138,
        0,
        7.45,
        -1.138,
        0,
        8.4,
        1.138,
        0,
        9.233,
        -1.138,
        0,
        10.067,
        1.138,
        0,
        10.483,
        0,
        2,
        10.783,
        0
      ]
    },
    {
      "Target": "Parameter",
      "Id": "yet2",
      "FadeInTime": -1.0,
      "FadeOutTime": -1.0,
      "Segments": [
        0,
        0,
        2,
        0.333,
        0,
        0,
        1.233,
        1.138,
        0,
        2.05,
        -1.138,
        0,
        2.9,
        1.138,
        0,
        3.733,
        -1.138,
        0,
        4.5,
        1.138,
        0,
        5.333,
        -1.138,
        0,
        6.167,
        1.138,
        0,
        7.067,
        -1.138,
        0,
        7.983,
        1.138,
        0,
        8.817,
        -1.138,
        0,
        9.65,
        1.138,
        0,
        10.483,
        0,
        2,
        10.783,
        0
      ]
    },
    {
      "Target": "Parameter",
      "Id": "Paramring",
      "FadeInTime": -1.0,
      "FadeOutTime": -1.0,
      "Segments": [
        0,
        0,
        0,
        10.783,
        0
      ]
    },
    {
      "Target": "Parameter",
      "Id": "touch_drag1",
      "FadeInTime": -1.0,
      "FadeOutTime": -1.0,
      "Segments": [
        0,
        0,
        0,
        10.783,
        0
      ]
    },
    {
      "Target": "Parameter",
      "Id": "touch_drag2",
      "FadeInTime": -1.0,
      "FadeOutTime": -1.0,
      "Segments": [
        0,
        0,
        0,
        10.783,
        0
      ]
    },
    {
      "Target": "Parameter",
      "Id": "touch_drag3",
      "FadeInTime": -1.0,
      "FadeOutTime": -1.0,
      "Segments": [
        0,
        0,
        0,
        10.783,
        0
      ]
    },
    {
      "Target": "Parameter",
      "Id": "touch_drag4",
      "FadeInTime": -1.0,
      "FadeOutTime": -1.0,
      "Segments": [
        0,
        0,
        0,
        10.783,
        0
      ]
    },
    {
      "Target": "Parameter",
      "Id": "touch_drag5",
      "FadeInTime": -1.0,
      "FadeOutTime": -1.0,
      "Segments": [
        0,
        0,
        0,
        10.783,
        0
      ]
    },
    {
      "Target": "Parameter",
      "Id": "touch_drag6",
      "FadeInTime": -1.0,
      "FadeOutTime": -1.0,
      "Segments": [
        0,
        0,
        0,
        10.783,
        0
      ]
    },
    {
      "Target": "Parameter",
      "Id": "touch_drag8",
      "FadeInTime": -1.0,
      "FadeOutTime": -1.0,
      "Segments": [
        0,
        0,
        0,
        10.783,
        0
      ]
    },
    {
      "Target": "Parameter",
      "Id": "touch_drag9",
      "FadeInTime": -1.0,
      "FadeOutTime": -1.0,
      "Segments": [
        0,
        0,
        0,
        10.783,
        0
      ]
    },
    {
      "Target": "Parameter",
      "Id": "sdwuli",
      "FadeInTime": -1.0,
      "FadeOutTime": -1.0,
      "Segments": [
        0,
        0,
        0,
        10.783,
        0
      ]
    },
    {
      "Target": "Parameter",
      "Id": "XXXXXXX2",
      "FadeInTime": -1.0,
      "FadeOutTime": -1.0,
      "Segments": [
        0,
        0,
        0,
        10.783,
        0
      ]
    },
    {
      "Target": "Parameter",
      "Id": "xxzzx",
      "FadeInTime": -1.0,
      "FadeOutTime": -1.0,
      "Segments": [
        0,
        0,
        0,
        10.783,
        0
      ]
    },
    {
      "Target": "Parameter",
      "Id": "qianshuiqie",
      "FadeInTime": -1.0,
      "FadeOutTime": -1.0,
      "Segments": [
        0,
        0,
        0,
        10.783,
        0
      ]
    },
    {
      "Target": "Parameter",
      "Id": "dldh",
      "FadeInTime": -1.0,
      "FadeOutTime": -1.0,
      "Segments": [
        0,
        0,
        0,
        10.783,
        0
      ]
    },
    {
      "Target": "Parameter",
      "Id": "heikuang",
      "FadeInTime": -1.0,
      "FadeOutTime": -1.0,
      "Segments": [
        0,
        0,
        0,
        10.783,
        0
      ]
    },
    {
      "Target": "Parameter",
      "Id": "heiping",
      "FadeInTime": -1.0,
      "FadeOutTime": -1.0,
      "Segments": [
        0,
        0,
        0,
        10.783,
        0
      ]
    },
    {
      "Target": "Parameter",
      "Id": "liuxing",
      "FadeInTime": -1.0,
      "FadeOutTime": -1.0,
      "Segments": [
        0,
        0,
        0,
        10.783,
        0
      ]
    },
    {
      "Target": "Parameter",
      "Id": "renxs",
      "FadeInTime": -1.0,
      "FadeOutTime": -1.0,
      "Segments": [
        0,
        1,
        0,
        10.783,
        1
      ]
    },
    {
      "Target": "Parameter",
      "Id": "houwxs",
      "FadeInTime": -1.0,
      "FadeOutTime": -1.0,
      "Segments": [
        0,
        1,
        0,
        10.783,
        1
      ]
    },
    {
      "Target": "Parameter",
      "Id": "XXXXXXX15",
      "FadeInTime": -1.0,
      "FadeOutTime": -1.0,
      "Segments": [
        0,
        0,
        0,
        10.783,
        0
      ]
    },
    {
      "Target": "Parameter",
      "Id": "texiaogb",
      "FadeInTime": -1.0,
      "FadeOutTime": -1.0,
      "Segments": [
        0,
        0,
        0,
        10.783,
        0
      ]
    },
    {
      "Target": "Parameter",
      "Id": "jingtgb",
      "FadeInTime": -1.0,
      "FadeOutTime": -1.0,
      "Segments": [
        0,
        0,
        0,
        10.783,
        0
      ]
    },
    {
      "Target": "Parameter",
      "Id": "jingtgb2",
      "FadeInTime": -1.0,
      "FadeOutTime": -1.0,
      "Segments": [
        0,
        0,
        0,
        10.783,
        0
      ]
    },
    {
      "Target": "Parameter",
      "Id": "jingtgb3",
      "FadeInTime": -1.0,
      "FadeOutTime": -1.0,
      "Segments": [
        0,
        0,
        0,
        10.783,
        0
      ]
    },
    {
      "Target": "Parameter",
      "Id": "lvjing",
      "FadeInTime": -1.0,
      "FadeOutTime": -1.0,
      "Segments": [
        0,
        0,
        0,
        10.783,
        0
      ]
    },
    {
      "Target": "Parameter",
      "Id": "baipingguang",
      "FadeInTime": -1.0,
      "FadeOutTime": -1.0,
      "Segments": [
        0,
        0,
        0,
        10.783,
        0
      ]
    },
    {
      "Target": "Parameter",
      "Id": "XXXXXXX16",
      "FadeInTime": -1.0,
      "FadeOutTime": -1.0,
      "Segments": [
        0,
        0,
        0,
        10.783,
        0
      ]
    },
    {
      "Target": "Parameter",
      "Id": "beijjuan",
      "FadeInTime": -1.0,
      "FadeOutTime": -1.0,
      "Segments": [
        0,
        0,
        0,
        10.783,
        0
      ]
    },
    {
      "Target": "Parameter",
      "Id": "Param2",
      "FadeInTime": -1.0,
      "FadeOutTime": -1.0,
      "Segments": [
        0,
        1,
        0,
        10.783,
        1
      ]
    },
    {
      "Target": "Parameter",
      "Id": "ParamEyeLSmile",
      "FadeInTime": -1.0,
      "FadeOutTime": -1.0,
      "Segments": [
        0,
        0,
        0,
        10.783,
        0
      ]
    },
    {
      "Target": "Parameter",
      "Id": "lianh",
      "FadeInTime": -1.0,
      "FadeOutTime": -1.0,
      "Segments": [
        0,
        0,
        0,
        10.783,
        0
      ]
    },
    {
      "Target": "Parameter",
      "Id": "zuiyexs",
      "FadeInTime": -1.0,
      "FadeOutTime": -1.0,
      "Segments": [
        0,
        0,
        0,
        10.783,
        0
      ]
    },
    {
      "Target": "Parameter",
      "Id": "zuiytcj",
      "FadeInTime": -1.0,
      "FadeOutTime": -1.0,
      "Segments": [
        0,
        0,
        0,
        10.783,
        0
      ]
    },
    {
      "Target": "Parameter",
      "Id": "zytchi",
      "FadeInTime": -1.0,
      "FadeOutTime": -1.0,
      "Segments": [
        0,
        0,
        0,
        10.783,
        0
      ]
    },
    {
      "Target": "Parameter",
      "Id": "XXXXXXX14",
      "FadeInTime": -1.0,
      "FadeOutTime": -1.0,
      "Segments": [
        0,
        0,
        0,
        10.783,
        0
      ]
    },
    {
      "Target": "Parameter",
      "Id": "yaguan",
      "FadeInTime": -1.0,
      "FadeOutTime": -1.0,
      "Segments": [
        0,
        0,
        0,
        10.783,
        0
      ]
    },
    {
      "Target": "Parameter",
      "Id": "zuijiay",
      "FadeInTime": -1.0,
      "FadeOutTime": -1.0,
      "Segments": [
        0,
        0,
        0,
        10.783,
        0
      ]
    },
    {
      "Target": "Parameter",
      "Id": "tushe",
      "FadeInTime": -1.0,
      "FadeOutTime": -1.0,
      "Segments": [
        0,
        0,
        0,
        10.783,
        0
      ]
    },
    {
      "Target": "Parameter",
      "Id": "ParamMouthOpenY2",
      "FadeInTime": -1.0,
      "FadeOutTime": -1.0,
      "Segments": [
        0,
        0,
        0,
        10.783,
        0
      ]
    },
    {
      "Target": "Parameter",
      "Id": "shoudzq",
      "FadeInTime": -1.0,
      "FadeOutTime": -1.0,
      "Segments": [
        0,
        0,
        0,
        10.783,
        0
      ]
    },
    {
      "Target": "Parameter",
      "Id": "bozss",
      "FadeInTime": -1.0,
      "FadeOutTime": -1.0,
      "Segments": [
        0,
        0,
        0,
        10.783,
        0
      ]
    },
    {
      "Target": "Parameter",
      "Id": "XXXXXXX3",
      "FadeInTime": -1.0,
      "FadeOutTime": -1.0,
      "Segments": [
        0,
        0,
        0,
        10.783,
        0
      ]
    },
    {
      "Target": "Parameter",
      "Id": "Ljiansx",
      "FadeInTime": -1.0,
      "FadeOutTime": -1.0,
      "Segments": [
        0,
        0,
        0,
        10.783,
        0
      ]
    },
    {
      "Target": "Parameter",
      "Id": "Rjiansx",
      "FadeInTime": -1.0,
      "FadeOutTime": -1.0,
      "Segments": [
        0,
        0,
        0,
        10.783,
        0
      ]
    },
    {
      "Target": "Parameter",
      "Id": "XXXXXXX8",
      "FadeInTime": -1.0,
      "FadeOutTime": -1.0,
      "Segments": [
        0,
        0,
        0,
        10.783,
        0
      ]
    },
    {
      "Target": "Parameter",
      "Id": "Lshangbcd",
      "FadeInTime": -1.0,
      "FadeOutTime": -1.0,
      "Segments": [
        0,
        0,
        0,
        10.783,
        0
      ]
    },
    {
      "Target": "Parameter",
      "Id": "Lxiutz",
      "FadeInTime": -1.0,
      "FadeOutTime": -1.0,
      "Segments": [
        0,
        0,
        0,
        10.783,
        0
      ]
    },
    {
      "Target": "Parameter",
      "Id": "Lxiaobicj",
      "FadeInTime": -1.0,
      "FadeOutTime": -1.0,
      "Segments": [
        0,
        0,
        0,
        10.783,
        0
      ]
    },
    {
      "Target": "Parameter",
      "Id": "lmuzhi",
      "FadeInTime": -1.0,
      "FadeOutTime": -1.0,
      "Segments": [
        0,
        0,
        0,
        10.783,
        0
      ]
    },
    {
      "Target": "Parameter",
      "Id": "XXXXXXX10",
      "FadeInTime": -1.0,
      "FadeOutTime": -1.0,
      "Segments": [
        0,
        0,
        0,
        10.783,
        0
      ]
    },
    {
      "Target": "Parameter",
      "Id": "lmoshou",
      "FadeInTime": -1.0,
      "FadeOutTime": -1.0,
      "Segments": [
        0,
        1,
        0,
        10.783,
        1
      ]
    },
    {
      "Target": "Parameter",
      "Id": "tuosais",
      "FadeInTime": -1.0,
      "FadeOutTime": -1.0,
      "Segments": [
        0,
        0,
        0,
        10.783,
        0
      ]
    },
    {
      "Target": "Parameter",
      "Id": "Ltaihou",
      "FadeInTime": -1.0,
      "FadeOutTime": -1.0,
      "Segments": [
        0,
        0,
        0,
        10.783,
        0
      ]
    },
    {
      "Target": "Parameter",
      "Id": "Ltoushou",
      "FadeInTime": -1.0,
      "FadeOutTime": -1.0,
      "Segments": [
        0,
        0,
        0,
        10.783,
        0
      ]
    },
    {
      "Target": "Parameter",
      "Id": "Lhezhang",
      "FadeInTime": -1.0,
      "FadeOutTime": -1.0,
      "Segments": [
        0,
        0,
        0,
        10.783,
        0
      ]
    },
    {
      "Target": "Parameter",
      "Id": "XXXXXXX12",
      "FadeInTime": -1.0,
      "FadeOutTime": -1.0,
      "Segments": [
        0,
        0,
        0,
        10.783,
        0
      ]
    },
    {
      "Target": "Parameter",
      "Id": "shoujbxs",
      "FadeInTime": -1.0,
      "FadeOutTime": -1.0,
      "Segments": [
        0,
        0,
        0,
        10.783,
        0
      ]
    },
    {
      "Target": "Parameter",
      "Id": "shoujbxz",
      "FadeInTime": -1.0,
      "FadeOutTime": -1.0,
      "Segments": [
        0,
        0,
        0,
        10.783,
        0
      ]
    },
    {
      "Target": "Parameter",
      "Id": "shoujbsx",
      "FadeInTime": -1.0,
      "FadeOutTime": -1.0,
      "Segments": [
        0,
        0,
        0,
        10.783,
        0
      ]
    },
    {
      "Target": "Parameter",
      "Id": "shoujbY",
      "FadeInTime": -1.0,
      "FadeOutTime": -1.0,
      "Segments": [
        0,
        0,
        0,
        10.783,
        0
      ]
    },
    {
      "Target": "Parameter",
      "Id": "jishouying1",
      "FadeInTime": -1.0,
      "FadeOutTime": -1.0,
      "Segments": [
        0,
        0,
        0,
        10.783,
        0
      ]
    },
    {
      "Target": "Parameter",
      "Id": "jishouying2",
      "FadeInTime": -1.0,
      "FadeOutTime": -1.0,
      "Segments": [
        0,
        0,
        0,
        10.783,
        0
      ]
    },
    {
      "Target": "Parameter",
      "Id": "XXXXXXX13",
      "FadeInTime": -1.0,
      "FadeOutTime": -1.0,
      "Segments": [
        0,
        0,
        0,
        10.783,
        0
      ]
    },
    {
      "Target": "Parameter",
      "Id": "shouxinxs",
      "FadeInTime": -1.0,
      "FadeOutTime": -1.0,
      "Segments": [
        0,
        0,
        0,
        10.783,
        0
      ]
    },
    {
      "Target": "Parameter",
      "Id": "shouxinxz",
      "FadeInTime": -1.0,
      "FadeOutTime": -1.0,
      "Segments": [
        0,
        0,
        0,
        10.783,
        0
      ]
    },
    {
      "Target": "Parameter",
      "Id": "shouxin1",
      "FadeInTime": -1.0,
      "FadeOutTime": -1.0,
      "Segments": [
        0,
        0,
        0,
        10.783,
        0
      ]
    },
    {
      "Target": "Parameter",
      "Id": "shouxin2",
      "FadeInTime": -1.0,
      "FadeOutTime": -1.0,
      "Segments": [
        0,
        0,
        0,
        10.783,
        0
      ]
    },
    {
      "Target": "Parameter",
      "Id": "XXXXXXX7",
      "FadeInTime": -1.0,
      "FadeOutTime": -1.0,
      "Segments": [
        0,
        0,
        0,
        10.783,
        0
      ]
    },
    {
      "Target": "Parameter",
      "Id": "rxbbx",
      "FadeInTime": -1.0,
      "FadeOutTime": -1.0,
      "Segments": [
        0,
        0,
        0,
        10.783,
        0
      ]
    },
    {
      "Target": "Parameter",
      "Id": "rxiaobiq",
      "FadeInTime": -1.0,
      "FadeOutTime": -1.0,
      "Segments": [
        0,
        0,
        0,
        10.783,
        0
      ]
    },
    {
      "Target": "Parameter",
      "Id": "Rxiaobicj",
      "FadeInTime": -1.0,
      "FadeOutTime": -1.0,
      "Segments": [
        0,
        0,
        0,
        10.783,
        0
      ]
    },
    {
      "Target": "Parameter",
      "Id": "XXXXXXX6",
      "FadeInTime": -1.0,
      "FadeOutTime": -1.0,
      "Segments": [
        0,
        0,
        0,
        10.783,
        0
      ]
    },
    {
      "Target": "Parameter",
      "Id": "liaofsou",
      "FadeInTime": -1.0,
      "FadeOutTime": -1.0,
      "Segments": [
        0,
        0,
        0,
        10.783,
        0
      ]
    },
    {
      "Target": "Parameter",
      "Id": "Rtaoeshou",
      "FadeInTime": -1.0,
      "FadeOutTime": -1.0,
      "Segments": [
        0,
        0,
        0,
        10.783,
        0
      ]
    },
    {
      "Target": "Parameter",
      "Id": "chuotaoshou",
      "FadeInTime": -1.0,
      "FadeOutTime": -1.0,
      "Segments": [
        0,
        0,
        0,
        10.783,
        0
      ]
    },
    {
      "Target": "Parameter",
      "Id": "rhezhgn",
      "FadeInTime": -1.0,
      "FadeOutTime": -1.0,
      "Segments": [
        0,
        0,
        0,
        10.783,
        0
      ]
    },
    {
      "Target": "Parameter",
      "Id": "shouytxs",
      "FadeInTime": -1.0,
      "FadeOutTime": -1.0,
      "Segments": [
        0,
        0,
        0,
        10.783,
        0
      ]
    },
    {
      "Target": "Parameter",
      "Id": "shouytxz",
      "FadeInTime": -1.0,
      "FadeOutTime": -1.0,
      "Segments": [
        0,
        0,
        0,
        10.783,
        0
      ]
    },
    {
      "Target": "Parameter",
      "Id": "jijazhe",
      "FadeInTime": -1.0,
      "FadeOutTime": -1.0,
      "Segments": [
        0,
        0,
        0,
        10.783,
        0
      ]
    },
    {
      "Target": "Parameter",
      "Id": "Rxtxz",
      "FadeInTime": -1.0,
      "FadeOutTime": -1.0,
      "Segments": [
        0,
        0,
        0,
        10.783,
        0
      ]
    },
    {
      "Target": "Parameter",
      "Id": "Rjiaoxz",
      "FadeInTime": -1.0,
      "FadeOutTime": -1.0,
      "Segments": [
        0,
        0,
        0,
        10.783,
        0
      ]
    },
    {
      "Target": "Parameter",
      "Id": "jiupsz",
      "FadeInTime": -1.0,
      "FadeOutTime": -1.0,
      "Segments": [
        0,
        0,
        0,
        10.783,
        0
      ]
    },
    {
      "Target": "Parameter",
      "Id": "XXXXXXX5",
      "FadeInTime": -1.0,
      "FadeOutTime": -1.0,
      "Segments": [
        0,
        0,
        0,
        10.783,
        0
      ]
    },
    {
      "Target": "Parameter",
      "Id": "jiupf",
      "FadeInTime": -1.0,
      "FadeOutTime": -1.0,
      "Segments": [
        0,
        0,
        0,
        10.783,
        0
      ]
    },
    {
      "Target": "Parameter",
      "Id": "jiupsx",
      "FadeInTime": -1.0,
      "FadeOutTime": -1.0,
      "Segments": [
        0,
        0,
        0,
        10.783,
        0
      ]
    },
    {
      "Target": "Parameter",
      "Id": "jisjohu",
      "FadeInTime": -1.0,
      "FadeOutTime": -1.0,
      "Segments": [
        0,
        0,
        0,
        10.783,
        0
      ]
    },
    {
      "Target": "Parameter",
      "Id": "jihoushou",
      "FadeInTime": -1.0,
      "FadeOutTime": -1.0,
      "Segments": [
        0,
        0,
        0,
        10.783,
        0
      ]
    },
    {
      "Target": "Parameter",
      "Id": "jishouna",
      "FadeInTime": -1.0,
      "FadeOutTime": -1.0,
      "Segments": [
        0,
        0,
        0,
        10.783,
        0
      ]
    },
    {
      "Target": "Parameter",
      "Id": "jixinfengxs",
      "FadeInTime": -1.0,
      "FadeOutTime": -1.0,
      "Segments": [
        0,
        0,
        0,
        10.783,
        0
      ]
    },
    {
      "Target": "Parameter",
      "Id": "jixfy",
      "FadeInTime": -1.0,
      "FadeOutTime": -1.0,
      "Segments": [
        0,
        0,
        0,
        10.783,
        0
      ]
    },
    {
      "Target": "Parameter",
      "Id": "shoujbyz",
      "FadeInTime": -1.0,
      "FadeOutTime": -1.0,
      "Segments": [
        0,
        0,
        0,
        10.783,
        0
      ]
    },
    {
      "Target": "Parameter",
      "Id": "jiubgg",
      "FadeInTime": -1.0,
      "FadeOutTime": -1.0,
      "Segments": [
        0,
        1,
        0,
        10.783,
        1
      ]
    },
    {
      "Target": "Parameter",
      "Id": "XXXXXXX17",
      "FadeInTime": -1.0,
      "FadeOutTime": -1.0,
      "Segments": [
        0,
        0,
        0,
        10.783,
        0
      ]
    },
    {
      "Target": "Parameter",
      "Id": "MB_yanwubaozha",
      "FadeInTime": -1.0,
      "FadeOutTime": -1.0,
      "Segments": [
        0,
        0,
        0,
        10.783,
        0
      ]
    },
    {
      "Target": "Parameter",
      "Id": "tangjichu",
      "FadeInTime": -1.0,
      "FadeOutTime": -1.0,
      "Segments": [
        0,
        0,
        0,
        10.783,
        0
      ]
    },
    {
      "Target": "Parameter",
      "Id": "tangjibq",
      "FadeInTime": -1.0,
      "FadeOutTime": -1.0,
      "Segments": [
        0,
        0,
        0,
        10.783,
        0
      ]
    },
    {
      "Target": "Parameter",
      "Id": "tangjidm",
      "FadeInTime": -1.0,
      "FadeOutTime": -1.0,
      "Segments": [
        0,
        0,
        0,
        10.783,
        0
      ]
    },
    {
      "Target": "Parameter",
      "Id": "tangjidm2",
      "FadeInTime": -1.0,
      "FadeOutTime": -1.0,
      "Segments": [
        0,
        0,
        0,
        10.783,
        0
      ]
    },
    {
      "Target": "Parameter",
      "Id": "tangjiX",
      "FadeInTime": -1.0,
      "FadeOutTime": -1.0,
      "Segments": [
        0,
        0,
        0,
        10.783,
        0
      ]
    },
    {
      "Target": "Parameter",
      "Id": "tangjiY",
      "FadeInTime": -1.0,
      "FadeOutTime": -1.0,
      "Segments": [
        0,
        0,
        0,
        10.783,
        0
      ]
    },
    {
      "Target": "Parameter",
      "Id": "XXXXXXX18",
      "FadeInTime": -1.0,
      "FadeOutTime": -1.0,
      "Segments": [
        0,
        0,
        0,
        10.783,
        0
      ]
    }
  ],
  "UserData": [
    {
      "Time": 0.0,
      "Value": ""
    },
    {
      "Time": 0.333,
      "Value": ""
    },
    {
      "Time": 10.283,
      "Value": ""
    }
  ]
}