{
  "Version": 3,
  "Meta": {
    "Duration": 7.133,
    "Fps": 60.0,
    "Loop": true,
    "AreBeziersRestricted": true,
    "FadeInTime": 0.0,
    "FadeOutTime": 0.0,
    "CurveCount": 153,
    "TotalSegmentCount": 667,
    "TotalPointCount": 845,
    "UserDataCount": 3,
    "TotalUserDataSize": 0
  },
  "Curves": [
    {
      "Target": "Parameter",
      "Id": "zhengtidx",
      "FadeInTime": -1.0,
      "FadeOutTime": -1.0,
      "Segments": [
        0,
        0,
        1,
        0.517,
        0,
        1.033,
        5.107,
        1.55,
        8.165,
        1,
        2.378,
        13.065,
        3.205,
        13.94,
        4.033,
        13.94,
        0,
        7.133,
        0
      ]
    },
    {
      "Target": "Parameter",
      "Id": "zhengtix",
      "FadeInTime": -1.0,
      "FadeOutTime": -1.0,
      "Segments": [
        0,
        0,
        0,
        1.55,
        -2.5,
        0,
        4.033,
        3.32,
        1,
        4.522,
        3.32,
        5.011,
        3.268,
        5.5,
        2.377,
        1,
        6.044,
        1.385,
        6.589,
        0,
        7.133,
        0
      ]
    },
    {
      "Target": "Parameter",
      "Id": "zhengtiY",
      "FadeInTime": -1.0,
      "FadeOutTime": -1.0,
      "Segments": [
        0,
        0,
        0,
        1.55,
        0.76,
        0,
        4.033,
        -2.686,
        0,
        5.117,
        -0.69,
        0,
        6.133,
        -2.303,
        0,
        7.133,
        0
      ]
    },
    {
      "Target": "Parameter",
      "Id": "ParamEyeLOpen",
      "FadeInTime": -1.0,
      "FadeOutTime": -1.0,
      "Segments": [
        0,
        1,
        2,
        0.333,
        1,
        2,
        1.633,
        1,
        0,
        2.117,
        0,
        2,
        2.817,
        0,
        0,
        3.367,
        1,
        1,
        3.478,
        1,
        3.589,
        0.853,
        3.7,
        0.8,
        1,
        3.889,
        0.71,
        4.078,
        0.7,
        4.267,
        0.7,
        1,
        4.439,
        0.7,
        4.611,
        0.721,
        4.783,
        0.8,
        1,
        5.039,
        0.917,
        5.294,
        1,
        5.55,
        1,
        2,
        6.333,
        1,
        2,
        6.817,
        1,
        2,
        7.133,
        1
      ]
    },
    {
      "Target": "Parameter",
      "Id": "ParamEyeLSmile",
      "FadeInTime": -1.0,
      "FadeOutTime": -1.0,
      "Segments": [
        0,
        0,
        2,
        0.333,
        0,
        2,
        1.333,
        0,
        2,
        3.367,
        0,
        1,
        3.478,
        0,
        3.589,
        0.269,
        3.7,
        0.5,
        1,
        3.889,
        0.893,
        4.078,
        1,
        4.267,
        1,
        2,
        4.783,
        1,
        2,
        5.55,
        1,
        0,
        6.333,
        0,
        2,
        6.817,
        0,
        2,
        7.133,
        0
      ]
    },
    {
      "Target": "Parameter",
      "Id": "ParamEyeBallX",
      "FadeInTime": -1.0,
      "FadeOutTime": -1.0,
      "Segments": [
        0,
        0,
        2,
        0.333,
        0,
        2,
        1.333,
        0,
        2,
        3.367,
        0,
        0,
        4.783,
        -0.2,
        2,
        5.55,
        -0.2,
        0,
        6.333,
        0,
        2,
        6.817,
        0,
        2,
        7.133,
        0
      ]
    },
    {
      "Target": "Parameter",
      "Id": "ParamEyeBallY",
      "FadeInTime": -1.0,
      "FadeOutTime": -1.0,
      "Segments": [
        0,
        0,
        2,
        0.333,
        0,
        2,
        1.333,
        0,
        2,
        3.367,
        0,
        2,
        4.783,
        0,
        0,
        5.55,
        -0.1,
        0,
        6.333,
        0,
        2,
        6.817,
        0,
        2,
        7.133,
        0
      ]
    },
    {
      "Target": "Parameter",
      "Id": "ParamBrowLForm",
      "FadeInTime": -1.0,
      "FadeOutTime": -1.0,
      "Segments": [
        0,
        0,
        2,
        0.333,
        0,
        2,
        1.333,
        0,
        2,
        3.367,
        0,
        2,
        3.7,
        0,
        0,
        4.267,
        0.6,
        2,
        5.55,
        0.6,
        0,
        6.333,
        0,
        2,
        6.817,
        0,
        2,
        7.133,
        0
      ]
    },
    {
      "Target": "Parameter",
      "Id": "ParamBrowLAngle",
      "FadeInTime": -1.0,
      "FadeOutTime": -1.0,
      "Segments": [
        0,
        0,
        2,
        0.333,
        0,
        2,
        1.333,
        0,
        2,
        3.367,
        0,
        2,
        3.7,
        0,
        0,
        4.267,
        0.3,
        2,
        5.55,
        0.3,
        0,
        6.333,
        0,
        2,
        6.817,
        0,
        2,
        7.133,
        0
      ]
    },
    {
      "Target": "Parameter",
      "Id": "yaguan",
      "FadeInTime": -1.0,
      "FadeOutTime": -1.0,
      "Segments": [
        0,
        0,
        2,
        0.333,
        0,
        2,
        4.417,
        0,
        0,
        4.467,
        1,
        1,
        4.5,
        1,
        4.534,
        0.504,
        4.567,
        0.4,
        1,
        4.672,
        0.071,
        4.778,
        0,
        4.883,
        0,
        2,
        6.817,
        0,
        2,
        7.133,
        0
      ]
    },
    {
      "Target": "Parameter",
      "Id": "ParamMouthForm",
      "FadeInTime": -1.0,
      "FadeOutTime": -1.0,
      "Segments": [
        0,
        0,
        2,
        0.333,
        0,
        0,
        0.517,
        -1,
        1,
        0.556,
        -1,
        0.594,
        -0.824,
        0.633,
        -0.6,
        1,
        0.655,
        -0.472,
        0.678,
        -0.504,
        0.7,
        -0.3,
        1,
        0.744,
        0.109,
        0.789,
        1,
        0.833,
        1,
        1,
        0.883,
        1,
        0.933,
        0.644,
        0.983,
        0.3,
        1,
        1.022,
        0.033,
        1.061,
        0,
        1.1,
        0,
        0,
        1.167,
        0.7,
        1,
        1.2,
        0.7,
        1.234,
        0.629,
        1.267,
        0.4,
        1,
        1.3,
        0.171,
        1.334,
        0,
        1.367,
        0,
        2,
        1.517,
        0,
        0,
        1.7,
        -1,
        1,
        1.739,
        -1,
        1.778,
        -0.494,
        1.817,
        0,
        1,
        1.878,
        0.776,
        1.939,
        1,
        2,
        1,
        1,
        2.056,
        1,
        2.111,
        0.7,
        2.167,
        0,
        1,
        2.217,
        -0.63,
        2.267,
        -1,
        2.317,
        -1,
        0,
        2.467,
        0,
        0,
        2.583,
        -1,
        0,
        2.7,
        0,
        1,
        2.761,
        0,
        2.822,
        -0.049,
        2.883,
        -0.2,
        1,
        2.928,
        -0.31,
        2.972,
        -0.4,
        3.017,
        -0.4,
        0,
        3.183,
        1,
        1,
        3.233,
        1,
        3.283,
        0.435,
        3.333,
        0.3,
        1,
        3.433,
        0.029,
        3.533,
        0,
        3.633,
        0,
        2,
        3.983,
        0,
        0,
        4.067,
        -0.9,
        2,
        4.233,
        -0.9,
        0,
        4.567,
        0.8,
        0,
        4.883,
        0,
        2,
        6.817,
        0,
        2,
        7.133,
        0
      ]
    },
    {
      "Target": "Parameter",
      "Id": "ParamMouthOpenY11",
      "FadeInTime": -1.0,
      "FadeOutTime": -1.0,
      "Segments": [
        0,
        0,
        2,
        0.333,
        0,
        0,
        0.517,
        0.6,
        0,
        0.633,
        0.2,
        0,
        0.7,
        0.7,
        0,
        0.767,
        0.1,
        0,
        0.833,
        0.4,
        0,
        0.9,
        0.1,
        0,
        0.983,
        0.4,
        0,
        1.1,
        0,
        0,
        1.167,
        0.5,
        1,
        1.2,
        0.5,
        1.234,
        0.36,
        1.267,
        0.2,
        1,
        1.3,
        0.04,
        1.334,
        0,
        1.367,
        0,
        0,
        1.517,
        0.7,
        1,
        1.578,
        0.7,
        1.639,
        0.651,
        1.7,
        0.4,
        1,
        1.739,
        0.24,
        1.778,
        0,
        1.817,
        0,
        0,
        2,
        0.4,
        0,
        2.167,
        0,
        0,
        2.317,
        0.4,
        0,
        2.467,
        0,
        0,
        2.583,
        0.4,
        0,
        2.7,
        0,
        0,
        2.883,
        0.5,
        0,
        3.017,
        0.1,
        0,
        3.183,
        0.4,
        1,
        3.233,
        0.4,
        3.283,
        0.386,
        3.333,
        0.3,
        1,
        3.433,
        0.129,
        3.533,
        0,
        3.633,
        0,
        2,
        3.983,
        0,
        0,
        4.067,
        0.8,
        2,
        4.233,
        0.8,
        1,
        4.278,
        0.8,
        4.322,
        0.752,
        4.367,
        0.5,
        1,
        4.389,
        0.374,
        4.411,
        0.1,
        4.433,
        0.1,
        0,
        4.567,
        0.7,
        0,
        4.883,
        0,
        2,
        6.817,
        0,
        2,
        7.133,
        0
      ]
    },
    {
      "Target": "Parameter",
      "Id": "ParamAngleX",
      "FadeInTime": -1.0,
      "FadeOutTime": -1.0,
      "Segments": [
        0,
        0,
        2,
        0.333,
        0,
        0,
        0.983,
        4,
        0,
        1.65,
        1,
        1,
        1.822,
        1,
        1.995,
        1.654,
        2.167,
        2,
        1,
        2.567,
        2.805,
        2.967,
        3.182,
        3.367,
        4,
        1,
        3.467,
        4.205,
        3.567,
        10.534,
        3.667,
        11,
        1,
        3.867,
        11.931,
        4.067,
        12.17,
        4.267,
        13,
        1,
        4.439,
        13.715,
        4.611,
        15.063,
        4.783,
        16,
        1,
        5.039,
        17.39,
        5.294,
        18,
        5.55,
        18,
        1,
        5.689,
        18,
        5.828,
        13.846,
        5.967,
        5,
        1,
        6.089,
        -2.785,
        6.211,
        -6.96,
        6.333,
        -6.96,
        0,
        6.817,
        0,
        2,
        7.133,
        0
      ]
    },
    {
      "Target": "Parameter",
      "Id": "ParamAngleY",
      "FadeInTime": -1.0,
      "FadeOutTime": -1.0,
      "Segments": [
        0,
        0,
        2,
        0.333,
        0,
        0,
        1.083,
        -8,
        0,
        1.75,
        -3,
        0,
        2.267,
        -15,
        1,
        2.667,
        -15,
        3.067,
        -13.561,
        3.467,
        -8,
        1,
        3.567,
        -6.61,
        3.667,
        3,
        3.767,
        3,
        0,
        4.367,
        -13,
        0,
        4.883,
        -2,
        1,
        5.139,
        -2,
        5.394,
        -3.471,
        5.65,
        -7,
        1,
        5.778,
        -8.764,
        5.905,
        -10,
        6.033,
        -10,
        0,
        6.433,
        6,
        0,
        6.817,
        0,
        2,
        7.133,
        0
      ]
    },
    {
      "Target": "Parameter",
      "Id": "touZ",
      "FadeInTime": -1.0,
      "FadeOutTime": -1.0,
      "Segments": [
        0,
        0,
        2,
        0.333,
        0,
        0,
        0.983,
        -8,
        2,
        2.167,
        -8,
        2,
        3.367,
        -8,
        0,
        4.267,
        -2,
        2,
        4.783,
        -2,
        2,
        5.55,
        -2,
        0,
        5.967,
        -8,
        1,
        6.089,
        -8,
        6.211,
        -7.95,
        6.333,
        -6,
        1,
        6.494,
        -3.43,
        6.656,
        0,
        6.817,
        0,
        2,
        7.133,
        0
      ]
    },
    {
      "Target": "Parameter",
      "Id": "ParamAngleZ",
      "FadeInTime": -1.0,
      "FadeOutTime": -1.0,
      "Segments": [
        0,
        0,
        2,
        0.333,
        0,
        0,
        0.983,
        -4,
        0,
        1.65,
        -2.86,
        0,
        2.167,
        -4,
        2,
        3.367,
        -4,
        0,
        4.267,
        -9,
        2,
        4.783,
        -9,
        2,
        5.55,
        -9,
        0,
        5.967,
        -11,
        1,
        6.089,
        -11,
        6.211,
        -9.156,
        6.333,
        -6,
        1,
        6.494,
        -1.84,
        6.656,
        0,
        6.817,
        0,
        2,
        7.133,
        0
      ]
    },
    {
      "Target": "Parameter",
      "Id": "toufz",
      "FadeInTime": -1.0,
      "FadeOutTime": -1.0,
      "Segments": [
        0,
        0,
        2,
        0.333,
        0,
        0,
        0.983,
        -18,
        0,
        1.65,
        -17.7,
        0,
        2.167,
        -18,
        2,
        3.367,
        -18,
        0,
        4.267,
        -19,
        2,
        4.783,
        -19,
        2,
        5.55,
        -19,
        0,
        5.967,
        -22,
        1,
        6.089,
        -22,
        6.211,
        -19.312,
        6.333,
        -13,
        1,
        6.494,
        -4.679,
        6.656,
        0,
        6.817,
        0,
        2,
        7.133,
        0
      ]
    },
    {
      "Target": "Parameter",
      "Id": "bozss",
      "FadeInTime": -1.0,
      "FadeOutTime": -1.0,
      "Segments": [
        0,
        0,
        2,
        0.333,
        0,
        2,
        2.167,
        0,
        2,
        3.667,
        0,
        0,
        4.267,
        -3,
        0,
        4.783,
        0,
        2,
        5.55,
        0,
        0,
        5.967,
        -3,
        0,
        6.333,
        0,
        2,
        6.817,
        0,
        2,
        7.133,
        0
      ]
    },
    {
      "Target": "Parameter",
      "Id": "ParamBodyAngleX",
      "FadeInTime": -1.0,
      "FadeOutTime": -1.0,
      "Segments": [
        0,
        0,
        2,
        0.333,
        0,
        0,
        1.083,
        -0.88,
        1,
        1.478,
        -0.88,
        1.872,
        -0.871,
        2.267,
        -0.728,
        1,
        2.667,
        -0.583,
        3.067,
        -0.385,
        3.467,
        0,
        1,
        3.767,
        0.289,
        4.067,
        2,
        4.367,
        2,
        2,
        4.883,
        2,
        2,
        5.65,
        2,
        0,
        6.45,
        0,
        2,
        6.817,
        0,
        2,
        7.133,
        0
      ]
    },
    {
      "Target": "Parameter",
      "Id": "ParamBodyAngleY",
      "FadeInTime": -1.0,
      "FadeOutTime": -1.0,
      "Segments": [
        0,
        0,
        2,
        0.333,
        0,
        0,
        0.65,
        1,
        0,
        1.083,
        -2,
        0,
        1.65,
        0,
        1,
        1.822,
        0,
        1.995,
        -1.15,
        2.167,
        -3.053,
        1,
        2.295,
        -4.465,
        2.422,
        -5,
        2.55,
        -5,
        1,
        2.822,
        -5,
        3.095,
        -4.696,
        3.367,
        -3,
        1,
        3.517,
        -2.065,
        3.667,
        -0.22,
        3.817,
        -0.22,
        0,
        4.267,
        -5.9,
        0,
        4.783,
        -3,
        0,
        5.55,
        -5,
        0,
        6.333,
        2,
        0,
        6.817,
        0,
        2,
        7.133,
        0
      ]
    },
    {
      "Target": "Parameter",
      "Id": "shentixX",
      "FadeInTime": -1.0,
      "FadeOutTime": -1.0,
      "Segments": [
        0,
        0,
        2,
        0.333,
        0,
        0,
        0.983,
        -5,
        2,
        2.167,
        -5,
        2,
        3.367,
        -5,
        0,
        4.267,
        7,
        0,
        4.783,
        4,
        2,
        5.55,
        4,
        0,
        6.333,
        0,
        2,
        6.817,
        0,
        2,
        7.133,
        0
      ]
    },
    {
      "Target": "Parameter",
      "Id": "ParamBodyAngleZ",
      "FadeInTime": -1.0,
      "FadeOutTime": -1.0,
      "Segments": [
        0,
        0,
        2,
        0.333,
        0,
        0,
        0.983,
        0.56,
        1,
        1.378,
        0.56,
        1.772,
        0.468,
        2.167,
        0.283,
        1,
        2.567,
        0.095,
        2.967,
        0,
        3.367,
        0,
        2,
        4.267,
        0,
        2,
        4.783,
        0,
        2,
        5.55,
        0,
        2,
        6.333,
        0,
        2,
        6.817,
        0,
        2,
        7.133,
        0
      ]
    },
    {
      "Target": "Parameter",
      "Id": "Ljiansx",
      "FadeInTime": -1.0,
      "FadeOutTime": -1.0,
      "Segments": [
        0,
        0,
        2,
        0.333,
        0,
        2,
        0.983,
        0,
        2,
        2.167,
        0,
        2,
        3.367,
        0,
        0,
        4.267,
        5,
        0,
        4.783,
        0,
        2,
        5.55,
        0,
        2,
        6.333,
        0,
        2,
        6.817,
        0,
        2,
        7.133,
        0
      ]
    },
    {
      "Target": "Parameter",
      "Id": "Rjiansx",
      "FadeInTime": -1.0,
      "FadeOutTime": -1.0,
      "Segments": [
        0,
        0,
        2,
        0.333,
        0,
        2,
        0.983,
        0,
        2,
        2.167,
        0,
        2,
        3.367,
        0,
        0,
        4.267,
        5,
        0,
        4.783,
        0,
        2,
        5.55,
        0,
        2,
        6.333,
        0,
        2,
        6.817,
        0,
        2,
        7.133,
        0
      ]
    },
    {
      "Target": "Parameter",
      "Id": "Lsbxz",
      "FadeInTime": -1.0,
      "FadeOutTime": -1.0,
      "Segments": [
        0,
        0,
        2,
        0.333,
        0,
        0,
        0.983,
        13.54,
        2,
        3.367,
        13.54,
        2,
        4.783,
        13.54,
        2,
        5.55,
        13.54,
        1,
        5.811,
        13.54,
        6.072,
        5.261,
        6.333,
        1.74,
        1,
        6.494,
        -0.432,
        6.656,
        0,
        6.817,
        0,
        2,
        7.133,
        0
      ]
    },
    {
      "Target": "Parameter",
      "Id": "Lxbxz",
      "FadeInTime": -1.0,
      "FadeOutTime": -1.0,
      "Segments": [
        0,
        0,
        2,
        0.333,
        0,
        0,
        0.983,
        2.58,
        2,
        3.367,
        2.58,
        2,
        4.783,
        2.58,
        2,
        5.55,
        2.58,
        1,
        5.811,
        2.58,
        6.072,
        2.569,
        6.333,
        2.04,
        1,
        6.494,
        1.714,
        6.656,
        0,
        6.817,
        0,
        2,
        7.133,
        0
      ]
    },
    {
      "Target": "Parameter",
      "Id": "Lshouxz",
      "FadeInTime": -1.0,
      "FadeOutTime": -1.0,
      "Segments": [
        0,
        0,
        2,
        0.333,
        0,
        0,
        0.65,
        19,
        0,
        0.983,
        15,
        2,
        3.367,
        15,
        2,
        4.783,
        15,
        2,
        5.55,
        15,
        0,
        6,
        4,
        0,
        6.433,
        10.8,
        0,
        6.817,
        0,
        2,
        7.133,
        0
      ]
    },
    {
      "Target": "Parameter",
      "Id": "Lshagbuiq",
      "FadeInTime": -1.0,
      "FadeOutTime": -1.0,
      "Segments": [
        0,
        0,
        2,
        0.333,
        0,
        2,
        0.683,
        0,
        0,
        0.983,
        1,
        2,
        5.55,
        1,
        0,
        5.817,
        0,
        2,
        6.817,
        0,
        2,
        7.133,
        0
      ]
    },
    {
      "Target": "Parameter",
      "Id": "Lxiaobibx",
      "FadeInTime": -1.0,
      "FadeOutTime": -1.0,
      "Segments": [
        0,
        0,
        2,
        0.333,
        0,
        0,
        0.983,
        -10,
        2,
        3.367,
        -10,
        2,
        4.783,
        -10,
        2,
        5.55,
        -10,
        0,
        6.333,
        0,
        2,
        6.817,
        0,
        2,
        7.133,
        0
      ]
    },
    {
      "Target": "Parameter",
      "Id": "Lxbcd",
      "FadeInTime": -1.0,
      "FadeOutTime": -1.0,
      "Segments": [
        0,
        0,
        2,
        0.333,
        0,
        0,
        0.983,
        -3,
        2,
        4.783,
        -3,
        2,
        5.55,
        -3,
        0,
        6.333,
        0,
        2,
        6.817,
        0,
        2,
        7.133,
        0
      ]
    },
    {
      "Target": "Parameter",
      "Id": "Lshoudh",
      "FadeInTime": -1.0,
      "FadeOutTime": -1.0,
      "Segments": [
        0,
        0,
        2,
        0.333,
        0,
        0,
        0.65,
        6,
        0,
        0.983,
        0,
        2,
        2.017,
        0,
        2,
        3.367,
        0,
        2,
        4.05,
        0,
        2,
        4.783,
        0,
        2,
        5.55,
        0,
        0,
        5.9,
        -3,
        0,
        6.333,
        4,
        0,
        6.817,
        0,
        2,
        7.133,
        0
      ]
    },
    {
      "Target": "Parameter",
      "Id": "Lshoudh2",
      "FadeInTime": -1.0,
      "FadeOutTime": -1.0,
      "Segments": [
        0,
        0,
        2,
        0.333,
        0,
        0,
        0.983,
        10,
        2,
        2.017,
        10,
        2,
        3.367,
        10,
        0,
        4.05,
        3,
        0,
        4.783,
        10,
        2,
        5.55,
        10,
        0,
        6.333,
        0,
        2,
        6.817,
        0,
        2,
        7.133,
        0
      ]
    },
    {
      "Target": "Parameter",
      "Id": "Rsbxz",
      "FadeInTime": -1.0,
      "FadeOutTime": -1.0,
      "Segments": [
        0,
        0,
        2,
        0.333,
        0,
        1,
        0.666,
        0,
        1,
        0.464,
        1.333,
        0.52,
        1,
        2.011,
        0.633,
        2.689,
        0.661,
        3.367,
        0.76,
        1,
        3.667,
        0.804,
        3.967,
        0.9,
        4.267,
        0.9,
        0,
        4.783,
        -1.4,
        2,
        5.55,
        -1.4,
        0,
        6.333,
        0,
        2,
        6.817,
        0,
        2,
        7.133,
        0
      ]
    },
    {
      "Target": "Parameter",
      "Id": "Rxbxz",
      "FadeInTime": -1.0,
      "FadeOutTime": -1.0,
      "Segments": [
        0,
        0,
        2,
        0.333,
        0,
        0,
        0.817,
        -6.998,
        0,
        1.333,
        -0.74,
        1,
        2.011,
        -0.74,
        2.689,
        -0.855,
        3.367,
        -1.22,
        1,
        3.467,
        -1.274,
        3.567,
        -2.977,
        3.667,
        -2.977,
        1,
        3.867,
        -2.977,
        4.067,
        13.165,
        4.267,
        13.84,
        1,
        4.439,
        14.421,
        4.611,
        14.26,
        4.783,
        14.26,
        2,
        5.55,
        14.26,
        0,
        6.333,
        0,
        2,
        6.817,
        0,
        2,
        7.133,
        0
      ]
    },
    {
      "Target": "Parameter",
      "Id": "Rshouxz",
      "FadeInTime": -1.0,
      "FadeOutTime": -1.0,
      "Segments": [
        0,
        0,
        2,
        0.333,
        0,
        0,
        0.817,
        6.999,
        0,
        1.333,
        -8,
        0,
        1.883,
        -2.3,
        0,
        2.433,
        -10,
        0,
        2.95,
        -7,
        0,
        3.367,
        -8,
        0,
        3.667,
        -2.016,
        0,
        3.967,
        -8,
        0,
        4.267,
        -6.04,
        0,
        4.783,
        -6.7,
        2,
        5.55,
        -6.7,
        0,
        6.333,
        0,
        2,
        6.817,
        0,
        2,
        7.133,
        0
      ]
    },
    {
      "Target": "Parameter",
      "Id": "Rshangbicd",
      "FadeInTime": -1.0,
      "FadeOutTime": -1.0,
      "Segments": [
        0,
        0,
        2,
        0.333,
        0,
        0,
        1.333,
        -1.76,
        2,
        3.367,
        -1.76,
        0,
        4.267,
        1,
        2,
        4.783,
        1,
        2,
        5.55,
        1,
        0,
        6.333,
        0,
        2,
        6.817,
        0,
        2,
        7.133,
        0
      ]
    },
    {
      "Target": "Parameter",
      "Id": "Rxiaobcd",
      "FadeInTime": -1.0,
      "FadeOutTime": -1.0,
      "Segments": [
        0,
        0,
        2,
        0.333,
        0,
        1,
        0.494,
        0,
        0.656,
        2.067,
        0.817,
        3,
        1,
        0.989,
        3.998,
        1.161,
        4,
        1.333,
        4,
        2,
        3.367,
        4,
        0,
        4.267,
        0,
        2,
        4.783,
        0,
        2,
        5.55,
        0,
        2,
        6.333,
        0,
        2,
        6.817,
        0,
        2,
        7.133,
        0
      ]
    },
    {
      "Target": "Parameter",
      "Id": "Rxiaobicj",
      "FadeInTime": -1.0,
      "FadeOutTime": -1.0,
      "Segments": [
        0,
        0,
        2,
        0.333,
        0,
        2,
        0.683,
        0,
        0,
        0.7,
        -10,
        2,
        3.367,
        -10,
        2,
        3.667,
        -10,
        0,
        3.683,
        0,
        2,
        4.783,
        0,
        2,
        5.55,
        0,
        0,
        6.333,
        -10,
        0,
        6.817,
        0,
        2,
        7.133,
        0
      ]
    },
    {
      "Target": "Parameter",
      "Id": "Rshoudh1",
      "FadeInTime": -1.0,
      "FadeOutTime": -1.0,
      "Segments": [
        0,
        0,
        2,
        0.333,
        0,
        1,
        0.494,
        0,
        0.656,
        4.429,
        0.817,
        6,
        1,
        0.939,
        7.192,
        1.061,
        7,
        1.183,
        7,
        0,
        1.533,
        0,
        2,
        3.367,
        0,
        0,
        3.667,
        7,
        0,
        4.267,
        -10,
        2,
        4.783,
        -10,
        2,
        5.55,
        -10,
        0,
        6.333,
        0,
        2,
        6.817,
        0,
        2,
        7.133,
        0
      ]
    },
    {
      "Target": "Parameter",
      "Id": "rmoshou",
      "FadeInTime": -1.0,
      "FadeOutTime": -1.0,
      "Segments": [
        0,
        1,
        2,
        0.333,
        1,
        2,
        0.617,
        1,
        0,
        0.633,
        0,
        2,
        3.367,
        0,
        2,
        3.817,
        0,
        0,
        4.267,
        1,
        2,
        4.783,
        1,
        2,
        5.55,
        1,
        2,
        6.333,
        1,
        2,
        6.817,
        1,
        2,
        7.133,
        1
      ]
    },
    {
      "Target": "Parameter",
      "Id": "liaofsou",
      "FadeInTime": -1.0,
      "FadeOutTime": -1.0,
      "Segments": [
        0,
        0,
        2,
        0.333,
        0,
        2,
        0.617,
        0,
        0,
        0.633,
        1,
        2,
        3.367,
        1,
        2,
        3.817,
        1,
        0,
        4.267,
        0,
        2,
        4.783,
        0,
        2,
        5.55,
        0,
        2,
        6.333,
        0,
        2,
        6.817,
        0,
        2,
        7.133,
        0
      ]
    },
    {
      "Target": "Parameter",
      "Id": "Ldatuixz",
      "FadeInTime": -1.0,
      "FadeOutTime": -1.0,
      "Segments": [
        0,
        0,
        2,
        0.333,
        0,
        0,
        1.25,
        -2.16,
        0,
        2.283,
        -1.56,
        1,
        2.616,
        -1.56,
        2.95,
        -1.935,
        3.283,
        -2.16,
        1,
        3.533,
        -2.329,
        3.783,
        -2.32,
        4.033,
        -2.32,
        0,
        4.7,
        -1.7,
        2,
        5.467,
        -1.7,
        0,
        6.333,
        0,
        2,
        6.817,
        0,
        2,
        7.133,
        0
      ]
    },
    {
      "Target": "Parameter",
      "Id": "Lxuiaotuixz",
      "FadeInTime": -1.0,
      "FadeOutTime": -1.0,
      "Segments": [
        0,
        0,
        2,
        0.333,
        0,
        0,
        1.35,
        1.42,
        0,
        2.383,
        1.18,
        0,
        3.383,
        1.42,
        1,
        3.633,
        1.42,
        3.883,
        1.289,
        4.133,
        0.92,
        1,
        4.355,
        0.592,
        4.578,
        0.36,
        4.8,
        0.36,
        0,
        5.567,
        0.86,
        0,
        6.333,
        0,
        2,
        6.817,
        0,
        2,
        7.133,
        0
      ]
    },
    {
      "Target": "Parameter",
      "Id": "Ljiaoxz",
      "FadeInTime": -1.0,
      "FadeOutTime": -1.0,
      "Segments": [
        0,
        0,
        2,
        0.333,
        0,
        2,
        1.45,
        0,
        0,
        2.483,
        -0.84,
        1,
        2.816,
        -0.84,
        3.15,
        -0.233,
        3.483,
        0,
        1,
        3.955,
        0.33,
        4.428,
        0.37,
        4.9,
        0.7,
        1,
        5.156,
        0.879,
        5.411,
        1.86,
        5.667,
        1.86,
        0,
        6.333,
        0,
        2,
        6.817,
        0,
        2,
        7.133,
        0
      ]
    },
    {
      "Target": "Parameter",
      "Id": "Rdatuixz",
      "FadeInTime": -1.0,
      "FadeOutTime": -1.0,
      "Segments": [
        0,
        0,
        2,
        0.333,
        0,
        0,
        1.033,
        -0.48,
        2,
        2.217,
        -0.48,
        1,
        2.406,
        -0.48,
        2.594,
        -0.361,
        2.783,
        -0.318,
        1,
        3.05,
        -0.258,
        3.316,
        -0.243,
        3.583,
        -0.192,
        1,
        3.683,
        -0.173,
        3.783,
        -0.059,
        3.883,
        -0.055,
        1,
        4.861,
        -0.015,
        5.839,
        0,
        6.817,
        0,
        2,
        7.133,
        0
      ]
    },
    {
      "Target": "Parameter",
      "Id": "xionglian8",
      "FadeInTime": -1.0,
      "FadeOutTime": -1.0,
      "Segments": [
        0,
        0,
        2,
        0.333,
        0,
        0,
        0.8,
        10,
        2,
        5.85,
        10,
        0,
        6.433,
        0,
        2,
        7.133,
        0
      ]
    },
    {
      "Target": "Parameter",
      "Id": "jiupings1",
      "FadeInTime": -1.0,
      "FadeOutTime": -1.0,
      "Segments": [
        0,
        -2.002,
        2,
        0.317,
        -2.002,
        0,
        0.95,
        2.002,
        0,
        1.583,
        -2.002,
        0,
        2.217,
        2.002,
        0,
        2.85,
        -2.002,
        0,
        3.483,
        2.002,
        0,
        4.133,
        -2.002,
        0,
        4.767,
        2.002,
        0,
        5.4,
        -2.002,
        0,
        6.033,
        2.002,
        0,
        6.817,
        -2.002,
        2,
        7.133,
        -2.002
      ]
    },
    {
      "Target": "Parameter",
      "Id": "jiupings2",
      "FadeInTime": -1.0,
      "FadeOutTime": -1.0,
      "Segments": [
        0,
        -0.149,
        2,
        0.317,
        -0.149,
        0,
        0.633,
        2.002,
        0,
        1.267,
        -2.002,
        0,
        1.9,
        2.002,
        0,
        2.55,
        -2.002,
        0,
        3.183,
        2.002,
        0,
        3.817,
        -2.002,
        0,
        4.45,
        2.002,
        0,
        5.083,
        -2.002,
        0,
        5.717,
        2.002,
        0,
        6.45,
        -2.002,
        0,
        6.817,
        -0.149,
        2,
        7.133,
        -0.149
      ]
    },
    {
      "Target": "Parameter",
      "Id": "jiupxz",
      "FadeInTime": -1.0,
      "FadeOutTime": -1.0,
      "Segments": [
        0,
        -0.024,
        2,
        0.317,
        -0.024,
        0,
        1.117,
        -0.501,
        0,
        2.7,
        0.501,
        0,
        4.3,
        -0.501,
        0,
        5.883,
        0.501,
        0,
        6.817,
        -0.024,
        2,
        7.133,
        -0.024
      ]
    },
    {
      "Target": "Parameter",
      "Id": "jiX",
      "FadeInTime": -1.0,
      "FadeOutTime": -1.0,
      "Segments": [
        0,
        -0.998,
        2,
        0.317,
        -0.998,
        0,
        1.9,
        0.998,
        0,
        3.483,
        -0.998,
        0,
        5.083,
        0.998,
        0,
        6.817,
        -0.998,
        2,
        7.133,
        -0.998
      ]
    },
    {
      "Target": "Parameter",
      "Id": "jiY",
      "FadeInTime": -1.0,
      "FadeOutTime": -1.0,
      "Segments": [
        0,
        -0.12,
        2,
        0.317,
        -0.12,
        0,
        1.117,
        2,
        0,
        2.7,
        -2,
        0,
        4.3,
        2,
        0,
        5.9,
        -2,
        0,
        6.817,
        -0.12,
        2,
        7.133,
        -0.12
      ]
    },
    {
      "Target": "Parameter",
      "Id": "jidaim1",
      "FadeInTime": -1.0,
      "FadeOutTime": -1.0,
      "Segments": [
        0,
        -5.009,
        2,
        0.317,
        -5.009,
        0,
        1.9,
        5.009,
        0,
        3.483,
        -5.009,
        0,
        5.067,
        5.009,
        0,
        6.817,
        -5.009,
        2,
        7.133,
        -5.009
      ]
    },
    {
      "Target": "Parameter",
      "Id": "jidaim2",
      "FadeInTime": -1.0,
      "FadeOutTime": -1.0,
      "Segments": [
        0,
        -0.15,
        2,
        0.317,
        -0.15,
        0,
        1.133,
        5.009,
        0,
        2.717,
        -5.009,
        0,
        4.3,
        5.009,
        0,
        5.883,
        -5.009,
        0,
        6.817,
        -0.15,
        2,
        7.133,
        -0.15
      ]
    },
    {
      "Target": "Parameter",
      "Id": "yet1",
      "FadeInTime": -1.0,
      "FadeOutTime": -1.0,
      "Segments": [
        0,
        0,
        2,
        0.317,
        0,
        0,
        0.767,
        -1.138,
        0,
        1.517,
        1.138,
        0,
        2.283,
        -1.138,
        0,
        3.033,
        1.138,
        0,
        3.8,
        -1.138,
        0,
        4.55,
        1.138,
        0,
        5.317,
        -1.138,
        0,
        6.083,
        1.138,
        0,
        6.817,
        0,
        2,
        7.133,
        0
      ]
    },
    {
      "Target": "Parameter",
      "Id": "yet2",
      "FadeInTime": -1.0,
      "FadeOutTime": -1.0,
      "Segments": [
        0,
        0,
        0,
        0.383,
        -1.138,
        0,
        1.15,
        1.138,
        0,
        1.9,
        -1.138,
        0,
        2.683,
        1.138,
        0,
        3.45,
        -1.138,
        0,
        4.167,
        1.138,
        0,
        4.933,
        -1.138,
        0,
        5.7,
        1.138,
        1,
        5.828,
        1.138,
        5.955,
        0.769,
        6.083,
        0.085,
        0,
        6.55,
        -1.138,
        0,
        6.817,
        0,
        2,
        7.133,
        0
      ]
    },
    {
      "Target": "Parameter",
      "Id": "Paramring",
      "FadeInTime": -1.0,
      "FadeOutTime": -1.0,
      "Segments": [
        0,
        0,
        0,
        7.133,
        0
      ]
    },
    {
      "Target": "Parameter",
      "Id": "touch_drag1",
      "FadeInTime": -1.0,
      "FadeOutTime": -1.0,
      "Segments": [
        0,
        0,
        0,
        7.133,
        0
      ]
    },
    {
      "Target": "Parameter",
      "Id": "touch_drag2",
      "FadeInTime": -1.0,
      "FadeOutTime": -1.0,
      "Segments": [
        0,
        0,
        0,
        7.133,
        0
      ]
    },
    {
      "Target": "Parameter",
      "Id": "touch_drag3",
      "FadeInTime": -1.0,
      "FadeOutTime": -1.0,
      "Segments": [
        0,
        0,
        0,
        7.133,
        0
      ]
    },
    {
      "Target": "Parameter",
      "Id": "touch_drag4",
      "FadeInTime": -1.0,
      "FadeOutTime": -1.0,
      "Segments": [
        0,
        0,
        0,
        7.133,
        0
      ]
    },
    {
      "Target": "Parameter",
      "Id": "touch_drag5",
      "FadeInTime": -1.0,
      "FadeOutTime": -1.0,
      "Segments": [
        0,
        0,
        0,
        7.133,
        0
      ]
    },
    {
      "Target": "Parameter",
      "Id": "touch_drag6",
      "FadeInTime": -1.0,
      "FadeOutTime": -1.0,
      "Segments": [
        0,
        0,
        0,
        7.133,
        0
      ]
    },
    {
      "Target": "Parameter",
      "Id": "touch_drag8",
      "FadeInTime": -1.0,
      "FadeOutTime": -1.0,
      "Segments": [
        0,
        0,
        0,
        7.133,
        0
      ]
    },
    {
      "Target": "Parameter",
      "Id": "touch_drag9",
      "FadeInTime": -1.0,
      "FadeOutTime": -1.0,
      "Segments": [
        0,
        0,
        0,
        7.133,
        0
      ]
    },
    {
      "Target": "Parameter",
      "Id": "sdwuli",
      "FadeInTime": -1.0,
      "FadeOutTime": -1.0,
      "Segments": [
        0,
        0,
        0,
        7.133,
        0
      ]
    },
    {
      "Target": "Parameter",
      "Id": "XXXXXXX2",
      "FadeInTime": -1.0,
      "FadeOutTime": -1.0,
      "Segments": [
        0,
        0,
        0,
        7.133,
        0
      ]
    },
    {
      "Target": "Parameter",
      "Id": "xxzzx",
      "FadeInTime": -1.0,
      "FadeOutTime": -1.0,
      "Segments": [
        0,
        0,
        0,
        7.133,
        0
      ]
    },
    {
      "Target": "Parameter",
      "Id": "qianshuiqie",
      "FadeInTime": -1.0,
      "FadeOutTime": -1.0,
      "Segments": [
        0,
        0,
        0,
        7.133,
        0
      ]
    },
    {
      "Target": "Parameter",
      "Id": "dldh",
      "FadeInTime": -1.0,
      "FadeOutTime": -1.0,
      "Segments": [
        0,
        0,
        0,
        7.133,
        0
      ]
    },
    {
      "Target": "Parameter",
      "Id": "heikuang",
      "FadeInTime": -1.0,
      "FadeOutTime": -1.0,
      "Segments": [
        0,
        0,
        0,
        7.133,
        0
      ]
    },
    {
      "Target": "Parameter",
      "Id": "heiping",
      "FadeInTime": -1.0,
      "FadeOutTime": -1.0,
      "Segments": [
        0,
        0,
        0,
        7.133,
        0
      ]
    },
    {
      "Target": "Parameter",
      "Id": "liuxing",
      "FadeInTime": -1.0,
      "FadeOutTime": -1.0,
      "Segments": [
        0,
        0,
        0,
        7.133,
        0
      ]
    },
    {
      "Target": "Parameter",
      "Id": "renxs",
      "FadeInTime": -1.0,
      "FadeOutTime": -1.0,
      "Segments": [
        0,
        1,
        0,
        7.133,
        1
      ]
    },
    {
      "Target": "Parameter",
      "Id": "houwxs",
      "FadeInTime": -1.0,
      "FadeOutTime": -1.0,
      "Segments": [
        0,
        1,
        0,
        7.133,
        1
      ]
    },
    {
      "Target": "Parameter",
      "Id": "XXXXXXX15",
      "FadeInTime": -1.0,
      "FadeOutTime": -1.0,
      "Segments": [
        0,
        0,
        0,
        7.133,
        0
      ]
    },
    {
      "Target": "Parameter",
      "Id": "texiaogb",
      "FadeInTime": -1.0,
      "FadeOutTime": -1.0,
      "Segments": [
        0,
        0,
        0,
        7.133,
        0
      ]
    },
    {
      "Target": "Parameter",
      "Id": "jingtgb",
      "FadeInTime": -1.0,
      "FadeOutTime": -1.0,
      "Segments": [
        0,
        0,
        0,
        7.133,
        0
      ]
    },
    {
      "Target": "Parameter",
      "Id": "jingtgb2",
      "FadeInTime": -1.0,
      "FadeOutTime": -1.0,
      "Segments": [
        0,
        0,
        0,
        7.133,
        0
      ]
    },
    {
      "Target": "Parameter",
      "Id": "jingtgb3",
      "FadeInTime": -1.0,
      "FadeOutTime": -1.0,
      "Segments": [
        0,
        0,
        0,
        7.133,
        0
      ]
    },
    {
      "Target": "Parameter",
      "Id": "lvjing",
      "FadeInTime": -1.0,
      "FadeOutTime": -1.0,
      "Segments": [
        0,
        0,
        0,
        7.133,
        0
      ]
    },
    {
      "Target": "Parameter",
      "Id": "baipingguang",
      "FadeInTime": -1.0,
      "FadeOutTime": -1.0,
      "Segments": [
        0,
        0,
        0,
        7.133,
        0
      ]
    },
    {
      "Target": "Parameter",
      "Id": "XXXXXXX16",
      "FadeInTime": -1.0,
      "FadeOutTime": -1.0,
      "Segments": [
        0,
        0,
        0,
        7.133,
        0
      ]
    },
    {
      "Target": "Parameter",
      "Id": "beijjuan",
      "FadeInTime": -1.0,
      "FadeOutTime": -1.0,
      "Segments": [
        0,
        0,
        0,
        7.133,
        0
      ]
    },
    {
      "Target": "Parameter",
      "Id": "Param2",
      "FadeInTime": -1.0,
      "FadeOutTime": -1.0,
      "Segments": [
        0,
        1,
        0,
        7.133,
        1
      ]
    },
    {
      "Target": "Parameter",
      "Id": "lianh",
      "FadeInTime": -1.0,
      "FadeOutTime": -1.0,
      "Segments": [
        0,
        0,
        0,
        7.133,
        0
      ]
    },
    {
      "Target": "Parameter",
      "Id": "zuiyexs",
      "FadeInTime": -1.0,
      "FadeOutTime": -1.0,
      "Segments": [
        0,
        0,
        0,
        7.133,
        0
      ]
    },
    {
      "Target": "Parameter",
      "Id": "zuiytcj",
      "FadeInTime": -1.0,
      "FadeOutTime": -1.0,
      "Segments": [
        0,
        0,
        0,
        7.133,
        0
      ]
    },
    {
      "Target": "Parameter",
      "Id": "zytchi",
      "FadeInTime": -1.0,
      "FadeOutTime": -1.0,
      "Segments": [
        0,
        0,
        0,
        7.133,
        0
      ]
    },
    {
      "Target": "Parameter",
      "Id": "XXXXXXX14",
      "FadeInTime": -1.0,
      "FadeOutTime": -1.0,
      "Segments": [
        0,
        0,
        0,
        7.133,
        0
      ]
    },
    {
      "Target": "Parameter",
      "Id": "zuijiay",
      "FadeInTime": -1.0,
      "FadeOutTime": -1.0,
      "Segments": [
        0,
        0,
        0,
        7.133,
        0
      ]
    },
    {
      "Target": "Parameter",
      "Id": "tushe",
      "FadeInTime": -1.0,
      "FadeOutTime": -1.0,
      "Segments": [
        0,
        0,
        0,
        7.133,
        0
      ]
    },
    {
      "Target": "Parameter",
      "Id": "ParamMouthOpenY2",
      "FadeInTime": -1.0,
      "FadeOutTime": -1.0,
      "Segments": [
        0,
        0,
        0,
        7.133,
        0
      ]
    },
    {
      "Target": "Parameter",
      "Id": "shoudzq",
      "FadeInTime": -1.0,
      "FadeOutTime": -1.0,
      "Segments": [
        0,
        0,
        0,
        7.133,
        0
      ]
    },
    {
      "Target": "Parameter",
      "Id": "XXXXXXX3",
      "FadeInTime": -1.0,
      "FadeOutTime": -1.0,
      "Segments": [
        0,
        0,
        0,
        7.133,
        0
      ]
    },
    {
      "Target": "Parameter",
      "Id": "stsxz",
      "FadeInTime": -1.0,
      "FadeOutTime": -1.0,
      "Segments": [
        0,
        0,
        0,
        7.133,
        0
      ]
    },
    {
      "Target": "Parameter",
      "Id": "XXXXXXX8",
      "FadeInTime": -1.0,
      "FadeOutTime": -1.0,
      "Segments": [
        0,
        0,
        0,
        7.133,
        0
      ]
    },
    {
      "Target": "Parameter",
      "Id": "Lshangbcd",
      "FadeInTime": -1.0,
      "FadeOutTime": -1.0,
      "Segments": [
        0,
        0,
        0,
        7.133,
        0
      ]
    },
    {
      "Target": "Parameter",
      "Id": "Lxiutz",
      "FadeInTime": -1.0,
      "FadeOutTime": -1.0,
      "Segments": [
        0,
        0,
        0,
        7.133,
        0
      ]
    },
    {
      "Target": "Parameter",
      "Id": "Lxiaobicj",
      "FadeInTime": -1.0,
      "FadeOutTime": -1.0,
      "Segments": [
        0,
        0,
        0,
        7.133,
        0
      ]
    },
    {
      "Target": "Parameter",
      "Id": "lmuzhi",
      "FadeInTime": -1.0,
      "FadeOutTime": -1.0,
      "Segments": [
        0,
        0,
        0,
        7.133,
        0
      ]
    },
    {
      "Target": "Parameter",
      "Id": "XXXXXXX10",
      "FadeInTime": -1.0,
      "FadeOutTime": -1.0,
      "Segments": [
        0,
        0,
        0,
        7.133,
        0
      ]
    },
    {
      "Target": "Parameter",
      "Id": "lmoshou",
      "FadeInTime": -1.0,
      "FadeOutTime": -1.0,
      "Segments": [
        0,
        1,
        0,
        7.133,
        1
      ]
    },
    {
      "Target": "Parameter",
      "Id": "tuosais",
      "FadeInTime": -1.0,
      "FadeOutTime": -1.0,
      "Segments": [
        0,
        0,
        0,
        7.133,
        0
      ]
    },
    {
      "Target": "Parameter",
      "Id": "Ltaihou",
      "FadeInTime": -1.0,
      "FadeOutTime": -1.0,
      "Segments": [
        0,
        0,
        0,
        7.133,
        0
      ]
    },
    {
      "Target": "Parameter",
      "Id": "Ltoushou",
      "FadeInTime": -1.0,
      "FadeOutTime": -1.0,
      "Segments": [
        0,
        0,
        0,
        7.133,
        0
      ]
    },
    {
      "Target": "Parameter",
      "Id": "Lhezhang",
      "FadeInTime": -1.0,
      "FadeOutTime": -1.0,
      "Segments": [
        0,
        0,
        0,
        7.133,
        0
      ]
    },
    {
      "Target": "Parameter",
      "Id": "XXXXXXX12",
      "FadeInTime": -1.0,
      "FadeOutTime": -1.0,
      "Segments": [
        0,
        0,
        0,
        7.133,
        0
      ]
    },
    {
      "Target": "Parameter",
      "Id": "shoujbxs",
      "FadeInTime": -1.0,
      "FadeOutTime": -1.0,
      "Segments": [
        0,
        0,
        0,
        7.133,
        0
      ]
    },
    {
      "Target": "Parameter",
      "Id": "shoujbxz",
      "FadeInTime": -1.0,
      "FadeOutTime": -1.0,
      "Segments": [
        0,
        0,
        0,
        7.133,
        0
      ]
    },
    {
      "Target": "Parameter",
      "Id": "shoujbsx",
      "FadeInTime": -1.0,
      "FadeOutTime": -1.0,
      "Segments": [
        0,
        0,
        0,
        7.133,
        0
      ]
    },
    {
      "Target": "Parameter",
      "Id": "shoujbY",
      "FadeInTime": -1.0,
      "FadeOutTime": -1.0,
      "Segments": [
        0,
        0,
        0,
        7.133,
        0
      ]
    },
    {
      "Target": "Parameter",
      "Id": "jishouying1",
      "FadeInTime": -1.0,
      "FadeOutTime": -1.0,
      "Segments": [
        0,
        0,
        0,
        7.133,
        0
      ]
    },
    {
      "Target": "Parameter",
      "Id": "jishouying2",
      "FadeInTime": -1.0,
      "FadeOutTime": -1.0,
      "Segments": [
        0,
        0,
        0,
        7.133,
        0
      ]
    },
    {
      "Target": "Parameter",
      "Id": "XXXXXXX13",
      "FadeInTime": -1.0,
      "FadeOutTime": -1.0,
      "Segments": [
        0,
        0,
        0,
        7.133,
        0
      ]
    },
    {
      "Target": "Parameter",
      "Id": "shouxinxs",
      "FadeInTime": -1.0,
      "FadeOutTime": -1.0,
      "Segments": [
        0,
        0,
        0,
        7.133,
        0
      ]
    },
    {
      "Target": "Parameter",
      "Id": "shouxinxz",
      "FadeInTime": -1.0,
      "FadeOutTime": -1.0,
      "Segments": [
        0,
        0,
        0,
        7.133,
        0
      ]
    },
    {
      "Target": "Parameter",
      "Id": "shouxin1",
      "FadeInTime": -1.0,
      "FadeOutTime": -1.0,
      "Segments": [
        0,
        0,
        0,
        7.133,
        0
      ]
    },
    {
      "Target": "Parameter",
      "Id": "shouxin2",
      "FadeInTime": -1.0,
      "FadeOutTime": -1.0,
      "Segments": [
        0,
        0,
        0,
        7.133,
        0
      ]
    },
    {
      "Target": "Parameter",
      "Id": "XXXXXXX7",
      "FadeInTime": -1.0,
      "FadeOutTime": -1.0,
      "Segments": [
        0,
        0,
        0,
        7.133,
        0
      ]
    },
    {
      "Target": "Parameter",
      "Id": "rxbbx",
      "FadeInTime": -1.0,
      "FadeOutTime": -1.0,
      "Segments": [
        0,
        0,
        0,
        7.133,
        0
      ]
    },
    {
      "Target": "Parameter",
      "Id": "rxiaobiq",
      "FadeInTime": -1.0,
      "FadeOutTime": -1.0,
      "Segments": [
        0,
        0,
        0,
        7.133,
        0
      ]
    },
    {
      "Target": "Parameter",
      "Id": "Rshoudh2",
      "FadeInTime": -1.0,
      "FadeOutTime": -1.0,
      "Segments": [
        0,
        0,
        0,
        7.133,
        0
      ]
    },
    {
      "Target": "Parameter",
      "Id": "Rmuzhi",
      "FadeInTime": -1.0,
      "FadeOutTime": -1.0,
      "Segments": [
        0,
        0,
        0,
        7.133,
        0
      ]
    },
    {
      "Target": "Parameter",
      "Id": "XXXXXXX6",
      "FadeInTime": -1.0,
      "FadeOutTime": -1.0,
      "Segments": [
        0,
        0,
        0,
        7.133,
        0
      ]
    },
    {
      "Target": "Parameter",
      "Id": "Rzhangshou",
      "FadeInTime": -1.0,
      "FadeOutTime": -1.0,
      "Segments": [
        0,
        0,
        0,
        7.133,
        0
      ]
    },
    {
      "Target": "Parameter",
      "Id": "Rtaoeshou",
      "FadeInTime": -1.0,
      "FadeOutTime": -1.0,
      "Segments": [
        0,
        0,
        0,
        7.133,
        0
      ]
    },
    {
      "Target": "Parameter",
      "Id": "chuotaoshou",
      "FadeInTime": -1.0,
      "FadeOutTime": -1.0,
      "Segments": [
        0,
        0,
        0,
        7.133,
        0
      ]
    },
    {
      "Target": "Parameter",
      "Id": "rhezhgn",
      "FadeInTime": -1.0,
      "FadeOutTime": -1.0,
      "Segments": [
        0,
        0,
        0,
        7.133,
        0
      ]
    },
    {
      "Target": "Parameter",
      "Id": "shouytxs",
      "FadeInTime": -1.0,
      "FadeOutTime": -1.0,
      "Segments": [
        0,
        0,
        0,
        7.133,
        0
      ]
    },
    {
      "Target": "Parameter",
      "Id": "shouytxz",
      "FadeInTime": -1.0,
      "FadeOutTime": -1.0,
      "Segments": [
        0,
        0,
        0,
        7.133,
        0
      ]
    },
    {
      "Target": "Parameter",
      "Id": "jijazhe",
      "FadeInTime": -1.0,
      "FadeOutTime": -1.0,
      "Segments": [
        0,
        0,
        0,
        7.133,
        0
      ]
    },
    {
      "Target": "Parameter",
      "Id": "Rxtxz",
      "FadeInTime": -1.0,
      "FadeOutTime": -1.0,
      "Segments": [
        0,
        0,
        0,
        7.133,
        0
      ]
    },
    {
      "Target": "Parameter",
      "Id": "Rjiaoxz",
      "FadeInTime": -1.0,
      "FadeOutTime": -1.0,
      "Segments": [
        0,
        0,
        0,
        7.133,
        0
      ]
    },
    {
      "Target": "Parameter",
      "Id": "jiupsz",
      "FadeInTime": -1.0,
      "FadeOutTime": -1.0,
      "Segments": [
        0,
        0,
        0,
        7.133,
        0
      ]
    },
    {
      "Target": "Parameter",
      "Id": "XXXXXXX5",
      "FadeInTime": -1.0,
      "FadeOutTime": -1.0,
      "Segments": [
        0,
        0,
        0,
        7.133,
        0
      ]
    },
    {
      "Target": "Parameter",
      "Id": "jiupf",
      "FadeInTime": -1.0,
      "FadeOutTime": -1.0,
      "Segments": [
        0,
        0,
        0,
        7.133,
        0
      ]
    },
    {
      "Target": "Parameter",
      "Id": "jiupsx",
      "FadeInTime": -1.0,
      "FadeOutTime": -1.0,
      "Segments": [
        0,
        0,
        0,
        7.133,
        0
      ]
    },
    {
      "Target": "Parameter",
      "Id": "jisjohu",
      "FadeInTime": -1.0,
      "FadeOutTime": -1.0,
      "Segments": [
        0,
        0,
        0,
        7.133,
        0
      ]
    },
    {
      "Target": "Parameter",
      "Id": "jihoushou",
      "FadeInTime": -1.0,
      "FadeOutTime": -1.0,
      "Segments": [
        0,
        0,
        0,
        7.133,
        0
      ]
    },
    {
      "Target": "Parameter",
      "Id": "jishouna",
      "FadeInTime": -1.0,
      "FadeOutTime": -1.0,
      "Segments": [
        0,
        0,
        0,
        7.133,
        0
      ]
    },
    {
      "Target": "Parameter",
      "Id": "jixinfengxs",
      "FadeInTime": -1.0,
      "FadeOutTime": -1.0,
      "Segments": [
        0,
        0,
        0,
        7.133,
        0
      ]
    },
    {
      "Target": "Parameter",
      "Id": "jixfy",
      "FadeInTime": -1.0,
      "FadeOutTime": -1.0,
      "Segments": [
        0,
        0,
        0,
        7.133,
        0
      ]
    },
    {
      "Target": "Parameter",
      "Id": "shoujbyz",
      "FadeInTime": -1.0,
      "FadeOutTime": -1.0,
      "Segments": [
        0,
        0,
        0,
        7.133,
        0
      ]
    },
    {
      "Target": "Parameter",
      "Id": "jiubgg",
      "FadeInTime": -1.0,
      "FadeOutTime": -1.0,
      "Segments": [
        0,
        1,
        0,
        7.133,
        1
      ]
    },
    {
      "Target": "Parameter",
      "Id": "XXXXXXX17",
      "FadeInTime": -1.0,
      "FadeOutTime": -1.0,
      "Segments": [
        0,
        0,
        0,
        7.133,
        0
      ]
    },
    {
      "Target": "Parameter",
      "Id": "MB_yanwubaozha",
      "FadeInTime": -1.0,
      "FadeOutTime": -1.0,
      "Segments": [
        0,
        0,
        0,
        7.133,
        0
      ]
    },
    {
      "Target": "Parameter",
      "Id": "tangjichu",
      "FadeInTime": -1.0,
      "FadeOutTime": -1.0,
      "Segments": [
        0,
        0,
        0,
        7.133,
        0
      ]
    },
    {
      "Target": "Parameter",
      "Id": "tangjibq",
      "FadeInTime": -1.0,
      "FadeOutTime": -1.0,
      "Segments": [
        0,
        0,
        0,
        7.133,
        0
      ]
    },
    {
      "Target": "Parameter",
      "Id": "tangjidm",
      "FadeInTime": -1.0,
      "FadeOutTime": -1.0,
      "Segments": [
        0,
        0,
        0,
        7.133,
        0
      ]
    },
    {
      "Target": "Parameter",
      "Id": "tangjidm2",
      "FadeInTime": -1.0,
      "FadeOutTime": -1.0,
      "Segments": [
        0,
        0,
        0,
        7.133,
        0
      ]
    },
    {
      "Target": "Parameter",
      "Id": "tangjiX",
      "FadeInTime": -1.0,
      "FadeOutTime": -1.0,
      "Segments": [
        0,
        0,
        0,
        7.133,
        0
      ]
    },
    {
      "Target": "Parameter",
      "Id": "tangjiY",
      "FadeInTime": -1.0,
      "FadeOutTime": -1.0,
      "Segments": [
        0,
        0,
        0,
        7.133,
        0
      ]
    },
    {
      "Target": "Parameter",
      "Id": "XXXXXXX18",
      "FadeInTime": -1.0,
      "FadeOutTime": -1.0,
      "Segments": [
        0,
        0,
        0,
        7.133,
        0
      ]
    }
  ],
  "UserData": [
    {
      "Time": 0.0,
      "Value": ""
    },
    {
      "Time": 0.333,
      "Value": ""
    },
    {
      "Time": 6.633,
      "Value": ""
    }
  ]
}