{
  "Version": 3,
  "Meta": {
    "Duration": 6.05,
    "Fps": 60.0,
    "Loop": true,
    "AreBeziersRestricted": true,
    "FadeInTime": 0.0,
    "FadeOutTime": 0.0,
    "CurveCount": 157,
    "TotalSegmentCount": 542,
    "TotalPointCount": 696,
    "UserDataCount": 2,
    "TotalUserDataSize": 0
  },
  "Curves": [
    {
      "Target": "Parameter",
      "Id": "idle15qie",
      "FadeInTime": -1.0,
      "FadeOutTime": -1.0,
      "Segments": [
        0,
        0,
        2,
        0.333,
        0,
        2,
        1.65,
        0,
        0,
        1.667,
        1,
        2,
        5.467,
        1,
        2,
        5.7,
        1,
        2,
        6.05,
        1
      ]
    },
    {
      "Target": "Parameter",
      "Id": "ParamEyeLOpen",
      "FadeInTime": -1.0,
      "FadeOutTime": -1.0,
      "Segments": [
        0,
        1,
        2,
        0.333,
        1,
        0,
        1.067,
        0.8,
        2,
        2.733,
        0.8,
        0,
        3.217,
        0,
        0,
        3.7,
        1,
        1,
        3.811,
        1,
        3.922,
        0.853,
        4.033,
        0.8,
        1,
        4.222,
        0.71,
        4.411,
        0.7,
        4.6,
        0.7,
        1,
        4.772,
        0.7,
        4.945,
        0.713,
        5.117,
        0.8,
        1,
        5.311,
        0.898,
        5.506,
        1,
        5.7,
        1,
        2,
        6.05,
        1
      ]
    },
    {
      "Target": "Parameter",
      "Id": "ParamEyeLSmile",
      "FadeInTime": -1.0,
      "FadeOutTime": -1.0,
      "Segments": [
        0,
        0,
        2,
        0.333,
        0,
        2,
        2.733,
        0,
        2,
        3.7,
        0,
        1,
        3.811,
        0,
        3.922,
        0.269,
        4.033,
        0.5,
        1,
        4.222,
        0.893,
        4.411,
        1,
        4.6,
        1,
        2,
        5.117,
        1,
        0,
        5.7,
        0,
        2,
        6.05,
        0
      ]
    },
    {
      "Target": "Parameter",
      "Id": "ParamEyeBallX",
      "FadeInTime": -1.0,
      "FadeOutTime": -1.0,
      "Segments": [
        0,
        0,
        2,
        0.333,
        0,
        0,
        0.733,
        -0.6,
        2,
        1.067,
        -0.6,
        2,
        2.733,
        -0.6,
        0,
        3.7,
        0,
        0,
        5.117,
        -0.2,
        0,
        5.7,
        -0.1,
        2,
        6.05,
        -0.1
      ]
    },
    {
      "Target": "Parameter",
      "Id": "ParamEyeBallY",
      "FadeInTime": -1.0,
      "FadeOutTime": -1.0,
      "Segments": [
        0,
        0,
        2,
        0.333,
        0,
        0,
        0.733,
        -0.3,
        2,
        1.067,
        -0.3,
        2,
        2.733,
        -0.3,
        0,
        3.7,
        0,
        2,
        5.117,
        0,
        0,
        5.7,
        0.4,
        2,
        6.05,
        0.4
      ]
    },
    {
      "Target": "Parameter",
      "Id": "ParamBrowLForm",
      "FadeInTime": -1.0,
      "FadeOutTime": -1.0,
      "Segments": [
        0,
        0,
        2,
        0.333,
        0,
        2,
        2.733,
        0,
        2,
        3.7,
        0,
        2,
        4.033,
        0,
        0,
        4.6,
        0.6,
        0,
        5.7,
        0,
        2,
        6.05,
        0
      ]
    },
    {
      "Target": "Parameter",
      "Id": "ParamBrowLAngle",
      "FadeInTime": -1.0,
      "FadeOutTime": -1.0,
      "Segments": [
        0,
        0,
        2,
        0.333,
        0,
        2,
        2.733,
        0,
        2,
        3.7,
        0,
        2,
        4.033,
        0,
        0,
        4.6,
        0.3,
        0,
        5.7,
        0,
        2,
        6.05,
        0
      ]
    },
    {
      "Target": "Parameter",
      "Id": "yaguan",
      "FadeInTime": -1.0,
      "FadeOutTime": -1.0,
      "Segments": [
        0,
        0,
        2,
        0.333,
        0,
        2,
        2.733,
        0,
        2,
        3.7,
        0,
        2,
        4.75,
        0,
        0,
        4.9,
        0.4,
        0,
        5.217,
        0,
        2,
        5.7,
        0,
        2,
        6.05,
        0
      ]
    },
    {
      "Target": "Parameter",
      "Id": "ParamMouthForm",
      "FadeInTime": -1.0,
      "FadeOutTime": -1.0,
      "Segments": [
        0,
        0,
        2,
        0.333,
        0,
        2,
        2.733,
        0,
        2,
        3.7,
        0,
        2,
        3.967,
        0,
        2,
        4.317,
        0,
        0,
        4.4,
        -0.9,
        2,
        4.567,
        -0.9,
        0,
        4.9,
        0.8,
        0,
        5.217,
        0,
        2,
        5.7,
        0,
        2,
        6.05,
        0
      ]
    },
    {
      "Target": "Parameter",
      "Id": "ParamMouthOpenY11",
      "FadeInTime": -1.0,
      "FadeOutTime": -1.0,
      "Segments": [
        0,
        0,
        2,
        0.333,
        0,
        2,
        2.733,
        0,
        2,
        3.7,
        0,
        2,
        3.967,
        0,
        2,
        4.317,
        0,
        0,
        4.4,
        0.8,
        2,
        4.567,
        0.8,
        1,
        4.611,
        0.8,
        4.656,
        0.752,
        4.7,
        0.5,
        1,
        4.722,
        0.374,
        4.745,
        0.1,
        4.767,
        0.1,
        0,
        4.9,
        0.7,
        0,
        5.217,
        0,
        2,
        5.7,
        0,
        2,
        6.05,
        0
      ]
    },
    {
      "Target": "Parameter",
      "Id": "ParamAngleX",
      "FadeInTime": -1.0,
      "FadeOutTime": -1.0,
      "Segments": [
        0,
        0,
        2,
        0.333,
        0,
        0,
        1.067,
        -19,
        0,
        1.85,
        -14,
        0,
        2.733,
        -15.88,
        1,
        2.894,
        -15.88,
        3.056,
        -15.467,
        3.217,
        -12,
        1,
        3.378,
        -8.533,
        3.539,
        -0.588,
        3.7,
        4,
        1,
        3.8,
        6.848,
        3.9,
        10.534,
        4,
        11,
        1,
        4.2,
        11.931,
        4.4,
        12.17,
        4.6,
        13,
        1,
        4.772,
        13.715,
        4.945,
        14.912,
        5.117,
        16,
        1,
        5.311,
        17.229,
        5.506,
        18,
        5.7,
        18,
        2,
        6.05,
        18
      ]
    },
    {
      "Target": "Parameter",
      "Id": "ParamAngleY",
      "FadeInTime": -1.0,
      "FadeOutTime": -1.0,
      "Segments": [
        0,
        0,
        2,
        0.333,
        0,
        1,
        0.611,
        0,
        0.889,
        -2.234,
        1.167,
        -6,
        1,
        1.428,
        -9.54,
        1.689,
        -11,
        1.95,
        -11,
        0,
        2.833,
        -0.72,
        0,
        3.317,
        -11,
        1,
        3.478,
        -11,
        3.639,
        -10.877,
        3.8,
        -8,
        1,
        3.9,
        -6.214,
        4,
        3,
        4.1,
        3,
        0,
        4.7,
        -13,
        0,
        5.217,
        -2,
        0,
        5.7,
        -10,
        2,
        6.05,
        -10
      ]
    },
    {
      "Target": "Parameter",
      "Id": "touZ",
      "FadeInTime": -1.0,
      "FadeOutTime": -1.0,
      "Segments": [
        0,
        0,
        2,
        0.333,
        0,
        0,
        1.067,
        -11,
        0,
        1.85,
        -2,
        1,
        2.144,
        -2,
        2.439,
        -4.094,
        2.733,
        -5.816,
        1,
        3.055,
        -7.701,
        3.378,
        -8,
        3.7,
        -8,
        0,
        4.6,
        -2,
        2,
        5.117,
        -2,
        0,
        5.7,
        -11,
        2,
        6.05,
        -11
      ]
    },
    {
      "Target": "Parameter",
      "Id": "ParamAngleZ",
      "FadeInTime": -1.0,
      "FadeOutTime": -1.0,
      "Segments": [
        0,
        0,
        2,
        0.333,
        0,
        0,
        1.067,
        -10,
        0,
        1.85,
        -4,
        0,
        2.733,
        -5.598,
        0,
        3.7,
        -4,
        0,
        4.6,
        -9,
        2,
        5.117,
        -9,
        0,
        5.7,
        3,
        2,
        6.05,
        3
      ]
    },
    {
      "Target": "Parameter",
      "Id": "toufz",
      "FadeInTime": -1.0,
      "FadeOutTime": -1.0,
      "Segments": [
        0,
        0,
        2,
        0.333,
        0,
        0,
        1.067,
        -23,
        0,
        1.85,
        -6,
        1,
        2.144,
        -6,
        2.439,
        -12.076,
        2.733,
        -14,
        1,
        3.055,
        -16.106,
        3.378,
        -17.058,
        3.7,
        -18,
        1,
        4,
        -18.877,
        4.3,
        -19,
        4.6,
        -19,
        2,
        5.117,
        -19,
        0,
        5.7,
        -11,
        2,
        6.05,
        -11
      ]
    },
    {
      "Target": "Parameter",
      "Id": "bozss",
      "FadeInTime": -1.0,
      "FadeOutTime": -1.0,
      "Segments": [
        0,
        0,
        2,
        0.333,
        0,
        2,
        2.733,
        0,
        2,
        3.7,
        0,
        2,
        4,
        0,
        0,
        4.6,
        -3,
        0,
        5.117,
        0,
        2,
        5.7,
        0,
        2,
        6.05,
        0
      ]
    },
    {
      "Target": "Parameter",
      "Id": "ParamBodyAngleX",
      "FadeInTime": -1.0,
      "FadeOutTime": -1.0,
      "Segments": [
        0,
        0,
        2,
        0.333,
        0,
        0,
        1.067,
        -2,
        2,
        2.733,
        -2,
        1,
        3.055,
        -2,
        3.378,
        -1.064,
        3.7,
        -0.092,
        1,
        3.733,
        0.009,
        3.767,
        -0.107,
        3.8,
        0,
        1,
        4.1,
        0.964,
        4.4,
        2,
        4.7,
        2,
        2,
        5.217,
        2,
        0,
        5.7,
        0,
        2,
        6.05,
        0
      ]
    },
    {
      "Target": "Parameter",
      "Id": "ParamBodyAngleY",
      "FadeInTime": -1.0,
      "FadeOutTime": -1.0,
      "Segments": [
        0,
        0,
        2,
        0.333,
        0,
        0,
        1.067,
        3,
        0,
        1.867,
        0.12,
        0,
        2.733,
        3,
        0,
        3.7,
        -3,
        0,
        4.15,
        -0.22,
        0,
        4.6,
        -5.9,
        1,
        4.772,
        -5.9,
        4.945,
        -4.844,
        5.117,
        -3,
        1,
        5.311,
        -0.918,
        5.506,
        0,
        5.7,
        0,
        2,
        6.05,
        0
      ]
    },
    {
      "Target": "Parameter",
      "Id": "shentixX",
      "FadeInTime": -1.0,
      "FadeOutTime": -1.0,
      "Segments": [
        0,
        0,
        2,
        0.333,
        0,
        0,
        1.067,
        -2,
        1,
        1.345,
        -2,
        1.622,
        -0.6,
        1.9,
        1,
        1,
        2.178,
        2.6,
        2.455,
        3,
        2.733,
        3,
        0,
        3.7,
        -5,
        0,
        4.6,
        7,
        1,
        4.772,
        7,
        4.945,
        6.177,
        5.117,
        4,
        1,
        5.311,
        1.542,
        5.506,
        0,
        5.7,
        0,
        2,
        6.05,
        0
      ]
    },
    {
      "Target": "Parameter",
      "Id": "Ljiansx",
      "FadeInTime": -1.0,
      "FadeOutTime": -1.0,
      "Segments": [
        0,
        0,
        2,
        0.333,
        0,
        2,
        2.733,
        0,
        2,
        3.7,
        0,
        0,
        4.6,
        5,
        0,
        5.117,
        0,
        2,
        5.7,
        0,
        2,
        6.05,
        0
      ]
    },
    {
      "Target": "Parameter",
      "Id": "Rjiansx",
      "FadeInTime": -1.0,
      "FadeOutTime": -1.0,
      "Segments": [
        0,
        0,
        2,
        0.333,
        0,
        2,
        2.733,
        0,
        2,
        3.7,
        0,
        0,
        4.6,
        5,
        0,
        5.117,
        0,
        2,
        5.7,
        0,
        2,
        6.05,
        0
      ]
    },
    {
      "Target": "Parameter",
      "Id": "Lsbxz",
      "FadeInTime": -1.0,
      "FadeOutTime": -1.0,
      "Segments": [
        0,
        0,
        2,
        0.333,
        0,
        0,
        0.7,
        1.2,
        1,
        0.822,
        1.2,
        0.945,
        0.567,
        1.067,
        0,
        1,
        1.322,
        -1.185,
        1.578,
        -1.56,
        1.833,
        -1.56,
        0,
        2.733,
        1.08,
        2,
        3.217,
        1.08,
        0,
        3.7,
        13.54,
        2,
        5.117,
        13.54,
        0,
        5.7,
        13.68,
        2,
        6.05,
        13.68
      ]
    },
    {
      "Target": "Parameter",
      "Id": "Lxbxz",
      "FadeInTime": -1.0,
      "FadeOutTime": -1.0,
      "Segments": [
        0,
        0,
        2,
        0.333,
        0,
        0,
        0.7,
        0.45,
        1,
        0.822,
        0.45,
        0.945,
        -1.632,
        1.067,
        -2.46,
        1,
        1.322,
        -4.191,
        1.578,
        -4.5,
        1.833,
        -4.5,
        1,
        2.133,
        -4.5,
        2.433,
        -1.353,
        2.733,
        0,
        1,
        2.894,
        0.727,
        3.056,
        0.655,
        3.217,
        1.08,
        1,
        3.378,
        1.505,
        3.539,
        1.86,
        3.7,
        1.86,
        0,
        5.117,
        0.78,
        0,
        5.7,
        1.32,
        2,
        6.05,
        1.32
      ]
    },
    {
      "Target": "Parameter",
      "Id": "Lshouxz",
      "FadeInTime": -1.0,
      "FadeOutTime": -1.0,
      "Segments": [
        0,
        0,
        2,
        0.333,
        0,
        0,
        0.7,
        6.12,
        0,
        1.067,
        4.32,
        1,
        1.322,
        4.32,
        1.578,
        4.466,
        1.833,
        5.25,
        1,
        2.133,
        6.171,
        2.433,
        7.473,
        2.733,
        8.82,
        1,
        2.894,
        9.544,
        3.056,
        10.323,
        3.217,
        11.7,
        1,
        3.3,
        12.412,
        3.384,
        20,
        3.467,
        20,
        1,
        3.545,
        20,
        3.622,
        16.149,
        3.7,
        16.08,
        1,
        4.172,
        15.662,
        4.645,
        15.446,
        5.117,
        15,
        1,
        5.311,
        14.816,
        5.506,
        14.34,
        5.7,
        14.34,
        2,
        6.05,
        14.34
      ]
    },
    {
      "Target": "Parameter",
      "Id": "Lshagbuiq",
      "FadeInTime": -1.0,
      "FadeOutTime": -1.0,
      "Segments": [
        0,
        0,
        2,
        0.333,
        0,
        2,
        2.733,
        0,
        2,
        3.217,
        0,
        0,
        3.7,
        1,
        2,
        5.7,
        1,
        2,
        6.05,
        1
      ]
    },
    {
      "Target": "Parameter",
      "Id": "Lxiaobibx",
      "FadeInTime": -1.0,
      "FadeOutTime": -1.0,
      "Segments": [
        0,
        0,
        2,
        0.333,
        0,
        2,
        0.7,
        0,
        0,
        1.067,
        -6,
        2,
        2.733,
        -6,
        0,
        3.217,
        -10,
        2,
        3.7,
        -10,
        2,
        5.117,
        -10,
        2,
        5.7,
        -10,
        2,
        6.05,
        -10
      ]
    },
    {
      "Target": "Parameter",
      "Id": "Lxbcd",
      "FadeInTime": -1.0,
      "FadeOutTime": -1.0,
      "Segments": [
        0,
        0,
        2,
        0.333,
        0,
        2,
        2.733,
        0,
        2,
        3.217,
        0,
        1,
        3.378,
        0,
        3.539,
        -2.789,
        3.7,
        -3,
        1,
        4.172,
        -3.618,
        4.645,
        -3.867,
        5.117,
        -4.42,
        1,
        5.311,
        -4.648,
        5.506,
        -5,
        5.7,
        -5,
        2,
        6.05,
        -5
      ]
    },
    {
      "Target": "Parameter",
      "Id": "Lshoudh",
      "FadeInTime": -1.0,
      "FadeOutTime": -1.0,
      "Segments": [
        0,
        0,
        2,
        0.333,
        0,
        0,
        1.067,
        3,
        1,
        1.322,
        3,
        1.578,
        1.828,
        1.833,
        0,
        1,
        2.133,
        -2.146,
        2.433,
        -3,
        2.733,
        -3,
        1,
        2.894,
        -3,
        3.056,
        -2.182,
        3.217,
        1,
        1,
        3.3,
        2.646,
        3.384,
        5,
        3.467,
        5,
        0,
        3.7,
        0,
        0,
        5.117,
        3,
        2,
        5.7,
        3,
        2,
        6.05,
        3
      ]
    },
    {
      "Target": "Parameter",
      "Id": "Lshoudh2",
      "FadeInTime": -1.0,
      "FadeOutTime": -1.0,
      "Segments": [
        0,
        0,
        2,
        0.333,
        0,
        0,
        1.067,
        -10,
        0,
        1.833,
        6,
        0,
        2.733,
        -10,
        1,
        2.894,
        -10,
        3.056,
        7.755,
        3.217,
        9,
        1,
        3.378,
        10,
        3.539,
        10,
        3.7,
        10,
        2,
        5.117,
        10,
        2,
        5.7,
        10,
        2,
        6.05,
        10
      ]
    },
    {
      "Target": "Parameter",
      "Id": "Rsbxz",
      "FadeInTime": -1.0,
      "FadeOutTime": -1.0,
      "Segments": [
        0,
        0,
        2,
        0.333,
        0,
        2,
        2.733,
        0,
        2,
        3.7,
        0,
        0,
        4.6,
        0.9,
        0,
        5.117,
        0.4,
        2,
        5.7,
        0.4,
        2,
        6.05,
        0.4
      ]
    },
    {
      "Target": "Parameter",
      "Id": "Rxbxz",
      "FadeInTime": -1.0,
      "FadeOutTime": -1.0,
      "Segments": [
        0,
        0,
        2,
        0.333,
        0,
        2,
        2.733,
        0,
        2,
        3.7,
        0,
        0,
        4,
        -2.977,
        1,
        4.2,
        -2.977,
        4.4,
        7.952,
        4.6,
        13.84,
        1,
        4.772,
        18.91,
        4.945,
        18.86,
        5.117,
        18.86,
        2,
        5.7,
        18.86,
        2,
        6.05,
        18.86
      ]
    },
    {
      "Target": "Parameter",
      "Id": "Rshouxz",
      "FadeInTime": -1.0,
      "FadeOutTime": -1.0,
      "Segments": [
        0,
        0,
        2,
        0.333,
        0,
        0,
        1.067,
        9,
        2,
        2.733,
        9,
        2,
        3.7,
        9,
        1,
        3.8,
        9,
        3.9,
        3.099,
        4,
        -2.016,
        1,
        4.1,
        -7.131,
        4.2,
        -8,
        4.3,
        -8,
        1,
        4.4,
        -8,
        4.5,
        -7.849,
        4.6,
        -6.04,
        1,
        4.772,
        -2.925,
        4.945,
        0,
        5.117,
        0,
        2,
        5.7,
        0,
        2,
        6.05,
        0
      ]
    },
    {
      "Target": "Parameter",
      "Id": "Rshangbicd",
      "FadeInTime": -1.0,
      "FadeOutTime": -1.0,
      "Segments": [
        0,
        0,
        2,
        0.333,
        0,
        2,
        2.733,
        0,
        2,
        3.7,
        0,
        0,
        4.6,
        1,
        0,
        5.117,
        -2,
        2,
        5.7,
        -2,
        2,
        6.05,
        -2
      ]
    },
    {
      "Target": "Parameter",
      "Id": "Rxiaobcd",
      "FadeInTime": -1.0,
      "FadeOutTime": -1.0,
      "Segments": [
        0,
        0,
        2,
        0.333,
        0,
        0,
        1.067,
        4,
        2,
        2.733,
        4,
        2,
        3.7,
        4,
        0,
        4.4,
        -1,
        0,
        4.6,
        0,
        0,
        5.117,
        -10,
        2,
        5.7,
        -10,
        2,
        6.05,
        -10
      ]
    },
    {
      "Target": "Parameter",
      "Id": "rxiaobiq",
      "FadeInTime": -1.0,
      "FadeOutTime": -1.0,
      "Segments": [
        0,
        0,
        2,
        0.333,
        0,
        2,
        2.733,
        0,
        2,
        3.7,
        0,
        2,
        4.4,
        0,
        0,
        4.417,
        1,
        2,
        5.117,
        1,
        2,
        5.7,
        1,
        2,
        6.05,
        1
      ]
    },
    {
      "Target": "Parameter",
      "Id": "Rxiaobicj",
      "FadeInTime": -1.0,
      "FadeOutTime": -1.0,
      "Segments": [
        0,
        0,
        2,
        0.333,
        0,
        2,
        2.733,
        0,
        2,
        3.7,
        0,
        0,
        4,
        -10,
        1,
        4.006,
        -10,
        4.011,
        -0.102,
        4.017,
        0,
        1,
        4.384,
        6.753,
        4.75,
        10,
        5.117,
        10,
        2,
        5.7,
        10,
        2,
        6.05,
        10
      ]
    },
    {
      "Target": "Parameter",
      "Id": "Rshoudh1",
      "FadeInTime": -1.0,
      "FadeOutTime": -1.0,
      "Segments": [
        0,
        0,
        2,
        0.333,
        0,
        0,
        1.067,
        -10,
        2,
        2.733,
        -10,
        2,
        3.7,
        -10,
        1,
        3.8,
        -10,
        3.9,
        6.289,
        4,
        7,
        1,
        4.15,
        8.066,
        4.3,
        8,
        4.45,
        8,
        0,
        4.6,
        -10,
        0,
        5.117,
        0,
        2,
        5.7,
        0,
        2,
        6.05,
        0
      ]
    },
    {
      "Target": "Parameter",
      "Id": "rmoshou",
      "FadeInTime": -1.0,
      "FadeOutTime": -1.0,
      "Segments": [
        0,
        1,
        2,
        0.333,
        1,
        2,
        2.733,
        1,
        2,
        4,
        1,
        0,
        4.017,
        0,
        2,
        4.583,
        0,
        2,
        4.6,
        0,
        0,
        5.117,
        1,
        2,
        5.7,
        1,
        2,
        6.05,
        1
      ]
    },
    {
      "Target": "Parameter",
      "Id": "liaofsou",
      "FadeInTime": -1.0,
      "FadeOutTime": -1.0,
      "Segments": [
        0,
        0,
        2,
        0.333,
        0,
        2,
        2.733,
        0,
        2,
        4,
        0,
        0,
        4.017,
        1,
        2,
        4.583,
        1,
        0,
        4.6,
        0,
        2,
        5.117,
        0,
        2,
        5.7,
        0,
        2,
        6.05,
        0
      ]
    },
    {
      "Target": "Parameter",
      "Id": "Ldatuixz",
      "FadeInTime": -1.0,
      "FadeOutTime": -1.0,
      "Segments": [
        0,
        0,
        2,
        0.333,
        0,
        2,
        2.733,
        0,
        1,
        3.055,
        0,
        3.378,
        -1.974,
        3.7,
        -2.21,
        1,
        3.922,
        -2.373,
        4.145,
        -2.32,
        4.367,
        -2.32,
        1,
        4.589,
        -2.32,
        4.811,
        -2.306,
        5.033,
        -1.7,
        1,
        5.255,
        -1.094,
        5.478,
        0,
        5.7,
        0,
        2,
        6.05,
        0
      ]
    },
    {
      "Target": "Parameter",
      "Id": "Lxuiaotuixz",
      "FadeInTime": -1.0,
      "FadeOutTime": -1.0,
      "Segments": [
        0,
        0,
        2,
        0.333,
        0,
        2,
        2.733,
        0,
        0,
        3.7,
        1.42,
        2,
        3.717,
        1.42,
        1,
        3.967,
        1.42,
        4.217,
        1.181,
        4.467,
        0.92,
        1,
        4.689,
        0.688,
        4.911,
        0.581,
        5.133,
        0.36,
        1,
        5.322,
        0.172,
        5.511,
        0,
        5.7,
        0,
        2,
        6.05,
        0
      ]
    },
    {
      "Target": "Parameter",
      "Id": "Ljiaoxz",
      "FadeInTime": -1.0,
      "FadeOutTime": -1.0,
      "Segments": [
        0,
        0,
        2,
        0.333,
        0,
        2,
        2.733,
        0,
        0,
        3.7,
        -0.095,
        1,
        3.739,
        -0.095,
        3.778,
        -0.04,
        3.817,
        0,
        1,
        4.289,
        0.481,
        4.761,
        0.7,
        5.233,
        0.7,
        0,
        5.7,
        0,
        2,
        6.05,
        0
      ]
    },
    {
      "Target": "Parameter",
      "Id": "Rdatuixz",
      "FadeInTime": -1.0,
      "FadeOutTime": -1.0,
      "Segments": [
        0,
        0,
        2,
        0.333,
        0,
        2,
        2.733,
        0,
        0,
        3.7,
        -0.227,
        1,
        3.772,
        -0.227,
        3.845,
        -0.22,
        3.917,
        -0.192,
        1,
        4.017,
        -0.153,
        4.117,
        -0.064,
        4.217,
        -0.055,
        1,
        4.711,
        -0.012,
        5.206,
        0,
        5.7,
        0,
        2,
        6.05,
        0
      ]
    },
    {
      "Target": "Parameter",
      "Id": "xionglian8",
      "FadeInTime": -1.0,
      "FadeOutTime": -1.0,
      "Segments": [
        0,
        0,
        2,
        0.333,
        0,
        2,
        2.733,
        0,
        0,
        3.7,
        10,
        2,
        5.7,
        10,
        2,
        6.05,
        10
      ]
    },
    {
      "Target": "Parameter",
      "Id": "jiupings1",
      "FadeInTime": -1.0,
      "FadeOutTime": -1.0,
      "Segments": [
        0,
        -2.002,
        0,
        0.583,
        2.002,
        0,
        1.183,
        -2.002,
        0,
        1.767,
        2.002,
        0,
        2.367,
        -2.002,
        0,
        2.967,
        2.002,
        0,
        3.567,
        -2.002,
        0,
        4.167,
        2.002,
        0,
        4.75,
        -2.002,
        0,
        5.35,
        2.002,
        0,
        6.05,
        -2.002
      ]
    },
    {
      "Target": "Parameter",
      "Id": "jiupings2",
      "FadeInTime": -1.0,
      "FadeOutTime": -1.0,
      "Segments": [
        0,
        -0.149,
        0,
        0.283,
        2.002,
        0,
        0.883,
        -2.002,
        0,
        1.483,
        2.002,
        0,
        2.083,
        -2.002,
        0,
        2.683,
        2.002,
        0,
        3.267,
        -2.002,
        0,
        3.867,
        2.002,
        0,
        4.45,
        -2.002,
        0,
        5.05,
        2.002,
        0,
        5.65,
        -2.002,
        0,
        6.05,
        -0.149
      ]
    },
    {
      "Target": "Parameter",
      "Id": "jiupxz",
      "FadeInTime": -1.0,
      "FadeOutTime": -1.0,
      "Segments": [
        0,
        -0.024,
        0,
        0.733,
        -0.501,
        0,
        2.217,
        0.501,
        0,
        3.717,
        -0.501,
        0,
        5.2,
        0.501,
        0,
        6.05,
        -0.024
      ]
    },
    {
      "Target": "Parameter",
      "Id": "jiX",
      "FadeInTime": -1.0,
      "FadeOutTime": -1.0,
      "Segments": [
        0,
        -0.998,
        0,
        1.467,
        0.998,
        0,
        2.967,
        -0.998,
        0,
        4.45,
        0.998,
        0,
        6.05,
        -0.998
      ]
    },
    {
      "Target": "Parameter",
      "Id": "jiY",
      "FadeInTime": -1.0,
      "FadeOutTime": -1.0,
      "Segments": [
        0,
        -0.12,
        0,
        0.733,
        2,
        0,
        2.217,
        -2,
        0,
        3.717,
        2,
        0,
        5.217,
        -2,
        0,
        6.05,
        -0.12
      ]
    },
    {
      "Target": "Parameter",
      "Id": "jidaim1",
      "FadeInTime": -1.0,
      "FadeOutTime": -1.0,
      "Segments": [
        0,
        -5.009,
        0,
        1.483,
        5.009,
        0,
        2.967,
        -5.009,
        0,
        4.45,
        5.009,
        0,
        6.05,
        -5.009
      ]
    },
    {
      "Target": "Parameter",
      "Id": "jidaim2",
      "FadeInTime": -1.0,
      "FadeOutTime": -1.0,
      "Segments": [
        0,
        -0.15,
        0,
        0.75,
        5.009,
        0,
        2.233,
        -5.009,
        0,
        3.717,
        5.009,
        0,
        5.2,
        -5.009,
        0,
        6.05,
        -0.15
      ]
    },
    {
      "Target": "Parameter",
      "Id": "yet1",
      "FadeInTime": -1.0,
      "FadeOutTime": -1.0,
      "Segments": [
        0,
        0,
        0,
        0.417,
        -1.138,
        0,
        1.15,
        1.138,
        0,
        1.883,
        -1.138,
        0,
        2.617,
        1.138,
        0,
        3.367,
        -1.138,
        0,
        4.067,
        1.138,
        0,
        4.817,
        -1.138,
        0,
        5.55,
        1.138,
        0,
        6.05,
        0
      ]
    },
    {
      "Target": "Parameter",
      "Id": "yet2",
      "FadeInTime": -1.0,
      "FadeOutTime": -1.0,
      "Segments": [
        0,
        0,
        0,
        0.8,
        1.138,
        0,
        1.517,
        -1.138,
        0,
        2.283,
        1.138,
        0,
        3.017,
        -1.138,
        0,
        3.7,
        1.138,
        0,
        4.45,
        -1.138,
        0,
        5.183,
        1.138,
        0,
        6.05,
        0
      ]
    },
    {
      "Target": "Parameter",
      "Id": "Paramring",
      "FadeInTime": -1.0,
      "FadeOutTime": -1.0,
      "Segments": [
        0,
        0,
        0,
        6.05,
        0
      ]
    },
    {
      "Target": "Parameter",
      "Id": "touch_drag15",
      "FadeInTime": -1.0,
      "FadeOutTime": -1.0,
      "Segments": [
        0,
        0,
        0,
        6.05,
        0
      ]
    },
    {
      "Target": "Parameter",
      "Id": "touch_drag16",
      "FadeInTime": -1.0,
      "FadeOutTime": -1.0,
      "Segments": [
        0,
        1,
        0,
        6.05,
        1
      ]
    },
    {
      "Target": "Parameter",
      "Id": "touch_drag17",
      "FadeInTime": -1.0,
      "FadeOutTime": -1.0,
      "Segments": [
        0,
        0,
        0,
        6.05,
        0
      ]
    },
    {
      "Target": "Parameter",
      "Id": "touch_drag18",
      "FadeInTime": -1.0,
      "FadeOutTime": -1.0,
      "Segments": [
        0,
        1,
        0,
        6.05,
        1
      ]
    },
    {
      "Target": "Parameter",
      "Id": "touch_drag1",
      "FadeInTime": -1.0,
      "FadeOutTime": -1.0,
      "Segments": [
        0,
        0,
        0,
        6.05,
        0
      ]
    },
    {
      "Target": "Parameter",
      "Id": "touch_drag2",
      "FadeInTime": -1.0,
      "FadeOutTime": -1.0,
      "Segments": [
        0,
        0,
        0,
        6.05,
        0
      ]
    },
    {
      "Target": "Parameter",
      "Id": "touch_drag3",
      "FadeInTime": -1.0,
      "FadeOutTime": -1.0,
      "Segments": [
        0,
        0,
        0,
        6.05,
        0
      ]
    },
    {
      "Target": "Parameter",
      "Id": "touch_drag4",
      "FadeInTime": -1.0,
      "FadeOutTime": -1.0,
      "Segments": [
        0,
        0,
        0,
        6.05,
        0
      ]
    },
    {
      "Target": "Parameter",
      "Id": "touch_drag5",
      "FadeInTime": -1.0,
      "FadeOutTime": -1.0,
      "Segments": [
        0,
        0,
        0,
        6.05,
        0
      ]
    },
    {
      "Target": "Parameter",
      "Id": "touch_drag6",
      "FadeInTime": -1.0,
      "FadeOutTime": -1.0,
      "Segments": [
        0,
        0,
        0,
        6.05,
        0
      ]
    },
    {
      "Target": "Parameter",
      "Id": "sdwuli",
      "FadeInTime": -1.0,
      "FadeOutTime": -1.0,
      "Segments": [
        0,
        0,
        0,
        6.05,
        0
      ]
    },
    {
      "Target": "Parameter",
      "Id": "XXXXXXX2",
      "FadeInTime": -1.0,
      "FadeOutTime": -1.0,
      "Segments": [
        0,
        0,
        0,
        6.05,
        0
      ]
    },
    {
      "Target": "Parameter",
      "Id": "xxzzx",
      "FadeInTime": -1.0,
      "FadeOutTime": -1.0,
      "Segments": [
        0,
        0,
        0,
        6.05,
        0
      ]
    },
    {
      "Target": "Parameter",
      "Id": "qianshuiqie",
      "FadeInTime": -1.0,
      "FadeOutTime": -1.0,
      "Segments": [
        0,
        0,
        0,
        6.05,
        0
      ]
    },
    {
      "Target": "Parameter",
      "Id": "dldh",
      "FadeInTime": -1.0,
      "FadeOutTime": -1.0,
      "Segments": [
        0,
        0,
        0,
        6.05,
        0
      ]
    },
    {
      "Target": "Parameter",
      "Id": "heikuang",
      "FadeInTime": -1.0,
      "FadeOutTime": -1.0,
      "Segments": [
        0,
        0,
        0,
        6.05,
        0
      ]
    },
    {
      "Target": "Parameter",
      "Id": "heiping",
      "FadeInTime": -1.0,
      "FadeOutTime": -1.0,
      "Segments": [
        0,
        0,
        0,
        6.05,
        0
      ]
    },
    {
      "Target": "Parameter",
      "Id": "liuxing",
      "FadeInTime": -1.0,
      "FadeOutTime": -1.0,
      "Segments": [
        0,
        0,
        0,
        6.05,
        0
      ]
    },
    {
      "Target": "Parameter",
      "Id": "renxs",
      "FadeInTime": -1.0,
      "FadeOutTime": -1.0,
      "Segments": [
        0,
        1,
        0,
        6.05,
        1
      ]
    },
    {
      "Target": "Parameter",
      "Id": "houwxs",
      "FadeInTime": -1.0,
      "FadeOutTime": -1.0,
      "Segments": [
        0,
        1,
        0,
        6.05,
        1
      ]
    },
    {
      "Target": "Parameter",
      "Id": "zhengtidx",
      "FadeInTime": -1.0,
      "FadeOutTime": -1.0,
      "Segments": [
        0,
        0,
        0,
        6.05,
        0
      ]
    },
    {
      "Target": "Parameter",
      "Id": "zhengtix",
      "FadeInTime": -1.0,
      "FadeOutTime": -1.0,
      "Segments": [
        0,
        0,
        0,
        6.05,
        0
      ]
    },
    {
      "Target": "Parameter",
      "Id": "zhengtiY",
      "FadeInTime": -1.0,
      "FadeOutTime": -1.0,
      "Segments": [
        0,
        0,
        0,
        6.05,
        0
      ]
    },
    {
      "Target": "Parameter",
      "Id": "XXXXXXX15",
      "FadeInTime": -1.0,
      "FadeOutTime": -1.0,
      "Segments": [
        0,
        0,
        0,
        6.05,
        0
      ]
    },
    {
      "Target": "Parameter",
      "Id": "texiaogb",
      "FadeInTime": -1.0,
      "FadeOutTime": -1.0,
      "Segments": [
        0,
        0,
        0,
        6.05,
        0
      ]
    },
    {
      "Target": "Parameter",
      "Id": "jingtgb",
      "FadeInTime": -1.0,
      "FadeOutTime": -1.0,
      "Segments": [
        0,
        0,
        0,
        6.05,
        0
      ]
    },
    {
      "Target": "Parameter",
      "Id": "jingtgb2",
      "FadeInTime": -1.0,
      "FadeOutTime": -1.0,
      "Segments": [
        0,
        0,
        0,
        6.05,
        0
      ]
    },
    {
      "Target": "Parameter",
      "Id": "jingtgb3",
      "FadeInTime": -1.0,
      "FadeOutTime": -1.0,
      "Segments": [
        0,
        0,
        0,
        6.05,
        0
      ]
    },
    {
      "Target": "Parameter",
      "Id": "lvjing",
      "FadeInTime": -1.0,
      "FadeOutTime": -1.0,
      "Segments": [
        0,
        0,
        0,
        6.05,
        0
      ]
    },
    {
      "Target": "Parameter",
      "Id": "baipingguang",
      "FadeInTime": -1.0,
      "FadeOutTime": -1.0,
      "Segments": [
        0,
        0,
        0,
        6.05,
        0
      ]
    },
    {
      "Target": "Parameter",
      "Id": "XXXXXXX16",
      "FadeInTime": -1.0,
      "FadeOutTime": -1.0,
      "Segments": [
        0,
        0,
        0,
        6.05,
        0
      ]
    },
    {
      "Target": "Parameter",
      "Id": "beijjuan",
      "FadeInTime": -1.0,
      "FadeOutTime": -1.0,
      "Segments": [
        0,
        0,
        0,
        6.05,
        0
      ]
    },
    {
      "Target": "Parameter",
      "Id": "Param2",
      "FadeInTime": -1.0,
      "FadeOutTime": -1.0,
      "Segments": [
        0,
        1,
        0,
        6.05,
        1
      ]
    },
    {
      "Target": "Parameter",
      "Id": "lianh",
      "FadeInTime": -1.0,
      "FadeOutTime": -1.0,
      "Segments": [
        0,
        0,
        0,
        6.05,
        0
      ]
    },
    {
      "Target": "Parameter",
      "Id": "zuiyexs",
      "FadeInTime": -1.0,
      "FadeOutTime": -1.0,
      "Segments": [
        0,
        0,
        0,
        6.05,
        0
      ]
    },
    {
      "Target": "Parameter",
      "Id": "zuiytcj",
      "FadeInTime": -1.0,
      "FadeOutTime": -1.0,
      "Segments": [
        0,
        0,
        0,
        6.05,
        0
      ]
    },
    {
      "Target": "Parameter",
      "Id": "zytchi",
      "FadeInTime": -1.0,
      "FadeOutTime": -1.0,
      "Segments": [
        0,
        0,
        0,
        6.05,
        0
      ]
    },
    {
      "Target": "Parameter",
      "Id": "XXXXXXX14",
      "FadeInTime": -1.0,
      "FadeOutTime": -1.0,
      "Segments": [
        0,
        0,
        0,
        6.05,
        0
      ]
    },
    {
      "Target": "Parameter",
      "Id": "zuijiay",
      "FadeInTime": -1.0,
      "FadeOutTime": -1.0,
      "Segments": [
        0,
        0,
        0,
        6.05,
        0
      ]
    },
    {
      "Target": "Parameter",
      "Id": "tushe",
      "FadeInTime": -1.0,
      "FadeOutTime": -1.0,
      "Segments": [
        0,
        0,
        0,
        6.05,
        0
      ]
    },
    {
      "Target": "Parameter",
      "Id": "ParamMouthOpenY2",
      "FadeInTime": -1.0,
      "FadeOutTime": -1.0,
      "Segments": [
        0,
        0,
        0,
        6.05,
        0
      ]
    },
    {
      "Target": "Parameter",
      "Id": "shoudzq",
      "FadeInTime": -1.0,
      "FadeOutTime": -1.0,
      "Segments": [
        0,
        0,
        0,
        6.05,
        0
      ]
    },
    {
      "Target": "Parameter",
      "Id": "XXXXXXX3",
      "FadeInTime": -1.0,
      "FadeOutTime": -1.0,
      "Segments": [
        0,
        0,
        0,
        6.05,
        0
      ]
    },
    {
      "Target": "Parameter",
      "Id": "stsxz",
      "FadeInTime": -1.0,
      "FadeOutTime": -1.0,
      "Segments": [
        0,
        0,
        0,
        6.05,
        0
      ]
    },
    {
      "Target": "Parameter",
      "Id": "ParamBodyAngleZ",
      "FadeInTime": -1.0,
      "FadeOutTime": -1.0,
      "Segments": [
        0,
        0,
        0,
        6.05,
        0
      ]
    },
    {
      "Target": "Parameter",
      "Id": "XXXXXXX8",
      "FadeInTime": -1.0,
      "FadeOutTime": -1.0,
      "Segments": [
        0,
        0,
        0,
        6.05,
        0
      ]
    },
    {
      "Target": "Parameter",
      "Id": "Lshangbcd",
      "FadeInTime": -1.0,
      "FadeOutTime": -1.0,
      "Segments": [
        0,
        0,
        0,
        6.05,
        0
      ]
    },
    {
      "Target": "Parameter",
      "Id": "Lxiutz",
      "FadeInTime": -1.0,
      "FadeOutTime": -1.0,
      "Segments": [
        0,
        0,
        0,
        6.05,
        0
      ]
    },
    {
      "Target": "Parameter",
      "Id": "Lxiaobicj",
      "FadeInTime": -1.0,
      "FadeOutTime": -1.0,
      "Segments": [
        0,
        0,
        0,
        6.05,
        0
      ]
    },
    {
      "Target": "Parameter",
      "Id": "lmuzhi",
      "FadeInTime": -1.0,
      "FadeOutTime": -1.0,
      "Segments": [
        0,
        0,
        0,
        6.05,
        0
      ]
    },
    {
      "Target": "Parameter",
      "Id": "XXXXXXX10",
      "FadeInTime": -1.0,
      "FadeOutTime": -1.0,
      "Segments": [
        0,
        0,
        0,
        6.05,
        0
      ]
    },
    {
      "Target": "Parameter",
      "Id": "lmoshou",
      "FadeInTime": -1.0,
      "FadeOutTime": -1.0,
      "Segments": [
        0,
        1,
        0,
        6.05,
        1
      ]
    },
    {
      "Target": "Parameter",
      "Id": "tuosais",
      "FadeInTime": -1.0,
      "FadeOutTime": -1.0,
      "Segments": [
        0,
        0,
        0,
        6.05,
        0
      ]
    },
    {
      "Target": "Parameter",
      "Id": "Ltaihou",
      "FadeInTime": -1.0,
      "FadeOutTime": -1.0,
      "Segments": [
        0,
        0,
        0,
        6.05,
        0
      ]
    },
    {
      "Target": "Parameter",
      "Id": "Ltoushou",
      "FadeInTime": -1.0,
      "FadeOutTime": -1.0,
      "Segments": [
        0,
        0,
        0,
        6.05,
        0
      ]
    },
    {
      "Target": "Parameter",
      "Id": "Lhezhang",
      "FadeInTime": -1.0,
      "FadeOutTime": -1.0,
      "Segments": [
        0,
        0,
        0,
        6.05,
        0
      ]
    },
    {
      "Target": "Parameter",
      "Id": "XXXXXXX12",
      "FadeInTime": -1.0,
      "FadeOutTime": -1.0,
      "Segments": [
        0,
        0,
        0,
        6.05,
        0
      ]
    },
    {
      "Target": "Parameter",
      "Id": "shoujbxs",
      "FadeInTime": -1.0,
      "FadeOutTime": -1.0,
      "Segments": [
        0,
        0,
        0,
        6.05,
        0
      ]
    },
    {
      "Target": "Parameter",
      "Id": "shoujbxz",
      "FadeInTime": -1.0,
      "FadeOutTime": -1.0,
      "Segments": [
        0,
        0,
        0,
        6.05,
        0
      ]
    },
    {
      "Target": "Parameter",
      "Id": "shoujbsx",
      "FadeInTime": -1.0,
      "FadeOutTime": -1.0,
      "Segments": [
        0,
        0,
        0,
        6.05,
        0
      ]
    },
    {
      "Target": "Parameter",
      "Id": "shoujbY",
      "FadeInTime": -1.0,
      "FadeOutTime": -1.0,
      "Segments": [
        0,
        0,
        0,
        6.05,
        0
      ]
    },
    {
      "Target": "Parameter",
      "Id": "jishouying1",
      "FadeInTime": -1.0,
      "FadeOutTime": -1.0,
      "Segments": [
        0,
        0,
        0,
        6.05,
        0
      ]
    },
    {
      "Target": "Parameter",
      "Id": "jishouying2",
      "FadeInTime": -1.0,
      "FadeOutTime": -1.0,
      "Segments": [
        0,
        0,
        0,
        6.05,
        0
      ]
    },
    {
      "Target": "Parameter",
      "Id": "XXXXXXX13",
      "FadeInTime": -1.0,
      "FadeOutTime": -1.0,
      "Segments": [
        0,
        0,
        0,
        6.05,
        0
      ]
    },
    {
      "Target": "Parameter",
      "Id": "shouxinxs",
      "FadeInTime": -1.0,
      "FadeOutTime": -1.0,
      "Segments": [
        0,
        0,
        0,
        6.05,
        0
      ]
    },
    {
      "Target": "Parameter",
      "Id": "shouxinxz",
      "FadeInTime": -1.0,
      "FadeOutTime": -1.0,
      "Segments": [
        0,
        0,
        0,
        6.05,
        0
      ]
    },
    {
      "Target": "Parameter",
      "Id": "shouxin1",
      "FadeInTime": -1.0,
      "FadeOutTime": -1.0,
      "Segments": [
        0,
        0,
        0,
        6.05,
        0
      ]
    },
    {
      "Target": "Parameter",
      "Id": "shouxin2",
      "FadeInTime": -1.0,
      "FadeOutTime": -1.0,
      "Segments": [
        0,
        0,
        0,
        6.05,
        0
      ]
    },
    {
      "Target": "Parameter",
      "Id": "XXXXXXX7",
      "FadeInTime": -1.0,
      "FadeOutTime": -1.0,
      "Segments": [
        0,
        0,
        0,
        6.05,
        0
      ]
    },
    {
      "Target": "Parameter",
      "Id": "rxbbx",
      "FadeInTime": -1.0,
      "FadeOutTime": -1.0,
      "Segments": [
        0,
        0,
        0,
        6.05,
        0
      ]
    },
    {
      "Target": "Parameter",
      "Id": "Rshoudh2",
      "FadeInTime": -1.0,
      "FadeOutTime": -1.0,
      "Segments": [
        0,
        0,
        0,
        6.05,
        0
      ]
    },
    {
      "Target": "Parameter",
      "Id": "Rmuzhi",
      "FadeInTime": -1.0,
      "FadeOutTime": -1.0,
      "Segments": [
        0,
        0,
        0,
        6.05,
        0
      ]
    },
    {
      "Target": "Parameter",
      "Id": "XXXXXXX6",
      "FadeInTime": -1.0,
      "FadeOutTime": -1.0,
      "Segments": [
        0,
        0,
        0,
        6.05,
        0
      ]
    },
    {
      "Target": "Parameter",
      "Id": "Rzhangshou",
      "FadeInTime": -1.0,
      "FadeOutTime": -1.0,
      "Segments": [
        0,
        0,
        0,
        6.05,
        0
      ]
    },
    {
      "Target": "Parameter",
      "Id": "Rtaoeshou",
      "FadeInTime": -1.0,
      "FadeOutTime": -1.0,
      "Segments": [
        0,
        0,
        0,
        6.05,
        0
      ]
    },
    {
      "Target": "Parameter",
      "Id": "chuotaoshou",
      "FadeInTime": -1.0,
      "FadeOutTime": -1.0,
      "Segments": [
        0,
        0,
        0,
        6.05,
        0
      ]
    },
    {
      "Target": "Parameter",
      "Id": "rhezhgn",
      "FadeInTime": -1.0,
      "FadeOutTime": -1.0,
      "Segments": [
        0,
        0,
        0,
        6.05,
        0
      ]
    },
    {
      "Target": "Parameter",
      "Id": "shouytxs",
      "FadeInTime": -1.0,
      "FadeOutTime": -1.0,
      "Segments": [
        0,
        0,
        0,
        6.05,
        0
      ]
    },
    {
      "Target": "Parameter",
      "Id": "shouytxz",
      "FadeInTime": -1.0,
      "FadeOutTime": -1.0,
      "Segments": [
        0,
        0,
        0,
        6.05,
        0
      ]
    },
    {
      "Target": "Parameter",
      "Id": "rtuiying",
      "FadeInTime": -1.0,
      "FadeOutTime": -1.0,
      "Segments": [
        0,
        0,
        0,
        6.05,
        0
      ]
    },
    {
      "Target": "Parameter",
      "Id": "jijazhe",
      "FadeInTime": -1.0,
      "FadeOutTime": -1.0,
      "Segments": [
        0,
        0,
        0,
        6.05,
        0
      ]
    },
    {
      "Target": "Parameter",
      "Id": "Rxtxz",
      "FadeInTime": -1.0,
      "FadeOutTime": -1.0,
      "Segments": [
        0,
        0,
        0,
        6.05,
        0
      ]
    },
    {
      "Target": "Parameter",
      "Id": "Rjiaoxz",
      "FadeInTime": -1.0,
      "FadeOutTime": -1.0,
      "Segments": [
        0,
        0,
        0,
        6.05,
        0
      ]
    },
    {
      "Target": "Parameter",
      "Id": "jiupsz",
      "FadeInTime": -1.0,
      "FadeOutTime": -1.0,
      "Segments": [
        0,
        0,
        0,
        6.05,
        0
      ]
    },
    {
      "Target": "Parameter",
      "Id": "XXXXXXX5",
      "FadeInTime": -1.0,
      "FadeOutTime": -1.0,
      "Segments": [
        0,
        0,
        0,
        6.05,
        0
      ]
    },
    {
      "Target": "Parameter",
      "Id": "jiupf",
      "FadeInTime": -1.0,
      "FadeOutTime": -1.0,
      "Segments": [
        0,
        0,
        0,
        6.05,
        0
      ]
    },
    {
      "Target": "Parameter",
      "Id": "jiupsx",
      "FadeInTime": -1.0,
      "FadeOutTime": -1.0,
      "Segments": [
        0,
        0,
        0,
        6.05,
        0
      ]
    },
    {
      "Target": "Parameter",
      "Id": "jisjohu",
      "FadeInTime": -1.0,
      "FadeOutTime": -1.0,
      "Segments": [
        0,
        0,
        0,
        6.05,
        0
      ]
    },
    {
      "Target": "Parameter",
      "Id": "jihoushou",
      "FadeInTime": -1.0,
      "FadeOutTime": -1.0,
      "Segments": [
        0,
        0,
        0,
        6.05,
        0
      ]
    },
    {
      "Target": "Parameter",
      "Id": "jishouna",
      "FadeInTime": -1.0,
      "FadeOutTime": -1.0,
      "Segments": [
        0,
        0,
        0,
        6.05,
        0
      ]
    },
    {
      "Target": "Parameter",
      "Id": "jixinfengxs",
      "FadeInTime": -1.0,
      "FadeOutTime": -1.0,
      "Segments": [
        0,
        0,
        0,
        6.05,
        0
      ]
    },
    {
      "Target": "Parameter",
      "Id": "jixfy",
      "FadeInTime": -1.0,
      "FadeOutTime": -1.0,
      "Segments": [
        0,
        0,
        0,
        6.05,
        0
      ]
    },
    {
      "Target": "Parameter",
      "Id": "shoujbyz",
      "FadeInTime": -1.0,
      "FadeOutTime": -1.0,
      "Segments": [
        0,
        0,
        0,
        6.05,
        0
      ]
    },
    {
      "Target": "Parameter",
      "Id": "jiubgg",
      "FadeInTime": -1.0,
      "FadeOutTime": -1.0,
      "Segments": [
        0,
        1,
        0,
        6.05,
        1
      ]
    },
    {
      "Target": "Parameter",
      "Id": "XXXXXXX17",
      "FadeInTime": -1.0,
      "FadeOutTime": -1.0,
      "Segments": [
        0,
        0,
        0,
        6.05,
        0
      ]
    },
    {
      "Target": "Parameter",
      "Id": "MB_yanwubaozha",
      "FadeInTime": -1.0,
      "FadeOutTime": -1.0,
      "Segments": [
        0,
        0,
        0,
        6.05,
        0
      ]
    },
    {
      "Target": "Parameter",
      "Id": "tangjichu",
      "FadeInTime": -1.0,
      "FadeOutTime": -1.0,
      "Segments": [
        0,
        0,
        0,
        6.05,
        0
      ]
    },
    {
      "Target": "Parameter",
      "Id": "tangjibq",
      "FadeInTime": -1.0,
      "FadeOutTime": -1.0,
      "Segments": [
        0,
        0,
        0,
        6.05,
        0
      ]
    },
    {
      "Target": "Parameter",
      "Id": "tangjidm",
      "FadeInTime": -1.0,
      "FadeOutTime": -1.0,
      "Segments": [
        0,
        0,
        0,
        6.05,
        0
      ]
    },
    {
      "Target": "Parameter",
      "Id": "tangjidm2",
      "FadeInTime": -1.0,
      "FadeOutTime": -1.0,
      "Segments": [
        0,
        0,
        0,
        6.05,
        0
      ]
    },
    {
      "Target": "Parameter",
      "Id": "tangjiX",
      "FadeInTime": -1.0,
      "FadeOutTime": -1.0,
      "Segments": [
        0,
        0,
        0,
        6.05,
        0
      ]
    },
    {
      "Target": "Parameter",
      "Id": "tangjiY",
      "FadeInTime": -1.0,
      "FadeOutTime": -1.0,
      "Segments": [
        0,
        0,
        0,
        6.05,
        0
      ]
    },
    {
      "Target": "Parameter",
      "Id": "XXXXXXX18",
      "FadeInTime": -1.0,
      "FadeOutTime": -1.0,
      "Segments": [
        0,
        0,
        0,
        6.05,
        0
      ]
    }
  ],
  "UserData": [
    {
      "Time": 0.0,
      "Value": ""
    },
    {
      "Time": 5.55,
      "Value": ""
    }
  ]
}