{
  "Version": 3,
  "Meta": {
    "Duration": 5.333,
    "Fps": 60.0,
    "Loop": true,
    "AreBeziersRestricted": true,
    "FadeInTime": 0.0,
    "FadeOutTime": 0.0,
    "CurveCount": 31,
    "TotalSegmentCount": 120,
    "TotalPointCount": 208,
    "UserDataCount": 1,
    "TotalUserDataSize": 0
  },
  "Curves": [
    {
      "Target": "Parameter",
      "Id": "Param73",
      "FadeInTime": -1.0,
      "FadeOutTime": -1.0,
      "Segments": [
        0,
        0,
        0,
        1.333,
        -2.94,
        0,
        2.667,
        0,
        0,
        4,
        -2.94,
        0,
        5.333,
        0
      ]
    },
    {
      "Target": "Parameter",
      "Id": "Param74",
      "FadeInTime": -1.0,
      "FadeOutTime": -1.0,
      "Segments": [
        0,
        0,
        1,
        0.222,
        5.778,
        0.445,
        7.26,
        0.667,
        7.26,
        0,
        2,
        -7.26,
        1,
        2.222,
        -7.26,
        2.445,
        -4.84,
        2.667,
        0,
        1,
        2.889,
        4.84,
        3.111,
        7.26,
        3.333,
        7.26,
        0,
        4.667,
        -7.26,
        1,
        4.889,
        -7.26,
        5.111,
        -4.84,
        5.333,
        0
      ]
    },
    {
      "Target": "Parameter",
      "Id": "Param70",
      "FadeInTime": -1.0,
      "FadeOutTime": -1.0,
      "Segments": [
        0,
        0,
        1,
        0.222,
        5.873,
        0.445,
        7.38,
        0.667,
        7.38,
        0,
        2,
        -7.38,
        1,
        2.222,
        -7.38,
        2.445,
        -4.92,
        2.667,
        0,
        1,
        2.889,
        4.92,
        3.111,
        7.38,
        3.333,
        7.38,
        0,
        4.667,
        -7.38,
        1,
        4.889,
        -7.38,
        5.111,
        -4.92,
        5.333,
        0
      ]
    },
    {
      "Target": "Parameter",
      "Id": "Param69",
      "FadeInTime": -1.0,
      "FadeOutTime": -1.0,
      "Segments": [
        0,
        0,
        0,
        1.333,
        -14,
        0,
        2.667,
        0,
        0,
        4,
        -14,
        0,
        5.333,
        0
      ]
    },
    {
      "Target": "Parameter",
      "Id": "Param102",
      "FadeInTime": -1.0,
      "FadeOutTime": -1.0,
      "Segments": [
        0,
        0,
        0,
        1.333,
        13.38,
        0,
        2.667,
        0,
        0,
        4,
        13.38,
        0,
        5.333,
        0
      ]
    },
    {
      "Target": "Parameter",
      "Id": "Param103",
      "FadeInTime": -1.0,
      "FadeOutTime": -1.0,
      "Segments": [
        0,
        0,
        1,
        0.222,
        -8.567,
        0.445,
        -10.8,
        0.667,
        -10.8,
        0,
        2,
        10.8,
        1,
        2.222,
        10.8,
        2.445,
        7.2,
        2.667,
        0,
        1,
        2.889,
        -7.2,
        3.111,
        -10.8,
        3.333,
        -10.8,
        0,
        4.667,
        10.8,
        1,
        4.889,
        10.8,
        5.111,
        7.2,
        5.333,
        0
      ]
    },
    {
      "Target": "Parameter",
      "Id": "Param104",
      "FadeInTime": -1.0,
      "FadeOutTime": -1.0,
      "Segments": [
        0,
        0,
        0,
        1.333,
        10.14,
        0,
        2.667,
        0,
        0,
        4,
        10.14,
        0,
        5.333,
        0
      ]
    },
    {
      "Target": "Parameter",
      "Id": "Param105",
      "FadeInTime": -1.0,
      "FadeOutTime": -1.0,
      "Segments": [
        0,
        0,
        1,
        0.222,
        -12.571,
        0.445,
        -15.9,
        0.667,
        -15.9,
        0,
        2,
        15.9,
        1,
        2.222,
        15.9,
        2.445,
        10.6,
        2.667,
        0,
        1,
        2.889,
        -10.6,
        3.111,
        -15.9,
        3.333,
        -15.9,
        0,
        4.667,
        15.9,
        1,
        4.889,
        15.9,
        5.111,
        10.6,
        5.333,
        0
      ]
    },
    {
      "Target": "Parameter",
      "Id": "Param106",
      "FadeInTime": -1.0,
      "FadeOutTime": -1.0,
      "Segments": [
        0,
        0,
        0,
        1.333,
        -12.36,
        0,
        2.667,
        0,
        0,
        4,
        -12.36,
        0,
        5.333,
        0
      ]
    },
    {
      "Target": "Parameter",
      "Id": "Param107",
      "FadeInTime": -1.0,
      "FadeOutTime": -1.0,
      "Segments": [
        0,
        0,
        1,
        0.222,
        12.336,
        0.445,
        15.6,
        0.667,
        15.6,
        0,
        2,
        -15.6,
        1,
        2.222,
        -15.6,
        2.445,
        -10.4,
        2.667,
        0,
        1,
        2.889,
        10.4,
        3.111,
        15.6,
        3.333,
        15.6,
        0,
        4.667,
        -15.6,
        1,
        4.889,
        -15.6,
        5.111,
        -10.4,
        5.333,
        0
      ]
    },
    {
      "Target": "Parameter",
      "Id": "Param108",
      "FadeInTime": -1.0,
      "FadeOutTime": -1.0,
      "Segments": [
        0,
        0,
        0,
        1.333,
        -17.22,
        0,
        2.667,
        0,
        0,
        4,
        -17.22,
        0,
        5.333,
        0
      ]
    },
    {
      "Target": "Parameter",
      "Id": "Param1099",
      "FadeInTime": -1.0,
      "FadeOutTime": -1.0,
      "Segments": [
        0,
        0,
        1,
        0.222,
        11.771,
        0.445,
        14.88,
        0.667,
        14.88,
        0,
        2,
        -14.88,
        1,
        2.222,
        -14.88,
        2.445,
        -9.92,
        2.667,
        0,
        1,
        2.889,
        9.92,
        3.111,
        14.88,
        3.333,
        14.88,
        0,
        4.667,
        -14.88,
        1,
        4.889,
        -14.88,
        5.111,
        -9.92,
        5.333,
        0
      ]
    },
    {
      "Target": "Parameter",
      "Id": "Param1100",
      "FadeInTime": -1.0,
      "FadeOutTime": -1.0,
      "Segments": [
        0,
        0,
        0,
        1.333,
        -14,
        0,
        2.667,
        0,
        0,
        4,
        -14,
        0,
        5.333,
        0
      ]
    },
    {
      "Target": "Parameter",
      "Id": "Param1111",
      "FadeInTime": -1.0,
      "FadeOutTime": -1.0,
      "Segments": [
        0,
        0,
        1,
        0.222,
        9.51,
        0.445,
        12,
        0.667,
        12,
        0,
        2,
        -12,
        1,
        2.222,
        -12,
        2.445,
        -8,
        2.667,
        0,
        1,
        2.889,
        8,
        3.111,
        12,
        3.333,
        12,
        0,
        4.667,
        -12,
        1,
        4.889,
        -12,
        5.111,
        -8,
        5.333,
        0
      ]
    },
    {
      "Target": "Parameter",
      "Id": "Param65",
      "FadeInTime": -1.0,
      "FadeOutTime": -1.0,
      "Segments": [
        0,
        0,
        0,
        1.333,
        5.04,
        0,
        2.667,
        0,
        0,
        4,
        5.04,
        0,
        5.333,
        0
      ]
    },
    {
      "Target": "Parameter",
      "Id": "Param66",
      "FadeInTime": -1.0,
      "FadeOutTime": -1.0,
      "Segments": [
        0,
        0,
        1,
        0.222,
        2.206,
        0.445,
        2.76,
        0.667,
        2.76,
        0,
        2,
        -2.76,
        1,
        2.222,
        -2.76,
        2.445,
        -1.84,
        2.667,
        0,
        1,
        2.889,
        1.84,
        3.111,
        2.76,
        3.333,
        2.76,
        0,
        4.667,
        -2.76,
        1,
        4.889,
        -2.76,
        5.111,
        -1.84,
        5.333,
        0
      ]
    },
    {
      "Target": "Parameter",
      "Id": "Param75",
      "FadeInTime": -1.0,
      "FadeOutTime": -1.0,
      "Segments": [
        0,
        0,
        0,
        1.333,
        4.26,
        0,
        2.667,
        0,
        0,
        4,
        4.26,
        0,
        5.333,
        0
      ]
    },
    {
      "Target": "Parameter",
      "Id": "Param67",
      "FadeInTime": -1.0,
      "FadeOutTime": -1.0,
      "Segments": [
        0,
        0,
        0,
        1.333,
        -1.44,
        0,
        2.667,
        0,
        0,
        4,
        -1.44,
        0,
        5.333,
        0
      ]
    },
    {
      "Target": "Parameter",
      "Id": "Param96",
      "FadeInTime": -1.0,
      "FadeOutTime": -1.0,
      "Segments": [
        0,
        0,
        1,
        0.222,
        -6.11,
        0.445,
        -7.68,
        0.667,
        -7.68,
        0,
        2,
        7.68,
        1,
        2.222,
        7.68,
        2.445,
        5.12,
        2.667,
        0,
        1,
        2.889,
        -5.12,
        3.111,
        -7.68,
        3.333,
        -7.68,
        0,
        4.667,
        7.68,
        1,
        4.889,
        7.68,
        5.111,
        5.12,
        5.333,
        0
      ]
    },
    {
      "Target": "Parameter",
      "Id": "Param68",
      "FadeInTime": -1.0,
      "FadeOutTime": -1.0,
      "Segments": [
        0,
        0,
        0,
        1.333,
        -2.16,
        0,
        2.667,
        0,
        0,
        4,
        -2.16,
        0,
        5.333,
        0
      ]
    },
    {
      "Target": "Parameter",
      "Id": "Param97",
      "FadeInTime": -1.0,
      "FadeOutTime": -1.0,
      "Segments": [
        0,
        0,
        1,
        0.222,
        -2.254,
        0.445,
        -2.82,
        0.667,
        -2.82,
        0,
        2,
        2.82,
        1,
        2.222,
        2.82,
        2.445,
        1.88,
        2.667,
        0,
        1,
        2.889,
        -1.88,
        3.111,
        -2.82,
        3.333,
        -2.82,
        0,
        4.667,
        2.82,
        1,
        4.889,
        2.82,
        5.111,
        1.88,
        5.333,
        0
      ]
    },
    {
      "Target": "Parameter",
      "Id": "Param100",
      "FadeInTime": -1.0,
      "FadeOutTime": -1.0,
      "Segments": [
        0,
        0,
        1,
        0.222,
        5.683,
        0.445,
        7.14,
        0.667,
        7.14,
        0,
        2,
        -7.14,
        1,
        2.222,
        -7.14,
        2.445,
        -4.76,
        2.667,
        0,
        1,
        2.889,
        4.76,
        3.111,
        7.14,
        3.333,
        7.14,
        0,
        4.667,
        -7.14,
        1,
        4.889,
        -7.14,
        5.111,
        -4.76,
        5.333,
        0
      ]
    },
    {
      "Target": "Model",
      "Id": "Opacity",
      "FadeInTime": -1.0,
      "FadeOutTime": -1.0,
      "Segments": [
        0,
        1,
        0,
        5.333,
        1
      ]
    },
    {
      "Target": "Parameter",
      "Id": "Param34",
      "FadeInTime": -1.0,
      "FadeOutTime": -1.0,
      "Segments": [
        0,
        0,
        0,
        5.333,
        0
      ]
    },
    {
      "Target": "Parameter",
      "Id": "Param101",
      "FadeInTime": -1.0,
      "FadeOutTime": -1.0,
      "Segments": [
        0,
        0,
        0,
        5.333,
        0
      ]
    },
    {
      "Target": "Parameter",
      "Id": "Param63",
      "FadeInTime": -1.0,
      "FadeOutTime": -1.0,
      "Segments": [
        0,
        0,
        0,
        5.333,
        0
      ]
    },
    {
      "Target": "Parameter",
      "Id": "Param64",
      "FadeInTime": -1.0,
      "FadeOutTime": -1.0,
      "Segments": [
        0,
        0,
        0,
        5.333,
        0
      ]
    },
    {
      "Target": "Parameter",
      "Id": "Param71",
      "FadeInTime": -1.0,
      "FadeOutTime": -1.0,
      "Segments": [
        0,
        0,
        0,
        5.333,
        0
      ]
    },
    {
      "Target": "Parameter",
      "Id": "Param99",
      "FadeInTime": -1.0,
      "FadeOutTime": -1.0,
      "Segments": [
        0,
        0,
        0,
        5.333,
        0
      ]
    },
    {
      "Target": "Parameter",
      "Id": "Param98",
      "FadeInTime": -1.0,
      "FadeOutTime": -1.0,
      "Segments": [
        0,
        0,
        0,
        5.333,
        0
      ]
    },
    {
      "Target": "Parameter",
      "Id": "Param72",
      "FadeInTime": -1.0,
      "FadeOutTime": -1.0,
      "Segments": [
        0,
        0,
        0,
        5.333,
        0
      ]
    }
  ],
  "UserData": [
    {
      "Time": 0.0,
      "Value": ""
    }
  ]
}