{
  "Version": 3,
  "Meta": {
    "Duration": 8.0,
    "Fps": 60.0,
    "Loop": true,
    "AreBeziersRestricted": true,
    "FadeInTime": 0.0,
    "FadeOutTime": 0.0,
    "CurveCount": 255,
    "TotalSegmentCount": 777,
    "TotalPointCount": 1279,
    "UserDataCount": 1,
    "TotalUserDataSize": 0
  },
  "Curves": [
    {
      "Target": "Parameter",
      "Id": "ParamAngleX",
      "FadeInTime": -1.0,
      "FadeOutTime": -1.0,
      "Segments": [
        0,
        0,
        0,
        1.333,
        6.78,
        0,
        2.667,
        0,
        0,
        4,
        6.78,
        0,
        5.333,
        0,
        0,
        6.667,
        6.78,
        0,
        8,
        0
      ]
    },
    {
      "Target": "Parameter",
      "Id": "ParamAngleY",
      "FadeInTime": -1.0,
      "FadeOutTime": -1.0,
      "Segments": [
        0,
        0,
        1,
        0.222,
        -3.019,
        0.445,
        -3.781,
        0.667,
        -3.781,
        0,
        2,
        3.781,
        1,
        2.222,
        3.781,
        2.445,
        2.521,
        2.667,
        0,
        1,
        2.889,
        -2.521,
        3.111,
        -3.781,
        3.333,
        -3.781,
        0,
        4.667,
        3.781,
        1,
        4.889,
        3.781,
        5.111,
        2.521,
        5.333,
        0,
        1,
        5.555,
        -2.521,
        5.778,
        -3.781,
        6,
        -3.781,
        0,
        7.333,
        3.781,
        0,
        8,
        0
      ]
    },
    {
      "Target": "Parameter",
      "Id": "ParamAngleZ",
      "FadeInTime": -1.0,
      "FadeOutTime": -1.0,
      "Segments": [
        0,
        0,
        1,
        0.222,
        1.575,
        0.445,
        1.945,
        0.667,
        1.945,
        0,
        2,
        -2.078,
        1,
        2.222,
        -2.078,
        2.445,
        -1.34,
        2.667,
        0,
        1,
        2.889,
        1.34,
        3.111,
        1.945,
        3.333,
        1.945,
        0,
        4.667,
        -2.078,
        1,
        4.889,
        -2.078,
        5.111,
        -1.34,
        5.333,
        0,
        1,
        5.555,
        1.34,
        5.778,
        1.945,
        6,
        1.945,
        0,
        7.333,
        -2.078,
        0,
        8,
        0
      ]
    },
    {
      "Target": "Parameter",
      "Id": "Param",
      "FadeInTime": -1.0,
      "FadeOutTime": -1.0,
      "Segments": [
        0,
        0,
        0,
        1.333,
        -1.861,
        0,
        2.667,
        0,
        0,
        4,
        -1.861,
        0,
        5.333,
        0,
        0,
        6.667,
        -1.861,
        0,
        8,
        0
      ]
    },
    {
      "Target": "Parameter",
      "Id": "ParamEyeLSmile",
      "FadeInTime": -1.0,
      "FadeOutTime": -1.0,
      "Segments": [
        0,
        1,
        2,
        0.6,
        1,
        0,
        0.667,
        0,
        0,
        0.8,
        1,
        2,
        2,
        1,
        2,
        2.667,
        1,
        2,
        5.333,
        1,
        2,
        5.933,
        1,
        0,
        6,
        0,
        0,
        6.133,
        1,
        2,
        7.333,
        1,
        2,
        8,
        1
      ]
    },
    {
      "Target": "Parameter",
      "Id": "ParamEyeROpen",
      "FadeInTime": -1.0,
      "FadeOutTime": -1.0,
      "Segments": [
        0,
        1,
        2,
        0.6,
        1,
        0,
        0.667,
        0,
        0,
        0.8,
        1,
        2,
        2,
        1,
        2,
        2.667,
        1,
        2,
        5.333,
        1,
        2,
        5.933,
        1,
        0,
        6,
        0,
        0,
        6.133,
        1,
        2,
        7.333,
        1,
        2,
        8,
        1
      ]
    },
    {
      "Target": "Parameter",
      "Id": "ParamMouthOpenY",
      "FadeInTime": -1.0,
      "FadeOutTime": -1.0,
      "Segments": [
        0,
        1,
        2,
        2.667,
        1,
        2,
        5.333,
        1,
        0,
        8,
        0
      ]
    },
    {
      "Target": "Parameter",
      "Id": "ParamBodyAngleX",
      "FadeInTime": -1.0,
      "FadeOutTime": -1.0,
      "Segments": [
        0,
        0,
        1,
        0.222,
        1.264,
        0.445,
        1.58,
        0.667,
        1.58,
        0,
        2,
        -1.58,
        1,
        2.222,
        -1.58,
        2.445,
        -1.053,
        2.667,
        0,
        1,
        2.889,
        1.053,
        3.111,
        1.58,
        3.333,
        1.58,
        0,
        4.667,
        -1.58,
        1,
        4.889,
        -1.58,
        5.111,
        -1.053,
        5.333,
        0,
        1,
        5.555,
        1.053,
        5.778,
        1.58,
        6,
        1.58,
        0,
        7.333,
        -1.58,
        0,
        8,
        0
      ]
    },
    {
      "Target": "Parameter",
      "Id": "ParamBodyAngleY",
      "FadeInTime": -1.0,
      "FadeOutTime": -1.0,
      "Segments": [
        0,
        0,
        1,
        0.222,
        -1.855,
        0.445,
        -2.32,
        0.667,
        -2.32,
        0,
        2,
        2.32,
        1,
        2.222,
        2.32,
        2.445,
        1.547,
        2.667,
        0,
        1,
        2.889,
        -1.547,
        3.111,
        -2.32,
        3.333,
        -2.32,
        0,
        4.667,
        2.32,
        1,
        4.889,
        2.32,
        5.111,
        1.547,
        5.333,
        0,
        1,
        5.555,
        -1.547,
        5.778,
        -2.32,
        6,
        -2.32,
        0,
        7.333,
        2.32,
        0,
        8,
        0
      ]
    },
    {
      "Target": "Parameter",
      "Id": "Param9",
      "FadeInTime": -1.0,
      "FadeOutTime": -1.0,
      "Segments": [
        0,
        0,
        1,
        0.222,
        0.239,
        0.445,
        0.358,
        0.667,
        0.358,
        0,
        2,
        -0.18,
        1,
        2.222,
        -0.18,
        2.445,
        -0.16,
        2.667,
        0,
        1,
        2.889,
        0.16,
        3.111,
        0.358,
        3.333,
        0.358,
        0,
        4.667,
        -0.18,
        1,
        4.889,
        -0.18,
        5.111,
        -0.16,
        5.333,
        0,
        1,
        5.555,
        0.16,
        5.778,
        0.358,
        6,
        0.358,
        0,
        7.333,
        -0.18,
        0,
        8,
        0
      ]
    },
    {
      "Target": "Parameter",
      "Id": "Param5",
      "FadeInTime": -1.0,
      "FadeOutTime": -1.0,
      "Segments": [
        0,
        0,
        1,
        0.222,
        -0.505,
        0.445,
        -0.632,
        0.667,
        -0.632,
        0,
        2,
        0.63,
        1,
        2.222,
        0.63,
        2.445,
        0.421,
        2.667,
        0,
        1,
        2.889,
        -0.421,
        3.111,
        -0.632,
        3.333,
        -0.632,
        0,
        4.667,
        0.63,
        1,
        4.889,
        0.63,
        5.111,
        0.421,
        5.333,
        0,
        1,
        5.555,
        -0.421,
        5.778,
        -0.632,
        6,
        -0.632,
        0,
        7.333,
        0.63,
        0,
        8,
        0
      ]
    },
    {
      "Target": "Parameter",
      "Id": "Param12",
      "FadeInTime": -1.0,
      "FadeOutTime": -1.0,
      "Segments": [
        0,
        0,
        0,
        1.333,
        -3.106,
        0,
        2.667,
        0,
        0,
        4,
        -3.106,
        0,
        5.333,
        0,
        0,
        6.667,
        -3.106,
        0,
        8,
        0
      ]
    },
    {
      "Target": "Parameter",
      "Id": "Param11",
      "FadeInTime": -1.0,
      "FadeOutTime": -1.0,
      "Segments": [
        0,
        0,
        0,
        1.333,
        -3.12,
        0,
        2.667,
        0,
        0,
        4,
        -3.12,
        0,
        5.333,
        0,
        0,
        6.667,
        -3.12,
        0,
        8,
        0
      ]
    },
    {
      "Target": "Parameter",
      "Id": "ParamBreath",
      "FadeInTime": -1.0,
      "FadeOutTime": -1.0,
      "Segments": [
        0,
        0,
        0,
        1.333,
        0.596,
        0,
        2.667,
        0,
        0,
        4,
        0.596,
        0,
        5.333,
        0,
        0,
        6.667,
        0.596,
        0,
        8,
        0
      ]
    },
    {
      "Target": "Parameter",
      "Id": "Param27",
      "FadeInTime": -1.0,
      "FadeOutTime": -1.0,
      "Segments": [
        0,
        0,
        0,
        1.333,
        0.96,
        0,
        2.667,
        0,
        0,
        4,
        0.96,
        0,
        5.333,
        0,
        0,
        6.667,
        0.96,
        0,
        8,
        0
      ]
    },
    {
      "Target": "Parameter",
      "Id": "Param28",
      "FadeInTime": -1.0,
      "FadeOutTime": -1.0,
      "Segments": [
        0,
        0,
        1,
        0.222,
        -0.78,
        0.445,
        -0.975,
        0.667,
        -0.975,
        0,
        2,
        0.975,
        1,
        2.222,
        0.975,
        2.445,
        0.65,
        2.667,
        0,
        1,
        2.889,
        -0.65,
        3.111,
        -0.975,
        3.333,
        -0.975,
        0,
        4.667,
        0.975,
        1,
        4.889,
        0.975,
        5.111,
        0.65,
        5.333,
        0,
        1,
        5.555,
        -0.65,
        5.778,
        -0.975,
        6,
        -0.975,
        0,
        7.333,
        0.975,
        0,
        8,
        0
      ]
    },
    {
      "Target": "Parameter",
      "Id": "Param29",
      "FadeInTime": -1.0,
      "FadeOutTime": -1.0,
      "Segments": [
        0,
        0,
        0,
        1.333,
        -3.12,
        0,
        2.667,
        0,
        0,
        4,
        -3.12,
        0,
        5.333,
        0,
        0,
        6.667,
        -3.12,
        0,
        8,
        0
      ]
    },
    {
      "Target": "Parameter",
      "Id": "Param_Leg_upper_L_Z",
      "FadeInTime": -1.0,
      "FadeOutTime": -1.0,
      "Segments": [
        0,
        0,
        0,
        1.333,
        0.53,
        0,
        2.667,
        0,
        0,
        4,
        0.53,
        0,
        5.333,
        0,
        0,
        6.667,
        0.53,
        0,
        8,
        0
      ]
    },
    {
      "Target": "Parameter",
      "Id": "Param_Leg_lower_L1_Z",
      "FadeInTime": -1.0,
      "FadeOutTime": -1.0,
      "Segments": [
        0,
        0,
        1,
        0.222,
        0,
        0.445,
        0.274,
        0.667,
        0.426,
        1,
        0.889,
        0.578,
        1.111,
        0.581,
        1.333,
        0.581,
        1,
        1.555,
        0.581,
        1.778,
        0.337,
        2,
        0.174,
        1,
        2.222,
        0.011,
        2.445,
        0,
        2.667,
        0,
        1,
        2.889,
        0,
        3.111,
        0.274,
        3.333,
        0.426,
        1,
        3.555,
        0.578,
        3.778,
        0.581,
        4,
        0.581,
        1,
        4.222,
        0.581,
        4.445,
        0.337,
        4.667,
        0.174,
        1,
        4.889,
        0.011,
        5.111,
        0,
        5.333,
        0,
        1,
        5.555,
        0,
        5.778,
        0.274,
        6,
        0.426,
        1,
        6.222,
        0.578,
        6.445,
        0.581,
        6.667,
        0.581,
        1,
        6.889,
        0.581,
        7.111,
        0.337,
        7.333,
        0.174,
        1,
        7.555,
        0.011,
        7.778,
        0,
        8,
        0
      ]
    },
    {
      "Target": "Parameter",
      "Id": "Param_foot_L1_Z",
      "FadeInTime": -1.0,
      "FadeOutTime": -1.0,
      "Segments": [
        0,
        0,
        0,
        0.667,
        -1.86,
        1,
        1.111,
        -1.86,
        1.556,
        -1.622,
        2,
        -0.84,
        1,
        2.222,
        -0.449,
        2.445,
        0,
        2.667,
        0,
        0,
        3.333,
        -1.86,
        1,
        3.778,
        -1.86,
        4.222,
        -1.622,
        4.667,
        -0.84,
        1,
        4.889,
        -0.449,
        5.111,
        0,
        5.333,
        0,
        0,
        6,
        -1.86,
        1,
        6.444,
        -1.86,
        6.889,
        -1.622,
        7.333,
        -0.84,
        1,
        7.555,
        -0.449,
        7.778,
        0,
        8,
        0
      ]
    },
    {
      "Target": "Parameter",
      "Id": "Param19",
      "FadeInTime": -1.0,
      "FadeOutTime": -1.0,
      "Segments": [
        0,
        0,
        1,
        0.222,
        0.053,
        0.445,
        0.08,
        0.667,
        0.08,
        0,
        2,
        -0.04,
        1,
        2.222,
        -0.04,
        2.445,
        -0.036,
        2.667,
        0,
        1,
        2.889,
        0.036,
        3.111,
        0.08,
        3.333,
        0.08,
        0,
        4.667,
        -0.04,
        1,
        4.889,
        -0.04,
        5.111,
        -0.036,
        5.333,
        0,
        1,
        5.555,
        0.036,
        5.778,
        0.08,
        6,
        0.08,
        0,
        7.333,
        -0.04,
        0,
        8,
        0
      ]
    },
    {
      "Target": "Parameter",
      "Id": "Param20",
      "FadeInTime": -1.0,
      "FadeOutTime": -1.0,
      "Segments": [
        0,
        0,
        1,
        0.222,
        -0.533,
        0.445,
        -0.96,
        0.667,
        -0.96,
        0,
        2,
        0.3,
        1,
        2.222,
        0.3,
        2.445,
        0.305,
        2.667,
        0,
        1,
        2.889,
        -0.305,
        3.111,
        -0.96,
        3.333,
        -0.96,
        0,
        4.667,
        0.3,
        1,
        4.889,
        0.3,
        5.111,
        0.305,
        5.333,
        0,
        1,
        5.555,
        -0.305,
        5.778,
        -0.96,
        6,
        -0.96,
        0,
        7.333,
        0.3,
        0,
        8,
        0
      ]
    },
    {
      "Target": "Parameter",
      "Id": "Param76",
      "FadeInTime": -1.0,
      "FadeOutTime": -1.0,
      "Segments": [
        0,
        0,
        1,
        0.222,
        0,
        0.445,
        0.749,
        0.667,
        1.38,
        1,
        0.889,
        2.011,
        1.111,
        2.1,
        1.333,
        2.1,
        1,
        1.555,
        2.1,
        1.778,
        1.512,
        2,
        0.84,
        1,
        2.222,
        0.168,
        2.445,
        0,
        2.667,
        0,
        1,
        2.889,
        0,
        3.111,
        0.749,
        3.333,
        1.38,
        1,
        3.555,
        2.011,
        3.778,
        2.1,
        4,
        2.1,
        1,
        4.222,
        2.1,
        4.445,
        1.512,
        4.667,
        0.84,
        1,
        4.889,
        0.168,
        5.111,
        0,
        5.333,
        0,
        1,
        5.555,
        0,
        5.778,
        0.749,
        6,
        1.38,
        1,
        6.222,
        2.011,
        6.445,
        2.1,
        6.667,
        2.1,
        1,
        6.889,
        2.1,
        7.111,
        1.512,
        7.333,
        0.84,
        1,
        7.555,
        0.168,
        7.778,
        0,
        8,
        0
      ]
    },
    {
      "Target": "Parameter",
      "Id": "Param14",
      "FadeInTime": -1.0,
      "FadeOutTime": -1.0,
      "Segments": [
        0,
        0,
        1,
        0.222,
        0.768,
        0.445,
        0.96,
        0.667,
        0.96,
        0,
        2,
        -0.96,
        1,
        2.222,
        -0.96,
        2.445,
        -0.64,
        2.667,
        0,
        1,
        2.889,
        0.64,
        3.111,
        0.96,
        3.333,
        0.96,
        0,
        4.667,
        -0.96,
        1,
        4.889,
        -0.96,
        5.111,
        -0.64,
        5.333,
        0,
        1,
        5.555,
        0.64,
        5.778,
        0.96,
        6,
        0.96,
        0,
        7.333,
        -0.96,
        0,
        8,
        0
      ]
    },
    {
      "Target": "Parameter",
      "Id": "Param15",
      "FadeInTime": -1.0,
      "FadeOutTime": -1.0,
      "Segments": [
        0,
        0,
        1,
        0.222,
        0.216,
        0.445,
        0.27,
        0.667,
        0.27,
        0,
        2,
        -0.27,
        1,
        2.222,
        -0.27,
        2.445,
        -0.18,
        2.667,
        0,
        1,
        2.889,
        0.18,
        3.111,
        0.27,
        3.333,
        0.27,
        0,
        4.667,
        -0.27,
        1,
        4.889,
        -0.27,
        5.111,
        -0.18,
        5.333,
        0,
        1,
        5.555,
        0.18,
        5.778,
        0.27,
        6,
        0.27,
        0,
        7.333,
        -0.27,
        0,
        8,
        0
      ]
    },
    {
      "Target": "Parameter",
      "Id": "Param16",
      "FadeInTime": -1.0,
      "FadeOutTime": -1.0,
      "Segments": [
        0,
        0,
        0,
        1.333,
        4.14,
        0,
        2.667,
        0,
        0,
        4,
        4.14,
        0,
        5.333,
        0,
        0,
        6.667,
        4.14,
        0,
        8,
        0
      ]
    },
    {
      "Target": "Parameter",
      "Id": "Param17",
      "FadeInTime": -1.0,
      "FadeOutTime": -1.0,
      "Segments": [
        0,
        0,
        0,
        1.333,
        3,
        0,
        2.667,
        0,
        0,
        4,
        3,
        0,
        5.333,
        0,
        0,
        6.667,
        3,
        0,
        8,
        0
      ]
    },
    {
      "Target": "Parameter",
      "Id": "Param35",
      "FadeInTime": -1.0,
      "FadeOutTime": -1.0,
      "Segments": [
        0,
        0,
        0,
        1.333,
        7.32,
        0,
        2.667,
        0,
        0,
        4,
        7.32,
        0,
        5.333,
        0,
        0,
        6.667,
        7.32,
        0,
        8,
        0
      ]
    },
    {
      "Target": "Parameter",
      "Id": "Param36",
      "FadeInTime": -1.0,
      "FadeOutTime": -1.0,
      "Segments": [
        0,
        0,
        1,
        0.222,
        -5.304,
        0.445,
        -6.66,
        0.667,
        -6.66,
        0,
        2,
        6.66,
        1,
        2.222,
        6.66,
        2.445,
        4.44,
        2.667,
        0,
        1,
        2.889,
        -4.44,
        3.111,
        -6.66,
        3.333,
        -6.66,
        0,
        4.667,
        6.66,
        1,
        4.889,
        6.66,
        5.111,
        4.44,
        5.333,
        0,
        1,
        5.555,
        -4.44,
        5.778,
        -6.66,
        6,
        -6.66,
        0,
        7.333,
        6.66,
        0,
        8,
        0
      ]
    },
    {
      "Target": "Parameter",
      "Id": "Param37",
      "FadeInTime": -1.0,
      "FadeOutTime": -1.0,
      "Segments": [
        0,
        0,
        0,
        1.333,
        6.24,
        0,
        2.667,
        0,
        0,
        4,
        6.24,
        0,
        5.333,
        0,
        0,
        6.667,
        6.24,
        0,
        8,
        0
      ]
    },
    {
      "Target": "Parameter",
      "Id": "Param38",
      "FadeInTime": -1.0,
      "FadeOutTime": -1.0,
      "Segments": [
        0,
        0,
        1,
        0.222,
        -7.34,
        0.445,
        -9.24,
        0.667,
        -9.24,
        0,
        2,
        9.24,
        1,
        2.222,
        9.24,
        2.445,
        6.16,
        2.667,
        0,
        1,
        2.889,
        -6.16,
        3.111,
        -9.24,
        3.333,
        -9.24,
        0,
        4.667,
        9.24,
        1,
        4.889,
        9.24,
        5.111,
        6.16,
        5.333,
        0,
        1,
        5.555,
        -6.16,
        5.778,
        -9.24,
        6,
        -9.24,
        0,
        7.333,
        9.24,
        0,
        8,
        0
      ]
    },
    {
      "Target": "Parameter",
      "Id": "Param39",
      "FadeInTime": -1.0,
      "FadeOutTime": -1.0,
      "Segments": [
        0,
        0,
        0,
        1.333,
        6.72,
        0,
        2.667,
        0,
        0,
        4,
        6.72,
        0,
        5.333,
        0,
        0,
        6.667,
        6.72,
        0,
        8,
        0
      ]
    },
    {
      "Target": "Parameter",
      "Id": "Param40",
      "FadeInTime": -1.0,
      "FadeOutTime": -1.0,
      "Segments": [
        0,
        0,
        1,
        0.222,
        -7.623,
        0.445,
        -9.6,
        0.667,
        -9.6,
        0,
        2,
        9.6,
        1,
        2.222,
        9.6,
        2.445,
        6.4,
        2.667,
        0,
        1,
        2.889,
        -6.4,
        3.111,
        -9.6,
        3.333,
        -9.6,
        0,
        4.667,
        9.6,
        1,
        4.889,
        9.6,
        5.111,
        6.4,
        5.333,
        0,
        1,
        5.555,
        -6.4,
        5.778,
        -9.6,
        6,
        -9.6,
        0,
        7.333,
        9.6,
        0,
        8,
        0
      ]
    },
    {
      "Target": "Parameter",
      "Id": "Param85",
      "FadeInTime": -1.0,
      "FadeOutTime": -1.0,
      "Segments": [
        0,
        0,
        0,
        1.333,
        6.66,
        0,
        2.667,
        0,
        0,
        4,
        6.66,
        0,
        5.333,
        0,
        0,
        6.667,
        6.66,
        0,
        8,
        0
      ]
    },
    {
      "Target": "Parameter",
      "Id": "Param86",
      "FadeInTime": -1.0,
      "FadeOutTime": -1.0,
      "Segments": [
        0,
        0,
        1,
        0.222,
        -11.818,
        0.445,
        -14.94,
        0.667,
        -14.94,
        0,
        2,
        14.94,
        1,
        2.222,
        14.94,
        2.445,
        9.96,
        2.667,
        0,
        1,
        2.889,
        -9.96,
        3.111,
        -14.94,
        3.333,
        -14.94,
        0,
        4.667,
        14.94,
        1,
        4.889,
        14.94,
        5.111,
        9.96,
        5.333,
        0,
        1,
        5.555,
        -9.96,
        5.778,
        -14.94,
        6,
        -14.94,
        0,
        7.333,
        14.94,
        0,
        8,
        0
      ]
    },
    {
      "Target": "Parameter",
      "Id": "Param52",
      "FadeInTime": -1.0,
      "FadeOutTime": -1.0,
      "Segments": [
        0,
        0,
        0,
        1.333,
        5.4,
        0,
        2.667,
        0,
        0,
        4,
        5.4,
        0,
        5.333,
        0,
        0,
        6.667,
        5.4,
        0,
        8,
        0
      ]
    },
    {
      "Target": "Parameter",
      "Id": "Param53",
      "FadeInTime": -1.0,
      "FadeOutTime": -1.0,
      "Segments": [
        0,
        0,
        1,
        0.222,
        -7.245,
        0.445,
        -9.12,
        0.667,
        -9.12,
        0,
        2,
        9.12,
        1,
        2.222,
        9.12,
        2.445,
        6.08,
        2.667,
        0,
        1,
        2.889,
        -6.08,
        3.111,
        -9.12,
        3.333,
        -9.12,
        0,
        4.667,
        9.12,
        1,
        4.889,
        9.12,
        5.111,
        6.08,
        5.333,
        0,
        1,
        5.555,
        -6.08,
        5.778,
        -9.12,
        6,
        -9.12,
        0,
        7.333,
        9.12,
        0,
        8,
        0
      ]
    },
    {
      "Target": "Parameter",
      "Id": "Param54",
      "FadeInTime": -1.0,
      "FadeOutTime": -1.0,
      "Segments": [
        0,
        0,
        0,
        1.333,
        5.76,
        0,
        2.667,
        0,
        0,
        4,
        5.76,
        0,
        5.333,
        0,
        0,
        6.667,
        5.76,
        0,
        8,
        0
      ]
    },
    {
      "Target": "Parameter",
      "Id": "Param55",
      "FadeInTime": -1.0,
      "FadeOutTime": -1.0,
      "Segments": [
        0,
        0,
        1,
        0.222,
        -10.216,
        0.445,
        -12.9,
        0.667,
        -12.9,
        0,
        2,
        12.9,
        1,
        2.222,
        12.9,
        2.445,
        8.6,
        2.667,
        0,
        1,
        2.889,
        -8.6,
        3.111,
        -12.9,
        3.333,
        -12.9,
        0,
        4.667,
        12.9,
        1,
        4.889,
        12.9,
        5.111,
        8.6,
        5.333,
        0,
        1,
        5.555,
        -8.6,
        5.778,
        -12.9,
        6,
        -12.9,
        0,
        7.333,
        12.9,
        0,
        8,
        0
      ]
    },
    {
      "Target": "Parameter",
      "Id": "Param81",
      "FadeInTime": -1.0,
      "FadeOutTime": -1.0,
      "Segments": [
        0,
        0,
        0,
        1.333,
        5.64,
        0,
        2.667,
        0,
        0,
        4,
        5.64,
        0,
        5.333,
        0,
        0,
        6.667,
        5.64,
        0,
        8,
        0
      ]
    },
    {
      "Target": "Parameter",
      "Id": "Param82",
      "FadeInTime": -1.0,
      "FadeOutTime": -1.0,
      "Segments": [
        0,
        0,
        1,
        0.222,
        -7.434,
        0.445,
        -9.36,
        0.667,
        -9.36,
        0,
        2,
        9.36,
        1,
        2.222,
        9.36,
        2.445,
        6.24,
        2.667,
        0,
        1,
        2.889,
        -6.24,
        3.111,
        -9.36,
        3.333,
        -9.36,
        0,
        4.667,
        9.36,
        1,
        4.889,
        9.36,
        5.111,
        6.24,
        5.333,
        0,
        1,
        5.555,
        -6.24,
        5.778,
        -9.36,
        6,
        -9.36,
        0,
        7.333,
        9.36,
        0,
        8,
        0
      ]
    },
    {
      "Target": "Parameter",
      "Id": "Param48",
      "FadeInTime": -1.0,
      "FadeOutTime": -1.0,
      "Segments": [
        0,
        0,
        0,
        1.333,
        2.52,
        0,
        2.667,
        0,
        0,
        4,
        2.52,
        0,
        5.333,
        0,
        0,
        6.667,
        2.52,
        0,
        8,
        0
      ]
    },
    {
      "Target": "Parameter",
      "Id": "Param49",
      "FadeInTime": -1.0,
      "FadeOutTime": -1.0,
      "Segments": [
        0,
        0,
        1,
        0.222,
        -2.828,
        0.445,
        -3.54,
        0.667,
        -3.54,
        0,
        2,
        3.54,
        1,
        2.222,
        3.54,
        2.445,
        2.36,
        2.667,
        0,
        1,
        2.889,
        -2.36,
        3.111,
        -3.54,
        3.333,
        -3.54,
        0,
        4.667,
        3.54,
        1,
        4.889,
        3.54,
        5.111,
        2.36,
        5.333,
        0,
        1,
        5.555,
        -2.36,
        5.778,
        -3.54,
        6,
        -3.54,
        0,
        7.333,
        3.54,
        0,
        8,
        0
      ]
    },
    {
      "Target": "Parameter",
      "Id": "Param50",
      "FadeInTime": -1.0,
      "FadeOutTime": -1.0,
      "Segments": [
        0,
        0,
        0,
        1.333,
        -9.54,
        0,
        2.667,
        0,
        0,
        4,
        -9.54,
        0,
        5.333,
        0,
        0,
        6.667,
        -9.54,
        0,
        8,
        0
      ]
    },
    {
      "Target": "Parameter",
      "Id": "Param51",
      "FadeInTime": -1.0,
      "FadeOutTime": -1.0,
      "Segments": [
        0,
        0,
        1,
        0.222,
        10.687,
        0.445,
        13.5,
        0.667,
        13.5,
        0,
        2,
        -13.5,
        1,
        2.222,
        -13.5,
        2.445,
        -9,
        2.667,
        0,
        1,
        2.889,
        9,
        3.111,
        13.5,
        3.333,
        13.5,
        0,
        4.667,
        -13.5,
        1,
        4.889,
        -13.5,
        5.111,
        -9,
        5.333,
        0,
        1,
        5.555,
        9,
        5.778,
        13.5,
        6,
        13.5,
        0,
        7.333,
        -13.5,
        0,
        8,
        0
      ]
    },
    {
      "Target": "Parameter",
      "Id": "Param56",
      "FadeInTime": -1.0,
      "FadeOutTime": -1.0,
      "Segments": [
        0,
        0,
        0,
        1.333,
        -2.28,
        0,
        2.667,
        0,
        0,
        4,
        -2.28,
        0,
        5.333,
        0,
        0,
        6.667,
        -2.28,
        0,
        8,
        0
      ]
    },
    {
      "Target": "Parameter",
      "Id": "Param57",
      "FadeInTime": -1.0,
      "FadeOutTime": -1.0,
      "Segments": [
        0,
        0,
        1,
        0.222,
        5.589,
        0.445,
        7.02,
        0.667,
        7.02,
        0,
        2,
        -7.02,
        1,
        2.222,
        -7.02,
        2.445,
        -4.68,
        2.667,
        0,
        1,
        2.889,
        4.68,
        3.111,
        7.02,
        3.333,
        7.02,
        0,
        4.667,
        -7.02,
        1,
        4.889,
        -7.02,
        5.111,
        -4.68,
        5.333,
        0,
        1,
        5.555,
        4.68,
        5.778,
        7.02,
        6,
        7.02,
        0,
        7.333,
        -7.02,
        0,
        8,
        0
      ]
    },
    {
      "Target": "Parameter",
      "Id": "Param73",
      "FadeInTime": -1.0,
      "FadeOutTime": -1.0,
      "Segments": [
        0,
        0,
        0,
        1.333,
        -2.94,
        0,
        2.667,
        0,
        0,
        4,
        -2.94,
        0,
        5.333,
        0,
        0,
        6.667,
        -2.94,
        0,
        8,
        0
      ]
    },
    {
      "Target": "Parameter",
      "Id": "Param74",
      "FadeInTime": -1.0,
      "FadeOutTime": -1.0,
      "Segments": [
        0,
        0,
        1,
        0.222,
        5.778,
        0.445,
        7.26,
        0.667,
        7.26,
        0,
        2,
        -7.26,
        1,
        2.222,
        -7.26,
        2.445,
        -4.84,
        2.667,
        0,
        1,
        2.889,
        4.84,
        3.111,
        7.26,
        3.333,
        7.26,
        0,
        4.667,
        -7.26,
        1,
        4.889,
        -7.26,
        5.111,
        -4.84,
        5.333,
        0,
        1,
        5.555,
        4.84,
        5.778,
        7.26,
        6,
        7.26,
        0,
        7.333,
        -7.26,
        0,
        8,
        0
      ]
    },
    {
      "Target": "Parameter",
      "Id": "Param70",
      "FadeInTime": -1.0,
      "FadeOutTime": -1.0,
      "Segments": [
        0,
        0,
        1,
        0.222,
        5.873,
        0.445,
        7.38,
        0.667,
        7.38,
        0,
        2,
        -7.38,
        1,
        2.222,
        -7.38,
        2.445,
        -4.92,
        2.667,
        0,
        1,
        2.889,
        4.92,
        3.111,
        7.38,
        3.333,
        7.38,
        0,
        4.667,
        -7.38,
        1,
        4.889,
        -7.38,
        5.111,
        -4.92,
        5.333,
        0,
        1,
        5.555,
        4.92,
        5.778,
        7.38,
        6,
        7.38,
        0,
        7.333,
        -7.38,
        0,
        8,
        0
      ]
    },
    {
      "Target": "Parameter",
      "Id": "Param69",
      "FadeInTime": -1.0,
      "FadeOutTime": -1.0,
      "Segments": [
        0,
        0,
        0,
        1.333,
        -14,
        0,
        2.667,
        0,
        0,
        4,
        -14,
        0,
        5.333,
        0,
        0,
        6.667,
        -14,
        0,
        8,
        0
      ]
    },
    {
      "Target": "Parameter",
      "Id": "Param_Angle_Rotation39",
      "FadeInTime": -1.0,
      "FadeOutTime": -1.0,
      "Segments": [
        0,
        -1.844,
        1,
        0.111,
        -2.83,
        0.222,
        -2.685,
        0.333,
        -2.685,
        0,
        1.667,
        2.699,
        1,
        2,
        2.699,
        2.334,
        0.679,
        2.667,
        -1.844,
        1,
        2.778,
        -2.685,
        2.889,
        -2.685,
        3,
        -2.685,
        0,
        4.333,
        2.699,
        1,
        4.666,
        2.699,
        5,
        0.679,
        5.333,
        -1.844,
        1,
        5.444,
        -2.685,
        5.556,
        -2.685,
        5.667,
        -2.685,
        0,
        7,
        2.699,
        0,
        8,
        -1.844
      ]
    },
    {
      "Target": "Parameter",
      "Id": "Param_Angle_Rotation40",
      "FadeInTime": -1.0,
      "FadeOutTime": -1.0,
      "Segments": [
        0,
        2.941,
        1,
        0.333,
        -0.911,
        0.667,
        -2.755,
        1,
        -2.755,
        0,
        2.333,
        3.996,
        1,
        2.444,
        3.996,
        2.556,
        3.995,
        2.667,
        2.941,
        1,
        3,
        -0.222,
        3.334,
        -2.755,
        3.667,
        -2.755,
        0,
        5,
        3.996,
        1,
        5.111,
        3.996,
        5.222,
        3.995,
        5.333,
        2.941,
        1,
        5.666,
        -0.222,
        6,
        -2.755,
        6.333,
        -2.755,
        0,
        7.667,
        3.996,
        0,
        8,
        2.941
      ]
    },
    {
      "Target": "Parameter",
      "Id": "Param43",
      "FadeInTime": -1.0,
      "FadeOutTime": -1.0,
      "Segments": [
        0,
        -2.34,
        0,
        1.333,
        2.34,
        0,
        2.667,
        -2.34,
        0,
        4,
        2.34,
        0,
        5.333,
        -2.34,
        0,
        6.667,
        2.34,
        0,
        8,
        -2.34
      ]
    },
    {
      "Target": "Parameter",
      "Id": "Param44",
      "FadeInTime": -1.0,
      "FadeOutTime": -1.0,
      "Segments": [
        0,
        0,
        1,
        0.222,
        -3.353,
        0.445,
        -4.2,
        0.667,
        -4.2,
        0,
        2,
        4.2,
        1,
        2.222,
        4.2,
        2.445,
        2.8,
        2.667,
        0,
        1,
        2.889,
        -2.8,
        3.111,
        -4.2,
        3.333,
        -4.2,
        0,
        4.667,
        4.2,
        1,
        4.889,
        4.2,
        5.111,
        2.8,
        5.333,
        0,
        1,
        5.555,
        -2.8,
        5.778,
        -4.2,
        6,
        -4.2,
        0,
        7.333,
        4.2,
        0,
        8,
        0
      ]
    },
    {
      "Target": "Parameter",
      "Id": "Param_Angle_Rotation44",
      "FadeInTime": -1.0,
      "FadeOutTime": -1.0,
      "Segments": [
        0,
        0.94,
        0,
        1.3,
        -0.696,
        0,
        2.667,
        0.94,
        0,
        3.967,
        -0.696,
        0,
        5.333,
        0.94,
        0,
        6.633,
        -0.696,
        0,
        8,
        0.94
      ]
    },
    {
      "Target": "Parameter",
      "Id": "Param58",
      "FadeInTime": -1.0,
      "FadeOutTime": -1.0,
      "Segments": [
        0,
        0.239,
        1,
        0.2,
        0.804,
        0.4,
        0.91,
        0.6,
        0.91,
        0,
        1.933,
        -0.667,
        1,
        2.178,
        -0.667,
        2.422,
        -0.338,
        2.667,
        0.239,
        1,
        2.867,
        0.711,
        3.067,
        0.91,
        3.267,
        0.91,
        0,
        4.6,
        -0.667,
        1,
        4.844,
        -0.667,
        5.089,
        -0.338,
        5.333,
        0.239,
        1,
        5.533,
        0.711,
        5.733,
        0.91,
        5.933,
        0.91,
        0,
        7.267,
        -0.667,
        0,
        8,
        0.239
      ]
    },
    {
      "Target": "Parameter",
      "Id": "Param59",
      "FadeInTime": -1.0,
      "FadeOutTime": -1.0,
      "Segments": [
        0,
        -1.275,
        1,
        0.411,
        0.508,
        0.822,
        1.574,
        1.233,
        1.574,
        0,
        2.6,
        -1.297,
        1,
        2.622,
        -1.297,
        2.645,
        -1.353,
        2.667,
        -1.275,
        1,
        3.078,
        0.177,
        3.489,
        1.574,
        3.9,
        1.574,
        0,
        5.267,
        -1.297,
        1,
        5.289,
        -1.297,
        5.311,
        -1.353,
        5.333,
        -1.275,
        1,
        5.744,
        0.177,
        6.156,
        1.574,
        6.567,
        1.574,
        0,
        7.933,
        -1.297,
        0,
        8,
        -1.275
      ]
    },
    {
      "Target": "Parameter",
      "Id": "Param60",
      "FadeInTime": -1.0,
      "FadeOutTime": -1.0,
      "Segments": [
        0,
        0.305,
        1,
        0.211,
        1.47,
        0.422,
        1.727,
        0.633,
        1.727,
        0,
        1.967,
        -1.347,
        1,
        2.2,
        -1.347,
        2.434,
        -0.77,
        2.667,
        0.305,
        1,
        2.878,
        1.278,
        3.089,
        1.727,
        3.3,
        1.727,
        0,
        4.633,
        -1.347,
        1,
        4.866,
        -1.347,
        5.1,
        -0.77,
        5.333,
        0.305,
        1,
        5.544,
        1.278,
        5.756,
        1.727,
        5.967,
        1.727,
        0,
        7.3,
        -1.347,
        0,
        8,
        0.305
      ]
    },
    {
      "Target": "Parameter",
      "Id": "Param61",
      "FadeInTime": -1.0,
      "FadeOutTime": -1.0,
      "Segments": [
        0,
        -1.94,
        0,
        1.3,
        2.346,
        0,
        2.667,
        -1.94,
        0,
        3.967,
        2.346,
        0,
        5.333,
        -1.94,
        0,
        6.633,
        2.346,
        0,
        8,
        -1.94
      ]
    },
    {
      "Target": "Parameter",
      "Id": "Param62",
      "FadeInTime": -1.0,
      "FadeOutTime": -1.0,
      "Segments": [
        0,
        -0.012,
        1,
        0.211,
        -2.419,
        0.422,
        -2.953,
        0.633,
        -2.953,
        0,
        1.967,
        3.402,
        1,
        2.2,
        3.402,
        2.434,
        2.211,
        2.667,
        -0.012,
        1,
        2.878,
        -2.023,
        3.089,
        -2.953,
        3.3,
        -2.953,
        0,
        4.633,
        3.402,
        1,
        4.866,
        3.402,
        5.1,
        2.211,
        5.333,
        -0.012,
        1,
        5.544,
        -2.023,
        5.756,
        -2.953,
        5.967,
        -2.953,
        0,
        7.3,
        3.402,
        0,
        8,
        -0.012
      ]
    },
    {
      "Target": "Parameter",
      "Id": "Param_Angle_Rotation73",
      "FadeInTime": -1.0,
      "FadeOutTime": -1.0,
      "Segments": [
        0,
        0.623,
        1,
        0.1,
        0.896,
        0.2,
        0.84,
        0.3,
        0.84,
        0,
        1.633,
        -0.84,
        1,
        1.978,
        -0.84,
        2.322,
        -0.179,
        2.667,
        0.623,
        1,
        2.767,
        0.856,
        2.867,
        0.84,
        2.967,
        0.84,
        0,
        4.3,
        -0.84,
        1,
        4.644,
        -0.84,
        4.989,
        -0.179,
        5.333,
        0.623,
        1,
        5.433,
        0.856,
        5.533,
        0.84,
        5.633,
        0.84,
        0,
        6.967,
        -0.84,
        0,
        8,
        0.623
      ]
    },
    {
      "Target": "Parameter",
      "Id": "Param_Angle_Rotation74",
      "FadeInTime": -1.0,
      "FadeOutTime": -1.0,
      "Segments": [
        0,
        -1.662,
        1,
        0.322,
        1.284,
        0.645,
        2.64,
        0.967,
        2.64,
        0,
        2.3,
        -2.64,
        1,
        2.422,
        -2.64,
        2.545,
        -2.581,
        2.667,
        -1.662,
        1,
        2.989,
        0.76,
        3.311,
        2.64,
        3.633,
        2.64,
        0,
        4.967,
        -2.64,
        1,
        5.089,
        -2.64,
        5.211,
        -2.581,
        5.333,
        -1.662,
        1,
        5.655,
        0.76,
        5.978,
        2.64,
        6.3,
        2.64,
        0,
        7.633,
        -2.64,
        0,
        8,
        -1.662
      ]
    },
    {
      "Target": "Parameter",
      "Id": "Param_Angle_Rotation75",
      "FadeInTime": -1.0,
      "FadeOutTime": -1.0,
      "Segments": [
        0,
        -2.892,
        1,
        0.1,
        -4.154,
        0.2,
        -3.9,
        0.3,
        -3.9,
        0,
        1.633,
        3.9,
        1,
        1.978,
        3.9,
        2.322,
        0.831,
        2.667,
        -2.892,
        1,
        2.767,
        -3.973,
        2.867,
        -3.9,
        2.967,
        -3.9,
        0,
        4.3,
        3.9,
        1,
        4.644,
        3.9,
        4.989,
        0.831,
        5.333,
        -2.892,
        1,
        5.433,
        -3.973,
        5.533,
        -3.9,
        5.633,
        -3.9,
        0,
        6.967,
        3.9,
        0,
        8,
        -2.892
      ]
    },
    {
      "Target": "Parameter",
      "Id": "Param_Angle_Rotation76",
      "FadeInTime": -1.0,
      "FadeOutTime": -1.0,
      "Segments": [
        0,
        5.629,
        1,
        0.322,
        -4.344,
        0.645,
        -8.94,
        0.967,
        -8.94,
        0,
        2.3,
        8.94,
        1,
        2.422,
        8.94,
        2.545,
        8.732,
        2.667,
        5.629,
        1,
        2.989,
        -2.553,
        3.311,
        -8.94,
        3.633,
        -8.94,
        0,
        4.967,
        8.94,
        1,
        5.089,
        8.94,
        5.211,
        8.732,
        5.333,
        5.629,
        1,
        5.655,
        -2.553,
        5.978,
        -8.94,
        6.3,
        -8.94,
        0,
        7.633,
        8.94,
        0,
        8,
        5.629
      ]
    },
    {
      "Target": "Parameter",
      "Id": "Param41",
      "FadeInTime": -1.0,
      "FadeOutTime": -1.0,
      "Segments": [
        0,
        -0.641,
        1,
        0.389,
        0.849,
        0.778,
        1.663,
        1.167,
        1.663,
        0,
        2.467,
        -0.783,
        1,
        2.534,
        -0.783,
        2.6,
        -0.85,
        2.667,
        -0.641,
        1,
        3.056,
        0.577,
        3.444,
        1.663,
        3.833,
        1.663,
        0,
        5.133,
        -0.783,
        1,
        5.2,
        -0.783,
        5.266,
        -0.85,
        5.333,
        -0.641,
        1,
        5.722,
        0.577,
        6.111,
        1.663,
        6.5,
        1.663,
        0,
        7.8,
        -0.783,
        0,
        8,
        -0.641
      ]
    },
    {
      "Target": "Parameter",
      "Id": "Param42",
      "FadeInTime": -1.0,
      "FadeOutTime": -1.0,
      "Segments": [
        0,
        -1.073,
        1,
        0.156,
        -2.509,
        0.311,
        -2.592,
        0.467,
        -2.592,
        0,
        1.833,
        2.577,
        1,
        2.111,
        2.577,
        2.389,
        1.092,
        2.667,
        -1.073,
        1,
        2.822,
        -2.285,
        2.978,
        -2.592,
        3.133,
        -2.592,
        0,
        4.5,
        2.577,
        1,
        4.778,
        2.577,
        5.055,
        1.092,
        5.333,
        -1.073,
        1,
        5.489,
        -2.285,
        5.644,
        -2.592,
        5.8,
        -2.592,
        0,
        7.167,
        2.577,
        0,
        8,
        -1.073
      ]
    },
    {
      "Target": "Parameter",
      "Id": "Param83",
      "FadeInTime": -1.0,
      "FadeOutTime": -1.0,
      "Segments": [
        0,
        4.022,
        1,
        0.367,
        -1.571,
        0.733,
        -4.604,
        1.1,
        -4.604,
        0,
        2.467,
        4.608,
        1,
        2.534,
        4.608,
        2.6,
        4.852,
        2.667,
        4.022,
        1,
        3.034,
        -0.541,
        3.4,
        -4.604,
        3.767,
        -4.604,
        0,
        5.133,
        4.608,
        1,
        5.2,
        4.608,
        5.266,
        4.852,
        5.333,
        4.022,
        1,
        5.7,
        -0.541,
        6.066,
        -4.604,
        6.433,
        -4.604,
        0,
        7.8,
        4.608,
        0,
        8,
        4.022
      ]
    },
    {
      "Target": "Parameter",
      "Id": "Param84",
      "FadeInTime": -1.0,
      "FadeOutTime": -1.0,
      "Segments": [
        0,
        3.524,
        1,
        0.156,
        6.696,
        0.311,
        6.809,
        0.467,
        6.809,
        0,
        1.767,
        -5.361,
        1,
        2.067,
        -5.361,
        2.367,
        -1.68,
        2.667,
        3.524,
        1,
        2.822,
        6.223,
        2.978,
        6.809,
        3.133,
        6.809,
        0,
        4.433,
        -5.361,
        1,
        4.733,
        -5.361,
        5.033,
        -1.68,
        5.333,
        3.524,
        1,
        5.489,
        6.223,
        5.644,
        6.809,
        5.8,
        6.809,
        0,
        7.1,
        -5.361,
        1,
        7.4,
        -5.361,
        7.7,
        -1.68,
        8,
        3.524
      ]
    },
    {
      "Target": "Parameter",
      "Id": "Param_Angle_Rotation67",
      "FadeInTime": -1.0,
      "FadeOutTime": -1.0,
      "Segments": [
        0,
        -1.639,
        1,
        0.3,
        2.109,
        0.6,
        3.687,
        0.9,
        3.687,
        0,
        2.233,
        -3.4,
        1,
        2.378,
        -3.4,
        2.522,
        -3.127,
        2.667,
        -1.639,
        1,
        2.967,
        1.452,
        3.267,
        3.687,
        3.567,
        3.687,
        0,
        4.9,
        -3.4,
        1,
        5.044,
        -3.4,
        5.189,
        -3.127,
        5.333,
        -1.639,
        1,
        5.633,
        1.452,
        5.933,
        3.687,
        6.233,
        3.687,
        0,
        7.567,
        -3.4,
        1,
        7.711,
        -3.4,
        7.856,
        -3.127,
        8,
        -1.639
      ]
    },
    {
      "Target": "Parameter",
      "Id": "Param_Angle_Rotation68",
      "FadeInTime": -1.0,
      "FadeOutTime": -1.0,
      "Segments": [
        0,
        -3.356,
        1,
        0.078,
        -4.31,
        0.155,
        -3.996,
        0.233,
        -3.996,
        0,
        1.567,
        3.912,
        1,
        1.934,
        3.912,
        2.3,
        0.526,
        2.667,
        -3.356,
        1,
        2.745,
        -4.18,
        2.822,
        -3.996,
        2.9,
        -3.996,
        0,
        4.233,
        3.912,
        1,
        4.6,
        3.912,
        4.966,
        0.526,
        5.333,
        -3.356,
        1,
        5.411,
        -4.18,
        5.489,
        -3.996,
        5.567,
        -3.996,
        0,
        6.9,
        3.912,
        1,
        7.267,
        3.912,
        7.633,
        -1.47,
        8,
        -3.354
      ]
    },
    {
      "Target": "Parameter",
      "Id": "Param_Angle_Rotation69",
      "FadeInTime": -1.0,
      "FadeOutTime": -1.0,
      "Segments": [
        0,
        2.271,
        1,
        0.3,
        -3.504,
        0.6,
        -5.938,
        0.9,
        -5.938,
        0,
        2.233,
        4.985,
        1,
        2.378,
        4.985,
        2.522,
        4.564,
        2.667,
        2.271,
        1,
        2.967,
        -2.492,
        3.267,
        -5.938,
        3.567,
        -5.938,
        0,
        4.9,
        4.985,
        1,
        5.044,
        4.985,
        5.189,
        4.564,
        5.333,
        2.271,
        1,
        5.633,
        -2.492,
        5.933,
        -5.938,
        6.233,
        -5.938,
        0,
        7.567,
        4.985,
        1,
        7.711,
        4.985,
        7.856,
        4.564,
        8,
        2.271
      ]
    },
    {
      "Target": "Parameter",
      "Id": "Param_Angle_Rotation70",
      "FadeInTime": -1.0,
      "FadeOutTime": -1.0,
      "Segments": [
        0,
        -5.912,
        1,
        0.078,
        -7.508,
        0.155,
        -6.996,
        0.233,
        -6.996,
        0,
        1.567,
        6.393,
        1,
        1.934,
        6.393,
        2.3,
        0.648,
        2.667,
        -5.912,
        1,
        2.745,
        -7.304,
        2.822,
        -6.996,
        2.9,
        -6.996,
        0,
        4.233,
        6.393,
        1,
        4.6,
        6.393,
        4.966,
        0.648,
        5.333,
        -5.912,
        1,
        5.411,
        -7.304,
        5.489,
        -6.996,
        5.567,
        -6.996,
        0,
        6.9,
        6.393,
        1,
        7.267,
        6.393,
        7.633,
        0.648,
        8,
        -5.912
      ]
    },
    {
      "Target": "Parameter",
      "Id": "Param_Angle_Rotation71",
      "FadeInTime": -1.0,
      "FadeOutTime": -1.0,
      "Segments": [
        0,
        4.286,
        1,
        0.3,
        -4.745,
        0.6,
        -8.559,
        0.9,
        -8.559,
        0,
        2.233,
        8.532,
        1,
        2.378,
        8.532,
        2.522,
        7.871,
        2.667,
        4.286,
        1,
        2.967,
        -3.16,
        3.267,
        -8.559,
        3.567,
        -8.559,
        0,
        4.9,
        8.532,
        1,
        5.044,
        8.532,
        5.189,
        7.871,
        5.333,
        4.286,
        1,
        5.633,
        -3.16,
        5.933,
        -8.559,
        6.233,
        -8.559,
        0,
        7.567,
        8.532,
        1,
        7.711,
        8.532,
        7.856,
        7.871,
        8,
        4.286
      ]
    },
    {
      "Target": "Model",
      "Id": "Opacity",
      "FadeInTime": -1.0,
      "FadeOutTime": -1.0,
      "Segments": [
        0,
        1,
        0,
        8,
        1
      ]
    },
    {
      "Target": "Parameter",
      "Id": "Param109",
      "FadeInTime": -1.0,
      "FadeOutTime": -1.0,
      "Segments": [
        0,
        0,
        0,
        8,
        0
      ]
    },
    {
      "Target": "Parameter",
      "Id": "Param110",
      "FadeInTime": -1.0,
      "FadeOutTime": -1.0,
      "Segments": [
        0,
        0,
        0,
        8,
        0
      ]
    },
    {
      "Target": "Parameter",
      "Id": "Param245",
      "FadeInTime": -1.0,
      "FadeOutTime": -1.0,
      "Segments": [
        0,
        0,
        0,
        8,
        0
      ]
    },
    {
      "Target": "Parameter",
      "Id": "Param246",
      "FadeInTime": -1.0,
      "FadeOutTime": -1.0,
      "Segments": [
        0,
        0,
        0,
        8,
        0
      ]
    },
    {
      "Target": "Parameter",
      "Id": "Param178",
      "FadeInTime": -1.0,
      "FadeOutTime": -1.0,
      "Segments": [
        0,
        0,
        0,
        8,
        0
      ]
    },
    {
      "Target": "Parameter",
      "Id": "Param183",
      "FadeInTime": -1.0,
      "FadeOutTime": -1.0,
      "Segments": [
        0,
        0,
        0,
        8,
        0
      ]
    },
    {
      "Target": "Parameter",
      "Id": "Param185",
      "FadeInTime": -1.0,
      "FadeOutTime": -1.0,
      "Segments": [
        0,
        0,
        0,
        8,
        0
      ]
    },
    {
      "Target": "Parameter",
      "Id": "Param184",
      "FadeInTime": -1.0,
      "FadeOutTime": -1.0,
      "Segments": [
        0,
        0,
        0,
        8,
        0
      ]
    },
    {
      "Target": "Parameter",
      "Id": "Param186",
      "FadeInTime": -1.0,
      "FadeOutTime": -1.0,
      "Segments": [
        0,
        0,
        0,
        8,
        0
      ]
    },
    {
      "Target": "Parameter",
      "Id": "Param187",
      "FadeInTime": -1.0,
      "FadeOutTime": -1.0,
      "Segments": [
        0,
        0,
        0,
        8,
        0
      ]
    },
    {
      "Target": "Parameter",
      "Id": "Param191",
      "FadeInTime": -1.0,
      "FadeOutTime": -1.0,
      "Segments": [
        0,
        0,
        0,
        8,
        0
      ]
    },
    {
      "Target": "Parameter",
      "Id": "Param23",
      "FadeInTime": -1.0,
      "FadeOutTime": -1.0,
      "Segments": [
        0,
        0,
        0,
        8,
        0
      ]
    },
    {
      "Target": "Parameter",
      "Id": "Param200",
      "FadeInTime": -1.0,
      "FadeOutTime": -1.0,
      "Segments": [
        0,
        0,
        0,
        8,
        0
      ]
    },
    {
      "Target": "Parameter",
      "Id": "Param169",
      "FadeInTime": -1.0,
      "FadeOutTime": -1.0,
      "Segments": [
        0,
        0,
        0,
        8,
        0
      ]
    },
    {
      "Target": "Parameter",
      "Id": "Param170",
      "FadeInTime": -1.0,
      "FadeOutTime": -1.0,
      "Segments": [
        0,
        0,
        0,
        8,
        0
      ]
    },
    {
      "Target": "Parameter",
      "Id": "Param262",
      "FadeInTime": -1.0,
      "FadeOutTime": -1.0,
      "Segments": [
        0,
        0,
        0,
        8,
        0
      ]
    },
    {
      "Target": "Parameter",
      "Id": "Param168",
      "FadeInTime": -1.0,
      "FadeOutTime": -1.0,
      "Segments": [
        0,
        0,
        0,
        8,
        0
      ]
    },
    {
      "Target": "Parameter",
      "Id": "Param193",
      "FadeInTime": -1.0,
      "FadeOutTime": -1.0,
      "Segments": [
        0,
        0,
        0,
        8,
        0
      ]
    },
    {
      "Target": "Parameter",
      "Id": "Param192",
      "FadeInTime": -1.0,
      "FadeOutTime": -1.0,
      "Segments": [
        0,
        0,
        0,
        8,
        0
      ]
    },
    {
      "Target": "Parameter",
      "Id": "Param24",
      "FadeInTime": -1.0,
      "FadeOutTime": -1.0,
      "Segments": [
        0,
        0,
        0,
        8,
        0
      ]
    },
    {
      "Target": "Parameter",
      "Id": "Param94",
      "FadeInTime": -1.0,
      "FadeOutTime": -1.0,
      "Segments": [
        0,
        0,
        0,
        8,
        0
      ]
    },
    {
      "Target": "Parameter",
      "Id": "Param95",
      "FadeInTime": -1.0,
      "FadeOutTime": -1.0,
      "Segments": [
        0,
        0,
        0,
        8,
        0
      ]
    },
    {
      "Target": "Parameter",
      "Id": "Param166",
      "FadeInTime": -1.0,
      "FadeOutTime": -1.0,
      "Segments": [
        0,
        0,
        0,
        8,
        0
      ]
    },
    {
      "Target": "Parameter",
      "Id": "Param167",
      "FadeInTime": -1.0,
      "FadeOutTime": -1.0,
      "Segments": [
        0,
        0,
        0,
        8,
        0
      ]
    },
    {
      "Target": "Parameter",
      "Id": "Param197",
      "FadeInTime": -1.0,
      "FadeOutTime": -1.0,
      "Segments": [
        0,
        0,
        0,
        8,
        0
      ]
    },
    {
      "Target": "Parameter",
      "Id": "Param198",
      "FadeInTime": -1.0,
      "FadeOutTime": -1.0,
      "Segments": [
        0,
        0,
        0,
        8,
        0
      ]
    },
    {
      "Target": "Parameter",
      "Id": "Param199",
      "FadeInTime": -1.0,
      "FadeOutTime": -1.0,
      "Segments": [
        0,
        0,
        0,
        8,
        0
      ]
    },
    {
      "Target": "Parameter",
      "Id": "MB_guangyunbianhuan",
      "FadeInTime": -1.0,
      "FadeOutTime": -1.0,
      "Segments": [
        0,
        0,
        0,
        8,
        0
      ]
    },
    {
      "Target": "Parameter",
      "Id": "MB_guangyunjiaodu",
      "FadeInTime": -1.0,
      "FadeOutTime": -1.0,
      "Segments": [
        0,
        0,
        0,
        8,
        0
      ]
    },
    {
      "Target": "Parameter",
      "Id": "MB_guangyundaxiao",
      "FadeInTime": -1.0,
      "FadeOutTime": -1.0,
      "Segments": [
        0,
        0,
        0,
        8,
        0
      ]
    },
    {
      "Target": "Parameter",
      "Id": "MB_guangyunzuoyou",
      "FadeInTime": -1.0,
      "FadeOutTime": -1.0,
      "Segments": [
        0,
        0,
        0,
        8,
        0
      ]
    },
    {
      "Target": "Parameter",
      "Id": "MB_guangyunshangxia",
      "FadeInTime": -1.0,
      "FadeOutTime": -1.0,
      "Segments": [
        0,
        0,
        0,
        8,
        0
      ]
    },
    {
      "Target": "Parameter",
      "Id": "MB_guangyunTMD",
      "FadeInTime": -1.0,
      "FadeOutTime": -1.0,
      "Segments": [
        0,
        0,
        0,
        8,
        0
      ]
    },
    {
      "Target": "Parameter",
      "Id": "Param194",
      "FadeInTime": -1.0,
      "FadeOutTime": -1.0,
      "Segments": [
        0,
        0,
        0,
        8,
        0
      ]
    },
    {
      "Target": "Parameter",
      "Id": "Param196",
      "FadeInTime": -1.0,
      "FadeOutTime": -1.0,
      "Segments": [
        0,
        0,
        0,
        8,
        0
      ]
    },
    {
      "Target": "Parameter",
      "Id": "guangbang",
      "FadeInTime": -1.0,
      "FadeOutTime": -1.0,
      "Segments": [
        0,
        0,
        0,
        8,
        0
      ]
    },
    {
      "Target": "Parameter",
      "Id": "shuimianyaobai",
      "FadeInTime": -1.0,
      "FadeOutTime": -1.0,
      "Segments": [
        0,
        0,
        0,
        8,
        0
      ]
    },
    {
      "Target": "Parameter",
      "Id": "shuimianbianhua",
      "FadeInTime": -1.0,
      "FadeOutTime": -1.0,
      "Segments": [
        0,
        0,
        0,
        8,
        0
      ]
    },
    {
      "Target": "Parameter",
      "Id": "yuntmd",
      "FadeInTime": -1.0,
      "FadeOutTime": -1.0,
      "Segments": [
        0,
        0,
        0,
        8,
        0
      ]
    },
    {
      "Target": "Parameter",
      "Id": "shuigaoguanshansuo",
      "FadeInTime": -1.0,
      "FadeOutTime": -1.0,
      "Segments": [
        0,
        0,
        0,
        8,
        0
      ]
    },
    {
      "Target": "Parameter",
      "Id": "Param176",
      "FadeInTime": -1.0,
      "FadeOutTime": -1.0,
      "Segments": [
        0,
        0,
        0,
        8,
        0
      ]
    },
    {
      "Target": "Parameter",
      "Id": "Param33",
      "FadeInTime": -1.0,
      "FadeOutTime": -1.0,
      "Segments": [
        0,
        0,
        0,
        8,
        0
      ]
    },
    {
      "Target": "Parameter",
      "Id": "Param10",
      "FadeInTime": -1.0,
      "FadeOutTime": -1.0,
      "Segments": [
        0,
        0,
        0,
        8,
        0
      ]
    },
    {
      "Target": "Parameter",
      "Id": "ParamEyeLOpen",
      "FadeInTime": -1.0,
      "FadeOutTime": -1.0,
      "Segments": [
        0,
        0,
        0,
        8,
        0
      ]
    },
    {
      "Target": "Parameter",
      "Id": "ParamEyeRSmile",
      "FadeInTime": -1.0,
      "FadeOutTime": -1.0,
      "Segments": [
        0,
        0,
        0,
        8,
        0
      ]
    },
    {
      "Target": "Parameter",
      "Id": "ParamEyeBallX",
      "FadeInTime": -1.0,
      "FadeOutTime": -1.0,
      "Segments": [
        0,
        0,
        0,
        8,
        0
      ]
    },
    {
      "Target": "Parameter",
      "Id": "ParamEyeBallY",
      "FadeInTime": -1.0,
      "FadeOutTime": -1.0,
      "Segments": [
        0,
        0,
        0,
        8,
        0
      ]
    },
    {
      "Target": "Parameter",
      "Id": "Param2",
      "FadeInTime": -1.0,
      "FadeOutTime": -1.0,
      "Segments": [
        0,
        0,
        0,
        8,
        0
      ]
    },
    {
      "Target": "Parameter",
      "Id": "Param4",
      "FadeInTime": -1.0,
      "FadeOutTime": -1.0,
      "Segments": [
        0,
        0,
        0,
        8,
        0
      ]
    },
    {
      "Target": "Parameter",
      "Id": "Param3",
      "FadeInTime": -1.0,
      "FadeOutTime": -1.0,
      "Segments": [
        0,
        0,
        0,
        8,
        0
      ]
    },
    {
      "Target": "Parameter",
      "Id": "ParamBrowLX",
      "FadeInTime": -1.0,
      "FadeOutTime": -1.0,
      "Segments": [
        0,
        0,
        0,
        8,
        0
      ]
    },
    {
      "Target": "Parameter",
      "Id": "ParamBrowLY",
      "FadeInTime": -1.0,
      "FadeOutTime": -1.0,
      "Segments": [
        0,
        0,
        0,
        8,
        0
      ]
    },
    {
      "Target": "Parameter",
      "Id": "ParamBrowLAngle",
      "FadeInTime": -1.0,
      "FadeOutTime": -1.0,
      "Segments": [
        0,
        0,
        0,
        8,
        0
      ]
    },
    {
      "Target": "Parameter",
      "Id": "ParamBrowLForm",
      "FadeInTime": -1.0,
      "FadeOutTime": -1.0,
      "Segments": [
        0,
        0,
        0,
        8,
        0
      ]
    },
    {
      "Target": "Parameter",
      "Id": "ParamBrowRY",
      "FadeInTime": -1.0,
      "FadeOutTime": -1.0,
      "Segments": [
        0,
        0,
        0,
        8,
        0
      ]
    },
    {
      "Target": "Parameter",
      "Id": "ParamBrowRX",
      "FadeInTime": -1.0,
      "FadeOutTime": -1.0,
      "Segments": [
        0,
        0,
        0,
        8,
        0
      ]
    },
    {
      "Target": "Parameter",
      "Id": "ParamBrowRAngle",
      "FadeInTime": -1.0,
      "FadeOutTime": -1.0,
      "Segments": [
        0,
        0,
        0,
        8,
        0
      ]
    },
    {
      "Target": "Parameter",
      "Id": "ParamBrowRForm",
      "FadeInTime": -1.0,
      "FadeOutTime": -1.0,
      "Segments": [
        0,
        0,
        0,
        8,
        0
      ]
    },
    {
      "Target": "Parameter",
      "Id": "Param177",
      "FadeInTime": -1.0,
      "FadeOutTime": -1.0,
      "Segments": [
        0,
        0,
        0,
        8,
        0
      ]
    },
    {
      "Target": "Parameter",
      "Id": "ParamMouthForm",
      "FadeInTime": -1.0,
      "FadeOutTime": -1.0,
      "Segments": [
        0,
        0,
        0,
        8,
        0
      ]
    },
    {
      "Target": "Parameter",
      "Id": "Param8",
      "FadeInTime": -1.0,
      "FadeOutTime": -1.0,
      "Segments": [
        0,
        0,
        0,
        8,
        0
      ]
    },
    {
      "Target": "Parameter",
      "Id": "ParamBodyAngleZ",
      "FadeInTime": -1.0,
      "FadeOutTime": -1.0,
      "Segments": [
        0,
        0,
        0,
        8,
        0
      ]
    },
    {
      "Target": "Parameter",
      "Id": "Param171",
      "FadeInTime": -1.0,
      "FadeOutTime": -1.0,
      "Segments": [
        0,
        0,
        0,
        8,
        0
      ]
    },
    {
      "Target": "Parameter",
      "Id": "Param6",
      "FadeInTime": -1.0,
      "FadeOutTime": -1.0,
      "Segments": [
        0,
        0,
        0,
        8,
        0
      ]
    },
    {
      "Target": "Parameter",
      "Id": "Param7",
      "FadeInTime": -1.0,
      "FadeOutTime": -1.0,
      "Segments": [
        0,
        0,
        0,
        8,
        0
      ]
    },
    {
      "Target": "Parameter",
      "Id": "Param13",
      "FadeInTime": -1.0,
      "FadeOutTime": -1.0,
      "Segments": [
        0,
        0,
        0,
        8,
        0
      ]
    },
    {
      "Target": "Parameter",
      "Id": "Param175",
      "FadeInTime": -1.0,
      "FadeOutTime": -1.0,
      "Segments": [
        0,
        0,
        0,
        8,
        0
      ]
    },
    {
      "Target": "Parameter",
      "Id": "Param174",
      "FadeInTime": -1.0,
      "FadeOutTime": -1.0,
      "Segments": [
        0,
        0,
        0,
        8,
        0
      ]
    },
    {
      "Target": "Parameter",
      "Id": "Param190",
      "FadeInTime": -1.0,
      "FadeOutTime": -1.0,
      "Segments": [
        0,
        0,
        0,
        8,
        0
      ]
    },
    {
      "Target": "Parameter",
      "Id": "Param45",
      "FadeInTime": -1.0,
      "FadeOutTime": -1.0,
      "Segments": [
        0,
        0,
        0,
        8,
        0
      ]
    },
    {
      "Target": "Parameter",
      "Id": "Param213",
      "FadeInTime": -1.0,
      "FadeOutTime": -1.0,
      "Segments": [
        0,
        0,
        0,
        8,
        0
      ]
    },
    {
      "Target": "Parameter",
      "Id": "Param46",
      "FadeInTime": -1.0,
      "FadeOutTime": -1.0,
      "Segments": [
        0,
        0,
        0,
        8,
        0
      ]
    },
    {
      "Target": "Parameter",
      "Id": "Param47",
      "FadeInTime": -1.0,
      "FadeOutTime": -1.0,
      "Segments": [
        0,
        0,
        0,
        8,
        0
      ]
    },
    {
      "Target": "Parameter",
      "Id": "Param32",
      "FadeInTime": -1.0,
      "FadeOutTime": -1.0,
      "Segments": [
        0,
        0,
        0,
        8,
        0
      ]
    },
    {
      "Target": "Parameter",
      "Id": "Param30",
      "FadeInTime": -1.0,
      "FadeOutTime": -1.0,
      "Segments": [
        0,
        0,
        0,
        8,
        0
      ]
    },
    {
      "Target": "Parameter",
      "Id": "Param31",
      "FadeInTime": -1.0,
      "FadeOutTime": -1.0,
      "Segments": [
        0,
        0,
        0,
        8,
        0
      ]
    },
    {
      "Target": "Parameter",
      "Id": "Param93",
      "FadeInTime": -1.0,
      "FadeOutTime": -1.0,
      "Segments": [
        0,
        0,
        0,
        8,
        0
      ]
    },
    {
      "Target": "Parameter",
      "Id": "ParamLegL2ON",
      "FadeInTime": -1.0,
      "FadeOutTime": -1.0,
      "Segments": [
        0,
        0,
        0,
        8,
        0
      ]
    },
    {
      "Target": "Parameter",
      "Id": "ParamLegL3ON",
      "FadeInTime": -1.0,
      "FadeOutTime": -1.0,
      "Segments": [
        0,
        0,
        0,
        8,
        0
      ]
    },
    {
      "Target": "Parameter",
      "Id": "Param22",
      "FadeInTime": -1.0,
      "FadeOutTime": -1.0,
      "Segments": [
        0,
        0,
        0,
        8,
        0
      ]
    },
    {
      "Target": "Parameter",
      "Id": "Param_Leg_lower_L2_Z",
      "FadeInTime": -1.0,
      "FadeOutTime": -1.0,
      "Segments": [
        0,
        0,
        0,
        8,
        0
      ]
    },
    {
      "Target": "Parameter",
      "Id": "Param_foot_L2_Z",
      "FadeInTime": -1.0,
      "FadeOutTime": -1.0,
      "Segments": [
        0,
        0,
        0,
        8,
        0
      ]
    },
    {
      "Target": "Parameter",
      "Id": "Param_foot_L1_FORM",
      "FadeInTime": -1.0,
      "FadeOutTime": -1.0,
      "Segments": [
        0,
        0,
        0,
        8,
        0
      ]
    },
    {
      "Target": "Parameter",
      "Id": "Param_Leg_lower_L3_Z",
      "FadeInTime": -1.0,
      "FadeOutTime": -1.0,
      "Segments": [
        0,
        0,
        0,
        8,
        0
      ]
    },
    {
      "Target": "Parameter",
      "Id": "Param_foot_L3_Z",
      "FadeInTime": -1.0,
      "FadeOutTime": -1.0,
      "Segments": [
        0,
        0,
        0,
        8,
        0
      ]
    },
    {
      "Target": "Parameter",
      "Id": "Param25",
      "FadeInTime": -1.0,
      "FadeOutTime": -1.0,
      "Segments": [
        0,
        0,
        0,
        8,
        0
      ]
    },
    {
      "Target": "Parameter",
      "Id": "Param189",
      "FadeInTime": -1.0,
      "FadeOutTime": -1.0,
      "Segments": [
        0,
        0,
        0,
        8,
        0
      ]
    },
    {
      "Target": "Parameter",
      "Id": "Param90",
      "FadeInTime": -1.0,
      "FadeOutTime": -1.0,
      "Segments": [
        0,
        0,
        0,
        8,
        0
      ]
    },
    {
      "Target": "Parameter",
      "Id": "Param91",
      "FadeInTime": -1.0,
      "FadeOutTime": -1.0,
      "Segments": [
        0,
        0,
        0,
        8,
        0
      ]
    },
    {
      "Target": "Parameter",
      "Id": "Param92",
      "FadeInTime": -1.0,
      "FadeOutTime": -1.0,
      "Segments": [
        0,
        0,
        0,
        8,
        0
      ]
    },
    {
      "Target": "Parameter",
      "Id": "Param111",
      "FadeInTime": -1.0,
      "FadeOutTime": -1.0,
      "Segments": [
        0,
        0,
        0,
        8,
        0
      ]
    },
    {
      "Target": "Parameter",
      "Id": "Param112",
      "FadeInTime": -1.0,
      "FadeOutTime": -1.0,
      "Segments": [
        0,
        0,
        0,
        8,
        0
      ]
    },
    {
      "Target": "Parameter",
      "Id": "Param117",
      "FadeInTime": -1.0,
      "FadeOutTime": -1.0,
      "Segments": [
        0,
        0,
        0,
        8,
        0
      ]
    },
    {
      "Target": "Parameter",
      "Id": "Param115",
      "FadeInTime": -1.0,
      "FadeOutTime": -1.0,
      "Segments": [
        0,
        0,
        0,
        8,
        0
      ]
    },
    {
      "Target": "Parameter",
      "Id": "Param116",
      "FadeInTime": -1.0,
      "FadeOutTime": -1.0,
      "Segments": [
        0,
        0,
        0,
        8,
        0
      ]
    },
    {
      "Target": "Parameter",
      "Id": "Param118",
      "FadeInTime": -1.0,
      "FadeOutTime": -1.0,
      "Segments": [
        0,
        0,
        0,
        8,
        0
      ]
    },
    {
      "Target": "Parameter",
      "Id": "Param119",
      "FadeInTime": -1.0,
      "FadeOutTime": -1.0,
      "Segments": [
        0,
        0,
        0,
        8,
        0
      ]
    },
    {
      "Target": "Parameter",
      "Id": "Param120",
      "FadeInTime": -1.0,
      "FadeOutTime": -1.0,
      "Segments": [
        0,
        0,
        0,
        8,
        0
      ]
    },
    {
      "Target": "Parameter",
      "Id": "Param113",
      "FadeInTime": -1.0,
      "FadeOutTime": -1.0,
      "Segments": [
        0,
        0,
        0,
        8,
        0
      ]
    },
    {
      "Target": "Parameter",
      "Id": "Param114",
      "FadeInTime": -1.0,
      "FadeOutTime": -1.0,
      "Segments": [
        0,
        0,
        0,
        8,
        0
      ]
    },
    {
      "Target": "Parameter",
      "Id": "Param26",
      "FadeInTime": -1.0,
      "FadeOutTime": -1.0,
      "Segments": [
        0,
        0,
        0,
        8,
        0
      ]
    },
    {
      "Target": "Parameter",
      "Id": "Param18",
      "FadeInTime": -1.0,
      "FadeOutTime": -1.0,
      "Segments": [
        0,
        0,
        0,
        8,
        0
      ]
    },
    {
      "Target": "Parameter",
      "Id": "Param21",
      "FadeInTime": -1.0,
      "FadeOutTime": -1.0,
      "Segments": [
        0,
        0,
        0,
        8,
        0
      ]
    },
    {
      "Target": "Parameter",
      "Id": "Param188",
      "FadeInTime": -1.0,
      "FadeOutTime": -1.0,
      "Segments": [
        0,
        0,
        0,
        8,
        0
      ]
    },
    {
      "Target": "Parameter",
      "Id": "Param182",
      "FadeInTime": -1.0,
      "FadeOutTime": -1.0,
      "Segments": [
        0,
        0,
        0,
        8,
        0
      ]
    },
    {
      "Target": "Parameter",
      "Id": "Param77",
      "FadeInTime": -1.0,
      "FadeOutTime": -1.0,
      "Segments": [
        0,
        0,
        0,
        8,
        0
      ]
    },
    {
      "Target": "Parameter",
      "Id": "Param80",
      "FadeInTime": -1.0,
      "FadeOutTime": -1.0,
      "Segments": [
        0,
        0,
        0,
        8,
        0
      ]
    },
    {
      "Target": "Parameter",
      "Id": "Param153",
      "FadeInTime": -1.0,
      "FadeOutTime": -1.0,
      "Segments": [
        0,
        0,
        0,
        8,
        0
      ]
    },
    {
      "Target": "Parameter",
      "Id": "Param154",
      "FadeInTime": -1.0,
      "FadeOutTime": -1.0,
      "Segments": [
        0,
        0,
        0,
        8,
        0
      ]
    },
    {
      "Target": "Parameter",
      "Id": "Param155",
      "FadeInTime": -1.0,
      "FadeOutTime": -1.0,
      "Segments": [
        0,
        0,
        0,
        8,
        0
      ]
    },
    {
      "Target": "Parameter",
      "Id": "Param202",
      "FadeInTime": -1.0,
      "FadeOutTime": -1.0,
      "Segments": [
        0,
        0,
        0,
        8,
        0
      ]
    },
    {
      "Target": "Parameter",
      "Id": "Param156",
      "FadeInTime": -1.0,
      "FadeOutTime": -1.0,
      "Segments": [
        0,
        0,
        0,
        8,
        0
      ]
    },
    {
      "Target": "Parameter",
      "Id": "Param157",
      "FadeInTime": -1.0,
      "FadeOutTime": -1.0,
      "Segments": [
        0,
        0,
        0,
        8,
        0
      ]
    },
    {
      "Target": "Parameter",
      "Id": "Param158",
      "FadeInTime": -1.0,
      "FadeOutTime": -1.0,
      "Segments": [
        0,
        0,
        0,
        8,
        0
      ]
    },
    {
      "Target": "Parameter",
      "Id": "Param212",
      "FadeInTime": -1.0,
      "FadeOutTime": -1.0,
      "Segments": [
        0,
        0,
        0,
        8,
        0
      ]
    },
    {
      "Target": "Parameter",
      "Id": "Param159",
      "FadeInTime": -1.0,
      "FadeOutTime": -1.0,
      "Segments": [
        0,
        0,
        0,
        8,
        0
      ]
    },
    {
      "Target": "Parameter",
      "Id": "Param219",
      "FadeInTime": -1.0,
      "FadeOutTime": -1.0,
      "Segments": [
        0,
        0,
        0,
        8,
        0
      ]
    },
    {
      "Target": "Parameter",
      "Id": "Param160",
      "FadeInTime": -1.0,
      "FadeOutTime": -1.0,
      "Segments": [
        0,
        0,
        0,
        8,
        0
      ]
    },
    {
      "Target": "Parameter",
      "Id": "Param214",
      "FadeInTime": -1.0,
      "FadeOutTime": -1.0,
      "Segments": [
        0,
        0,
        0,
        8,
        0
      ]
    },
    {
      "Target": "Parameter",
      "Id": "Param217",
      "FadeInTime": -1.0,
      "FadeOutTime": -1.0,
      "Segments": [
        0,
        0,
        0,
        8,
        0
      ]
    },
    {
      "Target": "Parameter",
      "Id": "Param163",
      "FadeInTime": -1.0,
      "FadeOutTime": -1.0,
      "Segments": [
        0,
        0,
        0,
        8,
        0
      ]
    },
    {
      "Target": "Parameter",
      "Id": "Param164",
      "FadeInTime": -1.0,
      "FadeOutTime": -1.0,
      "Segments": [
        0,
        0,
        0,
        8,
        0
      ]
    },
    {
      "Target": "Parameter",
      "Id": "Param161",
      "FadeInTime": -1.0,
      "FadeOutTime": -1.0,
      "Segments": [
        0,
        0,
        0,
        8,
        0
      ]
    },
    {
      "Target": "Parameter",
      "Id": "Param162",
      "FadeInTime": -1.0,
      "FadeOutTime": -1.0,
      "Segments": [
        0,
        0,
        0,
        8,
        0
      ]
    },
    {
      "Target": "Parameter",
      "Id": "Param181",
      "FadeInTime": -1.0,
      "FadeOutTime": -1.0,
      "Segments": [
        0,
        0,
        0,
        8,
        0
      ]
    },
    {
      "Target": "Parameter",
      "Id": "Param165",
      "FadeInTime": -1.0,
      "FadeOutTime": -1.0,
      "Segments": [
        0,
        0,
        0,
        8,
        0
      ]
    },
    {
      "Target": "Parameter",
      "Id": "Param87",
      "FadeInTime": -1.0,
      "FadeOutTime": -1.0,
      "Segments": [
        0,
        0,
        0,
        8,
        0
      ]
    },
    {
      "Target": "Parameter",
      "Id": "Param88",
      "FadeInTime": -1.0,
      "FadeOutTime": -1.0,
      "Segments": [
        0,
        0,
        0,
        8,
        0
      ]
    },
    {
      "Target": "Parameter",
      "Id": "Param89",
      "FadeInTime": -1.0,
      "FadeOutTime": -1.0,
      "Segments": [
        0,
        0,
        0,
        8,
        0
      ]
    },
    {
      "Target": "Parameter",
      "Id": "Param121",
      "FadeInTime": -1.0,
      "FadeOutTime": -1.0,
      "Segments": [
        0,
        0,
        0,
        8,
        0
      ]
    },
    {
      "Target": "Parameter",
      "Id": "Param122",
      "FadeInTime": -1.0,
      "FadeOutTime": -1.0,
      "Segments": [
        0,
        0,
        0,
        8,
        0
      ]
    },
    {
      "Target": "Parameter",
      "Id": "Param123",
      "FadeInTime": -1.0,
      "FadeOutTime": -1.0,
      "Segments": [
        0,
        0,
        0,
        8,
        0
      ]
    },
    {
      "Target": "Parameter",
      "Id": "Param124",
      "FadeInTime": -1.0,
      "FadeOutTime": -1.0,
      "Segments": [
        0,
        0,
        0,
        8,
        0
      ]
    },
    {
      "Target": "Parameter",
      "Id": "Param125",
      "FadeInTime": -1.0,
      "FadeOutTime": -1.0,
      "Segments": [
        0,
        0,
        0,
        8,
        0
      ]
    },
    {
      "Target": "Parameter",
      "Id": "Param126",
      "FadeInTime": -1.0,
      "FadeOutTime": -1.0,
      "Segments": [
        0,
        0,
        0,
        8,
        0
      ]
    },
    {
      "Target": "Parameter",
      "Id": "Param127",
      "FadeInTime": -1.0,
      "FadeOutTime": -1.0,
      "Segments": [
        0,
        0,
        0,
        8,
        0
      ]
    },
    {
      "Target": "Parameter",
      "Id": "Param146",
      "FadeInTime": -1.0,
      "FadeOutTime": -1.0,
      "Segments": [
        0,
        0,
        0,
        8,
        0
      ]
    },
    {
      "Target": "Parameter",
      "Id": "Param128",
      "FadeInTime": -1.0,
      "FadeOutTime": -1.0,
      "Segments": [
        0,
        0,
        0,
        8,
        0
      ]
    },
    {
      "Target": "Parameter",
      "Id": "Param129",
      "FadeInTime": -1.0,
      "FadeOutTime": -1.0,
      "Segments": [
        0,
        0,
        0,
        8,
        0
      ]
    },
    {
      "Target": "Parameter",
      "Id": "Param130",
      "FadeInTime": -1.0,
      "FadeOutTime": -1.0,
      "Segments": [
        0,
        0,
        0,
        8,
        0
      ]
    },
    {
      "Target": "Parameter",
      "Id": "Param131",
      "FadeInTime": -1.0,
      "FadeOutTime": -1.0,
      "Segments": [
        0,
        0,
        0,
        8,
        0
      ]
    },
    {
      "Target": "Parameter",
      "Id": "Param132",
      "FadeInTime": -1.0,
      "FadeOutTime": -1.0,
      "Segments": [
        0,
        0,
        0,
        8,
        0
      ]
    },
    {
      "Target": "Parameter",
      "Id": "Param133",
      "FadeInTime": -1.0,
      "FadeOutTime": -1.0,
      "Segments": [
        0,
        0,
        0,
        8,
        0
      ]
    },
    {
      "Target": "Parameter",
      "Id": "Param78",
      "FadeInTime": -1.0,
      "FadeOutTime": -1.0,
      "Segments": [
        0,
        0,
        0,
        8,
        0
      ]
    },
    {
      "Target": "Parameter",
      "Id": "Param79",
      "FadeInTime": -1.0,
      "FadeOutTime": -1.0,
      "Segments": [
        0,
        0,
        0,
        8,
        0
      ]
    },
    {
      "Target": "Parameter",
      "Id": "Param134",
      "FadeInTime": -1.0,
      "FadeOutTime": -1.0,
      "Segments": [
        0,
        0,
        0,
        8,
        0
      ]
    },
    {
      "Target": "Parameter",
      "Id": "Param135",
      "FadeInTime": -1.0,
      "FadeOutTime": -1.0,
      "Segments": [
        0,
        0,
        0,
        8,
        0
      ]
    },
    {
      "Target": "Parameter",
      "Id": "Param136",
      "FadeInTime": -1.0,
      "FadeOutTime": -1.0,
      "Segments": [
        0,
        0,
        0,
        8,
        0
      ]
    },
    {
      "Target": "Parameter",
      "Id": "Param201",
      "FadeInTime": -1.0,
      "FadeOutTime": -1.0,
      "Segments": [
        0,
        0,
        0,
        8,
        0
      ]
    },
    {
      "Target": "Parameter",
      "Id": "Param137",
      "FadeInTime": -1.0,
      "FadeOutTime": -1.0,
      "Segments": [
        0,
        0,
        0,
        8,
        0
      ]
    },
    {
      "Target": "Parameter",
      "Id": "Param138",
      "FadeInTime": -1.0,
      "FadeOutTime": -1.0,
      "Segments": [
        0,
        0,
        0,
        8,
        0
      ]
    },
    {
      "Target": "Parameter",
      "Id": "Param203",
      "FadeInTime": -1.0,
      "FadeOutTime": -1.0,
      "Segments": [
        0,
        0,
        0,
        8,
        0
      ]
    },
    {
      "Target": "Parameter",
      "Id": "Param210",
      "FadeInTime": -1.0,
      "FadeOutTime": -1.0,
      "Segments": [
        0,
        0,
        0,
        8,
        0
      ]
    },
    {
      "Target": "Parameter",
      "Id": "Param204",
      "FadeInTime": -1.0,
      "FadeOutTime": -1.0,
      "Segments": [
        0,
        0,
        0,
        8,
        0
      ]
    },
    {
      "Target": "Parameter",
      "Id": "Param205",
      "FadeInTime": -1.0,
      "FadeOutTime": -1.0,
      "Segments": [
        0,
        0,
        0,
        8,
        0
      ]
    },
    {
      "Target": "Parameter",
      "Id": "Param206",
      "FadeInTime": -1.0,
      "FadeOutTime": -1.0,
      "Segments": [
        0,
        0,
        0,
        8,
        0
      ]
    },
    {
      "Target": "Parameter",
      "Id": "Param207",
      "FadeInTime": -1.0,
      "FadeOutTime": -1.0,
      "Segments": [
        0,
        0,
        0,
        8,
        0
      ]
    },
    {
      "Target": "Parameter",
      "Id": "Param208",
      "FadeInTime": -1.0,
      "FadeOutTime": -1.0,
      "Segments": [
        0,
        0,
        0,
        8,
        0
      ]
    },
    {
      "Target": "Parameter",
      "Id": "Param211",
      "FadeInTime": -1.0,
      "FadeOutTime": -1.0,
      "Segments": [
        0,
        0,
        0,
        8,
        0
      ]
    },
    {
      "Target": "Parameter",
      "Id": "Param209",
      "FadeInTime": -1.0,
      "FadeOutTime": -1.0,
      "Segments": [
        0,
        0,
        0,
        8,
        0
      ]
    },
    {
      "Target": "Parameter",
      "Id": "Param139",
      "FadeInTime": -1.0,
      "FadeOutTime": -1.0,
      "Segments": [
        0,
        0,
        0,
        8,
        0
      ]
    },
    {
      "Target": "Parameter",
      "Id": "Param172",
      "FadeInTime": -1.0,
      "FadeOutTime": -1.0,
      "Segments": [
        0,
        0,
        0,
        8,
        0
      ]
    },
    {
      "Target": "Parameter",
      "Id": "Param140",
      "FadeInTime": -1.0,
      "FadeOutTime": -1.0,
      "Segments": [
        0,
        0,
        0,
        8,
        0
      ]
    },
    {
      "Target": "Parameter",
      "Id": "Param147",
      "FadeInTime": -1.0,
      "FadeOutTime": -1.0,
      "Segments": [
        0,
        0,
        0,
        8,
        0
      ]
    },
    {
      "Target": "Parameter",
      "Id": "Param218",
      "FadeInTime": -1.0,
      "FadeOutTime": -1.0,
      "Segments": [
        0,
        0,
        0,
        8,
        0
      ]
    },
    {
      "Target": "Parameter",
      "Id": "Param195",
      "FadeInTime": -1.0,
      "FadeOutTime": -1.0,
      "Segments": [
        0,
        0,
        0,
        8,
        0
      ]
    },
    {
      "Target": "Parameter",
      "Id": "Param141",
      "FadeInTime": -1.0,
      "FadeOutTime": -1.0,
      "Segments": [
        0,
        0,
        0,
        8,
        0
      ]
    },
    {
      "Target": "Parameter",
      "Id": "Param220",
      "FadeInTime": -1.0,
      "FadeOutTime": -1.0,
      "Segments": [
        0,
        0,
        0,
        8,
        0
      ]
    },
    {
      "Target": "Parameter",
      "Id": "Param142",
      "FadeInTime": -1.0,
      "FadeOutTime": -1.0,
      "Segments": [
        0,
        0,
        0,
        8,
        0
      ]
    },
    {
      "Target": "Parameter",
      "Id": "Param215",
      "FadeInTime": -1.0,
      "FadeOutTime": -1.0,
      "Segments": [
        0,
        0,
        0,
        8,
        0
      ]
    },
    {
      "Target": "Parameter",
      "Id": "Param216",
      "FadeInTime": -1.0,
      "FadeOutTime": -1.0,
      "Segments": [
        0,
        0,
        0,
        8,
        0
      ]
    },
    {
      "Target": "Parameter",
      "Id": "Param143",
      "FadeInTime": -1.0,
      "FadeOutTime": -1.0,
      "Segments": [
        0,
        0,
        0,
        8,
        0
      ]
    },
    {
      "Target": "Parameter",
      "Id": "Param144",
      "FadeInTime": -1.0,
      "FadeOutTime": -1.0,
      "Segments": [
        0,
        0,
        0,
        8,
        0
      ]
    },
    {
      "Target": "Parameter",
      "Id": "Param145",
      "FadeInTime": -1.0,
      "FadeOutTime": -1.0,
      "Segments": [
        0,
        0,
        0,
        8,
        0
      ]
    },
    {
      "Target": "Parameter",
      "Id": "Param173",
      "FadeInTime": -1.0,
      "FadeOutTime": -1.0,
      "Segments": [
        0,
        0,
        0,
        8,
        0
      ]
    },
    {
      "Target": "Parameter",
      "Id": "Param148",
      "FadeInTime": -1.0,
      "FadeOutTime": -1.0,
      "Segments": [
        0,
        0,
        0,
        8,
        0
      ]
    },
    {
      "Target": "Parameter",
      "Id": "Param149",
      "FadeInTime": -1.0,
      "FadeOutTime": -1.0,
      "Segments": [
        0,
        0,
        0,
        8,
        0
      ]
    },
    {
      "Target": "Parameter",
      "Id": "Param150",
      "FadeInTime": -1.0,
      "FadeOutTime": -1.0,
      "Segments": [
        0,
        0,
        0,
        8,
        0
      ]
    },
    {
      "Target": "Parameter",
      "Id": "Param151",
      "FadeInTime": -1.0,
      "FadeOutTime": -1.0,
      "Segments": [
        0,
        0,
        0,
        8,
        0
      ]
    },
    {
      "Target": "Parameter",
      "Id": "Param152",
      "FadeInTime": -1.0,
      "FadeOutTime": -1.0,
      "Segments": [
        0,
        0,
        0,
        8,
        0
      ]
    }
  ],
  "UserData": [
    {
      "Time": 0.0,
      "Value": ""
    }
  ]
}