{
  "Version": 3,
  "Meta": {
    "Duration": 10.5,
    "Fps": 60.0,
    "Loop": true,
    "AreBeziersRestricted": true,
    "FadeInTime": 0.0,
    "FadeOutTime": 0.0,
    "CurveCount": 256,
    "TotalSegmentCount": 1143,
    "TotalPointCount": 1513,
    "UserDataCount": 3,
    "TotalUserDataSize": 0
  },
  "Curves": [
    {
      "Target": "Parameter",
      "Id": "ParamAngleX",
      "FadeInTime": -1.0,
      "FadeOutTime": -1.0,
      "Segments": [
        0,
        0,
        2,
        0.333,
        0,
        0,
        0.667,
        1.965,
        0,
        1.133,
        -24.8,
        0,
        1.433,
        -23.002,
        0,
        2.7,
        -24.8,
        0,
        3.133,
        -1.768,
        0,
        3.5,
        -3.023,
        0,
        4,
        -2.388,
        1,
        4.167,
        -2.388,
        4.333,
        -11.902,
        4.5,
        -12.287,
        1,
        4.922,
        -13.264,
        5.345,
        -13.357,
        5.767,
        -13.357,
        0,
        6.033,
        -10.601,
        0,
        6.533,
        -26.402,
        0,
        6.767,
        -24.8,
        0,
        7.1,
        -25.572,
        0,
        7.567,
        -6,
        0,
        7.967,
        -30,
        0,
        8.267,
        -9.809,
        0,
        8.5,
        -25.469,
        0,
        8.933,
        -12.842,
        0,
        9.333,
        -23.002,
        0,
        9.767,
        2.619,
        0,
        10.2,
        -5.239,
        0,
        10.5,
        0
      ]
    },
    {
      "Target": "Parameter",
      "Id": "ParamAngleY",
      "FadeInTime": -1.0,
      "FadeOutTime": -1.0,
      "Segments": [
        0,
        0,
        2,
        0.333,
        0,
        0,
        0.533,
        -4.146,
        0,
        0.767,
        2.567,
        0,
        1.233,
        -22.88,
        0,
        1.533,
        -20.687,
        0,
        2.8,
        -22.88,
        0,
        3.233,
        -3.491,
        0,
        3.6,
        -4.676,
        0,
        4.1,
        -4.146,
        1,
        4.267,
        -4.146,
        4.433,
        -8.141,
        4.6,
        -8.507,
        1,
        5.022,
        -9.434,
        5.445,
        -9.542,
        5.867,
        -9.542,
        0,
        6.133,
        -8.274,
        0,
        6.633,
        -25.248,
        0,
        6.867,
        -24.632,
        1,
        7.022,
        -24.632,
        7.178,
        -25.563,
        7.333,
        -25.72,
        1,
        7.6,
        -25.99,
        7.866,
        -26.068,
        8.133,
        -26.276,
        1,
        8.6,
        -26.639,
        9.066,
        -26.861,
        9.533,
        -26.861,
        0,
        10.333,
        4.559,
        0,
        10.5,
        0
      ]
    },
    {
      "Target": "Parameter",
      "Id": "ParamAngleZ",
      "FadeInTime": -1.0,
      "FadeOutTime": -1.0,
      "Segments": [
        0,
        0,
        2,
        0.333,
        0,
        0,
        0.5,
        3.03,
        0,
        0.7,
        -6.043,
        0,
        1.167,
        -1.08,
        0,
        1.467,
        -2.503,
        0,
        2.733,
        -1.08,
        0,
        3.167,
        -10.746,
        0,
        3.533,
        -9.682,
        0,
        4.033,
        -10.192,
        1,
        4.2,
        -10.192,
        4.366,
        -6.294,
        4.533,
        -6.144,
        1,
        4.955,
        -5.763,
        5.378,
        -5.728,
        5.8,
        -5.728,
        0,
        6.067,
        -7.048,
        0,
        6.567,
        0.805,
        1,
        6.645,
        0.805,
        6.722,
        0.383,
        6.8,
        -1.705,
        1,
        6.978,
        -6.478,
        7.155,
        -9.753,
        7.333,
        -9.753,
        0,
        7.767,
        3.009,
        0,
        8.133,
        -6.444,
        0,
        8.4,
        0.378,
        0,
        8.6,
        -3.306,
        0,
        9.033,
        -2.181,
        0,
        9.433,
        -4.477,
        0,
        9.967,
        5.565,
        0,
        10.333,
        -2.503,
        0,
        10.5,
        0
      ]
    },
    {
      "Target": "Parameter",
      "Id": "Param",
      "FadeInTime": -1.0,
      "FadeOutTime": -1.0,
      "Segments": [
        0,
        0,
        2,
        0.333,
        0,
        0,
        0.467,
        6.291,
        1,
        0.522,
        6.291,
        0.578,
        -4.4,
        0.633,
        -7.176,
        1,
        0.789,
        -14.949,
        0.944,
        -16.8,
        1.1,
        -16.8,
        0,
        1.4,
        -14.736,
        1,
        1.822,
        -14.736,
        2.245,
        -14.995,
        2.667,
        -16.8,
        1,
        2.811,
        -17.418,
        2.956,
        -29.699,
        3.1,
        -29.699,
        0,
        3.467,
        -28.528,
        0,
        3.967,
        -28.957,
        1,
        4.134,
        -28.957,
        4.3,
        -23.704,
        4.467,
        -23.332,
        1,
        4.889,
        -22.39,
        5.311,
        -22.289,
        5.733,
        -22.289,
        0,
        6,
        -24.588,
        0,
        6.5,
        -23.332,
        1,
        6.578,
        -23.332,
        6.655,
        -24.417,
        6.733,
        -25.288,
        1,
        6.9,
        -27.155,
        7.066,
        -27.715,
        7.233,
        -27.715,
        0,
        7.7,
        -23.624,
        0,
        8.033,
        -26.776,
        0,
        8.333,
        -24.588,
        0,
        8.533,
        -25.541,
        0,
        8.967,
        -25.047,
        0,
        9.367,
        -26.776,
        0,
        10,
        1.546,
        0,
        10.333,
        -1.178,
        0,
        10.5,
        0
      ]
    },
    {
      "Target": "Parameter",
      "Id": "Param33",
      "FadeInTime": -1.0,
      "FadeOutTime": -1.0,
      "Segments": [
        0,
        0,
        2,
        0.333,
        0,
        0,
        0.8,
        0.484,
        0,
        1.267,
        -16.912,
        0,
        1.567,
        -15.615,
        0,
        2.833,
        -16.38,
        0,
        3.267,
        -12.96,
        0,
        3.633,
        -13.461,
        2,
        4.133,
        -13.461,
        0,
        4.633,
        -14.595,
        2,
        5.9,
        -14.595,
        1,
        5.989,
        -14.595,
        6.078,
        -14.703,
        6.167,
        -15.615,
        1,
        6.334,
        -17.325,
        6.5,
        -18.753,
        6.667,
        -18.753,
        0,
        6.9,
        -17.427,
        2,
        8.4,
        -17.427,
        2,
        9.567,
        -17.427,
        0,
        10.5,
        0
      ]
    },
    {
      "Target": "Parameter",
      "Id": "Param10",
      "FadeInTime": -1.0,
      "FadeOutTime": -1.0,
      "Segments": [
        0,
        0,
        2,
        0.333,
        0,
        2,
        1,
        0,
        0,
        1.333,
        30,
        2,
        2.6,
        30,
        0,
        3.133,
        -2.9,
        2,
        5.667,
        -2.9,
        0,
        6.667,
        30,
        2,
        8.4,
        30,
        2,
        9.567,
        30,
        0,
        10.5,
        0
      ]
    },
    {
      "Target": "Parameter",
      "Id": "ParamEyeROpen",
      "FadeInTime": -1.0,
      "FadeOutTime": -1.0,
      "Segments": [
        0,
        1,
        2,
        0.333,
        1,
        2,
        1,
        1,
        1,
        1.033,
        1,
        1.067,
        0.821,
        1.1,
        0.488,
        1,
        1.133,
        0.155,
        1.167,
        0,
        1.2,
        0,
        0,
        1.333,
        0.639,
        2,
        2.6,
        0.639,
        1,
        2.633,
        0.639,
        2.667,
        0.642,
        2.7,
        0.488,
        1,
        2.733,
        0.334,
        2.767,
        0,
        2.8,
        0,
        0,
        2.933,
        0.8,
        2,
        3.133,
        0.8,
        2,
        4.267,
        0.8,
        1,
        4.3,
        0.8,
        4.334,
        0.742,
        4.367,
        0.488,
        1,
        4.4,
        0.234,
        4.434,
        0,
        4.467,
        0,
        0,
        4.6,
        0.8,
        2,
        4.8,
        0.8,
        2,
        5.667,
        0.8,
        2,
        6.333,
        0.8,
        1,
        6.366,
        0.8,
        6.4,
        0.742,
        6.433,
        0.488,
        1,
        6.466,
        0.234,
        6.5,
        0,
        6.533,
        0,
        0,
        6.667,
        0.639,
        2,
        6.9,
        0.639,
        1,
        6.933,
        0.639,
        6.967,
        0.642,
        7,
        0.488,
        1,
        7.033,
        0.334,
        7.067,
        0,
        7.1,
        0,
        2,
        9.233,
        0,
        1,
        9.289,
        0,
        9.344,
        0.598,
        9.4,
        0.639,
        1,
        9.767,
        0.913,
        10.133,
        1,
        10.5,
        1
      ]
    },
    {
      "Target": "Parameter",
      "Id": "ParamEyeRSmile",
      "FadeInTime": -1.0,
      "FadeOutTime": -1.0,
      "Segments": [
        0,
        0,
        2,
        0.333,
        0,
        2,
        6.967,
        0,
        0,
        7,
        0.7,
        2,
        8.4,
        0.7,
        2,
        9.433,
        0.7,
        0,
        10.067,
        0,
        2,
        10.5,
        0
      ]
    },
    {
      "Target": "Parameter",
      "Id": "ParamEyeBallX",
      "FadeInTime": -1.0,
      "FadeOutTime": -1.0,
      "Segments": [
        0,
        0,
        2,
        0.333,
        0,
        1,
        0.378,
        0,
        0.422,
        0.163,
        0.467,
        0.2,
        1,
        0.656,
        0.356,
        0.844,
        0.4,
        1.033,
        0.4,
        2,
        2.6,
        0.4,
        0,
        3.133,
        0.9,
        2,
        4.267,
        0.9,
        0,
        4.533,
        0.2,
        2,
        5.667,
        0.2,
        0,
        6.667,
        0.4,
        2,
        8.4,
        0.4,
        2,
        9.433,
        0.4,
        0,
        10.5,
        0
      ]
    },
    {
      "Target": "Parameter",
      "Id": "ParamEyeBallY",
      "FadeInTime": -1.0,
      "FadeOutTime": -1.0,
      "Segments": [
        0,
        0,
        2,
        0.333,
        0,
        2,
        0.467,
        0,
        0,
        1.033,
        -0.7,
        2,
        2.6,
        -0.7,
        0,
        3.133,
        -0.2,
        2,
        4.267,
        -0.2,
        0,
        4.533,
        -0.8,
        2,
        5.667,
        -0.8,
        0,
        6.667,
        -0.7,
        2,
        8.4,
        -0.7,
        2,
        9.433,
        -0.7,
        0,
        10.5,
        0
      ]
    },
    {
      "Target": "Parameter",
      "Id": "ParamMouthForm",
      "FadeInTime": -1.0,
      "FadeOutTime": -1.0,
      "Segments": [
        0,
        0,
        2,
        0.333,
        0,
        1,
        0.378,
        0,
        0.422,
        -0.333,
        0.467,
        -0.375,
        1,
        0.656,
        -0.554,
        0.844,
        -0.6,
        1.033,
        -0.6,
        2,
        2.6,
        -0.6,
        2,
        3.133,
        -0.6,
        2,
        5.667,
        -0.6,
        2,
        6.767,
        -0.6,
        2,
        8.333,
        -0.6,
        0,
        10.5,
        0
      ]
    },
    {
      "Target": "Parameter",
      "Id": "ParamMouthOpenY",
      "FadeInTime": -1.0,
      "FadeOutTime": -1.0,
      "Segments": [
        0,
        1,
        2,
        0.333,
        1,
        0,
        1.267,
        0,
        0,
        1.367,
        0.8,
        0,
        1.467,
        0.3,
        0,
        1.567,
        0.8,
        0,
        1.667,
        0.4,
        0,
        1.767,
        0.8,
        0,
        1.8,
        0.3,
        0,
        1.833,
        0.7,
        0,
        2,
        0.4,
        0,
        2.167,
        0.9,
        0,
        2.233,
        0.2,
        0,
        2.333,
        0.8,
        0,
        2.4,
        0.3,
        0,
        2.533,
        0.8,
        0,
        2.633,
        0,
        2,
        3.1,
        0,
        1,
        3.133,
        0,
        3.167,
        0.304,
        3.2,
        0.5,
        1,
        3.244,
        0.762,
        3.289,
        0.8,
        3.333,
        0.8,
        0,
        3.4,
        0.3,
        0,
        3.467,
        0.8,
        0,
        3.567,
        0.3,
        0,
        3.6,
        0.7,
        0,
        3.7,
        0.3,
        0,
        3.8,
        0.5,
        0,
        3.9,
        0,
        2,
        4.5,
        0,
        0,
        4.7,
        0.7,
        0,
        4.833,
        0.3,
        0,
        5,
        0.7,
        0,
        5.2,
        0,
        2,
        6.433,
        0,
        0,
        6.5,
        1,
        0,
        6.667,
        0,
        2,
        7.067,
        0,
        0,
        7.167,
        0.8,
        0,
        7.267,
        0.3,
        0,
        7.367,
        0.7,
        0,
        7.467,
        0.3,
        0,
        7.533,
        0.8,
        0,
        7.567,
        0.3,
        0,
        7.633,
        0.9,
        0,
        7.7,
        0.3,
        0,
        7.8,
        0.9,
        0,
        7.9,
        0.2,
        0,
        8.033,
        0.7,
        0,
        8.133,
        0.2,
        0,
        8.2,
        0.8,
        0,
        8.267,
        0.2,
        0,
        8.333,
        0.8,
        0,
        8.4,
        0.3,
        0,
        8.5,
        0.8,
        0,
        8.633,
        0.2,
        0,
        8.8,
        0.8,
        1,
        8.867,
        0.8,
        8.933,
        0.554,
        9,
        0.208,
        1,
        9.033,
        0.035,
        9.067,
        0,
        9.1,
        0,
        0,
        10.5,
        1
      ]
    },
    {
      "Target": "Parameter",
      "Id": "ParamBodyAngleX",
      "FadeInTime": -1.0,
      "FadeOutTime": -1.0,
      "Segments": [
        0,
        0,
        2,
        0.333,
        0,
        0,
        0.567,
        2.535,
        0,
        1.133,
        -3.42,
        0,
        1.4,
        -2.092,
        0,
        2.7,
        -3.42,
        0,
        3.167,
        3.886,
        0,
        3.533,
        0.491,
        0,
        4.267,
        2.847,
        0,
        4.767,
        -1.861,
        0,
        5.767,
        1.127,
        0,
        6.533,
        -3.42,
        1,
        6.633,
        -3.42,
        6.733,
        -3.407,
        6.833,
        -3.032,
        1,
        6.922,
        -2.699,
        7.011,
        -1.407,
        7.1,
        -1,
        1,
        7.322,
        0.017,
        7.545,
        0.315,
        7.767,
        0.315,
        0,
        8.133,
        -6.663,
        0,
        8.4,
        -0.883,
        0,
        8.6,
        -5.585,
        0,
        9.067,
        -1.617,
        0,
        9.533,
        -4.837,
        0,
        10.133,
        0.806,
        0,
        10.5,
        0
      ]
    },
    {
      "Target": "Parameter",
      "Id": "ParamBodyAngleY",
      "FadeInTime": -1.0,
      "FadeOutTime": -1.0,
      "Segments": [
        0,
        0,
        2,
        0.333,
        0,
        0,
        0.633,
        8.051,
        0,
        1.2,
        3.06,
        0,
        1.467,
        3.816,
        0,
        2.767,
        3.508,
        0,
        3.233,
        5.42,
        0,
        3.6,
        4.29,
        0,
        4.333,
        5.725,
        0,
        4.833,
        3.816,
        0,
        5.833,
        4.872,
        0,
        6.6,
        3.06,
        0,
        6.9,
        3.508,
        0,
        8.633,
        2.281,
        0,
        9.567,
        2.774,
        0,
        10.2,
        -0.56,
        0,
        10.5,
        0
      ]
    },
    {
      "Target": "Parameter",
      "Id": "Param8",
      "FadeInTime": -1.0,
      "FadeOutTime": -1.0,
      "Segments": [
        0,
        0,
        2,
        0.333,
        0,
        0,
        0.533,
        3.369,
        0,
        1.1,
        -11.28,
        0,
        1.367,
        -10.093,
        0,
        2.667,
        -10.493,
        0,
        3.133,
        -7.276,
        0,
        3.5,
        -8.954,
        0,
        4.233,
        -8.175,
        0,
        4.733,
        -9.736,
        0,
        5.733,
        -8.522,
        0,
        6.5,
        -11.04,
        0,
        6.8,
        -10.743,
        0,
        8.533,
        -11.417,
        0,
        9,
        -11.098,
        0,
        9.467,
        -11.773,
        0,
        10.1,
        1.184,
        0,
        10.5,
        0
      ]
    },
    {
      "Target": "Parameter",
      "Id": "Param9",
      "FadeInTime": -1.0,
      "FadeOutTime": -1.0,
      "Segments": [
        0,
        0,
        2,
        0.333,
        0,
        0,
        0.467,
        -1.45,
        0,
        1.033,
        6.84,
        0,
        1.3,
        6.462,
        1,
        1.733,
        6.462,
        2.167,
        6.487,
        2.6,
        6.696,
        1,
        2.756,
        6.771,
        2.911,
        8.804,
        3.067,
        8.804,
        0,
        3.433,
        8.356,
        2,
        4.167,
        8.356,
        2,
        4.667,
        8.356,
        0,
        5.667,
        8.924,
        0,
        6.433,
        8.28,
        0,
        6.733,
        8.654,
        0,
        8.5,
        8.356,
        0,
        9.433,
        8.536,
        0,
        10.067,
        -0.803,
        0,
        10.5,
        0
      ]
    },
    {
      "Target": "Parameter",
      "Id": "ParamBodyAngleZ",
      "FadeInTime": -1.0,
      "FadeOutTime": -1.0,
      "Segments": [
        0,
        0,
        2,
        0.333,
        0,
        0,
        0.467,
        -0.64,
        0,
        1.033,
        0.84,
        0,
        1.3,
        0.74,
        1,
        1.733,
        0.74,
        2.167,
        0.756,
        2.6,
        0.84,
        1,
        2.756,
        0.87,
        2.911,
        1.005,
        3.067,
        1.005,
        0,
        3.433,
        0.885,
        2,
        4.167,
        0.885,
        2,
        4.667,
        0.885,
        1,
        5,
        0.885,
        5.334,
        0.883,
        5.667,
        0.925,
        1,
        5.922,
        0.957,
        6.178,
        1.12,
        6.433,
        1.12,
        0,
        6.733,
        1.005,
        0,
        8.5,
        1.054,
        2,
        9.433,
        1.054,
        0,
        10.067,
        -0.113,
        0,
        10.5,
        0
      ]
    },
    {
      "Target": "Parameter",
      "Id": "Param171",
      "FadeInTime": -1.0,
      "FadeOutTime": -1.0,
      "Segments": [
        0,
        0,
        2,
        0.333,
        0,
        0,
        0.533,
        1.032,
        0,
        1.1,
        -14.4,
        0,
        1.367,
        -13.386,
        0,
        2.667,
        -13.694,
        0,
        3.133,
        -11.629,
        0,
        3.5,
        -13.082,
        0,
        4.233,
        -12.347,
        0,
        4.733,
        -13.336,
        1,
        5.066,
        -13.336,
        5.4,
        -12.853,
        5.733,
        -12.836,
        1,
        5.911,
        -12.827,
        6.089,
        -12.831,
        6.267,
        -12.831,
        1,
        6.389,
        -12.831,
        6.511,
        -16.972,
        6.633,
        -17.422,
        1,
        6.711,
        -17.709,
        6.789,
        -17.549,
        6.867,
        -17.791,
        1,
        6.956,
        -18.068,
        7.044,
        -20.607,
        7.133,
        -20.607,
        1,
        7.233,
        -20.607,
        7.333,
        -18.203,
        7.433,
        -17.858,
        1,
        7.8,
        -16.592,
        8.166,
        -15.654,
        8.533,
        -14.746,
        1,
        8.689,
        -14.361,
        8.844,
        -14.3,
        9,
        -14.3,
        0,
        9.467,
        -15.097,
        0,
        10.1,
        1.408,
        0,
        10.5,
        0
      ]
    },
    {
      "Target": "Parameter",
      "Id": "Param5",
      "FadeInTime": -1.0,
      "FadeOutTime": -1.0,
      "Segments": [
        0,
        0,
        2,
        0.333,
        0,
        0,
        1.033,
        1.44,
        2,
        2.6,
        1.44,
        2,
        3.133,
        1.44,
        2,
        5.667,
        1.44,
        2,
        6.733,
        1.44,
        2,
        8.5,
        1.44,
        2,
        9.433,
        1.44,
        0,
        10.5,
        0
      ]
    },
    {
      "Target": "Parameter",
      "Id": "Param12",
      "FadeInTime": -1.0,
      "FadeOutTime": -1.0,
      "Segments": [
        0,
        0,
        2,
        0.333,
        0,
        0,
        1.033,
        8,
        2,
        2.6,
        8,
        0,
        3.133,
        14,
        2,
        5.667,
        14,
        0,
        6.733,
        8,
        2,
        8.5,
        8,
        2,
        9.433,
        8,
        0,
        10.5,
        0
      ]
    },
    {
      "Target": "Parameter",
      "Id": "Param175",
      "FadeInTime": -1.0,
      "FadeOutTime": -1.0,
      "Segments": [
        0,
        0,
        2,
        0.333,
        0,
        0,
        1.033,
        -10,
        2,
        2.6,
        -10,
        2,
        3.133,
        -10,
        2,
        5.667,
        -10,
        2,
        6.733,
        -10,
        0,
        7.1,
        0,
        2,
        10.5,
        0
      ]
    },
    {
      "Target": "Parameter",
      "Id": "Param174",
      "FadeInTime": -1.0,
      "FadeOutTime": -1.0,
      "Segments": [
        0,
        0,
        2,
        0.333,
        0,
        0,
        1.033,
        -8,
        2,
        6.733,
        -8,
        0,
        7.1,
        0,
        2,
        10.5,
        0
      ]
    },
    {
      "Target": "Parameter",
      "Id": "ParamBreath",
      "FadeInTime": -1.0,
      "FadeOutTime": -1.0,
      "Segments": [
        0,
        0,
        2,
        0.333,
        0,
        0,
        0.633,
        0.701,
        0,
        1.467,
        0,
        0,
        3.067,
        0.6,
        0,
        4.833,
        0,
        0,
        5.833,
        0.6,
        0,
        6.6,
        0,
        0,
        7.8,
        0.6,
        0,
        8.933,
        0,
        0,
        10.1,
        0.5,
        0,
        10.5,
        0
      ]
    },
    {
      "Target": "Parameter",
      "Id": "Param221",
      "FadeInTime": -1.0,
      "FadeOutTime": -1.0,
      "Segments": [
        0,
        0,
        2,
        0.333,
        0,
        2,
        1.033,
        0,
        1,
        1.155,
        0,
        1.278,
        15.852,
        1.4,
        18.589,
        1,
        1.522,
        21.326,
        1.645,
        21,
        1.767,
        21,
        2,
        6.9,
        21,
        0,
        7.167,
        -9,
        0,
        7.4,
        4,
        0,
        7.567,
        0,
        2,
        10.5,
        0
      ]
    },
    {
      "Target": "Parameter",
      "Id": "Param27",
      "FadeInTime": -1.0,
      "FadeOutTime": -1.0,
      "Segments": [
        0,
        0,
        2,
        0.333,
        0,
        0,
        0.5,
        -2.525,
        0,
        1.033,
        2.9,
        0,
        1.833,
        1.636,
        0,
        2.6,
        3.398,
        0,
        3.133,
        2.69,
        0,
        4.433,
        4.098,
        0,
        5.667,
        2.164,
        0,
        6.733,
        2.9,
        0,
        7.1,
        2.481,
        0,
        7.567,
        3.742,
        0,
        7.967,
        1.968,
        0,
        8.267,
        3.398,
        0,
        8.5,
        2.164,
        0,
        9.033,
        2.9,
        1,
        9.211,
        2.9,
        9.389,
        2.324,
        9.567,
        1.636,
        1,
        9.878,
        0.431,
        10.189,
        0,
        10.5,
        0
      ]
    },
    {
      "Target": "Parameter",
      "Id": "Param28",
      "FadeInTime": -1.0,
      "FadeOutTime": -1.0,
      "Segments": [
        0,
        0,
        2,
        0.333,
        0,
        0,
        0.5,
        3.196,
        1,
        0.678,
        3.196,
        0.855,
        -2.618,
        1.033,
        -3.66,
        1,
        1.3,
        -5.222,
        1.566,
        -5.213,
        1.833,
        -5.213,
        0,
        2.6,
        -3.274,
        0,
        3.133,
        -5.52,
        0,
        4.433,
        -2.31,
        0,
        5.667,
        -4.287,
        0,
        6.733,
        -3.66,
        0,
        7.1,
        -4.061,
        0,
        7.567,
        -2.8,
        0,
        7.967,
        -4.657,
        0,
        8.267,
        -3.274,
        0,
        8.5,
        -4.287,
        0,
        9.033,
        -2.633,
        0,
        9.567,
        -3.274,
        0,
        10.5,
        0
      ]
    },
    {
      "Target": "Parameter",
      "Id": "Param29",
      "FadeInTime": -1.0,
      "FadeOutTime": -1.0,
      "Segments": [
        0,
        0,
        2,
        0.333,
        0,
        0,
        0.733,
        -4.894,
        0,
        1.4,
        5.041,
        0,
        2.233,
        -3.79,
        0,
        2.867,
        3.637,
        0,
        3.567,
        -4.493,
        0,
        4.933,
        4.743,
        0,
        6.167,
        -3.612,
        0,
        6.9,
        1.86,
        0,
        7.333,
        -4.351,
        0,
        7.767,
        2.412,
        0,
        8.133,
        -3.396,
        0,
        8.4,
        3.504,
        0,
        8.6,
        -2.916,
        0,
        9.3,
        4.992,
        0,
        9.933,
        -4.597,
        0,
        10.5,
        0
      ]
    },
    {
      "Target": "Parameter",
      "Id": "Param30",
      "FadeInTime": -1.0,
      "FadeOutTime": -1.0,
      "Segments": [
        0,
        0,
        2,
        0.333,
        0,
        0,
        0.5,
        1.139,
        0,
        1.033,
        -16.76,
        2,
        2.6,
        -16.76,
        0,
        3.133,
        -18.32,
        0,
        4.433,
        -16.76,
        2,
        9.567,
        -16.76,
        0,
        10.5,
        0
      ]
    },
    {
      "Target": "Parameter",
      "Id": "Param31",
      "FadeInTime": -1.0,
      "FadeOutTime": -1.0,
      "Segments": [
        0,
        0,
        2,
        0.333,
        0,
        0,
        0.5,
        1.136,
        0,
        1.033,
        -10.5,
        2,
        2.6,
        -10.5,
        0,
        3.133,
        -12.42,
        0,
        4.433,
        -10.5,
        2,
        9.567,
        -10.5,
        0,
        10.5,
        0
      ]
    },
    {
      "Target": "Parameter",
      "Id": "Param_Leg_upper_L_Z",
      "FadeInTime": -1.0,
      "FadeOutTime": -1.0,
      "Segments": [
        0,
        0,
        2,
        0.333,
        0,
        0,
        0.5,
        1.051,
        0,
        1.033,
        -4.134,
        0,
        1.833,
        -3.445,
        0,
        2.6,
        -4.134,
        0,
        3.133,
        -2.304,
        0,
        4.433,
        -3.205,
        0,
        5.667,
        -2.304,
        1,
        6.022,
        -2.304,
        6.378,
        -2.87,
        6.733,
        -4.134,
        1,
        6.855,
        -4.569,
        6.978,
        -4.863,
        7.1,
        -4.863,
        0,
        7.567,
        -3.205,
        0,
        7.967,
        -5.441,
        0,
        8.267,
        -3.869,
        0,
        8.5,
        -4.863,
        0,
        9.033,
        -4.134,
        0,
        9.567,
        -5.441,
        0,
        10.5,
        0
      ]
    },
    {
      "Target": "Parameter",
      "Id": "Param_Leg_lower_L1_Z",
      "FadeInTime": -1.0,
      "FadeOutTime": -1.0,
      "Segments": [
        0,
        0,
        2,
        0.333,
        0,
        0,
        0.5,
        0.802,
        0,
        1.033,
        -9.76,
        0,
        1.833,
        -8.72,
        0,
        2.6,
        -9.76,
        0,
        3.133,
        -6.675,
        0,
        4.433,
        -7.915,
        0,
        5.667,
        -6.675,
        1,
        6.022,
        -6.675,
        6.378,
        -7.831,
        6.733,
        -9.76,
        1,
        6.855,
        -10.423,
        6.978,
        -10.602,
        7.1,
        -10.602,
        0,
        7.567,
        -8.316,
        0,
        7.967,
        -11.581,
        0,
        8.267,
        -9.233,
        0,
        8.5,
        -10.602,
        0,
        9.033,
        -9.76,
        0,
        9.567,
        -11.581,
        0,
        10.5,
        0
      ]
    },
    {
      "Target": "Parameter",
      "Id": "Param_foot_L1_Z",
      "FadeInTime": -1.0,
      "FadeOutTime": -1.0,
      "Segments": [
        0,
        0,
        2,
        0.333,
        0,
        0,
        0.567,
        -1.458,
        0,
        1.1,
        18.3,
        0,
        1.867,
        16.866,
        0,
        2.633,
        18.3,
        0,
        3.167,
        16.017,
        0,
        4.467,
        17.397,
        0,
        5.7,
        16.017,
        1,
        6.056,
        16.017,
        6.411,
        16.818,
        6.767,
        18.3,
        1,
        6.889,
        18.809,
        7.011,
        19.01,
        7.133,
        19.01,
        0,
        7.6,
        16.444,
        0,
        8,
        19.664,
        0,
        8.3,
        17.12,
        0,
        8.533,
        18.823,
        0,
        9.067,
        17.919,
        0,
        9.6,
        19.664,
        0,
        10.5,
        0
      ]
    },
    {
      "Target": "Parameter",
      "Id": "Param90",
      "FadeInTime": -1.0,
      "FadeOutTime": -1.0,
      "Segments": [
        0,
        0,
        2,
        0.333,
        0,
        2,
        0.633,
        0,
        2,
        0.65,
        1,
        2,
        1.1,
        1,
        2,
        2.6,
        1,
        2,
        3.133,
        1,
        2,
        5.667,
        1,
        2,
        6.733,
        1,
        2,
        7.1,
        1,
        2,
        7.117,
        0,
        2,
        7.467,
        0,
        2,
        9.567,
        0,
        2,
        10.5,
        0
      ]
    },
    {
      "Target": "Parameter",
      "Id": "Param91",
      "FadeInTime": -1.0,
      "FadeOutTime": -1.0,
      "Segments": [
        0,
        0,
        2,
        0.333,
        0,
        2,
        0.633,
        0,
        2,
        0.65,
        1,
        2,
        1.1,
        1,
        2,
        2.6,
        1,
        2,
        3.133,
        1,
        2,
        5.667,
        1,
        2,
        6.733,
        1,
        2,
        7.1,
        1,
        2,
        7.117,
        0,
        2,
        7.467,
        0,
        2,
        9.567,
        0,
        2,
        10.5,
        0
      ]
    },
    {
      "Target": "Parameter",
      "Id": "Param92",
      "FadeInTime": -1.0,
      "FadeOutTime": -1.0,
      "Segments": [
        0,
        0,
        2,
        0.333,
        0,
        2,
        0.633,
        0,
        2,
        0.65,
        1,
        2,
        1.1,
        1,
        2,
        2.6,
        1,
        2,
        3.133,
        1,
        2,
        5.667,
        1,
        2,
        6.733,
        1,
        2,
        7.1,
        1,
        2,
        7.117,
        0,
        2,
        7.467,
        0,
        2,
        9.567,
        0,
        2,
        10.5,
        0
      ]
    },
    {
      "Target": "Parameter",
      "Id": "Param111",
      "FadeInTime": -1.0,
      "FadeOutTime": -1.0,
      "Segments": [
        0,
        0,
        2,
        0.333,
        0,
        2,
        0.633,
        0,
        2,
        0.65,
        1,
        2,
        1.1,
        1,
        2,
        2.6,
        1,
        2,
        3.133,
        1,
        2,
        5.667,
        1,
        2,
        6.733,
        1,
        2,
        7.1,
        1,
        2,
        7.117,
        0,
        2,
        7.467,
        0,
        2,
        9.567,
        0,
        2,
        10.5,
        0
      ]
    },
    {
      "Target": "Parameter",
      "Id": "Param112",
      "FadeInTime": -1.0,
      "FadeOutTime": -1.0,
      "Segments": [
        0,
        0,
        2,
        0.333,
        0,
        2,
        0.633,
        0,
        2,
        0.65,
        1,
        2,
        1.1,
        1,
        2,
        2.6,
        1,
        2,
        3.133,
        1,
        2,
        5.667,
        1,
        2,
        6.733,
        1,
        2,
        7.1,
        1,
        2,
        7.117,
        0,
        2,
        7.467,
        0,
        2,
        9.567,
        0,
        2,
        10.5,
        0
      ]
    },
    {
      "Target": "Parameter",
      "Id": "Param117",
      "FadeInTime": -1.0,
      "FadeOutTime": -1.0,
      "Segments": [
        0,
        0,
        2,
        0.333,
        0,
        2,
        0.767,
        0,
        2,
        0.783,
        1,
        2,
        1.1,
        1,
        2,
        2.6,
        1,
        2,
        3.133,
        1,
        2,
        5.667,
        1,
        2,
        6.733,
        1,
        2,
        6.9,
        1,
        2,
        6.917,
        0,
        2,
        7.1,
        0,
        2,
        7.467,
        0,
        2,
        9.567,
        0,
        2,
        10.5,
        0
      ]
    },
    {
      "Target": "Parameter",
      "Id": "Param120",
      "FadeInTime": -1.0,
      "FadeOutTime": -1.0,
      "Segments": [
        0,
        0,
        2,
        0.333,
        0,
        2,
        0.633,
        0,
        2,
        0.65,
        1,
        2,
        0.767,
        1,
        2,
        0.783,
        0,
        2,
        1.1,
        0,
        2,
        2.6,
        0,
        2,
        3.133,
        0,
        2,
        5.667,
        0,
        2,
        6.733,
        0,
        2,
        6.9,
        0,
        2,
        6.917,
        1,
        2,
        7.1,
        1,
        2,
        7.117,
        0,
        2,
        7.467,
        0,
        2,
        9.567,
        0,
        2,
        10.5,
        0
      ]
    },
    {
      "Target": "Parameter",
      "Id": "Param18",
      "FadeInTime": -1.0,
      "FadeOutTime": -1.0,
      "Segments": [
        0,
        0,
        2,
        0.333,
        0,
        2,
        0.567,
        0,
        1,
        0.589,
        0,
        0.611,
        1.175,
        0.633,
        1.2,
        1,
        2.794,
        3.629,
        4.956,
        4.807,
        7.117,
        4.807,
        2,
        7.133,
        3.812,
        1,
        7.244,
        -4.652,
        7.356,
        -8.673,
        7.467,
        -8.673,
        1,
        8.167,
        -8.673,
        8.867,
        -8.629,
        9.567,
        -8.407,
        1,
        9.745,
        -8.351,
        9.922,
        -1.561,
        10.1,
        1.945,
        1,
        10.144,
        2.822,
        10.189,
        3.351,
        10.233,
        3.351,
        0,
        10.5,
        0
      ]
    },
    {
      "Target": "Parameter",
      "Id": "Param19",
      "FadeInTime": -1.0,
      "FadeOutTime": -1.0,
      "Segments": [
        0,
        0,
        2,
        0.333,
        0,
        2,
        0.567,
        0,
        1,
        0.589,
        0,
        0.611,
        2.705,
        0.633,
        2.72,
        1,
        2.794,
        4.212,
        4.956,
        4.935,
        7.117,
        4.935,
        1,
        7.122,
        4.935,
        7.128,
        4.544,
        7.133,
        4.379,
        1,
        7.244,
        1.074,
        7.356,
        -0.453,
        7.467,
        -0.453,
        1,
        8.167,
        -0.453,
        8.867,
        -0.392,
        9.567,
        -0.115,
        1,
        9.745,
        -0.045,
        9.922,
        1.349,
        10.1,
        2.125,
        1,
        10.144,
        2.319,
        10.189,
        2.469,
        10.233,
        2.469,
        0,
        10.5,
        0
      ]
    },
    {
      "Target": "Parameter",
      "Id": "Param20",
      "FadeInTime": -1.0,
      "FadeOutTime": -1.0,
      "Segments": [
        0,
        0,
        2,
        0.333,
        0,
        1,
        2.711,
        0,
        5.089,
        2.985,
        7.467,
        5.1,
        1,
        8.167,
        5.723,
        8.867,
        5.509,
        9.567,
        5.509,
        0,
        10.133,
        -2.742,
        1,
        10.178,
        -3.63,
        10.222,
        -3.324,
        10.267,
        -3.324,
        0,
        10.5,
        0
      ]
    },
    {
      "Target": "Parameter",
      "Id": "Param182",
      "FadeInTime": -1.0,
      "FadeOutTime": -1.0,
      "Segments": [
        0,
        0,
        2,
        0.333,
        0,
        2,
        0.567,
        0,
        0,
        0.7,
        1,
        2,
        2.6,
        1,
        2,
        3.133,
        1,
        2,
        5.667,
        1,
        2,
        7,
        1,
        0,
        7.267,
        0,
        2,
        7.467,
        0,
        2,
        9.567,
        0,
        2,
        10.5,
        0
      ]
    },
    {
      "Target": "Parameter",
      "Id": "Param76",
      "FadeInTime": -1.0,
      "FadeOutTime": -1.0,
      "Segments": [
        0,
        0,
        2,
        0.333,
        0,
        2,
        0.567,
        0,
        0,
        0.633,
        -4.44,
        1,
        2.8,
        -4.44,
        4.966,
        -3.713,
        7.133,
        -2.02,
        1,
        7.244,
        -1.933,
        7.356,
        2.4,
        7.467,
        2.4,
        2,
        9.567,
        2.4,
        0,
        10.1,
        -0.333,
        2,
        10.233,
        -0.333,
        0,
        10.5,
        0
      ]
    },
    {
      "Target": "Parameter",
      "Id": "Param77",
      "FadeInTime": -1.0,
      "FadeOutTime": -1.0,
      "Segments": [
        0,
        0,
        2,
        0.333,
        0,
        2,
        0.567,
        0,
        0,
        0.633,
        -7.68,
        0,
        7.133,
        3.318,
        0,
        7.467,
        2.16,
        2,
        9.567,
        2.16,
        0,
        10.1,
        -0.442,
        2,
        10.233,
        -0.442,
        0,
        10.5,
        0
      ]
    },
    {
      "Target": "Parameter",
      "Id": "Param153",
      "FadeInTime": -1.0,
      "FadeOutTime": -1.0,
      "Segments": [
        0,
        0,
        2,
        0.333,
        0,
        1,
        0.444,
        0,
        0.556,
        -0.233,
        0.667,
        -1.03,
        1,
        0.689,
        -1.189,
        0.711,
        -2.325,
        0.733,
        -2.325,
        1,
        0.766,
        -2.325,
        0.8,
        -2.442,
        0.833,
        -2.179,
        1,
        0.9,
        -1.654,
        0.966,
        4.38,
        1.033,
        4.38,
        0,
        1.2,
        3.84,
        2,
        2.6,
        3.84,
        2,
        3.133,
        3.84,
        2,
        5.667,
        3.84,
        2,
        6.733,
        3.84,
        1,
        6.789,
        3.84,
        6.844,
        2.126,
        6.9,
        -0.526,
        1,
        6.911,
        -1.056,
        6.922,
        -1.521,
        6.933,
        -1.644,
        1,
        6.978,
        -2.135,
        7.022,
        -2.277,
        7.067,
        -2.277,
        1,
        7.072,
        -2.277,
        7.078,
        -1.693,
        7.083,
        -1.644,
        1,
        7.211,
        -0.508,
        7.339,
        0,
        7.467,
        0,
        2,
        10.3,
        0,
        2,
        10.5,
        0
      ]
    },
    {
      "Target": "Parameter",
      "Id": "Param154",
      "FadeInTime": -1.0,
      "FadeOutTime": -1.0,
      "Segments": [
        0,
        0,
        2,
        0.333,
        0,
        0,
        0.667,
        14.576,
        1,
        0.689,
        14.576,
        0.711,
        10.407,
        0.733,
        7.697,
        1,
        0.755,
        4.987,
        0.778,
        2.982,
        0.8,
        1.723,
        1,
        0.878,
        -2.685,
        0.955,
        -4.3,
        1.033,
        -4.3,
        1,
        1.089,
        -4.3,
        1.144,
        -3.824,
        1.2,
        -3.78,
        1,
        1.444,
        -3.588,
        1.689,
        -3.54,
        1.933,
        -3.54,
        0,
        2.6,
        -3.78,
        1,
        2.778,
        -3.78,
        2.955,
        -3.766,
        3.133,
        -3.66,
        1,
        3.433,
        -3.481,
        3.733,
        -3.328,
        4.033,
        -3.328,
        0,
        4.567,
        -4.38,
        0,
        5.167,
        -3.96,
        2,
        5.667,
        -3.96,
        1,
        6.022,
        -3.96,
        6.378,
        -3.949,
        6.733,
        -3.921,
        1,
        6.755,
        -3.919,
        6.778,
        -3.152,
        6.8,
        -2.545,
        1,
        6.822,
        -1.938,
        6.845,
        -0.774,
        6.867,
        0.2,
        1,
        6.878,
        0.687,
        6.889,
        1.136,
        6.9,
        1.88,
        1,
        6.911,
        2.624,
        6.922,
        4.679,
        6.933,
        5.4,
        1,
        6.978,
        8.286,
        7.022,
        10.516,
        7.067,
        13.351,
        1,
        7.072,
        13.705,
        7.078,
        14.82,
        7.083,
        14.82,
        0,
        7.467,
        0,
        2,
        10.3,
        0,
        2,
        10.5,
        0
      ]
    },
    {
      "Target": "Parameter",
      "Id": "Param155",
      "FadeInTime": -1.0,
      "FadeOutTime": -1.0,
      "Segments": [
        0,
        0,
        2,
        0.333,
        0,
        0,
        0.833,
        12.382,
        0,
        1.1,
        -17.88,
        0,
        1.267,
        -14.28,
        2,
        2.6,
        -14.28,
        1,
        2.778,
        -14.28,
        2.955,
        -14.342,
        3.133,
        -14.58,
        1,
        3.433,
        -14.982,
        3.733,
        -15.259,
        4.033,
        -15.259,
        0,
        4.567,
        -9.66,
        0,
        5.167,
        -10.98,
        2,
        5.667,
        -10.98,
        1,
        6.022,
        -10.98,
        6.378,
        -11.936,
        6.733,
        -14.28,
        1,
        6.8,
        -14.719,
        6.866,
        -15.294,
        6.933,
        -15.294,
        0,
        7.467,
        0,
        2,
        10.3,
        0,
        2,
        10.5,
        0
      ]
    },
    {
      "Target": "Parameter",
      "Id": "Param202",
      "FadeInTime": -1.0,
      "FadeOutTime": -1.0,
      "Segments": [
        0,
        0,
        2,
        0.333,
        0,
        0,
        1.133,
        2,
        2,
        5.667,
        2,
        0,
        6.567,
        -11,
        2,
        7.2,
        -11,
        0,
        10.5,
        0
      ]
    },
    {
      "Target": "Parameter",
      "Id": "Param160",
      "FadeInTime": -1.0,
      "FadeOutTime": -1.0,
      "Segments": [
        0,
        0,
        2,
        0.333,
        0,
        0,
        0.733,
        10.62,
        0,
        6.933,
        -23.089,
        0,
        7.1,
        8.7,
        0,
        7.467,
        0,
        2,
        10.3,
        0,
        2,
        10.5,
        0
      ]
    },
    {
      "Target": "Parameter",
      "Id": "Param163",
      "FadeInTime": -1.0,
      "FadeOutTime": -1.0,
      "Segments": [
        0,
        0,
        2,
        0.333,
        0,
        0,
        0.667,
        11.632,
        0,
        1.1,
        0.16,
        2,
        2.6,
        0.16,
        0,
        3.133,
        0.52,
        2,
        5.667,
        0.52,
        1,
        6.022,
        0.52,
        6.378,
        0.528,
        6.733,
        0.6,
        1,
        6.855,
        0.625,
        6.978,
        13.537,
        7.1,
        13.537,
        0,
        7.467,
        0,
        2,
        9.7,
        0,
        2,
        9.9,
        0,
        2,
        10.3,
        0,
        2,
        10.5,
        0
      ]
    },
    {
      "Target": "Parameter",
      "Id": "Param164",
      "FadeInTime": -1.0,
      "FadeOutTime": -1.0,
      "Segments": [
        0,
        0,
        2,
        0.333,
        0,
        0,
        0.667,
        13.633,
        1,
        0.689,
        13.633,
        0.711,
        4.87,
        0.733,
        -1.429,
        1,
        0.755,
        -7.728,
        0.778,
        -8.452,
        0.8,
        -8.452,
        0,
        1.1,
        8.76,
        2,
        2.6,
        8.76,
        0,
        3.133,
        12.24,
        2,
        5.667,
        12.24,
        1,
        6.022,
        12.24,
        6.378,
        11.13,
        6.733,
        8,
        1,
        6.778,
        7.609,
        6.822,
        -0.972,
        6.867,
        -3.3,
        1,
        6.889,
        -4.464,
        6.911,
        -4.34,
        6.933,
        -4.34,
        0,
        7.1,
        21.979,
        0,
        7.467,
        0,
        2,
        10.3,
        0,
        2,
        10.5,
        0
      ]
    },
    {
      "Target": "Parameter",
      "Id": "Param87",
      "FadeInTime": -1.0,
      "FadeOutTime": -1.0,
      "Segments": [
        0,
        0,
        2,
        0.333,
        0,
        2,
        0.7,
        0,
        2,
        0.717,
        1,
        2,
        1.033,
        1,
        2,
        2.6,
        1,
        2,
        3.133,
        1,
        2,
        5.667,
        1,
        2,
        6.733,
        1,
        2,
        9.933,
        1,
        2,
        9.95,
        0,
        2,
        10.5,
        0
      ]
    },
    {
      "Target": "Parameter",
      "Id": "Param88",
      "FadeInTime": -1.0,
      "FadeOutTime": -1.0,
      "Segments": [
        0,
        0,
        2,
        0.333,
        0,
        2,
        0.7,
        0,
        2,
        0.717,
        1,
        2,
        1.033,
        1,
        2,
        2.6,
        1,
        2,
        3.133,
        1,
        2,
        5.667,
        1,
        2,
        6.733,
        1,
        2,
        9.933,
        1,
        2,
        9.95,
        0,
        2,
        10.5,
        0
      ]
    },
    {
      "Target": "Parameter",
      "Id": "Param89",
      "FadeInTime": -1.0,
      "FadeOutTime": -1.0,
      "Segments": [
        0,
        0,
        2,
        0.333,
        0,
        2,
        0.7,
        0,
        2,
        0.717,
        1,
        2,
        1.033,
        1,
        2,
        2.6,
        1,
        2,
        3.133,
        1,
        2,
        5.667,
        1,
        2,
        6.733,
        1,
        2,
        9.933,
        1,
        2,
        9.95,
        0,
        2,
        10.5,
        0
      ]
    },
    {
      "Target": "Parameter",
      "Id": "Param121",
      "FadeInTime": -1.0,
      "FadeOutTime": -1.0,
      "Segments": [
        0,
        0,
        2,
        0.333,
        0,
        2,
        0.7,
        0,
        2,
        0.717,
        1,
        2,
        1.033,
        1,
        2,
        2.6,
        1,
        2,
        3.133,
        1,
        2,
        5.667,
        1,
        2,
        6.733,
        1,
        2,
        9.933,
        1,
        2,
        9.95,
        0,
        2,
        10.5,
        0
      ]
    },
    {
      "Target": "Parameter",
      "Id": "Param122",
      "FadeInTime": -1.0,
      "FadeOutTime": -1.0,
      "Segments": [
        0,
        0,
        2,
        0.333,
        0,
        2,
        0.7,
        0,
        2,
        0.717,
        1,
        2,
        1.033,
        1,
        2,
        2.6,
        1,
        2,
        3.133,
        1,
        2,
        5.667,
        1,
        2,
        6.733,
        1,
        2,
        7.467,
        1,
        2,
        9.933,
        1,
        2,
        9.95,
        0,
        2,
        10.5,
        0
      ]
    },
    {
      "Target": "Parameter",
      "Id": "Param130",
      "FadeInTime": -1.0,
      "FadeOutTime": -1.0,
      "Segments": [
        0,
        0,
        2,
        0.333,
        0,
        2,
        0.7,
        0,
        2,
        0.717,
        1,
        2,
        1.033,
        1,
        2,
        2.6,
        1,
        2,
        3.133,
        1,
        2,
        5.667,
        1,
        2,
        6.733,
        1,
        2,
        9.933,
        1,
        2,
        9.95,
        0,
        2,
        10.5,
        0
      ]
    },
    {
      "Target": "Parameter",
      "Id": "Param14",
      "FadeInTime": -1.0,
      "FadeOutTime": -1.0,
      "Segments": [
        0,
        0,
        2,
        0.333,
        0,
        0,
        0.567,
        -1.02,
        1,
        0.611,
        -1.02,
        0.656,
        3.232,
        0.7,
        3.24,
        1,
        3.789,
        3.789,
        6.878,
        4.052,
        9.967,
        4.052,
        1,
        9.978,
        4.052,
        9.989,
        3.112,
        10,
        2.663,
        1,
        10.089,
        -0.925,
        10.178,
        -2.417,
        10.267,
        -2.417,
        0,
        10.5,
        0
      ]
    },
    {
      "Target": "Parameter",
      "Id": "Param15",
      "FadeInTime": -1.0,
      "FadeOutTime": -1.0,
      "Segments": [
        0,
        0,
        2,
        0.333,
        0,
        1,
        0.411,
        0,
        0.489,
        -0.032,
        0.567,
        -0.27,
        1,
        0.611,
        -0.406,
        0.656,
        -1.206,
        0.7,
        -1.215,
        1,
        3.789,
        -1.862,
        6.878,
        -2.172,
        9.967,
        -2.172,
        1,
        9.978,
        -2.172,
        9.989,
        -1.464,
        10,
        -1.257,
        1,
        10.089,
        0.398,
        10.178,
        1.044,
        10.267,
        1.044,
        0,
        10.5,
        0
      ]
    },
    {
      "Target": "Parameter",
      "Id": "Param16",
      "FadeInTime": -1.0,
      "FadeOutTime": -1.0,
      "Segments": [
        0,
        0,
        2,
        0.333,
        0,
        0,
        9.967,
        -29.88,
        0,
        10.267,
        1.272,
        0,
        10.5,
        0
      ]
    },
    {
      "Target": "Parameter",
      "Id": "Param134",
      "FadeInTime": -1.0,
      "FadeOutTime": -1.0,
      "Segments": [
        0,
        0,
        2,
        0.333,
        0,
        0,
        0.75,
        0.9,
        1,
        0.756,
        0.9,
        0.761,
        0.312,
        0.767,
        -0.277,
        1,
        0.856,
        -9.704,
        0.944,
        -14.21,
        1.033,
        -14.21,
        1,
        1.089,
        -14.21,
        1.144,
        -13.368,
        1.2,
        -13.35,
        1,
        1.667,
        -13.201,
        2.133,
        -13.091,
        2.6,
        -12.95,
        1,
        2.644,
        -12.937,
        2.689,
        -12.951,
        2.733,
        -12.857,
        1,
        2.866,
        -12.575,
        3,
        -11.55,
        3.133,
        -11.55,
        2,
        4.367,
        -11.55,
        0,
        4.767,
        -13.47,
        0,
        5.667,
        -11.897,
        1,
        5.745,
        -11.897,
        5.822,
        -11.835,
        5.9,
        -11.991,
        1,
        6.056,
        -12.302,
        6.211,
        -13.801,
        6.367,
        -13.801,
        1,
        6.556,
        -13.801,
        6.744,
        -13.643,
        6.933,
        -12.95,
        1,
        6.978,
        -12.787,
        7.022,
        -4.944,
        7.067,
        -1.01,
        1,
        7.111,
        2.924,
        7.156,
        4.825,
        7.2,
        4.825,
        1,
        7.211,
        4.825,
        7.222,
        4.305,
        7.233,
        2.345,
        1,
        7.3,
        -9.414,
        7.366,
        -15.874,
        7.433,
        -15.874,
        2,
        9.567,
        -15.874,
        1,
        9.6,
        -15.874,
        9.634,
        -12.493,
        9.667,
        -9.87,
        1,
        9.7,
        -7.247,
        9.734,
        -6.453,
        9.767,
        -3.863,
        1,
        9.822,
        0.454,
        9.878,
        4.126,
        9.933,
        4.126,
        1,
        10.044,
        4.126,
        10.156,
        3.342,
        10.267,
        1.724,
        1,
        10.345,
        0.592,
        10.422,
        0,
        10.5,
        0
      ]
    },
    {
      "Target": "Parameter",
      "Id": "Param135",
      "FadeInTime": -1.0,
      "FadeOutTime": -1.0,
      "Segments": [
        0,
        0,
        2,
        0.333,
        0,
        0,
        0.75,
        1.137,
        1,
        0.756,
        1.137,
        0.761,
        -1.264,
        0.767,
        -1.955,
        1,
        0.778,
        -3.337,
        0.789,
        -4.461,
        0.8,
        -5.191,
        1,
        0.878,
        -10.303,
        0.955,
        -12.54,
        1.033,
        -12.54,
        1,
        1.089,
        -12.54,
        1.144,
        -10.497,
        1.2,
        -10.484,
        1,
        1.667,
        -10.378,
        2.133,
        -10.327,
        2.6,
        -10.2,
        1,
        2.778,
        -10.152,
        2.955,
        -9.54,
        3.133,
        -9.54,
        2,
        4.367,
        -9.54,
        0,
        4.767,
        -10.045,
        0,
        5.667,
        -9.619,
        1,
        5.745,
        -9.619,
        5.822,
        -9.605,
        5.9,
        -9.635,
        1,
        6.056,
        -9.694,
        6.211,
        -10.456,
        6.367,
        -10.456,
        0,
        6.933,
        -10.2,
        1,
        6.978,
        -10.2,
        7.022,
        -14.977,
        7.067,
        -15.98,
        1,
        7.111,
        -16.983,
        7.156,
        -17.075,
        7.2,
        -17.778,
        1,
        7.211,
        -17.954,
        7.222,
        -18.688,
        7.233,
        -19.709,
        1,
        7.3,
        -25.833,
        7.366,
        -30,
        7.433,
        -30,
        2,
        9.567,
        -30,
        1,
        9.6,
        -30,
        9.634,
        -21.911,
        9.667,
        -18.62,
        1,
        9.7,
        -15.329,
        9.734,
        -14.498,
        9.767,
        -11.923,
        1,
        9.811,
        -8.49,
        9.856,
        -4.141,
        9.9,
        -0.222,
        1,
        9.911,
        0.758,
        9.922,
        1.277,
        9.933,
        1.277,
        0,
        10.5,
        0
      ]
    },
    {
      "Target": "Parameter",
      "Id": "Param143",
      "FadeInTime": -1.0,
      "FadeOutTime": -1.0,
      "Segments": [
        0,
        0,
        2,
        0.333,
        0,
        0,
        0.8,
        16,
        1,
        0.878,
        16,
        0.955,
        8.664,
        1.033,
        0.24,
        1,
        1.089,
        -5.777,
        1.144,
        -6.936,
        1.2,
        -6.936,
        0,
        2.6,
        -6.6,
        2,
        3.133,
        -6.6,
        2,
        5.667,
        -6.6,
        2,
        6.933,
        -6.6,
        0,
        7.067,
        8.1,
        0,
        7.433,
        3.848,
        2,
        9.567,
        3.848,
        0,
        9.867,
        -15.889,
        1,
        9.889,
        -15.889,
        9.911,
        -13.653,
        9.933,
        -12.609,
        1,
        10.122,
        -3.731,
        10.311,
        0,
        10.5,
        0
      ]
    },
    {
      "Target": "Parameter",
      "Id": "Param144",
      "FadeInTime": -1.0,
      "FadeOutTime": -1.0,
      "Segments": [
        0,
        0,
        2,
        0.333,
        0,
        0,
        0.733,
        -10.361,
        1,
        0.755,
        -10.361,
        0.778,
        -9.507,
        0.8,
        -7.529,
        1,
        0.878,
        -0.606,
        0.955,
        3,
        1.033,
        3,
        1,
        1.155,
        3,
        1.278,
        -3.465,
        1.4,
        -4.788,
        1,
        1.522,
        -6.111,
        1.645,
        -5.94,
        1.767,
        -5.94,
        2,
        2.6,
        -5.94,
        2,
        3.133,
        -5.94,
        2,
        5.667,
        -5.94,
        2,
        6.933,
        -5.94,
        1,
        6.978,
        -5.94,
        7.022,
        -6.149,
        7.067,
        -9.24,
        1,
        7.111,
        -12.331,
        7.156,
        -17.9,
        7.2,
        -17.9,
        0,
        7.433,
        7.83,
        2,
        9.567,
        7.83,
        0,
        9.933,
        -3.903,
        0,
        10.5,
        0
      ]
    },
    {
      "Target": "Parameter",
      "Id": "Param145",
      "FadeInTime": -1.0,
      "FadeOutTime": -1.0,
      "Segments": [
        0,
        0,
        2,
        0.333,
        0,
        1,
        0.466,
        0,
        0.6,
        0.337,
        0.733,
        1.717,
        1,
        0.833,
        2.752,
        0.933,
        5.641,
        1.033,
        6,
        1,
        1.555,
        7.874,
        2.078,
        8.46,
        2.6,
        8.46,
        0,
        3.133,
        3.6,
        0,
        3.433,
        4.653,
        0,
        4.167,
        3.756,
        0,
        4.667,
        5.598,
        0,
        5.667,
        4.5,
        0,
        6.433,
        5.411,
        1,
        6.6,
        5.411,
        6.766,
        5.311,
        6.933,
        4.8,
        1,
        6.978,
        4.664,
        7.022,
        -1.452,
        7.067,
        -7.461,
        1,
        7.111,
        -13.47,
        7.156,
        -27.68,
        7.2,
        -27.68,
        0,
        7.433,
        8.196,
        2,
        9.567,
        8.196,
        0,
        9.667,
        -11.786,
        1,
        9.7,
        -11.786,
        9.734,
        -1.274,
        9.767,
        -1.155,
        1,
        10.011,
        -0.285,
        10.256,
        0,
        10.5,
        0
      ]
    },
    {
      "Target": "Parameter",
      "Id": "Param173",
      "FadeInTime": -1.0,
      "FadeOutTime": -1.0,
      "Segments": [
        0,
        0,
        2,
        0.333,
        0,
        0,
        1.033,
        -0.806,
        2,
        2.6,
        -0.806,
        2,
        3.133,
        -0.806,
        2,
        6.933,
        -0.806,
        0,
        7.2,
        -0.8,
        0,
        7.433,
        -1,
        2,
        9.567,
        -1,
        1,
        9.6,
        -1,
        9.634,
        -0.833,
        9.667,
        -0.5,
        1,
        9.7,
        -0.167,
        9.734,
        0,
        9.767,
        0,
        2,
        10.5,
        0
      ]
    },
    {
      "Target": "Model",
      "Id": "Opacity",
      "FadeInTime": -1.0,
      "FadeOutTime": -1.0,
      "Segments": [
        0,
        1,
        0,
        10.5,
        1
      ]
    },
    {
      "Target": "Parameter",
      "Id": "Param109",
      "FadeInTime": -1.0,
      "FadeOutTime": -1.0,
      "Segments": [
        0,
        0,
        0,
        10.5,
        0
      ]
    },
    {
      "Target": "Parameter",
      "Id": "Param110",
      "FadeInTime": -1.0,
      "FadeOutTime": -1.0,
      "Segments": [
        0,
        0,
        0,
        10.5,
        0
      ]
    },
    {
      "Target": "Parameter",
      "Id": "Param245",
      "FadeInTime": -1.0,
      "FadeOutTime": -1.0,
      "Segments": [
        0,
        0,
        0,
        10.5,
        0
      ]
    },
    {
      "Target": "Parameter",
      "Id": "Param246",
      "FadeInTime": -1.0,
      "FadeOutTime": -1.0,
      "Segments": [
        0,
        0,
        0,
        10.5,
        0
      ]
    },
    {
      "Target": "Parameter",
      "Id": "Param178",
      "FadeInTime": -1.0,
      "FadeOutTime": -1.0,
      "Segments": [
        0,
        0,
        0,
        10.5,
        0
      ]
    },
    {
      "Target": "Parameter",
      "Id": "Param183",
      "FadeInTime": -1.0,
      "FadeOutTime": -1.0,
      "Segments": [
        0,
        0,
        0,
        10.5,
        0
      ]
    },
    {
      "Target": "Parameter",
      "Id": "Param185",
      "FadeInTime": -1.0,
      "FadeOutTime": -1.0,
      "Segments": [
        0,
        0,
        0,
        10.5,
        0
      ]
    },
    {
      "Target": "Parameter",
      "Id": "Param184",
      "FadeInTime": -1.0,
      "FadeOutTime": -1.0,
      "Segments": [
        0,
        0,
        0,
        10.5,
        0
      ]
    },
    {
      "Target": "Parameter",
      "Id": "Param186",
      "FadeInTime": -1.0,
      "FadeOutTime": -1.0,
      "Segments": [
        0,
        0,
        0,
        10.5,
        0
      ]
    },
    {
      "Target": "Parameter",
      "Id": "Param187",
      "FadeInTime": -1.0,
      "FadeOutTime": -1.0,
      "Segments": [
        0,
        0,
        0,
        10.5,
        0
      ]
    },
    {
      "Target": "Parameter",
      "Id": "Param191",
      "FadeInTime": -1.0,
      "FadeOutTime": -1.0,
      "Segments": [
        0,
        0,
        0,
        10.5,
        0
      ]
    },
    {
      "Target": "Parameter",
      "Id": "Param23",
      "FadeInTime": -1.0,
      "FadeOutTime": -1.0,
      "Segments": [
        0,
        0,
        0,
        10.5,
        0
      ]
    },
    {
      "Target": "Parameter",
      "Id": "Param200",
      "FadeInTime": -1.0,
      "FadeOutTime": -1.0,
      "Segments": [
        0,
        0,
        0,
        10.5,
        0
      ]
    },
    {
      "Target": "Parameter",
      "Id": "Param169",
      "FadeInTime": -1.0,
      "FadeOutTime": -1.0,
      "Segments": [
        0,
        0,
        0,
        10.5,
        0
      ]
    },
    {
      "Target": "Parameter",
      "Id": "Param170",
      "FadeInTime": -1.0,
      "FadeOutTime": -1.0,
      "Segments": [
        0,
        0,
        0,
        10.5,
        0
      ]
    },
    {
      "Target": "Parameter",
      "Id": "Param262",
      "FadeInTime": -1.0,
      "FadeOutTime": -1.0,
      "Segments": [
        0,
        0,
        0,
        10.5,
        0
      ]
    },
    {
      "Target": "Parameter",
      "Id": "Param168",
      "FadeInTime": -1.0,
      "FadeOutTime": -1.0,
      "Segments": [
        0,
        0,
        0,
        10.5,
        0
      ]
    },
    {
      "Target": "Parameter",
      "Id": "Param193",
      "FadeInTime": -1.0,
      "FadeOutTime": -1.0,
      "Segments": [
        0,
        0,
        0,
        10.5,
        0
      ]
    },
    {
      "Target": "Parameter",
      "Id": "Param192",
      "FadeInTime": -1.0,
      "FadeOutTime": -1.0,
      "Segments": [
        0,
        0,
        0,
        10.5,
        0
      ]
    },
    {
      "Target": "Parameter",
      "Id": "Param24",
      "FadeInTime": -1.0,
      "FadeOutTime": -1.0,
      "Segments": [
        0,
        0,
        0,
        10.5,
        0
      ]
    },
    {
      "Target": "Parameter",
      "Id": "Param94",
      "FadeInTime": -1.0,
      "FadeOutTime": -1.0,
      "Segments": [
        0,
        0,
        0,
        10.5,
        0
      ]
    },
    {
      "Target": "Parameter",
      "Id": "Param95",
      "FadeInTime": -1.0,
      "FadeOutTime": -1.0,
      "Segments": [
        0,
        0,
        0,
        10.5,
        0
      ]
    },
    {
      "Target": "Parameter",
      "Id": "Param166",
      "FadeInTime": -1.0,
      "FadeOutTime": -1.0,
      "Segments": [
        0,
        0,
        0,
        10.5,
        0
      ]
    },
    {
      "Target": "Parameter",
      "Id": "Param167",
      "FadeInTime": -1.0,
      "FadeOutTime": -1.0,
      "Segments": [
        0,
        0,
        0,
        10.5,
        0
      ]
    },
    {
      "Target": "Parameter",
      "Id": "Param197",
      "FadeInTime": -1.0,
      "FadeOutTime": -1.0,
      "Segments": [
        0,
        0,
        0,
        10.5,
        0
      ]
    },
    {
      "Target": "Parameter",
      "Id": "Param198",
      "FadeInTime": -1.0,
      "FadeOutTime": -1.0,
      "Segments": [
        0,
        0,
        0,
        10.5,
        0
      ]
    },
    {
      "Target": "Parameter",
      "Id": "Param199",
      "FadeInTime": -1.0,
      "FadeOutTime": -1.0,
      "Segments": [
        0,
        0,
        0,
        10.5,
        0
      ]
    },
    {
      "Target": "Parameter",
      "Id": "MB_guangyunbianhuan",
      "FadeInTime": -1.0,
      "FadeOutTime": -1.0,
      "Segments": [
        0,
        0,
        0,
        10.5,
        0
      ]
    },
    {
      "Target": "Parameter",
      "Id": "MB_guangyunjiaodu",
      "FadeInTime": -1.0,
      "FadeOutTime": -1.0,
      "Segments": [
        0,
        0,
        0,
        10.5,
        0
      ]
    },
    {
      "Target": "Parameter",
      "Id": "MB_guangyundaxiao",
      "FadeInTime": -1.0,
      "FadeOutTime": -1.0,
      "Segments": [
        0,
        0,
        0,
        10.5,
        0
      ]
    },
    {
      "Target": "Parameter",
      "Id": "MB_guangyunzuoyou",
      "FadeInTime": -1.0,
      "FadeOutTime": -1.0,
      "Segments": [
        0,
        0,
        0,
        10.5,
        0
      ]
    },
    {
      "Target": "Parameter",
      "Id": "MB_guangyunshangxia",
      "FadeInTime": -1.0,
      "FadeOutTime": -1.0,
      "Segments": [
        0,
        0,
        0,
        10.5,
        0
      ]
    },
    {
      "Target": "Parameter",
      "Id": "MB_guangyunTMD",
      "FadeInTime": -1.0,
      "FadeOutTime": -1.0,
      "Segments": [
        0,
        0,
        0,
        10.5,
        0
      ]
    },
    {
      "Target": "Parameter",
      "Id": "Param194",
      "FadeInTime": -1.0,
      "FadeOutTime": -1.0,
      "Segments": [
        0,
        0,
        0,
        10.5,
        0
      ]
    },
    {
      "Target": "Parameter",
      "Id": "Param196",
      "FadeInTime": -1.0,
      "FadeOutTime": -1.0,
      "Segments": [
        0,
        0,
        0,
        10.5,
        0
      ]
    },
    {
      "Target": "Parameter",
      "Id": "guangbang",
      "FadeInTime": -1.0,
      "FadeOutTime": -1.0,
      "Segments": [
        0,
        0,
        0,
        10.5,
        0
      ]
    },
    {
      "Target": "Parameter",
      "Id": "shuimianyaobai",
      "FadeInTime": -1.0,
      "FadeOutTime": -1.0,
      "Segments": [
        0,
        0,
        0,
        10.5,
        0
      ]
    },
    {
      "Target": "Parameter",
      "Id": "shuimianbianhua",
      "FadeInTime": -1.0,
      "FadeOutTime": -1.0,
      "Segments": [
        0,
        0,
        0,
        10.5,
        0
      ]
    },
    {
      "Target": "Parameter",
      "Id": "yuntmd",
      "FadeInTime": -1.0,
      "FadeOutTime": -1.0,
      "Segments": [
        0,
        0,
        0,
        10.5,
        0
      ]
    },
    {
      "Target": "Parameter",
      "Id": "shuigaoguanshansuo",
      "FadeInTime": -1.0,
      "FadeOutTime": -1.0,
      "Segments": [
        0,
        0,
        0,
        10.5,
        0
      ]
    },
    {
      "Target": "Parameter",
      "Id": "Param176",
      "FadeInTime": -1.0,
      "FadeOutTime": -1.0,
      "Segments": [
        0,
        0,
        0,
        10.5,
        0
      ]
    },
    {
      "Target": "Parameter",
      "Id": "ParamEyeLOpen",
      "FadeInTime": -1.0,
      "FadeOutTime": -1.0,
      "Segments": [
        0,
        0,
        0,
        10.5,
        0
      ]
    },
    {
      "Target": "Parameter",
      "Id": "ParamEyeLSmile",
      "FadeInTime": -1.0,
      "FadeOutTime": -1.0,
      "Segments": [
        0,
        1,
        0,
        10.5,
        1
      ]
    },
    {
      "Target": "Parameter",
      "Id": "Param2",
      "FadeInTime": -1.0,
      "FadeOutTime": -1.0,
      "Segments": [
        0,
        0,
        0,
        10.5,
        0
      ]
    },
    {
      "Target": "Parameter",
      "Id": "Param4",
      "FadeInTime": -1.0,
      "FadeOutTime": -1.0,
      "Segments": [
        0,
        0,
        0,
        10.5,
        0
      ]
    },
    {
      "Target": "Parameter",
      "Id": "Param3",
      "FadeInTime": -1.0,
      "FadeOutTime": -1.0,
      "Segments": [
        0,
        0,
        0,
        10.5,
        0
      ]
    },
    {
      "Target": "Parameter",
      "Id": "ParamBrowLX",
      "FadeInTime": -1.0,
      "FadeOutTime": -1.0,
      "Segments": [
        0,
        0,
        0,
        10.5,
        0
      ]
    },
    {
      "Target": "Parameter",
      "Id": "ParamBrowLY",
      "FadeInTime": -1.0,
      "FadeOutTime": -1.0,
      "Segments": [
        0,
        0,
        0,
        10.5,
        0
      ]
    },
    {
      "Target": "Parameter",
      "Id": "ParamBrowLAngle",
      "FadeInTime": -1.0,
      "FadeOutTime": -1.0,
      "Segments": [
        0,
        0,
        0,
        10.5,
        0
      ]
    },
    {
      "Target": "Parameter",
      "Id": "ParamBrowLForm",
      "FadeInTime": -1.0,
      "FadeOutTime": -1.0,
      "Segments": [
        0,
        0,
        0,
        10.5,
        0
      ]
    },
    {
      "Target": "Parameter",
      "Id": "ParamBrowRY",
      "FadeInTime": -1.0,
      "FadeOutTime": -1.0,
      "Segments": [
        0,
        0,
        0,
        10.5,
        0
      ]
    },
    {
      "Target": "Parameter",
      "Id": "ParamBrowRX",
      "FadeInTime": -1.0,
      "FadeOutTime": -1.0,
      "Segments": [
        0,
        0,
        0,
        10.5,
        0
      ]
    },
    {
      "Target": "Parameter",
      "Id": "ParamBrowRAngle",
      "FadeInTime": -1.0,
      "FadeOutTime": -1.0,
      "Segments": [
        0,
        0,
        0,
        10.5,
        0
      ]
    },
    {
      "Target": "Parameter",
      "Id": "ParamBrowRForm",
      "FadeInTime": -1.0,
      "FadeOutTime": -1.0,
      "Segments": [
        0,
        0,
        0,
        10.5,
        0
      ]
    },
    {
      "Target": "Parameter",
      "Id": "Param177",
      "FadeInTime": -1.0,
      "FadeOutTime": -1.0,
      "Segments": [
        0,
        0,
        0,
        10.5,
        0
      ]
    },
    {
      "Target": "Parameter",
      "Id": "Param11",
      "FadeInTime": -1.0,
      "FadeOutTime": -1.0,
      "Segments": [
        0,
        0,
        0,
        10.5,
        0
      ]
    },
    {
      "Target": "Parameter",
      "Id": "Param6",
      "FadeInTime": -1.0,
      "FadeOutTime": -1.0,
      "Segments": [
        0,
        0,
        0,
        10.5,
        0
      ]
    },
    {
      "Target": "Parameter",
      "Id": "Param7",
      "FadeInTime": -1.0,
      "FadeOutTime": -1.0,
      "Segments": [
        0,
        0,
        0,
        10.5,
        0
      ]
    },
    {
      "Target": "Parameter",
      "Id": "Param13",
      "FadeInTime": -1.0,
      "FadeOutTime": -1.0,
      "Segments": [
        0,
        0,
        0,
        10.5,
        0
      ]
    },
    {
      "Target": "Parameter",
      "Id": "Param190",
      "FadeInTime": -1.0,
      "FadeOutTime": -1.0,
      "Segments": [
        0,
        0,
        0,
        10.5,
        0
      ]
    },
    {
      "Target": "Parameter",
      "Id": "Param45",
      "FadeInTime": -1.0,
      "FadeOutTime": -1.0,
      "Segments": [
        0,
        0,
        0,
        10.5,
        0
      ]
    },
    {
      "Target": "Parameter",
      "Id": "Param213",
      "FadeInTime": -1.0,
      "FadeOutTime": -1.0,
      "Segments": [
        0,
        0,
        0,
        10.5,
        0
      ]
    },
    {
      "Target": "Parameter",
      "Id": "Param46",
      "FadeInTime": -1.0,
      "FadeOutTime": -1.0,
      "Segments": [
        0,
        0,
        0,
        10.5,
        0
      ]
    },
    {
      "Target": "Parameter",
      "Id": "Param47",
      "FadeInTime": -1.0,
      "FadeOutTime": -1.0,
      "Segments": [
        0,
        0,
        0,
        10.5,
        0
      ]
    },
    {
      "Target": "Parameter",
      "Id": "Param32",
      "FadeInTime": -1.0,
      "FadeOutTime": -1.0,
      "Segments": [
        0,
        0,
        0,
        10.5,
        0
      ]
    },
    {
      "Target": "Parameter",
      "Id": "Param93",
      "FadeInTime": -1.0,
      "FadeOutTime": -1.0,
      "Segments": [
        0,
        0,
        0,
        10.5,
        0
      ]
    },
    {
      "Target": "Parameter",
      "Id": "ParamLegL2ON",
      "FadeInTime": -1.0,
      "FadeOutTime": -1.0,
      "Segments": [
        0,
        0,
        0,
        10.5,
        0
      ]
    },
    {
      "Target": "Parameter",
      "Id": "ParamLegL3ON",
      "FadeInTime": -1.0,
      "FadeOutTime": -1.0,
      "Segments": [
        0,
        0,
        0,
        10.5,
        0
      ]
    },
    {
      "Target": "Parameter",
      "Id": "Param22",
      "FadeInTime": -1.0,
      "FadeOutTime": -1.0,
      "Segments": [
        0,
        0,
        0,
        10.5,
        0
      ]
    },
    {
      "Target": "Parameter",
      "Id": "Param_Leg_lower_L2_Z",
      "FadeInTime": -1.0,
      "FadeOutTime": -1.0,
      "Segments": [
        0,
        0,
        0,
        10.5,
        0
      ]
    },
    {
      "Target": "Parameter",
      "Id": "Param_foot_L2_Z",
      "FadeInTime": -1.0,
      "FadeOutTime": -1.0,
      "Segments": [
        0,
        0,
        0,
        10.5,
        0
      ]
    },
    {
      "Target": "Parameter",
      "Id": "Param_foot_L1_FORM",
      "FadeInTime": -1.0,
      "FadeOutTime": -1.0,
      "Segments": [
        0,
        0,
        0,
        10.5,
        0
      ]
    },
    {
      "Target": "Parameter",
      "Id": "Param_Leg_lower_L3_Z",
      "FadeInTime": -1.0,
      "FadeOutTime": -1.0,
      "Segments": [
        0,
        0,
        0,
        10.5,
        0
      ]
    },
    {
      "Target": "Parameter",
      "Id": "Param_foot_L3_Z",
      "FadeInTime": -1.0,
      "FadeOutTime": -1.0,
      "Segments": [
        0,
        0,
        0,
        10.5,
        0
      ]
    },
    {
      "Target": "Parameter",
      "Id": "Param25",
      "FadeInTime": -1.0,
      "FadeOutTime": -1.0,
      "Segments": [
        0,
        0,
        0,
        10.5,
        0
      ]
    },
    {
      "Target": "Parameter",
      "Id": "Param189",
      "FadeInTime": -1.0,
      "FadeOutTime": -1.0,
      "Segments": [
        0,
        0,
        0,
        10.5,
        0
      ]
    },
    {
      "Target": "Parameter",
      "Id": "Param115",
      "FadeInTime": -1.0,
      "FadeOutTime": -1.0,
      "Segments": [
        0,
        0,
        0,
        10.5,
        0
      ]
    },
    {
      "Target": "Parameter",
      "Id": "Param116",
      "FadeInTime": -1.0,
      "FadeOutTime": -1.0,
      "Segments": [
        0,
        0,
        0,
        10.5,
        0
      ]
    },
    {
      "Target": "Parameter",
      "Id": "Param118",
      "FadeInTime": -1.0,
      "FadeOutTime": -1.0,
      "Segments": [
        0,
        0,
        0,
        10.5,
        0
      ]
    },
    {
      "Target": "Parameter",
      "Id": "Param119",
      "FadeInTime": -1.0,
      "FadeOutTime": -1.0,
      "Segments": [
        0,
        0,
        0,
        10.5,
        0
      ]
    },
    {
      "Target": "Parameter",
      "Id": "Param113",
      "FadeInTime": -1.0,
      "FadeOutTime": -1.0,
      "Segments": [
        0,
        0,
        0,
        10.5,
        0
      ]
    },
    {
      "Target": "Parameter",
      "Id": "Param114",
      "FadeInTime": -1.0,
      "FadeOutTime": -1.0,
      "Segments": [
        0,
        0,
        0,
        10.5,
        0
      ]
    },
    {
      "Target": "Parameter",
      "Id": "Param26",
      "FadeInTime": -1.0,
      "FadeOutTime": -1.0,
      "Segments": [
        0,
        0,
        0,
        10.5,
        0
      ]
    },
    {
      "Target": "Parameter",
      "Id": "Param21",
      "FadeInTime": -1.0,
      "FadeOutTime": -1.0,
      "Segments": [
        0,
        0,
        0,
        10.5,
        0
      ]
    },
    {
      "Target": "Parameter",
      "Id": "Param188",
      "FadeInTime": -1.0,
      "FadeOutTime": -1.0,
      "Segments": [
        0,
        0,
        0,
        10.5,
        0
      ]
    },
    {
      "Target": "Parameter",
      "Id": "Param80",
      "FadeInTime": -1.0,
      "FadeOutTime": -1.0,
      "Segments": [
        0,
        0,
        0,
        10.5,
        0
      ]
    },
    {
      "Target": "Parameter",
      "Id": "Param156",
      "FadeInTime": -1.0,
      "FadeOutTime": -1.0,
      "Segments": [
        0,
        0,
        0,
        10.5,
        0
      ]
    },
    {
      "Target": "Parameter",
      "Id": "Param157",
      "FadeInTime": -1.0,
      "FadeOutTime": -1.0,
      "Segments": [
        0,
        0,
        0,
        10.5,
        0
      ]
    },
    {
      "Target": "Parameter",
      "Id": "Param158",
      "FadeInTime": -1.0,
      "FadeOutTime": -1.0,
      "Segments": [
        0,
        0,
        0,
        10.5,
        0
      ]
    },
    {
      "Target": "Parameter",
      "Id": "Param212",
      "FadeInTime": -1.0,
      "FadeOutTime": -1.0,
      "Segments": [
        0,
        0,
        0,
        10.5,
        0
      ]
    },
    {
      "Target": "Parameter",
      "Id": "Param159",
      "FadeInTime": -1.0,
      "FadeOutTime": -1.0,
      "Segments": [
        0,
        0,
        0,
        10.5,
        0
      ]
    },
    {
      "Target": "Parameter",
      "Id": "Param219",
      "FadeInTime": -1.0,
      "FadeOutTime": -1.0,
      "Segments": [
        0,
        0,
        0,
        10.5,
        0
      ]
    },
    {
      "Target": "Parameter",
      "Id": "Param214",
      "FadeInTime": -1.0,
      "FadeOutTime": -1.0,
      "Segments": [
        0,
        0,
        0,
        10.5,
        0
      ]
    },
    {
      "Target": "Parameter",
      "Id": "Param217",
      "FadeInTime": -1.0,
      "FadeOutTime": -1.0,
      "Segments": [
        0,
        0,
        0,
        10.5,
        0
      ]
    },
    {
      "Target": "Parameter",
      "Id": "Param161",
      "FadeInTime": -1.0,
      "FadeOutTime": -1.0,
      "Segments": [
        0,
        0,
        0,
        10.5,
        0
      ]
    },
    {
      "Target": "Parameter",
      "Id": "Param162",
      "FadeInTime": -1.0,
      "FadeOutTime": -1.0,
      "Segments": [
        0,
        0,
        0,
        10.5,
        0
      ]
    },
    {
      "Target": "Parameter",
      "Id": "Param181",
      "FadeInTime": -1.0,
      "FadeOutTime": -1.0,
      "Segments": [
        0,
        0,
        0,
        10.5,
        0
      ]
    },
    {
      "Target": "Parameter",
      "Id": "Param165",
      "FadeInTime": -1.0,
      "FadeOutTime": -1.0,
      "Segments": [
        0,
        0,
        0,
        10.5,
        0
      ]
    },
    {
      "Target": "Parameter",
      "Id": "Param123",
      "FadeInTime": -1.0,
      "FadeOutTime": -1.0,
      "Segments": [
        0,
        0,
        0,
        10.5,
        0
      ]
    },
    {
      "Target": "Parameter",
      "Id": "Param124",
      "FadeInTime": -1.0,
      "FadeOutTime": -1.0,
      "Segments": [
        0,
        0,
        0,
        10.5,
        0
      ]
    },
    {
      "Target": "Parameter",
      "Id": "Param125",
      "FadeInTime": -1.0,
      "FadeOutTime": -1.0,
      "Segments": [
        0,
        0,
        0,
        10.5,
        0
      ]
    },
    {
      "Target": "Parameter",
      "Id": "Param126",
      "FadeInTime": -1.0,
      "FadeOutTime": -1.0,
      "Segments": [
        0,
        0,
        0,
        10.5,
        0
      ]
    },
    {
      "Target": "Parameter",
      "Id": "Param127",
      "FadeInTime": -1.0,
      "FadeOutTime": -1.0,
      "Segments": [
        0,
        0,
        0,
        10.5,
        0
      ]
    },
    {
      "Target": "Parameter",
      "Id": "Param146",
      "FadeInTime": -1.0,
      "FadeOutTime": -1.0,
      "Segments": [
        0,
        0,
        0,
        10.5,
        0
      ]
    },
    {
      "Target": "Parameter",
      "Id": "Param128",
      "FadeInTime": -1.0,
      "FadeOutTime": -1.0,
      "Segments": [
        0,
        0,
        0,
        10.5,
        0
      ]
    },
    {
      "Target": "Parameter",
      "Id": "Param129",
      "FadeInTime": -1.0,
      "FadeOutTime": -1.0,
      "Segments": [
        0,
        0,
        0,
        10.5,
        0
      ]
    },
    {
      "Target": "Parameter",
      "Id": "Param131",
      "FadeInTime": -1.0,
      "FadeOutTime": -1.0,
      "Segments": [
        0,
        0,
        0,
        10.5,
        0
      ]
    },
    {
      "Target": "Parameter",
      "Id": "Param132",
      "FadeInTime": -1.0,
      "FadeOutTime": -1.0,
      "Segments": [
        0,
        0,
        0,
        10.5,
        0
      ]
    },
    {
      "Target": "Parameter",
      "Id": "Param133",
      "FadeInTime": -1.0,
      "FadeOutTime": -1.0,
      "Segments": [
        0,
        0,
        0,
        10.5,
        0
      ]
    },
    {
      "Target": "Parameter",
      "Id": "Param17",
      "FadeInTime": -1.0,
      "FadeOutTime": -1.0,
      "Segments": [
        0,
        0,
        0,
        10.5,
        0
      ]
    },
    {
      "Target": "Parameter",
      "Id": "Param78",
      "FadeInTime": -1.0,
      "FadeOutTime": -1.0,
      "Segments": [
        0,
        0,
        0,
        10.5,
        0
      ]
    },
    {
      "Target": "Parameter",
      "Id": "Param79",
      "FadeInTime": -1.0,
      "FadeOutTime": -1.0,
      "Segments": [
        0,
        0,
        0,
        10.5,
        0
      ]
    },
    {
      "Target": "Parameter",
      "Id": "Param136",
      "FadeInTime": -1.0,
      "FadeOutTime": -1.0,
      "Segments": [
        0,
        0,
        0,
        10.5,
        0
      ]
    },
    {
      "Target": "Parameter",
      "Id": "Param201",
      "FadeInTime": -1.0,
      "FadeOutTime": -1.0,
      "Segments": [
        0,
        0,
        0,
        10.5,
        0
      ]
    },
    {
      "Target": "Parameter",
      "Id": "Param137",
      "FadeInTime": -1.0,
      "FadeOutTime": -1.0,
      "Segments": [
        0,
        0,
        0,
        10.5,
        0
      ]
    },
    {
      "Target": "Parameter",
      "Id": "Param138",
      "FadeInTime": -1.0,
      "FadeOutTime": -1.0,
      "Segments": [
        0,
        0,
        0,
        10.5,
        0
      ]
    },
    {
      "Target": "Parameter",
      "Id": "Param203",
      "FadeInTime": -1.0,
      "FadeOutTime": -1.0,
      "Segments": [
        0,
        0,
        0,
        10.5,
        0
      ]
    },
    {
      "Target": "Parameter",
      "Id": "Param210",
      "FadeInTime": -1.0,
      "FadeOutTime": -1.0,
      "Segments": [
        0,
        0,
        0,
        10.5,
        0
      ]
    },
    {
      "Target": "Parameter",
      "Id": "Param204",
      "FadeInTime": -1.0,
      "FadeOutTime": -1.0,
      "Segments": [
        0,
        0,
        0,
        10.5,
        0
      ]
    },
    {
      "Target": "Parameter",
      "Id": "Param205",
      "FadeInTime": -1.0,
      "FadeOutTime": -1.0,
      "Segments": [
        0,
        0,
        0,
        10.5,
        0
      ]
    },
    {
      "Target": "Parameter",
      "Id": "Param206",
      "FadeInTime": -1.0,
      "FadeOutTime": -1.0,
      "Segments": [
        0,
        0,
        0,
        10.5,
        0
      ]
    },
    {
      "Target": "Parameter",
      "Id": "Param207",
      "FadeInTime": -1.0,
      "FadeOutTime": -1.0,
      "Segments": [
        0,
        0,
        0,
        10.5,
        0
      ]
    },
    {
      "Target": "Parameter",
      "Id": "Param208",
      "FadeInTime": -1.0,
      "FadeOutTime": -1.0,
      "Segments": [
        0,
        0,
        0,
        10.5,
        0
      ]
    },
    {
      "Target": "Parameter",
      "Id": "Param211",
      "FadeInTime": -1.0,
      "FadeOutTime": -1.0,
      "Segments": [
        0,
        0,
        0,
        10.5,
        0
      ]
    },
    {
      "Target": "Parameter",
      "Id": "Param209",
      "FadeInTime": -1.0,
      "FadeOutTime": -1.0,
      "Segments": [
        0,
        0,
        0,
        10.5,
        0
      ]
    },
    {
      "Target": "Parameter",
      "Id": "Param139",
      "FadeInTime": -1.0,
      "FadeOutTime": -1.0,
      "Segments": [
        0,
        0,
        0,
        10.5,
        0
      ]
    },
    {
      "Target": "Parameter",
      "Id": "Param172",
      "FadeInTime": -1.0,
      "FadeOutTime": -1.0,
      "Segments": [
        0,
        0,
        0,
        10.5,
        0
      ]
    },
    {
      "Target": "Parameter",
      "Id": "Param140",
      "FadeInTime": -1.0,
      "FadeOutTime": -1.0,
      "Segments": [
        0,
        0,
        0,
        10.5,
        0
      ]
    },
    {
      "Target": "Parameter",
      "Id": "Param147",
      "FadeInTime": -1.0,
      "FadeOutTime": -1.0,
      "Segments": [
        0,
        0,
        0,
        10.5,
        0
      ]
    },
    {
      "Target": "Parameter",
      "Id": "Param218",
      "FadeInTime": -1.0,
      "FadeOutTime": -1.0,
      "Segments": [
        0,
        0,
        0,
        10.5,
        0
      ]
    },
    {
      "Target": "Parameter",
      "Id": "Param195",
      "FadeInTime": -1.0,
      "FadeOutTime": -1.0,
      "Segments": [
        0,
        0,
        0,
        10.5,
        0
      ]
    },
    {
      "Target": "Parameter",
      "Id": "Param141",
      "FadeInTime": -1.0,
      "FadeOutTime": -1.0,
      "Segments": [
        0,
        0,
        0,
        10.5,
        0
      ]
    },
    {
      "Target": "Parameter",
      "Id": "Param220",
      "FadeInTime": -1.0,
      "FadeOutTime": -1.0,
      "Segments": [
        0,
        0,
        0,
        10.5,
        0
      ]
    },
    {
      "Target": "Parameter",
      "Id": "Param142",
      "FadeInTime": -1.0,
      "FadeOutTime": -1.0,
      "Segments": [
        0,
        0,
        0,
        10.5,
        0
      ]
    },
    {
      "Target": "Parameter",
      "Id": "Param215",
      "FadeInTime": -1.0,
      "FadeOutTime": -1.0,
      "Segments": [
        0,
        0,
        0,
        10.5,
        0
      ]
    },
    {
      "Target": "Parameter",
      "Id": "Param216",
      "FadeInTime": -1.0,
      "FadeOutTime": -1.0,
      "Segments": [
        0,
        0,
        0,
        10.5,
        0
      ]
    },
    {
      "Target": "Parameter",
      "Id": "Param148",
      "FadeInTime": -1.0,
      "FadeOutTime": -1.0,
      "Segments": [
        0,
        0,
        0,
        10.5,
        0
      ]
    },
    {
      "Target": "Parameter",
      "Id": "Param149",
      "FadeInTime": -1.0,
      "FadeOutTime": -1.0,
      "Segments": [
        0,
        0,
        0,
        10.5,
        0
      ]
    },
    {
      "Target": "Parameter",
      "Id": "Param150",
      "FadeInTime": -1.0,
      "FadeOutTime": -1.0,
      "Segments": [
        0,
        0,
        0,
        10.5,
        0
      ]
    },
    {
      "Target": "Parameter",
      "Id": "Param151",
      "FadeInTime": -1.0,
      "FadeOutTime": -1.0,
      "Segments": [
        0,
        0,
        0,
        10.5,
        0
      ]
    },
    {
      "Target": "Parameter",
      "Id": "Param152",
      "FadeInTime": -1.0,
      "FadeOutTime": -1.0,
      "Segments": [
        0,
        0,
        0,
        10.5,
        0
      ]
    },
    {
      "Target": "Parameter",
      "Id": "Param35",
      "FadeInTime": -1.0,
      "FadeOutTime": -1.0,
      "Segments": [
        0,
        0,
        0,
        10.5,
        0
      ]
    },
    {
      "Target": "Parameter",
      "Id": "Param36",
      "FadeInTime": -1.0,
      "FadeOutTime": -1.0,
      "Segments": [
        0,
        0,
        0,
        10.5,
        0
      ]
    },
    {
      "Target": "Parameter",
      "Id": "Param37",
      "FadeInTime": -1.0,
      "FadeOutTime": -1.0,
      "Segments": [
        0,
        0,
        0,
        10.5,
        0
      ]
    },
    {
      "Target": "Parameter",
      "Id": "Param38",
      "FadeInTime": -1.0,
      "FadeOutTime": -1.0,
      "Segments": [
        0,
        0,
        0,
        10.5,
        0
      ]
    },
    {
      "Target": "Parameter",
      "Id": "Param39",
      "FadeInTime": -1.0,
      "FadeOutTime": -1.0,
      "Segments": [
        0,
        0,
        0,
        10.5,
        0
      ]
    },
    {
      "Target": "Parameter",
      "Id": "Param40",
      "FadeInTime": -1.0,
      "FadeOutTime": -1.0,
      "Segments": [
        0,
        0,
        0,
        10.5,
        0
      ]
    },
    {
      "Target": "Parameter",
      "Id": "Param85",
      "FadeInTime": -1.0,
      "FadeOutTime": -1.0,
      "Segments": [
        0,
        0,
        0,
        10.5,
        0
      ]
    },
    {
      "Target": "Parameter",
      "Id": "Param86",
      "FadeInTime": -1.0,
      "FadeOutTime": -1.0,
      "Segments": [
        0,
        0,
        0,
        10.5,
        0
      ]
    },
    {
      "Target": "Parameter",
      "Id": "Param52",
      "FadeInTime": -1.0,
      "FadeOutTime": -1.0,
      "Segments": [
        0,
        0,
        0,
        10.5,
        0
      ]
    },
    {
      "Target": "Parameter",
      "Id": "Param53",
      "FadeInTime": -1.0,
      "FadeOutTime": -1.0,
      "Segments": [
        0,
        0,
        0,
        10.5,
        0
      ]
    },
    {
      "Target": "Parameter",
      "Id": "Param54",
      "FadeInTime": -1.0,
      "FadeOutTime": -1.0,
      "Segments": [
        0,
        0,
        0,
        10.5,
        0
      ]
    },
    {
      "Target": "Parameter",
      "Id": "Param55",
      "FadeInTime": -1.0,
      "FadeOutTime": -1.0,
      "Segments": [
        0,
        0,
        0,
        10.5,
        0
      ]
    },
    {
      "Target": "Parameter",
      "Id": "Param81",
      "FadeInTime": -1.0,
      "FadeOutTime": -1.0,
      "Segments": [
        0,
        0,
        0,
        10.5,
        0
      ]
    },
    {
      "Target": "Parameter",
      "Id": "Param82",
      "FadeInTime": -1.0,
      "FadeOutTime": -1.0,
      "Segments": [
        0,
        0,
        0,
        10.5,
        0
      ]
    },
    {
      "Target": "Parameter",
      "Id": "Param48",
      "FadeInTime": -1.0,
      "FadeOutTime": -1.0,
      "Segments": [
        0,
        0,
        0,
        10.5,
        0
      ]
    },
    {
      "Target": "Parameter",
      "Id": "Param49",
      "FadeInTime": -1.0,
      "FadeOutTime": -1.0,
      "Segments": [
        0,
        0,
        0,
        10.5,
        0
      ]
    },
    {
      "Target": "Parameter",
      "Id": "Param50",
      "FadeInTime": -1.0,
      "FadeOutTime": -1.0,
      "Segments": [
        0,
        0,
        0,
        10.5,
        0
      ]
    },
    {
      "Target": "Parameter",
      "Id": "Param51",
      "FadeInTime": -1.0,
      "FadeOutTime": -1.0,
      "Segments": [
        0,
        0,
        0,
        10.5,
        0
      ]
    },
    {
      "Target": "Parameter",
      "Id": "Param56",
      "FadeInTime": -1.0,
      "FadeOutTime": -1.0,
      "Segments": [
        0,
        0,
        0,
        10.5,
        0
      ]
    },
    {
      "Target": "Parameter",
      "Id": "Param57",
      "FadeInTime": -1.0,
      "FadeOutTime": -1.0,
      "Segments": [
        0,
        0,
        0,
        10.5,
        0
      ]
    },
    {
      "Target": "Parameter",
      "Id": "Param73",
      "FadeInTime": -1.0,
      "FadeOutTime": -1.0,
      "Segments": [
        0,
        0,
        0,
        10.5,
        0
      ]
    },
    {
      "Target": "Parameter",
      "Id": "Param74",
      "FadeInTime": -1.0,
      "FadeOutTime": -1.0,
      "Segments": [
        0,
        0,
        0,
        10.5,
        0
      ]
    },
    {
      "Target": "Parameter",
      "Id": "Param70",
      "FadeInTime": -1.0,
      "FadeOutTime": -1.0,
      "Segments": [
        0,
        0,
        0,
        10.5,
        0
      ]
    },
    {
      "Target": "Parameter",
      "Id": "Param69",
      "FadeInTime": -1.0,
      "FadeOutTime": -1.0,
      "Segments": [
        0,
        0,
        0,
        10.5,
        0
      ]
    },
    {
      "Target": "Parameter",
      "Id": "Param_Angle_Rotation39",
      "FadeInTime": -1.0,
      "FadeOutTime": -1.0,
      "Segments": [
        0,
        -1.844,
        0,
        10.5,
        -1.844
      ]
    },
    {
      "Target": "Parameter",
      "Id": "Param_Angle_Rotation40",
      "FadeInTime": -1.0,
      "FadeOutTime": -1.0,
      "Segments": [
        0,
        2.941,
        0,
        10.5,
        2.941
      ]
    },
    {
      "Target": "Parameter",
      "Id": "Param43",
      "FadeInTime": -1.0,
      "FadeOutTime": -1.0,
      "Segments": [
        0,
        -2.34,
        0,
        10.5,
        -2.34
      ]
    },
    {
      "Target": "Parameter",
      "Id": "Param44",
      "FadeInTime": -1.0,
      "FadeOutTime": -1.0,
      "Segments": [
        0,
        0,
        0,
        10.5,
        0
      ]
    },
    {
      "Target": "Parameter",
      "Id": "Param_Angle_Rotation44",
      "FadeInTime": -1.0,
      "FadeOutTime": -1.0,
      "Segments": [
        0,
        0.94,
        0,
        10.5,
        0.94
      ]
    },
    {
      "Target": "Parameter",
      "Id": "Param58",
      "FadeInTime": -1.0,
      "FadeOutTime": -1.0,
      "Segments": [
        0,
        0.239,
        0,
        10.5,
        0.239
      ]
    },
    {
      "Target": "Parameter",
      "Id": "Param59",
      "FadeInTime": -1.0,
      "FadeOutTime": -1.0,
      "Segments": [
        0,
        -1.275,
        0,
        10.5,
        -1.275
      ]
    },
    {
      "Target": "Parameter",
      "Id": "Param60",
      "FadeInTime": -1.0,
      "FadeOutTime": -1.0,
      "Segments": [
        0,
        0.305,
        0,
        10.5,
        0.305
      ]
    },
    {
      "Target": "Parameter",
      "Id": "Param61",
      "FadeInTime": -1.0,
      "FadeOutTime": -1.0,
      "Segments": [
        0,
        -1.94,
        0,
        10.5,
        -1.94
      ]
    },
    {
      "Target": "Parameter",
      "Id": "Param62",
      "FadeInTime": -1.0,
      "FadeOutTime": -1.0,
      "Segments": [
        0,
        -0.012,
        0,
        10.5,
        -0.012
      ]
    },
    {
      "Target": "Parameter",
      "Id": "Param_Angle_Rotation73",
      "FadeInTime": -1.0,
      "FadeOutTime": -1.0,
      "Segments": [
        0,
        0.623,
        0,
        10.5,
        0.623
      ]
    },
    {
      "Target": "Parameter",
      "Id": "Param_Angle_Rotation74",
      "FadeInTime": -1.0,
      "FadeOutTime": -1.0,
      "Segments": [
        0,
        -1.662,
        0,
        10.5,
        -1.662
      ]
    },
    {
      "Target": "Parameter",
      "Id": "Param_Angle_Rotation75",
      "FadeInTime": -1.0,
      "FadeOutTime": -1.0,
      "Segments": [
        0,
        -2.892,
        0,
        10.5,
        -2.892
      ]
    },
    {
      "Target": "Parameter",
      "Id": "Param_Angle_Rotation76",
      "FadeInTime": -1.0,
      "FadeOutTime": -1.0,
      "Segments": [
        0,
        5.629,
        0,
        10.5,
        5.629
      ]
    },
    {
      "Target": "Parameter",
      "Id": "Param41",
      "FadeInTime": -1.0,
      "FadeOutTime": -1.0,
      "Segments": [
        0,
        -0.641,
        0,
        10.5,
        -0.641
      ]
    },
    {
      "Target": "Parameter",
      "Id": "Param42",
      "FadeInTime": -1.0,
      "FadeOutTime": -1.0,
      "Segments": [
        0,
        -1.073,
        0,
        10.5,
        -1.073
      ]
    },
    {
      "Target": "Parameter",
      "Id": "Param83",
      "FadeInTime": -1.0,
      "FadeOutTime": -1.0,
      "Segments": [
        0,
        4.022,
        0,
        10.5,
        4.022
      ]
    },
    {
      "Target": "Parameter",
      "Id": "Param84",
      "FadeInTime": -1.0,
      "FadeOutTime": -1.0,
      "Segments": [
        0,
        3.524,
        0,
        10.5,
        3.524
      ]
    },
    {
      "Target": "Parameter",
      "Id": "Param_Angle_Rotation67",
      "FadeInTime": -1.0,
      "FadeOutTime": -1.0,
      "Segments": [
        0,
        -1.639,
        0,
        10.5,
        -1.639
      ]
    },
    {
      "Target": "Parameter",
      "Id": "Param_Angle_Rotation68",
      "FadeInTime": -1.0,
      "FadeOutTime": -1.0,
      "Segments": [
        0,
        -3.356,
        0,
        10.5,
        -3.356
      ]
    },
    {
      "Target": "Parameter",
      "Id": "Param_Angle_Rotation69",
      "FadeInTime": -1.0,
      "FadeOutTime": -1.0,
      "Segments": [
        0,
        2.271,
        0,
        10.5,
        2.271
      ]
    },
    {
      "Target": "Parameter",
      "Id": "Param_Angle_Rotation70",
      "FadeInTime": -1.0,
      "FadeOutTime": -1.0,
      "Segments": [
        0,
        -5.912,
        0,
        10.5,
        -5.912
      ]
    },
    {
      "Target": "Parameter",
      "Id": "Param_Angle_Rotation71",
      "FadeInTime": -1.0,
      "FadeOutTime": -1.0,
      "Segments": [
        0,
        4.286,
        0,
        10.5,
        4.286
      ]
    }
  ],
  "UserData": [
    {
      "Time": 0.0,
      "Value": ""
    },
    {
      "Time": 1.22,
      "Value": ""
    },
    {
      "Time": 10.0,
      "Value": ""
    }
  ]
}