{
  "Version": 3,
  "Meta": {
    "Duration": 6.77,
    "Fps": 60.0,
    "Loop": true,
    "AreBeziersRestricted": true,
    "FadeInTime": 0.0,
    "FadeOutTime": 0.0,
    "CurveCount": 281,
    "TotalSegmentCount": 1014,
    "TotalPointCount": 1256,
    "UserDataCount": 3,
    "TotalUserDataSize": 0
  },
  "Curves": [
    {
      "Target": "Parameter",
      "Id": "ParamAngleX",
      "FadeInTime": -1.0,
      "FadeOutTime": -1.0,
      "Segments": [
        0,
        0,
        2,
        0.5,
        0,
        2,
        1.2,
        0,
        0,
        1.767,
        -14,
        2,
        2.267,
        -14,
        2,
        2.967,
        -14,
        2,
        3.433,
        -14,
        0,
        4.167,
        4,
        2,
        5.267,
        4,
        0,
        6.267,
        0,
        2,
        6.767,
        0
      ]
    },
    {
      "Target": "Parameter",
      "Id": "ParamAngleY",
      "FadeInTime": -1.0,
      "FadeOutTime": -1.0,
      "Segments": [
        0,
        0,
        2,
        0.5,
        0,
        0,
        0.733,
        -22,
        0,
        1.1,
        -7,
        2,
        1.2,
        -7,
        0,
        1.333,
        -9.764,
        0,
        1.6,
        8,
        0,
        2.067,
        -14,
        1,
        2.134,
        -14,
        2.2,
        -14.446,
        2.267,
        -12.331,
        1,
        2.378,
        -8.807,
        2.489,
        1,
        2.6,
        1,
        2,
        2.967,
        1,
        0,
        3.433,
        -5,
        0,
        3.767,
        8,
        0,
        4.167,
        -5,
        0,
        4.5,
        1.115,
        1,
        4.756,
        1.115,
        5.011,
        0.77,
        5.267,
        -1.885,
        1,
        5.367,
        -2.924,
        5.467,
        -15,
        5.567,
        -15,
        0,
        6.267,
        0,
        2,
        6.767,
        0
      ]
    },
    {
      "Target": "Parameter",
      "Id": "ParamAngleZ",
      "FadeInTime": -1.0,
      "FadeOutTime": -1.0,
      "Segments": [
        0,
        0,
        2,
        0.5,
        0,
        0,
        0.767,
        -8,
        0,
        1.2,
        3.34,
        0,
        1.967,
        1,
        2,
        2.267,
        1,
        0,
        2.733,
        10.48,
        2,
        2.967,
        10.48,
        1,
        3.122,
        10.48,
        3.278,
        2.523,
        3.433,
        -4,
        1,
        3.511,
        -7.262,
        3.589,
        -7.062,
        3.667,
        -7.062,
        0,
        4.233,
        11.74,
        1,
        4.355,
        11.74,
        4.478,
        10.118,
        4.6,
        8.72,
        1,
        4.7,
        7.576,
        4.8,
        6.796,
        4.9,
        6.217,
        1,
        4.978,
        5.767,
        5.055,
        5.732,
        5.133,
        5.732,
        1,
        5.255,
        5.732,
        5.378,
        5.884,
        5.5,
        7,
        1,
        5.656,
        8.42,
        5.811,
        9.849,
        5.967,
        9.849,
        0,
        6.767,
        0
      ]
    },
    {
      "Target": "Parameter",
      "Id": "Param",
      "FadeInTime": -1.0,
      "FadeOutTime": -1.0,
      "Segments": [
        0,
        0,
        2,
        0.5,
        0,
        0,
        1.1,
        -18,
        2,
        1.2,
        -18,
        0,
        1.967,
        -30,
        2,
        2.267,
        -30,
        2,
        2.967,
        -30,
        2,
        3.433,
        -30,
        0,
        4.167,
        -20.58,
        2,
        5.267,
        -20.58,
        0,
        6.533,
        0,
        2,
        6.767,
        0
      ]
    },
    {
      "Target": "Parameter",
      "Id": "Param33",
      "FadeInTime": -1.0,
      "FadeOutTime": -1.0,
      "Segments": [
        0,
        0,
        2,
        0.5,
        0,
        2,
        1.2,
        0,
        0,
        1.967,
        -6,
        1,
        2.067,
        -6,
        2.167,
        -5.474,
        2.267,
        -4.98,
        1,
        2.422,
        -4.212,
        2.578,
        -4,
        2.733,
        -4,
        2,
        2.967,
        -4,
        0,
        3.433,
        0,
        2,
        5.267,
        0,
        0,
        5.5,
        -4.98,
        0,
        6.267,
        0,
        2,
        6.767,
        0
      ]
    },
    {
      "Target": "Parameter",
      "Id": "Param10",
      "FadeInTime": -1.0,
      "FadeOutTime": -1.0,
      "Segments": [
        0,
        0,
        2,
        0.5,
        0,
        2,
        1.2,
        0,
        1,
        1.311,
        0,
        1.422,
        15.331,
        1.533,
        23,
        1,
        1.622,
        29.135,
        1.711,
        29,
        1.8,
        29,
        1,
        1.956,
        29,
        2.111,
        18.232,
        2.267,
        7,
        1,
        2.356,
        0.582,
        2.444,
        0,
        2.533,
        0,
        2,
        2.967,
        0,
        2,
        3.433,
        0,
        0,
        3.967,
        10,
        0,
        4.333,
        0,
        2,
        5.333,
        0,
        2,
        6.267,
        0,
        2,
        6.767,
        0
      ]
    },
    {
      "Target": "Parameter",
      "Id": "ParamEyeROpen",
      "FadeInTime": -1.0,
      "FadeOutTime": -1.0,
      "Segments": [
        0,
        1,
        2,
        0.5,
        1,
        0,
        0.633,
        0,
        0,
        0.933,
        0.9,
        2,
        1.2,
        0.9,
        0,
        1.767,
        0.8,
        0,
        2.267,
        0.9,
        0,
        2.5,
        0,
        2,
        2.967,
        0,
        0,
        3.433,
        1,
        0,
        4.333,
        0.8,
        0,
        5.267,
        0.9,
        0,
        5.4,
        0,
        2,
        5.567,
        0,
        1,
        5.656,
        0,
        5.744,
        0.679,
        5.833,
        0.8,
        1,
        5.978,
        0.997,
        6.122,
        1,
        6.267,
        1,
        2,
        6.767,
        1
      ]
    },
    {
      "Target": "Parameter",
      "Id": "ParamEyeRSmile",
      "FadeInTime": -1.0,
      "FadeOutTime": -1.0,
      "Segments": [
        0,
        0,
        2,
        0.5,
        0,
        2,
        1.2,
        0,
        2,
        2.267,
        0,
        0,
        2.5,
        1,
        2,
        2.967,
        1,
        0,
        3.433,
        0,
        2,
        4,
        0,
        1,
        4.111,
        0,
        4.222,
        0.481,
        4.333,
        0.6,
        1,
        4.644,
        0.934,
        4.956,
        1,
        5.267,
        1,
        0,
        5.5,
        0,
        2,
        6.267,
        0,
        2,
        6.767,
        0
      ]
    },
    {
      "Target": "Parameter",
      "Id": "ParamEyeBallX",
      "FadeInTime": -1.0,
      "FadeOutTime": -1.0,
      "Segments": [
        0,
        0,
        2,
        0.5,
        0,
        2,
        1.2,
        0,
        2,
        1.733,
        0,
        0,
        2,
        0.3,
        2,
        2.267,
        0.3,
        0,
        2.967,
        0,
        2,
        3.433,
        0,
        2,
        4.133,
        0,
        2,
        4.233,
        0,
        2,
        4.667,
        0,
        0,
        4.767,
        0.1,
        2,
        5.267,
        0.1,
        0,
        6.267,
        0,
        2,
        6.767,
        0
      ]
    },
    {
      "Target": "Parameter",
      "Id": "ParamEyeBallY",
      "FadeInTime": -1.0,
      "FadeOutTime": -1.0,
      "Segments": [
        0,
        0,
        2,
        0.5,
        0,
        2,
        1.2,
        0,
        2,
        2.267,
        0,
        2,
        2.967,
        0,
        0,
        3.233,
        -0.7,
        0,
        3.433,
        -0.2,
        2,
        4.133,
        -0.2,
        0,
        4.233,
        -0.1,
        2,
        4.667,
        -0.1,
        0,
        4.767,
        -0.2,
        2,
        5.267,
        -0.2,
        0,
        6.267,
        0,
        2,
        6.767,
        0
      ]
    },
    {
      "Target": "Parameter",
      "Id": "ParamBrowRAngle",
      "FadeInTime": -1.0,
      "FadeOutTime": -1.0,
      "Segments": [
        0,
        0,
        2,
        0.5,
        0,
        2,
        1.2,
        0,
        2,
        2.267,
        0,
        2,
        2.967,
        0,
        2,
        3.433,
        0,
        0,
        3.967,
        -0.28,
        0,
        4.4,
        0.2,
        0,
        5.267,
        0,
        2,
        6.267,
        0,
        2,
        6.767,
        0
      ]
    },
    {
      "Target": "Parameter",
      "Id": "ParamBrowRForm",
      "FadeInTime": -1.0,
      "FadeOutTime": -1.0,
      "Segments": [
        0,
        0,
        2,
        0.5,
        0,
        2,
        1.2,
        0,
        2,
        2.267,
        0,
        2,
        2.967,
        0,
        2,
        3.433,
        0,
        0,
        3.967,
        0.6,
        0,
        4.4,
        0,
        2,
        5.267,
        0,
        2,
        6.267,
        0,
        2,
        6.767,
        0
      ]
    },
    {
      "Target": "Parameter",
      "Id": "ParamMouthForm",
      "FadeInTime": -1.0,
      "FadeOutTime": -1.0,
      "Segments": [
        0,
        0,
        2,
        0.5,
        0,
        1,
        0.544,
        0,
        0.589,
        -0.22,
        0.633,
        -0.4,
        1,
        0.711,
        -0.716,
        0.789,
        -0.8,
        0.867,
        -0.8,
        0,
        1.033,
        0.5,
        0,
        1.133,
        -1,
        0,
        1.2,
        0.6,
        1,
        1.311,
        0.6,
        1.422,
        0.139,
        1.533,
        -0.4,
        1,
        1.633,
        -0.885,
        1.733,
        -1,
        1.833,
        -1,
        0,
        2.067,
        -0.2,
        2,
        2.267,
        -0.2,
        0,
        2.967,
        0,
        2,
        3.433,
        0,
        2,
        3.8,
        0,
        0,
        4.167,
        -0.9,
        0,
        4.733,
        0.1,
        0,
        5.267,
        0,
        2,
        6.267,
        0,
        2,
        6.767,
        0
      ]
    },
    {
      "Target": "Parameter",
      "Id": "ParamMouthOpenY",
      "FadeInTime": -1.0,
      "FadeOutTime": -1.0,
      "Segments": [
        0,
        1,
        2,
        0.5,
        1,
        1,
        0.544,
        1,
        0.589,
        0.801,
        0.633,
        0.5,
        1,
        0.666,
        0.274,
        0.7,
        0.2,
        0.733,
        0.2,
        1,
        0.778,
        0.2,
        0.822,
        0.615,
        0.867,
        0.7,
        1,
        0.922,
        0.806,
        0.978,
        0.8,
        1.033,
        0.8,
        0,
        1.133,
        0.4,
        0,
        1.2,
        1,
        0,
        1.333,
        0.4,
        0,
        1.533,
        0.9,
        0,
        1.667,
        0,
        0,
        1.867,
        0.9,
        0,
        2.1,
        0,
        2,
        2.267,
        0,
        0,
        2.6,
        0.7,
        2,
        2.833,
        0.7,
        2,
        3.3,
        0.7,
        0,
        3.433,
        0.3,
        0,
        3.8,
        0.837,
        1,
        3.922,
        0.837,
        4.045,
        0.857,
        4.167,
        0.8,
        1,
        4.356,
        0.713,
        4.544,
        0,
        4.733,
        0,
        2,
        5.267,
        0,
        2,
        6.267,
        0,
        0,
        6.767,
        1
      ]
    },
    {
      "Target": "Parameter",
      "Id": "ParamBodyAngleX",
      "FadeInTime": -1.0,
      "FadeOutTime": -1.0,
      "Segments": [
        0,
        0,
        2,
        0.5,
        0,
        0,
        0.833,
        -5,
        0,
        1.2,
        -4,
        0,
        1.967,
        -9.48,
        2,
        2.267,
        -9.48,
        2,
        2.967,
        -9.48,
        2,
        3.433,
        -9.48,
        0,
        4.167,
        0.98,
        2,
        5.267,
        0.98,
        0,
        6.267,
        0,
        2,
        6.767,
        0
      ]
    },
    {
      "Target": "Parameter",
      "Id": "ParamBodyAngleY",
      "FadeInTime": -1.0,
      "FadeOutTime": -1.0,
      "Segments": [
        0,
        0,
        2,
        0.5,
        0,
        0,
        0.8,
        5,
        0,
        1.2,
        -5,
        0,
        1.533,
        0,
        0,
        1.967,
        -6,
        2,
        2.267,
        -6,
        2,
        2.967,
        -6,
        1,
        3.122,
        -6,
        3.278,
        -5.678,
        3.433,
        -2.331,
        1,
        3.522,
        -0.419,
        3.611,
        7,
        3.7,
        7,
        0,
        4.167,
        0,
        0,
        5.267,
        2.72,
        0,
        6.767,
        0
      ]
    },
    {
      "Target": "Parameter",
      "Id": "Param8",
      "FadeInTime": -1.0,
      "FadeOutTime": -1.0,
      "Segments": [
        0,
        0,
        2,
        0.5,
        0,
        0,
        0.8,
        6,
        1,
        0.878,
        6,
        0.955,
        -3.501,
        1.033,
        -8.852,
        1,
        1.089,
        -12.674,
        1.144,
        -12.541,
        1.2,
        -12.541,
        0,
        1.433,
        -6.049,
        0,
        1.967,
        -30,
        0,
        2.233,
        -28.677,
        2,
        2.267,
        -28.677,
        2,
        2.967,
        -28.677,
        1,
        3.122,
        -28.677,
        3.278,
        -16.347,
        3.433,
        -12,
        1,
        3.555,
        -8.585,
        3.678,
        -9,
        3.8,
        -9,
        0,
        4.167,
        -20,
        1,
        4.234,
        -20,
        4.3,
        -18.263,
        4.367,
        -17.963,
        1,
        4.645,
        -16.712,
        4.922,
        -15.317,
        5.2,
        -14.797,
        1,
        5.222,
        -14.755,
        5.245,
        -14.868,
        5.267,
        -14.78,
        1,
        5.645,
        -13.278,
        6.022,
        2.167,
        6.4,
        2.167,
        0,
        6.767,
        0
      ]
    },
    {
      "Target": "Parameter",
      "Id": "Param9",
      "FadeInTime": -1.0,
      "FadeOutTime": -1.0,
      "Segments": [
        0,
        0,
        2,
        0.5,
        0,
        0,
        1.1,
        -10.04,
        2,
        1.2,
        -10.04,
        2,
        2.267,
        -10.04,
        0,
        2.7,
        -7.04,
        2,
        2.967,
        -7.04,
        2,
        3.433,
        -7.04,
        0,
        4.167,
        -8.18,
        2,
        5.267,
        -8.18,
        0,
        6.767,
        0
      ]
    },
    {
      "Target": "Parameter",
      "Id": "ParamBodyAngleZ",
      "FadeInTime": -1.0,
      "FadeOutTime": -1.0,
      "Segments": [
        0,
        0,
        2,
        0.5,
        0,
        0,
        1.1,
        4,
        2,
        1.2,
        4,
        2,
        2.267,
        4,
        2,
        2.967,
        4,
        2,
        3.433,
        4,
        0,
        4.167,
        4.46,
        1,
        4.534,
        4.46,
        4.9,
        4.559,
        5.267,
        4.231,
        1,
        5.767,
        3.784,
        6.267,
        0,
        6.767,
        0
      ]
    },
    {
      "Target": "Parameter",
      "Id": "Param171",
      "FadeInTime": -1.0,
      "FadeOutTime": -1.0,
      "Segments": [
        0,
        0,
        2,
        0.5,
        0,
        0,
        1.1,
        -21,
        2,
        1.2,
        -21,
        2,
        2.267,
        -21,
        0,
        2.7,
        -15.6,
        2,
        2.967,
        -15.6,
        2,
        3.433,
        -15.6,
        0,
        4.1,
        -30,
        2,
        5.267,
        -30,
        0,
        6.267,
        0,
        2,
        6.767,
        0
      ]
    },
    {
      "Target": "Parameter",
      "Id": "Param5",
      "FadeInTime": -1.0,
      "FadeOutTime": -1.0,
      "Segments": [
        0,
        0,
        2,
        0.5,
        0,
        0,
        1.1,
        -6.84,
        2,
        1.2,
        -6.84,
        0,
        1.967,
        0,
        2,
        2.267,
        0,
        0,
        2.833,
        0.24,
        2,
        2.967,
        0.24,
        2,
        3.433,
        0.24,
        2,
        5.267,
        0.24,
        0,
        6.267,
        0,
        2,
        6.767,
        0
      ]
    },
    {
      "Target": "Parameter",
      "Id": "Param12",
      "FadeInTime": -1.0,
      "FadeOutTime": -1.0,
      "Segments": [
        0,
        0,
        2,
        0.5,
        0,
        0,
        0.833,
        4.364,
        0,
        1.2,
        0,
        0,
        1.533,
        30,
        0,
        1.833,
        3,
        0,
        2.233,
        8.64,
        2,
        2.267,
        8.64,
        0,
        2.4,
        13.755,
        0,
        2.533,
        11.968,
        0,
        2.7,
        13.977,
        0,
        2.833,
        11.968,
        1,
        2.878,
        11.968,
        2.922,
        11.68,
        2.967,
        14.044,
        1,
        3.122,
        22.319,
        3.278,
        30,
        3.433,
        30,
        0,
        4.167,
        23.2,
        2,
        5.267,
        23.2,
        0,
        6.267,
        0,
        2,
        6.767,
        0
      ]
    },
    {
      "Target": "Parameter",
      "Id": "Param11",
      "FadeInTime": -1.0,
      "FadeOutTime": -1.0,
      "Segments": [
        0,
        0,
        2,
        0.5,
        0,
        0,
        0.933,
        17.64,
        0,
        1.2,
        13,
        0,
        1.533,
        30,
        0,
        1.833,
        14,
        0,
        2.233,
        17.78,
        2,
        2.267,
        17.78,
        0,
        2.4,
        24.335,
        0,
        2.533,
        13.73,
        0,
        2.7,
        16.276,
        0,
        2.833,
        13.73,
        1,
        2.878,
        13.73,
        2.922,
        14.461,
        2.967,
        16.276,
        1,
        3.122,
        22.629,
        3.278,
        26,
        3.433,
        26,
        0,
        4.167,
        12,
        2,
        5.267,
        12,
        0,
        6.267,
        0,
        2,
        6.767,
        0
      ]
    },
    {
      "Target": "Parameter",
      "Id": "Param6",
      "FadeInTime": -1.0,
      "FadeOutTime": -1.0,
      "Segments": [
        0,
        0,
        2,
        0.5,
        0,
        2,
        1.2,
        0,
        0,
        1.967,
        -1.62,
        2,
        2.267,
        -1.62,
        2,
        2.967,
        -1.62,
        2,
        3.433,
        -1.62,
        2,
        5.267,
        -1.62,
        0,
        6.267,
        0,
        2,
        6.767,
        0
      ]
    },
    {
      "Target": "Parameter",
      "Id": "ParamBreath",
      "FadeInTime": -1.0,
      "FadeOutTime": -1.0,
      "Segments": [
        0,
        0,
        2,
        0.5,
        0,
        2,
        1.2,
        0,
        2,
        2.267,
        0,
        0,
        2.4,
        0.5,
        0,
        2.533,
        0,
        0,
        2.7,
        0.389,
        0,
        2.833,
        0,
        1,
        2.878,
        0,
        2.922,
        0.174,
        2.967,
        0.215,
        1,
        3.122,
        0.36,
        3.278,
        0.396,
        3.433,
        0.396,
        2,
        5.267,
        0.396,
        0,
        6.267,
        0,
        2,
        6.767,
        0
      ]
    },
    {
      "Target": "Parameter",
      "Id": "Param27",
      "FadeInTime": -1.0,
      "FadeOutTime": -1.0,
      "Segments": [
        0,
        0,
        2,
        0.5,
        0,
        1,
        0.611,
        0,
        0.722,
        5.934,
        0.833,
        9.303,
        1,
        0.922,
        11.998,
        1.011,
        11.94,
        1.1,
        11.94,
        0,
        1.633,
        6.017,
        2,
        2.267,
        6.017,
        0,
        2.967,
        7.08,
        2,
        3.433,
        7.08,
        0,
        4.167,
        -0.24,
        0,
        5.267,
        4.68,
        0,
        6.267,
        0,
        2,
        6.767,
        0
      ]
    },
    {
      "Target": "Parameter",
      "Id": "Param28",
      "FadeInTime": -1.0,
      "FadeOutTime": -1.0,
      "Segments": [
        0,
        0,
        2,
        0.5,
        0,
        0,
        0.8,
        -11.04,
        0,
        1.3,
        3,
        0,
        1.8,
        -4.898,
        0,
        2.267,
        -1.92,
        0,
        2.967,
        -5.28,
        2,
        3.433,
        -5.28,
        0,
        3.833,
        3.371,
        0,
        4.533,
        -2.94,
        2,
        5.267,
        -2.94,
        0,
        5.9,
        0,
        2,
        6.267,
        0,
        2,
        6.767,
        0
      ]
    },
    {
      "Target": "Parameter",
      "Id": "Param29",
      "FadeInTime": -1.0,
      "FadeOutTime": -1.0,
      "Segments": [
        0,
        0,
        2,
        0.5,
        0,
        0,
        0.633,
        11,
        0,
        1,
        -3,
        0,
        1.2,
        0,
        2,
        2.267,
        0,
        2,
        2.967,
        0,
        2,
        3.433,
        0,
        0,
        3.667,
        -5,
        0,
        4.033,
        9,
        0,
        4.633,
        -0.475,
        0,
        5.267,
        0,
        2,
        6.267,
        0,
        2,
        6.767,
        0
      ]
    },
    {
      "Target": "Parameter",
      "Id": "Param30",
      "FadeInTime": -1.0,
      "FadeOutTime": -1.0,
      "Segments": [
        0,
        0,
        2,
        0.5,
        0,
        2,
        1.2,
        0,
        2,
        2.267,
        0,
        2,
        2.967,
        0,
        2,
        3.433,
        0,
        0,
        4.167,
        5,
        2,
        5.267,
        5,
        0,
        6.267,
        0,
        2,
        6.767,
        0
      ]
    },
    {
      "Target": "Parameter",
      "Id": "Param31",
      "FadeInTime": -1.0,
      "FadeOutTime": -1.0,
      "Segments": [
        0,
        0,
        2,
        0.5,
        0,
        0,
        0.767,
        -9,
        0,
        1.2,
        0,
        2,
        2.267,
        0,
        2,
        2.967,
        0,
        2,
        3.433,
        0,
        2,
        5.267,
        0,
        2,
        6.267,
        0,
        2,
        6.767,
        0
      ]
    },
    {
      "Target": "Parameter",
      "Id": "Param93",
      "FadeInTime": -1.0,
      "FadeOutTime": -1.0,
      "Segments": [
        0,
        0,
        2,
        0.5,
        0,
        2,
        0.817,
        0,
        2,
        0.833,
        1,
        2,
        1.2,
        1,
        2,
        2.267,
        1,
        2,
        2.967,
        1,
        2,
        3.433,
        1,
        2,
        5.267,
        1,
        2,
        5.733,
        1,
        0,
        5.867,
        0,
        2,
        6.133,
        0,
        2,
        6.767,
        0
      ]
    },
    {
      "Target": "Parameter",
      "Id": "ParamLegL2ON",
      "FadeInTime": -1.0,
      "FadeOutTime": -1.0,
      "Segments": [
        0,
        0,
        2,
        0.5,
        0,
        2,
        0.7,
        0,
        0,
        0.833,
        1,
        2,
        1.2,
        1,
        2,
        2.267,
        1,
        2,
        2.967,
        1,
        2,
        3.433,
        1,
        2,
        5.267,
        1,
        2,
        5.8,
        1,
        0,
        5.933,
        0,
        2,
        6.133,
        0,
        2,
        6.767,
        0
      ]
    },
    {
      "Target": "Parameter",
      "Id": "Param_Leg_upper_L_Z",
      "FadeInTime": -1.0,
      "FadeOutTime": -1.0,
      "Segments": [
        0,
        0,
        2,
        0.5,
        0,
        1,
        0.611,
        0,
        0.722,
        -4.558,
        0.833,
        -12,
        1,
        0.922,
        -17.953,
        1.011,
        -25.243,
        1.1,
        -28.456,
        1,
        1.133,
        -29.661,
        1.167,
        -29.949,
        1.2,
        -30.258,
        1,
        1.456,
        -32.624,
        1.711,
        -33.597,
        1.967,
        -33.597,
        2,
        2.267,
        -33.597,
        1,
        2.5,
        -33.597,
        2.734,
        -33.276,
        2.967,
        -32.855,
        1,
        3.122,
        -32.574,
        3.278,
        -32.541,
        3.433,
        -32.166,
        1,
        3.555,
        -31.871,
        3.678,
        -29.861,
        3.8,
        -29.861,
        0,
        4,
        -32.166,
        0,
        4.233,
        -31.474,
        2,
        5.267,
        -31.474,
        0,
        6.133,
        0.901,
        0,
        6.767,
        0
      ]
    },
    {
      "Target": "Parameter",
      "Id": "Param_Leg_lower_L1_Z",
      "FadeInTime": -1.0,
      "FadeOutTime": -1.0,
      "Segments": [
        0,
        0,
        2,
        0.5,
        0,
        0,
        0.767,
        -2.8,
        0,
        1.2,
        0,
        2,
        2.267,
        0,
        2,
        2.967,
        0,
        2,
        3.433,
        0,
        2,
        5.267,
        0,
        0,
        5.633,
        -3.581,
        1,
        5.7,
        -3.581,
        5.766,
        -1.958,
        5.833,
        -0.49,
        1,
        5.911,
        1.222,
        5.989,
        1.579,
        6.067,
        1.579,
        0,
        6.767,
        0
      ]
    },
    {
      "Target": "Parameter",
      "Id": "Param_foot_L1_Z",
      "FadeInTime": -1.0,
      "FadeOutTime": -1.0,
      "Segments": [
        0,
        0,
        2,
        0.5,
        0,
        0,
        0.767,
        29.76,
        0,
        0.833,
        25,
        2,
        1.2,
        25,
        2,
        2.267,
        25,
        2,
        2.967,
        25,
        2,
        3.433,
        25,
        2,
        5.267,
        25,
        1,
        5.445,
        25,
        5.622,
        25.622,
        5.8,
        24,
        1,
        6.122,
        21.061,
        6.445,
        0,
        6.767,
        0
      ]
    },
    {
      "Target": "Parameter",
      "Id": "Param_Leg_lower_L2_Z",
      "FadeInTime": -1.0,
      "FadeOutTime": -1.0,
      "Segments": [
        0,
        0,
        2,
        0.5,
        0,
        0,
        0.833,
        -2.236,
        0,
        1.2,
        0,
        0,
        1.967,
        -3.016,
        2,
        2.267,
        -3.016,
        0,
        2.967,
        -5.824,
        0,
        3.433,
        0,
        0,
        4,
        -11.128,
        2,
        4.233,
        -11.128,
        2,
        5.267,
        -11.128,
        0,
        5.767,
        0,
        0,
        5.8,
        -0.188,
        0,
        6.133,
        0,
        2,
        6.767,
        0
      ]
    },
    {
      "Target": "Parameter",
      "Id": "Param_foot_L2_Z",
      "FadeInTime": -1.0,
      "FadeOutTime": -1.0,
      "Segments": [
        0,
        0,
        2,
        0.5,
        0,
        2,
        0.833,
        0,
        0,
        1.167,
        -12.96,
        0,
        2.267,
        0,
        0,
        2.967,
        -6.6,
        0,
        3.433,
        0,
        0,
        4,
        -12,
        2,
        4.233,
        -12,
        2,
        5.267,
        -12,
        1,
        5.445,
        -12,
        5.622,
        -9.229,
        5.8,
        -4.32,
        1,
        5.911,
        -1.252,
        6.022,
        0,
        6.133,
        0,
        2,
        6.767,
        0
      ]
    },
    {
      "Target": "Parameter",
      "Id": "Param25",
      "FadeInTime": -1.0,
      "FadeOutTime": -1.0,
      "Segments": [
        0,
        0,
        2,
        0.5,
        0,
        2,
        1.067,
        0,
        0,
        1.2,
        1,
        2,
        5.267,
        1,
        0,
        5.4,
        0,
        2,
        6.133,
        0,
        2,
        6.767,
        0
      ]
    },
    {
      "Target": "Parameter",
      "Id": "Param18",
      "FadeInTime": -1.0,
      "FadeOutTime": -1.0,
      "Segments": [
        0,
        0,
        2,
        0.5,
        0,
        1,
        0.6,
        0,
        0.7,
        0.25,
        0.8,
        1.418,
        1,
        0.933,
        2.976,
        1.067,
        4.26,
        1.2,
        4.26,
        1,
        1.311,
        4.26,
        1.422,
        4.108,
        1.533,
        4.001,
        1,
        1.633,
        3.905,
        1.733,
        3.9,
        1.833,
        3.9,
        2,
        2.267,
        3.9,
        0,
        2.7,
        2.46,
        2,
        2.967,
        2.46,
        0,
        3.433,
        1.5,
        0,
        4.167,
        2.7,
        2,
        5.267,
        2.7,
        1,
        5.6,
        2.7,
        5.934,
        2.016,
        6.267,
        0.821,
        1,
        6.434,
        0.223,
        6.6,
        0,
        6.767,
        0
      ]
    },
    {
      "Target": "Parameter",
      "Id": "Param19",
      "FadeInTime": -1.0,
      "FadeOutTime": -1.0,
      "Segments": [
        0,
        0,
        2,
        0.5,
        0,
        2,
        0.8,
        0,
        0,
        1.2,
        0.64,
        2,
        1.533,
        0.64,
        0,
        1.833,
        1.04,
        2,
        2.267,
        1.04,
        2,
        2.7,
        1.04,
        2,
        2.967,
        1.04,
        0,
        3.433,
        0.64,
        0,
        4.167,
        0.88,
        2,
        5.267,
        0.88,
        0,
        6.767,
        0
      ]
    },
    {
      "Target": "Parameter",
      "Id": "Param20",
      "FadeInTime": -1.0,
      "FadeOutTime": -1.0,
      "Segments": [
        0,
        0,
        2,
        0.5,
        0,
        2,
        0.8,
        0,
        2,
        1.2,
        0,
        2,
        1.533,
        0,
        0,
        1.833,
        -3,
        2,
        2.267,
        -3,
        0,
        2.7,
        -1.74,
        2,
        2.967,
        -1.74,
        0,
        3.433,
        0,
        2,
        5.267,
        0,
        2,
        6.767,
        0
      ]
    },
    {
      "Target": "Parameter",
      "Id": "Param76",
      "FadeInTime": -1.0,
      "FadeOutTime": -1.0,
      "Segments": [
        0,
        0,
        2,
        0.5,
        0,
        2,
        0.8,
        0,
        0,
        1.1,
        -2.34,
        2,
        1.2,
        -2.34,
        0,
        1.533,
        -5.997,
        0,
        1.833,
        -4.166,
        0,
        2.267,
        -5.306,
        0,
        2.7,
        -3.146,
        2,
        2.967,
        -3.146,
        1,
        3.122,
        -3.146,
        3.278,
        -3.116,
        3.433,
        -3.24,
        1,
        3.678,
        -3.435,
        3.922,
        -4.02,
        4.167,
        -4.02,
        2,
        5.267,
        -4.02,
        0,
        6.267,
        0.577,
        0,
        6.767,
        0
      ]
    },
    {
      "Target": "Parameter",
      "Id": "Param77",
      "FadeInTime": -1.0,
      "FadeOutTime": -1.0,
      "Segments": [
        0,
        0,
        2,
        0.5,
        0,
        2,
        0.8,
        0,
        0,
        1.1,
        -3,
        2,
        1.2,
        -3,
        0,
        1.533,
        -5.724,
        0,
        1.833,
        -5.673,
        2,
        2.267,
        -5.673,
        0,
        2.7,
        -4.473,
        2,
        2.967,
        -4.473,
        0,
        3.433,
        -4.38,
        0,
        4.167,
        -7.32,
        2,
        5.267,
        -7.32,
        0,
        6.267,
        0,
        2,
        6.767,
        0
      ]
    },
    {
      "Target": "Parameter",
      "Id": "Param87",
      "FadeInTime": -1.0,
      "FadeOutTime": -1.0,
      "Segments": [
        0,
        0,
        2,
        0.5,
        0,
        2,
        0.7,
        0,
        2,
        0.717,
        1,
        2,
        1.2,
        1,
        2,
        2.267,
        1,
        2,
        2.967,
        1,
        2,
        3.3,
        1,
        2,
        5.65,
        1,
        2,
        5.667,
        0,
        2,
        6.767,
        0
      ]
    },
    {
      "Target": "Parameter",
      "Id": "Param88",
      "FadeInTime": -1.0,
      "FadeOutTime": -1.0,
      "Segments": [
        0,
        0,
        2,
        0.5,
        0,
        2,
        0.7,
        0,
        2,
        0.717,
        1,
        2,
        1.2,
        1,
        2,
        2.267,
        1,
        2,
        2.967,
        1,
        2,
        3.3,
        1,
        2,
        5.65,
        1,
        2,
        5.667,
        0,
        2,
        6.767,
        0
      ]
    },
    {
      "Target": "Parameter",
      "Id": "Param89",
      "FadeInTime": -1.0,
      "FadeOutTime": -1.0,
      "Segments": [
        0,
        0,
        2,
        0.5,
        0,
        2,
        0.7,
        0,
        2,
        0.717,
        1,
        2,
        1.2,
        1,
        2,
        2.267,
        1,
        2,
        2.967,
        1,
        2,
        3.3,
        1,
        2,
        5.65,
        1,
        2,
        5.667,
        0,
        2,
        6.767,
        0
      ]
    },
    {
      "Target": "Parameter",
      "Id": "Param121",
      "FadeInTime": -1.0,
      "FadeOutTime": -1.0,
      "Segments": [
        0,
        0,
        2,
        0.5,
        0,
        2,
        0.7,
        0,
        2,
        0.717,
        1,
        2,
        1.2,
        1,
        2,
        2.267,
        1,
        2,
        2.967,
        1,
        2,
        3.3,
        1,
        2,
        5.65,
        1,
        2,
        5.667,
        0,
        2,
        6.767,
        0
      ]
    },
    {
      "Target": "Parameter",
      "Id": "Param122",
      "FadeInTime": -1.0,
      "FadeOutTime": -1.0,
      "Segments": [
        0,
        0,
        2,
        0.5,
        0,
        2,
        0.7,
        0,
        2,
        0.717,
        1,
        2,
        1.2,
        1,
        2,
        2.267,
        1,
        2,
        2.967,
        1,
        2,
        3.3,
        1,
        2,
        5.65,
        1,
        2,
        5.667,
        0,
        2,
        6.767,
        0
      ]
    },
    {
      "Target": "Parameter",
      "Id": "Param125",
      "FadeInTime": -1.0,
      "FadeOutTime": -1.0,
      "Segments": [
        0,
        0,
        2,
        0.5,
        0,
        2,
        0.7,
        0,
        2,
        1.2,
        0,
        2,
        2.3,
        0,
        2,
        2.317,
        1,
        2,
        2.967,
        1,
        2,
        3.3,
        1,
        2,
        3.317,
        0,
        2,
        5.65,
        0,
        2,
        5.667,
        0,
        2,
        6.767,
        0
      ]
    },
    {
      "Target": "Parameter",
      "Id": "Param126",
      "FadeInTime": -1.0,
      "FadeOutTime": -1.0,
      "Segments": [
        0,
        0,
        2,
        0.5,
        0,
        2,
        0.7,
        0,
        2,
        0.717,
        1,
        2,
        1.2,
        1,
        2,
        2.3,
        1,
        2,
        2.317,
        0,
        2,
        2.967,
        0,
        2,
        3.3,
        0,
        2,
        3.317,
        1,
        2,
        5.65,
        1,
        2,
        5.667,
        0,
        2,
        6.767,
        0
      ]
    },
    {
      "Target": "Parameter",
      "Id": "Param14",
      "FadeInTime": -1.0,
      "FadeOutTime": -1.0,
      "Segments": [
        0,
        0,
        2,
        0.5,
        0,
        1,
        0.589,
        0,
        0.678,
        5.35,
        0.767,
        7.219,
        1,
        0.878,
        9.555,
        0.989,
        10.062,
        1.1,
        12.013,
        1,
        1.133,
        12.598,
        1.167,
        16.2,
        1.2,
        16.2,
        2,
        2.267,
        16.2,
        2,
        2.967,
        16.2,
        2,
        3.233,
        16.2,
        2,
        5.333,
        16.2,
        1,
        5.444,
        16.2,
        5.556,
        -0.738,
        5.667,
        -2.203,
        1,
        5.811,
        -4.108,
        5.956,
        -3.956,
        6.1,
        -3.956,
        0,
        6.767,
        0
      ]
    },
    {
      "Target": "Parameter",
      "Id": "Param15",
      "FadeInTime": -1.0,
      "FadeOutTime": -1.0,
      "Segments": [
        0,
        0,
        2,
        0.5,
        0,
        0,
        0.767,
        0.033,
        0,
        1.1,
        -4.995,
        0,
        1.2,
        0,
        2,
        2.267,
        0,
        2,
        2.967,
        0,
        2,
        3.233,
        0,
        2,
        5.333,
        0,
        0,
        5.6,
        -4.856,
        1,
        5.622,
        -4.856,
        5.645,
        -4.691,
        5.667,
        -4.365,
        1,
        5.734,
        -3.388,
        5.8,
        -2.404,
        5.867,
        -1.439,
        1,
        6,
        0.491,
        6.134,
        1.44,
        6.267,
        1.44,
        0,
        6.767,
        0
      ]
    },
    {
      "Target": "Parameter",
      "Id": "Param16",
      "FadeInTime": -1.0,
      "FadeOutTime": -1.0,
      "Segments": [
        0,
        0,
        2,
        0.5,
        0,
        2,
        1.2,
        0,
        2,
        2.267,
        0,
        2,
        2.967,
        0,
        2,
        3.233,
        0,
        2,
        5.333,
        0,
        0,
        5.667,
        -22.9,
        1,
        5.745,
        -22.9,
        5.822,
        -21.611,
        5.9,
        -15.257,
        1,
        6.022,
        -5.271,
        6.145,
        2.738,
        6.267,
        2.738,
        0,
        6.767,
        0
      ]
    },
    {
      "Target": "Parameter",
      "Id": "Param78",
      "FadeInTime": -1.0,
      "FadeOutTime": -1.0,
      "Segments": [
        0,
        0,
        2,
        0.5,
        0,
        2,
        1.2,
        0,
        2,
        2.267,
        0,
        2,
        2.967,
        0,
        2,
        3.233,
        0,
        2,
        5.333,
        0,
        0,
        5.567,
        -18.322,
        1,
        5.6,
        -18.322,
        5.634,
        -17.092,
        5.667,
        -15.352,
        1,
        5.867,
        -4.914,
        6.067,
        0,
        6.267,
        0,
        2,
        6.767,
        0
      ]
    },
    {
      "Target": "Parameter",
      "Id": "Param79",
      "FadeInTime": -1.0,
      "FadeOutTime": -1.0,
      "Segments": [
        0,
        0,
        2,
        0.5,
        0,
        2,
        1.2,
        0,
        2,
        2.267,
        0,
        2,
        2.967,
        0,
        2,
        3.233,
        0,
        2,
        5.333,
        0,
        0,
        5.667,
        -10.389,
        0,
        6.267,
        0,
        2,
        6.767,
        0
      ]
    },
    {
      "Target": "Parameter",
      "Id": "Param134",
      "FadeInTime": -1.0,
      "FadeOutTime": -1.0,
      "Segments": [
        0,
        0,
        2,
        0.5,
        0,
        1,
        0.733,
        0,
        0.967,
        -8.02,
        1.2,
        -12.53,
        1,
        1.3,
        -14.463,
        1.4,
        -13.839,
        1.5,
        -15.384,
        1,
        1.656,
        -17.787,
        1.811,
        -21.49,
        1.967,
        -21.49,
        0,
        2.267,
        -20.16,
        0,
        2.567,
        -21.42,
        2,
        2.967,
        -21.42,
        1,
        3.056,
        -21.42,
        3.144,
        -21.618,
        3.233,
        -21.122,
        1,
        3.378,
        -20.316,
        3.522,
        5.997,
        3.667,
        5.997,
        0,
        3.967,
        0.2,
        0,
        4.2,
        0.736,
        2,
        5.2,
        0.736,
        1,
        5.256,
        0.736,
        5.311,
        3.243,
        5.367,
        4.366,
        1,
        5.456,
        6.162,
        5.544,
        6.941,
        5.633,
        8.444,
        1,
        5.655,
        8.82,
        5.678,
        9.435,
        5.7,
        9.435,
        0,
        6.267,
        0,
        2,
        6.767,
        0
      ]
    },
    {
      "Target": "Parameter",
      "Id": "Param135",
      "FadeInTime": -1.0,
      "FadeOutTime": -1.0,
      "Segments": [
        0,
        0,
        2,
        0.5,
        0,
        0,
        0.533,
        5.34,
        1,
        0.611,
        5.34,
        0.689,
        5.574,
        0.767,
        4.755,
        1,
        0.911,
        3.233,
        1.056,
        -1.02,
        1.2,
        -1.02,
        0,
        1.967,
        6,
        0,
        2.267,
        5.34,
        0,
        2.567,
        7.5,
        0,
        2.667,
        7.287,
        0,
        2.767,
        7.403,
        0,
        2.867,
        7.242,
        0,
        2.967,
        7.5,
        1,
        3.056,
        7.5,
        3.144,
        7.637,
        3.233,
        7.287,
        1,
        3.378,
        6.719,
        3.522,
        -11.662,
        3.667,
        -12.121,
        1,
        3.767,
        -12.439,
        3.867,
        -12.326,
        3.967,
        -12.326,
        0,
        4.2,
        -12.11,
        2,
        5.2,
        -12.11,
        0,
        5.367,
        -12.439,
        1,
        5.4,
        -12.439,
        5.434,
        -7.675,
        5.467,
        -6.049,
        1,
        5.522,
        -3.339,
        5.578,
        -2.596,
        5.633,
        0.1,
        1,
        5.689,
        2.796,
        5.744,
        6.237,
        5.8,
        6.237,
        0,
        6.267,
        0,
        2,
        6.767,
        0
      ]
    },
    {
      "Target": "Parameter",
      "Id": "Param136",
      "FadeInTime": -1.0,
      "FadeOutTime": -1.0,
      "Segments": [
        0,
        0,
        2,
        0.5,
        0,
        2,
        1.2,
        0,
        2,
        2.267,
        0,
        0,
        2.567,
        -3.15,
        0,
        2.967,
        0,
        2,
        3.233,
        0,
        0,
        3.667,
        -9.884,
        0,
        3.967,
        -9.45,
        2,
        5.2,
        -9.45,
        0,
        6.267,
        0,
        2,
        6.767,
        0
      ]
    },
    {
      "Target": "Parameter",
      "Id": "Param138",
      "FadeInTime": -1.0,
      "FadeOutTime": -1.0,
      "Segments": [
        0,
        0,
        2,
        0.5,
        0,
        2,
        1.2,
        0,
        0,
        2.267,
        -10.114,
        1,
        2.367,
        -10.114,
        2.467,
        -8.892,
        2.567,
        -6.21,
        1,
        2.589,
        -5.614,
        2.611,
        -5.171,
        2.633,
        -5.171,
        0,
        2.733,
        -6.612,
        0,
        2.833,
        -4.925,
        0,
        2.933,
        -6.69,
        1,
        2.955,
        -6.69,
        2.978,
        -5.301,
        3,
        -5.007,
        1,
        3.078,
        -3.98,
        3.155,
        -2.551,
        3.233,
        -2.445,
        1,
        3.889,
        -1.548,
        4.544,
        -0.035,
        5.2,
        -0.008,
        1,
        5.556,
        0.007,
        5.911,
        0,
        6.267,
        0,
        2,
        6.767,
        0
      ]
    },
    {
      "Target": "Parameter",
      "Id": "Param139",
      "FadeInTime": -1.0,
      "FadeOutTime": -1.0,
      "Segments": [
        0,
        0,
        2,
        0.5,
        0,
        0,
        0.833,
        6.03,
        1,
        0.955,
        6.03,
        1.078,
        3.35,
        1.2,
        0,
        1,
        1.267,
        -1.827,
        1.333,
        -2.132,
        1.4,
        -4.221,
        1,
        1.478,
        -6.658,
        1.555,
        -10.804,
        1.633,
        -10.804,
        0,
        1.967,
        0,
        0,
        2.267,
        -1.82,
        0,
        2.567,
        13,
        0,
        2.967,
        -1.82,
        2,
        3.233,
        -1.82,
        0,
        3.5,
        9.02,
        1,
        3.556,
        9.02,
        3.611,
        -37.836,
        3.667,
        -42.994,
        1,
        3.734,
        -49.183,
        3.8,
        -48.99,
        3.867,
        -48.99,
        2,
        5.2,
        -48.99,
        0,
        5.4,
        -55.723,
        1,
        5.533,
        -55.723,
        5.667,
        -31.203,
        5.8,
        -17.63,
        1,
        5.956,
        -1.794,
        6.111,
        0,
        6.267,
        0,
        2,
        6.767,
        0
      ]
    },
    {
      "Target": "Parameter",
      "Id": "Param172",
      "FadeInTime": -1.0,
      "FadeOutTime": -1.0,
      "Segments": [
        0,
        0,
        2,
        0.5,
        0,
        0,
        0.733,
        -21,
        0,
        1,
        5,
        1,
        1.067,
        5,
        1.133,
        1.986,
        1.2,
        0,
        1,
        1.267,
        -1.986,
        1.333,
        -2.811,
        1.4,
        -4.308,
        1,
        1.467,
        -5.805,
        1.533,
        -7.077,
        1.6,
        -9,
        1,
        1.644,
        -10.282,
        1.689,
        -12,
        1.733,
        -12,
        0,
        2.133,
        30,
        0,
        2.367,
        -30,
        2,
        2.433,
        -30,
        2,
        3.233,
        -30,
        2,
        5.2,
        -30,
        2,
        5.8,
        -30,
        0,
        6.267,
        0,
        2,
        6.767,
        0
      ]
    },
    {
      "Target": "Parameter",
      "Id": "Param144",
      "FadeInTime": -1.0,
      "FadeOutTime": -1.0,
      "Segments": [
        0,
        0,
        2,
        0.5,
        0,
        2,
        1.2,
        0,
        2,
        1.567,
        0,
        2,
        2.267,
        0,
        2,
        2.967,
        0,
        2,
        3.233,
        0,
        0,
        3.967,
        -6,
        2,
        5.2,
        -6,
        0,
        5.633,
        -13.58,
        0,
        6.267,
        0,
        2,
        6.767,
        0
      ]
    },
    {
      "Target": "Parameter",
      "Id": "Param145",
      "FadeInTime": -1.0,
      "FadeOutTime": -1.0,
      "Segments": [
        0,
        0,
        2,
        0.5,
        0,
        0,
        1.2,
        10,
        2,
        1.567,
        10,
        0,
        1.967,
        -0.74,
        2,
        2.267,
        -0.74,
        2,
        2.967,
        -0.74,
        2,
        3.233,
        -0.74,
        0,
        3.5,
        -30,
        1,
        3.556,
        -30,
        3.611,
        -22.213,
        3.667,
        -14,
        1,
        3.767,
        0.783,
        3.867,
        5.78,
        3.967,
        5.78,
        2,
        5.2,
        5.78,
        0,
        5.6,
        -7.117,
        0,
        6.267,
        0,
        2,
        6.767,
        0
      ]
    },
    {
      "Target": "Parameter",
      "Id": "Param173",
      "FadeInTime": -1.0,
      "FadeOutTime": -1.0,
      "Segments": [
        0,
        0,
        2,
        0.5,
        0,
        2,
        3.233,
        0,
        2,
        3.6,
        0,
        0,
        3.667,
        -1,
        2,
        5.433,
        -1,
        1,
        5.444,
        -1,
        5.456,
        -0.102,
        5.467,
        -0.1,
        1,
        5.9,
        -0.032,
        6.334,
        0,
        6.767,
        0
      ]
    },
    {
      "Target": "Model",
      "Id": "Opacity",
      "FadeInTime": -1.0,
      "FadeOutTime": -1.0,
      "Segments": [
        0,
        1,
        0,
        6.77,
        1
      ]
    },
    {
      "Target": "Parameter",
      "Id": "Param109",
      "FadeInTime": -1.0,
      "FadeOutTime": -1.0,
      "Segments": [
        0,
        0,
        0,
        6.77,
        0
      ]
    },
    {
      "Target": "Parameter",
      "Id": "Param110",
      "FadeInTime": -1.0,
      "FadeOutTime": -1.0,
      "Segments": [
        0,
        0,
        0,
        6.77,
        0
      ]
    },
    {
      "Target": "Parameter",
      "Id": "Param245",
      "FadeInTime": -1.0,
      "FadeOutTime": -1.0,
      "Segments": [
        0,
        0,
        0,
        6.77,
        0
      ]
    },
    {
      "Target": "Parameter",
      "Id": "Param246",
      "FadeInTime": -1.0,
      "FadeOutTime": -1.0,
      "Segments": [
        0,
        0,
        0,
        6.77,
        0
      ]
    },
    {
      "Target": "Parameter",
      "Id": "Param178",
      "FadeInTime": -1.0,
      "FadeOutTime": -1.0,
      "Segments": [
        0,
        0,
        0,
        6.77,
        0
      ]
    },
    {
      "Target": "Parameter",
      "Id": "Param183",
      "FadeInTime": -1.0,
      "FadeOutTime": -1.0,
      "Segments": [
        0,
        0,
        0,
        6.77,
        0
      ]
    },
    {
      "Target": "Parameter",
      "Id": "Param185",
      "FadeInTime": -1.0,
      "FadeOutTime": -1.0,
      "Segments": [
        0,
        0,
        0,
        6.77,
        0
      ]
    },
    {
      "Target": "Parameter",
      "Id": "Param184",
      "FadeInTime": -1.0,
      "FadeOutTime": -1.0,
      "Segments": [
        0,
        0,
        0,
        6.77,
        0
      ]
    },
    {
      "Target": "Parameter",
      "Id": "Param186",
      "FadeInTime": -1.0,
      "FadeOutTime": -1.0,
      "Segments": [
        0,
        0,
        0,
        6.77,
        0
      ]
    },
    {
      "Target": "Parameter",
      "Id": "Param187",
      "FadeInTime": -1.0,
      "FadeOutTime": -1.0,
      "Segments": [
        0,
        0,
        0,
        6.77,
        0
      ]
    },
    {
      "Target": "Parameter",
      "Id": "Param191",
      "FadeInTime": -1.0,
      "FadeOutTime": -1.0,
      "Segments": [
        0,
        0,
        0,
        6.77,
        0
      ]
    },
    {
      "Target": "Parameter",
      "Id": "Param23",
      "FadeInTime": -1.0,
      "FadeOutTime": -1.0,
      "Segments": [
        0,
        0,
        0,
        6.77,
        0
      ]
    },
    {
      "Target": "Parameter",
      "Id": "Param200",
      "FadeInTime": -1.0,
      "FadeOutTime": -1.0,
      "Segments": [
        0,
        0,
        0,
        6.77,
        0
      ]
    },
    {
      "Target": "Parameter",
      "Id": "Param169",
      "FadeInTime": -1.0,
      "FadeOutTime": -1.0,
      "Segments": [
        0,
        0,
        0,
        6.77,
        0
      ]
    },
    {
      "Target": "Parameter",
      "Id": "Param170",
      "FadeInTime": -1.0,
      "FadeOutTime": -1.0,
      "Segments": [
        0,
        0,
        0,
        6.77,
        0
      ]
    },
    {
      "Target": "Parameter",
      "Id": "Param262",
      "FadeInTime": -1.0,
      "FadeOutTime": -1.0,
      "Segments": [
        0,
        0,
        0,
        6.77,
        0
      ]
    },
    {
      "Target": "Parameter",
      "Id": "Param168",
      "FadeInTime": -1.0,
      "FadeOutTime": -1.0,
      "Segments": [
        0,
        0,
        0,
        6.77,
        0
      ]
    },
    {
      "Target": "Parameter",
      "Id": "Param193",
      "FadeInTime": -1.0,
      "FadeOutTime": -1.0,
      "Segments": [
        0,
        0,
        0,
        6.77,
        0
      ]
    },
    {
      "Target": "Parameter",
      "Id": "Param192",
      "FadeInTime": -1.0,
      "FadeOutTime": -1.0,
      "Segments": [
        0,
        0,
        0,
        6.77,
        0
      ]
    },
    {
      "Target": "Parameter",
      "Id": "Param24",
      "FadeInTime": -1.0,
      "FadeOutTime": -1.0,
      "Segments": [
        0,
        0,
        0,
        6.77,
        0
      ]
    },
    {
      "Target": "Parameter",
      "Id": "Param94",
      "FadeInTime": -1.0,
      "FadeOutTime": -1.0,
      "Segments": [
        0,
        0,
        0,
        6.77,
        0
      ]
    },
    {
      "Target": "Parameter",
      "Id": "Param95",
      "FadeInTime": -1.0,
      "FadeOutTime": -1.0,
      "Segments": [
        0,
        0,
        0,
        6.77,
        0
      ]
    },
    {
      "Target": "Parameter",
      "Id": "Param166",
      "FadeInTime": -1.0,
      "FadeOutTime": -1.0,
      "Segments": [
        0,
        0,
        0,
        6.77,
        0
      ]
    },
    {
      "Target": "Parameter",
      "Id": "Param167",
      "FadeInTime": -1.0,
      "FadeOutTime": -1.0,
      "Segments": [
        0,
        0,
        0,
        6.77,
        0
      ]
    },
    {
      "Target": "Parameter",
      "Id": "Param197",
      "FadeInTime": -1.0,
      "FadeOutTime": -1.0,
      "Segments": [
        0,
        0,
        0,
        6.77,
        0
      ]
    },
    {
      "Target": "Parameter",
      "Id": "Param198",
      "FadeInTime": -1.0,
      "FadeOutTime": -1.0,
      "Segments": [
        0,
        0,
        0,
        6.77,
        0
      ]
    },
    {
      "Target": "Parameter",
      "Id": "Param199",
      "FadeInTime": -1.0,
      "FadeOutTime": -1.0,
      "Segments": [
        0,
        0,
        0,
        6.77,
        0
      ]
    },
    {
      "Target": "Parameter",
      "Id": "MB_guangyunbianhuan",
      "FadeInTime": -1.0,
      "FadeOutTime": -1.0,
      "Segments": [
        0,
        0,
        0,
        6.77,
        0
      ]
    },
    {
      "Target": "Parameter",
      "Id": "MB_guangyunjiaodu",
      "FadeInTime": -1.0,
      "FadeOutTime": -1.0,
      "Segments": [
        0,
        0,
        0,
        6.77,
        0
      ]
    },
    {
      "Target": "Parameter",
      "Id": "MB_guangyundaxiao",
      "FadeInTime": -1.0,
      "FadeOutTime": -1.0,
      "Segments": [
        0,
        0,
        0,
        6.77,
        0
      ]
    },
    {
      "Target": "Parameter",
      "Id": "MB_guangyunzuoyou",
      "FadeInTime": -1.0,
      "FadeOutTime": -1.0,
      "Segments": [
        0,
        0,
        0,
        6.77,
        0
      ]
    },
    {
      "Target": "Parameter",
      "Id": "MB_guangyunshangxia",
      "FadeInTime": -1.0,
      "FadeOutTime": -1.0,
      "Segments": [
        0,
        0,
        0,
        6.77,
        0
      ]
    },
    {
      "Target": "Parameter",
      "Id": "MB_guangyunTMD",
      "FadeInTime": -1.0,
      "FadeOutTime": -1.0,
      "Segments": [
        0,
        0,
        0,
        6.77,
        0
      ]
    },
    {
      "Target": "Parameter",
      "Id": "Param194",
      "FadeInTime": -1.0,
      "FadeOutTime": -1.0,
      "Segments": [
        0,
        0,
        0,
        6.77,
        0
      ]
    },
    {
      "Target": "Parameter",
      "Id": "Param196",
      "FadeInTime": -1.0,
      "FadeOutTime": -1.0,
      "Segments": [
        0,
        0,
        0,
        6.77,
        0
      ]
    },
    {
      "Target": "Parameter",
      "Id": "guangbang",
      "FadeInTime": -1.0,
      "FadeOutTime": -1.0,
      "Segments": [
        0,
        0,
        0,
        6.77,
        0
      ]
    },
    {
      "Target": "Parameter",
      "Id": "shuimianyaobai",
      "FadeInTime": -1.0,
      "FadeOutTime": -1.0,
      "Segments": [
        0,
        0,
        0,
        6.77,
        0
      ]
    },
    {
      "Target": "Parameter",
      "Id": "shuimianbianhua",
      "FadeInTime": -1.0,
      "FadeOutTime": -1.0,
      "Segments": [
        0,
        0,
        0,
        6.77,
        0
      ]
    },
    {
      "Target": "Parameter",
      "Id": "yuntmd",
      "FadeInTime": -1.0,
      "FadeOutTime": -1.0,
      "Segments": [
        0,
        0,
        0,
        6.77,
        0
      ]
    },
    {
      "Target": "Parameter",
      "Id": "shuigaoguanshansuo",
      "FadeInTime": -1.0,
      "FadeOutTime": -1.0,
      "Segments": [
        0,
        0,
        0,
        6.77,
        0
      ]
    },
    {
      "Target": "Parameter",
      "Id": "Param176",
      "FadeInTime": -1.0,
      "FadeOutTime": -1.0,
      "Segments": [
        0,
        0,
        0,
        6.77,
        0
      ]
    },
    {
      "Target": "Parameter",
      "Id": "ParamEyeLOpen",
      "FadeInTime": -1.0,
      "FadeOutTime": -1.0,
      "Segments": [
        0,
        0,
        0,
        6.77,
        0
      ]
    },
    {
      "Target": "Parameter",
      "Id": "ParamEyeLSmile",
      "FadeInTime": -1.0,
      "FadeOutTime": -1.0,
      "Segments": [
        0,
        1,
        0,
        6.77,
        1
      ]
    },
    {
      "Target": "Parameter",
      "Id": "Param2",
      "FadeInTime": -1.0,
      "FadeOutTime": -1.0,
      "Segments": [
        0,
        0,
        0,
        6.77,
        0
      ]
    },
    {
      "Target": "Parameter",
      "Id": "Param4",
      "FadeInTime": -1.0,
      "FadeOutTime": -1.0,
      "Segments": [
        0,
        0,
        0,
        6.77,
        0
      ]
    },
    {
      "Target": "Parameter",
      "Id": "Param3",
      "FadeInTime": -1.0,
      "FadeOutTime": -1.0,
      "Segments": [
        0,
        0,
        0,
        6.77,
        0
      ]
    },
    {
      "Target": "Parameter",
      "Id": "ParamBrowLX",
      "FadeInTime": -1.0,
      "FadeOutTime": -1.0,
      "Segments": [
        0,
        0,
        0,
        6.77,
        0
      ]
    },
    {
      "Target": "Parameter",
      "Id": "ParamBrowLY",
      "FadeInTime": -1.0,
      "FadeOutTime": -1.0,
      "Segments": [
        0,
        0,
        0,
        6.77,
        0
      ]
    },
    {
      "Target": "Parameter",
      "Id": "ParamBrowLAngle",
      "FadeInTime": -1.0,
      "FadeOutTime": -1.0,
      "Segments": [
        0,
        0,
        0,
        6.77,
        0
      ]
    },
    {
      "Target": "Parameter",
      "Id": "ParamBrowLForm",
      "FadeInTime": -1.0,
      "FadeOutTime": -1.0,
      "Segments": [
        0,
        0,
        0,
        6.77,
        0
      ]
    },
    {
      "Target": "Parameter",
      "Id": "ParamBrowRY",
      "FadeInTime": -1.0,
      "FadeOutTime": -1.0,
      "Segments": [
        0,
        0,
        0,
        6.77,
        0
      ]
    },
    {
      "Target": "Parameter",
      "Id": "ParamBrowRX",
      "FadeInTime": -1.0,
      "FadeOutTime": -1.0,
      "Segments": [
        0,
        0,
        0,
        6.77,
        0
      ]
    },
    {
      "Target": "Parameter",
      "Id": "Param177",
      "FadeInTime": -1.0,
      "FadeOutTime": -1.0,
      "Segments": [
        0,
        0,
        0,
        6.77,
        0
      ]
    },
    {
      "Target": "Parameter",
      "Id": "Param7",
      "FadeInTime": -1.0,
      "FadeOutTime": -1.0,
      "Segments": [
        0,
        0,
        0,
        6.77,
        0
      ]
    },
    {
      "Target": "Parameter",
      "Id": "Param13",
      "FadeInTime": -1.0,
      "FadeOutTime": -1.0,
      "Segments": [
        0,
        0,
        0,
        6.77,
        0
      ]
    },
    {
      "Target": "Parameter",
      "Id": "Param175",
      "FadeInTime": -1.0,
      "FadeOutTime": -1.0,
      "Segments": [
        0,
        0,
        0,
        6.77,
        0
      ]
    },
    {
      "Target": "Parameter",
      "Id": "Param174",
      "FadeInTime": -1.0,
      "FadeOutTime": -1.0,
      "Segments": [
        0,
        0,
        0,
        6.77,
        0
      ]
    },
    {
      "Target": "Parameter",
      "Id": "Param190",
      "FadeInTime": -1.0,
      "FadeOutTime": -1.0,
      "Segments": [
        0,
        0,
        0,
        6.77,
        0
      ]
    },
    {
      "Target": "Parameter",
      "Id": "Param45",
      "FadeInTime": -1.0,
      "FadeOutTime": -1.0,
      "Segments": [
        0,
        0,
        0,
        6.77,
        0
      ]
    },
    {
      "Target": "Parameter",
      "Id": "Param213",
      "FadeInTime": -1.0,
      "FadeOutTime": -1.0,
      "Segments": [
        0,
        0,
        0,
        6.77,
        0
      ]
    },
    {
      "Target": "Parameter",
      "Id": "Param46",
      "FadeInTime": -1.0,
      "FadeOutTime": -1.0,
      "Segments": [
        0,
        0,
        0,
        6.77,
        0
      ]
    },
    {
      "Target": "Parameter",
      "Id": "Param47",
      "FadeInTime": -1.0,
      "FadeOutTime": -1.0,
      "Segments": [
        0,
        0,
        0,
        6.77,
        0
      ]
    },
    {
      "Target": "Parameter",
      "Id": "Param32",
      "FadeInTime": -1.0,
      "FadeOutTime": -1.0,
      "Segments": [
        0,
        0,
        0,
        6.77,
        0
      ]
    },
    {
      "Target": "Parameter",
      "Id": "ParamLegL3ON",
      "FadeInTime": -1.0,
      "FadeOutTime": -1.0,
      "Segments": [
        0,
        0,
        0,
        6.77,
        0
      ]
    },
    {
      "Target": "Parameter",
      "Id": "Param22",
      "FadeInTime": -1.0,
      "FadeOutTime": -1.0,
      "Segments": [
        0,
        0,
        0,
        6.77,
        0
      ]
    },
    {
      "Target": "Parameter",
      "Id": "Param_foot_L1_FORM",
      "FadeInTime": -1.0,
      "FadeOutTime": -1.0,
      "Segments": [
        0,
        0,
        0,
        6.77,
        0
      ]
    },
    {
      "Target": "Parameter",
      "Id": "Param_Leg_lower_L3_Z",
      "FadeInTime": -1.0,
      "FadeOutTime": -1.0,
      "Segments": [
        0,
        0,
        0,
        6.77,
        0
      ]
    },
    {
      "Target": "Parameter",
      "Id": "Param_foot_L3_Z",
      "FadeInTime": -1.0,
      "FadeOutTime": -1.0,
      "Segments": [
        0,
        0,
        0,
        6.77,
        0
      ]
    },
    {
      "Target": "Parameter",
      "Id": "Param189",
      "FadeInTime": -1.0,
      "FadeOutTime": -1.0,
      "Segments": [
        0,
        0,
        0,
        6.77,
        0
      ]
    },
    {
      "Target": "Parameter",
      "Id": "Param90",
      "FadeInTime": -1.0,
      "FadeOutTime": -1.0,
      "Segments": [
        0,
        0,
        0,
        6.77,
        0
      ]
    },
    {
      "Target": "Parameter",
      "Id": "Param91",
      "FadeInTime": -1.0,
      "FadeOutTime": -1.0,
      "Segments": [
        0,
        0,
        0,
        6.77,
        0
      ]
    },
    {
      "Target": "Parameter",
      "Id": "Param92",
      "FadeInTime": -1.0,
      "FadeOutTime": -1.0,
      "Segments": [
        0,
        0,
        0,
        6.77,
        0
      ]
    },
    {
      "Target": "Parameter",
      "Id": "Param111",
      "FadeInTime": -1.0,
      "FadeOutTime": -1.0,
      "Segments": [
        0,
        0,
        0,
        6.77,
        0
      ]
    },
    {
      "Target": "Parameter",
      "Id": "Param112",
      "FadeInTime": -1.0,
      "FadeOutTime": -1.0,
      "Segments": [
        0,
        0,
        0,
        6.77,
        0
      ]
    },
    {
      "Target": "Parameter",
      "Id": "Param117",
      "FadeInTime": -1.0,
      "FadeOutTime": -1.0,
      "Segments": [
        0,
        0,
        0,
        6.77,
        0
      ]
    },
    {
      "Target": "Parameter",
      "Id": "Param115",
      "FadeInTime": -1.0,
      "FadeOutTime": -1.0,
      "Segments": [
        0,
        0,
        0,
        6.77,
        0
      ]
    },
    {
      "Target": "Parameter",
      "Id": "Param116",
      "FadeInTime": -1.0,
      "FadeOutTime": -1.0,
      "Segments": [
        0,
        0,
        0,
        6.77,
        0
      ]
    },
    {
      "Target": "Parameter",
      "Id": "Param118",
      "FadeInTime": -1.0,
      "FadeOutTime": -1.0,
      "Segments": [
        0,
        0,
        0,
        6.77,
        0
      ]
    },
    {
      "Target": "Parameter",
      "Id": "Param119",
      "FadeInTime": -1.0,
      "FadeOutTime": -1.0,
      "Segments": [
        0,
        0,
        0,
        6.77,
        0
      ]
    },
    {
      "Target": "Parameter",
      "Id": "Param120",
      "FadeInTime": -1.0,
      "FadeOutTime": -1.0,
      "Segments": [
        0,
        0,
        0,
        6.77,
        0
      ]
    },
    {
      "Target": "Parameter",
      "Id": "Param113",
      "FadeInTime": -1.0,
      "FadeOutTime": -1.0,
      "Segments": [
        0,
        0,
        0,
        6.77,
        0
      ]
    },
    {
      "Target": "Parameter",
      "Id": "Param114",
      "FadeInTime": -1.0,
      "FadeOutTime": -1.0,
      "Segments": [
        0,
        0,
        0,
        6.77,
        0
      ]
    },
    {
      "Target": "Parameter",
      "Id": "Param26",
      "FadeInTime": -1.0,
      "FadeOutTime": -1.0,
      "Segments": [
        0,
        0,
        0,
        6.77,
        0
      ]
    },
    {
      "Target": "Parameter",
      "Id": "Param21",
      "FadeInTime": -1.0,
      "FadeOutTime": -1.0,
      "Segments": [
        0,
        0,
        0,
        6.77,
        0
      ]
    },
    {
      "Target": "Parameter",
      "Id": "Param188",
      "FadeInTime": -1.0,
      "FadeOutTime": -1.0,
      "Segments": [
        0,
        0,
        0,
        6.77,
        0
      ]
    },
    {
      "Target": "Parameter",
      "Id": "Param182",
      "FadeInTime": -1.0,
      "FadeOutTime": -1.0,
      "Segments": [
        0,
        0,
        0,
        6.77,
        0
      ]
    },
    {
      "Target": "Parameter",
      "Id": "Param80",
      "FadeInTime": -1.0,
      "FadeOutTime": -1.0,
      "Segments": [
        0,
        0,
        0,
        6.77,
        0
      ]
    },
    {
      "Target": "Parameter",
      "Id": "Param153",
      "FadeInTime": -1.0,
      "FadeOutTime": -1.0,
      "Segments": [
        0,
        0,
        0,
        6.77,
        0
      ]
    },
    {
      "Target": "Parameter",
      "Id": "Param154",
      "FadeInTime": -1.0,
      "FadeOutTime": -1.0,
      "Segments": [
        0,
        0,
        0,
        6.77,
        0
      ]
    },
    {
      "Target": "Parameter",
      "Id": "Param155",
      "FadeInTime": -1.0,
      "FadeOutTime": -1.0,
      "Segments": [
        0,
        0,
        0,
        6.77,
        0
      ]
    },
    {
      "Target": "Parameter",
      "Id": "Param202",
      "FadeInTime": -1.0,
      "FadeOutTime": -1.0,
      "Segments": [
        0,
        0,
        0,
        6.77,
        0
      ]
    },
    {
      "Target": "Parameter",
      "Id": "Param156",
      "FadeInTime": -1.0,
      "FadeOutTime": -1.0,
      "Segments": [
        0,
        0,
        0,
        6.77,
        0
      ]
    },
    {
      "Target": "Parameter",
      "Id": "Param157",
      "FadeInTime": -1.0,
      "FadeOutTime": -1.0,
      "Segments": [
        0,
        0,
        0,
        6.77,
        0
      ]
    },
    {
      "Target": "Parameter",
      "Id": "Param158",
      "FadeInTime": -1.0,
      "FadeOutTime": -1.0,
      "Segments": [
        0,
        0,
        0,
        6.77,
        0
      ]
    },
    {
      "Target": "Parameter",
      "Id": "Param212",
      "FadeInTime": -1.0,
      "FadeOutTime": -1.0,
      "Segments": [
        0,
        0,
        0,
        6.77,
        0
      ]
    },
    {
      "Target": "Parameter",
      "Id": "Param159",
      "FadeInTime": -1.0,
      "FadeOutTime": -1.0,
      "Segments": [
        0,
        0,
        0,
        6.77,
        0
      ]
    },
    {
      "Target": "Parameter",
      "Id": "Param219",
      "FadeInTime": -1.0,
      "FadeOutTime": -1.0,
      "Segments": [
        0,
        0,
        0,
        6.77,
        0
      ]
    },
    {
      "Target": "Parameter",
      "Id": "Param160",
      "FadeInTime": -1.0,
      "FadeOutTime": -1.0,
      "Segments": [
        0,
        0,
        0,
        6.77,
        0
      ]
    },
    {
      "Target": "Parameter",
      "Id": "Param214",
      "FadeInTime": -1.0,
      "FadeOutTime": -1.0,
      "Segments": [
        0,
        0,
        0,
        6.77,
        0
      ]
    },
    {
      "Target": "Parameter",
      "Id": "Param217",
      "FadeInTime": -1.0,
      "FadeOutTime": -1.0,
      "Segments": [
        0,
        0,
        0,
        6.77,
        0
      ]
    },
    {
      "Target": "Parameter",
      "Id": "Param163",
      "FadeInTime": -1.0,
      "FadeOutTime": -1.0,
      "Segments": [
        0,
        0,
        0,
        6.77,
        0
      ]
    },
    {
      "Target": "Parameter",
      "Id": "Param164",
      "FadeInTime": -1.0,
      "FadeOutTime": -1.0,
      "Segments": [
        0,
        0,
        0,
        6.77,
        0
      ]
    },
    {
      "Target": "Parameter",
      "Id": "Param161",
      "FadeInTime": -1.0,
      "FadeOutTime": -1.0,
      "Segments": [
        0,
        0,
        0,
        6.77,
        0
      ]
    },
    {
      "Target": "Parameter",
      "Id": "Param162",
      "FadeInTime": -1.0,
      "FadeOutTime": -1.0,
      "Segments": [
        0,
        0,
        0,
        6.77,
        0
      ]
    },
    {
      "Target": "Parameter",
      "Id": "Param181",
      "FadeInTime": -1.0,
      "FadeOutTime": -1.0,
      "Segments": [
        0,
        0,
        0,
        6.77,
        0
      ]
    },
    {
      "Target": "Parameter",
      "Id": "Param165",
      "FadeInTime": -1.0,
      "FadeOutTime": -1.0,
      "Segments": [
        0,
        0,
        0,
        6.77,
        0
      ]
    },
    {
      "Target": "Parameter",
      "Id": "Param123",
      "FadeInTime": -1.0,
      "FadeOutTime": -1.0,
      "Segments": [
        0,
        0,
        0,
        6.77,
        0
      ]
    },
    {
      "Target": "Parameter",
      "Id": "Param124",
      "FadeInTime": -1.0,
      "FadeOutTime": -1.0,
      "Segments": [
        0,
        0,
        0,
        6.77,
        0
      ]
    },
    {
      "Target": "Parameter",
      "Id": "Param127",
      "FadeInTime": -1.0,
      "FadeOutTime": -1.0,
      "Segments": [
        0,
        0,
        0,
        6.77,
        0
      ]
    },
    {
      "Target": "Parameter",
      "Id": "Param146",
      "FadeInTime": -1.0,
      "FadeOutTime": -1.0,
      "Segments": [
        0,
        0,
        0,
        6.77,
        0
      ]
    },
    {
      "Target": "Parameter",
      "Id": "Param128",
      "FadeInTime": -1.0,
      "FadeOutTime": -1.0,
      "Segments": [
        0,
        0,
        0,
        6.77,
        0
      ]
    },
    {
      "Target": "Parameter",
      "Id": "Param129",
      "FadeInTime": -1.0,
      "FadeOutTime": -1.0,
      "Segments": [
        0,
        0,
        0,
        6.77,
        0
      ]
    },
    {
      "Target": "Parameter",
      "Id": "Param130",
      "FadeInTime": -1.0,
      "FadeOutTime": -1.0,
      "Segments": [
        0,
        0,
        0,
        6.77,
        0
      ]
    },
    {
      "Target": "Parameter",
      "Id": "Param131",
      "FadeInTime": -1.0,
      "FadeOutTime": -1.0,
      "Segments": [
        0,
        0,
        0,
        6.77,
        0
      ]
    },
    {
      "Target": "Parameter",
      "Id": "Param132",
      "FadeInTime": -1.0,
      "FadeOutTime": -1.0,
      "Segments": [
        0,
        0,
        0,
        6.77,
        0
      ]
    },
    {
      "Target": "Parameter",
      "Id": "Param133",
      "FadeInTime": -1.0,
      "FadeOutTime": -1.0,
      "Segments": [
        0,
        0,
        0,
        6.77,
        0
      ]
    },
    {
      "Target": "Parameter",
      "Id": "Param17",
      "FadeInTime": -1.0,
      "FadeOutTime": -1.0,
      "Segments": [
        0,
        0,
        0,
        6.77,
        0
      ]
    },
    {
      "Target": "Parameter",
      "Id": "Param201",
      "FadeInTime": -1.0,
      "FadeOutTime": -1.0,
      "Segments": [
        0,
        0,
        0,
        6.77,
        0
      ]
    },
    {
      "Target": "Parameter",
      "Id": "Param137",
      "FadeInTime": -1.0,
      "FadeOutTime": -1.0,
      "Segments": [
        0,
        0,
        0,
        6.77,
        0
      ]
    },
    {
      "Target": "Parameter",
      "Id": "Param203",
      "FadeInTime": -1.0,
      "FadeOutTime": -1.0,
      "Segments": [
        0,
        0,
        0,
        6.77,
        0
      ]
    },
    {
      "Target": "Parameter",
      "Id": "Param210",
      "FadeInTime": -1.0,
      "FadeOutTime": -1.0,
      "Segments": [
        0,
        0,
        0,
        6.77,
        0
      ]
    },
    {
      "Target": "Parameter",
      "Id": "Param204",
      "FadeInTime": -1.0,
      "FadeOutTime": -1.0,
      "Segments": [
        0,
        0,
        0,
        6.77,
        0
      ]
    },
    {
      "Target": "Parameter",
      "Id": "Param205",
      "FadeInTime": -1.0,
      "FadeOutTime": -1.0,
      "Segments": [
        0,
        0,
        0,
        6.77,
        0
      ]
    },
    {
      "Target": "Parameter",
      "Id": "Param206",
      "FadeInTime": -1.0,
      "FadeOutTime": -1.0,
      "Segments": [
        0,
        0,
        0,
        6.77,
        0
      ]
    },
    {
      "Target": "Parameter",
      "Id": "Param207",
      "FadeInTime": -1.0,
      "FadeOutTime": -1.0,
      "Segments": [
        0,
        0,
        0,
        6.77,
        0
      ]
    },
    {
      "Target": "Parameter",
      "Id": "Param208",
      "FadeInTime": -1.0,
      "FadeOutTime": -1.0,
      "Segments": [
        0,
        0,
        0,
        6.77,
        0
      ]
    },
    {
      "Target": "Parameter",
      "Id": "Param211",
      "FadeInTime": -1.0,
      "FadeOutTime": -1.0,
      "Segments": [
        0,
        0,
        0,
        6.77,
        0
      ]
    },
    {
      "Target": "Parameter",
      "Id": "Param209",
      "FadeInTime": -1.0,
      "FadeOutTime": -1.0,
      "Segments": [
        0,
        0,
        0,
        6.77,
        0
      ]
    },
    {
      "Target": "Parameter",
      "Id": "Param140",
      "FadeInTime": -1.0,
      "FadeOutTime": -1.0,
      "Segments": [
        0,
        0,
        0,
        6.77,
        0
      ]
    },
    {
      "Target": "Parameter",
      "Id": "Param147",
      "FadeInTime": -1.0,
      "FadeOutTime": -1.0,
      "Segments": [
        0,
        0,
        0,
        6.77,
        0
      ]
    },
    {
      "Target": "Parameter",
      "Id": "Param218",
      "FadeInTime": -1.0,
      "FadeOutTime": -1.0,
      "Segments": [
        0,
        0,
        0,
        6.77,
        0
      ]
    },
    {
      "Target": "Parameter",
      "Id": "Param195",
      "FadeInTime": -1.0,
      "FadeOutTime": -1.0,
      "Segments": [
        0,
        0,
        0,
        6.77,
        0
      ]
    },
    {
      "Target": "Parameter",
      "Id": "Param141",
      "FadeInTime": -1.0,
      "FadeOutTime": -1.0,
      "Segments": [
        0,
        0,
        0,
        6.77,
        0
      ]
    },
    {
      "Target": "Parameter",
      "Id": "Param220",
      "FadeInTime": -1.0,
      "FadeOutTime": -1.0,
      "Segments": [
        0,
        0,
        0,
        6.77,
        0
      ]
    },
    {
      "Target": "Parameter",
      "Id": "Param142",
      "FadeInTime": -1.0,
      "FadeOutTime": -1.0,
      "Segments": [
        0,
        0,
        0,
        6.77,
        0
      ]
    },
    {
      "Target": "Parameter",
      "Id": "Param215",
      "FadeInTime": -1.0,
      "FadeOutTime": -1.0,
      "Segments": [
        0,
        0,
        0,
        6.77,
        0
      ]
    },
    {
      "Target": "Parameter",
      "Id": "Param216",
      "FadeInTime": -1.0,
      "FadeOutTime": -1.0,
      "Segments": [
        0,
        0,
        0,
        6.77,
        0
      ]
    },
    {
      "Target": "Parameter",
      "Id": "Param143",
      "FadeInTime": -1.0,
      "FadeOutTime": -1.0,
      "Segments": [
        0,
        0,
        0,
        6.77,
        0
      ]
    },
    {
      "Target": "Parameter",
      "Id": "Param148",
      "FadeInTime": -1.0,
      "FadeOutTime": -1.0,
      "Segments": [
        0,
        0,
        0,
        6.77,
        0
      ]
    },
    {
      "Target": "Parameter",
      "Id": "Param149",
      "FadeInTime": -1.0,
      "FadeOutTime": -1.0,
      "Segments": [
        0,
        0,
        0,
        6.77,
        0
      ]
    },
    {
      "Target": "Parameter",
      "Id": "Param150",
      "FadeInTime": -1.0,
      "FadeOutTime": -1.0,
      "Segments": [
        0,
        0,
        0,
        6.77,
        0
      ]
    },
    {
      "Target": "Parameter",
      "Id": "Param151",
      "FadeInTime": -1.0,
      "FadeOutTime": -1.0,
      "Segments": [
        0,
        0,
        0,
        6.77,
        0
      ]
    },
    {
      "Target": "Parameter",
      "Id": "Param152",
      "FadeInTime": -1.0,
      "FadeOutTime": -1.0,
      "Segments": [
        0,
        0,
        0,
        6.77,
        0
      ]
    },
    {
      "Target": "Parameter",
      "Id": "Param35",
      "FadeInTime": -1.0,
      "FadeOutTime": -1.0,
      "Segments": [
        0,
        0,
        0,
        6.77,
        0
      ]
    },
    {
      "Target": "Parameter",
      "Id": "Param36",
      "FadeInTime": -1.0,
      "FadeOutTime": -1.0,
      "Segments": [
        0,
        0,
        0,
        6.77,
        0
      ]
    },
    {
      "Target": "Parameter",
      "Id": "Param37",
      "FadeInTime": -1.0,
      "FadeOutTime": -1.0,
      "Segments": [
        0,
        0,
        0,
        6.77,
        0
      ]
    },
    {
      "Target": "Parameter",
      "Id": "Param38",
      "FadeInTime": -1.0,
      "FadeOutTime": -1.0,
      "Segments": [
        0,
        0,
        0,
        6.77,
        0
      ]
    },
    {
      "Target": "Parameter",
      "Id": "Param39",
      "FadeInTime": -1.0,
      "FadeOutTime": -1.0,
      "Segments": [
        0,
        0,
        0,
        6.77,
        0
      ]
    },
    {
      "Target": "Parameter",
      "Id": "Param40",
      "FadeInTime": -1.0,
      "FadeOutTime": -1.0,
      "Segments": [
        0,
        0,
        0,
        6.77,
        0
      ]
    },
    {
      "Target": "Parameter",
      "Id": "Param85",
      "FadeInTime": -1.0,
      "FadeOutTime": -1.0,
      "Segments": [
        0,
        0,
        0,
        6.77,
        0
      ]
    },
    {
      "Target": "Parameter",
      "Id": "Param86",
      "FadeInTime": -1.0,
      "FadeOutTime": -1.0,
      "Segments": [
        0,
        0,
        0,
        6.77,
        0
      ]
    },
    {
      "Target": "Parameter",
      "Id": "Param52",
      "FadeInTime": -1.0,
      "FadeOutTime": -1.0,
      "Segments": [
        0,
        0,
        0,
        6.77,
        0
      ]
    },
    {
      "Target": "Parameter",
      "Id": "Param53",
      "FadeInTime": -1.0,
      "FadeOutTime": -1.0,
      "Segments": [
        0,
        0,
        0,
        6.77,
        0
      ]
    },
    {
      "Target": "Parameter",
      "Id": "Param54",
      "FadeInTime": -1.0,
      "FadeOutTime": -1.0,
      "Segments": [
        0,
        0,
        0,
        6.77,
        0
      ]
    },
    {
      "Target": "Parameter",
      "Id": "Param55",
      "FadeInTime": -1.0,
      "FadeOutTime": -1.0,
      "Segments": [
        0,
        0,
        0,
        6.77,
        0
      ]
    },
    {
      "Target": "Parameter",
      "Id": "Param81",
      "FadeInTime": -1.0,
      "FadeOutTime": -1.0,
      "Segments": [
        0,
        0,
        0,
        6.77,
        0
      ]
    },
    {
      "Target": "Parameter",
      "Id": "Param82",
      "FadeInTime": -1.0,
      "FadeOutTime": -1.0,
      "Segments": [
        0,
        0,
        0,
        6.77,
        0
      ]
    },
    {
      "Target": "Parameter",
      "Id": "Param48",
      "FadeInTime": -1.0,
      "FadeOutTime": -1.0,
      "Segments": [
        0,
        0,
        0,
        6.77,
        0
      ]
    },
    {
      "Target": "Parameter",
      "Id": "Param49",
      "FadeInTime": -1.0,
      "FadeOutTime": -1.0,
      "Segments": [
        0,
        0,
        0,
        6.77,
        0
      ]
    },
    {
      "Target": "Parameter",
      "Id": "Param50",
      "FadeInTime": -1.0,
      "FadeOutTime": -1.0,
      "Segments": [
        0,
        0,
        0,
        6.77,
        0
      ]
    },
    {
      "Target": "Parameter",
      "Id": "Param51",
      "FadeInTime": -1.0,
      "FadeOutTime": -1.0,
      "Segments": [
        0,
        0,
        0,
        6.77,
        0
      ]
    },
    {
      "Target": "Parameter",
      "Id": "Param56",
      "FadeInTime": -1.0,
      "FadeOutTime": -1.0,
      "Segments": [
        0,
        0,
        0,
        6.77,
        0
      ]
    },
    {
      "Target": "Parameter",
      "Id": "Param57",
      "FadeInTime": -1.0,
      "FadeOutTime": -1.0,
      "Segments": [
        0,
        0,
        0,
        6.77,
        0
      ]
    },
    {
      "Target": "Parameter",
      "Id": "Param73",
      "FadeInTime": -1.0,
      "FadeOutTime": -1.0,
      "Segments": [
        0,
        0,
        0,
        6.77,
        0
      ]
    },
    {
      "Target": "Parameter",
      "Id": "Param74",
      "FadeInTime": -1.0,
      "FadeOutTime": -1.0,
      "Segments": [
        0,
        0,
        0,
        6.77,
        0
      ]
    },
    {
      "Target": "Parameter",
      "Id": "Param70",
      "FadeInTime": -1.0,
      "FadeOutTime": -1.0,
      "Segments": [
        0,
        0,
        0,
        6.77,
        0
      ]
    },
    {
      "Target": "Parameter",
      "Id": "Param69",
      "FadeInTime": -1.0,
      "FadeOutTime": -1.0,
      "Segments": [
        0,
        0,
        0,
        6.77,
        0
      ]
    },
    {
      "Target": "Parameter",
      "Id": "Param_Angle_Rotation39",
      "FadeInTime": -1.0,
      "FadeOutTime": -1.0,
      "Segments": [
        0,
        -1.844,
        0,
        6.77,
        -1.844
      ]
    },
    {
      "Target": "Parameter",
      "Id": "Param_Angle_Rotation40",
      "FadeInTime": -1.0,
      "FadeOutTime": -1.0,
      "Segments": [
        0,
        2.941,
        0,
        6.77,
        2.941
      ]
    },
    {
      "Target": "Parameter",
      "Id": "Param43",
      "FadeInTime": -1.0,
      "FadeOutTime": -1.0,
      "Segments": [
        0,
        -2.34,
        0,
        6.77,
        -2.34
      ]
    },
    {
      "Target": "Parameter",
      "Id": "Param44",
      "FadeInTime": -1.0,
      "FadeOutTime": -1.0,
      "Segments": [
        0,
        0,
        0,
        6.77,
        0
      ]
    },
    {
      "Target": "Parameter",
      "Id": "Param_Angle_Rotation44",
      "FadeInTime": -1.0,
      "FadeOutTime": -1.0,
      "Segments": [
        0,
        0.94,
        0,
        6.77,
        0.94
      ]
    },
    {
      "Target": "Parameter",
      "Id": "Param58",
      "FadeInTime": -1.0,
      "FadeOutTime": -1.0,
      "Segments": [
        0,
        0.239,
        0,
        6.77,
        0.239
      ]
    },
    {
      "Target": "Parameter",
      "Id": "Param59",
      "FadeInTime": -1.0,
      "FadeOutTime": -1.0,
      "Segments": [
        0,
        -1.275,
        0,
        6.77,
        -1.275
      ]
    },
    {
      "Target": "Parameter",
      "Id": "Param60",
      "FadeInTime": -1.0,
      "FadeOutTime": -1.0,
      "Segments": [
        0,
        0.305,
        0,
        6.77,
        0.305
      ]
    },
    {
      "Target": "Parameter",
      "Id": "Param61",
      "FadeInTime": -1.0,
      "FadeOutTime": -1.0,
      "Segments": [
        0,
        -1.94,
        0,
        6.77,
        -1.94
      ]
    },
    {
      "Target": "Parameter",
      "Id": "Param62",
      "FadeInTime": -1.0,
      "FadeOutTime": -1.0,
      "Segments": [
        0,
        -0.012,
        0,
        6.77,
        -0.012
      ]
    },
    {
      "Target": "Parameter",
      "Id": "Param_Angle_Rotation73",
      "FadeInTime": -1.0,
      "FadeOutTime": -1.0,
      "Segments": [
        0,
        0.623,
        0,
        6.77,
        0.623
      ]
    },
    {
      "Target": "Parameter",
      "Id": "Param_Angle_Rotation74",
      "FadeInTime": -1.0,
      "FadeOutTime": -1.0,
      "Segments": [
        0,
        -1.662,
        0,
        6.77,
        -1.662
      ]
    },
    {
      "Target": "Parameter",
      "Id": "Param_Angle_Rotation75",
      "FadeInTime": -1.0,
      "FadeOutTime": -1.0,
      "Segments": [
        0,
        -2.892,
        0,
        6.77,
        -2.892
      ]
    },
    {
      "Target": "Parameter",
      "Id": "Param_Angle_Rotation76",
      "FadeInTime": -1.0,
      "FadeOutTime": -1.0,
      "Segments": [
        0,
        5.629,
        0,
        6.77,
        5.629
      ]
    },
    {
      "Target": "Parameter",
      "Id": "Param41",
      "FadeInTime": -1.0,
      "FadeOutTime": -1.0,
      "Segments": [
        0,
        -0.641,
        0,
        6.77,
        -0.641
      ]
    },
    {
      "Target": "Parameter",
      "Id": "Param42",
      "FadeInTime": -1.0,
      "FadeOutTime": -1.0,
      "Segments": [
        0,
        -1.073,
        0,
        6.77,
        -1.073
      ]
    },
    {
      "Target": "Parameter",
      "Id": "Param83",
      "FadeInTime": -1.0,
      "FadeOutTime": -1.0,
      "Segments": [
        0,
        4.022,
        0,
        6.77,
        4.022
      ]
    },
    {
      "Target": "Parameter",
      "Id": "Param84",
      "FadeInTime": -1.0,
      "FadeOutTime": -1.0,
      "Segments": [
        0,
        3.524,
        0,
        6.77,
        3.524
      ]
    },
    {
      "Target": "Parameter",
      "Id": "Param_Angle_Rotation67",
      "FadeInTime": -1.0,
      "FadeOutTime": -1.0,
      "Segments": [
        0,
        -1.639,
        0,
        6.77,
        -1.639
      ]
    },
    {
      "Target": "Parameter",
      "Id": "Param_Angle_Rotation68",
      "FadeInTime": -1.0,
      "FadeOutTime": -1.0,
      "Segments": [
        0,
        -3.356,
        0,
        6.77,
        -3.356
      ]
    },
    {
      "Target": "Parameter",
      "Id": "Param_Angle_Rotation69",
      "FadeInTime": -1.0,
      "FadeOutTime": -1.0,
      "Segments": [
        0,
        2.271,
        0,
        6.77,
        2.271
      ]
    },
    {
      "Target": "Parameter",
      "Id": "Param_Angle_Rotation70",
      "FadeInTime": -1.0,
      "FadeOutTime": -1.0,
      "Segments": [
        0,
        -5.912,
        0,
        6.77,
        -5.912
      ]
    },
    {
      "Target": "Parameter",
      "Id": "Param_Angle_Rotation71",
      "FadeInTime": -1.0,
      "FadeOutTime": -1.0,
      "Segments": [
        0,
        4.286,
        0,
        6.77,
        4.286
      ]
    },
    {
      "Target": "Parameter",
      "Id": "Param102",
      "FadeInTime": -1.0,
      "FadeOutTime": -1.0,
      "Segments": [
        0,
        0,
        0,
        6.77,
        0
      ]
    },
    {
      "Target": "Parameter",
      "Id": "Param103",
      "FadeInTime": -1.0,
      "FadeOutTime": -1.0,
      "Segments": [
        0,
        0,
        0,
        6.77,
        0
      ]
    },
    {
      "Target": "Parameter",
      "Id": "Param104",
      "FadeInTime": -1.0,
      "FadeOutTime": -1.0,
      "Segments": [
        0,
        0,
        0,
        6.77,
        0
      ]
    },
    {
      "Target": "Parameter",
      "Id": "Param105",
      "FadeInTime": -1.0,
      "FadeOutTime": -1.0,
      "Segments": [
        0,
        0,
        0,
        6.77,
        0
      ]
    },
    {
      "Target": "Parameter",
      "Id": "Param106",
      "FadeInTime": -1.0,
      "FadeOutTime": -1.0,
      "Segments": [
        0,
        0,
        0,
        6.77,
        0
      ]
    },
    {
      "Target": "Parameter",
      "Id": "Param107",
      "FadeInTime": -1.0,
      "FadeOutTime": -1.0,
      "Segments": [
        0,
        0,
        0,
        6.77,
        0
      ]
    },
    {
      "Target": "Parameter",
      "Id": "Param108",
      "FadeInTime": -1.0,
      "FadeOutTime": -1.0,
      "Segments": [
        0,
        0,
        0,
        6.77,
        0
      ]
    },
    {
      "Target": "Parameter",
      "Id": "Param1099",
      "FadeInTime": -1.0,
      "FadeOutTime": -1.0,
      "Segments": [
        0,
        0,
        0,
        6.77,
        0
      ]
    },
    {
      "Target": "Parameter",
      "Id": "Param1100",
      "FadeInTime": -1.0,
      "FadeOutTime": -1.0,
      "Segments": [
        0,
        0,
        0,
        6.77,
        0
      ]
    },
    {
      "Target": "Parameter",
      "Id": "Param1111",
      "FadeInTime": -1.0,
      "FadeOutTime": -1.0,
      "Segments": [
        0,
        0,
        0,
        6.77,
        0
      ]
    },
    {
      "Target": "Parameter",
      "Id": "Param65",
      "FadeInTime": -1.0,
      "FadeOutTime": -1.0,
      "Segments": [
        0,
        0,
        0,
        6.77,
        0
      ]
    },
    {
      "Target": "Parameter",
      "Id": "Param66",
      "FadeInTime": -1.0,
      "FadeOutTime": -1.0,
      "Segments": [
        0,
        0,
        0,
        6.77,
        0
      ]
    },
    {
      "Target": "Parameter",
      "Id": "Param34",
      "FadeInTime": -1.0,
      "FadeOutTime": -1.0,
      "Segments": [
        0,
        0,
        0,
        6.77,
        0
      ]
    },
    {
      "Target": "Parameter",
      "Id": "Param101",
      "FadeInTime": -1.0,
      "FadeOutTime": -1.0,
      "Segments": [
        0,
        0,
        0,
        6.77,
        0
      ]
    },
    {
      "Target": "Parameter",
      "Id": "Param75",
      "FadeInTime": -1.0,
      "FadeOutTime": -1.0,
      "Segments": [
        0,
        0,
        0,
        6.77,
        0
      ]
    },
    {
      "Target": "Parameter",
      "Id": "Param63",
      "FadeInTime": -1.0,
      "FadeOutTime": -1.0,
      "Segments": [
        0,
        0,
        0,
        6.77,
        0
      ]
    },
    {
      "Target": "Parameter",
      "Id": "Param64",
      "FadeInTime": -1.0,
      "FadeOutTime": -1.0,
      "Segments": [
        0,
        0,
        0,
        6.77,
        0
      ]
    },
    {
      "Target": "Parameter",
      "Id": "Param71",
      "FadeInTime": -1.0,
      "FadeOutTime": -1.0,
      "Segments": [
        0,
        0,
        0,
        6.77,
        0
      ]
    },
    {
      "Target": "Parameter",
      "Id": "Param67",
      "FadeInTime": -1.0,
      "FadeOutTime": -1.0,
      "Segments": [
        0,
        0,
        0,
        6.77,
        0
      ]
    },
    {
      "Target": "Parameter",
      "Id": "Param96",
      "FadeInTime": -1.0,
      "FadeOutTime": -1.0,
      "Segments": [
        0,
        0,
        0,
        6.77,
        0
      ]
    },
    {
      "Target": "Parameter",
      "Id": "Param68",
      "FadeInTime": -1.0,
      "FadeOutTime": -1.0,
      "Segments": [
        0,
        0,
        0,
        6.77,
        0
      ]
    },
    {
      "Target": "Parameter",
      "Id": "Param97",
      "FadeInTime": -1.0,
      "FadeOutTime": -1.0,
      "Segments": [
        0,
        0,
        0,
        6.77,
        0
      ]
    },
    {
      "Target": "Parameter",
      "Id": "Param99",
      "FadeInTime": -1.0,
      "FadeOutTime": -1.0,
      "Segments": [
        0,
        0,
        0,
        6.77,
        0
      ]
    },
    {
      "Target": "Parameter",
      "Id": "Param100",
      "FadeInTime": -1.0,
      "FadeOutTime": -1.0,
      "Segments": [
        0,
        0,
        0,
        6.77,
        0
      ]
    },
    {
      "Target": "Parameter",
      "Id": "Param98",
      "FadeInTime": -1.0,
      "FadeOutTime": -1.0,
      "Segments": [
        0,
        0,
        0,
        6.77,
        0
      ]
    },
    {
      "Target": "Parameter",
      "Id": "Param72",
      "FadeInTime": -1.0,
      "FadeOutTime": -1.0,
      "Segments": [
        0,
        0,
        0,
        6.77,
        0
      ]
    }
  ],
  "UserData": [
    {
      "Time": 0.0,
      "Value": ""
    },
    {
      "Time": 0.5,
      "Value": ""
    },
    {
      "Time": 6.27,
      "Value": ""
    }
  ]
}