{
  "Version": 3,
  "Meta": {
    "Duration": 7.667,
    "Fps": 60.0,
    "Loop": true,
    "AreBeziersRestricted": true,
    "FadeInTime": 0.0,
    "FadeOutTime": 0.0,
    "CurveCount": 19,
    "TotalSegmentCount": 70,
    "TotalPointCount": 90,
    "UserDataCount": 1,
    "TotalUserDataSize": 0
  },
  "Curves": [
    {
      "Target": "Parameter",
      "Id": "SunRotate",
      "FadeInTime": -1.0,
      "FadeOutTime": -1.0,
      "Segments": [
        0,
        0,
        0,
        3.55,
        3,
        0,
        7.667,
        0
      ]
    },
    {
      "Target": "Parameter",
      "Id": "HaloRotate",
      "FadeInTime": -1.0,
      "FadeOutTime": -1.0,
      "Segments": [
        0,
        0,
        0,
        3.917,
        3,
        0,
        7.667,
        0
      ]
    },
    {
      "Target": "Parameter",
      "Id": "HaloZoom",
      "FadeInTime": -1.0,
      "FadeOutTime": -1.0,
      "Segments": [
        0,
        0,
        0,
        3.617,
        0.5,
        0,
        7.667,
        0
      ]
    },
    {
      "Target": "Parameter",
      "Id": "Light2Rotate",
      "FadeInTime": -1.0,
      "FadeOutTime": -1.0,
      "Segments": [
        0,
        0,
        1,
        0.944,
        1.434,
        1.889,
        2.882,
        2.833,
        4,
        2,
        2.85,
        -3,
        1,
        3.317,
        -5.023,
        3.783,
        -6,
        4.25,
        -6,
        1,
        5.389,
        -4,
        6.528,
        -2,
        7.667,
        0
      ]
    },
    {
      "Target": "Parameter",
      "Id": "Light2Zoom",
      "FadeInTime": -1.0,
      "FadeOutTime": -1.0,
      "Segments": [
        0,
        0,
        0,
        2.833,
        0.2,
        0,
        2.85,
        0,
        2,
        7.667,
        0
      ]
    },
    {
      "Target": "Parameter",
      "Id": "Light2Close",
      "FadeInTime": -1.0,
      "FadeOutTime": -1.0,
      "Segments": [
        0,
        0,
        2,
        1.4,
        0,
        0,
        2.833,
        1,
        2,
        4.25,
        1,
        0,
        5.933,
        0,
        2,
        7.667,
        0
      ]
    },
    {
      "Target": "Parameter",
      "Id": "Light1Rotate",
      "FadeInTime": -1.0,
      "FadeOutTime": -1.0,
      "Segments": [
        0,
        0,
        0,
        3.717,
        2,
        0,
        7.667,
        0
      ]
    },
    {
      "Target": "Parameter",
      "Id": "TreeFMove1",
      "FadeInTime": -1.0,
      "FadeOutTime": -1.0,
      "Segments": [
        0,
        -0.5,
        0,
        3.05,
        0.5,
        0,
        7.667,
        -0.5
      ]
    },
    {
      "Target": "Parameter",
      "Id": "NetMove",
      "FadeInTime": -1.0,
      "FadeOutTime": -1.0,
      "Segments": [
        0,
        0,
        0,
        2.217,
        0.5,
        0,
        4.5,
        0,
        0,
        6.267,
        0.4,
        0,
        7.667,
        0
      ]
    },
    {
      "Target": "Parameter",
      "Id": "TreeBMove2",
      "FadeInTime": -1.0,
      "FadeOutTime": -1.0,
      "Segments": [
        0,
        0.2,
        0,
        1.783,
        -0.5,
        0,
        4.95,
        0.5,
        0,
        7.667,
        0.2
      ]
    },
    {
      "Target": "Parameter",
      "Id": "TreeBMove1",
      "FadeInTime": -1.0,
      "FadeOutTime": -1.0,
      "Segments": [
        0,
        -0.5,
        0,
        3.05,
        0.5,
        0,
        7.667,
        -0.5
      ]
    },
    {
      "Target": "Parameter",
      "Id": "TreeFMove2",
      "FadeInTime": -1.0,
      "FadeOutTime": -1.0,
      "Segments": [
        0,
        0.2,
        0,
        1.783,
        -0.5,
        0,
        4.95,
        0.5,
        0,
        7.667,
        0.2
      ]
    },
    {
      "Target": "Parameter",
      "Id": "UnLockWaterWaveMove",
      "FadeInTime": -1.0,
      "FadeOutTime": -1.0,
      "Segments": [
        0,
        0,
        0,
        7.65,
        1,
        0,
        7.667,
        0
      ]
    },
    {
      "Target": "Parameter",
      "Id": "UnLockWaterWaveShow",
      "FadeInTime": -1.0,
      "FadeOutTime": -1.0,
      "Segments": [
        0,
        0,
        0,
        4,
        1,
        0,
        7.65,
        0,
        2,
        7.667,
        0
      ]
    },
    {
      "Target": "Parameter",
      "Id": "LockWaterWaveClose",
      "FadeInTime": -1.0,
      "FadeOutTime": -1.0,
      "Segments": [
        0,
        0,
        2,
        1.7,
        0,
        0,
        3.15,
        1,
        2,
        5.667,
        1,
        0,
        7.667,
        0
      ]
    },
    {
      "Target": "Parameter",
      "Id": "LockedWaterWaveY",
      "FadeInTime": -1.0,
      "FadeOutTime": -1.0,
      "Segments": [
        0,
        0,
        0,
        1.517,
        0.4,
        0,
        3.15,
        -0.4,
        1,
        3.156,
        -0.4,
        3.161,
        -0.004,
        3.167,
        0,
        1,
        4,
        0.671,
        4.834,
        1,
        5.667,
        1,
        0,
        7.667,
        0
      ]
    },
    {
      "Target": "Parameter",
      "Id": "LockedWaterWaveX",
      "FadeInTime": -1.0,
      "FadeOutTime": -1.0,
      "Segments": [
        0,
        0,
        1,
        1.05,
        -0.467,
        2.1,
        -1,
        3.15,
        -1,
        1,
        3.156,
        -1,
        3.161,
        -0.004,
        3.167,
        0,
        1,
        4,
        0.671,
        4.834,
        1,
        5.667,
        1,
        1,
        6.334,
        1,
        7,
        0.467,
        7.667,
        0
      ]
    },
    {
      "Target": "Parameter",
      "Id": "FootWaterY",
      "FadeInTime": -1.0,
      "FadeOutTime": -1.0,
      "Segments": [
        0,
        1,
        0,
        0.95,
        -1,
        0,
        1.917,
        1,
        0,
        2.867,
        -1,
        0,
        3.833,
        1,
        0,
        4.783,
        -1,
        0,
        5.75,
        1,
        0,
        6.7,
        -1,
        0,
        7.667,
        1
      ]
    },
    {
      "Target": "Parameter",
      "Id": "FootWaterX",
      "FadeInTime": -1.0,
      "FadeOutTime": -1.0,
      "Segments": [
        0,
        0,
        1,
        0.156,
        -0.475,
        0.311,
        -1,
        0.467,
        -1,
        0,
        1.417,
        1,
        0,
        2.383,
        -1,
        0,
        3.333,
        1,
        0,
        4.3,
        -1,
        0,
        5.25,
        1,
        0,
        6.217,
        -1,
        0,
        7.167,
        1,
        0,
        7.667,
        0
      ]
    }
  ],
  "UserData": [
    {
      "Time": 0.0,
      "Value": ""
    }
  ]
}