{
  "Version": 3,
  "Parameters": [
    {
      "Id": "MB_Awutidaxiao",
      "GroupId": "",
      "Name": "A物体大小"
    },
    {
      "Id": "MB_Awutifanzhuan",
      "GroupId": "",
      "Name": "A物体翻转"
    },
    {
      "Id": "MB_Awutijiaodu",
      "GroupId": "",
      "Name": "A物体角度"
    },
    {
      "Id": "MB_Bwutidaxiao",
      "GroupId": "",
      "Name": "B物体大小"
    },
    {
      "Id": "MB_Bwutifanzhuan",
      "GroupId": "",
      "Name": "B物体翻转"
    },
    {
      "Id": "MB_Bwutijiaodu",
      "GroupId": "",
      "Name": "B物体角度"
    },
    {
      "Id": "MB_Cwutidaxiao",
      "GroupId": "",
      "Name": "C物体大小"
    },
    {
      "Id": "MB_Cwutifanzhuan",
      "GroupId": "",
      "Name": "C物体翻转"
    },
    {
      "Id": "MB_Cwutijiaodu",
      "GroupId": "",
      "Name": "C物体角度"
    },
    {
      "Id": "MB_wutixialuojiaodu",
      "GroupId": "",
      "Name": "物体下落角度"
    },
    {
      "Id": "MB_wutixialuoxunhuan",
      "GroupId": "",
      "Name": "物体下落循环"
    },
    {
      "Id": "MB_xingfengTMD",
      "GroupId": "",
      "Name": "信封透明度"
    },
    {
      "Id": "MB_xingfengyaobai",
      "GroupId": "",
      "Name": "信封摇摆"
    },
    {
      "Id": "MB_xingfengyaobai2",
      "GroupId": "",
      "Name": "信封z"
    },
    {
      "Id": "Param",
      "GroupId": "",
      "Name": "初始位置变动"
    },
    {
      "Id": "Param10",
      "GroupId": "",
      "Name": "纱布 5"
    },
    {
      "Id": "Param100",
      "GroupId": "",
      "Name": "左手YYTMD"
    },
    {
      "Id": "Param101",
      "GroupId": "",
      "Name": "左下臂YY"
    },
    {
      "Id": "Param102",
      "GroupId": "",
      "Name": "左上臂YY"
    },
    {
      "Id": "Param103",
      "GroupId": "",
      "Name": "右拇指A1"
    },
    {
      "Id": "Param104",
      "GroupId": "",
      "Name": "兔图层补正"
    },
    {
      "Id": "Param105",
      "GroupId": "",
      "Name": "======="
    },
    {
      "Id": "Param106",
      "GroupId": "",
      "Name": "框位置-待机0"
    },
    {
      "Id": "Param107",
      "GroupId": "",
      "Name": "框位置-待机1"
    },
    {
      "Id": "Param108",
      "GroupId": "",
      "Name": "框位置-待机2"
    },
    {
      "Id": "Param109",
      "GroupId": "",
      "Name": "框位置-待机3"
    },
    {
      "Id": "Param11",
      "GroupId": "",
      "Name": "纱布 6"
    },
    {
      "Id": "Param110",
      "GroupId": "",
      "Name": "框位置-待机4"
    },
    {
      "Id": "Param111",
      "GroupId": "",
      "Name": "框位置-待机5"
    },
    {
      "Id": "Param112",
      "GroupId": "",
      "Name": "框位置-待机6"
    },
    {
      "Id": "Param113",
      "GroupId": "",
      "Name": "框位置-待机7"
    },
    {
      "Id": "Param114",
      "GroupId": "",
      "Name": "框位置-待机8"
    },
    {
      "Id": "Param115",
      "GroupId": "",
      "Name": "框位置-待机10"
    },
    {
      "Id": "Param116",
      "GroupId": "",
      "Name": "框位置-待机9"
    },
    {
      "Id": "Param117",
      "GroupId": "",
      "Name": "======="
    },
    {
      "Id": "Param118",
      "GroupId": "",
      "Name": "大犬座闪烁1"
    },
    {
      "Id": "Param119",
      "GroupId": "",
      "Name": "大犬座闪烁2"
    },
    {
      "Id": "Param12",
      "GroupId": "",
      "Name": "星光点点 1"
    },
    {
      "Id": "Param120",
      "GroupId": "",
      "Name": "大犬座闪烁3"
    },
    {
      "Id": "Param121",
      "GroupId": "",
      "Name": "背景切换"
    },
    {
      "Id": "Param122",
      "GroupId": "",
      "Name": "闪光TMD"
    },
    {
      "Id": "Param123",
      "GroupId": "",
      "Name": "闪光S"
    },
    {
      "Id": "Param124",
      "GroupId": "",
      "Name": "模糊切换"
    },
    {
      "Id": "Param125",
      "GroupId": "",
      "Name": "钢圈-待机10"
    },
    {
      "Id": "Param126",
      "GroupId": "",
      "Name": "身体-左侧补正2"
    },
    {
      "Id": "Param127",
      "GroupId": "",
      "Name": "钢圈-待机6----邮件"
    },
    {
      "Id": "Param128",
      "GroupId": "",
      "Name": "星星闪光"
    },
    {
      "Id": "Param129",
      "GroupId": "",
      "Name": "花瓣转场-大"
    },
    {
      "Id": "Param13",
      "GroupId": "",
      "Name": "星光点点 2"
    },
    {
      "Id": "Param130",
      "GroupId": "",
      "Name": "花瓣转场-反转"
    },
    {
      "Id": "Param131",
      "GroupId": "",
      "Name": "花瓣转场-大"
    },
    {
      "Id": "Param132",
      "GroupId": "",
      "Name": "花瓣转场-大"
    },
    {
      "Id": "Param133",
      "GroupId": "",
      "Name": "花瓣转场-大"
    },
    {
      "Id": "Param134",
      "GroupId": "",
      "Name": "花瓣转场-大"
    },
    {
      "Id": "Param135",
      "GroupId": "",
      "Name": "花瓣转场-大"
    },
    {
      "Id": "Param136",
      "GroupId": "",
      "Name": "花瓣转场TMD"
    },
    {
      "Id": "Param14",
      "GroupId": "",
      "Name": "闪光1-移动"
    },
    {
      "Id": "Param15",
      "GroupId": "",
      "Name": "闪光1-闪烁"
    },
    {
      "Id": "Param151",
      "GroupId": "",
      "Name": "爱心"
    },
    {
      "Id": "Param152",
      "GroupId": "",
      "Name": "爱心TMD"
    },
    {
      "Id": "Param153",
      "GroupId": "",
      "Name": "爱心发光"
    },
    {
      "Id": "Param16",
      "GroupId": "",
      "Name": "射灯"
    },
    {
      "Id": "Param17",
      "GroupId": "",
      "Name": "闪光2-闪烁"
    },
    {
      "Id": "Param18",
      "GroupId": "",
      "Name": "闪光2-移动"
    },
    {
      "Id": "Param19",
      "GroupId": "",
      "Name": "圆顶灯模糊"
    },
    {
      "Id": "Param2",
      "GroupId": "",
      "Name": "角色位置变动"
    },
    {
      "Id": "Param20",
      "GroupId": "",
      "Name": "左下臂-宽度补正"
    },
    {
      "Id": "Param21",
      "GroupId": "",
      "Name": "黄鸡6-挣扎"
    },
    {
      "Id": "Param22",
      "GroupId": "",
      "Name": "左腿-缩-切换"
    },
    {
      "Id": "Param23",
      "GroupId": "",
      "Name": "左腿-翘-切换"
    },
    {
      "Id": "Param24",
      "GroupId": "",
      "Name": "左腿-伸-切换"
    },
    {
      "Id": "Param25",
      "GroupId": "",
      "Name": "右腿-缩-切换"
    },
    {
      "Id": "Param26",
      "GroupId": "",
      "Name": "右腿-伸-切换"
    },
    {
      "Id": "Param27",
      "GroupId": "",
      "Name": "右腿-翘-切换"
    },
    {
      "Id": "Param28",
      "GroupId": "",
      "Name": "兔耳-物理开关"
    },
    {
      "Id": "Param29",
      "GroupId": "",
      "Name": "兔耳物理 1"
    },
    {
      "Id": "Param3",
      "GroupId": "",
      "Name": "头发角度切换"
    },
    {
      "Id": "Param30",
      "GroupId": "",
      "Name": "兔耳物理 2"
    },
    {
      "Id": "Param31",
      "GroupId": "",
      "Name": "兔耳拉动"
    },
    {
      "Id": "Param32",
      "GroupId": "",
      "Name": "头发角度切换"
    },
    {
      "Id": "Param33",
      "GroupId": "",
      "Name": "吊环角度"
    },
    {
      "Id": "Param34",
      "GroupId": "",
      "Name": "钢圈层级2"
    },
    {
      "Id": "Param35",
      "GroupId": "",
      "Name": "右手动画"
    },
    {
      "Id": "Param36",
      "GroupId": "",
      "Name": "右手变化"
    },
    {
      "Id": "Param37",
      "GroupId": "",
      "Name": "======"
    },
    {
      "Id": "Param38",
      "GroupId": "",
      "Name": "爱心A飞出"
    },
    {
      "Id": "Param39",
      "GroupId": "",
      "Name": "胸前萝卜-身体触摸上下"
    },
    {
      "Id": "Param4",
      "GroupId": "",
      "Name": "======="
    },
    {
      "Id": "Param40",
      "GroupId": "",
      "Name": "右手5TMD"
    },
    {
      "Id": "Param41",
      "GroupId": "",
      "Name": "右手4TMD"
    },
    {
      "Id": "Param42",
      "GroupId": "",
      "Name": "左上臂"
    },
    {
      "Id": "Param43",
      "GroupId": "",
      "Name": "左下臂"
    },
    {
      "Id": "Param44",
      "GroupId": "",
      "Name": "左手"
    },
    {
      "Id": "Param45",
      "GroupId": "",
      "Name": "左上臂-伸缩"
    },
    {
      "Id": "Param46",
      "GroupId": "",
      "Name": "左下臂-伸缩"
    },
    {
      "Id": "Param47",
      "GroupId": "",
      "Name": "左手动画"
    },
    {
      "Id": "Param48",
      "GroupId": "",
      "Name": "左手变化"
    },
    {
      "Id": "Param49",
      "GroupId": "",
      "Name": "======"
    },
    {
      "Id": "Param5",
      "GroupId": "",
      "Name": "头发Z轴补正"
    },
    {
      "Id": "Param50",
      "GroupId": "",
      "Name": "A1左手"
    },
    {
      "Id": "Param51",
      "GroupId": "",
      "Name": "A2左手"
    },
    {
      "Id": "Param52",
      "GroupId": "",
      "Name": "A3左手"
    },
    {
      "Id": "Param53",
      "GroupId": "",
      "Name": "A1右手"
    },
    {
      "Id": "Param54",
      "GroupId": "",
      "Name": "左手3"
    },
    {
      "Id": "Param55",
      "GroupId": "",
      "Name": "左手4"
    },
    {
      "Id": "Param56",
      "GroupId": "",
      "Name": "左手5"
    },
    {
      "Id": "Param57",
      "GroupId": "",
      "Name": "======"
    },
    {
      "Id": "Param58",
      "GroupId": "",
      "Name": "左手6"
    },
    {
      "Id": "Param59",
      "GroupId": "",
      "Name": "========="
    },
    {
      "Id": "Param6",
      "GroupId": "",
      "Name": "纱布 1"
    },
    {
      "Id": "Param60",
      "GroupId": "",
      "Name": "A2右手"
    },
    {
      "Id": "Param61",
      "GroupId": "",
      "Name": "A3右手"
    },
    {
      "Id": "Param62",
      "GroupId": "",
      "Name": "==="
    },
    {
      "Id": "Param63",
      "GroupId": "",
      "Name": "==="
    },
    {
      "Id": "Param64",
      "GroupId": "",
      "Name": "胸前萝卜-胶水接触"
    },
    {
      "Id": "Param65",
      "GroupId": "",
      "Name": "右手-图层"
    },
    {
      "Id": "Param66",
      "GroupId": "",
      "Name": "左手-图层"
    },
    {
      "Id": "Param67",
      "GroupId": "",
      "Name": "左臂-图层"
    },
    {
      "Id": "Param68",
      "GroupId": "",
      "Name": "左下臂-切换"
    },
    {
      "Id": "Param69",
      "GroupId": "",
      "Name": "左上臂-切换"
    },
    {
      "Id": "Param7",
      "GroupId": "",
      "Name": "纱布 2"
    },
    {
      "Id": "Param70",
      "GroupId": "",
      "Name": "右下臂-切换"
    },
    {
      "Id": "Param71",
      "GroupId": "",
      "Name": "右臂-图层"
    },
    {
      "Id": "Param72",
      "GroupId": "",
      "Name": "======="
    },
    {
      "Id": "Param73",
      "GroupId": "",
      "Name": "钢圈-人物躺"
    },
    {
      "Id": "Param74",
      "GroupId": "",
      "Name": "钢圈YY移动"
    },
    {
      "Id": "Param75",
      "GroupId": "",
      "Name": "右手4手指图层补正"
    },
    {
      "Id": "Param76",
      "GroupId": "",
      "Name": "钢圈YY压缩"
    },
    {
      "Id": "Param77",
      "GroupId": "",
      "Name": "钢圈YY-TMD"
    },
    {
      "Id": "Param78",
      "GroupId": "",
      "Name": "登录帘子"
    },
    {
      "Id": "Param79",
      "GroupId": "",
      "Name": "身体丝带-额外待机补正"
    },
    {
      "Id": "Param8",
      "GroupId": "",
      "Name": "纱布 3"
    },
    {
      "Id": "Param80",
      "GroupId": "",
      "Name": "右脚丝带TMD"
    },
    {
      "Id": "Param81",
      "GroupId": "",
      "Name": "双手丝带TMD"
    },
    {
      "Id": "Param82",
      "GroupId": "",
      "Name": "双手丝带X"
    },
    {
      "Id": "Param83",
      "GroupId": "",
      "Name": "双手丝带Y"
    },
    {
      "Id": "Param84",
      "GroupId": "",
      "Name": "身体丝带TMD"
    },
    {
      "Id": "Param85",
      "GroupId": "",
      "Name": "身体丝带拉伸"
    },
    {
      "Id": "Param86",
      "GroupId": "",
      "Name": "泪眼"
    },
    {
      "Id": "Param87",
      "GroupId": "",
      "Name": "泪眼TMD"
    },
    {
      "Id": "Param88",
      "GroupId": "",
      "Name": "丝带 1"
    },
    {
      "Id": "Param89",
      "GroupId": "",
      "Name": "丝带 2"
    },
    {
      "Id": "Param9",
      "GroupId": "",
      "Name": "纱布 4"
    },
    {
      "Id": "Param90",
      "GroupId": "",
      "Name": "丝带 3"
    },
    {
      "Id": "Param91",
      "GroupId": "",
      "Name": "右手X补"
    },
    {
      "Id": "Param92",
      "GroupId": "",
      "Name": "右手Y补"
    },
    {
      "Id": "Param93",
      "GroupId": "",
      "Name": "钢圈-人物坐"
    },
    {
      "Id": "Param94",
      "GroupId": "",
      "Name": "身体-左侧补正"
    },
    {
      "Id": "Param95",
      "GroupId": "",
      "Name": "钢圈-人物翻转"
    },
    {
      "Id": "Param96",
      "GroupId": "",
      "Name": "钢圈-人物翻转2"
    },
    {
      "Id": "Param97",
      "GroupId": "",
      "Name": "注意"
    },
    {
      "Id": "Param98",
      "GroupId": "",
      "Name": "======="
    },
    {
      "Id": "Param99",
      "GroupId": "",
      "Name": "腿辉光TMD"
    },
    {
      "Id": "ParamA1zuoshoudonghua",
      "GroupId": "",
      "Name": "左手动画A"
    },
    {
      "Id": "ParamA1zuoshoudonghua2",
      "GroupId": "",
      "Name": "右手动画A"
    },
    {
      "Id": "ParamA1zuoshoutuozhanxingbian",
      "GroupId": "",
      "Name": "拓展形变A"
    },
    {
      "Id": "ParamA1zuoshoutuozhanxingbian2",
      "GroupId": "",
      "Name": "拓展形变A"
    },
    {
      "Id": "ParamA1zuoshouxingbian",
      "GroupId": "",
      "Name": "左手形变A"
    },
    {
      "Id": "ParamA1zuoshouxingbian2",
      "GroupId": "",
      "Name": "右手形变A"
    },
    {
      "Id": "ParamALLS",
      "GroupId": "",
      "Name": "ALL S"
    },
    {
      "Id": "ParamALLX",
      "GroupId": "",
      "Name": "ALL X"
    },
    {
      "Id": "ParamALLY",
      "GroupId": "",
      "Name": "ALL Y"
    },
    {
      "Id": "ParamALLZ",
      "GroupId": "",
      "Name": "ALL Z"
    },
    {
      "Id": "ParamAngleX",
      "GroupId": "",
      "Name": "角度 X"
    },
    {
      "Id": "ParamAngleY",
      "GroupId": "",
      "Name": "角度 Y"
    },
    {
      "Id": "ParamAngleZ",
      "GroupId": "",
      "Name": "角度 Z"
    },
    {
      "Id": "ParamAngleZ2",
      "GroupId": "",
      "Name": "角度Z2"
    },
    {
      "Id": "ParamBaise",
      "GroupId": "",
      "Name": "白色层 TMD"
    },
    {
      "Id": "ParamBeijing",
      "GroupId": "",
      "Name": "背景TMD"
    },
    {
      "Id": "ParamBeijingS",
      "GroupId": "",
      "Name": "背景 S"
    },
    {
      "Id": "ParamBeijingX",
      "GroupId": "",
      "Name": "背景 X"
    },
    {
      "Id": "ParamBeijingY",
      "GroupId": "",
      "Name": "背景 Y"
    },
    {
      "Id": "ParamBeijingZ",
      "GroupId": "",
      "Name": "背景 Z"
    },
    {
      "Id": "ParamBodyAngleUD",
      "GroupId": "",
      "Name": "身体伸缩"
    },
    {
      "Id": "ParamBodyAngleX",
      "GroupId": "",
      "Name": "上身　X"
    },
    {
      "Id": "ParamBodyAngleX2",
      "GroupId": "",
      "Name": "下身　X"
    },
    {
      "Id": "ParamBodyAngleY",
      "GroupId": "",
      "Name": "身体旋转　Y"
    },
    {
      "Id": "ParamBodyAngleZ",
      "GroupId": "",
      "Name": "身体旋转  Z1"
    },
    {
      "Id": "ParamBodyAngleZ2",
      "GroupId": "",
      "Name": "身体旋转  Z2"
    },
    {
      "Id": "ParamBodyAngleZ3",
      "GroupId": "",
      "Name": "下身Z"
    },
    {
      "Id": "ParamBreath",
      "GroupId": "",
      "Name": "呼吸"
    },
    {
      "Id": "ParamBrowLForm",
      "GroupId": "",
      "Name": "左眉　変形"
    },
    {
      "Id": "ParamBrowLY",
      "GroupId": "",
      "Name": "左眉   上下"
    },
    {
      "Id": "ParamBrowRForm",
      "GroupId": "",
      "Name": "右眉　変形"
    },
    {
      "Id": "ParamBrowRY",
      "GroupId": "",
      "Name": "右眉　上下"
    },
    {
      "Id": "ParamCheek",
      "GroupId": "",
      "Name": "脸颊泛红"
    },
    {
      "Id": "ParamDaTuiL",
      "GroupId": "",
      "Name": "左大腿"
    },
    {
      "Id": "ParamDaTuiLUD",
      "GroupId": "",
      "Name": "左大腿-伸缩"
    },
    {
      "Id": "ParamDaTuiLUD2",
      "GroupId": "",
      "Name": "左小腿-图层"
    },
    {
      "Id": "ParamDaTuiLUD3",
      "GroupId": "",
      "Name": "右小腿-图层"
    },
    {
      "Id": "ParamDaTuiR",
      "GroupId": "",
      "Name": "右大腿"
    },
    {
      "Id": "ParamDaTuiRUD",
      "GroupId": "",
      "Name": "右大腿-伸缩"
    },
    {
      "Id": "ParamEyeBallX",
      "GroupId": "",
      "Name": "眼珠 X"
    },
    {
      "Id": "ParamEyeBallY",
      "GroupId": "",
      "Name": "眼珠 Y"
    },
    {
      "Id": "ParamEyeGaoguang",
      "GroupId": "",
      "Name": "高光抖动"
    },
    {
      "Id": "ParamEyeLOpen",
      "GroupId": "",
      "Name": "左眼　开闭"
    },
    {
      "Id": "ParamEyeLSmile",
      "GroupId": "",
      "Name": "左眼　微笑"
    },
    {
      "Id": "ParamEyeROpen",
      "GroupId": "",
      "Name": "右眼    开闭"
    },
    {
      "Id": "ParamEyeRSmile",
      "GroupId": "",
      "Name": "右眼　微笑"
    },
    {
      "Id": "ParamHeikuang",
      "GroupId": "",
      "Name": "黑框TMD"
    },
    {
      "Id": "ParamHeise",
      "GroupId": "",
      "Name": "黑色层 TMD"
    },
    {
      "Id": "ParamJianbangL",
      "GroupId": "",
      "Name": "肩膀"
    },
    {
      "Id": "ParamJiaoL",
      "GroupId": "",
      "Name": "左脚"
    },
    {
      "Id": "ParamJiaoL2",
      "GroupId": "",
      "Name": "左脚A"
    },
    {
      "Id": "ParamJiaoR",
      "GroupId": "",
      "Name": "右脚"
    },
    {
      "Id": "ParamJiaoR2",
      "GroupId": "",
      "Name": "右脚A"
    },
    {
      "Id": "ParamMouthForm",
      "GroupId": "",
      "Name": "嘴　变形"
    },
    {
      "Id": "ParamMouthOpenY",
      "GroupId": "",
      "Name": "嘴　张开和闭合"
    },
    {
      "Id": "ParamMouthS",
      "GroupId": "",
      "Name": "口 S"
    },
    {
      "Id": "ParamOPLX1",
      "GroupId": "",
      "Name": "胸 Y3"
    },
    {
      "Id": "ParamOPRX1",
      "GroupId": "",
      "Name": "胸 X1"
    },
    {
      "Id": "ParamOPRY1",
      "GroupId": "",
      "Name": "胸 Y1"
    },
    {
      "Id": "ParamOPRY2",
      "GroupId": "",
      "Name": "胸 Y2"
    },
    {
      "Id": "ParamQianFa1_1",
      "GroupId": "",
      "Name": "前发1 1"
    },
    {
      "Id": "ParamQianFa1_2",
      "GroupId": "",
      "Name": "前发1 2"
    },
    {
      "Id": "ParamQianFa1_3",
      "GroupId": "",
      "Name": "前发1 3"
    },
    {
      "Id": "ParamQianFa1_4",
      "GroupId": "",
      "Name": "前发1 4"
    },
    {
      "Id": "ParamQianFa2_1",
      "GroupId": "",
      "Name": "前发2 1"
    },
    {
      "Id": "ParamQianFa2_2",
      "GroupId": "",
      "Name": "前发2 2"
    },
    {
      "Id": "ParamQianFa2_3",
      "GroupId": "",
      "Name": "前发2 3"
    },
    {
      "Id": "ParamQianFa2_4",
      "GroupId": "",
      "Name": "前发2 4"
    },
    {
      "Id": "ParamQianFa3_1",
      "GroupId": "",
      "Name": "前发3 1"
    },
    {
      "Id": "ParamQianFa3_2",
      "GroupId": "",
      "Name": "前发3 2"
    },
    {
      "Id": "ParamQianFa3_3",
      "GroupId": "",
      "Name": "前发3 3"
    },
    {
      "Id": "ParamQianFa3_4",
      "GroupId": "",
      "Name": "前发3 4"
    },
    {
      "Id": "ParamRenwu",
      "GroupId": "",
      "Name": "人物TMD"
    },
    {
      "Id": "ParamRenwuS",
      "GroupId": "",
      "Name": "人物 S"
    },
    {
      "Id": "ParamRenwuX",
      "GroupId": "",
      "Name": "人物 X"
    },
    {
      "Id": "ParamRenwuX2",
      "GroupId": "",
      "Name": "吊环+人 X"
    },
    {
      "Id": "ParamRenwuX3",
      "GroupId": "",
      "Name": "吊环+人 Y"
    },
    {
      "Id": "ParamRenwuX4",
      "GroupId": "",
      "Name": "吊环+人 Z"
    },
    {
      "Id": "ParamRenwuX5",
      "GroupId": "",
      "Name": "吊环+人 Y2"
    },
    {
      "Id": "ParamRenwuX6",
      "GroupId": "",
      "Name": "吊环+人 Z2"
    },
    {
      "Id": "ParamRenwuX7",
      "GroupId": "",
      "Name": "吊环+人 Z3"
    },
    {
      "Id": "ParamRenwuX8",
      "GroupId": "",
      "Name": "吊环+人TMD"
    },
    {
      "Id": "ParamRenwuX9",
      "GroupId": "",
      "Name": "吊环+人 S2"
    },
    {
      "Id": "ParamRenwuY",
      "GroupId": "",
      "Name": "人物 Y"
    },
    {
      "Id": "ParamRenwuZ",
      "GroupId": "",
      "Name": "人物 Z"
    },
    {
      "Id": "Paramring",
      "GroupId": "",
      "Name": "戒指TMD"
    },
    {
      "Id": "ParamShangBiR",
      "GroupId": "",
      "Name": "右上臂"
    },
    {
      "Id": "ParamShangBiRUD",
      "GroupId": "",
      "Name": "右上臂-伸缩"
    },
    {
      "Id": "ParamSouR",
      "GroupId": "",
      "Name": "右手"
    },
    {
      "Id": "Paramtishixingxing1",
      "GroupId": "",
      "Name": "提示星星1"
    },
    {
      "Id": "Paramtishixingxing10",
      "GroupId": "",
      "Name": "提示星星10"
    },
    {
      "Id": "Paramtishixingxing11",
      "GroupId": "",
      "Name": "提示星星11"
    },
    {
      "Id": "Paramtishixingxing12",
      "GroupId": "",
      "Name": "提示星星12"
    },
    {
      "Id": "Paramtishixingxing13",
      "GroupId": "",
      "Name": "提示星星13"
    },
    {
      "Id": "Paramtishixingxing14",
      "GroupId": "",
      "Name": "提示星星14"
    },
    {
      "Id": "Paramtishixingxing15",
      "GroupId": "",
      "Name": "提示星星15"
    },
    {
      "Id": "Paramtishixingxing16",
      "GroupId": "",
      "Name": "提示星星16"
    },
    {
      "Id": "Paramtishixingxing17",
      "GroupId": "",
      "Name": "提示星星17"
    },
    {
      "Id": "Paramtishixingxing18",
      "GroupId": "",
      "Name": "提示星星18"
    },
    {
      "Id": "Paramtishixingxing19",
      "GroupId": "",
      "Name": "提示星星19"
    },
    {
      "Id": "Paramtishixingxing2",
      "GroupId": "",
      "Name": "提示星星2"
    },
    {
      "Id": "Paramtishixingxing20",
      "GroupId": "",
      "Name": "提示星星20"
    },
    {
      "Id": "Paramtishixingxing21",
      "GroupId": "",
      "Name": "提示星星21"
    },
    {
      "Id": "Paramtishixingxing22",
      "GroupId": "",
      "Name": "提示星星22"
    },
    {
      "Id": "Paramtishixingxing23",
      "GroupId": "",
      "Name": "提示星星23"
    },
    {
      "Id": "Paramtishixingxing24",
      "GroupId": "",
      "Name": "提示星星24"
    },
    {
      "Id": "Paramtishixingxing25",
      "GroupId": "",
      "Name": "提示星星25"
    },
    {
      "Id": "Paramtishixingxing26",
      "GroupId": "",
      "Name": "提示星星26"
    },
    {
      "Id": "Paramtishixingxing27",
      "GroupId": "",
      "Name": "提示星星27"
    },
    {
      "Id": "Paramtishixingxing28",
      "GroupId": "",
      "Name": "提示星星28"
    },
    {
      "Id": "Paramtishixingxing29",
      "GroupId": "",
      "Name": "提示星星29"
    },
    {
      "Id": "Paramtishixingxing3",
      "GroupId": "",
      "Name": "提示星星3"
    },
    {
      "Id": "Paramtishixingxing30",
      "GroupId": "",
      "Name": "提示星星30"
    },
    {
      "Id": "Paramtishixingxing4",
      "GroupId": "",
      "Name": "提示星星4"
    },
    {
      "Id": "Paramtishixingxing5",
      "GroupId": "",
      "Name": "提示星星5"
    },
    {
      "Id": "Paramtishixingxing6",
      "GroupId": "",
      "Name": "提示星星6"
    },
    {
      "Id": "Paramtishixingxing7",
      "GroupId": "",
      "Name": "提示星星7"
    },
    {
      "Id": "Paramtishixingxing8",
      "GroupId": "",
      "Name": "提示星星8"
    },
    {
      "Id": "Paramtishixingxing9",
      "GroupId": "",
      "Name": "提示星星9"
    },
    {
      "Id": "Paramtouch_idle1",
      "GroupId": "",
      "Name": "Paramtouch_idle1"
    },
    {
      "Id": "Paramtouch_idle10",
      "GroupId": "",
      "Name": "Paramtouch_idle1"
    },
    {
      "Id": "Paramtouch_idle15",
      "GroupId": "",
      "Name": "Paramtouch_idle1"
    },
    {
      "Id": "Paramtouch_idle16",
      "GroupId": "",
      "Name": "Paramtouch_idle1"
    },
    {
      "Id": "Paramtouch_idle17",
      "GroupId": "",
      "Name": "Paramtouch_idle1"
    },
    {
      "Id": "Paramtouch_idle18",
      "GroupId": "",
      "Name": "Paramtouch_idle1"
    },
    {
      "Id": "Paramtouch_idle19",
      "GroupId": "",
      "Name": "Paramtouch_idle1"
    },
    {
      "Id": "Paramtouch_idle2",
      "GroupId": "",
      "Name": "Paramtouch_idle1"
    },
    {
      "Id": "Paramtouch_idle20",
      "GroupId": "",
      "Name": "Paramtouch_idle1"
    },
    {
      "Id": "Paramtouch_idle3",
      "GroupId": "",
      "Name": "Paramtouch_idle1"
    },
    {
      "Id": "Paramtouch_idle4",
      "GroupId": "",
      "Name": "Paramtouch_idle1"
    },
    {
      "Id": "Paramtouch_idle5",
      "GroupId": "",
      "Name": "Paramtouch_idle1"
    },
    {
      "Id": "Paramtouch_idle6",
      "GroupId": "",
      "Name": "Paramtouch_idle1"
    },
    {
      "Id": "Paramtouch_idle7",
      "GroupId": "",
      "Name": "Paramtouch_idle1"
    },
    {
      "Id": "Paramtouch_idle8",
      "GroupId": "",
      "Name": "Paramtouch_idle1"
    },
    {
      "Id": "Paramtouch_idle9",
      "GroupId": "",
      "Name": "Paramtouch_idle1"
    },
    {
      "Id": "ParamTuiRou1",
      "GroupId": "",
      "Name": "腿肉  1"
    },
    {
      "Id": "ParamTuiRou2",
      "GroupId": "",
      "Name": "腿肉  2"
    },
    {
      "Id": "ParamTuiRou3",
      "GroupId": "",
      "Name": "腿肉  3"
    },
    {
      "Id": "Paramwuli",
      "GroupId": "",
      "Name": "物理控制"
    },
    {
      "Id": "Paramwuli2",
      "GroupId": "",
      "Name": "胸部控制"
    },
    {
      "Id": "Paramwuli3",
      "GroupId": "",
      "Name": "耳朵物理控制"
    },
    {
      "Id": "ParamXiaBiR",
      "GroupId": "",
      "Name": "右下臂"
    },
    {
      "Id": "ParamXiaBiRUD",
      "GroupId": "",
      "Name": "右下臂-伸缩"
    },
    {
      "Id": "ParamXiaoTuiL",
      "GroupId": "",
      "Name": "左小腿"
    },
    {
      "Id": "ParamXiaoTuiLUD",
      "GroupId": "",
      "Name": "左小腿-伸缩"
    },
    {
      "Id": "ParamXiaoTuiLUD2",
      "GroupId": "",
      "Name": "左小腿-弯曲"
    },
    {
      "Id": "ParamXiaoTuiLUD3",
      "GroupId": "",
      "Name": "左大腿-图层"
    },
    {
      "Id": "ParamXiaoTuiLUD4",
      "GroupId": "",
      "Name": "右大腿-图层"
    },
    {
      "Id": "ParamXiaoTuiLUD5",
      "GroupId": "",
      "Name": "右小腿-弯曲"
    },
    {
      "Id": "ParamXiaoTuiR",
      "GroupId": "",
      "Name": "右小腿"
    },
    {
      "Id": "ParamXiaoTuiRUD",
      "GroupId": "",
      "Name": "右小腿-伸缩"
    },
    {
      "Id": "ParamZhiYing1",
      "GroupId": "",
      "Name": "黄鸡1TMD"
    },
    {
      "Id": "ParamZhiYing1JiaoL",
      "GroupId": "",
      "Name": "黄鸡1-左脚"
    },
    {
      "Id": "ParamZhiYing1JiaoR",
      "GroupId": "",
      "Name": "黄鸡1-右脚"
    },
    {
      "Id": "ParamZhiYing1S",
      "GroupId": "",
      "Name": "黄鸡1 S"
    },
    {
      "Id": "ParamZhiYing1ShouL",
      "GroupId": "",
      "Name": "黄鸡1-左手"
    },
    {
      "Id": "ParamZhiYing1ShouR",
      "GroupId": "",
      "Name": "黄鸡1-右手"
    },
    {
      "Id": "ParamZhiYing1TC",
      "GroupId": "",
      "Name": "黄鸡1-图层"
    },
    {
      "Id": "ParamZhiYing1UD",
      "GroupId": "",
      "Name": "黄鸡1-伸缩"
    },
    {
      "Id": "ParamZhiYing1Weiba",
      "GroupId": "",
      "Name": "黄鸡1-尾巴"
    },
    {
      "Id": "ParamZhiYing1X",
      "GroupId": "",
      "Name": "黄鸡1 X"
    },
    {
      "Id": "ParamZhiYing1Y",
      "GroupId": "",
      "Name": "黄鸡1 Y"
    },
    {
      "Id": "ParamZhiYing1Z",
      "GroupId": "",
      "Name": "黄鸡1 Z"
    },
    {
      "Id": "Param_Angle_Rotation_10_ArtMesh186",
      "GroupId": "",
      "Name": "[9]飘带L"
    },
    {
      "Id": "Param_Angle_Rotation_10_ArtMesh187",
      "GroupId": "",
      "Name": "[9]飘带R"
    },
    {
      "Id": "Param_Angle_Rotation_10_ArtMesh188",
      "GroupId": "",
      "Name": "[9]飘带中"
    },
    {
      "Id": "Param_Angle_Rotation_11_ArtMesh186",
      "GroupId": "",
      "Name": "[10]飘带L"
    },
    {
      "Id": "Param_Angle_Rotation_11_ArtMesh187",
      "GroupId": "",
      "Name": "[10]飘带R"
    },
    {
      "Id": "Param_Angle_Rotation_11_ArtMesh188",
      "GroupId": "",
      "Name": "[10]飘带中"
    },
    {
      "Id": "Param_Angle_Rotation_12_ArtMesh186",
      "GroupId": "",
      "Name": "[11]飘带L"
    },
    {
      "Id": "Param_Angle_Rotation_12_ArtMesh187",
      "GroupId": "",
      "Name": "[11]飘带R"
    },
    {
      "Id": "Param_Angle_Rotation_12_ArtMesh188",
      "GroupId": "",
      "Name": "[11]飘带中"
    },
    {
      "Id": "Param_Angle_Rotation_13_ArtMesh186",
      "GroupId": "",
      "Name": "[12]飘带L"
    },
    {
      "Id": "Param_Angle_Rotation_13_ArtMesh187",
      "GroupId": "",
      "Name": "[12]飘带R"
    },
    {
      "Id": "Param_Angle_Rotation_13_ArtMesh188",
      "GroupId": "",
      "Name": "[12]飘带中"
    },
    {
      "Id": "Param_Angle_Rotation_14_ArtMesh186",
      "GroupId": "",
      "Name": "[13]飘带L"
    },
    {
      "Id": "Param_Angle_Rotation_14_ArtMesh187",
      "GroupId": "",
      "Name": "[13]飘带R"
    },
    {
      "Id": "Param_Angle_Rotation_14_ArtMesh188",
      "GroupId": "",
      "Name": "[13]飘带中"
    },
    {
      "Id": "Param_Angle_Rotation_15_ArtMesh186",
      "GroupId": "",
      "Name": "[14]飘带L"
    },
    {
      "Id": "Param_Angle_Rotation_15_ArtMesh187",
      "GroupId": "",
      "Name": "[14]飘带R"
    },
    {
      "Id": "Param_Angle_Rotation_15_ArtMesh188",
      "GroupId": "",
      "Name": "[14]飘带中"
    },
    {
      "Id": "Param_Angle_Rotation_16_ArtMesh187",
      "GroupId": "",
      "Name": "[15]飘带R"
    },
    {
      "Id": "Param_Angle_Rotation_16_ArtMesh188",
      "GroupId": "",
      "Name": "[15]飘带中"
    },
    {
      "Id": "Param_Angle_Rotation_17_ArtMesh187",
      "GroupId": "",
      "Name": "[16]飘带R"
    },
    {
      "Id": "Param_Angle_Rotation_17_ArtMesh188",
      "GroupId": "",
      "Name": "[16]飘带中"
    },
    {
      "Id": "Param_Angle_Rotation_1_ArtMesh186",
      "GroupId": "",
      "Name": "[0]飘带L"
    },
    {
      "Id": "Param_Angle_Rotation_1_ArtMesh187",
      "GroupId": "",
      "Name": "[0]飘带R"
    },
    {
      "Id": "Param_Angle_Rotation_1_ArtMesh188",
      "GroupId": "",
      "Name": "[0]飘带中"
    },
    {
      "Id": "Param_Angle_Rotation_1_ArtMesh488",
      "GroupId": "",
      "Name": "[0]丝带A1"
    },
    {
      "Id": "Param_Angle_Rotation_2_ArtMesh186",
      "GroupId": "",
      "Name": "[1]飘带L"
    },
    {
      "Id": "Param_Angle_Rotation_2_ArtMesh187",
      "GroupId": "",
      "Name": "[1]飘带R"
    },
    {
      "Id": "Param_Angle_Rotation_2_ArtMesh188",
      "GroupId": "",
      "Name": "[1]飘带中"
    },
    {
      "Id": "Param_Angle_Rotation_2_ArtMesh488",
      "GroupId": "",
      "Name": "[1]丝带A1"
    },
    {
      "Id": "Param_Angle_Rotation_3_ArtMesh186",
      "GroupId": "",
      "Name": "[2]飘带L"
    },
    {
      "Id": "Param_Angle_Rotation_3_ArtMesh187",
      "GroupId": "",
      "Name": "[2]飘带R"
    },
    {
      "Id": "Param_Angle_Rotation_3_ArtMesh188",
      "GroupId": "",
      "Name": "[2]飘带中"
    },
    {
      "Id": "Param_Angle_Rotation_3_ArtMesh488",
      "GroupId": "",
      "Name": "[2]丝带A1"
    },
    {
      "Id": "Param_Angle_Rotation_4_ArtMesh186",
      "GroupId": "",
      "Name": "[3]飘带L"
    },
    {
      "Id": "Param_Angle_Rotation_4_ArtMesh187",
      "GroupId": "",
      "Name": "[3]飘带R"
    },
    {
      "Id": "Param_Angle_Rotation_4_ArtMesh188",
      "GroupId": "",
      "Name": "[3]飘带中"
    },
    {
      "Id": "Param_Angle_Rotation_4_ArtMesh488",
      "GroupId": "",
      "Name": "[3]丝带A1"
    },
    {
      "Id": "Param_Angle_Rotation_5_ArtMesh186",
      "GroupId": "",
      "Name": "[4]飘带L"
    },
    {
      "Id": "Param_Angle_Rotation_5_ArtMesh187",
      "GroupId": "",
      "Name": "[4]飘带R"
    },
    {
      "Id": "Param_Angle_Rotation_5_ArtMesh188",
      "GroupId": "",
      "Name": "[4]飘带中"
    },
    {
      "Id": "Param_Angle_Rotation_5_ArtMesh488",
      "GroupId": "",
      "Name": "[4]丝带A1"
    },
    {
      "Id": "Param_Angle_Rotation_6_ArtMesh186",
      "GroupId": "",
      "Name": "[5]飘带L"
    },
    {
      "Id": "Param_Angle_Rotation_6_ArtMesh187",
      "GroupId": "",
      "Name": "[5]飘带R"
    },
    {
      "Id": "Param_Angle_Rotation_6_ArtMesh188",
      "GroupId": "",
      "Name": "[5]飘带中"
    },
    {
      "Id": "Param_Angle_Rotation_6_ArtMesh488",
      "GroupId": "",
      "Name": "[5]丝带A1"
    },
    {
      "Id": "Param_Angle_Rotation_7_ArtMesh186",
      "GroupId": "",
      "Name": "[6]飘带L"
    },
    {
      "Id": "Param_Angle_Rotation_7_ArtMesh187",
      "GroupId": "",
      "Name": "[6]飘带R"
    },
    {
      "Id": "Param_Angle_Rotation_7_ArtMesh188",
      "GroupId": "",
      "Name": "[6]飘带中"
    },
    {
      "Id": "Param_Angle_Rotation_7_ArtMesh488",
      "GroupId": "",
      "Name": "[6]丝带A1"
    },
    {
      "Id": "Param_Angle_Rotation_8_ArtMesh186",
      "GroupId": "",
      "Name": "[7]飘带L"
    },
    {
      "Id": "Param_Angle_Rotation_8_ArtMesh187",
      "GroupId": "",
      "Name": "[7]飘带R"
    },
    {
      "Id": "Param_Angle_Rotation_8_ArtMesh188",
      "GroupId": "",
      "Name": "[7]飘带中"
    },
    {
      "Id": "Param_Angle_Rotation_9_ArtMesh186",
      "GroupId": "",
      "Name": "[8]飘带L"
    },
    {
      "Id": "Param_Angle_Rotation_9_ArtMesh187",
      "GroupId": "",
      "Name": "[8]飘带R"
    },
    {
      "Id": "Param_Angle_Rotation_9_ArtMesh188",
      "GroupId": "",
      "Name": "[8]飘带中"
    },
    {
      "Id": "touch_drag1",
      "GroupId": "",
      "Name": "提示1"
    },
    {
      "Id": "touch_drag10",
      "GroupId": "",
      "Name": "提示10"
    },
    {
      "Id": "touch_drag11",
      "GroupId": "",
      "Name": "提示11"
    },
    {
      "Id": "touch_drag12",
      "GroupId": "",
      "Name": "自己拍屁股"
    },
    {
      "Id": "touch_drag13",
      "GroupId": "",
      "Name": "玩家拍屁股"
    },
    {
      "Id": "touch_drag15",
      "GroupId": "",
      "Name": "左鞋子"
    },
    {
      "Id": "touch_drag16",
      "GroupId": "",
      "Name": "右鞋子"
    },
    {
      "Id": "touch_drag17",
      "GroupId": "",
      "Name": "拔胸口萝卜"
    },
    {
      "Id": "touch_drag18",
      "GroupId": "",
      "Name": "拔屁股萝卜"
    },
    {
      "Id": "touch_drag19",
      "GroupId": "",
      "Name": "大犬座TMD"
    },
    {
      "Id": "touch_drag2",
      "GroupId": "",
      "Name": "提示2"
    },
    {
      "Id": "touch_drag20",
      "GroupId": "",
      "Name": "大犬座"
    },
    {
      "Id": "touch_drag3",
      "GroupId": "",
      "Name": "提示3"
    },
    {
      "Id": "touch_drag4",
      "GroupId": "",
      "Name": "提示4"
    },
    {
      "Id": "touch_drag5",
      "GroupId": "",
      "Name": "提示5"
    },
    {
      "Id": "touch_drag6",
      "GroupId": "",
      "Name": "提示6"
    },
    {
      "Id": "touch_drag7",
      "GroupId": "",
      "Name": "提示7"
    },
    {
      "Id": "touch_drag8",
      "GroupId": "",
      "Name": "提示8"
    },
    {
      "Id": "touch_drag9",
      "GroupId": "",
      "Name": "提示9"
    }
  ],
  "ParameterGroups": [],
  "Parts": [
    {
      "Id": "ArtMesh186_Skinning",
      "Name": "红5"
    },
    {
      "Id": "ArtMesh187_Skinning",
      "Name": "红3"
    },
    {
      "Id": "ArtMesh188_Skinning",
      "Name": "红1"
    },
    {
      "Id": "MBWJJ_wutishiliangS",
      "Name": "中4"
    },
    {
      "Id": "MBWJJ_wutishiliangS10",
      "Name": "右眼"
    },
    {
      "Id": "MBWJJ_wutishiliangS11",
      "Name": "飘带中(蒙皮)"
    },
    {
      "Id": "MBWJJ_wutishiliangS2",
      "Name": "中5"
    },
    {
      "Id": "MBWJJ_wutishiliangS3",
      "Name": "中9"
    },
    {
      "Id": "MBWJJ_wutishiliangS4",
      "Name": "中6"
    },
    {
      "Id": "MBWJJ_wutishiliangS5",
      "Name": "中7"
    },
    {
      "Id": "MBWJJ_wutishiliangS6",
      "Name": "中3"
    },
    {
      "Id": "MBWJJ_wutishiliangS7",
      "Name": "中8"
    },
    {
      "Id": "MBWJJ_wutishiliangS8",
      "Name": "中10"
    },
    {
      "Id": "MBWJJ_wutishiliangS9",
      "Name": "中11"
    },
    {
      "Id": "MBWJJ_wutishiliangX",
      "Name": "上2"
    },
    {
      "Id": "MBWJJ_wutishiliangX10",
      "Name": "上11"
    },
    {
      "Id": "MBWJJ_wutishiliangX11",
      "Name": "信封"
    },
    {
      "Id": "MBWJJ_wutishiliangX2",
      "Name": "上4"
    },
    {
      "Id": "MBWJJ_wutishiliangX3",
      "Name": "上8"
    },
    {
      "Id": "MBWJJ_wutishiliangX4",
      "Name": "上5"
    },
    {
      "Id": "MBWJJ_wutishiliangX5",
      "Name": "上6"
    },
    {
      "Id": "MBWJJ_wutishiliangX6",
      "Name": "上7"
    },
    {
      "Id": "MBWJJ_wutishiliangX7",
      "Name": "上3"
    },
    {
      "Id": "MBWJJ_wutishiliangX8",
      "Name": "上9"
    },
    {
      "Id": "MBWJJ_wutishiliangX9",
      "Name": "上10"
    },
    {
      "Id": "MBWJJ_wutishiliangxunhuan",
      "Name": "红6"
    },
    {
      "Id": "MBWJJ_wutishiliangxunhuan10",
      "Name": "A1-右手"
    },
    {
      "Id": "MBWJJ_wutishiliangxunhuan11",
      "Name": "A2-右手"
    },
    {
      "Id": "MBWJJ_wutishiliangxunhuan2",
      "Name": "蓝1"
    },
    {
      "Id": "MBWJJ_wutishiliangxunhuan3",
      "Name": "右臂A"
    },
    {
      "Id": "MBWJJ_wutishiliangxunhuan4",
      "Name": "蓝2"
    },
    {
      "Id": "MBWJJ_wutishiliangxunhuan5",
      "Name": "蓝3"
    },
    {
      "Id": "MBWJJ_wutishiliangxunhuan6",
      "Name": "花瓣1"
    },
    {
      "Id": "MBWJJ_wutishiliangxunhuan7",
      "Name": "花瓣2"
    },
    {
      "Id": "MBWJJ_wutishiliangxunhuan8",
      "Name": "右手5"
    },
    {
      "Id": "MBWJJ_wutishiliangxunhuan9",
      "Name": "右手4"
    },
    {
      "Id": "MBWJJ_wutishiliangZ",
      "Name": "下4"
    },
    {
      "Id": "MBWJJ_wutishiliangZ10",
      "Name": "左眼"
    },
    {
      "Id": "MBWJJ_wutishiliangZ11",
      "Name": "飘带中(旋转)"
    },
    {
      "Id": "MBWJJ_wutishiliangZ2",
      "Name": "下5"
    },
    {
      "Id": "MBWJJ_wutishiliangZ3",
      "Name": "下9"
    },
    {
      "Id": "MBWJJ_wutishiliangZ4",
      "Name": "下6"
    },
    {
      "Id": "MBWJJ_wutishiliangZ5",
      "Name": "下7"
    },
    {
      "Id": "MBWJJ_wutishiliangZ6",
      "Name": "下3"
    },
    {
      "Id": "MBWJJ_wutishiliangZ7",
      "Name": "下8"
    },
    {
      "Id": "MBWJJ_wutishiliangZ8",
      "Name": "下10"
    },
    {
      "Id": "MBWJJ_wutishiliangZ9",
      "Name": "下11"
    },
    {
      "Id": "Part",
      "Name": "特殊部件"
    },
    {
      "Id": "Part10",
      "Name": "大犬座"
    },
    {
      "Id": "Part100",
      "Name": "双手丝带组"
    },
    {
      "Id": "Part11",
      "Name": "提示星星"
    },
    {
      "Id": "Part122",
      "Name": "天狼星兔女郎.psd(未找到对应图层)"
    },
    {
      "Id": "Part131",
      "Name": "辉光"
    },
    {
      "Id": "Part16",
      "Name": "吊带"
    },
    {
      "Id": "Part17",
      "Name": "角色"
    },
    {
      "Id": "Part18",
      "Name": "左臂"
    },
    {
      "Id": "Part2",
      "Name": "转场"
    },
    {
      "Id": "Part20",
      "Name": "头"
    },
    {
      "Id": "Part21",
      "Name": "A1-左手"
    },
    {
      "Id": "Part22",
      "Name": "左手1"
    },
    {
      "Id": "Part23",
      "Name": "飘带R(蒙皮)"
    },
    {
      "Id": "Part24",
      "Name": "飘带R(旋转)"
    },
    {
      "Id": "Part25",
      "Name": "徽章"
    },
    {
      "Id": "Part26",
      "Name": "前发"
    },
    {
      "Id": "Part27",
      "Name": "左腿"
    },
    {
      "Id": "Part28",
      "Name": "身体"
    },
    {
      "Id": "Part29",
      "Name": "左腿3-翘"
    },
    {
      "Id": "Part30",
      "Name": "后发"
    },
    {
      "Id": "Part35",
      "Name": "腿2-伸直"
    },
    {
      "Id": "Part36",
      "Name": "身体差分"
    },
    {
      "Id": "Part37",
      "Name": "右腿"
    },
    {
      "Id": "Part40",
      "Name": "背景"
    },
    {
      "Id": "Part41",
      "Name": "循环粒子"
    },
    {
      "Id": "Part42",
      "Name": "飘带L(旋转)"
    },
    {
      "Id": "Part43",
      "Name": "飘带"
    },
    {
      "Id": "Part44",
      "Name": "中层射灯"
    },
    {
      "Id": "Part45",
      "Name": "地上花瓣"
    },
    {
      "Id": "Part46",
      "Name": "地面射灯"
    },
    {
      "Id": "Part47",
      "Name": "天狼星兔女郎.psd"
    },
    {
      "Id": "Part48",
      "Name": "红4"
    },
    {
      "Id": "Part49",
      "Name": "红2"
    },
    {
      "Id": "Part50",
      "Name": "右手"
    },
    {
      "Id": "Part51",
      "Name": "顶层粒子"
    },
    {
      "Id": "Part52",
      "Name": "左脚3"
    },
    {
      "Id": "Part53",
      "Name": "A2-左手"
    },
    {
      "Id": "Part54",
      "Name": "A3-右手"
    },
    {
      "Id": "Part55",
      "Name": "左手3"
    },
    {
      "Id": "Part56",
      "Name": "左手5"
    },
    {
      "Id": "Part57",
      "Name": "右腿2-伸"
    },
    {
      "Id": "Part58",
      "Name": "右腿1"
    },
    {
      "Id": "Part59",
      "Name": "右脚1"
    },
    {
      "Id": "Part6",
      "Name": "登录回港"
    },
    {
      "Id": "Part60",
      "Name": "左手4"
    },
    {
      "Id": "Part61",
      "Name": "右腿4-缩"
    },
    {
      "Id": "Part62",
      "Name": "腿3-翘"
    },
    {
      "Id": "Part63",
      "Name": "绳"
    },
    {
      "Id": "Part64",
      "Name": "A3-右手"
    },
    {
      "Id": "Part7",
      "Name": "丝带组2"
    },
    {
      "Id": "Part70",
      "Name": "双眼"
    },
    {
      "Id": "Part71",
      "Name": "右脚丝带组1"
    },
    {
      "Id": "Part72",
      "Name": "左手6"
    },
    {
      "Id": "Part73",
      "Name": "左脚3-翘"
    },
    {
      "Id": "Part74",
      "Name": "脸"
    },
    {
      "Id": "Part75",
      "Name": "左脚2"
    },
    {
      "Id": "Part76",
      "Name": "口"
    },
    {
      "Id": "Part77",
      "Name": "右脚4"
    },
    {
      "Id": "Part79",
      "Name": "衣服"
    },
    {
      "Id": "Part8",
      "Name": "表情符号"
    },
    {
      "Id": "Part80",
      "Name": "左脚1"
    },
    {
      "Id": "Part83",
      "Name": "角色"
    },
    {
      "Id": "Part84",
      "Name": "左臂"
    },
    {
      "Id": "Part85",
      "Name": "尾巴"
    },
    {
      "Id": "Part86",
      "Name": "右脚2"
    },
    {
      "Id": "Part87",
      "Name": "胸带"
    },
    {
      "Id": "Part88",
      "Name": "胸"
    },
    {
      "Id": "Part9",
      "Name": "飘带L(蒙皮)"
    },
    {
      "Id": "Part96",
      "Name": "额外部件"
    },
    {
      "Id": "Part98",
      "Name": "捆绑丝带"
    },
    {
      "Id": "Part99",
      "Name": "粒子"
    },
    {
      "Id": "PartRough",
      "Name": "爱心"
    }
  ]
}