{
  "Version": 3,
  "Meta": {
    "PhysicsSettingCount": 6,
    "TotalInputCount": 11,
    "TotalOutputCount": 17,
    "VertexCount": 30,
    "EffectiveForces": {
      "Gravity": {
        "X": 0,
        "Y": -1
      },
      "Wind": {
        "X": 0,
        "Y": 0
      }
    },
    "PhysicsDictionary": [
      {
        "Id": "PhysicsSetting1",
        "Name": "Dummy1"
      },
      {
        "Id": "PhysicsSetting2",
        "Name": "Dummy2"
      },
      {
        "Id": "PhysicsSetting3",
        "Name": "Dummy3"
      },
      {
        "Id": "PhysicsSetting4",
        "Name": "Dummy4"
      },
      {
        "Id": "PhysicsSetting5",
        "Name": "Dummy5"
      },
      {
        "Id": "PhysicsSetting6",
        "Name": "Dummy6"
      }
    ]
  },
  "PhysicsSettings": [
    {
      "Id": "PhysicsSetting1",
      "Input": [
        {
          "Source": {
            "Target": "Parameter",
            "Id": "Paramwuli"
          },
          "Weight": 60,
          "Type": "X",
          "Reflect": false
        },
        {
          "Source": {
            "Target": "Parameter",
            "Id": "ParamAngleX"
          },
          "Weight": 40,
          "Type": "X",
          "Reflect": false
        }
      ],
      "Output": [
        {
          "Destination": {
            "Target": "Parameter",
            "Id": "ParamQianFa1_1"
          },
          "VertexIndex": 1,
          "Scale": 30,
          "Weight": 100,
          "Type": "Angle",
          "Reflect": false
        },
        {
          "Destination": {
            "Target": "Parameter",
            "Id": "ParamQianFa1_2"
          },
          "VertexIndex": 2,
          "Scale": 30,
          "Weight": 100,
          "Type": "Angle",
          "Reflect": false
        },
        {
          "Destination": {
            "Target": "Parameter",
            "Id": "ParamQianFa1_3"
          },
          "VertexIndex": 3,
          "Scale": 30,
          "Weight": 100,
          "Type": "Angle",
          "Reflect": false
        },
        {
          "Destination": {
            "Target": "Parameter",
            "Id": "ParamQianFa1_4"
          },
          "VertexIndex": 4,
          "Scale": 30,
          "Weight": 100,
          "Type": "Angle",
          "Reflect": false
        }
      ],
      "Vertices": [
        {
          "Position": {
            "X": 0,
            "Y": 0
          },
          "Mobility": 1,
          "Delay": 1,
          "Acceleration": 1,
          "Radius": 0
        },
        {
          "Position": {
            "X": 0,
            "Y": 5
          },
          "Mobility": 0.98,
          "Delay": 0.95,
          "Acceleration": 0.9,
          "Radius": 5
        },
        {
          "Position": {
            "X": 0,
            "Y": 10
          },
          "Mobility": 0.9,
          "Delay": 0.95,
          "Acceleration": 0.9,
          "Radius": 5
        },
        {
          "Position": {
            "X": 0,
            "Y": 15
          },
          "Mobility": 0.9,
          "Delay": 0.95,
          "Acceleration": 0.9,
          "Radius": 5
        },
        {
          "Position": {
            "X": 0,
            "Y": 20
          },
          "Mobility": 0.9,
          "Delay": 0.95,
          "Acceleration": 0.9,
          "Radius": 5
        },
        {
          "Position": {
            "X": 0,
            "Y": 25
          },
          "Mobility": 0.9,
          "Delay": 0.95,
          "Acceleration": 0.9,
          "Radius": 5
        }
      ],
      "Normalization": {
        "Position": {
          "Minimum": -10,
          "Default": 0,
          "Maximum": 10
        },
        "Angle": {
          "Minimum": -10,
          "Default": 0,
          "Maximum": 10
        }
      }
    },
    {
      "Id": "PhysicsSetting2",
      "Input": [
        {
          "Source": {
            "Target": "Parameter",
            "Id": "Paramwuli"
          },
          "Weight": 60,
          "Type": "X",
          "Reflect": false
        },
        {
          "Source": {
            "Target": "Parameter",
            "Id": "ParamAngleX"
          },
          "Weight": 40,
          "Type": "X",
          "Reflect": false
        }
      ],
      "Output": [
        {
          "Destination": {
            "Target": "Parameter",
            "Id": "ParamQianFa2_1"
          },
          "VertexIndex": 1,
          "Scale": 30,
          "Weight": 100,
          "Type": "Angle",
          "Reflect": false
        },
        {
          "Destination": {
            "Target": "Parameter",
            "Id": "ParamQianFa2_2"
          },
          "VertexIndex": 2,
          "Scale": 30,
          "Weight": 100,
          "Type": "Angle",
          "Reflect": false
        },
        {
          "Destination": {
            "Target": "Parameter",
            "Id": "ParamQianFa2_3"
          },
          "VertexIndex": 3,
          "Scale": 30,
          "Weight": 100,
          "Type": "Angle",
          "Reflect": false
        },
        {
          "Destination": {
            "Target": "Parameter",
            "Id": "ParamQianFa2_4"
          },
          "VertexIndex": 4,
          "Scale": 30,
          "Weight": 100,
          "Type": "Angle",
          "Reflect": false
        }
      ],
      "Vertices": [
        {
          "Position": {
            "X": 0,
            "Y": 0
          },
          "Mobility": 1,
          "Delay": 1,
          "Acceleration": 1,
          "Radius": 0
        },
        {
          "Position": {
            "X": 0,
            "Y": 5
          },
          "Mobility": 0.98,
          "Delay": 0.9,
          "Acceleration": 0.85,
          "Radius": 5
        },
        {
          "Position": {
            "X": 0,
            "Y": 10
          },
          "Mobility": 0.9,
          "Delay": 0.93,
          "Acceleration": 0.9,
          "Radius": 5
        },
        {
          "Position": {
            "X": 0,
            "Y": 15
          },
          "Mobility": 0.9,
          "Delay": 0.93,
          "Acceleration": 0.9,
          "Radius": 5
        },
        {
          "Position": {
            "X": 0,
            "Y": 20
          },
          "Mobility": 0.9,
          "Delay": 0.93,
          "Acceleration": 0.9,
          "Radius": 5
        },
        {
          "Position": {
            "X": 0,
            "Y": 25
          },
          "Mobility": 0.9,
          "Delay": 0.93,
          "Acceleration": 0.9,
          "Radius": 5
        }
      ],
      "Normalization": {
        "Position": {
          "Minimum": -10,
          "Default": 0,
          "Maximum": 10
        },
        "Angle": {
          "Minimum": -10,
          "Default": 0,
          "Maximum": 10
        }
      }
    },
    {
      "Id": "PhysicsSetting3",
      "Input": [
        {
          "Source": {
            "Target": "Parameter",
            "Id": "Paramwuli"
          },
          "Weight": 60,
          "Type": "X",
          "Reflect": false
        },
        {
          "Source": {
            "Target": "Parameter",
            "Id": "ParamAngleX"
          },
          "Weight": 40,
          "Type": "X",
          "Reflect": false
        }
      ],
      "Output": [
        {
          "Destination": {
            "Target": "Parameter",
            "Id": "ParamQianFa3_1"
          },
          "VertexIndex": 1,
          "Scale": 30,
          "Weight": 100,
          "Type": "Angle",
          "Reflect": false
        },
        {
          "Destination": {
            "Target": "Parameter",
            "Id": "ParamQianFa3_2"
          },
          "VertexIndex": 2,
          "Scale": 30,
          "Weight": 100,
          "Type": "Angle",
          "Reflect": false
        },
        {
          "Destination": {
            "Target": "Parameter",
            "Id": "ParamQianFa3_3"
          },
          "VertexIndex": 3,
          "Scale": 30,
          "Weight": 100,
          "Type": "Angle",
          "Reflect": false
        },
        {
          "Destination": {
            "Target": "Parameter",
            "Id": "ParamQianFa3_4"
          },
          "VertexIndex": 4,
          "Scale": 30,
          "Weight": 100,
          "Type": "Angle",
          "Reflect": false
        }
      ],
      "Vertices": [
        {
          "Position": {
            "X": 0,
            "Y": 0
          },
          "Mobility": 1,
          "Delay": 1,
          "Acceleration": 1,
          "Radius": 0
        },
        {
          "Position": {
            "X": 0,
            "Y": 5
          },
          "Mobility": 0.98,
          "Delay": 0.9,
          "Acceleration": 0.85,
          "Radius": 5
        },
        {
          "Position": {
            "X": 0,
            "Y": 10
          },
          "Mobility": 0.9,
          "Delay": 0.93,
          "Acceleration": 0.9,
          "Radius": 5
        },
        {
          "Position": {
            "X": 0,
            "Y": 15
          },
          "Mobility": 0.9,
          "Delay": 0.93,
          "Acceleration": 0.9,
          "Radius": 5
        },
        {
          "Position": {
            "X": 0,
            "Y": 20
          },
          "Mobility": 0.9,
          "Delay": 0.93,
          "Acceleration": 0.9,
          "Radius": 5
        },
        {
          "Position": {
            "X": 0,
            "Y": 25
          },
          "Mobility": 0.9,
          "Delay": 0.93,
          "Acceleration": 0.9,
          "Radius": 5
        }
      ],
      "Normalization": {
        "Position": {
          "Minimum": -10,
          "Default": 0,
          "Maximum": 10
        },
        "Angle": {
          "Minimum": -10,
          "Default": 0,
          "Maximum": 10
        }
      }
    },
    {
      "Id": "PhysicsSetting4",
      "Input": [
        {
          "Source": {
            "Target": "Parameter",
            "Id": "Paramwuli2"
          },
          "Weight": 60,
          "Type": "X",
          "Reflect": false
        },
        {
          "Source": {
            "Target": "Parameter",
            "Id": "ParamBodyAngleX"
          },
          "Weight": 40,
          "Type": "X",
          "Reflect": false
        }
      ],
      "Output": [
        {
          "Destination": {
            "Target": "Parameter",
            "Id": "ParamOPRX1"
          },
          "VertexIndex": 1,
          "Scale": 30,
          "Weight": 100,
          "Type": "Angle",
          "Reflect": false
        }
      ],
      "Vertices": [
        {
          "Position": {
            "X": 0,
            "Y": 0
          },
          "Mobility": 1,
          "Delay": 1,
          "Acceleration": 1,
          "Radius": 0
        },
        {
          "Position": {
            "X": 0,
            "Y": 5
          },
          "Mobility": 0.95,
          "Delay": 0.9,
          "Acceleration": 1,
          "Radius": 5
        },
        {
          "Position": {
            "X": 0,
            "Y": 10
          },
          "Mobility": 0.9,
          "Delay": 0.9,
          "Acceleration": 0.9,
          "Radius": 5
        },
        {
          "Position": {
            "X": 0,
            "Y": 15
          },
          "Mobility": 0.9,
          "Delay": 0.9,
          "Acceleration": 1,
          "Radius": 5
        }
      ],
      "Normalization": {
        "Position": {
          "Minimum": -10,
          "Default": 0,
          "Maximum": 10
        },
        "Angle": {
          "Minimum": -10,
          "Default": 0,
          "Maximum": 10
        }
      }
    },
    {
      "Id": "PhysicsSetting5",
      "Input": [
        {
          "Source": {
            "Target": "Parameter",
            "Id": "Paramwuli2"
          },
          "Weight": 60,
          "Type": "X",
          "Reflect": false
        },
        {
          "Source": {
            "Target": "Parameter",
            "Id": "ParamBodyAngleX"
          },
          "Weight": 40,
          "Type": "X",
          "Reflect": false
        }
      ],
      "Output": [
        {
          "Destination": {
            "Target": "Parameter",
            "Id": "ParamOPRY2"
          },
          "VertexIndex": 2,
          "Scale": 30,
          "Weight": 100,
          "Type": "Angle",
          "Reflect": false
        },
        {
          "Destination": {
            "Target": "Parameter",
            "Id": "ParamOPLX1"
          },
          "VertexIndex": 3,
          "Scale": 30,
          "Weight": 100,
          "Type": "Angle",
          "Reflect": false
        }
      ],
      "Vertices": [
        {
          "Position": {
            "X": 0,
            "Y": 0
          },
          "Mobility": 1,
          "Delay": 1,
          "Acceleration": 1,
          "Radius": 0
        },
        {
          "Position": {
            "X": 0,
            "Y": 5
          },
          "Mobility": 0.95,
          "Delay": 0.9,
          "Acceleration": 1,
          "Radius": 5
        },
        {
          "Position": {
            "X": 0,
            "Y": 10
          },
          "Mobility": 0.9,
          "Delay": 0.9,
          "Acceleration": 0.9,
          "Radius": 5
        },
        {
          "Position": {
            "X": 0,
            "Y": 15
          },
          "Mobility": 0.9,
          "Delay": 0.9,
          "Acceleration": 1,
          "Radius": 5
        }
      ],
      "Normalization": {
        "Position": {
          "Minimum": -10,
          "Default": 0,
          "Maximum": 10
        },
        "Angle": {
          "Minimum": -10,
          "Default": 0,
          "Maximum": 10
        }
      }
    },
    {
      "Id": "PhysicsSetting6",
      "Input": [
        {
          "Source": {
            "Target": "Parameter",
            "Id": "Paramwuli3"
          },
          "Weight": 60,
          "Type": "X",
          "Reflect": false
        }
      ],
      "Output": [
        {
          "Destination": {
            "Target": "Parameter",
            "Id": "Param29"
          },
          "VertexIndex": 1,
          "Scale": 10,
          "Weight": 100,
          "Type": "Angle",
          "Reflect": false
        },
        {
          "Destination": {
            "Target": "Parameter",
            "Id": "Param30"
          },
          "VertexIndex": 2,
          "Scale": 10,
          "Weight": 100,
          "Type": "Angle",
          "Reflect": false
        }
      ],
      "Vertices": [
        {
          "Position": {
            "X": 0,
            "Y": 0
          },
          "Mobility": 1,
          "Delay": 1,
          "Acceleration": 1,
          "Radius": 0
        },
        {
          "Position": {
            "X": 0,
            "Y": 5
          },
          "Mobility": 0.95,
          "Delay": 0.9,
          "Acceleration": 1,
          "Radius": 5
        },
        {
          "Position": {
            "X": 0,
            "Y": 10
          },
          "Mobility": 0.9,
          "Delay": 0.9,
          "Acceleration": 0.9,
          "Radius": 5
        },
        {
          "Position": {
            "X": 0,
            "Y": 15
          },
          "Mobility": 0.9,
          "Delay": 0.9,
          "Acceleration": 1,
          "Radius": 5
        }
      ],
      "Normalization": {
        "Position": {
          "Minimum": -10,
          "Default": 0,
          "Maximum": 10
        },
        "Angle": {
          "Minimum": -10,
          "Default": 0,
          "Maximum": 10
        }
      }
    }
  ]
}