{
  "Version": 3,
  "Meta": {
    "Duration": 1.833,
    "Fps": 60.0,
    "Loop": true,
    "AreBeziersRestricted": true,
    "FadeInTime": 0.0,
    "FadeOutTime": 0.0,
    "CurveCount": 326,
    "TotalSegmentCount": 627,
    "TotalPointCount": 679,
    "UserDataCount": 2,
    "TotalUserDataSize": 0
  },
  "Curves": [
    {
      "Target": "Parameter",
      "Id": "uidh2",
      "FadeInTime": -1.0,
      "FadeOutTime": -1.0,
      "Segments": [
        0,
        0,
        0,
        0.7,
        1,
        2,
        1.833,
        1
      ]
    },
    {
      "Target": "Parameter",
      "Id": "MB_wutixialuoxunhuan",
      "FadeInTime": -1.0,
      "FadeOutTime": -1.0,
      "Segments": [
        0,
        0,
        1,
        0.611,
        0.668,
        1.222,
        1.335,
        1.833,
        2.003
      ]
    },
    {
      "Target": "Parameter",
      "Id": "ydxh",
      "FadeInTime": -1.0,
      "FadeOutTime": -1.0,
      "Segments": [
        0,
        0,
        1,
        0.611,
        1.113,
        1.222,
        2.225,
        1.833,
        3.338
      ]
    },
    {
      "Target": "Parameter",
      "Id": "MB_wutixialuojiaodu",
      "FadeInTime": -1.0,
      "FadeOutTime": -1.0,
      "Segments": [
        0,
        -14,
        1,
        0.611,
        -18.673,
        1.222,
        -22.785,
        1.833,
        -22.785
      ]
    },
    {
      "Target": "Parameter",
      "Id": "MB_Awutijiaodu",
      "FadeInTime": -1.0,
      "FadeOutTime": -1.0,
      "Segments": [
        0,
        0.8,
        0,
        1.833,
        -0.686
      ]
    },
    {
      "Target": "Parameter",
      "Id": "MB_Cwutijiaodu",
      "FadeInTime": -1.0,
      "FadeOutTime": -1.0,
      "Segments": [
        0,
        -0.9,
        1,
        0.611,
        -1,
        1.222,
        -0.998,
        1.833,
        -0.998
      ]
    },
    {
      "Target": "Parameter",
      "Id": "MB_Cwutifanzhuan",
      "FadeInTime": -1.0,
      "FadeOutTime": -1.0,
      "Segments": [
        0,
        -0.7,
        1,
        0.611,
        -0.907,
        1.222,
        -0.992,
        1.833,
        -0.992
      ]
    },
    {
      "Target": "Parameter",
      "Id": "MB_Bwutijiaodu",
      "FadeInTime": -1.0,
      "FadeOutTime": -1.0,
      "Segments": [
        0,
        -0.7,
        1,
        0.611,
        -0.907,
        1.222,
        -0.992,
        1.833,
        -0.992
      ]
    },
    {
      "Target": "Parameter",
      "Id": "MB_Bwutifanzhuan",
      "FadeInTime": -1.0,
      "FadeOutTime": -1.0,
      "Segments": [
        0,
        -0.3,
        1,
        0.611,
        -0.422,
        1.222,
        -0.934,
        1.833,
        -0.934
      ]
    },
    {
      "Target": "Parameter",
      "Id": "ParamAngleX",
      "FadeInTime": -1.0,
      "FadeOutTime": -1.0,
      "Segments": [
        0,
        4.121,
        1,
        0.478,
        4.403,
        0.955,
        4.62,
        1.433,
        4.62,
        0,
        1.833,
        4.121
      ]
    },
    {
      "Target": "Parameter",
      "Id": "ParamAngleY",
      "FadeInTime": -1.0,
      "FadeOutTime": -1.0,
      "Segments": [
        0,
        -13.875,
        1,
        0.317,
        -4.381,
        0.633,
        0,
        0.95,
        0,
        0,
        1.833,
        -13.875
      ]
    },
    {
      "Target": "Parameter",
      "Id": "ParamAngleZA",
      "FadeInTime": -1.0,
      "FadeOutTime": -1.0,
      "Segments": [
        0,
        -2.256,
        1,
        0.217,
        -2.886,
        0.433,
        -3,
        0.65,
        -3,
        0,
        1.833,
        -2.256
      ]
    },
    {
      "Target": "Parameter",
      "Id": "ParamAngleZB",
      "FadeInTime": -1.0,
      "FadeOutTime": -1.0,
      "Segments": [
        0,
        -11.123,
        1,
        0.161,
        -13.082,
        0.322,
        -13.04,
        0.483,
        -13.04,
        0,
        1.833,
        -11.123
      ]
    },
    {
      "Target": "Parameter",
      "Id": "ParamBodyAngleX1",
      "FadeInTime": -1.0,
      "FadeOutTime": -1.0,
      "Segments": [
        0,
        -2.242,
        1,
        0.194,
        -3.47,
        0.389,
        -3.6,
        0.583,
        -3.6,
        0,
        1.833,
        -2.242
      ]
    },
    {
      "Target": "Parameter",
      "Id": "ParamBodyAngleY1",
      "FadeInTime": -1.0,
      "FadeOutTime": -1.0,
      "Segments": [
        0,
        7.318,
        1,
        0.122,
        9.402,
        0.245,
        9,
        0.367,
        9,
        0,
        1.833,
        7.318
      ]
    },
    {
      "Target": "Parameter",
      "Id": "ParamBodyAngleY2",
      "FadeInTime": -1.0,
      "FadeOutTime": -1.0,
      "Segments": [
        0,
        -3.789,
        1,
        0.128,
        -5.262,
        0.255,
        -5,
        0.383,
        -5,
        0,
        1.833,
        -3.789
      ]
    },
    {
      "Target": "Parameter",
      "Id": "yaoz3",
      "FadeInTime": -1.0,
      "FadeOutTime": -1.0,
      "Segments": [
        0,
        17.975,
        1,
        0.317,
        26.203,
        0.633,
        30,
        0.95,
        30,
        0,
        1.833,
        17.975
      ]
    },
    {
      "Target": "Parameter",
      "Id": "yaoz4",
      "FadeInTime": -1.0,
      "FadeOutTime": -1.0,
      "Segments": [
        0,
        3.457,
        1,
        0.211,
        10.781,
        0.422,
        12,
        0.633,
        12,
        0,
        1.833,
        3.457
      ]
    },
    {
      "Target": "Parameter",
      "Id": "qsy",
      "FadeInTime": -1.0,
      "FadeOutTime": -1.0,
      "Segments": [
        0,
        30,
        0,
        0.633,
        21,
        0,
        1.833,
        30
      ]
    },
    {
      "Target": "Parameter",
      "Id": "Ltuixz",
      "FadeInTime": -1.0,
      "FadeOutTime": -1.0,
      "Segments": [
        0,
        0,
        0,
        0.833,
        6.361,
        0,
        1.833,
        0
      ]
    },
    {
      "Target": "Parameter",
      "Id": "lhwl1",
      "FadeInTime": -1.0,
      "FadeOutTime": -1.0,
      "Segments": [
        0,
        0,
        0,
        0.3,
        -4.098,
        0,
        1.033,
        4.5,
        0,
        1.75,
        -1.252,
        0,
        1.833,
        0
      ]
    },
    {
      "Target": "Parameter",
      "Id": "lhwl2",
      "FadeInTime": -1.0,
      "FadeOutTime": -1.0,
      "Segments": [
        0,
        0,
        0,
        0.183,
        1.343,
        0,
        0.517,
        -1.623,
        0,
        1.133,
        0.607,
        0,
        1.317,
        0.464,
        0,
        1.6,
        1.109,
        0,
        1.833,
        0
      ]
    },
    {
      "Target": "Parameter",
      "Id": "lhwl3",
      "FadeInTime": -1.0,
      "FadeOutTime": -1.0,
      "Segments": [
        0,
        0,
        0,
        0.05,
        0.023,
        2,
        0.067,
        0.023,
        0,
        0.3,
        1.289,
        0,
        0.633,
        -2.202,
        0,
        1.233,
        0.769,
        0,
        1.45,
        0.482,
        0,
        1.7,
        1.034,
        0,
        1.833,
        0
      ]
    },
    {
      "Target": "Parameter",
      "Id": "lhwl4",
      "FadeInTime": -1.0,
      "FadeOutTime": -1.0,
      "Segments": [
        0,
        0,
        0,
        0.1,
        -0.187,
        0,
        0.4,
        1.367,
        0,
        0.75,
        -2.839,
        0,
        1.267,
        0.852,
        0,
        1.567,
        0.452,
        0,
        1.8,
        0.994,
        0,
        1.833,
        0
      ]
    },
    {
      "Target": "Parameter",
      "Id": "lhwl5",
      "FadeInTime": -1.0,
      "FadeOutTime": -1.0,
      "Segments": [
        0,
        0,
        0,
        0.1,
        -0.187,
        0,
        0.4,
        1.367,
        0,
        0.75,
        -2.839,
        0,
        1.267,
        0.852,
        0,
        1.567,
        0.452,
        0,
        1.8,
        0.994,
        0,
        1.833,
        0
      ]
    },
    {
      "Target": "Parameter",
      "Id": "lhwl6",
      "FadeInTime": -1.0,
      "FadeOutTime": -1.0,
      "Segments": [
        0,
        0,
        0,
        0.317,
        -1.722,
        0,
        0.867,
        3.253,
        0,
        1.633,
        -1.409,
        0,
        1.833,
        0
      ]
    },
    {
      "Target": "Parameter",
      "Id": "lhwl7",
      "FadeInTime": -1.0,
      "FadeOutTime": -1.0,
      "Segments": [
        0,
        0,
        0,
        0.017,
        -0.895,
        0,
        0.15,
        -0.616,
        0,
        0.55,
        -5.643,
        0,
        1.117,
        7.553,
        0,
        1.833,
        0
      ]
    },
    {
      "Target": "Parameter",
      "Id": "lhwl8",
      "FadeInTime": -1.0,
      "FadeOutTime": -1.0,
      "Segments": [
        0,
        0,
        1,
        0.011,
        0,
        0.022,
        -0.044,
        0.033,
        0.033,
        1,
        0.139,
        0.763,
        0.244,
        1.519,
        0.35,
        1.519,
        0,
        0.75,
        -3.552,
        0,
        1.217,
        2.717,
        0,
        1.617,
        -0.244,
        0,
        1.817,
        0.328,
        0,
        1.833,
        0
      ]
    },
    {
      "Target": "Parameter",
      "Id": "lhwl9",
      "FadeInTime": -1.0,
      "FadeOutTime": -1.0,
      "Segments": [
        0,
        0,
        1,
        0.039,
        0,
        0.078,
        -0.049,
        0.117,
        0.045,
        1,
        0.228,
        0.313,
        0.339,
        1.619,
        0.45,
        1.619,
        0,
        0.85,
        -4.404,
        0,
        1.317,
        3.912,
        0,
        1.7,
        -0.956,
        0,
        1.833,
        0
      ]
    },
    {
      "Target": "Parameter",
      "Id": "lhwl10",
      "FadeInTime": -1.0,
      "FadeOutTime": -1.0,
      "Segments": [
        0,
        0,
        0,
        0.017,
        0.139,
        0,
        0.2,
        0.065,
        0,
        0.55,
        1.731,
        0,
        0.95,
        -5.349,
        0,
        1.4,
        5.057,
        0,
        1.783,
        -1.989,
        0,
        1.833,
        0
      ]
    },
    {
      "Target": "Parameter",
      "Id": "lhwl11",
      "FadeInTime": -1.0,
      "FadeOutTime": -1.0,
      "Segments": [
        0,
        0,
        0,
        0.333,
        -1.931,
        0,
        0.867,
        3.241,
        0,
        1.467,
        -1.512,
        2,
        1.483,
        -1.512,
        2,
        1.5,
        -1.512,
        0,
        1.517,
        -1.511,
        0,
        1.617,
        -1.577,
        0,
        1.833,
        0
      ]
    },
    {
      "Target": "Parameter",
      "Id": "lhwl12",
      "FadeInTime": -1.0,
      "FadeOutTime": -1.0,
      "Segments": [
        0,
        0,
        0,
        0.167,
        1.094,
        0,
        0.567,
        -5.434,
        0,
        1.117,
        7.66,
        0,
        1.833,
        0
      ]
    },
    {
      "Target": "Parameter",
      "Id": "lhwl13",
      "FadeInTime": -1.0,
      "FadeOutTime": -1.0,
      "Segments": [
        0,
        0,
        0,
        0.367,
        2.031,
        0,
        0.75,
        -3.909,
        0,
        1.233,
        3.191,
        0,
        1.617,
        -0.53,
        0,
        1.833,
        0
      ]
    },
    {
      "Target": "Parameter",
      "Id": "lhwl14",
      "FadeInTime": -1.0,
      "FadeOutTime": -1.0,
      "Segments": [
        0,
        0,
        0,
        0.467,
        2.195,
        0,
        0.85,
        -4.921,
        0,
        1.3,
        4.259,
        0,
        1.7,
        -1.313,
        0,
        1.833,
        0
      ]
    },
    {
      "Target": "Parameter",
      "Id": "lhwl15",
      "FadeInTime": -1.0,
      "FadeOutTime": -1.0,
      "Segments": [
        0,
        0,
        0,
        0.017,
        -0.083,
        0,
        0.567,
        2.371,
        0,
        0.95,
        -6.046,
        0,
        1.383,
        5.778,
        0,
        1.8,
        -2.43,
        0,
        1.833,
        0
      ]
    },
    {
      "Target": "Parameter",
      "Id": "mwwl1",
      "FadeInTime": -1.0,
      "FadeOutTime": -1.0,
      "Segments": [
        0,
        0,
        0,
        0.317,
        -5.075,
        0,
        0.9,
        6.686,
        0,
        1.717,
        -4.143,
        0,
        1.833,
        0
      ]
    },
    {
      "Target": "Parameter",
      "Id": "mwwl2",
      "FadeInTime": -1.0,
      "FadeOutTime": -1.0,
      "Segments": [
        0,
        0,
        0,
        0.217,
        1.821,
        0,
        0.567,
        -3.425,
        0,
        1.017,
        2.666,
        0,
        1.4,
        -0.795,
        0,
        1.65,
        0.948,
        0,
        1.833,
        0
      ]
    },
    {
      "Target": "Parameter",
      "Id": "mwwl3",
      "FadeInTime": -1.0,
      "FadeOutTime": -1.0,
      "Segments": [
        0,
        0,
        0,
        0.35,
        1.912,
        0,
        0.717,
        -4.994,
        0,
        1.133,
        5.249,
        0,
        1.533,
        -2.939,
        0,
        1.833,
        0
      ]
    },
    {
      "Target": "Parameter",
      "Id": "mwwl4",
      "FadeInTime": -1.0,
      "FadeOutTime": -1.0,
      "Segments": [
        0,
        0,
        0,
        0.017,
        -0.002,
        2,
        0.033,
        -0.002,
        0,
        0.483,
        2.118,
        0,
        0.85,
        -6.899,
        0,
        1.267,
        9.267,
        0,
        1.65,
        -7.167,
        0,
        1.833,
        0
      ]
    },
    {
      "Target": "Parameter",
      "Id": "mwwl5",
      "FadeInTime": -1.0,
      "FadeOutTime": -1.0,
      "Segments": [
        0,
        0,
        1,
        0.044,
        0,
        0.089,
        -0.002,
        0.133,
        0.001,
        1,
        0.289,
        0.011,
        0.444,
        2.404,
        0.6,
        2.404,
        0,
        0.983,
        -9.192,
        0,
        1.383,
        14.86,
        0,
        1.783,
        -14.416,
        0,
        1.833,
        0
      ]
    },
    {
      "Target": "Parameter",
      "Id": "mwwl6",
      "FadeInTime": -1.0,
      "FadeOutTime": -1.0,
      "Segments": [
        0,
        0,
        0,
        0.35,
        4.927,
        0,
        0.933,
        -7.283,
        0,
        1.733,
        4.144,
        0,
        1.833,
        0
      ]
    },
    {
      "Target": "Parameter",
      "Id": "mwwl7",
      "FadeInTime": -1.0,
      "FadeOutTime": -1.0,
      "Segments": [
        0,
        0,
        0,
        0.217,
        -1.613,
        0,
        0.6,
        3.11,
        0,
        1.067,
        -2.764,
        0,
        1.467,
        0.727,
        0,
        1.667,
        -0.325,
        0,
        1.833,
        0
      ]
    },
    {
      "Target": "Parameter",
      "Id": "mwwl8",
      "FadeInTime": -1.0,
      "FadeOutTime": -1.0,
      "Segments": [
        0,
        0,
        0,
        0.367,
        -1.748,
        0,
        0.75,
        4.621,
        0,
        1.183,
        -5.089,
        0,
        1.583,
        2.764,
        0,
        1.833,
        0
      ]
    },
    {
      "Target": "Parameter",
      "Id": "mwwl9",
      "FadeInTime": -1.0,
      "FadeOutTime": -1.0,
      "Segments": [
        0,
        0,
        1,
        0.011,
        0,
        0.022,
        0.008,
        0.033,
        -0.001,
        1,
        0.183,
        -0.12,
        0.333,
        -1.97,
        0.483,
        -1.97,
        0,
        0.883,
        6.464,
        0,
        1.3,
        -8.822,
        0,
        1.7,
        6.708,
        0,
        1.833,
        0
      ]
    },
    {
      "Target": "Parameter",
      "Id": "mwwl10",
      "FadeInTime": -1.0,
      "FadeOutTime": -1.0,
      "Segments": [
        0,
        0,
        1,
        0.044,
        0,
        0.089,
        0.014,
        0.133,
        -0.007,
        1,
        0.294,
        -0.082,
        0.456,
        -2.252,
        0.617,
        -2.252,
        0,
        1,
        8.657,
        0,
        1.417,
        -14.074,
        0,
        1.833,
        0
      ]
    },
    {
      "Target": "Parameter",
      "Id": "xbkz2",
      "FadeInTime": -1.0,
      "FadeOutTime": -1.0,
      "Segments": [
        0,
        0,
        0,
        0.683,
        30,
        0,
        1.583,
        -30,
        0,
        1.833,
        0
      ]
    },
    {
      "Target": "Parameter",
      "Id": "yxx1",
      "FadeInTime": -1.0,
      "FadeOutTime": -1.0,
      "Segments": [
        0,
        0,
        0,
        0.017,
        0.021,
        0,
        0.3,
        0.002,
        0,
        0.55,
        0.009,
        0,
        0.85,
        0.002,
        2,
        0.867,
        0.002,
        2,
        0.883,
        0.002,
        2,
        0.9,
        0.002,
        2,
        0.917,
        0.002,
        2,
        0.933,
        0.002,
        2,
        0.95,
        0.002,
        2,
        1,
        0.002,
        2,
        1.017,
        0.002,
        2,
        1.033,
        0.002,
        0,
        1.733,
        -0.009,
        2,
        1.75,
        -0.009,
        2,
        1.767,
        -0.009,
        2,
        1.783,
        -0.009,
        2,
        1.8,
        -0.009,
        2,
        1.817,
        -0.009,
        0,
        1.833,
        0
      ]
    },
    {
      "Target": "Parameter",
      "Id": "yxx2",
      "FadeInTime": -1.0,
      "FadeOutTime": -1.0,
      "Segments": [
        0,
        0,
        0,
        0.183,
        0.024,
        2,
        0.2,
        0.024,
        0,
        0.467,
        0,
        0,
        0.717,
        0.013,
        0,
        1,
        0.003,
        2,
        1.017,
        0.003,
        0,
        1.2,
        0.005,
        2,
        1.233,
        0.005,
        0,
        1.517,
        0,
        2,
        1.533,
        0,
        2,
        1.55,
        0,
        2,
        1.567,
        0,
        2,
        1.833,
        0
      ]
    },
    {
      "Target": "Parameter",
      "Id": "yxrx1",
      "FadeInTime": -1.0,
      "FadeOutTime": -1.0,
      "Segments": [
        0,
        0,
        0,
        0.3,
        0.015,
        0,
        0.567,
        -0.012,
        0,
        0.833,
        0.01,
        2,
        0.85,
        0.01,
        0,
        1.1,
        -0.005,
        2,
        1.117,
        -0.005,
        0,
        1.367,
        0.004,
        2,
        1.383,
        0.004,
        0,
        1.6,
        0,
        2,
        1.633,
        0,
        0,
        1.75,
        0.001,
        2,
        1.8,
        0.001,
        0,
        1.833,
        0
      ]
    },
    {
      "Target": "Parameter",
      "Id": "yxx3",
      "FadeInTime": -1.0,
      "FadeOutTime": -1.0,
      "Segments": [
        0,
        0,
        0,
        0.017,
        -0.021,
        0,
        0.3,
        -0.002,
        0,
        0.55,
        -0.009,
        0,
        0.85,
        -0.002,
        2,
        0.867,
        -0.002,
        2,
        0.883,
        -0.002,
        2,
        0.9,
        -0.002,
        2,
        0.917,
        -0.002,
        2,
        0.933,
        -0.002,
        2,
        0.95,
        -0.002,
        2,
        1,
        -0.002,
        2,
        1.017,
        -0.002,
        2,
        1.033,
        -0.002,
        0,
        1.733,
        0.009,
        2,
        1.75,
        0.009,
        2,
        1.767,
        0.009,
        2,
        1.783,
        0.009,
        2,
        1.8,
        0.009,
        2,
        1.817,
        0.009,
        0,
        1.833,
        0
      ]
    },
    {
      "Target": "Parameter",
      "Id": "yxx4",
      "FadeInTime": -1.0,
      "FadeOutTime": -1.0,
      "Segments": [
        0,
        0,
        0,
        0.183,
        -0.024,
        2,
        0.2,
        -0.024,
        0,
        0.467,
        0,
        0,
        0.717,
        -0.013,
        0,
        1,
        -0.003,
        2,
        1.017,
        -0.003,
        0,
        1.2,
        -0.005,
        2,
        1.233,
        -0.005,
        0,
        1.517,
        0,
        2,
        1.533,
        0,
        2,
        1.55,
        0,
        2,
        1.567,
        0,
        2,
        1.833,
        0
      ]
    },
    {
      "Target": "Parameter",
      "Id": "yxrx4",
      "FadeInTime": -1.0,
      "FadeOutTime": -1.0,
      "Segments": [
        0,
        0,
        0,
        0.3,
        -0.015,
        0,
        0.567,
        0.012,
        0,
        0.833,
        -0.01,
        2,
        0.85,
        -0.01,
        0,
        1.1,
        0.005,
        2,
        1.117,
        0.005,
        0,
        1.367,
        -0.004,
        2,
        1.383,
        -0.004,
        0,
        1.6,
        0,
        2,
        1.633,
        0,
        0,
        1.75,
        -0.001,
        2,
        1.8,
        -0.001,
        0,
        1.833,
        0
      ]
    },
    {
      "Target": "Parameter",
      "Id": "yxrx2",
      "FadeInTime": -1.0,
      "FadeOutTime": -1.0,
      "Segments": [
        0,
        0,
        0,
        0.017,
        0.009,
        0,
        0.3,
        -0.011,
        0,
        0.6,
        0.003,
        2,
        0.633,
        0.003,
        0,
        0.967,
        -0.003,
        2,
        0.983,
        -0.003,
        0,
        1.233,
        -0.001,
        2,
        1.25,
        -0.001,
        2,
        1.267,
        -0.001,
        2,
        1.317,
        -0.001,
        2,
        1.333,
        -0.001,
        2,
        1.367,
        -0.001,
        0,
        1.4,
        -0.002,
        2,
        1.417,
        -0.002,
        0,
        1.617,
        -0.004,
        2,
        1.667,
        -0.004,
        0,
        1.833,
        0
      ]
    },
    {
      "Target": "Parameter",
      "Id": "yxrx3",
      "FadeInTime": -1.0,
      "FadeOutTime": -1.0,
      "Segments": [
        0,
        0,
        0,
        0.1,
        0.009,
        0,
        0.433,
        -0.013,
        0,
        0.767,
        0.006,
        2,
        0.783,
        0.006,
        0,
        1.117,
        -0.005,
        2,
        1.133,
        -0.005,
        0,
        1.45,
        0,
        2,
        1.467,
        0,
        2,
        1.483,
        0,
        2,
        1.5,
        0,
        0,
        1.767,
        -0.004,
        2,
        1.783,
        -0.004,
        2,
        1.8,
        -0.004,
        2,
        1.817,
        -0.004,
        0,
        1.833,
        0
      ]
    },
    {
      "Target": "Parameter",
      "Id": "yxrx5",
      "FadeInTime": -1.0,
      "FadeOutTime": -1.0,
      "Segments": [
        0,
        0,
        0,
        0.217,
        0.009,
        0,
        0.567,
        -0.015,
        2,
        0.583,
        -0.015,
        0,
        0.917,
        0.01,
        2,
        0.933,
        0.01,
        0,
        1.267,
        -0.008,
        2,
        1.283,
        -0.008,
        0,
        1.6,
        0.001,
        2,
        1.633,
        0.001,
        0,
        1.833,
        0
      ]
    },
    {
      "Target": "Parameter",
      "Id": "twl1",
      "FadeInTime": -1.0,
      "FadeOutTime": -1.0,
      "Segments": [
        0,
        0,
        0,
        0.017,
        -0.021,
        0,
        0.3,
        -0.002,
        0,
        0.55,
        -0.009,
        0,
        0.85,
        -0.002,
        2,
        0.867,
        -0.002,
        2,
        0.883,
        -0.002,
        2,
        0.9,
        -0.002,
        2,
        0.917,
        -0.002,
        2,
        0.933,
        -0.002,
        2,
        0.95,
        -0.002,
        2,
        1,
        -0.002,
        2,
        1.017,
        -0.002,
        2,
        1.033,
        -0.002,
        0,
        1.733,
        0.009,
        2,
        1.75,
        0.009,
        2,
        1.767,
        0.009,
        2,
        1.783,
        0.009,
        2,
        1.8,
        0.009,
        2,
        1.817,
        0.009,
        0,
        1.833,
        0
      ]
    },
    {
      "Target": "Parameter",
      "Id": "twl3",
      "FadeInTime": -1.0,
      "FadeOutTime": -1.0,
      "Segments": [
        0,
        0,
        0,
        0.183,
        -0.024,
        2,
        0.2,
        -0.024,
        0,
        0.467,
        0,
        0,
        0.717,
        -0.013,
        0,
        1,
        -0.003,
        2,
        1.017,
        -0.003,
        0,
        1.2,
        -0.005,
        2,
        1.233,
        -0.005,
        0,
        1.517,
        0,
        2,
        1.533,
        0,
        2,
        1.55,
        0,
        2,
        1.567,
        0,
        2,
        1.833,
        0
      ]
    },
    {
      "Target": "Parameter",
      "Id": "twl2",
      "FadeInTime": -1.0,
      "FadeOutTime": -1.0,
      "Segments": [
        0,
        0,
        0,
        0.3,
        -0.015,
        0,
        0.567,
        0.012,
        0,
        0.833,
        -0.01,
        2,
        0.85,
        -0.01,
        0,
        1.1,
        0.005,
        2,
        1.117,
        0.005,
        0,
        1.367,
        -0.004,
        2,
        1.383,
        -0.004,
        0,
        1.6,
        0,
        2,
        1.633,
        0,
        0,
        1.75,
        -0.001,
        2,
        1.8,
        -0.001,
        0,
        1.833,
        0
      ]
    },
    {
      "Target": "Parameter",
      "Id": "touch_drag11",
      "FadeInTime": -1.0,
      "FadeOutTime": -1.0,
      "Segments": [
        0,
        0,
        0,
        1.833,
        0
      ]
    },
    {
      "Target": "Parameter",
      "Id": "Paramtouch_idle1",
      "FadeInTime": -1.0,
      "FadeOutTime": -1.0,
      "Segments": [
        0,
        0,
        0,
        1.833,
        0
      ]
    },
    {
      "Target": "Parameter",
      "Id": "Paramtouch_idle2",
      "FadeInTime": -1.0,
      "FadeOutTime": -1.0,
      "Segments": [
        0,
        0,
        0,
        1.833,
        0
      ]
    },
    {
      "Target": "Parameter",
      "Id": "Paramtouch_idle3",
      "FadeInTime": -1.0,
      "FadeOutTime": -1.0,
      "Segments": [
        0,
        0,
        0,
        1.833,
        0
      ]
    },
    {
      "Target": "Parameter",
      "Id": "Paramtouch_idle4",
      "FadeInTime": -1.0,
      "FadeOutTime": -1.0,
      "Segments": [
        0,
        0,
        0,
        1.833,
        0
      ]
    },
    {
      "Target": "Parameter",
      "Id": "Paramtouch_idle5",
      "FadeInTime": -1.0,
      "FadeOutTime": -1.0,
      "Segments": [
        0,
        0,
        0,
        1.833,
        0
      ]
    },
    {
      "Target": "Parameter",
      "Id": "Paramtouch_idle6",
      "FadeInTime": -1.0,
      "FadeOutTime": -1.0,
      "Segments": [
        0,
        0,
        0,
        1.833,
        0
      ]
    },
    {
      "Target": "Parameter",
      "Id": "Paramtouch_idle7",
      "FadeInTime": -1.0,
      "FadeOutTime": -1.0,
      "Segments": [
        0,
        0,
        0,
        1.833,
        0
      ]
    },
    {
      "Target": "Parameter",
      "Id": "Paramtouch_idle8",
      "FadeInTime": -1.0,
      "FadeOutTime": -1.0,
      "Segments": [
        0,
        0,
        0,
        1.833,
        0
      ]
    },
    {
      "Target": "Parameter",
      "Id": "Paramtouch_idle9",
      "FadeInTime": -1.0,
      "FadeOutTime": -1.0,
      "Segments": [
        0,
        0,
        0,
        1.833,
        0
      ]
    },
    {
      "Target": "Parameter",
      "Id": "Paramtouch_idle10",
      "FadeInTime": -1.0,
      "FadeOutTime": -1.0,
      "Segments": [
        0,
        0,
        0,
        1.833,
        0
      ]
    },
    {
      "Target": "Parameter",
      "Id": "Paramtouch_idle11",
      "FadeInTime": -1.0,
      "FadeOutTime": -1.0,
      "Segments": [
        0,
        0,
        0,
        1.833,
        0
      ]
    },
    {
      "Target": "Parameter",
      "Id": "Paramtouch_idle12",
      "FadeInTime": -1.0,
      "FadeOutTime": -1.0,
      "Segments": [
        0,
        0,
        0,
        1.833,
        0
      ]
    },
    {
      "Target": "Parameter",
      "Id": "Paramtouch_idle13",
      "FadeInTime": -1.0,
      "FadeOutTime": -1.0,
      "Segments": [
        0,
        0,
        0,
        1.833,
        0
      ]
    },
    {
      "Target": "Parameter",
      "Id": "Paramtouch_idle14",
      "FadeInTime": -1.0,
      "FadeOutTime": -1.0,
      "Segments": [
        0,
        0,
        0,
        1.833,
        0
      ]
    },
    {
      "Target": "Parameter",
      "Id": "Paramtouch_idle15",
      "FadeInTime": -1.0,
      "FadeOutTime": -1.0,
      "Segments": [
        0,
        0,
        0,
        1.833,
        0
      ]
    },
    {
      "Target": "Parameter",
      "Id": "Paramtouch_idle16",
      "FadeInTime": -1.0,
      "FadeOutTime": -1.0,
      "Segments": [
        0,
        0,
        0,
        1.833,
        0
      ]
    },
    {
      "Target": "Parameter",
      "Id": "Paramtouch_idle17",
      "FadeInTime": -1.0,
      "FadeOutTime": -1.0,
      "Segments": [
        0,
        0,
        0,
        1.833,
        0
      ]
    },
    {
      "Target": "Parameter",
      "Id": "Paramtouch_idle18",
      "FadeInTime": -1.0,
      "FadeOutTime": -1.0,
      "Segments": [
        0,
        0,
        0,
        1.833,
        0
      ]
    },
    {
      "Target": "Parameter",
      "Id": "Paramtouch_idle19",
      "FadeInTime": -1.0,
      "FadeOutTime": -1.0,
      "Segments": [
        0,
        0,
        0,
        1.833,
        0
      ]
    },
    {
      "Target": "Parameter",
      "Id": "Paramtouch_idle20",
      "FadeInTime": -1.0,
      "FadeOutTime": -1.0,
      "Segments": [
        0,
        0,
        0,
        1.833,
        0
      ]
    },
    {
      "Target": "Parameter",
      "Id": "touch_drag2",
      "FadeInTime": -1.0,
      "FadeOutTime": -1.0,
      "Segments": [
        0,
        0,
        0,
        1.833,
        0
      ]
    },
    {
      "Target": "Parameter",
      "Id": "touch_drag3",
      "FadeInTime": -1.0,
      "FadeOutTime": -1.0,
      "Segments": [
        0,
        0,
        0,
        1.833,
        0
      ]
    },
    {
      "Target": "Parameter",
      "Id": "touch_drag4",
      "FadeInTime": -1.0,
      "FadeOutTime": -1.0,
      "Segments": [
        0,
        0,
        0,
        1.833,
        0
      ]
    },
    {
      "Target": "Parameter",
      "Id": "touch_drag5",
      "FadeInTime": -1.0,
      "FadeOutTime": -1.0,
      "Segments": [
        0,
        0,
        0,
        1.833,
        0
      ]
    },
    {
      "Target": "Parameter",
      "Id": "touch_drag6",
      "FadeInTime": -1.0,
      "FadeOutTime": -1.0,
      "Segments": [
        0,
        0,
        0,
        1.833,
        0
      ]
    },
    {
      "Target": "Parameter",
      "Id": "touch_drag12",
      "FadeInTime": -1.0,
      "FadeOutTime": -1.0,
      "Segments": [
        0,
        0,
        0,
        1.833,
        0
      ]
    },
    {
      "Target": "Parameter",
      "Id": "touch_drag7",
      "FadeInTime": -1.0,
      "FadeOutTime": -1.0,
      "Segments": [
        0,
        0,
        0,
        1.833,
        0
      ]
    },
    {
      "Target": "Parameter",
      "Id": "touch_drag8",
      "FadeInTime": -1.0,
      "FadeOutTime": -1.0,
      "Segments": [
        0,
        0,
        0,
        1.833,
        0
      ]
    },
    {
      "Target": "Parameter",
      "Id": "touch_drag9",
      "FadeInTime": -1.0,
      "FadeOutTime": -1.0,
      "Segments": [
        0,
        0,
        0,
        1.833,
        0
      ]
    },
    {
      "Target": "Parameter",
      "Id": "touch_drag10",
      "FadeInTime": -1.0,
      "FadeOutTime": -1.0,
      "Segments": [
        0,
        0,
        0,
        1.833,
        0
      ]
    },
    {
      "Target": "Parameter",
      "Id": "Paramtouch_idle21",
      "FadeInTime": -1.0,
      "FadeOutTime": -1.0,
      "Segments": [
        0,
        0,
        0,
        1.833,
        0
      ]
    },
    {
      "Target": "Parameter",
      "Id": "Paramtouch_idle22",
      "FadeInTime": -1.0,
      "FadeOutTime": -1.0,
      "Segments": [
        0,
        0,
        0,
        1.833,
        0
      ]
    },
    {
      "Target": "Parameter",
      "Id": "Paramtouch_idle23",
      "FadeInTime": -1.0,
      "FadeOutTime": -1.0,
      "Segments": [
        0,
        0,
        0,
        1.833,
        0
      ]
    },
    {
      "Target": "Parameter",
      "Id": "Paramtouch_idle24",
      "FadeInTime": -1.0,
      "FadeOutTime": -1.0,
      "Segments": [
        0,
        0,
        0,
        1.833,
        0
      ]
    },
    {
      "Target": "Parameter",
      "Id": "cmkduv",
      "FadeInTime": -1.0,
      "FadeOutTime": -1.0,
      "Segments": [
        0,
        0,
        0,
        1.833,
        0
      ]
    },
    {
      "Target": "Parameter",
      "Id": "TouchDrag12wy",
      "FadeInTime": -1.0,
      "FadeOutTime": -1.0,
      "Segments": [
        0,
        0,
        0,
        1.833,
        0
      ]
    },
    {
      "Target": "Parameter",
      "Id": "touch_dragwy",
      "FadeInTime": -1.0,
      "FadeOutTime": -1.0,
      "Segments": [
        0,
        0,
        0,
        1.833,
        0
      ]
    },
    {
      "Target": "Parameter",
      "Id": "TouchDrag1wy",
      "FadeInTime": -1.0,
      "FadeOutTime": -1.0,
      "Segments": [
        0,
        0,
        0,
        1.833,
        0
      ]
    },
    {
      "Target": "Parameter",
      "Id": "TouchDrag1wy2",
      "FadeInTime": -1.0,
      "FadeOutTime": -1.0,
      "Segments": [
        0,
        0,
        0,
        1.833,
        0
      ]
    },
    {
      "Target": "Parameter",
      "Id": "TouchDrag1wy3",
      "FadeInTime": -1.0,
      "FadeOutTime": -1.0,
      "Segments": [
        0,
        0,
        0,
        1.833,
        0
      ]
    },
    {
      "Target": "Parameter",
      "Id": "TouchDrag1wy4",
      "FadeInTime": -1.0,
      "FadeOutTime": -1.0,
      "Segments": [
        0,
        0,
        0,
        1.833,
        0
      ]
    },
    {
      "Target": "Parameter",
      "Id": "TouchDrag1wy5",
      "FadeInTime": -1.0,
      "FadeOutTime": -1.0,
      "Segments": [
        0,
        0,
        0,
        1.833,
        0
      ]
    },
    {
      "Target": "Parameter",
      "Id": "TouchDrag1wy6",
      "FadeInTime": -1.0,
      "FadeOutTime": -1.0,
      "Segments": [
        0,
        0,
        0,
        1.833,
        0
      ]
    },
    {
      "Target": "Parameter",
      "Id": "TouchDrag1wy7",
      "FadeInTime": -1.0,
      "FadeOutTime": -1.0,
      "Segments": [
        0,
        0,
        0,
        1.833,
        0
      ]
    },
    {
      "Target": "Parameter",
      "Id": "TouchDrag1wy8",
      "FadeInTime": -1.0,
      "FadeOutTime": -1.0,
      "Segments": [
        0,
        0,
        0,
        1.833,
        0
      ]
    },
    {
      "Target": "Parameter",
      "Id": "TouchDrag1wy9",
      "FadeInTime": -1.0,
      "FadeOutTime": -1.0,
      "Segments": [
        0,
        0,
        0,
        1.833,
        0
      ]
    },
    {
      "Target": "Parameter",
      "Id": "TouchDrag1wy10",
      "FadeInTime": -1.0,
      "FadeOutTime": -1.0,
      "Segments": [
        0,
        0,
        0,
        1.833,
        0
      ]
    },
    {
      "Target": "Parameter",
      "Id": "TouchDrag1wy11",
      "FadeInTime": -1.0,
      "FadeOutTime": -1.0,
      "Segments": [
        0,
        0,
        0,
        1.833,
        0
      ]
    },
    {
      "Target": "Parameter",
      "Id": "TouchDrag1wy12",
      "FadeInTime": -1.0,
      "FadeOutTime": -1.0,
      "Segments": [
        0,
        0,
        0,
        1.833,
        0
      ]
    },
    {
      "Target": "Parameter",
      "Id": "TouchDrag1wy13",
      "FadeInTime": -1.0,
      "FadeOutTime": -1.0,
      "Segments": [
        0,
        0,
        0,
        1.833,
        0
      ]
    },
    {
      "Target": "Parameter",
      "Id": "TouchDrag1wy14",
      "FadeInTime": -1.0,
      "FadeOutTime": -1.0,
      "Segments": [
        0,
        0,
        0,
        1.833,
        0
      ]
    },
    {
      "Target": "Parameter",
      "Id": "TouchDrag1wy15",
      "FadeInTime": -1.0,
      "FadeOutTime": -1.0,
      "Segments": [
        0,
        0,
        0,
        1.833,
        0
      ]
    },
    {
      "Target": "Parameter",
      "Id": "TouchDrag1wy16",
      "FadeInTime": -1.0,
      "FadeOutTime": -1.0,
      "Segments": [
        0,
        0,
        0,
        1.833,
        0
      ]
    },
    {
      "Target": "Parameter",
      "Id": "TouchDrag1wy17",
      "FadeInTime": -1.0,
      "FadeOutTime": -1.0,
      "Segments": [
        0,
        0,
        0,
        1.833,
        0
      ]
    },
    {
      "Target": "Parameter",
      "Id": "TouchDrag1wy18",
      "FadeInTime": -1.0,
      "FadeOutTime": -1.0,
      "Segments": [
        0,
        0,
        0,
        1.833,
        0
      ]
    },
    {
      "Target": "Parameter",
      "Id": "TouchDrag1wy19",
      "FadeInTime": -1.0,
      "FadeOutTime": -1.0,
      "Segments": [
        0,
        0,
        0,
        1.833,
        0
      ]
    },
    {
      "Target": "Parameter",
      "Id": "TouchDrag1wy20",
      "FadeInTime": -1.0,
      "FadeOutTime": -1.0,
      "Segments": [
        0,
        0,
        0,
        1.833,
        0
      ]
    },
    {
      "Target": "Parameter",
      "Id": "TouchDrag2wy",
      "FadeInTime": -1.0,
      "FadeOutTime": -1.0,
      "Segments": [
        0,
        0,
        0,
        1.833,
        0
      ]
    },
    {
      "Target": "Parameter",
      "Id": "touch_drag3wy",
      "FadeInTime": -1.0,
      "FadeOutTime": -1.0,
      "Segments": [
        0,
        0,
        0,
        1.833,
        0
      ]
    },
    {
      "Target": "Parameter",
      "Id": "touch_drag3wy2",
      "FadeInTime": -1.0,
      "FadeOutTime": -1.0,
      "Segments": [
        0,
        0,
        0,
        1.833,
        0
      ]
    },
    {
      "Target": "Parameter",
      "Id": "touch_drag3wy3",
      "FadeInTime": -1.0,
      "FadeOutTime": -1.0,
      "Segments": [
        0,
        0,
        0,
        1.833,
        0
      ]
    },
    {
      "Target": "Parameter",
      "Id": "touch_drag3wy4",
      "FadeInTime": -1.0,
      "FadeOutTime": -1.0,
      "Segments": [
        0,
        0,
        0,
        1.833,
        0
      ]
    },
    {
      "Target": "Parameter",
      "Id": "touch_drag3wy5",
      "FadeInTime": -1.0,
      "FadeOutTime": -1.0,
      "Segments": [
        0,
        0,
        0,
        1.833,
        0
      ]
    },
    {
      "Target": "Parameter",
      "Id": "touch_drag3wy6",
      "FadeInTime": -1.0,
      "FadeOutTime": -1.0,
      "Segments": [
        0,
        0,
        0,
        1.833,
        0
      ]
    },
    {
      "Target": "Parameter",
      "Id": "touch_drag3wy7",
      "FadeInTime": -1.0,
      "FadeOutTime": -1.0,
      "Segments": [
        0,
        0,
        0,
        1.833,
        0
      ]
    },
    {
      "Target": "Parameter",
      "Id": "touch_drag3wy8",
      "FadeInTime": -1.0,
      "FadeOutTime": -1.0,
      "Segments": [
        0,
        0,
        0,
        1.833,
        0
      ]
    },
    {
      "Target": "Parameter",
      "Id": "TouchDrag1wy21",
      "FadeInTime": -1.0,
      "FadeOutTime": -1.0,
      "Segments": [
        0,
        0,
        0,
        1.833,
        0
      ]
    },
    {
      "Target": "Parameter",
      "Id": "TouchDrag1wy22",
      "FadeInTime": -1.0,
      "FadeOutTime": -1.0,
      "Segments": [
        0,
        0,
        0,
        1.833,
        0
      ]
    },
    {
      "Target": "Parameter",
      "Id": "TouchDrag1wy23",
      "FadeInTime": -1.0,
      "FadeOutTime": -1.0,
      "Segments": [
        0,
        0,
        0,
        1.833,
        0
      ]
    },
    {
      "Target": "Parameter",
      "Id": "TouchDrag1wy24",
      "FadeInTime": -1.0,
      "FadeOutTime": -1.0,
      "Segments": [
        0,
        0,
        0,
        1.833,
        0
      ]
    },
    {
      "Target": "Parameter",
      "Id": "ParamBodyAngleY",
      "FadeInTime": -1.0,
      "FadeOutTime": -1.0,
      "Segments": [
        0,
        0,
        0,
        1.833,
        0
      ]
    },
    {
      "Target": "Parameter",
      "Id": "ParamBodyAngleX",
      "FadeInTime": -1.0,
      "FadeOutTime": -1.0,
      "Segments": [
        0,
        0,
        0,
        1.833,
        0
      ]
    },
    {
      "Target": "Parameter",
      "Id": "koushuishangxia",
      "FadeInTime": -1.0,
      "FadeOutTime": -1.0,
      "Segments": [
        0,
        0,
        0,
        1.833,
        0
      ]
    },
    {
      "Target": "Parameter",
      "Id": "koushuizuoyou",
      "FadeInTime": -1.0,
      "FadeOutTime": -1.0,
      "Segments": [
        0,
        0,
        0,
        1.833,
        0
      ]
    },
    {
      "Target": "Parameter",
      "Id": "koushuijiaodu",
      "FadeInTime": -1.0,
      "FadeOutTime": -1.0,
      "Segments": [
        0,
        0,
        0,
        1.833,
        0
      ]
    },
    {
      "Target": "Parameter",
      "Id": "koushuiyaobai",
      "FadeInTime": -1.0,
      "FadeOutTime": -1.0,
      "Segments": [
        0,
        0,
        0,
        1.833,
        0
      ]
    },
    {
      "Target": "Parameter",
      "Id": "koushuichangduan",
      "FadeInTime": -1.0,
      "FadeOutTime": -1.0,
      "Segments": [
        0,
        0,
        0,
        1.833,
        0
      ]
    },
    {
      "Target": "Parameter",
      "Id": "baiqidonghua",
      "FadeInTime": -1.0,
      "FadeOutTime": -1.0,
      "Segments": [
        0,
        0,
        0,
        1.833,
        0
      ]
    },
    {
      "Target": "Parameter",
      "Id": "swch2",
      "FadeInTime": -1.0,
      "FadeOutTime": -1.0,
      "Segments": [
        0,
        0,
        0,
        1.833,
        0
      ]
    },
    {
      "Target": "Parameter",
      "Id": "fmqh",
      "FadeInTime": -1.0,
      "FadeOutTime": -1.0,
      "Segments": [
        0,
        0,
        0,
        1.833,
        0
      ]
    },
    {
      "Target": "Parameter",
      "Id": "yqdjtx",
      "FadeInTime": -1.0,
      "FadeOutTime": -1.0,
      "Segments": [
        0,
        0,
        0,
        1.833,
        0
      ]
    },
    {
      "Target": "Parameter",
      "Id": "yqdjtx2",
      "FadeInTime": -1.0,
      "FadeOutTime": -1.0,
      "Segments": [
        0,
        0,
        0,
        1.833,
        0
      ]
    },
    {
      "Target": "Parameter",
      "Id": "yqdjtx3",
      "FadeInTime": -1.0,
      "FadeOutTime": -1.0,
      "Segments": [
        0,
        0,
        0,
        1.833,
        0
      ]
    },
    {
      "Target": "Parameter",
      "Id": "yqdjtx4",
      "FadeInTime": -1.0,
      "FadeOutTime": -1.0,
      "Segments": [
        0,
        0,
        0,
        1.833,
        0
      ]
    },
    {
      "Target": "Parameter",
      "Id": "yqdjtx5",
      "FadeInTime": -1.0,
      "FadeOutTime": -1.0,
      "Segments": [
        0,
        0,
        0,
        1.833,
        0
      ]
    },
    {
      "Target": "Parameter",
      "Id": "yl",
      "FadeInTime": -1.0,
      "FadeOutTime": -1.0,
      "Segments": [
        0,
        0,
        0,
        1.833,
        0
      ]
    },
    {
      "Target": "Parameter",
      "Id": "yl2",
      "FadeInTime": -1.0,
      "FadeOutTime": -1.0,
      "Segments": [
        0,
        0,
        0,
        1.833,
        0
      ]
    },
    {
      "Target": "Parameter",
      "Id": "bfzth",
      "FadeInTime": -1.0,
      "FadeOutTime": -1.0,
      "Segments": [
        0,
        0,
        0,
        1.833,
        0
      ]
    },
    {
      "Target": "Parameter",
      "Id": "zccddx",
      "FadeInTime": -1.0,
      "FadeOutTime": -1.0,
      "Segments": [
        0,
        0,
        0,
        1.833,
        0
      ]
    },
    {
      "Target": "Parameter",
      "Id": "zccddx2",
      "FadeInTime": -1.0,
      "FadeOutTime": -1.0,
      "Segments": [
        0,
        0,
        0,
        1.833,
        0
      ]
    },
    {
      "Target": "Parameter",
      "Id": "zccdwy",
      "FadeInTime": -1.0,
      "FadeOutTime": -1.0,
      "Segments": [
        0,
        0,
        0,
        1.833,
        0
      ]
    },
    {
      "Target": "Parameter",
      "Id": "ppyztmd2",
      "FadeInTime": -1.0,
      "FadeOutTime": -1.0,
      "Segments": [
        0,
        0,
        0,
        1.833,
        0
      ]
    },
    {
      "Target": "Parameter",
      "Id": "ysxz2X",
      "FadeInTime": -1.0,
      "FadeOutTime": -1.0,
      "Segments": [
        0,
        0,
        0,
        1.833,
        0
      ]
    },
    {
      "Target": "Parameter",
      "Id": "ysxz2X2",
      "FadeInTime": -1.0,
      "FadeOutTime": -1.0,
      "Segments": [
        0,
        0,
        0,
        1.833,
        0
      ]
    },
    {
      "Target": "Parameter",
      "Id": "ysxz2X3",
      "FadeInTime": -1.0,
      "FadeOutTime": -1.0,
      "Segments": [
        0,
        0,
        0,
        1.833,
        0
      ]
    },
    {
      "Target": "Parameter",
      "Id": "ysxz2X4",
      "FadeInTime": -1.0,
      "FadeOutTime": -1.0,
      "Segments": [
        0,
        0,
        0,
        1.833,
        0
      ]
    },
    {
      "Target": "Parameter",
      "Id": "syxs",
      "FadeInTime": -1.0,
      "FadeOutTime": -1.0,
      "Segments": [
        0,
        0,
        0,
        1.833,
        0
      ]
    },
    {
      "Target": "Parameter",
      "Id": "shpc",
      "FadeInTime": -1.0,
      "FadeOutTime": -1.0,
      "Segments": [
        0,
        0,
        0,
        1.833,
        0
      ]
    },
    {
      "Target": "Parameter",
      "Id": "shpc2",
      "FadeInTime": -1.0,
      "FadeOutTime": -1.0,
      "Segments": [
        0,
        0,
        0,
        1.833,
        0
      ]
    },
    {
      "Target": "Parameter",
      "Id": "swch",
      "FadeInTime": -1.0,
      "FadeOutTime": -1.0,
      "Segments": [
        0,
        0,
        0,
        1.833,
        0
      ]
    },
    {
      "Target": "Parameter",
      "Id": "ygqxz",
      "FadeInTime": -1.0,
      "FadeOutTime": -1.0,
      "Segments": [
        0,
        0,
        0,
        1.833,
        0
      ]
    },
    {
      "Target": "Parameter",
      "Id": "mhygq",
      "FadeInTime": -1.0,
      "FadeOutTime": -1.0,
      "Segments": [
        0,
        0,
        0,
        1.833,
        0
      ]
    },
    {
      "Target": "Parameter",
      "Id": "mhygq2",
      "FadeInTime": -1.0,
      "FadeOutTime": -1.0,
      "Segments": [
        0,
        0,
        0,
        1.833,
        0
      ]
    },
    {
      "Target": "Parameter",
      "Id": "mhygqx",
      "FadeInTime": -1.0,
      "FadeOutTime": -1.0,
      "Segments": [
        0,
        0,
        0,
        1.833,
        0
      ]
    },
    {
      "Target": "Parameter",
      "Id": "mhygqx2",
      "FadeInTime": -1.0,
      "FadeOutTime": -1.0,
      "Segments": [
        0,
        0,
        0,
        1.833,
        0
      ]
    },
    {
      "Target": "Parameter",
      "Id": "shuiliu",
      "FadeInTime": -1.0,
      "FadeOutTime": -1.0,
      "Segments": [
        0,
        0,
        0,
        1.833,
        0
      ]
    },
    {
      "Target": "Parameter",
      "Id": "guanghuan",
      "FadeInTime": -1.0,
      "FadeOutTime": -1.0,
      "Segments": [
        0,
        0,
        0,
        1.833,
        0
      ]
    },
    {
      "Target": "Parameter",
      "Id": "MB_xingfengyaobai",
      "FadeInTime": -1.0,
      "FadeOutTime": -1.0,
      "Segments": [
        0,
        0,
        0,
        1.833,
        0
      ]
    },
    {
      "Target": "Parameter",
      "Id": "MB_xingfengTMD",
      "FadeInTime": -1.0,
      "FadeOutTime": -1.0,
      "Segments": [
        0,
        0,
        0,
        1.833,
        0
      ]
    },
    {
      "Target": "Parameter",
      "Id": "Param144",
      "FadeInTime": -1.0,
      "FadeOutTime": -1.0,
      "Segments": [
        0,
        0,
        0,
        1.833,
        0
      ]
    },
    {
      "Target": "Parameter",
      "Id": "Param145",
      "FadeInTime": -1.0,
      "FadeOutTime": -1.0,
      "Segments": [
        0,
        0,
        0,
        1.833,
        0
      ]
    },
    {
      "Target": "Parameter",
      "Id": "bssh",
      "FadeInTime": -1.0,
      "FadeOutTime": -1.0,
      "Segments": [
        0,
        0,
        0,
        1.833,
        0
      ]
    },
    {
      "Target": "Parameter",
      "Id": "bsshbtmd",
      "FadeInTime": -1.0,
      "FadeOutTime": -1.0,
      "Segments": [
        0,
        0,
        0,
        1.833,
        0
      ]
    },
    {
      "Target": "Parameter",
      "Id": "bsshcews",
      "FadeInTime": -1.0,
      "FadeOutTime": -1.0,
      "Segments": [
        0,
        0,
        0,
        1.833,
        0
      ]
    },
    {
      "Target": "Parameter",
      "Id": "bsshces2",
      "FadeInTime": -1.0,
      "FadeOutTime": -1.0,
      "Segments": [
        0,
        0,
        0,
        1.833,
        0
      ]
    },
    {
      "Target": "Parameter",
      "Id": "MB_hudietoumingdu",
      "FadeInTime": -1.0,
      "FadeOutTime": -1.0,
      "Segments": [
        0,
        0,
        0,
        1.833,
        0
      ]
    },
    {
      "Target": "Parameter",
      "Id": "MB_hudietoushi",
      "FadeInTime": -1.0,
      "FadeOutTime": -1.0,
      "Segments": [
        0,
        0,
        0,
        1.833,
        0
      ]
    },
    {
      "Target": "Parameter",
      "Id": "MB_hudiexuanzhuan",
      "FadeInTime": -1.0,
      "FadeOutTime": -1.0,
      "Segments": [
        0,
        0,
        0,
        1.833,
        0
      ]
    },
    {
      "Target": "Parameter",
      "Id": "MB_hudiezuoyou",
      "FadeInTime": -1.0,
      "FadeOutTime": -1.0,
      "Segments": [
        0,
        0,
        0,
        1.833,
        0
      ]
    },
    {
      "Target": "Parameter",
      "Id": "MB_hudieshangxia",
      "FadeInTime": -1.0,
      "FadeOutTime": -1.0,
      "Segments": [
        0,
        0,
        0,
        1.833,
        0
      ]
    },
    {
      "Target": "Parameter",
      "Id": "MB_hudiejiaodu",
      "FadeInTime": -1.0,
      "FadeOutTime": -1.0,
      "Segments": [
        0,
        0,
        0,
        1.833,
        0
      ]
    },
    {
      "Target": "Parameter",
      "Id": "MB_hudiedaxiao",
      "FadeInTime": -1.0,
      "FadeOutTime": -1.0,
      "Segments": [
        0,
        0,
        0,
        1.833,
        0
      ]
    },
    {
      "Target": "Parameter",
      "Id": "MB_hudiechiban",
      "FadeInTime": -1.0,
      "FadeOutTime": -1.0,
      "Segments": [
        0,
        0,
        0,
        1.833,
        0
      ]
    },
    {
      "Target": "Parameter",
      "Id": "czwl",
      "FadeInTime": -1.0,
      "FadeOutTime": -1.0,
      "Segments": [
        0,
        0,
        0,
        1.833,
        0
      ]
    },
    {
      "Target": "Parameter",
      "Id": "czwl2",
      "FadeInTime": -1.0,
      "FadeOutTime": -1.0,
      "Segments": [
        0,
        0,
        0,
        1.833,
        0
      ]
    },
    {
      "Target": "Parameter",
      "Id": "renxz2",
      "FadeInTime": -1.0,
      "FadeOutTime": -1.0,
      "Segments": [
        0,
        0,
        0,
        1.833,
        0
      ]
    },
    {
      "Target": "Parameter",
      "Id": "renxz3",
      "FadeInTime": -1.0,
      "FadeOutTime": -1.0,
      "Segments": [
        0,
        0,
        0,
        1.833,
        0
      ]
    },
    {
      "Target": "Parameter",
      "Id": "renxz",
      "FadeInTime": -1.0,
      "FadeOutTime": -1.0,
      "Segments": [
        0,
        0,
        0,
        1.833,
        0
      ]
    },
    {
      "Target": "Parameter",
      "Id": "Param2",
      "FadeInTime": -1.0,
      "FadeOutTime": -1.0,
      "Segments": [
        0,
        0,
        0,
        1.833,
        0
      ]
    },
    {
      "Target": "Parameter",
      "Id": "bjtmd",
      "FadeInTime": -1.0,
      "FadeOutTime": -1.0,
      "Segments": [
        0,
        0,
        0,
        1.833,
        0
      ]
    },
    {
      "Target": "Parameter",
      "Id": "ztxy",
      "FadeInTime": -1.0,
      "FadeOutTime": -1.0,
      "Segments": [
        0,
        0,
        0,
        1.833,
        0
      ]
    },
    {
      "Target": "Parameter",
      "Id": "ztxy2",
      "FadeInTime": -1.0,
      "FadeOutTime": -1.0,
      "Segments": [
        0,
        0,
        0,
        1.833,
        0
      ]
    },
    {
      "Target": "Parameter",
      "Id": "ztxy3",
      "FadeInTime": -1.0,
      "FadeOutTime": -1.0,
      "Segments": [
        0,
        0,
        0,
        1.833,
        0
      ]
    },
    {
      "Target": "Parameter",
      "Id": "ztxy4",
      "FadeInTime": -1.0,
      "FadeOutTime": -1.0,
      "Segments": [
        0,
        0,
        0,
        1.833,
        0
      ]
    },
    {
      "Target": "Parameter",
      "Id": "Param52",
      "FadeInTime": -1.0,
      "FadeOutTime": -1.0,
      "Segments": [
        0,
        0,
        0,
        1.833,
        0
      ]
    },
    {
      "Target": "Parameter",
      "Id": "hjtmd",
      "FadeInTime": -1.0,
      "FadeOutTime": -1.0,
      "Segments": [
        0,
        0,
        0,
        1.833,
        0
      ]
    },
    {
      "Target": "Parameter",
      "Id": "jjx",
      "FadeInTime": -1.0,
      "FadeOutTime": -1.0,
      "Segments": [
        0,
        0,
        0,
        1.833,
        0
      ]
    },
    {
      "Target": "Parameter",
      "Id": "jjx2",
      "FadeInTime": -1.0,
      "FadeOutTime": -1.0,
      "Segments": [
        0,
        0,
        0,
        1.833,
        0
      ]
    },
    {
      "Target": "Parameter",
      "Id": "Param115",
      "FadeInTime": -1.0,
      "FadeOutTime": -1.0,
      "Segments": [
        0,
        0,
        0,
        1.833,
        0
      ]
    },
    {
      "Target": "Parameter",
      "Id": "Param130",
      "FadeInTime": -1.0,
      "FadeOutTime": -1.0,
      "Segments": [
        0,
        0,
        0,
        1.833,
        0
      ]
    },
    {
      "Target": "Parameter",
      "Id": "Param12",
      "FadeInTime": -1.0,
      "FadeOutTime": -1.0,
      "Segments": [
        0,
        0,
        0,
        1.833,
        0
      ]
    },
    {
      "Target": "Parameter",
      "Id": "Param13",
      "FadeInTime": -1.0,
      "FadeOutTime": -1.0,
      "Segments": [
        0,
        0,
        0,
        1.833,
        0
      ]
    },
    {
      "Target": "Parameter",
      "Id": "Param14",
      "FadeInTime": -1.0,
      "FadeOutTime": -1.0,
      "Segments": [
        0,
        0,
        0,
        1.833,
        0
      ]
    },
    {
      "Target": "Parameter",
      "Id": "Param26",
      "FadeInTime": -1.0,
      "FadeOutTime": -1.0,
      "Segments": [
        0,
        0,
        0,
        1.833,
        0
      ]
    },
    {
      "Target": "Parameter",
      "Id": "Param31",
      "FadeInTime": -1.0,
      "FadeOutTime": -1.0,
      "Segments": [
        0,
        0,
        0,
        1.833,
        0
      ]
    },
    {
      "Target": "Parameter",
      "Id": "Param30",
      "FadeInTime": -1.0,
      "FadeOutTime": -1.0,
      "Segments": [
        0,
        0,
        0,
        1.833,
        0
      ]
    },
    {
      "Target": "Parameter",
      "Id": "Param72",
      "FadeInTime": -1.0,
      "FadeOutTime": -1.0,
      "Segments": [
        0,
        0,
        0,
        1.833,
        0
      ]
    },
    {
      "Target": "Parameter",
      "Id": "Param93",
      "FadeInTime": -1.0,
      "FadeOutTime": -1.0,
      "Segments": [
        0,
        0,
        0,
        1.833,
        0
      ]
    },
    {
      "Target": "Parameter",
      "Id": "Param94",
      "FadeInTime": -1.0,
      "FadeOutTime": -1.0,
      "Segments": [
        0,
        0,
        0,
        1.833,
        0
      ]
    },
    {
      "Target": "Parameter",
      "Id": "Param27",
      "FadeInTime": -1.0,
      "FadeOutTime": -1.0,
      "Segments": [
        0,
        0,
        0,
        1.833,
        0
      ]
    },
    {
      "Target": "Parameter",
      "Id": "Param162",
      "FadeInTime": -1.0,
      "FadeOutTime": -1.0,
      "Segments": [
        0,
        0,
        0,
        1.833,
        0
      ]
    },
    {
      "Target": "Parameter",
      "Id": "hjlc",
      "FadeInTime": -1.0,
      "FadeOutTime": -1.0,
      "Segments": [
        0,
        0,
        0,
        1.833,
        0
      ]
    },
    {
      "Target": "Parameter",
      "Id": "fxpzy",
      "FadeInTime": -1.0,
      "FadeOutTime": -1.0,
      "Segments": [
        0,
        0,
        0,
        1.833,
        0
      ]
    },
    {
      "Target": "Parameter",
      "Id": "ppyztmd",
      "FadeInTime": -1.0,
      "FadeOutTime": -1.0,
      "Segments": [
        0,
        0,
        0,
        1.833,
        0
      ]
    },
    {
      "Target": "Parameter",
      "Id": "xbs",
      "FadeInTime": -1.0,
      "FadeOutTime": -1.0,
      "Segments": [
        0,
        0,
        0,
        1.833,
        0
      ]
    },
    {
      "Target": "Parameter",
      "Id": "xsqh",
      "FadeInTime": -1.0,
      "FadeOutTime": -1.0,
      "Segments": [
        0,
        0,
        0,
        1.833,
        0
      ]
    },
    {
      "Target": "Parameter",
      "Id": "xsqh2",
      "FadeInTime": -1.0,
      "FadeOutTime": -1.0,
      "Segments": [
        0,
        0,
        0,
        1.833,
        0
      ]
    },
    {
      "Target": "Parameter",
      "Id": "zsbydt",
      "FadeInTime": -1.0,
      "FadeOutTime": -1.0,
      "Segments": [
        0,
        0,
        0,
        1.833,
        0
      ]
    },
    {
      "Target": "Parameter",
      "Id": "zsbydt2",
      "FadeInTime": -1.0,
      "FadeOutTime": -1.0,
      "Segments": [
        0,
        0,
        0,
        1.833,
        0
      ]
    },
    {
      "Target": "Parameter",
      "Id": "zsbydt3",
      "FadeInTime": -1.0,
      "FadeOutTime": -1.0,
      "Segments": [
        0,
        0,
        0,
        1.833,
        0
      ]
    },
    {
      "Target": "Parameter",
      "Id": "zsbydt4",
      "FadeInTime": -1.0,
      "FadeOutTime": -1.0,
      "Segments": [
        0,
        0,
        0,
        1.833,
        0
      ]
    },
    {
      "Target": "Parameter",
      "Id": "zsbydt5",
      "FadeInTime": -1.0,
      "FadeOutTime": -1.0,
      "Segments": [
        0,
        0,
        0,
        1.833,
        0
      ]
    },
    {
      "Target": "Parameter",
      "Id": "zsbydt6",
      "FadeInTime": -1.0,
      "FadeOutTime": -1.0,
      "Segments": [
        0,
        0,
        0,
        1.833,
        0
      ]
    },
    {
      "Target": "Parameter",
      "Id": "zsbydt7",
      "FadeInTime": -1.0,
      "FadeOutTime": -1.0,
      "Segments": [
        0,
        0,
        0,
        1.833,
        0
      ]
    },
    {
      "Target": "Parameter",
      "Id": "zsbydt8",
      "FadeInTime": -1.0,
      "FadeOutTime": -1.0,
      "Segments": [
        0,
        0,
        0,
        1.833,
        0
      ]
    },
    {
      "Target": "Parameter",
      "Id": "MB_Awutidaxiao",
      "FadeInTime": -1.0,
      "FadeOutTime": -1.0,
      "Segments": [
        0,
        -0.077,
        0,
        1.833,
        -0.077
      ]
    },
    {
      "Target": "Parameter",
      "Id": "MB_Awutifanzhuan",
      "FadeInTime": -1.0,
      "FadeOutTime": -1.0,
      "Segments": [
        0,
        -1,
        0,
        1.833,
        -1
      ]
    },
    {
      "Target": "Parameter",
      "Id": "MB_Cwutidaxiao",
      "FadeInTime": -1.0,
      "FadeOutTime": -1.0,
      "Segments": [
        0,
        -0.493,
        0,
        1.833,
        -0.493
      ]
    },
    {
      "Target": "Parameter",
      "Id": "MB_Bwutidaxiao",
      "FadeInTime": -1.0,
      "FadeOutTime": -1.0,
      "Segments": [
        0,
        -0.322,
        0,
        1.833,
        -0.322
      ]
    },
    {
      "Target": "Parameter",
      "Id": "ParamEyeLOpen",
      "FadeInTime": -1.0,
      "FadeOutTime": -1.0,
      "Segments": [
        0,
        1,
        0,
        1.833,
        1
      ]
    },
    {
      "Target": "Parameter",
      "Id": "ParamEyeLSmile",
      "FadeInTime": -1.0,
      "FadeOutTime": -1.0,
      "Segments": [
        0,
        0,
        0,
        1.833,
        0
      ]
    },
    {
      "Target": "Parameter",
      "Id": "ParamEyeROpen",
      "FadeInTime": -1.0,
      "FadeOutTime": -1.0,
      "Segments": [
        0,
        1,
        0,
        1.833,
        1
      ]
    },
    {
      "Target": "Parameter",
      "Id": "ParamEyeRSmile",
      "FadeInTime": -1.0,
      "FadeOutTime": -1.0,
      "Segments": [
        0,
        0,
        0,
        1.833,
        0
      ]
    },
    {
      "Target": "Parameter",
      "Id": "ParamBrowRX",
      "FadeInTime": -1.0,
      "FadeOutTime": -1.0,
      "Segments": [
        0,
        0,
        0,
        1.833,
        0
      ]
    },
    {
      "Target": "Parameter",
      "Id": "ParamBrowLX",
      "FadeInTime": -1.0,
      "FadeOutTime": -1.0,
      "Segments": [
        0,
        0,
        0,
        1.833,
        0
      ]
    },
    {
      "Target": "Parameter",
      "Id": "ParamBrowLY",
      "FadeInTime": -1.0,
      "FadeOutTime": -1.0,
      "Segments": [
        0,
        0,
        0,
        1.833,
        0
      ]
    },
    {
      "Target": "Parameter",
      "Id": "ParamBrowRY",
      "FadeInTime": -1.0,
      "FadeOutTime": -1.0,
      "Segments": [
        0,
        0,
        0,
        1.833,
        0
      ]
    },
    {
      "Target": "Parameter",
      "Id": "ParamMouthForm",
      "FadeInTime": -1.0,
      "FadeOutTime": -1.0,
      "Segments": [
        0,
        0,
        0,
        1.833,
        0
      ]
    },
    {
      "Target": "Parameter",
      "Id": "ParamMouthOpenY",
      "FadeInTime": -1.0,
      "FadeOutTime": -1.0,
      "Segments": [
        0,
        0,
        0,
        1.833,
        0
      ]
    },
    {
      "Target": "Parameter",
      "Id": "ParamEyeBallX",
      "FadeInTime": -1.0,
      "FadeOutTime": -1.0,
      "Segments": [
        0,
        0,
        0,
        1.833,
        0
      ]
    },
    {
      "Target": "Parameter",
      "Id": "ParamEyeBallY",
      "FadeInTime": -1.0,
      "FadeOutTime": -1.0,
      "Segments": [
        0,
        0,
        0,
        1.833,
        0
      ]
    },
    {
      "Target": "Parameter",
      "Id": "yanzhusuofang",
      "FadeInTime": -1.0,
      "FadeOutTime": -1.0,
      "Segments": [
        0,
        0,
        0,
        1.833,
        0
      ]
    },
    {
      "Target": "Parameter",
      "Id": "ParamMouthX",
      "FadeInTime": -1.0,
      "FadeOutTime": -1.0,
      "Segments": [
        0,
        0,
        0,
        1.833,
        0
      ]
    },
    {
      "Target": "Parameter",
      "Id": "DUQI",
      "FadeInTime": -1.0,
      "FadeOutTime": -1.0,
      "Segments": [
        0,
        0,
        0,
        1.833,
        0
      ]
    },
    {
      "Target": "Parameter",
      "Id": "KOUSHUI",
      "FadeInTime": -1.0,
      "FadeOutTime": -1.0,
      "Segments": [
        0,
        0,
        0,
        1.833,
        0
      ]
    },
    {
      "Target": "Parameter",
      "Id": "Param",
      "FadeInTime": -1.0,
      "FadeOutTime": -1.0,
      "Segments": [
        0,
        0,
        0,
        1.833,
        0
      ]
    },
    {
      "Target": "Parameter",
      "Id": "TUSHE",
      "FadeInTime": -1.0,
      "FadeOutTime": -1.0,
      "Segments": [
        0,
        0,
        0,
        1.833,
        0
      ]
    },
    {
      "Target": "Parameter",
      "Id": "ParamBrowLAngle",
      "FadeInTime": -1.0,
      "FadeOutTime": -1.0,
      "Segments": [
        0,
        0,
        0,
        1.833,
        0
      ]
    },
    {
      "Target": "Parameter",
      "Id": "ParamBrowLForm",
      "FadeInTime": -1.0,
      "FadeOutTime": -1.0,
      "Segments": [
        0,
        0,
        0,
        1.833,
        0
      ]
    },
    {
      "Target": "Parameter",
      "Id": "ParamBrowRAngle",
      "FadeInTime": -1.0,
      "FadeOutTime": -1.0,
      "Segments": [
        0,
        0,
        0,
        1.833,
        0
      ]
    },
    {
      "Target": "Parameter",
      "Id": "ParamBrowRForm",
      "FadeInTime": -1.0,
      "FadeOutTime": -1.0,
      "Segments": [
        0,
        0,
        0,
        1.833,
        0
      ]
    },
    {
      "Target": "Parameter",
      "Id": "EYEL",
      "FadeInTime": -1.0,
      "FadeOutTime": -1.0,
      "Segments": [
        0,
        0,
        0,
        1.833,
        0
      ]
    },
    {
      "Target": "Parameter",
      "Id": "EYER",
      "FadeInTime": -1.0,
      "FadeOutTime": -1.0,
      "Segments": [
        0,
        0,
        0,
        1.833,
        0
      ]
    },
    {
      "Target": "Parameter",
      "Id": "EYEB",
      "FadeInTime": -1.0,
      "FadeOutTime": -1.0,
      "Segments": [
        0,
        0,
        0,
        1.833,
        0
      ]
    },
    {
      "Target": "Parameter",
      "Id": "XINGXING",
      "FadeInTime": -1.0,
      "FadeOutTime": -1.0,
      "Segments": [
        0,
        0,
        0,
        1.833,
        0
      ]
    },
    {
      "Target": "Parameter",
      "Id": "AIXIN",
      "FadeInTime": -1.0,
      "FadeOutTime": -1.0,
      "Segments": [
        0,
        0,
        0,
        1.833,
        0
      ]
    },
    {
      "Target": "Parameter",
      "Id": "AIXIN2",
      "FadeInTime": -1.0,
      "FadeOutTime": -1.0,
      "Segments": [
        0,
        0,
        0,
        1.833,
        0
      ]
    },
    {
      "Target": "Parameter",
      "Id": "ldrq",
      "FadeInTime": -1.0,
      "FadeOutTime": -1.0,
      "Segments": [
        0,
        0,
        0,
        1.833,
        0
      ]
    },
    {
      "Target": "Parameter",
      "Id": "ldrq2",
      "FadeInTime": -1.0,
      "FadeOutTime": -1.0,
      "Segments": [
        0,
        0,
        0,
        1.833,
        0
      ]
    },
    {
      "Target": "Parameter",
      "Id": "ParamEyeBall_lightA",
      "FadeInTime": -1.0,
      "FadeOutTime": -1.0,
      "Segments": [
        0,
        0,
        0,
        1.833,
        0
      ]
    },
    {
      "Target": "Parameter",
      "Id": "ParamEyeBall_lightB",
      "FadeInTime": -1.0,
      "FadeOutTime": -1.0,
      "Segments": [
        0,
        0,
        0,
        1.833,
        0
      ]
    },
    {
      "Target": "Parameter",
      "Id": "ParamCheek",
      "FadeInTime": -1.0,
      "FadeOutTime": -1.0,
      "Segments": [
        0,
        0,
        0,
        1.833,
        0
      ]
    },
    {
      "Target": "Parameter",
      "Id": "sq",
      "FadeInTime": -1.0,
      "FadeOutTime": -1.0,
      "Segments": [
        0,
        0,
        0,
        1.833,
        0
      ]
    },
    {
      "Target": "Parameter",
      "Id": "hltmd",
      "FadeInTime": -1.0,
      "FadeOutTime": -1.0,
      "Segments": [
        0,
        0,
        0,
        1.833,
        0
      ]
    },
    {
      "Target": "Parameter",
      "Id": "ParamAngleZ",
      "FadeInTime": -1.0,
      "FadeOutTime": -1.0,
      "Segments": [
        0,
        0,
        0,
        1.833,
        0
      ]
    },
    {
      "Target": "Parameter",
      "Id": "Ljianshangxia",
      "FadeInTime": -1.0,
      "FadeOutTime": -1.0,
      "Segments": [
        0,
        0,
        0,
        1.833,
        0
      ]
    },
    {
      "Target": "Parameter",
      "Id": "rjianshangxia2",
      "FadeInTime": -1.0,
      "FadeOutTime": -1.0,
      "Segments": [
        0,
        0,
        0,
        1.833,
        0
      ]
    },
    {
      "Target": "Parameter",
      "Id": "ParamBodyAngleZ",
      "FadeInTime": -1.0,
      "FadeOutTime": -1.0,
      "Segments": [
        0,
        0,
        0,
        1.833,
        0
      ]
    },
    {
      "Target": "Parameter",
      "Id": "yaoz",
      "FadeInTime": -1.0,
      "FadeOutTime": -1.0,
      "Segments": [
        0,
        0,
        0,
        1.833,
        0
      ]
    },
    {
      "Target": "Parameter",
      "Id": "yaoz2",
      "FadeInTime": -1.0,
      "FadeOutTime": -1.0,
      "Segments": [
        0,
        0,
        0,
        1.833,
        0
      ]
    },
    {
      "Target": "Parameter",
      "Id": "xsz",
      "FadeInTime": -1.0,
      "FadeOutTime": -1.0,
      "Segments": [
        0,
        0,
        0,
        1.833,
        0
      ]
    },
    {
      "Target": "Parameter",
      "Id": "opjyyy",
      "FadeInTime": -1.0,
      "FadeOutTime": -1.0,
      "Segments": [
        0,
        0,
        0,
        1.833,
        0
      ]
    },
    {
      "Target": "Parameter",
      "Id": "Lopjydx",
      "FadeInTime": -1.0,
      "FadeOutTime": -1.0,
      "Segments": [
        0,
        -5,
        0,
        1.833,
        -5
      ]
    },
    {
      "Target": "Parameter",
      "Id": "Lopjydx2",
      "FadeInTime": -1.0,
      "FadeOutTime": -1.0,
      "Segments": [
        0,
        -5,
        0,
        1.833,
        -5
      ]
    },
    {
      "Target": "Parameter",
      "Id": "XQBLQ",
      "FadeInTime": -1.0,
      "FadeOutTime": -1.0,
      "Segments": [
        0,
        0,
        0,
        1.833,
        0
      ]
    },
    {
      "Target": "Parameter",
      "Id": "lkk",
      "FadeInTime": -1.0,
      "FadeOutTime": -1.0,
      "Segments": [
        0,
        0,
        0,
        1.833,
        0
      ]
    },
    {
      "Target": "Parameter",
      "Id": "Ltuixz2",
      "FadeInTime": -1.0,
      "FadeOutTime": -1.0,
      "Segments": [
        0,
        0,
        0,
        1.833,
        0
      ]
    },
    {
      "Target": "Parameter",
      "Id": "Ltuixz3",
      "FadeInTime": -1.0,
      "FadeOutTime": -1.0,
      "Segments": [
        0,
        0,
        0,
        1.833,
        0
      ]
    },
    {
      "Target": "Parameter",
      "Id": "Ltuixz4",
      "FadeInTime": -1.0,
      "FadeOutTime": -1.0,
      "Segments": [
        0,
        0,
        0,
        1.833,
        0
      ]
    },
    {
      "Target": "Parameter",
      "Id": "zbxz",
      "FadeInTime": -1.0,
      "FadeOutTime": -1.0,
      "Segments": [
        0,
        0,
        0,
        1.833,
        0
      ]
    },
    {
      "Target": "Parameter",
      "Id": "zbxz3",
      "FadeInTime": -1.0,
      "FadeOutTime": -1.0,
      "Segments": [
        0,
        0,
        0,
        1.833,
        0
      ]
    },
    {
      "Target": "Parameter",
      "Id": "zbxz2",
      "FadeInTime": -1.0,
      "FadeOutTime": -1.0,
      "Segments": [
        0,
        0,
        0,
        1.833,
        0
      ]
    },
    {
      "Target": "Parameter",
      "Id": "zbxz4",
      "FadeInTime": -1.0,
      "FadeOutTime": -1.0,
      "Segments": [
        0,
        0,
        0,
        1.833,
        0
      ]
    },
    {
      "Target": "Parameter",
      "Id": "scsbqh",
      "FadeInTime": -1.0,
      "FadeOutTime": -1.0,
      "Segments": [
        0,
        0,
        0,
        1.833,
        0
      ]
    },
    {
      "Target": "Parameter",
      "Id": "scsbqh2",
      "FadeInTime": -1.0,
      "FadeOutTime": -1.0,
      "Segments": [
        0,
        0,
        0,
        1.833,
        0
      ]
    },
    {
      "Target": "Parameter",
      "Id": "lysdbl",
      "FadeInTime": -1.0,
      "FadeOutTime": -1.0,
      "Segments": [
        0,
        0,
        0,
        1.833,
        0
      ]
    },
    {
      "Target": "Parameter",
      "Id": "lysdbl2",
      "FadeInTime": -1.0,
      "FadeOutTime": -1.0,
      "Segments": [
        0,
        0,
        0,
        1.833,
        0
      ]
    },
    {
      "Target": "Parameter",
      "Id": "zsxz",
      "FadeInTime": -1.0,
      "FadeOutTime": -1.0,
      "Segments": [
        0,
        0,
        0,
        1.833,
        0
      ]
    },
    {
      "Target": "Parameter",
      "Id": "ysqh2",
      "FadeInTime": -1.0,
      "FadeOutTime": -1.0,
      "Segments": [
        0,
        0,
        0,
        1.833,
        0
      ]
    },
    {
      "Target": "Parameter",
      "Id": "ysbh3",
      "FadeInTime": -1.0,
      "FadeOutTime": -1.0,
      "Segments": [
        0,
        0,
        0,
        1.833,
        0
      ]
    },
    {
      "Target": "Parameter",
      "Id": "ysbh4",
      "FadeInTime": -1.0,
      "FadeOutTime": -1.0,
      "Segments": [
        0,
        0,
        0,
        1.833,
        0
      ]
    },
    {
      "Target": "Parameter",
      "Id": "zhongzishensuo",
      "FadeInTime": -1.0,
      "FadeOutTime": -1.0,
      "Segments": [
        0,
        0,
        0,
        1.833,
        0
      ]
    },
    {
      "Target": "Parameter",
      "Id": "wumingzishensuo",
      "FadeInTime": -1.0,
      "FadeOutTime": -1.0,
      "Segments": [
        0,
        0,
        0,
        1.833,
        0
      ]
    },
    {
      "Target": "Parameter",
      "Id": "xiaomuzishensuo",
      "FadeInTime": -1.0,
      "FadeOutTime": -1.0,
      "Segments": [
        0,
        0,
        0,
        1.833,
        0
      ]
    },
    {
      "Target": "Parameter",
      "Id": "pigushouzhuahenshendu",
      "FadeInTime": -1.0,
      "FadeOutTime": -1.0,
      "Segments": [
        0,
        0,
        0,
        1.833,
        0
      ]
    },
    {
      "Target": "Parameter",
      "Id": "pgszhjd",
      "FadeInTime": -1.0,
      "FadeOutTime": -1.0,
      "Segments": [
        0,
        0,
        0,
        1.833,
        0
      ]
    },
    {
      "Target": "Parameter",
      "Id": "ydbxz",
      "FadeInTime": -1.0,
      "FadeOutTime": -1.0,
      "Segments": [
        0,
        0,
        0,
        1.833,
        0
      ]
    },
    {
      "Target": "Parameter",
      "Id": "ysyxbtc",
      "FadeInTime": -1.0,
      "FadeOutTime": -1.0,
      "Segments": [
        0,
        0,
        0,
        1.833,
        0
      ]
    },
    {
      "Target": "Parameter",
      "Id": "yxbxz",
      "FadeInTime": -1.0,
      "FadeOutTime": -1.0,
      "Segments": [
        0,
        0,
        0,
        1.833,
        0
      ]
    },
    {
      "Target": "Parameter",
      "Id": "yxbxz4",
      "FadeInTime": -1.0,
      "FadeOutTime": -1.0,
      "Segments": [
        0,
        0,
        0,
        1.833,
        0
      ]
    },
    {
      "Target": "Parameter",
      "Id": "yxbxz3",
      "FadeInTime": -1.0,
      "FadeOutTime": -1.0,
      "Segments": [
        0,
        0,
        0,
        1.833,
        0
      ]
    },
    {
      "Target": "Parameter",
      "Id": "mtdbtmd",
      "FadeInTime": -1.0,
      "FadeOutTime": -1.0,
      "Segments": [
        0,
        0,
        0,
        1.833,
        0
      ]
    },
    {
      "Target": "Parameter",
      "Id": "mtdbtmd2",
      "FadeInTime": -1.0,
      "FadeOutTime": -1.0,
      "Segments": [
        0,
        0,
        0,
        1.833,
        0
      ]
    },
    {
      "Target": "Parameter",
      "Id": "lysrdb",
      "FadeInTime": -1.0,
      "FadeOutTime": -1.0,
      "Segments": [
        0,
        0,
        0,
        1.833,
        0
      ]
    },
    {
      "Target": "Parameter",
      "Id": "lysrdb2",
      "FadeInTime": -1.0,
      "FadeOutTime": -1.0,
      "Segments": [
        0,
        0,
        0,
        1.833,
        0
      ]
    },
    {
      "Target": "Parameter",
      "Id": "yxbxz2",
      "FadeInTime": -1.0,
      "FadeOutTime": -1.0,
      "Segments": [
        0,
        0,
        0,
        1.833,
        0
      ]
    },
    {
      "Target": "Parameter",
      "Id": "ysqh",
      "FadeInTime": -1.0,
      "FadeOutTime": -1.0,
      "Segments": [
        0,
        0,
        0,
        1.833,
        0
      ]
    },
    {
      "Target": "Parameter",
      "Id": "xbtmd",
      "FadeInTime": -1.0,
      "FadeOutTime": -1.0,
      "Segments": [
        0,
        0,
        0,
        1.833,
        0
      ]
    },
    {
      "Target": "Parameter",
      "Id": "xbtmd5",
      "FadeInTime": -1.0,
      "FadeOutTime": -1.0,
      "Segments": [
        0,
        0,
        0,
        1.833,
        0
      ]
    },
    {
      "Target": "Parameter",
      "Id": "xbtmd2",
      "FadeInTime": -1.0,
      "FadeOutTime": -1.0,
      "Segments": [
        0,
        0,
        0,
        1.833,
        0
      ]
    },
    {
      "Target": "Parameter",
      "Id": "xbtmd3",
      "FadeInTime": -1.0,
      "FadeOutTime": -1.0,
      "Segments": [
        0,
        0,
        0,
        1.833,
        0
      ]
    },
    {
      "Target": "Parameter",
      "Id": "xbtmd4",
      "FadeInTime": -1.0,
      "FadeOutTime": -1.0,
      "Segments": [
        0,
        0,
        0,
        1.833,
        0
      ]
    },
    {
      "Target": "Parameter",
      "Id": "ysbh",
      "FadeInTime": -1.0,
      "FadeOutTime": -1.0,
      "Segments": [
        0,
        0,
        0,
        1.833,
        0
      ]
    },
    {
      "Target": "Parameter",
      "Id": "ysbh2",
      "FadeInTime": -1.0,
      "FadeOutTime": -1.0,
      "Segments": [
        0,
        0,
        0,
        1.833,
        0
      ]
    },
    {
      "Target": "Parameter",
      "Id": "yxz",
      "FadeInTime": -1.0,
      "FadeOutTime": -1.0,
      "Segments": [
        0,
        0,
        0,
        1.833,
        0
      ]
    },
    {
      "Target": "Parameter",
      "Id": "yxz2",
      "FadeInTime": -1.0,
      "FadeOutTime": -1.0,
      "Segments": [
        0,
        0,
        0,
        1.833,
        0
      ]
    },
    {
      "Target": "Parameter",
      "Id": "dbxzx",
      "FadeInTime": -1.0,
      "FadeOutTime": -1.0,
      "Segments": [
        0,
        0,
        0,
        1.833,
        0
      ]
    },
    {
      "Target": "Parameter",
      "Id": "dbxzx2",
      "FadeInTime": -1.0,
      "FadeOutTime": -1.0,
      "Segments": [
        0,
        0,
        0,
        1.833,
        0
      ]
    },
    {
      "Target": "Parameter",
      "Id": "xbkz",
      "FadeInTime": -1.0,
      "FadeOutTime": -1.0,
      "Segments": [
        0,
        0,
        0,
        1.833,
        0
      ]
    },
    {
      "Target": "Parameter",
      "Id": "DJSBTMD",
      "FadeInTime": -1.0,
      "FadeOutTime": -1.0,
      "Segments": [
        0,
        0,
        0,
        1.833,
        0
      ]
    },
    {
      "Target": "Parameter",
      "Id": "djwlkg",
      "FadeInTime": -1.0,
      "FadeOutTime": -1.0,
      "Segments": [
        0,
        0,
        0,
        1.833,
        0
      ]
    },
    {
      "Target": "Parameter",
      "Id": "tzwl",
      "FadeInTime": -1.0,
      "FadeOutTime": -1.0,
      "Segments": [
        0,
        0,
        0,
        1.833,
        0
      ]
    },
    {
      "Target": "Parameter",
      "Id": "qswlx",
      "FadeInTime": -1.0,
      "FadeOutTime": -1.0,
      "Segments": [
        0,
        0,
        0,
        1.833,
        0
      ]
    },
    {
      "Target": "Parameter",
      "Id": "qswlx3",
      "FadeInTime": -1.0,
      "FadeOutTime": -1.0,
      "Segments": [
        0,
        0,
        0,
        1.833,
        0
      ]
    },
    {
      "Target": "Parameter",
      "Id": "qswlx4",
      "FadeInTime": -1.0,
      "FadeOutTime": -1.0,
      "Segments": [
        0,
        0,
        0,
        1.833,
        0
      ]
    },
    {
      "Target": "Parameter",
      "Id": "tbzwl",
      "FadeInTime": -1.0,
      "FadeOutTime": -1.0,
      "Segments": [
        0,
        0,
        0,
        1.833,
        0
      ]
    },
    {
      "Target": "Parameter",
      "Id": "qswlx2",
      "FadeInTime": -1.0,
      "FadeOutTime": -1.0,
      "Segments": [
        0,
        0,
        0,
        1.833,
        0
      ]
    }
  ],
  "UserData": [
    {
      "Time": 0.0,
      "Value": ""
    },
    {
      "Time": 1.333,
      "Value": ""
    }
  ]
}