{
  "Version": 3,
  "Meta": {
    "Duration": 1.633,
    "Fps": 60.0,
    "Loop": true,
    "AreBeziersRestricted": true,
    "FadeInTime": 0.0,
    "FadeOutTime": 0.0,
    "CurveCount": 326,
    "TotalSegmentCount": 553,
    "TotalPointCount": 627,
    "UserDataCount": 2,
    "TotalUserDataSize": 0
  },
  "Curves": [
    {
      "Target": "Parameter",
      "Id": "yqdjtx2",
      "FadeInTime": -1.0,
      "FadeOutTime": -1.0,
      "Segments": [
        0,
        0,
        0,
        1.15,
        10,
        2,
        1.167,
        0,
        2,
        1.633,
        0
      ]
    },
    {
      "Target": "Parameter",
      "Id": "yl",
      "FadeInTime": -1.0,
      "FadeOutTime": -1.0,
      "Segments": [
        0,
        0,
        1,
        0.539,
        3.333,
        1.078,
        6.667,
        1.617,
        10,
        2,
        1.633,
        0
      ]
    },
    {
      "Target": "Parameter",
      "Id": "bfzth",
      "FadeInTime": -1.0,
      "FadeOutTime": -1.0,
      "Segments": [
        0,
        1,
        0,
        1.633,
        0
      ]
    },
    {
      "Target": "Parameter",
      "Id": "czwl2",
      "FadeInTime": -1.0,
      "FadeOutTime": -1.0,
      "Segments": [
        0,
        0,
        0,
        0.233,
        2.33,
        0,
        0.467,
        -2.326,
        0,
        0.7,
        2.33,
        0,
        0.967,
        -2.326,
        0,
        1.2,
        2.33,
        0,
        1.4,
        -2.326,
        0,
        1.633,
        0
      ]
    },
    {
      "Target": "Parameter",
      "Id": "ParamEyeLOpen",
      "FadeInTime": -1.0,
      "FadeOutTime": -1.0,
      "Segments": [
        0,
        0.9,
        2,
        0.6,
        0.9,
        0,
        0.733,
        0,
        1,
        0.778,
        0,
        0.822,
        0.886,
        0.867,
        0.9,
        1,
        1.122,
        0.978,
        1.378,
        1,
        1.633,
        1
      ]
    },
    {
      "Target": "Parameter",
      "Id": "ParamEyeROpen",
      "FadeInTime": -1.0,
      "FadeOutTime": -1.0,
      "Segments": [
        0,
        0.9,
        2,
        0.6,
        0.9,
        0,
        0.733,
        0,
        1,
        0.778,
        0,
        0.822,
        0.886,
        0.867,
        0.9,
        1,
        1.122,
        0.978,
        1.378,
        1,
        1.633,
        1
      ]
    },
    {
      "Target": "Parameter",
      "Id": "ParamMouthForm",
      "FadeInTime": -1.0,
      "FadeOutTime": -1.0,
      "Segments": [
        0,
        -0.7,
        2,
        0.6,
        -0.7,
        0,
        1.633,
        0
      ]
    },
    {
      "Target": "Parameter",
      "Id": "DUQI",
      "FadeInTime": -1.0,
      "FadeOutTime": -1.0,
      "Segments": [
        0,
        1,
        2,
        0.6,
        1,
        0,
        1.633,
        0
      ]
    },
    {
      "Target": "Parameter",
      "Id": "ParamBrowLForm",
      "FadeInTime": -1.0,
      "FadeOutTime": -1.0,
      "Segments": [
        0,
        -1,
        2,
        0.6,
        -1,
        0,
        1.633,
        0
      ]
    },
    {
      "Target": "Parameter",
      "Id": "ParamBrowRForm",
      "FadeInTime": -1.0,
      "FadeOutTime": -1.0,
      "Segments": [
        0,
        -1,
        2,
        0.6,
        -1,
        0,
        1.633,
        0
      ]
    },
    {
      "Target": "Parameter",
      "Id": "AIXIN2",
      "FadeInTime": -1.0,
      "FadeOutTime": -1.0,
      "Segments": [
        0,
        1,
        2,
        0.6,
        1,
        0,
        0.867,
        0,
        2,
        1.633,
        0
      ]
    },
    {
      "Target": "Parameter",
      "Id": "ParamCheek",
      "FadeInTime": -1.0,
      "FadeOutTime": -1.0,
      "Segments": [
        0,
        0.7,
        2,
        0.6,
        0.7,
        0,
        0.867,
        0,
        2,
        1.633,
        0
      ]
    },
    {
      "Target": "Parameter",
      "Id": "ParamAngleY",
      "FadeInTime": -1.0,
      "FadeOutTime": -1.0,
      "Segments": [
        0,
        -13.875,
        0,
        0.15,
        -17.55,
        0,
        0.317,
        -9.387,
        0,
        0.55,
        -17.55,
        0,
        0.783,
        -9.387,
        0,
        1.05,
        -17.55,
        0,
        1.283,
        -9.387,
        0,
        1.483,
        -17.55,
        0,
        1.633,
        -13.875
      ]
    },
    {
      "Target": "Parameter",
      "Id": "ParamBodyAngleY1",
      "FadeInTime": -1.0,
      "FadeOutTime": -1.0,
      "Segments": [
        0,
        7.318,
        0,
        0.217,
        5.413,
        0,
        0.45,
        9.309,
        0,
        0.683,
        5.413,
        0,
        0.95,
        9.309,
        0,
        1.183,
        5.413,
        0,
        1.383,
        9.309,
        0,
        1.633,
        7.318
      ]
    },
    {
      "Target": "Parameter",
      "Id": "ParamBodyAngleY2",
      "FadeInTime": -1.0,
      "FadeOutTime": -1.0,
      "Segments": [
        0,
        -3.789,
        0,
        0.283,
        -2.34,
        0,
        0.517,
        -4.997,
        0,
        0.75,
        -2.34,
        0,
        1.017,
        -4.997,
        0,
        1.25,
        -2.34,
        0,
        1.45,
        -4.997,
        0,
        1.633,
        -3.789
      ]
    },
    {
      "Target": "Parameter",
      "Id": "yaoz3",
      "FadeInTime": -1.0,
      "FadeOutTime": -1.0,
      "Segments": [
        0,
        17.975,
        0,
        0.333,
        21.98,
        0,
        0.567,
        14.009,
        0,
        0.8,
        21.98,
        0,
        1.067,
        14.009,
        0,
        1.3,
        21.98,
        0,
        1.5,
        14.009,
        0,
        1.633,
        17.975
      ]
    },
    {
      "Target": "Parameter",
      "Id": "yaoz4",
      "FadeInTime": -1.0,
      "FadeOutTime": -1.0,
      "Segments": [
        0,
        3.457,
        0,
        0.267,
        6.98,
        0,
        0.5,
        -0.991,
        0,
        0.733,
        6.98,
        0,
        1,
        -0.991,
        0,
        1.233,
        6.98,
        0,
        1.433,
        -0.991,
        0,
        1.633,
        3.457
      ]
    },
    {
      "Target": "Parameter",
      "Id": "qsy",
      "FadeInTime": -1.0,
      "FadeOutTime": -1.0,
      "Segments": [
        0,
        30,
        1,
        0.089,
        30,
        0.178,
        30,
        0.267,
        29.758,
        1,
        0.345,
        29.506,
        0.422,
        25.674,
        0.5,
        25.674,
        0,
        0.733,
        29.758,
        0,
        1,
        25.674,
        0,
        1.233,
        29.758,
        0,
        1.433,
        25.674,
        0,
        1.633,
        30
      ]
    },
    {
      "Target": "Parameter",
      "Id": "Lopjydx",
      "FadeInTime": -1.0,
      "FadeOutTime": -1.0,
      "Segments": [
        0,
        -5,
        0,
        0.317,
        -7.745,
        0,
        0.55,
        -2.499,
        0,
        0.783,
        -7.745,
        0,
        1.05,
        -2.499,
        0,
        1.283,
        -7.745,
        0,
        1.483,
        -2.499,
        0,
        1.633,
        -5
      ]
    },
    {
      "Target": "Parameter",
      "Id": "Lopjydx2",
      "FadeInTime": -1.0,
      "FadeOutTime": -1.0,
      "Segments": [
        0,
        -5,
        0,
        0.317,
        -7.745,
        0,
        0.55,
        -2.499,
        0,
        0.783,
        -7.745,
        0,
        1.05,
        -2.499,
        0,
        1.283,
        -7.745,
        0,
        1.483,
        -2.499,
        0,
        1.633,
        -5
      ]
    },
    {
      "Target": "Parameter",
      "Id": "Ltuixz",
      "FadeInTime": -1.0,
      "FadeOutTime": -1.0,
      "Segments": [
        0,
        0,
        0,
        0.217,
        -1.08,
        0,
        0.45,
        0.991,
        0,
        0.683,
        -1.08,
        0,
        0.95,
        0.991,
        0,
        1.183,
        -1.08,
        0,
        1.383,
        0.991,
        0,
        1.633,
        0
      ]
    },
    {
      "Target": "Parameter",
      "Id": "Ltuixz2",
      "FadeInTime": -1.0,
      "FadeOutTime": -1.0,
      "Segments": [
        0,
        0,
        0,
        0.267,
        -1.18,
        0,
        0.5,
        0.991,
        0,
        0.733,
        -1.18,
        0,
        1,
        0.991,
        0,
        1.233,
        -1.18,
        0,
        1.433,
        0.991,
        0,
        1.633,
        0
      ]
    },
    {
      "Target": "Parameter",
      "Id": "Ltuixz3",
      "FadeInTime": -1.0,
      "FadeOutTime": -1.0,
      "Segments": [
        0,
        0,
        0,
        0.333,
        -0.98,
        0,
        0.567,
        1.491,
        0,
        0.8,
        -0.98,
        0,
        1.067,
        1.491,
        0,
        1.3,
        -0.98,
        0,
        1.5,
        1.491,
        0,
        1.633,
        0
      ]
    },
    {
      "Target": "Parameter",
      "Id": "lhwl1",
      "FadeInTime": -1.0,
      "FadeOutTime": -1.0,
      "Segments": [
        0,
        0,
        0,
        0.1,
        -1.332,
        0,
        0.417,
        19.846,
        0,
        0.767,
        -15.159,
        0,
        1.117,
        7.088,
        0,
        1.467,
        -8.982,
        0,
        1.633,
        0
      ]
    },
    {
      "Target": "Parameter",
      "Id": "lhwl2",
      "FadeInTime": -1.0,
      "FadeOutTime": -1.0,
      "Segments": [
        0,
        0,
        0,
        0.1,
        0.234,
        0,
        0.383,
        -14.095,
        0,
        0.7,
        21.514,
        0,
        1.083,
        -17.764,
        0,
        1.433,
        10.939,
        0,
        1.633,
        0
      ]
    },
    {
      "Target": "Parameter",
      "Id": "lhwl3",
      "FadeInTime": -1.0,
      "FadeOutTime": -1.0,
      "Segments": [
        0,
        0,
        0,
        0.55,
        -9.806,
        0,
        0.933,
        18.506,
        0,
        1.333,
        -14.474,
        0,
        1.633,
        0
      ]
    },
    {
      "Target": "Parameter",
      "Id": "lhwl4",
      "FadeInTime": -1.0,
      "FadeOutTime": -1.0,
      "Segments": [
        0,
        0,
        0,
        0.2,
        0.414,
        0,
        0.7,
        -7.143,
        0,
        1.15,
        16.504,
        0,
        1.633,
        0
      ]
    },
    {
      "Target": "Parameter",
      "Id": "lhwl5",
      "FadeInTime": -1.0,
      "FadeOutTime": -1.0,
      "Segments": [
        0,
        0,
        0,
        0.2,
        0.414,
        0,
        0.7,
        -7.143,
        0,
        1.15,
        16.504,
        0,
        1.633,
        0
      ]
    },
    {
      "Target": "Parameter",
      "Id": "lhwl6",
      "FadeInTime": -1.0,
      "FadeOutTime": -1.0,
      "Segments": [
        0,
        0,
        0,
        0.067,
        -0.326,
        0,
        0.417,
        8.014,
        0,
        0.833,
        -6.372,
        0,
        1.183,
        -1.317,
        0,
        1.433,
        -3.039,
        0,
        1.633,
        0
      ]
    },
    {
      "Target": "Parameter",
      "Id": "lhwl7",
      "FadeInTime": -1.0,
      "FadeOutTime": -1.0,
      "Segments": [
        0,
        0,
        1,
        0.022,
        0,
        0.045,
        0.115,
        0.067,
        -0.462,
        1,
        0.161,
        -2.915,
        0.256,
        -5.14,
        0.35,
        -5.14,
        0,
        0.733,
        16.577,
        0,
        1.217,
        -8.885,
        1,
        1.3,
        -8.885,
        1.384,
        -8.469,
        1.467,
        -5.641,
        1,
        1.522,
        -3.756,
        1.578,
        0,
        1.633,
        0
      ]
    },
    {
      "Target": "Parameter",
      "Id": "lhwl8",
      "FadeInTime": -1.0,
      "FadeOutTime": -1.0,
      "Segments": [
        0,
        0,
        1,
        0.006,
        0,
        0.011,
        0.061,
        0.017,
        0.064,
        1,
        0.056,
        0.082,
        0.094,
        0.088,
        0.133,
        0.088,
        0,
        0.583,
        -7.872,
        0,
        1.017,
        14.412,
        0,
        1.633,
        0
      ]
    },
    {
      "Target": "Parameter",
      "Id": "lhwl9",
      "FadeInTime": -1.0,
      "FadeOutTime": -1.0,
      "Segments": [
        0,
        0,
        0,
        0.767,
        -6.579,
        0,
        1.283,
        14.87,
        0,
        1.633,
        0
      ]
    },
    {
      "Target": "Parameter",
      "Id": "lhwl10",
      "FadeInTime": -1.0,
      "FadeOutTime": -1.0,
      "Segments": [
        0,
        0,
        0,
        0.967,
        -6.316,
        0,
        1.467,
        16.414,
        0,
        1.633,
        0
      ]
    },
    {
      "Target": "Parameter",
      "Id": "lhwl11",
      "FadeInTime": -1.0,
      "FadeOutTime": -1.0,
      "Segments": [
        0,
        0,
        0,
        0.333,
        3.273,
        0,
        0.833,
        -3.629,
        0,
        1.183,
        -1.062,
        0,
        1.4,
        -1.818,
        0,
        1.633,
        0
      ]
    },
    {
      "Target": "Parameter",
      "Id": "lhwl12",
      "FadeInTime": -1.0,
      "FadeOutTime": -1.0,
      "Segments": [
        0,
        0,
        0,
        0.267,
        -1.1,
        0,
        0.667,
        8.598,
        0,
        1.217,
        -6.268,
        1,
        1.3,
        -6.268,
        1.384,
        -6.035,
        1.467,
        -4.114,
        1,
        1.522,
        -2.833,
        1.578,
        0,
        1.633,
        0
      ]
    },
    {
      "Target": "Parameter",
      "Id": "lhwl13",
      "FadeInTime": -1.0,
      "FadeOutTime": -1.0,
      "Segments": [
        0,
        0,
        1,
        0.006,
        0,
        0.011,
        0.016,
        0.017,
        -0.057,
        1,
        0.172,
        -2.088,
        0.328,
        -3.206,
        0.483,
        -3.206,
        0,
        0.983,
        7.737,
        0,
        1.633,
        0
      ]
    },
    {
      "Target": "Parameter",
      "Id": "lhwl14",
      "FadeInTime": -1.0,
      "FadeOutTime": -1.0,
      "Segments": [
        0,
        0,
        1,
        0.033,
        0,
        0.067,
        0.1,
        0.1,
        -0.062,
        1,
        0.289,
        -0.979,
        0.478,
        -2.906,
        0.667,
        -2.906,
        0,
        1.217,
        8.371,
        0,
        1.633,
        0
      ]
    },
    {
      "Target": "Parameter",
      "Id": "lhwl15",
      "FadeInTime": -1.0,
      "FadeOutTime": -1.0,
      "Segments": [
        0,
        0,
        1,
        0.078,
        0,
        0.155,
        0.076,
        0.233,
        -0.07,
        1,
        0.444,
        -0.465,
        0.656,
        -2.796,
        0.867,
        -2.796,
        0,
        1.433,
        9.28,
        0,
        1.633,
        0
      ]
    },
    {
      "Target": "Parameter",
      "Id": "mwwl1",
      "FadeInTime": -1.0,
      "FadeOutTime": -1.0,
      "Segments": [
        0,
        0,
        0,
        0.383,
        13.724,
        0,
        0.8,
        -12.719,
        0,
        1.15,
        1.198,
        0,
        1.467,
        -6.503,
        0,
        1.633,
        0
      ]
    },
    {
      "Target": "Parameter",
      "Id": "mwwl2",
      "FadeInTime": -1.0,
      "FadeOutTime": -1.0,
      "Segments": [
        0,
        0,
        0,
        0.35,
        -6.808,
        0,
        0.733,
        14.157,
        0,
        1.15,
        -10.736,
        0,
        1.633,
        0
      ]
    },
    {
      "Target": "Parameter",
      "Id": "mwwl3",
      "FadeInTime": -1.0,
      "FadeOutTime": -1.0,
      "Segments": [
        0,
        0,
        1,
        0.011,
        0,
        0.022,
        0.081,
        0.033,
        -0.101,
        1,
        0.205,
        -2.918,
        0.378,
        -4.858,
        0.55,
        -4.858,
        0,
        1.017,
        12.838,
        0,
        1.633,
        0
      ]
    },
    {
      "Target": "Parameter",
      "Id": "mwwl4",
      "FadeInTime": -1.0,
      "FadeOutTime": -1.0,
      "Segments": [
        0,
        0,
        0,
        0.733,
        -3.942,
        0,
        1.283,
        13.588,
        0,
        1.633,
        0
      ]
    },
    {
      "Target": "Parameter",
      "Id": "mwwl5",
      "FadeInTime": -1.0,
      "FadeOutTime": -1.0,
      "Segments": [
        0,
        0,
        0,
        0.1,
        0.145,
        0,
        0.967,
        -4.009,
        0,
        1.633,
        0
      ]
    },
    {
      "Target": "Parameter",
      "Id": "mwwl6",
      "FadeInTime": -1.0,
      "FadeOutTime": -1.0,
      "Segments": [
        0,
        0,
        0,
        0.383,
        -13.968,
        0,
        0.8,
        12.945,
        0,
        1.15,
        -1.219,
        0,
        1.467,
        6.619,
        0,
        1.633,
        0
      ]
    },
    {
      "Target": "Parameter",
      "Id": "mwwl7",
      "FadeInTime": -1.0,
      "FadeOutTime": -1.0,
      "Segments": [
        0,
        0,
        0,
        0.35,
        6.808,
        0,
        0.733,
        -14.157,
        0,
        1.15,
        10.736,
        0,
        1.633,
        0
      ]
    },
    {
      "Target": "Parameter",
      "Id": "mwwl8",
      "FadeInTime": -1.0,
      "FadeOutTime": -1.0,
      "Segments": [
        0,
        0,
        1,
        0.011,
        0,
        0.022,
        -0.081,
        0.033,
        0.101,
        1,
        0.205,
        2.918,
        0.378,
        4.858,
        0.55,
        4.858,
        0,
        1.017,
        -12.838,
        0,
        1.633,
        0
      ]
    },
    {
      "Target": "Parameter",
      "Id": "mwwl9",
      "FadeInTime": -1.0,
      "FadeOutTime": -1.0,
      "Segments": [
        0,
        0,
        0,
        0.733,
        3.942,
        0,
        1.283,
        -13.588,
        0,
        1.633,
        0
      ]
    },
    {
      "Target": "Parameter",
      "Id": "mwwl10",
      "FadeInTime": -1.0,
      "FadeOutTime": -1.0,
      "Segments": [
        0,
        0,
        0,
        0.1,
        -0.145,
        0,
        0.967,
        4.009,
        0,
        1.633,
        0
      ]
    },
    {
      "Target": "Parameter",
      "Id": "xbkz",
      "FadeInTime": -1.0,
      "FadeOutTime": -1.0,
      "Segments": [
        0,
        0,
        1,
        0.078,
        0,
        0.155,
        -0.829,
        0.233,
        -8,
        1,
        0.305,
        -14.658,
        0.378,
        -25.282,
        0.45,
        -25.282,
        0,
        0.8,
        -11.619,
        0,
        1.117,
        -19.558,
        0,
        1.633,
        0
      ]
    },
    {
      "Target": "Parameter",
      "Id": "xbkz2",
      "FadeInTime": -1.0,
      "FadeOutTime": -1.0,
      "Segments": [
        0,
        0,
        1,
        0.078,
        0,
        0.155,
        -0.829,
        0.233,
        -8,
        1,
        0.305,
        -14.658,
        0.378,
        -25.282,
        0.45,
        -25.282,
        0,
        0.8,
        -11.619,
        0,
        1.117,
        -19.558,
        0,
        1.633,
        0
      ]
    },
    {
      "Target": "Parameter",
      "Id": "yxx1",
      "FadeInTime": -1.0,
      "FadeOutTime": -1.0,
      "Segments": [
        0,
        0,
        0,
        0.35,
        -16.342,
        0,
        0.733,
        21.674,
        0,
        1.117,
        -13.568,
        0,
        1.467,
        13.483,
        0,
        1.633,
        0
      ]
    },
    {
      "Target": "Parameter",
      "Id": "yxx2",
      "FadeInTime": -1.0,
      "FadeOutTime": -1.0,
      "Segments": [
        0,
        0,
        0,
        0.333,
        8.711,
        0,
        0.65,
        -26.846,
        0,
        1.017,
        28.84,
        0,
        1.4,
        -21.744,
        0,
        1.633,
        0
      ]
    },
    {
      "Target": "Parameter",
      "Id": "yxrx1",
      "FadeInTime": -1.0,
      "FadeOutTime": -1.0,
      "Segments": [
        0,
        0,
        1,
        0.006,
        0,
        0.011,
        -0.124,
        0.017,
        0.025,
        1,
        0.172,
        4.196,
        0.328,
        9.029,
        0.483,
        9.029,
        0,
        0.833,
        -24.626,
        0,
        1.25,
        29.069,
        0,
        1.633,
        0
      ]
    },
    {
      "Target": "Parameter",
      "Id": "yxx3",
      "FadeInTime": -1.0,
      "FadeOutTime": -1.0,
      "Segments": [
        0,
        0,
        0,
        0.35,
        16.342,
        0,
        0.733,
        -21.674,
        0,
        1.117,
        13.568,
        0,
        1.467,
        -13.483,
        0,
        1.633,
        0
      ]
    },
    {
      "Target": "Parameter",
      "Id": "yxx4",
      "FadeInTime": -1.0,
      "FadeOutTime": -1.0,
      "Segments": [
        0,
        0,
        0,
        0.333,
        -8.711,
        0,
        0.65,
        26.846,
        0,
        1.017,
        -28.84,
        0,
        1.4,
        21.744,
        0,
        1.633,
        0
      ]
    },
    {
      "Target": "Parameter",
      "Id": "yxrx4",
      "FadeInTime": -1.0,
      "FadeOutTime": -1.0,
      "Segments": [
        0,
        0,
        1,
        0.006,
        0,
        0.011,
        0.124,
        0.017,
        -0.025,
        1,
        0.172,
        -4.196,
        0.328,
        -9.029,
        0.483,
        -9.029,
        0,
        0.833,
        24.626,
        0,
        1.25,
        -29.069,
        0,
        1.633,
        0
      ]
    },
    {
      "Target": "Parameter",
      "Id": "yxrx2",
      "FadeInTime": -1.0,
      "FadeOutTime": -1.0,
      "Segments": [
        0,
        0,
        0,
        0.35,
        -9.778,
        0,
        0.7,
        17.18,
        0,
        1.117,
        -11.516,
        0,
        1.467,
        6.907,
        0,
        1.633,
        0
      ]
    },
    {
      "Target": "Parameter",
      "Id": "yxrx3",
      "FadeInTime": -1.0,
      "FadeOutTime": -1.0,
      "Segments": [
        0,
        0,
        0,
        0.517,
        -7.406,
        0,
        0.967,
        14.223,
        0,
        1.4,
        -6.905,
        0,
        1.633,
        0
      ]
    },
    {
      "Target": "Parameter",
      "Id": "yxrx5",
      "FadeInTime": -1.0,
      "FadeOutTime": -1.0,
      "Segments": [
        0,
        0,
        1,
        0.006,
        0,
        0.011,
        0.007,
        0.017,
        -0.077,
        1,
        0.245,
        -3.506,
        0.472,
        -5.301,
        0.7,
        -5.301,
        0,
        1.217,
        12.589,
        0,
        1.633,
        0
      ]
    },
    {
      "Target": "Parameter",
      "Id": "twl1",
      "FadeInTime": -1.0,
      "FadeOutTime": -1.0,
      "Segments": [
        0,
        0,
        0,
        0.35,
        16.342,
        0,
        0.733,
        -21.674,
        0,
        1.117,
        13.568,
        0,
        1.467,
        -13.483,
        0,
        1.633,
        0
      ]
    },
    {
      "Target": "Parameter",
      "Id": "twl3",
      "FadeInTime": -1.0,
      "FadeOutTime": -1.0,
      "Segments": [
        0,
        0,
        0,
        0.333,
        -8.711,
        0,
        0.65,
        26.846,
        0,
        1.017,
        -28.84,
        0,
        1.4,
        21.744,
        0,
        1.633,
        0
      ]
    },
    {
      "Target": "Parameter",
      "Id": "twl2",
      "FadeInTime": -1.0,
      "FadeOutTime": -1.0,
      "Segments": [
        0,
        0,
        1,
        0.006,
        0,
        0.011,
        0.124,
        0.017,
        -0.025,
        1,
        0.172,
        -4.196,
        0.328,
        -9.029,
        0.483,
        -9.029,
        0,
        0.833,
        24.626,
        0,
        1.25,
        -29.069,
        0,
        1.633,
        0
      ]
    },
    {
      "Target": "Parameter",
      "Id": "touch_drag11",
      "FadeInTime": -1.0,
      "FadeOutTime": -1.0,
      "Segments": [
        0,
        0,
        0,
        1.633,
        0
      ]
    },
    {
      "Target": "Parameter",
      "Id": "Paramtouch_idle1",
      "FadeInTime": -1.0,
      "FadeOutTime": -1.0,
      "Segments": [
        0,
        0,
        0,
        1.633,
        0
      ]
    },
    {
      "Target": "Parameter",
      "Id": "Paramtouch_idle2",
      "FadeInTime": -1.0,
      "FadeOutTime": -1.0,
      "Segments": [
        0,
        0,
        0,
        1.633,
        0
      ]
    },
    {
      "Target": "Parameter",
      "Id": "Paramtouch_idle3",
      "FadeInTime": -1.0,
      "FadeOutTime": -1.0,
      "Segments": [
        0,
        0,
        0,
        1.633,
        0
      ]
    },
    {
      "Target": "Parameter",
      "Id": "Paramtouch_idle4",
      "FadeInTime": -1.0,
      "FadeOutTime": -1.0,
      "Segments": [
        0,
        0,
        0,
        1.633,
        0
      ]
    },
    {
      "Target": "Parameter",
      "Id": "Paramtouch_idle5",
      "FadeInTime": -1.0,
      "FadeOutTime": -1.0,
      "Segments": [
        0,
        0,
        0,
        1.633,
        0
      ]
    },
    {
      "Target": "Parameter",
      "Id": "Paramtouch_idle6",
      "FadeInTime": -1.0,
      "FadeOutTime": -1.0,
      "Segments": [
        0,
        0,
        0,
        1.633,
        0
      ]
    },
    {
      "Target": "Parameter",
      "Id": "Paramtouch_idle7",
      "FadeInTime": -1.0,
      "FadeOutTime": -1.0,
      "Segments": [
        0,
        0,
        0,
        1.633,
        0
      ]
    },
    {
      "Target": "Parameter",
      "Id": "Paramtouch_idle8",
      "FadeInTime": -1.0,
      "FadeOutTime": -1.0,
      "Segments": [
        0,
        0,
        0,
        1.633,
        0
      ]
    },
    {
      "Target": "Parameter",
      "Id": "Paramtouch_idle9",
      "FadeInTime": -1.0,
      "FadeOutTime": -1.0,
      "Segments": [
        0,
        0,
        0,
        1.633,
        0
      ]
    },
    {
      "Target": "Parameter",
      "Id": "Paramtouch_idle10",
      "FadeInTime": -1.0,
      "FadeOutTime": -1.0,
      "Segments": [
        0,
        0,
        0,
        1.633,
        0
      ]
    },
    {
      "Target": "Parameter",
      "Id": "Paramtouch_idle11",
      "FadeInTime": -1.0,
      "FadeOutTime": -1.0,
      "Segments": [
        0,
        0,
        0,
        1.633,
        0
      ]
    },
    {
      "Target": "Parameter",
      "Id": "Paramtouch_idle12",
      "FadeInTime": -1.0,
      "FadeOutTime": -1.0,
      "Segments": [
        0,
        0,
        0,
        1.633,
        0
      ]
    },
    {
      "Target": "Parameter",
      "Id": "Paramtouch_idle13",
      "FadeInTime": -1.0,
      "FadeOutTime": -1.0,
      "Segments": [
        0,
        0,
        0,
        1.633,
        0
      ]
    },
    {
      "Target": "Parameter",
      "Id": "Paramtouch_idle14",
      "FadeInTime": -1.0,
      "FadeOutTime": -1.0,
      "Segments": [
        0,
        0,
        0,
        1.633,
        0
      ]
    },
    {
      "Target": "Parameter",
      "Id": "Paramtouch_idle15",
      "FadeInTime": -1.0,
      "FadeOutTime": -1.0,
      "Segments": [
        0,
        0,
        0,
        1.633,
        0
      ]
    },
    {
      "Target": "Parameter",
      "Id": "Paramtouch_idle16",
      "FadeInTime": -1.0,
      "FadeOutTime": -1.0,
      "Segments": [
        0,
        0,
        0,
        1.633,
        0
      ]
    },
    {
      "Target": "Parameter",
      "Id": "Paramtouch_idle17",
      "FadeInTime": -1.0,
      "FadeOutTime": -1.0,
      "Segments": [
        0,
        0,
        0,
        1.633,
        0
      ]
    },
    {
      "Target": "Parameter",
      "Id": "Paramtouch_idle18",
      "FadeInTime": -1.0,
      "FadeOutTime": -1.0,
      "Segments": [
        0,
        0,
        0,
        1.633,
        0
      ]
    },
    {
      "Target": "Parameter",
      "Id": "Paramtouch_idle19",
      "FadeInTime": -1.0,
      "FadeOutTime": -1.0,
      "Segments": [
        0,
        0,
        0,
        1.633,
        0
      ]
    },
    {
      "Target": "Parameter",
      "Id": "Paramtouch_idle20",
      "FadeInTime": -1.0,
      "FadeOutTime": -1.0,
      "Segments": [
        0,
        0,
        0,
        1.633,
        0
      ]
    },
    {
      "Target": "Parameter",
      "Id": "touch_drag2",
      "FadeInTime": -1.0,
      "FadeOutTime": -1.0,
      "Segments": [
        0,
        0,
        0,
        1.633,
        0
      ]
    },
    {
      "Target": "Parameter",
      "Id": "touch_drag3",
      "FadeInTime": -1.0,
      "FadeOutTime": -1.0,
      "Segments": [
        0,
        0,
        0,
        1.633,
        0
      ]
    },
    {
      "Target": "Parameter",
      "Id": "touch_drag4",
      "FadeInTime": -1.0,
      "FadeOutTime": -1.0,
      "Segments": [
        0,
        0,
        0,
        1.633,
        0
      ]
    },
    {
      "Target": "Parameter",
      "Id": "touch_drag5",
      "FadeInTime": -1.0,
      "FadeOutTime": -1.0,
      "Segments": [
        0,
        0,
        0,
        1.633,
        0
      ]
    },
    {
      "Target": "Parameter",
      "Id": "touch_drag6",
      "FadeInTime": -1.0,
      "FadeOutTime": -1.0,
      "Segments": [
        0,
        0,
        0,
        1.633,
        0
      ]
    },
    {
      "Target": "Parameter",
      "Id": "touch_drag12",
      "FadeInTime": -1.0,
      "FadeOutTime": -1.0,
      "Segments": [
        0,
        0,
        0,
        1.633,
        0
      ]
    },
    {
      "Target": "Parameter",
      "Id": "touch_drag7",
      "FadeInTime": -1.0,
      "FadeOutTime": -1.0,
      "Segments": [
        0,
        0,
        0,
        1.633,
        0
      ]
    },
    {
      "Target": "Parameter",
      "Id": "touch_drag8",
      "FadeInTime": -1.0,
      "FadeOutTime": -1.0,
      "Segments": [
        0,
        0,
        0,
        1.633,
        0
      ]
    },
    {
      "Target": "Parameter",
      "Id": "touch_drag9",
      "FadeInTime": -1.0,
      "FadeOutTime": -1.0,
      "Segments": [
        0,
        0,
        0,
        1.633,
        0
      ]
    },
    {
      "Target": "Parameter",
      "Id": "touch_drag10",
      "FadeInTime": -1.0,
      "FadeOutTime": -1.0,
      "Segments": [
        0,
        0,
        0,
        1.633,
        0
      ]
    },
    {
      "Target": "Parameter",
      "Id": "Paramtouch_idle21",
      "FadeInTime": -1.0,
      "FadeOutTime": -1.0,
      "Segments": [
        0,
        0,
        0,
        1.633,
        0
      ]
    },
    {
      "Target": "Parameter",
      "Id": "Paramtouch_idle22",
      "FadeInTime": -1.0,
      "FadeOutTime": -1.0,
      "Segments": [
        0,
        0,
        0,
        1.633,
        0
      ]
    },
    {
      "Target": "Parameter",
      "Id": "Paramtouch_idle23",
      "FadeInTime": -1.0,
      "FadeOutTime": -1.0,
      "Segments": [
        0,
        0,
        0,
        1.633,
        0
      ]
    },
    {
      "Target": "Parameter",
      "Id": "Paramtouch_idle24",
      "FadeInTime": -1.0,
      "FadeOutTime": -1.0,
      "Segments": [
        0,
        0,
        0,
        1.633,
        0
      ]
    },
    {
      "Target": "Parameter",
      "Id": "cmkduv",
      "FadeInTime": -1.0,
      "FadeOutTime": -1.0,
      "Segments": [
        0,
        0,
        0,
        1.633,
        0
      ]
    },
    {
      "Target": "Parameter",
      "Id": "TouchDrag12wy",
      "FadeInTime": -1.0,
      "FadeOutTime": -1.0,
      "Segments": [
        0,
        0,
        0,
        1.633,
        0
      ]
    },
    {
      "Target": "Parameter",
      "Id": "touch_dragwy",
      "FadeInTime": -1.0,
      "FadeOutTime": -1.0,
      "Segments": [
        0,
        0,
        0,
        1.633,
        0
      ]
    },
    {
      "Target": "Parameter",
      "Id": "TouchDrag1wy",
      "FadeInTime": -1.0,
      "FadeOutTime": -1.0,
      "Segments": [
        0,
        0,
        0,
        1.633,
        0
      ]
    },
    {
      "Target": "Parameter",
      "Id": "TouchDrag1wy2",
      "FadeInTime": -1.0,
      "FadeOutTime": -1.0,
      "Segments": [
        0,
        0,
        0,
        1.633,
        0
      ]
    },
    {
      "Target": "Parameter",
      "Id": "TouchDrag1wy3",
      "FadeInTime": -1.0,
      "FadeOutTime": -1.0,
      "Segments": [
        0,
        0,
        0,
        1.633,
        0
      ]
    },
    {
      "Target": "Parameter",
      "Id": "TouchDrag1wy4",
      "FadeInTime": -1.0,
      "FadeOutTime": -1.0,
      "Segments": [
        0,
        0,
        0,
        1.633,
        0
      ]
    },
    {
      "Target": "Parameter",
      "Id": "TouchDrag1wy5",
      "FadeInTime": -1.0,
      "FadeOutTime": -1.0,
      "Segments": [
        0,
        0,
        0,
        1.633,
        0
      ]
    },
    {
      "Target": "Parameter",
      "Id": "TouchDrag1wy6",
      "FadeInTime": -1.0,
      "FadeOutTime": -1.0,
      "Segments": [
        0,
        0,
        0,
        1.633,
        0
      ]
    },
    {
      "Target": "Parameter",
      "Id": "TouchDrag1wy7",
      "FadeInTime": -1.0,
      "FadeOutTime": -1.0,
      "Segments": [
        0,
        0,
        0,
        1.633,
        0
      ]
    },
    {
      "Target": "Parameter",
      "Id": "TouchDrag1wy8",
      "FadeInTime": -1.0,
      "FadeOutTime": -1.0,
      "Segments": [
        0,
        0,
        0,
        1.633,
        0
      ]
    },
    {
      "Target": "Parameter",
      "Id": "TouchDrag1wy9",
      "FadeInTime": -1.0,
      "FadeOutTime": -1.0,
      "Segments": [
        0,
        0,
        0,
        1.633,
        0
      ]
    },
    {
      "Target": "Parameter",
      "Id": "TouchDrag1wy10",
      "FadeInTime": -1.0,
      "FadeOutTime": -1.0,
      "Segments": [
        0,
        0,
        0,
        1.633,
        0
      ]
    },
    {
      "Target": "Parameter",
      "Id": "TouchDrag1wy11",
      "FadeInTime": -1.0,
      "FadeOutTime": -1.0,
      "Segments": [
        0,
        0,
        0,
        1.633,
        0
      ]
    },
    {
      "Target": "Parameter",
      "Id": "TouchDrag1wy12",
      "FadeInTime": -1.0,
      "FadeOutTime": -1.0,
      "Segments": [
        0,
        0,
        0,
        1.633,
        0
      ]
    },
    {
      "Target": "Parameter",
      "Id": "TouchDrag1wy13",
      "FadeInTime": -1.0,
      "FadeOutTime": -1.0,
      "Segments": [
        0,
        0,
        0,
        1.633,
        0
      ]
    },
    {
      "Target": "Parameter",
      "Id": "TouchDrag1wy14",
      "FadeInTime": -1.0,
      "FadeOutTime": -1.0,
      "Segments": [
        0,
        0,
        0,
        1.633,
        0
      ]
    },
    {
      "Target": "Parameter",
      "Id": "TouchDrag1wy15",
      "FadeInTime": -1.0,
      "FadeOutTime": -1.0,
      "Segments": [
        0,
        0,
        0,
        1.633,
        0
      ]
    },
    {
      "Target": "Parameter",
      "Id": "TouchDrag1wy16",
      "FadeInTime": -1.0,
      "FadeOutTime": -1.0,
      "Segments": [
        0,
        0,
        0,
        1.633,
        0
      ]
    },
    {
      "Target": "Parameter",
      "Id": "TouchDrag1wy17",
      "FadeInTime": -1.0,
      "FadeOutTime": -1.0,
      "Segments": [
        0,
        0,
        0,
        1.633,
        0
      ]
    },
    {
      "Target": "Parameter",
      "Id": "TouchDrag1wy18",
      "FadeInTime": -1.0,
      "FadeOutTime": -1.0,
      "Segments": [
        0,
        0,
        0,
        1.633,
        0
      ]
    },
    {
      "Target": "Parameter",
      "Id": "TouchDrag1wy19",
      "FadeInTime": -1.0,
      "FadeOutTime": -1.0,
      "Segments": [
        0,
        0,
        0,
        1.633,
        0
      ]
    },
    {
      "Target": "Parameter",
      "Id": "TouchDrag1wy20",
      "FadeInTime": -1.0,
      "FadeOutTime": -1.0,
      "Segments": [
        0,
        0,
        0,
        1.633,
        0
      ]
    },
    {
      "Target": "Parameter",
      "Id": "TouchDrag2wy",
      "FadeInTime": -1.0,
      "FadeOutTime": -1.0,
      "Segments": [
        0,
        0,
        0,
        1.633,
        0
      ]
    },
    {
      "Target": "Parameter",
      "Id": "touch_drag3wy",
      "FadeInTime": -1.0,
      "FadeOutTime": -1.0,
      "Segments": [
        0,
        0,
        0,
        1.633,
        0
      ]
    },
    {
      "Target": "Parameter",
      "Id": "touch_drag3wy2",
      "FadeInTime": -1.0,
      "FadeOutTime": -1.0,
      "Segments": [
        0,
        0,
        0,
        1.633,
        0
      ]
    },
    {
      "Target": "Parameter",
      "Id": "touch_drag3wy3",
      "FadeInTime": -1.0,
      "FadeOutTime": -1.0,
      "Segments": [
        0,
        0,
        0,
        1.633,
        0
      ]
    },
    {
      "Target": "Parameter",
      "Id": "touch_drag3wy4",
      "FadeInTime": -1.0,
      "FadeOutTime": -1.0,
      "Segments": [
        0,
        0,
        0,
        1.633,
        0
      ]
    },
    {
      "Target": "Parameter",
      "Id": "touch_drag3wy5",
      "FadeInTime": -1.0,
      "FadeOutTime": -1.0,
      "Segments": [
        0,
        0,
        0,
        1.633,
        0
      ]
    },
    {
      "Target": "Parameter",
      "Id": "touch_drag3wy6",
      "FadeInTime": -1.0,
      "FadeOutTime": -1.0,
      "Segments": [
        0,
        0,
        0,
        1.633,
        0
      ]
    },
    {
      "Target": "Parameter",
      "Id": "touch_drag3wy7",
      "FadeInTime": -1.0,
      "FadeOutTime": -1.0,
      "Segments": [
        0,
        0,
        0,
        1.633,
        0
      ]
    },
    {
      "Target": "Parameter",
      "Id": "touch_drag3wy8",
      "FadeInTime": -1.0,
      "FadeOutTime": -1.0,
      "Segments": [
        0,
        0,
        0,
        1.633,
        0
      ]
    },
    {
      "Target": "Parameter",
      "Id": "TouchDrag1wy21",
      "FadeInTime": -1.0,
      "FadeOutTime": -1.0,
      "Segments": [
        0,
        0,
        0,
        1.633,
        0
      ]
    },
    {
      "Target": "Parameter",
      "Id": "TouchDrag1wy22",
      "FadeInTime": -1.0,
      "FadeOutTime": -1.0,
      "Segments": [
        0,
        0,
        0,
        1.633,
        0
      ]
    },
    {
      "Target": "Parameter",
      "Id": "TouchDrag1wy23",
      "FadeInTime": -1.0,
      "FadeOutTime": -1.0,
      "Segments": [
        0,
        0,
        0,
        1.633,
        0
      ]
    },
    {
      "Target": "Parameter",
      "Id": "TouchDrag1wy24",
      "FadeInTime": -1.0,
      "FadeOutTime": -1.0,
      "Segments": [
        0,
        0,
        0,
        1.633,
        0
      ]
    },
    {
      "Target": "Parameter",
      "Id": "ParamBodyAngleY",
      "FadeInTime": -1.0,
      "FadeOutTime": -1.0,
      "Segments": [
        0,
        0,
        0,
        1.633,
        0
      ]
    },
    {
      "Target": "Parameter",
      "Id": "ParamBodyAngleX",
      "FadeInTime": -1.0,
      "FadeOutTime": -1.0,
      "Segments": [
        0,
        0,
        0,
        1.633,
        0
      ]
    },
    {
      "Target": "Parameter",
      "Id": "koushuishangxia",
      "FadeInTime": -1.0,
      "FadeOutTime": -1.0,
      "Segments": [
        0,
        0,
        0,
        1.633,
        0
      ]
    },
    {
      "Target": "Parameter",
      "Id": "koushuizuoyou",
      "FadeInTime": -1.0,
      "FadeOutTime": -1.0,
      "Segments": [
        0,
        0,
        0,
        1.633,
        0
      ]
    },
    {
      "Target": "Parameter",
      "Id": "koushuijiaodu",
      "FadeInTime": -1.0,
      "FadeOutTime": -1.0,
      "Segments": [
        0,
        0,
        0,
        1.633,
        0
      ]
    },
    {
      "Target": "Parameter",
      "Id": "koushuiyaobai",
      "FadeInTime": -1.0,
      "FadeOutTime": -1.0,
      "Segments": [
        0,
        0,
        0,
        1.633,
        0
      ]
    },
    {
      "Target": "Parameter",
      "Id": "koushuichangduan",
      "FadeInTime": -1.0,
      "FadeOutTime": -1.0,
      "Segments": [
        0,
        0,
        0,
        1.633,
        0
      ]
    },
    {
      "Target": "Parameter",
      "Id": "baiqidonghua",
      "FadeInTime": -1.0,
      "FadeOutTime": -1.0,
      "Segments": [
        0,
        0,
        0,
        1.633,
        0
      ]
    },
    {
      "Target": "Parameter",
      "Id": "swch2",
      "FadeInTime": -1.0,
      "FadeOutTime": -1.0,
      "Segments": [
        0,
        0,
        0,
        1.633,
        0
      ]
    },
    {
      "Target": "Parameter",
      "Id": "fmqh",
      "FadeInTime": -1.0,
      "FadeOutTime": -1.0,
      "Segments": [
        0,
        0,
        0,
        1.633,
        0
      ]
    },
    {
      "Target": "Parameter",
      "Id": "yqdjtx",
      "FadeInTime": -1.0,
      "FadeOutTime": -1.0,
      "Segments": [
        0,
        0,
        0,
        1.633,
        0
      ]
    },
    {
      "Target": "Parameter",
      "Id": "yqdjtx3",
      "FadeInTime": -1.0,
      "FadeOutTime": -1.0,
      "Segments": [
        0,
        0,
        0,
        1.633,
        0
      ]
    },
    {
      "Target": "Parameter",
      "Id": "yqdjtx4",
      "FadeInTime": -1.0,
      "FadeOutTime": -1.0,
      "Segments": [
        0,
        0,
        0,
        1.633,
        0
      ]
    },
    {
      "Target": "Parameter",
      "Id": "yqdjtx5",
      "FadeInTime": -1.0,
      "FadeOutTime": -1.0,
      "Segments": [
        0,
        0,
        0,
        1.633,
        0
      ]
    },
    {
      "Target": "Parameter",
      "Id": "yl2",
      "FadeInTime": -1.0,
      "FadeOutTime": -1.0,
      "Segments": [
        0,
        0,
        0,
        1.633,
        0
      ]
    },
    {
      "Target": "Parameter",
      "Id": "uidh2",
      "FadeInTime": -1.0,
      "FadeOutTime": -1.0,
      "Segments": [
        0,
        1,
        0,
        1.633,
        1
      ]
    },
    {
      "Target": "Parameter",
      "Id": "zccddx",
      "FadeInTime": -1.0,
      "FadeOutTime": -1.0,
      "Segments": [
        0,
        0,
        0,
        1.633,
        0
      ]
    },
    {
      "Target": "Parameter",
      "Id": "zccddx2",
      "FadeInTime": -1.0,
      "FadeOutTime": -1.0,
      "Segments": [
        0,
        0,
        0,
        1.633,
        0
      ]
    },
    {
      "Target": "Parameter",
      "Id": "zccdwy",
      "FadeInTime": -1.0,
      "FadeOutTime": -1.0,
      "Segments": [
        0,
        0,
        0,
        1.633,
        0
      ]
    },
    {
      "Target": "Parameter",
      "Id": "ppyztmd2",
      "FadeInTime": -1.0,
      "FadeOutTime": -1.0,
      "Segments": [
        0,
        0,
        0,
        1.633,
        0
      ]
    },
    {
      "Target": "Parameter",
      "Id": "ysxz2X",
      "FadeInTime": -1.0,
      "FadeOutTime": -1.0,
      "Segments": [
        0,
        0,
        0,
        1.633,
        0
      ]
    },
    {
      "Target": "Parameter",
      "Id": "ysxz2X2",
      "FadeInTime": -1.0,
      "FadeOutTime": -1.0,
      "Segments": [
        0,
        0,
        0,
        1.633,
        0
      ]
    },
    {
      "Target": "Parameter",
      "Id": "ysxz2X3",
      "FadeInTime": -1.0,
      "FadeOutTime": -1.0,
      "Segments": [
        0,
        0,
        0,
        1.633,
        0
      ]
    },
    {
      "Target": "Parameter",
      "Id": "ysxz2X4",
      "FadeInTime": -1.0,
      "FadeOutTime": -1.0,
      "Segments": [
        0,
        0,
        0,
        1.633,
        0
      ]
    },
    {
      "Target": "Parameter",
      "Id": "syxs",
      "FadeInTime": -1.0,
      "FadeOutTime": -1.0,
      "Segments": [
        0,
        0,
        0,
        1.633,
        0
      ]
    },
    {
      "Target": "Parameter",
      "Id": "shpc",
      "FadeInTime": -1.0,
      "FadeOutTime": -1.0,
      "Segments": [
        0,
        0,
        0,
        1.633,
        0
      ]
    },
    {
      "Target": "Parameter",
      "Id": "shpc2",
      "FadeInTime": -1.0,
      "FadeOutTime": -1.0,
      "Segments": [
        0,
        0,
        0,
        1.633,
        0
      ]
    },
    {
      "Target": "Parameter",
      "Id": "swch",
      "FadeInTime": -1.0,
      "FadeOutTime": -1.0,
      "Segments": [
        0,
        0,
        0,
        1.633,
        0
      ]
    },
    {
      "Target": "Parameter",
      "Id": "ygqxz",
      "FadeInTime": -1.0,
      "FadeOutTime": -1.0,
      "Segments": [
        0,
        0,
        0,
        1.633,
        0
      ]
    },
    {
      "Target": "Parameter",
      "Id": "mhygq",
      "FadeInTime": -1.0,
      "FadeOutTime": -1.0,
      "Segments": [
        0,
        0,
        0,
        1.633,
        0
      ]
    },
    {
      "Target": "Parameter",
      "Id": "mhygq2",
      "FadeInTime": -1.0,
      "FadeOutTime": -1.0,
      "Segments": [
        0,
        0,
        0,
        1.633,
        0
      ]
    },
    {
      "Target": "Parameter",
      "Id": "mhygqx",
      "FadeInTime": -1.0,
      "FadeOutTime": -1.0,
      "Segments": [
        0,
        0,
        0,
        1.633,
        0
      ]
    },
    {
      "Target": "Parameter",
      "Id": "mhygqx2",
      "FadeInTime": -1.0,
      "FadeOutTime": -1.0,
      "Segments": [
        0,
        0,
        0,
        1.633,
        0
      ]
    },
    {
      "Target": "Parameter",
      "Id": "shuiliu",
      "FadeInTime": -1.0,
      "FadeOutTime": -1.0,
      "Segments": [
        0,
        0,
        0,
        1.633,
        0
      ]
    },
    {
      "Target": "Parameter",
      "Id": "guanghuan",
      "FadeInTime": -1.0,
      "FadeOutTime": -1.0,
      "Segments": [
        0,
        0,
        0,
        1.633,
        0
      ]
    },
    {
      "Target": "Parameter",
      "Id": "MB_xingfengyaobai",
      "FadeInTime": -1.0,
      "FadeOutTime": -1.0,
      "Segments": [
        0,
        0,
        0,
        1.633,
        0
      ]
    },
    {
      "Target": "Parameter",
      "Id": "MB_xingfengTMD",
      "FadeInTime": -1.0,
      "FadeOutTime": -1.0,
      "Segments": [
        0,
        0,
        0,
        1.633,
        0
      ]
    },
    {
      "Target": "Parameter",
      "Id": "Param144",
      "FadeInTime": -1.0,
      "FadeOutTime": -1.0,
      "Segments": [
        0,
        0,
        0,
        1.633,
        0
      ]
    },
    {
      "Target": "Parameter",
      "Id": "Param145",
      "FadeInTime": -1.0,
      "FadeOutTime": -1.0,
      "Segments": [
        0,
        0,
        0,
        1.633,
        0
      ]
    },
    {
      "Target": "Parameter",
      "Id": "bssh",
      "FadeInTime": -1.0,
      "FadeOutTime": -1.0,
      "Segments": [
        0,
        0,
        0,
        1.633,
        0
      ]
    },
    {
      "Target": "Parameter",
      "Id": "bsshbtmd",
      "FadeInTime": -1.0,
      "FadeOutTime": -1.0,
      "Segments": [
        0,
        0,
        0,
        1.633,
        0
      ]
    },
    {
      "Target": "Parameter",
      "Id": "bsshcews",
      "FadeInTime": -1.0,
      "FadeOutTime": -1.0,
      "Segments": [
        0,
        0,
        0,
        1.633,
        0
      ]
    },
    {
      "Target": "Parameter",
      "Id": "bsshces2",
      "FadeInTime": -1.0,
      "FadeOutTime": -1.0,
      "Segments": [
        0,
        0,
        0,
        1.633,
        0
      ]
    },
    {
      "Target": "Parameter",
      "Id": "MB_hudietoumingdu",
      "FadeInTime": -1.0,
      "FadeOutTime": -1.0,
      "Segments": [
        0,
        0,
        0,
        1.633,
        0
      ]
    },
    {
      "Target": "Parameter",
      "Id": "MB_hudietoushi",
      "FadeInTime": -1.0,
      "FadeOutTime": -1.0,
      "Segments": [
        0,
        0,
        0,
        1.633,
        0
      ]
    },
    {
      "Target": "Parameter",
      "Id": "MB_hudiexuanzhuan",
      "FadeInTime": -1.0,
      "FadeOutTime": -1.0,
      "Segments": [
        0,
        0,
        0,
        1.633,
        0
      ]
    },
    {
      "Target": "Parameter",
      "Id": "MB_hudiezuoyou",
      "FadeInTime": -1.0,
      "FadeOutTime": -1.0,
      "Segments": [
        0,
        0,
        0,
        1.633,
        0
      ]
    },
    {
      "Target": "Parameter",
      "Id": "MB_hudieshangxia",
      "FadeInTime": -1.0,
      "FadeOutTime": -1.0,
      "Segments": [
        0,
        0,
        0,
        1.633,
        0
      ]
    },
    {
      "Target": "Parameter",
      "Id": "MB_hudiejiaodu",
      "FadeInTime": -1.0,
      "FadeOutTime": -1.0,
      "Segments": [
        0,
        0,
        0,
        1.633,
        0
      ]
    },
    {
      "Target": "Parameter",
      "Id": "MB_hudiedaxiao",
      "FadeInTime": -1.0,
      "FadeOutTime": -1.0,
      "Segments": [
        0,
        0,
        0,
        1.633,
        0
      ]
    },
    {
      "Target": "Parameter",
      "Id": "MB_hudiechiban",
      "FadeInTime": -1.0,
      "FadeOutTime": -1.0,
      "Segments": [
        0,
        0,
        0,
        1.633,
        0
      ]
    },
    {
      "Target": "Parameter",
      "Id": "czwl",
      "FadeInTime": -1.0,
      "FadeOutTime": -1.0,
      "Segments": [
        0,
        0,
        0,
        1.633,
        0
      ]
    },
    {
      "Target": "Parameter",
      "Id": "renxz2",
      "FadeInTime": -1.0,
      "FadeOutTime": -1.0,
      "Segments": [
        0,
        0,
        0,
        1.633,
        0
      ]
    },
    {
      "Target": "Parameter",
      "Id": "renxz3",
      "FadeInTime": -1.0,
      "FadeOutTime": -1.0,
      "Segments": [
        0,
        0,
        0,
        1.633,
        0
      ]
    },
    {
      "Target": "Parameter",
      "Id": "renxz",
      "FadeInTime": -1.0,
      "FadeOutTime": -1.0,
      "Segments": [
        0,
        0,
        0,
        1.633,
        0
      ]
    },
    {
      "Target": "Parameter",
      "Id": "Param2",
      "FadeInTime": -1.0,
      "FadeOutTime": -1.0,
      "Segments": [
        0,
        0,
        0,
        1.633,
        0
      ]
    },
    {
      "Target": "Parameter",
      "Id": "bjtmd",
      "FadeInTime": -1.0,
      "FadeOutTime": -1.0,
      "Segments": [
        0,
        0,
        0,
        1.633,
        0
      ]
    },
    {
      "Target": "Parameter",
      "Id": "ztxy",
      "FadeInTime": -1.0,
      "FadeOutTime": -1.0,
      "Segments": [
        0,
        0,
        0,
        1.633,
        0
      ]
    },
    {
      "Target": "Parameter",
      "Id": "ztxy2",
      "FadeInTime": -1.0,
      "FadeOutTime": -1.0,
      "Segments": [
        0,
        0,
        0,
        1.633,
        0
      ]
    },
    {
      "Target": "Parameter",
      "Id": "ztxy3",
      "FadeInTime": -1.0,
      "FadeOutTime": -1.0,
      "Segments": [
        0,
        0,
        0,
        1.633,
        0
      ]
    },
    {
      "Target": "Parameter",
      "Id": "ztxy4",
      "FadeInTime": -1.0,
      "FadeOutTime": -1.0,
      "Segments": [
        0,
        0,
        0,
        1.633,
        0
      ]
    },
    {
      "Target": "Parameter",
      "Id": "Param52",
      "FadeInTime": -1.0,
      "FadeOutTime": -1.0,
      "Segments": [
        0,
        0,
        0,
        1.633,
        0
      ]
    },
    {
      "Target": "Parameter",
      "Id": "hjtmd",
      "FadeInTime": -1.0,
      "FadeOutTime": -1.0,
      "Segments": [
        0,
        0,
        0,
        1.633,
        0
      ]
    },
    {
      "Target": "Parameter",
      "Id": "jjx",
      "FadeInTime": -1.0,
      "FadeOutTime": -1.0,
      "Segments": [
        0,
        0,
        0,
        1.633,
        0
      ]
    },
    {
      "Target": "Parameter",
      "Id": "jjx2",
      "FadeInTime": -1.0,
      "FadeOutTime": -1.0,
      "Segments": [
        0,
        0,
        0,
        1.633,
        0
      ]
    },
    {
      "Target": "Parameter",
      "Id": "Param115",
      "FadeInTime": -1.0,
      "FadeOutTime": -1.0,
      "Segments": [
        0,
        0,
        0,
        1.633,
        0
      ]
    },
    {
      "Target": "Parameter",
      "Id": "Param130",
      "FadeInTime": -1.0,
      "FadeOutTime": -1.0,
      "Segments": [
        0,
        0,
        0,
        1.633,
        0
      ]
    },
    {
      "Target": "Parameter",
      "Id": "Param12",
      "FadeInTime": -1.0,
      "FadeOutTime": -1.0,
      "Segments": [
        0,
        0,
        0,
        1.633,
        0
      ]
    },
    {
      "Target": "Parameter",
      "Id": "Param13",
      "FadeInTime": -1.0,
      "FadeOutTime": -1.0,
      "Segments": [
        0,
        0,
        0,
        1.633,
        0
      ]
    },
    {
      "Target": "Parameter",
      "Id": "Param14",
      "FadeInTime": -1.0,
      "FadeOutTime": -1.0,
      "Segments": [
        0,
        0,
        0,
        1.633,
        0
      ]
    },
    {
      "Target": "Parameter",
      "Id": "Param26",
      "FadeInTime": -1.0,
      "FadeOutTime": -1.0,
      "Segments": [
        0,
        0,
        0,
        1.633,
        0
      ]
    },
    {
      "Target": "Parameter",
      "Id": "Param31",
      "FadeInTime": -1.0,
      "FadeOutTime": -1.0,
      "Segments": [
        0,
        0,
        0,
        1.633,
        0
      ]
    },
    {
      "Target": "Parameter",
      "Id": "Param30",
      "FadeInTime": -1.0,
      "FadeOutTime": -1.0,
      "Segments": [
        0,
        0,
        0,
        1.633,
        0
      ]
    },
    {
      "Target": "Parameter",
      "Id": "Param72",
      "FadeInTime": -1.0,
      "FadeOutTime": -1.0,
      "Segments": [
        0,
        0,
        0,
        1.633,
        0
      ]
    },
    {
      "Target": "Parameter",
      "Id": "Param93",
      "FadeInTime": -1.0,
      "FadeOutTime": -1.0,
      "Segments": [
        0,
        0,
        0,
        1.633,
        0
      ]
    },
    {
      "Target": "Parameter",
      "Id": "Param94",
      "FadeInTime": -1.0,
      "FadeOutTime": -1.0,
      "Segments": [
        0,
        0,
        0,
        1.633,
        0
      ]
    },
    {
      "Target": "Parameter",
      "Id": "Param27",
      "FadeInTime": -1.0,
      "FadeOutTime": -1.0,
      "Segments": [
        0,
        0,
        0,
        1.633,
        0
      ]
    },
    {
      "Target": "Parameter",
      "Id": "Param162",
      "FadeInTime": -1.0,
      "FadeOutTime": -1.0,
      "Segments": [
        0,
        0,
        0,
        1.633,
        0
      ]
    },
    {
      "Target": "Parameter",
      "Id": "hjlc",
      "FadeInTime": -1.0,
      "FadeOutTime": -1.0,
      "Segments": [
        0,
        0,
        0,
        1.633,
        0
      ]
    },
    {
      "Target": "Parameter",
      "Id": "fxpzy",
      "FadeInTime": -1.0,
      "FadeOutTime": -1.0,
      "Segments": [
        0,
        0,
        0,
        1.633,
        0
      ]
    },
    {
      "Target": "Parameter",
      "Id": "ppyztmd",
      "FadeInTime": -1.0,
      "FadeOutTime": -1.0,
      "Segments": [
        0,
        0,
        0,
        1.633,
        0
      ]
    },
    {
      "Target": "Parameter",
      "Id": "xbs",
      "FadeInTime": -1.0,
      "FadeOutTime": -1.0,
      "Segments": [
        0,
        0,
        0,
        1.633,
        0
      ]
    },
    {
      "Target": "Parameter",
      "Id": "xsqh",
      "FadeInTime": -1.0,
      "FadeOutTime": -1.0,
      "Segments": [
        0,
        0,
        0,
        1.633,
        0
      ]
    },
    {
      "Target": "Parameter",
      "Id": "xsqh2",
      "FadeInTime": -1.0,
      "FadeOutTime": -1.0,
      "Segments": [
        0,
        0,
        0,
        1.633,
        0
      ]
    },
    {
      "Target": "Parameter",
      "Id": "zsbydt",
      "FadeInTime": -1.0,
      "FadeOutTime": -1.0,
      "Segments": [
        0,
        0,
        0,
        1.633,
        0
      ]
    },
    {
      "Target": "Parameter",
      "Id": "zsbydt2",
      "FadeInTime": -1.0,
      "FadeOutTime": -1.0,
      "Segments": [
        0,
        0,
        0,
        1.633,
        0
      ]
    },
    {
      "Target": "Parameter",
      "Id": "zsbydt3",
      "FadeInTime": -1.0,
      "FadeOutTime": -1.0,
      "Segments": [
        0,
        0,
        0,
        1.633,
        0
      ]
    },
    {
      "Target": "Parameter",
      "Id": "zsbydt4",
      "FadeInTime": -1.0,
      "FadeOutTime": -1.0,
      "Segments": [
        0,
        0,
        0,
        1.633,
        0
      ]
    },
    {
      "Target": "Parameter",
      "Id": "zsbydt5",
      "FadeInTime": -1.0,
      "FadeOutTime": -1.0,
      "Segments": [
        0,
        0,
        0,
        1.633,
        0
      ]
    },
    {
      "Target": "Parameter",
      "Id": "zsbydt6",
      "FadeInTime": -1.0,
      "FadeOutTime": -1.0,
      "Segments": [
        0,
        0,
        0,
        1.633,
        0
      ]
    },
    {
      "Target": "Parameter",
      "Id": "zsbydt7",
      "FadeInTime": -1.0,
      "FadeOutTime": -1.0,
      "Segments": [
        0,
        0,
        0,
        1.633,
        0
      ]
    },
    {
      "Target": "Parameter",
      "Id": "zsbydt8",
      "FadeInTime": -1.0,
      "FadeOutTime": -1.0,
      "Segments": [
        0,
        0,
        0,
        1.633,
        0
      ]
    },
    {
      "Target": "Parameter",
      "Id": "MB_wutixialuoxunhuan",
      "FadeInTime": -1.0,
      "FadeOutTime": -1.0,
      "Segments": [
        0,
        0,
        0,
        1.633,
        0
      ]
    },
    {
      "Target": "Parameter",
      "Id": "ydxh",
      "FadeInTime": -1.0,
      "FadeOutTime": -1.0,
      "Segments": [
        0,
        0,
        0,
        1.633,
        0
      ]
    },
    {
      "Target": "Parameter",
      "Id": "MB_wutixialuojiaodu",
      "FadeInTime": -1.0,
      "FadeOutTime": -1.0,
      "Segments": [
        0,
        -14,
        0,
        1.633,
        -14
      ]
    },
    {
      "Target": "Parameter",
      "Id": "MB_Awutidaxiao",
      "FadeInTime": -1.0,
      "FadeOutTime": -1.0,
      "Segments": [
        0,
        -0.077,
        0,
        1.633,
        -0.077
      ]
    },
    {
      "Target": "Parameter",
      "Id": "MB_Awutijiaodu",
      "FadeInTime": -1.0,
      "FadeOutTime": -1.0,
      "Segments": [
        0,
        0.8,
        0,
        1.633,
        0.8
      ]
    },
    {
      "Target": "Parameter",
      "Id": "MB_Awutifanzhuan",
      "FadeInTime": -1.0,
      "FadeOutTime": -1.0,
      "Segments": [
        0,
        -1,
        0,
        1.633,
        -1
      ]
    },
    {
      "Target": "Parameter",
      "Id": "MB_Cwutidaxiao",
      "FadeInTime": -1.0,
      "FadeOutTime": -1.0,
      "Segments": [
        0,
        -0.493,
        0,
        1.633,
        -0.493
      ]
    },
    {
      "Target": "Parameter",
      "Id": "MB_Cwutijiaodu",
      "FadeInTime": -1.0,
      "FadeOutTime": -1.0,
      "Segments": [
        0,
        -0.9,
        0,
        1.633,
        -0.9
      ]
    },
    {
      "Target": "Parameter",
      "Id": "MB_Cwutifanzhuan",
      "FadeInTime": -1.0,
      "FadeOutTime": -1.0,
      "Segments": [
        0,
        -0.7,
        0,
        1.633,
        -0.7
      ]
    },
    {
      "Target": "Parameter",
      "Id": "MB_Bwutidaxiao",
      "FadeInTime": -1.0,
      "FadeOutTime": -1.0,
      "Segments": [
        0,
        -0.322,
        0,
        1.633,
        -0.322
      ]
    },
    {
      "Target": "Parameter",
      "Id": "MB_Bwutijiaodu",
      "FadeInTime": -1.0,
      "FadeOutTime": -1.0,
      "Segments": [
        0,
        -0.7,
        0,
        1.633,
        -0.7
      ]
    },
    {
      "Target": "Parameter",
      "Id": "MB_Bwutifanzhuan",
      "FadeInTime": -1.0,
      "FadeOutTime": -1.0,
      "Segments": [
        0,
        -0.3,
        0,
        1.633,
        -0.3
      ]
    },
    {
      "Target": "Parameter",
      "Id": "ParamEyeLSmile",
      "FadeInTime": -1.0,
      "FadeOutTime": -1.0,
      "Segments": [
        0,
        0,
        0,
        1.633,
        0
      ]
    },
    {
      "Target": "Parameter",
      "Id": "ParamEyeRSmile",
      "FadeInTime": -1.0,
      "FadeOutTime": -1.0,
      "Segments": [
        0,
        0,
        0,
        1.633,
        0
      ]
    },
    {
      "Target": "Parameter",
      "Id": "ParamBrowRX",
      "FadeInTime": -1.0,
      "FadeOutTime": -1.0,
      "Segments": [
        0,
        0,
        0,
        1.633,
        0
      ]
    },
    {
      "Target": "Parameter",
      "Id": "ParamBrowLX",
      "FadeInTime": -1.0,
      "FadeOutTime": -1.0,
      "Segments": [
        0,
        0,
        0,
        1.633,
        0
      ]
    },
    {
      "Target": "Parameter",
      "Id": "ParamBrowLY",
      "FadeInTime": -1.0,
      "FadeOutTime": -1.0,
      "Segments": [
        0,
        0,
        0,
        1.633,
        0
      ]
    },
    {
      "Target": "Parameter",
      "Id": "ParamBrowRY",
      "FadeInTime": -1.0,
      "FadeOutTime": -1.0,
      "Segments": [
        0,
        0,
        0,
        1.633,
        0
      ]
    },
    {
      "Target": "Parameter",
      "Id": "ParamMouthOpenY",
      "FadeInTime": -1.0,
      "FadeOutTime": -1.0,
      "Segments": [
        0,
        0,
        0,
        1.633,
        0
      ]
    },
    {
      "Target": "Parameter",
      "Id": "ParamEyeBallX",
      "FadeInTime": -1.0,
      "FadeOutTime": -1.0,
      "Segments": [
        0,
        0,
        0,
        1.633,
        0
      ]
    },
    {
      "Target": "Parameter",
      "Id": "ParamEyeBallY",
      "FadeInTime": -1.0,
      "FadeOutTime": -1.0,
      "Segments": [
        0,
        0,
        0,
        1.633,
        0
      ]
    },
    {
      "Target": "Parameter",
      "Id": "yanzhusuofang",
      "FadeInTime": -1.0,
      "FadeOutTime": -1.0,
      "Segments": [
        0,
        0,
        0,
        1.633,
        0
      ]
    },
    {
      "Target": "Parameter",
      "Id": "ParamMouthX",
      "FadeInTime": -1.0,
      "FadeOutTime": -1.0,
      "Segments": [
        0,
        0,
        0,
        1.633,
        0
      ]
    },
    {
      "Target": "Parameter",
      "Id": "KOUSHUI",
      "FadeInTime": -1.0,
      "FadeOutTime": -1.0,
      "Segments": [
        0,
        0,
        0,
        1.633,
        0
      ]
    },
    {
      "Target": "Parameter",
      "Id": "Param",
      "FadeInTime": -1.0,
      "FadeOutTime": -1.0,
      "Segments": [
        0,
        0,
        0,
        1.633,
        0
      ]
    },
    {
      "Target": "Parameter",
      "Id": "TUSHE",
      "FadeInTime": -1.0,
      "FadeOutTime": -1.0,
      "Segments": [
        0,
        0,
        0,
        1.633,
        0
      ]
    },
    {
      "Target": "Parameter",
      "Id": "ParamBrowLAngle",
      "FadeInTime": -1.0,
      "FadeOutTime": -1.0,
      "Segments": [
        0,
        0,
        0,
        1.633,
        0
      ]
    },
    {
      "Target": "Parameter",
      "Id": "ParamBrowRAngle",
      "FadeInTime": -1.0,
      "FadeOutTime": -1.0,
      "Segments": [
        0,
        0,
        0,
        1.633,
        0
      ]
    },
    {
      "Target": "Parameter",
      "Id": "EYEL",
      "FadeInTime": -1.0,
      "FadeOutTime": -1.0,
      "Segments": [
        0,
        0,
        0,
        1.633,
        0
      ]
    },
    {
      "Target": "Parameter",
      "Id": "EYER",
      "FadeInTime": -1.0,
      "FadeOutTime": -1.0,
      "Segments": [
        0,
        0,
        0,
        1.633,
        0
      ]
    },
    {
      "Target": "Parameter",
      "Id": "EYEB",
      "FadeInTime": -1.0,
      "FadeOutTime": -1.0,
      "Segments": [
        0,
        0,
        0,
        1.633,
        0
      ]
    },
    {
      "Target": "Parameter",
      "Id": "XINGXING",
      "FadeInTime": -1.0,
      "FadeOutTime": -1.0,
      "Segments": [
        0,
        0,
        0,
        1.633,
        0
      ]
    },
    {
      "Target": "Parameter",
      "Id": "AIXIN",
      "FadeInTime": -1.0,
      "FadeOutTime": -1.0,
      "Segments": [
        0,
        0,
        0,
        1.633,
        0
      ]
    },
    {
      "Target": "Parameter",
      "Id": "ldrq",
      "FadeInTime": -1.0,
      "FadeOutTime": -1.0,
      "Segments": [
        0,
        0,
        0,
        1.633,
        0
      ]
    },
    {
      "Target": "Parameter",
      "Id": "ldrq2",
      "FadeInTime": -1.0,
      "FadeOutTime": -1.0,
      "Segments": [
        0,
        0,
        0,
        1.633,
        0
      ]
    },
    {
      "Target": "Parameter",
      "Id": "ParamEyeBall_lightA",
      "FadeInTime": -1.0,
      "FadeOutTime": -1.0,
      "Segments": [
        0,
        0,
        0,
        1.633,
        0
      ]
    },
    {
      "Target": "Parameter",
      "Id": "ParamEyeBall_lightB",
      "FadeInTime": -1.0,
      "FadeOutTime": -1.0,
      "Segments": [
        0,
        0,
        0,
        1.633,
        0
      ]
    },
    {
      "Target": "Parameter",
      "Id": "sq",
      "FadeInTime": -1.0,
      "FadeOutTime": -1.0,
      "Segments": [
        0,
        0,
        0,
        1.633,
        0
      ]
    },
    {
      "Target": "Parameter",
      "Id": "hltmd",
      "FadeInTime": -1.0,
      "FadeOutTime": -1.0,
      "Segments": [
        0,
        0,
        0,
        1.633,
        0
      ]
    },
    {
      "Target": "Parameter",
      "Id": "ParamAngleX",
      "FadeInTime": -1.0,
      "FadeOutTime": -1.0,
      "Segments": [
        0,
        4.121,
        0,
        1.633,
        4.121
      ]
    },
    {
      "Target": "Parameter",
      "Id": "ParamAngleZ",
      "FadeInTime": -1.0,
      "FadeOutTime": -1.0,
      "Segments": [
        0,
        0,
        0,
        1.633,
        0
      ]
    },
    {
      "Target": "Parameter",
      "Id": "ParamAngleZA",
      "FadeInTime": -1.0,
      "FadeOutTime": -1.0,
      "Segments": [
        0,
        -2.256,
        0,
        1.633,
        -2.256
      ]
    },
    {
      "Target": "Parameter",
      "Id": "ParamAngleZB",
      "FadeInTime": -1.0,
      "FadeOutTime": -1.0,
      "Segments": [
        0,
        -11.123,
        0,
        1.633,
        -11.123
      ]
    },
    {
      "Target": "Parameter",
      "Id": "ParamBodyAngleX1",
      "FadeInTime": -1.0,
      "FadeOutTime": -1.0,
      "Segments": [
        0,
        -2.242,
        0,
        1.633,
        -2.242
      ]
    },
    {
      "Target": "Parameter",
      "Id": "Ljianshangxia",
      "FadeInTime": -1.0,
      "FadeOutTime": -1.0,
      "Segments": [
        0,
        0,
        0,
        1.633,
        0
      ]
    },
    {
      "Target": "Parameter",
      "Id": "rjianshangxia2",
      "FadeInTime": -1.0,
      "FadeOutTime": -1.0,
      "Segments": [
        0,
        0,
        0,
        1.633,
        0
      ]
    },
    {
      "Target": "Parameter",
      "Id": "ParamBodyAngleZ",
      "FadeInTime": -1.0,
      "FadeOutTime": -1.0,
      "Segments": [
        0,
        0,
        0,
        1.633,
        0
      ]
    },
    {
      "Target": "Parameter",
      "Id": "yaoz",
      "FadeInTime": -1.0,
      "FadeOutTime": -1.0,
      "Segments": [
        0,
        0,
        0,
        1.633,
        0
      ]
    },
    {
      "Target": "Parameter",
      "Id": "yaoz2",
      "FadeInTime": -1.0,
      "FadeOutTime": -1.0,
      "Segments": [
        0,
        0,
        0,
        1.633,
        0
      ]
    },
    {
      "Target": "Parameter",
      "Id": "xsz",
      "FadeInTime": -1.0,
      "FadeOutTime": -1.0,
      "Segments": [
        0,
        0,
        0,
        1.633,
        0
      ]
    },
    {
      "Target": "Parameter",
      "Id": "opjyyy",
      "FadeInTime": -1.0,
      "FadeOutTime": -1.0,
      "Segments": [
        0,
        0,
        0,
        1.633,
        0
      ]
    },
    {
      "Target": "Parameter",
      "Id": "XQBLQ",
      "FadeInTime": -1.0,
      "FadeOutTime": -1.0,
      "Segments": [
        0,
        0,
        0,
        1.633,
        0
      ]
    },
    {
      "Target": "Parameter",
      "Id": "lkk",
      "FadeInTime": -1.0,
      "FadeOutTime": -1.0,
      "Segments": [
        0,
        0,
        0,
        1.633,
        0
      ]
    },
    {
      "Target": "Parameter",
      "Id": "Ltuixz4",
      "FadeInTime": -1.0,
      "FadeOutTime": -1.0,
      "Segments": [
        0,
        0,
        0,
        1.633,
        0
      ]
    },
    {
      "Target": "Parameter",
      "Id": "zbxz",
      "FadeInTime": -1.0,
      "FadeOutTime": -1.0,
      "Segments": [
        0,
        0,
        0,
        1.633,
        0
      ]
    },
    {
      "Target": "Parameter",
      "Id": "zbxz3",
      "FadeInTime": -1.0,
      "FadeOutTime": -1.0,
      "Segments": [
        0,
        0,
        0,
        1.633,
        0
      ]
    },
    {
      "Target": "Parameter",
      "Id": "zbxz2",
      "FadeInTime": -1.0,
      "FadeOutTime": -1.0,
      "Segments": [
        0,
        0,
        0,
        1.633,
        0
      ]
    },
    {
      "Target": "Parameter",
      "Id": "zbxz4",
      "FadeInTime": -1.0,
      "FadeOutTime": -1.0,
      "Segments": [
        0,
        0,
        0,
        1.633,
        0
      ]
    },
    {
      "Target": "Parameter",
      "Id": "scsbqh",
      "FadeInTime": -1.0,
      "FadeOutTime": -1.0,
      "Segments": [
        0,
        0,
        0,
        1.633,
        0
      ]
    },
    {
      "Target": "Parameter",
      "Id": "scsbqh2",
      "FadeInTime": -1.0,
      "FadeOutTime": -1.0,
      "Segments": [
        0,
        0,
        0,
        1.633,
        0
      ]
    },
    {
      "Target": "Parameter",
      "Id": "lysdbl",
      "FadeInTime": -1.0,
      "FadeOutTime": -1.0,
      "Segments": [
        0,
        0,
        0,
        1.633,
        0
      ]
    },
    {
      "Target": "Parameter",
      "Id": "lysdbl2",
      "FadeInTime": -1.0,
      "FadeOutTime": -1.0,
      "Segments": [
        0,
        0,
        0,
        1.633,
        0
      ]
    },
    {
      "Target": "Parameter",
      "Id": "zsxz",
      "FadeInTime": -1.0,
      "FadeOutTime": -1.0,
      "Segments": [
        0,
        0,
        0,
        1.633,
        0
      ]
    },
    {
      "Target": "Parameter",
      "Id": "ysqh2",
      "FadeInTime": -1.0,
      "FadeOutTime": -1.0,
      "Segments": [
        0,
        0,
        0,
        1.633,
        0
      ]
    },
    {
      "Target": "Parameter",
      "Id": "ysbh3",
      "FadeInTime": -1.0,
      "FadeOutTime": -1.0,
      "Segments": [
        0,
        0,
        0,
        1.633,
        0
      ]
    },
    {
      "Target": "Parameter",
      "Id": "ysbh4",
      "FadeInTime": -1.0,
      "FadeOutTime": -1.0,
      "Segments": [
        0,
        0,
        0,
        1.633,
        0
      ]
    },
    {
      "Target": "Parameter",
      "Id": "zhongzishensuo",
      "FadeInTime": -1.0,
      "FadeOutTime": -1.0,
      "Segments": [
        0,
        0,
        0,
        1.633,
        0
      ]
    },
    {
      "Target": "Parameter",
      "Id": "wumingzishensuo",
      "FadeInTime": -1.0,
      "FadeOutTime": -1.0,
      "Segments": [
        0,
        0,
        0,
        1.633,
        0
      ]
    },
    {
      "Target": "Parameter",
      "Id": "xiaomuzishensuo",
      "FadeInTime": -1.0,
      "FadeOutTime": -1.0,
      "Segments": [
        0,
        0,
        0,
        1.633,
        0
      ]
    },
    {
      "Target": "Parameter",
      "Id": "pigushouzhuahenshendu",
      "FadeInTime": -1.0,
      "FadeOutTime": -1.0,
      "Segments": [
        0,
        0,
        0,
        1.633,
        0
      ]
    },
    {
      "Target": "Parameter",
      "Id": "pgszhjd",
      "FadeInTime": -1.0,
      "FadeOutTime": -1.0,
      "Segments": [
        0,
        0,
        0,
        1.633,
        0
      ]
    },
    {
      "Target": "Parameter",
      "Id": "ydbxz",
      "FadeInTime": -1.0,
      "FadeOutTime": -1.0,
      "Segments": [
        0,
        0,
        0,
        1.633,
        0
      ]
    },
    {
      "Target": "Parameter",
      "Id": "ysyxbtc",
      "FadeInTime": -1.0,
      "FadeOutTime": -1.0,
      "Segments": [
        0,
        0,
        0,
        1.633,
        0
      ]
    },
    {
      "Target": "Parameter",
      "Id": "yxbxz",
      "FadeInTime": -1.0,
      "FadeOutTime": -1.0,
      "Segments": [
        0,
        0,
        0,
        1.633,
        0
      ]
    },
    {
      "Target": "Parameter",
      "Id": "yxbxz4",
      "FadeInTime": -1.0,
      "FadeOutTime": -1.0,
      "Segments": [
        0,
        0,
        0,
        1.633,
        0
      ]
    },
    {
      "Target": "Parameter",
      "Id": "yxbxz3",
      "FadeInTime": -1.0,
      "FadeOutTime": -1.0,
      "Segments": [
        0,
        0,
        0,
        1.633,
        0
      ]
    },
    {
      "Target": "Parameter",
      "Id": "mtdbtmd",
      "FadeInTime": -1.0,
      "FadeOutTime": -1.0,
      "Segments": [
        0,
        0,
        0,
        1.633,
        0
      ]
    },
    {
      "Target": "Parameter",
      "Id": "mtdbtmd2",
      "FadeInTime": -1.0,
      "FadeOutTime": -1.0,
      "Segments": [
        0,
        0,
        0,
        1.633,
        0
      ]
    },
    {
      "Target": "Parameter",
      "Id": "lysrdb",
      "FadeInTime": -1.0,
      "FadeOutTime": -1.0,
      "Segments": [
        0,
        0,
        0,
        1.633,
        0
      ]
    },
    {
      "Target": "Parameter",
      "Id": "lysrdb2",
      "FadeInTime": -1.0,
      "FadeOutTime": -1.0,
      "Segments": [
        0,
        0,
        0,
        1.633,
        0
      ]
    },
    {
      "Target": "Parameter",
      "Id": "yxbxz2",
      "FadeInTime": -1.0,
      "FadeOutTime": -1.0,
      "Segments": [
        0,
        0,
        0,
        1.633,
        0
      ]
    },
    {
      "Target": "Parameter",
      "Id": "ysqh",
      "FadeInTime": -1.0,
      "FadeOutTime": -1.0,
      "Segments": [
        0,
        0,
        0,
        1.633,
        0
      ]
    },
    {
      "Target": "Parameter",
      "Id": "xbtmd",
      "FadeInTime": -1.0,
      "FadeOutTime": -1.0,
      "Segments": [
        0,
        0,
        0,
        1.633,
        0
      ]
    },
    {
      "Target": "Parameter",
      "Id": "xbtmd5",
      "FadeInTime": -1.0,
      "FadeOutTime": -1.0,
      "Segments": [
        0,
        0,
        0,
        1.633,
        0
      ]
    },
    {
      "Target": "Parameter",
      "Id": "xbtmd2",
      "FadeInTime": -1.0,
      "FadeOutTime": -1.0,
      "Segments": [
        0,
        0,
        0,
        1.633,
        0
      ]
    },
    {
      "Target": "Parameter",
      "Id": "xbtmd3",
      "FadeInTime": -1.0,
      "FadeOutTime": -1.0,
      "Segments": [
        0,
        0,
        0,
        1.633,
        0
      ]
    },
    {
      "Target": "Parameter",
      "Id": "xbtmd4",
      "FadeInTime": -1.0,
      "FadeOutTime": -1.0,
      "Segments": [
        0,
        0,
        0,
        1.633,
        0
      ]
    },
    {
      "Target": "Parameter",
      "Id": "ysbh",
      "FadeInTime": -1.0,
      "FadeOutTime": -1.0,
      "Segments": [
        0,
        0,
        0,
        1.633,
        0
      ]
    },
    {
      "Target": "Parameter",
      "Id": "ysbh2",
      "FadeInTime": -1.0,
      "FadeOutTime": -1.0,
      "Segments": [
        0,
        0,
        0,
        1.633,
        0
      ]
    },
    {
      "Target": "Parameter",
      "Id": "yxz",
      "FadeInTime": -1.0,
      "FadeOutTime": -1.0,
      "Segments": [
        0,
        0,
        0,
        1.633,
        0
      ]
    },
    {
      "Target": "Parameter",
      "Id": "yxz2",
      "FadeInTime": -1.0,
      "FadeOutTime": -1.0,
      "Segments": [
        0,
        0,
        0,
        1.633,
        0
      ]
    },
    {
      "Target": "Parameter",
      "Id": "dbxzx",
      "FadeInTime": -1.0,
      "FadeOutTime": -1.0,
      "Segments": [
        0,
        0,
        0,
        1.633,
        0
      ]
    },
    {
      "Target": "Parameter",
      "Id": "dbxzx2",
      "FadeInTime": -1.0,
      "FadeOutTime": -1.0,
      "Segments": [
        0,
        0,
        0,
        1.633,
        0
      ]
    },
    {
      "Target": "Parameter",
      "Id": "DJSBTMD",
      "FadeInTime": -1.0,
      "FadeOutTime": -1.0,
      "Segments": [
        0,
        0,
        0,
        1.633,
        0
      ]
    },
    {
      "Target": "Parameter",
      "Id": "djwlkg",
      "FadeInTime": -1.0,
      "FadeOutTime": -1.0,
      "Segments": [
        0,
        0,
        0,
        1.633,
        0
      ]
    },
    {
      "Target": "Parameter",
      "Id": "tzwl",
      "FadeInTime": -1.0,
      "FadeOutTime": -1.0,
      "Segments": [
        0,
        0,
        0,
        1.633,
        0
      ]
    },
    {
      "Target": "Parameter",
      "Id": "qswlx",
      "FadeInTime": -1.0,
      "FadeOutTime": -1.0,
      "Segments": [
        0,
        0,
        0,
        1.633,
        0
      ]
    },
    {
      "Target": "Parameter",
      "Id": "qswlx3",
      "FadeInTime": -1.0,
      "FadeOutTime": -1.0,
      "Segments": [
        0,
        0,
        0,
        1.633,
        0
      ]
    },
    {
      "Target": "Parameter",
      "Id": "qswlx4",
      "FadeInTime": -1.0,
      "FadeOutTime": -1.0,
      "Segments": [
        0,
        0,
        0,
        1.633,
        0
      ]
    },
    {
      "Target": "Parameter",
      "Id": "tbzwl",
      "FadeInTime": -1.0,
      "FadeOutTime": -1.0,
      "Segments": [
        0,
        0,
        0,
        1.633,
        0
      ]
    },
    {
      "Target": "Parameter",
      "Id": "qswlx2",
      "FadeInTime": -1.0,
      "FadeOutTime": -1.0,
      "Segments": [
        0,
        0,
        0,
        1.633,
        0
      ]
    }
  ],
  "UserData": [
    {
      "Time": 0.0,
      "Value": ""
    },
    {
      "Time": 1.133,
      "Value": ""
    }
  ]
}