{
  "Version": 3,
  "Meta": {
    "Duration": 4.0,
    "Fps": 60.0,
    "Loop": true,
    "AreBeziersRestricted": true,
    "FadeInTime": 0.0,
    "FadeOutTime": 0.0,
    "CurveCount": 326,
    "TotalSegmentCount": 876,
    "TotalPointCount": 1058,
    "UserDataCount": 2,
    "TotalUserDataSize": 0
  },
  "Curves": [
    {
      "Target": "Parameter",
      "Id": "yl2",
      "FadeInTime": -1.0,
      "FadeOutTime": -1.0,
      "Segments": [
        0,
        10,
        2,
        3.1,
        10,
        0,
        4,
        0
      ]
    },
    {
      "Target": "Parameter",
      "Id": "czwl",
      "FadeInTime": -1.0,
      "FadeOutTime": -1.0,
      "Segments": [
        0,
        0,
        2,
        0.8,
        0,
        2,
        1.95,
        0,
        0,
        2.4,
        -10.137,
        0,
        2.733,
        10.354,
        0,
        3.133,
        -7.21,
        0,
        3.383,
        8.598,
        0,
        4,
        0
      ]
    },
    {
      "Target": "Parameter",
      "Id": "ParamEyeLOpen",
      "FadeInTime": -1.0,
      "FadeOutTime": -1.0,
      "Segments": [
        0,
        0.8,
        2,
        2.067,
        0.8,
        0,
        2.333,
        0,
        2,
        3.617,
        0,
        0,
        3.85,
        0.8,
        2,
        4,
        0.8
      ]
    },
    {
      "Target": "Parameter",
      "Id": "ParamEyeROpen",
      "FadeInTime": -1.0,
      "FadeOutTime": -1.0,
      "Segments": [
        0,
        0.8,
        2,
        2.067,
        0.8,
        0,
        2.333,
        0,
        2,
        3.617,
        0,
        0,
        3.85,
        0.8,
        2,
        4,
        0.8
      ]
    },
    {
      "Target": "Parameter",
      "Id": "ParamAngleY",
      "FadeInTime": -1.0,
      "FadeOutTime": -1.0,
      "Segments": [
        0,
        -30,
        0,
        0.683,
        -20.024,
        0,
        1.167,
        -25.792,
        1,
        1.356,
        -25.792,
        1.544,
        -25.323,
        1.733,
        -20,
        1,
        1.878,
        -15.93,
        2.022,
        -7,
        2.167,
        -7,
        0,
        2.767,
        -28.079,
        0,
        3.1,
        -9,
        1,
        3.233,
        -9,
        3.367,
        -22.037,
        3.5,
        -25.569,
        1,
        3.667,
        -29.985,
        3.833,
        -30,
        4,
        -30
      ]
    },
    {
      "Target": "Parameter",
      "Id": "ParamBodyAngleY1",
      "FadeInTime": -1.0,
      "FadeOutTime": -1.0,
      "Segments": [
        0,
        7.318,
        1,
        0.161,
        7.318,
        0.322,
        6.631,
        0.483,
        4.814,
        1,
        0.644,
        2.997,
        0.806,
        1.825,
        0.967,
        1.825,
        0,
        1.967,
        8.64,
        0,
        2.567,
        -1,
        0,
        2.9,
        8,
        0,
        3.3,
        1,
        0,
        4,
        7.318
      ]
    },
    {
      "Target": "Parameter",
      "Id": "yaoz3",
      "FadeInTime": -1.0,
      "FadeOutTime": -1.0,
      "Segments": [
        0,
        17.975,
        0,
        0.533,
        15.71,
        0,
        1.25,
        25.524,
        0,
        2.25,
        12.003,
        0,
        2.85,
        27.076,
        0,
        3.183,
        13.004,
        0,
        3.5,
        23.611,
        0,
        4,
        17.975
      ]
    },
    {
      "Target": "Parameter",
      "Id": "yaoz4",
      "FadeInTime": -1.0,
      "FadeOutTime": -1.0,
      "Segments": [
        0,
        3.457,
        0,
        0.633,
        -6.441,
        0,
        1.117,
        2.524,
        0,
        2.117,
        -10.997,
        0,
        2.717,
        4.076,
        0,
        3.05,
        -9.996,
        1,
        3.183,
        -9.996,
        3.317,
        -0.898,
        3.45,
        0.949,
        1,
        3.633,
        3.489,
        3.817,
        3.457,
        4,
        3.457
      ]
    },
    {
      "Target": "Parameter",
      "Id": "ParamBodyAngleZ",
      "FadeInTime": -1.0,
      "FadeOutTime": -1.0,
      "Segments": [
        0,
        0,
        0,
        0.533,
        0.54,
        0,
        1.2,
        -0.179,
        0,
        2.017,
        1,
        0,
        2.617,
        -0.46,
        0,
        2.95,
        1,
        0,
        3.35,
        -0.179,
        0,
        4,
        0
      ]
    },
    {
      "Target": "Parameter",
      "Id": "yaoz2",
      "FadeInTime": -1.0,
      "FadeOutTime": -1.0,
      "Segments": [
        0,
        0,
        0,
        0.283,
        0.278,
        0,
        0.967,
        -0.315,
        1,
        1.156,
        -0.315,
        1.344,
        -0.25,
        1.533,
        0,
        1,
        1.678,
        0.191,
        1.822,
        0.381,
        1.967,
        0.381,
        0,
        2.567,
        -0.4,
        0,
        2.9,
        0.308,
        0,
        3.3,
        -0.306,
        0,
        4,
        0
      ]
    },
    {
      "Target": "Parameter",
      "Id": "qsy",
      "FadeInTime": -1.0,
      "FadeOutTime": -1.0,
      "Segments": [
        0,
        30,
        0,
        0.8,
        -16,
        0,
        1.95,
        29.417,
        0,
        2.4,
        -14,
        0,
        2.733,
        21,
        0,
        3.133,
        -9,
        1,
        3.216,
        -9,
        3.3,
        13.91,
        3.383,
        18,
        1,
        3.589,
        28.089,
        3.794,
        30,
        4,
        30
      ]
    },
    {
      "Target": "Parameter",
      "Id": "Lopjydx",
      "FadeInTime": -1.0,
      "FadeOutTime": -1.0,
      "Segments": [
        0,
        -5,
        0,
        0.8,
        2.333,
        0,
        1.95,
        -7.806,
        0,
        2.4,
        0.667,
        0,
        2.733,
        -6,
        0,
        3.133,
        -1,
        0,
        4,
        -5
      ]
    },
    {
      "Target": "Parameter",
      "Id": "Lopjydx2",
      "FadeInTime": -1.0,
      "FadeOutTime": -1.0,
      "Segments": [
        0,
        -5,
        0,
        0.783,
        2.333,
        0,
        1.933,
        -7.806,
        0,
        2.383,
        0.667,
        0,
        2.717,
        -6,
        0,
        3.117,
        -1,
        0,
        4,
        -5
      ]
    },
    {
      "Target": "Parameter",
      "Id": "Ltuixz",
      "FadeInTime": -1.0,
      "FadeOutTime": -1.0,
      "Segments": [
        0,
        0,
        0,
        0.85,
        5.412,
        0,
        2,
        -3.831,
        0,
        2.45,
        3.893,
        0,
        2.783,
        -2.185,
        0,
        3.183,
        2.374,
        0,
        4,
        0
      ]
    },
    {
      "Target": "Parameter",
      "Id": "Ltuixz2",
      "FadeInTime": -1.0,
      "FadeOutTime": -1.0,
      "Segments": [
        0,
        0,
        0,
        1,
        5.412,
        0,
        2.15,
        -3.831,
        0,
        2.6,
        3.893,
        0,
        2.933,
        -2.185,
        0,
        3.333,
        2.374,
        0,
        4,
        0
      ]
    },
    {
      "Target": "Parameter",
      "Id": "Ltuixz3",
      "FadeInTime": -1.0,
      "FadeOutTime": -1.0,
      "Segments": [
        0,
        0,
        0,
        1.15,
        5.412,
        0,
        2.3,
        -3.831,
        0,
        2.75,
        3.893,
        0,
        3.083,
        -2.185,
        0,
        3.483,
        2.374,
        0,
        4,
        0
      ]
    },
    {
      "Target": "Parameter",
      "Id": "zbxz",
      "FadeInTime": -1.0,
      "FadeOutTime": -1.0,
      "Segments": [
        0,
        15.3,
        0,
        0.5,
        14.645,
        0,
        0.983,
        15.926,
        0,
        1.983,
        13.004,
        0,
        2.583,
        16.981,
        0,
        2.917,
        13.658,
        0,
        3.317,
        16.149,
        0,
        4,
        15.3
      ]
    },
    {
      "Target": "Parameter",
      "Id": "zbxz2",
      "FadeInTime": -1.0,
      "FadeOutTime": -1.0,
      "Segments": [
        0,
        9.54,
        0,
        0.65,
        9.196,
        0,
        1.133,
        9.622,
        0,
        2.133,
        8.65,
        0,
        2.733,
        9.973,
        0,
        3.067,
        8.868,
        0,
        3.467,
        9.696,
        0,
        4,
        9.54
      ]
    },
    {
      "Target": "Parameter",
      "Id": "zsxz",
      "FadeInTime": -1.0,
      "FadeOutTime": -1.0,
      "Segments": [
        0,
        0,
        0,
        0.517,
        -1,
        0,
        1.283,
        1.382,
        0,
        2.033,
        -1,
        0,
        2.717,
        2.613,
        0,
        3.217,
        0,
        0,
        3.7,
        1.101,
        0,
        4,
        0
      ]
    },
    {
      "Target": "Parameter",
      "Id": "ysbh4",
      "FadeInTime": -1.0,
      "FadeOutTime": -1.0,
      "Segments": [
        0,
        0,
        0,
        0.6,
        14,
        0,
        1.083,
        -17,
        0,
        2.083,
        24,
        0,
        2.6,
        -25,
        0,
        3.017,
        22,
        1,
        3.15,
        22,
        3.284,
        2.067,
        3.417,
        1.188,
        1,
        3.611,
        -0.094,
        3.806,
        0,
        4,
        0
      ]
    },
    {
      "Target": "Parameter",
      "Id": "ydbxz",
      "FadeInTime": -1.0,
      "FadeOutTime": -1.0,
      "Segments": [
        0,
        -21.72,
        0,
        0.5,
        -20.645,
        0,
        0.983,
        -21.926,
        0,
        1.983,
        -19.004,
        0,
        2.5,
        -22.961,
        0,
        2.917,
        -19.658,
        0,
        3.317,
        -22.149,
        0,
        4,
        -21.72
      ]
    },
    {
      "Target": "Parameter",
      "Id": "yxbxz",
      "FadeInTime": -1.0,
      "FadeOutTime": -1.0,
      "Segments": [
        0,
        -8.88,
        0,
        0.65,
        -8.039,
        0,
        1.15,
        -9.846,
        0,
        2.15,
        -8.06,
        0,
        2.667,
        -10.496,
        0,
        3.033,
        -8.88,
        0,
        3.4,
        -10.191,
        0,
        4,
        -8.88
      ]
    },
    {
      "Target": "Parameter",
      "Id": "yxbxz2",
      "FadeInTime": -1.0,
      "FadeOutTime": -1.0,
      "Segments": [
        0,
        0,
        0,
        0.817,
        0.355,
        0,
        1.3,
        -0.926,
        0,
        2.3,
        1.996,
        0,
        2.817,
        -1.961,
        0,
        3.233,
        1.342,
        1,
        3.366,
        1.342,
        3.5,
        0.996,
        3.633,
        0.54,
        1,
        3.755,
        0.122,
        3.878,
        0,
        4,
        0
      ]
    },
    {
      "Target": "Parameter",
      "Id": "ysbh2",
      "FadeInTime": -1.0,
      "FadeOutTime": -1.0,
      "Segments": [
        0,
        -30,
        0,
        0.917,
        -13.322,
        0,
        1.4,
        -25.522,
        0,
        2.4,
        -13.322,
        0,
        2.917,
        -30,
        0,
        3.333,
        -18,
        1,
        3.466,
        -18,
        3.6,
        -22.749,
        3.733,
        -27,
        1,
        3.822,
        -29.834,
        3.911,
        -30,
        4,
        -30
      ]
    },
    {
      "Target": "Parameter",
      "Id": "lhwl1",
      "FadeInTime": -1.0,
      "FadeOutTime": -1.0,
      "Segments": [
        0,
        0,
        1,
        0.072,
        -1.843,
        0.145,
        -3.843,
        0.217,
        -3.843,
        0,
        0.733,
        2.572,
        2,
        0.75,
        2.572,
        0,
        1.25,
        -1.992,
        0,
        1.467,
        -1.609,
        0,
        1.85,
        -2.365,
        0,
        2.317,
        6.786,
        0,
        2.817,
        -9.681,
        0,
        3.2,
        9.35,
        0,
        3.55,
        -1.418,
        0,
        3.833,
        0.388,
        1,
        3.889,
        0.388,
        3.944,
        0.22,
        4,
        0
      ]
    },
    {
      "Target": "Parameter",
      "Id": "lhwl2",
      "FadeInTime": -1.0,
      "FadeOutTime": -1.0,
      "Segments": [
        0,
        0,
        1,
        0.144,
        -1.463,
        0.289,
        -2.002,
        0.433,
        -2.002,
        0,
        0.967,
        1.215,
        0,
        1.367,
        -0.719,
        0,
        1.667,
        0.477,
        0,
        2.15,
        -2.919,
        0,
        2.55,
        3.469,
        0,
        2.567,
        3.427,
        0,
        2.683,
        4.471,
        0,
        3.017,
        -8.275,
        0,
        3.35,
        8.228,
        0,
        3.667,
        -3.785,
        0,
        3.967,
        1.534,
        1,
        3.978,
        1.534,
        3.989,
        0.054,
        4,
        0
      ]
    },
    {
      "Target": "Parameter",
      "Id": "lhwl3",
      "FadeInTime": -1.0,
      "FadeOutTime": -1.0,
      "Segments": [
        0,
        0,
        1,
        0.022,
        0.253,
        0.045,
        2.58,
        0.067,
        2.58,
        0,
        0.517,
        -2.687,
        0,
        0.95,
        1.761,
        0,
        1.45,
        -0.948,
        0,
        1.783,
        0.757,
        0,
        2.25,
        -3.181,
        0,
        2.7,
        4.956,
        0,
        3.117,
        -9.912,
        0,
        3.467,
        10.807,
        0,
        3.783,
        -6.808,
        1,
        3.855,
        -6.808,
        3.928,
        -4.651,
        4,
        0
      ]
    },
    {
      "Target": "Parameter",
      "Id": "lhwl4",
      "FadeInTime": -1.0,
      "FadeOutTime": -1.0,
      "Segments": [
        0,
        0,
        1,
        0.061,
        1.419,
        0.122,
        3.248,
        0.183,
        3.248,
        0,
        0.6,
        -3.622,
        0,
        1.033,
        2.613,
        0,
        1.533,
        -1.241,
        0,
        1.9,
        1.103,
        0,
        2.35,
        -3.58,
        0,
        2.75,
        6.424,
        0,
        3.217,
        -11.709,
        0,
        3.567,
        14.213,
        0,
        3.9,
        -10.774,
        1,
        3.933,
        -10.774,
        3.967,
        -2.473,
        4,
        0
      ]
    },
    {
      "Target": "Parameter",
      "Id": "lhwl5",
      "FadeInTime": -1.0,
      "FadeOutTime": -1.0,
      "Segments": [
        0,
        0,
        1,
        0.061,
        1.419,
        0.122,
        3.248,
        0.183,
        3.248,
        0,
        0.6,
        -3.622,
        0,
        1.033,
        2.613,
        0,
        1.533,
        -1.241,
        0,
        1.9,
        1.103,
        0,
        2.35,
        -3.58,
        0,
        2.75,
        6.424,
        0,
        3.217,
        -11.709,
        0,
        3.567,
        14.213,
        0,
        3.9,
        -10.774,
        1,
        3.933,
        -10.774,
        3.967,
        -2.473,
        4,
        0
      ]
    },
    {
      "Target": "Parameter",
      "Id": "lhwl6",
      "FadeInTime": -1.0,
      "FadeOutTime": -1.0,
      "Segments": [
        0,
        0,
        1,
        0.017,
        0.121,
        0.033,
        0.64,
        0.05,
        0.64,
        0,
        0.35,
        -1.492,
        0,
        0.75,
        2.72,
        0,
        1.2,
        -2.922,
        0,
        1.617,
        1.061,
        0,
        1.967,
        -0.787,
        0,
        2.333,
        4,
        0,
        2.8,
        -8.166,
        0,
        3.2,
        10.317,
        0,
        3.617,
        -7.468,
        1,
        3.745,
        -7.468,
        3.872,
        -5.286,
        4,
        0
      ]
    },
    {
      "Target": "Parameter",
      "Id": "lhwl7",
      "FadeInTime": -1.0,
      "FadeOutTime": -1.0,
      "Segments": [
        0,
        0,
        1,
        0.083,
        0.799,
        0.167,
        1.072,
        0.25,
        1.072,
        0,
        0.567,
        -4.88,
        0,
        0.983,
        6.785,
        0,
        1.417,
        -6.353,
        0,
        1.817,
        1.324,
        0,
        2.133,
        -3.499,
        0,
        2.55,
        11.109,
        0,
        3,
        -19.698,
        0,
        3.4,
        22.219,
        0,
        3.817,
        -14.613,
        1,
        3.878,
        -14.613,
        3.939,
        -6.213,
        4,
        0
      ]
    },
    {
      "Target": "Parameter",
      "Id": "lhwl8",
      "FadeInTime": -1.0,
      "FadeOutTime": -1.0,
      "Segments": [
        0,
        0,
        1,
        0.039,
        -0.445,
        0.078,
        -1.694,
        0.117,
        -1.694,
        0,
        0.4,
        2.809,
        0,
        0.733,
        -4.812,
        0,
        1.133,
        5.583,
        0,
        1.55,
        -4.384,
        0,
        1.917,
        3.07,
        0,
        2.317,
        -5.349,
        0,
        2.75,
        9.471,
        0,
        3.167,
        -16.572,
        0,
        3.533,
        18.209,
        0,
        3.933,
        -13.462,
        1,
        3.955,
        -13.462,
        3.978,
        -1.267,
        4,
        0
      ]
    },
    {
      "Target": "Parameter",
      "Id": "lhwl9",
      "FadeInTime": -1.0,
      "FadeOutTime": -1.0,
      "Segments": [
        0,
        0,
        1,
        0.072,
        -1.324,
        0.145,
        -1.996,
        0.217,
        -1.996,
        0,
        0.517,
        3.411,
        0,
        0.85,
        -6.157,
        0,
        1.233,
        7.554,
        0,
        1.633,
        -6.355,
        0,
        2.017,
        4.672,
        0,
        2.417,
        -6.776,
        0,
        2.833,
        11.61,
        0,
        3.25,
        -19.778,
        0,
        3.633,
        23.765,
        1,
        3.755,
        23.765,
        3.878,
        16.408,
        4,
        0
      ]
    },
    {
      "Target": "Parameter",
      "Id": "lhwl10",
      "FadeInTime": -1.0,
      "FadeOutTime": -1.0,
      "Segments": [
        0,
        0,
        1,
        0.106,
        -1.647,
        0.211,
        -2.369,
        0.317,
        -2.369,
        0,
        0.633,
        4.133,
        0,
        0.967,
        -7.714,
        0,
        1.317,
        10.146,
        0,
        1.717,
        -9.199,
        0,
        2.1,
        7.035,
        0,
        2.5,
        -8.832,
        0,
        2.9,
        14.263,
        0,
        3.317,
        -22.966,
        0,
        3.717,
        28.727,
        1,
        3.811,
        28.727,
        3.906,
        22.475,
        4,
        0
      ]
    },
    {
      "Target": "Parameter",
      "Id": "lhwl11",
      "FadeInTime": -1.0,
      "FadeOutTime": -1.0,
      "Segments": [
        0,
        0,
        1,
        0.072,
        -0.622,
        0.145,
        -1.698,
        0.217,
        -1.698,
        0,
        0.65,
        2.445,
        0,
        1.083,
        -2.553,
        0,
        1.533,
        1.212,
        0,
        1.883,
        -0.052,
        0,
        2.233,
        1.927,
        0,
        2.75,
        -5.579,
        0,
        3.1,
        8.887,
        0,
        3.483,
        -7.686,
        0,
        3.9,
        5.036,
        1,
        3.933,
        5.036,
        3.967,
        0.818,
        4,
        0
      ]
    },
    {
      "Target": "Parameter",
      "Id": "lhwl12",
      "FadeInTime": -1.0,
      "FadeOutTime": -1.0,
      "Segments": [
        0,
        0,
        1,
        0.144,
        -3.056,
        0.289,
        -4.329,
        0.433,
        -4.329,
        0,
        0.867,
        5.765,
        0,
        1.3,
        -5.544,
        0,
        1.733,
        1.744,
        0,
        2.083,
        -0.671,
        0,
        2.45,
        5.905,
        0,
        2.95,
        -15.288,
        0,
        3.317,
        20.484,
        0,
        3.7,
        -16.335,
        1,
        3.8,
        -16.335,
        3.9,
        -12.274,
        4,
        0
      ]
    },
    {
      "Target": "Parameter",
      "Id": "lhwl13",
      "FadeInTime": -1.0,
      "FadeOutTime": -1.0,
      "Segments": [
        0,
        0,
        1,
        0.061,
        0.696,
        0.122,
        2.101,
        0.183,
        2.101,
        0,
        0.617,
        -3.618,
        0,
        1.033,
        4.65,
        0,
        1.417,
        -4.198,
        0,
        1.817,
        2.214,
        0,
        2.233,
        -2.524,
        0,
        2.667,
        4.928,
        0,
        3.117,
        -14.023,
        0,
        3.467,
        18.557,
        0,
        3.817,
        -15.596,
        1,
        3.878,
        -15.596,
        3.939,
        -7.181,
        4,
        0
      ]
    },
    {
      "Target": "Parameter",
      "Id": "lhwl14",
      "FadeInTime": -1.0,
      "FadeOutTime": -1.0,
      "Segments": [
        0,
        0,
        1,
        0.089,
        1.629,
        0.178,
        2.571,
        0.267,
        2.571,
        0,
        0.7,
        -4.465,
        0,
        1.117,
        6.024,
        0,
        1.517,
        -5.912,
        0,
        1.9,
        3.713,
        0,
        2.3,
        -3.399,
        0,
        2.75,
        6.186,
        0,
        3.2,
        -15.709,
        0,
        3.55,
        23.368,
        0,
        3.917,
        -22.063,
        1,
        3.945,
        -22.063,
        3.972,
        -3.447,
        4,
        0
      ]
    },
    {
      "Target": "Parameter",
      "Id": "lhwl15",
      "FadeInTime": -1.0,
      "FadeOutTime": -1.0,
      "Segments": [
        0,
        0,
        1,
        0.122,
        2.146,
        0.245,
        3.108,
        0.367,
        3.108,
        0,
        0.8,
        -5.519,
        0,
        1.2,
        7.674,
        0,
        1.617,
        -7.877,
        0,
        2,
        5.794,
        0,
        2.383,
        -4.941,
        0,
        2.833,
        7.672,
        0,
        3.283,
        -17.47,
        0,
        3.65,
        27.852,
        1,
        3.767,
        27.852,
        3.883,
        19.282,
        4,
        0
      ]
    },
    {
      "Target": "Parameter",
      "Id": "mwwl1",
      "FadeInTime": -1.0,
      "FadeOutTime": -1.0,
      "Segments": [
        0,
        0,
        1,
        0.067,
        -1.654,
        0.133,
        -4.645,
        0.2,
        -4.645,
        0,
        0.65,
        4.936,
        0,
        1.1,
        -3.741,
        0,
        1.5,
        -0.334,
        0,
        1.7,
        -0.702,
        0,
        2.25,
        6.415,
        0,
        2.767,
        -14.012,
        0,
        3.117,
        16.9,
        0,
        3.467,
        -10.379,
        0,
        3.833,
        4.613,
        1,
        3.889,
        4.613,
        3.944,
        1.593,
        4,
        0
      ]
    },
    {
      "Target": "Parameter",
      "Id": "mwwl2",
      "FadeInTime": -1.0,
      "FadeOutTime": -1.0,
      "Segments": [
        0,
        0,
        1,
        0.006,
        0.03,
        0.011,
        2.231,
        0.017,
        2.231,
        0,
        0.433,
        -3.797,
        0,
        0.833,
        4.523,
        0,
        1.233,
        -3.714,
        0,
        1.617,
        2.269,
        0,
        2.1,
        -2.249,
        0,
        2.483,
        4.606,
        0,
        2.983,
        -14.276,
        0,
        3.317,
        19.063,
        0,
        3.667,
        -16.073,
        1,
        3.778,
        -16.073,
        3.889,
        -11.118,
        4,
        0
      ]
    },
    {
      "Target": "Parameter",
      "Id": "mwwl3",
      "FadeInTime": -1.0,
      "FadeOutTime": -1.0,
      "Segments": [
        0,
        0,
        1,
        0.05,
        0.593,
        0.1,
        3.058,
        0.15,
        3.058,
        0,
        0.567,
        -5.903,
        0,
        0.967,
        7.897,
        0,
        1.367,
        -7.676,
        0,
        1.75,
        5.931,
        0,
        2.15,
        -5.155,
        0,
        2.6,
        7.393,
        0,
        3.1,
        -17.175,
        0,
        3.45,
        27.733,
        0,
        3.817,
        -28.532,
        1,
        3.878,
        -28.532,
        3.939,
        -16.054,
        4,
        0
      ]
    },
    {
      "Target": "Parameter",
      "Id": "mwwl4",
      "FadeInTime": -1.0,
      "FadeOutTime": -1.0,
      "Segments": [
        0,
        0,
        1,
        0.094,
        2.499,
        0.189,
        4.143,
        0.283,
        4.143,
        0,
        0.683,
        -8.786,
        0,
        1.1,
        13.014,
        0,
        1.5,
        -14.422,
        0,
        1.883,
        12.925,
        0,
        2.283,
        -11.79,
        0,
        2.7,
        13.209,
        0,
        3.183,
        -22.052,
        0,
        3.5,
        30,
        2,
        3.633,
        30,
        0,
        3.883,
        -30,
        0,
        4,
        0
      ]
    },
    {
      "Target": "Parameter",
      "Id": "mwwl5",
      "FadeInTime": -1.0,
      "FadeOutTime": -1.0,
      "Segments": [
        0,
        0,
        0,
        0.017,
        -1.164,
        0,
        0.417,
        5.426,
        0,
        0.817,
        -12.622,
        0,
        1.217,
        20.227,
        0,
        1.617,
        -24.641,
        0,
        2.017,
        24.542,
        0,
        2.417,
        -23.697,
        0,
        2.817,
        24.86,
        0,
        3.233,
        -30,
        2,
        3.267,
        -30,
        0,
        3.583,
        30,
        2,
        3.767,
        30,
        1,
        3.845,
        30,
        3.922,
        18.574,
        4,
        0
      ]
    },
    {
      "Target": "Parameter",
      "Id": "mwwl6",
      "FadeInTime": -1.0,
      "FadeOutTime": -1.0,
      "Segments": [
        0,
        0,
        1,
        0.067,
        1.683,
        0.133,
        4.728,
        0.2,
        4.728,
        0,
        0.65,
        -5.024,
        0,
        1.1,
        3.807,
        0,
        1.5,
        0.34,
        0,
        1.7,
        0.714,
        0,
        2.25,
        -6.529,
        0,
        2.767,
        14.261,
        0,
        3.117,
        -17.2,
        0,
        3.467,
        10.563,
        0,
        3.833,
        -4.695,
        1,
        3.889,
        -4.695,
        3.944,
        -1.621,
        4,
        0
      ]
    },
    {
      "Target": "Parameter",
      "Id": "mwwl7",
      "FadeInTime": -1.0,
      "FadeOutTime": -1.0,
      "Segments": [
        0,
        0,
        1,
        0.006,
        -0.03,
        0.011,
        -2.231,
        0.017,
        -2.231,
        0,
        0.433,
        3.797,
        0,
        0.833,
        -4.523,
        0,
        1.233,
        3.714,
        0,
        1.617,
        -2.269,
        0,
        2.1,
        2.249,
        0,
        2.483,
        -4.606,
        0,
        2.983,
        14.276,
        0,
        3.317,
        -19.063,
        0,
        3.667,
        16.073,
        1,
        3.778,
        16.073,
        3.889,
        11.118,
        4,
        0
      ]
    },
    {
      "Target": "Parameter",
      "Id": "mwwl8",
      "FadeInTime": -1.0,
      "FadeOutTime": -1.0,
      "Segments": [
        0,
        0,
        1,
        0.05,
        -0.593,
        0.1,
        -3.058,
        0.15,
        -3.058,
        0,
        0.567,
        5.903,
        0,
        0.967,
        -7.897,
        0,
        1.367,
        7.676,
        0,
        1.75,
        -5.931,
        0,
        2.15,
        5.155,
        0,
        2.6,
        -7.393,
        0,
        3.1,
        17.175,
        0,
        3.45,
        -27.733,
        0,
        3.817,
        28.532,
        1,
        3.878,
        28.532,
        3.939,
        16.054,
        4,
        0
      ]
    },
    {
      "Target": "Parameter",
      "Id": "mwwl9",
      "FadeInTime": -1.0,
      "FadeOutTime": -1.0,
      "Segments": [
        0,
        0,
        1,
        0.094,
        -2.499,
        0.189,
        -4.143,
        0.283,
        -4.143,
        0,
        0.683,
        8.786,
        0,
        1.1,
        -13.014,
        0,
        1.5,
        14.422,
        0,
        1.883,
        -12.925,
        0,
        2.283,
        11.79,
        0,
        2.7,
        -13.209,
        0,
        3.183,
        22.052,
        0,
        3.5,
        -30,
        2,
        3.633,
        -30,
        0,
        3.883,
        30,
        0,
        4,
        0
      ]
    },
    {
      "Target": "Parameter",
      "Id": "mwwl10",
      "FadeInTime": -1.0,
      "FadeOutTime": -1.0,
      "Segments": [
        0,
        0,
        0,
        0.017,
        1.164,
        0,
        0.417,
        -5.426,
        0,
        0.817,
        12.622,
        0,
        1.217,
        -20.227,
        0,
        1.617,
        24.641,
        0,
        2.017,
        -24.542,
        0,
        2.417,
        23.697,
        0,
        2.817,
        -24.86,
        0,
        3.233,
        30,
        2,
        3.267,
        30,
        0,
        3.583,
        -30,
        2,
        3.767,
        -30,
        1,
        3.845,
        -30,
        3.922,
        -18.574,
        4,
        0
      ]
    },
    {
      "Target": "Parameter",
      "Id": "xbkz",
      "FadeInTime": -1.0,
      "FadeOutTime": -1.0,
      "Segments": [
        0,
        0,
        0,
        0.483,
        13.333,
        0,
        0.967,
        3.5,
        0,
        1.967,
        25.92,
        0,
        2.567,
        -5.793,
        0,
        2.9,
        23.815,
        1,
        3.033,
        23.815,
        3.167,
        1.248,
        3.3,
        0.786,
        1,
        3.533,
        -0.022,
        3.767,
        0,
        4,
        0
      ]
    },
    {
      "Target": "Parameter",
      "Id": "xbkz2",
      "FadeInTime": -1.0,
      "FadeOutTime": -1.0,
      "Segments": [
        0,
        0,
        0,
        0.483,
        13.333,
        0,
        0.967,
        3.5,
        0,
        1.967,
        25.92,
        0,
        2.567,
        -5.793,
        0,
        2.9,
        23.815,
        1,
        3.033,
        23.815,
        3.167,
        1.248,
        3.3,
        0.786,
        1,
        3.533,
        -0.022,
        3.767,
        0,
        4,
        0
      ]
    },
    {
      "Target": "Parameter",
      "Id": "yxx1",
      "FadeInTime": -1.0,
      "FadeOutTime": -1.0,
      "Segments": [
        0,
        0,
        1,
        0.05,
        0.901,
        0.1,
        3.314,
        0.15,
        3.314,
        0,
        0.583,
        -3.494,
        0,
        1.033,
        2.096,
        0,
        1.317,
        0.908,
        0,
        1.483,
        1.114,
        0,
        2.183,
        -5.718,
        0,
        2.733,
        12.111,
        0,
        3.017,
        -16.44,
        0,
        3.333,
        10.13,
        0,
        3.6,
        -4.836,
        0,
        3.867,
        2.365,
        1,
        3.911,
        2.365,
        3.956,
        1.021,
        4,
        0
      ]
    },
    {
      "Target": "Parameter",
      "Id": "yxx2",
      "FadeInTime": -1.0,
      "FadeOutTime": -1.0,
      "Segments": [
        0,
        0,
        1,
        0.122,
        2.809,
        0.245,
        3.591,
        0.367,
        3.591,
        0,
        0.767,
        -3.556,
        0,
        1.2,
        1.551,
        0,
        1.433,
        0.355,
        0,
        1.7,
        1.504,
        0,
        1.967,
        0.438,
        0,
        2.1,
        1.821,
        0,
        2.383,
        -6.652,
        0,
        2.6,
        -1.864,
        0,
        2.667,
        -2.631,
        0,
        2.917,
        18.509,
        0,
        3.2,
        -20.656,
        0,
        3.5,
        14.772,
        0,
        3.767,
        -9.257,
        1,
        3.845,
        -9.257,
        3.922,
        -6.709,
        4,
        0
      ]
    },
    {
      "Target": "Parameter",
      "Id": "yxrx1",
      "FadeInTime": -1.0,
      "FadeOutTime": -1.0,
      "Segments": [
        0,
        0,
        1,
        0.161,
        1.761,
        0.322,
        2.563,
        0.483,
        2.563,
        0,
        0.85,
        -3.13,
        0,
        1.2,
        1.437,
        0,
        1.533,
        -0.877,
        0,
        1.833,
        1.01,
        0,
        2.033,
        0.272,
        0,
        2.233,
        2.442,
        0,
        2.517,
        -5.25,
        0,
        2.7,
        -2.038,
        0,
        2.767,
        -2.172,
        0,
        3.033,
        16.253,
        0,
        3.3,
        -22.061,
        0,
        3.6,
        19.963,
        0,
        3.883,
        -14.289,
        1,
        3.922,
        -14.289,
        3.961,
        -5.909,
        4,
        0
      ]
    },
    {
      "Target": "Parameter",
      "Id": "yxx3",
      "FadeInTime": -1.0,
      "FadeOutTime": -1.0,
      "Segments": [
        0,
        0,
        1,
        0.05,
        -0.901,
        0.1,
        -3.314,
        0.15,
        -3.314,
        0,
        0.583,
        3.494,
        0,
        1.033,
        -2.096,
        0,
        1.317,
        -0.908,
        0,
        1.483,
        -1.114,
        0,
        2.183,
        5.718,
        0,
        2.733,
        -12.111,
        0,
        3.017,
        16.44,
        0,
        3.333,
        -10.13,
        0,
        3.6,
        4.836,
        0,
        3.867,
        -2.365,
        1,
        3.911,
        -2.365,
        3.956,
        -1.021,
        4,
        0
      ]
    },
    {
      "Target": "Parameter",
      "Id": "yxx4",
      "FadeInTime": -1.0,
      "FadeOutTime": -1.0,
      "Segments": [
        0,
        0,
        1,
        0.122,
        -2.809,
        0.245,
        -3.591,
        0.367,
        -3.591,
        0,
        0.767,
        3.556,
        0,
        1.2,
        -1.551,
        0,
        1.433,
        -0.355,
        0,
        1.7,
        -1.504,
        0,
        1.967,
        -0.438,
        0,
        2.1,
        -1.821,
        0,
        2.383,
        6.652,
        0,
        2.6,
        1.864,
        0,
        2.667,
        2.631,
        0,
        2.917,
        -18.509,
        0,
        3.2,
        20.656,
        0,
        3.5,
        -14.772,
        0,
        3.767,
        9.257,
        1,
        3.845,
        9.257,
        3.922,
        6.709,
        4,
        0
      ]
    },
    {
      "Target": "Parameter",
      "Id": "yxrx4",
      "FadeInTime": -1.0,
      "FadeOutTime": -1.0,
      "Segments": [
        0,
        0,
        1,
        0.161,
        -1.761,
        0.322,
        -2.563,
        0.483,
        -2.563,
        0,
        0.85,
        3.13,
        0,
        1.2,
        -1.437,
        0,
        1.533,
        0.877,
        0,
        1.833,
        -1.01,
        0,
        2.033,
        -0.272,
        0,
        2.233,
        -2.442,
        0,
        2.517,
        5.25,
        0,
        2.7,
        2.038,
        0,
        2.767,
        2.172,
        0,
        3.033,
        -16.253,
        0,
        3.3,
        22.061,
        0,
        3.6,
        -19.963,
        0,
        3.883,
        14.289,
        1,
        3.922,
        14.289,
        3.961,
        5.909,
        4,
        0
      ]
    },
    {
      "Target": "Parameter",
      "Id": "yxrx2",
      "FadeInTime": -1.0,
      "FadeOutTime": -1.0,
      "Segments": [
        0,
        0,
        1,
        0.033,
        0.319,
        0.067,
        2.798,
        0.1,
        2.798,
        0,
        0.5,
        -3.956,
        0,
        0.917,
        3.303,
        0,
        1.317,
        -1.464,
        0,
        1.633,
        0.202,
        0,
        2.15,
        -3.106,
        0,
        2.683,
        7.053,
        0,
        2.983,
        -16.163,
        0,
        3.333,
        14.897,
        0,
        3.65,
        -7.933,
        0,
        4,
        0
      ]
    },
    {
      "Target": "Parameter",
      "Id": "yxrx3",
      "FadeInTime": -1.0,
      "FadeOutTime": -1.0,
      "Segments": [
        0,
        0,
        1,
        0.061,
        1,
        0.122,
        3.126,
        0.183,
        3.126,
        0,
        0.617,
        -4.9,
        0,
        1.033,
        4.696,
        0,
        1.433,
        -2.531,
        0,
        1.783,
        0.719,
        0,
        2.25,
        -3.082,
        0,
        2.75,
        7.363,
        0,
        3.117,
        -17.073,
        0,
        3.467,
        18.133,
        0,
        3.817,
        -12.106,
        1,
        3.878,
        -12.106,
        3.939,
        -6.264,
        4,
        0
      ]
    },
    {
      "Target": "Parameter",
      "Id": "yxrx5",
      "FadeInTime": -1.0,
      "FadeOutTime": -1.0,
      "Segments": [
        0,
        0,
        1,
        0.1,
        2.452,
        0.2,
        3.749,
        0.3,
        3.749,
        0,
        0.733,
        -5.995,
        0,
        1.15,
        6.324,
        0,
        1.55,
        -4.004,
        0,
        1.917,
        1.586,
        0,
        2.35,
        -3.514,
        0,
        2.817,
        8.658,
        0,
        3.217,
        -18.914,
        0,
        3.583,
        22.053,
        0,
        3.95,
        -16.75,
        1,
        3.967,
        -16.75,
        3.983,
        -1.242,
        4,
        0
      ]
    },
    {
      "Target": "Parameter",
      "Id": "twl1",
      "FadeInTime": -1.0,
      "FadeOutTime": -1.0,
      "Segments": [
        0,
        0,
        1,
        0.05,
        -0.901,
        0.1,
        -3.314,
        0.15,
        -3.314,
        0,
        0.583,
        3.494,
        0,
        1.033,
        -2.096,
        0,
        1.317,
        -0.908,
        0,
        1.483,
        -1.114,
        0,
        2.183,
        5.718,
        0,
        2.733,
        -12.111,
        0,
        3.017,
        16.44,
        0,
        3.333,
        -10.13,
        0,
        3.6,
        4.836,
        0,
        3.867,
        -2.365,
        1,
        3.911,
        -2.365,
        3.956,
        -1.021,
        4,
        0
      ]
    },
    {
      "Target": "Parameter",
      "Id": "twl3",
      "FadeInTime": -1.0,
      "FadeOutTime": -1.0,
      "Segments": [
        0,
        0,
        1,
        0.122,
        -2.809,
        0.245,
        -3.591,
        0.367,
        -3.591,
        0,
        0.767,
        3.556,
        0,
        1.2,
        -1.551,
        0,
        1.433,
        -0.355,
        0,
        1.7,
        -1.504,
        0,
        1.967,
        -0.438,
        0,
        2.1,
        -1.821,
        0,
        2.383,
        6.652,
        0,
        2.6,
        1.864,
        0,
        2.667,
        2.631,
        0,
        2.917,
        -18.509,
        0,
        3.2,
        20.656,
        0,
        3.5,
        -14.772,
        0,
        3.767,
        9.257,
        1,
        3.845,
        9.257,
        3.922,
        6.709,
        4,
        0
      ]
    },
    {
      "Target": "Parameter",
      "Id": "twl2",
      "FadeInTime": -1.0,
      "FadeOutTime": -1.0,
      "Segments": [
        0,
        0,
        1,
        0.161,
        -1.761,
        0.322,
        -2.563,
        0.483,
        -2.563,
        0,
        0.85,
        3.13,
        0,
        1.2,
        -1.437,
        0,
        1.533,
        0.877,
        0,
        1.833,
        -1.01,
        0,
        2.033,
        -0.272,
        0,
        2.233,
        -2.442,
        0,
        2.517,
        5.25,
        0,
        2.7,
        2.038,
        0,
        2.767,
        2.172,
        0,
        3.033,
        -16.253,
        0,
        3.3,
        22.061,
        0,
        3.6,
        -19.963,
        0,
        3.883,
        14.289,
        1,
        3.922,
        14.289,
        3.961,
        5.909,
        4,
        0
      ]
    },
    {
      "Target": "Parameter",
      "Id": "touch_drag11",
      "FadeInTime": -1.0,
      "FadeOutTime": -1.0,
      "Segments": [
        0,
        0,
        0,
        4,
        0
      ]
    },
    {
      "Target": "Parameter",
      "Id": "Paramtouch_idle1",
      "FadeInTime": -1.0,
      "FadeOutTime": -1.0,
      "Segments": [
        0,
        0,
        0,
        4,
        0
      ]
    },
    {
      "Target": "Parameter",
      "Id": "Paramtouch_idle2",
      "FadeInTime": -1.0,
      "FadeOutTime": -1.0,
      "Segments": [
        0,
        0,
        0,
        4,
        0
      ]
    },
    {
      "Target": "Parameter",
      "Id": "Paramtouch_idle3",
      "FadeInTime": -1.0,
      "FadeOutTime": -1.0,
      "Segments": [
        0,
        0,
        0,
        4,
        0
      ]
    },
    {
      "Target": "Parameter",
      "Id": "Paramtouch_idle4",
      "FadeInTime": -1.0,
      "FadeOutTime": -1.0,
      "Segments": [
        0,
        0,
        0,
        4,
        0
      ]
    },
    {
      "Target": "Parameter",
      "Id": "Paramtouch_idle5",
      "FadeInTime": -1.0,
      "FadeOutTime": -1.0,
      "Segments": [
        0,
        0,
        0,
        4,
        0
      ]
    },
    {
      "Target": "Parameter",
      "Id": "Paramtouch_idle6",
      "FadeInTime": -1.0,
      "FadeOutTime": -1.0,
      "Segments": [
        0,
        0,
        0,
        4,
        0
      ]
    },
    {
      "Target": "Parameter",
      "Id": "Paramtouch_idle7",
      "FadeInTime": -1.0,
      "FadeOutTime": -1.0,
      "Segments": [
        0,
        0,
        0,
        4,
        0
      ]
    },
    {
      "Target": "Parameter",
      "Id": "Paramtouch_idle8",
      "FadeInTime": -1.0,
      "FadeOutTime": -1.0,
      "Segments": [
        0,
        0,
        0,
        4,
        0
      ]
    },
    {
      "Target": "Parameter",
      "Id": "Paramtouch_idle9",
      "FadeInTime": -1.0,
      "FadeOutTime": -1.0,
      "Segments": [
        0,
        0,
        0,
        4,
        0
      ]
    },
    {
      "Target": "Parameter",
      "Id": "Paramtouch_idle10",
      "FadeInTime": -1.0,
      "FadeOutTime": -1.0,
      "Segments": [
        0,
        0,
        0,
        4,
        0
      ]
    },
    {
      "Target": "Parameter",
      "Id": "Paramtouch_idle11",
      "FadeInTime": -1.0,
      "FadeOutTime": -1.0,
      "Segments": [
        0,
        0,
        0,
        4,
        0
      ]
    },
    {
      "Target": "Parameter",
      "Id": "Paramtouch_idle12",
      "FadeInTime": -1.0,
      "FadeOutTime": -1.0,
      "Segments": [
        0,
        0,
        0,
        4,
        0
      ]
    },
    {
      "Target": "Parameter",
      "Id": "Paramtouch_idle13",
      "FadeInTime": -1.0,
      "FadeOutTime": -1.0,
      "Segments": [
        0,
        0,
        0,
        4,
        0
      ]
    },
    {
      "Target": "Parameter",
      "Id": "Paramtouch_idle14",
      "FadeInTime": -1.0,
      "FadeOutTime": -1.0,
      "Segments": [
        0,
        0,
        0,
        4,
        0
      ]
    },
    {
      "Target": "Parameter",
      "Id": "Paramtouch_idle15",
      "FadeInTime": -1.0,
      "FadeOutTime": -1.0,
      "Segments": [
        0,
        0,
        0,
        4,
        0
      ]
    },
    {
      "Target": "Parameter",
      "Id": "Paramtouch_idle16",
      "FadeInTime": -1.0,
      "FadeOutTime": -1.0,
      "Segments": [
        0,
        0,
        0,
        4,
        0
      ]
    },
    {
      "Target": "Parameter",
      "Id": "Paramtouch_idle17",
      "FadeInTime": -1.0,
      "FadeOutTime": -1.0,
      "Segments": [
        0,
        0,
        0,
        4,
        0
      ]
    },
    {
      "Target": "Parameter",
      "Id": "Paramtouch_idle18",
      "FadeInTime": -1.0,
      "FadeOutTime": -1.0,
      "Segments": [
        0,
        0,
        0,
        4,
        0
      ]
    },
    {
      "Target": "Parameter",
      "Id": "Paramtouch_idle19",
      "FadeInTime": -1.0,
      "FadeOutTime": -1.0,
      "Segments": [
        0,
        0,
        0,
        4,
        0
      ]
    },
    {
      "Target": "Parameter",
      "Id": "Paramtouch_idle20",
      "FadeInTime": -1.0,
      "FadeOutTime": -1.0,
      "Segments": [
        0,
        0,
        0,
        4,
        0
      ]
    },
    {
      "Target": "Parameter",
      "Id": "touch_drag2",
      "FadeInTime": -1.0,
      "FadeOutTime": -1.0,
      "Segments": [
        0,
        0,
        0,
        4,
        0
      ]
    },
    {
      "Target": "Parameter",
      "Id": "touch_drag3",
      "FadeInTime": -1.0,
      "FadeOutTime": -1.0,
      "Segments": [
        0,
        0,
        0,
        4,
        0
      ]
    },
    {
      "Target": "Parameter",
      "Id": "touch_drag4",
      "FadeInTime": -1.0,
      "FadeOutTime": -1.0,
      "Segments": [
        0,
        0,
        0,
        4,
        0
      ]
    },
    {
      "Target": "Parameter",
      "Id": "touch_drag5",
      "FadeInTime": -1.0,
      "FadeOutTime": -1.0,
      "Segments": [
        0,
        0,
        0,
        4,
        0
      ]
    },
    {
      "Target": "Parameter",
      "Id": "touch_drag6",
      "FadeInTime": -1.0,
      "FadeOutTime": -1.0,
      "Segments": [
        0,
        0,
        0,
        4,
        0
      ]
    },
    {
      "Target": "Parameter",
      "Id": "touch_drag12",
      "FadeInTime": -1.0,
      "FadeOutTime": -1.0,
      "Segments": [
        0,
        0,
        0,
        4,
        0
      ]
    },
    {
      "Target": "Parameter",
      "Id": "touch_drag7",
      "FadeInTime": -1.0,
      "FadeOutTime": -1.0,
      "Segments": [
        0,
        0,
        0,
        4,
        0
      ]
    },
    {
      "Target": "Parameter",
      "Id": "touch_drag8",
      "FadeInTime": -1.0,
      "FadeOutTime": -1.0,
      "Segments": [
        0,
        0,
        0,
        4,
        0
      ]
    },
    {
      "Target": "Parameter",
      "Id": "touch_drag9",
      "FadeInTime": -1.0,
      "FadeOutTime": -1.0,
      "Segments": [
        0,
        0,
        0,
        4,
        0
      ]
    },
    {
      "Target": "Parameter",
      "Id": "touch_drag10",
      "FadeInTime": -1.0,
      "FadeOutTime": -1.0,
      "Segments": [
        0,
        0,
        0,
        4,
        0
      ]
    },
    {
      "Target": "Parameter",
      "Id": "Paramtouch_idle21",
      "FadeInTime": -1.0,
      "FadeOutTime": -1.0,
      "Segments": [
        0,
        0,
        0,
        4,
        0
      ]
    },
    {
      "Target": "Parameter",
      "Id": "Paramtouch_idle22",
      "FadeInTime": -1.0,
      "FadeOutTime": -1.0,
      "Segments": [
        0,
        0,
        0,
        4,
        0
      ]
    },
    {
      "Target": "Parameter",
      "Id": "Paramtouch_idle23",
      "FadeInTime": -1.0,
      "FadeOutTime": -1.0,
      "Segments": [
        0,
        0,
        0,
        4,
        0
      ]
    },
    {
      "Target": "Parameter",
      "Id": "Paramtouch_idle24",
      "FadeInTime": -1.0,
      "FadeOutTime": -1.0,
      "Segments": [
        0,
        0,
        0,
        4,
        0
      ]
    },
    {
      "Target": "Parameter",
      "Id": "cmkduv",
      "FadeInTime": -1.0,
      "FadeOutTime": -1.0,
      "Segments": [
        0,
        0,
        0,
        4,
        0
      ]
    },
    {
      "Target": "Parameter",
      "Id": "TouchDrag12wy",
      "FadeInTime": -1.0,
      "FadeOutTime": -1.0,
      "Segments": [
        0,
        0,
        0,
        4,
        0
      ]
    },
    {
      "Target": "Parameter",
      "Id": "touch_dragwy",
      "FadeInTime": -1.0,
      "FadeOutTime": -1.0,
      "Segments": [
        0,
        0,
        0,
        4,
        0
      ]
    },
    {
      "Target": "Parameter",
      "Id": "TouchDrag1wy",
      "FadeInTime": -1.0,
      "FadeOutTime": -1.0,
      "Segments": [
        0,
        0,
        0,
        4,
        0
      ]
    },
    {
      "Target": "Parameter",
      "Id": "TouchDrag1wy2",
      "FadeInTime": -1.0,
      "FadeOutTime": -1.0,
      "Segments": [
        0,
        0,
        0,
        4,
        0
      ]
    },
    {
      "Target": "Parameter",
      "Id": "TouchDrag1wy3",
      "FadeInTime": -1.0,
      "FadeOutTime": -1.0,
      "Segments": [
        0,
        0,
        0,
        4,
        0
      ]
    },
    {
      "Target": "Parameter",
      "Id": "TouchDrag1wy4",
      "FadeInTime": -1.0,
      "FadeOutTime": -1.0,
      "Segments": [
        0,
        0,
        0,
        4,
        0
      ]
    },
    {
      "Target": "Parameter",
      "Id": "TouchDrag1wy5",
      "FadeInTime": -1.0,
      "FadeOutTime": -1.0,
      "Segments": [
        0,
        0,
        0,
        4,
        0
      ]
    },
    {
      "Target": "Parameter",
      "Id": "TouchDrag1wy6",
      "FadeInTime": -1.0,
      "FadeOutTime": -1.0,
      "Segments": [
        0,
        0,
        0,
        4,
        0
      ]
    },
    {
      "Target": "Parameter",
      "Id": "TouchDrag1wy7",
      "FadeInTime": -1.0,
      "FadeOutTime": -1.0,
      "Segments": [
        0,
        0,
        0,
        4,
        0
      ]
    },
    {
      "Target": "Parameter",
      "Id": "TouchDrag1wy8",
      "FadeInTime": -1.0,
      "FadeOutTime": -1.0,
      "Segments": [
        0,
        0,
        0,
        4,
        0
      ]
    },
    {
      "Target": "Parameter",
      "Id": "TouchDrag1wy9",
      "FadeInTime": -1.0,
      "FadeOutTime": -1.0,
      "Segments": [
        0,
        0,
        0,
        4,
        0
      ]
    },
    {
      "Target": "Parameter",
      "Id": "TouchDrag1wy10",
      "FadeInTime": -1.0,
      "FadeOutTime": -1.0,
      "Segments": [
        0,
        0,
        0,
        4,
        0
      ]
    },
    {
      "Target": "Parameter",
      "Id": "TouchDrag1wy11",
      "FadeInTime": -1.0,
      "FadeOutTime": -1.0,
      "Segments": [
        0,
        0,
        0,
        4,
        0
      ]
    },
    {
      "Target": "Parameter",
      "Id": "TouchDrag1wy12",
      "FadeInTime": -1.0,
      "FadeOutTime": -1.0,
      "Segments": [
        0,
        0,
        0,
        4,
        0
      ]
    },
    {
      "Target": "Parameter",
      "Id": "TouchDrag1wy13",
      "FadeInTime": -1.0,
      "FadeOutTime": -1.0,
      "Segments": [
        0,
        0,
        0,
        4,
        0
      ]
    },
    {
      "Target": "Parameter",
      "Id": "TouchDrag1wy14",
      "FadeInTime": -1.0,
      "FadeOutTime": -1.0,
      "Segments": [
        0,
        0,
        0,
        4,
        0
      ]
    },
    {
      "Target": "Parameter",
      "Id": "TouchDrag1wy15",
      "FadeInTime": -1.0,
      "FadeOutTime": -1.0,
      "Segments": [
        0,
        0,
        0,
        4,
        0
      ]
    },
    {
      "Target": "Parameter",
      "Id": "TouchDrag1wy16",
      "FadeInTime": -1.0,
      "FadeOutTime": -1.0,
      "Segments": [
        0,
        0,
        0,
        4,
        0
      ]
    },
    {
      "Target": "Parameter",
      "Id": "TouchDrag1wy17",
      "FadeInTime": -1.0,
      "FadeOutTime": -1.0,
      "Segments": [
        0,
        0,
        0,
        4,
        0
      ]
    },
    {
      "Target": "Parameter",
      "Id": "TouchDrag1wy18",
      "FadeInTime": -1.0,
      "FadeOutTime": -1.0,
      "Segments": [
        0,
        0,
        0,
        4,
        0
      ]
    },
    {
      "Target": "Parameter",
      "Id": "TouchDrag1wy19",
      "FadeInTime": -1.0,
      "FadeOutTime": -1.0,
      "Segments": [
        0,
        0,
        0,
        4,
        0
      ]
    },
    {
      "Target": "Parameter",
      "Id": "TouchDrag1wy20",
      "FadeInTime": -1.0,
      "FadeOutTime": -1.0,
      "Segments": [
        0,
        0,
        0,
        4,
        0
      ]
    },
    {
      "Target": "Parameter",
      "Id": "TouchDrag2wy",
      "FadeInTime": -1.0,
      "FadeOutTime": -1.0,
      "Segments": [
        0,
        0,
        0,
        4,
        0
      ]
    },
    {
      "Target": "Parameter",
      "Id": "touch_drag3wy",
      "FadeInTime": -1.0,
      "FadeOutTime": -1.0,
      "Segments": [
        0,
        0,
        0,
        4,
        0
      ]
    },
    {
      "Target": "Parameter",
      "Id": "touch_drag3wy2",
      "FadeInTime": -1.0,
      "FadeOutTime": -1.0,
      "Segments": [
        0,
        0,
        0,
        4,
        0
      ]
    },
    {
      "Target": "Parameter",
      "Id": "touch_drag3wy3",
      "FadeInTime": -1.0,
      "FadeOutTime": -1.0,
      "Segments": [
        0,
        0,
        0,
        4,
        0
      ]
    },
    {
      "Target": "Parameter",
      "Id": "touch_drag3wy4",
      "FadeInTime": -1.0,
      "FadeOutTime": -1.0,
      "Segments": [
        0,
        0,
        0,
        4,
        0
      ]
    },
    {
      "Target": "Parameter",
      "Id": "touch_drag3wy5",
      "FadeInTime": -1.0,
      "FadeOutTime": -1.0,
      "Segments": [
        0,
        0,
        0,
        4,
        0
      ]
    },
    {
      "Target": "Parameter",
      "Id": "touch_drag3wy6",
      "FadeInTime": -1.0,
      "FadeOutTime": -1.0,
      "Segments": [
        0,
        0,
        0,
        4,
        0
      ]
    },
    {
      "Target": "Parameter",
      "Id": "touch_drag3wy7",
      "FadeInTime": -1.0,
      "FadeOutTime": -1.0,
      "Segments": [
        0,
        0,
        0,
        4,
        0
      ]
    },
    {
      "Target": "Parameter",
      "Id": "touch_drag3wy8",
      "FadeInTime": -1.0,
      "FadeOutTime": -1.0,
      "Segments": [
        0,
        0,
        0,
        4,
        0
      ]
    },
    {
      "Target": "Parameter",
      "Id": "TouchDrag1wy21",
      "FadeInTime": -1.0,
      "FadeOutTime": -1.0,
      "Segments": [
        0,
        0,
        0,
        4,
        0
      ]
    },
    {
      "Target": "Parameter",
      "Id": "TouchDrag1wy22",
      "FadeInTime": -1.0,
      "FadeOutTime": -1.0,
      "Segments": [
        0,
        0,
        0,
        4,
        0
      ]
    },
    {
      "Target": "Parameter",
      "Id": "TouchDrag1wy23",
      "FadeInTime": -1.0,
      "FadeOutTime": -1.0,
      "Segments": [
        0,
        0,
        0,
        4,
        0
      ]
    },
    {
      "Target": "Parameter",
      "Id": "TouchDrag1wy24",
      "FadeInTime": -1.0,
      "FadeOutTime": -1.0,
      "Segments": [
        0,
        0,
        0,
        4,
        0
      ]
    },
    {
      "Target": "Parameter",
      "Id": "ParamBodyAngleY",
      "FadeInTime": -1.0,
      "FadeOutTime": -1.0,
      "Segments": [
        0,
        0,
        0,
        4,
        0
      ]
    },
    {
      "Target": "Parameter",
      "Id": "ParamBodyAngleX",
      "FadeInTime": -1.0,
      "FadeOutTime": -1.0,
      "Segments": [
        0,
        0,
        0,
        4,
        0
      ]
    },
    {
      "Target": "Parameter",
      "Id": "koushuishangxia",
      "FadeInTime": -1.0,
      "FadeOutTime": -1.0,
      "Segments": [
        0,
        0,
        0,
        4,
        0
      ]
    },
    {
      "Target": "Parameter",
      "Id": "koushuizuoyou",
      "FadeInTime": -1.0,
      "FadeOutTime": -1.0,
      "Segments": [
        0,
        0,
        0,
        4,
        0
      ]
    },
    {
      "Target": "Parameter",
      "Id": "koushuijiaodu",
      "FadeInTime": -1.0,
      "FadeOutTime": -1.0,
      "Segments": [
        0,
        0,
        0,
        4,
        0
      ]
    },
    {
      "Target": "Parameter",
      "Id": "koushuiyaobai",
      "FadeInTime": -1.0,
      "FadeOutTime": -1.0,
      "Segments": [
        0,
        0,
        0,
        4,
        0
      ]
    },
    {
      "Target": "Parameter",
      "Id": "koushuichangduan",
      "FadeInTime": -1.0,
      "FadeOutTime": -1.0,
      "Segments": [
        0,
        0,
        0,
        4,
        0
      ]
    },
    {
      "Target": "Parameter",
      "Id": "baiqidonghua",
      "FadeInTime": -1.0,
      "FadeOutTime": -1.0,
      "Segments": [
        0,
        0,
        0,
        4,
        0
      ]
    },
    {
      "Target": "Parameter",
      "Id": "swch2",
      "FadeInTime": -1.0,
      "FadeOutTime": -1.0,
      "Segments": [
        0,
        0,
        0,
        4,
        0
      ]
    },
    {
      "Target": "Parameter",
      "Id": "fmqh",
      "FadeInTime": -1.0,
      "FadeOutTime": -1.0,
      "Segments": [
        0,
        3,
        0,
        4,
        3
      ]
    },
    {
      "Target": "Parameter",
      "Id": "yqdjtx",
      "FadeInTime": -1.0,
      "FadeOutTime": -1.0,
      "Segments": [
        0,
        0,
        0,
        4,
        0
      ]
    },
    {
      "Target": "Parameter",
      "Id": "yqdjtx2",
      "FadeInTime": -1.0,
      "FadeOutTime": -1.0,
      "Segments": [
        0,
        0,
        0,
        4,
        0
      ]
    },
    {
      "Target": "Parameter",
      "Id": "yqdjtx3",
      "FadeInTime": -1.0,
      "FadeOutTime": -1.0,
      "Segments": [
        0,
        0,
        0,
        4,
        0
      ]
    },
    {
      "Target": "Parameter",
      "Id": "yqdjtx4",
      "FadeInTime": -1.0,
      "FadeOutTime": -1.0,
      "Segments": [
        0,
        0,
        0,
        4,
        0
      ]
    },
    {
      "Target": "Parameter",
      "Id": "yqdjtx5",
      "FadeInTime": -1.0,
      "FadeOutTime": -1.0,
      "Segments": [
        0,
        0,
        0,
        4,
        0
      ]
    },
    {
      "Target": "Parameter",
      "Id": "yl",
      "FadeInTime": -1.0,
      "FadeOutTime": -1.0,
      "Segments": [
        0,
        0,
        0,
        4,
        0
      ]
    },
    {
      "Target": "Parameter",
      "Id": "uidh2",
      "FadeInTime": -1.0,
      "FadeOutTime": -1.0,
      "Segments": [
        0,
        1,
        0,
        4,
        1
      ]
    },
    {
      "Target": "Parameter",
      "Id": "bfzth",
      "FadeInTime": -1.0,
      "FadeOutTime": -1.0,
      "Segments": [
        0,
        0,
        0,
        4,
        0
      ]
    },
    {
      "Target": "Parameter",
      "Id": "zccddx",
      "FadeInTime": -1.0,
      "FadeOutTime": -1.0,
      "Segments": [
        0,
        0,
        0,
        4,
        0
      ]
    },
    {
      "Target": "Parameter",
      "Id": "zccddx2",
      "FadeInTime": -1.0,
      "FadeOutTime": -1.0,
      "Segments": [
        0,
        0,
        0,
        4,
        0
      ]
    },
    {
      "Target": "Parameter",
      "Id": "zccdwy",
      "FadeInTime": -1.0,
      "FadeOutTime": -1.0,
      "Segments": [
        0,
        0,
        0,
        4,
        0
      ]
    },
    {
      "Target": "Parameter",
      "Id": "ppyztmd2",
      "FadeInTime": -1.0,
      "FadeOutTime": -1.0,
      "Segments": [
        0,
        0,
        0,
        4,
        0
      ]
    },
    {
      "Target": "Parameter",
      "Id": "ysxz2X",
      "FadeInTime": -1.0,
      "FadeOutTime": -1.0,
      "Segments": [
        0,
        0,
        0,
        4,
        0
      ]
    },
    {
      "Target": "Parameter",
      "Id": "ysxz2X2",
      "FadeInTime": -1.0,
      "FadeOutTime": -1.0,
      "Segments": [
        0,
        0,
        0,
        4,
        0
      ]
    },
    {
      "Target": "Parameter",
      "Id": "ysxz2X3",
      "FadeInTime": -1.0,
      "FadeOutTime": -1.0,
      "Segments": [
        0,
        0,
        0,
        4,
        0
      ]
    },
    {
      "Target": "Parameter",
      "Id": "ysxz2X4",
      "FadeInTime": -1.0,
      "FadeOutTime": -1.0,
      "Segments": [
        0,
        0,
        0,
        4,
        0
      ]
    },
    {
      "Target": "Parameter",
      "Id": "syxs",
      "FadeInTime": -1.0,
      "FadeOutTime": -1.0,
      "Segments": [
        0,
        1,
        0,
        4,
        1
      ]
    },
    {
      "Target": "Parameter",
      "Id": "shpc",
      "FadeInTime": -1.0,
      "FadeOutTime": -1.0,
      "Segments": [
        0,
        0,
        0,
        4,
        0
      ]
    },
    {
      "Target": "Parameter",
      "Id": "shpc2",
      "FadeInTime": -1.0,
      "FadeOutTime": -1.0,
      "Segments": [
        0,
        0,
        0,
        4,
        0
      ]
    },
    {
      "Target": "Parameter",
      "Id": "swch",
      "FadeInTime": -1.0,
      "FadeOutTime": -1.0,
      "Segments": [
        0,
        0,
        0,
        4,
        0
      ]
    },
    {
      "Target": "Parameter",
      "Id": "ygqxz",
      "FadeInTime": -1.0,
      "FadeOutTime": -1.0,
      "Segments": [
        0,
        0,
        0,
        4,
        0
      ]
    },
    {
      "Target": "Parameter",
      "Id": "mhygq",
      "FadeInTime": -1.0,
      "FadeOutTime": -1.0,
      "Segments": [
        0,
        0,
        0,
        4,
        0
      ]
    },
    {
      "Target": "Parameter",
      "Id": "mhygq2",
      "FadeInTime": -1.0,
      "FadeOutTime": -1.0,
      "Segments": [
        0,
        0,
        0,
        4,
        0
      ]
    },
    {
      "Target": "Parameter",
      "Id": "mhygqx",
      "FadeInTime": -1.0,
      "FadeOutTime": -1.0,
      "Segments": [
        0,
        0,
        0,
        4,
        0
      ]
    },
    {
      "Target": "Parameter",
      "Id": "mhygqx2",
      "FadeInTime": -1.0,
      "FadeOutTime": -1.0,
      "Segments": [
        0,
        0,
        0,
        4,
        0
      ]
    },
    {
      "Target": "Parameter",
      "Id": "shuiliu",
      "FadeInTime": -1.0,
      "FadeOutTime": -1.0,
      "Segments": [
        0,
        0,
        0,
        4,
        0
      ]
    },
    {
      "Target": "Parameter",
      "Id": "guanghuan",
      "FadeInTime": -1.0,
      "FadeOutTime": -1.0,
      "Segments": [
        0,
        0,
        0,
        4,
        0
      ]
    },
    {
      "Target": "Parameter",
      "Id": "MB_xingfengyaobai",
      "FadeInTime": -1.0,
      "FadeOutTime": -1.0,
      "Segments": [
        0,
        0,
        0,
        4,
        0
      ]
    },
    {
      "Target": "Parameter",
      "Id": "MB_xingfengTMD",
      "FadeInTime": -1.0,
      "FadeOutTime": -1.0,
      "Segments": [
        0,
        0,
        0,
        4,
        0
      ]
    },
    {
      "Target": "Parameter",
      "Id": "Param144",
      "FadeInTime": -1.0,
      "FadeOutTime": -1.0,
      "Segments": [
        0,
        0,
        0,
        4,
        0
      ]
    },
    {
      "Target": "Parameter",
      "Id": "Param145",
      "FadeInTime": -1.0,
      "FadeOutTime": -1.0,
      "Segments": [
        0,
        0,
        0,
        4,
        0
      ]
    },
    {
      "Target": "Parameter",
      "Id": "bssh",
      "FadeInTime": -1.0,
      "FadeOutTime": -1.0,
      "Segments": [
        0,
        0,
        0,
        4,
        0
      ]
    },
    {
      "Target": "Parameter",
      "Id": "bsshbtmd",
      "FadeInTime": -1.0,
      "FadeOutTime": -1.0,
      "Segments": [
        0,
        0,
        0,
        4,
        0
      ]
    },
    {
      "Target": "Parameter",
      "Id": "bsshcews",
      "FadeInTime": -1.0,
      "FadeOutTime": -1.0,
      "Segments": [
        0,
        0,
        0,
        4,
        0
      ]
    },
    {
      "Target": "Parameter",
      "Id": "bsshces2",
      "FadeInTime": -1.0,
      "FadeOutTime": -1.0,
      "Segments": [
        0,
        0,
        0,
        4,
        0
      ]
    },
    {
      "Target": "Parameter",
      "Id": "MB_hudietoumingdu",
      "FadeInTime": -1.0,
      "FadeOutTime": -1.0,
      "Segments": [
        0,
        0,
        0,
        4,
        0
      ]
    },
    {
      "Target": "Parameter",
      "Id": "MB_hudietoushi",
      "FadeInTime": -1.0,
      "FadeOutTime": -1.0,
      "Segments": [
        0,
        0,
        0,
        4,
        0
      ]
    },
    {
      "Target": "Parameter",
      "Id": "MB_hudiexuanzhuan",
      "FadeInTime": -1.0,
      "FadeOutTime": -1.0,
      "Segments": [
        0,
        0,
        0,
        4,
        0
      ]
    },
    {
      "Target": "Parameter",
      "Id": "MB_hudiezuoyou",
      "FadeInTime": -1.0,
      "FadeOutTime": -1.0,
      "Segments": [
        0,
        0,
        0,
        4,
        0
      ]
    },
    {
      "Target": "Parameter",
      "Id": "MB_hudieshangxia",
      "FadeInTime": -1.0,
      "FadeOutTime": -1.0,
      "Segments": [
        0,
        0,
        0,
        4,
        0
      ]
    },
    {
      "Target": "Parameter",
      "Id": "MB_hudiejiaodu",
      "FadeInTime": -1.0,
      "FadeOutTime": -1.0,
      "Segments": [
        0,
        0,
        0,
        4,
        0
      ]
    },
    {
      "Target": "Parameter",
      "Id": "MB_hudiedaxiao",
      "FadeInTime": -1.0,
      "FadeOutTime": -1.0,
      "Segments": [
        0,
        0,
        0,
        4,
        0
      ]
    },
    {
      "Target": "Parameter",
      "Id": "MB_hudiechiban",
      "FadeInTime": -1.0,
      "FadeOutTime": -1.0,
      "Segments": [
        0,
        0,
        0,
        4,
        0
      ]
    },
    {
      "Target": "Parameter",
      "Id": "czwl2",
      "FadeInTime": -1.0,
      "FadeOutTime": -1.0,
      "Segments": [
        0,
        0,
        0,
        4,
        0
      ]
    },
    {
      "Target": "Parameter",
      "Id": "renxz2",
      "FadeInTime": -1.0,
      "FadeOutTime": -1.0,
      "Segments": [
        0,
        0,
        0,
        4,
        0
      ]
    },
    {
      "Target": "Parameter",
      "Id": "renxz3",
      "FadeInTime": -1.0,
      "FadeOutTime": -1.0,
      "Segments": [
        0,
        0,
        0,
        4,
        0
      ]
    },
    {
      "Target": "Parameter",
      "Id": "renxz",
      "FadeInTime": -1.0,
      "FadeOutTime": -1.0,
      "Segments": [
        0,
        0,
        0,
        4,
        0
      ]
    },
    {
      "Target": "Parameter",
      "Id": "Param2",
      "FadeInTime": -1.0,
      "FadeOutTime": -1.0,
      "Segments": [
        0,
        0,
        0,
        4,
        0
      ]
    },
    {
      "Target": "Parameter",
      "Id": "bjtmd",
      "FadeInTime": -1.0,
      "FadeOutTime": -1.0,
      "Segments": [
        0,
        0,
        0,
        4,
        0
      ]
    },
    {
      "Target": "Parameter",
      "Id": "ztxy",
      "FadeInTime": -1.0,
      "FadeOutTime": -1.0,
      "Segments": [
        0,
        0,
        0,
        4,
        0
      ]
    },
    {
      "Target": "Parameter",
      "Id": "ztxy2",
      "FadeInTime": -1.0,
      "FadeOutTime": -1.0,
      "Segments": [
        0,
        0,
        0,
        4,
        0
      ]
    },
    {
      "Target": "Parameter",
      "Id": "ztxy3",
      "FadeInTime": -1.0,
      "FadeOutTime": -1.0,
      "Segments": [
        0,
        0,
        0,
        4,
        0
      ]
    },
    {
      "Target": "Parameter",
      "Id": "ztxy4",
      "FadeInTime": -1.0,
      "FadeOutTime": -1.0,
      "Segments": [
        0,
        0,
        0,
        4,
        0
      ]
    },
    {
      "Target": "Parameter",
      "Id": "Param52",
      "FadeInTime": -1.0,
      "FadeOutTime": -1.0,
      "Segments": [
        0,
        0,
        0,
        4,
        0
      ]
    },
    {
      "Target": "Parameter",
      "Id": "hjtmd",
      "FadeInTime": -1.0,
      "FadeOutTime": -1.0,
      "Segments": [
        0,
        0,
        0,
        4,
        0
      ]
    },
    {
      "Target": "Parameter",
      "Id": "jjx",
      "FadeInTime": -1.0,
      "FadeOutTime": -1.0,
      "Segments": [
        0,
        0,
        0,
        4,
        0
      ]
    },
    {
      "Target": "Parameter",
      "Id": "jjx2",
      "FadeInTime": -1.0,
      "FadeOutTime": -1.0,
      "Segments": [
        0,
        0,
        0,
        4,
        0
      ]
    },
    {
      "Target": "Parameter",
      "Id": "Param115",
      "FadeInTime": -1.0,
      "FadeOutTime": -1.0,
      "Segments": [
        0,
        0,
        0,
        4,
        0
      ]
    },
    {
      "Target": "Parameter",
      "Id": "Param130",
      "FadeInTime": -1.0,
      "FadeOutTime": -1.0,
      "Segments": [
        0,
        0,
        0,
        4,
        0
      ]
    },
    {
      "Target": "Parameter",
      "Id": "Param12",
      "FadeInTime": -1.0,
      "FadeOutTime": -1.0,
      "Segments": [
        0,
        0,
        0,
        4,
        0
      ]
    },
    {
      "Target": "Parameter",
      "Id": "Param13",
      "FadeInTime": -1.0,
      "FadeOutTime": -1.0,
      "Segments": [
        0,
        0,
        0,
        4,
        0
      ]
    },
    {
      "Target": "Parameter",
      "Id": "Param14",
      "FadeInTime": -1.0,
      "FadeOutTime": -1.0,
      "Segments": [
        0,
        0,
        0,
        4,
        0
      ]
    },
    {
      "Target": "Parameter",
      "Id": "Param26",
      "FadeInTime": -1.0,
      "FadeOutTime": -1.0,
      "Segments": [
        0,
        0,
        0,
        4,
        0
      ]
    },
    {
      "Target": "Parameter",
      "Id": "Param31",
      "FadeInTime": -1.0,
      "FadeOutTime": -1.0,
      "Segments": [
        0,
        0,
        0,
        4,
        0
      ]
    },
    {
      "Target": "Parameter",
      "Id": "Param30",
      "FadeInTime": -1.0,
      "FadeOutTime": -1.0,
      "Segments": [
        0,
        0,
        0,
        4,
        0
      ]
    },
    {
      "Target": "Parameter",
      "Id": "Param72",
      "FadeInTime": -1.0,
      "FadeOutTime": -1.0,
      "Segments": [
        0,
        0,
        0,
        4,
        0
      ]
    },
    {
      "Target": "Parameter",
      "Id": "Param93",
      "FadeInTime": -1.0,
      "FadeOutTime": -1.0,
      "Segments": [
        0,
        0,
        0,
        4,
        0
      ]
    },
    {
      "Target": "Parameter",
      "Id": "Param94",
      "FadeInTime": -1.0,
      "FadeOutTime": -1.0,
      "Segments": [
        0,
        0,
        0,
        4,
        0
      ]
    },
    {
      "Target": "Parameter",
      "Id": "Param27",
      "FadeInTime": -1.0,
      "FadeOutTime": -1.0,
      "Segments": [
        0,
        0,
        0,
        4,
        0
      ]
    },
    {
      "Target": "Parameter",
      "Id": "Param162",
      "FadeInTime": -1.0,
      "FadeOutTime": -1.0,
      "Segments": [
        0,
        0,
        0,
        4,
        0
      ]
    },
    {
      "Target": "Parameter",
      "Id": "hjlc",
      "FadeInTime": -1.0,
      "FadeOutTime": -1.0,
      "Segments": [
        0,
        0,
        0,
        4,
        0
      ]
    },
    {
      "Target": "Parameter",
      "Id": "fxpzy",
      "FadeInTime": -1.0,
      "FadeOutTime": -1.0,
      "Segments": [
        0,
        0,
        0,
        4,
        0
      ]
    },
    {
      "Target": "Parameter",
      "Id": "ppyztmd",
      "FadeInTime": -1.0,
      "FadeOutTime": -1.0,
      "Segments": [
        0,
        0,
        0,
        4,
        0
      ]
    },
    {
      "Target": "Parameter",
      "Id": "xbs",
      "FadeInTime": -1.0,
      "FadeOutTime": -1.0,
      "Segments": [
        0,
        0,
        0,
        4,
        0
      ]
    },
    {
      "Target": "Parameter",
      "Id": "xsqh",
      "FadeInTime": -1.0,
      "FadeOutTime": -1.0,
      "Segments": [
        0,
        0,
        0,
        4,
        0
      ]
    },
    {
      "Target": "Parameter",
      "Id": "xsqh2",
      "FadeInTime": -1.0,
      "FadeOutTime": -1.0,
      "Segments": [
        0,
        0,
        0,
        4,
        0
      ]
    },
    {
      "Target": "Parameter",
      "Id": "zsbydt",
      "FadeInTime": -1.0,
      "FadeOutTime": -1.0,
      "Segments": [
        0,
        0,
        0,
        4,
        0
      ]
    },
    {
      "Target": "Parameter",
      "Id": "zsbydt2",
      "FadeInTime": -1.0,
      "FadeOutTime": -1.0,
      "Segments": [
        0,
        0,
        0,
        4,
        0
      ]
    },
    {
      "Target": "Parameter",
      "Id": "zsbydt3",
      "FadeInTime": -1.0,
      "FadeOutTime": -1.0,
      "Segments": [
        0,
        0,
        0,
        4,
        0
      ]
    },
    {
      "Target": "Parameter",
      "Id": "zsbydt4",
      "FadeInTime": -1.0,
      "FadeOutTime": -1.0,
      "Segments": [
        0,
        0,
        0,
        4,
        0
      ]
    },
    {
      "Target": "Parameter",
      "Id": "zsbydt5",
      "FadeInTime": -1.0,
      "FadeOutTime": -1.0,
      "Segments": [
        0,
        0,
        0,
        4,
        0
      ]
    },
    {
      "Target": "Parameter",
      "Id": "zsbydt6",
      "FadeInTime": -1.0,
      "FadeOutTime": -1.0,
      "Segments": [
        0,
        0,
        0,
        4,
        0
      ]
    },
    {
      "Target": "Parameter",
      "Id": "zsbydt7",
      "FadeInTime": -1.0,
      "FadeOutTime": -1.0,
      "Segments": [
        0,
        0,
        0,
        4,
        0
      ]
    },
    {
      "Target": "Parameter",
      "Id": "zsbydt8",
      "FadeInTime": -1.0,
      "FadeOutTime": -1.0,
      "Segments": [
        0,
        0,
        0,
        4,
        0
      ]
    },
    {
      "Target": "Parameter",
      "Id": "MB_wutixialuoxunhuan",
      "FadeInTime": -1.0,
      "FadeOutTime": -1.0,
      "Segments": [
        0,
        2.003,
        0,
        4,
        2.003
      ]
    },
    {
      "Target": "Parameter",
      "Id": "ydxh",
      "FadeInTime": -1.0,
      "FadeOutTime": -1.0,
      "Segments": [
        0,
        3.338,
        0,
        4,
        3.338
      ]
    },
    {
      "Target": "Parameter",
      "Id": "MB_wutixialuojiaodu",
      "FadeInTime": -1.0,
      "FadeOutTime": -1.0,
      "Segments": [
        0,
        -22.785,
        0,
        4,
        -22.785
      ]
    },
    {
      "Target": "Parameter",
      "Id": "MB_Awutidaxiao",
      "FadeInTime": -1.0,
      "FadeOutTime": -1.0,
      "Segments": [
        0,
        -0.077,
        0,
        4,
        -0.077
      ]
    },
    {
      "Target": "Parameter",
      "Id": "MB_Awutijiaodu",
      "FadeInTime": -1.0,
      "FadeOutTime": -1.0,
      "Segments": [
        0,
        -0.686,
        0,
        4,
        -0.686
      ]
    },
    {
      "Target": "Parameter",
      "Id": "MB_Awutifanzhuan",
      "FadeInTime": -1.0,
      "FadeOutTime": -1.0,
      "Segments": [
        0,
        -1,
        0,
        4,
        -1
      ]
    },
    {
      "Target": "Parameter",
      "Id": "MB_Cwutidaxiao",
      "FadeInTime": -1.0,
      "FadeOutTime": -1.0,
      "Segments": [
        0,
        -0.493,
        0,
        4,
        -0.493
      ]
    },
    {
      "Target": "Parameter",
      "Id": "MB_Cwutijiaodu",
      "FadeInTime": -1.0,
      "FadeOutTime": -1.0,
      "Segments": [
        0,
        -0.998,
        0,
        4,
        -0.998
      ]
    },
    {
      "Target": "Parameter",
      "Id": "MB_Cwutifanzhuan",
      "FadeInTime": -1.0,
      "FadeOutTime": -1.0,
      "Segments": [
        0,
        -0.992,
        0,
        4,
        -0.992
      ]
    },
    {
      "Target": "Parameter",
      "Id": "MB_Bwutidaxiao",
      "FadeInTime": -1.0,
      "FadeOutTime": -1.0,
      "Segments": [
        0,
        -0.322,
        0,
        4,
        -0.322
      ]
    },
    {
      "Target": "Parameter",
      "Id": "MB_Bwutijiaodu",
      "FadeInTime": -1.0,
      "FadeOutTime": -1.0,
      "Segments": [
        0,
        -0.992,
        0,
        4,
        -0.992
      ]
    },
    {
      "Target": "Parameter",
      "Id": "MB_Bwutifanzhuan",
      "FadeInTime": -1.0,
      "FadeOutTime": -1.0,
      "Segments": [
        0,
        -0.934,
        0,
        4,
        -0.934
      ]
    },
    {
      "Target": "Parameter",
      "Id": "ParamEyeLSmile",
      "FadeInTime": -1.0,
      "FadeOutTime": -1.0,
      "Segments": [
        0,
        1,
        0,
        4,
        1
      ]
    },
    {
      "Target": "Parameter",
      "Id": "ParamEyeRSmile",
      "FadeInTime": -1.0,
      "FadeOutTime": -1.0,
      "Segments": [
        0,
        1,
        0,
        4,
        1
      ]
    },
    {
      "Target": "Parameter",
      "Id": "ParamBrowRX",
      "FadeInTime": -1.0,
      "FadeOutTime": -1.0,
      "Segments": [
        0,
        0,
        0,
        4,
        0
      ]
    },
    {
      "Target": "Parameter",
      "Id": "ParamBrowLX",
      "FadeInTime": -1.0,
      "FadeOutTime": -1.0,
      "Segments": [
        0,
        0,
        0,
        4,
        0
      ]
    },
    {
      "Target": "Parameter",
      "Id": "ParamBrowLY",
      "FadeInTime": -1.0,
      "FadeOutTime": -1.0,
      "Segments": [
        0,
        0,
        0,
        4,
        0
      ]
    },
    {
      "Target": "Parameter",
      "Id": "ParamBrowRY",
      "FadeInTime": -1.0,
      "FadeOutTime": -1.0,
      "Segments": [
        0,
        0,
        0,
        4,
        0
      ]
    },
    {
      "Target": "Parameter",
      "Id": "ParamMouthForm",
      "FadeInTime": -1.0,
      "FadeOutTime": -1.0,
      "Segments": [
        0,
        -0.7,
        0,
        4,
        -0.7
      ]
    },
    {
      "Target": "Parameter",
      "Id": "ParamMouthOpenY",
      "FadeInTime": -1.0,
      "FadeOutTime": -1.0,
      "Segments": [
        0,
        0,
        0,
        4,
        0
      ]
    },
    {
      "Target": "Parameter",
      "Id": "ParamEyeBallX",
      "FadeInTime": -1.0,
      "FadeOutTime": -1.0,
      "Segments": [
        0,
        0,
        0,
        4,
        0
      ]
    },
    {
      "Target": "Parameter",
      "Id": "ParamEyeBallY",
      "FadeInTime": -1.0,
      "FadeOutTime": -1.0,
      "Segments": [
        0,
        0,
        0,
        4,
        0
      ]
    },
    {
      "Target": "Parameter",
      "Id": "yanzhusuofang",
      "FadeInTime": -1.0,
      "FadeOutTime": -1.0,
      "Segments": [
        0,
        0,
        0,
        4,
        0
      ]
    },
    {
      "Target": "Parameter",
      "Id": "ParamMouthX",
      "FadeInTime": -1.0,
      "FadeOutTime": -1.0,
      "Segments": [
        0,
        0,
        0,
        4,
        0
      ]
    },
    {
      "Target": "Parameter",
      "Id": "DUQI",
      "FadeInTime": -1.0,
      "FadeOutTime": -1.0,
      "Segments": [
        0,
        1,
        0,
        4,
        1
      ]
    },
    {
      "Target": "Parameter",
      "Id": "KOUSHUI",
      "FadeInTime": -1.0,
      "FadeOutTime": -1.0,
      "Segments": [
        0,
        0,
        0,
        4,
        0
      ]
    },
    {
      "Target": "Parameter",
      "Id": "Param",
      "FadeInTime": -1.0,
      "FadeOutTime": -1.0,
      "Segments": [
        0,
        0,
        0,
        4,
        0
      ]
    },
    {
      "Target": "Parameter",
      "Id": "TUSHE",
      "FadeInTime": -1.0,
      "FadeOutTime": -1.0,
      "Segments": [
        0,
        0,
        0,
        4,
        0
      ]
    },
    {
      "Target": "Parameter",
      "Id": "ParamBrowLAngle",
      "FadeInTime": -1.0,
      "FadeOutTime": -1.0,
      "Segments": [
        0,
        0,
        0,
        4,
        0
      ]
    },
    {
      "Target": "Parameter",
      "Id": "ParamBrowLForm",
      "FadeInTime": -1.0,
      "FadeOutTime": -1.0,
      "Segments": [
        0,
        -1,
        0,
        4,
        -1
      ]
    },
    {
      "Target": "Parameter",
      "Id": "ParamBrowRAngle",
      "FadeInTime": -1.0,
      "FadeOutTime": -1.0,
      "Segments": [
        0,
        0,
        0,
        4,
        0
      ]
    },
    {
      "Target": "Parameter",
      "Id": "ParamBrowRForm",
      "FadeInTime": -1.0,
      "FadeOutTime": -1.0,
      "Segments": [
        0,
        -1,
        0,
        4,
        -1
      ]
    },
    {
      "Target": "Parameter",
      "Id": "EYEL",
      "FadeInTime": -1.0,
      "FadeOutTime": -1.0,
      "Segments": [
        0,
        0,
        0,
        4,
        0
      ]
    },
    {
      "Target": "Parameter",
      "Id": "EYER",
      "FadeInTime": -1.0,
      "FadeOutTime": -1.0,
      "Segments": [
        0,
        0,
        0,
        4,
        0
      ]
    },
    {
      "Target": "Parameter",
      "Id": "EYEB",
      "FadeInTime": -1.0,
      "FadeOutTime": -1.0,
      "Segments": [
        0,
        0,
        0,
        4,
        0
      ]
    },
    {
      "Target": "Parameter",
      "Id": "XINGXING",
      "FadeInTime": -1.0,
      "FadeOutTime": -1.0,
      "Segments": [
        0,
        0,
        0,
        4,
        0
      ]
    },
    {
      "Target": "Parameter",
      "Id": "AIXIN",
      "FadeInTime": -1.0,
      "FadeOutTime": -1.0,
      "Segments": [
        0,
        0,
        0,
        4,
        0
      ]
    },
    {
      "Target": "Parameter",
      "Id": "AIXIN2",
      "FadeInTime": -1.0,
      "FadeOutTime": -1.0,
      "Segments": [
        0,
        1,
        0,
        4,
        1
      ]
    },
    {
      "Target": "Parameter",
      "Id": "ldrq",
      "FadeInTime": -1.0,
      "FadeOutTime": -1.0,
      "Segments": [
        0,
        0,
        0,
        4,
        0
      ]
    },
    {
      "Target": "Parameter",
      "Id": "ldrq2",
      "FadeInTime": -1.0,
      "FadeOutTime": -1.0,
      "Segments": [
        0,
        0,
        0,
        4,
        0
      ]
    },
    {
      "Target": "Parameter",
      "Id": "ParamEyeBall_lightA",
      "FadeInTime": -1.0,
      "FadeOutTime": -1.0,
      "Segments": [
        0,
        0,
        0,
        4,
        0
      ]
    },
    {
      "Target": "Parameter",
      "Id": "ParamEyeBall_lightB",
      "FadeInTime": -1.0,
      "FadeOutTime": -1.0,
      "Segments": [
        0,
        0,
        0,
        4,
        0
      ]
    },
    {
      "Target": "Parameter",
      "Id": "ParamCheek",
      "FadeInTime": -1.0,
      "FadeOutTime": -1.0,
      "Segments": [
        0,
        0.7,
        0,
        4,
        0.7
      ]
    },
    {
      "Target": "Parameter",
      "Id": "sq",
      "FadeInTime": -1.0,
      "FadeOutTime": -1.0,
      "Segments": [
        0,
        0,
        0,
        4,
        0
      ]
    },
    {
      "Target": "Parameter",
      "Id": "hltmd",
      "FadeInTime": -1.0,
      "FadeOutTime": -1.0,
      "Segments": [
        0,
        0,
        0,
        4,
        0
      ]
    },
    {
      "Target": "Parameter",
      "Id": "ParamAngleX",
      "FadeInTime": -1.0,
      "FadeOutTime": -1.0,
      "Segments": [
        0,
        -13.54,
        0,
        4,
        -13.54
      ]
    },
    {
      "Target": "Parameter",
      "Id": "ParamAngleZ",
      "FadeInTime": -1.0,
      "FadeOutTime": -1.0,
      "Segments": [
        0,
        0,
        0,
        4,
        0
      ]
    },
    {
      "Target": "Parameter",
      "Id": "ParamAngleZA",
      "FadeInTime": -1.0,
      "FadeOutTime": -1.0,
      "Segments": [
        0,
        -9,
        0,
        4,
        -9
      ]
    },
    {
      "Target": "Parameter",
      "Id": "ParamAngleZB",
      "FadeInTime": -1.0,
      "FadeOutTime": -1.0,
      "Segments": [
        0,
        -11.123,
        0,
        4,
        -11.123
      ]
    },
    {
      "Target": "Parameter",
      "Id": "ParamBodyAngleX1",
      "FadeInTime": -1.0,
      "FadeOutTime": -1.0,
      "Segments": [
        0,
        -2.242,
        0,
        4,
        -2.242
      ]
    },
    {
      "Target": "Parameter",
      "Id": "Ljianshangxia",
      "FadeInTime": -1.0,
      "FadeOutTime": -1.0,
      "Segments": [
        0,
        0,
        0,
        4,
        0
      ]
    },
    {
      "Target": "Parameter",
      "Id": "rjianshangxia2",
      "FadeInTime": -1.0,
      "FadeOutTime": -1.0,
      "Segments": [
        0,
        30,
        0,
        4,
        30
      ]
    },
    {
      "Target": "Parameter",
      "Id": "ParamBodyAngleY2",
      "FadeInTime": -1.0,
      "FadeOutTime": -1.0,
      "Segments": [
        0,
        -3.789,
        0,
        4,
        -3.789
      ]
    },
    {
      "Target": "Parameter",
      "Id": "yaoz",
      "FadeInTime": -1.0,
      "FadeOutTime": -1.0,
      "Segments": [
        0,
        0,
        0,
        4,
        0
      ]
    },
    {
      "Target": "Parameter",
      "Id": "xsz",
      "FadeInTime": -1.0,
      "FadeOutTime": -1.0,
      "Segments": [
        0,
        0,
        0,
        4,
        0
      ]
    },
    {
      "Target": "Parameter",
      "Id": "opjyyy",
      "FadeInTime": -1.0,
      "FadeOutTime": -1.0,
      "Segments": [
        0,
        0,
        0,
        4,
        0
      ]
    },
    {
      "Target": "Parameter",
      "Id": "XQBLQ",
      "FadeInTime": -1.0,
      "FadeOutTime": -1.0,
      "Segments": [
        0,
        0,
        0,
        4,
        0
      ]
    },
    {
      "Target": "Parameter",
      "Id": "lkk",
      "FadeInTime": -1.0,
      "FadeOutTime": -1.0,
      "Segments": [
        0,
        0,
        0,
        4,
        0
      ]
    },
    {
      "Target": "Parameter",
      "Id": "Ltuixz4",
      "FadeInTime": -1.0,
      "FadeOutTime": -1.0,
      "Segments": [
        0,
        -1.011,
        0,
        4,
        -1.011
      ]
    },
    {
      "Target": "Parameter",
      "Id": "zbxz3",
      "FadeInTime": -1.0,
      "FadeOutTime": -1.0,
      "Segments": [
        0,
        -19,
        0,
        4,
        -19
      ]
    },
    {
      "Target": "Parameter",
      "Id": "zbxz4",
      "FadeInTime": -1.0,
      "FadeOutTime": -1.0,
      "Segments": [
        0,
        6,
        0,
        4,
        6
      ]
    },
    {
      "Target": "Parameter",
      "Id": "scsbqh",
      "FadeInTime": -1.0,
      "FadeOutTime": -1.0,
      "Segments": [
        0,
        0,
        0,
        4,
        0
      ]
    },
    {
      "Target": "Parameter",
      "Id": "scsbqh2",
      "FadeInTime": -1.0,
      "FadeOutTime": -1.0,
      "Segments": [
        0,
        0,
        0,
        4,
        0
      ]
    },
    {
      "Target": "Parameter",
      "Id": "lysdbl",
      "FadeInTime": -1.0,
      "FadeOutTime": -1.0,
      "Segments": [
        0,
        0,
        0,
        4,
        0
      ]
    },
    {
      "Target": "Parameter",
      "Id": "lysdbl2",
      "FadeInTime": -1.0,
      "FadeOutTime": -1.0,
      "Segments": [
        0,
        0,
        0,
        4,
        0
      ]
    },
    {
      "Target": "Parameter",
      "Id": "ysqh2",
      "FadeInTime": -1.0,
      "FadeOutTime": -1.0,
      "Segments": [
        0,
        1,
        0,
        4,
        1
      ]
    },
    {
      "Target": "Parameter",
      "Id": "ysbh3",
      "FadeInTime": -1.0,
      "FadeOutTime": -1.0,
      "Segments": [
        0,
        0,
        0,
        4,
        0
      ]
    },
    {
      "Target": "Parameter",
      "Id": "zhongzishensuo",
      "FadeInTime": -1.0,
      "FadeOutTime": -1.0,
      "Segments": [
        0,
        0,
        0,
        4,
        0
      ]
    },
    {
      "Target": "Parameter",
      "Id": "wumingzishensuo",
      "FadeInTime": -1.0,
      "FadeOutTime": -1.0,
      "Segments": [
        0,
        0,
        0,
        4,
        0
      ]
    },
    {
      "Target": "Parameter",
      "Id": "xiaomuzishensuo",
      "FadeInTime": -1.0,
      "FadeOutTime": -1.0,
      "Segments": [
        0,
        0,
        0,
        4,
        0
      ]
    },
    {
      "Target": "Parameter",
      "Id": "pigushouzhuahenshendu",
      "FadeInTime": -1.0,
      "FadeOutTime": -1.0,
      "Segments": [
        0,
        0,
        0,
        4,
        0
      ]
    },
    {
      "Target": "Parameter",
      "Id": "pgszhjd",
      "FadeInTime": -1.0,
      "FadeOutTime": -1.0,
      "Segments": [
        0,
        0,
        0,
        4,
        0
      ]
    },
    {
      "Target": "Parameter",
      "Id": "ysyxbtc",
      "FadeInTime": -1.0,
      "FadeOutTime": -1.0,
      "Segments": [
        0,
        1,
        0,
        4,
        1
      ]
    },
    {
      "Target": "Parameter",
      "Id": "yxbxz4",
      "FadeInTime": -1.0,
      "FadeOutTime": -1.0,
      "Segments": [
        0,
        -30,
        0,
        4,
        -30
      ]
    },
    {
      "Target": "Parameter",
      "Id": "yxbxz3",
      "FadeInTime": -1.0,
      "FadeOutTime": -1.0,
      "Segments": [
        0,
        0,
        0,
        4,
        0
      ]
    },
    {
      "Target": "Parameter",
      "Id": "mtdbtmd",
      "FadeInTime": -1.0,
      "FadeOutTime": -1.0,
      "Segments": [
        0,
        0,
        0,
        4,
        0
      ]
    },
    {
      "Target": "Parameter",
      "Id": "mtdbtmd2",
      "FadeInTime": -1.0,
      "FadeOutTime": -1.0,
      "Segments": [
        0,
        0,
        0,
        4,
        0
      ]
    },
    {
      "Target": "Parameter",
      "Id": "lysrdb",
      "FadeInTime": -1.0,
      "FadeOutTime": -1.0,
      "Segments": [
        0,
        0,
        0,
        4,
        0
      ]
    },
    {
      "Target": "Parameter",
      "Id": "lysrdb2",
      "FadeInTime": -1.0,
      "FadeOutTime": -1.0,
      "Segments": [
        0,
        0,
        0,
        4,
        0
      ]
    },
    {
      "Target": "Parameter",
      "Id": "ysqh",
      "FadeInTime": -1.0,
      "FadeOutTime": -1.0,
      "Segments": [
        0,
        3,
        0,
        4,
        3
      ]
    },
    {
      "Target": "Parameter",
      "Id": "xbtmd",
      "FadeInTime": -1.0,
      "FadeOutTime": -1.0,
      "Segments": [
        0,
        0,
        0,
        4,
        0
      ]
    },
    {
      "Target": "Parameter",
      "Id": "xbtmd5",
      "FadeInTime": -1.0,
      "FadeOutTime": -1.0,
      "Segments": [
        0,
        0,
        0,
        4,
        0
      ]
    },
    {
      "Target": "Parameter",
      "Id": "xbtmd2",
      "FadeInTime": -1.0,
      "FadeOutTime": -1.0,
      "Segments": [
        0,
        0,
        0,
        4,
        0
      ]
    },
    {
      "Target": "Parameter",
      "Id": "xbtmd3",
      "FadeInTime": -1.0,
      "FadeOutTime": -1.0,
      "Segments": [
        0,
        0,
        0,
        4,
        0
      ]
    },
    {
      "Target": "Parameter",
      "Id": "xbtmd4",
      "FadeInTime": -1.0,
      "FadeOutTime": -1.0,
      "Segments": [
        0,
        0,
        0,
        4,
        0
      ]
    },
    {
      "Target": "Parameter",
      "Id": "ysbh",
      "FadeInTime": -1.0,
      "FadeOutTime": -1.0,
      "Segments": [
        0,
        0,
        0,
        4,
        0
      ]
    },
    {
      "Target": "Parameter",
      "Id": "yxz",
      "FadeInTime": -1.0,
      "FadeOutTime": -1.0,
      "Segments": [
        0,
        0,
        0,
        4,
        0
      ]
    },
    {
      "Target": "Parameter",
      "Id": "yxz2",
      "FadeInTime": -1.0,
      "FadeOutTime": -1.0,
      "Segments": [
        0,
        0,
        0,
        4,
        0
      ]
    },
    {
      "Target": "Parameter",
      "Id": "dbxzx",
      "FadeInTime": -1.0,
      "FadeOutTime": -1.0,
      "Segments": [
        0,
        0.18,
        0,
        4,
        0.18
      ]
    },
    {
      "Target": "Parameter",
      "Id": "dbxzx2",
      "FadeInTime": -1.0,
      "FadeOutTime": -1.0,
      "Segments": [
        0,
        8.22,
        0,
        4,
        8.22
      ]
    },
    {
      "Target": "Parameter",
      "Id": "DJSBTMD",
      "FadeInTime": -1.0,
      "FadeOutTime": -1.0,
      "Segments": [
        0,
        10,
        0,
        4,
        10
      ]
    },
    {
      "Target": "Parameter",
      "Id": "djwlkg",
      "FadeInTime": -1.0,
      "FadeOutTime": -1.0,
      "Segments": [
        0,
        0,
        0,
        4,
        0
      ]
    },
    {
      "Target": "Parameter",
      "Id": "tzwl",
      "FadeInTime": -1.0,
      "FadeOutTime": -1.0,
      "Segments": [
        0,
        0,
        0,
        4,
        0
      ]
    },
    {
      "Target": "Parameter",
      "Id": "qswlx",
      "FadeInTime": -1.0,
      "FadeOutTime": -1.0,
      "Segments": [
        0,
        0,
        0,
        4,
        0
      ]
    },
    {
      "Target": "Parameter",
      "Id": "qswlx3",
      "FadeInTime": -1.0,
      "FadeOutTime": -1.0,
      "Segments": [
        0,
        0,
        0,
        4,
        0
      ]
    },
    {
      "Target": "Parameter",
      "Id": "qswlx4",
      "FadeInTime": -1.0,
      "FadeOutTime": -1.0,
      "Segments": [
        0,
        0,
        0,
        4,
        0
      ]
    },
    {
      "Target": "Parameter",
      "Id": "tbzwl",
      "FadeInTime": -1.0,
      "FadeOutTime": -1.0,
      "Segments": [
        0,
        0,
        0,
        4,
        0
      ]
    },
    {
      "Target": "Parameter",
      "Id": "qswlx2",
      "FadeInTime": -1.0,
      "FadeOutTime": -1.0,
      "Segments": [
        0,
        0,
        0,
        4,
        0
      ]
    }
  ],
  "UserData": [
    {
      "Time": 0.0,
      "Value": ""
    },
    {
      "Time": 3.5,
      "Value": ""
    }
  ]
}