{
  "Version": 3,
  "Meta": {
    "Duration": 4.0,
    "Fps": 60.0,
    "Loop": true,
    "AreBeziersRestricted": true,
    "FadeInTime": 0.0,
    "FadeOutTime": 0.0,
    "CurveCount": 326,
    "TotalSegmentCount": 965,
    "TotalPointCount": 1051,
    "UserDataCount": 2,
    "TotalUserDataSize": 0
  },
  "Curves": [
    {
      "Target": "Parameter",
      "Id": "yl2",
      "FadeInTime": -1.0,
      "FadeOutTime": -1.0,
      "Segments": [
        0,
        10,
        2,
        2.817,
        10,
        0,
        4,
        0
      ]
    },
    {
      "Target": "Parameter",
      "Id": "ppyztmd2",
      "FadeInTime": -1.0,
      "FadeOutTime": -1.0,
      "Segments": [
        0,
        0,
        2,
        0.25,
        0,
        2,
        0.533,
        0,
        0,
        0.717,
        1,
        2,
        2.817,
        1,
        0,
        4,
        0
      ]
    },
    {
      "Target": "Parameter",
      "Id": "czwl",
      "FadeInTime": -1.0,
      "FadeOutTime": -1.0,
      "Segments": [
        0,
        0,
        0,
        0.2,
        16,
        0,
        0.6,
        -17.141,
        0,
        1.033,
        7.019,
        0,
        1.567,
        -2.747,
        0,
        4,
        0
      ]
    },
    {
      "Target": "Parameter",
      "Id": "ParamEyeLOpen",
      "FadeInTime": -1.0,
      "FadeOutTime": -1.0,
      "Segments": [
        0,
        1,
        2,
        0.283,
        1,
        0,
        0.483,
        0,
        0,
        0.7,
        0.8,
        2,
        2.25,
        0.8,
        0,
        2.433,
        0,
        1,
        2.505,
        0,
        2.578,
        0.775,
        2.65,
        0.8,
        1,
        3.1,
        0.954,
        3.55,
        1,
        4,
        1
      ]
    },
    {
      "Target": "Parameter",
      "Id": "ParamEyeROpen",
      "FadeInTime": -1.0,
      "FadeOutTime": -1.0,
      "Segments": [
        0,
        1,
        2,
        0.283,
        1,
        0,
        0.483,
        0,
        0,
        0.7,
        0.8,
        2,
        2.25,
        0.8,
        0,
        2.433,
        0,
        1,
        2.505,
        0,
        2.578,
        0.775,
        2.65,
        0.8,
        1,
        3.1,
        0.954,
        3.55,
        1,
        4,
        1
      ]
    },
    {
      "Target": "Parameter",
      "Id": "ParamMouthForm",
      "FadeInTime": -1.0,
      "FadeOutTime": -1.0,
      "Segments": [
        0,
        -1,
        0,
        0.167,
        0,
        0,
        0.333,
        -1,
        0,
        0.5,
        -0.1,
        2,
        1.283,
        -0.1,
        0,
        2.1,
        -1,
        2,
        4,
        -1
      ]
    },
    {
      "Target": "Parameter",
      "Id": "ParamMouthOpenY",
      "FadeInTime": -1.0,
      "FadeOutTime": -1.0,
      "Segments": [
        0,
        0.5,
        0,
        0.167,
        0,
        1,
        0.222,
        0,
        0.278,
        0.389,
        0.333,
        0.5,
        1,
        0.389,
        0.611,
        0.444,
        0.6,
        0.5,
        0.6,
        2,
        1.283,
        0.6,
        0,
        2.1,
        0.5,
        2,
        4,
        0.5
      ]
    },
    {
      "Target": "Parameter",
      "Id": "ParamEyeBallX",
      "FadeInTime": -1.0,
      "FadeOutTime": -1.0,
      "Segments": [
        0,
        0,
        2,
        0.25,
        0,
        0,
        0.7,
        0.5,
        2,
        2.2,
        0.5,
        0,
        2.5,
        0,
        2,
        4,
        0
      ]
    },
    {
      "Target": "Parameter",
      "Id": "ParamEyeBallY",
      "FadeInTime": -1.0,
      "FadeOutTime": -1.0,
      "Segments": [
        0,
        0,
        2,
        0.25,
        0,
        0,
        0.7,
        -1,
        2,
        2.2,
        -1,
        0,
        2.5,
        0,
        2,
        4,
        0
      ]
    },
    {
      "Target": "Parameter",
      "Id": "yanzhusuofang",
      "FadeInTime": -1.0,
      "FadeOutTime": -1.0,
      "Segments": [
        0,
        0,
        0,
        0.733,
        -0.3,
        2,
        2.25,
        -0.3,
        0,
        4,
        0
      ]
    },
    {
      "Target": "Parameter",
      "Id": "KOUSHUI",
      "FadeInTime": -1.0,
      "FadeOutTime": -1.0,
      "Segments": [
        0,
        0,
        2,
        0.467,
        0,
        0,
        0.717,
        1,
        2,
        2.967,
        1,
        0,
        4,
        0
      ]
    },
    {
      "Target": "Parameter",
      "Id": "AIXIN2",
      "FadeInTime": -1.0,
      "FadeOutTime": -1.0,
      "Segments": [
        0,
        0,
        0,
        0.717,
        1,
        2,
        2.4,
        1,
        0,
        2.933,
        0,
        2,
        4,
        0
      ]
    },
    {
      "Target": "Parameter",
      "Id": "ParamCheek",
      "FadeInTime": -1.0,
      "FadeOutTime": -1.0,
      "Segments": [
        0,
        0.4,
        2,
        0.483,
        0.4,
        0,
        0.867,
        0.8,
        2,
        1.317,
        0.8,
        2,
        2.333,
        0.8,
        0,
        4,
        0.4
      ]
    },
    {
      "Target": "Parameter",
      "Id": "ParamAngleX",
      "FadeInTime": -1.0,
      "FadeOutTime": -1.0,
      "Segments": [
        0,
        4.121,
        0,
        0.417,
        -5,
        0,
        1,
        6.518,
        0,
        1.6,
        -5,
        0,
        2.767,
        6.518,
        0,
        4,
        4.121
      ]
    },
    {
      "Target": "Parameter",
      "Id": "ParamAngleY",
      "FadeInTime": -1.0,
      "FadeOutTime": -1.0,
      "Segments": [
        0,
        -13.875,
        1,
        0.028,
        -13.875,
        0.055,
        -14.673,
        0.083,
        -17,
        1,
        0.183,
        -25.378,
        0.283,
        -30,
        0.383,
        -30,
        0,
        0.783,
        2.014,
        0,
        1.433,
        -22,
        0,
        2.45,
        -3,
        0,
        4,
        -13.875
      ]
    },
    {
      "Target": "Parameter",
      "Id": "ParamBodyAngleX1",
      "FadeInTime": -1.0,
      "FadeOutTime": -1.0,
      "Segments": [
        0,
        -2.242,
        0,
        0.067,
        -1.967,
        0,
        0.333,
        -10,
        0,
        0.8,
        6,
        0,
        1.4,
        -7.42,
        0,
        2.317,
        7,
        0,
        4,
        -2.242
      ]
    },
    {
      "Target": "Parameter",
      "Id": "ParamBodyAngleY1",
      "FadeInTime": -1.0,
      "FadeOutTime": -1.0,
      "Segments": [
        0,
        7.318,
        0,
        0.233,
        0,
        0,
        0.65,
        10,
        0,
        1.167,
        5,
        0,
        1.867,
        10,
        0,
        4,
        7.318
      ]
    },
    {
      "Target": "Parameter",
      "Id": "yaoz3",
      "FadeInTime": -1.0,
      "FadeOutTime": -1.0,
      "Segments": [
        0,
        17.975,
        0,
        0.367,
        -18,
        0,
        0.767,
        30,
        0,
        1.333,
        6.014,
        0,
        2.333,
        23.043,
        0,
        4,
        17.975
      ]
    },
    {
      "Target": "Parameter",
      "Id": "yaoz4",
      "FadeInTime": -1.0,
      "FadeOutTime": -1.0,
      "Segments": [
        0,
        3.457,
        0,
        0.267,
        -22,
        0,
        0.683,
        30,
        0,
        1.2,
        -5,
        0,
        1.9,
        18.158,
        0,
        4,
        3.457
      ]
    },
    {
      "Target": "Parameter",
      "Id": "qsy",
      "FadeInTime": -1.0,
      "FadeOutTime": -1.0,
      "Segments": [
        0,
        25.312,
        0,
        0.2,
        29.802,
        0,
        0.6,
        -27.577,
        0,
        1.033,
        20,
        0,
        1.567,
        -8,
        0,
        2.65,
        30,
        0,
        4,
        25.312
      ]
    },
    {
      "Target": "Parameter",
      "Id": "zbxz",
      "FadeInTime": -1.0,
      "FadeOutTime": -1.0,
      "Segments": [
        0,
        -9.12,
        0,
        0.3,
        -10.74,
        0,
        0.783,
        -6,
        0,
        1.3,
        -10.278,
        0,
        2.167,
        -7.439,
        0,
        4,
        -9.12
      ]
    },
    {
      "Target": "Parameter",
      "Id": "zbxz2",
      "FadeInTime": -1.0,
      "FadeOutTime": -1.0,
      "Segments": [
        0,
        -0.14,
        0,
        0.433,
        -2,
        0,
        0.967,
        1,
        0,
        1.4,
        -0.363,
        0,
        2.45,
        0.456,
        0,
        4,
        -0.14
      ]
    },
    {
      "Target": "Parameter",
      "Id": "zsxz",
      "FadeInTime": -1.0,
      "FadeOutTime": -1.0,
      "Segments": [
        0,
        -7.56,
        0,
        0.217,
        -1.86,
        0,
        0.55,
        -13,
        0,
        1.133,
        -2.424,
        0,
        1.767,
        -11,
        0,
        3.017,
        -5.528,
        0,
        4,
        -7.56
      ]
    },
    {
      "Target": "Parameter",
      "Id": "lhwl1",
      "FadeInTime": -1.0,
      "FadeOutTime": -1.0,
      "Segments": [
        0,
        0,
        0,
        0.15,
        -5.218,
        0,
        0.383,
        15.515,
        0,
        0.717,
        -18.994,
        0,
        1.15,
        11.577,
        0,
        1.683,
        -4.65,
        0,
        1.933,
        -3.363,
        0,
        2.083,
        -3.538,
        2,
        2.1,
        -3.538,
        0,
        2.117,
        -3.543,
        0,
        2.9,
        1.592,
        0,
        2.917,
        1.589,
        0,
        2.933,
        1.59,
        0,
        2.95,
        1.587,
        0,
        2.967,
        1.59,
        0,
        2.983,
        1.589,
        0,
        3.283,
        1.804,
        1,
        3.522,
        1.804,
        3.761,
        1.276,
        4,
        0
      ]
    },
    {
      "Target": "Parameter",
      "Id": "lhwl2",
      "FadeInTime": -1.0,
      "FadeOutTime": -1.0,
      "Segments": [
        0,
        0,
        0,
        0.117,
        3.583,
        0,
        0.317,
        -11.572,
        0,
        0.583,
        18.067,
        0,
        0.883,
        -16.911,
        0,
        1.267,
        7.872,
        0,
        1.767,
        -1.62,
        0,
        2.083,
        0.755,
        0,
        2.417,
        -1.099,
        0,
        2.917,
        0.21,
        0,
        3.2,
        -0.146,
        0,
        3.567,
        0.228,
        0,
        3.583,
        0.226,
        0,
        3.6,
        0.228,
        0,
        3.633,
        0.219,
        2,
        3.65,
        0.219,
        0,
        3.667,
        0.214,
        0,
        3.683,
        0.215,
        0,
        3.7,
        0.21,
        0,
        3.717,
        0.211,
        0,
        3.733,
        0.209,
        0,
        3.75,
        0.211,
        0,
        3.767,
        0.21,
        2,
        3.783,
        0.21,
        1,
        3.855,
        0.21,
        3.928,
        0.196,
        4,
        0
      ]
    },
    {
      "Target": "Parameter",
      "Id": "lhwl3",
      "FadeInTime": -1.0,
      "FadeOutTime": -1.0,
      "Segments": [
        0,
        0,
        0,
        0.2,
        2.458,
        0,
        0.433,
        -11.009,
        0,
        0.7,
        20.806,
        0,
        1,
        -22.743,
        0,
        1.35,
        13.845,
        0,
        1.717,
        -3.929,
        0,
        2.15,
        1.298,
        0,
        2.517,
        -1.569,
        0,
        2.9,
        0.464,
        0,
        3.283,
        -0.241,
        0,
        3.667,
        0.318,
        0,
        3.9,
        0.201,
        2,
        3.917,
        0.201,
        0,
        4,
        0
      ]
    },
    {
      "Target": "Parameter",
      "Id": "lhwl4",
      "FadeInTime": -1.0,
      "FadeOutTime": -1.0,
      "Segments": [
        0,
        0,
        0,
        0.283,
        1.822,
        0,
        0.533,
        -10.731,
        0,
        0.8,
        23.87,
        0,
        1.117,
        -29.17,
        0,
        1.467,
        21.643,
        0,
        1.817,
        -9.253,
        0,
        2.183,
        3.07,
        0,
        2.583,
        -2.265,
        0,
        2.967,
        0.969,
        0,
        3.35,
        -0.443,
        0,
        3.75,
        0.453,
        0,
        4,
        0
      ]
    },
    {
      "Target": "Parameter",
      "Id": "lhwl5",
      "FadeInTime": -1.0,
      "FadeOutTime": -1.0,
      "Segments": [
        0,
        0,
        0,
        0.283,
        1.822,
        0,
        0.533,
        -10.731,
        0,
        0.8,
        23.87,
        0,
        1.117,
        -29.17,
        0,
        1.467,
        21.643,
        0,
        1.817,
        -9.253,
        0,
        2.183,
        3.07,
        0,
        2.583,
        -2.265,
        0,
        2.967,
        0.969,
        0,
        3.35,
        -0.443,
        0,
        3.75,
        0.453,
        0,
        4,
        0
      ]
    },
    {
      "Target": "Parameter",
      "Id": "lhwl6",
      "FadeInTime": -1.0,
      "FadeOutTime": -1.0,
      "Segments": [
        0,
        0,
        0,
        0.167,
        -4.378,
        0,
        0.45,
        9.363,
        0,
        0.817,
        -12.832,
        0,
        1.217,
        13.296,
        0,
        1.65,
        -10.726,
        0,
        2.083,
        5.646,
        0,
        2.483,
        -3.133,
        0,
        2.883,
        2.906,
        0,
        3.317,
        -1.273,
        0,
        3.7,
        0.867,
        1,
        3.8,
        0.867,
        3.9,
        0.705,
        4,
        0
      ]
    },
    {
      "Target": "Parameter",
      "Id": "lhwl7",
      "FadeInTime": -1.0,
      "FadeOutTime": -1.0,
      "Segments": [
        0,
        0,
        0,
        0.117,
        2.133,
        0,
        0.35,
        -11.631,
        0,
        0.65,
        23.673,
        0,
        1.017,
        -29.11,
        0,
        1.433,
        27.205,
        0,
        1.867,
        -20.652,
        0,
        2.283,
        9.744,
        0,
        2.667,
        -7.73,
        0,
        3.1,
        6.589,
        0,
        3.517,
        -1.688,
        0,
        3.9,
        2.757,
        1,
        3.933,
        2.757,
        3.967,
        0.55,
        4,
        0
      ]
    },
    {
      "Target": "Parameter",
      "Id": "lhwl8",
      "FadeInTime": -1.0,
      "FadeOutTime": -1.0,
      "Segments": [
        0,
        0,
        0,
        0.233,
        4.383,
        0,
        0.5,
        -14.414,
        0,
        0.8,
        24.347,
        0,
        1.15,
        -26.794,
        0,
        1.55,
        22.321,
        0,
        1.967,
        -15.671,
        0,
        2.383,
        10.34,
        0,
        2.8,
        -7.674,
        0,
        3.2,
        4.962,
        0,
        3.617,
        -2.894,
        1,
        3.745,
        -2.894,
        3.872,
        -2.065,
        4,
        0
      ]
    },
    {
      "Target": "Parameter",
      "Id": "lhwl9",
      "FadeInTime": -1.0,
      "FadeOutTime": -1.0,
      "Segments": [
        0,
        0,
        0,
        0.333,
        3.818,
        0,
        0.617,
        -15.197,
        0,
        0.9,
        28.574,
        0,
        1.2,
        -30,
        2,
        1.283,
        -30,
        0,
        1.617,
        30,
        2,
        1.633,
        30,
        0,
        2.05,
        -21.457,
        0,
        2.467,
        14.777,
        0,
        2.883,
        -11.137,
        0,
        3.283,
        7.578,
        0,
        3.683,
        -4.577,
        1,
        3.789,
        -4.577,
        3.894,
        -3.495,
        4,
        0
      ]
    },
    {
      "Target": "Parameter",
      "Id": "lhwl10",
      "FadeInTime": -1.0,
      "FadeOutTime": -1.0,
      "Segments": [
        0,
        0,
        2,
        0.017,
        0,
        0,
        0.417,
        3.576,
        0,
        0.7,
        -16.174,
        0,
        0.967,
        30,
        2,
        1.017,
        30,
        0,
        1.25,
        -30,
        2,
        1.383,
        -30,
        0,
        1.633,
        30,
        2,
        1.767,
        30,
        0,
        2.117,
        -27.996,
        0,
        2.55,
        20.045,
        0,
        2.967,
        -15.609,
        0,
        3.367,
        11.239,
        0,
        3.767,
        -7.152,
        1,
        3.845,
        -7.152,
        3.922,
        -4.458,
        4,
        0
      ]
    },
    {
      "Target": "Parameter",
      "Id": "lhwl11",
      "FadeInTime": -1.0,
      "FadeOutTime": -1.0,
      "Segments": [
        0,
        0,
        0,
        0.167,
        -6.197,
        0,
        0.483,
        12.174,
        0,
        0.867,
        -16.225,
        0,
        1.283,
        14.826,
        0,
        1.717,
        -11.147,
        0,
        2.133,
        6.14,
        0,
        2.533,
        -3.869,
        0,
        2.95,
        3.266,
        0,
        3.367,
        -1.653,
        0,
        3.767,
        1.038,
        1,
        3.845,
        1.038,
        3.922,
        0.789,
        4,
        0
      ]
    },
    {
      "Target": "Parameter",
      "Id": "lhwl12",
      "FadeInTime": -1.0,
      "FadeOutTime": -1.0,
      "Segments": [
        0,
        0,
        0,
        0.117,
        3.075,
        0,
        0.35,
        -15.84,
        0,
        0.683,
        29.839,
        0,
        1.017,
        -30,
        2,
        1.117,
        -30,
        0,
        1.483,
        28.537,
        0,
        1.917,
        -21.095,
        0,
        2.333,
        11.256,
        0,
        2.733,
        -9.202,
        0,
        3.15,
        7.225,
        0,
        3.567,
        -2.747,
        0,
        3.967,
        2.847,
        1,
        3.978,
        2.847,
        3.989,
        0.136,
        4,
        0
      ]
    },
    {
      "Target": "Parameter",
      "Id": "lhwl13",
      "FadeInTime": -1.0,
      "FadeOutTime": -1.0,
      "Segments": [
        0,
        0,
        0,
        0.25,
        6.368,
        0,
        0.517,
        -18.256,
        0,
        0.833,
        27.875,
        0,
        1.2,
        -29.219,
        0,
        1.6,
        22.708,
        0,
        2.033,
        -16.341,
        0,
        2.45,
        11.439,
        0,
        2.85,
        -8.741,
        0,
        3.267,
        5.872,
        0,
        3.667,
        -3.538,
        1,
        3.778,
        -3.538,
        3.889,
        -2.695,
        4,
        0
      ]
    },
    {
      "Target": "Parameter",
      "Id": "lhwl14",
      "FadeInTime": -1.0,
      "FadeOutTime": -1.0,
      "Segments": [
        0,
        0,
        0,
        0.333,
        5.584,
        0,
        0.617,
        -19.864,
        0,
        0.883,
        30,
        2,
        0.95,
        30,
        0,
        1.217,
        -30,
        2,
        1.333,
        -30,
        0,
        1.667,
        30,
        2,
        1.683,
        30,
        0,
        2.1,
        -21.706,
        0,
        2.533,
        16.002,
        0,
        2.933,
        -12.483,
        0,
        3.35,
        8.848,
        0,
        3.75,
        -5.54,
        1,
        3.833,
        -5.54,
        3.917,
        -3.734,
        4,
        0
      ]
    },
    {
      "Target": "Parameter",
      "Id": "lhwl15",
      "FadeInTime": -1.0,
      "FadeOutTime": -1.0,
      "Segments": [
        0,
        0,
        2,
        0.017,
        0,
        0,
        0.433,
        5.316,
        0,
        0.7,
        -21.305,
        0,
        0.95,
        30,
        2,
        1.05,
        30,
        0,
        1.267,
        -30,
        2,
        1.417,
        -30,
        0,
        1.683,
        30,
        2,
        1.8,
        30,
        0,
        2.183,
        -27.517,
        0,
        2.617,
        21.12,
        0,
        3.017,
        -17.183,
        0,
        3.433,
        12.892,
        0,
        3.833,
        -8.435,
        1,
        3.889,
        -8.435,
        3.944,
        -3.409,
        4,
        0
      ]
    },
    {
      "Target": "Parameter",
      "Id": "mwwl1",
      "FadeInTime": -1.0,
      "FadeOutTime": -1.0,
      "Segments": [
        0,
        0,
        0,
        0.167,
        -14.825,
        0,
        0.45,
        26.474,
        0,
        0.817,
        -29.717,
        0,
        1.2,
        23.567,
        0,
        1.633,
        -12.382,
        0,
        2,
        1.692,
        0,
        2.317,
        -3.239,
        0,
        2.767,
        3.054,
        0,
        3.133,
        0.627,
        0,
        3.433,
        1.438,
        1,
        3.622,
        1.438,
        3.811,
        1.03,
        4,
        0
      ]
    },
    {
      "Target": "Parameter",
      "Id": "mwwl2",
      "FadeInTime": -1.0,
      "FadeOutTime": -1.0,
      "Segments": [
        0,
        0,
        0,
        0.133,
        7.785,
        0,
        0.35,
        -17.655,
        0,
        0.667,
        28.167,
        0,
        0.983,
        -30,
        2,
        1.067,
        -30,
        0,
        1.4,
        27.651,
        0,
        1.783,
        -18.408,
        0,
        2.167,
        11.297,
        0,
        2.533,
        -7.164,
        0,
        2.917,
        4.521,
        0,
        3.283,
        -2.648,
        0,
        3.65,
        1.665,
        1,
        3.767,
        1.665,
        3.883,
        1.172,
        4,
        0
      ]
    },
    {
      "Target": "Parameter",
      "Id": "mwwl3",
      "FadeInTime": -1.0,
      "FadeOutTime": -1.0,
      "Segments": [
        0,
        0,
        0,
        0.233,
        5.64,
        0,
        0.5,
        -19.537,
        0,
        0.75,
        30,
        2,
        0.833,
        30,
        0,
        1.067,
        -30,
        2,
        1.25,
        -30,
        0,
        1.467,
        30,
        2,
        1.65,
        30,
        0,
        1.9,
        -30,
        2,
        2.017,
        -30,
        0,
        2.333,
        25.692,
        0,
        2.7,
        -18.579,
        0,
        3.067,
        13.097,
        0,
        3.433,
        -8.733,
        0,
        3.817,
        5.827,
        1,
        3.878,
        5.827,
        3.939,
        2.894,
        4,
        0
      ]
    },
    {
      "Target": "Parameter",
      "Id": "mwwl4",
      "FadeInTime": -1.0,
      "FadeOutTime": -1.0,
      "Segments": [
        0,
        0,
        0,
        0.333,
        4.404,
        0,
        0.633,
        -20.581,
        0,
        0.85,
        30,
        2,
        0.967,
        30,
        0,
        1.167,
        -30,
        2,
        1.417,
        -30,
        0,
        1.583,
        30,
        2,
        1.817,
        30,
        0,
        2,
        -30,
        2,
        2.217,
        -30,
        0,
        2.417,
        30,
        2,
        2.583,
        30,
        0,
        2.833,
        -30,
        2,
        2.933,
        -30,
        0,
        3.25,
        27.261,
        0,
        3.617,
        -20.647,
        0,
        3.983,
        15.315,
        1,
        3.989,
        15.315,
        3.994,
        0.355,
        4,
        0
      ]
    },
    {
      "Target": "Parameter",
      "Id": "mwwl5",
      "FadeInTime": -1.0,
      "FadeOutTime": -1.0,
      "Segments": [
        0,
        0,
        2,
        0.033,
        0,
        0,
        0.45,
        4.303,
        0,
        0.733,
        -21.287,
        0,
        0.933,
        30,
        2,
        1.067,
        30,
        0,
        1.267,
        -30,
        2,
        1.333,
        -30,
        0,
        1.35,
        30,
        2,
        1.4,
        30,
        0,
        1.483,
        -30,
        2,
        1.683,
        -30,
        0,
        1.833,
        29.717,
        0,
        2.1,
        -30,
        2,
        2.267,
        -30,
        0,
        2.283,
        30,
        2,
        2.683,
        30,
        0,
        2.9,
        -30,
        2,
        3.133,
        -30,
        0,
        3.333,
        30,
        2,
        3.5,
        30,
        0,
        3.733,
        -30,
        2,
        3.85,
        -30,
        1,
        3.9,
        -30,
        3.95,
        -19.915,
        4,
        0
      ]
    },
    {
      "Target": "Parameter",
      "Id": "mwwl6",
      "FadeInTime": -1.0,
      "FadeOutTime": -1.0,
      "Segments": [
        0,
        0,
        0,
        0.167,
        15.088,
        0,
        0.45,
        -26.945,
        0,
        0.8,
        30,
        2,
        0.817,
        30,
        0,
        1.2,
        -23.986,
        0,
        1.633,
        12.602,
        0,
        2,
        -1.722,
        0,
        2.317,
        3.296,
        0,
        2.767,
        -3.108,
        0,
        3.133,
        -0.639,
        0,
        3.433,
        -1.464,
        1,
        3.622,
        -1.464,
        3.811,
        -1.048,
        4,
        0
      ]
    },
    {
      "Target": "Parameter",
      "Id": "mwwl7",
      "FadeInTime": -1.0,
      "FadeOutTime": -1.0,
      "Segments": [
        0,
        0,
        0,
        0.133,
        -7.785,
        0,
        0.35,
        17.655,
        0,
        0.667,
        -28.167,
        0,
        0.983,
        30,
        2,
        1.067,
        30,
        0,
        1.4,
        -27.651,
        0,
        1.783,
        18.408,
        0,
        2.167,
        -11.297,
        0,
        2.533,
        7.164,
        0,
        2.917,
        -4.521,
        0,
        3.283,
        2.648,
        0,
        3.65,
        -1.665,
        1,
        3.767,
        -1.665,
        3.883,
        -1.172,
        4,
        0
      ]
    },
    {
      "Target": "Parameter",
      "Id": "mwwl8",
      "FadeInTime": -1.0,
      "FadeOutTime": -1.0,
      "Segments": [
        0,
        0,
        0,
        0.233,
        -5.64,
        0,
        0.5,
        19.537,
        0,
        0.75,
        -30,
        2,
        0.833,
        -30,
        0,
        1.067,
        30,
        2,
        1.25,
        30,
        0,
        1.467,
        -30,
        2,
        1.65,
        -30,
        0,
        1.9,
        30,
        2,
        2.017,
        30,
        0,
        2.333,
        -25.692,
        0,
        2.7,
        18.579,
        0,
        3.067,
        -13.097,
        0,
        3.433,
        8.733,
        0,
        3.817,
        -5.827,
        1,
        3.878,
        -5.827,
        3.939,
        -2.894,
        4,
        0
      ]
    },
    {
      "Target": "Parameter",
      "Id": "mwwl9",
      "FadeInTime": -1.0,
      "FadeOutTime": -1.0,
      "Segments": [
        0,
        0,
        0,
        0.333,
        -4.404,
        0,
        0.633,
        20.581,
        0,
        0.85,
        -30,
        2,
        0.967,
        -30,
        0,
        1.167,
        30,
        2,
        1.417,
        30,
        0,
        1.583,
        -30,
        2,
        1.817,
        -30,
        0,
        2,
        30,
        2,
        2.217,
        30,
        0,
        2.417,
        -30,
        2,
        2.583,
        -30,
        0,
        2.833,
        30,
        2,
        2.933,
        30,
        0,
        3.25,
        -27.261,
        0,
        3.617,
        20.647,
        0,
        3.983,
        -15.315,
        1,
        3.989,
        -15.315,
        3.994,
        -0.355,
        4,
        0
      ]
    },
    {
      "Target": "Parameter",
      "Id": "mwwl10",
      "FadeInTime": -1.0,
      "FadeOutTime": -1.0,
      "Segments": [
        0,
        0,
        2,
        0.033,
        0,
        0,
        0.45,
        -4.303,
        0,
        0.733,
        21.287,
        0,
        0.933,
        -30,
        2,
        1.067,
        -30,
        0,
        1.267,
        30,
        2,
        1.333,
        30,
        0,
        1.35,
        -30,
        2,
        1.4,
        -30,
        0,
        1.483,
        30,
        2,
        1.683,
        30,
        0,
        1.833,
        -29.717,
        0,
        2.1,
        30,
        2,
        2.267,
        30,
        0,
        2.283,
        -30,
        2,
        2.683,
        -30,
        0,
        2.9,
        30,
        2,
        3.133,
        30,
        0,
        3.333,
        -30,
        2,
        3.5,
        -30,
        0,
        3.733,
        30,
        2,
        3.85,
        30,
        1,
        3.9,
        30,
        3.95,
        19.915,
        4,
        0
      ]
    },
    {
      "Target": "Parameter",
      "Id": "xbkz",
      "FadeInTime": -1.0,
      "FadeOutTime": -1.0,
      "Segments": [
        0,
        0,
        0,
        0.2,
        29.802,
        0,
        0.6,
        -27.577,
        0,
        1.033,
        20,
        0,
        1.567,
        -8,
        0,
        2.65,
        30,
        0,
        4,
        0
      ]
    },
    {
      "Target": "Parameter",
      "Id": "xbkz2",
      "FadeInTime": -1.0,
      "FadeOutTime": -1.0,
      "Segments": [
        0,
        0,
        0,
        0.2,
        29.802,
        0,
        0.6,
        -27.577,
        0,
        1.033,
        20,
        0,
        1.567,
        -8,
        0,
        2.65,
        30,
        0,
        4,
        0
      ]
    },
    {
      "Target": "Parameter",
      "Id": "yxx1",
      "FadeInTime": -1.0,
      "FadeOutTime": -1.0,
      "Segments": [
        0,
        0,
        0,
        0.15,
        18.178,
        0,
        0.367,
        -30,
        2,
        0.383,
        -30,
        0,
        0.7,
        28.321,
        0,
        1.067,
        -15.684,
        0,
        1.4,
        1.749,
        0,
        1.483,
        1.331,
        0,
        1.683,
        4.075,
        0,
        1.95,
        1.421,
        0,
        2.15,
        2.147,
        0,
        2.733,
        -1.732,
        0,
        2.983,
        -0.879,
        0,
        3.233,
        -1.293,
        1,
        3.489,
        -1.293,
        3.744,
        -0.896,
        4,
        0
      ]
    },
    {
      "Target": "Parameter",
      "Id": "yxx2",
      "FadeInTime": -1.0,
      "FadeOutTime": -1.0,
      "Segments": [
        0,
        0,
        0,
        0.117,
        -10.895,
        0,
        0.283,
        29.531,
        0,
        0.5,
        -30,
        2,
        0.617,
        -30,
        0,
        0.833,
        30,
        2,
        0.883,
        30,
        0,
        1.217,
        -16.264,
        0,
        1.5,
        3.21,
        0,
        1.667,
        -2.124,
        0,
        1.9,
        3.049,
        0,
        2.117,
        0.71,
        0,
        2.367,
        2.752,
        0,
        2.917,
        -1.193,
        0,
        3.15,
        -0.351,
        0,
        3.417,
        -1.423,
        0,
        3.733,
        -0.778,
        2,
        3.75,
        -0.778,
        0,
        3.783,
        -0.771,
        0,
        3.8,
        -0.776,
        0,
        3.817,
        -0.775,
        0,
        3.833,
        -0.778,
        1,
        3.889,
        -0.778,
        3.944,
        -0.516,
        4,
        0
      ]
    },
    {
      "Target": "Parameter",
      "Id": "yxrx1",
      "FadeInTime": -1.0,
      "FadeOutTime": -1.0,
      "Segments": [
        0,
        0,
        0,
        0.2,
        -10.618,
        0,
        0.4,
        28.066,
        0,
        0.6,
        -30,
        2,
        0.7,
        -30,
        0,
        0.9,
        30,
        2,
        1,
        30,
        0,
        1.283,
        -20.333,
        0,
        1.583,
        9.949,
        0,
        1.833,
        -4.651,
        0,
        2.067,
        2.255,
        0,
        2.283,
        -1.105,
        0,
        2.533,
        1.601,
        0,
        2.983,
        -0.595,
        0,
        3.267,
        0.657,
        0,
        3.55,
        -0.655,
        0,
        3.8,
        0.087,
        1,
        3.867,
        0.087,
        3.933,
        0.072,
        4,
        0
      ]
    },
    {
      "Target": "Parameter",
      "Id": "yxx3",
      "FadeInTime": -1.0,
      "FadeOutTime": -1.0,
      "Segments": [
        0,
        0,
        0,
        0.15,
        -18.178,
        0,
        0.367,
        30,
        2,
        0.383,
        30,
        0,
        0.7,
        -28.321,
        0,
        1.067,
        15.684,
        0,
        1.4,
        -1.749,
        0,
        1.483,
        -1.331,
        0,
        1.683,
        -4.075,
        0,
        1.95,
        -1.421,
        0,
        2.15,
        -2.147,
        0,
        2.733,
        1.732,
        0,
        2.983,
        0.879,
        0,
        3.233,
        1.293,
        1,
        3.489,
        1.293,
        3.744,
        0.896,
        4,
        0
      ]
    },
    {
      "Target": "Parameter",
      "Id": "yxx4",
      "FadeInTime": -1.0,
      "FadeOutTime": -1.0,
      "Segments": [
        0,
        0,
        0,
        0.117,
        10.895,
        0,
        0.283,
        -29.531,
        0,
        0.5,
        30,
        2,
        0.617,
        30,
        0,
        0.833,
        -30,
        2,
        0.883,
        -30,
        0,
        1.217,
        16.264,
        0,
        1.5,
        -3.21,
        0,
        1.667,
        2.124,
        0,
        1.9,
        -3.049,
        0,
        2.117,
        -0.71,
        0,
        2.367,
        -2.752,
        0,
        2.917,
        1.193,
        0,
        3.15,
        0.351,
        0,
        3.417,
        1.423,
        0,
        3.733,
        0.778,
        2,
        3.75,
        0.778,
        0,
        3.783,
        0.771,
        0,
        3.8,
        0.776,
        0,
        3.817,
        0.775,
        0,
        3.833,
        0.778,
        1,
        3.889,
        0.778,
        3.944,
        0.516,
        4,
        0
      ]
    },
    {
      "Target": "Parameter",
      "Id": "yxrx4",
      "FadeInTime": -1.0,
      "FadeOutTime": -1.0,
      "Segments": [
        0,
        0,
        0,
        0.2,
        10.618,
        0,
        0.4,
        -28.066,
        0,
        0.6,
        30,
        2,
        0.7,
        30,
        0,
        0.9,
        -30,
        2,
        1,
        -30,
        0,
        1.283,
        20.333,
        0,
        1.583,
        -9.949,
        0,
        1.833,
        4.651,
        0,
        2.067,
        -2.255,
        0,
        2.283,
        1.105,
        0,
        2.533,
        -1.601,
        0,
        2.983,
        0.595,
        0,
        3.267,
        -0.657,
        0,
        3.55,
        0.655,
        0,
        3.8,
        -0.087,
        1,
        3.867,
        -0.087,
        3.933,
        -0.072,
        4,
        0
      ]
    },
    {
      "Target": "Parameter",
      "Id": "yxrx2",
      "FadeInTime": -1.0,
      "FadeOutTime": -1.0,
      "Segments": [
        0,
        0,
        0,
        0.133,
        11.021,
        0,
        0.333,
        -20.7,
        0,
        0.667,
        28.112,
        0,
        1.033,
        -24.382,
        0,
        1.4,
        13.702,
        0,
        1.833,
        -4.962,
        0,
        2.183,
        1.673,
        0,
        2.567,
        -1.743,
        0,
        2.983,
        0.784,
        0,
        3.317,
        -0.301,
        0,
        3.717,
        0.488,
        0,
        3.733,
        0.486,
        0,
        3.75,
        0.489,
        0,
        3.85,
        0.469,
        0,
        3.867,
        0.47,
        1,
        3.878,
        0.47,
        3.889,
        0.474,
        3.9,
        0.466,
        1,
        3.933,
        0.444,
        3.967,
        0.158,
        4,
        0
      ]
    },
    {
      "Target": "Parameter",
      "Id": "yxrx3",
      "FadeInTime": -1.0,
      "FadeOutTime": -1.0,
      "Segments": [
        0,
        0,
        0,
        0.233,
        8.417,
        0,
        0.467,
        -20.68,
        0,
        0.767,
        28.899,
        0,
        1.15,
        -29.689,
        0,
        1.533,
        20.356,
        0,
        1.95,
        -9.061,
        0,
        2.317,
        3.714,
        0,
        2.683,
        -2.884,
        0,
        3.1,
        1.374,
        0,
        3.45,
        -0.606,
        0,
        3.833,
        0.712,
        1,
        3.889,
        0.712,
        3.944,
        0.246,
        4,
        0
      ]
    },
    {
      "Target": "Parameter",
      "Id": "yxrx5",
      "FadeInTime": -1.0,
      "FadeOutTime": -1.0,
      "Segments": [
        0,
        0,
        0,
        0.317,
        5.72,
        0,
        0.583,
        -21.349,
        0,
        0.85,
        30,
        2,
        0.9,
        30,
        0,
        1.2,
        -30,
        2,
        1.283,
        -30,
        0,
        1.65,
        26.869,
        0,
        2.05,
        -14.474,
        0,
        2.433,
        6.965,
        0,
        2.817,
        -4.798,
        0,
        3.217,
        2.459,
        0,
        3.583,
        -1.172,
        0,
        3.967,
        1.088,
        1,
        3.978,
        1.088,
        3.989,
        0.04,
        4,
        0
      ]
    },
    {
      "Target": "Parameter",
      "Id": "twl1",
      "FadeInTime": -1.0,
      "FadeOutTime": -1.0,
      "Segments": [
        0,
        0,
        0,
        0.15,
        -18.178,
        0,
        0.367,
        30,
        2,
        0.383,
        30,
        0,
        0.7,
        -28.321,
        0,
        1.067,
        15.684,
        0,
        1.4,
        -1.749,
        0,
        1.483,
        -1.331,
        0,
        1.683,
        -4.075,
        0,
        1.95,
        -1.421,
        0,
        2.15,
        -2.147,
        0,
        2.733,
        1.732,
        0,
        2.983,
        0.879,
        0,
        3.233,
        1.293,
        1,
        3.489,
        1.293,
        3.744,
        0.896,
        4,
        0
      ]
    },
    {
      "Target": "Parameter",
      "Id": "twl3",
      "FadeInTime": -1.0,
      "FadeOutTime": -1.0,
      "Segments": [
        0,
        0,
        0,
        0.117,
        10.895,
        0,
        0.283,
        -29.531,
        0,
        0.5,
        30,
        2,
        0.617,
        30,
        0,
        0.833,
        -30,
        2,
        0.883,
        -30,
        0,
        1.217,
        16.264,
        0,
        1.5,
        -3.21,
        0,
        1.667,
        2.124,
        0,
        1.9,
        -3.049,
        0,
        2.117,
        -0.71,
        0,
        2.367,
        -2.752,
        0,
        2.917,
        1.193,
        0,
        3.15,
        0.351,
        0,
        3.417,
        1.423,
        0,
        3.733,
        0.778,
        2,
        3.75,
        0.778,
        0,
        3.783,
        0.771,
        0,
        3.8,
        0.776,
        0,
        3.817,
        0.775,
        0,
        3.833,
        0.778,
        1,
        3.889,
        0.778,
        3.944,
        0.516,
        4,
        0
      ]
    },
    {
      "Target": "Parameter",
      "Id": "twl2",
      "FadeInTime": -1.0,
      "FadeOutTime": -1.0,
      "Segments": [
        0,
        0,
        0,
        0.2,
        10.618,
        0,
        0.4,
        -28.066,
        0,
        0.6,
        30,
        2,
        0.7,
        30,
        0,
        0.9,
        -30,
        2,
        1,
        -30,
        0,
        1.283,
        20.333,
        0,
        1.583,
        -9.949,
        0,
        1.833,
        4.651,
        0,
        2.067,
        -2.255,
        0,
        2.283,
        1.105,
        0,
        2.533,
        -1.601,
        0,
        2.983,
        0.595,
        0,
        3.267,
        -0.657,
        0,
        3.55,
        0.655,
        0,
        3.8,
        -0.087,
        1,
        3.867,
        -0.087,
        3.933,
        -0.072,
        4,
        0
      ]
    },
    {
      "Target": "Parameter",
      "Id": "touch_drag11",
      "FadeInTime": -1.0,
      "FadeOutTime": -1.0,
      "Segments": [
        0,
        0,
        0,
        4,
        0
      ]
    },
    {
      "Target": "Parameter",
      "Id": "Paramtouch_idle1",
      "FadeInTime": -1.0,
      "FadeOutTime": -1.0,
      "Segments": [
        0,
        0,
        0,
        4,
        0
      ]
    },
    {
      "Target": "Parameter",
      "Id": "Paramtouch_idle2",
      "FadeInTime": -1.0,
      "FadeOutTime": -1.0,
      "Segments": [
        0,
        0,
        0,
        4,
        0
      ]
    },
    {
      "Target": "Parameter",
      "Id": "Paramtouch_idle3",
      "FadeInTime": -1.0,
      "FadeOutTime": -1.0,
      "Segments": [
        0,
        0,
        0,
        4,
        0
      ]
    },
    {
      "Target": "Parameter",
      "Id": "Paramtouch_idle4",
      "FadeInTime": -1.0,
      "FadeOutTime": -1.0,
      "Segments": [
        0,
        0,
        0,
        4,
        0
      ]
    },
    {
      "Target": "Parameter",
      "Id": "Paramtouch_idle5",
      "FadeInTime": -1.0,
      "FadeOutTime": -1.0,
      "Segments": [
        0,
        0,
        0,
        4,
        0
      ]
    },
    {
      "Target": "Parameter",
      "Id": "Paramtouch_idle6",
      "FadeInTime": -1.0,
      "FadeOutTime": -1.0,
      "Segments": [
        0,
        0,
        0,
        4,
        0
      ]
    },
    {
      "Target": "Parameter",
      "Id": "Paramtouch_idle7",
      "FadeInTime": -1.0,
      "FadeOutTime": -1.0,
      "Segments": [
        0,
        0,
        0,
        4,
        0
      ]
    },
    {
      "Target": "Parameter",
      "Id": "Paramtouch_idle8",
      "FadeInTime": -1.0,
      "FadeOutTime": -1.0,
      "Segments": [
        0,
        0,
        0,
        4,
        0
      ]
    },
    {
      "Target": "Parameter",
      "Id": "Paramtouch_idle9",
      "FadeInTime": -1.0,
      "FadeOutTime": -1.0,
      "Segments": [
        0,
        0,
        0,
        4,
        0
      ]
    },
    {
      "Target": "Parameter",
      "Id": "Paramtouch_idle10",
      "FadeInTime": -1.0,
      "FadeOutTime": -1.0,
      "Segments": [
        0,
        0,
        0,
        4,
        0
      ]
    },
    {
      "Target": "Parameter",
      "Id": "Paramtouch_idle11",
      "FadeInTime": -1.0,
      "FadeOutTime": -1.0,
      "Segments": [
        0,
        0,
        0,
        4,
        0
      ]
    },
    {
      "Target": "Parameter",
      "Id": "Paramtouch_idle12",
      "FadeInTime": -1.0,
      "FadeOutTime": -1.0,
      "Segments": [
        0,
        0,
        0,
        4,
        0
      ]
    },
    {
      "Target": "Parameter",
      "Id": "Paramtouch_idle13",
      "FadeInTime": -1.0,
      "FadeOutTime": -1.0,
      "Segments": [
        0,
        0,
        0,
        4,
        0
      ]
    },
    {
      "Target": "Parameter",
      "Id": "Paramtouch_idle14",
      "FadeInTime": -1.0,
      "FadeOutTime": -1.0,
      "Segments": [
        0,
        0,
        0,
        4,
        0
      ]
    },
    {
      "Target": "Parameter",
      "Id": "Paramtouch_idle15",
      "FadeInTime": -1.0,
      "FadeOutTime": -1.0,
      "Segments": [
        0,
        0,
        0,
        4,
        0
      ]
    },
    {
      "Target": "Parameter",
      "Id": "Paramtouch_idle16",
      "FadeInTime": -1.0,
      "FadeOutTime": -1.0,
      "Segments": [
        0,
        0,
        0,
        4,
        0
      ]
    },
    {
      "Target": "Parameter",
      "Id": "Paramtouch_idle17",
      "FadeInTime": -1.0,
      "FadeOutTime": -1.0,
      "Segments": [
        0,
        0,
        0,
        4,
        0
      ]
    },
    {
      "Target": "Parameter",
      "Id": "Paramtouch_idle18",
      "FadeInTime": -1.0,
      "FadeOutTime": -1.0,
      "Segments": [
        0,
        0,
        0,
        4,
        0
      ]
    },
    {
      "Target": "Parameter",
      "Id": "Paramtouch_idle19",
      "FadeInTime": -1.0,
      "FadeOutTime": -1.0,
      "Segments": [
        0,
        0,
        0,
        4,
        0
      ]
    },
    {
      "Target": "Parameter",
      "Id": "Paramtouch_idle20",
      "FadeInTime": -1.0,
      "FadeOutTime": -1.0,
      "Segments": [
        0,
        0,
        0,
        4,
        0
      ]
    },
    {
      "Target": "Parameter",
      "Id": "touch_drag2",
      "FadeInTime": -1.0,
      "FadeOutTime": -1.0,
      "Segments": [
        0,
        0,
        0,
        4,
        0
      ]
    },
    {
      "Target": "Parameter",
      "Id": "touch_drag3",
      "FadeInTime": -1.0,
      "FadeOutTime": -1.0,
      "Segments": [
        0,
        0,
        0,
        4,
        0
      ]
    },
    {
      "Target": "Parameter",
      "Id": "touch_drag4",
      "FadeInTime": -1.0,
      "FadeOutTime": -1.0,
      "Segments": [
        0,
        0,
        0,
        4,
        0
      ]
    },
    {
      "Target": "Parameter",
      "Id": "touch_drag5",
      "FadeInTime": -1.0,
      "FadeOutTime": -1.0,
      "Segments": [
        0,
        0,
        0,
        4,
        0
      ]
    },
    {
      "Target": "Parameter",
      "Id": "touch_drag6",
      "FadeInTime": -1.0,
      "FadeOutTime": -1.0,
      "Segments": [
        0,
        0,
        0,
        4,
        0
      ]
    },
    {
      "Target": "Parameter",
      "Id": "touch_drag12",
      "FadeInTime": -1.0,
      "FadeOutTime": -1.0,
      "Segments": [
        0,
        0,
        0,
        4,
        0
      ]
    },
    {
      "Target": "Parameter",
      "Id": "touch_drag7",
      "FadeInTime": -1.0,
      "FadeOutTime": -1.0,
      "Segments": [
        0,
        0,
        0,
        4,
        0
      ]
    },
    {
      "Target": "Parameter",
      "Id": "touch_drag8",
      "FadeInTime": -1.0,
      "FadeOutTime": -1.0,
      "Segments": [
        0,
        0,
        0,
        4,
        0
      ]
    },
    {
      "Target": "Parameter",
      "Id": "touch_drag9",
      "FadeInTime": -1.0,
      "FadeOutTime": -1.0,
      "Segments": [
        0,
        0,
        0,
        4,
        0
      ]
    },
    {
      "Target": "Parameter",
      "Id": "touch_drag10",
      "FadeInTime": -1.0,
      "FadeOutTime": -1.0,
      "Segments": [
        0,
        0,
        0,
        4,
        0
      ]
    },
    {
      "Target": "Parameter",
      "Id": "Paramtouch_idle21",
      "FadeInTime": -1.0,
      "FadeOutTime": -1.0,
      "Segments": [
        0,
        0,
        0,
        4,
        0
      ]
    },
    {
      "Target": "Parameter",
      "Id": "Paramtouch_idle22",
      "FadeInTime": -1.0,
      "FadeOutTime": -1.0,
      "Segments": [
        0,
        0,
        0,
        4,
        0
      ]
    },
    {
      "Target": "Parameter",
      "Id": "Paramtouch_idle23",
      "FadeInTime": -1.0,
      "FadeOutTime": -1.0,
      "Segments": [
        0,
        0,
        0,
        4,
        0
      ]
    },
    {
      "Target": "Parameter",
      "Id": "Paramtouch_idle24",
      "FadeInTime": -1.0,
      "FadeOutTime": -1.0,
      "Segments": [
        0,
        0,
        0,
        4,
        0
      ]
    },
    {
      "Target": "Parameter",
      "Id": "cmkduv",
      "FadeInTime": -1.0,
      "FadeOutTime": -1.0,
      "Segments": [
        0,
        0,
        0,
        4,
        0
      ]
    },
    {
      "Target": "Parameter",
      "Id": "TouchDrag12wy",
      "FadeInTime": -1.0,
      "FadeOutTime": -1.0,
      "Segments": [
        0,
        0,
        0,
        4,
        0
      ]
    },
    {
      "Target": "Parameter",
      "Id": "touch_dragwy",
      "FadeInTime": -1.0,
      "FadeOutTime": -1.0,
      "Segments": [
        0,
        0,
        0,
        4,
        0
      ]
    },
    {
      "Target": "Parameter",
      "Id": "TouchDrag1wy",
      "FadeInTime": -1.0,
      "FadeOutTime": -1.0,
      "Segments": [
        0,
        0,
        0,
        4,
        0
      ]
    },
    {
      "Target": "Parameter",
      "Id": "TouchDrag1wy2",
      "FadeInTime": -1.0,
      "FadeOutTime": -1.0,
      "Segments": [
        0,
        0,
        0,
        4,
        0
      ]
    },
    {
      "Target": "Parameter",
      "Id": "TouchDrag1wy3",
      "FadeInTime": -1.0,
      "FadeOutTime": -1.0,
      "Segments": [
        0,
        0,
        0,
        4,
        0
      ]
    },
    {
      "Target": "Parameter",
      "Id": "TouchDrag1wy4",
      "FadeInTime": -1.0,
      "FadeOutTime": -1.0,
      "Segments": [
        0,
        0,
        0,
        4,
        0
      ]
    },
    {
      "Target": "Parameter",
      "Id": "TouchDrag1wy5",
      "FadeInTime": -1.0,
      "FadeOutTime": -1.0,
      "Segments": [
        0,
        0,
        0,
        4,
        0
      ]
    },
    {
      "Target": "Parameter",
      "Id": "TouchDrag1wy6",
      "FadeInTime": -1.0,
      "FadeOutTime": -1.0,
      "Segments": [
        0,
        0,
        0,
        4,
        0
      ]
    },
    {
      "Target": "Parameter",
      "Id": "TouchDrag1wy7",
      "FadeInTime": -1.0,
      "FadeOutTime": -1.0,
      "Segments": [
        0,
        0,
        0,
        4,
        0
      ]
    },
    {
      "Target": "Parameter",
      "Id": "TouchDrag1wy8",
      "FadeInTime": -1.0,
      "FadeOutTime": -1.0,
      "Segments": [
        0,
        0,
        0,
        4,
        0
      ]
    },
    {
      "Target": "Parameter",
      "Id": "TouchDrag1wy9",
      "FadeInTime": -1.0,
      "FadeOutTime": -1.0,
      "Segments": [
        0,
        0,
        0,
        4,
        0
      ]
    },
    {
      "Target": "Parameter",
      "Id": "TouchDrag1wy10",
      "FadeInTime": -1.0,
      "FadeOutTime": -1.0,
      "Segments": [
        0,
        0,
        0,
        4,
        0
      ]
    },
    {
      "Target": "Parameter",
      "Id": "TouchDrag1wy11",
      "FadeInTime": -1.0,
      "FadeOutTime": -1.0,
      "Segments": [
        0,
        0,
        0,
        4,
        0
      ]
    },
    {
      "Target": "Parameter",
      "Id": "TouchDrag1wy12",
      "FadeInTime": -1.0,
      "FadeOutTime": -1.0,
      "Segments": [
        0,
        0,
        0,
        4,
        0
      ]
    },
    {
      "Target": "Parameter",
      "Id": "TouchDrag1wy13",
      "FadeInTime": -1.0,
      "FadeOutTime": -1.0,
      "Segments": [
        0,
        0,
        0,
        4,
        0
      ]
    },
    {
      "Target": "Parameter",
      "Id": "TouchDrag1wy14",
      "FadeInTime": -1.0,
      "FadeOutTime": -1.0,
      "Segments": [
        0,
        0,
        0,
        4,
        0
      ]
    },
    {
      "Target": "Parameter",
      "Id": "TouchDrag1wy15",
      "FadeInTime": -1.0,
      "FadeOutTime": -1.0,
      "Segments": [
        0,
        0,
        0,
        4,
        0
      ]
    },
    {
      "Target": "Parameter",
      "Id": "TouchDrag1wy16",
      "FadeInTime": -1.0,
      "FadeOutTime": -1.0,
      "Segments": [
        0,
        0,
        0,
        4,
        0
      ]
    },
    {
      "Target": "Parameter",
      "Id": "TouchDrag1wy17",
      "FadeInTime": -1.0,
      "FadeOutTime": -1.0,
      "Segments": [
        0,
        0,
        0,
        4,
        0
      ]
    },
    {
      "Target": "Parameter",
      "Id": "TouchDrag1wy18",
      "FadeInTime": -1.0,
      "FadeOutTime": -1.0,
      "Segments": [
        0,
        0,
        0,
        4,
        0
      ]
    },
    {
      "Target": "Parameter",
      "Id": "TouchDrag1wy19",
      "FadeInTime": -1.0,
      "FadeOutTime": -1.0,
      "Segments": [
        0,
        0,
        0,
        4,
        0
      ]
    },
    {
      "Target": "Parameter",
      "Id": "TouchDrag1wy20",
      "FadeInTime": -1.0,
      "FadeOutTime": -1.0,
      "Segments": [
        0,
        0,
        0,
        4,
        0
      ]
    },
    {
      "Target": "Parameter",
      "Id": "TouchDrag2wy",
      "FadeInTime": -1.0,
      "FadeOutTime": -1.0,
      "Segments": [
        0,
        0,
        0,
        4,
        0
      ]
    },
    {
      "Target": "Parameter",
      "Id": "touch_drag3wy",
      "FadeInTime": -1.0,
      "FadeOutTime": -1.0,
      "Segments": [
        0,
        0,
        0,
        4,
        0
      ]
    },
    {
      "Target": "Parameter",
      "Id": "touch_drag3wy2",
      "FadeInTime": -1.0,
      "FadeOutTime": -1.0,
      "Segments": [
        0,
        0,
        0,
        4,
        0
      ]
    },
    {
      "Target": "Parameter",
      "Id": "touch_drag3wy3",
      "FadeInTime": -1.0,
      "FadeOutTime": -1.0,
      "Segments": [
        0,
        0,
        0,
        4,
        0
      ]
    },
    {
      "Target": "Parameter",
      "Id": "touch_drag3wy4",
      "FadeInTime": -1.0,
      "FadeOutTime": -1.0,
      "Segments": [
        0,
        0,
        0,
        4,
        0
      ]
    },
    {
      "Target": "Parameter",
      "Id": "touch_drag3wy5",
      "FadeInTime": -1.0,
      "FadeOutTime": -1.0,
      "Segments": [
        0,
        0,
        0,
        4,
        0
      ]
    },
    {
      "Target": "Parameter",
      "Id": "touch_drag3wy6",
      "FadeInTime": -1.0,
      "FadeOutTime": -1.0,
      "Segments": [
        0,
        0,
        0,
        4,
        0
      ]
    },
    {
      "Target": "Parameter",
      "Id": "touch_drag3wy7",
      "FadeInTime": -1.0,
      "FadeOutTime": -1.0,
      "Segments": [
        0,
        0,
        0,
        4,
        0
      ]
    },
    {
      "Target": "Parameter",
      "Id": "touch_drag3wy8",
      "FadeInTime": -1.0,
      "FadeOutTime": -1.0,
      "Segments": [
        0,
        0,
        0,
        4,
        0
      ]
    },
    {
      "Target": "Parameter",
      "Id": "TouchDrag1wy21",
      "FadeInTime": -1.0,
      "FadeOutTime": -1.0,
      "Segments": [
        0,
        0,
        0,
        4,
        0
      ]
    },
    {
      "Target": "Parameter",
      "Id": "TouchDrag1wy22",
      "FadeInTime": -1.0,
      "FadeOutTime": -1.0,
      "Segments": [
        0,
        0,
        0,
        4,
        0
      ]
    },
    {
      "Target": "Parameter",
      "Id": "TouchDrag1wy23",
      "FadeInTime": -1.0,
      "FadeOutTime": -1.0,
      "Segments": [
        0,
        0,
        0,
        4,
        0
      ]
    },
    {
      "Target": "Parameter",
      "Id": "TouchDrag1wy24",
      "FadeInTime": -1.0,
      "FadeOutTime": -1.0,
      "Segments": [
        0,
        0,
        0,
        4,
        0
      ]
    },
    {
      "Target": "Parameter",
      "Id": "ParamBodyAngleY",
      "FadeInTime": -1.0,
      "FadeOutTime": -1.0,
      "Segments": [
        0,
        0,
        0,
        4,
        0
      ]
    },
    {
      "Target": "Parameter",
      "Id": "ParamBodyAngleX",
      "FadeInTime": -1.0,
      "FadeOutTime": -1.0,
      "Segments": [
        0,
        0,
        0,
        4,
        0
      ]
    },
    {
      "Target": "Parameter",
      "Id": "koushuishangxia",
      "FadeInTime": -1.0,
      "FadeOutTime": -1.0,
      "Segments": [
        0,
        0,
        0,
        4,
        0
      ]
    },
    {
      "Target": "Parameter",
      "Id": "koushuizuoyou",
      "FadeInTime": -1.0,
      "FadeOutTime": -1.0,
      "Segments": [
        0,
        0,
        0,
        4,
        0
      ]
    },
    {
      "Target": "Parameter",
      "Id": "koushuijiaodu",
      "FadeInTime": -1.0,
      "FadeOutTime": -1.0,
      "Segments": [
        0,
        0,
        0,
        4,
        0
      ]
    },
    {
      "Target": "Parameter",
      "Id": "koushuiyaobai",
      "FadeInTime": -1.0,
      "FadeOutTime": -1.0,
      "Segments": [
        0,
        0,
        0,
        4,
        0
      ]
    },
    {
      "Target": "Parameter",
      "Id": "koushuichangduan",
      "FadeInTime": -1.0,
      "FadeOutTime": -1.0,
      "Segments": [
        0,
        0,
        0,
        4,
        0
      ]
    },
    {
      "Target": "Parameter",
      "Id": "baiqidonghua",
      "FadeInTime": -1.0,
      "FadeOutTime": -1.0,
      "Segments": [
        0,
        0,
        0,
        4,
        0
      ]
    },
    {
      "Target": "Parameter",
      "Id": "swch2",
      "FadeInTime": -1.0,
      "FadeOutTime": -1.0,
      "Segments": [
        0,
        0,
        0,
        4,
        0
      ]
    },
    {
      "Target": "Parameter",
      "Id": "fmqh",
      "FadeInTime": -1.0,
      "FadeOutTime": -1.0,
      "Segments": [
        0,
        1,
        0,
        4,
        1
      ]
    },
    {
      "Target": "Parameter",
      "Id": "yqdjtx",
      "FadeInTime": -1.0,
      "FadeOutTime": -1.0,
      "Segments": [
        0,
        0,
        0,
        4,
        0
      ]
    },
    {
      "Target": "Parameter",
      "Id": "yqdjtx2",
      "FadeInTime": -1.0,
      "FadeOutTime": -1.0,
      "Segments": [
        0,
        0,
        0,
        4,
        0
      ]
    },
    {
      "Target": "Parameter",
      "Id": "yqdjtx3",
      "FadeInTime": -1.0,
      "FadeOutTime": -1.0,
      "Segments": [
        0,
        0,
        0,
        4,
        0
      ]
    },
    {
      "Target": "Parameter",
      "Id": "yqdjtx4",
      "FadeInTime": -1.0,
      "FadeOutTime": -1.0,
      "Segments": [
        0,
        0,
        0,
        4,
        0
      ]
    },
    {
      "Target": "Parameter",
      "Id": "yqdjtx5",
      "FadeInTime": -1.0,
      "FadeOutTime": -1.0,
      "Segments": [
        0,
        0,
        0,
        4,
        0
      ]
    },
    {
      "Target": "Parameter",
      "Id": "yl",
      "FadeInTime": -1.0,
      "FadeOutTime": -1.0,
      "Segments": [
        0,
        0,
        0,
        4,
        0
      ]
    },
    {
      "Target": "Parameter",
      "Id": "uidh2",
      "FadeInTime": -1.0,
      "FadeOutTime": -1.0,
      "Segments": [
        0,
        1,
        0,
        4,
        1
      ]
    },
    {
      "Target": "Parameter",
      "Id": "bfzth",
      "FadeInTime": -1.0,
      "FadeOutTime": -1.0,
      "Segments": [
        0,
        0,
        0,
        4,
        0
      ]
    },
    {
      "Target": "Parameter",
      "Id": "zccddx",
      "FadeInTime": -1.0,
      "FadeOutTime": -1.0,
      "Segments": [
        0,
        0,
        0,
        4,
        0
      ]
    },
    {
      "Target": "Parameter",
      "Id": "zccddx2",
      "FadeInTime": -1.0,
      "FadeOutTime": -1.0,
      "Segments": [
        0,
        0,
        0,
        4,
        0
      ]
    },
    {
      "Target": "Parameter",
      "Id": "zccdwy",
      "FadeInTime": -1.0,
      "FadeOutTime": -1.0,
      "Segments": [
        0,
        0,
        0,
        4,
        0
      ]
    },
    {
      "Target": "Parameter",
      "Id": "ysxz2X",
      "FadeInTime": -1.0,
      "FadeOutTime": -1.0,
      "Segments": [
        0,
        0,
        0,
        4,
        0
      ]
    },
    {
      "Target": "Parameter",
      "Id": "ysxz2X2",
      "FadeInTime": -1.0,
      "FadeOutTime": -1.0,
      "Segments": [
        0,
        0,
        0,
        4,
        0
      ]
    },
    {
      "Target": "Parameter",
      "Id": "ysxz2X3",
      "FadeInTime": -1.0,
      "FadeOutTime": -1.0,
      "Segments": [
        0,
        0,
        0,
        4,
        0
      ]
    },
    {
      "Target": "Parameter",
      "Id": "ysxz2X4",
      "FadeInTime": -1.0,
      "FadeOutTime": -1.0,
      "Segments": [
        0,
        0,
        0,
        4,
        0
      ]
    },
    {
      "Target": "Parameter",
      "Id": "syxs",
      "FadeInTime": -1.0,
      "FadeOutTime": -1.0,
      "Segments": [
        0,
        1,
        0,
        4,
        1
      ]
    },
    {
      "Target": "Parameter",
      "Id": "shpc",
      "FadeInTime": -1.0,
      "FadeOutTime": -1.0,
      "Segments": [
        0,
        0,
        0,
        4,
        0
      ]
    },
    {
      "Target": "Parameter",
      "Id": "shpc2",
      "FadeInTime": -1.0,
      "FadeOutTime": -1.0,
      "Segments": [
        0,
        0,
        0,
        4,
        0
      ]
    },
    {
      "Target": "Parameter",
      "Id": "swch",
      "FadeInTime": -1.0,
      "FadeOutTime": -1.0,
      "Segments": [
        0,
        0,
        0,
        4,
        0
      ]
    },
    {
      "Target": "Parameter",
      "Id": "ygqxz",
      "FadeInTime": -1.0,
      "FadeOutTime": -1.0,
      "Segments": [
        0,
        0,
        0,
        4,
        0
      ]
    },
    {
      "Target": "Parameter",
      "Id": "mhygq",
      "FadeInTime": -1.0,
      "FadeOutTime": -1.0,
      "Segments": [
        0,
        0,
        0,
        4,
        0
      ]
    },
    {
      "Target": "Parameter",
      "Id": "mhygq2",
      "FadeInTime": -1.0,
      "FadeOutTime": -1.0,
      "Segments": [
        0,
        0,
        0,
        4,
        0
      ]
    },
    {
      "Target": "Parameter",
      "Id": "mhygqx",
      "FadeInTime": -1.0,
      "FadeOutTime": -1.0,
      "Segments": [
        0,
        0,
        0,
        4,
        0
      ]
    },
    {
      "Target": "Parameter",
      "Id": "mhygqx2",
      "FadeInTime": -1.0,
      "FadeOutTime": -1.0,
      "Segments": [
        0,
        0,
        0,
        4,
        0
      ]
    },
    {
      "Target": "Parameter",
      "Id": "shuiliu",
      "FadeInTime": -1.0,
      "FadeOutTime": -1.0,
      "Segments": [
        0,
        0,
        0,
        4,
        0
      ]
    },
    {
      "Target": "Parameter",
      "Id": "guanghuan",
      "FadeInTime": -1.0,
      "FadeOutTime": -1.0,
      "Segments": [
        0,
        0,
        0,
        4,
        0
      ]
    },
    {
      "Target": "Parameter",
      "Id": "MB_xingfengyaobai",
      "FadeInTime": -1.0,
      "FadeOutTime": -1.0,
      "Segments": [
        0,
        0,
        0,
        4,
        0
      ]
    },
    {
      "Target": "Parameter",
      "Id": "MB_xingfengTMD",
      "FadeInTime": -1.0,
      "FadeOutTime": -1.0,
      "Segments": [
        0,
        0,
        0,
        4,
        0
      ]
    },
    {
      "Target": "Parameter",
      "Id": "Param144",
      "FadeInTime": -1.0,
      "FadeOutTime": -1.0,
      "Segments": [
        0,
        0,
        0,
        4,
        0
      ]
    },
    {
      "Target": "Parameter",
      "Id": "Param145",
      "FadeInTime": -1.0,
      "FadeOutTime": -1.0,
      "Segments": [
        0,
        0,
        0,
        4,
        0
      ]
    },
    {
      "Target": "Parameter",
      "Id": "bssh",
      "FadeInTime": -1.0,
      "FadeOutTime": -1.0,
      "Segments": [
        0,
        0,
        0,
        4,
        0
      ]
    },
    {
      "Target": "Parameter",
      "Id": "bsshbtmd",
      "FadeInTime": -1.0,
      "FadeOutTime": -1.0,
      "Segments": [
        0,
        0,
        0,
        4,
        0
      ]
    },
    {
      "Target": "Parameter",
      "Id": "bsshcews",
      "FadeInTime": -1.0,
      "FadeOutTime": -1.0,
      "Segments": [
        0,
        0,
        0,
        4,
        0
      ]
    },
    {
      "Target": "Parameter",
      "Id": "bsshces2",
      "FadeInTime": -1.0,
      "FadeOutTime": -1.0,
      "Segments": [
        0,
        0,
        0,
        4,
        0
      ]
    },
    {
      "Target": "Parameter",
      "Id": "MB_hudietoumingdu",
      "FadeInTime": -1.0,
      "FadeOutTime": -1.0,
      "Segments": [
        0,
        0,
        0,
        4,
        0
      ]
    },
    {
      "Target": "Parameter",
      "Id": "MB_hudietoushi",
      "FadeInTime": -1.0,
      "FadeOutTime": -1.0,
      "Segments": [
        0,
        0,
        0,
        4,
        0
      ]
    },
    {
      "Target": "Parameter",
      "Id": "MB_hudiexuanzhuan",
      "FadeInTime": -1.0,
      "FadeOutTime": -1.0,
      "Segments": [
        0,
        0,
        0,
        4,
        0
      ]
    },
    {
      "Target": "Parameter",
      "Id": "MB_hudiezuoyou",
      "FadeInTime": -1.0,
      "FadeOutTime": -1.0,
      "Segments": [
        0,
        0,
        0,
        4,
        0
      ]
    },
    {
      "Target": "Parameter",
      "Id": "MB_hudieshangxia",
      "FadeInTime": -1.0,
      "FadeOutTime": -1.0,
      "Segments": [
        0,
        0,
        0,
        4,
        0
      ]
    },
    {
      "Target": "Parameter",
      "Id": "MB_hudiejiaodu",
      "FadeInTime": -1.0,
      "FadeOutTime": -1.0,
      "Segments": [
        0,
        0,
        0,
        4,
        0
      ]
    },
    {
      "Target": "Parameter",
      "Id": "MB_hudiedaxiao",
      "FadeInTime": -1.0,
      "FadeOutTime": -1.0,
      "Segments": [
        0,
        0,
        0,
        4,
        0
      ]
    },
    {
      "Target": "Parameter",
      "Id": "MB_hudiechiban",
      "FadeInTime": -1.0,
      "FadeOutTime": -1.0,
      "Segments": [
        0,
        0,
        0,
        4,
        0
      ]
    },
    {
      "Target": "Parameter",
      "Id": "czwl2",
      "FadeInTime": -1.0,
      "FadeOutTime": -1.0,
      "Segments": [
        0,
        0,
        0,
        4,
        0
      ]
    },
    {
      "Target": "Parameter",
      "Id": "renxz2",
      "FadeInTime": -1.0,
      "FadeOutTime": -1.0,
      "Segments": [
        0,
        0,
        0,
        4,
        0
      ]
    },
    {
      "Target": "Parameter",
      "Id": "renxz3",
      "FadeInTime": -1.0,
      "FadeOutTime": -1.0,
      "Segments": [
        0,
        0,
        0,
        4,
        0
      ]
    },
    {
      "Target": "Parameter",
      "Id": "renxz",
      "FadeInTime": -1.0,
      "FadeOutTime": -1.0,
      "Segments": [
        0,
        0,
        0,
        4,
        0
      ]
    },
    {
      "Target": "Parameter",
      "Id": "Param2",
      "FadeInTime": -1.0,
      "FadeOutTime": -1.0,
      "Segments": [
        0,
        0,
        0,
        4,
        0
      ]
    },
    {
      "Target": "Parameter",
      "Id": "bjtmd",
      "FadeInTime": -1.0,
      "FadeOutTime": -1.0,
      "Segments": [
        0,
        0,
        0,
        4,
        0
      ]
    },
    {
      "Target": "Parameter",
      "Id": "ztxy",
      "FadeInTime": -1.0,
      "FadeOutTime": -1.0,
      "Segments": [
        0,
        0,
        0,
        4,
        0
      ]
    },
    {
      "Target": "Parameter",
      "Id": "ztxy2",
      "FadeInTime": -1.0,
      "FadeOutTime": -1.0,
      "Segments": [
        0,
        0,
        0,
        4,
        0
      ]
    },
    {
      "Target": "Parameter",
      "Id": "ztxy3",
      "FadeInTime": -1.0,
      "FadeOutTime": -1.0,
      "Segments": [
        0,
        0,
        0,
        4,
        0
      ]
    },
    {
      "Target": "Parameter",
      "Id": "ztxy4",
      "FadeInTime": -1.0,
      "FadeOutTime": -1.0,
      "Segments": [
        0,
        0,
        0,
        4,
        0
      ]
    },
    {
      "Target": "Parameter",
      "Id": "Param52",
      "FadeInTime": -1.0,
      "FadeOutTime": -1.0,
      "Segments": [
        0,
        0,
        0,
        4,
        0
      ]
    },
    {
      "Target": "Parameter",
      "Id": "hjtmd",
      "FadeInTime": -1.0,
      "FadeOutTime": -1.0,
      "Segments": [
        0,
        0,
        0,
        4,
        0
      ]
    },
    {
      "Target": "Parameter",
      "Id": "jjx",
      "FadeInTime": -1.0,
      "FadeOutTime": -1.0,
      "Segments": [
        0,
        0,
        0,
        4,
        0
      ]
    },
    {
      "Target": "Parameter",
      "Id": "jjx2",
      "FadeInTime": -1.0,
      "FadeOutTime": -1.0,
      "Segments": [
        0,
        0,
        0,
        4,
        0
      ]
    },
    {
      "Target": "Parameter",
      "Id": "Param115",
      "FadeInTime": -1.0,
      "FadeOutTime": -1.0,
      "Segments": [
        0,
        0,
        0,
        4,
        0
      ]
    },
    {
      "Target": "Parameter",
      "Id": "Param130",
      "FadeInTime": -1.0,
      "FadeOutTime": -1.0,
      "Segments": [
        0,
        0,
        0,
        4,
        0
      ]
    },
    {
      "Target": "Parameter",
      "Id": "Param12",
      "FadeInTime": -1.0,
      "FadeOutTime": -1.0,
      "Segments": [
        0,
        0,
        0,
        4,
        0
      ]
    },
    {
      "Target": "Parameter",
      "Id": "Param13",
      "FadeInTime": -1.0,
      "FadeOutTime": -1.0,
      "Segments": [
        0,
        0,
        0,
        4,
        0
      ]
    },
    {
      "Target": "Parameter",
      "Id": "Param14",
      "FadeInTime": -1.0,
      "FadeOutTime": -1.0,
      "Segments": [
        0,
        0,
        0,
        4,
        0
      ]
    },
    {
      "Target": "Parameter",
      "Id": "Param26",
      "FadeInTime": -1.0,
      "FadeOutTime": -1.0,
      "Segments": [
        0,
        0,
        0,
        4,
        0
      ]
    },
    {
      "Target": "Parameter",
      "Id": "Param31",
      "FadeInTime": -1.0,
      "FadeOutTime": -1.0,
      "Segments": [
        0,
        0,
        0,
        4,
        0
      ]
    },
    {
      "Target": "Parameter",
      "Id": "Param30",
      "FadeInTime": -1.0,
      "FadeOutTime": -1.0,
      "Segments": [
        0,
        0,
        0,
        4,
        0
      ]
    },
    {
      "Target": "Parameter",
      "Id": "Param72",
      "FadeInTime": -1.0,
      "FadeOutTime": -1.0,
      "Segments": [
        0,
        0,
        0,
        4,
        0
      ]
    },
    {
      "Target": "Parameter",
      "Id": "Param93",
      "FadeInTime": -1.0,
      "FadeOutTime": -1.0,
      "Segments": [
        0,
        0,
        0,
        4,
        0
      ]
    },
    {
      "Target": "Parameter",
      "Id": "Param94",
      "FadeInTime": -1.0,
      "FadeOutTime": -1.0,
      "Segments": [
        0,
        0,
        0,
        4,
        0
      ]
    },
    {
      "Target": "Parameter",
      "Id": "Param27",
      "FadeInTime": -1.0,
      "FadeOutTime": -1.0,
      "Segments": [
        0,
        0,
        0,
        4,
        0
      ]
    },
    {
      "Target": "Parameter",
      "Id": "Param162",
      "FadeInTime": -1.0,
      "FadeOutTime": -1.0,
      "Segments": [
        0,
        0,
        0,
        4,
        0
      ]
    },
    {
      "Target": "Parameter",
      "Id": "hjlc",
      "FadeInTime": -1.0,
      "FadeOutTime": -1.0,
      "Segments": [
        0,
        0,
        0,
        4,
        0
      ]
    },
    {
      "Target": "Parameter",
      "Id": "fxpzy",
      "FadeInTime": -1.0,
      "FadeOutTime": -1.0,
      "Segments": [
        0,
        0,
        0,
        4,
        0
      ]
    },
    {
      "Target": "Parameter",
      "Id": "ppyztmd",
      "FadeInTime": -1.0,
      "FadeOutTime": -1.0,
      "Segments": [
        0,
        0,
        0,
        4,
        0
      ]
    },
    {
      "Target": "Parameter",
      "Id": "xbs",
      "FadeInTime": -1.0,
      "FadeOutTime": -1.0,
      "Segments": [
        0,
        0,
        0,
        4,
        0
      ]
    },
    {
      "Target": "Parameter",
      "Id": "xsqh",
      "FadeInTime": -1.0,
      "FadeOutTime": -1.0,
      "Segments": [
        0,
        1,
        0,
        4,
        1
      ]
    },
    {
      "Target": "Parameter",
      "Id": "xsqh2",
      "FadeInTime": -1.0,
      "FadeOutTime": -1.0,
      "Segments": [
        0,
        0,
        0,
        4,
        0
      ]
    },
    {
      "Target": "Parameter",
      "Id": "zsbydt",
      "FadeInTime": -1.0,
      "FadeOutTime": -1.0,
      "Segments": [
        0,
        0,
        0,
        4,
        0
      ]
    },
    {
      "Target": "Parameter",
      "Id": "zsbydt2",
      "FadeInTime": -1.0,
      "FadeOutTime": -1.0,
      "Segments": [
        0,
        0,
        0,
        4,
        0
      ]
    },
    {
      "Target": "Parameter",
      "Id": "zsbydt3",
      "FadeInTime": -1.0,
      "FadeOutTime": -1.0,
      "Segments": [
        0,
        0,
        0,
        4,
        0
      ]
    },
    {
      "Target": "Parameter",
      "Id": "zsbydt4",
      "FadeInTime": -1.0,
      "FadeOutTime": -1.0,
      "Segments": [
        0,
        0,
        0,
        4,
        0
      ]
    },
    {
      "Target": "Parameter",
      "Id": "zsbydt5",
      "FadeInTime": -1.0,
      "FadeOutTime": -1.0,
      "Segments": [
        0,
        0,
        0,
        4,
        0
      ]
    },
    {
      "Target": "Parameter",
      "Id": "zsbydt6",
      "FadeInTime": -1.0,
      "FadeOutTime": -1.0,
      "Segments": [
        0,
        0,
        0,
        4,
        0
      ]
    },
    {
      "Target": "Parameter",
      "Id": "zsbydt7",
      "FadeInTime": -1.0,
      "FadeOutTime": -1.0,
      "Segments": [
        0,
        0,
        0,
        4,
        0
      ]
    },
    {
      "Target": "Parameter",
      "Id": "zsbydt8",
      "FadeInTime": -1.0,
      "FadeOutTime": -1.0,
      "Segments": [
        0,
        0,
        0,
        4,
        0
      ]
    },
    {
      "Target": "Parameter",
      "Id": "MB_wutixialuoxunhuan",
      "FadeInTime": -1.0,
      "FadeOutTime": -1.0,
      "Segments": [
        0,
        6,
        0,
        4,
        6
      ]
    },
    {
      "Target": "Parameter",
      "Id": "ydxh",
      "FadeInTime": -1.0,
      "FadeOutTime": -1.0,
      "Segments": [
        0,
        10,
        0,
        4,
        10
      ]
    },
    {
      "Target": "Parameter",
      "Id": "MB_wutixialuojiaodu",
      "FadeInTime": -1.0,
      "FadeOutTime": -1.0,
      "Segments": [
        0,
        -14,
        0,
        4,
        -14
      ]
    },
    {
      "Target": "Parameter",
      "Id": "MB_Awutidaxiao",
      "FadeInTime": -1.0,
      "FadeOutTime": -1.0,
      "Segments": [
        0,
        -0.077,
        0,
        4,
        -0.077
      ]
    },
    {
      "Target": "Parameter",
      "Id": "MB_Awutijiaodu",
      "FadeInTime": -1.0,
      "FadeOutTime": -1.0,
      "Segments": [
        0,
        0.8,
        0,
        4,
        0.8
      ]
    },
    {
      "Target": "Parameter",
      "Id": "MB_Awutifanzhuan",
      "FadeInTime": -1.0,
      "FadeOutTime": -1.0,
      "Segments": [
        0,
        -1,
        0,
        4,
        -1
      ]
    },
    {
      "Target": "Parameter",
      "Id": "MB_Cwutidaxiao",
      "FadeInTime": -1.0,
      "FadeOutTime": -1.0,
      "Segments": [
        0,
        -0.493,
        0,
        4,
        -0.493
      ]
    },
    {
      "Target": "Parameter",
      "Id": "MB_Cwutijiaodu",
      "FadeInTime": -1.0,
      "FadeOutTime": -1.0,
      "Segments": [
        0,
        -0.9,
        0,
        4,
        -0.9
      ]
    },
    {
      "Target": "Parameter",
      "Id": "MB_Cwutifanzhuan",
      "FadeInTime": -1.0,
      "FadeOutTime": -1.0,
      "Segments": [
        0,
        -0.7,
        0,
        4,
        -0.7
      ]
    },
    {
      "Target": "Parameter",
      "Id": "MB_Bwutidaxiao",
      "FadeInTime": -1.0,
      "FadeOutTime": -1.0,
      "Segments": [
        0,
        -0.322,
        0,
        4,
        -0.322
      ]
    },
    {
      "Target": "Parameter",
      "Id": "MB_Bwutijiaodu",
      "FadeInTime": -1.0,
      "FadeOutTime": -1.0,
      "Segments": [
        0,
        -0.7,
        0,
        4,
        -0.7
      ]
    },
    {
      "Target": "Parameter",
      "Id": "MB_Bwutifanzhuan",
      "FadeInTime": -1.0,
      "FadeOutTime": -1.0,
      "Segments": [
        0,
        -0.3,
        0,
        4,
        -0.3
      ]
    },
    {
      "Target": "Parameter",
      "Id": "ParamEyeLSmile",
      "FadeInTime": -1.0,
      "FadeOutTime": -1.0,
      "Segments": [
        0,
        0,
        0,
        4,
        0
      ]
    },
    {
      "Target": "Parameter",
      "Id": "ParamEyeRSmile",
      "FadeInTime": -1.0,
      "FadeOutTime": -1.0,
      "Segments": [
        0,
        0,
        0,
        4,
        0
      ]
    },
    {
      "Target": "Parameter",
      "Id": "ParamBrowRX",
      "FadeInTime": -1.0,
      "FadeOutTime": -1.0,
      "Segments": [
        0,
        0,
        0,
        4,
        0
      ]
    },
    {
      "Target": "Parameter",
      "Id": "ParamBrowLX",
      "FadeInTime": -1.0,
      "FadeOutTime": -1.0,
      "Segments": [
        0,
        0,
        0,
        4,
        0
      ]
    },
    {
      "Target": "Parameter",
      "Id": "ParamBrowLY",
      "FadeInTime": -1.0,
      "FadeOutTime": -1.0,
      "Segments": [
        0,
        0,
        0,
        4,
        0
      ]
    },
    {
      "Target": "Parameter",
      "Id": "ParamBrowRY",
      "FadeInTime": -1.0,
      "FadeOutTime": -1.0,
      "Segments": [
        0,
        0,
        0,
        4,
        0
      ]
    },
    {
      "Target": "Parameter",
      "Id": "ParamMouthX",
      "FadeInTime": -1.0,
      "FadeOutTime": -1.0,
      "Segments": [
        0,
        0,
        0,
        4,
        0
      ]
    },
    {
      "Target": "Parameter",
      "Id": "DUQI",
      "FadeInTime": -1.0,
      "FadeOutTime": -1.0,
      "Segments": [
        0,
        0,
        0,
        4,
        0
      ]
    },
    {
      "Target": "Parameter",
      "Id": "Param",
      "FadeInTime": -1.0,
      "FadeOutTime": -1.0,
      "Segments": [
        0,
        0,
        0,
        4,
        0
      ]
    },
    {
      "Target": "Parameter",
      "Id": "TUSHE",
      "FadeInTime": -1.0,
      "FadeOutTime": -1.0,
      "Segments": [
        0,
        0,
        0,
        4,
        0
      ]
    },
    {
      "Target": "Parameter",
      "Id": "ParamBrowLAngle",
      "FadeInTime": -1.0,
      "FadeOutTime": -1.0,
      "Segments": [
        0,
        1,
        0,
        4,
        1
      ]
    },
    {
      "Target": "Parameter",
      "Id": "ParamBrowLForm",
      "FadeInTime": -1.0,
      "FadeOutTime": -1.0,
      "Segments": [
        0,
        -1,
        0,
        4,
        -1
      ]
    },
    {
      "Target": "Parameter",
      "Id": "ParamBrowRAngle",
      "FadeInTime": -1.0,
      "FadeOutTime": -1.0,
      "Segments": [
        0,
        1,
        0,
        4,
        1
      ]
    },
    {
      "Target": "Parameter",
      "Id": "ParamBrowRForm",
      "FadeInTime": -1.0,
      "FadeOutTime": -1.0,
      "Segments": [
        0,
        -1,
        0,
        4,
        -1
      ]
    },
    {
      "Target": "Parameter",
      "Id": "EYEL",
      "FadeInTime": -1.0,
      "FadeOutTime": -1.0,
      "Segments": [
        0,
        0,
        0,
        4,
        0
      ]
    },
    {
      "Target": "Parameter",
      "Id": "EYER",
      "FadeInTime": -1.0,
      "FadeOutTime": -1.0,
      "Segments": [
        0,
        0,
        0,
        4,
        0
      ]
    },
    {
      "Target": "Parameter",
      "Id": "EYEB",
      "FadeInTime": -1.0,
      "FadeOutTime": -1.0,
      "Segments": [
        0,
        0,
        0,
        4,
        0
      ]
    },
    {
      "Target": "Parameter",
      "Id": "XINGXING",
      "FadeInTime": -1.0,
      "FadeOutTime": -1.0,
      "Segments": [
        0,
        0,
        0,
        4,
        0
      ]
    },
    {
      "Target": "Parameter",
      "Id": "AIXIN",
      "FadeInTime": -1.0,
      "FadeOutTime": -1.0,
      "Segments": [
        0,
        0,
        0,
        4,
        0
      ]
    },
    {
      "Target": "Parameter",
      "Id": "ldrq",
      "FadeInTime": -1.0,
      "FadeOutTime": -1.0,
      "Segments": [
        0,
        0,
        0,
        4,
        0
      ]
    },
    {
      "Target": "Parameter",
      "Id": "ldrq2",
      "FadeInTime": -1.0,
      "FadeOutTime": -1.0,
      "Segments": [
        0,
        0,
        0,
        4,
        0
      ]
    },
    {
      "Target": "Parameter",
      "Id": "ParamEyeBall_lightA",
      "FadeInTime": -1.0,
      "FadeOutTime": -1.0,
      "Segments": [
        0,
        0,
        0,
        4,
        0
      ]
    },
    {
      "Target": "Parameter",
      "Id": "ParamEyeBall_lightB",
      "FadeInTime": -1.0,
      "FadeOutTime": -1.0,
      "Segments": [
        0,
        0,
        0,
        4,
        0
      ]
    },
    {
      "Target": "Parameter",
      "Id": "sq",
      "FadeInTime": -1.0,
      "FadeOutTime": -1.0,
      "Segments": [
        0,
        0,
        0,
        4,
        0
      ]
    },
    {
      "Target": "Parameter",
      "Id": "hltmd",
      "FadeInTime": -1.0,
      "FadeOutTime": -1.0,
      "Segments": [
        0,
        0,
        0,
        4,
        0
      ]
    },
    {
      "Target": "Parameter",
      "Id": "ParamAngleZ",
      "FadeInTime": -1.0,
      "FadeOutTime": -1.0,
      "Segments": [
        0,
        0,
        0,
        4,
        0
      ]
    },
    {
      "Target": "Parameter",
      "Id": "ParamAngleZA",
      "FadeInTime": -1.0,
      "FadeOutTime": -1.0,
      "Segments": [
        0,
        -2.256,
        0,
        4,
        -2.256
      ]
    },
    {
      "Target": "Parameter",
      "Id": "ParamAngleZB",
      "FadeInTime": -1.0,
      "FadeOutTime": -1.0,
      "Segments": [
        0,
        -11.123,
        0,
        4,
        -11.123
      ]
    },
    {
      "Target": "Parameter",
      "Id": "Ljianshangxia",
      "FadeInTime": -1.0,
      "FadeOutTime": -1.0,
      "Segments": [
        0,
        0,
        0,
        4,
        0
      ]
    },
    {
      "Target": "Parameter",
      "Id": "rjianshangxia2",
      "FadeInTime": -1.0,
      "FadeOutTime": -1.0,
      "Segments": [
        0,
        0,
        0,
        4,
        0
      ]
    },
    {
      "Target": "Parameter",
      "Id": "ParamBodyAngleY2",
      "FadeInTime": -1.0,
      "FadeOutTime": -1.0,
      "Segments": [
        0,
        0,
        0,
        4,
        0
      ]
    },
    {
      "Target": "Parameter",
      "Id": "ParamBodyAngleZ",
      "FadeInTime": -1.0,
      "FadeOutTime": -1.0,
      "Segments": [
        0,
        0,
        0,
        4,
        0
      ]
    },
    {
      "Target": "Parameter",
      "Id": "yaoz",
      "FadeInTime": -1.0,
      "FadeOutTime": -1.0,
      "Segments": [
        0,
        0,
        0,
        4,
        0
      ]
    },
    {
      "Target": "Parameter",
      "Id": "yaoz2",
      "FadeInTime": -1.0,
      "FadeOutTime": -1.0,
      "Segments": [
        0,
        0,
        0,
        4,
        0
      ]
    },
    {
      "Target": "Parameter",
      "Id": "xsz",
      "FadeInTime": -1.0,
      "FadeOutTime": -1.0,
      "Segments": [
        0,
        0,
        0,
        4,
        0
      ]
    },
    {
      "Target": "Parameter",
      "Id": "opjyyy",
      "FadeInTime": -1.0,
      "FadeOutTime": -1.0,
      "Segments": [
        0,
        10,
        0,
        4,
        10
      ]
    },
    {
      "Target": "Parameter",
      "Id": "Lopjydx",
      "FadeInTime": -1.0,
      "FadeOutTime": -1.0,
      "Segments": [
        0,
        -5,
        0,
        4,
        -5
      ]
    },
    {
      "Target": "Parameter",
      "Id": "Lopjydx2",
      "FadeInTime": -1.0,
      "FadeOutTime": -1.0,
      "Segments": [
        0,
        -5,
        0,
        4,
        -5
      ]
    },
    {
      "Target": "Parameter",
      "Id": "XQBLQ",
      "FadeInTime": -1.0,
      "FadeOutTime": -1.0,
      "Segments": [
        0,
        0,
        0,
        4,
        0
      ]
    },
    {
      "Target": "Parameter",
      "Id": "lkk",
      "FadeInTime": -1.0,
      "FadeOutTime": -1.0,
      "Segments": [
        0,
        0,
        0,
        4,
        0
      ]
    },
    {
      "Target": "Parameter",
      "Id": "Ltuixz",
      "FadeInTime": -1.0,
      "FadeOutTime": -1.0,
      "Segments": [
        0,
        0,
        0,
        4,
        0
      ]
    },
    {
      "Target": "Parameter",
      "Id": "Ltuixz2",
      "FadeInTime": -1.0,
      "FadeOutTime": -1.0,
      "Segments": [
        0,
        0,
        0,
        4,
        0
      ]
    },
    {
      "Target": "Parameter",
      "Id": "Ltuixz3",
      "FadeInTime": -1.0,
      "FadeOutTime": -1.0,
      "Segments": [
        0,
        0,
        0,
        4,
        0
      ]
    },
    {
      "Target": "Parameter",
      "Id": "Ltuixz4",
      "FadeInTime": -1.0,
      "FadeOutTime": -1.0,
      "Segments": [
        0,
        0,
        0,
        4,
        0
      ]
    },
    {
      "Target": "Parameter",
      "Id": "zbxz3",
      "FadeInTime": -1.0,
      "FadeOutTime": -1.0,
      "Segments": [
        0,
        0,
        0,
        4,
        0
      ]
    },
    {
      "Target": "Parameter",
      "Id": "zbxz4",
      "FadeInTime": -1.0,
      "FadeOutTime": -1.0,
      "Segments": [
        0,
        10,
        0,
        4,
        10
      ]
    },
    {
      "Target": "Parameter",
      "Id": "scsbqh",
      "FadeInTime": -1.0,
      "FadeOutTime": -1.0,
      "Segments": [
        0,
        0,
        0,
        4,
        0
      ]
    },
    {
      "Target": "Parameter",
      "Id": "scsbqh2",
      "FadeInTime": -1.0,
      "FadeOutTime": -1.0,
      "Segments": [
        0,
        0,
        0,
        4,
        0
      ]
    },
    {
      "Target": "Parameter",
      "Id": "lysdbl",
      "FadeInTime": -1.0,
      "FadeOutTime": -1.0,
      "Segments": [
        0,
        0,
        0,
        4,
        0
      ]
    },
    {
      "Target": "Parameter",
      "Id": "lysdbl2",
      "FadeInTime": -1.0,
      "FadeOutTime": -1.0,
      "Segments": [
        0,
        0,
        0,
        4,
        0
      ]
    },
    {
      "Target": "Parameter",
      "Id": "ysqh2",
      "FadeInTime": -1.0,
      "FadeOutTime": -1.0,
      "Segments": [
        0,
        3,
        0,
        4,
        3
      ]
    },
    {
      "Target": "Parameter",
      "Id": "ysbh3",
      "FadeInTime": -1.0,
      "FadeOutTime": -1.0,
      "Segments": [
        0,
        0,
        0,
        4,
        0
      ]
    },
    {
      "Target": "Parameter",
      "Id": "ysbh4",
      "FadeInTime": -1.0,
      "FadeOutTime": -1.0,
      "Segments": [
        0,
        0,
        0,
        4,
        0
      ]
    },
    {
      "Target": "Parameter",
      "Id": "zhongzishensuo",
      "FadeInTime": -1.0,
      "FadeOutTime": -1.0,
      "Segments": [
        0,
        0,
        0,
        4,
        0
      ]
    },
    {
      "Target": "Parameter",
      "Id": "wumingzishensuo",
      "FadeInTime": -1.0,
      "FadeOutTime": -1.0,
      "Segments": [
        0,
        0,
        0,
        4,
        0
      ]
    },
    {
      "Target": "Parameter",
      "Id": "xiaomuzishensuo",
      "FadeInTime": -1.0,
      "FadeOutTime": -1.0,
      "Segments": [
        0,
        0,
        0,
        4,
        0
      ]
    },
    {
      "Target": "Parameter",
      "Id": "pigushouzhuahenshendu",
      "FadeInTime": -1.0,
      "FadeOutTime": -1.0,
      "Segments": [
        0,
        0,
        0,
        4,
        0
      ]
    },
    {
      "Target": "Parameter",
      "Id": "pgszhjd",
      "FadeInTime": -1.0,
      "FadeOutTime": -1.0,
      "Segments": [
        0,
        0,
        0,
        4,
        0
      ]
    },
    {
      "Target": "Parameter",
      "Id": "ydbxz",
      "FadeInTime": -1.0,
      "FadeOutTime": -1.0,
      "Segments": [
        0,
        -0.66,
        0,
        4,
        -0.66
      ]
    },
    {
      "Target": "Parameter",
      "Id": "ysyxbtc",
      "FadeInTime": -1.0,
      "FadeOutTime": -1.0,
      "Segments": [
        0,
        0,
        0,
        4,
        0
      ]
    },
    {
      "Target": "Parameter",
      "Id": "yxbxz",
      "FadeInTime": -1.0,
      "FadeOutTime": -1.0,
      "Segments": [
        0,
        -25.64,
        0,
        4,
        -25.64
      ]
    },
    {
      "Target": "Parameter",
      "Id": "yxbxz4",
      "FadeInTime": -1.0,
      "FadeOutTime": -1.0,
      "Segments": [
        0,
        14,
        0,
        4,
        14
      ]
    },
    {
      "Target": "Parameter",
      "Id": "yxbxz3",
      "FadeInTime": -1.0,
      "FadeOutTime": -1.0,
      "Segments": [
        0,
        15,
        0,
        4,
        15
      ]
    },
    {
      "Target": "Parameter",
      "Id": "mtdbtmd",
      "FadeInTime": -1.0,
      "FadeOutTime": -1.0,
      "Segments": [
        0,
        0,
        0,
        4,
        0
      ]
    },
    {
      "Target": "Parameter",
      "Id": "mtdbtmd2",
      "FadeInTime": -1.0,
      "FadeOutTime": -1.0,
      "Segments": [
        0,
        0,
        0,
        4,
        0
      ]
    },
    {
      "Target": "Parameter",
      "Id": "lysrdb",
      "FadeInTime": -1.0,
      "FadeOutTime": -1.0,
      "Segments": [
        0,
        0,
        0,
        4,
        0
      ]
    },
    {
      "Target": "Parameter",
      "Id": "lysrdb2",
      "FadeInTime": -1.0,
      "FadeOutTime": -1.0,
      "Segments": [
        0,
        0,
        0,
        4,
        0
      ]
    },
    {
      "Target": "Parameter",
      "Id": "yxbxz2",
      "FadeInTime": -1.0,
      "FadeOutTime": -1.0,
      "Segments": [
        0,
        0,
        0,
        4,
        0
      ]
    },
    {
      "Target": "Parameter",
      "Id": "ysqh",
      "FadeInTime": -1.0,
      "FadeOutTime": -1.0,
      "Segments": [
        0,
        0,
        0,
        4,
        0
      ]
    },
    {
      "Target": "Parameter",
      "Id": "xbtmd",
      "FadeInTime": -1.0,
      "FadeOutTime": -1.0,
      "Segments": [
        0,
        0,
        0,
        4,
        0
      ]
    },
    {
      "Target": "Parameter",
      "Id": "xbtmd5",
      "FadeInTime": -1.0,
      "FadeOutTime": -1.0,
      "Segments": [
        0,
        0,
        0,
        4,
        0
      ]
    },
    {
      "Target": "Parameter",
      "Id": "xbtmd2",
      "FadeInTime": -1.0,
      "FadeOutTime": -1.0,
      "Segments": [
        0,
        0,
        0,
        4,
        0
      ]
    },
    {
      "Target": "Parameter",
      "Id": "xbtmd3",
      "FadeInTime": -1.0,
      "FadeOutTime": -1.0,
      "Segments": [
        0,
        0,
        0,
        4,
        0
      ]
    },
    {
      "Target": "Parameter",
      "Id": "xbtmd4",
      "FadeInTime": -1.0,
      "FadeOutTime": -1.0,
      "Segments": [
        0,
        0,
        0,
        4,
        0
      ]
    },
    {
      "Target": "Parameter",
      "Id": "ysbh",
      "FadeInTime": -1.0,
      "FadeOutTime": -1.0,
      "Segments": [
        0,
        0,
        0,
        4,
        0
      ]
    },
    {
      "Target": "Parameter",
      "Id": "ysbh2",
      "FadeInTime": -1.0,
      "FadeOutTime": -1.0,
      "Segments": [
        0,
        0,
        0,
        4,
        0
      ]
    },
    {
      "Target": "Parameter",
      "Id": "yxz",
      "FadeInTime": -1.0,
      "FadeOutTime": -1.0,
      "Segments": [
        0,
        0,
        0,
        4,
        0
      ]
    },
    {
      "Target": "Parameter",
      "Id": "yxz2",
      "FadeInTime": -1.0,
      "FadeOutTime": -1.0,
      "Segments": [
        0,
        0,
        0,
        4,
        0
      ]
    },
    {
      "Target": "Parameter",
      "Id": "dbxzx",
      "FadeInTime": -1.0,
      "FadeOutTime": -1.0,
      "Segments": [
        0,
        0,
        0,
        4,
        0
      ]
    },
    {
      "Target": "Parameter",
      "Id": "dbxzx2",
      "FadeInTime": -1.0,
      "FadeOutTime": -1.0,
      "Segments": [
        0,
        0,
        0,
        4,
        0
      ]
    },
    {
      "Target": "Parameter",
      "Id": "DJSBTMD",
      "FadeInTime": -1.0,
      "FadeOutTime": -1.0,
      "Segments": [
        0,
        10,
        0,
        4,
        10
      ]
    },
    {
      "Target": "Parameter",
      "Id": "djwlkg",
      "FadeInTime": -1.0,
      "FadeOutTime": -1.0,
      "Segments": [
        0,
        0,
        0,
        4,
        0
      ]
    },
    {
      "Target": "Parameter",
      "Id": "tzwl",
      "FadeInTime": -1.0,
      "FadeOutTime": -1.0,
      "Segments": [
        0,
        0,
        0,
        4,
        0
      ]
    },
    {
      "Target": "Parameter",
      "Id": "qswlx",
      "FadeInTime": -1.0,
      "FadeOutTime": -1.0,
      "Segments": [
        0,
        0,
        0,
        4,
        0
      ]
    },
    {
      "Target": "Parameter",
      "Id": "qswlx3",
      "FadeInTime": -1.0,
      "FadeOutTime": -1.0,
      "Segments": [
        0,
        0,
        0,
        4,
        0
      ]
    },
    {
      "Target": "Parameter",
      "Id": "qswlx4",
      "FadeInTime": -1.0,
      "FadeOutTime": -1.0,
      "Segments": [
        0,
        0,
        0,
        4,
        0
      ]
    },
    {
      "Target": "Parameter",
      "Id": "tbzwl",
      "FadeInTime": -1.0,
      "FadeOutTime": -1.0,
      "Segments": [
        0,
        0,
        0,
        4,
        0
      ]
    },
    {
      "Target": "Parameter",
      "Id": "qswlx2",
      "FadeInTime": -1.0,
      "FadeOutTime": -1.0,
      "Segments": [
        0,
        0,
        0,
        4,
        0
      ]
    }
  ],
  "UserData": [
    {
      "Time": 0.0,
      "Value": ""
    },
    {
      "Time": 3.5,
      "Value": ""
    }
  ]
}