{
  "Version": 3,
  "Meta": {
    "PhysicsSettingCount": 12,
    "TotalInputCount": 36,
    "TotalOutputCount": 32,
    "VertexCount": 48,
    "EffectiveForces": {
      "Gravity": {
        "X": 0,
        "Y": -1
      },
      "Wind": {
        "X": 0,
        "Y": 0
      }
    },
    "PhysicsDictionary": [
      {
        "Id": "PhysicsSetting1",
        "Name": "Dummy1"
      },
      {
        "Id": "PhysicsSetting2",
        "Name": "Dummy2"
      },
      {
        "Id": "PhysicsSetting3",
        "Name": "Dummy3"
      },
      {
        "Id": "PhysicsSetting4",
        "Name": "Dummy4"
      },
      {
        "Id": "PhysicsSetting5",
        "Name": "Dummy5"
      },
      {
        "Id": "PhysicsSetting6",
        "Name": "Dummy6"
      },
      {
        "Id": "PhysicsSetting7",
        "Name": "Dummy7"
      },
      {
        "Id": "PhysicsSetting8",
        "Name": "Dummy8"
      },
      {
        "Id": "PhysicsSetting9",
        "Name": "Dummy9"
      },
      {
        "Id": "PhysicsSetting10",
        "Name": "Dummy10"
      },
      {
        "Id": "PhysicsSetting11",
        "Name": "Dummy11"
      },
      {
        "Id": "PhysicsSetting12",
        "Name": "Dummy12"
      }
    ]
  },
  "PhysicsSettings": [
    {
      "Id": "PhysicsSetting1",
      "Input": [
        {
          "Source": {
            "Target": "Parameter",
            "Id": "ParamAngleX"
          },
          "Weight": 25,
          "Type": "X",
          "Reflect": false
        },
        {
          "Source": {
            "Target": "Parameter",
            "Id": "ParamAngleY"
          },
          "Weight": 25,
          "Type": "X",
          "Reflect": false
        },
        {
          "Source": {
            "Target": "Parameter",
            "Id": "sdwuli"
          },
          "Weight": 25,
          "Type": "X",
          "Reflect": false
        }
      ],
      "Output": [
        {
          "Destination": {
            "Target": "Parameter",
            "Id": "sahys1"
          },
          "VertexIndex": 2,
          "Scale": 19.597,
          "Weight": 100,
          "Type": "Angle",
          "Reflect": false
        },
        {
          "Destination": {
            "Target": "Parameter",
            "Id": "sahys2"
          },
          "VertexIndex": 3,
          "Scale": 27.073,
          "Weight": 100,
          "Type": "Angle",
          "Reflect": false
        }
      ],
      "Vertices": [
        {
          "Position": {
            "X": 0,
            "Y": 0
          },
          "Mobility": 0.75,
          "Delay": 1,
          "Acceleration": 0.95,
          "Radius": 0
        },
        {
          "Position": {
            "X": 0,
            "Y": 10
          },
          "Mobility": 0.93,
          "Delay": 1,
          "Acceleration": 0.95,
          "Radius": 10
        },
        {
          "Position": {
            "X": 0,
            "Y": 17
          },
          "Mobility": 0.75,
          "Delay": 0.8,
          "Acceleration": 0.95,
          "Radius": 7
        },
        {
          "Position": {
            "X": 0,
            "Y": 24
          },
          "Mobility": 0.75,
          "Delay": 0.8,
          "Acceleration": 0.95,
          "Radius": 7
        }
      ],
      "Normalization": {
        "Position": {
          "Minimum": -10,
          "Default": 0,
          "Maximum": 10
        },
        "Angle": {
          "Minimum": -10,
          "Default": 0,
          "Maximum": 10
        }
      }
    },
    {
      "Id": "PhysicsSetting2",
      "Input": [
        {
          "Source": {
            "Target": "Parameter",
            "Id": "ParamAngleX"
          },
          "Weight": 25,
          "Type": "X",
          "Reflect": false
        },
        {
          "Source": {
            "Target": "Parameter",
            "Id": "ParamAngleY"
          },
          "Weight": 25,
          "Type": "X",
          "Reflect": false
        },
        {
          "Source": {
            "Target": "Parameter",
            "Id": "sdwuli"
          },
          "Weight": 25,
          "Type": "X",
          "Reflect": false
        }
      ],
      "Output": [
        {
          "Destination": {
            "Target": "Parameter",
            "Id": "qianfawl1"
          },
          "VertexIndex": 1,
          "Scale": 37,
          "Weight": 100,
          "Type": "Angle",
          "Reflect": false
        },
        {
          "Destination": {
            "Target": "Parameter",
            "Id": "qianfawl2"
          },
          "VertexIndex": 2,
          "Scale": 28,
          "Weight": 100,
          "Type": "Angle",
          "Reflect": false
        },
        {
          "Destination": {
            "Target": "Parameter",
            "Id": "qianfawl3"
          },
          "VertexIndex": 3,
          "Scale": 28,
          "Weight": 100,
          "Type": "Angle",
          "Reflect": false
        }
      ],
      "Vertices": [
        {
          "Position": {
            "X": 0,
            "Y": 0
          },
          "Mobility": 0.93,
          "Delay": 0.95,
          "Acceleration": 0.95,
          "Radius": 7
        },
        {
          "Position": {
            "X": 0,
            "Y": 10
          },
          "Mobility": 0.93,
          "Delay": 0.95,
          "Acceleration": 0.95,
          "Radius": 10
        },
        {
          "Position": {
            "X": 0,
            "Y": 17
          },
          "Mobility": 0.9,
          "Delay": 0.95,
          "Acceleration": 0.95,
          "Radius": 7
        },
        {
          "Position": {
            "X": 0,
            "Y": 24
          },
          "Mobility": 0.9,
          "Delay": 0.95,
          "Acceleration": 0.95,
          "Radius": 7
        }
      ],
      "Normalization": {
        "Position": {
          "Minimum": -10,
          "Default": 0,
          "Maximum": 10
        },
        "Angle": {
          "Minimum": -10,
          "Default": 0,
          "Maximum": 10
        }
      }
    },
    {
      "Id": "PhysicsSetting3",
      "Input": [
        {
          "Source": {
            "Target": "Parameter",
            "Id": "ParamAngleX"
          },
          "Weight": 25,
          "Type": "X",
          "Reflect": false
        },
        {
          "Source": {
            "Target": "Parameter",
            "Id": "ParamAngleY"
          },
          "Weight": 25,
          "Type": "X",
          "Reflect": false
        },
        {
          "Source": {
            "Target": "Parameter",
            "Id": "sdwuli"
          },
          "Weight": 25,
          "Type": "X",
          "Reflect": false
        }
      ],
      "Output": [
        {
          "Destination": {
            "Target": "Parameter",
            "Id": "qianfamo"
          },
          "VertexIndex": 1,
          "Scale": 35,
          "Weight": 100,
          "Type": "Angle",
          "Reflect": false
        },
        {
          "Destination": {
            "Target": "Parameter",
            "Id": "qianfamo2"
          },
          "VertexIndex": 2,
          "Scale": 30,
          "Weight": 100,
          "Type": "Angle",
          "Reflect": false
        },
        {
          "Destination": {
            "Target": "Parameter",
            "Id": "qianfamo3"
          },
          "VertexIndex": 3,
          "Scale": 30,
          "Weight": 100,
          "Type": "Angle",
          "Reflect": false
        }
      ],
      "Vertices": [
        {
          "Position": {
            "X": 0,
            "Y": 0
          },
          "Mobility": 0.93,
          "Delay": 0.95,
          "Acceleration": 0.9,
          "Radius": 7
        },
        {
          "Position": {
            "X": 0,
            "Y": 10
          },
          "Mobility": 0.9,
          "Delay": 0.95,
          "Acceleration": 0.9,
          "Radius": 10
        },
        {
          "Position": {
            "X": 0,
            "Y": 17
          },
          "Mobility": 0.9,
          "Delay": 0.95,
          "Acceleration": 0.9,
          "Radius": 7
        },
        {
          "Position": {
            "X": 0,
            "Y": 24
          },
          "Mobility": 0.9,
          "Delay": 0.95,
          "Acceleration": 0.9,
          "Radius": 7
        }
      ],
      "Normalization": {
        "Position": {
          "Minimum": -10,
          "Default": 0,
          "Maximum": 10
        },
        "Angle": {
          "Minimum": -10,
          "Default": 0,
          "Maximum": 10
        }
      }
    },
    {
      "Id": "PhysicsSetting4",
      "Input": [
        {
          "Source": {
            "Target": "Parameter",
            "Id": "ParamAngleX"
          },
          "Weight": 25,
          "Type": "X",
          "Reflect": false
        },
        {
          "Source": {
            "Target": "Parameter",
            "Id": "ParamAngleY"
          },
          "Weight": 25,
          "Type": "X",
          "Reflect": false
        },
        {
          "Source": {
            "Target": "Parameter",
            "Id": "sdwuli"
          },
          "Weight": 25,
          "Type": "X",
          "Reflect": false
        }
      ],
      "Output": [
        {
          "Destination": {
            "Target": "Parameter",
            "Id": "cefa1"
          },
          "VertexIndex": 1,
          "Scale": 43.746,
          "Weight": 100,
          "Type": "Angle",
          "Reflect": false
        },
        {
          "Destination": {
            "Target": "Parameter",
            "Id": "cefa2"
          },
          "VertexIndex": 2,
          "Scale": 18.526,
          "Weight": 100,
          "Type": "Angle",
          "Reflect": false
        },
        {
          "Destination": {
            "Target": "Parameter",
            "Id": "cefa3"
          },
          "VertexIndex": 3,
          "Scale": 23.719,
          "Weight": 100,
          "Type": "Angle",
          "Reflect": false
        }
      ],
      "Vertices": [
        {
          "Position": {
            "X": 0,
            "Y": 0
          },
          "Mobility": 0.93,
          "Delay": 0.95,
          "Acceleration": 0.95,
          "Radius": 0
        },
        {
          "Position": {
            "X": 0,
            "Y": 15
          },
          "Mobility": 0.98,
          "Delay": 0.8,
          "Acceleration": 1.5,
          "Radius": 15
        },
        {
          "Position": {
            "X": 0,
            "Y": 20
          },
          "Mobility": 0.9,
          "Delay": 0.8,
          "Acceleration": 1,
          "Radius": 5
        },
        {
          "Position": {
            "X": 0,
            "Y": 25
          },
          "Mobility": 0.9,
          "Delay": 0.8,
          "Acceleration": 1,
          "Radius": 5
        }
      ],
      "Normalization": {
        "Position": {
          "Minimum": -10,
          "Default": 0,
          "Maximum": 10
        },
        "Angle": {
          "Minimum": -10,
          "Default": 0,
          "Maximum": 10
        }
      }
    },
    {
      "Id": "PhysicsSetting5",
      "Input": [
        {
          "Source": {
            "Target": "Parameter",
            "Id": "ParamAngleX"
          },
          "Weight": 25,
          "Type": "X",
          "Reflect": false
        },
        {
          "Source": {
            "Target": "Parameter",
            "Id": "ParamAngleY"
          },
          "Weight": 25,
          "Type": "X",
          "Reflect": false
        },
        {
          "Source": {
            "Target": "Parameter",
            "Id": "sdwuli"
          },
          "Weight": 25,
          "Type": "X",
          "Reflect": false
        }
      ],
      "Output": [
        {
          "Destination": {
            "Target": "Parameter",
            "Id": "Ljiaoshi1"
          },
          "VertexIndex": 1,
          "Scale": 36.309,
          "Weight": 100,
          "Type": "Angle",
          "Reflect": false
        },
        {
          "Destination": {
            "Target": "Parameter",
            "Id": "Ljiaoshi2"
          },
          "VertexIndex": 2,
          "Scale": 16.866,
          "Weight": 100,
          "Type": "Angle",
          "Reflect": false
        },
        {
          "Destination": {
            "Target": "Parameter",
            "Id": "Ljiaoshi3"
          },
          "VertexIndex": 3,
          "Scale": 20.063,
          "Weight": 100,
          "Type": "Angle",
          "Reflect": false
        }
      ],
      "Vertices": [
        {
          "Position": {
            "X": 0,
            "Y": 0
          },
          "Mobility": 0.92,
          "Delay": 0.95,
          "Acceleration": 0.95,
          "Radius": 0
        },
        {
          "Position": {
            "X": 0,
            "Y": 15
          },
          "Mobility": 0.98,
          "Delay": 0.8,
          "Acceleration": 1.5,
          "Radius": 15
        },
        {
          "Position": {
            "X": 0,
            "Y": 20
          },
          "Mobility": 0.9,
          "Delay": 0.8,
          "Acceleration": 1,
          "Radius": 5
        },
        {
          "Position": {
            "X": 0,
            "Y": 25
          },
          "Mobility": 0.9,
          "Delay": 0.8,
          "Acceleration": 1,
          "Radius": 5
        }
      ],
      "Normalization": {
        "Position": {
          "Minimum": -10,
          "Default": 0,
          "Maximum": 10
        },
        "Angle": {
          "Minimum": -10,
          "Default": 0,
          "Maximum": 10
        }
      }
    },
    {
      "Id": "PhysicsSetting6",
      "Input": [
        {
          "Source": {
            "Target": "Parameter",
            "Id": "ParamAngleX"
          },
          "Weight": 25,
          "Type": "X",
          "Reflect": false
        },
        {
          "Source": {
            "Target": "Parameter",
            "Id": "ParamAngleY"
          },
          "Weight": 25,
          "Type": "X",
          "Reflect": false
        },
        {
          "Source": {
            "Target": "Parameter",
            "Id": "sdwuli"
          },
          "Weight": 25,
          "Type": "X",
          "Reflect": false
        }
      ],
      "Output": [
        {
          "Destination": {
            "Target": "Parameter",
            "Id": "Ljiaoshi4"
          },
          "VertexIndex": 1,
          "Scale": 68.558,
          "Weight": 100,
          "Type": "Angle",
          "Reflect": false
        },
        {
          "Destination": {
            "Target": "Parameter",
            "Id": "Ljiaols"
          },
          "VertexIndex": 2,
          "Scale": 29.428,
          "Weight": 100,
          "Type": "Angle",
          "Reflect": false
        },
        {
          "Destination": {
            "Target": "Parameter",
            "Id": "Ljiaols2"
          },
          "VertexIndex": 3,
          "Scale": 29.036,
          "Weight": 100,
          "Type": "Angle",
          "Reflect": false
        }
      ],
      "Vertices": [
        {
          "Position": {
            "X": 0,
            "Y": 0
          },
          "Mobility": 0.94,
          "Delay": 0.95,
          "Acceleration": 0.9,
          "Radius": 6
        },
        {
          "Position": {
            "X": 0,
            "Y": 15
          },
          "Mobility": 0.98,
          "Delay": 0.8,
          "Acceleration": 1.5,
          "Radius": 15
        },
        {
          "Position": {
            "X": 0,
            "Y": 20
          },
          "Mobility": 0.9,
          "Delay": 0.8,
          "Acceleration": 1,
          "Radius": 5
        },
        {
          "Position": {
            "X": 0,
            "Y": 25
          },
          "Mobility": 0.9,
          "Delay": 0.8,
          "Acceleration": 1,
          "Radius": 5
        }
      ],
      "Normalization": {
        "Position": {
          "Minimum": -10,
          "Default": 0,
          "Maximum": 10
        },
        "Angle": {
          "Minimum": -10,
          "Default": 0,
          "Maximum": 10
        }
      }
    },
    {
      "Id": "PhysicsSetting7",
      "Input": [
        {
          "Source": {
            "Target": "Parameter",
            "Id": "ParamAngleX"
          },
          "Weight": 25,
          "Type": "X",
          "Reflect": false
        },
        {
          "Source": {
            "Target": "Parameter",
            "Id": "ParamAngleY"
          },
          "Weight": 25,
          "Type": "X",
          "Reflect": false
        },
        {
          "Source": {
            "Target": "Parameter",
            "Id": "sdwuli"
          },
          "Weight": 25,
          "Type": "X",
          "Reflect": false
        },
        {
          "Source": {
            "Target": "Parameter",
            "Id": "ParamBodyAngleY"
          },
          "Weight": 25,
          "Type": "X",
          "Reflect": false
        }
      ],
      "Output": [
        {
          "Destination": {
            "Target": "Parameter",
            "Id": "xionglian1"
          },
          "VertexIndex": 2,
          "Scale": 21.352,
          "Weight": 100,
          "Type": "Angle",
          "Reflect": false
        },
        {
          "Destination": {
            "Target": "Parameter",
            "Id": "xionglian2"
          },
          "VertexIndex": 3,
          "Scale": 13.545,
          "Weight": 100,
          "Type": "Angle",
          "Reflect": false
        }
      ],
      "Vertices": [
        {
          "Position": {
            "X": 0,
            "Y": 0
          },
          "Mobility": 0.94,
          "Delay": 0.85,
          "Acceleration": 1,
          "Radius": 7
        },
        {
          "Position": {
            "X": 0,
            "Y": 6
          },
          "Mobility": 0.94,
          "Delay": 1,
          "Acceleration": 1.2,
          "Radius": 6
        },
        {
          "Position": {
            "X": 0,
            "Y": 13
          },
          "Mobility": 0.94,
          "Delay": 0.85,
          "Acceleration": 1.3,
          "Radius": 7
        },
        {
          "Position": {
            "X": 0,
            "Y": 21
          },
          "Mobility": 0.94,
          "Delay": 0.9,
          "Acceleration": 1.3,
          "Radius": 8
        }
      ],
      "Normalization": {
        "Position": {
          "Minimum": -10,
          "Default": 0,
          "Maximum": 10
        },
        "Angle": {
          "Minimum": -10,
          "Default": 0,
          "Maximum": 10
        }
      }
    },
    {
      "Id": "PhysicsSetting8",
      "Input": [
        {
          "Source": {
            "Target": "Parameter",
            "Id": "ParamAngleX"
          },
          "Weight": 25,
          "Type": "X",
          "Reflect": false
        },
        {
          "Source": {
            "Target": "Parameter",
            "Id": "ParamAngleY"
          },
          "Weight": 25,
          "Type": "X",
          "Reflect": false
        },
        {
          "Source": {
            "Target": "Parameter",
            "Id": "sdwuli"
          },
          "Weight": 18,
          "Type": "X",
          "Reflect": false
        },
        {
          "Source": {
            "Target": "Parameter",
            "Id": "ParamBodyAngleY"
          },
          "Weight": 18,
          "Type": "X",
          "Reflect": false
        }
      ],
      "Output": [
        {
          "Destination": {
            "Target": "Parameter",
            "Id": "Lniawl1"
          },
          "VertexIndex": 2,
          "Scale": 30,
          "Weight": 100,
          "Type": "Angle",
          "Reflect": false
        },
        {
          "Destination": {
            "Target": "Parameter",
            "Id": "Lniawl2"
          },
          "VertexIndex": 3,
          "Scale": 30,
          "Weight": 100,
          "Type": "Angle",
          "Reflect": false
        },
        {
          "Destination": {
            "Target": "Parameter",
            "Id": "Rniawl1"
          },
          "VertexIndex": 2,
          "Scale": 30,
          "Weight": 100,
          "Type": "Angle",
          "Reflect": false
        },
        {
          "Destination": {
            "Target": "Parameter",
            "Id": "Rniawl2"
          },
          "VertexIndex": 3,
          "Scale": 30,
          "Weight": 100,
          "Type": "Angle",
          "Reflect": true
        }
      ],
      "Vertices": [
        {
          "Position": {
            "X": 0,
            "Y": 0
          },
          "Mobility": 0.93,
          "Delay": 1.2,
          "Acceleration": 0.9,
          "Radius": 0
        },
        {
          "Position": {
            "X": 0,
            "Y": 3
          },
          "Mobility": 0.8,
          "Delay": 1.2,
          "Acceleration": 0.5,
          "Radius": 3
        },
        {
          "Position": {
            "X": 0,
            "Y": 13
          },
          "Mobility": 0.8,
          "Delay": 1.2,
          "Acceleration": 1,
          "Radius": 10
        },
        {
          "Position": {
            "X": 0,
            "Y": 23
          },
          "Mobility": 0.9,
          "Delay": 1.1,
          "Acceleration": 1.4,
          "Radius": 10
        }
      ],
      "Normalization": {
        "Position": {
          "Minimum": -10,
          "Default": 0,
          "Maximum": 10
        },
        "Angle": {
          "Minimum": -10,
          "Default": 0,
          "Maximum": 10
        }
      }
    },
    {
      "Id": "PhysicsSetting9",
      "Input": [
        {
          "Source": {
            "Target": "Parameter",
            "Id": "touch_drag2"
          },
          "Weight": 50,
          "Type": "X",
          "Reflect": true
        }
      ],
      "Output": [
        {
          "Destination": {
            "Target": "Parameter",
            "Id": "Rniawl3"
          },
          "VertexIndex": 2,
          "Scale": 7,
          "Weight": 100,
          "Type": "Angle",
          "Reflect": false
        },
        {
          "Destination": {
            "Target": "Parameter",
            "Id": "Rniawl4"
          },
          "VertexIndex": 3,
          "Scale": 7,
          "Weight": 100,
          "Type": "Angle",
          "Reflect": false
        }
      ],
      "Vertices": [
        {
          "Position": {
            "X": 0,
            "Y": 0
          },
          "Mobility": 0.93,
          "Delay": 1.2,
          "Acceleration": 0.9,
          "Radius": 0
        },
        {
          "Position": {
            "X": 0,
            "Y": 4
          },
          "Mobility": 0.93,
          "Delay": 1.1,
          "Acceleration": 1.6,
          "Radius": 4
        },
        {
          "Position": {
            "X": 0,
            "Y": 9
          },
          "Mobility": 0.86,
          "Delay": 1.2,
          "Acceleration": 1.8,
          "Radius": 5
        },
        {
          "Position": {
            "X": 0,
            "Y": 14
          },
          "Mobility": 0.86,
          "Delay": 1.2,
          "Acceleration": 1.5,
          "Radius": 5
        }
      ],
      "Normalization": {
        "Position": {
          "Minimum": -10,
          "Default": 0,
          "Maximum": 10
        },
        "Angle": {
          "Minimum": -10,
          "Default": 0,
          "Maximum": 10
        }
      }
    },
    {
      "Id": "PhysicsSetting10",
      "Input": [
        {
          "Source": {
            "Target": "Parameter",
            "Id": "touch_drag3"
          },
          "Weight": 30,
          "Type": "X",
          "Reflect": false
        },
        {
          "Source": {
            "Target": "Parameter",
            "Id": "touch_drag4"
          },
          "Weight": 30,
          "Type": "X",
          "Reflect": false
        },
        {
          "Source": {
            "Target": "Parameter",
            "Id": "touch_drag5"
          },
          "Weight": 30,
          "Type": "X",
          "Reflect": false
        }
      ],
      "Output": [
        {
          "Destination": {
            "Target": "Parameter",
            "Id": "Rniawl5"
          },
          "VertexIndex": 2,
          "Scale": 8,
          "Weight": 100,
          "Type": "Angle",
          "Reflect": false
        },
        {
          "Destination": {
            "Target": "Parameter",
            "Id": "Rniawl6"
          },
          "VertexIndex": 3,
          "Scale": 8,
          "Weight": 100,
          "Type": "Angle",
          "Reflect": false
        }
      ],
      "Vertices": [
        {
          "Position": {
            "X": 0,
            "Y": 0
          },
          "Mobility": 0.93,
          "Delay": 1.2,
          "Acceleration": 0.9,
          "Radius": 0
        },
        {
          "Position": {
            "X": 0,
            "Y": 6
          },
          "Mobility": 0.96,
          "Delay": 1,
          "Acceleration": 1.6,
          "Radius": 6
        },
        {
          "Position": {
            "X": 0,
            "Y": 11
          },
          "Mobility": 0.85,
          "Delay": 1.2,
          "Acceleration": 1.6,
          "Radius": 5
        },
        {
          "Position": {
            "X": 0,
            "Y": 16
          },
          "Mobility": 0.85,
          "Delay": 1.2,
          "Acceleration": 1.7,
          "Radius": 5
        }
      ],
      "Normalization": {
        "Position": {
          "Minimum": -10,
          "Default": 0,
          "Maximum": 10
        },
        "Angle": {
          "Minimum": -10,
          "Default": 0,
          "Maximum": 10
        }
      }
    },
    {
      "Id": "PhysicsSetting11",
      "Input": [
        {
          "Source": {
            "Target": "Parameter",
            "Id": "shentixX"
          },
          "Weight": 50,
          "Type": "X",
          "Reflect": false
        },
        {
          "Source": {
            "Target": "Parameter",
            "Id": "Rjiaoxz"
          },
          "Weight": 25,
          "Type": "X",
          "Reflect": false
        },
        {
          "Source": {
            "Target": "Parameter",
            "Id": "sdwuli"
          },
          "Weight": 25,
          "Type": "X",
          "Reflect": false
        }
      ],
      "Output": [
        {
          "Destination": {
            "Target": "Parameter",
            "Id": "xionglian3"
          },
          "VertexIndex": 2,
          "Scale": 30.534,
          "Weight": 100,
          "Type": "Angle",
          "Reflect": false
        },
        {
          "Destination": {
            "Target": "Parameter",
            "Id": "xionglian4"
          },
          "VertexIndex": 3,
          "Scale": 45.523,
          "Weight": 100,
          "Type": "Angle",
          "Reflect": false
        }
      ],
      "Vertices": [
        {
          "Position": {
            "X": 0,
            "Y": 0
          },
          "Mobility": 0.75,
          "Delay": 1,
          "Acceleration": 0.95,
          "Radius": 0
        },
        {
          "Position": {
            "X": 0,
            "Y": 10
          },
          "Mobility": 0.93,
          "Delay": 1,
          "Acceleration": 0.95,
          "Radius": 10
        },
        {
          "Position": {
            "X": 0,
            "Y": 17
          },
          "Mobility": 0.75,
          "Delay": 0.8,
          "Acceleration": 0.95,
          "Radius": 7
        },
        {
          "Position": {
            "X": 0,
            "Y": 24
          },
          "Mobility": 0.75,
          "Delay": 0.8,
          "Acceleration": 0.95,
          "Radius": 7
        }
      ],
      "Normalization": {
        "Position": {
          "Minimum": -10,
          "Default": 0,
          "Maximum": 10
        },
        "Angle": {
          "Minimum": -10,
          "Default": 0,
          "Maximum": 10
        }
      }
    },
    {
      "Id": "PhysicsSetting12",
      "Input": [
        {
          "Source": {
            "Target": "Parameter",
            "Id": "shentixX"
          },
          "Weight": 50,
          "Type": "X",
          "Reflect": false
        },
        {
          "Source": {
            "Target": "Parameter",
            "Id": "Rjiaoxz"
          },
          "Weight": 25,
          "Type": "X",
          "Reflect": false
        },
        {
          "Source": {
            "Target": "Parameter",
            "Id": "sdwuli"
          },
          "Weight": 25,
          "Type": "X",
          "Reflect": false
        }
      ],
      "Output": [
        {
          "Destination": {
            "Target": "Parameter",
            "Id": "xionglian5"
          },
          "VertexIndex": 1,
          "Scale": 28.686,
          "Weight": 100,
          "Type": "Angle",
          "Reflect": false
        },
        {
          "Destination": {
            "Target": "Parameter",
            "Id": "xionglian6"
          },
          "VertexIndex": 2,
          "Scale": 50,
          "Weight": 100,
          "Type": "Angle",
          "Reflect": false
        },
        {
          "Destination": {
            "Target": "Parameter",
            "Id": "xionglian7"
          },
          "VertexIndex": 3,
          "Scale": 37.799,
          "Weight": 100,
          "Type": "Angle",
          "Reflect": false
        }
      ],
      "Vertices": [
        {
          "Position": {
            "X": 0,
            "Y": 0
          },
          "Mobility": 0.75,
          "Delay": 1,
          "Acceleration": 0.95,
          "Radius": 0
        },
        {
          "Position": {
            "X": 0,
            "Y": 10
          },
          "Mobility": 0.85,
          "Delay": 0.9,
          "Acceleration": 1,
          "Radius": 10
        },
        {
          "Position": {
            "X": 0,
            "Y": 20
          },
          "Mobility": 0.9,
          "Delay": 0.9,
          "Acceleration": 1,
          "Radius": 10
        },
        {
          "Position": {
            "X": 0,
            "Y": 28
          },
          "Mobility": 0.9,
          "Delay": 0.9,
          "Acceleration": 0.8,
          "Radius": 8
        }
      ],
      "Normalization": {
        "Position": {
          "Minimum": -10,
          "Default": 0,
          "Maximum": 10
        },
        "Angle": {
          "Minimum": -10,
          "Default": 0,
          "Maximum": 10
        }
      }
    }
  ]
}