{
  "Version": 3,
  "Meta": {
    "PhysicsSettingCount": 15,
    "TotalInputCount": 35,
    "TotalOutputCount": 21,
    "VertexCount": 104,
    "EffectiveForces": {
      "Gravity": {
        "X": 0,
        "Y": -1
      },
      "Wind": {
        "X": 0,
        "Y": 0
      }
    },
    "PhysicsDictionary": [
      {
        "Id": "PhysicsSetting1",
        "Name": "Dummy1"
      },
      {
        "Id": "PhysicsSetting2",
        "Name": "Dummy2"
      },
      {
        "Id": "PhysicsSetting3",
        "Name": "Dummy3"
      },
      {
        "Id": "PhysicsSetting4",
        "Name": "Dummy4"
      },
      {
        "Id": "PhysicsSetting5",
        "Name": "Dummy5"
      },
      {
        "Id": "PhysicsSetting6",
        "Name": "Dummy6"
      },
      {
        "Id": "PhysicsSetting7",
        "Name": "Dummy7"
      },
      {
        "Id": "PhysicsSetting8",
        "Name": "Dummy8"
      },
      {
        "Id": "PhysicsSetting9",
        "Name": "Dummy9"
      },
      {
        "Id": "PhysicsSetting10",
        "Name": "Dummy10"
      },
      {
        "Id": "PhysicsSetting11",
        "Name": "Dummy11"
      },
      {
        "Id": "PhysicsSetting12",
        "Name": "Dummy12"
      },
      {
        "Id": "PhysicsSetting13",
        "Name": "Dummy13"
      },
      {
        "Id": "PhysicsSetting14",
        "Name": "Dummy14"
      },
      {
        "Id": "PhysicsSetting15",
        "Name": "Dummy15"
      }
    ]
  },
  "PhysicsSettings": [
    {
      "Id": "PhysicsSetting1",
      "Input": [
        {
          "Source": {
            "Target": "Parameter",
            "Id": "ParamAngleY"
          },
          "Weight": 50,
          "Type": "X",
          "Reflect": false
        },
        {
          "Source": {
            "Target": "Parameter",
            "Id": "OP_physics"
          },
          "Weight": 50,
          "Type": "X",
          "Reflect": false
        }
      ],
      "Output": [],
      "Vertices": [
        {
          "Position": {
            "X": 0,
            "Y": 0
          },
          "Mobility": 0.9,
          "Delay": 0.8,
          "Acceleration": 1,
          "Radius": 5
        },
        {
          "Position": {
            "X": 0,
            "Y": 15
          },
          "Mobility": 0.98,
          "Delay": 0.8,
          "Acceleration": 1.5,
          "Radius": 15
        },
        {
          "Position": {
            "X": 0,
            "Y": 20
          },
          "Mobility": 0.9,
          "Delay": 0.8,
          "Acceleration": 1,
          "Radius": 5
        },
        {
          "Position": {
            "X": 0,
            "Y": 25
          },
          "Mobility": 0.9,
          "Delay": 0.8,
          "Acceleration": 1,
          "Radius": 5
        },
        {
          "Position": {
            "X": 0,
            "Y": 30
          },
          "Mobility": 0.9,
          "Delay": 0.8,
          "Acceleration": 1,
          "Radius": 5
        },
        {
          "Position": {
            "X": 0,
            "Y": 35
          },
          "Mobility": 0.9,
          "Delay": 0.8,
          "Acceleration": 1,
          "Radius": 5
        },
        {
          "Position": {
            "X": 0,
            "Y": 40
          },
          "Mobility": 0.9,
          "Delay": 0.8,
          "Acceleration": 1,
          "Radius": 5
        },
        {
          "Position": {
            "X": 0,
            "Y": 45
          },
          "Mobility": 0.9,
          "Delay": 0.8,
          "Acceleration": 1,
          "Radius": 5
        },
        {
          "Position": {
            "X": 0,
            "Y": 50
          },
          "Mobility": 0.9,
          "Delay": 0.8,
          "Acceleration": 1,
          "Radius": 5
        },
        {
          "Position": {
            "X": 0,
            "Y": 55
          },
          "Mobility": 0.9,
          "Delay": 0.8,
          "Acceleration": 1,
          "Radius": 5
        }
      ],
      "Normalization": {
        "Position": {
          "Minimum": -10,
          "Default": 0,
          "Maximum": 10
        },
        "Angle": {
          "Minimum": -10,
          "Default": 0,
          "Maximum": 10
        }
      }
    },
    {
      "Id": "PhysicsSetting2",
      "Input": [
        {
          "Source": {
            "Target": "Parameter",
            "Id": "ParamAngleX"
          },
          "Weight": 100,
          "Type": "X",
          "Reflect": false
        }
      ],
      "Output": [],
      "Vertices": [
        {
          "Position": {
            "X": 0,
            "Y": 0
          },
          "Mobility": 0.9,
          "Delay": 0.8,
          "Acceleration": 1,
          "Radius": 5
        },
        {
          "Position": {
            "X": 0,
            "Y": 5
          },
          "Mobility": 0.9,
          "Delay": 0.8,
          "Acceleration": 1,
          "Radius": 5
        },
        {
          "Position": {
            "X": 0,
            "Y": 10
          },
          "Mobility": 0.9,
          "Delay": 0.8,
          "Acceleration": 1,
          "Radius": 5
        },
        {
          "Position": {
            "X": 0,
            "Y": 15
          },
          "Mobility": 0.9,
          "Delay": 0.8,
          "Acceleration": 1,
          "Radius": 5
        },
        {
          "Position": {
            "X": 0,
            "Y": 20
          },
          "Mobility": 0.9,
          "Delay": 0.8,
          "Acceleration": 1,
          "Radius": 5
        },
        {
          "Position": {
            "X": 0,
            "Y": 25
          },
          "Mobility": 0.9,
          "Delay": 0.8,
          "Acceleration": 1,
          "Radius": 5
        },
        {
          "Position": {
            "X": 0,
            "Y": 30
          },
          "Mobility": 0.9,
          "Delay": 0.8,
          "Acceleration": 1,
          "Radius": 5
        },
        {
          "Position": {
            "X": 0,
            "Y": 35
          },
          "Mobility": 0.9,
          "Delay": 0.8,
          "Acceleration": 1,
          "Radius": 5
        }
      ],
      "Normalization": {
        "Position": {
          "Minimum": -10,
          "Default": 0,
          "Maximum": 10
        },
        "Angle": {
          "Minimum": -10,
          "Default": 0,
          "Maximum": 10
        }
      }
    },
    {
      "Id": "PhysicsSetting3",
      "Input": [
        {
          "Source": {
            "Target": "Parameter",
            "Id": "ParamEyeLOpen"
          },
          "Weight": 80,
          "Type": "X",
          "Reflect": false
        },
        {
          "Source": {
            "Target": "Parameter",
            "Id": "ParamEyeLSmile"
          },
          "Weight": 20,
          "Type": "X",
          "Reflect": false
        }
      ],
      "Output": [
        {
          "Destination": {
            "Target": "Parameter",
            "Id": "ParamEyeLGG"
          },
          "VertexIndex": 2,
          "Scale": 30,
          "Weight": 100,
          "Type": "Angle",
          "Reflect": false
        }
      ],
      "Vertices": [
        {
          "Position": {
            "X": 0,
            "Y": 0
          },
          "Mobility": 0.9,
          "Delay": 0.8,
          "Acceleration": 1,
          "Radius": 5
        },
        {
          "Position": {
            "X": 0,
            "Y": 5
          },
          "Mobility": 0.9,
          "Delay": 0.8,
          "Acceleration": 1,
          "Radius": 5
        },
        {
          "Position": {
            "X": 0,
            "Y": 10
          },
          "Mobility": 0.9,
          "Delay": 0.8,
          "Acceleration": 1,
          "Radius": 5
        },
        {
          "Position": {
            "X": 0,
            "Y": 15
          },
          "Mobility": 0.9,
          "Delay": 0.8,
          "Acceleration": 1,
          "Radius": 5
        },
        {
          "Position": {
            "X": 0,
            "Y": 20
          },
          "Mobility": 0.9,
          "Delay": 0.8,
          "Acceleration": 1,
          "Radius": 5
        },
        {
          "Position": {
            "X": 0,
            "Y": 25
          },
          "Mobility": 0.9,
          "Delay": 0.8,
          "Acceleration": 1,
          "Radius": 5
        },
        {
          "Position": {
            "X": 0,
            "Y": 30
          },
          "Mobility": 0.9,
          "Delay": 0.8,
          "Acceleration": 1,
          "Radius": 5
        },
        {
          "Position": {
            "X": 0,
            "Y": 35
          },
          "Mobility": 0.9,
          "Delay": 0.8,
          "Acceleration": 1,
          "Radius": 5
        },
        {
          "Position": {
            "X": 0,
            "Y": 40
          },
          "Mobility": 0.9,
          "Delay": 0.8,
          "Acceleration": 1,
          "Radius": 5
        }
      ],
      "Normalization": {
        "Position": {
          "Minimum": -10,
          "Default": 0,
          "Maximum": 10
        },
        "Angle": {
          "Minimum": -10,
          "Default": 0,
          "Maximum": 10
        }
      }
    },
    {
      "Id": "PhysicsSetting4",
      "Input": [
        {
          "Source": {
            "Target": "Parameter",
            "Id": "ParamEyeROpen"
          },
          "Weight": 80,
          "Type": "X",
          "Reflect": false
        },
        {
          "Source": {
            "Target": "Parameter",
            "Id": "ParamEyeRSmile"
          },
          "Weight": 20,
          "Type": "X",
          "Reflect": false
        }
      ],
      "Output": [
        {
          "Destination": {
            "Target": "Parameter",
            "Id": "ParamEyeRGG"
          },
          "VertexIndex": 2,
          "Scale": 30,
          "Weight": 100,
          "Type": "Angle",
          "Reflect": false
        }
      ],
      "Vertices": [
        {
          "Position": {
            "X": 0,
            "Y": 0
          },
          "Mobility": 0.9,
          "Delay": 0.8,
          "Acceleration": 1,
          "Radius": 5
        },
        {
          "Position": {
            "X": 0,
            "Y": 5
          },
          "Mobility": 0.9,
          "Delay": 0.8,
          "Acceleration": 1,
          "Radius": 5
        },
        {
          "Position": {
            "X": 0,
            "Y": 10
          },
          "Mobility": 0.9,
          "Delay": 0.8,
          "Acceleration": 1,
          "Radius": 5
        },
        {
          "Position": {
            "X": 0,
            "Y": 15
          },
          "Mobility": 0.9,
          "Delay": 0.8,
          "Acceleration": 1,
          "Radius": 5
        },
        {
          "Position": {
            "X": 0,
            "Y": 20
          },
          "Mobility": 0.9,
          "Delay": 0.8,
          "Acceleration": 1,
          "Radius": 5
        },
        {
          "Position": {
            "X": 0,
            "Y": 25
          },
          "Mobility": 0.9,
          "Delay": 0.8,
          "Acceleration": 1,
          "Radius": 5
        },
        {
          "Position": {
            "X": 0,
            "Y": 30
          },
          "Mobility": 0.9,
          "Delay": 0.8,
          "Acceleration": 1,
          "Radius": 5
        },
        {
          "Position": {
            "X": 0,
            "Y": 35
          },
          "Mobility": 0.9,
          "Delay": 0.8,
          "Acceleration": 1,
          "Radius": 5
        },
        {
          "Position": {
            "X": 0,
            "Y": 40
          },
          "Mobility": 0.9,
          "Delay": 0.8,
          "Acceleration": 1,
          "Radius": 5
        }
      ],
      "Normalization": {
        "Position": {
          "Minimum": -10,
          "Default": 0,
          "Maximum": 10
        },
        "Angle": {
          "Minimum": -10,
          "Default": 0,
          "Maximum": 10
        }
      }
    },
    {
      "Id": "PhysicsSetting5",
      "Input": [
        {
          "Source": {
            "Target": "Parameter",
            "Id": "ParamAngleX"
          },
          "Weight": 50,
          "Type": "X",
          "Reflect": false
        },
        {
          "Source": {
            "Target": "Parameter",
            "Id": "touch_drag1"
          },
          "Weight": 50,
          "Type": "X",
          "Reflect": false
        },
        {
          "Source": {
            "Target": "Parameter",
            "Id": "SD_BustMotionY_L2"
          },
          "Weight": 100,
          "Type": "Angle",
          "Reflect": false
        }
      ],
      "Output": [
        {
          "Destination": {
            "Target": "Parameter",
            "Id": "ZD_BustLMotionY_L"
          },
          "VertexIndex": 1,
          "Scale": 20,
          "Weight": 100,
          "Type": "Angle",
          "Reflect": false
        }
      ],
      "Vertices": [
        {
          "Position": {
            "X": 0,
            "Y": 0
          },
          "Mobility": 0.9,
          "Delay": 0.8,
          "Acceleration": 1,
          "Radius": 5
        },
        {
          "Position": {
            "X": 0,
            "Y": 12
          },
          "Mobility": 0.98,
          "Delay": 0.9,
          "Acceleration": 1.5,
          "Radius": 12
        },
        {
          "Position": {
            "X": 0,
            "Y": 17
          },
          "Mobility": 0.9,
          "Delay": 0.8,
          "Acceleration": 1,
          "Radius": 5
        },
        {
          "Position": {
            "X": 0,
            "Y": 22
          },
          "Mobility": 0.9,
          "Delay": 0.8,
          "Acceleration": 1,
          "Radius": 5
        },
        {
          "Position": {
            "X": 0,
            "Y": 27
          },
          "Mobility": 0.9,
          "Delay": 0.8,
          "Acceleration": 1,
          "Radius": 5
        },
        {
          "Position": {
            "X": 0,
            "Y": 32
          },
          "Mobility": 0.9,
          "Delay": 0.8,
          "Acceleration": 1,
          "Radius": 5
        },
        {
          "Position": {
            "X": 0,
            "Y": 37
          },
          "Mobility": 0.9,
          "Delay": 0.8,
          "Acceleration": 1,
          "Radius": 5
        },
        {
          "Position": {
            "X": 0,
            "Y": 42
          },
          "Mobility": 0.9,
          "Delay": 0.8,
          "Acceleration": 1,
          "Radius": 5
        },
        {
          "Position": {
            "X": 0,
            "Y": 47
          },
          "Mobility": 0.9,
          "Delay": 0.8,
          "Acceleration": 1,
          "Radius": 5
        },
        {
          "Position": {
            "X": 0,
            "Y": 52
          },
          "Mobility": 0.9,
          "Delay": 0.8,
          "Acceleration": 1,
          "Radius": 5
        }
      ],
      "Normalization": {
        "Position": {
          "Minimum": -10,
          "Default": 0,
          "Maximum": 10
        },
        "Angle": {
          "Minimum": -10,
          "Default": 0,
          "Maximum": 10
        }
      }
    },
    {
      "Id": "PhysicsSetting6",
      "Input": [
        {
          "Source": {
            "Target": "Parameter",
            "Id": "ParamAngleX"
          },
          "Weight": 50,
          "Type": "X",
          "Reflect": false
        },
        {
          "Source": {
            "Target": "Parameter",
            "Id": "touch_drag1"
          },
          "Weight": 50,
          "Type": "X",
          "Reflect": true
        },
        {
          "Source": {
            "Target": "Parameter",
            "Id": "SD_BustMotionY_Y"
          },
          "Weight": 100,
          "Type": "Angle",
          "Reflect": false
        }
      ],
      "Output": [
        {
          "Destination": {
            "Target": "Parameter",
            "Id": "ZD_BustRMotionY_L"
          },
          "VertexIndex": 1,
          "Scale": 20,
          "Weight": 100,
          "Type": "Angle",
          "Reflect": false
        }
      ],
      "Vertices": [
        {
          "Position": {
            "X": 0,
            "Y": 0
          },
          "Mobility": 0.9,
          "Delay": 0.8,
          "Acceleration": 1,
          "Radius": 5
        },
        {
          "Position": {
            "X": 0,
            "Y": 12
          },
          "Mobility": 0.98,
          "Delay": 0.9,
          "Acceleration": 1.5,
          "Radius": 12
        },
        {
          "Position": {
            "X": 0,
            "Y": 17
          },
          "Mobility": 0.9,
          "Delay": 0.8,
          "Acceleration": 1,
          "Radius": 5
        },
        {
          "Position": {
            "X": 0,
            "Y": 22
          },
          "Mobility": 0.9,
          "Delay": 0.8,
          "Acceleration": 1,
          "Radius": 5
        },
        {
          "Position": {
            "X": 0,
            "Y": 27
          },
          "Mobility": 0.9,
          "Delay": 0.8,
          "Acceleration": 1,
          "Radius": 5
        },
        {
          "Position": {
            "X": 0,
            "Y": 32
          },
          "Mobility": 0.9,
          "Delay": 0.8,
          "Acceleration": 1,
          "Radius": 5
        },
        {
          "Position": {
            "X": 0,
            "Y": 37
          },
          "Mobility": 0.9,
          "Delay": 0.8,
          "Acceleration": 1,
          "Radius": 5
        },
        {
          "Position": {
            "X": 0,
            "Y": 42
          },
          "Mobility": 0.9,
          "Delay": 0.8,
          "Acceleration": 1,
          "Radius": 5
        },
        {
          "Position": {
            "X": 0,
            "Y": 47
          },
          "Mobility": 0.9,
          "Delay": 0.8,
          "Acceleration": 1,
          "Radius": 5
        },
        {
          "Position": {
            "X": 0,
            "Y": 52
          },
          "Mobility": 0.9,
          "Delay": 0.8,
          "Acceleration": 1,
          "Radius": 5
        }
      ],
      "Normalization": {
        "Position": {
          "Minimum": -10,
          "Default": 0,
          "Maximum": 10
        },
        "Angle": {
          "Minimum": -10,
          "Default": 0,
          "Maximum": 10
        }
      }
    },
    {
      "Id": "PhysicsSetting7",
      "Input": [
        {
          "Source": {
            "Target": "Parameter",
            "Id": "ParamAngleY"
          },
          "Weight": 100,
          "Type": "X",
          "Reflect": false
        },
        {
          "Source": {
            "Target": "Parameter",
            "Id": "SD_BustMotionY_X"
          },
          "Weight": 100,
          "Type": "Angle",
          "Reflect": false
        }
      ],
      "Output": [
        {
          "Destination": {
            "Target": "Parameter",
            "Id": "ZD_BustRMotionX_L"
          },
          "VertexIndex": 1,
          "Scale": 70,
          "Weight": 100,
          "Type": "Angle",
          "Reflect": false
        }
      ],
      "Vertices": [
        {
          "Position": {
            "X": 0,
            "Y": 0
          },
          "Mobility": 0.9,
          "Delay": 0.8,
          "Acceleration": 1,
          "Radius": 5
        },
        {
          "Position": {
            "X": 0,
            "Y": 14
          },
          "Mobility": 0.98,
          "Delay": 0.8,
          "Acceleration": 1.5,
          "Radius": 14
        },
        {
          "Position": {
            "X": 0,
            "Y": 19
          },
          "Mobility": 0.9,
          "Delay": 0.8,
          "Acceleration": 1,
          "Radius": 5
        },
        {
          "Position": {
            "X": 0,
            "Y": 24
          },
          "Mobility": 0.9,
          "Delay": 0.8,
          "Acceleration": 1,
          "Radius": 5
        },
        {
          "Position": {
            "X": 0,
            "Y": 29
          },
          "Mobility": 0.9,
          "Delay": 0.8,
          "Acceleration": 1,
          "Radius": 5
        },
        {
          "Position": {
            "X": 0,
            "Y": 34
          },
          "Mobility": 0.9,
          "Delay": 0.8,
          "Acceleration": 1,
          "Radius": 5
        },
        {
          "Position": {
            "X": 0,
            "Y": 39
          },
          "Mobility": 0.9,
          "Delay": 0.8,
          "Acceleration": 1,
          "Radius": 5
        },
        {
          "Position": {
            "X": 0,
            "Y": 44
          },
          "Mobility": 0.9,
          "Delay": 0.8,
          "Acceleration": 1,
          "Radius": 5
        },
        {
          "Position": {
            "X": 0,
            "Y": 49
          },
          "Mobility": 0.9,
          "Delay": 0.8,
          "Acceleration": 1,
          "Radius": 5
        },
        {
          "Position": {
            "X": 0,
            "Y": 54
          },
          "Mobility": 0.9,
          "Delay": 0.8,
          "Acceleration": 1,
          "Radius": 5
        }
      ],
      "Normalization": {
        "Position": {
          "Minimum": -10,
          "Default": 0,
          "Maximum": 10
        },
        "Angle": {
          "Minimum": -10,
          "Default": 0,
          "Maximum": 10
        }
      }
    },
    {
      "Id": "PhysicsSetting8",
      "Input": [
        {
          "Source": {
            "Target": "Parameter",
            "Id": "ParamAngleY"
          },
          "Weight": 100,
          "Type": "X",
          "Reflect": false
        },
        {
          "Source": {
            "Target": "Parameter",
            "Id": "SD_BustMotionY_L"
          },
          "Weight": 100,
          "Type": "Angle",
          "Reflect": false
        }
      ],
      "Output": [
        {
          "Destination": {
            "Target": "Parameter",
            "Id": "ZD_BustLMotionX_L"
          },
          "VertexIndex": 1,
          "Scale": 50,
          "Weight": 100,
          "Type": "Angle",
          "Reflect": false
        }
      ],
      "Vertices": [
        {
          "Position": {
            "X": 0,
            "Y": 0
          },
          "Mobility": 0.9,
          "Delay": 0.8,
          "Acceleration": 1,
          "Radius": 5
        },
        {
          "Position": {
            "X": 0,
            "Y": 14
          },
          "Mobility": 0.98,
          "Delay": 0.8,
          "Acceleration": 1.5,
          "Radius": 14
        },
        {
          "Position": {
            "X": 0,
            "Y": 19
          },
          "Mobility": 0.9,
          "Delay": 0.8,
          "Acceleration": 1,
          "Radius": 5
        },
        {
          "Position": {
            "X": 0,
            "Y": 24
          },
          "Mobility": 0.9,
          "Delay": 0.8,
          "Acceleration": 1,
          "Radius": 5
        },
        {
          "Position": {
            "X": 0,
            "Y": 29
          },
          "Mobility": 0.9,
          "Delay": 0.8,
          "Acceleration": 1,
          "Radius": 5
        },
        {
          "Position": {
            "X": 0,
            "Y": 34
          },
          "Mobility": 0.9,
          "Delay": 0.8,
          "Acceleration": 1,
          "Radius": 5
        },
        {
          "Position": {
            "X": 0,
            "Y": 39
          },
          "Mobility": 0.9,
          "Delay": 0.8,
          "Acceleration": 1,
          "Radius": 5
        },
        {
          "Position": {
            "X": 0,
            "Y": 44
          },
          "Mobility": 0.9,
          "Delay": 0.8,
          "Acceleration": 1,
          "Radius": 5
        },
        {
          "Position": {
            "X": 0,
            "Y": 49
          },
          "Mobility": 0.9,
          "Delay": 0.8,
          "Acceleration": 1,
          "Radius": 5
        },
        {
          "Position": {
            "X": 0,
            "Y": 54
          },
          "Mobility": 0.9,
          "Delay": 0.8,
          "Acceleration": 1,
          "Radius": 5
        }
      ],
      "Normalization": {
        "Position": {
          "Minimum": -10,
          "Default": 0,
          "Maximum": 10
        },
        "Angle": {
          "Minimum": -10,
          "Default": 0,
          "Maximum": 10
        }
      }
    },
    {
      "Id": "PhysicsSetting9",
      "Input": [
        {
          "Source": {
            "Target": "Parameter",
            "Id": "ParamAngleX"
          },
          "Weight": 25,
          "Type": "X",
          "Reflect": false
        },
        {
          "Source": {
            "Target": "Parameter",
            "Id": "ParamAngleY"
          },
          "Weight": 25,
          "Type": "X",
          "Reflect": false
        },
        {
          "Source": {
            "Target": "Parameter",
            "Id": "Hair_physics"
          },
          "Weight": 50,
          "Type": "X",
          "Reflect": false
        }
      ],
      "Output": [
        {
          "Destination": {
            "Target": "Parameter",
            "Id": "ParamHair1"
          },
          "VertexIndex": 2,
          "Scale": 30,
          "Weight": 100,
          "Type": "Angle",
          "Reflect": false
        },
        {
          "Destination": {
            "Target": "Parameter",
            "Id": "ParamHair2"
          },
          "VertexIndex": 3,
          "Scale": 30,
          "Weight": 100,
          "Type": "Angle",
          "Reflect": false
        },
        {
          "Destination": {
            "Target": "Parameter",
            "Id": "ParamHair3"
          },
          "VertexIndex": 4,
          "Scale": 30,
          "Weight": 100,
          "Type": "Angle",
          "Reflect": false
        },
        {
          "Destination": {
            "Target": "Parameter",
            "Id": "ParamHair4"
          },
          "VertexIndex": 5,
          "Scale": 30,
          "Weight": 100,
          "Type": "Angle",
          "Reflect": false
        }
      ],
      "Vertices": [
        {
          "Position": {
            "X": 0,
            "Y": 0
          },
          "Mobility": 0.9,
          "Delay": 0.8,
          "Acceleration": 0.8,
          "Radius": 5
        },
        {
          "Position": {
            "X": 0,
            "Y": 15
          },
          "Mobility": 0.98,
          "Delay": 1,
          "Acceleration": 2,
          "Radius": 15
        },
        {
          "Position": {
            "X": 0,
            "Y": 20
          },
          "Mobility": 0.9,
          "Delay": 0.8,
          "Acceleration": 0.8,
          "Radius": 5
        },
        {
          "Position": {
            "X": 0,
            "Y": 25
          },
          "Mobility": 0.9,
          "Delay": 0.8,
          "Acceleration": 0.8,
          "Radius": 5
        },
        {
          "Position": {
            "X": 0,
            "Y": 30
          },
          "Mobility": 0.9,
          "Delay": 0.8,
          "Acceleration": 0.8,
          "Radius": 5
        },
        {
          "Position": {
            "X": 0,
            "Y": 35
          },
          "Mobility": 0.9,
          "Delay": 0.8,
          "Acceleration": 0.8,
          "Radius": 5
        },
        {
          "Position": {
            "X": 0,
            "Y": 40
          },
          "Mobility": 0.9,
          "Delay": 0.8,
          "Acceleration": 0.8,
          "Radius": 5
        },
        {
          "Position": {
            "X": 0,
            "Y": 45
          },
          "Mobility": 0.9,
          "Delay": 0.8,
          "Acceleration": 0.8,
          "Radius": 5
        }
      ],
      "Normalization": {
        "Position": {
          "Minimum": -10,
          "Default": 0,
          "Maximum": 10
        },
        "Angle": {
          "Minimum": -10,
          "Default": 0,
          "Maximum": 10
        }
      }
    },
    {
      "Id": "PhysicsSetting10",
      "Input": [
        {
          "Source": {
            "Target": "Parameter",
            "Id": "ParamAngleX"
          },
          "Weight": 25,
          "Type": "X",
          "Reflect": false
        },
        {
          "Source": {
            "Target": "Parameter",
            "Id": "ParamAngleY"
          },
          "Weight": 25,
          "Type": "X",
          "Reflect": false
        },
        {
          "Source": {
            "Target": "Parameter",
            "Id": "Hair_physics"
          },
          "Weight": 50,
          "Type": "X",
          "Reflect": false
        }
      ],
      "Output": [
        {
          "Destination": {
            "Target": "Parameter",
            "Id": "lliuhai1"
          },
          "VertexIndex": 2,
          "Scale": 20,
          "Weight": 100,
          "Type": "Angle",
          "Reflect": false
        },
        {
          "Destination": {
            "Target": "Parameter",
            "Id": "lliuhai2"
          },
          "VertexIndex": 3,
          "Scale": 20,
          "Weight": 100,
          "Type": "Angle",
          "Reflect": false
        }
      ],
      "Vertices": [
        {
          "Position": {
            "X": 0,
            "Y": 0
          },
          "Mobility": 0.9,
          "Delay": 0.95,
          "Acceleration": 0.9,
          "Radius": 0
        },
        {
          "Position": {
            "X": 0,
            "Y": 15
          },
          "Mobility": 0.98,
          "Delay": 1,
          "Acceleration": 0.98,
          "Radius": 15
        },
        {
          "Position": {
            "X": 0,
            "Y": 21
          },
          "Mobility": 0.9,
          "Delay": 0.85,
          "Acceleration": 0.9,
          "Radius": 6
        },
        {
          "Position": {
            "X": 0,
            "Y": 27
          },
          "Mobility": 0.9,
          "Delay": 0.85,
          "Acceleration": 0.9,
          "Radius": 6
        }
      ],
      "Normalization": {
        "Position": {
          "Minimum": -10,
          "Default": 0,
          "Maximum": 10
        },
        "Angle": {
          "Minimum": -10,
          "Default": 0,
          "Maximum": 10
        }
      }
    },
    {
      "Id": "PhysicsSetting11",
      "Input": [
        {
          "Source": {
            "Target": "Parameter",
            "Id": "ParamAngleX"
          },
          "Weight": 25,
          "Type": "X",
          "Reflect": false
        },
        {
          "Source": {
            "Target": "Parameter",
            "Id": "ParamAngleY"
          },
          "Weight": 25,
          "Type": "X",
          "Reflect": false
        },
        {
          "Source": {
            "Target": "Parameter",
            "Id": "Hair_physics"
          },
          "Weight": 50,
          "Type": "X",
          "Reflect": false
        }
      ],
      "Output": [
        {
          "Destination": {
            "Target": "Parameter",
            "Id": "qianfa1"
          },
          "VertexIndex": 2,
          "Scale": 15,
          "Weight": 100,
          "Type": "Angle",
          "Reflect": false
        },
        {
          "Destination": {
            "Target": "Parameter",
            "Id": "qianfa2"
          },
          "VertexIndex": 3,
          "Scale": 15,
          "Weight": 100,
          "Type": "Angle",
          "Reflect": false
        }
      ],
      "Vertices": [
        {
          "Position": {
            "X": 0,
            "Y": 0
          },
          "Mobility": 0.9,
          "Delay": 0.95,
          "Acceleration": 0.9,
          "Radius": 0
        },
        {
          "Position": {
            "X": 0,
            "Y": 10
          },
          "Mobility": 0.98,
          "Delay": 1,
          "Acceleration": 0.98,
          "Radius": 10
        },
        {
          "Position": {
            "X": 0,
            "Y": 15
          },
          "Mobility": 0.9,
          "Delay": 0.85,
          "Acceleration": 0.85,
          "Radius": 5
        },
        {
          "Position": {
            "X": 0,
            "Y": 20
          },
          "Mobility": 0.9,
          "Delay": 0.85,
          "Acceleration": 0.85,
          "Radius": 5
        }
      ],
      "Normalization": {
        "Position": {
          "Minimum": -10,
          "Default": 0,
          "Maximum": 10
        },
        "Angle": {
          "Minimum": -10,
          "Default": 0,
          "Maximum": 10
        }
      }
    },
    {
      "Id": "PhysicsSetting12",
      "Input": [
        {
          "Source": {
            "Target": "Parameter",
            "Id": "ParamAngleX"
          },
          "Weight": 25,
          "Type": "X",
          "Reflect": false
        },
        {
          "Source": {
            "Target": "Parameter",
            "Id": "ParamAngleY"
          },
          "Weight": 25,
          "Type": "X",
          "Reflect": false
        },
        {
          "Source": {
            "Target": "Parameter",
            "Id": "Hair_physics"
          },
          "Weight": 50,
          "Type": "X",
          "Reflect": false
        }
      ],
      "Output": [
        {
          "Destination": {
            "Target": "Parameter",
            "Id": "rlihai1"
          },
          "VertexIndex": 2,
          "Scale": 20,
          "Weight": 100,
          "Type": "Angle",
          "Reflect": false
        },
        {
          "Destination": {
            "Target": "Parameter",
            "Id": "rlihai2"
          },
          "VertexIndex": 3,
          "Scale": 20,
          "Weight": 100,
          "Type": "Angle",
          "Reflect": false
        }
      ],
      "Vertices": [
        {
          "Position": {
            "X": 0,
            "Y": 0
          },
          "Mobility": 0.9,
          "Delay": 0.95,
          "Acceleration": 0.9,
          "Radius": 0
        },
        {
          "Position": {
            "X": 0,
            "Y": 12
          },
          "Mobility": 0.98,
          "Delay": 1,
          "Acceleration": 0.98,
          "Radius": 12
        },
        {
          "Position": {
            "X": 0,
            "Y": 18
          },
          "Mobility": 0.9,
          "Delay": 0.85,
          "Acceleration": 0.9,
          "Radius": 6
        },
        {
          "Position": {
            "X": 0,
            "Y": 25
          },
          "Mobility": 0.9,
          "Delay": 0.85,
          "Acceleration": 0.85,
          "Radius": 7
        }
      ],
      "Normalization": {
        "Position": {
          "Minimum": -10,
          "Default": 0,
          "Maximum": 10
        },
        "Angle": {
          "Minimum": -10,
          "Default": 0,
          "Maximum": 10
        }
      }
    },
    {
      "Id": "PhysicsSetting13",
      "Input": [
        {
          "Source": {
            "Target": "Parameter",
            "Id": "ParamAngleX"
          },
          "Weight": 25,
          "Type": "X",
          "Reflect": false
        },
        {
          "Source": {
            "Target": "Parameter",
            "Id": "ParamAngleY"
          },
          "Weight": 25,
          "Type": "X",
          "Reflect": false
        },
        {
          "Source": {
            "Target": "Parameter",
            "Id": "Hair_physics"
          },
          "Weight": 50,
          "Type": "X",
          "Reflect": false
        }
      ],
      "Output": [
        {
          "Destination": {
            "Target": "Parameter",
            "Id": "rzhongfa1"
          },
          "VertexIndex": 2,
          "Scale": 30,
          "Weight": 100,
          "Type": "Angle",
          "Reflect": false
        },
        {
          "Destination": {
            "Target": "Parameter",
            "Id": "rzhongfa2"
          },
          "VertexIndex": 3,
          "Scale": 30,
          "Weight": 100,
          "Type": "Angle",
          "Reflect": false
        }
      ],
      "Vertices": [
        {
          "Position": {
            "X": 0,
            "Y": 0
          },
          "Mobility": 0.9,
          "Delay": 0.95,
          "Acceleration": 0.9,
          "Radius": 0
        },
        {
          "Position": {
            "X": 0,
            "Y": 15
          },
          "Mobility": 0.98,
          "Delay": 1,
          "Acceleration": 0.98,
          "Radius": 15
        },
        {
          "Position": {
            "X": 0,
            "Y": 21
          },
          "Mobility": 0.9,
          "Delay": 0.85,
          "Acceleration": 0.9,
          "Radius": 6
        },
        {
          "Position": {
            "X": 0,
            "Y": 28
          },
          "Mobility": 0.9,
          "Delay": 0.85,
          "Acceleration": 0.85,
          "Radius": 7
        }
      ],
      "Normalization": {
        "Position": {
          "Minimum": -10,
          "Default": 0,
          "Maximum": 10
        },
        "Angle": {
          "Minimum": -10,
          "Default": 0,
          "Maximum": 10
        }
      }
    },
    {
      "Id": "PhysicsSetting14",
      "Input": [
        {
          "Source": {
            "Target": "Parameter",
            "Id": "ParamBodyAngleX"
          },
          "Weight": 100,
          "Type": "Angle",
          "Reflect": false
        }
      ],
      "Output": [
        {
          "Destination": {
            "Target": "Parameter",
            "Id": "lxbgs"
          },
          "VertexIndex": 1,
          "Scale": 160,
          "Weight": 100,
          "Type": "Angle",
          "Reflect": false
        },
        {
          "Destination": {
            "Target": "Parameter",
            "Id": "lyuanshoumz3"
          },
          "VertexIndex": 1,
          "Scale": 100,
          "Weight": 100,
          "Type": "Angle",
          "Reflect": true
        }
      ],
      "Vertices": [
        {
          "Position": {
            "X": 0,
            "Y": 0
          },
          "Mobility": 1,
          "Delay": 2,
          "Acceleration": 1,
          "Radius": 0
        },
        {
          "Position": {
            "X": 0,
            "Y": 10
          },
          "Mobility": 1,
          "Delay": 10,
          "Acceleration": 8,
          "Radius": 10
        }
      ],
      "Normalization": {
        "Position": {
          "Minimum": -10,
          "Default": 0,
          "Maximum": 10
        },
        "Angle": {
          "Minimum": -10,
          "Default": 0,
          "Maximum": 10
        }
      }
    },
    {
      "Id": "PhysicsSetting15",
      "Input": [
        {
          "Source": {
            "Target": "Parameter",
            "Id": "touch_drag1"
          },
          "Weight": 50,
          "Type": "Angle",
          "Reflect": false
        },
        {
          "Source": {
            "Target": "Parameter",
            "Id": "sdllshang"
          },
          "Weight": 50,
          "Type": "Angle",
          "Reflect": true
        }
      ],
      "Output": [
        {
          "Destination": {
            "Target": "Parameter",
            "Id": "lalian"
          },
          "VertexIndex": 1,
          "Scale": 110,
          "Weight": 100,
          "Type": "Angle",
          "Reflect": true
        }
      ],
      "Vertices": [
        {
          "Position": {
            "X": 0,
            "Y": 0
          },
          "Mobility": 1,
          "Delay": 1,
          "Acceleration": 1,
          "Radius": 0
        },
        {
          "Position": {
            "X": 0,
            "Y": 10
          },
          "Mobility": 1,
          "Delay": 10,
          "Acceleration": 8,
          "Radius": 10
        }
      ],
      "Normalization": {
        "Position": {
          "Minimum": -10,
          "Default": 0,
          "Maximum": 10
        },
        "Angle": {
          "Minimum": -30,
          "Default": 0,
          "Maximum": 30
        }
      }
    }
  ]
}