{
  "Version": 3,
  "Meta": {
    "Duration": 20.0,
    "Fps": 60.0,
    "Loop": true,
    "AreBeziersRestricted": true,
    "FadeInTime": 0.0,
    "FadeOutTime": 0.0,
    "CurveCount": 93,
    "TotalSegmentCount": 731,
    "TotalPointCount": 1195,
    "UserDataCount": 1,
    "TotalUserDataSize": 0
  },
  "Curves": [
    {
      "Target": "Parameter",
      "Id": "Param150",
      "FadeInTime": -1.0,
      "FadeOutTime": -1.0,
      "Segments": [
        0,
        -4,
        0,
        0.5,
        4,
        0,
        0.983,
        -4,
        0,
        1.5,
        4,
        0,
        2,
        -4,
        0,
        2.517,
        4,
        0,
        3.017,
        -4,
        0,
        3.517,
        4,
        0,
        4.017,
        -4,
        0,
        4.5,
        4,
        0,
        5,
        -4,
        0,
        5.5,
        4,
        0,
        6,
        -4,
        0,
        6.5,
        4,
        0,
        7.017,
        -4,
        0,
        7.517,
        4,
        0,
        8.017,
        -4,
        0,
        8.517,
        4,
        0,
        9.017,
        -4,
        0,
        9.517,
        4,
        0,
        10.017,
        -4,
        0,
        10.517,
        4,
        0,
        11.017,
        -4,
        0,
        11.533,
        4,
        0,
        12,
        -4,
        0,
        12.5,
        4,
        0,
        13,
        -4,
        0,
        13.5,
        4,
        0,
        14,
        -4,
        0,
        14.5,
        4,
        0,
        15,
        -4,
        0,
        15.5,
        4,
        0,
        16.033,
        -4,
        0,
        16.517,
        4,
        0,
        17,
        -4,
        0,
        17.517,
        4,
        0,
        18.017,
        -4,
        0,
        18.5,
        4,
        0,
        19,
        -4,
        0,
        19.5,
        4,
        0,
        20,
        -4
      ]
    },
    {
      "Target": "Parameter",
      "Id": "Param151",
      "FadeInTime": -1.0,
      "FadeOutTime": -1.0,
      "Segments": [
        0,
        -9.718,
        0,
        0.333,
        9.718,
        0,
        0.65,
        -9.718,
        0,
        1,
        9.718,
        0,
        1.333,
        -9.718,
        0,
        1.667,
        9.718,
        0,
        2,
        -9.718,
        0,
        2.333,
        9.718,
        0,
        2.667,
        -9.718,
        0,
        3,
        9.718,
        0,
        3.333,
        -9.718,
        0,
        3.667,
        9.718,
        0,
        4,
        -9.718,
        0,
        4.333,
        9.718,
        0,
        4.667,
        -9.718,
        0,
        5,
        9.718,
        0,
        5.333,
        -9.718,
        0,
        5.667,
        9.718,
        0,
        6,
        -9.718,
        0,
        6.333,
        9.718,
        0,
        6.667,
        -9.718,
        0,
        7,
        9.718,
        0,
        7.333,
        -9.718,
        0,
        7.667,
        9.718,
        0,
        8,
        -9.718,
        0,
        8.333,
        9.718,
        0,
        8.667,
        -9.718,
        0,
        9,
        9.718,
        0,
        9.333,
        -9.718,
        0,
        9.667,
        9.718,
        0,
        10,
        -9.718,
        0,
        10.333,
        9.718,
        0,
        10.683,
        -9.718,
        0,
        11,
        9.718,
        0,
        11.317,
        -9.718,
        0,
        11.667,
        9.718,
        0,
        12,
        -9.718,
        0,
        12.333,
        9.718,
        0,
        12.667,
        -9.718,
        0,
        13,
        9.718,
        0,
        13.333,
        -9.718,
        0,
        13.667,
        9.718,
        0,
        14,
        -9.718,
        0,
        14.333,
        9.718,
        0,
        14.667,
        -9.718,
        0,
        15,
        9.718,
        0,
        15.333,
        -9.718,
        0,
        15.667,
        9.718,
        0,
        16,
        -9.718,
        0,
        16.333,
        9.718,
        0,
        16.667,
        -9.718,
        0,
        17,
        9.718,
        0,
        17.333,
        -9.718,
        0,
        17.667,
        9.718,
        0,
        18,
        -9.718,
        0,
        18.333,
        9.718,
        0,
        18.667,
        -9.718,
        0,
        19,
        9.718,
        0,
        19.333,
        -9.718,
        0,
        19.667,
        9.718,
        0,
        20,
        -9.718
      ]
    },
    {
      "Target": "Parameter",
      "Id": "Param114",
      "FadeInTime": -1.0,
      "FadeOutTime": -1.0,
      "Segments": [
        0,
        0.488,
        1,
        0.717,
        0.542,
        1.433,
        0.355,
        2.15,
        1,
        1,
        3.256,
        0,
        4.361,
        1,
        5.467,
        0,
        1,
        6.584,
        1,
        7.7,
        0,
        8.817,
        1,
        1,
        9.934,
        0,
        11.05,
        1,
        12.167,
        0,
        1,
        13.278,
        1,
        14.389,
        0,
        15.5,
        1,
        1,
        16.606,
        0,
        17.711,
        1,
        18.817,
        0,
        1,
        19.211,
        0.354,
        19.606,
        0.457,
        20,
        0.487
      ]
    },
    {
      "Target": "Parameter",
      "Id": "Param129",
      "FadeInTime": -1.0,
      "FadeOutTime": -1.0,
      "Segments": [
        0,
        0,
        1,
        1.111,
        1,
        2.222,
        0,
        3.333,
        1,
        1,
        4.439,
        0,
        5.544,
        1,
        6.65,
        0,
        1,
        7.767,
        1,
        8.883,
        0,
        10,
        1,
        1,
        11.117,
        0,
        12.233,
        1,
        13.35,
        0,
        1,
        14.461,
        1,
        15.572,
        0,
        16.683,
        1,
        1,
        17.789,
        0,
        18.894,
        1,
        20,
        0
      ]
    },
    {
      "Target": "Parameter",
      "Id": "Param127",
      "FadeInTime": -1.0,
      "FadeOutTime": -1.0,
      "Segments": [
        0,
        0.392,
        1,
        0.889,
        0.681,
        1.778,
        0.199,
        2.667,
        1,
        1,
        3.772,
        0,
        4.878,
        1,
        5.983,
        0,
        1,
        7.1,
        1,
        8.216,
        0,
        9.333,
        1,
        1,
        10.45,
        0,
        11.566,
        1,
        12.683,
        0,
        1,
        13.794,
        1,
        14.906,
        0,
        16.017,
        1,
        1,
        17.122,
        0,
        18.228,
        1,
        19.333,
        0,
        1,
        19.555,
        0.199,
        19.778,
        0.319,
        20,
        0.391
      ]
    },
    {
      "Target": "Parameter",
      "Id": "Param130",
      "FadeInTime": -1.0,
      "FadeOutTime": -1.0,
      "Segments": [
        0,
        0.504,
        1,
        0.444,
        0.52,
        0.889,
        0.6,
        1.333,
        1,
        1,
        2.439,
        0,
        3.544,
        1,
        4.65,
        0,
        1,
        5.767,
        1,
        6.883,
        0,
        8,
        1,
        1,
        9.117,
        0,
        10.233,
        1,
        11.35,
        0,
        1,
        12.461,
        1,
        13.572,
        0,
        14.683,
        1,
        1,
        15.789,
        0,
        16.894,
        1,
        18,
        0,
        1,
        18.667,
        0.598,
        19.333,
        0.481,
        20,
        0.504
      ]
    },
    {
      "Target": "Parameter",
      "Id": "Param128",
      "FadeInTime": -1.0,
      "FadeOutTime": -1.0,
      "Segments": [
        0,
        0.495,
        1,
        0.678,
        0.524,
        1.355,
        0.391,
        2.033,
        1,
        1,
        3.139,
        0,
        4.244,
        1,
        5.35,
        0,
        1,
        6.467,
        1,
        7.583,
        0,
        8.7,
        1,
        1,
        9.817,
        0,
        10.933,
        1,
        12.05,
        0,
        1,
        13.161,
        1,
        14.272,
        0,
        15.383,
        1,
        1,
        16.489,
        0,
        17.594,
        1,
        18.7,
        0,
        1,
        19.133,
        0.389,
        19.567,
        0.475,
        20,
        0.494
      ]
    },
    {
      "Target": "Parameter",
      "Id": "Param131",
      "FadeInTime": -1.0,
      "FadeOutTime": -1.0,
      "Segments": [
        0,
        0.381,
        1,
        0.9,
        0.693,
        1.8,
        0.189,
        2.7,
        1,
        1,
        3.806,
        0,
        4.911,
        1,
        6.017,
        0,
        1,
        7.134,
        1,
        8.25,
        0,
        9.367,
        1,
        1,
        10.484,
        0,
        11.6,
        1,
        12.717,
        0,
        1,
        13.828,
        1,
        14.939,
        0,
        16.05,
        1,
        1,
        17.156,
        0,
        18.261,
        1,
        19.367,
        0,
        1,
        19.578,
        0.189,
        19.789,
        0.307,
        20,
        0.38
      ]
    },
    {
      "Target": "Parameter",
      "Id": "Param115",
      "FadeInTime": -1.0,
      "FadeOutTime": -1.0,
      "Segments": [
        0,
        0.213,
        1,
        0.306,
        0.396,
        0.611,
        0.5,
        0.917,
        0.5,
        0,
        2.567,
        0,
        0,
        4.25,
        0.5,
        0,
        5.917,
        0,
        0,
        7.583,
        0.5,
        0,
        9.25,
        0,
        0,
        10.917,
        0.5,
        0,
        12.6,
        0,
        0,
        14.267,
        0.5,
        0,
        15.917,
        0,
        0,
        17.6,
        0.5,
        0,
        19.267,
        0,
        1,
        19.511,
        0,
        19.756,
        0.059,
        20,
        0.205
      ]
    },
    {
      "Target": "Parameter",
      "Id": "Param116",
      "FadeInTime": -1.0,
      "FadeOutTime": -1.0,
      "Segments": [
        0,
        0,
        1,
        1.111,
        0.5,
        2.222,
        0,
        3.333,
        0.5,
        1,
        4.439,
        0,
        5.544,
        0.5,
        6.65,
        0,
        1,
        7.767,
        0.5,
        8.883,
        0,
        10,
        0.5,
        1,
        11.117,
        0,
        12.233,
        0.5,
        13.35,
        0,
        1,
        14.461,
        0.5,
        15.572,
        0,
        16.683,
        0.5,
        1,
        17.789,
        0,
        18.894,
        0.5,
        20,
        0
      ]
    },
    {
      "Target": "Parameter",
      "Id": "Param117",
      "FadeInTime": -1.0,
      "FadeOutTime": -1.0,
      "Segments": [
        0,
        -1,
        0,
        1.667,
        1,
        0,
        3.317,
        -1,
        0,
        5,
        1,
        0,
        6.667,
        -1,
        0,
        8.333,
        1,
        0,
        10,
        -1,
        0,
        11.667,
        1,
        0,
        13.35,
        -1,
        0,
        15.017,
        1,
        0,
        16.667,
        -1,
        0,
        18.35,
        1,
        1,
        18.9,
        1,
        19.45,
        0.119,
        20,
        -0.999
      ]
    },
    {
      "Target": "Parameter",
      "Id": "Param118",
      "FadeInTime": -1.0,
      "FadeOutTime": -1.0,
      "Segments": [
        0,
        0.452,
        1,
        0.444,
        0.208,
        0.889,
        0,
        1.333,
        0,
        0,
        3.017,
        0.5,
        0,
        4.683,
        0,
        0,
        6.35,
        0.5,
        0,
        8.017,
        0,
        0,
        9.683,
        0.5,
        0,
        11.367,
        0,
        0,
        13.033,
        0.5,
        0,
        14.683,
        0,
        0,
        16.367,
        0.5,
        0,
        18.033,
        0,
        0,
        19.7,
        0.5,
        1,
        19.8,
        0.5,
        19.9,
        0.511,
        20,
        0.457
      ]
    },
    {
      "Target": "Parameter",
      "Id": "Param119",
      "FadeInTime": -1.0,
      "FadeOutTime": -1.0,
      "Segments": [
        0,
        0.246,
        1,
        0.7,
        0.267,
        1.4,
        0.186,
        2.1,
        0.5,
        1,
        3.206,
        0,
        4.311,
        0.5,
        5.417,
        0,
        1,
        6.534,
        0.5,
        7.65,
        0,
        8.767,
        0.5,
        1,
        9.884,
        0,
        11,
        0.5,
        12.117,
        0,
        1,
        13.228,
        0.5,
        14.339,
        0,
        15.45,
        0.5,
        1,
        16.556,
        0,
        17.661,
        0.5,
        18.767,
        0,
        1,
        19.178,
        0.184,
        19.589,
        0.232,
        20,
        0.245
      ]
    },
    {
      "Target": "Parameter",
      "Id": "Param120",
      "FadeInTime": -1.0,
      "FadeOutTime": -1.0,
      "Segments": [
        0,
        0.67,
        1,
        0.144,
        0.995,
        0.289,
        1,
        0.433,
        1,
        0,
        2.083,
        -1,
        0,
        3.767,
        1,
        0,
        5.433,
        -1,
        0,
        7.1,
        1,
        0,
        8.767,
        -1,
        0,
        10.433,
        1,
        0,
        12.117,
        -1,
        0,
        13.783,
        1,
        0,
        15.433,
        -1,
        0,
        17.117,
        1,
        0,
        18.783,
        -1,
        1,
        19.189,
        -1,
        19.594,
        -0.231,
        20,
        0.67
      ]
    },
    {
      "Target": "Parameter",
      "Id": "Param121",
      "FadeInTime": -1.0,
      "FadeOutTime": -1.0,
      "Segments": [
        0,
        0.127,
        1,
        0.372,
        0.344,
        0.745,
        0.5,
        1.117,
        0.5,
        0,
        2.767,
        0,
        0,
        4.45,
        0.5,
        0,
        6.117,
        0,
        0,
        7.783,
        0.5,
        0,
        9.45,
        0,
        0,
        11.117,
        0.5,
        0,
        12.8,
        0,
        0,
        14.467,
        0.5,
        0,
        16.117,
        0,
        0,
        17.8,
        0.5,
        0,
        19.467,
        0,
        1,
        19.645,
        0,
        19.822,
        0.018,
        20,
        0.121
      ]
    },
    {
      "Target": "Parameter",
      "Id": "Param122",
      "FadeInTime": -1.0,
      "FadeOutTime": -1.0,
      "Segments": [
        0,
        0.08,
        1,
        0.067,
        0.057,
        0.133,
        0,
        0.2,
        0,
        1,
        1.311,
        0.5,
        2.422,
        0,
        3.533,
        0.5,
        1,
        4.639,
        0,
        5.744,
        0.5,
        6.85,
        0,
        1,
        7.967,
        0.5,
        9.083,
        0,
        10.2,
        0.5,
        1,
        11.317,
        0,
        12.433,
        0.5,
        13.55,
        0,
        1,
        14.661,
        0.5,
        15.772,
        0,
        16.883,
        0.5,
        1,
        17.922,
        0.03,
        18.961,
        0.443,
        20,
        0.08
      ]
    },
    {
      "Target": "Parameter",
      "Id": "Param124",
      "FadeInTime": -1.0,
      "FadeOutTime": -1.0,
      "Segments": [
        0,
        -0.91,
        0,
        0.2,
        -1,
        0,
        1.867,
        1,
        0,
        3.517,
        -1,
        0,
        5.2,
        1,
        0,
        6.867,
        -1,
        0,
        8.533,
        1,
        0,
        10.2,
        -1,
        0,
        11.867,
        1,
        0,
        13.55,
        -1,
        0,
        15.217,
        1,
        0,
        16.867,
        -1,
        0,
        18.55,
        1,
        1,
        19.033,
        1,
        19.517,
        0.083,
        20,
        -0.91
      ]
    },
    {
      "Target": "Parameter",
      "Id": "Param84",
      "FadeInTime": -1.0,
      "FadeOutTime": -1.0,
      "Segments": [
        0,
        0,
        1,
        6.667,
        1,
        13.333,
        2,
        20,
        3
      ]
    },
    {
      "Target": "Parameter",
      "Id": "Param85",
      "FadeInTime": -1.0,
      "FadeOutTime": -1.0,
      "Segments": [
        0,
        0,
        1,
        0.417,
        1,
        0.833,
        0,
        1.25,
        1,
        1,
        1.667,
        0,
        2.083,
        1,
        2.5,
        0,
        1,
        2.917,
        1,
        3.333,
        0,
        3.75,
        1,
        1,
        4.167,
        0,
        4.583,
        1,
        5,
        0,
        1,
        5.417,
        1,
        5.833,
        0,
        6.25,
        1,
        1,
        6.667,
        0,
        7.083,
        1,
        7.5,
        0,
        1,
        7.917,
        1,
        8.333,
        0,
        8.75,
        1,
        1,
        9.167,
        0,
        9.583,
        1,
        10,
        0,
        1,
        10.417,
        1,
        10.833,
        0,
        11.25,
        1,
        1,
        11.667,
        0,
        12.083,
        1,
        12.5,
        0,
        1,
        12.917,
        1,
        13.333,
        0,
        13.75,
        1,
        1,
        14.167,
        0,
        14.583,
        1,
        15,
        0,
        1,
        15.417,
        1,
        15.833,
        0,
        16.25,
        1,
        1,
        16.667,
        0,
        17.083,
        1,
        17.5,
        0,
        1,
        17.917,
        1,
        18.333,
        0,
        18.75,
        1,
        1,
        19.167,
        0,
        19.583,
        1,
        20,
        0
      ]
    },
    {
      "Target": "Parameter",
      "Id": "Param87",
      "FadeInTime": -1.0,
      "FadeOutTime": -1.0,
      "Segments": [
        0,
        0,
        1,
        6.667,
        -1,
        13.333,
        -2,
        20,
        -3
      ]
    },
    {
      "Target": "Parameter",
      "Id": "Param86",
      "FadeInTime": -1.0,
      "FadeOutTime": -1.0,
      "Segments": [
        0,
        0.5,
        1,
        0.222,
        0.498,
        0.445,
        0.533,
        0.667,
        0,
        1,
        1.084,
        1,
        1.5,
        0,
        1.917,
        1,
        1,
        2.334,
        0,
        2.75,
        1,
        3.167,
        0,
        1,
        3.584,
        1,
        4,
        0,
        4.417,
        1,
        1,
        4.834,
        0,
        5.25,
        1,
        5.667,
        0,
        1,
        6.084,
        1,
        6.5,
        0,
        6.917,
        1,
        1,
        7.334,
        0,
        7.75,
        1,
        8.167,
        0,
        1,
        8.584,
        1,
        9,
        0,
        9.417,
        1,
        1,
        9.834,
        0,
        10.25,
        1,
        10.667,
        0,
        1,
        11.084,
        1,
        11.5,
        0,
        11.917,
        1,
        1,
        12.334,
        0,
        12.75,
        1,
        13.167,
        0,
        1,
        13.584,
        1,
        14,
        0,
        14.417,
        1,
        1,
        14.834,
        0,
        15.25,
        1,
        15.667,
        0,
        1,
        16.084,
        1,
        16.5,
        0,
        16.917,
        1,
        1,
        17.334,
        0,
        17.75,
        1,
        18.167,
        0,
        1,
        18.584,
        1,
        19,
        0,
        19.417,
        1,
        1,
        19.611,
        0.533,
        19.806,
        0.502,
        20,
        0.5
      ]
    },
    {
      "Target": "Parameter",
      "Id": "Param48",
      "FadeInTime": -1.0,
      "FadeOutTime": -1.0,
      "Segments": [
        0,
        0.4,
        1,
        1,
        0.6,
        2,
        0.8,
        3,
        1,
        1,
        4.667,
        0.667,
        6.333,
        0.333,
        8,
        0,
        1,
        9.667,
        0.333,
        11.333,
        0.667,
        13,
        1,
        1,
        14.667,
        0.667,
        16.333,
        0.333,
        18,
        0,
        1,
        18.667,
        0.133,
        19.333,
        0.267,
        20,
        0.4
      ]
    },
    {
      "Target": "Parameter",
      "Id": "Param51",
      "FadeInTime": -1.0,
      "FadeOutTime": -1.0,
      "Segments": [
        0,
        0.79,
        1,
        0.356,
        0.86,
        0.711,
        0.93,
        1.067,
        1,
        1,
        2.734,
        0.667,
        4.4,
        0.333,
        6.067,
        0,
        1,
        7.734,
        0.333,
        9.4,
        0.667,
        11.067,
        1,
        1,
        12.734,
        0.667,
        14.4,
        0.333,
        16.067,
        0,
        1,
        17.378,
        0.263,
        18.689,
        0.527,
        20,
        0.79
      ]
    },
    {
      "Target": "Parameter",
      "Id": "Param49",
      "FadeInTime": -1.0,
      "FadeOutTime": -1.0,
      "Segments": [
        0,
        0.04,
        1,
        1.6,
        0.36,
        3.2,
        0.68,
        4.8,
        1,
        1,
        6.467,
        0.667,
        8.133,
        0.333,
        9.8,
        0,
        1,
        11.467,
        0.333,
        13.133,
        0.667,
        14.8,
        1,
        1,
        16.467,
        0.667,
        18.133,
        0.333,
        19.8,
        0,
        1,
        19.867,
        0.013,
        19.933,
        0.027,
        20,
        0.04
      ]
    },
    {
      "Target": "Parameter",
      "Id": "Param50",
      "FadeInTime": -1.0,
      "FadeOutTime": -1.0,
      "Segments": [
        0,
        0.58,
        1,
        0.706,
        0.72,
        1.411,
        0.86,
        2.117,
        1,
        1,
        3.784,
        0.667,
        5.45,
        0.333,
        7.117,
        0,
        1,
        8.784,
        0.333,
        10.45,
        0.667,
        12.117,
        1,
        1,
        13.784,
        0.667,
        15.45,
        0.333,
        17.117,
        0,
        1,
        18.078,
        0.193,
        19.039,
        0.387,
        20,
        0.58
      ]
    },
    {
      "Target": "Parameter",
      "Id": "Param52",
      "FadeInTime": -1.0,
      "FadeOutTime": -1.0,
      "Segments": [
        0,
        0.26,
        1,
        1.239,
        0.507,
        2.478,
        0.753,
        3.717,
        1,
        1,
        5.384,
        0.667,
        7.05,
        0.333,
        8.717,
        0,
        1,
        10.384,
        0.333,
        12.05,
        0.667,
        13.717,
        1,
        1,
        15.384,
        0.667,
        17.05,
        0.333,
        18.717,
        0,
        1,
        19.145,
        0.087,
        19.572,
        0.173,
        20,
        0.26
      ]
    },
    {
      "Target": "Parameter",
      "Id": "Param53",
      "FadeInTime": -1.0,
      "FadeOutTime": -1.0,
      "Segments": [
        0,
        0.5,
        0,
        2.55,
        -0.5,
        0,
        5.083,
        0.5,
        0,
        7.55,
        -0.5,
        0,
        10.05,
        0.5,
        0,
        12.517,
        -0.5,
        0,
        15.033,
        0.5,
        0,
        17.517,
        -0.5,
        0,
        20,
        0.5
      ]
    },
    {
      "Target": "Parameter",
      "Id": "Param54",
      "FadeInTime": -1.0,
      "FadeOutTime": -1.0,
      "Segments": [
        0,
        0.08,
        0,
        1.117,
        0.5,
        0,
        3.583,
        -0.5,
        0,
        6.117,
        0.5,
        0,
        8.6,
        -0.5,
        0,
        11.083,
        0.5,
        0,
        13.55,
        -0.5,
        0,
        16.05,
        0.5,
        0,
        18.567,
        -0.5,
        0,
        20,
        0.08
      ]
    },
    {
      "Target": "Parameter",
      "Id": "Param55",
      "FadeInTime": -1.0,
      "FadeOutTime": -1.0,
      "Segments": [
        0,
        0.36,
        0,
        0.6,
        0.5,
        0,
        3.1,
        -0.5,
        0,
        5.633,
        0.5,
        0,
        8.117,
        -0.5,
        0,
        10.633,
        0.5,
        0,
        13.117,
        -0.5,
        0,
        15.65,
        0.5,
        0,
        18.15,
        -0.5,
        0,
        20,
        0.36
      ]
    },
    {
      "Target": "Parameter",
      "Id": "Param56",
      "FadeInTime": -1.0,
      "FadeOutTime": -1.0,
      "Segments": [
        0,
        -0.23,
        0,
        1.65,
        0.5,
        0,
        4.133,
        -0.5,
        0,
        6.667,
        0.5,
        0,
        9.167,
        -0.5,
        0,
        11.667,
        0.5,
        0,
        14.167,
        -0.5,
        0,
        16.7,
        0.5,
        0,
        19.2,
        -0.5,
        0,
        20,
        -0.23
      ]
    },
    {
      "Target": "Parameter",
      "Id": "GL1",
      "FadeInTime": -1.0,
      "FadeOutTime": -1.0,
      "Segments": [
        0,
        0,
        1,
        6.667,
        0.333,
        13.333,
        0.667,
        20,
        1
      ]
    },
    {
      "Target": "Parameter",
      "Id": "GL2",
      "FadeInTime": -1.0,
      "FadeOutTime": -1.0,
      "Segments": [
        0,
        0.39,
        1,
        6.667,
        0.723,
        13.333,
        1.057,
        20,
        1.39
      ]
    },
    {
      "Target": "Parameter",
      "Id": "GL3",
      "FadeInTime": -1.0,
      "FadeOutTime": -1.0,
      "Segments": [
        0,
        0.72,
        1,
        6.667,
        1.053,
        13.333,
        1.387,
        20,
        1.72
      ]
    },
    {
      "Target": "Parameter",
      "Id": "GL4",
      "FadeInTime": -1.0,
      "FadeOutTime": -1.0,
      "Segments": [
        0,
        0.21,
        1,
        6.667,
        0.543,
        13.333,
        0.877,
        20,
        1.21
      ]
    },
    {
      "Target": "Parameter",
      "Id": "GL5",
      "FadeInTime": -1.0,
      "FadeOutTime": -1.0,
      "Segments": [
        0,
        0.53,
        1,
        6.667,
        0.863,
        13.333,
        1.197,
        20,
        1.53
      ]
    },
    {
      "Target": "Parameter",
      "Id": "GL6",
      "FadeInTime": -1.0,
      "FadeOutTime": -1.0,
      "Segments": [
        0,
        0.89,
        1,
        6.667,
        1.223,
        13.333,
        1.557,
        20,
        1.89
      ]
    },
    {
      "Target": "Parameter",
      "Id": "GL7",
      "FadeInTime": -1.0,
      "FadeOutTime": -1.0,
      "Segments": [
        0,
        0.77,
        1,
        6.667,
        1.103,
        13.333,
        1.437,
        20,
        1.77
      ]
    },
    {
      "Target": "Parameter",
      "Id": "GL8",
      "FadeInTime": -1.0,
      "FadeOutTime": -1.0,
      "Segments": [
        0,
        0.09,
        1,
        6.667,
        0.423,
        13.333,
        0.757,
        20,
        1.09
      ]
    },
    {
      "Target": "Parameter",
      "Id": "GL9",
      "FadeInTime": -1.0,
      "FadeOutTime": -1.0,
      "Segments": [
        0,
        0.301,
        1,
        6.667,
        0.634,
        13.333,
        0.968,
        20,
        1.301
      ]
    },
    {
      "Target": "Parameter",
      "Id": "GL10",
      "FadeInTime": -1.0,
      "FadeOutTime": -1.0,
      "Segments": [
        0,
        0.45,
        1,
        6.667,
        0.783,
        13.333,
        1.117,
        20,
        1.45
      ]
    },
    {
      "Target": "Parameter",
      "Id": "GL11",
      "FadeInTime": -1.0,
      "FadeOutTime": -1.0,
      "Segments": [
        0,
        0.64,
        1,
        6.667,
        0.973,
        13.333,
        1.307,
        20,
        1.64
      ]
    },
    {
      "Target": "Parameter",
      "Id": "GL12",
      "FadeInTime": -1.0,
      "FadeOutTime": -1.0,
      "Segments": [
        0,
        0.15,
        1,
        6.667,
        0.483,
        13.333,
        0.817,
        20,
        1.15
      ]
    },
    {
      "Target": "Parameter",
      "Id": "GL13",
      "FadeInTime": -1.0,
      "FadeOutTime": -1.0,
      "Segments": [
        0,
        0.585,
        1,
        6.667,
        0.918,
        13.333,
        1.252,
        20,
        1.585
      ]
    },
    {
      "Target": "Parameter",
      "Id": "GL14",
      "FadeInTime": -1.0,
      "FadeOutTime": -1.0,
      "Segments": [
        0,
        0,
        1,
        6.667,
        0.333,
        13.333,
        0.667,
        20,
        1
      ]
    },
    {
      "Target": "Parameter",
      "Id": "Param161",
      "FadeInTime": -1.0,
      "FadeOutTime": -1.0,
      "Segments": [
        0,
        0.51,
        1,
        6.667,
        0.843,
        13.333,
        1.177,
        20,
        1.51
      ]
    },
    {
      "Target": "Parameter",
      "Id": "Param162",
      "FadeInTime": -1.0,
      "FadeOutTime": -1.0,
      "Segments": [
        0,
        0.31,
        1,
        6.667,
        0.643,
        13.333,
        0.977,
        20,
        1.31
      ]
    },
    {
      "Target": "Parameter",
      "Id": "Param163",
      "FadeInTime": -1.0,
      "FadeOutTime": -1.0,
      "Segments": [
        0,
        0.72,
        1,
        6.667,
        1.053,
        13.333,
        1.387,
        20,
        1.72
      ]
    },
    {
      "Target": "Parameter",
      "Id": "Param164",
      "FadeInTime": -1.0,
      "FadeOutTime": -1.0,
      "Segments": [
        0,
        0,
        1,
        6.667,
        0.333,
        13.333,
        0.667,
        20,
        1
      ]
    },
    {
      "Target": "Parameter",
      "Id": "Param165",
      "FadeInTime": -1.0,
      "FadeOutTime": -1.0,
      "Segments": [
        0,
        0.17,
        1,
        6.667,
        0.503,
        13.333,
        0.837,
        20,
        1.17
      ]
    },
    {
      "Target": "Parameter",
      "Id": "Param_Angle_Rotation_1_ArtMesh184",
      "FadeInTime": -1.0,
      "FadeOutTime": -1.0,
      "Segments": [
        0,
        -2,
        0,
        2.5,
        8,
        0,
        5,
        -2,
        0,
        7.5,
        8,
        0,
        10,
        -2,
        0,
        12.5,
        8,
        0,
        15,
        -2,
        0,
        17.5,
        8,
        0,
        20,
        -2
      ]
    },
    {
      "Target": "Parameter",
      "Id": "Param_Angle_Rotation_2_ArtMesh184",
      "FadeInTime": -1.0,
      "FadeOutTime": -1.0,
      "Segments": [
        0,
        -3.62,
        1,
        0.194,
        -5.065,
        0.389,
        -5,
        0.583,
        -5,
        0,
        3.083,
        5,
        0,
        5.583,
        -5,
        0,
        8.083,
        5,
        0,
        10.583,
        -5,
        0,
        13.083,
        5,
        0,
        15.583,
        -5,
        0,
        18.083,
        5,
        1,
        18.722,
        5,
        19.361,
        1.127,
        20,
        -3.62
      ]
    },
    {
      "Target": "Parameter",
      "Id": "Param_Angle_Rotation_3_ArtMesh184",
      "FadeInTime": -1.0,
      "FadeOutTime": -1.0,
      "Segments": [
        0,
        -0.499,
        1,
        0.389,
        -3.607,
        0.778,
        -5,
        1.167,
        -5,
        0,
        3.667,
        5,
        0,
        6.167,
        -5,
        0,
        8.667,
        5,
        0,
        11.167,
        -5,
        0,
        13.667,
        5,
        0,
        16.167,
        -5,
        0,
        18.667,
        5,
        1,
        19.111,
        5,
        19.556,
        3.053,
        20,
        -0.499
      ]
    },
    {
      "Target": "Parameter",
      "Id": "Param_Angle_Rotation_4_ArtMesh184",
      "FadeInTime": -1.0,
      "FadeOutTime": -1.0,
      "Segments": [
        0,
        5.679,
        1,
        0.583,
        -3.274,
        1.167,
        -10,
        1.75,
        -10,
        0,
        4.25,
        10,
        0,
        6.75,
        -10,
        0,
        9.25,
        10,
        0,
        11.75,
        -10,
        0,
        14.25,
        10,
        0,
        16.75,
        -10,
        0,
        19.25,
        10,
        1,
        19.5,
        10,
        19.75,
        9.516,
        20,
        5.679
      ]
    },
    {
      "Target": "Parameter",
      "Id": "Param_Angle_Rotation_5_ArtMesh184",
      "FadeInTime": -1.0,
      "FadeOutTime": -1.0,
      "Segments": [
        0,
        12.669,
        1,
        0.778,
        -0.393,
        1.555,
        -13,
        2.333,
        -13,
        0,
        4.833,
        13,
        0,
        7.333,
        -13,
        0,
        9.833,
        13,
        0,
        12.333,
        -13,
        0,
        14.833,
        13,
        0,
        17.333,
        -13,
        0,
        19.833,
        13,
        1,
        19.889,
        13,
        19.944,
        13.602,
        20,
        12.669
      ]
    },
    {
      "Target": "Parameter",
      "Id": "Param_Angle_Rotation_6_ArtMesh184",
      "FadeInTime": -1.0,
      "FadeOutTime": -1.0,
      "Segments": [
        0,
        12.779,
        1,
        0.139,
        15.728,
        0.278,
        15,
        0.417,
        15,
        0,
        2.917,
        -15,
        0,
        5.417,
        15,
        0,
        7.917,
        -15,
        0,
        10.417,
        15,
        0,
        12.917,
        -15,
        0,
        15.417,
        15,
        0,
        17.917,
        -15,
        1,
        18.611,
        -15,
        19.306,
        -1.965,
        20,
        12.779
      ]
    },
    {
      "Target": "Parameter",
      "Id": "Param_Angle_Rotation_7_ArtMesh184",
      "FadeInTime": -1.0,
      "FadeOutTime": -1.0,
      "Segments": [
        0,
        4.439,
        1,
        0.333,
        12.356,
        0.667,
        15,
        1,
        15,
        0,
        3.5,
        -15,
        0,
        6,
        15,
        0,
        8.5,
        -15,
        0,
        11,
        15,
        0,
        13.5,
        -15,
        0,
        16,
        15,
        0,
        18.5,
        -15,
        1,
        19,
        -15,
        19.5,
        -7.436,
        20,
        4.439
      ]
    },
    {
      "Target": "Parameter",
      "Id": "Param_Angle_Rotation130",
      "FadeInTime": -1.0,
      "FadeOutTime": -1.0,
      "Segments": [
        0,
        -1.51,
        1,
        0.383,
        0.995,
        0.767,
        2.091,
        1.15,
        2.091,
        0,
        3.65,
        -6.091,
        0,
        6.15,
        2.091,
        0,
        8.65,
        -6.091,
        0,
        11.15,
        2.091,
        0,
        13.65,
        -6.091,
        0,
        16.15,
        2.091,
        0,
        18.65,
        -6.091,
        1,
        19.1,
        -6.091,
        19.55,
        -4.451,
        20,
        -1.51
      ]
    },
    {
      "Target": "Parameter",
      "Id": "Param_Angle_Rotation131",
      "FadeInTime": -1.0,
      "FadeOutTime": -1.0,
      "Segments": [
        0,
        -1.8,
        1,
        0.578,
        1.839,
        1.155,
        4.545,
        1.733,
        4.545,
        0,
        4.233,
        -3.636,
        0,
        6.733,
        4.545,
        0,
        9.233,
        -3.636,
        0,
        11.733,
        4.545,
        0,
        14.233,
        -3.636,
        0,
        16.733,
        4.545,
        0,
        19.233,
        -3.636,
        1,
        19.489,
        -3.636,
        19.744,
        -3.41,
        20,
        -1.8
      ]
    },
    {
      "Target": "Parameter",
      "Id": "Param_Angle_Rotation132",
      "FadeInTime": -1.0,
      "FadeOutTime": -1.0,
      "Segments": [
        0,
        5.49,
        1,
        0.772,
        9.626,
        1.545,
        13.546,
        2.317,
        13.546,
        0,
        4.817,
        5.364,
        0,
        7.317,
        13.546,
        0,
        9.817,
        5.364,
        0,
        12.317,
        13.546,
        0,
        14.817,
        5.364,
        0,
        17.317,
        13.546,
        0,
        19.817,
        5.364,
        1,
        19.878,
        5.364,
        19.939,
        5.163,
        20,
        5.49
      ]
    },
    {
      "Target": "Parameter",
      "Id": "Param_Angle_Rotation133",
      "FadeInTime": -1.0,
      "FadeOutTime": -1.0,
      "Segments": [
        0,
        4.85,
        1,
        0.133,
        3.309,
        0.267,
        3.727,
        0.4,
        3.727,
        0,
        2.9,
        20.091,
        0,
        5.4,
        3.727,
        0,
        7.9,
        20.091,
        0,
        10.4,
        3.727,
        0,
        12.9,
        20.091,
        0,
        15.4,
        3.727,
        0,
        17.9,
        20.091,
        1,
        18.6,
        20.091,
        19.3,
        12.942,
        20,
        4.85
      ]
    },
    {
      "Target": "Parameter",
      "Id": "Param_Angle_Rotation134",
      "FadeInTime": -1.0,
      "FadeOutTime": -1.0,
      "Segments": [
        0,
        -2.898,
        1,
        0.328,
        -8.411,
        0.655,
        -10.182,
        0.983,
        -10.182,
        0,
        3.483,
        11.091,
        0,
        5.983,
        -10.182,
        0,
        8.483,
        11.091,
        0,
        10.983,
        -10.182,
        0,
        13.483,
        11.091,
        0,
        15.983,
        -10.182,
        0,
        18.483,
        11.091,
        1,
        18.989,
        11.091,
        19.494,
        5.605,
        20,
        -2.898
      ]
    },
    {
      "Target": "Parameter",
      "Id": "Param_Angle_Rotation135",
      "FadeInTime": -1.0,
      "FadeOutTime": -1.0,
      "Segments": [
        0,
        17.293,
        1,
        0.522,
        7.209,
        1.045,
        0.455,
        1.567,
        0.455,
        0,
        4.067,
        25,
        0,
        6.567,
        0.455,
        0,
        9.067,
        25,
        0,
        11.567,
        0.455,
        0,
        14.067,
        25,
        0,
        16.567,
        0.455,
        0,
        19.067,
        25,
        1,
        19.378,
        25,
        19.689,
        23.301,
        20,
        17.293
      ]
    },
    {
      "Target": "Parameter",
      "Id": "Param_Angle_Rotation136",
      "FadeInTime": -1.0,
      "FadeOutTime": -1.0,
      "Segments": [
        0,
        18.728,
        1,
        0.717,
        -1.503,
        1.433,
        -20,
        2.15,
        -20,
        0,
        4.65,
        20.909,
        0,
        7.15,
        -20,
        0,
        9.65,
        20.909,
        0,
        12.15,
        -20,
        0,
        14.65,
        20.909,
        0,
        17.15,
        -20,
        0,
        19.65,
        20.909,
        1,
        19.767,
        20.909,
        19.883,
        22.021,
        20,
        18.728
      ]
    },
    {
      "Target": "Parameter",
      "Id": "Param_Angle_Rotation144",
      "FadeInTime": -1.0,
      "FadeOutTime": -1.0,
      "Segments": [
        0,
        -19.181,
        1,
        0.828,
        -15.172,
        1.655,
        -11,
        2.483,
        -11,
        0,
        4.983,
        -19.182,
        0,
        7.483,
        -11,
        0,
        9.983,
        -19.182,
        0,
        12.483,
        -11,
        0,
        14.983,
        -19.182,
        0,
        17.483,
        -11,
        0,
        19.983,
        -19.182,
        1,
        19.989,
        -19.182,
        19.994,
        -19.208,
        20,
        -19.181
      ]
    },
    {
      "Target": "Parameter",
      "Id": "Param_Angle_Rotation148",
      "FadeInTime": -1.0,
      "FadeOutTime": -1.0,
      "Segments": [
        0,
        -2.565,
        1,
        0.189,
        -3.709,
        0.378,
        -3.636,
        0.567,
        -3.636,
        0,
        3.067,
        4.545,
        0,
        5.567,
        -3.636,
        0,
        8.067,
        4.545,
        0,
        10.567,
        -3.636,
        0,
        13.067,
        4.545,
        0,
        15.567,
        -3.636,
        0,
        18.067,
        4.545,
        1,
        18.711,
        4.545,
        19.356,
        1.337,
        20,
        -2.565
      ]
    },
    {
      "Target": "Parameter",
      "Id": "Param_Angle_Rotation150",
      "FadeInTime": -1.0,
      "FadeOutTime": -1.0,
      "Segments": [
        0,
        -0.036,
        1,
        0.383,
        -2.541,
        0.767,
        -3.636,
        1.15,
        -3.636,
        0,
        3.65,
        4.545,
        0,
        6.15,
        -3.636,
        0,
        8.65,
        4.545,
        0,
        11.15,
        -3.636,
        0,
        13.65,
        4.545,
        0,
        16.15,
        -3.636,
        0,
        18.65,
        4.545,
        1,
        19.1,
        4.545,
        19.55,
        2.904,
        20,
        -0.036
      ]
    },
    {
      "Target": "Parameter",
      "Id": "Param_Angle_Rotation151",
      "FadeInTime": -1.0,
      "FadeOutTime": -1.0,
      "Segments": [
        0,
        4.964,
        1,
        0.578,
        -2.312,
        1.155,
        -7.727,
        1.733,
        -7.727,
        0,
        4.233,
        8.636,
        0,
        6.733,
        -7.727,
        0,
        9.233,
        8.636,
        0,
        11.733,
        -7.727,
        0,
        14.233,
        8.636,
        0,
        16.733,
        -7.727,
        0,
        19.233,
        8.636,
        1,
        19.489,
        8.636,
        19.744,
        8.182,
        20,
        4.964
      ]
    },
    {
      "Target": "Parameter",
      "Id": "Param_Angle_Rotation152",
      "FadeInTime": -1.0,
      "FadeOutTime": -1.0,
      "Segments": [
        0,
        10.764,
        1,
        0.772,
        0.05,
        1.545,
        -10.182,
        2.317,
        -10.182,
        0,
        4.817,
        11.091,
        0,
        7.317,
        -10.182,
        0,
        9.817,
        11.091,
        0,
        12.317,
        -10.182,
        0,
        14.817,
        11.091,
        0,
        17.317,
        -10.182,
        0,
        19.817,
        11.091,
        1,
        19.878,
        11.091,
        19.939,
        11.612,
        20,
        10.764
      ]
    },
    {
      "Target": "Parameter",
      "Id": "Param_Angle_Rotation153",
      "FadeInTime": -1.0,
      "FadeOutTime": -1.0,
      "Segments": [
        0,
        11.042,
        1,
        0.133,
        13.35,
        0.267,
        12.727,
        0.4,
        12.727,
        0,
        2.9,
        -11.818,
        0,
        5.4,
        12.727,
        0,
        7.9,
        -11.818,
        0,
        10.4,
        12.727,
        0,
        12.9,
        -11.818,
        0,
        15.4,
        12.727,
        0,
        17.9,
        -11.818,
        1,
        18.6,
        -11.818,
        19.3,
        -1.076,
        20,
        11.042
      ]
    },
    {
      "Target": "Parameter",
      "Id": "Param_Angle_Rotation154",
      "FadeInTime": -1.0,
      "FadeOutTime": -1.0,
      "Segments": [
        0,
        6.902,
        1,
        0.328,
        17.498,
        0.655,
        20.909,
        0.983,
        20.909,
        0,
        3.483,
        -20,
        0,
        5.983,
        20.909,
        0,
        8.483,
        -20,
        0,
        10.983,
        20.909,
        0,
        13.483,
        -20,
        0,
        15.983,
        20.909,
        0,
        18.483,
        -20,
        1,
        18.989,
        -20,
        19.494,
        -9.442,
        20,
        6.902
      ]
    },
    {
      "Target": "Parameter",
      "Id": "Param_Angle_Rotation162",
      "FadeInTime": -1.0,
      "FadeOutTime": -1.0,
      "Segments": [
        0,
        -3.635,
        1,
        0.828,
        0.374,
        1.655,
        4.545,
        2.483,
        4.545,
        0,
        4.983,
        -3.636,
        0,
        7.483,
        4.545,
        0,
        9.983,
        -3.636,
        0,
        12.483,
        4.545,
        0,
        14.983,
        -3.636,
        0,
        17.483,
        4.545,
        0,
        19.983,
        -3.636,
        1,
        19.989,
        -3.636,
        19.994,
        -3.662,
        20,
        -3.635
      ]
    },
    {
      "Target": "Parameter",
      "Id": "Param_Angle_Rotation163",
      "FadeInTime": -1.0,
      "FadeOutTime": -1.0,
      "Segments": [
        0,
        -2.565,
        1,
        0.189,
        -3.709,
        0.378,
        -3.636,
        0.567,
        -3.636,
        0,
        3.067,
        4.545,
        0,
        5.567,
        -3.636,
        0,
        8.067,
        4.545,
        0,
        10.567,
        -3.636,
        0,
        13.067,
        4.545,
        0,
        15.567,
        -3.636,
        0,
        18.067,
        4.545,
        1,
        18.711,
        4.545,
        19.356,
        1.337,
        20,
        -2.565
      ]
    },
    {
      "Target": "Parameter",
      "Id": "Param_Angle_Rotation164",
      "FadeInTime": -1.0,
      "FadeOutTime": -1.0,
      "Segments": [
        0,
        -0.036,
        1,
        0.383,
        -2.541,
        0.767,
        -3.636,
        1.15,
        -3.636,
        0,
        3.65,
        4.545,
        0,
        6.15,
        -3.636,
        0,
        8.65,
        4.545,
        0,
        11.15,
        -3.636,
        0,
        13.65,
        4.545,
        0,
        16.15,
        -3.636,
        0,
        18.65,
        4.545,
        1,
        19.1,
        4.545,
        19.55,
        2.904,
        20,
        -0.036
      ]
    },
    {
      "Target": "Parameter",
      "Id": "Param_Angle_Rotation165",
      "FadeInTime": -1.0,
      "FadeOutTime": -1.0,
      "Segments": [
        0,
        4.964,
        1,
        0.578,
        -2.312,
        1.155,
        -7.727,
        1.733,
        -7.727,
        0,
        4.233,
        8.636,
        0,
        6.733,
        -7.727,
        0,
        9.233,
        8.636,
        0,
        11.733,
        -7.727,
        0,
        14.233,
        8.636,
        0,
        16.733,
        -7.727,
        0,
        19.233,
        8.636,
        1,
        19.489,
        8.636,
        19.744,
        8.182,
        20,
        4.964
      ]
    },
    {
      "Target": "Parameter",
      "Id": "Param_Angle_Rotation166",
      "FadeInTime": -1.0,
      "FadeOutTime": -1.0,
      "Segments": [
        0,
        10.764,
        1,
        0.772,
        0.05,
        1.545,
        -10.182,
        2.317,
        -10.182,
        0,
        4.817,
        11.091,
        0,
        7.317,
        -10.182,
        0,
        9.817,
        11.091,
        0,
        12.317,
        -10.182,
        0,
        14.817,
        11.091,
        0,
        17.317,
        -10.182,
        0,
        19.817,
        11.091,
        1,
        19.878,
        11.091,
        19.939,
        11.612,
        20,
        10.764
      ]
    },
    {
      "Target": "Parameter",
      "Id": "Param_Angle_Rotation167",
      "FadeInTime": -1.0,
      "FadeOutTime": -1.0,
      "Segments": [
        0,
        11.042,
        1,
        0.133,
        13.35,
        0.267,
        12.727,
        0.4,
        12.727,
        0,
        2.9,
        -11.818,
        0,
        5.4,
        12.727,
        0,
        7.9,
        -11.818,
        0,
        10.4,
        12.727,
        0,
        12.9,
        -11.818,
        0,
        15.4,
        12.727,
        0,
        17.9,
        -11.818,
        1,
        18.6,
        -11.818,
        19.3,
        -1.076,
        20,
        11.042
      ]
    },
    {
      "Target": "Parameter",
      "Id": "Param_Angle_Rotation168",
      "FadeInTime": -1.0,
      "FadeOutTime": -1.0,
      "Segments": [
        0,
        4.323,
        1,
        0.328,
        10.684,
        0.655,
        12.727,
        0.983,
        12.727,
        0,
        3.483,
        -11.818,
        0,
        5.983,
        12.727,
        0,
        8.483,
        -11.818,
        0,
        10.983,
        12.727,
        0,
        13.483,
        -11.818,
        0,
        15.983,
        12.727,
        0,
        18.483,
        -11.818,
        1,
        18.989,
        -11.818,
        19.494,
        -5.487,
        20,
        4.323
      ]
    },
    {
      "Target": "Parameter",
      "Id": "Param_Angle_Rotation155",
      "FadeInTime": -1.0,
      "FadeOutTime": -1.0,
      "Segments": [
        0,
        -0.279,
        1,
        0.05,
        -0.543,
        0.1,
        -0.364,
        0.15,
        -0.364,
        0,
        2.65,
        7.818,
        0,
        5.15,
        -0.364,
        0,
        7.65,
        7.818,
        0,
        10.15,
        -0.364,
        0,
        12.65,
        7.818,
        0,
        15.15,
        -0.364,
        0,
        17.65,
        7.818,
        1,
        18.433,
        7.818,
        19.217,
        3.855,
        20,
        -0.279
      ]
    },
    {
      "Target": "Parameter",
      "Id": "Param_Angle_Rotation156",
      "FadeInTime": -1.0,
      "FadeOutTime": -1.0,
      "Segments": [
        0,
        -1.937,
        1,
        0.244,
        -3.468,
        0.489,
        -3.636,
        0.733,
        -3.636,
        0,
        3.233,
        4.545,
        0,
        5.733,
        -3.636,
        0,
        8.233,
        4.545,
        0,
        10.733,
        -3.636,
        0,
        13.233,
        4.545,
        0,
        15.733,
        -3.636,
        0,
        18.233,
        4.545,
        1,
        18.822,
        4.545,
        19.411,
        1.752,
        20,
        -1.937
      ]
    },
    {
      "Target": "Parameter",
      "Id": "Param_Angle_Rotation157",
      "FadeInTime": -1.0,
      "FadeOutTime": -1.0,
      "Segments": [
        0,
        0.781,
        1,
        0.439,
        -2.089,
        0.878,
        -3.636,
        1.317,
        -3.636,
        0,
        3.817,
        4.545,
        0,
        6.317,
        -3.636,
        0,
        8.817,
        4.545,
        0,
        11.317,
        -3.636,
        0,
        13.817,
        4.545,
        0,
        16.317,
        -3.636,
        0,
        18.817,
        4.545,
        1,
        19.211,
        4.545,
        19.606,
        3.361,
        20,
        0.781
      ]
    },
    {
      "Target": "Parameter",
      "Id": "Param_Angle_Rotation158",
      "FadeInTime": -1.0,
      "FadeOutTime": -1.0,
      "Segments": [
        0,
        6.261,
        1,
        0.633,
        -1.462,
        1.267,
        -7.727,
        1.9,
        -7.727,
        0,
        4.4,
        8.636,
        0,
        6.9,
        -7.727,
        0,
        9.4,
        8.636,
        0,
        11.9,
        -7.727,
        0,
        14.4,
        8.636,
        2,
        19.4,
        8.636,
        1,
        19.6,
        8.636,
        19.8,
        8.7,
        20,
        6.261
      ]
    },
    {
      "Target": "Parameter",
      "Id": "Param_Angle_Rotation159",
      "FadeInTime": -1.0,
      "FadeOutTime": -1.0,
      "Segments": [
        0,
        11.088,
        1,
        0.828,
        0.318,
        1.655,
        -10.182,
        2.483,
        -10.182,
        0,
        4.983,
        11.091,
        0,
        7.483,
        -10.182,
        0,
        9.983,
        11.091,
        0,
        12.483,
        -10.182,
        0,
        14.983,
        11.091,
        0,
        17.483,
        -10.182,
        0,
        19.983,
        11.091,
        1,
        19.989,
        11.091,
        19.994,
        11.16,
        20,
        11.088
      ]
    },
    {
      "Target": "Parameter",
      "Id": "Param_Angle_Rotation160",
      "FadeInTime": -1.0,
      "FadeOutTime": -1.0,
      "Segments": [
        0,
        9.515,
        1,
        0.189,
        12.939,
        0.378,
        12.727,
        0.567,
        12.727,
        0,
        3.067,
        -11.818,
        0,
        5.567,
        12.727,
        0,
        8.067,
        -11.818,
        0,
        10.567,
        12.727,
        0,
        13.067,
        -11.818,
        0,
        15.567,
        12.727,
        0,
        18.067,
        -11.818,
        1,
        18.711,
        -11.818,
        19.356,
        -2.168,
        20,
        9.515
      ]
    },
    {
      "Target": "Parameter",
      "Id": "Param_Angle_Rotation161",
      "FadeInTime": -1.0,
      "FadeOutTime": -1.0,
      "Segments": [
        0,
        1.925,
        1,
        0.383,
        9.44,
        0.767,
        12.727,
        1.15,
        12.727,
        0,
        3.65,
        -11.818,
        0,
        6.15,
        12.727,
        0,
        8.65,
        -11.818,
        0,
        11.15,
        12.727,
        0,
        13.65,
        -11.818,
        0,
        16.15,
        12.727,
        0,
        18.65,
        -11.818,
        1,
        19.1,
        -11.818,
        19.55,
        -6.897,
        20,
        1.925
      ]
    },
    {
      "Target": "Parameter",
      "Id": "Param_Angle_Rotation119",
      "FadeInTime": -1.0,
      "FadeOutTime": -1.0,
      "Segments": [
        0,
        -7.358,
        1,
        0.633,
        -3.493,
        1.267,
        -0.364,
        1.9,
        -0.364,
        0,
        4.4,
        -8.546,
        0,
        6.9,
        -0.364,
        0,
        9.4,
        -8.546,
        0,
        11.9,
        -0.364,
        0,
        14.4,
        -8.546,
        0,
        16.9,
        -0.364,
        0,
        19.4,
        -8.546,
        1,
        19.6,
        -8.546,
        19.8,
        -8.578,
        20,
        -7.358
      ]
    },
    {
      "Target": "Parameter",
      "Id": "Param_Angle_Rotation120",
      "FadeInTime": -1.0,
      "FadeOutTime": -1.0,
      "Segments": [
        0,
        -3.635,
        1,
        0.828,
        0.374,
        1.655,
        4.545,
        2.483,
        4.545,
        0,
        4.983,
        -3.636,
        0,
        7.483,
        4.545,
        0,
        9.983,
        -3.636,
        0,
        12.483,
        4.545,
        0,
        14.983,
        -3.636,
        0,
        17.483,
        4.545,
        0,
        19.983,
        -3.636,
        1,
        19.989,
        -3.636,
        19.994,
        -3.662,
        20,
        -3.635
      ]
    },
    {
      "Target": "Parameter",
      "Id": "Param_Angle_Rotation123",
      "FadeInTime": -1.0,
      "FadeOutTime": -1.0,
      "Segments": [
        0,
        -2.565,
        1,
        0.189,
        -3.709,
        0.378,
        -3.636,
        0.567,
        -3.636,
        0,
        3.067,
        4.545,
        0,
        5.567,
        -3.636,
        0,
        8.067,
        4.545,
        0,
        10.567,
        -3.636,
        0,
        13.067,
        4.545,
        0,
        15.567,
        -3.636,
        0,
        18.067,
        4.545,
        1,
        18.711,
        4.545,
        19.356,
        1.337,
        20,
        -2.565
      ]
    },
    {
      "Target": "Parameter",
      "Id": "Param_Angle_Rotation124",
      "FadeInTime": -1.0,
      "FadeOutTime": -1.0,
      "Segments": [
        0,
        -0.526,
        1,
        0.383,
        -5.536,
        0.767,
        -7.727,
        1.15,
        -7.727,
        0,
        3.65,
        8.636,
        0,
        6.15,
        -7.727,
        0,
        8.65,
        8.636,
        0,
        11.15,
        -7.727,
        0,
        13.65,
        8.636,
        0,
        16.15,
        -7.727,
        0,
        18.65,
        8.636,
        1,
        19.1,
        8.636,
        19.55,
        5.355,
        20,
        -0.526
      ]
    },
    {
      "Target": "Parameter",
      "Id": "Param_Angle_Rotation127",
      "FadeInTime": -1.0,
      "FadeOutTime": -1.0,
      "Segments": [
        0,
        6.317,
        1,
        0.578,
        -3.14,
        1.155,
        -10.182,
        1.733,
        -10.182,
        0,
        4.233,
        11.091,
        0,
        6.733,
        -10.182,
        0,
        9.233,
        11.091,
        0,
        11.733,
        -10.182,
        0,
        14.233,
        11.091,
        0,
        16.733,
        -10.182,
        0,
        19.233,
        11.091,
        1,
        19.489,
        11.091,
        19.744,
        10.5,
        20,
        6.317
      ]
    },
    {
      "Target": "Parameter",
      "Id": "Param_Angle_Rotation128",
      "FadeInTime": -1.0,
      "FadeOutTime": -1.0,
      "Segments": [
        0,
        12.35,
        1,
        0.772,
        0.005,
        1.545,
        -11.818,
        2.317,
        -11.818,
        0,
        4.817,
        12.727,
        0,
        7.317,
        -11.818,
        0,
        9.817,
        12.727,
        0,
        12.317,
        -11.818,
        0,
        14.817,
        12.727,
        0,
        17.317,
        -11.818,
        0,
        19.817,
        12.727,
        1,
        19.878,
        12.727,
        19.939,
        13.327,
        20,
        12.35
      ]
    },
    {
      "Target": "Parameter",
      "Id": "Param_Angle_Rotation129",
      "FadeInTime": -1.0,
      "FadeOutTime": -1.0,
      "Segments": [
        0,
        11.042,
        1,
        0.133,
        13.35,
        0.267,
        12.727,
        0.4,
        12.727,
        0,
        2.9,
        -11.818,
        0,
        5.4,
        12.727,
        0,
        7.9,
        -11.818,
        0,
        10.4,
        12.727,
        0,
        12.9,
        -11.818,
        0,
        15.4,
        12.727,
        0,
        17.9,
        -11.818,
        1,
        18.6,
        -11.818,
        19.3,
        -1.076,
        20,
        11.042
      ]
    },
    {
      "Target": "Parameter",
      "Id": "Param27",
      "FadeInTime": -1.0,
      "FadeOutTime": -1.0,
      "Segments": [
        0,
        0,
        0,
        20,
        0
      ]
    },
    {
      "Target": "Parameter",
      "Id": "ParamBreath",
      "FadeInTime": -1.0,
      "FadeOutTime": -1.0,
      "Segments": [
        0,
        0,
        0,
        20,
        0
      ]
    }
  ],
  "UserData": [
    {
      "Time": 0.0,
      "Value": ""
    }
  ]
}