{
  "Version": 3,
  "Meta": {
    "Duration": 7.8,
    "Fps": 60.0,
    "Loop": true,
    "AreBeziersRestricted": true,
    "FadeInTime": 0.0,
    "FadeOutTime": 0.0,
    "CurveCount": 32,
    "TotalSegmentCount": 269,
    "TotalPointCount": 545,
    "UserDataCount": 1,
    "TotalUserDataSize": 0
  },
  "Curves": [
    {
      "Target": "Parameter",
      "Id": "fashe",
      "FadeInTime": -1.0,
      "FadeOutTime": -1.0,
      "Segments": [
        0,
        10,
        2,
        1.033,
        10,
        2,
        1.05,
        0,
        2,
        2.3,
        0,
        1,
        2.556,
        6.349,
        2.811,
        10,
        3.067,
        10,
        2,
        4.817,
        10,
        2,
        4.833,
        0,
        2,
        6.317,
        0,
        1,
        6.572,
        6.349,
        6.828,
        10,
        7.083,
        10,
        2,
        7.8,
        10
      ]
    },
    {
      "Target": "Parameter",
      "Id": "yanhuazha",
      "FadeInTime": -1.0,
      "FadeOutTime": -1.0,
      "Segments": [
        0,
        4.312,
        1,
        0.344,
        6.208,
        0.689,
        8.104,
        1.033,
        10,
        2,
        1.05,
        0,
        2,
        2.3,
        0,
        2,
        3,
        0,
        1,
        3.606,
        3.333,
        4.211,
        6.667,
        4.817,
        10,
        2,
        4.833,
        0,
        2,
        6.317,
        0,
        2,
        7.017,
        0,
        1,
        7.278,
        1.437,
        7.539,
        2.875,
        7.8,
        4.312
      ]
    },
    {
      "Target": "Parameter",
      "Id": "fashe3",
      "FadeInTime": -1.0,
      "FadeOutTime": -1.0,
      "Segments": [
        0,
        0,
        1,
        0.256,
        6.349,
        0.511,
        10,
        0.767,
        10,
        2,
        2.517,
        10,
        2,
        2.533,
        0,
        2,
        5.267,
        0,
        1,
        5.522,
        6.349,
        5.778,
        10,
        6.033,
        10,
        2,
        7.783,
        10,
        2,
        7.8,
        0
      ]
    },
    {
      "Target": "Parameter",
      "Id": "yanhuazha2",
      "FadeInTime": -1.0,
      "FadeOutTime": -1.0,
      "Segments": [
        0,
        0,
        2,
        0.7,
        0,
        1,
        1.306,
        3.333,
        1.911,
        6.667,
        2.517,
        10,
        2,
        2.533,
        0,
        2,
        5.267,
        0,
        2,
        5.967,
        0,
        1,
        6.572,
        3.333,
        7.178,
        6.667,
        7.783,
        10,
        2,
        7.8,
        0
      ]
    },
    {
      "Target": "Parameter",
      "Id": "fashe2",
      "FadeInTime": -1.0,
      "FadeOutTime": -1.0,
      "Segments": [
        0,
        10,
        2,
        1.117,
        10,
        2,
        1.133,
        0,
        2,
        2.733,
        0,
        0,
        3.5,
        10,
        2,
        4.133,
        10,
        2,
        5.25,
        10,
        2,
        5.267,
        0,
        2,
        6.4,
        0,
        0,
        7.167,
        10,
        2,
        7.8,
        10
      ]
    },
    {
      "Target": "Parameter",
      "Id": "yanhuax",
      "FadeInTime": -1.0,
      "FadeOutTime": -1.0,
      "Segments": [
        0,
        3.853,
        1,
        0.372,
        5.902,
        0.745,
        7.951,
        1.117,
        10,
        2,
        1.133,
        0,
        2,
        2.733,
        0,
        2,
        3.433,
        0,
        1,
        3.666,
        1.284,
        3.9,
        2.569,
        4.133,
        3.853,
        1,
        4.505,
        5.902,
        4.878,
        7.951,
        5.25,
        10,
        2,
        5.267,
        0,
        2,
        6.4,
        0,
        2,
        7.1,
        0,
        1,
        7.333,
        1.284,
        7.567,
        2.569,
        7.8,
        3.853
      ]
    },
    {
      "Target": "Parameter",
      "Id": "maotfs",
      "FadeInTime": -1.0,
      "FadeOutTime": -1.0,
      "Segments": [
        0,
        0,
        2,
        0.8,
        0,
        1,
        1.056,
        4.837,
        1.311,
        10,
        1.567,
        10,
        2,
        3.317,
        10,
        2,
        3.333,
        0,
        2,
        4.5,
        0,
        1,
        4.756,
        4.837,
        5.011,
        10,
        5.267,
        10,
        2,
        7.017,
        10,
        2,
        7.033,
        0,
        2,
        7.8,
        0
      ]
    },
    {
      "Target": "Parameter",
      "Id": "moatouzha",
      "FadeInTime": -1.0,
      "FadeOutTime": -1.0,
      "Segments": [
        0,
        0,
        2,
        0.8,
        0,
        2,
        1.5,
        0,
        1,
        2.106,
        3.333,
        2.711,
        6.667,
        3.317,
        10,
        2,
        3.333,
        0,
        2,
        4.5,
        0,
        2,
        5.2,
        0,
        1,
        5.806,
        3.333,
        6.411,
        6.667,
        7.017,
        10,
        2,
        7.033,
        0,
        2,
        7.8,
        0
      ]
    },
    {
      "Target": "Parameter",
      "Id": "mtzhawz",
      "FadeInTime": -1.0,
      "FadeOutTime": -1.0,
      "Segments": [
        0,
        0,
        2,
        4.1,
        0,
        2,
        4.117,
        1,
        2,
        7.017,
        1,
        2,
        7.033,
        0,
        2,
        7.8,
        0
      ]
    },
    {
      "Target": "Parameter",
      "Id": "piaoaxA2",
      "FadeInTime": -1.0,
      "FadeOutTime": -1.0,
      "Segments": [
        0,
        4.561,
        1,
        0.244,
        7.009,
        0.489,
        10,
        0.733,
        10,
        2,
        0.75,
        0,
        0,
        2.317,
        10,
        2,
        2.333,
        0,
        0,
        3.983,
        10,
        2,
        4,
        0,
        0,
        5.483,
        10,
        2,
        5.5,
        0,
        0,
        7.117,
        10,
        2,
        7.133,
        0,
        1,
        7.355,
        0,
        7.578,
        2.509,
        7.8,
        4.561
      ]
    },
    {
      "Target": "Parameter",
      "Id": "piaoaxB2",
      "FadeInTime": -1.0,
      "FadeOutTime": -1.0,
      "Segments": [
        0,
        8.054,
        1,
        0.139,
        8.93,
        0.278,
        10,
        0.417,
        10,
        2,
        0.433,
        0,
        0,
        2,
        10,
        2,
        2.017,
        0,
        0,
        3.567,
        10,
        2,
        3.583,
        0,
        0,
        5.283,
        10,
        2,
        5.3,
        0,
        0,
        6.683,
        10,
        2,
        6.7,
        0,
        1,
        7.067,
        0,
        7.433,
        4.43,
        7.8,
        8.054
      ]
    },
    {
      "Target": "Parameter",
      "Id": "aixingxh",
      "FadeInTime": -1.0,
      "FadeOutTime": -1.0,
      "Segments": [
        0,
        0,
        0,
        0.35,
        -1,
        0,
        0.55,
        1,
        0,
        0.733,
        -0.5,
        0,
        0.95,
        0.4,
        0,
        1.15,
        0,
        2,
        1.583,
        0,
        0,
        1.933,
        -1,
        0,
        2.133,
        1,
        0,
        2.317,
        -0.5,
        0,
        2.533,
        0.4,
        0,
        2.733,
        0,
        2,
        3.167,
        0,
        0,
        3.517,
        -1,
        0,
        3.717,
        1,
        0,
        3.9,
        -0.5,
        0,
        4.117,
        0.4,
        0,
        4.317,
        0,
        2,
        4.75,
        0,
        0,
        5.1,
        -1,
        0,
        5.3,
        1,
        0,
        5.483,
        -0.5,
        0,
        5.7,
        0.4,
        0,
        5.9,
        0,
        2,
        6.217,
        0,
        0,
        6.617,
        -1,
        0,
        6.8,
        1,
        0,
        6.983,
        -0.5,
        0,
        7.2,
        0.4,
        0,
        7.4,
        0,
        2,
        7.8,
        0
      ]
    },
    {
      "Target": "Parameter",
      "Id": "shuimian",
      "FadeInTime": -1.0,
      "FadeOutTime": -1.0,
      "Segments": [
        0,
        0,
        1,
        2.594,
        0.333,
        5.189,
        0.667,
        7.783,
        1,
        2,
        7.8,
        0
      ]
    },
    {
      "Target": "Parameter",
      "Id": "shedeng",
      "FadeInTime": -1.0,
      "FadeOutTime": -1.0,
      "Segments": [
        0,
        -27,
        1,
        0.189,
        -27,
        0.378,
        -25.953,
        0.567,
        -24.616,
        1,
        1.056,
        -21.156,
        1.544,
        -17.18,
        2.033,
        -14.835,
        1,
        2.439,
        -12.89,
        2.844,
        -11.597,
        3.25,
        -10.473,
        1,
        3.467,
        -9.872,
        3.683,
        -9.839,
        3.9,
        -9.839,
        1,
        4.467,
        -9.839,
        5.033,
        -10.113,
        5.6,
        -12.646,
        1,
        6.078,
        -14.782,
        6.555,
        -19.872,
        7.033,
        -23.696,
        1,
        7.289,
        -25.742,
        7.544,
        -27,
        7.8,
        -27
      ]
    },
    {
      "Target": "Parameter",
      "Id": "shedeng2",
      "FadeInTime": -1.0,
      "FadeOutTime": -1.0,
      "Segments": [
        0,
        30,
        1,
        1.122,
        30,
        2.245,
        21.365,
        3.367,
        10.953,
        1,
        3.606,
        9.058,
        3.844,
        9.147,
        4.083,
        9.147,
        1,
        4.366,
        9.147,
        4.65,
        9.135,
        4.933,
        10.953,
        1,
        5.889,
        19.479,
        6.844,
        30,
        7.8,
        30
      ]
    },
    {
      "Target": "Parameter",
      "Id": "shedeng3",
      "FadeInTime": -1.0,
      "FadeOutTime": -1.0,
      "Segments": [
        0,
        -27,
        1,
        0.189,
        -27,
        0.378,
        -27.45,
        0.567,
        -24.616,
        1,
        1.056,
        -17.282,
        1.544,
        -2.756,
        2.033,
        7.165,
        1,
        2.433,
        15.282,
        2.833,
        29.046,
        3.233,
        29.77,
        1,
        3.455,
        30,
        3.678,
        30,
        3.9,
        30,
        1,
        4.478,
        30,
        5.055,
        28.777,
        5.633,
        18.957,
        1,
        6.166,
        9.892,
        6.7,
        -14.194,
        7.233,
        -24.139,
        1,
        7.422,
        -27.268,
        7.611,
        -27,
        7.8,
        -27
      ]
    },
    {
      "Target": "Parameter",
      "Id": "loudeng1",
      "FadeInTime": -1.0,
      "FadeOutTime": -1.0,
      "Segments": [
        0,
        1,
        0,
        3.9,
        0,
        0,
        7.8,
        1
      ]
    },
    {
      "Target": "Parameter",
      "Id": "loudeng2",
      "FadeInTime": -1.0,
      "FadeOutTime": -1.0,
      "Segments": [
        0,
        0.862,
        0,
        2.967,
        0,
        0,
        6.867,
        1,
        0,
        7.8,
        0.862
      ]
    },
    {
      "Target": "Parameter",
      "Id": "loudeng3",
      "FadeInTime": -1.0,
      "FadeOutTime": -1.0,
      "Segments": [
        0,
        0.811,
        0,
        1.067,
        1,
        0,
        4.967,
        0,
        0,
        7.8,
        0.811
      ]
    },
    {
      "Target": "Parameter",
      "Id": "yuanguang",
      "FadeInTime": -1.0,
      "FadeOutTime": -1.0,
      "Segments": [
        0,
        1,
        1,
        0.022,
        0.667,
        0.045,
        0.333,
        0.067,
        0,
        1,
        0.089,
        0.333,
        0.111,
        0.667,
        0.133,
        1,
        1,
        0.166,
        0.667,
        0.2,
        0.333,
        0.233,
        0,
        1,
        0.266,
        0.333,
        0.3,
        0.667,
        0.333,
        1,
        1,
        0.366,
        0.667,
        0.4,
        0.333,
        0.433,
        0,
        1,
        0.466,
        0.333,
        0.5,
        0.667,
        0.533,
        1,
        1,
        0.633,
        0.667,
        0.733,
        0.333,
        0.833,
        0,
        1,
        0.866,
        0.333,
        0.9,
        0.667,
        0.933,
        1,
        1,
        0.966,
        0.667,
        1,
        0.333,
        1.033,
        0,
        1,
        1.055,
        0.333,
        1.078,
        0.667,
        1.1,
        1,
        1,
        1.133,
        0.667,
        1.167,
        0.333,
        1.2,
        0,
        1,
        1.233,
        0.333,
        1.267,
        0.667,
        1.3,
        1,
        1,
        1.333,
        0.667,
        1.367,
        0.333,
        1.4,
        0,
        1,
        1.433,
        0.333,
        1.467,
        0.667,
        1.5,
        1,
        1,
        1.533,
        0.667,
        1.567,
        0.333,
        1.6,
        0,
        1,
        1.633,
        0.333,
        1.667,
        0.667,
        1.7,
        1,
        1,
        1.733,
        0.667,
        1.767,
        0.333,
        1.8,
        0,
        1,
        1.833,
        0.333,
        1.867,
        0.667,
        1.9,
        1,
        1,
        1.933,
        0.667,
        1.967,
        0.333,
        2,
        0,
        1,
        2.022,
        0.333,
        2.045,
        0.667,
        2.067,
        1,
        1,
        2.1,
        0.667,
        2.134,
        0.333,
        2.167,
        0,
        1,
        2.2,
        0.333,
        2.234,
        0.667,
        2.267,
        1,
        1,
        2.3,
        0.667,
        2.334,
        0.333,
        2.367,
        0,
        1,
        2.467,
        0.333,
        2.567,
        0.667,
        2.667,
        1,
        1,
        2.7,
        0.667,
        2.734,
        0.333,
        2.767,
        0,
        1,
        2.8,
        0.333,
        2.834,
        0.667,
        2.867,
        1,
        1,
        2.9,
        0.667,
        2.934,
        0.333,
        2.967,
        0,
        1,
        2.989,
        0.333,
        3.011,
        0.667,
        3.033,
        1,
        1,
        3.066,
        0.667,
        3.1,
        0.333,
        3.133,
        0,
        1,
        3.166,
        0.333,
        3.2,
        0.667,
        3.233,
        1,
        1,
        3.266,
        0.667,
        3.3,
        0.333,
        3.333,
        0,
        1,
        3.366,
        0.333,
        3.4,
        0.667,
        3.433,
        1,
        1,
        3.466,
        0.667,
        3.5,
        0.333,
        3.533,
        0,
        1,
        3.566,
        0.333,
        3.6,
        0.667,
        3.633,
        1,
        1,
        3.666,
        0.667,
        3.7,
        0.333,
        3.733,
        0,
        1,
        3.755,
        0.333,
        3.778,
        0.667,
        3.8,
        1,
        1,
        3.822,
        0.667,
        3.845,
        0.333,
        3.867,
        0,
        1,
        3.956,
        0.333,
        4.044,
        0.667,
        4.133,
        1,
        1,
        4.166,
        0.667,
        4.2,
        0.333,
        4.233,
        0,
        1,
        4.266,
        0.333,
        4.3,
        0.667,
        4.333,
        1,
        1,
        4.366,
        0.667,
        4.4,
        0.333,
        4.433,
        0,
        1,
        4.466,
        0.333,
        4.5,
        0.667,
        4.533,
        1,
        1,
        4.566,
        0.667,
        4.6,
        0.333,
        4.633,
        0,
        1,
        4.666,
        0.333,
        4.7,
        0.667,
        4.733,
        1,
        1,
        4.766,
        0.667,
        4.8,
        0.333,
        4.833,
        0,
        1,
        4.855,
        0.333,
        4.878,
        0.667,
        4.9,
        1,
        1,
        4.933,
        0.667,
        4.967,
        0.333,
        5,
        0,
        1,
        5.033,
        0.333,
        5.067,
        0.667,
        5.1,
        1,
        1,
        5.133,
        0.667,
        5.167,
        0.333,
        5.2,
        0,
        1,
        5.233,
        0.333,
        5.267,
        0.667,
        5.3,
        1,
        1,
        5.333,
        0.667,
        5.367,
        0.333,
        5.4,
        0,
        1,
        5.433,
        0.333,
        5.467,
        0.667,
        5.5,
        1,
        1,
        5.533,
        0.667,
        5.567,
        0.333,
        5.6,
        0,
        1,
        5.689,
        0.333,
        5.778,
        0.667,
        5.867,
        1,
        1,
        5.9,
        0.667,
        5.934,
        0.333,
        5.967,
        0,
        1,
        6,
        0.333,
        6.034,
        0.667,
        6.067,
        1,
        1,
        6.1,
        0.667,
        6.134,
        0.333,
        6.167,
        0,
        1,
        6.2,
        0.333,
        6.234,
        0.667,
        6.267,
        1,
        1,
        6.3,
        0.667,
        6.334,
        0.333,
        6.367,
        0,
        1,
        6.4,
        0.333,
        6.434,
        0.667,
        6.467,
        1,
        1,
        6.5,
        0.667,
        6.534,
        0.333,
        6.567,
        0,
        1,
        6.6,
        0.333,
        6.634,
        0.667,
        6.667,
        1,
        1,
        6.7,
        0.667,
        6.734,
        0.333,
        6.767,
        0,
        1,
        6.789,
        0.333,
        6.811,
        0.667,
        6.833,
        1,
        1,
        6.866,
        0.667,
        6.9,
        0.333,
        6.933,
        0,
        1,
        6.966,
        0.333,
        7,
        0.667,
        7.033,
        1,
        1,
        7.066,
        0.667,
        7.1,
        0.333,
        7.133,
        0,
        1,
        7.233,
        0.333,
        7.333,
        0.667,
        7.433,
        1,
        1,
        7.466,
        0.667,
        7.5,
        0.333,
        7.533,
        0,
        1,
        7.555,
        0.333,
        7.578,
        0.667,
        7.6,
        1,
        1,
        7.633,
        0.667,
        7.667,
        0.333,
        7.7,
        0,
        1,
        7.733,
        0.333,
        7.767,
        0.667,
        7.8,
        1
      ]
    },
    {
      "Target": "Parameter",
      "Id": "yuanguang2",
      "FadeInTime": -1.0,
      "FadeOutTime": -1.0,
      "Segments": [
        0,
        0,
        1,
        1.3,
        0.167,
        2.6,
        0.333,
        3.9,
        0.5,
        1,
        5.2,
        0.667,
        6.5,
        0.833,
        7.8,
        1
      ]
    },
    {
      "Target": "Parameter",
      "Id": "qianpai1",
      "FadeInTime": -1.0,
      "FadeOutTime": -1.0,
      "Segments": [
        0,
        0.175,
        1,
        0.933,
        -0.039,
        1.867,
        -0.3,
        2.8,
        -0.3,
        1,
        3.467,
        -0.3,
        4.133,
        -0.231,
        4.8,
        0,
        1,
        5.444,
        0.224,
        6.089,
        0.4,
        6.733,
        0.4,
        1,
        7.089,
        0.4,
        7.444,
        0.276,
        7.8,
        0.175
      ]
    },
    {
      "Target": "Parameter",
      "Id": "qianpai2",
      "FadeInTime": -1.0,
      "FadeOutTime": -1.0,
      "Segments": [
        0,
        0.089,
        1,
        0.833,
        -0.086,
        1.667,
        -0.3,
        2.5,
        -0.3,
        1,
        3.167,
        -0.3,
        3.833,
        -0.231,
        4.5,
        0,
        1,
        5.144,
        0.224,
        5.789,
        0.4,
        6.433,
        0.4,
        1,
        6.889,
        0.4,
        7.344,
        0.229,
        7.8,
        0.089
      ]
    },
    {
      "Target": "Parameter",
      "Id": "qianpai3",
      "FadeInTime": -1.0,
      "FadeOutTime": -1.0,
      "Segments": [
        0,
        0.025,
        1,
        0.733,
        -0.121,
        1.467,
        -0.3,
        2.2,
        -0.3,
        1,
        2.867,
        -0.3,
        3.533,
        -0.231,
        4.2,
        0,
        1,
        4.844,
        0.224,
        5.489,
        0.4,
        6.133,
        0.4,
        1,
        6.689,
        0.4,
        7.244,
        0.194,
        7.8,
        0.025
      ]
    },
    {
      "Target": "Parameter",
      "Id": "qianpai4",
      "FadeInTime": -1.0,
      "FadeOutTime": -1.0,
      "Segments": [
        0,
        0,
        1,
        0.633,
        -0.135,
        1.267,
        -0.3,
        1.9,
        -0.3,
        1,
        2.567,
        -0.3,
        3.233,
        -0.231,
        3.9,
        0,
        1,
        4.544,
        0.224,
        5.189,
        0.4,
        5.833,
        0.4,
        1,
        6.489,
        0.4,
        7.144,
        0.18,
        7.8,
        0
      ]
    },
    {
      "Target": "Parameter",
      "Id": "touzi1",
      "FadeInTime": -1.0,
      "FadeOutTime": -1.0,
      "Segments": [
        0,
        0,
        0,
        1.9,
        -0.5,
        1,
        2.567,
        -0.5,
        3.233,
        -0.302,
        3.9,
        0,
        1,
        4.544,
        0.292,
        5.189,
        0.4,
        5.833,
        0.4,
        0,
        7.8,
        0
      ]
    },
    {
      "Target": "Parameter",
      "Id": "touzi2",
      "FadeInTime": -1.0,
      "FadeOutTime": -1.0,
      "Segments": [
        0,
        0,
        0,
        2.167,
        -0.5,
        1,
        2.822,
        -0.5,
        3.478,
        -0.296,
        4.133,
        0,
        1,
        4.789,
        0.296,
        5.444,
        0.4,
        6.1,
        0.4,
        0,
        7.8,
        0
      ]
    },
    {
      "Target": "Parameter",
      "Id": "touzi3",
      "FadeInTime": -1.0,
      "FadeOutTime": -1.0,
      "Segments": [
        0,
        0,
        0,
        2,
        0.476,
        1,
        2.633,
        0.476,
        3.267,
        0.336,
        3.9,
        0,
        1,
        4.489,
        -0.312,
        5.078,
        -0.5,
        5.667,
        -0.5,
        0,
        7.8,
        0
      ]
    },
    {
      "Target": "Parameter",
      "Id": "qiandai1",
      "FadeInTime": -1.0,
      "FadeOutTime": -1.0,
      "Segments": [
        0,
        1.997,
        0,
        1.9,
        -1.997,
        0,
        3.833,
        1.997,
        0,
        5.8,
        -1.997,
        0,
        7.8,
        1.997
      ]
    },
    {
      "Target": "Parameter",
      "Id": "qiandai2",
      "FadeInTime": -1.0,
      "FadeOutTime": -1.0,
      "Segments": [
        0,
        -0.099,
        1,
        0.322,
        -0.953,
        0.645,
        -1.997,
        0.967,
        -1.997,
        0,
        2.867,
        1.997,
        0,
        4.8,
        -1.997,
        0,
        6.767,
        1.997,
        1,
        7.111,
        1.997,
        7.456,
        0.844,
        7.8,
        -0.099
      ]
    },
    {
      "Target": "Parameter",
      "Id": "yanhxs",
      "FadeInTime": -1.0,
      "FadeOutTime": -1.0,
      "Segments": [
        0,
        0,
        0,
        7.8,
        0
      ]
    },
    {
      "Target": "Parameter",
      "Id": "xxxxxx",
      "FadeInTime": -1.0,
      "FadeOutTime": -1.0,
      "Segments": [
        0,
        0,
        0,
        7.8,
        0
      ]
    }
  ],
  "UserData": [
    {
      "Time": 0.0,
      "Value": ""
    }
  ]
}