{
  "Version": 3,
  "Meta": {
    "Duration": 5.417,
    "Fps": 60.0,
    "Loop": true,
    "AreBeziersRestricted": true,
    "FadeInTime": 0.0,
    "FadeOutTime": 0.0,
    "CurveCount": 272,
    "TotalSegmentCount": 322,
    "TotalPointCount": 350,
    "UserDataCount": 1,
    "TotalUserDataSize": 0
  },
  "Curves": [
    {
      "Target": "Parameter",
      "Id": "sdxiong",
      "FadeInTime": -1.0,
      "FadeOutTime": -1.0,
      "Segments": [
        0,
        0,
        0,
        1.1,
        1,
        0,
        2.517,
        0,
        0,
        4,
        1,
        0,
        5.417,
        0
      ]
    },
    {
      "Target": "Parameter",
      "Id": "sdtwl",
      "FadeInTime": -1.0,
      "FadeOutTime": -1.0,
      "Segments": [
        0,
        0,
        0,
        0.7,
        1,
        0,
        1.567,
        0,
        0,
        2.55,
        1,
        0,
        3.583,
        0,
        0,
        4.467,
        1,
        0,
        5.417,
        0
      ]
    },
    {
      "Target": "Parameter",
      "Id": "sdweib",
      "FadeInTime": -1.0,
      "FadeOutTime": -1.0,
      "Segments": [
        0,
        0,
        0,
        1.167,
        0.548,
        0,
        2.55,
        0.046,
        0,
        4.133,
        0.725,
        0,
        5.417,
        0
      ]
    },
    {
      "Target": "Parameter",
      "Id": "ParamEyeLOpen",
      "FadeInTime": -1.0,
      "FadeOutTime": -1.0,
      "Segments": [
        0,
        1,
        2,
        2.583,
        1,
        0,
        2.867,
        0,
        2,
        2.933,
        0,
        0,
        3.25,
        1,
        2,
        5.417,
        1
      ]
    },
    {
      "Target": "Parameter",
      "Id": "ParamEyeROpen",
      "FadeInTime": -1.0,
      "FadeOutTime": -1.0,
      "Segments": [
        0,
        1,
        2,
        2.583,
        1,
        0,
        2.867,
        0,
        2,
        2.933,
        0,
        0,
        3.25,
        1,
        2,
        5.417,
        1
      ]
    },
    {
      "Target": "Parameter",
      "Id": "ParamAngleX",
      "FadeInTime": -1.0,
      "FadeOutTime": -1.0,
      "Segments": [
        0,
        -14.7,
        1,
        0.444,
        -14.7,
        0.889,
        -14.896,
        1.333,
        -14,
        1,
        2.25,
        -12.153,
        3.166,
        -9,
        4.083,
        -9,
        0,
        5.417,
        -14.7
      ]
    },
    {
      "Target": "Parameter",
      "Id": "ParamAngleY",
      "FadeInTime": -1.0,
      "FadeOutTime": -1.0,
      "Segments": [
        0,
        6.1,
        1,
        0.478,
        10.555,
        0.955,
        16,
        1.433,
        16,
        0,
        4.183,
        -4,
        1,
        4.594,
        -4,
        5.006,
        1.555,
        5.417,
        6.1
      ]
    },
    {
      "Target": "Parameter",
      "Id": "ParamAngleZ",
      "FadeInTime": -1.0,
      "FadeOutTime": -1.0,
      "Segments": [
        0,
        8,
        1,
        0.411,
        7.082,
        0.822,
        5.96,
        1.233,
        5.96,
        0,
        3.983,
        8.509,
        1,
        4.461,
        8.509,
        4.939,
        8.229,
        5.417,
        8
      ]
    },
    {
      "Target": "Parameter",
      "Id": "toushiZ",
      "FadeInTime": -1.0,
      "FadeOutTime": -1.0,
      "Segments": [
        0,
        -2,
        0,
        1.333,
        -4.25,
        0,
        4.083,
        -1.96,
        0,
        5.417,
        -2
      ]
    },
    {
      "Target": "Parameter",
      "Id": "ParamBodyAngleX2",
      "FadeInTime": -1.0,
      "FadeOutTime": -1.0,
      "Segments": [
        0,
        -10,
        0,
        2.583,
        -9.24,
        0,
        5.417,
        -10
      ]
    },
    {
      "Target": "Parameter",
      "Id": "stsxz",
      "FadeInTime": -1.0,
      "FadeOutTime": -1.0,
      "Segments": [
        0,
        10,
        0,
        2.583,
        9.58,
        0,
        5.417,
        10
      ]
    },
    {
      "Target": "Parameter",
      "Id": "shentixiaX",
      "FadeInTime": -1.0,
      "FadeOutTime": -1.0,
      "Segments": [
        0,
        -10,
        0,
        2.583,
        -6.64,
        0,
        5.417,
        -10
      ]
    },
    {
      "Target": "Parameter",
      "Id": "shenhuxi",
      "FadeInTime": -1.0,
      "FadeOutTime": -1.0,
      "Segments": [
        0,
        0,
        1,
        0.444,
        2.7,
        0.889,
        6,
        1.333,
        6,
        0,
        4.083,
        -3,
        1,
        4.528,
        -3,
        4.972,
        -1.35,
        5.417,
        0
      ]
    },
    {
      "Target": "Parameter",
      "Id": "Rxiaobixz",
      "FadeInTime": -1.0,
      "FadeOutTime": -1.0,
      "Segments": [
        0,
        -3.12,
        0,
        1.333,
        -3,
        1,
        2.25,
        -3,
        3.166,
        -3.038,
        4.083,
        -3.09,
        1,
        4.528,
        -3.115,
        4.972,
        -3.12,
        5.417,
        -3.12
      ]
    },
    {
      "Target": "Parameter",
      "Id": "Rshoudh",
      "FadeInTime": -1.0,
      "FadeOutTime": -1.0,
      "Segments": [
        0,
        4,
        0,
        1.333,
        2.555,
        1,
        2.25,
        2.555,
        3.166,
        3.901,
        4.083,
        3.98,
        1,
        4.528,
        4.019,
        4.972,
        4,
        5.417,
        4
      ]
    },
    {
      "Target": "Parameter",
      "Id": "Rshizhi",
      "FadeInTime": -1.0,
      "FadeOutTime": -1.0,
      "Segments": [
        0,
        3,
        0,
        1.333,
        1.945,
        0,
        4.083,
        3.58,
        0,
        5.417,
        3
      ]
    },
    {
      "Target": "Parameter",
      "Id": "Rzhongz",
      "FadeInTime": -1.0,
      "FadeOutTime": -1.0,
      "Segments": [
        0,
        5,
        0,
        1.333,
        3.885,
        0,
        4.083,
        5.5,
        0,
        5.417,
        5
      ]
    },
    {
      "Target": "Parameter",
      "Id": "Lxiaobixz",
      "FadeInTime": -1.0,
      "FadeOutTime": -1.0,
      "Segments": [
        0,
        6.28,
        0,
        1.333,
        6.34,
        1,
        1.75,
        6.34,
        2.166,
        6.238,
        2.583,
        6.209,
        1,
        3.083,
        6.174,
        3.583,
        6.175,
        4.083,
        6.175,
        0,
        5.417,
        6.28
      ]
    },
    {
      "Target": "Parameter",
      "Id": "Ldatuixz",
      "FadeInTime": -1.0,
      "FadeOutTime": -1.0,
      "Segments": [
        0,
        -12.38,
        0,
        2.583,
        -11.78,
        0,
        5.417,
        -12.38
      ]
    },
    {
      "Target": "Parameter",
      "Id": "Ljiaoxz",
      "FadeInTime": -1.0,
      "FadeOutTime": -1.0,
      "Segments": [
        0,
        5.96,
        0,
        2.583,
        6.68,
        0,
        5.417,
        5.96
      ]
    },
    {
      "Target": "Parameter",
      "Id": "LxiaotuiY",
      "FadeInTime": -1.0,
      "FadeOutTime": -1.0,
      "Segments": [
        0,
        -1.34,
        0,
        2.583,
        -2.06,
        0,
        5.417,
        -1.34
      ]
    },
    {
      "Target": "Parameter",
      "Id": "Rxiaotuixz",
      "FadeInTime": -1.0,
      "FadeOutTime": -1.0,
      "Segments": [
        0,
        14.36,
        0,
        2.583,
        13.34,
        0,
        5.417,
        14.36
      ]
    },
    {
      "Target": "Parameter",
      "Id": "Rjiaoxz",
      "FadeInTime": -1.0,
      "FadeOutTime": -1.0,
      "Segments": [
        0,
        6.54,
        0,
        2.583,
        4.74,
        0,
        5.417,
        6.54
      ]
    },
    {
      "Target": "Parameter",
      "Id": "RxiaotuiY",
      "FadeInTime": -1.0,
      "FadeOutTime": -1.0,
      "Segments": [
        0,
        -2,
        0,
        2.583,
        0.16,
        0,
        5.417,
        -2
      ]
    },
    {
      "Target": "Parameter",
      "Id": "tangzshouk",
      "FadeInTime": -1.0,
      "FadeOutTime": -1.0,
      "Segments": [
        0,
        1,
        0,
        5.417,
        1
      ]
    },
    {
      "Target": "Parameter",
      "Id": "zuodaijik",
      "FadeInTime": -1.0,
      "FadeOutTime": -1.0,
      "Segments": [
        0,
        0,
        0,
        5.417,
        0
      ]
    },
    {
      "Target": "Parameter",
      "Id": "yichuqtk",
      "FadeInTime": -1.0,
      "FadeOutTime": -1.0,
      "Segments": [
        0,
        1,
        0,
        5.417,
        1
      ]
    },
    {
      "Target": "Parameter",
      "Id": "tanglfyk",
      "FadeInTime": -1.0,
      "FadeOutTime": -1.0,
      "Segments": [
        0,
        0,
        0,
        5.417,
        0
      ]
    },
    {
      "Target": "Parameter",
      "Id": "podkwz",
      "FadeInTime": -1.0,
      "FadeOutTime": -1.0,
      "Segments": [
        0,
        0,
        0,
        5.417,
        0
      ]
    },
    {
      "Target": "Parameter",
      "Id": "touch_drag5",
      "FadeInTime": -1.0,
      "FadeOutTime": -1.0,
      "Segments": [
        0,
        0,
        0,
        5.417,
        0
      ]
    },
    {
      "Target": "Parameter",
      "Id": "LxiongsdX",
      "FadeInTime": -1.0,
      "FadeOutTime": -1.0,
      "Segments": [
        0,
        0,
        0,
        5.417,
        0
      ]
    },
    {
      "Target": "Parameter",
      "Id": "LxiongsdY",
      "FadeInTime": -1.0,
      "FadeOutTime": -1.0,
      "Segments": [
        0,
        0,
        0,
        5.417,
        0
      ]
    },
    {
      "Target": "Parameter",
      "Id": "xxxxxx31",
      "FadeInTime": -1.0,
      "FadeOutTime": -1.0,
      "Segments": [
        0,
        0,
        0,
        5.417,
        0
      ]
    },
    {
      "Target": "Parameter",
      "Id": "RxiongsdX",
      "FadeInTime": -1.0,
      "FadeOutTime": -1.0,
      "Segments": [
        0,
        0,
        0,
        5.417,
        0
      ]
    },
    {
      "Target": "Parameter",
      "Id": "RxiongsdY",
      "FadeInTime": -1.0,
      "FadeOutTime": -1.0,
      "Segments": [
        0,
        0,
        0,
        5.417,
        0
      ]
    },
    {
      "Target": "Parameter",
      "Id": "xxxxxx35",
      "FadeInTime": -1.0,
      "FadeOutTime": -1.0,
      "Segments": [
        0,
        0,
        0,
        5.417,
        0
      ]
    },
    {
      "Target": "Parameter",
      "Id": "heikuang",
      "FadeInTime": -1.0,
      "FadeOutTime": -1.0,
      "Segments": [
        0,
        0,
        0,
        5.417,
        0
      ]
    },
    {
      "Target": "Parameter",
      "Id": "baiping",
      "FadeInTime": -1.0,
      "FadeOutTime": -1.0,
      "Segments": [
        0,
        0,
        0,
        5.417,
        0
      ]
    },
    {
      "Target": "Parameter",
      "Id": "fenfenw",
      "FadeInTime": -1.0,
      "FadeOutTime": -1.0,
      "Segments": [
        0,
        0,
        0,
        5.417,
        0
      ]
    },
    {
      "Target": "Parameter",
      "Id": "fenfenw2",
      "FadeInTime": -1.0,
      "FadeOutTime": -1.0,
      "Segments": [
        0,
        0,
        0,
        5.417,
        0
      ]
    },
    {
      "Target": "Parameter",
      "Id": "zhuanpaik",
      "FadeInTime": -1.0,
      "FadeOutTime": -1.0,
      "Segments": [
        0,
        0,
        0,
        5.417,
        0
      ]
    },
    {
      "Target": "Parameter",
      "Id": "dengzhuanp",
      "FadeInTime": -1.0,
      "FadeOutTime": -1.0,
      "Segments": [
        0,
        0,
        0,
        5.417,
        0
      ]
    },
    {
      "Target": "Parameter",
      "Id": "dengbj",
      "FadeInTime": -1.0,
      "FadeOutTime": -1.0,
      "Segments": [
        0,
        0,
        0,
        5.417,
        0
      ]
    },
    {
      "Target": "Parameter",
      "Id": "xxxxxx25",
      "FadeInTime": -1.0,
      "FadeOutTime": -1.0,
      "Segments": [
        0,
        0,
        0,
        5.417,
        0
      ]
    },
    {
      "Target": "Parameter",
      "Id": "qianjingpai",
      "FadeInTime": -1.0,
      "FadeOutTime": -1.0,
      "Segments": [
        0,
        1,
        0,
        5.417,
        1
      ]
    },
    {
      "Target": "Parameter",
      "Id": "Param",
      "FadeInTime": -1.0,
      "FadeOutTime": -1.0,
      "Segments": [
        0,
        0,
        0,
        5.417,
        0
      ]
    },
    {
      "Target": "Parameter",
      "Id": "beijlc",
      "FadeInTime": -1.0,
      "FadeOutTime": -1.0,
      "Segments": [
        0,
        0,
        0,
        5.417,
        0
      ]
    },
    {
      "Target": "Parameter",
      "Id": "xxxxxx26",
      "FadeInTime": -1.0,
      "FadeOutTime": -1.0,
      "Segments": [
        0,
        0,
        0,
        5.417,
        0
      ]
    },
    {
      "Target": "Parameter",
      "Id": "gqtian",
      "FadeInTime": -1.0,
      "FadeOutTime": -1.0,
      "Segments": [
        0,
        0,
        0,
        5.417,
        0
      ]
    },
    {
      "Target": "Parameter",
      "Id": "zhaodenggaung",
      "FadeInTime": -1.0,
      "FadeOutTime": -1.0,
      "Segments": [
        0,
        0,
        0,
        5.417,
        0
      ]
    },
    {
      "Target": "Parameter",
      "Id": "zhaok50",
      "FadeInTime": -1.0,
      "FadeOutTime": -1.0,
      "Segments": [
        0,
        0,
        0,
        5.417,
        0
      ]
    },
    {
      "Target": "Parameter",
      "Id": "zhaodyun",
      "FadeInTime": -1.0,
      "FadeOutTime": -1.0,
      "Segments": [
        0,
        0,
        0,
        5.417,
        0
      ]
    },
    {
      "Target": "Parameter",
      "Id": "zhjaodengdx",
      "FadeInTime": -1.0,
      "FadeOutTime": -1.0,
      "Segments": [
        0,
        0,
        0,
        5.417,
        0
      ]
    },
    {
      "Target": "Parameter",
      "Id": "zhaodengX",
      "FadeInTime": -1.0,
      "FadeOutTime": -1.0,
      "Segments": [
        0,
        0,
        0,
        5.417,
        0
      ]
    },
    {
      "Target": "Parameter",
      "Id": "zhaodengY",
      "FadeInTime": -1.0,
      "FadeOutTime": -1.0,
      "Segments": [
        0,
        0,
        0,
        5.417,
        0
      ]
    },
    {
      "Target": "Parameter",
      "Id": "xxxxxx24",
      "FadeInTime": -1.0,
      "FadeOutTime": -1.0,
      "Segments": [
        0,
        0,
        0,
        5.417,
        0
      ]
    },
    {
      "Target": "Parameter",
      "Id": "pxk",
      "FadeInTime": -1.0,
      "FadeOutTime": -1.0,
      "Segments": [
        0,
        0,
        0,
        5.417,
        0
      ]
    },
    {
      "Target": "Parameter",
      "Id": "piaoaxA",
      "FadeInTime": -1.0,
      "FadeOutTime": -1.0,
      "Segments": [
        0,
        0,
        0,
        5.417,
        0
      ]
    },
    {
      "Target": "Parameter",
      "Id": "piaoaxB",
      "FadeInTime": -1.0,
      "FadeOutTime": -1.0,
      "Segments": [
        0,
        0,
        0,
        5.417,
        0
      ]
    },
    {
      "Target": "Parameter",
      "Id": "jjiang",
      "FadeInTime": -1.0,
      "FadeOutTime": -1.0,
      "Segments": [
        0,
        0,
        0,
        5.417,
        0
      ]
    },
    {
      "Target": "Parameter",
      "Id": "xxxxxx22",
      "FadeInTime": -1.0,
      "FadeOutTime": -1.0,
      "Segments": [
        0,
        0,
        0,
        5.417,
        0
      ]
    },
    {
      "Target": "Parameter",
      "Id": "tutoubj",
      "FadeInTime": -1.0,
      "FadeOutTime": -1.0,
      "Segments": [
        0,
        0,
        0,
        5.417,
        0
      ]
    },
    {
      "Target": "Parameter",
      "Id": "tutoud",
      "FadeInTime": -1.0,
      "FadeOutTime": -1.0,
      "Segments": [
        0,
        0,
        0,
        5.417,
        0
      ]
    },
    {
      "Target": "Parameter",
      "Id": "huangyuan",
      "FadeInTime": -1.0,
      "FadeOutTime": -1.0,
      "Segments": [
        0,
        0,
        0,
        5.417,
        0
      ]
    },
    {
      "Target": "Parameter",
      "Id": "huangyuan3",
      "FadeInTime": -1.0,
      "FadeOutTime": -1.0,
      "Segments": [
        0,
        0,
        0,
        5.417,
        0
      ]
    },
    {
      "Target": "Parameter",
      "Id": "huangyuan2",
      "FadeInTime": -1.0,
      "FadeOutTime": -1.0,
      "Segments": [
        0,
        0,
        0,
        5.417,
        0
      ]
    },
    {
      "Target": "Parameter",
      "Id": "xxxxxx16",
      "FadeInTime": -1.0,
      "FadeOutTime": -1.0,
      "Segments": [
        0,
        0,
        0,
        5.417,
        0
      ]
    },
    {
      "Target": "Parameter",
      "Id": "zhuanpxs",
      "FadeInTime": -1.0,
      "FadeOutTime": -1.0,
      "Segments": [
        0,
        0,
        0,
        5.417,
        0
      ]
    },
    {
      "Target": "Parameter",
      "Id": "zhubu",
      "FadeInTime": -1.0,
      "FadeOutTime": -1.0,
      "Segments": [
        0,
        1,
        0,
        5.417,
        1
      ]
    },
    {
      "Target": "Parameter",
      "Id": "zhuanpanX",
      "FadeInTime": -1.0,
      "FadeOutTime": -1.0,
      "Segments": [
        0,
        0,
        0,
        5.417,
        0
      ]
    },
    {
      "Target": "Parameter",
      "Id": "zhuanpanY",
      "FadeInTime": -1.0,
      "FadeOutTime": -1.0,
      "Segments": [
        0,
        0,
        0,
        5.417,
        0
      ]
    },
    {
      "Target": "Parameter",
      "Id": "zhuobuZ",
      "FadeInTime": -1.0,
      "FadeOutTime": -1.0,
      "Segments": [
        0,
        0,
        0,
        5.417,
        0
      ]
    },
    {
      "Target": "Parameter",
      "Id": "zhuobX",
      "FadeInTime": -1.0,
      "FadeOutTime": -1.0,
      "Segments": [
        0,
        0,
        0,
        5.417,
        0
      ]
    },
    {
      "Target": "Parameter",
      "Id": "zhuobY",
      "FadeInTime": -1.0,
      "FadeOutTime": -1.0,
      "Segments": [
        0,
        0,
        0,
        5.417,
        0
      ]
    },
    {
      "Target": "Parameter",
      "Id": "xxxxxx29",
      "FadeInTime": -1.0,
      "FadeOutTime": -1.0,
      "Segments": [
        0,
        0,
        0,
        5.417,
        0
      ]
    },
    {
      "Target": "Parameter",
      "Id": "ztdaxiao",
      "FadeInTime": -1.0,
      "FadeOutTime": -1.0,
      "Segments": [
        0,
        1.86,
        0,
        5.417,
        1.86
      ]
    },
    {
      "Target": "Parameter",
      "Id": "zhengtiX",
      "FadeInTime": -1.0,
      "FadeOutTime": -1.0,
      "Segments": [
        0,
        -1.26,
        0,
        5.417,
        -1.26
      ]
    },
    {
      "Target": "Parameter",
      "Id": "zhengtiY",
      "FadeInTime": -1.0,
      "FadeOutTime": -1.0,
      "Segments": [
        0,
        0,
        0,
        5.417,
        0
      ]
    },
    {
      "Target": "Parameter",
      "Id": "renwzX",
      "FadeInTime": -1.0,
      "FadeOutTime": -1.0,
      "Segments": [
        0,
        0,
        0,
        5.417,
        0
      ]
    },
    {
      "Target": "Parameter",
      "Id": "renwzY",
      "FadeInTime": -1.0,
      "FadeOutTime": -1.0,
      "Segments": [
        0,
        0,
        0,
        5.417,
        0
      ]
    },
    {
      "Target": "Parameter",
      "Id": "rendaxiao",
      "FadeInTime": -1.0,
      "FadeOutTime": -1.0,
      "Segments": [
        0,
        0,
        0,
        5.417,
        0
      ]
    },
    {
      "Target": "Parameter",
      "Id": "xxxxxx33",
      "FadeInTime": -1.0,
      "FadeOutTime": -1.0,
      "Segments": [
        0,
        0,
        0,
        5.417,
        0
      ]
    },
    {
      "Target": "Parameter",
      "Id": "xiang1c",
      "FadeInTime": -1.0,
      "FadeOutTime": -1.0,
      "Segments": [
        0,
        0,
        0,
        5.417,
        0
      ]
    },
    {
      "Target": "Parameter",
      "Id": "xiang1c2",
      "FadeInTime": -1.0,
      "FadeOutTime": -1.0,
      "Segments": [
        0,
        0,
        0,
        5.417,
        0
      ]
    },
    {
      "Target": "Parameter",
      "Id": "xiang1c3",
      "FadeInTime": -1.0,
      "FadeOutTime": -1.0,
      "Segments": [
        0,
        0,
        0,
        5.417,
        0
      ]
    },
    {
      "Target": "Parameter",
      "Id": "chajia1",
      "FadeInTime": -1.0,
      "FadeOutTime": -1.0,
      "Segments": [
        0,
        0,
        0,
        5.417,
        0
      ]
    },
    {
      "Target": "Parameter",
      "Id": "chajia2",
      "FadeInTime": -1.0,
      "FadeOutTime": -1.0,
      "Segments": [
        0,
        0,
        0,
        5.417,
        0
      ]
    },
    {
      "Target": "Parameter",
      "Id": "chajia3",
      "FadeInTime": -1.0,
      "FadeOutTime": -1.0,
      "Segments": [
        0,
        0,
        0,
        5.417,
        0
      ]
    },
    {
      "Target": "Parameter",
      "Id": "xxxxxx34",
      "FadeInTime": -1.0,
      "FadeOutTime": -1.0,
      "Segments": [
        0,
        0,
        0,
        5.417,
        0
      ]
    },
    {
      "Target": "Parameter",
      "Id": "shouopaixs",
      "FadeInTime": -1.0,
      "FadeOutTime": -1.0,
      "Segments": [
        0,
        0,
        0,
        5.417,
        0
      ]
    },
    {
      "Target": "Parameter",
      "Id": "xiangzif",
      "FadeInTime": -1.0,
      "FadeOutTime": -1.0,
      "Segments": [
        0,
        0,
        0,
        5.417,
        0
      ]
    },
    {
      "Target": "Parameter",
      "Id": "zhuorenX",
      "FadeInTime": -1.0,
      "FadeOutTime": -1.0,
      "Segments": [
        0,
        0,
        0,
        5.417,
        0
      ]
    },
    {
      "Target": "Parameter",
      "Id": "zhuorenY",
      "FadeInTime": -1.0,
      "FadeOutTime": -1.0,
      "Segments": [
        0,
        0,
        0,
        5.417,
        0
      ]
    },
    {
      "Target": "Parameter",
      "Id": "zhuorenxz",
      "FadeInTime": -1.0,
      "FadeOutTime": -1.0,
      "Segments": [
        0,
        0,
        0,
        5.417,
        0
      ]
    },
    {
      "Target": "Parameter",
      "Id": "ParamEyeLSmile",
      "FadeInTime": -1.0,
      "FadeOutTime": -1.0,
      "Segments": [
        0,
        0,
        0,
        5.417,
        0
      ]
    },
    {
      "Target": "Parameter",
      "Id": "ParamEyeRSmile",
      "FadeInTime": -1.0,
      "FadeOutTime": -1.0,
      "Segments": [
        0,
        0,
        0,
        5.417,
        0
      ]
    },
    {
      "Target": "Parameter",
      "Id": "ParamEyeBallX",
      "FadeInTime": -1.0,
      "FadeOutTime": -1.0,
      "Segments": [
        0,
        0,
        0,
        5.417,
        0
      ]
    },
    {
      "Target": "Parameter",
      "Id": "ParamEyeBallY",
      "FadeInTime": -1.0,
      "FadeOutTime": -1.0,
      "Segments": [
        0,
        0,
        0,
        5.417,
        0
      ]
    },
    {
      "Target": "Parameter",
      "Id": "xxxxxx14",
      "FadeInTime": -1.0,
      "FadeOutTime": -1.0,
      "Segments": [
        0,
        0,
        0,
        5.417,
        0
      ]
    },
    {
      "Target": "Parameter",
      "Id": "yanqie",
      "FadeInTime": -1.0,
      "FadeOutTime": -1.0,
      "Segments": [
        0,
        0,
        0,
        5.417,
        0
      ]
    },
    {
      "Target": "Parameter",
      "Id": "xinyan",
      "FadeInTime": -1.0,
      "FadeOutTime": -1.0,
      "Segments": [
        0,
        0,
        0,
        5.417,
        0
      ]
    },
    {
      "Target": "Parameter",
      "Id": "liuhan",
      "FadeInTime": -1.0,
      "FadeOutTime": -1.0,
      "Segments": [
        0,
        0,
        0,
        5.417,
        0
      ]
    },
    {
      "Target": "Parameter",
      "Id": "lianhong",
      "FadeInTime": -1.0,
      "FadeOutTime": -1.0,
      "Segments": [
        0,
        0,
        0,
        5.417,
        0
      ]
    },
    {
      "Target": "Parameter",
      "Id": "louzgl",
      "FadeInTime": -1.0,
      "FadeOutTime": -1.0,
      "Segments": [
        0,
        0,
        0,
        5.417,
        0
      ]
    },
    {
      "Target": "Parameter",
      "Id": "wink1",
      "FadeInTime": -1.0,
      "FadeOutTime": -1.0,
      "Segments": [
        0,
        0,
        0,
        5.417,
        0
      ]
    },
    {
      "Target": "Parameter",
      "Id": "zzfu",
      "FadeInTime": -1.0,
      "FadeOutTime": -1.0,
      "Segments": [
        0,
        0,
        0,
        5.417,
        0
      ]
    },
    {
      "Target": "Parameter",
      "Id": "ddqip",
      "FadeInTime": -1.0,
      "FadeOutTime": -1.0,
      "Segments": [
        0,
        0,
        0,
        5.417,
        0
      ]
    },
    {
      "Target": "Parameter",
      "Id": "wenhyinf",
      "FadeInTime": -1.0,
      "FadeOutTime": -1.0,
      "Segments": [
        0,
        0,
        0,
        5.417,
        0
      ]
    },
    {
      "Target": "Parameter",
      "Id": "jingfu",
      "FadeInTime": -1.0,
      "FadeOutTime": -1.0,
      "Segments": [
        0,
        0,
        0,
        5.417,
        0
      ]
    },
    {
      "Target": "Parameter",
      "Id": "xxxxxx15",
      "FadeInTime": -1.0,
      "FadeOutTime": -1.0,
      "Segments": [
        0,
        0,
        0,
        5.417,
        0
      ]
    },
    {
      "Target": "Parameter",
      "Id": "ParamBrowLAngle",
      "FadeInTime": -1.0,
      "FadeOutTime": -1.0,
      "Segments": [
        0,
        0,
        0,
        5.417,
        0
      ]
    },
    {
      "Target": "Parameter",
      "Id": "ParamBrowRAngle",
      "FadeInTime": -1.0,
      "FadeOutTime": -1.0,
      "Segments": [
        0,
        0,
        0,
        5.417,
        0
      ]
    },
    {
      "Target": "Parameter",
      "Id": "ParamBrowLForm",
      "FadeInTime": -1.0,
      "FadeOutTime": -1.0,
      "Segments": [
        0,
        0,
        0,
        5.417,
        0
      ]
    },
    {
      "Target": "Parameter",
      "Id": "ParamBrowRForm",
      "FadeInTime": -1.0,
      "FadeOutTime": -1.0,
      "Segments": [
        0,
        0,
        0,
        5.417,
        0
      ]
    },
    {
      "Target": "Parameter",
      "Id": "xxxxxx17",
      "FadeInTime": -1.0,
      "FadeOutTime": -1.0,
      "Segments": [
        0,
        0,
        0,
        5.417,
        0
      ]
    },
    {
      "Target": "Parameter",
      "Id": "zuiqie",
      "FadeInTime": -1.0,
      "FadeOutTime": -1.0,
      "Segments": [
        0,
        1,
        0,
        5.417,
        1
      ]
    },
    {
      "Target": "Parameter",
      "Id": "yaguan",
      "FadeInTime": -1.0,
      "FadeOutTime": -1.0,
      "Segments": [
        0,
        0,
        0,
        5.417,
        0
      ]
    },
    {
      "Target": "Parameter",
      "Id": "ParamMouthForm",
      "FadeInTime": -1.0,
      "FadeOutTime": -1.0,
      "Segments": [
        0,
        0,
        0,
        5.417,
        0
      ]
    },
    {
      "Target": "Parameter",
      "Id": "ParamMouthOpenY",
      "FadeInTime": -1.0,
      "FadeOutTime": -1.0,
      "Segments": [
        0,
        0,
        0,
        5.417,
        0
      ]
    },
    {
      "Target": "Parameter",
      "Id": "ParamMouthOpenY2",
      "FadeInTime": -1.0,
      "FadeOutTime": -1.0,
      "Segments": [
        0,
        0,
        0,
        5.417,
        0
      ]
    },
    {
      "Target": "Parameter",
      "Id": "touxz",
      "FadeInTime": -1.0,
      "FadeOutTime": -1.0,
      "Segments": [
        0,
        9.7,
        0,
        5.417,
        9.7
      ]
    },
    {
      "Target": "Parameter",
      "Id": "rehuanZ",
      "FadeInTime": -1.0,
      "FadeOutTime": -1.0,
      "Segments": [
        0,
        0,
        0,
        5.417,
        0
      ]
    },
    {
      "Target": "Parameter",
      "Id": "boziying",
      "FadeInTime": -1.0,
      "FadeOutTime": -1.0,
      "Segments": [
        0,
        0,
        0,
        5.417,
        0
      ]
    },
    {
      "Target": "Parameter",
      "Id": "ParamBodyAngleYB",
      "FadeInTime": -1.0,
      "FadeOutTime": -1.0,
      "Segments": [
        0,
        1,
        0,
        5.417,
        1
      ]
    },
    {
      "Target": "Parameter",
      "Id": "xxxxxx9",
      "FadeInTime": -1.0,
      "FadeOutTime": -1.0,
      "Segments": [
        0,
        0,
        0,
        5.417,
        0
      ]
    },
    {
      "Target": "Parameter",
      "Id": "ParamBodyAngleZ",
      "FadeInTime": -1.0,
      "FadeOutTime": -1.0,
      "Segments": [
        0,
        4.22,
        0,
        5.417,
        4.22
      ]
    },
    {
      "Target": "Parameter",
      "Id": "renjd",
      "FadeInTime": -1.0,
      "FadeOutTime": -1.0,
      "Segments": [
        0,
        -13.34,
        0,
        5.417,
        -13.34
      ]
    },
    {
      "Target": "Parameter",
      "Id": "weidai1",
      "FadeInTime": -1.0,
      "FadeOutTime": -1.0,
      "Segments": [
        0,
        10,
        0,
        5.417,
        10
      ]
    },
    {
      "Target": "Parameter",
      "Id": "weidaixs",
      "FadeInTime": -1.0,
      "FadeOutTime": -1.0,
      "Segments": [
        0,
        0,
        0,
        5.417,
        0
      ]
    },
    {
      "Target": "Parameter",
      "Id": "xxxxxx23",
      "FadeInTime": -1.0,
      "FadeOutTime": -1.0,
      "Segments": [
        0,
        0,
        0,
        5.417,
        0
      ]
    },
    {
      "Target": "Parameter",
      "Id": "yanweitz",
      "FadeInTime": -1.0,
      "FadeOutTime": -1.0,
      "Segments": [
        0,
        10,
        0,
        5.417,
        10
      ]
    },
    {
      "Target": "Parameter",
      "Id": "yanweitz2",
      "FadeInTime": -1.0,
      "FadeOutTime": -1.0,
      "Segments": [
        0,
        0,
        0,
        5.417,
        0
      ]
    },
    {
      "Target": "Parameter",
      "Id": "rntz",
      "FadeInTime": -1.0,
      "FadeOutTime": -1.0,
      "Segments": [
        0,
        0,
        0,
        5.417,
        0
      ]
    },
    {
      "Target": "Parameter",
      "Id": "lnaicj",
      "FadeInTime": -1.0,
      "FadeOutTime": -1.0,
      "Segments": [
        0,
        -10,
        0,
        5.417,
        -10
      ]
    },
    {
      "Target": "Parameter",
      "Id": "Rjiansx",
      "FadeInTime": -1.0,
      "FadeOutTime": -1.0,
      "Segments": [
        0,
        10,
        0,
        5.417,
        10
      ]
    },
    {
      "Target": "Parameter",
      "Id": "Rsbxz",
      "FadeInTime": -1.0,
      "FadeOutTime": -1.0,
      "Segments": [
        0,
        -2.84,
        0,
        5.417,
        -2.84
      ]
    },
    {
      "Target": "Parameter",
      "Id": "Rshouxz",
      "FadeInTime": -1.0,
      "FadeOutTime": -1.0,
      "Segments": [
        0,
        0.78,
        0,
        5.417,
        0.78
      ]
    },
    {
      "Target": "Parameter",
      "Id": "RshangbiY",
      "FadeInTime": -1.0,
      "FadeOutTime": -1.0,
      "Segments": [
        0,
        0,
        0,
        5.417,
        0
      ]
    },
    {
      "Target": "Parameter",
      "Id": "RxiaobiY",
      "FadeInTime": -1.0,
      "FadeOutTime": -1.0,
      "Segments": [
        0,
        0,
        0,
        5.417,
        0
      ]
    },
    {
      "Target": "Parameter",
      "Id": "rxiaobitz",
      "FadeInTime": -1.0,
      "FadeOutTime": -1.0,
      "Segments": [
        0,
        0,
        0,
        5.417,
        0
      ]
    },
    {
      "Target": "Parameter",
      "Id": "Rshangbicj",
      "FadeInTime": -1.0,
      "FadeOutTime": -1.0,
      "Segments": [
        0,
        -1.41,
        0,
        5.417,
        -1.41
      ]
    },
    {
      "Target": "Parameter",
      "Id": "Rzhaoshou",
      "FadeInTime": -1.0,
      "FadeOutTime": -1.0,
      "Segments": [
        0,
        10,
        0,
        5.417,
        10
      ]
    },
    {
      "Target": "Parameter",
      "Id": "Rmoshouw",
      "FadeInTime": -1.0,
      "FadeOutTime": -1.0,
      "Segments": [
        0,
        1,
        0,
        5.417,
        1
      ]
    },
    {
      "Target": "Parameter",
      "Id": "Rmosoui",
      "FadeInTime": -1.0,
      "FadeOutTime": -1.0,
      "Segments": [
        0,
        1,
        0,
        5.417,
        1
      ]
    },
    {
      "Target": "Parameter",
      "Id": "Rfangshou",
      "FadeInTime": -1.0,
      "FadeOutTime": -1.0,
      "Segments": [
        0,
        0,
        0,
        5.417,
        0
      ]
    },
    {
      "Target": "Parameter",
      "Id": "Rxzhoaushou",
      "FadeInTime": -1.0,
      "FadeOutTime": -1.0,
      "Segments": [
        0,
        0,
        0,
        5.417,
        0
      ]
    },
    {
      "Target": "Parameter",
      "Id": "Rshenshou",
      "FadeInTime": -1.0,
      "FadeOutTime": -1.0,
      "Segments": [
        0,
        0,
        0,
        5.417,
        0
      ]
    },
    {
      "Target": "Parameter",
      "Id": "Rchashou",
      "FadeInTime": -1.0,
      "FadeOutTime": -1.0,
      "Segments": [
        0,
        0,
        0,
        5.417,
        0
      ]
    },
    {
      "Target": "Parameter",
      "Id": "ycmzc",
      "FadeInTime": -1.0,
      "FadeOutTime": -1.0,
      "Segments": [
        0,
        0,
        0,
        5.417,
        0
      ]
    },
    {
      "Target": "Parameter",
      "Id": "xxxxxx12",
      "FadeInTime": -1.0,
      "FadeOutTime": -1.0,
      "Segments": [
        0,
        0,
        0,
        5.417,
        0
      ]
    },
    {
      "Target": "Parameter",
      "Id": "RshouX",
      "FadeInTime": -1.0,
      "FadeOutTime": -1.0,
      "Segments": [
        0,
        0,
        0,
        5.417,
        0
      ]
    },
    {
      "Target": "Parameter",
      "Id": "Rmuzhi",
      "FadeInTime": -1.0,
      "FadeOutTime": -1.0,
      "Segments": [
        0,
        0,
        0,
        5.417,
        0
      ]
    },
    {
      "Target": "Parameter",
      "Id": "xxxxxx11",
      "FadeInTime": -1.0,
      "FadeOutTime": -1.0,
      "Segments": [
        0,
        0,
        0,
        5.417,
        0
      ]
    },
    {
      "Target": "Parameter",
      "Id": "rngaix",
      "FadeInTime": -1.0,
      "FadeOutTime": -1.0,
      "Segments": [
        0,
        0,
        0,
        5.417,
        0
      ]
    },
    {
      "Target": "Parameter",
      "Id": "lngaix2",
      "FadeInTime": -1.0,
      "FadeOutTime": -1.0,
      "Segments": [
        0,
        0,
        0,
        5.417,
        0
      ]
    },
    {
      "Target": "Parameter",
      "Id": "Lnaidian",
      "FadeInTime": -1.0,
      "FadeOutTime": -1.0,
      "Segments": [
        0,
        0,
        0,
        5.417,
        0
      ]
    },
    {
      "Target": "Parameter",
      "Id": "Rnaidian",
      "FadeInTime": -1.0,
      "FadeOutTime": -1.0,
      "Segments": [
        0,
        0,
        0,
        5.417,
        0
      ]
    },
    {
      "Target": "Parameter",
      "Id": "Param3",
      "FadeInTime": -1.0,
      "FadeOutTime": -1.0,
      "Segments": [
        0,
        7,
        0,
        5.417,
        7
      ]
    },
    {
      "Target": "Parameter",
      "Id": "lshangbxz",
      "FadeInTime": -1.0,
      "FadeOutTime": -1.0,
      "Segments": [
        0,
        -3.38,
        0,
        5.417,
        -3.38
      ]
    },
    {
      "Target": "Parameter",
      "Id": "Lshouxz",
      "FadeInTime": -1.0,
      "FadeOutTime": -1.0,
      "Segments": [
        0,
        20.36,
        0,
        5.417,
        20.36
      ]
    },
    {
      "Target": "Parameter",
      "Id": "LsahngbuiY",
      "FadeInTime": -1.0,
      "FadeOutTime": -1.0,
      "Segments": [
        0,
        -6.06,
        0,
        5.417,
        -6.06
      ]
    },
    {
      "Target": "Parameter",
      "Id": "LxiaobiY",
      "FadeInTime": -1.0,
      "FadeOutTime": -1.0,
      "Segments": [
        0,
        0,
        0,
        5.417,
        0
      ]
    },
    {
      "Target": "Parameter",
      "Id": "Lxiaobcj",
      "FadeInTime": -1.0,
      "FadeOutTime": -1.0,
      "Segments": [
        0,
        -10,
        0,
        5.417,
        -10
      ]
    },
    {
      "Target": "Parameter",
      "Id": "Lmzsz",
      "FadeInTime": -1.0,
      "FadeOutTime": -1.0,
      "Segments": [
        0,
        1,
        0,
        5.417,
        1
      ]
    },
    {
      "Target": "Parameter",
      "Id": "Lmxbtzheng",
      "FadeInTime": -1.0,
      "FadeOutTime": -1.0,
      "Segments": [
        0,
        0,
        0,
        5.417,
        0
      ]
    },
    {
      "Target": "Parameter",
      "Id": "lnaiji",
      "FadeInTime": -1.0,
      "FadeOutTime": -1.0,
      "Segments": [
        0,
        0,
        0,
        5.417,
        0
      ]
    },
    {
      "Target": "Parameter",
      "Id": "xxxxxx10",
      "FadeInTime": -1.0,
      "FadeOutTime": -1.0,
      "Segments": [
        0,
        0,
        0,
        5.417,
        0
      ]
    },
    {
      "Target": "Parameter",
      "Id": "Lmoshou",
      "FadeInTime": -1.0,
      "FadeOutTime": -1.0,
      "Segments": [
        0,
        0,
        0,
        5.417,
        0
      ]
    },
    {
      "Target": "Parameter",
      "Id": "Lmohuishouxiu",
      "FadeInTime": -1.0,
      "FadeOutTime": -1.0,
      "Segments": [
        0,
        -1,
        0,
        5.417,
        -1
      ]
    },
    {
      "Target": "Parameter",
      "Id": "jiubeisohu",
      "FadeInTime": -1.0,
      "FadeOutTime": -1.0,
      "Segments": [
        0,
        0,
        0,
        5.417,
        0
      ]
    },
    {
      "Target": "Parameter",
      "Id": "Lbeishou",
      "FadeInTime": -1.0,
      "FadeOutTime": -1.0,
      "Segments": [
        0,
        0.003,
        0,
        5.417,
        0.003
      ]
    },
    {
      "Target": "Parameter",
      "Id": "Lmoashou",
      "FadeInTime": -1.0,
      "FadeOutTime": -1.0,
      "Segments": [
        0,
        0,
        0,
        5.417,
        0
      ]
    },
    {
      "Target": "Parameter",
      "Id": "Lmotuis",
      "FadeInTime": -1.0,
      "FadeOutTime": -1.0,
      "Segments": [
        0,
        1,
        0,
        5.417,
        1
      ]
    },
    {
      "Target": "Parameter",
      "Id": "LszB",
      "FadeInTime": -1.0,
      "FadeOutTime": -1.0,
      "Segments": [
        0,
        0,
        0,
        5.417,
        0
      ]
    },
    {
      "Target": "Parameter",
      "Id": "Lzhaoshou",
      "FadeInTime": -1.0,
      "FadeOutTime": -1.0,
      "Segments": [
        0,
        0,
        0,
        5.417,
        0
      ]
    },
    {
      "Target": "Parameter",
      "Id": "Lchashou",
      "FadeInTime": -1.0,
      "FadeOutTime": -1.0,
      "Segments": [
        0,
        0,
        0,
        5.417,
        0
      ]
    },
    {
      "Target": "Parameter",
      "Id": "xxxxxx13",
      "FadeInTime": -1.0,
      "FadeOutTime": -1.0,
      "Segments": [
        0,
        0,
        0,
        5.417,
        0
      ]
    },
    {
      "Target": "Parameter",
      "Id": "Lshoudh",
      "FadeInTime": -1.0,
      "FadeOutTime": -1.0,
      "Segments": [
        0,
        0,
        0,
        5.417,
        0
      ]
    },
    {
      "Target": "Parameter",
      "Id": "zhaoshoudh",
      "FadeInTime": -1.0,
      "FadeOutTime": -1.0,
      "Segments": [
        0,
        1,
        0,
        5.417,
        1
      ]
    },
    {
      "Target": "Parameter",
      "Id": "lshoubx",
      "FadeInTime": -1.0,
      "FadeOutTime": -1.0,
      "Segments": [
        0,
        0,
        0,
        5.417,
        0
      ]
    },
    {
      "Target": "Parameter",
      "Id": "Lshizhi",
      "FadeInTime": -1.0,
      "FadeOutTime": -1.0,
      "Segments": [
        0,
        0,
        0,
        5.417,
        0
      ]
    },
    {
      "Target": "Parameter",
      "Id": "Lmuzhi",
      "FadeInTime": -1.0,
      "FadeOutTime": -1.0,
      "Segments": [
        0,
        10,
        0,
        5.417,
        10
      ]
    },
    {
      "Target": "Parameter",
      "Id": "Lzhongzhi",
      "FadeInTime": -1.0,
      "FadeOutTime": -1.0,
      "Segments": [
        0,
        0,
        0,
        5.417,
        0
      ]
    },
    {
      "Target": "Parameter",
      "Id": "Lmoshouz",
      "FadeInTime": -1.0,
      "FadeOutTime": -1.0,
      "Segments": [
        0,
        0,
        0,
        5.417,
        0
      ]
    },
    {
      "Target": "Parameter",
      "Id": "Lxiaotuixz",
      "FadeInTime": -1.0,
      "FadeOutTime": -1.0,
      "Segments": [
        0,
        8.86,
        0,
        5.417,
        8.86
      ]
    },
    {
      "Target": "Parameter",
      "Id": "LdatuiY",
      "FadeInTime": -1.0,
      "FadeOutTime": -1.0,
      "Segments": [
        0,
        4,
        0,
        5.417,
        4
      ]
    },
    {
      "Target": "Parameter",
      "Id": "Ldatuian",
      "FadeInTime": -1.0,
      "FadeOutTime": -1.0,
      "Segments": [
        0,
        1,
        0,
        5.417,
        1
      ]
    },
    {
      "Target": "Parameter",
      "Id": "LjiaoX",
      "FadeInTime": -1.0,
      "FadeOutTime": -1.0,
      "Segments": [
        0,
        0,
        0,
        5.417,
        0
      ]
    },
    {
      "Target": "Parameter",
      "Id": "Ldatuitz",
      "FadeInTime": -1.0,
      "FadeOutTime": -1.0,
      "Segments": [
        0,
        0,
        0,
        5.417,
        0
      ]
    },
    {
      "Target": "Parameter",
      "Id": "Ltuicjj",
      "FadeInTime": -1.0,
      "FadeOutTime": -1.0,
      "Segments": [
        0,
        0,
        0,
        5.417,
        0
      ]
    },
    {
      "Target": "Parameter",
      "Id": "Rdatuixz",
      "FadeInTime": -1.0,
      "FadeOutTime": -1.0,
      "Segments": [
        0,
        -15.46,
        0,
        5.417,
        -15.46
      ]
    },
    {
      "Target": "Parameter",
      "Id": "RdatuiY",
      "FadeInTime": -1.0,
      "FadeOutTime": -1.0,
      "Segments": [
        0,
        0,
        0,
        5.417,
        0
      ]
    },
    {
      "Target": "Parameter",
      "Id": "Rxiaotuiguang",
      "FadeInTime": -1.0,
      "FadeOutTime": -1.0,
      "Segments": [
        0,
        1,
        0,
        5.417,
        1
      ]
    },
    {
      "Target": "Parameter",
      "Id": "RjiaoX",
      "FadeInTime": -1.0,
      "FadeOutTime": -1.0,
      "Segments": [
        0,
        0,
        0,
        5.417,
        0
      ]
    },
    {
      "Target": "Parameter",
      "Id": "Rdtntz",
      "FadeInTime": -1.0,
      "FadeOutTime": -1.0,
      "Segments": [
        0,
        0,
        0,
        5.417,
        0
      ]
    },
    {
      "Target": "Parameter",
      "Id": "Rtuicj",
      "FadeInTime": -1.0,
      "FadeOutTime": -1.0,
      "Segments": [
        0,
        -10,
        0,
        5.417,
        -10
      ]
    },
    {
      "Target": "Parameter",
      "Id": "sxpxians",
      "FadeInTime": -1.0,
      "FadeOutTime": -1.0,
      "Segments": [
        0,
        0,
        0,
        5.417,
        0
      ]
    },
    {
      "Target": "Parameter",
      "Id": "paihuo",
      "FadeInTime": -1.0,
      "FadeOutTime": -1.0,
      "Segments": [
        0,
        0,
        0,
        5.417,
        0
      ]
    },
    {
      "Target": "Parameter",
      "Id": "huopai",
      "FadeInTime": -1.0,
      "FadeOutTime": -1.0,
      "Segments": [
        0,
        0,
        0,
        5.417,
        0
      ]
    },
    {
      "Target": "Parameter",
      "Id": "shouxinpX",
      "FadeInTime": -1.0,
      "FadeOutTime": -1.0,
      "Segments": [
        0,
        0,
        0,
        5.417,
        0
      ]
    },
    {
      "Target": "Parameter",
      "Id": "shouxinaiZ",
      "FadeInTime": -1.0,
      "FadeOutTime": -1.0,
      "Segments": [
        0,
        0,
        0,
        5.417,
        0
      ]
    },
    {
      "Target": "Parameter",
      "Id": "xxxxxx18",
      "FadeInTime": -1.0,
      "FadeOutTime": -1.0,
      "Segments": [
        0,
        0,
        0,
        5.417,
        0
      ]
    },
    {
      "Target": "Parameter",
      "Id": "jiubeihua",
      "FadeInTime": -1.0,
      "FadeOutTime": -1.0,
      "Segments": [
        0,
        0,
        0,
        5.417,
        0
      ]
    },
    {
      "Target": "Parameter",
      "Id": "huaX",
      "FadeInTime": -1.0,
      "FadeOutTime": -1.0,
      "Segments": [
        0,
        0,
        0,
        5.417,
        0
      ]
    },
    {
      "Target": "Parameter",
      "Id": "jbzhuan",
      "FadeInTime": -1.0,
      "FadeOutTime": -1.0,
      "Segments": [
        0,
        0,
        0,
        5.417,
        0
      ]
    },
    {
      "Target": "Parameter",
      "Id": "jiuA",
      "FadeInTime": -1.0,
      "FadeOutTime": -1.0,
      "Segments": [
        0,
        0,
        0,
        5.417,
        0
      ]
    },
    {
      "Target": "Parameter",
      "Id": "jiuA2",
      "FadeInTime": -1.0,
      "FadeOutTime": -1.0,
      "Segments": [
        0,
        0,
        0,
        5.417,
        0
      ]
    },
    {
      "Target": "Parameter",
      "Id": "daojiu",
      "FadeInTime": -1.0,
      "FadeOutTime": -1.0,
      "Segments": [
        0,
        0,
        0,
        5.417,
        0
      ]
    },
    {
      "Target": "Parameter",
      "Id": "xxxxxx19",
      "FadeInTime": -1.0,
      "FadeOutTime": -1.0,
      "Segments": [
        0,
        0,
        0,
        5.417,
        0
      ]
    },
    {
      "Target": "Parameter",
      "Id": "toumxs",
      "FadeInTime": -1.0,
      "FadeOutTime": -1.0,
      "Segments": [
        0,
        1,
        0,
        5.417,
        1
      ]
    },
    {
      "Target": "Parameter",
      "Id": "toumexians",
      "FadeInTime": -1.0,
      "FadeOutTime": -1.0,
      "Segments": [
        0,
        0,
        0,
        5.417,
        0
      ]
    },
    {
      "Target": "Parameter",
      "Id": "shoumaoxs",
      "FadeInTime": -1.0,
      "FadeOutTime": -1.0,
      "Segments": [
        0,
        0,
        0,
        5.417,
        0
      ]
    },
    {
      "Target": "Parameter",
      "Id": "shoumaozhuan",
      "FadeInTime": -1.0,
      "FadeOutTime": -1.0,
      "Segments": [
        0,
        0,
        0,
        5.417,
        0
      ]
    },
    {
      "Target": "Parameter",
      "Id": "shoumaossu",
      "FadeInTime": -1.0,
      "FadeOutTime": -1.0,
      "Segments": [
        0,
        0,
        0,
        5.417,
        0
      ]
    },
    {
      "Target": "Parameter",
      "Id": "smhcengj",
      "FadeInTime": -1.0,
      "FadeOutTime": -1.0,
      "Segments": [
        0,
        0,
        0,
        5.417,
        0
      ]
    },
    {
      "Target": "Parameter",
      "Id": "piaomaox",
      "FadeInTime": -1.0,
      "FadeOutTime": -1.0,
      "Segments": [
        0,
        -1.621,
        0,
        5.417,
        -1.621
      ]
    },
    {
      "Target": "Parameter",
      "Id": "piaomaoY",
      "FadeInTime": -1.0,
      "FadeOutTime": -1.0,
      "Segments": [
        0,
        -0.343,
        0,
        5.417,
        -0.343
      ]
    },
    {
      "Target": "Parameter",
      "Id": "piaomaozhuna",
      "FadeInTime": -1.0,
      "FadeOutTime": -1.0,
      "Segments": [
        0,
        -5.215,
        0,
        5.417,
        -5.215
      ]
    },
    {
      "Target": "Parameter",
      "Id": "piaomaodaxiao",
      "FadeInTime": -1.0,
      "FadeOutTime": -1.0,
      "Segments": [
        0,
        0,
        0,
        5.417,
        0
      ]
    },
    {
      "Target": "Parameter",
      "Id": "piaomaoX",
      "FadeInTime": -1.0,
      "FadeOutTime": -1.0,
      "Segments": [
        0,
        0,
        0,
        5.417,
        0
      ]
    },
    {
      "Target": "Parameter",
      "Id": "xxxxxx20",
      "FadeInTime": -1.0,
      "FadeOutTime": -1.0,
      "Segments": [
        0,
        0,
        0,
        5.417,
        0
      ]
    },
    {
      "Target": "Parameter",
      "Id": "hfmying",
      "FadeInTime": -1.0,
      "FadeOutTime": -1.0,
      "Segments": [
        0,
        0,
        0,
        5.417,
        0
      ]
    },
    {
      "Target": "Parameter",
      "Id": "toumaoX",
      "FadeInTime": -1.0,
      "FadeOutTime": -1.0,
      "Segments": [
        0,
        0,
        0,
        5.417,
        0
      ]
    },
    {
      "Target": "Parameter",
      "Id": "toumaoY",
      "FadeInTime": -1.0,
      "FadeOutTime": -1.0,
      "Segments": [
        0,
        0,
        0,
        5.417,
        0
      ]
    },
    {
      "Target": "Parameter",
      "Id": "toumaoxz",
      "FadeInTime": -1.0,
      "FadeOutTime": -1.0,
      "Segments": [
        0,
        0,
        0,
        5.417,
        0
      ]
    },
    {
      "Target": "Parameter",
      "Id": "shoulxians",
      "FadeInTime": -1.0,
      "FadeOutTime": -1.0,
      "Segments": [
        0,
        0,
        0,
        5.417,
        0
      ]
    },
    {
      "Target": "Parameter",
      "Id": "shoulian",
      "FadeInTime": -1.0,
      "FadeOutTime": -1.0,
      "Segments": [
        0,
        0,
        0,
        5.417,
        0
      ]
    },
    {
      "Target": "Parameter",
      "Id": "shoulianx",
      "FadeInTime": -1.0,
      "FadeOutTime": -1.0,
      "Segments": [
        0,
        0,
        0,
        5.417,
        0
      ]
    },
    {
      "Target": "Parameter",
      "Id": "shoulianY",
      "FadeInTime": -1.0,
      "FadeOutTime": -1.0,
      "Segments": [
        0,
        0,
        0,
        5.417,
        0
      ]
    },
    {
      "Target": "Parameter",
      "Id": "shoulian2",
      "FadeInTime": -1.0,
      "FadeOutTime": -1.0,
      "Segments": [
        0,
        0,
        0,
        5.417,
        0
      ]
    },
    {
      "Target": "Parameter",
      "Id": "xxxxxx21",
      "FadeInTime": -1.0,
      "FadeOutTime": -1.0,
      "Segments": [
        0,
        0,
        0,
        5.417,
        0
      ]
    },
    {
      "Target": "Parameter",
      "Id": "sdmaodai",
      "FadeInTime": -1.0,
      "FadeOutTime": -1.0,
      "Segments": [
        0,
        0,
        0,
        5.417,
        0
      ]
    },
    {
      "Target": "Parameter",
      "Id": "shoumwl1",
      "FadeInTime": -1.0,
      "FadeOutTime": -1.0,
      "Segments": [
        0,
        0,
        0,
        5.417,
        0
      ]
    },
    {
      "Target": "Parameter",
      "Id": "shoumwl2",
      "FadeInTime": -1.0,
      "FadeOutTime": -1.0,
      "Segments": [
        0,
        0,
        0,
        5.417,
        0
      ]
    },
    {
      "Target": "Parameter",
      "Id": "maosheng3",
      "FadeInTime": -1.0,
      "FadeOutTime": -1.0,
      "Segments": [
        0,
        0,
        0,
        5.417,
        0
      ]
    },
    {
      "Target": "Parameter",
      "Id": "maosheng4",
      "FadeInTime": -1.0,
      "FadeOutTime": -1.0,
      "Segments": [
        0,
        0,
        0,
        5.417,
        0
      ]
    },
    {
      "Target": "Parameter",
      "Id": "xxxxxx28",
      "FadeInTime": -1.0,
      "FadeOutTime": -1.0,
      "Segments": [
        0,
        0,
        0,
        5.417,
        0
      ]
    },
    {
      "Target": "Parameter",
      "Id": "shouyan1",
      "FadeInTime": -1.0,
      "FadeOutTime": -1.0,
      "Segments": [
        0,
        0,
        0,
        5.417,
        0
      ]
    },
    {
      "Target": "Parameter",
      "Id": "shouyan2",
      "FadeInTime": -1.0,
      "FadeOutTime": -1.0,
      "Segments": [
        0,
        0,
        0,
        5.417,
        0
      ]
    },
    {
      "Target": "Parameter",
      "Id": "shouyan3",
      "FadeInTime": -1.0,
      "FadeOutTime": -1.0,
      "Segments": [
        0,
        0,
        0,
        5.417,
        0
      ]
    },
    {
      "Target": "Parameter",
      "Id": "caihejd",
      "FadeInTime": -1.0,
      "FadeOutTime": -1.0,
      "Segments": [
        0,
        0,
        0,
        5.417,
        0
      ]
    },
    {
      "Target": "Parameter",
      "Id": "caihxs",
      "FadeInTime": -1.0,
      "FadeOutTime": -1.0,
      "Segments": [
        0,
        0,
        0,
        5.417,
        0
      ]
    },
    {
      "Target": "Parameter",
      "Id": "maohjxs",
      "FadeInTime": -1.0,
      "FadeOutTime": -1.0,
      "Segments": [
        0,
        0,
        0,
        5.417,
        0
      ]
    },
    {
      "Target": "Parameter",
      "Id": "huangjdz",
      "FadeInTime": -1.0,
      "FadeOutTime": -1.0,
      "Segments": [
        0,
        0,
        0,
        5.417,
        0
      ]
    },
    {
      "Target": "Parameter",
      "Id": "jily",
      "FadeInTime": -1.0,
      "FadeOutTime": -1.0,
      "Segments": [
        0,
        1,
        0,
        5.417,
        1
      ]
    },
    {
      "Target": "Parameter",
      "Id": "jiry",
      "FadeInTime": -1.0,
      "FadeOutTime": -1.0,
      "Segments": [
        0,
        1,
        0,
        5.417,
        1
      ]
    },
    {
      "Target": "Parameter",
      "Id": "huangjer",
      "FadeInTime": -1.0,
      "FadeOutTime": -1.0,
      "Segments": [
        0,
        0,
        0,
        5.417,
        0
      ]
    },
    {
      "Target": "Parameter",
      "Id": "huangjer2",
      "FadeInTime": -1.0,
      "FadeOutTime": -1.0,
      "Segments": [
        0,
        0,
        0,
        5.417,
        0
      ]
    },
    {
      "Target": "Parameter",
      "Id": "huangiX",
      "FadeInTime": -1.0,
      "FadeOutTime": -1.0,
      "Segments": [
        0,
        0,
        0,
        5.417,
        0
      ]
    },
    {
      "Target": "Parameter",
      "Id": "huangi2",
      "FadeInTime": -1.0,
      "FadeOutTime": -1.0,
      "Segments": [
        0,
        0,
        0,
        5.417,
        0
      ]
    },
    {
      "Target": "Parameter",
      "Id": "maotfs2",
      "FadeInTime": -1.0,
      "FadeOutTime": -1.0,
      "Segments": [
        0,
        0,
        0,
        5.417,
        0
      ]
    },
    {
      "Target": "Parameter",
      "Id": "moatouzha2",
      "FadeInTime": -1.0,
      "FadeOutTime": -1.0,
      "Segments": [
        0,
        0,
        0,
        5.417,
        0
      ]
    },
    {
      "Target": "Parameter",
      "Id": "heipaiq",
      "FadeInTime": -1.0,
      "FadeOutTime": -1.0,
      "Segments": [
        0,
        0,
        0,
        5.417,
        0
      ]
    },
    {
      "Target": "Parameter",
      "Id": "penpai",
      "FadeInTime": -1.0,
      "FadeOutTime": -1.0,
      "Segments": [
        0,
        0,
        0,
        5.417,
        0
      ]
    },
    {
      "Target": "Parameter",
      "Id": "ppz",
      "FadeInTime": -1.0,
      "FadeOutTime": -1.0,
      "Segments": [
        0,
        0,
        0,
        5.417,
        0
      ]
    },
    {
      "Target": "Parameter",
      "Id": "penpai2",
      "FadeInTime": -1.0,
      "FadeOutTime": -1.0,
      "Segments": [
        0,
        0,
        0,
        5.417,
        0
      ]
    },
    {
      "Target": "Parameter",
      "Id": "penpaixz",
      "FadeInTime": -1.0,
      "FadeOutTime": -1.0,
      "Segments": [
        0,
        0,
        0,
        5.417,
        0
      ]
    },
    {
      "Target": "Parameter",
      "Id": "xxxxxx27",
      "FadeInTime": -1.0,
      "FadeOutTime": -1.0,
      "Segments": [
        0,
        0,
        0,
        5.417,
        0
      ]
    },
    {
      "Target": "Parameter",
      "Id": "spxians",
      "FadeInTime": -1.0,
      "FadeOutTime": -1.0,
      "Segments": [
        0,
        0,
        0,
        5.417,
        0
      ]
    },
    {
      "Target": "Parameter",
      "Id": "pailuo",
      "FadeInTime": -1.0,
      "FadeOutTime": -1.0,
      "Segments": [
        0,
        0,
        0,
        5.417,
        0
      ]
    },
    {
      "Target": "Parameter",
      "Id": "paidxd",
      "FadeInTime": -1.0,
      "FadeOutTime": -1.0,
      "Segments": [
        0,
        0,
        0,
        5.417,
        0
      ]
    },
    {
      "Target": "Parameter",
      "Id": "paiX",
      "FadeInTime": -1.0,
      "FadeOutTime": -1.0,
      "Segments": [
        0,
        0,
        0,
        5.417,
        0
      ]
    },
    {
      "Target": "Parameter",
      "Id": "paiX2",
      "FadeInTime": -1.0,
      "FadeOutTime": -1.0,
      "Segments": [
        0,
        0,
        0,
        5.417,
        0
      ]
    },
    {
      "Target": "Parameter",
      "Id": "paiX3",
      "FadeInTime": -1.0,
      "FadeOutTime": -1.0,
      "Segments": [
        0,
        0,
        0,
        5.417,
        0
      ]
    },
    {
      "Target": "Parameter",
      "Id": "paiX4",
      "FadeInTime": -1.0,
      "FadeOutTime": -1.0,
      "Segments": [
        0,
        0,
        0,
        5.417,
        0
      ]
    },
    {
      "Target": "Parameter",
      "Id": "paixz",
      "FadeInTime": -1.0,
      "FadeOutTime": -1.0,
      "Segments": [
        0,
        0,
        0,
        5.417,
        0
      ]
    },
    {
      "Target": "Parameter",
      "Id": "paixz2",
      "FadeInTime": -1.0,
      "FadeOutTime": -1.0,
      "Segments": [
        0,
        0,
        0,
        5.417,
        0
      ]
    },
    {
      "Target": "Parameter",
      "Id": "paixz3",
      "FadeInTime": -1.0,
      "FadeOutTime": -1.0,
      "Segments": [
        0,
        0,
        0,
        5.417,
        0
      ]
    },
    {
      "Target": "Parameter",
      "Id": "paixz4",
      "FadeInTime": -1.0,
      "FadeOutTime": -1.0,
      "Segments": [
        0,
        0,
        0,
        5.417,
        0
      ]
    },
    {
      "Target": "Parameter",
      "Id": "xxxxxx32",
      "FadeInTime": -1.0,
      "FadeOutTime": -1.0,
      "Segments": [
        0,
        0,
        0,
        5.417,
        0
      ]
    },
    {
      "Target": "Parameter",
      "Id": "shiuyefw",
      "FadeInTime": -1.0,
      "FadeOutTime": -1.0,
      "Segments": [
        0,
        0,
        0,
        5.417,
        0
      ]
    },
    {
      "Target": "Parameter",
      "Id": "shizxs",
      "FadeInTime": -1.0,
      "FadeOutTime": -1.0,
      "Segments": [
        0,
        0,
        0,
        5.417,
        0
      ]
    }
  ],
  "UserData": [
    {
      "Time": 0.0,
      "Value": ""
    }
  ]
}