{
  "Version": 3,
  "Meta": {
    "Duration": 5.333,
    "Fps": 60.0,
    "Loop": true,
    "AreBeziersRestricted": true,
    "FadeInTime": 0.0,
    "FadeOutTime": 0.0,
    "CurveCount": 382,
    "TotalSegmentCount": 440,
    "TotalPointCount": 488,
    "UserDataCount": 1,
    "TotalUserDataSize": 0
  },
  "Curves": [
    {
      "Target": "Parameter",
      "Id": "fenfenw",
      "FadeInTime": -1.0,
      "FadeOutTime": -1.0,
      "Segments": [
        0,
        0.4,
        0,
        2.633,
        0.56,
        0,
        5.333,
        0.4
      ]
    },
    {
      "Target": "Parameter",
      "Id": "xunhphx",
      "FadeInTime": -1.0,
      "FadeOutTime": -1.0,
      "Segments": [
        0,
        1,
        0,
        0.617,
        0.5,
        0,
        1.233,
        1,
        0,
        1.95,
        0.5,
        0,
        2.567,
        1,
        0,
        3.267,
        0.5,
        0,
        4.05,
        1,
        0,
        4.7,
        0.5,
        0,
        5.333,
        1
      ]
    },
    {
      "Target": "Parameter",
      "Id": "ParamEyeLOpen",
      "FadeInTime": -1.0,
      "FadeOutTime": -1.0,
      "Segments": [
        0,
        1,
        0,
        1,
        0.9,
        0,
        1.917,
        1,
        0,
        2.167,
        0,
        2,
        2.233,
        0,
        0,
        2.533,
        1,
        0,
        3.817,
        0.8,
        2,
        4.2,
        0.8,
        0,
        5.333,
        1
      ]
    },
    {
      "Target": "Parameter",
      "Id": "ParamEyeROpen",
      "FadeInTime": -1.0,
      "FadeOutTime": -1.0,
      "Segments": [
        0,
        1,
        0,
        1,
        0.9,
        0,
        1.917,
        1,
        0,
        2.167,
        0,
        2,
        2.233,
        0,
        0,
        2.533,
        1,
        0,
        3.817,
        0.8,
        2,
        4.2,
        0.8,
        0,
        5.333,
        1
      ]
    },
    {
      "Target": "Parameter",
      "Id": "ParamMouthForm",
      "FadeInTime": -1.0,
      "FadeOutTime": -1.0,
      "Segments": [
        0,
        0,
        2,
        1.317,
        0,
        0,
        3.8,
        -0.4,
        0,
        5.333,
        0
      ]
    },
    {
      "Target": "Parameter",
      "Id": "ParamMouthOpenY2",
      "FadeInTime": -1.0,
      "FadeOutTime": -1.0,
      "Segments": [
        0,
        0.5,
        0,
        1.3,
        0.8,
        0,
        2.667,
        0,
        2,
        3.8,
        0,
        0,
        5.333,
        0.5
      ]
    },
    {
      "Target": "Parameter",
      "Id": "ParamAngleX",
      "FadeInTime": -1.0,
      "FadeOutTime": -1.0,
      "Segments": [
        0,
        -15,
        1,
        0.5,
        -15,
        1,
        -16.727,
        1.5,
        -18.346,
        1,
        1.956,
        -19.822,
        2.411,
        -20.048,
        2.867,
        -20.048,
        1,
        3.334,
        -20.048,
        3.8,
        -17.351,
        4.267,
        -15.964,
        1,
        4.622,
        -14.908,
        4.978,
        -15,
        5.333,
        -15
      ]
    },
    {
      "Target": "Parameter",
      "Id": "ParamAngleY",
      "FadeInTime": -1.0,
      "FadeOutTime": -1.0,
      "Segments": [
        0,
        -2,
        1,
        0.467,
        1.899,
        0.933,
        6.665,
        1.4,
        6.665,
        1,
        1.856,
        6.665,
        2.311,
        3.737,
        2.767,
        -1.528,
        1,
        3.234,
        -6.922,
        3.7,
        -9.345,
        4.167,
        -9.345,
        1,
        4.556,
        -9.345,
        4.944,
        -5.305,
        5.333,
        -2
      ]
    },
    {
      "Target": "Parameter",
      "Id": "touxz",
      "FadeInTime": -1.0,
      "FadeOutTime": -1.0,
      "Segments": [
        0,
        1.998,
        1,
        0.433,
        1.543,
        0.867,
        0.987,
        1.3,
        0.987,
        0,
        4.067,
        2.094,
        1,
        4.489,
        2.094,
        4.911,
        2.041,
        5.333,
        1.998
      ]
    },
    {
      "Target": "Parameter",
      "Id": "ParamAngleZ",
      "FadeInTime": -1.0,
      "FadeOutTime": -1.0,
      "Segments": [
        0,
        7,
        1,
        0.889,
        3.54,
        1.778,
        2.08,
        2.667,
        2.08,
        0,
        4.067,
        7.185,
        1,
        4.489,
        7.185,
        4.911,
        7.083,
        5.333,
        7
      ]
    },
    {
      "Target": "Parameter",
      "Id": "toushiZ",
      "FadeInTime": -1.0,
      "FadeOutTime": -1.0,
      "Segments": [
        0,
        8.083,
        0,
        1.3,
        5.963,
        1,
        1.756,
        5.963,
        2.211,
        5.949,
        2.667,
        6.703,
        1,
        3.134,
        7.475,
        3.6,
        9.097,
        4.067,
        9.097,
        0,
        5.333,
        8.083
      ]
    },
    {
      "Target": "Parameter",
      "Id": "ParamBodyAngleX2",
      "FadeInTime": -1.0,
      "FadeOutTime": -1.0,
      "Segments": [
        0,
        -3.88,
        0,
        1.3,
        -4.534,
        1,
        1.756,
        -4.534,
        2.211,
        -4.109,
        2.667,
        -3.88,
        1,
        3.134,
        -3.646,
        3.6,
        -3.64,
        4.067,
        -3.64,
        0,
        5.333,
        -3.88
      ]
    },
    {
      "Target": "Parameter",
      "Id": "stsxz",
      "FadeInTime": -1.0,
      "FadeOutTime": -1.0,
      "Segments": [
        0,
        3.357,
        0,
        2.567,
        2.384,
        0,
        5.333,
        3.357
      ]
    },
    {
      "Target": "Parameter",
      "Id": "shentixiaX",
      "FadeInTime": -1.0,
      "FadeOutTime": -1.0,
      "Segments": [
        0,
        -6,
        1,
        0.433,
        -7.359,
        0.867,
        -9.02,
        1.3,
        -9.02,
        0,
        4.05,
        -4,
        1,
        4.478,
        -4,
        4.905,
        -5.1,
        5.333,
        -6
      ]
    },
    {
      "Target": "Parameter",
      "Id": "shenhuxi",
      "FadeInTime": -1.0,
      "FadeOutTime": -1.0,
      "Segments": [
        0,
        -5,
        1,
        0.433,
        -2.3,
        0.867,
        7,
        1.3,
        7,
        0,
        4.067,
        -9,
        1,
        4.489,
        -9,
        4.911,
        -6.8,
        5.333,
        -5
      ]
    },
    {
      "Target": "Parameter",
      "Id": "Rsbxz",
      "FadeInTime": -1.0,
      "FadeOutTime": -1.0,
      "Segments": [
        0,
        3.276,
        1,
        0.433,
        3.276,
        0.867,
        3.274,
        1.3,
        3.216,
        1,
        1.756,
        3.155,
        2.211,
        3.052,
        2.667,
        3.052,
        1,
        3.134,
        3.052,
        3.6,
        3.09,
        4.067,
        3.168,
        1,
        4.489,
        3.239,
        4.911,
        3.276,
        5.333,
        3.276
      ]
    },
    {
      "Target": "Parameter",
      "Id": "RshouX",
      "FadeInTime": -1.0,
      "FadeOutTime": -1.0,
      "Segments": [
        0,
        6,
        0,
        2.667,
        9.8,
        0,
        5.333,
        6
      ]
    },
    {
      "Target": "Parameter",
      "Id": "Param3",
      "FadeInTime": -1.0,
      "FadeOutTime": -1.0,
      "Segments": [
        0,
        0,
        0,
        2.65,
        1.38,
        0,
        5.333,
        0
      ]
    },
    {
      "Target": "Parameter",
      "Id": "lshangbxz",
      "FadeInTime": -1.0,
      "FadeOutTime": -1.0,
      "Segments": [
        0,
        0,
        0,
        2.65,
        0.24,
        0,
        5.333,
        0
      ]
    },
    {
      "Target": "Parameter",
      "Id": "Lshouxz",
      "FadeInTime": -1.0,
      "FadeOutTime": -1.0,
      "Segments": [
        0,
        -8.34,
        0,
        2.65,
        -7.02,
        0,
        5.333,
        -8.34
      ]
    },
    {
      "Target": "Parameter",
      "Id": "Lshoudh",
      "FadeInTime": -1.0,
      "FadeOutTime": -1.0,
      "Segments": [
        0,
        -10,
        0,
        2.65,
        -9.3,
        0,
        5.333,
        -10
      ]
    },
    {
      "Target": "Parameter",
      "Id": "Lshizhi",
      "FadeInTime": -1.0,
      "FadeOutTime": -1.0,
      "Segments": [
        0,
        -6.9,
        0,
        2.65,
        -6.38,
        0,
        5.333,
        -6.9
      ]
    },
    {
      "Target": "Parameter",
      "Id": "xxxxxx30",
      "FadeInTime": -1.0,
      "FadeOutTime": -1.0,
      "Segments": [
        0,
        0,
        0,
        5.333,
        0
      ]
    },
    {
      "Target": "Parameter",
      "Id": "tangzshouk",
      "FadeInTime": -1.0,
      "FadeOutTime": -1.0,
      "Segments": [
        0,
        0,
        0,
        5.333,
        0
      ]
    },
    {
      "Target": "Parameter",
      "Id": "zuodaijik",
      "FadeInTime": -1.0,
      "FadeOutTime": -1.0,
      "Segments": [
        0,
        1,
        0,
        5.333,
        1
      ]
    },
    {
      "Target": "Parameter",
      "Id": "yichuqtk",
      "FadeInTime": -1.0,
      "FadeOutTime": -1.0,
      "Segments": [
        0,
        1,
        0,
        5.333,
        1
      ]
    },
    {
      "Target": "Parameter",
      "Id": "tanglfyk",
      "FadeInTime": -1.0,
      "FadeOutTime": -1.0,
      "Segments": [
        0,
        0,
        0,
        5.333,
        0
      ]
    },
    {
      "Target": "Parameter",
      "Id": "podkwz",
      "FadeInTime": -1.0,
      "FadeOutTime": -1.0,
      "Segments": [
        0,
        0,
        0,
        5.333,
        0
      ]
    },
    {
      "Target": "Parameter",
      "Id": "touch_drag5",
      "FadeInTime": -1.0,
      "FadeOutTime": -1.0,
      "Segments": [
        0,
        0,
        0,
        5.333,
        0
      ]
    },
    {
      "Target": "Parameter",
      "Id": "sddainaix",
      "FadeInTime": -1.0,
      "FadeOutTime": -1.0,
      "Segments": [
        0,
        0,
        0,
        5.333,
        0
      ]
    },
    {
      "Target": "Parameter",
      "Id": "LxiongsdX",
      "FadeInTime": -1.0,
      "FadeOutTime": -1.0,
      "Segments": [
        0,
        0,
        0,
        5.333,
        0
      ]
    },
    {
      "Target": "Parameter",
      "Id": "LxiongsdY",
      "FadeInTime": -1.0,
      "FadeOutTime": -1.0,
      "Segments": [
        0,
        0,
        0,
        5.333,
        0
      ]
    },
    {
      "Target": "Parameter",
      "Id": "xxxxxx31",
      "FadeInTime": -1.0,
      "FadeOutTime": -1.0,
      "Segments": [
        0,
        0,
        0,
        5.333,
        0
      ]
    },
    {
      "Target": "Parameter",
      "Id": "RxiongsdX",
      "FadeInTime": -1.0,
      "FadeOutTime": -1.0,
      "Segments": [
        0,
        0,
        0,
        5.333,
        0
      ]
    },
    {
      "Target": "Parameter",
      "Id": "RxiongsdY",
      "FadeInTime": -1.0,
      "FadeOutTime": -1.0,
      "Segments": [
        0,
        0,
        0,
        5.333,
        0
      ]
    },
    {
      "Target": "Parameter",
      "Id": "xxxxxx35",
      "FadeInTime": -1.0,
      "FadeOutTime": -1.0,
      "Segments": [
        0,
        0,
        0,
        5.333,
        0
      ]
    },
    {
      "Target": "Parameter",
      "Id": "sdxiong",
      "FadeInTime": -1.0,
      "FadeOutTime": -1.0,
      "Segments": [
        0,
        0.002,
        0,
        5.333,
        0.002
      ]
    },
    {
      "Target": "Parameter",
      "Id": "sdtwl",
      "FadeInTime": -1.0,
      "FadeOutTime": -1.0,
      "Segments": [
        0,
        0.002,
        0,
        5.333,
        0.002
      ]
    },
    {
      "Target": "Parameter",
      "Id": "sdweib",
      "FadeInTime": -1.0,
      "FadeOutTime": -1.0,
      "Segments": [
        0,
        0.041,
        0,
        5.333,
        0.041
      ]
    },
    {
      "Target": "Parameter",
      "Id": "shoudmaowl",
      "FadeInTime": -1.0,
      "FadeOutTime": -1.0,
      "Segments": [
        0,
        0,
        0,
        5.333,
        0
      ]
    },
    {
      "Target": "Parameter",
      "Id": "heikuang",
      "FadeInTime": -1.0,
      "FadeOutTime": -1.0,
      "Segments": [
        0,
        0,
        0,
        5.333,
        0
      ]
    },
    {
      "Target": "Parameter",
      "Id": "baiping",
      "FadeInTime": -1.0,
      "FadeOutTime": -1.0,
      "Segments": [
        0,
        0,
        0,
        5.333,
        0
      ]
    },
    {
      "Target": "Parameter",
      "Id": "fenfenw2",
      "FadeInTime": -1.0,
      "FadeOutTime": -1.0,
      "Segments": [
        0,
        0,
        0,
        5.333,
        0
      ]
    },
    {
      "Target": "Parameter",
      "Id": "zhuanpaik",
      "FadeInTime": -1.0,
      "FadeOutTime": -1.0,
      "Segments": [
        0,
        0,
        0,
        5.333,
        0
      ]
    },
    {
      "Target": "Parameter",
      "Id": "dengzhuanp",
      "FadeInTime": -1.0,
      "FadeOutTime": -1.0,
      "Segments": [
        0,
        0,
        0,
        5.333,
        0
      ]
    },
    {
      "Target": "Parameter",
      "Id": "dengbj",
      "FadeInTime": -1.0,
      "FadeOutTime": -1.0,
      "Segments": [
        0,
        0,
        0,
        5.333,
        0
      ]
    },
    {
      "Target": "Parameter",
      "Id": "xxxxxx25",
      "FadeInTime": -1.0,
      "FadeOutTime": -1.0,
      "Segments": [
        0,
        0,
        0,
        5.333,
        0
      ]
    },
    {
      "Target": "Parameter",
      "Id": "qianjingpai",
      "FadeInTime": -1.0,
      "FadeOutTime": -1.0,
      "Segments": [
        0,
        1,
        0,
        5.333,
        1
      ]
    },
    {
      "Target": "Parameter",
      "Id": "Param",
      "FadeInTime": -1.0,
      "FadeOutTime": -1.0,
      "Segments": [
        0,
        0,
        0,
        5.333,
        0
      ]
    },
    {
      "Target": "Parameter",
      "Id": "beijlc",
      "FadeInTime": -1.0,
      "FadeOutTime": -1.0,
      "Segments": [
        0,
        0,
        0,
        5.333,
        0
      ]
    },
    {
      "Target": "Parameter",
      "Id": "xxxxxx26",
      "FadeInTime": -1.0,
      "FadeOutTime": -1.0,
      "Segments": [
        0,
        0,
        0,
        5.333,
        0
      ]
    },
    {
      "Target": "Parameter",
      "Id": "gqtian",
      "FadeInTime": -1.0,
      "FadeOutTime": -1.0,
      "Segments": [
        0,
        0,
        0,
        5.333,
        0
      ]
    },
    {
      "Target": "Parameter",
      "Id": "zhaodenggaung",
      "FadeInTime": -1.0,
      "FadeOutTime": -1.0,
      "Segments": [
        0,
        0,
        0,
        5.333,
        0
      ]
    },
    {
      "Target": "Parameter",
      "Id": "zhaok50",
      "FadeInTime": -1.0,
      "FadeOutTime": -1.0,
      "Segments": [
        0,
        0,
        0,
        5.333,
        0
      ]
    },
    {
      "Target": "Parameter",
      "Id": "zhaodyun",
      "FadeInTime": -1.0,
      "FadeOutTime": -1.0,
      "Segments": [
        0,
        0,
        0,
        5.333,
        0
      ]
    },
    {
      "Target": "Parameter",
      "Id": "zhjaodengdx",
      "FadeInTime": -1.0,
      "FadeOutTime": -1.0,
      "Segments": [
        0,
        0,
        0,
        5.333,
        0
      ]
    },
    {
      "Target": "Parameter",
      "Id": "zhaodengX",
      "FadeInTime": -1.0,
      "FadeOutTime": -1.0,
      "Segments": [
        0,
        0,
        0,
        5.333,
        0
      ]
    },
    {
      "Target": "Parameter",
      "Id": "zhaodengY",
      "FadeInTime": -1.0,
      "FadeOutTime": -1.0,
      "Segments": [
        0,
        0,
        0,
        5.333,
        0
      ]
    },
    {
      "Target": "Parameter",
      "Id": "xxxxxx24",
      "FadeInTime": -1.0,
      "FadeOutTime": -1.0,
      "Segments": [
        0,
        0,
        0,
        5.333,
        0
      ]
    },
    {
      "Target": "Parameter",
      "Id": "pxk",
      "FadeInTime": -1.0,
      "FadeOutTime": -1.0,
      "Segments": [
        0,
        0,
        0,
        5.333,
        0
      ]
    },
    {
      "Target": "Parameter",
      "Id": "piaoaxA",
      "FadeInTime": -1.0,
      "FadeOutTime": -1.0,
      "Segments": [
        0,
        0,
        0,
        5.333,
        0
      ]
    },
    {
      "Target": "Parameter",
      "Id": "piaoaxB",
      "FadeInTime": -1.0,
      "FadeOutTime": -1.0,
      "Segments": [
        0,
        0,
        0,
        5.333,
        0
      ]
    },
    {
      "Target": "Parameter",
      "Id": "jjiang",
      "FadeInTime": -1.0,
      "FadeOutTime": -1.0,
      "Segments": [
        0,
        0,
        0,
        5.333,
        0
      ]
    },
    {
      "Target": "Parameter",
      "Id": "xxxxxx22",
      "FadeInTime": -1.0,
      "FadeOutTime": -1.0,
      "Segments": [
        0,
        0,
        0,
        5.333,
        0
      ]
    },
    {
      "Target": "Parameter",
      "Id": "tutoubj",
      "FadeInTime": -1.0,
      "FadeOutTime": -1.0,
      "Segments": [
        0,
        0,
        0,
        5.333,
        0
      ]
    },
    {
      "Target": "Parameter",
      "Id": "tutoud",
      "FadeInTime": -1.0,
      "FadeOutTime": -1.0,
      "Segments": [
        0,
        0,
        0,
        5.333,
        0
      ]
    },
    {
      "Target": "Parameter",
      "Id": "huangyuan",
      "FadeInTime": -1.0,
      "FadeOutTime": -1.0,
      "Segments": [
        0,
        0,
        0,
        5.333,
        0
      ]
    },
    {
      "Target": "Parameter",
      "Id": "huangyuan3",
      "FadeInTime": -1.0,
      "FadeOutTime": -1.0,
      "Segments": [
        0,
        0,
        0,
        5.333,
        0
      ]
    },
    {
      "Target": "Parameter",
      "Id": "huangyuan2",
      "FadeInTime": -1.0,
      "FadeOutTime": -1.0,
      "Segments": [
        0,
        0,
        0,
        5.333,
        0
      ]
    },
    {
      "Target": "Parameter",
      "Id": "xxxxxx16",
      "FadeInTime": -1.0,
      "FadeOutTime": -1.0,
      "Segments": [
        0,
        0,
        0,
        5.333,
        0
      ]
    },
    {
      "Target": "Parameter",
      "Id": "zhuanpxs",
      "FadeInTime": -1.0,
      "FadeOutTime": -1.0,
      "Segments": [
        0,
        1,
        0,
        5.333,
        1
      ]
    },
    {
      "Target": "Parameter",
      "Id": "zhubu",
      "FadeInTime": -1.0,
      "FadeOutTime": -1.0,
      "Segments": [
        0,
        0,
        0,
        5.333,
        0
      ]
    },
    {
      "Target": "Parameter",
      "Id": "zhuanpanX",
      "FadeInTime": -1.0,
      "FadeOutTime": -1.0,
      "Segments": [
        0,
        0,
        0,
        5.333,
        0
      ]
    },
    {
      "Target": "Parameter",
      "Id": "zhuanpanY",
      "FadeInTime": -1.0,
      "FadeOutTime": -1.0,
      "Segments": [
        0,
        0,
        0,
        5.333,
        0
      ]
    },
    {
      "Target": "Parameter",
      "Id": "zhuobuZ",
      "FadeInTime": -1.0,
      "FadeOutTime": -1.0,
      "Segments": [
        0,
        0,
        0,
        5.333,
        0
      ]
    },
    {
      "Target": "Parameter",
      "Id": "zhuobX",
      "FadeInTime": -1.0,
      "FadeOutTime": -1.0,
      "Segments": [
        0,
        0,
        0,
        5.333,
        0
      ]
    },
    {
      "Target": "Parameter",
      "Id": "zhuobY",
      "FadeInTime": -1.0,
      "FadeOutTime": -1.0,
      "Segments": [
        0,
        0,
        0,
        5.333,
        0
      ]
    },
    {
      "Target": "Parameter",
      "Id": "xxxxxx29",
      "FadeInTime": -1.0,
      "FadeOutTime": -1.0,
      "Segments": [
        0,
        0,
        0,
        5.333,
        0
      ]
    },
    {
      "Target": "Parameter",
      "Id": "ztdaxiao",
      "FadeInTime": -1.0,
      "FadeOutTime": -1.0,
      "Segments": [
        0,
        2.4,
        0,
        5.333,
        2.4
      ]
    },
    {
      "Target": "Parameter",
      "Id": "zhengtiX",
      "FadeInTime": -1.0,
      "FadeOutTime": -1.0,
      "Segments": [
        0,
        1.8,
        0,
        5.333,
        1.8
      ]
    },
    {
      "Target": "Parameter",
      "Id": "zhengtiY",
      "FadeInTime": -1.0,
      "FadeOutTime": -1.0,
      "Segments": [
        0,
        -3.54,
        0,
        5.333,
        -3.54
      ]
    },
    {
      "Target": "Parameter",
      "Id": "renwzX",
      "FadeInTime": -1.0,
      "FadeOutTime": -1.0,
      "Segments": [
        0,
        0,
        0,
        5.333,
        0
      ]
    },
    {
      "Target": "Parameter",
      "Id": "renwzY",
      "FadeInTime": -1.0,
      "FadeOutTime": -1.0,
      "Segments": [
        0,
        0,
        0,
        5.333,
        0
      ]
    },
    {
      "Target": "Parameter",
      "Id": "rendaxiao",
      "FadeInTime": -1.0,
      "FadeOutTime": -1.0,
      "Segments": [
        0,
        0,
        0,
        5.333,
        0
      ]
    },
    {
      "Target": "Parameter",
      "Id": "xxxxxx33",
      "FadeInTime": -1.0,
      "FadeOutTime": -1.0,
      "Segments": [
        0,
        0,
        0,
        5.333,
        0
      ]
    },
    {
      "Target": "Parameter",
      "Id": "xiang1c",
      "FadeInTime": -1.0,
      "FadeOutTime": -1.0,
      "Segments": [
        0,
        0,
        0,
        5.333,
        0
      ]
    },
    {
      "Target": "Parameter",
      "Id": "xiang1c2",
      "FadeInTime": -1.0,
      "FadeOutTime": -1.0,
      "Segments": [
        0,
        0,
        0,
        5.333,
        0
      ]
    },
    {
      "Target": "Parameter",
      "Id": "xiang1c3",
      "FadeInTime": -1.0,
      "FadeOutTime": -1.0,
      "Segments": [
        0,
        0,
        0,
        5.333,
        0
      ]
    },
    {
      "Target": "Parameter",
      "Id": "chajia1",
      "FadeInTime": -1.0,
      "FadeOutTime": -1.0,
      "Segments": [
        0,
        0,
        0,
        5.333,
        0
      ]
    },
    {
      "Target": "Parameter",
      "Id": "chajia2",
      "FadeInTime": -1.0,
      "FadeOutTime": -1.0,
      "Segments": [
        0,
        0,
        0,
        5.333,
        0
      ]
    },
    {
      "Target": "Parameter",
      "Id": "chajia3",
      "FadeInTime": -1.0,
      "FadeOutTime": -1.0,
      "Segments": [
        0,
        0,
        0,
        5.333,
        0
      ]
    },
    {
      "Target": "Parameter",
      "Id": "xxxxxx34",
      "FadeInTime": -1.0,
      "FadeOutTime": -1.0,
      "Segments": [
        0,
        0,
        0,
        5.333,
        0
      ]
    },
    {
      "Target": "Parameter",
      "Id": "shouopaixs",
      "FadeInTime": -1.0,
      "FadeOutTime": -1.0,
      "Segments": [
        0,
        0,
        0,
        5.333,
        0
      ]
    },
    {
      "Target": "Parameter",
      "Id": "xiangzif",
      "FadeInTime": -1.0,
      "FadeOutTime": -1.0,
      "Segments": [
        0,
        0,
        0,
        5.333,
        0
      ]
    },
    {
      "Target": "Parameter",
      "Id": "zhuorenX",
      "FadeInTime": -1.0,
      "FadeOutTime": -1.0,
      "Segments": [
        0,
        0,
        0,
        5.333,
        0
      ]
    },
    {
      "Target": "Parameter",
      "Id": "zhuorenY",
      "FadeInTime": -1.0,
      "FadeOutTime": -1.0,
      "Segments": [
        0,
        0,
        0,
        5.333,
        0
      ]
    },
    {
      "Target": "Parameter",
      "Id": "zhuorenxz",
      "FadeInTime": -1.0,
      "FadeOutTime": -1.0,
      "Segments": [
        0,
        0,
        0,
        5.333,
        0
      ]
    },
    {
      "Target": "Parameter",
      "Id": "ParamEyeLSmile",
      "FadeInTime": -1.0,
      "FadeOutTime": -1.0,
      "Segments": [
        0,
        0,
        0,
        5.333,
        0
      ]
    },
    {
      "Target": "Parameter",
      "Id": "ParamEyeRSmile",
      "FadeInTime": -1.0,
      "FadeOutTime": -1.0,
      "Segments": [
        0,
        0,
        0,
        5.333,
        0
      ]
    },
    {
      "Target": "Parameter",
      "Id": "ParamEyeBallX",
      "FadeInTime": -1.0,
      "FadeOutTime": -1.0,
      "Segments": [
        0,
        0,
        0,
        5.333,
        0
      ]
    },
    {
      "Target": "Parameter",
      "Id": "ParamEyeBallY",
      "FadeInTime": -1.0,
      "FadeOutTime": -1.0,
      "Segments": [
        0,
        0,
        0,
        5.333,
        0
      ]
    },
    {
      "Target": "Parameter",
      "Id": "xxxxxx14",
      "FadeInTime": -1.0,
      "FadeOutTime": -1.0,
      "Segments": [
        0,
        0,
        0,
        5.333,
        0
      ]
    },
    {
      "Target": "Parameter",
      "Id": "yanqie",
      "FadeInTime": -1.0,
      "FadeOutTime": -1.0,
      "Segments": [
        0,
        0,
        0,
        5.333,
        0
      ]
    },
    {
      "Target": "Parameter",
      "Id": "xinyan",
      "FadeInTime": -1.0,
      "FadeOutTime": -1.0,
      "Segments": [
        0,
        1,
        0,
        5.333,
        1
      ]
    },
    {
      "Target": "Parameter",
      "Id": "liuhan",
      "FadeInTime": -1.0,
      "FadeOutTime": -1.0,
      "Segments": [
        0,
        0,
        0,
        5.333,
        0
      ]
    },
    {
      "Target": "Parameter",
      "Id": "lianhong",
      "FadeInTime": -1.0,
      "FadeOutTime": -1.0,
      "Segments": [
        0,
        1.4,
        0,
        5.333,
        1.4
      ]
    },
    {
      "Target": "Parameter",
      "Id": "louzgl",
      "FadeInTime": -1.0,
      "FadeOutTime": -1.0,
      "Segments": [
        0,
        0,
        0,
        5.333,
        0
      ]
    },
    {
      "Target": "Parameter",
      "Id": "wink1",
      "FadeInTime": -1.0,
      "FadeOutTime": -1.0,
      "Segments": [
        0,
        0,
        0,
        5.333,
        0
      ]
    },
    {
      "Target": "Parameter",
      "Id": "zzfu",
      "FadeInTime": -1.0,
      "FadeOutTime": -1.0,
      "Segments": [
        0,
        0,
        0,
        5.333,
        0
      ]
    },
    {
      "Target": "Parameter",
      "Id": "ddqip",
      "FadeInTime": -1.0,
      "FadeOutTime": -1.0,
      "Segments": [
        0,
        0,
        0,
        5.333,
        0
      ]
    },
    {
      "Target": "Parameter",
      "Id": "wenhyinf",
      "FadeInTime": -1.0,
      "FadeOutTime": -1.0,
      "Segments": [
        0,
        0,
        0,
        5.333,
        0
      ]
    },
    {
      "Target": "Parameter",
      "Id": "jingfu",
      "FadeInTime": -1.0,
      "FadeOutTime": -1.0,
      "Segments": [
        0,
        0,
        0,
        5.333,
        0
      ]
    },
    {
      "Target": "Parameter",
      "Id": "xxxxxx15",
      "FadeInTime": -1.0,
      "FadeOutTime": -1.0,
      "Segments": [
        0,
        0,
        0,
        5.333,
        0
      ]
    },
    {
      "Target": "Parameter",
      "Id": "ParamBrowLAngle",
      "FadeInTime": -1.0,
      "FadeOutTime": -1.0,
      "Segments": [
        0,
        0,
        0,
        5.333,
        0
      ]
    },
    {
      "Target": "Parameter",
      "Id": "ParamBrowRAngle",
      "FadeInTime": -1.0,
      "FadeOutTime": -1.0,
      "Segments": [
        0,
        0,
        0,
        5.333,
        0
      ]
    },
    {
      "Target": "Parameter",
      "Id": "ParamBrowLForm",
      "FadeInTime": -1.0,
      "FadeOutTime": -1.0,
      "Segments": [
        0,
        0.175,
        0,
        5.333,
        0.175
      ]
    },
    {
      "Target": "Parameter",
      "Id": "ParamBrowRForm",
      "FadeInTime": -1.0,
      "FadeOutTime": -1.0,
      "Segments": [
        0,
        0.169,
        0,
        5.333,
        0.169
      ]
    },
    {
      "Target": "Parameter",
      "Id": "xxxxxx17",
      "FadeInTime": -1.0,
      "FadeOutTime": -1.0,
      "Segments": [
        0,
        0,
        0,
        5.333,
        0
      ]
    },
    {
      "Target": "Parameter",
      "Id": "zuiqie",
      "FadeInTime": -1.0,
      "FadeOutTime": -1.0,
      "Segments": [
        0,
        1,
        0,
        5.333,
        1
      ]
    },
    {
      "Target": "Parameter",
      "Id": "yaguan",
      "FadeInTime": -1.0,
      "FadeOutTime": -1.0,
      "Segments": [
        0,
        0,
        0,
        5.333,
        0
      ]
    },
    {
      "Target": "Parameter",
      "Id": "ParamMouthOpenY",
      "FadeInTime": -1.0,
      "FadeOutTime": -1.0,
      "Segments": [
        0,
        0,
        0,
        5.333,
        0
      ]
    },
    {
      "Target": "Parameter",
      "Id": "rehuanZ",
      "FadeInTime": -1.0,
      "FadeOutTime": -1.0,
      "Segments": [
        0,
        4.083,
        0,
        5.333,
        4.083
      ]
    },
    {
      "Target": "Parameter",
      "Id": "boziying",
      "FadeInTime": -1.0,
      "FadeOutTime": -1.0,
      "Segments": [
        0,
        0,
        0,
        5.333,
        0
      ]
    },
    {
      "Target": "Parameter",
      "Id": "ParamBodyAngleYB",
      "FadeInTime": -1.0,
      "FadeOutTime": -1.0,
      "Segments": [
        0,
        0.24,
        0,
        5.333,
        0.24
      ]
    },
    {
      "Target": "Parameter",
      "Id": "xxxxxx9",
      "FadeInTime": -1.0,
      "FadeOutTime": -1.0,
      "Segments": [
        0,
        0,
        0,
        5.333,
        0
      ]
    },
    {
      "Target": "Parameter",
      "Id": "ParamBodyAngleZ",
      "FadeInTime": -1.0,
      "FadeOutTime": -1.0,
      "Segments": [
        0,
        6,
        0,
        5.333,
        6
      ]
    },
    {
      "Target": "Parameter",
      "Id": "renjd",
      "FadeInTime": -1.0,
      "FadeOutTime": -1.0,
      "Segments": [
        0,
        1.92,
        0,
        5.333,
        1.92
      ]
    },
    {
      "Target": "Parameter",
      "Id": "weidai1",
      "FadeInTime": -1.0,
      "FadeOutTime": -1.0,
      "Segments": [
        0,
        0,
        0,
        5.333,
        0
      ]
    },
    {
      "Target": "Parameter",
      "Id": "weidaixs",
      "FadeInTime": -1.0,
      "FadeOutTime": -1.0,
      "Segments": [
        0,
        0,
        0,
        5.333,
        0
      ]
    },
    {
      "Target": "Parameter",
      "Id": "xxxxxx23",
      "FadeInTime": -1.0,
      "FadeOutTime": -1.0,
      "Segments": [
        0,
        0,
        0,
        5.333,
        0
      ]
    },
    {
      "Target": "Parameter",
      "Id": "yanweitz",
      "FadeInTime": -1.0,
      "FadeOutTime": -1.0,
      "Segments": [
        0,
        0,
        0,
        5.333,
        0
      ]
    },
    {
      "Target": "Parameter",
      "Id": "yanweitz2",
      "FadeInTime": -1.0,
      "FadeOutTime": -1.0,
      "Segments": [
        0,
        0,
        0,
        5.333,
        0
      ]
    },
    {
      "Target": "Parameter",
      "Id": "rntz",
      "FadeInTime": -1.0,
      "FadeOutTime": -1.0,
      "Segments": [
        0,
        -8.862,
        0,
        5.333,
        -8.862
      ]
    },
    {
      "Target": "Parameter",
      "Id": "lnaicj",
      "FadeInTime": -1.0,
      "FadeOutTime": -1.0,
      "Segments": [
        0,
        0,
        0,
        5.333,
        0
      ]
    },
    {
      "Target": "Parameter",
      "Id": "Rjiansx",
      "FadeInTime": -1.0,
      "FadeOutTime": -1.0,
      "Segments": [
        0,
        10,
        0,
        5.333,
        10
      ]
    },
    {
      "Target": "Parameter",
      "Id": "Rxiaobixz",
      "FadeInTime": -1.0,
      "FadeOutTime": -1.0,
      "Segments": [
        0,
        9.528,
        0,
        5.333,
        9.528
      ]
    },
    {
      "Target": "Parameter",
      "Id": "Rshouxz",
      "FadeInTime": -1.0,
      "FadeOutTime": -1.0,
      "Segments": [
        0,
        4.252,
        0,
        5.333,
        4.252
      ]
    },
    {
      "Target": "Parameter",
      "Id": "RshangbiY",
      "FadeInTime": -1.0,
      "FadeOutTime": -1.0,
      "Segments": [
        0,
        4,
        0,
        5.333,
        4
      ]
    },
    {
      "Target": "Parameter",
      "Id": "RxiaobiY",
      "FadeInTime": -1.0,
      "FadeOutTime": -1.0,
      "Segments": [
        0,
        4,
        0,
        5.333,
        4
      ]
    },
    {
      "Target": "Parameter",
      "Id": "rxiaobitz",
      "FadeInTime": -1.0,
      "FadeOutTime": -1.0,
      "Segments": [
        0,
        0,
        0,
        5.333,
        0
      ]
    },
    {
      "Target": "Parameter",
      "Id": "Rshangbicj",
      "FadeInTime": -1.0,
      "FadeOutTime": -1.0,
      "Segments": [
        0,
        -10,
        0,
        5.333,
        -10
      ]
    },
    {
      "Target": "Parameter",
      "Id": "Rzhaoshou",
      "FadeInTime": -1.0,
      "FadeOutTime": -1.0,
      "Segments": [
        0,
        10,
        0,
        5.333,
        10
      ]
    },
    {
      "Target": "Parameter",
      "Id": "Rmoshouw",
      "FadeInTime": -1.0,
      "FadeOutTime": -1.0,
      "Segments": [
        0,
        0,
        0,
        5.333,
        0
      ]
    },
    {
      "Target": "Parameter",
      "Id": "Rmosoui",
      "FadeInTime": -1.0,
      "FadeOutTime": -1.0,
      "Segments": [
        0,
        0,
        0,
        5.333,
        0
      ]
    },
    {
      "Target": "Parameter",
      "Id": "Rfangshou",
      "FadeInTime": -1.0,
      "FadeOutTime": -1.0,
      "Segments": [
        0,
        1,
        0,
        5.333,
        1
      ]
    },
    {
      "Target": "Parameter",
      "Id": "Rxzhoaushou",
      "FadeInTime": -1.0,
      "FadeOutTime": -1.0,
      "Segments": [
        0,
        0,
        0,
        5.333,
        0
      ]
    },
    {
      "Target": "Parameter",
      "Id": "Rshenshou",
      "FadeInTime": -1.0,
      "FadeOutTime": -1.0,
      "Segments": [
        0,
        0,
        0,
        5.333,
        0
      ]
    },
    {
      "Target": "Parameter",
      "Id": "Rchashou",
      "FadeInTime": -1.0,
      "FadeOutTime": -1.0,
      "Segments": [
        0,
        0,
        0,
        5.333,
        0
      ]
    },
    {
      "Target": "Parameter",
      "Id": "ycmzc",
      "FadeInTime": -1.0,
      "FadeOutTime": -1.0,
      "Segments": [
        0,
        0,
        0,
        5.333,
        0
      ]
    },
    {
      "Target": "Parameter",
      "Id": "xxxxxx12",
      "FadeInTime": -1.0,
      "FadeOutTime": -1.0,
      "Segments": [
        0,
        0,
        0,
        5.333,
        0
      ]
    },
    {
      "Target": "Parameter",
      "Id": "Rshoudh",
      "FadeInTime": -1.0,
      "FadeOutTime": -1.0,
      "Segments": [
        0,
        0,
        0,
        5.333,
        0
      ]
    },
    {
      "Target": "Parameter",
      "Id": "Rmuzhi",
      "FadeInTime": -1.0,
      "FadeOutTime": -1.0,
      "Segments": [
        0,
        0,
        0,
        5.333,
        0
      ]
    },
    {
      "Target": "Parameter",
      "Id": "Rshizhi",
      "FadeInTime": -1.0,
      "FadeOutTime": -1.0,
      "Segments": [
        0,
        0,
        0,
        5.333,
        0
      ]
    },
    {
      "Target": "Parameter",
      "Id": "Rzhongz",
      "FadeInTime": -1.0,
      "FadeOutTime": -1.0,
      "Segments": [
        0,
        0,
        0,
        5.333,
        0
      ]
    },
    {
      "Target": "Parameter",
      "Id": "Rfangshouyxs",
      "FadeInTime": -1.0,
      "FadeOutTime": -1.0,
      "Segments": [
        0,
        0,
        0,
        5.333,
        0
      ]
    },
    {
      "Target": "Parameter",
      "Id": "xxxxxx11",
      "FadeInTime": -1.0,
      "FadeOutTime": -1.0,
      "Segments": [
        0,
        0,
        0,
        5.333,
        0
      ]
    },
    {
      "Target": "Parameter",
      "Id": "rngaix",
      "FadeInTime": -1.0,
      "FadeOutTime": -1.0,
      "Segments": [
        0,
        0,
        0,
        5.333,
        0
      ]
    },
    {
      "Target": "Parameter",
      "Id": "lngaix2",
      "FadeInTime": -1.0,
      "FadeOutTime": -1.0,
      "Segments": [
        0,
        0,
        0,
        5.333,
        0
      ]
    },
    {
      "Target": "Parameter",
      "Id": "Lnaidian",
      "FadeInTime": -1.0,
      "FadeOutTime": -1.0,
      "Segments": [
        0,
        0,
        0,
        5.333,
        0
      ]
    },
    {
      "Target": "Parameter",
      "Id": "Rnaidian",
      "FadeInTime": -1.0,
      "FadeOutTime": -1.0,
      "Segments": [
        0,
        0,
        0,
        5.333,
        0
      ]
    },
    {
      "Target": "Parameter",
      "Id": "Lxiaobixz",
      "FadeInTime": -1.0,
      "FadeOutTime": -1.0,
      "Segments": [
        0,
        0,
        0,
        5.333,
        0
      ]
    },
    {
      "Target": "Parameter",
      "Id": "LsahngbuiY",
      "FadeInTime": -1.0,
      "FadeOutTime": -1.0,
      "Segments": [
        0,
        0,
        0,
        5.333,
        0
      ]
    },
    {
      "Target": "Parameter",
      "Id": "LxiaobiY",
      "FadeInTime": -1.0,
      "FadeOutTime": -1.0,
      "Segments": [
        0,
        0,
        0,
        5.333,
        0
      ]
    },
    {
      "Target": "Parameter",
      "Id": "Lxiaobcj",
      "FadeInTime": -1.0,
      "FadeOutTime": -1.0,
      "Segments": [
        0,
        0,
        0,
        5.333,
        0
      ]
    },
    {
      "Target": "Parameter",
      "Id": "Lmzsz",
      "FadeInTime": -1.0,
      "FadeOutTime": -1.0,
      "Segments": [
        0,
        0,
        0,
        5.333,
        0
      ]
    },
    {
      "Target": "Parameter",
      "Id": "Lmxbtzheng",
      "FadeInTime": -1.0,
      "FadeOutTime": -1.0,
      "Segments": [
        0,
        0,
        0,
        5.333,
        0
      ]
    },
    {
      "Target": "Parameter",
      "Id": "lnaiji",
      "FadeInTime": -1.0,
      "FadeOutTime": -1.0,
      "Segments": [
        0,
        0,
        0,
        5.333,
        0
      ]
    },
    {
      "Target": "Parameter",
      "Id": "xxxxxx10",
      "FadeInTime": -1.0,
      "FadeOutTime": -1.0,
      "Segments": [
        0,
        0,
        0,
        5.333,
        0
      ]
    },
    {
      "Target": "Parameter",
      "Id": "Lmoshou",
      "FadeInTime": -1.0,
      "FadeOutTime": -1.0,
      "Segments": [
        0,
        1,
        0,
        5.333,
        1
      ]
    },
    {
      "Target": "Parameter",
      "Id": "Lmohuishouxiu",
      "FadeInTime": -1.0,
      "FadeOutTime": -1.0,
      "Segments": [
        0,
        0,
        0,
        5.333,
        0
      ]
    },
    {
      "Target": "Parameter",
      "Id": "jiubeisohu",
      "FadeInTime": -1.0,
      "FadeOutTime": -1.0,
      "Segments": [
        0,
        0,
        0,
        5.333,
        0
      ]
    },
    {
      "Target": "Parameter",
      "Id": "Lbeishou",
      "FadeInTime": -1.0,
      "FadeOutTime": -1.0,
      "Segments": [
        0,
        0,
        0,
        5.333,
        0
      ]
    },
    {
      "Target": "Parameter",
      "Id": "Lmoashou",
      "FadeInTime": -1.0,
      "FadeOutTime": -1.0,
      "Segments": [
        0,
        0,
        0,
        5.333,
        0
      ]
    },
    {
      "Target": "Parameter",
      "Id": "Lmotuis",
      "FadeInTime": -1.0,
      "FadeOutTime": -1.0,
      "Segments": [
        0,
        0,
        0,
        5.333,
        0
      ]
    },
    {
      "Target": "Parameter",
      "Id": "LszB",
      "FadeInTime": -1.0,
      "FadeOutTime": -1.0,
      "Segments": [
        0,
        0,
        0,
        5.333,
        0
      ]
    },
    {
      "Target": "Parameter",
      "Id": "Lzhaoshou",
      "FadeInTime": -1.0,
      "FadeOutTime": -1.0,
      "Segments": [
        0,
        0,
        0,
        5.333,
        0
      ]
    },
    {
      "Target": "Parameter",
      "Id": "Lchashou",
      "FadeInTime": -1.0,
      "FadeOutTime": -1.0,
      "Segments": [
        0,
        0,
        0,
        5.333,
        0
      ]
    },
    {
      "Target": "Parameter",
      "Id": "xxxxxx13",
      "FadeInTime": -1.0,
      "FadeOutTime": -1.0,
      "Segments": [
        0,
        0,
        0,
        5.333,
        0
      ]
    },
    {
      "Target": "Parameter",
      "Id": "zhaoshoudh",
      "FadeInTime": -1.0,
      "FadeOutTime": -1.0,
      "Segments": [
        0,
        1,
        0,
        5.333,
        1
      ]
    },
    {
      "Target": "Parameter",
      "Id": "lshoubx",
      "FadeInTime": -1.0,
      "FadeOutTime": -1.0,
      "Segments": [
        0,
        0,
        0,
        5.333,
        0
      ]
    },
    {
      "Target": "Parameter",
      "Id": "Lmuzhi",
      "FadeInTime": -1.0,
      "FadeOutTime": -1.0,
      "Segments": [
        0,
        -9,
        0,
        5.333,
        -9
      ]
    },
    {
      "Target": "Parameter",
      "Id": "Lzhongzhi",
      "FadeInTime": -1.0,
      "FadeOutTime": -1.0,
      "Segments": [
        0,
        -10,
        0,
        5.333,
        -10
      ]
    },
    {
      "Target": "Parameter",
      "Id": "Lmoshouz",
      "FadeInTime": -1.0,
      "FadeOutTime": -1.0,
      "Segments": [
        0,
        0,
        0,
        5.333,
        0
      ]
    },
    {
      "Target": "Parameter",
      "Id": "Ldatuixz",
      "FadeInTime": -1.0,
      "FadeOutTime": -1.0,
      "Segments": [
        0,
        0.053,
        0,
        5.333,
        0.053
      ]
    },
    {
      "Target": "Parameter",
      "Id": "Lxiaotuixz",
      "FadeInTime": -1.0,
      "FadeOutTime": -1.0,
      "Segments": [
        0,
        -0.376,
        0,
        5.333,
        -0.376
      ]
    },
    {
      "Target": "Parameter",
      "Id": "Ljiaoxz",
      "FadeInTime": -1.0,
      "FadeOutTime": -1.0,
      "Segments": [
        0,
        -0.399,
        0,
        5.333,
        -0.399
      ]
    },
    {
      "Target": "Parameter",
      "Id": "LdatuiY",
      "FadeInTime": -1.0,
      "FadeOutTime": -1.0,
      "Segments": [
        0,
        0,
        0,
        5.333,
        0
      ]
    },
    {
      "Target": "Parameter",
      "Id": "LxiaotuiY",
      "FadeInTime": -1.0,
      "FadeOutTime": -1.0,
      "Segments": [
        0,
        0,
        0,
        5.333,
        0
      ]
    },
    {
      "Target": "Parameter",
      "Id": "Ldatuian",
      "FadeInTime": -1.0,
      "FadeOutTime": -1.0,
      "Segments": [
        0,
        0,
        0,
        5.333,
        0
      ]
    },
    {
      "Target": "Parameter",
      "Id": "LjiaoX",
      "FadeInTime": -1.0,
      "FadeOutTime": -1.0,
      "Segments": [
        0,
        0,
        0,
        5.333,
        0
      ]
    },
    {
      "Target": "Parameter",
      "Id": "Ldatuitz",
      "FadeInTime": -1.0,
      "FadeOutTime": -1.0,
      "Segments": [
        0,
        0,
        0,
        5.333,
        0
      ]
    },
    {
      "Target": "Parameter",
      "Id": "Ltuicjj",
      "FadeInTime": -1.0,
      "FadeOutTime": -1.0,
      "Segments": [
        0,
        0,
        0,
        5.333,
        0
      ]
    },
    {
      "Target": "Parameter",
      "Id": "Rdatuixz",
      "FadeInTime": -1.0,
      "FadeOutTime": -1.0,
      "Segments": [
        0,
        0.546,
        0,
        5.333,
        0.546
      ]
    },
    {
      "Target": "Parameter",
      "Id": "Rxiaotuixz",
      "FadeInTime": -1.0,
      "FadeOutTime": -1.0,
      "Segments": [
        0,
        -0.211,
        0,
        5.333,
        -0.211
      ]
    },
    {
      "Target": "Parameter",
      "Id": "Rjiaoxz",
      "FadeInTime": -1.0,
      "FadeOutTime": -1.0,
      "Segments": [
        0,
        0.327,
        0,
        5.333,
        0.327
      ]
    },
    {
      "Target": "Parameter",
      "Id": "RdatuiY",
      "FadeInTime": -1.0,
      "FadeOutTime": -1.0,
      "Segments": [
        0,
        -0.342,
        0,
        5.333,
        -0.342
      ]
    },
    {
      "Target": "Parameter",
      "Id": "RxiaotuiY",
      "FadeInTime": -1.0,
      "FadeOutTime": -1.0,
      "Segments": [
        0,
        0.637,
        0,
        5.333,
        0.637
      ]
    },
    {
      "Target": "Parameter",
      "Id": "Rxiaotuiguang",
      "FadeInTime": -1.0,
      "FadeOutTime": -1.0,
      "Segments": [
        0,
        0,
        0,
        5.333,
        0
      ]
    },
    {
      "Target": "Parameter",
      "Id": "RjiaoX",
      "FadeInTime": -1.0,
      "FadeOutTime": -1.0,
      "Segments": [
        0,
        0,
        0,
        5.333,
        0
      ]
    },
    {
      "Target": "Parameter",
      "Id": "Rdtntz",
      "FadeInTime": -1.0,
      "FadeOutTime": -1.0,
      "Segments": [
        0,
        0,
        0,
        5.333,
        0
      ]
    },
    {
      "Target": "Parameter",
      "Id": "Rtuicj",
      "FadeInTime": -1.0,
      "FadeOutTime": -1.0,
      "Segments": [
        0,
        0.373,
        0,
        5.333,
        0.373
      ]
    },
    {
      "Target": "Parameter",
      "Id": "sxpxians",
      "FadeInTime": -1.0,
      "FadeOutTime": -1.0,
      "Segments": [
        0,
        0,
        0,
        5.333,
        0
      ]
    },
    {
      "Target": "Parameter",
      "Id": "paihuo",
      "FadeInTime": -1.0,
      "FadeOutTime": -1.0,
      "Segments": [
        0,
        0,
        0,
        5.333,
        0
      ]
    },
    {
      "Target": "Parameter",
      "Id": "huopai",
      "FadeInTime": -1.0,
      "FadeOutTime": -1.0,
      "Segments": [
        0,
        0,
        0,
        5.333,
        0
      ]
    },
    {
      "Target": "Parameter",
      "Id": "shouxinpX",
      "FadeInTime": -1.0,
      "FadeOutTime": -1.0,
      "Segments": [
        0,
        1.715,
        0,
        5.333,
        1.715
      ]
    },
    {
      "Target": "Parameter",
      "Id": "shouxinaiZ",
      "FadeInTime": -1.0,
      "FadeOutTime": -1.0,
      "Segments": [
        0,
        -0.572,
        0,
        5.333,
        -0.572
      ]
    },
    {
      "Target": "Parameter",
      "Id": "xxxxxx18",
      "FadeInTime": -1.0,
      "FadeOutTime": -1.0,
      "Segments": [
        0,
        0,
        0,
        5.333,
        0
      ]
    },
    {
      "Target": "Parameter",
      "Id": "jiubeihua",
      "FadeInTime": -1.0,
      "FadeOutTime": -1.0,
      "Segments": [
        0,
        0,
        0,
        5.333,
        0
      ]
    },
    {
      "Target": "Parameter",
      "Id": "huaX",
      "FadeInTime": -1.0,
      "FadeOutTime": -1.0,
      "Segments": [
        0,
        0,
        0,
        5.333,
        0
      ]
    },
    {
      "Target": "Parameter",
      "Id": "jbzhuan",
      "FadeInTime": -1.0,
      "FadeOutTime": -1.0,
      "Segments": [
        0,
        0,
        0,
        5.333,
        0
      ]
    },
    {
      "Target": "Parameter",
      "Id": "jiuA",
      "FadeInTime": -1.0,
      "FadeOutTime": -1.0,
      "Segments": [
        0,
        0,
        0,
        5.333,
        0
      ]
    },
    {
      "Target": "Parameter",
      "Id": "jiuA2",
      "FadeInTime": -1.0,
      "FadeOutTime": -1.0,
      "Segments": [
        0,
        0,
        0,
        5.333,
        0
      ]
    },
    {
      "Target": "Parameter",
      "Id": "daojiu",
      "FadeInTime": -1.0,
      "FadeOutTime": -1.0,
      "Segments": [
        0,
        0,
        0,
        5.333,
        0
      ]
    },
    {
      "Target": "Parameter",
      "Id": "xxxxxx19",
      "FadeInTime": -1.0,
      "FadeOutTime": -1.0,
      "Segments": [
        0,
        0,
        0,
        5.333,
        0
      ]
    },
    {
      "Target": "Parameter",
      "Id": "toumxs",
      "FadeInTime": -1.0,
      "FadeOutTime": -1.0,
      "Segments": [
        0,
        1,
        0,
        5.333,
        1
      ]
    },
    {
      "Target": "Parameter",
      "Id": "toumexians",
      "FadeInTime": -1.0,
      "FadeOutTime": -1.0,
      "Segments": [
        0,
        0,
        0,
        5.333,
        0
      ]
    },
    {
      "Target": "Parameter",
      "Id": "shoumaoxs",
      "FadeInTime": -1.0,
      "FadeOutTime": -1.0,
      "Segments": [
        0,
        0,
        0,
        5.333,
        0
      ]
    },
    {
      "Target": "Parameter",
      "Id": "shoumaozhuan",
      "FadeInTime": -1.0,
      "FadeOutTime": -1.0,
      "Segments": [
        0,
        0,
        0,
        5.333,
        0
      ]
    },
    {
      "Target": "Parameter",
      "Id": "shoumaossu",
      "FadeInTime": -1.0,
      "FadeOutTime": -1.0,
      "Segments": [
        0,
        0,
        0,
        5.333,
        0
      ]
    },
    {
      "Target": "Parameter",
      "Id": "smhcengj",
      "FadeInTime": -1.0,
      "FadeOutTime": -1.0,
      "Segments": [
        0,
        0,
        0,
        5.333,
        0
      ]
    },
    {
      "Target": "Parameter",
      "Id": "piaomaox",
      "FadeInTime": -1.0,
      "FadeOutTime": -1.0,
      "Segments": [
        0,
        0,
        0,
        5.333,
        0
      ]
    },
    {
      "Target": "Parameter",
      "Id": "piaomaoY",
      "FadeInTime": -1.0,
      "FadeOutTime": -1.0,
      "Segments": [
        0,
        0,
        0,
        5.333,
        0
      ]
    },
    {
      "Target": "Parameter",
      "Id": "piaomaozhuna",
      "FadeInTime": -1.0,
      "FadeOutTime": -1.0,
      "Segments": [
        0,
        0,
        0,
        5.333,
        0
      ]
    },
    {
      "Target": "Parameter",
      "Id": "piaomaodaxiao",
      "FadeInTime": -1.0,
      "FadeOutTime": -1.0,
      "Segments": [
        0,
        0,
        0,
        5.333,
        0
      ]
    },
    {
      "Target": "Parameter",
      "Id": "piaomaoX",
      "FadeInTime": -1.0,
      "FadeOutTime": -1.0,
      "Segments": [
        0,
        0,
        0,
        5.333,
        0
      ]
    },
    {
      "Target": "Parameter",
      "Id": "xxxxxx20",
      "FadeInTime": -1.0,
      "FadeOutTime": -1.0,
      "Segments": [
        0,
        0,
        0,
        5.333,
        0
      ]
    },
    {
      "Target": "Parameter",
      "Id": "hfmying",
      "FadeInTime": -1.0,
      "FadeOutTime": -1.0,
      "Segments": [
        0,
        1,
        0,
        5.333,
        1
      ]
    },
    {
      "Target": "Parameter",
      "Id": "toumaoX",
      "FadeInTime": -1.0,
      "FadeOutTime": -1.0,
      "Segments": [
        0,
        0,
        0,
        5.333,
        0
      ]
    },
    {
      "Target": "Parameter",
      "Id": "toumaoY",
      "FadeInTime": -1.0,
      "FadeOutTime": -1.0,
      "Segments": [
        0,
        0,
        0,
        5.333,
        0
      ]
    },
    {
      "Target": "Parameter",
      "Id": "toumaoxz",
      "FadeInTime": -1.0,
      "FadeOutTime": -1.0,
      "Segments": [
        0,
        0,
        0,
        5.333,
        0
      ]
    },
    {
      "Target": "Parameter",
      "Id": "shoulxians",
      "FadeInTime": -1.0,
      "FadeOutTime": -1.0,
      "Segments": [
        0,
        0,
        0,
        5.333,
        0
      ]
    },
    {
      "Target": "Parameter",
      "Id": "shoulian",
      "FadeInTime": -1.0,
      "FadeOutTime": -1.0,
      "Segments": [
        0,
        0,
        0,
        5.333,
        0
      ]
    },
    {
      "Target": "Parameter",
      "Id": "shoulianx",
      "FadeInTime": -1.0,
      "FadeOutTime": -1.0,
      "Segments": [
        0,
        0,
        0,
        5.333,
        0
      ]
    },
    {
      "Target": "Parameter",
      "Id": "shoulianY",
      "FadeInTime": -1.0,
      "FadeOutTime": -1.0,
      "Segments": [
        0,
        0,
        0,
        5.333,
        0
      ]
    },
    {
      "Target": "Parameter",
      "Id": "shoulian2",
      "FadeInTime": -1.0,
      "FadeOutTime": -1.0,
      "Segments": [
        0,
        0,
        0,
        5.333,
        0
      ]
    },
    {
      "Target": "Parameter",
      "Id": "xxxxxx21",
      "FadeInTime": -1.0,
      "FadeOutTime": -1.0,
      "Segments": [
        0,
        0,
        0,
        5.333,
        0
      ]
    },
    {
      "Target": "Parameter",
      "Id": "sdmaodai",
      "FadeInTime": -1.0,
      "FadeOutTime": -1.0,
      "Segments": [
        0,
        0,
        0,
        5.333,
        0
      ]
    },
    {
      "Target": "Parameter",
      "Id": "shoumwl1",
      "FadeInTime": -1.0,
      "FadeOutTime": -1.0,
      "Segments": [
        0,
        0,
        0,
        5.333,
        0
      ]
    },
    {
      "Target": "Parameter",
      "Id": "shoumwl2",
      "FadeInTime": -1.0,
      "FadeOutTime": -1.0,
      "Segments": [
        0,
        0,
        0,
        5.333,
        0
      ]
    },
    {
      "Target": "Parameter",
      "Id": "maosheng3",
      "FadeInTime": -1.0,
      "FadeOutTime": -1.0,
      "Segments": [
        0,
        0,
        0,
        5.333,
        0
      ]
    },
    {
      "Target": "Parameter",
      "Id": "maosheng4",
      "FadeInTime": -1.0,
      "FadeOutTime": -1.0,
      "Segments": [
        0,
        0,
        0,
        5.333,
        0
      ]
    },
    {
      "Target": "Parameter",
      "Id": "xxxxxx28",
      "FadeInTime": -1.0,
      "FadeOutTime": -1.0,
      "Segments": [
        0,
        0,
        0,
        5.333,
        0
      ]
    },
    {
      "Target": "Parameter",
      "Id": "shouyan1",
      "FadeInTime": -1.0,
      "FadeOutTime": -1.0,
      "Segments": [
        0,
        0,
        0,
        5.333,
        0
      ]
    },
    {
      "Target": "Parameter",
      "Id": "shouyan2",
      "FadeInTime": -1.0,
      "FadeOutTime": -1.0,
      "Segments": [
        0,
        0,
        0,
        5.333,
        0
      ]
    },
    {
      "Target": "Parameter",
      "Id": "shouyan3",
      "FadeInTime": -1.0,
      "FadeOutTime": -1.0,
      "Segments": [
        0,
        0,
        0,
        5.333,
        0
      ]
    },
    {
      "Target": "Parameter",
      "Id": "caihejd",
      "FadeInTime": -1.0,
      "FadeOutTime": -1.0,
      "Segments": [
        0,
        0,
        0,
        5.333,
        0
      ]
    },
    {
      "Target": "Parameter",
      "Id": "caihxs",
      "FadeInTime": -1.0,
      "FadeOutTime": -1.0,
      "Segments": [
        0,
        0,
        0,
        5.333,
        0
      ]
    },
    {
      "Target": "Parameter",
      "Id": "maohjxs",
      "FadeInTime": -1.0,
      "FadeOutTime": -1.0,
      "Segments": [
        0,
        0,
        0,
        5.333,
        0
      ]
    },
    {
      "Target": "Parameter",
      "Id": "huangjdz",
      "FadeInTime": -1.0,
      "FadeOutTime": -1.0,
      "Segments": [
        0,
        0,
        0,
        5.333,
        0
      ]
    },
    {
      "Target": "Parameter",
      "Id": "jily",
      "FadeInTime": -1.0,
      "FadeOutTime": -1.0,
      "Segments": [
        0,
        1,
        0,
        5.333,
        1
      ]
    },
    {
      "Target": "Parameter",
      "Id": "jiry",
      "FadeInTime": -1.0,
      "FadeOutTime": -1.0,
      "Segments": [
        0,
        1,
        0,
        5.333,
        1
      ]
    },
    {
      "Target": "Parameter",
      "Id": "huangjer",
      "FadeInTime": -1.0,
      "FadeOutTime": -1.0,
      "Segments": [
        0,
        0,
        0,
        5.333,
        0
      ]
    },
    {
      "Target": "Parameter",
      "Id": "huangjer2",
      "FadeInTime": -1.0,
      "FadeOutTime": -1.0,
      "Segments": [
        0,
        0,
        0,
        5.333,
        0
      ]
    },
    {
      "Target": "Parameter",
      "Id": "huangiX",
      "FadeInTime": -1.0,
      "FadeOutTime": -1.0,
      "Segments": [
        0,
        0,
        0,
        5.333,
        0
      ]
    },
    {
      "Target": "Parameter",
      "Id": "huangi2",
      "FadeInTime": -1.0,
      "FadeOutTime": -1.0,
      "Segments": [
        0,
        0,
        0,
        5.333,
        0
      ]
    },
    {
      "Target": "Parameter",
      "Id": "maotfs2",
      "FadeInTime": -1.0,
      "FadeOutTime": -1.0,
      "Segments": [
        0,
        0,
        0,
        5.333,
        0
      ]
    },
    {
      "Target": "Parameter",
      "Id": "moatouzha2",
      "FadeInTime": -1.0,
      "FadeOutTime": -1.0,
      "Segments": [
        0,
        0,
        0,
        5.333,
        0
      ]
    },
    {
      "Target": "Parameter",
      "Id": "daiji",
      "FadeInTime": -1.0,
      "FadeOutTime": -1.0,
      "Segments": [
        0,
        0,
        0,
        5.333,
        0
      ]
    },
    {
      "Target": "Parameter",
      "Id": "heipaiq",
      "FadeInTime": -1.0,
      "FadeOutTime": -1.0,
      "Segments": [
        0,
        0,
        0,
        5.333,
        0
      ]
    },
    {
      "Target": "Parameter",
      "Id": "penpai",
      "FadeInTime": -1.0,
      "FadeOutTime": -1.0,
      "Segments": [
        0,
        0,
        0,
        5.333,
        0
      ]
    },
    {
      "Target": "Parameter",
      "Id": "ppz",
      "FadeInTime": -1.0,
      "FadeOutTime": -1.0,
      "Segments": [
        0,
        0,
        0,
        5.333,
        0
      ]
    },
    {
      "Target": "Parameter",
      "Id": "penpai2",
      "FadeInTime": -1.0,
      "FadeOutTime": -1.0,
      "Segments": [
        0,
        0,
        0,
        5.333,
        0
      ]
    },
    {
      "Target": "Parameter",
      "Id": "penpaixz",
      "FadeInTime": -1.0,
      "FadeOutTime": -1.0,
      "Segments": [
        0,
        0,
        0,
        5.333,
        0
      ]
    },
    {
      "Target": "Parameter",
      "Id": "xxxxxx27",
      "FadeInTime": -1.0,
      "FadeOutTime": -1.0,
      "Segments": [
        0,
        0,
        0,
        5.333,
        0
      ]
    },
    {
      "Target": "Parameter",
      "Id": "spxians",
      "FadeInTime": -1.0,
      "FadeOutTime": -1.0,
      "Segments": [
        0,
        0,
        0,
        5.333,
        0
      ]
    },
    {
      "Target": "Parameter",
      "Id": "pailuo",
      "FadeInTime": -1.0,
      "FadeOutTime": -1.0,
      "Segments": [
        0,
        0,
        0,
        5.333,
        0
      ]
    },
    {
      "Target": "Parameter",
      "Id": "paidxd",
      "FadeInTime": -1.0,
      "FadeOutTime": -1.0,
      "Segments": [
        0,
        0,
        0,
        5.333,
        0
      ]
    },
    {
      "Target": "Parameter",
      "Id": "paiX",
      "FadeInTime": -1.0,
      "FadeOutTime": -1.0,
      "Segments": [
        0,
        0,
        0,
        5.333,
        0
      ]
    },
    {
      "Target": "Parameter",
      "Id": "paiX2",
      "FadeInTime": -1.0,
      "FadeOutTime": -1.0,
      "Segments": [
        0,
        0,
        0,
        5.333,
        0
      ]
    },
    {
      "Target": "Parameter",
      "Id": "paiX3",
      "FadeInTime": -1.0,
      "FadeOutTime": -1.0,
      "Segments": [
        0,
        0,
        0,
        5.333,
        0
      ]
    },
    {
      "Target": "Parameter",
      "Id": "paiX4",
      "FadeInTime": -1.0,
      "FadeOutTime": -1.0,
      "Segments": [
        0,
        0,
        0,
        5.333,
        0
      ]
    },
    {
      "Target": "Parameter",
      "Id": "paixz",
      "FadeInTime": -1.0,
      "FadeOutTime": -1.0,
      "Segments": [
        0,
        0,
        0,
        5.333,
        0
      ]
    },
    {
      "Target": "Parameter",
      "Id": "paixz2",
      "FadeInTime": -1.0,
      "FadeOutTime": -1.0,
      "Segments": [
        0,
        0,
        0,
        5.333,
        0
      ]
    },
    {
      "Target": "Parameter",
      "Id": "paixz3",
      "FadeInTime": -1.0,
      "FadeOutTime": -1.0,
      "Segments": [
        0,
        0,
        0,
        5.333,
        0
      ]
    },
    {
      "Target": "Parameter",
      "Id": "paixz4",
      "FadeInTime": -1.0,
      "FadeOutTime": -1.0,
      "Segments": [
        0,
        0,
        0,
        5.333,
        0
      ]
    },
    {
      "Target": "Parameter",
      "Id": "xxxxxx32",
      "FadeInTime": -1.0,
      "FadeOutTime": -1.0,
      "Segments": [
        0,
        0,
        0,
        5.333,
        0
      ]
    },
    {
      "Target": "Parameter",
      "Id": "shiuyefw",
      "FadeInTime": -1.0,
      "FadeOutTime": -1.0,
      "Segments": [
        0,
        0,
        0,
        5.333,
        0
      ]
    },
    {
      "Target": "Parameter",
      "Id": "shizxs",
      "FadeInTime": -1.0,
      "FadeOutTime": -1.0,
      "Segments": [
        0,
        0,
        0,
        5.333,
        0
      ]
    },
    {
      "Target": "Parameter",
      "Id": "yanhxs",
      "FadeInTime": -1.0,
      "FadeOutTime": -1.0,
      "Segments": [
        0,
        0,
        0,
        5.333,
        0
      ]
    },
    {
      "Target": "Parameter",
      "Id": "fashe",
      "FadeInTime": -1.0,
      "FadeOutTime": -1.0,
      "Segments": [
        0,
        0,
        0,
        5.333,
        0
      ]
    },
    {
      "Target": "Parameter",
      "Id": "yanhuazha",
      "FadeInTime": -1.0,
      "FadeOutTime": -1.0,
      "Segments": [
        0,
        0,
        0,
        5.333,
        0
      ]
    },
    {
      "Target": "Parameter",
      "Id": "fashe3",
      "FadeInTime": -1.0,
      "FadeOutTime": -1.0,
      "Segments": [
        0,
        0,
        0,
        5.333,
        0
      ]
    },
    {
      "Target": "Parameter",
      "Id": "yanhuazha2",
      "FadeInTime": -1.0,
      "FadeOutTime": -1.0,
      "Segments": [
        0,
        0,
        0,
        5.333,
        0
      ]
    },
    {
      "Target": "Parameter",
      "Id": "fashe2",
      "FadeInTime": -1.0,
      "FadeOutTime": -1.0,
      "Segments": [
        0,
        0,
        0,
        5.333,
        0
      ]
    },
    {
      "Target": "Parameter",
      "Id": "yanhuax",
      "FadeInTime": -1.0,
      "FadeOutTime": -1.0,
      "Segments": [
        0,
        0,
        0,
        5.333,
        0
      ]
    },
    {
      "Target": "Parameter",
      "Id": "maotfs",
      "FadeInTime": -1.0,
      "FadeOutTime": -1.0,
      "Segments": [
        0,
        0,
        0,
        5.333,
        0
      ]
    },
    {
      "Target": "Parameter",
      "Id": "moatouzha",
      "FadeInTime": -1.0,
      "FadeOutTime": -1.0,
      "Segments": [
        0,
        0,
        0,
        5.333,
        0
      ]
    },
    {
      "Target": "Parameter",
      "Id": "mtzhawz",
      "FadeInTime": -1.0,
      "FadeOutTime": -1.0,
      "Segments": [
        0,
        0,
        0,
        5.333,
        0
      ]
    },
    {
      "Target": "Parameter",
      "Id": "smbbianx",
      "FadeInTime": -1.0,
      "FadeOutTime": -1.0,
      "Segments": [
        0,
        0,
        0,
        5.333,
        0
      ]
    },
    {
      "Target": "Parameter",
      "Id": "shuimian",
      "FadeInTime": -1.0,
      "FadeOutTime": -1.0,
      "Segments": [
        0,
        0,
        0,
        5.333,
        0
      ]
    },
    {
      "Target": "Parameter",
      "Id": "shedeng",
      "FadeInTime": -1.0,
      "FadeOutTime": -1.0,
      "Segments": [
        0,
        0,
        0,
        5.333,
        0
      ]
    },
    {
      "Target": "Parameter",
      "Id": "shedeng2",
      "FadeInTime": -1.0,
      "FadeOutTime": -1.0,
      "Segments": [
        0,
        0,
        0,
        5.333,
        0
      ]
    },
    {
      "Target": "Parameter",
      "Id": "shedeng3",
      "FadeInTime": -1.0,
      "FadeOutTime": -1.0,
      "Segments": [
        0,
        0,
        0,
        5.333,
        0
      ]
    },
    {
      "Target": "Parameter",
      "Id": "loudeng1",
      "FadeInTime": -1.0,
      "FadeOutTime": -1.0,
      "Segments": [
        0,
        1,
        0,
        5.333,
        1
      ]
    },
    {
      "Target": "Parameter",
      "Id": "loudeng2",
      "FadeInTime": -1.0,
      "FadeOutTime": -1.0,
      "Segments": [
        0,
        1,
        0,
        5.333,
        1
      ]
    },
    {
      "Target": "Parameter",
      "Id": "loudeng3",
      "FadeInTime": -1.0,
      "FadeOutTime": -1.0,
      "Segments": [
        0,
        1,
        0,
        5.333,
        1
      ]
    },
    {
      "Target": "Parameter",
      "Id": "yuanguang",
      "FadeInTime": -1.0,
      "FadeOutTime": -1.0,
      "Segments": [
        0,
        1,
        0,
        5.333,
        1
      ]
    },
    {
      "Target": "Parameter",
      "Id": "yuanguang2",
      "FadeInTime": -1.0,
      "FadeOutTime": -1.0,
      "Segments": [
        0,
        1,
        0,
        5.333,
        1
      ]
    },
    {
      "Target": "Parameter",
      "Id": "xxxxxx",
      "FadeInTime": -1.0,
      "FadeOutTime": -1.0,
      "Segments": [
        0,
        0,
        0,
        5.333,
        0
      ]
    },
    {
      "Target": "Parameter",
      "Id": "qianpai1",
      "FadeInTime": -1.0,
      "FadeOutTime": -1.0,
      "Segments": [
        0,
        0,
        0,
        5.333,
        0
      ]
    },
    {
      "Target": "Parameter",
      "Id": "qianpai2",
      "FadeInTime": -1.0,
      "FadeOutTime": -1.0,
      "Segments": [
        0,
        0,
        0,
        5.333,
        0
      ]
    },
    {
      "Target": "Parameter",
      "Id": "qianpai3",
      "FadeInTime": -1.0,
      "FadeOutTime": -1.0,
      "Segments": [
        0,
        0,
        0,
        5.333,
        0
      ]
    },
    {
      "Target": "Parameter",
      "Id": "qianpai4",
      "FadeInTime": -1.0,
      "FadeOutTime": -1.0,
      "Segments": [
        0,
        0,
        0,
        5.333,
        0
      ]
    },
    {
      "Target": "Parameter",
      "Id": "touzi1",
      "FadeInTime": -1.0,
      "FadeOutTime": -1.0,
      "Segments": [
        0,
        0,
        0,
        5.333,
        0
      ]
    },
    {
      "Target": "Parameter",
      "Id": "touzi2",
      "FadeInTime": -1.0,
      "FadeOutTime": -1.0,
      "Segments": [
        0,
        0,
        0,
        5.333,
        0
      ]
    },
    {
      "Target": "Parameter",
      "Id": "touzi3",
      "FadeInTime": -1.0,
      "FadeOutTime": -1.0,
      "Segments": [
        0,
        0,
        0,
        5.333,
        0
      ]
    },
    {
      "Target": "Parameter",
      "Id": "xxxxxx2",
      "FadeInTime": -1.0,
      "FadeOutTime": -1.0,
      "Segments": [
        0,
        0,
        0,
        5.333,
        0
      ]
    },
    {
      "Target": "Parameter",
      "Id": "qiandai1",
      "FadeInTime": -1.0,
      "FadeOutTime": -1.0,
      "Segments": [
        0,
        0,
        0,
        5.333,
        0
      ]
    },
    {
      "Target": "Parameter",
      "Id": "qiandai2",
      "FadeInTime": -1.0,
      "FadeOutTime": -1.0,
      "Segments": [
        0,
        0,
        0,
        5.333,
        0
      ]
    },
    {
      "Target": "Parameter",
      "Id": "bianswl",
      "FadeInTime": -1.0,
      "FadeOutTime": -1.0,
      "Segments": [
        0,
        0,
        0,
        5.333,
        0
      ]
    },
    {
      "Target": "Parameter",
      "Id": "yibspwl",
      "FadeInTime": -1.0,
      "FadeOutTime": -1.0,
      "Segments": [
        0,
        0,
        0,
        5.333,
        0
      ]
    },
    {
      "Target": "Parameter",
      "Id": "fuquyi",
      "FadeInTime": -1.0,
      "FadeOutTime": -1.0,
      "Segments": [
        0,
        0,
        0,
        5.333,
        0
      ]
    },
    {
      "Target": "Parameter",
      "Id": "quyipwl",
      "FadeInTime": -1.0,
      "FadeOutTime": -1.0,
      "Segments": [
        0,
        0,
        0,
        5.333,
        0
      ]
    },
    {
      "Target": "Parameter",
      "Id": "xxxxxx38",
      "FadeInTime": -1.0,
      "FadeOutTime": -1.0,
      "Segments": [
        0,
        0,
        0,
        5.333,
        0
      ]
    },
    {
      "Target": "Parameter",
      "Id": "Lyangg",
      "FadeInTime": -1.0,
      "FadeOutTime": -1.0,
      "Segments": [
        0,
        0,
        0,
        5.333,
        0
      ]
    },
    {
      "Target": "Parameter",
      "Id": "Ryangg",
      "FadeInTime": -1.0,
      "FadeOutTime": -1.0,
      "Segments": [
        0,
        0,
        0,
        5.333,
        0
      ]
    },
    {
      "Target": "Parameter",
      "Id": "maoewl1",
      "FadeInTime": -1.0,
      "FadeOutTime": -1.0,
      "Segments": [
        0,
        0,
        0,
        5.333,
        0
      ]
    },
    {
      "Target": "Parameter",
      "Id": "maoewl2",
      "FadeInTime": -1.0,
      "FadeOutTime": -1.0,
      "Segments": [
        0,
        0,
        0,
        5.333,
        0
      ]
    },
    {
      "Target": "Parameter",
      "Id": "maosheng1",
      "FadeInTime": -1.0,
      "FadeOutTime": -1.0,
      "Segments": [
        0,
        0,
        0,
        5.333,
        0
      ]
    },
    {
      "Target": "Parameter",
      "Id": "maosheng2",
      "FadeInTime": -1.0,
      "FadeOutTime": -1.0,
      "Segments": [
        0,
        0,
        0,
        5.333,
        0
      ]
    },
    {
      "Target": "Parameter",
      "Id": "xxxxxx3",
      "FadeInTime": -1.0,
      "FadeOutTime": -1.0,
      "Segments": [
        0,
        0,
        0,
        5.333,
        0
      ]
    },
    {
      "Target": "Parameter",
      "Id": "qianfa1",
      "FadeInTime": -1.0,
      "FadeOutTime": -1.0,
      "Segments": [
        0,
        0,
        0,
        5.333,
        0
      ]
    },
    {
      "Target": "Parameter",
      "Id": "qianfa2",
      "FadeInTime": -1.0,
      "FadeOutTime": -1.0,
      "Segments": [
        0,
        0,
        0,
        5.333,
        0
      ]
    },
    {
      "Target": "Parameter",
      "Id": "qianfa3",
      "FadeInTime": -1.0,
      "FadeOutTime": -1.0,
      "Segments": [
        0,
        0,
        0,
        5.333,
        0
      ]
    },
    {
      "Target": "Parameter",
      "Id": "cefa1",
      "FadeInTime": -1.0,
      "FadeOutTime": -1.0,
      "Segments": [
        0,
        0,
        0,
        5.333,
        0
      ]
    },
    {
      "Target": "Parameter",
      "Id": "cefa2",
      "FadeInTime": -1.0,
      "FadeOutTime": -1.0,
      "Segments": [
        0,
        0,
        0,
        5.333,
        0
      ]
    },
    {
      "Target": "Parameter",
      "Id": "cefa3",
      "FadeInTime": -1.0,
      "FadeOutTime": -1.0,
      "Segments": [
        0,
        0,
        0,
        5.333,
        0
      ]
    },
    {
      "Target": "Parameter",
      "Id": "houfmao1",
      "FadeInTime": -1.0,
      "FadeOutTime": -1.0,
      "Segments": [
        0,
        0,
        0,
        5.333,
        0
      ]
    },
    {
      "Target": "Parameter",
      "Id": "houfmao2",
      "FadeInTime": -1.0,
      "FadeOutTime": -1.0,
      "Segments": [
        0,
        0,
        0,
        5.333,
        0
      ]
    },
    {
      "Target": "Parameter",
      "Id": "houfa1",
      "FadeInTime": -1.0,
      "FadeOutTime": -1.0,
      "Segments": [
        0,
        0,
        0,
        5.333,
        0
      ]
    },
    {
      "Target": "Parameter",
      "Id": "houfa2",
      "FadeInTime": -1.0,
      "FadeOutTime": -1.0,
      "Segments": [
        0,
        0,
        0,
        5.333,
        0
      ]
    },
    {
      "Target": "Parameter",
      "Id": "erhuan",
      "FadeInTime": -1.0,
      "FadeOutTime": -1.0,
      "Segments": [
        0,
        0,
        0,
        5.333,
        0
      ]
    },
    {
      "Target": "Parameter",
      "Id": "xxxxxx4",
      "FadeInTime": -1.0,
      "FadeOutTime": -1.0,
      "Segments": [
        0,
        0,
        0,
        5.333,
        0
      ]
    },
    {
      "Target": "Parameter",
      "Id": "lnaixiaoX",
      "FadeInTime": -1.0,
      "FadeOutTime": -1.0,
      "Segments": [
        0,
        0,
        0,
        5.333,
        0
      ]
    },
    {
      "Target": "Parameter",
      "Id": "lnaixiaoY",
      "FadeInTime": -1.0,
      "FadeOutTime": -1.0,
      "Segments": [
        0,
        0,
        0,
        5.333,
        0
      ]
    },
    {
      "Target": "Parameter",
      "Id": "LnaidaX",
      "FadeInTime": -1.0,
      "FadeOutTime": -1.0,
      "Segments": [
        0,
        0,
        0,
        5.333,
        0
      ]
    },
    {
      "Target": "Parameter",
      "Id": "LnaidaY",
      "FadeInTime": -1.0,
      "FadeOutTime": -1.0,
      "Segments": [
        0,
        0,
        0,
        5.333,
        0
      ]
    },
    {
      "Target": "Parameter",
      "Id": "xxxxxx5",
      "FadeInTime": -1.0,
      "FadeOutTime": -1.0,
      "Segments": [
        0,
        0,
        0,
        5.333,
        0
      ]
    },
    {
      "Target": "Parameter",
      "Id": "rnaixiaoX",
      "FadeInTime": -1.0,
      "FadeOutTime": -1.0,
      "Segments": [
        0,
        0,
        0,
        5.333,
        0
      ]
    },
    {
      "Target": "Parameter",
      "Id": "rnaixiaoY",
      "FadeInTime": -1.0,
      "FadeOutTime": -1.0,
      "Segments": [
        0,
        0,
        0,
        5.333,
        0
      ]
    },
    {
      "Target": "Parameter",
      "Id": "rnaidaX",
      "FadeInTime": -1.0,
      "FadeOutTime": -1.0,
      "Segments": [
        0,
        0,
        0,
        5.333,
        0
      ]
    },
    {
      "Target": "Parameter",
      "Id": "rnaidaY",
      "FadeInTime": -1.0,
      "FadeOutTime": -1.0,
      "Segments": [
        0,
        0,
        0,
        5.333,
        0
      ]
    },
    {
      "Target": "Parameter",
      "Id": "xxxxxx6",
      "FadeInTime": -1.0,
      "FadeOutTime": -1.0,
      "Segments": [
        0,
        0,
        0,
        5.333,
        0
      ]
    },
    {
      "Target": "Parameter",
      "Id": "rnaigwl1",
      "FadeInTime": -1.0,
      "FadeOutTime": -1.0,
      "Segments": [
        0,
        0,
        0,
        5.333,
        0
      ]
    },
    {
      "Target": "Parameter",
      "Id": "rnaigwl2",
      "FadeInTime": -1.0,
      "FadeOutTime": -1.0,
      "Segments": [
        0,
        0,
        0,
        5.333,
        0
      ]
    },
    {
      "Target": "Parameter",
      "Id": "rnaigwl3",
      "FadeInTime": -1.0,
      "FadeOutTime": -1.0,
      "Segments": [
        0,
        0,
        0,
        5.333,
        0
      ]
    },
    {
      "Target": "Parameter",
      "Id": "lnaigwl1",
      "FadeInTime": -1.0,
      "FadeOutTime": -1.0,
      "Segments": [
        0,
        0,
        0,
        5.333,
        0
      ]
    },
    {
      "Target": "Parameter",
      "Id": "lnaigwl2",
      "FadeInTime": -1.0,
      "FadeOutTime": -1.0,
      "Segments": [
        0,
        0,
        0,
        5.333,
        0
      ]
    },
    {
      "Target": "Parameter",
      "Id": "lnaigwl3",
      "FadeInTime": -1.0,
      "FadeOutTime": -1.0,
      "Segments": [
        0,
        0,
        0,
        5.333,
        0
      ]
    },
    {
      "Target": "Parameter",
      "Id": "xxxxxx7",
      "FadeInTime": -1.0,
      "FadeOutTime": -1.0,
      "Segments": [
        0,
        0,
        0,
        5.333,
        0
      ]
    },
    {
      "Target": "Parameter",
      "Id": "xionghdj1",
      "FadeInTime": -1.0,
      "FadeOutTime": -1.0,
      "Segments": [
        0,
        0,
        0,
        5.333,
        0
      ]
    },
    {
      "Target": "Parameter",
      "Id": "xionghdj2",
      "FadeInTime": -1.0,
      "FadeOutTime": -1.0,
      "Segments": [
        0,
        0,
        0,
        5.333,
        0
      ]
    },
    {
      "Target": "Parameter",
      "Id": "yanweiwl",
      "FadeInTime": -1.0,
      "FadeOutTime": -1.0,
      "Segments": [
        0,
        0,
        0,
        5.333,
        0
      ]
    },
    {
      "Target": "Parameter",
      "Id": "yanweiwl2",
      "FadeInTime": -1.0,
      "FadeOutTime": -1.0,
      "Segments": [
        0,
        0,
        0,
        5.333,
        0
      ]
    },
    {
      "Target": "Parameter",
      "Id": "weidai2",
      "FadeInTime": -1.0,
      "FadeOutTime": -1.0,
      "Segments": [
        0,
        0,
        0,
        5.333,
        0
      ]
    },
    {
      "Target": "Parameter",
      "Id": "weidai3",
      "FadeInTime": -1.0,
      "FadeOutTime": -1.0,
      "Segments": [
        0,
        0,
        0,
        5.333,
        0
      ]
    },
    {
      "Target": "Parameter",
      "Id": "weidai4",
      "FadeInTime": -1.0,
      "FadeOutTime": -1.0,
      "Segments": [
        0,
        0,
        0,
        5.333,
        0
      ]
    },
    {
      "Target": "Parameter",
      "Id": "weidai5",
      "FadeInTime": -1.0,
      "FadeOutTime": -1.0,
      "Segments": [
        0,
        0,
        0,
        5.333,
        0
      ]
    },
    {
      "Target": "Parameter",
      "Id": "weidai6",
      "FadeInTime": -1.0,
      "FadeOutTime": -1.0,
      "Segments": [
        0,
        0,
        0,
        5.333,
        0
      ]
    },
    {
      "Target": "Parameter",
      "Id": "weidai7",
      "FadeInTime": -1.0,
      "FadeOutTime": -1.0,
      "Segments": [
        0,
        0,
        0,
        5.333,
        0
      ]
    },
    {
      "Target": "Parameter",
      "Id": "weidai8",
      "FadeInTime": -1.0,
      "FadeOutTime": -1.0,
      "Segments": [
        0,
        0,
        0,
        5.333,
        0
      ]
    },
    {
      "Target": "Parameter",
      "Id": "weidai9",
      "FadeInTime": -1.0,
      "FadeOutTime": -1.0,
      "Segments": [
        0,
        0,
        0,
        5.333,
        0
      ]
    },
    {
      "Target": "Parameter",
      "Id": "weidai10",
      "FadeInTime": -1.0,
      "FadeOutTime": -1.0,
      "Segments": [
        0,
        0,
        0,
        5.333,
        0
      ]
    },
    {
      "Target": "Parameter",
      "Id": "weidai11",
      "FadeInTime": -1.0,
      "FadeOutTime": -1.0,
      "Segments": [
        0,
        0,
        0,
        5.333,
        0
      ]
    },
    {
      "Target": "Parameter",
      "Id": "weidai12",
      "FadeInTime": -1.0,
      "FadeOutTime": -1.0,
      "Segments": [
        0,
        0,
        0,
        5.333,
        0
      ]
    },
    {
      "Target": "Parameter",
      "Id": "weidai13",
      "FadeInTime": -1.0,
      "FadeOutTime": -1.0,
      "Segments": [
        0,
        0,
        0,
        5.333,
        0
      ]
    },
    {
      "Target": "Parameter",
      "Id": "weidai14",
      "FadeInTime": -1.0,
      "FadeOutTime": -1.0,
      "Segments": [
        0,
        0,
        0,
        5.333,
        0
      ]
    },
    {
      "Target": "Parameter",
      "Id": "weidai15",
      "FadeInTime": -1.0,
      "FadeOutTime": -1.0,
      "Segments": [
        0,
        0,
        0,
        5.333,
        0
      ]
    },
    {
      "Target": "Parameter",
      "Id": "weidai16",
      "FadeInTime": -1.0,
      "FadeOutTime": -1.0,
      "Segments": [
        0,
        0,
        0,
        5.333,
        0
      ]
    },
    {
      "Target": "Parameter",
      "Id": "weidai17",
      "FadeInTime": -1.0,
      "FadeOutTime": -1.0,
      "Segments": [
        0,
        0,
        0,
        5.333,
        0
      ]
    },
    {
      "Target": "Parameter",
      "Id": "weidai18",
      "FadeInTime": -1.0,
      "FadeOutTime": -1.0,
      "Segments": [
        0,
        0,
        0,
        5.333,
        0
      ]
    },
    {
      "Target": "Parameter",
      "Id": "ParamBodyAngleY",
      "FadeInTime": -1.0,
      "FadeOutTime": -1.0,
      "Segments": [
        0,
        0,
        0,
        5.333,
        0
      ]
    },
    {
      "Target": "Parameter",
      "Id": "ParamBodyAngleZ2",
      "FadeInTime": -1.0,
      "FadeOutTime": -1.0,
      "Segments": [
        0,
        0,
        0,
        5.333,
        0
      ]
    },
    {
      "Target": "Parameter",
      "Id": "ParamBrowLY",
      "FadeInTime": -1.0,
      "FadeOutTime": -1.0,
      "Segments": [
        0,
        0,
        0,
        5.333,
        0
      ]
    },
    {
      "Target": "Parameter",
      "Id": "ParamBrowRY",
      "FadeInTime": -1.0,
      "FadeOutTime": -1.0,
      "Segments": [
        0,
        0,
        0,
        5.333,
        0
      ]
    },
    {
      "Target": "Parameter",
      "Id": "ParamBrowLX",
      "FadeInTime": -1.0,
      "FadeOutTime": -1.0,
      "Segments": [
        0,
        0,
        0,
        5.333,
        0
      ]
    },
    {
      "Target": "Parameter",
      "Id": "ParamBrowRX",
      "FadeInTime": -1.0,
      "FadeOutTime": -1.0,
      "Segments": [
        0,
        0,
        0,
        5.333,
        0
      ]
    },
    {
      "Target": "Parameter",
      "Id": "ParamCheek",
      "FadeInTime": -1.0,
      "FadeOutTime": -1.0,
      "Segments": [
        0,
        0,
        0,
        5.333,
        0
      ]
    },
    {
      "Target": "Parameter",
      "Id": "ParamBreath",
      "FadeInTime": -1.0,
      "FadeOutTime": -1.0,
      "Segments": [
        0,
        0,
        0,
        5.333,
        0
      ]
    },
    {
      "Target": "Parameter",
      "Id": "ParamHairFront",
      "FadeInTime": -1.0,
      "FadeOutTime": -1.0,
      "Segments": [
        0,
        0,
        0,
        5.333,
        0
      ]
    },
    {
      "Target": "Parameter",
      "Id": "ParamHairSide",
      "FadeInTime": -1.0,
      "FadeOutTime": -1.0,
      "Segments": [
        0,
        0,
        0,
        5.333,
        0
      ]
    },
    {
      "Target": "Parameter",
      "Id": "ParamHairBack",
      "FadeInTime": -1.0,
      "FadeOutTime": -1.0,
      "Segments": [
        0,
        0,
        0,
        5.333,
        0
      ]
    }
  ],
  "UserData": [
    {
      "Time": 0.0,
      "Value": ""
    }
  ]
}