{
  "Version": 3,
  "Meta": {
    "Duration": 3.55,
    "Fps": 60.0,
    "Loop": true,
    "AreBeziersRestricted": true,
    "FadeInTime": 0.0,
    "FadeOutTime": 0.0,
    "CurveCount": 273,
    "TotalSegmentCount": 772,
    "TotalPointCount": 888,
    "UserDataCount": 2,
    "TotalUserDataSize": 0
  },
  "Curves": [
    {
      "Target": "Parameter",
      "Id": "yichuqtk",
      "FadeInTime": -1.0,
      "FadeOutTime": -1.0,
      "Segments": [
        0,
        0,
        2,
        0.367,
        0,
        2,
        0.9,
        0,
        2,
        1.533,
        0,
        0,
        1.55,
        1,
        2,
        2.65,
        1,
        2,
        3.183,
        1,
        2,
        3.55,
        1
      ]
    },
    {
      "Target": "Parameter",
      "Id": "LxiongsdX",
      "FadeInTime": -1.0,
      "FadeOutTime": -1.0,
      "Segments": [
        0,
        0,
        2,
        0.367,
        0,
        2,
        0.933,
        0,
        0,
        1.217,
        2,
        0,
        1.467,
        -5,
        0,
        2,
        5,
        0,
        2.333,
        0,
        2,
        3.183,
        0,
        2,
        3.55,
        0
      ]
    },
    {
      "Target": "Parameter",
      "Id": "LxiongsdY",
      "FadeInTime": -1.0,
      "FadeOutTime": -1.0,
      "Segments": [
        0,
        0,
        2,
        0.367,
        0,
        2,
        0.933,
        0,
        0,
        1.217,
        -4,
        0,
        1.467,
        10,
        0,
        2,
        -6,
        0,
        2.333,
        0,
        2,
        3.183,
        0,
        2,
        3.55,
        0
      ]
    },
    {
      "Target": "Parameter",
      "Id": "RxiongsdX",
      "FadeInTime": -1.0,
      "FadeOutTime": -1.0,
      "Segments": [
        0,
        0,
        2,
        0.367,
        0,
        2,
        0.933,
        0,
        0,
        1.217,
        -3,
        0,
        1.467,
        5,
        0,
        2,
        -5,
        0,
        2.333,
        0,
        2,
        3.183,
        0,
        2,
        3.55,
        0
      ]
    },
    {
      "Target": "Parameter",
      "Id": "RxiongsdY",
      "FadeInTime": -1.0,
      "FadeOutTime": -1.0,
      "Segments": [
        0,
        0,
        2,
        0.367,
        0,
        2,
        0.933,
        0,
        0,
        1.217,
        -4,
        0,
        1.467,
        10,
        0,
        2,
        -6,
        0,
        2.333,
        0,
        2,
        3.183,
        0,
        2,
        3.55,
        0
      ]
    },
    {
      "Target": "Parameter",
      "Id": "sdxiong",
      "FadeInTime": -1.0,
      "FadeOutTime": -1.0,
      "Segments": [
        0,
        0,
        2,
        0.367,
        0,
        2,
        1.583,
        0,
        0,
        1.967,
        0.7,
        1,
        2.122,
        0.7,
        2.278,
        0.317,
        2.433,
        0.2,
        1,
        2.683,
        0.013,
        2.933,
        0,
        3.183,
        0,
        2,
        3.55,
        0
      ]
    },
    {
      "Target": "Parameter",
      "Id": "sdtwl",
      "FadeInTime": -1.0,
      "FadeOutTime": -1.0,
      "Segments": [
        0,
        0,
        2,
        0.367,
        0,
        2,
        1.583,
        0,
        0,
        1.967,
        0.7,
        1,
        2.122,
        0.7,
        2.278,
        0.317,
        2.433,
        0.2,
        1,
        2.683,
        0.013,
        2.933,
        0,
        3.183,
        0,
        2,
        3.55,
        0
      ]
    },
    {
      "Target": "Parameter",
      "Id": "sdweib",
      "FadeInTime": -1.0,
      "FadeOutTime": -1.0,
      "Segments": [
        0,
        0,
        2,
        0.367,
        0,
        0,
        1.267,
        0.548,
        0,
        3.183,
        0,
        2,
        3.55,
        0
      ]
    },
    {
      "Target": "Parameter",
      "Id": "shoudmaowl",
      "FadeInTime": -1.0,
      "FadeOutTime": -1.0,
      "Segments": [
        0,
        0,
        2,
        0.367,
        0,
        2,
        0.983,
        0,
        0,
        1.333,
        0.5,
        0,
        1.65,
        0,
        0,
        1.9,
        0.5,
        0,
        2.55,
        0,
        2,
        3.183,
        0,
        2,
        3.55,
        0
      ]
    },
    {
      "Target": "Parameter",
      "Id": "zhuanpxs",
      "FadeInTime": -1.0,
      "FadeOutTime": -1.0,
      "Segments": [
        0,
        1,
        2,
        0.367,
        1,
        2,
        1.217,
        1,
        2,
        1.35,
        1,
        0,
        1.683,
        0,
        2,
        1.95,
        0,
        2,
        2.183,
        0,
        2,
        3.183,
        0,
        2,
        3.55,
        0
      ]
    },
    {
      "Target": "Parameter",
      "Id": "zhubu",
      "FadeInTime": -1.0,
      "FadeOutTime": -1.0,
      "Segments": [
        0,
        0,
        2,
        0.367,
        0,
        2,
        1.217,
        0,
        0,
        1.35,
        1,
        2,
        1.95,
        1,
        2,
        2.183,
        1,
        2,
        3.183,
        1,
        2,
        3.55,
        1
      ]
    },
    {
      "Target": "Parameter",
      "Id": "zhuanpanY",
      "FadeInTime": -1.0,
      "FadeOutTime": -1.0,
      "Segments": [
        0,
        0,
        2,
        0.367,
        0,
        2,
        1.217,
        0,
        0,
        1.35,
        -8,
        2,
        1.683,
        -8,
        0,
        1.95,
        0,
        2,
        2.183,
        0,
        2,
        3.183,
        0,
        2,
        3.55,
        0
      ]
    },
    {
      "Target": "Parameter",
      "Id": "zhuobY",
      "FadeInTime": -1.0,
      "FadeOutTime": -1.0,
      "Segments": [
        0,
        0,
        2,
        0.367,
        0,
        0,
        1.333,
        -7.94,
        0,
        1.517,
        0.247,
        0,
        1.683,
        0,
        2,
        1.95,
        0,
        2,
        2.183,
        0,
        2,
        3.183,
        0,
        2,
        3.55,
        0
      ]
    },
    {
      "Target": "Parameter",
      "Id": "ztdaxiao",
      "FadeInTime": -1.0,
      "FadeOutTime": -1.0,
      "Segments": [
        0,
        0,
        2,
        0.367,
        0,
        2,
        1.45,
        0,
        0,
        1.95,
        1.86,
        2,
        3.183,
        1.86,
        2,
        3.55,
        1.86
      ]
    },
    {
      "Target": "Parameter",
      "Id": "zhengtiX",
      "FadeInTime": -1.0,
      "FadeOutTime": -1.0,
      "Segments": [
        0,
        0,
        2,
        0.367,
        0,
        2,
        1.45,
        0,
        0,
        1.95,
        -1.26,
        2,
        3.183,
        -1.26,
        2,
        3.55,
        -1.26
      ]
    },
    {
      "Target": "Parameter",
      "Id": "renwzY",
      "FadeInTime": -1.0,
      "FadeOutTime": -1.0,
      "Segments": [
        0,
        0,
        2,
        0.367,
        0,
        2,
        1.217,
        0,
        0,
        1.35,
        1.92,
        0,
        1.95,
        0,
        2,
        2.183,
        0,
        2,
        3.183,
        0,
        2,
        3.55,
        0
      ]
    },
    {
      "Target": "Parameter",
      "Id": "xiang1c",
      "FadeInTime": -1.0,
      "FadeOutTime": -1.0,
      "Segments": [
        0,
        0,
        2,
        0.367,
        0,
        2,
        1.95,
        0,
        2,
        2.183,
        0,
        0,
        2.517,
        10,
        2,
        3.183,
        10,
        2,
        3.55,
        10
      ]
    },
    {
      "Target": "Parameter",
      "Id": "xiang1c2",
      "FadeInTime": -1.0,
      "FadeOutTime": -1.0,
      "Segments": [
        0,
        0,
        2,
        0.367,
        0,
        2,
        1.95,
        0,
        2,
        2.183,
        0,
        2,
        2.517,
        0,
        0,
        2.85,
        10,
        2,
        3.183,
        10,
        2,
        3.55,
        10
      ]
    },
    {
      "Target": "Parameter",
      "Id": "xiang1c3",
      "FadeInTime": -1.0,
      "FadeOutTime": -1.0,
      "Segments": [
        0,
        0,
        2,
        0.367,
        0,
        2,
        1.95,
        0,
        2,
        2.183,
        0,
        2,
        2.85,
        0,
        0,
        3.183,
        10,
        2,
        3.55,
        10
      ]
    },
    {
      "Target": "Parameter",
      "Id": "shouopaixs",
      "FadeInTime": -1.0,
      "FadeOutTime": -1.0,
      "Segments": [
        0,
        1,
        2,
        0.367,
        1,
        2,
        1.217,
        1,
        0,
        1.35,
        0,
        2,
        3.183,
        0,
        2,
        3.55,
        0
      ]
    },
    {
      "Target": "Parameter",
      "Id": "zhuorenX",
      "FadeInTime": -1.0,
      "FadeOutTime": -1.0,
      "Segments": [
        0,
        0,
        2,
        0.367,
        0,
        0,
        0.917,
        -0.44,
        0,
        1.217,
        0.7,
        1,
        1.261,
        0.7,
        1.306,
        0.708,
        1.35,
        0.54,
        1,
        1.45,
        0.162,
        1.55,
        -0.22,
        1.65,
        -0.22,
        0,
        1.95,
        0,
        2,
        2.183,
        0,
        2,
        3.183,
        0,
        2,
        3.55,
        0
      ]
    },
    {
      "Target": "Parameter",
      "Id": "zhuorenY",
      "FadeInTime": -1.0,
      "FadeOutTime": -1.0,
      "Segments": [
        0,
        0,
        2,
        0.367,
        0,
        0,
        0.917,
        -1.58,
        1,
        1.017,
        -1.58,
        1.117,
        -0.902,
        1.217,
        1.36,
        1,
        1.261,
        2.365,
        1.306,
        3.7,
        1.35,
        3.7,
        0,
        1.95,
        -0.74,
        0,
        2.167,
        0.16,
        0,
        2.35,
        0,
        2,
        3.183,
        0,
        2,
        3.55,
        0
      ]
    },
    {
      "Target": "Parameter",
      "Id": "zhuorenxz",
      "FadeInTime": -1.0,
      "FadeOutTime": -1.0,
      "Segments": [
        0,
        0,
        2,
        0.367,
        0,
        1,
        0.55,
        0,
        0.734,
        -0.334,
        0.917,
        -1.62,
        1,
        1.017,
        -2.321,
        1.117,
        -3.24,
        1.217,
        -3.24,
        1,
        1.261,
        -3.24,
        1.306,
        -2.803,
        1.35,
        -2.44,
        1,
        1.439,
        -1.714,
        1.528,
        -1.182,
        1.617,
        -0.56,
        1,
        1.728,
        0.218,
        1.839,
        0.6,
        1.95,
        0.6,
        0,
        2.183,
        -0.356,
        0,
        2.35,
        0,
        2,
        3.183,
        0,
        2,
        3.55,
        0
      ]
    },
    {
      "Target": "Parameter",
      "Id": "ParamBrowLForm",
      "FadeInTime": -1.0,
      "FadeOutTime": -1.0,
      "Segments": [
        0,
        0,
        2,
        0.367,
        0,
        2,
        0.933,
        0,
        0,
        1.1,
        1,
        2,
        1.95,
        1,
        0,
        2.183,
        0,
        2,
        3.183,
        0,
        2,
        3.55,
        0
      ]
    },
    {
      "Target": "Parameter",
      "Id": "ParamBrowRForm",
      "FadeInTime": -1.0,
      "FadeOutTime": -1.0,
      "Segments": [
        0,
        0,
        2,
        0.367,
        0,
        2,
        0.933,
        0,
        0,
        1.1,
        1,
        2,
        1.95,
        1,
        0,
        2.183,
        0,
        2,
        3.183,
        0,
        2,
        3.55,
        0
      ]
    },
    {
      "Target": "Parameter",
      "Id": "ParamMouthForm",
      "FadeInTime": -1.0,
      "FadeOutTime": -1.0,
      "Segments": [
        0,
        0,
        2,
        0.367,
        0,
        2,
        0.933,
        0,
        0,
        1.1,
        -1,
        2,
        1.35,
        -1,
        2,
        1.95,
        -1,
        0,
        2.183,
        0,
        2,
        3.183,
        0,
        2,
        3.55,
        0
      ]
    },
    {
      "Target": "Parameter",
      "Id": "ParamAngleX",
      "FadeInTime": -1.0,
      "FadeOutTime": -1.0,
      "Segments": [
        0,
        0,
        2,
        0.367,
        0,
        0,
        0.917,
        -15,
        2,
        1.217,
        -15,
        0,
        1.35,
        -1.279,
        1,
        1.45,
        -1.279,
        1.55,
        -2.168,
        1.65,
        -7.989,
        1,
        1.75,
        -13.81,
        1.85,
        -21,
        1.95,
        -21,
        0,
        2.183,
        -14.7,
        2,
        2.433,
        -14.7,
        2,
        3.183,
        -14.7,
        2,
        3.55,
        -14.7
      ]
    },
    {
      "Target": "Parameter",
      "Id": "ParamAngleY",
      "FadeInTime": -1.0,
      "FadeOutTime": -1.0,
      "Segments": [
        0,
        0,
        2,
        0.367,
        0,
        0,
        0.917,
        15,
        2,
        1.217,
        15,
        0,
        1.35,
        0.531,
        0,
        1.65,
        3.315,
        0,
        1.95,
        -4,
        0,
        2.183,
        6.1,
        2,
        2.433,
        6.1,
        2,
        3.183,
        6.1,
        2,
        3.55,
        6.1
      ]
    },
    {
      "Target": "Parameter",
      "Id": "touxz",
      "FadeInTime": -1.0,
      "FadeOutTime": -1.0,
      "Segments": [
        0,
        0,
        2,
        0.367,
        0,
        0,
        0.917,
        0.34,
        2,
        1.217,
        0.34,
        1,
        1.261,
        0.34,
        1.306,
        0.112,
        1.35,
        0.844,
        1,
        1.45,
        2.49,
        1.55,
        6.249,
        1.65,
        6.249,
        0,
        1.95,
        5.84,
        0,
        2.183,
        9.7,
        2,
        2.433,
        9.7,
        2,
        3.183,
        9.7,
        2,
        3.55,
        9.7
      ]
    },
    {
      "Target": "Parameter",
      "Id": "ParamAngleZ",
      "FadeInTime": -1.0,
      "FadeOutTime": -1.0,
      "Segments": [
        0,
        0,
        2,
        0.367,
        0,
        0,
        0.917,
        -7.26,
        2,
        1.217,
        -7.26,
        1,
        1.261,
        -7.26,
        1.306,
        -1.411,
        1.35,
        0.696,
        1,
        1.45,
        5.437,
        1.55,
        6.451,
        1.65,
        6.451,
        0,
        1.95,
        3.32,
        0,
        2.183,
        10.4,
        0,
        2.433,
        8,
        2,
        3.183,
        8,
        2,
        3.55,
        8
      ]
    },
    {
      "Target": "Parameter",
      "Id": "toushiZ",
      "FadeInTime": -1.0,
      "FadeOutTime": -1.0,
      "Segments": [
        0,
        0,
        2,
        0.367,
        0,
        1,
        0.55,
        0,
        0.734,
        -5.583,
        0.917,
        -8,
        1,
        1.017,
        -9.319,
        1.117,
        -9,
        1.217,
        -9,
        0,
        1.35,
        -2,
        0,
        1.65,
        -7,
        0,
        1.95,
        -2,
        0,
        2.183,
        -4,
        0,
        2.433,
        -2,
        2,
        3.183,
        -2,
        2,
        3.55,
        -2
      ]
    },
    {
      "Target": "Parameter",
      "Id": "ParamBodyAngleX2",
      "FadeInTime": -1.0,
      "FadeOutTime": -1.0,
      "Segments": [
        0,
        0,
        2,
        0.367,
        0,
        0,
        0.917,
        -0.5,
        2,
        1.217,
        -0.5,
        1,
        1.261,
        -0.5,
        1.306,
        -2.432,
        1.35,
        -2.71,
        1,
        1.45,
        -3.336,
        1.55,
        -3.277,
        1.65,
        -4.096,
        1,
        1.75,
        -4.915,
        1.85,
        -10,
        1.95,
        -10,
        2,
        2.183,
        -10,
        2,
        2.433,
        -10,
        2,
        3.183,
        -10,
        2,
        3.55,
        -10
      ]
    },
    {
      "Target": "Parameter",
      "Id": "ParamBodyAngleYB",
      "FadeInTime": -1.0,
      "FadeOutTime": -1.0,
      "Segments": [
        0,
        0,
        2,
        0.367,
        0,
        2,
        0.917,
        0,
        2,
        1.217,
        0,
        1,
        1.261,
        0,
        1.306,
        0.008,
        1.35,
        0.087,
        1,
        1.45,
        0.265,
        1.55,
        0.531,
        1.65,
        0.727,
        1,
        1.75,
        0.923,
        1.85,
        1,
        1.95,
        1,
        2,
        2.183,
        1,
        2,
        2.433,
        1,
        2,
        3.183,
        1,
        2,
        3.55,
        1
      ]
    },
    {
      "Target": "Parameter",
      "Id": "stsxz",
      "FadeInTime": -1.0,
      "FadeOutTime": -1.0,
      "Segments": [
        0,
        0,
        2,
        0.367,
        0,
        1,
        0.55,
        0,
        0.734,
        -0.026,
        0.917,
        -0.34,
        1,
        1.017,
        -0.511,
        1.117,
        -1.22,
        1.217,
        -1.22,
        1,
        1.261,
        -1.22,
        1.306,
        0.468,
        1.35,
        1.57,
        1,
        1.45,
        4.049,
        1.55,
        7.077,
        1.65,
        7.9,
        1,
        1.75,
        8.723,
        1.85,
        8.942,
        1.95,
        9.44,
        1,
        2.028,
        9.827,
        2.105,
        10,
        2.183,
        10,
        2,
        2.433,
        10,
        2,
        3.183,
        10,
        2,
        3.55,
        10
      ]
    },
    {
      "Target": "Parameter",
      "Id": "ParamBodyAngleZ",
      "FadeInTime": -1.0,
      "FadeOutTime": -1.0,
      "Segments": [
        0,
        0,
        2,
        0.367,
        0,
        0,
        0.917,
        -0.72,
        2,
        1.217,
        -0.72,
        1,
        1.261,
        -0.72,
        1.306,
        2.797,
        1.35,
        3,
        1,
        1.45,
        3.456,
        1.55,
        3.759,
        1.65,
        3.976,
        1,
        1.75,
        4.193,
        1.85,
        4.22,
        1.95,
        4.22,
        2,
        2.183,
        4.22,
        2,
        2.433,
        4.22,
        2,
        3.183,
        4.22,
        2,
        3.55,
        4.22
      ]
    },
    {
      "Target": "Parameter",
      "Id": "renjd",
      "FadeInTime": -1.0,
      "FadeOutTime": -1.0,
      "Segments": [
        0,
        0,
        2,
        0.367,
        0,
        2,
        0.917,
        0,
        2,
        1.217,
        0,
        1,
        1.261,
        0,
        1.306,
        -1.452,
        1.35,
        -2.781,
        1,
        1.45,
        -5.772,
        1.55,
        -8.698,
        1.65,
        -10.777,
        1,
        1.75,
        -12.856,
        1.85,
        -13.34,
        1.95,
        -13.34,
        2,
        2.183,
        -13.34,
        2,
        2.433,
        -13.34,
        2,
        3.183,
        -13.34,
        2,
        3.55,
        -13.34
      ]
    },
    {
      "Target": "Parameter",
      "Id": "weidai1",
      "FadeInTime": -1.0,
      "FadeOutTime": -1.0,
      "Segments": [
        0,
        0,
        2,
        0.367,
        0,
        2,
        0.917,
        0,
        2,
        1.217,
        0,
        0,
        1.65,
        10,
        2,
        1.95,
        10,
        2,
        2.183,
        10,
        2,
        2.433,
        10,
        2,
        3.183,
        10,
        2,
        3.55,
        10
      ]
    },
    {
      "Target": "Parameter",
      "Id": "weidaixs",
      "FadeInTime": -1.0,
      "FadeOutTime": -1.0,
      "Segments": [
        0,
        0,
        2,
        0.367,
        0,
        2,
        0.917,
        0,
        2,
        1.217,
        0,
        2,
        1.35,
        0,
        0,
        1.65,
        1,
        2,
        2.183,
        1,
        2,
        2.433,
        1,
        2,
        3.183,
        1,
        2,
        3.55,
        1
      ]
    },
    {
      "Target": "Parameter",
      "Id": "shentixiaX",
      "FadeInTime": -1.0,
      "FadeOutTime": -1.0,
      "Segments": [
        0,
        0,
        2,
        0.367,
        0,
        2,
        0.917,
        0,
        2,
        1.217,
        0,
        1,
        1.261,
        0,
        1.306,
        -0.078,
        1.35,
        -0.87,
        1,
        1.45,
        -2.651,
        1.55,
        -5.297,
        1.65,
        -7.263,
        1,
        1.75,
        -9.229,
        1.85,
        -10,
        1.95,
        -10,
        2,
        2.183,
        -10,
        2,
        2.433,
        -10,
        2,
        3.183,
        -10,
        2,
        3.55,
        -10
      ]
    },
    {
      "Target": "Parameter",
      "Id": "yanweitz",
      "FadeInTime": -1.0,
      "FadeOutTime": -1.0,
      "Segments": [
        0,
        0,
        2,
        0.367,
        0,
        2,
        0.917,
        0,
        2,
        1.217,
        0,
        1,
        1.261,
        0,
        1.306,
        4.515,
        1.35,
        6,
        1,
        1.45,
        9.341,
        1.55,
        10,
        1.65,
        10,
        2,
        1.95,
        10,
        2,
        2.183,
        10,
        2,
        2.433,
        10,
        2,
        3.183,
        10,
        2,
        3.55,
        10
      ]
    },
    {
      "Target": "Parameter",
      "Id": "lnaicj",
      "FadeInTime": -1.0,
      "FadeOutTime": -1.0,
      "Segments": [
        0,
        0,
        2,
        0.367,
        0,
        2,
        1.65,
        0,
        0,
        1.95,
        -10,
        2,
        3.183,
        -10,
        2,
        3.55,
        -10
      ]
    },
    {
      "Target": "Parameter",
      "Id": "Rjiansx",
      "FadeInTime": -1.0,
      "FadeOutTime": -1.0,
      "Segments": [
        0,
        0,
        2,
        0.367,
        0,
        1,
        0.65,
        0,
        0.934,
        5.51,
        1.217,
        8,
        1,
        1.461,
        10,
        1.706,
        10,
        1.95,
        10,
        2,
        2.183,
        10,
        2,
        3.183,
        10,
        2,
        3.55,
        10
      ]
    },
    {
      "Target": "Parameter",
      "Id": "Rsbxz",
      "FadeInTime": -1.0,
      "FadeOutTime": -1.0,
      "Segments": [
        0,
        0,
        2,
        0.367,
        0,
        1,
        0.65,
        0,
        0.934,
        0.033,
        1.217,
        -0.18,
        1,
        1.461,
        -0.364,
        1.706,
        -2.84,
        1.95,
        -2.84,
        2,
        2.183,
        -2.84,
        2,
        3.183,
        -2.84,
        2,
        3.55,
        -2.84
      ]
    },
    {
      "Target": "Parameter",
      "Id": "Rxiaobixz",
      "FadeInTime": -1.0,
      "FadeOutTime": -1.0,
      "Segments": [
        0,
        0,
        2,
        0.367,
        0,
        1,
        0.65,
        0,
        0.934,
        0.045,
        1.217,
        -0.3,
        1,
        1.461,
        -0.598,
        1.706,
        -3.12,
        1.95,
        -3.12,
        2,
        2.183,
        -3.12,
        2,
        3.183,
        -3.12,
        2,
        3.55,
        -3.12
      ]
    },
    {
      "Target": "Parameter",
      "Id": "Rshouxz",
      "FadeInTime": -1.0,
      "FadeOutTime": -1.0,
      "Segments": [
        0,
        0,
        2,
        0.367,
        0,
        2,
        1.217,
        0,
        0,
        1.95,
        0.78,
        2,
        2.183,
        0.78,
        2,
        3.183,
        0.78,
        2,
        3.55,
        0.78
      ]
    },
    {
      "Target": "Parameter",
      "Id": "Rshangbicj",
      "FadeInTime": -1.0,
      "FadeOutTime": -1.0,
      "Segments": [
        0,
        0,
        2,
        0.367,
        0,
        2,
        1.217,
        0,
        0,
        1.95,
        -1.41,
        2,
        2.183,
        -1.41,
        2,
        3.183,
        -1.41,
        2,
        3.55,
        -1.41
      ]
    },
    {
      "Target": "Parameter",
      "Id": "Rshoudh",
      "FadeInTime": -1.0,
      "FadeOutTime": -1.0,
      "Segments": [
        0,
        0,
        2,
        0.367,
        0,
        2,
        1.217,
        0,
        0,
        1.95,
        4,
        2,
        2.183,
        4,
        2,
        3.183,
        4,
        2,
        3.55,
        4
      ]
    },
    {
      "Target": "Parameter",
      "Id": "Rshizhi",
      "FadeInTime": -1.0,
      "FadeOutTime": -1.0,
      "Segments": [
        0,
        0,
        2,
        0.367,
        0,
        2,
        1.217,
        0,
        0,
        1.95,
        3,
        2,
        2.183,
        3,
        2,
        3.183,
        3,
        2,
        3.55,
        3
      ]
    },
    {
      "Target": "Parameter",
      "Id": "Rzhongz",
      "FadeInTime": -1.0,
      "FadeOutTime": -1.0,
      "Segments": [
        0,
        0,
        2,
        0.367,
        0,
        2,
        1.217,
        0,
        0,
        1.95,
        5,
        2,
        2.183,
        5,
        2,
        3.183,
        5,
        2,
        3.55,
        5
      ]
    },
    {
      "Target": "Parameter",
      "Id": "Param3",
      "FadeInTime": -1.0,
      "FadeOutTime": -1.0,
      "Segments": [
        0,
        0,
        2,
        0.367,
        0,
        2,
        1.217,
        0,
        0,
        1.95,
        7,
        2,
        2.183,
        7,
        2,
        3.183,
        7,
        2,
        3.55,
        7
      ]
    },
    {
      "Target": "Parameter",
      "Id": "lshangbxz",
      "FadeInTime": -1.0,
      "FadeOutTime": -1.0,
      "Segments": [
        0,
        0,
        2,
        0.367,
        0,
        2,
        1.217,
        0,
        0,
        1.35,
        5.52,
        1,
        1.45,
        5.52,
        1.55,
        4.268,
        1.65,
        1.31,
        1,
        1.75,
        -1.648,
        1.85,
        -3.38,
        1.95,
        -3.38,
        2,
        2.183,
        -3.38,
        2,
        3.183,
        -3.38,
        2,
        3.55,
        -3.38
      ]
    },
    {
      "Target": "Parameter",
      "Id": "Lxiaobixz",
      "FadeInTime": -1.0,
      "FadeOutTime": -1.0,
      "Segments": [
        0,
        0,
        2,
        0.367,
        0,
        2,
        1.217,
        0,
        1,
        1.261,
        0,
        1.306,
        3.111,
        1.35,
        3.546,
        1,
        1.45,
        4.525,
        1.55,
        5.227,
        1.65,
        5.72,
        1,
        1.75,
        6.213,
        1.85,
        6.28,
        1.95,
        6.28,
        2,
        2.183,
        6.28,
        2,
        3.183,
        6.28,
        2,
        3.55,
        6.28
      ]
    },
    {
      "Target": "Parameter",
      "Id": "Lshouxz",
      "FadeInTime": -1.0,
      "FadeOutTime": -1.0,
      "Segments": [
        0,
        0,
        2,
        0.367,
        0,
        2,
        1.217,
        0,
        1,
        1.261,
        0,
        1.306,
        2.223,
        1.35,
        3,
        1,
        1.45,
        4.749,
        1.55,
        4.845,
        1.65,
        7.16,
        1,
        1.75,
        9.475,
        1.85,
        20.36,
        1.95,
        20.36,
        2,
        2.183,
        20.36,
        2,
        3.183,
        20.36,
        2,
        3.55,
        20.36
      ]
    },
    {
      "Target": "Parameter",
      "Id": "LsahngbuiY",
      "FadeInTime": -1.0,
      "FadeOutTime": -1.0,
      "Segments": [
        0,
        0,
        2,
        0.367,
        0,
        2,
        1.217,
        0,
        0,
        1.95,
        -6.06,
        2,
        2.183,
        -6.06,
        2,
        3.183,
        -6.06,
        2,
        3.55,
        -6.06
      ]
    },
    {
      "Target": "Parameter",
      "Id": "Lxiaobcj",
      "FadeInTime": -1.0,
      "FadeOutTime": -1.0,
      "Segments": [
        0,
        0,
        2,
        0.367,
        0,
        2,
        1.217,
        0,
        0,
        1.35,
        -10,
        2,
        1.95,
        -10,
        2,
        2.183,
        -10,
        2,
        3.183,
        -10,
        2,
        3.55,
        -10
      ]
    },
    {
      "Target": "Parameter",
      "Id": "Lmzsz",
      "FadeInTime": -1.0,
      "FadeOutTime": -1.0,
      "Segments": [
        0,
        0,
        2,
        0.367,
        0,
        2,
        1.217,
        0,
        2,
        1.65,
        0,
        0,
        1.95,
        1,
        2,
        2.183,
        1,
        2,
        3.183,
        1,
        2,
        3.55,
        1
      ]
    },
    {
      "Target": "Parameter",
      "Id": "Lmoshou",
      "FadeInTime": -1.0,
      "FadeOutTime": -1.0,
      "Segments": [
        0,
        1,
        2,
        0.367,
        1,
        2,
        1.217,
        1,
        2,
        1.617,
        1,
        0,
        1.633,
        0,
        2,
        1.95,
        0,
        2,
        2.183,
        0,
        2,
        3.183,
        0,
        2,
        3.55,
        0
      ]
    },
    {
      "Target": "Parameter",
      "Id": "Lmohuishouxiu",
      "FadeInTime": -1.0,
      "FadeOutTime": -1.0,
      "Segments": [
        0,
        0,
        2,
        0.367,
        0,
        2,
        1.217,
        0,
        2,
        1.617,
        0,
        0,
        1.633,
        -1,
        2,
        1.95,
        -1,
        2,
        2.183,
        -1,
        2,
        3.183,
        -1,
        2,
        3.55,
        -1
      ]
    },
    {
      "Target": "Parameter",
      "Id": "Lbeishou",
      "FadeInTime": -1.0,
      "FadeOutTime": -1.0,
      "Segments": [
        0,
        0,
        2,
        0.367,
        0,
        2,
        1.217,
        0,
        0,
        1.95,
        0.003,
        2,
        2.183,
        0.003,
        2,
        3.183,
        0.003,
        2,
        3.55,
        0.003
      ]
    },
    {
      "Target": "Parameter",
      "Id": "Lmotuis",
      "FadeInTime": -1.0,
      "FadeOutTime": -1.0,
      "Segments": [
        0,
        0,
        2,
        0.367,
        0,
        2,
        1.617,
        0,
        0,
        1.633,
        1,
        2,
        2.183,
        1,
        2,
        3.183,
        1,
        2,
        3.55,
        1
      ]
    },
    {
      "Target": "Parameter",
      "Id": "Lshoudh",
      "FadeInTime": -1.0,
      "FadeOutTime": -1.0,
      "Segments": [
        0,
        -10,
        2,
        0.367,
        -10,
        0,
        1.217,
        0,
        2,
        1.95,
        0,
        2,
        2.183,
        0,
        2,
        3.183,
        0,
        2,
        3.55,
        0
      ]
    },
    {
      "Target": "Parameter",
      "Id": "Lmuzhi",
      "FadeInTime": -1.0,
      "FadeOutTime": -1.0,
      "Segments": [
        0,
        0,
        2,
        0.367,
        0,
        2,
        1.217,
        0,
        0,
        1.95,
        10,
        2,
        2.183,
        10,
        2,
        3.183,
        10,
        2,
        3.55,
        10
      ]
    },
    {
      "Target": "Parameter",
      "Id": "Lzhongzhi",
      "FadeInTime": -1.0,
      "FadeOutTime": -1.0,
      "Segments": [
        0,
        -10,
        2,
        0.367,
        -10,
        0,
        1.217,
        0,
        2,
        1.95,
        0,
        2,
        2.183,
        0,
        2,
        3.183,
        0,
        2,
        3.55,
        0
      ]
    },
    {
      "Target": "Parameter",
      "Id": "Lmoshouz",
      "FadeInTime": -1.0,
      "FadeOutTime": -1.0,
      "Segments": [
        0,
        1,
        2,
        0.367,
        1,
        0,
        3.183,
        0,
        2,
        3.55,
        0
      ]
    },
    {
      "Target": "Parameter",
      "Id": "Ldatuixz",
      "FadeInTime": -1.0,
      "FadeOutTime": -1.0,
      "Segments": [
        0,
        0,
        2,
        0.367,
        0,
        2,
        1.217,
        0,
        0,
        1.35,
        6,
        0,
        1.95,
        -12.38,
        2,
        2.183,
        -12.38,
        2,
        3.183,
        -12.38,
        2,
        3.55,
        -12.38
      ]
    },
    {
      "Target": "Parameter",
      "Id": "Lxiaotuixz",
      "FadeInTime": -1.0,
      "FadeOutTime": -1.0,
      "Segments": [
        0,
        0,
        2,
        0.367,
        0,
        2,
        1.217,
        0,
        0,
        1.35,
        -4.029,
        0,
        1.95,
        8.86,
        2,
        2.183,
        8.86,
        2,
        3.183,
        8.86,
        2,
        3.55,
        8.86
      ]
    },
    {
      "Target": "Parameter",
      "Id": "Ljiaoxz",
      "FadeInTime": -1.0,
      "FadeOutTime": -1.0,
      "Segments": [
        0,
        0,
        2,
        0.367,
        0,
        2,
        1.217,
        0,
        0,
        1.95,
        5.96,
        2,
        2.183,
        5.96,
        2,
        3.183,
        5.96,
        2,
        3.55,
        5.96
      ]
    },
    {
      "Target": "Parameter",
      "Id": "LdatuiY",
      "FadeInTime": -1.0,
      "FadeOutTime": -1.0,
      "Segments": [
        0,
        0,
        2,
        0.367,
        0,
        2,
        1.217,
        0,
        0,
        1.95,
        4,
        2,
        2.183,
        4,
        2,
        3.183,
        4,
        2,
        3.55,
        4
      ]
    },
    {
      "Target": "Parameter",
      "Id": "LxiaotuiY",
      "FadeInTime": -1.0,
      "FadeOutTime": -1.0,
      "Segments": [
        0,
        0,
        2,
        0.367,
        0,
        2,
        1.217,
        0,
        0,
        1.35,
        -4,
        0,
        1.95,
        -1.34,
        2,
        2.183,
        -1.34,
        2,
        3.183,
        -1.34,
        2,
        3.55,
        -1.34
      ]
    },
    {
      "Target": "Parameter",
      "Id": "Ldatuian",
      "FadeInTime": -1.0,
      "FadeOutTime": -1.0,
      "Segments": [
        0,
        0,
        2,
        0.367,
        0,
        2,
        1.217,
        0,
        0,
        1.95,
        1,
        2,
        2.183,
        1,
        2,
        3.183,
        1,
        2,
        3.55,
        1
      ]
    },
    {
      "Target": "Parameter",
      "Id": "Rdatuixz",
      "FadeInTime": -1.0,
      "FadeOutTime": -1.0,
      "Segments": [
        0,
        0,
        2,
        0.367,
        0,
        2,
        1.217,
        0,
        0,
        1.35,
        5,
        0,
        1.95,
        -15.46,
        2,
        2.183,
        -15.46,
        2,
        3.183,
        -15.46,
        2,
        3.55,
        -15.46
      ]
    },
    {
      "Target": "Parameter",
      "Id": "Rxiaotuixz",
      "FadeInTime": -1.0,
      "FadeOutTime": -1.0,
      "Segments": [
        0,
        0,
        2,
        0.367,
        0,
        2,
        1.217,
        0,
        0,
        1.35,
        -7.391,
        0,
        1.95,
        14.36,
        2,
        2.183,
        14.36,
        2,
        3.183,
        14.36,
        2,
        3.55,
        14.36
      ]
    },
    {
      "Target": "Parameter",
      "Id": "Rjiaoxz",
      "FadeInTime": -1.0,
      "FadeOutTime": -1.0,
      "Segments": [
        0,
        0,
        2,
        0.367,
        0,
        2,
        1.217,
        0,
        0,
        1.95,
        6.54,
        2,
        2.183,
        6.54,
        2,
        3.183,
        6.54,
        2,
        3.55,
        6.54
      ]
    },
    {
      "Target": "Parameter",
      "Id": "RdatuiY",
      "FadeInTime": -1.0,
      "FadeOutTime": -1.0,
      "Segments": [
        0,
        0,
        2,
        0.367,
        0,
        2,
        1.217,
        0,
        0,
        1.35,
        -1,
        0,
        1.95,
        0,
        2,
        2.183,
        0,
        2,
        3.183,
        0,
        2,
        3.55,
        0
      ]
    },
    {
      "Target": "Parameter",
      "Id": "RxiaotuiY",
      "FadeInTime": -1.0,
      "FadeOutTime": -1.0,
      "Segments": [
        0,
        0,
        2,
        0.367,
        0,
        2,
        1.217,
        0,
        0,
        1.35,
        -6,
        0,
        1.95,
        -2,
        2,
        2.183,
        -2,
        2,
        3.183,
        -2,
        2,
        3.55,
        -2
      ]
    },
    {
      "Target": "Parameter",
      "Id": "Rtuicj",
      "FadeInTime": -1.0,
      "FadeOutTime": -1.0,
      "Segments": [
        0,
        0,
        2,
        0.367,
        0,
        2,
        1.217,
        0,
        0,
        1.95,
        -10,
        2,
        2.183,
        -10,
        2,
        3.183,
        -10,
        2,
        3.55,
        -10
      ]
    },
    {
      "Target": "Parameter",
      "Id": "piaomaox",
      "FadeInTime": -1.0,
      "FadeOutTime": -1.0,
      "Segments": [
        0,
        0,
        2,
        0.367,
        0,
        2,
        1.217,
        0,
        0,
        1.95,
        -1.621,
        2,
        2.183,
        -1.621,
        2,
        3.183,
        -1.621,
        2,
        3.55,
        -1.621
      ]
    },
    {
      "Target": "Parameter",
      "Id": "piaomaoY",
      "FadeInTime": -1.0,
      "FadeOutTime": -1.0,
      "Segments": [
        0,
        0,
        2,
        0.367,
        0,
        2,
        1.217,
        0,
        0,
        1.95,
        -0.343,
        2,
        2.183,
        -0.343,
        2,
        3.183,
        -0.343,
        2,
        3.55,
        -0.343
      ]
    },
    {
      "Target": "Parameter",
      "Id": "piaomaozhuna",
      "FadeInTime": -1.0,
      "FadeOutTime": -1.0,
      "Segments": [
        0,
        0,
        2,
        0.367,
        0,
        2,
        1.217,
        0,
        0,
        1.95,
        -5.215,
        2,
        2.183,
        -5.215,
        2,
        3.183,
        -5.215,
        2,
        3.55,
        -5.215
      ]
    },
    {
      "Target": "Parameter",
      "Id": "hfmying",
      "FadeInTime": -1.0,
      "FadeOutTime": -1.0,
      "Segments": [
        0,
        1,
        2,
        0.367,
        1,
        2,
        1.217,
        1,
        0,
        1.95,
        0,
        2,
        2.183,
        0,
        2,
        3.183,
        0,
        2,
        3.55,
        0
      ]
    },
    {
      "Target": "Parameter",
      "Id": "tangzshouk",
      "FadeInTime": -1.0,
      "FadeOutTime": -1.0,
      "Segments": [
        0,
        0,
        0,
        3.55,
        0
      ]
    },
    {
      "Target": "Parameter",
      "Id": "zuodaijik",
      "FadeInTime": -1.0,
      "FadeOutTime": -1.0,
      "Segments": [
        0,
        0,
        0,
        3.55,
        0
      ]
    },
    {
      "Target": "Parameter",
      "Id": "tanglfyk",
      "FadeInTime": -1.0,
      "FadeOutTime": -1.0,
      "Segments": [
        0,
        0,
        0,
        3.55,
        0
      ]
    },
    {
      "Target": "Parameter",
      "Id": "podkwz",
      "FadeInTime": -1.0,
      "FadeOutTime": -1.0,
      "Segments": [
        0,
        0,
        0,
        3.55,
        0
      ]
    },
    {
      "Target": "Parameter",
      "Id": "touch_drag5",
      "FadeInTime": -1.0,
      "FadeOutTime": -1.0,
      "Segments": [
        0,
        0,
        0,
        3.55,
        0
      ]
    },
    {
      "Target": "Parameter",
      "Id": "xxxxxx31",
      "FadeInTime": -1.0,
      "FadeOutTime": -1.0,
      "Segments": [
        0,
        0,
        0,
        3.55,
        0
      ]
    },
    {
      "Target": "Parameter",
      "Id": "xxxxxx35",
      "FadeInTime": -1.0,
      "FadeOutTime": -1.0,
      "Segments": [
        0,
        0,
        0,
        3.55,
        0
      ]
    },
    {
      "Target": "Parameter",
      "Id": "heikuang",
      "FadeInTime": -1.0,
      "FadeOutTime": -1.0,
      "Segments": [
        0,
        0,
        0,
        3.55,
        0
      ]
    },
    {
      "Target": "Parameter",
      "Id": "baiping",
      "FadeInTime": -1.0,
      "FadeOutTime": -1.0,
      "Segments": [
        0,
        0,
        0,
        3.55,
        0
      ]
    },
    {
      "Target": "Parameter",
      "Id": "fenfenw",
      "FadeInTime": -1.0,
      "FadeOutTime": -1.0,
      "Segments": [
        0,
        0,
        0,
        3.55,
        0
      ]
    },
    {
      "Target": "Parameter",
      "Id": "fenfenw2",
      "FadeInTime": -1.0,
      "FadeOutTime": -1.0,
      "Segments": [
        0,
        0,
        0,
        3.55,
        0
      ]
    },
    {
      "Target": "Parameter",
      "Id": "zhuanpaik",
      "FadeInTime": -1.0,
      "FadeOutTime": -1.0,
      "Segments": [
        0,
        0,
        0,
        3.55,
        0
      ]
    },
    {
      "Target": "Parameter",
      "Id": "dengzhuanp",
      "FadeInTime": -1.0,
      "FadeOutTime": -1.0,
      "Segments": [
        0,
        0,
        0,
        3.55,
        0
      ]
    },
    {
      "Target": "Parameter",
      "Id": "dengbj",
      "FadeInTime": -1.0,
      "FadeOutTime": -1.0,
      "Segments": [
        0,
        0,
        0,
        3.55,
        0
      ]
    },
    {
      "Target": "Parameter",
      "Id": "xxxxxx25",
      "FadeInTime": -1.0,
      "FadeOutTime": -1.0,
      "Segments": [
        0,
        0,
        0,
        3.55,
        0
      ]
    },
    {
      "Target": "Parameter",
      "Id": "qianjingpai",
      "FadeInTime": -1.0,
      "FadeOutTime": -1.0,
      "Segments": [
        0,
        1,
        0,
        3.55,
        1
      ]
    },
    {
      "Target": "Parameter",
      "Id": "Param",
      "FadeInTime": -1.0,
      "FadeOutTime": -1.0,
      "Segments": [
        0,
        0,
        0,
        3.55,
        0
      ]
    },
    {
      "Target": "Parameter",
      "Id": "beijlc",
      "FadeInTime": -1.0,
      "FadeOutTime": -1.0,
      "Segments": [
        0,
        0,
        0,
        3.55,
        0
      ]
    },
    {
      "Target": "Parameter",
      "Id": "xxxxxx26",
      "FadeInTime": -1.0,
      "FadeOutTime": -1.0,
      "Segments": [
        0,
        0,
        0,
        3.55,
        0
      ]
    },
    {
      "Target": "Parameter",
      "Id": "gqtian",
      "FadeInTime": -1.0,
      "FadeOutTime": -1.0,
      "Segments": [
        0,
        0,
        0,
        3.55,
        0
      ]
    },
    {
      "Target": "Parameter",
      "Id": "zhaodenggaung",
      "FadeInTime": -1.0,
      "FadeOutTime": -1.0,
      "Segments": [
        0,
        0,
        0,
        3.55,
        0
      ]
    },
    {
      "Target": "Parameter",
      "Id": "zhaok50",
      "FadeInTime": -1.0,
      "FadeOutTime": -1.0,
      "Segments": [
        0,
        0,
        0,
        3.55,
        0
      ]
    },
    {
      "Target": "Parameter",
      "Id": "zhaodyun",
      "FadeInTime": -1.0,
      "FadeOutTime": -1.0,
      "Segments": [
        0,
        0,
        0,
        3.55,
        0
      ]
    },
    {
      "Target": "Parameter",
      "Id": "zhjaodengdx",
      "FadeInTime": -1.0,
      "FadeOutTime": -1.0,
      "Segments": [
        0,
        0,
        0,
        3.55,
        0
      ]
    },
    {
      "Target": "Parameter",
      "Id": "zhaodengX",
      "FadeInTime": -1.0,
      "FadeOutTime": -1.0,
      "Segments": [
        0,
        0,
        0,
        3.55,
        0
      ]
    },
    {
      "Target": "Parameter",
      "Id": "zhaodengY",
      "FadeInTime": -1.0,
      "FadeOutTime": -1.0,
      "Segments": [
        0,
        0,
        0,
        3.55,
        0
      ]
    },
    {
      "Target": "Parameter",
      "Id": "xxxxxx24",
      "FadeInTime": -1.0,
      "FadeOutTime": -1.0,
      "Segments": [
        0,
        0,
        0,
        3.55,
        0
      ]
    },
    {
      "Target": "Parameter",
      "Id": "pxk",
      "FadeInTime": -1.0,
      "FadeOutTime": -1.0,
      "Segments": [
        0,
        0,
        0,
        3.55,
        0
      ]
    },
    {
      "Target": "Parameter",
      "Id": "piaoaxA",
      "FadeInTime": -1.0,
      "FadeOutTime": -1.0,
      "Segments": [
        0,
        0,
        0,
        3.55,
        0
      ]
    },
    {
      "Target": "Parameter",
      "Id": "piaoaxB",
      "FadeInTime": -1.0,
      "FadeOutTime": -1.0,
      "Segments": [
        0,
        0,
        0,
        3.55,
        0
      ]
    },
    {
      "Target": "Parameter",
      "Id": "jjiang",
      "FadeInTime": -1.0,
      "FadeOutTime": -1.0,
      "Segments": [
        0,
        0,
        0,
        3.55,
        0
      ]
    },
    {
      "Target": "Parameter",
      "Id": "xxxxxx22",
      "FadeInTime": -1.0,
      "FadeOutTime": -1.0,
      "Segments": [
        0,
        0,
        0,
        3.55,
        0
      ]
    },
    {
      "Target": "Parameter",
      "Id": "tutoubj",
      "FadeInTime": -1.0,
      "FadeOutTime": -1.0,
      "Segments": [
        0,
        0,
        0,
        3.55,
        0
      ]
    },
    {
      "Target": "Parameter",
      "Id": "tutoud",
      "FadeInTime": -1.0,
      "FadeOutTime": -1.0,
      "Segments": [
        0,
        0,
        0,
        3.55,
        0
      ]
    },
    {
      "Target": "Parameter",
      "Id": "huangyuan",
      "FadeInTime": -1.0,
      "FadeOutTime": -1.0,
      "Segments": [
        0,
        0,
        0,
        3.55,
        0
      ]
    },
    {
      "Target": "Parameter",
      "Id": "huangyuan3",
      "FadeInTime": -1.0,
      "FadeOutTime": -1.0,
      "Segments": [
        0,
        0,
        0,
        3.55,
        0
      ]
    },
    {
      "Target": "Parameter",
      "Id": "huangyuan2",
      "FadeInTime": -1.0,
      "FadeOutTime": -1.0,
      "Segments": [
        0,
        0,
        0,
        3.55,
        0
      ]
    },
    {
      "Target": "Parameter",
      "Id": "xxxxxx16",
      "FadeInTime": -1.0,
      "FadeOutTime": -1.0,
      "Segments": [
        0,
        0,
        0,
        3.55,
        0
      ]
    },
    {
      "Target": "Parameter",
      "Id": "zhuanpanX",
      "FadeInTime": -1.0,
      "FadeOutTime": -1.0,
      "Segments": [
        0,
        0,
        0,
        3.55,
        0
      ]
    },
    {
      "Target": "Parameter",
      "Id": "zhuobuZ",
      "FadeInTime": -1.0,
      "FadeOutTime": -1.0,
      "Segments": [
        0,
        0,
        0,
        3.55,
        0
      ]
    },
    {
      "Target": "Parameter",
      "Id": "zhuobX",
      "FadeInTime": -1.0,
      "FadeOutTime": -1.0,
      "Segments": [
        0,
        0,
        0,
        3.55,
        0
      ]
    },
    {
      "Target": "Parameter",
      "Id": "xxxxxx29",
      "FadeInTime": -1.0,
      "FadeOutTime": -1.0,
      "Segments": [
        0,
        0,
        0,
        3.55,
        0
      ]
    },
    {
      "Target": "Parameter",
      "Id": "zhengtiY",
      "FadeInTime": -1.0,
      "FadeOutTime": -1.0,
      "Segments": [
        0,
        0,
        0,
        3.55,
        0
      ]
    },
    {
      "Target": "Parameter",
      "Id": "renwzX",
      "FadeInTime": -1.0,
      "FadeOutTime": -1.0,
      "Segments": [
        0,
        0,
        0,
        3.55,
        0
      ]
    },
    {
      "Target": "Parameter",
      "Id": "rendaxiao",
      "FadeInTime": -1.0,
      "FadeOutTime": -1.0,
      "Segments": [
        0,
        0,
        0,
        3.55,
        0
      ]
    },
    {
      "Target": "Parameter",
      "Id": "xxxxxx33",
      "FadeInTime": -1.0,
      "FadeOutTime": -1.0,
      "Segments": [
        0,
        0,
        0,
        3.55,
        0
      ]
    },
    {
      "Target": "Parameter",
      "Id": "chajia1",
      "FadeInTime": -1.0,
      "FadeOutTime": -1.0,
      "Segments": [
        0,
        0,
        0,
        3.55,
        0
      ]
    },
    {
      "Target": "Parameter",
      "Id": "chajia2",
      "FadeInTime": -1.0,
      "FadeOutTime": -1.0,
      "Segments": [
        0,
        0,
        0,
        3.55,
        0
      ]
    },
    {
      "Target": "Parameter",
      "Id": "chajia3",
      "FadeInTime": -1.0,
      "FadeOutTime": -1.0,
      "Segments": [
        0,
        0,
        0,
        3.55,
        0
      ]
    },
    {
      "Target": "Parameter",
      "Id": "xxxxxx34",
      "FadeInTime": -1.0,
      "FadeOutTime": -1.0,
      "Segments": [
        0,
        0,
        0,
        3.55,
        0
      ]
    },
    {
      "Target": "Parameter",
      "Id": "xiangzif",
      "FadeInTime": -1.0,
      "FadeOutTime": -1.0,
      "Segments": [
        0,
        0,
        0,
        3.55,
        0
      ]
    },
    {
      "Target": "Parameter",
      "Id": "ParamEyeLOpen",
      "FadeInTime": -1.0,
      "FadeOutTime": -1.0,
      "Segments": [
        0,
        1,
        0,
        3.55,
        1
      ]
    },
    {
      "Target": "Parameter",
      "Id": "ParamEyeLSmile",
      "FadeInTime": -1.0,
      "FadeOutTime": -1.0,
      "Segments": [
        0,
        0,
        0,
        3.55,
        0
      ]
    },
    {
      "Target": "Parameter",
      "Id": "ParamEyeROpen",
      "FadeInTime": -1.0,
      "FadeOutTime": -1.0,
      "Segments": [
        0,
        1,
        0,
        3.55,
        1
      ]
    },
    {
      "Target": "Parameter",
      "Id": "ParamEyeRSmile",
      "FadeInTime": -1.0,
      "FadeOutTime": -1.0,
      "Segments": [
        0,
        0,
        0,
        3.55,
        0
      ]
    },
    {
      "Target": "Parameter",
      "Id": "ParamEyeBallX",
      "FadeInTime": -1.0,
      "FadeOutTime": -1.0,
      "Segments": [
        0,
        0,
        0,
        3.55,
        0
      ]
    },
    {
      "Target": "Parameter",
      "Id": "ParamEyeBallY",
      "FadeInTime": -1.0,
      "FadeOutTime": -1.0,
      "Segments": [
        0,
        0,
        0,
        3.55,
        0
      ]
    },
    {
      "Target": "Parameter",
      "Id": "xxxxxx14",
      "FadeInTime": -1.0,
      "FadeOutTime": -1.0,
      "Segments": [
        0,
        0,
        0,
        3.55,
        0
      ]
    },
    {
      "Target": "Parameter",
      "Id": "yanqie",
      "FadeInTime": -1.0,
      "FadeOutTime": -1.0,
      "Segments": [
        0,
        0,
        0,
        3.55,
        0
      ]
    },
    {
      "Target": "Parameter",
      "Id": "xinyan",
      "FadeInTime": -1.0,
      "FadeOutTime": -1.0,
      "Segments": [
        0,
        0,
        0,
        3.55,
        0
      ]
    },
    {
      "Target": "Parameter",
      "Id": "liuhan",
      "FadeInTime": -1.0,
      "FadeOutTime": -1.0,
      "Segments": [
        0,
        0,
        0,
        3.55,
        0
      ]
    },
    {
      "Target": "Parameter",
      "Id": "lianhong",
      "FadeInTime": -1.0,
      "FadeOutTime": -1.0,
      "Segments": [
        0,
        0,
        0,
        3.55,
        0
      ]
    },
    {
      "Target": "Parameter",
      "Id": "louzgl",
      "FadeInTime": -1.0,
      "FadeOutTime": -1.0,
      "Segments": [
        0,
        0,
        0,
        3.55,
        0
      ]
    },
    {
      "Target": "Parameter",
      "Id": "wink1",
      "FadeInTime": -1.0,
      "FadeOutTime": -1.0,
      "Segments": [
        0,
        0,
        0,
        3.55,
        0
      ]
    },
    {
      "Target": "Parameter",
      "Id": "zzfu",
      "FadeInTime": -1.0,
      "FadeOutTime": -1.0,
      "Segments": [
        0,
        0,
        0,
        3.55,
        0
      ]
    },
    {
      "Target": "Parameter",
      "Id": "ddqip",
      "FadeInTime": -1.0,
      "FadeOutTime": -1.0,
      "Segments": [
        0,
        0,
        0,
        3.55,
        0
      ]
    },
    {
      "Target": "Parameter",
      "Id": "wenhyinf",
      "FadeInTime": -1.0,
      "FadeOutTime": -1.0,
      "Segments": [
        0,
        0,
        0,
        3.55,
        0
      ]
    },
    {
      "Target": "Parameter",
      "Id": "jingfu",
      "FadeInTime": -1.0,
      "FadeOutTime": -1.0,
      "Segments": [
        0,
        0,
        0,
        3.55,
        0
      ]
    },
    {
      "Target": "Parameter",
      "Id": "xxxxxx15",
      "FadeInTime": -1.0,
      "FadeOutTime": -1.0,
      "Segments": [
        0,
        0,
        0,
        3.55,
        0
      ]
    },
    {
      "Target": "Parameter",
      "Id": "ParamBrowLAngle",
      "FadeInTime": -1.0,
      "FadeOutTime": -1.0,
      "Segments": [
        0,
        0,
        0,
        3.55,
        0
      ]
    },
    {
      "Target": "Parameter",
      "Id": "ParamBrowRAngle",
      "FadeInTime": -1.0,
      "FadeOutTime": -1.0,
      "Segments": [
        0,
        0,
        0,
        3.55,
        0
      ]
    },
    {
      "Target": "Parameter",
      "Id": "xxxxxx17",
      "FadeInTime": -1.0,
      "FadeOutTime": -1.0,
      "Segments": [
        0,
        0,
        0,
        3.55,
        0
      ]
    },
    {
      "Target": "Parameter",
      "Id": "zuiqie",
      "FadeInTime": -1.0,
      "FadeOutTime": -1.0,
      "Segments": [
        0,
        0,
        0,
        3.55,
        0
      ]
    },
    {
      "Target": "Parameter",
      "Id": "yaguan",
      "FadeInTime": -1.0,
      "FadeOutTime": -1.0,
      "Segments": [
        0,
        0,
        0,
        3.55,
        0
      ]
    },
    {
      "Target": "Parameter",
      "Id": "ParamMouthOpenY",
      "FadeInTime": -1.0,
      "FadeOutTime": -1.0,
      "Segments": [
        0,
        0,
        0,
        3.55,
        0
      ]
    },
    {
      "Target": "Parameter",
      "Id": "ParamMouthOpenY2",
      "FadeInTime": -1.0,
      "FadeOutTime": -1.0,
      "Segments": [
        0,
        0,
        0,
        3.55,
        0
      ]
    },
    {
      "Target": "Parameter",
      "Id": "rehuanZ",
      "FadeInTime": -1.0,
      "FadeOutTime": -1.0,
      "Segments": [
        0,
        0,
        0,
        3.55,
        0
      ]
    },
    {
      "Target": "Parameter",
      "Id": "boziying",
      "FadeInTime": -1.0,
      "FadeOutTime": -1.0,
      "Segments": [
        0,
        0,
        0,
        3.55,
        0
      ]
    },
    {
      "Target": "Parameter",
      "Id": "xxxxxx9",
      "FadeInTime": -1.0,
      "FadeOutTime": -1.0,
      "Segments": [
        0,
        0,
        0,
        3.55,
        0
      ]
    },
    {
      "Target": "Parameter",
      "Id": "xxxxxx23",
      "FadeInTime": -1.0,
      "FadeOutTime": -1.0,
      "Segments": [
        0,
        0,
        0,
        3.55,
        0
      ]
    },
    {
      "Target": "Parameter",
      "Id": "yanweitz2",
      "FadeInTime": -1.0,
      "FadeOutTime": -1.0,
      "Segments": [
        0,
        0,
        0,
        3.55,
        0
      ]
    },
    {
      "Target": "Parameter",
      "Id": "rntz",
      "FadeInTime": -1.0,
      "FadeOutTime": -1.0,
      "Segments": [
        0,
        0,
        0,
        3.55,
        0
      ]
    },
    {
      "Target": "Parameter",
      "Id": "shenhuxi",
      "FadeInTime": -1.0,
      "FadeOutTime": -1.0,
      "Segments": [
        0,
        0,
        0,
        3.55,
        0
      ]
    },
    {
      "Target": "Parameter",
      "Id": "RshangbiY",
      "FadeInTime": -1.0,
      "FadeOutTime": -1.0,
      "Segments": [
        0,
        0,
        0,
        3.55,
        0
      ]
    },
    {
      "Target": "Parameter",
      "Id": "RxiaobiY",
      "FadeInTime": -1.0,
      "FadeOutTime": -1.0,
      "Segments": [
        0,
        0,
        0,
        3.55,
        0
      ]
    },
    {
      "Target": "Parameter",
      "Id": "rxiaobitz",
      "FadeInTime": -1.0,
      "FadeOutTime": -1.0,
      "Segments": [
        0,
        0,
        0,
        3.55,
        0
      ]
    },
    {
      "Target": "Parameter",
      "Id": "Rzhaoshou",
      "FadeInTime": -1.0,
      "FadeOutTime": -1.0,
      "Segments": [
        0,
        10,
        0,
        3.55,
        10
      ]
    },
    {
      "Target": "Parameter",
      "Id": "Rmoshouw",
      "FadeInTime": -1.0,
      "FadeOutTime": -1.0,
      "Segments": [
        0,
        1,
        0,
        3.55,
        1
      ]
    },
    {
      "Target": "Parameter",
      "Id": "Rmosoui",
      "FadeInTime": -1.0,
      "FadeOutTime": -1.0,
      "Segments": [
        0,
        1,
        0,
        3.55,
        1
      ]
    },
    {
      "Target": "Parameter",
      "Id": "Rfangshou",
      "FadeInTime": -1.0,
      "FadeOutTime": -1.0,
      "Segments": [
        0,
        0,
        0,
        3.55,
        0
      ]
    },
    {
      "Target": "Parameter",
      "Id": "Rxzhoaushou",
      "FadeInTime": -1.0,
      "FadeOutTime": -1.0,
      "Segments": [
        0,
        0,
        0,
        3.55,
        0
      ]
    },
    {
      "Target": "Parameter",
      "Id": "Rshenshou",
      "FadeInTime": -1.0,
      "FadeOutTime": -1.0,
      "Segments": [
        0,
        0,
        0,
        3.55,
        0
      ]
    },
    {
      "Target": "Parameter",
      "Id": "Rchashou",
      "FadeInTime": -1.0,
      "FadeOutTime": -1.0,
      "Segments": [
        0,
        0,
        0,
        3.55,
        0
      ]
    },
    {
      "Target": "Parameter",
      "Id": "ycmzc",
      "FadeInTime": -1.0,
      "FadeOutTime": -1.0,
      "Segments": [
        0,
        0,
        0,
        3.55,
        0
      ]
    },
    {
      "Target": "Parameter",
      "Id": "xxxxxx12",
      "FadeInTime": -1.0,
      "FadeOutTime": -1.0,
      "Segments": [
        0,
        0,
        0,
        3.55,
        0
      ]
    },
    {
      "Target": "Parameter",
      "Id": "RshouX",
      "FadeInTime": -1.0,
      "FadeOutTime": -1.0,
      "Segments": [
        0,
        0,
        0,
        3.55,
        0
      ]
    },
    {
      "Target": "Parameter",
      "Id": "Rmuzhi",
      "FadeInTime": -1.0,
      "FadeOutTime": -1.0,
      "Segments": [
        0,
        0,
        0,
        3.55,
        0
      ]
    },
    {
      "Target": "Parameter",
      "Id": "xxxxxx11",
      "FadeInTime": -1.0,
      "FadeOutTime": -1.0,
      "Segments": [
        0,
        0,
        0,
        3.55,
        0
      ]
    },
    {
      "Target": "Parameter",
      "Id": "rngaix",
      "FadeInTime": -1.0,
      "FadeOutTime": -1.0,
      "Segments": [
        0,
        0,
        0,
        3.55,
        0
      ]
    },
    {
      "Target": "Parameter",
      "Id": "lngaix2",
      "FadeInTime": -1.0,
      "FadeOutTime": -1.0,
      "Segments": [
        0,
        0,
        0,
        3.55,
        0
      ]
    },
    {
      "Target": "Parameter",
      "Id": "Lnaidian",
      "FadeInTime": -1.0,
      "FadeOutTime": -1.0,
      "Segments": [
        0,
        0,
        0,
        3.55,
        0
      ]
    },
    {
      "Target": "Parameter",
      "Id": "Rnaidian",
      "FadeInTime": -1.0,
      "FadeOutTime": -1.0,
      "Segments": [
        0,
        0,
        0,
        3.55,
        0
      ]
    },
    {
      "Target": "Parameter",
      "Id": "LxiaobiY",
      "FadeInTime": -1.0,
      "FadeOutTime": -1.0,
      "Segments": [
        0,
        0,
        0,
        3.55,
        0
      ]
    },
    {
      "Target": "Parameter",
      "Id": "Lmxbtzheng",
      "FadeInTime": -1.0,
      "FadeOutTime": -1.0,
      "Segments": [
        0,
        0,
        0,
        3.55,
        0
      ]
    },
    {
      "Target": "Parameter",
      "Id": "lnaiji",
      "FadeInTime": -1.0,
      "FadeOutTime": -1.0,
      "Segments": [
        0,
        0,
        0,
        3.55,
        0
      ]
    },
    {
      "Target": "Parameter",
      "Id": "xxxxxx10",
      "FadeInTime": -1.0,
      "FadeOutTime": -1.0,
      "Segments": [
        0,
        0,
        0,
        3.55,
        0
      ]
    },
    {
      "Target": "Parameter",
      "Id": "jiubeisohu",
      "FadeInTime": -1.0,
      "FadeOutTime": -1.0,
      "Segments": [
        0,
        0,
        0,
        3.55,
        0
      ]
    },
    {
      "Target": "Parameter",
      "Id": "Lmoashou",
      "FadeInTime": -1.0,
      "FadeOutTime": -1.0,
      "Segments": [
        0,
        0,
        0,
        3.55,
        0
      ]
    },
    {
      "Target": "Parameter",
      "Id": "LszB",
      "FadeInTime": -1.0,
      "FadeOutTime": -1.0,
      "Segments": [
        0,
        0,
        0,
        3.55,
        0
      ]
    },
    {
      "Target": "Parameter",
      "Id": "Lzhaoshou",
      "FadeInTime": -1.0,
      "FadeOutTime": -1.0,
      "Segments": [
        0,
        0,
        0,
        3.55,
        0
      ]
    },
    {
      "Target": "Parameter",
      "Id": "Lchashou",
      "FadeInTime": -1.0,
      "FadeOutTime": -1.0,
      "Segments": [
        0,
        0,
        0,
        3.55,
        0
      ]
    },
    {
      "Target": "Parameter",
      "Id": "xxxxxx13",
      "FadeInTime": -1.0,
      "FadeOutTime": -1.0,
      "Segments": [
        0,
        0,
        0,
        3.55,
        0
      ]
    },
    {
      "Target": "Parameter",
      "Id": "zhaoshoudh",
      "FadeInTime": -1.0,
      "FadeOutTime": -1.0,
      "Segments": [
        0,
        1,
        0,
        3.55,
        1
      ]
    },
    {
      "Target": "Parameter",
      "Id": "lshoubx",
      "FadeInTime": -1.0,
      "FadeOutTime": -1.0,
      "Segments": [
        0,
        0,
        0,
        3.55,
        0
      ]
    },
    {
      "Target": "Parameter",
      "Id": "Lshizhi",
      "FadeInTime": -1.0,
      "FadeOutTime": -1.0,
      "Segments": [
        0,
        0,
        0,
        3.55,
        0
      ]
    },
    {
      "Target": "Parameter",
      "Id": "LjiaoX",
      "FadeInTime": -1.0,
      "FadeOutTime": -1.0,
      "Segments": [
        0,
        0,
        0,
        3.55,
        0
      ]
    },
    {
      "Target": "Parameter",
      "Id": "Ldatuitz",
      "FadeInTime": -1.0,
      "FadeOutTime": -1.0,
      "Segments": [
        0,
        0,
        0,
        3.55,
        0
      ]
    },
    {
      "Target": "Parameter",
      "Id": "Ltuicjj",
      "FadeInTime": -1.0,
      "FadeOutTime": -1.0,
      "Segments": [
        0,
        0,
        0,
        3.55,
        0
      ]
    },
    {
      "Target": "Parameter",
      "Id": "Rxiaotuiguang",
      "FadeInTime": -1.0,
      "FadeOutTime": -1.0,
      "Segments": [
        0,
        0,
        0,
        3.55,
        0
      ]
    },
    {
      "Target": "Parameter",
      "Id": "RjiaoX",
      "FadeInTime": -1.0,
      "FadeOutTime": -1.0,
      "Segments": [
        0,
        0,
        0,
        3.55,
        0
      ]
    },
    {
      "Target": "Parameter",
      "Id": "Rdtntz",
      "FadeInTime": -1.0,
      "FadeOutTime": -1.0,
      "Segments": [
        0,
        0,
        0,
        3.55,
        0
      ]
    },
    {
      "Target": "Parameter",
      "Id": "sxpxians",
      "FadeInTime": -1.0,
      "FadeOutTime": -1.0,
      "Segments": [
        0,
        0,
        0,
        3.55,
        0
      ]
    },
    {
      "Target": "Parameter",
      "Id": "paihuo",
      "FadeInTime": -1.0,
      "FadeOutTime": -1.0,
      "Segments": [
        0,
        0,
        0,
        3.55,
        0
      ]
    },
    {
      "Target": "Parameter",
      "Id": "huopai",
      "FadeInTime": -1.0,
      "FadeOutTime": -1.0,
      "Segments": [
        0,
        0,
        0,
        3.55,
        0
      ]
    },
    {
      "Target": "Parameter",
      "Id": "shouxinpX",
      "FadeInTime": -1.0,
      "FadeOutTime": -1.0,
      "Segments": [
        0,
        0,
        0,
        3.55,
        0
      ]
    },
    {
      "Target": "Parameter",
      "Id": "shouxinaiZ",
      "FadeInTime": -1.0,
      "FadeOutTime": -1.0,
      "Segments": [
        0,
        0,
        0,
        3.55,
        0
      ]
    },
    {
      "Target": "Parameter",
      "Id": "xxxxxx18",
      "FadeInTime": -1.0,
      "FadeOutTime": -1.0,
      "Segments": [
        0,
        0,
        0,
        3.55,
        0
      ]
    },
    {
      "Target": "Parameter",
      "Id": "jiubeihua",
      "FadeInTime": -1.0,
      "FadeOutTime": -1.0,
      "Segments": [
        0,
        0,
        0,
        3.55,
        0
      ]
    },
    {
      "Target": "Parameter",
      "Id": "huaX",
      "FadeInTime": -1.0,
      "FadeOutTime": -1.0,
      "Segments": [
        0,
        0,
        0,
        3.55,
        0
      ]
    },
    {
      "Target": "Parameter",
      "Id": "jbzhuan",
      "FadeInTime": -1.0,
      "FadeOutTime": -1.0,
      "Segments": [
        0,
        0,
        0,
        3.55,
        0
      ]
    },
    {
      "Target": "Parameter",
      "Id": "jiuA",
      "FadeInTime": -1.0,
      "FadeOutTime": -1.0,
      "Segments": [
        0,
        0,
        0,
        3.55,
        0
      ]
    },
    {
      "Target": "Parameter",
      "Id": "jiuA2",
      "FadeInTime": -1.0,
      "FadeOutTime": -1.0,
      "Segments": [
        0,
        0,
        0,
        3.55,
        0
      ]
    },
    {
      "Target": "Parameter",
      "Id": "daojiu",
      "FadeInTime": -1.0,
      "FadeOutTime": -1.0,
      "Segments": [
        0,
        0,
        0,
        3.55,
        0
      ]
    },
    {
      "Target": "Parameter",
      "Id": "xxxxxx19",
      "FadeInTime": -1.0,
      "FadeOutTime": -1.0,
      "Segments": [
        0,
        0,
        0,
        3.55,
        0
      ]
    },
    {
      "Target": "Parameter",
      "Id": "toumxs",
      "FadeInTime": -1.0,
      "FadeOutTime": -1.0,
      "Segments": [
        0,
        1,
        0,
        3.55,
        1
      ]
    },
    {
      "Target": "Parameter",
      "Id": "toumexians",
      "FadeInTime": -1.0,
      "FadeOutTime": -1.0,
      "Segments": [
        0,
        0,
        0,
        3.55,
        0
      ]
    },
    {
      "Target": "Parameter",
      "Id": "shoumaoxs",
      "FadeInTime": -1.0,
      "FadeOutTime": -1.0,
      "Segments": [
        0,
        0,
        0,
        3.55,
        0
      ]
    },
    {
      "Target": "Parameter",
      "Id": "shoumaozhuan",
      "FadeInTime": -1.0,
      "FadeOutTime": -1.0,
      "Segments": [
        0,
        0,
        0,
        3.55,
        0
      ]
    },
    {
      "Target": "Parameter",
      "Id": "shoumaossu",
      "FadeInTime": -1.0,
      "FadeOutTime": -1.0,
      "Segments": [
        0,
        0,
        0,
        3.55,
        0
      ]
    },
    {
      "Target": "Parameter",
      "Id": "smhcengj",
      "FadeInTime": -1.0,
      "FadeOutTime": -1.0,
      "Segments": [
        0,
        0,
        0,
        3.55,
        0
      ]
    },
    {
      "Target": "Parameter",
      "Id": "piaomaodaxiao",
      "FadeInTime": -1.0,
      "FadeOutTime": -1.0,
      "Segments": [
        0,
        0,
        0,
        3.55,
        0
      ]
    },
    {
      "Target": "Parameter",
      "Id": "piaomaoX",
      "FadeInTime": -1.0,
      "FadeOutTime": -1.0,
      "Segments": [
        0,
        0,
        0,
        3.55,
        0
      ]
    },
    {
      "Target": "Parameter",
      "Id": "xxxxxx20",
      "FadeInTime": -1.0,
      "FadeOutTime": -1.0,
      "Segments": [
        0,
        0,
        0,
        3.55,
        0
      ]
    },
    {
      "Target": "Parameter",
      "Id": "toumaoX",
      "FadeInTime": -1.0,
      "FadeOutTime": -1.0,
      "Segments": [
        0,
        0,
        0,
        3.55,
        0
      ]
    },
    {
      "Target": "Parameter",
      "Id": "toumaoY",
      "FadeInTime": -1.0,
      "FadeOutTime": -1.0,
      "Segments": [
        0,
        0,
        0,
        3.55,
        0
      ]
    },
    {
      "Target": "Parameter",
      "Id": "toumaoxz",
      "FadeInTime": -1.0,
      "FadeOutTime": -1.0,
      "Segments": [
        0,
        0,
        0,
        3.55,
        0
      ]
    },
    {
      "Target": "Parameter",
      "Id": "shoulxians",
      "FadeInTime": -1.0,
      "FadeOutTime": -1.0,
      "Segments": [
        0,
        0,
        0,
        3.55,
        0
      ]
    },
    {
      "Target": "Parameter",
      "Id": "shoulian",
      "FadeInTime": -1.0,
      "FadeOutTime": -1.0,
      "Segments": [
        0,
        0,
        0,
        3.55,
        0
      ]
    },
    {
      "Target": "Parameter",
      "Id": "shoulianx",
      "FadeInTime": -1.0,
      "FadeOutTime": -1.0,
      "Segments": [
        0,
        0,
        0,
        3.55,
        0
      ]
    },
    {
      "Target": "Parameter",
      "Id": "shoulianY",
      "FadeInTime": -1.0,
      "FadeOutTime": -1.0,
      "Segments": [
        0,
        0,
        0,
        3.55,
        0
      ]
    },
    {
      "Target": "Parameter",
      "Id": "shoulian2",
      "FadeInTime": -1.0,
      "FadeOutTime": -1.0,
      "Segments": [
        0,
        0,
        0,
        3.55,
        0
      ]
    },
    {
      "Target": "Parameter",
      "Id": "xxxxxx21",
      "FadeInTime": -1.0,
      "FadeOutTime": -1.0,
      "Segments": [
        0,
        0,
        0,
        3.55,
        0
      ]
    },
    {
      "Target": "Parameter",
      "Id": "sdmaodai",
      "FadeInTime": -1.0,
      "FadeOutTime": -1.0,
      "Segments": [
        0,
        0,
        0,
        3.55,
        0
      ]
    },
    {
      "Target": "Parameter",
      "Id": "shoumwl1",
      "FadeInTime": -1.0,
      "FadeOutTime": -1.0,
      "Segments": [
        0,
        0,
        0,
        3.55,
        0
      ]
    },
    {
      "Target": "Parameter",
      "Id": "shoumwl2",
      "FadeInTime": -1.0,
      "FadeOutTime": -1.0,
      "Segments": [
        0,
        0,
        0,
        3.55,
        0
      ]
    },
    {
      "Target": "Parameter",
      "Id": "maosheng3",
      "FadeInTime": -1.0,
      "FadeOutTime": -1.0,
      "Segments": [
        0,
        0,
        0,
        3.55,
        0
      ]
    },
    {
      "Target": "Parameter",
      "Id": "maosheng4",
      "FadeInTime": -1.0,
      "FadeOutTime": -1.0,
      "Segments": [
        0,
        0,
        0,
        3.55,
        0
      ]
    },
    {
      "Target": "Parameter",
      "Id": "xxxxxx28",
      "FadeInTime": -1.0,
      "FadeOutTime": -1.0,
      "Segments": [
        0,
        0,
        0,
        3.55,
        0
      ]
    },
    {
      "Target": "Parameter",
      "Id": "shouyan1",
      "FadeInTime": -1.0,
      "FadeOutTime": -1.0,
      "Segments": [
        0,
        0,
        0,
        3.55,
        0
      ]
    },
    {
      "Target": "Parameter",
      "Id": "shouyan2",
      "FadeInTime": -1.0,
      "FadeOutTime": -1.0,
      "Segments": [
        0,
        0,
        0,
        3.55,
        0
      ]
    },
    {
      "Target": "Parameter",
      "Id": "shouyan3",
      "FadeInTime": -1.0,
      "FadeOutTime": -1.0,
      "Segments": [
        0,
        0,
        0,
        3.55,
        0
      ]
    },
    {
      "Target": "Parameter",
      "Id": "caihejd",
      "FadeInTime": -1.0,
      "FadeOutTime": -1.0,
      "Segments": [
        0,
        0,
        0,
        3.55,
        0
      ]
    },
    {
      "Target": "Parameter",
      "Id": "caihxs",
      "FadeInTime": -1.0,
      "FadeOutTime": -1.0,
      "Segments": [
        0,
        0,
        0,
        3.55,
        0
      ]
    },
    {
      "Target": "Parameter",
      "Id": "maohjxs",
      "FadeInTime": -1.0,
      "FadeOutTime": -1.0,
      "Segments": [
        0,
        0,
        0,
        3.55,
        0
      ]
    },
    {
      "Target": "Parameter",
      "Id": "huangjdz",
      "FadeInTime": -1.0,
      "FadeOutTime": -1.0,
      "Segments": [
        0,
        0,
        0,
        3.55,
        0
      ]
    },
    {
      "Target": "Parameter",
      "Id": "jily",
      "FadeInTime": -1.0,
      "FadeOutTime": -1.0,
      "Segments": [
        0,
        1,
        0,
        3.55,
        1
      ]
    },
    {
      "Target": "Parameter",
      "Id": "jiry",
      "FadeInTime": -1.0,
      "FadeOutTime": -1.0,
      "Segments": [
        0,
        1,
        0,
        3.55,
        1
      ]
    },
    {
      "Target": "Parameter",
      "Id": "huangjer",
      "FadeInTime": -1.0,
      "FadeOutTime": -1.0,
      "Segments": [
        0,
        0,
        0,
        3.55,
        0
      ]
    },
    {
      "Target": "Parameter",
      "Id": "huangjer2",
      "FadeInTime": -1.0,
      "FadeOutTime": -1.0,
      "Segments": [
        0,
        0,
        0,
        3.55,
        0
      ]
    },
    {
      "Target": "Parameter",
      "Id": "huangiX",
      "FadeInTime": -1.0,
      "FadeOutTime": -1.0,
      "Segments": [
        0,
        0,
        0,
        3.55,
        0
      ]
    },
    {
      "Target": "Parameter",
      "Id": "huangi2",
      "FadeInTime": -1.0,
      "FadeOutTime": -1.0,
      "Segments": [
        0,
        0,
        0,
        3.55,
        0
      ]
    },
    {
      "Target": "Parameter",
      "Id": "maotfs2",
      "FadeInTime": -1.0,
      "FadeOutTime": -1.0,
      "Segments": [
        0,
        0,
        0,
        3.55,
        0
      ]
    },
    {
      "Target": "Parameter",
      "Id": "moatouzha2",
      "FadeInTime": -1.0,
      "FadeOutTime": -1.0,
      "Segments": [
        0,
        0,
        0,
        3.55,
        0
      ]
    },
    {
      "Target": "Parameter",
      "Id": "heipaiq",
      "FadeInTime": -1.0,
      "FadeOutTime": -1.0,
      "Segments": [
        0,
        0,
        0,
        3.55,
        0
      ]
    },
    {
      "Target": "Parameter",
      "Id": "penpai",
      "FadeInTime": -1.0,
      "FadeOutTime": -1.0,
      "Segments": [
        0,
        0,
        0,
        3.55,
        0
      ]
    },
    {
      "Target": "Parameter",
      "Id": "ppz",
      "FadeInTime": -1.0,
      "FadeOutTime": -1.0,
      "Segments": [
        0,
        0,
        0,
        3.55,
        0
      ]
    },
    {
      "Target": "Parameter",
      "Id": "penpai2",
      "FadeInTime": -1.0,
      "FadeOutTime": -1.0,
      "Segments": [
        0,
        0,
        0,
        3.55,
        0
      ]
    },
    {
      "Target": "Parameter",
      "Id": "penpaixz",
      "FadeInTime": -1.0,
      "FadeOutTime": -1.0,
      "Segments": [
        0,
        0,
        0,
        3.55,
        0
      ]
    },
    {
      "Target": "Parameter",
      "Id": "xxxxxx27",
      "FadeInTime": -1.0,
      "FadeOutTime": -1.0,
      "Segments": [
        0,
        0,
        0,
        3.55,
        0
      ]
    },
    {
      "Target": "Parameter",
      "Id": "spxians",
      "FadeInTime": -1.0,
      "FadeOutTime": -1.0,
      "Segments": [
        0,
        0,
        0,
        3.55,
        0
      ]
    },
    {
      "Target": "Parameter",
      "Id": "pailuo",
      "FadeInTime": -1.0,
      "FadeOutTime": -1.0,
      "Segments": [
        0,
        0,
        0,
        3.55,
        0
      ]
    },
    {
      "Target": "Parameter",
      "Id": "paidxd",
      "FadeInTime": -1.0,
      "FadeOutTime": -1.0,
      "Segments": [
        0,
        0,
        0,
        3.55,
        0
      ]
    },
    {
      "Target": "Parameter",
      "Id": "paiX",
      "FadeInTime": -1.0,
      "FadeOutTime": -1.0,
      "Segments": [
        0,
        0,
        0,
        3.55,
        0
      ]
    },
    {
      "Target": "Parameter",
      "Id": "paiX2",
      "FadeInTime": -1.0,
      "FadeOutTime": -1.0,
      "Segments": [
        0,
        0,
        0,
        3.55,
        0
      ]
    },
    {
      "Target": "Parameter",
      "Id": "paiX3",
      "FadeInTime": -1.0,
      "FadeOutTime": -1.0,
      "Segments": [
        0,
        0,
        0,
        3.55,
        0
      ]
    },
    {
      "Target": "Parameter",
      "Id": "paiX4",
      "FadeInTime": -1.0,
      "FadeOutTime": -1.0,
      "Segments": [
        0,
        0,
        0,
        3.55,
        0
      ]
    },
    {
      "Target": "Parameter",
      "Id": "paixz",
      "FadeInTime": -1.0,
      "FadeOutTime": -1.0,
      "Segments": [
        0,
        0,
        0,
        3.55,
        0
      ]
    },
    {
      "Target": "Parameter",
      "Id": "paixz2",
      "FadeInTime": -1.0,
      "FadeOutTime": -1.0,
      "Segments": [
        0,
        0,
        0,
        3.55,
        0
      ]
    },
    {
      "Target": "Parameter",
      "Id": "paixz3",
      "FadeInTime": -1.0,
      "FadeOutTime": -1.0,
      "Segments": [
        0,
        0,
        0,
        3.55,
        0
      ]
    },
    {
      "Target": "Parameter",
      "Id": "paixz4",
      "FadeInTime": -1.0,
      "FadeOutTime": -1.0,
      "Segments": [
        0,
        0,
        0,
        3.55,
        0
      ]
    },
    {
      "Target": "Parameter",
      "Id": "xxxxxx32",
      "FadeInTime": -1.0,
      "FadeOutTime": -1.0,
      "Segments": [
        0,
        0,
        0,
        3.55,
        0
      ]
    },
    {
      "Target": "Parameter",
      "Id": "shiuyefw",
      "FadeInTime": -1.0,
      "FadeOutTime": -1.0,
      "Segments": [
        0,
        0,
        0,
        3.55,
        0
      ]
    },
    {
      "Target": "Parameter",
      "Id": "shizxs",
      "FadeInTime": -1.0,
      "FadeOutTime": -1.0,
      "Segments": [
        0,
        0,
        0,
        3.55,
        0
      ]
    }
  ],
  "UserData": [
    {
      "Time": 0.0,
      "Value": ""
    },
    {
      "Time": 3.05,
      "Value": ""
    }
  ]
}