{
  "Version": 3,
  "Meta": {
    "Duration": 3.233,
    "Fps": 60.0,
    "Loop": true,
    "AreBeziersRestricted": true,
    "FadeInTime": 0.0,
    "FadeOutTime": 0.0,
    "CurveCount": 269,
    "TotalSegmentCount": 477,
    "TotalPointCount": 547,
    "UserDataCount": 2,
    "TotalUserDataSize": 0
  },
  "Curves": [
    {
      "Target": "Parameter",
      "Id": "podkwz",
      "FadeInTime": -1.0,
      "FadeOutTime": -1.0,
      "Segments": [
        0,
        0,
        2,
        2.367,
        0,
        0,
        2.383,
        1,
        2,
        3.233,
        1
      ]
    },
    {
      "Target": "Parameter",
      "Id": "sdxiong",
      "FadeInTime": -1.0,
      "FadeOutTime": -1.0,
      "Segments": [
        0,
        0,
        2,
        0.417,
        0,
        2,
        0.7,
        0,
        0,
        0.967,
        1,
        0,
        1.75,
        0,
        0,
        2.017,
        1,
        0,
        2.883,
        0,
        2,
        3.233,
        0
      ]
    },
    {
      "Target": "Parameter",
      "Id": "sdtwl",
      "FadeInTime": -1.0,
      "FadeOutTime": -1.0,
      "Segments": [
        0,
        0,
        2,
        0.417,
        0,
        2,
        0.7,
        0,
        0,
        0.967,
        1,
        0,
        1.75,
        0,
        0,
        2.017,
        1,
        0,
        2.883,
        0,
        2,
        3.233,
        0
      ]
    },
    {
      "Target": "Parameter",
      "Id": "chajia3",
      "FadeInTime": -1.0,
      "FadeOutTime": -1.0,
      "Segments": [
        0,
        0,
        2,
        0.417,
        0,
        0,
        0.75,
        9.3,
        0,
        0.883,
        7.42,
        0,
        1.033,
        7.694,
        2,
        2.883,
        7.694,
        2,
        3.233,
        7.694
      ]
    },
    {
      "Target": "Parameter",
      "Id": "ParamEyeLOpen",
      "FadeInTime": -1.0,
      "FadeOutTime": -1.0,
      "Segments": [
        0,
        0.8,
        2,
        0.417,
        0.8,
        0,
        0.75,
        0,
        0,
        1.05,
        1.2,
        2,
        1.6,
        1.2,
        0,
        2.133,
        0.8,
        2,
        2.367,
        0.8,
        0,
        2.467,
        0,
        0,
        2.883,
        0.8,
        2,
        3.233,
        0.8
      ]
    },
    {
      "Target": "Parameter",
      "Id": "ParamEyeROpen",
      "FadeInTime": -1.0,
      "FadeOutTime": -1.0,
      "Segments": [
        0,
        0.8,
        2,
        0.417,
        0.8,
        0,
        0.75,
        0,
        0,
        1.05,
        1.2,
        2,
        1.6,
        1.2,
        0,
        2.133,
        0.8,
        2,
        2.367,
        0.8,
        0,
        2.467,
        0,
        0,
        2.883,
        0.8,
        2,
        3.233,
        0.8
      ]
    },
    {
      "Target": "Parameter",
      "Id": "ParamEyeBallX",
      "FadeInTime": -1.0,
      "FadeOutTime": -1.0,
      "Segments": [
        0,
        0.1,
        2,
        0.417,
        0.1,
        0,
        0.75,
        0.054,
        0,
        0.867,
        0.1,
        1,
        0.884,
        0.1,
        0.9,
        0.056,
        0.917,
        0,
        1,
        0.939,
        -0.075,
        0.961,
        -0.1,
        0.983,
        -0.1,
        0,
        1.033,
        0.1,
        2,
        1.083,
        0.1,
        0,
        1.133,
        -0.1,
        0,
        1.6,
        0.1,
        0,
        1.983,
        -0.3,
        2,
        2.217,
        -0.3,
        0,
        2.883,
        0.1,
        2,
        3.233,
        0.1
      ]
    },
    {
      "Target": "Parameter",
      "Id": "ParamEyeBallY",
      "FadeInTime": -1.0,
      "FadeOutTime": -1.0,
      "Segments": [
        0,
        0.1,
        2,
        0.417,
        0.1,
        0,
        0.75,
        0.054,
        1,
        0.8,
        0.054,
        0.85,
        0.059,
        0.9,
        0.1,
        1,
        0.917,
        0.114,
        0.933,
        1,
        0.95,
        1,
        0,
        1.017,
        0.9,
        2,
        1.067,
        0.9,
        0,
        1.117,
        0.8,
        0,
        1.167,
        1,
        1,
        1.311,
        1,
        1.456,
        0.731,
        1.6,
        0.2,
        1,
        1.728,
        -0.269,
        1.855,
        -0.5,
        1.983,
        -0.5,
        2,
        2.217,
        -0.5,
        0,
        2.883,
        0.1,
        2,
        3.233,
        0.1
      ]
    },
    {
      "Target": "Parameter",
      "Id": "yanqie",
      "FadeInTime": -1.0,
      "FadeOutTime": -1.0,
      "Segments": [
        0,
        0,
        2,
        0.417,
        0,
        2,
        0.75,
        0,
        0,
        0.817,
        -1,
        2,
        1.6,
        -1,
        2,
        2.467,
        -1,
        0,
        2.517,
        0,
        2,
        2.883,
        0,
        2,
        3.233,
        0
      ]
    },
    {
      "Target": "Parameter",
      "Id": "liuhan",
      "FadeInTime": -1.0,
      "FadeOutTime": -1.0,
      "Segments": [
        0,
        2,
        2,
        0.417,
        2,
        2,
        0.75,
        2,
        0,
        1.3,
        2.58,
        2,
        1.6,
        2.58,
        2,
        1.983,
        2.58,
        2,
        2.217,
        2.58,
        2,
        2.883,
        2.58,
        2,
        3.233,
        2.58
      ]
    },
    {
      "Target": "Parameter",
      "Id": "lianhong",
      "FadeInTime": -1.0,
      "FadeOutTime": -1.0,
      "Segments": [
        0,
        1,
        2,
        0.417,
        1,
        2,
        0.75,
        1,
        0,
        1.05,
        2,
        2,
        1.6,
        2,
        2,
        2.5,
        2,
        2,
        2.883,
        2,
        2,
        3.233,
        2
      ]
    },
    {
      "Target": "Parameter",
      "Id": "ParamBrowLAngle",
      "FadeInTime": -1.0,
      "FadeOutTime": -1.0,
      "Segments": [
        0,
        0.5,
        2,
        0.417,
        0.5,
        2,
        0.75,
        0.5,
        0,
        1.05,
        1,
        2,
        1.6,
        1,
        0,
        2.883,
        0.5,
        2,
        3.233,
        0.5
      ]
    },
    {
      "Target": "Parameter",
      "Id": "ParamBrowRAngle",
      "FadeInTime": -1.0,
      "FadeOutTime": -1.0,
      "Segments": [
        0,
        -0.5,
        2,
        0.417,
        -0.5,
        2,
        0.75,
        -0.5,
        0,
        1.05,
        -1,
        2,
        1.6,
        -1,
        0,
        2.883,
        -0.5,
        2,
        3.233,
        -0.5
      ]
    },
    {
      "Target": "Parameter",
      "Id": "ParamBrowLForm",
      "FadeInTime": -1.0,
      "FadeOutTime": -1.0,
      "Segments": [
        0,
        -1,
        2,
        0.417,
        -1,
        2,
        0.75,
        -1,
        0,
        1.05,
        -0.4,
        0,
        1.6,
        -1,
        2,
        2.883,
        -1,
        2,
        3.233,
        -1
      ]
    },
    {
      "Target": "Parameter",
      "Id": "ParamBrowRForm",
      "FadeInTime": -1.0,
      "FadeOutTime": -1.0,
      "Segments": [
        0,
        -1,
        2,
        0.417,
        -1,
        2,
        0.75,
        -1,
        0,
        1.05,
        -0.5,
        0,
        1.6,
        -1,
        2,
        2.883,
        -1,
        2,
        3.233,
        -1
      ]
    },
    {
      "Target": "Parameter",
      "Id": "ParamMouthForm",
      "FadeInTime": -1.0,
      "FadeOutTime": -1.0,
      "Segments": [
        0,
        -0.31,
        2,
        0.417,
        -0.31,
        0,
        0.75,
        0,
        0,
        1.05,
        -1,
        2,
        1.6,
        -1,
        0,
        1.983,
        -0.31,
        2,
        2.217,
        -0.31,
        1,
        2.311,
        -0.31,
        2.406,
        0.359,
        2.5,
        0.5,
        1,
        2.567,
        0.6,
        2.633,
        0.602,
        2.7,
        0.646,
        1,
        2.761,
        0.686,
        2.822,
        0.7,
        2.883,
        0.7,
        2,
        3.233,
        0.7
      ]
    },
    {
      "Target": "Parameter",
      "Id": "ParamMouthOpenY2",
      "FadeInTime": -1.0,
      "FadeOutTime": -1.0,
      "Segments": [
        0,
        0,
        2,
        0.417,
        0,
        2,
        0.75,
        0,
        2,
        1.05,
        0,
        2,
        1.6,
        0,
        2,
        1.983,
        0,
        2,
        2.217,
        0,
        0,
        2.5,
        0.5,
        0,
        2.7,
        0.429,
        0,
        2.883,
        0.474,
        2,
        3.233,
        0.474
      ]
    },
    {
      "Target": "Parameter",
      "Id": "ParamAngleX",
      "FadeInTime": -1.0,
      "FadeOutTime": -1.0,
      "Segments": [
        0,
        -23,
        2,
        0.417,
        -23,
        1,
        0.528,
        -23,
        0.639,
        -21.966,
        0.75,
        -21,
        1,
        0.85,
        -20.13,
        0.95,
        -20.025,
        1.05,
        -19,
        1,
        1.233,
        -17.121,
        1.417,
        -15,
        1.6,
        -15,
        0,
        1.983,
        -21,
        1,
        2.061,
        -21,
        2.139,
        -19.828,
        2.217,
        -18.78,
        1,
        2.439,
        -15.785,
        2.661,
        -14.7,
        2.883,
        -14.7,
        2,
        3.233,
        -14.7
      ]
    },
    {
      "Target": "Parameter",
      "Id": "ParamAngleY",
      "FadeInTime": -1.0,
      "FadeOutTime": -1.0,
      "Segments": [
        0,
        -16,
        2,
        0.417,
        -16,
        1,
        0.528,
        -16,
        0.639,
        -15.984,
        0.75,
        -10,
        1,
        0.85,
        -4.614,
        0.95,
        13.48,
        1.05,
        13.48,
        1,
        1.233,
        13.48,
        1.417,
        13.21,
        1.6,
        7,
        1,
        1.728,
        2.672,
        1.855,
        -16,
        1.983,
        -16,
        1,
        2.061,
        -16,
        2.139,
        -12.674,
        2.217,
        -10.66,
        1,
        2.311,
        -8.215,
        2.406,
        -8.103,
        2.5,
        -5.19,
        1,
        2.628,
        -1.249,
        2.755,
        6.1,
        2.883,
        6.1,
        2,
        3.233,
        6.1
      ]
    },
    {
      "Target": "Parameter",
      "Id": "touxz",
      "FadeInTime": -1.0,
      "FadeOutTime": -1.0,
      "Segments": [
        0,
        9.7,
        2,
        0.417,
        9.7,
        2,
        0.75,
        9.7,
        2,
        1.6,
        9.7,
        0,
        1.983,
        6.46,
        1,
        2.061,
        6.46,
        2.139,
        7.314,
        2.217,
        7.82,
        1,
        2.439,
        9.266,
        2.661,
        9.7,
        2.883,
        9.7,
        2,
        3.233,
        9.7
      ]
    },
    {
      "Target": "Parameter",
      "Id": "ParamAngleZ",
      "FadeInTime": -1.0,
      "FadeOutTime": -1.0,
      "Segments": [
        0,
        8,
        2,
        0.417,
        8,
        1,
        0.528,
        8,
        0.639,
        7.894,
        0.75,
        8.66,
        1,
        0.85,
        9.35,
        0.95,
        15.239,
        1.05,
        15.239,
        2,
        1.6,
        15.239,
        0,
        1.983,
        6.38,
        1,
        2.061,
        6.38,
        2.139,
        6.582,
        2.217,
        6.86,
        1,
        2.439,
        7.655,
        2.661,
        8,
        2.883,
        8,
        2,
        3.233,
        8
      ]
    },
    {
      "Target": "Parameter",
      "Id": "toushiZ",
      "FadeInTime": -1.0,
      "FadeOutTime": -1.0,
      "Segments": [
        0,
        -2,
        2,
        0.417,
        -2,
        2,
        0.75,
        -2,
        0,
        1.6,
        1,
        0,
        1.983,
        -7,
        1,
        2.061,
        -7,
        2.139,
        -5.798,
        2.217,
        -5,
        1,
        2.439,
        -2.721,
        2.661,
        -2,
        2.883,
        -2,
        2,
        3.233,
        -2
      ]
    },
    {
      "Target": "Parameter",
      "Id": "ParamBodyAngleYB",
      "FadeInTime": -1.0,
      "FadeOutTime": -1.0,
      "Segments": [
        0,
        1,
        2,
        0.417,
        1,
        0,
        0.75,
        1.58,
        0,
        1.05,
        0,
        2,
        1.6,
        0,
        0,
        1.983,
        1,
        2,
        2.217,
        1,
        2,
        2.883,
        1,
        2,
        3.233,
        1
      ]
    },
    {
      "Target": "Parameter",
      "Id": "stsxz",
      "FadeInTime": -1.0,
      "FadeOutTime": -1.0,
      "Segments": [
        0,
        10,
        2,
        0.417,
        10,
        2,
        0.75,
        10,
        2,
        1.6,
        10,
        0,
        1.983,
        9.14,
        1,
        2.061,
        9.14,
        2.139,
        9.296,
        2.217,
        9.44,
        1,
        2.439,
        9.85,
        2.661,
        10,
        2.883,
        10,
        2,
        3.233,
        10
      ]
    },
    {
      "Target": "Parameter",
      "Id": "ParamBodyAngleZ",
      "FadeInTime": -1.0,
      "FadeOutTime": -1.0,
      "Segments": [
        0,
        4.22,
        2,
        0.417,
        4.22,
        2,
        0.75,
        4.22,
        0,
        1.05,
        5.32,
        0,
        1.2,
        5.194,
        0,
        1.35,
        5.381,
        1,
        1.433,
        5.381,
        1.517,
        5.411,
        1.6,
        5.32,
        1,
        1.728,
        5.181,
        1.855,
        4.26,
        1.983,
        4.26,
        2,
        2.217,
        4.26,
        0,
        2.883,
        4.22,
        2,
        3.233,
        4.22
      ]
    },
    {
      "Target": "Parameter",
      "Id": "renjd",
      "FadeInTime": -1.0,
      "FadeOutTime": -1.0,
      "Segments": [
        0,
        -13.34,
        2,
        0.417,
        -13.34,
        0,
        0.75,
        -13.88,
        2,
        1.6,
        -13.88,
        2,
        1.983,
        -13.88,
        2,
        2.217,
        -13.88,
        0,
        2.883,
        -13.34,
        2,
        3.233,
        -13.34
      ]
    },
    {
      "Target": "Parameter",
      "Id": "shenhuxi",
      "FadeInTime": -1.0,
      "FadeOutTime": -1.0,
      "Segments": [
        0,
        0,
        2,
        0.417,
        0,
        2,
        0.75,
        0,
        0,
        1.05,
        7,
        1,
        1.106,
        7,
        1.161,
        4.328,
        1.217,
        3,
        1,
        1.261,
        1.938,
        1.306,
        2,
        1.35,
        2,
        2,
        1.6,
        2,
        0,
        1.983,
        0,
        2,
        2.217,
        0,
        2,
        2.883,
        0,
        2,
        3.233,
        0
      ]
    },
    {
      "Target": "Parameter",
      "Id": "Rsbxz",
      "FadeInTime": -1.0,
      "FadeOutTime": -1.0,
      "Segments": [
        0,
        -2.84,
        2,
        0.417,
        -2.84,
        0,
        0.75,
        -3.14,
        0,
        1.05,
        -2.48,
        2,
        1.6,
        -2.48,
        0,
        1.983,
        -3.14,
        2,
        2.217,
        -3.14,
        0,
        2.883,
        -2.84,
        2,
        3.233,
        -2.84
      ]
    },
    {
      "Target": "Parameter",
      "Id": "Rxiaobixz",
      "FadeInTime": -1.0,
      "FadeOutTime": -1.0,
      "Segments": [
        0,
        -3.12,
        2,
        0.417,
        -3.12,
        0,
        0.75,
        -3.24,
        0,
        1.05,
        -2.46,
        2,
        1.6,
        -2.46,
        0,
        1.983,
        -3.24,
        2,
        2.217,
        -3.24,
        0,
        2.883,
        -3.12,
        2,
        3.233,
        -3.12
      ]
    },
    {
      "Target": "Parameter",
      "Id": "Rshouxz",
      "FadeInTime": -1.0,
      "FadeOutTime": -1.0,
      "Segments": [
        0,
        0.78,
        2,
        0.417,
        0.78,
        0,
        0.75,
        -1.44,
        2,
        1.983,
        -1.44,
        2,
        2.217,
        -1.44,
        0,
        2.883,
        0.78,
        2,
        3.233,
        0.78
      ]
    },
    {
      "Target": "Parameter",
      "Id": "yichuqtk",
      "FadeInTime": -1.0,
      "FadeOutTime": -1.0,
      "Segments": [
        0,
        1,
        0,
        3.233,
        1
      ]
    },
    {
      "Target": "Parameter",
      "Id": "tanglfyk",
      "FadeInTime": -1.0,
      "FadeOutTime": -1.0,
      "Segments": [
        0,
        0,
        0,
        3.233,
        0
      ]
    },
    {
      "Target": "Parameter",
      "Id": "touch_drag5",
      "FadeInTime": -1.0,
      "FadeOutTime": -1.0,
      "Segments": [
        0,
        0,
        0,
        3.233,
        0
      ]
    },
    {
      "Target": "Parameter",
      "Id": "LxiongsdX",
      "FadeInTime": -1.0,
      "FadeOutTime": -1.0,
      "Segments": [
        0,
        0,
        0,
        3.233,
        0
      ]
    },
    {
      "Target": "Parameter",
      "Id": "LxiongsdY",
      "FadeInTime": -1.0,
      "FadeOutTime": -1.0,
      "Segments": [
        0,
        0,
        0,
        3.233,
        0
      ]
    },
    {
      "Target": "Parameter",
      "Id": "xxxxxx31",
      "FadeInTime": -1.0,
      "FadeOutTime": -1.0,
      "Segments": [
        0,
        0,
        0,
        3.233,
        0
      ]
    },
    {
      "Target": "Parameter",
      "Id": "RxiongsdX",
      "FadeInTime": -1.0,
      "FadeOutTime": -1.0,
      "Segments": [
        0,
        0,
        0,
        3.233,
        0
      ]
    },
    {
      "Target": "Parameter",
      "Id": "RxiongsdY",
      "FadeInTime": -1.0,
      "FadeOutTime": -1.0,
      "Segments": [
        0,
        0,
        0,
        3.233,
        0
      ]
    },
    {
      "Target": "Parameter",
      "Id": "xxxxxx35",
      "FadeInTime": -1.0,
      "FadeOutTime": -1.0,
      "Segments": [
        0,
        0,
        0,
        3.233,
        0
      ]
    },
    {
      "Target": "Parameter",
      "Id": "sdweib",
      "FadeInTime": -1.0,
      "FadeOutTime": -1.0,
      "Segments": [
        0,
        0,
        0,
        3.233,
        0
      ]
    },
    {
      "Target": "Parameter",
      "Id": "heikuang",
      "FadeInTime": -1.0,
      "FadeOutTime": -1.0,
      "Segments": [
        0,
        0,
        0,
        3.233,
        0
      ]
    },
    {
      "Target": "Parameter",
      "Id": "baiping",
      "FadeInTime": -1.0,
      "FadeOutTime": -1.0,
      "Segments": [
        0,
        0,
        0,
        3.233,
        0
      ]
    },
    {
      "Target": "Parameter",
      "Id": "fenfenw",
      "FadeInTime": -1.0,
      "FadeOutTime": -1.0,
      "Segments": [
        0,
        0,
        0,
        3.233,
        0
      ]
    },
    {
      "Target": "Parameter",
      "Id": "fenfenw2",
      "FadeInTime": -1.0,
      "FadeOutTime": -1.0,
      "Segments": [
        0,
        0,
        0,
        3.233,
        0
      ]
    },
    {
      "Target": "Parameter",
      "Id": "zhuanpaik",
      "FadeInTime": -1.0,
      "FadeOutTime": -1.0,
      "Segments": [
        0,
        0,
        0,
        3.233,
        0
      ]
    },
    {
      "Target": "Parameter",
      "Id": "dengzhuanp",
      "FadeInTime": -1.0,
      "FadeOutTime": -1.0,
      "Segments": [
        0,
        0,
        0,
        3.233,
        0
      ]
    },
    {
      "Target": "Parameter",
      "Id": "dengbj",
      "FadeInTime": -1.0,
      "FadeOutTime": -1.0,
      "Segments": [
        0,
        0,
        0,
        3.233,
        0
      ]
    },
    {
      "Target": "Parameter",
      "Id": "xxxxxx25",
      "FadeInTime": -1.0,
      "FadeOutTime": -1.0,
      "Segments": [
        0,
        0,
        0,
        3.233,
        0
      ]
    },
    {
      "Target": "Parameter",
      "Id": "qianjingpai",
      "FadeInTime": -1.0,
      "FadeOutTime": -1.0,
      "Segments": [
        0,
        1,
        0,
        3.233,
        1
      ]
    },
    {
      "Target": "Parameter",
      "Id": "Param",
      "FadeInTime": -1.0,
      "FadeOutTime": -1.0,
      "Segments": [
        0,
        0,
        0,
        3.233,
        0
      ]
    },
    {
      "Target": "Parameter",
      "Id": "beijlc",
      "FadeInTime": -1.0,
      "FadeOutTime": -1.0,
      "Segments": [
        0,
        0,
        0,
        3.233,
        0
      ]
    },
    {
      "Target": "Parameter",
      "Id": "xxxxxx26",
      "FadeInTime": -1.0,
      "FadeOutTime": -1.0,
      "Segments": [
        0,
        0,
        0,
        3.233,
        0
      ]
    },
    {
      "Target": "Parameter",
      "Id": "gqtian",
      "FadeInTime": -1.0,
      "FadeOutTime": -1.0,
      "Segments": [
        0,
        0,
        0,
        3.233,
        0
      ]
    },
    {
      "Target": "Parameter",
      "Id": "zhaodenggaung",
      "FadeInTime": -1.0,
      "FadeOutTime": -1.0,
      "Segments": [
        0,
        0,
        0,
        3.233,
        0
      ]
    },
    {
      "Target": "Parameter",
      "Id": "zhaok50",
      "FadeInTime": -1.0,
      "FadeOutTime": -1.0,
      "Segments": [
        0,
        0,
        0,
        3.233,
        0
      ]
    },
    {
      "Target": "Parameter",
      "Id": "zhaodyun",
      "FadeInTime": -1.0,
      "FadeOutTime": -1.0,
      "Segments": [
        0,
        0,
        0,
        3.233,
        0
      ]
    },
    {
      "Target": "Parameter",
      "Id": "zhjaodengdx",
      "FadeInTime": -1.0,
      "FadeOutTime": -1.0,
      "Segments": [
        0,
        0,
        0,
        3.233,
        0
      ]
    },
    {
      "Target": "Parameter",
      "Id": "zhaodengX",
      "FadeInTime": -1.0,
      "FadeOutTime": -1.0,
      "Segments": [
        0,
        0,
        0,
        3.233,
        0
      ]
    },
    {
      "Target": "Parameter",
      "Id": "zhaodengY",
      "FadeInTime": -1.0,
      "FadeOutTime": -1.0,
      "Segments": [
        0,
        0,
        0,
        3.233,
        0
      ]
    },
    {
      "Target": "Parameter",
      "Id": "xxxxxx24",
      "FadeInTime": -1.0,
      "FadeOutTime": -1.0,
      "Segments": [
        0,
        0,
        0,
        3.233,
        0
      ]
    },
    {
      "Target": "Parameter",
      "Id": "pxk",
      "FadeInTime": -1.0,
      "FadeOutTime": -1.0,
      "Segments": [
        0,
        0,
        0,
        3.233,
        0
      ]
    },
    {
      "Target": "Parameter",
      "Id": "piaoaxA",
      "FadeInTime": -1.0,
      "FadeOutTime": -1.0,
      "Segments": [
        0,
        0,
        0,
        3.233,
        0
      ]
    },
    {
      "Target": "Parameter",
      "Id": "piaoaxB",
      "FadeInTime": -1.0,
      "FadeOutTime": -1.0,
      "Segments": [
        0,
        0,
        0,
        3.233,
        0
      ]
    },
    {
      "Target": "Parameter",
      "Id": "jjiang",
      "FadeInTime": -1.0,
      "FadeOutTime": -1.0,
      "Segments": [
        0,
        0,
        0,
        3.233,
        0
      ]
    },
    {
      "Target": "Parameter",
      "Id": "xxxxxx22",
      "FadeInTime": -1.0,
      "FadeOutTime": -1.0,
      "Segments": [
        0,
        0,
        0,
        3.233,
        0
      ]
    },
    {
      "Target": "Parameter",
      "Id": "tutoubj",
      "FadeInTime": -1.0,
      "FadeOutTime": -1.0,
      "Segments": [
        0,
        0,
        0,
        3.233,
        0
      ]
    },
    {
      "Target": "Parameter",
      "Id": "tutoud",
      "FadeInTime": -1.0,
      "FadeOutTime": -1.0,
      "Segments": [
        0,
        0,
        0,
        3.233,
        0
      ]
    },
    {
      "Target": "Parameter",
      "Id": "huangyuan",
      "FadeInTime": -1.0,
      "FadeOutTime": -1.0,
      "Segments": [
        0,
        0,
        0,
        3.233,
        0
      ]
    },
    {
      "Target": "Parameter",
      "Id": "huangyuan3",
      "FadeInTime": -1.0,
      "FadeOutTime": -1.0,
      "Segments": [
        0,
        0,
        0,
        3.233,
        0
      ]
    },
    {
      "Target": "Parameter",
      "Id": "huangyuan2",
      "FadeInTime": -1.0,
      "FadeOutTime": -1.0,
      "Segments": [
        0,
        0,
        0,
        3.233,
        0
      ]
    },
    {
      "Target": "Parameter",
      "Id": "xxxxxx16",
      "FadeInTime": -1.0,
      "FadeOutTime": -1.0,
      "Segments": [
        0,
        0,
        0,
        3.233,
        0
      ]
    },
    {
      "Target": "Parameter",
      "Id": "zhuanpxs",
      "FadeInTime": -1.0,
      "FadeOutTime": -1.0,
      "Segments": [
        0,
        0,
        0,
        3.233,
        0
      ]
    },
    {
      "Target": "Parameter",
      "Id": "zhubu",
      "FadeInTime": -1.0,
      "FadeOutTime": -1.0,
      "Segments": [
        0,
        1,
        0,
        3.233,
        1
      ]
    },
    {
      "Target": "Parameter",
      "Id": "zhuanpanX",
      "FadeInTime": -1.0,
      "FadeOutTime": -1.0,
      "Segments": [
        0,
        0,
        0,
        3.233,
        0
      ]
    },
    {
      "Target": "Parameter",
      "Id": "zhuanpanY",
      "FadeInTime": -1.0,
      "FadeOutTime": -1.0,
      "Segments": [
        0,
        0,
        0,
        3.233,
        0
      ]
    },
    {
      "Target": "Parameter",
      "Id": "zhuobuZ",
      "FadeInTime": -1.0,
      "FadeOutTime": -1.0,
      "Segments": [
        0,
        0,
        0,
        3.233,
        0
      ]
    },
    {
      "Target": "Parameter",
      "Id": "zhuobX",
      "FadeInTime": -1.0,
      "FadeOutTime": -1.0,
      "Segments": [
        0,
        0,
        0,
        3.233,
        0
      ]
    },
    {
      "Target": "Parameter",
      "Id": "zhuobY",
      "FadeInTime": -1.0,
      "FadeOutTime": -1.0,
      "Segments": [
        0,
        0,
        0,
        3.233,
        0
      ]
    },
    {
      "Target": "Parameter",
      "Id": "xxxxxx29",
      "FadeInTime": -1.0,
      "FadeOutTime": -1.0,
      "Segments": [
        0,
        0,
        0,
        3.233,
        0
      ]
    },
    {
      "Target": "Parameter",
      "Id": "ztdaxiao",
      "FadeInTime": -1.0,
      "FadeOutTime": -1.0,
      "Segments": [
        0,
        1.86,
        0,
        3.233,
        1.86
      ]
    },
    {
      "Target": "Parameter",
      "Id": "zhengtiX",
      "FadeInTime": -1.0,
      "FadeOutTime": -1.0,
      "Segments": [
        0,
        -1.26,
        0,
        3.233,
        -1.26
      ]
    },
    {
      "Target": "Parameter",
      "Id": "zhengtiY",
      "FadeInTime": -1.0,
      "FadeOutTime": -1.0,
      "Segments": [
        0,
        0,
        0,
        3.233,
        0
      ]
    },
    {
      "Target": "Parameter",
      "Id": "renwzX",
      "FadeInTime": -1.0,
      "FadeOutTime": -1.0,
      "Segments": [
        0,
        0,
        0,
        3.233,
        0
      ]
    },
    {
      "Target": "Parameter",
      "Id": "renwzY",
      "FadeInTime": -1.0,
      "FadeOutTime": -1.0,
      "Segments": [
        0,
        0,
        0,
        3.233,
        0
      ]
    },
    {
      "Target": "Parameter",
      "Id": "rendaxiao",
      "FadeInTime": -1.0,
      "FadeOutTime": -1.0,
      "Segments": [
        0,
        0,
        0,
        3.233,
        0
      ]
    },
    {
      "Target": "Parameter",
      "Id": "xxxxxx33",
      "FadeInTime": -1.0,
      "FadeOutTime": -1.0,
      "Segments": [
        0,
        0,
        0,
        3.233,
        0
      ]
    },
    {
      "Target": "Parameter",
      "Id": "xiang1c",
      "FadeInTime": -1.0,
      "FadeOutTime": -1.0,
      "Segments": [
        0,
        10,
        0,
        3.233,
        10
      ]
    },
    {
      "Target": "Parameter",
      "Id": "xiang1c2",
      "FadeInTime": -1.0,
      "FadeOutTime": -1.0,
      "Segments": [
        0,
        10,
        0,
        3.233,
        10
      ]
    },
    {
      "Target": "Parameter",
      "Id": "xiang1c3",
      "FadeInTime": -1.0,
      "FadeOutTime": -1.0,
      "Segments": [
        0,
        10,
        0,
        3.233,
        10
      ]
    },
    {
      "Target": "Parameter",
      "Id": "chajia1",
      "FadeInTime": -1.0,
      "FadeOutTime": -1.0,
      "Segments": [
        0,
        7.694,
        0,
        3.233,
        7.694
      ]
    },
    {
      "Target": "Parameter",
      "Id": "chajia2",
      "FadeInTime": -1.0,
      "FadeOutTime": -1.0,
      "Segments": [
        0,
        7.694,
        0,
        3.233,
        7.694
      ]
    },
    {
      "Target": "Parameter",
      "Id": "xxxxxx34",
      "FadeInTime": -1.0,
      "FadeOutTime": -1.0,
      "Segments": [
        0,
        0,
        0,
        3.233,
        0
      ]
    },
    {
      "Target": "Parameter",
      "Id": "shouopaixs",
      "FadeInTime": -1.0,
      "FadeOutTime": -1.0,
      "Segments": [
        0,
        0,
        0,
        3.233,
        0
      ]
    },
    {
      "Target": "Parameter",
      "Id": "xiangzif",
      "FadeInTime": -1.0,
      "FadeOutTime": -1.0,
      "Segments": [
        0,
        0,
        0,
        3.233,
        0
      ]
    },
    {
      "Target": "Parameter",
      "Id": "zhuorenX",
      "FadeInTime": -1.0,
      "FadeOutTime": -1.0,
      "Segments": [
        0,
        0,
        0,
        3.233,
        0
      ]
    },
    {
      "Target": "Parameter",
      "Id": "zhuorenY",
      "FadeInTime": -1.0,
      "FadeOutTime": -1.0,
      "Segments": [
        0,
        0,
        0,
        3.233,
        0
      ]
    },
    {
      "Target": "Parameter",
      "Id": "zhuorenxz",
      "FadeInTime": -1.0,
      "FadeOutTime": -1.0,
      "Segments": [
        0,
        0,
        0,
        3.233,
        0
      ]
    },
    {
      "Target": "Parameter",
      "Id": "ParamEyeLSmile",
      "FadeInTime": -1.0,
      "FadeOutTime": -1.0,
      "Segments": [
        0,
        0,
        0,
        3.233,
        0
      ]
    },
    {
      "Target": "Parameter",
      "Id": "ParamEyeRSmile",
      "FadeInTime": -1.0,
      "FadeOutTime": -1.0,
      "Segments": [
        0,
        0,
        0,
        3.233,
        0
      ]
    },
    {
      "Target": "Parameter",
      "Id": "xxxxxx14",
      "FadeInTime": -1.0,
      "FadeOutTime": -1.0,
      "Segments": [
        0,
        0,
        0,
        3.233,
        0
      ]
    },
    {
      "Target": "Parameter",
      "Id": "xinyan",
      "FadeInTime": -1.0,
      "FadeOutTime": -1.0,
      "Segments": [
        0,
        0,
        0,
        3.233,
        0
      ]
    },
    {
      "Target": "Parameter",
      "Id": "louzgl",
      "FadeInTime": -1.0,
      "FadeOutTime": -1.0,
      "Segments": [
        0,
        0,
        0,
        3.233,
        0
      ]
    },
    {
      "Target": "Parameter",
      "Id": "wink1",
      "FadeInTime": -1.0,
      "FadeOutTime": -1.0,
      "Segments": [
        0,
        0,
        0,
        3.233,
        0
      ]
    },
    {
      "Target": "Parameter",
      "Id": "zzfu",
      "FadeInTime": -1.0,
      "FadeOutTime": -1.0,
      "Segments": [
        0,
        0,
        0,
        3.233,
        0
      ]
    },
    {
      "Target": "Parameter",
      "Id": "ddqip",
      "FadeInTime": -1.0,
      "FadeOutTime": -1.0,
      "Segments": [
        0,
        0,
        0,
        3.233,
        0
      ]
    },
    {
      "Target": "Parameter",
      "Id": "wenhyinf",
      "FadeInTime": -1.0,
      "FadeOutTime": -1.0,
      "Segments": [
        0,
        0,
        0,
        3.233,
        0
      ]
    },
    {
      "Target": "Parameter",
      "Id": "jingfu",
      "FadeInTime": -1.0,
      "FadeOutTime": -1.0,
      "Segments": [
        0,
        0,
        0,
        3.233,
        0
      ]
    },
    {
      "Target": "Parameter",
      "Id": "xxxxxx15",
      "FadeInTime": -1.0,
      "FadeOutTime": -1.0,
      "Segments": [
        0,
        0,
        0,
        3.233,
        0
      ]
    },
    {
      "Target": "Parameter",
      "Id": "xxxxxx17",
      "FadeInTime": -1.0,
      "FadeOutTime": -1.0,
      "Segments": [
        0,
        0,
        0,
        3.233,
        0
      ]
    },
    {
      "Target": "Parameter",
      "Id": "zuiqie",
      "FadeInTime": -1.0,
      "FadeOutTime": -1.0,
      "Segments": [
        0,
        1,
        0,
        3.233,
        1
      ]
    },
    {
      "Target": "Parameter",
      "Id": "yaguan",
      "FadeInTime": -1.0,
      "FadeOutTime": -1.0,
      "Segments": [
        0,
        0,
        0,
        3.233,
        0
      ]
    },
    {
      "Target": "Parameter",
      "Id": "ParamMouthOpenY",
      "FadeInTime": -1.0,
      "FadeOutTime": -1.0,
      "Segments": [
        0,
        0,
        0,
        3.233,
        0
      ]
    },
    {
      "Target": "Parameter",
      "Id": "rehuanZ",
      "FadeInTime": -1.0,
      "FadeOutTime": -1.0,
      "Segments": [
        0,
        0,
        0,
        3.233,
        0
      ]
    },
    {
      "Target": "Parameter",
      "Id": "boziying",
      "FadeInTime": -1.0,
      "FadeOutTime": -1.0,
      "Segments": [
        0,
        0,
        0,
        3.233,
        0
      ]
    },
    {
      "Target": "Parameter",
      "Id": "ParamBodyAngleX2",
      "FadeInTime": -1.0,
      "FadeOutTime": -1.0,
      "Segments": [
        0,
        -10,
        0,
        3.233,
        -10
      ]
    },
    {
      "Target": "Parameter",
      "Id": "xxxxxx9",
      "FadeInTime": -1.0,
      "FadeOutTime": -1.0,
      "Segments": [
        0,
        0,
        0,
        3.233,
        0
      ]
    },
    {
      "Target": "Parameter",
      "Id": "weidai1",
      "FadeInTime": -1.0,
      "FadeOutTime": -1.0,
      "Segments": [
        0,
        10,
        0,
        3.233,
        10
      ]
    },
    {
      "Target": "Parameter",
      "Id": "weidaixs",
      "FadeInTime": -1.0,
      "FadeOutTime": -1.0,
      "Segments": [
        0,
        1,
        0,
        3.233,
        1
      ]
    },
    {
      "Target": "Parameter",
      "Id": "xxxxxx23",
      "FadeInTime": -1.0,
      "FadeOutTime": -1.0,
      "Segments": [
        0,
        0,
        0,
        3.233,
        0
      ]
    },
    {
      "Target": "Parameter",
      "Id": "shentixiaX",
      "FadeInTime": -1.0,
      "FadeOutTime": -1.0,
      "Segments": [
        0,
        -10,
        0,
        3.233,
        -10
      ]
    },
    {
      "Target": "Parameter",
      "Id": "yanweitz",
      "FadeInTime": -1.0,
      "FadeOutTime": -1.0,
      "Segments": [
        0,
        10,
        0,
        3.233,
        10
      ]
    },
    {
      "Target": "Parameter",
      "Id": "rntz",
      "FadeInTime": -1.0,
      "FadeOutTime": -1.0,
      "Segments": [
        0,
        0,
        0,
        3.233,
        0
      ]
    },
    {
      "Target": "Parameter",
      "Id": "lnaicj",
      "FadeInTime": -1.0,
      "FadeOutTime": -1.0,
      "Segments": [
        0,
        -10,
        0,
        3.233,
        -10
      ]
    },
    {
      "Target": "Parameter",
      "Id": "Rjiansx",
      "FadeInTime": -1.0,
      "FadeOutTime": -1.0,
      "Segments": [
        0,
        10,
        0,
        3.233,
        10
      ]
    },
    {
      "Target": "Parameter",
      "Id": "RshangbiY",
      "FadeInTime": -1.0,
      "FadeOutTime": -1.0,
      "Segments": [
        0,
        0,
        0,
        3.233,
        0
      ]
    },
    {
      "Target": "Parameter",
      "Id": "RxiaobiY",
      "FadeInTime": -1.0,
      "FadeOutTime": -1.0,
      "Segments": [
        0,
        0,
        0,
        3.233,
        0
      ]
    },
    {
      "Target": "Parameter",
      "Id": "rxiaobitz",
      "FadeInTime": -1.0,
      "FadeOutTime": -1.0,
      "Segments": [
        0,
        0,
        0,
        3.233,
        0
      ]
    },
    {
      "Target": "Parameter",
      "Id": "Rshangbicj",
      "FadeInTime": -1.0,
      "FadeOutTime": -1.0,
      "Segments": [
        0,
        -1.41,
        0,
        3.233,
        -1.41
      ]
    },
    {
      "Target": "Parameter",
      "Id": "Rzhaoshou",
      "FadeInTime": -1.0,
      "FadeOutTime": -1.0,
      "Segments": [
        0,
        10,
        0,
        3.233,
        10
      ]
    },
    {
      "Target": "Parameter",
      "Id": "Rmoshouw",
      "FadeInTime": -1.0,
      "FadeOutTime": -1.0,
      "Segments": [
        0,
        1,
        0,
        3.233,
        1
      ]
    },
    {
      "Target": "Parameter",
      "Id": "Rmosoui",
      "FadeInTime": -1.0,
      "FadeOutTime": -1.0,
      "Segments": [
        0,
        1,
        0,
        3.233,
        1
      ]
    },
    {
      "Target": "Parameter",
      "Id": "Rfangshou",
      "FadeInTime": -1.0,
      "FadeOutTime": -1.0,
      "Segments": [
        0,
        0,
        0,
        3.233,
        0
      ]
    },
    {
      "Target": "Parameter",
      "Id": "Rxzhoaushou",
      "FadeInTime": -1.0,
      "FadeOutTime": -1.0,
      "Segments": [
        0,
        0,
        0,
        3.233,
        0
      ]
    },
    {
      "Target": "Parameter",
      "Id": "Rshenshou",
      "FadeInTime": -1.0,
      "FadeOutTime": -1.0,
      "Segments": [
        0,
        0,
        0,
        3.233,
        0
      ]
    },
    {
      "Target": "Parameter",
      "Id": "Rchashou",
      "FadeInTime": -1.0,
      "FadeOutTime": -1.0,
      "Segments": [
        0,
        0,
        0,
        3.233,
        0
      ]
    },
    {
      "Target": "Parameter",
      "Id": "ycmzc",
      "FadeInTime": -1.0,
      "FadeOutTime": -1.0,
      "Segments": [
        0,
        0,
        0,
        3.233,
        0
      ]
    },
    {
      "Target": "Parameter",
      "Id": "xxxxxx12",
      "FadeInTime": -1.0,
      "FadeOutTime": -1.0,
      "Segments": [
        0,
        0,
        0,
        3.233,
        0
      ]
    },
    {
      "Target": "Parameter",
      "Id": "Rshoudh",
      "FadeInTime": -1.0,
      "FadeOutTime": -1.0,
      "Segments": [
        0,
        4,
        0,
        3.233,
        4
      ]
    },
    {
      "Target": "Parameter",
      "Id": "RshouX",
      "FadeInTime": -1.0,
      "FadeOutTime": -1.0,
      "Segments": [
        0,
        0,
        0,
        3.233,
        0
      ]
    },
    {
      "Target": "Parameter",
      "Id": "Rmuzhi",
      "FadeInTime": -1.0,
      "FadeOutTime": -1.0,
      "Segments": [
        0,
        0,
        0,
        3.233,
        0
      ]
    },
    {
      "Target": "Parameter",
      "Id": "Rshizhi",
      "FadeInTime": -1.0,
      "FadeOutTime": -1.0,
      "Segments": [
        0,
        3,
        0,
        3.233,
        3
      ]
    },
    {
      "Target": "Parameter",
      "Id": "Rzhongz",
      "FadeInTime": -1.0,
      "FadeOutTime": -1.0,
      "Segments": [
        0,
        5,
        0,
        3.233,
        5
      ]
    },
    {
      "Target": "Parameter",
      "Id": "xxxxxx11",
      "FadeInTime": -1.0,
      "FadeOutTime": -1.0,
      "Segments": [
        0,
        0,
        0,
        3.233,
        0
      ]
    },
    {
      "Target": "Parameter",
      "Id": "rngaix",
      "FadeInTime": -1.0,
      "FadeOutTime": -1.0,
      "Segments": [
        0,
        0,
        0,
        3.233,
        0
      ]
    },
    {
      "Target": "Parameter",
      "Id": "lngaix2",
      "FadeInTime": -1.0,
      "FadeOutTime": -1.0,
      "Segments": [
        0,
        0,
        0,
        3.233,
        0
      ]
    },
    {
      "Target": "Parameter",
      "Id": "Lnaidian",
      "FadeInTime": -1.0,
      "FadeOutTime": -1.0,
      "Segments": [
        0,
        0,
        0,
        3.233,
        0
      ]
    },
    {
      "Target": "Parameter",
      "Id": "Rnaidian",
      "FadeInTime": -1.0,
      "FadeOutTime": -1.0,
      "Segments": [
        0,
        0,
        0,
        3.233,
        0
      ]
    },
    {
      "Target": "Parameter",
      "Id": "Param3",
      "FadeInTime": -1.0,
      "FadeOutTime": -1.0,
      "Segments": [
        0,
        7,
        0,
        3.233,
        7
      ]
    },
    {
      "Target": "Parameter",
      "Id": "lshangbxz",
      "FadeInTime": -1.0,
      "FadeOutTime": -1.0,
      "Segments": [
        0,
        -3.38,
        0,
        3.233,
        -3.38
      ]
    },
    {
      "Target": "Parameter",
      "Id": "Lxiaobixz",
      "FadeInTime": -1.0,
      "FadeOutTime": -1.0,
      "Segments": [
        0,
        6.28,
        0,
        3.233,
        6.28
      ]
    },
    {
      "Target": "Parameter",
      "Id": "Lshouxz",
      "FadeInTime": -1.0,
      "FadeOutTime": -1.0,
      "Segments": [
        0,
        20.36,
        0,
        3.233,
        20.36
      ]
    },
    {
      "Target": "Parameter",
      "Id": "LsahngbuiY",
      "FadeInTime": -1.0,
      "FadeOutTime": -1.0,
      "Segments": [
        0,
        -6.06,
        0,
        3.233,
        -6.06
      ]
    },
    {
      "Target": "Parameter",
      "Id": "LxiaobiY",
      "FadeInTime": -1.0,
      "FadeOutTime": -1.0,
      "Segments": [
        0,
        0,
        0,
        3.233,
        0
      ]
    },
    {
      "Target": "Parameter",
      "Id": "Lxiaobcj",
      "FadeInTime": -1.0,
      "FadeOutTime": -1.0,
      "Segments": [
        0,
        -10,
        0,
        3.233,
        -10
      ]
    },
    {
      "Target": "Parameter",
      "Id": "Lmzsz",
      "FadeInTime": -1.0,
      "FadeOutTime": -1.0,
      "Segments": [
        0,
        1,
        0,
        3.233,
        1
      ]
    },
    {
      "Target": "Parameter",
      "Id": "Lmxbtzheng",
      "FadeInTime": -1.0,
      "FadeOutTime": -1.0,
      "Segments": [
        0,
        0,
        0,
        3.233,
        0
      ]
    },
    {
      "Target": "Parameter",
      "Id": "lnaiji",
      "FadeInTime": -1.0,
      "FadeOutTime": -1.0,
      "Segments": [
        0,
        0,
        0,
        3.233,
        0
      ]
    },
    {
      "Target": "Parameter",
      "Id": "xxxxxx10",
      "FadeInTime": -1.0,
      "FadeOutTime": -1.0,
      "Segments": [
        0,
        0,
        0,
        3.233,
        0
      ]
    },
    {
      "Target": "Parameter",
      "Id": "Lmoshou",
      "FadeInTime": -1.0,
      "FadeOutTime": -1.0,
      "Segments": [
        0,
        0,
        0,
        3.233,
        0
      ]
    },
    {
      "Target": "Parameter",
      "Id": "Lmohuishouxiu",
      "FadeInTime": -1.0,
      "FadeOutTime": -1.0,
      "Segments": [
        0,
        -1,
        0,
        3.233,
        -1
      ]
    },
    {
      "Target": "Parameter",
      "Id": "jiubeisohu",
      "FadeInTime": -1.0,
      "FadeOutTime": -1.0,
      "Segments": [
        0,
        0,
        0,
        3.233,
        0
      ]
    },
    {
      "Target": "Parameter",
      "Id": "Lbeishou",
      "FadeInTime": -1.0,
      "FadeOutTime": -1.0,
      "Segments": [
        0,
        0.003,
        0,
        3.233,
        0.003
      ]
    },
    {
      "Target": "Parameter",
      "Id": "Lmoashou",
      "FadeInTime": -1.0,
      "FadeOutTime": -1.0,
      "Segments": [
        0,
        0,
        0,
        3.233,
        0
      ]
    },
    {
      "Target": "Parameter",
      "Id": "Lmotuis",
      "FadeInTime": -1.0,
      "FadeOutTime": -1.0,
      "Segments": [
        0,
        1,
        0,
        3.233,
        1
      ]
    },
    {
      "Target": "Parameter",
      "Id": "LszB",
      "FadeInTime": -1.0,
      "FadeOutTime": -1.0,
      "Segments": [
        0,
        0,
        0,
        3.233,
        0
      ]
    },
    {
      "Target": "Parameter",
      "Id": "Lzhaoshou",
      "FadeInTime": -1.0,
      "FadeOutTime": -1.0,
      "Segments": [
        0,
        0,
        0,
        3.233,
        0
      ]
    },
    {
      "Target": "Parameter",
      "Id": "Lchashou",
      "FadeInTime": -1.0,
      "FadeOutTime": -1.0,
      "Segments": [
        0,
        0,
        0,
        3.233,
        0
      ]
    },
    {
      "Target": "Parameter",
      "Id": "xxxxxx13",
      "FadeInTime": -1.0,
      "FadeOutTime": -1.0,
      "Segments": [
        0,
        0,
        0,
        3.233,
        0
      ]
    },
    {
      "Target": "Parameter",
      "Id": "Lshoudh",
      "FadeInTime": -1.0,
      "FadeOutTime": -1.0,
      "Segments": [
        0,
        0,
        0,
        3.233,
        0
      ]
    },
    {
      "Target": "Parameter",
      "Id": "zhaoshoudh",
      "FadeInTime": -1.0,
      "FadeOutTime": -1.0,
      "Segments": [
        0,
        1,
        0,
        3.233,
        1
      ]
    },
    {
      "Target": "Parameter",
      "Id": "lshoubx",
      "FadeInTime": -1.0,
      "FadeOutTime": -1.0,
      "Segments": [
        0,
        0,
        0,
        3.233,
        0
      ]
    },
    {
      "Target": "Parameter",
      "Id": "Lshizhi",
      "FadeInTime": -1.0,
      "FadeOutTime": -1.0,
      "Segments": [
        0,
        0,
        0,
        3.233,
        0
      ]
    },
    {
      "Target": "Parameter",
      "Id": "Lmuzhi",
      "FadeInTime": -1.0,
      "FadeOutTime": -1.0,
      "Segments": [
        0,
        10,
        0,
        3.233,
        10
      ]
    },
    {
      "Target": "Parameter",
      "Id": "Lzhongzhi",
      "FadeInTime": -1.0,
      "FadeOutTime": -1.0,
      "Segments": [
        0,
        0,
        0,
        3.233,
        0
      ]
    },
    {
      "Target": "Parameter",
      "Id": "Lmoshouz",
      "FadeInTime": -1.0,
      "FadeOutTime": -1.0,
      "Segments": [
        0,
        0,
        0,
        3.233,
        0
      ]
    },
    {
      "Target": "Parameter",
      "Id": "Ldatuixz",
      "FadeInTime": -1.0,
      "FadeOutTime": -1.0,
      "Segments": [
        0,
        -12.38,
        0,
        3.233,
        -12.38
      ]
    },
    {
      "Target": "Parameter",
      "Id": "Lxiaotuixz",
      "FadeInTime": -1.0,
      "FadeOutTime": -1.0,
      "Segments": [
        0,
        8.86,
        0,
        3.233,
        8.86
      ]
    },
    {
      "Target": "Parameter",
      "Id": "Ljiaoxz",
      "FadeInTime": -1.0,
      "FadeOutTime": -1.0,
      "Segments": [
        0,
        5.96,
        0,
        3.233,
        5.96
      ]
    },
    {
      "Target": "Parameter",
      "Id": "LdatuiY",
      "FadeInTime": -1.0,
      "FadeOutTime": -1.0,
      "Segments": [
        0,
        4,
        0,
        3.233,
        4
      ]
    },
    {
      "Target": "Parameter",
      "Id": "LxiaotuiY",
      "FadeInTime": -1.0,
      "FadeOutTime": -1.0,
      "Segments": [
        0,
        -1.34,
        0,
        3.233,
        -1.34
      ]
    },
    {
      "Target": "Parameter",
      "Id": "Ldatuian",
      "FadeInTime": -1.0,
      "FadeOutTime": -1.0,
      "Segments": [
        0,
        1,
        0,
        3.233,
        1
      ]
    },
    {
      "Target": "Parameter",
      "Id": "LjiaoX",
      "FadeInTime": -1.0,
      "FadeOutTime": -1.0,
      "Segments": [
        0,
        0,
        0,
        3.233,
        0
      ]
    },
    {
      "Target": "Parameter",
      "Id": "Ldatuitz",
      "FadeInTime": -1.0,
      "FadeOutTime": -1.0,
      "Segments": [
        0,
        0,
        0,
        3.233,
        0
      ]
    },
    {
      "Target": "Parameter",
      "Id": "Ltuicjj",
      "FadeInTime": -1.0,
      "FadeOutTime": -1.0,
      "Segments": [
        0,
        0,
        0,
        3.233,
        0
      ]
    },
    {
      "Target": "Parameter",
      "Id": "Rdatuixz",
      "FadeInTime": -1.0,
      "FadeOutTime": -1.0,
      "Segments": [
        0,
        -15.46,
        0,
        3.233,
        -15.46
      ]
    },
    {
      "Target": "Parameter",
      "Id": "Rxiaotuixz",
      "FadeInTime": -1.0,
      "FadeOutTime": -1.0,
      "Segments": [
        0,
        14.36,
        0,
        3.233,
        14.36
      ]
    },
    {
      "Target": "Parameter",
      "Id": "Rjiaoxz",
      "FadeInTime": -1.0,
      "FadeOutTime": -1.0,
      "Segments": [
        0,
        6.54,
        0,
        3.233,
        6.54
      ]
    },
    {
      "Target": "Parameter",
      "Id": "RdatuiY",
      "FadeInTime": -1.0,
      "FadeOutTime": -1.0,
      "Segments": [
        0,
        0,
        0,
        3.233,
        0
      ]
    },
    {
      "Target": "Parameter",
      "Id": "RxiaotuiY",
      "FadeInTime": -1.0,
      "FadeOutTime": -1.0,
      "Segments": [
        0,
        -2,
        0,
        3.233,
        -2
      ]
    },
    {
      "Target": "Parameter",
      "Id": "Rxiaotuiguang",
      "FadeInTime": -1.0,
      "FadeOutTime": -1.0,
      "Segments": [
        0,
        1,
        0,
        3.233,
        1
      ]
    },
    {
      "Target": "Parameter",
      "Id": "RjiaoX",
      "FadeInTime": -1.0,
      "FadeOutTime": -1.0,
      "Segments": [
        0,
        0,
        0,
        3.233,
        0
      ]
    },
    {
      "Target": "Parameter",
      "Id": "Rdtntz",
      "FadeInTime": -1.0,
      "FadeOutTime": -1.0,
      "Segments": [
        0,
        0,
        0,
        3.233,
        0
      ]
    },
    {
      "Target": "Parameter",
      "Id": "Rtuicj",
      "FadeInTime": -1.0,
      "FadeOutTime": -1.0,
      "Segments": [
        0,
        -10,
        0,
        3.233,
        -10
      ]
    },
    {
      "Target": "Parameter",
      "Id": "sxpxians",
      "FadeInTime": -1.0,
      "FadeOutTime": -1.0,
      "Segments": [
        0,
        0,
        0,
        3.233,
        0
      ]
    },
    {
      "Target": "Parameter",
      "Id": "paihuo",
      "FadeInTime": -1.0,
      "FadeOutTime": -1.0,
      "Segments": [
        0,
        0,
        0,
        3.233,
        0
      ]
    },
    {
      "Target": "Parameter",
      "Id": "huopai",
      "FadeInTime": -1.0,
      "FadeOutTime": -1.0,
      "Segments": [
        0,
        0,
        0,
        3.233,
        0
      ]
    },
    {
      "Target": "Parameter",
      "Id": "shouxinpX",
      "FadeInTime": -1.0,
      "FadeOutTime": -1.0,
      "Segments": [
        0,
        0,
        0,
        3.233,
        0
      ]
    },
    {
      "Target": "Parameter",
      "Id": "shouxinaiZ",
      "FadeInTime": -1.0,
      "FadeOutTime": -1.0,
      "Segments": [
        0,
        0,
        0,
        3.233,
        0
      ]
    },
    {
      "Target": "Parameter",
      "Id": "xxxxxx18",
      "FadeInTime": -1.0,
      "FadeOutTime": -1.0,
      "Segments": [
        0,
        0,
        0,
        3.233,
        0
      ]
    },
    {
      "Target": "Parameter",
      "Id": "jiubeihua",
      "FadeInTime": -1.0,
      "FadeOutTime": -1.0,
      "Segments": [
        0,
        0,
        0,
        3.233,
        0
      ]
    },
    {
      "Target": "Parameter",
      "Id": "huaX",
      "FadeInTime": -1.0,
      "FadeOutTime": -1.0,
      "Segments": [
        0,
        0,
        0,
        3.233,
        0
      ]
    },
    {
      "Target": "Parameter",
      "Id": "jbzhuan",
      "FadeInTime": -1.0,
      "FadeOutTime": -1.0,
      "Segments": [
        0,
        0,
        0,
        3.233,
        0
      ]
    },
    {
      "Target": "Parameter",
      "Id": "jiuA",
      "FadeInTime": -1.0,
      "FadeOutTime": -1.0,
      "Segments": [
        0,
        0,
        0,
        3.233,
        0
      ]
    },
    {
      "Target": "Parameter",
      "Id": "jiuA2",
      "FadeInTime": -1.0,
      "FadeOutTime": -1.0,
      "Segments": [
        0,
        0,
        0,
        3.233,
        0
      ]
    },
    {
      "Target": "Parameter",
      "Id": "daojiu",
      "FadeInTime": -1.0,
      "FadeOutTime": -1.0,
      "Segments": [
        0,
        0,
        0,
        3.233,
        0
      ]
    },
    {
      "Target": "Parameter",
      "Id": "xxxxxx19",
      "FadeInTime": -1.0,
      "FadeOutTime": -1.0,
      "Segments": [
        0,
        0,
        0,
        3.233,
        0
      ]
    },
    {
      "Target": "Parameter",
      "Id": "toumxs",
      "FadeInTime": -1.0,
      "FadeOutTime": -1.0,
      "Segments": [
        0,
        1,
        0,
        3.233,
        1
      ]
    },
    {
      "Target": "Parameter",
      "Id": "toumexians",
      "FadeInTime": -1.0,
      "FadeOutTime": -1.0,
      "Segments": [
        0,
        0,
        0,
        3.233,
        0
      ]
    },
    {
      "Target": "Parameter",
      "Id": "shoumaoxs",
      "FadeInTime": -1.0,
      "FadeOutTime": -1.0,
      "Segments": [
        0,
        0,
        0,
        3.233,
        0
      ]
    },
    {
      "Target": "Parameter",
      "Id": "shoumaozhuan",
      "FadeInTime": -1.0,
      "FadeOutTime": -1.0,
      "Segments": [
        0,
        0,
        0,
        3.233,
        0
      ]
    },
    {
      "Target": "Parameter",
      "Id": "shoumaossu",
      "FadeInTime": -1.0,
      "FadeOutTime": -1.0,
      "Segments": [
        0,
        0,
        0,
        3.233,
        0
      ]
    },
    {
      "Target": "Parameter",
      "Id": "smhcengj",
      "FadeInTime": -1.0,
      "FadeOutTime": -1.0,
      "Segments": [
        0,
        0,
        0,
        3.233,
        0
      ]
    },
    {
      "Target": "Parameter",
      "Id": "piaomaox",
      "FadeInTime": -1.0,
      "FadeOutTime": -1.0,
      "Segments": [
        0,
        -1.621,
        0,
        3.233,
        -1.621
      ]
    },
    {
      "Target": "Parameter",
      "Id": "piaomaoY",
      "FadeInTime": -1.0,
      "FadeOutTime": -1.0,
      "Segments": [
        0,
        -0.343,
        0,
        3.233,
        -0.343
      ]
    },
    {
      "Target": "Parameter",
      "Id": "piaomaozhuna",
      "FadeInTime": -1.0,
      "FadeOutTime": -1.0,
      "Segments": [
        0,
        -5.215,
        0,
        3.233,
        -5.215
      ]
    },
    {
      "Target": "Parameter",
      "Id": "piaomaodaxiao",
      "FadeInTime": -1.0,
      "FadeOutTime": -1.0,
      "Segments": [
        0,
        0,
        0,
        3.233,
        0
      ]
    },
    {
      "Target": "Parameter",
      "Id": "piaomaoX",
      "FadeInTime": -1.0,
      "FadeOutTime": -1.0,
      "Segments": [
        0,
        0,
        0,
        3.233,
        0
      ]
    },
    {
      "Target": "Parameter",
      "Id": "xxxxxx20",
      "FadeInTime": -1.0,
      "FadeOutTime": -1.0,
      "Segments": [
        0,
        0,
        0,
        3.233,
        0
      ]
    },
    {
      "Target": "Parameter",
      "Id": "hfmying",
      "FadeInTime": -1.0,
      "FadeOutTime": -1.0,
      "Segments": [
        0,
        0,
        0,
        3.233,
        0
      ]
    },
    {
      "Target": "Parameter",
      "Id": "toumaoX",
      "FadeInTime": -1.0,
      "FadeOutTime": -1.0,
      "Segments": [
        0,
        0,
        0,
        3.233,
        0
      ]
    },
    {
      "Target": "Parameter",
      "Id": "toumaoY",
      "FadeInTime": -1.0,
      "FadeOutTime": -1.0,
      "Segments": [
        0,
        0,
        0,
        3.233,
        0
      ]
    },
    {
      "Target": "Parameter",
      "Id": "toumaoxz",
      "FadeInTime": -1.0,
      "FadeOutTime": -1.0,
      "Segments": [
        0,
        0,
        0,
        3.233,
        0
      ]
    },
    {
      "Target": "Parameter",
      "Id": "shoulxians",
      "FadeInTime": -1.0,
      "FadeOutTime": -1.0,
      "Segments": [
        0,
        0,
        0,
        3.233,
        0
      ]
    },
    {
      "Target": "Parameter",
      "Id": "shoulian",
      "FadeInTime": -1.0,
      "FadeOutTime": -1.0,
      "Segments": [
        0,
        0,
        0,
        3.233,
        0
      ]
    },
    {
      "Target": "Parameter",
      "Id": "shoulianx",
      "FadeInTime": -1.0,
      "FadeOutTime": -1.0,
      "Segments": [
        0,
        0,
        0,
        3.233,
        0
      ]
    },
    {
      "Target": "Parameter",
      "Id": "shoulianY",
      "FadeInTime": -1.0,
      "FadeOutTime": -1.0,
      "Segments": [
        0,
        0,
        0,
        3.233,
        0
      ]
    },
    {
      "Target": "Parameter",
      "Id": "shoulian2",
      "FadeInTime": -1.0,
      "FadeOutTime": -1.0,
      "Segments": [
        0,
        0,
        0,
        3.233,
        0
      ]
    },
    {
      "Target": "Parameter",
      "Id": "xxxxxx21",
      "FadeInTime": -1.0,
      "FadeOutTime": -1.0,
      "Segments": [
        0,
        0,
        0,
        3.233,
        0
      ]
    },
    {
      "Target": "Parameter",
      "Id": "sdmaodai",
      "FadeInTime": -1.0,
      "FadeOutTime": -1.0,
      "Segments": [
        0,
        0,
        0,
        3.233,
        0
      ]
    },
    {
      "Target": "Parameter",
      "Id": "shoumwl1",
      "FadeInTime": -1.0,
      "FadeOutTime": -1.0,
      "Segments": [
        0,
        0,
        0,
        3.233,
        0
      ]
    },
    {
      "Target": "Parameter",
      "Id": "shoumwl2",
      "FadeInTime": -1.0,
      "FadeOutTime": -1.0,
      "Segments": [
        0,
        0,
        0,
        3.233,
        0
      ]
    },
    {
      "Target": "Parameter",
      "Id": "maosheng3",
      "FadeInTime": -1.0,
      "FadeOutTime": -1.0,
      "Segments": [
        0,
        0,
        0,
        3.233,
        0
      ]
    },
    {
      "Target": "Parameter",
      "Id": "maosheng4",
      "FadeInTime": -1.0,
      "FadeOutTime": -1.0,
      "Segments": [
        0,
        0,
        0,
        3.233,
        0
      ]
    },
    {
      "Target": "Parameter",
      "Id": "xxxxxx28",
      "FadeInTime": -1.0,
      "FadeOutTime": -1.0,
      "Segments": [
        0,
        0,
        0,
        3.233,
        0
      ]
    },
    {
      "Target": "Parameter",
      "Id": "shouyan1",
      "FadeInTime": -1.0,
      "FadeOutTime": -1.0,
      "Segments": [
        0,
        0,
        0,
        3.233,
        0
      ]
    },
    {
      "Target": "Parameter",
      "Id": "shouyan2",
      "FadeInTime": -1.0,
      "FadeOutTime": -1.0,
      "Segments": [
        0,
        0,
        0,
        3.233,
        0
      ]
    },
    {
      "Target": "Parameter",
      "Id": "shouyan3",
      "FadeInTime": -1.0,
      "FadeOutTime": -1.0,
      "Segments": [
        0,
        0,
        0,
        3.233,
        0
      ]
    },
    {
      "Target": "Parameter",
      "Id": "caihejd",
      "FadeInTime": -1.0,
      "FadeOutTime": -1.0,
      "Segments": [
        0,
        0,
        0,
        3.233,
        0
      ]
    },
    {
      "Target": "Parameter",
      "Id": "caihxs",
      "FadeInTime": -1.0,
      "FadeOutTime": -1.0,
      "Segments": [
        0,
        0,
        0,
        3.233,
        0
      ]
    },
    {
      "Target": "Parameter",
      "Id": "maohjxs",
      "FadeInTime": -1.0,
      "FadeOutTime": -1.0,
      "Segments": [
        0,
        0,
        0,
        3.233,
        0
      ]
    },
    {
      "Target": "Parameter",
      "Id": "huangjdz",
      "FadeInTime": -1.0,
      "FadeOutTime": -1.0,
      "Segments": [
        0,
        0,
        0,
        3.233,
        0
      ]
    },
    {
      "Target": "Parameter",
      "Id": "jily",
      "FadeInTime": -1.0,
      "FadeOutTime": -1.0,
      "Segments": [
        0,
        1,
        0,
        3.233,
        1
      ]
    },
    {
      "Target": "Parameter",
      "Id": "jiry",
      "FadeInTime": -1.0,
      "FadeOutTime": -1.0,
      "Segments": [
        0,
        1,
        0,
        3.233,
        1
      ]
    },
    {
      "Target": "Parameter",
      "Id": "huangjer",
      "FadeInTime": -1.0,
      "FadeOutTime": -1.0,
      "Segments": [
        0,
        0,
        0,
        3.233,
        0
      ]
    },
    {
      "Target": "Parameter",
      "Id": "huangjer2",
      "FadeInTime": -1.0,
      "FadeOutTime": -1.0,
      "Segments": [
        0,
        0,
        0,
        3.233,
        0
      ]
    },
    {
      "Target": "Parameter",
      "Id": "huangiX",
      "FadeInTime": -1.0,
      "FadeOutTime": -1.0,
      "Segments": [
        0,
        0,
        0,
        3.233,
        0
      ]
    },
    {
      "Target": "Parameter",
      "Id": "huangi2",
      "FadeInTime": -1.0,
      "FadeOutTime": -1.0,
      "Segments": [
        0,
        0,
        0,
        3.233,
        0
      ]
    },
    {
      "Target": "Parameter",
      "Id": "maotfs2",
      "FadeInTime": -1.0,
      "FadeOutTime": -1.0,
      "Segments": [
        0,
        0,
        0,
        3.233,
        0
      ]
    },
    {
      "Target": "Parameter",
      "Id": "moatouzha2",
      "FadeInTime": -1.0,
      "FadeOutTime": -1.0,
      "Segments": [
        0,
        0,
        0,
        3.233,
        0
      ]
    },
    {
      "Target": "Parameter",
      "Id": "heipaiq",
      "FadeInTime": -1.0,
      "FadeOutTime": -1.0,
      "Segments": [
        0,
        0,
        0,
        3.233,
        0
      ]
    },
    {
      "Target": "Parameter",
      "Id": "penpai",
      "FadeInTime": -1.0,
      "FadeOutTime": -1.0,
      "Segments": [
        0,
        0,
        0,
        3.233,
        0
      ]
    },
    {
      "Target": "Parameter",
      "Id": "ppz",
      "FadeInTime": -1.0,
      "FadeOutTime": -1.0,
      "Segments": [
        0,
        0,
        0,
        3.233,
        0
      ]
    },
    {
      "Target": "Parameter",
      "Id": "penpai2",
      "FadeInTime": -1.0,
      "FadeOutTime": -1.0,
      "Segments": [
        0,
        0,
        0,
        3.233,
        0
      ]
    },
    {
      "Target": "Parameter",
      "Id": "penpaixz",
      "FadeInTime": -1.0,
      "FadeOutTime": -1.0,
      "Segments": [
        0,
        0,
        0,
        3.233,
        0
      ]
    },
    {
      "Target": "Parameter",
      "Id": "xxxxxx27",
      "FadeInTime": -1.0,
      "FadeOutTime": -1.0,
      "Segments": [
        0,
        0,
        0,
        3.233,
        0
      ]
    },
    {
      "Target": "Parameter",
      "Id": "spxians",
      "FadeInTime": -1.0,
      "FadeOutTime": -1.0,
      "Segments": [
        0,
        0,
        0,
        3.233,
        0
      ]
    },
    {
      "Target": "Parameter",
      "Id": "pailuo",
      "FadeInTime": -1.0,
      "FadeOutTime": -1.0,
      "Segments": [
        0,
        0,
        0,
        3.233,
        0
      ]
    },
    {
      "Target": "Parameter",
      "Id": "paidxd",
      "FadeInTime": -1.0,
      "FadeOutTime": -1.0,
      "Segments": [
        0,
        0,
        0,
        3.233,
        0
      ]
    },
    {
      "Target": "Parameter",
      "Id": "paiX",
      "FadeInTime": -1.0,
      "FadeOutTime": -1.0,
      "Segments": [
        0,
        0,
        0,
        3.233,
        0
      ]
    },
    {
      "Target": "Parameter",
      "Id": "paiX2",
      "FadeInTime": -1.0,
      "FadeOutTime": -1.0,
      "Segments": [
        0,
        0,
        0,
        3.233,
        0
      ]
    },
    {
      "Target": "Parameter",
      "Id": "paiX3",
      "FadeInTime": -1.0,
      "FadeOutTime": -1.0,
      "Segments": [
        0,
        0,
        0,
        3.233,
        0
      ]
    },
    {
      "Target": "Parameter",
      "Id": "paiX4",
      "FadeInTime": -1.0,
      "FadeOutTime": -1.0,
      "Segments": [
        0,
        0,
        0,
        3.233,
        0
      ]
    },
    {
      "Target": "Parameter",
      "Id": "paixz",
      "FadeInTime": -1.0,
      "FadeOutTime": -1.0,
      "Segments": [
        0,
        0,
        0,
        3.233,
        0
      ]
    },
    {
      "Target": "Parameter",
      "Id": "paixz2",
      "FadeInTime": -1.0,
      "FadeOutTime": -1.0,
      "Segments": [
        0,
        0,
        0,
        3.233,
        0
      ]
    },
    {
      "Target": "Parameter",
      "Id": "paixz3",
      "FadeInTime": -1.0,
      "FadeOutTime": -1.0,
      "Segments": [
        0,
        0,
        0,
        3.233,
        0
      ]
    },
    {
      "Target": "Parameter",
      "Id": "paixz4",
      "FadeInTime": -1.0,
      "FadeOutTime": -1.0,
      "Segments": [
        0,
        0,
        0,
        3.233,
        0
      ]
    },
    {
      "Target": "Parameter",
      "Id": "xxxxxx32",
      "FadeInTime": -1.0,
      "FadeOutTime": -1.0,
      "Segments": [
        0,
        0,
        0,
        3.233,
        0
      ]
    },
    {
      "Target": "Parameter",
      "Id": "shiuyefw",
      "FadeInTime": -1.0,
      "FadeOutTime": -1.0,
      "Segments": [
        0,
        0,
        0,
        3.233,
        0
      ]
    },
    {
      "Target": "Parameter",
      "Id": "shizxs",
      "FadeInTime": -1.0,
      "FadeOutTime": -1.0,
      "Segments": [
        0,
        0,
        0,
        3.233,
        0
      ]
    }
  ],
  "UserData": [
    {
      "Time": 0.0,
      "Value": ""
    },
    {
      "Time": 2.733,
      "Value": ""
    }
  ]
}