{
  "Version": 3,
  "Meta": {
    "Duration": 12.0,
    "Fps": 60.0,
    "Loop": true,
    "AreBeziersRestricted": true,
    "FadeInTime": 0.0,
    "FadeOutTime": 0.0,
    "CurveCount": 2,
    "TotalSegmentCount": 30,
    "TotalPointCount": 88,
    "UserDataCount": 1,
    "TotalUserDataSize": 0
  },
  "Curves": [
    {
      "Target": "Parameter",
      "Id": "ParamZbWl7",
      "FadeInTime": -1.0,
      "FadeOutTime": -1.0,
      "Segments": [
        0,
        1.05,
        1,
        0.317,
        -2.82,
        0.633,
        -4.303,
        0.95,
        -4.303,
        1,
        1.283,
        -4.303,
        1.617,
        -2.869,
        1.95,
        0,
        1,
        2.283,
        2.869,
        2.617,
        4.303,
        2.95,
        4.303,
        1,
        3.283,
        4.303,
        3.617,
        2.799,
        3.95,
        0,
        1,
        4.028,
        -0.653,
        4.105,
        -1.245,
        4.183,
        -1.774,
        1,
        4.439,
        -3.514,
        4.694,
        -4.303,
        4.95,
        -4.303,
        1,
        5.283,
        -4.303,
        5.617,
        -2.869,
        5.95,
        0,
        1,
        6.283,
        2.869,
        6.617,
        4.303,
        6.95,
        4.303,
        1,
        7.283,
        4.303,
        7.617,
        2.799,
        7.95,
        0,
        1,
        8.028,
        -0.653,
        8.105,
        -1.245,
        8.183,
        -1.774,
        1,
        8.439,
        -3.514,
        8.694,
        -4.303,
        8.95,
        -4.303,
        1,
        9.283,
        -4.303,
        9.617,
        -2.869,
        9.95,
        0,
        1,
        10.283,
        2.869,
        10.617,
        4.303,
        10.95,
        4.303,
        1,
        11.3,
        4.303,
        11.65,
        3.807,
        12,
        1.05
      ]
    },
    {
      "Target": "Parameter",
      "Id": "ParamZbWl8",
      "FadeInTime": -1.0,
      "FadeOutTime": -1.0,
      "Segments": [
        0,
        6.188,
        1,
        0.061,
        6.188,
        0.122,
        6.295,
        0.183,
        5.957,
        1,
        0.439,
        4.542,
        0.694,
        2.535,
        0.95,
        0,
        1,
        1.283,
        -3.306,
        1.617,
        -6.3,
        1.95,
        -6.3,
        1,
        2.283,
        -6.3,
        2.617,
        -4.2,
        2.95,
        0,
        1,
        3.283,
        4.2,
        3.617,
        6.3,
        3.95,
        6.3,
        1,
        4.028,
        6.3,
        4.105,
        6.394,
        4.183,
        5.957,
        1,
        4.439,
        4.522,
        4.694,
        2.535,
        4.95,
        0,
        1,
        5.283,
        -3.306,
        5.617,
        -6.3,
        5.95,
        -6.3,
        1,
        6.283,
        -6.3,
        6.617,
        -4.2,
        6.95,
        0,
        1,
        7.283,
        4.2,
        7.617,
        6.3,
        7.95,
        6.3,
        1,
        8.028,
        6.3,
        8.105,
        6.394,
        8.183,
        5.957,
        1,
        8.439,
        4.522,
        8.694,
        2.535,
        8.95,
        0,
        1,
        9.283,
        -3.306,
        9.617,
        -6.3,
        9.95,
        -6.3,
        1,
        10.283,
        -6.3,
        10.617,
        -4.057,
        10.95,
        0,
        1,
        11.3,
        4.259,
        11.65,
        6.188,
        12,
        6.188
      ]
    }
  ],
  "UserData": [
    {
      "Time": 0.0,
      "Value": ""
    }
  ]
}