{
  "Version": 3,
  "Meta": {
    "Duration": 6.0,
    "Fps": 60.0,
    "Loop": true,
    "AreBeziersRestricted": true,
    "FadeInTime": 0.0,
    "FadeOutTime": 0.0,
    "CurveCount": 284,
    "TotalSegmentCount": 624,
    "TotalPointCount": 886,
    "UserDataCount": 3,
    "TotalUserDataSize": 0
  },
  "Curves": [
    {
      "Target": "Parameter",
      "Id": "Param20",
      "FadeInTime": -1.0,
      "FadeOutTime": -1.0,
      "Segments": [
        0,
        0,
        2,
        2.35,
        0,
        0,
        2.667,
        1,
        1,
        3.039,
        1,
        3.411,
        0.929,
        3.783,
        0.6,
        1,
        3.9,
        0.497,
        4.016,
        0,
        4.133,
        0,
        2,
        6,
        0
      ]
    },
    {
      "Target": "Parameter",
      "Id": "Param123",
      "FadeInTime": -1.0,
      "FadeOutTime": -1.0,
      "Segments": [
        0,
        -20.86,
        0,
        0.817,
        -20.5,
        0,
        1.8,
        -20.86,
        0,
        2.517,
        -16.63,
        1,
        2.878,
        -16.63,
        3.239,
        -16.595,
        3.6,
        -16.72,
        1,
        4.011,
        -16.862,
        4.422,
        -20.86,
        4.833,
        -20.86,
        2,
        6,
        -20.86
      ]
    },
    {
      "Target": "Parameter",
      "Id": "Param124",
      "FadeInTime": -1.0,
      "FadeOutTime": -1.0,
      "Segments": [
        0,
        135.24,
        2,
        1.8,
        135.24,
        1,
        2.039,
        135.24,
        2.278,
        247.055,
        2.517,
        247.77,
        1,
        2.878,
        248.851,
        3.239,
        248.76,
        3.6,
        248.76,
        0,
        4.833,
        135.24,
        2,
        6,
        135.24
      ]
    },
    {
      "Target": "Parameter",
      "Id": "ParamAngleX",
      "FadeInTime": -1.0,
      "FadeOutTime": -1.0,
      "Segments": [
        0,
        -25.81,
        0,
        0.267,
        -16,
        1,
        0.367,
        -16,
        0.467,
        -20.75,
        0.567,
        -22,
        1,
        0.806,
        -24.985,
        1.044,
        -27.577,
        1.283,
        -29,
        1,
        1.455,
        -30.026,
        1.628,
        -30,
        1.8,
        -30,
        2,
        1.817,
        -30,
        1,
        2.156,
        -30,
        2.494,
        -28.658,
        2.833,
        -27,
        1,
        2.939,
        -26.484,
        3.044,
        -26.455,
        3.15,
        -26,
        1,
        3.222,
        -25.689,
        3.295,
        -25.445,
        3.367,
        -24,
        1,
        3.589,
        -19.555,
        3.811,
        -13,
        4.033,
        -13,
        2,
        4.333,
        -13,
        1,
        4.389,
        -13,
        4.444,
        -14.246,
        4.5,
        -15,
        1,
        4.567,
        -15.904,
        4.633,
        -16,
        4.7,
        -16,
        2,
        5.067,
        -16,
        1,
        5.167,
        -16,
        5.267,
        -17.387,
        5.367,
        -19,
        1,
        5.422,
        -19.896,
        5.478,
        -20,
        5.533,
        -20,
        2,
        6,
        -20
      ]
    },
    {
      "Target": "Parameter",
      "Id": "ParamAngleY",
      "FadeInTime": -1.0,
      "FadeOutTime": -1.0,
      "Segments": [
        0,
        10,
        0,
        0.267,
        -4,
        1,
        0.367,
        -4,
        0.467,
        1.579,
        0.567,
        9.208,
        1,
        0.639,
        14.718,
        0.711,
        16.234,
        0.783,
        16.234,
        2,
        0.883,
        16.234,
        1,
        0.944,
        16.234,
        1.006,
        13.997,
        1.067,
        7.502,
        1,
        1.111,
        2.779,
        1.156,
        -1,
        1.2,
        -1,
        1,
        1.261,
        -1,
        1.322,
        2.11,
        1.383,
        6,
        1,
        1.433,
        9.182,
        1.483,
        10,
        1.533,
        10,
        1,
        1.622,
        10,
        1.711,
        9.272,
        1.8,
        6.775,
        1,
        1.911,
        3.654,
        2.022,
        -0.44,
        2.133,
        -4,
        1,
        2.25,
        -7.738,
        2.366,
        -9.561,
        2.483,
        -9.561,
        1,
        2.722,
        -9.561,
        2.961,
        -7.633,
        3.2,
        -2,
        1,
        3.333,
        1.144,
        3.467,
        4,
        3.6,
        4,
        2,
        3.717,
        4,
        0,
        4.133,
        -11,
        2,
        4.25,
        -11,
        1,
        4.344,
        -11,
        4.439,
        -8.091,
        4.533,
        -4,
        1,
        4.589,
        -1.594,
        4.644,
        -1,
        4.7,
        -1,
        2,
        4.883,
        -1,
        0,
        5.233,
        2,
        1,
        5.411,
        2,
        5.589,
        -7.134,
        5.767,
        -10,
        1,
        5.845,
        -11.254,
        5.922,
        -10.784,
        6,
        -10.784
      ]
    },
    {
      "Target": "Parameter",
      "Id": "ParamAngleZ",
      "FadeInTime": -1.0,
      "FadeOutTime": -1.0,
      "Segments": [
        0,
        0,
        0,
        0.817,
        -5,
        2,
        1.3,
        -5,
        1,
        1.467,
        -5,
        1.633,
        -3.444,
        1.8,
        -1.542,
        1,
        1.85,
        -0.971,
        1.9,
        -1,
        1.95,
        -1,
        0,
        3.183,
        -5,
        2,
        3.517,
        -5,
        0,
        4.5,
        1,
        2,
        5,
        1,
        0,
        5.35,
        -1,
        0,
        5.833,
        0,
        2,
        6,
        0
      ]
    },
    {
      "Target": "Parameter",
      "Id": "Param204",
      "FadeInTime": -1.0,
      "FadeOutTime": -1.0,
      "Segments": [
        0,
        0.865,
        0,
        0.35,
        1,
        1,
        0.833,
        1,
        1.317,
        1,
        1.8,
        0.992,
        1,
        3.2,
        0.958,
        4.6,
        0.903,
        6,
        0.903
      ]
    },
    {
      "Target": "Parameter",
      "Id": "ParamBrowRY",
      "FadeInTime": -1.0,
      "FadeOutTime": -1.0,
      "Segments": [
        0,
        0.177,
        0,
        0.3,
        0,
        1,
        0.8,
        0,
        1.3,
        -0.005,
        1.8,
        0.011,
        1,
        3.2,
        0.056,
        4.6,
        0.128,
        6,
        0.128
      ]
    },
    {
      "Target": "Parameter",
      "Id": "ParamBrowRForm",
      "FadeInTime": -1.0,
      "FadeOutTime": -1.0,
      "Segments": [
        0,
        0.072,
        0,
        0.3,
        0,
        1,
        0.8,
        0,
        1.3,
        -0.002,
        1.8,
        0.005,
        1,
        3.2,
        0.025,
        4.6,
        0.053,
        6,
        0.053
      ]
    },
    {
      "Target": "Parameter",
      "Id": "ParamBrowLY",
      "FadeInTime": -1.0,
      "FadeOutTime": -1.0,
      "Segments": [
        0,
        0.151,
        0,
        0.3,
        0,
        1,
        0.8,
        0,
        1.3,
        -0.004,
        1.8,
        0.01,
        1,
        3.2,
        0.05,
        4.6,
        0.11,
        6,
        0.11
      ]
    },
    {
      "Target": "Parameter",
      "Id": "ParamBrowLForm",
      "FadeInTime": -1.0,
      "FadeOutTime": -1.0,
      "Segments": [
        0,
        0.089,
        0,
        0.3,
        0,
        1,
        0.8,
        0,
        1.3,
        -0.002,
        1.8,
        0.006,
        1,
        3.2,
        0.03,
        4.6,
        0.065,
        6,
        0.065
      ]
    },
    {
      "Target": "Parameter",
      "Id": "ParamEyeLOpen",
      "FadeInTime": -1.0,
      "FadeOutTime": -1.0,
      "Segments": [
        0,
        1.075,
        0,
        0.3,
        0,
        0,
        0.85,
        1,
        2,
        1.8,
        1,
        0,
        2.233,
        0,
        2,
        3.133,
        0,
        1,
        3.222,
        0,
        3.311,
        0.996,
        3.4,
        1,
        1,
        4.267,
        1.035,
        5.133,
        1.048,
        6,
        1.048
      ]
    },
    {
      "Target": "Parameter",
      "Id": "ParamEyeLSmile2",
      "FadeInTime": -1.0,
      "FadeOutTime": -1.0,
      "Segments": [
        0,
        -0.695,
        0,
        1,
        0,
        1,
        1.267,
        0,
        1.533,
        -0.411,
        1.8,
        -0.896,
        1,
        1.867,
        -1,
        1.933,
        -1,
        2,
        -1,
        0,
        6,
        -0.85
      ]
    },
    {
      "Target": "Parameter",
      "Id": "ParamEyeROpen",
      "FadeInTime": -1.0,
      "FadeOutTime": -1.0,
      "Segments": [
        0,
        1.075,
        0,
        0.3,
        0,
        0,
        0.85,
        1,
        2,
        1.8,
        1,
        0,
        2.233,
        0,
        2,
        3.133,
        0,
        1,
        3.222,
        0,
        3.311,
        0.996,
        3.4,
        1,
        1,
        4.267,
        1.035,
        5.133,
        1.048,
        6,
        1.048
      ]
    },
    {
      "Target": "Parameter",
      "Id": "ParamEyeRSmile2",
      "FadeInTime": -1.0,
      "FadeOutTime": -1.0,
      "Segments": [
        0,
        -1,
        0,
        1,
        0,
        1,
        1.267,
        0,
        1.533,
        -0.411,
        1.8,
        -0.896,
        1,
        1.867,
        -1,
        1.933,
        -1,
        2,
        -1,
        2,
        6,
        -1
      ]
    },
    {
      "Target": "Parameter",
      "Id": "ParamMouthForm",
      "FadeInTime": -1.0,
      "FadeOutTime": -1.0,
      "Segments": [
        0,
        0,
        2,
        1.2,
        0,
        2,
        1.55,
        0,
        2,
        1.783,
        0,
        0,
        1.967,
        0.497,
        0,
        6,
        0
      ]
    },
    {
      "Target": "Parameter",
      "Id": "ParamMouthForm2",
      "FadeInTime": -1.0,
      "FadeOutTime": -1.0,
      "Segments": [
        0,
        0,
        2,
        1.2,
        0,
        0,
        1.55,
        0.3,
        0,
        6,
        0
      ]
    },
    {
      "Target": "Parameter",
      "Id": "Param127",
      "FadeInTime": -1.0,
      "FadeOutTime": -1.0,
      "Segments": [
        0,
        0,
        2,
        0.483,
        0,
        2,
        0.5,
        1,
        2,
        5.483,
        1,
        2,
        5.5,
        0,
        2,
        6,
        0
      ]
    },
    {
      "Target": "Parameter",
      "Id": "ParamMouthOpenY2",
      "FadeInTime": -1.0,
      "FadeOutTime": -1.0,
      "Segments": [
        0,
        0,
        2,
        1.2,
        0,
        0,
        1.55,
        1,
        2,
        1.783,
        1,
        0,
        1.967,
        0,
        2,
        6,
        0
      ]
    },
    {
      "Target": "Parameter",
      "Id": "ParamBodyAngleX",
      "FadeInTime": -1.0,
      "FadeOutTime": -1.0,
      "Segments": [
        0,
        -16.214,
        1,
        0.6,
        -16.214,
        1.2,
        -17.319,
        1.8,
        -18.916,
        1,
        2.128,
        -19.789,
        2.455,
        -20,
        2.783,
        -20,
        0,
        6,
        -19.491
      ]
    },
    {
      "Target": "Parameter",
      "Id": "ParamBodyAngleY",
      "FadeInTime": -1.0,
      "FadeOutTime": -1.0,
      "Segments": [
        0,
        -1.391,
        0,
        1.6,
        -1.971,
        0,
        1.8,
        -1.968,
        0,
        2.317,
        -10,
        1,
        2.434,
        -10,
        2.55,
        -3.439,
        2.667,
        -3.02,
        1,
        2.889,
        -2.22,
        3.111,
        -1.953,
        3.333,
        -1.391,
        1,
        3.455,
        -1.082,
        3.578,
        -1.069,
        3.7,
        -0.399,
        1,
        3.844,
        0.393,
        3.989,
        10,
        4.133,
        10,
        0,
        4.75,
        -10,
        0,
        5.85,
        -1.391,
        0,
        6,
        -1.405
      ]
    },
    {
      "Target": "Parameter",
      "Id": "ParamBodyAngleZ",
      "FadeInTime": -1.0,
      "FadeOutTime": -1.0,
      "Segments": [
        0,
        1.06,
        0,
        0.333,
        0.782,
        0,
        1.417,
        1.434,
        1,
        1.545,
        1.434,
        1.672,
        1.439,
        1.8,
        1.412,
        1,
        2.289,
        1.309,
        2.778,
        1.153,
        3.267,
        1.014,
        1,
        3.3,
        1.005,
        3.334,
        0.974,
        3.367,
        0.974,
        1,
        3.528,
        0.974,
        3.689,
        0.98,
        3.85,
        0.996,
        1,
        3.861,
        0.997,
        3.872,
        1.011,
        3.883,
        1.017,
        1,
        3.95,
        1.051,
        4.016,
        1.082,
        4.083,
        1.117,
        1,
        4.089,
        1.12,
        4.094,
        1.149,
        4.1,
        1.157,
        1,
        4.406,
        1.586,
        4.711,
        1.795,
        5.017,
        1.795,
        0,
        6,
        1.452
      ]
    },
    {
      "Target": "Parameter",
      "Id": "Param93",
      "FadeInTime": -1.0,
      "FadeOutTime": -1.0,
      "Segments": [
        0,
        -1.526,
        0,
        0.217,
        0,
        2,
        1.367,
        0,
        2,
        1.8,
        0,
        0,
        2.517,
        14.52,
        2,
        3.717,
        14.52,
        1,
        4.061,
        14.52,
        4.406,
        0.689,
        4.75,
        0,
        1,
        5.167,
        -0.834,
        5.583,
        -0.709,
        6,
        -0.709
      ]
    },
    {
      "Target": "Parameter",
      "Id": "Param77",
      "FadeInTime": -1.0,
      "FadeOutTime": -1.0,
      "Segments": [
        0,
        0,
        2,
        0.217,
        0,
        2,
        1.367,
        0,
        2,
        1.8,
        0,
        0,
        2.517,
        -30,
        2,
        3.717,
        -30,
        0,
        4.75,
        0,
        2,
        6,
        0
      ]
    },
    {
      "Target": "Parameter",
      "Id": "Param112",
      "FadeInTime": -1.0,
      "FadeOutTime": -1.0,
      "Segments": [
        0,
        45.97,
        0,
        0.217,
        44.87,
        2,
        1.367,
        44.87,
        0,
        1.8,
        44.878,
        0,
        2.517,
        3.163,
        2,
        3.717,
        3.163,
        1,
        4.061,
        3.163,
        4.406,
        44.492,
        4.75,
        44.96,
        1,
        5.167,
        45.526,
        5.583,
        45.43,
        6,
        45.43
      ]
    },
    {
      "Target": "Parameter",
      "Id": "Param113",
      "FadeInTime": -1.0,
      "FadeOutTime": -1.0,
      "Segments": [
        0,
        -16.431,
        0,
        0.217,
        -13.735,
        1,
        0.6,
        -13.735,
        0.984,
        -15.863,
        1.367,
        -15.895,
        1,
        1.511,
        -15.907,
        1.656,
        -15.9,
        1.8,
        -15.9,
        0,
        2.517,
        -5.557,
        2,
        3.717,
        -5.557,
        1,
        4.061,
        -5.557,
        4.406,
        -13.544,
        4.75,
        -15.775,
        1,
        4.811,
        -16.171,
        4.872,
        -15.9,
        4.933,
        -15.9,
        0,
        6,
        -15.612
      ]
    },
    {
      "Target": "Parameter",
      "Id": "Param114",
      "FadeInTime": -1.0,
      "FadeOutTime": -1.0,
      "Segments": [
        0,
        1.41,
        0,
        0.217,
        1.019,
        2,
        1.367,
        1.019,
        0,
        1.783,
        1,
        2,
        1.8,
        1,
        0,
        2.517,
        15.631,
        2,
        3.717,
        15.631,
        0,
        4.75,
        1.019,
        0,
        6,
        1.073
      ]
    },
    {
      "Target": "Parameter",
      "Id": "Param115",
      "FadeInTime": -1.0,
      "FadeOutTime": -1.0,
      "Segments": [
        0,
        3.33,
        1,
        0.128,
        3.33,
        0.255,
        2.089,
        0.383,
        1.019,
        1,
        0.711,
        -1.725,
        1.039,
        -3.842,
        1.367,
        -6.34,
        1,
        1.506,
        -7.399,
        1.644,
        -8,
        1.783,
        -8,
        1,
        1.789,
        -8,
        1.794,
        -8.085,
        1.8,
        -7.992,
        1,
        2.044,
        -3.908,
        2.289,
        2,
        2.533,
        2,
        2,
        3.883,
        2,
        0,
        4.75,
        -6.449,
        0,
        6,
        -4.239
      ]
    },
    {
      "Target": "Parameter",
      "Id": "Param145",
      "FadeInTime": -1.0,
      "FadeOutTime": -1.0,
      "Segments": [
        0,
        -0.297,
        0,
        0.083,
        0,
        2,
        0.217,
        0,
        2,
        1.367,
        0,
        2,
        1.8,
        0,
        2,
        4.75,
        0,
        0,
        6,
        -0.041
      ]
    },
    {
      "Target": "Parameter",
      "Id": "Param166",
      "FadeInTime": -1.0,
      "FadeOutTime": -1.0,
      "Segments": [
        0,
        0.38,
        0,
        0.217,
        0,
        2,
        1.367,
        0,
        2,
        1.8,
        0,
        2,
        4.75,
        0,
        0,
        6,
        0.053
      ]
    },
    {
      "Target": "Parameter",
      "Id": "Param116",
      "FadeInTime": -1.0,
      "FadeOutTime": -1.0,
      "Segments": [
        0,
        -15.779,
        0,
        0.15,
        -13.436,
        2,
        1.367,
        -13.436,
        2,
        1.8,
        -13.436,
        0,
        2.517,
        14.28,
        2,
        3.717,
        14.28,
        0,
        4.75,
        -13.436,
        2,
        4.767,
        -13.436,
        0,
        6,
        -13.754
      ]
    },
    {
      "Target": "Parameter",
      "Id": "Param117",
      "FadeInTime": -1.0,
      "FadeOutTime": -1.0,
      "Segments": [
        0,
        21.95,
        0,
        0.15,
        21.2,
        2,
        1.367,
        21.2,
        0,
        1.8,
        21.235,
        0,
        2.517,
        10.808,
        2,
        3.717,
        10.808,
        1,
        4.061,
        10.808,
        4.406,
        16.783,
        4.75,
        20.842,
        1,
        4.817,
        21.628,
        4.883,
        21.235,
        4.95,
        21.235,
        0,
        6,
        20.943
      ]
    },
    {
      "Target": "Parameter",
      "Id": "Param118",
      "FadeInTime": -1.0,
      "FadeOutTime": -1.0,
      "Segments": [
        0,
        9.121,
        0,
        0.15,
        9,
        2,
        1.367,
        9,
        2,
        1.8,
        9,
        0,
        2.517,
        -20,
        2,
        3.717,
        -20,
        0,
        4.75,
        9,
        2,
        4.767,
        9,
        0,
        6,
        9.016
      ]
    },
    {
      "Target": "Parameter",
      "Id": "Param119",
      "FadeInTime": -1.0,
      "FadeOutTime": -1.0,
      "Segments": [
        0,
        20.182,
        0,
        0.15,
        20,
        2,
        1.367,
        20,
        2,
        1.8,
        20,
        0,
        2.517,
        32.56,
        2,
        3.717,
        32.56,
        0,
        4.75,
        20,
        2,
        4.767,
        20,
        0,
        6,
        20.025
      ]
    },
    {
      "Target": "Parameter",
      "Id": "ParamLArm8",
      "FadeInTime": -1.0,
      "FadeOutTime": -1.0,
      "Segments": [
        0,
        26.295,
        0,
        0.15,
        26.381,
        0,
        1.367,
        23.32,
        1,
        1.511,
        23.32,
        1.656,
        23.369,
        1.8,
        23.426,
        1,
        1.828,
        23.437,
        1.855,
        23.434,
        1.883,
        23.434,
        0,
        2.533,
        5,
        2,
        3.883,
        5,
        0,
        4.767,
        23.948,
        0,
        4.95,
        20.184,
        0,
        6,
        20.842
      ]
    },
    {
      "Target": "Parameter",
      "Id": "Param78",
      "FadeInTime": -1.0,
      "FadeOutTime": -1.0,
      "Segments": [
        0,
        0,
        2,
        0.15,
        0,
        2,
        1.367,
        0,
        2,
        1.8,
        0,
        0,
        2.517,
        13.56,
        2,
        3.717,
        13.56,
        0,
        4.75,
        0,
        2,
        4.767,
        0,
        2,
        6,
        0
      ]
    },
    {
      "Target": "Parameter",
      "Id": "ParamLArm4",
      "FadeInTime": -1.0,
      "FadeOutTime": -1.0,
      "Segments": [
        0,
        0,
        2,
        0.15,
        0,
        2,
        1.367,
        0,
        2,
        1.8,
        0,
        0,
        2.517,
        -60,
        2,
        3.717,
        -60,
        0,
        4.75,
        0,
        2,
        4.767,
        0,
        2,
        6,
        0
      ]
    },
    {
      "Target": "Parameter",
      "Id": "Param13",
      "FadeInTime": -1.0,
      "FadeOutTime": -1.0,
      "Segments": [
        0,
        0,
        0,
        0.983,
        2.22,
        0,
        2.75,
        -2.077,
        1,
        3.167,
        -2.077,
        3.583,
        -1.567,
        4,
        0,
        1,
        4.328,
        1.233,
        4.655,
        2.22,
        4.983,
        2.22,
        1,
        5.322,
        2.22,
        5.661,
        0.797,
        6,
        -0.411
      ]
    },
    {
      "Target": "Parameter",
      "Id": "Param15",
      "FadeInTime": -1.0,
      "FadeOutTime": -1.0,
      "Segments": [
        0,
        -2.764,
        0,
        0.467,
        -4,
        0,
        1.767,
        3,
        1,
        2.511,
        3,
        3.256,
        1.096,
        4,
        -2.764,
        1,
        4.156,
        -3.571,
        4.311,
        -4,
        4.467,
        -4,
        0,
        5.767,
        3,
        1,
        5.845,
        3,
        5.922,
        2.937,
        6,
        2.824
      ]
    },
    {
      "Target": "Parameter",
      "Id": "Param14",
      "FadeInTime": -1.0,
      "FadeOutTime": -1.0,
      "Segments": [
        0,
        9,
        0,
        0.983,
        7.32,
        0,
        2.75,
        11.51,
        1,
        3.167,
        11.51,
        3.583,
        10.553,
        4,
        9,
        1,
        4.328,
        7.778,
        4.655,
        7.32,
        4.983,
        7.32,
        1,
        5.322,
        7.32,
        5.661,
        8.708,
        6,
        9.886
      ]
    },
    {
      "Target": "Parameter",
      "Id": "Param16",
      "FadeInTime": -1.0,
      "FadeOutTime": -1.0,
      "Segments": [
        0,
        1.36,
        0,
        0.467,
        2,
        0,
        1.767,
        -4,
        1,
        2.511,
        -4,
        3.256,
        -1.803,
        4,
        1.36,
        1,
        4.156,
        2.021,
        4.311,
        2,
        4.467,
        2,
        0,
        5.767,
        -4,
        1,
        5.845,
        -4,
        5.922,
        -3.941,
        6,
        -3.837
      ]
    },
    {
      "Target": "Parameter",
      "Id": "Param47",
      "FadeInTime": -1.0,
      "FadeOutTime": -1.0,
      "Segments": [
        0,
        1.616,
        0,
        0.233,
        -0.89,
        0,
        0.85,
        10,
        2,
        1.45,
        10,
        1,
        1.567,
        10,
        1.683,
        7.28,
        1.8,
        5.138,
        1,
        1.811,
        4.934,
        1.822,
        5.01,
        1.833,
        5,
        1,
        2.222,
        4.659,
        2.611,
        4.431,
        3,
        4,
        1,
        3.133,
        3.852,
        3.267,
        1.548,
        3.4,
        1,
        1,
        4.267,
        -2.562,
        5.133,
        -3.996,
        6,
        -3.996
      ]
    },
    {
      "Target": "Parameter",
      "Id": "Param48",
      "FadeInTime": -1.0,
      "FadeOutTime": -1.0,
      "Segments": [
        0,
        -0.66,
        0,
        0.283,
        -20,
        0,
        0.967,
        8,
        1,
        1.245,
        8,
        1.522,
        3.613,
        1.8,
        -5.055,
        1,
        1.811,
        -5.402,
        1.822,
        -5.719,
        1.833,
        -6,
        1,
        2.072,
        -12.04,
        2.311,
        -15.015,
        2.55,
        -15.015,
        0,
        4.05,
        6,
        0,
        5.383,
        -13,
        0,
        6,
        -3.75
      ]
    },
    {
      "Target": "Parameter",
      "Id": "Param29",
      "FadeInTime": -1.0,
      "FadeOutTime": -1.0,
      "Segments": [
        0,
        -2.391,
        0,
        0.517,
        8.08,
        0,
        1.133,
        -11.665,
        1,
        1.355,
        -11.665,
        1.578,
        -1.88,
        1.8,
        8.702,
        1,
        1.839,
        10.554,
        1.878,
        10,
        1.917,
        10,
        0,
        2.667,
        -7.506,
        0,
        3.167,
        -4.076,
        0,
        3.633,
        -8.832,
        0,
        4.367,
        3.659,
        0,
        4.917,
        -11.444,
        1,
        5,
        -11.444,
        5.084,
        -10.878,
        5.167,
        -9.617,
        1,
        5.322,
        -7.263,
        5.478,
        -4.752,
        5.633,
        -2.419,
        1,
        5.705,
        -1.336,
        5.778,
        -0.885,
        5.85,
        -0.885,
        0,
        6,
        -3.81
      ]
    },
    {
      "Target": "Parameter",
      "Id": "Param30",
      "FadeInTime": -1.0,
      "FadeOutTime": -1.0,
      "Segments": [
        0,
        -5.454,
        0,
        0.05,
        -5.586,
        0,
        0.8,
        7.195,
        0,
        1.233,
        -8.706,
        1,
        1.422,
        -8.706,
        1.611,
        -4.764,
        1.8,
        2.314,
        1,
        1.961,
        8.351,
        2.122,
        11,
        2.283,
        11,
        0,
        2.833,
        -7.318,
        0,
        3.333,
        -4.354,
        0,
        3.9,
        -9.934,
        0,
        4.817,
        6.659,
        0,
        5.233,
        -12.444,
        0,
        6,
        -2.429
      ]
    },
    {
      "Target": "Parameter",
      "Id": "Param9",
      "FadeInTime": -1.0,
      "FadeOutTime": -1.0,
      "Segments": [
        0,
        -2.798,
        0,
        0.533,
        8.08,
        0,
        1.15,
        -11.665,
        1,
        1.367,
        -11.665,
        1.583,
        -2.194,
        1.8,
        8.327,
        1,
        1.844,
        10.485,
        1.889,
        10,
        1.933,
        10,
        0,
        2.683,
        -7.506,
        0,
        3.183,
        -4.076,
        0,
        3.65,
        -8.832,
        0,
        4.383,
        3.659,
        0,
        4.933,
        -11.444,
        1,
        5.016,
        -11.444,
        5.1,
        -10.878,
        5.183,
        -9.617,
        1,
        5.339,
        -7.263,
        5.494,
        -4.752,
        5.65,
        -2.419,
        1,
        5.722,
        -1.336,
        5.795,
        -0.885,
        5.867,
        -0.885,
        0,
        6,
        -3.272
      ]
    },
    {
      "Target": "Parameter",
      "Id": "Param10",
      "FadeInTime": -1.0,
      "FadeOutTime": -1.0,
      "Segments": [
        0,
        -5.357,
        0,
        0.067,
        -5.586,
        0,
        0.817,
        7.195,
        0,
        1.25,
        -8.706,
        1,
        1.433,
        -8.706,
        1.617,
        -5.023,
        1.8,
        1.854,
        1,
        1.967,
        8.106,
        2.133,
        11,
        2.3,
        11,
        0,
        2.85,
        -7.318,
        0,
        3.35,
        -4.354,
        0,
        3.917,
        -9.934,
        0,
        4.833,
        6.659,
        0,
        5.25,
        -12.444,
        0,
        6,
        -2.511
      ]
    },
    {
      "Target": "Parameter",
      "Id": "Param42",
      "FadeInTime": -1.0,
      "FadeOutTime": -1.0,
      "Segments": [
        0,
        -5.524,
        0,
        0.667,
        8.08,
        0,
        1.283,
        -11.665,
        1,
        1.455,
        -11.665,
        1.628,
        -5.072,
        1.8,
        4.18,
        1,
        1.889,
        8.955,
        1.978,
        10,
        2.067,
        10,
        0,
        2.817,
        -7.506,
        0,
        3.317,
        -4.076,
        0,
        3.783,
        -8.832,
        0,
        4.517,
        3.659,
        0,
        5.067,
        -11.444,
        1,
        5.15,
        -11.444,
        5.234,
        -10.878,
        5.317,
        -9.617,
        1,
        5.472,
        -7.263,
        5.628,
        -4.752,
        5.783,
        -2.419,
        1,
        5.855,
        -1.336,
        5.928,
        -0.885,
        6,
        -0.885
      ]
    },
    {
      "Target": "Parameter",
      "Id": "Param43",
      "FadeInTime": -1.0,
      "FadeOutTime": -1.0,
      "Segments": [
        0,
        -3.821,
        0,
        0.2,
        -5.586,
        0,
        0.95,
        7.195,
        0,
        1.383,
        -8.706,
        1,
        1.522,
        -8.706,
        1.661,
        -7.009,
        1.8,
        -1.855,
        1,
        2.011,
        5.979,
        2.222,
        11,
        2.433,
        11,
        0,
        2.983,
        -7.318,
        0,
        3.483,
        -4.354,
        0,
        4.05,
        -9.934,
        0,
        4.967,
        6.659,
        0,
        5.383,
        -12.444,
        0,
        6,
        -3.844
      ]
    },
    {
      "Target": "Parameter",
      "Id": "Param44",
      "FadeInTime": -1.0,
      "FadeOutTime": -1.0,
      "Segments": [
        0,
        -6.536,
        0,
        0.033,
        -6.61,
        0,
        0.833,
        8.08,
        0,
        1.45,
        -11.665,
        1,
        1.567,
        -11.665,
        1.683,
        -8.989,
        1.8,
        -2.556,
        1,
        1.944,
        5.408,
        2.089,
        10,
        2.233,
        10,
        0,
        2.983,
        -7.506,
        0,
        3.483,
        -4.076,
        0,
        3.95,
        -8.832,
        0,
        4.683,
        3.659,
        0,
        5.233,
        -11.444,
        1,
        5.316,
        -11.444,
        5.4,
        -10.878,
        5.483,
        -9.617,
        1,
        5.639,
        -7.263,
        5.794,
        -4.915,
        5.95,
        -2.419,
        1,
        5.967,
        -2.152,
        5.983,
        -1.769,
        6,
        -1.769
      ]
    },
    {
      "Target": "Parameter",
      "Id": "Param45",
      "FadeInTime": -1.0,
      "FadeOutTime": -1.0,
      "Segments": [
        0,
        -0.886,
        0,
        0.367,
        -5.586,
        0,
        1.117,
        7.195,
        0,
        1.55,
        -8.706,
        1,
        1.633,
        -8.706,
        1.717,
        -8.784,
        1.8,
        -5.888,
        1,
        2.067,
        3.378,
        2.333,
        11,
        2.6,
        11,
        0,
        3.15,
        -7.318,
        0,
        3.65,
        -4.354,
        0,
        4.217,
        -9.934,
        0,
        5.133,
        6.659,
        0,
        5.55,
        -12.444,
        0,
        6,
        -6.61
      ]
    },
    {
      "Target": "Model",
      "Id": "EyeBlink",
      "FadeInTime": -1.0,
      "FadeOutTime": -1.0,
      "Segments": [
        0,
        1,
        0,
        6,
        1
      ]
    },
    {
      "Target": "Parameter",
      "Id": "qiehuan",
      "FadeInTime": -1.0,
      "FadeOutTime": -1.0,
      "Segments": [
        0,
        2,
        0,
        6,
        2
      ]
    },
    {
      "Target": "Parameter",
      "Id": "Param209",
      "FadeInTime": -1.0,
      "FadeOutTime": -1.0,
      "Segments": [
        0,
        1,
        0,
        6,
        1
      ]
    },
    {
      "Target": "Parameter",
      "Id": "Param211",
      "FadeInTime": -1.0,
      "FadeOutTime": -1.0,
      "Segments": [
        0,
        0,
        0,
        6,
        0
      ]
    },
    {
      "Target": "Parameter",
      "Id": "Param212",
      "FadeInTime": -1.0,
      "FadeOutTime": -1.0,
      "Segments": [
        0,
        0,
        0,
        6,
        0
      ]
    },
    {
      "Target": "Parameter",
      "Id": "Param213",
      "FadeInTime": -1.0,
      "FadeOutTime": -1.0,
      "Segments": [
        0,
        0,
        0,
        6,
        0
      ]
    },
    {
      "Target": "Parameter",
      "Id": "Param214",
      "FadeInTime": -1.0,
      "FadeOutTime": -1.0,
      "Segments": [
        0,
        0,
        0,
        6,
        0
      ]
    },
    {
      "Target": "Parameter",
      "Id": "Param215",
      "FadeInTime": -1.0,
      "FadeOutTime": -1.0,
      "Segments": [
        0,
        0,
        0,
        6,
        0
      ]
    },
    {
      "Target": "Parameter",
      "Id": "Param216",
      "FadeInTime": -1.0,
      "FadeOutTime": -1.0,
      "Segments": [
        0,
        0,
        0,
        6,
        0
      ]
    },
    {
      "Target": "Parameter",
      "Id": "Param210",
      "FadeInTime": -1.0,
      "FadeOutTime": -1.0,
      "Segments": [
        0,
        0,
        0,
        6,
        0
      ]
    },
    {
      "Target": "Parameter",
      "Id": "Param217",
      "FadeInTime": -1.0,
      "FadeOutTime": -1.0,
      "Segments": [
        0,
        0,
        0,
        6,
        0
      ]
    },
    {
      "Target": "Parameter",
      "Id": "Param218",
      "FadeInTime": -1.0,
      "FadeOutTime": -1.0,
      "Segments": [
        0,
        0,
        0,
        6,
        0
      ]
    },
    {
      "Target": "Parameter",
      "Id": "Param7",
      "FadeInTime": -1.0,
      "FadeOutTime": -1.0,
      "Segments": [
        0,
        0,
        0,
        6,
        0
      ]
    },
    {
      "Target": "Parameter",
      "Id": "Param8",
      "FadeInTime": -1.0,
      "FadeOutTime": -1.0,
      "Segments": [
        0,
        0,
        0,
        6,
        0
      ]
    },
    {
      "Target": "Parameter",
      "Id": "Param122",
      "FadeInTime": -1.0,
      "FadeOutTime": -1.0,
      "Segments": [
        0,
        -0.576,
        0,
        6,
        -0.576
      ]
    },
    {
      "Target": "Parameter",
      "Id": "Param155",
      "FadeInTime": -1.0,
      "FadeOutTime": -1.0,
      "Segments": [
        0,
        1,
        0,
        6,
        1
      ]
    },
    {
      "Target": "Parameter",
      "Id": "Param157",
      "FadeInTime": -1.0,
      "FadeOutTime": -1.0,
      "Segments": [
        0,
        0,
        0,
        6,
        0
      ]
    },
    {
      "Target": "Parameter",
      "Id": "Param158",
      "FadeInTime": -1.0,
      "FadeOutTime": -1.0,
      "Segments": [
        0,
        0,
        0,
        6,
        0
      ]
    },
    {
      "Target": "Parameter",
      "Id": "Param156",
      "FadeInTime": -1.0,
      "FadeOutTime": -1.0,
      "Segments": [
        0,
        0,
        0,
        6,
        0
      ]
    },
    {
      "Target": "Parameter",
      "Id": "Param160",
      "FadeInTime": -1.0,
      "FadeOutTime": -1.0,
      "Segments": [
        0,
        0,
        0,
        6,
        0
      ]
    },
    {
      "Target": "Parameter",
      "Id": "Param162",
      "FadeInTime": -1.0,
      "FadeOutTime": -1.0,
      "Segments": [
        0,
        0,
        0,
        6,
        0
      ]
    },
    {
      "Target": "Parameter",
      "Id": "Param161",
      "FadeInTime": -1.0,
      "FadeOutTime": -1.0,
      "Segments": [
        0,
        0,
        0,
        6,
        0
      ]
    },
    {
      "Target": "Parameter",
      "Id": "Param159",
      "FadeInTime": -1.0,
      "FadeOutTime": -1.0,
      "Segments": [
        0,
        0,
        0,
        6,
        0
      ]
    },
    {
      "Target": "Parameter",
      "Id": "Param66",
      "FadeInTime": -1.0,
      "FadeOutTime": -1.0,
      "Segments": [
        0,
        0,
        0,
        6,
        0
      ]
    },
    {
      "Target": "Parameter",
      "Id": "Param69",
      "FadeInTime": -1.0,
      "FadeOutTime": -1.0,
      "Segments": [
        0,
        0,
        0,
        6,
        0
      ]
    },
    {
      "Target": "Parameter",
      "Id": "Param67",
      "FadeInTime": -1.0,
      "FadeOutTime": -1.0,
      "Segments": [
        0,
        0,
        0,
        6,
        0
      ]
    },
    {
      "Target": "Parameter",
      "Id": "Param68",
      "FadeInTime": -1.0,
      "FadeOutTime": -1.0,
      "Segments": [
        0,
        0,
        0,
        6,
        0
      ]
    },
    {
      "Target": "Parameter",
      "Id": "Param70",
      "FadeInTime": -1.0,
      "FadeOutTime": -1.0,
      "Segments": [
        0,
        0,
        0,
        6,
        0
      ]
    },
    {
      "Target": "Parameter",
      "Id": "Param72",
      "FadeInTime": -1.0,
      "FadeOutTime": -1.0,
      "Segments": [
        0,
        0,
        0,
        6,
        0
      ]
    },
    {
      "Target": "Parameter",
      "Id": "Param71",
      "FadeInTime": -1.0,
      "FadeOutTime": -1.0,
      "Segments": [
        0,
        0,
        0,
        6,
        0
      ]
    },
    {
      "Target": "Parameter",
      "Id": "Param73",
      "FadeInTime": -1.0,
      "FadeOutTime": -1.0,
      "Segments": [
        0,
        0,
        0,
        6,
        0
      ]
    },
    {
      "Target": "Parameter",
      "Id": "Param74",
      "FadeInTime": -1.0,
      "FadeOutTime": -1.0,
      "Segments": [
        0,
        0,
        0,
        6,
        0
      ]
    },
    {
      "Target": "Parameter",
      "Id": "Param75",
      "FadeInTime": -1.0,
      "FadeOutTime": -1.0,
      "Segments": [
        0,
        0,
        0,
        6,
        0
      ]
    },
    {
      "Target": "Parameter",
      "Id": "Param80",
      "FadeInTime": -1.0,
      "FadeOutTime": -1.0,
      "Segments": [
        0,
        0,
        0,
        6,
        0
      ]
    },
    {
      "Target": "Parameter",
      "Id": "Param81",
      "FadeInTime": -1.0,
      "FadeOutTime": -1.0,
      "Segments": [
        0,
        0,
        0,
        6,
        0
      ]
    },
    {
      "Target": "Parameter",
      "Id": "Param82",
      "FadeInTime": -1.0,
      "FadeOutTime": -1.0,
      "Segments": [
        0,
        0,
        0,
        6,
        0
      ]
    },
    {
      "Target": "Parameter",
      "Id": "Param83",
      "FadeInTime": -1.0,
      "FadeOutTime": -1.0,
      "Segments": [
        0,
        0,
        0,
        6,
        0
      ]
    },
    {
      "Target": "Parameter",
      "Id": "Param84",
      "FadeInTime": -1.0,
      "FadeOutTime": -1.0,
      "Segments": [
        0,
        0,
        0,
        6,
        0
      ]
    },
    {
      "Target": "Parameter",
      "Id": "Param98",
      "FadeInTime": -1.0,
      "FadeOutTime": -1.0,
      "Segments": [
        0,
        0,
        0,
        6,
        0
      ]
    },
    {
      "Target": "Parameter",
      "Id": "Param86",
      "FadeInTime": -1.0,
      "FadeOutTime": -1.0,
      "Segments": [
        0,
        0,
        0,
        6,
        0
      ]
    },
    {
      "Target": "Parameter",
      "Id": "Param96",
      "FadeInTime": -1.0,
      "FadeOutTime": -1.0,
      "Segments": [
        0,
        0,
        0,
        6,
        0
      ]
    },
    {
      "Target": "Parameter",
      "Id": "Param97",
      "FadeInTime": -1.0,
      "FadeOutTime": -1.0,
      "Segments": [
        0,
        0,
        0,
        6,
        0
      ]
    },
    {
      "Target": "Parameter",
      "Id": "Param102",
      "FadeInTime": -1.0,
      "FadeOutTime": -1.0,
      "Segments": [
        0,
        0,
        0,
        6,
        0
      ]
    },
    {
      "Target": "Parameter",
      "Id": "Param99",
      "FadeInTime": -1.0,
      "FadeOutTime": -1.0,
      "Segments": [
        0,
        0,
        0,
        6,
        0
      ]
    },
    {
      "Target": "Parameter",
      "Id": "Param100",
      "FadeInTime": -1.0,
      "FadeOutTime": -1.0,
      "Segments": [
        0,
        0,
        0,
        6,
        0
      ]
    },
    {
      "Target": "Parameter",
      "Id": "Param101",
      "FadeInTime": -1.0,
      "FadeOutTime": -1.0,
      "Segments": [
        0,
        0,
        0,
        6,
        0
      ]
    },
    {
      "Target": "Parameter",
      "Id": "Param23",
      "FadeInTime": -1.0,
      "FadeOutTime": -1.0,
      "Segments": [
        0,
        0,
        0,
        6,
        0
      ]
    },
    {
      "Target": "Parameter",
      "Id": "Param24",
      "FadeInTime": -1.0,
      "FadeOutTime": -1.0,
      "Segments": [
        0,
        0,
        0,
        6,
        0
      ]
    },
    {
      "Target": "Parameter",
      "Id": "Param25",
      "FadeInTime": -1.0,
      "FadeOutTime": -1.0,
      "Segments": [
        0,
        0,
        0,
        6,
        0
      ]
    },
    {
      "Target": "Parameter",
      "Id": "Param65",
      "FadeInTime": -1.0,
      "FadeOutTime": -1.0,
      "Segments": [
        0,
        0,
        0,
        6,
        0
      ]
    },
    {
      "Target": "Parameter",
      "Id": "Param26",
      "FadeInTime": -1.0,
      "FadeOutTime": -1.0,
      "Segments": [
        0,
        0,
        0,
        6,
        0
      ]
    },
    {
      "Target": "Parameter",
      "Id": "Param27",
      "FadeInTime": -1.0,
      "FadeOutTime": -1.0,
      "Segments": [
        0,
        0,
        0,
        6,
        0
      ]
    },
    {
      "Target": "Parameter",
      "Id": "Param60",
      "FadeInTime": -1.0,
      "FadeOutTime": -1.0,
      "Segments": [
        0,
        0,
        0,
        6,
        0
      ]
    },
    {
      "Target": "Parameter",
      "Id": "Param61",
      "FadeInTime": -1.0,
      "FadeOutTime": -1.0,
      "Segments": [
        0,
        0,
        0,
        6,
        0
      ]
    },
    {
      "Target": "Parameter",
      "Id": "Param62",
      "FadeInTime": -1.0,
      "FadeOutTime": -1.0,
      "Segments": [
        0,
        0,
        0,
        6,
        0
      ]
    },
    {
      "Target": "Parameter",
      "Id": "Param63",
      "FadeInTime": -1.0,
      "FadeOutTime": -1.0,
      "Segments": [
        0,
        0,
        0,
        6,
        0
      ]
    },
    {
      "Target": "Parameter",
      "Id": "Param64",
      "FadeInTime": -1.0,
      "FadeOutTime": -1.0,
      "Segments": [
        0,
        30,
        0,
        6,
        30
      ]
    },
    {
      "Target": "Parameter",
      "Id": "ParamAngleZ2",
      "FadeInTime": -1.0,
      "FadeOutTime": -1.0,
      "Segments": [
        0,
        -19.171,
        0,
        6,
        -19.171
      ]
    },
    {
      "Target": "Parameter",
      "Id": "ParamCheek",
      "FadeInTime": -1.0,
      "FadeOutTime": -1.0,
      "Segments": [
        0,
        1,
        0,
        6,
        1
      ]
    },
    {
      "Target": "Parameter",
      "Id": "ParamBrowRX",
      "FadeInTime": -1.0,
      "FadeOutTime": -1.0,
      "Segments": [
        0,
        0,
        0,
        6,
        0
      ]
    },
    {
      "Target": "Parameter",
      "Id": "ParamBrowRAngle",
      "FadeInTime": -1.0,
      "FadeOutTime": -1.0,
      "Segments": [
        0,
        0,
        0,
        6,
        0
      ]
    },
    {
      "Target": "Parameter",
      "Id": "ParamBrowLX",
      "FadeInTime": -1.0,
      "FadeOutTime": -1.0,
      "Segments": [
        0,
        0,
        0,
        6,
        0
      ]
    },
    {
      "Target": "Parameter",
      "Id": "ParamBrowLAngle",
      "FadeInTime": -1.0,
      "FadeOutTime": -1.0,
      "Segments": [
        0,
        0,
        0,
        6,
        0
      ]
    },
    {
      "Target": "Parameter",
      "Id": "ParamEyeLSmile",
      "FadeInTime": -1.0,
      "FadeOutTime": -1.0,
      "Segments": [
        0,
        0,
        0,
        6,
        0
      ]
    },
    {
      "Target": "Parameter",
      "Id": "ParamEyeRSmile",
      "FadeInTime": -1.0,
      "FadeOutTime": -1.0,
      "Segments": [
        0,
        0,
        0,
        6,
        0
      ]
    },
    {
      "Target": "Parameter",
      "Id": "ParamEyeBallX",
      "FadeInTime": -1.0,
      "FadeOutTime": -1.0,
      "Segments": [
        0,
        0,
        0,
        6,
        0
      ]
    },
    {
      "Target": "Parameter",
      "Id": "ParamEyeBallY",
      "FadeInTime": -1.0,
      "FadeOutTime": -1.0,
      "Segments": [
        0,
        0,
        0,
        6,
        0
      ]
    },
    {
      "Target": "Parameter",
      "Id": "Param150",
      "FadeInTime": -1.0,
      "FadeOutTime": -1.0,
      "Segments": [
        0,
        1,
        0,
        6,
        1
      ]
    },
    {
      "Target": "Parameter",
      "Id": "Param120",
      "FadeInTime": -1.0,
      "FadeOutTime": -1.0,
      "Segments": [
        0,
        0,
        0,
        6,
        0
      ]
    },
    {
      "Target": "Parameter",
      "Id": "Param121",
      "FadeInTime": -1.0,
      "FadeOutTime": -1.0,
      "Segments": [
        0,
        0,
        0,
        6,
        0
      ]
    },
    {
      "Target": "Parameter",
      "Id": "Param146",
      "FadeInTime": -1.0,
      "FadeOutTime": -1.0,
      "Segments": [
        0,
        0,
        0,
        6,
        0
      ]
    },
    {
      "Target": "Parameter",
      "Id": "Param",
      "FadeInTime": -1.0,
      "FadeOutTime": -1.0,
      "Segments": [
        0,
        0,
        0,
        6,
        0
      ]
    },
    {
      "Target": "Parameter",
      "Id": "Param149",
      "FadeInTime": -1.0,
      "FadeOutTime": -1.0,
      "Segments": [
        0,
        0,
        0,
        6,
        0
      ]
    },
    {
      "Target": "Parameter",
      "Id": "ParamMouthOpenY",
      "FadeInTime": -1.0,
      "FadeOutTime": -1.0,
      "Segments": [
        0,
        0,
        0,
        6,
        0
      ]
    },
    {
      "Target": "Parameter",
      "Id": "ParamMouthForm3",
      "FadeInTime": -1.0,
      "FadeOutTime": -1.0,
      "Segments": [
        0,
        0,
        0,
        6,
        0
      ]
    },
    {
      "Target": "Parameter",
      "Id": "Param76",
      "FadeInTime": -1.0,
      "FadeOutTime": -1.0,
      "Segments": [
        0,
        0,
        0,
        6,
        0
      ]
    },
    {
      "Target": "Parameter",
      "Id": "Param181",
      "FadeInTime": -1.0,
      "FadeOutTime": -1.0,
      "Segments": [
        0,
        0,
        0,
        6,
        0
      ]
    },
    {
      "Target": "Parameter",
      "Id": "Param126",
      "FadeInTime": -1.0,
      "FadeOutTime": -1.0,
      "Segments": [
        0,
        0,
        0,
        6,
        0
      ]
    },
    {
      "Target": "Parameter",
      "Id": "Param129",
      "FadeInTime": -1.0,
      "FadeOutTime": -1.0,
      "Segments": [
        0,
        0,
        0,
        6,
        0
      ]
    },
    {
      "Target": "Parameter",
      "Id": "Param128",
      "FadeInTime": -1.0,
      "FadeOutTime": -1.0,
      "Segments": [
        0,
        0,
        0,
        6,
        0
      ]
    },
    {
      "Target": "Parameter",
      "Id": "Param2",
      "FadeInTime": -1.0,
      "FadeOutTime": -1.0,
      "Segments": [
        0,
        0,
        0,
        6,
        0
      ]
    },
    {
      "Target": "Parameter",
      "Id": "Param46",
      "FadeInTime": -1.0,
      "FadeOutTime": -1.0,
      "Segments": [
        0,
        0,
        0,
        6,
        0
      ]
    },
    {
      "Target": "Parameter",
      "Id": "Param153",
      "FadeInTime": -1.0,
      "FadeOutTime": -1.0,
      "Segments": [
        0,
        0,
        0,
        6,
        0
      ]
    },
    {
      "Target": "Parameter",
      "Id": "Param182",
      "FadeInTime": -1.0,
      "FadeOutTime": -1.0,
      "Segments": [
        0,
        0,
        0,
        6,
        0
      ]
    },
    {
      "Target": "Parameter",
      "Id": "Param154",
      "FadeInTime": -1.0,
      "FadeOutTime": -1.0,
      "Segments": [
        0,
        0,
        0,
        6,
        0
      ]
    },
    {
      "Target": "Parameter",
      "Id": "ParamBodyAngleX2",
      "FadeInTime": -1.0,
      "FadeOutTime": -1.0,
      "Segments": [
        0,
        0.308,
        0,
        6,
        0.308
      ]
    },
    {
      "Target": "Parameter",
      "Id": "Param111",
      "FadeInTime": -1.0,
      "FadeOutTime": -1.0,
      "Segments": [
        0,
        0,
        0,
        6,
        0
      ]
    },
    {
      "Target": "Parameter",
      "Id": "ParamBodyAngleY2",
      "FadeInTime": -1.0,
      "FadeOutTime": -1.0,
      "Segments": [
        0,
        0,
        0,
        6,
        0
      ]
    },
    {
      "Target": "Parameter",
      "Id": "ParamBreath",
      "FadeInTime": -1.0,
      "FadeOutTime": -1.0,
      "Segments": [
        0,
        0.642,
        0,
        6,
        0.642
      ]
    },
    {
      "Target": "Parameter",
      "Id": "Param170",
      "FadeInTime": -1.0,
      "FadeOutTime": -1.0,
      "Segments": [
        0,
        0,
        0,
        6,
        0
      ]
    },
    {
      "Target": "Parameter",
      "Id": "Param171",
      "FadeInTime": -1.0,
      "FadeOutTime": -1.0,
      "Segments": [
        0,
        0,
        0,
        6,
        0
      ]
    },
    {
      "Target": "Parameter",
      "Id": "ParamBodyAngleX3",
      "FadeInTime": -1.0,
      "FadeOutTime": -1.0,
      "Segments": [
        0,
        10,
        0,
        6,
        10
      ]
    },
    {
      "Target": "Parameter",
      "Id": "Param138",
      "FadeInTime": -1.0,
      "FadeOutTime": -1.0,
      "Segments": [
        0,
        0,
        0,
        6,
        0
      ]
    },
    {
      "Target": "Parameter",
      "Id": "Param139",
      "FadeInTime": -1.0,
      "FadeOutTime": -1.0,
      "Segments": [
        0,
        1,
        0,
        6,
        1
      ]
    },
    {
      "Target": "Parameter",
      "Id": "Param132",
      "FadeInTime": -1.0,
      "FadeOutTime": -1.0,
      "Segments": [
        0,
        1,
        0,
        6,
        1
      ]
    },
    {
      "Target": "Parameter",
      "Id": "Param133",
      "FadeInTime": -1.0,
      "FadeOutTime": -1.0,
      "Segments": [
        0,
        0,
        0,
        6,
        0
      ]
    },
    {
      "Target": "Parameter",
      "Id": "Param136",
      "FadeInTime": -1.0,
      "FadeOutTime": -1.0,
      "Segments": [
        0,
        1,
        0,
        6,
        1
      ]
    },
    {
      "Target": "Parameter",
      "Id": "Param140",
      "FadeInTime": -1.0,
      "FadeOutTime": -1.0,
      "Segments": [
        0,
        0,
        0,
        6,
        0
      ]
    },
    {
      "Target": "Parameter",
      "Id": "Param142",
      "FadeInTime": -1.0,
      "FadeOutTime": -1.0,
      "Segments": [
        0,
        0,
        0,
        6,
        0
      ]
    },
    {
      "Target": "Parameter",
      "Id": "Param21",
      "FadeInTime": -1.0,
      "FadeOutTime": -1.0,
      "Segments": [
        0,
        30,
        0,
        6,
        30
      ]
    },
    {
      "Target": "Parameter",
      "Id": "Param130",
      "FadeInTime": -1.0,
      "FadeOutTime": -1.0,
      "Segments": [
        0,
        0,
        0,
        6,
        0
      ]
    },
    {
      "Target": "Parameter",
      "Id": "Param131",
      "FadeInTime": -1.0,
      "FadeOutTime": -1.0,
      "Segments": [
        0,
        0,
        0,
        6,
        0
      ]
    },
    {
      "Target": "Parameter",
      "Id": "Param135",
      "FadeInTime": -1.0,
      "FadeOutTime": -1.0,
      "Segments": [
        0,
        0,
        0,
        6,
        0
      ]
    },
    {
      "Target": "Parameter",
      "Id": "Param137",
      "FadeInTime": -1.0,
      "FadeOutTime": -1.0,
      "Segments": [
        0,
        1,
        0,
        6,
        1
      ]
    },
    {
      "Target": "Parameter",
      "Id": "Param141",
      "FadeInTime": -1.0,
      "FadeOutTime": -1.0,
      "Segments": [
        0,
        0,
        0,
        6,
        0
      ]
    },
    {
      "Target": "Parameter",
      "Id": "Param143",
      "FadeInTime": -1.0,
      "FadeOutTime": -1.0,
      "Segments": [
        0,
        0,
        0,
        6,
        0
      ]
    },
    {
      "Target": "Parameter",
      "Id": "Param79",
      "FadeInTime": -1.0,
      "FadeOutTime": -1.0,
      "Segments": [
        0,
        0,
        0,
        6,
        0
      ]
    },
    {
      "Target": "Parameter",
      "Id": "Param134",
      "FadeInTime": -1.0,
      "FadeOutTime": -1.0,
      "Segments": [
        0,
        0,
        0,
        6,
        0
      ]
    },
    {
      "Target": "Parameter",
      "Id": "Param125",
      "FadeInTime": -1.0,
      "FadeOutTime": -1.0,
      "Segments": [
        0,
        1,
        0,
        6,
        1
      ]
    },
    {
      "Target": "Parameter",
      "Id": "Param148",
      "FadeInTime": -1.0,
      "FadeOutTime": -1.0,
      "Segments": [
        0,
        0,
        0,
        6,
        0
      ]
    },
    {
      "Target": "Parameter",
      "Id": "Param179",
      "FadeInTime": -1.0,
      "FadeOutTime": -1.0,
      "Segments": [
        0,
        0,
        0,
        6,
        0
      ]
    },
    {
      "Target": "Parameter",
      "Id": "Param188",
      "FadeInTime": -1.0,
      "FadeOutTime": -1.0,
      "Segments": [
        0,
        1,
        0,
        6,
        1
      ]
    },
    {
      "Target": "Parameter",
      "Id": "Param147",
      "FadeInTime": -1.0,
      "FadeOutTime": -1.0,
      "Segments": [
        0,
        0.958,
        0,
        6,
        0.958
      ]
    },
    {
      "Target": "Parameter",
      "Id": "Param40",
      "FadeInTime": -1.0,
      "FadeOutTime": -1.0,
      "Segments": [
        0,
        0,
        0,
        6,
        0
      ]
    },
    {
      "Target": "Parameter",
      "Id": "Param92",
      "FadeInTime": -1.0,
      "FadeOutTime": -1.0,
      "Segments": [
        0,
        0,
        0,
        6,
        0
      ]
    },
    {
      "Target": "Parameter",
      "Id": "Param176",
      "FadeInTime": -1.0,
      "FadeOutTime": -1.0,
      "Segments": [
        0,
        0,
        0,
        6,
        0
      ]
    },
    {
      "Target": "Parameter",
      "Id": "Param174",
      "FadeInTime": -1.0,
      "FadeOutTime": -1.0,
      "Segments": [
        0,
        0,
        0,
        6,
        0
      ]
    },
    {
      "Target": "Parameter",
      "Id": "Param175",
      "FadeInTime": -1.0,
      "FadeOutTime": -1.0,
      "Segments": [
        0,
        0,
        0,
        6,
        0
      ]
    },
    {
      "Target": "Parameter",
      "Id": "Param173",
      "FadeInTime": -1.0,
      "FadeOutTime": -1.0,
      "Segments": [
        0,
        -10,
        0,
        6,
        -10
      ]
    },
    {
      "Target": "Parameter",
      "Id": "Param39",
      "FadeInTime": -1.0,
      "FadeOutTime": -1.0,
      "Segments": [
        0,
        0.5,
        0,
        6,
        0.5
      ]
    },
    {
      "Target": "Parameter",
      "Id": "Param91",
      "FadeInTime": -1.0,
      "FadeOutTime": -1.0,
      "Segments": [
        0,
        0.5,
        0,
        6,
        0.5
      ]
    },
    {
      "Target": "Parameter",
      "Id": "Param177",
      "FadeInTime": -1.0,
      "FadeOutTime": -1.0,
      "Segments": [
        0,
        0,
        0,
        6,
        0
      ]
    },
    {
      "Target": "Parameter",
      "Id": "Param178",
      "FadeInTime": -1.0,
      "FadeOutTime": -1.0,
      "Segments": [
        0,
        0,
        0,
        6,
        0
      ]
    },
    {
      "Target": "Parameter",
      "Id": "Param169",
      "FadeInTime": -1.0,
      "FadeOutTime": -1.0,
      "Segments": [
        0,
        0,
        0,
        6,
        0
      ]
    },
    {
      "Target": "Parameter",
      "Id": "Param167",
      "FadeInTime": -1.0,
      "FadeOutTime": -1.0,
      "Segments": [
        0,
        -15,
        0,
        6,
        -15
      ]
    },
    {
      "Target": "Parameter",
      "Id": "Param168",
      "FadeInTime": -1.0,
      "FadeOutTime": -1.0,
      "Segments": [
        0,
        21.9,
        0,
        6,
        21.9
      ]
    },
    {
      "Target": "Parameter",
      "Id": "Param163",
      "FadeInTime": -1.0,
      "FadeOutTime": -1.0,
      "Segments": [
        0,
        0,
        0,
        6,
        0
      ]
    },
    {
      "Target": "Parameter",
      "Id": "Param165",
      "FadeInTime": -1.0,
      "FadeOutTime": -1.0,
      "Segments": [
        0,
        0,
        0,
        6,
        0
      ]
    },
    {
      "Target": "Parameter",
      "Id": "Param164",
      "FadeInTime": -1.0,
      "FadeOutTime": -1.0,
      "Segments": [
        0,
        0,
        0,
        6,
        0
      ]
    },
    {
      "Target": "Parameter",
      "Id": "Param109",
      "FadeInTime": -1.0,
      "FadeOutTime": -1.0,
      "Segments": [
        0,
        0,
        0,
        6,
        0
      ]
    },
    {
      "Target": "Parameter",
      "Id": "Param104",
      "FadeInTime": -1.0,
      "FadeOutTime": -1.0,
      "Segments": [
        0,
        0,
        0,
        6,
        0
      ]
    },
    {
      "Target": "Parameter",
      "Id": "Param105",
      "FadeInTime": -1.0,
      "FadeOutTime": -1.0,
      "Segments": [
        0,
        0,
        0,
        6,
        0
      ]
    },
    {
      "Target": "Parameter",
      "Id": "Param106",
      "FadeInTime": -1.0,
      "FadeOutTime": -1.0,
      "Segments": [
        0,
        0,
        0,
        6,
        0
      ]
    },
    {
      "Target": "Parameter",
      "Id": "Param107",
      "FadeInTime": -1.0,
      "FadeOutTime": -1.0,
      "Segments": [
        0,
        0,
        0,
        6,
        0
      ]
    },
    {
      "Target": "Parameter",
      "Id": "Param108",
      "FadeInTime": -1.0,
      "FadeOutTime": -1.0,
      "Segments": [
        0,
        0,
        0,
        6,
        0
      ]
    },
    {
      "Target": "Parameter",
      "Id": "ParamLS4",
      "FadeInTime": -1.0,
      "FadeOutTime": -1.0,
      "Segments": [
        0,
        0,
        0,
        6,
        0
      ]
    },
    {
      "Target": "Parameter",
      "Id": "ParamLS5",
      "FadeInTime": -1.0,
      "FadeOutTime": -1.0,
      "Segments": [
        0,
        0,
        0,
        6,
        0
      ]
    },
    {
      "Target": "Parameter",
      "Id": "ParamLS1",
      "FadeInTime": -1.0,
      "FadeOutTime": -1.0,
      "Segments": [
        0,
        0,
        0,
        6,
        0
      ]
    },
    {
      "Target": "Parameter",
      "Id": "ParamLS3",
      "FadeInTime": -1.0,
      "FadeOutTime": -1.0,
      "Segments": [
        0,
        0,
        0,
        6,
        0
      ]
    },
    {
      "Target": "Parameter",
      "Id": "ParamLS2",
      "FadeInTime": -1.0,
      "FadeOutTime": -1.0,
      "Segments": [
        0,
        0,
        0,
        6,
        0
      ]
    },
    {
      "Target": "Parameter",
      "Id": "Param110",
      "FadeInTime": -1.0,
      "FadeOutTime": -1.0,
      "Segments": [
        0,
        -30,
        0,
        6,
        -30
      ]
    },
    {
      "Target": "Parameter",
      "Id": "Param151",
      "FadeInTime": -1.0,
      "FadeOutTime": -1.0,
      "Segments": [
        0,
        -30,
        0,
        6,
        -30
      ]
    },
    {
      "Target": "Parameter",
      "Id": "Param152",
      "FadeInTime": -1.0,
      "FadeOutTime": -1.0,
      "Segments": [
        0,
        -30,
        0,
        6,
        -30
      ]
    },
    {
      "Target": "Parameter",
      "Id": "Param103",
      "FadeInTime": -1.0,
      "FadeOutTime": -1.0,
      "Segments": [
        0,
        0,
        0,
        6,
        0
      ]
    },
    {
      "Target": "Parameter",
      "Id": "Param85",
      "FadeInTime": -1.0,
      "FadeOutTime": -1.0,
      "Segments": [
        0,
        0,
        0,
        6,
        0
      ]
    },
    {
      "Target": "Parameter",
      "Id": "Param22",
      "FadeInTime": -1.0,
      "FadeOutTime": -1.0,
      "Segments": [
        0,
        0,
        0,
        6,
        0
      ]
    },
    {
      "Target": "Parameter",
      "Id": "Param144",
      "FadeInTime": -1.0,
      "FadeOutTime": -1.0,
      "Segments": [
        0,
        0,
        0,
        6,
        0
      ]
    },
    {
      "Target": "Parameter",
      "Id": "Param5",
      "FadeInTime": -1.0,
      "FadeOutTime": -1.0,
      "Segments": [
        0,
        0,
        0,
        6,
        0
      ]
    },
    {
      "Target": "Parameter",
      "Id": "Param3",
      "FadeInTime": -1.0,
      "FadeOutTime": -1.0,
      "Segments": [
        0,
        0,
        0,
        6,
        0
      ]
    },
    {
      "Target": "Parameter",
      "Id": "Param4",
      "FadeInTime": -1.0,
      "FadeOutTime": -1.0,
      "Segments": [
        0,
        0,
        0,
        6,
        0
      ]
    },
    {
      "Target": "Parameter",
      "Id": "Param28",
      "FadeInTime": -1.0,
      "FadeOutTime": -1.0,
      "Segments": [
        0,
        0,
        0,
        6,
        0
      ]
    },
    {
      "Target": "Parameter",
      "Id": "Param6",
      "FadeInTime": -1.0,
      "FadeOutTime": -1.0,
      "Segments": [
        0,
        0,
        0,
        6,
        0
      ]
    },
    {
      "Target": "Parameter",
      "Id": "Param192",
      "FadeInTime": -1.0,
      "FadeOutTime": -1.0,
      "Segments": [
        0,
        10,
        0,
        6,
        10
      ]
    },
    {
      "Target": "Parameter",
      "Id": "Paramchengdi6",
      "FadeInTime": -1.0,
      "FadeOutTime": -1.0,
      "Segments": [
        0,
        1,
        0,
        6,
        1
      ]
    },
    {
      "Target": "Parameter",
      "Id": "Paramchengdi5",
      "FadeInTime": -1.0,
      "FadeOutTime": -1.0,
      "Segments": [
        0,
        1,
        0,
        6,
        1
      ]
    },
    {
      "Target": "Parameter",
      "Id": "LHandSwi1",
      "FadeInTime": -1.0,
      "FadeOutTime": -1.0,
      "Segments": [
        0,
        0,
        0,
        6,
        0
      ]
    },
    {
      "Target": "Parameter",
      "Id": "LHandSwi2",
      "FadeInTime": -1.0,
      "FadeOutTime": -1.0,
      "Segments": [
        0,
        0,
        0,
        6,
        0
      ]
    },
    {
      "Target": "Parameter",
      "Id": "LHandSwi5",
      "FadeInTime": -1.0,
      "FadeOutTime": -1.0,
      "Segments": [
        0,
        0,
        0,
        6,
        0
      ]
    },
    {
      "Target": "Parameter",
      "Id": "LHandSwi4",
      "FadeInTime": -1.0,
      "FadeOutTime": -1.0,
      "Segments": [
        0,
        0,
        0,
        6,
        0
      ]
    },
    {
      "Target": "Parameter",
      "Id": "LHandSwi7",
      "FadeInTime": -1.0,
      "FadeOutTime": -1.0,
      "Segments": [
        0,
        1,
        0,
        6,
        1
      ]
    },
    {
      "Target": "Parameter",
      "Id": "LHandSwi6",
      "FadeInTime": -1.0,
      "FadeOutTime": -1.0,
      "Segments": [
        0,
        1,
        0,
        6,
        1
      ]
    },
    {
      "Target": "Parameter",
      "Id": "LHandSwi8",
      "FadeInTime": -1.0,
      "FadeOutTime": -1.0,
      "Segments": [
        0,
        0,
        0,
        6,
        0
      ]
    },
    {
      "Target": "Parameter",
      "Id": "LHandSwi9",
      "FadeInTime": -1.0,
      "FadeOutTime": -1.0,
      "Segments": [
        0,
        0,
        0,
        6,
        0
      ]
    },
    {
      "Target": "Parameter",
      "Id": "Paramchengdi",
      "FadeInTime": -1.0,
      "FadeOutTime": -1.0,
      "Segments": [
        0,
        0,
        0,
        6,
        0
      ]
    },
    {
      "Target": "Parameter",
      "Id": "Paramchengdi1",
      "FadeInTime": -1.0,
      "FadeOutTime": -1.0,
      "Segments": [
        0,
        0,
        0,
        6,
        0
      ]
    },
    {
      "Target": "Parameter",
      "Id": "Paramchengdi3",
      "FadeInTime": -1.0,
      "FadeOutTime": -1.0,
      "Segments": [
        0,
        0,
        0,
        6,
        0
      ]
    },
    {
      "Target": "Parameter",
      "Id": "Paramchengdi2",
      "FadeInTime": -1.0,
      "FadeOutTime": -1.0,
      "Segments": [
        0,
        0,
        0,
        6,
        0
      ]
    },
    {
      "Target": "Parameter",
      "Id": "Paramchengdi4",
      "FadeInTime": -1.0,
      "FadeOutTime": -1.0,
      "Segments": [
        0,
        0,
        0,
        6,
        0
      ]
    },
    {
      "Target": "Parameter",
      "Id": "Param184",
      "FadeInTime": -1.0,
      "FadeOutTime": -1.0,
      "Segments": [
        0,
        0,
        0,
        6,
        0
      ]
    },
    {
      "Target": "Parameter",
      "Id": "Param187",
      "FadeInTime": -1.0,
      "FadeOutTime": -1.0,
      "Segments": [
        0,
        0,
        0,
        6,
        0
      ]
    },
    {
      "Target": "Parameter",
      "Id": "Param172",
      "FadeInTime": -1.0,
      "FadeOutTime": -1.0,
      "Segments": [
        0,
        0,
        0,
        6,
        0
      ]
    },
    {
      "Target": "Parameter",
      "Id": "Param180",
      "FadeInTime": -1.0,
      "FadeOutTime": -1.0,
      "Segments": [
        0,
        10,
        0,
        6,
        10
      ]
    },
    {
      "Target": "Parameter",
      "Id": "ParamLArm5",
      "FadeInTime": -1.0,
      "FadeOutTime": -1.0,
      "Segments": [
        0,
        0,
        0,
        6,
        0
      ]
    },
    {
      "Target": "Parameter",
      "Id": "Param189",
      "FadeInTime": -1.0,
      "FadeOutTime": -1.0,
      "Segments": [
        0,
        -1.888,
        0,
        6,
        -1.888
      ]
    },
    {
      "Target": "Parameter",
      "Id": "Param41",
      "FadeInTime": -1.0,
      "FadeOutTime": -1.0,
      "Segments": [
        0,
        1,
        0,
        6,
        1
      ]
    },
    {
      "Target": "Parameter",
      "Id": "Param11",
      "FadeInTime": -1.0,
      "FadeOutTime": -1.0,
      "Segments": [
        0,
        -1.704,
        0,
        6,
        -1.704
      ]
    },
    {
      "Target": "Parameter",
      "Id": "Param33",
      "FadeInTime": -1.0,
      "FadeOutTime": -1.0,
      "Segments": [
        0,
        0,
        0,
        6,
        0
      ]
    },
    {
      "Target": "Parameter",
      "Id": "Param34",
      "FadeInTime": -1.0,
      "FadeOutTime": -1.0,
      "Segments": [
        0,
        1,
        0,
        6,
        1
      ]
    },
    {
      "Target": "Parameter",
      "Id": "Param183",
      "FadeInTime": -1.0,
      "FadeOutTime": -1.0,
      "Segments": [
        0,
        1,
        0,
        6,
        1
      ]
    },
    {
      "Target": "Parameter",
      "Id": "Param185",
      "FadeInTime": -1.0,
      "FadeOutTime": -1.0,
      "Segments": [
        0,
        1,
        0,
        6,
        1
      ]
    },
    {
      "Target": "Parameter",
      "Id": "Param186",
      "FadeInTime": -1.0,
      "FadeOutTime": -1.0,
      "Segments": [
        0,
        0,
        0,
        6,
        0
      ]
    },
    {
      "Target": "Parameter",
      "Id": "Param31",
      "FadeInTime": -1.0,
      "FadeOutTime": -1.0,
      "Segments": [
        0,
        -29.976,
        0,
        6,
        -29.976
      ]
    },
    {
      "Target": "Parameter",
      "Id": "Param12",
      "FadeInTime": -1.0,
      "FadeOutTime": -1.0,
      "Segments": [
        0,
        -29.952,
        0,
        6,
        -29.952
      ]
    },
    {
      "Target": "Parameter",
      "Id": "Param32",
      "FadeInTime": -1.0,
      "FadeOutTime": -1.0,
      "Segments": [
        0,
        4.844,
        0,
        6,
        4.844
      ]
    },
    {
      "Target": "Parameter",
      "Id": "Param190",
      "FadeInTime": -1.0,
      "FadeOutTime": -1.0,
      "Segments": [
        0,
        0,
        0,
        6,
        0
      ]
    },
    {
      "Target": "Parameter",
      "Id": "Param191",
      "FadeInTime": -1.0,
      "FadeOutTime": -1.0,
      "Segments": [
        0,
        0,
        0,
        6,
        0
      ]
    },
    {
      "Target": "Parameter",
      "Id": "Param205",
      "FadeInTime": -1.0,
      "FadeOutTime": -1.0,
      "Segments": [
        0,
        0,
        0,
        6,
        0
      ]
    },
    {
      "Target": "Parameter",
      "Id": "Param206",
      "FadeInTime": -1.0,
      "FadeOutTime": -1.0,
      "Segments": [
        0,
        1,
        0,
        6,
        1
      ]
    },
    {
      "Target": "Parameter",
      "Id": "Param36",
      "FadeInTime": -1.0,
      "FadeOutTime": -1.0,
      "Segments": [
        0,
        30,
        0,
        6,
        30
      ]
    },
    {
      "Target": "Parameter",
      "Id": "Param35",
      "FadeInTime": -1.0,
      "FadeOutTime": -1.0,
      "Segments": [
        0,
        0,
        0,
        6,
        0
      ]
    },
    {
      "Target": "Parameter",
      "Id": "Param37",
      "FadeInTime": -1.0,
      "FadeOutTime": -1.0,
      "Segments": [
        0,
        0,
        0,
        6,
        0
      ]
    },
    {
      "Target": "Parameter",
      "Id": "Param38",
      "FadeInTime": -1.0,
      "FadeOutTime": -1.0,
      "Segments": [
        0,
        0,
        0,
        6,
        0
      ]
    },
    {
      "Target": "Parameter",
      "Id": "ParamRHWl1",
      "FadeInTime": -1.0,
      "FadeOutTime": -1.0,
      "Segments": [
        0,
        -12.97,
        0,
        6,
        -12.97
      ]
    },
    {
      "Target": "Parameter",
      "Id": "ParamRHWl2",
      "FadeInTime": -1.0,
      "FadeOutTime": -1.0,
      "Segments": [
        0,
        -15.507,
        0,
        6,
        -15.507
      ]
    },
    {
      "Target": "Parameter",
      "Id": "ParamRHWl3",
      "FadeInTime": -1.0,
      "FadeOutTime": -1.0,
      "Segments": [
        0,
        18.316,
        0,
        6,
        18.316
      ]
    },
    {
      "Target": "Parameter",
      "Id": "ParamRHWl4",
      "FadeInTime": -1.0,
      "FadeOutTime": -1.0,
      "Segments": [
        0,
        16.76,
        0,
        6,
        16.76
      ]
    },
    {
      "Target": "Parameter",
      "Id": "Param87",
      "FadeInTime": -1.0,
      "FadeOutTime": -1.0,
      "Segments": [
        0,
        -18.332,
        0,
        6,
        -18.332
      ]
    },
    {
      "Target": "Parameter",
      "Id": "Param88",
      "FadeInTime": -1.0,
      "FadeOutTime": -1.0,
      "Segments": [
        0,
        -6.881,
        0,
        6,
        -6.881
      ]
    },
    {
      "Target": "Parameter",
      "Id": "Param89",
      "FadeInTime": -1.0,
      "FadeOutTime": -1.0,
      "Segments": [
        0,
        -19.076,
        0,
        6,
        -19.076
      ]
    },
    {
      "Target": "Parameter",
      "Id": "Param90",
      "FadeInTime": -1.0,
      "FadeOutTime": -1.0,
      "Segments": [
        0,
        -1.247,
        0,
        6,
        -1.247
      ]
    },
    {
      "Target": "Parameter",
      "Id": "Param94",
      "FadeInTime": -1.0,
      "FadeOutTime": -1.0,
      "Segments": [
        0,
        -16.979,
        0,
        6,
        -16.979
      ]
    },
    {
      "Target": "Parameter",
      "Id": "Param95",
      "FadeInTime": -1.0,
      "FadeOutTime": -1.0,
      "Segments": [
        0,
        10.601,
        0,
        6,
        10.601
      ]
    },
    {
      "Target": "Parameter",
      "Id": "Param17",
      "FadeInTime": -1.0,
      "FadeOutTime": -1.0,
      "Segments": [
        0,
        -9.886,
        0,
        6,
        -9.886
      ]
    },
    {
      "Target": "Parameter",
      "Id": "Param18",
      "FadeInTime": -1.0,
      "FadeOutTime": -1.0,
      "Segments": [
        0,
        0,
        0,
        6,
        0
      ]
    },
    {
      "Target": "Parameter",
      "Id": "Param49",
      "FadeInTime": -1.0,
      "FadeOutTime": -1.0,
      "Segments": [
        0,
        -3.711,
        0,
        6,
        -3.711
      ]
    },
    {
      "Target": "Parameter",
      "Id": "Param50",
      "FadeInTime": -1.0,
      "FadeOutTime": -1.0,
      "Segments": [
        0,
        5.136,
        0,
        6,
        5.136
      ]
    },
    {
      "Target": "Parameter",
      "Id": "Param53",
      "FadeInTime": -1.0,
      "FadeOutTime": -1.0,
      "Segments": [
        0,
        -16.979,
        0,
        6,
        -16.979
      ]
    },
    {
      "Target": "Parameter",
      "Id": "Param54",
      "FadeInTime": -1.0,
      "FadeOutTime": -1.0,
      "Segments": [
        0,
        4.727,
        0,
        6,
        4.727
      ]
    },
    {
      "Target": "Parameter",
      "Id": "Param55",
      "FadeInTime": -1.0,
      "FadeOutTime": -1.0,
      "Segments": [
        0,
        0,
        0,
        6,
        0
      ]
    },
    {
      "Target": "Parameter",
      "Id": "Param58",
      "FadeInTime": -1.0,
      "FadeOutTime": -1.0,
      "Segments": [
        0,
        0,
        0,
        6,
        0
      ]
    },
    {
      "Target": "Parameter",
      "Id": "Param59",
      "FadeInTime": -1.0,
      "FadeOutTime": -1.0,
      "Segments": [
        0,
        0,
        0,
        6,
        0
      ]
    },
    {
      "Target": "Parameter",
      "Id": "Param56",
      "FadeInTime": -1.0,
      "FadeOutTime": -1.0,
      "Segments": [
        0,
        0,
        0,
        6,
        0
      ]
    },
    {
      "Target": "Parameter",
      "Id": "Param57",
      "FadeInTime": -1.0,
      "FadeOutTime": -1.0,
      "Segments": [
        0,
        0,
        0,
        6,
        0
      ]
    },
    {
      "Target": "Parameter",
      "Id": "Param52",
      "FadeInTime": -1.0,
      "FadeOutTime": -1.0,
      "Segments": [
        0,
        0,
        0,
        6,
        0
      ]
    },
    {
      "Target": "Parameter",
      "Id": "Param51",
      "FadeInTime": -1.0,
      "FadeOutTime": -1.0,
      "Segments": [
        0,
        0,
        0,
        6,
        0
      ]
    },
    {
      "Target": "Parameter",
      "Id": "ParamZbWl1",
      "FadeInTime": -1.0,
      "FadeOutTime": -1.0,
      "Segments": [
        0,
        -11.873,
        0,
        6,
        -11.873
      ]
    },
    {
      "Target": "Parameter",
      "Id": "ParamZbWl2",
      "FadeInTime": -1.0,
      "FadeOutTime": -1.0,
      "Segments": [
        0,
        6.65,
        0,
        6,
        6.65
      ]
    },
    {
      "Target": "Parameter",
      "Id": "ParamZbWl3",
      "FadeInTime": -1.0,
      "FadeOutTime": -1.0,
      "Segments": [
        0,
        -9.337,
        0,
        6,
        -9.337
      ]
    },
    {
      "Target": "Parameter",
      "Id": "ParamZbWl4",
      "FadeInTime": -1.0,
      "FadeOutTime": -1.0,
      "Segments": [
        0,
        10.203,
        0,
        6,
        10.203
      ]
    },
    {
      "Target": "Parameter",
      "Id": "ParamZbWl5",
      "FadeInTime": -1.0,
      "FadeOutTime": -1.0,
      "Segments": [
        0,
        -5.379,
        0,
        6,
        -5.379
      ]
    },
    {
      "Target": "Parameter",
      "Id": "ParamZbWl6",
      "FadeInTime": -1.0,
      "FadeOutTime": -1.0,
      "Segments": [
        0,
        12.335,
        0,
        6,
        12.335
      ]
    },
    {
      "Target": "Parameter",
      "Id": "Param19",
      "FadeInTime": -1.0,
      "FadeOutTime": -1.0,
      "Segments": [
        0,
        -6.029,
        0,
        6,
        -6.029
      ]
    },
    {
      "Target": "Parameter",
      "Id": "ParamZbWl7",
      "FadeInTime": -1.0,
      "FadeOutTime": -1.0,
      "Segments": [
        0,
        0,
        0,
        6,
        0
      ]
    },
    {
      "Target": "Parameter",
      "Id": "ParamZbWl8",
      "FadeInTime": -1.0,
      "FadeOutTime": -1.0,
      "Segments": [
        0,
        0,
        0,
        6,
        0
      ]
    },
    {
      "Target": "Parameter",
      "Id": "touch_drag1",
      "FadeInTime": -1.0,
      "FadeOutTime": -1.0,
      "Segments": [
        0,
        0,
        0,
        6,
        0
      ]
    },
    {
      "Target": "Parameter",
      "Id": "touch_drag2",
      "FadeInTime": -1.0,
      "FadeOutTime": -1.0,
      "Segments": [
        0,
        0,
        0,
        6,
        0
      ]
    },
    {
      "Target": "Parameter",
      "Id": "touch_drag11",
      "FadeInTime": -1.0,
      "FadeOutTime": -1.0,
      "Segments": [
        0,
        0,
        0,
        6,
        0
      ]
    },
    {
      "Target": "Parameter",
      "Id": "touch_drag13",
      "FadeInTime": -1.0,
      "FadeOutTime": -1.0,
      "Segments": [
        0,
        0,
        0,
        6,
        0
      ]
    },
    {
      "Target": "Parameter",
      "Id": "touch_drag14",
      "FadeInTime": -1.0,
      "FadeOutTime": -1.0,
      "Segments": [
        0,
        0,
        0,
        6,
        0
      ]
    },
    {
      "Target": "Parameter",
      "Id": "Paramtouch_idle1",
      "FadeInTime": -1.0,
      "FadeOutTime": -1.0,
      "Segments": [
        0,
        0,
        0,
        6,
        0
      ]
    },
    {
      "Target": "Parameter",
      "Id": "Paramtouch_idle2",
      "FadeInTime": -1.0,
      "FadeOutTime": -1.0,
      "Segments": [
        0,
        0,
        0,
        6,
        0
      ]
    },
    {
      "Target": "Parameter",
      "Id": "Paramtouch_idle3",
      "FadeInTime": -1.0,
      "FadeOutTime": -1.0,
      "Segments": [
        0,
        0,
        0,
        6,
        0
      ]
    },
    {
      "Target": "Parameter",
      "Id": "Paramtouch_idle6",
      "FadeInTime": -1.0,
      "FadeOutTime": -1.0,
      "Segments": [
        0,
        0,
        0,
        6,
        0
      ]
    }
  ],
  "UserData": [
    {
      "Time": -14.133,
      "Value": ""
    },
    {
      "Time": 0.0,
      "Value": ""
    },
    {
      "Time": 5.5,
      "Value": ""
    }
  ]
}