{
  "Version": 3,
  "Meta": {
    "Duration": 1.667,
    "Fps": 60.0,
    "Loop": true,
    "AreBeziersRestricted": true,
    "FadeInTime": 0.0,
    "FadeOutTime": 0.0,
    "CurveCount": 299,
    "TotalSegmentCount": 411,
    "TotalPointCount": 623,
    "UserDataCount": 2,
    "TotalUserDataSize": 0
  },
  "Curves": [
    {
      "Target": "Parameter",
      "Id": "Param211",
      "FadeInTime": -1.0,
      "FadeOutTime": -1.0,
      "Segments": [
        0,
        -3.48,
        1,
        0.333,
        -3.48,
        0.667,
        -2.845,
        1,
        0,
        1,
        1.222,
        1.897,
        1.445,
        3.718,
        1.667,
        4.721
      ]
    },
    {
      "Target": "Parameter",
      "Id": "Param212",
      "FadeInTime": -1.0,
      "FadeOutTime": -1.0,
      "Segments": [
        0,
        0,
        0,
        1,
        -6.06,
        1,
        1.222,
        -6.06,
        1.445,
        -5.144,
        1.667,
        -3.349
      ]
    },
    {
      "Target": "Parameter",
      "Id": "Param213",
      "FadeInTime": -1.0,
      "FadeOutTime": -1.0,
      "Segments": [
        0,
        -2.91,
        1,
        0.161,
        -2.91,
        0.322,
        -1.936,
        0.483,
        0,
        1,
        0.816,
        4.004,
        1.15,
        6,
        1.483,
        6,
        1,
        1.544,
        6,
        1.606,
        5.9,
        1.667,
        5.718
      ]
    },
    {
      "Target": "Parameter",
      "Id": "Param214",
      "FadeInTime": -1.0,
      "FadeOutTime": -1.0,
      "Segments": [
        0,
        -4.82,
        0,
        0.483,
        -6,
        1,
        0.816,
        -6,
        1.15,
        -3.62,
        1.483,
        0,
        1,
        1.544,
        0.664,
        1.606,
        1.251,
        1.667,
        1.767
      ]
    },
    {
      "Target": "Parameter",
      "Id": "Param220",
      "FadeInTime": -1.0,
      "FadeOutTime": -1.0,
      "Segments": [
        0,
        0,
        0,
        0.25,
        1,
        2,
        1.1,
        1,
        0,
        1.2,
        0,
        2,
        1.667,
        0
      ]
    },
    {
      "Target": "Parameter",
      "Id": "Param217",
      "FadeInTime": -1.0,
      "FadeOutTime": -1.0,
      "Segments": [
        0,
        0.3,
        2,
        0.133,
        0.3,
        0,
        0.167,
        0.307,
        0,
        0.217,
        0.3,
        2,
        0.667,
        0.3,
        0,
        1,
        -0.061,
        0,
        1.333,
        0.3,
        2,
        1.667,
        0.3
      ]
    },
    {
      "Target": "Parameter",
      "Id": "zhuangcangjing2",
      "FadeInTime": -1.0,
      "FadeOutTime": -1.0,
      "Segments": [
        0,
        0,
        0,
        0.5,
        1,
        2,
        1.667,
        1
      ]
    },
    {
      "Target": "Parameter",
      "Id": "Param219",
      "FadeInTime": -1.0,
      "FadeOutTime": -1.0,
      "Segments": [
        0,
        1,
        2,
        0.667,
        1,
        0,
        1.333,
        2,
        2,
        1.667,
        2
      ]
    },
    {
      "Target": "Parameter",
      "Id": "aa1",
      "FadeInTime": -1.0,
      "FadeOutTime": -1.0,
      "Segments": [
        0,
        0,
        2,
        1,
        0,
        0,
        1.067,
        10,
        2,
        1.667,
        10
      ]
    },
    {
      "Target": "Parameter",
      "Id": "Param194",
      "FadeInTime": -1.0,
      "FadeOutTime": -1.0,
      "Segments": [
        0,
        0,
        2,
        0.7,
        0,
        0,
        0.867,
        -0.109,
        0,
        1.333,
        0,
        2,
        1.667,
        0
      ]
    },
    {
      "Target": "Parameter",
      "Id": "Param195",
      "FadeInTime": -1.0,
      "FadeOutTime": -1.0,
      "Segments": [
        0,
        0,
        2,
        0.7,
        0,
        0,
        1.067,
        0.04,
        0,
        1.333,
        0,
        2,
        1.667,
        0
      ]
    },
    {
      "Target": "Parameter",
      "Id": "Param123",
      "FadeInTime": -1.0,
      "FadeOutTime": -1.0,
      "Segments": [
        0,
        0,
        2,
        0.133,
        0,
        0,
        0.167,
        0.055,
        0,
        0.2,
        0,
        2,
        1.667,
        0
      ]
    },
    {
      "Target": "Parameter",
      "Id": "ParamBodyAngleX",
      "FadeInTime": -1.0,
      "FadeOutTime": -1.0,
      "Segments": [
        0,
        0.859,
        0,
        0.833,
        1.796,
        1,
        1.111,
        1.796,
        1.389,
        1.483,
        1.667,
        0.858
      ]
    },
    {
      "Target": "Parameter",
      "Id": "ParamBodyAngleY",
      "FadeInTime": -1.0,
      "FadeOutTime": -1.0,
      "Segments": [
        0,
        -1.391,
        1,
        0.278,
        -1.391,
        0.555,
        -1.124,
        0.833,
        -0.704,
        1,
        1.111,
        -0.284,
        1.389,
        -0.073,
        1.667,
        -0.014
      ]
    },
    {
      "Target": "Parameter",
      "Id": "ParamBodyAngleX2",
      "FadeInTime": -1.0,
      "FadeOutTime": -1.0,
      "Segments": [
        0,
        0.308,
        0,
        0.833,
        0.949,
        1,
        1.111,
        0.949,
        1.389,
        0.735,
        1.667,
        0.307
      ]
    },
    {
      "Target": "Parameter",
      "Id": "ParamBodyAngleY2",
      "FadeInTime": -1.0,
      "FadeOutTime": -1.0,
      "Segments": [
        0,
        -0.258,
        1,
        0.278,
        -0.258,
        0.555,
        -0.208,
        0.833,
        -0.129,
        1,
        1.111,
        -0.05,
        1.389,
        -0.011,
        1.667,
        0
      ]
    },
    {
      "Target": "Parameter",
      "Id": "ParamBreath",
      "FadeInTime": -1.0,
      "FadeOutTime": -1.0,
      "Segments": [
        0,
        0.642,
        0,
        0.7,
        0.864,
        1,
        1.022,
        0.864,
        1.345,
        0.717,
        1.667,
        0.447
      ]
    },
    {
      "Target": "Parameter",
      "Id": "Param112",
      "FadeInTime": -1.0,
      "FadeOutTime": -1.0,
      "Segments": [
        0,
        4.169,
        0,
        1.367,
        -0.165,
        1,
        1.467,
        -0.165,
        1.567,
        -0.037,
        1.667,
        0.18
      ]
    },
    {
      "Target": "Parameter",
      "Id": "Param113",
      "FadeInTime": -1.0,
      "FadeOutTime": -1.0,
      "Segments": [
        0,
        0.435,
        0,
        0.2,
        0.405,
        1,
        0.689,
        0.405,
        1.178,
        0.976,
        1.667,
        1.281
      ]
    },
    {
      "Target": "Parameter",
      "Id": "Param114",
      "FadeInTime": -1.0,
      "FadeOutTime": -1.0,
      "Segments": [
        0,
        -0.481,
        0,
        0.767,
        -1.308,
        1,
        1.067,
        -1.308,
        1.367,
        -0.797,
        1.667,
        -0.236
      ]
    },
    {
      "Target": "Parameter",
      "Id": "Param115",
      "FadeInTime": -1.0,
      "FadeOutTime": -1.0,
      "Segments": [
        0,
        1.741,
        0,
        1.267,
        -4.627,
        1,
        1.4,
        -4.627,
        1.534,
        -4.261,
        1.667,
        -3.674
      ]
    },
    {
      "Target": "Parameter",
      "Id": "Param116",
      "FadeInTime": -1.0,
      "FadeOutTime": -1.0,
      "Segments": [
        0,
        0.244,
        0,
        1.433,
        3.015,
        1,
        1.511,
        3.015,
        1.589,
        2.968,
        1.667,
        2.885
      ]
    },
    {
      "Target": "Parameter",
      "Id": "Param117",
      "FadeInTime": -1.0,
      "FadeOutTime": -1.0,
      "Segments": [
        0,
        0.46,
        0,
        0.267,
        0.52,
        1,
        0.734,
        0.52,
        1.2,
        0.23,
        1.667,
        0.056
      ]
    },
    {
      "Target": "Parameter",
      "Id": "Param118",
      "FadeInTime": -1.0,
      "FadeOutTime": -1.0,
      "Segments": [
        0,
        -0.309,
        0,
        1.133,
        1.183,
        1,
        1.311,
        1.183,
        1.489,
        1.006,
        1.667,
        0.746
      ]
    },
    {
      "Target": "Parameter",
      "Id": "Param119",
      "FadeInTime": -1.0,
      "FadeOutTime": -1.0,
      "Segments": [
        0,
        -7.32,
        1,
        0.556,
        -7.32,
        1.111,
        7.596,
        1.667,
        8.181
      ]
    },
    {
      "Target": "Parameter",
      "Id": "Param13",
      "FadeInTime": -1.0,
      "FadeOutTime": -1.0,
      "Segments": [
        0,
        0,
        0,
        0.983,
        2.22,
        1,
        1.211,
        2.22,
        1.439,
        1.577,
        1.667,
        0.789
      ]
    },
    {
      "Target": "Parameter",
      "Id": "Param15",
      "FadeInTime": -1.0,
      "FadeOutTime": -1.0,
      "Segments": [
        0,
        0,
        0,
        0.467,
        -4,
        1,
        0.867,
        -4,
        1.267,
        1.964,
        1.667,
        2.882
      ]
    },
    {
      "Target": "Parameter",
      "Id": "Param14",
      "FadeInTime": -1.0,
      "FadeOutTime": -1.0,
      "Segments": [
        0,
        9,
        0,
        0.983,
        7.32,
        1,
        1.211,
        7.32,
        1.439,
        7.947,
        1.667,
        8.716
      ]
    },
    {
      "Target": "Parameter",
      "Id": "Param16",
      "FadeInTime": -1.0,
      "FadeOutTime": -1.0,
      "Segments": [
        0,
        -2.4,
        0,
        0.467,
        2,
        1,
        0.867,
        2,
        1.267,
        -3.112,
        1.667,
        -3.899
      ]
    },
    {
      "Target": "Parameter",
      "Id": "Param47",
      "FadeInTime": -1.0,
      "FadeOutTime": -1.0,
      "Segments": [
        0,
        -0.007,
        1,
        0.022,
        -0.007,
        0.045,
        -0.002,
        0.067,
        0,
        1,
        0.4,
        0.037,
        0.734,
        0.053,
        1.067,
        0.053,
        1,
        1.267,
        0.053,
        1.467,
        0.047,
        1.667,
        0.034
      ]
    },
    {
      "Target": "Parameter",
      "Id": "Param48",
      "FadeInTime": -1.0,
      "FadeOutTime": -1.0,
      "Segments": [
        0,
        -7.118,
        0,
        0.067,
        -7.168,
        1,
        0.4,
        -7.168,
        0.734,
        -3.437,
        1.067,
        4.024,
        1,
        1.267,
        8.5,
        1.467,
        11.634,
        1.667,
        13.424
      ]
    },
    {
      "Target": "Parameter",
      "Id": "Param29",
      "FadeInTime": -1.0,
      "FadeOutTime": -1.0,
      "Segments": [
        0,
        -6.931,
        1,
        0.333,
        -6.931,
        0.667,
        -4.621,
        1,
        0,
        1,
        1.222,
        3.08,
        1.445,
        5.134,
        1.667,
        6.161
      ]
    },
    {
      "Target": "Parameter",
      "Id": "Param30",
      "FadeInTime": -1.0,
      "FadeOutTime": -1.0,
      "Segments": [
        0,
        0,
        0,
        1,
        -6.931,
        1,
        1.222,
        -6.931,
        1.445,
        -5.904,
        1.667,
        -3.851
      ]
    },
    {
      "Target": "Parameter",
      "Id": "Param9",
      "FadeInTime": -1.0,
      "FadeOutTime": -1.0,
      "Segments": [
        0,
        -6.861,
        0,
        0.1,
        -6.931,
        1,
        0.433,
        -6.931,
        0.767,
        -4.621,
        1.1,
        0,
        1,
        1.289,
        2.618,
        1.478,
        4.495,
        1.667,
        5.63
      ]
    },
    {
      "Target": "Parameter",
      "Id": "Param10",
      "FadeInTime": -1.0,
      "FadeOutTime": -1.0,
      "Segments": [
        0,
        1.318,
        1,
        0.033,
        1.318,
        0.067,
        0.483,
        0.1,
        0,
        1,
        0.433,
        -4.826,
        0.767,
        -6.931,
        1.1,
        -6.931,
        1,
        1.289,
        -6.931,
        1.478,
        -6.189,
        1.667,
        -4.705
      ]
    },
    {
      "Target": "Parameter",
      "Id": "Param42",
      "FadeInTime": -1.0,
      "FadeOutTime": -1.0,
      "Segments": [
        0,
        -6.553,
        0,
        0.233,
        -6.931,
        1,
        0.566,
        -6.931,
        0.9,
        -4.621,
        1.233,
        0,
        1,
        1.378,
        2.002,
        1.522,
        3.571,
        1.667,
        4.705
      ]
    },
    {
      "Target": "Parameter",
      "Id": "Param43",
      "FadeInTime": -1.0,
      "FadeOutTime": -1.0,
      "Segments": [
        0,
        2.858,
        1,
        0.078,
        2.858,
        0.155,
        1.174,
        0.233,
        0,
        1,
        0.566,
        -5.029,
        0.9,
        -6.931,
        1.233,
        -6.931,
        1,
        1.378,
        -6.931,
        1.522,
        -6.497,
        1.667,
        -5.63
      ]
    },
    {
      "Target": "Parameter",
      "Id": "Param44",
      "FadeInTime": -1.0,
      "FadeOutTime": -1.0,
      "Segments": [
        0,
        -6.162,
        0,
        0.333,
        -6.931,
        1,
        0.666,
        -6.931,
        1,
        -4.621,
        1.333,
        0,
        1,
        1.444,
        1.54,
        1.556,
        2.824,
        1.667,
        3.851
      ]
    },
    {
      "Target": "Parameter",
      "Id": "Param45",
      "FadeInTime": -1.0,
      "FadeOutTime": -1.0,
      "Segments": [
        0,
        3.847,
        1,
        0.111,
        3.847,
        0.222,
        1.709,
        0.333,
        0,
        1,
        0.666,
        -5.128,
        1,
        -6.931,
        1.333,
        -6.931,
        1,
        1.444,
        -6.931,
        1.556,
        -6.674,
        1.667,
        -6.161
      ]
    },
    {
      "Target": "Parameter",
      "Id": "ParamRHWl1",
      "FadeInTime": -1.0,
      "FadeOutTime": -1.0,
      "Segments": [
        0,
        -12.97,
        1,
        0.144,
        -12.97,
        0.289,
        -6.17,
        0.433,
        0,
        1,
        0.766,
        14.24,
        1.1,
        19.097,
        1.433,
        19.097,
        1,
        1.511,
        19.097,
        1.589,
        18.75,
        1.667,
        18.057
      ]
    },
    {
      "Target": "Parameter",
      "Id": "ParamRHWl2",
      "FadeInTime": -1.0,
      "FadeOutTime": -1.0,
      "Segments": [
        0,
        -15.507,
        0,
        0.433,
        -19.097,
        1,
        0.766,
        -19.097,
        1.1,
        -12.731,
        1.433,
        0,
        1,
        1.511,
        2.971,
        1.589,
        5.595,
        1.667,
        7.872
      ]
    },
    {
      "Target": "Parameter",
      "Id": "ParamRHWl3",
      "FadeInTime": -1.0,
      "FadeOutTime": -1.0,
      "Segments": [
        0,
        18.316,
        1,
        0.178,
        18.316,
        0.355,
        9.327,
        0.533,
        0,
        1,
        0.866,
        -17.488,
        1.2,
        -23.419,
        1.533,
        -23.419,
        1,
        1.578,
        -23.419,
        1.622,
        -23.28,
        1.667,
        -23.003
      ]
    },
    {
      "Target": "Parameter",
      "Id": "ParamRHWl4",
      "FadeInTime": -1.0,
      "FadeOutTime": -1.0,
      "Segments": [
        0,
        16.76,
        0,
        0.533,
        23.419,
        1,
        0.866,
        23.419,
        1.2,
        15.613,
        1.533,
        0,
        1,
        1.578,
        -2.082,
        1.622,
        -4.025,
        1.667,
        -5.829
      ]
    },
    {
      "Target": "Parameter",
      "Id": "Param87",
      "FadeInTime": -1.0,
      "FadeOutTime": -1.0,
      "Segments": [
        0,
        -18.332,
        1,
        0.267,
        -18.332,
        0.533,
        -10.991,
        0.8,
        0,
        1,
        1.089,
        11.907,
        1.378,
        17.519,
        1.667,
        18.804
      ]
    },
    {
      "Target": "Parameter",
      "Id": "Param88",
      "FadeInTime": -1.0,
      "FadeOutTime": -1.0,
      "Segments": [
        0,
        -6.881,
        0,
        0.8,
        -19.097,
        1,
        1.089,
        -19.097,
        1.378,
        -14.316,
        1.667,
        -4.753
      ]
    },
    {
      "Target": "Parameter",
      "Id": "Param89",
      "FadeInTime": -1.0,
      "FadeOutTime": -1.0,
      "Segments": [
        0,
        -19.076,
        1,
        0.322,
        -19.076,
        0.645,
        -12.505,
        0.967,
        0,
        1,
        1.2,
        9.055,
        1.434,
        14.791,
        1.667,
        17.417
      ]
    },
    {
      "Target": "Parameter",
      "Id": "Param90",
      "FadeInTime": -1.0,
      "FadeOutTime": -1.0,
      "Segments": [
        0,
        -1.247,
        0,
        0.967,
        -19.097,
        1,
        1.2,
        -19.097,
        1.434,
        -15.978,
        1.667,
        -9.739
      ]
    },
    {
      "Target": "Parameter",
      "Id": "Param94",
      "FadeInTime": -1.0,
      "FadeOutTime": -1.0,
      "Segments": [
        0,
        -16.979,
        0,
        0.333,
        -19.097,
        1,
        0.666,
        -19.097,
        1,
        -12.731,
        1.333,
        0,
        1,
        1.444,
        4.244,
        1.556,
        7.78,
        1.667,
        10.609
      ]
    },
    {
      "Target": "Parameter",
      "Id": "Param95",
      "FadeInTime": -1.0,
      "FadeOutTime": -1.0,
      "Segments": [
        0,
        10.601,
        1,
        0.111,
        10.601,
        0.222,
        4.694,
        0.333,
        0,
        1,
        0.666,
        -14.083,
        1,
        -19.097,
        1.333,
        -19.097,
        1,
        1.444,
        -19.097,
        1.556,
        -18.39,
        1.667,
        -16.975
      ]
    },
    {
      "Target": "Parameter",
      "Id": "Param17",
      "FadeInTime": -1.0,
      "FadeOutTime": -1.0,
      "Segments": [
        0,
        -9.886,
        1,
        0.333,
        -9.886,
        0.667,
        -6.591,
        1,
        0,
        1,
        1.222,
        4.394,
        1.445,
        7.323,
        1.667,
        8.788
      ]
    },
    {
      "Target": "Parameter",
      "Id": "Param18",
      "FadeInTime": -1.0,
      "FadeOutTime": -1.0,
      "Segments": [
        0,
        0,
        0,
        1,
        -9.886,
        1,
        1.222,
        -9.886,
        1.445,
        -8.421,
        1.667,
        -5.492
      ]
    },
    {
      "Target": "Parameter",
      "Id": "Param49",
      "FadeInTime": -1.0,
      "FadeOutTime": -1.0,
      "Segments": [
        0,
        -3.711,
        0,
        0.333,
        -4.12,
        1,
        0.666,
        -4.12,
        1,
        -2.891,
        1.333,
        -0.431,
        1,
        1.444,
        0.389,
        1.556,
        1.072,
        1.667,
        1.619
      ]
    },
    {
      "Target": "Parameter",
      "Id": "Param50",
      "FadeInTime": -1.0,
      "FadeOutTime": -1.0,
      "Segments": [
        0,
        5.136,
        1,
        0.133,
        5.136,
        0.267,
        4.107,
        0.4,
        3.116,
        1,
        0.711,
        0.804,
        1.022,
        0,
        1.333,
        0,
        1,
        1.444,
        0,
        1.556,
        0.111,
        1.667,
        0.356
      ]
    },
    {
      "Target": "Parameter",
      "Id": "Param53",
      "FadeInTime": -1.0,
      "FadeOutTime": -1.0,
      "Segments": [
        0,
        -16.979,
        0,
        0.333,
        -19.097,
        1,
        0.666,
        -19.097,
        1,
        -12.731,
        1.333,
        0,
        1,
        1.444,
        4.244,
        1.556,
        7.78,
        1.667,
        10.609
      ]
    },
    {
      "Target": "Parameter",
      "Id": "Param54",
      "FadeInTime": -1.0,
      "FadeOutTime": -1.0,
      "Segments": [
        0,
        4.727,
        1,
        0.111,
        4.727,
        0.222,
        2.099,
        0.333,
        0,
        1,
        0.666,
        -6.298,
        1,
        -8.515,
        1.333,
        -8.515,
        1,
        1.444,
        -8.515,
        1.556,
        -8.2,
        1.667,
        -7.569
      ]
    },
    {
      "Target": "Parameter",
      "Id": "Param57",
      "FadeInTime": -1.0,
      "FadeOutTime": -1.0,
      "Segments": [
        0,
        0,
        1,
        0.322,
        0,
        0.645,
        -0.151,
        0.967,
        2.489,
        1,
        1.2,
        4.401,
        1.434,
        7.899,
        1.667,
        10.079
      ]
    },
    {
      "Target": "Parameter",
      "Id": "ParamZbWl1",
      "FadeInTime": -1.0,
      "FadeOutTime": -1.0,
      "Segments": [
        0,
        -11.873,
        0,
        0.3,
        -13.046,
        1,
        0.633,
        -13.046,
        0.967,
        -8.697,
        1.3,
        0,
        1,
        1.422,
        3.189,
        1.545,
        5.793,
        1.667,
        7.813
      ]
    },
    {
      "Target": "Parameter",
      "Id": "ParamZbWl2",
      "FadeInTime": -1.0,
      "FadeOutTime": -1.0,
      "Segments": [
        0,
        6.65,
        1,
        0.1,
        6.65,
        0.2,
        2.875,
        0.3,
        0,
        1,
        0.633,
        -9.583,
        0.967,
        -13.046,
        1.3,
        -13.046,
        1,
        1.422,
        -13.046,
        1.545,
        -12.461,
        1.667,
        -11.292
      ]
    },
    {
      "Target": "Parameter",
      "Id": "ParamZbWl3",
      "FadeInTime": -1.0,
      "FadeOutTime": -1.0,
      "Segments": [
        0,
        -9.337,
        0,
        0.533,
        -13.046,
        1,
        0.866,
        -13.046,
        1.2,
        -8.697,
        1.533,
        0,
        1,
        1.578,
        1.16,
        1.622,
        2.242,
        1.667,
        3.247
      ]
    },
    {
      "Target": "Parameter",
      "Id": "ParamZbWl4",
      "FadeInTime": -1.0,
      "FadeOutTime": -1.0,
      "Segments": [
        0,
        10.203,
        1,
        0.178,
        10.203,
        0.355,
        5.205,
        0.533,
        0,
        1,
        0.866,
        -9.76,
        1.2,
        -13.046,
        1.533,
        -13.046,
        1,
        1.578,
        -13.046,
        1.622,
        -12.969,
        1.667,
        -12.814
      ]
    },
    {
      "Target": "Parameter",
      "Id": "ParamZbWl5",
      "FadeInTime": -1.0,
      "FadeOutTime": -1.0,
      "Segments": [
        0,
        -5.379,
        0,
        0.767,
        -13.046,
        1,
        1.067,
        -13.046,
        1.367,
        -9.524,
        1.667,
        -2.479
      ]
    },
    {
      "Target": "Parameter",
      "Id": "ParamZbWl6",
      "FadeInTime": -1.0,
      "FadeOutTime": -1.0,
      "Segments": [
        0,
        12.335,
        1,
        0.256,
        12.335,
        0.511,
        7.26,
        0.767,
        0,
        1,
        1.067,
        -8.522,
        1.367,
        -12.272,
        1.667,
        -12.936
      ]
    },
    {
      "Target": "Parameter",
      "Id": "Param19",
      "FadeInTime": -1.0,
      "FadeOutTime": -1.0,
      "Segments": [
        0,
        -6.029,
        0,
        0.733,
        -13.046,
        1,
        1.044,
        -13.046,
        1.356,
        -9.258,
        1.667,
        -1.681
      ]
    },
    {
      "Target": "Parameter",
      "Id": "ParamZbWl7",
      "FadeInTime": -1.0,
      "FadeOutTime": -1.0,
      "Segments": [
        0,
        0,
        2,
        0.067,
        0,
        1,
        0.106,
        0,
        0.144,
        -1.488,
        0.183,
        -1.774,
        1,
        0.439,
        -3.651,
        0.694,
        -4.303,
        0.95,
        -4.303,
        1,
        1.189,
        -4.303,
        1.428,
        -3.566,
        1.667,
        -2.093
      ]
    },
    {
      "Target": "Parameter",
      "Id": "ParamZbWl8",
      "FadeInTime": -1.0,
      "FadeOutTime": -1.0,
      "Segments": [
        0,
        6.3,
        2,
        0.067,
        6.3,
        1,
        0.106,
        6.3,
        0.144,
        6.247,
        0.183,
        5.957,
        1,
        0.439,
        4.052,
        0.694,
        2.535,
        0.95,
        0,
        1,
        1.189,
        -2.369,
        1.428,
        -4.579,
        1.667,
        -5.64
      ]
    },
    {
      "Target": "Parameter",
      "Id": "touch_drag5",
      "FadeInTime": -1.0,
      "FadeOutTime": -1.0,
      "Segments": [
        0,
        46.8,
        2,
        0.5,
        46.8,
        0,
        1.667,
        0
      ]
    },
    {
      "Target": "Parameter",
      "Id": "touch_drag6",
      "FadeInTime": -1.0,
      "FadeOutTime": -1.0,
      "Segments": [
        0,
        -34.4,
        2,
        0.5,
        -34.4,
        0,
        1.667,
        0
      ]
    },
    {
      "Target": "Parameter",
      "Id": "touch_drag10",
      "FadeInTime": -1.0,
      "FadeOutTime": -1.0,
      "Segments": [
        0,
        1,
        0,
        1,
        0,
        2,
        1.667,
        0
      ]
    },
    {
      "Target": "Parameter",
      "Id": "touch_drag11",
      "FadeInTime": -1.0,
      "FadeOutTime": -1.0,
      "Segments": [
        0,
        1,
        0,
        1,
        0,
        2,
        1.667,
        0
      ]
    },
    {
      "Target": "Model",
      "Id": "EyeBlink",
      "FadeInTime": -1.0,
      "FadeOutTime": -1.0,
      "Segments": [
        0,
        1,
        0,
        1.667,
        1
      ]
    },
    {
      "Target": "Model",
      "Id": "LipSync",
      "FadeInTime": -1.0,
      "FadeOutTime": -1.0,
      "Segments": [
        0,
        0,
        0,
        1.667,
        0
      ]
    },
    {
      "Target": "Parameter",
      "Id": "qiehuan",
      "FadeInTime": -1.0,
      "FadeOutTime": -1.0,
      "Segments": [
        0,
        2,
        0,
        1.667,
        2
      ]
    },
    {
      "Target": "Parameter",
      "Id": "Param209",
      "FadeInTime": -1.0,
      "FadeOutTime": -1.0,
      "Segments": [
        0,
        1,
        0,
        1.667,
        1
      ]
    },
    {
      "Target": "Parameter",
      "Id": "Param215",
      "FadeInTime": -1.0,
      "FadeOutTime": -1.0,
      "Segments": [
        0,
        0,
        0,
        1.667,
        0
      ]
    },
    {
      "Target": "Parameter",
      "Id": "Param216",
      "FadeInTime": -1.0,
      "FadeOutTime": -1.0,
      "Segments": [
        0,
        0,
        0,
        1.667,
        0
      ]
    },
    {
      "Target": "Parameter",
      "Id": "Param210",
      "FadeInTime": -1.0,
      "FadeOutTime": -1.0,
      "Segments": [
        0,
        1,
        0,
        1.667,
        1
      ]
    },
    {
      "Target": "Parameter",
      "Id": "huichangj0",
      "FadeInTime": -1.0,
      "FadeOutTime": -1.0,
      "Segments": [
        0,
        0,
        0,
        1.667,
        0
      ]
    },
    {
      "Target": "Parameter",
      "Id": "Param218",
      "FadeInTime": -1.0,
      "FadeOutTime": -1.0,
      "Segments": [
        0,
        1,
        0,
        1.667,
        1
      ]
    },
    {
      "Target": "Parameter",
      "Id": "Param7",
      "FadeInTime": -1.0,
      "FadeOutTime": -1.0,
      "Segments": [
        0,
        0,
        0,
        1.667,
        0
      ]
    },
    {
      "Target": "Parameter",
      "Id": "Param8",
      "FadeInTime": -1.0,
      "FadeOutTime": -1.0,
      "Segments": [
        0,
        0,
        0,
        1.667,
        0
      ]
    },
    {
      "Target": "Parameter",
      "Id": "Param20",
      "FadeInTime": -1.0,
      "FadeOutTime": -1.0,
      "Segments": [
        0,
        0,
        0,
        1.667,
        0
      ]
    },
    {
      "Target": "Parameter",
      "Id": "Param122",
      "FadeInTime": -1.0,
      "FadeOutTime": -1.0,
      "Segments": [
        0,
        0,
        0,
        1.667,
        0
      ]
    },
    {
      "Target": "Parameter",
      "Id": "Param124",
      "FadeInTime": -1.0,
      "FadeOutTime": -1.0,
      "Segments": [
        0,
        0,
        0,
        1.667,
        0
      ]
    },
    {
      "Target": "Parameter",
      "Id": "Param155",
      "FadeInTime": -1.0,
      "FadeOutTime": -1.0,
      "Segments": [
        0,
        1,
        0,
        1.667,
        1
      ]
    },
    {
      "Target": "Parameter",
      "Id": "Param157",
      "FadeInTime": -1.0,
      "FadeOutTime": -1.0,
      "Segments": [
        0,
        0,
        0,
        1.667,
        0
      ]
    },
    {
      "Target": "Parameter",
      "Id": "Param158",
      "FadeInTime": -1.0,
      "FadeOutTime": -1.0,
      "Segments": [
        0,
        0,
        0,
        1.667,
        0
      ]
    },
    {
      "Target": "Parameter",
      "Id": "Param156",
      "FadeInTime": -1.0,
      "FadeOutTime": -1.0,
      "Segments": [
        0,
        0,
        0,
        1.667,
        0
      ]
    },
    {
      "Target": "Parameter",
      "Id": "Param160",
      "FadeInTime": -1.0,
      "FadeOutTime": -1.0,
      "Segments": [
        0,
        0,
        0,
        1.667,
        0
      ]
    },
    {
      "Target": "Parameter",
      "Id": "Param162",
      "FadeInTime": -1.0,
      "FadeOutTime": -1.0,
      "Segments": [
        0,
        0,
        0,
        1.667,
        0
      ]
    },
    {
      "Target": "Parameter",
      "Id": "Param161",
      "FadeInTime": -1.0,
      "FadeOutTime": -1.0,
      "Segments": [
        0,
        0,
        0,
        1.667,
        0
      ]
    },
    {
      "Target": "Parameter",
      "Id": "Param159",
      "FadeInTime": -1.0,
      "FadeOutTime": -1.0,
      "Segments": [
        0,
        0,
        0,
        1.667,
        0
      ]
    },
    {
      "Target": "Parameter",
      "Id": "Param66",
      "FadeInTime": -1.0,
      "FadeOutTime": -1.0,
      "Segments": [
        0,
        0,
        0,
        1.667,
        0
      ]
    },
    {
      "Target": "Parameter",
      "Id": "Param69",
      "FadeInTime": -1.0,
      "FadeOutTime": -1.0,
      "Segments": [
        0,
        0,
        0,
        1.667,
        0
      ]
    },
    {
      "Target": "Parameter",
      "Id": "Param67",
      "FadeInTime": -1.0,
      "FadeOutTime": -1.0,
      "Segments": [
        0,
        0,
        0,
        1.667,
        0
      ]
    },
    {
      "Target": "Parameter",
      "Id": "Param68",
      "FadeInTime": -1.0,
      "FadeOutTime": -1.0,
      "Segments": [
        0,
        0,
        0,
        1.667,
        0
      ]
    },
    {
      "Target": "Parameter",
      "Id": "Param70",
      "FadeInTime": -1.0,
      "FadeOutTime": -1.0,
      "Segments": [
        0,
        0,
        0,
        1.667,
        0
      ]
    },
    {
      "Target": "Parameter",
      "Id": "Param72",
      "FadeInTime": -1.0,
      "FadeOutTime": -1.0,
      "Segments": [
        0,
        0,
        0,
        1.667,
        0
      ]
    },
    {
      "Target": "Parameter",
      "Id": "Param71",
      "FadeInTime": -1.0,
      "FadeOutTime": -1.0,
      "Segments": [
        0,
        0,
        0,
        1.667,
        0
      ]
    },
    {
      "Target": "Parameter",
      "Id": "Param73",
      "FadeInTime": -1.0,
      "FadeOutTime": -1.0,
      "Segments": [
        0,
        0,
        0,
        1.667,
        0
      ]
    },
    {
      "Target": "Parameter",
      "Id": "Param74",
      "FadeInTime": -1.0,
      "FadeOutTime": -1.0,
      "Segments": [
        0,
        0,
        0,
        1.667,
        0
      ]
    },
    {
      "Target": "Parameter",
      "Id": "Param75",
      "FadeInTime": -1.0,
      "FadeOutTime": -1.0,
      "Segments": [
        0,
        0,
        0,
        1.667,
        0
      ]
    },
    {
      "Target": "Parameter",
      "Id": "Param80",
      "FadeInTime": -1.0,
      "FadeOutTime": -1.0,
      "Segments": [
        0,
        0,
        0,
        1.667,
        0
      ]
    },
    {
      "Target": "Parameter",
      "Id": "Param81",
      "FadeInTime": -1.0,
      "FadeOutTime": -1.0,
      "Segments": [
        0,
        0,
        0,
        1.667,
        0
      ]
    },
    {
      "Target": "Parameter",
      "Id": "Param82",
      "FadeInTime": -1.0,
      "FadeOutTime": -1.0,
      "Segments": [
        0,
        0,
        0,
        1.667,
        0
      ]
    },
    {
      "Target": "Parameter",
      "Id": "Param83",
      "FadeInTime": -1.0,
      "FadeOutTime": -1.0,
      "Segments": [
        0,
        0,
        0,
        1.667,
        0
      ]
    },
    {
      "Target": "Parameter",
      "Id": "Param84",
      "FadeInTime": -1.0,
      "FadeOutTime": -1.0,
      "Segments": [
        0,
        0,
        0,
        1.667,
        0
      ]
    },
    {
      "Target": "Parameter",
      "Id": "Param98",
      "FadeInTime": -1.0,
      "FadeOutTime": -1.0,
      "Segments": [
        0,
        0,
        0,
        1.667,
        0
      ]
    },
    {
      "Target": "Parameter",
      "Id": "Param86",
      "FadeInTime": -1.0,
      "FadeOutTime": -1.0,
      "Segments": [
        0,
        0,
        0,
        1.667,
        0
      ]
    },
    {
      "Target": "Parameter",
      "Id": "Param96",
      "FadeInTime": -1.0,
      "FadeOutTime": -1.0,
      "Segments": [
        0,
        0,
        0,
        1.667,
        0
      ]
    },
    {
      "Target": "Parameter",
      "Id": "Param97",
      "FadeInTime": -1.0,
      "FadeOutTime": -1.0,
      "Segments": [
        0,
        0,
        0,
        1.667,
        0
      ]
    },
    {
      "Target": "Parameter",
      "Id": "Param102",
      "FadeInTime": -1.0,
      "FadeOutTime": -1.0,
      "Segments": [
        0,
        0,
        0,
        1.667,
        0
      ]
    },
    {
      "Target": "Parameter",
      "Id": "Param99",
      "FadeInTime": -1.0,
      "FadeOutTime": -1.0,
      "Segments": [
        0,
        0,
        0,
        1.667,
        0
      ]
    },
    {
      "Target": "Parameter",
      "Id": "Param100",
      "FadeInTime": -1.0,
      "FadeOutTime": -1.0,
      "Segments": [
        0,
        0,
        0,
        1.667,
        0
      ]
    },
    {
      "Target": "Parameter",
      "Id": "Param101",
      "FadeInTime": -1.0,
      "FadeOutTime": -1.0,
      "Segments": [
        0,
        0,
        0,
        1.667,
        0
      ]
    },
    {
      "Target": "Parameter",
      "Id": "Param23",
      "FadeInTime": -1.0,
      "FadeOutTime": -1.0,
      "Segments": [
        0,
        0,
        0,
        1.667,
        0
      ]
    },
    {
      "Target": "Parameter",
      "Id": "Param24",
      "FadeInTime": -1.0,
      "FadeOutTime": -1.0,
      "Segments": [
        0,
        0,
        0,
        1.667,
        0
      ]
    },
    {
      "Target": "Parameter",
      "Id": "Param25",
      "FadeInTime": -1.0,
      "FadeOutTime": -1.0,
      "Segments": [
        0,
        0,
        0,
        1.667,
        0
      ]
    },
    {
      "Target": "Parameter",
      "Id": "Param65",
      "FadeInTime": -1.0,
      "FadeOutTime": -1.0,
      "Segments": [
        0,
        0,
        0,
        1.667,
        0
      ]
    },
    {
      "Target": "Parameter",
      "Id": "Param26",
      "FadeInTime": -1.0,
      "FadeOutTime": -1.0,
      "Segments": [
        0,
        0,
        0,
        1.667,
        0
      ]
    },
    {
      "Target": "Parameter",
      "Id": "Param27",
      "FadeInTime": -1.0,
      "FadeOutTime": -1.0,
      "Segments": [
        0,
        0,
        0,
        1.667,
        0
      ]
    },
    {
      "Target": "Parameter",
      "Id": "Param60",
      "FadeInTime": -1.0,
      "FadeOutTime": -1.0,
      "Segments": [
        0,
        0,
        0,
        1.667,
        0
      ]
    },
    {
      "Target": "Parameter",
      "Id": "Param61",
      "FadeInTime": -1.0,
      "FadeOutTime": -1.0,
      "Segments": [
        0,
        0,
        0,
        1.667,
        0
      ]
    },
    {
      "Target": "Parameter",
      "Id": "Param62",
      "FadeInTime": -1.0,
      "FadeOutTime": -1.0,
      "Segments": [
        0,
        0,
        0,
        1.667,
        0
      ]
    },
    {
      "Target": "Parameter",
      "Id": "Param63",
      "FadeInTime": -1.0,
      "FadeOutTime": -1.0,
      "Segments": [
        0,
        0,
        0,
        1.667,
        0
      ]
    },
    {
      "Target": "Parameter",
      "Id": "Param64",
      "FadeInTime": -1.0,
      "FadeOutTime": -1.0,
      "Segments": [
        0,
        0,
        0,
        1.667,
        0
      ]
    },
    {
      "Target": "Parameter",
      "Id": "ParamAngleX",
      "FadeInTime": -1.0,
      "FadeOutTime": -1.0,
      "Segments": [
        0,
        -9.522,
        0,
        1.667,
        -9.522
      ]
    },
    {
      "Target": "Parameter",
      "Id": "ParamAngleY",
      "FadeInTime": -1.0,
      "FadeOutTime": -1.0,
      "Segments": [
        0,
        -4.19,
        0,
        1.667,
        -4.19
      ]
    },
    {
      "Target": "Parameter",
      "Id": "ParamAngleZ",
      "FadeInTime": -1.0,
      "FadeOutTime": -1.0,
      "Segments": [
        0,
        0,
        0,
        1.667,
        0
      ]
    },
    {
      "Target": "Parameter",
      "Id": "ParamAngleZ2",
      "FadeInTime": -1.0,
      "FadeOutTime": -1.0,
      "Segments": [
        0,
        0,
        0,
        1.667,
        0
      ]
    },
    {
      "Target": "Parameter",
      "Id": "ParamCheek",
      "FadeInTime": -1.0,
      "FadeOutTime": -1.0,
      "Segments": [
        0,
        0,
        0,
        1.667,
        0
      ]
    },
    {
      "Target": "Parameter",
      "Id": "Param204",
      "FadeInTime": -1.0,
      "FadeOutTime": -1.0,
      "Segments": [
        0,
        0,
        0,
        1.667,
        0
      ]
    },
    {
      "Target": "Parameter",
      "Id": "ParamBrowRX",
      "FadeInTime": -1.0,
      "FadeOutTime": -1.0,
      "Segments": [
        0,
        0,
        0,
        1.667,
        0
      ]
    },
    {
      "Target": "Parameter",
      "Id": "ParamBrowRY",
      "FadeInTime": -1.0,
      "FadeOutTime": -1.0,
      "Segments": [
        0,
        0,
        0,
        1.667,
        0
      ]
    },
    {
      "Target": "Parameter",
      "Id": "ParamBrowRAngle",
      "FadeInTime": -1.0,
      "FadeOutTime": -1.0,
      "Segments": [
        0,
        0,
        0,
        1.667,
        0
      ]
    },
    {
      "Target": "Parameter",
      "Id": "ParamBrowRForm",
      "FadeInTime": -1.0,
      "FadeOutTime": -1.0,
      "Segments": [
        0,
        0,
        0,
        1.667,
        0
      ]
    },
    {
      "Target": "Parameter",
      "Id": "ParamBrowLX",
      "FadeInTime": -1.0,
      "FadeOutTime": -1.0,
      "Segments": [
        0,
        0,
        0,
        1.667,
        0
      ]
    },
    {
      "Target": "Parameter",
      "Id": "ParamBrowLY",
      "FadeInTime": -1.0,
      "FadeOutTime": -1.0,
      "Segments": [
        0,
        0,
        0,
        1.667,
        0
      ]
    },
    {
      "Target": "Parameter",
      "Id": "ParamBrowLAngle",
      "FadeInTime": -1.0,
      "FadeOutTime": -1.0,
      "Segments": [
        0,
        0,
        0,
        1.667,
        0
      ]
    },
    {
      "Target": "Parameter",
      "Id": "ParamBrowLForm",
      "FadeInTime": -1.0,
      "FadeOutTime": -1.0,
      "Segments": [
        0,
        0,
        0,
        1.667,
        0
      ]
    },
    {
      "Target": "Parameter",
      "Id": "ParamEyeLOpen",
      "FadeInTime": -1.0,
      "FadeOutTime": -1.0,
      "Segments": [
        0,
        1,
        0,
        1.667,
        1
      ]
    },
    {
      "Target": "Parameter",
      "Id": "ParamEyeLSmile",
      "FadeInTime": -1.0,
      "FadeOutTime": -1.0,
      "Segments": [
        0,
        0,
        0,
        1.667,
        0
      ]
    },
    {
      "Target": "Parameter",
      "Id": "ParamEyeLSmile2",
      "FadeInTime": -1.0,
      "FadeOutTime": -1.0,
      "Segments": [
        0,
        0,
        0,
        1.667,
        0
      ]
    },
    {
      "Target": "Parameter",
      "Id": "ParamEyeROpen",
      "FadeInTime": -1.0,
      "FadeOutTime": -1.0,
      "Segments": [
        0,
        1,
        0,
        1.667,
        1
      ]
    },
    {
      "Target": "Parameter",
      "Id": "ParamEyeRSmile",
      "FadeInTime": -1.0,
      "FadeOutTime": -1.0,
      "Segments": [
        0,
        0,
        0,
        1.667,
        0
      ]
    },
    {
      "Target": "Parameter",
      "Id": "ParamEyeRSmile2",
      "FadeInTime": -1.0,
      "FadeOutTime": -1.0,
      "Segments": [
        0,
        0,
        0,
        1.667,
        0
      ]
    },
    {
      "Target": "Parameter",
      "Id": "ParamEyeBallX",
      "FadeInTime": -1.0,
      "FadeOutTime": -1.0,
      "Segments": [
        0,
        0,
        0,
        1.667,
        0
      ]
    },
    {
      "Target": "Parameter",
      "Id": "ParamEyeBallY",
      "FadeInTime": -1.0,
      "FadeOutTime": -1.0,
      "Segments": [
        0,
        0,
        0,
        1.667,
        0
      ]
    },
    {
      "Target": "Parameter",
      "Id": "Param150",
      "FadeInTime": -1.0,
      "FadeOutTime": -1.0,
      "Segments": [
        0,
        1,
        0,
        1.667,
        1
      ]
    },
    {
      "Target": "Parameter",
      "Id": "Param120",
      "FadeInTime": -1.0,
      "FadeOutTime": -1.0,
      "Segments": [
        0,
        0,
        0,
        1.667,
        0
      ]
    },
    {
      "Target": "Parameter",
      "Id": "Param121",
      "FadeInTime": -1.0,
      "FadeOutTime": -1.0,
      "Segments": [
        0,
        0,
        0,
        1.667,
        0
      ]
    },
    {
      "Target": "Parameter",
      "Id": "Param146",
      "FadeInTime": -1.0,
      "FadeOutTime": -1.0,
      "Segments": [
        0,
        0,
        0,
        1.667,
        0
      ]
    },
    {
      "Target": "Parameter",
      "Id": "Param",
      "FadeInTime": -1.0,
      "FadeOutTime": -1.0,
      "Segments": [
        0,
        0,
        0,
        1.667,
        0
      ]
    },
    {
      "Target": "Parameter",
      "Id": "Param149",
      "FadeInTime": -1.0,
      "FadeOutTime": -1.0,
      "Segments": [
        0,
        0,
        0,
        1.667,
        0
      ]
    },
    {
      "Target": "Parameter",
      "Id": "ParamMouthOpenY",
      "FadeInTime": -1.0,
      "FadeOutTime": -1.0,
      "Segments": [
        0,
        0,
        0,
        1.667,
        0
      ]
    },
    {
      "Target": "Parameter",
      "Id": "ParamMouthForm",
      "FadeInTime": -1.0,
      "FadeOutTime": -1.0,
      "Segments": [
        0,
        0,
        0,
        1.667,
        0
      ]
    },
    {
      "Target": "Parameter",
      "Id": "ParamMouthForm2",
      "FadeInTime": -1.0,
      "FadeOutTime": -1.0,
      "Segments": [
        0,
        0,
        0,
        1.667,
        0
      ]
    },
    {
      "Target": "Parameter",
      "Id": "ParamMouthForm3",
      "FadeInTime": -1.0,
      "FadeOutTime": -1.0,
      "Segments": [
        0,
        0,
        0,
        1.667,
        0
      ]
    },
    {
      "Target": "Parameter",
      "Id": "Param127",
      "FadeInTime": -1.0,
      "FadeOutTime": -1.0,
      "Segments": [
        0,
        0,
        0,
        1.667,
        0
      ]
    },
    {
      "Target": "Parameter",
      "Id": "ParamMouthOpenY2",
      "FadeInTime": -1.0,
      "FadeOutTime": -1.0,
      "Segments": [
        0,
        0,
        0,
        1.667,
        0
      ]
    },
    {
      "Target": "Parameter",
      "Id": "Param76",
      "FadeInTime": -1.0,
      "FadeOutTime": -1.0,
      "Segments": [
        0,
        0,
        0,
        1.667,
        0
      ]
    },
    {
      "Target": "Parameter",
      "Id": "Param181",
      "FadeInTime": -1.0,
      "FadeOutTime": -1.0,
      "Segments": [
        0,
        0,
        0,
        1.667,
        0
      ]
    },
    {
      "Target": "Parameter",
      "Id": "Param126",
      "FadeInTime": -1.0,
      "FadeOutTime": -1.0,
      "Segments": [
        0,
        0,
        0,
        1.667,
        0
      ]
    },
    {
      "Target": "Parameter",
      "Id": "Param129",
      "FadeInTime": -1.0,
      "FadeOutTime": -1.0,
      "Segments": [
        0,
        0,
        0,
        1.667,
        0
      ]
    },
    {
      "Target": "Parameter",
      "Id": "Param128",
      "FadeInTime": -1.0,
      "FadeOutTime": -1.0,
      "Segments": [
        0,
        0,
        0,
        1.667,
        0
      ]
    },
    {
      "Target": "Parameter",
      "Id": "Param2",
      "FadeInTime": -1.0,
      "FadeOutTime": -1.0,
      "Segments": [
        0,
        0,
        0,
        1.667,
        0
      ]
    },
    {
      "Target": "Parameter",
      "Id": "Param46",
      "FadeInTime": -1.0,
      "FadeOutTime": -1.0,
      "Segments": [
        0,
        0,
        0,
        1.667,
        0
      ]
    },
    {
      "Target": "Parameter",
      "Id": "Param153",
      "FadeInTime": -1.0,
      "FadeOutTime": -1.0,
      "Segments": [
        0,
        0,
        0,
        1.667,
        0
      ]
    },
    {
      "Target": "Parameter",
      "Id": "Param182",
      "FadeInTime": -1.0,
      "FadeOutTime": -1.0,
      "Segments": [
        0,
        0,
        0,
        1.667,
        0
      ]
    },
    {
      "Target": "Parameter",
      "Id": "Param154",
      "FadeInTime": -1.0,
      "FadeOutTime": -1.0,
      "Segments": [
        0,
        0,
        0,
        1.667,
        0
      ]
    },
    {
      "Target": "Parameter",
      "Id": "ParamBodyAngleZ",
      "FadeInTime": -1.0,
      "FadeOutTime": -1.0,
      "Segments": [
        0,
        0,
        0,
        1.667,
        0
      ]
    },
    {
      "Target": "Parameter",
      "Id": "Param111",
      "FadeInTime": -1.0,
      "FadeOutTime": -1.0,
      "Segments": [
        0,
        0,
        0,
        1.667,
        0
      ]
    },
    {
      "Target": "Parameter",
      "Id": "Param170",
      "FadeInTime": -1.0,
      "FadeOutTime": -1.0,
      "Segments": [
        0,
        0,
        0,
        1.667,
        0
      ]
    },
    {
      "Target": "Parameter",
      "Id": "Param171",
      "FadeInTime": -1.0,
      "FadeOutTime": -1.0,
      "Segments": [
        0,
        0,
        0,
        1.667,
        0
      ]
    },
    {
      "Target": "Parameter",
      "Id": "ParamBodyAngleX3",
      "FadeInTime": -1.0,
      "FadeOutTime": -1.0,
      "Segments": [
        0,
        0,
        0,
        1.667,
        0
      ]
    },
    {
      "Target": "Parameter",
      "Id": "Param138",
      "FadeInTime": -1.0,
      "FadeOutTime": -1.0,
      "Segments": [
        0,
        1,
        0,
        1.667,
        1
      ]
    },
    {
      "Target": "Parameter",
      "Id": "Param139",
      "FadeInTime": -1.0,
      "FadeOutTime": -1.0,
      "Segments": [
        0,
        0,
        0,
        1.667,
        0
      ]
    },
    {
      "Target": "Parameter",
      "Id": "Param132",
      "FadeInTime": -1.0,
      "FadeOutTime": -1.0,
      "Segments": [
        0,
        1,
        0,
        1.667,
        1
      ]
    },
    {
      "Target": "Parameter",
      "Id": "Param133",
      "FadeInTime": -1.0,
      "FadeOutTime": -1.0,
      "Segments": [
        0,
        0,
        0,
        1.667,
        0
      ]
    },
    {
      "Target": "Parameter",
      "Id": "Param136",
      "FadeInTime": -1.0,
      "FadeOutTime": -1.0,
      "Segments": [
        0,
        0,
        0,
        1.667,
        0
      ]
    },
    {
      "Target": "Parameter",
      "Id": "Param140",
      "FadeInTime": -1.0,
      "FadeOutTime": -1.0,
      "Segments": [
        0,
        0,
        0,
        1.667,
        0
      ]
    },
    {
      "Target": "Parameter",
      "Id": "Param142",
      "FadeInTime": -1.0,
      "FadeOutTime": -1.0,
      "Segments": [
        0,
        0,
        0,
        1.667,
        0
      ]
    },
    {
      "Target": "Parameter",
      "Id": "Param21",
      "FadeInTime": -1.0,
      "FadeOutTime": -1.0,
      "Segments": [
        0,
        0,
        0,
        1.667,
        0
      ]
    },
    {
      "Target": "Parameter",
      "Id": "Param130",
      "FadeInTime": -1.0,
      "FadeOutTime": -1.0,
      "Segments": [
        0,
        1,
        0,
        1.667,
        1
      ]
    },
    {
      "Target": "Parameter",
      "Id": "Param131",
      "FadeInTime": -1.0,
      "FadeOutTime": -1.0,
      "Segments": [
        0,
        0,
        0,
        1.667,
        0
      ]
    },
    {
      "Target": "Parameter",
      "Id": "Param135",
      "FadeInTime": -1.0,
      "FadeOutTime": -1.0,
      "Segments": [
        0,
        0,
        0,
        1.667,
        0
      ]
    },
    {
      "Target": "Parameter",
      "Id": "Param137",
      "FadeInTime": -1.0,
      "FadeOutTime": -1.0,
      "Segments": [
        0,
        0,
        0,
        1.667,
        0
      ]
    },
    {
      "Target": "Parameter",
      "Id": "Param141",
      "FadeInTime": -1.0,
      "FadeOutTime": -1.0,
      "Segments": [
        0,
        0,
        0,
        1.667,
        0
      ]
    },
    {
      "Target": "Parameter",
      "Id": "Param143",
      "FadeInTime": -1.0,
      "FadeOutTime": -1.0,
      "Segments": [
        0,
        0,
        0,
        1.667,
        0
      ]
    },
    {
      "Target": "Parameter",
      "Id": "Param93",
      "FadeInTime": -1.0,
      "FadeOutTime": -1.0,
      "Segments": [
        0,
        0,
        0,
        1.667,
        0
      ]
    },
    {
      "Target": "Parameter",
      "Id": "Param77",
      "FadeInTime": -1.0,
      "FadeOutTime": -1.0,
      "Segments": [
        0,
        0,
        0,
        1.667,
        0
      ]
    },
    {
      "Target": "Parameter",
      "Id": "Param79",
      "FadeInTime": -1.0,
      "FadeOutTime": -1.0,
      "Segments": [
        0,
        0,
        0,
        1.667,
        0
      ]
    },
    {
      "Target": "Parameter",
      "Id": "Param145",
      "FadeInTime": -1.0,
      "FadeOutTime": -1.0,
      "Segments": [
        0,
        0,
        0,
        1.667,
        0
      ]
    },
    {
      "Target": "Parameter",
      "Id": "Param134",
      "FadeInTime": -1.0,
      "FadeOutTime": -1.0,
      "Segments": [
        0,
        0,
        0,
        1.667,
        0
      ]
    },
    {
      "Target": "Parameter",
      "Id": "Param125",
      "FadeInTime": -1.0,
      "FadeOutTime": -1.0,
      "Segments": [
        0,
        0,
        0,
        1.667,
        0
      ]
    },
    {
      "Target": "Parameter",
      "Id": "Param148",
      "FadeInTime": -1.0,
      "FadeOutTime": -1.0,
      "Segments": [
        0,
        0,
        0,
        1.667,
        0
      ]
    },
    {
      "Target": "Parameter",
      "Id": "Param179",
      "FadeInTime": -1.0,
      "FadeOutTime": -1.0,
      "Segments": [
        0,
        0,
        0,
        1.667,
        0
      ]
    },
    {
      "Target": "Parameter",
      "Id": "Param166",
      "FadeInTime": -1.0,
      "FadeOutTime": -1.0,
      "Segments": [
        0,
        0,
        0,
        1.667,
        0
      ]
    },
    {
      "Target": "Parameter",
      "Id": "Param188",
      "FadeInTime": -1.0,
      "FadeOutTime": -1.0,
      "Segments": [
        0,
        0,
        0,
        1.667,
        0
      ]
    },
    {
      "Target": "Parameter",
      "Id": "Param147",
      "FadeInTime": -1.0,
      "FadeOutTime": -1.0,
      "Segments": [
        0,
        0,
        0,
        1.667,
        0
      ]
    },
    {
      "Target": "Parameter",
      "Id": "Param40",
      "FadeInTime": -1.0,
      "FadeOutTime": -1.0,
      "Segments": [
        0,
        0,
        0,
        1.667,
        0
      ]
    },
    {
      "Target": "Parameter",
      "Id": "Param92",
      "FadeInTime": -1.0,
      "FadeOutTime": -1.0,
      "Segments": [
        0,
        0,
        0,
        1.667,
        0
      ]
    },
    {
      "Target": "Parameter",
      "Id": "Param176",
      "FadeInTime": -1.0,
      "FadeOutTime": -1.0,
      "Segments": [
        0,
        0,
        0,
        1.667,
        0
      ]
    },
    {
      "Target": "Parameter",
      "Id": "Param174",
      "FadeInTime": -1.0,
      "FadeOutTime": -1.0,
      "Segments": [
        0,
        0,
        0,
        1.667,
        0
      ]
    },
    {
      "Target": "Parameter",
      "Id": "Param175",
      "FadeInTime": -1.0,
      "FadeOutTime": -1.0,
      "Segments": [
        0,
        0,
        0,
        1.667,
        0
      ]
    },
    {
      "Target": "Parameter",
      "Id": "Param173",
      "FadeInTime": -1.0,
      "FadeOutTime": -1.0,
      "Segments": [
        0,
        -10,
        0,
        1.667,
        -10
      ]
    },
    {
      "Target": "Parameter",
      "Id": "Param39",
      "FadeInTime": -1.0,
      "FadeOutTime": -1.0,
      "Segments": [
        0,
        0.5,
        0,
        1.667,
        0.5
      ]
    },
    {
      "Target": "Parameter",
      "Id": "Param91",
      "FadeInTime": -1.0,
      "FadeOutTime": -1.0,
      "Segments": [
        0,
        0.5,
        0,
        1.667,
        0.5
      ]
    },
    {
      "Target": "Parameter",
      "Id": "Param177",
      "FadeInTime": -1.0,
      "FadeOutTime": -1.0,
      "Segments": [
        0,
        0,
        0,
        1.667,
        0
      ]
    },
    {
      "Target": "Parameter",
      "Id": "Param178",
      "FadeInTime": -1.0,
      "FadeOutTime": -1.0,
      "Segments": [
        0,
        0,
        0,
        1.667,
        0
      ]
    },
    {
      "Target": "Parameter",
      "Id": "Param169",
      "FadeInTime": -1.0,
      "FadeOutTime": -1.0,
      "Segments": [
        0,
        0,
        0,
        1.667,
        0
      ]
    },
    {
      "Target": "Parameter",
      "Id": "Param167",
      "FadeInTime": -1.0,
      "FadeOutTime": -1.0,
      "Segments": [
        0,
        -15,
        0,
        1.667,
        -15
      ]
    },
    {
      "Target": "Parameter",
      "Id": "Param168",
      "FadeInTime": -1.0,
      "FadeOutTime": -1.0,
      "Segments": [
        0,
        21.9,
        0,
        1.667,
        21.9
      ]
    },
    {
      "Target": "Parameter",
      "Id": "Param163",
      "FadeInTime": -1.0,
      "FadeOutTime": -1.0,
      "Segments": [
        0,
        0,
        0,
        1.667,
        0
      ]
    },
    {
      "Target": "Parameter",
      "Id": "Param165",
      "FadeInTime": -1.0,
      "FadeOutTime": -1.0,
      "Segments": [
        0,
        0,
        0,
        1.667,
        0
      ]
    },
    {
      "Target": "Parameter",
      "Id": "Param164",
      "FadeInTime": -1.0,
      "FadeOutTime": -1.0,
      "Segments": [
        0,
        0,
        0,
        1.667,
        0
      ]
    },
    {
      "Target": "Parameter",
      "Id": "Param109",
      "FadeInTime": -1.0,
      "FadeOutTime": -1.0,
      "Segments": [
        0,
        0,
        0,
        1.667,
        0
      ]
    },
    {
      "Target": "Parameter",
      "Id": "Param104",
      "FadeInTime": -1.0,
      "FadeOutTime": -1.0,
      "Segments": [
        0,
        0,
        0,
        1.667,
        0
      ]
    },
    {
      "Target": "Parameter",
      "Id": "Param105",
      "FadeInTime": -1.0,
      "FadeOutTime": -1.0,
      "Segments": [
        0,
        0,
        0,
        1.667,
        0
      ]
    },
    {
      "Target": "Parameter",
      "Id": "Param106",
      "FadeInTime": -1.0,
      "FadeOutTime": -1.0,
      "Segments": [
        0,
        0,
        0,
        1.667,
        0
      ]
    },
    {
      "Target": "Parameter",
      "Id": "Param107",
      "FadeInTime": -1.0,
      "FadeOutTime": -1.0,
      "Segments": [
        0,
        0,
        0,
        1.667,
        0
      ]
    },
    {
      "Target": "Parameter",
      "Id": "Param108",
      "FadeInTime": -1.0,
      "FadeOutTime": -1.0,
      "Segments": [
        0,
        0,
        0,
        1.667,
        0
      ]
    },
    {
      "Target": "Parameter",
      "Id": "ParamLS4",
      "FadeInTime": -1.0,
      "FadeOutTime": -1.0,
      "Segments": [
        0,
        0,
        0,
        1.667,
        0
      ]
    },
    {
      "Target": "Parameter",
      "Id": "ParamLS5",
      "FadeInTime": -1.0,
      "FadeOutTime": -1.0,
      "Segments": [
        0,
        0,
        0,
        1.667,
        0
      ]
    },
    {
      "Target": "Parameter",
      "Id": "ParamLS1",
      "FadeInTime": -1.0,
      "FadeOutTime": -1.0,
      "Segments": [
        0,
        0,
        0,
        1.667,
        0
      ]
    },
    {
      "Target": "Parameter",
      "Id": "ParamLS3",
      "FadeInTime": -1.0,
      "FadeOutTime": -1.0,
      "Segments": [
        0,
        0,
        0,
        1.667,
        0
      ]
    },
    {
      "Target": "Parameter",
      "Id": "ParamLS2",
      "FadeInTime": -1.0,
      "FadeOutTime": -1.0,
      "Segments": [
        0,
        0,
        0,
        1.667,
        0
      ]
    },
    {
      "Target": "Parameter",
      "Id": "Param110",
      "FadeInTime": -1.0,
      "FadeOutTime": -1.0,
      "Segments": [
        0,
        -30,
        0,
        1.667,
        -30
      ]
    },
    {
      "Target": "Parameter",
      "Id": "Param151",
      "FadeInTime": -1.0,
      "FadeOutTime": -1.0,
      "Segments": [
        0,
        -30,
        0,
        1.667,
        -30
      ]
    },
    {
      "Target": "Parameter",
      "Id": "Param152",
      "FadeInTime": -1.0,
      "FadeOutTime": -1.0,
      "Segments": [
        0,
        -30,
        0,
        1.667,
        -30
      ]
    },
    {
      "Target": "Parameter",
      "Id": "Param103",
      "FadeInTime": -1.0,
      "FadeOutTime": -1.0,
      "Segments": [
        0,
        0,
        0,
        1.667,
        0
      ]
    },
    {
      "Target": "Parameter",
      "Id": "Param85",
      "FadeInTime": -1.0,
      "FadeOutTime": -1.0,
      "Segments": [
        0,
        0,
        0,
        1.667,
        0
      ]
    },
    {
      "Target": "Parameter",
      "Id": "Param22",
      "FadeInTime": -1.0,
      "FadeOutTime": -1.0,
      "Segments": [
        0,
        0,
        0,
        1.667,
        0
      ]
    },
    {
      "Target": "Parameter",
      "Id": "Param144",
      "FadeInTime": -1.0,
      "FadeOutTime": -1.0,
      "Segments": [
        0,
        0,
        0,
        1.667,
        0
      ]
    },
    {
      "Target": "Parameter",
      "Id": "Param5",
      "FadeInTime": -1.0,
      "FadeOutTime": -1.0,
      "Segments": [
        0,
        0,
        0,
        1.667,
        0
      ]
    },
    {
      "Target": "Parameter",
      "Id": "Param3",
      "FadeInTime": -1.0,
      "FadeOutTime": -1.0,
      "Segments": [
        0,
        0,
        0,
        1.667,
        0
      ]
    },
    {
      "Target": "Parameter",
      "Id": "Param4",
      "FadeInTime": -1.0,
      "FadeOutTime": -1.0,
      "Segments": [
        0,
        0,
        0,
        1.667,
        0
      ]
    },
    {
      "Target": "Parameter",
      "Id": "Param28",
      "FadeInTime": -1.0,
      "FadeOutTime": -1.0,
      "Segments": [
        0,
        0,
        0,
        1.667,
        0
      ]
    },
    {
      "Target": "Parameter",
      "Id": "Param6",
      "FadeInTime": -1.0,
      "FadeOutTime": -1.0,
      "Segments": [
        0,
        0,
        0,
        1.667,
        0
      ]
    },
    {
      "Target": "Parameter",
      "Id": "Param192",
      "FadeInTime": -1.0,
      "FadeOutTime": -1.0,
      "Segments": [
        0,
        10,
        0,
        1.667,
        10
      ]
    },
    {
      "Target": "Parameter",
      "Id": "Paramchengdi6",
      "FadeInTime": -1.0,
      "FadeOutTime": -1.0,
      "Segments": [
        0,
        1,
        0,
        1.667,
        1
      ]
    },
    {
      "Target": "Parameter",
      "Id": "Paramchengdi5",
      "FadeInTime": -1.0,
      "FadeOutTime": -1.0,
      "Segments": [
        0,
        1,
        0,
        1.667,
        1
      ]
    },
    {
      "Target": "Parameter",
      "Id": "LHandSwi1",
      "FadeInTime": -1.0,
      "FadeOutTime": -1.0,
      "Segments": [
        0,
        0,
        0,
        1.667,
        0
      ]
    },
    {
      "Target": "Parameter",
      "Id": "LHandSwi2",
      "FadeInTime": -1.0,
      "FadeOutTime": -1.0,
      "Segments": [
        0,
        0,
        0,
        1.667,
        0
      ]
    },
    {
      "Target": "Parameter",
      "Id": "LHandSwi5",
      "FadeInTime": -1.0,
      "FadeOutTime": -1.0,
      "Segments": [
        0,
        0,
        0,
        1.667,
        0
      ]
    },
    {
      "Target": "Parameter",
      "Id": "LHandSwi4",
      "FadeInTime": -1.0,
      "FadeOutTime": -1.0,
      "Segments": [
        0,
        0,
        0,
        1.667,
        0
      ]
    },
    {
      "Target": "Parameter",
      "Id": "LHandSwi7",
      "FadeInTime": -1.0,
      "FadeOutTime": -1.0,
      "Segments": [
        0,
        0,
        0,
        1.667,
        0
      ]
    },
    {
      "Target": "Parameter",
      "Id": "LHandSwi6",
      "FadeInTime": -1.0,
      "FadeOutTime": -1.0,
      "Segments": [
        0,
        0,
        0,
        1.667,
        0
      ]
    },
    {
      "Target": "Parameter",
      "Id": "LHandSwi8",
      "FadeInTime": -1.0,
      "FadeOutTime": -1.0,
      "Segments": [
        0,
        0,
        0,
        1.667,
        0
      ]
    },
    {
      "Target": "Parameter",
      "Id": "LHandSwi9",
      "FadeInTime": -1.0,
      "FadeOutTime": -1.0,
      "Segments": [
        0,
        0,
        0,
        1.667,
        0
      ]
    },
    {
      "Target": "Parameter",
      "Id": "Paramchengdi",
      "FadeInTime": -1.0,
      "FadeOutTime": -1.0,
      "Segments": [
        0,
        0,
        0,
        1.667,
        0
      ]
    },
    {
      "Target": "Parameter",
      "Id": "Paramchengdi1",
      "FadeInTime": -1.0,
      "FadeOutTime": -1.0,
      "Segments": [
        0,
        0,
        0,
        1.667,
        0
      ]
    },
    {
      "Target": "Parameter",
      "Id": "Paramchengdi3",
      "FadeInTime": -1.0,
      "FadeOutTime": -1.0,
      "Segments": [
        0,
        0,
        0,
        1.667,
        0
      ]
    },
    {
      "Target": "Parameter",
      "Id": "Paramchengdi2",
      "FadeInTime": -1.0,
      "FadeOutTime": -1.0,
      "Segments": [
        0,
        0,
        0,
        1.667,
        0
      ]
    },
    {
      "Target": "Parameter",
      "Id": "Paramchengdi4",
      "FadeInTime": -1.0,
      "FadeOutTime": -1.0,
      "Segments": [
        0,
        0,
        0,
        1.667,
        0
      ]
    },
    {
      "Target": "Parameter",
      "Id": "Param184",
      "FadeInTime": -1.0,
      "FadeOutTime": -1.0,
      "Segments": [
        0,
        0,
        0,
        1.667,
        0
      ]
    },
    {
      "Target": "Parameter",
      "Id": "Param187",
      "FadeInTime": -1.0,
      "FadeOutTime": -1.0,
      "Segments": [
        0,
        0,
        0,
        1.667,
        0
      ]
    },
    {
      "Target": "Parameter",
      "Id": "Param172",
      "FadeInTime": -1.0,
      "FadeOutTime": -1.0,
      "Segments": [
        0,
        0,
        0,
        1.667,
        0
      ]
    },
    {
      "Target": "Parameter",
      "Id": "Param180",
      "FadeInTime": -1.0,
      "FadeOutTime": -1.0,
      "Segments": [
        0,
        0,
        0,
        1.667,
        0
      ]
    },
    {
      "Target": "Parameter",
      "Id": "ParamLArm8",
      "FadeInTime": -1.0,
      "FadeOutTime": -1.0,
      "Segments": [
        0,
        0,
        0,
        1.667,
        0
      ]
    },
    {
      "Target": "Parameter",
      "Id": "Param78",
      "FadeInTime": -1.0,
      "FadeOutTime": -1.0,
      "Segments": [
        0,
        0,
        0,
        1.667,
        0
      ]
    },
    {
      "Target": "Parameter",
      "Id": "ParamLArm4",
      "FadeInTime": -1.0,
      "FadeOutTime": -1.0,
      "Segments": [
        0,
        0,
        0,
        1.667,
        0
      ]
    },
    {
      "Target": "Parameter",
      "Id": "ParamLArm5",
      "FadeInTime": -1.0,
      "FadeOutTime": -1.0,
      "Segments": [
        0,
        0,
        0,
        1.667,
        0
      ]
    },
    {
      "Target": "Parameter",
      "Id": "Param189",
      "FadeInTime": -1.0,
      "FadeOutTime": -1.0,
      "Segments": [
        0,
        -1.888,
        0,
        1.667,
        -1.888
      ]
    },
    {
      "Target": "Parameter",
      "Id": "Param41",
      "FadeInTime": -1.0,
      "FadeOutTime": -1.0,
      "Segments": [
        0,
        1,
        0,
        1.667,
        1
      ]
    },
    {
      "Target": "Parameter",
      "Id": "Param11",
      "FadeInTime": -1.0,
      "FadeOutTime": -1.0,
      "Segments": [
        0,
        -1.704,
        0,
        1.667,
        -1.704
      ]
    },
    {
      "Target": "Parameter",
      "Id": "Param33",
      "FadeInTime": -1.0,
      "FadeOutTime": -1.0,
      "Segments": [
        0,
        0,
        0,
        1.667,
        0
      ]
    },
    {
      "Target": "Parameter",
      "Id": "Param34",
      "FadeInTime": -1.0,
      "FadeOutTime": -1.0,
      "Segments": [
        0,
        1,
        0,
        1.667,
        1
      ]
    },
    {
      "Target": "Parameter",
      "Id": "Param183",
      "FadeInTime": -1.0,
      "FadeOutTime": -1.0,
      "Segments": [
        0,
        1,
        0,
        1.667,
        1
      ]
    },
    {
      "Target": "Parameter",
      "Id": "Param185",
      "FadeInTime": -1.0,
      "FadeOutTime": -1.0,
      "Segments": [
        0,
        1,
        0,
        1.667,
        1
      ]
    },
    {
      "Target": "Parameter",
      "Id": "Param186",
      "FadeInTime": -1.0,
      "FadeOutTime": -1.0,
      "Segments": [
        0,
        0,
        0,
        1.667,
        0
      ]
    },
    {
      "Target": "Parameter",
      "Id": "Param31",
      "FadeInTime": -1.0,
      "FadeOutTime": -1.0,
      "Segments": [
        0,
        -29.976,
        0,
        1.667,
        -29.976
      ]
    },
    {
      "Target": "Parameter",
      "Id": "Param12",
      "FadeInTime": -1.0,
      "FadeOutTime": -1.0,
      "Segments": [
        0,
        -29.952,
        0,
        1.667,
        -29.952
      ]
    },
    {
      "Target": "Parameter",
      "Id": "Param32",
      "FadeInTime": -1.0,
      "FadeOutTime": -1.0,
      "Segments": [
        0,
        4.844,
        0,
        1.667,
        4.844
      ]
    },
    {
      "Target": "Parameter",
      "Id": "Param190",
      "FadeInTime": -1.0,
      "FadeOutTime": -1.0,
      "Segments": [
        0,
        0,
        0,
        1.667,
        0
      ]
    },
    {
      "Target": "Parameter",
      "Id": "Param191",
      "FadeInTime": -1.0,
      "FadeOutTime": -1.0,
      "Segments": [
        0,
        0,
        0,
        1.667,
        0
      ]
    },
    {
      "Target": "Parameter",
      "Id": "Param205",
      "FadeInTime": -1.0,
      "FadeOutTime": -1.0,
      "Segments": [
        0,
        0,
        0,
        1.667,
        0
      ]
    },
    {
      "Target": "Parameter",
      "Id": "Param206",
      "FadeInTime": -1.0,
      "FadeOutTime": -1.0,
      "Segments": [
        0,
        1,
        0,
        1.667,
        1
      ]
    },
    {
      "Target": "Parameter",
      "Id": "Param36",
      "FadeInTime": -1.0,
      "FadeOutTime": -1.0,
      "Segments": [
        0,
        30,
        0,
        1.667,
        30
      ]
    },
    {
      "Target": "Parameter",
      "Id": "Param35",
      "FadeInTime": -1.0,
      "FadeOutTime": -1.0,
      "Segments": [
        0,
        0,
        0,
        1.667,
        0
      ]
    },
    {
      "Target": "Parameter",
      "Id": "Param37",
      "FadeInTime": -1.0,
      "FadeOutTime": -1.0,
      "Segments": [
        0,
        0,
        0,
        1.667,
        0
      ]
    },
    {
      "Target": "Parameter",
      "Id": "Param38",
      "FadeInTime": -1.0,
      "FadeOutTime": -1.0,
      "Segments": [
        0,
        0,
        0,
        1.667,
        0
      ]
    },
    {
      "Target": "Parameter",
      "Id": "Param55",
      "FadeInTime": -1.0,
      "FadeOutTime": -1.0,
      "Segments": [
        0,
        0,
        0,
        1.667,
        0
      ]
    },
    {
      "Target": "Parameter",
      "Id": "Param58",
      "FadeInTime": -1.0,
      "FadeOutTime": -1.0,
      "Segments": [
        0,
        0,
        0,
        1.667,
        0
      ]
    },
    {
      "Target": "Parameter",
      "Id": "Param59",
      "FadeInTime": -1.0,
      "FadeOutTime": -1.0,
      "Segments": [
        0,
        0,
        0,
        1.667,
        0
      ]
    },
    {
      "Target": "Parameter",
      "Id": "Param56",
      "FadeInTime": -1.0,
      "FadeOutTime": -1.0,
      "Segments": [
        0,
        0,
        0,
        1.667,
        0
      ]
    },
    {
      "Target": "Parameter",
      "Id": "Param52",
      "FadeInTime": -1.0,
      "FadeOutTime": -1.0,
      "Segments": [
        0,
        0,
        0,
        1.667,
        0
      ]
    },
    {
      "Target": "Parameter",
      "Id": "Param51",
      "FadeInTime": -1.0,
      "FadeOutTime": -1.0,
      "Segments": [
        0,
        0,
        0,
        1.667,
        0
      ]
    },
    {
      "Target": "Parameter",
      "Id": "touch_drag1",
      "FadeInTime": -1.0,
      "FadeOutTime": -1.0,
      "Segments": [
        0,
        0,
        0,
        1.667,
        0
      ]
    },
    {
      "Target": "Parameter",
      "Id": "touch_drag2",
      "FadeInTime": -1.0,
      "FadeOutTime": -1.0,
      "Segments": [
        0,
        0,
        0,
        1.667,
        0
      ]
    },
    {
      "Target": "Parameter",
      "Id": "touch_drag3",
      "FadeInTime": -1.0,
      "FadeOutTime": -1.0,
      "Segments": [
        0,
        0,
        0,
        1.667,
        0
      ]
    },
    {
      "Target": "Parameter",
      "Id": "touch_drag4",
      "FadeInTime": -1.0,
      "FadeOutTime": -1.0,
      "Segments": [
        0,
        0,
        0,
        1.667,
        0
      ]
    },
    {
      "Target": "Parameter",
      "Id": "touch_drag7",
      "FadeInTime": -1.0,
      "FadeOutTime": -1.0,
      "Segments": [
        0,
        0,
        0,
        1.667,
        0
      ]
    },
    {
      "Target": "Parameter",
      "Id": "touch_drag8",
      "FadeInTime": -1.0,
      "FadeOutTime": -1.0,
      "Segments": [
        0,
        0,
        0,
        1.667,
        0
      ]
    },
    {
      "Target": "Parameter",
      "Id": "touch_drag9",
      "FadeInTime": -1.0,
      "FadeOutTime": -1.0,
      "Segments": [
        0,
        0,
        0,
        1.667,
        0
      ]
    },
    {
      "Target": "Parameter",
      "Id": "touch_drag13",
      "FadeInTime": -1.0,
      "FadeOutTime": -1.0,
      "Segments": [
        0,
        0,
        0,
        1.667,
        0
      ]
    },
    {
      "Target": "Parameter",
      "Id": "Paramtouch_idle1",
      "FadeInTime": -1.0,
      "FadeOutTime": -1.0,
      "Segments": [
        0,
        0,
        0,
        1.667,
        0
      ]
    },
    {
      "Target": "Parameter",
      "Id": "Paramtouch_idle2",
      "FadeInTime": -1.0,
      "FadeOutTime": -1.0,
      "Segments": [
        0,
        0,
        0,
        1.667,
        0
      ]
    },
    {
      "Target": "Parameter",
      "Id": "Paramtouch_idle3",
      "FadeInTime": -1.0,
      "FadeOutTime": -1.0,
      "Segments": [
        0,
        0,
        0,
        1.667,
        0
      ]
    },
    {
      "Target": "Parameter",
      "Id": "Paramtouch_idle6",
      "FadeInTime": -1.0,
      "FadeOutTime": -1.0,
      "Segments": [
        0,
        0,
        0,
        1.667,
        0
      ]
    }
  ],
  "UserData": [
    {
      "Time": 0.0,
      "Value": ""
    },
    {
      "Time": 1.167,
      "Value": ""
    }
  ]
}