{
  "Version": 3,
  "Meta": {
    "Duration": 1.667,
    "Fps": 60.0,
    "Loop": true,
    "AreBeziersRestricted": true,
    "FadeInTime": 0.0,
    "FadeOutTime": 0.0,
    "CurveCount": 286,
    "TotalSegmentCount": 443,
    "TotalPointCount": 653,
    "UserDataCount": 2,
    "TotalUserDataSize": 0
  },
  "Curves": [
    {
      "Target": "Parameter",
      "Id": "qiehuan",
      "FadeInTime": -1.0,
      "FadeOutTime": -1.0,
      "Segments": [
        0,
        0,
        2,
        0.333,
        0,
        0,
        0.35,
        1,
        2,
        1.667,
        1
      ]
    },
    {
      "Target": "Parameter",
      "Id": "Param209",
      "FadeInTime": -1.0,
      "FadeOutTime": -1.0,
      "Segments": [
        0,
        0,
        2,
        0.333,
        0,
        0,
        1.333,
        1,
        2,
        1.667,
        1
      ]
    },
    {
      "Target": "Parameter",
      "Id": "Param211",
      "FadeInTime": -1.0,
      "FadeOutTime": -1.0,
      "Segments": [
        0,
        -3.48,
        1,
        0.333,
        -3.48,
        0.667,
        -2.91,
        1,
        0,
        1,
        1.222,
        1.94,
        1.445,
        4.72,
        1.667,
        4.72
      ]
    },
    {
      "Target": "Parameter",
      "Id": "Param212",
      "FadeInTime": -1.0,
      "FadeOutTime": -1.0,
      "Segments": [
        0,
        0,
        0,
        1,
        -6.06,
        0,
        1.667,
        -3.35
      ]
    },
    {
      "Target": "Parameter",
      "Id": "Param213",
      "FadeInTime": -1.0,
      "FadeOutTime": -1.0,
      "Segments": [
        0,
        -2.91,
        1,
        0.161,
        -2.91,
        0.322,
        -1.936,
        0.483,
        0,
        1,
        0.816,
        4.004,
        1.15,
        6,
        1.483,
        6,
        0,
        1.667,
        5.718
      ]
    },
    {
      "Target": "Parameter",
      "Id": "Param214",
      "FadeInTime": -1.0,
      "FadeOutTime": -1.0,
      "Segments": [
        0,
        -4.82,
        0,
        0.483,
        -6,
        1,
        0.816,
        -6,
        1.15,
        -4.247,
        1.483,
        0,
        1,
        1.544,
        0.779,
        1.606,
        1.767,
        1.667,
        1.767
      ]
    },
    {
      "Target": "Parameter",
      "Id": "Param221",
      "FadeInTime": -1.0,
      "FadeOutTime": -1.0,
      "Segments": [
        0,
        0,
        0,
        0.333,
        1,
        2,
        1.667,
        1
      ]
    },
    {
      "Target": "Parameter",
      "Id": "ParamAngleX",
      "FadeInTime": -1.0,
      "FadeOutTime": -1.0,
      "Segments": [
        0,
        -8.087,
        1,
        0.033,
        -8.087,
        0.067,
        -8.711,
        0.1,
        -7.298,
        1,
        0.189,
        -3.531,
        0.278,
        20,
        0.367,
        20,
        1,
        0.756,
        20,
        1.144,
        8.654,
        1.533,
        4.34,
        1,
        1.578,
        3.847,
        1.622,
        4.217,
        1.667,
        4.217
      ]
    },
    {
      "Target": "Parameter",
      "Id": "ParamAngleY",
      "FadeInTime": -1.0,
      "FadeOutTime": -1.0,
      "Segments": [
        0,
        -7.239,
        0,
        0.1,
        -7.755,
        1,
        0.189,
        -7.755,
        0.278,
        -6.165,
        0.367,
        -6,
        1,
        0.756,
        -5.278,
        1.144,
        -4.855,
        1.533,
        -4.19,
        1,
        1.578,
        -4.114,
        1.622,
        -3.098,
        1.667,
        -3.098
      ]
    },
    {
      "Target": "Parameter",
      "Id": "ParamAngleZ",
      "FadeInTime": -1.0,
      "FadeOutTime": -1.0,
      "Segments": [
        0,
        0,
        0,
        0.383,
        -13.377,
        0,
        1.217,
        8,
        0,
        1.667,
        0
      ]
    },
    {
      "Target": "Parameter",
      "Id": "ParamBodyAngleX",
      "FadeInTime": -1.0,
      "FadeOutTime": -1.0,
      "Segments": [
        0,
        0.859,
        0,
        0.833,
        1.796,
        0,
        1.667,
        0.857
      ]
    },
    {
      "Target": "Parameter",
      "Id": "ParamBodyAngleY",
      "FadeInTime": -1.0,
      "FadeOutTime": -1.0,
      "Segments": [
        0,
        -1.391,
        0,
        0.833,
        -10,
        0,
        1.667,
        -0.025
      ]
    },
    {
      "Target": "Parameter",
      "Id": "ParamBodyAngleX2",
      "FadeInTime": -1.0,
      "FadeOutTime": -1.0,
      "Segments": [
        0,
        0.308,
        0,
        0.833,
        0.949,
        0,
        1.667,
        0.307
      ]
    },
    {
      "Target": "Parameter",
      "Id": "ParamBodyAngleZ",
      "FadeInTime": -1.0,
      "FadeOutTime": -1.0,
      "Segments": [
        0,
        0,
        0,
        0.767,
        3,
        0,
        1.667,
        0
      ]
    },
    {
      "Target": "Parameter",
      "Id": "ParamBodyAngleY2",
      "FadeInTime": -1.0,
      "FadeOutTime": -1.0,
      "Segments": [
        0,
        -0.258,
        1,
        0.278,
        -0.258,
        0.555,
        -0.214,
        0.833,
        -0.129,
        1,
        1.111,
        -0.044,
        1.389,
        -0.002,
        1.667,
        -0.002
      ]
    },
    {
      "Target": "Parameter",
      "Id": "ParamBreath",
      "FadeInTime": -1.0,
      "FadeOutTime": -1.0,
      "Segments": [
        0,
        0.642,
        0,
        0.7,
        0.864,
        0,
        1.667,
        0.447
      ]
    },
    {
      "Target": "Parameter",
      "Id": "Param112",
      "FadeInTime": -1.0,
      "FadeOutTime": -1.0,
      "Segments": [
        0,
        4.169,
        0,
        1.367,
        -0.165,
        0,
        1.667,
        0.18
      ]
    },
    {
      "Target": "Parameter",
      "Id": "Param113",
      "FadeInTime": -1.0,
      "FadeOutTime": -1.0,
      "Segments": [
        0,
        0.435,
        0,
        0.45,
        -2.647,
        0,
        0.967,
        3.613,
        0,
        1.667,
        1.281
      ]
    },
    {
      "Target": "Parameter",
      "Id": "Param114",
      "FadeInTime": -1.0,
      "FadeOutTime": -1.0,
      "Segments": [
        0,
        -0.481,
        0,
        0.25,
        1.095,
        0,
        0.767,
        -7.383,
        0,
        1.183,
        2.393,
        0,
        1.667,
        -0.236
      ]
    },
    {
      "Target": "Parameter",
      "Id": "Param115",
      "FadeInTime": -1.0,
      "FadeOutTime": -1.0,
      "Segments": [
        0,
        1.741,
        0,
        1.267,
        -4.627,
        0,
        1.667,
        -3.675
      ]
    },
    {
      "Target": "Parameter",
      "Id": "Param116",
      "FadeInTime": -1.0,
      "FadeOutTime": -1.0,
      "Segments": [
        0,
        0.244,
        0,
        1.433,
        3.015,
        0,
        1.667,
        2.885
      ]
    },
    {
      "Target": "Parameter",
      "Id": "Param117",
      "FadeInTime": -1.0,
      "FadeOutTime": -1.0,
      "Segments": [
        0,
        0.46,
        0,
        0.267,
        0.52,
        0,
        1.667,
        0.056
      ]
    },
    {
      "Target": "Parameter",
      "Id": "Param118",
      "FadeInTime": -1.0,
      "FadeOutTime": -1.0,
      "Segments": [
        0,
        -0.309,
        0,
        1.133,
        1.183,
        0,
        1.667,
        0.746
      ]
    },
    {
      "Target": "Parameter",
      "Id": "Param119",
      "FadeInTime": -1.0,
      "FadeOutTime": -1.0,
      "Segments": [
        0,
        -7.32,
        0,
        1.667,
        8.193
      ]
    },
    {
      "Target": "Parameter",
      "Id": "Param189",
      "FadeInTime": -1.0,
      "FadeOutTime": -1.0,
      "Segments": [
        0,
        0,
        0,
        0.5,
        2.634,
        1,
        0.628,
        2.634,
        0.755,
        1.829,
        0.883,
        -0.377,
        1,
        1.05,
        -3.254,
        1.216,
        -5.049,
        1.383,
        -5.049,
        1,
        1.478,
        -5.049,
        1.572,
        -4.333,
        1.667,
        -1.888
      ]
    },
    {
      "Target": "Parameter",
      "Id": "Param41",
      "FadeInTime": -1.0,
      "FadeOutTime": -1.0,
      "Segments": [
        0,
        0,
        2,
        0.767,
        0,
        0,
        1.083,
        1,
        2,
        1.667,
        1
      ]
    },
    {
      "Target": "Parameter",
      "Id": "Param11",
      "FadeInTime": -1.0,
      "FadeOutTime": -1.0,
      "Segments": [
        0,
        -0.005,
        1,
        0.289,
        -0.005,
        0.578,
        -0.011,
        0.867,
        -0.377,
        1,
        1.034,
        -0.588,
        1.2,
        -2.179,
        1.367,
        -2.179,
        1,
        1.467,
        -2.179,
        1.567,
        -2.095,
        1.667,
        -1.704
      ]
    },
    {
      "Target": "Parameter",
      "Id": "Param13",
      "FadeInTime": -1.0,
      "FadeOutTime": -1.0,
      "Segments": [
        0,
        -1.669,
        0,
        0.867,
        -7,
        1,
        1.034,
        -7,
        1.2,
        -6.687,
        1.367,
        -4.428,
        1,
        1.467,
        -3.073,
        1.567,
        0,
        1.667,
        0
      ]
    },
    {
      "Target": "Parameter",
      "Id": "Param15",
      "FadeInTime": -1.0,
      "FadeOutTime": -1.0,
      "Segments": [
        0,
        -1.522,
        0,
        0.5,
        4,
        0,
        1.117,
        -7,
        0,
        1.667,
        0
      ]
    },
    {
      "Target": "Parameter",
      "Id": "Param33",
      "FadeInTime": -1.0,
      "FadeOutTime": -1.0,
      "Segments": [
        0,
        1,
        2,
        0.883,
        1,
        0,
        0.9,
        0,
        2,
        1.667,
        0
      ]
    },
    {
      "Target": "Parameter",
      "Id": "Param34",
      "FadeInTime": -1.0,
      "FadeOutTime": -1.0,
      "Segments": [
        0,
        0,
        2,
        0.883,
        0,
        0,
        0.9,
        1,
        2,
        1.667,
        1
      ]
    },
    {
      "Target": "Parameter",
      "Id": "Param183",
      "FadeInTime": -1.0,
      "FadeOutTime": -1.0,
      "Segments": [
        0,
        0,
        2,
        0.7,
        0,
        0,
        0.883,
        1,
        2,
        1.667,
        1
      ]
    },
    {
      "Target": "Parameter",
      "Id": "Param185",
      "FadeInTime": -1.0,
      "FadeOutTime": -1.0,
      "Segments": [
        0,
        0,
        2,
        0.25,
        0,
        0,
        0.617,
        1,
        2,
        1.667,
        1
      ]
    },
    {
      "Target": "Parameter",
      "Id": "Param186",
      "FadeInTime": -1.0,
      "FadeOutTime": -1.0,
      "Segments": [
        0,
        0,
        1,
        0.117,
        0,
        0.233,
        0.084,
        0.35,
        1.762,
        1,
        0.411,
        2.641,
        0.472,
        13.516,
        0.533,
        13.516,
        1,
        0.594,
        13.516,
        0.656,
        12.733,
        0.717,
        10.492,
        1,
        0.778,
        8.251,
        0.839,
        4.238,
        0.9,
        2.906,
        1,
        1.011,
        0.483,
        1.122,
        0,
        1.233,
        0,
        2,
        1.667,
        0
      ]
    },
    {
      "Target": "Parameter",
      "Id": "Param31",
      "FadeInTime": -1.0,
      "FadeOutTime": -1.0,
      "Segments": [
        0,
        -1.62,
        0,
        0.233,
        0,
        2,
        0.483,
        0,
        1,
        0.572,
        0,
        0.661,
        -14.959,
        0.75,
        -19,
        1,
        0.85,
        -23.546,
        0.95,
        -27.561,
        1.05,
        -28.01,
        1,
        1.256,
        -28.934,
        1.461,
        -29.66,
        1.667,
        -29.976
      ]
    },
    {
      "Target": "Parameter",
      "Id": "Param12",
      "FadeInTime": -1.0,
      "FadeOutTime": -1.0,
      "Segments": [
        0,
        -0.213,
        1,
        0.078,
        -0.213,
        0.155,
        -0.286,
        0.233,
        0,
        1,
        0.316,
        0.306,
        0.4,
        13,
        0.483,
        13,
        1,
        0.572,
        13,
        0.661,
        6.351,
        0.75,
        -0.213,
        1,
        1.039,
        -21.545,
        1.328,
        -30,
        1.617,
        -30,
        1,
        1.634,
        -30,
        1.65,
        -30,
        1.667,
        -29.952
      ]
    },
    {
      "Target": "Parameter",
      "Id": "Param14",
      "FadeInTime": -1.0,
      "FadeOutTime": -1.0,
      "Segments": [
        0,
        -4.344,
        0,
        0.233,
        -12,
        0,
        0.483,
        12,
        1,
        0.528,
        12,
        0.572,
        12.079,
        0.617,
        9,
        1,
        0.661,
        5.921,
        0.706,
        -14.955,
        0.75,
        -18,
        1,
        0.783,
        -20.284,
        0.817,
        -20.91,
        0.85,
        -22,
        1,
        0.917,
        -24.179,
        0.983,
        -25,
        1.05,
        -25,
        0,
        1.667,
        9
      ]
    },
    {
      "Target": "Parameter",
      "Id": "Param16",
      "FadeInTime": -1.0,
      "FadeOutTime": -1.0,
      "Segments": [
        0,
        -2.416,
        0,
        0.3,
        -10,
        0,
        0.617,
        14,
        1,
        0.661,
        14,
        0.706,
        14.872,
        0.75,
        13.335,
        1,
        0.989,
        5.071,
        1.228,
        -12.585,
        1.467,
        -12.585,
        0,
        1.667,
        -2.4
      ]
    },
    {
      "Target": "Parameter",
      "Id": "Param32",
      "FadeInTime": -1.0,
      "FadeOutTime": -1.0,
      "Segments": [
        0,
        0,
        2,
        0.433,
        0,
        0,
        0.483,
        4.844,
        2,
        1.667,
        4.844
      ]
    },
    {
      "Target": "Parameter",
      "Id": "Param190",
      "FadeInTime": -1.0,
      "FadeOutTime": -1.0,
      "Segments": [
        0,
        0,
        2,
        0.533,
        0,
        0,
        0.783,
        1,
        0,
        1.583,
        0,
        2,
        1.667,
        0
      ]
    },
    {
      "Target": "Parameter",
      "Id": "Param205",
      "FadeInTime": -1.0,
      "FadeOutTime": -1.0,
      "Segments": [
        0,
        1,
        2,
        0.983,
        1,
        0,
        1.1,
        0,
        2,
        1.667,
        0
      ]
    },
    {
      "Target": "Parameter",
      "Id": "Param206",
      "FadeInTime": -1.0,
      "FadeOutTime": -1.0,
      "Segments": [
        0,
        0,
        2,
        0.933,
        0,
        0,
        1.05,
        1,
        2,
        1.667,
        1
      ]
    },
    {
      "Target": "Parameter",
      "Id": "Param36",
      "FadeInTime": -1.0,
      "FadeOutTime": -1.0,
      "Segments": [
        0,
        0,
        2,
        0.683,
        0,
        0,
        0.95,
        30,
        2,
        1.667,
        30
      ]
    },
    {
      "Target": "Parameter",
      "Id": "Param47",
      "FadeInTime": -1.0,
      "FadeOutTime": -1.0,
      "Segments": [
        0,
        -0.007,
        0,
        0.067,
        0,
        0,
        0.3,
        -0.072,
        2,
        0.583,
        -0.072,
        0,
        0.867,
        1,
        1,
        0.934,
        1,
        1,
        0.059,
        1.067,
        0.053,
        1,
        1.267,
        0.036,
        1.467,
        0.034,
        1.667,
        0.034
      ]
    },
    {
      "Target": "Parameter",
      "Id": "Param48",
      "FadeInTime": -1.0,
      "FadeOutTime": -1.0,
      "Segments": [
        0,
        -7.118,
        0,
        0.067,
        -7.168,
        0,
        0.3,
        15.004,
        0,
        0.583,
        -10.941,
        1,
        0.678,
        -10.941,
        0.772,
        -2.254,
        0.867,
        -0.927,
        1,
        0.934,
        0.009,
        1,
        -0.774,
        1.067,
        0.431,
        1,
        1.267,
        4.046,
        1.467,
        13.425,
        1.667,
        13.425
      ]
    },
    {
      "Target": "Parameter",
      "Id": "Param29",
      "FadeInTime": -1.0,
      "FadeOutTime": -1.0,
      "Segments": [
        0,
        -6.931,
        1,
        0.333,
        -6.931,
        0.667,
        -5.132,
        1,
        0,
        1,
        1.222,
        3.421,
        1.445,
        6.16,
        1.667,
        6.16
      ]
    },
    {
      "Target": "Parameter",
      "Id": "Param30",
      "FadeInTime": -1.0,
      "FadeOutTime": -1.0,
      "Segments": [
        0,
        0,
        0,
        1,
        -6.931,
        0,
        1.667,
        -3.852
      ]
    },
    {
      "Target": "Parameter",
      "Id": "Param9",
      "FadeInTime": -1.0,
      "FadeOutTime": -1.0,
      "Segments": [
        0,
        -6.861,
        0,
        0.1,
        -6.931,
        1,
        0.433,
        -6.931,
        0.767,
        -5.185,
        1.1,
        0,
        1,
        1.289,
        2.938,
        1.478,
        5.629,
        1.667,
        5.629
      ]
    },
    {
      "Target": "Parameter",
      "Id": "Param10",
      "FadeInTime": -1.0,
      "FadeOutTime": -1.0,
      "Segments": [
        0,
        1.318,
        1,
        0.033,
        1.318,
        0.067,
        0.483,
        0.1,
        0,
        1,
        0.433,
        -4.826,
        0.767,
        -6.931,
        1.1,
        -6.931,
        0,
        1.667,
        -4.706
      ]
    },
    {
      "Target": "Parameter",
      "Id": "Param42",
      "FadeInTime": -1.0,
      "FadeOutTime": -1.0,
      "Segments": [
        0,
        -6.553,
        0,
        0.233,
        -6.931,
        1,
        0.566,
        -6.931,
        0.9,
        -5.184,
        1.233,
        0,
        1,
        1.378,
        2.246,
        1.522,
        4.706,
        1.667,
        4.706
      ]
    },
    {
      "Target": "Parameter",
      "Id": "Param43",
      "FadeInTime": -1.0,
      "FadeOutTime": -1.0,
      "Segments": [
        0,
        2.858,
        1,
        0.078,
        2.858,
        0.155,
        1.174,
        0.233,
        0,
        1,
        0.566,
        -5.029,
        0.9,
        -6.931,
        1.233,
        -6.931,
        0,
        1.667,
        -5.629
      ]
    },
    {
      "Target": "Parameter",
      "Id": "Param44",
      "FadeInTime": -1.0,
      "FadeOutTime": -1.0,
      "Segments": [
        0,
        -6.162,
        0,
        0.333,
        -6.931,
        1,
        0.666,
        -6.931,
        1,
        -5.129,
        1.333,
        0,
        1,
        1.444,
        1.71,
        1.556,
        3.852,
        1.667,
        3.852
      ]
    },
    {
      "Target": "Parameter",
      "Id": "Param45",
      "FadeInTime": -1.0,
      "FadeOutTime": -1.0,
      "Segments": [
        0,
        3.847,
        1,
        0.111,
        3.847,
        0.222,
        1.709,
        0.333,
        0,
        1,
        0.666,
        -5.128,
        1,
        -6.931,
        1.333,
        -6.931,
        0,
        1.667,
        -6.16
      ]
    },
    {
      "Target": "Parameter",
      "Id": "ParamRHWl1",
      "FadeInTime": -1.0,
      "FadeOutTime": -1.0,
      "Segments": [
        0,
        -12.97,
        1,
        0.144,
        -12.97,
        0.289,
        -6.17,
        0.433,
        0,
        1,
        0.766,
        14.24,
        1.1,
        19.097,
        1.433,
        19.097,
        0,
        1.667,
        18.057
      ]
    },
    {
      "Target": "Parameter",
      "Id": "ParamRHWl2",
      "FadeInTime": -1.0,
      "FadeOutTime": -1.0,
      "Segments": [
        0,
        -15.507,
        0,
        0.433,
        -19.097,
        1,
        0.766,
        -19.097,
        1.1,
        -13.813,
        1.433,
        0,
        1,
        1.511,
        3.223,
        1.589,
        7.874,
        1.667,
        7.874
      ]
    },
    {
      "Target": "Parameter",
      "Id": "ParamRHWl3",
      "FadeInTime": -1.0,
      "FadeOutTime": -1.0,
      "Segments": [
        0,
        18.316,
        1,
        0.178,
        18.316,
        0.355,
        9.327,
        0.533,
        0,
        1,
        0.866,
        -17.488,
        1.2,
        -23.419,
        1.533,
        -23.419,
        0,
        1.667,
        -23.003
      ]
    },
    {
      "Target": "Parameter",
      "Id": "ParamRHWl4",
      "FadeInTime": -1.0,
      "FadeOutTime": -1.0,
      "Segments": [
        0,
        16.76,
        0,
        0.533,
        23.419,
        1,
        0.866,
        23.419,
        1.2,
        16.454,
        1.533,
        0,
        1,
        1.578,
        -2.194,
        1.622,
        -5.827,
        1.667,
        -5.827
      ]
    },
    {
      "Target": "Parameter",
      "Id": "Param87",
      "FadeInTime": -1.0,
      "FadeOutTime": -1.0,
      "Segments": [
        0,
        -18.332,
        1,
        0.267,
        -18.332,
        0.533,
        -11.811,
        0.8,
        0,
        1,
        1.089,
        12.796,
        1.378,
        18.621,
        1.667,
        18.621
      ]
    },
    {
      "Target": "Parameter",
      "Id": "Param88",
      "FadeInTime": -1.0,
      "FadeOutTime": -1.0,
      "Segments": [
        0,
        -6.881,
        0,
        0.8,
        -19.097,
        0,
        1.667,
        -4.752
      ]
    },
    {
      "Target": "Parameter",
      "Id": "Param89",
      "FadeInTime": -1.0,
      "FadeOutTime": -1.0,
      "Segments": [
        0,
        -19.076,
        1,
        0.322,
        -19.076,
        0.645,
        -13.674,
        0.967,
        0,
        1,
        1.2,
        9.902,
        1.434,
        16.611,
        1.667,
        16.611
      ]
    },
    {
      "Target": "Parameter",
      "Id": "Param90",
      "FadeInTime": -1.0,
      "FadeOutTime": -1.0,
      "Segments": [
        0,
        -1.247,
        0,
        0.967,
        -19.097,
        0,
        1.667,
        -9.741
      ]
    },
    {
      "Target": "Parameter",
      "Id": "Param94",
      "FadeInTime": -1.0,
      "FadeOutTime": -1.0,
      "Segments": [
        0,
        -16.979,
        0,
        0.333,
        -19.097,
        1,
        0.666,
        -19.097,
        1,
        -14.086,
        1.333,
        0,
        1,
        1.444,
        4.695,
        1.556,
        10.614,
        1.667,
        10.614
      ]
    },
    {
      "Target": "Parameter",
      "Id": "Param95",
      "FadeInTime": -1.0,
      "FadeOutTime": -1.0,
      "Segments": [
        0,
        10.601,
        1,
        0.111,
        10.601,
        0.222,
        4.694,
        0.333,
        0,
        1,
        0.666,
        -14.083,
        1,
        -19.097,
        1.333,
        -19.097,
        0,
        1.667,
        -16.973
      ]
    },
    {
      "Target": "Parameter",
      "Id": "Param17",
      "FadeInTime": -1.0,
      "FadeOutTime": -1.0,
      "Segments": [
        0,
        -9.886,
        1,
        0.333,
        -9.886,
        0.667,
        -7.317,
        1,
        0,
        1,
        1.222,
        4.878,
        1.445,
        8.786,
        1.667,
        8.786
      ]
    },
    {
      "Target": "Parameter",
      "Id": "Param18",
      "FadeInTime": -1.0,
      "FadeOutTime": -1.0,
      "Segments": [
        0,
        0,
        0,
        1,
        -9.886,
        0,
        1.667,
        -5.494
      ]
    },
    {
      "Target": "Parameter",
      "Id": "Param49",
      "FadeInTime": -1.0,
      "FadeOutTime": -1.0,
      "Segments": [
        0,
        -3.711,
        0,
        0.333,
        -4.12,
        1,
        0.666,
        -4.12,
        1,
        -3.163,
        1.333,
        -0.431,
        1,
        1.444,
        0.48,
        1.556,
        1.62,
        1.667,
        1.62
      ]
    },
    {
      "Target": "Parameter",
      "Id": "Param50",
      "FadeInTime": -1.0,
      "FadeOutTime": -1.0,
      "Segments": [
        0,
        5.136,
        1,
        0.133,
        5.136,
        0.267,
        4.107,
        0.4,
        3.116,
        1,
        0.711,
        0.804,
        1.022,
        0,
        1.333,
        0,
        0,
        1.667,
        0.356
      ]
    },
    {
      "Target": "Parameter",
      "Id": "Param53",
      "FadeInTime": -1.0,
      "FadeOutTime": -1.0,
      "Segments": [
        0,
        -16.979,
        0,
        0.333,
        -19.097,
        1,
        0.666,
        -19.097,
        1,
        -14.086,
        1.333,
        0,
        1,
        1.444,
        4.695,
        1.556,
        10.614,
        1.667,
        10.614
      ]
    },
    {
      "Target": "Parameter",
      "Id": "Param54",
      "FadeInTime": -1.0,
      "FadeOutTime": -1.0,
      "Segments": [
        0,
        4.727,
        1,
        0.111,
        4.727,
        0.222,
        2.099,
        0.333,
        0,
        1,
        0.666,
        -6.298,
        1,
        -8.515,
        1.333,
        -8.515,
        0,
        1.667,
        -7.568
      ]
    },
    {
      "Target": "Parameter",
      "Id": "Param57",
      "FadeInTime": -1.0,
      "FadeOutTime": -1.0,
      "Segments": [
        0,
        0,
        1,
        0.322,
        0,
        0.645,
        0.055,
        0.967,
        2.489,
        1,
        1.2,
        4.251,
        1.434,
        10.079,
        1.667,
        10.079
      ]
    },
    {
      "Target": "Parameter",
      "Id": "ParamZbWl1",
      "FadeInTime": -1.0,
      "FadeOutTime": -1.0,
      "Segments": [
        0,
        -11.873,
        0,
        0.3,
        -13.046,
        1,
        0.633,
        -13.046,
        0.967,
        -9.681,
        1.3,
        0,
        1,
        1.422,
        3.55,
        1.545,
        7.814,
        1.667,
        7.814
      ]
    },
    {
      "Target": "Parameter",
      "Id": "ParamZbWl2",
      "FadeInTime": -1.0,
      "FadeOutTime": -1.0,
      "Segments": [
        0,
        6.65,
        1,
        0.1,
        6.65,
        0.2,
        2.875,
        0.3,
        0,
        1,
        0.633,
        -9.583,
        0.967,
        -13.046,
        1.3,
        -13.046,
        0,
        1.667,
        -11.292
      ]
    },
    {
      "Target": "Parameter",
      "Id": "ParamZbWl3",
      "FadeInTime": -1.0,
      "FadeOutTime": -1.0,
      "Segments": [
        0,
        -9.337,
        0,
        0.533,
        -13.046,
        1,
        0.866,
        -13.046,
        1.2,
        -9.181,
        1.533,
        0,
        1,
        1.578,
        1.224,
        1.622,
        3.246,
        1.667,
        3.246
      ]
    },
    {
      "Target": "Parameter",
      "Id": "ParamZbWl4",
      "FadeInTime": -1.0,
      "FadeOutTime": -1.0,
      "Segments": [
        0,
        10.203,
        1,
        0.178,
        10.203,
        0.355,
        5.205,
        0.533,
        0,
        1,
        0.866,
        -9.76,
        1.2,
        -13.046,
        1.533,
        -13.046,
        0,
        1.667,
        -12.814
      ]
    },
    {
      "Target": "Parameter",
      "Id": "ParamZbWl5",
      "FadeInTime": -1.0,
      "FadeOutTime": -1.0,
      "Segments": [
        0,
        -5.379,
        0,
        0.767,
        -13.046,
        0,
        1.667,
        -2.481
      ]
    },
    {
      "Target": "Parameter",
      "Id": "ParamZbWl6",
      "FadeInTime": -1.0,
      "FadeOutTime": -1.0,
      "Segments": [
        0,
        12.335,
        1,
        0.256,
        12.335,
        0.511,
        7.7,
        0.767,
        0,
        1,
        1.067,
        -9.039,
        1.367,
        -12.865,
        1.667,
        -12.865
      ]
    },
    {
      "Target": "Parameter",
      "Id": "Param19",
      "FadeInTime": -1.0,
      "FadeOutTime": -1.0,
      "Segments": [
        0,
        -6.029,
        0,
        0.733,
        -13.046,
        0,
        1.667,
        -1.681
      ]
    },
    {
      "Target": "Parameter",
      "Id": "ParamZbWl7",
      "FadeInTime": -1.0,
      "FadeOutTime": -1.0,
      "Segments": [
        0,
        1.05,
        1,
        0.022,
        1.05,
        0.045,
        0.415,
        0.067,
        0,
        1,
        0.106,
        -0.726,
        0.144,
        -1.497,
        0.183,
        -1.774,
        1,
        0.439,
        -3.596,
        0.694,
        -4.303,
        0.95,
        -4.303,
        0,
        1.667,
        -2.092
      ]
    },
    {
      "Target": "Parameter",
      "Id": "ParamZbWl8",
      "FadeInTime": -1.0,
      "FadeOutTime": -1.0,
      "Segments": [
        0,
        6.188,
        0,
        0.067,
        6.3,
        1,
        0.106,
        6.3,
        0.144,
        6.247,
        0.183,
        5.957,
        1,
        0.439,
        4.052,
        0.694,
        2.626,
        0.95,
        0,
        1,
        1.189,
        -2.454,
        1.428,
        -5.641,
        1.667,
        -5.641
      ]
    },
    {
      "Target": "Model",
      "Id": "EyeBlink",
      "FadeInTime": -1.0,
      "FadeOutTime": -1.0,
      "Segments": [
        0,
        1,
        0,
        1.667,
        1
      ]
    },
    {
      "Target": "Model",
      "Id": "LipSync",
      "FadeInTime": -1.0,
      "FadeOutTime": -1.0,
      "Segments": [
        0,
        0,
        0,
        1.667,
        0
      ]
    },
    {
      "Target": "Parameter",
      "Id": "Param215",
      "FadeInTime": -1.0,
      "FadeOutTime": -1.0,
      "Segments": [
        0,
        0,
        0,
        1.667,
        0
      ]
    },
    {
      "Target": "Parameter",
      "Id": "Param216",
      "FadeInTime": -1.0,
      "FadeOutTime": -1.0,
      "Segments": [
        0,
        0,
        0,
        1.667,
        0
      ]
    },
    {
      "Target": "Parameter",
      "Id": "Param210",
      "FadeInTime": -1.0,
      "FadeOutTime": -1.0,
      "Segments": [
        0,
        0,
        0,
        1.667,
        0
      ]
    },
    {
      "Target": "Parameter",
      "Id": "Param217",
      "FadeInTime": -1.0,
      "FadeOutTime": -1.0,
      "Segments": [
        0,
        0,
        0,
        1.667,
        0
      ]
    },
    {
      "Target": "Parameter",
      "Id": "Param218",
      "FadeInTime": -1.0,
      "FadeOutTime": -1.0,
      "Segments": [
        0,
        0,
        0,
        1.667,
        0
      ]
    },
    {
      "Target": "Parameter",
      "Id": "Param7",
      "FadeInTime": -1.0,
      "FadeOutTime": -1.0,
      "Segments": [
        0,
        0,
        0,
        1.667,
        0
      ]
    },
    {
      "Target": "Parameter",
      "Id": "Param8",
      "FadeInTime": -1.0,
      "FadeOutTime": -1.0,
      "Segments": [
        0,
        0,
        0,
        1.667,
        0
      ]
    },
    {
      "Target": "Parameter",
      "Id": "Param20",
      "FadeInTime": -1.0,
      "FadeOutTime": -1.0,
      "Segments": [
        0,
        0,
        0,
        1.667,
        0
      ]
    },
    {
      "Target": "Parameter",
      "Id": "Param122",
      "FadeInTime": -1.0,
      "FadeOutTime": -1.0,
      "Segments": [
        0,
        0,
        0,
        1.667,
        0
      ]
    },
    {
      "Target": "Parameter",
      "Id": "Param123",
      "FadeInTime": -1.0,
      "FadeOutTime": -1.0,
      "Segments": [
        0,
        0,
        0,
        1.667,
        0
      ]
    },
    {
      "Target": "Parameter",
      "Id": "Param124",
      "FadeInTime": -1.0,
      "FadeOutTime": -1.0,
      "Segments": [
        0,
        0,
        0,
        1.667,
        0
      ]
    },
    {
      "Target": "Parameter",
      "Id": "Param155",
      "FadeInTime": -1.0,
      "FadeOutTime": -1.0,
      "Segments": [
        0,
        1,
        0,
        1.667,
        1
      ]
    },
    {
      "Target": "Parameter",
      "Id": "Param157",
      "FadeInTime": -1.0,
      "FadeOutTime": -1.0,
      "Segments": [
        0,
        0,
        0,
        1.667,
        0
      ]
    },
    {
      "Target": "Parameter",
      "Id": "Param158",
      "FadeInTime": -1.0,
      "FadeOutTime": -1.0,
      "Segments": [
        0,
        0,
        0,
        1.667,
        0
      ]
    },
    {
      "Target": "Parameter",
      "Id": "Param156",
      "FadeInTime": -1.0,
      "FadeOutTime": -1.0,
      "Segments": [
        0,
        0,
        0,
        1.667,
        0
      ]
    },
    {
      "Target": "Parameter",
      "Id": "Param160",
      "FadeInTime": -1.0,
      "FadeOutTime": -1.0,
      "Segments": [
        0,
        0,
        0,
        1.667,
        0
      ]
    },
    {
      "Target": "Parameter",
      "Id": "Param162",
      "FadeInTime": -1.0,
      "FadeOutTime": -1.0,
      "Segments": [
        0,
        0,
        0,
        1.667,
        0
      ]
    },
    {
      "Target": "Parameter",
      "Id": "Param161",
      "FadeInTime": -1.0,
      "FadeOutTime": -1.0,
      "Segments": [
        0,
        0,
        0,
        1.667,
        0
      ]
    },
    {
      "Target": "Parameter",
      "Id": "Param159",
      "FadeInTime": -1.0,
      "FadeOutTime": -1.0,
      "Segments": [
        0,
        0,
        0,
        1.667,
        0
      ]
    },
    {
      "Target": "Parameter",
      "Id": "Param66",
      "FadeInTime": -1.0,
      "FadeOutTime": -1.0,
      "Segments": [
        0,
        0,
        0,
        1.667,
        0
      ]
    },
    {
      "Target": "Parameter",
      "Id": "Param69",
      "FadeInTime": -1.0,
      "FadeOutTime": -1.0,
      "Segments": [
        0,
        0,
        0,
        1.667,
        0
      ]
    },
    {
      "Target": "Parameter",
      "Id": "Param67",
      "FadeInTime": -1.0,
      "FadeOutTime": -1.0,
      "Segments": [
        0,
        0,
        0,
        1.667,
        0
      ]
    },
    {
      "Target": "Parameter",
      "Id": "Param68",
      "FadeInTime": -1.0,
      "FadeOutTime": -1.0,
      "Segments": [
        0,
        0,
        0,
        1.667,
        0
      ]
    },
    {
      "Target": "Parameter",
      "Id": "Param70",
      "FadeInTime": -1.0,
      "FadeOutTime": -1.0,
      "Segments": [
        0,
        0,
        0,
        1.667,
        0
      ]
    },
    {
      "Target": "Parameter",
      "Id": "Param72",
      "FadeInTime": -1.0,
      "FadeOutTime": -1.0,
      "Segments": [
        0,
        0,
        0,
        1.667,
        0
      ]
    },
    {
      "Target": "Parameter",
      "Id": "Param71",
      "FadeInTime": -1.0,
      "FadeOutTime": -1.0,
      "Segments": [
        0,
        0,
        0,
        1.667,
        0
      ]
    },
    {
      "Target": "Parameter",
      "Id": "Param73",
      "FadeInTime": -1.0,
      "FadeOutTime": -1.0,
      "Segments": [
        0,
        0,
        0,
        1.667,
        0
      ]
    },
    {
      "Target": "Parameter",
      "Id": "Param74",
      "FadeInTime": -1.0,
      "FadeOutTime": -1.0,
      "Segments": [
        0,
        0,
        0,
        1.667,
        0
      ]
    },
    {
      "Target": "Parameter",
      "Id": "Param75",
      "FadeInTime": -1.0,
      "FadeOutTime": -1.0,
      "Segments": [
        0,
        0,
        0,
        1.667,
        0
      ]
    },
    {
      "Target": "Parameter",
      "Id": "Param80",
      "FadeInTime": -1.0,
      "FadeOutTime": -1.0,
      "Segments": [
        0,
        0,
        0,
        1.667,
        0
      ]
    },
    {
      "Target": "Parameter",
      "Id": "Param81",
      "FadeInTime": -1.0,
      "FadeOutTime": -1.0,
      "Segments": [
        0,
        0,
        0,
        1.667,
        0
      ]
    },
    {
      "Target": "Parameter",
      "Id": "Param82",
      "FadeInTime": -1.0,
      "FadeOutTime": -1.0,
      "Segments": [
        0,
        0,
        0,
        1.667,
        0
      ]
    },
    {
      "Target": "Parameter",
      "Id": "Param83",
      "FadeInTime": -1.0,
      "FadeOutTime": -1.0,
      "Segments": [
        0,
        0,
        0,
        1.667,
        0
      ]
    },
    {
      "Target": "Parameter",
      "Id": "Param84",
      "FadeInTime": -1.0,
      "FadeOutTime": -1.0,
      "Segments": [
        0,
        0,
        0,
        1.667,
        0
      ]
    },
    {
      "Target": "Parameter",
      "Id": "Param98",
      "FadeInTime": -1.0,
      "FadeOutTime": -1.0,
      "Segments": [
        0,
        0,
        0,
        1.667,
        0
      ]
    },
    {
      "Target": "Parameter",
      "Id": "Param86",
      "FadeInTime": -1.0,
      "FadeOutTime": -1.0,
      "Segments": [
        0,
        0,
        0,
        1.667,
        0
      ]
    },
    {
      "Target": "Parameter",
      "Id": "Param96",
      "FadeInTime": -1.0,
      "FadeOutTime": -1.0,
      "Segments": [
        0,
        0,
        0,
        1.667,
        0
      ]
    },
    {
      "Target": "Parameter",
      "Id": "Param97",
      "FadeInTime": -1.0,
      "FadeOutTime": -1.0,
      "Segments": [
        0,
        0,
        0,
        1.667,
        0
      ]
    },
    {
      "Target": "Parameter",
      "Id": "Param102",
      "FadeInTime": -1.0,
      "FadeOutTime": -1.0,
      "Segments": [
        0,
        0,
        0,
        1.667,
        0
      ]
    },
    {
      "Target": "Parameter",
      "Id": "Param99",
      "FadeInTime": -1.0,
      "FadeOutTime": -1.0,
      "Segments": [
        0,
        0,
        0,
        1.667,
        0
      ]
    },
    {
      "Target": "Parameter",
      "Id": "Param100",
      "FadeInTime": -1.0,
      "FadeOutTime": -1.0,
      "Segments": [
        0,
        0,
        0,
        1.667,
        0
      ]
    },
    {
      "Target": "Parameter",
      "Id": "Param101",
      "FadeInTime": -1.0,
      "FadeOutTime": -1.0,
      "Segments": [
        0,
        0,
        0,
        1.667,
        0
      ]
    },
    {
      "Target": "Parameter",
      "Id": "Param23",
      "FadeInTime": -1.0,
      "FadeOutTime": -1.0,
      "Segments": [
        0,
        0,
        0,
        1.667,
        0
      ]
    },
    {
      "Target": "Parameter",
      "Id": "Param24",
      "FadeInTime": -1.0,
      "FadeOutTime": -1.0,
      "Segments": [
        0,
        0,
        0,
        1.667,
        0
      ]
    },
    {
      "Target": "Parameter",
      "Id": "Param25",
      "FadeInTime": -1.0,
      "FadeOutTime": -1.0,
      "Segments": [
        0,
        0,
        0,
        1.667,
        0
      ]
    },
    {
      "Target": "Parameter",
      "Id": "Param65",
      "FadeInTime": -1.0,
      "FadeOutTime": -1.0,
      "Segments": [
        0,
        0,
        0,
        1.667,
        0
      ]
    },
    {
      "Target": "Parameter",
      "Id": "Param26",
      "FadeInTime": -1.0,
      "FadeOutTime": -1.0,
      "Segments": [
        0,
        0,
        0,
        1.667,
        0
      ]
    },
    {
      "Target": "Parameter",
      "Id": "Param27",
      "FadeInTime": -1.0,
      "FadeOutTime": -1.0,
      "Segments": [
        0,
        0,
        0,
        1.667,
        0
      ]
    },
    {
      "Target": "Parameter",
      "Id": "Param60",
      "FadeInTime": -1.0,
      "FadeOutTime": -1.0,
      "Segments": [
        0,
        0,
        0,
        1.667,
        0
      ]
    },
    {
      "Target": "Parameter",
      "Id": "Param61",
      "FadeInTime": -1.0,
      "FadeOutTime": -1.0,
      "Segments": [
        0,
        0,
        0,
        1.667,
        0
      ]
    },
    {
      "Target": "Parameter",
      "Id": "Param62",
      "FadeInTime": -1.0,
      "FadeOutTime": -1.0,
      "Segments": [
        0,
        0,
        0,
        1.667,
        0
      ]
    },
    {
      "Target": "Parameter",
      "Id": "Param63",
      "FadeInTime": -1.0,
      "FadeOutTime": -1.0,
      "Segments": [
        0,
        0,
        0,
        1.667,
        0
      ]
    },
    {
      "Target": "Parameter",
      "Id": "Param64",
      "FadeInTime": -1.0,
      "FadeOutTime": -1.0,
      "Segments": [
        0,
        0,
        0,
        1.667,
        0
      ]
    },
    {
      "Target": "Parameter",
      "Id": "ParamAngleZ2",
      "FadeInTime": -1.0,
      "FadeOutTime": -1.0,
      "Segments": [
        0,
        0,
        0,
        1.667,
        0
      ]
    },
    {
      "Target": "Parameter",
      "Id": "ParamCheek",
      "FadeInTime": -1.0,
      "FadeOutTime": -1.0,
      "Segments": [
        0,
        0,
        0,
        1.667,
        0
      ]
    },
    {
      "Target": "Parameter",
      "Id": "Param204",
      "FadeInTime": -1.0,
      "FadeOutTime": -1.0,
      "Segments": [
        0,
        0,
        0,
        1.667,
        0
      ]
    },
    {
      "Target": "Parameter",
      "Id": "ParamBrowRX",
      "FadeInTime": -1.0,
      "FadeOutTime": -1.0,
      "Segments": [
        0,
        0,
        0,
        1.667,
        0
      ]
    },
    {
      "Target": "Parameter",
      "Id": "ParamBrowRY",
      "FadeInTime": -1.0,
      "FadeOutTime": -1.0,
      "Segments": [
        0,
        0,
        0,
        1.667,
        0
      ]
    },
    {
      "Target": "Parameter",
      "Id": "ParamBrowRAngle",
      "FadeInTime": -1.0,
      "FadeOutTime": -1.0,
      "Segments": [
        0,
        0,
        0,
        1.667,
        0
      ]
    },
    {
      "Target": "Parameter",
      "Id": "ParamBrowRForm",
      "FadeInTime": -1.0,
      "FadeOutTime": -1.0,
      "Segments": [
        0,
        0,
        0,
        1.667,
        0
      ]
    },
    {
      "Target": "Parameter",
      "Id": "ParamBrowLX",
      "FadeInTime": -1.0,
      "FadeOutTime": -1.0,
      "Segments": [
        0,
        0,
        0,
        1.667,
        0
      ]
    },
    {
      "Target": "Parameter",
      "Id": "ParamBrowLY",
      "FadeInTime": -1.0,
      "FadeOutTime": -1.0,
      "Segments": [
        0,
        0,
        0,
        1.667,
        0
      ]
    },
    {
      "Target": "Parameter",
      "Id": "ParamBrowLAngle",
      "FadeInTime": -1.0,
      "FadeOutTime": -1.0,
      "Segments": [
        0,
        0,
        0,
        1.667,
        0
      ]
    },
    {
      "Target": "Parameter",
      "Id": "ParamBrowLForm",
      "FadeInTime": -1.0,
      "FadeOutTime": -1.0,
      "Segments": [
        0,
        0,
        0,
        1.667,
        0
      ]
    },
    {
      "Target": "Parameter",
      "Id": "ParamEyeLOpen",
      "FadeInTime": -1.0,
      "FadeOutTime": -1.0,
      "Segments": [
        0,
        1,
        0,
        1.667,
        1
      ]
    },
    {
      "Target": "Parameter",
      "Id": "ParamEyeLSmile",
      "FadeInTime": -1.0,
      "FadeOutTime": -1.0,
      "Segments": [
        0,
        0,
        0,
        1.667,
        0
      ]
    },
    {
      "Target": "Parameter",
      "Id": "ParamEyeLSmile2",
      "FadeInTime": -1.0,
      "FadeOutTime": -1.0,
      "Segments": [
        0,
        0,
        0,
        1.667,
        0
      ]
    },
    {
      "Target": "Parameter",
      "Id": "ParamEyeROpen",
      "FadeInTime": -1.0,
      "FadeOutTime": -1.0,
      "Segments": [
        0,
        1,
        0,
        1.667,
        1
      ]
    },
    {
      "Target": "Parameter",
      "Id": "ParamEyeRSmile",
      "FadeInTime": -1.0,
      "FadeOutTime": -1.0,
      "Segments": [
        0,
        0,
        0,
        1.667,
        0
      ]
    },
    {
      "Target": "Parameter",
      "Id": "ParamEyeRSmile2",
      "FadeInTime": -1.0,
      "FadeOutTime": -1.0,
      "Segments": [
        0,
        0,
        0,
        1.667,
        0
      ]
    },
    {
      "Target": "Parameter",
      "Id": "ParamEyeBallX",
      "FadeInTime": -1.0,
      "FadeOutTime": -1.0,
      "Segments": [
        0,
        0,
        0,
        1.667,
        0
      ]
    },
    {
      "Target": "Parameter",
      "Id": "ParamEyeBallY",
      "FadeInTime": -1.0,
      "FadeOutTime": -1.0,
      "Segments": [
        0,
        0,
        0,
        1.667,
        0
      ]
    },
    {
      "Target": "Parameter",
      "Id": "Param150",
      "FadeInTime": -1.0,
      "FadeOutTime": -1.0,
      "Segments": [
        0,
        1,
        0,
        1.667,
        1
      ]
    },
    {
      "Target": "Parameter",
      "Id": "Param120",
      "FadeInTime": -1.0,
      "FadeOutTime": -1.0,
      "Segments": [
        0,
        0,
        0,
        1.667,
        0
      ]
    },
    {
      "Target": "Parameter",
      "Id": "Param121",
      "FadeInTime": -1.0,
      "FadeOutTime": -1.0,
      "Segments": [
        0,
        0,
        0,
        1.667,
        0
      ]
    },
    {
      "Target": "Parameter",
      "Id": "Param146",
      "FadeInTime": -1.0,
      "FadeOutTime": -1.0,
      "Segments": [
        0,
        0,
        0,
        1.667,
        0
      ]
    },
    {
      "Target": "Parameter",
      "Id": "Param",
      "FadeInTime": -1.0,
      "FadeOutTime": -1.0,
      "Segments": [
        0,
        0,
        0,
        1.667,
        0
      ]
    },
    {
      "Target": "Parameter",
      "Id": "Param149",
      "FadeInTime": -1.0,
      "FadeOutTime": -1.0,
      "Segments": [
        0,
        0,
        0,
        1.667,
        0
      ]
    },
    {
      "Target": "Parameter",
      "Id": "ParamMouthOpenY",
      "FadeInTime": -1.0,
      "FadeOutTime": -1.0,
      "Segments": [
        0,
        0,
        0,
        1.667,
        0
      ]
    },
    {
      "Target": "Parameter",
      "Id": "ParamMouthForm",
      "FadeInTime": -1.0,
      "FadeOutTime": -1.0,
      "Segments": [
        0,
        0,
        0,
        1.667,
        0
      ]
    },
    {
      "Target": "Parameter",
      "Id": "ParamMouthForm2",
      "FadeInTime": -1.0,
      "FadeOutTime": -1.0,
      "Segments": [
        0,
        0,
        0,
        1.667,
        0
      ]
    },
    {
      "Target": "Parameter",
      "Id": "ParamMouthForm3",
      "FadeInTime": -1.0,
      "FadeOutTime": -1.0,
      "Segments": [
        0,
        0,
        0,
        1.667,
        0
      ]
    },
    {
      "Target": "Parameter",
      "Id": "Param127",
      "FadeInTime": -1.0,
      "FadeOutTime": -1.0,
      "Segments": [
        0,
        0,
        0,
        1.667,
        0
      ]
    },
    {
      "Target": "Parameter",
      "Id": "ParamMouthOpenY2",
      "FadeInTime": -1.0,
      "FadeOutTime": -1.0,
      "Segments": [
        0,
        0,
        0,
        1.667,
        0
      ]
    },
    {
      "Target": "Parameter",
      "Id": "Param76",
      "FadeInTime": -1.0,
      "FadeOutTime": -1.0,
      "Segments": [
        0,
        0,
        0,
        1.667,
        0
      ]
    },
    {
      "Target": "Parameter",
      "Id": "Param181",
      "FadeInTime": -1.0,
      "FadeOutTime": -1.0,
      "Segments": [
        0,
        0,
        0,
        1.667,
        0
      ]
    },
    {
      "Target": "Parameter",
      "Id": "Param126",
      "FadeInTime": -1.0,
      "FadeOutTime": -1.0,
      "Segments": [
        0,
        0,
        0,
        1.667,
        0
      ]
    },
    {
      "Target": "Parameter",
      "Id": "Param129",
      "FadeInTime": -1.0,
      "FadeOutTime": -1.0,
      "Segments": [
        0,
        0,
        0,
        1.667,
        0
      ]
    },
    {
      "Target": "Parameter",
      "Id": "Param128",
      "FadeInTime": -1.0,
      "FadeOutTime": -1.0,
      "Segments": [
        0,
        0,
        0,
        1.667,
        0
      ]
    },
    {
      "Target": "Parameter",
      "Id": "Param2",
      "FadeInTime": -1.0,
      "FadeOutTime": -1.0,
      "Segments": [
        0,
        0,
        0,
        1.667,
        0
      ]
    },
    {
      "Target": "Parameter",
      "Id": "Param46",
      "FadeInTime": -1.0,
      "FadeOutTime": -1.0,
      "Segments": [
        0,
        0,
        0,
        1.667,
        0
      ]
    },
    {
      "Target": "Parameter",
      "Id": "Param153",
      "FadeInTime": -1.0,
      "FadeOutTime": -1.0,
      "Segments": [
        0,
        0,
        0,
        1.667,
        0
      ]
    },
    {
      "Target": "Parameter",
      "Id": "Param182",
      "FadeInTime": -1.0,
      "FadeOutTime": -1.0,
      "Segments": [
        0,
        0,
        0,
        1.667,
        0
      ]
    },
    {
      "Target": "Parameter",
      "Id": "Param154",
      "FadeInTime": -1.0,
      "FadeOutTime": -1.0,
      "Segments": [
        0,
        0,
        0,
        1.667,
        0
      ]
    },
    {
      "Target": "Parameter",
      "Id": "Param111",
      "FadeInTime": -1.0,
      "FadeOutTime": -1.0,
      "Segments": [
        0,
        0,
        0,
        1.667,
        0
      ]
    },
    {
      "Target": "Parameter",
      "Id": "Param170",
      "FadeInTime": -1.0,
      "FadeOutTime": -1.0,
      "Segments": [
        0,
        0,
        0,
        1.667,
        0
      ]
    },
    {
      "Target": "Parameter",
      "Id": "Param171",
      "FadeInTime": -1.0,
      "FadeOutTime": -1.0,
      "Segments": [
        0,
        0,
        0,
        1.667,
        0
      ]
    },
    {
      "Target": "Parameter",
      "Id": "ParamBodyAngleX3",
      "FadeInTime": -1.0,
      "FadeOutTime": -1.0,
      "Segments": [
        0,
        0,
        0,
        1.667,
        0
      ]
    },
    {
      "Target": "Parameter",
      "Id": "Param138",
      "FadeInTime": -1.0,
      "FadeOutTime": -1.0,
      "Segments": [
        0,
        1,
        0,
        1.667,
        1
      ]
    },
    {
      "Target": "Parameter",
      "Id": "Param139",
      "FadeInTime": -1.0,
      "FadeOutTime": -1.0,
      "Segments": [
        0,
        0,
        0,
        1.667,
        0
      ]
    },
    {
      "Target": "Parameter",
      "Id": "Param132",
      "FadeInTime": -1.0,
      "FadeOutTime": -1.0,
      "Segments": [
        0,
        1,
        0,
        1.667,
        1
      ]
    },
    {
      "Target": "Parameter",
      "Id": "Param133",
      "FadeInTime": -1.0,
      "FadeOutTime": -1.0,
      "Segments": [
        0,
        0,
        0,
        1.667,
        0
      ]
    },
    {
      "Target": "Parameter",
      "Id": "Param136",
      "FadeInTime": -1.0,
      "FadeOutTime": -1.0,
      "Segments": [
        0,
        0,
        0,
        1.667,
        0
      ]
    },
    {
      "Target": "Parameter",
      "Id": "Param140",
      "FadeInTime": -1.0,
      "FadeOutTime": -1.0,
      "Segments": [
        0,
        0,
        0,
        1.667,
        0
      ]
    },
    {
      "Target": "Parameter",
      "Id": "Param142",
      "FadeInTime": -1.0,
      "FadeOutTime": -1.0,
      "Segments": [
        0,
        0,
        0,
        1.667,
        0
      ]
    },
    {
      "Target": "Parameter",
      "Id": "Param21",
      "FadeInTime": -1.0,
      "FadeOutTime": -1.0,
      "Segments": [
        0,
        0,
        0,
        1.667,
        0
      ]
    },
    {
      "Target": "Parameter",
      "Id": "Param130",
      "FadeInTime": -1.0,
      "FadeOutTime": -1.0,
      "Segments": [
        0,
        1,
        0,
        1.667,
        1
      ]
    },
    {
      "Target": "Parameter",
      "Id": "Param131",
      "FadeInTime": -1.0,
      "FadeOutTime": -1.0,
      "Segments": [
        0,
        0,
        0,
        1.667,
        0
      ]
    },
    {
      "Target": "Parameter",
      "Id": "Param135",
      "FadeInTime": -1.0,
      "FadeOutTime": -1.0,
      "Segments": [
        0,
        0,
        0,
        1.667,
        0
      ]
    },
    {
      "Target": "Parameter",
      "Id": "Param137",
      "FadeInTime": -1.0,
      "FadeOutTime": -1.0,
      "Segments": [
        0,
        0,
        0,
        1.667,
        0
      ]
    },
    {
      "Target": "Parameter",
      "Id": "Param141",
      "FadeInTime": -1.0,
      "FadeOutTime": -1.0,
      "Segments": [
        0,
        0,
        0,
        1.667,
        0
      ]
    },
    {
      "Target": "Parameter",
      "Id": "Param143",
      "FadeInTime": -1.0,
      "FadeOutTime": -1.0,
      "Segments": [
        0,
        0,
        0,
        1.667,
        0
      ]
    },
    {
      "Target": "Parameter",
      "Id": "Param93",
      "FadeInTime": -1.0,
      "FadeOutTime": -1.0,
      "Segments": [
        0,
        0,
        0,
        1.667,
        0
      ]
    },
    {
      "Target": "Parameter",
      "Id": "Param77",
      "FadeInTime": -1.0,
      "FadeOutTime": -1.0,
      "Segments": [
        0,
        0,
        0,
        1.667,
        0
      ]
    },
    {
      "Target": "Parameter",
      "Id": "Param79",
      "FadeInTime": -1.0,
      "FadeOutTime": -1.0,
      "Segments": [
        0,
        0,
        0,
        1.667,
        0
      ]
    },
    {
      "Target": "Parameter",
      "Id": "Param145",
      "FadeInTime": -1.0,
      "FadeOutTime": -1.0,
      "Segments": [
        0,
        0,
        0,
        1.667,
        0
      ]
    },
    {
      "Target": "Parameter",
      "Id": "Param134",
      "FadeInTime": -1.0,
      "FadeOutTime": -1.0,
      "Segments": [
        0,
        0,
        0,
        1.667,
        0
      ]
    },
    {
      "Target": "Parameter",
      "Id": "Param125",
      "FadeInTime": -1.0,
      "FadeOutTime": -1.0,
      "Segments": [
        0,
        0,
        0,
        1.667,
        0
      ]
    },
    {
      "Target": "Parameter",
      "Id": "Param148",
      "FadeInTime": -1.0,
      "FadeOutTime": -1.0,
      "Segments": [
        0,
        0,
        0,
        1.667,
        0
      ]
    },
    {
      "Target": "Parameter",
      "Id": "Param179",
      "FadeInTime": -1.0,
      "FadeOutTime": -1.0,
      "Segments": [
        0,
        0,
        0,
        1.667,
        0
      ]
    },
    {
      "Target": "Parameter",
      "Id": "Param166",
      "FadeInTime": -1.0,
      "FadeOutTime": -1.0,
      "Segments": [
        0,
        0,
        0,
        1.667,
        0
      ]
    },
    {
      "Target": "Parameter",
      "Id": "Param188",
      "FadeInTime": -1.0,
      "FadeOutTime": -1.0,
      "Segments": [
        0,
        0,
        0,
        1.667,
        0
      ]
    },
    {
      "Target": "Parameter",
      "Id": "Param147",
      "FadeInTime": -1.0,
      "FadeOutTime": -1.0,
      "Segments": [
        0,
        0,
        0,
        1.667,
        0
      ]
    },
    {
      "Target": "Parameter",
      "Id": "Param40",
      "FadeInTime": -1.0,
      "FadeOutTime": -1.0,
      "Segments": [
        0,
        0,
        0,
        1.667,
        0
      ]
    },
    {
      "Target": "Parameter",
      "Id": "Param92",
      "FadeInTime": -1.0,
      "FadeOutTime": -1.0,
      "Segments": [
        0,
        0,
        0,
        1.667,
        0
      ]
    },
    {
      "Target": "Parameter",
      "Id": "Param176",
      "FadeInTime": -1.0,
      "FadeOutTime": -1.0,
      "Segments": [
        0,
        0,
        0,
        1.667,
        0
      ]
    },
    {
      "Target": "Parameter",
      "Id": "Param174",
      "FadeInTime": -1.0,
      "FadeOutTime": -1.0,
      "Segments": [
        0,
        0,
        0,
        1.667,
        0
      ]
    },
    {
      "Target": "Parameter",
      "Id": "Param175",
      "FadeInTime": -1.0,
      "FadeOutTime": -1.0,
      "Segments": [
        0,
        0,
        0,
        1.667,
        0
      ]
    },
    {
      "Target": "Parameter",
      "Id": "Param173",
      "FadeInTime": -1.0,
      "FadeOutTime": -1.0,
      "Segments": [
        0,
        -10,
        0,
        1.667,
        -10
      ]
    },
    {
      "Target": "Parameter",
      "Id": "Param39",
      "FadeInTime": -1.0,
      "FadeOutTime": -1.0,
      "Segments": [
        0,
        0.5,
        0,
        1.667,
        0.5
      ]
    },
    {
      "Target": "Parameter",
      "Id": "Param91",
      "FadeInTime": -1.0,
      "FadeOutTime": -1.0,
      "Segments": [
        0,
        0.5,
        0,
        1.667,
        0.5
      ]
    },
    {
      "Target": "Parameter",
      "Id": "Param177",
      "FadeInTime": -1.0,
      "FadeOutTime": -1.0,
      "Segments": [
        0,
        0,
        0,
        1.667,
        0
      ]
    },
    {
      "Target": "Parameter",
      "Id": "Param178",
      "FadeInTime": -1.0,
      "FadeOutTime": -1.0,
      "Segments": [
        0,
        0,
        0,
        1.667,
        0
      ]
    },
    {
      "Target": "Parameter",
      "Id": "Param169",
      "FadeInTime": -1.0,
      "FadeOutTime": -1.0,
      "Segments": [
        0,
        0,
        0,
        1.667,
        0
      ]
    },
    {
      "Target": "Parameter",
      "Id": "Param167",
      "FadeInTime": -1.0,
      "FadeOutTime": -1.0,
      "Segments": [
        0,
        -15,
        0,
        1.667,
        -15
      ]
    },
    {
      "Target": "Parameter",
      "Id": "Param168",
      "FadeInTime": -1.0,
      "FadeOutTime": -1.0,
      "Segments": [
        0,
        21.9,
        0,
        1.667,
        21.9
      ]
    },
    {
      "Target": "Parameter",
      "Id": "Param163",
      "FadeInTime": -1.0,
      "FadeOutTime": -1.0,
      "Segments": [
        0,
        0,
        0,
        1.667,
        0
      ]
    },
    {
      "Target": "Parameter",
      "Id": "Param165",
      "FadeInTime": -1.0,
      "FadeOutTime": -1.0,
      "Segments": [
        0,
        0,
        0,
        1.667,
        0
      ]
    },
    {
      "Target": "Parameter",
      "Id": "Param164",
      "FadeInTime": -1.0,
      "FadeOutTime": -1.0,
      "Segments": [
        0,
        0,
        0,
        1.667,
        0
      ]
    },
    {
      "Target": "Parameter",
      "Id": "Param109",
      "FadeInTime": -1.0,
      "FadeOutTime": -1.0,
      "Segments": [
        0,
        0,
        0,
        1.667,
        0
      ]
    },
    {
      "Target": "Parameter",
      "Id": "Param104",
      "FadeInTime": -1.0,
      "FadeOutTime": -1.0,
      "Segments": [
        0,
        0,
        0,
        1.667,
        0
      ]
    },
    {
      "Target": "Parameter",
      "Id": "Param105",
      "FadeInTime": -1.0,
      "FadeOutTime": -1.0,
      "Segments": [
        0,
        0,
        0,
        1.667,
        0
      ]
    },
    {
      "Target": "Parameter",
      "Id": "Param106",
      "FadeInTime": -1.0,
      "FadeOutTime": -1.0,
      "Segments": [
        0,
        0,
        0,
        1.667,
        0
      ]
    },
    {
      "Target": "Parameter",
      "Id": "Param107",
      "FadeInTime": -1.0,
      "FadeOutTime": -1.0,
      "Segments": [
        0,
        0,
        0,
        1.667,
        0
      ]
    },
    {
      "Target": "Parameter",
      "Id": "Param108",
      "FadeInTime": -1.0,
      "FadeOutTime": -1.0,
      "Segments": [
        0,
        0,
        0,
        1.667,
        0
      ]
    },
    {
      "Target": "Parameter",
      "Id": "ParamLS4",
      "FadeInTime": -1.0,
      "FadeOutTime": -1.0,
      "Segments": [
        0,
        0,
        0,
        1.667,
        0
      ]
    },
    {
      "Target": "Parameter",
      "Id": "ParamLS5",
      "FadeInTime": -1.0,
      "FadeOutTime": -1.0,
      "Segments": [
        0,
        0,
        0,
        1.667,
        0
      ]
    },
    {
      "Target": "Parameter",
      "Id": "ParamLS1",
      "FadeInTime": -1.0,
      "FadeOutTime": -1.0,
      "Segments": [
        0,
        0,
        0,
        1.667,
        0
      ]
    },
    {
      "Target": "Parameter",
      "Id": "ParamLS3",
      "FadeInTime": -1.0,
      "FadeOutTime": -1.0,
      "Segments": [
        0,
        0,
        0,
        1.667,
        0
      ]
    },
    {
      "Target": "Parameter",
      "Id": "ParamLS2",
      "FadeInTime": -1.0,
      "FadeOutTime": -1.0,
      "Segments": [
        0,
        0,
        0,
        1.667,
        0
      ]
    },
    {
      "Target": "Parameter",
      "Id": "Param110",
      "FadeInTime": -1.0,
      "FadeOutTime": -1.0,
      "Segments": [
        0,
        -30,
        0,
        1.667,
        -30
      ]
    },
    {
      "Target": "Parameter",
      "Id": "Param151",
      "FadeInTime": -1.0,
      "FadeOutTime": -1.0,
      "Segments": [
        0,
        -30,
        0,
        1.667,
        -30
      ]
    },
    {
      "Target": "Parameter",
      "Id": "Param152",
      "FadeInTime": -1.0,
      "FadeOutTime": -1.0,
      "Segments": [
        0,
        -30,
        0,
        1.667,
        -30
      ]
    },
    {
      "Target": "Parameter",
      "Id": "Param103",
      "FadeInTime": -1.0,
      "FadeOutTime": -1.0,
      "Segments": [
        0,
        0,
        0,
        1.667,
        0
      ]
    },
    {
      "Target": "Parameter",
      "Id": "Param85",
      "FadeInTime": -1.0,
      "FadeOutTime": -1.0,
      "Segments": [
        0,
        0,
        0,
        1.667,
        0
      ]
    },
    {
      "Target": "Parameter",
      "Id": "Param22",
      "FadeInTime": -1.0,
      "FadeOutTime": -1.0,
      "Segments": [
        0,
        0,
        0,
        1.667,
        0
      ]
    },
    {
      "Target": "Parameter",
      "Id": "Param144",
      "FadeInTime": -1.0,
      "FadeOutTime": -1.0,
      "Segments": [
        0,
        0,
        0,
        1.667,
        0
      ]
    },
    {
      "Target": "Parameter",
      "Id": "Param5",
      "FadeInTime": -1.0,
      "FadeOutTime": -1.0,
      "Segments": [
        0,
        0,
        0,
        1.667,
        0
      ]
    },
    {
      "Target": "Parameter",
      "Id": "Param3",
      "FadeInTime": -1.0,
      "FadeOutTime": -1.0,
      "Segments": [
        0,
        0,
        0,
        1.667,
        0
      ]
    },
    {
      "Target": "Parameter",
      "Id": "Param4",
      "FadeInTime": -1.0,
      "FadeOutTime": -1.0,
      "Segments": [
        0,
        0,
        0,
        1.667,
        0
      ]
    },
    {
      "Target": "Parameter",
      "Id": "Param28",
      "FadeInTime": -1.0,
      "FadeOutTime": -1.0,
      "Segments": [
        0,
        0,
        0,
        1.667,
        0
      ]
    },
    {
      "Target": "Parameter",
      "Id": "Param6",
      "FadeInTime": -1.0,
      "FadeOutTime": -1.0,
      "Segments": [
        0,
        0,
        0,
        1.667,
        0
      ]
    },
    {
      "Target": "Parameter",
      "Id": "Param192",
      "FadeInTime": -1.0,
      "FadeOutTime": -1.0,
      "Segments": [
        0,
        10,
        0,
        1.667,
        10
      ]
    },
    {
      "Target": "Parameter",
      "Id": "Paramchengdi6",
      "FadeInTime": -1.0,
      "FadeOutTime": -1.0,
      "Segments": [
        0,
        1,
        0,
        1.667,
        1
      ]
    },
    {
      "Target": "Parameter",
      "Id": "Paramchengdi5",
      "FadeInTime": -1.0,
      "FadeOutTime": -1.0,
      "Segments": [
        0,
        1,
        0,
        1.667,
        1
      ]
    },
    {
      "Target": "Parameter",
      "Id": "LHandSwi1",
      "FadeInTime": -1.0,
      "FadeOutTime": -1.0,
      "Segments": [
        0,
        0,
        0,
        1.667,
        0
      ]
    },
    {
      "Target": "Parameter",
      "Id": "LHandSwi2",
      "FadeInTime": -1.0,
      "FadeOutTime": -1.0,
      "Segments": [
        0,
        0,
        0,
        1.667,
        0
      ]
    },
    {
      "Target": "Parameter",
      "Id": "LHandSwi5",
      "FadeInTime": -1.0,
      "FadeOutTime": -1.0,
      "Segments": [
        0,
        0,
        0,
        1.667,
        0
      ]
    },
    {
      "Target": "Parameter",
      "Id": "LHandSwi4",
      "FadeInTime": -1.0,
      "FadeOutTime": -1.0,
      "Segments": [
        0,
        0,
        0,
        1.667,
        0
      ]
    },
    {
      "Target": "Parameter",
      "Id": "LHandSwi7",
      "FadeInTime": -1.0,
      "FadeOutTime": -1.0,
      "Segments": [
        0,
        0,
        0,
        1.667,
        0
      ]
    },
    {
      "Target": "Parameter",
      "Id": "LHandSwi6",
      "FadeInTime": -1.0,
      "FadeOutTime": -1.0,
      "Segments": [
        0,
        0,
        0,
        1.667,
        0
      ]
    },
    {
      "Target": "Parameter",
      "Id": "LHandSwi8",
      "FadeInTime": -1.0,
      "FadeOutTime": -1.0,
      "Segments": [
        0,
        0,
        0,
        1.667,
        0
      ]
    },
    {
      "Target": "Parameter",
      "Id": "LHandSwi9",
      "FadeInTime": -1.0,
      "FadeOutTime": -1.0,
      "Segments": [
        0,
        0,
        0,
        1.667,
        0
      ]
    },
    {
      "Target": "Parameter",
      "Id": "Paramchengdi",
      "FadeInTime": -1.0,
      "FadeOutTime": -1.0,
      "Segments": [
        0,
        0,
        0,
        1.667,
        0
      ]
    },
    {
      "Target": "Parameter",
      "Id": "Paramchengdi1",
      "FadeInTime": -1.0,
      "FadeOutTime": -1.0,
      "Segments": [
        0,
        0,
        0,
        1.667,
        0
      ]
    },
    {
      "Target": "Parameter",
      "Id": "Paramchengdi3",
      "FadeInTime": -1.0,
      "FadeOutTime": -1.0,
      "Segments": [
        0,
        0,
        0,
        1.667,
        0
      ]
    },
    {
      "Target": "Parameter",
      "Id": "Paramchengdi2",
      "FadeInTime": -1.0,
      "FadeOutTime": -1.0,
      "Segments": [
        0,
        0,
        0,
        1.667,
        0
      ]
    },
    {
      "Target": "Parameter",
      "Id": "Paramchengdi4",
      "FadeInTime": -1.0,
      "FadeOutTime": -1.0,
      "Segments": [
        0,
        0,
        0,
        1.667,
        0
      ]
    },
    {
      "Target": "Parameter",
      "Id": "Param184",
      "FadeInTime": -1.0,
      "FadeOutTime": -1.0,
      "Segments": [
        0,
        0,
        0,
        1.667,
        0
      ]
    },
    {
      "Target": "Parameter",
      "Id": "Param187",
      "FadeInTime": -1.0,
      "FadeOutTime": -1.0,
      "Segments": [
        0,
        0,
        0,
        1.667,
        0
      ]
    },
    {
      "Target": "Parameter",
      "Id": "Param172",
      "FadeInTime": -1.0,
      "FadeOutTime": -1.0,
      "Segments": [
        0,
        0,
        0,
        1.667,
        0
      ]
    },
    {
      "Target": "Parameter",
      "Id": "Param180",
      "FadeInTime": -1.0,
      "FadeOutTime": -1.0,
      "Segments": [
        0,
        0,
        0,
        1.667,
        0
      ]
    },
    {
      "Target": "Parameter",
      "Id": "ParamLArm8",
      "FadeInTime": -1.0,
      "FadeOutTime": -1.0,
      "Segments": [
        0,
        0,
        0,
        1.667,
        0
      ]
    },
    {
      "Target": "Parameter",
      "Id": "Param78",
      "FadeInTime": -1.0,
      "FadeOutTime": -1.0,
      "Segments": [
        0,
        0,
        0,
        1.667,
        0
      ]
    },
    {
      "Target": "Parameter",
      "Id": "ParamLArm4",
      "FadeInTime": -1.0,
      "FadeOutTime": -1.0,
      "Segments": [
        0,
        0,
        0,
        1.667,
        0
      ]
    },
    {
      "Target": "Parameter",
      "Id": "ParamLArm5",
      "FadeInTime": -1.0,
      "FadeOutTime": -1.0,
      "Segments": [
        0,
        0,
        0,
        1.667,
        0
      ]
    },
    {
      "Target": "Parameter",
      "Id": "Param191",
      "FadeInTime": -1.0,
      "FadeOutTime": -1.0,
      "Segments": [
        0,
        0,
        0,
        1.667,
        0
      ]
    },
    {
      "Target": "Parameter",
      "Id": "Param35",
      "FadeInTime": -1.0,
      "FadeOutTime": -1.0,
      "Segments": [
        0,
        0,
        0,
        1.667,
        0
      ]
    },
    {
      "Target": "Parameter",
      "Id": "Param37",
      "FadeInTime": -1.0,
      "FadeOutTime": -1.0,
      "Segments": [
        0,
        0,
        0,
        1.667,
        0
      ]
    },
    {
      "Target": "Parameter",
      "Id": "Param38",
      "FadeInTime": -1.0,
      "FadeOutTime": -1.0,
      "Segments": [
        0,
        0,
        0,
        1.667,
        0
      ]
    },
    {
      "Target": "Parameter",
      "Id": "Param55",
      "FadeInTime": -1.0,
      "FadeOutTime": -1.0,
      "Segments": [
        0,
        0,
        0,
        1.667,
        0
      ]
    },
    {
      "Target": "Parameter",
      "Id": "Param58",
      "FadeInTime": -1.0,
      "FadeOutTime": -1.0,
      "Segments": [
        0,
        0,
        0,
        1.667,
        0
      ]
    },
    {
      "Target": "Parameter",
      "Id": "Param59",
      "FadeInTime": -1.0,
      "FadeOutTime": -1.0,
      "Segments": [
        0,
        0,
        0,
        1.667,
        0
      ]
    },
    {
      "Target": "Parameter",
      "Id": "Param56",
      "FadeInTime": -1.0,
      "FadeOutTime": -1.0,
      "Segments": [
        0,
        0,
        0,
        1.667,
        0
      ]
    },
    {
      "Target": "Parameter",
      "Id": "Param52",
      "FadeInTime": -1.0,
      "FadeOutTime": -1.0,
      "Segments": [
        0,
        0,
        0,
        1.667,
        0
      ]
    },
    {
      "Target": "Parameter",
      "Id": "Param51",
      "FadeInTime": -1.0,
      "FadeOutTime": -1.0,
      "Segments": [
        0,
        0,
        0,
        1.667,
        0
      ]
    },
    {
      "Target": "Parameter",
      "Id": "touch_drag1",
      "FadeInTime": -1.0,
      "FadeOutTime": -1.0,
      "Segments": [
        0,
        0,
        0,
        1.667,
        0
      ]
    },
    {
      "Target": "Parameter",
      "Id": "touch_drag2",
      "FadeInTime": -1.0,
      "FadeOutTime": -1.0,
      "Segments": [
        0,
        0,
        0,
        1.667,
        0
      ]
    },
    {
      "Target": "Parameter",
      "Id": "touch_drag11",
      "FadeInTime": -1.0,
      "FadeOutTime": -1.0,
      "Segments": [
        0,
        0,
        0,
        1.667,
        0
      ]
    },
    {
      "Target": "Parameter",
      "Id": "touch_drag13",
      "FadeInTime": -1.0,
      "FadeOutTime": -1.0,
      "Segments": [
        0,
        0,
        0,
        1.667,
        0
      ]
    },
    {
      "Target": "Parameter",
      "Id": "touch_drag14",
      "FadeInTime": -1.0,
      "FadeOutTime": -1.0,
      "Segments": [
        0,
        0,
        0,
        1.667,
        0
      ]
    },
    {
      "Target": "Parameter",
      "Id": "Paramtouch_idle1",
      "FadeInTime": -1.0,
      "FadeOutTime": -1.0,
      "Segments": [
        0,
        0,
        0,
        1.667,
        0
      ]
    },
    {
      "Target": "Parameter",
      "Id": "Paramtouch_idle2",
      "FadeInTime": -1.0,
      "FadeOutTime": -1.0,
      "Segments": [
        0,
        0,
        0,
        1.667,
        0
      ]
    },
    {
      "Target": "Parameter",
      "Id": "Paramtouch_idle3",
      "FadeInTime": -1.0,
      "FadeOutTime": -1.0,
      "Segments": [
        0,
        0,
        0,
        1.667,
        0
      ]
    },
    {
      "Target": "Parameter",
      "Id": "Paramtouch_idle6",
      "FadeInTime": -1.0,
      "FadeOutTime": -1.0,
      "Segments": [
        0,
        0,
        0,
        1.667,
        0
      ]
    }
  ],
  "UserData": [
    {
      "Time": 0.0,
      "Value": ""
    },
    {
      "Time": 1.167,
      "Value": ""
    }
  ]
}