{
  "Version": 3,
  "Meta": {
    "Duration": 3.4,
    "Fps": 60.0,
    "Loop": true,
    "AreBeziersRestricted": true,
    "FadeInTime": 0.0,
    "FadeOutTime": 0.0,
    "CurveCount": 286,
    "TotalSegmentCount": 683,
    "TotalPointCount": 1145,
    "UserDataCount": 2,
    "TotalUserDataSize": 0
  },
  "Curves": [
    {
      "Target": "Parameter",
      "Id": "qiehuan",
      "FadeInTime": -1.0,
      "FadeOutTime": -1.0,
      "Segments": [
        0,
        2,
        2,
        1.4,
        2,
        0,
        1.65,
        0,
        2,
        3.4,
        0
      ]
    },
    {
      "Target": "Parameter",
      "Id": "Param209",
      "FadeInTime": -1.0,
      "FadeOutTime": -1.0,
      "Segments": [
        0,
        1,
        2,
        1.4,
        1,
        0,
        1.65,
        0,
        2,
        3.4,
        0
      ]
    },
    {
      "Target": "Parameter",
      "Id": "Param211",
      "FadeInTime": -1.0,
      "FadeOutTime": -1.0,
      "Segments": [
        0,
        0,
        0,
        0.7,
        -0.17,
        0,
        1.4,
        1.064,
        1,
        1.733,
        1.064,
        2.067,
        1.013,
        2.4,
        -0.208,
        1,
        2.733,
        -1.429,
        3.067,
        -3.48,
        3.4,
        -3.48
      ]
    },
    {
      "Target": "Parameter",
      "Id": "Param212",
      "FadeInTime": -1.0,
      "FadeOutTime": -1.0,
      "Segments": [
        0,
        0,
        0,
        0.7,
        0.753,
        1,
        0.933,
        0.753,
        1.167,
        0.439,
        1.4,
        -0.208,
        1,
        1.733,
        -1.132,
        2.067,
        -1.604,
        2.4,
        -1.604,
        0,
        3.4,
        0
      ]
    },
    {
      "Target": "Parameter",
      "Id": "Param213",
      "FadeInTime": -1.0,
      "FadeOutTime": -1.0,
      "Segments": [
        0,
        0,
        0,
        0.35,
        -3.66,
        1,
        0.583,
        -3.66,
        0.817,
        -2.821,
        1.05,
        0,
        1,
        1.339,
        3.493,
        1.628,
        6,
        1.917,
        6,
        1,
        2.25,
        6,
        2.584,
        4.004,
        2.917,
        0,
        1,
        3.078,
        -1.936,
        3.239,
        -2.91,
        3.4,
        -2.91
      ]
    },
    {
      "Target": "Parameter",
      "Id": "Param214",
      "FadeInTime": -1.0,
      "FadeOutTime": -1.0,
      "Segments": [
        0,
        0,
        2,
        0.35,
        0,
        0,
        1.05,
        4.96,
        1,
        1.339,
        4.96,
        1.628,
        3.39,
        1.917,
        0,
        1,
        2.25,
        -3.912,
        2.584,
        -6,
        2.917,
        -6,
        0,
        3.4,
        -4.82
      ]
    },
    {
      "Target": "Parameter",
      "Id": "Param215",
      "FadeInTime": -1.0,
      "FadeOutTime": -1.0,
      "Segments": [
        0,
        0,
        0,
        2.9,
        3,
        1,
        2.956,
        3,
        3.011,
        2.444,
        3.067,
        2,
        1,
        3.122,
        1.556,
        3.178,
        1.444,
        3.233,
        1,
        1,
        3.289,
        0.556,
        3.344,
        0,
        3.4,
        0
      ]
    },
    {
      "Target": "Parameter",
      "Id": "Param221",
      "FadeInTime": -1.0,
      "FadeOutTime": -1.0,
      "Segments": [
        0,
        0.8,
        2,
        1.9,
        0.8,
        0,
        2.5,
        0,
        2,
        3.4,
        0
      ]
    },
    {
      "Target": "Parameter",
      "Id": "Param122",
      "FadeInTime": -1.0,
      "FadeOutTime": -1.0,
      "Segments": [
        0,
        -0.576,
        0,
        1.733,
        0,
        2,
        3.4,
        0
      ]
    },
    {
      "Target": "Parameter",
      "Id": "Param123",
      "FadeInTime": -1.0,
      "FadeOutTime": -1.0,
      "Segments": [
        0,
        -20.86,
        1,
        0.106,
        -20.86,
        0.211,
        -18.843,
        0.317,
        -18.79,
        1,
        0.467,
        -18.714,
        0.617,
        -18.75,
        0.767,
        -18.654,
        1,
        0.939,
        -18.544,
        1.111,
        -9.006,
        1.283,
        -3.78,
        1,
        1.355,
        -1.589,
        1.428,
        0,
        1.5,
        0,
        2,
        2.017,
        0,
        2,
        3.4,
        0
      ]
    },
    {
      "Target": "Parameter",
      "Id": "Param124",
      "FadeInTime": -1.0,
      "FadeOutTime": -1.0,
      "Segments": [
        0,
        135.24,
        1,
        0.256,
        135.24,
        0.511,
        135.815,
        0.767,
        126.924,
        1,
        0.995,
        118.999,
        1.222,
        35.567,
        1.45,
        6.27,
        1,
        1.55,
        -6.592,
        1.65,
        -6.2,
        1.75,
        -6.2,
        2,
        2.033,
        -6.2,
        0,
        2.5,
        0,
        2,
        3.4,
        0
      ]
    },
    {
      "Target": "Parameter",
      "Id": "Param157",
      "FadeInTime": -1.0,
      "FadeOutTime": -1.0,
      "Segments": [
        0,
        0,
        2,
        0.55,
        0,
        0,
        1.4,
        1,
        2,
        1.9,
        1,
        0,
        2.9,
        0,
        2,
        3.4,
        0
      ]
    },
    {
      "Target": "Parameter",
      "Id": "Param60",
      "FadeInTime": -1.0,
      "FadeOutTime": -1.0,
      "Segments": [
        0,
        0,
        0,
        1.7,
        -0.387,
        2,
        1.983,
        -0.387,
        0,
        3.4,
        -0.026
      ]
    },
    {
      "Target": "Parameter",
      "Id": "Param62",
      "FadeInTime": -1.0,
      "FadeOutTime": -1.0,
      "Segments": [
        0,
        0,
        0,
        1.417,
        30,
        2,
        2.017,
        30,
        2,
        2.9,
        30,
        2,
        3.4,
        30
      ]
    },
    {
      "Target": "Parameter",
      "Id": "Param63",
      "FadeInTime": -1.0,
      "FadeOutTime": -1.0,
      "Segments": [
        0,
        0,
        2,
        0.867,
        0,
        0,
        1.2,
        1,
        2,
        1.7,
        1,
        2,
        2.65,
        1,
        0,
        2.9,
        0,
        2,
        3.4,
        0
      ]
    },
    {
      "Target": "Parameter",
      "Id": "Param64",
      "FadeInTime": -1.0,
      "FadeOutTime": -1.0,
      "Segments": [
        0,
        30,
        2,
        0.867,
        30,
        0,
        1.4,
        0,
        2,
        1.7,
        0,
        2,
        2.033,
        0,
        0,
        2.633,
        30,
        2,
        3.4,
        30
      ]
    },
    {
      "Target": "Parameter",
      "Id": "ParamAngleX",
      "FadeInTime": -1.0,
      "FadeOutTime": -1.0,
      "Segments": [
        0,
        -25.81,
        0,
        1.1,
        -30,
        0,
        3.4,
        -9.522
      ]
    },
    {
      "Target": "Parameter",
      "Id": "ParamAngleY",
      "FadeInTime": -1.0,
      "FadeOutTime": -1.0,
      "Segments": [
        0,
        10,
        0,
        0.317,
        -4.19,
        2,
        3.4,
        -4.19
      ]
    },
    {
      "Target": "Parameter",
      "Id": "ParamAngleZ2",
      "FadeInTime": -1.0,
      "FadeOutTime": -1.0,
      "Segments": [
        0,
        -19.171,
        0,
        3.4,
        0
      ]
    },
    {
      "Target": "Parameter",
      "Id": "ParamCheek",
      "FadeInTime": -1.0,
      "FadeOutTime": -1.0,
      "Segments": [
        0,
        1,
        0,
        3.4,
        0
      ]
    },
    {
      "Target": "Parameter",
      "Id": "Param204",
      "FadeInTime": -1.0,
      "FadeOutTime": -1.0,
      "Segments": [
        0,
        0.865,
        0,
        3.4,
        0
      ]
    },
    {
      "Target": "Parameter",
      "Id": "ParamBrowRY",
      "FadeInTime": -1.0,
      "FadeOutTime": -1.0,
      "Segments": [
        0,
        0.177,
        1,
        0.161,
        0.177,
        0.322,
        0.135,
        0.483,
        0,
        1,
        0.544,
        -0.051,
        0.606,
        -0.123,
        0.667,
        -0.123,
        2,
        0.7,
        -0.123,
        0,
        0.833,
        0,
        2,
        3.4,
        0
      ]
    },
    {
      "Target": "Parameter",
      "Id": "ParamBrowRForm",
      "FadeInTime": -1.0,
      "FadeOutTime": -1.0,
      "Segments": [
        0,
        0.072,
        1,
        0.161,
        0.072,
        0.322,
        0.051,
        0.483,
        0,
        1,
        0.544,
        -0.02,
        0.606,
        -0.036,
        0.667,
        -0.036,
        2,
        0.7,
        -0.036,
        0,
        0.833,
        0,
        2,
        3.4,
        0
      ]
    },
    {
      "Target": "Parameter",
      "Id": "ParamBrowLY",
      "FadeInTime": -1.0,
      "FadeOutTime": -1.0,
      "Segments": [
        0,
        0.151,
        1,
        0.161,
        0.151,
        0.322,
        0.121,
        0.483,
        0,
        1,
        0.544,
        -0.046,
        0.606,
        -0.151,
        0.667,
        -0.151,
        2,
        0.7,
        -0.151,
        0,
        0.833,
        0,
        2,
        3.4,
        0
      ]
    },
    {
      "Target": "Parameter",
      "Id": "ParamBrowLForm",
      "FadeInTime": -1.0,
      "FadeOutTime": -1.0,
      "Segments": [
        0,
        0.089,
        1,
        0.161,
        0.089,
        0.322,
        0.073,
        0.483,
        0,
        1,
        0.544,
        -0.028,
        0.606,
        -0.112,
        0.667,
        -0.112,
        2,
        0.7,
        -0.112,
        0,
        0.833,
        0,
        2,
        3.4,
        0
      ]
    },
    {
      "Target": "Parameter",
      "Id": "ParamEyeLOpen",
      "FadeInTime": -1.0,
      "FadeOutTime": -1.0,
      "Segments": [
        0,
        1.075,
        1,
        0.161,
        1.075,
        0.322,
        1.068,
        0.483,
        1,
        1,
        0.544,
        0.974,
        0.606,
        0,
        0.667,
        0,
        2,
        0.7,
        0,
        0,
        0.833,
        1,
        2,
        3.4,
        1
      ]
    },
    {
      "Target": "Parameter",
      "Id": "ParamEyeLSmile2",
      "FadeInTime": -1.0,
      "FadeOutTime": -1.0,
      "Segments": [
        0,
        -0.695,
        0,
        3.4,
        0
      ]
    },
    {
      "Target": "Parameter",
      "Id": "ParamEyeROpen",
      "FadeInTime": -1.0,
      "FadeOutTime": -1.0,
      "Segments": [
        0,
        1.075,
        1,
        0.161,
        1.075,
        0.322,
        1.068,
        0.483,
        1,
        1,
        0.544,
        0.974,
        0.606,
        0,
        0.667,
        0,
        2,
        0.7,
        0,
        0,
        0.833,
        1,
        2,
        3.4,
        1
      ]
    },
    {
      "Target": "Parameter",
      "Id": "ParamEyeRSmile2",
      "FadeInTime": -1.0,
      "FadeOutTime": -1.0,
      "Segments": [
        0,
        -1,
        0,
        3.4,
        0
      ]
    },
    {
      "Target": "Parameter",
      "Id": "ParamBodyAngleX",
      "FadeInTime": -1.0,
      "FadeOutTime": -1.0,
      "Segments": [
        0,
        -16.214,
        0,
        1.283,
        -20,
        1,
        1.378,
        -20,
        1.472,
        0.121,
        1.567,
        0.445,
        1,
        1.9,
        1.589,
        2.234,
        1.796,
        2.567,
        1.796,
        0,
        3.4,
        0.859
      ]
    },
    {
      "Target": "Parameter",
      "Id": "ParamBodyAngleY",
      "FadeInTime": -1.0,
      "FadeOutTime": -1.0,
      "Segments": [
        0,
        -1.391,
        0,
        0.117,
        -1.411,
        1,
        0.35,
        -1.411,
        0.584,
        -1.159,
        0.817,
        -0.704,
        1,
        1.067,
        -0.217,
        1.317,
        0.003,
        1.567,
        0.003,
        1,
        1.9,
        0.003,
        2.234,
        -0.2,
        2.567,
        -0.704,
        1,
        2.845,
        -1.124,
        3.122,
        -1.391,
        3.4,
        -1.391
      ]
    },
    {
      "Target": "Parameter",
      "Id": "ParamBodyAngleX2",
      "FadeInTime": -1.0,
      "FadeOutTime": -1.0,
      "Segments": [
        0,
        0.308,
        1,
        0.039,
        0.308,
        0.078,
        0.135,
        0.117,
        0.025,
        1,
        0.35,
        -0.633,
        0.584,
        -0.898,
        0.817,
        -0.898,
        1,
        1.067,
        -0.898,
        1.317,
        -0.492,
        1.567,
        0.025,
        1,
        1.9,
        0.715,
        2.234,
        0.949,
        2.567,
        0.949,
        0,
        3.4,
        0.308
      ]
    },
    {
      "Target": "Parameter",
      "Id": "ParamBodyAngleZ",
      "FadeInTime": -1.0,
      "FadeOutTime": -1.0,
      "Segments": [
        0,
        1.06,
        0,
        3.4,
        0
      ]
    },
    {
      "Target": "Parameter",
      "Id": "ParamBodyAngleY2",
      "FadeInTime": -1.0,
      "FadeOutTime": -1.0,
      "Segments": [
        0,
        0,
        0,
        0.117,
        -0.261,
        1,
        0.35,
        -0.261,
        0.584,
        -0.214,
        0.817,
        -0.129,
        1,
        1.067,
        -0.038,
        1.317,
        0.003,
        1.567,
        0.003,
        1,
        1.9,
        0.003,
        2.234,
        -0.035,
        2.567,
        -0.129,
        1,
        2.845,
        -0.208,
        3.122,
        -0.258,
        3.4,
        -0.258
      ]
    },
    {
      "Target": "Parameter",
      "Id": "ParamBreath",
      "FadeInTime": -1.0,
      "FadeOutTime": -1.0,
      "Segments": [
        0,
        0.642,
        1,
        0.067,
        0.642,
        0.133,
        0.508,
        0.2,
        0.419,
        1,
        0.433,
        0.108,
        0.667,
        0,
        0.9,
        0,
        1,
        1.167,
        0,
        1.433,
        0.165,
        1.7,
        0.419,
        1,
        2.033,
        0.737,
        2.367,
        0.864,
        2.7,
        0.864,
        0,
        3.4,
        0.642
      ]
    },
    {
      "Target": "Parameter",
      "Id": "ParamBodyAngleX3",
      "FadeInTime": -1.0,
      "FadeOutTime": -1.0,
      "Segments": [
        0,
        10,
        0,
        3.4,
        0
      ]
    },
    {
      "Target": "Parameter",
      "Id": "Param138",
      "FadeInTime": -1.0,
      "FadeOutTime": -1.0,
      "Segments": [
        0,
        0,
        2,
        1.383,
        0,
        0,
        1.4,
        1,
        2,
        3.4,
        1
      ]
    },
    {
      "Target": "Parameter",
      "Id": "Param139",
      "FadeInTime": -1.0,
      "FadeOutTime": -1.0,
      "Segments": [
        0,
        1,
        2,
        1.383,
        1,
        0,
        1.4,
        0,
        2,
        3.4,
        0
      ]
    },
    {
      "Target": "Parameter",
      "Id": "Param136",
      "FadeInTime": -1.0,
      "FadeOutTime": -1.0,
      "Segments": [
        0,
        1,
        2,
        1.383,
        1,
        0,
        1.4,
        0,
        2,
        3.4,
        0
      ]
    },
    {
      "Target": "Parameter",
      "Id": "Param21",
      "FadeInTime": -1.0,
      "FadeOutTime": -1.0,
      "Segments": [
        0,
        30,
        2,
        1.383,
        30,
        0,
        1.4,
        0,
        2,
        3.4,
        0
      ]
    },
    {
      "Target": "Parameter",
      "Id": "Param130",
      "FadeInTime": -1.0,
      "FadeOutTime": -1.0,
      "Segments": [
        0,
        0,
        2,
        1.383,
        0,
        0,
        1.4,
        1,
        2,
        3.4,
        1
      ]
    },
    {
      "Target": "Parameter",
      "Id": "Param137",
      "FadeInTime": -1.0,
      "FadeOutTime": -1.0,
      "Segments": [
        0,
        1,
        2,
        1.383,
        1,
        0,
        1.4,
        0,
        2,
        3.4,
        0
      ]
    },
    {
      "Target": "Parameter",
      "Id": "Param93",
      "FadeInTime": -1.0,
      "FadeOutTime": -1.0,
      "Segments": [
        0,
        -1.526,
        0,
        0.483,
        -25.42,
        2,
        1.383,
        -25.42,
        0,
        1.4,
        0,
        2,
        3.4,
        0
      ]
    },
    {
      "Target": "Parameter",
      "Id": "Param77",
      "FadeInTime": -1.0,
      "FadeOutTime": -1.0,
      "Segments": [
        0,
        0,
        2,
        0.483,
        0,
        0,
        1.383,
        -30,
        0,
        3.4,
        0
      ]
    },
    {
      "Target": "Parameter",
      "Id": "Param112",
      "FadeInTime": -1.0,
      "FadeOutTime": -1.0,
      "Segments": [
        0,
        45.97,
        2,
        0.483,
        45.97,
        1,
        0.789,
        45.97,
        1.094,
        4.095,
        1.4,
        1.183,
        1,
        1.611,
        -0.829,
        1.822,
        -0.165,
        2.033,
        -0.165,
        0,
        3.4,
        4.169
      ]
    },
    {
      "Target": "Parameter",
      "Id": "Param113",
      "FadeInTime": -1.0,
      "FadeOutTime": -1.0,
      "Segments": [
        0,
        -16.431,
        2,
        0.483,
        -16.431,
        1,
        0.722,
        -16.431,
        0.961,
        -12.538,
        1.2,
        -7.771,
        1,
        1.544,
        -0.898,
        1.889,
        1.437,
        2.233,
        1.437,
        0,
        3.2,
        0.405,
        0,
        3.4,
        0.435
      ]
    },
    {
      "Target": "Parameter",
      "Id": "Param114",
      "FadeInTime": -1.0,
      "FadeOutTime": -1.0,
      "Segments": [
        0,
        1.41,
        2,
        0.483,
        1.41,
        0,
        1.25,
        6.585,
        1,
        1.3,
        6.585,
        1.35,
        0.539,
        1.4,
        0.386,
        1,
        1.811,
        -0.873,
        2.222,
        -1.308,
        2.633,
        -1.308,
        0,
        3.4,
        -0.481
      ]
    },
    {
      "Target": "Parameter",
      "Id": "Param115",
      "FadeInTime": -1.0,
      "FadeOutTime": -1.0,
      "Segments": [
        0,
        3.33,
        2,
        0.483,
        3.33,
        0,
        0.783,
        -30,
        0,
        1.25,
        30,
        1,
        1.3,
        30,
        1.35,
        -1.384,
        1.4,
        -1.835,
        1,
        1.644,
        -4.042,
        1.889,
        -4.627,
        2.133,
        -4.627,
        0,
        3.4,
        1.741
      ]
    },
    {
      "Target": "Parameter",
      "Id": "Param145",
      "FadeInTime": -1.0,
      "FadeOutTime": -1.0,
      "Segments": [
        0,
        -0.297,
        2,
        0.483,
        -0.297,
        2,
        1.383,
        -0.297,
        0,
        1.4,
        0,
        2,
        3.4,
        0
      ]
    },
    {
      "Target": "Parameter",
      "Id": "Param125",
      "FadeInTime": -1.0,
      "FadeOutTime": -1.0,
      "Segments": [
        0,
        1,
        2,
        0.483,
        1,
        2,
        1.383,
        1,
        0,
        1.4,
        0,
        2,
        3.4,
        0
      ]
    },
    {
      "Target": "Parameter",
      "Id": "Param166",
      "FadeInTime": -1.0,
      "FadeOutTime": -1.0,
      "Segments": [
        0,
        0.38,
        2,
        0.483,
        0.38,
        2,
        1.383,
        0.38,
        0,
        1.4,
        0,
        2,
        3.4,
        0
      ]
    },
    {
      "Target": "Parameter",
      "Id": "Param188",
      "FadeInTime": -1.0,
      "FadeOutTime": -1.0,
      "Segments": [
        0,
        1,
        2,
        0.483,
        1,
        2,
        1.383,
        1,
        0,
        1.4,
        0,
        2,
        3.4,
        0
      ]
    },
    {
      "Target": "Parameter",
      "Id": "Param147",
      "FadeInTime": -1.0,
      "FadeOutTime": -1.0,
      "Segments": [
        0,
        0.958,
        0,
        3.4,
        0
      ]
    },
    {
      "Target": "Parameter",
      "Id": "LHandSwi7",
      "FadeInTime": -1.0,
      "FadeOutTime": -1.0,
      "Segments": [
        0,
        1,
        2,
        1.2,
        1,
        0,
        1.817,
        0,
        2,
        3.4,
        0
      ]
    },
    {
      "Target": "Parameter",
      "Id": "LHandSwi6",
      "FadeInTime": -1.0,
      "FadeOutTime": -1.0,
      "Segments": [
        0,
        1,
        2,
        1.2,
        1,
        0,
        1.817,
        0,
        2,
        3.4,
        0
      ]
    },
    {
      "Target": "Parameter",
      "Id": "Param180",
      "FadeInTime": -1.0,
      "FadeOutTime": -1.0,
      "Segments": [
        0,
        10,
        0,
        3.4,
        0
      ]
    },
    {
      "Target": "Parameter",
      "Id": "Param116",
      "FadeInTime": -1.0,
      "FadeOutTime": -1.0,
      "Segments": [
        0,
        -15.779,
        1,
        0.128,
        -15.779,
        0.255,
        -1.106,
        0.383,
        -0.428,
        1,
        0.911,
        2.373,
        1.439,
        3.015,
        1.967,
        3.015,
        0,
        3.4,
        0.244
      ]
    },
    {
      "Target": "Parameter",
      "Id": "Param117",
      "FadeInTime": -1.0,
      "FadeOutTime": -1.0,
      "Segments": [
        0,
        21.95,
        1,
        0.4,
        21.95,
        0.8,
        20.999,
        1.2,
        13.974,
        1,
        1.45,
        9.583,
        1.7,
        -0.072,
        1.95,
        -0.072,
        0,
        3.133,
        0.52,
        0,
        3.4,
        0.46
      ]
    },
    {
      "Target": "Parameter",
      "Id": "Param118",
      "FadeInTime": -1.0,
      "FadeOutTime": -1.0,
      "Segments": [
        0,
        9.121,
        0,
        0.6,
        -1.307,
        0,
        2.267,
        1.183,
        0,
        3.4,
        -0.309
      ]
    },
    {
      "Target": "Parameter",
      "Id": "Param119",
      "FadeInTime": -1.0,
      "FadeOutTime": -1.0,
      "Segments": [
        0,
        20.182,
        0,
        0.2,
        -8.323,
        0,
        1.7,
        8.199,
        0,
        3.4,
        -7.32
      ]
    },
    {
      "Target": "Parameter",
      "Id": "ParamLArm8",
      "FadeInTime": -1.0,
      "FadeOutTime": -1.0,
      "Segments": [
        0,
        26.295,
        0,
        0.583,
        30,
        0,
        1.033,
        -30,
        0,
        3.4,
        0
      ]
    },
    {
      "Target": "Parameter",
      "Id": "Param189",
      "FadeInTime": -1.0,
      "FadeOutTime": -1.0,
      "Segments": [
        0,
        -1.888,
        2,
        1.25,
        -1.888,
        0,
        1.517,
        -5.049,
        1,
        1.689,
        -5.049,
        1.861,
        -3.303,
        2.033,
        -0.377,
        1,
        2.161,
        1.794,
        2.289,
        2.634,
        2.417,
        2.634,
        0,
        2.917,
        0,
        2,
        3.4,
        0
      ]
    },
    {
      "Target": "Parameter",
      "Id": "Param41",
      "FadeInTime": -1.0,
      "FadeOutTime": -1.0,
      "Segments": [
        0,
        1,
        2,
        1.25,
        1,
        2,
        1.833,
        1,
        0,
        2.15,
        0,
        2,
        2.917,
        0,
        2,
        3.4,
        0
      ]
    },
    {
      "Target": "Parameter",
      "Id": "Param11",
      "FadeInTime": -1.0,
      "FadeOutTime": -1.0,
      "Segments": [
        0,
        -1.704,
        2,
        1.25,
        -1.704,
        0,
        1.55,
        -2.179,
        1,
        1.717,
        -2.179,
        1.883,
        -0.588,
        2.05,
        -0.377,
        1,
        2.339,
        -0.011,
        2.628,
        -0.005,
        2.917,
        -0.005,
        2,
        3.4,
        -0.005
      ]
    },
    {
      "Target": "Parameter",
      "Id": "Param13",
      "FadeInTime": -1.0,
      "FadeOutTime": -1.0,
      "Segments": [
        0,
        0,
        0,
        0.983,
        2.22,
        1,
        1.072,
        2.22,
        1.161,
        1.386,
        1.25,
        0,
        1,
        1.35,
        -1.559,
        1.45,
        -3.268,
        1.55,
        -4.428,
        1,
        1.717,
        -6.362,
        1.883,
        -7,
        2.05,
        -7,
        0,
        2.917,
        -1.669,
        2,
        3.4,
        -1.669
      ]
    },
    {
      "Target": "Parameter",
      "Id": "Param15",
      "FadeInTime": -1.0,
      "FadeOutTime": -1.0,
      "Segments": [
        0,
        -2.764,
        0,
        0.467,
        -4,
        0,
        1.25,
        0,
        0,
        1.8,
        -7,
        0,
        2.417,
        4,
        0,
        2.917,
        -1.522,
        2,
        3.4,
        -1.522
      ]
    },
    {
      "Target": "Parameter",
      "Id": "Param33",
      "FadeInTime": -1.0,
      "FadeOutTime": -1.0,
      "Segments": [
        0,
        0,
        2,
        1.25,
        0,
        2,
        2.017,
        0,
        0,
        2.033,
        1,
        2,
        2.917,
        1,
        2,
        3.4,
        1
      ]
    },
    {
      "Target": "Parameter",
      "Id": "Param34",
      "FadeInTime": -1.0,
      "FadeOutTime": -1.0,
      "Segments": [
        0,
        1,
        2,
        1.25,
        1,
        2,
        2.017,
        1,
        0,
        2.033,
        0,
        2,
        2.917,
        0,
        2,
        3.4,
        0
      ]
    },
    {
      "Target": "Parameter",
      "Id": "Param183",
      "FadeInTime": -1.0,
      "FadeOutTime": -1.0,
      "Segments": [
        0,
        1,
        2,
        1.25,
        1,
        2,
        2.033,
        1,
        0,
        2.217,
        0,
        2,
        2.917,
        0,
        2,
        3.4,
        0
      ]
    },
    {
      "Target": "Parameter",
      "Id": "Param185",
      "FadeInTime": -1.0,
      "FadeOutTime": -1.0,
      "Segments": [
        0,
        1,
        2,
        1.25,
        1,
        2,
        2.283,
        1,
        0,
        2.65,
        0,
        2,
        2.917,
        0,
        2,
        3.4,
        0
      ]
    },
    {
      "Target": "Parameter",
      "Id": "Param186",
      "FadeInTime": -1.0,
      "FadeOutTime": -1.0,
      "Segments": [
        0,
        0,
        2,
        1.25,
        0,
        2,
        1.683,
        0,
        1,
        1.794,
        0,
        1.906,
        0.483,
        2.017,
        2.906,
        1,
        2.078,
        4.238,
        2.139,
        8.251,
        2.2,
        10.492,
        1,
        2.261,
        12.733,
        2.322,
        13.516,
        2.383,
        13.516,
        1,
        2.444,
        13.516,
        2.506,
        2.641,
        2.567,
        1.762,
        1,
        2.684,
        0.084,
        2.8,
        0,
        2.917,
        0,
        2,
        3.4,
        0
      ]
    },
    {
      "Target": "Parameter",
      "Id": "Param31",
      "FadeInTime": -1.0,
      "FadeOutTime": -1.0,
      "Segments": [
        0,
        -29.976,
        2,
        1.25,
        -29.976,
        1,
        1.456,
        -29.976,
        1.661,
        -29.769,
        1.867,
        -28.01,
        1,
        1.967,
        -27.154,
        2.067,
        -23.493,
        2.167,
        -19,
        1,
        2.25,
        -15.256,
        2.334,
        0,
        2.417,
        0,
        2,
        2.667,
        0,
        0,
        2.917,
        -1.62,
        2,
        3.4,
        -1.62
      ]
    },
    {
      "Target": "Parameter",
      "Id": "Param12",
      "FadeInTime": -1.0,
      "FadeOutTime": -1.0,
      "Segments": [
        0,
        -29.952,
        2,
        1.25,
        -29.952,
        0,
        1.3,
        -30,
        1,
        1.589,
        -30,
        1.878,
        -21.669,
        2.167,
        -0.213,
        1,
        2.25,
        5.976,
        2.334,
        13,
        2.417,
        13,
        1,
        2.5,
        13,
        2.584,
        0.277,
        2.667,
        0,
        1,
        2.75,
        -0.277,
        2.834,
        -0.213,
        2.917,
        -0.213,
        2,
        3.4,
        -0.213
      ]
    },
    {
      "Target": "Parameter",
      "Id": "Param14",
      "FadeInTime": -1.0,
      "FadeOutTime": -1.0,
      "Segments": [
        0,
        9,
        0,
        0.983,
        7.32,
        0,
        1.25,
        9,
        0,
        1.867,
        -25,
        1,
        1.928,
        -25,
        1.989,
        -24.036,
        2.05,
        -22,
        1,
        2.089,
        -20.704,
        2.128,
        -20.151,
        2.167,
        -18,
        1,
        2.206,
        -15.849,
        2.244,
        6.369,
        2.283,
        9,
        1,
        2.328,
        12.007,
        2.372,
        12,
        2.417,
        12,
        0,
        2.667,
        -12,
        0,
        2.917,
        -4.344,
        2,
        3.4,
        -4.344
      ]
    },
    {
      "Target": "Parameter",
      "Id": "Param16",
      "FadeInTime": -1.0,
      "FadeOutTime": -1.0,
      "Segments": [
        0,
        1.36,
        0,
        0.467,
        2,
        1,
        0.728,
        2,
        0.989,
        1.14,
        1.25,
        -2.4,
        1,
        1.317,
        -3.304,
        1.383,
        -12.585,
        1.45,
        -12.585,
        1,
        1.689,
        -12.585,
        1.928,
        3.948,
        2.167,
        13.335,
        1,
        2.206,
        14.863,
        2.244,
        14,
        2.283,
        14,
        0,
        2.6,
        -10,
        0,
        2.917,
        -2.416,
        2,
        3.4,
        -2.416
      ]
    },
    {
      "Target": "Parameter",
      "Id": "Param32",
      "FadeInTime": -1.0,
      "FadeOutTime": -1.0,
      "Segments": [
        0,
        4.844,
        2,
        1.25,
        4.844,
        2,
        2.417,
        4.844,
        0,
        2.467,
        0,
        2,
        2.917,
        0,
        2,
        3.4,
        0
      ]
    },
    {
      "Target": "Parameter",
      "Id": "Param190",
      "FadeInTime": -1.0,
      "FadeOutTime": -1.0,
      "Segments": [
        0,
        0,
        2,
        1.25,
        0,
        2,
        1.333,
        0,
        0,
        2.133,
        1,
        0,
        2.383,
        0,
        2,
        2.917,
        0,
        2,
        3.4,
        0
      ]
    },
    {
      "Target": "Parameter",
      "Id": "Param205",
      "FadeInTime": -1.0,
      "FadeOutTime": -1.0,
      "Segments": [
        0,
        0,
        2,
        1.25,
        0,
        2,
        1.817,
        0,
        0,
        1.933,
        1,
        2,
        2.917,
        1,
        2,
        3.4,
        1
      ]
    },
    {
      "Target": "Parameter",
      "Id": "Param206",
      "FadeInTime": -1.0,
      "FadeOutTime": -1.0,
      "Segments": [
        0,
        1,
        2,
        1.25,
        1,
        2,
        1.867,
        1,
        0,
        1.983,
        0,
        2,
        2.917,
        0,
        2,
        3.4,
        0
      ]
    },
    {
      "Target": "Parameter",
      "Id": "Param36",
      "FadeInTime": -1.0,
      "FadeOutTime": -1.0,
      "Segments": [
        0,
        30,
        2,
        1.25,
        30,
        2,
        1.967,
        30,
        0,
        2.233,
        0,
        2,
        2.917,
        0,
        2,
        3.4,
        0
      ]
    },
    {
      "Target": "Parameter",
      "Id": "Param47",
      "FadeInTime": -1.0,
      "FadeOutTime": -1.0,
      "Segments": [
        0,
        1.616,
        0,
        0.65,
        -0.053,
        1,
        0.883,
        -0.053,
        1.117,
        -0.029,
        1.35,
        0,
        1,
        1.678,
        0.04,
        2.005,
        0.053,
        2.333,
        0.053,
        1,
        2.666,
        0.053,
        3,
        0.036,
        3.333,
        0,
        1,
        3.355,
        -0.002,
        3.378,
        -0.007,
        3.4,
        -0.007
      ]
    },
    {
      "Target": "Parameter",
      "Id": "Param48",
      "FadeInTime": -1.0,
      "FadeOutTime": -1.0,
      "Segments": [
        0,
        -0.66,
        1,
        0.217,
        -0.66,
        0.433,
        -0.319,
        0.65,
        4.024,
        1,
        0.883,
        8.701,
        1.117,
        15.214,
        1.35,
        15.214,
        1,
        1.678,
        15.214,
        2.005,
        11.421,
        2.333,
        4.024,
        1,
        2.666,
        -3.499,
        3,
        -7.168,
        3.333,
        -7.168,
        0,
        3.4,
        -7.118
      ]
    },
    {
      "Target": "Parameter",
      "Id": "Param29",
      "FadeInTime": -1.0,
      "FadeOutTime": -1.0,
      "Segments": [
        0,
        -2.391,
        1,
        0.233,
        -2.391,
        0.467,
        -2.364,
        0.7,
        0,
        1,
        0.933,
        2.364,
        1.167,
        6.931,
        1.4,
        6.931,
        1,
        1.733,
        6.931,
        2.067,
        4.621,
        2.4,
        0,
        1,
        2.733,
        -4.621,
        3.067,
        -6.931,
        3.4,
        -6.931
      ]
    },
    {
      "Target": "Parameter",
      "Id": "Param30",
      "FadeInTime": -1.0,
      "FadeOutTime": -1.0,
      "Segments": [
        0,
        -5.454,
        0,
        0.7,
        6.931,
        1,
        0.933,
        6.931,
        1.167,
        3.688,
        1.4,
        0,
        1,
        1.733,
        -5.268,
        2.067,
        -6.931,
        2.4,
        -6.931,
        0,
        3.4,
        0
      ]
    },
    {
      "Target": "Parameter",
      "Id": "Param9",
      "FadeInTime": -1.0,
      "FadeOutTime": -1.0,
      "Segments": [
        0,
        -2.798,
        1,
        0.206,
        -2.798,
        0.411,
        -2.614,
        0.617,
        0,
        1,
        0.85,
        2.967,
        1.084,
        6.931,
        1.317,
        6.931,
        1,
        1.645,
        6.931,
        1.972,
        4.582,
        2.3,
        0,
        1,
        2.633,
        -4.659,
        2.967,
        -6.931,
        3.3,
        -6.931,
        0,
        3.4,
        -6.861
      ]
    },
    {
      "Target": "Parameter",
      "Id": "Param10",
      "FadeInTime": -1.0,
      "FadeOutTime": -1.0,
      "Segments": [
        0,
        -5.357,
        0,
        0.617,
        6.931,
        1,
        0.85,
        6.931,
        1.084,
        3.735,
        1.317,
        0,
        1,
        1.645,
        -5.246,
        1.972,
        -6.931,
        2.3,
        -6.931,
        1,
        2.633,
        -6.931,
        2.967,
        -4.826,
        3.3,
        0,
        1,
        3.333,
        0.483,
        3.367,
        1.318,
        3.4,
        1.318
      ]
    },
    {
      "Target": "Parameter",
      "Id": "Param42",
      "FadeInTime": -1.0,
      "FadeOutTime": -1.0,
      "Segments": [
        0,
        -5.524,
        1,
        0.178,
        -5.524,
        0.355,
        -3.589,
        0.533,
        0,
        1,
        0.766,
        4.71,
        1,
        6.931,
        1.233,
        6.931,
        1,
        1.544,
        6.931,
        1.856,
        4.456,
        2.167,
        0,
        1,
        2.5,
        -4.774,
        2.834,
        -6.931,
        3.167,
        -6.931,
        0,
        3.4,
        -6.553
      ]
    },
    {
      "Target": "Parameter",
      "Id": "Param43",
      "FadeInTime": -1.0,
      "FadeOutTime": -1.0,
      "Segments": [
        0,
        -3.821,
        0,
        0.533,
        6.931,
        1,
        0.766,
        6.931,
        1,
        3.88,
        1.233,
        0,
        1,
        1.544,
        -5.173,
        1.856,
        -6.931,
        2.167,
        -6.931,
        1,
        2.5,
        -6.931,
        2.834,
        -5.029,
        3.167,
        0,
        1,
        3.245,
        1.174,
        3.322,
        2.858,
        3.4,
        2.858
      ]
    },
    {
      "Target": "Parameter",
      "Id": "Param44",
      "FadeInTime": -1.0,
      "FadeOutTime": -1.0,
      "Segments": [
        0,
        -6.536,
        1,
        0.156,
        -6.536,
        0.311,
        -3.486,
        0.467,
        0,
        1,
        0.7,
        5.228,
        0.934,
        6.931,
        1.167,
        6.931,
        1,
        1.467,
        6.931,
        1.767,
        4.365,
        2.067,
        0,
        1,
        2.4,
        -4.85,
        2.734,
        -6.931,
        3.067,
        -6.931,
        0,
        3.4,
        -6.162
      ]
    },
    {
      "Target": "Parameter",
      "Id": "Param45",
      "FadeInTime": -1.0,
      "FadeOutTime": -1.0,
      "Segments": [
        0,
        -0.886,
        0,
        0.467,
        6.931,
        1,
        0.7,
        6.931,
        0.934,
        3.979,
        1.167,
        0,
        1,
        1.467,
        -5.116,
        1.767,
        -6.931,
        2.067,
        -6.931,
        1,
        2.4,
        -6.931,
        2.734,
        -5.128,
        3.067,
        0,
        1,
        3.178,
        1.709,
        3.289,
        3.847,
        3.4,
        3.847
      ]
    },
    {
      "Target": "Parameter",
      "Id": "ParamRHWl1",
      "FadeInTime": -1.0,
      "FadeOutTime": -1.0,
      "Segments": [
        0,
        -12.97,
        0,
        0.383,
        -19.097,
        1,
        0.616,
        -19.097,
        0.85,
        -11.092,
        1.083,
        0,
        1,
        1.378,
        13.997,
        1.672,
        19.097,
        1.967,
        19.097,
        1,
        2.3,
        19.097,
        2.634,
        14.24,
        2.967,
        0,
        1,
        3.111,
        -6.17,
        3.256,
        -12.97,
        3.4,
        -12.97
      ]
    },
    {
      "Target": "Parameter",
      "Id": "ParamRHWl2",
      "FadeInTime": -1.0,
      "FadeOutTime": -1.0,
      "Segments": [
        0,
        -15.507,
        1,
        0.128,
        -15.507,
        0.255,
        -7.844,
        0.383,
        0,
        1,
        0.616,
        14.324,
        0.85,
        19.097,
        1.083,
        19.097,
        1,
        1.378,
        19.097,
        1.672,
        11.893,
        1.967,
        0,
        1,
        2.3,
        -13.463,
        2.634,
        -19.097,
        2.967,
        -19.097,
        0,
        3.4,
        -15.507
      ]
    },
    {
      "Target": "Parameter",
      "Id": "ParamRHWl3",
      "FadeInTime": -1.0,
      "FadeOutTime": -1.0,
      "Segments": [
        0,
        18.316,
        0,
        0.317,
        23.419,
        1,
        0.55,
        23.419,
        0.784,
        13.953,
        1.017,
        0,
        1,
        1.3,
        -16.943,
        1.584,
        -23.419,
        1.867,
        -23.419,
        1,
        2.2,
        -23.419,
        2.534,
        -17.488,
        2.867,
        0,
        1,
        3.045,
        9.327,
        3.222,
        18.316,
        3.4,
        18.316
      ]
    },
    {
      "Target": "Parameter",
      "Id": "ParamRHWl4",
      "FadeInTime": -1.0,
      "FadeOutTime": -1.0,
      "Segments": [
        0,
        16.76,
        1,
        0.106,
        16.76,
        0.211,
        7.929,
        0.317,
        0,
        1,
        0.55,
        -17.527,
        0.784,
        -23.419,
        1.017,
        -23.419,
        1,
        1.3,
        -23.419,
        1.584,
        -14.242,
        1.867,
        0,
        1,
        2.2,
        16.755,
        2.534,
        23.419,
        2.867,
        23.419,
        0,
        3.4,
        16.76
      ]
    },
    {
      "Target": "Parameter",
      "Id": "Param87",
      "FadeInTime": -1.0,
      "FadeOutTime": -1.0,
      "Segments": [
        0,
        -18.332,
        0,
        0.133,
        -19.097,
        1,
        0.366,
        -19.097,
        0.6,
        -12.125,
        0.833,
        0,
        1,
        1.089,
        13.279,
        1.344,
        19.097,
        1.6,
        19.097,
        1,
        1.933,
        19.097,
        2.267,
        13.739,
        2.6,
        0,
        1,
        2.867,
        -10.991,
        3.133,
        -18.332,
        3.4,
        -18.332
      ]
    },
    {
      "Target": "Parameter",
      "Id": "Param88",
      "FadeInTime": -1.0,
      "FadeOutTime": -1.0,
      "Segments": [
        0,
        -6.881,
        1,
        0.044,
        -6.881,
        0.089,
        -2.608,
        0.133,
        0,
        1,
        0.366,
        13.693,
        0.6,
        19.097,
        0.833,
        19.097,
        1,
        1.089,
        19.097,
        1.344,
        10.842,
        1.6,
        0,
        1,
        1.933,
        -14.142,
        2.267,
        -19.097,
        2.6,
        -19.097,
        0,
        3.4,
        -6.881
      ]
    },
    {
      "Target": "Parameter",
      "Id": "Param89",
      "FadeInTime": -1.0,
      "FadeOutTime": -1.0,
      "Segments": [
        0,
        -19.076,
        0,
        0.017,
        -19.097,
        1,
        0.25,
        -19.097,
        0.484,
        -12.58,
        0.717,
        0,
        1,
        0.956,
        12.879,
        1.194,
        19.097,
        1.433,
        19.097,
        1,
        1.766,
        19.097,
        2.1,
        12.936,
        2.433,
        0,
        1,
        2.755,
        -12.505,
        3.078,
        -19.076,
        3.4,
        -19.076
      ]
    },
    {
      "Target": "Parameter",
      "Id": "Param90",
      "FadeInTime": -1.0,
      "FadeOutTime": -1.0,
      "Segments": [
        0,
        -1.247,
        1,
        0.006,
        -1.247,
        0.011,
        -0.307,
        0.017,
        0,
        1,
        0.25,
        12.9,
        0.484,
        19.097,
        0.717,
        19.097,
        1,
        0.956,
        19.097,
        1.194,
        10.321,
        1.433,
        0,
        1,
        1.766,
        -14.401,
        2.1,
        -19.097,
        2.433,
        -19.097,
        0,
        3.4,
        -1.247
      ]
    },
    {
      "Target": "Parameter",
      "Id": "Param94",
      "FadeInTime": -1.0,
      "FadeOutTime": -1.0,
      "Segments": [
        0,
        -16.979,
        1,
        0.156,
        -16.979,
        0.311,
        -9.407,
        0.467,
        0,
        1,
        0.7,
        14.11,
        0.934,
        19.097,
        1.167,
        19.097,
        1,
        1.467,
        19.097,
        1.767,
        12.025,
        2.067,
        0,
        1,
        2.4,
        -13.361,
        2.734,
        -19.097,
        3.067,
        -19.097,
        0,
        3.4,
        -16.979
      ]
    },
    {
      "Target": "Parameter",
      "Id": "Param95",
      "FadeInTime": -1.0,
      "FadeOutTime": -1.0,
      "Segments": [
        0,
        10.601,
        0,
        0.467,
        19.097,
        1,
        0.7,
        19.097,
        0.934,
        10.95,
        1.167,
        0,
        1,
        1.467,
        -14.079,
        1.767,
        -19.097,
        2.067,
        -19.097,
        1,
        2.4,
        -19.097,
        2.734,
        -14.083,
        3.067,
        0,
        1,
        3.178,
        4.694,
        3.289,
        10.601,
        3.4,
        10.601
      ]
    },
    {
      "Target": "Parameter",
      "Id": "Param17",
      "FadeInTime": -1.0,
      "FadeOutTime": -1.0,
      "Segments": [
        0,
        -9.886,
        1,
        0.233,
        -9.886,
        0.467,
        -6.591,
        0.7,
        0,
        1,
        0.933,
        6.591,
        1.167,
        9.886,
        1.4,
        9.886,
        1,
        1.733,
        9.886,
        2.067,
        6.591,
        2.4,
        0,
        1,
        2.733,
        -6.591,
        3.067,
        -9.886,
        3.4,
        -9.886
      ]
    },
    {
      "Target": "Parameter",
      "Id": "Param18",
      "FadeInTime": -1.0,
      "FadeOutTime": -1.0,
      "Segments": [
        0,
        0,
        0,
        0.7,
        9.886,
        1,
        0.933,
        9.886,
        1.167,
        5.257,
        1.4,
        0,
        1,
        1.733,
        -7.51,
        2.067,
        -9.886,
        2.4,
        -9.886,
        0,
        3.4,
        0
      ]
    },
    {
      "Target": "Parameter",
      "Id": "Param49",
      "FadeInTime": -1.0,
      "FadeOutTime": -1.0,
      "Segments": [
        0,
        -3.711,
        1,
        0.156,
        -3.711,
        0.311,
        -2.253,
        0.467,
        -0.431,
        1,
        0.7,
        2.302,
        0.934,
        3.259,
        1.167,
        3.259,
        1,
        1.467,
        3.259,
        1.767,
        1.893,
        2.067,
        -0.431,
        1,
        2.4,
        -3.013,
        2.734,
        -4.12,
        3.067,
        -4.12,
        0,
        3.4,
        -3.711
      ]
    },
    {
      "Target": "Parameter",
      "Id": "Param50",
      "FadeInTime": -1.0,
      "FadeOutTime": -1.0,
      "Segments": [
        0,
        5.136,
        0,
        0.467,
        7.257,
        1,
        0.711,
        7.257,
        0.956,
        5.224,
        1.2,
        3.116,
        1,
        1.489,
        0.625,
        1.778,
        0,
        2.067,
        0,
        1,
        2.378,
        0,
        2.689,
        0.804,
        3,
        3.116,
        1,
        3.133,
        4.107,
        3.267,
        5.136,
        3.4,
        5.136
      ]
    },
    {
      "Target": "Parameter",
      "Id": "Param53",
      "FadeInTime": -1.0,
      "FadeOutTime": -1.0,
      "Segments": [
        0,
        -16.979,
        1,
        0.156,
        -16.979,
        0.311,
        -9.407,
        0.467,
        0,
        1,
        0.7,
        14.11,
        0.934,
        19.097,
        1.167,
        19.097,
        1,
        1.467,
        19.097,
        1.767,
        12.025,
        2.067,
        0,
        1,
        2.4,
        -13.361,
        2.734,
        -19.097,
        3.067,
        -19.097,
        0,
        3.4,
        -16.979
      ]
    },
    {
      "Target": "Parameter",
      "Id": "Param54",
      "FadeInTime": -1.0,
      "FadeOutTime": -1.0,
      "Segments": [
        0,
        4.727,
        0,
        0.467,
        8.515,
        1,
        0.7,
        8.515,
        0.934,
        4.888,
        1.167,
        0,
        1,
        1.467,
        -6.285,
        1.767,
        -8.515,
        2.067,
        -8.515,
        1,
        2.4,
        -8.515,
        2.734,
        -6.298,
        3.067,
        0,
        1,
        3.178,
        2.099,
        3.289,
        4.727,
        3.4,
        4.727
      ]
    },
    {
      "Target": "Parameter",
      "Id": "Param57",
      "FadeInTime": -1.0,
      "FadeOutTime": -1.0,
      "Segments": [
        0,
        0,
        1,
        0.239,
        0,
        0.478,
        -0.092,
        0.717,
        2.524,
        1,
        0.934,
        4.897,
        1.15,
        12,
        1.367,
        12,
        1,
        1.722,
        12,
        2.078,
        5.402,
        2.433,
        2.489,
        1,
        2.755,
        -0.151,
        3.078,
        0,
        3.4,
        0
      ]
    },
    {
      "Target": "Parameter",
      "Id": "ParamZbWl1",
      "FadeInTime": -1.0,
      "FadeOutTime": -1.0,
      "Segments": [
        0,
        -11.873,
        1,
        0.161,
        -11.873,
        0.322,
        -6.65,
        0.483,
        0,
        1,
        0.716,
        9.632,
        0.95,
        13.046,
        1.183,
        13.046,
        1,
        1.489,
        13.046,
        1.794,
        8.303,
        2.1,
        0,
        1,
        2.433,
        -9.057,
        2.767,
        -13.046,
        3.1,
        -13.046,
        0,
        3.4,
        -11.873
      ]
    },
    {
      "Target": "Parameter",
      "Id": "ParamZbWl2",
      "FadeInTime": -1.0,
      "FadeOutTime": -1.0,
      "Segments": [
        0,
        6.65,
        0,
        0.483,
        13.046,
        1,
        0.716,
        13.046,
        0.95,
        7.39,
        1.183,
        0,
        1,
        1.489,
        -9.677,
        1.794,
        -13.046,
        2.1,
        -13.046,
        1,
        2.433,
        -13.046,
        2.767,
        -9.583,
        3.1,
        0,
        1,
        3.2,
        2.875,
        3.3,
        6.65,
        3.4,
        6.65
      ]
    },
    {
      "Target": "Parameter",
      "Id": "ParamZbWl3",
      "FadeInTime": -1.0,
      "FadeOutTime": -1.0,
      "Segments": [
        0,
        -9.337,
        1,
        0.106,
        -9.337,
        0.211,
        -4.426,
        0.317,
        0,
        1,
        0.55,
        9.783,
        0.784,
        13.046,
        1.017,
        13.046,
        1,
        1.3,
        13.046,
        1.584,
        7.937,
        1.867,
        0,
        1,
        2.2,
        -9.338,
        2.534,
        -13.046,
        2.867,
        -13.046,
        0,
        3.4,
        -9.337
      ]
    },
    {
      "Target": "Parameter",
      "Id": "ParamZbWl4",
      "FadeInTime": -1.0,
      "FadeOutTime": -1.0,
      "Segments": [
        0,
        10.203,
        0,
        0.317,
        13.046,
        1,
        0.55,
        13.046,
        0.784,
        7.777,
        1.017,
        0,
        1,
        1.3,
        -9.444,
        1.584,
        -13.046,
        1.867,
        -13.046,
        1,
        2.2,
        -13.046,
        2.534,
        -9.76,
        2.867,
        0,
        1,
        3.045,
        5.205,
        3.222,
        10.203,
        3.4,
        10.203
      ]
    },
    {
      "Target": "Parameter",
      "Id": "ParamZbWl5",
      "FadeInTime": -1.0,
      "FadeOutTime": -1.0,
      "Segments": [
        0,
        -5.379,
        1,
        0.05,
        -5.379,
        0.1,
        -2.026,
        0.15,
        0,
        1,
        0.383,
        9.456,
        0.617,
        13.046,
        0.85,
        13.046,
        1,
        1.111,
        13.046,
        1.372,
        7.523,
        1.633,
        0,
        1,
        1.966,
        -9.604,
        2.3,
        -13.046,
        2.633,
        -13.046,
        0,
        3.4,
        -5.379
      ]
    },
    {
      "Target": "Parameter",
      "Id": "ParamZbWl6",
      "FadeInTime": -1.0,
      "FadeOutTime": -1.0,
      "Segments": [
        0,
        12.335,
        0,
        0.15,
        13.046,
        1,
        0.383,
        13.046,
        0.617,
        8.181,
        0.85,
        0,
        1,
        1.111,
        -9.155,
        1.372,
        -13.046,
        1.633,
        -13.046,
        1,
        1.966,
        -13.046,
        2.3,
        -9.469,
        2.633,
        0,
        1,
        2.889,
        7.26,
        3.144,
        12.335,
        3.4,
        12.335
      ]
    },
    {
      "Target": "Parameter",
      "Id": "Param19",
      "FadeInTime": -1.0,
      "FadeOutTime": -1.0,
      "Segments": [
        0,
        -6.029,
        1,
        0.061,
        -6.029,
        0.122,
        -2.492,
        0.183,
        0,
        1,
        0.416,
        9.515,
        0.65,
        13.046,
        0.883,
        13.046,
        1,
        1.144,
        13.046,
        1.406,
        7.523,
        1.667,
        0,
        1,
        2,
        -9.604,
        2.334,
        -13.046,
        2.667,
        -13.046,
        0,
        3.4,
        -6.029
      ]
    },
    {
      "Target": "Parameter",
      "Id": "ParamZbWl7",
      "FadeInTime": -1.0,
      "FadeOutTime": -1.0,
      "Segments": [
        0,
        0,
        2,
        0.033,
        0,
        0,
        0.733,
        4.303,
        1,
        0.972,
        4.303,
        1.211,
        2.331,
        1.45,
        0,
        1,
        1.783,
        -3.253,
        2.117,
        -4.303,
        2.45,
        -4.303,
        1,
        2.706,
        -4.303,
        2.961,
        -3.596,
        3.217,
        -1.774,
        1,
        3.256,
        -1.497,
        3.294,
        -0.726,
        3.333,
        0,
        1,
        3.355,
        0.415,
        3.378,
        1.05,
        3.4,
        1.05
      ]
    },
    {
      "Target": "Parameter",
      "Id": "ParamZbWl8",
      "FadeInTime": -1.0,
      "FadeOutTime": -1.0,
      "Segments": [
        0,
        0,
        0,
        0.033,
        6.3,
        1,
        0.266,
        6.3,
        0.5,
        4.15,
        0.733,
        0,
        1,
        0.972,
        -4.249,
        1.211,
        -6.3,
        1.45,
        -6.3,
        1,
        1.783,
        -6.3,
        2.117,
        -3.306,
        2.45,
        0,
        1,
        2.706,
        2.535,
        2.961,
        4.052,
        3.217,
        5.957,
        1,
        3.256,
        6.247,
        3.294,
        6.3,
        3.333,
        6.3,
        0,
        3.4,
        6.188
      ]
    },
    {
      "Target": "Model",
      "Id": "EyeBlink",
      "FadeInTime": -1.0,
      "FadeOutTime": -1.0,
      "Segments": [
        0,
        1,
        0,
        3.4,
        1
      ]
    },
    {
      "Target": "Model",
      "Id": "LipSync",
      "FadeInTime": -1.0,
      "FadeOutTime": -1.0,
      "Segments": [
        0,
        0,
        0,
        3.4,
        0
      ]
    },
    {
      "Target": "Parameter",
      "Id": "Param216",
      "FadeInTime": -1.0,
      "FadeOutTime": -1.0,
      "Segments": [
        0,
        0,
        0,
        3.4,
        0
      ]
    },
    {
      "Target": "Parameter",
      "Id": "Param210",
      "FadeInTime": -1.0,
      "FadeOutTime": -1.0,
      "Segments": [
        0,
        0,
        0,
        3.4,
        0
      ]
    },
    {
      "Target": "Parameter",
      "Id": "Param217",
      "FadeInTime": -1.0,
      "FadeOutTime": -1.0,
      "Segments": [
        0,
        0,
        0,
        3.4,
        0
      ]
    },
    {
      "Target": "Parameter",
      "Id": "Param219",
      "FadeInTime": -1.0,
      "FadeOutTime": -1.0,
      "Segments": [
        0,
        0,
        0,
        3.4,
        0
      ]
    },
    {
      "Target": "Parameter",
      "Id": "Param218",
      "FadeInTime": -1.0,
      "FadeOutTime": -1.0,
      "Segments": [
        0,
        0,
        0,
        3.4,
        0
      ]
    },
    {
      "Target": "Parameter",
      "Id": "Param7",
      "FadeInTime": -1.0,
      "FadeOutTime": -1.0,
      "Segments": [
        0,
        0,
        0,
        3.4,
        0
      ]
    },
    {
      "Target": "Parameter",
      "Id": "Param8",
      "FadeInTime": -1.0,
      "FadeOutTime": -1.0,
      "Segments": [
        0,
        0,
        0,
        3.4,
        0
      ]
    },
    {
      "Target": "Parameter",
      "Id": "Param155",
      "FadeInTime": -1.0,
      "FadeOutTime": -1.0,
      "Segments": [
        0,
        1,
        0,
        3.4,
        1
      ]
    },
    {
      "Target": "Parameter",
      "Id": "Param158",
      "FadeInTime": -1.0,
      "FadeOutTime": -1.0,
      "Segments": [
        0,
        0,
        0,
        3.4,
        0
      ]
    },
    {
      "Target": "Parameter",
      "Id": "Param156",
      "FadeInTime": -1.0,
      "FadeOutTime": -1.0,
      "Segments": [
        0,
        0,
        0,
        3.4,
        0
      ]
    },
    {
      "Target": "Parameter",
      "Id": "Param160",
      "FadeInTime": -1.0,
      "FadeOutTime": -1.0,
      "Segments": [
        0,
        0,
        0,
        3.4,
        0
      ]
    },
    {
      "Target": "Parameter",
      "Id": "Param162",
      "FadeInTime": -1.0,
      "FadeOutTime": -1.0,
      "Segments": [
        0,
        0,
        0,
        3.4,
        0
      ]
    },
    {
      "Target": "Parameter",
      "Id": "Param161",
      "FadeInTime": -1.0,
      "FadeOutTime": -1.0,
      "Segments": [
        0,
        0,
        0,
        3.4,
        0
      ]
    },
    {
      "Target": "Parameter",
      "Id": "Param159",
      "FadeInTime": -1.0,
      "FadeOutTime": -1.0,
      "Segments": [
        0,
        0,
        0,
        3.4,
        0
      ]
    },
    {
      "Target": "Parameter",
      "Id": "Param66",
      "FadeInTime": -1.0,
      "FadeOutTime": -1.0,
      "Segments": [
        0,
        0,
        0,
        3.4,
        0
      ]
    },
    {
      "Target": "Parameter",
      "Id": "Param69",
      "FadeInTime": -1.0,
      "FadeOutTime": -1.0,
      "Segments": [
        0,
        0,
        0,
        3.4,
        0
      ]
    },
    {
      "Target": "Parameter",
      "Id": "Param67",
      "FadeInTime": -1.0,
      "FadeOutTime": -1.0,
      "Segments": [
        0,
        0,
        0,
        3.4,
        0
      ]
    },
    {
      "Target": "Parameter",
      "Id": "Param68",
      "FadeInTime": -1.0,
      "FadeOutTime": -1.0,
      "Segments": [
        0,
        0,
        0,
        3.4,
        0
      ]
    },
    {
      "Target": "Parameter",
      "Id": "Param70",
      "FadeInTime": -1.0,
      "FadeOutTime": -1.0,
      "Segments": [
        0,
        0,
        0,
        3.4,
        0
      ]
    },
    {
      "Target": "Parameter",
      "Id": "Param72",
      "FadeInTime": -1.0,
      "FadeOutTime": -1.0,
      "Segments": [
        0,
        0,
        0,
        3.4,
        0
      ]
    },
    {
      "Target": "Parameter",
      "Id": "Param71",
      "FadeInTime": -1.0,
      "FadeOutTime": -1.0,
      "Segments": [
        0,
        0,
        0,
        3.4,
        0
      ]
    },
    {
      "Target": "Parameter",
      "Id": "Param73",
      "FadeInTime": -1.0,
      "FadeOutTime": -1.0,
      "Segments": [
        0,
        0,
        0,
        3.4,
        0
      ]
    },
    {
      "Target": "Parameter",
      "Id": "Param74",
      "FadeInTime": -1.0,
      "FadeOutTime": -1.0,
      "Segments": [
        0,
        0,
        0,
        3.4,
        0
      ]
    },
    {
      "Target": "Parameter",
      "Id": "Param75",
      "FadeInTime": -1.0,
      "FadeOutTime": -1.0,
      "Segments": [
        0,
        0,
        0,
        3.4,
        0
      ]
    },
    {
      "Target": "Parameter",
      "Id": "Param80",
      "FadeInTime": -1.0,
      "FadeOutTime": -1.0,
      "Segments": [
        0,
        0,
        0,
        3.4,
        0
      ]
    },
    {
      "Target": "Parameter",
      "Id": "Param81",
      "FadeInTime": -1.0,
      "FadeOutTime": -1.0,
      "Segments": [
        0,
        0,
        0,
        3.4,
        0
      ]
    },
    {
      "Target": "Parameter",
      "Id": "Param82",
      "FadeInTime": -1.0,
      "FadeOutTime": -1.0,
      "Segments": [
        0,
        0,
        0,
        3.4,
        0
      ]
    },
    {
      "Target": "Parameter",
      "Id": "Param83",
      "FadeInTime": -1.0,
      "FadeOutTime": -1.0,
      "Segments": [
        0,
        0,
        0,
        3.4,
        0
      ]
    },
    {
      "Target": "Parameter",
      "Id": "Param84",
      "FadeInTime": -1.0,
      "FadeOutTime": -1.0,
      "Segments": [
        0,
        0,
        0,
        3.4,
        0
      ]
    },
    {
      "Target": "Parameter",
      "Id": "Param98",
      "FadeInTime": -1.0,
      "FadeOutTime": -1.0,
      "Segments": [
        0,
        0,
        0,
        3.4,
        0
      ]
    },
    {
      "Target": "Parameter",
      "Id": "Param86",
      "FadeInTime": -1.0,
      "FadeOutTime": -1.0,
      "Segments": [
        0,
        0,
        0,
        3.4,
        0
      ]
    },
    {
      "Target": "Parameter",
      "Id": "Param96",
      "FadeInTime": -1.0,
      "FadeOutTime": -1.0,
      "Segments": [
        0,
        0,
        0,
        3.4,
        0
      ]
    },
    {
      "Target": "Parameter",
      "Id": "Param97",
      "FadeInTime": -1.0,
      "FadeOutTime": -1.0,
      "Segments": [
        0,
        0,
        0,
        3.4,
        0
      ]
    },
    {
      "Target": "Parameter",
      "Id": "Param102",
      "FadeInTime": -1.0,
      "FadeOutTime": -1.0,
      "Segments": [
        0,
        0,
        0,
        3.4,
        0
      ]
    },
    {
      "Target": "Parameter",
      "Id": "Param99",
      "FadeInTime": -1.0,
      "FadeOutTime": -1.0,
      "Segments": [
        0,
        0,
        0,
        3.4,
        0
      ]
    },
    {
      "Target": "Parameter",
      "Id": "Param100",
      "FadeInTime": -1.0,
      "FadeOutTime": -1.0,
      "Segments": [
        0,
        0,
        0,
        3.4,
        0
      ]
    },
    {
      "Target": "Parameter",
      "Id": "Param101",
      "FadeInTime": -1.0,
      "FadeOutTime": -1.0,
      "Segments": [
        0,
        0,
        0,
        3.4,
        0
      ]
    },
    {
      "Target": "Parameter",
      "Id": "Param23",
      "FadeInTime": -1.0,
      "FadeOutTime": -1.0,
      "Segments": [
        0,
        0,
        0,
        3.4,
        0
      ]
    },
    {
      "Target": "Parameter",
      "Id": "Param24",
      "FadeInTime": -1.0,
      "FadeOutTime": -1.0,
      "Segments": [
        0,
        0,
        0,
        3.4,
        0
      ]
    },
    {
      "Target": "Parameter",
      "Id": "Param25",
      "FadeInTime": -1.0,
      "FadeOutTime": -1.0,
      "Segments": [
        0,
        0,
        0,
        3.4,
        0
      ]
    },
    {
      "Target": "Parameter",
      "Id": "Param65",
      "FadeInTime": -1.0,
      "FadeOutTime": -1.0,
      "Segments": [
        0,
        0,
        0,
        3.4,
        0
      ]
    },
    {
      "Target": "Parameter",
      "Id": "Param26",
      "FadeInTime": -1.0,
      "FadeOutTime": -1.0,
      "Segments": [
        0,
        0,
        0,
        3.4,
        0
      ]
    },
    {
      "Target": "Parameter",
      "Id": "Param27",
      "FadeInTime": -1.0,
      "FadeOutTime": -1.0,
      "Segments": [
        0,
        0,
        0,
        3.4,
        0
      ]
    },
    {
      "Target": "Parameter",
      "Id": "Param61",
      "FadeInTime": -1.0,
      "FadeOutTime": -1.0,
      "Segments": [
        0,
        0,
        0,
        3.4,
        0
      ]
    },
    {
      "Target": "Parameter",
      "Id": "ParamAngleZ",
      "FadeInTime": -1.0,
      "FadeOutTime": -1.0,
      "Segments": [
        0,
        0,
        0,
        3.4,
        0
      ]
    },
    {
      "Target": "Parameter",
      "Id": "ParamBrowRX",
      "FadeInTime": -1.0,
      "FadeOutTime": -1.0,
      "Segments": [
        0,
        0,
        0,
        3.4,
        0
      ]
    },
    {
      "Target": "Parameter",
      "Id": "ParamBrowRAngle",
      "FadeInTime": -1.0,
      "FadeOutTime": -1.0,
      "Segments": [
        0,
        0,
        0,
        3.4,
        0
      ]
    },
    {
      "Target": "Parameter",
      "Id": "ParamBrowLX",
      "FadeInTime": -1.0,
      "FadeOutTime": -1.0,
      "Segments": [
        0,
        0,
        0,
        3.4,
        0
      ]
    },
    {
      "Target": "Parameter",
      "Id": "ParamBrowLAngle",
      "FadeInTime": -1.0,
      "FadeOutTime": -1.0,
      "Segments": [
        0,
        0,
        0,
        3.4,
        0
      ]
    },
    {
      "Target": "Parameter",
      "Id": "ParamEyeLSmile",
      "FadeInTime": -1.0,
      "FadeOutTime": -1.0,
      "Segments": [
        0,
        0,
        0,
        3.4,
        0
      ]
    },
    {
      "Target": "Parameter",
      "Id": "ParamEyeRSmile",
      "FadeInTime": -1.0,
      "FadeOutTime": -1.0,
      "Segments": [
        0,
        0,
        0,
        3.4,
        0
      ]
    },
    {
      "Target": "Parameter",
      "Id": "ParamEyeBallX",
      "FadeInTime": -1.0,
      "FadeOutTime": -1.0,
      "Segments": [
        0,
        0,
        0,
        3.4,
        0
      ]
    },
    {
      "Target": "Parameter",
      "Id": "ParamEyeBallY",
      "FadeInTime": -1.0,
      "FadeOutTime": -1.0,
      "Segments": [
        0,
        0,
        0,
        3.4,
        0
      ]
    },
    {
      "Target": "Parameter",
      "Id": "Param150",
      "FadeInTime": -1.0,
      "FadeOutTime": -1.0,
      "Segments": [
        0,
        1,
        0,
        3.4,
        1
      ]
    },
    {
      "Target": "Parameter",
      "Id": "Param120",
      "FadeInTime": -1.0,
      "FadeOutTime": -1.0,
      "Segments": [
        0,
        0,
        0,
        3.4,
        0
      ]
    },
    {
      "Target": "Parameter",
      "Id": "Param121",
      "FadeInTime": -1.0,
      "FadeOutTime": -1.0,
      "Segments": [
        0,
        0,
        0,
        3.4,
        0
      ]
    },
    {
      "Target": "Parameter",
      "Id": "Param146",
      "FadeInTime": -1.0,
      "FadeOutTime": -1.0,
      "Segments": [
        0,
        0,
        0,
        3.4,
        0
      ]
    },
    {
      "Target": "Parameter",
      "Id": "Param",
      "FadeInTime": -1.0,
      "FadeOutTime": -1.0,
      "Segments": [
        0,
        0,
        0,
        3.4,
        0
      ]
    },
    {
      "Target": "Parameter",
      "Id": "Param149",
      "FadeInTime": -1.0,
      "FadeOutTime": -1.0,
      "Segments": [
        0,
        0,
        0,
        3.4,
        0
      ]
    },
    {
      "Target": "Parameter",
      "Id": "ParamMouthOpenY",
      "FadeInTime": -1.0,
      "FadeOutTime": -1.0,
      "Segments": [
        0,
        0,
        0,
        3.4,
        0
      ]
    },
    {
      "Target": "Parameter",
      "Id": "ParamMouthForm",
      "FadeInTime": -1.0,
      "FadeOutTime": -1.0,
      "Segments": [
        0,
        0,
        0,
        3.4,
        0
      ]
    },
    {
      "Target": "Parameter",
      "Id": "ParamMouthForm2",
      "FadeInTime": -1.0,
      "FadeOutTime": -1.0,
      "Segments": [
        0,
        0,
        0,
        3.4,
        0
      ]
    },
    {
      "Target": "Parameter",
      "Id": "ParamMouthForm3",
      "FadeInTime": -1.0,
      "FadeOutTime": -1.0,
      "Segments": [
        0,
        0,
        0,
        3.4,
        0
      ]
    },
    {
      "Target": "Parameter",
      "Id": "Param127",
      "FadeInTime": -1.0,
      "FadeOutTime": -1.0,
      "Segments": [
        0,
        0,
        0,
        3.4,
        0
      ]
    },
    {
      "Target": "Parameter",
      "Id": "ParamMouthOpenY2",
      "FadeInTime": -1.0,
      "FadeOutTime": -1.0,
      "Segments": [
        0,
        0,
        0,
        3.4,
        0
      ]
    },
    {
      "Target": "Parameter",
      "Id": "Param76",
      "FadeInTime": -1.0,
      "FadeOutTime": -1.0,
      "Segments": [
        0,
        0,
        0,
        3.4,
        0
      ]
    },
    {
      "Target": "Parameter",
      "Id": "Param181",
      "FadeInTime": -1.0,
      "FadeOutTime": -1.0,
      "Segments": [
        0,
        0,
        0,
        3.4,
        0
      ]
    },
    {
      "Target": "Parameter",
      "Id": "Param126",
      "FadeInTime": -1.0,
      "FadeOutTime": -1.0,
      "Segments": [
        0,
        0,
        0,
        3.4,
        0
      ]
    },
    {
      "Target": "Parameter",
      "Id": "Param129",
      "FadeInTime": -1.0,
      "FadeOutTime": -1.0,
      "Segments": [
        0,
        0,
        0,
        3.4,
        0
      ]
    },
    {
      "Target": "Parameter",
      "Id": "Param128",
      "FadeInTime": -1.0,
      "FadeOutTime": -1.0,
      "Segments": [
        0,
        0,
        0,
        3.4,
        0
      ]
    },
    {
      "Target": "Parameter",
      "Id": "Param2",
      "FadeInTime": -1.0,
      "FadeOutTime": -1.0,
      "Segments": [
        0,
        0,
        0,
        3.4,
        0
      ]
    },
    {
      "Target": "Parameter",
      "Id": "Param46",
      "FadeInTime": -1.0,
      "FadeOutTime": -1.0,
      "Segments": [
        0,
        0,
        0,
        3.4,
        0
      ]
    },
    {
      "Target": "Parameter",
      "Id": "Param153",
      "FadeInTime": -1.0,
      "FadeOutTime": -1.0,
      "Segments": [
        0,
        0,
        0,
        3.4,
        0
      ]
    },
    {
      "Target": "Parameter",
      "Id": "Param182",
      "FadeInTime": -1.0,
      "FadeOutTime": -1.0,
      "Segments": [
        0,
        0,
        0,
        3.4,
        0
      ]
    },
    {
      "Target": "Parameter",
      "Id": "Param154",
      "FadeInTime": -1.0,
      "FadeOutTime": -1.0,
      "Segments": [
        0,
        0,
        0,
        3.4,
        0
      ]
    },
    {
      "Target": "Parameter",
      "Id": "Param111",
      "FadeInTime": -1.0,
      "FadeOutTime": -1.0,
      "Segments": [
        0,
        0,
        0,
        3.4,
        0
      ]
    },
    {
      "Target": "Parameter",
      "Id": "Param170",
      "FadeInTime": -1.0,
      "FadeOutTime": -1.0,
      "Segments": [
        0,
        0,
        0,
        3.4,
        0
      ]
    },
    {
      "Target": "Parameter",
      "Id": "Param171",
      "FadeInTime": -1.0,
      "FadeOutTime": -1.0,
      "Segments": [
        0,
        0,
        0,
        3.4,
        0
      ]
    },
    {
      "Target": "Parameter",
      "Id": "Param132",
      "FadeInTime": -1.0,
      "FadeOutTime": -1.0,
      "Segments": [
        0,
        1,
        0,
        3.4,
        1
      ]
    },
    {
      "Target": "Parameter",
      "Id": "Param133",
      "FadeInTime": -1.0,
      "FadeOutTime": -1.0,
      "Segments": [
        0,
        0,
        0,
        3.4,
        0
      ]
    },
    {
      "Target": "Parameter",
      "Id": "Param140",
      "FadeInTime": -1.0,
      "FadeOutTime": -1.0,
      "Segments": [
        0,
        0,
        0,
        3.4,
        0
      ]
    },
    {
      "Target": "Parameter",
      "Id": "Param142",
      "FadeInTime": -1.0,
      "FadeOutTime": -1.0,
      "Segments": [
        0,
        0,
        0,
        3.4,
        0
      ]
    },
    {
      "Target": "Parameter",
      "Id": "Param131",
      "FadeInTime": -1.0,
      "FadeOutTime": -1.0,
      "Segments": [
        0,
        0,
        0,
        3.4,
        0
      ]
    },
    {
      "Target": "Parameter",
      "Id": "Param135",
      "FadeInTime": -1.0,
      "FadeOutTime": -1.0,
      "Segments": [
        0,
        0,
        0,
        3.4,
        0
      ]
    },
    {
      "Target": "Parameter",
      "Id": "Param141",
      "FadeInTime": -1.0,
      "FadeOutTime": -1.0,
      "Segments": [
        0,
        0,
        0,
        3.4,
        0
      ]
    },
    {
      "Target": "Parameter",
      "Id": "Param143",
      "FadeInTime": -1.0,
      "FadeOutTime": -1.0,
      "Segments": [
        0,
        0,
        0,
        3.4,
        0
      ]
    },
    {
      "Target": "Parameter",
      "Id": "Param79",
      "FadeInTime": -1.0,
      "FadeOutTime": -1.0,
      "Segments": [
        0,
        0,
        0,
        3.4,
        0
      ]
    },
    {
      "Target": "Parameter",
      "Id": "Param134",
      "FadeInTime": -1.0,
      "FadeOutTime": -1.0,
      "Segments": [
        0,
        0,
        0,
        3.4,
        0
      ]
    },
    {
      "Target": "Parameter",
      "Id": "Param148",
      "FadeInTime": -1.0,
      "FadeOutTime": -1.0,
      "Segments": [
        0,
        0,
        0,
        3.4,
        0
      ]
    },
    {
      "Target": "Parameter",
      "Id": "Param179",
      "FadeInTime": -1.0,
      "FadeOutTime": -1.0,
      "Segments": [
        0,
        0,
        0,
        3.4,
        0
      ]
    },
    {
      "Target": "Parameter",
      "Id": "Param40",
      "FadeInTime": -1.0,
      "FadeOutTime": -1.0,
      "Segments": [
        0,
        0,
        0,
        3.4,
        0
      ]
    },
    {
      "Target": "Parameter",
      "Id": "Param92",
      "FadeInTime": -1.0,
      "FadeOutTime": -1.0,
      "Segments": [
        0,
        0,
        0,
        3.4,
        0
      ]
    },
    {
      "Target": "Parameter",
      "Id": "Param176",
      "FadeInTime": -1.0,
      "FadeOutTime": -1.0,
      "Segments": [
        0,
        0,
        0,
        3.4,
        0
      ]
    },
    {
      "Target": "Parameter",
      "Id": "Param174",
      "FadeInTime": -1.0,
      "FadeOutTime": -1.0,
      "Segments": [
        0,
        0,
        0,
        3.4,
        0
      ]
    },
    {
      "Target": "Parameter",
      "Id": "Param175",
      "FadeInTime": -1.0,
      "FadeOutTime": -1.0,
      "Segments": [
        0,
        0,
        0,
        3.4,
        0
      ]
    },
    {
      "Target": "Parameter",
      "Id": "Param173",
      "FadeInTime": -1.0,
      "FadeOutTime": -1.0,
      "Segments": [
        0,
        -10,
        0,
        3.4,
        -10
      ]
    },
    {
      "Target": "Parameter",
      "Id": "Param39",
      "FadeInTime": -1.0,
      "FadeOutTime": -1.0,
      "Segments": [
        0,
        0.5,
        0,
        3.4,
        0.5
      ]
    },
    {
      "Target": "Parameter",
      "Id": "Param91",
      "FadeInTime": -1.0,
      "FadeOutTime": -1.0,
      "Segments": [
        0,
        0.5,
        0,
        3.4,
        0.5
      ]
    },
    {
      "Target": "Parameter",
      "Id": "Param177",
      "FadeInTime": -1.0,
      "FadeOutTime": -1.0,
      "Segments": [
        0,
        0,
        0,
        3.4,
        0
      ]
    },
    {
      "Target": "Parameter",
      "Id": "Param178",
      "FadeInTime": -1.0,
      "FadeOutTime": -1.0,
      "Segments": [
        0,
        0,
        0,
        3.4,
        0
      ]
    },
    {
      "Target": "Parameter",
      "Id": "Param169",
      "FadeInTime": -1.0,
      "FadeOutTime": -1.0,
      "Segments": [
        0,
        0,
        0,
        3.4,
        0
      ]
    },
    {
      "Target": "Parameter",
      "Id": "Param167",
      "FadeInTime": -1.0,
      "FadeOutTime": -1.0,
      "Segments": [
        0,
        -15,
        0,
        3.4,
        -15
      ]
    },
    {
      "Target": "Parameter",
      "Id": "Param168",
      "FadeInTime": -1.0,
      "FadeOutTime": -1.0,
      "Segments": [
        0,
        21.9,
        0,
        3.4,
        21.9
      ]
    },
    {
      "Target": "Parameter",
      "Id": "Param163",
      "FadeInTime": -1.0,
      "FadeOutTime": -1.0,
      "Segments": [
        0,
        0,
        0,
        3.4,
        0
      ]
    },
    {
      "Target": "Parameter",
      "Id": "Param165",
      "FadeInTime": -1.0,
      "FadeOutTime": -1.0,
      "Segments": [
        0,
        0,
        0,
        3.4,
        0
      ]
    },
    {
      "Target": "Parameter",
      "Id": "Param164",
      "FadeInTime": -1.0,
      "FadeOutTime": -1.0,
      "Segments": [
        0,
        0,
        0,
        3.4,
        0
      ]
    },
    {
      "Target": "Parameter",
      "Id": "Param109",
      "FadeInTime": -1.0,
      "FadeOutTime": -1.0,
      "Segments": [
        0,
        0,
        0,
        3.4,
        0
      ]
    },
    {
      "Target": "Parameter",
      "Id": "Param104",
      "FadeInTime": -1.0,
      "FadeOutTime": -1.0,
      "Segments": [
        0,
        0,
        0,
        3.4,
        0
      ]
    },
    {
      "Target": "Parameter",
      "Id": "Param105",
      "FadeInTime": -1.0,
      "FadeOutTime": -1.0,
      "Segments": [
        0,
        0,
        0,
        3.4,
        0
      ]
    },
    {
      "Target": "Parameter",
      "Id": "Param106",
      "FadeInTime": -1.0,
      "FadeOutTime": -1.0,
      "Segments": [
        0,
        0,
        0,
        3.4,
        0
      ]
    },
    {
      "Target": "Parameter",
      "Id": "Param107",
      "FadeInTime": -1.0,
      "FadeOutTime": -1.0,
      "Segments": [
        0,
        0,
        0,
        3.4,
        0
      ]
    },
    {
      "Target": "Parameter",
      "Id": "Param108",
      "FadeInTime": -1.0,
      "FadeOutTime": -1.0,
      "Segments": [
        0,
        0,
        0,
        3.4,
        0
      ]
    },
    {
      "Target": "Parameter",
      "Id": "ParamLS4",
      "FadeInTime": -1.0,
      "FadeOutTime": -1.0,
      "Segments": [
        0,
        0,
        0,
        3.4,
        0
      ]
    },
    {
      "Target": "Parameter",
      "Id": "ParamLS5",
      "FadeInTime": -1.0,
      "FadeOutTime": -1.0,
      "Segments": [
        0,
        0,
        0,
        3.4,
        0
      ]
    },
    {
      "Target": "Parameter",
      "Id": "ParamLS1",
      "FadeInTime": -1.0,
      "FadeOutTime": -1.0,
      "Segments": [
        0,
        0,
        0,
        3.4,
        0
      ]
    },
    {
      "Target": "Parameter",
      "Id": "ParamLS3",
      "FadeInTime": -1.0,
      "FadeOutTime": -1.0,
      "Segments": [
        0,
        0,
        0,
        3.4,
        0
      ]
    },
    {
      "Target": "Parameter",
      "Id": "ParamLS2",
      "FadeInTime": -1.0,
      "FadeOutTime": -1.0,
      "Segments": [
        0,
        0,
        0,
        3.4,
        0
      ]
    },
    {
      "Target": "Parameter",
      "Id": "Param110",
      "FadeInTime": -1.0,
      "FadeOutTime": -1.0,
      "Segments": [
        0,
        -30,
        0,
        3.4,
        -30
      ]
    },
    {
      "Target": "Parameter",
      "Id": "Param151",
      "FadeInTime": -1.0,
      "FadeOutTime": -1.0,
      "Segments": [
        0,
        -30,
        0,
        3.4,
        -30
      ]
    },
    {
      "Target": "Parameter",
      "Id": "Param152",
      "FadeInTime": -1.0,
      "FadeOutTime": -1.0,
      "Segments": [
        0,
        -30,
        0,
        3.4,
        -30
      ]
    },
    {
      "Target": "Parameter",
      "Id": "Param103",
      "FadeInTime": -1.0,
      "FadeOutTime": -1.0,
      "Segments": [
        0,
        0,
        0,
        3.4,
        0
      ]
    },
    {
      "Target": "Parameter",
      "Id": "Param85",
      "FadeInTime": -1.0,
      "FadeOutTime": -1.0,
      "Segments": [
        0,
        0,
        0,
        3.4,
        0
      ]
    },
    {
      "Target": "Parameter",
      "Id": "Param22",
      "FadeInTime": -1.0,
      "FadeOutTime": -1.0,
      "Segments": [
        0,
        0,
        0,
        3.4,
        0
      ]
    },
    {
      "Target": "Parameter",
      "Id": "Param144",
      "FadeInTime": -1.0,
      "FadeOutTime": -1.0,
      "Segments": [
        0,
        0,
        0,
        3.4,
        0
      ]
    },
    {
      "Target": "Parameter",
      "Id": "Param5",
      "FadeInTime": -1.0,
      "FadeOutTime": -1.0,
      "Segments": [
        0,
        0,
        0,
        3.4,
        0
      ]
    },
    {
      "Target": "Parameter",
      "Id": "Param3",
      "FadeInTime": -1.0,
      "FadeOutTime": -1.0,
      "Segments": [
        0,
        0,
        0,
        3.4,
        0
      ]
    },
    {
      "Target": "Parameter",
      "Id": "Param4",
      "FadeInTime": -1.0,
      "FadeOutTime": -1.0,
      "Segments": [
        0,
        0,
        0,
        3.4,
        0
      ]
    },
    {
      "Target": "Parameter",
      "Id": "Param28",
      "FadeInTime": -1.0,
      "FadeOutTime": -1.0,
      "Segments": [
        0,
        0,
        0,
        3.4,
        0
      ]
    },
    {
      "Target": "Parameter",
      "Id": "Param6",
      "FadeInTime": -1.0,
      "FadeOutTime": -1.0,
      "Segments": [
        0,
        0,
        0,
        3.4,
        0
      ]
    },
    {
      "Target": "Parameter",
      "Id": "Param192",
      "FadeInTime": -1.0,
      "FadeOutTime": -1.0,
      "Segments": [
        0,
        10,
        0,
        3.4,
        10
      ]
    },
    {
      "Target": "Parameter",
      "Id": "Paramchengdi6",
      "FadeInTime": -1.0,
      "FadeOutTime": -1.0,
      "Segments": [
        0,
        1,
        0,
        3.4,
        1
      ]
    },
    {
      "Target": "Parameter",
      "Id": "Paramchengdi5",
      "FadeInTime": -1.0,
      "FadeOutTime": -1.0,
      "Segments": [
        0,
        1,
        0,
        3.4,
        1
      ]
    },
    {
      "Target": "Parameter",
      "Id": "LHandSwi1",
      "FadeInTime": -1.0,
      "FadeOutTime": -1.0,
      "Segments": [
        0,
        0,
        0,
        3.4,
        0
      ]
    },
    {
      "Target": "Parameter",
      "Id": "LHandSwi2",
      "FadeInTime": -1.0,
      "FadeOutTime": -1.0,
      "Segments": [
        0,
        0,
        0,
        3.4,
        0
      ]
    },
    {
      "Target": "Parameter",
      "Id": "LHandSwi5",
      "FadeInTime": -1.0,
      "FadeOutTime": -1.0,
      "Segments": [
        0,
        0,
        0,
        3.4,
        0
      ]
    },
    {
      "Target": "Parameter",
      "Id": "LHandSwi4",
      "FadeInTime": -1.0,
      "FadeOutTime": -1.0,
      "Segments": [
        0,
        0,
        0,
        3.4,
        0
      ]
    },
    {
      "Target": "Parameter",
      "Id": "LHandSwi8",
      "FadeInTime": -1.0,
      "FadeOutTime": -1.0,
      "Segments": [
        0,
        0,
        0,
        3.4,
        0
      ]
    },
    {
      "Target": "Parameter",
      "Id": "LHandSwi9",
      "FadeInTime": -1.0,
      "FadeOutTime": -1.0,
      "Segments": [
        0,
        0,
        0,
        3.4,
        0
      ]
    },
    {
      "Target": "Parameter",
      "Id": "Paramchengdi",
      "FadeInTime": -1.0,
      "FadeOutTime": -1.0,
      "Segments": [
        0,
        0,
        0,
        3.4,
        0
      ]
    },
    {
      "Target": "Parameter",
      "Id": "Paramchengdi1",
      "FadeInTime": -1.0,
      "FadeOutTime": -1.0,
      "Segments": [
        0,
        0,
        0,
        3.4,
        0
      ]
    },
    {
      "Target": "Parameter",
      "Id": "Paramchengdi3",
      "FadeInTime": -1.0,
      "FadeOutTime": -1.0,
      "Segments": [
        0,
        0,
        0,
        3.4,
        0
      ]
    },
    {
      "Target": "Parameter",
      "Id": "Paramchengdi2",
      "FadeInTime": -1.0,
      "FadeOutTime": -1.0,
      "Segments": [
        0,
        0,
        0,
        3.4,
        0
      ]
    },
    {
      "Target": "Parameter",
      "Id": "Paramchengdi4",
      "FadeInTime": -1.0,
      "FadeOutTime": -1.0,
      "Segments": [
        0,
        0,
        0,
        3.4,
        0
      ]
    },
    {
      "Target": "Parameter",
      "Id": "Param184",
      "FadeInTime": -1.0,
      "FadeOutTime": -1.0,
      "Segments": [
        0,
        0,
        0,
        3.4,
        0
      ]
    },
    {
      "Target": "Parameter",
      "Id": "Param187",
      "FadeInTime": -1.0,
      "FadeOutTime": -1.0,
      "Segments": [
        0,
        0,
        0,
        3.4,
        0
      ]
    },
    {
      "Target": "Parameter",
      "Id": "Param172",
      "FadeInTime": -1.0,
      "FadeOutTime": -1.0,
      "Segments": [
        0,
        0,
        0,
        3.4,
        0
      ]
    },
    {
      "Target": "Parameter",
      "Id": "Param78",
      "FadeInTime": -1.0,
      "FadeOutTime": -1.0,
      "Segments": [
        0,
        0,
        0,
        3.4,
        0
      ]
    },
    {
      "Target": "Parameter",
      "Id": "ParamLArm4",
      "FadeInTime": -1.0,
      "FadeOutTime": -1.0,
      "Segments": [
        0,
        0,
        0,
        3.4,
        0
      ]
    },
    {
      "Target": "Parameter",
      "Id": "ParamLArm5",
      "FadeInTime": -1.0,
      "FadeOutTime": -1.0,
      "Segments": [
        0,
        0,
        0,
        3.4,
        0
      ]
    },
    {
      "Target": "Parameter",
      "Id": "Param191",
      "FadeInTime": -1.0,
      "FadeOutTime": -1.0,
      "Segments": [
        0,
        0,
        0,
        3.4,
        0
      ]
    },
    {
      "Target": "Parameter",
      "Id": "Param35",
      "FadeInTime": -1.0,
      "FadeOutTime": -1.0,
      "Segments": [
        0,
        0,
        0,
        3.4,
        0
      ]
    },
    {
      "Target": "Parameter",
      "Id": "Param37",
      "FadeInTime": -1.0,
      "FadeOutTime": -1.0,
      "Segments": [
        0,
        0,
        0,
        3.4,
        0
      ]
    },
    {
      "Target": "Parameter",
      "Id": "Param38",
      "FadeInTime": -1.0,
      "FadeOutTime": -1.0,
      "Segments": [
        0,
        0,
        0,
        3.4,
        0
      ]
    },
    {
      "Target": "Parameter",
      "Id": "Param55",
      "FadeInTime": -1.0,
      "FadeOutTime": -1.0,
      "Segments": [
        0,
        0,
        0,
        3.4,
        0
      ]
    },
    {
      "Target": "Parameter",
      "Id": "Param58",
      "FadeInTime": -1.0,
      "FadeOutTime": -1.0,
      "Segments": [
        0,
        0,
        0,
        3.4,
        0
      ]
    },
    {
      "Target": "Parameter",
      "Id": "Param59",
      "FadeInTime": -1.0,
      "FadeOutTime": -1.0,
      "Segments": [
        0,
        0,
        0,
        3.4,
        0
      ]
    },
    {
      "Target": "Parameter",
      "Id": "Param56",
      "FadeInTime": -1.0,
      "FadeOutTime": -1.0,
      "Segments": [
        0,
        0,
        0,
        3.4,
        0
      ]
    },
    {
      "Target": "Parameter",
      "Id": "Param52",
      "FadeInTime": -1.0,
      "FadeOutTime": -1.0,
      "Segments": [
        0,
        0,
        0,
        3.4,
        0
      ]
    },
    {
      "Target": "Parameter",
      "Id": "Param51",
      "FadeInTime": -1.0,
      "FadeOutTime": -1.0,
      "Segments": [
        0,
        0,
        0,
        3.4,
        0
      ]
    },
    {
      "Target": "Parameter",
      "Id": "touch_drag1",
      "FadeInTime": -1.0,
      "FadeOutTime": -1.0,
      "Segments": [
        0,
        0,
        0,
        3.4,
        0
      ]
    },
    {
      "Target": "Parameter",
      "Id": "touch_drag2",
      "FadeInTime": -1.0,
      "FadeOutTime": -1.0,
      "Segments": [
        0,
        0,
        0,
        3.4,
        0
      ]
    },
    {
      "Target": "Parameter",
      "Id": "touch_drag11",
      "FadeInTime": -1.0,
      "FadeOutTime": -1.0,
      "Segments": [
        0,
        0,
        0,
        3.4,
        0
      ]
    },
    {
      "Target": "Parameter",
      "Id": "touch_drag13",
      "FadeInTime": -1.0,
      "FadeOutTime": -1.0,
      "Segments": [
        0,
        0,
        0,
        3.4,
        0
      ]
    },
    {
      "Target": "Parameter",
      "Id": "touch_drag14",
      "FadeInTime": -1.0,
      "FadeOutTime": -1.0,
      "Segments": [
        0,
        0,
        0,
        3.4,
        0
      ]
    },
    {
      "Target": "Parameter",
      "Id": "Paramtouch_idle1",
      "FadeInTime": -1.0,
      "FadeOutTime": -1.0,
      "Segments": [
        0,
        0,
        0,
        3.4,
        0
      ]
    },
    {
      "Target": "Parameter",
      "Id": "Paramtouch_idle2",
      "FadeInTime": -1.0,
      "FadeOutTime": -1.0,
      "Segments": [
        0,
        0,
        0,
        3.4,
        0
      ]
    },
    {
      "Target": "Parameter",
      "Id": "Paramtouch_idle3",
      "FadeInTime": -1.0,
      "FadeOutTime": -1.0,
      "Segments": [
        0,
        0,
        0,
        3.4,
        0
      ]
    },
    {
      "Target": "Parameter",
      "Id": "Paramtouch_idle6",
      "FadeInTime": -1.0,
      "FadeOutTime": -1.0,
      "Segments": [
        0,
        0,
        0,
        3.4,
        0
      ]
    }
  ],
  "UserData": [
    {
      "Time": 0.0,
      "Value": ""
    },
    {
      "Time": 2.9,
      "Value": ""
    }
  ]
}