{
  "Version": 3,
  "Meta": {
    "Duration": 6.0,
    "Fps": 60.0,
    "Loop": true,
    "AreBeziersRestricted": true,
    "FadeInTime": 0.0,
    "FadeOutTime": 0.0,
    "CurveCount": 187,
    "TotalSegmentCount": 1101,
    "TotalPointCount": 1423,
    "UserDataCount": 3,
    "TotalUserDataSize": 0
  },
  "Curves": [
    {
      "Target": "Parameter",
      "Id": "All_X",
      "FadeInTime": -1.0,
      "FadeOutTime": -1.0,
      "Segments": [
        0,
        0,
        0,
        0.05,
        0.053,
        2,
        0.15,
        -0.053,
        2,
        0.183,
        0.036,
        2,
        0.217,
        -0.03,
        2,
        0.25,
        0.053,
        2,
        0.283,
        -0.053,
        2,
        0.333,
        0.048,
        2,
        0.367,
        -0.053,
        2,
        0.433,
        0.053,
        2,
        0.467,
        -0.053,
        2,
        0.533,
        -0.03,
        2,
        0.567,
        0.053,
        2,
        0.633,
        0.004,
        2,
        0.7,
        0.053,
        2,
        0.767,
        -0.021,
        2,
        0.783,
        -0.053,
        2,
        0.817,
        0,
        2,
        0.883,
        0.053,
        2,
        0.917,
        -0.053,
        2,
        1.033,
        0.031,
        2,
        1.1,
        0.053,
        2,
        1.2,
        -0.053,
        2,
        1.233,
        0.025,
        2,
        1.3,
        0.053,
        2,
        1.333,
        -0.053,
        2,
        1.417,
        0.039,
        2,
        1.45,
        -0.053,
        2,
        1.517,
        0.053,
        2,
        1.55,
        -0.053,
        2,
        1.583,
        0.044,
        2,
        1.667,
        -0.041,
        2,
        1.767,
        -0.005,
        2,
        6,
        0
      ]
    },
    {
      "Target": "Parameter",
      "Id": "All_Y",
      "FadeInTime": -1.0,
      "FadeOutTime": -1.0,
      "Segments": [
        0,
        0,
        0,
        0.067,
        0.053,
        2,
        0.167,
        -0.053,
        2,
        0.2,
        0.036,
        2,
        0.233,
        -0.03,
        2,
        0.267,
        0.053,
        2,
        0.3,
        -0.053,
        2,
        0.35,
        0.048,
        2,
        0.383,
        -0.053,
        2,
        0.45,
        0.053,
        2,
        0.483,
        -0.053,
        2,
        0.55,
        -0.03,
        2,
        0.583,
        0.053,
        2,
        0.65,
        0.004,
        2,
        0.717,
        0.053,
        2,
        0.783,
        -0.021,
        2,
        0.8,
        -0.053,
        2,
        0.833,
        0,
        2,
        0.9,
        0.053,
        2,
        0.933,
        -0.053,
        2,
        1.05,
        0.031,
        2,
        1.117,
        0.053,
        2,
        1.217,
        -0.053,
        2,
        1.25,
        0.025,
        2,
        1.317,
        0.053,
        2,
        1.35,
        -0.053,
        2,
        1.433,
        0.039,
        2,
        1.467,
        -0.053,
        2,
        1.533,
        0.053,
        2,
        1.567,
        -0.053,
        2,
        1.6,
        0.044,
        2,
        1.683,
        -0.041,
        2,
        1.783,
        -0.005,
        2,
        6,
        0
      ]
    },
    {
      "Target": "Parameter",
      "Id": "Param25",
      "FadeInTime": -1.0,
      "FadeOutTime": -1.0,
      "Segments": [
        0,
        0,
        0,
        0.15,
        1,
        2,
        1.617,
        1,
        0,
        1.8,
        0,
        2,
        6,
        0
      ]
    },
    {
      "Target": "Parameter",
      "Id": "Param23",
      "FadeInTime": -1.0,
      "FadeOutTime": -1.0,
      "Segments": [
        0,
        0,
        0,
        0.05,
        1,
        2,
        0.15,
        0,
        2,
        0.183,
        0,
        2,
        0.25,
        1,
        2,
        0.283,
        0,
        2,
        0.333,
        0,
        2,
        0.367,
        0,
        2,
        0.433,
        1,
        2,
        0.467,
        0,
        2,
        0.533,
        0.219,
        2,
        0.567,
        1,
        2,
        0.633,
        0.542,
        2,
        0.7,
        1,
        2,
        0.767,
        0.301,
        2,
        0.783,
        0,
        2,
        0.817,
        0,
        2,
        0.883,
        1,
        2,
        0.917,
        0,
        2,
        1.033,
        0.793,
        2,
        1.1,
        1,
        2,
        1.2,
        0,
        2,
        1.233,
        0,
        2,
        1.3,
        1,
        2,
        1.333,
        0,
        2,
        1.417,
        0,
        2,
        1.45,
        0,
        2,
        1.517,
        1,
        2,
        1.55,
        0,
        2,
        1.6,
        0,
        2,
        1.767,
        0.457,
        2,
        6,
        0
      ]
    },
    {
      "Target": "Parameter",
      "Id": "Param24",
      "FadeInTime": -1.0,
      "FadeOutTime": -1.0,
      "Segments": [
        0,
        0,
        0,
        0.133,
        0.09,
        2,
        0.217,
        0.002,
        2,
        0.283,
        0.093,
        2,
        0.367,
        0.001,
        2,
        0.433,
        0.091,
        2,
        0.517,
        0,
        2,
        0.583,
        0.14,
        2,
        0.667,
        0,
        2,
        0.733,
        0.1,
        2,
        0.817,
        0,
        2,
        0.883,
        0.048,
        2,
        0.967,
        0,
        2,
        1.033,
        0.092,
        2,
        1.117,
        0,
        2,
        1.2,
        0.058,
        2,
        1.267,
        0,
        2,
        1.333,
        0.084,
        2,
        1.417,
        0.001,
        2,
        1.483,
        0.034,
        2,
        1.567,
        0.082,
        2,
        1.633,
        0,
        2,
        1.717,
        0.074,
        2,
        1.783,
        0,
        2,
        6,
        0
      ]
    },
    {
      "Target": "Parameter",
      "Id": "ParamForearmLLayer",
      "FadeInTime": -1.0,
      "FadeOutTime": -1.0,
      "Segments": [
        0,
        0,
        2,
        0.667,
        0,
        0,
        0.683,
        30,
        2,
        0.9,
        30,
        2,
        2.483,
        30,
        2,
        2.5,
        0,
        2,
        6,
        0
      ]
    },
    {
      "Target": "Parameter",
      "Id": "ParamForearmLLayer2",
      "FadeInTime": -1.0,
      "FadeOutTime": -1.0,
      "Segments": [
        0,
        0,
        2,
        0.667,
        0,
        0,
        0.683,
        30,
        2,
        0.9,
        30,
        2,
        2.483,
        30,
        2,
        2.5,
        0,
        2,
        6,
        0
      ]
    },
    {
      "Target": "Parameter",
      "Id": "ParamArmLAngle",
      "FadeInTime": -1.0,
      "FadeOutTime": -1.0,
      "Segments": [
        0,
        0,
        0,
        0.9,
        5.889,
        1,
        1.256,
        5.889,
        1.611,
        5.696,
        1.967,
        5.04,
        1,
        2.039,
        4.907,
        2.111,
        4.13,
        2.183,
        4.13,
        0,
        2.433,
        9,
        0,
        2.95,
        7.92,
        0,
        3.65,
        9,
        0,
        4.417,
        7.67,
        0,
        5.083,
        9,
        1,
        5.216,
        9,
        5.35,
        1.374,
        5.483,
        0.737,
        1,
        5.655,
        -0.086,
        5.828,
        0,
        6,
        0
      ]
    },
    {
      "Target": "Parameter",
      "Id": "ParamArmLAngle2",
      "FadeInTime": -1.0,
      "FadeOutTime": -1.0,
      "Segments": [
        0,
        0,
        0,
        0.9,
        -6.328,
        2,
        1.833,
        -6.328,
        0,
        2.5,
        -20,
        2,
        5.117,
        -20,
        0,
        6,
        0
      ]
    },
    {
      "Target": "Parameter",
      "Id": "ParamArmLStretch",
      "FadeInTime": -1.0,
      "FadeOutTime": -1.0,
      "Segments": [
        0,
        0,
        0,
        0.9,
        -30,
        2,
        1.833,
        -30,
        0,
        2.183,
        -18.379,
        2,
        2.5,
        -18.379,
        2,
        5.117,
        -18.379,
        0,
        6,
        0
      ]
    },
    {
      "Target": "Parameter",
      "Id": "ParamForearmLAngle",
      "FadeInTime": -1.0,
      "FadeOutTime": -1.0,
      "Segments": [
        0,
        0,
        1,
        0.178,
        0,
        0.355,
        0.194,
        0.533,
        3,
        1,
        0.655,
        4.929,
        0.778,
        17.608,
        0.9,
        17.74,
        1,
        1.211,
        18.076,
        1.522,
        18.095,
        1.833,
        18.471,
        1,
        2.005,
        18.679,
        2.178,
        50.411,
        2.35,
        50.411,
        1,
        2.45,
        50.411,
        2.55,
        47.587,
        2.65,
        46.26,
        1,
        2.733,
        45.154,
        2.817,
        45.23,
        2.9,
        45.23,
        0,
        3.583,
        46.26,
        0,
        4.35,
        44.838,
        0,
        5.083,
        46.26,
        2,
        5.1,
        -43.888,
        1,
        5.183,
        -43.888,
        5.267,
        -39.868,
        5.35,
        -31.741,
        1,
        5.567,
        -10.61,
        5.783,
        0,
        6,
        0
      ]
    },
    {
      "Target": "Parameter",
      "Id": "ParamForearmLAngle2",
      "FadeInTime": -1.0,
      "FadeOutTime": -1.0,
      "Segments": [
        0,
        0,
        0,
        0.9,
        -9.359,
        2,
        1.833,
        -9.359,
        0,
        2.5,
        -29.58,
        2,
        5.117,
        -29.58,
        0,
        6,
        0
      ]
    },
    {
      "Target": "Parameter",
      "Id": "ParamArmLStretch2",
      "FadeInTime": -1.0,
      "FadeOutTime": -1.0,
      "Segments": [
        0,
        0,
        0,
        0.5,
        -8.227,
        0,
        0.9,
        22.52,
        2,
        1.833,
        22.52,
        0,
        2.183,
        -15.569,
        0,
        2.5,
        -3.7,
        2,
        5.117,
        -3.7,
        0,
        6,
        0
      ]
    },
    {
      "Target": "Parameter",
      "Id": "ParamArmL",
      "FadeInTime": -1.0,
      "FadeOutTime": -1.0,
      "Segments": [
        0,
        0,
        0,
        0.683,
        30,
        2,
        1.833,
        30,
        0,
        2.133,
        0,
        2,
        6,
        0
      ]
    },
    {
      "Target": "Parameter",
      "Id": "ParamHandLAngle",
      "FadeInTime": -1.0,
      "FadeOutTime": -1.0,
      "Segments": [
        0,
        0,
        0,
        0.45,
        8.657,
        0,
        0.617,
        -10.533,
        1,
        0.711,
        -10.533,
        0.806,
        1.337,
        0.9,
        1.38,
        1,
        1.256,
        1.541,
        1.611,
        1.572,
        1.967,
        1.762,
        1,
        2.145,
        1.857,
        2.322,
        30,
        2.5,
        30,
        0,
        3.033,
        27.139,
        0,
        3.717,
        29,
        0,
        4.483,
        26.313,
        0,
        5.083,
        29,
        1,
        5.155,
        29,
        5.228,
        27.811,
        5.3,
        18,
        1,
        5.389,
        5.925,
        5.478,
        -8,
        5.567,
        -8,
        0,
        6,
        0
      ]
    },
    {
      "Target": "Parameter",
      "Id": "ParamHandLChange",
      "FadeInTime": -1.0,
      "FadeOutTime": -1.0,
      "Segments": [
        0,
        0,
        0,
        0.9,
        29,
        2,
        1.833,
        29,
        0,
        2.05,
        -30,
        0,
        5.117,
        0,
        2,
        6,
        0
      ]
    },
    {
      "Target": "Parameter",
      "Id": "ParamHandLAnimation",
      "FadeInTime": -1.0,
      "FadeOutTime": -1.0,
      "Segments": [
        0,
        0,
        0,
        0.9,
        -7,
        2,
        1.833,
        -7,
        0,
        5.117,
        0,
        2,
        6,
        0
      ]
    },
    {
      "Target": "Parameter",
      "Id": "ParamhandL",
      "FadeInTime": -1.0,
      "FadeOutTime": -1.0,
      "Segments": [
        0,
        0,
        0,
        0.717,
        -30,
        2,
        1.833,
        -30,
        0,
        2.5,
        -26,
        2,
        5.117,
        -26,
        0,
        6,
        0
      ]
    },
    {
      "Target": "Parameter",
      "Id": "ParamHandLREDisplay",
      "FadeInTime": -1.0,
      "FadeOutTime": -1.0,
      "Segments": [
        0,
        1,
        2,
        0.667,
        1,
        2,
        0.683,
        0,
        2,
        2.117,
        0,
        0,
        2.133,
        1,
        2,
        6,
        1
      ]
    },
    {
      "Target": "Parameter",
      "Id": "ParamHandL2Display",
      "FadeInTime": -1.0,
      "FadeOutTime": -1.0,
      "Segments": [
        0,
        0,
        2,
        0.667,
        0,
        2,
        0.683,
        0,
        2,
        2.117,
        0,
        2,
        2.133,
        0,
        2,
        6,
        0
      ]
    },
    {
      "Target": "Parameter",
      "Id": "ParamHandL4Display2",
      "FadeInTime": -1.0,
      "FadeOutTime": -1.0,
      "Segments": [
        0,
        0,
        2,
        0.667,
        0,
        0,
        0.683,
        1,
        2,
        2.117,
        1,
        0,
        2.133,
        0,
        2,
        5.3,
        0,
        2,
        6,
        0
      ]
    },
    {
      "Target": "Parameter",
      "Id": "ParamForearmRLayer",
      "FadeInTime": -1.0,
      "FadeOutTime": -1.0,
      "Segments": [
        0,
        0,
        2,
        0.467,
        0,
        1,
        0.472,
        0,
        0.478,
        15,
        0.483,
        15,
        2,
        5.283,
        15,
        0,
        5.3,
        0,
        2,
        6,
        0
      ]
    },
    {
      "Target": "Parameter",
      "Id": "ParamForearmRLayer2",
      "FadeInTime": -1.0,
      "FadeOutTime": -1.0,
      "Segments": [
        0,
        0,
        2,
        0.467,
        0,
        1,
        0.472,
        0,
        0.478,
        30,
        0.483,
        30,
        2,
        5.283,
        30,
        0,
        5.3,
        0,
        2,
        6,
        0
      ]
    },
    {
      "Target": "Parameter",
      "Id": "ParamArmRAngleZ",
      "FadeInTime": -1.0,
      "FadeOutTime": -1.0,
      "Segments": [
        0,
        0,
        0,
        0.583,
        -6.548,
        0,
        0.9,
        -4.244,
        1,
        1.211,
        -4.244,
        1.522,
        -4.78,
        1.833,
        -7.214,
        1,
        1.928,
        -7.953,
        2.022,
        -12,
        2.117,
        -12,
        0,
        2.433,
        -3,
        0,
        2.867,
        -3.937,
        0,
        3.367,
        -2.844,
        0,
        4,
        -4.448,
        0,
        4.433,
        -3.354,
        0,
        4.683,
        -5.08,
        1,
        4.878,
        -5.08,
        5.072,
        -4.828,
        5.267,
        -2.928,
        1,
        5.372,
        -1.897,
        5.478,
        1,
        5.583,
        1,
        0,
        6,
        0
      ]
    },
    {
      "Target": "Parameter",
      "Id": "ParamArmRStretch",
      "FadeInTime": -1.0,
      "FadeOutTime": -1.0,
      "Segments": [
        0,
        0,
        1,
        0.3,
        0,
        0.6,
        -21.684,
        0.9,
        -24,
        1,
        1.211,
        -26.402,
        1.522,
        -26,
        1.833,
        -26,
        0,
        2.5,
        -15,
        2,
        4.867,
        -15,
        0,
        5.667,
        0,
        2,
        6,
        0
      ]
    },
    {
      "Target": "Parameter",
      "Id": "ParamForearmRAngle",
      "FadeInTime": -1.0,
      "FadeOutTime": -1.0,
      "Segments": [
        0,
        0,
        1,
        0.161,
        0,
        0.322,
        0.243,
        0.483,
        -3,
        1,
        0.622,
        -5.795,
        0.761,
        -23,
        0.9,
        -23,
        1,
        1.211,
        -23,
        1.522,
        -22.744,
        1.833,
        -21.11,
        1,
        1.955,
        -20.468,
        2.078,
        -17.075,
        2.2,
        -17.075,
        0,
        2.5,
        -26,
        0,
        2.783,
        -24.583,
        0,
        3.267,
        -26.281,
        0,
        3.9,
        -25.173,
        1,
        4.056,
        -25.173,
        4.211,
        -25.737,
        4.367,
        -25.795,
        1,
        4.495,
        -25.843,
        4.622,
        -25.83,
        4.75,
        -25.83,
        1,
        4.856,
        -25.83,
        4.961,
        -26.707,
        5.067,
        -22.676,
        1,
        5.261,
        -15.25,
        5.456,
        3,
        5.65,
        3,
        0,
        6,
        0
      ]
    },
    {
      "Target": "Parameter",
      "Id": "ParamForearmRAngleZ2",
      "FadeInTime": -1.0,
      "FadeOutTime": -1.0,
      "Segments": [
        0,
        0,
        0,
        0.9,
        -0.42,
        2,
        1.833,
        -0.42,
        2,
        2.5,
        -0.42,
        2,
        4.867,
        -0.42,
        0,
        5.667,
        0,
        2,
        6,
        0
      ]
    },
    {
      "Target": "Parameter",
      "Id": "ParamForearmRAngle2",
      "FadeInTime": -1.0,
      "FadeOutTime": -1.0,
      "Segments": [
        0,
        0,
        0,
        1.833,
        -6.597,
        2,
        2.5,
        -6.597,
        2,
        4.867,
        -6.597,
        0,
        5.667,
        0,
        2,
        6,
        0
      ]
    },
    {
      "Target": "Parameter",
      "Id": "ParamHandRStretch",
      "FadeInTime": -1.0,
      "FadeOutTime": -1.0,
      "Segments": [
        0,
        0,
        0,
        0.583,
        7,
        0,
        0.9,
        -23,
        2,
        1.833,
        -23,
        0,
        2.5,
        0,
        2,
        4.867,
        0,
        2,
        5.667,
        0,
        2,
        6,
        0
      ]
    },
    {
      "Target": "Parameter",
      "Id": "Param3",
      "FadeInTime": -1.0,
      "FadeOutTime": -1.0,
      "Segments": [
        0,
        0,
        0,
        0.733,
        30,
        2,
        1.833,
        30,
        0,
        2.2,
        0,
        2,
        4.867,
        0,
        2,
        5.667,
        0,
        2,
        6,
        0
      ]
    },
    {
      "Target": "Parameter",
      "Id": "ParamArmR",
      "FadeInTime": -1.0,
      "FadeOutTime": -1.0,
      "Segments": [
        0,
        0,
        0,
        0.9,
        16,
        0,
        1.833,
        0,
        2,
        2.5,
        0,
        2,
        4.867,
        0,
        2,
        5.667,
        0,
        2,
        6,
        0
      ]
    },
    {
      "Target": "Parameter",
      "Id": "ParamHandRAngle",
      "FadeInTime": -1.0,
      "FadeOutTime": -1.0,
      "Segments": [
        0,
        0,
        0,
        0.35,
        -6.45,
        0,
        0.583,
        18.541,
        0,
        0.983,
        10,
        0,
        1.833,
        13.54,
        0,
        2.017,
        -6.704,
        0,
        2.517,
        29.706,
        0,
        2.8,
        26.094,
        0,
        3.15,
        27.051,
        0,
        3.6,
        25.374,
        0,
        4.1,
        26.686,
        1,
        4.244,
        26.686,
        4.389,
        26.598,
        4.533,
        26,
        1,
        4.644,
        25.54,
        4.756,
        25.3,
        4.867,
        23.7,
        1,
        5.011,
        21.62,
        5.156,
        -17.313,
        5.3,
        -17.313,
        0,
        6,
        0
      ]
    },
    {
      "Target": "Parameter",
      "Id": "ParamHandRChange2",
      "FadeInTime": -1.0,
      "FadeOutTime": -1.0,
      "Segments": [
        0,
        0,
        2,
        0.9,
        0,
        2,
        1.767,
        0,
        0,
        2.1,
        30,
        0,
        2.117,
        0,
        2,
        4.867,
        0,
        2,
        5.667,
        0,
        2,
        6,
        0
      ]
    },
    {
      "Target": "Parameter",
      "Id": "ParamHandRChange",
      "FadeInTime": -1.0,
      "FadeOutTime": -1.0,
      "Segments": [
        0,
        0,
        0,
        0.9,
        30,
        2,
        1.767,
        30,
        0,
        2.1,
        -30,
        0,
        2.117,
        30,
        2,
        4.867,
        30,
        0,
        5.667,
        0,
        2,
        6,
        0
      ]
    },
    {
      "Target": "Parameter",
      "Id": "ParamHandRAnimation",
      "FadeInTime": -1.0,
      "FadeOutTime": -1.0,
      "Segments": [
        0,
        0,
        2,
        0.9,
        0,
        2,
        1.767,
        0,
        0,
        2.1,
        30,
        0,
        2.117,
        0,
        2,
        4.867,
        0,
        2,
        5.667,
        0,
        2,
        6,
        0
      ]
    },
    {
      "Target": "Parameter",
      "Id": "ParamhandR",
      "FadeInTime": -1.0,
      "FadeOutTime": -1.0,
      "Segments": [
        0,
        0,
        0,
        0.9,
        -20.4,
        2,
        1.833,
        -20.4,
        0,
        2.5,
        0,
        2,
        6,
        0
      ]
    },
    {
      "Target": "Parameter",
      "Id": "ParamHandRREDisplay",
      "FadeInTime": -1.0,
      "FadeOutTime": -1.0,
      "Segments": [
        0,
        1,
        2,
        0.667,
        1,
        0,
        0.683,
        0,
        2,
        2.1,
        0,
        0,
        2.117,
        1,
        2,
        6,
        1
      ]
    },
    {
      "Target": "Parameter",
      "Id": "ParamHandR4Display",
      "FadeInTime": -1.0,
      "FadeOutTime": -1.0,
      "Segments": [
        0,
        0,
        2,
        0.667,
        0,
        0,
        0.683,
        1,
        2,
        2.1,
        1,
        0,
        2.117,
        0,
        2,
        6,
        0
      ]
    },
    {
      "Target": "Parameter",
      "Id": "ParamLegLAngleX",
      "FadeInTime": -1.0,
      "FadeOutTime": -1.0,
      "Segments": [
        0,
        0,
        0,
        0.533,
        3.042,
        1,
        0.728,
        3.042,
        0.922,
        -51.573,
        1.117,
        -53.131,
        1,
        1.35,
        -55.001,
        1.584,
        -54.731,
        1.817,
        -54.731,
        0,
        2.817,
        -51.358,
        0,
        3.65,
        -53,
        0,
        4.65,
        30,
        2,
        5.383,
        30,
        0,
        6,
        0
      ]
    },
    {
      "Target": "Parameter",
      "Id": "ParamLegLAngleY",
      "FadeInTime": -1.0,
      "FadeOutTime": -1.0,
      "Segments": [
        0,
        0,
        0,
        0.483,
        18,
        0,
        1,
        0,
        2,
        3.917,
        0,
        0,
        4.383,
        19,
        0,
        4.917,
        0,
        2,
        5.65,
        0,
        2,
        6,
        0
      ]
    },
    {
      "Target": "Parameter",
      "Id": "ParamLegRAngleX",
      "FadeInTime": -1.0,
      "FadeOutTime": -1.0,
      "Segments": [
        0,
        0,
        0,
        0.7,
        -3.047,
        1,
        0.889,
        -3.047,
        1.078,
        26.273,
        1.267,
        27.5,
        1,
        1.489,
        28.943,
        1.711,
        28.724,
        1.933,
        28.724,
        0,
        2.933,
        23.845,
        0,
        3.567,
        27.5,
        0,
        4.683,
        -30,
        0,
        6,
        0
      ]
    },
    {
      "Target": "Parameter",
      "Id": "ParamLegRAngleY",
      "FadeInTime": -1.0,
      "FadeOutTime": -1.0,
      "Segments": [
        0,
        0,
        2,
        0.617,
        0,
        0,
        0.933,
        17,
        0,
        1.25,
        0,
        0,
        1.917,
        5.347,
        1,
        2.284,
        5.347,
        2.65,
        5.075,
        3.017,
        3.308,
        1,
        3.289,
        1.996,
        3.561,
        0,
        3.833,
        0,
        0,
        4.85,
        3.308,
        0,
        6,
        0
      ]
    },
    {
      "Target": "Parameter",
      "Id": "ParamAngleX",
      "FadeInTime": -1.0,
      "FadeOutTime": -1.0,
      "Segments": [
        0,
        0,
        0,
        0.583,
        -0.738,
        0,
        0.95,
        5.182,
        1,
        1.106,
        5.182,
        1.261,
        5.552,
        1.417,
        4,
        1,
        1.634,
        1.839,
        1.85,
        -7.293,
        2.067,
        -7.293,
        0,
        2.5,
        0,
        2,
        6,
        0
      ]
    },
    {
      "Target": "Parameter",
      "Id": "ParamAngleY",
      "FadeInTime": -1.0,
      "FadeOutTime": -1.0,
      "Segments": [
        0,
        0,
        0,
        0.583,
        20,
        1,
        0.789,
        20,
        0.994,
        -23.532,
        1.2,
        -27,
        1,
        1.411,
        -30,
        1.622,
        -30,
        1.833,
        -30,
        0,
        2.3,
        -1.636,
        0,
        2.933,
        -25.327,
        0,
        3.35,
        14.463,
        0,
        3.867,
        -19.175,
        0,
        4.267,
        6.937,
        0,
        4.75,
        -19.699,
        1,
        4.889,
        -19.699,
        5.028,
        -19.984,
        5.167,
        -17.67,
        1,
        5.289,
        -15.634,
        5.411,
        11.584,
        5.533,
        11.584,
        0,
        6,
        0
      ]
    },
    {
      "Target": "Parameter",
      "Id": "ParamAngleZ",
      "FadeInTime": -1.0,
      "FadeOutTime": -1.0,
      "Segments": [
        0,
        0,
        0,
        0.433,
        -7,
        0,
        0.85,
        4,
        1,
        1.017,
        4,
        1.183,
        -0.446,
        1.35,
        -2,
        1,
        1.561,
        -3.968,
        1.772,
        -4,
        1.983,
        -4,
        0,
        2.483,
        0.479,
        0,
        2.983,
        -21.783,
        0,
        3.383,
        -20.754,
        0,
        3.967,
        -22.403,
        0,
        4.4,
        -6,
        0,
        4.85,
        -14,
        1,
        5,
        -14,
        5.15,
        -14.387,
        5.3,
        -11.925,
        1,
        5.533,
        -8.095,
        5.767,
        0,
        6,
        0
      ]
    },
    {
      "Target": "Parameter",
      "Id": "ParamBodyAngleX",
      "FadeInTime": -1.0,
      "FadeOutTime": -1.0,
      "Segments": [
        0,
        0,
        0,
        0.483,
        -2.512,
        0,
        0.917,
        2.408,
        1,
        1.061,
        2.408,
        1.206,
        0.388,
        1.35,
        -0.132,
        1,
        1.589,
        -0.992,
        1.828,
        -1.042,
        2.067,
        -1.042,
        1,
        2.2,
        -1.042,
        2.334,
        -0.378,
        2.467,
        1.018,
        1,
        2.672,
        3.17,
        2.878,
        4.28,
        3.083,
        4.28,
        0,
        3.5,
        -0.37,
        0,
        4.117,
        6.639,
        1,
        4.289,
        6.639,
        4.461,
        1.01,
        4.633,
        0,
        1,
        4.805,
        -1.01,
        4.978,
        -0.859,
        5.15,
        -0.859,
        0,
        6,
        0
      ]
    },
    {
      "Target": "Parameter",
      "Id": "ParamBodyStretch",
      "FadeInTime": -1.0,
      "FadeOutTime": -1.0,
      "Segments": [
        0,
        0,
        0,
        0.317,
        -1.573,
        0,
        0.6,
        4,
        1,
        0.778,
        4,
        0.955,
        1.066,
        1.133,
        0.553,
        1,
        1.344,
        -0.056,
        1.556,
        0,
        1.767,
        0,
        0,
        2.25,
        2.438,
        0,
        2.85,
        -1.107,
        0,
        3.183,
        2,
        0,
        3.717,
        0.571,
        0,
        4.2,
        1.228,
        0,
        4.667,
        -3.209,
        1,
        4.828,
        -3.209,
        4.989,
        -3.27,
        5.15,
        -2.766,
        1,
        5.283,
        -2.349,
        5.417,
        1.694,
        5.55,
        1.694,
        0,
        6,
        0
      ]
    },
    {
      "Target": "Parameter",
      "Id": "ParamBodyUp",
      "FadeInTime": -1.0,
      "FadeOutTime": -1.0,
      "Segments": [
        0,
        0,
        1,
        0.083,
        0,
        0.167,
        1.667,
        0.25,
        5,
        1,
        0.333,
        8.333,
        0.417,
        10,
        0.5,
        10,
        1,
        0.672,
        10,
        0.845,
        1.855,
        1.017,
        1,
        1,
        1.239,
        0,
        1.461,
        0,
        1.683,
        0,
        0,
        2.133,
        3.717,
        0,
        2.667,
        1.047,
        0,
        3.05,
        5.6,
        0,
        3.6,
        4.3,
        0,
        4.1,
        5.127,
        0,
        4.5,
        1.1,
        0,
        4.867,
        3.416,
        1,
        5.05,
        3.416,
        5.234,
        1.717,
        5.417,
        0.89,
        1,
        5.611,
        0.013,
        5.806,
        0,
        6,
        0
      ]
    },
    {
      "Target": "Parameter",
      "Id": "ParamShoulderLStretch",
      "FadeInTime": -1.0,
      "FadeOutTime": -1.0,
      "Segments": [
        0,
        0,
        0,
        0.3,
        -1.439,
        0,
        0.683,
        7.034,
        1,
        0.855,
        7.034,
        1.028,
        3.176,
        1.2,
        2.883,
        1,
        1.422,
        2.505,
        1.645,
        2.548,
        1.867,
        2.548,
        0,
        2.267,
        9.668,
        0,
        2.767,
        2.393,
        0,
        3.233,
        5.539,
        1,
        3.416,
        5.539,
        3.6,
        4.261,
        3.783,
        1.991,
        1,
        4.011,
        -0.83,
        4.239,
        -2.108,
        4.467,
        -2.108,
        0,
        4.783,
        0.418,
        0,
        5.317,
        -2.784,
        0,
        6,
        0
      ]
    },
    {
      "Target": "Parameter",
      "Id": "ParamShoulderRStretch",
      "FadeInTime": -1.0,
      "FadeOutTime": -1.0,
      "Segments": [
        0,
        0,
        0,
        0.3,
        -1.439,
        0,
        0.683,
        7.034,
        1,
        0.855,
        7.034,
        1.028,
        3.176,
        1.2,
        2.883,
        1,
        1.422,
        2.505,
        1.645,
        2.548,
        1.867,
        2.548,
        0,
        2.267,
        9.668,
        0,
        2.767,
        3.33,
        0,
        3.15,
        5.689,
        0,
        3.733,
        2.878,
        0,
        4.15,
        5,
        0,
        4.7,
        0.079,
        0,
        5.45,
        6,
        0,
        6,
        0
      ]
    },
    {
      "Target": "Parameter",
      "Id": "ParamLowerBodyX",
      "FadeInTime": -1.0,
      "FadeOutTime": -1.0,
      "Segments": [
        0,
        0,
        0,
        0.55,
        3,
        0,
        1.05,
        -3,
        1,
        1.189,
        -3,
        1.328,
        -0.513,
        1.467,
        -0.227,
        1,
        1.7,
        0.253,
        1.934,
        0.252,
        2.167,
        0.252,
        0,
        2.583,
        -1,
        0,
        3.183,
        4.211,
        0,
        3.6,
        -2.891,
        0,
        4.2,
        2,
        1,
        4.306,
        2,
        4.411,
        -0.054,
        4.517,
        -0.406,
        1,
        4.622,
        -0.758,
        4.728,
        -0.629,
        4.833,
        -1,
        1,
        4.994,
        -1.567,
        5.156,
        -3,
        5.317,
        -3,
        0,
        6,
        0
      ]
    },
    {
      "Target": "Parameter",
      "Id": "ParamChestZ",
      "FadeInTime": -1.0,
      "FadeOutTime": -1.0,
      "Segments": [
        0,
        0,
        0,
        0.35,
        -0.621,
        0,
        0.75,
        1.241,
        1,
        0.911,
        1.241,
        1.072,
        -0.028,
        1.233,
        -0.394,
        1,
        1.455,
        -0.899,
        1.678,
        -0.906,
        1.9,
        -0.906,
        0,
        2.367,
        0.727,
        1,
        2.461,
        0.727,
        2.556,
        0.575,
        2.65,
        0,
        1,
        2.711,
        -0.372,
        2.772,
        -0.783,
        2.833,
        -0.783,
        0,
        3.267,
        -0.151,
        0,
        3.783,
        -0.571,
        0,
        4.3,
        0.605,
        1,
        4.456,
        0.605,
        4.611,
        -0.532,
        4.767,
        -1.077,
        1,
        4.911,
        -1.583,
        5.056,
        -1.566,
        5.2,
        -1.566,
        0,
        6,
        0
      ]
    },
    {
      "Target": "Parameter",
      "Id": "ParamWaistZ",
      "FadeInTime": -1.0,
      "FadeOutTime": -1.0,
      "Segments": [
        0,
        0,
        0,
        0.2,
        -0.621,
        0,
        0.6,
        1.241,
        1,
        0.761,
        1.241,
        0.922,
        -0.028,
        1.083,
        -0.394,
        1,
        1.305,
        -0.899,
        1.528,
        -0.905,
        1.75,
        -0.905,
        0,
        2.217,
        0.727,
        1,
        2.311,
        0.727,
        2.406,
        0.035,
        2.5,
        0,
        1,
        2.694,
        -0.073,
        2.889,
        -0.068,
        3.083,
        -0.151,
        1,
        3.255,
        -0.225,
        3.428,
        -0.571,
        3.6,
        -0.571,
        0,
        4.117,
        1,
        1,
        4.267,
        1,
        4.417,
        -0.415,
        4.567,
        -0.878,
        1,
        4.745,
        -1.427,
        4.922,
        -1.416,
        5.1,
        -1.416,
        0,
        6,
        0
      ]
    },
    {
      "Target": "Parameter",
      "Id": "ParamButtZ",
      "FadeInTime": -1.0,
      "FadeOutTime": -1.0,
      "Segments": [
        0,
        0,
        0,
        0.267,
        1.415,
        0,
        0.717,
        -3.643,
        0,
        1.2,
        5.237,
        1,
        1.328,
        5.237,
        1.455,
        0.857,
        1.583,
        0.778,
        1,
        1.828,
        0.627,
        2.072,
        0.643,
        2.317,
        0.478,
        1,
        2.484,
        0.365,
        2.65,
        -3.643,
        2.817,
        -3.643,
        1,
        2.984,
        -3.643,
        3.15,
        -1.918,
        3.317,
        2.643,
        1,
        3.461,
        6.596,
        3.606,
        9.253,
        3.75,
        9.253,
        0,
        4.233,
        -4.264,
        0,
        4.567,
        3.623,
        1,
        4.672,
        3.623,
        4.778,
        1.562,
        4.883,
        0.449,
        1,
        5.066,
        -1.485,
        5.25,
        -1.835,
        5.433,
        -1.835,
        0,
        6,
        0
      ]
    },
    {
      "Target": "Parameter",
      "Id": "Param6",
      "FadeInTime": -1.0,
      "FadeOutTime": -1.0,
      "Segments": [
        0,
        0,
        2,
        2.5,
        0,
        0,
        2.9,
        3.27,
        0,
        3.45,
        -3.206,
        0,
        4,
        23.869,
        1,
        4.206,
        23.869,
        4.411,
        -5.902,
        4.617,
        -7.901,
        1,
        4.817,
        -9.846,
        5.017,
        -9.452,
        5.217,
        -9.452,
        0,
        6,
        0
      ]
    },
    {
      "Target": "Parameter",
      "Id": "ParamBrowLAngle",
      "FadeInTime": -1.0,
      "FadeOutTime": -1.0,
      "Segments": [
        0,
        0,
        0,
        0.867,
        0.4,
        2,
        2.917,
        0.4,
        0,
        3.167,
        0,
        2,
        6,
        0
      ]
    },
    {
      "Target": "Parameter",
      "Id": "ParamBrowLForm",
      "FadeInTime": -1.0,
      "FadeOutTime": -1.0,
      "Segments": [
        0,
        0,
        0,
        0.867,
        -0.4,
        2,
        2.917,
        -0.4,
        0,
        3.167,
        0,
        2,
        6,
        0
      ]
    },
    {
      "Target": "Parameter",
      "Id": "ParamBrowRAngle",
      "FadeInTime": -1.0,
      "FadeOutTime": -1.0,
      "Segments": [
        0,
        0,
        0,
        0.867,
        0.3,
        2,
        2.917,
        0.3,
        0,
        3.167,
        0,
        2,
        6,
        0
      ]
    },
    {
      "Target": "Parameter",
      "Id": "ParamBrowRForm",
      "FadeInTime": -1.0,
      "FadeOutTime": -1.0,
      "Segments": [
        0,
        0,
        0,
        0.867,
        -0.4,
        2,
        2.917,
        -0.4,
        0,
        3.167,
        0,
        2,
        6,
        0
      ]
    },
    {
      "Target": "Parameter",
      "Id": "ParamEyeLOpen",
      "FadeInTime": -1.0,
      "FadeOutTime": -1.0,
      "Segments": [
        0,
        1,
        2,
        0.65,
        1,
        0,
        0.867,
        0,
        2,
        1.883,
        0,
        0,
        2.583,
        1,
        0,
        2.917,
        0,
        0,
        3.167,
        1,
        2,
        6,
        1
      ]
    },
    {
      "Target": "Parameter",
      "Id": "ParamEyeROpen",
      "FadeInTime": -1.0,
      "FadeOutTime": -1.0,
      "Segments": [
        0,
        1,
        2,
        0.65,
        1,
        0,
        0.867,
        0,
        2,
        1.883,
        0,
        0,
        2.583,
        1,
        0,
        2.917,
        0,
        0,
        3.167,
        1,
        2,
        6,
        1
      ]
    },
    {
      "Target": "Parameter",
      "Id": "ParamEyeformL",
      "FadeInTime": -1.0,
      "FadeOutTime": -1.0,
      "Segments": [
        0,
        0,
        0,
        0.867,
        -0.3,
        2,
        2.917,
        -0.3,
        0,
        6,
        0
      ]
    },
    {
      "Target": "Parameter",
      "Id": "ParamEyeformR",
      "FadeInTime": -1.0,
      "FadeOutTime": -1.0,
      "Segments": [
        0,
        0,
        0,
        0.867,
        -0.4,
        2,
        2.917,
        -0.4,
        0,
        6,
        0
      ]
    },
    {
      "Target": "Parameter",
      "Id": "ParamMouth",
      "FadeInTime": -1.0,
      "FadeOutTime": -1.0,
      "Segments": [
        0,
        0,
        0,
        0.867,
        30,
        0,
        6,
        0
      ]
    },
    {
      "Target": "Parameter",
      "Id": "ParamMouthForm",
      "FadeInTime": -1.0,
      "FadeOutTime": -1.0,
      "Segments": [
        0,
        0,
        0,
        0.867,
        0.6,
        0,
        2.383,
        0,
        0,
        2.517,
        0.75,
        0,
        2.75,
        -0.984,
        0,
        2.85,
        0.764,
        0,
        3.15,
        -0.254,
        0,
        3.283,
        1,
        0,
        3.717,
        -0.984,
        0,
        3.883,
        0.592,
        0,
        3.983,
        -1,
        0,
        4.15,
        0.6,
        0,
        4.45,
        0,
        2,
        6,
        0
      ]
    },
    {
      "Target": "Parameter",
      "Id": "ParamMouthOpenY",
      "FadeInTime": -1.0,
      "FadeOutTime": -1.0,
      "Segments": [
        0,
        0,
        2,
        0.867,
        0,
        2,
        2.383,
        0,
        0,
        2.517,
        0.875,
        0,
        2.583,
        0.016,
        0,
        2.65,
        0.906,
        0,
        2.75,
        0.008,
        0,
        2.85,
        0.882,
        0,
        2.917,
        0.333,
        0,
        2.95,
        0.882,
        0,
        3.017,
        0.49,
        0,
        3.083,
        0.757,
        0,
        3.15,
        0.373,
        0,
        3.283,
        1,
        0,
        3.417,
        0.612,
        0,
        3.483,
        0.882,
        0,
        3.583,
        0,
        2,
        3.617,
        0,
        0,
        3.683,
        0.82,
        0,
        3.717,
        0.008,
        0,
        3.883,
        0.796,
        0,
        3.983,
        0,
        0,
        4.15,
        0.449,
        0,
        4.45,
        0,
        2,
        6,
        0
      ]
    },
    {
      "Target": "Parameter",
      "Id": "Param_Angle_Rotation_1_Tail_D4",
      "FadeInTime": -1.0,
      "FadeOutTime": -1.0,
      "Segments": [
        0,
        -6.41,
        0,
        0.617,
        4,
        0,
        1.917,
        -7.451,
        1,
        2.006,
        -7.451,
        2.094,
        -7.572,
        2.183,
        -6.41,
        1,
        2.644,
        -0.38,
        3.106,
        4,
        3.567,
        4,
        0,
        5.633,
        -7.451,
        0,
        6,
        -6.41
      ]
    },
    {
      "Target": "Parameter",
      "Id": "Param_Angle_Rotation_3_Tail_D4",
      "FadeInTime": -1.0,
      "FadeOutTime": -1.0,
      "Segments": [
        0,
        25,
        0,
        0.767,
        14,
        0,
        2.183,
        25,
        0,
        4.067,
        14,
        0,
        6,
        25
      ]
    },
    {
      "Target": "Parameter",
      "Id": "Param_Angle_Rotation_5_Tail_D4",
      "FadeInTime": -1.0,
      "FadeOutTime": -1.0,
      "Segments": [
        0,
        5.14,
        0,
        0.2,
        0.043,
        0,
        1.017,
        25.42,
        1,
        1.406,
        25.42,
        1.794,
        15.448,
        2.183,
        5.14,
        1,
        2.372,
        0.133,
        2.561,
        0.043,
        2.75,
        0.043,
        0,
        4.617,
        25.42,
        0,
        6,
        5.14
      ]
    },
    {
      "Target": "Parameter",
      "Id": "Param_Angle_Rotation_7_Tail_D4",
      "FadeInTime": -1.0,
      "FadeOutTime": -1.0,
      "Segments": [
        0,
        14.6,
        0,
        0.4,
        10,
        0,
        1.65,
        19,
        1,
        1.828,
        19,
        2.005,
        16.651,
        2.183,
        14.6,
        1,
        2.494,
        11.01,
        2.806,
        10,
        3.117,
        10,
        0,
        5.033,
        19,
        0,
        6,
        14.6
      ]
    },
    {
      "Target": "Parameter",
      "Id": "Param_Angle_Rotation_1_Tail_U4",
      "FadeInTime": -1.0,
      "FadeOutTime": -1.0,
      "Segments": [
        0,
        5.23,
        0,
        0.767,
        -10,
        0,
        2.183,
        5.23,
        0,
        4.05,
        -10,
        0,
        6,
        5.23
      ]
    },
    {
      "Target": "Parameter",
      "Id": "Param_Angle_Rotation_2_Tail_U4",
      "FadeInTime": -1.0,
      "FadeOutTime": -1.0,
      "Segments": [
        0,
        11.47,
        0,
        0.117,
        15.88,
        0,
        0.883,
        -9,
        1,
        1.211,
        -9,
        1.539,
        -6.925,
        1.867,
        -0.295,
        1,
        1.972,
        1.84,
        2.078,
        8.228,
        2.183,
        11.47,
        1,
        2.294,
        14.883,
        2.406,
        15.88,
        2.517,
        15.88,
        0,
        4.367,
        -9,
        1,
        4.761,
        -9,
        5.156,
        -7.47,
        5.55,
        -0.295,
        1,
        5.7,
        2.434,
        5.85,
        11.47,
        6,
        11.47
      ]
    },
    {
      "Target": "Parameter",
      "Id": "Param_Angle_Rotation_3_Tail_U4",
      "FadeInTime": -1.0,
      "FadeOutTime": -1.0,
      "Segments": [
        0,
        -16.6,
        1,
        0.039,
        -16.6,
        0.078,
        -17.908,
        0.117,
        -19.322,
        1,
        0.167,
        -21.14,
        0.217,
        -23.167,
        0.267,
        -24,
        1,
        0.528,
        -28.349,
        0.789,
        -30,
        1.05,
        -30,
        0,
        2.017,
        -15.176,
        1,
        2.072,
        -15.176,
        2.128,
        -16.051,
        2.183,
        -16.6,
        1,
        2.294,
        -17.697,
        2.406,
        -18.19,
        2.517,
        -19.322,
        1,
        2.634,
        -20.511,
        2.75,
        -23.19,
        2.867,
        -24,
        1,
        3.495,
        -28.356,
        4.122,
        -30,
        4.75,
        -30,
        0,
        5.55,
        -15.176,
        0,
        6,
        -16.6
      ]
    },
    {
      "Target": "Parameter",
      "Id": "Param_Angle_Rotation_4_Tail_U4",
      "FadeInTime": -1.0,
      "FadeOutTime": -1.0,
      "Segments": [
        0,
        -17.311,
        0,
        0.433,
        -5,
        0,
        1.717,
        -45,
        1,
        1.872,
        -45,
        2.028,
        -22.202,
        2.183,
        -17.311,
        1,
        2.522,
        -6.657,
        2.861,
        -5,
        3.2,
        -5,
        0,
        5.217,
        -45,
        0,
        6,
        -17.311
      ]
    },
    {
      "Target": "Parameter",
      "Id": "Param_Angle_Rotation_5_Tail_U4",
      "FadeInTime": -1.0,
      "FadeOutTime": -1.0,
      "Segments": [
        0,
        -38.36,
        0,
        0.6,
        5,
        0,
        2.017,
        -45,
        1,
        2.072,
        -45,
        2.128,
        -42.09,
        2.183,
        -38.36,
        1,
        2.622,
        -8.893,
        3.061,
        5,
        3.5,
        5,
        0,
        5.583,
        -45,
        0,
        6,
        -38.36
      ]
    },
    {
      "Target": "Parameter",
      "Id": "Param_Angle_Rotation_6_Tail_U4",
      "FadeInTime": -1.0,
      "FadeOutTime": -1.0,
      "Segments": [
        0,
        -40.22,
        0,
        0.05,
        -41.16,
        0,
        0.833,
        12.2,
        1,
        1.283,
        12.2,
        1.733,
        -23.275,
        2.183,
        -40.22,
        1,
        2.25,
        -42.73,
        2.316,
        -41.16,
        2.383,
        -41.16,
        0,
        4.2,
        4,
        0,
        6,
        -40.22
      ]
    },
    {
      "Target": "Parameter",
      "Id": "Param_Angle_Rotation_7_Tail_U4",
      "FadeInTime": -1.0,
      "FadeOutTime": -1.0,
      "Segments": [
        0,
        -21.04,
        0,
        0.15,
        -26.45,
        0,
        0.933,
        32.5,
        1,
        1.35,
        32.5,
        1.766,
        2.309,
        2.183,
        -21.04,
        1,
        2.311,
        -28.2,
        2.439,
        -26.45,
        2.567,
        -26.45,
        0,
        4.433,
        32.5,
        0,
        6,
        -21.04
      ]
    },
    {
      "Target": "Parameter",
      "Id": "Param_Angle_Rotation_8_Tail_U4",
      "FadeInTime": -1.0,
      "FadeOutTime": -1.0,
      "Segments": [
        0,
        6.58,
        0,
        0.217,
        -8.25,
        0,
        1.017,
        54.3,
        1,
        1.406,
        54.3,
        1.794,
        32.378,
        2.183,
        6.58,
        1,
        2.383,
        -6.687,
        2.583,
        -8.25,
        2.783,
        -8.25,
        0,
        4.667,
        29,
        0,
        6,
        6.58
      ]
    },
    {
      "Target": "Parameter",
      "Id": "Param_Angle_Rotation_9_Tail_U4",
      "FadeInTime": -1.0,
      "FadeOutTime": -1.0,
      "Segments": [
        0,
        21,
        0,
        0.333,
        3.91,
        0,
        1.1,
        44.1,
        1,
        1.461,
        44.1,
        1.822,
        35.999,
        2.183,
        21,
        1,
        2.466,
        9.231,
        2.75,
        3.91,
        3.033,
        3.91,
        0,
        4.933,
        44.1,
        0,
        6,
        21
      ]
    },
    {
      "Target": "Parameter",
      "Id": "Param_Angle_Rotation50",
      "FadeInTime": -1.0,
      "FadeOutTime": -1.0,
      "Segments": [
        0,
        27.99,
        0,
        0.467,
        3.542,
        0,
        1.833,
        40.674,
        1,
        1.95,
        40.674,
        2.066,
        33.685,
        2.183,
        27.99,
        1,
        2.55,
        10.093,
        2.916,
        3.542,
        3.283,
        3.542,
        0,
        5.217,
        40.674,
        0,
        6,
        27.99
      ]
    },
    {
      "Target": "Parameter",
      "Id": "Param_Angle_Rotation49",
      "FadeInTime": -1.0,
      "FadeOutTime": -1.0,
      "Segments": [
        0,
        21.02,
        0,
        0.483,
        -19.984,
        0,
        1.9,
        37.38,
        1,
        1.994,
        37.38,
        2.089,
        28.69,
        2.183,
        21.02,
        1,
        2.544,
        -8.306,
        2.906,
        -19.984,
        3.267,
        -19.984,
        0,
        5.333,
        37.38,
        0,
        6,
        21.02
      ]
    },
    {
      "Target": "Parameter",
      "Id": "Hair_physics",
      "FadeInTime": -1.0,
      "FadeOutTime": -1.0,
      "Segments": [
        0,
        0,
        0,
        0.483,
        0.5,
        0,
        0.967,
        0,
        2,
        2.583,
        0,
        0,
        2.9,
        1,
        2,
        4.45,
        1,
        0,
        4.833,
        0,
        2,
        6,
        0
      ]
    },
    {
      "Target": "Parameter",
      "Id": "OP_physics",
      "FadeInTime": -1.0,
      "FadeOutTime": -1.0,
      "Segments": [
        0,
        0,
        0,
        0.483,
        0.9,
        0,
        0.967,
        0,
        2,
        2.583,
        0,
        1,
        2.683,
        0,
        2.783,
        0.456,
        2.883,
        0.5,
        1,
        3.411,
        0.733,
        3.939,
        0.8,
        4.467,
        0.8,
        0,
        4.833,
        0,
        2,
        6,
        0
      ]
    },
    {
      "Target": "Parameter",
      "Id": "ParamEye_PHY_L1",
      "FadeInTime": -1.0,
      "FadeOutTime": -1.0,
      "Segments": [
        0,
        0,
        2,
        0.65,
        0,
        0,
        0.85,
        -16.288,
        0,
        2.483,
        11.04,
        0,
        2.9,
        -9.586,
        0,
        3.15,
        10.122,
        1,
        4.1,
        10.122,
        5.05,
        5.778,
        6,
        2.782
      ]
    },
    {
      "Target": "Parameter",
      "Id": "ParamEye_PHY_L2",
      "FadeInTime": -1.0,
      "FadeOutTime": -1.0,
      "Segments": [
        0,
        0,
        2,
        0.65,
        0,
        0,
        0.833,
        -12.723,
        0,
        2.383,
        7.609,
        0,
        2.867,
        -10.25,
        0,
        3.15,
        9.275,
        0,
        4.3,
        -0.163,
        2,
        4.317,
        -0.163,
        1,
        4.878,
        -0.163,
        5.439,
        -0.093,
        6,
        -0.046
      ]
    },
    {
      "Target": "Parameter",
      "Id": "ParamEye_PHY_R",
      "FadeInTime": -1.0,
      "FadeOutTime": -1.0,
      "Segments": [
        0,
        0,
        2,
        0.65,
        0,
        0,
        0.85,
        -16.288,
        0,
        2.483,
        11.04,
        0,
        2.9,
        -9.586,
        0,
        3.15,
        10.122,
        1,
        4.1,
        10.122,
        5.05,
        5.778,
        6,
        2.782
      ]
    },
    {
      "Target": "Parameter",
      "Id": "ParamEye_PHY_R2",
      "FadeInTime": -1.0,
      "FadeOutTime": -1.0,
      "Segments": [
        0,
        0,
        2,
        0.65,
        0,
        0,
        0.833,
        -12.723,
        0,
        2.383,
        7.609,
        0,
        2.867,
        -10.25,
        0,
        3.15,
        9.275,
        0,
        4.3,
        -0.163,
        2,
        4.317,
        -0.163,
        1,
        4.878,
        -0.163,
        5.439,
        -0.093,
        6,
        -0.046
      ]
    },
    {
      "Target": "Parameter",
      "Id": "ParamOppai_PhyY1",
      "FadeInTime": -1.0,
      "FadeOutTime": -1.0,
      "Segments": [
        0,
        -0.009,
        0,
        0.283,
        -10.758,
        0,
        0.7,
        20.819,
        0,
        1.117,
        -18.898,
        0,
        1.533,
        11.422,
        0,
        1.95,
        -7.335,
        0,
        2.367,
        3.834,
        0,
        2.8,
        -12.122,
        0,
        3.183,
        11.117,
        0,
        3.633,
        -9.243,
        0,
        4.1,
        6.222,
        0,
        4.483,
        -1.3,
        0,
        4.733,
        11.197,
        0,
        5.05,
        -13.787,
        0,
        5.483,
        8.534,
        0,
        5.9,
        -5.4,
        1,
        5.933,
        -5.4,
        5.967,
        -4.846,
        6,
        -4.015
      ]
    },
    {
      "Target": "Parameter",
      "Id": "ParamOppai_PhyY2",
      "FadeInTime": -1.0,
      "FadeOutTime": -1.0,
      "Segments": [
        0,
        0.007,
        0,
        0.15,
        1.85,
        0,
        0.5,
        -18.317,
        0,
        0.917,
        25.584,
        0,
        1.317,
        -19.795,
        0,
        1.733,
        13.681,
        0,
        2.15,
        -8.941,
        0,
        2.55,
        4.532,
        0,
        2.983,
        -18.064,
        0,
        3.4,
        13.416,
        0,
        3.85,
        -11.775,
        0,
        4.333,
        6.734,
        0,
        4.633,
        -1.772,
        0,
        4.9,
        19.679,
        0,
        5.267,
        -16.495,
        0,
        5.683,
        10.575,
        1,
        5.789,
        10.575,
        5.894,
        -0.35,
        6,
        -4.902
      ]
    },
    {
      "Target": "Parameter",
      "Id": "ParamHairR1",
      "FadeInTime": -1.0,
      "FadeOutTime": -1.0,
      "Segments": [
        0,
        -0.001,
        0,
        0.3,
        -1.859,
        0,
        0.717,
        3.573,
        0,
        1.167,
        -2.721,
        0,
        1.6,
        2.09,
        0,
        2.1,
        -2.394,
        0,
        2.55,
        2.622,
        0,
        2.85,
        -4.902,
        0,
        3.2,
        2.407,
        0,
        4.05,
        -1.399,
        0,
        4.65,
        3.9,
        0,
        5.017,
        -5.213,
        0,
        5.45,
        2.251,
        0,
        5.967,
        -1.17,
        1,
        5.978,
        -1.17,
        5.989,
        -1.159,
        6,
        -1.138
      ]
    },
    {
      "Target": "Parameter",
      "Id": "ParamHairR2",
      "FadeInTime": -1.0,
      "FadeOutTime": -1.0,
      "Segments": [
        0,
        0.004,
        0,
        0.15,
        0.332,
        0,
        0.517,
        -3.542,
        0,
        0.933,
        5.315,
        0,
        1.383,
        -3.267,
        0,
        1.817,
        2.983,
        0,
        2.333,
        -3.566,
        0,
        2.733,
        4.343,
        0,
        3.033,
        -7.253,
        0,
        3.4,
        2.641,
        0,
        4.283,
        -2.354,
        0,
        4.85,
        7.205,
        0,
        5.233,
        -6.593,
        0,
        5.667,
        2.487,
        1,
        5.778,
        2.487,
        5.889,
        0.991,
        6,
        -0.131
      ]
    },
    {
      "Target": "Parameter",
      "Id": "ParamHairR3",
      "FadeInTime": -1.0,
      "FadeOutTime": -1.0,
      "Segments": [
        0,
        0.004,
        0,
        0.333,
        1.445,
        0,
        0.7,
        -4.099,
        0,
        1.083,
        4.616,
        0,
        1.5,
        -3.607,
        0,
        1.95,
        2.766,
        0,
        2.483,
        -2.936,
        0,
        2.883,
        6.514,
        0,
        3.183,
        -7.601,
        0,
        3.517,
        4.09,
        0,
        3.833,
        -1.06,
        0,
        4.117,
        1.123,
        0,
        4.467,
        -2.567,
        0,
        5.017,
        6.368,
        0,
        5.367,
        -6.751,
        0,
        5.717,
        3.252,
        1,
        5.811,
        3.252,
        5.906,
        2.299,
        6,
        1.294
      ]
    },
    {
      "Target": "Parameter",
      "Id": "ParamHairL1",
      "FadeInTime": -1.0,
      "FadeOutTime": -1.0,
      "Segments": [
        0,
        -0.003,
        0,
        0.283,
        -1.831,
        0,
        0.683,
        3.55,
        0,
        1.1,
        -3.157,
        0,
        1.533,
        2.343,
        0,
        1.983,
        -1.476,
        0,
        2.583,
        0.875,
        0,
        2.817,
        -5.676,
        0,
        3.167,
        5.576,
        0,
        3.583,
        -3.543,
        0,
        4,
        2.254,
        0,
        4.417,
        -1.434,
        0,
        4.717,
        5.307,
        0,
        5.067,
        -5.44,
        0,
        5.483,
        3.455,
        0,
        5.9,
        -2.196,
        1,
        5.933,
        -2.196,
        5.967,
        -1.989,
        6,
        -1.675
      ]
    },
    {
      "Target": "Parameter",
      "Id": "ParamHairL2",
      "FadeInTime": -1.0,
      "FadeOutTime": -1.0,
      "Segments": [
        0,
        0.004,
        0,
        0.15,
        0.331,
        0,
        0.517,
        -3.506,
        0,
        0.917,
        5.279,
        0,
        1.317,
        -4.131,
        0,
        1.733,
        3.266,
        0,
        2.2,
        -1.6,
        0,
        2.733,
        2.103,
        0,
        3.017,
        -9.319,
        0,
        3.367,
        7.487,
        0,
        3.783,
        -4.903,
        0,
        4.2,
        3.004,
        0,
        4.6,
        -2.85,
        0,
        4.917,
        9.18,
        0,
        5.283,
        -7.289,
        0,
        5.683,
        4.655,
        1,
        5.789,
        4.655,
        5.894,
        0.283,
        6,
        -1.815
      ]
    },
    {
      "Target": "Parameter",
      "Id": "ParamHairL3",
      "FadeInTime": -1.0,
      "FadeOutTime": -1.0,
      "Segments": [
        0,
        0.008,
        0,
        0.333,
        1.429,
        0,
        0.7,
        -3.997,
        0,
        1.067,
        5.25,
        0,
        1.45,
        -4.712,
        0,
        1.85,
        3.245,
        0,
        2.25,
        -1.47,
        0,
        2.883,
        5.117,
        0,
        3.183,
        -9.744,
        0,
        3.517,
        8.982,
        0,
        3.883,
        -5.821,
        0,
        4.3,
        3.514,
        0,
        4.75,
        -5.71,
        0,
        5.067,
        9.697,
        0,
        5.417,
        -8.692,
        0,
        5.8,
        5.697,
        1,
        5.867,
        5.697,
        5.933,
        3.428,
        6,
        1.16
      ]
    },
    {
      "Target": "Parameter",
      "Id": "Param_Angle_Rotation11",
      "FadeInTime": -1.0,
      "FadeOutTime": -1.0,
      "Segments": [
        0,
        -0.024,
        0,
        0.367,
        -3.515,
        0,
        0.883,
        6.689,
        0,
        1.45,
        -4.981,
        0,
        1.95,
        2.478,
        0,
        2.367,
        -1.969,
        0,
        2.6,
        0.33,
        0,
        2.85,
        -4.835,
        0,
        3.583,
        4.259,
        0,
        4.183,
        -5.408,
        0,
        4.733,
        10.805,
        0,
        5.317,
        -8.957,
        0,
        5.9,
        7.131,
        1,
        5.933,
        7.131,
        5.967,
        6.812,
        6,
        6.28
      ]
    },
    {
      "Target": "Parameter",
      "Id": "Param_Angle_Rotation12",
      "FadeInTime": -1.0,
      "FadeOutTime": -1.0,
      "Segments": [
        0,
        -0.019,
        0,
        0.367,
        -2.812,
        0,
        0.883,
        5.351,
        0,
        1.45,
        -3.985,
        0,
        1.95,
        1.982,
        0,
        2.367,
        -1.576,
        0,
        2.6,
        0.264,
        0,
        2.85,
        -3.868,
        0,
        3.583,
        3.407,
        0,
        4.183,
        -4.327,
        0,
        4.733,
        8.644,
        0,
        5.317,
        -7.165,
        0,
        5.9,
        5.705,
        1,
        5.933,
        5.705,
        5.967,
        5.45,
        6,
        5.024
      ]
    },
    {
      "Target": "Parameter",
      "Id": "Param_Angle_Rotation13",
      "FadeInTime": -1.0,
      "FadeOutTime": -1.0,
      "Segments": [
        0,
        -0.047,
        0,
        0.267,
        1.574,
        0,
        0.733,
        -7.025,
        0,
        1.3,
        9.425,
        0,
        1.867,
        -5.483,
        0,
        2.317,
        2.687,
        0,
        2.617,
        -1.664,
        0,
        2.833,
        1.441,
        0,
        3.217,
        -5.432,
        0,
        4.033,
        7.014,
        0,
        4.617,
        -9.257,
        0,
        5.117,
        13.616,
        0,
        5.733,
        -11.86,
        1,
        5.822,
        -11.86,
        5.911,
        -7.853,
        6,
        -3.401
      ]
    },
    {
      "Target": "Parameter",
      "Id": "Param_Angle_Rotation14",
      "FadeInTime": -1.0,
      "FadeOutTime": -1.0,
      "Segments": [
        0,
        -0.047,
        0,
        0.267,
        1.574,
        0,
        0.733,
        -7.025,
        0,
        1.3,
        9.425,
        0,
        1.867,
        -5.483,
        0,
        2.317,
        2.687,
        0,
        2.617,
        -1.664,
        0,
        2.833,
        1.441,
        0,
        3.217,
        -5.432,
        0,
        4.033,
        7.014,
        0,
        4.617,
        -9.257,
        0,
        5.117,
        13.616,
        0,
        5.733,
        -11.86,
        1,
        5.822,
        -11.86,
        5.911,
        -7.853,
        6,
        -3.401
      ]
    },
    {
      "Target": "Parameter",
      "Id": "Param_Angle_Rotation15",
      "FadeInTime": -1.0,
      "FadeOutTime": -1.0,
      "Segments": [
        0,
        0.115,
        0,
        0.067,
        0.095,
        0,
        0.517,
        2.075,
        0,
        1.033,
        -6.637,
        0,
        1.6,
        7.796,
        0,
        2.167,
        -4.264,
        0,
        2.617,
        1.848,
        0,
        2.817,
        1.184,
        0,
        2.983,
        1.686,
        0,
        3.65,
        -4.977,
        0,
        4.317,
        6.508,
        0,
        4.883,
        -9.668,
        0,
        5.433,
        11.96,
        1,
        5.622,
        11.959,
        5.811,
        -8.196,
        6,
        -10.435
      ]
    },
    {
      "Target": "Parameter",
      "Id": "Param_Angle_Rotation16",
      "FadeInTime": -1.0,
      "FadeOutTime": -1.0,
      "Segments": [
        0,
        0.115,
        0,
        0.067,
        0.095,
        0,
        0.517,
        2.075,
        0,
        1.033,
        -6.637,
        0,
        1.6,
        7.796,
        0,
        2.167,
        -4.264,
        0,
        2.617,
        1.848,
        0,
        2.817,
        1.184,
        0,
        2.983,
        1.686,
        0,
        3.65,
        -4.977,
        0,
        4.317,
        6.508,
        0,
        4.883,
        -9.668,
        0,
        5.433,
        11.96,
        1,
        5.622,
        11.959,
        5.811,
        -8.196,
        6,
        -10.435
      ]
    },
    {
      "Target": "Parameter",
      "Id": "Param_Angle_Rotation17",
      "FadeInTime": -1.0,
      "FadeOutTime": -1.0,
      "Segments": [
        0,
        -0.015,
        0,
        0.35,
        -2.768,
        0,
        0.85,
        4.525,
        0,
        1.383,
        -2.954,
        0,
        1.95,
        2.131,
        0,
        2.433,
        -2.328,
        0,
        2.6,
        -1.247,
        0,
        2.833,
        -6.523,
        0,
        3.317,
        5.725,
        0,
        3.933,
        -3.394,
        0,
        4.733,
        9.302,
        0,
        5.25,
        -7.573,
        0,
        5.883,
        4.449,
        1,
        5.922,
        4.449,
        5.961,
        4.195,
        6,
        3.783
      ]
    },
    {
      "Target": "Parameter",
      "Id": "Param_Angle_Rotation18",
      "FadeInTime": -1.0,
      "FadeOutTime": -1.0,
      "Segments": [
        0,
        -0.015,
        0,
        0.35,
        -2.768,
        0,
        0.85,
        4.525,
        0,
        1.383,
        -2.954,
        0,
        1.95,
        2.131,
        0,
        2.433,
        -2.328,
        0,
        2.6,
        -1.247,
        0,
        2.833,
        -6.523,
        0,
        3.317,
        5.725,
        0,
        3.933,
        -3.394,
        0,
        4.733,
        9.302,
        0,
        5.25,
        -7.573,
        0,
        5.883,
        4.449,
        1,
        5.922,
        4.449,
        5.961,
        4.195,
        6,
        3.783
      ]
    },
    {
      "Target": "Parameter",
      "Id": "Param_Angle_Rotation19",
      "FadeInTime": -1.0,
      "FadeOutTime": -1.0,
      "Segments": [
        0,
        -0.035,
        0,
        0.267,
        1.585,
        0,
        0.717,
        -6.553,
        0,
        1.25,
        7.388,
        0,
        1.817,
        -4.306,
        0,
        2.35,
        4.12,
        0,
        2.633,
        -0.415,
        0,
        2.8,
        1.916,
        0,
        3.167,
        -11.591,
        0,
        3.767,
        8.226,
        0,
        4.433,
        -5.364,
        0,
        4.45,
        -5.342,
        0,
        4.633,
        -6.841,
        0,
        5.1,
        15.393,
        0,
        5.7,
        -10.775,
        1,
        5.8,
        -10.775,
        5.9,
        -6.876,
        6,
        -2.771
      ]
    },
    {
      "Target": "Parameter",
      "Id": "Param_Angle_Rotation20",
      "FadeInTime": -1.0,
      "FadeOutTime": -1.0,
      "Segments": [
        0,
        -0.035,
        0,
        0.267,
        1.585,
        0,
        0.717,
        -6.553,
        0,
        1.25,
        7.388,
        0,
        1.817,
        -4.306,
        0,
        2.35,
        4.12,
        0,
        2.633,
        -0.415,
        0,
        2.8,
        1.916,
        0,
        3.167,
        -11.591,
        0,
        3.767,
        8.226,
        0,
        4.433,
        -5.364,
        0,
        4.45,
        -5.342,
        0,
        4.633,
        -6.841,
        0,
        5.1,
        15.393,
        0,
        5.7,
        -10.775,
        1,
        5.8,
        -10.775,
        5.9,
        -6.876,
        6,
        -2.771
      ]
    },
    {
      "Target": "Parameter",
      "Id": "Param_Angle_Rotation21",
      "FadeInTime": -1.0,
      "FadeOutTime": -1.0,
      "Segments": [
        0,
        0.088,
        0,
        0.067,
        0.076,
        0,
        0.5,
        2.047,
        0,
        1,
        -5.837,
        0,
        1.567,
        6.033,
        0,
        2.117,
        -3.868,
        0,
        2.633,
        3.485,
        0,
        2.783,
        3.151,
        0,
        2.933,
        3.601,
        0,
        3.467,
        -9.51,
        0,
        4.083,
        7.194,
        0,
        4.85,
        -8.768,
        0,
        5.4,
        13.068,
        1,
        5.6,
        13.067,
        5.8,
        -8.248,
        6,
        -9.4
      ]
    },
    {
      "Target": "Parameter",
      "Id": "Param_Angle_Rotation22",
      "FadeInTime": -1.0,
      "FadeOutTime": -1.0,
      "Segments": [
        0,
        0.088,
        0,
        0.067,
        0.076,
        0,
        0.5,
        2.047,
        0,
        1,
        -5.837,
        0,
        1.567,
        6.033,
        0,
        2.117,
        -3.868,
        0,
        2.633,
        3.485,
        0,
        2.783,
        3.151,
        0,
        2.933,
        3.601,
        0,
        3.467,
        -9.51,
        0,
        4.083,
        7.194,
        0,
        4.85,
        -8.768,
        0,
        5.4,
        13.068,
        1,
        5.6,
        13.067,
        5.8,
        -8.248,
        6,
        -9.4
      ]
    },
    {
      "Target": "Parameter",
      "Id": "MB_DRFWXZKTMD",
      "FadeInTime": -1.0,
      "FadeOutTime": -1.0,
      "Segments": [
        0,
        0,
        0,
        6,
        0
      ]
    },
    {
      "Target": "Parameter",
      "Id": "Param17",
      "FadeInTime": -1.0,
      "FadeOutTime": -1.0,
      "Segments": [
        0,
        0,
        0,
        6,
        0
      ]
    },
    {
      "Target": "Parameter",
      "Id": "Param16",
      "FadeInTime": -1.0,
      "FadeOutTime": -1.0,
      "Segments": [
        0,
        0,
        0,
        6,
        0
      ]
    },
    {
      "Target": "Parameter",
      "Id": "Param18",
      "FadeInTime": -1.0,
      "FadeOutTime": -1.0,
      "Segments": [
        0,
        0,
        0,
        6,
        0
      ]
    },
    {
      "Target": "Parameter",
      "Id": "man_TMD",
      "FadeInTime": -1.0,
      "FadeOutTime": -1.0,
      "Segments": [
        0,
        1,
        0,
        6,
        1
      ]
    },
    {
      "Target": "Parameter",
      "Id": "BG_TMD",
      "FadeInTime": -1.0,
      "FadeOutTime": -1.0,
      "Segments": [
        0,
        1,
        0,
        6,
        1
      ]
    },
    {
      "Target": "Parameter",
      "Id": "All_Angle",
      "FadeInTime": -1.0,
      "FadeOutTime": -1.0,
      "Segments": [
        0,
        0,
        0,
        6,
        0
      ]
    },
    {
      "Target": "Parameter",
      "Id": "All_Size",
      "FadeInTime": -1.0,
      "FadeOutTime": -1.0,
      "Segments": [
        0,
        0,
        0,
        6,
        0
      ]
    },
    {
      "Target": "Parameter",
      "Id": "man_X",
      "FadeInTime": -1.0,
      "FadeOutTime": -1.0,
      "Segments": [
        0,
        0,
        0,
        6,
        0
      ]
    },
    {
      "Target": "Parameter",
      "Id": "man_Y",
      "FadeInTime": -1.0,
      "FadeOutTime": -1.0,
      "Segments": [
        0,
        0,
        0,
        6,
        0
      ]
    },
    {
      "Target": "Parameter",
      "Id": "man_Angle",
      "FadeInTime": -1.0,
      "FadeOutTime": -1.0,
      "Segments": [
        0,
        0,
        0,
        6,
        0
      ]
    },
    {
      "Target": "Parameter",
      "Id": "man_Size",
      "FadeInTime": -1.0,
      "FadeOutTime": -1.0,
      "Segments": [
        0,
        0,
        0,
        6,
        0
      ]
    },
    {
      "Target": "Parameter",
      "Id": "BG_X",
      "FadeInTime": -1.0,
      "FadeOutTime": -1.0,
      "Segments": [
        0,
        0,
        0,
        6,
        0
      ]
    },
    {
      "Target": "Parameter",
      "Id": "BG_Y",
      "FadeInTime": -1.0,
      "FadeOutTime": -1.0,
      "Segments": [
        0,
        0,
        0,
        6,
        0
      ]
    },
    {
      "Target": "Parameter",
      "Id": "BG_Angle",
      "FadeInTime": -1.0,
      "FadeOutTime": -1.0,
      "Segments": [
        0,
        0,
        0,
        6,
        0
      ]
    },
    {
      "Target": "Parameter",
      "Id": "BG_Size",
      "FadeInTime": -1.0,
      "FadeOutTime": -1.0,
      "Segments": [
        0,
        0,
        0,
        6,
        0
      ]
    },
    {
      "Target": "Parameter",
      "Id": "NULL14",
      "FadeInTime": -1.0,
      "FadeOutTime": -1.0,
      "Segments": [
        0,
        0,
        0,
        6,
        0
      ]
    },
    {
      "Target": "Parameter",
      "Id": "MB_guangyunTMD",
      "FadeInTime": -1.0,
      "FadeOutTime": -1.0,
      "Segments": [
        0,
        0,
        0,
        6,
        0
      ]
    },
    {
      "Target": "Parameter",
      "Id": "MB_guangyunbianhuan",
      "FadeInTime": -1.0,
      "FadeOutTime": -1.0,
      "Segments": [
        0,
        10,
        0,
        6,
        10
      ]
    },
    {
      "Target": "Parameter",
      "Id": "MB_guangyunshangxia",
      "FadeInTime": -1.0,
      "FadeOutTime": -1.0,
      "Segments": [
        0,
        0,
        0,
        6,
        0
      ]
    },
    {
      "Target": "Parameter",
      "Id": "MB_guangyunzuoyou",
      "FadeInTime": -1.0,
      "FadeOutTime": -1.0,
      "Segments": [
        0,
        0,
        0,
        6,
        0
      ]
    },
    {
      "Target": "Parameter",
      "Id": "MB_guangyundaxiao",
      "FadeInTime": -1.0,
      "FadeOutTime": -1.0,
      "Segments": [
        0,
        0,
        0,
        6,
        0
      ]
    },
    {
      "Target": "Parameter",
      "Id": "MB_guangyunjiaodu",
      "FadeInTime": -1.0,
      "FadeOutTime": -1.0,
      "Segments": [
        0,
        -2.5,
        0,
        6,
        -2.5
      ]
    },
    {
      "Target": "Parameter",
      "Id": "Param22",
      "FadeInTime": -1.0,
      "FadeOutTime": -1.0,
      "Segments": [
        0,
        0,
        0,
        6,
        0
      ]
    },
    {
      "Target": "Parameter",
      "Id": "Param19",
      "FadeInTime": -1.0,
      "FadeOutTime": -1.0,
      "Segments": [
        0,
        0,
        0,
        6,
        0
      ]
    },
    {
      "Target": "Parameter",
      "Id": "Param20",
      "FadeInTime": -1.0,
      "FadeOutTime": -1.0,
      "Segments": [
        0,
        0,
        0,
        6,
        0
      ]
    },
    {
      "Target": "Parameter",
      "Id": "Param21",
      "FadeInTime": -1.0,
      "FadeOutTime": -1.0,
      "Segments": [
        0,
        0,
        0,
        6,
        0
      ]
    },
    {
      "Target": "Parameter",
      "Id": "BG_Black",
      "FadeInTime": -1.0,
      "FadeOutTime": -1.0,
      "Segments": [
        0,
        0,
        0,
        6,
        0
      ]
    },
    {
      "Target": "Parameter",
      "Id": "BG_White",
      "FadeInTime": -1.0,
      "FadeOutTime": -1.0,
      "Segments": [
        0,
        0,
        0,
        6,
        0
      ]
    },
    {
      "Target": "Parameter",
      "Id": "Mizugi_D2_Drag",
      "FadeInTime": -1.0,
      "FadeOutTime": -1.0,
      "Segments": [
        0,
        0,
        0,
        6,
        0
      ]
    },
    {
      "Target": "Parameter",
      "Id": "touch_drag1",
      "FadeInTime": -1.0,
      "FadeOutTime": -1.0,
      "Segments": [
        0,
        0,
        0,
        6,
        0
      ]
    },
    {
      "Target": "Parameter",
      "Id": "Mizugi_R2_DragY2",
      "FadeInTime": -1.0,
      "FadeOutTime": -1.0,
      "Segments": [
        0,
        0,
        0,
        6,
        0
      ]
    },
    {
      "Target": "Parameter",
      "Id": "Mizugi_R2_Drag2",
      "FadeInTime": -1.0,
      "FadeOutTime": -1.0,
      "Segments": [
        0,
        0,
        0,
        6,
        0
      ]
    },
    {
      "Target": "Parameter",
      "Id": "Mizugi_R2_DragY",
      "FadeInTime": -1.0,
      "FadeOutTime": -1.0,
      "Segments": [
        0,
        0,
        0,
        6,
        0
      ]
    },
    {
      "Target": "Parameter",
      "Id": "NULL7",
      "FadeInTime": -1.0,
      "FadeOutTime": -1.0,
      "Segments": [
        0,
        0,
        0,
        6,
        0
      ]
    },
    {
      "Target": "Parameter",
      "Id": "touch_drag2",
      "FadeInTime": -1.0,
      "FadeOutTime": -1.0,
      "Segments": [
        0,
        0,
        0,
        6,
        0
      ]
    },
    {
      "Target": "Parameter",
      "Id": "Mizugi_L2_DragY",
      "FadeInTime": -1.0,
      "FadeOutTime": -1.0,
      "Segments": [
        0,
        0,
        0,
        6,
        0
      ]
    },
    {
      "Target": "Parameter",
      "Id": "NULL11",
      "FadeInTime": -1.0,
      "FadeOutTime": -1.0,
      "Segments": [
        0,
        0,
        0,
        6,
        0
      ]
    },
    {
      "Target": "Parameter",
      "Id": "ParamForearmLAngleZ2",
      "FadeInTime": -1.0,
      "FadeOutTime": -1.0,
      "Segments": [
        0,
        0,
        0,
        6,
        0
      ]
    },
    {
      "Target": "Parameter",
      "Id": "Param4",
      "FadeInTime": -1.0,
      "FadeOutTime": -1.0,
      "Segments": [
        0,
        0,
        0,
        6,
        0
      ]
    },
    {
      "Target": "Parameter",
      "Id": "NULL10",
      "FadeInTime": -1.0,
      "FadeOutTime": -1.0,
      "Segments": [
        0,
        0,
        0,
        6,
        0
      ]
    },
    {
      "Target": "Parameter",
      "Id": "ParamHandLChange2",
      "FadeInTime": -1.0,
      "FadeOutTime": -1.0,
      "Segments": [
        0,
        0,
        0,
        6,
        0
      ]
    },
    {
      "Target": "Parameter",
      "Id": "ParamHandL_S",
      "FadeInTime": -1.0,
      "FadeOutTime": -1.0,
      "Segments": [
        0,
        0,
        0,
        6,
        0
      ]
    },
    {
      "Target": "Parameter",
      "Id": "NULL07",
      "FadeInTime": -1.0,
      "FadeOutTime": -1.0,
      "Segments": [
        0,
        0,
        0,
        6,
        0
      ]
    },
    {
      "Target": "Parameter",
      "Id": "ParamHandL1Display",
      "FadeInTime": -1.0,
      "FadeOutTime": -1.0,
      "Segments": [
        0,
        0,
        0,
        6,
        0
      ]
    },
    {
      "Target": "Parameter",
      "Id": "ParamHandL4Display",
      "FadeInTime": -1.0,
      "FadeOutTime": -1.0,
      "Segments": [
        0,
        0,
        0,
        6,
        0
      ]
    },
    {
      "Target": "Parameter",
      "Id": "ParamMail",
      "FadeInTime": -1.0,
      "FadeOutTime": -1.0,
      "Segments": [
        0,
        0,
        0,
        6,
        0
      ]
    },
    {
      "Target": "Parameter",
      "Id": "Mail1",
      "FadeInTime": -1.0,
      "FadeOutTime": -1.0,
      "Segments": [
        0,
        0,
        0,
        6,
        0
      ]
    },
    {
      "Target": "Parameter",
      "Id": "ParamMailZ",
      "FadeInTime": -1.0,
      "FadeOutTime": -1.0,
      "Segments": [
        0,
        0,
        0,
        6,
        0
      ]
    },
    {
      "Target": "Parameter",
      "Id": "ParamMailZ2",
      "FadeInTime": -1.0,
      "FadeOutTime": -1.0,
      "Segments": [
        0,
        0,
        0,
        6,
        0
      ]
    },
    {
      "Target": "Parameter",
      "Id": "ParamArmRAngleZ2",
      "FadeInTime": -1.0,
      "FadeOutTime": -1.0,
      "Segments": [
        0,
        0,
        0,
        6,
        0
      ]
    },
    {
      "Target": "Parameter",
      "Id": "NULL12",
      "FadeInTime": -1.0,
      "FadeOutTime": -1.0,
      "Segments": [
        0,
        0,
        0,
        6,
        0
      ]
    },
    {
      "Target": "Parameter",
      "Id": "NULL13",
      "FadeInTime": -1.0,
      "FadeOutTime": -1.0,
      "Segments": [
        0,
        0,
        0,
        6,
        0
      ]
    },
    {
      "Target": "Parameter",
      "Id": "ParamHandR_S",
      "FadeInTime": -1.0,
      "FadeOutTime": -1.0,
      "Segments": [
        0,
        0,
        0,
        6,
        0
      ]
    },
    {
      "Target": "Parameter",
      "Id": "NULL06",
      "FadeInTime": -1.0,
      "FadeOutTime": -1.0,
      "Segments": [
        0,
        0,
        0,
        6,
        0
      ]
    },
    {
      "Target": "Parameter",
      "Id": "ParamHandR1Display",
      "FadeInTime": -1.0,
      "FadeOutTime": -1.0,
      "Segments": [
        0,
        0,
        0,
        6,
        0
      ]
    },
    {
      "Target": "Parameter",
      "Id": "ParamHandR2Display",
      "FadeInTime": -1.0,
      "FadeOutTime": -1.0,
      "Segments": [
        0,
        0,
        0,
        6,
        0
      ]
    },
    {
      "Target": "Parameter",
      "Id": "ParamHandR5Display",
      "FadeInTime": -1.0,
      "FadeOutTime": -1.0,
      "Segments": [
        0,
        0,
        0,
        6,
        0
      ]
    },
    {
      "Target": "Parameter",
      "Id": "NULL6",
      "FadeInTime": -1.0,
      "FadeOutTime": -1.0,
      "Segments": [
        0,
        0,
        0,
        6,
        0
      ]
    },
    {
      "Target": "Parameter",
      "Id": "ParamArmR_X",
      "FadeInTime": -1.0,
      "FadeOutTime": -1.0,
      "Segments": [
        0,
        0,
        0,
        6,
        0
      ]
    },
    {
      "Target": "Parameter",
      "Id": "ParamArmR_Y",
      "FadeInTime": -1.0,
      "FadeOutTime": -1.0,
      "Segments": [
        0,
        0,
        0,
        6,
        0
      ]
    },
    {
      "Target": "Parameter",
      "Id": "ParamLegR_Drag",
      "FadeInTime": -1.0,
      "FadeOutTime": -1.0,
      "Segments": [
        0,
        0,
        0,
        6,
        0
      ]
    },
    {
      "Target": "Parameter",
      "Id": "NULL01",
      "FadeInTime": -1.0,
      "FadeOutTime": -1.0,
      "Segments": [
        0,
        0,
        0,
        6,
        0
      ]
    },
    {
      "Target": "Parameter",
      "Id": "ParamBodyAngleY",
      "FadeInTime": -1.0,
      "FadeOutTime": -1.0,
      "Segments": [
        0,
        0,
        0,
        6,
        0
      ]
    },
    {
      "Target": "Parameter",
      "Id": "NULL09",
      "FadeInTime": -1.0,
      "FadeOutTime": -1.0,
      "Segments": [
        0,
        0,
        0,
        6,
        0
      ]
    },
    {
      "Target": "Parameter",
      "Id": "ParamEyesform",
      "FadeInTime": -1.0,
      "FadeOutTime": -1.0,
      "Segments": [
        0,
        0,
        0,
        6,
        0
      ]
    },
    {
      "Target": "Parameter",
      "Id": "ParamEyeLsize",
      "FadeInTime": -1.0,
      "FadeOutTime": -1.0,
      "Segments": [
        0,
        0,
        0,
        6,
        0
      ]
    },
    {
      "Target": "Parameter",
      "Id": "ParamEyeRsize",
      "FadeInTime": -1.0,
      "FadeOutTime": -1.0,
      "Segments": [
        0,
        0,
        0,
        6,
        0
      ]
    },
    {
      "Target": "Parameter",
      "Id": "ParamEyeBallX",
      "FadeInTime": -1.0,
      "FadeOutTime": -1.0,
      "Segments": [
        0,
        0,
        0,
        6,
        0
      ]
    },
    {
      "Target": "Parameter",
      "Id": "ParamEyeBallY",
      "FadeInTime": -1.0,
      "FadeOutTime": -1.0,
      "Segments": [
        0,
        0,
        0,
        6,
        0
      ]
    },
    {
      "Target": "Parameter",
      "Id": "NULL08",
      "FadeInTime": -1.0,
      "FadeOutTime": -1.0,
      "Segments": [
        0,
        0,
        0,
        6,
        0
      ]
    },
    {
      "Target": "Parameter",
      "Id": "ParamTeeth",
      "FadeInTime": -1.0,
      "FadeOutTime": -1.0,
      "Segments": [
        0,
        0,
        0,
        6,
        0
      ]
    },
    {
      "Target": "Parameter",
      "Id": "NULL9",
      "FadeInTime": -1.0,
      "FadeOutTime": -1.0,
      "Segments": [
        0,
        0,
        0,
        6,
        0
      ]
    },
    {
      "Target": "Parameter",
      "Id": "ParamHeat",
      "FadeInTime": -1.0,
      "FadeOutTime": -1.0,
      "Segments": [
        0,
        0,
        0,
        6,
        0
      ]
    },
    {
      "Target": "Parameter",
      "Id": "ParamShy",
      "FadeInTime": -1.0,
      "FadeOutTime": -1.0,
      "Segments": [
        0,
        0,
        0,
        6,
        0
      ]
    },
    {
      "Target": "Parameter",
      "Id": "NULL15",
      "FadeInTime": -1.0,
      "FadeOutTime": -1.0,
      "Segments": [
        0,
        0,
        0,
        6,
        0
      ]
    },
    {
      "Target": "Parameter",
      "Id": "Param28",
      "FadeInTime": -1.0,
      "FadeOutTime": -1.0,
      "Segments": [
        0,
        0,
        0,
        6,
        0
      ]
    },
    {
      "Target": "Parameter",
      "Id": "Param5",
      "FadeInTime": -1.0,
      "FadeOutTime": -1.0,
      "Segments": [
        0,
        0,
        0,
        6,
        0
      ]
    },
    {
      "Target": "Parameter",
      "Id": "Param26",
      "FadeInTime": -1.0,
      "FadeOutTime": -1.0,
      "Segments": [
        0,
        0,
        0,
        6,
        0
      ]
    },
    {
      "Target": "Parameter",
      "Id": "Param27",
      "FadeInTime": -1.0,
      "FadeOutTime": -1.0,
      "Segments": [
        0,
        0,
        0,
        6,
        0
      ]
    }
  ],
  "UserData": [
    {
      "Time": 0.0,
      "Value": ""
    },
    {
      "Time": 0.0,
      "Value": ""
    },
    {
      "Time": 5.5,
      "Value": ""
    }
  ]
}