{
  "Version": 3,
  "Meta": {
    "Duration": 24.0,
    "Fps": 60.0,
    "Loop": true,
    "AreBeziersRestricted": true,
    "FadeInTime": 0.0,
    "FadeOutTime": 0.0,
    "CurveCount": 12,
    "TotalSegmentCount": 88,
    "TotalPointCount": 144,
    "UserDataCount": 1,
    "TotalUserDataSize": 0
  },
  "Curves": [
    {
      "Target": "Parameter",
      "Id": "Param",
      "FadeInTime": -1.0,
      "FadeOutTime": -1.0,
      "Segments": [
        0,
        0,
        2,
        0.667,
        0,
        1,
        0.889,
        10,
        1.111,
        20,
        1.333,
        30,
        2,
        5.733,
        30,
        3,
        5.75,
        0,
        1,
        5.972,
        10,
        6.195,
        20,
        6.417,
        30,
        2,
        9.95,
        30,
        3,
        9.967,
        0,
        1,
        10.189,
        10,
        10.411,
        20,
        10.633,
        30,
        2,
        12.383,
        30,
        3,
        12.4,
        0,
        1,
        12.767,
        10,
        13.133,
        20,
        13.5,
        30,
        2,
        14.233,
        30,
        3,
        14.25,
        0,
        1,
        14.472,
        10,
        14.695,
        20,
        14.917,
        30,
        2,
        17.2,
        30,
        3,
        17.217,
        0,
        1,
        17.439,
        10,
        17.661,
        20,
        17.883,
        30,
        2,
        20.133,
        30,
        3,
        20.15,
        0,
        1,
        20.433,
        10,
        20.717,
        20,
        21,
        30,
        3,
        21.017,
        0,
        2,
        24,
        0
      ]
    },
    {
      "Target": "Parameter",
      "Id": "Param2",
      "FadeInTime": -1.0,
      "FadeOutTime": -1.0,
      "Segments": [
        0,
        0,
        2,
        0.9,
        0,
        1,
        1.089,
        10,
        1.278,
        20,
        1.467,
        30,
        2,
        5.967,
        30,
        3,
        5.983,
        0,
        1,
        6.172,
        10,
        6.361,
        20,
        6.55,
        30,
        2,
        10.183,
        30,
        3,
        10.2,
        0,
        1,
        10.389,
        10,
        10.578,
        20,
        10.767,
        30,
        2,
        12.783,
        30,
        3,
        12.8,
        0,
        1,
        13.128,
        10,
        13.455,
        20,
        13.783,
        30,
        2,
        14.467,
        30,
        3,
        14.483,
        0,
        1,
        14.672,
        10,
        14.861,
        20,
        15.05,
        30,
        2,
        17.433,
        30,
        3,
        17.45,
        0,
        1,
        17.639,
        10,
        17.828,
        20,
        18.017,
        30,
        2,
        20.483,
        30,
        3,
        20.5,
        0,
        1,
        20.711,
        10,
        20.922,
        20,
        21.133,
        30,
        3,
        21.15,
        0,
        2,
        24,
        0
      ]
    },
    {
      "Target": "Parameter",
      "Id": "Param9",
      "FadeInTime": -1.0,
      "FadeOutTime": -1.0,
      "Segments": [
        0,
        0,
        1,
        8,
        43.333,
        16,
        86.667,
        24,
        130
      ]
    },
    {
      "Target": "Parameter",
      "Id": "Param7",
      "FadeInTime": -1.0,
      "FadeOutTime": -1.0,
      "Segments": [
        0,
        -3.73,
        1,
        0.472,
        -5.448,
        0.945,
        -7.624,
        1.417,
        -10,
        2,
        1.433,
        10,
        2,
        4.417,
        10,
        1,
        5.084,
        4.892,
        5.75,
        1.189,
        6.417,
        0,
        1,
        7.417,
        -0.838,
        8.417,
        -10,
        9.417,
        -10,
        2,
        9.433,
        10,
        2,
        12.417,
        10,
        1,
        13.084,
        4.892,
        13.75,
        1.189,
        14.417,
        0,
        1,
        15.417,
        -0.838,
        16.417,
        -10,
        17.417,
        -10,
        2,
        17.433,
        10,
        2,
        20.417,
        10,
        1,
        21.084,
        4.892,
        21.75,
        1.189,
        22.417,
        0,
        1,
        22.945,
        -0.442,
        23.472,
        -1.803,
        24,
        -3.728
      ]
    },
    {
      "Target": "Parameter",
      "Id": "Param8",
      "FadeInTime": -1.0,
      "FadeOutTime": -1.0,
      "Segments": [
        0,
        10,
        1,
        0.667,
        4.892,
        1.333,
        1.189,
        2,
        0,
        1,
        3,
        -0.838,
        4,
        -4.973,
        5,
        -10,
        2,
        5.017,
        10,
        2,
        8,
        10,
        1,
        8.667,
        4.892,
        9.333,
        1.189,
        10,
        0,
        1,
        11,
        -0.838,
        12,
        -4.973,
        13,
        -10,
        2,
        13.017,
        10,
        2,
        16,
        10,
        1,
        16.667,
        4.892,
        17.333,
        1.189,
        18,
        0,
        1,
        19,
        -0.838,
        20,
        -4.973,
        21,
        -10,
        2,
        21.017,
        10,
        2,
        24,
        10
      ]
    },
    {
      "Target": "Parameter",
      "Id": "Param14",
      "FadeInTime": -1.0,
      "FadeOutTime": -1.0,
      "Segments": [
        0,
        10,
        0,
        3.9,
        0,
        0,
        7.933,
        10,
        0,
        11.867,
        0,
        0,
        15.9,
        10,
        0,
        19.85,
        0,
        2,
        24,
        0
      ]
    },
    {
      "Target": "Parameter",
      "Id": "Param15",
      "FadeInTime": -1.0,
      "FadeOutTime": -1.0,
      "Segments": [
        0,
        0,
        0,
        3.9,
        10,
        0,
        7.933,
        0,
        0,
        11.867,
        10,
        0,
        15.9,
        0,
        0,
        19.85,
        10,
        0,
        24,
        0
      ]
    },
    {
      "Target": "Parameter",
      "Id": "NULL07",
      "FadeInTime": -1.0,
      "FadeOutTime": -1.0,
      "Segments": [
        0,
        0,
        0,
        24,
        0
      ]
    },
    {
      "Target": "Parameter",
      "Id": "NULL06",
      "FadeInTime": -1.0,
      "FadeOutTime": -1.0,
      "Segments": [
        0,
        0,
        0,
        24,
        0
      ]
    },
    {
      "Target": "Parameter",
      "Id": "NULL01",
      "FadeInTime": -1.0,
      "FadeOutTime": -1.0,
      "Segments": [
        0,
        0,
        0,
        24,
        0
      ]
    },
    {
      "Target": "Parameter",
      "Id": "NULL09",
      "FadeInTime": -1.0,
      "FadeOutTime": -1.0,
      "Segments": [
        0,
        0,
        0,
        24,
        0
      ]
    },
    {
      "Target": "Parameter",
      "Id": "NULL08",
      "FadeInTime": -1.0,
      "FadeOutTime": -1.0,
      "Segments": [
        0,
        0,
        0,
        24,
        0
      ]
    }
  ],
  "UserData": [
    {
      "Time": 0.0,
      "Value": ""
    }
  ]
}