{
  "Version": 3,
  "Meta": {
    "Duration": 6.833,
    "Fps": 60.0,
    "Loop": true,
    "AreBeziersRestricted": true,
    "FadeInTime": 0.0,
    "FadeOutTime": 0.0,
    "CurveCount": 187,
    "TotalSegmentCount": 1137,
    "TotalPointCount": 1473,
    "UserDataCount": 3,
    "TotalUserDataSize": 0
  },
  "Curves": [
    {
      "Target": "Parameter",
      "Id": "ParamForearmLLayer",
      "FadeInTime": -1.0,
      "FadeOutTime": -1.0,
      "Segments": [
        0,
        0,
        2,
        0.433,
        0,
        2,
        0.45,
        10,
        2,
        5.767,
        10,
        0,
        5.783,
        0,
        2,
        6.833,
        0
      ]
    },
    {
      "Target": "Parameter",
      "Id": "ParamForearmLLayer2",
      "FadeInTime": -1.0,
      "FadeOutTime": -1.0,
      "Segments": [
        0,
        0,
        2,
        0.433,
        0,
        2,
        0.45,
        20,
        2,
        5.767,
        20,
        0,
        5.783,
        0,
        2,
        6.833,
        0
      ]
    },
    {
      "Target": "Parameter",
      "Id": "ParamArmLAngle",
      "FadeInTime": -1.0,
      "FadeOutTime": -1.0,
      "Segments": [
        0,
        0,
        0,
        0.5,
        7.916,
        0,
        1.133,
        -2,
        0,
        1.583,
        1,
        0,
        2.25,
        0,
        0,
        2.783,
        2,
        0,
        3.417,
        1,
        1,
        3.561,
        1,
        3.706,
        4.114,
        3.85,
        5,
        1,
        3.994,
        5.886,
        4.139,
        5.8,
        4.283,
        5.8,
        0,
        5.15,
        -4,
        1,
        5.356,
        -4,
        5.561,
        -2.912,
        5.767,
        -2,
        1,
        6.122,
        -0.423,
        6.478,
        0,
        6.833,
        0
      ]
    },
    {
      "Target": "Parameter",
      "Id": "ParamArmLAngle2",
      "FadeInTime": -1.0,
      "FadeOutTime": -1.0,
      "Segments": [
        0,
        0,
        0,
        1,
        -0.3,
        2,
        4,
        -0.3,
        0,
        6.833,
        0
      ]
    },
    {
      "Target": "Parameter",
      "Id": "ParamArmLStretch",
      "FadeInTime": -1.0,
      "FadeOutTime": -1.0,
      "Segments": [
        0,
        0,
        0,
        1,
        -9.24,
        2,
        4,
        -9.24,
        0,
        6.833,
        0
      ]
    },
    {
      "Target": "Parameter",
      "Id": "ParamForearmLAngle",
      "FadeInTime": -1.0,
      "FadeOutTime": -1.0,
      "Segments": [
        0,
        0,
        1,
        0.244,
        0,
        0.489,
        7.638,
        0.733,
        24.523,
        1,
        0.905,
        36.419,
        1.078,
        43.25,
        1.25,
        43.25,
        1,
        1.417,
        43.25,
        1.583,
        41.809,
        1.75,
        40.872,
        1,
        1.972,
        39.622,
        2.195,
        39.186,
        2.417,
        38,
        1,
        2.595,
        37.051,
        2.772,
        34.814,
        2.95,
        33.936,
        1,
        3.161,
        32.893,
        3.372,
        32.529,
        3.583,
        31.521,
        1,
        3.728,
        30.831,
        3.872,
        29.045,
        4.017,
        28.238,
        1,
        4.161,
        27.431,
        4.306,
        27.634,
        4.45,
        26.319,
        1,
        4.639,
        24.599,
        4.828,
        10.565,
        5.017,
        10.565,
        0,
        5.633,
        15,
        0,
        6.833,
        0
      ]
    },
    {
      "Target": "Parameter",
      "Id": "ParamHandLAngle",
      "FadeInTime": -1.0,
      "FadeOutTime": -1.0,
      "Segments": [
        0,
        0,
        0,
        0.517,
        5,
        2,
        0.533,
        -2,
        1,
        0.828,
        -2,
        1.122,
        5.618,
        1.417,
        10,
        1,
        1.806,
        15.788,
        2.194,
        20.326,
        2.583,
        23,
        1,
        2.761,
        24.222,
        2.939,
        24,
        3.117,
        24,
        0,
        3.75,
        17,
        0,
        4.633,
        30,
        0,
        5.15,
        -1,
        0,
        5.767,
        11,
        0,
        6.833,
        0
      ]
    },
    {
      "Target": "Parameter",
      "Id": "ParamHandLChange2",
      "FadeInTime": -1.0,
      "FadeOutTime": -1.0,
      "Segments": [
        0,
        0,
        1,
        0.172,
        0,
        0.345,
        0.278,
        0.517,
        0.89,
        2,
        0.533,
        28,
        1,
        2.022,
        29.338,
        3.511,
        30,
        5,
        30,
        0,
        6.833,
        0
      ]
    },
    {
      "Target": "Parameter",
      "Id": "ParamHandLChange",
      "FadeInTime": -1.0,
      "FadeOutTime": -1.0,
      "Segments": [
        0,
        0,
        0,
        0.517,
        24.91,
        2,
        0.533,
        -30,
        1,
        0.622,
        -30,
        0.711,
        -24.585,
        0.8,
        -17.136,
        1,
        0.922,
        -6.893,
        1.045,
        4.062,
        1.167,
        11,
        1,
        1.417,
        25.192,
        1.667,
        30,
        1.917,
        30,
        0,
        2.583,
        16.443,
        0,
        3.117,
        30,
        0,
        3.75,
        22.478,
        1,
        3.894,
        22.478,
        4.039,
        28.406,
        4.183,
        29,
        1,
        4.328,
        29.594,
        4.472,
        29.696,
        4.617,
        29.96,
        1,
        4.645,
        30,
        4.672,
        30,
        4.7,
        30,
        2,
        5,
        30,
        0,
        5.15,
        -1,
        0,
        5.783,
        3,
        0,
        6.833,
        0
      ]
    },
    {
      "Target": "Parameter",
      "Id": "ParamHandLAnimation",
      "FadeInTime": -1.0,
      "FadeOutTime": -1.0,
      "Segments": [
        0,
        0,
        0,
        0.517,
        24.91,
        2,
        0.533,
        9,
        0,
        0.7,
        30,
        0,
        4.7,
        -10.26,
        0,
        5,
        30,
        0,
        6.833,
        0
      ]
    },
    {
      "Target": "Parameter",
      "Id": "ParamHandLREDisplay",
      "FadeInTime": -1.0,
      "FadeOutTime": -1.0,
      "Segments": [
        0,
        1,
        2,
        0.517,
        1,
        2,
        0.533,
        0,
        2,
        4.683,
        0,
        2,
        4.7,
        1,
        2,
        6.833,
        1
      ]
    },
    {
      "Target": "Parameter",
      "Id": "ParamHandL2Display",
      "FadeInTime": -1.0,
      "FadeOutTime": -1.0,
      "Segments": [
        0,
        0,
        2,
        0.517,
        0,
        2,
        0.533,
        1,
        2,
        4.683,
        1,
        2,
        4.7,
        0,
        2,
        6.833,
        0
      ]
    },
    {
      "Target": "Parameter",
      "Id": "ParamForearmRLayer",
      "FadeInTime": -1.0,
      "FadeOutTime": -1.0,
      "Segments": [
        0,
        0,
        2,
        1,
        0,
        2,
        4.5,
        0,
        2,
        4.517,
        10,
        2,
        6.45,
        10,
        1,
        6.456,
        10,
        6.461,
        0,
        6.467,
        0,
        2,
        6.833,
        0
      ]
    },
    {
      "Target": "Parameter",
      "Id": "ParamForearmRLayer2",
      "FadeInTime": -1.0,
      "FadeOutTime": -1.0,
      "Segments": [
        0,
        0,
        0,
        1,
        20,
        2,
        4.5,
        20,
        2,
        4.517,
        20,
        2,
        6.45,
        20,
        2,
        6.467,
        20,
        2,
        6.833,
        0
      ]
    },
    {
      "Target": "Parameter",
      "Id": "ParamArmRAngleZ",
      "FadeInTime": -1.0,
      "FadeOutTime": -1.0,
      "Segments": [
        0,
        0,
        0,
        0.5,
        -5.72,
        0,
        1,
        -0.72,
        2,
        4,
        -0.72,
        0,
        4.5,
        0.48,
        0,
        5,
        -4.8,
        0,
        5.817,
        -1.84,
        2,
        6.15,
        -1.84,
        0,
        6.833,
        0
      ]
    },
    {
      "Target": "Parameter",
      "Id": "ParamArmRAngleZ2",
      "FadeInTime": -1.0,
      "FadeOutTime": -1.0,
      "Segments": [
        0,
        0,
        0,
        1,
        -26,
        2,
        4,
        -26,
        0,
        6.833,
        0
      ]
    },
    {
      "Target": "Parameter",
      "Id": "ParamArmRStretch",
      "FadeInTime": -1.0,
      "FadeOutTime": -1.0,
      "Segments": [
        0,
        0,
        0,
        1,
        -4,
        2,
        4,
        -4,
        0,
        5,
        -9,
        0,
        6.833,
        0
      ]
    },
    {
      "Target": "Parameter",
      "Id": "ParamForearmRAngle",
      "FadeInTime": -1.0,
      "FadeOutTime": -1.0,
      "Segments": [
        0,
        0,
        1,
        0.144,
        0,
        0.289,
        -1.826,
        0.433,
        -7.933,
        1,
        0.555,
        -13.1,
        0.678,
        -17.495,
        0.8,
        -17.495,
        2,
        1,
        -17.495,
        0,
        4,
        -19.33,
        0,
        4.5,
        -14,
        1,
        4.667,
        -14,
        4.833,
        -22.25,
        5,
        -23.027,
        1,
        5.233,
        -24.115,
        5.467,
        -24.101,
        5.7,
        -25.05,
        1,
        5.811,
        -25.502,
        5.922,
        -30,
        6.033,
        -30,
        0,
        6.833,
        0
      ]
    },
    {
      "Target": "Parameter",
      "Id": "ParamForearmRAngleZ2",
      "FadeInTime": -1.0,
      "FadeOutTime": -1.0,
      "Segments": [
        0,
        0,
        0,
        1,
        11,
        2,
        4,
        11,
        0,
        6.833,
        0
      ]
    },
    {
      "Target": "Parameter",
      "Id": "ParamForearmRAngle2",
      "FadeInTime": -1.0,
      "FadeOutTime": -1.0,
      "Segments": [
        0,
        0,
        0,
        1,
        23,
        2,
        4,
        23,
        0,
        6.833,
        0
      ]
    },
    {
      "Target": "Parameter",
      "Id": "ParamHandRStretch",
      "FadeInTime": -1.0,
      "FadeOutTime": -1.0,
      "Segments": [
        0,
        0,
        0,
        1,
        -2,
        2,
        4,
        -2,
        0,
        5,
        15,
        0,
        6.833,
        0
      ]
    },
    {
      "Target": "Parameter",
      "Id": "Param3",
      "FadeInTime": -1.0,
      "FadeOutTime": -1.0,
      "Segments": [
        0,
        0,
        0,
        0.6,
        30,
        2,
        5.8,
        30,
        0,
        6.333,
        0,
        2,
        6.833,
        0
      ]
    },
    {
      "Target": "Parameter",
      "Id": "ParamArmR",
      "FadeInTime": -1.0,
      "FadeOutTime": -1.0,
      "Segments": [
        0,
        0,
        0,
        1,
        15,
        2,
        4,
        15,
        2,
        6.033,
        15,
        0,
        6.833,
        0
      ]
    },
    {
      "Target": "Parameter",
      "Id": "ParamHandRAngle",
      "FadeInTime": -1.0,
      "FadeOutTime": -1.0,
      "Segments": [
        0,
        0,
        0,
        0.5,
        28.277,
        0,
        1,
        -30,
        2,
        4,
        -30,
        1,
        4.167,
        -30,
        4.333,
        -22.088,
        4.5,
        -8,
        1,
        4.667,
        6.088,
        4.833,
        12.34,
        5,
        12.34,
        1,
        5.311,
        12.34,
        5.622,
        11.941,
        5.933,
        9.214,
        1,
        6.044,
        8.24,
        6.156,
        -6,
        6.267,
        -6,
        0,
        6.833,
        0
      ]
    },
    {
      "Target": "Parameter",
      "Id": "ParamHandRChange2",
      "FadeInTime": -1.0,
      "FadeOutTime": -1.0,
      "Segments": [
        0,
        0,
        0,
        1,
        15,
        2,
        4,
        15,
        0,
        5,
        24,
        0,
        6.833,
        0
      ]
    },
    {
      "Target": "Parameter",
      "Id": "ParamHandRChange",
      "FadeInTime": -1.0,
      "FadeOutTime": -1.0,
      "Segments": [
        0,
        0,
        2,
        1,
        0,
        2,
        4,
        0,
        0,
        5,
        -23,
        0,
        6.833,
        0
      ]
    },
    {
      "Target": "Parameter",
      "Id": "ParamHandRAnimation",
      "FadeInTime": -1.0,
      "FadeOutTime": -1.0,
      "Segments": [
        0,
        0,
        0,
        1,
        -7,
        2,
        4,
        -7,
        0,
        5,
        -30,
        1,
        5.283,
        -30,
        5.567,
        -29.795,
        5.85,
        -25,
        1,
        6,
        -22.461,
        6.15,
        30,
        6.3,
        30,
        0,
        6.317,
        -30,
        0,
        6.833,
        0
      ]
    },
    {
      "Target": "Parameter",
      "Id": "ParamhandR",
      "FadeInTime": -1.0,
      "FadeOutTime": -1.0,
      "Segments": [
        0,
        0,
        0,
        1,
        -26,
        2,
        4,
        -26,
        0,
        5,
        0,
        2,
        6.833,
        0
      ]
    },
    {
      "Target": "Parameter",
      "Id": "ParamHandRREDisplay",
      "FadeInTime": -1.0,
      "FadeOutTime": -1.0,
      "Segments": [
        0,
        1,
        2,
        0.583,
        1,
        2,
        0.6,
        0,
        2,
        6.3,
        0,
        0,
        6.317,
        1,
        2,
        6.833,
        1
      ]
    },
    {
      "Target": "Parameter",
      "Id": "ParamHandR1Display",
      "FadeInTime": -1.0,
      "FadeOutTime": -1.0,
      "Segments": [
        0,
        0,
        2,
        0.583,
        0,
        2,
        0.6,
        0,
        2,
        1,
        0,
        2,
        4,
        0,
        2,
        6.833,
        0
      ]
    },
    {
      "Target": "Parameter",
      "Id": "ParamHandR2Display",
      "FadeInTime": -1.0,
      "FadeOutTime": -1.0,
      "Segments": [
        0,
        0,
        2,
        0.583,
        0,
        2,
        0.6,
        0,
        2,
        1,
        0,
        2,
        4,
        0,
        2,
        6.833,
        0
      ]
    },
    {
      "Target": "Parameter",
      "Id": "ParamHandR4Display",
      "FadeInTime": -1.0,
      "FadeOutTime": -1.0,
      "Segments": [
        0,
        0,
        2,
        0.583,
        0,
        2,
        0.6,
        1,
        2,
        6.3,
        1,
        0,
        6.317,
        0,
        2,
        6.833,
        0
      ]
    },
    {
      "Target": "Parameter",
      "Id": "ParamHandR5Display",
      "FadeInTime": -1.0,
      "FadeOutTime": -1.0,
      "Segments": [
        0,
        0,
        2,
        0.583,
        0,
        2,
        1,
        0,
        2,
        4,
        0,
        2,
        6.833,
        0
      ]
    },
    {
      "Target": "Parameter",
      "Id": "ParamLegLAngleX",
      "FadeInTime": -1.0,
      "FadeOutTime": -1.0,
      "Segments": [
        0,
        0,
        2,
        0.217,
        0,
        0,
        1.217,
        -53,
        2,
        3.967,
        -53,
        0,
        4.967,
        30,
        2,
        5.7,
        30,
        0,
        6.833,
        0
      ]
    },
    {
      "Target": "Parameter",
      "Id": "ParamLegLAngleY",
      "FadeInTime": -1.0,
      "FadeOutTime": -1.0,
      "Segments": [
        0,
        0,
        0,
        0.517,
        18,
        0,
        1.333,
        0,
        2,
        4.233,
        0,
        0,
        4.7,
        19,
        0,
        5.233,
        0,
        2,
        5.967,
        0,
        0,
        6.483,
        16,
        0,
        6.833,
        0
      ]
    },
    {
      "Target": "Parameter",
      "Id": "ParamLegRAngleX",
      "FadeInTime": -1.0,
      "FadeOutTime": -1.0,
      "Segments": [
        0,
        0,
        2,
        0.55,
        0,
        0,
        1.55,
        27.5,
        2,
        3.883,
        27.5,
        0,
        5,
        -30,
        0,
        6.833,
        0
      ]
    },
    {
      "Target": "Parameter",
      "Id": "ParamLegRAngleY",
      "FadeInTime": -1.0,
      "FadeOutTime": -1.0,
      "Segments": [
        0,
        0,
        2,
        0.383,
        0,
        0,
        0.9,
        17,
        0,
        1.383,
        0,
        2,
        6.833,
        0
      ]
    },
    {
      "Target": "Parameter",
      "Id": "ParamAngleY",
      "FadeInTime": -1.0,
      "FadeOutTime": -1.0,
      "Segments": [
        0,
        0,
        2,
        0.333,
        0,
        0,
        0.7,
        10.394,
        0,
        1.267,
        -12.002,
        1,
        1.428,
        -12.002,
        1.589,
        -12.123,
        1.75,
        -11.291,
        1,
        1.894,
        -10.545,
        2.039,
        0.601,
        2.183,
        4.168,
        1,
        2.305,
        7.186,
        2.428,
        7.516,
        2.55,
        7.516,
        0,
        3.15,
        -7.812,
        0,
        3.6,
        2.939,
        0,
        4.217,
        -5.595,
        0,
        4.783,
        3.009,
        0,
        5.25,
        -9.627,
        0,
        5.583,
        -8.739,
        0,
        6.083,
        -12,
        0,
        6.5,
        1.612,
        0,
        6.833,
        0
      ]
    },
    {
      "Target": "Parameter",
      "Id": "ParamAngleZ",
      "FadeInTime": -1.0,
      "FadeOutTime": -1.0,
      "Segments": [
        0,
        0,
        0,
        0.383,
        -1,
        0,
        0.75,
        1.671,
        0,
        1.317,
        -2.207,
        1,
        1.478,
        -2.207,
        1.639,
        -2.228,
        1.8,
        -2.083,
        1,
        1.944,
        -1.953,
        2.089,
        -0.04,
        2.233,
        0.364,
        1,
        2.355,
        0.706,
        2.478,
        0.685,
        2.6,
        0.685,
        0,
        3.2,
        -0.783,
        0,
        3.65,
        0.246,
        0,
        4.3,
        -1.403,
        0,
        4.8,
        5.277,
        0,
        5.3,
        -14,
        0,
        5.667,
        -11.925,
        0,
        6.033,
        -12.878,
        0,
        6.55,
        0.537,
        0,
        6.833,
        0
      ]
    },
    {
      "Target": "Parameter",
      "Id": "ParamBodyAngleX",
      "FadeInTime": -1.0,
      "FadeOutTime": -1.0,
      "Segments": [
        0,
        0,
        0,
        0.717,
        -2.685,
        0,
        1.2,
        1.815,
        0,
        1.6,
        0.877,
        0,
        1.967,
        4.24,
        0,
        2.6,
        -0.753,
        0,
        3.317,
        4.28,
        0,
        3.783,
        -0.37,
        0,
        4.483,
        6.639,
        0,
        5.1,
        -2.108,
        0,
        5.467,
        0.418,
        0,
        5.917,
        -2.784,
        0,
        6.367,
        2.043,
        0,
        6.733,
        -0.481,
        0,
        6.833,
        0
      ]
    },
    {
      "Target": "Parameter",
      "Id": "ParamBodyStretch",
      "FadeInTime": -1.0,
      "FadeOutTime": -1.0,
      "Segments": [
        0,
        0,
        2,
        0.183,
        0,
        0,
        0.55,
        1.671,
        0,
        1.117,
        -2.207,
        1,
        1.278,
        -2.207,
        1.439,
        -2.228,
        1.6,
        -2.084,
        1,
        1.744,
        -1.955,
        1.889,
        -0.04,
        2.033,
        0.364,
        1,
        2.155,
        0.706,
        2.278,
        0.685,
        2.4,
        0.685,
        0,
        3,
        -0.783,
        0,
        3.45,
        0.246,
        0,
        4.067,
        -0.571,
        0,
        4.633,
        0.253,
        0,
        5.1,
        -3.209,
        0,
        5.517,
        -2,
        0,
        5.933,
        -4,
        0,
        6.35,
        0.537,
        0,
        6.833,
        0
      ]
    },
    {
      "Target": "Parameter",
      "Id": "ParamBodyUp",
      "FadeInTime": -1.0,
      "FadeOutTime": -1.0,
      "Segments": [
        0,
        0,
        0,
        0.367,
        5.835,
        1,
        0.556,
        5.835,
        0.744,
        4.609,
        0.933,
        3.897,
        1,
        1.094,
        3.29,
        1.256,
        3.3,
        1.417,
        3.3,
        1,
        1.561,
        3.3,
        1.706,
        5.721,
        1.85,
        6.3,
        1,
        1.972,
        6.79,
        2.095,
        6.7,
        2.217,
        6.7,
        0,
        2.817,
        3.4,
        0,
        3.267,
        5.6,
        0,
        3.883,
        4.3,
        0,
        4.45,
        5.127,
        0,
        4.917,
        3.396,
        0,
        5.317,
        4.184,
        0,
        5.75,
        3,
        0,
        6.167,
        5.269,
        0,
        6.833,
        0
      ]
    },
    {
      "Target": "Parameter",
      "Id": "ParamShoulderLStretch",
      "FadeInTime": -1.0,
      "FadeOutTime": -1.0,
      "Segments": [
        0,
        0,
        0,
        0.483,
        -0.759,
        0,
        1.3,
        4.157,
        1,
        1.589,
        4.157,
        1.878,
        2.983,
        2.167,
        1.818,
        1,
        2.284,
        1.348,
        2.4,
        1.384,
        2.517,
        1.384,
        0,
        3.083,
        4.28,
        0,
        3.65,
        -0.402,
        0,
        4.183,
        2.14,
        0,
        4.867,
        -2.108,
        0,
        5.233,
        0.418,
        0,
        5.683,
        -2.784,
        0,
        6.133,
        2.043,
        0,
        6.517,
        -1.015,
        0,
        6.833,
        0
      ]
    },
    {
      "Target": "Parameter",
      "Id": "ParamShoulderRStretch",
      "FadeInTime": -1.0,
      "FadeOutTime": -1.0,
      "Segments": [
        0,
        0,
        2,
        0.067,
        0,
        0,
        0.433,
        1.67,
        0,
        1,
        -2.206,
        0,
        1.483,
        2.4,
        1,
        2.494,
        2.4,
        3.506,
        1.881,
        4.517,
        0.254,
        1,
        4.672,
        0.004,
        4.828,
        -3.208,
        4.983,
        -3.208,
        0,
        5.383,
        -1.632,
        0,
        5.817,
        -4,
        0,
        6.233,
        0.538,
        0,
        6.833,
        0
      ]
    },
    {
      "Target": "Parameter",
      "Id": "ParamLowerBodyX",
      "FadeInTime": -1.0,
      "FadeOutTime": -1.0,
      "Segments": [
        0,
        0,
        0,
        0.433,
        3.323,
        0,
        0.85,
        -2.399,
        0,
        1.3,
        0.657,
        0,
        1.683,
        -4.247,
        0,
        2.2,
        3,
        0,
        2.75,
        -1,
        0,
        3.417,
        4.211,
        0,
        3.9,
        -2.891,
        0,
        4.567,
        4.328,
        1,
        4.695,
        4.328,
        4.822,
        -1.022,
        4.95,
        -1.52,
        1,
        5.061,
        -1.953,
        5.172,
        -1.766,
        5.283,
        -2.172,
        1,
        5.416,
        -2.659,
        5.55,
        -4.848,
        5.683,
        -4.848,
        0,
        6.1,
        6.78,
        0,
        6.833,
        0
      ]
    },
    {
      "Target": "Parameter",
      "Id": "ParamChestZ",
      "FadeInTime": -1.0,
      "FadeOutTime": -1.0,
      "Segments": [
        0,
        0,
        0,
        0.583,
        1.671,
        0,
        1.15,
        -2.207,
        1,
        1.311,
        -2.207,
        1.472,
        -2.228,
        1.633,
        -2.083,
        1,
        1.778,
        -1.953,
        1.922,
        -0.04,
        2.067,
        0.364,
        1,
        2.189,
        0.706,
        2.311,
        0.685,
        2.433,
        0.685,
        0,
        3.033,
        -0.783,
        0,
        3.517,
        -0.151,
        0,
        4.1,
        -0.571,
        0,
        4.667,
        3,
        0,
        5.133,
        -2.408,
        0,
        5.567,
        -1.566,
        0,
        5.967,
        -2,
        0,
        6.383,
        0.537,
        0,
        6.833,
        0
      ]
    },
    {
      "Target": "Parameter",
      "Id": "ParamWaistZ",
      "FadeInTime": -1.0,
      "FadeOutTime": -1.0,
      "Segments": [
        0,
        0,
        0,
        0.367,
        1.671,
        0,
        0.933,
        -2.207,
        1,
        1.094,
        -2.207,
        1.256,
        -2.228,
        1.417,
        -2.084,
        1,
        1.561,
        -1.955,
        1.706,
        -0.04,
        1.85,
        0.364,
        1,
        1.972,
        0.706,
        2.095,
        0.685,
        2.217,
        0.685,
        0,
        2.817,
        -0.783,
        0,
        3.3,
        -0.151,
        0,
        3.883,
        -0.571,
        0,
        4.45,
        1.809,
        0,
        4.917,
        -2.209,
        0,
        5.333,
        -1.742,
        0,
        5.75,
        -2,
        0,
        6.167,
        0.537,
        0,
        6.833,
        0
      ]
    },
    {
      "Target": "Parameter",
      "Id": "ParamButtZ",
      "FadeInTime": -1.0,
      "FadeOutTime": -1.0,
      "Segments": [
        0,
        0,
        0,
        0.3,
        -0.843,
        0,
        0.85,
        7.233,
        0,
        1.6,
        -5.162,
        0,
        2.45,
        2.6,
        0,
        3,
        -3.643,
        0,
        3.567,
        2.643,
        0,
        4.067,
        -5.011,
        0,
        4.617,
        10,
        1,
        4.739,
        10,
        4.861,
        -5.249,
        4.983,
        -5.759,
        1,
        5.105,
        -6.269,
        5.228,
        -6.085,
        5.35,
        -6.551,
        1,
        5.5,
        -7.123,
        5.65,
        -8.835,
        5.8,
        -8.835,
        0,
        6.35,
        3.536,
        0,
        6.833,
        0
      ]
    },
    {
      "Target": "Parameter",
      "Id": "Param6",
      "FadeInTime": -1.0,
      "FadeOutTime": -1.0,
      "Segments": [
        0,
        0,
        0,
        0.183,
        -1.124,
        0,
        0.667,
        12.264,
        0,
        1.367,
        -2.05,
        0,
        2.05,
        6.743,
        0,
        2.65,
        -4.888,
        0,
        3.1,
        3.27,
        0,
        3.717,
        -3.206,
        0,
        4.35,
        23.869,
        1,
        4.583,
        23.869,
        4.817,
        -5.092,
        5.05,
        -7.901,
        1,
        5.228,
        -10.041,
        5.405,
        -9.452,
        5.583,
        -9.452,
        0,
        6,
        5.576,
        0,
        6.533,
        -1.45,
        0,
        6.833,
        0
      ]
    },
    {
      "Target": "Parameter",
      "Id": "ParamBrowLForm",
      "FadeInTime": -1.0,
      "FadeOutTime": -1.0,
      "Segments": [
        0,
        0,
        0,
        0.383,
        -0.4,
        0,
        1,
        0,
        2,
        6.833,
        0
      ]
    },
    {
      "Target": "Parameter",
      "Id": "ParamBrowRAngle",
      "FadeInTime": -1.0,
      "FadeOutTime": -1.0,
      "Segments": [
        0,
        0,
        2,
        4.75,
        0,
        0,
        5.183,
        -0.9,
        0,
        6.833,
        0
      ]
    },
    {
      "Target": "Parameter",
      "Id": "ParamBrowRForm",
      "FadeInTime": -1.0,
      "FadeOutTime": -1.0,
      "Segments": [
        0,
        0,
        0,
        0.383,
        -0.4,
        0,
        1,
        0,
        0,
        5.183,
        -0.3,
        0,
        6.833,
        0
      ]
    },
    {
      "Target": "Parameter",
      "Id": "ParamEyeLOpen",
      "FadeInTime": -1.0,
      "FadeOutTime": -1.0,
      "Segments": [
        0,
        1,
        0,
        0.367,
        0,
        0,
        0.817,
        0.9,
        2,
        1.3,
        0.9,
        0,
        1.883,
        0.8,
        0,
        2.833,
        1,
        0,
        3.2,
        0,
        0,
        3.65,
        1,
        2,
        4.75,
        1,
        2,
        6.833,
        1
      ]
    },
    {
      "Target": "Parameter",
      "Id": "ParamEyeROpen",
      "FadeInTime": -1.0,
      "FadeOutTime": -1.0,
      "Segments": [
        0,
        1,
        0,
        0.367,
        0,
        0,
        0.817,
        0.9,
        2,
        1.3,
        0.9,
        0,
        1.883,
        0.8,
        0,
        2.833,
        1,
        0,
        3.2,
        0,
        0,
        3.65,
        1,
        2,
        4.75,
        1,
        0,
        5.183,
        0,
        2,
        5.733,
        0,
        0,
        6.333,
        1,
        2,
        6.833,
        1
      ]
    },
    {
      "Target": "Parameter",
      "Id": "ParamEyeformL",
      "FadeInTime": -1.0,
      "FadeOutTime": -1.0,
      "Segments": [
        0,
        0,
        0,
        0.233,
        0.2,
        0,
        0.567,
        -0.7,
        0,
        0.883,
        0,
        2,
        2.833,
        0,
        0,
        3.067,
        0.2,
        0,
        3.4,
        -0.7,
        0,
        3.717,
        0,
        2,
        6.833,
        0
      ]
    },
    {
      "Target": "Parameter",
      "Id": "ParamEyeformR",
      "FadeInTime": -1.0,
      "FadeOutTime": -1.0,
      "Segments": [
        0,
        0,
        0,
        0.233,
        0.2,
        0,
        0.567,
        -0.7,
        0,
        0.883,
        0,
        2,
        2.833,
        0,
        0,
        3.067,
        0.2,
        0,
        3.4,
        -0.7,
        0,
        3.717,
        0,
        2,
        4.75,
        0,
        0,
        5.383,
        -0.5,
        0,
        6.333,
        0,
        2,
        6.833,
        0
      ]
    },
    {
      "Target": "Parameter",
      "Id": "ParamEyesform",
      "FadeInTime": -1.0,
      "FadeOutTime": -1.0,
      "Segments": [
        0,
        0,
        1,
        0.4,
        0,
        0.8,
        -0.078,
        1.2,
        -0.1,
        1,
        2.022,
        -0.144,
        2.845,
        -0.146,
        3.667,
        -0.2,
        1,
        4.261,
        -0.239,
        4.856,
        -0.6,
        5.45,
        -0.6,
        0,
        6.833,
        0
      ]
    },
    {
      "Target": "Parameter",
      "Id": "ParamMouth",
      "FadeInTime": -1.0,
      "FadeOutTime": -1.0,
      "Segments": [
        0,
        0,
        0,
        0.167,
        6,
        0,
        0.3,
        0,
        0,
        0.433,
        4,
        0,
        0.817,
        -30,
        2,
        1.333,
        -30,
        0,
        1.417,
        6,
        0,
        1.483,
        0,
        1,
        1.511,
        0,
        1.539,
        3.735,
        1.567,
        10,
        1,
        1.589,
        15.012,
        1.611,
        17,
        1.633,
        17,
        0,
        1.733,
        0,
        0,
        1.833,
        17,
        0,
        1.9,
        0,
        1,
        1.944,
        0,
        1.989,
        0.454,
        2.033,
        6,
        1,
        2.066,
        10.16,
        2.1,
        22,
        2.133,
        22,
        0,
        2.25,
        0,
        1,
        2.272,
        0,
        2.295,
        13.138,
        2.317,
        17,
        1,
        2.345,
        21.827,
        2.372,
        22,
        2.4,
        22,
        1,
        2.433,
        22,
        2.467,
        14.056,
        2.5,
        6,
        1,
        2.522,
        0.629,
        2.545,
        0,
        2.567,
        0,
        2,
        2.633,
        0,
        1,
        2.672,
        0,
        2.711,
        10.118,
        2.75,
        15,
        1,
        2.8,
        21.277,
        2.85,
        22,
        2.9,
        22,
        1,
        2.933,
        22,
        2.967,
        9.642,
        3,
        6,
        1,
        3.05,
        0.536,
        3.1,
        0,
        3.15,
        0,
        0,
        3.3,
        6,
        0,
        3.567,
        -14,
        2,
        3.933,
        -14,
        1,
        3.972,
        -14,
        4.011,
        -4.793,
        4.05,
        0,
        1,
        4.094,
        5.478,
        4.139,
        6,
        4.183,
        6,
        0,
        4.317,
        0,
        0,
        4.483,
        12,
        0,
        4.583,
        0,
        0,
        4.683,
        22,
        0,
        4.817,
        0,
        2,
        5.05,
        0,
        0,
        5.3,
        17,
        2,
        5.483,
        17,
        0,
        5.9,
        -11,
        0,
        6.833,
        0
      ]
    },
    {
      "Target": "Parameter",
      "Id": "ParamMouthForm",
      "FadeInTime": -1.0,
      "FadeOutTime": -1.0,
      "Segments": [
        0,
        0,
        0,
        0.167,
        0.6,
        0,
        0.3,
        -1,
        1,
        0.344,
        -1,
        0.389,
        -0.759,
        0.433,
        -0.6,
        1,
        0.561,
        -0.144,
        0.689,
        0.521,
        0.817,
        0.6,
        1,
        0.989,
        0.706,
        1.161,
        0.7,
        1.333,
        0.7,
        1,
        1.361,
        0.7,
        1.389,
        0.715,
        1.417,
        0.6,
        1,
        1.439,
        0.508,
        1.461,
        -1,
        1.483,
        -1,
        0,
        1.567,
        0.5,
        0,
        1.633,
        -0.6,
        0,
        1.733,
        0.8,
        1,
        1.766,
        0.8,
        1.8,
        0.006,
        1.833,
        -0.6,
        1,
        1.855,
        -1,
        1.878,
        -1,
        1.9,
        -1,
        0,
        2.033,
        0.6,
        0,
        2.133,
        0,
        0,
        2.25,
        0.8,
        0,
        2.317,
        -0.6,
        1,
        2.345,
        -0.6,
        2.372,
        -0.361,
        2.4,
        0,
        1,
        2.433,
        0.433,
        2.467,
        0.6,
        2.5,
        0.6,
        0,
        2.567,
        -1,
        1,
        2.589,
        -1,
        2.611,
        -0.542,
        2.633,
        -0.3,
        1,
        2.672,
        0.124,
        2.711,
        0.2,
        2.75,
        0.2,
        0,
        2.9,
        0,
        1,
        2.933,
        0,
        2.967,
        0.471,
        3,
        0.6,
        1,
        3.05,
        0.793,
        3.1,
        0.8,
        3.15,
        0.8,
        1,
        3.2,
        0.8,
        3.25,
        0.754,
        3.3,
        0.6,
        1,
        3.333,
        0.497,
        3.367,
        0.4,
        3.4,
        0.4,
        0,
        3.617,
        1,
        2,
        3.933,
        1,
        1,
        3.972,
        1,
        4.011,
        0.924,
        4.05,
        0.8,
        1,
        4.094,
        0.658,
        4.139,
        0.6,
        4.183,
        0.6,
        0,
        4.317,
        0.8,
        2,
        4.483,
        0.8,
        0,
        4.583,
        0,
        2,
        4.683,
        0,
        0,
        4.817,
        -0.6,
        0,
        5.05,
        0.3,
        0,
        5.3,
        -0.6,
        2,
        5.483,
        -0.6,
        0,
        5.9,
        1,
        0,
        6.833,
        0
      ]
    },
    {
      "Target": "Parameter",
      "Id": "ParamMouthOpenY",
      "FadeInTime": -1.0,
      "FadeOutTime": -1.0,
      "Segments": [
        0,
        0,
        0,
        0.167,
        0.2,
        0,
        0.3,
        0,
        0,
        0.433,
        0.2,
        0,
        0.817,
        0,
        2,
        1.333,
        0,
        0,
        1.417,
        0.2,
        0,
        1.483,
        0,
        0,
        1.567,
        0.6,
        0,
        1.633,
        0.2,
        0,
        1.733,
        0.8,
        1,
        1.766,
        0.8,
        1.8,
        0.485,
        1.833,
        0.2,
        1,
        1.855,
        0.01,
        1.878,
        0,
        1.9,
        0,
        0,
        1.983,
        0.2,
        2,
        2.033,
        0.2,
        0,
        2.133,
        0.7,
        0,
        2.183,
        0.1,
        0,
        2.25,
        0.8,
        0,
        2.317,
        0.2,
        0,
        2.4,
        0.4,
        1,
        2.433,
        0.4,
        2.467,
        0.354,
        2.5,
        0.2,
        1,
        2.522,
        0.097,
        2.545,
        0,
        2.567,
        0,
        0,
        2.633,
        0.3,
        0,
        2.683,
        0.2,
        0,
        2.75,
        0.7,
        0,
        2.8,
        0.3,
        0,
        2.9,
        0.6,
        0,
        3,
        0.2,
        0,
        3.15,
        0.8,
        0,
        3.3,
        0.2,
        0,
        3.4,
        0.4,
        0,
        3.567,
        0,
        2,
        3.933,
        0,
        0,
        4.05,
        0.8,
        0,
        4.183,
        0.2,
        0,
        4.317,
        0.8,
        0,
        4.4,
        0.4,
        0,
        4.483,
        0.8,
        0,
        4.583,
        0.3,
        0,
        4.683,
        0.4,
        0,
        4.817,
        0.2,
        0,
        5.05,
        0.6,
        0,
        5.3,
        0.2,
        2,
        5.483,
        0.2,
        0,
        5.9,
        0,
        2,
        6.833,
        0
      ]
    },
    {
      "Target": "Parameter",
      "Id": "ParamTeeth",
      "FadeInTime": -1.0,
      "FadeOutTime": -1.0,
      "Segments": [
        0,
        0,
        0,
        0.167,
        30,
        0,
        0.3,
        0,
        2,
        0.433,
        0,
        2,
        0.817,
        0,
        2,
        1.333,
        0,
        0,
        1.417,
        30,
        0,
        1.483,
        0,
        2,
        1.567,
        0,
        2,
        1.633,
        0,
        2,
        1.733,
        0,
        2,
        1.833,
        0,
        2,
        1.9,
        0,
        0,
        2.033,
        30,
        0,
        2.133,
        0,
        2,
        2.25,
        0,
        2,
        2.317,
        0,
        2,
        2.4,
        0,
        0,
        2.5,
        30,
        1,
        2.522,
        30,
        2.545,
        0,
        2.567,
        0,
        2,
        2.633,
        0,
        2,
        2.75,
        0,
        2,
        2.9,
        0,
        0,
        3,
        30,
        0,
        3.15,
        0,
        0,
        3.3,
        30,
        0,
        3.4,
        0,
        2,
        3.567,
        0,
        2,
        3.933,
        0,
        2,
        4.05,
        0,
        0,
        4.183,
        30,
        0,
        4.317,
        0,
        2,
        4.483,
        0,
        2,
        4.583,
        0,
        2,
        4.683,
        0,
        2,
        4.817,
        0,
        2,
        5.05,
        0,
        2,
        5.3,
        0,
        2,
        5.483,
        0,
        2,
        5.9,
        0,
        2,
        6.833,
        0
      ]
    },
    {
      "Target": "Parameter",
      "Id": "Param_Angle_Rotation_1_Tail_D4",
      "FadeInTime": -1.0,
      "FadeOutTime": -1.0,
      "Segments": [
        0,
        -6.41,
        0,
        1.367,
        4,
        0,
        3.083,
        -7.451,
        1,
        3.189,
        -7.451,
        3.294,
        -7.682,
        3.4,
        -6.41,
        1,
        3.867,
        -0.788,
        4.333,
        4,
        4.8,
        4,
        0,
        6.517,
        -7.451,
        0,
        6.833,
        -6.41
      ]
    },
    {
      "Target": "Parameter",
      "Id": "Param_Angle_Rotation_3_Tail_D4",
      "FadeInTime": -1.0,
      "FadeOutTime": -1.0,
      "Segments": [
        0,
        25,
        0,
        1.7,
        14,
        0,
        3.4,
        25,
        0,
        5.133,
        14,
        0,
        6.833,
        25
      ]
    },
    {
      "Target": "Parameter",
      "Id": "Param_Angle_Rotation_5_Tail_D4",
      "FadeInTime": -1.0,
      "FadeOutTime": -1.0,
      "Segments": [
        0,
        5.14,
        0,
        0.483,
        0.043,
        0,
        2.183,
        25.42,
        1,
        2.589,
        25.42,
        2.994,
        16.516,
        3.4,
        5.14,
        1,
        3.567,
        0.465,
        3.733,
        0.043,
        3.9,
        0.043,
        0,
        5.617,
        25.42,
        0,
        6.833,
        5.14
      ]
    },
    {
      "Target": "Parameter",
      "Id": "Param_Angle_Rotation_7_Tail_D4",
      "FadeInTime": -1.0,
      "FadeOutTime": -1.0,
      "Segments": [
        0,
        14.6,
        0,
        0.833,
        10,
        0,
        2.567,
        19,
        1,
        2.845,
        19,
        3.122,
        17.512,
        3.4,
        14.6,
        1,
        3.694,
        11.513,
        3.989,
        10,
        4.283,
        10,
        0,
        6,
        19,
        0,
        6.833,
        14.6
      ]
    },
    {
      "Target": "Parameter",
      "Id": "Param_Angle_Rotation_1_Tail_U4",
      "FadeInTime": -1.0,
      "FadeOutTime": -1.0,
      "Segments": [
        0,
        5.23,
        0,
        1.683,
        -10,
        0,
        3.4,
        5.23,
        0,
        5.117,
        -10,
        0,
        6.833,
        5.23
      ]
    },
    {
      "Target": "Parameter",
      "Id": "Param_Angle_Rotation_2_Tail_U4",
      "FadeInTime": -1.0,
      "FadeOutTime": -1.0,
      "Segments": [
        0,
        11.47,
        0,
        0.25,
        15.88,
        0,
        1.967,
        -9,
        1,
        2.317,
        -9,
        2.667,
        -6.898,
        3.017,
        -0.295,
        1,
        3.145,
        2.116,
        3.272,
        7.525,
        3.4,
        11.47,
        1,
        3.494,
        14.386,
        3.589,
        15.88,
        3.683,
        15.88,
        0,
        5.383,
        -9,
        1,
        5.733,
        -9,
        6.083,
        -7.46,
        6.433,
        -0.295,
        1,
        6.566,
        2.434,
        6.7,
        11.47,
        6.833,
        11.47
      ]
    },
    {
      "Target": "Parameter",
      "Id": "Param_Angle_Rotation_3_Tail_U4",
      "FadeInTime": -1.0,
      "FadeOutTime": -1.0,
      "Segments": [
        0,
        -16.6,
        1,
        0.083,
        -16.6,
        0.167,
        -17.996,
        0.25,
        -19.322,
        1,
        0.367,
        -21.178,
        0.483,
        -23.113,
        0.6,
        -24,
        1,
        1.172,
        -28.35,
        1.745,
        -30,
        2.317,
        -30,
        0,
        3.017,
        -15.176,
        1,
        3.145,
        -15.176,
        3.272,
        -15.55,
        3.4,
        -16.6,
        1,
        3.494,
        -17.376,
        3.589,
        -18.248,
        3.683,
        -19.322,
        1,
        3.8,
        -20.649,
        3.916,
        -23.105,
        4.033,
        -24,
        1,
        4.6,
        -28.349,
        5.166,
        -30,
        5.733,
        -30,
        0,
        6.433,
        -15.176,
        0,
        6.833,
        -16.6
      ]
    },
    {
      "Target": "Parameter",
      "Id": "Param_Angle_Rotation_4_Tail_U4",
      "FadeInTime": -1.0,
      "FadeOutTime": -1.0,
      "Segments": [
        0,
        -17.311,
        0,
        0.95,
        -5,
        0,
        2.667,
        -45,
        1,
        2.911,
        -45,
        3.156,
        -25.854,
        3.4,
        -17.311,
        1,
        3.722,
        -6.05,
        4.045,
        -5,
        4.367,
        -5,
        0,
        6.083,
        -45,
        0,
        6.833,
        -17.311
      ]
    },
    {
      "Target": "Parameter",
      "Id": "Param_Angle_Rotation_5_Tail_U4",
      "FadeInTime": -1.0,
      "FadeOutTime": -1.0,
      "Segments": [
        0,
        -38.36,
        0,
        1.317,
        5,
        0,
        3.017,
        -45,
        1,
        3.145,
        -45,
        3.272,
        -45,
        3.4,
        -38.36,
        1,
        3.844,
        -14.425,
        4.289,
        5,
        4.733,
        5,
        0,
        6.433,
        -45,
        0,
        6.833,
        -38.36
      ]
    },
    {
      "Target": "Parameter",
      "Id": "Param_Angle_Rotation_6_Tail_U4",
      "FadeInTime": -1.0,
      "FadeOutTime": -1.0,
      "Segments": [
        0,
        -40.22,
        0,
        0.117,
        -41.16,
        0,
        1.833,
        12.2,
        1,
        2.355,
        12.2,
        2.878,
        -14.05,
        3.4,
        -40.22,
        1,
        3.444,
        -42.447,
        3.489,
        -41.16,
        3.533,
        -41.16,
        0,
        5.25,
        12.2,
        0,
        6.833,
        -40.22
      ]
    },
    {
      "Target": "Parameter",
      "Id": "Param_Angle_Rotation_7_Tail_U4",
      "FadeInTime": -1.0,
      "FadeOutTime": -1.0,
      "Segments": [
        0,
        -21.04,
        0,
        0.3,
        -26.45,
        0,
        2.017,
        32.5,
        1,
        2.478,
        32.5,
        2.939,
        7.35,
        3.4,
        -21.04,
        1,
        3.506,
        -27.539,
        3.611,
        -26.45,
        3.717,
        -26.45,
        0,
        5.45,
        32.5,
        0,
        6.833,
        -21.04
      ]
    },
    {
      "Target": "Parameter",
      "Id": "Param_Angle_Rotation_8_Tail_U4",
      "FadeInTime": -1.0,
      "FadeOutTime": -1.0,
      "Segments": [
        0,
        6.58,
        0,
        0.517,
        -8.25,
        0,
        2.233,
        54.3,
        1,
        2.622,
        54.3,
        3.011,
        33.709,
        3.4,
        6.58,
        1,
        3.583,
        -6.209,
        3.767,
        -8.25,
        3.95,
        -8.25,
        0,
        5.667,
        54.3,
        0,
        6.833,
        6.58
      ]
    },
    {
      "Target": "Parameter",
      "Id": "Param_Angle_Rotation_9_Tail_U4",
      "FadeInTime": -1.0,
      "FadeOutTime": -1.0,
      "Segments": [
        0,
        21,
        0,
        0.75,
        3.91,
        0,
        2.45,
        44.1,
        1,
        2.767,
        44.1,
        3.083,
        35.637,
        3.4,
        21,
        1,
        3.661,
        8.931,
        3.922,
        3.91,
        4.183,
        3.91,
        0,
        5.883,
        44.1,
        0,
        6.833,
        21
      ]
    },
    {
      "Target": "Parameter",
      "Id": "Param_Angle_Rotation50",
      "FadeInTime": -1.0,
      "FadeOutTime": -1.0,
      "Segments": [
        0,
        27.99,
        0,
        1.017,
        3.542,
        0,
        2.717,
        40.674,
        1,
        2.945,
        40.674,
        3.172,
        37.618,
        3.4,
        27.99,
        1,
        3.75,
        13.195,
        4.1,
        3.542,
        4.45,
        3.542,
        0,
        6.15,
        40.674,
        0,
        6.833,
        27.99
      ]
    },
    {
      "Target": "Parameter",
      "Id": "Param_Angle_Rotation49",
      "FadeInTime": -1.0,
      "FadeOutTime": -1.0,
      "Segments": [
        0,
        21.02,
        0,
        1.083,
        -19.984,
        0,
        2.817,
        37.38,
        1,
        3.011,
        37.38,
        3.206,
        33.898,
        3.4,
        21.02,
        1,
        3.772,
        -3.632,
        4.145,
        -19.984,
        4.517,
        -19.984,
        0,
        6.233,
        37.38,
        0,
        6.833,
        21.02
      ]
    },
    {
      "Target": "Parameter",
      "Id": "Hair_physics",
      "FadeInTime": -1.0,
      "FadeOutTime": -1.0,
      "Segments": [
        0,
        0,
        1,
        0.117,
        0,
        0.233,
        0.731,
        0.35,
        0.857,
        1,
        0.494,
        1,
        0.639,
        1,
        0.783,
        1,
        0,
        1.067,
        0,
        2,
        1.733,
        0,
        0,
        2.067,
        0.576,
        0,
        2.683,
        0,
        2,
        4.317,
        0,
        0,
        4.833,
        0.9,
        0,
        5.15,
        0,
        2,
        5.9,
        0,
        0,
        6.217,
        0.522,
        0,
        6.833,
        0
      ]
    },
    {
      "Target": "Parameter",
      "Id": "OP_physics",
      "FadeInTime": -1.0,
      "FadeOutTime": -1.0,
      "Segments": [
        0,
        0,
        1,
        0.117,
        0,
        0.233,
        0.731,
        0.35,
        0.857,
        1,
        0.494,
        1,
        0.639,
        1,
        0.783,
        1,
        0,
        1.067,
        0,
        2,
        1.733,
        0,
        0,
        2.067,
        0.576,
        0,
        2.683,
        0,
        2,
        4.317,
        0,
        0,
        4.833,
        0.9,
        0,
        5.15,
        0,
        2,
        5.9,
        0,
        0,
        6.217,
        0.522,
        0,
        6.833,
        0
      ]
    },
    {
      "Target": "Parameter",
      "Id": "ParamEye_PHY_L1",
      "FadeInTime": -1.0,
      "FadeOutTime": -1.0,
      "Segments": [
        0,
        0,
        0,
        0.333,
        -14.575,
        0,
        0.8,
        6.128,
        0,
        1.867,
        -0.432,
        0,
        2.667,
        1.976,
        0,
        3.167,
        -13.742,
        0,
        3.617,
        7.849,
        1,
        4.689,
        7.849,
        5.761,
        3.21,
        6.833,
        1.066
      ]
    },
    {
      "Target": "Parameter",
      "Id": "ParamEye_PHY_L2",
      "FadeInTime": -1.0,
      "FadeOutTime": -1.0,
      "Segments": [
        0,
        0,
        0,
        0.3,
        -10.483,
        0,
        0.75,
        7.592,
        0,
        1.767,
        -0.906,
        0,
        2.55,
        1.193,
        0,
        3.133,
        -10.477,
        0,
        3.583,
        8.465,
        0,
        4.817,
        -0.115,
        2,
        4.833,
        -0.115,
        1,
        5.5,
        -0.115,
        6.166,
        -0.033,
        6.833,
        -0.009
      ]
    },
    {
      "Target": "Parameter",
      "Id": "ParamEye_PHY_R",
      "FadeInTime": -1.0,
      "FadeOutTime": -1.0,
      "Segments": [
        0,
        0,
        0,
        0.333,
        -14.575,
        0,
        0.8,
        6.128,
        0,
        1.867,
        -0.432,
        0,
        2.667,
        1.976,
        0,
        3.167,
        -13.742,
        0,
        3.617,
        7.849,
        0,
        5.133,
        -13.501,
        0,
        6.267,
        10.888,
        1,
        6.456,
        10.888,
        6.644,
        10.638,
        6.833,
        10.213
      ]
    },
    {
      "Target": "Parameter",
      "Id": "ParamEye_PHY_R2",
      "FadeInTime": -1.0,
      "FadeOutTime": -1.0,
      "Segments": [
        0,
        0,
        0,
        0.3,
        -10.483,
        0,
        0.75,
        7.592,
        0,
        1.767,
        -0.906,
        0,
        2.55,
        1.193,
        0,
        3.133,
        -10.477,
        0,
        3.583,
        8.465,
        0,
        5.083,
        -9.82,
        0,
        6.183,
        8.494,
        1,
        6.4,
        8.494,
        6.616,
        5.792,
        6.833,
        3.399
      ]
    },
    {
      "Target": "Parameter",
      "Id": "ParamOppai_PhyY1",
      "FadeInTime": -1.0,
      "FadeOutTime": -1.0,
      "Segments": [
        0,
        0.076,
        0,
        0.25,
        -13.996,
        0,
        0.617,
        14.712,
        0,
        0.833,
        3.627,
        0,
        0.983,
        10.832,
        0,
        1.283,
        -16.561,
        0,
        1.683,
        9.648,
        0,
        2,
        -14.405,
        0,
        2.35,
        18.65,
        0,
        2.783,
        -17.128,
        0,
        3.217,
        10.66,
        0,
        3.667,
        -4.785,
        0,
        4.15,
        0.894,
        0,
        4.583,
        -9.356,
        0,
        5.033,
        28.779,
        0,
        5.4,
        -26.712,
        0,
        5.8,
        17.758,
        0,
        6.167,
        -21.878,
        0,
        6.55,
        22.139,
        1,
        6.644,
        22.138,
        6.739,
        3.539,
        6.833,
        -8.364
      ]
    },
    {
      "Target": "Parameter",
      "Id": "ParamOppai_PhyY2",
      "FadeInTime": -1.0,
      "FadeOutTime": -1.0,
      "Segments": [
        0,
        0.129,
        0,
        0.133,
        2.827,
        0,
        0.433,
        -21.625,
        0,
        0.8,
        16.476,
        0,
        0.983,
        4.845,
        0,
        1.15,
        18.334,
        0,
        1.5,
        -18.563,
        0,
        1.867,
        13.765,
        0,
        2.167,
        -21.76,
        0,
        2.55,
        24.125,
        0,
        3,
        -18.964,
        0,
        3.417,
        11.797,
        0,
        3.883,
        -4.661,
        0,
        4.45,
        1.311,
        0,
        4.8,
        -16.284,
        0,
        5.15,
        30,
        2,
        5.25,
        30,
        0,
        5.583,
        -27.369,
        0,
        6,
        22.154,
        0,
        6.35,
        -27.765,
        0,
        6.75,
        26.445,
        1,
        6.778,
        26.445,
        6.805,
        24.599,
        6.833,
        21.647
      ]
    },
    {
      "Target": "Parameter",
      "Id": "ParamHairR1",
      "FadeInTime": -1.0,
      "FadeOutTime": -1.0,
      "Segments": [
        0,
        0.017,
        0,
        0.25,
        -3.135,
        0,
        0.633,
        2.877,
        0,
        0.817,
        1.538,
        0,
        0.983,
        3.707,
        0,
        1.317,
        -4.872,
        0,
        1.733,
        3.062,
        0,
        2.033,
        -3.561,
        0,
        2.4,
        3.93,
        0,
        2.8,
        -2.966,
        0,
        3.2,
        1.606,
        0,
        3.583,
        -1.028,
        0,
        3.967,
        0.847,
        0,
        4.583,
        -2.581,
        0,
        5.033,
        7.088,
        0,
        5.4,
        -6.597,
        0,
        5.817,
        4.299,
        0,
        6.183,
        -4.604,
        0,
        6.567,
        4.422,
        1,
        6.656,
        4.422,
        6.744,
        1.137,
        6.833,
        -1.228
      ]
    },
    {
      "Target": "Parameter",
      "Id": "ParamHairR2",
      "FadeInTime": -1.0,
      "FadeOutTime": -1.0,
      "Segments": [
        0,
        0.025,
        0,
        0.15,
        0.671,
        0,
        0.45,
        -5.42,
        0,
        0.817,
        3.226,
        0,
        0.95,
        1.838,
        0,
        1.167,
        6.678,
        0,
        1.533,
        -6.289,
        0,
        1.9,
        4.565,
        0,
        2.217,
        -5.915,
        0,
        2.617,
        5.977,
        0,
        3.017,
        -3.73,
        0,
        3.4,
        2.23,
        0,
        3.767,
        -1.564,
        0,
        4.167,
        1.279,
        0,
        4.817,
        -4.709,
        0,
        5.233,
        10.92,
        0,
        5.617,
        -8.632,
        0,
        6.017,
        6.227,
        0,
        6.383,
        -6.943,
        0,
        6.783,
        6.531,
        1,
        6.8,
        6.531,
        6.816,
        6.355,
        6.833,
        6.048
      ]
    },
    {
      "Target": "Parameter",
      "Id": "ParamHairR3",
      "FadeInTime": -1.0,
      "FadeOutTime": -1.0,
      "Segments": [
        0,
        -0.003,
        0,
        0.317,
        2.513,
        0,
        0.617,
        -4.978,
        0,
        0.917,
        2.539,
        0,
        1.1,
        -1.306,
        0,
        1.35,
        5.874,
        0,
        1.683,
        -6.976,
        0,
        2.05,
        7.234,
        0,
        2.383,
        -7.848,
        0,
        2.75,
        6.574,
        0,
        3.133,
        -4.619,
        0,
        3.517,
        3.096,
        0,
        3.883,
        -2.145,
        0,
        4.283,
        1.457,
        0,
        4.5,
        0.834,
        0,
        4.617,
        1.021,
        0,
        5.033,
        -5.649,
        0,
        5.383,
        10.853,
        0,
        5.75,
        -9.923,
        0,
        6.15,
        8.198,
        0,
        6.517,
        -8.413,
        1,
        6.622,
        -8.413,
        6.728,
        1.275,
        6.833,
        5.311
      ]
    },
    {
      "Target": "Parameter",
      "Id": "ParamHairL1",
      "FadeInTime": -1.0,
      "FadeOutTime": -1.0,
      "Segments": [
        0,
        0.018,
        0,
        0.25,
        -4.179,
        0,
        0.617,
        4.36,
        0,
        0.817,
        1.375,
        0,
        0.983,
        3.601,
        0,
        1.283,
        -5.439,
        0,
        1.7,
        3.453,
        0,
        2.017,
        -4.245,
        0,
        2.383,
        4.825,
        0,
        2.8,
        -4.19,
        0,
        3.217,
        2.663,
        0,
        3.633,
        -1.694,
        0,
        4.05,
        1.078,
        0,
        4.583,
        -3.523,
        0,
        5.033,
        8.896,
        0,
        5.4,
        -7.951,
        0,
        5.817,
        5.037,
        0,
        6.167,
        -5.461,
        0,
        6.55,
        5.295,
        1,
        6.644,
        5.295,
        6.739,
        0.824,
        6.833,
        -2.037
      ]
    },
    {
      "Target": "Parameter",
      "Id": "ParamHairL2",
      "FadeInTime": -1.0,
      "FadeOutTime": -1.0,
      "Segments": [
        0,
        0.035,
        0,
        0.15,
        0.886,
        0,
        0.45,
        -7.289,
        0,
        0.817,
        5.333,
        0,
        0.983,
        2.281,
        0,
        1.167,
        6.763,
        0,
        1.517,
        -6.939,
        0,
        1.9,
        5.272,
        0,
        2.217,
        -6.918,
        0,
        2.6,
        7.425,
        0,
        3,
        -5.401,
        0,
        3.417,
        3.536,
        0,
        3.833,
        -2.248,
        0,
        4.25,
        1.428,
        0,
        4.817,
        -6.255,
        0,
        5.233,
        13.351,
        0,
        5.617,
        -10.256,
        0,
        6.017,
        7.267,
        0,
        6.367,
        -8.279,
        0,
        6.75,
        7.955,
        1,
        6.778,
        7.955,
        6.805,
        7.41,
        6.833,
        6.537
      ]
    },
    {
      "Target": "Parameter",
      "Id": "ParamHairL3",
      "FadeInTime": -1.0,
      "FadeOutTime": -1.0,
      "Segments": [
        0,
        0.006,
        0,
        0.317,
        3.318,
        0,
        0.617,
        -7.013,
        0,
        0.917,
        4.625,
        0,
        1.117,
        -1.364,
        0,
        1.35,
        5.799,
        0,
        1.667,
        -7.582,
        0,
        2.033,
        8.181,
        0,
        2.367,
        -9.308,
        0,
        2.733,
        8.104,
        0,
        3.133,
        -6.048,
        0,
        3.533,
        4.051,
        0,
        3.933,
        -2.55,
        0,
        4.367,
        1.616,
        0,
        4.433,
        1.585,
        0,
        4.6,
        1.947,
        0,
        5.033,
        -7.335,
        0,
        5.383,
        13.358,
        0,
        5.75,
        -11.755,
        0,
        6.15,
        9.725,
        0,
        6.517,
        -10.473,
        1,
        6.622,
        -10.473,
        6.728,
        3.841,
        6.833,
        7.745
      ]
    },
    {
      "Target": "Parameter",
      "Id": "Param_Angle_Rotation11",
      "FadeInTime": -1.0,
      "FadeOutTime": -1.0,
      "Segments": [
        0,
        0.05,
        0,
        0.3,
        -5.582,
        0,
        1.017,
        11.76,
        0,
        1.533,
        -9.018,
        0,
        2.383,
        7.259,
        0,
        2.983,
        -4.93,
        0,
        3.7,
        2.603,
        0,
        4.633,
        -5.119,
        0,
        5.117,
        12.329,
        0,
        5.683,
        -7.832,
        0,
        6.55,
        5.612,
        1,
        6.644,
        5.612,
        6.739,
        3.196,
        6.833,
        0.711
      ]
    },
    {
      "Target": "Parameter",
      "Id": "Param_Angle_Rotation12",
      "FadeInTime": -1.0,
      "FadeOutTime": -1.0,
      "Segments": [
        0,
        0.04,
        0,
        0.3,
        -4.465,
        0,
        1.017,
        9.408,
        0,
        1.533,
        -7.214,
        0,
        2.383,
        5.807,
        0,
        2.983,
        -3.944,
        0,
        3.7,
        2.083,
        0,
        4.633,
        -4.095,
        0,
        5.117,
        9.863,
        0,
        5.683,
        -6.266,
        0,
        6.55,
        4.49,
        1,
        6.644,
        4.49,
        6.739,
        2.557,
        6.833,
        0.569
      ]
    },
    {
      "Target": "Parameter",
      "Id": "Param_Angle_Rotation13",
      "FadeInTime": -1.0,
      "FadeOutTime": -1.0,
      "Segments": [
        0,
        0.075,
        0,
        0.233,
        2.982,
        0,
        0.717,
        -8.076,
        0,
        0.85,
        -7.376,
        2,
        0.867,
        -7.376,
        0,
        1.367,
        14.78,
        0,
        2.167,
        -8.971,
        0,
        2.817,
        9.639,
        0,
        3.45,
        -5.296,
        0,
        4.15,
        3.313,
        0,
        5.017,
        -11.807,
        0,
        5.517,
        13.495,
        0,
        6.117,
        -6.834,
        0,
        6.167,
        -6.816,
        0,
        6.267,
        -7.019,
        1,
        6.456,
        -7.019,
        6.644,
        2.899,
        6.833,
        6.678
      ]
    },
    {
      "Target": "Parameter",
      "Id": "Param_Angle_Rotation14",
      "FadeInTime": -1.0,
      "FadeOutTime": -1.0,
      "Segments": [
        0,
        0.075,
        0,
        0.233,
        2.982,
        0,
        0.717,
        -8.076,
        0,
        0.85,
        -7.376,
        2,
        0.867,
        -7.376,
        0,
        1.367,
        14.78,
        0,
        2.167,
        -8.971,
        0,
        2.817,
        9.639,
        0,
        3.45,
        -5.296,
        0,
        4.15,
        3.313,
        0,
        5.017,
        -11.807,
        0,
        5.517,
        13.495,
        0,
        6.117,
        -6.834,
        0,
        6.167,
        -6.816,
        0,
        6.267,
        -7.019,
        1,
        6.456,
        -7.019,
        6.644,
        2.899,
        6.833,
        6.678
      ]
    },
    {
      "Target": "Parameter",
      "Id": "Param_Angle_Rotation15",
      "FadeInTime": -1.0,
      "FadeOutTime": -1.0,
      "Segments": [
        0,
        -0.214,
        0,
        0.467,
        3.329,
        0,
        1.117,
        -9.366,
        0,
        1.667,
        12.631,
        0,
        2.45,
        -8.85,
        0,
        3.117,
        8.181,
        0,
        3.783,
        -4.813,
        0,
        4.667,
        3.581,
        0,
        5.267,
        -10.876,
        0,
        5.833,
        11.501,
        0,
        6.583,
        -7.086,
        1,
        6.666,
        -7.086,
        6.75,
        -5.286,
        6.833,
        -2.971
      ]
    },
    {
      "Target": "Parameter",
      "Id": "Param_Angle_Rotation16",
      "FadeInTime": -1.0,
      "FadeOutTime": -1.0,
      "Segments": [
        0,
        -0.214,
        0,
        0.467,
        3.329,
        0,
        1.117,
        -9.366,
        0,
        1.667,
        12.631,
        0,
        2.45,
        -8.85,
        0,
        3.117,
        8.181,
        0,
        3.783,
        -4.813,
        0,
        4.667,
        3.581,
        0,
        5.267,
        -10.876,
        0,
        5.833,
        11.501,
        0,
        6.583,
        -7.086,
        1,
        6.666,
        -7.086,
        6.75,
        -5.286,
        6.833,
        -2.971
      ]
    },
    {
      "Target": "Parameter",
      "Id": "Param_Angle_Rotation17",
      "FadeInTime": -1.0,
      "FadeOutTime": -1.0,
      "Segments": [
        0,
        0.056,
        0,
        0.3,
        -6.503,
        0,
        1,
        12.028,
        0,
        1.517,
        -8.962,
        0,
        2.367,
        7.7,
        0,
        2.967,
        -6.171,
        0,
        3.583,
        3.633,
        0,
        4.2,
        -2.147,
        0,
        4.35,
        -1.751,
        0,
        4.65,
        -4.65,
        0,
        5.117,
        13.192,
        0,
        5.683,
        -8.375,
        0,
        6.533,
        6.9,
        1,
        6.633,
        6.9,
        6.733,
        3.787,
        6.833,
        0.674
      ]
    },
    {
      "Target": "Parameter",
      "Id": "Param_Angle_Rotation18",
      "FadeInTime": -1.0,
      "FadeOutTime": -1.0,
      "Segments": [
        0,
        0.056,
        0,
        0.3,
        -6.503,
        0,
        1,
        12.028,
        0,
        1.517,
        -8.962,
        0,
        2.367,
        7.7,
        0,
        2.967,
        -6.171,
        0,
        3.583,
        3.633,
        0,
        4.2,
        -2.147,
        0,
        4.35,
        -1.751,
        0,
        4.65,
        -4.65,
        0,
        5.117,
        13.192,
        0,
        5.683,
        -8.375,
        0,
        6.533,
        6.9,
        1,
        6.633,
        6.9,
        6.733,
        3.787,
        6.833,
        0.674
      ]
    },
    {
      "Target": "Parameter",
      "Id": "Param_Angle_Rotation19",
      "FadeInTime": -1.0,
      "FadeOutTime": -1.0,
      "Segments": [
        0,
        0.119,
        0,
        0.233,
        4.3,
        0,
        0.683,
        -11.439,
        0,
        1.35,
        18.109,
        0,
        2.167,
        -10.927,
        0,
        2.8,
        13.211,
        0,
        3.417,
        -8.854,
        0,
        4.033,
        5.468,
        0,
        4.45,
        0.064,
        0,
        4.533,
        0.193,
        0,
        5.017,
        -14.426,
        0,
        5.517,
        17.195,
        0,
        6.317,
        -10.18,
        1,
        6.489,
        -10.18,
        6.661,
        3.829,
        6.833,
        9.576
      ]
    },
    {
      "Target": "Parameter",
      "Id": "Param_Angle_Rotation20",
      "FadeInTime": -1.0,
      "FadeOutTime": -1.0,
      "Segments": [
        0,
        0.119,
        0,
        0.233,
        4.3,
        0,
        0.683,
        -11.439,
        0,
        1.35,
        18.109,
        0,
        2.167,
        -10.927,
        0,
        2.8,
        13.211,
        0,
        3.417,
        -8.854,
        0,
        4.033,
        5.468,
        0,
        4.45,
        0.064,
        0,
        4.533,
        0.193,
        0,
        5.017,
        -14.426,
        0,
        5.517,
        17.195,
        0,
        6.317,
        -10.18,
        1,
        6.489,
        -10.18,
        6.661,
        3.829,
        6.833,
        9.576
      ]
    },
    {
      "Target": "Parameter",
      "Id": "Param_Angle_Rotation21",
      "FadeInTime": -1.0,
      "FadeOutTime": -1.0,
      "Segments": [
        0,
        -0.314,
        0,
        0.467,
        4.768,
        0,
        1.1,
        -11.936,
        0,
        1.65,
        15.628,
        0,
        2.433,
        -10.915,
        0,
        3.1,
        11.436,
        0,
        3.733,
        -7.816,
        0,
        4.35,
        4.862,
        0,
        5.267,
        -13.436,
        0,
        5.833,
        14.841,
        0,
        6.6,
        -10.146,
        1,
        6.678,
        -10.146,
        6.755,
        -7.631,
        6.833,
        -4.36
      ]
    },
    {
      "Target": "Parameter",
      "Id": "Param_Angle_Rotation22",
      "FadeInTime": -1.0,
      "FadeOutTime": -1.0,
      "Segments": [
        0,
        -0.314,
        0,
        0.467,
        4.768,
        0,
        1.1,
        -11.936,
        0,
        1.65,
        15.628,
        0,
        2.433,
        -10.915,
        0,
        3.1,
        11.436,
        0,
        3.733,
        -7.816,
        0,
        4.35,
        4.862,
        0,
        5.267,
        -13.436,
        0,
        5.833,
        14.841,
        0,
        6.6,
        -10.146,
        1,
        6.678,
        -10.146,
        6.755,
        -7.631,
        6.833,
        -4.36
      ]
    },
    {
      "Target": "Parameter",
      "Id": "MB_DRFWXZKTMD",
      "FadeInTime": -1.0,
      "FadeOutTime": -1.0,
      "Segments": [
        0,
        0,
        0,
        6.833,
        0
      ]
    },
    {
      "Target": "Parameter",
      "Id": "Param17",
      "FadeInTime": -1.0,
      "FadeOutTime": -1.0,
      "Segments": [
        0,
        0,
        0,
        6.833,
        0
      ]
    },
    {
      "Target": "Parameter",
      "Id": "Param16",
      "FadeInTime": -1.0,
      "FadeOutTime": -1.0,
      "Segments": [
        0,
        0,
        0,
        6.833,
        0
      ]
    },
    {
      "Target": "Parameter",
      "Id": "Param18",
      "FadeInTime": -1.0,
      "FadeOutTime": -1.0,
      "Segments": [
        0,
        0,
        0,
        6.833,
        0
      ]
    },
    {
      "Target": "Parameter",
      "Id": "man_TMD",
      "FadeInTime": -1.0,
      "FadeOutTime": -1.0,
      "Segments": [
        0,
        1,
        0,
        6.833,
        1
      ]
    },
    {
      "Target": "Parameter",
      "Id": "BG_TMD",
      "FadeInTime": -1.0,
      "FadeOutTime": -1.0,
      "Segments": [
        0,
        1,
        0,
        6.833,
        1
      ]
    },
    {
      "Target": "Parameter",
      "Id": "All_X",
      "FadeInTime": -1.0,
      "FadeOutTime": -1.0,
      "Segments": [
        0,
        0,
        0,
        6.833,
        0
      ]
    },
    {
      "Target": "Parameter",
      "Id": "All_Y",
      "FadeInTime": -1.0,
      "FadeOutTime": -1.0,
      "Segments": [
        0,
        0,
        0,
        6.833,
        0
      ]
    },
    {
      "Target": "Parameter",
      "Id": "All_Angle",
      "FadeInTime": -1.0,
      "FadeOutTime": -1.0,
      "Segments": [
        0,
        0,
        0,
        6.833,
        0
      ]
    },
    {
      "Target": "Parameter",
      "Id": "All_Size",
      "FadeInTime": -1.0,
      "FadeOutTime": -1.0,
      "Segments": [
        0,
        0,
        0,
        6.833,
        0
      ]
    },
    {
      "Target": "Parameter",
      "Id": "man_X",
      "FadeInTime": -1.0,
      "FadeOutTime": -1.0,
      "Segments": [
        0,
        0,
        0,
        6.833,
        0
      ]
    },
    {
      "Target": "Parameter",
      "Id": "man_Y",
      "FadeInTime": -1.0,
      "FadeOutTime": -1.0,
      "Segments": [
        0,
        0,
        0,
        6.833,
        0
      ]
    },
    {
      "Target": "Parameter",
      "Id": "man_Angle",
      "FadeInTime": -1.0,
      "FadeOutTime": -1.0,
      "Segments": [
        0,
        0,
        0,
        6.833,
        0
      ]
    },
    {
      "Target": "Parameter",
      "Id": "man_Size",
      "FadeInTime": -1.0,
      "FadeOutTime": -1.0,
      "Segments": [
        0,
        0,
        0,
        6.833,
        0
      ]
    },
    {
      "Target": "Parameter",
      "Id": "BG_X",
      "FadeInTime": -1.0,
      "FadeOutTime": -1.0,
      "Segments": [
        0,
        0,
        0,
        6.833,
        0
      ]
    },
    {
      "Target": "Parameter",
      "Id": "BG_Y",
      "FadeInTime": -1.0,
      "FadeOutTime": -1.0,
      "Segments": [
        0,
        0,
        0,
        6.833,
        0
      ]
    },
    {
      "Target": "Parameter",
      "Id": "BG_Angle",
      "FadeInTime": -1.0,
      "FadeOutTime": -1.0,
      "Segments": [
        0,
        0,
        0,
        6.833,
        0
      ]
    },
    {
      "Target": "Parameter",
      "Id": "BG_Size",
      "FadeInTime": -1.0,
      "FadeOutTime": -1.0,
      "Segments": [
        0,
        0,
        0,
        6.833,
        0
      ]
    },
    {
      "Target": "Parameter",
      "Id": "NULL14",
      "FadeInTime": -1.0,
      "FadeOutTime": -1.0,
      "Segments": [
        0,
        0,
        0,
        6.833,
        0
      ]
    },
    {
      "Target": "Parameter",
      "Id": "MB_guangyunTMD",
      "FadeInTime": -1.0,
      "FadeOutTime": -1.0,
      "Segments": [
        0,
        0,
        0,
        6.833,
        0
      ]
    },
    {
      "Target": "Parameter",
      "Id": "MB_guangyunbianhuan",
      "FadeInTime": -1.0,
      "FadeOutTime": -1.0,
      "Segments": [
        0,
        10,
        0,
        6.833,
        10
      ]
    },
    {
      "Target": "Parameter",
      "Id": "MB_guangyunshangxia",
      "FadeInTime": -1.0,
      "FadeOutTime": -1.0,
      "Segments": [
        0,
        0,
        0,
        6.833,
        0
      ]
    },
    {
      "Target": "Parameter",
      "Id": "MB_guangyunzuoyou",
      "FadeInTime": -1.0,
      "FadeOutTime": -1.0,
      "Segments": [
        0,
        0,
        0,
        6.833,
        0
      ]
    },
    {
      "Target": "Parameter",
      "Id": "MB_guangyundaxiao",
      "FadeInTime": -1.0,
      "FadeOutTime": -1.0,
      "Segments": [
        0,
        0,
        0,
        6.833,
        0
      ]
    },
    {
      "Target": "Parameter",
      "Id": "MB_guangyunjiaodu",
      "FadeInTime": -1.0,
      "FadeOutTime": -1.0,
      "Segments": [
        0,
        -2.5,
        0,
        6.833,
        -2.5
      ]
    },
    {
      "Target": "Parameter",
      "Id": "Param22",
      "FadeInTime": -1.0,
      "FadeOutTime": -1.0,
      "Segments": [
        0,
        0,
        0,
        6.833,
        0
      ]
    },
    {
      "Target": "Parameter",
      "Id": "Param19",
      "FadeInTime": -1.0,
      "FadeOutTime": -1.0,
      "Segments": [
        0,
        0,
        0,
        6.833,
        0
      ]
    },
    {
      "Target": "Parameter",
      "Id": "Param20",
      "FadeInTime": -1.0,
      "FadeOutTime": -1.0,
      "Segments": [
        0,
        0,
        0,
        6.833,
        0
      ]
    },
    {
      "Target": "Parameter",
      "Id": "Param21",
      "FadeInTime": -1.0,
      "FadeOutTime": -1.0,
      "Segments": [
        0,
        0,
        0,
        6.833,
        0
      ]
    },
    {
      "Target": "Parameter",
      "Id": "Param25",
      "FadeInTime": -1.0,
      "FadeOutTime": -1.0,
      "Segments": [
        0,
        0,
        0,
        6.833,
        0
      ]
    },
    {
      "Target": "Parameter",
      "Id": "Param23",
      "FadeInTime": -1.0,
      "FadeOutTime": -1.0,
      "Segments": [
        0,
        0,
        0,
        6.833,
        0
      ]
    },
    {
      "Target": "Parameter",
      "Id": "Param24",
      "FadeInTime": -1.0,
      "FadeOutTime": -1.0,
      "Segments": [
        0,
        0,
        0,
        6.833,
        0
      ]
    },
    {
      "Target": "Parameter",
      "Id": "BG_Black",
      "FadeInTime": -1.0,
      "FadeOutTime": -1.0,
      "Segments": [
        0,
        0,
        0,
        6.833,
        0
      ]
    },
    {
      "Target": "Parameter",
      "Id": "BG_White",
      "FadeInTime": -1.0,
      "FadeOutTime": -1.0,
      "Segments": [
        0,
        0,
        0,
        6.833,
        0
      ]
    },
    {
      "Target": "Parameter",
      "Id": "Mizugi_D2_Drag",
      "FadeInTime": -1.0,
      "FadeOutTime": -1.0,
      "Segments": [
        0,
        0,
        0,
        6.833,
        0
      ]
    },
    {
      "Target": "Parameter",
      "Id": "touch_drag1",
      "FadeInTime": -1.0,
      "FadeOutTime": -1.0,
      "Segments": [
        0,
        0,
        0,
        6.833,
        0
      ]
    },
    {
      "Target": "Parameter",
      "Id": "Mizugi_R2_DragY2",
      "FadeInTime": -1.0,
      "FadeOutTime": -1.0,
      "Segments": [
        0,
        0,
        0,
        6.833,
        0
      ]
    },
    {
      "Target": "Parameter",
      "Id": "Mizugi_R2_Drag2",
      "FadeInTime": -1.0,
      "FadeOutTime": -1.0,
      "Segments": [
        0,
        0,
        0,
        6.833,
        0
      ]
    },
    {
      "Target": "Parameter",
      "Id": "Mizugi_R2_DragY",
      "FadeInTime": -1.0,
      "FadeOutTime": -1.0,
      "Segments": [
        0,
        0,
        0,
        6.833,
        0
      ]
    },
    {
      "Target": "Parameter",
      "Id": "NULL7",
      "FadeInTime": -1.0,
      "FadeOutTime": -1.0,
      "Segments": [
        0,
        0,
        0,
        6.833,
        0
      ]
    },
    {
      "Target": "Parameter",
      "Id": "touch_drag2",
      "FadeInTime": -1.0,
      "FadeOutTime": -1.0,
      "Segments": [
        0,
        0,
        0,
        6.833,
        0
      ]
    },
    {
      "Target": "Parameter",
      "Id": "Mizugi_L2_DragY",
      "FadeInTime": -1.0,
      "FadeOutTime": -1.0,
      "Segments": [
        0,
        0,
        0,
        6.833,
        0
      ]
    },
    {
      "Target": "Parameter",
      "Id": "NULL11",
      "FadeInTime": -1.0,
      "FadeOutTime": -1.0,
      "Segments": [
        0,
        0,
        0,
        6.833,
        0
      ]
    },
    {
      "Target": "Parameter",
      "Id": "ParamForearmLAngleZ2",
      "FadeInTime": -1.0,
      "FadeOutTime": -1.0,
      "Segments": [
        0,
        0,
        0,
        6.833,
        0
      ]
    },
    {
      "Target": "Parameter",
      "Id": "ParamForearmLAngle2",
      "FadeInTime": -1.0,
      "FadeOutTime": -1.0,
      "Segments": [
        0,
        0,
        0,
        6.833,
        0
      ]
    },
    {
      "Target": "Parameter",
      "Id": "ParamArmLStretch2",
      "FadeInTime": -1.0,
      "FadeOutTime": -1.0,
      "Segments": [
        0,
        0,
        0,
        6.833,
        0
      ]
    },
    {
      "Target": "Parameter",
      "Id": "Param4",
      "FadeInTime": -1.0,
      "FadeOutTime": -1.0,
      "Segments": [
        0,
        0,
        0,
        6.833,
        0
      ]
    },
    {
      "Target": "Parameter",
      "Id": "ParamArmL",
      "FadeInTime": -1.0,
      "FadeOutTime": -1.0,
      "Segments": [
        0,
        0,
        0,
        6.833,
        0
      ]
    },
    {
      "Target": "Parameter",
      "Id": "NULL10",
      "FadeInTime": -1.0,
      "FadeOutTime": -1.0,
      "Segments": [
        0,
        0,
        0,
        6.833,
        0
      ]
    },
    {
      "Target": "Parameter",
      "Id": "ParamhandL",
      "FadeInTime": -1.0,
      "FadeOutTime": -1.0,
      "Segments": [
        0,
        0,
        0,
        6.833,
        0
      ]
    },
    {
      "Target": "Parameter",
      "Id": "ParamHandL_S",
      "FadeInTime": -1.0,
      "FadeOutTime": -1.0,
      "Segments": [
        0,
        0,
        0,
        6.833,
        0
      ]
    },
    {
      "Target": "Parameter",
      "Id": "NULL07",
      "FadeInTime": -1.0,
      "FadeOutTime": -1.0,
      "Segments": [
        0,
        0,
        0,
        6.833,
        0
      ]
    },
    {
      "Target": "Parameter",
      "Id": "ParamHandL1Display",
      "FadeInTime": -1.0,
      "FadeOutTime": -1.0,
      "Segments": [
        0,
        0,
        0,
        6.833,
        0
      ]
    },
    {
      "Target": "Parameter",
      "Id": "ParamHandL4Display",
      "FadeInTime": -1.0,
      "FadeOutTime": -1.0,
      "Segments": [
        0,
        0,
        0,
        6.833,
        0
      ]
    },
    {
      "Target": "Parameter",
      "Id": "ParamHandL4Display2",
      "FadeInTime": -1.0,
      "FadeOutTime": -1.0,
      "Segments": [
        0,
        0,
        0,
        6.833,
        0
      ]
    },
    {
      "Target": "Parameter",
      "Id": "ParamMail",
      "FadeInTime": -1.0,
      "FadeOutTime": -1.0,
      "Segments": [
        0,
        0,
        0,
        6.833,
        0
      ]
    },
    {
      "Target": "Parameter",
      "Id": "Mail1",
      "FadeInTime": -1.0,
      "FadeOutTime": -1.0,
      "Segments": [
        0,
        0,
        0,
        6.833,
        0
      ]
    },
    {
      "Target": "Parameter",
      "Id": "ParamMailZ",
      "FadeInTime": -1.0,
      "FadeOutTime": -1.0,
      "Segments": [
        0,
        0,
        0,
        6.833,
        0
      ]
    },
    {
      "Target": "Parameter",
      "Id": "ParamMailZ2",
      "FadeInTime": -1.0,
      "FadeOutTime": -1.0,
      "Segments": [
        0,
        0,
        0,
        6.833,
        0
      ]
    },
    {
      "Target": "Parameter",
      "Id": "NULL12",
      "FadeInTime": -1.0,
      "FadeOutTime": -1.0,
      "Segments": [
        0,
        0,
        0,
        6.833,
        0
      ]
    },
    {
      "Target": "Parameter",
      "Id": "NULL13",
      "FadeInTime": -1.0,
      "FadeOutTime": -1.0,
      "Segments": [
        0,
        0,
        0,
        6.833,
        0
      ]
    },
    {
      "Target": "Parameter",
      "Id": "ParamHandR_S",
      "FadeInTime": -1.0,
      "FadeOutTime": -1.0,
      "Segments": [
        0,
        0,
        0,
        6.833,
        0
      ]
    },
    {
      "Target": "Parameter",
      "Id": "NULL06",
      "FadeInTime": -1.0,
      "FadeOutTime": -1.0,
      "Segments": [
        0,
        0,
        0,
        6.833,
        0
      ]
    },
    {
      "Target": "Parameter",
      "Id": "NULL6",
      "FadeInTime": -1.0,
      "FadeOutTime": -1.0,
      "Segments": [
        0,
        0,
        0,
        6.833,
        0
      ]
    },
    {
      "Target": "Parameter",
      "Id": "ParamArmR_X",
      "FadeInTime": -1.0,
      "FadeOutTime": -1.0,
      "Segments": [
        0,
        0,
        0,
        6.833,
        0
      ]
    },
    {
      "Target": "Parameter",
      "Id": "ParamArmR_Y",
      "FadeInTime": -1.0,
      "FadeOutTime": -1.0,
      "Segments": [
        0,
        0,
        0,
        6.833,
        0
      ]
    },
    {
      "Target": "Parameter",
      "Id": "ParamLegR_Drag",
      "FadeInTime": -1.0,
      "FadeOutTime": -1.0,
      "Segments": [
        0,
        0,
        0,
        6.833,
        0
      ]
    },
    {
      "Target": "Parameter",
      "Id": "NULL01",
      "FadeInTime": -1.0,
      "FadeOutTime": -1.0,
      "Segments": [
        0,
        0,
        0,
        6.833,
        0
      ]
    },
    {
      "Target": "Parameter",
      "Id": "ParamAngleX",
      "FadeInTime": -1.0,
      "FadeOutTime": -1.0,
      "Segments": [
        0,
        0,
        0,
        6.833,
        0
      ]
    },
    {
      "Target": "Parameter",
      "Id": "ParamBodyAngleY",
      "FadeInTime": -1.0,
      "FadeOutTime": -1.0,
      "Segments": [
        0,
        0,
        0,
        6.833,
        0
      ]
    },
    {
      "Target": "Parameter",
      "Id": "ParamBrowLAngle",
      "FadeInTime": -1.0,
      "FadeOutTime": -1.0,
      "Segments": [
        0,
        0,
        0,
        6.833,
        0
      ]
    },
    {
      "Target": "Parameter",
      "Id": "NULL09",
      "FadeInTime": -1.0,
      "FadeOutTime": -1.0,
      "Segments": [
        0,
        0,
        0,
        6.833,
        0
      ]
    },
    {
      "Target": "Parameter",
      "Id": "ParamEyeLsize",
      "FadeInTime": -1.0,
      "FadeOutTime": -1.0,
      "Segments": [
        0,
        0,
        0,
        6.833,
        0
      ]
    },
    {
      "Target": "Parameter",
      "Id": "ParamEyeRsize",
      "FadeInTime": -1.0,
      "FadeOutTime": -1.0,
      "Segments": [
        0,
        0,
        0,
        6.833,
        0
      ]
    },
    {
      "Target": "Parameter",
      "Id": "ParamEyeBallX",
      "FadeInTime": -1.0,
      "FadeOutTime": -1.0,
      "Segments": [
        0,
        0,
        0,
        6.833,
        0
      ]
    },
    {
      "Target": "Parameter",
      "Id": "ParamEyeBallY",
      "FadeInTime": -1.0,
      "FadeOutTime": -1.0,
      "Segments": [
        0,
        0,
        0,
        6.833,
        0
      ]
    },
    {
      "Target": "Parameter",
      "Id": "NULL08",
      "FadeInTime": -1.0,
      "FadeOutTime": -1.0,
      "Segments": [
        0,
        0,
        0,
        6.833,
        0
      ]
    },
    {
      "Target": "Parameter",
      "Id": "NULL9",
      "FadeInTime": -1.0,
      "FadeOutTime": -1.0,
      "Segments": [
        0,
        0,
        0,
        6.833,
        0
      ]
    },
    {
      "Target": "Parameter",
      "Id": "ParamHeat",
      "FadeInTime": -1.0,
      "FadeOutTime": -1.0,
      "Segments": [
        0,
        0,
        0,
        6.833,
        0
      ]
    },
    {
      "Target": "Parameter",
      "Id": "ParamShy",
      "FadeInTime": -1.0,
      "FadeOutTime": -1.0,
      "Segments": [
        0,
        0,
        0,
        6.833,
        0
      ]
    },
    {
      "Target": "Parameter",
      "Id": "NULL15",
      "FadeInTime": -1.0,
      "FadeOutTime": -1.0,
      "Segments": [
        0,
        0,
        0,
        6.833,
        0
      ]
    },
    {
      "Target": "Parameter",
      "Id": "Param28",
      "FadeInTime": -1.0,
      "FadeOutTime": -1.0,
      "Segments": [
        0,
        0,
        0,
        6.833,
        0
      ]
    },
    {
      "Target": "Parameter",
      "Id": "Param5",
      "FadeInTime": -1.0,
      "FadeOutTime": -1.0,
      "Segments": [
        0,
        0,
        0,
        6.833,
        0
      ]
    },
    {
      "Target": "Parameter",
      "Id": "Param26",
      "FadeInTime": -1.0,
      "FadeOutTime": -1.0,
      "Segments": [
        0,
        0,
        0,
        6.833,
        0
      ]
    },
    {
      "Target": "Parameter",
      "Id": "Param27",
      "FadeInTime": -1.0,
      "FadeOutTime": -1.0,
      "Segments": [
        0,
        0,
        0,
        6.833,
        0
      ]
    }
  ],
  "UserData": [
    {
      "Time": 0.0,
      "Value": ""
    },
    {
      "Time": 0.0,
      "Value": ""
    },
    {
      "Time": 6.333,
      "Value": ""
    }
  ]
}