{
  "Version": 3,
  "Meta": {
    "Duration": 6.833,
    "Fps": 60.0,
    "Loop": true,
    "AreBeziersRestricted": true,
    "FadeInTime": 0.0,
    "FadeOutTime": 0.0,
    "CurveCount": 187,
    "TotalSegmentCount": 1168,
    "TotalPointCount": 1502,
    "UserDataCount": 3,
    "TotalUserDataSize": 0
  },
  "Curves": [
    {
      "Target": "Parameter",
      "Id": "touch_drag2",
      "FadeInTime": -1.0,
      "FadeOutTime": -1.0,
      "Segments": [
        0,
        0,
        0,
        3.583,
        -10,
        0,
        5.433,
        15,
        0,
        5.683,
        -10,
        0,
        5.867,
        0,
        0,
        6.133,
        -6,
        0,
        6.383,
        0,
        2,
        6.833,
        0
      ]
    },
    {
      "Target": "Parameter",
      "Id": "Mizugi_L2_DragY",
      "FadeInTime": -1.0,
      "FadeOutTime": -1.0,
      "Segments": [
        0,
        0,
        2,
        5.433,
        0,
        0,
        5.583,
        -30,
        0,
        5.783,
        20,
        0,
        6.033,
        -17,
        0,
        6.283,
        8,
        0,
        6.833,
        0
      ]
    },
    {
      "Target": "Parameter",
      "Id": "ParamForearmLLayer",
      "FadeInTime": -1.0,
      "FadeOutTime": -1.0,
      "Segments": [
        0,
        0,
        2,
        0.5,
        0,
        0,
        0.517,
        15,
        2,
        3.983,
        15,
        0,
        4,
        0,
        2,
        5.75,
        0,
        2,
        5.767,
        15,
        2,
        6.483,
        15,
        0,
        6.5,
        0,
        2,
        6.833,
        0
      ]
    },
    {
      "Target": "Parameter",
      "Id": "ParamForearmLLayer2",
      "FadeInTime": -1.0,
      "FadeOutTime": -1.0,
      "Segments": [
        0,
        0,
        2,
        0.5,
        0,
        0,
        0.517,
        17,
        2,
        3.983,
        17,
        0,
        4,
        2.73,
        2,
        5.75,
        2.73,
        1,
        5.756,
        2.73,
        5.761,
        17,
        5.767,
        17,
        2,
        6.483,
        17,
        0,
        6.5,
        0,
        2,
        6.833,
        0
      ]
    },
    {
      "Target": "Parameter",
      "Id": "ParamArmLAngle",
      "FadeInTime": -1.0,
      "FadeOutTime": -1.0,
      "Segments": [
        0,
        0,
        0,
        0.5,
        3,
        0,
        1.4,
        -1.64,
        0,
        1.883,
        -0.6,
        0,
        2.483,
        -1.319,
        1,
        2.655,
        -1.319,
        2.828,
        -1.532,
        3,
        -0.6,
        1,
        3.2,
        0.482,
        3.4,
        8.606,
        3.6,
        8.606,
        0,
        4,
        7.038,
        1,
        4.178,
        7.038,
        4.355,
        8.29,
        4.533,
        10.702,
        1,
        4.578,
        11.305,
        4.622,
        12.373,
        4.667,
        12.425,
        1,
        4.917,
        12.715,
        5.167,
        12.8,
        5.417,
        12.8,
        1,
        5.589,
        12.8,
        5.761,
        12.76,
        5.933,
        10,
        1,
        6.233,
        5.193,
        6.533,
        0,
        6.833,
        0
      ]
    },
    {
      "Target": "Parameter",
      "Id": "ParamArmLAngle2",
      "FadeInTime": -1.0,
      "FadeOutTime": -1.0,
      "Segments": [
        0,
        0,
        0,
        2.5,
        -0.3,
        2,
        3.583,
        -0.3,
        0,
        6.833,
        0
      ]
    },
    {
      "Target": "Parameter",
      "Id": "ParamArmLStretch",
      "FadeInTime": -1.0,
      "FadeOutTime": -1.0,
      "Segments": [
        0,
        0,
        0,
        2.5,
        -9.24,
        2,
        3.583,
        -9.24,
        0,
        5.433,
        -19,
        0,
        6.833,
        0
      ]
    },
    {
      "Target": "Parameter",
      "Id": "ParamForearmLAngle",
      "FadeInTime": -1.0,
      "FadeOutTime": -1.0,
      "Segments": [
        0,
        0,
        1,
        0.167,
        0,
        0.333,
        -1.571,
        0.5,
        5.276,
        1,
        0.8,
        17.6,
        1.1,
        52.82,
        1.4,
        52.82,
        0,
        1.883,
        50.12,
        0,
        2.5,
        51.151,
        1,
        2.694,
        51.151,
        2.889,
        51.363,
        3.083,
        50.12,
        1,
        3.283,
        48.841,
        3.483,
        40.613,
        3.683,
        40.613,
        0,
        4.083,
        43,
        0,
        4.667,
        40.045,
        1,
        4.811,
        40.045,
        4.956,
        41.189,
        5.1,
        41.57,
        1,
        5.206,
        41.848,
        5.311,
        41.678,
        5.417,
        42.02,
        1,
        5.589,
        42.579,
        5.761,
        46,
        5.933,
        46,
        0,
        6.833,
        0
      ]
    },
    {
      "Target": "Parameter",
      "Id": "ParamForearmLAngle2",
      "FadeInTime": -1.0,
      "FadeOutTime": -1.0,
      "Segments": [
        0,
        0,
        0,
        2.5,
        8.22,
        2,
        3.583,
        8.22,
        0,
        6.833,
        0
      ]
    },
    {
      "Target": "Parameter",
      "Id": "ParamArmLStretch2",
      "FadeInTime": -1.0,
      "FadeOutTime": -1.0,
      "Segments": [
        0,
        0,
        0,
        2.5,
        -11.74,
        2,
        3.583,
        -11.74,
        1,
        4.2,
        -11.74,
        4.816,
        -11.73,
        5.433,
        -9,
        1,
        5.9,
        -6.934,
        6.366,
        0,
        6.833,
        0
      ]
    },
    {
      "Target": "Parameter",
      "Id": "ParamHandLAngle",
      "FadeInTime": -1.0,
      "FadeOutTime": -1.0,
      "Segments": [
        0,
        0,
        0,
        0.5,
        -18,
        0,
        1.4,
        -11,
        0,
        1.883,
        -15.24,
        0,
        2.5,
        -14.224,
        1,
        2.722,
        -14.224,
        2.945,
        -14.178,
        3.167,
        -15.24,
        1,
        3.367,
        -16.196,
        3.567,
        -19.149,
        3.767,
        -19.149,
        1,
        3.9,
        -19.149,
        4.034,
        -14.69,
        4.167,
        -13,
        1,
        4.334,
        -10.887,
        4.5,
        -10.288,
        4.667,
        -8.657,
        1,
        4.717,
        -8.168,
        4.767,
        -6.306,
        4.817,
        -6.103,
        1,
        4.911,
        -5.719,
        5.006,
        -5.627,
        5.1,
        -5.28,
        1,
        5.144,
        -5.117,
        5.189,
        -4.722,
        5.233,
        -4.722,
        1,
        5.272,
        -4.722,
        5.311,
        -4.768,
        5.35,
        -5.329,
        1,
        5.372,
        -5.65,
        5.395,
        -6.96,
        5.417,
        -6.96,
        1,
        5.589,
        -6.96,
        5.761,
        -2.628,
        5.933,
        11,
        1,
        6.061,
        21.111,
        6.189,
        29.877,
        6.317,
        29.877,
        0,
        6.833,
        0
      ]
    },
    {
      "Target": "Parameter",
      "Id": "ParamHandLChange2",
      "FadeInTime": -1.0,
      "FadeOutTime": -1.0,
      "Segments": [
        0,
        0,
        1,
        0.333,
        0,
        0.667,
        23.427,
        1,
        23.67,
        1,
        1.5,
        24.034,
        2,
        24,
        2.5,
        24,
        2,
        3.167,
        24,
        0,
        3.567,
        30,
        0,
        4.533,
        26.97,
        0,
        5.1,
        30,
        2,
        5.417,
        30,
        1,
        5.5,
        30,
        5.584,
        10.507,
        5.667,
        9,
        1,
        6.056,
        1.967,
        6.444,
        0,
        6.833,
        0
      ]
    },
    {
      "Target": "Parameter",
      "Id": "ParamHandLAnimation",
      "FadeInTime": -1.0,
      "FadeOutTime": -1.0,
      "Segments": [
        0,
        0,
        0,
        1,
        -19.18,
        1,
        1.5,
        -19.18,
        2,
        -12.75,
        2.5,
        -2,
        1,
        2.856,
        5.645,
        3.211,
        8.56,
        3.567,
        8.56,
        0,
        4.533,
        -22.216,
        1,
        4.833,
        -22.216,
        5.133,
        -22.86,
        5.433,
        -19,
        1,
        5.9,
        -12.995,
        6.366,
        0,
        6.833,
        0
      ]
    },
    {
      "Target": "Parameter",
      "Id": "ParamHandLREDisplay",
      "FadeInTime": -1.0,
      "FadeOutTime": -1.0,
      "Segments": [
        0,
        1,
        2,
        0.9,
        1,
        2,
        0.917,
        0,
        2,
        6.267,
        0,
        2,
        6.283,
        1,
        2,
        6.833,
        1
      ]
    },
    {
      "Target": "Parameter",
      "Id": "ParamHandL1Display",
      "FadeInTime": -1.0,
      "FadeOutTime": -1.0,
      "Segments": [
        0,
        0,
        2,
        0.9,
        0,
        0,
        0.917,
        1,
        2,
        6.267,
        1,
        0,
        6.283,
        0,
        2,
        6.833,
        0
      ]
    },
    {
      "Target": "Parameter",
      "Id": "ParamForearmRLayer",
      "FadeInTime": -1.0,
      "FadeOutTime": -1.0,
      "Segments": [
        0,
        0,
        2,
        1.85,
        0,
        2,
        1.867,
        10,
        2,
        5.967,
        10,
        2,
        5.983,
        0,
        2,
        6.833,
        0
      ]
    },
    {
      "Target": "Parameter",
      "Id": "ParamForearmRLayer2",
      "FadeInTime": -1.0,
      "FadeOutTime": -1.0,
      "Segments": [
        0,
        0,
        0,
        0.833,
        10,
        2,
        1.85,
        10,
        2,
        1.867,
        25,
        2,
        5.967,
        25,
        2,
        5.983,
        10,
        1,
        6.266,
        3.225,
        6.55,
        0,
        6.833,
        0
      ]
    },
    {
      "Target": "Parameter",
      "Id": "ParamArmRAngleZ",
      "FadeInTime": -1.0,
      "FadeOutTime": -1.0,
      "Segments": [
        0,
        0,
        2,
        0.35,
        0,
        0,
        0.833,
        1.12,
        1,
        0.961,
        1.12,
        1.089,
        -1.938,
        1.217,
        -2,
        1,
        1.472,
        -2.124,
        1.728,
        -2.125,
        1.983,
        -2.125,
        0,
        2.717,
        0.441,
        0,
        3.533,
        -0.22,
        0,
        4.167,
        0.47,
        0,
        4.883,
        -0.147,
        0,
        5.433,
        0.474,
        0,
        6.017,
        -4.7,
        0,
        6.517,
        2,
        0,
        6.833,
        0
      ]
    },
    {
      "Target": "Parameter",
      "Id": "ParamArmRAngleZ2",
      "FadeInTime": -1.0,
      "FadeOutTime": -1.0,
      "Segments": [
        0,
        0,
        0,
        1.5,
        16,
        0,
        2.5,
        -26,
        2,
        5.433,
        -26,
        0,
        6.833,
        0
      ]
    },
    {
      "Target": "Parameter",
      "Id": "ParamArmRStretch",
      "FadeInTime": -1.0,
      "FadeOutTime": -1.0,
      "Segments": [
        0,
        0,
        2,
        1.5,
        0,
        0,
        2.5,
        -11.74,
        2,
        5.433,
        -11.74,
        1,
        5.678,
        -11.74,
        5.922,
        -9.892,
        6.167,
        -5.798,
        1,
        6.389,
        -2.076,
        6.611,
        0,
        6.833,
        0
      ]
    },
    {
      "Target": "Parameter",
      "Id": "ParamForearmRAngle",
      "FadeInTime": -1.0,
      "FadeOutTime": -1.0,
      "Segments": [
        0,
        0,
        2,
        0.35,
        0,
        1,
        0.511,
        0,
        0.672,
        9.776,
        0.833,
        12,
        1,
        1.022,
        14.608,
        1.211,
        14.46,
        1.4,
        14.46,
        0,
        2.3,
        -23.599,
        0,
        2.65,
        -23.162,
        0,
        3.4,
        -23.479,
        0,
        4.167,
        -23.23,
        0,
        4.867,
        -23.699,
        1,
        5.056,
        -23.699,
        5.244,
        -23.551,
        5.433,
        -23.23,
        1,
        5.539,
        -23.051,
        5.644,
        -23.149,
        5.75,
        -22.666,
        1,
        5.928,
        -21.853,
        6.105,
        5.539,
        6.283,
        5.539,
        0,
        6.833,
        0
      ]
    },
    {
      "Target": "Parameter",
      "Id": "ParamForearmRAngleZ2",
      "FadeInTime": -1.0,
      "FadeOutTime": -1.0,
      "Segments": [
        0,
        0,
        2,
        1.5,
        0,
        0,
        2.5,
        19.88,
        1,
        3.478,
        19.88,
        4.455,
        18.379,
        5.433,
        11,
        1,
        5.9,
        7.478,
        6.366,
        0,
        6.833,
        0
      ]
    },
    {
      "Target": "Parameter",
      "Id": "ParamForearmRAngle2",
      "FadeInTime": -1.0,
      "FadeOutTime": -1.0,
      "Segments": [
        0,
        0,
        2,
        1.5,
        0,
        0,
        2.367,
        30,
        2,
        5.517,
        30,
        0,
        6.183,
        0,
        2,
        6.833,
        0
      ]
    },
    {
      "Target": "Parameter",
      "Id": "ParamHandRStretch",
      "FadeInTime": -1.0,
      "FadeOutTime": -1.0,
      "Segments": [
        0,
        0,
        2,
        1.5,
        0,
        0,
        1.783,
        18,
        0,
        2.267,
        -16.447,
        1,
        3.428,
        -16.447,
        4.589,
        -16.426,
        5.75,
        -16.364,
        1,
        5.889,
        -16.357,
        6.028,
        7.301,
        6.167,
        7.301,
        0,
        6.517,
        0,
        2,
        6.833,
        0
      ]
    },
    {
      "Target": "Parameter",
      "Id": "Param3",
      "FadeInTime": -1.0,
      "FadeOutTime": -1.0,
      "Segments": [
        0,
        0,
        2,
        0.633,
        0,
        0,
        0.833,
        -30,
        2,
        1.65,
        -30,
        2,
        5.433,
        -30,
        0,
        6.083,
        0,
        2,
        6.833,
        0
      ]
    },
    {
      "Target": "Parameter",
      "Id": "ParamArmR",
      "FadeInTime": -1.0,
      "FadeOutTime": -1.0,
      "Segments": [
        0,
        0,
        0,
        1.85,
        14.43,
        0,
        1.867,
        0,
        2,
        2.1,
        0,
        2,
        5.9,
        0,
        2,
        6.833,
        0
      ]
    },
    {
      "Target": "Parameter",
      "Id": "ParamHandRAngle",
      "FadeInTime": -1.0,
      "FadeOutTime": -1.0,
      "Segments": [
        0,
        0,
        2,
        0.35,
        0,
        1,
        0.728,
        0,
        1.105,
        4.322,
        1.483,
        17,
        1,
        1.605,
        21.102,
        1.728,
        27,
        1.85,
        27,
        2,
        1.867,
        11,
        1,
        2.078,
        -3.962,
        2.289,
        -11,
        2.5,
        -11,
        0,
        2.967,
        -10,
        0,
        3.567,
        -10.483,
        0,
        4.167,
        -10,
        0,
        4.883,
        -12.098,
        0,
        5.433,
        -10,
        1,
        5.528,
        -10,
        5.622,
        -9.958,
        5.717,
        -10.182,
        1,
        5.8,
        -10.38,
        5.884,
        -20,
        5.967,
        -20,
        0,
        6.517,
        11.58,
        0,
        6.833,
        0
      ]
    },
    {
      "Target": "Parameter",
      "Id": "ParamHandRChange2",
      "FadeInTime": -1.0,
      "FadeOutTime": -1.0,
      "Segments": [
        0,
        0,
        2,
        1.5,
        0,
        0,
        2.5,
        15,
        2,
        5.433,
        15,
        2,
        5.983,
        15,
        0,
        6.25,
        17.195,
        0,
        6.833,
        0
      ]
    },
    {
      "Target": "Parameter",
      "Id": "ParamHandRChange",
      "FadeInTime": -1.0,
      "FadeOutTime": -1.0,
      "Segments": [
        0,
        0,
        2,
        1.5,
        0,
        0,
        2.5,
        -13,
        0,
        5.433,
        -10,
        0,
        5.717,
        -16,
        0,
        5.967,
        17,
        1,
        5.972,
        17,
        5.978,
        0.48,
        5.983,
        0,
        1,
        6.072,
        -7.684,
        6.161,
        -11,
        6.25,
        -11,
        0,
        6.833,
        0
      ]
    },
    {
      "Target": "Parameter",
      "Id": "ParamHandRAnimation",
      "FadeInTime": -1.0,
      "FadeOutTime": -1.0,
      "Segments": [
        0,
        0,
        1,
        0.122,
        0,
        0.245,
        -0.883,
        0.367,
        -4.437,
        1,
        0.534,
        -9.284,
        0.7,
        -13,
        0.867,
        -13,
        0,
        1.433,
        1.12,
        0,
        1.817,
        -12,
        0,
        2.5,
        0,
        2,
        5.433,
        0,
        0,
        5.717,
        -8,
        0,
        5.967,
        10,
        0,
        5.983,
        -20.82,
        0,
        6.25,
        5,
        0,
        6.833,
        0
      ]
    },
    {
      "Target": "Parameter",
      "Id": "ParamhandR",
      "FadeInTime": -1.0,
      "FadeOutTime": -1.0,
      "Segments": [
        0,
        0,
        2,
        1.5,
        0,
        0,
        2.5,
        -12,
        2,
        5.433,
        -12,
        2,
        5.967,
        -12,
        0,
        5.983,
        0,
        2,
        6.833,
        0
      ]
    },
    {
      "Target": "Parameter",
      "Id": "ParamHandRREDisplay",
      "FadeInTime": -1.0,
      "FadeOutTime": -1.0,
      "Segments": [
        0,
        1,
        2,
        0.75,
        1,
        0,
        0.767,
        0,
        2,
        2.5,
        0,
        2,
        5.967,
        0,
        0,
        5.983,
        1,
        2,
        6.833,
        1
      ]
    },
    {
      "Target": "Parameter",
      "Id": "ParamHandR2Display",
      "FadeInTime": -1.0,
      "FadeOutTime": -1.0,
      "Segments": [
        0,
        0,
        2,
        0.75,
        0,
        0,
        0.767,
        1,
        2,
        1.85,
        1,
        2,
        1.867,
        0,
        2,
        5.967,
        0,
        2,
        6.2,
        0,
        2,
        6.833,
        0
      ]
    },
    {
      "Target": "Parameter",
      "Id": "ParamHandR5Display",
      "FadeInTime": -1.0,
      "FadeOutTime": -1.0,
      "Segments": [
        0,
        0,
        2,
        1.85,
        0,
        2,
        1.867,
        1,
        2,
        5.967,
        1,
        2,
        5.983,
        0,
        2,
        6.833,
        0
      ]
    },
    {
      "Target": "Parameter",
      "Id": "ParamLegLAngleX",
      "FadeInTime": -1.0,
      "FadeOutTime": -1.0,
      "Segments": [
        0,
        0,
        2,
        1.183,
        0,
        2,
        1.4,
        0,
        1,
        1.733,
        0,
        2.067,
        -49.198,
        2.4,
        -53,
        1,
        2.661,
        -55.978,
        2.922,
        -55.16,
        3.183,
        -55.16,
        1,
        3.444,
        -55.16,
        3.706,
        -56.02,
        3.967,
        -53,
        1,
        4.3,
        -49.144,
        4.634,
        30,
        4.967,
        30,
        2,
        5.7,
        30,
        0,
        6.833,
        0
      ]
    },
    {
      "Target": "Parameter",
      "Id": "ParamLegLAngleY",
      "FadeInTime": -1.0,
      "FadeOutTime": -1.0,
      "Segments": [
        0,
        0,
        2,
        1.183,
        0,
        0,
        1.7,
        18,
        0,
        2.517,
        0,
        2,
        4.233,
        0,
        0,
        4.7,
        19,
        0,
        5.233,
        0,
        2,
        5.967,
        0,
        0,
        6.483,
        16,
        0,
        6.833,
        0
      ]
    },
    {
      "Target": "Parameter",
      "Id": "ParamLegRAngleX",
      "FadeInTime": -1.0,
      "FadeOutTime": -1.0,
      "Segments": [
        0,
        0,
        1,
        0.361,
        0,
        0.722,
        4.976,
        1.083,
        13,
        1,
        1.378,
        19.542,
        1.672,
        22,
        1.967,
        22,
        0,
        2.833,
        17,
        2,
        5.6,
        17,
        0,
        6.833,
        0
      ]
    },
    {
      "Target": "Parameter",
      "Id": "ParamAngleY",
      "FadeInTime": -1.0,
      "FadeOutTime": -1.0,
      "Segments": [
        0,
        0,
        2,
        0.333,
        0,
        0,
        0.7,
        10.394,
        0,
        1.267,
        -12.002,
        1,
        1.428,
        -12.002,
        1.589,
        -12.123,
        1.75,
        -11.291,
        1,
        1.894,
        -10.545,
        2.039,
        0.601,
        2.183,
        4.168,
        1,
        2.305,
        7.186,
        2.428,
        7.516,
        2.55,
        7.516,
        0,
        3.15,
        -7.812,
        0,
        3.6,
        2.939,
        0,
        4.217,
        -5.595,
        0,
        4.783,
        3.009,
        0,
        5.25,
        -9.627,
        0,
        5.583,
        -8.739,
        0,
        6.083,
        -12,
        0,
        6.5,
        1.612,
        0,
        6.833,
        0
      ]
    },
    {
      "Target": "Parameter",
      "Id": "ParamAngleZ",
      "FadeInTime": -1.0,
      "FadeOutTime": -1.0,
      "Segments": [
        0,
        0,
        0,
        0.383,
        -1,
        0,
        0.75,
        1.671,
        0,
        1.317,
        -2.207,
        1,
        1.478,
        -2.207,
        1.639,
        -2.228,
        1.8,
        -2.083,
        1,
        1.944,
        -1.953,
        2.089,
        -0.04,
        2.233,
        0.364,
        1,
        2.355,
        0.706,
        2.478,
        0.685,
        2.6,
        0.685,
        0,
        3.2,
        -0.783,
        0,
        3.65,
        0.246,
        0,
        4.3,
        -1.403,
        0,
        4.8,
        5.277,
        0,
        5.3,
        -14,
        0,
        5.667,
        -11.925,
        0,
        6.033,
        -12.878,
        0,
        6.55,
        0.537,
        0,
        6.833,
        0
      ]
    },
    {
      "Target": "Parameter",
      "Id": "ParamBodyAngleX",
      "FadeInTime": -1.0,
      "FadeOutTime": -1.0,
      "Segments": [
        0,
        0,
        0,
        0.717,
        -2.685,
        0,
        1.2,
        1.815,
        0,
        1.6,
        0.877,
        0,
        1.967,
        4.24,
        0,
        2.567,
        2.34,
        0,
        3.317,
        4.28,
        0,
        3.783,
        -0.37,
        0,
        4.483,
        6.639,
        0,
        5.1,
        -2.108,
        0,
        5.467,
        0.418,
        0,
        5.917,
        -2.784,
        0,
        6.367,
        2.043,
        0,
        6.733,
        -0.481,
        0,
        6.833,
        0
      ]
    },
    {
      "Target": "Parameter",
      "Id": "ParamBodyStretch",
      "FadeInTime": -1.0,
      "FadeOutTime": -1.0,
      "Segments": [
        0,
        0,
        2,
        0.183,
        0,
        0,
        0.55,
        1.671,
        0,
        1.117,
        -2.207,
        1,
        1.278,
        -2.207,
        1.439,
        -2.228,
        1.6,
        -2.084,
        1,
        1.744,
        -1.955,
        1.889,
        -0.04,
        2.033,
        0.364,
        1,
        2.155,
        0.706,
        2.278,
        0.685,
        2.4,
        0.685,
        0,
        3,
        -0.783,
        0,
        3.45,
        0.246,
        0,
        4.067,
        -0.571,
        0,
        4.633,
        0.253,
        0,
        5.1,
        -3.209,
        0,
        5.517,
        -2,
        0,
        5.933,
        -4,
        0,
        6.35,
        0.537,
        0,
        6.833,
        0
      ]
    },
    {
      "Target": "Parameter",
      "Id": "ParamBodyUp",
      "FadeInTime": -1.0,
      "FadeOutTime": -1.0,
      "Segments": [
        0,
        0,
        0,
        0.367,
        5.835,
        1,
        0.556,
        5.835,
        0.744,
        4.609,
        0.933,
        3.897,
        1,
        1.094,
        3.29,
        1.256,
        3.3,
        1.417,
        3.3,
        1,
        1.561,
        3.3,
        1.706,
        5.721,
        1.85,
        6.3,
        1,
        1.972,
        6.79,
        2.095,
        6.7,
        2.217,
        6.7,
        0,
        2.817,
        3.4,
        0,
        3.267,
        4.5,
        0,
        3.883,
        4.3,
        0,
        4.45,
        5.127,
        0,
        4.917,
        3.396,
        0,
        5.317,
        4.184,
        0,
        5.75,
        3,
        0,
        6.167,
        5.269,
        0,
        6.833,
        0
      ]
    },
    {
      "Target": "Parameter",
      "Id": "ParamShoulderLStretch",
      "FadeInTime": -1.0,
      "FadeOutTime": -1.0,
      "Segments": [
        0,
        0,
        0,
        0.483,
        -0.759,
        0,
        1.3,
        4.157,
        1,
        1.589,
        4.157,
        1.878,
        2.983,
        2.167,
        1.818,
        1,
        2.284,
        1.348,
        2.4,
        1.384,
        2.517,
        1.384,
        0,
        3.083,
        4.28,
        0,
        3.65,
        -0.402,
        0,
        4.183,
        2.14,
        0,
        4.867,
        -2.108,
        0,
        5.233,
        0.418,
        0,
        5.683,
        -2.784,
        0,
        6.133,
        2.043,
        0,
        6.517,
        -1.015,
        0,
        6.833,
        0
      ]
    },
    {
      "Target": "Parameter",
      "Id": "ParamShoulderRStretch",
      "FadeInTime": -1.0,
      "FadeOutTime": -1.0,
      "Segments": [
        0,
        0,
        2,
        0.067,
        0,
        0,
        0.433,
        1.67,
        1,
        0.622,
        1.67,
        0.811,
        -0.784,
        1,
        -2.206,
        1,
        1.161,
        -3.419,
        1.322,
        -3.4,
        1.483,
        -3.4,
        1,
        1.628,
        -3.4,
        1.772,
        1.448,
        1.917,
        2.6,
        1,
        2.039,
        3.575,
        2.161,
        3.4,
        2.283,
        3.4,
        0,
        2.883,
        -0.784,
        0,
        3.333,
        0.246,
        0,
        3.95,
        -0.572,
        0,
        4.517,
        0.254,
        0,
        4.983,
        -3.208,
        0,
        5.383,
        -1.632,
        0,
        5.817,
        -4,
        0,
        6.233,
        0.538,
        0,
        6.833,
        0
      ]
    },
    {
      "Target": "Parameter",
      "Id": "ParamLowerBodyX",
      "FadeInTime": -1.0,
      "FadeOutTime": -1.0,
      "Segments": [
        0,
        0,
        0,
        0.433,
        3.323,
        0,
        0.85,
        -2.399,
        0,
        1.3,
        0.657,
        0,
        1.683,
        -4.247,
        0,
        2.2,
        3,
        0,
        2.717,
        2.697,
        0,
        3.417,
        4.211,
        0,
        3.9,
        -2.891,
        0,
        4.567,
        4.328,
        1,
        4.695,
        4.328,
        4.822,
        -1.022,
        4.95,
        -1.52,
        1,
        5.061,
        -1.953,
        5.172,
        -1.766,
        5.283,
        -2.172,
        1,
        5.416,
        -2.659,
        5.55,
        -4.848,
        5.683,
        -4.848,
        0,
        6.1,
        6.78,
        0,
        6.833,
        0
      ]
    },
    {
      "Target": "Parameter",
      "Id": "ParamChestZ",
      "FadeInTime": -1.0,
      "FadeOutTime": -1.0,
      "Segments": [
        0,
        0,
        0,
        0.583,
        1.671,
        0,
        1.15,
        -2.207,
        1,
        1.311,
        -2.207,
        1.472,
        -2.228,
        1.633,
        -2.083,
        1,
        1.778,
        -1.953,
        1.922,
        -0.149,
        2.067,
        0.364,
        1,
        2.161,
        0.699,
        2.256,
        0.685,
        2.35,
        0.685,
        0,
        2.75,
        -1.655,
        0,
        3.6,
        -0.361,
        0,
        4.1,
        -0.571,
        0,
        4.667,
        3,
        0,
        5.133,
        -2.408,
        0,
        5.567,
        -1.566,
        0,
        5.967,
        -2,
        0,
        6.383,
        0.537,
        0,
        6.833,
        0
      ]
    },
    {
      "Target": "Parameter",
      "Id": "ParamWaistZ",
      "FadeInTime": -1.0,
      "FadeOutTime": -1.0,
      "Segments": [
        0,
        0,
        0,
        0.367,
        1.671,
        0,
        0.933,
        -2.207,
        1,
        1.094,
        -2.207,
        1.256,
        -2.228,
        1.417,
        -2.084,
        1,
        1.561,
        -1.955,
        1.706,
        -0.149,
        1.85,
        0.364,
        1,
        1.944,
        0.699,
        2.039,
        0.685,
        2.133,
        0.685,
        0,
        2.533,
        -1.655,
        0,
        3.45,
        -0.361,
        0,
        3.883,
        -0.571,
        0,
        4.45,
        1.809,
        0,
        4.917,
        -2.209,
        0,
        5.333,
        -1.742,
        0,
        5.75,
        -2,
        0,
        6.167,
        0.537,
        0,
        6.833,
        0
      ]
    },
    {
      "Target": "Parameter",
      "Id": "ParamButtZ",
      "FadeInTime": -1.0,
      "FadeOutTime": -1.0,
      "Segments": [
        0,
        0,
        0,
        0.3,
        -0.843,
        0,
        0.85,
        7.233,
        0,
        1.6,
        -5.162,
        0,
        2.45,
        2.6,
        0,
        2.967,
        0.786,
        0,
        3.567,
        2.643,
        0,
        4.067,
        -5.011,
        0,
        4.617,
        10,
        1,
        4.722,
        10,
        4.828,
        -1.16,
        4.933,
        -2.516,
        1,
        5.05,
        -4.014,
        5.166,
        -3.827,
        5.283,
        -3.827,
        0,
        5.65,
        0.865,
        0,
        5.983,
        -10,
        0,
        6.35,
        3.536,
        0,
        6.833,
        0
      ]
    },
    {
      "Target": "Parameter",
      "Id": "Param6",
      "FadeInTime": -1.0,
      "FadeOutTime": -1.0,
      "Segments": [
        0,
        0,
        0,
        0.183,
        -1.124,
        0,
        0.667,
        12.264,
        0,
        1.367,
        -2.05,
        0,
        2.05,
        6.743,
        0,
        2.65,
        -4.888,
        0,
        3.1,
        -2,
        0,
        3.717,
        -3.206,
        0,
        4.35,
        23.869,
        1,
        4.583,
        23.869,
        4.817,
        -5.092,
        5.05,
        -7.901,
        1,
        5.228,
        -10.041,
        5.405,
        -9.452,
        5.583,
        -9.452,
        0,
        6,
        5.576,
        0,
        6.533,
        -1.45,
        0,
        6.833,
        0
      ]
    },
    {
      "Target": "Parameter",
      "Id": "ParamBrowLForm",
      "FadeInTime": -1.0,
      "FadeOutTime": -1.0,
      "Segments": [
        0,
        0,
        0,
        0.383,
        -0.4,
        0,
        1,
        0,
        2,
        6.833,
        0
      ]
    },
    {
      "Target": "Parameter",
      "Id": "ParamBrowRForm",
      "FadeInTime": -1.0,
      "FadeOutTime": -1.0,
      "Segments": [
        0,
        0,
        0,
        0.383,
        -0.4,
        0,
        1,
        0,
        2,
        6.833,
        0
      ]
    },
    {
      "Target": "Parameter",
      "Id": "ParamEyeLOpen",
      "FadeInTime": -1.0,
      "FadeOutTime": -1.0,
      "Segments": [
        0,
        1,
        0,
        0.367,
        0,
        0,
        0.817,
        1,
        2,
        1.3,
        1,
        0,
        1.883,
        0.8,
        0,
        2.833,
        1,
        0,
        3.2,
        0,
        0,
        3.65,
        1,
        2,
        6.833,
        1
      ]
    },
    {
      "Target": "Parameter",
      "Id": "ParamEyeROpen",
      "FadeInTime": -1.0,
      "FadeOutTime": -1.0,
      "Segments": [
        0,
        1,
        0,
        0.367,
        0,
        0,
        0.817,
        1,
        2,
        1.3,
        1,
        0,
        1.883,
        0.8,
        0,
        2.833,
        1,
        0,
        3.2,
        0,
        0,
        3.65,
        1,
        2,
        6.833,
        1
      ]
    },
    {
      "Target": "Parameter",
      "Id": "ParamEyeformL",
      "FadeInTime": -1.0,
      "FadeOutTime": -1.0,
      "Segments": [
        0,
        0,
        0,
        0.233,
        0.2,
        0,
        0.567,
        -0.7,
        0,
        0.883,
        0,
        2,
        2.833,
        0,
        0,
        3.067,
        0.2,
        0,
        3.4,
        -0.7,
        0,
        3.717,
        0,
        2,
        6.833,
        0
      ]
    },
    {
      "Target": "Parameter",
      "Id": "ParamEyeformR",
      "FadeInTime": -1.0,
      "FadeOutTime": -1.0,
      "Segments": [
        0,
        0,
        0,
        0.233,
        0.2,
        0,
        0.567,
        -0.7,
        0,
        0.883,
        0,
        2,
        2.833,
        0,
        0,
        3.067,
        0.2,
        0,
        3.4,
        -0.7,
        0,
        3.717,
        0,
        2,
        6.833,
        0
      ]
    },
    {
      "Target": "Parameter",
      "Id": "ParamEyesform",
      "FadeInTime": -1.0,
      "FadeOutTime": -1.0,
      "Segments": [
        0,
        0,
        1,
        0.4,
        0,
        0.8,
        -0.061,
        1.2,
        -0.1,
        1,
        2.022,
        -0.18,
        2.845,
        -0.2,
        3.667,
        -0.2,
        0,
        6.833,
        0
      ]
    },
    {
      "Target": "Parameter",
      "Id": "ParamMouthForm",
      "FadeInTime": -1.0,
      "FadeOutTime": -1.0,
      "Segments": [
        0,
        0,
        0,
        0.2,
        0.557,
        0,
        0.417,
        -0.22,
        0,
        0.6,
        0.946,
        0,
        0.867,
        -1,
        2,
        0.9,
        -1,
        0,
        1.067,
        0.946,
        0,
        1.267,
        -1,
        2,
        1.3,
        -1,
        0,
        1.4,
        0.898,
        0,
        1.567,
        -0.938,
        0,
        1.633,
        0.946,
        0,
        1.75,
        -0.008,
        0,
        1.867,
        1,
        2,
        2.067,
        1,
        0,
        2.3,
        0,
        2,
        3.067,
        0,
        0,
        3.2,
        0.85,
        0,
        3.333,
        -0.992,
        0,
        3.367,
        0.114,
        0,
        3.533,
        -1,
        0,
        3.6,
        0.686,
        0,
        3.667,
        -0.976,
        0,
        3.733,
        0.866,
        0,
        3.8,
        -0.812,
        0,
        3.867,
        0.882,
        0,
        3.9,
        0.788,
        0,
        3.933,
        0.992,
        0,
        4.033,
        -0.882,
        0,
        4.067,
        0.874,
        0,
        4.167,
        0.538,
        0,
        4.233,
        1,
        0,
        4.3,
        -0.342,
        0,
        4.367,
        0.874,
        0,
        4.433,
        -0.334,
        0,
        4.467,
        0.184,
        0,
        4.633,
        -1,
        0,
        4.7,
        -0.498,
        0,
        4.767,
        -0.858,
        1,
        4.8,
        -0.858,
        4.834,
        -0.533,
        4.867,
        -0.278,
        1,
        4.945,
        0.316,
        5.022,
        0.5,
        5.1,
        0.5,
        0,
        6.833,
        0
      ]
    },
    {
      "Target": "Parameter",
      "Id": "ParamMouthOpenY",
      "FadeInTime": -1.0,
      "FadeOutTime": -1.0,
      "Segments": [
        0,
        0,
        0,
        0.067,
        0.965,
        0,
        0.167,
        0.867,
        0,
        0.2,
        0.886,
        0,
        0.267,
        0.471,
        2,
        0.3,
        0.471,
        0,
        0.433,
        0.961,
        0,
        0.533,
        0.812,
        0,
        0.6,
        0.973,
        0,
        0.633,
        0,
        0,
        0.667,
        0.973,
        0,
        0.7,
        0.631,
        0,
        0.8,
        0.839,
        0,
        0.867,
        0,
        2,
        0.9,
        0,
        0,
        0.967,
        0.871,
        0,
        1,
        0.627,
        0,
        1.067,
        0.973,
        0,
        1.133,
        0.827,
        0,
        1.167,
        0.906,
        0,
        1.267,
        0,
        2,
        1.3,
        0,
        0,
        1.4,
        0.949,
        0,
        1.567,
        0.031,
        0,
        1.633,
        0.973,
        0,
        1.7,
        0.494,
        0,
        1.733,
        0.784,
        0,
        1.8,
        0.596,
        0,
        1.867,
        1,
        0,
        1.967,
        0.659,
        0,
        2,
        0.675,
        0,
        2.067,
        0.29,
        0,
        2.1,
        0.314,
        0,
        2.3,
        0,
        2,
        3.067,
        0,
        0,
        3.2,
        0.925,
        0,
        3.267,
        0,
        0,
        3.3,
        0.843,
        0,
        3.333,
        0.004,
        0,
        3.367,
        0.557,
        0,
        3.533,
        0,
        0,
        3.6,
        0.843,
        0,
        3.667,
        0.012,
        0,
        3.733,
        0.933,
        0,
        3.8,
        0.094,
        0,
        3.867,
        0.941,
        0,
        3.9,
        0.894,
        0,
        3.933,
        0.996,
        0,
        4.033,
        0.059,
        0,
        4.067,
        0.937,
        0,
        4.167,
        0.769,
        0,
        4.233,
        1,
        0,
        4.3,
        0.329,
        0,
        4.367,
        0.937,
        0,
        4.433,
        0.333,
        0,
        4.467,
        0.592,
        0,
        4.633,
        0,
        0,
        4.7,
        0.251,
        0,
        4.767,
        0.071,
        0,
        4.867,
        0.361,
        0,
        5.1,
        0,
        2,
        5.733,
        0,
        0,
        5.767,
        0.004,
        0,
        5.8,
        0,
        2,
        6.833,
        0
      ]
    },
    {
      "Target": "Parameter",
      "Id": "ParamTeeth",
      "FadeInTime": -1.0,
      "FadeOutTime": -1.0,
      "Segments": [
        0,
        0,
        0,
        0.2,
        16.713,
        0,
        0.417,
        -6.606,
        0,
        0.6,
        28.38,
        0,
        0.867,
        -30,
        2,
        0.9,
        -30,
        0,
        1.067,
        28.38,
        0,
        1.267,
        -30,
        2,
        1.3,
        -30,
        0,
        1.4,
        26.94,
        0,
        1.567,
        -28.14,
        0,
        1.633,
        28.38,
        0,
        1.75,
        -0.237,
        0,
        1.867,
        30,
        2,
        2.067,
        30,
        0,
        2.3,
        0,
        2,
        3.067,
        0,
        0,
        3.2,
        25.5,
        0,
        3.333,
        -29.76,
        0,
        3.367,
        3.42,
        0,
        3.533,
        -30,
        0,
        3.6,
        20.58,
        0,
        3.667,
        -29.28,
        0,
        3.733,
        25.98,
        1,
        3.755,
        25.98,
        3.778,
        -24.36,
        3.8,
        -24.36,
        0,
        3.867,
        26.46,
        0,
        3.9,
        23.64,
        0,
        3.933,
        29.76,
        0,
        4.033,
        -26.46,
        0,
        4.067,
        26.22,
        0,
        4.167,
        16.14,
        0,
        4.233,
        30,
        0,
        4.3,
        -10.26,
        1,
        4.322,
        -10.26,
        4.345,
        26.22,
        4.367,
        26.22,
        0,
        4.433,
        -10.02,
        0,
        4.467,
        5.52,
        0,
        4.633,
        -30,
        0,
        4.7,
        -14.94,
        0,
        4.767,
        -25.74,
        1,
        4.8,
        -25.74,
        4.834,
        -15.937,
        4.867,
        -8.34,
        1,
        4.945,
        9.386,
        5.022,
        15,
        5.1,
        15,
        0,
        6.833,
        0
      ]
    },
    {
      "Target": "Parameter",
      "Id": "Param_Angle_Rotation_1_Tail_D4",
      "FadeInTime": -1.0,
      "FadeOutTime": -1.0,
      "Segments": [
        0,
        -6.41,
        0,
        1.4,
        4,
        0,
        3.117,
        -7.451,
        1,
        3.211,
        -7.451,
        3.306,
        -7.607,
        3.4,
        -6.41,
        1,
        3.867,
        -0.496,
        4.333,
        4,
        4.8,
        4,
        0,
        6.517,
        -7.451,
        0,
        6.833,
        -6.41
      ]
    },
    {
      "Target": "Parameter",
      "Id": "Param_Angle_Rotation_3_Tail_D4",
      "FadeInTime": -1.0,
      "FadeOutTime": -1.0,
      "Segments": [
        0,
        25,
        0,
        1.717,
        14,
        0,
        3.4,
        25,
        0,
        5.133,
        14,
        0,
        6.833,
        25
      ]
    },
    {
      "Target": "Parameter",
      "Id": "Param_Angle_Rotation_5_Tail_D4",
      "FadeInTime": -1.0,
      "FadeOutTime": -1.0,
      "Segments": [
        0,
        5.14,
        0,
        0.483,
        0.043,
        0,
        2.217,
        25.42,
        1,
        2.611,
        25.42,
        3.006,
        16.347,
        3.4,
        5.14,
        1,
        3.567,
        0.405,
        3.733,
        0.043,
        3.9,
        0.043,
        0,
        5.617,
        25.42,
        0,
        6.833,
        5.14
      ]
    },
    {
      "Target": "Parameter",
      "Id": "Param_Angle_Rotation_7_Tail_D4",
      "FadeInTime": -1.0,
      "FadeOutTime": -1.0,
      "Segments": [
        0,
        14.6,
        0,
        0.867,
        10,
        0,
        2.583,
        19,
        1,
        2.855,
        19,
        3.128,
        17.482,
        3.4,
        14.6,
        1,
        3.694,
        11.483,
        3.989,
        10,
        4.283,
        10,
        0,
        5.983,
        19,
        0,
        6.833,
        14.6
      ]
    },
    {
      "Target": "Parameter",
      "Id": "Param_Angle_Rotation_1_Tail_U4",
      "FadeInTime": -1.0,
      "FadeOutTime": -1.0,
      "Segments": [
        0,
        5.23,
        0,
        1.7,
        -10,
        0,
        3.4,
        5.23,
        0,
        5.117,
        -10,
        0,
        6.833,
        5.23
      ]
    },
    {
      "Target": "Parameter",
      "Id": "Param_Angle_Rotation_2_Tail_U4",
      "FadeInTime": -1.0,
      "FadeOutTime": -1.0,
      "Segments": [
        0,
        11.47,
        0,
        0.267,
        15.88,
        0,
        1.983,
        -9,
        1,
        2.333,
        -9,
        2.683,
        -6.912,
        3.033,
        -0.295,
        1,
        3.155,
        2.016,
        3.278,
        7.498,
        3.4,
        11.47,
        1,
        3.489,
        14.358,
        3.578,
        15.88,
        3.667,
        15.88,
        0,
        5.4,
        -9,
        1,
        5.75,
        -9,
        6.1,
        -7.431,
        6.45,
        -0.295,
        1,
        6.578,
        2.31,
        6.705,
        11.47,
        6.833,
        11.47
      ]
    },
    {
      "Target": "Parameter",
      "Id": "Param_Angle_Rotation_3_Tail_U4",
      "FadeInTime": -1.0,
      "FadeOutTime": -1.0,
      "Segments": [
        0,
        -16.6,
        1,
        0.089,
        -16.6,
        0.178,
        -17.927,
        0.267,
        -19.322,
        1,
        0.384,
        -21.153,
        0.5,
        -23.113,
        0.617,
        -24,
        1,
        1.189,
        -28.35,
        1.761,
        -30,
        2.333,
        -30,
        0,
        3.033,
        -15.176,
        1,
        3.155,
        -15.176,
        3.278,
        -15.545,
        3.4,
        -16.6,
        1,
        3.489,
        -17.368,
        3.578,
        -18.274,
        3.667,
        -19.322,
        1,
        3.784,
        -20.697,
        3.9,
        -23.121,
        4.017,
        -24,
        1,
        4.595,
        -28.351,
        5.172,
        -30,
        5.75,
        -30,
        0,
        6.45,
        -15.176,
        0,
        6.833,
        -16.6
      ]
    },
    {
      "Target": "Parameter",
      "Id": "Param_Angle_Rotation_4_Tail_U4",
      "FadeInTime": -1.0,
      "FadeOutTime": -1.0,
      "Segments": [
        0,
        -17.311,
        0,
        0.95,
        -5,
        0,
        2.683,
        -45,
        1,
        2.922,
        -45,
        3.161,
        -25.649,
        3.4,
        -17.311,
        1,
        3.722,
        -6.064,
        4.045,
        -5,
        4.367,
        -5,
        0,
        6.083,
        -45,
        0,
        6.833,
        -17.311
      ]
    },
    {
      "Target": "Parameter",
      "Id": "Param_Angle_Rotation_5_Tail_U4",
      "FadeInTime": -1.0,
      "FadeOutTime": -1.0,
      "Segments": [
        0,
        -38.36,
        0,
        1.317,
        5,
        0,
        3.033,
        -45,
        1,
        3.155,
        -45,
        3.278,
        -45,
        3.4,
        -38.36,
        1,
        3.844,
        -13.895,
        4.289,
        5,
        4.733,
        5,
        0,
        6.45,
        -45,
        0,
        6.833,
        -38.36
      ]
    },
    {
      "Target": "Parameter",
      "Id": "Param_Angle_Rotation_6_Tail_U4",
      "FadeInTime": -1.0,
      "FadeOutTime": -1.0,
      "Segments": [
        0,
        -40.22,
        0,
        0.133,
        -41.16,
        0,
        1.85,
        12.2,
        1,
        2.367,
        12.2,
        2.883,
        -14.214,
        3.4,
        -40.22,
        1,
        3.444,
        -42.457,
        3.489,
        -41.16,
        3.533,
        -41.16,
        0,
        5.25,
        12.2,
        0,
        6.833,
        -40.22
      ]
    },
    {
      "Target": "Parameter",
      "Id": "Param_Angle_Rotation_7_Tail_U4",
      "FadeInTime": -1.0,
      "FadeOutTime": -1.0,
      "Segments": [
        0,
        -21.04,
        0,
        0.317,
        -26.45,
        0,
        2.033,
        32.5,
        1,
        2.489,
        32.5,
        2.944,
        7.158,
        3.4,
        -21.04,
        1,
        3.506,
        -27.574,
        3.611,
        -26.45,
        3.717,
        -26.45,
        0,
        5.45,
        32.5,
        0,
        6.833,
        -21.04
      ]
    },
    {
      "Target": "Parameter",
      "Id": "Param_Angle_Rotation_8_Tail_U4",
      "FadeInTime": -1.0,
      "FadeOutTime": -1.0,
      "Segments": [
        0,
        6.58,
        0,
        0.533,
        -8.25,
        0,
        2.267,
        54.3,
        1,
        2.645,
        54.3,
        3.022,
        33.273,
        3.4,
        6.58,
        1,
        3.583,
        -6.374,
        3.767,
        -8.25,
        3.95,
        -8.25,
        0,
        5.667,
        54.3,
        0,
        6.833,
        6.58
      ]
    },
    {
      "Target": "Parameter",
      "Id": "Param_Angle_Rotation_9_Tail_U4",
      "FadeInTime": -1.0,
      "FadeOutTime": -1.0,
      "Segments": [
        0,
        21,
        0,
        0.767,
        3.91,
        0,
        2.483,
        44.1,
        1,
        2.789,
        44.1,
        3.094,
        35.365,
        3.4,
        21,
        1,
        3.661,
        8.725,
        3.922,
        3.91,
        4.183,
        3.91,
        0,
        5.883,
        44.1,
        0,
        6.833,
        21
      ]
    },
    {
      "Target": "Parameter",
      "Id": "Param_Angle_Rotation50",
      "FadeInTime": -1.0,
      "FadeOutTime": -1.0,
      "Segments": [
        0,
        27.99,
        0,
        1.033,
        3.542,
        0,
        2.75,
        40.674,
        1,
        2.967,
        40.674,
        3.183,
        37.378,
        3.4,
        27.99,
        1,
        3.75,
        12.824,
        4.1,
        3.542,
        4.45,
        3.542,
        0,
        6.167,
        40.674,
        0,
        6.833,
        27.99
      ]
    },
    {
      "Target": "Parameter",
      "Id": "Param_Angle_Rotation49",
      "FadeInTime": -1.0,
      "FadeOutTime": -1.0,
      "Segments": [
        0,
        21.02,
        0,
        1.1,
        -19.984,
        0,
        2.833,
        37.38,
        1,
        3.022,
        37.38,
        3.211,
        33.704,
        3.4,
        21.02,
        1,
        3.772,
        -3.975,
        4.145,
        -19.984,
        4.517,
        -19.984,
        0,
        6.233,
        37.38,
        0,
        6.833,
        21.02
      ]
    },
    {
      "Target": "Parameter",
      "Id": "Hair_physics",
      "FadeInTime": -1.0,
      "FadeOutTime": -1.0,
      "Segments": [
        0,
        0,
        1,
        0.078,
        0,
        0.155,
        0.409,
        0.233,
        0.513,
        1,
        0.416,
        0.761,
        0.6,
        0.8,
        0.783,
        0.8,
        0,
        1.233,
        0,
        2,
        1.783,
        0,
        0,
        2.333,
        0.5,
        0,
        2.683,
        0,
        2,
        4.35,
        0,
        0,
        4.867,
        0.8,
        0,
        5.133,
        0,
        2,
        6.233,
        0,
        0,
        6.483,
        0.4,
        0,
        6.833,
        0
      ]
    },
    {
      "Target": "Parameter",
      "Id": "OP_physics",
      "FadeInTime": -1.0,
      "FadeOutTime": -1.0,
      "Segments": [
        0,
        0,
        1,
        0.078,
        0,
        0.155,
        0.408,
        0.233,
        0.513,
        1,
        0.416,
        0.761,
        0.6,
        0.8,
        0.783,
        0.8,
        0,
        1.233,
        0,
        2,
        1.783,
        0,
        0,
        2.333,
        0.5,
        0,
        2.683,
        0,
        2,
        4.35,
        0,
        0,
        4.867,
        0.8,
        0,
        5.133,
        0,
        2,
        6.233,
        0,
        0,
        6.483,
        0.4,
        0,
        6.833,
        0
      ]
    },
    {
      "Target": "Parameter",
      "Id": "ParamEye_PHY_L1",
      "FadeInTime": -1.0,
      "FadeOutTime": -1.0,
      "Segments": [
        0,
        0,
        0,
        0.333,
        -14.575,
        0,
        0.783,
        7.486,
        0,
        1.833,
        -1.507,
        0,
        2.683,
        1.752,
        0,
        3.167,
        -13.823,
        0,
        3.617,
        7.814,
        1,
        4.689,
        7.814,
        5.761,
        3.232,
        6.833,
        1.087
      ]
    },
    {
      "Target": "Parameter",
      "Id": "ParamEye_PHY_L2",
      "FadeInTime": -1.0,
      "FadeOutTime": -1.0,
      "Segments": [
        0,
        0,
        0,
        0.3,
        -10.483,
        0,
        0.75,
        8.529,
        0,
        1.75,
        -1.803,
        0,
        2.567,
        1.197,
        0,
        3.133,
        -10.451,
        0,
        3.583,
        8.477,
        0,
        4.833,
        -0.114,
        1,
        5.5,
        -0.114,
        6.166,
        -0.033,
        6.833,
        -0.009
      ]
    },
    {
      "Target": "Parameter",
      "Id": "ParamEye_PHY_R",
      "FadeInTime": -1.0,
      "FadeOutTime": -1.0,
      "Segments": [
        0,
        0,
        0,
        0.333,
        -14.575,
        0,
        0.783,
        7.486,
        0,
        1.833,
        -1.507,
        0,
        2.683,
        1.752,
        0,
        3.167,
        -13.823,
        0,
        3.617,
        7.814,
        1,
        4.689,
        7.814,
        5.761,
        3.232,
        6.833,
        1.087
      ]
    },
    {
      "Target": "Parameter",
      "Id": "ParamEye_PHY_R2",
      "FadeInTime": -1.0,
      "FadeOutTime": -1.0,
      "Segments": [
        0,
        0,
        0,
        0.3,
        -10.483,
        0,
        0.75,
        8.529,
        0,
        1.75,
        -1.803,
        0,
        2.567,
        1.197,
        0,
        3.133,
        -10.451,
        0,
        3.583,
        8.477,
        0,
        4.833,
        -0.114,
        1,
        5.5,
        -0.114,
        6.166,
        -0.033,
        6.833,
        -0.009
      ]
    },
    {
      "Target": "Parameter",
      "Id": "ParamOppai_PhyY1",
      "FadeInTime": -1.0,
      "FadeOutTime": -1.0,
      "Segments": [
        0,
        0.115,
        0,
        0.2,
        -11.424,
        0,
        0.583,
        10.086,
        0,
        0.883,
        -0.883,
        0,
        1.117,
        4.713,
        0,
        1.433,
        -7.505,
        0,
        1.8,
        2.463,
        0,
        2.117,
        -4.461,
        0,
        2.55,
        14.408,
        0,
        2.917,
        -14.232,
        0,
        3.333,
        9.233,
        0,
        3.833,
        -6.203,
        0,
        4.3,
        2.903,
        0,
        4.633,
        -8.774,
        0,
        5.05,
        28.351,
        0,
        5.417,
        -23.903,
        0,
        5.817,
        15.95,
        0,
        6.333,
        -13.114,
        0,
        6.7,
        22.63,
        1,
        6.744,
        22.63,
        6.789,
        17.856,
        6.833,
        11.629
      ]
    },
    {
      "Target": "Parameter",
      "Id": "ParamOppai_PhyY2",
      "FadeInTime": -1.0,
      "FadeOutTime": -1.0,
      "Segments": [
        0,
        -0.02,
        0,
        0.133,
        2.906,
        0,
        0.4,
        -16.546,
        0,
        0.8,
        12.017,
        0,
        1.05,
        -0.584,
        0,
        1.3,
        10.876,
        0,
        1.65,
        -9.143,
        0,
        1.983,
        2.981,
        0,
        2.333,
        -9.121,
        0,
        2.733,
        21.027,
        0,
        3.117,
        -16.993,
        0,
        3.55,
        11.151,
        0,
        4.05,
        -7.112,
        0,
        4.5,
        4.029,
        0,
        4.85,
        -15.22,
        0,
        5.167,
        30,
        2,
        5.267,
        30,
        0,
        5.6,
        -25.463,
        0,
        6.017,
        18.792,
        0,
        6.533,
        -19.913,
        1,
        6.633,
        -19.913,
        6.733,
        14.58,
        6.833,
        24.435
      ]
    },
    {
      "Target": "Parameter",
      "Id": "ParamHairR1",
      "FadeInTime": -1.0,
      "FadeOutTime": -1.0,
      "Segments": [
        0,
        0.028,
        0,
        0.2,
        -2.55,
        0,
        0.6,
        1.763,
        0,
        0.817,
        0.829,
        0,
        1.05,
        1.999,
        0,
        1.4,
        -3.228,
        0,
        1.8,
        1.936,
        0,
        2.15,
        -2.336,
        0,
        2.55,
        4.152,
        0,
        2.933,
        -3.239,
        0,
        3.35,
        1.552,
        0,
        3.75,
        -0.626,
        0,
        4.133,
        0.408,
        0,
        4.617,
        -2.432,
        0,
        5.05,
        7.131,
        0,
        5.417,
        -6.171,
        0,
        5.833,
        4.032,
        0,
        6.367,
        -3.743,
        0,
        6.717,
        5.503,
        1,
        6.756,
        5.503,
        6.794,
        4.687,
        6.833,
        3.531
      ]
    },
    {
      "Target": "Parameter",
      "Id": "ParamHairR2",
      "FadeInTime": -1.0,
      "FadeOutTime": -1.0,
      "Segments": [
        0,
        -0.01,
        0,
        0.133,
        0.689,
        0,
        0.417,
        -3.996,
        0,
        0.8,
        1.919,
        0,
        0.983,
        0.89,
        0,
        1.267,
        4.381,
        0,
        1.633,
        -4.197,
        0,
        1.983,
        2.707,
        0,
        2.367,
        -4.197,
        0,
        2.75,
        6.383,
        0,
        3.15,
        -4.143,
        0,
        3.533,
        1.976,
        0,
        3.933,
        -0.851,
        0,
        4.317,
        0.674,
        0,
        4.85,
        -4.702,
        0,
        5.25,
        10.622,
        0,
        5.633,
        -8.172,
        0,
        6.033,
        5.415,
        0,
        6.567,
        -6.168,
        1,
        6.656,
        -6.168,
        6.744,
        1.229,
        6.833,
        5.264
      ]
    },
    {
      "Target": "Parameter",
      "Id": "ParamHairR3",
      "FadeInTime": -1.0,
      "FadeOutTime": -1.0,
      "Segments": [
        0,
        -0.051,
        0,
        0.283,
        2.112,
        0,
        0.583,
        -3.567,
        0,
        0.9,
        1.999,
        0,
        1.15,
        -1.783,
        0,
        1.45,
        4.34,
        0,
        1.783,
        -4.743,
        0,
        2.133,
        4.617,
        0,
        2.517,
        -5.287,
        0,
        2.9,
        6.466,
        0,
        3.267,
        -5.012,
        0,
        3.633,
        2.857,
        0,
        4.017,
        -1.416,
        0,
        4.633,
        1.558,
        0,
        5.067,
        -6.101,
        0,
        5.4,
        10.941,
        0,
        5.767,
        -9.581,
        0,
        6.15,
        6.382,
        0,
        6.717,
        -5.862,
        1,
        6.756,
        -5.862,
        6.794,
        -4.436,
        6.833,
        -2.491
      ]
    },
    {
      "Target": "Parameter",
      "Id": "ParamHairL1",
      "FadeInTime": -1.0,
      "FadeOutTime": -1.0,
      "Segments": [
        0,
        0.032,
        0,
        0.2,
        -3.401,
        0,
        0.6,
        2.915,
        0,
        0.867,
        0.225,
        0,
        1.083,
        1.609,
        0,
        1.417,
        -2.92,
        0,
        1.8,
        1.797,
        0,
        2.15,
        -2.294,
        0,
        2.567,
        4.804,
        0,
        2.933,
        -4.27,
        0,
        3.35,
        2.715,
        0,
        3.767,
        -1.728,
        0,
        4.183,
        1.1,
        0,
        4.633,
        -3.451,
        0,
        5.067,
        8.923,
        0,
        5.417,
        -7.296,
        0,
        5.833,
        4.625,
        0,
        6.383,
        -4.04,
        0,
        6.733,
        6.251,
        1,
        6.766,
        6.251,
        6.8,
        5.507,
        6.833,
        4.406
      ]
    },
    {
      "Target": "Parameter",
      "Id": "ParamHairL2",
      "FadeInTime": -1.0,
      "FadeOutTime": -1.0,
      "Segments": [
        0,
        -0.013,
        0,
        0.133,
        0.911,
        0,
        0.417,
        -5.377,
        0,
        0.8,
        3.644,
        0,
        1.033,
        0.466,
        0,
        1.283,
        3.997,
        0,
        1.633,
        -3.853,
        0,
        2,
        2.579,
        0,
        2.383,
        -4.216,
        0,
        2.75,
        7.555,
        0,
        3.133,
        -5.739,
        0,
        3.55,
        3.652,
        0,
        3.967,
        -2.292,
        0,
        4.433,
        1.621,
        0,
        4.867,
        -6.043,
        0,
        5.25,
        12.836,
        0,
        5.633,
        -9.572,
        0,
        6.033,
        6.118,
        0,
        6.567,
        -6.627,
        1,
        6.656,
        -6.627,
        6.744,
        1.597,
        6.833,
        6.082
      ]
    },
    {
      "Target": "Parameter",
      "Id": "ParamHairL3",
      "FadeInTime": -1.0,
      "FadeOutTime": -1.0,
      "Segments": [
        0,
        -0.06,
        0,
        0.283,
        2.8,
        0,
        0.583,
        -5.099,
        0,
        0.917,
        3.854,
        0,
        1.183,
        -2.768,
        0,
        1.467,
        4.364,
        0,
        1.783,
        -4.535,
        0,
        2.15,
        4.433,
        0,
        2.533,
        -5.616,
        0,
        2.917,
        7.895,
        0,
        3.267,
        -6.775,
        0,
        3.65,
        4.404,
        0,
        4.067,
        -2.638,
        0,
        4.633,
        2.643,
        0,
        5.067,
        -7.673,
        0,
        5.4,
        13.261,
        0,
        5.767,
        -11.216,
        0,
        6.15,
        7.256,
        0,
        6.733,
        -6.399,
        1,
        6.766,
        -6.398,
        6.8,
        -5.109,
        6.833,
        -3.266
      ]
    },
    {
      "Target": "Parameter",
      "Id": "Param_Angle_Rotation11",
      "FadeInTime": -1.0,
      "FadeOutTime": -1.0,
      "Segments": [
        0,
        0.057,
        0,
        0.233,
        -4.07,
        0,
        1.05,
        7.285,
        0,
        1.583,
        -7.017,
        0,
        2.583,
        5.484,
        0,
        3.15,
        -4.024,
        0,
        3.833,
        2.967,
        0,
        4.65,
        -5.242,
        0,
        5.117,
        11.723,
        0,
        5.7,
        -7.193,
        0,
        6.25,
        3.442,
        0,
        6.483,
        -0.906,
        0,
        6.783,
        2.954,
        1,
        6.8,
        2.954,
        6.816,
        2.906,
        6.833,
        2.82
      ]
    },
    {
      "Target": "Parameter",
      "Id": "Param_Angle_Rotation12",
      "FadeInTime": -1.0,
      "FadeOutTime": -1.0,
      "Segments": [
        0,
        0.045,
        0,
        0.233,
        -3.256,
        0,
        1.05,
        5.828,
        0,
        1.583,
        -5.614,
        0,
        2.583,
        4.387,
        0,
        3.15,
        -3.22,
        0,
        3.833,
        2.373,
        0,
        4.65,
        -4.193,
        0,
        5.117,
        9.378,
        0,
        5.7,
        -5.755,
        0,
        6.25,
        2.753,
        0,
        6.483,
        -0.725,
        0,
        6.783,
        2.363,
        1,
        6.8,
        2.363,
        6.816,
        2.325,
        6.833,
        2.256
      ]
    },
    {
      "Target": "Parameter",
      "Id": "Param_Angle_Rotation13",
      "FadeInTime": -1.0,
      "FadeOutTime": -1.0,
      "Segments": [
        0,
        -0.047,
        0,
        0.2,
        2.457,
        0,
        0.717,
        -5.85,
        0,
        1.417,
        11.596,
        0,
        2.017,
        -6.724,
        0,
        2.967,
        7.448,
        0,
        3.65,
        -5.117,
        0,
        4.283,
        3.913,
        0,
        5.05,
        -11.923,
        0,
        5.533,
        12.618,
        0,
        6.133,
        -8.142,
        0,
        6.5,
        1.405,
        0,
        6.767,
        -1.337,
        1,
        6.789,
        -1.337,
        6.811,
        -1.2,
        6.833,
        -0.972
      ]
    },
    {
      "Target": "Parameter",
      "Id": "Param_Angle_Rotation14",
      "FadeInTime": -1.0,
      "FadeOutTime": -1.0,
      "Segments": [
        0,
        -0.047,
        0,
        0.2,
        2.457,
        0,
        0.717,
        -5.85,
        0,
        1.417,
        11.596,
        0,
        2.017,
        -6.724,
        0,
        2.967,
        7.448,
        0,
        3.65,
        -5.117,
        0,
        4.283,
        3.913,
        0,
        5.05,
        -11.923,
        0,
        5.533,
        12.618,
        0,
        6.133,
        -8.142,
        0,
        6.5,
        1.405,
        0,
        6.767,
        -1.337,
        1,
        6.789,
        -1.337,
        6.811,
        -1.2,
        6.833,
        -0.972
      ]
    },
    {
      "Target": "Parameter",
      "Id": "Param_Angle_Rotation15",
      "FadeInTime": -1.0,
      "FadeOutTime": -1.0,
      "Segments": [
        0,
        -0.104,
        0,
        0.033,
        -0.107,
        0,
        0.45,
        2.421,
        0,
        1.117,
        -6.239,
        0,
        1.733,
        9.8,
        0,
        2.4,
        -5.373,
        0,
        3.283,
        6.294,
        0,
        3.95,
        -4.702,
        0,
        4.717,
        4.562,
        0,
        5.3,
        -10.575,
        0,
        5.85,
        10.722,
        0,
        6.417,
        -6.284,
        1,
        6.556,
        -6.284,
        6.694,
        -1.404,
        6.833,
        -0.681
      ]
    },
    {
      "Target": "Parameter",
      "Id": "Param_Angle_Rotation16",
      "FadeInTime": -1.0,
      "FadeOutTime": -1.0,
      "Segments": [
        0,
        -0.104,
        0,
        0.033,
        -0.107,
        0,
        0.45,
        2.421,
        0,
        1.117,
        -6.239,
        0,
        1.733,
        9.8,
        0,
        2.4,
        -5.373,
        0,
        3.283,
        6.294,
        0,
        3.95,
        -4.702,
        0,
        4.717,
        4.562,
        0,
        5.3,
        -10.575,
        0,
        5.85,
        10.722,
        0,
        6.417,
        -6.284,
        1,
        6.556,
        -6.284,
        6.694,
        -1.404,
        6.833,
        -0.681
      ]
    },
    {
      "Target": "Parameter",
      "Id": "Param_Angle_Rotation17",
      "FadeInTime": -1.0,
      "FadeOutTime": -1.0,
      "Segments": [
        0,
        0.062,
        0,
        0.233,
        -4.742,
        0,
        1.05,
        6.701,
        0,
        1.567,
        -6.675,
        0,
        2.6,
        5.499,
        0,
        3.1,
        -4.434,
        0,
        3.733,
        2.649,
        0,
        4.683,
        -4.851,
        0,
        5.117,
        12.451,
        0,
        5.7,
        -7.663,
        0,
        6.25,
        3.865,
        0,
        6.483,
        -0.607,
        0,
        6.783,
        3.232,
        1,
        6.8,
        3.232,
        6.816,
        3.175,
        6.833,
        3.073
      ]
    },
    {
      "Target": "Parameter",
      "Id": "Param_Angle_Rotation18",
      "FadeInTime": -1.0,
      "FadeOutTime": -1.0,
      "Segments": [
        0,
        0.062,
        0,
        0.233,
        -4.742,
        0,
        1.05,
        6.701,
        0,
        1.567,
        -6.675,
        0,
        2.6,
        5.499,
        0,
        3.1,
        -4.434,
        0,
        3.733,
        2.649,
        0,
        4.683,
        -4.851,
        0,
        5.117,
        12.451,
        0,
        5.7,
        -7.663,
        0,
        6.25,
        3.865,
        0,
        6.483,
        -0.607,
        0,
        6.783,
        3.232,
        1,
        6.8,
        3.232,
        6.816,
        3.175,
        6.833,
        3.073
      ]
    },
    {
      "Target": "Parameter",
      "Id": "Param_Angle_Rotation19",
      "FadeInTime": -1.0,
      "FadeOutTime": -1.0,
      "Segments": [
        0,
        -0.056,
        0,
        0.2,
        3.561,
        0,
        0.667,
        -8.479,
        0,
        1.417,
        13.667,
        0,
        2,
        -8.098,
        0,
        2.4,
        -3.469,
        0,
        2.467,
        -3.575,
        0,
        2.95,
        9.515,
        0,
        3.55,
        -6.499,
        0,
        4.167,
        4.05,
        0,
        5.05,
        -14.638,
        0,
        5.55,
        16.072,
        0,
        6.15,
        -10.716,
        0,
        6.517,
        1.55,
        0,
        6.75,
        -1.423,
        1,
        6.778,
        -1.423,
        6.805,
        -1.14,
        6.833,
        -0.693
      ]
    },
    {
      "Target": "Parameter",
      "Id": "Param_Angle_Rotation20",
      "FadeInTime": -1.0,
      "FadeOutTime": -1.0,
      "Segments": [
        0,
        -0.056,
        0,
        0.2,
        3.561,
        0,
        0.667,
        -8.479,
        0,
        1.417,
        13.667,
        0,
        2,
        -8.098,
        0,
        2.4,
        -3.469,
        0,
        2.467,
        -3.575,
        0,
        2.95,
        9.515,
        0,
        3.55,
        -6.499,
        0,
        4.167,
        4.05,
        0,
        5.05,
        -14.638,
        0,
        5.55,
        16.072,
        0,
        6.15,
        -10.716,
        0,
        6.517,
        1.55,
        0,
        6.75,
        -1.423,
        1,
        6.778,
        -1.423,
        6.805,
        -1.14,
        6.833,
        -0.693
      ]
    },
    {
      "Target": "Parameter",
      "Id": "Param_Angle_Rotation21",
      "FadeInTime": -1.0,
      "FadeOutTime": -1.0,
      "Segments": [
        0,
        -0.153,
        0,
        0.017,
        -0.157,
        0,
        0.433,
        3.484,
        0,
        1.05,
        -7.768,
        0,
        1.717,
        11.638,
        0,
        2.35,
        -6.259,
        0,
        3.25,
        7.987,
        0,
        3.867,
        -5.718,
        0,
        4.683,
        3.997,
        0,
        5.283,
        -13.008,
        2,
        5.3,
        -13.008,
        0,
        5.85,
        13.803,
        0,
        6.433,
        -8.356,
        1,
        6.566,
        -8.356,
        6.7,
        -6.422,
        6.833,
        -4.076
      ]
    },
    {
      "Target": "Parameter",
      "Id": "Param_Angle_Rotation22",
      "FadeInTime": -1.0,
      "FadeOutTime": -1.0,
      "Segments": [
        0,
        -0.153,
        0,
        0.017,
        -0.157,
        0,
        0.433,
        3.484,
        0,
        1.05,
        -7.768,
        0,
        1.717,
        11.638,
        0,
        2.35,
        -6.259,
        0,
        3.25,
        7.987,
        0,
        3.867,
        -5.718,
        0,
        4.683,
        3.997,
        0,
        5.283,
        -13.008,
        2,
        5.3,
        -13.008,
        0,
        5.85,
        13.803,
        0,
        6.433,
        -8.356,
        1,
        6.566,
        -8.356,
        6.7,
        -6.422,
        6.833,
        -4.076
      ]
    },
    {
      "Target": "Parameter",
      "Id": "MB_DRFWXZKTMD",
      "FadeInTime": -1.0,
      "FadeOutTime": -1.0,
      "Segments": [
        0,
        0,
        0,
        6.833,
        0
      ]
    },
    {
      "Target": "Parameter",
      "Id": "Param17",
      "FadeInTime": -1.0,
      "FadeOutTime": -1.0,
      "Segments": [
        0,
        0,
        0,
        6.833,
        0
      ]
    },
    {
      "Target": "Parameter",
      "Id": "Param16",
      "FadeInTime": -1.0,
      "FadeOutTime": -1.0,
      "Segments": [
        0,
        0,
        0,
        6.833,
        0
      ]
    },
    {
      "Target": "Parameter",
      "Id": "Param18",
      "FadeInTime": -1.0,
      "FadeOutTime": -1.0,
      "Segments": [
        0,
        0,
        0,
        6.833,
        0
      ]
    },
    {
      "Target": "Parameter",
      "Id": "man_TMD",
      "FadeInTime": -1.0,
      "FadeOutTime": -1.0,
      "Segments": [
        0,
        1,
        0,
        6.833,
        1
      ]
    },
    {
      "Target": "Parameter",
      "Id": "BG_TMD",
      "FadeInTime": -1.0,
      "FadeOutTime": -1.0,
      "Segments": [
        0,
        1,
        0,
        6.833,
        1
      ]
    },
    {
      "Target": "Parameter",
      "Id": "All_X",
      "FadeInTime": -1.0,
      "FadeOutTime": -1.0,
      "Segments": [
        0,
        0,
        0,
        6.833,
        0
      ]
    },
    {
      "Target": "Parameter",
      "Id": "All_Y",
      "FadeInTime": -1.0,
      "FadeOutTime": -1.0,
      "Segments": [
        0,
        0,
        0,
        6.833,
        0
      ]
    },
    {
      "Target": "Parameter",
      "Id": "All_Angle",
      "FadeInTime": -1.0,
      "FadeOutTime": -1.0,
      "Segments": [
        0,
        0,
        0,
        6.833,
        0
      ]
    },
    {
      "Target": "Parameter",
      "Id": "All_Size",
      "FadeInTime": -1.0,
      "FadeOutTime": -1.0,
      "Segments": [
        0,
        0,
        0,
        6.833,
        0
      ]
    },
    {
      "Target": "Parameter",
      "Id": "man_X",
      "FadeInTime": -1.0,
      "FadeOutTime": -1.0,
      "Segments": [
        0,
        0,
        0,
        6.833,
        0
      ]
    },
    {
      "Target": "Parameter",
      "Id": "man_Y",
      "FadeInTime": -1.0,
      "FadeOutTime": -1.0,
      "Segments": [
        0,
        0,
        0,
        6.833,
        0
      ]
    },
    {
      "Target": "Parameter",
      "Id": "man_Angle",
      "FadeInTime": -1.0,
      "FadeOutTime": -1.0,
      "Segments": [
        0,
        0,
        0,
        6.833,
        0
      ]
    },
    {
      "Target": "Parameter",
      "Id": "man_Size",
      "FadeInTime": -1.0,
      "FadeOutTime": -1.0,
      "Segments": [
        0,
        0,
        0,
        6.833,
        0
      ]
    },
    {
      "Target": "Parameter",
      "Id": "BG_X",
      "FadeInTime": -1.0,
      "FadeOutTime": -1.0,
      "Segments": [
        0,
        0,
        0,
        6.833,
        0
      ]
    },
    {
      "Target": "Parameter",
      "Id": "BG_Y",
      "FadeInTime": -1.0,
      "FadeOutTime": -1.0,
      "Segments": [
        0,
        0,
        0,
        6.833,
        0
      ]
    },
    {
      "Target": "Parameter",
      "Id": "BG_Angle",
      "FadeInTime": -1.0,
      "FadeOutTime": -1.0,
      "Segments": [
        0,
        0,
        0,
        6.833,
        0
      ]
    },
    {
      "Target": "Parameter",
      "Id": "BG_Size",
      "FadeInTime": -1.0,
      "FadeOutTime": -1.0,
      "Segments": [
        0,
        0,
        0,
        6.833,
        0
      ]
    },
    {
      "Target": "Parameter",
      "Id": "NULL14",
      "FadeInTime": -1.0,
      "FadeOutTime": -1.0,
      "Segments": [
        0,
        0,
        0,
        6.833,
        0
      ]
    },
    {
      "Target": "Parameter",
      "Id": "MB_guangyunTMD",
      "FadeInTime": -1.0,
      "FadeOutTime": -1.0,
      "Segments": [
        0,
        0,
        0,
        6.833,
        0
      ]
    },
    {
      "Target": "Parameter",
      "Id": "MB_guangyunbianhuan",
      "FadeInTime": -1.0,
      "FadeOutTime": -1.0,
      "Segments": [
        0,
        10,
        0,
        6.833,
        10
      ]
    },
    {
      "Target": "Parameter",
      "Id": "MB_guangyunshangxia",
      "FadeInTime": -1.0,
      "FadeOutTime": -1.0,
      "Segments": [
        0,
        0,
        0,
        6.833,
        0
      ]
    },
    {
      "Target": "Parameter",
      "Id": "MB_guangyunzuoyou",
      "FadeInTime": -1.0,
      "FadeOutTime": -1.0,
      "Segments": [
        0,
        0,
        0,
        6.833,
        0
      ]
    },
    {
      "Target": "Parameter",
      "Id": "MB_guangyundaxiao",
      "FadeInTime": -1.0,
      "FadeOutTime": -1.0,
      "Segments": [
        0,
        0,
        0,
        6.833,
        0
      ]
    },
    {
      "Target": "Parameter",
      "Id": "MB_guangyunjiaodu",
      "FadeInTime": -1.0,
      "FadeOutTime": -1.0,
      "Segments": [
        0,
        -2.5,
        0,
        6.833,
        -2.5
      ]
    },
    {
      "Target": "Parameter",
      "Id": "Param22",
      "FadeInTime": -1.0,
      "FadeOutTime": -1.0,
      "Segments": [
        0,
        0,
        0,
        6.833,
        0
      ]
    },
    {
      "Target": "Parameter",
      "Id": "Param19",
      "FadeInTime": -1.0,
      "FadeOutTime": -1.0,
      "Segments": [
        0,
        0,
        0,
        6.833,
        0
      ]
    },
    {
      "Target": "Parameter",
      "Id": "Param20",
      "FadeInTime": -1.0,
      "FadeOutTime": -1.0,
      "Segments": [
        0,
        0,
        0,
        6.833,
        0
      ]
    },
    {
      "Target": "Parameter",
      "Id": "Param21",
      "FadeInTime": -1.0,
      "FadeOutTime": -1.0,
      "Segments": [
        0,
        0,
        0,
        6.833,
        0
      ]
    },
    {
      "Target": "Parameter",
      "Id": "Param25",
      "FadeInTime": -1.0,
      "FadeOutTime": -1.0,
      "Segments": [
        0,
        0,
        0,
        6.833,
        0
      ]
    },
    {
      "Target": "Parameter",
      "Id": "Param23",
      "FadeInTime": -1.0,
      "FadeOutTime": -1.0,
      "Segments": [
        0,
        0,
        0,
        6.833,
        0
      ]
    },
    {
      "Target": "Parameter",
      "Id": "Param24",
      "FadeInTime": -1.0,
      "FadeOutTime": -1.0,
      "Segments": [
        0,
        0,
        0,
        6.833,
        0
      ]
    },
    {
      "Target": "Parameter",
      "Id": "BG_Black",
      "FadeInTime": -1.0,
      "FadeOutTime": -1.0,
      "Segments": [
        0,
        0,
        0,
        6.833,
        0
      ]
    },
    {
      "Target": "Parameter",
      "Id": "BG_White",
      "FadeInTime": -1.0,
      "FadeOutTime": -1.0,
      "Segments": [
        0,
        0,
        0,
        6.833,
        0
      ]
    },
    {
      "Target": "Parameter",
      "Id": "Mizugi_D2_Drag",
      "FadeInTime": -1.0,
      "FadeOutTime": -1.0,
      "Segments": [
        0,
        0,
        0,
        6.833,
        0
      ]
    },
    {
      "Target": "Parameter",
      "Id": "touch_drag1",
      "FadeInTime": -1.0,
      "FadeOutTime": -1.0,
      "Segments": [
        0,
        0,
        0,
        6.833,
        0
      ]
    },
    {
      "Target": "Parameter",
      "Id": "Mizugi_R2_DragY2",
      "FadeInTime": -1.0,
      "FadeOutTime": -1.0,
      "Segments": [
        0,
        0,
        0,
        6.833,
        0
      ]
    },
    {
      "Target": "Parameter",
      "Id": "Mizugi_R2_Drag2",
      "FadeInTime": -1.0,
      "FadeOutTime": -1.0,
      "Segments": [
        0,
        0,
        0,
        6.833,
        0
      ]
    },
    {
      "Target": "Parameter",
      "Id": "Mizugi_R2_DragY",
      "FadeInTime": -1.0,
      "FadeOutTime": -1.0,
      "Segments": [
        0,
        0,
        0,
        6.833,
        0
      ]
    },
    {
      "Target": "Parameter",
      "Id": "NULL7",
      "FadeInTime": -1.0,
      "FadeOutTime": -1.0,
      "Segments": [
        0,
        0,
        0,
        6.833,
        0
      ]
    },
    {
      "Target": "Parameter",
      "Id": "NULL11",
      "FadeInTime": -1.0,
      "FadeOutTime": -1.0,
      "Segments": [
        0,
        0,
        0,
        6.833,
        0
      ]
    },
    {
      "Target": "Parameter",
      "Id": "ParamForearmLAngleZ2",
      "FadeInTime": -1.0,
      "FadeOutTime": -1.0,
      "Segments": [
        0,
        0,
        0,
        6.833,
        0
      ]
    },
    {
      "Target": "Parameter",
      "Id": "Param4",
      "FadeInTime": -1.0,
      "FadeOutTime": -1.0,
      "Segments": [
        0,
        0,
        0,
        6.833,
        0
      ]
    },
    {
      "Target": "Parameter",
      "Id": "ParamArmL",
      "FadeInTime": -1.0,
      "FadeOutTime": -1.0,
      "Segments": [
        0,
        0,
        0,
        6.833,
        0
      ]
    },
    {
      "Target": "Parameter",
      "Id": "NULL10",
      "FadeInTime": -1.0,
      "FadeOutTime": -1.0,
      "Segments": [
        0,
        0,
        0,
        6.833,
        0
      ]
    },
    {
      "Target": "Parameter",
      "Id": "ParamHandLChange",
      "FadeInTime": -1.0,
      "FadeOutTime": -1.0,
      "Segments": [
        0,
        0,
        0,
        6.833,
        0
      ]
    },
    {
      "Target": "Parameter",
      "Id": "ParamhandL",
      "FadeInTime": -1.0,
      "FadeOutTime": -1.0,
      "Segments": [
        0,
        0,
        0,
        6.833,
        0
      ]
    },
    {
      "Target": "Parameter",
      "Id": "ParamHandL_S",
      "FadeInTime": -1.0,
      "FadeOutTime": -1.0,
      "Segments": [
        0,
        0,
        0,
        6.833,
        0
      ]
    },
    {
      "Target": "Parameter",
      "Id": "NULL07",
      "FadeInTime": -1.0,
      "FadeOutTime": -1.0,
      "Segments": [
        0,
        0,
        0,
        6.833,
        0
      ]
    },
    {
      "Target": "Parameter",
      "Id": "ParamHandL2Display",
      "FadeInTime": -1.0,
      "FadeOutTime": -1.0,
      "Segments": [
        0,
        0,
        0,
        6.833,
        0
      ]
    },
    {
      "Target": "Parameter",
      "Id": "ParamHandL4Display",
      "FadeInTime": -1.0,
      "FadeOutTime": -1.0,
      "Segments": [
        0,
        0,
        0,
        6.833,
        0
      ]
    },
    {
      "Target": "Parameter",
      "Id": "ParamHandL4Display2",
      "FadeInTime": -1.0,
      "FadeOutTime": -1.0,
      "Segments": [
        0,
        0,
        0,
        6.833,
        0
      ]
    },
    {
      "Target": "Parameter",
      "Id": "ParamMail",
      "FadeInTime": -1.0,
      "FadeOutTime": -1.0,
      "Segments": [
        0,
        0,
        0,
        6.833,
        0
      ]
    },
    {
      "Target": "Parameter",
      "Id": "Mail1",
      "FadeInTime": -1.0,
      "FadeOutTime": -1.0,
      "Segments": [
        0,
        0,
        0,
        6.833,
        0
      ]
    },
    {
      "Target": "Parameter",
      "Id": "ParamMailZ",
      "FadeInTime": -1.0,
      "FadeOutTime": -1.0,
      "Segments": [
        0,
        0,
        0,
        6.833,
        0
      ]
    },
    {
      "Target": "Parameter",
      "Id": "ParamMailZ2",
      "FadeInTime": -1.0,
      "FadeOutTime": -1.0,
      "Segments": [
        0,
        0,
        0,
        6.833,
        0
      ]
    },
    {
      "Target": "Parameter",
      "Id": "NULL12",
      "FadeInTime": -1.0,
      "FadeOutTime": -1.0,
      "Segments": [
        0,
        0,
        0,
        6.833,
        0
      ]
    },
    {
      "Target": "Parameter",
      "Id": "NULL13",
      "FadeInTime": -1.0,
      "FadeOutTime": -1.0,
      "Segments": [
        0,
        0,
        0,
        6.833,
        0
      ]
    },
    {
      "Target": "Parameter",
      "Id": "ParamHandR_S",
      "FadeInTime": -1.0,
      "FadeOutTime": -1.0,
      "Segments": [
        0,
        0,
        0,
        6.833,
        0
      ]
    },
    {
      "Target": "Parameter",
      "Id": "NULL06",
      "FadeInTime": -1.0,
      "FadeOutTime": -1.0,
      "Segments": [
        0,
        0,
        0,
        6.833,
        0
      ]
    },
    {
      "Target": "Parameter",
      "Id": "ParamHandR1Display",
      "FadeInTime": -1.0,
      "FadeOutTime": -1.0,
      "Segments": [
        0,
        0,
        0,
        6.833,
        0
      ]
    },
    {
      "Target": "Parameter",
      "Id": "ParamHandR4Display",
      "FadeInTime": -1.0,
      "FadeOutTime": -1.0,
      "Segments": [
        0,
        0,
        0,
        6.833,
        0
      ]
    },
    {
      "Target": "Parameter",
      "Id": "NULL6",
      "FadeInTime": -1.0,
      "FadeOutTime": -1.0,
      "Segments": [
        0,
        0,
        0,
        6.833,
        0
      ]
    },
    {
      "Target": "Parameter",
      "Id": "ParamArmR_X",
      "FadeInTime": -1.0,
      "FadeOutTime": -1.0,
      "Segments": [
        0,
        0,
        0,
        6.833,
        0
      ]
    },
    {
      "Target": "Parameter",
      "Id": "ParamArmR_Y",
      "FadeInTime": -1.0,
      "FadeOutTime": -1.0,
      "Segments": [
        0,
        0,
        0,
        6.833,
        0
      ]
    },
    {
      "Target": "Parameter",
      "Id": "ParamLegR_Drag",
      "FadeInTime": -1.0,
      "FadeOutTime": -1.0,
      "Segments": [
        0,
        0,
        0,
        6.833,
        0
      ]
    },
    {
      "Target": "Parameter",
      "Id": "NULL01",
      "FadeInTime": -1.0,
      "FadeOutTime": -1.0,
      "Segments": [
        0,
        0,
        0,
        6.833,
        0
      ]
    },
    {
      "Target": "Parameter",
      "Id": "ParamLegRAngleY",
      "FadeInTime": -1.0,
      "FadeOutTime": -1.0,
      "Segments": [
        0,
        0,
        0,
        6.833,
        0
      ]
    },
    {
      "Target": "Parameter",
      "Id": "ParamAngleX",
      "FadeInTime": -1.0,
      "FadeOutTime": -1.0,
      "Segments": [
        0,
        0,
        0,
        6.833,
        0
      ]
    },
    {
      "Target": "Parameter",
      "Id": "ParamBodyAngleY",
      "FadeInTime": -1.0,
      "FadeOutTime": -1.0,
      "Segments": [
        0,
        0,
        0,
        6.833,
        0
      ]
    },
    {
      "Target": "Parameter",
      "Id": "ParamBrowLAngle",
      "FadeInTime": -1.0,
      "FadeOutTime": -1.0,
      "Segments": [
        0,
        0,
        0,
        6.833,
        0
      ]
    },
    {
      "Target": "Parameter",
      "Id": "ParamBrowRAngle",
      "FadeInTime": -1.0,
      "FadeOutTime": -1.0,
      "Segments": [
        0,
        0,
        0,
        6.833,
        0
      ]
    },
    {
      "Target": "Parameter",
      "Id": "NULL09",
      "FadeInTime": -1.0,
      "FadeOutTime": -1.0,
      "Segments": [
        0,
        0,
        0,
        6.833,
        0
      ]
    },
    {
      "Target": "Parameter",
      "Id": "ParamEyeLsize",
      "FadeInTime": -1.0,
      "FadeOutTime": -1.0,
      "Segments": [
        0,
        0,
        0,
        6.833,
        0
      ]
    },
    {
      "Target": "Parameter",
      "Id": "ParamEyeRsize",
      "FadeInTime": -1.0,
      "FadeOutTime": -1.0,
      "Segments": [
        0,
        0,
        0,
        6.833,
        0
      ]
    },
    {
      "Target": "Parameter",
      "Id": "ParamEyeBallX",
      "FadeInTime": -1.0,
      "FadeOutTime": -1.0,
      "Segments": [
        0,
        0,
        0,
        6.833,
        0
      ]
    },
    {
      "Target": "Parameter",
      "Id": "ParamEyeBallY",
      "FadeInTime": -1.0,
      "FadeOutTime": -1.0,
      "Segments": [
        0,
        0,
        0,
        6.833,
        0
      ]
    },
    {
      "Target": "Parameter",
      "Id": "NULL08",
      "FadeInTime": -1.0,
      "FadeOutTime": -1.0,
      "Segments": [
        0,
        0,
        0,
        6.833,
        0
      ]
    },
    {
      "Target": "Parameter",
      "Id": "ParamMouth",
      "FadeInTime": -1.0,
      "FadeOutTime": -1.0,
      "Segments": [
        0,
        0,
        0,
        6.833,
        0
      ]
    },
    {
      "Target": "Parameter",
      "Id": "NULL9",
      "FadeInTime": -1.0,
      "FadeOutTime": -1.0,
      "Segments": [
        0,
        0,
        0,
        6.833,
        0
      ]
    },
    {
      "Target": "Parameter",
      "Id": "ParamHeat",
      "FadeInTime": -1.0,
      "FadeOutTime": -1.0,
      "Segments": [
        0,
        0,
        0,
        6.833,
        0
      ]
    },
    {
      "Target": "Parameter",
      "Id": "ParamShy",
      "FadeInTime": -1.0,
      "FadeOutTime": -1.0,
      "Segments": [
        0,
        0,
        0,
        6.833,
        0
      ]
    },
    {
      "Target": "Parameter",
      "Id": "NULL15",
      "FadeInTime": -1.0,
      "FadeOutTime": -1.0,
      "Segments": [
        0,
        0,
        0,
        6.833,
        0
      ]
    },
    {
      "Target": "Parameter",
      "Id": "Param28",
      "FadeInTime": -1.0,
      "FadeOutTime": -1.0,
      "Segments": [
        0,
        0,
        0,
        6.833,
        0
      ]
    },
    {
      "Target": "Parameter",
      "Id": "Param5",
      "FadeInTime": -1.0,
      "FadeOutTime": -1.0,
      "Segments": [
        0,
        0,
        0,
        6.833,
        0
      ]
    },
    {
      "Target": "Parameter",
      "Id": "Param26",
      "FadeInTime": -1.0,
      "FadeOutTime": -1.0,
      "Segments": [
        0,
        0,
        0,
        6.833,
        0
      ]
    },
    {
      "Target": "Parameter",
      "Id": "Param27",
      "FadeInTime": -1.0,
      "FadeOutTime": -1.0,
      "Segments": [
        0,
        0,
        0,
        6.833,
        0
      ]
    }
  ],
  "UserData": [
    {
      "Time": 0.0,
      "Value": ""
    },
    {
      "Time": 0.0,
      "Value": ""
    },
    {
      "Time": 6.333,
      "Value": ""
    }
  ]
}