{
  "Version": 3,
  "Meta": {
    "Duration": 2.0,
    "Fps": 60.0,
    "Loop": true,
    "AreBeziersRestricted": true,
    "FadeInTime": 0.0,
    "FadeOutTime": 0.0,
    "CurveCount": 186,
    "TotalSegmentCount": 566,
    "TotalPointCount": 742,
    "UserDataCount": 3,
    "TotalUserDataSize": 0
  },
  "Curves": [
    {
      "Target": "Parameter",
      "Id": "ParamArmLAngle",
      "FadeInTime": -1.0,
      "FadeOutTime": -1.0,
      "Segments": [
        0,
        0,
        2,
        0.25,
        0,
        1,
        0.406,
        0,
        0.561,
        -1.057,
        0.717,
        -1.122,
        1,
        0.845,
        -1.175,
        0.972,
        -1.16,
        1.1,
        -1.16,
        0,
        1.583,
        0.441,
        0,
        1.967,
        0,
        2,
        2,
        0
      ]
    },
    {
      "Target": "Parameter",
      "Id": "ParamForearmLAngle",
      "FadeInTime": -1.0,
      "FadeOutTime": -1.0,
      "Segments": [
        0,
        0,
        2,
        0.25,
        0,
        1,
        0.417,
        0,
        0.583,
        2.628,
        0.75,
        2.797,
        1,
        0.872,
        2.921,
        0.995,
        2.88,
        1.117,
        2.88,
        0,
        1.4,
        -2.618,
        0,
        1.75,
        0,
        2,
        2,
        0
      ]
    },
    {
      "Target": "Parameter",
      "Id": "ParamHandLAngle",
      "FadeInTime": -1.0,
      "FadeOutTime": -1.0,
      "Segments": [
        0,
        0,
        2,
        0.25,
        0,
        1,
        0.433,
        0,
        0.617,
        2.27,
        0.8,
        2.945,
        1,
        0.911,
        3.354,
        1.022,
        3.24,
        1.133,
        3.24,
        0,
        1.517,
        -3.267,
        0,
        1.833,
        0,
        2,
        2,
        0
      ]
    },
    {
      "Target": "Parameter",
      "Id": "ParamArmRAngleZ",
      "FadeInTime": -1.0,
      "FadeOutTime": -1.0,
      "Segments": [
        0,
        0,
        2,
        0.25,
        0,
        1,
        0.406,
        0,
        0.561,
        1.057,
        0.717,
        1.122,
        1,
        0.845,
        1.176,
        0.972,
        1.16,
        1.1,
        1.16,
        1,
        1.25,
        1.16,
        1.4,
        0.222,
        1.55,
        0.1,
        1,
        1.7,
        -0.022,
        1.85,
        0,
        2,
        0
      ]
    },
    {
      "Target": "Parameter",
      "Id": "ParamForearmRAngle",
      "FadeInTime": -1.0,
      "FadeOutTime": -1.0,
      "Segments": [
        0,
        0,
        2,
        0.25,
        0,
        1,
        0.417,
        0,
        0.583,
        -2.628,
        0.75,
        -2.797,
        1,
        0.872,
        -2.921,
        0.995,
        -2.88,
        1.117,
        -2.88,
        0,
        1.4,
        2.618,
        0,
        1.75,
        0,
        2,
        2,
        0
      ]
    },
    {
      "Target": "Parameter",
      "Id": "ParamHandRAngle",
      "FadeInTime": -1.0,
      "FadeOutTime": -1.0,
      "Segments": [
        0,
        0,
        2,
        0.25,
        0,
        1,
        0.433,
        0,
        0.617,
        -2.27,
        0.8,
        -2.945,
        1,
        0.911,
        -3.354,
        1.022,
        -3.24,
        1.133,
        -3.24,
        0,
        1.517,
        3.267,
        0,
        1.833,
        0,
        2,
        2,
        0
      ]
    },
    {
      "Target": "Parameter",
      "Id": "ParamLegLAngleX",
      "FadeInTime": -1.0,
      "FadeOutTime": -1.0,
      "Segments": [
        0,
        0,
        2,
        0.25,
        0,
        1,
        0.411,
        0,
        0.572,
        -2.687,
        0.733,
        -3.502,
        1,
        0.855,
        -4.12,
        0.978,
        -4.002,
        1.1,
        -4.002,
        0,
        1.433,
        1,
        0,
        1.817,
        0,
        2,
        2,
        0
      ]
    },
    {
      "Target": "Parameter",
      "Id": "ParamLegRAngleX",
      "FadeInTime": -1.0,
      "FadeOutTime": -1.0,
      "Segments": [
        0,
        0,
        2,
        0.25,
        0,
        1,
        0.411,
        0,
        0.572,
        2.993,
        0.733,
        3.677,
        1,
        0.855,
        4.196,
        0.978,
        4.077,
        1.1,
        4.077,
        0,
        1.433,
        -1,
        0,
        1.817,
        0,
        2,
        2,
        0
      ]
    },
    {
      "Target": "Parameter",
      "Id": "ParamAngleX",
      "FadeInTime": -1.0,
      "FadeOutTime": -1.0,
      "Segments": [
        0,
        0,
        2,
        0.25,
        0,
        0,
        1.45,
        2.093,
        0,
        1.767,
        0,
        2,
        2,
        0
      ]
    },
    {
      "Target": "Parameter",
      "Id": "ParamAngleY",
      "FadeInTime": -1.0,
      "FadeOutTime": -1.0,
      "Segments": [
        0,
        0,
        2,
        0.25,
        0,
        0,
        0.4,
        -30,
        1,
        0.506,
        -30,
        0.611,
        6.914,
        0.717,
        8,
        1,
        0.834,
        9.201,
        0.95,
        8.944,
        1.067,
        10,
        1,
        1.167,
        10.905,
        1.267,
        14.44,
        1.367,
        14.44,
        0,
        1.683,
        0,
        2,
        2,
        0
      ]
    },
    {
      "Target": "Parameter",
      "Id": "ParamAngleZ",
      "FadeInTime": -1.0,
      "FadeOutTime": -1.0,
      "Segments": [
        0,
        0,
        2,
        0.25,
        0,
        0,
        0.35,
        2.514,
        1,
        0.472,
        2.514,
        0.595,
        -10.969,
        0.717,
        -11.5,
        1,
        0.856,
        -12.104,
        0.994,
        -12,
        1.133,
        -12,
        0,
        1.467,
        1,
        0,
        1.767,
        0,
        2,
        2,
        0
      ]
    },
    {
      "Target": "Parameter",
      "Id": "ParamBodyAngleX",
      "FadeInTime": -1.0,
      "FadeOutTime": -1.0,
      "Segments": [
        0,
        0,
        2,
        0.25,
        0,
        0,
        0.733,
        1.008,
        2,
        1.083,
        1.008,
        0,
        1.45,
        2.3,
        0,
        1.683,
        0,
        2,
        2,
        0
      ]
    },
    {
      "Target": "Parameter",
      "Id": "ParamBodyAngleY",
      "FadeInTime": -1.0,
      "FadeOutTime": -1.0,
      "Segments": [
        0,
        0,
        2,
        0.25,
        0,
        1,
        0.339,
        0,
        0.428,
        5.549,
        0.517,
        7,
        1,
        0.595,
        8.269,
        0.672,
        9.029,
        0.75,
        9.178,
        1,
        0.867,
        9.402,
        0.983,
        9.398,
        1.1,
        9.398,
        0,
        1.517,
        -0.3,
        0,
        1.767,
        0,
        2,
        2,
        0
      ]
    },
    {
      "Target": "Parameter",
      "Id": "ParamBodyStretch",
      "FadeInTime": -1.0,
      "FadeOutTime": -1.0,
      "Segments": [
        0,
        0,
        2,
        0.25,
        0,
        0,
        0.533,
        1,
        0,
        0.767,
        0,
        2,
        1.1,
        0,
        2,
        1.683,
        0,
        2,
        2,
        0
      ]
    },
    {
      "Target": "Parameter",
      "Id": "ParamBodyUp",
      "FadeInTime": -1.0,
      "FadeOutTime": -1.0,
      "Segments": [
        0,
        0,
        2,
        0.25,
        0,
        0,
        0.45,
        9.7,
        0,
        0.75,
        5.8,
        0,
        1.1,
        6.4,
        0,
        1.583,
        0.69,
        0,
        1.683,
        1.093,
        0,
        2,
        0
      ]
    },
    {
      "Target": "Parameter",
      "Id": "ParamShoulderLStretch",
      "FadeInTime": -1.0,
      "FadeOutTime": -1.0,
      "Segments": [
        0,
        0,
        2,
        0.25,
        0,
        0,
        0.367,
        -2.001,
        1,
        0.422,
        -2.001,
        0.478,
        3.33,
        0.533,
        4.718,
        1,
        0.594,
        6.245,
        0.656,
        6.175,
        0.717,
        6.175,
        2,
        1.067,
        6.175,
        0,
        1.383,
        -1.061,
        0,
        1.683,
        0,
        2,
        2,
        0
      ]
    },
    {
      "Target": "Parameter",
      "Id": "ParamShoulderRStretch",
      "FadeInTime": -1.0,
      "FadeOutTime": -1.0,
      "Segments": [
        0,
        0,
        2,
        0.25,
        0,
        0,
        0.367,
        -0.855,
        1,
        0.422,
        -0.855,
        0.478,
        3.363,
        0.533,
        4.718,
        1,
        0.594,
        6.209,
        0.656,
        6.175,
        0.717,
        6.175,
        2,
        1.067,
        6.175,
        0,
        1.383,
        -1.061,
        0,
        1.683,
        0,
        2,
        2,
        0
      ]
    },
    {
      "Target": "Parameter",
      "Id": "ParamLowerBodyX",
      "FadeInTime": -1.0,
      "FadeOutTime": -1.0,
      "Segments": [
        0,
        0,
        2,
        0.25,
        0,
        2,
        1.167,
        0,
        0,
        1.467,
        2,
        0,
        1.767,
        0,
        2,
        2,
        0
      ]
    },
    {
      "Target": "Parameter",
      "Id": "ParamChestZ",
      "FadeInTime": -1.0,
      "FadeOutTime": -1.0,
      "Segments": [
        0,
        0,
        2,
        0.25,
        0,
        2,
        0.75,
        0,
        2,
        1.1,
        0,
        0,
        1.483,
        1.309,
        0,
        1.817,
        0,
        2,
        2,
        0
      ]
    },
    {
      "Target": "Parameter",
      "Id": "ParamWaistZ",
      "FadeInTime": -1.0,
      "FadeOutTime": -1.0,
      "Segments": [
        0,
        0,
        2,
        0.25,
        0,
        2,
        0.75,
        0,
        2,
        1.1,
        0,
        0,
        1.3,
        1.388,
        0,
        1.683,
        0,
        2,
        2,
        0
      ]
    },
    {
      "Target": "Parameter",
      "Id": "ParamButtZ",
      "FadeInTime": -1.0,
      "FadeOutTime": -1.0,
      "Segments": [
        0,
        0,
        2,
        0.25,
        0,
        0,
        0.75,
        -0.59,
        0,
        1.1,
        0.1,
        0,
        1.283,
        -1,
        1,
        1.361,
        -1,
        1.439,
        -0.671,
        1.517,
        0,
        1,
        1.589,
        0.623,
        1.661,
        0.94,
        1.733,
        0.94,
        0,
        1.967,
        0,
        2,
        2,
        0
      ]
    },
    {
      "Target": "Parameter",
      "Id": "Param6",
      "FadeInTime": -1.0,
      "FadeOutTime": -1.0,
      "Segments": [
        0,
        0,
        2,
        0.25,
        0,
        2,
        0.75,
        0,
        2,
        1.1,
        0,
        0,
        1.25,
        -4,
        0,
        2,
        0
      ]
    },
    {
      "Target": "Parameter",
      "Id": "ParamBrowLAngle",
      "FadeInTime": -1.0,
      "FadeOutTime": -1.0,
      "Segments": [
        0,
        0,
        2,
        0.25,
        0,
        0,
        0.45,
        -1,
        0,
        0.867,
        -0.806,
        2,
        1.3,
        -0.806,
        0,
        1.717,
        0,
        2,
        2,
        0
      ]
    },
    {
      "Target": "Parameter",
      "Id": "ParamBrowLForm",
      "FadeInTime": -1.0,
      "FadeOutTime": -1.0,
      "Segments": [
        0,
        0,
        2,
        0.25,
        0,
        1,
        0.317,
        0,
        0.383,
        -0.508,
        0.45,
        -0.572,
        1,
        0.589,
        -0.705,
        0.728,
        -0.714,
        0.867,
        -0.714,
        2,
        1.3,
        -0.714,
        0,
        1.717,
        0,
        2,
        2,
        0
      ]
    },
    {
      "Target": "Parameter",
      "Id": "ParamBrowRAngle",
      "FadeInTime": -1.0,
      "FadeOutTime": -1.0,
      "Segments": [
        0,
        0,
        2,
        0.25,
        0,
        0,
        0.45,
        -1,
        0,
        0.867,
        -0.864,
        2,
        1.3,
        -0.864,
        0,
        1.717,
        0,
        2,
        2,
        0
      ]
    },
    {
      "Target": "Parameter",
      "Id": "ParamBrowRForm",
      "FadeInTime": -1.0,
      "FadeOutTime": -1.0,
      "Segments": [
        0,
        0,
        2,
        0.25,
        0,
        1,
        0.317,
        0,
        0.383,
        -0.546,
        0.45,
        -0.57,
        1,
        0.589,
        -0.62,
        0.728,
        -0.622,
        0.867,
        -0.622,
        2,
        1.3,
        -0.622,
        0,
        1.717,
        0,
        2,
        2,
        0
      ]
    },
    {
      "Target": "Parameter",
      "Id": "ParamEyeLOpen",
      "FadeInTime": -1.0,
      "FadeOutTime": -1.0,
      "Segments": [
        0,
        1,
        2,
        0.25,
        1,
        0,
        0.45,
        0.9,
        0,
        0.633,
        1,
        2,
        0.867,
        1,
        2,
        1.3,
        1,
        2,
        1.717,
        1,
        2,
        2,
        1
      ]
    },
    {
      "Target": "Parameter",
      "Id": "ParamEyeROpen",
      "FadeInTime": -1.0,
      "FadeOutTime": -1.0,
      "Segments": [
        0,
        1,
        2,
        0.25,
        1,
        0,
        0.45,
        0.9,
        0,
        0.633,
        1,
        2,
        0.867,
        1,
        2,
        1.3,
        1,
        2,
        1.717,
        1,
        2,
        2,
        1
      ]
    },
    {
      "Target": "Parameter",
      "Id": "ParamEyeformL",
      "FadeInTime": -1.0,
      "FadeOutTime": -1.0,
      "Segments": [
        0,
        0,
        2,
        0.25,
        0,
        0,
        0.867,
        0.2,
        2,
        1.3,
        0.2,
        0,
        1.717,
        0,
        2,
        2,
        0
      ]
    },
    {
      "Target": "Parameter",
      "Id": "ParamEyeformR",
      "FadeInTime": -1.0,
      "FadeOutTime": -1.0,
      "Segments": [
        0,
        0,
        2,
        0.25,
        0,
        0,
        0.867,
        0.2,
        2,
        1.3,
        0.2,
        0,
        1.717,
        0,
        2,
        2,
        0
      ]
    },
    {
      "Target": "Parameter",
      "Id": "ParamEyesform",
      "FadeInTime": -1.0,
      "FadeOutTime": -1.0,
      "Segments": [
        0,
        0,
        2,
        0.25,
        0,
        0,
        0.867,
        0.1,
        2,
        1.3,
        0.1,
        0,
        1.717,
        0,
        2,
        2,
        0
      ]
    },
    {
      "Target": "Parameter",
      "Id": "ParamEyeLsize",
      "FadeInTime": -1.0,
      "FadeOutTime": -1.0,
      "Segments": [
        0,
        0,
        2,
        0.25,
        0,
        1,
        0.372,
        0,
        0.495,
        0.241,
        0.617,
        0.5,
        1,
        0.7,
        0.677,
        0.784,
        0.7,
        0.867,
        0.7,
        1,
        1.011,
        0.7,
        1.156,
        0.632,
        1.3,
        0.4,
        1,
        1.439,
        0.177,
        1.578,
        0,
        1.717,
        0,
        2,
        2,
        0
      ]
    },
    {
      "Target": "Parameter",
      "Id": "ParamEyeRsize",
      "FadeInTime": -1.0,
      "FadeOutTime": -1.0,
      "Segments": [
        0,
        0,
        2,
        0.25,
        0,
        1,
        0.372,
        0,
        0.495,
        0.241,
        0.617,
        0.5,
        1,
        0.7,
        0.677,
        0.784,
        0.7,
        0.867,
        0.7,
        1,
        1.011,
        0.7,
        1.156,
        0.632,
        1.3,
        0.4,
        1,
        1.439,
        0.177,
        1.578,
        0,
        1.717,
        0,
        2,
        2,
        0
      ]
    },
    {
      "Target": "Parameter",
      "Id": "ParamMouth",
      "FadeInTime": -1.0,
      "FadeOutTime": -1.0,
      "Segments": [
        0,
        0,
        2,
        0.25,
        0,
        1,
        0.339,
        0,
        0.428,
        1.211,
        0.517,
        10,
        1,
        0.6,
        18.24,
        0.684,
        30,
        0.767,
        30,
        2,
        1.3,
        30,
        2,
        1.5,
        30,
        0,
        1.717,
        0,
        2,
        2,
        0
      ]
    },
    {
      "Target": "Parameter",
      "Id": "ParamMouthForm",
      "FadeInTime": -1.0,
      "FadeOutTime": -1.0,
      "Segments": [
        0,
        0,
        2,
        0.25,
        0,
        0,
        0.517,
        0.8,
        0,
        0.767,
        0.5,
        2,
        1.3,
        0.5,
        1,
        1.367,
        0.5,
        1.433,
        0.507,
        1.5,
        0.4,
        1,
        1.572,
        0.284,
        1.645,
        0,
        1.717,
        0,
        2,
        2,
        0
      ]
    },
    {
      "Target": "Parameter",
      "Id": "ParamMouthOpenY",
      "FadeInTime": -1.0,
      "FadeOutTime": -1.0,
      "Segments": [
        0,
        0,
        2,
        0.25,
        0,
        0,
        0.517,
        1,
        0,
        0.767,
        0.2,
        2,
        1.3,
        0.2,
        0,
        1.5,
        0,
        2,
        1.717,
        0,
        2,
        2,
        0
      ]
    },
    {
      "Target": "Parameter",
      "Id": "ParamShy",
      "FadeInTime": -1.0,
      "FadeOutTime": -1.0,
      "Segments": [
        0,
        0,
        2,
        0.25,
        0,
        1,
        0.333,
        0,
        0.417,
        9.926,
        0.5,
        11.056,
        1,
        0.594,
        12.336,
        0.689,
        12.186,
        0.783,
        12.186,
        1,
        0.911,
        12.186,
        1.039,
        11.741,
        1.167,
        8.796,
        1,
        1.372,
        4.058,
        1.578,
        0,
        1.783,
        0,
        2,
        2,
        0
      ]
    },
    {
      "Target": "Parameter",
      "Id": "Param_Angle_Rotation_1_Tail_D4",
      "FadeInTime": -1.0,
      "FadeOutTime": -1.0,
      "Segments": [
        0,
        -6.41,
        2,
        0.25,
        -6.41,
        0,
        0.767,
        4,
        0,
        1.583,
        -7.451,
        0,
        1.983,
        -6.41,
        2,
        2,
        -6.41
      ]
    },
    {
      "Target": "Parameter",
      "Id": "Param_Angle_Rotation_3_Tail_D4",
      "FadeInTime": -1.0,
      "FadeOutTime": -1.0,
      "Segments": [
        0,
        25,
        2,
        0.25,
        25,
        0,
        0.95,
        14,
        0,
        1.983,
        25,
        2,
        2,
        25
      ]
    },
    {
      "Target": "Parameter",
      "Id": "Param_Angle_Rotation_5_Tail_D4",
      "FadeInTime": -1.0,
      "FadeOutTime": -1.0,
      "Segments": [
        0,
        5.14,
        2,
        0.25,
        5.14,
        0,
        0.45,
        0.043,
        0,
        1.117,
        25.42,
        0,
        1.983,
        5.14,
        2,
        2,
        5.14
      ]
    },
    {
      "Target": "Parameter",
      "Id": "Param_Angle_Rotation_7_Tail_D4",
      "FadeInTime": -1.0,
      "FadeOutTime": -1.0,
      "Segments": [
        0,
        14.6,
        2,
        0.25,
        14.6,
        0,
        0.583,
        10,
        0,
        1.267,
        19,
        0,
        1.983,
        14.6,
        2,
        2,
        14.6
      ]
    },
    {
      "Target": "Parameter",
      "Id": "Param_Angle_Rotation_1_Tail_U4",
      "FadeInTime": -1.0,
      "FadeOutTime": -1.0,
      "Segments": [
        0,
        5.23,
        2,
        0.25,
        5.23,
        0,
        0.933,
        -10,
        0,
        1.983,
        5.23,
        2,
        2,
        5.23
      ]
    },
    {
      "Target": "Parameter",
      "Id": "Param_Angle_Rotation_2_Tail_U4",
      "FadeInTime": -1.0,
      "FadeOutTime": -1.0,
      "Segments": [
        0,
        11.47,
        2,
        0.25,
        11.47,
        0,
        0.35,
        15.88,
        0,
        1.033,
        -9,
        1,
        1.205,
        -9,
        1.378,
        -7.277,
        1.55,
        -0.295,
        1,
        1.694,
        5.561,
        1.839,
        11.47,
        1.983,
        11.47,
        2,
        2,
        11.47
      ]
    },
    {
      "Target": "Parameter",
      "Id": "Param_Angle_Rotation_3_Tail_U4",
      "FadeInTime": -1.0,
      "FadeOutTime": -1.0,
      "Segments": [
        0,
        -16.6,
        2,
        0.25,
        -16.6,
        1,
        0.283,
        -16.6,
        0.317,
        -17.804,
        0.35,
        -19.322,
        1,
        0.389,
        -21.093,
        0.428,
        -23.276,
        0.467,
        -24,
        1,
        0.7,
        -28.346,
        0.934,
        -30,
        1.167,
        -30,
        0,
        1.55,
        -15.176,
        0,
        1.983,
        -16.37,
        2,
        2,
        -16.37
      ]
    },
    {
      "Target": "Parameter",
      "Id": "Param_Angle_Rotation_4_Tail_U4",
      "FadeInTime": -1.0,
      "FadeOutTime": -1.0,
      "Segments": [
        0,
        -17.311,
        2,
        0.25,
        -17.311,
        0,
        0.6,
        -5,
        0,
        1.3,
        -45,
        0,
        1.983,
        -17.311,
        2,
        2,
        -17.311
      ]
    },
    {
      "Target": "Parameter",
      "Id": "Param_Angle_Rotation_5_Tail_U4",
      "FadeInTime": -1.0,
      "FadeOutTime": -1.0,
      "Segments": [
        0,
        -38.36,
        2,
        0.25,
        -38.36,
        0,
        0.75,
        5,
        0,
        1.55,
        -45,
        0,
        1.983,
        -38.36,
        2,
        2,
        -38.36
      ]
    },
    {
      "Target": "Parameter",
      "Id": "Param_Angle_Rotation_6_Tail_U4",
      "FadeInTime": -1.0,
      "FadeOutTime": -1.0,
      "Segments": [
        0,
        -40.22,
        2,
        0.25,
        -40.22,
        0,
        0.3,
        -41.16,
        0,
        1,
        -5.481,
        0,
        1.983,
        -40.22,
        2,
        2,
        -40.22
      ]
    },
    {
      "Target": "Parameter",
      "Id": "Param_Angle_Rotation_7_Tail_U4",
      "FadeInTime": -1.0,
      "FadeOutTime": -1.0,
      "Segments": [
        0,
        -21.04,
        2,
        0.25,
        -21.04,
        0,
        0.367,
        -26.45,
        0,
        1.067,
        14.445,
        0,
        1.983,
        -21.04,
        2,
        2,
        -21.04
      ]
    },
    {
      "Target": "Parameter",
      "Id": "Param_Angle_Rotation_8_Tail_U4",
      "FadeInTime": -1.0,
      "FadeOutTime": -1.0,
      "Segments": [
        0,
        6.58,
        2,
        0.25,
        6.58,
        0,
        0.45,
        -8.25,
        0,
        1.25,
        35.844,
        0,
        1.983,
        6.58,
        2,
        2,
        6.58
      ]
    },
    {
      "Target": "Parameter",
      "Id": "Param_Angle_Rotation_9_Tail_U4",
      "FadeInTime": -1.0,
      "FadeOutTime": -1.0,
      "Segments": [
        0,
        21,
        2,
        0.25,
        21,
        0,
        0.533,
        3.91,
        0,
        1.217,
        25.832,
        0,
        1.983,
        21,
        2,
        2,
        21
      ]
    },
    {
      "Target": "Parameter",
      "Id": "Param_Angle_Rotation50",
      "FadeInTime": -1.0,
      "FadeOutTime": -1.0,
      "Segments": [
        0,
        27.99,
        2,
        0.25,
        27.99,
        0,
        0.633,
        3.542,
        0,
        1.467,
        29.633,
        0,
        1.983,
        27.99,
        2,
        2,
        27.99
      ]
    },
    {
      "Target": "Parameter",
      "Id": "Param_Angle_Rotation49",
      "FadeInTime": -1.0,
      "FadeOutTime": -1.0,
      "Segments": [
        0,
        21.02,
        2,
        0.25,
        21.02,
        0,
        0.667,
        -19.984,
        0,
        1.467,
        26.88,
        0,
        1.983,
        21.02,
        2,
        2,
        21.02
      ]
    },
    {
      "Target": "Parameter",
      "Id": "Hair_physics",
      "FadeInTime": -1.0,
      "FadeOutTime": -1.0,
      "Segments": [
        0,
        0,
        2,
        0.25,
        0,
        0,
        0.45,
        1,
        1,
        0.839,
        1,
        1.228,
        0.915,
        1.617,
        0.547,
        1,
        1.745,
        0.426,
        1.872,
        0,
        2,
        0
      ]
    },
    {
      "Target": "Parameter",
      "Id": "OP_physics",
      "FadeInTime": -1.0,
      "FadeOutTime": -1.0,
      "Segments": [
        0,
        0,
        2,
        0.25,
        0,
        0,
        0.45,
        1,
        1,
        0.839,
        1,
        1.228,
        0.915,
        1.617,
        0.547,
        1,
        1.745,
        0.426,
        1.872,
        0,
        2,
        0
      ]
    },
    {
      "Target": "Parameter",
      "Id": "ParamEye_PHY_L1",
      "FadeInTime": -1.0,
      "FadeOutTime": -1.0,
      "Segments": [
        0,
        0,
        2,
        0.25,
        0,
        0,
        0.433,
        -1.694,
        0,
        0.633,
        0.523,
        1,
        1.089,
        0.523,
        1.544,
        0.393,
        2,
        0.263
      ]
    },
    {
      "Target": "Parameter",
      "Id": "ParamEye_PHY_L2",
      "FadeInTime": -1.0,
      "FadeOutTime": -1.0,
      "Segments": [
        0,
        0,
        2,
        0.25,
        0,
        0,
        0.433,
        -1.429,
        0,
        0.617,
        0.822,
        0,
        1.933,
        -0.005,
        2,
        1.95,
        -0.005,
        2,
        1.967,
        -0.005,
        2,
        2,
        -0.005
      ]
    },
    {
      "Target": "Parameter",
      "Id": "ParamEye_PHY_R",
      "FadeInTime": -1.0,
      "FadeOutTime": -1.0,
      "Segments": [
        0,
        0,
        2,
        0.25,
        0,
        0,
        0.433,
        -1.694,
        0,
        0.633,
        0.523,
        1,
        1.089,
        0.523,
        1.544,
        0.393,
        2,
        0.263
      ]
    },
    {
      "Target": "Parameter",
      "Id": "ParamEye_PHY_R2",
      "FadeInTime": -1.0,
      "FadeOutTime": -1.0,
      "Segments": [
        0,
        0,
        2,
        0.25,
        0,
        0,
        0.433,
        -1.429,
        0,
        0.617,
        0.822,
        0,
        1.933,
        -0.005,
        2,
        1.95,
        -0.005,
        2,
        1.967,
        -0.005,
        2,
        2,
        -0.005
      ]
    },
    {
      "Target": "Parameter",
      "Id": "ParamOppai_PhyY1",
      "FadeInTime": -1.0,
      "FadeOutTime": -1.0,
      "Segments": [
        0,
        0,
        2,
        0.25,
        0,
        0,
        0.417,
        -30,
        2,
        0.45,
        -30,
        0,
        0.8,
        24.923,
        0,
        1.183,
        -12.107,
        0,
        1.567,
        8.347,
        1,
        1.711,
        8.347,
        1.856,
        -2.477,
        2,
        -7.069
      ]
    },
    {
      "Target": "Parameter",
      "Id": "ParamOppai_PhyY2",
      "FadeInTime": -1.0,
      "FadeOutTime": -1.0,
      "Segments": [
        0,
        0,
        2,
        0.25,
        0,
        1,
        0.289,
        0.001,
        0.328,
        7.439,
        0.367,
        7.439,
        0,
        0.55,
        -30,
        2,
        0.633,
        -30,
        0,
        1,
        25.107,
        0,
        1.383,
        -11.937,
        0,
        1.75,
        12.966,
        1,
        1.833,
        12.966,
        1.917,
        8.741,
        2,
        3.912
      ]
    },
    {
      "Target": "Parameter",
      "Id": "ParamHairR1",
      "FadeInTime": -1.0,
      "FadeOutTime": -1.0,
      "Segments": [
        0,
        0,
        2,
        0.25,
        0,
        0,
        0.433,
        -4.046,
        0,
        0.85,
        3.77,
        0,
        1.267,
        -2.274,
        0,
        1.667,
        2.829,
        1,
        1.778,
        2.829,
        1.889,
        -0.361,
        2,
        -2.015
      ]
    },
    {
      "Target": "Parameter",
      "Id": "ParamHairR2",
      "FadeInTime": -1.0,
      "FadeOutTime": -1.0,
      "Segments": [
        0,
        0,
        2,
        0.25,
        0,
        0,
        0.4,
        1.101,
        0,
        0.667,
        -5.837,
        0,
        1.067,
        4.91,
        0,
        1.467,
        -3.122,
        0,
        1.883,
        4.593,
        1,
        1.922,
        4.593,
        1.961,
        4.035,
        2,
        3.208
      ]
    },
    {
      "Target": "Parameter",
      "Id": "ParamHairR3",
      "FadeInTime": -1.0,
      "FadeOutTime": -1.0,
      "Segments": [
        0,
        0,
        2,
        0.25,
        0,
        0,
        0.517,
        3.112,
        0,
        0.833,
        -5.743,
        0,
        1.2,
        5.412,
        0,
        1.6,
        -4.574,
        1,
        1.733,
        -4.574,
        1.867,
        3.274,
        2,
        3.902
      ]
    },
    {
      "Target": "Parameter",
      "Id": "ParamHairL1",
      "FadeInTime": -1.0,
      "FadeOutTime": -1.0,
      "Segments": [
        0,
        0,
        2,
        0.25,
        0,
        0,
        0.417,
        -7.546,
        0,
        0.75,
        6.406,
        0,
        1.167,
        -3.736,
        0,
        1.6,
        3.156,
        1,
        1.733,
        3.156,
        1.867,
        -0.8,
        2,
        -2.587
      ]
    },
    {
      "Target": "Parameter",
      "Id": "ParamHairL2",
      "FadeInTime": -1.0,
      "FadeOutTime": -1.0,
      "Segments": [
        0,
        0,
        2,
        0.25,
        0,
        0,
        0.367,
        2.3,
        0,
        0.6,
        -10.545,
        0,
        0.967,
        8.58,
        0,
        1.367,
        -4.879,
        0,
        1.85,
        4.711,
        1,
        1.9,
        4.711,
        1.95,
        3.854,
        2,
        2.671
      ]
    },
    {
      "Target": "Parameter",
      "Id": "ParamHairL3",
      "FadeInTime": -1.0,
      "FadeOutTime": -1.0,
      "Segments": [
        0,
        0,
        2,
        0.25,
        0,
        0,
        0.5,
        5.804,
        0,
        0.783,
        -11.014,
        0,
        1.117,
        10.033,
        0,
        1.483,
        -6.738,
        0,
        1.9,
        3.181,
        1,
        1.933,
        3.181,
        1.967,
        2.969,
        2,
        2.618
      ]
    },
    {
      "Target": "Parameter",
      "Id": "Param_Angle_Rotation11",
      "FadeInTime": -1.0,
      "FadeOutTime": -1.0,
      "Segments": [
        0,
        0,
        2,
        0.25,
        0,
        1,
        0.317,
        -0.001,
        0.383,
        -5.953,
        0.45,
        -5.953,
        0,
        1.05,
        5.739,
        0,
        1.567,
        -0.634,
        0,
        1.9,
        0.72,
        1,
        1.933,
        0.719,
        1.967,
        0.543,
        2,
        0.283
      ]
    },
    {
      "Target": "Parameter",
      "Id": "Param_Angle_Rotation12",
      "FadeInTime": -1.0,
      "FadeOutTime": -1.0,
      "Segments": [
        0,
        0,
        2,
        0.25,
        0,
        1,
        0.317,
        -0.001,
        0.383,
        -4.762,
        0.45,
        -4.762,
        0,
        1.05,
        4.591,
        0,
        1.567,
        -0.507,
        0,
        1.9,
        0.576,
        1,
        1.933,
        0.576,
        1.967,
        0.435,
        2,
        0.226
      ]
    },
    {
      "Target": "Parameter",
      "Id": "Param_Angle_Rotation13",
      "FadeInTime": -1.0,
      "FadeOutTime": -1.0,
      "Segments": [
        0,
        0.002,
        2,
        0.25,
        0.002,
        0,
        0.433,
        3.823,
        0,
        0.9,
        -9.117,
        0,
        1.467,
        5.999,
        0,
        1.933,
        0.816,
        1,
        1.955,
        0.816,
        1.978,
        0.927,
        2,
        1.091
      ]
    },
    {
      "Target": "Parameter",
      "Id": "Param_Angle_Rotation14",
      "FadeInTime": -1.0,
      "FadeOutTime": -1.0,
      "Segments": [
        0,
        0.002,
        2,
        0.25,
        0.002,
        0,
        0.433,
        3.823,
        0,
        0.9,
        -9.117,
        0,
        1.467,
        5.999,
        0,
        1.933,
        0.816,
        1,
        1.955,
        0.816,
        1.978,
        0.927,
        2,
        1.091
      ]
    },
    {
      "Target": "Parameter",
      "Id": "Param_Angle_Rotation15",
      "FadeInTime": -1.0,
      "FadeOutTime": -1.0,
      "Segments": [
        0,
        0,
        2,
        0.25,
        0,
        0,
        0.683,
        3.498,
        0,
        1.217,
        -7.594,
        0,
        1.8,
        4.097,
        1,
        1.867,
        4.097,
        1.933,
        3.381,
        2,
        2.636
      ]
    },
    {
      "Target": "Parameter",
      "Id": "Param_Angle_Rotation16",
      "FadeInTime": -1.0,
      "FadeOutTime": -1.0,
      "Segments": [
        0,
        0,
        2,
        0.25,
        0,
        0,
        0.683,
        3.498,
        0,
        1.217,
        -7.594,
        0,
        1.8,
        4.097,
        1,
        1.867,
        4.097,
        1.933,
        3.381,
        2,
        2.636
      ]
    },
    {
      "Target": "Parameter",
      "Id": "Param_Angle_Rotation17",
      "FadeInTime": -1.0,
      "FadeOutTime": -1.0,
      "Segments": [
        0,
        0,
        2,
        0.25,
        0,
        0,
        0.433,
        -9.819,
        0,
        0.967,
        6.572,
        0,
        1.517,
        -2.825,
        0,
        1.95,
        2.889,
        1,
        1.967,
        2.889,
        1.983,
        2.837,
        2,
        2.744
      ]
    },
    {
      "Target": "Parameter",
      "Id": "Param_Angle_Rotation18",
      "FadeInTime": -1.0,
      "FadeOutTime": -1.0,
      "Segments": [
        0,
        0,
        2,
        0.25,
        0,
        0,
        0.433,
        -9.819,
        0,
        0.967,
        6.572,
        0,
        1.517,
        -2.825,
        0,
        1.95,
        2.889,
        1,
        1.967,
        2.889,
        1.983,
        2.837,
        2,
        2.744
      ]
    },
    {
      "Target": "Parameter",
      "Id": "Param_Angle_Rotation19",
      "FadeInTime": -1.0,
      "FadeOutTime": -1.0,
      "Segments": [
        0,
        0.001,
        2,
        0.25,
        0.001,
        1,
        0.306,
        0.002,
        0.361,
        7.516,
        0.417,
        7.516,
        0,
        0.817,
        -12.814,
        0,
        1.417,
        9.669,
        0,
        1.9,
        -3.605,
        1,
        1.933,
        -3.605,
        1.967,
        -3.112,
        2,
        -2.362
      ]
    },
    {
      "Target": "Parameter",
      "Id": "Param_Angle_Rotation20",
      "FadeInTime": -1.0,
      "FadeOutTime": -1.0,
      "Segments": [
        0,
        0.001,
        2,
        0.25,
        0.001,
        1,
        0.306,
        0.002,
        0.361,
        7.516,
        0.417,
        7.516,
        0,
        0.817,
        -12.814,
        0,
        1.417,
        9.669,
        0,
        1.9,
        -3.605,
        1,
        1.933,
        -3.605,
        1.967,
        -3.112,
        2,
        -2.362
      ]
    },
    {
      "Target": "Parameter",
      "Id": "Param_Angle_Rotation21",
      "FadeInTime": -1.0,
      "FadeOutTime": -1.0,
      "Segments": [
        0,
        -0.002,
        2,
        0.25,
        -0.002,
        0,
        0.617,
        5.486,
        0,
        1.133,
        -10.659,
        0,
        1.717,
        7.476,
        1,
        1.811,
        7.476,
        1.906,
        3.711,
        2,
        0.753
      ]
    },
    {
      "Target": "Parameter",
      "Id": "Param_Angle_Rotation22",
      "FadeInTime": -1.0,
      "FadeOutTime": -1.0,
      "Segments": [
        0,
        -0.002,
        2,
        0.25,
        -0.002,
        0,
        0.617,
        5.486,
        0,
        1.133,
        -10.659,
        0,
        1.717,
        7.476,
        1,
        1.811,
        7.476,
        1.906,
        3.711,
        2,
        0.753
      ]
    },
    {
      "Target": "Parameter",
      "Id": "MB_DRFWXZKTMD",
      "FadeInTime": -1.0,
      "FadeOutTime": -1.0,
      "Segments": [
        0,
        0,
        0,
        2,
        0
      ]
    },
    {
      "Target": "Parameter",
      "Id": "Param17",
      "FadeInTime": -1.0,
      "FadeOutTime": -1.0,
      "Segments": [
        0,
        0,
        0,
        2,
        0
      ]
    },
    {
      "Target": "Parameter",
      "Id": "Param16",
      "FadeInTime": -1.0,
      "FadeOutTime": -1.0,
      "Segments": [
        0,
        0,
        0,
        2,
        0
      ]
    },
    {
      "Target": "Parameter",
      "Id": "Param18",
      "FadeInTime": -1.0,
      "FadeOutTime": -1.0,
      "Segments": [
        0,
        0,
        0,
        2,
        0
      ]
    },
    {
      "Target": "Parameter",
      "Id": "man_TMD",
      "FadeInTime": -1.0,
      "FadeOutTime": -1.0,
      "Segments": [
        0,
        1,
        0,
        2,
        1
      ]
    },
    {
      "Target": "Parameter",
      "Id": "BG_TMD",
      "FadeInTime": -1.0,
      "FadeOutTime": -1.0,
      "Segments": [
        0,
        1,
        0,
        2,
        1
      ]
    },
    {
      "Target": "Parameter",
      "Id": "All_X",
      "FadeInTime": -1.0,
      "FadeOutTime": -1.0,
      "Segments": [
        0,
        0,
        0,
        2,
        0
      ]
    },
    {
      "Target": "Parameter",
      "Id": "All_Y",
      "FadeInTime": -1.0,
      "FadeOutTime": -1.0,
      "Segments": [
        0,
        0,
        0,
        2,
        0
      ]
    },
    {
      "Target": "Parameter",
      "Id": "All_Angle",
      "FadeInTime": -1.0,
      "FadeOutTime": -1.0,
      "Segments": [
        0,
        0,
        0,
        2,
        0
      ]
    },
    {
      "Target": "Parameter",
      "Id": "All_Size",
      "FadeInTime": -1.0,
      "FadeOutTime": -1.0,
      "Segments": [
        0,
        0,
        0,
        2,
        0
      ]
    },
    {
      "Target": "Parameter",
      "Id": "man_X",
      "FadeInTime": -1.0,
      "FadeOutTime": -1.0,
      "Segments": [
        0,
        0,
        0,
        2,
        0
      ]
    },
    {
      "Target": "Parameter",
      "Id": "man_Y",
      "FadeInTime": -1.0,
      "FadeOutTime": -1.0,
      "Segments": [
        0,
        0,
        0,
        2,
        0
      ]
    },
    {
      "Target": "Parameter",
      "Id": "man_Angle",
      "FadeInTime": -1.0,
      "FadeOutTime": -1.0,
      "Segments": [
        0,
        0,
        0,
        2,
        0
      ]
    },
    {
      "Target": "Parameter",
      "Id": "man_Size",
      "FadeInTime": -1.0,
      "FadeOutTime": -1.0,
      "Segments": [
        0,
        0,
        0,
        2,
        0
      ]
    },
    {
      "Target": "Parameter",
      "Id": "BG_X",
      "FadeInTime": -1.0,
      "FadeOutTime": -1.0,
      "Segments": [
        0,
        0,
        0,
        2,
        0
      ]
    },
    {
      "Target": "Parameter",
      "Id": "BG_Y",
      "FadeInTime": -1.0,
      "FadeOutTime": -1.0,
      "Segments": [
        0,
        0,
        0,
        2,
        0
      ]
    },
    {
      "Target": "Parameter",
      "Id": "BG_Angle",
      "FadeInTime": -1.0,
      "FadeOutTime": -1.0,
      "Segments": [
        0,
        0,
        0,
        2,
        0
      ]
    },
    {
      "Target": "Parameter",
      "Id": "BG_Size",
      "FadeInTime": -1.0,
      "FadeOutTime": -1.0,
      "Segments": [
        0,
        0,
        0,
        2,
        0
      ]
    },
    {
      "Target": "Parameter",
      "Id": "NULL14",
      "FadeInTime": -1.0,
      "FadeOutTime": -1.0,
      "Segments": [
        0,
        0,
        0,
        2,
        0
      ]
    },
    {
      "Target": "Parameter",
      "Id": "MB_guangyunTMD",
      "FadeInTime": -1.0,
      "FadeOutTime": -1.0,
      "Segments": [
        0,
        0,
        0,
        2,
        0
      ]
    },
    {
      "Target": "Parameter",
      "Id": "MB_guangyunbianhuan",
      "FadeInTime": -1.0,
      "FadeOutTime": -1.0,
      "Segments": [
        0,
        0,
        0,
        2,
        0
      ]
    },
    {
      "Target": "Parameter",
      "Id": "MB_guangyunshangxia",
      "FadeInTime": -1.0,
      "FadeOutTime": -1.0,
      "Segments": [
        0,
        0,
        0,
        2,
        0
      ]
    },
    {
      "Target": "Parameter",
      "Id": "MB_guangyunzuoyou",
      "FadeInTime": -1.0,
      "FadeOutTime": -1.0,
      "Segments": [
        0,
        0,
        0,
        2,
        0
      ]
    },
    {
      "Target": "Parameter",
      "Id": "MB_guangyundaxiao",
      "FadeInTime": -1.0,
      "FadeOutTime": -1.0,
      "Segments": [
        0,
        0,
        0,
        2,
        0
      ]
    },
    {
      "Target": "Parameter",
      "Id": "MB_guangyunjiaodu",
      "FadeInTime": -1.0,
      "FadeOutTime": -1.0,
      "Segments": [
        0,
        -2.5,
        0,
        2,
        -2.5
      ]
    },
    {
      "Target": "Parameter",
      "Id": "Param22",
      "FadeInTime": -1.0,
      "FadeOutTime": -1.0,
      "Segments": [
        0,
        0,
        0,
        2,
        0
      ]
    },
    {
      "Target": "Parameter",
      "Id": "Param19",
      "FadeInTime": -1.0,
      "FadeOutTime": -1.0,
      "Segments": [
        0,
        0,
        0,
        2,
        0
      ]
    },
    {
      "Target": "Parameter",
      "Id": "Param20",
      "FadeInTime": -1.0,
      "FadeOutTime": -1.0,
      "Segments": [
        0,
        0,
        0,
        2,
        0
      ]
    },
    {
      "Target": "Parameter",
      "Id": "Param21",
      "FadeInTime": -1.0,
      "FadeOutTime": -1.0,
      "Segments": [
        0,
        0,
        0,
        2,
        0
      ]
    },
    {
      "Target": "Parameter",
      "Id": "Param25",
      "FadeInTime": -1.0,
      "FadeOutTime": -1.0,
      "Segments": [
        0,
        0,
        0,
        2,
        0
      ]
    },
    {
      "Target": "Parameter",
      "Id": "Param23",
      "FadeInTime": -1.0,
      "FadeOutTime": -1.0,
      "Segments": [
        0,
        0,
        0,
        2,
        0
      ]
    },
    {
      "Target": "Parameter",
      "Id": "Param24",
      "FadeInTime": -1.0,
      "FadeOutTime": -1.0,
      "Segments": [
        0,
        0,
        0,
        2,
        0
      ]
    },
    {
      "Target": "Parameter",
      "Id": "BG_Black",
      "FadeInTime": -1.0,
      "FadeOutTime": -1.0,
      "Segments": [
        0,
        0,
        0,
        2,
        0
      ]
    },
    {
      "Target": "Parameter",
      "Id": "BG_White",
      "FadeInTime": -1.0,
      "FadeOutTime": -1.0,
      "Segments": [
        0,
        0,
        0,
        2,
        0
      ]
    },
    {
      "Target": "Parameter",
      "Id": "Mizugi_D2_Drag",
      "FadeInTime": -1.0,
      "FadeOutTime": -1.0,
      "Segments": [
        0,
        0,
        0,
        2,
        0
      ]
    },
    {
      "Target": "Parameter",
      "Id": "touch_drag1",
      "FadeInTime": -1.0,
      "FadeOutTime": -1.0,
      "Segments": [
        0,
        0,
        0,
        2,
        0
      ]
    },
    {
      "Target": "Parameter",
      "Id": "Mizugi_R2_DragY2",
      "FadeInTime": -1.0,
      "FadeOutTime": -1.0,
      "Segments": [
        0,
        0,
        0,
        2,
        0
      ]
    },
    {
      "Target": "Parameter",
      "Id": "Mizugi_R2_Drag2",
      "FadeInTime": -1.0,
      "FadeOutTime": -1.0,
      "Segments": [
        0,
        0,
        0,
        2,
        0
      ]
    },
    {
      "Target": "Parameter",
      "Id": "Mizugi_R2_DragY",
      "FadeInTime": -1.0,
      "FadeOutTime": -1.0,
      "Segments": [
        0,
        0,
        0,
        2,
        0
      ]
    },
    {
      "Target": "Parameter",
      "Id": "NULL7",
      "FadeInTime": -1.0,
      "FadeOutTime": -1.0,
      "Segments": [
        0,
        0,
        0,
        2,
        0
      ]
    },
    {
      "Target": "Parameter",
      "Id": "touch_drag2",
      "FadeInTime": -1.0,
      "FadeOutTime": -1.0,
      "Segments": [
        0,
        0,
        0,
        2,
        0
      ]
    },
    {
      "Target": "Parameter",
      "Id": "Mizugi_L2_DragY",
      "FadeInTime": -1.0,
      "FadeOutTime": -1.0,
      "Segments": [
        0,
        0,
        0,
        2,
        0
      ]
    },
    {
      "Target": "Parameter",
      "Id": "ParamForearmLLayer",
      "FadeInTime": -1.0,
      "FadeOutTime": -1.0,
      "Segments": [
        0,
        0,
        0,
        2,
        0
      ]
    },
    {
      "Target": "Parameter",
      "Id": "ParamForearmLLayer2",
      "FadeInTime": -1.0,
      "FadeOutTime": -1.0,
      "Segments": [
        0,
        0,
        0,
        2,
        0
      ]
    },
    {
      "Target": "Parameter",
      "Id": "ParamArmLAngle2",
      "FadeInTime": -1.0,
      "FadeOutTime": -1.0,
      "Segments": [
        0,
        0,
        0,
        2,
        0
      ]
    },
    {
      "Target": "Parameter",
      "Id": "ParamArmLStretch",
      "FadeInTime": -1.0,
      "FadeOutTime": -1.0,
      "Segments": [
        0,
        0,
        0,
        2,
        0
      ]
    },
    {
      "Target": "Parameter",
      "Id": "NULL11",
      "FadeInTime": -1.0,
      "FadeOutTime": -1.0,
      "Segments": [
        0,
        0,
        0,
        2,
        0
      ]
    },
    {
      "Target": "Parameter",
      "Id": "ParamForearmLAngleZ2",
      "FadeInTime": -1.0,
      "FadeOutTime": -1.0,
      "Segments": [
        0,
        0,
        0,
        2,
        0
      ]
    },
    {
      "Target": "Parameter",
      "Id": "ParamForearmLAngle2",
      "FadeInTime": -1.0,
      "FadeOutTime": -1.0,
      "Segments": [
        0,
        0,
        0,
        2,
        0
      ]
    },
    {
      "Target": "Parameter",
      "Id": "ParamArmLStretch2",
      "FadeInTime": -1.0,
      "FadeOutTime": -1.0,
      "Segments": [
        0,
        0,
        0,
        2,
        0
      ]
    },
    {
      "Target": "Parameter",
      "Id": "Param4",
      "FadeInTime": -1.0,
      "FadeOutTime": -1.0,
      "Segments": [
        0,
        0,
        0,
        2,
        0
      ]
    },
    {
      "Target": "Parameter",
      "Id": "NULL10",
      "FadeInTime": -1.0,
      "FadeOutTime": -1.0,
      "Segments": [
        0,
        0,
        0,
        2,
        0
      ]
    },
    {
      "Target": "Parameter",
      "Id": "ParamHandLChange2",
      "FadeInTime": -1.0,
      "FadeOutTime": -1.0,
      "Segments": [
        0,
        0,
        0,
        2,
        0
      ]
    },
    {
      "Target": "Parameter",
      "Id": "ParamHandLChange",
      "FadeInTime": -1.0,
      "FadeOutTime": -1.0,
      "Segments": [
        0,
        0,
        0,
        2,
        0
      ]
    },
    {
      "Target": "Parameter",
      "Id": "ParamHandLAnimation",
      "FadeInTime": -1.0,
      "FadeOutTime": -1.0,
      "Segments": [
        0,
        0,
        0,
        2,
        0
      ]
    },
    {
      "Target": "Parameter",
      "Id": "ParamhandL",
      "FadeInTime": -1.0,
      "FadeOutTime": -1.0,
      "Segments": [
        0,
        0,
        0,
        2,
        0
      ]
    },
    {
      "Target": "Parameter",
      "Id": "ParamHandL_S",
      "FadeInTime": -1.0,
      "FadeOutTime": -1.0,
      "Segments": [
        0,
        0,
        0,
        2,
        0
      ]
    },
    {
      "Target": "Parameter",
      "Id": "NULL07",
      "FadeInTime": -1.0,
      "FadeOutTime": -1.0,
      "Segments": [
        0,
        0,
        0,
        2,
        0
      ]
    },
    {
      "Target": "Parameter",
      "Id": "ParamHandLREDisplay",
      "FadeInTime": -1.0,
      "FadeOutTime": -1.0,
      "Segments": [
        0,
        1,
        0,
        2,
        1
      ]
    },
    {
      "Target": "Parameter",
      "Id": "ParamHandL1Display",
      "FadeInTime": -1.0,
      "FadeOutTime": -1.0,
      "Segments": [
        0,
        0,
        0,
        2,
        0
      ]
    },
    {
      "Target": "Parameter",
      "Id": "ParamHandL2Display",
      "FadeInTime": -1.0,
      "FadeOutTime": -1.0,
      "Segments": [
        0,
        0,
        0,
        2,
        0
      ]
    },
    {
      "Target": "Parameter",
      "Id": "ParamHandL4Display",
      "FadeInTime": -1.0,
      "FadeOutTime": -1.0,
      "Segments": [
        0,
        0,
        0,
        2,
        0
      ]
    },
    {
      "Target": "Parameter",
      "Id": "ParamHandL4Display2",
      "FadeInTime": -1.0,
      "FadeOutTime": -1.0,
      "Segments": [
        0,
        0,
        0,
        2,
        0
      ]
    },
    {
      "Target": "Parameter",
      "Id": "NULL16",
      "FadeInTime": -1.0,
      "FadeOutTime": -1.0,
      "Segments": [
        0,
        0,
        0,
        2,
        0
      ]
    },
    {
      "Target": "Parameter",
      "Id": "ParamMail",
      "FadeInTime": -1.0,
      "FadeOutTime": -1.0,
      "Segments": [
        0,
        0,
        0,
        2,
        0
      ]
    },
    {
      "Target": "Parameter",
      "Id": "ParamMailZ",
      "FadeInTime": -1.0,
      "FadeOutTime": -1.0,
      "Segments": [
        0,
        0,
        0,
        2,
        0
      ]
    },
    {
      "Target": "Parameter",
      "Id": "ParamMailZ2",
      "FadeInTime": -1.0,
      "FadeOutTime": -1.0,
      "Segments": [
        0,
        0,
        0,
        2,
        0
      ]
    },
    {
      "Target": "Parameter",
      "Id": "ParamForearmRLayer",
      "FadeInTime": -1.0,
      "FadeOutTime": -1.0,
      "Segments": [
        0,
        0,
        0,
        2,
        0
      ]
    },
    {
      "Target": "Parameter",
      "Id": "ParamForearmRLayer2",
      "FadeInTime": -1.0,
      "FadeOutTime": -1.0,
      "Segments": [
        0,
        0,
        0,
        2,
        0
      ]
    },
    {
      "Target": "Parameter",
      "Id": "ParamArmRAngleZ2",
      "FadeInTime": -1.0,
      "FadeOutTime": -1.0,
      "Segments": [
        0,
        0,
        0,
        2,
        0
      ]
    },
    {
      "Target": "Parameter",
      "Id": "ParamArmRStretch",
      "FadeInTime": -1.0,
      "FadeOutTime": -1.0,
      "Segments": [
        0,
        0,
        0,
        2,
        0
      ]
    },
    {
      "Target": "Parameter",
      "Id": "NULL12",
      "FadeInTime": -1.0,
      "FadeOutTime": -1.0,
      "Segments": [
        0,
        0,
        0,
        2,
        0
      ]
    },
    {
      "Target": "Parameter",
      "Id": "ParamForearmRAngleZ2",
      "FadeInTime": -1.0,
      "FadeOutTime": -1.0,
      "Segments": [
        0,
        0,
        0,
        2,
        0
      ]
    },
    {
      "Target": "Parameter",
      "Id": "ParamForearmRAngle2",
      "FadeInTime": -1.0,
      "FadeOutTime": -1.0,
      "Segments": [
        0,
        0,
        0,
        2,
        0
      ]
    },
    {
      "Target": "Parameter",
      "Id": "ParamHandRStretch",
      "FadeInTime": -1.0,
      "FadeOutTime": -1.0,
      "Segments": [
        0,
        0,
        0,
        2,
        0
      ]
    },
    {
      "Target": "Parameter",
      "Id": "Param3",
      "FadeInTime": -1.0,
      "FadeOutTime": -1.0,
      "Segments": [
        0,
        0,
        0,
        2,
        0
      ]
    },
    {
      "Target": "Parameter",
      "Id": "ParamArmR",
      "FadeInTime": -1.0,
      "FadeOutTime": -1.0,
      "Segments": [
        0,
        0,
        0,
        2,
        0
      ]
    },
    {
      "Target": "Parameter",
      "Id": "NULL13",
      "FadeInTime": -1.0,
      "FadeOutTime": -1.0,
      "Segments": [
        0,
        0,
        0,
        2,
        0
      ]
    },
    {
      "Target": "Parameter",
      "Id": "ParamHandRChange2",
      "FadeInTime": -1.0,
      "FadeOutTime": -1.0,
      "Segments": [
        0,
        0,
        0,
        2,
        0
      ]
    },
    {
      "Target": "Parameter",
      "Id": "ParamHandRChange",
      "FadeInTime": -1.0,
      "FadeOutTime": -1.0,
      "Segments": [
        0,
        0,
        0,
        2,
        0
      ]
    },
    {
      "Target": "Parameter",
      "Id": "ParamHandRAnimation",
      "FadeInTime": -1.0,
      "FadeOutTime": -1.0,
      "Segments": [
        0,
        0,
        0,
        2,
        0
      ]
    },
    {
      "Target": "Parameter",
      "Id": "ParamhandR",
      "FadeInTime": -1.0,
      "FadeOutTime": -1.0,
      "Segments": [
        0,
        0,
        0,
        2,
        0
      ]
    },
    {
      "Target": "Parameter",
      "Id": "ParamHandR_S",
      "FadeInTime": -1.0,
      "FadeOutTime": -1.0,
      "Segments": [
        0,
        0,
        0,
        2,
        0
      ]
    },
    {
      "Target": "Parameter",
      "Id": "NULL06",
      "FadeInTime": -1.0,
      "FadeOutTime": -1.0,
      "Segments": [
        0,
        0,
        0,
        2,
        0
      ]
    },
    {
      "Target": "Parameter",
      "Id": "ParamHandRREDisplay",
      "FadeInTime": -1.0,
      "FadeOutTime": -1.0,
      "Segments": [
        0,
        1,
        0,
        2,
        1
      ]
    },
    {
      "Target": "Parameter",
      "Id": "ParamHandR1Display",
      "FadeInTime": -1.0,
      "FadeOutTime": -1.0,
      "Segments": [
        0,
        0,
        0,
        2,
        0
      ]
    },
    {
      "Target": "Parameter",
      "Id": "ParamHandR2Display",
      "FadeInTime": -1.0,
      "FadeOutTime": -1.0,
      "Segments": [
        0,
        0,
        0,
        2,
        0
      ]
    },
    {
      "Target": "Parameter",
      "Id": "ParamHandR4Display",
      "FadeInTime": -1.0,
      "FadeOutTime": -1.0,
      "Segments": [
        0,
        0,
        0,
        2,
        0
      ]
    },
    {
      "Target": "Parameter",
      "Id": "ParamHandR5Display",
      "FadeInTime": -1.0,
      "FadeOutTime": -1.0,
      "Segments": [
        0,
        0,
        0,
        2,
        0
      ]
    },
    {
      "Target": "Parameter",
      "Id": "NULL6",
      "FadeInTime": -1.0,
      "FadeOutTime": -1.0,
      "Segments": [
        0,
        0,
        0,
        2,
        0
      ]
    },
    {
      "Target": "Parameter",
      "Id": "ParamArmR_X",
      "FadeInTime": -1.0,
      "FadeOutTime": -1.0,
      "Segments": [
        0,
        0,
        0,
        2,
        0
      ]
    },
    {
      "Target": "Parameter",
      "Id": "ParamArmR_Y",
      "FadeInTime": -1.0,
      "FadeOutTime": -1.0,
      "Segments": [
        0,
        0,
        0,
        2,
        0
      ]
    },
    {
      "Target": "Parameter",
      "Id": "ParamLegR_Drag",
      "FadeInTime": -1.0,
      "FadeOutTime": -1.0,
      "Segments": [
        0,
        0,
        0,
        2,
        0
      ]
    },
    {
      "Target": "Parameter",
      "Id": "ParamLegLAngleY",
      "FadeInTime": -1.0,
      "FadeOutTime": -1.0,
      "Segments": [
        0,
        0,
        0,
        2,
        0
      ]
    },
    {
      "Target": "Parameter",
      "Id": "NULL01",
      "FadeInTime": -1.0,
      "FadeOutTime": -1.0,
      "Segments": [
        0,
        0,
        0,
        2,
        0
      ]
    },
    {
      "Target": "Parameter",
      "Id": "ParamLegRAngleY",
      "FadeInTime": -1.0,
      "FadeOutTime": -1.0,
      "Segments": [
        0,
        0,
        0,
        2,
        0
      ]
    },
    {
      "Target": "Parameter",
      "Id": "NULL09",
      "FadeInTime": -1.0,
      "FadeOutTime": -1.0,
      "Segments": [
        0,
        0,
        0,
        2,
        0
      ]
    },
    {
      "Target": "Parameter",
      "Id": "ParamEyeBallX",
      "FadeInTime": -1.0,
      "FadeOutTime": -1.0,
      "Segments": [
        0,
        0,
        0,
        2,
        0
      ]
    },
    {
      "Target": "Parameter",
      "Id": "ParamEyeBallY",
      "FadeInTime": -1.0,
      "FadeOutTime": -1.0,
      "Segments": [
        0,
        0,
        0,
        2,
        0
      ]
    },
    {
      "Target": "Parameter",
      "Id": "NULL08",
      "FadeInTime": -1.0,
      "FadeOutTime": -1.0,
      "Segments": [
        0,
        0,
        0,
        2,
        0
      ]
    },
    {
      "Target": "Parameter",
      "Id": "ParamTeeth",
      "FadeInTime": -1.0,
      "FadeOutTime": -1.0,
      "Segments": [
        0,
        0,
        0,
        2,
        0
      ]
    },
    {
      "Target": "Parameter",
      "Id": "NULL9",
      "FadeInTime": -1.0,
      "FadeOutTime": -1.0,
      "Segments": [
        0,
        0,
        0,
        2,
        0
      ]
    },
    {
      "Target": "Parameter",
      "Id": "ParamHeat",
      "FadeInTime": -1.0,
      "FadeOutTime": -1.0,
      "Segments": [
        0,
        0,
        0,
        2,
        0
      ]
    },
    {
      "Target": "Parameter",
      "Id": "NULL15",
      "FadeInTime": -1.0,
      "FadeOutTime": -1.0,
      "Segments": [
        0,
        0,
        0,
        2,
        0
      ]
    },
    {
      "Target": "Parameter",
      "Id": "Param28",
      "FadeInTime": -1.0,
      "FadeOutTime": -1.0,
      "Segments": [
        0,
        0,
        0,
        2,
        0
      ]
    },
    {
      "Target": "Parameter",
      "Id": "Param5",
      "FadeInTime": -1.0,
      "FadeOutTime": -1.0,
      "Segments": [
        0,
        0,
        0,
        2,
        0
      ]
    },
    {
      "Target": "Parameter",
      "Id": "Param26",
      "FadeInTime": -1.0,
      "FadeOutTime": -1.0,
      "Segments": [
        0,
        0,
        0,
        2,
        0
      ]
    },
    {
      "Target": "Parameter",
      "Id": "Param27",
      "FadeInTime": -1.0,
      "FadeOutTime": -1.0,
      "Segments": [
        0,
        0,
        0,
        2,
        0
      ]
    }
  ],
  "UserData": [
    {
      "Time": 0.0,
      "Value": ""
    },
    {
      "Time": 0.25,
      "Value": ""
    },
    {
      "Time": 1.5,
      "Value": ""
    }
  ]
}