{
  "Version": 3,
  "Meta": {
    "Duration": 5.417,
    "Fps": 60.0,
    "Loop": true,
    "AreBeziersRestricted": true,
    "FadeInTime": 0.0,
    "FadeOutTime": 0.0,
    "CurveCount": 187,
    "TotalSegmentCount": 921,
    "TotalPointCount": 1185,
    "UserDataCount": 3,
    "TotalUserDataSize": 0
  },
  "Curves": [
    {
      "Target": "Parameter",
      "Id": "ParamForearmLLayer",
      "FadeInTime": -1.0,
      "FadeOutTime": -1.0,
      "Segments": [
        0,
        0,
        0,
        0.333,
        9.96,
        2,
        0.917,
        9.96,
        2,
        5.15,
        9.96,
        0,
        5.417,
        0
      ]
    },
    {
      "Target": "Parameter",
      "Id": "ParamForearmLLayer2",
      "FadeInTime": -1.0,
      "FadeOutTime": -1.0,
      "Segments": [
        0,
        0,
        0,
        0.333,
        17.07,
        2,
        0.917,
        17.07,
        2,
        5.15,
        17.07,
        0,
        5.417,
        0
      ]
    },
    {
      "Target": "Parameter",
      "Id": "ParamArmLAngle",
      "FadeInTime": -1.0,
      "FadeOutTime": -1.0,
      "Segments": [
        0,
        0,
        1,
        0.111,
        0,
        0.222,
        2.798,
        0.333,
        2.96,
        1,
        0.528,
        3.244,
        0.722,
        3.24,
        0.917,
        3.24,
        1,
        1.095,
        3.24,
        1.272,
        2.613,
        1.45,
        0.6,
        1,
        1.661,
        -1.791,
        1.872,
        -3.482,
        2.083,
        -3.482,
        1,
        2.278,
        -3.482,
        2.472,
        -2.311,
        2.667,
        -2.12,
        1,
        3.278,
        -1.519,
        3.889,
        -1.249,
        4.5,
        -0.68,
        1,
        4.806,
        -0.395,
        5.111,
        0,
        5.417,
        0
      ]
    },
    {
      "Target": "Parameter",
      "Id": "ParamForearmLAngle",
      "FadeInTime": -1.0,
      "FadeOutTime": -1.0,
      "Segments": [
        0,
        0,
        1,
        0.15,
        0,
        0.3,
        15.367,
        0.45,
        16.74,
        1,
        0.644,
        18.52,
        0.839,
        18.171,
        1.033,
        19.98,
        1,
        1.211,
        21.634,
        1.389,
        38.086,
        1.567,
        40.41,
        1,
        1.972,
        45.711,
        2.378,
        46.62,
        2.783,
        46.62,
        1,
        3.022,
        46.62,
        3.261,
        46.646,
        3.5,
        46.17,
        1,
        3.694,
        45.783,
        3.889,
        44.098,
        4.083,
        44.098,
        0,
        4.617,
        46.62,
        0,
        5.417,
        0
      ]
    },
    {
      "Target": "Parameter",
      "Id": "ParamArmLStretch2",
      "FadeInTime": -1.0,
      "FadeOutTime": -1.0,
      "Segments": [
        0,
        0,
        0,
        0.45,
        6.36,
        2,
        1.033,
        6.36,
        0,
        1.367,
        -5.076,
        0,
        1.567,
        14.46,
        0,
        2.783,
        13.74,
        2,
        4.617,
        13.74,
        0,
        5.017,
        -19,
        0,
        5.417,
        0
      ]
    },
    {
      "Target": "Parameter",
      "Id": "ParamHandLAngle",
      "FadeInTime": -1.0,
      "FadeOutTime": -1.0,
      "Segments": [
        0,
        0,
        0,
        0.3,
        -11.29,
        0,
        0.583,
        15.06,
        0,
        1.167,
        9.9,
        0,
        1.5,
        23.653,
        1,
        1.567,
        23.653,
        1.633,
        19.597,
        1.7,
        18.96,
        1,
        2.106,
        15.082,
        2.511,
        13.8,
        2.917,
        13.8,
        1,
        3.111,
        13.8,
        3.306,
        15.086,
        3.5,
        16.451,
        1,
        3.694,
        17.816,
        3.889,
        18.12,
        4.083,
        18.12,
        1,
        4.305,
        18.12,
        4.528,
        17.855,
        4.75,
        13.68,
        1,
        4.878,
        11.28,
        5.005,
        -2,
        5.133,
        -2,
        0,
        5.417,
        0
      ]
    },
    {
      "Target": "Parameter",
      "Id": "ParamHandLREDisplay",
      "FadeInTime": -1.0,
      "FadeOutTime": -1.0,
      "Segments": [
        0,
        1,
        2,
        0.2,
        1,
        2,
        0.217,
        0,
        2,
        5.1,
        0,
        2,
        5.117,
        1,
        2,
        5.417,
        1
      ]
    },
    {
      "Target": "Parameter",
      "Id": "ParamHandL2Display",
      "FadeInTime": -1.0,
      "FadeOutTime": -1.0,
      "Segments": [
        0,
        0,
        2,
        0.2,
        0,
        2,
        0.217,
        1,
        2,
        5.1,
        1,
        2,
        5.117,
        0,
        2,
        5.417,
        0
      ]
    },
    {
      "Target": "Parameter",
      "Id": "ParamForearmRLayer",
      "FadeInTime": -1.0,
      "FadeOutTime": -1.0,
      "Segments": [
        0,
        0,
        2,
        0.5,
        0,
        1,
        0.644,
        0,
        0.789,
        0.099,
        0.933,
        0.32,
        1,
        0.939,
        0.329,
        0.944,
        11,
        0.95,
        11,
        2,
        4.867,
        11,
        0,
        4.95,
        0,
        2,
        5.417,
        0
      ]
    },
    {
      "Target": "Parameter",
      "Id": "ParamForearmRLayer2",
      "FadeInTime": -1.0,
      "FadeOutTime": -1.0,
      "Segments": [
        0,
        0,
        2,
        0.5,
        0,
        1,
        0.644,
        0,
        0.789,
        0.179,
        0.933,
        0.58,
        1,
        0.939,
        0.595,
        0.944,
        20,
        0.95,
        20,
        2,
        4.867,
        20,
        0,
        4.95,
        0,
        2,
        5.417,
        0
      ]
    },
    {
      "Target": "Parameter",
      "Id": "ParamArmRAngleZ",
      "FadeInTime": -1.0,
      "FadeOutTime": -1.0,
      "Segments": [
        0,
        0,
        0,
        0.5,
        -1.76,
        2,
        0.917,
        -1.76,
        1,
        0.972,
        -1.76,
        1.028,
        -2.256,
        1.083,
        -2.463,
        1,
        1.305,
        -3.29,
        1.528,
        -3.957,
        1.75,
        -4.64,
        1,
        1.944,
        -5.238,
        2.139,
        -5.48,
        2.333,
        -5.48,
        0,
        2.917,
        -4.64,
        0,
        3.5,
        -5.48,
        0,
        4.083,
        -4.64,
        0,
        4.5,
        -5.48,
        0,
        5.217,
        0,
        2,
        5.417,
        0
      ]
    },
    {
      "Target": "Parameter",
      "Id": "ParamArmRStretch",
      "FadeInTime": -1.0,
      "FadeOutTime": -1.0,
      "Segments": [
        0,
        0,
        0,
        0.75,
        11.1,
        0,
        1.117,
        0,
        2,
        5.417,
        0
      ]
    },
    {
      "Target": "Parameter",
      "Id": "ParamForearmRAngle",
      "FadeInTime": -1.0,
      "FadeOutTime": -1.0,
      "Segments": [
        0,
        0,
        0,
        0.617,
        23.76,
        0,
        1.033,
        14.49,
        0,
        1.867,
        68.22,
        0,
        2.45,
        67.05,
        0,
        3.033,
        68.22,
        0,
        3.617,
        67.05,
        0,
        4.2,
        68.22,
        1,
        4.339,
        68.22,
        4.478,
        67.222,
        4.617,
        65,
        2,
        4.633,
        -25,
        0,
        5.217,
        0,
        2,
        5.417,
        0
      ]
    },
    {
      "Target": "Parameter",
      "Id": "ParamHandRStretch",
      "FadeInTime": -1.0,
      "FadeOutTime": -1.0,
      "Segments": [
        0,
        0,
        0,
        0.75,
        -7.26,
        1,
        0.844,
        -7.26,
        0.939,
        -7.519,
        1.033,
        0,
        1,
        1.183,
        11.942,
        1.333,
        30,
        1.483,
        30,
        0,
        1.867,
        0,
        2,
        2.45,
        0,
        2,
        3.033,
        0,
        2,
        3.617,
        0,
        2,
        4.2,
        0,
        2,
        4.617,
        0,
        0,
        4.917,
        21,
        0,
        5.417,
        0
      ]
    },
    {
      "Target": "Parameter",
      "Id": "Param3",
      "FadeInTime": -1.0,
      "FadeOutTime": -1.0,
      "Segments": [
        0,
        0,
        2,
        0.6,
        0,
        0,
        1,
        -30,
        2,
        4.8,
        -30,
        0,
        5.083,
        0,
        2,
        5.417,
        0
      ]
    },
    {
      "Target": "Parameter",
      "Id": "ParamArmR",
      "FadeInTime": -1.0,
      "FadeOutTime": -1.0,
      "Segments": [
        0,
        0,
        2,
        0.583,
        0,
        1,
        0.589,
        0,
        0.594,
        19,
        0.6,
        19,
        1,
        0.822,
        19,
        1.045,
        19.418,
        1.267,
        17,
        1,
        1.511,
        14.34,
        1.756,
        0,
        2,
        0,
        2,
        5.417,
        0
      ]
    },
    {
      "Target": "Parameter",
      "Id": "ParamHandRAngle",
      "FadeInTime": -1.0,
      "FadeOutTime": -1.0,
      "Segments": [
        0,
        0,
        2,
        0.75,
        0,
        1,
        0.844,
        0,
        0.939,
        -3.677,
        1.033,
        -7.08,
        1,
        1.355,
        -18.69,
        1.678,
        -23.22,
        2,
        -23.22,
        0,
        2.583,
        -20.4,
        0,
        3.167,
        -23.22,
        0,
        3.75,
        -20.4,
        0,
        4.333,
        -23.22,
        1,
        4.472,
        -23.22,
        4.611,
        -23.675,
        4.75,
        -20.4,
        1,
        4.906,
        -16.733,
        5.061,
        0,
        5.217,
        0,
        2,
        5.417,
        0
      ]
    },
    {
      "Target": "Parameter",
      "Id": "ParamHandRAnimation",
      "FadeInTime": -1.0,
      "FadeOutTime": -1.0,
      "Segments": [
        0,
        0,
        2,
        1.167,
        0,
        0,
        2,
        30,
        2,
        2.583,
        30,
        2,
        3.167,
        30,
        2,
        3.75,
        30,
        2,
        4.333,
        30,
        2,
        4.75,
        30,
        2,
        4.867,
        30,
        2,
        4.883,
        0,
        2,
        5.417,
        0
      ]
    },
    {
      "Target": "Parameter",
      "Id": "ParamHandRREDisplay",
      "FadeInTime": -1.0,
      "FadeOutTime": -1.0,
      "Segments": [
        0,
        1,
        2,
        0.583,
        1,
        0,
        0.6,
        0,
        2,
        1.167,
        0,
        2,
        4.867,
        0,
        2,
        4.883,
        1,
        2,
        5.417,
        1
      ]
    },
    {
      "Target": "Parameter",
      "Id": "ParamHandR2Display",
      "FadeInTime": -1.0,
      "FadeOutTime": -1.0,
      "Segments": [
        0,
        0,
        2,
        0.583,
        0,
        0,
        0.6,
        1,
        2,
        1.5,
        1,
        0,
        1.667,
        0,
        2,
        5.417,
        0
      ]
    },
    {
      "Target": "Parameter",
      "Id": "ParamHandR4Display",
      "FadeInTime": -1.0,
      "FadeOutTime": -1.0,
      "Segments": [
        0,
        0,
        2,
        0.75,
        0,
        2,
        1.417,
        0,
        0,
        1.583,
        1,
        2,
        4.867,
        1,
        2,
        4.883,
        0,
        2,
        5.417,
        0
      ]
    },
    {
      "Target": "Parameter",
      "Id": "ParamLegLAngleX",
      "FadeInTime": -1.0,
      "FadeOutTime": -1.0,
      "Segments": [
        0,
        0,
        0,
        0.917,
        -18.72,
        0,
        1.75,
        0,
        0,
        2.317,
        -18.226,
        0,
        2.8,
        2.084,
        0,
        3.3,
        -19.355,
        0,
        4.083,
        0,
        0,
        4.667,
        -10.89,
        0,
        5.417,
        0
      ]
    },
    {
      "Target": "Parameter",
      "Id": "ParamLegLAngleY",
      "FadeInTime": -1.0,
      "FadeOutTime": -1.0,
      "Segments": [
        0,
        0,
        0,
        0.5,
        13.98,
        2,
        0.917,
        13.98,
        2,
        4.083,
        13.98,
        0,
        5.417,
        0
      ]
    },
    {
      "Target": "Parameter",
      "Id": "ParamLegRAngleX",
      "FadeInTime": -1.0,
      "FadeOutTime": -1.0,
      "Segments": [
        0,
        0,
        0,
        0.467,
        25.484,
        0,
        0.917,
        0,
        1,
        1.195,
        0,
        1.472,
        7.25,
        1.75,
        17.984,
        1,
        1.939,
        25.283,
        2.128,
        27.5,
        2.317,
        27.5,
        0,
        2.8,
        19.601,
        0,
        3.3,
        27.5,
        1,
        3.561,
        27.5,
        3.822,
        26.946,
        4.083,
        17.984,
        1,
        4.278,
        11.31,
        4.472,
        -8.19,
        4.667,
        -8.19,
        0,
        5.417,
        0
      ]
    },
    {
      "Target": "Parameter",
      "Id": "ParamLegRAngleY",
      "FadeInTime": -1.0,
      "FadeOutTime": -1.0,
      "Segments": [
        0,
        0,
        2,
        0.917,
        0,
        0,
        1.35,
        18.84,
        0,
        1.75,
        0,
        2,
        4.083,
        0,
        2,
        5.417,
        0
      ]
    },
    {
      "Target": "Parameter",
      "Id": "ParamAngleX",
      "FadeInTime": -1.0,
      "FadeOutTime": -1.0,
      "Segments": [
        0,
        0,
        0,
        0.15,
        -4.51,
        0,
        0.55,
        2.175,
        0,
        0.983,
        -6.362,
        0,
        2.017,
        0,
        0,
        2.7,
        -6.36,
        0,
        3.333,
        -0.162,
        0,
        4.083,
        -7.087,
        0,
        5.417,
        0
      ]
    },
    {
      "Target": "Parameter",
      "Id": "ParamAngleY",
      "FadeInTime": -1.0,
      "FadeOutTime": -1.0,
      "Segments": [
        0,
        0,
        0,
        0.25,
        -11.436,
        1,
        0.411,
        -11.436,
        0.572,
        8.186,
        0.733,
        22.872,
        1,
        0.816,
        30,
        0.9,
        30,
        0.983,
        30,
        1,
        1.116,
        30,
        1.25,
        -19.501,
        1.383,
        -22.792,
        1,
        1.561,
        -27.18,
        1.739,
        -26.956,
        1.917,
        -26.956,
        0,
        2.45,
        -16.682,
        0,
        3.033,
        -27.986,
        0,
        3.583,
        -17.96,
        0,
        4.267,
        -30,
        0,
        4.9,
        7.86,
        0,
        5.417,
        0
      ]
    },
    {
      "Target": "Parameter",
      "Id": "ParamAngleZ",
      "FadeInTime": -1.0,
      "FadeOutTime": -1.0,
      "Segments": [
        0,
        0,
        0,
        0.483,
        -14.674,
        0,
        1.217,
        4.647,
        0,
        2.067,
        -5.014,
        0,
        3.083,
        3.363,
        0,
        3.683,
        -3.118,
        0,
        4.083,
        1.467,
        0,
        4.617,
        -4.158,
        0,
        5.417,
        0
      ]
    },
    {
      "Target": "Parameter",
      "Id": "ParamBodyAngleX",
      "FadeInTime": -1.0,
      "FadeOutTime": -1.0,
      "Segments": [
        0,
        0,
        0,
        0.433,
        6.24,
        1,
        0.655,
        6.24,
        0.878,
        3.021,
        1.1,
        0.04,
        1,
        1.378,
        -3.687,
        1.655,
        -4.538,
        1.933,
        -4.538,
        0,
        2.4,
        2.826,
        0,
        3.017,
        -4.375,
        0,
        3.5,
        2.745,
        0,
        3.917,
        -2.527,
        0,
        4.3,
        3.043,
        0,
        4.917,
        -6.957,
        0,
        5.417,
        0
      ]
    },
    {
      "Target": "Parameter",
      "Id": "ParamBodyAngleY",
      "FadeInTime": -1.0,
      "FadeOutTime": -1.0,
      "Segments": [
        0,
        0,
        0,
        0.217,
        -0.516,
        0,
        0.467,
        1.44,
        0,
        1.817,
        -6.685,
        0,
        2.417,
        -5.389,
        0,
        3.017,
        -6.873,
        0,
        3.55,
        -5.489,
        0,
        4.217,
        -6.685,
        0,
        5.417,
        0
      ]
    },
    {
      "Target": "Parameter",
      "Id": "ParamBodyStretch",
      "FadeInTime": -1.0,
      "FadeOutTime": -1.0,
      "Segments": [
        0,
        0,
        0,
        0.167,
        -0.788,
        0,
        0.367,
        2.255,
        1,
        0.584,
        2.255,
        0.8,
        0.655,
        1.017,
        -0.52,
        1,
        1.295,
        -2.027,
        1.572,
        -2.28,
        1.85,
        -2.28,
        0,
        2.35,
        -1,
        0,
        2.9,
        -2.517,
        0,
        3.417,
        -1.159,
        0,
        4.183,
        -2.28,
        0,
        4.783,
        0.978,
        0,
        5.417,
        0
      ]
    },
    {
      "Target": "Parameter",
      "Id": "ParamBodyUp",
      "FadeInTime": -1.0,
      "FadeOutTime": -1.0,
      "Segments": [
        0,
        0,
        0,
        0.25,
        7.65,
        1,
        0.472,
        7.65,
        0.695,
        6.15,
        0.917,
        3.93,
        1,
        1.195,
        1.155,
        1.472,
        0.09,
        1.75,
        0.09,
        0,
        2.25,
        2.17,
        0,
        2.767,
        0,
        0,
        3.267,
        2.416,
        0,
        3.717,
        0,
        1,
        3.85,
        0,
        3.984,
        0,
        4.117,
        0.897,
        1,
        4.3,
        2.465,
        4.484,
        8.016,
        4.667,
        8.016,
        0,
        5.417,
        0
      ]
    },
    {
      "Target": "Parameter",
      "Id": "ParamShoulderLStretch",
      "FadeInTime": -1.0,
      "FadeOutTime": -1.0,
      "Segments": [
        0,
        0,
        0,
        0.45,
        2.8,
        1,
        0.672,
        2.8,
        0.895,
        1.405,
        1.117,
        0,
        1,
        1.395,
        -1.756,
        1.672,
        -2.2,
        1.95,
        -2.2,
        2,
        4.333,
        -2.2,
        0,
        4.917,
        2.6,
        0,
        5.417,
        0
      ]
    },
    {
      "Target": "Parameter",
      "Id": "ParamShoulderRStretch",
      "FadeInTime": -1.0,
      "FadeOutTime": -1.0,
      "Segments": [
        0,
        0,
        0,
        0.45,
        3.7,
        1,
        0.672,
        3.7,
        0.895,
        1.627,
        1.117,
        0,
        1,
        1.395,
        -2.034,
        1.672,
        -2.4,
        1.95,
        -2.4,
        2,
        4.333,
        -2.4,
        0,
        4.917,
        3.06,
        0,
        5.417,
        0
      ]
    },
    {
      "Target": "Parameter",
      "Id": "ParamLowerBodyX",
      "FadeInTime": -1.0,
      "FadeOutTime": -1.0,
      "Segments": [
        0,
        0,
        0,
        0.333,
        -6,
        0,
        1,
        0,
        0,
        1.833,
        -8.125,
        0,
        2.35,
        6.522,
        0,
        2.9,
        -7.853,
        0,
        3.4,
        4.81,
        0,
        3.883,
        -8.043,
        0,
        4.2,
        0.815,
        0,
        4.833,
        -10,
        0,
        5.417,
        0
      ]
    },
    {
      "Target": "Parameter",
      "Id": "ParamChestZ",
      "FadeInTime": -1.0,
      "FadeOutTime": -1.0,
      "Segments": [
        0,
        0,
        0,
        0.417,
        4,
        1,
        0.639,
        4,
        0.861,
        0.371,
        1.083,
        -1.94,
        1,
        1.361,
        -4.828,
        1.639,
        -5.197,
        1.917,
        -5.197,
        1,
        2.122,
        -5.197,
        2.328,
        -3.482,
        2.533,
        -1.82,
        1,
        2.683,
        -0.607,
        2.833,
        -0.48,
        2.983,
        -0.48,
        0,
        3.567,
        -2.045,
        1,
        3.695,
        -2.045,
        3.822,
        -0.869,
        3.95,
        -0.717,
        1,
        4.439,
        -0.136,
        4.928,
        0,
        5.417,
        0
      ]
    },
    {
      "Target": "Parameter",
      "Id": "ParamWaistZ",
      "FadeInTime": -1.0,
      "FadeOutTime": -1.0,
      "Segments": [
        0,
        0,
        0,
        0.333,
        -4,
        0,
        1,
        2.44,
        0,
        1.833,
        -7.31,
        0,
        2.417,
        -4.158,
        0,
        2.883,
        -7.226,
        0,
        3.417,
        -4.318,
        0,
        3.883,
        -7.131,
        1,
        4.189,
        -7.131,
        4.494,
        -4.779,
        4.8,
        -2.092,
        1,
        5.006,
        -0.284,
        5.211,
        0,
        5.417,
        0
      ]
    },
    {
      "Target": "Parameter",
      "Id": "ParamButtZ",
      "FadeInTime": -1.0,
      "FadeOutTime": -1.0,
      "Segments": [
        0,
        0,
        0,
        0.25,
        6,
        0,
        0.917,
        -10,
        0,
        1.75,
        7.038,
        0,
        2.25,
        -8.125,
        0,
        2.767,
        6.984,
        0,
        3.267,
        -7.821,
        0,
        3.717,
        1.007,
        0,
        4.083,
        -2.636,
        0,
        4.667,
        7,
        0,
        5.417,
        0
      ]
    },
    {
      "Target": "Parameter",
      "Id": "Param6",
      "FadeInTime": -1.0,
      "FadeOutTime": -1.0,
      "Segments": [
        0,
        0,
        0,
        0.367,
        19,
        1,
        0.589,
        19,
        0.811,
        14.723,
        1.033,
        8,
        1,
        1.311,
        -0.404,
        1.589,
        -10.427,
        1.867,
        -15.652,
        1,
        2.011,
        -18.369,
        2.156,
        -18.149,
        2.3,
        -18.149,
        0,
        2.833,
        -11.821,
        0,
        3.35,
        -18.197,
        0,
        3.8,
        -14.201,
        0,
        4.25,
        -17.8,
        0,
        4.833,
        15,
        0,
        5.417,
        0
      ]
    },
    {
      "Target": "Parameter",
      "Id": "ParamBrowLAngle",
      "FadeInTime": -1.0,
      "FadeOutTime": -1.0,
      "Segments": [
        0,
        0,
        2,
        1.1,
        0,
        0,
        1.65,
        -0.3,
        2,
        3.833,
        -0.3,
        0,
        5.417,
        0
      ]
    },
    {
      "Target": "Parameter",
      "Id": "ParamBrowLForm",
      "FadeInTime": -1.0,
      "FadeOutTime": -1.0,
      "Segments": [
        0,
        0,
        2,
        1.1,
        0,
        0,
        1.65,
        -0.7,
        2,
        3.833,
        -0.7,
        0,
        5.417,
        0
      ]
    },
    {
      "Target": "Parameter",
      "Id": "ParamBrowRAngle",
      "FadeInTime": -1.0,
      "FadeOutTime": -1.0,
      "Segments": [
        0,
        0,
        2,
        1.1,
        0,
        0,
        1.65,
        -0.3,
        2,
        3.833,
        -0.3,
        0,
        5.417,
        0
      ]
    },
    {
      "Target": "Parameter",
      "Id": "ParamBrowRForm",
      "FadeInTime": -1.0,
      "FadeOutTime": -1.0,
      "Segments": [
        0,
        0,
        2,
        1.1,
        0,
        0,
        1.65,
        -0.6,
        2,
        3.833,
        -0.6,
        0,
        5.417,
        0
      ]
    },
    {
      "Target": "Parameter",
      "Id": "ParamEyeLOpen",
      "FadeInTime": -1.0,
      "FadeOutTime": -1.0,
      "Segments": [
        0,
        1,
        2,
        0.3,
        1,
        0,
        0.55,
        0,
        2,
        0.95,
        0,
        0,
        1.2,
        1,
        0,
        1.45,
        0.9,
        2,
        3.75,
        0.9,
        0,
        4.25,
        1,
        0,
        4.433,
        0,
        2,
        4.7,
        0,
        0,
        5.217,
        1,
        2,
        5.417,
        1
      ]
    },
    {
      "Target": "Parameter",
      "Id": "ParamEyeROpen",
      "FadeInTime": -1.0,
      "FadeOutTime": -1.0,
      "Segments": [
        0,
        1,
        2,
        0.3,
        1,
        0,
        0.55,
        0,
        2,
        0.95,
        0,
        0,
        1.2,
        1,
        0,
        1.45,
        0.9,
        2,
        3.75,
        0.9,
        0,
        4.25,
        1,
        0,
        4.433,
        0,
        2,
        4.7,
        0,
        0,
        5.217,
        1,
        2,
        5.417,
        1
      ]
    },
    {
      "Target": "Parameter",
      "Id": "ParamEyeformL",
      "FadeInTime": -1.0,
      "FadeOutTime": -1.0,
      "Segments": [
        0,
        0,
        0,
        0.3,
        0.5,
        0,
        0.617,
        -0.6,
        0,
        1.2,
        0,
        0,
        1.45,
        -0.3,
        1,
        2.217,
        -0.3,
        2.983,
        -0.291,
        3.75,
        -0.2,
        1,
        4.05,
        -0.164,
        4.35,
        0.9,
        4.65,
        0.9,
        0,
        5.217,
        0,
        2,
        5.417,
        0
      ]
    },
    {
      "Target": "Parameter",
      "Id": "ParamEyeformR",
      "FadeInTime": -1.0,
      "FadeOutTime": -1.0,
      "Segments": [
        0,
        0,
        0,
        0.3,
        0.5,
        0,
        0.617,
        -0.7,
        0,
        1.2,
        0,
        0,
        1.45,
        -0.3,
        1,
        2.217,
        -0.3,
        2.983,
        -0.291,
        3.75,
        -0.2,
        1,
        4.05,
        -0.164,
        4.35,
        0.8,
        4.65,
        0.8,
        0,
        5.217,
        0,
        2,
        5.417,
        0
      ]
    },
    {
      "Target": "Parameter",
      "Id": "ParamEyeLsize",
      "FadeInTime": -1.0,
      "FadeOutTime": -1.0,
      "Segments": [
        0,
        0,
        0,
        0.3,
        0.7,
        0,
        0.55,
        0,
        2,
        5.417,
        0
      ]
    },
    {
      "Target": "Parameter",
      "Id": "ParamEyeRsize",
      "FadeInTime": -1.0,
      "FadeOutTime": -1.0,
      "Segments": [
        0,
        0,
        0,
        0.3,
        0.7,
        0,
        0.55,
        0,
        2,
        5.417,
        0
      ]
    },
    {
      "Target": "Parameter",
      "Id": "ParamEyeBallX",
      "FadeInTime": -1.0,
      "FadeOutTime": -1.0,
      "Segments": [
        0,
        0,
        2,
        0.55,
        0,
        2,
        1.5,
        0,
        0,
        1.833,
        -0.4,
        2,
        2.233,
        -0.4,
        1,
        2.355,
        -0.4,
        2.478,
        0.299,
        2.6,
        0.3,
        1,
        2.717,
        0.301,
        2.833,
        0.301,
        2.95,
        0.301,
        0,
        3.383,
        -0.5,
        1,
        3.844,
        -0.5,
        4.306,
        -0.486,
        4.767,
        -0.4,
        1,
        4.917,
        -0.372,
        5.067,
        0,
        5.217,
        0,
        2,
        5.417,
        0
      ]
    },
    {
      "Target": "Parameter",
      "Id": "ParamEyeBallY",
      "FadeInTime": -1.0,
      "FadeOutTime": -1.0,
      "Segments": [
        0,
        0,
        0,
        0.3,
        -0.402,
        0,
        0.55,
        0,
        2,
        1.5,
        0,
        0,
        1.833,
        -0.4,
        2,
        2.233,
        -0.4,
        2,
        2.6,
        -0.4,
        1,
        2.717,
        -0.4,
        2.833,
        -0.363,
        2.95,
        -0.304,
        1,
        3.094,
        -0.231,
        3.239,
        -0.2,
        3.383,
        -0.2,
        0,
        4.767,
        -0.4,
        0,
        5.217,
        0,
        2,
        5.417,
        0
      ]
    },
    {
      "Target": "Parameter",
      "Id": "ParamMouth",
      "FadeInTime": -1.0,
      "FadeOutTime": -1.0,
      "Segments": [
        0,
        0,
        0,
        0.467,
        30,
        2,
        0.683,
        30,
        2,
        1.133,
        30,
        2,
        1.317,
        30,
        2,
        1.483,
        30,
        2,
        1.633,
        30,
        0,
        1.717,
        0,
        1,
        1.761,
        0,
        1.806,
        1.416,
        1.85,
        10,
        1,
        1.9,
        19.656,
        1.95,
        30,
        2,
        30,
        2,
        2.667,
        30,
        0,
        2.733,
        17,
        0,
        2.917,
        30,
        2,
        2.983,
        30,
        2,
        3.083,
        30,
        2,
        3.167,
        30,
        2,
        3.3,
        30,
        1,
        3.361,
        30,
        3.422,
        27.812,
        3.483,
        22,
        1,
        3.511,
        19.358,
        3.539,
        17,
        3.567,
        17,
        0,
        3.667,
        30,
        2,
        3.783,
        30,
        1,
        3.822,
        30,
        3.861,
        25.286,
        3.9,
        22,
        1,
        3.95,
        17.775,
        4,
        17,
        4.05,
        17,
        0,
        4.167,
        30,
        2,
        4.3,
        30,
        0,
        5.417,
        0
      ]
    },
    {
      "Target": "Parameter",
      "Id": "ParamMouthForm",
      "FadeInTime": -1.0,
      "FadeOutTime": -1.0,
      "Segments": [
        0,
        0,
        0,
        0.267,
        0.8,
        0,
        0.467,
        0.6,
        2,
        0.683,
        0.6,
        0,
        0.867,
        0.4,
        2,
        0.917,
        0.4,
        0,
        1.133,
        0.6,
        0,
        1.317,
        0.2,
        1,
        1.372,
        0.2,
        1.428,
        0.389,
        1.483,
        0.5,
        1,
        1.533,
        0.6,
        1.583,
        0.6,
        1.633,
        0.6,
        0,
        1.717,
        -0.1,
        0,
        1.85,
        0.3,
        2,
        2,
        0.3,
        2,
        2.667,
        0.3,
        0,
        2.733,
        -0.6,
        1,
        2.794,
        -0.6,
        2.856,
        0.245,
        2.917,
        0.5,
        1,
        2.939,
        0.593,
        2.961,
        0.547,
        2.983,
        0.6,
        1,
        3.016,
        0.68,
        3.05,
        0.8,
        3.083,
        0.8,
        1,
        3.111,
        0.8,
        3.139,
        0.679,
        3.167,
        0.6,
        1,
        3.211,
        0.474,
        3.256,
        0.382,
        3.3,
        0.3,
        1,
        3.361,
        0.187,
        3.422,
        0.138,
        3.483,
        0,
        1,
        3.511,
        -0.063,
        3.539,
        -0.6,
        3.567,
        -0.6,
        1,
        3.6,
        -0.6,
        3.634,
        0.215,
        3.667,
        0.4,
        1,
        3.706,
        0.615,
        3.744,
        0.6,
        3.783,
        0.6,
        1,
        3.822,
        0.6,
        3.861,
        0.345,
        3.9,
        0,
        1,
        3.95,
        -0.443,
        4,
        -0.6,
        4.05,
        -0.6,
        0,
        4.167,
        0.5,
        1,
        4.211,
        0.5,
        4.256,
        0.218,
        4.3,
        0.2,
        1,
        4.672,
        0.052,
        5.045,
        0,
        5.417,
        0
      ]
    },
    {
      "Target": "Parameter",
      "Id": "ParamMouthOpenY",
      "FadeInTime": -1.0,
      "FadeOutTime": -1.0,
      "Segments": [
        0,
        0,
        0,
        0.267,
        0.9,
        1,
        0.334,
        0.9,
        0.4,
        0.245,
        0.467,
        0.2,
        1,
        0.539,
        0.152,
        0.611,
        0.16,
        0.683,
        0.121,
        1,
        0.744,
        0.088,
        0.806,
        0,
        0.867,
        0,
        2,
        0.917,
        0,
        0,
        1.133,
        0.5,
        0,
        1.317,
        0,
        2,
        1.483,
        0,
        0,
        1.633,
        0.5,
        0,
        1.717,
        0.171,
        0,
        1.85,
        0.4,
        0,
        2,
        0,
        2,
        2.667,
        0,
        1,
        2.689,
        0,
        2.711,
        0.127,
        2.733,
        0.2,
        1,
        2.761,
        0.291,
        2.789,
        0.292,
        2.817,
        0.4,
        1,
        2.85,
        0.529,
        2.884,
        0.8,
        2.917,
        0.8,
        0,
        2.983,
        0.2,
        0,
        3.083,
        0.8,
        0,
        3.167,
        0.2,
        0,
        3.3,
        0.3,
        0,
        3.367,
        0.1,
        0,
        3.483,
        0.4,
        0,
        3.567,
        0.2,
        0,
        3.667,
        0.8,
        0,
        3.783,
        0.2,
        0,
        3.9,
        0.4,
        0,
        4.05,
        0.2,
        0,
        4.167,
        0.4,
        0,
        4.3,
        0,
        2,
        5.417,
        0
      ]
    },
    {
      "Target": "Parameter",
      "Id": "ParamTeeth",
      "FadeInTime": -1.0,
      "FadeOutTime": -1.0,
      "Segments": [
        0,
        0,
        2,
        0.267,
        0,
        0,
        0.467,
        30,
        2,
        0.683,
        30,
        2,
        0.8,
        30,
        0,
        0.867,
        0,
        2,
        0.917,
        0,
        2,
        1.633,
        0,
        0,
        1.717,
        30,
        0,
        1.85,
        0,
        2,
        2.667,
        0,
        2,
        2.733,
        0,
        2,
        2.917,
        0,
        0,
        2.983,
        30,
        0,
        3.083,
        0,
        0,
        3.167,
        30,
        0,
        3.3,
        0,
        2,
        3.483,
        0,
        2,
        3.567,
        0,
        2,
        3.667,
        0,
        0,
        3.783,
        30,
        0,
        3.9,
        0,
        2,
        4.05,
        0,
        2,
        4.167,
        0,
        2,
        4.3,
        0,
        2,
        5.417,
        0
      ]
    },
    {
      "Target": "Parameter",
      "Id": "Param_Angle_Rotation_1_Tail_D4",
      "FadeInTime": -1.0,
      "FadeOutTime": -1.0,
      "Segments": [
        0,
        -6.41,
        0,
        2.183,
        4,
        0,
        4.833,
        -7.451,
        0,
        5.417,
        -6.41
      ]
    },
    {
      "Target": "Parameter",
      "Id": "Param_Angle_Rotation_3_Tail_D4",
      "FadeInTime": -1.0,
      "FadeOutTime": -1.0,
      "Segments": [
        0,
        25,
        0,
        2.683,
        14,
        0,
        5.417,
        25
      ]
    },
    {
      "Target": "Parameter",
      "Id": "Param_Angle_Rotation_5_Tail_D4",
      "FadeInTime": -1.0,
      "FadeOutTime": -1.0,
      "Segments": [
        0,
        5.14,
        0,
        0.767,
        0.043,
        0,
        3.45,
        25.42,
        0,
        5.417,
        5.14
      ]
    },
    {
      "Target": "Parameter",
      "Id": "Param_Angle_Rotation_7_Tail_D4",
      "FadeInTime": -1.0,
      "FadeOutTime": -1.0,
      "Segments": [
        0,
        14.6,
        0,
        1.35,
        10,
        0,
        4.017,
        19,
        0,
        5.417,
        14.6
      ]
    },
    {
      "Target": "Parameter",
      "Id": "Param_Angle_Rotation_1_Tail_U4",
      "FadeInTime": -1.0,
      "FadeOutTime": -1.0,
      "Segments": [
        0,
        5.23,
        0,
        2.65,
        -10,
        0,
        5.417,
        5.23
      ]
    },
    {
      "Target": "Parameter",
      "Id": "Param_Angle_Rotation_2_Tail_U4",
      "FadeInTime": -1.0,
      "FadeOutTime": -1.0,
      "Segments": [
        0,
        11.47,
        0,
        0.417,
        15.88,
        0,
        3.1,
        -9,
        1,
        3.644,
        -9,
        4.189,
        -7.549,
        4.733,
        -0.295,
        1,
        4.961,
        2.74,
        5.189,
        11.47,
        5.417,
        11.47
      ]
    },
    {
      "Target": "Parameter",
      "Id": "Param_Angle_Rotation_3_Tail_U4",
      "FadeInTime": -1.0,
      "FadeOutTime": -1.0,
      "Segments": [
        0,
        -16.6,
        1,
        0.139,
        -16.6,
        0.278,
        -17.899,
        0.417,
        -19.322,
        1,
        0.595,
        -21.143,
        0.772,
        -23.135,
        0.95,
        -24,
        1,
        1.844,
        -28.353,
        2.739,
        -30,
        3.633,
        -30,
        0,
        4.733,
        -15.176,
        0,
        5.417,
        -16.6
      ]
    },
    {
      "Target": "Parameter",
      "Id": "Param_Angle_Rotation_4_Tail_U4",
      "FadeInTime": -1.0,
      "FadeOutTime": -1.0,
      "Segments": [
        0,
        -17.311,
        0,
        1.483,
        -5,
        0,
        4.167,
        -45,
        0,
        5.417,
        -17.311
      ]
    },
    {
      "Target": "Parameter",
      "Id": "Param_Angle_Rotation_5_Tail_U4",
      "FadeInTime": -1.0,
      "FadeOutTime": -1.0,
      "Segments": [
        0,
        -38.36,
        0,
        2.067,
        5,
        0,
        4.733,
        -45,
        0,
        5.417,
        -38.36
      ]
    },
    {
      "Target": "Parameter",
      "Id": "Param_Angle_Rotation_6_Tail_U4",
      "FadeInTime": -1.0,
      "FadeOutTime": -1.0,
      "Segments": [
        0,
        -40.22,
        0,
        0.2,
        -41.16,
        0,
        2.867,
        12.2,
        0,
        5.417,
        -40.22
      ]
    },
    {
      "Target": "Parameter",
      "Id": "Param_Angle_Rotation_7_Tail_U4",
      "FadeInTime": -1.0,
      "FadeOutTime": -1.0,
      "Segments": [
        0,
        -21.04,
        0,
        0.483,
        -26.45,
        0,
        3.167,
        32.5,
        0,
        5.417,
        -21.04
      ]
    },
    {
      "Target": "Parameter",
      "Id": "Param_Angle_Rotation_8_Tail_U4",
      "FadeInTime": -1.0,
      "FadeOutTime": -1.0,
      "Segments": [
        0,
        6.58,
        0,
        0.833,
        -8.25,
        0,
        3.517,
        54.3,
        0,
        5.417,
        6.58
      ]
    },
    {
      "Target": "Parameter",
      "Id": "Param_Angle_Rotation_9_Tail_U4",
      "FadeInTime": -1.0,
      "FadeOutTime": -1.0,
      "Segments": [
        0,
        21,
        0,
        1.2,
        3.91,
        0,
        3.867,
        44.1,
        0,
        5.417,
        21
      ]
    },
    {
      "Target": "Parameter",
      "Id": "Param_Angle_Rotation50",
      "FadeInTime": -1.0,
      "FadeOutTime": -1.0,
      "Segments": [
        0,
        27.99,
        0,
        1.617,
        3.542,
        0,
        4.283,
        40.674,
        0,
        5.417,
        27.99
      ]
    },
    {
      "Target": "Parameter",
      "Id": "Param_Angle_Rotation49",
      "FadeInTime": -1.0,
      "FadeOutTime": -1.0,
      "Segments": [
        0,
        21.02,
        0,
        1.717,
        -19.984,
        0,
        4.4,
        37.38,
        0,
        5.417,
        21.02
      ]
    },
    {
      "Target": "Parameter",
      "Id": "Hair_physics",
      "FadeInTime": -1.0,
      "FadeOutTime": -1.0,
      "Segments": [
        0,
        0,
        0,
        0.35,
        1,
        0,
        0.833,
        0,
        0,
        1.5,
        1,
        0,
        2,
        0,
        0,
        2.5,
        0.673,
        0,
        3,
        0,
        0,
        3.5,
        0.668,
        0,
        4.167,
        0,
        0,
        4.583,
        0.673,
        0,
        5.417,
        0
      ]
    },
    {
      "Target": "Parameter",
      "Id": "OP_physics",
      "FadeInTime": -1.0,
      "FadeOutTime": -1.0,
      "Segments": [
        0,
        0,
        0,
        0.35,
        1,
        0,
        0.833,
        0,
        0,
        1.5,
        1,
        0,
        2,
        0,
        0,
        2.5,
        1,
        0,
        3,
        0,
        0,
        3.5,
        1,
        0,
        4.167,
        0,
        0,
        4.583,
        1,
        0,
        5.417,
        0
      ]
    },
    {
      "Target": "Parameter",
      "Id": "ParamEye_PHY_L1",
      "FadeInTime": -1.0,
      "FadeOutTime": -1.0,
      "Segments": [
        0,
        0,
        2,
        0.3,
        0,
        0,
        0.533,
        -15.886,
        0,
        1.183,
        11.435,
        0,
        3.75,
        0.066,
        0,
        4.183,
        1.388,
        0,
        4.417,
        -15.763,
        0,
        5.183,
        9.539,
        1,
        5.261,
        9.539,
        5.339,
        9.51,
        5.417,
        9.456
      ]
    },
    {
      "Target": "Parameter",
      "Id": "ParamEye_PHY_L2",
      "FadeInTime": -1.0,
      "FadeOutTime": -1.0,
      "Segments": [
        0,
        0,
        2,
        0.3,
        0,
        0,
        0.517,
        -12.182,
        0,
        1.167,
        12.45,
        0,
        2.367,
        -0.133,
        2,
        2.383,
        -0.133,
        0,
        4.133,
        0.946,
        0,
        4.417,
        -13.178,
        0,
        5.117,
        9.376,
        1,
        5.217,
        9.376,
        5.317,
        8.763,
        5.417,
        7.849
      ]
    },
    {
      "Target": "Parameter",
      "Id": "ParamEye_PHY_R",
      "FadeInTime": -1.0,
      "FadeOutTime": -1.0,
      "Segments": [
        0,
        0,
        2,
        0.3,
        0,
        0,
        0.533,
        -15.886,
        0,
        1.183,
        11.435,
        0,
        3.75,
        0.066,
        0,
        4.183,
        1.388,
        0,
        4.417,
        -15.763,
        0,
        5.183,
        9.539,
        1,
        5.261,
        9.539,
        5.339,
        9.51,
        5.417,
        9.456
      ]
    },
    {
      "Target": "Parameter",
      "Id": "ParamEye_PHY_R2",
      "FadeInTime": -1.0,
      "FadeOutTime": -1.0,
      "Segments": [
        0,
        0,
        2,
        0.3,
        0,
        0,
        0.517,
        -12.182,
        0,
        1.167,
        12.45,
        0,
        2.367,
        -0.133,
        2,
        2.383,
        -0.133,
        0,
        4.133,
        0.946,
        0,
        4.417,
        -13.178,
        0,
        5.117,
        9.376,
        1,
        5.217,
        9.376,
        5.317,
        8.763,
        5.417,
        7.849
      ]
    },
    {
      "Target": "Parameter",
      "Id": "ParamOppai_PhyY1",
      "FadeInTime": -1.0,
      "FadeOutTime": -1.0,
      "Segments": [
        0,
        -0.002,
        0,
        0.25,
        -20.506,
        0,
        0.55,
        30,
        2,
        0.7,
        30,
        0,
        1,
        -30,
        2,
        1.1,
        -30,
        0,
        1.533,
        23.279,
        0,
        2.15,
        -26.126,
        0,
        2.583,
        30,
        2,
        2.7,
        30,
        0,
        3.067,
        -30,
        2,
        3.233,
        -30,
        0,
        3.567,
        30,
        2,
        3.717,
        30,
        0,
        4.117,
        -25.125,
        0,
        4.717,
        24.934,
        0,
        5.217,
        -17.272,
        1,
        5.284,
        -17.272,
        5.35,
        -9.794,
        5.417,
        -2.64
      ]
    },
    {
      "Target": "Parameter",
      "Id": "ParamOppai_PhyY2",
      "FadeInTime": -1.0,
      "FadeOutTime": -1.0,
      "Segments": [
        0,
        0.022,
        0,
        0.133,
        3.9,
        0,
        0.417,
        -30,
        2,
        0.433,
        -30,
        0,
        0.75,
        30,
        2,
        0.867,
        30,
        0,
        1.25,
        -29.531,
        0,
        1.783,
        22.452,
        0,
        2.367,
        -27.758,
        0,
        2.833,
        30,
        2,
        2.85,
        30,
        0,
        3.333,
        -30,
        2,
        3.383,
        -30,
        0,
        3.833,
        30,
        2,
        3.85,
        30,
        0,
        4.417,
        -21.326,
        0,
        4.917,
        25.736,
        1,
        5.084,
        25.736,
        5.25,
        -9.783,
        5.417,
        -16.241
      ]
    },
    {
      "Target": "Parameter",
      "Id": "ParamHairR1",
      "FadeInTime": -1.0,
      "FadeOutTime": -1.0,
      "Segments": [
        0,
        0.002,
        0,
        0.283,
        -3.625,
        0,
        0.65,
        5.841,
        0,
        1.05,
        -6.121,
        0,
        1.467,
        3.349,
        0,
        2.15,
        -4.15,
        0,
        2.633,
        4.862,
        0,
        3.133,
        -5.324,
        0,
        3.617,
        5.232,
        0,
        4.1,
        -3.114,
        0,
        4.8,
        3.169,
        0,
        5.417,
        -1.939
      ]
    },
    {
      "Target": "Parameter",
      "Id": "ParamHairR2",
      "FadeInTime": -1.0,
      "FadeOutTime": -1.0,
      "Segments": [
        0,
        0.002,
        0,
        0.2,
        0.738,
        0,
        0.483,
        -6.37,
        0,
        0.867,
        8.866,
        0,
        1.25,
        -8.232,
        0,
        1.717,
        3.898,
        0,
        2.383,
        -5.896,
        0,
        2.867,
        6.895,
        0,
        3.367,
        -7.351,
        0,
        3.833,
        6.779,
        0,
        4.6,
        -3.853,
        0,
        5.083,
        4.015,
        1,
        5.194,
        4.015,
        5.306,
        0.827,
        5.417,
        -0.995
      ]
    },
    {
      "Target": "Parameter",
      "Id": "ParamHairR3",
      "FadeInTime": -1.0,
      "FadeOutTime": -1.0,
      "Segments": [
        0,
        -0.001,
        0,
        0.35,
        2.851,
        0,
        0.667,
        -7.419,
        0,
        1.017,
        9.597,
        0,
        1.383,
        -8.927,
        0,
        1.733,
        3.845,
        0,
        1.983,
        0.726,
        0,
        2.2,
        2.454,
        0,
        2.567,
        -5.25,
        0,
        3.017,
        5.801,
        0,
        3.5,
        -5.782,
        0,
        3.967,
        5.151,
        0,
        4.35,
        -1.967,
        0,
        4.567,
        -0.172,
        0,
        4.817,
        -2.831,
        0,
        5.233,
        3.2,
        1,
        5.294,
        3.2,
        5.356,
        2.271,
        5.417,
        1.198
      ]
    },
    {
      "Target": "Parameter",
      "Id": "ParamHairL1",
      "FadeInTime": -1.0,
      "FadeOutTime": -1.0,
      "Segments": [
        0,
        0.001,
        0,
        0.267,
        -5.207,
        0,
        0.633,
        9.269,
        0,
        1.05,
        -10.263,
        0,
        1.533,
        7.331,
        0,
        2.1,
        -6.221,
        0,
        2.617,
        5.797,
        0,
        3.117,
        -5.964,
        0,
        3.6,
        5.899,
        0,
        4.1,
        -3.543,
        0,
        4.75,
        4.319,
        0,
        5.267,
        -2.497,
        1,
        5.317,
        -2.497,
        5.367,
        -1.986,
        5.417,
        -1.333
      ]
    },
    {
      "Target": "Parameter",
      "Id": "ParamHairL2",
      "FadeInTime": -1.0,
      "FadeOutTime": -1.0,
      "Segments": [
        0,
        0.003,
        0,
        0.167,
        1.052,
        0,
        0.467,
        -9.243,
        0,
        0.85,
        13.859,
        0,
        1.267,
        -13.379,
        0,
        1.783,
        8.69,
        0,
        2.333,
        -7.891,
        0,
        2.833,
        7.792,
        0,
        3.35,
        -8.109,
        0,
        3.833,
        7.617,
        0,
        4.583,
        -4.329,
        0,
        5,
        5.746,
        1,
        5.139,
        5.746,
        5.278,
        0.888,
        5.417,
        -1.467
      ]
    },
    {
      "Target": "Parameter",
      "Id": "ParamHairL3",
      "FadeInTime": -1.0,
      "FadeOutTime": -1.0,
      "Segments": [
        0,
        0.001,
        0,
        0.333,
        4.057,
        0,
        0.633,
        -10.975,
        0,
        0.983,
        14.222,
        0,
        1.383,
        -12.04,
        0,
        1.833,
        5.608,
        0,
        2.5,
        -5.958,
        0,
        2.983,
        6.017,
        0,
        3.5,
        -6.159,
        0,
        3.967,
        5.777,
        0,
        4.333,
        -2.206,
        0,
        4.55,
        -0.553,
        0,
        4.783,
        -3.519,
        0,
        5.183,
        4.691,
        1,
        5.261,
        4.691,
        5.339,
        2.809,
        5.417,
        0.928
      ]
    },
    {
      "Target": "Parameter",
      "Id": "Param_Angle_Rotation11",
      "FadeInTime": -1.0,
      "FadeOutTime": -1.0,
      "Segments": [
        0,
        -0.028,
        0,
        0.317,
        -6.127,
        0,
        0.783,
        8.667,
        0,
        1.333,
        -6.241,
        0,
        1.883,
        9.23,
        0,
        2.4,
        -9.477,
        0,
        2.9,
        8.988,
        0,
        3.417,
        -9.113,
        0,
        3.95,
        9.443,
        0,
        4.517,
        -12.318,
        0,
        5.1,
        10.92,
        1,
        5.206,
        10.92,
        5.311,
        5.811,
        5.417,
        0.985
      ]
    },
    {
      "Target": "Parameter",
      "Id": "Param_Angle_Rotation12",
      "FadeInTime": -1.0,
      "FadeOutTime": -1.0,
      "Segments": [
        0,
        -0.022,
        0,
        0.317,
        -4.902,
        0,
        0.783,
        6.933,
        0,
        1.333,
        -4.993,
        0,
        1.883,
        7.384,
        0,
        2.4,
        -7.582,
        0,
        2.9,
        7.19,
        0,
        3.417,
        -7.29,
        0,
        3.95,
        7.554,
        0,
        4.517,
        -9.854,
        0,
        5.1,
        8.736,
        1,
        5.206,
        8.736,
        5.311,
        4.649,
        5.417,
        0.788
      ]
    },
    {
      "Target": "Parameter",
      "Id": "Param_Angle_Rotation13",
      "FadeInTime": -1.0,
      "FadeOutTime": -1.0,
      "Segments": [
        0,
        0.094,
        0,
        0.283,
        3.314,
        0,
        0.683,
        -9.921,
        0,
        1.167,
        10.383,
        0,
        1.767,
        -10.424,
        0,
        2.267,
        12.759,
        0,
        2.783,
        -12.146,
        0,
        3.3,
        11.789,
        0,
        3.817,
        -11.942,
        0,
        4.383,
        13.999,
        0,
        4.933,
        -15.305,
        1,
        5.094,
        -15.305,
        5.256,
        3.195,
        5.417,
        10.389
      ]
    },
    {
      "Target": "Parameter",
      "Id": "Param_Angle_Rotation14",
      "FadeInTime": -1.0,
      "FadeOutTime": -1.0,
      "Segments": [
        0,
        0.094,
        0,
        0.283,
        3.314,
        0,
        0.683,
        -9.921,
        0,
        1.167,
        10.383,
        0,
        1.767,
        -10.424,
        0,
        2.267,
        12.759,
        0,
        2.783,
        -12.146,
        0,
        3.3,
        11.789,
        0,
        3.817,
        -11.942,
        0,
        4.383,
        13.999,
        0,
        4.933,
        -15.305,
        1,
        5.094,
        -15.305,
        5.256,
        3.195,
        5.417,
        10.389
      ]
    },
    {
      "Target": "Parameter",
      "Id": "Param_Angle_Rotation15",
      "FadeInTime": -1.0,
      "FadeOutTime": -1.0,
      "Segments": [
        0,
        -0.022,
        0,
        0.483,
        3.378,
        0,
        0.95,
        -8.594,
        0,
        1.483,
        8.896,
        0,
        2.033,
        -9.956,
        0,
        2.567,
        11.281,
        0,
        3.083,
        -10.61,
        0,
        3.583,
        10.365,
        0,
        4.117,
        -10.957,
        0,
        4.667,
        13.409,
        0,
        5.233,
        -13.988,
        1,
        5.294,
        -13.988,
        5.356,
        -11.605,
        5.417,
        -8.295
      ]
    },
    {
      "Target": "Parameter",
      "Id": "Param_Angle_Rotation16",
      "FadeInTime": -1.0,
      "FadeOutTime": -1.0,
      "Segments": [
        0,
        -0.022,
        0,
        0.483,
        3.378,
        0,
        0.95,
        -8.594,
        0,
        1.483,
        8.896,
        0,
        2.033,
        -9.956,
        0,
        2.567,
        11.281,
        0,
        3.083,
        -10.61,
        0,
        3.583,
        10.365,
        0,
        4.117,
        -10.957,
        0,
        4.667,
        13.409,
        0,
        5.233,
        -13.988,
        1,
        5.294,
        -13.988,
        5.356,
        -11.605,
        5.417,
        -8.295
      ]
    },
    {
      "Target": "Parameter",
      "Id": "Param_Angle_Rotation17",
      "FadeInTime": -1.0,
      "FadeOutTime": -1.0,
      "Segments": [
        0,
        -0.03,
        0,
        0.3,
        -7.316,
        0,
        0.75,
        11.737,
        0,
        1.3,
        -12.552,
        0,
        1.867,
        14.796,
        0,
        2.417,
        -12.784,
        0,
        2.933,
        9.926,
        0,
        3.433,
        -8.377,
        0,
        3.967,
        8.053,
        0,
        4.517,
        -10.467,
        0,
        5.067,
        9.07,
        1,
        5.184,
        9.07,
        5.3,
        3.805,
        5.417,
        -0.584
      ]
    },
    {
      "Target": "Parameter",
      "Id": "Param_Angle_Rotation18",
      "FadeInTime": -1.0,
      "FadeOutTime": -1.0,
      "Segments": [
        0,
        -0.03,
        0,
        0.3,
        -7.316,
        0,
        0.75,
        11.737,
        0,
        1.3,
        -12.552,
        0,
        1.867,
        14.796,
        0,
        2.417,
        -12.784,
        0,
        2.933,
        9.926,
        0,
        3.433,
        -8.377,
        0,
        3.967,
        8.053,
        0,
        4.517,
        -10.467,
        0,
        5.067,
        9.07,
        1,
        5.184,
        9.07,
        5.3,
        3.805,
        5.417,
        -0.584
      ]
    },
    {
      "Target": "Parameter",
      "Id": "Param_Angle_Rotation19",
      "FadeInTime": -1.0,
      "FadeOutTime": -1.0,
      "Segments": [
        0,
        0.099,
        0,
        0.25,
        4.826,
        0,
        0.633,
        -14.415,
        0,
        1.133,
        18.121,
        0,
        1.7,
        -20.423,
        0,
        2.25,
        20.948,
        0,
        2.817,
        -17.564,
        0,
        3.333,
        14.505,
        0,
        3.833,
        -12.855,
        0,
        4.383,
        15.212,
        0,
        4.917,
        -15.681,
        1,
        5.084,
        -15.681,
        5.25,
        6.281,
        5.417,
        12.555
      ]
    },
    {
      "Target": "Parameter",
      "Id": "Param_Angle_Rotation20",
      "FadeInTime": -1.0,
      "FadeOutTime": -1.0,
      "Segments": [
        0,
        0.099,
        0,
        0.25,
        4.826,
        0,
        0.633,
        -14.415,
        0,
        1.133,
        18.121,
        0,
        1.7,
        -20.423,
        0,
        2.25,
        20.948,
        0,
        2.817,
        -17.564,
        0,
        3.333,
        14.505,
        0,
        3.833,
        -12.855,
        0,
        4.383,
        15.212,
        0,
        4.917,
        -15.681,
        1,
        5.084,
        -15.681,
        5.25,
        6.281,
        5.417,
        12.555
      ]
    },
    {
      "Target": "Parameter",
      "Id": "Param_Angle_Rotation21",
      "FadeInTime": -1.0,
      "FadeOutTime": -1.0,
      "Segments": [
        0,
        -0.001,
        0,
        0.45,
        4.928,
        0,
        0.9,
        -13.338,
        0,
        1.433,
        17.048,
        0,
        2,
        -19.725,
        0,
        2.55,
        19.666,
        0,
        3.1,
        -15.964,
        0,
        3.617,
        12.492,
        0,
        4.133,
        -11.674,
        0,
        4.667,
        14.182,
        0,
        5.217,
        -14.283,
        1,
        5.284,
        -14.283,
        5.35,
        -11.154,
        5.417,
        -7.042
      ]
    },
    {
      "Target": "Parameter",
      "Id": "Param_Angle_Rotation22",
      "FadeInTime": -1.0,
      "FadeOutTime": -1.0,
      "Segments": [
        0,
        -0.001,
        0,
        0.45,
        4.928,
        0,
        0.9,
        -13.338,
        0,
        1.433,
        17.048,
        0,
        2,
        -19.725,
        0,
        2.55,
        19.666,
        0,
        3.1,
        -15.964,
        0,
        3.617,
        12.492,
        0,
        4.133,
        -11.674,
        0,
        4.667,
        14.182,
        0,
        5.217,
        -14.283,
        1,
        5.284,
        -14.283,
        5.35,
        -11.154,
        5.417,
        -7.042
      ]
    },
    {
      "Target": "Parameter",
      "Id": "MB_DRFWXZKTMD",
      "FadeInTime": -1.0,
      "FadeOutTime": -1.0,
      "Segments": [
        0,
        0,
        0,
        5.417,
        0
      ]
    },
    {
      "Target": "Parameter",
      "Id": "Param17",
      "FadeInTime": -1.0,
      "FadeOutTime": -1.0,
      "Segments": [
        0,
        0,
        0,
        5.417,
        0
      ]
    },
    {
      "Target": "Parameter",
      "Id": "Param16",
      "FadeInTime": -1.0,
      "FadeOutTime": -1.0,
      "Segments": [
        0,
        0,
        0,
        5.417,
        0
      ]
    },
    {
      "Target": "Parameter",
      "Id": "Param18",
      "FadeInTime": -1.0,
      "FadeOutTime": -1.0,
      "Segments": [
        0,
        0,
        0,
        5.417,
        0
      ]
    },
    {
      "Target": "Parameter",
      "Id": "man_TMD",
      "FadeInTime": -1.0,
      "FadeOutTime": -1.0,
      "Segments": [
        0,
        1,
        0,
        5.417,
        1
      ]
    },
    {
      "Target": "Parameter",
      "Id": "BG_TMD",
      "FadeInTime": -1.0,
      "FadeOutTime": -1.0,
      "Segments": [
        0,
        1,
        0,
        5.417,
        1
      ]
    },
    {
      "Target": "Parameter",
      "Id": "All_X",
      "FadeInTime": -1.0,
      "FadeOutTime": -1.0,
      "Segments": [
        0,
        0,
        0,
        5.417,
        0
      ]
    },
    {
      "Target": "Parameter",
      "Id": "All_Y",
      "FadeInTime": -1.0,
      "FadeOutTime": -1.0,
      "Segments": [
        0,
        0,
        0,
        5.417,
        0
      ]
    },
    {
      "Target": "Parameter",
      "Id": "All_Angle",
      "FadeInTime": -1.0,
      "FadeOutTime": -1.0,
      "Segments": [
        0,
        0,
        0,
        5.417,
        0
      ]
    },
    {
      "Target": "Parameter",
      "Id": "All_Size",
      "FadeInTime": -1.0,
      "FadeOutTime": -1.0,
      "Segments": [
        0,
        0,
        0,
        5.417,
        0
      ]
    },
    {
      "Target": "Parameter",
      "Id": "man_X",
      "FadeInTime": -1.0,
      "FadeOutTime": -1.0,
      "Segments": [
        0,
        0,
        0,
        5.417,
        0
      ]
    },
    {
      "Target": "Parameter",
      "Id": "man_Y",
      "FadeInTime": -1.0,
      "FadeOutTime": -1.0,
      "Segments": [
        0,
        0,
        0,
        5.417,
        0
      ]
    },
    {
      "Target": "Parameter",
      "Id": "man_Angle",
      "FadeInTime": -1.0,
      "FadeOutTime": -1.0,
      "Segments": [
        0,
        0,
        0,
        5.417,
        0
      ]
    },
    {
      "Target": "Parameter",
      "Id": "man_Size",
      "FadeInTime": -1.0,
      "FadeOutTime": -1.0,
      "Segments": [
        0,
        0,
        0,
        5.417,
        0
      ]
    },
    {
      "Target": "Parameter",
      "Id": "BG_X",
      "FadeInTime": -1.0,
      "FadeOutTime": -1.0,
      "Segments": [
        0,
        0,
        0,
        5.417,
        0
      ]
    },
    {
      "Target": "Parameter",
      "Id": "BG_Y",
      "FadeInTime": -1.0,
      "FadeOutTime": -1.0,
      "Segments": [
        0,
        0,
        0,
        5.417,
        0
      ]
    },
    {
      "Target": "Parameter",
      "Id": "BG_Angle",
      "FadeInTime": -1.0,
      "FadeOutTime": -1.0,
      "Segments": [
        0,
        0,
        0,
        5.417,
        0
      ]
    },
    {
      "Target": "Parameter",
      "Id": "BG_Size",
      "FadeInTime": -1.0,
      "FadeOutTime": -1.0,
      "Segments": [
        0,
        0,
        0,
        5.417,
        0
      ]
    },
    {
      "Target": "Parameter",
      "Id": "NULL14",
      "FadeInTime": -1.0,
      "FadeOutTime": -1.0,
      "Segments": [
        0,
        0,
        0,
        5.417,
        0
      ]
    },
    {
      "Target": "Parameter",
      "Id": "MB_guangyunTMD",
      "FadeInTime": -1.0,
      "FadeOutTime": -1.0,
      "Segments": [
        0,
        0,
        0,
        5.417,
        0
      ]
    },
    {
      "Target": "Parameter",
      "Id": "MB_guangyunbianhuan",
      "FadeInTime": -1.0,
      "FadeOutTime": -1.0,
      "Segments": [
        0,
        10,
        0,
        5.417,
        10
      ]
    },
    {
      "Target": "Parameter",
      "Id": "MB_guangyunshangxia",
      "FadeInTime": -1.0,
      "FadeOutTime": -1.0,
      "Segments": [
        0,
        0,
        0,
        5.417,
        0
      ]
    },
    {
      "Target": "Parameter",
      "Id": "MB_guangyunzuoyou",
      "FadeInTime": -1.0,
      "FadeOutTime": -1.0,
      "Segments": [
        0,
        0,
        0,
        5.417,
        0
      ]
    },
    {
      "Target": "Parameter",
      "Id": "MB_guangyundaxiao",
      "FadeInTime": -1.0,
      "FadeOutTime": -1.0,
      "Segments": [
        0,
        0,
        0,
        5.417,
        0
      ]
    },
    {
      "Target": "Parameter",
      "Id": "MB_guangyunjiaodu",
      "FadeInTime": -1.0,
      "FadeOutTime": -1.0,
      "Segments": [
        0,
        -2.5,
        0,
        5.417,
        -2.5
      ]
    },
    {
      "Target": "Parameter",
      "Id": "Param22",
      "FadeInTime": -1.0,
      "FadeOutTime": -1.0,
      "Segments": [
        0,
        0,
        0,
        5.417,
        0
      ]
    },
    {
      "Target": "Parameter",
      "Id": "Param19",
      "FadeInTime": -1.0,
      "FadeOutTime": -1.0,
      "Segments": [
        0,
        0,
        0,
        5.417,
        0
      ]
    },
    {
      "Target": "Parameter",
      "Id": "Param20",
      "FadeInTime": -1.0,
      "FadeOutTime": -1.0,
      "Segments": [
        0,
        0,
        0,
        5.417,
        0
      ]
    },
    {
      "Target": "Parameter",
      "Id": "Param21",
      "FadeInTime": -1.0,
      "FadeOutTime": -1.0,
      "Segments": [
        0,
        0,
        0,
        5.417,
        0
      ]
    },
    {
      "Target": "Parameter",
      "Id": "Param25",
      "FadeInTime": -1.0,
      "FadeOutTime": -1.0,
      "Segments": [
        0,
        0,
        0,
        5.417,
        0
      ]
    },
    {
      "Target": "Parameter",
      "Id": "Param23",
      "FadeInTime": -1.0,
      "FadeOutTime": -1.0,
      "Segments": [
        0,
        0,
        0,
        5.417,
        0
      ]
    },
    {
      "Target": "Parameter",
      "Id": "Param24",
      "FadeInTime": -1.0,
      "FadeOutTime": -1.0,
      "Segments": [
        0,
        0,
        0,
        5.417,
        0
      ]
    },
    {
      "Target": "Parameter",
      "Id": "BG_Black",
      "FadeInTime": -1.0,
      "FadeOutTime": -1.0,
      "Segments": [
        0,
        0,
        0,
        5.417,
        0
      ]
    },
    {
      "Target": "Parameter",
      "Id": "BG_White",
      "FadeInTime": -1.0,
      "FadeOutTime": -1.0,
      "Segments": [
        0,
        0,
        0,
        5.417,
        0
      ]
    },
    {
      "Target": "Parameter",
      "Id": "Mizugi_D2_Drag",
      "FadeInTime": -1.0,
      "FadeOutTime": -1.0,
      "Segments": [
        0,
        0,
        0,
        5.417,
        0
      ]
    },
    {
      "Target": "Parameter",
      "Id": "touch_drag1",
      "FadeInTime": -1.0,
      "FadeOutTime": -1.0,
      "Segments": [
        0,
        0,
        0,
        5.417,
        0
      ]
    },
    {
      "Target": "Parameter",
      "Id": "Mizugi_R2_DragY2",
      "FadeInTime": -1.0,
      "FadeOutTime": -1.0,
      "Segments": [
        0,
        0,
        0,
        5.417,
        0
      ]
    },
    {
      "Target": "Parameter",
      "Id": "Mizugi_R2_Drag2",
      "FadeInTime": -1.0,
      "FadeOutTime": -1.0,
      "Segments": [
        0,
        0,
        0,
        5.417,
        0
      ]
    },
    {
      "Target": "Parameter",
      "Id": "Mizugi_R2_DragY",
      "FadeInTime": -1.0,
      "FadeOutTime": -1.0,
      "Segments": [
        0,
        0,
        0,
        5.417,
        0
      ]
    },
    {
      "Target": "Parameter",
      "Id": "NULL7",
      "FadeInTime": -1.0,
      "FadeOutTime": -1.0,
      "Segments": [
        0,
        0,
        0,
        5.417,
        0
      ]
    },
    {
      "Target": "Parameter",
      "Id": "touch_drag2",
      "FadeInTime": -1.0,
      "FadeOutTime": -1.0,
      "Segments": [
        0,
        0,
        0,
        5.417,
        0
      ]
    },
    {
      "Target": "Parameter",
      "Id": "Mizugi_L2_DragY",
      "FadeInTime": -1.0,
      "FadeOutTime": -1.0,
      "Segments": [
        0,
        0,
        0,
        5.417,
        0
      ]
    },
    {
      "Target": "Parameter",
      "Id": "ParamArmLAngle2",
      "FadeInTime": -1.0,
      "FadeOutTime": -1.0,
      "Segments": [
        0,
        0,
        0,
        5.417,
        0
      ]
    },
    {
      "Target": "Parameter",
      "Id": "ParamArmLStretch",
      "FadeInTime": -1.0,
      "FadeOutTime": -1.0,
      "Segments": [
        0,
        0,
        0,
        5.417,
        0
      ]
    },
    {
      "Target": "Parameter",
      "Id": "NULL11",
      "FadeInTime": -1.0,
      "FadeOutTime": -1.0,
      "Segments": [
        0,
        0,
        0,
        5.417,
        0
      ]
    },
    {
      "Target": "Parameter",
      "Id": "ParamForearmLAngleZ2",
      "FadeInTime": -1.0,
      "FadeOutTime": -1.0,
      "Segments": [
        0,
        0,
        0,
        5.417,
        0
      ]
    },
    {
      "Target": "Parameter",
      "Id": "ParamForearmLAngle2",
      "FadeInTime": -1.0,
      "FadeOutTime": -1.0,
      "Segments": [
        0,
        0,
        0,
        5.417,
        0
      ]
    },
    {
      "Target": "Parameter",
      "Id": "Param4",
      "FadeInTime": -1.0,
      "FadeOutTime": -1.0,
      "Segments": [
        0,
        0,
        0,
        5.417,
        0
      ]
    },
    {
      "Target": "Parameter",
      "Id": "ParamArmL",
      "FadeInTime": -1.0,
      "FadeOutTime": -1.0,
      "Segments": [
        0,
        0,
        0,
        5.417,
        0
      ]
    },
    {
      "Target": "Parameter",
      "Id": "NULL10",
      "FadeInTime": -1.0,
      "FadeOutTime": -1.0,
      "Segments": [
        0,
        0,
        0,
        5.417,
        0
      ]
    },
    {
      "Target": "Parameter",
      "Id": "ParamHandLChange2",
      "FadeInTime": -1.0,
      "FadeOutTime": -1.0,
      "Segments": [
        0,
        0,
        0,
        5.417,
        0
      ]
    },
    {
      "Target": "Parameter",
      "Id": "ParamHandLChange",
      "FadeInTime": -1.0,
      "FadeOutTime": -1.0,
      "Segments": [
        0,
        0,
        0,
        5.417,
        0
      ]
    },
    {
      "Target": "Parameter",
      "Id": "ParamHandLAnimation",
      "FadeInTime": -1.0,
      "FadeOutTime": -1.0,
      "Segments": [
        0,
        0,
        0,
        5.417,
        0
      ]
    },
    {
      "Target": "Parameter",
      "Id": "ParamhandL",
      "FadeInTime": -1.0,
      "FadeOutTime": -1.0,
      "Segments": [
        0,
        0,
        0,
        5.417,
        0
      ]
    },
    {
      "Target": "Parameter",
      "Id": "ParamHandL_S",
      "FadeInTime": -1.0,
      "FadeOutTime": -1.0,
      "Segments": [
        0,
        0,
        0,
        5.417,
        0
      ]
    },
    {
      "Target": "Parameter",
      "Id": "NULL07",
      "FadeInTime": -1.0,
      "FadeOutTime": -1.0,
      "Segments": [
        0,
        0,
        0,
        5.417,
        0
      ]
    },
    {
      "Target": "Parameter",
      "Id": "ParamHandL1Display",
      "FadeInTime": -1.0,
      "FadeOutTime": -1.0,
      "Segments": [
        0,
        0,
        0,
        5.417,
        0
      ]
    },
    {
      "Target": "Parameter",
      "Id": "ParamHandL4Display",
      "FadeInTime": -1.0,
      "FadeOutTime": -1.0,
      "Segments": [
        0,
        0,
        0,
        5.417,
        0
      ]
    },
    {
      "Target": "Parameter",
      "Id": "ParamHandL4Display2",
      "FadeInTime": -1.0,
      "FadeOutTime": -1.0,
      "Segments": [
        0,
        0,
        0,
        5.417,
        0
      ]
    },
    {
      "Target": "Parameter",
      "Id": "ParamMail",
      "FadeInTime": -1.0,
      "FadeOutTime": -1.0,
      "Segments": [
        0,
        0,
        0,
        5.417,
        0
      ]
    },
    {
      "Target": "Parameter",
      "Id": "Mail1",
      "FadeInTime": -1.0,
      "FadeOutTime": -1.0,
      "Segments": [
        0,
        0,
        0,
        5.417,
        0
      ]
    },
    {
      "Target": "Parameter",
      "Id": "ParamMailZ",
      "FadeInTime": -1.0,
      "FadeOutTime": -1.0,
      "Segments": [
        0,
        0,
        0,
        5.417,
        0
      ]
    },
    {
      "Target": "Parameter",
      "Id": "ParamMailZ2",
      "FadeInTime": -1.0,
      "FadeOutTime": -1.0,
      "Segments": [
        0,
        0,
        0,
        5.417,
        0
      ]
    },
    {
      "Target": "Parameter",
      "Id": "ParamArmRAngleZ2",
      "FadeInTime": -1.0,
      "FadeOutTime": -1.0,
      "Segments": [
        0,
        0,
        0,
        5.417,
        0
      ]
    },
    {
      "Target": "Parameter",
      "Id": "NULL12",
      "FadeInTime": -1.0,
      "FadeOutTime": -1.0,
      "Segments": [
        0,
        0,
        0,
        5.417,
        0
      ]
    },
    {
      "Target": "Parameter",
      "Id": "ParamForearmRAngleZ2",
      "FadeInTime": -1.0,
      "FadeOutTime": -1.0,
      "Segments": [
        0,
        0,
        0,
        5.417,
        0
      ]
    },
    {
      "Target": "Parameter",
      "Id": "ParamForearmRAngle2",
      "FadeInTime": -1.0,
      "FadeOutTime": -1.0,
      "Segments": [
        0,
        0,
        0,
        5.417,
        0
      ]
    },
    {
      "Target": "Parameter",
      "Id": "NULL13",
      "FadeInTime": -1.0,
      "FadeOutTime": -1.0,
      "Segments": [
        0,
        0,
        0,
        5.417,
        0
      ]
    },
    {
      "Target": "Parameter",
      "Id": "ParamHandRChange2",
      "FadeInTime": -1.0,
      "FadeOutTime": -1.0,
      "Segments": [
        0,
        0,
        0,
        5.417,
        0
      ]
    },
    {
      "Target": "Parameter",
      "Id": "ParamHandRChange",
      "FadeInTime": -1.0,
      "FadeOutTime": -1.0,
      "Segments": [
        0,
        0,
        0,
        5.417,
        0
      ]
    },
    {
      "Target": "Parameter",
      "Id": "ParamhandR",
      "FadeInTime": -1.0,
      "FadeOutTime": -1.0,
      "Segments": [
        0,
        0,
        0,
        5.417,
        0
      ]
    },
    {
      "Target": "Parameter",
      "Id": "ParamHandR_S",
      "FadeInTime": -1.0,
      "FadeOutTime": -1.0,
      "Segments": [
        0,
        0,
        0,
        5.417,
        0
      ]
    },
    {
      "Target": "Parameter",
      "Id": "NULL06",
      "FadeInTime": -1.0,
      "FadeOutTime": -1.0,
      "Segments": [
        0,
        0,
        0,
        5.417,
        0
      ]
    },
    {
      "Target": "Parameter",
      "Id": "ParamHandR1Display",
      "FadeInTime": -1.0,
      "FadeOutTime": -1.0,
      "Segments": [
        0,
        0,
        0,
        5.417,
        0
      ]
    },
    {
      "Target": "Parameter",
      "Id": "ParamHandR5Display",
      "FadeInTime": -1.0,
      "FadeOutTime": -1.0,
      "Segments": [
        0,
        0,
        0,
        5.417,
        0
      ]
    },
    {
      "Target": "Parameter",
      "Id": "NULL6",
      "FadeInTime": -1.0,
      "FadeOutTime": -1.0,
      "Segments": [
        0,
        0,
        0,
        5.417,
        0
      ]
    },
    {
      "Target": "Parameter",
      "Id": "ParamArmR_X",
      "FadeInTime": -1.0,
      "FadeOutTime": -1.0,
      "Segments": [
        0,
        0,
        0,
        5.417,
        0
      ]
    },
    {
      "Target": "Parameter",
      "Id": "ParamArmR_Y",
      "FadeInTime": -1.0,
      "FadeOutTime": -1.0,
      "Segments": [
        0,
        0,
        0,
        5.417,
        0
      ]
    },
    {
      "Target": "Parameter",
      "Id": "ParamLegR_Drag",
      "FadeInTime": -1.0,
      "FadeOutTime": -1.0,
      "Segments": [
        0,
        0,
        0,
        5.417,
        0
      ]
    },
    {
      "Target": "Parameter",
      "Id": "NULL01",
      "FadeInTime": -1.0,
      "FadeOutTime": -1.0,
      "Segments": [
        0,
        0,
        0,
        5.417,
        0
      ]
    },
    {
      "Target": "Parameter",
      "Id": "NULL09",
      "FadeInTime": -1.0,
      "FadeOutTime": -1.0,
      "Segments": [
        0,
        0,
        0,
        5.417,
        0
      ]
    },
    {
      "Target": "Parameter",
      "Id": "ParamEyesform",
      "FadeInTime": -1.0,
      "FadeOutTime": -1.0,
      "Segments": [
        0,
        0,
        0,
        5.417,
        0
      ]
    },
    {
      "Target": "Parameter",
      "Id": "NULL08",
      "FadeInTime": -1.0,
      "FadeOutTime": -1.0,
      "Segments": [
        0,
        0,
        0,
        5.417,
        0
      ]
    },
    {
      "Target": "Parameter",
      "Id": "NULL9",
      "FadeInTime": -1.0,
      "FadeOutTime": -1.0,
      "Segments": [
        0,
        0,
        0,
        5.417,
        0
      ]
    },
    {
      "Target": "Parameter",
      "Id": "ParamHeat",
      "FadeInTime": -1.0,
      "FadeOutTime": -1.0,
      "Segments": [
        0,
        0,
        0,
        5.417,
        0
      ]
    },
    {
      "Target": "Parameter",
      "Id": "ParamShy",
      "FadeInTime": -1.0,
      "FadeOutTime": -1.0,
      "Segments": [
        0,
        0,
        0,
        5.417,
        0
      ]
    },
    {
      "Target": "Parameter",
      "Id": "NULL15",
      "FadeInTime": -1.0,
      "FadeOutTime": -1.0,
      "Segments": [
        0,
        0,
        0,
        5.417,
        0
      ]
    },
    {
      "Target": "Parameter",
      "Id": "Param28",
      "FadeInTime": -1.0,
      "FadeOutTime": -1.0,
      "Segments": [
        0,
        0,
        0,
        5.417,
        0
      ]
    },
    {
      "Target": "Parameter",
      "Id": "Param5",
      "FadeInTime": -1.0,
      "FadeOutTime": -1.0,
      "Segments": [
        0,
        0,
        0,
        5.417,
        0
      ]
    },
    {
      "Target": "Parameter",
      "Id": "Param26",
      "FadeInTime": -1.0,
      "FadeOutTime": -1.0,
      "Segments": [
        0,
        0,
        0,
        5.417,
        0
      ]
    },
    {
      "Target": "Parameter",
      "Id": "Param27",
      "FadeInTime": -1.0,
      "FadeOutTime": -1.0,
      "Segments": [
        0,
        0,
        0,
        5.417,
        0
      ]
    }
  ],
  "UserData": [
    {
      "Time": 0.0,
      "Value": ""
    },
    {
      "Time": 0.0,
      "Value": ""
    },
    {
      "Time": 4.917,
      "Value": ""
    }
  ]
}