{
  "Version": 3,
  "Name": "chaijun_5",
  "FileReferences": {
    "Moc": "chaijun_5.moc3",
    "Textures": [
      "textures/texture_00.png"
    ],
    "DisplayInfo": null,
    "Physics": "chaijun_5.physics3.json",
    "Motions": {
      "complete": [
        {
          "File": "motions/complete.motion3.json"
        }
      ],
      "effect": [
        {
          "File": "motions/effect.motion3.json"
        }
      ],
      "home": [
        {
          "File": "motions/home.motion3.json"
        }
      ],
      "idle": [
        {
          "File": "motions/idle.motion3.json"
        }
      ],
      "idle1": [
        {
          "File": "motions/idle1.motion3.json"
        }
      ],
      "idle2": [
        {
          "File": "motions/idle2.motion3.json"
        }
      ],
      "idle3": [
        {
          "File": "motions/idle3.motion3.json"
        }
      ],
      "idle4": [
        {
          "File": "motions/idle4.motion3.json"
        }
      ],
      "idle5": [
        {
          "File": "motions/idle5.motion3.json"
        }
      ],
      "idle6": [
        {
          "File": "motions/idle6.motion3.json"
        }
      ],
      "idle7": [
        {
          "File": "motions/idle7.motion3.json"
        }
      ],
      "login": [
        {
          "File": "motions/login.motion3.json"
        }
      ],
      "mail": [
        {
          "File": "motions/mail.motion3.json"
        }
      ],
      "main_1": [
        {
          "File": "motions/main_1.motion3.json"
        }
      ],
      "main_2": [
        {
          "File": "motions/main_2.motion3.json"
        }
      ],
      "main_3": [
        {
          "File": "motions/main_3.motion3.json"
        }
      ],
      "main_4": [
        {
          "File": "motions/main_4.motion3.json"
        }
      ],
      "mission": [
        {
          "File": "motions/mission.motion3.json"
        }
      ],
      "mission_complete": [
        {
          "File": "motions/mission_complete.motion3.json"
        }
      ],
      "touch_body": [
        {
          "File": "motions/touch_body.motion3.json"
        }
      ],
      "touch_drag1": [
        {
          "File": "motions/touch_drag1.motion3.json"
        }
      ],
      "touch_drag2": [
        {
          "File": "motions/touch_drag2.motion3.json"
        }
      ],
      "touch_drag20": [
        {
          "File": "motions/touch_drag20.motion3.json"
        }
      ],
      "touch_drag3": [
        {
          "File": "motions/touch_drag3.motion3.json"
        }
      ],
      "touch_drag5": [
        {
          "File": "motions/touch_drag5.motion3.json"
        }
      ],
      "touch_head": [
        {
          "File": "motions/touch_head.motion3.json"
        }
      ],
      "touch_idle": [
        {
          "File": "motions/touch_idle.motion3.json"
        }
      ],
      "touch_idle1": [
        {
          "File": "motions/touch_idle1.motion3.json"
        }
      ],
      "touch_idle17": [
        {
          "File": "motions/touch_idle17.motion3.json"
        }
      ],
      "touch_idle18": [
        {
          "File": "motions/touch_idle18.motion3.json"
        }
      ],
      "touch_idle19": [
        {
          "File": "motions/touch_idle19.motion3.json"
        }
      ],
      "touch_idle2": [
        {
          "File": "motions/touch_idle2.motion3.json"
        }
      ],
      "touch_idle3": [
        {
          "File": "motions/touch_idle3.motion3.json"
        }
      ],
      "touch_idle4": [
        {
          "File": "motions/touch_idle4.motion3.json"
        }
      ],
      "touch_idle5": [
        {
          "File": "motions/touch_idle5.motion3.json"
        }
      ],
      "touch_idle6": [
        {
          "File": "motions/touch_idle6.motion3.json"
        }
      ],
      "touch_special": [
        {
          "File": "motions/touch_special.motion3.json"
        }
      ],
      "wedding": [
        {
          "File": "motions/wedding.motion3.json"
        }
      ]
    },
    "Expressions": []
  },
  "Groups": [
    {
      "Target": "Parameter",
      "Name": "EyeBlink",
      "Ids": [
        "ParamEyeLOpen",
        "ParamEyeROpen"
      ]
    },
    {
      "Target": "Parameter",
      "Name": "LipSync",
      "Ids": [
        "ParamMouthOpenY"
      ]
    }
  ]
}