{
  "Version": 3,
  "Meta": {
    "PhysicsSettingCount": 18,
    "TotalInputCount": 49,
    "TotalOutputCount": 60,
    "VertexCount": 75,
    "EffectiveForces": {
      "Gravity": {
        "X": 0,
        "Y": -1
      },
      "Wind": {
        "X": 0,
        "Y": 0
      }
    },
    "PhysicsDictionary": [
      {
        "Id": "PhysicsSetting1",
        "Name": "Dummy1"
      },
      {
        "Id": "PhysicsSetting2",
        "Name": "Dummy2"
      },
      {
        "Id": "PhysicsSetting3",
        "Name": "Dummy3"
      },
      {
        "Id": "PhysicsSetting4",
        "Name": "Dummy4"
      },
      {
        "Id": "PhysicsSetting5",
        "Name": "Dummy5"
      },
      {
        "Id": "PhysicsSetting6",
        "Name": "Dummy6"
      },
      {
        "Id": "PhysicsSetting7",
        "Name": "Dummy7"
      },
      {
        "Id": "PhysicsSetting8",
        "Name": "Dummy8"
      },
      {
        "Id": "PhysicsSetting9",
        "Name": "Dummy9"
      },
      {
        "Id": "PhysicsSetting10",
        "Name": "Dummy10"
      },
      {
        "Id": "PhysicsSetting11",
        "Name": "Dummy11"
      },
      {
        "Id": "PhysicsSetting12",
        "Name": "Dummy12"
      },
      {
        "Id": "PhysicsSetting13",
        "Name": "Dummy13"
      },
      {
        "Id": "PhysicsSetting14",
        "Name": "Dummy14"
      },
      {
        "Id": "PhysicsSetting15",
        "Name": "Dummy15"
      },
      {
        "Id": "PhysicsSetting16",
        "Name": "Dummy16"
      },
      {
        "Id": "PhysicsSetting17",
        "Name": "Dummy17"
      },
      {
        "Id": "PhysicsSetting18",
        "Name": "Dummy18"
      }
    ]
  },
  "PhysicsSettings": [
    {
      "Id": "PhysicsSetting1",
      "Input": [
        {
          "Source": {
            "Target": "Parameter",
            "Id": "ParamAngleX"
          },
          "Weight": 25,
          "Type": "X",
          "Reflect": false
        },
        {
          "Source": {
            "Target": "Parameter",
            "Id": "ParamAngleY"
          },
          "Weight": 25,
          "Type": "X",
          "Reflect": false
        },
        {
          "Source": {
            "Target": "Parameter",
            "Id": "sdtwl"
          },
          "Weight": 25,
          "Type": "X",
          "Reflect": false
        }
      ],
      "Output": [
        {
          "Destination": {
            "Target": "Parameter",
            "Id": "qianfa1"
          },
          "VertexIndex": 1,
          "Scale": 20,
          "Weight": 100,
          "Type": "Angle",
          "Reflect": false
        },
        {
          "Destination": {
            "Target": "Parameter",
            "Id": "qianfa2"
          },
          "VertexIndex": 2,
          "Scale": 20,
          "Weight": 100,
          "Type": "Angle",
          "Reflect": false
        },
        {
          "Destination": {
            "Target": "Parameter",
            "Id": "qianfa3"
          },
          "VertexIndex": 3,
          "Scale": 20,
          "Weight": 100,
          "Type": "Angle",
          "Reflect": false
        },
        {
          "Destination": {
            "Target": "Parameter",
            "Id": "cefa1"
          },
          "VertexIndex": 1,
          "Scale": 20,
          "Weight": 100,
          "Type": "Angle",
          "Reflect": false
        },
        {
          "Destination": {
            "Target": "Parameter",
            "Id": "cefa2"
          },
          "VertexIndex": 2,
          "Scale": 20,
          "Weight": 100,
          "Type": "Angle",
          "Reflect": false
        },
        {
          "Destination": {
            "Target": "Parameter",
            "Id": "cefa3"
          },
          "VertexIndex": 3,
          "Scale": 20,
          "Weight": 100,
          "Type": "Angle",
          "Reflect": false
        },
        {
          "Destination": {
            "Target": "Parameter",
            "Id": "houfmao1"
          },
          "VertexIndex": 2,
          "Scale": 20,
          "Weight": 100,
          "Type": "Angle",
          "Reflect": false
        },
        {
          "Destination": {
            "Target": "Parameter",
            "Id": "houfmao2"
          },
          "VertexIndex": 3,
          "Scale": 20,
          "Weight": 100,
          "Type": "Angle",
          "Reflect": false
        },
        {
          "Destination": {
            "Target": "Parameter",
            "Id": "houfa1"
          },
          "VertexIndex": 2,
          "Scale": 20,
          "Weight": 100,
          "Type": "Angle",
          "Reflect": false
        },
        {
          "Destination": {
            "Target": "Parameter",
            "Id": "houfa2"
          },
          "VertexIndex": 3,
          "Scale": 20,
          "Weight": 100,
          "Type": "Angle",
          "Reflect": false
        }
      ],
      "Vertices": [
        {
          "Position": {
            "X": 0,
            "Y": 0
          },
          "Mobility": 0.9,
          "Delay": 0.95,
          "Acceleration": 0.9,
          "Radius": 7
        },
        {
          "Position": {
            "X": 0,
            "Y": 7
          },
          "Mobility": 0.9,
          "Delay": 0.95,
          "Acceleration": 0.9,
          "Radius": 7
        },
        {
          "Position": {
            "X": 0,
            "Y": 14
          },
          "Mobility": 0.9,
          "Delay": 0.95,
          "Acceleration": 0.9,
          "Radius": 7
        },
        {
          "Position": {
            "X": 0,
            "Y": 21
          },
          "Mobility": 0.9,
          "Delay": 0.95,
          "Acceleration": 0.9,
          "Radius": 7
        }
      ],
      "Normalization": {
        "Position": {
          "Minimum": -10,
          "Default": 0,
          "Maximum": 10
        },
        "Angle": {
          "Minimum": -10,
          "Default": 0,
          "Maximum": 10
        }
      }
    },
    {
      "Id": "PhysicsSetting2",
      "Input": [
        {
          "Source": {
            "Target": "Parameter",
            "Id": "ParamAngleX"
          },
          "Weight": 25,
          "Type": "X",
          "Reflect": false
        },
        {
          "Source": {
            "Target": "Parameter",
            "Id": "ParamAngleY"
          },
          "Weight": 25,
          "Type": "X",
          "Reflect": false
        },
        {
          "Source": {
            "Target": "Parameter",
            "Id": "sdtwl"
          },
          "Weight": 25,
          "Type": "X",
          "Reflect": false
        },
        {
          "Source": {
            "Target": "Parameter",
            "Id": "shoudmaowl"
          },
          "Weight": 25,
          "Type": "X",
          "Reflect": false
        }
      ],
      "Output": [
        {
          "Destination": {
            "Target": "Parameter",
            "Id": "maoewl1"
          },
          "VertexIndex": 2,
          "Scale": 20,
          "Weight": 100,
          "Type": "Angle",
          "Reflect": false
        },
        {
          "Destination": {
            "Target": "Parameter",
            "Id": "maoewl2"
          },
          "VertexIndex": 3,
          "Scale": 20,
          "Weight": 100,
          "Type": "Angle",
          "Reflect": false
        },
        {
          "Destination": {
            "Target": "Parameter",
            "Id": "maosheng1"
          },
          "VertexIndex": 2,
          "Scale": 20,
          "Weight": 100,
          "Type": "Angle",
          "Reflect": false
        },
        {
          "Destination": {
            "Target": "Parameter",
            "Id": "maosheng2"
          },
          "VertexIndex": 3,
          "Scale": 20,
          "Weight": 100,
          "Type": "Angle",
          "Reflect": false
        }
      ],
      "Vertices": [
        {
          "Position": {
            "X": 0,
            "Y": 0
          },
          "Mobility": 0.93,
          "Delay": 0.9,
          "Acceleration": 0.85,
          "Radius": 0
        },
        {
          "Position": {
            "X": 0,
            "Y": 10
          },
          "Mobility": 0.93,
          "Delay": 0.9,
          "Acceleration": 0.85,
          "Radius": 10
        },
        {
          "Position": {
            "X": 0,
            "Y": 20
          },
          "Mobility": 0.93,
          "Delay": 0.9,
          "Acceleration": 0.85,
          "Radius": 10
        },
        {
          "Position": {
            "X": 0,
            "Y": 30
          },
          "Mobility": 0.93,
          "Delay": 0.9,
          "Acceleration": 0.85,
          "Radius": 10
        }
      ],
      "Normalization": {
        "Position": {
          "Minimum": -10,
          "Default": 0,
          "Maximum": 10
        },
        "Angle": {
          "Minimum": -10,
          "Default": 0,
          "Maximum": 10
        }
      }
    },
    {
      "Id": "PhysicsSetting3",
      "Input": [
        {
          "Source": {
            "Target": "Parameter",
            "Id": "ParamAngleX"
          },
          "Weight": 25,
          "Type": "X",
          "Reflect": false
        },
        {
          "Source": {
            "Target": "Parameter",
            "Id": "ParamAngleY"
          },
          "Weight": 25,
          "Type": "X",
          "Reflect": false
        },
        {
          "Source": {
            "Target": "Parameter",
            "Id": "sdtwl"
          },
          "Weight": 25,
          "Type": "X",
          "Reflect": false
        }
      ],
      "Output": [
        {
          "Destination": {
            "Target": "Parameter",
            "Id": "xionghdj1"
          },
          "VertexIndex": 2,
          "Scale": 20,
          "Weight": 100,
          "Type": "Angle",
          "Reflect": false
        },
        {
          "Destination": {
            "Target": "Parameter",
            "Id": "xionghdj2"
          },
          "VertexIndex": 3,
          "Scale": 20,
          "Weight": 100,
          "Type": "Angle",
          "Reflect": false
        }
      ],
      "Vertices": [
        {
          "Position": {
            "X": 0,
            "Y": 0
          },
          "Mobility": 0.93,
          "Delay": 0.8,
          "Acceleration": 0.9,
          "Radius": 0
        },
        {
          "Position": {
            "X": 0,
            "Y": 10
          },
          "Mobility": 0.96,
          "Delay": 1,
          "Acceleration": 0.9,
          "Radius": 10
        },
        {
          "Position": {
            "X": 0,
            "Y": 20
          },
          "Mobility": 0.8,
          "Delay": 0.85,
          "Acceleration": 0.9,
          "Radius": 10
        },
        {
          "Position": {
            "X": 0,
            "Y": 30
          },
          "Mobility": 0.8,
          "Delay": 0.85,
          "Acceleration": 0.9,
          "Radius": 10
        }
      ],
      "Normalization": {
        "Position": {
          "Minimum": -10,
          "Default": 0,
          "Maximum": 10
        },
        "Angle": {
          "Minimum": -10,
          "Default": 0,
          "Maximum": 10
        }
      }
    },
    {
      "Id": "PhysicsSetting4",
      "Input": [
        {
          "Source": {
            "Target": "Parameter",
            "Id": "sdweib"
          },
          "Weight": 50,
          "Type": "X",
          "Reflect": false
        },
        {
          "Source": {
            "Target": "Parameter",
            "Id": "ParamAngleX"
          },
          "Weight": 25,
          "Type": "X",
          "Reflect": false
        },
        {
          "Source": {
            "Target": "Parameter",
            "Id": "ParamAngleY"
          },
          "Weight": 25,
          "Type": "X",
          "Reflect": false
        }
      ],
      "Output": [
        {
          "Destination": {
            "Target": "Parameter",
            "Id": "weidai2"
          },
          "VertexIndex": 1,
          "Scale": 15,
          "Weight": 100,
          "Type": "Angle",
          "Reflect": false
        },
        {
          "Destination": {
            "Target": "Parameter",
            "Id": "weidai3"
          },
          "VertexIndex": 2,
          "Scale": 15,
          "Weight": 100,
          "Type": "Angle",
          "Reflect": false
        },
        {
          "Destination": {
            "Target": "Parameter",
            "Id": "weidai4"
          },
          "VertexIndex": 3,
          "Scale": 15,
          "Weight": 100,
          "Type": "Angle",
          "Reflect": false
        },
        {
          "Destination": {
            "Target": "Parameter",
            "Id": "weidai5"
          },
          "VertexIndex": 4,
          "Scale": 15,
          "Weight": 100,
          "Type": "Angle",
          "Reflect": false
        },
        {
          "Destination": {
            "Target": "Parameter",
            "Id": "weidai6"
          },
          "VertexIndex": 5,
          "Scale": 15,
          "Weight": 100,
          "Type": "Angle",
          "Reflect": false
        },
        {
          "Destination": {
            "Target": "Parameter",
            "Id": "weidai7"
          },
          "VertexIndex": 6,
          "Scale": 15,
          "Weight": 100,
          "Type": "Angle",
          "Reflect": false
        },
        {
          "Destination": {
            "Target": "Parameter",
            "Id": "weidai8"
          },
          "VertexIndex": 7,
          "Scale": 15,
          "Weight": 100,
          "Type": "Angle",
          "Reflect": false
        },
        {
          "Destination": {
            "Target": "Parameter",
            "Id": "weidai9"
          },
          "VertexIndex": 8,
          "Scale": 15,
          "Weight": 100,
          "Type": "Angle",
          "Reflect": false
        },
        {
          "Destination": {
            "Target": "Parameter",
            "Id": "weidai10"
          },
          "VertexIndex": 9,
          "Scale": 15,
          "Weight": 100,
          "Type": "Angle",
          "Reflect": false
        },
        {
          "Destination": {
            "Target": "Parameter",
            "Id": "weidai11"
          },
          "VertexIndex": 10,
          "Scale": 15,
          "Weight": 100,
          "Type": "Angle",
          "Reflect": false
        },
        {
          "Destination": {
            "Target": "Parameter",
            "Id": "weidai12"
          },
          "VertexIndex": 11,
          "Scale": 15,
          "Weight": 100,
          "Type": "Angle",
          "Reflect": false
        },
        {
          "Destination": {
            "Target": "Parameter",
            "Id": "weidai13"
          },
          "VertexIndex": 12,
          "Scale": 15,
          "Weight": 100,
          "Type": "Angle",
          "Reflect": false
        },
        {
          "Destination": {
            "Target": "Parameter",
            "Id": "weidai14"
          },
          "VertexIndex": 13,
          "Scale": 15,
          "Weight": 100,
          "Type": "Angle",
          "Reflect": false
        },
        {
          "Destination": {
            "Target": "Parameter",
            "Id": "weidai15"
          },
          "VertexIndex": 14,
          "Scale": 15,
          "Weight": 100,
          "Type": "Angle",
          "Reflect": false
        },
        {
          "Destination": {
            "Target": "Parameter",
            "Id": "weidai16"
          },
          "VertexIndex": 15,
          "Scale": 15,
          "Weight": 100,
          "Type": "Angle",
          "Reflect": false
        },
        {
          "Destination": {
            "Target": "Parameter",
            "Id": "weidai17"
          },
          "VertexIndex": 16,
          "Scale": 15,
          "Weight": 100,
          "Type": "Angle",
          "Reflect": false
        },
        {
          "Destination": {
            "Target": "Parameter",
            "Id": "weidai18"
          },
          "VertexIndex": 17,
          "Scale": 15,
          "Weight": 100,
          "Type": "Angle",
          "Reflect": false
        },
        {
          "Destination": {
            "Target": "Parameter",
            "Id": "yanweiwl"
          },
          "VertexIndex": 4,
          "Scale": 12,
          "Weight": 100,
          "Type": "Angle",
          "Reflect": false
        },
        {
          "Destination": {
            "Target": "Parameter",
            "Id": "yanweiwl2"
          },
          "VertexIndex": 7,
          "Scale": 12,
          "Weight": 100,
          "Type": "Angle",
          "Reflect": false
        }
      ],
      "Vertices": [
        {
          "Position": {
            "X": 0,
            "Y": 0
          },
          "Mobility": 0.86,
          "Delay": 0.7,
          "Acceleration": 0.7,
          "Radius": 8
        },
        {
          "Position": {
            "X": 0,
            "Y": 8
          },
          "Mobility": 0.86,
          "Delay": 0.7,
          "Acceleration": 0.7,
          "Radius": 8
        },
        {
          "Position": {
            "X": 0,
            "Y": 16
          },
          "Mobility": 0.86,
          "Delay": 0.7,
          "Acceleration": 0.7,
          "Radius": 8
        },
        {
          "Position": {
            "X": 0,
            "Y": 24
          },
          "Mobility": 0.86,
          "Delay": 0.7,
          "Acceleration": 0.7,
          "Radius": 8
        },
        {
          "Position": {
            "X": 0,
            "Y": 32
          },
          "Mobility": 0.86,
          "Delay": 0.7,
          "Acceleration": 0.7,
          "Radius": 8
        },
        {
          "Position": {
            "X": 0,
            "Y": 40
          },
          "Mobility": 0.86,
          "Delay": 0.7,
          "Acceleration": 0.7,
          "Radius": 8
        },
        {
          "Position": {
            "X": 0,
            "Y": 48
          },
          "Mobility": 0.86,
          "Delay": 0.7,
          "Acceleration": 0.7,
          "Radius": 8
        },
        {
          "Position": {
            "X": 0,
            "Y": 56
          },
          "Mobility": 0.86,
          "Delay": 0.7,
          "Acceleration": 0.7,
          "Radius": 8
        },
        {
          "Position": {
            "X": 0,
            "Y": 64
          },
          "Mobility": 0.86,
          "Delay": 0.7,
          "Acceleration": 0.7,
          "Radius": 8
        },
        {
          "Position": {
            "X": 0,
            "Y": 72
          },
          "Mobility": 0.86,
          "Delay": 0.7,
          "Acceleration": 0.7,
          "Radius": 8
        },
        {
          "Position": {
            "X": 0,
            "Y": 80
          },
          "Mobility": 0.86,
          "Delay": 0.7,
          "Acceleration": 0.7,
          "Radius": 8
        },
        {
          "Position": {
            "X": 0,
            "Y": 88
          },
          "Mobility": 0.86,
          "Delay": 0.7,
          "Acceleration": 0.7,
          "Radius": 8
        },
        {
          "Position": {
            "X": 0,
            "Y": 96
          },
          "Mobility": 0.86,
          "Delay": 0.7,
          "Acceleration": 0.7,
          "Radius": 8
        },
        {
          "Position": {
            "X": 0,
            "Y": 104
          },
          "Mobility": 0.86,
          "Delay": 0.7,
          "Acceleration": 0.7,
          "Radius": 8
        },
        {
          "Position": {
            "X": 0,
            "Y": 112
          },
          "Mobility": 0.86,
          "Delay": 0.7,
          "Acceleration": 0.7,
          "Radius": 8
        },
        {
          "Position": {
            "X": 0,
            "Y": 120
          },
          "Mobility": 0.86,
          "Delay": 0.7,
          "Acceleration": 0.7,
          "Radius": 8
        },
        {
          "Position": {
            "X": 0,
            "Y": 128
          },
          "Mobility": 0.86,
          "Delay": 0.7,
          "Acceleration": 0.7,
          "Radius": 8
        },
        {
          "Position": {
            "X": 0,
            "Y": 136
          },
          "Mobility": 0.86,
          "Delay": 0.7,
          "Acceleration": 0.7,
          "Radius": 8
        }
      ],
      "Normalization": {
        "Position": {
          "Minimum": -10,
          "Default": 0,
          "Maximum": 10
        },
        "Angle": {
          "Minimum": -10,
          "Default": 0,
          "Maximum": 10
        }
      }
    },
    {
      "Id": "PhysicsSetting5",
      "Input": [
        {
          "Source": {
            "Target": "Parameter",
            "Id": "ParamAngleX"
          },
          "Weight": 25,
          "Type": "X",
          "Reflect": false
        },
        {
          "Source": {
            "Target": "Parameter",
            "Id": "ParamAngleY"
          },
          "Weight": 25,
          "Type": "X",
          "Reflect": false
        },
        {
          "Source": {
            "Target": "Parameter",
            "Id": "LxiongsdX"
          },
          "Weight": 100,
          "Type": "Angle",
          "Reflect": false
        },
        {
          "Source": {
            "Target": "Parameter",
            "Id": "sdxiong"
          },
          "Weight": 30,
          "Type": "X",
          "Reflect": false
        },
        {
          "Source": {
            "Target": "Parameter",
            "Id": "ParamBodyAngleX"
          },
          "Weight": 6,
          "Type": "X",
          "Reflect": false
        }
      ],
      "Output": [
        {
          "Destination": {
            "Target": "Parameter",
            "Id": "LnaidaX"
          },
          "VertexIndex": 1,
          "Scale": 17,
          "Weight": 100,
          "Type": "Angle",
          "Reflect": true
        },
        {
          "Destination": {
            "Target": "Parameter",
            "Id": "lnaixiaoX"
          },
          "VertexIndex": 2,
          "Scale": 17,
          "Weight": 100,
          "Type": "Angle",
          "Reflect": true
        }
      ],
      "Vertices": [
        {
          "Position": {
            "X": 0,
            "Y": 0
          },
          "Mobility": 0.85,
          "Delay": 0.83,
          "Acceleration": 1.5,
          "Radius": 8
        },
        {
          "Position": {
            "X": 0,
            "Y": 8
          },
          "Mobility": 0.9,
          "Delay": 0.95,
          "Acceleration": 1.5,
          "Radius": 8
        },
        {
          "Position": {
            "X": 0,
            "Y": 16
          },
          "Mobility": 0.85,
          "Delay": 0.95,
          "Acceleration": 1.5,
          "Radius": 8
        },
        {
          "Position": {
            "X": 0,
            "Y": 24
          },
          "Mobility": 0.5,
          "Delay": 0.95,
          "Acceleration": 1.5,
          "Radius": 8
        }
      ],
      "Normalization": {
        "Position": {
          "Minimum": -10,
          "Default": 0,
          "Maximum": 10
        },
        "Angle": {
          "Minimum": -10,
          "Default": 0,
          "Maximum": 10
        }
      }
    },
    {
      "Id": "PhysicsSetting6",
      "Input": [
        {
          "Source": {
            "Target": "Parameter",
            "Id": "ParamAngleX"
          },
          "Weight": 25,
          "Type": "X",
          "Reflect": false
        },
        {
          "Source": {
            "Target": "Parameter",
            "Id": "ParamAngleY"
          },
          "Weight": 25,
          "Type": "X",
          "Reflect": false
        },
        {
          "Source": {
            "Target": "Parameter",
            "Id": "RxiongsdX"
          },
          "Weight": 100,
          "Type": "Angle",
          "Reflect": false
        },
        {
          "Source": {
            "Target": "Parameter",
            "Id": "sdxiong"
          },
          "Weight": 30,
          "Type": "X",
          "Reflect": false
        },
        {
          "Source": {
            "Target": "Parameter",
            "Id": "ParamBodyAngleX"
          },
          "Weight": 6,
          "Type": "X",
          "Reflect": false
        }
      ],
      "Output": [
        {
          "Destination": {
            "Target": "Parameter",
            "Id": "rnaidaX"
          },
          "VertexIndex": 1,
          "Scale": 17,
          "Weight": 100,
          "Type": "Angle",
          "Reflect": false
        },
        {
          "Destination": {
            "Target": "Parameter",
            "Id": "rnaixiaoX"
          },
          "VertexIndex": 2,
          "Scale": 17,
          "Weight": 100,
          "Type": "Angle",
          "Reflect": false
        }
      ],
      "Vertices": [
        {
          "Position": {
            "X": 0,
            "Y": 0
          },
          "Mobility": 0.85,
          "Delay": 0.83,
          "Acceleration": 1.5,
          "Radius": 8
        },
        {
          "Position": {
            "X": 0,
            "Y": 7.8
          },
          "Mobility": 0.9,
          "Delay": 0.93,
          "Acceleration": 1.5,
          "Radius": 7.8
        },
        {
          "Position": {
            "X": 0,
            "Y": 15.8
          },
          "Mobility": 0.85,
          "Delay": 0.95,
          "Acceleration": 1.5,
          "Radius": 8
        },
        {
          "Position": {
            "X": 0,
            "Y": 23.8
          },
          "Mobility": 0.5,
          "Delay": 0.95,
          "Acceleration": 1.5,
          "Radius": 8
        }
      ],
      "Normalization": {
        "Position": {
          "Minimum": -10,
          "Default": 0,
          "Maximum": 10
        },
        "Angle": {
          "Minimum": -10,
          "Default": 0,
          "Maximum": 10
        }
      }
    },
    {
      "Id": "PhysicsSetting7",
      "Input": [
        {
          "Source": {
            "Target": "Parameter",
            "Id": "ParamAngleX"
          },
          "Weight": 25,
          "Type": "X",
          "Reflect": false
        },
        {
          "Source": {
            "Target": "Parameter",
            "Id": "ParamAngleY"
          },
          "Weight": 25,
          "Type": "X",
          "Reflect": false
        },
        {
          "Source": {
            "Target": "Parameter",
            "Id": "LxiongsdY"
          },
          "Weight": 100,
          "Type": "Angle",
          "Reflect": false
        },
        {
          "Source": {
            "Target": "Parameter",
            "Id": "sdxiong"
          },
          "Weight": 40,
          "Type": "X",
          "Reflect": false
        },
        {
          "Source": {
            "Target": "Parameter",
            "Id": "ParamBodyAngleX"
          },
          "Weight": 10,
          "Type": "X",
          "Reflect": false
        }
      ],
      "Output": [
        {
          "Destination": {
            "Target": "Parameter",
            "Id": "LnaidaY"
          },
          "VertexIndex": 2,
          "Scale": 15,
          "Weight": 100,
          "Type": "Angle",
          "Reflect": false
        },
        {
          "Destination": {
            "Target": "Parameter",
            "Id": "lnaixiaoY"
          },
          "VertexIndex": 3,
          "Scale": 15,
          "Weight": 100,
          "Type": "Angle",
          "Reflect": false
        }
      ],
      "Vertices": [
        {
          "Position": {
            "X": 0,
            "Y": 0
          },
          "Mobility": 0.85,
          "Delay": 0.8,
          "Acceleration": 1.5,
          "Radius": 8
        },
        {
          "Position": {
            "X": 0,
            "Y": 8
          },
          "Mobility": 0.88,
          "Delay": 0.93,
          "Acceleration": 1.5,
          "Radius": 8
        },
        {
          "Position": {
            "X": 0,
            "Y": 16
          },
          "Mobility": 0.85,
          "Delay": 0.93,
          "Acceleration": 1.5,
          "Radius": 8
        },
        {
          "Position": {
            "X": 0,
            "Y": 24
          },
          "Mobility": 0.7,
          "Delay": 0.93,
          "Acceleration": 1.5,
          "Radius": 8
        },
        {
          "Position": {
            "X": 0,
            "Y": 34
          },
          "Mobility": 0.5,
          "Delay": 1,
          "Acceleration": 1.5,
          "Radius": 10
        }
      ],
      "Normalization": {
        "Position": {
          "Minimum": -10,
          "Default": 0,
          "Maximum": 10
        },
        "Angle": {
          "Minimum": -10,
          "Default": 0,
          "Maximum": 10
        }
      }
    },
    {
      "Id": "PhysicsSetting8",
      "Input": [
        {
          "Source": {
            "Target": "Parameter",
            "Id": "ParamAngleX"
          },
          "Weight": 25,
          "Type": "X",
          "Reflect": false
        },
        {
          "Source": {
            "Target": "Parameter",
            "Id": "ParamAngleY"
          },
          "Weight": 25,
          "Type": "X",
          "Reflect": false
        },
        {
          "Source": {
            "Target": "Parameter",
            "Id": "RxiongsdY"
          },
          "Weight": 100,
          "Type": "Angle",
          "Reflect": false
        },
        {
          "Source": {
            "Target": "Parameter",
            "Id": "sdxiong"
          },
          "Weight": 40,
          "Type": "X",
          "Reflect": false
        },
        {
          "Source": {
            "Target": "Parameter",
            "Id": "ParamBodyAngleX"
          },
          "Weight": 10,
          "Type": "X",
          "Reflect": false
        }
      ],
      "Output": [
        {
          "Destination": {
            "Target": "Parameter",
            "Id": "rnaidaY"
          },
          "VertexIndex": 2,
          "Scale": 15,
          "Weight": 100,
          "Type": "Angle",
          "Reflect": false
        },
        {
          "Destination": {
            "Target": "Parameter",
            "Id": "rnaixiaoY"
          },
          "VertexIndex": 3,
          "Scale": 15,
          "Weight": 100,
          "Type": "Angle",
          "Reflect": false
        }
      ],
      "Vertices": [
        {
          "Position": {
            "X": 0,
            "Y": 0
          },
          "Mobility": 0.85,
          "Delay": 0.8,
          "Acceleration": 1.5,
          "Radius": 8
        },
        {
          "Position": {
            "X": 0,
            "Y": 7.8
          },
          "Mobility": 0.87,
          "Delay": 0.94,
          "Acceleration": 1.5,
          "Radius": 7.8
        },
        {
          "Position": {
            "X": 0,
            "Y": 15.8
          },
          "Mobility": 0.85,
          "Delay": 0.93,
          "Acceleration": 1.5,
          "Radius": 8
        },
        {
          "Position": {
            "X": 0,
            "Y": 23.8
          },
          "Mobility": 0.7,
          "Delay": 0.93,
          "Acceleration": 1.5,
          "Radius": 8
        },
        {
          "Position": {
            "X": 0,
            "Y": 33.8
          },
          "Mobility": 0.5,
          "Delay": 1,
          "Acceleration": 1.5,
          "Radius": 10
        }
      ],
      "Normalization": {
        "Position": {
          "Minimum": -10,
          "Default": 0,
          "Maximum": 10
        },
        "Angle": {
          "Minimum": -10,
          "Default": 0,
          "Maximum": 10
        }
      }
    },
    {
      "Id": "PhysicsSetting9",
      "Input": [
        {
          "Source": {
            "Target": "Parameter",
            "Id": "ParamAngleX"
          },
          "Weight": 25,
          "Type": "X",
          "Reflect": false
        },
        {
          "Source": {
            "Target": "Parameter",
            "Id": "ParamAngleY"
          },
          "Weight": 25,
          "Type": "X",
          "Reflect": false
        },
        {
          "Source": {
            "Target": "Parameter",
            "Id": "sdxiong"
          },
          "Weight": 30,
          "Type": "X",
          "Reflect": false
        }
      ],
      "Output": [
        {
          "Destination": {
            "Target": "Parameter",
            "Id": "rnaigwl1"
          },
          "VertexIndex": 1,
          "Scale": 20,
          "Weight": 100,
          "Type": "Angle",
          "Reflect": false
        },
        {
          "Destination": {
            "Target": "Parameter",
            "Id": "rnaigwl2"
          },
          "VertexIndex": 2,
          "Scale": 20,
          "Weight": 100,
          "Type": "Angle",
          "Reflect": false
        },
        {
          "Destination": {
            "Target": "Parameter",
            "Id": "rnaigwl3"
          },
          "VertexIndex": 3,
          "Scale": 20,
          "Weight": 100,
          "Type": "Angle",
          "Reflect": false
        },
        {
          "Destination": {
            "Target": "Parameter",
            "Id": "lnaigwl1"
          },
          "VertexIndex": 1,
          "Scale": 20,
          "Weight": 100,
          "Type": "Angle",
          "Reflect": true
        },
        {
          "Destination": {
            "Target": "Parameter",
            "Id": "lnaigwl2"
          },
          "VertexIndex": 2,
          "Scale": 20,
          "Weight": 100,
          "Type": "Angle",
          "Reflect": true
        },
        {
          "Destination": {
            "Target": "Parameter",
            "Id": "lnaigwl3"
          },
          "VertexIndex": 3,
          "Scale": 20,
          "Weight": 100,
          "Type": "Angle",
          "Reflect": true
        }
      ],
      "Vertices": [
        {
          "Position": {
            "X": 0,
            "Y": 0
          },
          "Mobility": 0.85,
          "Delay": 0.8,
          "Acceleration": 0.88,
          "Radius": 6
        },
        {
          "Position": {
            "X": 0,
            "Y": 6
          },
          "Mobility": 0.85,
          "Delay": 0.93,
          "Acceleration": 0.88,
          "Radius": 6
        },
        {
          "Position": {
            "X": 0,
            "Y": 12
          },
          "Mobility": 0.85,
          "Delay": 0.93,
          "Acceleration": 0.88,
          "Radius": 6
        },
        {
          "Position": {
            "X": 0,
            "Y": 15
          },
          "Mobility": 1,
          "Delay": 0.93,
          "Acceleration": 0.9,
          "Radius": 3
        }
      ],
      "Normalization": {
        "Position": {
          "Minimum": -10,
          "Default": 0,
          "Maximum": 10
        },
        "Angle": {
          "Minimum": -10,
          "Default": 0,
          "Maximum": 10
        }
      }
    },
    {
      "Id": "PhysicsSetting10",
      "Input": [
        {
          "Source": {
            "Target": "Parameter",
            "Id": "ParamAngleX"
          },
          "Weight": 25,
          "Type": "X",
          "Reflect": false
        },
        {
          "Source": {
            "Target": "Parameter",
            "Id": "ParamAngleY"
          },
          "Weight": 25,
          "Type": "X",
          "Reflect": false
        },
        {
          "Source": {
            "Target": "Parameter",
            "Id": "sdxiong"
          },
          "Weight": 30,
          "Type": "X",
          "Reflect": false
        }
      ],
      "Output": [
        {
          "Destination": {
            "Target": "Parameter",
            "Id": "rnaigwl1"
          },
          "VertexIndex": 1,
          "Scale": 20,
          "Weight": 100,
          "Type": "Angle",
          "Reflect": false
        },
        {
          "Destination": {
            "Target": "Parameter",
            "Id": "rnaigwl2"
          },
          "VertexIndex": 2,
          "Scale": 20,
          "Weight": 100,
          "Type": "Angle",
          "Reflect": false
        },
        {
          "Destination": {
            "Target": "Parameter",
            "Id": "rnaigwl3"
          },
          "VertexIndex": 3,
          "Scale": 20,
          "Weight": 100,
          "Type": "Angle",
          "Reflect": false
        }
      ],
      "Vertices": [
        {
          "Position": {
            "X": 0,
            "Y": 0
          },
          "Mobility": 0.85,
          "Delay": 0.8,
          "Acceleration": 0.88,
          "Radius": 6
        },
        {
          "Position": {
            "X": 0,
            "Y": 6.3
          },
          "Mobility": 0.85,
          "Delay": 0.95,
          "Acceleration": 0.88,
          "Radius": 6.3
        },
        {
          "Position": {
            "X": 0,
            "Y": 12.3
          },
          "Mobility": 0.85,
          "Delay": 0.93,
          "Acceleration": 0.88,
          "Radius": 6
        },
        {
          "Position": {
            "X": 0,
            "Y": 15.3
          },
          "Mobility": 1,
          "Delay": 0.93,
          "Acceleration": 0.9,
          "Radius": 3
        }
      ],
      "Normalization": {
        "Position": {
          "Minimum": -10,
          "Default": 0,
          "Maximum": 10
        },
        "Angle": {
          "Minimum": -10,
          "Default": 0,
          "Maximum": 10
        }
      }
    },
    {
      "Id": "PhysicsSetting11",
      "Input": [
        {
          "Source": {
            "Target": "Parameter",
            "Id": "sdtwl"
          },
          "Weight": 25,
          "Type": "X",
          "Reflect": false
        },
        {
          "Source": {
            "Target": "Parameter",
            "Id": "ParamAngleX"
          },
          "Weight": 25,
          "Type": "X",
          "Reflect": false
        },
        {
          "Source": {
            "Target": "Parameter",
            "Id": "ParamAngleY"
          },
          "Weight": 25,
          "Type": "X",
          "Reflect": false
        }
      ],
      "Output": [
        {
          "Destination": {
            "Target": "Parameter",
            "Id": "erhuan"
          },
          "VertexIndex": 2,
          "Scale": 20,
          "Weight": 100,
          "Type": "Angle",
          "Reflect": false
        }
      ],
      "Vertices": [
        {
          "Position": {
            "X": 0,
            "Y": 0
          },
          "Mobility": 1,
          "Delay": 1,
          "Acceleration": 1,
          "Radius": 0
        },
        {
          "Position": {
            "X": 0,
            "Y": 7
          },
          "Mobility": 0.95,
          "Delay": 1,
          "Acceleration": 1.2,
          "Radius": 7
        },
        {
          "Position": {
            "X": 0,
            "Y": 14
          },
          "Mobility": 0.95,
          "Delay": 1,
          "Acceleration": 1.3,
          "Radius": 7
        }
      ],
      "Normalization": {
        "Position": {
          "Minimum": -10,
          "Default": 0,
          "Maximum": 10
        },
        "Angle": {
          "Minimum": -10,
          "Default": 0,
          "Maximum": 10
        }
      }
    },
    {
      "Id": "PhysicsSetting12",
      "Input": [
        {
          "Source": {
            "Target": "Parameter",
            "Id": "ParamEyeLOpen"
          },
          "Weight": 25,
          "Type": "X",
          "Reflect": false
        }
      ],
      "Output": [
        {
          "Destination": {
            "Target": "Parameter",
            "Id": "Lyangg"
          },
          "VertexIndex": 2,
          "Scale": 10,
          "Weight": 100,
          "Type": "Angle",
          "Reflect": false
        }
      ],
      "Vertices": [
        {
          "Position": {
            "X": 0,
            "Y": 0
          },
          "Mobility": 0.93,
          "Delay": 0.98,
          "Acceleration": 1,
          "Radius": 0
        },
        {
          "Position": {
            "X": 0,
            "Y": 3
          },
          "Mobility": 0.93,
          "Delay": 0.98,
          "Acceleration": 0.9,
          "Radius": 3
        },
        {
          "Position": {
            "X": 0,
            "Y": 8
          },
          "Mobility": 0.93,
          "Delay": 0.98,
          "Acceleration": 0.9,
          "Radius": 5
        }
      ],
      "Normalization": {
        "Position": {
          "Minimum": -1,
          "Default": 0,
          "Maximum": 1
        },
        "Angle": {
          "Minimum": -10,
          "Default": 0,
          "Maximum": 10
        }
      }
    },
    {
      "Id": "PhysicsSetting13",
      "Input": [
        {
          "Source": {
            "Target": "Parameter",
            "Id": "ParamEyeROpen"
          },
          "Weight": 25,
          "Type": "X",
          "Reflect": false
        }
      ],
      "Output": [
        {
          "Destination": {
            "Target": "Parameter",
            "Id": "Ryangg"
          },
          "VertexIndex": 2,
          "Scale": 10,
          "Weight": 100,
          "Type": "Angle",
          "Reflect": false
        }
      ],
      "Vertices": [
        {
          "Position": {
            "X": 0,
            "Y": 0
          },
          "Mobility": 0.93,
          "Delay": 0.98,
          "Acceleration": 1,
          "Radius": 0
        },
        {
          "Position": {
            "X": 0,
            "Y": 3
          },
          "Mobility": 0.93,
          "Delay": 0.98,
          "Acceleration": 0.9,
          "Radius": 3
        },
        {
          "Position": {
            "X": 0,
            "Y": 8
          },
          "Mobility": 0.93,
          "Delay": 0.98,
          "Acceleration": 0.9,
          "Radius": 5
        }
      ],
      "Normalization": {
        "Position": {
          "Minimum": -1,
          "Default": 0,
          "Maximum": 1
        },
        "Angle": {
          "Minimum": -10,
          "Default": 0,
          "Maximum": 10
        }
      }
    },
    {
      "Id": "PhysicsSetting14",
      "Input": [
        {
          "Source": {
            "Target": "Parameter",
            "Id": "touch_drag6"
          },
          "Weight": 100,
          "Type": "Angle",
          "Reflect": false
        }
      ],
      "Output": [
        {
          "Destination": {
            "Target": "Parameter",
            "Id": "bianswl"
          },
          "VertexIndex": 1,
          "Scale": 7,
          "Weight": 100,
          "Type": "Angle",
          "Reflect": false
        }
      ],
      "Vertices": [
        {
          "Position": {
            "X": 0,
            "Y": 0
          },
          "Mobility": 0.8,
          "Delay": 1,
          "Acceleration": 1,
          "Radius": 4
        },
        {
          "Position": {
            "X": 0,
            "Y": 5
          },
          "Mobility": 0.1,
          "Delay": 0.5,
          "Acceleration": 1,
          "Radius": 5
        }
      ],
      "Normalization": {
        "Position": {
          "Minimum": -10,
          "Default": 0,
          "Maximum": 10
        },
        "Angle": {
          "Minimum": -10,
          "Default": 0,
          "Maximum": 10
        }
      }
    },
    {
      "Id": "PhysicsSetting15",
      "Input": [
        {
          "Source": {
            "Target": "Parameter",
            "Id": "touch_drag6"
          },
          "Weight": 100,
          "Type": "X",
          "Reflect": false
        }
      ],
      "Output": [
        {
          "Destination": {
            "Target": "Parameter",
            "Id": "yibspwl"
          },
          "VertexIndex": 1,
          "Scale": 1,
          "Weight": 100,
          "Type": "Angle",
          "Reflect": true
        }
      ],
      "Vertices": [
        {
          "Position": {
            "X": 0,
            "Y": 0
          },
          "Mobility": 0.8,
          "Delay": 1,
          "Acceleration": 1,
          "Radius": 4
        },
        {
          "Position": {
            "X": 0,
            "Y": 10
          },
          "Mobility": 0.7,
          "Delay": 0.7,
          "Acceleration": 3,
          "Radius": 10
        }
      ],
      "Normalization": {
        "Position": {
          "Minimum": -10,
          "Default": 0,
          "Maximum": 10
        },
        "Angle": {
          "Minimum": -10,
          "Default": 0,
          "Maximum": 10
        }
      }
    },
    {
      "Id": "PhysicsSetting16",
      "Input": [
        {
          "Source": {
            "Target": "Parameter",
            "Id": "touch_drag7"
          },
          "Weight": 100,
          "Type": "X",
          "Reflect": false
        }
      ],
      "Output": [
        {
          "Destination": {
            "Target": "Parameter",
            "Id": "quyipwl"
          },
          "VertexIndex": 1,
          "Scale": 1,
          "Weight": 100,
          "Type": "Angle",
          "Reflect": true
        }
      ],
      "Vertices": [
        {
          "Position": {
            "X": 0,
            "Y": 0
          },
          "Mobility": 0.8,
          "Delay": 1,
          "Acceleration": 1,
          "Radius": 4
        },
        {
          "Position": {
            "X": 0,
            "Y": 10
          },
          "Mobility": 0.7,
          "Delay": 0.7,
          "Acceleration": 3,
          "Radius": 10
        }
      ],
      "Normalization": {
        "Position": {
          "Minimum": -10,
          "Default": 0,
          "Maximum": 10
        },
        "Angle": {
          "Minimum": -10,
          "Default": 0,
          "Maximum": 10
        }
      }
    },
    {
      "Id": "PhysicsSetting17",
      "Input": [
        {
          "Source": {
            "Target": "Parameter",
            "Id": "touch_drag7"
          },
          "Weight": 100,
          "Type": "Angle",
          "Reflect": false
        }
      ],
      "Output": [
        {
          "Destination": {
            "Target": "Parameter",
            "Id": "fuquyi"
          },
          "VertexIndex": 1,
          "Scale": 7,
          "Weight": 100,
          "Type": "Angle",
          "Reflect": false
        }
      ],
      "Vertices": [
        {
          "Position": {
            "X": 0,
            "Y": 0
          },
          "Mobility": 0.8,
          "Delay": 1,
          "Acceleration": 1,
          "Radius": 4
        },
        {
          "Position": {
            "X": 0,
            "Y": 5
          },
          "Mobility": 0.1,
          "Delay": 0.7,
          "Acceleration": 1,
          "Radius": 5
        }
      ],
      "Normalization": {
        "Position": {
          "Minimum": -10,
          "Default": 0,
          "Maximum": 10
        },
        "Angle": {
          "Minimum": -10,
          "Default": 0,
          "Maximum": 10
        }
      }
    },
    {
      "Id": "PhysicsSetting18",
      "Input": [
        {
          "Source": {
            "Target": "Parameter",
            "Id": "sddainaix"
          },
          "Weight": 100,
          "Type": "X",
          "Reflect": false
        }
      ],
      "Output": [
        {
          "Destination": {
            "Target": "Parameter",
            "Id": "dianaxwl"
          },
          "VertexIndex": 1,
          "Scale": 10,
          "Weight": 100,
          "Type": "Angle",
          "Reflect": false
        }
      ],
      "Vertices": [
        {
          "Position": {
            "X": 0,
            "Y": 0
          },
          "Mobility": 1,
          "Delay": 1,
          "Acceleration": 1,
          "Radius": 0
        },
        {
          "Position": {
            "X": 0,
            "Y": 7
          },
          "Mobility": 0.5,
          "Delay": 0.5,
          "Acceleration": 0.48,
          "Radius": 7
        }
      ],
      "Normalization": {
        "Position": {
          "Minimum": -10,
          "Default": 0,
          "Maximum": 10
        },
        "Angle": {
          "Minimum": -10,
          "Default": 0,
          "Maximum": 10
        }
      }
    }
  ]
}