{
  "Version": 3,
  "Parameters": [
    {
      "Id": "guangbang",
      "GroupId": "",
      "Name": "光斑"
    },
    {
      "Id": "MB_guangyunbianhuan",
      "GroupId": "",
      "Name": "光晕变换"
    },
    {
      "Id": "MB_guangyundaxiao",
      "GroupId": "",
      "Name": "光晕大小"
    },
    {
      "Id": "MB_guangyunjiaodu",
      "GroupId": "",
      "Name": "光晕角度"
    },
    {
      "Id": "MB_guangyunshangxia",
      "GroupId": "",
      "Name": "光晕上下"
    },
    {
      "Id": "MB_guangyunTMD",
      "GroupId": "",
      "Name": "光晕透明度"
    },
    {
      "Id": "MB_guangyunzuoyou",
      "GroupId": "",
      "Name": "光晕左右"
    },
    {
      "Id": "Param",
      "GroupId": "",
      "Name": "脖子Z"
    },
    {
      "Id": "Param10",
      "GroupId": "",
      "Name": "眼变形"
    },
    {
      "Id": "Param100",
      "GroupId": "",
      "Name": "肚子扭"
    },
    {
      "Id": "Param101",
      "GroupId": "",
      "Name": "鸡嘴"
    },
    {
      "Id": "Param102",
      "GroupId": "",
      "Name": "草丛1X"
    },
    {
      "Id": "Param103",
      "GroupId": "",
      "Name": "草丛1Y"
    },
    {
      "Id": "Param104",
      "GroupId": "",
      "Name": "草丛2X"
    },
    {
      "Id": "Param105",
      "GroupId": "",
      "Name": "草丛2Y"
    },
    {
      "Id": "Param106",
      "GroupId": "",
      "Name": "草丛3X"
    },
    {
      "Id": "Param107",
      "GroupId": "",
      "Name": "草丛3Y"
    },
    {
      "Id": "Param108",
      "GroupId": "",
      "Name": "水波"
    },
    {
      "Id": "Param109",
      "GroupId": "",
      "Name": "青脸"
    },
    {
      "Id": "Param1099",
      "GroupId": "",
      "Name": "水波2"
    },
    {
      "Id": "Param11",
      "GroupId": "",
      "Name": "左耸肩"
    },
    {
      "Id": "Param110",
      "GroupId": "",
      "Name": "红晕"
    },
    {
      "Id": "Param1100",
      "GroupId": "",
      "Name": "水波压缩"
    },
    {
      "Id": "Param111",
      "GroupId": "",
      "Name": "右大臂2"
    },
    {
      "Id": "Param1111",
      "GroupId": "",
      "Name": "水波压缩2"
    },
    {
      "Id": "Param112",
      "GroupId": "",
      "Name": "右小臂R2"
    },
    {
      "Id": "Param113",
      "GroupId": "",
      "Name": "右小臂R3"
    },
    {
      "Id": "Param114",
      "GroupId": "",
      "Name": "右张开手"
    },
    {
      "Id": "Param115",
      "GroupId": "",
      "Name": "握拳手R2"
    },
    {
      "Id": "Param116",
      "GroupId": "",
      "Name": "握拳手R3"
    },
    {
      "Id": "Param117",
      "GroupId": "",
      "Name": "握拳手R1"
    },
    {
      "Id": "Param118",
      "GroupId": "",
      "Name": "叉腰手R"
    },
    {
      "Id": "Param119",
      "GroupId": "",
      "Name": "交叉手R"
    },
    {
      "Id": "Param12",
      "GroupId": "",
      "Name": "右耸肩"
    },
    {
      "Id": "Param120",
      "GroupId": "",
      "Name": "护胸手R"
    },
    {
      "Id": "Param121",
      "GroupId": "",
      "Name": "大臂L2"
    },
    {
      "Id": "Param122",
      "GroupId": "",
      "Name": "小臂L2"
    },
    {
      "Id": "Param123",
      "GroupId": "",
      "Name": "接拳手L"
    },
    {
      "Id": "Param124",
      "GroupId": "",
      "Name": "拍胸手L"
    },
    {
      "Id": "Param125",
      "GroupId": "",
      "Name": "握拳L2"
    },
    {
      "Id": "Param126",
      "GroupId": "",
      "Name": "戳脸手L"
    },
    {
      "Id": "Param127",
      "GroupId": "",
      "Name": "撩发手L"
    },
    {
      "Id": "Param128",
      "GroupId": "",
      "Name": "交叉手L"
    },
    {
      "Id": "Param129",
      "GroupId": "",
      "Name": "护胸手L"
    },
    {
      "Id": "Param13",
      "GroupId": "",
      "Name": "人物整体Z"
    },
    {
      "Id": "Param130",
      "GroupId": "",
      "Name": "握拳手L1"
    },
    {
      "Id": "Param131",
      "GroupId": "",
      "Name": "大臂L3"
    },
    {
      "Id": "Param132",
      "GroupId": "",
      "Name": "小臂L3"
    },
    {
      "Id": "Param133",
      "GroupId": "",
      "Name": "打招呼手L"
    },
    {
      "Id": "Param134",
      "GroupId": "",
      "Name": "大臂L2Z"
    },
    {
      "Id": "Param135",
      "GroupId": "",
      "Name": "小臂L2Z"
    },
    {
      "Id": "Param136",
      "GroupId": "",
      "Name": "接拳手LZ"
    },
    {
      "Id": "Param137",
      "GroupId": "",
      "Name": "拍胸手LZ"
    },
    {
      "Id": "Param138",
      "GroupId": "",
      "Name": "握拳L2Z"
    },
    {
      "Id": "Param139",
      "GroupId": "",
      "Name": "戳脸手LZ"
    },
    {
      "Id": "Param14",
      "GroupId": "",
      "Name": "左大臂Z"
    },
    {
      "Id": "Param140",
      "GroupId": "",
      "Name": "撩发手LZ"
    },
    {
      "Id": "Param141",
      "GroupId": "",
      "Name": "交叉手LZ"
    },
    {
      "Id": "Param142",
      "GroupId": "",
      "Name": "护胸手LZ"
    },
    {
      "Id": "Param143",
      "GroupId": "",
      "Name": "握拳手L1Z"
    },
    {
      "Id": "Param144",
      "GroupId": "",
      "Name": "大臂L2缩放"
    },
    {
      "Id": "Param145",
      "GroupId": "",
      "Name": "小臂L2缩放"
    },
    {
      "Id": "Param146",
      "GroupId": "",
      "Name": "撩发手L2"
    },
    {
      "Id": "Param147",
      "GroupId": "",
      "Name": "撩发手L2Z"
    },
    {
      "Id": "Param148",
      "GroupId": "",
      "Name": "大臂L3Z"
    },
    {
      "Id": "Param149",
      "GroupId": "",
      "Name": "小臂L3Z"
    },
    {
      "Id": "Param15",
      "GroupId": "",
      "Name": "左小臂Z"
    },
    {
      "Id": "Param150",
      "GroupId": "",
      "Name": "打招呼手LZ"
    },
    {
      "Id": "Param151",
      "GroupId": "",
      "Name": "大臂L3缩放"
    },
    {
      "Id": "Param152",
      "GroupId": "",
      "Name": "小臂L3缩放"
    },
    {
      "Id": "Param153",
      "GroupId": "",
      "Name": "大臂R2Z"
    },
    {
      "Id": "Param154",
      "GroupId": "",
      "Name": "小臂R2Z"
    },
    {
      "Id": "Param155",
      "GroupId": "",
      "Name": "握拳手R1Z"
    },
    {
      "Id": "Param156",
      "GroupId": "",
      "Name": "握拳手R2Z"
    },
    {
      "Id": "Param157",
      "GroupId": "",
      "Name": "握拳手R3Z"
    },
    {
      "Id": "Param158",
      "GroupId": "",
      "Name": "叉腰手RZ"
    },
    {
      "Id": "Param159",
      "GroupId": "",
      "Name": "交叉手RZ"
    },
    {
      "Id": "Param16",
      "GroupId": "",
      "Name": "左手Z"
    },
    {
      "Id": "Param160",
      "GroupId": "",
      "Name": "护胸手RZ"
    },
    {
      "Id": "Param161",
      "GroupId": "",
      "Name": "右小臂R3Z"
    },
    {
      "Id": "Param162",
      "GroupId": "",
      "Name": "张开手RZ"
    },
    {
      "Id": "Param163",
      "GroupId": "",
      "Name": "大臂R2缩放"
    },
    {
      "Id": "Param164",
      "GroupId": "",
      "Name": "小臂R2缩放"
    },
    {
      "Id": "Param165",
      "GroupId": "",
      "Name": "小臂R3缩放"
    },
    {
      "Id": "Param166",
      "GroupId": "",
      "Name": "整体Y"
    },
    {
      "Id": "Param167",
      "GroupId": "",
      "Name": "整体Z"
    },
    {
      "Id": "Param168",
      "GroupId": "",
      "Name": "黑屏缩放"
    },
    {
      "Id": "Param169",
      "GroupId": "",
      "Name": "黑屏位移X"
    },
    {
      "Id": "Param17",
      "GroupId": "",
      "Name": "左手变形"
    },
    {
      "Id": "Param170",
      "GroupId": "",
      "Name": "黑屏位移Y"
    },
    {
      "Id": "Param171",
      "GroupId": "",
      "Name": "下身前倾"
    },
    {
      "Id": "Param172",
      "GroupId": "",
      "Name": "食指变形"
    },
    {
      "Id": "Param173",
      "GroupId": "",
      "Name": "小臂2图层"
    },
    {
      "Id": "Param174",
      "GroupId": "",
      "Name": "胸挤压L"
    },
    {
      "Id": "Param175",
      "GroupId": "",
      "Name": "胸挤压R"
    },
    {
      "Id": "Param176",
      "GroupId": "",
      "Name": "shuiyaobai"
    },
    {
      "Id": "Param177",
      "GroupId": "",
      "Name": "嘴巴变形2"
    },
    {
      "Id": "Param178",
      "GroupId": "",
      "Name": "普通眼透明"
    },
    {
      "Id": "Param179",
      "GroupId": "",
      "Name": "参数285"
    },
    {
      "Id": "Param18",
      "GroupId": "",
      "Name": "右大臂Z"
    },
    {
      "Id": "Param181",
      "GroupId": "",
      "Name": "资源透明"
    },
    {
      "Id": "Param182",
      "GroupId": "",
      "Name": "袖章12切换"
    },
    {
      "Id": "Param183",
      "GroupId": "",
      "Name": "星星眼"
    },
    {
      "Id": "Param184",
      "GroupId": "",
      "Name": "星星特效"
    },
    {
      "Id": "Param185",
      "GroupId": "",
      "Name": "星星眼缩放"
    },
    {
      "Id": "Param186",
      "GroupId": "",
      "Name": "星星特效位移X"
    },
    {
      "Id": "Param187",
      "GroupId": "",
      "Name": "星星特效位移Y"
    },
    {
      "Id": "Param188",
      "GroupId": "",
      "Name": "右大臂位移"
    },
    {
      "Id": "Param189",
      "GroupId": "",
      "Name": "袖章切换-禁大臂"
    },
    {
      "Id": "Param19",
      "GroupId": "",
      "Name": "右小臂Z"
    },
    {
      "Id": "Param190",
      "GroupId": "",
      "Name": "胸线崩开"
    },
    {
      "Id": "Param191",
      "GroupId": "",
      "Name": "惊讶符号"
    },
    {
      "Id": "Param192",
      "GroupId": "",
      "Name": "黑框缩放"
    },
    {
      "Id": "Param193",
      "GroupId": "",
      "Name": "黑框切换"
    },
    {
      "Id": "Param194",
      "GroupId": "",
      "Name": "撩发X"
    },
    {
      "Id": "Param195",
      "GroupId": "",
      "Name": "撩发手L2变形"
    },
    {
      "Id": "Param196",
      "GroupId": "",
      "Name": "撩发Y"
    },
    {
      "Id": "Param197",
      "GroupId": "",
      "Name": "人物位置X"
    },
    {
      "Id": "Param198",
      "GroupId": "",
      "Name": "人物位置Y"
    },
    {
      "Id": "Param199",
      "GroupId": "",
      "Name": "人物缩放"
    },
    {
      "Id": "Param2",
      "GroupId": "",
      "Name": "眼球缩放"
    },
    {
      "Id": "Param20",
      "GroupId": "",
      "Name": "右手Z"
    },
    {
      "Id": "Param200",
      "GroupId": "",
      "Name": "黑屏2"
    },
    {
      "Id": "Param201",
      "GroupId": "",
      "Name": "接拳手变形"
    },
    {
      "Id": "Param202",
      "GroupId": "",
      "Name": "握拳手1变形"
    },
    {
      "Id": "Param203",
      "GroupId": "",
      "Name": "信封1透明"
    },
    {
      "Id": "Param204",
      "GroupId": "",
      "Name": "信封2透明"
    },
    {
      "Id": "Param205",
      "GroupId": "",
      "Name": "信封X"
    },
    {
      "Id": "Param206",
      "GroupId": "",
      "Name": "信封Y"
    },
    {
      "Id": "Param207",
      "GroupId": "",
      "Name": "信封旋转"
    },
    {
      "Id": "Param208",
      "GroupId": "",
      "Name": "信封2变形"
    },
    {
      "Id": "Param209",
      "GroupId": "",
      "Name": "信封缩放"
    },
    {
      "Id": "Param21",
      "GroupId": "",
      "Name": "右手变形"
    },
    {
      "Id": "Param210",
      "GroupId": "",
      "Name": "信封1旋转"
    },
    {
      "Id": "Param211",
      "GroupId": "",
      "Name": "信封2变形2"
    },
    {
      "Id": "Param212",
      "GroupId": "",
      "Name": "叉腰手RZ变形"
    },
    {
      "Id": "Param213",
      "GroupId": "",
      "Name": "胸X2"
    },
    {
      "Id": "Param214",
      "GroupId": "",
      "Name": "护胸手变形"
    },
    {
      "Id": "Param215",
      "GroupId": "",
      "Name": "护胸手变形"
    },
    {
      "Id": "Param216",
      "GroupId": "",
      "Name": "护胸手侧转"
    },
    {
      "Id": "Param217",
      "GroupId": "",
      "Name": "护胸手侧转"
    },
    {
      "Id": "Param218",
      "GroupId": "",
      "Name": "撩发手L1变形"
    },
    {
      "Id": "Param219",
      "GroupId": "",
      "Name": "交叉手变形"
    },
    {
      "Id": "Param22",
      "GroupId": "",
      "Name": "腿3阴影透明"
    },
    {
      "Id": "Param220",
      "GroupId": "",
      "Name": "交叉手变形"
    },
    {
      "Id": "Param221",
      "GroupId": "",
      "Name": "胸托起"
    },
    {
      "Id": "Param222",
      "GroupId": "",
      "Name": "阴影透明"
    },
    {
      "Id": "Param223",
      "GroupId": "",
      "Name": "阴影透明"
    },
    {
      "Id": "Param224",
      "GroupId": "",
      "Name": "张开手变形"
    },
    {
      "Id": "Param23",
      "GroupId": "",
      "Name": "黑屏"
    },
    {
      "Id": "Param24",
      "GroupId": "",
      "Name": "白屏"
    },
    {
      "Id": "Param245",
      "GroupId": "",
      "Name": "烦闷出现"
    },
    {
      "Id": "Param246",
      "GroupId": "",
      "Name": "烦闷变形"
    },
    {
      "Id": "Param25",
      "GroupId": "",
      "Name": "脚阴影透明"
    },
    {
      "Id": "Param26",
      "GroupId": "",
      "Name": "右臂R23图层"
    },
    {
      "Id": "Param262",
      "GroupId": "",
      "Name": "框出现"
    },
    {
      "Id": "Param27",
      "GroupId": "",
      "Name": "右大腿Z"
    },
    {
      "Id": "Param28",
      "GroupId": "",
      "Name": "右小腿Z"
    },
    {
      "Id": "Param29",
      "GroupId": "",
      "Name": "右脚Z"
    },
    {
      "Id": "Param3",
      "GroupId": "",
      "Name": "高光抖动"
    },
    {
      "Id": "Param30",
      "GroupId": "",
      "Name": "右大腿透视"
    },
    {
      "Id": "Param31",
      "GroupId": "",
      "Name": "右小腿透视"
    },
    {
      "Id": "Param32",
      "GroupId": "",
      "Name": "右脚趾变形"
    },
    {
      "Id": "Param33",
      "GroupId": "",
      "Name": "头Y"
    },
    {
      "Id": "Param34",
      "GroupId": "",
      "Name": "鸡眨眼"
    },
    {
      "Id": "Param35",
      "GroupId": "",
      "Name": "左刘海1X"
    },
    {
      "Id": "Param36",
      "GroupId": "",
      "Name": "左刘海1Y"
    },
    {
      "Id": "Param37",
      "GroupId": "",
      "Name": "左刘海2X"
    },
    {
      "Id": "Param38",
      "GroupId": "",
      "Name": "左刘海2Y"
    },
    {
      "Id": "Param39",
      "GroupId": "",
      "Name": "左刘海3X"
    },
    {
      "Id": "Param4",
      "GroupId": "",
      "Name": "瞳孔缩放"
    },
    {
      "Id": "Param40",
      "GroupId": "",
      "Name": "左刘海3Y"
    },
    {
      "Id": "Param41",
      "GroupId": "",
      "Name": "右侧发21"
    },
    {
      "Id": "Param42",
      "GroupId": "",
      "Name": "右侧发22"
    },
    {
      "Id": "Param43",
      "GroupId": "",
      "Name": "左兔耳1"
    },
    {
      "Id": "Param44",
      "GroupId": "",
      "Name": "左兔耳2"
    },
    {
      "Id": "Param45",
      "GroupId": "",
      "Name": "胸物理开关"
    },
    {
      "Id": "Param46",
      "GroupId": "",
      "Name": "胸Y"
    },
    {
      "Id": "Param47",
      "GroupId": "",
      "Name": "胸Y2"
    },
    {
      "Id": "Param48",
      "GroupId": "",
      "Name": "哨子Z"
    },
    {
      "Id": "Param49",
      "GroupId": "",
      "Name": "哨子Z2"
    },
    {
      "Id": "Param5",
      "GroupId": "",
      "Name": "胯Z"
    },
    {
      "Id": "Param50",
      "GroupId": "",
      "Name": "袖章X"
    },
    {
      "Id": "Param51",
      "GroupId": "",
      "Name": "袖章Y"
    },
    {
      "Id": "Param52",
      "GroupId": "",
      "Name": "胸X"
    },
    {
      "Id": "Param53",
      "GroupId": "",
      "Name": "胸Y"
    },
    {
      "Id": "Param54",
      "GroupId": "",
      "Name": "胸变形1"
    },
    {
      "Id": "Param55",
      "GroupId": "",
      "Name": "胸变形2"
    },
    {
      "Id": "Param56",
      "GroupId": "",
      "Name": "椅子麻绳X"
    },
    {
      "Id": "Param57",
      "GroupId": "",
      "Name": "椅子麻绳Y"
    },
    {
      "Id": "Param58",
      "GroupId": "",
      "Name": "马尾2"
    },
    {
      "Id": "Param59",
      "GroupId": "",
      "Name": "马尾3"
    },
    {
      "Id": "Param6",
      "GroupId": "",
      "Name": "人物位移X"
    },
    {
      "Id": "Param60",
      "GroupId": "",
      "Name": "马尾4"
    },
    {
      "Id": "Param61",
      "GroupId": "",
      "Name": "马尾5"
    },
    {
      "Id": "Param62",
      "GroupId": "",
      "Name": "马尾6"
    },
    {
      "Id": "Param63",
      "GroupId": "",
      "Name": "鸡位移X"
    },
    {
      "Id": "Param64",
      "GroupId": "",
      "Name": "鸡位移Y"
    },
    {
      "Id": "Param65",
      "GroupId": "",
      "Name": "鸡X"
    },
    {
      "Id": "Param66",
      "GroupId": "",
      "Name": "鸡Y"
    },
    {
      "Id": "Param67",
      "GroupId": "",
      "Name": "鸡左手"
    },
    {
      "Id": "Param68",
      "GroupId": "",
      "Name": "鸡右手"
    },
    {
      "Id": "Param69",
      "GroupId": "",
      "Name": "呆毛X"
    },
    {
      "Id": "Param7",
      "GroupId": "",
      "Name": "人物位移Y"
    },
    {
      "Id": "Param70",
      "GroupId": "",
      "Name": "呆毛Y"
    },
    {
      "Id": "Param71",
      "GroupId": "",
      "Name": "鸡Z"
    },
    {
      "Id": "Param72",
      "GroupId": "",
      "Name": "鸡右手层切换"
    },
    {
      "Id": "Param73",
      "GroupId": "",
      "Name": "鸡哨子"
    },
    {
      "Id": "Param74",
      "GroupId": "",
      "Name": "鸡哨子2"
    },
    {
      "Id": "Param75",
      "GroupId": "",
      "Name": "鸡压缩"
    },
    {
      "Id": "Param76",
      "GroupId": "",
      "Name": "右大臂缩放"
    },
    {
      "Id": "Param77",
      "GroupId": "",
      "Name": "右小臂缩放"
    },
    {
      "Id": "Param78",
      "GroupId": "",
      "Name": "左大臂缩放"
    },
    {
      "Id": "Param79",
      "GroupId": "",
      "Name": "左小臂缩放"
    },
    {
      "Id": "Param8",
      "GroupId": "",
      "Name": "上身前倾"
    },
    {
      "Id": "Param80",
      "GroupId": "",
      "Name": "右小臂层级"
    },
    {
      "Id": "Param81",
      "GroupId": "",
      "Name": "后发X"
    },
    {
      "Id": "Param82",
      "GroupId": "",
      "Name": "后发Y"
    },
    {
      "Id": "Param83",
      "GroupId": "",
      "Name": "右侧发23"
    },
    {
      "Id": "Param84",
      "GroupId": "",
      "Name": "右侧发24"
    },
    {
      "Id": "Param85",
      "GroupId": "",
      "Name": "左侧发1X"
    },
    {
      "Id": "Param86",
      "GroupId": "",
      "Name": "左侧发1Y"
    },
    {
      "Id": "Param87",
      "GroupId": "",
      "Name": "左大臂切换"
    },
    {
      "Id": "Param88",
      "GroupId": "",
      "Name": "左小臂切换"
    },
    {
      "Id": "Param89",
      "GroupId": "",
      "Name": "左手切换"
    },
    {
      "Id": "Param9",
      "GroupId": "",
      "Name": "身体Z1"
    },
    {
      "Id": "Param90",
      "GroupId": "",
      "Name": "右大臂切换"
    },
    {
      "Id": "Param91",
      "GroupId": "",
      "Name": "右小臂切换"
    },
    {
      "Id": "Param92",
      "GroupId": "",
      "Name": "右手切换"
    },
    {
      "Id": "Param93",
      "GroupId": "",
      "Name": "左大腿1透明"
    },
    {
      "Id": "Param94",
      "GroupId": "",
      "Name": "整体放大"
    },
    {
      "Id": "Param95",
      "GroupId": "",
      "Name": "整体X"
    },
    {
      "Id": "Param96",
      "GroupId": "",
      "Name": "鸡左手2"
    },
    {
      "Id": "Param97",
      "GroupId": "",
      "Name": "鸡右手2"
    },
    {
      "Id": "Param98",
      "GroupId": "",
      "Name": "鸡爪"
    },
    {
      "Id": "Param99",
      "GroupId": "",
      "Name": "挺肚子"
    },
    {
      "Id": "ParamAngleX",
      "GroupId": "",
      "Name": "角度 X"
    },
    {
      "Id": "ParamAngleY",
      "GroupId": "",
      "Name": "角度 Y"
    },
    {
      "Id": "ParamAngleZ",
      "GroupId": "",
      "Name": "角度 Z"
    },
    {
      "Id": "ParamBodyAngleX",
      "GroupId": "",
      "Name": "身体旋转　X"
    },
    {
      "Id": "ParamBodyAngleY",
      "GroupId": "",
      "Name": "身体旋转　Y"
    },
    {
      "Id": "ParamBodyAngleZ",
      "GroupId": "",
      "Name": "身体Z2"
    },
    {
      "Id": "ParamBreath",
      "GroupId": "",
      "Name": "呼吸"
    },
    {
      "Id": "ParamBrowLAngle",
      "GroupId": "",
      "Name": "左眉　角度"
    },
    {
      "Id": "ParamBrowLForm",
      "GroupId": "",
      "Name": "左眉　変形"
    },
    {
      "Id": "ParamBrowLX",
      "GroupId": "",
      "Name": "左眉　左右"
    },
    {
      "Id": "ParamBrowLY",
      "GroupId": "",
      "Name": "左眉上下"
    },
    {
      "Id": "ParamBrowRAngle",
      "GroupId": "",
      "Name": "右眉　角度"
    },
    {
      "Id": "ParamBrowRForm",
      "GroupId": "",
      "Name": "右眉　変形"
    },
    {
      "Id": "ParamBrowRX",
      "GroupId": "",
      "Name": "右眉　上下"
    },
    {
      "Id": "ParamBrowRY",
      "GroupId": "",
      "Name": "右眉　左右"
    },
    {
      "Id": "ParamEyeBallX",
      "GroupId": "",
      "Name": "眼球 X"
    },
    {
      "Id": "ParamEyeBallY",
      "GroupId": "",
      "Name": "眼球 Y"
    },
    {
      "Id": "ParamEyeLOpen",
      "GroupId": "",
      "Name": "左眼 开闭"
    },
    {
      "Id": "ParamEyeLSmile",
      "GroupId": "",
      "Name": "左眼　微笑"
    },
    {
      "Id": "ParamEyeROpen",
      "GroupId": "",
      "Name": "右眼 开闭"
    },
    {
      "Id": "ParamEyeRSmile",
      "GroupId": "",
      "Name": "右眼　微笑"
    },
    {
      "Id": "ParamHEXIE",
      "GroupId": "",
      "Name": "和谐"
    },
    {
      "Id": "ParamLegL2ON",
      "GroupId": "",
      "Name": "左大腿2透明"
    },
    {
      "Id": "ParamLegL3ON",
      "GroupId": "",
      "Name": "左大腿3透明"
    },
    {
      "Id": "ParamMouthForm",
      "GroupId": "",
      "Name": "嘴部　变形"
    },
    {
      "Id": "ParamMouthOpenY",
      "GroupId": "",
      "Name": "嘴巴　张开"
    },
    {
      "Id": "Param_Angle_Rotation39",
      "GroupId": "",
      "Name": "右兔耳1"
    },
    {
      "Id": "Param_Angle_Rotation40",
      "GroupId": "",
      "Name": "右兔耳2"
    },
    {
      "Id": "Param_Angle_Rotation44",
      "GroupId": "",
      "Name": "马尾1"
    },
    {
      "Id": "Param_Angle_Rotation67",
      "GroupId": "",
      "Name": "右侧发3_1"
    },
    {
      "Id": "Param_Angle_Rotation68",
      "GroupId": "",
      "Name": "右侧发3_2"
    },
    {
      "Id": "Param_Angle_Rotation69",
      "GroupId": "",
      "Name": "右侧发3_3"
    },
    {
      "Id": "Param_Angle_Rotation70",
      "GroupId": "",
      "Name": "右侧发3_4"
    },
    {
      "Id": "Param_Angle_Rotation71",
      "GroupId": "",
      "Name": "右侧发3_5"
    },
    {
      "Id": "Param_Angle_Rotation73",
      "GroupId": "",
      "Name": "右侧发11"
    },
    {
      "Id": "Param_Angle_Rotation74",
      "GroupId": "",
      "Name": "右侧发12"
    },
    {
      "Id": "Param_Angle_Rotation75",
      "GroupId": "",
      "Name": "右侧发13"
    },
    {
      "Id": "Param_Angle_Rotation76",
      "GroupId": "",
      "Name": "右侧发14"
    },
    {
      "Id": "Param_foot_L1_FORM",
      "GroupId": "",
      "Name": "左脚2翻转"
    },
    {
      "Id": "Param_foot_L1_Z",
      "GroupId": "",
      "Name": "左脚1旋转"
    },
    {
      "Id": "Param_foot_L2_Z",
      "GroupId": "",
      "Name": "左脚2旋转"
    },
    {
      "Id": "Param_foot_L3_Z",
      "GroupId": "",
      "Name": "左脚3Z"
    },
    {
      "Id": "Param_Leg_lower_L1_Z",
      "GroupId": "",
      "Name": "左小腿1旋转"
    },
    {
      "Id": "Param_Leg_lower_L2_Z",
      "GroupId": "",
      "Name": "左小腿2旋转"
    },
    {
      "Id": "Param_Leg_lower_L3_Z",
      "GroupId": "",
      "Name": "左小腿3Z"
    },
    {
      "Id": "Param_Leg_upper_L_Z",
      "GroupId": "",
      "Name": "左大腿旋转"
    },
    {
      "Id": "shuigaoguanshansuo",
      "GroupId": "",
      "Name": "水高光闪烁"
    },
    {
      "Id": "shuimianbianhua",
      "GroupId": "",
      "Name": "水面变化"
    },
    {
      "Id": "shuimianyaobai",
      "GroupId": "",
      "Name": "水面摇摆"
    },
    {
      "Id": "yuntmd",
      "GroupId": "",
      "Name": "云透明度"
    }
  ],
  "ParameterGroups": [],
  "Parts": [
    {
      "Id": "lian_yinying_Skinning",
      "Name": "lian_yinying(蒙皮)"
    },
    {
      "Id": "Part",
      "Name": "拆分"
    },
    {
      "Id": "Part10",
      "Name": "头部发"
    },
    {
      "Id": "Part11",
      "Name": "腿R"
    },
    {
      "Id": "Part114",
      "Name": "叉腰手R"
    },
    {
      "Id": "Part115",
      "Name": "叉腰小拇指"
    },
    {
      "Id": "Part116",
      "Name": "叉腰无名指"
    },
    {
      "Id": "Part117",
      "Name": "叉腰中指"
    },
    {
      "Id": "Part118",
      "Name": "叉腰食指"
    },
    {
      "Id": "Part119",
      "Name": "护胸手R"
    },
    {
      "Id": "Part12",
      "Name": "医疗包"
    },
    {
      "Id": "Part120",
      "Name": "护胸小拇指"
    },
    {
      "Id": "Part121",
      "Name": "护胸无名指"
    },
    {
      "Id": "Part122",
      "Name": "护胸中指"
    },
    {
      "Id": "Part123",
      "Name": "护胸食指"
    },
    {
      "Id": "Part124",
      "Name": "护胸大拇指"
    },
    {
      "Id": "Part13",
      "Name": "右腿"
    },
    {
      "Id": "Part132",
      "Name": "撩发手L"
    },
    {
      "Id": "Part133",
      "Name": "组 2"
    },
    {
      "Id": "Part134",
      "Name": "组 1"
    },
    {
      "Id": "Part14",
      "Name": "右脚"
    },
    {
      "Id": "Part15",
      "Name": "右脚趾"
    },
    {
      "Id": "Part150",
      "Name": "护胸手L"
    },
    {
      "Id": "Part151",
      "Name": "护胸小拇指"
    },
    {
      "Id": "Part152",
      "Name": "护胸无名指"
    },
    {
      "Id": "Part153",
      "Name": "护胸中指"
    },
    {
      "Id": "Part154",
      "Name": "护胸食指"
    },
    {
      "Id": "Part155",
      "Name": "护胸大拇指"
    },
    {
      "Id": "Part16",
      "Name": "腿L"
    },
    {
      "Id": "Part17",
      "Name": "左腿"
    },
    {
      "Id": "Part18",
      "Name": "左脚掌"
    },
    {
      "Id": "Part19",
      "Name": "左脚趾1"
    },
    {
      "Id": "Part2",
      "Name": "头"
    },
    {
      "Id": "Part20",
      "Name": "左脚趾2"
    },
    {
      "Id": "Part21",
      "Name": "身体"
    },
    {
      "Id": "Part22",
      "Name": "手L"
    },
    {
      "Id": "Part23",
      "Name": "左手掌"
    },
    {
      "Id": "Part24",
      "Name": "左手指"
    },
    {
      "Id": "Part25",
      "Name": "大臂R1"
    },
    {
      "Id": "Part26",
      "Name": "左后发"
    },
    {
      "Id": "Part27",
      "Name": "右后发1"
    },
    {
      "Id": "Part28",
      "Name": "椅子右扶手1"
    },
    {
      "Id": "Part29",
      "Name": "右手"
    },
    {
      "Id": "Part3",
      "Name": "帽子"
    },
    {
      "Id": "Part30",
      "Name": "右后发2"
    },
    {
      "Id": "Part31",
      "Name": "椅子右扶手2"
    },
    {
      "Id": "Part32",
      "Name": "泳圈"
    },
    {
      "Id": "Part33",
      "Name": "右后发3"
    },
    {
      "Id": "Part34",
      "Name": "椅子"
    },
    {
      "Id": "Part35",
      "Name": "小鸡"
    },
    {
      "Id": "Part36",
      "Name": "右小臂"
    },
    {
      "Id": "Part37",
      "Name": "表情"
    },
    {
      "Id": "Part4",
      "Name": "前发"
    },
    {
      "Id": "Part40",
      "Name": "特效星星"
    },
    {
      "Id": "Part42",
      "Name": "右眼中星星"
    },
    {
      "Id": "Part44",
      "Name": "惊讶2"
    },
    {
      "Id": "Part47",
      "Name": "腮红"
    },
    {
      "Id": "Part48",
      "Name": "小臂R2"
    },
    {
      "Id": "Part49",
      "Name": "大臂L1"
    },
    {
      "Id": "Part5",
      "Name": "五官"
    },
    {
      "Id": "Part50",
      "Name": "手环R2a"
    },
    {
      "Id": "Part51",
      "Name": "握拳手R3"
    },
    {
      "Id": "Part52",
      "Name": "握拳手R1"
    },
    {
      "Id": "Part53",
      "Name": "叉腰手R"
    },
    {
      "Id": "Part54",
      "Name": "交叉手R"
    },
    {
      "Id": "Part56",
      "Name": "小臂R2"
    },
    {
      "Id": "Part57",
      "Name": "大臂R2"
    },
    {
      "Id": "Part58",
      "Name": "伸手小臂R3"
    },
    {
      "Id": "Part59",
      "Name": "张开手R"
    },
    {
      "Id": "Part6",
      "Name": "Main"
    },
    {
      "Id": "Part60",
      "Name": "小臂L3"
    },
    {
      "Id": "Part61",
      "Name": "打招呼手L"
    },
    {
      "Id": "Part62",
      "Name": "小臂L3"
    },
    {
      "Id": "Part63",
      "Name": "大臂L3"
    },
    {
      "Id": "Part64",
      "Name": "小臂L2"
    },
    {
      "Id": "Part65",
      "Name": "接拳手L"
    },
    {
      "Id": "Part66",
      "Name": "大拇指"
    },
    {
      "Id": "Part67",
      "Name": "食指"
    },
    {
      "Id": "Part68",
      "Name": "中指"
    },
    {
      "Id": "Part69",
      "Name": "无名指"
    },
    {
      "Id": "Part7",
      "Name": "右眼"
    },
    {
      "Id": "Part70",
      "Name": "右后发2"
    },
    {
      "Id": "Part71",
      "Name": "拍胸手L"
    },
    {
      "Id": "Part72",
      "Name": "握拳手L2"
    },
    {
      "Id": "Part73",
      "Name": "手指"
    },
    {
      "Id": "Part74",
      "Name": "椅子"
    },
    {
      "Id": "Part75",
      "Name": "戳脸手L"
    },
    {
      "Id": "Part76",
      "Name": "背景"
    },
    {
      "Id": "Part77",
      "Name": "撩发手L"
    },
    {
      "Id": "Part78",
      "Name": "交叉手L"
    },
    {
      "Id": "Part8",
      "Name": "左眼"
    },
    {
      "Id": "Part80",
      "Name": "握拳手L1"
    },
    {
      "Id": "Part81",
      "Name": "小臂L2"
    },
    {
      "Id": "Part82",
      "Name": "大臂L2"
    },
    {
      "Id": "Part83",
      "Name": "左腿2"
    },
    {
      "Id": "Part84",
      "Name": "左腿3"
    },
    {
      "Id": "Part85",
      "Name": "腿L"
    },
    {
      "Id": "Part86",
      "Name": "和谐L"
    },
    {
      "Id": "Part87",
      "Name": "大臂R2"
    },
    {
      "Id": "Part88",
      "Name": "胸部"
    },
    {
      "Id": "Part89",
      "Name": "前发"
    },
    {
      "Id": "Part9",
      "Name": "嘴"
    },
    {
      "Id": "Part90",
      "Name": "小腿L2"
    },
    {
      "Id": "Part91",
      "Name": "光晕"
    },
    {
      "Id": "Part92",
      "Name": "烦闷"
    },
    {
      "Id": "Part93",
      "Name": "表情"
    },
    {
      "Id": "Part94",
      "Name": "镜头"
    },
    {
      "Id": "Part95",
      "Name": "信"
    },
    {
      "Id": "Part99",
      "Name": "握拳手R2"
    },
    {
      "Id": "toufa14_Skinning",
      "Name": "toufa14(蒙皮)"
    },
    {
      "Id": "toufa14_Skinning2",
      "Name": "toufa14(蒙皮)"
    },
    {
      "Id": "toufa1_Skinning",
      "Name": "toufa1(蒙皮)"
    },
    {
      "Id": "toufa21_Skinning",
      "Name": "toufa77(蒙皮)"
    },
    {
      "Id": "toufa22_Skinning",
      "Name": "toufa8(蒙皮)"
    },
    {
      "Id": "toufa23_Skinning",
      "Name": "toufa9(蒙皮)"
    },
    {
      "Id": "toufa24_Skinning",
      "Name": "toufa10(蒙皮)"
    },
    {
      "Id": "toufa5_Skinning",
      "Name": "toufa5(蒙皮)"
    },
    {
      "Id": "toufa6_Skinning",
      "Name": "toufa6(蒙皮)"
    }
  ]
}