{
  "Version": 3,
  "Meta": {
    "PhysicsSettingCount": 8,
    "TotalInputCount": 26,
    "TotalOutputCount": 36,
    "VertexCount": 33,
    "EffectiveForces": {
      "Gravity": {
        "X": 0,
        "Y": -1
      },
      "Wind": {
        "X": 0,
        "Y": 0
      }
    },
    "PhysicsDictionary": [
      {
        "Id": "PhysicsSetting1",
        "Name": "Dummy1"
      },
      {
        "Id": "PhysicsSetting2",
        "Name": "Dummy2"
      },
      {
        "Id": "PhysicsSetting3",
        "Name": "Dummy3"
      },
      {
        "Id": "PhysicsSetting4",
        "Name": "Dummy4"
      },
      {
        "Id": "PhysicsSetting5",
        "Name": "Dummy5"
      },
      {
        "Id": "PhysicsSetting6",
        "Name": "Dummy6"
      },
      {
        "Id": "PhysicsSetting7",
        "Name": "Dummy7"
      },
      {
        "Id": "PhysicsSetting8",
        "Name": "Dummy8"
      }
    ]
  },
  "PhysicsSettings": [
    {
      "Id": "PhysicsSetting1",
      "Input": [
        {
          "Source": {
            "Target": "Parameter",
            "Id": "ParamAngleX"
          },
          "Weight": 80,
          "Type": "X",
          "Reflect": false
        },
        {
          "Source": {
            "Target": "Parameter",
            "Id": "ParamBodyAngleZ"
          },
          "Weight": 30,
          "Type": "Angle",
          "Reflect": false
        }
      ],
      "Output": [
        {
          "Destination": {
            "Target": "Parameter",
            "Id": "Param52"
          },
          "VertexIndex": 1,
          "Scale": 40,
          "Weight": 100,
          "Type": "Angle",
          "Reflect": false
        },
        {
          "Destination": {
            "Target": "Parameter",
            "Id": "Param54"
          },
          "VertexIndex": 2,
          "Scale": 15,
          "Weight": 100,
          "Type": "Angle",
          "Reflect": false
        }
      ],
      "Vertices": [
        {
          "Position": {
            "X": 0,
            "Y": 0
          },
          "Mobility": 1,
          "Delay": 1,
          "Acceleration": 1,
          "Radius": 0
        },
        {
          "Position": {
            "X": 0,
            "Y": 10
          },
          "Mobility": 0.9,
          "Delay": 0.8,
          "Acceleration": 0.9,
          "Radius": 10
        },
        {
          "Position": {
            "X": 0,
            "Y": 20
          },
          "Mobility": 0.9,
          "Delay": 0.9,
          "Acceleration": 1.5,
          "Radius": 10
        }
      ],
      "Normalization": {
        "Position": {
          "Minimum": -10,
          "Default": 0,
          "Maximum": 10
        },
        "Angle": {
          "Minimum": -10,
          "Default": 0,
          "Maximum": 10
        }
      }
    },
    {
      "Id": "PhysicsSetting2",
      "Input": [
        {
          "Source": {
            "Target": "Parameter",
            "Id": "ParamAngleY"
          },
          "Weight": 60,
          "Type": "X",
          "Reflect": false
        },
        {
          "Source": {
            "Target": "Parameter",
            "Id": "ParamBodyAngleZ"
          },
          "Weight": 30,
          "Type": "Angle",
          "Reflect": false
        },
        {
          "Source": {
            "Target": "Parameter",
            "Id": "ParamBodyAngleY"
          },
          "Weight": 40,
          "Type": "X",
          "Reflect": false
        }
      ],
      "Output": [
        {
          "Destination": {
            "Target": "Parameter",
            "Id": "Param53"
          },
          "VertexIndex": 1,
          "Scale": 60,
          "Weight": 100,
          "Type": "Angle",
          "Reflect": false
        },
        {
          "Destination": {
            "Target": "Parameter",
            "Id": "Param55"
          },
          "VertexIndex": 2,
          "Scale": 60,
          "Weight": 100,
          "Type": "Angle",
          "Reflect": false
        },
        {
          "Destination": {
            "Target": "Parameter",
            "Id": "Param54"
          },
          "VertexIndex": 3,
          "Scale": 30,
          "Weight": 100,
          "Type": "Angle",
          "Reflect": false
        }
      ],
      "Vertices": [
        {
          "Position": {
            "X": 0,
            "Y": 0
          },
          "Mobility": 1,
          "Delay": 1,
          "Acceleration": 1,
          "Radius": 0
        },
        {
          "Position": {
            "X": 0,
            "Y": 10
          },
          "Mobility": 0.9,
          "Delay": 0.85,
          "Acceleration": 0.9,
          "Radius": 10
        },
        {
          "Position": {
            "X": 0,
            "Y": 20
          },
          "Mobility": 0.8,
          "Delay": 0.9,
          "Acceleration": 1,
          "Radius": 10
        },
        {
          "Position": {
            "X": 0,
            "Y": 30
          },
          "Mobility": 0.95,
          "Delay": 0.9,
          "Acceleration": 1,
          "Radius": 10
        }
      ],
      "Normalization": {
        "Position": {
          "Minimum": -10,
          "Default": 0,
          "Maximum": 10
        },
        "Angle": {
          "Minimum": -10,
          "Default": 0,
          "Maximum": 10
        }
      }
    },
    {
      "Id": "PhysicsSetting3",
      "Input": [
        {
          "Source": {
            "Target": "Parameter",
            "Id": "ParamBodyAngleX"
          },
          "Weight": 52,
          "Type": "X",
          "Reflect": false
        },
        {
          "Source": {
            "Target": "Parameter",
            "Id": "ParamBodyAngleZ"
          },
          "Weight": 100,
          "Type": "Angle",
          "Reflect": false
        },
        {
          "Source": {
            "Target": "Parameter",
            "Id": "ParamAngleX"
          },
          "Weight": 48,
          "Type": "X",
          "Reflect": false
        }
      ],
      "Output": [
        {
          "Destination": {
            "Target": "Parameter",
            "Id": "Param48"
          },
          "VertexIndex": 1,
          "Scale": 30,
          "Weight": 100,
          "Type": "Angle",
          "Reflect": false
        },
        {
          "Destination": {
            "Target": "Parameter",
            "Id": "Param49"
          },
          "VertexIndex": 2,
          "Scale": 40,
          "Weight": 100,
          "Type": "Angle",
          "Reflect": false
        }
      ],
      "Vertices": [
        {
          "Position": {
            "X": 0,
            "Y": 0
          },
          "Mobility": 1,
          "Delay": 0.75,
          "Acceleration": 0.88,
          "Radius": 0
        },
        {
          "Position": {
            "X": 0,
            "Y": 10
          },
          "Mobility": 0.88,
          "Delay": 1,
          "Acceleration": 1,
          "Radius": 10
        },
        {
          "Position": {
            "X": 0,
            "Y": 18
          },
          "Mobility": 0.91,
          "Delay": 1,
          "Acceleration": 1,
          "Radius": 8
        }
      ],
      "Normalization": {
        "Position": {
          "Minimum": -10,
          "Default": 0,
          "Maximum": 10
        },
        "Angle": {
          "Minimum": -10,
          "Default": 0,
          "Maximum": 10
        }
      }
    },
    {
      "Id": "PhysicsSetting4",
      "Input": [
        {
          "Source": {
            "Target": "Parameter",
            "Id": "ParamAngleX"
          },
          "Weight": 60,
          "Type": "X",
          "Reflect": false
        },
        {
          "Source": {
            "Target": "Parameter",
            "Id": "ParamAngleZ"
          },
          "Weight": 60,
          "Type": "Angle",
          "Reflect": false
        },
        {
          "Source": {
            "Target": "Parameter",
            "Id": "ParamBodyAngleX"
          },
          "Weight": 40,
          "Type": "X",
          "Reflect": false
        },
        {
          "Source": {
            "Target": "Parameter",
            "Id": "ParamBodyAngleZ"
          },
          "Weight": 40,
          "Type": "Angle",
          "Reflect": false
        }
      ],
      "Output": [
        {
          "Destination": {
            "Target": "Parameter",
            "Id": "Param35"
          },
          "VertexIndex": 1,
          "Scale": 60,
          "Weight": 100,
          "Type": "Angle",
          "Reflect": false
        },
        {
          "Destination": {
            "Target": "Parameter",
            "Id": "Param36"
          },
          "VertexIndex": 2,
          "Scale": 60,
          "Weight": 100,
          "Type": "Angle",
          "Reflect": false
        },
        {
          "Destination": {
            "Target": "Parameter",
            "Id": "Param37"
          },
          "VertexIndex": 1,
          "Scale": 60,
          "Weight": 100,
          "Type": "Angle",
          "Reflect": false
        },
        {
          "Destination": {
            "Target": "Parameter",
            "Id": "Param38"
          },
          "VertexIndex": 2,
          "Scale": 60,
          "Weight": 100,
          "Type": "Angle",
          "Reflect": false
        },
        {
          "Destination": {
            "Target": "Parameter",
            "Id": "Param39"
          },
          "VertexIndex": 1,
          "Scale": 60,
          "Weight": 100,
          "Type": "Angle",
          "Reflect": false
        },
        {
          "Destination": {
            "Target": "Parameter",
            "Id": "Param40"
          },
          "VertexIndex": 2,
          "Scale": 60,
          "Weight": 100,
          "Type": "Angle",
          "Reflect": false
        },
        {
          "Destination": {
            "Target": "Parameter",
            "Id": "Param85"
          },
          "VertexIndex": 1,
          "Scale": 60,
          "Weight": 100,
          "Type": "Angle",
          "Reflect": false
        },
        {
          "Destination": {
            "Target": "Parameter",
            "Id": "Param86"
          },
          "VertexIndex": 2,
          "Scale": 60,
          "Weight": 100,
          "Type": "Angle",
          "Reflect": false
        },
        {
          "Destination": {
            "Target": "Parameter",
            "Id": "Param81"
          },
          "VertexIndex": 1,
          "Scale": 25,
          "Weight": 100,
          "Type": "Angle",
          "Reflect": false
        },
        {
          "Destination": {
            "Target": "Parameter",
            "Id": "Param82"
          },
          "VertexIndex": 2,
          "Scale": 25,
          "Weight": 100,
          "Type": "Angle",
          "Reflect": false
        }
      ],
      "Vertices": [
        {
          "Position": {
            "X": 0,
            "Y": 0
          },
          "Mobility": 1,
          "Delay": 1,
          "Acceleration": 1,
          "Radius": 0
        },
        {
          "Position": {
            "X": 0,
            "Y": 10
          },
          "Mobility": 0.9,
          "Delay": 0.95,
          "Acceleration": 0.95,
          "Radius": 10
        },
        {
          "Position": {
            "X": 0,
            "Y": 18.6
          },
          "Mobility": 0.95,
          "Delay": 0.9,
          "Acceleration": 0.95,
          "Radius": 8.6
        }
      ],
      "Normalization": {
        "Position": {
          "Minimum": -10,
          "Default": 0,
          "Maximum": 10
        },
        "Angle": {
          "Minimum": -30,
          "Default": 0,
          "Maximum": 30
        }
      }
    },
    {
      "Id": "PhysicsSetting5",
      "Input": [
        {
          "Source": {
            "Target": "Parameter",
            "Id": "ParamAngleX"
          },
          "Weight": 60,
          "Type": "X",
          "Reflect": false
        },
        {
          "Source": {
            "Target": "Parameter",
            "Id": "ParamAngleZ"
          },
          "Weight": 60,
          "Type": "Angle",
          "Reflect": false
        },
        {
          "Source": {
            "Target": "Parameter",
            "Id": "ParamBodyAngleX"
          },
          "Weight": 40,
          "Type": "X",
          "Reflect": false
        },
        {
          "Source": {
            "Target": "Parameter",
            "Id": "ParamBodyAngleZ"
          },
          "Weight": 40,
          "Type": "Angle",
          "Reflect": false
        }
      ],
      "Output": [
        {
          "Destination": {
            "Target": "Parameter",
            "Id": "Param_Angle_Rotation73"
          },
          "VertexIndex": 1,
          "Scale": 20,
          "Weight": 100,
          "Type": "Angle",
          "Reflect": true
        },
        {
          "Destination": {
            "Target": "Parameter",
            "Id": "Param_Angle_Rotation74"
          },
          "VertexIndex": 2,
          "Scale": 40,
          "Weight": 100,
          "Type": "Angle",
          "Reflect": true
        },
        {
          "Destination": {
            "Target": "Parameter",
            "Id": "Param_Angle_Rotation75"
          },
          "VertexIndex": 3,
          "Scale": 60,
          "Weight": 100,
          "Type": "Angle",
          "Reflect": true
        },
        {
          "Destination": {
            "Target": "Parameter",
            "Id": "Param_Angle_Rotation76"
          },
          "VertexIndex": 4,
          "Scale": 60,
          "Weight": 100,
          "Type": "Angle",
          "Reflect": true
        },
        {
          "Destination": {
            "Target": "Parameter",
            "Id": "Param41"
          },
          "VertexIndex": 1,
          "Scale": 20,
          "Weight": 100,
          "Type": "Angle",
          "Reflect": true
        },
        {
          "Destination": {
            "Target": "Parameter",
            "Id": "Param42"
          },
          "VertexIndex": 2,
          "Scale": 30,
          "Weight": 100,
          "Type": "Angle",
          "Reflect": true
        },
        {
          "Destination": {
            "Target": "Parameter",
            "Id": "Param83"
          },
          "VertexIndex": 3,
          "Scale": 40,
          "Weight": 100,
          "Type": "Angle",
          "Reflect": true
        },
        {
          "Destination": {
            "Target": "Parameter",
            "Id": "Param84"
          },
          "VertexIndex": 4,
          "Scale": 60,
          "Weight": 100,
          "Type": "Angle",
          "Reflect": true
        }
      ],
      "Vertices": [
        {
          "Position": {
            "X": 0,
            "Y": 0
          },
          "Mobility": 1,
          "Delay": 1,
          "Acceleration": 0.9,
          "Radius": 0
        },
        {
          "Position": {
            "X": 0,
            "Y": 10
          },
          "Mobility": 0.9,
          "Delay": 0.75,
          "Acceleration": 0.9,
          "Radius": 10
        },
        {
          "Position": {
            "X": 0,
            "Y": 19.4
          },
          "Mobility": 0.85,
          "Delay": 0.8,
          "Acceleration": 0.9,
          "Radius": 9.4
        },
        {
          "Position": {
            "X": 0,
            "Y": 27.4
          },
          "Mobility": 0.8,
          "Delay": 0.85,
          "Acceleration": 0.9,
          "Radius": 8
        },
        {
          "Position": {
            "X": 0,
            "Y": 35.1
          },
          "Mobility": 0.75,
          "Delay": 0.9,
          "Acceleration": 0.9,
          "Radius": 7.7
        }
      ],
      "Normalization": {
        "Position": {
          "Minimum": -10,
          "Default": 0,
          "Maximum": 10
        },
        "Angle": {
          "Minimum": -30,
          "Default": 0,
          "Maximum": 30
        }
      }
    },
    {
      "Id": "PhysicsSetting6",
      "Input": [
        {
          "Source": {
            "Target": "Parameter",
            "Id": "ParamAngleX"
          },
          "Weight": 28,
          "Type": "X",
          "Reflect": false
        },
        {
          "Source": {
            "Target": "Parameter",
            "Id": "ParamAngleZ"
          },
          "Weight": 60,
          "Type": "Angle",
          "Reflect": false
        },
        {
          "Source": {
            "Target": "Parameter",
            "Id": "ParamBodyAngleY"
          },
          "Weight": 72,
          "Type": "X",
          "Reflect": false
        }
      ],
      "Output": [
        {
          "Destination": {
            "Target": "Parameter",
            "Id": "Param_Angle_Rotation39"
          },
          "VertexIndex": 1,
          "Scale": 30,
          "Weight": 100,
          "Type": "Angle",
          "Reflect": true
        },
        {
          "Destination": {
            "Target": "Parameter",
            "Id": "Param_Angle_Rotation40"
          },
          "VertexIndex": 2,
          "Scale": 30,
          "Weight": 100,
          "Type": "Angle",
          "Reflect": true
        },
        {
          "Destination": {
            "Target": "Parameter",
            "Id": "Param43"
          },
          "VertexIndex": 1,
          "Scale": 30,
          "Weight": 100,
          "Type": "Angle",
          "Reflect": false
        },
        {
          "Destination": {
            "Target": "Parameter",
            "Id": "Param44"
          },
          "VertexIndex": 2,
          "Scale": 30,
          "Weight": 100,
          "Type": "Angle",
          "Reflect": false
        }
      ],
      "Vertices": [
        {
          "Position": {
            "X": 0,
            "Y": 0
          },
          "Mobility": 0.8,
          "Delay": 0.8,
          "Acceleration": 1,
          "Radius": 10
        },
        {
          "Position": {
            "X": 0,
            "Y": 5
          },
          "Mobility": 0.81,
          "Delay": 0.95,
          "Acceleration": 1,
          "Radius": 5
        },
        {
          "Position": {
            "X": 0,
            "Y": 10
          },
          "Mobility": 0.86,
          "Delay": 0.9,
          "Acceleration": 1,
          "Radius": 5
        },
        {
          "Position": {
            "X": 0,
            "Y": 15
          },
          "Mobility": 0.86,
          "Delay": 0.95,
          "Acceleration": 1,
          "Radius": 5
        },
        {
          "Position": {
            "X": 0,
            "Y": 20
          },
          "Mobility": 0.86,
          "Delay": 0.95,
          "Acceleration": 1,
          "Radius": 5
        },
        {
          "Position": {
            "X": 0,
            "Y": 25
          },
          "Mobility": 0.86,
          "Delay": 0.95,
          "Acceleration": 1,
          "Radius": 5
        }
      ],
      "Normalization": {
        "Position": {
          "Minimum": -10,
          "Default": 0,
          "Maximum": 10
        },
        "Angle": {
          "Minimum": -30,
          "Default": 0,
          "Maximum": 30
        }
      }
    },
    {
      "Id": "PhysicsSetting7",
      "Input": [
        {
          "Source": {
            "Target": "Parameter",
            "Id": "ParamBodyAngleX"
          },
          "Weight": 100,
          "Type": "X",
          "Reflect": false
        },
        {
          "Source": {
            "Target": "Parameter",
            "Id": "ParamBodyAngleZ"
          },
          "Weight": 30,
          "Type": "Angle",
          "Reflect": false
        },
        {
          "Source": {
            "Target": "Parameter",
            "Id": "Param18"
          },
          "Weight": 70,
          "Type": "Angle",
          "Reflect": false
        }
      ],
      "Output": [
        {
          "Destination": {
            "Target": "Parameter",
            "Id": "Param50"
          },
          "VertexIndex": 1,
          "Scale": 60,
          "Weight": 100,
          "Type": "Angle",
          "Reflect": false
        },
        {
          "Destination": {
            "Target": "Parameter",
            "Id": "Param51"
          },
          "VertexIndex": 2,
          "Scale": 40,
          "Weight": 100,
          "Type": "Angle",
          "Reflect": false
        }
      ],
      "Vertices": [
        {
          "Position": {
            "X": 0,
            "Y": 0
          },
          "Mobility": 1,
          "Delay": 1,
          "Acceleration": 1,
          "Radius": 0
        },
        {
          "Position": {
            "X": 0,
            "Y": 10
          },
          "Mobility": 0.9,
          "Delay": 0.8,
          "Acceleration": 1.5,
          "Radius": 10
        },
        {
          "Position": {
            "X": 0,
            "Y": 18
          },
          "Mobility": 0.8,
          "Delay": 0.7,
          "Acceleration": 1.38,
          "Radius": 8
        }
      ],
      "Normalization": {
        "Position": {
          "Minimum": -10,
          "Default": 0,
          "Maximum": 10
        },
        "Angle": {
          "Minimum": -10,
          "Default": 0,
          "Maximum": 10
        }
      }
    },
    {
      "Id": "PhysicsSetting8",
      "Input": [
        {
          "Source": {
            "Target": "Parameter",
            "Id": "ParamAngleX"
          },
          "Weight": 60,
          "Type": "X",
          "Reflect": false
        },
        {
          "Source": {
            "Target": "Parameter",
            "Id": "ParamAngleZ"
          },
          "Weight": 60,
          "Type": "Angle",
          "Reflect": false
        },
        {
          "Source": {
            "Target": "Parameter",
            "Id": "ParamBodyAngleX"
          },
          "Weight": 40,
          "Type": "X",
          "Reflect": false
        },
        {
          "Source": {
            "Target": "Parameter",
            "Id": "ParamBodyAngleZ"
          },
          "Weight": 40,
          "Type": "Angle",
          "Reflect": false
        }
      ],
      "Output": [
        {
          "Destination": {
            "Target": "Parameter",
            "Id": "Param_Angle_Rotation67"
          },
          "VertexIndex": 1,
          "Scale": 20,
          "Weight": 100,
          "Type": "Angle",
          "Reflect": true
        },
        {
          "Destination": {
            "Target": "Parameter",
            "Id": "Param_Angle_Rotation68"
          },
          "VertexIndex": 2,
          "Scale": 30,
          "Weight": 100,
          "Type": "Angle",
          "Reflect": true
        },
        {
          "Destination": {
            "Target": "Parameter",
            "Id": "Param_Angle_Rotation69"
          },
          "VertexIndex": 3,
          "Scale": 20,
          "Weight": 100,
          "Type": "Angle",
          "Reflect": true
        },
        {
          "Destination": {
            "Target": "Parameter",
            "Id": "Param_Angle_Rotation70"
          },
          "VertexIndex": 4,
          "Scale": 50,
          "Weight": 100,
          "Type": "Angle",
          "Reflect": true
        },
        {
          "Destination": {
            "Target": "Parameter",
            "Id": "Param_Angle_Rotation71"
          },
          "VertexIndex": 5,
          "Scale": 60,
          "Weight": 100,
          "Type": "Angle",
          "Reflect": true
        }
      ],
      "Vertices": [
        {
          "Position": {
            "X": 0,
            "Y": 0
          },
          "Mobility": 1,
          "Delay": 1,
          "Acceleration": 1,
          "Radius": 0
        },
        {
          "Position": {
            "X": 0,
            "Y": 10
          },
          "Mobility": 0.94,
          "Delay": 0.7,
          "Acceleration": 1,
          "Radius": 10
        },
        {
          "Position": {
            "X": 0,
            "Y": 19.4
          },
          "Mobility": 0.84,
          "Delay": 0.75,
          "Acceleration": 1,
          "Radius": 9.4
        },
        {
          "Position": {
            "X": 0,
            "Y": 27.4
          },
          "Mobility": 0.75,
          "Delay": 0.8,
          "Acceleration": 0.8,
          "Radius": 8
        },
        {
          "Position": {
            "X": 0,
            "Y": 35.1
          },
          "Mobility": 0.66,
          "Delay": 0.85,
          "Acceleration": 0.78,
          "Radius": 7.7
        },
        {
          "Position": {
            "X": 0,
            "Y": 41.3
          },
          "Mobility": 0.62,
          "Delay": 0.9,
          "Acceleration": 0.63,
          "Radius": 6.2
        }
      ],
      "Normalization": {
        "Position": {
          "Minimum": -10,
          "Default": 0,
          "Maximum": 10
        },
        "Angle": {
          "Minimum": -30,
          "Default": 0,
          "Maximum": 30
        }
      }
    }
  ]
}