{
  "Version": 3,
  "Meta": {
    "PhysicsSettingCount": 14,
    "TotalInputCount": 37,
    "TotalOutputCount": 37,
    "VertexCount": 42,
    "EffectiveForces": {
      "Gravity": {
        "X": 0,
        "Y": -1
      },
      "Wind": {
        "X": 0,
        "Y": 0
      }
    },
    "PhysicsDictionary": [
      {
        "Id": "PhysicsSetting1",
        "Name": "Dummy1"
      },
      {
        "Id": "PhysicsSetting2",
        "Name": "Dummy2"
      },
      {
        "Id": "PhysicsSetting3",
        "Name": "Dummy3"
      },
      {
        "Id": "PhysicsSetting4",
        "Name": "Dummy4"
      },
      {
        "Id": "PhysicsSetting5",
        "Name": "Dummy5"
      },
      {
        "Id": "PhysicsSetting6",
        "Name": "Dummy6"
      },
      {
        "Id": "PhysicsSetting7",
        "Name": "Dummy7"
      },
      {
        "Id": "PhysicsSetting8",
        "Name": "Dummy8"
      },
      {
        "Id": "PhysicsSetting9",
        "Name": "Dummy9"
      },
      {
        "Id": "PhysicsSetting10",
        "Name": "Dummy10"
      },
      {
        "Id": "PhysicsSetting11",
        "Name": "Dummy11"
      },
      {
        "Id": "PhysicsSetting12",
        "Name": "Dummy12"
      },
      {
        "Id": "PhysicsSetting13",
        "Name": "Dummy13"
      },
      {
        "Id": "PhysicsSetting14",
        "Name": "Dummy14"
      }
    ]
  },
  "PhysicsSettings": [
    {
      "Id": "PhysicsSetting1",
      "Input": [
        {
          "Source": {
            "Target": "Parameter",
            "Id": "EyeLOpen"
          },
          "Weight": 100,
          "Type": "X",
          "Reflect": false
        }
      ],
      "Output": [
        {
          "Destination": {
            "Target": "Parameter",
            "Id": "EyelashLPh"
          },
          "VertexIndex": 1,
          "Scale": 1,
          "Weight": 100,
          "Type": "Angle",
          "Reflect": false
        },
        {
          "Destination": {
            "Target": "Parameter",
            "Id": "EyeLLightMove"
          },
          "VertexIndex": 1,
          "Scale": 1,
          "Weight": 100,
          "Type": "Angle",
          "Reflect": false
        },
        {
          "Destination": {
            "Target": "Parameter",
            "Id": "EyeLLightZool"
          },
          "VertexIndex": 2,
          "Scale": 1,
          "Weight": 100,
          "Type": "Angle",
          "Reflect": false
        }
      ],
      "Vertices": [
        {
          "Position": {
            "X": 0,
            "Y": 0
          },
          "Mobility": 0.95,
          "Delay": 1,
          "Acceleration": 1.5,
          "Radius": 0
        },
        {
          "Position": {
            "X": 0,
            "Y": 8
          },
          "Mobility": 0.95,
          "Delay": 1,
          "Acceleration": 1.5,
          "Radius": 8
        },
        {
          "Position": {
            "X": 0,
            "Y": 15
          },
          "Mobility": 0.95,
          "Delay": 1,
          "Acceleration": 1.5,
          "Radius": 7
        }
      ],
      "Normalization": {
        "Position": {
          "Minimum": -10,
          "Default": 0,
          "Maximum": 10
        },
        "Angle": {
          "Minimum": -10,
          "Default": 0,
          "Maximum": 10
        }
      }
    },
    {
      "Id": "PhysicsSetting2",
      "Input": [
        {
          "Source": {
            "Target": "Parameter",
            "Id": "EyeROpen"
          },
          "Weight": 100,
          "Type": "X",
          "Reflect": false
        }
      ],
      "Output": [
        {
          "Destination": {
            "Target": "Parameter",
            "Id": "EyeRLightMove"
          },
          "VertexIndex": 1,
          "Scale": 1,
          "Weight": 100,
          "Type": "Angle",
          "Reflect": false
        },
        {
          "Destination": {
            "Target": "Parameter",
            "Id": "EyeRLightZool"
          },
          "VertexIndex": 2,
          "Scale": 1,
          "Weight": 100,
          "Type": "Angle",
          "Reflect": false
        }
      ],
      "Vertices": [
        {
          "Position": {
            "X": 0,
            "Y": 0
          },
          "Mobility": 0.95,
          "Delay": 1,
          "Acceleration": 1.5,
          "Radius": 0
        },
        {
          "Position": {
            "X": 0,
            "Y": 8
          },
          "Mobility": 0.95,
          "Delay": 1,
          "Acceleration": 1.5,
          "Radius": 8
        },
        {
          "Position": {
            "X": 0,
            "Y": 15
          },
          "Mobility": 0.95,
          "Delay": 1,
          "Acceleration": 1.5,
          "Radius": 7
        }
      ],
      "Normalization": {
        "Position": {
          "Minimum": -10,
          "Default": 0,
          "Maximum": 10
        },
        "Angle": {
          "Minimum": -10,
          "Default": 0,
          "Maximum": 10
        }
      }
    },
    {
      "Id": "PhysicsSetting3",
      "Input": [
        {
          "Source": {
            "Target": "Parameter",
            "Id": "ParamAngleX"
          },
          "Weight": 60,
          "Type": "X",
          "Reflect": false
        },
        {
          "Source": {
            "Target": "Parameter",
            "Id": "HipX"
          },
          "Weight": 40,
          "Type": "X",
          "Reflect": false
        },
        {
          "Source": {
            "Target": "Parameter",
            "Id": "ParamAngleZ"
          },
          "Weight": 30,
          "Type": "Angle",
          "Reflect": false
        },
        {
          "Source": {
            "Target": "Parameter",
            "Id": "UpBodyZ"
          },
          "Weight": 30,
          "Type": "Angle",
          "Reflect": false
        }
      ],
      "Output": [
        {
          "Destination": {
            "Target": "Parameter",
            "Id": "HairFX1"
          },
          "VertexIndex": 1,
          "Scale": 3,
          "Weight": 100,
          "Type": "Angle",
          "Reflect": false
        },
        {
          "Destination": {
            "Target": "Parameter",
            "Id": "HairFX2"
          },
          "VertexIndex": 2,
          "Scale": 4,
          "Weight": 100,
          "Type": "Angle",
          "Reflect": false
        }
      ],
      "Vertices": [
        {
          "Position": {
            "X": 0,
            "Y": 0
          },
          "Mobility": 0.9,
          "Delay": 0.9,
          "Acceleration": 1,
          "Radius": 0
        },
        {
          "Position": {
            "X": 0,
            "Y": 10
          },
          "Mobility": 0.9,
          "Delay": 0.9,
          "Acceleration": 1,
          "Radius": 10
        },
        {
          "Position": {
            "X": 0,
            "Y": 19
          },
          "Mobility": 0.9,
          "Delay": 0.9,
          "Acceleration": 1,
          "Radius": 9
        }
      ],
      "Normalization": {
        "Position": {
          "Minimum": -10,
          "Default": 0,
          "Maximum": 10
        },
        "Angle": {
          "Minimum": -40,
          "Default": 0,
          "Maximum": 40
        }
      }
    },
    {
      "Id": "PhysicsSetting4",
      "Input": [
        {
          "Source": {
            "Target": "Parameter",
            "Id": "ParamAngleX"
          },
          "Weight": 60,
          "Type": "X",
          "Reflect": false
        },
        {
          "Source": {
            "Target": "Parameter",
            "Id": "HipX"
          },
          "Weight": 40,
          "Type": "X",
          "Reflect": false
        },
        {
          "Source": {
            "Target": "Parameter",
            "Id": "ParamAngleZ"
          },
          "Weight": 30,
          "Type": "Angle",
          "Reflect": false
        },
        {
          "Source": {
            "Target": "Parameter",
            "Id": "UpBodyZ"
          },
          "Weight": 30,
          "Type": "Angle",
          "Reflect": false
        }
      ],
      "Output": [
        {
          "Destination": {
            "Target": "Parameter",
            "Id": "AhogeX1"
          },
          "VertexIndex": 1,
          "Scale": 3,
          "Weight": 100,
          "Type": "Angle",
          "Reflect": true
        },
        {
          "Destination": {
            "Target": "Parameter",
            "Id": "AhogeX2"
          },
          "VertexIndex": 2,
          "Scale": 4,
          "Weight": 100,
          "Type": "Angle",
          "Reflect": true
        }
      ],
      "Vertices": [
        {
          "Position": {
            "X": 0,
            "Y": 0
          },
          "Mobility": 0.9,
          "Delay": 0.85,
          "Acceleration": 1,
          "Radius": 0
        },
        {
          "Position": {
            "X": 0,
            "Y": 11
          },
          "Mobility": 0.9,
          "Delay": 0.85,
          "Acceleration": 1,
          "Radius": 11
        },
        {
          "Position": {
            "X": 0,
            "Y": 21
          },
          "Mobility": 0.9,
          "Delay": 0.85,
          "Acceleration": 1,
          "Radius": 10
        }
      ],
      "Normalization": {
        "Position": {
          "Minimum": -10,
          "Default": 0,
          "Maximum": 10
        },
        "Angle": {
          "Minimum": -10,
          "Default": 0,
          "Maximum": 40
        }
      }
    },
    {
      "Id": "PhysicsSetting5",
      "Input": [
        {
          "Source": {
            "Target": "Parameter",
            "Id": "ParamAngleX"
          },
          "Weight": 60,
          "Type": "X",
          "Reflect": false
        },
        {
          "Source": {
            "Target": "Parameter",
            "Id": "HipX"
          },
          "Weight": 40,
          "Type": "X",
          "Reflect": false
        },
        {
          "Source": {
            "Target": "Parameter",
            "Id": "ParamAngleZ"
          },
          "Weight": 30,
          "Type": "Angle",
          "Reflect": false
        },
        {
          "Source": {
            "Target": "Parameter",
            "Id": "UpBodyZ"
          },
          "Weight": 30,
          "Type": "Angle",
          "Reflect": false
        }
      ],
      "Output": [
        {
          "Destination": {
            "Target": "Parameter",
            "Id": "PlaitLX1"
          },
          "VertexIndex": 1,
          "Scale": 2,
          "Weight": 100,
          "Type": "Angle",
          "Reflect": false
        },
        {
          "Destination": {
            "Target": "Parameter",
            "Id": "PlaitLX2"
          },
          "VertexIndex": 2,
          "Scale": 3,
          "Weight": 100,
          "Type": "Angle",
          "Reflect": false
        },
        {
          "Destination": {
            "Target": "Parameter",
            "Id": "PlaitLX3"
          },
          "VertexIndex": 3,
          "Scale": 4,
          "Weight": 100,
          "Type": "Angle",
          "Reflect": false
        },
        {
          "Destination": {
            "Target": "Parameter",
            "Id": "PlaitRX1"
          },
          "VertexIndex": 1,
          "Scale": 2,
          "Weight": 100,
          "Type": "Angle",
          "Reflect": false
        },
        {
          "Destination": {
            "Target": "Parameter",
            "Id": "PalitRX2"
          },
          "VertexIndex": 2,
          "Scale": 3,
          "Weight": 100,
          "Type": "Angle",
          "Reflect": false
        },
        {
          "Destination": {
            "Target": "Parameter",
            "Id": "PlaitRX3"
          },
          "VertexIndex": 3,
          "Scale": 4,
          "Weight": 100,
          "Type": "Angle",
          "Reflect": false
        }
      ],
      "Vertices": [
        {
          "Position": {
            "X": 0,
            "Y": 0
          },
          "Mobility": 0.88,
          "Delay": 0.9,
          "Acceleration": 1,
          "Radius": 0
        },
        {
          "Position": {
            "X": 0,
            "Y": 11
          },
          "Mobility": 0.88,
          "Delay": 0.9,
          "Acceleration": 1,
          "Radius": 11
        },
        {
          "Position": {
            "X": 0,
            "Y": 21
          },
          "Mobility": 0.88,
          "Delay": 0.9,
          "Acceleration": 1,
          "Radius": 10
        },
        {
          "Position": {
            "X": 0,
            "Y": 30
          },
          "Mobility": 0.88,
          "Delay": 0.9,
          "Acceleration": 1,
          "Radius": 9
        }
      ],
      "Normalization": {
        "Position": {
          "Minimum": -15,
          "Default": 0,
          "Maximum": 15
        },
        "Angle": {
          "Minimum": -30,
          "Default": 0,
          "Maximum": 30
        }
      }
    },
    {
      "Id": "PhysicsSetting6",
      "Input": [
        {
          "Source": {
            "Target": "Parameter",
            "Id": "ParamAngleY"
          },
          "Weight": 70,
          "Type": "X",
          "Reflect": false
        },
        {
          "Source": {
            "Target": "Parameter",
            "Id": "HipY"
          },
          "Weight": 30,
          "Type": "X",
          "Reflect": false
        }
      ],
      "Output": [
        {
          "Destination": {
            "Target": "Parameter",
            "Id": "HairFY"
          },
          "VertexIndex": 1,
          "Scale": 1,
          "Weight": 100,
          "Type": "Angle",
          "Reflect": false
        },
        {
          "Destination": {
            "Target": "Parameter",
            "Id": "PlaitLY"
          },
          "VertexIndex": 1,
          "Scale": 1,
          "Weight": 100,
          "Type": "Angle",
          "Reflect": false
        },
        {
          "Destination": {
            "Target": "Parameter",
            "Id": "PlaitRY"
          },
          "VertexIndex": 1,
          "Scale": 1,
          "Weight": 100,
          "Type": "Angle",
          "Reflect": false
        },
        {
          "Destination": {
            "Target": "Parameter",
            "Id": "HairRDY"
          },
          "VertexIndex": 1,
          "Scale": 1,
          "Weight": 100,
          "Type": "Angle",
          "Reflect": false
        },
        {
          "Destination": {
            "Target": "Parameter",
            "Id": "HairSRY"
          },
          "VertexIndex": 1,
          "Scale": 1,
          "Weight": 100,
          "Type": "Angle",
          "Reflect": false
        }
      ],
      "Vertices": [
        {
          "Position": {
            "X": 0,
            "Y": 0
          },
          "Mobility": 1,
          "Delay": 1,
          "Acceleration": 2,
          "Radius": 0
        },
        {
          "Position": {
            "X": 0,
            "Y": 10
          },
          "Mobility": 0.95,
          "Delay": 1,
          "Acceleration": 2,
          "Radius": 10
        }
      ],
      "Normalization": {
        "Position": {
          "Minimum": -20,
          "Default": 0,
          "Maximum": 20
        },
        "Angle": {
          "Minimum": -10,
          "Default": 0,
          "Maximum": 10
        }
      }
    },
    {
      "Id": "PhysicsSetting7",
      "Input": [
        {
          "Source": {
            "Target": "Parameter",
            "Id": "ParamAngleX"
          },
          "Weight": 60,
          "Type": "X",
          "Reflect": false
        },
        {
          "Source": {
            "Target": "Parameter",
            "Id": "HipX"
          },
          "Weight": 40,
          "Type": "X",
          "Reflect": false
        },
        {
          "Source": {
            "Target": "Parameter",
            "Id": "ParamAngleZ"
          },
          "Weight": 30,
          "Type": "Angle",
          "Reflect": false
        },
        {
          "Source": {
            "Target": "Parameter",
            "Id": "UpBodyZ"
          },
          "Weight": 30,
          "Type": "Angle",
          "Reflect": false
        }
      ],
      "Output": [
        {
          "Destination": {
            "Target": "Parameter",
            "Id": "HairRDX1"
          },
          "VertexIndex": 1,
          "Scale": 4,
          "Weight": 100,
          "Type": "Angle",
          "Reflect": false
        },
        {
          "Destination": {
            "Target": "Parameter",
            "Id": "HairRDX2"
          },
          "VertexIndex": 2,
          "Scale": 5,
          "Weight": 100,
          "Type": "Angle",
          "Reflect": false
        },
        {
          "Destination": {
            "Target": "Parameter",
            "Id": "HairRDX3"
          },
          "VertexIndex": 3,
          "Scale": 6,
          "Weight": 100,
          "Type": "Angle",
          "Reflect": false
        }
      ],
      "Vertices": [
        {
          "Position": {
            "X": 0,
            "Y": 0
          },
          "Mobility": 0.9,
          "Delay": 0.95,
          "Acceleration": 1.56,
          "Radius": 0
        },
        {
          "Position": {
            "X": 0,
            "Y": 11
          },
          "Mobility": 0.9,
          "Delay": 0.95,
          "Acceleration": 1.56,
          "Radius": 11
        },
        {
          "Position": {
            "X": 0,
            "Y": 21
          },
          "Mobility": 0.9,
          "Delay": 0.95,
          "Acceleration": 1.56,
          "Radius": 10
        },
        {
          "Position": {
            "X": 0,
            "Y": 30
          },
          "Mobility": 0.9,
          "Delay": 0.95,
          "Acceleration": 1.56,
          "Radius": 9
        }
      ],
      "Normalization": {
        "Position": {
          "Minimum": -15,
          "Default": 0,
          "Maximum": 15
        },
        "Angle": {
          "Minimum": -30,
          "Default": 0,
          "Maximum": 30
        }
      }
    },
    {
      "Id": "PhysicsSetting8",
      "Input": [
        {
          "Source": {
            "Target": "Parameter",
            "Id": "HipX"
          },
          "Weight": 50,
          "Type": "X",
          "Reflect": false
        },
        {
          "Source": {
            "Target": "Parameter",
            "Id": "HipY"
          },
          "Weight": 50,
          "Type": "X",
          "Reflect": false
        }
      ],
      "Output": [
        {
          "Destination": {
            "Target": "Parameter",
            "Id": "HipMoveX1"
          },
          "VertexIndex": 1,
          "Scale": 7,
          "Weight": 100,
          "Type": "Angle",
          "Reflect": true
        },
        {
          "Destination": {
            "Target": "Parameter",
            "Id": "HipMoveX2"
          },
          "VertexIndex": 2,
          "Scale": 7,
          "Weight": 100,
          "Type": "Angle",
          "Reflect": false
        }
      ],
      "Vertices": [
        {
          "Position": {
            "X": 0,
            "Y": 0
          },
          "Mobility": 0.9,
          "Delay": 0.9,
          "Acceleration": 2,
          "Radius": 0
        },
        {
          "Position": {
            "X": 0,
            "Y": 9
          },
          "Mobility": 0.9,
          "Delay": 0.9,
          "Acceleration": 2,
          "Radius": 9
        },
        {
          "Position": {
            "X": 0,
            "Y": 17
          },
          "Mobility": 0.9,
          "Delay": 0.9,
          "Acceleration": 2,
          "Radius": 8
        }
      ],
      "Normalization": {
        "Position": {
          "Minimum": -10,
          "Default": 0,
          "Maximum": 10
        },
        "Angle": {
          "Minimum": -10,
          "Default": 0,
          "Maximum": 10
        }
      }
    },
    {
      "Id": "PhysicsSetting9",
      "Input": [
        {
          "Source": {
            "Target": "Parameter",
            "Id": "HipX"
          },
          "Weight": 50,
          "Type": "X",
          "Reflect": false
        },
        {
          "Source": {
            "Target": "Parameter",
            "Id": "HipY"
          },
          "Weight": 50,
          "Type": "X",
          "Reflect": false
        }
      ],
      "Output": [
        {
          "Destination": {
            "Target": "Parameter",
            "Id": "HipLBandX1"
          },
          "VertexIndex": 1,
          "Scale": 2.5,
          "Weight": 100,
          "Type": "Angle",
          "Reflect": false
        },
        {
          "Destination": {
            "Target": "Parameter",
            "Id": "HipLBandX2"
          },
          "VertexIndex": 2,
          "Scale": 2.5,
          "Weight": 100,
          "Type": "Angle",
          "Reflect": false
        }
      ],
      "Vertices": [
        {
          "Position": {
            "X": 0,
            "Y": 0
          },
          "Mobility": 0.85,
          "Delay": 0.96,
          "Acceleration": 1,
          "Radius": 0
        },
        {
          "Position": {
            "X": 0,
            "Y": 9
          },
          "Mobility": 0.85,
          "Delay": 0.96,
          "Acceleration": 1,
          "Radius": 9
        },
        {
          "Position": {
            "X": 0,
            "Y": 17
          },
          "Mobility": 0.85,
          "Delay": 0.96,
          "Acceleration": 1,
          "Radius": 8
        }
      ],
      "Normalization": {
        "Position": {
          "Minimum": -10,
          "Default": 0,
          "Maximum": 10
        },
        "Angle": {
          "Minimum": -10,
          "Default": 0,
          "Maximum": 10
        }
      }
    },
    {
      "Id": "PhysicsSetting10",
      "Input": [
        {
          "Source": {
            "Target": "Parameter",
            "Id": "UpBodyX"
          },
          "Weight": 100,
          "Type": "X",
          "Reflect": false
        },
        {
          "Source": {
            "Target": "Parameter",
            "Id": "UpBodyZ"
          },
          "Weight": 50,
          "Type": "Angle",
          "Reflect": true
        },
        {
          "Source": {
            "Target": "Parameter",
            "Id": "HipZ"
          },
          "Weight": 50,
          "Type": "Angle",
          "Reflect": false
        }
      ],
      "Output": [
        {
          "Destination": {
            "Target": "Parameter",
            "Id": "ChestY1"
          },
          "VertexIndex": 1,
          "Scale": 1.5,
          "Weight": 100,
          "Type": "Angle",
          "Reflect": false
        },
        {
          "Destination": {
            "Target": "Parameter",
            "Id": "ChestX2"
          },
          "VertexIndex": 2,
          "Scale": 1,
          "Weight": 100,
          "Type": "Angle",
          "Reflect": false
        },
        {
          "Destination": {
            "Target": "Parameter",
            "Id": "ChestY2"
          },
          "VertexIndex": 2,
          "Scale": 1,
          "Weight": 100,
          "Type": "Angle",
          "Reflect": false
        }
      ],
      "Vertices": [
        {
          "Position": {
            "X": 0,
            "Y": 0
          },
          "Mobility": 0.95,
          "Delay": 0.85,
          "Acceleration": 1,
          "Radius": 0
        },
        {
          "Position": {
            "X": 0,
            "Y": 10
          },
          "Mobility": 0.95,
          "Delay": 0.85,
          "Acceleration": 1,
          "Radius": 10
        },
        {
          "Position": {
            "X": 0,
            "Y": 19
          },
          "Mobility": 0.95,
          "Delay": 0.85,
          "Acceleration": 1,
          "Radius": 9
        }
      ],
      "Normalization": {
        "Position": {
          "Minimum": -10,
          "Default": 0,
          "Maximum": 10
        },
        "Angle": {
          "Minimum": -30,
          "Default": 0,
          "Maximum": 30
        }
      }
    },
    {
      "Id": "PhysicsSetting11",
      "Input": [
        {
          "Source": {
            "Target": "Parameter",
            "Id": "UpBodyX"
          },
          "Weight": 60,
          "Type": "X",
          "Reflect": false
        },
        {
          "Source": {
            "Target": "Parameter",
            "Id": "UpBodyY"
          },
          "Weight": 20,
          "Type": "X",
          "Reflect": false
        },
        {
          "Source": {
            "Target": "Parameter",
            "Id": "HipX"
          },
          "Weight": 20,
          "Type": "X",
          "Reflect": false
        }
      ],
      "Output": [
        {
          "Destination": {
            "Target": "Parameter",
            "Id": "NeckBandX1"
          },
          "VertexIndex": 1,
          "Scale": 2,
          "Weight": 100,
          "Type": "Angle",
          "Reflect": false
        },
        {
          "Destination": {
            "Target": "Parameter",
            "Id": "NeckBandX2"
          },
          "VertexIndex": 2,
          "Scale": 3,
          "Weight": 100,
          "Type": "Angle",
          "Reflect": false
        }
      ],
      "Vertices": [
        {
          "Position": {
            "X": 0,
            "Y": 0
          },
          "Mobility": 0.8,
          "Delay": 0.9,
          "Acceleration": 1.7,
          "Radius": 0
        },
        {
          "Position": {
            "X": 0,
            "Y": 9
          },
          "Mobility": 0.8,
          "Delay": 0.9,
          "Acceleration": 1.7,
          "Radius": 9
        },
        {
          "Position": {
            "X": 0,
            "Y": 17
          },
          "Mobility": 0.8,
          "Delay": 0.9,
          "Acceleration": 1.7,
          "Radius": 8
        }
      ],
      "Normalization": {
        "Position": {
          "Minimum": -10,
          "Default": 0,
          "Maximum": 10
        },
        "Angle": {
          "Minimum": -10,
          "Default": 0,
          "Maximum": 10
        }
      }
    },
    {
      "Id": "PhysicsSetting12",
      "Input": [
        {
          "Source": {
            "Target": "Parameter",
            "Id": "ZLJump"
          },
          "Weight": 50,
          "Type": "X",
          "Reflect": false
        },
        {
          "Source": {
            "Target": "Parameter",
            "Id": "ZLBodyZ"
          },
          "Weight": 50,
          "Type": "X",
          "Reflect": false
        }
      ],
      "Output": [
        {
          "Destination": {
            "Target": "Parameter",
            "Id": "ZLChestY"
          },
          "VertexIndex": 1,
          "Scale": 3,
          "Weight": 100,
          "Type": "Angle",
          "Reflect": false
        }
      ],
      "Vertices": [
        {
          "Position": {
            "X": 0,
            "Y": 0
          },
          "Mobility": 1,
          "Delay": 0.9,
          "Acceleration": 1,
          "Radius": 0
        },
        {
          "Position": {
            "X": 0,
            "Y": 9
          },
          "Mobility": 0.9,
          "Delay": 0.8,
          "Acceleration": 2,
          "Radius": 9
        }
      ],
      "Normalization": {
        "Position": {
          "Minimum": -10,
          "Default": 0,
          "Maximum": 10
        },
        "Angle": {
          "Minimum": -50,
          "Default": 0,
          "Maximum": 50
        }
      }
    },
    {
      "Id": "PhysicsSetting13",
      "Input": [
        {
          "Source": {
            "Target": "Parameter",
            "Id": "ZLBodyZ"
          },
          "Weight": 100,
          "Type": "Angle",
          "Reflect": false
        }
      ],
      "Output": [
        {
          "Destination": {
            "Target": "Parameter",
            "Id": "ZLPlait1"
          },
          "VertexIndex": 1,
          "Scale": 8,
          "Weight": 100,
          "Type": "Angle",
          "Reflect": false
        },
        {
          "Destination": {
            "Target": "Parameter",
            "Id": "ZLPlait2"
          },
          "VertexIndex": 2,
          "Scale": 8,
          "Weight": 100,
          "Type": "Angle",
          "Reflect": false
        }
      ],
      "Vertices": [
        {
          "Position": {
            "X": 0,
            "Y": 0
          },
          "Mobility": 0.8,
          "Delay": 0.9,
          "Acceleration": 2,
          "Radius": 0
        },
        {
          "Position": {
            "X": 0,
            "Y": 12
          },
          "Mobility": 0.8,
          "Delay": 0.9,
          "Acceleration": 2,
          "Radius": 12
        },
        {
          "Position": {
            "X": 0,
            "Y": 23
          },
          "Mobility": 0.8,
          "Delay": 0.9,
          "Acceleration": 2,
          "Radius": 11
        }
      ],
      "Normalization": {
        "Position": {
          "Minimum": -10,
          "Default": 0,
          "Maximum": 10
        },
        "Angle": {
          "Minimum": -30,
          "Default": 0,
          "Maximum": 30
        }
      }
    },
    {
      "Id": "PhysicsSetting14",
      "Input": [
        {
          "Source": {
            "Target": "Parameter",
            "Id": "ParamAngleX"
          },
          "Weight": 60,
          "Type": "X",
          "Reflect": false
        },
        {
          "Source": {
            "Target": "Parameter",
            "Id": "HipX"
          },
          "Weight": 40,
          "Type": "X",
          "Reflect": false
        },
        {
          "Source": {
            "Target": "Parameter",
            "Id": "ParamAngleZ"
          },
          "Weight": 30,
          "Type": "Angle",
          "Reflect": false
        },
        {
          "Source": {
            "Target": "Parameter",
            "Id": "UpBodyZ"
          },
          "Weight": 30,
          "Type": "Angle",
          "Reflect": false
        }
      ],
      "Output": [
        {
          "Destination": {
            "Target": "Parameter",
            "Id": "HairSRX1"
          },
          "VertexIndex": 1,
          "Scale": 2,
          "Weight": 100,
          "Type": "Angle",
          "Reflect": false
        },
        {
          "Destination": {
            "Target": "Parameter",
            "Id": "HairSRX2"
          },
          "VertexIndex": 2,
          "Scale": 3,
          "Weight": 100,
          "Type": "Angle",
          "Reflect": false
        }
      ],
      "Vertices": [
        {
          "Position": {
            "X": 0,
            "Y": 0
          },
          "Mobility": 0.9,
          "Delay": 0.9,
          "Acceleration": 1,
          "Radius": 0
        },
        {
          "Position": {
            "X": 0,
            "Y": 11
          },
          "Mobility": 0.9,
          "Delay": 0.9,
          "Acceleration": 1,
          "Radius": 11
        },
        {
          "Position": {
            "X": 0,
            "Y": 21
          },
          "Mobility": 0.9,
          "Delay": 0.9,
          "Acceleration": 1,
          "Radius": 10
        }
      ],
      "Normalization": {
        "Position": {
          "Minimum": -30,
          "Default": 0,
          "Maximum": 30
        },
        "Angle": {
          "Minimum": -15,
          "Default": 0,
          "Maximum": 15
        }
      }
    }
  ]
}