{
  "Version": 3,
  "Meta": {
    "Duration": 15.583,
    "Fps": 60.0,
    "Loop": true,
    "AreBeziersRestricted": true,
    "FadeInTime": 0.0,
    "FadeOutTime": 0.0,
    "CurveCount": 76,
    "TotalSegmentCount": 716,
    "TotalPointCount": 924,
    "UserDataCount": 1,
    "TotalUserDataSize": 0
  },
  "Curves": [
    {
      "Target": "Parameter",
      "Id": "Param118",
      "FadeInTime": -1.0,
      "FadeOutTime": -1.0,
      "Segments": [
        0,
        10,
        2,
        0.35,
        10,
        0,
        0.367,
        5.4,
        0,
        0.383,
        10,
        2,
        1.133,
        10,
        0,
        1.15,
        5.4,
        0,
        1.167,
        10,
        2,
        1.7,
        10,
        0,
        1.717,
        5.4,
        0,
        1.733,
        10,
        2,
        2.2,
        10,
        0,
        2.217,
        5.4,
        0,
        2.233,
        10,
        2,
        2.367,
        10,
        0,
        2.383,
        5.4,
        0,
        2.4,
        10,
        2,
        2.967,
        10,
        0,
        2.983,
        5.4,
        0,
        3,
        10,
        2,
        3.817,
        10,
        0,
        3.833,
        5.4,
        0,
        3.85,
        10,
        2,
        4.4,
        10,
        0,
        4.417,
        5.4,
        0,
        4.433,
        10,
        2,
        4.9,
        10,
        0,
        4.917,
        5.4,
        0,
        4.933,
        10,
        2,
        6.117,
        10,
        0,
        6.133,
        5.4,
        0,
        6.15,
        10,
        2,
        6.667,
        10,
        0,
        6.683,
        5.4,
        0,
        6.7,
        10,
        2,
        8,
        10,
        0,
        8.017,
        5.4,
        0,
        8.033,
        10,
        2,
        8.2,
        10,
        0,
        8.217,
        5.4,
        0,
        8.233,
        10,
        2,
        8.833,
        10,
        0,
        8.85,
        5.4,
        0,
        8.867,
        10,
        2,
        10.333,
        10,
        0,
        10.35,
        5.4,
        0,
        10.367,
        10,
        2,
        11.2,
        10,
        0,
        11.217,
        5.4,
        0,
        11.233,
        10,
        2,
        12.2,
        10,
        0,
        12.217,
        5.4,
        0,
        12.233,
        10,
        2,
        13.2,
        10,
        0,
        13.217,
        5.4,
        0,
        13.233,
        10,
        2,
        15,
        10,
        0,
        15.017,
        5.4,
        0,
        15.033,
        10,
        2,
        15.583,
        10
      ]
    },
    {
      "Target": "Parameter",
      "Id": "Param119",
      "FadeInTime": -1.0,
      "FadeOutTime": -1.0,
      "Segments": [
        0,
        10,
        2,
        0.633,
        10,
        0,
        0.65,
        5.2,
        0,
        0.667,
        10,
        2,
        0.9,
        10,
        0,
        0.917,
        5.2,
        0,
        0.933,
        10,
        2,
        1.483,
        10,
        0,
        1.5,
        5.2,
        0,
        1.517,
        10,
        2,
        1.983,
        10,
        0,
        2,
        5.2,
        0,
        2.017,
        10,
        2,
        2.567,
        10,
        0,
        2.583,
        5.2,
        0,
        2.6,
        10,
        2,
        3.25,
        10,
        0,
        3.267,
        5.2,
        0,
        3.283,
        10,
        2,
        3.533,
        10,
        0,
        3.55,
        5.2,
        0,
        3.567,
        10,
        2,
        4.1,
        10,
        0,
        4.117,
        5.2,
        0,
        4.133,
        10,
        2,
        5.183,
        10,
        0,
        5.2,
        5.2,
        0,
        5.217,
        10,
        2,
        5.817,
        10,
        0,
        5.833,
        5.2,
        0,
        5.85,
        10,
        2,
        6.4,
        10,
        0,
        6.417,
        5.2,
        0,
        6.433,
        10,
        2,
        6.95,
        10,
        0,
        6.967,
        5.2,
        0,
        6.983,
        10,
        2,
        7.65,
        10,
        0,
        7.667,
        5.2,
        0,
        7.683,
        10,
        2,
        8.283,
        10,
        0,
        8.3,
        5.2,
        0,
        8.317,
        10,
        2,
        9.117,
        10,
        0,
        9.133,
        5.2,
        0,
        9.15,
        10,
        2,
        9.883,
        10,
        0,
        9.9,
        5.2,
        0,
        9.917,
        10,
        2,
        10.617,
        10,
        0,
        10.633,
        5.2,
        0,
        10.65,
        10,
        2,
        12.483,
        10,
        0,
        12.5,
        5.2,
        0,
        12.517,
        10,
        2,
        13.483,
        10,
        0,
        13.5,
        5.2,
        0,
        13.517,
        10,
        2,
        14.417,
        10,
        0,
        14.433,
        5.2,
        0,
        14.45,
        10,
        2,
        15.283,
        10,
        0,
        15.3,
        5.2,
        0,
        15.317,
        10,
        2,
        15.583,
        10
      ]
    },
    {
      "Target": "Parameter",
      "Id": "Param120",
      "FadeInTime": -1.0,
      "FadeOutTime": -1.0,
      "Segments": [
        0,
        10,
        2,
        0.233,
        10,
        0,
        0.25,
        5.7,
        0,
        0.267,
        10,
        2,
        1.017,
        10,
        0,
        1.033,
        5.7,
        0,
        1.05,
        10,
        2,
        1.583,
        10,
        0,
        1.6,
        5.7,
        0,
        1.617,
        10,
        2,
        2.083,
        10,
        0,
        2.1,
        5.7,
        0,
        2.117,
        10,
        2,
        2.25,
        10,
        0,
        2.267,
        5.7,
        0,
        2.283,
        10,
        2,
        2.85,
        10,
        0,
        2.867,
        5.7,
        0,
        2.883,
        10,
        2,
        3.133,
        10,
        0,
        3.15,
        5.7,
        0,
        3.167,
        10,
        2,
        3.7,
        10,
        0,
        3.717,
        5.7,
        0,
        3.733,
        10,
        2,
        4.283,
        10,
        0,
        4.3,
        5.7,
        0,
        4.317,
        10,
        2,
        4.783,
        10,
        0,
        4.8,
        5.7,
        0,
        4.817,
        10,
        2,
        5.417,
        10,
        0,
        5.433,
        5.7,
        0,
        5.45,
        10,
        2,
        6.55,
        10,
        0,
        6.567,
        5.7,
        0,
        6.583,
        10,
        2,
        7.25,
        10,
        0,
        7.267,
        5.7,
        0,
        7.283,
        10,
        2,
        7.883,
        10,
        0,
        7.9,
        5.7,
        0,
        7.917,
        10,
        2,
        8.083,
        10,
        0,
        8.1,
        5.7,
        0,
        8.117,
        10,
        2,
        8.717,
        10,
        0,
        8.733,
        5.7,
        0,
        8.75,
        10,
        2,
        9.483,
        10,
        0,
        9.5,
        5.7,
        0,
        9.517,
        10,
        2,
        10.217,
        10,
        0,
        10.233,
        5.7,
        0,
        10.25,
        10,
        2,
        11.083,
        10,
        0,
        11.1,
        5.7,
        0,
        11.117,
        10,
        2,
        12.083,
        10,
        0,
        12.1,
        5.7,
        0,
        12.117,
        10,
        2,
        14.017,
        10,
        0,
        14.033,
        5.7,
        0,
        14.05,
        10,
        2,
        14.883,
        10,
        0,
        14.9,
        5.7,
        0,
        14.917,
        10,
        2,
        15.583,
        10
      ]
    },
    {
      "Target": "Parameter",
      "Id": "Param19",
      "FadeInTime": -1.0,
      "FadeOutTime": -1.0,
      "Segments": [
        0,
        0,
        1,
        5.194,
        26.667,
        10.389,
        53.333,
        15.583,
        80
      ]
    },
    {
      "Target": "Parameter",
      "Id": "Param16",
      "FadeInTime": -1.0,
      "FadeOutTime": -1.0,
      "Segments": [
        0,
        0,
        0,
        2.567,
        9,
        0,
        5.167,
        0,
        0,
        7.767,
        9,
        0,
        10.367,
        0,
        0,
        12.95,
        9,
        0,
        15.583,
        0
      ]
    },
    {
      "Target": "Parameter",
      "Id": "Param14",
      "FadeInTime": -1.0,
      "FadeOutTime": -1.0,
      "Segments": [
        0,
        0,
        1,
        5.194,
        3.333,
        10.389,
        6.667,
        15.583,
        10
      ]
    },
    {
      "Target": "Parameter",
      "Id": "Param15",
      "FadeInTime": -1.0,
      "FadeOutTime": -1.0,
      "Segments": [
        0,
        0,
        2,
        1.233,
        0,
        0,
        1.3,
        10,
        0,
        1.383,
        8.228,
        0,
        1.45,
        10,
        0,
        1.55,
        7.31,
        1,
        1.578,
        7.31,
        1.605,
        9.944,
        1.633,
        9.948,
        1,
        1.916,
        9.986,
        2.2,
        10,
        2.483,
        10,
        0,
        2.567,
        6.706,
        0,
        2.633,
        10,
        0,
        2.717,
        8.215,
        0,
        2.8,
        9.995,
        1,
        3.161,
        9.999,
        3.522,
        10,
        3.883,
        10,
        0,
        3.967,
        6.706,
        0,
        4.033,
        10,
        0,
        4.117,
        8.215,
        0,
        4.2,
        9.995,
        1,
        4.517,
        9.999,
        4.833,
        10,
        5.15,
        10,
        0,
        5.233,
        6.706,
        0,
        5.3,
        10,
        0,
        5.383,
        8.215,
        0,
        5.467,
        9.995,
        1,
        5.972,
        9.999,
        6.478,
        10,
        6.983,
        10,
        0,
        7.067,
        6.706,
        0,
        7.133,
        10,
        0,
        7.217,
        8.215,
        0,
        7.3,
        9.995,
        1,
        7.95,
        9.998,
        8.6,
        10,
        9.25,
        10,
        0,
        9.333,
        6.706,
        0,
        9.4,
        10,
        0,
        9.483,
        8.215,
        0,
        9.567,
        9.995,
        1,
        10.034,
        9.999,
        10.5,
        10,
        10.967,
        10,
        0,
        11.05,
        6.706,
        0,
        11.117,
        10,
        0,
        11.2,
        8.215,
        0,
        11.283,
        9.995,
        1,
        11.633,
        9.999,
        11.983,
        10,
        12.333,
        10,
        0,
        12.417,
        6.706,
        0,
        12.483,
        10,
        0,
        12.567,
        8.215,
        0,
        12.65,
        10,
        0,
        12.733,
        6.706,
        0,
        12.8,
        10,
        0,
        12.883,
        8.215,
        0,
        12.967,
        9.995,
        1,
        13.222,
        9.999,
        13.478,
        10,
        13.733,
        10,
        0,
        13.817,
        6.706,
        0,
        13.883,
        10,
        0,
        13.967,
        8.215,
        0,
        14.05,
        9.995,
        1,
        14.367,
        9.999,
        14.683,
        10,
        15,
        10,
        0,
        15.267,
        0,
        2,
        15.583,
        0
      ]
    },
    {
      "Target": "Parameter",
      "Id": "Param18",
      "FadeInTime": -1.0,
      "FadeOutTime": -1.0,
      "Segments": [
        0,
        5,
        1,
        5.194,
        8.333,
        10.389,
        11.667,
        15.583,
        15
      ]
    },
    {
      "Target": "Parameter",
      "Id": "Param17",
      "FadeInTime": -1.0,
      "FadeOutTime": -1.0,
      "Segments": [
        0,
        0,
        2,
        0.85,
        0,
        0,
        0.917,
        10,
        0,
        1,
        8.228,
        0,
        1.067,
        10,
        0,
        1.167,
        7.31,
        1,
        1.195,
        7.31,
        1.222,
        9.943,
        1.25,
        9.948,
        1,
        1.472,
        9.987,
        1.695,
        10,
        1.917,
        10,
        0,
        2,
        6.706,
        0,
        2.067,
        10,
        0,
        2.15,
        8.215,
        0,
        2.233,
        9.995,
        1,
        2.516,
        9.999,
        2.8,
        10,
        3.083,
        10,
        0,
        3.167,
        6.706,
        0,
        3.233,
        10,
        0,
        3.317,
        8.215,
        0,
        3.4,
        9.995,
        1,
        3.717,
        9.999,
        4.033,
        10,
        4.35,
        10,
        0,
        4.433,
        6.706,
        0,
        4.5,
        10,
        0,
        4.583,
        8.215,
        0,
        4.667,
        9.995,
        1,
        5.172,
        9.999,
        5.678,
        10,
        6.183,
        10,
        0,
        6.267,
        6.706,
        0,
        6.333,
        10,
        0,
        6.417,
        8.215,
        0,
        6.5,
        9.995,
        1,
        7.117,
        9.998,
        7.733,
        10,
        8.35,
        10,
        0,
        8.433,
        6.706,
        0,
        8.5,
        10,
        0,
        8.583,
        8.215,
        0,
        8.667,
        9.995,
        1,
        9.134,
        9.999,
        9.6,
        10,
        10.067,
        10,
        0,
        10.15,
        6.706,
        0,
        10.217,
        10,
        0,
        10.3,
        8.215,
        0,
        10.383,
        9.995,
        1,
        10.728,
        9.999,
        11.072,
        10,
        11.417,
        10,
        0,
        11.5,
        6.706,
        0,
        11.567,
        10,
        0,
        11.65,
        8.215,
        0,
        11.733,
        10,
        0,
        11.817,
        6.706,
        0,
        11.883,
        10,
        0,
        11.967,
        8.215,
        0,
        12.05,
        9.995,
        1,
        12.683,
        9.998,
        13.317,
        10,
        13.95,
        10,
        0,
        14.033,
        6.706,
        0,
        14.1,
        10,
        0,
        14.183,
        8.215,
        0,
        14.267,
        9.995,
        1,
        14.511,
        9.999,
        14.756,
        10,
        15,
        10,
        0,
        15.267,
        0,
        2,
        15.583,
        0
      ]
    },
    {
      "Target": "Parameter",
      "Id": "Param6",
      "FadeInTime": -1.0,
      "FadeOutTime": -1.0,
      "Segments": [
        0,
        2.913,
        0,
        2.583,
        -2.913,
        0,
        5.183,
        2.913,
        0,
        7.783,
        -2.913,
        0,
        10.383,
        2.913,
        0,
        12.983,
        -2.913,
        0,
        15.583,
        2.913
      ]
    },
    {
      "Target": "Parameter",
      "Id": "Param7",
      "FadeInTime": -1.0,
      "FadeOutTime": -1.0,
      "Segments": [
        0,
        2.002,
        1,
        0.283,
        3.158,
        0.567,
        4.016,
        0.85,
        4.016,
        0,
        3.45,
        -4.016,
        0,
        6.05,
        4.016,
        0,
        8.65,
        -4.016,
        0,
        11.25,
        4.016,
        0,
        13.85,
        -4.016,
        1,
        14.428,
        -4.016,
        15.005,
        -0.446,
        15.583,
        1.934
      ]
    },
    {
      "Target": "Parameter",
      "Id": "Param8",
      "FadeInTime": -1.0,
      "FadeOutTime": -1.0,
      "Segments": [
        0,
        -2.315,
        1,
        0.572,
        0.639,
        1.145,
        4.987,
        1.717,
        4.987,
        0,
        4.317,
        -4.987,
        0,
        6.917,
        4.987,
        0,
        9.517,
        -4.987,
        0,
        12.117,
        4.987,
        0,
        14.717,
        -4.987,
        1,
        15.006,
        -4.987,
        15.294,
        -3.879,
        15.583,
        -2.401
      ]
    },
    {
      "Target": "Parameter",
      "Id": "Param9",
      "FadeInTime": -1.0,
      "FadeOutTime": -1.0,
      "Segments": [
        0,
        -7.743,
        0,
        2.583,
        7.743,
        0,
        5.183,
        -7.743,
        0,
        7.783,
        7.743,
        0,
        10.383,
        -7.743,
        0,
        12.983,
        7.743,
        0,
        15.583,
        -7.743
      ]
    },
    {
      "Target": "Parameter",
      "Id": "Param12",
      "FadeInTime": -1.0,
      "FadeOutTime": -1.0,
      "Segments": [
        0,
        0,
        1,
        5.194,
        3.333,
        10.389,
        6.667,
        15.583,
        10
      ]
    },
    {
      "Target": "Parameter",
      "Id": "Param13",
      "FadeInTime": -1.0,
      "FadeOutTime": -1.0,
      "Segments": [
        0,
        5,
        1,
        5.194,
        8.333,
        10.389,
        11.667,
        15.583,
        15
      ]
    },
    {
      "Target": "Parameter",
      "Id": "MB_wutixialuoxunhuan",
      "FadeInTime": -1.0,
      "FadeOutTime": -1.0,
      "Segments": [
        0,
        0,
        1,
        5.194,
        1,
        10.389,
        2,
        15.583,
        3
      ]
    },
    {
      "Target": "Parameter",
      "Id": "MB_wutixialuojiaodu",
      "FadeInTime": -1.0,
      "FadeOutTime": -1.0,
      "Segments": [
        0,
        0,
        1,
        2.583,
        0.667,
        5.167,
        1.333,
        7.75,
        2,
        0,
        15.583,
        0
      ]
    },
    {
      "Target": "Parameter",
      "Id": "MB_Awutifanzhuan",
      "FadeInTime": -1.0,
      "FadeOutTime": -1.0,
      "Segments": [
        0,
        0,
        0,
        1.8,
        1,
        0,
        3.783,
        0,
        0,
        5.783,
        1,
        0,
        7.75,
        0,
        0,
        9.633,
        1,
        0,
        11.583,
        0,
        0,
        13.55,
        1,
        0,
        15.583,
        0
      ]
    },
    {
      "Target": "Parameter",
      "Id": "MB_Awutidaxiao",
      "FadeInTime": -1.0,
      "FadeOutTime": -1.0,
      "Segments": [
        0,
        0,
        0,
        3.783,
        0.1,
        0,
        7.75,
        0,
        2,
        15.583,
        0
      ]
    },
    {
      "Target": "Parameter",
      "Id": "MB_Awutijiaodu",
      "FadeInTime": -1.0,
      "FadeOutTime": -1.0,
      "Segments": [
        0,
        1,
        0,
        3.783,
        0.307,
        0,
        7.75,
        1,
        0,
        11.583,
        0.646,
        0,
        15.583,
        1
      ]
    },
    {
      "Target": "Parameter",
      "Id": "MB_Bwutifanzhuan",
      "FadeInTime": -1.0,
      "FadeOutTime": -1.0,
      "Segments": [
        0,
        1,
        0,
        3.783,
        -1,
        0,
        7.75,
        1,
        0,
        11.583,
        -1,
        0,
        15.583,
        1
      ]
    },
    {
      "Target": "Parameter",
      "Id": "MB_Bwutidaxiao",
      "FadeInTime": -1.0,
      "FadeOutTime": -1.0,
      "Segments": [
        0,
        0,
        0,
        3.783,
        0.1,
        0,
        7.75,
        0,
        2,
        15.583,
        0
      ]
    },
    {
      "Target": "Parameter",
      "Id": "MB_Bwutijiaodu",
      "FadeInTime": -1.0,
      "FadeOutTime": -1.0,
      "Segments": [
        0,
        0,
        0,
        1.833,
        1,
        1,
        2.483,
        1,
        3.133,
        0.658,
        3.783,
        0,
        1,
        4.45,
        -0.675,
        5.116,
        -1,
        5.783,
        -1,
        1,
        6.439,
        -1,
        7.094,
        -0.681,
        7.75,
        0,
        1,
        8.378,
        0.652,
        9.005,
        1,
        9.633,
        1,
        1,
        10.283,
        1,
        10.933,
        0.664,
        11.583,
        0,
        1,
        12.239,
        -0.669,
        12.894,
        -1,
        13.55,
        -1,
        0,
        15.583,
        0
      ]
    },
    {
      "Target": "Parameter",
      "Id": "MB_Cwutifanzhuan",
      "FadeInTime": -1.0,
      "FadeOutTime": -1.0,
      "Segments": [
        0,
        0,
        0,
        1.833,
        1,
        1,
        2.483,
        1,
        3.133,
        0.658,
        3.783,
        0,
        1,
        4.45,
        -0.675,
        5.116,
        -1,
        5.783,
        -1,
        1,
        6.439,
        -1,
        7.094,
        -0.681,
        7.75,
        0,
        1,
        8.378,
        0.652,
        9.005,
        1,
        9.633,
        1,
        1,
        10.283,
        1,
        10.933,
        0.664,
        11.583,
        0,
        1,
        12.239,
        -0.669,
        12.894,
        -1,
        13.55,
        -1,
        0,
        15.583,
        0
      ]
    },
    {
      "Target": "Parameter",
      "Id": "MB_Cwutidaxiao",
      "FadeInTime": -1.0,
      "FadeOutTime": -1.0,
      "Segments": [
        0,
        0,
        0,
        3.783,
        -0.1,
        0,
        7.75,
        0,
        2,
        15.583,
        0
      ]
    },
    {
      "Target": "Parameter",
      "Id": "MB_Cwutijiaodu",
      "FadeInTime": -1.0,
      "FadeOutTime": -1.0,
      "Segments": [
        0,
        -1,
        2,
        0.383,
        -1,
        0,
        3.783,
        -0.142,
        0,
        7.75,
        -1,
        0,
        11.583,
        -0.738,
        0,
        15.583,
        -1
      ]
    },
    {
      "Target": "Parameter",
      "Id": "Param88",
      "FadeInTime": -1.0,
      "FadeOutTime": -1.0,
      "Segments": [
        0,
        2.24,
        1,
        0.111,
        4.425,
        0.222,
        5,
        0.333,
        5,
        0,
        1.333,
        -5,
        0,
        2.333,
        5,
        0,
        3.333,
        -5,
        0,
        4.333,
        5,
        0,
        5.333,
        -5,
        0,
        6.333,
        5,
        0,
        7.333,
        -5,
        0,
        8.333,
        5,
        0,
        9.333,
        -5,
        0,
        10.3,
        5,
        0,
        11.25,
        -5,
        0,
        12.167,
        5,
        0,
        13.117,
        -5,
        0,
        14.033,
        5,
        0,
        14.983,
        -5,
        1,
        15.183,
        -5,
        15.383,
        -2.017,
        15.583,
        2.24
      ]
    },
    {
      "Target": "Parameter",
      "Id": "Param89",
      "FadeInTime": -1.0,
      "FadeOutTime": -1.0,
      "Segments": [
        0,
        -2.4,
        1,
        0.222,
        1.92,
        0.445,
        5,
        0.667,
        5,
        0,
        1.667,
        -5,
        0,
        2.667,
        5,
        0,
        3.667,
        -5,
        0,
        4.667,
        5,
        0,
        5.667,
        -5,
        0,
        6.667,
        5,
        0,
        7.667,
        -5,
        0,
        8.667,
        5,
        0,
        9.667,
        -5,
        0,
        10.617,
        5,
        0,
        11.567,
        -5,
        0,
        12.483,
        5,
        0,
        13.433,
        -5,
        0,
        14.35,
        5,
        0,
        15.267,
        -5,
        1,
        15.372,
        -5,
        15.478,
        -4.56,
        15.583,
        -2.4
      ]
    },
    {
      "Target": "Parameter",
      "Id": "Param90",
      "FadeInTime": -1.0,
      "FadeOutTime": -1.0,
      "Segments": [
        0,
        -5,
        0,
        1,
        5,
        0,
        2,
        -5,
        0,
        3,
        5,
        0,
        4,
        -5,
        0,
        5,
        5,
        0,
        6,
        -5,
        0,
        7,
        5,
        0,
        8,
        -5,
        0,
        9,
        5,
        0,
        10,
        -5,
        0,
        10.933,
        5,
        0,
        11.883,
        -5,
        0,
        12.8,
        5,
        0,
        13.717,
        -5,
        0,
        14.667,
        5,
        0,
        15.583,
        -5
      ]
    },
    {
      "Target": "Parameter",
      "Id": "Param_Angle_Rotation_1_ArtMesh186",
      "FadeInTime": -1.0,
      "FadeOutTime": -1.0,
      "Segments": [
        0,
        0.992,
        1,
        0.861,
        0.967,
        1.722,
        -0.992,
        2.583,
        -0.992,
        0,
        5.183,
        0.992,
        0,
        7.783,
        -0.992,
        0,
        10.383,
        0.992,
        0,
        12.983,
        -0.992,
        0,
        15.583,
        0.992
      ]
    },
    {
      "Target": "Parameter",
      "Id": "Param_Angle_Rotation_2_ArtMesh186",
      "FadeInTime": -1.0,
      "FadeOutTime": -1.0,
      "Segments": [
        0,
        0.919,
        1,
        0.1,
        0.966,
        0.2,
        0.992,
        0.3,
        0.992,
        0,
        2.9,
        -0.992,
        0,
        5.5,
        0.992,
        0,
        8.1,
        -0.992,
        0,
        10.7,
        0.992,
        0,
        13.3,
        -0.992,
        1,
        14.061,
        -0.992,
        14.822,
        0.538,
        15.583,
        0.911
      ]
    },
    {
      "Target": "Parameter",
      "Id": "Param_Angle_Rotation_3_ArtMesh186",
      "FadeInTime": -1.0,
      "FadeOutTime": -1.0,
      "Segments": [
        0,
        0.696,
        1,
        0.211,
        0.874,
        0.422,
        0.992,
        0.633,
        0.992,
        0,
        3.233,
        -0.992,
        0,
        5.833,
        0.992,
        0,
        8.433,
        -0.992,
        0,
        11.033,
        0.992,
        0,
        13.633,
        -0.992,
        1,
        14.283,
        -0.992,
        14.933,
        0.124,
        15.583,
        0.682
      ]
    },
    {
      "Target": "Parameter",
      "Id": "Param_Angle_Rotation_4_ArtMesh186",
      "FadeInTime": -1.0,
      "FadeOutTime": -1.0,
      "Segments": [
        0,
        0.4,
        1,
        0.317,
        0.745,
        0.633,
        1.016,
        0.95,
        1.016,
        0,
        3.55,
        -1.016,
        0,
        6.15,
        1.016,
        0,
        8.75,
        -1.016,
        0,
        11.35,
        1.016,
        0,
        13.95,
        -1.016,
        1,
        14.494,
        -1.016,
        15.039,
        -0.214,
        15.583,
        0.382
      ]
    },
    {
      "Target": "Parameter",
      "Id": "Param_Angle_Rotation_5_ArtMesh186",
      "FadeInTime": -1.0,
      "FadeOutTime": -1.0,
      "Segments": [
        0,
        0.02,
        1,
        0.428,
        0.521,
        0.855,
        1.016,
        1.283,
        1.016,
        0,
        3.883,
        -1.016,
        0,
        6.483,
        1.016,
        0,
        9.083,
        -1.016,
        0,
        11.683,
        1.016,
        0,
        14.283,
        -1.016,
        1,
        14.716,
        -1.016,
        15.15,
        -0.508,
        15.583,
        0
      ]
    },
    {
      "Target": "Parameter",
      "Id": "Param_Angle_Rotation_6_ArtMesh186",
      "FadeInTime": -1.0,
      "FadeOutTime": -1.0,
      "Segments": [
        0,
        -0.345,
        1,
        0.533,
        0.246,
        1.067,
        1.016,
        1.6,
        1.016,
        0,
        4.2,
        -1.016,
        0,
        6.8,
        1.016,
        0,
        9.4,
        -1.016,
        0,
        12,
        1.016,
        0,
        14.6,
        -1.016,
        1,
        14.928,
        -1.016,
        15.255,
        -0.725,
        15.583,
        -0.364
      ]
    },
    {
      "Target": "Parameter",
      "Id": "Param_Angle_Rotation_7_ArtMesh186",
      "FadeInTime": -1.0,
      "FadeOutTime": -1.0,
      "Segments": [
        0,
        -0.684,
        1,
        0.644,
        -0.108,
        1.289,
        1.016,
        1.933,
        1.016,
        0,
        4.533,
        -1.016,
        0,
        7.133,
        1.016,
        0,
        9.733,
        -1.016,
        0,
        12.333,
        1.016,
        0,
        14.933,
        -1.016,
        1,
        15.15,
        -1.016,
        15.366,
        -0.889,
        15.583,
        -0.698
      ]
    },
    {
      "Target": "Parameter",
      "Id": "Param_Angle_Rotation_8_ArtMesh186",
      "FadeInTime": -1.0,
      "FadeOutTime": -1.0,
      "Segments": [
        0,
        -0.915,
        1,
        0.75,
        -0.506,
        1.5,
        1.016,
        2.25,
        1.016,
        0,
        4.85,
        -1.016,
        0,
        7.45,
        1.016,
        0,
        10.05,
        -1.016,
        0,
        12.65,
        1.016,
        0,
        15.25,
        -1.016,
        1,
        15.361,
        -1.016,
        15.472,
        -0.983,
        15.583,
        -0.924
      ]
    },
    {
      "Target": "Parameter",
      "Id": "Param_Angle_Rotation_9_ArtMesh186",
      "FadeInTime": -1.0,
      "FadeOutTime": -1.0,
      "Segments": [
        0,
        -1.016,
        1,
        0.861,
        -0.99,
        1.722,
        1.016,
        2.583,
        1.016,
        0,
        5.183,
        -1.016,
        0,
        7.783,
        1.016,
        0,
        10.383,
        -1.016,
        0,
        12.983,
        1.016,
        0,
        15.583,
        -1.016
      ]
    },
    {
      "Target": "Parameter",
      "Id": "Param_Angle_Rotation_10_ArtMesh186",
      "FadeInTime": -1.0,
      "FadeOutTime": -1.0,
      "Segments": [
        0,
        -1.016,
        2,
        0.3,
        -1.016,
        0,
        2.9,
        1.016,
        0,
        5.5,
        -1.016,
        0,
        8.1,
        1.016,
        0,
        10.7,
        -1.016,
        0,
        13.3,
        1.016,
        1,
        14.061,
        1.016,
        14.822,
        -0.551,
        15.583,
        -0.933
      ]
    },
    {
      "Target": "Parameter",
      "Id": "Param_Angle_Rotation_11_ArtMesh186",
      "FadeInTime": -1.0,
      "FadeOutTime": -1.0,
      "Segments": [
        0,
        -3,
        2,
        0.633,
        -3,
        0,
        3.233,
        3,
        0,
        5.833,
        -3,
        0,
        8.433,
        3,
        0,
        11.033,
        -3,
        0,
        13.633,
        3,
        1,
        14.283,
        3,
        14.933,
        -0.375,
        15.583,
        -2.063
      ]
    },
    {
      "Target": "Parameter",
      "Id": "Param_Angle_Rotation_12_ArtMesh186",
      "FadeInTime": -1.0,
      "FadeOutTime": -1.0,
      "Segments": [
        0,
        -3,
        2,
        0.95,
        -3,
        0,
        3.55,
        3,
        0,
        6.15,
        -3,
        0,
        8.75,
        3,
        0,
        11.35,
        -3,
        0,
        13.95,
        3,
        1,
        14.494,
        3,
        15.039,
        0.632,
        15.583,
        -1.129
      ]
    },
    {
      "Target": "Parameter",
      "Id": "Param_Angle_Rotation_13_ArtMesh186",
      "FadeInTime": -1.0,
      "FadeOutTime": -1.0,
      "Segments": [
        0,
        -3,
        2,
        1.283,
        -3,
        0,
        3.883,
        3,
        0,
        6.483,
        -3,
        0,
        9.083,
        3,
        0,
        11.683,
        -3,
        0,
        14.283,
        3,
        1,
        14.716,
        3,
        15.15,
        1.5,
        15.583,
        0
      ]
    },
    {
      "Target": "Parameter",
      "Id": "Param_Angle_Rotation_14_ArtMesh186",
      "FadeInTime": -1.0,
      "FadeOutTime": -1.0,
      "Segments": [
        0,
        -3,
        2,
        1.6,
        -3,
        0,
        4.2,
        3,
        0,
        6.8,
        -3,
        0,
        9.4,
        3,
        0,
        12,
        -3,
        0,
        14.6,
        3,
        1,
        14.928,
        3,
        15.255,
        2.142,
        15.583,
        1.074
      ]
    },
    {
      "Target": "Parameter",
      "Id": "Param_Angle_Rotation_15_ArtMesh186",
      "FadeInTime": -1.0,
      "FadeOutTime": -1.0,
      "Segments": [
        0,
        -3,
        2,
        1.933,
        -3,
        0,
        4.533,
        3,
        0,
        7.133,
        -3,
        0,
        9.733,
        3,
        0,
        12.333,
        -3,
        0,
        14.933,
        3,
        1,
        15.15,
        3,
        15.366,
        2.625,
        15.583,
        2.062
      ]
    },
    {
      "Target": "Parameter",
      "Id": "Param_Angle_Rotation_1_ArtMesh187",
      "FadeInTime": -1.0,
      "FadeOutTime": -1.0,
      "Segments": [
        0,
        -0.992,
        1,
        0.861,
        -0.967,
        1.722,
        0.992,
        2.583,
        0.992,
        0,
        5.183,
        -0.992,
        0,
        7.783,
        0.992,
        0,
        10.383,
        -0.992,
        0,
        12.983,
        0.992,
        0,
        15.583,
        -0.992
      ]
    },
    {
      "Target": "Parameter",
      "Id": "Param_Angle_Rotation_2_ArtMesh187",
      "FadeInTime": -1.0,
      "FadeOutTime": -1.0,
      "Segments": [
        0,
        -0.919,
        1,
        0.1,
        -0.966,
        0.2,
        -0.992,
        0.3,
        -0.992,
        0,
        2.9,
        0.992,
        0,
        5.5,
        -0.992,
        0,
        8.1,
        0.992,
        0,
        10.7,
        -0.992,
        0,
        13.3,
        0.992,
        1,
        14.061,
        0.992,
        14.822,
        -0.538,
        15.583,
        -0.911
      ]
    },
    {
      "Target": "Parameter",
      "Id": "Param_Angle_Rotation_3_ArtMesh187",
      "FadeInTime": -1.0,
      "FadeOutTime": -1.0,
      "Segments": [
        0,
        -0.696,
        1,
        0.211,
        -0.874,
        0.422,
        -0.992,
        0.633,
        -0.992,
        0,
        3.233,
        0.992,
        0,
        5.833,
        -0.992,
        0,
        8.433,
        0.992,
        0,
        11.033,
        -0.992,
        0,
        13.633,
        0.992,
        1,
        14.283,
        0.992,
        14.933,
        -0.124,
        15.583,
        -0.682
      ]
    },
    {
      "Target": "Parameter",
      "Id": "Param_Angle_Rotation_4_ArtMesh187",
      "FadeInTime": -1.0,
      "FadeOutTime": -1.0,
      "Segments": [
        0,
        -0.4,
        1,
        0.317,
        -0.745,
        0.633,
        -1.016,
        0.95,
        -1.016,
        0,
        3.55,
        1.016,
        0,
        6.15,
        -1.016,
        0,
        8.75,
        1.016,
        0,
        11.35,
        -1.016,
        0,
        13.95,
        1.016,
        1,
        14.494,
        1.016,
        15.039,
        0.214,
        15.583,
        -0.382
      ]
    },
    {
      "Target": "Parameter",
      "Id": "Param_Angle_Rotation_5_ArtMesh187",
      "FadeInTime": -1.0,
      "FadeOutTime": -1.0,
      "Segments": [
        0,
        -0.02,
        1,
        0.428,
        -0.521,
        0.855,
        -1.016,
        1.283,
        -1.016,
        0,
        3.883,
        1.016,
        0,
        6.483,
        -1.016,
        0,
        9.083,
        1.016,
        0,
        11.683,
        -1.016,
        0,
        14.283,
        1.016,
        1,
        14.716,
        1.016,
        15.15,
        0.508,
        15.583,
        0
      ]
    },
    {
      "Target": "Parameter",
      "Id": "Param_Angle_Rotation_6_ArtMesh187",
      "FadeInTime": -1.0,
      "FadeOutTime": -1.0,
      "Segments": [
        0,
        0.345,
        1,
        0.533,
        -0.246,
        1.067,
        -1.016,
        1.6,
        -1.016,
        0,
        4.2,
        1.016,
        0,
        6.8,
        -1.016,
        0,
        9.4,
        1.016,
        0,
        12,
        -1.016,
        0,
        14.6,
        1.016,
        1,
        14.928,
        1.016,
        15.255,
        0.725,
        15.583,
        0.364
      ]
    },
    {
      "Target": "Parameter",
      "Id": "Param_Angle_Rotation_7_ArtMesh187",
      "FadeInTime": -1.0,
      "FadeOutTime": -1.0,
      "Segments": [
        0,
        0.684,
        1,
        0.644,
        0.108,
        1.289,
        -1.016,
        1.933,
        -1.016,
        0,
        4.533,
        1.016,
        0,
        7.133,
        -1.016,
        0,
        9.733,
        1.016,
        0,
        12.333,
        -1.016,
        0,
        14.933,
        1.016,
        1,
        15.15,
        1.016,
        15.366,
        0.889,
        15.583,
        0.698
      ]
    },
    {
      "Target": "Parameter",
      "Id": "Param_Angle_Rotation_8_ArtMesh187",
      "FadeInTime": -1.0,
      "FadeOutTime": -1.0,
      "Segments": [
        0,
        0.915,
        1,
        0.75,
        0.506,
        1.5,
        -1.016,
        2.25,
        -1.016,
        0,
        4.85,
        1.016,
        0,
        7.45,
        -1.016,
        0,
        10.05,
        1.016,
        0,
        12.65,
        -1.016,
        0,
        15.25,
        1.016,
        1,
        15.361,
        1.016,
        15.472,
        0.983,
        15.583,
        0.924
      ]
    },
    {
      "Target": "Parameter",
      "Id": "Param_Angle_Rotation_9_ArtMesh187",
      "FadeInTime": -1.0,
      "FadeOutTime": -1.0,
      "Segments": [
        0,
        1.016,
        1,
        0.861,
        0.99,
        1.722,
        -1.016,
        2.583,
        -1.016,
        0,
        5.183,
        1.016,
        0,
        7.783,
        -1.016,
        0,
        10.383,
        1.016,
        0,
        12.983,
        -1.016,
        0,
        15.583,
        1.016
      ]
    },
    {
      "Target": "Parameter",
      "Id": "Param_Angle_Rotation_10_ArtMesh187",
      "FadeInTime": -1.0,
      "FadeOutTime": -1.0,
      "Segments": [
        0,
        1.016,
        2,
        0.3,
        1.016,
        0,
        2.9,
        -1.016,
        0,
        5.5,
        1.016,
        0,
        8.1,
        -1.016,
        0,
        10.7,
        1.016,
        0,
        13.3,
        -1.016,
        1,
        14.061,
        -1.016,
        14.822,
        0.551,
        15.583,
        0.933
      ]
    },
    {
      "Target": "Parameter",
      "Id": "Param_Angle_Rotation_11_ArtMesh187",
      "FadeInTime": -1.0,
      "FadeOutTime": -1.0,
      "Segments": [
        0,
        3,
        2,
        0.633,
        3,
        0,
        3.233,
        -3,
        0,
        5.833,
        3,
        0,
        8.433,
        -3,
        0,
        11.033,
        3,
        0,
        13.633,
        -3,
        1,
        14.283,
        -3,
        14.933,
        0.375,
        15.583,
        2.063
      ]
    },
    {
      "Target": "Parameter",
      "Id": "Param_Angle_Rotation_12_ArtMesh187",
      "FadeInTime": -1.0,
      "FadeOutTime": -1.0,
      "Segments": [
        0,
        3,
        2,
        0.95,
        3,
        0,
        3.55,
        -3,
        0,
        6.15,
        3,
        0,
        8.75,
        -3,
        0,
        11.35,
        3,
        0,
        13.95,
        -3,
        1,
        14.494,
        -3,
        15.039,
        -0.632,
        15.583,
        1.129
      ]
    },
    {
      "Target": "Parameter",
      "Id": "Param_Angle_Rotation_13_ArtMesh187",
      "FadeInTime": -1.0,
      "FadeOutTime": -1.0,
      "Segments": [
        0,
        3,
        2,
        1.283,
        3,
        0,
        3.883,
        -3,
        0,
        6.483,
        3,
        0,
        9.083,
        -3,
        0,
        11.683,
        3,
        0,
        14.283,
        -3,
        1,
        14.716,
        -3,
        15.15,
        -1.5,
        15.583,
        0
      ]
    },
    {
      "Target": "Parameter",
      "Id": "Param_Angle_Rotation_14_ArtMesh187",
      "FadeInTime": -1.0,
      "FadeOutTime": -1.0,
      "Segments": [
        0,
        3,
        2,
        1.6,
        3,
        0,
        4.2,
        -3,
        0,
        6.8,
        3,
        0,
        9.4,
        -3,
        0,
        12,
        3,
        0,
        14.6,
        -3,
        1,
        14.928,
        -3,
        15.255,
        -2.142,
        15.583,
        -1.074
      ]
    },
    {
      "Target": "Parameter",
      "Id": "Param_Angle_Rotation_15_ArtMesh187",
      "FadeInTime": -1.0,
      "FadeOutTime": -1.0,
      "Segments": [
        0,
        3,
        2,
        1.933,
        3,
        0,
        4.533,
        -3,
        0,
        7.133,
        3,
        0,
        9.733,
        -3,
        0,
        12.333,
        3,
        0,
        14.933,
        -3,
        1,
        15.15,
        -3,
        15.366,
        -2.625,
        15.583,
        -2.062
      ]
    },
    {
      "Target": "Parameter",
      "Id": "Param_Angle_Rotation_1_ArtMesh188",
      "FadeInTime": -1.0,
      "FadeOutTime": -1.0,
      "Segments": [
        0,
        -3,
        0,
        3.85,
        3,
        0,
        7.733,
        -3,
        0,
        11.617,
        3,
        0,
        15.583,
        -3
      ]
    },
    {
      "Target": "Parameter",
      "Id": "Param_Angle_Rotation_2_ArtMesh188",
      "FadeInTime": -1.0,
      "FadeOutTime": -1.0,
      "Segments": [
        0,
        -2.6,
        0,
        0.617,
        -3,
        0,
        4.5,
        3,
        0,
        8.383,
        -3,
        0,
        12.267,
        3,
        1,
        13.372,
        3,
        14.478,
        0.463,
        15.583,
        -2.6
      ]
    },
    {
      "Target": "Parameter",
      "Id": "Param_Angle_Rotation_3_ArtMesh188",
      "FadeInTime": -1.0,
      "FadeOutTime": -1.0,
      "Segments": [
        0,
        -2.99,
        0,
        1.25,
        -5.277,
        0,
        5.15,
        4.079,
        0,
        9.033,
        -5.277,
        0,
        12.917,
        4.079,
        1,
        13.806,
        4.079,
        14.694,
        1.159,
        15.583,
        -2.99
      ]
    },
    {
      "Target": "Parameter",
      "Id": "Param_Angle_Rotation_4_ArtMesh188",
      "FadeInTime": -1.0,
      "FadeOutTime": -1.0,
      "Segments": [
        0,
        -0.75,
        0,
        1.9,
        -5.277,
        0,
        5.8,
        4.079,
        0,
        9.683,
        -5.277,
        0,
        13.567,
        4.079,
        1,
        14.239,
        4.079,
        14.911,
        2.489,
        15.583,
        -0.75
      ]
    },
    {
      "Target": "Parameter",
      "Id": "Param_Angle_Rotation_5_ArtMesh188",
      "FadeInTime": -1.0,
      "FadeOutTime": -1.0,
      "Segments": [
        0,
        1.53,
        0,
        2.55,
        -5.277,
        0,
        6.433,
        4.079,
        0,
        10.333,
        -5.277,
        0,
        14.217,
        4.079,
        1,
        14.672,
        4.079,
        15.128,
        3.657,
        15.583,
        1.53
      ]
    },
    {
      "Target": "Parameter",
      "Id": "Param_Angle_Rotation_6_ArtMesh188",
      "FadeInTime": -1.0,
      "FadeOutTime": -1.0,
      "Segments": [
        0,
        5.97,
        0,
        3.2,
        -6.356,
        0,
        7.083,
        7.075,
        0,
        10.983,
        -6.356,
        0,
        14.867,
        7.075,
        1,
        15.106,
        7.075,
        15.344,
        7.421,
        15.583,
        5.97
      ]
    },
    {
      "Target": "Parameter",
      "Id": "Param_Angle_Rotation_7_ArtMesh188",
      "FadeInTime": -1.0,
      "FadeOutTime": -1.0,
      "Segments": [
        0,
        7.07,
        0,
        3.85,
        -6.356,
        0,
        7.733,
        7.075,
        0,
        11.617,
        -6.356,
        0,
        15.583,
        7.07
      ]
    },
    {
      "Target": "Parameter",
      "Id": "Param_Angle_Rotation_8_ArtMesh188",
      "FadeInTime": -1.0,
      "FadeOutTime": -1.0,
      "Segments": [
        0,
        6.17,
        0,
        0.617,
        7.075,
        0,
        4.5,
        -6.356,
        0,
        8.383,
        7.075,
        0,
        12.267,
        -6.356,
        1,
        13.372,
        -6.356,
        14.478,
        -0.703,
        15.583,
        6.17
      ]
    },
    {
      "Target": "Parameter",
      "Id": "Param_Angle_Rotation_9_ArtMesh188",
      "FadeInTime": -1.0,
      "FadeOutTime": -1.0,
      "Segments": [
        0,
        3.96,
        0,
        1.25,
        7.913,
        0,
        5.15,
        -8.273,
        0,
        9.033,
        7.913,
        0,
        12.917,
        -8.273,
        1,
        13.806,
        -8.273,
        14.694,
        -3.215,
        15.583,
        3.96
      ]
    },
    {
      "Target": "Parameter",
      "Id": "Param_Angle_Rotation_10_ArtMesh188",
      "FadeInTime": -1.0,
      "FadeOutTime": -1.0,
      "Segments": [
        0,
        0.08,
        0,
        1.9,
        7.913,
        0,
        5.8,
        -8.273,
        0,
        9.683,
        7.913,
        0,
        13.567,
        -8.273,
        1,
        14.239,
        -8.273,
        14.911,
        -5.523,
        15.583,
        0.08
      ]
    },
    {
      "Target": "Parameter",
      "Id": "Param_Angle_Rotation_11_ArtMesh188",
      "FadeInTime": -1.0,
      "FadeOutTime": -1.0,
      "Segments": [
        0,
        -3.86,
        0,
        2.55,
        7.913,
        0,
        6.433,
        -8.273,
        0,
        10.333,
        7.913,
        0,
        14.217,
        -8.273,
        1,
        14.672,
        -8.273,
        15.128,
        -7.54,
        15.583,
        -3.86
      ]
    },
    {
      "Target": "Parameter",
      "Id": "Param_Angle_Rotation_12_ArtMesh188",
      "FadeInTime": -1.0,
      "FadeOutTime": -1.0,
      "Segments": [
        0,
        -8.59,
        0,
        3.2,
        9.351,
        0,
        7.083,
        -10.19,
        0,
        10.983,
        9.351,
        0,
        14.867,
        -10.19,
        1,
        15.106,
        -10.19,
        15.344,
        -10.696,
        15.583,
        -8.59
      ]
    },
    {
      "Target": "Parameter",
      "Id": "Param_Angle_Rotation_13_ArtMesh188",
      "FadeInTime": -1.0,
      "FadeOutTime": -1.0,
      "Segments": [
        0,
        -10.19,
        0,
        3.867,
        9.351,
        0,
        7.733,
        -10.19,
        0,
        11.65,
        9.351,
        0,
        15.583,
        -10.19
      ]
    },
    {
      "Target": "Parameter",
      "Id": "Param_Angle_Rotation_14_ArtMesh188",
      "FadeInTime": -1.0,
      "FadeOutTime": -1.0,
      "Segments": [
        0,
        -8.87,
        0,
        0.617,
        -10.19,
        0,
        4.517,
        9.351,
        0,
        8.383,
        -10.19,
        0,
        12.283,
        9.351,
        1,
        13.383,
        9.351,
        14.483,
        1.109,
        15.583,
        -8.87
      ]
    },
    {
      "Target": "Parameter",
      "Id": "Param_Angle_Rotation_15_ArtMesh188",
      "FadeInTime": -1.0,
      "FadeOutTime": -1.0,
      "Segments": [
        0,
        -5.39,
        0,
        1.25,
        -10.19,
        0,
        5.167,
        9.351,
        0,
        9.033,
        -10.19,
        0,
        12.933,
        9.351,
        1,
        13.816,
        9.351,
        14.7,
        3.256,
        15.583,
        -5.39
      ]
    },
    {
      "Target": "Parameter",
      "Id": "Param_Angle_Rotation_16_ArtMesh188",
      "FadeInTime": -1.0,
      "FadeOutTime": -1.0,
      "Segments": [
        0,
        -0.67,
        0,
        1.9,
        -10.19,
        0,
        5.817,
        9.351,
        0,
        9.683,
        -10.19,
        0,
        13.583,
        9.351,
        1,
        14.25,
        9.351,
        14.916,
        6.068,
        15.583,
        -0.67
      ]
    },
    {
      "Target": "Parameter",
      "Id": "Param_Angle_Rotation_17_ArtMesh188",
      "FadeInTime": -1.0,
      "FadeOutTime": -1.0,
      "Segments": [
        0,
        4.1,
        0,
        15.583,
        4.1
      ]
    }
  ],
  "UserData": [
    {
      "Time": 0.0,
      "Value": ""
    }
  ]
}