{
  "Version": 3,
  "Meta": {
    "Duration": 9.6,
    "Fps": 60.0,
    "Loop": true,
    "AreBeziersRestricted": true,
    "FadeInTime": 0.0,
    "FadeOutTime": 0.0,
    "CurveCount": 248,
    "TotalSegmentCount": 1243,
    "TotalPointCount": 1459,
    "UserDataCount": 1,
    "TotalUserDataSize": 0
  },
  "Curves": [
    {
      "Target": "Parameter",
      "Id": "Paramwuli",
      "FadeInTime": -1.0,
      "FadeOutTime": -1.0,
      "Segments": [
        0,
        0,
        1,
        0.333,
        6.698,
        0.667,
        13.395,
        1,
        20.093,
        1,
        1.333,
        13.382,
        1.667,
        6.671,
        2,
        -0.04,
        1,
        2.333,
        6.671,
        2.667,
        13.382,
        3,
        20.093,
        1,
        3.333,
        13.382,
        3.667,
        6.671,
        4,
        -0.04,
        1,
        4.333,
        6.671,
        4.667,
        13.382,
        5,
        20.093,
        1,
        5.333,
        13.382,
        5.667,
        6.671,
        6,
        -0.04,
        1,
        6.333,
        6.671,
        6.667,
        13.382,
        7,
        20.093,
        1,
        7.333,
        13.382,
        7.667,
        6.671,
        8,
        -0.04,
        1,
        8.333,
        4.261,
        8.667,
        8.562,
        9,
        12.863,
        1,
        9.2,
        8.575,
        9.4,
        4.288,
        9.6,
        0
      ]
    },
    {
      "Target": "Parameter",
      "Id": "Paramwuli2",
      "FadeInTime": -1.0,
      "FadeOutTime": -1.0,
      "Segments": [
        0,
        0,
        0,
        1,
        30,
        0,
        2,
        -30,
        0,
        3,
        30,
        0,
        4,
        -30,
        0,
        5,
        30,
        0,
        6,
        -30,
        0,
        7,
        30,
        0,
        8,
        -30,
        0,
        9,
        30,
        1,
        9.2,
        30,
        9.4,
        22.943,
        9.6,
        0
      ]
    },
    {
      "Target": "Parameter",
      "Id": "Paramwuli3",
      "FadeInTime": -1.0,
      "FadeOutTime": -1.0,
      "Segments": [
        0,
        0,
        1,
        0.333,
        6.698,
        0.667,
        13.395,
        1,
        20.093,
        1,
        1.333,
        13.382,
        1.667,
        6.671,
        2,
        -0.04,
        1,
        2.333,
        6.671,
        2.667,
        13.382,
        3,
        20.093,
        1,
        3.333,
        13.382,
        3.667,
        6.671,
        4,
        -0.04,
        1,
        4.333,
        6.671,
        4.667,
        13.382,
        5,
        20.093,
        1,
        5.333,
        13.382,
        5.667,
        6.671,
        6,
        -0.04,
        1,
        6.333,
        6.671,
        6.667,
        13.382,
        7,
        20.093,
        1,
        7.333,
        13.382,
        7.667,
        6.671,
        8,
        -0.04,
        1,
        8.333,
        4.261,
        8.667,
        8.562,
        9,
        12.863,
        1,
        9.2,
        8.575,
        9.4,
        4.288,
        9.6,
        0
      ]
    },
    {
      "Target": "Parameter",
      "Id": "ParamRenwuX4",
      "FadeInTime": -1.0,
      "FadeOutTime": -1.0,
      "Segments": [
        0,
        -0.5,
        0,
        1.6,
        0.5,
        0,
        3.2,
        -0.5,
        0,
        4.8,
        0.5,
        0,
        6.4,
        -0.5,
        0,
        8,
        0.5,
        0,
        9.6,
        -0.5
      ]
    },
    {
      "Target": "Parameter",
      "Id": "ParamEyeLOpen",
      "FadeInTime": -1.0,
      "FadeOutTime": -1.0,
      "Segments": [
        0,
        1,
        2,
        0.75,
        1,
        0,
        1.183,
        0,
        2,
        4.85,
        0,
        0,
        5.317,
        1,
        2,
        6.883,
        1,
        0,
        7.333,
        0,
        0,
        7.783,
        1,
        2,
        9.6,
        1
      ]
    },
    {
      "Target": "Parameter",
      "Id": "ParamEyeROpen",
      "FadeInTime": -1.0,
      "FadeOutTime": -1.0,
      "Segments": [
        0,
        1,
        2,
        0.75,
        1,
        0,
        1.183,
        0,
        2,
        4.85,
        0,
        0,
        5.317,
        1,
        2,
        6.883,
        1,
        0,
        7.333,
        0,
        0,
        7.783,
        1,
        2,
        9.6,
        1
      ]
    },
    {
      "Target": "Parameter",
      "Id": "ParamAngleX",
      "FadeInTime": -1.0,
      "FadeOutTime": -1.0,
      "Segments": [
        0,
        15,
        0,
        1.6,
        3,
        0,
        3.2,
        15,
        0,
        4.8,
        3,
        0,
        6.4,
        15,
        0,
        8,
        3,
        0,
        9.6,
        15
      ]
    },
    {
      "Target": "Parameter",
      "Id": "ParamAngleY",
      "FadeInTime": -1.0,
      "FadeOutTime": -1.0,
      "Segments": [
        0,
        -26,
        2,
        0.55,
        -26,
        0,
        2.15,
        -27,
        0,
        3.75,
        -26,
        0,
        5.35,
        -27,
        0,
        6.95,
        -26,
        0,
        8.55,
        -27,
        1,
        8.9,
        -27,
        9.25,
        -26.569,
        9.6,
        -26.273
      ]
    },
    {
      "Target": "Parameter",
      "Id": "ParamAngleZ",
      "FadeInTime": -1.0,
      "FadeOutTime": -1.0,
      "Segments": [
        0,
        -1.85,
        0,
        0.5,
        -1.845,
        0,
        2.1,
        -3.765,
        0,
        3.7,
        -1.845,
        0,
        5.3,
        -3.765,
        0,
        6.9,
        -1.845,
        0,
        8.5,
        -3.765,
        1,
        8.867,
        -3.765,
        9.233,
        -2.857,
        9.6,
        -2.29
      ]
    },
    {
      "Target": "Parameter",
      "Id": "ParamAngleZ2",
      "FadeInTime": -1.0,
      "FadeOutTime": -1.0,
      "Segments": [
        0,
        23.98,
        0,
        0.333,
        23.983,
        0,
        1.933,
        20.833,
        0,
        3.533,
        23.983,
        0,
        5.133,
        20.833,
        0,
        6.733,
        23.983,
        0,
        8.333,
        20.833,
        1,
        8.755,
        20.833,
        9.178,
        22.807,
        9.6,
        23.63
      ]
    },
    {
      "Target": "Parameter",
      "Id": "ParamBodyAngleX",
      "FadeInTime": -1.0,
      "FadeOutTime": -1.0,
      "Segments": [
        0,
        -1.46,
        0,
        1.6,
        -8.442,
        0,
        3.2,
        -1.462,
        0,
        4.8,
        -8.442,
        0,
        6.4,
        -1.462,
        0,
        8,
        -8.442,
        0,
        9.6,
        -1.462
      ]
    },
    {
      "Target": "Parameter",
      "Id": "ParamBodyAngleZ",
      "FadeInTime": -1.0,
      "FadeOutTime": -1.0,
      "Segments": [
        0,
        4.55,
        0,
        0.25,
        4.551,
        0,
        1.85,
        3.831,
        0,
        3.45,
        4.551,
        0,
        5.05,
        3.831,
        0,
        6.65,
        4.551,
        0,
        8.25,
        3.831,
        1,
        8.7,
        3.831,
        9.15,
        4.344,
        9.6,
        4.504
      ]
    },
    {
      "Target": "Parameter",
      "Id": "ParamBodyAngleZ2",
      "FadeInTime": -1.0,
      "FadeOutTime": -1.0,
      "Segments": [
        0,
        6.86,
        0,
        1.6,
        5.822,
        0,
        3.2,
        6.862,
        0,
        4.8,
        5.822,
        0,
        6.4,
        6.862,
        0,
        8,
        5.822,
        0,
        9.6,
        6.862
      ]
    },
    {
      "Target": "Parameter",
      "Id": "ParamBodyAngleUD",
      "FadeInTime": -1.0,
      "FadeOutTime": -1.0,
      "Segments": [
        0,
        4.29,
        0,
        0.167,
        4.291,
        0,
        1.767,
        0.811,
        0,
        3.367,
        4.291,
        0,
        4.967,
        0.811,
        0,
        6.567,
        4.291,
        0,
        8.167,
        0.811,
        1,
        8.645,
        0.811,
        9.122,
        3.604,
        9.6,
        4.186
      ]
    },
    {
      "Target": "Parameter",
      "Id": "ParamJianbangL",
      "FadeInTime": -1.0,
      "FadeOutTime": -1.0,
      "Segments": [
        0,
        1.04,
        0,
        1.6,
        -15.34,
        0,
        3.2,
        1.04,
        0,
        4.8,
        -15.34,
        0,
        6.4,
        1.04,
        0,
        8,
        -15.34,
        0,
        9.6,
        1.04
      ]
    },
    {
      "Target": "Parameter",
      "Id": "Param33",
      "FadeInTime": -1.0,
      "FadeOutTime": -1.0,
      "Segments": [
        0,
        1.02,
        0,
        1.6,
        1.48,
        0,
        3.2,
        1.02,
        0,
        4.8,
        1.48,
        0,
        6.4,
        1.02,
        0,
        8,
        1.48,
        0,
        9.6,
        1.02
      ]
    },
    {
      "Target": "Parameter",
      "Id": "ParamDaTuiL",
      "FadeInTime": -1.0,
      "FadeOutTime": -1.0,
      "Segments": [
        0,
        -1.545,
        0,
        1.6,
        -2.235,
        0,
        3.2,
        -1.545,
        0,
        4.8,
        -2.235,
        0,
        6.4,
        -1.545,
        0,
        8,
        -2.235,
        0,
        9.6,
        -1.545
      ]
    },
    {
      "Target": "Parameter",
      "Id": "ParamXiaoTuiL",
      "FadeInTime": -1.0,
      "FadeOutTime": -1.0,
      "Segments": [
        0,
        -1.68,
        0,
        0.2,
        -1.598,
        0,
        1.8,
        -3.55,
        0,
        3.4,
        -1.598,
        0,
        5,
        -3.55,
        0,
        6.6,
        -1.598,
        0,
        8.2,
        -3.55,
        1,
        8.667,
        -3.55,
        9.133,
        -2.652,
        9.6,
        -1.68
      ]
    },
    {
      "Target": "Parameter",
      "Id": "ParamJiaoL",
      "FadeInTime": -1.0,
      "FadeOutTime": -1.0,
      "Segments": [
        0,
        1.47,
        0,
        0.4,
        2.106,
        0,
        2,
        -1.994,
        0,
        3.6,
        2.106,
        0,
        5.2,
        -1.994,
        0,
        6.8,
        2.106,
        0,
        8.4,
        -1.994,
        1,
        8.8,
        -1.994,
        9.2,
        -0.448,
        9.6,
        1.47
      ]
    },
    {
      "Target": "Parameter",
      "Id": "ParamDaTuiR",
      "FadeInTime": -1.0,
      "FadeOutTime": -1.0,
      "Segments": [
        0,
        3.714,
        0,
        1.6,
        4.316,
        0,
        3.2,
        3.714,
        0,
        4.8,
        4.316,
        0,
        6.4,
        3.714,
        0,
        8,
        4.316,
        0,
        9.6,
        3.714
      ]
    },
    {
      "Target": "Parameter",
      "Id": "ParamXiaoTuiR",
      "FadeInTime": -1.0,
      "FadeOutTime": -1.0,
      "Segments": [
        0,
        -2.13,
        0,
        0.25,
        -1.954,
        0,
        1.85,
        -4.658,
        0,
        3.45,
        -1.954,
        0,
        5.05,
        -4.658,
        0,
        6.65,
        -1.954,
        0,
        8.25,
        -4.658,
        1,
        8.7,
        -4.658,
        9.15,
        -3.468,
        9.6,
        -2.13
      ]
    },
    {
      "Target": "Parameter",
      "Id": "ParamJiaoR",
      "FadeInTime": -1.0,
      "FadeOutTime": -1.0,
      "Segments": [
        0,
        0.65,
        0,
        0.5,
        1.358,
        0,
        2.1,
        -1.702,
        0,
        3.7,
        1.358,
        0,
        5.3,
        -1.702,
        0,
        6.9,
        1.358,
        0,
        8.5,
        -1.702,
        1,
        8.867,
        -1.702,
        9.233,
        -0.702,
        9.6,
        0.65
      ]
    },
    {
      "Target": "Parameter",
      "Id": "ParamOPRX1",
      "FadeInTime": -1.0,
      "FadeOutTime": -1.0,
      "Segments": [
        0,
        -0.091,
        0,
        0.017,
        -0.086,
        0,
        0.267,
        -1.795,
        0,
        1.233,
        4.2,
        0,
        2.183,
        -4.193,
        0,
        3.183,
        3.988,
        0,
        4.183,
        -3.535,
        0,
        5.183,
        3.44,
        0,
        6.167,
        -3.796,
        0,
        7.183,
        4.138,
        0,
        8.183,
        -4.15,
        0,
        9.05,
        2.426,
        0,
        9.25,
        1.289,
        1,
        9.367,
        1.289,
        9.483,
        4.892,
        9.6,
        5.22
      ]
    },
    {
      "Target": "Parameter",
      "Id": "ParamOPRY1",
      "FadeInTime": -1.0,
      "FadeOutTime": -1.0,
      "Segments": [
        0,
        0,
        0,
        0.267,
        -1.795,
        0,
        1.233,
        4.2,
        0,
        2.183,
        -4.193,
        0,
        3.183,
        3.988,
        0,
        4.183,
        -3.535,
        0,
        5.183,
        3.44,
        0,
        6.167,
        -3.796,
        0,
        7.183,
        4.138,
        0,
        8.183,
        -4.15,
        0,
        9.05,
        2.426,
        0,
        9.6,
        0
      ]
    },
    {
      "Target": "Parameter",
      "Id": "ParamOPRY2",
      "FadeInTime": -1.0,
      "FadeOutTime": -1.0,
      "Segments": [
        0,
        -0.144,
        0,
        0.033,
        -0.255,
        0,
        0.183,
        0.419,
        0,
        0.467,
        -2.149,
        0,
        0.75,
        -0.601,
        0,
        0.917,
        -0.848,
        0,
        1.033,
        -0.594,
        0,
        1.067,
        -0.604,
        0,
        1.433,
        4.835,
        0,
        1.717,
        2.234,
        0,
        1.867,
        2.606,
        0,
        2.367,
        -4.032,
        0,
        2.583,
        -3.034,
        0,
        2.783,
        -3.504,
        0,
        3.383,
        3.657,
        0,
        3.583,
        2.994,
        0,
        3.783,
        3.416,
        0,
        4.367,
        -3.224,
        2,
        4.383,
        -3.224,
        0,
        4.583,
        -2.415,
        0,
        4.783,
        -2.944,
        0,
        5.367,
        3.268,
        0,
        5.6,
        2.28,
        0,
        5.783,
        2.657,
        0,
        6.367,
        -3.723,
        0,
        6.617,
        -2.572,
        0,
        6.783,
        -2.781,
        0,
        7.367,
        3.976,
        0,
        7.6,
        3.047,
        0,
        7.783,
        3.379,
        0,
        8.383,
        -3.863,
        0,
        8.583,
        -3.01,
        0,
        8.783,
        -3.509,
        0,
        9.217,
        2.094,
        0,
        9.45,
        -0.274,
        1,
        9.5,
        -0.273,
        9.55,
        1.141,
        9.6,
        2.757
      ]
    },
    {
      "Target": "Parameter",
      "Id": "ParamOPLX1",
      "FadeInTime": -1.0,
      "FadeOutTime": -1.0,
      "Segments": [
        0,
        1.498,
        0,
        0.167,
        -0.168,
        0,
        0.35,
        0.833,
        0,
        0.6,
        -0.845,
        0,
        0.85,
        0.334,
        0,
        1.233,
        -1.964,
        0,
        1.55,
        1.416,
        0,
        1.783,
        -0.762,
        0,
        2.1,
        2.204,
        0,
        2.433,
        -0.742,
        0,
        2.683,
        0.805,
        0,
        3.05,
        -1.693,
        0,
        3.45,
        0.427,
        0,
        3.683,
        -0.658,
        0,
        4.083,
        1.576,
        0,
        4.45,
        -0.557,
        0,
        4.7,
        0.692,
        0,
        5.083,
        -1.538,
        0,
        5.45,
        0.643,
        0,
        5.7,
        -0.579,
        0,
        6.067,
        1.636,
        0,
        6.45,
        -0.641,
        0,
        6.7,
        0.539,
        0,
        7.067,
        -1.728,
        0,
        7.45,
        0.532,
        0,
        7.683,
        -0.637,
        0,
        8.067,
        1.737,
        0,
        8.45,
        -0.521,
        0,
        8.683,
        0.745,
        0,
        9.05,
        -1.592,
        0,
        9.317,
        1.141,
        0,
        9.6,
        -3.109
      ]
    },
    {
      "Target": "Parameter",
      "Id": "Param29",
      "FadeInTime": -1.0,
      "FadeOutTime": -1.0,
      "Segments": [
        0,
        0,
        0,
        0.133,
        -0.724,
        0,
        0.4,
        0.105,
        0,
        0.667,
        -0.296,
        0,
        0.933,
        -0.102,
        0,
        1,
        -0.12,
        0,
        1.133,
        1.026,
        0,
        1.4,
        -0.25,
        0,
        1.667,
        0.367,
        0,
        1.933,
        0.068,
        0,
        2,
        0.097,
        0,
        2.133,
        -1.015,
        0,
        2.4,
        0.245,
        0,
        2.667,
        -0.364,
        0,
        2.933,
        -0.07,
        0,
        3,
        -0.099,
        0,
        3.133,
        1.015,
        0,
        3.4,
        -0.245,
        0,
        3.667,
        0.364,
        0,
        3.933,
        0.07,
        0,
        4,
        0.099,
        0,
        4.133,
        -1.015,
        0,
        4.4,
        0.245,
        0,
        4.667,
        -0.364,
        0,
        4.933,
        -0.07,
        0,
        5,
        -0.099,
        0,
        5.133,
        1.015,
        0,
        5.4,
        -0.245,
        0,
        5.667,
        0.364,
        0,
        5.933,
        0.07,
        0,
        6,
        0.099,
        0,
        6.133,
        -1.015,
        0,
        6.4,
        0.245,
        0,
        6.667,
        -0.364,
        0,
        6.933,
        -0.07,
        0,
        7,
        -0.099,
        0,
        7.133,
        1.015,
        0,
        7.4,
        -0.245,
        0,
        7.667,
        0.364,
        0,
        7.933,
        0.07,
        0,
        8,
        0.099,
        0,
        8.133,
        -0.797,
        0,
        8.4,
        0.228,
        0,
        8.667,
        -0.268,
        0,
        8.933,
        -0.028,
        0,
        9,
        -0.052,
        0,
        9.133,
        0.902,
        0,
        9.4,
        -0.174,
        0,
        9.6,
        0.292
      ]
    },
    {
      "Target": "Parameter",
      "Id": "Param30",
      "FadeInTime": -1.0,
      "FadeOutTime": -1.0,
      "Segments": [
        0,
        0,
        0,
        0.083,
        0.539,
        0,
        0.317,
        -1.034,
        0,
        0.583,
        0.333,
        0,
        0.85,
        -0.499,
        0,
        1,
        -0.209,
        0,
        1.083,
        -0.809,
        0,
        1.317,
        1.362,
        0,
        1.583,
        -0.583,
        0,
        1.85,
        0.648,
        0,
        2,
        0.199,
        0,
        2.083,
        0.734,
        0,
        2.317,
        -1.335,
        0,
        2.583,
        0.57,
        0,
        2.85,
        -0.642,
        0,
        3,
        -0.194,
        0,
        3.083,
        -0.735,
        0,
        3.317,
        1.334,
        0,
        3.583,
        -0.57,
        0,
        3.85,
        0.642,
        0,
        4,
        0.194,
        0,
        4.083,
        0.735,
        0,
        4.317,
        -1.334,
        0,
        4.583,
        0.57,
        0,
        4.85,
        -0.642,
        0,
        5,
        -0.194,
        0,
        5.083,
        -0.735,
        0,
        5.317,
        1.334,
        0,
        5.583,
        -0.57,
        0,
        5.85,
        0.642,
        0,
        6,
        0.194,
        0,
        6.083,
        0.735,
        0,
        6.317,
        -1.334,
        0,
        6.583,
        0.57,
        0,
        6.85,
        -0.642,
        0,
        7,
        -0.194,
        0,
        7.083,
        -0.735,
        0,
        7.317,
        1.334,
        0,
        7.583,
        -0.57,
        0,
        7.85,
        0.642,
        0,
        8,
        0.194,
        0,
        8.083,
        0.602,
        0,
        8.317,
        -1.046,
        0,
        8.583,
        0.498,
        0,
        8.85,
        -0.488,
        0,
        9,
        -0.12,
        0,
        9.083,
        -0.592,
        0,
        9.317,
        1.184,
        0,
        9.583,
        -0.444,
        1,
        9.589,
        -0.444,
        9.594,
        -0.432,
        9.6,
        -0.41
      ]
    },
    {
      "Target": "Parameter",
      "Id": "ParamQianFa1_1",
      "FadeInTime": -1.0,
      "FadeOutTime": -1.0,
      "Segments": [
        0,
        -0.178,
        0,
        0.117,
        -1.329,
        0,
        0.367,
        0.736,
        0,
        0.633,
        -0.587,
        0,
        0.9,
        0.172,
        0,
        1,
        -0.018,
        0,
        1.117,
        3.132,
        0,
        1.383,
        -1.69,
        0,
        1.65,
        1.173,
        0,
        1.917,
        -0.646,
        0,
        2,
        -0.328,
        0,
        2.117,
        -3.09,
        0,
        2.383,
        1.44,
        0,
        2.65,
        -1.294,
        0,
        2.917,
        0.511,
        0,
        3,
        0.222,
        0,
        3.117,
        3.08,
        0,
        3.383,
        -1.353,
        0,
        3.65,
        1.386,
        0,
        3.917,
        -0.363,
        0,
        4,
        -0.074,
        0,
        4.117,
        -2.92,
        0,
        4.383,
        1.522,
        0,
        4.65,
        -1.361,
        0,
        4.917,
        0.295,
        0,
        5,
        -0.012,
        0,
        5.117,
        2.832,
        0,
        5.383,
        -1.643,
        0,
        5.65,
        1.202,
        0,
        5.917,
        -0.48,
        0,
        6,
        -0.147,
        0,
        6.117,
        -2.927,
        0,
        6.383,
        1.662,
        0,
        6.65,
        -1.113,
        0,
        6.917,
        0.585,
        0,
        7,
        0.273,
        0,
        7.117,
        3.075,
        0,
        7.383,
        -1.49,
        0,
        7.65,
        1.247,
        0,
        7.917,
        -0.58,
        0,
        8,
        -0.298,
        0,
        8.117,
        -2.52,
        0,
        8.383,
        1.13,
        0,
        8.65,
        -1.097,
        0,
        8.917,
        0.352,
        0,
        9,
        0.113,
        0,
        9.117,
        2.575,
        0,
        9.383,
        -1.199,
        0,
        9.6,
        1.111
      ]
    },
    {
      "Target": "Parameter",
      "Id": "ParamQianFa1_2",
      "FadeInTime": -1.0,
      "FadeOutTime": -1.0,
      "Segments": [
        0,
        -0.671,
        0,
        0.083,
        -0.046,
        0,
        0.3,
        -2.136,
        0,
        0.567,
        0.776,
        0,
        0.817,
        -1.408,
        0,
        1,
        -0.182,
        0,
        1.083,
        -2.072,
        0,
        1.317,
        4.924,
        0,
        1.567,
        -2.216,
        0,
        1.833,
        2.812,
        0,
        2,
        0.114,
        0,
        2.067,
        1.37,
        0,
        2.3,
        -4.607,
        0,
        2.567,
        1.794,
        0,
        2.833,
        -3.07,
        0,
        3,
        -0.461,
        0,
        3.083,
        -1.819,
        0,
        3.317,
        4.333,
        0,
        3.567,
        -1.888,
        0,
        3.833,
        3.078,
        0,
        4,
        0.61,
        0,
        4.083,
        2.003,
        0,
        4.317,
        -4.048,
        0,
        4.567,
        2.331,
        0,
        4.833,
        -2.767,
        0,
        5,
        -0.385,
        0,
        5.083,
        -1.847,
        0,
        5.317,
        4.088,
        0,
        5.567,
        -2.43,
        0,
        5.833,
        2.517,
        0,
        6,
        0.021,
        0,
        6.083,
        1.425,
        0,
        6.3,
        -4.463,
        0,
        6.567,
        2.182,
        0,
        6.833,
        -2.584,
        0,
        7,
        -0.031,
        0,
        7.083,
        -1.384,
        0,
        7.3,
        4.648,
        0,
        7.567,
        -1.845,
        0,
        7.833,
        2.999,
        0,
        8,
        0.358,
        0,
        8.067,
        1.297,
        0,
        8.3,
        -3.482,
        0,
        8.567,
        1.563,
        0,
        8.833,
        -2.455,
        0,
        9,
        -0.381,
        0,
        9.083,
        -1.611,
        0,
        9.317,
        3.657,
        0,
        9.567,
        -1.752,
        1,
        9.578,
        -1.752,
        9.589,
        -1.624,
        9.6,
        -1.414
      ]
    },
    {
      "Target": "Parameter",
      "Id": "ParamQianFa1_3",
      "FadeInTime": -1.0,
      "FadeOutTime": -1.0,
      "Segments": [
        0,
        1.998,
        0,
        0.4,
        -1.044,
        0,
        0.667,
        1.411,
        0,
        0.933,
        -1.209,
        0,
        1.05,
        -0.611,
        0,
        1.2,
        -1.552,
        0,
        1.433,
        3.589,
        0,
        1.7,
        -3.621,
        0,
        1.95,
        2.941,
        0,
        2.417,
        -3.004,
        0,
        2.683,
        3.322,
        0,
        2.95,
        -2.784,
        0,
        3.417,
        2.947,
        0,
        3.683,
        -3.318,
        0,
        3.95,
        2.727,
        0,
        4.417,
        -2.987,
        0,
        4.683,
        3.408,
        0,
        4.95,
        -2.715,
        0,
        5.417,
        3.012,
        0,
        5.683,
        -3.377,
        0,
        5.95,
        2.737,
        0,
        6.417,
        -3.046,
        0,
        6.683,
        3.34,
        0,
        6.95,
        -2.749,
        0,
        7.417,
        3.034,
        0,
        7.683,
        -3.332,
        0,
        7.95,
        2.809,
        0,
        8.417,
        -2.313,
        0,
        8.683,
        2.669,
        0,
        8.95,
        -2.23,
        0,
        9.133,
        -0.599,
        0,
        9.167,
        -0.61,
        0,
        9.417,
        2.545,
        1,
        9.478,
        2.544,
        9.539,
        -0.228,
        9.6,
        -1.707
      ]
    },
    {
      "Target": "Parameter",
      "Id": "ParamQianFa1_4",
      "FadeInTime": -1.0,
      "FadeOutTime": -1.0,
      "Segments": [
        0,
        4.016,
        0,
        0.05,
        4.92,
        0,
        0.333,
        -2.336,
        0,
        0.75,
        1.798,
        0,
        1.05,
        -1.788,
        0,
        1.533,
        3.994,
        0,
        1.8,
        -4.895,
        0,
        2.067,
        4.511,
        0,
        2.483,
        -3.412,
        0,
        2.783,
        4.422,
        0,
        3.05,
        -4.199,
        0,
        3.5,
        3.208,
        0,
        3.783,
        -4.366,
        0,
        4.067,
        4.13,
        0,
        4.5,
        -3.277,
        0,
        4.783,
        4.488,
        0,
        5.067,
        -4.142,
        0,
        5.5,
        3.294,
        0,
        5.783,
        -4.454,
        0,
        6.067,
        4.154,
        0,
        6.5,
        -3.34,
        0,
        6.783,
        4.423,
        0,
        7.067,
        -4.168,
        0,
        7.5,
        3.334,
        0,
        7.783,
        -4.41,
        0,
        8.067,
        4.223,
        0,
        8.467,
        -2.607,
        0,
        8.783,
        3.504,
        0,
        9.05,
        -3.361,
        0,
        9.5,
        2.75,
        1,
        9.533,
        2.75,
        9.567,
        1.904,
        9.6,
        0.847
      ]
    },
    {
      "Target": "Parameter",
      "Id": "ParamQianFa2_1",
      "FadeInTime": -1.0,
      "FadeOutTime": -1.0,
      "Segments": [
        0,
        -0.548,
        0,
        0.117,
        -2.073,
        0,
        0.4,
        1.198,
        0,
        0.683,
        -0.916,
        0,
        0.967,
        0.326,
        0,
        1,
        0.287,
        0,
        1.133,
        3.585,
        0,
        1.417,
        -1.958,
        0,
        1.7,
        1.352,
        0,
        1.983,
        -0.744,
        0,
        2,
        -0.733,
        0,
        2.117,
        -3.843,
        0,
        2.417,
        1.843,
        0,
        2.7,
        -1.618,
        0,
        2.983,
        0.705,
        0,
        3,
        0.691,
        0,
        3.117,
        3.794,
        0,
        3.4,
        -1.71,
        0,
        3.7,
        1.718,
        0,
        3.983,
        -0.51,
        0,
        4,
        -0.492,
        0,
        4.117,
        -3.59,
        0,
        4.4,
        1.898,
        0,
        4.7,
        -1.709,
        0,
        4.983,
        0.41,
        0,
        5,
        0.392,
        0,
        5.117,
        3.49,
        0,
        5.4,
        -2.044,
        0,
        5.7,
        1.514,
        0,
        5.983,
        -0.608,
        0,
        6,
        -0.584,
        0,
        6.117,
        -3.61,
        0,
        6.417,
        2.086,
        0,
        6.7,
        -1.41,
        0,
        6.983,
        0.748,
        0,
        7,
        0.729,
        0,
        7.117,
        3.783,
        0,
        7.417,
        -1.874,
        0,
        7.7,
        1.541,
        0,
        7.983,
        -0.778,
        0,
        8,
        -0.765,
        0,
        8.117,
        -3.192,
        0,
        8.4,
        1.486,
        0,
        8.683,
        -1.395,
        0,
        8.983,
        0.509,
        0,
        9,
        0.491,
        0,
        9.117,
        3.131,
        0,
        9.4,
        -1.482,
        0,
        9.6,
        0.928
      ]
    },
    {
      "Target": "Parameter",
      "Id": "ParamQianFa2_2",
      "FadeInTime": -1.0,
      "FadeOutTime": -1.0,
      "Segments": [
        0,
        1.105,
        0,
        0.05,
        1.364,
        0,
        0.3,
        -3.194,
        0,
        0.583,
        1.429,
        0,
        0.867,
        -1.815,
        0,
        1,
        -0.786,
        0,
        1.083,
        -2.33,
        0,
        1.333,
        5.118,
        0,
        1.617,
        -2.281,
        0,
        1.883,
        2.824,
        0,
        2,
        1.456,
        0,
        2.067,
        2.406,
        0,
        2.317,
        -5.305,
        0,
        2.6,
        2.182,
        0,
        2.883,
        -3.332,
        0,
        3,
        -1.782,
        0,
        3.067,
        -2.683,
        0,
        3.317,
        4.924,
        0,
        3.6,
        -2.228,
        0,
        3.883,
        3.317,
        0,
        4,
        1.859,
        0,
        4.067,
        2.829,
        0,
        4.317,
        -4.635,
        0,
        4.6,
        2.675,
        0,
        4.883,
        -3.001,
        0,
        5,
        -1.627,
        0,
        5.067,
        -2.651,
        0,
        5.317,
        4.696,
        0,
        5.6,
        -2.778,
        0,
        5.883,
        2.737,
        0,
        6,
        1.277,
        0,
        6.067,
        2.247,
        0,
        6.317,
        -5.094,
        0,
        6.6,
        2.538,
        0,
        6.883,
        -2.804,
        0,
        7,
        -1.301,
        0,
        7.067,
        -2.237,
        0,
        7.317,
        5.267,
        0,
        7.6,
        -2.182,
        0,
        7.883,
        3.225,
        0,
        8,
        1.656,
        0,
        8.05,
        2.181,
        0,
        8.317,
        -4.176,
        0,
        8.6,
        1.947,
        0,
        8.883,
        -2.713,
        0,
        9,
        -1.393,
        0,
        9.067,
        -2.232,
        0,
        9.317,
        4.095,
        0,
        9.6,
        -2.012
      ]
    },
    {
      "Target": "Parameter",
      "Id": "ParamQianFa2_3",
      "FadeInTime": -1.0,
      "FadeOutTime": -1.0,
      "Segments": [
        0,
        2.285,
        0,
        0.05,
        2.551,
        0,
        0.4,
        -2.608,
        0,
        0.7,
        2.386,
        0,
        0.983,
        -1.816,
        0,
        1.083,
        -1.471,
        0,
        1.167,
        -1.568,
        0,
        1.45,
        3.646,
        0,
        1.717,
        -3.626,
        0,
        2,
        2.919,
        0,
        2.433,
        -3.865,
        0,
        2.717,
        3.824,
        0,
        3,
        -3.092,
        0,
        3.433,
        3.653,
        0,
        3.717,
        -3.738,
        0,
        4,
        2.983,
        0,
        4.433,
        -3.659,
        0,
        4.717,
        3.815,
        0,
        5,
        -2.958,
        0,
        5.433,
        3.701,
        0,
        5.717,
        -3.791,
        0,
        6,
        2.979,
        0,
        6.433,
        -3.748,
        0,
        6.717,
        3.762,
        0,
        7,
        -3.005,
        0,
        7.433,
        3.73,
        0,
        7.717,
        -3.741,
        0,
        8,
        3.063,
        0,
        8.417,
        -3.295,
        0,
        8.7,
        3.223,
        0,
        8.983,
        -2.559,
        0,
        9.433,
        3.045,
        1,
        9.489,
        3.045,
        9.544,
        0.473,
        9.6,
        -1.242
      ]
    },
    {
      "Target": "Parameter",
      "Id": "ParamQianFa2_4",
      "FadeInTime": -1.0,
      "FadeOutTime": -1.0,
      "Segments": [
        0,
        -0.877,
        0,
        0.15,
        4.745,
        0,
        0.483,
        -3.991,
        0,
        0.8,
        3.623,
        0,
        1.1,
        -3.066,
        0,
        1.533,
        4.265,
        0,
        1.833,
        -5.012,
        0,
        2.133,
        4.765,
        0,
        2.5,
        -4.969,
        0,
        2.817,
        5.418,
        0,
        3.117,
        -5.002,
        0,
        3.5,
        4.675,
        0,
        3.817,
        -5.232,
        0,
        4.117,
        4.828,
        0,
        4.5,
        -4.642,
        0,
        4.817,
        5.316,
        0,
        5.117,
        -4.821,
        0,
        5.5,
        4.688,
        0,
        5.817,
        -5.298,
        0,
        6.117,
        4.833,
        0,
        6.5,
        -4.76,
        0,
        6.817,
        5.278,
        0,
        7.117,
        -4.863,
        0,
        7.5,
        4.745,
        0,
        7.817,
        -5.249,
        0,
        8.1,
        4.882,
        0,
        8.5,
        -4.063,
        0,
        8.8,
        4.53,
        0,
        9.1,
        -4.136,
        0,
        9.5,
        3.826,
        1,
        9.533,
        3.826,
        9.567,
        2.981,
        9.6,
        1.855
      ]
    },
    {
      "Target": "Parameter",
      "Id": "ParamQianFa3_1",
      "FadeInTime": -1.0,
      "FadeOutTime": -1.0,
      "Segments": [
        0,
        -0.548,
        0,
        0.117,
        -2.073,
        0,
        0.4,
        1.198,
        0,
        0.683,
        -0.916,
        0,
        0.967,
        0.326,
        0,
        1,
        0.287,
        0,
        1.133,
        3.585,
        0,
        1.417,
        -1.958,
        0,
        1.7,
        1.352,
        0,
        1.983,
        -0.744,
        0,
        2,
        -0.733,
        0,
        2.117,
        -3.843,
        0,
        2.417,
        1.843,
        0,
        2.7,
        -1.618,
        0,
        2.983,
        0.705,
        0,
        3,
        0.691,
        0,
        3.117,
        3.794,
        0,
        3.4,
        -1.71,
        0,
        3.7,
        1.718,
        0,
        3.983,
        -0.51,
        0,
        4,
        -0.492,
        0,
        4.117,
        -3.59,
        0,
        4.4,
        1.898,
        0,
        4.7,
        -1.709,
        0,
        4.983,
        0.41,
        0,
        5,
        0.392,
        0,
        5.117,
        3.49,
        0,
        5.4,
        -2.044,
        0,
        5.7,
        1.514,
        0,
        5.983,
        -0.608,
        0,
        6,
        -0.584,
        0,
        6.117,
        -3.61,
        0,
        6.417,
        2.086,
        0,
        6.7,
        -1.41,
        0,
        6.983,
        0.748,
        0,
        7,
        0.729,
        0,
        7.117,
        3.783,
        0,
        7.417,
        -1.874,
        0,
        7.7,
        1.541,
        0,
        7.983,
        -0.778,
        0,
        8,
        -0.765,
        0,
        8.117,
        -3.192,
        0,
        8.4,
        1.486,
        0,
        8.683,
        -1.395,
        0,
        8.983,
        0.509,
        0,
        9,
        0.491,
        0,
        9.117,
        3.131,
        0,
        9.4,
        -1.482,
        0,
        9.6,
        0.928
      ]
    },
    {
      "Target": "Parameter",
      "Id": "ParamQianFa3_2",
      "FadeInTime": -1.0,
      "FadeOutTime": -1.0,
      "Segments": [
        0,
        1.105,
        0,
        0.05,
        1.364,
        0,
        0.3,
        -3.194,
        0,
        0.583,
        1.429,
        0,
        0.867,
        -1.815,
        0,
        1,
        -0.786,
        0,
        1.083,
        -2.33,
        0,
        1.333,
        5.118,
        0,
        1.617,
        -2.281,
        0,
        1.883,
        2.824,
        0,
        2,
        1.456,
        0,
        2.067,
        2.406,
        0,
        2.317,
        -5.305,
        0,
        2.6,
        2.182,
        0,
        2.883,
        -3.332,
        0,
        3,
        -1.782,
        0,
        3.067,
        -2.683,
        0,
        3.317,
        4.924,
        0,
        3.6,
        -2.228,
        0,
        3.883,
        3.317,
        0,
        4,
        1.859,
        0,
        4.067,
        2.829,
        0,
        4.317,
        -4.635,
        0,
        4.6,
        2.675,
        0,
        4.883,
        -3.001,
        0,
        5,
        -1.627,
        0,
        5.067,
        -2.651,
        0,
        5.317,
        4.696,
        0,
        5.6,
        -2.778,
        0,
        5.883,
        2.737,
        0,
        6,
        1.277,
        0,
        6.067,
        2.247,
        0,
        6.317,
        -5.094,
        0,
        6.6,
        2.538,
        0,
        6.883,
        -2.804,
        0,
        7,
        -1.301,
        0,
        7.067,
        -2.237,
        0,
        7.317,
        5.267,
        0,
        7.6,
        -2.182,
        0,
        7.883,
        3.225,
        0,
        8,
        1.656,
        0,
        8.05,
        2.181,
        0,
        8.317,
        -4.176,
        0,
        8.6,
        1.947,
        0,
        8.883,
        -2.713,
        0,
        9,
        -1.393,
        0,
        9.067,
        -2.232,
        0,
        9.317,
        4.095,
        0,
        9.6,
        -2.012
      ]
    },
    {
      "Target": "Parameter",
      "Id": "ParamQianFa3_3",
      "FadeInTime": -1.0,
      "FadeOutTime": -1.0,
      "Segments": [
        0,
        2.285,
        0,
        0.05,
        2.551,
        0,
        0.4,
        -2.608,
        0,
        0.7,
        2.386,
        0,
        0.983,
        -1.816,
        0,
        1.083,
        -1.471,
        0,
        1.167,
        -1.568,
        0,
        1.45,
        3.646,
        0,
        1.717,
        -3.626,
        0,
        2,
        2.919,
        0,
        2.433,
        -3.865,
        0,
        2.717,
        3.824,
        0,
        3,
        -3.092,
        0,
        3.433,
        3.653,
        0,
        3.717,
        -3.738,
        0,
        4,
        2.983,
        0,
        4.433,
        -3.659,
        0,
        4.717,
        3.815,
        0,
        5,
        -2.958,
        0,
        5.433,
        3.701,
        0,
        5.717,
        -3.791,
        0,
        6,
        2.979,
        0,
        6.433,
        -3.748,
        0,
        6.717,
        3.762,
        0,
        7,
        -3.005,
        0,
        7.433,
        3.73,
        0,
        7.717,
        -3.741,
        0,
        8,
        3.063,
        0,
        8.417,
        -3.295,
        0,
        8.7,
        3.223,
        0,
        8.983,
        -2.559,
        0,
        9.433,
        3.045,
        1,
        9.489,
        3.045,
        9.544,
        0.473,
        9.6,
        -1.242
      ]
    },
    {
      "Target": "Parameter",
      "Id": "ParamQianFa3_4",
      "FadeInTime": -1.0,
      "FadeOutTime": -1.0,
      "Segments": [
        0,
        -0.877,
        0,
        0.15,
        4.745,
        0,
        0.483,
        -3.991,
        0,
        0.8,
        3.623,
        0,
        1.1,
        -3.066,
        0,
        1.533,
        4.265,
        0,
        1.833,
        -5.012,
        0,
        2.133,
        4.765,
        0,
        2.5,
        -4.969,
        0,
        2.817,
        5.418,
        0,
        3.117,
        -5.002,
        0,
        3.5,
        4.675,
        0,
        3.817,
        -5.232,
        0,
        4.117,
        4.828,
        0,
        4.5,
        -4.642,
        0,
        4.817,
        5.316,
        0,
        5.117,
        -4.821,
        0,
        5.5,
        4.688,
        0,
        5.817,
        -5.298,
        0,
        6.117,
        4.833,
        0,
        6.5,
        -4.76,
        0,
        6.817,
        5.278,
        0,
        7.117,
        -4.863,
        0,
        7.5,
        4.745,
        0,
        7.817,
        -5.249,
        0,
        8.1,
        4.882,
        0,
        8.5,
        -4.063,
        0,
        8.8,
        4.53,
        0,
        9.1,
        -4.136,
        0,
        9.5,
        3.826,
        1,
        9.533,
        3.826,
        9.567,
        2.981,
        9.6,
        1.855
      ]
    },
    {
      "Target": "Parameter",
      "Id": "Param19",
      "FadeInTime": -1.0,
      "FadeOutTime": -1.0,
      "Segments": [
        0,
        0,
        1,
        3.2,
        16.428,
        6.4,
        32.855,
        9.6,
        49.283
      ]
    },
    {
      "Target": "Parameter",
      "Id": "Param16",
      "FadeInTime": -1.0,
      "FadeOutTime": -1.0,
      "Segments": [
        0,
        0,
        0,
        2.567,
        9,
        0,
        5.167,
        0,
        0,
        7.767,
        9,
        1,
        8.378,
        9,
        8.989,
        4.525,
        9.6,
        1.886
      ]
    },
    {
      "Target": "Parameter",
      "Id": "Param14",
      "FadeInTime": -1.0,
      "FadeOutTime": -1.0,
      "Segments": [
        0,
        0,
        1,
        3.2,
        2.053,
        6.4,
        4.107,
        9.6,
        6.16
      ]
    },
    {
      "Target": "Parameter",
      "Id": "Param15",
      "FadeInTime": -1.0,
      "FadeOutTime": -1.0,
      "Segments": [
        0,
        0,
        2,
        1.233,
        0,
        0,
        1.3,
        10,
        0,
        1.383,
        8.228,
        0,
        1.45,
        10,
        0,
        1.55,
        7.31,
        1,
        1.578,
        7.31,
        1.605,
        9.944,
        1.633,
        9.948,
        1,
        1.916,
        9.986,
        2.2,
        10,
        2.483,
        10,
        0,
        2.567,
        6.706,
        0,
        2.633,
        10,
        0,
        2.717,
        8.215,
        0,
        2.8,
        9.995,
        1,
        3.161,
        9.999,
        3.522,
        10,
        3.883,
        10,
        0,
        3.967,
        6.706,
        0,
        4.033,
        10,
        0,
        4.117,
        8.215,
        0,
        4.2,
        9.995,
        1,
        4.517,
        9.999,
        4.833,
        10,
        5.15,
        10,
        0,
        5.233,
        6.706,
        0,
        5.3,
        10,
        0,
        5.383,
        8.215,
        0,
        5.467,
        9.995,
        1,
        5.972,
        9.999,
        6.478,
        10,
        6.983,
        10,
        0,
        7.067,
        6.706,
        0,
        7.133,
        10,
        0,
        7.217,
        8.215,
        0,
        7.3,
        9.995,
        1,
        7.95,
        9.998,
        8.6,
        10,
        9.25,
        10,
        0,
        9.333,
        6.706,
        0,
        9.4,
        10,
        0,
        9.483,
        8.215,
        0,
        9.567,
        9.995,
        2,
        9.6,
        9.995
      ]
    },
    {
      "Target": "Parameter",
      "Id": "Param18",
      "FadeInTime": -1.0,
      "FadeOutTime": -1.0,
      "Segments": [
        0,
        5,
        1,
        3.2,
        7.053,
        6.4,
        9.107,
        9.6,
        11.16
      ]
    },
    {
      "Target": "Parameter",
      "Id": "Param17",
      "FadeInTime": -1.0,
      "FadeOutTime": -1.0,
      "Segments": [
        0,
        0,
        2,
        0.85,
        0,
        0,
        0.917,
        10,
        0,
        1,
        8.228,
        0,
        1.067,
        10,
        0,
        1.167,
        7.31,
        1,
        1.195,
        7.31,
        1.222,
        9.943,
        1.25,
        9.948,
        1,
        1.472,
        9.987,
        1.695,
        10,
        1.917,
        10,
        0,
        2,
        6.706,
        0,
        2.067,
        10,
        0,
        2.15,
        8.215,
        0,
        2.233,
        9.995,
        1,
        2.516,
        9.999,
        2.8,
        10,
        3.083,
        10,
        0,
        3.167,
        6.706,
        0,
        3.233,
        10,
        0,
        3.317,
        8.215,
        0,
        3.4,
        9.995,
        1,
        3.717,
        9.999,
        4.033,
        10,
        4.35,
        10,
        0,
        4.433,
        6.706,
        0,
        4.5,
        10,
        0,
        4.583,
        8.215,
        0,
        4.667,
        9.995,
        1,
        5.172,
        9.999,
        5.678,
        10,
        6.183,
        10,
        0,
        6.267,
        6.706,
        0,
        6.333,
        10,
        0,
        6.417,
        8.215,
        0,
        6.5,
        9.995,
        1,
        7.117,
        9.998,
        7.733,
        10,
        8.35,
        10,
        0,
        8.433,
        6.706,
        0,
        8.5,
        10,
        0,
        8.583,
        8.215,
        0,
        8.667,
        9.995,
        1,
        8.978,
        9.997,
        9.289,
        9.999,
        9.6,
        9.999
      ]
    },
    {
      "Target": "Parameter",
      "Id": "Param6",
      "FadeInTime": -1.0,
      "FadeOutTime": -1.0,
      "Segments": [
        0,
        2.91,
        0,
        2.583,
        -2.913,
        0,
        5.183,
        2.913,
        0,
        7.783,
        -2.913,
        1,
        8.389,
        -2.913,
        8.994,
        -0.069,
        9.6,
        1.645
      ]
    },
    {
      "Target": "Parameter",
      "Id": "Param7",
      "FadeInTime": -1.0,
      "FadeOutTime": -1.0,
      "Segments": [
        0,
        2,
        0,
        0.85,
        4.016,
        0,
        3.45,
        -4.016,
        0,
        6.05,
        4.016,
        0,
        8.65,
        -4.016,
        1,
        8.967,
        -4.016,
        9.283,
        -2.944,
        9.6,
        -1.583
      ]
    },
    {
      "Target": "Parameter",
      "Id": "Param8",
      "FadeInTime": -1.0,
      "FadeOutTime": -1.0,
      "Segments": [
        0,
        -2.32,
        0,
        1.717,
        4.987,
        0,
        4.317,
        -4.987,
        0,
        6.917,
        4.987,
        0,
        9.517,
        -4.987,
        1,
        9.545,
        -4.987,
        9.572,
        -4.977,
        9.6,
        -4.957
      ]
    },
    {
      "Target": "Parameter",
      "Id": "Param9",
      "FadeInTime": -1.0,
      "FadeOutTime": -1.0,
      "Segments": [
        0,
        -7.74,
        0,
        2.583,
        7.743,
        0,
        5.183,
        -7.743,
        0,
        7.783,
        7.743,
        1,
        8.389,
        7.743,
        8.994,
        0.183,
        9.6,
        -4.373
      ]
    },
    {
      "Target": "Parameter",
      "Id": "Param12",
      "FadeInTime": -1.0,
      "FadeOutTime": -1.0,
      "Segments": [
        0,
        0,
        1,
        3.2,
        2.053,
        6.4,
        4.107,
        9.6,
        6.16
      ]
    },
    {
      "Target": "Parameter",
      "Id": "Param13",
      "FadeInTime": -1.0,
      "FadeOutTime": -1.0,
      "Segments": [
        0,
        5,
        1,
        3.2,
        7.053,
        6.4,
        9.107,
        9.6,
        11.16
      ]
    },
    {
      "Target": "Parameter",
      "Id": "MB_wutixialuoxunhuan",
      "FadeInTime": -1.0,
      "FadeOutTime": -1.0,
      "Segments": [
        0,
        0,
        1,
        3.2,
        0.616,
        6.4,
        1.232,
        9.6,
        1.848
      ]
    },
    {
      "Target": "Parameter",
      "Id": "MB_wutixialuojiaodu",
      "FadeInTime": -1.0,
      "FadeOutTime": -1.0,
      "Segments": [
        0,
        0,
        1,
        2.583,
        0.667,
        5.167,
        1.333,
        7.75,
        2,
        1,
        8.367,
        2,
        8.983,
        1.888,
        9.6,
        1.718
      ]
    },
    {
      "Target": "Parameter",
      "Id": "MB_Awutifanzhuan",
      "FadeInTime": -1.0,
      "FadeOutTime": -1.0,
      "Segments": [
        0,
        0,
        0,
        1.8,
        1,
        0,
        3.783,
        0,
        0,
        5.783,
        1,
        0,
        7.75,
        0,
        1,
        8.367,
        0,
        8.983,
        0.965,
        9.6,
        0.999
      ]
    },
    {
      "Target": "Parameter",
      "Id": "MB_Awutidaxiao",
      "FadeInTime": -1.0,
      "FadeOutTime": -1.0,
      "Segments": [
        0,
        0,
        0,
        3.783,
        0.1,
        0,
        7.75,
        0,
        2,
        9.6,
        0
      ]
    },
    {
      "Target": "Parameter",
      "Id": "MB_Awutijiaodu",
      "FadeInTime": -1.0,
      "FadeOutTime": -1.0,
      "Segments": [
        0,
        1,
        0,
        3.783,
        0.307,
        0,
        7.75,
        1,
        1,
        8.367,
        1,
        8.983,
        0.918,
        9.6,
        0.832
      ]
    },
    {
      "Target": "Parameter",
      "Id": "MB_Bwutifanzhuan",
      "FadeInTime": -1.0,
      "FadeOutTime": -1.0,
      "Segments": [
        0,
        1,
        0,
        3.783,
        -1,
        0,
        7.75,
        1,
        1,
        8.367,
        1,
        8.983,
        0.534,
        9.6,
        0.052
      ]
    },
    {
      "Target": "Parameter",
      "Id": "MB_Bwutidaxiao",
      "FadeInTime": -1.0,
      "FadeOutTime": -1.0,
      "Segments": [
        0,
        0,
        0,
        3.783,
        0.1,
        0,
        7.75,
        0,
        2,
        9.6,
        0
      ]
    },
    {
      "Target": "Parameter",
      "Id": "MB_Bwutijiaodu",
      "FadeInTime": -1.0,
      "FadeOutTime": -1.0,
      "Segments": [
        0,
        0,
        0,
        1.833,
        1,
        1,
        2.483,
        1,
        3.133,
        0.658,
        3.783,
        0,
        1,
        4.45,
        -0.675,
        5.116,
        -1,
        5.783,
        -1,
        1,
        6.439,
        -1,
        7.094,
        -0.681,
        7.75,
        0,
        1,
        8.367,
        0.64,
        8.983,
        0.988,
        9.6,
        1
      ]
    },
    {
      "Target": "Parameter",
      "Id": "MB_Cwutifanzhuan",
      "FadeInTime": -1.0,
      "FadeOutTime": -1.0,
      "Segments": [
        0,
        0,
        0,
        1.833,
        1,
        1,
        2.483,
        1,
        3.133,
        0.658,
        3.783,
        0,
        1,
        4.45,
        -0.675,
        5.116,
        -1,
        5.783,
        -1,
        1,
        6.439,
        -1,
        7.094,
        -0.681,
        7.75,
        0,
        1,
        8.367,
        0.64,
        8.983,
        0.988,
        9.6,
        1
      ]
    },
    {
      "Target": "Parameter",
      "Id": "MB_Cwutidaxiao",
      "FadeInTime": -1.0,
      "FadeOutTime": -1.0,
      "Segments": [
        0,
        0,
        0,
        3.783,
        -0.1,
        0,
        7.75,
        0,
        2,
        9.6,
        0
      ]
    },
    {
      "Target": "Parameter",
      "Id": "MB_Cwutijiaodu",
      "FadeInTime": -1.0,
      "FadeOutTime": -1.0,
      "Segments": [
        0,
        -1,
        0,
        3.783,
        -0.142,
        0,
        7.75,
        -1,
        1,
        8.367,
        -1,
        8.983,
        -0.939,
        9.6,
        -0.876
      ]
    },
    {
      "Target": "Parameter",
      "Id": "Param_Angle_Rotation_1_ArtMesh186",
      "FadeInTime": -1.0,
      "FadeOutTime": -1.0,
      "Segments": [
        0,
        0.99,
        0,
        2.583,
        -0.992,
        0,
        5.183,
        0.992,
        0,
        7.783,
        -0.992,
        1,
        8.389,
        -0.992,
        8.994,
        -0.023,
        9.6,
        0.56
      ]
    },
    {
      "Target": "Parameter",
      "Id": "Param_Angle_Rotation_2_ArtMesh186",
      "FadeInTime": -1.0,
      "FadeOutTime": -1.0,
      "Segments": [
        0,
        0.91,
        0,
        0.3,
        0.992,
        0,
        2.9,
        -0.992,
        0,
        5.5,
        0.992,
        0,
        8.1,
        -0.992,
        1,
        8.6,
        -0.992,
        9.1,
        -0.332,
        9.6,
        0.227
      ]
    },
    {
      "Target": "Parameter",
      "Id": "Param_Angle_Rotation_3_ArtMesh186",
      "FadeInTime": -1.0,
      "FadeOutTime": -1.0,
      "Segments": [
        0,
        0.68,
        0,
        0.633,
        0.992,
        0,
        3.233,
        -0.992,
        0,
        5.833,
        0.992,
        0,
        8.433,
        -0.992,
        1,
        8.822,
        -0.992,
        9.211,
        -0.593,
        9.6,
        -0.152
      ]
    },
    {
      "Target": "Parameter",
      "Id": "Param_Angle_Rotation_4_ArtMesh186",
      "FadeInTime": -1.0,
      "FadeOutTime": -1.0,
      "Segments": [
        0,
        0.38,
        0,
        0.95,
        1.016,
        0,
        3.55,
        -1.016,
        0,
        6.15,
        1.016,
        0,
        8.75,
        -1.016,
        1,
        9.033,
        -1.016,
        9.317,
        -0.799,
        9.6,
        -0.506
      ]
    },
    {
      "Target": "Parameter",
      "Id": "Param_Angle_Rotation_5_ArtMesh186",
      "FadeInTime": -1.0,
      "FadeOutTime": -1.0,
      "Segments": [
        0,
        0,
        0,
        1.283,
        1.016,
        0,
        3.883,
        -1.016,
        0,
        6.483,
        1.016,
        0,
        9.083,
        -1.016,
        1,
        9.255,
        -1.016,
        9.428,
        -0.936,
        9.6,
        -0.807
      ]
    },
    {
      "Target": "Parameter",
      "Id": "Param_Angle_Rotation_6_ArtMesh186",
      "FadeInTime": -1.0,
      "FadeOutTime": -1.0,
      "Segments": [
        0,
        -0.36,
        0,
        1.6,
        1.016,
        0,
        4.2,
        -1.016,
        0,
        6.8,
        1.016,
        0,
        9.4,
        -1.016,
        1,
        9.467,
        -1.016,
        9.533,
        -1.004,
        9.6,
        -0.982
      ]
    },
    {
      "Target": "Parameter",
      "Id": "Param_Angle_Rotation_7_ArtMesh186",
      "FadeInTime": -1.0,
      "FadeOutTime": -1.0,
      "Segments": [
        0,
        -0.7,
        0,
        1.933,
        1.016,
        0,
        4.533,
        -1.016,
        0,
        7.133,
        1.016,
        1,
        7.955,
        1.016,
        8.778,
        -0.813,
        9.6,
        -1.001
      ]
    },
    {
      "Target": "Parameter",
      "Id": "Param_Angle_Rotation_8_ArtMesh186",
      "FadeInTime": -1.0,
      "FadeOutTime": -1.0,
      "Segments": [
        0,
        -0.92,
        0,
        2.25,
        1.016,
        0,
        4.85,
        -1.016,
        0,
        7.45,
        1.016,
        1,
        8.167,
        1.016,
        8.883,
        -0.373,
        9.6,
        -0.854
      ]
    },
    {
      "Target": "Parameter",
      "Id": "Param_Angle_Rotation_9_ArtMesh186",
      "FadeInTime": -1.0,
      "FadeOutTime": -1.0,
      "Segments": [
        0,
        -1.02,
        0,
        2.583,
        1.016,
        0,
        5.183,
        -1.016,
        0,
        7.783,
        1.016,
        1,
        8.389,
        1.016,
        8.994,
        0.024,
        9.6,
        -0.574
      ]
    },
    {
      "Target": "Parameter",
      "Id": "Param_Angle_Rotation_10_ArtMesh186",
      "FadeInTime": -1.0,
      "FadeOutTime": -1.0,
      "Segments": [
        0,
        -0.93,
        0,
        0.3,
        -1.016,
        0,
        2.9,
        1.016,
        0,
        5.5,
        -1.016,
        0,
        8.1,
        1.016,
        1,
        8.6,
        1.016,
        9.1,
        0.34,
        9.6,
        -0.233
      ]
    },
    {
      "Target": "Parameter",
      "Id": "Param_Angle_Rotation_11_ArtMesh186",
      "FadeInTime": -1.0,
      "FadeOutTime": -1.0,
      "Segments": [
        0,
        -2.06,
        0,
        0.633,
        -3,
        0,
        3.233,
        3,
        0,
        5.833,
        -3,
        0,
        8.433,
        3,
        1,
        8.822,
        3,
        9.211,
        1.792,
        9.6,
        0.46
      ]
    },
    {
      "Target": "Parameter",
      "Id": "Param_Angle_Rotation_12_ArtMesh186",
      "FadeInTime": -1.0,
      "FadeOutTime": -1.0,
      "Segments": [
        0,
        -1.13,
        0,
        0.95,
        -3,
        0,
        3.55,
        3,
        0,
        6.15,
        -3,
        0,
        8.75,
        3,
        1,
        9.033,
        3,
        9.317,
        2.359,
        9.6,
        1.495
      ]
    },
    {
      "Target": "Parameter",
      "Id": "Param_Angle_Rotation_13_ArtMesh186",
      "FadeInTime": -1.0,
      "FadeOutTime": -1.0,
      "Segments": [
        0,
        0,
        0,
        1.283,
        -3,
        0,
        3.883,
        3,
        0,
        6.483,
        -3,
        0,
        9.083,
        3,
        1,
        9.255,
        3,
        9.428,
        2.763,
        9.6,
        2.383
      ]
    },
    {
      "Target": "Parameter",
      "Id": "Param_Angle_Rotation_14_ArtMesh186",
      "FadeInTime": -1.0,
      "FadeOutTime": -1.0,
      "Segments": [
        0,
        1.08,
        0,
        1.6,
        -3,
        0,
        4.2,
        3,
        0,
        6.8,
        -3,
        0,
        9.4,
        3,
        1,
        9.467,
        3,
        9.533,
        2.964,
        9.6,
        2.899
      ]
    },
    {
      "Target": "Parameter",
      "Id": "Param_Angle_Rotation_15_ArtMesh186",
      "FadeInTime": -1.0,
      "FadeOutTime": -1.0,
      "Segments": [
        0,
        2.06,
        0,
        1.933,
        -3,
        0,
        4.533,
        3,
        0,
        7.133,
        -3,
        1,
        7.955,
        -3,
        8.778,
        2.4,
        9.6,
        2.954
      ]
    },
    {
      "Target": "Parameter",
      "Id": "Param_Angle_Rotation_1_ArtMesh187",
      "FadeInTime": -1.0,
      "FadeOutTime": -1.0,
      "Segments": [
        0,
        -0.99,
        0,
        2.583,
        0.992,
        0,
        5.183,
        -0.992,
        0,
        7.783,
        0.992,
        1,
        8.389,
        0.992,
        8.994,
        0.023,
        9.6,
        -0.56
      ]
    },
    {
      "Target": "Parameter",
      "Id": "Param_Angle_Rotation_2_ArtMesh187",
      "FadeInTime": -1.0,
      "FadeOutTime": -1.0,
      "Segments": [
        0,
        -0.91,
        0,
        0.3,
        -0.992,
        0,
        2.9,
        0.992,
        0,
        5.5,
        -0.992,
        0,
        8.1,
        0.992,
        1,
        8.6,
        0.992,
        9.1,
        0.332,
        9.6,
        -0.227
      ]
    },
    {
      "Target": "Parameter",
      "Id": "Param_Angle_Rotation_3_ArtMesh187",
      "FadeInTime": -1.0,
      "FadeOutTime": -1.0,
      "Segments": [
        0,
        -0.68,
        0,
        0.633,
        -0.992,
        0,
        3.233,
        0.992,
        0,
        5.833,
        -0.992,
        0,
        8.433,
        0.992,
        1,
        8.822,
        0.992,
        9.211,
        0.593,
        9.6,
        0.152
      ]
    },
    {
      "Target": "Parameter",
      "Id": "Param_Angle_Rotation_4_ArtMesh187",
      "FadeInTime": -1.0,
      "FadeOutTime": -1.0,
      "Segments": [
        0,
        -0.38,
        0,
        0.95,
        -1.016,
        0,
        3.55,
        1.016,
        0,
        6.15,
        -1.016,
        0,
        8.75,
        1.016,
        1,
        9.033,
        1.016,
        9.317,
        0.799,
        9.6,
        0.506
      ]
    },
    {
      "Target": "Parameter",
      "Id": "Param_Angle_Rotation_5_ArtMesh187",
      "FadeInTime": -1.0,
      "FadeOutTime": -1.0,
      "Segments": [
        0,
        0,
        0,
        1.283,
        -1.016,
        0,
        3.883,
        1.016,
        0,
        6.483,
        -1.016,
        0,
        9.083,
        1.016,
        1,
        9.255,
        1.016,
        9.428,
        0.936,
        9.6,
        0.807
      ]
    },
    {
      "Target": "Parameter",
      "Id": "Param_Angle_Rotation_6_ArtMesh187",
      "FadeInTime": -1.0,
      "FadeOutTime": -1.0,
      "Segments": [
        0,
        0.36,
        0,
        1.6,
        -1.016,
        0,
        4.2,
        1.016,
        0,
        6.8,
        -1.016,
        0,
        9.4,
        1.016,
        1,
        9.467,
        1.016,
        9.533,
        1.004,
        9.6,
        0.982
      ]
    },
    {
      "Target": "Parameter",
      "Id": "Param_Angle_Rotation_7_ArtMesh187",
      "FadeInTime": -1.0,
      "FadeOutTime": -1.0,
      "Segments": [
        0,
        0.7,
        0,
        1.933,
        -1.016,
        0,
        4.533,
        1.016,
        0,
        7.133,
        -1.016,
        1,
        7.955,
        -1.016,
        8.778,
        0.813,
        9.6,
        1.001
      ]
    },
    {
      "Target": "Parameter",
      "Id": "Param_Angle_Rotation_8_ArtMesh187",
      "FadeInTime": -1.0,
      "FadeOutTime": -1.0,
      "Segments": [
        0,
        0.92,
        0,
        2.25,
        -1.016,
        0,
        4.85,
        1.016,
        0,
        7.45,
        -1.016,
        1,
        8.167,
        -1.016,
        8.883,
        0.373,
        9.6,
        0.854
      ]
    },
    {
      "Target": "Parameter",
      "Id": "Param_Angle_Rotation_9_ArtMesh187",
      "FadeInTime": -1.0,
      "FadeOutTime": -1.0,
      "Segments": [
        0,
        1.02,
        0,
        2.583,
        -1.016,
        0,
        5.183,
        1.016,
        0,
        7.783,
        -1.016,
        1,
        8.389,
        -1.016,
        8.994,
        -0.024,
        9.6,
        0.574
      ]
    },
    {
      "Target": "Parameter",
      "Id": "Param_Angle_Rotation_10_ArtMesh187",
      "FadeInTime": -1.0,
      "FadeOutTime": -1.0,
      "Segments": [
        0,
        0.93,
        0,
        0.3,
        1.016,
        0,
        2.9,
        -1.016,
        0,
        5.5,
        1.016,
        0,
        8.1,
        -1.016,
        1,
        8.6,
        -1.016,
        9.1,
        -0.34,
        9.6,
        0.233
      ]
    },
    {
      "Target": "Parameter",
      "Id": "Param_Angle_Rotation_11_ArtMesh187",
      "FadeInTime": -1.0,
      "FadeOutTime": -1.0,
      "Segments": [
        0,
        2.06,
        0,
        0.633,
        3,
        0,
        3.233,
        -3,
        0,
        5.833,
        3,
        0,
        8.433,
        -3,
        1,
        8.822,
        -3,
        9.211,
        -1.792,
        9.6,
        -0.46
      ]
    },
    {
      "Target": "Parameter",
      "Id": "Param_Angle_Rotation_12_ArtMesh187",
      "FadeInTime": -1.0,
      "FadeOutTime": -1.0,
      "Segments": [
        0,
        1.13,
        0,
        0.95,
        3,
        0,
        3.55,
        -3,
        0,
        6.15,
        3,
        0,
        8.75,
        -3,
        1,
        9.033,
        -3,
        9.317,
        -2.359,
        9.6,
        -1.495
      ]
    },
    {
      "Target": "Parameter",
      "Id": "Param_Angle_Rotation_13_ArtMesh187",
      "FadeInTime": -1.0,
      "FadeOutTime": -1.0,
      "Segments": [
        0,
        0,
        0,
        1.283,
        3,
        0,
        3.883,
        -3,
        0,
        6.483,
        3,
        0,
        9.083,
        -3,
        1,
        9.255,
        -3,
        9.428,
        -2.763,
        9.6,
        -2.383
      ]
    },
    {
      "Target": "Parameter",
      "Id": "Param_Angle_Rotation_14_ArtMesh187",
      "FadeInTime": -1.0,
      "FadeOutTime": -1.0,
      "Segments": [
        0,
        -1.08,
        0,
        1.6,
        3,
        0,
        4.2,
        -3,
        0,
        6.8,
        3,
        0,
        9.4,
        -3,
        1,
        9.467,
        -3,
        9.533,
        -2.964,
        9.6,
        -2.899
      ]
    },
    {
      "Target": "Parameter",
      "Id": "Param_Angle_Rotation_15_ArtMesh187",
      "FadeInTime": -1.0,
      "FadeOutTime": -1.0,
      "Segments": [
        0,
        -2.06,
        0,
        1.933,
        3,
        0,
        4.533,
        -3,
        0,
        7.133,
        3,
        1,
        7.955,
        3,
        8.778,
        -2.4,
        9.6,
        -2.954
      ]
    },
    {
      "Target": "Parameter",
      "Id": "Paramring",
      "FadeInTime": -1.0,
      "FadeOutTime": -1.0,
      "Segments": [
        0,
        0,
        0,
        9.6,
        0
      ]
    },
    {
      "Target": "Parameter",
      "Id": "touch_drag1",
      "FadeInTime": -1.0,
      "FadeOutTime": -1.0,
      "Segments": [
        0,
        0,
        0,
        9.6,
        0
      ]
    },
    {
      "Target": "Parameter",
      "Id": "touch_drag2",
      "FadeInTime": -1.0,
      "FadeOutTime": -1.0,
      "Segments": [
        0,
        0,
        0,
        9.6,
        0
      ]
    },
    {
      "Target": "Parameter",
      "Id": "touch_drag3",
      "FadeInTime": -1.0,
      "FadeOutTime": -1.0,
      "Segments": [
        0,
        0,
        0,
        9.6,
        0
      ]
    },
    {
      "Target": "Parameter",
      "Id": "Param106",
      "FadeInTime": -1.0,
      "FadeOutTime": -1.0,
      "Segments": [
        0,
        0,
        0,
        9.6,
        0
      ]
    },
    {
      "Target": "Parameter",
      "Id": "Param110",
      "FadeInTime": -1.0,
      "FadeOutTime": -1.0,
      "Segments": [
        0,
        10,
        0,
        9.6,
        10
      ]
    },
    {
      "Target": "Parameter",
      "Id": "ParamHeikuang",
      "FadeInTime": -1.0,
      "FadeOutTime": -1.0,
      "Segments": [
        0,
        0,
        0,
        9.6,
        0
      ]
    },
    {
      "Target": "Parameter",
      "Id": "ParamBaise",
      "FadeInTime": -1.0,
      "FadeOutTime": -1.0,
      "Segments": [
        0,
        0,
        0,
        9.6,
        0
      ]
    },
    {
      "Target": "Parameter",
      "Id": "ParamHeise",
      "FadeInTime": -1.0,
      "FadeOutTime": -1.0,
      "Segments": [
        0,
        0,
        0,
        9.6,
        0
      ]
    },
    {
      "Target": "Parameter",
      "Id": "ParamALLX",
      "FadeInTime": -1.0,
      "FadeOutTime": -1.0,
      "Segments": [
        0,
        -0.78,
        0,
        9.6,
        -0.78
      ]
    },
    {
      "Target": "Parameter",
      "Id": "ParamALLY",
      "FadeInTime": -1.0,
      "FadeOutTime": -1.0,
      "Segments": [
        0,
        0.66,
        0,
        9.6,
        0.66
      ]
    },
    {
      "Target": "Parameter",
      "Id": "ParamALLZ",
      "FadeInTime": -1.0,
      "FadeOutTime": -1.0,
      "Segments": [
        0,
        0,
        0,
        9.6,
        0
      ]
    },
    {
      "Target": "Parameter",
      "Id": "ParamALLS",
      "FadeInTime": -1.0,
      "FadeOutTime": -1.0,
      "Segments": [
        0,
        -4.5,
        0,
        9.6,
        -4.5
      ]
    },
    {
      "Target": "Parameter",
      "Id": "ParamRenwuX8",
      "FadeInTime": -1.0,
      "FadeOutTime": -1.0,
      "Segments": [
        0,
        10,
        0,
        9.6,
        10
      ]
    },
    {
      "Target": "Parameter",
      "Id": "ParamRenwuX5",
      "FadeInTime": -1.0,
      "FadeOutTime": -1.0,
      "Segments": [
        0,
        0,
        0,
        9.6,
        0
      ]
    },
    {
      "Target": "Parameter",
      "Id": "ParamRenwuX6",
      "FadeInTime": -1.0,
      "FadeOutTime": -1.0,
      "Segments": [
        0,
        0.603,
        0,
        9.6,
        0.603
      ]
    },
    {
      "Target": "Parameter",
      "Id": "ParamRenwuX9",
      "FadeInTime": -1.0,
      "FadeOutTime": -1.0,
      "Segments": [
        0,
        0,
        0,
        9.6,
        0
      ]
    },
    {
      "Target": "Parameter",
      "Id": "ParamRenwuX2",
      "FadeInTime": -1.0,
      "FadeOutTime": -1.0,
      "Segments": [
        0,
        0,
        0,
        9.6,
        0
      ]
    },
    {
      "Target": "Parameter",
      "Id": "ParamRenwuX3",
      "FadeInTime": -1.0,
      "FadeOutTime": -1.0,
      "Segments": [
        0,
        0,
        0,
        9.6,
        0
      ]
    },
    {
      "Target": "Parameter",
      "Id": "ParamRenwuX7",
      "FadeInTime": -1.0,
      "FadeOutTime": -1.0,
      "Segments": [
        0,
        0.96,
        0,
        9.6,
        0.96
      ]
    },
    {
      "Target": "Parameter",
      "Id": "ParamRenwu",
      "FadeInTime": -1.0,
      "FadeOutTime": -1.0,
      "Segments": [
        0,
        1,
        0,
        9.6,
        1
      ]
    },
    {
      "Target": "Parameter",
      "Id": "ParamRenwuX",
      "FadeInTime": -1.0,
      "FadeOutTime": -1.0,
      "Segments": [
        0,
        -2.04,
        0,
        9.6,
        -2.04
      ]
    },
    {
      "Target": "Parameter",
      "Id": "ParamRenwuY",
      "FadeInTime": -1.0,
      "FadeOutTime": -1.0,
      "Segments": [
        0,
        0.54,
        0,
        9.6,
        0.54
      ]
    },
    {
      "Target": "Parameter",
      "Id": "ParamRenwuZ",
      "FadeInTime": -1.0,
      "FadeOutTime": -1.0,
      "Segments": [
        0,
        -8.34,
        0,
        9.6,
        -8.34
      ]
    },
    {
      "Target": "Parameter",
      "Id": "ParamRenwuS",
      "FadeInTime": -1.0,
      "FadeOutTime": -1.0,
      "Segments": [
        0,
        0,
        0,
        9.6,
        0
      ]
    },
    {
      "Target": "Parameter",
      "Id": "ParamBeijing",
      "FadeInTime": -1.0,
      "FadeOutTime": -1.0,
      "Segments": [
        0,
        1,
        0,
        9.6,
        1
      ]
    },
    {
      "Target": "Parameter",
      "Id": "ParamBeijingX",
      "FadeInTime": -1.0,
      "FadeOutTime": -1.0,
      "Segments": [
        0,
        0,
        0,
        9.6,
        0
      ]
    },
    {
      "Target": "Parameter",
      "Id": "ParamBeijingY",
      "FadeInTime": -1.0,
      "FadeOutTime": -1.0,
      "Segments": [
        0,
        0,
        0,
        9.6,
        0
      ]
    },
    {
      "Target": "Parameter",
      "Id": "ParamBeijingZ",
      "FadeInTime": -1.0,
      "FadeOutTime": -1.0,
      "Segments": [
        0,
        0,
        0,
        9.6,
        0
      ]
    },
    {
      "Target": "Parameter",
      "Id": "ParamBeijingS",
      "FadeInTime": -1.0,
      "FadeOutTime": -1.0,
      "Segments": [
        0,
        0,
        0,
        9.6,
        0
      ]
    },
    {
      "Target": "Parameter",
      "Id": "ParamEyeLSmile",
      "FadeInTime": -1.0,
      "FadeOutTime": -1.0,
      "Segments": [
        0,
        0,
        0,
        9.6,
        0
      ]
    },
    {
      "Target": "Parameter",
      "Id": "ParamEyeRSmile",
      "FadeInTime": -1.0,
      "FadeOutTime": -1.0,
      "Segments": [
        0,
        0,
        0,
        9.6,
        0
      ]
    },
    {
      "Target": "Parameter",
      "Id": "ParamEyeBallX",
      "FadeInTime": -1.0,
      "FadeOutTime": -1.0,
      "Segments": [
        0,
        0,
        0,
        9.6,
        0
      ]
    },
    {
      "Target": "Parameter",
      "Id": "ParamEyeBallY",
      "FadeInTime": -1.0,
      "FadeOutTime": -1.0,
      "Segments": [
        0,
        0,
        0,
        9.6,
        0
      ]
    },
    {
      "Target": "Parameter",
      "Id": "ParamBrowRY",
      "FadeInTime": -1.0,
      "FadeOutTime": -1.0,
      "Segments": [
        0,
        0,
        0,
        9.6,
        0
      ]
    },
    {
      "Target": "Parameter",
      "Id": "ParamBrowRForm",
      "FadeInTime": -1.0,
      "FadeOutTime": -1.0,
      "Segments": [
        0,
        0,
        0,
        9.6,
        0
      ]
    },
    {
      "Target": "Parameter",
      "Id": "ParamBrowLY",
      "FadeInTime": -1.0,
      "FadeOutTime": -1.0,
      "Segments": [
        0,
        0,
        0,
        9.6,
        0
      ]
    },
    {
      "Target": "Parameter",
      "Id": "ParamBrowLForm",
      "FadeInTime": -1.0,
      "FadeOutTime": -1.0,
      "Segments": [
        0,
        0,
        0,
        9.6,
        0
      ]
    },
    {
      "Target": "Parameter",
      "Id": "Param4",
      "FadeInTime": -1.0,
      "FadeOutTime": -1.0,
      "Segments": [
        0,
        0,
        0,
        9.6,
        0
      ]
    },
    {
      "Target": "Parameter",
      "Id": "ParamMouthForm",
      "FadeInTime": -1.0,
      "FadeOutTime": -1.0,
      "Segments": [
        0,
        0,
        0,
        9.6,
        0
      ]
    },
    {
      "Target": "Parameter",
      "Id": "ParamMouthOpenY",
      "FadeInTime": -1.0,
      "FadeOutTime": -1.0,
      "Segments": [
        0,
        0,
        0,
        9.6,
        0
      ]
    },
    {
      "Target": "Parameter",
      "Id": "ParamMouthS",
      "FadeInTime": -1.0,
      "FadeOutTime": -1.0,
      "Segments": [
        0,
        0,
        0,
        9.6,
        0
      ]
    },
    {
      "Target": "Parameter",
      "Id": "ParamEyeGaoguang",
      "FadeInTime": -1.0,
      "FadeOutTime": -1.0,
      "Segments": [
        0,
        0,
        0,
        9.6,
        0
      ]
    },
    {
      "Target": "Parameter",
      "Id": "ParamCheek",
      "FadeInTime": -1.0,
      "FadeOutTime": -1.0,
      "Segments": [
        0,
        0,
        0,
        9.6,
        0
      ]
    },
    {
      "Target": "Parameter",
      "Id": "Param28",
      "FadeInTime": -1.0,
      "FadeOutTime": -1.0,
      "Segments": [
        0,
        5,
        0,
        9.6,
        5
      ]
    },
    {
      "Target": "Parameter",
      "Id": "Param87",
      "FadeInTime": -1.0,
      "FadeOutTime": -1.0,
      "Segments": [
        0,
        0,
        0,
        9.6,
        0
      ]
    },
    {
      "Target": "Parameter",
      "Id": "Param86",
      "FadeInTime": -1.0,
      "FadeOutTime": -1.0,
      "Segments": [
        0,
        5,
        0,
        9.6,
        5
      ]
    },
    {
      "Target": "Parameter",
      "Id": "Param97",
      "FadeInTime": -1.0,
      "FadeOutTime": -1.0,
      "Segments": [
        0,
        0,
        0,
        9.6,
        0
      ]
    },
    {
      "Target": "Parameter",
      "Id": "Param31",
      "FadeInTime": -1.0,
      "FadeOutTime": -1.0,
      "Segments": [
        0,
        0,
        0,
        9.6,
        0
      ]
    },
    {
      "Target": "Parameter",
      "Id": "ParamBodyAngleZ3",
      "FadeInTime": -1.0,
      "FadeOutTime": -1.0,
      "Segments": [
        0,
        0,
        0,
        9.6,
        0
      ]
    },
    {
      "Target": "Parameter",
      "Id": "ParamBodyAngleX2",
      "FadeInTime": -1.0,
      "FadeOutTime": -1.0,
      "Segments": [
        0,
        0,
        0,
        9.6,
        0
      ]
    },
    {
      "Target": "Parameter",
      "Id": "ParamBreath",
      "FadeInTime": -1.0,
      "FadeOutTime": -1.0,
      "Segments": [
        0,
        0,
        0,
        9.6,
        0
      ]
    },
    {
      "Target": "Parameter",
      "Id": "ParamBodyAngleY",
      "FadeInTime": -1.0,
      "FadeOutTime": -1.0,
      "Segments": [
        0,
        0,
        0,
        9.6,
        0
      ]
    },
    {
      "Target": "Parameter",
      "Id": "Param42",
      "FadeInTime": -1.0,
      "FadeOutTime": -1.0,
      "Segments": [
        0,
        -0.859,
        0,
        9.6,
        -0.859
      ]
    },
    {
      "Target": "Parameter",
      "Id": "Param43",
      "FadeInTime": -1.0,
      "FadeOutTime": -1.0,
      "Segments": [
        0,
        0.504,
        0,
        9.6,
        0.504
      ]
    },
    {
      "Target": "Parameter",
      "Id": "Param44",
      "FadeInTime": -1.0,
      "FadeOutTime": -1.0,
      "Segments": [
        0,
        2.721,
        0,
        9.6,
        2.721
      ]
    },
    {
      "Target": "Parameter",
      "Id": "Param45",
      "FadeInTime": -1.0,
      "FadeOutTime": -1.0,
      "Segments": [
        0,
        -3,
        0,
        9.6,
        -3
      ]
    },
    {
      "Target": "Parameter",
      "Id": "Param46",
      "FadeInTime": -1.0,
      "FadeOutTime": -1.0,
      "Segments": [
        0,
        2.96,
        0,
        9.6,
        2.96
      ]
    },
    {
      "Target": "Parameter",
      "Id": "Param57",
      "FadeInTime": -1.0,
      "FadeOutTime": -1.0,
      "Segments": [
        0,
        0,
        0,
        9.6,
        0
      ]
    },
    {
      "Target": "Parameter",
      "Id": "ParamA1zuoshoudonghua",
      "FadeInTime": -1.0,
      "FadeOutTime": -1.0,
      "Segments": [
        0,
        10,
        0,
        9.6,
        10
      ]
    },
    {
      "Target": "Parameter",
      "Id": "ParamA1zuoshouxingbian",
      "FadeInTime": -1.0,
      "FadeOutTime": -1.0,
      "Segments": [
        0,
        10,
        0,
        9.6,
        10
      ]
    },
    {
      "Target": "Parameter",
      "Id": "ParamA1zuoshoutuozhanxingbian",
      "FadeInTime": -1.0,
      "FadeOutTime": -1.0,
      "Segments": [
        0,
        0,
        0,
        9.6,
        0
      ]
    },
    {
      "Target": "Parameter",
      "Id": "Param47",
      "FadeInTime": -1.0,
      "FadeOutTime": -1.0,
      "Segments": [
        0,
        0,
        0,
        9.6,
        0
      ]
    },
    {
      "Target": "Parameter",
      "Id": "Param48",
      "FadeInTime": -1.0,
      "FadeOutTime": -1.0,
      "Segments": [
        0,
        0,
        0,
        9.6,
        0
      ]
    },
    {
      "Target": "Parameter",
      "Id": "Param49",
      "FadeInTime": -1.0,
      "FadeOutTime": -1.0,
      "Segments": [
        0,
        0,
        0,
        9.6,
        0
      ]
    },
    {
      "Target": "Parameter",
      "Id": "Param66",
      "FadeInTime": -1.0,
      "FadeOutTime": -1.0,
      "Segments": [
        0,
        -5.3,
        0,
        9.6,
        -5.3
      ]
    },
    {
      "Target": "Parameter",
      "Id": "Param67",
      "FadeInTime": -1.0,
      "FadeOutTime": -1.0,
      "Segments": [
        0,
        -4.5,
        0,
        9.6,
        -4.5
      ]
    },
    {
      "Target": "Parameter",
      "Id": "Param68",
      "FadeInTime": -1.0,
      "FadeOutTime": -1.0,
      "Segments": [
        0,
        0,
        0,
        9.6,
        0
      ]
    },
    {
      "Target": "Parameter",
      "Id": "Param69",
      "FadeInTime": -1.0,
      "FadeOutTime": -1.0,
      "Segments": [
        0,
        0,
        0,
        9.6,
        0
      ]
    },
    {
      "Target": "Parameter",
      "Id": "Param50",
      "FadeInTime": -1.0,
      "FadeOutTime": -1.0,
      "Segments": [
        0,
        1,
        0,
        9.6,
        1
      ]
    },
    {
      "Target": "Parameter",
      "Id": "Param51",
      "FadeInTime": -1.0,
      "FadeOutTime": -1.0,
      "Segments": [
        0,
        0,
        0,
        9.6,
        0
      ]
    },
    {
      "Target": "Parameter",
      "Id": "Param52",
      "FadeInTime": -1.0,
      "FadeOutTime": -1.0,
      "Segments": [
        0,
        0,
        0,
        9.6,
        0
      ]
    },
    {
      "Target": "Parameter",
      "Id": "Param54",
      "FadeInTime": -1.0,
      "FadeOutTime": -1.0,
      "Segments": [
        0,
        0,
        0,
        9.6,
        0
      ]
    },
    {
      "Target": "Parameter",
      "Id": "Param55",
      "FadeInTime": -1.0,
      "FadeOutTime": -1.0,
      "Segments": [
        0,
        0,
        0,
        9.6,
        0
      ]
    },
    {
      "Target": "Parameter",
      "Id": "Param56",
      "FadeInTime": -1.0,
      "FadeOutTime": -1.0,
      "Segments": [
        0,
        0,
        0,
        9.6,
        0
      ]
    },
    {
      "Target": "Parameter",
      "Id": "Param58",
      "FadeInTime": -1.0,
      "FadeOutTime": -1.0,
      "Segments": [
        0,
        0,
        0,
        9.6,
        0
      ]
    },
    {
      "Target": "Parameter",
      "Id": "Param20",
      "FadeInTime": -1.0,
      "FadeOutTime": -1.0,
      "Segments": [
        0,
        0,
        0,
        9.6,
        0
      ]
    },
    {
      "Target": "Parameter",
      "Id": "Param21",
      "FadeInTime": -1.0,
      "FadeOutTime": -1.0,
      "Segments": [
        0,
        0,
        0,
        9.6,
        0
      ]
    },
    {
      "Target": "Parameter",
      "Id": "ParamShangBiR",
      "FadeInTime": -1.0,
      "FadeOutTime": -1.0,
      "Segments": [
        0,
        -2.731,
        0,
        9.6,
        -2.731
      ]
    },
    {
      "Target": "Parameter",
      "Id": "ParamXiaBiR",
      "FadeInTime": -1.0,
      "FadeOutTime": -1.0,
      "Segments": [
        0,
        0.22,
        0,
        9.6,
        0.22
      ]
    },
    {
      "Target": "Parameter",
      "Id": "ParamSouR",
      "FadeInTime": -1.0,
      "FadeOutTime": -1.0,
      "Segments": [
        0,
        -0.14,
        0,
        9.6,
        -0.14
      ]
    },
    {
      "Target": "Parameter",
      "Id": "ParamShangBiRUD",
      "FadeInTime": -1.0,
      "FadeOutTime": -1.0,
      "Segments": [
        0,
        0,
        0,
        9.6,
        0
      ]
    },
    {
      "Target": "Parameter",
      "Id": "ParamXiaBiRUD",
      "FadeInTime": -1.0,
      "FadeOutTime": -1.0,
      "Segments": [
        0,
        0,
        0,
        9.6,
        0
      ]
    },
    {
      "Target": "Parameter",
      "Id": "ParamA1zuoshoudonghua2",
      "FadeInTime": -1.0,
      "FadeOutTime": -1.0,
      "Segments": [
        0,
        10,
        0,
        9.6,
        10
      ]
    },
    {
      "Target": "Parameter",
      "Id": "ParamA1zuoshouxingbian2",
      "FadeInTime": -1.0,
      "FadeOutTime": -1.0,
      "Segments": [
        0,
        10,
        0,
        9.6,
        10
      ]
    },
    {
      "Target": "Parameter",
      "Id": "ParamA1zuoshoutuozhanxingbian2",
      "FadeInTime": -1.0,
      "FadeOutTime": -1.0,
      "Segments": [
        0,
        0,
        0,
        9.6,
        0
      ]
    },
    {
      "Target": "Parameter",
      "Id": "Param35",
      "FadeInTime": -1.0,
      "FadeOutTime": -1.0,
      "Segments": [
        0,
        0,
        0,
        9.6,
        0
      ]
    },
    {
      "Target": "Parameter",
      "Id": "Param36",
      "FadeInTime": -1.0,
      "FadeOutTime": -1.0,
      "Segments": [
        0,
        0,
        0,
        9.6,
        0
      ]
    },
    {
      "Target": "Parameter",
      "Id": "Param37",
      "FadeInTime": -1.0,
      "FadeOutTime": -1.0,
      "Segments": [
        0,
        0,
        0,
        9.6,
        0
      ]
    },
    {
      "Target": "Parameter",
      "Id": "Param70",
      "FadeInTime": -1.0,
      "FadeOutTime": -1.0,
      "Segments": [
        0,
        0,
        0,
        9.6,
        0
      ]
    },
    {
      "Target": "Parameter",
      "Id": "Param65",
      "FadeInTime": -1.0,
      "FadeOutTime": -1.0,
      "Segments": [
        0,
        0,
        0,
        9.6,
        0
      ]
    },
    {
      "Target": "Parameter",
      "Id": "Param71",
      "FadeInTime": -1.0,
      "FadeOutTime": -1.0,
      "Segments": [
        0,
        0,
        0,
        9.6,
        0
      ]
    },
    {
      "Target": "Parameter",
      "Id": "Param53",
      "FadeInTime": -1.0,
      "FadeOutTime": -1.0,
      "Segments": [
        0,
        0,
        0,
        9.6,
        0
      ]
    },
    {
      "Target": "Parameter",
      "Id": "Param60",
      "FadeInTime": -1.0,
      "FadeOutTime": -1.0,
      "Segments": [
        0,
        1,
        0,
        9.6,
        1
      ]
    },
    {
      "Target": "Parameter",
      "Id": "Param61",
      "FadeInTime": -1.0,
      "FadeOutTime": -1.0,
      "Segments": [
        0,
        0,
        0,
        9.6,
        0
      ]
    },
    {
      "Target": "Parameter",
      "Id": "Param41",
      "FadeInTime": -1.0,
      "FadeOutTime": -1.0,
      "Segments": [
        0,
        0,
        0,
        9.6,
        0
      ]
    },
    {
      "Target": "Parameter",
      "Id": "Param40",
      "FadeInTime": -1.0,
      "FadeOutTime": -1.0,
      "Segments": [
        0,
        0,
        0,
        9.6,
        0
      ]
    },
    {
      "Target": "Parameter",
      "Id": "ParamDaTuiLUD",
      "FadeInTime": -1.0,
      "FadeOutTime": -1.0,
      "Segments": [
        0,
        0,
        0,
        9.6,
        0
      ]
    },
    {
      "Target": "Parameter",
      "Id": "ParamXiaoTuiLUD",
      "FadeInTime": -1.0,
      "FadeOutTime": -1.0,
      "Segments": [
        0,
        0,
        0,
        9.6,
        0
      ]
    },
    {
      "Target": "Parameter",
      "Id": "Param62",
      "FadeInTime": -1.0,
      "FadeOutTime": -1.0,
      "Segments": [
        0,
        0,
        0,
        9.6,
        0
      ]
    },
    {
      "Target": "Parameter",
      "Id": "ParamDaTuiLUD2",
      "FadeInTime": -1.0,
      "FadeOutTime": -1.0,
      "Segments": [
        0,
        0,
        0,
        9.6,
        0
      ]
    },
    {
      "Target": "Parameter",
      "Id": "ParamXiaoTuiLUD3",
      "FadeInTime": -1.0,
      "FadeOutTime": -1.0,
      "Segments": [
        0,
        0,
        0,
        9.6,
        0
      ]
    },
    {
      "Target": "Parameter",
      "Id": "ParamXiaoTuiLUD2",
      "FadeInTime": -1.0,
      "FadeOutTime": -1.0,
      "Segments": [
        0,
        5,
        0,
        9.6,
        5
      ]
    },
    {
      "Target": "Parameter",
      "Id": "Param22",
      "FadeInTime": -1.0,
      "FadeOutTime": -1.0,
      "Segments": [
        0,
        9.674,
        0,
        9.6,
        9.674
      ]
    },
    {
      "Target": "Parameter",
      "Id": "Param24",
      "FadeInTime": -1.0,
      "FadeOutTime": -1.0,
      "Segments": [
        0,
        0,
        0,
        9.6,
        0
      ]
    },
    {
      "Target": "Parameter",
      "Id": "Param23",
      "FadeInTime": -1.0,
      "FadeOutTime": -1.0,
      "Segments": [
        0,
        0,
        0,
        9.6,
        0
      ]
    },
    {
      "Target": "Parameter",
      "Id": "Param59",
      "FadeInTime": -1.0,
      "FadeOutTime": -1.0,
      "Segments": [
        0,
        0,
        0,
        9.6,
        0
      ]
    },
    {
      "Target": "Parameter",
      "Id": "ParamDaTuiRUD",
      "FadeInTime": -1.0,
      "FadeOutTime": -1.0,
      "Segments": [
        0,
        0,
        0,
        9.6,
        0
      ]
    },
    {
      "Target": "Parameter",
      "Id": "ParamXiaoTuiRUD",
      "FadeInTime": -1.0,
      "FadeOutTime": -1.0,
      "Segments": [
        0,
        0,
        0,
        9.6,
        0
      ]
    },
    {
      "Target": "Parameter",
      "Id": "Param63",
      "FadeInTime": -1.0,
      "FadeOutTime": -1.0,
      "Segments": [
        0,
        0,
        0,
        9.6,
        0
      ]
    },
    {
      "Target": "Parameter",
      "Id": "ParamXiaoTuiLUD5",
      "FadeInTime": -1.0,
      "FadeOutTime": -1.0,
      "Segments": [
        0,
        0,
        0,
        9.6,
        0
      ]
    },
    {
      "Target": "Parameter",
      "Id": "ParamDaTuiLUD3",
      "FadeInTime": -1.0,
      "FadeOutTime": -1.0,
      "Segments": [
        0,
        0,
        0,
        9.6,
        0
      ]
    },
    {
      "Target": "Parameter",
      "Id": "ParamXiaoTuiLUD4",
      "FadeInTime": -1.0,
      "FadeOutTime": -1.0,
      "Segments": [
        0,
        0,
        0,
        9.6,
        0
      ]
    },
    {
      "Target": "Parameter",
      "Id": "Param25",
      "FadeInTime": -1.0,
      "FadeOutTime": -1.0,
      "Segments": [
        0,
        10,
        0,
        9.6,
        10
      ]
    },
    {
      "Target": "Parameter",
      "Id": "Param26",
      "FadeInTime": -1.0,
      "FadeOutTime": -1.0,
      "Segments": [
        0,
        0,
        0,
        9.6,
        0
      ]
    },
    {
      "Target": "Parameter",
      "Id": "Param27",
      "FadeInTime": -1.0,
      "FadeOutTime": -1.0,
      "Segments": [
        0,
        0,
        0,
        9.6,
        0
      ]
    },
    {
      "Target": "Parameter",
      "Id": "Param75",
      "FadeInTime": -1.0,
      "FadeOutTime": -1.0,
      "Segments": [
        0,
        0,
        0,
        9.6,
        0
      ]
    },
    {
      "Target": "Parameter",
      "Id": "Param5",
      "FadeInTime": -1.0,
      "FadeOutTime": -1.0,
      "Segments": [
        0,
        0,
        0,
        9.6,
        0
      ]
    },
    {
      "Target": "Parameter",
      "Id": "Param77",
      "FadeInTime": -1.0,
      "FadeOutTime": -1.0,
      "Segments": [
        0,
        0,
        0,
        9.6,
        0
      ]
    },
    {
      "Target": "Parameter",
      "Id": "Param76",
      "FadeInTime": -1.0,
      "FadeOutTime": -1.0,
      "Segments": [
        0,
        -10,
        0,
        9.6,
        -10
      ]
    },
    {
      "Target": "Parameter",
      "Id": "Param74",
      "FadeInTime": -1.0,
      "FadeOutTime": -1.0,
      "Segments": [
        0,
        -1,
        0,
        9.6,
        -1
      ]
    },
    {
      "Target": "Parameter",
      "Id": "Param34",
      "FadeInTime": -1.0,
      "FadeOutTime": -1.0,
      "Segments": [
        0,
        0,
        0,
        9.6,
        0
      ]
    },
    {
      "Target": "Parameter",
      "Id": "Param73",
      "FadeInTime": -1.0,
      "FadeOutTime": -1.0,
      "Segments": [
        0,
        0,
        0,
        9.6,
        0
      ]
    },
    {
      "Target": "Parameter",
      "Id": "Param93",
      "FadeInTime": -1.0,
      "FadeOutTime": -1.0,
      "Segments": [
        0,
        10,
        0,
        9.6,
        10
      ]
    },
    {
      "Target": "Parameter",
      "Id": "Param95",
      "FadeInTime": -1.0,
      "FadeOutTime": -1.0,
      "Segments": [
        0,
        0,
        0,
        9.6,
        0
      ]
    },
    {
      "Target": "Parameter",
      "Id": "Param96",
      "FadeInTime": -1.0,
      "FadeOutTime": -1.0,
      "Segments": [
        0,
        0,
        0,
        9.6,
        0
      ]
    },
    {
      "Target": "Parameter",
      "Id": "Param125",
      "FadeInTime": -1.0,
      "FadeOutTime": -1.0,
      "Segments": [
        0,
        0,
        0,
        9.6,
        0
      ]
    },
    {
      "Target": "Parameter",
      "Id": "Param127",
      "FadeInTime": -1.0,
      "FadeOutTime": -1.0,
      "Segments": [
        0,
        0,
        0,
        9.6,
        0
      ]
    },
    {
      "Target": "Parameter",
      "Id": "Param64",
      "FadeInTime": -1.0,
      "FadeOutTime": -1.0,
      "Segments": [
        0,
        0,
        0,
        9.6,
        0
      ]
    },
    {
      "Target": "Parameter",
      "Id": "Param39",
      "FadeInTime": -1.0,
      "FadeOutTime": -1.0,
      "Segments": [
        0,
        0,
        0,
        9.6,
        0
      ]
    },
    {
      "Target": "Parameter",
      "Id": "Param104",
      "FadeInTime": -1.0,
      "FadeOutTime": -1.0,
      "Segments": [
        0,
        0,
        0,
        9.6,
        0
      ]
    },
    {
      "Target": "Parameter",
      "Id": "Param94",
      "FadeInTime": -1.0,
      "FadeOutTime": -1.0,
      "Segments": [
        0,
        0,
        0,
        9.6,
        0
      ]
    },
    {
      "Target": "Parameter",
      "Id": "Param126",
      "FadeInTime": -1.0,
      "FadeOutTime": -1.0,
      "Segments": [
        0,
        0,
        0,
        9.6,
        0
      ]
    },
    {
      "Target": "Parameter",
      "Id": "Param72",
      "FadeInTime": -1.0,
      "FadeOutTime": -1.0,
      "Segments": [
        0,
        0,
        0,
        9.6,
        0
      ]
    },
    {
      "Target": "Parameter",
      "Id": "Param99",
      "FadeInTime": -1.0,
      "FadeOutTime": -1.0,
      "Segments": [
        0,
        10,
        0,
        9.6,
        10
      ]
    },
    {
      "Target": "Parameter",
      "Id": "Param98",
      "FadeInTime": -1.0,
      "FadeOutTime": -1.0,
      "Segments": [
        0,
        0,
        0,
        9.6,
        0
      ]
    },
    {
      "Target": "Parameter",
      "Id": "Param38",
      "FadeInTime": -1.0,
      "FadeOutTime": -1.0,
      "Segments": [
        0,
        0,
        0,
        9.6,
        0
      ]
    },
    {
      "Target": "Parameter",
      "Id": "Param152",
      "FadeInTime": -1.0,
      "FadeOutTime": -1.0,
      "Segments": [
        0,
        0,
        0,
        9.6,
        0
      ]
    },
    {
      "Target": "Parameter",
      "Id": "Param153",
      "FadeInTime": -1.0,
      "FadeOutTime": -1.0,
      "Segments": [
        0,
        0,
        0,
        9.6,
        0
      ]
    },
    {
      "Target": "Parameter",
      "Id": "Param151",
      "FadeInTime": -1.0,
      "FadeOutTime": -1.0,
      "Segments": [
        0,
        0,
        0,
        9.6,
        0
      ]
    },
    {
      "Target": "Parameter",
      "Id": "MB_xingfengyaobai2",
      "FadeInTime": -1.0,
      "FadeOutTime": -1.0,
      "Segments": [
        0,
        0,
        0,
        9.6,
        0
      ]
    },
    {
      "Target": "Parameter",
      "Id": "MB_xingfengyaobai",
      "FadeInTime": -1.0,
      "FadeOutTime": -1.0,
      "Segments": [
        0,
        0,
        0,
        9.6,
        0
      ]
    },
    {
      "Target": "Parameter",
      "Id": "MB_xingfengTMD",
      "FadeInTime": -1.0,
      "FadeOutTime": -1.0,
      "Segments": [
        0,
        0,
        0,
        9.6,
        0
      ]
    },
    {
      "Target": "Parameter",
      "Id": "Param105",
      "FadeInTime": -1.0,
      "FadeOutTime": -1.0,
      "Segments": [
        0,
        0,
        0,
        9.6,
        0
      ]
    },
    {
      "Target": "Parameter",
      "Id": "Param",
      "FadeInTime": -1.0,
      "FadeOutTime": -1.0,
      "Segments": [
        0,
        10,
        0,
        9.6,
        10
      ]
    },
    {
      "Target": "Parameter",
      "Id": "Param2",
      "FadeInTime": -1.0,
      "FadeOutTime": -1.0,
      "Segments": [
        0,
        10,
        0,
        9.6,
        10
      ]
    },
    {
      "Target": "Parameter",
      "Id": "Param3",
      "FadeInTime": -1.0,
      "FadeOutTime": -1.0,
      "Segments": [
        0,
        10,
        0,
        9.6,
        10
      ]
    },
    {
      "Target": "Parameter",
      "Id": "Param32",
      "FadeInTime": -1.0,
      "FadeOutTime": -1.0,
      "Segments": [
        0,
        5,
        0,
        9.6,
        5
      ]
    },
    {
      "Target": "Parameter",
      "Id": "ParamTuiRou1",
      "FadeInTime": -1.0,
      "FadeOutTime": -1.0,
      "Segments": [
        0,
        0,
        0,
        9.6,
        0
      ]
    },
    {
      "Target": "Parameter",
      "Id": "ParamTuiRou2",
      "FadeInTime": -1.0,
      "FadeOutTime": -1.0,
      "Segments": [
        0,
        0,
        0,
        9.6,
        0
      ]
    },
    {
      "Target": "Parameter",
      "Id": "ParamTuiRou3",
      "FadeInTime": -1.0,
      "FadeOutTime": -1.0,
      "Segments": [
        0,
        0,
        0,
        9.6,
        0
      ]
    },
    {
      "Target": "Parameter",
      "Id": "Param10",
      "FadeInTime": -1.0,
      "FadeOutTime": -1.0,
      "Segments": [
        0,
        0,
        0,
        9.6,
        0
      ]
    },
    {
      "Target": "Parameter",
      "Id": "Param11",
      "FadeInTime": -1.0,
      "FadeOutTime": -1.0,
      "Segments": [
        0,
        0,
        0,
        9.6,
        0
      ]
    },
    {
      "Target": "Parameter",
      "Id": "Param_Angle_Rotation_16_ArtMesh187",
      "FadeInTime": -1.0,
      "FadeOutTime": -1.0,
      "Segments": [
        0,
        0,
        0,
        9.6,
        0
      ]
    },
    {
      "Target": "Parameter",
      "Id": "Param_Angle_Rotation_17_ArtMesh187",
      "FadeInTime": -1.0,
      "FadeOutTime": -1.0,
      "Segments": [
        0,
        0,
        0,
        9.6,
        0
      ]
    }
  ],
  "UserData": [
    {
      "Time": 0.0,
      "Value": ""
    }
  ]
}