{
  "Version": 3,
  "Meta": {
    "Duration": 4.783,
    "Fps": 60.0,
    "Loop": true,
    "AreBeziersRestricted": true,
    "FadeInTime": 0.0,
    "FadeOutTime": 0.0,
    "CurveCount": 218,
    "TotalSegmentCount": 1020,
    "TotalPointCount": 1316,
    "UserDataCount": 3,
    "TotalUserDataSize": 0
  },
  "Curves": [
    {
      "Target": "Parameter",
      "Id": "Paramwuli",
      "FadeInTime": -1.0,
      "FadeOutTime": -1.0,
      "Segments": [
        0,
        0,
        0,
        0.3,
        -17,
        0,
        0.75,
        30,
        0,
        1.183,
        -30,
        0,
        1.583,
        30,
        0,
        2.3,
        -30,
        0,
        2.917,
        30,
        0,
        3.6,
        -30,
        0,
        4.45,
        0,
        2,
        4.783,
        0
      ]
    },
    {
      "Target": "Parameter",
      "Id": "Paramwuli2",
      "FadeInTime": -1.0,
      "FadeOutTime": -1.0,
      "Segments": [
        0,
        0,
        0,
        0.3,
        -18,
        0,
        0.75,
        30,
        0,
        1.183,
        -30,
        0,
        1.583,
        30,
        0,
        2.3,
        -30,
        0,
        2.917,
        30,
        0,
        3.6,
        -30,
        0,
        4.45,
        0,
        2,
        4.783,
        0
      ]
    },
    {
      "Target": "Parameter",
      "Id": "Paramwuli3",
      "FadeInTime": -1.0,
      "FadeOutTime": -1.0,
      "Segments": [
        0,
        0,
        0,
        0.3,
        -17,
        0,
        0.75,
        30,
        0,
        1.183,
        -30,
        0,
        1.583,
        30,
        0,
        2.3,
        -30,
        0,
        2.917,
        30,
        0,
        3.6,
        -30,
        0,
        4.45,
        0,
        2,
        4.783,
        0
      ]
    },
    {
      "Target": "Parameter",
      "Id": "ParamRenwuX5",
      "FadeInTime": -1.0,
      "FadeOutTime": -1.0,
      "Segments": [
        0,
        0,
        0,
        0.283,
        -0.04,
        0,
        0.75,
        0.106,
        0,
        1.15,
        -1.133,
        0,
        1.517,
        0.613,
        0,
        2.017,
        -0.691,
        0,
        2.717,
        0.194,
        0,
        3.35,
        -0.249,
        0,
        3.867,
        0.043,
        0,
        4.7,
        0,
        2,
        4.783,
        0
      ]
    },
    {
      "Target": "Parameter",
      "Id": "ParamRenwuX6",
      "FadeInTime": -1.0,
      "FadeOutTime": -1.0,
      "Segments": [
        0,
        0,
        0,
        0.583,
        -0.421,
        0,
        1.283,
        0.626,
        0,
        2.4,
        -0.875,
        0,
        3.35,
        0.474,
        0,
        4.7,
        0,
        2,
        4.783,
        0
      ]
    },
    {
      "Target": "Parameter",
      "Id": "ParamEyeLOpen",
      "FadeInTime": -1.0,
      "FadeOutTime": -1.0,
      "Segments": [
        0,
        1,
        2,
        0.35,
        1,
        0,
        0.567,
        0,
        2,
        0.8,
        0,
        0,
        1.033,
        1,
        2,
        1.65,
        1,
        0,
        1.833,
        0,
        2,
        3.067,
        0,
        0,
        3.367,
        1,
        2,
        4.783,
        1
      ]
    },
    {
      "Target": "Parameter",
      "Id": "ParamEyeROpen",
      "FadeInTime": -1.0,
      "FadeOutTime": -1.0,
      "Segments": [
        0,
        1,
        2,
        0.35,
        1,
        0,
        0.567,
        0,
        2,
        0.8,
        0,
        0,
        1.033,
        1,
        2,
        1.65,
        1,
        0,
        1.833,
        0,
        2,
        3.067,
        0,
        0,
        3.367,
        1,
        2,
        4.783,
        1
      ]
    },
    {
      "Target": "Parameter",
      "Id": "ParamEyeLSmile",
      "FadeInTime": -1.0,
      "FadeOutTime": -1.0,
      "Segments": [
        0,
        0,
        2,
        1.35,
        0,
        2,
        1.65,
        0,
        0,
        1.833,
        1,
        2,
        3.067,
        1,
        0,
        3.367,
        0,
        2,
        4.783,
        0
      ]
    },
    {
      "Target": "Parameter",
      "Id": "ParamEyeRSmile",
      "FadeInTime": -1.0,
      "FadeOutTime": -1.0,
      "Segments": [
        0,
        0,
        2,
        1.65,
        0,
        0,
        1.833,
        1,
        2,
        3.067,
        1,
        0,
        3.367,
        0,
        2,
        4.783,
        0
      ]
    },
    {
      "Target": "Parameter",
      "Id": "ParamEyeBallX",
      "FadeInTime": -1.0,
      "FadeOutTime": -1.0,
      "Segments": [
        0,
        0,
        2,
        3.183,
        0,
        0,
        3.617,
        -0.8,
        0,
        4.317,
        0,
        2,
        4.783,
        0
      ]
    },
    {
      "Target": "Parameter",
      "Id": "ParamEyeBallY",
      "FadeInTime": -1.0,
      "FadeOutTime": -1.0,
      "Segments": [
        0,
        0,
        2,
        3.183,
        0,
        0,
        3.617,
        0.1,
        0,
        4.317,
        0,
        2,
        4.783,
        0
      ]
    },
    {
      "Target": "Parameter",
      "Id": "ParamMouthForm",
      "FadeInTime": -1.0,
      "FadeOutTime": -1.0,
      "Segments": [
        0,
        0,
        0,
        0.183,
        0.5,
        0,
        0.3,
        0,
        2,
        0.383,
        0,
        2,
        0.5,
        0,
        2,
        0.617,
        0,
        2,
        0.733,
        0,
        2,
        0.867,
        0,
        2,
        1,
        0,
        2,
        1.183,
        0,
        2,
        1.417,
        0,
        2,
        2.283,
        0,
        0,
        2.433,
        -0.1,
        1,
        2.489,
        -0.1,
        2.544,
        -0.095,
        2.6,
        0,
        1,
        2.628,
        0.048,
        2.655,
        0.5,
        2.683,
        0.5,
        0,
        2.783,
        -0.5,
        0,
        2.9,
        0,
        2,
        3.017,
        0,
        2,
        3.183,
        0,
        0,
        3.3,
        0.2,
        0,
        3.417,
        0,
        2,
        3.567,
        0,
        0,
        3.75,
        -0.5,
        0,
        3.917,
        0,
        2,
        4.083,
        0,
        2,
        4.783,
        0
      ]
    },
    {
      "Target": "Parameter",
      "Id": "ParamMouthOpenY",
      "FadeInTime": -1.0,
      "FadeOutTime": -1.0,
      "Segments": [
        0,
        0,
        0,
        0.183,
        1,
        0,
        0.3,
        0,
        0,
        0.383,
        1,
        0,
        0.5,
        0,
        0,
        0.617,
        1,
        0,
        0.733,
        0,
        0,
        0.867,
        1,
        0,
        1,
        0,
        0,
        1.183,
        1,
        0,
        1.417,
        0,
        2,
        2.283,
        0,
        0,
        2.433,
        1,
        0,
        2.6,
        0,
        0,
        2.683,
        1,
        2,
        2.783,
        1,
        0,
        2.9,
        0,
        0,
        3.017,
        1,
        0,
        3.183,
        0,
        0,
        3.3,
        1,
        0,
        3.417,
        0,
        0,
        3.567,
        1,
        2,
        3.75,
        1,
        2,
        3.917,
        1,
        0,
        4.083,
        0,
        2,
        4.783,
        0
      ]
    },
    {
      "Target": "Parameter",
      "Id": "ParamAngleX",
      "FadeInTime": -1.0,
      "FadeOutTime": -1.0,
      "Segments": [
        0,
        0,
        2,
        0.083,
        0,
        0,
        0.75,
        -30,
        1,
        0.889,
        -30,
        1.028,
        -7.929,
        1.167,
        -3.651,
        1,
        1.306,
        0.627,
        1.444,
        0.219,
        1.583,
        0.219,
        0,
        2.25,
        -15,
        0,
        2.917,
        0,
        0,
        3.617,
        -30,
        0,
        4.533,
        0,
        2,
        4.783,
        0
      ]
    },
    {
      "Target": "Parameter",
      "Id": "ParamAngleY",
      "FadeInTime": -1.0,
      "FadeOutTime": -1.0,
      "Segments": [
        0,
        -1.95,
        2,
        0.083,
        -1.95,
        0,
        0.383,
        -1.953,
        0,
        0.917,
        26,
        0,
        1.333,
        2.336,
        0,
        1.75,
        16.647,
        0,
        2.417,
        -4,
        1,
        2.639,
        -4,
        2.861,
        -4.034,
        3.083,
        0,
        1,
        3.316,
        4.235,
        3.55,
        12.85,
        3.783,
        12.85,
        0,
        4.7,
        -1.953,
        2,
        4.783,
        -1.953
      ]
    },
    {
      "Target": "Parameter",
      "Id": "ParamAngleZ",
      "FadeInTime": -1.0,
      "FadeOutTime": -1.0,
      "Segments": [
        0,
        -0.22,
        2,
        0.083,
        -0.22,
        0,
        0.917,
        5.956,
        1,
        1.056,
        5.956,
        1.194,
        1.614,
        1.333,
        0.747,
        1,
        1.472,
        -0.12,
        1.611,
        0,
        1.75,
        0,
        0,
        2.417,
        2.82,
        0,
        3.083,
        0,
        0,
        3.783,
        3,
        0,
        4.7,
        -0.224,
        2,
        4.783,
        -0.224
      ]
    },
    {
      "Target": "Parameter",
      "Id": "ParamAngleZ2",
      "FadeInTime": -1.0,
      "FadeOutTime": -1.0,
      "Segments": [
        0,
        -0.05,
        2,
        0.083,
        -0.05,
        0,
        0.367,
        -3.09,
        0,
        0.833,
        16.709,
        1,
        0.972,
        16.709,
        1.111,
        1.708,
        1.25,
        -0.754,
        1,
        1.389,
        -3.216,
        1.528,
        -2.89,
        1.667,
        -2.89,
        0,
        2.333,
        10.679,
        0,
        3,
        -2.889,
        0,
        3.7,
        21,
        0,
        4.617,
        -0.051,
        2,
        4.783,
        -0.051
      ]
    },
    {
      "Target": "Parameter",
      "Id": "ParamBodyAngleX",
      "FadeInTime": -1.0,
      "FadeOutTime": -1.0,
      "Segments": [
        0,
        0,
        2,
        0.083,
        0,
        0,
        0.75,
        -10,
        1,
        0.889,
        -10,
        1.028,
        1.845,
        1.167,
        2.491,
        1,
        1.306,
        3.137,
        1.444,
        3,
        1.583,
        3,
        0,
        2.25,
        0.441,
        0,
        2.917,
        3,
        0,
        3.617,
        -10,
        0,
        4.533,
        0,
        2,
        4.783,
        0
      ]
    },
    {
      "Target": "Parameter",
      "Id": "ParamBodyAngleZ",
      "FadeInTime": -1.0,
      "FadeOutTime": -1.0,
      "Segments": [
        0,
        -0.03,
        2,
        0.083,
        -0.03,
        0,
        0.383,
        -0.758,
        0,
        0.917,
        3.564,
        0,
        1.733,
        -5.903,
        0,
        2.317,
        -4.935,
        0,
        3,
        -5.97,
        0,
        3.7,
        6.4,
        0,
        4.617,
        -0.03,
        2,
        4.783,
        -0.03
      ]
    },
    {
      "Target": "Parameter",
      "Id": "ParamBodyAngleZ2",
      "FadeInTime": -1.0,
      "FadeOutTime": -1.0,
      "Segments": [
        0,
        0,
        2,
        0.083,
        0,
        0,
        0.75,
        -2.14,
        0,
        1.167,
        4.064,
        0,
        1.6,
        3.195,
        0,
        1.967,
        4.109,
        0,
        2.4,
        3.657,
        0,
        2.917,
        4.54,
        0,
        3.617,
        -3,
        0,
        4.533,
        0,
        2,
        4.783,
        0
      ]
    },
    {
      "Target": "Parameter",
      "Id": "ParamBodyAngleUD",
      "FadeInTime": -1.0,
      "FadeOutTime": -1.0,
      "Segments": [
        0,
        0,
        2,
        0.167,
        0,
        0,
        0.833,
        3.78,
        0,
        1.25,
        -0.24,
        2,
        1.667,
        -0.24,
        2,
        3,
        -0.24,
        0,
        3.7,
        -10.031,
        0,
        4.617,
        0,
        2,
        4.783,
        0
      ]
    },
    {
      "Target": "Parameter",
      "Id": "Param42",
      "FadeInTime": -1.0,
      "FadeOutTime": -1.0,
      "Segments": [
        0,
        -0.504,
        0,
        0.583,
        0.605,
        1,
        0.733,
        0.714,
        0.883,
        -4.893,
        1.033,
        -5.055,
        1,
        1.172,
        -5.234,
        1.311,
        -5.28,
        1.45,
        -5.28,
        0,
        2.083,
        -4.931,
        0,
        2.75,
        -5.28,
        0,
        3.5,
        0.676,
        0,
        4.5,
        -0.504,
        2,
        4.783,
        -0.504
      ]
    },
    {
      "Target": "Parameter",
      "Id": "Param43",
      "FadeInTime": -1.0,
      "FadeOutTime": -1.0,
      "Segments": [
        0,
        -0.083,
        2,
        0.083,
        -0.083,
        1,
        0.25,
        -0.083,
        0.416,
        -0.119,
        0.583,
        0.065,
        1,
        0.733,
        0.231,
        0.883,
        8.321,
        1.033,
        8.321,
        0,
        1.533,
        7.686,
        0,
        2.167,
        8.23,
        1,
        2.389,
        8.23,
        2.611,
        8.389,
        2.833,
        7.702,
        1,
        3.083,
        6.928,
        3.333,
        -0.083,
        3.583,
        -0.083,
        2,
        4.5,
        -0.083,
        2,
        4.783,
        -0.083
      ]
    },
    {
      "Target": "Parameter",
      "Id": "Param44",
      "FadeInTime": -1.0,
      "FadeOutTime": -1.0,
      "Segments": [
        0,
        -5.379,
        2,
        0.167,
        -5.379,
        1,
        0.306,
        -5.379,
        0.444,
        -5.293,
        0.583,
        -2.625,
        1,
        0.733,
        0.256,
        0.883,
        4.995,
        1.033,
        4.995,
        0,
        1.617,
        1.733,
        0,
        2.25,
        5.272,
        0,
        2.917,
        2.463,
        0,
        3.3,
        5.599,
        0,
        3.667,
        -5.379,
        2,
        4.5,
        -5.379,
        2,
        4.783,
        -5.379
      ]
    },
    {
      "Target": "Parameter",
      "Id": "Param45",
      "FadeInTime": -1.0,
      "FadeOutTime": -1.0,
      "Segments": [
        0,
        -3,
        0,
        1.033,
        0.04,
        2,
        1.45,
        0.04,
        2,
        2.75,
        0.04,
        0,
        3.5,
        -3,
        2,
        4.5,
        -3,
        2,
        4.783,
        -3
      ]
    },
    {
      "Target": "Parameter",
      "Id": "Param46",
      "FadeInTime": -1.0,
      "FadeOutTime": -1.0,
      "Segments": [
        0,
        3,
        0,
        1.033,
        -3.2,
        2,
        1.45,
        -3.2,
        2,
        2.75,
        -3.2,
        0,
        3.5,
        3,
        2,
        4.5,
        3,
        2,
        4.783,
        3
      ]
    },
    {
      "Target": "Parameter",
      "Id": "ParamA1zuoshoudonghua",
      "FadeInTime": -1.0,
      "FadeOutTime": -1.0,
      "Segments": [
        0,
        -6.88,
        0,
        0.583,
        10,
        2,
        0.85,
        10,
        1,
        0.856,
        10,
        0.861,
        0.409,
        0.867,
        0,
        1,
        0.961,
        -6.961,
        1.056,
        -10,
        1.15,
        -10,
        0,
        1.617,
        -6.12,
        0,
        2.25,
        -10,
        2,
        2.75,
        -10,
        1,
        2.906,
        -10,
        3.061,
        -6.785,
        3.217,
        0,
        1,
        3.367,
        6.543,
        3.517,
        10,
        3.667,
        10,
        0,
        4.5,
        0,
        2,
        4.783,
        0
      ]
    },
    {
      "Target": "Parameter",
      "Id": "ParamA1zuoshouxingbian",
      "FadeInTime": -1.0,
      "FadeOutTime": -1.0,
      "Segments": [
        0,
        -1.88,
        0,
        0.583,
        10,
        1,
        0.672,
        10,
        0.761,
        8.497,
        0.85,
        5,
        1,
        0.856,
        4.781,
        0.861,
        -10,
        0.867,
        -10,
        0,
        1.15,
        10,
        0,
        1.617,
        7.38,
        0,
        2.25,
        10,
        2,
        2.75,
        10,
        0,
        3.217,
        -2,
        0,
        3.667,
        10,
        0,
        4.5,
        0,
        2,
        4.783,
        0
      ]
    },
    {
      "Target": "Parameter",
      "Id": "ParamA1zuoshoutuozhanxingbian",
      "FadeInTime": -1.0,
      "FadeOutTime": -1.0,
      "Segments": [
        0,
        0,
        2,
        1.15,
        0,
        0,
        1.617,
        2,
        0,
        2.25,
        0,
        2,
        2.75,
        0,
        2,
        3.5,
        0,
        2,
        4.5,
        0,
        2,
        4.783,
        0
      ]
    },
    {
      "Target": "Parameter",
      "Id": "Param49",
      "FadeInTime": -1.0,
      "FadeOutTime": -1.0,
      "Segments": [
        0,
        0,
        0,
        1.45,
        8.067,
        0,
        2.75,
        0,
        2,
        3.5,
        0,
        2,
        4.5,
        0,
        2,
        4.783,
        0
      ]
    },
    {
      "Target": "Parameter",
      "Id": "Param68",
      "FadeInTime": -1.0,
      "FadeOutTime": -1.0,
      "Segments": [
        0,
        0,
        2,
        0.583,
        0,
        0,
        1.033,
        10,
        2,
        1.45,
        10,
        2,
        2.75,
        10,
        0,
        3.5,
        0,
        2,
        4.5,
        0,
        2,
        4.783,
        0
      ]
    },
    {
      "Target": "Parameter",
      "Id": "Param50",
      "FadeInTime": -1.0,
      "FadeOutTime": -1.0,
      "Segments": [
        0,
        1,
        2,
        0.85,
        1,
        2,
        0.867,
        0,
        2,
        1.45,
        0,
        2,
        3.217,
        0,
        2,
        3.233,
        1,
        2,
        4.5,
        1,
        2,
        4.783,
        1
      ]
    },
    {
      "Target": "Parameter",
      "Id": "Param52",
      "FadeInTime": -1.0,
      "FadeOutTime": -1.0,
      "Segments": [
        0,
        0,
        2,
        0.85,
        0,
        2,
        0.867,
        1,
        2,
        1.45,
        1,
        2,
        3.217,
        1,
        2,
        3.233,
        0,
        2,
        4.5,
        0,
        2,
        4.783,
        0
      ]
    },
    {
      "Target": "Parameter",
      "Id": "Param101",
      "FadeInTime": -1.0,
      "FadeOutTime": -1.0,
      "Segments": [
        0,
        10,
        2,
        0.45,
        10,
        0,
        0.767,
        0,
        2,
        3.2,
        0,
        0,
        3.5,
        10,
        2,
        4.783,
        10
      ]
    },
    {
      "Target": "Parameter",
      "Id": "Param102",
      "FadeInTime": -1.0,
      "FadeOutTime": -1.0,
      "Segments": [
        0,
        10,
        2,
        0.45,
        10,
        0,
        0.767,
        0,
        2,
        3.2,
        0,
        0,
        3.5,
        10,
        2,
        4.783,
        10
      ]
    },
    {
      "Target": "Parameter",
      "Id": "ParamShangBiR",
      "FadeInTime": -1.0,
      "FadeOutTime": -1.0,
      "Segments": [
        0,
        0,
        0,
        0.667,
        7.502,
        1,
        0.806,
        7.502,
        0.944,
        4.992,
        1.083,
        3.696,
        1,
        1.222,
        2.4,
        1.361,
        2.386,
        1.5,
        2.386,
        0,
        2.167,
        3.92,
        1,
        2.389,
        3.92,
        2.611,
        4.036,
        2.833,
        3.432,
        1,
        3.083,
        2.752,
        3.333,
        -0.902,
        3.583,
        -0.902,
        0,
        4.583,
        0,
        2,
        4.783,
        0
      ]
    },
    {
      "Target": "Parameter",
      "Id": "ParamXiaBiR",
      "FadeInTime": -1.0,
      "FadeOutTime": -1.0,
      "Segments": [
        0,
        1,
        2,
        0.083,
        1,
        0,
        0.667,
        0.2,
        0,
        1.083,
        5.766,
        0,
        1.583,
        5.107,
        0,
        2.25,
        5.792,
        1,
        2.472,
        5.792,
        2.695,
        5.911,
        2.917,
        5.107,
        1,
        3.167,
        4.203,
        3.417,
        0.88,
        3.667,
        0.88,
        0,
        4.583,
        1,
        2,
        4.783,
        1
      ]
    },
    {
      "Target": "Parameter",
      "Id": "ParamSouR",
      "FadeInTime": -1.0,
      "FadeOutTime": -1.0,
      "Segments": [
        0,
        0,
        2,
        0.167,
        0,
        0,
        0.417,
        -3.061,
        0,
        0.667,
        3.423,
        1,
        0.806,
        3.423,
        0.944,
        3.37,
        1.083,
        2.3,
        1,
        1.278,
        0.802,
        1.472,
        -0.947,
        1.667,
        -0.947,
        0,
        2.333,
        3.153,
        1,
        2.555,
        3.153,
        2.778,
        2.611,
        3,
        1.623,
        1,
        3.25,
        0.511,
        3.5,
        0,
        3.75,
        0,
        2,
        4.583,
        0,
        2,
        4.783,
        0
      ]
    },
    {
      "Target": "Parameter",
      "Id": "ParamXiaBiRUD",
      "FadeInTime": -1.0,
      "FadeOutTime": -1.0,
      "Segments": [
        0,
        0,
        0,
        1.083,
        -6.1,
        2,
        2.833,
        -6.1,
        1,
        3.083,
        -6.1,
        3.333,
        -6.111,
        3.583,
        -6.08,
        1,
        3.916,
        -6.039,
        4.25,
        0,
        4.583,
        0,
        2,
        4.783,
        0
      ]
    },
    {
      "Target": "Parameter",
      "Id": "ParamA1zuoshoudonghua2",
      "FadeInTime": -1.0,
      "FadeOutTime": -1.0,
      "Segments": [
        0,
        0,
        0,
        0.367,
        -9,
        0,
        0.667,
        10,
        2,
        0.9,
        10,
        1,
        0.906,
        10,
        0.911,
        0.716,
        0.917,
        0,
        1,
        0.972,
        -7.163,
        1.028,
        -10,
        1.083,
        -10,
        2,
        2.833,
        -10,
        1,
        2.978,
        -10,
        3.122,
        -7.395,
        3.267,
        0,
        1,
        3.378,
        5.689,
        3.489,
        10,
        3.6,
        10,
        2,
        4.417,
        10,
        0,
        4.65,
        0,
        2,
        4.783,
        0
      ]
    },
    {
      "Target": "Parameter",
      "Id": "ParamA1zuoshouxingbian2",
      "FadeInTime": -1.0,
      "FadeOutTime": -1.0,
      "Segments": [
        0,
        0,
        0,
        0.367,
        -10,
        0,
        0.667,
        10,
        2,
        0.9,
        10,
        0,
        0.917,
        -10,
        0,
        1.083,
        0,
        2,
        2.833,
        0,
        2,
        3.267,
        0,
        0,
        3.6,
        10,
        2,
        4.417,
        10,
        0,
        4.65,
        0,
        2,
        4.783,
        0
      ]
    },
    {
      "Target": "Parameter",
      "Id": "ParamA1zuoshoutuozhanxingbian2",
      "FadeInTime": -1.0,
      "FadeOutTime": -1.0,
      "Segments": [
        0,
        0,
        2,
        1.083,
        0,
        0,
        1.667,
        4,
        0,
        2.35,
        -2,
        0,
        4.583,
        0,
        2,
        4.783,
        0
      ]
    },
    {
      "Target": "Parameter",
      "Id": "Param70",
      "FadeInTime": -1.0,
      "FadeOutTime": -1.0,
      "Segments": [
        0,
        0,
        2,
        0.667,
        0,
        0,
        1.083,
        10,
        2,
        2.833,
        10,
        1,
        2.939,
        10,
        3.044,
        8.957,
        3.15,
        6.16,
        1,
        3.294,
        2.333,
        3.439,
        0,
        3.583,
        0,
        2,
        4.583,
        0,
        2,
        4.783,
        0
      ]
    },
    {
      "Target": "Parameter",
      "Id": "Param65",
      "FadeInTime": -1.0,
      "FadeOutTime": -1.0,
      "Segments": [
        0,
        0,
        0,
        1.083,
        10,
        2,
        2.833,
        10,
        1,
        2.939,
        10,
        3.044,
        8.83,
        3.15,
        6.16,
        1,
        3.156,
        6.019,
        3.161,
        0,
        3.167,
        0,
        2,
        3.583,
        0,
        2,
        4.583,
        0,
        2,
        4.783,
        0
      ]
    },
    {
      "Target": "Parameter",
      "Id": "Param53",
      "FadeInTime": -1.0,
      "FadeOutTime": -1.0,
      "Segments": [
        0,
        1,
        2,
        0.9,
        1,
        2,
        0.917,
        0,
        2,
        3.25,
        0,
        2,
        3.267,
        1,
        2,
        4.583,
        1,
        2,
        4.783,
        1
      ]
    },
    {
      "Target": "Parameter",
      "Id": "Param61",
      "FadeInTime": -1.0,
      "FadeOutTime": -1.0,
      "Segments": [
        0,
        0,
        2,
        0.9,
        0,
        2,
        0.917,
        1,
        2,
        3.25,
        1,
        2,
        3.267,
        0,
        2,
        4.583,
        0,
        2,
        4.783,
        0
      ]
    },
    {
      "Target": "Parameter",
      "Id": "ParamDaTuiL",
      "FadeInTime": -1.0,
      "FadeOutTime": -1.0,
      "Segments": [
        0,
        -1.034,
        2,
        0.083,
        -1.034,
        0,
        0.833,
        -4.199,
        0,
        1.25,
        -1.034,
        0,
        1.667,
        -1.853,
        0,
        2.317,
        -1.081,
        0,
        3,
        -1.785,
        0,
        3.7,
        0.121,
        0,
        4.75,
        -1.034,
        2,
        4.783,
        -1.034
      ]
    },
    {
      "Target": "Parameter",
      "Id": "ParamXiaoTuiL",
      "FadeInTime": -1.0,
      "FadeOutTime": -1.0,
      "Segments": [
        0,
        -0.105,
        2,
        0.25,
        -0.105,
        0,
        1,
        -0.937,
        0,
        1.417,
        1.627,
        0,
        2.017,
        -0.105,
        0,
        2.5,
        0.274,
        1,
        2.722,
        0.274,
        2.945,
        0.229,
        3.167,
        -0.105,
        1,
        3.411,
        -0.622,
        3.656,
        -3.657,
        3.9,
        -3.657,
        0,
        4.75,
        -0.105,
        2,
        4.783,
        -0.105
      ]
    },
    {
      "Target": "Parameter",
      "Id": "ParamJiaoL",
      "FadeInTime": -1.0,
      "FadeOutTime": -1.0,
      "Segments": [
        0,
        -0.72,
        0,
        0.417,
        3.051,
        0,
        1.167,
        -4.824,
        0,
        1.583,
        2.686,
        0,
        2,
        -2.216,
        0,
        2.6,
        2.243,
        1,
        2.844,
        2.243,
        3.089,
        2.134,
        3.333,
        0.678,
        1,
        3.572,
        -0.745,
        3.811,
        -2.921,
        4.05,
        -2.921,
        0,
        4.783,
        -0.724
      ]
    },
    {
      "Target": "Parameter",
      "Id": "Param22",
      "FadeInTime": -1.0,
      "FadeOutTime": -1.0,
      "Segments": [
        0,
        0.147,
        2,
        0.083,
        0.147,
        0,
        1,
        7.093,
        0,
        1.45,
        0.078,
        0,
        2.1,
        1.695,
        1,
        2.272,
        1.695,
        2.445,
        1.184,
        2.617,
        0.73,
        1,
        2.822,
        0.188,
        3.028,
        0.078,
        3.233,
        0.078,
        0,
        3.967,
        2.164,
        0,
        4.75,
        0.147,
        2,
        4.783,
        0.147
      ]
    },
    {
      "Target": "Parameter",
      "Id": "ParamDaTuiR",
      "FadeInTime": -1.0,
      "FadeOutTime": -1.0,
      "Segments": [
        0,
        2.939,
        2,
        0.167,
        2.939,
        0,
        0.917,
        1.179,
        0,
        1.333,
        2.939,
        0,
        1.75,
        2.035,
        0,
        2.4,
        2.673,
        0,
        3.083,
        2.035,
        0,
        3.783,
        4.237,
        0,
        4.75,
        2.939,
        2,
        4.783,
        2.939
      ]
    },
    {
      "Target": "Parameter",
      "Id": "ParamXiaoTuiR",
      "FadeInTime": -1.0,
      "FadeOutTime": -1.0,
      "Segments": [
        0,
        -0.309,
        2,
        0.333,
        -0.309,
        0,
        1.083,
        -2.885,
        0,
        1.5,
        0.459,
        0,
        1.917,
        -0.42,
        0,
        2.6,
        -0.007,
        1,
        2.833,
        -0.007,
        3.067,
        0.049,
        3.3,
        -0.309,
        1,
        3.517,
        -0.642,
        3.733,
        -3.418,
        3.95,
        -3.418,
        0,
        4.75,
        -0.309,
        2,
        4.783,
        -0.309
      ]
    },
    {
      "Target": "Parameter",
      "Id": "ParamJiaoR",
      "FadeInTime": -1.0,
      "FadeOutTime": -1.0,
      "Segments": [
        0,
        -0.184,
        2,
        0.483,
        -0.184,
        0,
        1.233,
        -1.304,
        0,
        1.65,
        -0.184,
        2,
        2.067,
        -0.184,
        2,
        3.5,
        -0.184,
        0,
        4.117,
        -2.064,
        0,
        4.75,
        -0.184,
        2,
        4.783,
        -0.184
      ]
    },
    {
      "Target": "Parameter",
      "Id": "ParamOPRX1",
      "FadeInTime": -1.0,
      "FadeOutTime": -1.0,
      "Segments": [
        0,
        0,
        0,
        0.2,
        8.844,
        0,
        0.483,
        -15.106,
        0,
        0.833,
        13.194,
        0,
        1.333,
        -17.345,
        0,
        1.667,
        18.666,
        0,
        1.95,
        -1.541,
        0,
        2.133,
        2.176,
        0,
        2.467,
        -10.958,
        0,
        3.083,
        10.423,
        0,
        3.683,
        -7.638,
        0,
        4.017,
        -1.507,
        0,
        4.083,
        -1.589,
        0,
        4.4,
        2.429,
        0,
        4.7,
        -1.124,
        1,
        4.728,
        -1.124,
        4.755,
        -0.942,
        4.783,
        -0.693
      ]
    },
    {
      "Target": "Parameter",
      "Id": "ParamOPRY1",
      "FadeInTime": -1.0,
      "FadeOutTime": -1.0,
      "Segments": [
        0,
        0,
        0,
        0.2,
        8.844,
        0,
        0.483,
        -15.106,
        0,
        0.833,
        13.194,
        0,
        1.333,
        -17.345,
        0,
        1.667,
        18.666,
        0,
        2.467,
        -10.958,
        0,
        3.083,
        10.423,
        0,
        3.683,
        -7.638,
        0,
        4.4,
        2.429,
        0,
        4.783,
        0
      ]
    },
    {
      "Target": "Parameter",
      "Id": "ParamOPRY2",
      "FadeInTime": -1.0,
      "FadeOutTime": -1.0,
      "Segments": [
        0,
        0,
        0,
        0.133,
        -4.288,
        0,
        0.383,
        16.747,
        0,
        0.667,
        -21.714,
        0,
        1.017,
        17.347,
        0,
        1.533,
        -22.459,
        0,
        1.833,
        22.078,
        0,
        2.117,
        -5.375,
        0,
        2.35,
        8.858,
        0,
        2.65,
        -13.683,
        0,
        3.3,
        10.177,
        0,
        3.867,
        -7.5,
        0,
        4.133,
        -1.043,
        0,
        4.317,
        -3.798,
        0,
        4.6,
        3.249,
        1,
        4.661,
        3.249,
        4.722,
        0.902,
        4.783,
        -0.754
      ]
    },
    {
      "Target": "Parameter",
      "Id": "ParamOPLX1",
      "FadeInTime": -1.0,
      "FadeOutTime": -1.0,
      "Segments": [
        0,
        0,
        2,
        0.033,
        0,
        0,
        0.25,
        -5.876,
        0,
        0.5,
        15.499,
        0,
        0.783,
        -19.527,
        0,
        1.117,
        14.944,
        0,
        1.65,
        -15.587,
        0,
        1.933,
        17.842,
        0,
        2.217,
        -11.865,
        0,
        2.483,
        12.426,
        0,
        2.767,
        -10.137,
        0,
        3.033,
        0.626,
        0,
        3.183,
        -1.72,
        0,
        3.45,
        3.329,
        0,
        3.617,
        1.949,
        0,
        3.717,
        2.346,
        0,
        3.983,
        -3.565,
        0,
        4.233,
        2.51,
        0,
        4.467,
        -2.864,
        0,
        4.733,
        2.929,
        1,
        4.75,
        2.929,
        4.766,
        2.752,
        4.783,
        2.461
      ]
    },
    {
      "Target": "Parameter",
      "Id": "Param29",
      "FadeInTime": -1.0,
      "FadeOutTime": -1.0,
      "Segments": [
        0,
        0,
        0,
        0.183,
        2.388,
        0,
        0.467,
        -5.28,
        0,
        0.867,
        5.782,
        0,
        1.3,
        -6.711,
        0,
        1.65,
        6.066,
        0,
        1.933,
        -0.587,
        0,
        2.133,
        0.854,
        0,
        2.467,
        -3.446,
        0,
        3.05,
        2.614,
        0,
        3.667,
        -1.763,
        0,
        3.95,
        -0.11,
        0,
        4.15,
        -0.512,
        0,
        4.483,
        0.685,
        0,
        4.75,
        -0.394,
        1,
        4.761,
        -0.393,
        4.772,
        -0.385,
        4.783,
        -0.369
      ]
    },
    {
      "Target": "Parameter",
      "Id": "Param30",
      "FadeInTime": -1.0,
      "FadeOutTime": -1.0,
      "Segments": [
        0,
        0,
        0,
        0.133,
        -1.221,
        0,
        0.367,
        4.892,
        0,
        0.65,
        -7.437,
        0,
        1.05,
        6.846,
        0,
        1.5,
        -7.803,
        0,
        1.817,
        7.183,
        0,
        2.1,
        -1.988,
        0,
        2.35,
        3.018,
        0,
        2.65,
        -4.368,
        0,
        3.25,
        2.411,
        0,
        3.85,
        -1.855,
        0,
        4.1,
        0.258,
        0,
        4.367,
        -1.074,
        0,
        4.667,
        1.086,
        1,
        4.706,
        1.086,
        4.744,
        0.746,
        4.783,
        0.362
      ]
    },
    {
      "Target": "Parameter",
      "Id": "ParamQianFa1_1",
      "FadeInTime": -1.0,
      "FadeOutTime": -1.0,
      "Segments": [
        0,
        0,
        0,
        0.183,
        7.977,
        0,
        0.467,
        -16.193,
        0,
        0.817,
        15.603,
        0,
        1.283,
        -15.942,
        0,
        1.65,
        20.805,
        0,
        1.933,
        -6.144,
        0,
        2.15,
        2.596,
        0,
        2.433,
        -12.28,
        0,
        2.833,
        5.785,
        0,
        2.85,
        5.773,
        0,
        3.067,
        8.144,
        0,
        3.667,
        -7.133,
        0,
        3.983,
        0.295,
        0,
        4.117,
        -0.304,
        0,
        4.383,
        3.148,
        0,
        4.683,
        -1.655,
        1,
        4.716,
        -1.655,
        4.75,
        -1.304,
        4.783,
        -0.865
      ]
    },
    {
      "Target": "Parameter",
      "Id": "ParamQianFa1_2",
      "FadeInTime": -1.0,
      "FadeOutTime": -1.0,
      "Segments": [
        0,
        0,
        0,
        0.133,
        -3.933,
        0,
        0.383,
        17.632,
        0,
        0.65,
        -24.384,
        0,
        1,
        20.56,
        0,
        1.517,
        -22.619,
        0,
        1.817,
        23.691,
        0,
        2.083,
        -6.431,
        0,
        2.333,
        12.666,
        0,
        2.633,
        -18.407,
        0,
        2.95,
        0.632,
        0,
        2.983,
        0.595,
        0,
        3.317,
        11.559,
        0,
        3.867,
        -7.737,
        0,
        4.117,
        -1.692,
        0,
        4.317,
        -4.734,
        0,
        4.6,
        3.845,
        1,
        4.661,
        3.845,
        4.722,
        0.297,
        4.783,
        -1.595
      ]
    },
    {
      "Target": "Parameter",
      "Id": "ParamQianFa1_3",
      "FadeInTime": -1.0,
      "FadeOutTime": -1.0,
      "Segments": [
        0,
        0,
        2,
        0.033,
        0,
        0,
        0.25,
        -5.231,
        0,
        0.483,
        16.17,
        0,
        0.767,
        -22.872,
        0,
        1.083,
        18.741,
        0,
        1.6,
        -13.655,
        0,
        1.917,
        19.921,
        0,
        2.2,
        -14.892,
        0,
        2.45,
        15.862,
        0,
        2.733,
        -15.427,
        0,
        3,
        5.22,
        0,
        3.217,
        -2.202,
        0,
        3.45,
        4.847,
        0,
        3.967,
        -3.854,
        0,
        4.217,
        2.524,
        0,
        4.45,
        -3.353,
        0,
        4.717,
        4.2,
        1,
        4.739,
        4.2,
        4.761,
        3.706,
        4.783,
        2.965
      ]
    },
    {
      "Target": "Parameter",
      "Id": "ParamQianFa1_4",
      "FadeInTime": -1.0,
      "FadeOutTime": -1.0,
      "Segments": [
        0,
        0,
        2,
        0.1,
        0,
        0,
        0.317,
        -5.244,
        0,
        0.567,
        17.524,
        0,
        0.833,
        -27.793,
        0,
        1.15,
        26.242,
        0,
        1.633,
        -12.691,
        0,
        2,
        23.452,
        0,
        2.283,
        -20.826,
        0,
        2.55,
        21.616,
        0,
        2.833,
        -22.178,
        0,
        3.117,
        10.591,
        0,
        3.35,
        -4.329,
        0,
        3.583,
        6.475,
        0,
        4.033,
        -4.217,
        0,
        4.317,
        3.566,
        0,
        4.567,
        -4.317,
        1,
        4.639,
        -4.317,
        4.711,
        3.103,
        4.783,
        5.081
      ]
    },
    {
      "Target": "Parameter",
      "Id": "ParamQianFa2_1",
      "FadeInTime": -1.0,
      "FadeOutTime": -1.0,
      "Segments": [
        0,
        0,
        0,
        0.2,
        9.167,
        0,
        0.483,
        -18.595,
        0,
        0.85,
        20.461,
        0,
        1.267,
        -20.892,
        0,
        1.65,
        24.716,
        0,
        1.967,
        -8.064,
        0,
        2.2,
        1.685,
        0,
        2.483,
        -13.989,
        0,
        2.933,
        10.095,
        0,
        3.667,
        -9.053,
        0,
        4.017,
        1.142,
        0,
        4.183,
        0.166,
        0,
        4.433,
        3.195,
        0,
        4.733,
        -2.087,
        1,
        4.75,
        -2.087,
        4.766,
        -1.975,
        4.783,
        -1.79
      ]
    },
    {
      "Target": "Parameter",
      "Id": "ParamQianFa2_2",
      "FadeInTime": -1.0,
      "FadeOutTime": -1.0,
      "Segments": [
        0,
        0,
        0,
        0.15,
        -4.9,
        0,
        0.4,
        18.85,
        0,
        0.683,
        -25.48,
        0,
        1.05,
        24.259,
        0,
        1.5,
        -24.593,
        0,
        1.833,
        23.826,
        0,
        2.133,
        -6.158,
        0,
        2.383,
        12.196,
        0,
        2.7,
        -19.716,
        0,
        3.35,
        9.334,
        0,
        3.883,
        -9.223,
        0,
        4.167,
        -1.13,
        0,
        4.35,
        -4.368,
        0,
        4.65,
        4.086,
        1,
        4.694,
        4.086,
        4.739,
        2.417,
        4.783,
        0.651
      ]
    },
    {
      "Target": "Parameter",
      "Id": "ParamQianFa2_3",
      "FadeInTime": -1.0,
      "FadeOutTime": -1.0,
      "Segments": [
        0,
        0,
        2,
        0.05,
        0,
        0,
        0.25,
        -5.505,
        0,
        0.5,
        16.413,
        0,
        0.783,
        -23.333,
        0,
        1.117,
        21.311,
        0,
        1.567,
        -15.382,
        0,
        1.917,
        19.185,
        0,
        2.233,
        -13.747,
        0,
        2.5,
        15.198,
        0,
        2.783,
        -15.999,
        0,
        3.1,
        5.754,
        0,
        3.367,
        0.095,
        0,
        3.683,
        3.834,
        0,
        3.983,
        -5.862,
        0,
        4.267,
        3.488,
        0,
        4.5,
        -3.405,
        0,
        4.767,
        4.104,
        1,
        4.772,
        4.104,
        4.778,
        4.077,
        4.783,
        4.026
      ]
    },
    {
      "Target": "Parameter",
      "Id": "ParamQianFa2_4",
      "FadeInTime": -1.0,
      "FadeOutTime": -1.0,
      "Segments": [
        0,
        0,
        2,
        0.117,
        0,
        0,
        0.333,
        -5.518,
        0,
        0.583,
        17.97,
        0,
        0.867,
        -28.29,
        0,
        1.183,
        28.445,
        0,
        1.583,
        -18.299,
        0,
        2,
        22.543,
        0,
        2.317,
        -19.424,
        0,
        2.583,
        20.629,
        0,
        2.883,
        -22.61,
        0,
        3.183,
        11.474,
        0,
        3.467,
        -2.772,
        0,
        3.75,
        5.177,
        0,
        4.083,
        -7.679,
        0,
        4.367,
        5.59,
        0,
        4.617,
        -4.887,
        1,
        4.672,
        -4.887,
        4.728,
        -0.799,
        4.783,
        2.268
      ]
    },
    {
      "Target": "Parameter",
      "Id": "ParamQianFa3_1",
      "FadeInTime": -1.0,
      "FadeOutTime": -1.0,
      "Segments": [
        0,
        0,
        0,
        0.2,
        9.167,
        0,
        0.483,
        -18.595,
        0,
        0.85,
        20.461,
        0,
        1.267,
        -20.892,
        0,
        1.65,
        24.716,
        0,
        1.967,
        -8.064,
        0,
        2.2,
        1.685,
        0,
        2.483,
        -13.989,
        0,
        2.933,
        10.095,
        0,
        3.667,
        -9.053,
        0,
        4.017,
        1.142,
        0,
        4.183,
        0.166,
        0,
        4.433,
        3.195,
        0,
        4.733,
        -2.087,
        1,
        4.75,
        -2.087,
        4.766,
        -1.975,
        4.783,
        -1.79
      ]
    },
    {
      "Target": "Parameter",
      "Id": "ParamQianFa3_2",
      "FadeInTime": -1.0,
      "FadeOutTime": -1.0,
      "Segments": [
        0,
        0,
        0,
        0.15,
        -4.9,
        0,
        0.4,
        18.85,
        0,
        0.683,
        -25.48,
        0,
        1.05,
        24.259,
        0,
        1.5,
        -24.593,
        0,
        1.833,
        23.826,
        0,
        2.133,
        -6.158,
        0,
        2.383,
        12.196,
        0,
        2.7,
        -19.716,
        0,
        3.35,
        9.334,
        0,
        3.883,
        -9.223,
        0,
        4.167,
        -1.13,
        0,
        4.35,
        -4.368,
        0,
        4.65,
        4.086,
        1,
        4.694,
        4.086,
        4.739,
        2.417,
        4.783,
        0.651
      ]
    },
    {
      "Target": "Parameter",
      "Id": "ParamQianFa3_3",
      "FadeInTime": -1.0,
      "FadeOutTime": -1.0,
      "Segments": [
        0,
        0,
        2,
        0.05,
        0,
        0,
        0.25,
        -5.505,
        0,
        0.5,
        16.413,
        0,
        0.783,
        -23.333,
        0,
        1.117,
        21.311,
        0,
        1.567,
        -15.382,
        0,
        1.917,
        19.185,
        0,
        2.233,
        -13.747,
        0,
        2.5,
        15.198,
        0,
        2.783,
        -15.999,
        0,
        3.1,
        5.754,
        0,
        3.367,
        0.095,
        0,
        3.683,
        3.834,
        0,
        3.983,
        -5.862,
        0,
        4.267,
        3.488,
        0,
        4.5,
        -3.405,
        0,
        4.767,
        4.104,
        1,
        4.772,
        4.104,
        4.778,
        4.077,
        4.783,
        4.026
      ]
    },
    {
      "Target": "Parameter",
      "Id": "ParamQianFa3_4",
      "FadeInTime": -1.0,
      "FadeOutTime": -1.0,
      "Segments": [
        0,
        0,
        2,
        0.117,
        0,
        0,
        0.333,
        -5.518,
        0,
        0.583,
        17.97,
        0,
        0.867,
        -28.29,
        0,
        1.183,
        28.445,
        0,
        1.583,
        -18.299,
        0,
        2,
        22.543,
        0,
        2.317,
        -19.424,
        0,
        2.583,
        20.629,
        0,
        2.883,
        -22.61,
        0,
        3.183,
        11.474,
        0,
        3.467,
        -2.772,
        0,
        3.75,
        5.177,
        0,
        4.083,
        -7.679,
        0,
        4.367,
        5.59,
        0,
        4.617,
        -4.887,
        1,
        4.672,
        -4.887,
        4.728,
        -0.799,
        4.783,
        2.268
      ]
    },
    {
      "Target": "Parameter",
      "Id": "Param19",
      "FadeInTime": -1.0,
      "FadeOutTime": -1.0,
      "Segments": [
        0,
        0,
        1,
        1.594,
        8.185,
        3.189,
        16.371,
        4.783,
        24.556
      ]
    },
    {
      "Target": "Parameter",
      "Id": "Param16",
      "FadeInTime": -1.0,
      "FadeOutTime": -1.0,
      "Segments": [
        0,
        0,
        0,
        2.567,
        9,
        1,
        3.306,
        9,
        4.044,
        2.458,
        4.783,
        0.529
      ]
    },
    {
      "Target": "Parameter",
      "Id": "Param14",
      "FadeInTime": -1.0,
      "FadeOutTime": -1.0,
      "Segments": [
        0,
        0,
        1,
        1.594,
        1.023,
        3.189,
        2.047,
        4.783,
        3.07
      ]
    },
    {
      "Target": "Parameter",
      "Id": "Param15",
      "FadeInTime": -1.0,
      "FadeOutTime": -1.0,
      "Segments": [
        0,
        0,
        2,
        1.233,
        0,
        0,
        1.3,
        10,
        0,
        1.383,
        8.228,
        0,
        1.45,
        10,
        0,
        1.55,
        7.31,
        1,
        1.578,
        7.31,
        1.605,
        9.944,
        1.633,
        9.948,
        1,
        1.916,
        9.986,
        2.2,
        10,
        2.483,
        10,
        0,
        2.567,
        6.706,
        0,
        2.633,
        10,
        0,
        2.717,
        8.215,
        0,
        2.8,
        9.995,
        1,
        3.161,
        9.999,
        3.522,
        10,
        3.883,
        10,
        0,
        3.967,
        6.706,
        0,
        4.033,
        10,
        0,
        4.117,
        8.215,
        0,
        4.2,
        9.995,
        1,
        4.394,
        9.997,
        4.589,
        9.999,
        4.783,
        9.999
      ]
    },
    {
      "Target": "Parameter",
      "Id": "Param18",
      "FadeInTime": -1.0,
      "FadeOutTime": -1.0,
      "Segments": [
        0,
        5,
        1,
        1.594,
        6.023,
        3.189,
        7.047,
        4.783,
        8.07
      ]
    },
    {
      "Target": "Parameter",
      "Id": "Param17",
      "FadeInTime": -1.0,
      "FadeOutTime": -1.0,
      "Segments": [
        0,
        0,
        2,
        0.85,
        0,
        0,
        0.917,
        10,
        0,
        1,
        8.228,
        0,
        1.067,
        10,
        0,
        1.167,
        7.31,
        1,
        1.195,
        7.31,
        1.222,
        9.943,
        1.25,
        9.948,
        1,
        1.472,
        9.987,
        1.695,
        10,
        1.917,
        10,
        0,
        2,
        6.706,
        0,
        2.067,
        10,
        0,
        2.15,
        8.215,
        0,
        2.233,
        9.995,
        1,
        2.516,
        9.999,
        2.8,
        10,
        3.083,
        10,
        0,
        3.167,
        6.706,
        0,
        3.233,
        10,
        0,
        3.317,
        8.215,
        0,
        3.4,
        9.995,
        1,
        3.717,
        9.999,
        4.033,
        10,
        4.35,
        10,
        0,
        4.433,
        6.706,
        0,
        4.5,
        10,
        0,
        4.583,
        8.215,
        0,
        4.667,
        9.995,
        0,
        4.783,
        9.996
      ]
    },
    {
      "Target": "Parameter",
      "Id": "Param6",
      "FadeInTime": -1.0,
      "FadeOutTime": -1.0,
      "Segments": [
        0,
        2.91,
        0,
        2.583,
        -2.913,
        1,
        3.316,
        -2.913,
        4.05,
        1.258,
        4.783,
        2.542
      ]
    },
    {
      "Target": "Parameter",
      "Id": "Param7",
      "FadeInTime": -1.0,
      "FadeOutTime": -1.0,
      "Segments": [
        0,
        2,
        0,
        0.85,
        4.016,
        0,
        3.45,
        -4.016,
        1,
        3.894,
        -4.016,
        4.339,
        -1.904,
        4.783,
        0.154
      ]
    },
    {
      "Target": "Parameter",
      "Id": "Param8",
      "FadeInTime": -1.0,
      "FadeOutTime": -1.0,
      "Segments": [
        0,
        -2.32,
        0,
        1.717,
        4.987,
        0,
        4.317,
        -4.987,
        1,
        4.472,
        -4.987,
        4.628,
        -4.666,
        4.783,
        -4.138
      ]
    },
    {
      "Target": "Parameter",
      "Id": "Param9",
      "FadeInTime": -1.0,
      "FadeOutTime": -1.0,
      "Segments": [
        0,
        -7.74,
        0,
        2.583,
        7.743,
        1,
        3.316,
        7.743,
        4.05,
        -3.345,
        4.783,
        -6.756
      ]
    },
    {
      "Target": "Parameter",
      "Id": "Param12",
      "FadeInTime": -1.0,
      "FadeOutTime": -1.0,
      "Segments": [
        0,
        0,
        1,
        1.594,
        1.023,
        3.189,
        2.047,
        4.783,
        3.07
      ]
    },
    {
      "Target": "Parameter",
      "Id": "Param13",
      "FadeInTime": -1.0,
      "FadeOutTime": -1.0,
      "Segments": [
        0,
        5,
        1,
        1.594,
        6.023,
        3.189,
        7.047,
        4.783,
        8.07
      ]
    },
    {
      "Target": "Parameter",
      "Id": "MB_wutixialuoxunhuan",
      "FadeInTime": -1.0,
      "FadeOutTime": -1.0,
      "Segments": [
        0,
        0,
        1,
        1.594,
        0.307,
        3.189,
        0.614,
        4.783,
        0.921
      ]
    },
    {
      "Target": "Parameter",
      "Id": "MB_wutixialuojiaodu",
      "FadeInTime": -1.0,
      "FadeOutTime": -1.0,
      "Segments": [
        0,
        0,
        1,
        1.594,
        0.411,
        3.189,
        0.823,
        4.783,
        1.234
      ]
    },
    {
      "Target": "Parameter",
      "Id": "MB_Awutifanzhuan",
      "FadeInTime": -1.0,
      "FadeOutTime": -1.0,
      "Segments": [
        0,
        0,
        0,
        1.8,
        1,
        0,
        3.783,
        0,
        1,
        4.116,
        0,
        4.45,
        0.25,
        4.783,
        0.5
      ]
    },
    {
      "Target": "Parameter",
      "Id": "MB_Awutidaxiao",
      "FadeInTime": -1.0,
      "FadeOutTime": -1.0,
      "Segments": [
        0,
        0,
        0,
        3.783,
        0.1,
        1,
        4.116,
        0.1,
        4.45,
        0.094,
        4.783,
        0.084
      ]
    },
    {
      "Target": "Parameter",
      "Id": "MB_Awutijiaodu",
      "FadeInTime": -1.0,
      "FadeOutTime": -1.0,
      "Segments": [
        0,
        1,
        0,
        3.783,
        0.307,
        1,
        4.116,
        0.307,
        4.45,
        0.351,
        4.783,
        0.417
      ]
    },
    {
      "Target": "Parameter",
      "Id": "MB_Bwutifanzhuan",
      "FadeInTime": -1.0,
      "FadeOutTime": -1.0,
      "Segments": [
        0,
        1,
        0,
        3.783,
        -1,
        1,
        4.116,
        -1,
        4.45,
        -0.873,
        4.783,
        -0.683
      ]
    },
    {
      "Target": "Parameter",
      "Id": "MB_Bwutidaxiao",
      "FadeInTime": -1.0,
      "FadeOutTime": -1.0,
      "Segments": [
        0,
        0,
        0,
        3.783,
        0.1,
        1,
        4.116,
        0.1,
        4.45,
        0.094,
        4.783,
        0.084
      ]
    },
    {
      "Target": "Parameter",
      "Id": "MB_Bwutijiaodu",
      "FadeInTime": -1.0,
      "FadeOutTime": -1.0,
      "Segments": [
        0,
        0,
        0,
        1.833,
        1,
        1,
        2.483,
        1,
        3.133,
        0.658,
        3.783,
        0,
        1,
        4.116,
        -0.337,
        4.45,
        -0.587,
        4.783,
        -0.753
      ]
    },
    {
      "Target": "Parameter",
      "Id": "MB_Cwutifanzhuan",
      "FadeInTime": -1.0,
      "FadeOutTime": -1.0,
      "Segments": [
        0,
        0,
        0,
        1.833,
        1,
        1,
        2.483,
        1,
        3.133,
        0.658,
        3.783,
        0,
        1,
        4.116,
        -0.337,
        4.45,
        -0.587,
        4.783,
        -0.753
      ]
    },
    {
      "Target": "Parameter",
      "Id": "MB_Cwutidaxiao",
      "FadeInTime": -1.0,
      "FadeOutTime": -1.0,
      "Segments": [
        0,
        0,
        0,
        3.783,
        -0.1,
        1,
        4.116,
        -0.1,
        4.45,
        -0.094,
        4.783,
        -0.084
      ]
    },
    {
      "Target": "Parameter",
      "Id": "MB_Cwutijiaodu",
      "FadeInTime": -1.0,
      "FadeOutTime": -1.0,
      "Segments": [
        0,
        -1,
        0,
        3.783,
        -0.142,
        1,
        4.116,
        -0.142,
        4.45,
        -0.197,
        4.783,
        -0.278
      ]
    },
    {
      "Target": "Parameter",
      "Id": "Param_Angle_Rotation_1_ArtMesh186",
      "FadeInTime": -1.0,
      "FadeOutTime": -1.0,
      "Segments": [
        0,
        0.99,
        0,
        2.583,
        -0.992,
        1,
        3.316,
        -0.992,
        4.05,
        0.428,
        4.783,
        0.866
      ]
    },
    {
      "Target": "Parameter",
      "Id": "Param_Angle_Rotation_2_ArtMesh186",
      "FadeInTime": -1.0,
      "FadeOutTime": -1.0,
      "Segments": [
        0,
        0.91,
        0,
        0.3,
        0.992,
        0,
        2.9,
        -0.992,
        1,
        3.528,
        -0.992,
        4.155,
        0.049,
        4.783,
        0.623
      ]
    },
    {
      "Target": "Parameter",
      "Id": "Param_Angle_Rotation_3_ArtMesh186",
      "FadeInTime": -1.0,
      "FadeOutTime": -1.0,
      "Segments": [
        0,
        0.68,
        0,
        0.633,
        0.992,
        0,
        3.233,
        -0.992,
        1,
        3.75,
        -0.992,
        4.266,
        -0.287,
        4.783,
        0.283
      ]
    },
    {
      "Target": "Parameter",
      "Id": "Param_Angle_Rotation_4_ArtMesh186",
      "FadeInTime": -1.0,
      "FadeOutTime": -1.0,
      "Segments": [
        0,
        0.38,
        0,
        0.95,
        1.016,
        0,
        3.55,
        -1.016,
        1,
        3.961,
        -1.016,
        4.372,
        -0.559,
        4.783,
        -0.078
      ]
    },
    {
      "Target": "Parameter",
      "Id": "Param_Angle_Rotation_5_ArtMesh186",
      "FadeInTime": -1.0,
      "FadeOutTime": -1.0,
      "Segments": [
        0,
        0,
        0,
        1.283,
        1.016,
        0,
        3.883,
        -1.016,
        1,
        4.183,
        -1.016,
        4.483,
        -0.773,
        4.783,
        -0.454
      ]
    },
    {
      "Target": "Parameter",
      "Id": "Param_Angle_Rotation_6_ArtMesh186",
      "FadeInTime": -1.0,
      "FadeOutTime": -1.0,
      "Segments": [
        0,
        -0.36,
        0,
        1.6,
        1.016,
        0,
        4.2,
        -1.016,
        1,
        4.394,
        -1.016,
        4.589,
        -0.914,
        4.783,
        -0.755
      ]
    },
    {
      "Target": "Parameter",
      "Id": "Param_Angle_Rotation_7_ArtMesh186",
      "FadeInTime": -1.0,
      "FadeOutTime": -1.0,
      "Segments": [
        0,
        -0.7,
        0,
        1.933,
        1.016,
        0,
        4.533,
        -1.016,
        1,
        4.616,
        -1.016,
        4.7,
        -0.997,
        4.783,
        -0.963
      ]
    },
    {
      "Target": "Parameter",
      "Id": "Param_Angle_Rotation_8_ArtMesh186",
      "FadeInTime": -1.0,
      "FadeOutTime": -1.0,
      "Segments": [
        0,
        -0.92,
        0,
        2.25,
        1.016,
        1,
        3.094,
        1.016,
        3.939,
        -0.913,
        4.783,
        -1.012
      ]
    },
    {
      "Target": "Parameter",
      "Id": "Param_Angle_Rotation_9_ArtMesh186",
      "FadeInTime": -1.0,
      "FadeOutTime": -1.0,
      "Segments": [
        0,
        -1.02,
        0,
        2.583,
        1.016,
        1,
        3.316,
        1.016,
        4.05,
        -0.439,
        4.783,
        -0.887
      ]
    },
    {
      "Target": "Parameter",
      "Id": "Param_Angle_Rotation_10_ArtMesh186",
      "FadeInTime": -1.0,
      "FadeOutTime": -1.0,
      "Segments": [
        0,
        -0.93,
        0,
        0.3,
        -1.016,
        0,
        2.9,
        1.016,
        1,
        3.528,
        1.016,
        4.155,
        -0.05,
        4.783,
        -0.638
      ]
    },
    {
      "Target": "Parameter",
      "Id": "Param_Angle_Rotation_11_ArtMesh186",
      "FadeInTime": -1.0,
      "FadeOutTime": -1.0,
      "Segments": [
        0,
        -2.06,
        0,
        0.633,
        -3,
        0,
        3.233,
        3,
        1,
        3.75,
        3,
        4.266,
        0.868,
        4.783,
        -0.855
      ]
    },
    {
      "Target": "Parameter",
      "Id": "Param_Angle_Rotation_12_ArtMesh186",
      "FadeInTime": -1.0,
      "FadeOutTime": -1.0,
      "Segments": [
        0,
        -1.13,
        0,
        0.95,
        -3,
        0,
        3.55,
        3,
        1,
        3.961,
        3,
        4.372,
        1.65,
        4.783,
        0.231
      ]
    },
    {
      "Target": "Parameter",
      "Id": "Param_Angle_Rotation_13_ArtMesh186",
      "FadeInTime": -1.0,
      "FadeOutTime": -1.0,
      "Segments": [
        0,
        0,
        0,
        1.283,
        -3,
        0,
        3.883,
        3,
        1,
        4.183,
        3,
        4.483,
        2.281,
        4.783,
        1.341
      ]
    },
    {
      "Target": "Parameter",
      "Id": "Param_Angle_Rotation_14_ArtMesh186",
      "FadeInTime": -1.0,
      "FadeOutTime": -1.0,
      "Segments": [
        0,
        1.08,
        0,
        1.6,
        -3,
        0,
        4.2,
        3,
        1,
        4.394,
        3,
        4.589,
        2.698,
        4.783,
        2.229
      ]
    },
    {
      "Target": "Parameter",
      "Id": "Param_Angle_Rotation_15_ArtMesh186",
      "FadeInTime": -1.0,
      "FadeOutTime": -1.0,
      "Segments": [
        0,
        2.06,
        0,
        1.933,
        -3,
        0,
        4.533,
        3,
        1,
        4.616,
        3,
        4.7,
        2.945,
        4.783,
        2.844
      ]
    },
    {
      "Target": "Parameter",
      "Id": "Param_Angle_Rotation_1_ArtMesh187",
      "FadeInTime": -1.0,
      "FadeOutTime": -1.0,
      "Segments": [
        0,
        -0.99,
        0,
        2.583,
        0.992,
        1,
        3.316,
        0.992,
        4.05,
        -0.428,
        4.783,
        -0.866
      ]
    },
    {
      "Target": "Parameter",
      "Id": "Param_Angle_Rotation_2_ArtMesh187",
      "FadeInTime": -1.0,
      "FadeOutTime": -1.0,
      "Segments": [
        0,
        -0.91,
        0,
        0.3,
        -0.992,
        0,
        2.9,
        0.992,
        1,
        3.528,
        0.992,
        4.155,
        -0.049,
        4.783,
        -0.623
      ]
    },
    {
      "Target": "Parameter",
      "Id": "Param_Angle_Rotation_3_ArtMesh187",
      "FadeInTime": -1.0,
      "FadeOutTime": -1.0,
      "Segments": [
        0,
        -0.68,
        0,
        0.633,
        -0.992,
        0,
        3.233,
        0.992,
        1,
        3.75,
        0.992,
        4.266,
        0.287,
        4.783,
        -0.283
      ]
    },
    {
      "Target": "Parameter",
      "Id": "Param_Angle_Rotation_4_ArtMesh187",
      "FadeInTime": -1.0,
      "FadeOutTime": -1.0,
      "Segments": [
        0,
        -0.38,
        0,
        0.95,
        -1.016,
        0,
        3.55,
        1.016,
        1,
        3.961,
        1.016,
        4.372,
        0.559,
        4.783,
        0.078
      ]
    },
    {
      "Target": "Parameter",
      "Id": "Param_Angle_Rotation_5_ArtMesh187",
      "FadeInTime": -1.0,
      "FadeOutTime": -1.0,
      "Segments": [
        0,
        0,
        0,
        1.283,
        -1.016,
        0,
        3.883,
        1.016,
        1,
        4.183,
        1.016,
        4.483,
        0.773,
        4.783,
        0.454
      ]
    },
    {
      "Target": "Parameter",
      "Id": "Param_Angle_Rotation_6_ArtMesh187",
      "FadeInTime": -1.0,
      "FadeOutTime": -1.0,
      "Segments": [
        0,
        0.36,
        0,
        1.6,
        -1.016,
        0,
        4.2,
        1.016,
        1,
        4.394,
        1.016,
        4.589,
        0.914,
        4.783,
        0.755
      ]
    },
    {
      "Target": "Parameter",
      "Id": "Param_Angle_Rotation_7_ArtMesh187",
      "FadeInTime": -1.0,
      "FadeOutTime": -1.0,
      "Segments": [
        0,
        0.7,
        0,
        1.933,
        -1.016,
        0,
        4.533,
        1.016,
        1,
        4.616,
        1.016,
        4.7,
        0.997,
        4.783,
        0.963
      ]
    },
    {
      "Target": "Parameter",
      "Id": "Param_Angle_Rotation_8_ArtMesh187",
      "FadeInTime": -1.0,
      "FadeOutTime": -1.0,
      "Segments": [
        0,
        0.92,
        0,
        2.25,
        -1.016,
        1,
        3.094,
        -1.016,
        3.939,
        0.913,
        4.783,
        1.012
      ]
    },
    {
      "Target": "Parameter",
      "Id": "Param_Angle_Rotation_9_ArtMesh187",
      "FadeInTime": -1.0,
      "FadeOutTime": -1.0,
      "Segments": [
        0,
        1.02,
        0,
        2.583,
        -1.016,
        1,
        3.316,
        -1.016,
        4.05,
        0.439,
        4.783,
        0.887
      ]
    },
    {
      "Target": "Parameter",
      "Id": "Param_Angle_Rotation_10_ArtMesh187",
      "FadeInTime": -1.0,
      "FadeOutTime": -1.0,
      "Segments": [
        0,
        0.93,
        0,
        0.3,
        1.016,
        0,
        2.9,
        -1.016,
        1,
        3.528,
        -1.016,
        4.155,
        0.05,
        4.783,
        0.638
      ]
    },
    {
      "Target": "Parameter",
      "Id": "Param_Angle_Rotation_11_ArtMesh187",
      "FadeInTime": -1.0,
      "FadeOutTime": -1.0,
      "Segments": [
        0,
        2.06,
        0,
        0.633,
        3,
        0,
        3.233,
        -3,
        1,
        3.75,
        -3,
        4.266,
        -0.868,
        4.783,
        0.855
      ]
    },
    {
      "Target": "Parameter",
      "Id": "Param_Angle_Rotation_12_ArtMesh187",
      "FadeInTime": -1.0,
      "FadeOutTime": -1.0,
      "Segments": [
        0,
        1.13,
        0,
        0.95,
        3,
        0,
        3.55,
        -3,
        1,
        3.961,
        -3,
        4.372,
        -1.65,
        4.783,
        -0.231
      ]
    },
    {
      "Target": "Parameter",
      "Id": "Param_Angle_Rotation_13_ArtMesh187",
      "FadeInTime": -1.0,
      "FadeOutTime": -1.0,
      "Segments": [
        0,
        0,
        0,
        1.283,
        3,
        0,
        3.883,
        -3,
        1,
        4.183,
        -3,
        4.483,
        -2.281,
        4.783,
        -1.341
      ]
    },
    {
      "Target": "Parameter",
      "Id": "Param_Angle_Rotation_14_ArtMesh187",
      "FadeInTime": -1.0,
      "FadeOutTime": -1.0,
      "Segments": [
        0,
        -1.08,
        0,
        1.6,
        3,
        0,
        4.2,
        -3,
        1,
        4.394,
        -3,
        4.589,
        -2.698,
        4.783,
        -2.229
      ]
    },
    {
      "Target": "Parameter",
      "Id": "Param_Angle_Rotation_15_ArtMesh187",
      "FadeInTime": -1.0,
      "FadeOutTime": -1.0,
      "Segments": [
        0,
        -2.06,
        0,
        1.933,
        3,
        0,
        4.533,
        -3,
        1,
        4.616,
        -3,
        4.7,
        -2.945,
        4.783,
        -2.844
      ]
    },
    {
      "Target": "Parameter",
      "Id": "Param_Angle_Rotation_1_ArtMesh188",
      "FadeInTime": -1.0,
      "FadeOutTime": -1.0,
      "Segments": [
        0,
        -3,
        0,
        3.85,
        3,
        1,
        4.161,
        3,
        4.472,
        2.653,
        4.783,
        2.127
      ]
    },
    {
      "Target": "Parameter",
      "Id": "Param_Angle_Rotation_2_ArtMesh188",
      "FadeInTime": -1.0,
      "FadeOutTime": -1.0,
      "Segments": [
        0,
        -2.6,
        0,
        0.617,
        -3,
        0,
        4.5,
        3,
        1,
        4.594,
        3,
        4.689,
        2.968,
        4.783,
        2.909
      ]
    },
    {
      "Target": "Parameter",
      "Id": "Param_Angle_Rotation_3_ArtMesh188",
      "FadeInTime": -1.0,
      "FadeOutTime": -1.0,
      "Segments": [
        0,
        -2.99,
        0,
        1.25,
        -5.277,
        1,
        2.428,
        -5.277,
        3.605,
        2.402,
        4.783,
        3.846
      ]
    },
    {
      "Target": "Parameter",
      "Id": "Param_Angle_Rotation_4_ArtMesh188",
      "FadeInTime": -1.0,
      "FadeOutTime": -1.0,
      "Segments": [
        0,
        -0.75,
        0,
        1.9,
        -5.277,
        1,
        2.861,
        -5.277,
        3.822,
        -0.163,
        4.783,
        2.503
      ]
    },
    {
      "Target": "Parameter",
      "Id": "Param_Angle_Rotation_5_ArtMesh188",
      "FadeInTime": -1.0,
      "FadeOutTime": -1.0,
      "Segments": [
        0,
        1.53,
        0,
        2.55,
        -5.277,
        1,
        3.294,
        -5.277,
        4.039,
        -2.183,
        4.783,
        0.447
      ]
    },
    {
      "Target": "Parameter",
      "Id": "Param_Angle_Rotation_6_ArtMesh188",
      "FadeInTime": -1.0,
      "FadeOutTime": -1.0,
      "Segments": [
        0,
        5.97,
        0,
        3.2,
        -6.356,
        1,
        3.728,
        -6.356,
        4.255,
        -4.123,
        4.783,
        -1.478
      ]
    },
    {
      "Target": "Parameter",
      "Id": "Param_Angle_Rotation_7_ArtMesh188",
      "FadeInTime": -1.0,
      "FadeOutTime": -1.0,
      "Segments": [
        0,
        7.07,
        0,
        3.85,
        -6.356,
        1,
        4.161,
        -6.356,
        4.472,
        -5.58,
        4.783,
        -4.401
      ]
    },
    {
      "Target": "Parameter",
      "Id": "Param_Angle_Rotation_8_ArtMesh188",
      "FadeInTime": -1.0,
      "FadeOutTime": -1.0,
      "Segments": [
        0,
        6.17,
        0,
        0.617,
        7.075,
        0,
        4.5,
        -6.356,
        1,
        4.594,
        -6.356,
        4.689,
        -6.285,
        4.783,
        -6.152
      ]
    },
    {
      "Target": "Parameter",
      "Id": "Param_Angle_Rotation_9_ArtMesh188",
      "FadeInTime": -1.0,
      "FadeOutTime": -1.0,
      "Segments": [
        0,
        3.96,
        0,
        1.25,
        7.913,
        1,
        2.428,
        7.913,
        3.605,
        -5.373,
        4.783,
        -7.871
      ]
    },
    {
      "Target": "Parameter",
      "Id": "Param_Angle_Rotation_10_ArtMesh188",
      "FadeInTime": -1.0,
      "FadeOutTime": -1.0,
      "Segments": [
        0,
        0.08,
        0,
        1.9,
        7.913,
        1,
        2.861,
        7.913,
        3.822,
        -0.934,
        4.783,
        -5.547
      ]
    },
    {
      "Target": "Parameter",
      "Id": "Param_Angle_Rotation_11_ArtMesh188",
      "FadeInTime": -1.0,
      "FadeOutTime": -1.0,
      "Segments": [
        0,
        -3.86,
        0,
        2.55,
        7.913,
        1,
        3.294,
        7.913,
        4.039,
        2.56,
        4.783,
        -1.99
      ]
    },
    {
      "Target": "Parameter",
      "Id": "Param_Angle_Rotation_12_ArtMesh188",
      "FadeInTime": -1.0,
      "FadeOutTime": -1.0,
      "Segments": [
        0,
        -8.59,
        0,
        3.2,
        9.351,
        1,
        3.728,
        9.351,
        4.255,
        6.102,
        4.783,
        2.254
      ]
    },
    {
      "Target": "Parameter",
      "Id": "Param_Angle_Rotation_13_ArtMesh188",
      "FadeInTime": -1.0,
      "FadeOutTime": -1.0,
      "Segments": [
        0,
        -10.19,
        0,
        3.867,
        9.351,
        1,
        4.172,
        9.351,
        4.478,
        8.253,
        4.783,
        6.577
      ]
    },
    {
      "Target": "Parameter",
      "Id": "Param_Angle_Rotation_14_ArtMesh188",
      "FadeInTime": -1.0,
      "FadeOutTime": -1.0,
      "Segments": [
        0,
        -8.87,
        0,
        0.617,
        -10.19,
        0,
        4.517,
        9.351,
        1,
        4.606,
        9.351,
        4.694,
        9.258,
        4.783,
        9.085
      ]
    },
    {
      "Target": "Parameter",
      "Id": "Param_Angle_Rotation_15_ArtMesh188",
      "FadeInTime": -1.0,
      "FadeOutTime": -1.0,
      "Segments": [
        0,
        -5.39,
        0,
        1.25,
        -10.19,
        1,
        2.428,
        -10.19,
        3.605,
        5.713,
        4.783,
        8.826
      ]
    },
    {
      "Target": "Parameter",
      "Id": "Param_Angle_Rotation_16_ArtMesh188",
      "FadeInTime": -1.0,
      "FadeOutTime": -1.0,
      "Segments": [
        0,
        -0.67,
        0,
        1.9,
        -10.19,
        1,
        2.861,
        -10.19,
        3.822,
        0.4,
        4.783,
        5.988
      ]
    },
    {
      "Target": "Parameter",
      "Id": "Paramring",
      "FadeInTime": -1.0,
      "FadeOutTime": -1.0,
      "Segments": [
        0,
        0,
        0,
        4.783,
        0
      ]
    },
    {
      "Target": "Parameter",
      "Id": "touch_drag1",
      "FadeInTime": -1.0,
      "FadeOutTime": -1.0,
      "Segments": [
        0,
        0,
        0,
        4.783,
        0
      ]
    },
    {
      "Target": "Parameter",
      "Id": "touch_drag2",
      "FadeInTime": -1.0,
      "FadeOutTime": -1.0,
      "Segments": [
        0,
        0,
        0,
        4.783,
        0
      ]
    },
    {
      "Target": "Parameter",
      "Id": "touch_drag3",
      "FadeInTime": -1.0,
      "FadeOutTime": -1.0,
      "Segments": [
        0,
        0,
        0,
        4.783,
        0
      ]
    },
    {
      "Target": "Parameter",
      "Id": "ParamALLX",
      "FadeInTime": -1.0,
      "FadeOutTime": -1.0,
      "Segments": [
        0,
        0,
        0,
        4.783,
        0
      ]
    },
    {
      "Target": "Parameter",
      "Id": "ParamALLY",
      "FadeInTime": -1.0,
      "FadeOutTime": -1.0,
      "Segments": [
        0,
        0,
        0,
        4.783,
        0
      ]
    },
    {
      "Target": "Parameter",
      "Id": "ParamALLZ",
      "FadeInTime": -1.0,
      "FadeOutTime": -1.0,
      "Segments": [
        0,
        0,
        0,
        4.783,
        0
      ]
    },
    {
      "Target": "Parameter",
      "Id": "ParamALLS",
      "FadeInTime": -1.0,
      "FadeOutTime": -1.0,
      "Segments": [
        0,
        0,
        0,
        4.783,
        0
      ]
    },
    {
      "Target": "Parameter",
      "Id": "ParamRenwuX2",
      "FadeInTime": -1.0,
      "FadeOutTime": -1.0,
      "Segments": [
        0,
        0,
        0,
        4.783,
        0
      ]
    },
    {
      "Target": "Parameter",
      "Id": "ParamRenwuX3",
      "FadeInTime": -1.0,
      "FadeOutTime": -1.0,
      "Segments": [
        0,
        0,
        0,
        4.783,
        0
      ]
    },
    {
      "Target": "Parameter",
      "Id": "ParamRenwuX4",
      "FadeInTime": -1.0,
      "FadeOutTime": -1.0,
      "Segments": [
        0,
        -0.5,
        0,
        4.783,
        -0.5
      ]
    },
    {
      "Target": "Parameter",
      "Id": "ParamRenwuX7",
      "FadeInTime": -1.0,
      "FadeOutTime": -1.0,
      "Segments": [
        0,
        0,
        0,
        4.783,
        0
      ]
    },
    {
      "Target": "Parameter",
      "Id": "ParamRenwu",
      "FadeInTime": -1.0,
      "FadeOutTime": -1.0,
      "Segments": [
        0,
        1,
        0,
        4.783,
        1
      ]
    },
    {
      "Target": "Parameter",
      "Id": "ParamRenwuX",
      "FadeInTime": -1.0,
      "FadeOutTime": -1.0,
      "Segments": [
        0,
        0,
        0,
        4.783,
        0
      ]
    },
    {
      "Target": "Parameter",
      "Id": "ParamRenwuY",
      "FadeInTime": -1.0,
      "FadeOutTime": -1.0,
      "Segments": [
        0,
        0,
        0,
        4.783,
        0
      ]
    },
    {
      "Target": "Parameter",
      "Id": "ParamRenwuZ",
      "FadeInTime": -1.0,
      "FadeOutTime": -1.0,
      "Segments": [
        0,
        0,
        0,
        4.783,
        0
      ]
    },
    {
      "Target": "Parameter",
      "Id": "ParamRenwuS",
      "FadeInTime": -1.0,
      "FadeOutTime": -1.0,
      "Segments": [
        0,
        0,
        0,
        4.783,
        0
      ]
    },
    {
      "Target": "Parameter",
      "Id": "ParamBeijing",
      "FadeInTime": -1.0,
      "FadeOutTime": -1.0,
      "Segments": [
        0,
        1,
        0,
        4.783,
        1
      ]
    },
    {
      "Target": "Parameter",
      "Id": "ParamBeijingX",
      "FadeInTime": -1.0,
      "FadeOutTime": -1.0,
      "Segments": [
        0,
        0,
        0,
        4.783,
        0
      ]
    },
    {
      "Target": "Parameter",
      "Id": "ParamBeijingY",
      "FadeInTime": -1.0,
      "FadeOutTime": -1.0,
      "Segments": [
        0,
        0,
        0,
        4.783,
        0
      ]
    },
    {
      "Target": "Parameter",
      "Id": "ParamBeijingZ",
      "FadeInTime": -1.0,
      "FadeOutTime": -1.0,
      "Segments": [
        0,
        0,
        0,
        4.783,
        0
      ]
    },
    {
      "Target": "Parameter",
      "Id": "ParamBeijingS",
      "FadeInTime": -1.0,
      "FadeOutTime": -1.0,
      "Segments": [
        0,
        0,
        0,
        4.783,
        0
      ]
    },
    {
      "Target": "Parameter",
      "Id": "ParamBrowRY",
      "FadeInTime": -1.0,
      "FadeOutTime": -1.0,
      "Segments": [
        0,
        0,
        0,
        4.783,
        0
      ]
    },
    {
      "Target": "Parameter",
      "Id": "ParamBrowRForm",
      "FadeInTime": -1.0,
      "FadeOutTime": -1.0,
      "Segments": [
        0,
        0,
        0,
        4.783,
        0
      ]
    },
    {
      "Target": "Parameter",
      "Id": "ParamBrowLY",
      "FadeInTime": -1.0,
      "FadeOutTime": -1.0,
      "Segments": [
        0,
        0,
        0,
        4.783,
        0
      ]
    },
    {
      "Target": "Parameter",
      "Id": "ParamBrowLForm",
      "FadeInTime": -1.0,
      "FadeOutTime": -1.0,
      "Segments": [
        0,
        0,
        0,
        4.783,
        0
      ]
    },
    {
      "Target": "Parameter",
      "Id": "Param4",
      "FadeInTime": -1.0,
      "FadeOutTime": -1.0,
      "Segments": [
        0,
        0,
        0,
        4.783,
        0
      ]
    },
    {
      "Target": "Parameter",
      "Id": "ParamMouthS",
      "FadeInTime": -1.0,
      "FadeOutTime": -1.0,
      "Segments": [
        0,
        0,
        0,
        4.783,
        0
      ]
    },
    {
      "Target": "Parameter",
      "Id": "ParamEyeGaoguang",
      "FadeInTime": -1.0,
      "FadeOutTime": -1.0,
      "Segments": [
        0,
        0,
        0,
        4.783,
        0
      ]
    },
    {
      "Target": "Parameter",
      "Id": "ParamCheek",
      "FadeInTime": -1.0,
      "FadeOutTime": -1.0,
      "Segments": [
        0,
        0,
        0,
        4.783,
        0
      ]
    },
    {
      "Target": "Parameter",
      "Id": "ParamJianbangL",
      "FadeInTime": -1.0,
      "FadeOutTime": -1.0,
      "Segments": [
        0,
        1.04,
        0,
        4.783,
        1.04
      ]
    },
    {
      "Target": "Parameter",
      "Id": "Param57",
      "FadeInTime": -1.0,
      "FadeOutTime": -1.0,
      "Segments": [
        0,
        0,
        0,
        4.783,
        0
      ]
    },
    {
      "Target": "Parameter",
      "Id": "Param47",
      "FadeInTime": -1.0,
      "FadeOutTime": -1.0,
      "Segments": [
        0,
        0,
        0,
        4.783,
        0
      ]
    },
    {
      "Target": "Parameter",
      "Id": "Param48",
      "FadeInTime": -1.0,
      "FadeOutTime": -1.0,
      "Segments": [
        0,
        0,
        0,
        4.783,
        0
      ]
    },
    {
      "Target": "Parameter",
      "Id": "Param66",
      "FadeInTime": -1.0,
      "FadeOutTime": -1.0,
      "Segments": [
        0,
        0,
        0,
        4.783,
        0
      ]
    },
    {
      "Target": "Parameter",
      "Id": "Param67",
      "FadeInTime": -1.0,
      "FadeOutTime": -1.0,
      "Segments": [
        0,
        0,
        0,
        4.783,
        0
      ]
    },
    {
      "Target": "Parameter",
      "Id": "Param69",
      "FadeInTime": -1.0,
      "FadeOutTime": -1.0,
      "Segments": [
        0,
        0,
        0,
        4.783,
        0
      ]
    },
    {
      "Target": "Parameter",
      "Id": "Param51",
      "FadeInTime": -1.0,
      "FadeOutTime": -1.0,
      "Segments": [
        0,
        0,
        0,
        4.783,
        0
      ]
    },
    {
      "Target": "Parameter",
      "Id": "Param54",
      "FadeInTime": -1.0,
      "FadeOutTime": -1.0,
      "Segments": [
        0,
        0,
        0,
        4.783,
        0
      ]
    },
    {
      "Target": "Parameter",
      "Id": "Param55",
      "FadeInTime": -1.0,
      "FadeOutTime": -1.0,
      "Segments": [
        0,
        0,
        0,
        4.783,
        0
      ]
    },
    {
      "Target": "Parameter",
      "Id": "Param56",
      "FadeInTime": -1.0,
      "FadeOutTime": -1.0,
      "Segments": [
        0,
        0,
        0,
        4.783,
        0
      ]
    },
    {
      "Target": "Parameter",
      "Id": "Param58",
      "FadeInTime": -1.0,
      "FadeOutTime": -1.0,
      "Segments": [
        0,
        0,
        0,
        4.783,
        0
      ]
    },
    {
      "Target": "Parameter",
      "Id": "Param20",
      "FadeInTime": -1.0,
      "FadeOutTime": -1.0,
      "Segments": [
        0,
        0,
        0,
        4.783,
        0
      ]
    },
    {
      "Target": "Parameter",
      "Id": "Param21",
      "FadeInTime": -1.0,
      "FadeOutTime": -1.0,
      "Segments": [
        0,
        0,
        0,
        4.783,
        0
      ]
    },
    {
      "Target": "Parameter",
      "Id": "Param100",
      "FadeInTime": -1.0,
      "FadeOutTime": -1.0,
      "Segments": [
        0,
        0,
        0,
        4.783,
        0
      ]
    },
    {
      "Target": "Parameter",
      "Id": "ParamShangBiRUD",
      "FadeInTime": -1.0,
      "FadeOutTime": -1.0,
      "Segments": [
        0,
        0,
        0,
        4.783,
        0
      ]
    },
    {
      "Target": "Parameter",
      "Id": "Param35",
      "FadeInTime": -1.0,
      "FadeOutTime": -1.0,
      "Segments": [
        0,
        0,
        0,
        4.783,
        0
      ]
    },
    {
      "Target": "Parameter",
      "Id": "Param36",
      "FadeInTime": -1.0,
      "FadeOutTime": -1.0,
      "Segments": [
        0,
        0,
        0,
        4.783,
        0
      ]
    },
    {
      "Target": "Parameter",
      "Id": "Param37",
      "FadeInTime": -1.0,
      "FadeOutTime": -1.0,
      "Segments": [
        0,
        0,
        0,
        4.783,
        0
      ]
    },
    {
      "Target": "Parameter",
      "Id": "Param71",
      "FadeInTime": -1.0,
      "FadeOutTime": -1.0,
      "Segments": [
        0,
        0,
        0,
        4.783,
        0
      ]
    },
    {
      "Target": "Parameter",
      "Id": "Param60",
      "FadeInTime": -1.0,
      "FadeOutTime": -1.0,
      "Segments": [
        0,
        0,
        0,
        4.783,
        0
      ]
    },
    {
      "Target": "Parameter",
      "Id": "Param41",
      "FadeInTime": -1.0,
      "FadeOutTime": -1.0,
      "Segments": [
        0,
        0,
        0,
        4.783,
        0
      ]
    },
    {
      "Target": "Parameter",
      "Id": "Param40",
      "FadeInTime": -1.0,
      "FadeOutTime": -1.0,
      "Segments": [
        0,
        0,
        0,
        4.783,
        0
      ]
    },
    {
      "Target": "Parameter",
      "Id": "ParamDaTuiLUD",
      "FadeInTime": -1.0,
      "FadeOutTime": -1.0,
      "Segments": [
        0,
        0,
        0,
        4.783,
        0
      ]
    },
    {
      "Target": "Parameter",
      "Id": "ParamXiaoTuiLUD",
      "FadeInTime": -1.0,
      "FadeOutTime": -1.0,
      "Segments": [
        0,
        0,
        0,
        4.783,
        0
      ]
    },
    {
      "Target": "Parameter",
      "Id": "Param62",
      "FadeInTime": -1.0,
      "FadeOutTime": -1.0,
      "Segments": [
        0,
        0,
        0,
        4.783,
        0
      ]
    },
    {
      "Target": "Parameter",
      "Id": "ParamDaTuiLUD2",
      "FadeInTime": -1.0,
      "FadeOutTime": -1.0,
      "Segments": [
        0,
        0,
        0,
        4.783,
        0
      ]
    },
    {
      "Target": "Parameter",
      "Id": "ParamXiaoTuiLUD3",
      "FadeInTime": -1.0,
      "FadeOutTime": -1.0,
      "Segments": [
        0,
        0,
        0,
        4.783,
        0
      ]
    },
    {
      "Target": "Parameter",
      "Id": "ParamXiaoTuiLUD2",
      "FadeInTime": -1.0,
      "FadeOutTime": -1.0,
      "Segments": [
        0,
        5,
        0,
        4.783,
        5
      ]
    },
    {
      "Target": "Parameter",
      "Id": "Param24",
      "FadeInTime": -1.0,
      "FadeOutTime": -1.0,
      "Segments": [
        0,
        0,
        0,
        4.783,
        0
      ]
    },
    {
      "Target": "Parameter",
      "Id": "Param23",
      "FadeInTime": -1.0,
      "FadeOutTime": -1.0,
      "Segments": [
        0,
        0,
        0,
        4.783,
        0
      ]
    },
    {
      "Target": "Parameter",
      "Id": "ParamDaTuiRUD",
      "FadeInTime": -1.0,
      "FadeOutTime": -1.0,
      "Segments": [
        0,
        0,
        0,
        4.783,
        0
      ]
    },
    {
      "Target": "Parameter",
      "Id": "ParamXiaoTuiRUD",
      "FadeInTime": -1.0,
      "FadeOutTime": -1.0,
      "Segments": [
        0,
        0,
        0,
        4.783,
        0
      ]
    },
    {
      "Target": "Parameter",
      "Id": "Param63",
      "FadeInTime": -1.0,
      "FadeOutTime": -1.0,
      "Segments": [
        0,
        0,
        0,
        4.783,
        0
      ]
    },
    {
      "Target": "Parameter",
      "Id": "ParamXiaoTuiLUD5",
      "FadeInTime": -1.0,
      "FadeOutTime": -1.0,
      "Segments": [
        0,
        0,
        0,
        4.783,
        0
      ]
    },
    {
      "Target": "Parameter",
      "Id": "ParamDaTuiLUD3",
      "FadeInTime": -1.0,
      "FadeOutTime": -1.0,
      "Segments": [
        0,
        0,
        0,
        4.783,
        0
      ]
    },
    {
      "Target": "Parameter",
      "Id": "ParamXiaoTuiLUD4",
      "FadeInTime": -1.0,
      "FadeOutTime": -1.0,
      "Segments": [
        0,
        0,
        0,
        4.783,
        0
      ]
    },
    {
      "Target": "Parameter",
      "Id": "Param25",
      "FadeInTime": -1.0,
      "FadeOutTime": -1.0,
      "Segments": [
        0,
        0,
        0,
        4.783,
        0
      ]
    },
    {
      "Target": "Parameter",
      "Id": "Param26",
      "FadeInTime": -1.0,
      "FadeOutTime": -1.0,
      "Segments": [
        0,
        0,
        0,
        4.783,
        0
      ]
    },
    {
      "Target": "Parameter",
      "Id": "Param27",
      "FadeInTime": -1.0,
      "FadeOutTime": -1.0,
      "Segments": [
        0,
        0,
        0,
        4.783,
        0
      ]
    },
    {
      "Target": "Parameter",
      "Id": "ParamTuiRou1",
      "FadeInTime": -1.0,
      "FadeOutTime": -1.0,
      "Segments": [
        0,
        0,
        0,
        4.783,
        0
      ]
    },
    {
      "Target": "Parameter",
      "Id": "ParamTuiRou2",
      "FadeInTime": -1.0,
      "FadeOutTime": -1.0,
      "Segments": [
        0,
        0,
        0,
        4.783,
        0
      ]
    },
    {
      "Target": "Parameter",
      "Id": "ParamTuiRou3",
      "FadeInTime": -1.0,
      "FadeOutTime": -1.0,
      "Segments": [
        0,
        0,
        0,
        4.783,
        0
      ]
    },
    {
      "Target": "Parameter",
      "Id": "Param10",
      "FadeInTime": -1.0,
      "FadeOutTime": -1.0,
      "Segments": [
        0,
        0,
        0,
        4.783,
        0
      ]
    },
    {
      "Target": "Parameter",
      "Id": "Param11",
      "FadeInTime": -1.0,
      "FadeOutTime": -1.0,
      "Segments": [
        0,
        0,
        0,
        4.783,
        0
      ]
    },
    {
      "Target": "Parameter",
      "Id": "Param_Angle_Rotation_16_ArtMesh187",
      "FadeInTime": -1.0,
      "FadeOutTime": -1.0,
      "Segments": [
        0,
        0,
        0,
        4.783,
        0
      ]
    },
    {
      "Target": "Parameter",
      "Id": "Param_Angle_Rotation_17_ArtMesh187",
      "FadeInTime": -1.0,
      "FadeOutTime": -1.0,
      "Segments": [
        0,
        0,
        0,
        4.783,
        0
      ]
    },
    {
      "Target": "Parameter",
      "Id": "Param_Angle_Rotation_17_ArtMesh188",
      "FadeInTime": -1.0,
      "FadeOutTime": -1.0,
      "Segments": [
        0,
        4.1,
        0,
        4.783,
        4.1
      ]
    }
  ],
  "UserData": [
    {
      "Time": 0.0,
      "Value": ""
    },
    {
      "Time": 0.0,
      "Value": ""
    },
    {
      "Time": 4.283,
      "Value": ""
    }
  ]
}