{
  "Version": 3,
  "Meta": {
    "Duration": 4.5,
    "Fps": 60.0,
    "Loop": true,
    "AreBeziersRestricted": true,
    "FadeInTime": 0.0,
    "FadeOutTime": 0.0,
    "CurveCount": 263,
    "TotalSegmentCount": 968,
    "TotalPointCount": 1238,
    "UserDataCount": 2,
    "TotalUserDataSize": 0
  },
  "Curves": [
    {
      "Target": "Parameter",
      "Id": "Paramwuli",
      "FadeInTime": -1.0,
      "FadeOutTime": -1.0,
      "Segments": [
        0,
        0,
        0,
        0.533,
        30,
        0,
        0.867,
        -30,
        0,
        1.433,
        30,
        0,
        2,
        -30,
        0,
        2.467,
        30,
        2,
        3.367,
        30,
        0,
        3.983,
        -30,
        0,
        4.417,
        0,
        2,
        4.5,
        0
      ]
    },
    {
      "Target": "Parameter",
      "Id": "Paramwuli2",
      "FadeInTime": -1.0,
      "FadeOutTime": -1.0,
      "Segments": [
        0,
        0,
        0,
        0.533,
        30,
        0,
        0.867,
        -30,
        0,
        1.433,
        30,
        0,
        2,
        -30,
        0,
        2.467,
        30,
        2,
        3.367,
        30,
        0,
        3.983,
        -30,
        0,
        4.417,
        0,
        2,
        4.5,
        0
      ]
    },
    {
      "Target": "Parameter",
      "Id": "Paramwuli3",
      "FadeInTime": -1.0,
      "FadeOutTime": -1.0,
      "Segments": [
        0,
        0,
        0,
        0.533,
        30,
        0,
        0.867,
        0.397,
        0,
        1.433,
        30,
        0,
        2,
        -30,
        0,
        2.467,
        30,
        2,
        3.367,
        30,
        0,
        3.983,
        -30,
        0,
        4.417,
        0,
        2,
        4.5,
        0
      ]
    },
    {
      "Target": "Parameter",
      "Id": "ParamALLX",
      "FadeInTime": -1.0,
      "FadeOutTime": -1.0,
      "Segments": [
        0,
        0,
        2,
        0.083,
        0,
        2,
        0.75,
        0,
        0,
        1.667,
        -0.78,
        0,
        2.75,
        0,
        0,
        4.5,
        -0.78
      ]
    },
    {
      "Target": "Parameter",
      "Id": "ParamALLY",
      "FadeInTime": -1.0,
      "FadeOutTime": -1.0,
      "Segments": [
        0,
        0,
        2,
        0.083,
        0,
        2,
        0.75,
        0,
        0,
        1.667,
        0.66,
        2,
        4.5,
        0.66
      ]
    },
    {
      "Target": "Parameter",
      "Id": "ParamALLS",
      "FadeInTime": -1.0,
      "FadeOutTime": -1.0,
      "Segments": [
        0,
        0,
        2,
        0.083,
        0,
        2,
        0.75,
        0,
        0,
        1.667,
        -4.5,
        2,
        4.5,
        -4.5
      ]
    },
    {
      "Target": "Parameter",
      "Id": "ParamRenwuX6",
      "FadeInTime": -1.0,
      "FadeOutTime": -1.0,
      "Segments": [
        0,
        0,
        2,
        0.083,
        0,
        1,
        0.305,
        0,
        0.528,
        0.203,
        0.75,
        0.744,
        1,
        1.056,
        1.487,
        1.361,
        1.937,
        1.667,
        1.937,
        0,
        2.75,
        -1.717,
        0,
        3.65,
        1.472,
        0,
        4.5,
        0.603
      ]
    },
    {
      "Target": "Parameter",
      "Id": "ParamRenwuX7",
      "FadeInTime": -1.0,
      "FadeOutTime": -1.0,
      "Segments": [
        0,
        0,
        2,
        0.083,
        0,
        0,
        0.75,
        -9.13,
        0,
        1.667,
        1.565,
        0,
        2.767,
        -1.643,
        0,
        4.25,
        0.96,
        2,
        4.5,
        0.96
      ]
    },
    {
      "Target": "Parameter",
      "Id": "ParamRenwuX",
      "FadeInTime": -1.0,
      "FadeOutTime": -1.0,
      "Segments": [
        0,
        0,
        2,
        0.083,
        0,
        0,
        0.75,
        0.06,
        0,
        1.333,
        -2.7,
        1,
        1.583,
        -2.7,
        1.833,
        -2.525,
        2.083,
        -2.37,
        1,
        2.5,
        -2.111,
        2.916,
        -2.04,
        3.333,
        -2.04,
        2,
        4.25,
        -2.04,
        2,
        4.5,
        -2.04
      ]
    },
    {
      "Target": "Parameter",
      "Id": "ParamRenwuY",
      "FadeInTime": -1.0,
      "FadeOutTime": -1.0,
      "Segments": [
        0,
        0,
        2,
        0.083,
        0,
        0,
        0.75,
        -0.12,
        1,
        0.833,
        -0.12,
        0.917,
        -0.14,
        1,
        -0.016,
        1,
        1.111,
        0.15,
        1.222,
        0.6,
        1.333,
        0.6,
        1,
        1.583,
        0.6,
        1.833,
        0.584,
        2.083,
        0.57,
        1,
        2.5,
        0.546,
        2.916,
        0.54,
        3.333,
        0.54,
        2,
        4.25,
        0.54,
        2,
        4.5,
        0.54
      ]
    },
    {
      "Target": "Parameter",
      "Id": "ParamRenwuZ",
      "FadeInTime": -1.0,
      "FadeOutTime": -1.0,
      "Segments": [
        0,
        0,
        2,
        0.083,
        0,
        0,
        0.75,
        0.48,
        1,
        0.944,
        0.48,
        1.139,
        -1.397,
        1.333,
        -4.2,
        1,
        1.583,
        -7.804,
        1.833,
        -9.211,
        2.083,
        -9.211,
        0,
        3.333,
        -8.34,
        2,
        4.25,
        -8.34,
        2,
        4.5,
        -8.34
      ]
    },
    {
      "Target": "Parameter",
      "Id": "ParamEyeLOpen",
      "FadeInTime": -1.0,
      "FadeOutTime": -1.0,
      "Segments": [
        0,
        1,
        2,
        0.35,
        1,
        0,
        0.65,
        0,
        2,
        1.233,
        0,
        0,
        1.533,
        1,
        2,
        1.867,
        1,
        0,
        2.3,
        0,
        2,
        3.05,
        0,
        0,
        3.367,
        1,
        2,
        4.25,
        1,
        2,
        4.5,
        1
      ]
    },
    {
      "Target": "Parameter",
      "Id": "ParamEyeROpen",
      "FadeInTime": -1.0,
      "FadeOutTime": -1.0,
      "Segments": [
        0,
        1,
        2,
        0.35,
        1,
        0,
        0.65,
        0,
        2,
        1.233,
        0,
        0,
        1.533,
        1,
        2,
        1.867,
        1,
        0,
        2.3,
        0,
        2,
        3.05,
        0,
        0,
        3.367,
        1,
        2,
        4.25,
        1,
        2,
        4.5,
        1
      ]
    },
    {
      "Target": "Parameter",
      "Id": "ParamEyeBallX",
      "FadeInTime": -1.0,
      "FadeOutTime": -1.0,
      "Segments": [
        0,
        0,
        2,
        1.383,
        0,
        0,
        1.817,
        -0.8,
        2,
        3.167,
        -0.8,
        0,
        3.417,
        0,
        2,
        4.5,
        0
      ]
    },
    {
      "Target": "Parameter",
      "Id": "ParamEyeBallY",
      "FadeInTime": -1.0,
      "FadeOutTime": -1.0,
      "Segments": [
        0,
        0,
        2,
        1.383,
        0,
        0,
        1.817,
        -0.7,
        1,
        2.267,
        -0.7,
        2.717,
        -0.656,
        3.167,
        -0.5,
        1,
        3.25,
        -0.471,
        3.334,
        0,
        3.417,
        0,
        2,
        4.5,
        0
      ]
    },
    {
      "Target": "Parameter",
      "Id": "ParamAngleX",
      "FadeInTime": -1.0,
      "FadeOutTime": -1.0,
      "Segments": [
        0,
        0,
        2,
        0.083,
        0,
        2,
        0.583,
        0,
        0,
        1.25,
        -25,
        2,
        2,
        -25,
        0,
        3.417,
        15,
        2,
        4.25,
        15,
        2,
        4.5,
        15
      ]
    },
    {
      "Target": "Parameter",
      "Id": "ParamAngleY",
      "FadeInTime": -1.0,
      "FadeOutTime": -1.0,
      "Segments": [
        0,
        -1.953,
        2,
        0.283,
        -1.953,
        2,
        0.783,
        -1.953,
        0,
        1.45,
        -12,
        2,
        2.2,
        -12,
        0,
        3.617,
        -26,
        2,
        4.5,
        -26
      ]
    },
    {
      "Target": "Parameter",
      "Id": "ParamAngleZ",
      "FadeInTime": -1.0,
      "FadeOutTime": -1.0,
      "Segments": [
        0,
        -0.22,
        0,
        1.3,
        -10.795,
        0,
        1.783,
        30,
        0,
        2.4,
        -9.152,
        0,
        3.817,
        0,
        0,
        4.5,
        -1.85
      ]
    },
    {
      "Target": "Parameter",
      "Id": "ParamAngleZ2",
      "FadeInTime": -1.0,
      "FadeOutTime": -1.0,
      "Segments": [
        0,
        -0.05,
        0,
        0.833,
        -8.448,
        0,
        1.5,
        48.814,
        0,
        2.25,
        5.867,
        0,
        3.667,
        29,
        0,
        4.5,
        23.98
      ]
    },
    {
      "Target": "Parameter",
      "Id": "ParamBodyAngleX",
      "FadeInTime": -1.0,
      "FadeOutTime": -1.0,
      "Segments": [
        0,
        0,
        2,
        0.083,
        0,
        0,
        0.583,
        -10,
        0,
        1.25,
        10,
        0,
        2,
        -10,
        0,
        3.417,
        0,
        0,
        4.5,
        -1.46
      ]
    },
    {
      "Target": "Parameter",
      "Id": "ParamBodyAngleZ",
      "FadeInTime": -1.0,
      "FadeOutTime": -1.0,
      "Segments": [
        0,
        -0.03,
        0,
        0.817,
        -8.11,
        0,
        1.767,
        10,
        0,
        2.633,
        -3.859,
        0,
        3.783,
        8.136,
        0,
        4.5,
        4.55
      ]
    },
    {
      "Target": "Parameter",
      "Id": "ParamBodyAngleZ2",
      "FadeInTime": -1.0,
      "FadeOutTime": -1.0,
      "Segments": [
        0,
        0,
        2,
        0.083,
        0,
        0,
        1.133,
        10,
        0,
        2,
        -7.223,
        0,
        3.417,
        8.46,
        0,
        4.5,
        6.86
      ]
    },
    {
      "Target": "Parameter",
      "Id": "ParamBodyAngleUD",
      "FadeInTime": -1.0,
      "FadeOutTime": -1.0,
      "Segments": [
        0,
        0,
        2,
        0.083,
        0,
        1,
        0.25,
        0,
        0.416,
        -1.044,
        0.583,
        -5.632,
        1,
        0.705,
        -8.997,
        0.828,
        -12.981,
        0.95,
        -12.981,
        0,
        1.617,
        12.907,
        0,
        2.333,
        -27.849,
        0,
        3.617,
        5.241,
        0,
        4.5,
        4.29
      ]
    },
    {
      "Target": "Parameter",
      "Id": "ParamJianbangL",
      "FadeInTime": -1.0,
      "FadeOutTime": -1.0,
      "Segments": [
        0,
        1.04,
        2,
        0.083,
        1.04,
        0,
        0.867,
        -30,
        0,
        1.5,
        0,
        0,
        2.15,
        -25,
        1,
        2.622,
        -25,
        3.095,
        -2.4,
        3.567,
        0,
        1,
        3.878,
        1.581,
        4.189,
        1.04,
        4.5,
        1.04
      ]
    },
    {
      "Target": "Parameter",
      "Id": "Param42",
      "FadeInTime": -1.0,
      "FadeOutTime": -1.0,
      "Segments": [
        0,
        -0.504,
        2,
        0.083,
        -0.504,
        0,
        0.75,
        0.056,
        0,
        1.333,
        -0.334,
        0,
        2.083,
        1.408,
        0,
        3.5,
        -1.004,
        0,
        4.5,
        -0.859
      ]
    },
    {
      "Target": "Parameter",
      "Id": "Param43",
      "FadeInTime": -1.0,
      "FadeOutTime": -1.0,
      "Segments": [
        0,
        -0.083,
        2,
        0.167,
        -0.083,
        1,
        0.389,
        -0.083,
        0.611,
        -0.046,
        0.833,
        0.217,
        1,
        0.922,
        0.322,
        1.011,
        0.967,
        1.1,
        0.967,
        0,
        1.417,
        0.044,
        1,
        1.545,
        0.044,
        1.672,
        0.016,
        1.8,
        0.2,
        1,
        1.922,
        0.375,
        2.045,
        1.597,
        2.167,
        1.597,
        1,
        2.639,
        1.597,
        3.111,
        0.99,
        3.583,
        0.677,
        1,
        3.889,
        0.474,
        4.194,
        0.504,
        4.5,
        0.504
      ]
    },
    {
      "Target": "Parameter",
      "Id": "Param44",
      "FadeInTime": -1.0,
      "FadeOutTime": -1.0,
      "Segments": [
        0,
        -5.399,
        0,
        0.25,
        -6.867,
        0,
        0.917,
        -0.504,
        0,
        1.5,
        -5.499,
        1,
        1.75,
        -5.499,
        2,
        0.222,
        2.25,
        1.059,
        1,
        2.722,
        2.639,
        3.195,
        2.721,
        3.667,
        2.721,
        2,
        4.5,
        2.721
      ]
    },
    {
      "Target": "Parameter",
      "Id": "ParamA1zuoshoudonghua",
      "FadeInTime": -1.0,
      "FadeOutTime": -1.0,
      "Segments": [
        0,
        -6.88,
        2,
        0.25,
        -6.88,
        1,
        0.472,
        -6.88,
        0.695,
        -5.616,
        0.917,
        0,
        1,
        1.111,
        4.914,
        1.306,
        10,
        1.5,
        10,
        0,
        2.25,
        -5.104,
        0,
        3.667,
        10,
        2,
        4.5,
        10
      ]
    },
    {
      "Target": "Parameter",
      "Id": "ParamA1zuoshouxingbian",
      "FadeInTime": -1.0,
      "FadeOutTime": -1.0,
      "Segments": [
        0,
        -1.88,
        2,
        0.25,
        -1.88,
        1,
        0.472,
        -1.88,
        0.695,
        0.813,
        0.917,
        5,
        1,
        1.111,
        8.664,
        1.306,
        10,
        1.5,
        10,
        0,
        2.25,
        -9.996,
        0,
        3.667,
        10,
        2,
        4.5,
        10
      ]
    },
    {
      "Target": "Parameter",
      "Id": "Param66",
      "FadeInTime": -1.0,
      "FadeOutTime": -1.0,
      "Segments": [
        0,
        0,
        2,
        2.05,
        0,
        0,
        2.083,
        -5.3,
        2,
        4.5,
        -5.3
      ]
    },
    {
      "Target": "Parameter",
      "Id": "Param67",
      "FadeInTime": -1.0,
      "FadeOutTime": -1.0,
      "Segments": [
        0,
        0,
        2,
        2.05,
        0,
        0,
        2.083,
        -4.5,
        2,
        4.5,
        -4.5
      ]
    },
    {
      "Target": "Parameter",
      "Id": "Param101",
      "FadeInTime": -1.0,
      "FadeOutTime": -1.0,
      "Segments": [
        0,
        10,
        2,
        1.65,
        10,
        0,
        2.017,
        0,
        2,
        4.5,
        0
      ]
    },
    {
      "Target": "Parameter",
      "Id": "Param102",
      "FadeInTime": -1.0,
      "FadeOutTime": -1.0,
      "Segments": [
        0,
        10,
        2,
        1.65,
        10,
        0,
        2.017,
        0,
        2,
        4.5,
        0
      ]
    },
    {
      "Target": "Parameter",
      "Id": "ParamShangBiR",
      "FadeInTime": -1.0,
      "FadeOutTime": -1.0,
      "Segments": [
        0,
        0,
        2,
        0.017,
        0,
        2,
        0.083,
        0,
        0,
        0.75,
        2.209,
        0,
        1.333,
        -1.613,
        0,
        2.083,
        4.303,
        1,
        2.555,
        4.303,
        3.028,
        -1.771,
        3.5,
        -2.42,
        1,
        3.833,
        -2.878,
        4.167,
        -2.731,
        4.5,
        -2.731
      ]
    },
    {
      "Target": "Parameter",
      "Id": "ParamXiaBiR",
      "FadeInTime": -1.0,
      "FadeOutTime": -1.0,
      "Segments": [
        0,
        1,
        2,
        0.017,
        1,
        2,
        0.167,
        1,
        1,
        0.389,
        1,
        0.611,
        1.035,
        0.833,
        0.756,
        1,
        1.028,
        0.512,
        1.222,
        -1.28,
        1.417,
        -1.28,
        0,
        2.167,
        0.7,
        0,
        3.583,
        0.22,
        2,
        4.5,
        0.22
      ]
    },
    {
      "Target": "Parameter",
      "Id": "ParamSouR",
      "FadeInTime": -1.0,
      "FadeOutTime": -1.0,
      "Segments": [
        0,
        0,
        2,
        0.017,
        0,
        2,
        0.25,
        0,
        0,
        0.917,
        0.72,
        0,
        1.5,
        -2.38,
        0,
        2.25,
        -0.14,
        2,
        4.5,
        -0.14
      ]
    },
    {
      "Target": "Parameter",
      "Id": "ParamA1zuoshoudonghua2",
      "FadeInTime": -1.0,
      "FadeOutTime": -1.0,
      "Segments": [
        0,
        0,
        2,
        0.017,
        0,
        2,
        0.083,
        0,
        2,
        0.75,
        0,
        0,
        1.333,
        -7,
        0,
        1.783,
        10,
        0,
        2.3,
        -7,
        0,
        3.5,
        10,
        2,
        4.5,
        10
      ]
    },
    {
      "Target": "Parameter",
      "Id": "ParamA1zuoshouxingbian2",
      "FadeInTime": -1.0,
      "FadeOutTime": -1.0,
      "Segments": [
        0,
        0,
        2,
        0.017,
        0,
        2,
        0.083,
        0,
        2,
        0.75,
        0,
        0,
        1.333,
        -4,
        0,
        1.783,
        10,
        0,
        2.3,
        -4,
        0,
        3.5,
        10,
        2,
        4.5,
        10
      ]
    },
    {
      "Target": "Parameter",
      "Id": "Param53",
      "FadeInTime": -1.0,
      "FadeOutTime": -1.0,
      "Segments": [
        0,
        1,
        2,
        0.017,
        1,
        2,
        0.083,
        1,
        0,
        0.75,
        0,
        2,
        1.333,
        0,
        2,
        2.083,
        0,
        2,
        4.5,
        0
      ]
    },
    {
      "Target": "Parameter",
      "Id": "Param60",
      "FadeInTime": -1.0,
      "FadeOutTime": -1.0,
      "Segments": [
        0,
        0,
        2,
        0.017,
        0,
        2,
        0.083,
        0,
        0,
        0.75,
        1,
        2,
        1.333,
        1,
        2,
        2.083,
        1,
        2,
        4.5,
        1
      ]
    },
    {
      "Target": "Parameter",
      "Id": "ParamDaTuiL",
      "FadeInTime": -1.0,
      "FadeOutTime": -1.0,
      "Segments": [
        0,
        -1.034,
        0,
        0.75,
        0.411,
        1,
        0.928,
        0.411,
        1.105,
        -0.896,
        1.283,
        -1.369,
        1,
        1.55,
        -2.079,
        1.816,
        -2.129,
        2.083,
        -2.129,
        0,
        3.417,
        -0.979,
        0,
        4.5,
        -1.545
      ]
    },
    {
      "Target": "Parameter",
      "Id": "ParamXiaoTuiL",
      "FadeInTime": -1.0,
      "FadeOutTime": -1.0,
      "Segments": [
        0,
        -0.105,
        0,
        0.3,
        -0.56,
        0,
        1.05,
        5.671,
        0,
        2.25,
        -4.745,
        0,
        3.583,
        0.381,
        0,
        4.5,
        -1.68
      ]
    },
    {
      "Target": "Parameter",
      "Id": "ParamJiaoL",
      "FadeInTime": -1.0,
      "FadeOutTime": -1.0,
      "Segments": [
        0,
        -0.724,
        0,
        0.483,
        -2.973,
        0,
        1.283,
        3.181,
        0,
        2.417,
        -3.364,
        0,
        3.15,
        0.756,
        0,
        3.75,
        -0.724,
        0,
        4.5,
        1.47
      ]
    },
    {
      "Target": "Parameter",
      "Id": "Param22",
      "FadeInTime": -1.0,
      "FadeOutTime": -1.0,
      "Segments": [
        0,
        0.147,
        2,
        0.75,
        0.147,
        0,
        2.083,
        10,
        0,
        3.417,
        7.692,
        0,
        4.5,
        9.674
      ]
    },
    {
      "Target": "Parameter",
      "Id": "ParamDaTuiR",
      "FadeInTime": -1.0,
      "FadeOutTime": -1.0,
      "Segments": [
        0,
        2.939,
        2,
        0.15,
        2.939,
        0,
        0.9,
        6.138,
        0,
        2.233,
        4.325,
        0,
        3.567,
        5.203,
        0,
        4.5,
        3.714
      ]
    },
    {
      "Target": "Parameter",
      "Id": "ParamXiaoTuiR",
      "FadeInTime": -1.0,
      "FadeOutTime": -1.0,
      "Segments": [
        0,
        -0.309,
        2,
        0.15,
        -0.309,
        1,
        0.383,
        -0.309,
        0.617,
        -0.204,
        0.85,
        0.359,
        1,
        0.967,
        0.64,
        1.083,
        1.254,
        1.2,
        1.254,
        0,
        2.4,
        -5.653,
        0,
        3.733,
        -0.631,
        0,
        4.5,
        -2.13
      ]
    },
    {
      "Target": "Parameter",
      "Id": "ParamJiaoR",
      "FadeInTime": -1.0,
      "FadeOutTime": -1.0,
      "Segments": [
        0,
        -0.184,
        2,
        0.15,
        -0.184,
        0,
        0.6,
        -3.429,
        0,
        1.167,
        4.732,
        1,
        1.272,
        4.732,
        1.378,
        4.154,
        1.483,
        3.233,
        1,
        1.844,
        0.085,
        2.206,
        -1.382,
        2.567,
        -1.382,
        0,
        3.35,
        0.913,
        0,
        3.9,
        -0.184,
        0,
        4.5,
        0.65
      ]
    },
    {
      "Target": "Parameter",
      "Id": "Param25",
      "FadeInTime": -1.0,
      "FadeOutTime": -1.0,
      "Segments": [
        0,
        0,
        2,
        0.75,
        0,
        0,
        2.083,
        10,
        2,
        3.417,
        10,
        2,
        4.5,
        10
      ]
    },
    {
      "Target": "Parameter",
      "Id": "Param77",
      "FadeInTime": -1.0,
      "FadeOutTime": -1.0,
      "Segments": [
        0,
        10,
        2,
        0.083,
        10,
        2,
        0.75,
        10,
        0,
        0.933,
        0,
        2,
        4.333,
        0,
        2,
        4.5,
        0
      ]
    },
    {
      "Target": "Parameter",
      "Id": "Param76",
      "FadeInTime": -1.0,
      "FadeOutTime": -1.0,
      "Segments": [
        0,
        0,
        2,
        0.083,
        0,
        0,
        0.75,
        -2.24,
        2,
        4.333,
        -2.24,
        0,
        4.5,
        -10
      ]
    },
    {
      "Target": "Parameter",
      "Id": "Param74",
      "FadeInTime": -1.0,
      "FadeOutTime": -1.0,
      "Segments": [
        0,
        0,
        2,
        0.083,
        0,
        1,
        0.305,
        0,
        0.528,
        -0.682,
        0.75,
        -3.98,
        1,
        0.944,
        -6.866,
        1.139,
        -10,
        1.333,
        -10,
        2,
        4.333,
        -10,
        0,
        4.5,
        -1
      ]
    },
    {
      "Target": "Parameter",
      "Id": "Param93",
      "FadeInTime": -1.0,
      "FadeOutTime": -1.0,
      "Segments": [
        0,
        0,
        2,
        0.917,
        0,
        0,
        1.1,
        10,
        2,
        4.333,
        10,
        2,
        4.5,
        10
      ]
    },
    {
      "Target": "Parameter",
      "Id": "ParamOPRX1",
      "FadeInTime": -1.0,
      "FadeOutTime": -1.0,
      "Segments": [
        0,
        0,
        0,
        0.167,
        -3.447,
        0,
        0.5,
        2.931,
        0,
        0.533,
        2.887,
        0,
        0.7,
        16.057,
        0,
        0.983,
        -26.62,
        0,
        1.333,
        10.244,
        0,
        1.45,
        9.211,
        0,
        1.6,
        10.841,
        0,
        2.133,
        -15.512,
        0,
        2.517,
        11.391,
        0,
        2.783,
        -6.202,
        0,
        3.05,
        2.505,
        0,
        3.3,
        -1.154,
        0,
        3.6,
        10.497,
        0,
        4.1,
        -8.302,
        0,
        4.467,
        7.054,
        1,
        4.478,
        7.054,
        4.489,
        6.891,
        4.5,
        6.605
      ]
    },
    {
      "Target": "Parameter",
      "Id": "ParamOPRY1",
      "FadeInTime": -1.0,
      "FadeOutTime": -1.0,
      "Segments": [
        0,
        0,
        0,
        0.167,
        -3.447,
        0,
        0.5,
        2.931,
        0,
        0.533,
        2.887,
        0,
        0.7,
        16.057,
        0,
        0.983,
        -26.62,
        0,
        1.333,
        10.244,
        0,
        1.45,
        9.211,
        0,
        1.6,
        10.841,
        0,
        2.133,
        -15.512,
        0,
        2.517,
        11.391,
        0,
        2.783,
        -6.202,
        0,
        3.05,
        2.505,
        0,
        3.3,
        -1.154,
        0,
        3.6,
        10.497,
        0,
        4.1,
        -8.302,
        0,
        4.467,
        7.054,
        1,
        4.478,
        7.054,
        4.489,
        6.891,
        4.5,
        6.605
      ]
    },
    {
      "Target": "Parameter",
      "Id": "ParamOPRY2",
      "FadeInTime": -1.0,
      "FadeOutTime": -1.0,
      "Segments": [
        0,
        -0.469,
        0,
        0.017,
        -0.5,
        0,
        0.117,
        1.54,
        0,
        0.35,
        -5.222,
        0,
        0.55,
        0.91,
        0,
        0.667,
        -4.184,
        0,
        0.883,
        27.523,
        0,
        1.133,
        -30,
        2,
        1.167,
        -30,
        0,
        1.45,
        9.14,
        0,
        1.633,
        3.929,
        0,
        1.883,
        12.692,
        0,
        2.333,
        -17.396,
        0,
        2.683,
        15.534,
        0,
        2.95,
        -11.482,
        0,
        3.233,
        5.574,
        0,
        3.5,
        -7.166,
        0,
        3.783,
        14.37,
        0,
        4.3,
        -9.341,
        1,
        4.367,
        -9.341,
        4.433,
        -2.437,
        4.5,
        3.086
      ]
    },
    {
      "Target": "Parameter",
      "Id": "ParamOPLX1",
      "FadeInTime": -1.0,
      "FadeOutTime": -1.0,
      "Segments": [
        0,
        0.939,
        0,
        0.083,
        0.362,
        0,
        0.233,
        1.901,
        0,
        0.5,
        -4.194,
        0,
        0.617,
        -2.212,
        0,
        0.767,
        -6.537,
        0,
        0.967,
        22.377,
        0,
        1.25,
        -26.468,
        0,
        1.533,
        10.27,
        0,
        1.783,
        -5.769,
        0,
        2.067,
        9.521,
        0,
        2.433,
        -11.082,
        0,
        2.783,
        14.611,
        0,
        3.067,
        -12.396,
        0,
        3.35,
        8.145,
        0,
        3.617,
        -10.816,
        0,
        3.917,
        10.986,
        0,
        4.45,
        -4.952,
        1,
        4.467,
        -4.952,
        4.483,
        -4.574,
        4.5,
        -3.945
      ]
    },
    {
      "Target": "Parameter",
      "Id": "ParamTuiRou1",
      "FadeInTime": -1.0,
      "FadeOutTime": -1.0,
      "Segments": [
        0,
        0,
        0,
        0.167,
        -3.178,
        0,
        0.467,
        2.343,
        0,
        0.55,
        2.047,
        0,
        0.733,
        10.485,
        0,
        1.067,
        -20.955,
        0,
        1.483,
        16.468,
        0,
        2.083,
        -8.831,
        0,
        2.35,
        0.444,
        0,
        2.6,
        -4.096,
        0,
        2.95,
        -0.854,
        0,
        3.033,
        -0.919,
        0,
        3.583,
        9.433,
        0,
        4.1,
        -8.496,
        0,
        4.467,
        7.17,
        1,
        4.478,
        7.17,
        4.489,
        7.004,
        4.5,
        6.714
      ]
    },
    {
      "Target": "Parameter",
      "Id": "ParamTuiRou2",
      "FadeInTime": -1.0,
      "FadeOutTime": -1.0,
      "Segments": [
        0,
        -0.469,
        0,
        0.017,
        -0.506,
        0,
        0.117,
        1.414,
        0,
        0.35,
        -4.772,
        0,
        0.567,
        1.634,
        0,
        0.683,
        -2.162,
        0,
        0.933,
        17.97,
        0,
        1.25,
        -25.85,
        0,
        1.633,
        16.007,
        0,
        1.917,
        4.243,
        0,
        2.033,
        5.964,
        0,
        2.267,
        -9.282,
        0,
        2.517,
        3.143,
        0,
        2.8,
        -6.268,
        0,
        3.083,
        -0.819,
        0,
        3.283,
        -2.372,
        0,
        3.383,
        -1.887,
        0,
        3.483,
        -2.923,
        0,
        3.783,
        11.866,
        0,
        4.3,
        -9.923,
        1,
        4.367,
        -9.923,
        4.433,
        -2.699,
        4.5,
        3.08
      ]
    },
    {
      "Target": "Parameter",
      "Id": "ParamTuiRou3",
      "FadeInTime": -1.0,
      "FadeOutTime": -1.0,
      "Segments": [
        0,
        0.939,
        0,
        0.1,
        0.334,
        0,
        0.233,
        1.704,
        0,
        0.483,
        -3.714,
        0,
        0.65,
        -0.574,
        0,
        0.817,
        -4.265,
        0,
        1.05,
        15.959,
        0,
        1.35,
        -20.672,
        0,
        1.7,
        10.621,
        0,
        1.967,
        -3.565,
        0,
        2.183,
        4.973,
        0,
        2.4,
        -6.141,
        0,
        2.65,
        6.625,
        0,
        2.917,
        -4.258,
        0,
        3.183,
        2.362,
        0,
        3.6,
        -4.895,
        0,
        3.917,
        7.137,
        0,
        4.45,
        -6.075,
        1,
        4.467,
        -6.075,
        4.483,
        -5.651,
        4.5,
        -4.943
      ]
    },
    {
      "Target": "Parameter",
      "Id": "Param29",
      "FadeInTime": -1.0,
      "FadeOutTime": -1.0,
      "Segments": [
        0,
        0,
        0,
        0.233,
        -2.06,
        0,
        0.683,
        3.788,
        0,
        0.983,
        -4.52,
        0,
        1.283,
        1.152,
        0,
        1.433,
        0.675,
        0,
        1.65,
        3.378,
        0,
        2.15,
        -4.6,
        0,
        2.517,
        4.087,
        0,
        2.783,
        -1.931,
        0,
        3.05,
        0.929,
        0,
        3.317,
        -0.449,
        0,
        3.6,
        3.456,
        0,
        4.1,
        -2.798,
        0,
        4.467,
        2.369,
        1,
        4.478,
        2.369,
        4.489,
        2.315,
        4.5,
        2.219
      ]
    },
    {
      "Target": "Parameter",
      "Id": "Param30",
      "FadeInTime": -1.0,
      "FadeOutTime": -1.0,
      "Segments": [
        0,
        0,
        0,
        0.133,
        0.943,
        0,
        0.417,
        -3.015,
        0,
        0.883,
        6.106,
        0,
        1.15,
        -6.072,
        0,
        1.433,
        1.875,
        0,
        1.6,
        -0.881,
        0,
        1.867,
        4.498,
        0,
        2.35,
        -5.45,
        0,
        2.683,
        5.53,
        0,
        2.95,
        -3.649,
        0,
        3.233,
        2.057,
        0,
        3.517,
        -2.427,
        0,
        3.8,
        4.808,
        0,
        4.3,
        -3.147,
        1,
        4.367,
        -3.147,
        4.433,
        -0.83,
        4.5,
        1.024
      ]
    },
    {
      "Target": "Parameter",
      "Id": "ParamQianFa1_1",
      "FadeInTime": -1.0,
      "FadeOutTime": -1.0,
      "Segments": [
        0,
        0.24,
        0,
        0.2,
        -6.09,
        0,
        0.7,
        19.989,
        0,
        0.983,
        -28.567,
        0,
        1.267,
        11.431,
        0,
        1.467,
        3.478,
        0,
        1.65,
        7.227,
        0,
        2.117,
        -13.255,
        0,
        2.5,
        14.112,
        0,
        2.767,
        -9.009,
        0,
        3.033,
        5.397,
        0,
        3.283,
        -2.926,
        0,
        3.583,
        10.862,
        0,
        3.933,
        -7.652,
        0,
        4.45,
        7.942,
        1,
        4.467,
        7.942,
        4.483,
        7.491,
        4.5,
        6.758
      ]
    },
    {
      "Target": "Parameter",
      "Id": "ParamQianFa1_2",
      "FadeInTime": -1.0,
      "FadeOutTime": -1.0,
      "Segments": [
        0,
        0.922,
        0,
        0.133,
        3.922,
        0,
        0.4,
        -11.208,
        0,
        0.567,
        -3.755,
        0,
        0.617,
        -4.091,
        0,
        0.85,
        30,
        2,
        0.9,
        30,
        0,
        1.133,
        -30,
        2,
        1.167,
        -30,
        0,
        1.433,
        10.427,
        0,
        1.633,
        -1.943,
        0,
        1.883,
        14.898,
        0,
        2.333,
        -18.935,
        0,
        2.667,
        17.286,
        0,
        2.933,
        -15.448,
        0,
        3.2,
        9.023,
        0,
        3.483,
        -9.95,
        0,
        3.767,
        18.423,
        0,
        4.317,
        -8.354,
        1,
        4.378,
        -8.354,
        4.439,
        -2.096,
        4.5,
        3.173
      ]
    },
    {
      "Target": "Parameter",
      "Id": "ParamQianFa1_3",
      "FadeInTime": -1.0,
      "FadeOutTime": -1.0,
      "Segments": [
        0,
        -2.566,
        0,
        0.233,
        5.71,
        0,
        0.533,
        -9.257,
        0,
        0.95,
        25.105,
        0,
        1.233,
        -29.484,
        0,
        1.533,
        16.37,
        0,
        1.767,
        -10.028,
        0,
        2.017,
        12.344,
        0,
        2.417,
        -11.569,
        0,
        2.767,
        17.63,
        0,
        3.05,
        -17.401,
        0,
        3.317,
        13.188,
        0,
        3.6,
        -14.347,
        0,
        3.883,
        15.809,
        0,
        4.167,
        -7.266,
        0,
        4.383,
        -2.197,
        0,
        4.5,
        -2.968
      ]
    },
    {
      "Target": "Parameter",
      "Id": "ParamQianFa1_4",
      "FadeInTime": -1.0,
      "FadeOutTime": -1.0,
      "Segments": [
        0,
        -4.841,
        0,
        0.05,
        -5.962,
        0,
        0.333,
        7.812,
        0,
        0.617,
        -12.011,
        0,
        1.017,
        24.912,
        0,
        1.283,
        -30,
        2,
        1.367,
        -30,
        0,
        1.617,
        23.755,
        0,
        1.883,
        -15.729,
        0,
        2.133,
        17.041,
        0,
        2.45,
        -16.309,
        0,
        2.85,
        20.74,
        0,
        3.15,
        -22.95,
        0,
        3.433,
        19.343,
        0,
        3.683,
        -19.855,
        0,
        3.967,
        22.006,
        0,
        4.267,
        -13.485,
        1,
        4.345,
        -13.484,
        4.422,
        -2.722,
        4.5,
        -0.031
      ]
    },
    {
      "Target": "Parameter",
      "Id": "ParamQianFa2_1",
      "FadeInTime": -1.0,
      "FadeOutTime": -1.0,
      "Segments": [
        0,
        0.428,
        0,
        0.233,
        -6.595,
        0,
        0.7,
        23.385,
        0,
        0.967,
        -30,
        2,
        1.033,
        -30,
        0,
        1.333,
        14.944,
        0,
        2.15,
        -16.865,
        0,
        2.517,
        18.24,
        0,
        2.8,
        -11.483,
        0,
        3.083,
        7.02,
        0,
        3.367,
        -3.695,
        0,
        3.617,
        12.44,
        0,
        4,
        -11.887,
        0,
        4.45,
        9.511,
        1,
        4.467,
        9.511,
        4.483,
        9.032,
        4.5,
        8.242
      ]
    },
    {
      "Target": "Parameter",
      "Id": "ParamQianFa2_2",
      "FadeInTime": -1.0,
      "FadeOutTime": -1.0,
      "Segments": [
        0,
        -0.97,
        0,
        0.167,
        3.95,
        0,
        0.45,
        -11.758,
        0,
        0.85,
        30,
        2,
        0.917,
        30,
        0,
        1.167,
        -30,
        2,
        1.183,
        -30,
        0,
        1.517,
        9.8,
        0,
        1.717,
        4.07,
        0,
        1.967,
        11.066,
        0,
        2.367,
        -22.902,
        0,
        2.7,
        19.81,
        0,
        2.983,
        -16.912,
        0,
        3.283,
        10.035,
        0,
        3.533,
        -11.083,
        0,
        3.817,
        19.946,
        0,
        4.233,
        -12.336,
        1,
        4.322,
        -12.336,
        4.411,
        -2.03,
        4.5,
        4.84
      ]
    },
    {
      "Target": "Parameter",
      "Id": "ParamQianFa2_3",
      "FadeInTime": -1.0,
      "FadeOutTime": -1.0,
      "Segments": [
        0,
        -2.907,
        0,
        0.017,
        -3.034,
        0,
        0.283,
        5.502,
        0,
        0.583,
        -9.676,
        0,
        0.95,
        26.192,
        0,
        1.25,
        -27.61,
        0,
        1.567,
        13.7,
        0,
        1.85,
        -5.576,
        0,
        2.117,
        9.786,
        0,
        2.45,
        -16.119,
        0,
        2.783,
        20.278,
        0,
        3.083,
        -18.7,
        0,
        3.383,
        13.99,
        0,
        3.65,
        -15.252,
        0,
        3.933,
        17.288,
        0,
        4.267,
        -10.677,
        1,
        4.345,
        -10.677,
        4.422,
        -5.674,
        4.5,
        -0.671
      ]
    },
    {
      "Target": "Parameter",
      "Id": "ParamQianFa2_4",
      "FadeInTime": -1.0,
      "FadeOutTime": -1.0,
      "Segments": [
        0,
        1.007,
        0,
        0.133,
        -5.225,
        0,
        0.383,
        7.025,
        0,
        0.667,
        -12.546,
        0,
        1.017,
        27.032,
        0,
        1.3,
        -30,
        2,
        1.367,
        -30,
        0,
        1.667,
        21.043,
        0,
        1.95,
        -10.817,
        0,
        2.217,
        13.772,
        0,
        2.517,
        -20.645,
        0,
        2.867,
        25.432,
        0,
        3.183,
        -25.387,
        0,
        3.483,
        20.516,
        0,
        3.75,
        -20.755,
        0,
        4.017,
        23.413,
        0,
        4.35,
        -17.348,
        1,
        4.4,
        -17.347,
        4.45,
        -13.953,
        4.5,
        -9.514
      ]
    },
    {
      "Target": "Parameter",
      "Id": "ParamQianFa3_1",
      "FadeInTime": -1.0,
      "FadeOutTime": -1.0,
      "Segments": [
        0,
        0.428,
        0,
        0.233,
        -6.595,
        0,
        0.7,
        23.385,
        0,
        0.967,
        -30,
        2,
        1.033,
        -30,
        0,
        1.333,
        14.944,
        0,
        2.15,
        -16.865,
        0,
        2.517,
        18.24,
        0,
        2.8,
        -11.483,
        0,
        3.083,
        7.02,
        0,
        3.367,
        -3.695,
        0,
        3.617,
        12.44,
        0,
        4,
        -11.887,
        0,
        4.45,
        9.511,
        1,
        4.467,
        9.511,
        4.483,
        9.032,
        4.5,
        8.242
      ]
    },
    {
      "Target": "Parameter",
      "Id": "ParamQianFa3_2",
      "FadeInTime": -1.0,
      "FadeOutTime": -1.0,
      "Segments": [
        0,
        -0.97,
        0,
        0.167,
        3.95,
        0,
        0.45,
        -11.758,
        0,
        0.85,
        30,
        2,
        0.917,
        30,
        0,
        1.167,
        -30,
        2,
        1.183,
        -30,
        0,
        1.517,
        9.8,
        0,
        1.717,
        4.07,
        0,
        1.967,
        11.066,
        0,
        2.367,
        -22.902,
        0,
        2.7,
        19.81,
        0,
        2.983,
        -16.912,
        0,
        3.283,
        10.035,
        0,
        3.533,
        -11.083,
        0,
        3.817,
        19.946,
        0,
        4.233,
        -12.336,
        1,
        4.322,
        -12.336,
        4.411,
        -2.03,
        4.5,
        4.84
      ]
    },
    {
      "Target": "Parameter",
      "Id": "ParamQianFa3_3",
      "FadeInTime": -1.0,
      "FadeOutTime": -1.0,
      "Segments": [
        0,
        -2.907,
        0,
        0.017,
        -3.034,
        0,
        0.283,
        5.502,
        0,
        0.583,
        -9.676,
        0,
        0.95,
        26.192,
        0,
        1.25,
        -27.61,
        0,
        1.567,
        13.7,
        0,
        1.85,
        -5.576,
        0,
        2.117,
        9.786,
        0,
        2.45,
        -16.119,
        0,
        2.783,
        20.278,
        0,
        3.083,
        -18.7,
        0,
        3.383,
        13.99,
        0,
        3.65,
        -15.252,
        0,
        3.933,
        17.288,
        0,
        4.267,
        -10.677,
        1,
        4.345,
        -10.677,
        4.422,
        -5.674,
        4.5,
        -0.671
      ]
    },
    {
      "Target": "Parameter",
      "Id": "ParamQianFa3_4",
      "FadeInTime": -1.0,
      "FadeOutTime": -1.0,
      "Segments": [
        0,
        1.007,
        0,
        0.133,
        -5.225,
        0,
        0.383,
        7.025,
        0,
        0.667,
        -12.546,
        0,
        1.017,
        27.032,
        0,
        1.3,
        -30,
        2,
        1.367,
        -30,
        0,
        1.667,
        21.043,
        0,
        1.95,
        -10.817,
        0,
        2.217,
        13.772,
        0,
        2.517,
        -20.645,
        0,
        2.867,
        25.432,
        0,
        3.183,
        -25.387,
        0,
        3.483,
        20.516,
        0,
        3.75,
        -20.755,
        0,
        4.017,
        23.413,
        0,
        4.35,
        -17.348,
        1,
        4.4,
        -17.347,
        4.45,
        -13.953,
        4.5,
        -9.514
      ]
    },
    {
      "Target": "Parameter",
      "Id": "Param19",
      "FadeInTime": -1.0,
      "FadeOutTime": -1.0,
      "Segments": [
        0,
        0,
        1,
        1.5,
        7.701,
        3,
        15.401,
        4.5,
        23.102
      ]
    },
    {
      "Target": "Parameter",
      "Id": "Param16",
      "FadeInTime": -1.0,
      "FadeOutTime": -1.0,
      "Segments": [
        0,
        0,
        0,
        2.567,
        9,
        1,
        3.211,
        9,
        3.856,
        4.024,
        4.5,
        1.472
      ]
    },
    {
      "Target": "Parameter",
      "Id": "Param14",
      "FadeInTime": -1.0,
      "FadeOutTime": -1.0,
      "Segments": [
        0,
        0,
        1,
        1.5,
        0.963,
        3,
        1.925,
        4.5,
        2.888
      ]
    },
    {
      "Target": "Parameter",
      "Id": "Param15",
      "FadeInTime": -1.0,
      "FadeOutTime": -1.0,
      "Segments": [
        0,
        0,
        2,
        1.233,
        0,
        0,
        1.3,
        10,
        0,
        1.383,
        8.228,
        0,
        1.45,
        10,
        0,
        1.55,
        7.31,
        1,
        1.578,
        7.31,
        1.605,
        9.944,
        1.633,
        9.948,
        1,
        1.916,
        9.986,
        2.2,
        10,
        2.483,
        10,
        0,
        2.567,
        6.706,
        0,
        2.633,
        10,
        0,
        2.717,
        8.215,
        0,
        2.8,
        9.995,
        1,
        3.161,
        9.999,
        3.522,
        10,
        3.883,
        10,
        0,
        3.967,
        6.706,
        0,
        4.033,
        10,
        0,
        4.117,
        8.215,
        0,
        4.2,
        9.995,
        1,
        4.3,
        9.996,
        4.4,
        9.997,
        4.5,
        9.998
      ]
    },
    {
      "Target": "Parameter",
      "Id": "Param18",
      "FadeInTime": -1.0,
      "FadeOutTime": -1.0,
      "Segments": [
        0,
        5,
        1,
        1.5,
        5.963,
        3,
        6.925,
        4.5,
        7.888
      ]
    },
    {
      "Target": "Parameter",
      "Id": "Param17",
      "FadeInTime": -1.0,
      "FadeOutTime": -1.0,
      "Segments": [
        0,
        0,
        2,
        0.85,
        0,
        0,
        0.917,
        10,
        0,
        1,
        8.228,
        0,
        1.067,
        10,
        0,
        1.167,
        7.31,
        1,
        1.195,
        7.31,
        1.222,
        9.943,
        1.25,
        9.948,
        1,
        1.472,
        9.987,
        1.695,
        10,
        1.917,
        10,
        0,
        2,
        6.706,
        0,
        2.067,
        10,
        0,
        2.15,
        8.215,
        0,
        2.233,
        9.995,
        1,
        2.516,
        9.999,
        2.8,
        10,
        3.083,
        10,
        0,
        3.167,
        6.706,
        0,
        3.233,
        10,
        0,
        3.317,
        8.215,
        0,
        3.4,
        9.995,
        1,
        3.717,
        9.999,
        4.033,
        10,
        4.35,
        10,
        0,
        4.433,
        6.706,
        0,
        4.5,
        10
      ]
    },
    {
      "Target": "Parameter",
      "Id": "Param6",
      "FadeInTime": -1.0,
      "FadeOutTime": -1.0,
      "Segments": [
        0,
        2.91,
        0,
        2.583,
        -2.913,
        1,
        3.222,
        -2.913,
        3.861,
        0.253,
        4.5,
        1.917
      ]
    },
    {
      "Target": "Parameter",
      "Id": "Param7",
      "FadeInTime": -1.0,
      "FadeOutTime": -1.0,
      "Segments": [
        0,
        2,
        0,
        0.85,
        4.016,
        0,
        3.45,
        -4.016,
        1,
        3.8,
        -4.016,
        4.15,
        -2.706,
        4.5,
        -1.144
      ]
    },
    {
      "Target": "Parameter",
      "Id": "Param8",
      "FadeInTime": -1.0,
      "FadeOutTime": -1.0,
      "Segments": [
        0,
        -2.32,
        0,
        1.717,
        4.987,
        0,
        4.317,
        -4.987,
        1,
        4.378,
        -4.987,
        4.439,
        -4.937,
        4.5,
        -4.845
      ]
    },
    {
      "Target": "Parameter",
      "Id": "Param9",
      "FadeInTime": -1.0,
      "FadeOutTime": -1.0,
      "Segments": [
        0,
        -7.74,
        0,
        2.583,
        7.743,
        1,
        3.222,
        7.743,
        3.861,
        -0.673,
        4.5,
        -5.096
      ]
    },
    {
      "Target": "Parameter",
      "Id": "Param12",
      "FadeInTime": -1.0,
      "FadeOutTime": -1.0,
      "Segments": [
        0,
        0,
        1,
        1.5,
        0.963,
        3,
        1.925,
        4.5,
        2.888
      ]
    },
    {
      "Target": "Parameter",
      "Id": "Param13",
      "FadeInTime": -1.0,
      "FadeOutTime": -1.0,
      "Segments": [
        0,
        5,
        1,
        1.5,
        5.963,
        3,
        6.925,
        4.5,
        7.888
      ]
    },
    {
      "Target": "Parameter",
      "Id": "MB_wutixialuoxunhuan",
      "FadeInTime": -1.0,
      "FadeOutTime": -1.0,
      "Segments": [
        0,
        0,
        1,
        1.5,
        0.289,
        3,
        0.577,
        4.5,
        0.866
      ]
    },
    {
      "Target": "Parameter",
      "Id": "MB_wutixialuojiaodu",
      "FadeInTime": -1.0,
      "FadeOutTime": -1.0,
      "Segments": [
        0,
        0,
        1,
        1.5,
        0.387,
        3,
        0.774,
        4.5,
        1.161
      ]
    },
    {
      "Target": "Parameter",
      "Id": "MB_Awutifanzhuan",
      "FadeInTime": -1.0,
      "FadeOutTime": -1.0,
      "Segments": [
        0,
        0,
        0,
        1.8,
        1,
        0,
        3.783,
        0,
        1,
        4.022,
        0,
        4.261,
        0.128,
        4.5,
        0.293
      ]
    },
    {
      "Target": "Parameter",
      "Id": "MB_Awutidaxiao",
      "FadeInTime": -1.0,
      "FadeOutTime": -1.0,
      "Segments": [
        0,
        0,
        0,
        3.783,
        0.1,
        1,
        4.022,
        0.1,
        4.261,
        0.097,
        4.5,
        0.091
      ]
    },
    {
      "Target": "Parameter",
      "Id": "MB_Awutijiaodu",
      "FadeInTime": -1.0,
      "FadeOutTime": -1.0,
      "Segments": [
        0,
        1,
        0,
        3.783,
        0.307,
        1,
        4.022,
        0.307,
        4.261,
        0.33,
        4.5,
        0.367
      ]
    },
    {
      "Target": "Parameter",
      "Id": "MB_Bwutifanzhuan",
      "FadeInTime": -1.0,
      "FadeOutTime": -1.0,
      "Segments": [
        0,
        1,
        0,
        3.783,
        -1,
        1,
        4.022,
        -1,
        4.261,
        -0.935,
        4.5,
        -0.828
      ]
    },
    {
      "Target": "Parameter",
      "Id": "MB_Bwutidaxiao",
      "FadeInTime": -1.0,
      "FadeOutTime": -1.0,
      "Segments": [
        0,
        0,
        0,
        3.783,
        0.1,
        1,
        4.022,
        0.1,
        4.261,
        0.097,
        4.5,
        0.091
      ]
    },
    {
      "Target": "Parameter",
      "Id": "MB_Bwutijiaodu",
      "FadeInTime": -1.0,
      "FadeOutTime": -1.0,
      "Segments": [
        0,
        0,
        0,
        1.833,
        1,
        1,
        2.483,
        1,
        3.133,
        0.658,
        3.783,
        0,
        1,
        4.022,
        -0.242,
        4.261,
        -0.439,
        4.5,
        -0.592
      ]
    },
    {
      "Target": "Parameter",
      "Id": "MB_Cwutifanzhuan",
      "FadeInTime": -1.0,
      "FadeOutTime": -1.0,
      "Segments": [
        0,
        0,
        0,
        1.833,
        1,
        1,
        2.483,
        1,
        3.133,
        0.658,
        3.783,
        0,
        1,
        4.022,
        -0.242,
        4.261,
        -0.439,
        4.5,
        -0.592
      ]
    },
    {
      "Target": "Parameter",
      "Id": "MB_Cwutidaxiao",
      "FadeInTime": -1.0,
      "FadeOutTime": -1.0,
      "Segments": [
        0,
        0,
        0,
        3.783,
        -0.1,
        1,
        4.022,
        -0.1,
        4.261,
        -0.097,
        4.5,
        -0.091
      ]
    },
    {
      "Target": "Parameter",
      "Id": "MB_Cwutijiaodu",
      "FadeInTime": -1.0,
      "FadeOutTime": -1.0,
      "Segments": [
        0,
        -1,
        0,
        3.783,
        -0.142,
        1,
        4.022,
        -0.142,
        4.261,
        -0.17,
        4.5,
        -0.216
      ]
    },
    {
      "Target": "Parameter",
      "Id": "Param_Angle_Rotation_1_ArtMesh186",
      "FadeInTime": -1.0,
      "FadeOutTime": -1.0,
      "Segments": [
        0,
        0.99,
        0,
        2.583,
        -0.992,
        1,
        3.222,
        -0.992,
        3.861,
        0.086,
        4.5,
        0.653
      ]
    },
    {
      "Target": "Parameter",
      "Id": "Param_Angle_Rotation_2_ArtMesh186",
      "FadeInTime": -1.0,
      "FadeOutTime": -1.0,
      "Segments": [
        0,
        0.91,
        0,
        0.3,
        0.992,
        0,
        2.9,
        -0.992,
        1,
        3.433,
        -0.992,
        3.967,
        -0.241,
        4.5,
        0.337
      ]
    },
    {
      "Target": "Parameter",
      "Id": "Param_Angle_Rotation_3_ArtMesh186",
      "FadeInTime": -1.0,
      "FadeOutTime": -1.0,
      "Segments": [
        0,
        0.68,
        0,
        0.633,
        0.992,
        0,
        3.233,
        -0.992,
        1,
        3.655,
        -0.992,
        4.078,
        -0.521,
        4.5,
        -0.038
      ]
    },
    {
      "Target": "Parameter",
      "Id": "Param_Angle_Rotation_4_ArtMesh186",
      "FadeInTime": -1.0,
      "FadeOutTime": -1.0,
      "Segments": [
        0,
        0.38,
        0,
        0.95,
        1.016,
        0,
        3.55,
        -1.016,
        1,
        3.867,
        -1.016,
        4.183,
        -0.745,
        4.5,
        -0.4
      ]
    },
    {
      "Target": "Parameter",
      "Id": "Param_Angle_Rotation_5_ArtMesh186",
      "FadeInTime": -1.0,
      "FadeOutTime": -1.0,
      "Segments": [
        0,
        0,
        0,
        1.283,
        1.016,
        0,
        3.883,
        -1.016,
        1,
        4.089,
        -1.016,
        4.294,
        -0.902,
        4.5,
        -0.727
      ]
    },
    {
      "Target": "Parameter",
      "Id": "Param_Angle_Rotation_6_ArtMesh186",
      "FadeInTime": -1.0,
      "FadeOutTime": -1.0,
      "Segments": [
        0,
        -0.36,
        0,
        1.6,
        1.016,
        0,
        4.2,
        -1.016,
        1,
        4.3,
        -1.016,
        4.4,
        -0.989,
        4.5,
        -0.941
      ]
    },
    {
      "Target": "Parameter",
      "Id": "Param_Angle_Rotation_7_ArtMesh186",
      "FadeInTime": -1.0,
      "FadeOutTime": -1.0,
      "Segments": [
        0,
        -0.7,
        0,
        1.933,
        1.016,
        1,
        2.789,
        1.016,
        3.644,
        -0.964,
        4.5,
        -1.015
      ]
    },
    {
      "Target": "Parameter",
      "Id": "Param_Angle_Rotation_8_ArtMesh186",
      "FadeInTime": -1.0,
      "FadeOutTime": -1.0,
      "Segments": [
        0,
        -0.92,
        0,
        2.25,
        1.016,
        1,
        3,
        1.016,
        3.75,
        -0.506,
        4.5,
        -0.915
      ]
    },
    {
      "Target": "Parameter",
      "Id": "Param_Angle_Rotation_9_ArtMesh186",
      "FadeInTime": -1.0,
      "FadeOutTime": -1.0,
      "Segments": [
        0,
        -1.02,
        0,
        2.583,
        1.016,
        1,
        3.222,
        1.016,
        3.861,
        -0.088,
        4.5,
        -0.669
      ]
    },
    {
      "Target": "Parameter",
      "Id": "Param_Angle_Rotation_10_ArtMesh186",
      "FadeInTime": -1.0,
      "FadeOutTime": -1.0,
      "Segments": [
        0,
        -0.93,
        0,
        0.3,
        -1.016,
        0,
        2.9,
        1.016,
        1,
        3.433,
        1.016,
        3.967,
        0.246,
        4.5,
        -0.345
      ]
    },
    {
      "Target": "Parameter",
      "Id": "Param_Angle_Rotation_11_ArtMesh186",
      "FadeInTime": -1.0,
      "FadeOutTime": -1.0,
      "Segments": [
        0,
        -2.06,
        0,
        0.633,
        -3,
        0,
        3.233,
        3,
        1,
        3.655,
        3,
        4.078,
        1.576,
        4.5,
        0.115
      ]
    },
    {
      "Target": "Parameter",
      "Id": "Param_Angle_Rotation_12_ArtMesh186",
      "FadeInTime": -1.0,
      "FadeOutTime": -1.0,
      "Segments": [
        0,
        -1.13,
        0,
        0.95,
        -3,
        0,
        3.55,
        3,
        1,
        3.867,
        3,
        4.183,
        2.199,
        4.5,
        1.182
      ]
    },
    {
      "Target": "Parameter",
      "Id": "Param_Angle_Rotation_13_ArtMesh186",
      "FadeInTime": -1.0,
      "FadeOutTime": -1.0,
      "Segments": [
        0,
        0,
        0,
        1.283,
        -3,
        0,
        3.883,
        3,
        1,
        4.089,
        3,
        4.294,
        2.662,
        4.5,
        2.148
      ]
    },
    {
      "Target": "Parameter",
      "Id": "Param_Angle_Rotation_14_ArtMesh186",
      "FadeInTime": -1.0,
      "FadeOutTime": -1.0,
      "Segments": [
        0,
        1.08,
        0,
        1.6,
        -3,
        0,
        4.2,
        3,
        1,
        4.3,
        3,
        4.4,
        2.92,
        4.5,
        2.779
      ]
    },
    {
      "Target": "Parameter",
      "Id": "Param_Angle_Rotation_15_ArtMesh186",
      "FadeInTime": -1.0,
      "FadeOutTime": -1.0,
      "Segments": [
        0,
        2.06,
        0,
        1.933,
        -3,
        1,
        2.789,
        -3,
        3.644,
        2.847,
        4.5,
        2.997
      ]
    },
    {
      "Target": "Parameter",
      "Id": "Param_Angle_Rotation_1_ArtMesh187",
      "FadeInTime": -1.0,
      "FadeOutTime": -1.0,
      "Segments": [
        0,
        -0.99,
        0,
        2.583,
        0.992,
        1,
        3.222,
        0.992,
        3.861,
        -0.086,
        4.5,
        -0.653
      ]
    },
    {
      "Target": "Parameter",
      "Id": "Param_Angle_Rotation_2_ArtMesh187",
      "FadeInTime": -1.0,
      "FadeOutTime": -1.0,
      "Segments": [
        0,
        -0.91,
        0,
        0.3,
        -0.992,
        0,
        2.9,
        0.992,
        1,
        3.433,
        0.992,
        3.967,
        0.241,
        4.5,
        -0.337
      ]
    },
    {
      "Target": "Parameter",
      "Id": "Param_Angle_Rotation_3_ArtMesh187",
      "FadeInTime": -1.0,
      "FadeOutTime": -1.0,
      "Segments": [
        0,
        -0.68,
        0,
        0.633,
        -0.992,
        0,
        3.233,
        0.992,
        1,
        3.655,
        0.992,
        4.078,
        0.521,
        4.5,
        0.038
      ]
    },
    {
      "Target": "Parameter",
      "Id": "Param_Angle_Rotation_4_ArtMesh187",
      "FadeInTime": -1.0,
      "FadeOutTime": -1.0,
      "Segments": [
        0,
        -0.38,
        0,
        0.95,
        -1.016,
        0,
        3.55,
        1.016,
        1,
        3.867,
        1.016,
        4.183,
        0.745,
        4.5,
        0.4
      ]
    },
    {
      "Target": "Parameter",
      "Id": "Param_Angle_Rotation_5_ArtMesh187",
      "FadeInTime": -1.0,
      "FadeOutTime": -1.0,
      "Segments": [
        0,
        0,
        0,
        1.283,
        -1.016,
        0,
        3.883,
        1.016,
        1,
        4.089,
        1.016,
        4.294,
        0.902,
        4.5,
        0.727
      ]
    },
    {
      "Target": "Parameter",
      "Id": "Param_Angle_Rotation_6_ArtMesh187",
      "FadeInTime": -1.0,
      "FadeOutTime": -1.0,
      "Segments": [
        0,
        0.36,
        0,
        1.6,
        -1.016,
        0,
        4.2,
        1.016,
        1,
        4.3,
        1.016,
        4.4,
        0.989,
        4.5,
        0.941
      ]
    },
    {
      "Target": "Parameter",
      "Id": "Param_Angle_Rotation_7_ArtMesh187",
      "FadeInTime": -1.0,
      "FadeOutTime": -1.0,
      "Segments": [
        0,
        0.7,
        0,
        1.933,
        -1.016,
        1,
        2.789,
        -1.016,
        3.644,
        0.964,
        4.5,
        1.015
      ]
    },
    {
      "Target": "Parameter",
      "Id": "Param_Angle_Rotation_8_ArtMesh187",
      "FadeInTime": -1.0,
      "FadeOutTime": -1.0,
      "Segments": [
        0,
        0.92,
        0,
        2.25,
        -1.016,
        1,
        3,
        -1.016,
        3.75,
        0.506,
        4.5,
        0.915
      ]
    },
    {
      "Target": "Parameter",
      "Id": "Param_Angle_Rotation_9_ArtMesh187",
      "FadeInTime": -1.0,
      "FadeOutTime": -1.0,
      "Segments": [
        0,
        1.02,
        0,
        2.583,
        -1.016,
        1,
        3.222,
        -1.016,
        3.861,
        0.088,
        4.5,
        0.669
      ]
    },
    {
      "Target": "Parameter",
      "Id": "Param_Angle_Rotation_10_ArtMesh187",
      "FadeInTime": -1.0,
      "FadeOutTime": -1.0,
      "Segments": [
        0,
        0.93,
        0,
        0.3,
        1.016,
        0,
        2.9,
        -1.016,
        1,
        3.433,
        -1.016,
        3.967,
        -0.246,
        4.5,
        0.345
      ]
    },
    {
      "Target": "Parameter",
      "Id": "Param_Angle_Rotation_11_ArtMesh187",
      "FadeInTime": -1.0,
      "FadeOutTime": -1.0,
      "Segments": [
        0,
        2.06,
        0,
        0.633,
        3,
        0,
        3.233,
        -3,
        1,
        3.655,
        -3,
        4.078,
        -1.576,
        4.5,
        -0.115
      ]
    },
    {
      "Target": "Parameter",
      "Id": "Param_Angle_Rotation_12_ArtMesh187",
      "FadeInTime": -1.0,
      "FadeOutTime": -1.0,
      "Segments": [
        0,
        1.13,
        0,
        0.95,
        3,
        0,
        3.55,
        -3,
        1,
        3.867,
        -3,
        4.183,
        -2.199,
        4.5,
        -1.182
      ]
    },
    {
      "Target": "Parameter",
      "Id": "Param_Angle_Rotation_13_ArtMesh187",
      "FadeInTime": -1.0,
      "FadeOutTime": -1.0,
      "Segments": [
        0,
        0,
        0,
        1.283,
        3,
        0,
        3.883,
        -3,
        1,
        4.089,
        -3,
        4.294,
        -2.662,
        4.5,
        -2.148
      ]
    },
    {
      "Target": "Parameter",
      "Id": "Param_Angle_Rotation_14_ArtMesh187",
      "FadeInTime": -1.0,
      "FadeOutTime": -1.0,
      "Segments": [
        0,
        -1.08,
        0,
        1.6,
        3,
        0,
        4.2,
        -3,
        1,
        4.3,
        -3,
        4.4,
        -2.92,
        4.5,
        -2.779
      ]
    },
    {
      "Target": "Parameter",
      "Id": "Param_Angle_Rotation_15_ArtMesh187",
      "FadeInTime": -1.0,
      "FadeOutTime": -1.0,
      "Segments": [
        0,
        -2.06,
        0,
        1.933,
        3,
        1,
        2.789,
        3,
        3.644,
        -2.847,
        4.5,
        -2.997
      ]
    },
    {
      "Target": "Parameter",
      "Id": "Param_Angle_Rotation_1_ArtMesh188",
      "FadeInTime": -1.0,
      "FadeOutTime": -1.0,
      "Segments": [
        0,
        -3,
        0,
        3.85,
        3,
        1,
        4.067,
        3,
        4.283,
        2.832,
        4.5,
        2.552
      ]
    },
    {
      "Target": "Parameter",
      "Id": "Param_Angle_Rotation_2_ArtMesh188",
      "FadeInTime": -1.0,
      "FadeOutTime": -1.0,
      "Segments": [
        0,
        -2.6,
        0,
        0.617,
        -3,
        0,
        4.5,
        3
      ]
    },
    {
      "Target": "Parameter",
      "Id": "Param_Angle_Rotation_3_ArtMesh188",
      "FadeInTime": -1.0,
      "FadeOutTime": -1.0,
      "Segments": [
        0,
        -2.99,
        0,
        1.25,
        -5.277,
        1,
        2.333,
        -5.277,
        3.417,
        1.22,
        4.5,
        3.386
      ]
    },
    {
      "Target": "Parameter",
      "Id": "Param_Angle_Rotation_4_ArtMesh188",
      "FadeInTime": -1.0,
      "FadeOutTime": -1.0,
      "Segments": [
        0,
        -0.75,
        0,
        1.9,
        -5.277,
        1,
        2.767,
        -5.277,
        3.633,
        -1.119,
        4.5,
        1.653
      ]
    },
    {
      "Target": "Parameter",
      "Id": "Param_Angle_Rotation_5_ArtMesh188",
      "FadeInTime": -1.0,
      "FadeOutTime": -1.0,
      "Segments": [
        0,
        1.53,
        0,
        2.55,
        -5.277,
        1,
        3.2,
        -5.277,
        3.85,
        -2.918,
        4.5,
        -0.569
      ]
    },
    {
      "Target": "Parameter",
      "Id": "Param_Angle_Rotation_6_ArtMesh188",
      "FadeInTime": -1.0,
      "FadeOutTime": -1.0,
      "Segments": [
        0,
        5.97,
        0,
        3.2,
        -6.356,
        1,
        3.633,
        -6.356,
        4.067,
        -4.851,
        4.5,
        -2.848
      ]
    },
    {
      "Target": "Parameter",
      "Id": "Param_Angle_Rotation_7_ArtMesh188",
      "FadeInTime": -1.0,
      "FadeOutTime": -1.0,
      "Segments": [
        0,
        7.07,
        0,
        3.85,
        -6.356,
        1,
        4.067,
        -6.356,
        4.283,
        -5.98,
        4.5,
        -5.353
      ]
    },
    {
      "Target": "Parameter",
      "Id": "Param_Angle_Rotation_8_ArtMesh188",
      "FadeInTime": -1.0,
      "FadeOutTime": -1.0,
      "Segments": [
        0,
        6.17,
        0,
        0.617,
        7.075,
        0,
        4.5,
        -6.356
      ]
    },
    {
      "Target": "Parameter",
      "Id": "Param_Angle_Rotation_9_ArtMesh188",
      "FadeInTime": -1.0,
      "FadeOutTime": -1.0,
      "Segments": [
        0,
        3.96,
        0,
        1.25,
        7.913,
        1,
        2.333,
        7.913,
        3.417,
        -3.327,
        4.5,
        -7.074
      ]
    },
    {
      "Target": "Parameter",
      "Id": "Param_Angle_Rotation_10_ArtMesh188",
      "FadeInTime": -1.0,
      "FadeOutTime": -1.0,
      "Segments": [
        0,
        0.08,
        0,
        1.9,
        7.913,
        1,
        2.767,
        7.913,
        3.633,
        0.719,
        4.5,
        -4.077
      ]
    },
    {
      "Target": "Parameter",
      "Id": "Param_Angle_Rotation_11_ArtMesh188",
      "FadeInTime": -1.0,
      "FadeOutTime": -1.0,
      "Segments": [
        0,
        -3.86,
        0,
        2.55,
        7.913,
        1,
        3.2,
        7.913,
        3.85,
        3.832,
        4.5,
        -0.232
      ]
    },
    {
      "Target": "Parameter",
      "Id": "Param_Angle_Rotation_12_ArtMesh188",
      "FadeInTime": -1.0,
      "FadeOutTime": -1.0,
      "Segments": [
        0,
        -8.59,
        0,
        3.2,
        9.351,
        1,
        3.633,
        9.351,
        4.067,
        7.161,
        4.5,
        4.247
      ]
    },
    {
      "Target": "Parameter",
      "Id": "Param_Angle_Rotation_13_ArtMesh188",
      "FadeInTime": -1.0,
      "FadeOutTime": -1.0,
      "Segments": [
        0,
        -10.19,
        0,
        3.867,
        9.351,
        1,
        4.078,
        9.351,
        4.289,
        8.827,
        4.5,
        7.95
      ]
    },
    {
      "Target": "Parameter",
      "Id": "Param_Angle_Rotation_14_ArtMesh188",
      "FadeInTime": -1.0,
      "FadeOutTime": -1.0,
      "Segments": [
        0,
        -8.87,
        0,
        0.617,
        -10.19,
        1,
        1.911,
        -10.19,
        3.206,
        9.184,
        4.5,
        9.35
      ]
    },
    {
      "Target": "Parameter",
      "Id": "Param_Angle_Rotation_15_ArtMesh188",
      "FadeInTime": -1.0,
      "FadeOutTime": -1.0,
      "Segments": [
        0,
        -5.39,
        0,
        1.25,
        -10.19,
        1,
        2.333,
        -10.19,
        3.417,
        3.265,
        4.5,
        7.845
      ]
    },
    {
      "Target": "Parameter",
      "Id": "Param_Angle_Rotation_16_ArtMesh188",
      "FadeInTime": -1.0,
      "FadeOutTime": -1.0,
      "Segments": [
        0,
        -0.67,
        0,
        1.9,
        -10.19,
        1,
        2.767,
        -10.19,
        3.633,
        -1.579,
        4.5,
        4.211
      ]
    },
    {
      "Target": "Parameter",
      "Id": "Paramring",
      "FadeInTime": -1.0,
      "FadeOutTime": -1.0,
      "Segments": [
        0,
        0,
        0,
        4.5,
        0
      ]
    },
    {
      "Target": "Parameter",
      "Id": "touch_drag1",
      "FadeInTime": -1.0,
      "FadeOutTime": -1.0,
      "Segments": [
        0,
        0,
        0,
        4.5,
        0
      ]
    },
    {
      "Target": "Parameter",
      "Id": "touch_drag2",
      "FadeInTime": -1.0,
      "FadeOutTime": -1.0,
      "Segments": [
        0,
        0,
        0,
        4.5,
        0
      ]
    },
    {
      "Target": "Parameter",
      "Id": "touch_drag3",
      "FadeInTime": -1.0,
      "FadeOutTime": -1.0,
      "Segments": [
        0,
        0,
        0,
        4.5,
        0
      ]
    },
    {
      "Target": "Parameter",
      "Id": "ParamHeikuang",
      "FadeInTime": -1.0,
      "FadeOutTime": -1.0,
      "Segments": [
        0,
        0,
        0,
        4.5,
        0
      ]
    },
    {
      "Target": "Parameter",
      "Id": "ParamBaise",
      "FadeInTime": -1.0,
      "FadeOutTime": -1.0,
      "Segments": [
        0,
        0,
        0,
        4.5,
        0
      ]
    },
    {
      "Target": "Parameter",
      "Id": "ParamHeise",
      "FadeInTime": -1.0,
      "FadeOutTime": -1.0,
      "Segments": [
        0,
        0,
        0,
        4.5,
        0
      ]
    },
    {
      "Target": "Parameter",
      "Id": "ParamALLZ",
      "FadeInTime": -1.0,
      "FadeOutTime": -1.0,
      "Segments": [
        0,
        0,
        0,
        4.5,
        0
      ]
    },
    {
      "Target": "Parameter",
      "Id": "ParamRenwuX8",
      "FadeInTime": -1.0,
      "FadeOutTime": -1.0,
      "Segments": [
        0,
        10,
        0,
        4.5,
        10
      ]
    },
    {
      "Target": "Parameter",
      "Id": "ParamRenwuX5",
      "FadeInTime": -1.0,
      "FadeOutTime": -1.0,
      "Segments": [
        0,
        0,
        0,
        4.5,
        0
      ]
    },
    {
      "Target": "Parameter",
      "Id": "ParamRenwuX9",
      "FadeInTime": -1.0,
      "FadeOutTime": -1.0,
      "Segments": [
        0,
        0,
        0,
        4.5,
        0
      ]
    },
    {
      "Target": "Parameter",
      "Id": "ParamRenwuX2",
      "FadeInTime": -1.0,
      "FadeOutTime": -1.0,
      "Segments": [
        0,
        0,
        0,
        4.5,
        0
      ]
    },
    {
      "Target": "Parameter",
      "Id": "ParamRenwuX3",
      "FadeInTime": -1.0,
      "FadeOutTime": -1.0,
      "Segments": [
        0,
        0,
        0,
        4.5,
        0
      ]
    },
    {
      "Target": "Parameter",
      "Id": "ParamRenwuX4",
      "FadeInTime": -1.0,
      "FadeOutTime": -1.0,
      "Segments": [
        0,
        -0.5,
        0,
        4.5,
        -0.5
      ]
    },
    {
      "Target": "Parameter",
      "Id": "ParamRenwu",
      "FadeInTime": -1.0,
      "FadeOutTime": -1.0,
      "Segments": [
        0,
        1,
        0,
        4.5,
        1
      ]
    },
    {
      "Target": "Parameter",
      "Id": "ParamRenwuS",
      "FadeInTime": -1.0,
      "FadeOutTime": -1.0,
      "Segments": [
        0,
        0,
        0,
        4.5,
        0
      ]
    },
    {
      "Target": "Parameter",
      "Id": "ParamBeijing",
      "FadeInTime": -1.0,
      "FadeOutTime": -1.0,
      "Segments": [
        0,
        1,
        0,
        4.5,
        1
      ]
    },
    {
      "Target": "Parameter",
      "Id": "ParamBeijingX",
      "FadeInTime": -1.0,
      "FadeOutTime": -1.0,
      "Segments": [
        0,
        0,
        0,
        4.5,
        0
      ]
    },
    {
      "Target": "Parameter",
      "Id": "ParamBeijingY",
      "FadeInTime": -1.0,
      "FadeOutTime": -1.0,
      "Segments": [
        0,
        0,
        0,
        4.5,
        0
      ]
    },
    {
      "Target": "Parameter",
      "Id": "ParamBeijingZ",
      "FadeInTime": -1.0,
      "FadeOutTime": -1.0,
      "Segments": [
        0,
        0,
        0,
        4.5,
        0
      ]
    },
    {
      "Target": "Parameter",
      "Id": "ParamBeijingS",
      "FadeInTime": -1.0,
      "FadeOutTime": -1.0,
      "Segments": [
        0,
        0,
        0,
        4.5,
        0
      ]
    },
    {
      "Target": "Parameter",
      "Id": "ParamEyeLSmile",
      "FadeInTime": -1.0,
      "FadeOutTime": -1.0,
      "Segments": [
        0,
        0,
        0,
        4.5,
        0
      ]
    },
    {
      "Target": "Parameter",
      "Id": "ParamEyeRSmile",
      "FadeInTime": -1.0,
      "FadeOutTime": -1.0,
      "Segments": [
        0,
        0,
        0,
        4.5,
        0
      ]
    },
    {
      "Target": "Parameter",
      "Id": "ParamBrowRY",
      "FadeInTime": -1.0,
      "FadeOutTime": -1.0,
      "Segments": [
        0,
        0,
        0,
        4.5,
        0
      ]
    },
    {
      "Target": "Parameter",
      "Id": "ParamBrowRForm",
      "FadeInTime": -1.0,
      "FadeOutTime": -1.0,
      "Segments": [
        0,
        0,
        0,
        4.5,
        0
      ]
    },
    {
      "Target": "Parameter",
      "Id": "ParamBrowLY",
      "FadeInTime": -1.0,
      "FadeOutTime": -1.0,
      "Segments": [
        0,
        0,
        0,
        4.5,
        0
      ]
    },
    {
      "Target": "Parameter",
      "Id": "ParamBrowLForm",
      "FadeInTime": -1.0,
      "FadeOutTime": -1.0,
      "Segments": [
        0,
        0,
        0,
        4.5,
        0
      ]
    },
    {
      "Target": "Parameter",
      "Id": "Param4",
      "FadeInTime": -1.0,
      "FadeOutTime": -1.0,
      "Segments": [
        0,
        0,
        0,
        4.5,
        0
      ]
    },
    {
      "Target": "Parameter",
      "Id": "ParamMouthForm",
      "FadeInTime": -1.0,
      "FadeOutTime": -1.0,
      "Segments": [
        0,
        0,
        0,
        4.5,
        0
      ]
    },
    {
      "Target": "Parameter",
      "Id": "ParamMouthOpenY",
      "FadeInTime": -1.0,
      "FadeOutTime": -1.0,
      "Segments": [
        0,
        0,
        0,
        4.5,
        0
      ]
    },
    {
      "Target": "Parameter",
      "Id": "ParamMouthS",
      "FadeInTime": -1.0,
      "FadeOutTime": -1.0,
      "Segments": [
        0,
        0,
        0,
        4.5,
        0
      ]
    },
    {
      "Target": "Parameter",
      "Id": "ParamEyeGaoguang",
      "FadeInTime": -1.0,
      "FadeOutTime": -1.0,
      "Segments": [
        0,
        0,
        0,
        4.5,
        0
      ]
    },
    {
      "Target": "Parameter",
      "Id": "ParamCheek",
      "FadeInTime": -1.0,
      "FadeOutTime": -1.0,
      "Segments": [
        0,
        0,
        0,
        4.5,
        0
      ]
    },
    {
      "Target": "Parameter",
      "Id": "Param28",
      "FadeInTime": -1.0,
      "FadeOutTime": -1.0,
      "Segments": [
        0,
        5,
        0,
        4.5,
        5
      ]
    },
    {
      "Target": "Parameter",
      "Id": "Param87",
      "FadeInTime": -1.0,
      "FadeOutTime": -1.0,
      "Segments": [
        0,
        0,
        0,
        4.5,
        0
      ]
    },
    {
      "Target": "Parameter",
      "Id": "Param86",
      "FadeInTime": -1.0,
      "FadeOutTime": -1.0,
      "Segments": [
        0,
        5,
        0,
        4.5,
        5
      ]
    },
    {
      "Target": "Parameter",
      "Id": "Param97",
      "FadeInTime": -1.0,
      "FadeOutTime": -1.0,
      "Segments": [
        0,
        0,
        0,
        4.5,
        0
      ]
    },
    {
      "Target": "Parameter",
      "Id": "Param31",
      "FadeInTime": -1.0,
      "FadeOutTime": -1.0,
      "Segments": [
        0,
        0,
        0,
        4.5,
        0
      ]
    },
    {
      "Target": "Parameter",
      "Id": "ParamBodyAngleZ3",
      "FadeInTime": -1.0,
      "FadeOutTime": -1.0,
      "Segments": [
        0,
        0,
        0,
        4.5,
        0
      ]
    },
    {
      "Target": "Parameter",
      "Id": "Param33",
      "FadeInTime": -1.0,
      "FadeOutTime": -1.0,
      "Segments": [
        0,
        1.02,
        0,
        4.5,
        1.02
      ]
    },
    {
      "Target": "Parameter",
      "Id": "ParamBodyAngleX2",
      "FadeInTime": -1.0,
      "FadeOutTime": -1.0,
      "Segments": [
        0,
        0,
        0,
        4.5,
        0
      ]
    },
    {
      "Target": "Parameter",
      "Id": "ParamBreath",
      "FadeInTime": -1.0,
      "FadeOutTime": -1.0,
      "Segments": [
        0,
        0,
        0,
        4.5,
        0
      ]
    },
    {
      "Target": "Parameter",
      "Id": "ParamBodyAngleY",
      "FadeInTime": -1.0,
      "FadeOutTime": -1.0,
      "Segments": [
        0,
        0,
        0,
        4.5,
        0
      ]
    },
    {
      "Target": "Parameter",
      "Id": "Param45",
      "FadeInTime": -1.0,
      "FadeOutTime": -1.0,
      "Segments": [
        0,
        -3,
        0,
        4.5,
        -3
      ]
    },
    {
      "Target": "Parameter",
      "Id": "Param46",
      "FadeInTime": -1.0,
      "FadeOutTime": -1.0,
      "Segments": [
        0,
        3,
        0,
        4.5,
        3
      ]
    },
    {
      "Target": "Parameter",
      "Id": "Param57",
      "FadeInTime": -1.0,
      "FadeOutTime": -1.0,
      "Segments": [
        0,
        0,
        0,
        4.5,
        0
      ]
    },
    {
      "Target": "Parameter",
      "Id": "ParamA1zuoshoutuozhanxingbian",
      "FadeInTime": -1.0,
      "FadeOutTime": -1.0,
      "Segments": [
        0,
        0,
        0,
        4.5,
        0
      ]
    },
    {
      "Target": "Parameter",
      "Id": "Param47",
      "FadeInTime": -1.0,
      "FadeOutTime": -1.0,
      "Segments": [
        0,
        0,
        0,
        4.5,
        0
      ]
    },
    {
      "Target": "Parameter",
      "Id": "Param48",
      "FadeInTime": -1.0,
      "FadeOutTime": -1.0,
      "Segments": [
        0,
        0,
        0,
        4.5,
        0
      ]
    },
    {
      "Target": "Parameter",
      "Id": "Param49",
      "FadeInTime": -1.0,
      "FadeOutTime": -1.0,
      "Segments": [
        0,
        0,
        0,
        4.5,
        0
      ]
    },
    {
      "Target": "Parameter",
      "Id": "Param68",
      "FadeInTime": -1.0,
      "FadeOutTime": -1.0,
      "Segments": [
        0,
        0,
        0,
        4.5,
        0
      ]
    },
    {
      "Target": "Parameter",
      "Id": "Param69",
      "FadeInTime": -1.0,
      "FadeOutTime": -1.0,
      "Segments": [
        0,
        0,
        0,
        4.5,
        0
      ]
    },
    {
      "Target": "Parameter",
      "Id": "Param50",
      "FadeInTime": -1.0,
      "FadeOutTime": -1.0,
      "Segments": [
        0,
        1,
        0,
        4.5,
        1
      ]
    },
    {
      "Target": "Parameter",
      "Id": "Param51",
      "FadeInTime": -1.0,
      "FadeOutTime": -1.0,
      "Segments": [
        0,
        0,
        0,
        4.5,
        0
      ]
    },
    {
      "Target": "Parameter",
      "Id": "Param52",
      "FadeInTime": -1.0,
      "FadeOutTime": -1.0,
      "Segments": [
        0,
        0,
        0,
        4.5,
        0
      ]
    },
    {
      "Target": "Parameter",
      "Id": "Param54",
      "FadeInTime": -1.0,
      "FadeOutTime": -1.0,
      "Segments": [
        0,
        0,
        0,
        4.5,
        0
      ]
    },
    {
      "Target": "Parameter",
      "Id": "Param55",
      "FadeInTime": -1.0,
      "FadeOutTime": -1.0,
      "Segments": [
        0,
        0,
        0,
        4.5,
        0
      ]
    },
    {
      "Target": "Parameter",
      "Id": "Param56",
      "FadeInTime": -1.0,
      "FadeOutTime": -1.0,
      "Segments": [
        0,
        0,
        0,
        4.5,
        0
      ]
    },
    {
      "Target": "Parameter",
      "Id": "Param58",
      "FadeInTime": -1.0,
      "FadeOutTime": -1.0,
      "Segments": [
        0,
        0,
        0,
        4.5,
        0
      ]
    },
    {
      "Target": "Parameter",
      "Id": "Param20",
      "FadeInTime": -1.0,
      "FadeOutTime": -1.0,
      "Segments": [
        0,
        0,
        0,
        4.5,
        0
      ]
    },
    {
      "Target": "Parameter",
      "Id": "Param21",
      "FadeInTime": -1.0,
      "FadeOutTime": -1.0,
      "Segments": [
        0,
        0,
        0,
        4.5,
        0
      ]
    },
    {
      "Target": "Parameter",
      "Id": "Param100",
      "FadeInTime": -1.0,
      "FadeOutTime": -1.0,
      "Segments": [
        0,
        0,
        0,
        4.5,
        0
      ]
    },
    {
      "Target": "Parameter",
      "Id": "ParamShangBiRUD",
      "FadeInTime": -1.0,
      "FadeOutTime": -1.0,
      "Segments": [
        0,
        0,
        0,
        4.5,
        0
      ]
    },
    {
      "Target": "Parameter",
      "Id": "ParamXiaBiRUD",
      "FadeInTime": -1.0,
      "FadeOutTime": -1.0,
      "Segments": [
        0,
        0,
        0,
        4.5,
        0
      ]
    },
    {
      "Target": "Parameter",
      "Id": "ParamA1zuoshoutuozhanxingbian2",
      "FadeInTime": -1.0,
      "FadeOutTime": -1.0,
      "Segments": [
        0,
        0,
        0,
        4.5,
        0
      ]
    },
    {
      "Target": "Parameter",
      "Id": "Param35",
      "FadeInTime": -1.0,
      "FadeOutTime": -1.0,
      "Segments": [
        0,
        0,
        0,
        4.5,
        0
      ]
    },
    {
      "Target": "Parameter",
      "Id": "Param36",
      "FadeInTime": -1.0,
      "FadeOutTime": -1.0,
      "Segments": [
        0,
        0,
        0,
        4.5,
        0
      ]
    },
    {
      "Target": "Parameter",
      "Id": "Param37",
      "FadeInTime": -1.0,
      "FadeOutTime": -1.0,
      "Segments": [
        0,
        0,
        0,
        4.5,
        0
      ]
    },
    {
      "Target": "Parameter",
      "Id": "Param70",
      "FadeInTime": -1.0,
      "FadeOutTime": -1.0,
      "Segments": [
        0,
        0,
        0,
        4.5,
        0
      ]
    },
    {
      "Target": "Parameter",
      "Id": "Param65",
      "FadeInTime": -1.0,
      "FadeOutTime": -1.0,
      "Segments": [
        0,
        0,
        0,
        4.5,
        0
      ]
    },
    {
      "Target": "Parameter",
      "Id": "Param71",
      "FadeInTime": -1.0,
      "FadeOutTime": -1.0,
      "Segments": [
        0,
        0,
        0,
        4.5,
        0
      ]
    },
    {
      "Target": "Parameter",
      "Id": "Param61",
      "FadeInTime": -1.0,
      "FadeOutTime": -1.0,
      "Segments": [
        0,
        0,
        0,
        4.5,
        0
      ]
    },
    {
      "Target": "Parameter",
      "Id": "Param41",
      "FadeInTime": -1.0,
      "FadeOutTime": -1.0,
      "Segments": [
        0,
        0,
        0,
        4.5,
        0
      ]
    },
    {
      "Target": "Parameter",
      "Id": "Param40",
      "FadeInTime": -1.0,
      "FadeOutTime": -1.0,
      "Segments": [
        0,
        0,
        0,
        4.5,
        0
      ]
    },
    {
      "Target": "Parameter",
      "Id": "ParamDaTuiLUD",
      "FadeInTime": -1.0,
      "FadeOutTime": -1.0,
      "Segments": [
        0,
        0,
        0,
        4.5,
        0
      ]
    },
    {
      "Target": "Parameter",
      "Id": "ParamXiaoTuiLUD",
      "FadeInTime": -1.0,
      "FadeOutTime": -1.0,
      "Segments": [
        0,
        0,
        0,
        4.5,
        0
      ]
    },
    {
      "Target": "Parameter",
      "Id": "Param62",
      "FadeInTime": -1.0,
      "FadeOutTime": -1.0,
      "Segments": [
        0,
        0,
        0,
        4.5,
        0
      ]
    },
    {
      "Target": "Parameter",
      "Id": "ParamDaTuiLUD2",
      "FadeInTime": -1.0,
      "FadeOutTime": -1.0,
      "Segments": [
        0,
        0,
        0,
        4.5,
        0
      ]
    },
    {
      "Target": "Parameter",
      "Id": "ParamXiaoTuiLUD3",
      "FadeInTime": -1.0,
      "FadeOutTime": -1.0,
      "Segments": [
        0,
        0,
        0,
        4.5,
        0
      ]
    },
    {
      "Target": "Parameter",
      "Id": "ParamXiaoTuiLUD2",
      "FadeInTime": -1.0,
      "FadeOutTime": -1.0,
      "Segments": [
        0,
        5,
        0,
        4.5,
        5
      ]
    },
    {
      "Target": "Parameter",
      "Id": "Param24",
      "FadeInTime": -1.0,
      "FadeOutTime": -1.0,
      "Segments": [
        0,
        0,
        0,
        4.5,
        0
      ]
    },
    {
      "Target": "Parameter",
      "Id": "Param23",
      "FadeInTime": -1.0,
      "FadeOutTime": -1.0,
      "Segments": [
        0,
        0,
        0,
        4.5,
        0
      ]
    },
    {
      "Target": "Parameter",
      "Id": "Param59",
      "FadeInTime": -1.0,
      "FadeOutTime": -1.0,
      "Segments": [
        0,
        0,
        0,
        4.5,
        0
      ]
    },
    {
      "Target": "Parameter",
      "Id": "ParamDaTuiRUD",
      "FadeInTime": -1.0,
      "FadeOutTime": -1.0,
      "Segments": [
        0,
        0,
        0,
        4.5,
        0
      ]
    },
    {
      "Target": "Parameter",
      "Id": "ParamXiaoTuiRUD",
      "FadeInTime": -1.0,
      "FadeOutTime": -1.0,
      "Segments": [
        0,
        0,
        0,
        4.5,
        0
      ]
    },
    {
      "Target": "Parameter",
      "Id": "Param63",
      "FadeInTime": -1.0,
      "FadeOutTime": -1.0,
      "Segments": [
        0,
        0,
        0,
        4.5,
        0
      ]
    },
    {
      "Target": "Parameter",
      "Id": "ParamXiaoTuiLUD5",
      "FadeInTime": -1.0,
      "FadeOutTime": -1.0,
      "Segments": [
        0,
        0,
        0,
        4.5,
        0
      ]
    },
    {
      "Target": "Parameter",
      "Id": "ParamDaTuiLUD3",
      "FadeInTime": -1.0,
      "FadeOutTime": -1.0,
      "Segments": [
        0,
        0,
        0,
        4.5,
        0
      ]
    },
    {
      "Target": "Parameter",
      "Id": "ParamXiaoTuiLUD4",
      "FadeInTime": -1.0,
      "FadeOutTime": -1.0,
      "Segments": [
        0,
        0,
        0,
        4.5,
        0
      ]
    },
    {
      "Target": "Parameter",
      "Id": "Param26",
      "FadeInTime": -1.0,
      "FadeOutTime": -1.0,
      "Segments": [
        0,
        0,
        0,
        4.5,
        0
      ]
    },
    {
      "Target": "Parameter",
      "Id": "Param27",
      "FadeInTime": -1.0,
      "FadeOutTime": -1.0,
      "Segments": [
        0,
        0,
        0,
        4.5,
        0
      ]
    },
    {
      "Target": "Parameter",
      "Id": "Param75",
      "FadeInTime": -1.0,
      "FadeOutTime": -1.0,
      "Segments": [
        0,
        0,
        0,
        4.5,
        0
      ]
    },
    {
      "Target": "Parameter",
      "Id": "Param5",
      "FadeInTime": -1.0,
      "FadeOutTime": -1.0,
      "Segments": [
        0,
        0,
        0,
        4.5,
        0
      ]
    },
    {
      "Target": "Parameter",
      "Id": "Param34",
      "FadeInTime": -1.0,
      "FadeOutTime": -1.0,
      "Segments": [
        0,
        0,
        0,
        4.5,
        0
      ]
    },
    {
      "Target": "Parameter",
      "Id": "Param73",
      "FadeInTime": -1.0,
      "FadeOutTime": -1.0,
      "Segments": [
        0,
        0,
        0,
        4.5,
        0
      ]
    },
    {
      "Target": "Parameter",
      "Id": "Param95",
      "FadeInTime": -1.0,
      "FadeOutTime": -1.0,
      "Segments": [
        0,
        0,
        0,
        4.5,
        0
      ]
    },
    {
      "Target": "Parameter",
      "Id": "Param96",
      "FadeInTime": -1.0,
      "FadeOutTime": -1.0,
      "Segments": [
        0,
        0,
        0,
        4.5,
        0
      ]
    },
    {
      "Target": "Parameter",
      "Id": "Param64",
      "FadeInTime": -1.0,
      "FadeOutTime": -1.0,
      "Segments": [
        0,
        0,
        0,
        4.5,
        0
      ]
    },
    {
      "Target": "Parameter",
      "Id": "Param39",
      "FadeInTime": -1.0,
      "FadeOutTime": -1.0,
      "Segments": [
        0,
        0,
        0,
        4.5,
        0
      ]
    },
    {
      "Target": "Parameter",
      "Id": "Param104",
      "FadeInTime": -1.0,
      "FadeOutTime": -1.0,
      "Segments": [
        0,
        0,
        0,
        4.5,
        0
      ]
    },
    {
      "Target": "Parameter",
      "Id": "Param94",
      "FadeInTime": -1.0,
      "FadeOutTime": -1.0,
      "Segments": [
        0,
        0,
        0,
        4.5,
        0
      ]
    },
    {
      "Target": "Parameter",
      "Id": "Param72",
      "FadeInTime": -1.0,
      "FadeOutTime": -1.0,
      "Segments": [
        0,
        0,
        0,
        4.5,
        0
      ]
    },
    {
      "Target": "Parameter",
      "Id": "Param99",
      "FadeInTime": -1.0,
      "FadeOutTime": -1.0,
      "Segments": [
        0,
        10,
        0,
        4.5,
        10
      ]
    },
    {
      "Target": "Parameter",
      "Id": "Param98",
      "FadeInTime": -1.0,
      "FadeOutTime": -1.0,
      "Segments": [
        0,
        0,
        0,
        4.5,
        0
      ]
    },
    {
      "Target": "Parameter",
      "Id": "Param38",
      "FadeInTime": -1.0,
      "FadeOutTime": -1.0,
      "Segments": [
        0,
        0,
        0,
        4.5,
        0
      ]
    },
    {
      "Target": "Parameter",
      "Id": "Param152",
      "FadeInTime": -1.0,
      "FadeOutTime": -1.0,
      "Segments": [
        0,
        0,
        0,
        4.5,
        0
      ]
    },
    {
      "Target": "Parameter",
      "Id": "Param153",
      "FadeInTime": -1.0,
      "FadeOutTime": -1.0,
      "Segments": [
        0,
        0,
        0,
        4.5,
        0
      ]
    },
    {
      "Target": "Parameter",
      "Id": "Param151",
      "FadeInTime": -1.0,
      "FadeOutTime": -1.0,
      "Segments": [
        0,
        0,
        0,
        4.5,
        0
      ]
    },
    {
      "Target": "Parameter",
      "Id": "MB_xingfengyaobai2",
      "FadeInTime": -1.0,
      "FadeOutTime": -1.0,
      "Segments": [
        0,
        0,
        0,
        4.5,
        0
      ]
    },
    {
      "Target": "Parameter",
      "Id": "MB_xingfengyaobai",
      "FadeInTime": -1.0,
      "FadeOutTime": -1.0,
      "Segments": [
        0,
        0,
        0,
        4.5,
        0
      ]
    },
    {
      "Target": "Parameter",
      "Id": "MB_xingfengTMD",
      "FadeInTime": -1.0,
      "FadeOutTime": -1.0,
      "Segments": [
        0,
        0,
        0,
        4.5,
        0
      ]
    },
    {
      "Target": "Parameter",
      "Id": "Param105",
      "FadeInTime": -1.0,
      "FadeOutTime": -1.0,
      "Segments": [
        0,
        0,
        0,
        4.5,
        0
      ]
    },
    {
      "Target": "Parameter",
      "Id": "Param",
      "FadeInTime": -1.0,
      "FadeOutTime": -1.0,
      "Segments": [
        0,
        10,
        0,
        4.5,
        10
      ]
    },
    {
      "Target": "Parameter",
      "Id": "Param2",
      "FadeInTime": -1.0,
      "FadeOutTime": -1.0,
      "Segments": [
        0,
        10,
        0,
        4.5,
        10
      ]
    },
    {
      "Target": "Parameter",
      "Id": "Param3",
      "FadeInTime": -1.0,
      "FadeOutTime": -1.0,
      "Segments": [
        0,
        10,
        0,
        4.5,
        10
      ]
    },
    {
      "Target": "Parameter",
      "Id": "Param32",
      "FadeInTime": -1.0,
      "FadeOutTime": -1.0,
      "Segments": [
        0,
        5,
        0,
        4.5,
        5
      ]
    },
    {
      "Target": "Parameter",
      "Id": "Param10",
      "FadeInTime": -1.0,
      "FadeOutTime": -1.0,
      "Segments": [
        0,
        0,
        0,
        4.5,
        0
      ]
    },
    {
      "Target": "Parameter",
      "Id": "Param11",
      "FadeInTime": -1.0,
      "FadeOutTime": -1.0,
      "Segments": [
        0,
        0,
        0,
        4.5,
        0
      ]
    },
    {
      "Target": "Parameter",
      "Id": "Param_Angle_Rotation_16_ArtMesh187",
      "FadeInTime": -1.0,
      "FadeOutTime": -1.0,
      "Segments": [
        0,
        0,
        0,
        4.5,
        0
      ]
    },
    {
      "Target": "Parameter",
      "Id": "Param_Angle_Rotation_17_ArtMesh187",
      "FadeInTime": -1.0,
      "FadeOutTime": -1.0,
      "Segments": [
        0,
        0,
        0,
        4.5,
        0
      ]
    },
    {
      "Target": "Parameter",
      "Id": "Param_Angle_Rotation_17_ArtMesh188",
      "FadeInTime": -1.0,
      "FadeOutTime": -1.0,
      "Segments": [
        0,
        4.1,
        0,
        4.5,
        4.1
      ]
    }
  ],
  "UserData": [
    {
      "Time": 0.0,
      "Value": ""
    },
    {
      "Time": 4.0,
      "Value": ""
    }
  ]
}