{
  "Version": 3,
  "Meta": {
    "Duration": 4.0,
    "Fps": 60.0,
    "Loop": true,
    "AreBeziersRestricted": true,
    "FadeInTime": 0.0,
    "FadeOutTime": 0.0,
    "CurveCount": 268,
    "TotalSegmentCount": 756,
    "TotalPointCount": 986,
    "UserDataCount": 2,
    "TotalUserDataSize": 0
  },
  "Curves": [
    {
      "Target": "Parameter",
      "Id": "Paramwuli",
      "FadeInTime": -1.0,
      "FadeOutTime": -1.0,
      "Segments": [
        0,
        0,
        1,
        0.5,
        6.698,
        1,
        13.395,
        1.5,
        20.093,
        1,
        2,
        13.382,
        2.5,
        6.671,
        3,
        -0.04,
        1,
        3.333,
        4.434,
        3.667,
        8.908,
        4,
        13.382
      ]
    },
    {
      "Target": "Parameter",
      "Id": "Paramwuli2",
      "FadeInTime": -1.0,
      "FadeOutTime": -1.0,
      "Segments": [
        0,
        0,
        0,
        1,
        30,
        0,
        2,
        -30,
        0,
        3,
        30,
        0,
        4,
        -30
      ]
    },
    {
      "Target": "Parameter",
      "Id": "Paramwuli3",
      "FadeInTime": -1.0,
      "FadeOutTime": -1.0,
      "Segments": [
        0,
        0,
        0,
        1,
        30,
        0,
        2,
        -30,
        0,
        3,
        30,
        0,
        4,
        -30
      ]
    },
    {
      "Target": "Parameter",
      "Id": "Param85",
      "FadeInTime": -1.0,
      "FadeOutTime": -1.0,
      "Segments": [
        0,
        2.53,
        1,
        0.278,
        2.53,
        0.555,
        2.575,
        0.833,
        2.48,
        1,
        1.416,
        2.281,
        2,
        0,
        2.583,
        0,
        1,
        3.055,
        0,
        3.528,
        1.271,
        4,
        2.125
      ]
    },
    {
      "Target": "Parameter",
      "Id": "Param82",
      "FadeInTime": -1.0,
      "FadeOutTime": -1.0,
      "Segments": [
        0,
        0.28,
        0,
        2,
        0,
        0,
        4,
        0.28
      ]
    },
    {
      "Target": "Parameter",
      "Id": "Paramtishixingxing1",
      "FadeInTime": -1.0,
      "FadeOutTime": -1.0,
      "Segments": [
        0,
        0,
        0,
        0.5,
        5,
        2,
        2.667,
        5,
        0,
        3.167,
        10,
        2,
        3.183,
        0,
        2,
        4,
        0
      ]
    },
    {
      "Target": "Parameter",
      "Id": "Paramtishixingxing2",
      "FadeInTime": -1.0,
      "FadeOutTime": -1.0,
      "Segments": [
        0,
        0,
        2,
        0.083,
        0,
        0,
        0.583,
        5,
        2,
        2.75,
        5,
        0,
        3.25,
        10,
        2,
        3.267,
        0,
        2,
        4,
        0
      ]
    },
    {
      "Target": "Parameter",
      "Id": "Paramtishixingxing3",
      "FadeInTime": -1.0,
      "FadeOutTime": -1.0,
      "Segments": [
        0,
        0,
        2,
        0.167,
        0,
        0,
        0.667,
        5,
        2,
        2.833,
        5,
        0,
        3.333,
        10,
        2,
        3.35,
        0,
        2,
        4,
        0
      ]
    },
    {
      "Target": "Parameter",
      "Id": "Paramtishixingxing5",
      "FadeInTime": -1.0,
      "FadeOutTime": -1.0,
      "Segments": [
        0,
        0,
        2,
        0.333,
        0,
        0,
        0.833,
        5,
        2,
        3,
        5,
        0,
        3.5,
        10,
        2,
        3.517,
        0,
        2,
        4,
        0
      ]
    },
    {
      "Target": "Parameter",
      "Id": "Paramtishixingxing16",
      "FadeInTime": -1.0,
      "FadeOutTime": -1.0,
      "Segments": [
        0,
        0,
        2,
        0.417,
        0,
        0,
        0.917,
        5,
        2,
        3.083,
        5,
        0,
        3.583,
        10,
        2,
        3.6,
        0,
        2,
        4,
        0
      ]
    },
    {
      "Target": "Parameter",
      "Id": "ParamRenwuX4",
      "FadeInTime": -1.0,
      "FadeOutTime": -1.0,
      "Segments": [
        0,
        -0.5,
        0,
        2,
        0.5,
        0,
        4,
        -0.5
      ]
    },
    {
      "Target": "Parameter",
      "Id": "ParamEyeLOpen",
      "FadeInTime": -1.0,
      "FadeOutTime": -1.0,
      "Segments": [
        0,
        0.8,
        2,
        0.533,
        0.8,
        0,
        0.717,
        0,
        0,
        0.933,
        0.8,
        2,
        1.9,
        0.8,
        0,
        2.083,
        0,
        0,
        2.3,
        0.8,
        2,
        3.317,
        0.8,
        0,
        3.5,
        0,
        0,
        3.717,
        0.8,
        2,
        4,
        0.8
      ]
    },
    {
      "Target": "Parameter",
      "Id": "ParamEyeROpen",
      "FadeInTime": -1.0,
      "FadeOutTime": -1.0,
      "Segments": [
        0,
        0.8,
        2,
        0.533,
        0.8,
        0,
        0.717,
        0,
        0,
        0.933,
        0.8,
        2,
        1.9,
        0.8,
        0,
        2.083,
        0,
        0,
        2.3,
        0.8,
        2,
        3.317,
        0.8,
        0,
        3.5,
        0,
        0,
        3.717,
        0.8,
        2,
        4,
        0.8
      ]
    },
    {
      "Target": "Parameter",
      "Id": "Param86",
      "FadeInTime": -1.0,
      "FadeOutTime": -1.0,
      "Segments": [
        0,
        0,
        0,
        0.25,
        10,
        0,
        0.417,
        0,
        0,
        0.667,
        10,
        0,
        0.833,
        0,
        0,
        1.083,
        10,
        0,
        1.25,
        0,
        0,
        1.5,
        10,
        0,
        1.667,
        0,
        0,
        1.917,
        10,
        0,
        2.083,
        0,
        0,
        2.333,
        10,
        0,
        2.5,
        0,
        0,
        2.75,
        10,
        0,
        2.917,
        0,
        0,
        3.167,
        10,
        0,
        3.333,
        0,
        0,
        3.583,
        10,
        0,
        3.75,
        0,
        0,
        4,
        10
      ]
    },
    {
      "Target": "Parameter",
      "Id": "ParamAngleX",
      "FadeInTime": -1.0,
      "FadeOutTime": -1.0,
      "Segments": [
        0,
        -0.212,
        0,
        2.233,
        -7,
        1,
        2.822,
        -7,
        3.411,
        -1.538,
        4,
        -0.264
      ]
    },
    {
      "Target": "Parameter",
      "Id": "ParamAngleY",
      "FadeInTime": -1.0,
      "FadeOutTime": -1.0,
      "Segments": [
        0,
        -1.918,
        0,
        0.667,
        0,
        0,
        2.667,
        -7.529,
        1,
        3.111,
        -7.529,
        3.556,
        -4.183,
        4,
        -1.952
      ]
    },
    {
      "Target": "Parameter",
      "Id": "ParamAngleZ",
      "FadeInTime": -1.0,
      "FadeOutTime": -1.0,
      "Segments": [
        0,
        -0.211,
        0,
        0.5,
        0,
        0,
        2.5,
        -1.442,
        1,
        3,
        -1.442,
        3.5,
        -0.631,
        4,
        -0.225
      ]
    },
    {
      "Target": "Parameter",
      "Id": "ParamAngleZ2",
      "FadeInTime": -1.0,
      "FadeOutTime": -1.0,
      "Segments": [
        0,
        0.07,
        1,
        0.083,
        0.07,
        0.167,
        0.09,
        0.25,
        0,
        1,
        0.917,
        -0.723,
        1.583,
        -1.229,
        2.25,
        -1.229,
        1,
        2.833,
        -1.229,
        3.417,
        -0.288,
        4,
        -0.053
      ]
    },
    {
      "Target": "Parameter",
      "Id": "ParamBodyAngleX",
      "FadeInTime": -1.0,
      "FadeOutTime": -1.0,
      "Segments": [
        0,
        -10,
        0,
        2,
        -0.022,
        0,
        4,
        -10
      ]
    },
    {
      "Target": "Parameter",
      "Id": "ParamBodyAngleZ",
      "FadeInTime": -1.0,
      "FadeOutTime": -1.0,
      "Segments": [
        0,
        -1.68,
        0,
        2.25,
        0.056,
        1,
        2.833,
        0.056,
        3.417,
        -1.273,
        4,
        -1.605
      ]
    },
    {
      "Target": "Parameter",
      "Id": "ParamBodyAngleZ2",
      "FadeInTime": -1.0,
      "FadeOutTime": -1.0,
      "Segments": [
        0,
        1.272,
        0,
        2,
        0.034,
        0,
        4,
        1.272
      ]
    },
    {
      "Target": "Parameter",
      "Id": "ParamBodyAngleUD",
      "FadeInTime": -1.0,
      "FadeOutTime": -1.0,
      "Segments": [
        0,
        0,
        0,
        2.1,
        -8.94,
        1,
        2.733,
        -8.94,
        3.367,
        -1.26,
        4,
        -0.137
      ]
    },
    {
      "Target": "Parameter",
      "Id": "ParamJianbangL",
      "FadeInTime": -1.0,
      "FadeOutTime": -1.0,
      "Segments": [
        0,
        0.962,
        0,
        0.333,
        0,
        0,
        2.333,
        14,
        1,
        2.889,
        14,
        3.444,
        4.278,
        4,
        1.037
      ]
    },
    {
      "Target": "Parameter",
      "Id": "ParamShangBiR",
      "FadeInTime": -1.0,
      "FadeOutTime": -1.0,
      "Segments": [
        0,
        1.787,
        0,
        2,
        1.611,
        0,
        4,
        1.787
      ]
    },
    {
      "Target": "Parameter",
      "Id": "ParamXiaBiR",
      "FadeInTime": -1.0,
      "FadeOutTime": -1.0,
      "Segments": [
        0,
        4.118,
        0,
        2,
        4.438,
        0,
        4,
        4.118
      ]
    },
    {
      "Target": "Parameter",
      "Id": "ParamDaTuiL",
      "FadeInTime": -1.0,
      "FadeOutTime": -1.0,
      "Segments": [
        0,
        -0.679,
        0,
        0.333,
        -0.668,
        0,
        2.333,
        -0.867,
        1,
        2.889,
        -0.867,
        3.444,
        -0.729,
        4,
        -0.683
      ]
    },
    {
      "Target": "Parameter",
      "Id": "ParamXiaoTuiL",
      "FadeInTime": -1.0,
      "FadeOutTime": -1.0,
      "Segments": [
        0,
        -3.738,
        0,
        0.583,
        -3.699,
        0,
        2.583,
        -4.324,
        1,
        3.055,
        -4.324,
        3.528,
        -4.002,
        4,
        -3.815
      ]
    },
    {
      "Target": "Parameter",
      "Id": "ParamJiaoL",
      "FadeInTime": -1.0,
      "FadeOutTime": -1.0,
      "Segments": [
        0,
        0.841,
        0,
        0.833,
        1.877,
        0,
        2.833,
        -1.327,
        1,
        3.222,
        -1.327,
        3.611,
        -0.237,
        4,
        0.672
      ]
    },
    {
      "Target": "Parameter",
      "Id": "Param22",
      "FadeInTime": -1.0,
      "FadeOutTime": -1.0,
      "Segments": [
        0,
        0.147,
        0,
        0.333,
        0,
        0,
        2.333,
        2.004,
        1,
        2.889,
        2.004,
        3.444,
        0.612,
        4,
        0.148
      ]
    },
    {
      "Target": "Parameter",
      "Id": "ParamDaTuiR",
      "FadeInTime": -1.0,
      "FadeOutTime": -1.0,
      "Segments": [
        0,
        4.369,
        0,
        0.583,
        4.459,
        0,
        2.583,
        4.16,
        1,
        3.055,
        4.16,
        3.528,
        4.31,
        4,
        4.398
      ]
    },
    {
      "Target": "Parameter",
      "Id": "ParamXiaoTuiR",
      "FadeInTime": -1.0,
      "FadeOutTime": -1.0,
      "Segments": [
        0,
        -0.743,
        0,
        0.833,
        -0.165,
        0,
        2.833,
        -0.985,
        1,
        3.222,
        -0.985,
        3.611,
        -0.706,
        4,
        -0.473
      ]
    },
    {
      "Target": "Parameter",
      "Id": "ParamJiaoR",
      "FadeInTime": -1.0,
      "FadeOutTime": -1.0,
      "Segments": [
        0,
        -0.184,
        0,
        1.083,
        1.671,
        0,
        3.083,
        -0.92,
        1,
        3.389,
        -0.92,
        3.694,
        -0.376,
        4,
        0.214
      ]
    },
    {
      "Target": "Parameter",
      "Id": "ParamOPRX1",
      "FadeInTime": -1.0,
      "FadeOutTime": -1.0,
      "Segments": [
        0,
        -0.082,
        0,
        0.017,
        -0.028,
        0,
        0.3,
        -2.146,
        0,
        1.233,
        4.2,
        0,
        2.183,
        -3.945,
        0,
        3.183,
        3.679,
        1,
        3.455,
        3.679,
        3.728,
        -1.23,
        4,
        -3.03
      ]
    },
    {
      "Target": "Parameter",
      "Id": "ParamOPRY1",
      "FadeInTime": -1.0,
      "FadeOutTime": -1.0,
      "Segments": [
        0,
        -0.082,
        0,
        0.017,
        -0.028,
        0,
        0.3,
        -2.146,
        0,
        1.233,
        4.2,
        0,
        2.183,
        -3.945,
        0,
        3.183,
        3.679,
        0,
        4,
        0
      ]
    },
    {
      "Target": "Parameter",
      "Id": "ParamOPRY2",
      "FadeInTime": -1.0,
      "FadeOutTime": -1.0,
      "Segments": [
        0,
        -0.419,
        0,
        0.033,
        -0.634,
        0,
        0.217,
        0.742,
        0,
        0.483,
        -2.643,
        0,
        0.767,
        -0.71,
        0,
        0.95,
        -1.095,
        0,
        1.033,
        -0.933,
        0,
        1.05,
        -0.938,
        0,
        1.417,
        4.573,
        0,
        1.717,
        2.421,
        0,
        1.867,
        2.83,
        0,
        2.367,
        -3.754,
        0,
        2.583,
        -2.728,
        0,
        2.783,
        -3.276,
        0,
        3.367,
        3.421,
        0,
        3.583,
        2.578,
        0,
        3.783,
        2.996,
        1,
        3.855,
        2.996,
        3.928,
        2.101,
        4,
        0.977
      ]
    },
    {
      "Target": "Parameter",
      "Id": "ParamOPLX1",
      "FadeInTime": -1.0,
      "FadeOutTime": -1.0,
      "Segments": [
        0,
        1.386,
        0,
        0.183,
        -0.536,
        0,
        0.383,
        1.287,
        0,
        0.633,
        -1.125,
        0,
        0.867,
        0.525,
        0,
        1.233,
        -2.113,
        0,
        1.533,
        1.301,
        0,
        1.783,
        -0.792,
        0,
        2.1,
        2.144,
        0,
        2.433,
        -0.794,
        0,
        2.683,
        0.825,
        0,
        3.05,
        -1.633,
        0,
        3.45,
        0.534,
        0,
        3.683,
        -0.627,
        1,
        3.789,
        -0.627,
        3.894,
        0.889,
        4,
        1.416
      ]
    },
    {
      "Target": "Parameter",
      "Id": "ParamTuiRou1",
      "FadeInTime": -1.0,
      "FadeOutTime": -1.0,
      "Segments": [
        0,
        -0.082,
        0,
        0.017,
        -0.028,
        0,
        0.3,
        -2.146,
        0,
        1.233,
        4.2,
        0,
        2.183,
        -3.945,
        0,
        3.183,
        3.679,
        1,
        3.455,
        3.679,
        3.728,
        -1.23,
        4,
        -3.03
      ]
    },
    {
      "Target": "Parameter",
      "Id": "ParamTuiRou2",
      "FadeInTime": -1.0,
      "FadeOutTime": -1.0,
      "Segments": [
        0,
        -0.419,
        0,
        0.033,
        -0.634,
        0,
        0.217,
        0.742,
        0,
        0.483,
        -2.643,
        0,
        0.767,
        -0.71,
        0,
        0.95,
        -1.095,
        0,
        1.033,
        -0.933,
        0,
        1.05,
        -0.938,
        0,
        1.417,
        4.573,
        0,
        1.717,
        2.421,
        0,
        1.867,
        2.83,
        0,
        2.367,
        -3.754,
        0,
        2.583,
        -2.728,
        0,
        2.783,
        -3.276,
        0,
        3.367,
        3.421,
        0,
        3.583,
        2.578,
        0,
        3.783,
        2.996,
        1,
        3.855,
        2.996,
        3.928,
        2.101,
        4,
        0.977
      ]
    },
    {
      "Target": "Parameter",
      "Id": "ParamTuiRou3",
      "FadeInTime": -1.0,
      "FadeOutTime": -1.0,
      "Segments": [
        0,
        1.386,
        0,
        0.183,
        -0.536,
        0,
        0.383,
        1.287,
        0,
        0.633,
        -1.125,
        0,
        0.867,
        0.525,
        0,
        1.233,
        -2.113,
        0,
        1.533,
        1.301,
        0,
        1.783,
        -0.792,
        0,
        2.1,
        2.144,
        0,
        2.433,
        -0.794,
        0,
        2.683,
        0.825,
        0,
        3.05,
        -1.633,
        0,
        3.45,
        0.534,
        0,
        3.683,
        -0.627,
        1,
        3.789,
        -0.627,
        3.894,
        0.889,
        4,
        1.416
      ]
    },
    {
      "Target": "Parameter",
      "Id": "Param29",
      "FadeInTime": -1.0,
      "FadeOutTime": -1.0,
      "Segments": [
        0,
        0,
        0,
        0.233,
        -0.913,
        0,
        0.533,
        -0.218,
        2,
        0.55,
        -0.218,
        2,
        0.567,
        -0.218,
        0,
        0.683,
        -0.247,
        0,
        1.233,
        1.35,
        0,
        2.183,
        -1.277,
        0,
        3.183,
        1.264,
        1,
        3.455,
        1.264,
        3.728,
        -0.423,
        4,
        -1.042
      ]
    },
    {
      "Target": "Parameter",
      "Id": "Param30",
      "FadeInTime": -1.0,
      "FadeOutTime": -1.0,
      "Segments": [
        0,
        0,
        0,
        0.167,
        0.594,
        0,
        0.417,
        -1.172,
        0,
        0.683,
        -0.15,
        0,
        0.917,
        -0.56,
        0,
        1.417,
        1.441,
        2,
        1.433,
        1.441,
        0,
        1.717,
        0.79,
        0,
        1.867,
        0.916,
        0,
        2.367,
        -1.222,
        0,
        2.583,
        -0.875,
        0,
        2.783,
        -1.041,
        0,
        3.367,
        1.189,
        0,
        3.583,
        0.9,
        2,
        3.6,
        0.9,
        0,
        3.783,
        1.029,
        1,
        3.855,
        1.029,
        3.928,
        0.723,
        4,
        0.338
      ]
    },
    {
      "Target": "Parameter",
      "Id": "ParamQianFa1_1",
      "FadeInTime": -1.0,
      "FadeOutTime": -1.0,
      "Segments": [
        0,
        -0.092,
        0,
        0.117,
        -0.818,
        0,
        0.383,
        0.372,
        0,
        0.65,
        -0.37,
        0,
        0.9,
        0.083,
        2,
        0.917,
        0.083,
        0,
        1.183,
        -0.212,
        0,
        1.433,
        -0.046,
        0,
        1.5,
        -0.068,
        0,
        1.633,
        2.176,
        0,
        1.883,
        -1.149,
        0,
        2.15,
        0.887,
        0,
        2.417,
        -0.427,
        0,
        2.683,
        0.388,
        0,
        2.95,
        -0.111,
        0,
        3,
        -0.07,
        0,
        3.117,
        -2.184,
        0,
        3.383,
        1.093,
        0,
        3.65,
        -0.918,
        0,
        3.917,
        0.37,
        1,
        3.945,
        0.37,
        3.972,
        0.286,
        4,
        0.174
      ]
    },
    {
      "Target": "Parameter",
      "Id": "ParamQianFa1_2",
      "FadeInTime": -1.0,
      "FadeOutTime": -1.0,
      "Segments": [
        0,
        -0.394,
        0,
        0.083,
        -0.102,
        0,
        0.3,
        -1.384,
        0,
        0.567,
        0.323,
        0,
        0.817,
        -0.948,
        0,
        1.083,
        -0.05,
        0,
        1.35,
        -0.627,
        0,
        1.5,
        -0.406,
        0,
        1.583,
        -1.75,
        0,
        1.817,
        3.412,
        0,
        2.067,
        -1.607,
        0,
        2.333,
        2.044,
        0,
        2.6,
        -0.544,
        0,
        2.85,
        0.87,
        0,
        3,
        0.394,
        0,
        3.083,
        1.552,
        0,
        3.317,
        -3.381,
        0,
        3.567,
        1.488,
        0,
        3.833,
        -2.122,
        1,
        3.889,
        -2.121,
        3.944,
        -1.144,
        4,
        -0.411
      ]
    },
    {
      "Target": "Parameter",
      "Id": "ParamQianFa1_3",
      "FadeInTime": -1.0,
      "FadeOutTime": -1.0,
      "Segments": [
        0,
        1.063,
        0,
        0.4,
        -0.671,
        0,
        0.683,
        0.842,
        0,
        0.95,
        -0.717,
        0,
        1.217,
        0.525,
        0,
        1.483,
        -0.347,
        0,
        1.517,
        -0.329,
        0,
        1.7,
        -1.449,
        0,
        1.933,
        2.663,
        0,
        2.2,
        -2.629,
        0,
        2.45,
        2.107,
        0,
        2.717,
        -1.49,
        0,
        2.95,
        1.113,
        0,
        3.067,
        0.727,
        0,
        3.183,
        1.098,
        0,
        3.433,
        -2.497,
        0,
        3.683,
        2.546,
        0,
        3.95,
        -2.062,
        1,
        3.967,
        -2.062,
        3.983,
        -1.939,
        4,
        -1.739
      ]
    },
    {
      "Target": "Parameter",
      "Id": "ParamQianFa1_4",
      "FadeInTime": -1.0,
      "FadeOutTime": -1.0,
      "Segments": [
        0,
        2.087,
        0,
        0.067,
        2.777,
        0,
        0.35,
        -1.185,
        0,
        0.767,
        1.071,
        0,
        1.05,
        -1.061,
        0,
        1.317,
        0.86,
        0,
        1.767,
        -1.375,
        0,
        2.033,
        3.128,
        0,
        2.3,
        -3.62,
        0,
        2.567,
        3.246,
        0,
        2.833,
        -2.872,
        0,
        3.1,
        2.057,
        0,
        3.517,
        -2.901,
        0,
        3.8,
        3.483,
        1,
        3.867,
        3.483,
        3.933,
        -0.252,
        4,
        -2.12
      ]
    },
    {
      "Target": "Parameter",
      "Id": "ParamQianFa2_1",
      "FadeInTime": -1.0,
      "FadeOutTime": -1.0,
      "Segments": [
        0,
        -0.622,
        0,
        0.117,
        -1.6,
        0,
        0.4,
        0.844,
        0,
        0.683,
        -0.696,
        0,
        0.967,
        0.261,
        0,
        1.267,
        -0.359,
        0,
        1.633,
        2.505,
        0,
        1.917,
        -1.333,
        0,
        2.2,
        1.033,
        0,
        2.5,
        -0.505,
        0,
        2.783,
        0.465,
        0,
        3.133,
        -2.635,
        0,
        3.417,
        1.341,
        0,
        3.7,
        -1.119,
        0,
        4,
        0.476
      ]
    },
    {
      "Target": "Parameter",
      "Id": "ParamQianFa2_2",
      "FadeInTime": -1.0,
      "FadeOutTime": -1.0,
      "Segments": [
        0,
        1.1,
        0,
        0.017,
        1.138,
        0,
        0.317,
        -2.296,
        0,
        0.6,
        0.982,
        0,
        0.883,
        -1.397,
        0,
        1.167,
        0.24,
        0,
        1.45,
        -0.821,
        0,
        1.5,
        -0.754,
        0,
        1.583,
        -2.105,
        0,
        1.833,
        3.591,
        0,
        2.117,
        -1.685,
        0,
        2.4,
        2.08,
        0,
        2.7,
        -0.594,
        0,
        2.967,
        1.07,
        0,
        3,
        1.037,
        0,
        3.083,
        2.277,
        0,
        3.333,
        -3.795,
        0,
        3.617,
        1.694,
        0,
        3.9,
        -2.247,
        1,
        3.933,
        -2.247,
        3.967,
        -1.909,
        4,
        -1.472
      ]
    },
    {
      "Target": "Parameter",
      "Id": "ParamQianFa2_3",
      "FadeInTime": -1.0,
      "FadeOutTime": -1.0,
      "Segments": [
        0,
        1.852,
        0,
        0.05,
        2.158,
        0,
        0.4,
        -1.873,
        0,
        0.7,
        1.718,
        0,
        0.983,
        -1.34,
        0,
        1.267,
        0.95,
        0,
        1.683,
        -1.698,
        0,
        1.95,
        2.814,
        0,
        2.233,
        -2.688,
        0,
        2.517,
        2.125,
        0,
        2.8,
        -1.305,
        0,
        3.167,
        2.023,
        0,
        3.45,
        -3.04,
        0,
        3.733,
        2.838,
        0,
        4,
        -2.215
      ]
    },
    {
      "Target": "Parameter",
      "Id": "ParamQianFa2_4",
      "FadeInTime": -1.0,
      "FadeOutTime": -1.0,
      "Segments": [
        0,
        -0.674,
        0,
        0.15,
        3.719,
        0,
        0.483,
        -2.992,
        0,
        0.8,
        2.632,
        0,
        1.083,
        -2.17,
        0,
        1.383,
        1.629,
        0,
        1.75,
        -2.036,
        0,
        2.05,
        3.506,
        0,
        2.333,
        -3.825,
        0,
        2.617,
        3.352,
        0,
        2.9,
        -2.436,
        0,
        3.233,
        2.717,
        0,
        3.55,
        -3.937,
        0,
        3.833,
        4.117,
        1,
        3.889,
        4.117,
        3.944,
        1.469,
        4,
        -0.711
      ]
    },
    {
      "Target": "Parameter",
      "Id": "ParamQianFa3_1",
      "FadeInTime": -1.0,
      "FadeOutTime": -1.0,
      "Segments": [
        0,
        -0.622,
        0,
        0.117,
        -1.6,
        0,
        0.4,
        0.844,
        0,
        0.683,
        -0.696,
        0,
        0.967,
        0.261,
        0,
        1.267,
        -0.359,
        0,
        1.633,
        2.505,
        0,
        1.917,
        -1.333,
        0,
        2.2,
        1.033,
        0,
        2.5,
        -0.505,
        0,
        2.783,
        0.465,
        0,
        3.133,
        -2.635,
        0,
        3.417,
        1.341,
        0,
        3.7,
        -1.119,
        0,
        4,
        0.476
      ]
    },
    {
      "Target": "Parameter",
      "Id": "ParamQianFa3_2",
      "FadeInTime": -1.0,
      "FadeOutTime": -1.0,
      "Segments": [
        0,
        1.1,
        0,
        0.017,
        1.138,
        0,
        0.317,
        -2.296,
        0,
        0.6,
        0.982,
        0,
        0.883,
        -1.397,
        0,
        1.167,
        0.24,
        0,
        1.45,
        -0.821,
        0,
        1.5,
        -0.754,
        0,
        1.583,
        -2.105,
        0,
        1.833,
        3.591,
        0,
        2.117,
        -1.685,
        0,
        2.4,
        2.08,
        0,
        2.7,
        -0.594,
        0,
        2.967,
        1.07,
        0,
        3,
        1.037,
        0,
        3.083,
        2.277,
        0,
        3.333,
        -3.795,
        0,
        3.617,
        1.694,
        0,
        3.9,
        -2.247,
        1,
        3.933,
        -2.247,
        3.967,
        -1.909,
        4,
        -1.472
      ]
    },
    {
      "Target": "Parameter",
      "Id": "ParamQianFa3_3",
      "FadeInTime": -1.0,
      "FadeOutTime": -1.0,
      "Segments": [
        0,
        1.852,
        0,
        0.05,
        2.158,
        0,
        0.4,
        -1.873,
        0,
        0.7,
        1.718,
        0,
        0.983,
        -1.34,
        0,
        1.267,
        0.95,
        0,
        1.683,
        -1.698,
        0,
        1.95,
        2.814,
        0,
        2.233,
        -2.688,
        0,
        2.517,
        2.125,
        0,
        2.8,
        -1.305,
        0,
        3.167,
        2.023,
        0,
        3.45,
        -3.04,
        0,
        3.733,
        2.838,
        0,
        4,
        -2.215
      ]
    },
    {
      "Target": "Parameter",
      "Id": "ParamQianFa3_4",
      "FadeInTime": -1.0,
      "FadeOutTime": -1.0,
      "Segments": [
        0,
        -0.674,
        0,
        0.15,
        3.719,
        0,
        0.483,
        -2.992,
        0,
        0.8,
        2.632,
        0,
        1.083,
        -2.17,
        0,
        1.383,
        1.629,
        0,
        1.75,
        -2.036,
        0,
        2.05,
        3.506,
        0,
        2.333,
        -3.825,
        0,
        2.617,
        3.352,
        0,
        2.9,
        -2.436,
        0,
        3.233,
        2.717,
        0,
        3.55,
        -3.937,
        0,
        3.833,
        4.117,
        1,
        3.889,
        4.117,
        3.944,
        1.469,
        4,
        -0.711
      ]
    },
    {
      "Target": "Parameter",
      "Id": "Param19",
      "FadeInTime": -1.0,
      "FadeOutTime": -1.0,
      "Segments": [
        0,
        0,
        1,
        1.333,
        6.845,
        2.667,
        13.69,
        4,
        20.535
      ]
    },
    {
      "Target": "Parameter",
      "Id": "Param16",
      "FadeInTime": -1.0,
      "FadeOutTime": -1.0,
      "Segments": [
        0,
        0,
        0,
        2.567,
        9,
        1,
        3.045,
        9,
        3.522,
        6.265,
        4,
        3.81
      ]
    },
    {
      "Target": "Parameter",
      "Id": "Param14",
      "FadeInTime": -1.0,
      "FadeOutTime": -1.0,
      "Segments": [
        0,
        0,
        1,
        1.333,
        0.856,
        2.667,
        1.711,
        4,
        2.567
      ]
    },
    {
      "Target": "Parameter",
      "Id": "Param15",
      "FadeInTime": -1.0,
      "FadeOutTime": -1.0,
      "Segments": [
        0,
        0,
        2,
        1.233,
        0,
        0,
        1.3,
        10,
        0,
        1.383,
        8.228,
        0,
        1.45,
        10,
        0,
        1.55,
        7.31,
        1,
        1.578,
        7.31,
        1.605,
        9.944,
        1.633,
        9.948,
        1,
        1.916,
        9.986,
        2.2,
        10,
        2.483,
        10,
        0,
        2.567,
        6.706,
        0,
        2.633,
        10,
        0,
        2.717,
        8.215,
        0,
        2.8,
        9.995,
        1,
        3.161,
        9.999,
        3.522,
        10,
        3.883,
        10,
        0,
        3.967,
        6.706,
        1,
        3.978,
        6.706,
        3.989,
        7.53,
        4,
        8.353
      ]
    },
    {
      "Target": "Parameter",
      "Id": "Param18",
      "FadeInTime": -1.0,
      "FadeOutTime": -1.0,
      "Segments": [
        0,
        5,
        1,
        1.333,
        5.856,
        2.667,
        6.711,
        4,
        7.567
      ]
    },
    {
      "Target": "Parameter",
      "Id": "Param17",
      "FadeInTime": -1.0,
      "FadeOutTime": -1.0,
      "Segments": [
        0,
        0,
        2,
        0.85,
        0,
        0,
        0.917,
        10,
        0,
        1,
        8.228,
        0,
        1.067,
        10,
        0,
        1.167,
        7.31,
        1,
        1.195,
        7.31,
        1.222,
        9.943,
        1.25,
        9.948,
        1,
        1.472,
        9.987,
        1.695,
        10,
        1.917,
        10,
        0,
        2,
        6.706,
        0,
        2.067,
        10,
        0,
        2.15,
        8.215,
        0,
        2.233,
        9.995,
        1,
        2.516,
        9.999,
        2.8,
        10,
        3.083,
        10,
        0,
        3.167,
        6.706,
        0,
        3.233,
        10,
        0,
        3.317,
        8.215,
        0,
        3.4,
        9.995,
        1,
        3.6,
        9.997,
        3.8,
        9.999,
        4,
        9.999
      ]
    },
    {
      "Target": "Parameter",
      "Id": "Param6",
      "FadeInTime": -1.0,
      "FadeOutTime": -1.0,
      "Segments": [
        0,
        2.91,
        0,
        2.583,
        -2.913,
        1,
        3.055,
        -2.913,
        3.528,
        -1.183,
        4,
        0.391
      ]
    },
    {
      "Target": "Parameter",
      "Id": "Param7",
      "FadeInTime": -1.0,
      "FadeOutTime": -1.0,
      "Segments": [
        0,
        2,
        0,
        0.85,
        4.016,
        0,
        3.45,
        -4.016,
        1,
        3.633,
        -4.016,
        3.817,
        -3.657,
        4,
        -3.09
      ]
    },
    {
      "Target": "Parameter",
      "Id": "Param8",
      "FadeInTime": -1.0,
      "FadeOutTime": -1.0,
      "Segments": [
        0,
        -2.32,
        0,
        1.717,
        4.987,
        1,
        2.478,
        4.987,
        3.239,
        -2.705,
        4,
        -4.579
      ]
    },
    {
      "Target": "Parameter",
      "Id": "Param9",
      "FadeInTime": -1.0,
      "FadeOutTime": -1.0,
      "Segments": [
        0,
        -7.74,
        0,
        2.583,
        7.743,
        1,
        3.055,
        7.743,
        3.528,
        3.145,
        4,
        -1.04
      ]
    },
    {
      "Target": "Parameter",
      "Id": "Param12",
      "FadeInTime": -1.0,
      "FadeOutTime": -1.0,
      "Segments": [
        0,
        0,
        1,
        1.333,
        0.856,
        2.667,
        1.711,
        4,
        2.567
      ]
    },
    {
      "Target": "Parameter",
      "Id": "Param13",
      "FadeInTime": -1.0,
      "FadeOutTime": -1.0,
      "Segments": [
        0,
        5,
        1,
        1.333,
        5.856,
        2.667,
        6.711,
        4,
        7.567
      ]
    },
    {
      "Target": "Parameter",
      "Id": "MB_wutixialuoxunhuan",
      "FadeInTime": -1.0,
      "FadeOutTime": -1.0,
      "Segments": [
        0,
        0,
        1,
        1.333,
        0.257,
        2.667,
        0.513,
        4,
        0.77
      ]
    },
    {
      "Target": "Parameter",
      "Id": "MB_wutixialuojiaodu",
      "FadeInTime": -1.0,
      "FadeOutTime": -1.0,
      "Segments": [
        0,
        0,
        1,
        1.333,
        0.344,
        2.667,
        0.688,
        4,
        1.032
      ]
    },
    {
      "Target": "Parameter",
      "Id": "MB_Awutifanzhuan",
      "FadeInTime": -1.0,
      "FadeOutTime": -1.0,
      "Segments": [
        0,
        0,
        0,
        1.8,
        1,
        0,
        3.783,
        0,
        1,
        3.855,
        0,
        3.928,
        0.012,
        4,
        0.033
      ]
    },
    {
      "Target": "Parameter",
      "Id": "MB_Awutidaxiao",
      "FadeInTime": -1.0,
      "FadeOutTime": -1.0,
      "Segments": [
        0,
        0,
        0,
        3.783,
        0.1,
        1,
        3.855,
        0.1,
        3.928,
        0.1,
        4,
        0.099
      ]
    },
    {
      "Target": "Parameter",
      "Id": "MB_Awutijiaodu",
      "FadeInTime": -1.0,
      "FadeOutTime": -1.0,
      "Segments": [
        0,
        1,
        0,
        3.783,
        0.307,
        1,
        3.855,
        0.307,
        3.928,
        0.309,
        4,
        0.313
      ]
    },
    {
      "Target": "Parameter",
      "Id": "MB_Bwutifanzhuan",
      "FadeInTime": -1.0,
      "FadeOutTime": -1.0,
      "Segments": [
        0,
        1,
        0,
        3.783,
        -1,
        1,
        3.855,
        -1,
        3.928,
        -0.994,
        4,
        -0.983
      ]
    },
    {
      "Target": "Parameter",
      "Id": "MB_Bwutidaxiao",
      "FadeInTime": -1.0,
      "FadeOutTime": -1.0,
      "Segments": [
        0,
        0,
        0,
        3.783,
        0.1,
        1,
        3.855,
        0.1,
        3.928,
        0.1,
        4,
        0.099
      ]
    },
    {
      "Target": "Parameter",
      "Id": "MB_Bwutijiaodu",
      "FadeInTime": -1.0,
      "FadeOutTime": -1.0,
      "Segments": [
        0,
        0,
        0,
        1.833,
        1,
        1,
        2.483,
        1,
        3.133,
        0.658,
        3.783,
        0,
        1,
        3.855,
        -0.073,
        3.928,
        -0.142,
        4,
        -0.207
      ]
    },
    {
      "Target": "Parameter",
      "Id": "MB_Cwutifanzhuan",
      "FadeInTime": -1.0,
      "FadeOutTime": -1.0,
      "Segments": [
        0,
        0,
        0,
        1.833,
        1,
        1,
        2.483,
        1,
        3.133,
        0.658,
        3.783,
        0,
        1,
        3.855,
        -0.073,
        3.928,
        -0.142,
        4,
        -0.207
      ]
    },
    {
      "Target": "Parameter",
      "Id": "MB_Cwutidaxiao",
      "FadeInTime": -1.0,
      "FadeOutTime": -1.0,
      "Segments": [
        0,
        0,
        0,
        3.783,
        -0.1,
        1,
        3.855,
        -0.1,
        3.928,
        -0.1,
        4,
        -0.099
      ]
    },
    {
      "Target": "Parameter",
      "Id": "MB_Cwutijiaodu",
      "FadeInTime": -1.0,
      "FadeOutTime": -1.0,
      "Segments": [
        0,
        -1,
        0,
        3.783,
        -0.142,
        1,
        3.855,
        -0.142,
        3.928,
        -0.145,
        4,
        -0.149
      ]
    },
    {
      "Target": "Parameter",
      "Id": "Param_Angle_Rotation_1_ArtMesh186",
      "FadeInTime": -1.0,
      "FadeOutTime": -1.0,
      "Segments": [
        0,
        0.99,
        0,
        2.583,
        -0.992,
        1,
        3.055,
        -0.992,
        3.528,
        -0.403,
        4,
        0.133
      ]
    },
    {
      "Target": "Parameter",
      "Id": "Param_Angle_Rotation_2_ArtMesh186",
      "FadeInTime": -1.0,
      "FadeOutTime": -1.0,
      "Segments": [
        0,
        0.91,
        0,
        0.3,
        0.992,
        0,
        2.9,
        -0.992,
        1,
        3.267,
        -0.992,
        3.633,
        -0.637,
        4,
        -0.227
      ]
    },
    {
      "Target": "Parameter",
      "Id": "Param_Angle_Rotation_3_ArtMesh186",
      "FadeInTime": -1.0,
      "FadeOutTime": -1.0,
      "Segments": [
        0,
        0.68,
        0,
        0.633,
        0.992,
        0,
        3.233,
        -0.992,
        1,
        3.489,
        -0.992,
        3.744,
        -0.819,
        4,
        -0.576
      ]
    },
    {
      "Target": "Parameter",
      "Id": "Param_Angle_Rotation_4_ArtMesh186",
      "FadeInTime": -1.0,
      "FadeOutTime": -1.0,
      "Segments": [
        0,
        0.38,
        0,
        0.95,
        1.016,
        0,
        3.55,
        -1.016,
        1,
        3.7,
        -1.016,
        3.85,
        -0.955,
        4,
        -0.854
      ]
    },
    {
      "Target": "Parameter",
      "Id": "Param_Angle_Rotation_5_ArtMesh186",
      "FadeInTime": -1.0,
      "FadeOutTime": -1.0,
      "Segments": [
        0,
        0,
        0,
        1.283,
        1.016,
        0,
        3.883,
        -1.016,
        1,
        3.922,
        -1.016,
        3.961,
        -1.012,
        4,
        -1.004
      ]
    },
    {
      "Target": "Parameter",
      "Id": "Param_Angle_Rotation_6_ArtMesh186",
      "FadeInTime": -1.0,
      "FadeOutTime": -1.0,
      "Segments": [
        0,
        -0.36,
        0,
        1.6,
        1.016,
        1,
        2.4,
        1.016,
        3.2,
        -0.715,
        4,
        -0.982
      ]
    },
    {
      "Target": "Parameter",
      "Id": "Param_Angle_Rotation_7_ArtMesh186",
      "FadeInTime": -1.0,
      "FadeOutTime": -1.0,
      "Segments": [
        0,
        -0.7,
        0,
        1.933,
        1.016,
        1,
        2.622,
        1.016,
        3.311,
        -0.268,
        4,
        -0.795
      ]
    },
    {
      "Target": "Parameter",
      "Id": "Param_Angle_Rotation_8_ArtMesh186",
      "FadeInTime": -1.0,
      "FadeOutTime": -1.0,
      "Segments": [
        0,
        -0.92,
        0,
        2.25,
        1.016,
        1,
        2.833,
        1.016,
        3.417,
        0.095,
        4,
        -0.506
      ]
    },
    {
      "Target": "Parameter",
      "Id": "Param_Angle_Rotation_9_ArtMesh186",
      "FadeInTime": -1.0,
      "FadeOutTime": -1.0,
      "Segments": [
        0,
        -1.02,
        0,
        2.583,
        1.016,
        1,
        3.055,
        1.016,
        3.528,
        0.413,
        4,
        -0.136
      ]
    },
    {
      "Target": "Parameter",
      "Id": "Param_Angle_Rotation_10_ArtMesh186",
      "FadeInTime": -1.0,
      "FadeOutTime": -1.0,
      "Segments": [
        0,
        -0.93,
        0,
        0.3,
        -1.016,
        0,
        2.9,
        1.016,
        1,
        3.267,
        1.016,
        3.633,
        0.652,
        4,
        0.233
      ]
    },
    {
      "Target": "Parameter",
      "Id": "Param_Angle_Rotation_11_ArtMesh186",
      "FadeInTime": -1.0,
      "FadeOutTime": -1.0,
      "Segments": [
        0,
        -2.06,
        0,
        0.633,
        -3,
        0,
        3.233,
        3,
        1,
        3.489,
        3,
        3.744,
        2.478,
        4,
        1.743
      ]
    },
    {
      "Target": "Parameter",
      "Id": "Param_Angle_Rotation_12_ArtMesh186",
      "FadeInTime": -1.0,
      "FadeOutTime": -1.0,
      "Segments": [
        0,
        -1.13,
        0,
        0.95,
        -3,
        0,
        3.55,
        3,
        1,
        3.7,
        3,
        3.85,
        2.82,
        4,
        2.523
      ]
    },
    {
      "Target": "Parameter",
      "Id": "Param_Angle_Rotation_13_ArtMesh186",
      "FadeInTime": -1.0,
      "FadeOutTime": -1.0,
      "Segments": [
        0,
        0,
        0,
        1.283,
        -3,
        0,
        3.883,
        3,
        1,
        3.922,
        3,
        3.961,
        2.988,
        4,
        2.965
      ]
    },
    {
      "Target": "Parameter",
      "Id": "Param_Angle_Rotation_14_ArtMesh186",
      "FadeInTime": -1.0,
      "FadeOutTime": -1.0,
      "Segments": [
        0,
        1.08,
        0,
        1.6,
        -3,
        1,
        2.4,
        -3,
        3.2,
        2.112,
        4,
        2.899
      ]
    },
    {
      "Target": "Parameter",
      "Id": "Param_Angle_Rotation_15_ArtMesh186",
      "FadeInTime": -1.0,
      "FadeOutTime": -1.0,
      "Segments": [
        0,
        2.06,
        0,
        1.933,
        -3,
        1,
        2.622,
        -3,
        3.311,
        0.791,
        4,
        2.346
      ]
    },
    {
      "Target": "Parameter",
      "Id": "Param_Angle_Rotation_1_ArtMesh187",
      "FadeInTime": -1.0,
      "FadeOutTime": -1.0,
      "Segments": [
        0,
        -0.99,
        0,
        2.583,
        0.992,
        1,
        3.055,
        0.992,
        3.528,
        0.403,
        4,
        -0.133
      ]
    },
    {
      "Target": "Parameter",
      "Id": "Param_Angle_Rotation_2_ArtMesh187",
      "FadeInTime": -1.0,
      "FadeOutTime": -1.0,
      "Segments": [
        0,
        -0.91,
        0,
        0.3,
        -0.992,
        0,
        2.9,
        0.992,
        1,
        3.267,
        0.992,
        3.633,
        0.637,
        4,
        0.227
      ]
    },
    {
      "Target": "Parameter",
      "Id": "Param_Angle_Rotation_3_ArtMesh187",
      "FadeInTime": -1.0,
      "FadeOutTime": -1.0,
      "Segments": [
        0,
        -0.68,
        0,
        0.633,
        -0.992,
        0,
        3.233,
        0.992,
        1,
        3.489,
        0.992,
        3.744,
        0.819,
        4,
        0.576
      ]
    },
    {
      "Target": "Parameter",
      "Id": "Param_Angle_Rotation_4_ArtMesh187",
      "FadeInTime": -1.0,
      "FadeOutTime": -1.0,
      "Segments": [
        0,
        -0.38,
        0,
        0.95,
        -1.016,
        0,
        3.55,
        1.016,
        1,
        3.7,
        1.016,
        3.85,
        0.955,
        4,
        0.854
      ]
    },
    {
      "Target": "Parameter",
      "Id": "Param_Angle_Rotation_5_ArtMesh187",
      "FadeInTime": -1.0,
      "FadeOutTime": -1.0,
      "Segments": [
        0,
        0,
        0,
        1.283,
        -1.016,
        0,
        3.883,
        1.016,
        1,
        3.922,
        1.016,
        3.961,
        1.012,
        4,
        1.004
      ]
    },
    {
      "Target": "Parameter",
      "Id": "Param_Angle_Rotation_6_ArtMesh187",
      "FadeInTime": -1.0,
      "FadeOutTime": -1.0,
      "Segments": [
        0,
        0.36,
        0,
        1.6,
        -1.016,
        1,
        2.4,
        -1.016,
        3.2,
        0.715,
        4,
        0.982
      ]
    },
    {
      "Target": "Parameter",
      "Id": "Param_Angle_Rotation_7_ArtMesh187",
      "FadeInTime": -1.0,
      "FadeOutTime": -1.0,
      "Segments": [
        0,
        0.7,
        0,
        1.933,
        -1.016,
        1,
        2.622,
        -1.016,
        3.311,
        0.268,
        4,
        0.795
      ]
    },
    {
      "Target": "Parameter",
      "Id": "Param_Angle_Rotation_8_ArtMesh187",
      "FadeInTime": -1.0,
      "FadeOutTime": -1.0,
      "Segments": [
        0,
        0.92,
        0,
        2.25,
        -1.016,
        1,
        2.833,
        -1.016,
        3.417,
        -0.095,
        4,
        0.506
      ]
    },
    {
      "Target": "Parameter",
      "Id": "Param_Angle_Rotation_9_ArtMesh187",
      "FadeInTime": -1.0,
      "FadeOutTime": -1.0,
      "Segments": [
        0,
        1.02,
        0,
        2.583,
        -1.016,
        1,
        3.055,
        -1.016,
        3.528,
        -0.413,
        4,
        0.136
      ]
    },
    {
      "Target": "Parameter",
      "Id": "Param_Angle_Rotation_10_ArtMesh187",
      "FadeInTime": -1.0,
      "FadeOutTime": -1.0,
      "Segments": [
        0,
        0.93,
        0,
        0.3,
        1.016,
        0,
        2.9,
        -1.016,
        1,
        3.267,
        -1.016,
        3.633,
        -0.652,
        4,
        -0.233
      ]
    },
    {
      "Target": "Parameter",
      "Id": "Param_Angle_Rotation_11_ArtMesh187",
      "FadeInTime": -1.0,
      "FadeOutTime": -1.0,
      "Segments": [
        0,
        2.06,
        0,
        0.633,
        3,
        0,
        3.233,
        -3,
        1,
        3.489,
        -3,
        3.744,
        -2.478,
        4,
        -1.743
      ]
    },
    {
      "Target": "Parameter",
      "Id": "Param_Angle_Rotation_12_ArtMesh187",
      "FadeInTime": -1.0,
      "FadeOutTime": -1.0,
      "Segments": [
        0,
        1.13,
        0,
        0.95,
        3,
        0,
        3.55,
        -3,
        1,
        3.7,
        -3,
        3.85,
        -2.82,
        4,
        -2.523
      ]
    },
    {
      "Target": "Parameter",
      "Id": "Param_Angle_Rotation_13_ArtMesh187",
      "FadeInTime": -1.0,
      "FadeOutTime": -1.0,
      "Segments": [
        0,
        0,
        0,
        1.283,
        3,
        0,
        3.883,
        -3,
        1,
        3.922,
        -3,
        3.961,
        -2.988,
        4,
        -2.965
      ]
    },
    {
      "Target": "Parameter",
      "Id": "Param_Angle_Rotation_14_ArtMesh187",
      "FadeInTime": -1.0,
      "FadeOutTime": -1.0,
      "Segments": [
        0,
        -1.08,
        0,
        1.6,
        3,
        1,
        2.4,
        3,
        3.2,
        -2.112,
        4,
        -2.899
      ]
    },
    {
      "Target": "Parameter",
      "Id": "Param_Angle_Rotation_15_ArtMesh187",
      "FadeInTime": -1.0,
      "FadeOutTime": -1.0,
      "Segments": [
        0,
        -2.06,
        0,
        1.933,
        3,
        1,
        2.622,
        3,
        3.311,
        -0.791,
        4,
        -2.346
      ]
    },
    {
      "Target": "Parameter",
      "Id": "Param_Angle_Rotation_1_ArtMesh188",
      "FadeInTime": -1.0,
      "FadeOutTime": -1.0,
      "Segments": [
        0,
        -3,
        0,
        3.85,
        3,
        1,
        3.9,
        3,
        3.95,
        2.991,
        4,
        2.974
      ]
    },
    {
      "Target": "Parameter",
      "Id": "Param_Angle_Rotation_2_ArtMesh188",
      "FadeInTime": -1.0,
      "FadeOutTime": -1.0,
      "Segments": [
        0,
        -2.6,
        0,
        0.617,
        -3,
        1,
        1.745,
        -3,
        2.872,
        1.554,
        4,
        2.727
      ]
    },
    {
      "Target": "Parameter",
      "Id": "Param_Angle_Rotation_3_ArtMesh188",
      "FadeInTime": -1.0,
      "FadeOutTime": -1.0,
      "Segments": [
        0,
        -2.99,
        0,
        1.25,
        -5.277,
        1,
        2.167,
        -5.277,
        3.083,
        -0.625,
        4,
        2.118
      ]
    },
    {
      "Target": "Parameter",
      "Id": "Param_Angle_Rotation_4_ArtMesh188",
      "FadeInTime": -1.0,
      "FadeOutTime": -1.0,
      "Segments": [
        0,
        -0.75,
        0,
        1.9,
        -5.277,
        1,
        2.6,
        -5.277,
        3.3,
        -2.564,
        4,
        -0.06
      ]
    },
    {
      "Target": "Parameter",
      "Id": "Param_Angle_Rotation_5_ArtMesh188",
      "FadeInTime": -1.0,
      "FadeOutTime": -1.0,
      "Segments": [
        0,
        1.53,
        0,
        2.55,
        -5.277,
        1,
        3.033,
        -5.277,
        3.517,
        -3.973,
        4,
        -2.338
      ]
    },
    {
      "Target": "Parameter",
      "Id": "Param_Angle_Rotation_6_ArtMesh188",
      "FadeInTime": -1.0,
      "FadeOutTime": -1.0,
      "Segments": [
        0,
        5.97,
        0,
        3.2,
        -6.356,
        1,
        3.467,
        -6.356,
        3.733,
        -5.786,
        4,
        -4.881
      ]
    },
    {
      "Target": "Parameter",
      "Id": "Param_Angle_Rotation_7_ArtMesh188",
      "FadeInTime": -1.0,
      "FadeOutTime": -1.0,
      "Segments": [
        0,
        7.07,
        0,
        3.85,
        -6.356,
        1,
        3.9,
        -6.356,
        3.95,
        -6.336,
        4,
        -6.297
      ]
    },
    {
      "Target": "Parameter",
      "Id": "Param_Angle_Rotation_8_ArtMesh188",
      "FadeInTime": -1.0,
      "FadeOutTime": -1.0,
      "Segments": [
        0,
        6.17,
        0,
        0.617,
        7.075,
        1,
        1.745,
        7.075,
        2.872,
        -3.12,
        4,
        -5.745
      ]
    },
    {
      "Target": "Parameter",
      "Id": "Param_Angle_Rotation_9_ArtMesh188",
      "FadeInTime": -1.0,
      "FadeOutTime": -1.0,
      "Segments": [
        0,
        3.96,
        0,
        1.25,
        7.913,
        1,
        2.167,
        7.913,
        3.083,
        -0.135,
        4,
        -4.881
      ]
    },
    {
      "Target": "Parameter",
      "Id": "Param_Angle_Rotation_10_ArtMesh188",
      "FadeInTime": -1.0,
      "FadeOutTime": -1.0,
      "Segments": [
        0,
        0.08,
        0,
        1.9,
        7.913,
        1,
        2.6,
        7.913,
        3.3,
        3.22,
        4,
        -1.112
      ]
    },
    {
      "Target": "Parameter",
      "Id": "Param_Angle_Rotation_11_ArtMesh188",
      "FadeInTime": -1.0,
      "FadeOutTime": -1.0,
      "Segments": [
        0,
        -3.86,
        0,
        2.55,
        7.913,
        1,
        3.033,
        7.913,
        3.517,
        5.656,
        4,
        2.828
      ]
    },
    {
      "Target": "Parameter",
      "Id": "Param_Angle_Rotation_12_ArtMesh188",
      "FadeInTime": -1.0,
      "FadeOutTime": -1.0,
      "Segments": [
        0,
        -8.59,
        0,
        3.2,
        9.351,
        1,
        3.467,
        9.351,
        3.733,
        8.522,
        4,
        7.205
      ]
    },
    {
      "Target": "Parameter",
      "Id": "Param_Angle_Rotation_13_ArtMesh188",
      "FadeInTime": -1.0,
      "FadeOutTime": -1.0,
      "Segments": [
        0,
        -10.19,
        0,
        3.867,
        9.351,
        1,
        3.911,
        9.351,
        3.956,
        9.328,
        4,
        9.283
      ]
    },
    {
      "Target": "Parameter",
      "Id": "Param_Angle_Rotation_14_ArtMesh188",
      "FadeInTime": -1.0,
      "FadeOutTime": -1.0,
      "Segments": [
        0,
        -8.87,
        0,
        0.617,
        -10.19,
        1,
        1.745,
        -10.19,
        2.872,
        4.516,
        4,
        8.413
      ]
    },
    {
      "Target": "Parameter",
      "Id": "Param_Angle_Rotation_15_ArtMesh188",
      "FadeInTime": -1.0,
      "FadeOutTime": -1.0,
      "Segments": [
        0,
        -5.39,
        0,
        1.25,
        -10.19,
        1,
        2.167,
        -10.19,
        3.083,
        -0.557,
        4,
        5.182
      ]
    },
    {
      "Target": "Parameter",
      "Id": "Param_Angle_Rotation_16_ArtMesh188",
      "FadeInTime": -1.0,
      "FadeOutTime": -1.0,
      "Segments": [
        0,
        -0.67,
        0,
        1.9,
        -10.19,
        1,
        2.6,
        -10.19,
        3.3,
        -4.572,
        4,
        0.639
      ]
    },
    {
      "Target": "Parameter",
      "Id": "Param80",
      "FadeInTime": -1.0,
      "FadeOutTime": -1.0,
      "Segments": [
        0,
        10,
        0,
        4,
        10
      ]
    },
    {
      "Target": "Parameter",
      "Id": "Param81",
      "FadeInTime": -1.0,
      "FadeOutTime": -1.0,
      "Segments": [
        0,
        10,
        0,
        4,
        10
      ]
    },
    {
      "Target": "Parameter",
      "Id": "Param84",
      "FadeInTime": -1.0,
      "FadeOutTime": -1.0,
      "Segments": [
        0,
        10,
        0,
        4,
        10
      ]
    },
    {
      "Target": "Parameter",
      "Id": "Param83",
      "FadeInTime": -1.0,
      "FadeOutTime": -1.0,
      "Segments": [
        0,
        -2.96,
        0,
        4,
        -2.96
      ]
    },
    {
      "Target": "Parameter",
      "Id": "Param79",
      "FadeInTime": -1.0,
      "FadeOutTime": -1.0,
      "Segments": [
        0,
        10,
        0,
        4,
        10
      ]
    },
    {
      "Target": "Parameter",
      "Id": "ParamALLX",
      "FadeInTime": -1.0,
      "FadeOutTime": -1.0,
      "Segments": [
        0,
        0,
        0,
        4,
        0
      ]
    },
    {
      "Target": "Parameter",
      "Id": "ParamALLY",
      "FadeInTime": -1.0,
      "FadeOutTime": -1.0,
      "Segments": [
        0,
        0,
        0,
        4,
        0
      ]
    },
    {
      "Target": "Parameter",
      "Id": "ParamALLZ",
      "FadeInTime": -1.0,
      "FadeOutTime": -1.0,
      "Segments": [
        0,
        0,
        0,
        4,
        0
      ]
    },
    {
      "Target": "Parameter",
      "Id": "ParamALLS",
      "FadeInTime": -1.0,
      "FadeOutTime": -1.0,
      "Segments": [
        0,
        0,
        0,
        4,
        0
      ]
    },
    {
      "Target": "Parameter",
      "Id": "ParamRenwuX8",
      "FadeInTime": -1.0,
      "FadeOutTime": -1.0,
      "Segments": [
        0,
        10,
        0,
        4,
        10
      ]
    },
    {
      "Target": "Parameter",
      "Id": "ParamRenwuX5",
      "FadeInTime": -1.0,
      "FadeOutTime": -1.0,
      "Segments": [
        0,
        0,
        0,
        4,
        0
      ]
    },
    {
      "Target": "Parameter",
      "Id": "ParamRenwuX6",
      "FadeInTime": -1.0,
      "FadeOutTime": -1.0,
      "Segments": [
        0,
        0,
        0,
        4,
        0
      ]
    },
    {
      "Target": "Parameter",
      "Id": "ParamRenwuX9",
      "FadeInTime": -1.0,
      "FadeOutTime": -1.0,
      "Segments": [
        0,
        0,
        0,
        4,
        0
      ]
    },
    {
      "Target": "Parameter",
      "Id": "ParamRenwuX2",
      "FadeInTime": -1.0,
      "FadeOutTime": -1.0,
      "Segments": [
        0,
        0,
        0,
        4,
        0
      ]
    },
    {
      "Target": "Parameter",
      "Id": "ParamRenwuX3",
      "FadeInTime": -1.0,
      "FadeOutTime": -1.0,
      "Segments": [
        0,
        0,
        0,
        4,
        0
      ]
    },
    {
      "Target": "Parameter",
      "Id": "ParamRenwuX7",
      "FadeInTime": -1.0,
      "FadeOutTime": -1.0,
      "Segments": [
        0,
        0,
        0,
        4,
        0
      ]
    },
    {
      "Target": "Parameter",
      "Id": "ParamRenwu",
      "FadeInTime": -1.0,
      "FadeOutTime": -1.0,
      "Segments": [
        0,
        1,
        0,
        4,
        1
      ]
    },
    {
      "Target": "Parameter",
      "Id": "ParamRenwuX",
      "FadeInTime": -1.0,
      "FadeOutTime": -1.0,
      "Segments": [
        0,
        -0.84,
        0,
        4,
        -0.84
      ]
    },
    {
      "Target": "Parameter",
      "Id": "ParamRenwuY",
      "FadeInTime": -1.0,
      "FadeOutTime": -1.0,
      "Segments": [
        0,
        -0.66,
        0,
        4,
        -0.66
      ]
    },
    {
      "Target": "Parameter",
      "Id": "ParamRenwuZ",
      "FadeInTime": -1.0,
      "FadeOutTime": -1.0,
      "Segments": [
        0,
        3.36,
        0,
        4,
        3.36
      ]
    },
    {
      "Target": "Parameter",
      "Id": "ParamRenwuS",
      "FadeInTime": -1.0,
      "FadeOutTime": -1.0,
      "Segments": [
        0,
        0,
        0,
        4,
        0
      ]
    },
    {
      "Target": "Parameter",
      "Id": "ParamBeijing",
      "FadeInTime": -1.0,
      "FadeOutTime": -1.0,
      "Segments": [
        0,
        1,
        0,
        4,
        1
      ]
    },
    {
      "Target": "Parameter",
      "Id": "ParamBeijingX",
      "FadeInTime": -1.0,
      "FadeOutTime": -1.0,
      "Segments": [
        0,
        0,
        0,
        4,
        0
      ]
    },
    {
      "Target": "Parameter",
      "Id": "ParamBeijingY",
      "FadeInTime": -1.0,
      "FadeOutTime": -1.0,
      "Segments": [
        0,
        0,
        0,
        4,
        0
      ]
    },
    {
      "Target": "Parameter",
      "Id": "ParamBeijingZ",
      "FadeInTime": -1.0,
      "FadeOutTime": -1.0,
      "Segments": [
        0,
        0,
        0,
        4,
        0
      ]
    },
    {
      "Target": "Parameter",
      "Id": "ParamBeijingS",
      "FadeInTime": -1.0,
      "FadeOutTime": -1.0,
      "Segments": [
        0,
        0,
        0,
        4,
        0
      ]
    },
    {
      "Target": "Parameter",
      "Id": "ParamEyeLSmile",
      "FadeInTime": -1.0,
      "FadeOutTime": -1.0,
      "Segments": [
        0,
        0,
        0,
        4,
        0
      ]
    },
    {
      "Target": "Parameter",
      "Id": "ParamEyeRSmile",
      "FadeInTime": -1.0,
      "FadeOutTime": -1.0,
      "Segments": [
        0,
        0,
        0,
        4,
        0
      ]
    },
    {
      "Target": "Parameter",
      "Id": "ParamEyeBallX",
      "FadeInTime": -1.0,
      "FadeOutTime": -1.0,
      "Segments": [
        0,
        0,
        0,
        4,
        0
      ]
    },
    {
      "Target": "Parameter",
      "Id": "ParamEyeBallY",
      "FadeInTime": -1.0,
      "FadeOutTime": -1.0,
      "Segments": [
        0,
        0,
        0,
        4,
        0
      ]
    },
    {
      "Target": "Parameter",
      "Id": "ParamBrowRY",
      "FadeInTime": -1.0,
      "FadeOutTime": -1.0,
      "Segments": [
        0,
        0,
        0,
        4,
        0
      ]
    },
    {
      "Target": "Parameter",
      "Id": "ParamBrowRForm",
      "FadeInTime": -1.0,
      "FadeOutTime": -1.0,
      "Segments": [
        0,
        0,
        0,
        4,
        0
      ]
    },
    {
      "Target": "Parameter",
      "Id": "ParamBrowLY",
      "FadeInTime": -1.0,
      "FadeOutTime": -1.0,
      "Segments": [
        0,
        0,
        0,
        4,
        0
      ]
    },
    {
      "Target": "Parameter",
      "Id": "ParamBrowLForm",
      "FadeInTime": -1.0,
      "FadeOutTime": -1.0,
      "Segments": [
        0,
        0,
        0,
        4,
        0
      ]
    },
    {
      "Target": "Parameter",
      "Id": "Param4",
      "FadeInTime": -1.0,
      "FadeOutTime": -1.0,
      "Segments": [
        0,
        0,
        0,
        4,
        0
      ]
    },
    {
      "Target": "Parameter",
      "Id": "ParamMouthForm",
      "FadeInTime": -1.0,
      "FadeOutTime": -1.0,
      "Segments": [
        0,
        0,
        0,
        4,
        0
      ]
    },
    {
      "Target": "Parameter",
      "Id": "ParamMouthOpenY",
      "FadeInTime": -1.0,
      "FadeOutTime": -1.0,
      "Segments": [
        0,
        0,
        0,
        4,
        0
      ]
    },
    {
      "Target": "Parameter",
      "Id": "ParamMouthS",
      "FadeInTime": -1.0,
      "FadeOutTime": -1.0,
      "Segments": [
        0,
        0,
        0,
        4,
        0
      ]
    },
    {
      "Target": "Parameter",
      "Id": "ParamEyeGaoguang",
      "FadeInTime": -1.0,
      "FadeOutTime": -1.0,
      "Segments": [
        0,
        0,
        0,
        4,
        0
      ]
    },
    {
      "Target": "Parameter",
      "Id": "ParamCheek",
      "FadeInTime": -1.0,
      "FadeOutTime": -1.0,
      "Segments": [
        0,
        0.8,
        0,
        4,
        0.8
      ]
    },
    {
      "Target": "Parameter",
      "Id": "Param28",
      "FadeInTime": -1.0,
      "FadeOutTime": -1.0,
      "Segments": [
        0,
        5,
        0,
        4,
        5
      ]
    },
    {
      "Target": "Parameter",
      "Id": "Param87",
      "FadeInTime": -1.0,
      "FadeOutTime": -1.0,
      "Segments": [
        0,
        10,
        0,
        4,
        10
      ]
    },
    {
      "Target": "Parameter",
      "Id": "Param97",
      "FadeInTime": -1.0,
      "FadeOutTime": -1.0,
      "Segments": [
        0,
        0,
        0,
        4,
        0
      ]
    },
    {
      "Target": "Parameter",
      "Id": "Param31",
      "FadeInTime": -1.0,
      "FadeOutTime": -1.0,
      "Segments": [
        0,
        0,
        0,
        4,
        0
      ]
    },
    {
      "Target": "Parameter",
      "Id": "ParamBodyAngleZ3",
      "FadeInTime": -1.0,
      "FadeOutTime": -1.0,
      "Segments": [
        0,
        0,
        0,
        4,
        0
      ]
    },
    {
      "Target": "Parameter",
      "Id": "Param33",
      "FadeInTime": -1.0,
      "FadeOutTime": -1.0,
      "Segments": [
        0,
        0.683,
        0,
        4,
        0.683
      ]
    },
    {
      "Target": "Parameter",
      "Id": "ParamBodyAngleX2",
      "FadeInTime": -1.0,
      "FadeOutTime": -1.0,
      "Segments": [
        0,
        0,
        0,
        4,
        0
      ]
    },
    {
      "Target": "Parameter",
      "Id": "ParamBreath",
      "FadeInTime": -1.0,
      "FadeOutTime": -1.0,
      "Segments": [
        0,
        0,
        0,
        4,
        0
      ]
    },
    {
      "Target": "Parameter",
      "Id": "ParamBodyAngleY",
      "FadeInTime": -1.0,
      "FadeOutTime": -1.0,
      "Segments": [
        0,
        0,
        0,
        4,
        0
      ]
    },
    {
      "Target": "Parameter",
      "Id": "Param42",
      "FadeInTime": -1.0,
      "FadeOutTime": -1.0,
      "Segments": [
        0,
        0.778,
        0,
        4,
        0.778
      ]
    },
    {
      "Target": "Parameter",
      "Id": "Param43",
      "FadeInTime": -1.0,
      "FadeOutTime": -1.0,
      "Segments": [
        0,
        4.037,
        0,
        4,
        4.037
      ]
    },
    {
      "Target": "Parameter",
      "Id": "Param44",
      "FadeInTime": -1.0,
      "FadeOutTime": -1.0,
      "Segments": [
        0,
        -7.592,
        0,
        4,
        -7.592
      ]
    },
    {
      "Target": "Parameter",
      "Id": "Param45",
      "FadeInTime": -1.0,
      "FadeOutTime": -1.0,
      "Segments": [
        0,
        0,
        0,
        4,
        0
      ]
    },
    {
      "Target": "Parameter",
      "Id": "Param46",
      "FadeInTime": -1.0,
      "FadeOutTime": -1.0,
      "Segments": [
        0,
        0,
        0,
        4,
        0
      ]
    },
    {
      "Target": "Parameter",
      "Id": "Param57",
      "FadeInTime": -1.0,
      "FadeOutTime": -1.0,
      "Segments": [
        0,
        0,
        0,
        4,
        0
      ]
    },
    {
      "Target": "Parameter",
      "Id": "ParamA1zuoshoudonghua",
      "FadeInTime": -1.0,
      "FadeOutTime": -1.0,
      "Segments": [
        0,
        10,
        0,
        4,
        10
      ]
    },
    {
      "Target": "Parameter",
      "Id": "ParamA1zuoshouxingbian",
      "FadeInTime": -1.0,
      "FadeOutTime": -1.0,
      "Segments": [
        0,
        10,
        0,
        4,
        10
      ]
    },
    {
      "Target": "Parameter",
      "Id": "ParamA1zuoshoutuozhanxingbian",
      "FadeInTime": -1.0,
      "FadeOutTime": -1.0,
      "Segments": [
        0,
        0,
        0,
        4,
        0
      ]
    },
    {
      "Target": "Parameter",
      "Id": "Param47",
      "FadeInTime": -1.0,
      "FadeOutTime": -1.0,
      "Segments": [
        0,
        0,
        0,
        4,
        0
      ]
    },
    {
      "Target": "Parameter",
      "Id": "Param48",
      "FadeInTime": -1.0,
      "FadeOutTime": -1.0,
      "Segments": [
        0,
        0,
        0,
        4,
        0
      ]
    },
    {
      "Target": "Parameter",
      "Id": "Param49",
      "FadeInTime": -1.0,
      "FadeOutTime": -1.0,
      "Segments": [
        0,
        0,
        0,
        4,
        0
      ]
    },
    {
      "Target": "Parameter",
      "Id": "Param66",
      "FadeInTime": -1.0,
      "FadeOutTime": -1.0,
      "Segments": [
        0,
        0,
        0,
        4,
        0
      ]
    },
    {
      "Target": "Parameter",
      "Id": "Param67",
      "FadeInTime": -1.0,
      "FadeOutTime": -1.0,
      "Segments": [
        0,
        0,
        0,
        4,
        0
      ]
    },
    {
      "Target": "Parameter",
      "Id": "Param68",
      "FadeInTime": -1.0,
      "FadeOutTime": -1.0,
      "Segments": [
        0,
        10,
        0,
        4,
        10
      ]
    },
    {
      "Target": "Parameter",
      "Id": "Param69",
      "FadeInTime": -1.0,
      "FadeOutTime": -1.0,
      "Segments": [
        0,
        0,
        0,
        4,
        0
      ]
    },
    {
      "Target": "Parameter",
      "Id": "Param50",
      "FadeInTime": -1.0,
      "FadeOutTime": -1.0,
      "Segments": [
        0,
        1,
        0,
        4,
        1
      ]
    },
    {
      "Target": "Parameter",
      "Id": "Param51",
      "FadeInTime": -1.0,
      "FadeOutTime": -1.0,
      "Segments": [
        0,
        0,
        0,
        4,
        0
      ]
    },
    {
      "Target": "Parameter",
      "Id": "Param52",
      "FadeInTime": -1.0,
      "FadeOutTime": -1.0,
      "Segments": [
        0,
        0,
        0,
        4,
        0
      ]
    },
    {
      "Target": "Parameter",
      "Id": "Param54",
      "FadeInTime": -1.0,
      "FadeOutTime": -1.0,
      "Segments": [
        0,
        0,
        0,
        4,
        0
      ]
    },
    {
      "Target": "Parameter",
      "Id": "Param55",
      "FadeInTime": -1.0,
      "FadeOutTime": -1.0,
      "Segments": [
        0,
        0,
        0,
        4,
        0
      ]
    },
    {
      "Target": "Parameter",
      "Id": "Param56",
      "FadeInTime": -1.0,
      "FadeOutTime": -1.0,
      "Segments": [
        0,
        0,
        0,
        4,
        0
      ]
    },
    {
      "Target": "Parameter",
      "Id": "Param58",
      "FadeInTime": -1.0,
      "FadeOutTime": -1.0,
      "Segments": [
        0,
        0,
        0,
        4,
        0
      ]
    },
    {
      "Target": "Parameter",
      "Id": "Param20",
      "FadeInTime": -1.0,
      "FadeOutTime": -1.0,
      "Segments": [
        0,
        0,
        0,
        4,
        0
      ]
    },
    {
      "Target": "Parameter",
      "Id": "Param21",
      "FadeInTime": -1.0,
      "FadeOutTime": -1.0,
      "Segments": [
        0,
        0,
        0,
        4,
        0
      ]
    },
    {
      "Target": "Parameter",
      "Id": "Param100",
      "FadeInTime": -1.0,
      "FadeOutTime": -1.0,
      "Segments": [
        0,
        0,
        0,
        4,
        0
      ]
    },
    {
      "Target": "Parameter",
      "Id": "Param101",
      "FadeInTime": -1.0,
      "FadeOutTime": -1.0,
      "Segments": [
        0,
        5,
        0,
        4,
        5
      ]
    },
    {
      "Target": "Parameter",
      "Id": "Param102",
      "FadeInTime": -1.0,
      "FadeOutTime": -1.0,
      "Segments": [
        0,
        10,
        0,
        4,
        10
      ]
    },
    {
      "Target": "Parameter",
      "Id": "ParamSouR",
      "FadeInTime": -1.0,
      "FadeOutTime": -1.0,
      "Segments": [
        0,
        -4.072,
        0,
        4,
        -4.072
      ]
    },
    {
      "Target": "Parameter",
      "Id": "ParamShangBiRUD",
      "FadeInTime": -1.0,
      "FadeOutTime": -1.0,
      "Segments": [
        0,
        -1.92,
        0,
        4,
        -1.92
      ]
    },
    {
      "Target": "Parameter",
      "Id": "ParamXiaBiRUD",
      "FadeInTime": -1.0,
      "FadeOutTime": -1.0,
      "Segments": [
        0,
        0,
        0,
        4,
        0
      ]
    },
    {
      "Target": "Parameter",
      "Id": "ParamA1zuoshoudonghua2",
      "FadeInTime": -1.0,
      "FadeOutTime": -1.0,
      "Segments": [
        0,
        0,
        0,
        4,
        0
      ]
    },
    {
      "Target": "Parameter",
      "Id": "ParamA1zuoshouxingbian2",
      "FadeInTime": -1.0,
      "FadeOutTime": -1.0,
      "Segments": [
        0,
        0,
        0,
        4,
        0
      ]
    },
    {
      "Target": "Parameter",
      "Id": "ParamA1zuoshoutuozhanxingbian2",
      "FadeInTime": -1.0,
      "FadeOutTime": -1.0,
      "Segments": [
        0,
        0,
        0,
        4,
        0
      ]
    },
    {
      "Target": "Parameter",
      "Id": "Param35",
      "FadeInTime": -1.0,
      "FadeOutTime": -1.0,
      "Segments": [
        0,
        0,
        0,
        4,
        0
      ]
    },
    {
      "Target": "Parameter",
      "Id": "Param36",
      "FadeInTime": -1.0,
      "FadeOutTime": -1.0,
      "Segments": [
        0,
        0,
        0,
        4,
        0
      ]
    },
    {
      "Target": "Parameter",
      "Id": "Param37",
      "FadeInTime": -1.0,
      "FadeOutTime": -1.0,
      "Segments": [
        0,
        0,
        0,
        4,
        0
      ]
    },
    {
      "Target": "Parameter",
      "Id": "Param70",
      "FadeInTime": -1.0,
      "FadeOutTime": -1.0,
      "Segments": [
        0,
        10,
        0,
        4,
        10
      ]
    },
    {
      "Target": "Parameter",
      "Id": "Param65",
      "FadeInTime": -1.0,
      "FadeOutTime": -1.0,
      "Segments": [
        0,
        0,
        0,
        4,
        0
      ]
    },
    {
      "Target": "Parameter",
      "Id": "Param71",
      "FadeInTime": -1.0,
      "FadeOutTime": -1.0,
      "Segments": [
        0,
        0,
        0,
        4,
        0
      ]
    },
    {
      "Target": "Parameter",
      "Id": "Param53",
      "FadeInTime": -1.0,
      "FadeOutTime": -1.0,
      "Segments": [
        0,
        0,
        0,
        4,
        0
      ]
    },
    {
      "Target": "Parameter",
      "Id": "Param60",
      "FadeInTime": -1.0,
      "FadeOutTime": -1.0,
      "Segments": [
        0,
        0,
        0,
        4,
        0
      ]
    },
    {
      "Target": "Parameter",
      "Id": "Param61",
      "FadeInTime": -1.0,
      "FadeOutTime": -1.0,
      "Segments": [
        0,
        0,
        0,
        4,
        0
      ]
    },
    {
      "Target": "Parameter",
      "Id": "Param41",
      "FadeInTime": -1.0,
      "FadeOutTime": -1.0,
      "Segments": [
        0,
        1,
        0,
        4,
        1
      ]
    },
    {
      "Target": "Parameter",
      "Id": "Param40",
      "FadeInTime": -1.0,
      "FadeOutTime": -1.0,
      "Segments": [
        0,
        0,
        0,
        4,
        0
      ]
    },
    {
      "Target": "Parameter",
      "Id": "Param91",
      "FadeInTime": -1.0,
      "FadeOutTime": -1.0,
      "Segments": [
        0,
        0,
        0,
        4,
        0
      ]
    },
    {
      "Target": "Parameter",
      "Id": "Param92",
      "FadeInTime": -1.0,
      "FadeOutTime": -1.0,
      "Segments": [
        0,
        0,
        0,
        4,
        0
      ]
    },
    {
      "Target": "Parameter",
      "Id": "ParamDaTuiLUD",
      "FadeInTime": -1.0,
      "FadeOutTime": -1.0,
      "Segments": [
        0,
        0,
        0,
        4,
        0
      ]
    },
    {
      "Target": "Parameter",
      "Id": "ParamXiaoTuiLUD",
      "FadeInTime": -1.0,
      "FadeOutTime": -1.0,
      "Segments": [
        0,
        0,
        0,
        4,
        0
      ]
    },
    {
      "Target": "Parameter",
      "Id": "Param62",
      "FadeInTime": -1.0,
      "FadeOutTime": -1.0,
      "Segments": [
        0,
        0,
        0,
        4,
        0
      ]
    },
    {
      "Target": "Parameter",
      "Id": "ParamDaTuiLUD2",
      "FadeInTime": -1.0,
      "FadeOutTime": -1.0,
      "Segments": [
        0,
        0,
        0,
        4,
        0
      ]
    },
    {
      "Target": "Parameter",
      "Id": "ParamXiaoTuiLUD3",
      "FadeInTime": -1.0,
      "FadeOutTime": -1.0,
      "Segments": [
        0,
        0,
        0,
        4,
        0
      ]
    },
    {
      "Target": "Parameter",
      "Id": "ParamXiaoTuiLUD2",
      "FadeInTime": -1.0,
      "FadeOutTime": -1.0,
      "Segments": [
        0,
        5,
        0,
        4,
        5
      ]
    },
    {
      "Target": "Parameter",
      "Id": "Param24",
      "FadeInTime": -1.0,
      "FadeOutTime": -1.0,
      "Segments": [
        0,
        0,
        0,
        4,
        0
      ]
    },
    {
      "Target": "Parameter",
      "Id": "Param23",
      "FadeInTime": -1.0,
      "FadeOutTime": -1.0,
      "Segments": [
        0,
        0,
        0,
        4,
        0
      ]
    },
    {
      "Target": "Parameter",
      "Id": "Param59",
      "FadeInTime": -1.0,
      "FadeOutTime": -1.0,
      "Segments": [
        0,
        0,
        0,
        4,
        0
      ]
    },
    {
      "Target": "Parameter",
      "Id": "ParamDaTuiRUD",
      "FadeInTime": -1.0,
      "FadeOutTime": -1.0,
      "Segments": [
        0,
        0,
        0,
        4,
        0
      ]
    },
    {
      "Target": "Parameter",
      "Id": "ParamXiaoTuiRUD",
      "FadeInTime": -1.0,
      "FadeOutTime": -1.0,
      "Segments": [
        0,
        0,
        0,
        4,
        0
      ]
    },
    {
      "Target": "Parameter",
      "Id": "Param63",
      "FadeInTime": -1.0,
      "FadeOutTime": -1.0,
      "Segments": [
        0,
        0,
        0,
        4,
        0
      ]
    },
    {
      "Target": "Parameter",
      "Id": "ParamXiaoTuiLUD5",
      "FadeInTime": -1.0,
      "FadeOutTime": -1.0,
      "Segments": [
        0,
        0,
        0,
        4,
        0
      ]
    },
    {
      "Target": "Parameter",
      "Id": "ParamDaTuiLUD3",
      "FadeInTime": -1.0,
      "FadeOutTime": -1.0,
      "Segments": [
        0,
        0,
        0,
        4,
        0
      ]
    },
    {
      "Target": "Parameter",
      "Id": "ParamXiaoTuiLUD4",
      "FadeInTime": -1.0,
      "FadeOutTime": -1.0,
      "Segments": [
        0,
        0,
        0,
        4,
        0
      ]
    },
    {
      "Target": "Parameter",
      "Id": "Param25",
      "FadeInTime": -1.0,
      "FadeOutTime": -1.0,
      "Segments": [
        0,
        0,
        0,
        4,
        0
      ]
    },
    {
      "Target": "Parameter",
      "Id": "Param26",
      "FadeInTime": -1.0,
      "FadeOutTime": -1.0,
      "Segments": [
        0,
        0,
        0,
        4,
        0
      ]
    },
    {
      "Target": "Parameter",
      "Id": "Param27",
      "FadeInTime": -1.0,
      "FadeOutTime": -1.0,
      "Segments": [
        0,
        0,
        0,
        4,
        0
      ]
    },
    {
      "Target": "Parameter",
      "Id": "Param75",
      "FadeInTime": -1.0,
      "FadeOutTime": -1.0,
      "Segments": [
        0,
        0,
        0,
        4,
        0
      ]
    },
    {
      "Target": "Parameter",
      "Id": "Param5",
      "FadeInTime": -1.0,
      "FadeOutTime": -1.0,
      "Segments": [
        0,
        -1,
        0,
        4,
        -1
      ]
    },
    {
      "Target": "Parameter",
      "Id": "Param77",
      "FadeInTime": -1.0,
      "FadeOutTime": -1.0,
      "Segments": [
        0,
        0,
        0,
        4,
        0
      ]
    },
    {
      "Target": "Parameter",
      "Id": "Param76",
      "FadeInTime": -1.0,
      "FadeOutTime": -1.0,
      "Segments": [
        0,
        -10,
        0,
        4,
        -10
      ]
    },
    {
      "Target": "Parameter",
      "Id": "Param74",
      "FadeInTime": -1.0,
      "FadeOutTime": -1.0,
      "Segments": [
        0,
        0,
        0,
        4,
        0
      ]
    },
    {
      "Target": "Parameter",
      "Id": "Param34",
      "FadeInTime": -1.0,
      "FadeOutTime": -1.0,
      "Segments": [
        0,
        0,
        0,
        4,
        0
      ]
    },
    {
      "Target": "Parameter",
      "Id": "Param73",
      "FadeInTime": -1.0,
      "FadeOutTime": -1.0,
      "Segments": [
        0,
        10,
        0,
        4,
        10
      ]
    },
    {
      "Target": "Parameter",
      "Id": "Param93",
      "FadeInTime": -1.0,
      "FadeOutTime": -1.0,
      "Segments": [
        0,
        0,
        0,
        4,
        0
      ]
    },
    {
      "Target": "Parameter",
      "Id": "Param95",
      "FadeInTime": -1.0,
      "FadeOutTime": -1.0,
      "Segments": [
        0,
        0,
        0,
        4,
        0
      ]
    },
    {
      "Target": "Parameter",
      "Id": "Param96",
      "FadeInTime": -1.0,
      "FadeOutTime": -1.0,
      "Segments": [
        0,
        0,
        0,
        4,
        0
      ]
    },
    {
      "Target": "Parameter",
      "Id": "Param64",
      "FadeInTime": -1.0,
      "FadeOutTime": -1.0,
      "Segments": [
        0,
        0,
        0,
        4,
        0
      ]
    },
    {
      "Target": "Parameter",
      "Id": "Param39",
      "FadeInTime": -1.0,
      "FadeOutTime": -1.0,
      "Segments": [
        0,
        0,
        0,
        4,
        0
      ]
    },
    {
      "Target": "Parameter",
      "Id": "Param94",
      "FadeInTime": -1.0,
      "FadeOutTime": -1.0,
      "Segments": [
        0,
        0,
        0,
        4,
        0
      ]
    },
    {
      "Target": "Parameter",
      "Id": "Param72",
      "FadeInTime": -1.0,
      "FadeOutTime": -1.0,
      "Segments": [
        0,
        0,
        0,
        4,
        0
      ]
    },
    {
      "Target": "Parameter",
      "Id": "Param99",
      "FadeInTime": -1.0,
      "FadeOutTime": -1.0,
      "Segments": [
        0,
        10,
        0,
        4,
        10
      ]
    },
    {
      "Target": "Parameter",
      "Id": "Param98",
      "FadeInTime": -1.0,
      "FadeOutTime": -1.0,
      "Segments": [
        0,
        0,
        0,
        4,
        0
      ]
    },
    {
      "Target": "Parameter",
      "Id": "Param38",
      "FadeInTime": -1.0,
      "FadeOutTime": -1.0,
      "Segments": [
        0,
        0,
        0,
        4,
        0
      ]
    },
    {
      "Target": "Parameter",
      "Id": "Param152",
      "FadeInTime": -1.0,
      "FadeOutTime": -1.0,
      "Segments": [
        0,
        0,
        0,
        4,
        0
      ]
    },
    {
      "Target": "Parameter",
      "Id": "Param153",
      "FadeInTime": -1.0,
      "FadeOutTime": -1.0,
      "Segments": [
        0,
        0,
        0,
        4,
        0
      ]
    },
    {
      "Target": "Parameter",
      "Id": "Param151",
      "FadeInTime": -1.0,
      "FadeOutTime": -1.0,
      "Segments": [
        0,
        0,
        0,
        4,
        0
      ]
    },
    {
      "Target": "Parameter",
      "Id": "MB_xingfengyaobai2",
      "FadeInTime": -1.0,
      "FadeOutTime": -1.0,
      "Segments": [
        0,
        0,
        0,
        4,
        0
      ]
    },
    {
      "Target": "Parameter",
      "Id": "MB_xingfengyaobai",
      "FadeInTime": -1.0,
      "FadeOutTime": -1.0,
      "Segments": [
        0,
        0,
        0,
        4,
        0
      ]
    },
    {
      "Target": "Parameter",
      "Id": "MB_xingfengTMD",
      "FadeInTime": -1.0,
      "FadeOutTime": -1.0,
      "Segments": [
        0,
        0,
        0,
        4,
        0
      ]
    },
    {
      "Target": "Parameter",
      "Id": "Param",
      "FadeInTime": -1.0,
      "FadeOutTime": -1.0,
      "Segments": [
        0,
        10,
        0,
        4,
        10
      ]
    },
    {
      "Target": "Parameter",
      "Id": "Param2",
      "FadeInTime": -1.0,
      "FadeOutTime": -1.0,
      "Segments": [
        0,
        10,
        0,
        4,
        10
      ]
    },
    {
      "Target": "Parameter",
      "Id": "Param3",
      "FadeInTime": -1.0,
      "FadeOutTime": -1.0,
      "Segments": [
        0,
        10,
        0,
        4,
        10
      ]
    },
    {
      "Target": "Parameter",
      "Id": "Param32",
      "FadeInTime": -1.0,
      "FadeOutTime": -1.0,
      "Segments": [
        0,
        5,
        0,
        4,
        5
      ]
    },
    {
      "Target": "Parameter",
      "Id": "Param10",
      "FadeInTime": -1.0,
      "FadeOutTime": -1.0,
      "Segments": [
        0,
        0,
        0,
        4,
        0
      ]
    },
    {
      "Target": "Parameter",
      "Id": "Param11",
      "FadeInTime": -1.0,
      "FadeOutTime": -1.0,
      "Segments": [
        0,
        0,
        0,
        4,
        0
      ]
    },
    {
      "Target": "Parameter",
      "Id": "Param_Angle_Rotation_16_ArtMesh187",
      "FadeInTime": -1.0,
      "FadeOutTime": -1.0,
      "Segments": [
        0,
        0,
        0,
        4,
        0
      ]
    },
    {
      "Target": "Parameter",
      "Id": "Param_Angle_Rotation_17_ArtMesh187",
      "FadeInTime": -1.0,
      "FadeOutTime": -1.0,
      "Segments": [
        0,
        0,
        0,
        4,
        0
      ]
    },
    {
      "Target": "Parameter",
      "Id": "Param_Angle_Rotation_17_ArtMesh188",
      "FadeInTime": -1.0,
      "FadeOutTime": -1.0,
      "Segments": [
        0,
        4.1,
        0,
        4,
        4.1
      ]
    }
  ],
  "UserData": [
    {
      "Time": 0.0,
      "Value": ""
    },
    {
      "Time": 3.5,
      "Value": ""
    }
  ]
}