{
  "Version": 3,
  "Meta": {
    "Duration": 4.617,
    "Fps": 60.0,
    "Loop": true,
    "AreBeziersRestricted": true,
    "FadeInTime": 0.0,
    "FadeOutTime": 0.0,
    "CurveCount": 269,
    "TotalSegmentCount": 979,
    "TotalPointCount": 1261,
    "UserDataCount": 2,
    "TotalUserDataSize": 0
  },
  "Curves": [
    {
      "Target": "Parameter",
      "Id": "Paramwuli",
      "FadeInTime": -1.0,
      "FadeOutTime": -1.0,
      "Segments": [
        0,
        0,
        0,
        1,
        -30,
        0,
        1.433,
        30,
        0,
        1.833,
        -30,
        0,
        2.3,
        30,
        0,
        2.733,
        -30,
        0,
        3.267,
        30,
        0,
        3.883,
        -30,
        0,
        4.617,
        0
      ]
    },
    {
      "Target": "Parameter",
      "Id": "Paramwuli2",
      "FadeInTime": -1.0,
      "FadeOutTime": -1.0,
      "Segments": [
        0,
        0,
        0,
        1,
        -30,
        0,
        1.433,
        30,
        0,
        1.833,
        -30,
        0,
        2.3,
        30,
        0,
        2.733,
        -30,
        0,
        3.267,
        30,
        0,
        3.883,
        -30,
        0,
        4.617,
        0
      ]
    },
    {
      "Target": "Parameter",
      "Id": "Paramwuli3",
      "FadeInTime": -1.0,
      "FadeOutTime": -1.0,
      "Segments": [
        0,
        0,
        0,
        1,
        -30,
        0,
        1.433,
        30,
        0,
        1.833,
        -30,
        0,
        2.3,
        30,
        0,
        2.733,
        -29,
        0,
        3.267,
        30,
        0,
        3.883,
        -30,
        0,
        4.617,
        0
      ]
    },
    {
      "Target": "Parameter",
      "Id": "ParamALLX",
      "FadeInTime": -1.0,
      "FadeOutTime": -1.0,
      "Segments": [
        0,
        -1.08,
        2,
        1.133,
        -1.08,
        0,
        2.217,
        0,
        2,
        4.617,
        0
      ]
    },
    {
      "Target": "Parameter",
      "Id": "ParamALLY",
      "FadeInTime": -1.0,
      "FadeOutTime": -1.0,
      "Segments": [
        0,
        -0.66,
        2,
        1.133,
        -0.66,
        0,
        2.217,
        0,
        2,
        4.617,
        0
      ]
    },
    {
      "Target": "Parameter",
      "Id": "ParamRenwuX5",
      "FadeInTime": -1.0,
      "FadeOutTime": -1.0,
      "Segments": [
        0,
        -0.07,
        0,
        1.15,
        -0.301,
        0,
        1.617,
        0.113,
        0,
        2.4,
        -1.264,
        0,
        3.567,
        0.486,
        0,
        4.283,
        -0.075,
        0,
        4.617,
        0
      ]
    },
    {
      "Target": "Parameter",
      "Id": "ParamRenwuX6",
      "FadeInTime": -1.0,
      "FadeOutTime": -1.0,
      "Segments": [
        0,
        0.061,
        0,
        1.35,
        -1.327,
        0,
        2.183,
        2.627,
        0,
        3.167,
        -0.99,
        0,
        4.017,
        0.366,
        0,
        4.617,
        0
      ]
    },
    {
      "Target": "Parameter",
      "Id": "ParamRenwuX7",
      "FadeInTime": -1.0,
      "FadeOutTime": -1.0,
      "Segments": [
        0,
        0.135,
        0,
        1.433,
        0,
        0,
        2.133,
        3.78,
        0,
        3.483,
        -1.012,
        0,
        4.283,
        0,
        2,
        4.617,
        0
      ]
    },
    {
      "Target": "Parameter",
      "Id": "ParamRenwuX",
      "FadeInTime": -1.0,
      "FadeOutTime": -1.0,
      "Segments": [
        0,
        -0.78,
        0,
        1.35,
        -0.84,
        1,
        1.6,
        -0.84,
        1.85,
        -0.845,
        2.1,
        -0.661,
        1,
        2.489,
        -0.374,
        2.878,
        0,
        3.267,
        0,
        2,
        4.617,
        0
      ]
    },
    {
      "Target": "Parameter",
      "Id": "ParamRenwuY",
      "FadeInTime": -1.0,
      "FadeOutTime": -1.0,
      "Segments": [
        0,
        -0.66,
        0,
        1.35,
        -0.78,
        0,
        2.1,
        0.239,
        0,
        3.267,
        0,
        2,
        4.617,
        0
      ]
    },
    {
      "Target": "Parameter",
      "Id": "ParamRenwuZ",
      "FadeInTime": -1.0,
      "FadeOutTime": -1.0,
      "Segments": [
        0,
        2.82,
        1,
        0.45,
        2.82,
        0.9,
        2.822,
        1.35,
        2.76,
        1,
        1.6,
        2.726,
        1.85,
        -2.336,
        2.1,
        -2.336,
        0,
        3.267,
        0,
        2,
        4.617,
        0
      ]
    },
    {
      "Target": "Parameter",
      "Id": "ParamEyeLOpen",
      "FadeInTime": -1.0,
      "FadeOutTime": -1.0,
      "Segments": [
        0,
        0.8,
        2,
        0.533,
        0.8,
        0,
        0.717,
        0,
        0,
        0.933,
        0.8,
        2,
        1.9,
        0.8,
        0,
        2.083,
        0,
        1,
        2.155,
        0,
        2.228,
        0.767,
        2.3,
        0.8,
        1,
        2.644,
        0.96,
        2.989,
        1,
        3.333,
        1,
        2,
        4.617,
        1
      ]
    },
    {
      "Target": "Parameter",
      "Id": "ParamEyeROpen",
      "FadeInTime": -1.0,
      "FadeOutTime": -1.0,
      "Segments": [
        0,
        0.8,
        2,
        0.533,
        0.8,
        0,
        0.717,
        0,
        0,
        0.933,
        0.8,
        2,
        1.9,
        0.8,
        0,
        2.083,
        0,
        1,
        2.155,
        0,
        2.228,
        0.767,
        2.3,
        0.8,
        1,
        2.644,
        0.96,
        2.989,
        1,
        3.333,
        1,
        2,
        4.617,
        1
      ]
    },
    {
      "Target": "Parameter",
      "Id": "ParamCheek",
      "FadeInTime": -1.0,
      "FadeOutTime": -1.0,
      "Segments": [
        0,
        0.7,
        0,
        3.333,
        0,
        2,
        4.617,
        0
      ]
    },
    {
      "Target": "Parameter",
      "Id": "Param87",
      "FadeInTime": -1.0,
      "FadeOutTime": -1.0,
      "Segments": [
        0,
        10,
        0,
        3.333,
        0,
        2,
        4.617,
        0
      ]
    },
    {
      "Target": "Parameter",
      "Id": "Param86",
      "FadeInTime": -1.0,
      "FadeOutTime": -1.0,
      "Segments": [
        0,
        0,
        0,
        0.25,
        10,
        0,
        0.417,
        0,
        0,
        0.667,
        10,
        0,
        0.833,
        0,
        0,
        1.083,
        10,
        0,
        1.25,
        0,
        0,
        1.5,
        10,
        0,
        1.667,
        0,
        0,
        1.917,
        10,
        0,
        2.083,
        0,
        0,
        2.333,
        10,
        0,
        2.5,
        0,
        0,
        2.75,
        10,
        0,
        2.917,
        0,
        0,
        3.167,
        10,
        0,
        3.333,
        5,
        2,
        4.617,
        5
      ]
    },
    {
      "Target": "Parameter",
      "Id": "ParamAngleX",
      "FadeInTime": -1.0,
      "FadeOutTime": -1.0,
      "Segments": [
        0,
        0,
        2,
        1.55,
        0,
        0,
        2.267,
        -30,
        0,
        3.167,
        4.588,
        0,
        4.267,
        0,
        2,
        4.617,
        0
      ]
    },
    {
      "Target": "Parameter",
      "Id": "ParamAngleY",
      "FadeInTime": -1.0,
      "FadeOutTime": -1.0,
      "Segments": [
        0,
        -30,
        2,
        1.55,
        -30,
        1,
        1.789,
        -30,
        2.028,
        -15.649,
        2.267,
        -8,
        1,
        2.567,
        1.606,
        2.867,
        2.635,
        3.167,
        2.635,
        0,
        4.267,
        -1.953,
        2,
        4.617,
        -1.953
      ]
    },
    {
      "Target": "Parameter",
      "Id": "ParamAngleZ",
      "FadeInTime": -1.0,
      "FadeOutTime": -1.0,
      "Segments": [
        0,
        0.54,
        0,
        1.55,
        -1.904,
        0,
        2.3,
        6,
        0,
        3.167,
        -0.224,
        2,
        4.267,
        -0.224,
        2,
        4.617,
        -0.224
      ]
    },
    {
      "Target": "Parameter",
      "Id": "ParamAngleZ2",
      "FadeInTime": -1.0,
      "FadeOutTime": -1.0,
      "Segments": [
        0,
        5.57,
        0,
        1.467,
        -11.391,
        0,
        2.217,
        11.177,
        0,
        3.167,
        -0.051,
        2,
        4.267,
        -0.051,
        2,
        4.617,
        -0.051
      ]
    },
    {
      "Target": "Parameter",
      "Id": "ParamBodyAngleX",
      "FadeInTime": -1.0,
      "FadeOutTime": -1.0,
      "Segments": [
        0,
        0,
        0,
        1.383,
        -10,
        0,
        2.133,
        2.45,
        0,
        3.167,
        0,
        2,
        4.267,
        0,
        2,
        4.617,
        0
      ]
    },
    {
      "Target": "Parameter",
      "Id": "ParamBodyAngleZ",
      "FadeInTime": -1.0,
      "FadeOutTime": -1.0,
      "Segments": [
        0,
        -9.79,
        0,
        1.6,
        -10,
        0,
        2.35,
        3.459,
        0,
        3.167,
        -0.962,
        0,
        4.267,
        -0.03,
        2,
        4.617,
        -0.03
      ]
    },
    {
      "Target": "Parameter",
      "Id": "ParamBodyAngleZ2",
      "FadeInTime": -1.0,
      "FadeOutTime": -1.0,
      "Segments": [
        0,
        6.8,
        0,
        1.383,
        7.48,
        1,
        1.633,
        7.48,
        1.883,
        4.496,
        2.133,
        2.422,
        1,
        2.478,
        -0.435,
        2.822,
        -0.932,
        3.167,
        -0.932,
        0,
        4.267,
        0,
        2,
        4.617,
        0
      ]
    },
    {
      "Target": "Parameter",
      "Id": "ParamBodyAngleUD",
      "FadeInTime": -1.0,
      "FadeOutTime": -1.0,
      "Segments": [
        0,
        -6.18,
        0,
        1.45,
        -7.74,
        0,
        3.167,
        0.603,
        0,
        4.267,
        0,
        2,
        4.617,
        0
      ]
    },
    {
      "Target": "Parameter",
      "Id": "ParamJianbangL",
      "FadeInTime": -1.0,
      "FadeOutTime": -1.0,
      "Segments": [
        0,
        -1.11,
        0,
        1.383,
        1.04,
        2,
        3.167,
        1.04,
        2,
        4.267,
        1.04,
        2,
        4.617,
        1.04
      ]
    },
    {
      "Target": "Parameter",
      "Id": "Param42",
      "FadeInTime": -1.0,
      "FadeOutTime": -1.0,
      "Segments": [
        0,
        1.986,
        1,
        0.378,
        1.986,
        0.755,
        1.992,
        1.133,
        1.796,
        1,
        1.355,
        1.681,
        1.578,
        -1.99,
        1.8,
        -2.777,
        1,
        1.939,
        -3.269,
        2.078,
        -3.193,
        2.217,
        -3.193,
        0,
        3.167,
        0.533,
        0,
        4.267,
        0.036,
        2,
        4.617,
        0.036
      ]
    },
    {
      "Target": "Parameter",
      "Id": "Param43",
      "FadeInTime": -1.0,
      "FadeOutTime": -1.0,
      "Segments": [
        0,
        2.088,
        0,
        1.217,
        1.917,
        1,
        1.445,
        1.917,
        1.672,
        5.673,
        1.9,
        6.955,
        1,
        2.039,
        7.737,
        2.178,
        7.539,
        2.317,
        7.539,
        1,
        2.634,
        7.539,
        2.95,
        1.483,
        3.267,
        0.654,
        1,
        3.6,
        -0.219,
        3.934,
        -0.083,
        4.267,
        -0.083,
        2,
        4.617,
        -0.083
      ]
    },
    {
      "Target": "Parameter",
      "Id": "Param44",
      "FadeInTime": -1.0,
      "FadeOutTime": -1.0,
      "Segments": [
        0,
        6.171,
        0,
        1.3,
        6.98,
        0,
        1.6,
        0.069,
        1,
        1.728,
        0.069,
        1.855,
        7.425,
        1.983,
        7.604,
        1,
        2.122,
        7.799,
        2.261,
        7.759,
        2.4,
        7.759,
        1,
        2.739,
        7.759,
        3.078,
        -0.174,
        3.417,
        -3.166,
        1,
        3.7,
        -5.668,
        3.984,
        -5.379,
        4.267,
        -5.379,
        2,
        4.617,
        -5.379
      ]
    },
    {
      "Target": "Parameter",
      "Id": "Param45",
      "FadeInTime": -1.0,
      "FadeOutTime": -1.0,
      "Segments": [
        0,
        0,
        2,
        1.133,
        0,
        0,
        1.8,
        -0.1,
        2,
        2.217,
        -0.1,
        0,
        3.167,
        -3,
        2,
        4.267,
        -3,
        2,
        4.617,
        -3
      ]
    },
    {
      "Target": "Parameter",
      "Id": "Param46",
      "FadeInTime": -1.0,
      "FadeOutTime": -1.0,
      "Segments": [
        0,
        0,
        2,
        1.133,
        0,
        0,
        1.8,
        -3.4,
        2,
        2.217,
        -3.4,
        0,
        3.167,
        3,
        2,
        4.267,
        3,
        2,
        4.617,
        3
      ]
    },
    {
      "Target": "Parameter",
      "Id": "Param57",
      "FadeInTime": -1.0,
      "FadeOutTime": -1.0,
      "Segments": [
        0,
        0,
        2,
        1.133,
        0,
        0,
        1.8,
        -0.1,
        2,
        2.217,
        -0.1,
        0,
        3.167,
        0,
        2,
        4.267,
        0,
        2,
        4.617,
        0
      ]
    },
    {
      "Target": "Parameter",
      "Id": "ParamA1zuoshoudonghua",
      "FadeInTime": -1.0,
      "FadeOutTime": -1.0,
      "Segments": [
        0,
        -7.563,
        1,
        0.378,
        -7.563,
        0.755,
        -7.552,
        1.133,
        -5.1,
        1,
        1.355,
        -3.658,
        1.578,
        10,
        1.8,
        10,
        2,
        2.217,
        10,
        1,
        2.622,
        10,
        3.028,
        2.661,
        3.433,
        -3,
        1,
        3.711,
        -6.878,
        3.989,
        -6.88,
        4.267,
        -6.88,
        2,
        4.617,
        -6.88
      ]
    },
    {
      "Target": "Parameter",
      "Id": "ParamA1zuoshouxingbian",
      "FadeInTime": -1.0,
      "FadeOutTime": -1.0,
      "Segments": [
        0,
        0.319,
        1,
        0.378,
        0.319,
        0.755,
        0.298,
        1.133,
        1,
        1,
        1.355,
        1.413,
        1.578,
        10,
        1.8,
        10,
        2,
        2.217,
        10,
        0,
        3.433,
        -7,
        0,
        4.267,
        -1.88,
        2,
        4.617,
        -1.88
      ]
    },
    {
      "Target": "Parameter",
      "Id": "Param66",
      "FadeInTime": -1.0,
      "FadeOutTime": -1.0,
      "Segments": [
        0,
        10,
        2,
        1.617,
        10,
        0,
        1.633,
        0,
        2,
        4.267,
        0,
        2,
        4.617,
        0
      ]
    },
    {
      "Target": "Parameter",
      "Id": "Param67",
      "FadeInTime": -1.0,
      "FadeOutTime": -1.0,
      "Segments": [
        0,
        10,
        2,
        1.617,
        10,
        0,
        1.633,
        0,
        2,
        4.267,
        0,
        2,
        4.617,
        0
      ]
    },
    {
      "Target": "Parameter",
      "Id": "Param68",
      "FadeInTime": -1.0,
      "FadeOutTime": -1.0,
      "Segments": [
        0,
        0,
        2,
        1.133,
        0,
        0,
        1.8,
        1.549,
        2,
        2.217,
        1.549,
        0,
        3.167,
        0,
        2,
        4.267,
        0,
        2,
        4.617,
        0
      ]
    },
    {
      "Target": "Parameter",
      "Id": "Param50",
      "FadeInTime": -1.0,
      "FadeOutTime": -1.0,
      "Segments": [
        0,
        0,
        2,
        2.617,
        0,
        0,
        2.633,
        1,
        2,
        4.267,
        1,
        2,
        4.617,
        1
      ]
    },
    {
      "Target": "Parameter",
      "Id": "Param51",
      "FadeInTime": -1.0,
      "FadeOutTime": -1.0,
      "Segments": [
        0,
        1,
        2,
        2.617,
        1,
        0,
        2.633,
        0,
        2,
        4.267,
        0,
        2,
        4.617,
        0
      ]
    },
    {
      "Target": "Parameter",
      "Id": "Param20",
      "FadeInTime": -1.0,
      "FadeOutTime": -1.0,
      "Segments": [
        0,
        10,
        0,
        4.267,
        0,
        2,
        4.617,
        0
      ]
    },
    {
      "Target": "Parameter",
      "Id": "Param100",
      "FadeInTime": -1.0,
      "FadeOutTime": -1.0,
      "Segments": [
        0,
        3.5,
        0,
        1.45,
        4.8,
        0,
        1.733,
        0,
        2,
        4.267,
        0,
        2,
        4.617,
        0
      ]
    },
    {
      "Target": "Parameter",
      "Id": "Param101",
      "FadeInTime": -1.0,
      "FadeOutTime": -1.0,
      "Segments": [
        0,
        5,
        1,
        0.483,
        5,
        0.967,
        4.959,
        1.45,
        4.8,
        1,
        1.544,
        4.769,
        1.639,
        0,
        1.733,
        0,
        2,
        2.65,
        0,
        0,
        3.267,
        10,
        2,
        4.267,
        10,
        2,
        4.617,
        10
      ]
    },
    {
      "Target": "Parameter",
      "Id": "Param102",
      "FadeInTime": -1.0,
      "FadeOutTime": -1.0,
      "Segments": [
        0,
        0,
        0,
        1.45,
        4.8,
        0,
        1.733,
        0,
        2,
        2.65,
        0,
        0,
        3.267,
        10,
        2,
        4.267,
        10,
        2,
        4.617,
        10
      ]
    },
    {
      "Target": "Parameter",
      "Id": "ParamShangBiR",
      "FadeInTime": -1.0,
      "FadeOutTime": -1.0,
      "Segments": [
        0,
        2.136,
        0,
        1.05,
        1.74,
        0,
        1.283,
        1.782,
        1,
        1.505,
        1.782,
        1.728,
        -3.25,
        1.95,
        -3.762,
        1,
        2.1,
        -4.107,
        2.25,
        -3.99,
        2.4,
        -3.99,
        0,
        3.267,
        0,
        2,
        4.617,
        0
      ]
    },
    {
      "Target": "Parameter",
      "Id": "ParamXiaBiR",
      "FadeInTime": -1.0,
      "FadeOutTime": -1.0,
      "Segments": [
        0,
        2.096,
        0,
        1.05,
        2.13,
        0,
        1.383,
        1.516,
        1,
        1.605,
        1.516,
        1.828,
        6.313,
        2.05,
        7.68,
        1,
        2.2,
        8.603,
        2.35,
        8.379,
        2.5,
        8.379,
        0,
        3.267,
        1,
        2,
        4.617,
        1
      ]
    },
    {
      "Target": "Parameter",
      "Id": "ParamSouR",
      "FadeInTime": -1.0,
      "FadeOutTime": -1.0,
      "Segments": [
        0,
        8.223,
        1,
        0.389,
        8.223,
        0.778,
        8.173,
        1.167,
        7.985,
        1,
        1.239,
        7.95,
        1.311,
        -1.208,
        1.383,
        -2.467,
        1,
        1.505,
        -4.597,
        1.628,
        -4.815,
        1.75,
        -4.815,
        0,
        2.15,
        4.38,
        2,
        2.6,
        4.38,
        0,
        3.267,
        0,
        2,
        4.617,
        0
      ]
    },
    {
      "Target": "Parameter",
      "Id": "ParamXiaBiRUD",
      "FadeInTime": -1.0,
      "FadeOutTime": -1.0,
      "Segments": [
        0,
        0.247,
        0,
        1.283,
        2.34,
        0,
        1.95,
        -4.905,
        2,
        2.4,
        -4.905,
        0,
        3.267,
        0,
        2,
        4.617,
        0
      ]
    },
    {
      "Target": "Parameter",
      "Id": "ParamA1zuoshoudonghua2",
      "FadeInTime": -1.0,
      "FadeOutTime": -1.0,
      "Segments": [
        0,
        3.008,
        0,
        1.117,
        1,
        0,
        1.383,
        10,
        0,
        1.783,
        0,
        0,
        2.167,
        10,
        2,
        2.7,
        10,
        0,
        3.267,
        0,
        2,
        4.617,
        0
      ]
    },
    {
      "Target": "Parameter",
      "Id": "ParamA1zuoshouxingbian2",
      "FadeInTime": -1.0,
      "FadeOutTime": -1.0,
      "Segments": [
        0,
        -6.794,
        1,
        0.372,
        -6.794,
        0.745,
        -6.652,
        1.117,
        -6,
        1,
        1.206,
        -5.844,
        1.294,
        10,
        1.383,
        10,
        0,
        1.783,
        0,
        0,
        2.167,
        10,
        2,
        2.7,
        10,
        0,
        3.267,
        0,
        2,
        4.617,
        0
      ]
    },
    {
      "Target": "Parameter",
      "Id": "Param70",
      "FadeInTime": -1.0,
      "FadeOutTime": -1.0,
      "Segments": [
        0,
        0,
        0,
        1.283,
        10,
        0,
        3.267,
        0,
        2,
        4.617,
        0
      ]
    },
    {
      "Target": "Parameter",
      "Id": "Param65",
      "FadeInTime": -1.0,
      "FadeOutTime": -1.0,
      "Segments": [
        0,
        2,
        1,
        0.406,
        2,
        0.811,
        1.731,
        1.217,
        1.1,
        1,
        1.239,
        1.065,
        1.261,
        0,
        1.283,
        0,
        2,
        3.267,
        0,
        2,
        4.617,
        0
      ]
    },
    {
      "Target": "Parameter",
      "Id": "ParamDaTuiL",
      "FadeInTime": -1.0,
      "FadeOutTime": -1.0,
      "Segments": [
        0,
        1.181,
        1,
        0.378,
        1.181,
        0.755,
        1.183,
        1.133,
        1.13,
        1,
        1.344,
        1.1,
        1.556,
        -3.978,
        1.767,
        -3.978,
        0,
        3,
        -0.651,
        0,
        4.167,
        -1.034,
        2,
        4.617,
        -1.034
      ]
    },
    {
      "Target": "Parameter",
      "Id": "ParamXiaoTuiL",
      "FadeInTime": -1.0,
      "FadeOutTime": -1.0,
      "Segments": [
        0,
        8.071,
        1,
        0.406,
        8.071,
        0.811,
        8.072,
        1.217,
        8,
        1,
        1.428,
        7.963,
        1.639,
        -4.537,
        1.85,
        -4.537,
        0,
        3.167,
        0.946,
        0,
        4.333,
        -0.105,
        2,
        4.617,
        -0.105
      ]
    },
    {
      "Target": "Parameter",
      "Id": "ParamJiaoL",
      "FadeInTime": -1.0,
      "FadeOutTime": -1.0,
      "Segments": [
        0,
        1.809,
        0,
        1.3,
        -0.997,
        0,
        1.667,
        2.548,
        0,
        2.133,
        -1.431,
        0,
        3.35,
        2.714,
        0,
        4.333,
        -0.724,
        2,
        4.617,
        -0.724
      ]
    },
    {
      "Target": "Parameter",
      "Id": "ParamXiaoTuiLUD",
      "FadeInTime": -1.0,
      "FadeOutTime": -1.0,
      "Segments": [
        0,
        0,
        2,
        1.133,
        0,
        0,
        1.767,
        4.4,
        0,
        3,
        0,
        2,
        4.167,
        0,
        2,
        4.617,
        0
      ]
    },
    {
      "Target": "Parameter",
      "Id": "Param22",
      "FadeInTime": -1.0,
      "FadeOutTime": -1.0,
      "Segments": [
        0,
        0,
        2,
        1.133,
        0,
        2,
        1.45,
        0,
        0,
        1.767,
        10,
        0,
        3,
        0.147,
        2,
        4.167,
        0.147,
        2,
        4.617,
        0.147
      ]
    },
    {
      "Target": "Parameter",
      "Id": "Param23",
      "FadeInTime": -1.0,
      "FadeOutTime": -1.0,
      "Segments": [
        0,
        10,
        2,
        1.133,
        10,
        0,
        1.45,
        0,
        2,
        1.767,
        0,
        2,
        3,
        0,
        2,
        4.167,
        0,
        2,
        4.617,
        0
      ]
    },
    {
      "Target": "Parameter",
      "Id": "ParamDaTuiR",
      "FadeInTime": -1.0,
      "FadeOutTime": -1.0,
      "Segments": [
        0,
        6.023,
        0,
        1.217,
        6.064,
        0,
        1.933,
        1.603,
        0,
        3.167,
        3.33,
        0,
        4.333,
        2.939,
        2,
        4.617,
        2.939
      ]
    },
    {
      "Target": "Parameter",
      "Id": "ParamXiaoTuiR",
      "FadeInTime": -1.0,
      "FadeOutTime": -1.0,
      "Segments": [
        0,
        4.892,
        0,
        1.3,
        5,
        0,
        2.017,
        -6.741,
        0,
        3.333,
        0.427,
        0,
        4.333,
        -0.309,
        2,
        4.617,
        -0.309
      ]
    },
    {
      "Target": "Parameter",
      "Id": "ParamJiaoR",
      "FadeInTime": -1.0,
      "FadeOutTime": -1.0,
      "Segments": [
        0,
        2.164,
        0,
        1.083,
        -0.28,
        0,
        1.75,
        5.931,
        0,
        2.1,
        -1.332,
        0,
        3.55,
        3.725,
        0,
        4.333,
        -0.184,
        2,
        4.617,
        -0.184
      ]
    },
    {
      "Target": "Parameter",
      "Id": "ParamXiaoTuiRUD",
      "FadeInTime": -1.0,
      "FadeOutTime": -1.0,
      "Segments": [
        0,
        0,
        2,
        1.217,
        0,
        0,
        1.933,
        -4.28,
        0,
        3.167,
        0,
        2,
        4.333,
        0,
        2,
        4.617,
        0
      ]
    },
    {
      "Target": "Parameter",
      "Id": "Param27",
      "FadeInTime": -1.0,
      "FadeOutTime": -1.0,
      "Segments": [
        0,
        10,
        2,
        1.217,
        10,
        0,
        1.933,
        0,
        2,
        3.167,
        0,
        2,
        4.333,
        0,
        2,
        4.617,
        0
      ]
    },
    {
      "Target": "Parameter",
      "Id": "Param77",
      "FadeInTime": -1.0,
      "FadeOutTime": -1.0,
      "Segments": [
        0,
        0,
        2,
        1.5,
        0,
        0,
        1.7,
        10,
        2,
        4.617,
        10
      ]
    },
    {
      "Target": "Parameter",
      "Id": "Param74",
      "FadeInTime": -1.0,
      "FadeOutTime": -1.0,
      "Segments": [
        0,
        -6.2,
        2,
        1.5,
        -6.2,
        0,
        1.7,
        -10,
        0,
        2.133,
        0,
        2,
        4.617,
        0
      ]
    },
    {
      "Target": "Parameter",
      "Id": "Param73",
      "FadeInTime": -1.0,
      "FadeOutTime": -1.0,
      "Segments": [
        0,
        10,
        2,
        1.5,
        10,
        0,
        1.7,
        0,
        2,
        4.617,
        0
      ]
    },
    {
      "Target": "Parameter",
      "Id": "Param93",
      "FadeInTime": -1.0,
      "FadeOutTime": -1.0,
      "Segments": [
        0,
        0,
        2,
        1.5,
        0,
        2,
        1.7,
        0,
        0,
        2.133,
        10,
        0,
        2.65,
        0,
        2,
        4.617,
        0
      ]
    },
    {
      "Target": "Parameter",
      "Id": "Param127",
      "FadeInTime": -1.0,
      "FadeOutTime": -1.0,
      "Segments": [
        0,
        10,
        2,
        1.5,
        10,
        0,
        1.7,
        0,
        2,
        4.617,
        0
      ]
    },
    {
      "Target": "Parameter",
      "Id": "Param104",
      "FadeInTime": -1.0,
      "FadeOutTime": -1.0,
      "Segments": [
        0,
        10,
        2,
        1.5,
        10,
        0,
        1.7,
        0,
        2,
        4.617,
        0
      ]
    },
    {
      "Target": "Parameter",
      "Id": "Param99",
      "FadeInTime": -1.0,
      "FadeOutTime": -1.0,
      "Segments": [
        0,
        0,
        2,
        1.5,
        0,
        0,
        1.7,
        10,
        2,
        4.617,
        10
      ]
    },
    {
      "Target": "Parameter",
      "Id": "ParamOPRX1",
      "FadeInTime": -1.0,
      "FadeOutTime": -1.0,
      "Segments": [
        0,
        0,
        0,
        0.25,
        3.5,
        0,
        0.567,
        1.221,
        0,
        0.683,
        1.302,
        0,
        1.2,
        -15.457,
        0,
        1.55,
        20.39,
        0,
        1.917,
        -21.341,
        0,
        2.417,
        15.187,
        0,
        2.833,
        -16.619,
        0,
        3.383,
        9.51,
        0,
        3.95,
        -6.392,
        0,
        4.233,
        -0.311,
        0,
        4.4,
        -1.067,
        1,
        4.472,
        -1.067,
        4.545,
        1.258,
        4.617,
        2.13
      ]
    },
    {
      "Target": "Parameter",
      "Id": "ParamOPRY1",
      "FadeInTime": -1.0,
      "FadeOutTime": -1.0,
      "Segments": [
        0,
        0,
        0,
        0.25,
        3.5,
        0,
        1.2,
        -15.457,
        0,
        1.55,
        20.39,
        0,
        1.917,
        -21.341,
        0,
        2.417,
        15.187,
        0,
        2.833,
        -16.619,
        0,
        3.383,
        9.51,
        0,
        3.95,
        -6.392,
        0,
        4.617,
        0
      ]
    },
    {
      "Target": "Parameter",
      "Id": "ParamOPRY2",
      "FadeInTime": -1.0,
      "FadeOutTime": -1.0,
      "Segments": [
        0,
        0,
        0,
        0.15,
        -2.016,
        0,
        0.433,
        4.229,
        0,
        0.7,
        1.04,
        0,
        0.917,
        2.421,
        0,
        1,
        2.101,
        0,
        1.133,
        6.609,
        0,
        1.4,
        -22.872,
        0,
        1.733,
        26.653,
        0,
        2.083,
        -24.514,
        0,
        2.65,
        16.22,
        0,
        3,
        -18.168,
        0,
        3.6,
        8.706,
        0,
        4.133,
        -6.645,
        0,
        4.4,
        0.643,
        0,
        4.617,
        -3.249
      ]
    },
    {
      "Target": "Parameter",
      "Id": "ParamOPLX1",
      "FadeInTime": -1.0,
      "FadeOutTime": -1.0,
      "Segments": [
        0,
        0,
        2,
        0.1,
        0,
        0,
        0.283,
        -2.724,
        0,
        0.55,
        2.1,
        0,
        0.8,
        -1.548,
        0,
        1.233,
        8.655,
        0,
        1.517,
        -18.77,
        0,
        1.833,
        23.036,
        0,
        2.183,
        -19.254,
        0,
        2.5,
        3.607,
        0,
        2.567,
        3.351,
        0,
        2.8,
        9.455,
        0,
        3.117,
        -12.394,
        0,
        3.383,
        2.273,
        0,
        3.55,
        -0.208,
        0,
        3.783,
        2.538,
        0,
        3.917,
        2.155,
        0,
        3.967,
        2.178,
        0,
        4.25,
        -3.796,
        0,
        4.5,
        3.006,
        1,
        4.539,
        3.006,
        4.578,
        1.654,
        4.617,
        0.211
      ]
    },
    {
      "Target": "Parameter",
      "Id": "ParamTuiRou1",
      "FadeInTime": -1.0,
      "FadeOutTime": -1.0,
      "Segments": [
        0,
        0,
        0,
        0.233,
        -2.434,
        0,
        0.567,
        -0.452,
        0,
        0.65,
        -0.49,
        0,
        1.233,
        4.238,
        0,
        2.183,
        -4.029,
        0,
        3.183,
        3.596,
        0,
        4.183,
        -3.576,
        1,
        4.328,
        -3.576,
        4.472,
        -2.154,
        4.617,
        -0.544
      ]
    },
    {
      "Target": "Parameter",
      "Id": "ParamTuiRou2",
      "FadeInTime": -1.0,
      "FadeOutTime": -1.0,
      "Segments": [
        0,
        -0.272,
        0,
        0.017,
        -0.298,
        0,
        0.167,
        1.44,
        0,
        0.433,
        -3.002,
        0,
        0.7,
        -0.378,
        0,
        0.917,
        -1.316,
        0,
        1.417,
        4.575,
        0,
        1.717,
        2.545,
        0,
        1.867,
        2.875,
        0,
        2.367,
        -3.818,
        0,
        2.583,
        -2.808,
        0,
        2.783,
        -3.561,
        0,
        3.383,
        3.301,
        0,
        3.583,
        2.299,
        0,
        3.783,
        3.068,
        0,
        4.367,
        -3.374,
        0,
        4.6,
        -2.533,
        1,
        4.606,
        -2.533,
        4.611,
        -2.536,
        4.617,
        -2.54
      ]
    },
    {
      "Target": "Parameter",
      "Id": "ParamTuiRou3",
      "FadeInTime": -1.0,
      "FadeOutTime": -1.0,
      "Segments": [
        0,
        1.437,
        0,
        0.15,
        -0.513,
        0,
        0.317,
        1.601,
        0,
        0.567,
        -1.554,
        0,
        0.817,
        0.965,
        0,
        1.2,
        -1.9,
        0,
        1.533,
        1.123,
        0,
        1.783,
        -0.699,
        0,
        2.1,
        2.124,
        0,
        2.433,
        -0.769,
        0,
        2.7,
        1.043,
        0,
        3.017,
        -1.684,
        0,
        3.433,
        0.502,
        0,
        3.7,
        -0.718,
        0,
        4.033,
        1.605,
        0,
        4.45,
        -0.495,
        1,
        4.506,
        -0.495,
        4.561,
        0.02,
        4.617,
        0.314
      ]
    },
    {
      "Target": "Parameter",
      "Id": "Param29",
      "FadeInTime": -1.0,
      "FadeOutTime": -1.0,
      "Segments": [
        0,
        0,
        0,
        0.233,
        0.913,
        0,
        0.533,
        0.218,
        2,
        0.55,
        0.218,
        2,
        0.567,
        0.218,
        0,
        0.683,
        0.247,
        0,
        1.2,
        -5.135,
        0,
        1.55,
        7.449,
        0,
        1.933,
        -7.034,
        0,
        2.417,
        5.159,
        0,
        2.833,
        -5.493,
        0,
        3.383,
        3.135,
        0,
        3.95,
        -2.137,
        0,
        4.233,
        -0.101,
        0,
        4.4,
        -0.358,
        1,
        4.472,
        -0.358,
        4.545,
        0.419,
        4.617,
        0.711
      ]
    },
    {
      "Target": "Parameter",
      "Id": "Param30",
      "FadeInTime": -1.0,
      "FadeOutTime": -1.0,
      "Segments": [
        0,
        0,
        0,
        0.167,
        -0.594,
        0,
        0.417,
        1.172,
        0,
        0.683,
        0.15,
        0,
        0.917,
        0.56,
        0,
        1,
        0.45,
        0,
        1.133,
        2.02,
        0,
        1.4,
        -7.655,
        0,
        1.733,
        9.194,
        0,
        2.1,
        -7.894,
        0,
        2.65,
        5.58,
        0,
        3,
        -6.032,
        0,
        3.617,
        2.878,
        0,
        4.133,
        -2.228,
        0,
        4.4,
        0.222,
        0,
        4.617,
        -1.088
      ]
    },
    {
      "Target": "Parameter",
      "Id": "ParamQianFa1_1",
      "FadeInTime": -1.0,
      "FadeOutTime": -1.0,
      "Segments": [
        0,
        0,
        0,
        0.233,
        2.628,
        0,
        0.533,
        -0.402,
        0,
        0.717,
        0.318,
        0,
        1.2,
        -14.281,
        0,
        1.533,
        23.656,
        0,
        1.9,
        -22.088,
        0,
        2.383,
        11.396,
        0,
        2.8,
        -18.04,
        0,
        3.183,
        8.374,
        0,
        3.933,
        -7.048,
        0,
        4.217,
        1.476,
        0,
        4.433,
        -0.951,
        1,
        4.494,
        -0.951,
        4.556,
        1.552,
        4.617,
        2.625
      ]
    },
    {
      "Target": "Parameter",
      "Id": "ParamQianFa1_2",
      "FadeInTime": -1.0,
      "FadeOutTime": -1.0,
      "Segments": [
        0,
        0,
        0,
        0.167,
        -1.763,
        0,
        0.417,
        4.235,
        0,
        0.683,
        0.326,
        0,
        0.917,
        2.353,
        0,
        1,
        1.743,
        0,
        1.117,
        5.522,
        0,
        1.383,
        -25.406,
        0,
        1.717,
        29.038,
        0,
        2.083,
        -24.156,
        0,
        2.65,
        16.416,
        0,
        3,
        -21.97,
        0,
        3.667,
        8.691,
        0,
        4.133,
        -8.024,
        0,
        4.383,
        1.42,
        0,
        4.617,
        -4.589
      ]
    },
    {
      "Target": "Parameter",
      "Id": "ParamQianFa1_3",
      "FadeInTime": -1.0,
      "FadeOutTime": -1.0,
      "Segments": [
        0,
        0,
        2,
        0.117,
        0,
        0,
        0.267,
        -2.263,
        0,
        0.533,
        2.812,
        0,
        0.8,
        -1.885,
        0,
        1.233,
        7.333,
        0,
        1.483,
        -20.627,
        0,
        1.8,
        24.136,
        0,
        2.15,
        -20.209,
        0,
        2.45,
        6.763,
        0,
        2.6,
        3.357,
        0,
        2.8,
        9.553,
        0,
        3.083,
        -16.031,
        0,
        3.383,
        6.458,
        0,
        3.617,
        -0.942,
        0,
        3.9,
        3.651,
        0,
        4.233,
        -5.97,
        0,
        4.483,
        4.789,
        1,
        4.528,
        4.789,
        4.572,
        2.046,
        4.617,
        -0.514
      ]
    },
    {
      "Target": "Parameter",
      "Id": "ParamQianFa1_4",
      "FadeInTime": -1.0,
      "FadeOutTime": -1.0,
      "Segments": [
        0,
        0,
        2,
        0.2,
        0,
        0,
        0.367,
        -2.51,
        0,
        0.633,
        3.692,
        0,
        0.9,
        -2.937,
        0,
        1.283,
        7.707,
        0,
        1.55,
        -22.499,
        0,
        1.85,
        30,
        2,
        1.867,
        30,
        0,
        2.217,
        -25.888,
        0,
        2.533,
        12.331,
        0,
        2.733,
        3.34,
        0,
        2.883,
        7.719,
        0,
        3.167,
        -19.343,
        0,
        3.467,
        11.457,
        0,
        3.733,
        -3.793,
        0,
        4,
        5.482,
        0,
        4.317,
        -7.82,
        0,
        4.6,
        7.027,
        1,
        4.606,
        7.026,
        4.611,
        6.965,
        4.617,
        6.851
      ]
    },
    {
      "Target": "Parameter",
      "Id": "ParamQianFa2_1",
      "FadeInTime": -1.0,
      "FadeOutTime": -1.0,
      "Segments": [
        0,
        0,
        0,
        0.25,
        3.189,
        0,
        0.567,
        -0.706,
        0,
        0.783,
        0.163,
        0,
        1.2,
        -16.474,
        0,
        1.55,
        28.38,
        0,
        1.917,
        -28.209,
        0,
        2.333,
        17.006,
        0,
        2.8,
        -20.384,
        0,
        3.217,
        11.653,
        0,
        3.95,
        -8.149,
        0,
        4.267,
        1.998,
        0,
        4.483,
        -0.5,
        1,
        4.528,
        -0.5,
        4.572,
        0.768,
        4.617,
        1.743
      ]
    },
    {
      "Target": "Parameter",
      "Id": "ParamQianFa2_2",
      "FadeInTime": -1.0,
      "FadeOutTime": -1.0,
      "Segments": [
        0,
        0,
        0,
        0.183,
        -2.239,
        0,
        0.45,
        4.599,
        0,
        0.733,
        0.186,
        0,
        0.983,
        2.373,
        0,
        1,
        2.347,
        0,
        1.133,
        7.318,
        0,
        1.4,
        -26.905,
        0,
        1.733,
        30,
        2,
        1.767,
        30,
        0,
        2.1,
        -26.698,
        0,
        2.617,
        17.248,
        0,
        3.017,
        -21.553,
        0,
        3.55,
        8.519,
        0,
        4.167,
        -8.572,
        0,
        4.433,
        1.363,
        1,
        4.494,
        1.363,
        4.556,
        -2.558,
        4.617,
        -3.764
      ]
    },
    {
      "Target": "Parameter",
      "Id": "ParamQianFa2_3",
      "FadeInTime": -1.0,
      "FadeOutTime": -1.0,
      "Segments": [
        0,
        0,
        2,
        0.133,
        0,
        0,
        0.3,
        -2.417,
        0,
        0.567,
        3.058,
        0,
        0.85,
        -1.992,
        0,
        1.233,
        8.243,
        0,
        1.5,
        -21.507,
        0,
        1.817,
        25.438,
        0,
        2.167,
        -21.977,
        0,
        2.55,
        9.057,
        0,
        3.1,
        -14.055,
        0,
        3.433,
        5.492,
        0,
        3.75,
        0.052,
        0,
        4,
        3.578,
        0,
        4.267,
        -6.177,
        0,
        4.533,
        4.579,
        1,
        4.561,
        4.579,
        4.589,
        3.589,
        4.617,
        2.268
      ]
    },
    {
      "Target": "Parameter",
      "Id": "ParamQianFa2_4",
      "FadeInTime": -1.0,
      "FadeOutTime": -1.0,
      "Segments": [
        0,
        0,
        2,
        0.217,
        0,
        0,
        0.383,
        -2.644,
        0,
        0.667,
        4.001,
        0,
        0.95,
        -3.158,
        0,
        1.3,
        9.213,
        0,
        1.567,
        -23.588,
        0,
        1.85,
        30,
        2,
        1.883,
        30,
        0,
        2.233,
        -27.174,
        0,
        2.6,
        14.173,
        0,
        3.183,
        -16.108,
        0,
        3.517,
        9.498,
        0,
        3.817,
        -2.025,
        0,
        4.083,
        4.319,
        0,
        4.367,
        -7.758,
        1,
        4.45,
        -7.758,
        4.534,
        3.567,
        4.617,
        6.232
      ]
    },
    {
      "Target": "Parameter",
      "Id": "ParamQianFa3_1",
      "FadeInTime": -1.0,
      "FadeOutTime": -1.0,
      "Segments": [
        0,
        0,
        0,
        0.25,
        3.189,
        0,
        0.567,
        -0.706,
        0,
        0.783,
        0.163,
        0,
        1.2,
        -16.474,
        0,
        1.55,
        28.38,
        0,
        1.917,
        -28.209,
        0,
        2.333,
        17.006,
        0,
        2.8,
        -20.384,
        0,
        3.217,
        11.653,
        0,
        3.95,
        -8.149,
        0,
        4.267,
        1.998,
        0,
        4.483,
        -0.5,
        1,
        4.528,
        -0.5,
        4.572,
        0.768,
        4.617,
        1.743
      ]
    },
    {
      "Target": "Parameter",
      "Id": "ParamQianFa3_2",
      "FadeInTime": -1.0,
      "FadeOutTime": -1.0,
      "Segments": [
        0,
        0,
        0,
        0.183,
        -2.239,
        0,
        0.45,
        4.599,
        0,
        0.733,
        0.186,
        0,
        0.983,
        2.373,
        0,
        1,
        2.347,
        0,
        1.133,
        7.318,
        0,
        1.4,
        -26.905,
        0,
        1.733,
        30,
        2,
        1.767,
        30,
        0,
        2.1,
        -26.698,
        0,
        2.617,
        17.248,
        0,
        3.017,
        -21.553,
        0,
        3.55,
        8.519,
        0,
        4.167,
        -8.572,
        0,
        4.433,
        1.363,
        1,
        4.494,
        1.363,
        4.556,
        -2.558,
        4.617,
        -3.764
      ]
    },
    {
      "Target": "Parameter",
      "Id": "ParamQianFa3_3",
      "FadeInTime": -1.0,
      "FadeOutTime": -1.0,
      "Segments": [
        0,
        0,
        2,
        0.133,
        0,
        0,
        0.3,
        -2.417,
        0,
        0.567,
        3.058,
        0,
        0.85,
        -1.992,
        0,
        1.233,
        8.243,
        0,
        1.5,
        -21.507,
        0,
        1.817,
        25.438,
        0,
        2.167,
        -21.977,
        0,
        2.55,
        9.057,
        0,
        3.1,
        -14.055,
        0,
        3.433,
        5.492,
        0,
        3.75,
        0.052,
        0,
        4,
        3.578,
        0,
        4.267,
        -6.177,
        0,
        4.533,
        4.579,
        1,
        4.561,
        4.579,
        4.589,
        3.589,
        4.617,
        2.268
      ]
    },
    {
      "Target": "Parameter",
      "Id": "ParamQianFa3_4",
      "FadeInTime": -1.0,
      "FadeOutTime": -1.0,
      "Segments": [
        0,
        0,
        2,
        0.217,
        0,
        0,
        0.383,
        -2.644,
        0,
        0.667,
        4.001,
        0,
        0.95,
        -3.158,
        0,
        1.3,
        9.213,
        0,
        1.567,
        -23.588,
        0,
        1.85,
        30,
        2,
        1.883,
        30,
        0,
        2.233,
        -27.174,
        0,
        2.6,
        14.173,
        0,
        3.183,
        -16.108,
        0,
        3.517,
        9.498,
        0,
        3.817,
        -2.025,
        0,
        4.083,
        4.319,
        0,
        4.367,
        -7.758,
        1,
        4.45,
        -7.758,
        4.534,
        3.567,
        4.617,
        6.232
      ]
    },
    {
      "Target": "Parameter",
      "Id": "Param19",
      "FadeInTime": -1.0,
      "FadeOutTime": -1.0,
      "Segments": [
        0,
        0,
        1,
        1.539,
        7.9,
        3.078,
        15.801,
        4.617,
        23.701
      ]
    },
    {
      "Target": "Parameter",
      "Id": "Param16",
      "FadeInTime": -1.0,
      "FadeOutTime": -1.0,
      "Segments": [
        0,
        0,
        0,
        2.567,
        9,
        1,
        3.25,
        9,
        3.934,
        3.405,
        4.617,
        1.038
      ]
    },
    {
      "Target": "Parameter",
      "Id": "Param14",
      "FadeInTime": -1.0,
      "FadeOutTime": -1.0,
      "Segments": [
        0,
        0,
        1,
        1.539,
        0.988,
        3.078,
        1.975,
        4.617,
        2.963
      ]
    },
    {
      "Target": "Parameter",
      "Id": "Param15",
      "FadeInTime": -1.0,
      "FadeOutTime": -1.0,
      "Segments": [
        0,
        0,
        2,
        1.233,
        0,
        0,
        1.3,
        10,
        0,
        1.383,
        8.228,
        0,
        1.45,
        10,
        0,
        1.55,
        7.31,
        1,
        1.578,
        7.31,
        1.605,
        9.944,
        1.633,
        9.948,
        1,
        1.916,
        9.986,
        2.2,
        10,
        2.483,
        10,
        0,
        2.567,
        6.706,
        0,
        2.633,
        10,
        0,
        2.717,
        8.215,
        0,
        2.8,
        9.995,
        1,
        3.161,
        9.999,
        3.522,
        10,
        3.883,
        10,
        0,
        3.967,
        6.706,
        0,
        4.033,
        10,
        0,
        4.117,
        8.215,
        0,
        4.2,
        9.995,
        1,
        4.339,
        9.997,
        4.478,
        9.998,
        4.617,
        9.999
      ]
    },
    {
      "Target": "Parameter",
      "Id": "Param18",
      "FadeInTime": -1.0,
      "FadeOutTime": -1.0,
      "Segments": [
        0,
        5,
        1,
        1.539,
        5.988,
        3.078,
        6.975,
        4.617,
        7.963
      ]
    },
    {
      "Target": "Parameter",
      "Id": "Param17",
      "FadeInTime": -1.0,
      "FadeOutTime": -1.0,
      "Segments": [
        0,
        0,
        2,
        0.85,
        0,
        0,
        0.917,
        10,
        0,
        1,
        8.228,
        0,
        1.067,
        10,
        0,
        1.167,
        7.31,
        1,
        1.195,
        7.31,
        1.222,
        9.943,
        1.25,
        9.948,
        1,
        1.472,
        9.987,
        1.695,
        10,
        1.917,
        10,
        0,
        2,
        6.706,
        0,
        2.067,
        10,
        0,
        2.15,
        8.215,
        0,
        2.233,
        9.995,
        1,
        2.516,
        9.999,
        2.8,
        10,
        3.083,
        10,
        0,
        3.167,
        6.706,
        0,
        3.233,
        10,
        0,
        3.317,
        8.215,
        0,
        3.4,
        9.995,
        1,
        3.717,
        9.999,
        4.033,
        10,
        4.35,
        10,
        0,
        4.433,
        6.706,
        0,
        4.5,
        10,
        0,
        4.583,
        8.215,
        1,
        4.594,
        8.215,
        4.606,
        8.5,
        4.617,
        8.842
      ]
    },
    {
      "Target": "Parameter",
      "Id": "Param6",
      "FadeInTime": -1.0,
      "FadeOutTime": -1.0,
      "Segments": [
        0,
        2.91,
        0,
        2.583,
        -2.913,
        1,
        3.261,
        -2.913,
        3.939,
        0.65,
        4.617,
        2.203
      ]
    },
    {
      "Target": "Parameter",
      "Id": "Param7",
      "FadeInTime": -1.0,
      "FadeOutTime": -1.0,
      "Segments": [
        0,
        2,
        0,
        0.85,
        4.016,
        0,
        3.45,
        -4.016,
        1,
        3.839,
        -4.016,
        4.228,
        -2.399,
        4.617,
        -0.616
      ]
    },
    {
      "Target": "Parameter",
      "Id": "Param8",
      "FadeInTime": -1.0,
      "FadeOutTime": -1.0,
      "Segments": [
        0,
        -2.32,
        0,
        1.717,
        4.987,
        0,
        4.317,
        -4.987,
        1,
        4.417,
        -4.987,
        4.517,
        -4.854,
        4.617,
        -4.619
      ]
    },
    {
      "Target": "Parameter",
      "Id": "Param9",
      "FadeInTime": -1.0,
      "FadeOutTime": -1.0,
      "Segments": [
        0,
        -7.74,
        0,
        2.583,
        7.743,
        1,
        3.261,
        7.743,
        3.939,
        -1.728,
        4.617,
        -5.857
      ]
    },
    {
      "Target": "Parameter",
      "Id": "Param12",
      "FadeInTime": -1.0,
      "FadeOutTime": -1.0,
      "Segments": [
        0,
        0,
        1,
        1.539,
        0.988,
        3.078,
        1.975,
        4.617,
        2.963
      ]
    },
    {
      "Target": "Parameter",
      "Id": "Param13",
      "FadeInTime": -1.0,
      "FadeOutTime": -1.0,
      "Segments": [
        0,
        5,
        1,
        1.539,
        5.988,
        3.078,
        6.975,
        4.617,
        7.963
      ]
    },
    {
      "Target": "Parameter",
      "Id": "MB_wutixialuoxunhuan",
      "FadeInTime": -1.0,
      "FadeOutTime": -1.0,
      "Segments": [
        0,
        0,
        1,
        1.539,
        0.296,
        3.078,
        0.593,
        4.617,
        0.889
      ]
    },
    {
      "Target": "Parameter",
      "Id": "MB_wutixialuojiaodu",
      "FadeInTime": -1.0,
      "FadeOutTime": -1.0,
      "Segments": [
        0,
        0,
        1,
        1.539,
        0.397,
        3.078,
        0.794,
        4.617,
        1.191
      ]
    },
    {
      "Target": "Parameter",
      "Id": "MB_Awutifanzhuan",
      "FadeInTime": -1.0,
      "FadeOutTime": -1.0,
      "Segments": [
        0,
        0,
        0,
        1.8,
        1,
        0,
        3.783,
        0,
        1,
        4.061,
        0,
        4.339,
        0.174,
        4.617,
        0.376
      ]
    },
    {
      "Target": "Parameter",
      "Id": "MB_Awutidaxiao",
      "FadeInTime": -1.0,
      "FadeOutTime": -1.0,
      "Segments": [
        0,
        0,
        0,
        3.783,
        0.1,
        1,
        4.061,
        0.1,
        4.339,
        0.096,
        4.617,
        0.089
      ]
    },
    {
      "Target": "Parameter",
      "Id": "MB_Awutijiaodu",
      "FadeInTime": -1.0,
      "FadeOutTime": -1.0,
      "Segments": [
        0,
        1,
        0,
        3.783,
        0.307,
        1,
        4.061,
        0.307,
        4.339,
        0.338,
        4.617,
        0.386
      ]
    },
    {
      "Target": "Parameter",
      "Id": "MB_Bwutifanzhuan",
      "FadeInTime": -1.0,
      "FadeOutTime": -1.0,
      "Segments": [
        0,
        1,
        0,
        3.783,
        -1,
        1,
        4.061,
        -1,
        4.339,
        -0.912,
        4.617,
        -0.772
      ]
    },
    {
      "Target": "Parameter",
      "Id": "MB_Bwutidaxiao",
      "FadeInTime": -1.0,
      "FadeOutTime": -1.0,
      "Segments": [
        0,
        0,
        0,
        3.783,
        0.1,
        1,
        4.061,
        0.1,
        4.339,
        0.096,
        4.617,
        0.089
      ]
    },
    {
      "Target": "Parameter",
      "Id": "MB_Bwutijiaodu",
      "FadeInTime": -1.0,
      "FadeOutTime": -1.0,
      "Segments": [
        0,
        0,
        0,
        1.833,
        1,
        1,
        2.483,
        1,
        3.133,
        0.658,
        3.783,
        0,
        1,
        4.061,
        -0.281,
        4.339,
        -0.502,
        4.617,
        -0.663
      ]
    },
    {
      "Target": "Parameter",
      "Id": "MB_Cwutifanzhuan",
      "FadeInTime": -1.0,
      "FadeOutTime": -1.0,
      "Segments": [
        0,
        0,
        0,
        1.833,
        1,
        1,
        2.483,
        1,
        3.133,
        0.658,
        3.783,
        0,
        1,
        4.061,
        -0.281,
        4.339,
        -0.502,
        4.617,
        -0.663
      ]
    },
    {
      "Target": "Parameter",
      "Id": "MB_Cwutidaxiao",
      "FadeInTime": -1.0,
      "FadeOutTime": -1.0,
      "Segments": [
        0,
        0,
        0,
        3.783,
        -0.1,
        1,
        4.061,
        -0.1,
        4.339,
        -0.096,
        4.617,
        -0.089
      ]
    },
    {
      "Target": "Parameter",
      "Id": "MB_Cwutijiaodu",
      "FadeInTime": -1.0,
      "FadeOutTime": -1.0,
      "Segments": [
        0,
        -1,
        0,
        3.783,
        -0.142,
        1,
        4.061,
        -0.142,
        4.339,
        -0.18,
        4.617,
        -0.24
      ]
    },
    {
      "Target": "Parameter",
      "Id": "Param_Angle_Rotation_1_ArtMesh186",
      "FadeInTime": -1.0,
      "FadeOutTime": -1.0,
      "Segments": [
        0,
        0.99,
        0,
        2.583,
        -0.992,
        1,
        3.261,
        -0.992,
        3.939,
        0.221,
        4.617,
        0.75
      ]
    },
    {
      "Target": "Parameter",
      "Id": "Param_Angle_Rotation_2_ArtMesh186",
      "FadeInTime": -1.0,
      "FadeOutTime": -1.0,
      "Segments": [
        0,
        0.91,
        0,
        0.3,
        0.992,
        0,
        2.9,
        -0.992,
        1,
        3.472,
        -0.992,
        4.045,
        -0.127,
        4.617,
        0.461
      ]
    },
    {
      "Target": "Parameter",
      "Id": "Param_Angle_Rotation_3_ArtMesh186",
      "FadeInTime": -1.0,
      "FadeOutTime": -1.0,
      "Segments": [
        0,
        0.68,
        0,
        0.633,
        0.992,
        0,
        3.233,
        -0.992,
        1,
        3.694,
        -0.992,
        4.156,
        -0.43,
        4.617,
        0.095
      ]
    },
    {
      "Target": "Parameter",
      "Id": "Param_Angle_Rotation_4_ArtMesh186",
      "FadeInTime": -1.0,
      "FadeOutTime": -1.0,
      "Segments": [
        0,
        0.38,
        0,
        0.95,
        1.016,
        0,
        3.55,
        -1.016,
        1,
        3.906,
        -1.016,
        4.261,
        -0.674,
        4.617,
        -0.271
      ]
    },
    {
      "Target": "Parameter",
      "Id": "Param_Angle_Rotation_5_ArtMesh186",
      "FadeInTime": -1.0,
      "FadeOutTime": -1.0,
      "Segments": [
        0,
        0,
        0,
        1.283,
        1.016,
        0,
        3.883,
        -1.016,
        1,
        4.128,
        -1.016,
        4.372,
        -0.854,
        4.617,
        -0.622
      ]
    },
    {
      "Target": "Parameter",
      "Id": "Param_Angle_Rotation_6_ArtMesh186",
      "FadeInTime": -1.0,
      "FadeOutTime": -1.0,
      "Segments": [
        0,
        -0.36,
        0,
        1.6,
        1.016,
        0,
        4.2,
        -1.016,
        1,
        4.339,
        -1.016,
        4.478,
        -0.964,
        4.617,
        -0.876
      ]
    },
    {
      "Target": "Parameter",
      "Id": "Param_Angle_Rotation_7_ArtMesh186",
      "FadeInTime": -1.0,
      "FadeOutTime": -1.0,
      "Segments": [
        0,
        -0.7,
        0,
        1.933,
        1.016,
        0,
        4.533,
        -1.016,
        1,
        4.561,
        -1.016,
        4.589,
        -1.014,
        4.617,
        -1.01
      ]
    },
    {
      "Target": "Parameter",
      "Id": "Param_Angle_Rotation_8_ArtMesh186",
      "FadeInTime": -1.0,
      "FadeOutTime": -1.0,
      "Segments": [
        0,
        -0.92,
        0,
        2.25,
        1.016,
        1,
        3.039,
        1.016,
        3.828,
        -0.668,
        4.617,
        -0.97
      ]
    },
    {
      "Target": "Parameter",
      "Id": "Param_Angle_Rotation_9_ArtMesh186",
      "FadeInTime": -1.0,
      "FadeOutTime": -1.0,
      "Segments": [
        0,
        -1.02,
        0,
        2.583,
        1.016,
        1,
        3.261,
        1.016,
        3.939,
        -0.227,
        4.617,
        -0.769
      ]
    },
    {
      "Target": "Parameter",
      "Id": "Param_Angle_Rotation_10_ArtMesh186",
      "FadeInTime": -1.0,
      "FadeOutTime": -1.0,
      "Segments": [
        0,
        -0.93,
        0,
        0.3,
        -1.016,
        0,
        2.9,
        1.016,
        1,
        3.472,
        1.016,
        4.045,
        0.13,
        4.617,
        -0.472
      ]
    },
    {
      "Target": "Parameter",
      "Id": "Param_Angle_Rotation_11_ArtMesh186",
      "FadeInTime": -1.0,
      "FadeOutTime": -1.0,
      "Segments": [
        0,
        -2.06,
        0,
        0.633,
        -3,
        0,
        3.233,
        3,
        1,
        3.694,
        3,
        4.156,
        1.302,
        4.617,
        -0.288
      ]
    },
    {
      "Target": "Parameter",
      "Id": "Param_Angle_Rotation_12_ArtMesh186",
      "FadeInTime": -1.0,
      "FadeOutTime": -1.0,
      "Segments": [
        0,
        -1.13,
        0,
        0.95,
        -3,
        0,
        3.55,
        3,
        1,
        3.906,
        3,
        4.261,
        1.99,
        4.617,
        0.799
      ]
    },
    {
      "Target": "Parameter",
      "Id": "Param_Angle_Rotation_13_ArtMesh186",
      "FadeInTime": -1.0,
      "FadeOutTime": -1.0,
      "Segments": [
        0,
        0,
        0,
        1.283,
        -3,
        0,
        3.883,
        3,
        1,
        4.128,
        3,
        4.372,
        2.523,
        4.617,
        1.837
      ]
    },
    {
      "Target": "Parameter",
      "Id": "Param_Angle_Rotation_14_ArtMesh186",
      "FadeInTime": -1.0,
      "FadeOutTime": -1.0,
      "Segments": [
        0,
        1.08,
        0,
        1.6,
        -3,
        0,
        4.2,
        3,
        1,
        4.339,
        3,
        4.478,
        2.846,
        4.617,
        2.587
      ]
    },
    {
      "Target": "Parameter",
      "Id": "Param_Angle_Rotation_15_ArtMesh186",
      "FadeInTime": -1.0,
      "FadeOutTime": -1.0,
      "Segments": [
        0,
        2.06,
        0,
        1.933,
        -3,
        0,
        4.533,
        3,
        1,
        4.561,
        3,
        4.589,
        2.994,
        4.617,
        2.982
      ]
    },
    {
      "Target": "Parameter",
      "Id": "Param_Angle_Rotation_1_ArtMesh187",
      "FadeInTime": -1.0,
      "FadeOutTime": -1.0,
      "Segments": [
        0,
        -0.99,
        0,
        2.583,
        0.992,
        1,
        3.261,
        0.992,
        3.939,
        -0.221,
        4.617,
        -0.75
      ]
    },
    {
      "Target": "Parameter",
      "Id": "Param_Angle_Rotation_2_ArtMesh187",
      "FadeInTime": -1.0,
      "FadeOutTime": -1.0,
      "Segments": [
        0,
        -0.91,
        0,
        0.3,
        -0.992,
        0,
        2.9,
        0.992,
        1,
        3.472,
        0.992,
        4.045,
        0.127,
        4.617,
        -0.461
      ]
    },
    {
      "Target": "Parameter",
      "Id": "Param_Angle_Rotation_3_ArtMesh187",
      "FadeInTime": -1.0,
      "FadeOutTime": -1.0,
      "Segments": [
        0,
        -0.68,
        0,
        0.633,
        -0.992,
        0,
        3.233,
        0.992,
        1,
        3.694,
        0.992,
        4.156,
        0.43,
        4.617,
        -0.095
      ]
    },
    {
      "Target": "Parameter",
      "Id": "Param_Angle_Rotation_4_ArtMesh187",
      "FadeInTime": -1.0,
      "FadeOutTime": -1.0,
      "Segments": [
        0,
        -0.38,
        0,
        0.95,
        -1.016,
        0,
        3.55,
        1.016,
        1,
        3.906,
        1.016,
        4.261,
        0.674,
        4.617,
        0.271
      ]
    },
    {
      "Target": "Parameter",
      "Id": "Param_Angle_Rotation_5_ArtMesh187",
      "FadeInTime": -1.0,
      "FadeOutTime": -1.0,
      "Segments": [
        0,
        0,
        0,
        1.283,
        -1.016,
        0,
        3.883,
        1.016,
        1,
        4.128,
        1.016,
        4.372,
        0.854,
        4.617,
        0.622
      ]
    },
    {
      "Target": "Parameter",
      "Id": "Param_Angle_Rotation_6_ArtMesh187",
      "FadeInTime": -1.0,
      "FadeOutTime": -1.0,
      "Segments": [
        0,
        0.36,
        0,
        1.6,
        -1.016,
        0,
        4.2,
        1.016,
        1,
        4.339,
        1.016,
        4.478,
        0.964,
        4.617,
        0.876
      ]
    },
    {
      "Target": "Parameter",
      "Id": "Param_Angle_Rotation_7_ArtMesh187",
      "FadeInTime": -1.0,
      "FadeOutTime": -1.0,
      "Segments": [
        0,
        0.7,
        0,
        1.933,
        -1.016,
        0,
        4.533,
        1.016,
        1,
        4.561,
        1.016,
        4.589,
        1.014,
        4.617,
        1.01
      ]
    },
    {
      "Target": "Parameter",
      "Id": "Param_Angle_Rotation_8_ArtMesh187",
      "FadeInTime": -1.0,
      "FadeOutTime": -1.0,
      "Segments": [
        0,
        0.92,
        0,
        2.25,
        -1.016,
        1,
        3.039,
        -1.016,
        3.828,
        0.668,
        4.617,
        0.97
      ]
    },
    {
      "Target": "Parameter",
      "Id": "Param_Angle_Rotation_9_ArtMesh187",
      "FadeInTime": -1.0,
      "FadeOutTime": -1.0,
      "Segments": [
        0,
        1.02,
        0,
        2.583,
        -1.016,
        1,
        3.261,
        -1.016,
        3.939,
        0.227,
        4.617,
        0.769
      ]
    },
    {
      "Target": "Parameter",
      "Id": "Param_Angle_Rotation_10_ArtMesh187",
      "FadeInTime": -1.0,
      "FadeOutTime": -1.0,
      "Segments": [
        0,
        0.93,
        0,
        0.3,
        1.016,
        0,
        2.9,
        -1.016,
        1,
        3.472,
        -1.016,
        4.045,
        -0.13,
        4.617,
        0.472
      ]
    },
    {
      "Target": "Parameter",
      "Id": "Param_Angle_Rotation_11_ArtMesh187",
      "FadeInTime": -1.0,
      "FadeOutTime": -1.0,
      "Segments": [
        0,
        2.06,
        0,
        0.633,
        3,
        0,
        3.233,
        -3,
        1,
        3.694,
        -3,
        4.156,
        -1.302,
        4.617,
        0.288
      ]
    },
    {
      "Target": "Parameter",
      "Id": "Param_Angle_Rotation_12_ArtMesh187",
      "FadeInTime": -1.0,
      "FadeOutTime": -1.0,
      "Segments": [
        0,
        1.13,
        0,
        0.95,
        3,
        0,
        3.55,
        -3,
        1,
        3.906,
        -3,
        4.261,
        -1.99,
        4.617,
        -0.799
      ]
    },
    {
      "Target": "Parameter",
      "Id": "Param_Angle_Rotation_13_ArtMesh187",
      "FadeInTime": -1.0,
      "FadeOutTime": -1.0,
      "Segments": [
        0,
        0,
        0,
        1.283,
        3,
        0,
        3.883,
        -3,
        1,
        4.128,
        -3,
        4.372,
        -2.523,
        4.617,
        -1.837
      ]
    },
    {
      "Target": "Parameter",
      "Id": "Param_Angle_Rotation_14_ArtMesh187",
      "FadeInTime": -1.0,
      "FadeOutTime": -1.0,
      "Segments": [
        0,
        -1.08,
        0,
        1.6,
        3,
        0,
        4.2,
        -3,
        1,
        4.339,
        -3,
        4.478,
        -2.846,
        4.617,
        -2.587
      ]
    },
    {
      "Target": "Parameter",
      "Id": "Param_Angle_Rotation_15_ArtMesh187",
      "FadeInTime": -1.0,
      "FadeOutTime": -1.0,
      "Segments": [
        0,
        -2.06,
        0,
        1.933,
        3,
        0,
        4.533,
        -3,
        1,
        4.561,
        -3,
        4.589,
        -2.994,
        4.617,
        -2.982
      ]
    },
    {
      "Target": "Parameter",
      "Id": "Param_Angle_Rotation_1_ArtMesh188",
      "FadeInTime": -1.0,
      "FadeOutTime": -1.0,
      "Segments": [
        0,
        -3,
        0,
        3.85,
        3,
        1,
        4.106,
        3,
        4.361,
        2.766,
        4.617,
        2.391
      ]
    },
    {
      "Target": "Parameter",
      "Id": "Param_Angle_Rotation_2_ArtMesh188",
      "FadeInTime": -1.0,
      "FadeOutTime": -1.0,
      "Segments": [
        0,
        -2.6,
        0,
        0.617,
        -3,
        0,
        4.5,
        3,
        1,
        4.539,
        3,
        4.578,
        2.995,
        4.617,
        2.984
      ]
    },
    {
      "Target": "Parameter",
      "Id": "Param_Angle_Rotation_3_ArtMesh188",
      "FadeInTime": -1.0,
      "FadeOutTime": -1.0,
      "Segments": [
        0,
        -2.99,
        0,
        1.25,
        -5.277,
        1,
        2.372,
        -5.277,
        3.495,
        1.695,
        4.617,
        3.602
      ]
    },
    {
      "Target": "Parameter",
      "Id": "Param_Angle_Rotation_4_ArtMesh188",
      "FadeInTime": -1.0,
      "FadeOutTime": -1.0,
      "Segments": [
        0,
        -0.75,
        0,
        1.9,
        -5.277,
        1,
        2.806,
        -5.277,
        3.711,
        -0.737,
        4.617,
        2.018
      ]
    },
    {
      "Target": "Parameter",
      "Id": "Param_Angle_Rotation_5_ArtMesh188",
      "FadeInTime": -1.0,
      "FadeOutTime": -1.0,
      "Segments": [
        0,
        1.53,
        0,
        2.55,
        -5.277,
        1,
        3.239,
        -5.277,
        3.928,
        -2.627,
        4.617,
        -0.148
      ]
    },
    {
      "Target": "Parameter",
      "Id": "Param_Angle_Rotation_6_ArtMesh188",
      "FadeInTime": -1.0,
      "FadeOutTime": -1.0,
      "Segments": [
        0,
        5.97,
        0,
        3.2,
        -6.356,
        1,
        3.672,
        -6.356,
        4.145,
        -4.569,
        4.617,
        -2.298
      ]
    },
    {
      "Target": "Parameter",
      "Id": "Param_Angle_Rotation_7_ArtMesh188",
      "FadeInTime": -1.0,
      "FadeOutTime": -1.0,
      "Segments": [
        0,
        7.07,
        0,
        3.85,
        -6.356,
        1,
        4.106,
        -6.356,
        4.361,
        -5.833,
        4.617,
        -4.992
      ]
    },
    {
      "Target": "Parameter",
      "Id": "Param_Angle_Rotation_8_ArtMesh188",
      "FadeInTime": -1.0,
      "FadeOutTime": -1.0,
      "Segments": [
        0,
        6.17,
        0,
        0.617,
        7.075,
        0,
        4.5,
        -6.356,
        1,
        4.539,
        -6.356,
        4.578,
        -6.344,
        4.617,
        -6.32
      ]
    },
    {
      "Target": "Parameter",
      "Id": "Param_Angle_Rotation_9_ArtMesh188",
      "FadeInTime": -1.0,
      "FadeOutTime": -1.0,
      "Segments": [
        0,
        3.96,
        0,
        1.25,
        7.913,
        1,
        2.372,
        7.913,
        3.495,
        -4.149,
        4.617,
        -7.448
      ]
    },
    {
      "Target": "Parameter",
      "Id": "Param_Angle_Rotation_10_ArtMesh188",
      "FadeInTime": -1.0,
      "FadeOutTime": -1.0,
      "Segments": [
        0,
        0.08,
        0,
        1.9,
        7.913,
        1,
        2.806,
        7.913,
        3.711,
        0.059,
        4.617,
        -4.707
      ]
    },
    {
      "Target": "Parameter",
      "Id": "Param_Angle_Rotation_11_ArtMesh188",
      "FadeInTime": -1.0,
      "FadeOutTime": -1.0,
      "Segments": [
        0,
        -3.86,
        0,
        2.55,
        7.913,
        1,
        3.239,
        7.913,
        3.928,
        3.329,
        4.617,
        -0.96
      ]
    },
    {
      "Target": "Parameter",
      "Id": "Param_Angle_Rotation_12_ArtMesh188",
      "FadeInTime": -1.0,
      "FadeOutTime": -1.0,
      "Segments": [
        0,
        -8.59,
        0,
        3.2,
        9.351,
        1,
        3.672,
        9.351,
        4.145,
        6.75,
        4.617,
        3.447
      ]
    },
    {
      "Target": "Parameter",
      "Id": "Param_Angle_Rotation_13_ArtMesh188",
      "FadeInTime": -1.0,
      "FadeOutTime": -1.0,
      "Segments": [
        0,
        -10.19,
        0,
        3.867,
        9.351,
        1,
        4.117,
        9.351,
        4.367,
        8.616,
        4.617,
        7.431
      ]
    },
    {
      "Target": "Parameter",
      "Id": "Param_Angle_Rotation_14_ArtMesh188",
      "FadeInTime": -1.0,
      "FadeOutTime": -1.0,
      "Segments": [
        0,
        -8.87,
        0,
        0.617,
        -10.19,
        0,
        4.517,
        9.351,
        1,
        4.55,
        9.351,
        4.584,
        9.338,
        4.617,
        9.312
      ]
    },
    {
      "Target": "Parameter",
      "Id": "Param_Angle_Rotation_15_ArtMesh188",
      "FadeInTime": -1.0,
      "FadeOutTime": -1.0,
      "Segments": [
        0,
        -5.39,
        0,
        1.25,
        -10.19,
        1,
        2.372,
        -10.19,
        3.495,
        4.248,
        4.617,
        8.303
      ]
    },
    {
      "Target": "Parameter",
      "Id": "Param_Angle_Rotation_16_ArtMesh188",
      "FadeInTime": -1.0,
      "FadeOutTime": -1.0,
      "Segments": [
        0,
        -0.67,
        0,
        1.9,
        -10.19,
        1,
        2.806,
        -10.19,
        3.711,
        -0.789,
        4.617,
        4.972
      ]
    },
    {
      "Target": "Parameter",
      "Id": "Paramring",
      "FadeInTime": -1.0,
      "FadeOutTime": -1.0,
      "Segments": [
        0,
        0,
        0,
        4.617,
        0
      ]
    },
    {
      "Target": "Parameter",
      "Id": "touch_drag1",
      "FadeInTime": -1.0,
      "FadeOutTime": -1.0,
      "Segments": [
        0,
        0,
        0,
        4.617,
        0
      ]
    },
    {
      "Target": "Parameter",
      "Id": "touch_drag2",
      "FadeInTime": -1.0,
      "FadeOutTime": -1.0,
      "Segments": [
        0,
        0,
        0,
        4.617,
        0
      ]
    },
    {
      "Target": "Parameter",
      "Id": "touch_drag3",
      "FadeInTime": -1.0,
      "FadeOutTime": -1.0,
      "Segments": [
        0,
        0,
        0,
        4.617,
        0
      ]
    },
    {
      "Target": "Parameter",
      "Id": "ParamHeikuang",
      "FadeInTime": -1.0,
      "FadeOutTime": -1.0,
      "Segments": [
        0,
        0,
        0,
        4.617,
        0
      ]
    },
    {
      "Target": "Parameter",
      "Id": "ParamBaise",
      "FadeInTime": -1.0,
      "FadeOutTime": -1.0,
      "Segments": [
        0,
        0,
        0,
        4.617,
        0
      ]
    },
    {
      "Target": "Parameter",
      "Id": "ParamHeise",
      "FadeInTime": -1.0,
      "FadeOutTime": -1.0,
      "Segments": [
        0,
        0,
        0,
        4.617,
        0
      ]
    },
    {
      "Target": "Parameter",
      "Id": "ParamALLZ",
      "FadeInTime": -1.0,
      "FadeOutTime": -1.0,
      "Segments": [
        0,
        0,
        0,
        4.617,
        0
      ]
    },
    {
      "Target": "Parameter",
      "Id": "ParamALLS",
      "FadeInTime": -1.0,
      "FadeOutTime": -1.0,
      "Segments": [
        0,
        0,
        0,
        4.617,
        0
      ]
    },
    {
      "Target": "Parameter",
      "Id": "ParamRenwuX8",
      "FadeInTime": -1.0,
      "FadeOutTime": -1.0,
      "Segments": [
        0,
        10,
        0,
        4.617,
        10
      ]
    },
    {
      "Target": "Parameter",
      "Id": "ParamRenwuX9",
      "FadeInTime": -1.0,
      "FadeOutTime": -1.0,
      "Segments": [
        0,
        0,
        0,
        4.617,
        0
      ]
    },
    {
      "Target": "Parameter",
      "Id": "ParamRenwuX2",
      "FadeInTime": -1.0,
      "FadeOutTime": -1.0,
      "Segments": [
        0,
        0,
        0,
        4.617,
        0
      ]
    },
    {
      "Target": "Parameter",
      "Id": "ParamRenwuX3",
      "FadeInTime": -1.0,
      "FadeOutTime": -1.0,
      "Segments": [
        0,
        0,
        0,
        4.617,
        0
      ]
    },
    {
      "Target": "Parameter",
      "Id": "ParamRenwuX4",
      "FadeInTime": -1.0,
      "FadeOutTime": -1.0,
      "Segments": [
        0,
        -0.5,
        0,
        4.617,
        -0.5
      ]
    },
    {
      "Target": "Parameter",
      "Id": "ParamRenwu",
      "FadeInTime": -1.0,
      "FadeOutTime": -1.0,
      "Segments": [
        0,
        1,
        0,
        4.617,
        1
      ]
    },
    {
      "Target": "Parameter",
      "Id": "ParamRenwuS",
      "FadeInTime": -1.0,
      "FadeOutTime": -1.0,
      "Segments": [
        0,
        0,
        0,
        4.617,
        0
      ]
    },
    {
      "Target": "Parameter",
      "Id": "ParamBeijing",
      "FadeInTime": -1.0,
      "FadeOutTime": -1.0,
      "Segments": [
        0,
        1,
        0,
        4.617,
        1
      ]
    },
    {
      "Target": "Parameter",
      "Id": "ParamBeijingX",
      "FadeInTime": -1.0,
      "FadeOutTime": -1.0,
      "Segments": [
        0,
        0,
        0,
        4.617,
        0
      ]
    },
    {
      "Target": "Parameter",
      "Id": "ParamBeijingY",
      "FadeInTime": -1.0,
      "FadeOutTime": -1.0,
      "Segments": [
        0,
        0,
        0,
        4.617,
        0
      ]
    },
    {
      "Target": "Parameter",
      "Id": "ParamBeijingZ",
      "FadeInTime": -1.0,
      "FadeOutTime": -1.0,
      "Segments": [
        0,
        0,
        0,
        4.617,
        0
      ]
    },
    {
      "Target": "Parameter",
      "Id": "ParamBeijingS",
      "FadeInTime": -1.0,
      "FadeOutTime": -1.0,
      "Segments": [
        0,
        0,
        0,
        4.617,
        0
      ]
    },
    {
      "Target": "Parameter",
      "Id": "ParamEyeLSmile",
      "FadeInTime": -1.0,
      "FadeOutTime": -1.0,
      "Segments": [
        0,
        0,
        0,
        4.617,
        0
      ]
    },
    {
      "Target": "Parameter",
      "Id": "ParamEyeRSmile",
      "FadeInTime": -1.0,
      "FadeOutTime": -1.0,
      "Segments": [
        0,
        0,
        0,
        4.617,
        0
      ]
    },
    {
      "Target": "Parameter",
      "Id": "ParamEyeBallX",
      "FadeInTime": -1.0,
      "FadeOutTime": -1.0,
      "Segments": [
        0,
        0,
        0,
        4.617,
        0
      ]
    },
    {
      "Target": "Parameter",
      "Id": "ParamEyeBallY",
      "FadeInTime": -1.0,
      "FadeOutTime": -1.0,
      "Segments": [
        0,
        0,
        0,
        4.617,
        0
      ]
    },
    {
      "Target": "Parameter",
      "Id": "ParamBrowRY",
      "FadeInTime": -1.0,
      "FadeOutTime": -1.0,
      "Segments": [
        0,
        0,
        0,
        4.617,
        0
      ]
    },
    {
      "Target": "Parameter",
      "Id": "ParamBrowRForm",
      "FadeInTime": -1.0,
      "FadeOutTime": -1.0,
      "Segments": [
        0,
        0,
        0,
        4.617,
        0
      ]
    },
    {
      "Target": "Parameter",
      "Id": "ParamBrowLY",
      "FadeInTime": -1.0,
      "FadeOutTime": -1.0,
      "Segments": [
        0,
        0,
        0,
        4.617,
        0
      ]
    },
    {
      "Target": "Parameter",
      "Id": "ParamBrowLForm",
      "FadeInTime": -1.0,
      "FadeOutTime": -1.0,
      "Segments": [
        0,
        0,
        0,
        4.617,
        0
      ]
    },
    {
      "Target": "Parameter",
      "Id": "Param4",
      "FadeInTime": -1.0,
      "FadeOutTime": -1.0,
      "Segments": [
        0,
        0,
        0,
        4.617,
        0
      ]
    },
    {
      "Target": "Parameter",
      "Id": "ParamMouthForm",
      "FadeInTime": -1.0,
      "FadeOutTime": -1.0,
      "Segments": [
        0,
        0,
        0,
        4.617,
        0
      ]
    },
    {
      "Target": "Parameter",
      "Id": "ParamMouthOpenY",
      "FadeInTime": -1.0,
      "FadeOutTime": -1.0,
      "Segments": [
        0,
        0,
        0,
        4.617,
        0
      ]
    },
    {
      "Target": "Parameter",
      "Id": "ParamMouthS",
      "FadeInTime": -1.0,
      "FadeOutTime": -1.0,
      "Segments": [
        0,
        0,
        0,
        4.617,
        0
      ]
    },
    {
      "Target": "Parameter",
      "Id": "ParamEyeGaoguang",
      "FadeInTime": -1.0,
      "FadeOutTime": -1.0,
      "Segments": [
        0,
        0,
        0,
        4.617,
        0
      ]
    },
    {
      "Target": "Parameter",
      "Id": "Param28",
      "FadeInTime": -1.0,
      "FadeOutTime": -1.0,
      "Segments": [
        0,
        5,
        0,
        4.617,
        5
      ]
    },
    {
      "Target": "Parameter",
      "Id": "Param97",
      "FadeInTime": -1.0,
      "FadeOutTime": -1.0,
      "Segments": [
        0,
        0,
        0,
        4.617,
        0
      ]
    },
    {
      "Target": "Parameter",
      "Id": "Param31",
      "FadeInTime": -1.0,
      "FadeOutTime": -1.0,
      "Segments": [
        0,
        0,
        0,
        4.617,
        0
      ]
    },
    {
      "Target": "Parameter",
      "Id": "ParamBodyAngleZ3",
      "FadeInTime": -1.0,
      "FadeOutTime": -1.0,
      "Segments": [
        0,
        0,
        0,
        4.617,
        0
      ]
    },
    {
      "Target": "Parameter",
      "Id": "Param33",
      "FadeInTime": -1.0,
      "FadeOutTime": -1.0,
      "Segments": [
        0,
        1.02,
        0,
        4.617,
        1.02
      ]
    },
    {
      "Target": "Parameter",
      "Id": "ParamBodyAngleX2",
      "FadeInTime": -1.0,
      "FadeOutTime": -1.0,
      "Segments": [
        0,
        0,
        0,
        4.617,
        0
      ]
    },
    {
      "Target": "Parameter",
      "Id": "ParamBreath",
      "FadeInTime": -1.0,
      "FadeOutTime": -1.0,
      "Segments": [
        0,
        0,
        0,
        4.617,
        0
      ]
    },
    {
      "Target": "Parameter",
      "Id": "ParamBodyAngleY",
      "FadeInTime": -1.0,
      "FadeOutTime": -1.0,
      "Segments": [
        0,
        0,
        0,
        4.617,
        0
      ]
    },
    {
      "Target": "Parameter",
      "Id": "ParamA1zuoshoutuozhanxingbian",
      "FadeInTime": -1.0,
      "FadeOutTime": -1.0,
      "Segments": [
        0,
        0,
        0,
        4.617,
        0
      ]
    },
    {
      "Target": "Parameter",
      "Id": "Param47",
      "FadeInTime": -1.0,
      "FadeOutTime": -1.0,
      "Segments": [
        0,
        0,
        0,
        4.617,
        0
      ]
    },
    {
      "Target": "Parameter",
      "Id": "Param48",
      "FadeInTime": -1.0,
      "FadeOutTime": -1.0,
      "Segments": [
        0,
        0,
        0,
        4.617,
        0
      ]
    },
    {
      "Target": "Parameter",
      "Id": "Param49",
      "FadeInTime": -1.0,
      "FadeOutTime": -1.0,
      "Segments": [
        0,
        0,
        0,
        4.617,
        0
      ]
    },
    {
      "Target": "Parameter",
      "Id": "Param69",
      "FadeInTime": -1.0,
      "FadeOutTime": -1.0,
      "Segments": [
        0,
        0,
        0,
        4.617,
        0
      ]
    },
    {
      "Target": "Parameter",
      "Id": "Param52",
      "FadeInTime": -1.0,
      "FadeOutTime": -1.0,
      "Segments": [
        0,
        0,
        0,
        4.617,
        0
      ]
    },
    {
      "Target": "Parameter",
      "Id": "Param54",
      "FadeInTime": -1.0,
      "FadeOutTime": -1.0,
      "Segments": [
        0,
        0,
        0,
        4.617,
        0
      ]
    },
    {
      "Target": "Parameter",
      "Id": "Param55",
      "FadeInTime": -1.0,
      "FadeOutTime": -1.0,
      "Segments": [
        0,
        0,
        0,
        4.617,
        0
      ]
    },
    {
      "Target": "Parameter",
      "Id": "Param56",
      "FadeInTime": -1.0,
      "FadeOutTime": -1.0,
      "Segments": [
        0,
        0,
        0,
        4.617,
        0
      ]
    },
    {
      "Target": "Parameter",
      "Id": "Param58",
      "FadeInTime": -1.0,
      "FadeOutTime": -1.0,
      "Segments": [
        0,
        0,
        0,
        4.617,
        0
      ]
    },
    {
      "Target": "Parameter",
      "Id": "Param21",
      "FadeInTime": -1.0,
      "FadeOutTime": -1.0,
      "Segments": [
        0,
        0,
        0,
        4.617,
        0
      ]
    },
    {
      "Target": "Parameter",
      "Id": "ParamShangBiRUD",
      "FadeInTime": -1.0,
      "FadeOutTime": -1.0,
      "Segments": [
        0,
        0,
        0,
        4.617,
        0
      ]
    },
    {
      "Target": "Parameter",
      "Id": "ParamA1zuoshoutuozhanxingbian2",
      "FadeInTime": -1.0,
      "FadeOutTime": -1.0,
      "Segments": [
        0,
        0,
        0,
        4.617,
        0
      ]
    },
    {
      "Target": "Parameter",
      "Id": "Param35",
      "FadeInTime": -1.0,
      "FadeOutTime": -1.0,
      "Segments": [
        0,
        0,
        0,
        4.617,
        0
      ]
    },
    {
      "Target": "Parameter",
      "Id": "Param36",
      "FadeInTime": -1.0,
      "FadeOutTime": -1.0,
      "Segments": [
        0,
        0,
        0,
        4.617,
        0
      ]
    },
    {
      "Target": "Parameter",
      "Id": "Param37",
      "FadeInTime": -1.0,
      "FadeOutTime": -1.0,
      "Segments": [
        0,
        0,
        0,
        4.617,
        0
      ]
    },
    {
      "Target": "Parameter",
      "Id": "Param71",
      "FadeInTime": -1.0,
      "FadeOutTime": -1.0,
      "Segments": [
        0,
        0,
        0,
        4.617,
        0
      ]
    },
    {
      "Target": "Parameter",
      "Id": "Param53",
      "FadeInTime": -1.0,
      "FadeOutTime": -1.0,
      "Segments": [
        0,
        1,
        0,
        4.617,
        1
      ]
    },
    {
      "Target": "Parameter",
      "Id": "Param60",
      "FadeInTime": -1.0,
      "FadeOutTime": -1.0,
      "Segments": [
        0,
        0,
        0,
        4.617,
        0
      ]
    },
    {
      "Target": "Parameter",
      "Id": "Param61",
      "FadeInTime": -1.0,
      "FadeOutTime": -1.0,
      "Segments": [
        0,
        0,
        0,
        4.617,
        0
      ]
    },
    {
      "Target": "Parameter",
      "Id": "Param41",
      "FadeInTime": -1.0,
      "FadeOutTime": -1.0,
      "Segments": [
        0,
        0,
        0,
        4.617,
        0
      ]
    },
    {
      "Target": "Parameter",
      "Id": "Param40",
      "FadeInTime": -1.0,
      "FadeOutTime": -1.0,
      "Segments": [
        0,
        0,
        0,
        4.617,
        0
      ]
    },
    {
      "Target": "Parameter",
      "Id": "Param91",
      "FadeInTime": -1.0,
      "FadeOutTime": -1.0,
      "Segments": [
        0,
        -1.06,
        0,
        4.617,
        -1.06
      ]
    },
    {
      "Target": "Parameter",
      "Id": "Param92",
      "FadeInTime": -1.0,
      "FadeOutTime": -1.0,
      "Segments": [
        0,
        -1.14,
        0,
        4.617,
        -1.14
      ]
    },
    {
      "Target": "Parameter",
      "Id": "Param103",
      "FadeInTime": -1.0,
      "FadeOutTime": -1.0,
      "Segments": [
        0,
        0,
        0,
        4.617,
        0
      ]
    },
    {
      "Target": "Parameter",
      "Id": "ParamDaTuiLUD",
      "FadeInTime": -1.0,
      "FadeOutTime": -1.0,
      "Segments": [
        0,
        0,
        0,
        4.617,
        0
      ]
    },
    {
      "Target": "Parameter",
      "Id": "Param62",
      "FadeInTime": -1.0,
      "FadeOutTime": -1.0,
      "Segments": [
        0,
        0,
        0,
        4.617,
        0
      ]
    },
    {
      "Target": "Parameter",
      "Id": "ParamDaTuiLUD2",
      "FadeInTime": -1.0,
      "FadeOutTime": -1.0,
      "Segments": [
        0,
        0,
        0,
        4.617,
        0
      ]
    },
    {
      "Target": "Parameter",
      "Id": "ParamXiaoTuiLUD3",
      "FadeInTime": -1.0,
      "FadeOutTime": -1.0,
      "Segments": [
        0,
        0,
        0,
        4.617,
        0
      ]
    },
    {
      "Target": "Parameter",
      "Id": "ParamXiaoTuiLUD2",
      "FadeInTime": -1.0,
      "FadeOutTime": -1.0,
      "Segments": [
        0,
        5,
        0,
        4.617,
        5
      ]
    },
    {
      "Target": "Parameter",
      "Id": "Param24",
      "FadeInTime": -1.0,
      "FadeOutTime": -1.0,
      "Segments": [
        0,
        0,
        0,
        4.617,
        0
      ]
    },
    {
      "Target": "Parameter",
      "Id": "Param59",
      "FadeInTime": -1.0,
      "FadeOutTime": -1.0,
      "Segments": [
        0,
        0,
        0,
        4.617,
        0
      ]
    },
    {
      "Target": "Parameter",
      "Id": "ParamDaTuiRUD",
      "FadeInTime": -1.0,
      "FadeOutTime": -1.0,
      "Segments": [
        0,
        0,
        0,
        4.617,
        0
      ]
    },
    {
      "Target": "Parameter",
      "Id": "Param63",
      "FadeInTime": -1.0,
      "FadeOutTime": -1.0,
      "Segments": [
        0,
        0,
        0,
        4.617,
        0
      ]
    },
    {
      "Target": "Parameter",
      "Id": "ParamXiaoTuiLUD5",
      "FadeInTime": -1.0,
      "FadeOutTime": -1.0,
      "Segments": [
        0,
        0,
        0,
        4.617,
        0
      ]
    },
    {
      "Target": "Parameter",
      "Id": "ParamDaTuiLUD3",
      "FadeInTime": -1.0,
      "FadeOutTime": -1.0,
      "Segments": [
        0,
        0,
        0,
        4.617,
        0
      ]
    },
    {
      "Target": "Parameter",
      "Id": "ParamXiaoTuiLUD4",
      "FadeInTime": -1.0,
      "FadeOutTime": -1.0,
      "Segments": [
        0,
        0,
        0,
        4.617,
        0
      ]
    },
    {
      "Target": "Parameter",
      "Id": "Param25",
      "FadeInTime": -1.0,
      "FadeOutTime": -1.0,
      "Segments": [
        0,
        0,
        0,
        4.617,
        0
      ]
    },
    {
      "Target": "Parameter",
      "Id": "Param26",
      "FadeInTime": -1.0,
      "FadeOutTime": -1.0,
      "Segments": [
        0,
        0,
        0,
        4.617,
        0
      ]
    },
    {
      "Target": "Parameter",
      "Id": "Param75",
      "FadeInTime": -1.0,
      "FadeOutTime": -1.0,
      "Segments": [
        0,
        0,
        0,
        4.617,
        0
      ]
    },
    {
      "Target": "Parameter",
      "Id": "Param5",
      "FadeInTime": -1.0,
      "FadeOutTime": -1.0,
      "Segments": [
        0,
        0,
        0,
        4.617,
        0
      ]
    },
    {
      "Target": "Parameter",
      "Id": "Param76",
      "FadeInTime": -1.0,
      "FadeOutTime": -1.0,
      "Segments": [
        0,
        0,
        0,
        4.617,
        0
      ]
    },
    {
      "Target": "Parameter",
      "Id": "Param34",
      "FadeInTime": -1.0,
      "FadeOutTime": -1.0,
      "Segments": [
        0,
        0,
        0,
        4.617,
        0
      ]
    },
    {
      "Target": "Parameter",
      "Id": "Param95",
      "FadeInTime": -1.0,
      "FadeOutTime": -1.0,
      "Segments": [
        0,
        0,
        0,
        4.617,
        0
      ]
    },
    {
      "Target": "Parameter",
      "Id": "Param96",
      "FadeInTime": -1.0,
      "FadeOutTime": -1.0,
      "Segments": [
        0,
        0,
        0,
        4.617,
        0
      ]
    },
    {
      "Target": "Parameter",
      "Id": "Param125",
      "FadeInTime": -1.0,
      "FadeOutTime": -1.0,
      "Segments": [
        0,
        0,
        0,
        4.617,
        0
      ]
    },
    {
      "Target": "Parameter",
      "Id": "Param64",
      "FadeInTime": -1.0,
      "FadeOutTime": -1.0,
      "Segments": [
        0,
        0,
        0,
        4.617,
        0
      ]
    },
    {
      "Target": "Parameter",
      "Id": "Param39",
      "FadeInTime": -1.0,
      "FadeOutTime": -1.0,
      "Segments": [
        0,
        0,
        0,
        4.617,
        0
      ]
    },
    {
      "Target": "Parameter",
      "Id": "Param94",
      "FadeInTime": -1.0,
      "FadeOutTime": -1.0,
      "Segments": [
        0,
        0,
        0,
        4.617,
        0
      ]
    },
    {
      "Target": "Parameter",
      "Id": "Param126",
      "FadeInTime": -1.0,
      "FadeOutTime": -1.0,
      "Segments": [
        0,
        0,
        0,
        4.617,
        0
      ]
    },
    {
      "Target": "Parameter",
      "Id": "Param72",
      "FadeInTime": -1.0,
      "FadeOutTime": -1.0,
      "Segments": [
        0,
        0,
        0,
        4.617,
        0
      ]
    },
    {
      "Target": "Parameter",
      "Id": "Param98",
      "FadeInTime": -1.0,
      "FadeOutTime": -1.0,
      "Segments": [
        0,
        0,
        0,
        4.617,
        0
      ]
    },
    {
      "Target": "Parameter",
      "Id": "Param38",
      "FadeInTime": -1.0,
      "FadeOutTime": -1.0,
      "Segments": [
        0,
        0,
        0,
        4.617,
        0
      ]
    },
    {
      "Target": "Parameter",
      "Id": "Param152",
      "FadeInTime": -1.0,
      "FadeOutTime": -1.0,
      "Segments": [
        0,
        0,
        0,
        4.617,
        0
      ]
    },
    {
      "Target": "Parameter",
      "Id": "Param153",
      "FadeInTime": -1.0,
      "FadeOutTime": -1.0,
      "Segments": [
        0,
        0,
        0,
        4.617,
        0
      ]
    },
    {
      "Target": "Parameter",
      "Id": "Param151",
      "FadeInTime": -1.0,
      "FadeOutTime": -1.0,
      "Segments": [
        0,
        0,
        0,
        4.617,
        0
      ]
    },
    {
      "Target": "Parameter",
      "Id": "MB_xingfengyaobai2",
      "FadeInTime": -1.0,
      "FadeOutTime": -1.0,
      "Segments": [
        0,
        0,
        0,
        4.617,
        0
      ]
    },
    {
      "Target": "Parameter",
      "Id": "MB_xingfengyaobai",
      "FadeInTime": -1.0,
      "FadeOutTime": -1.0,
      "Segments": [
        0,
        0,
        0,
        4.617,
        0
      ]
    },
    {
      "Target": "Parameter",
      "Id": "MB_xingfengTMD",
      "FadeInTime": -1.0,
      "FadeOutTime": -1.0,
      "Segments": [
        0,
        0,
        0,
        4.617,
        0
      ]
    },
    {
      "Target": "Parameter",
      "Id": "Param105",
      "FadeInTime": -1.0,
      "FadeOutTime": -1.0,
      "Segments": [
        0,
        0,
        0,
        4.617,
        0
      ]
    },
    {
      "Target": "Parameter",
      "Id": "Param",
      "FadeInTime": -1.0,
      "FadeOutTime": -1.0,
      "Segments": [
        0,
        10,
        0,
        4.617,
        10
      ]
    },
    {
      "Target": "Parameter",
      "Id": "Param2",
      "FadeInTime": -1.0,
      "FadeOutTime": -1.0,
      "Segments": [
        0,
        10,
        0,
        4.617,
        10
      ]
    },
    {
      "Target": "Parameter",
      "Id": "Param3",
      "FadeInTime": -1.0,
      "FadeOutTime": -1.0,
      "Segments": [
        0,
        10,
        0,
        4.617,
        10
      ]
    },
    {
      "Target": "Parameter",
      "Id": "Param32",
      "FadeInTime": -1.0,
      "FadeOutTime": -1.0,
      "Segments": [
        0,
        5,
        0,
        4.617,
        5
      ]
    },
    {
      "Target": "Parameter",
      "Id": "Param10",
      "FadeInTime": -1.0,
      "FadeOutTime": -1.0,
      "Segments": [
        0,
        0,
        0,
        4.617,
        0
      ]
    },
    {
      "Target": "Parameter",
      "Id": "Param11",
      "FadeInTime": -1.0,
      "FadeOutTime": -1.0,
      "Segments": [
        0,
        0,
        0,
        4.617,
        0
      ]
    },
    {
      "Target": "Parameter",
      "Id": "Param_Angle_Rotation_16_ArtMesh187",
      "FadeInTime": -1.0,
      "FadeOutTime": -1.0,
      "Segments": [
        0,
        0,
        0,
        4.617,
        0
      ]
    },
    {
      "Target": "Parameter",
      "Id": "Param_Angle_Rotation_17_ArtMesh187",
      "FadeInTime": -1.0,
      "FadeOutTime": -1.0,
      "Segments": [
        0,
        0,
        0,
        4.617,
        0
      ]
    },
    {
      "Target": "Parameter",
      "Id": "Param_Angle_Rotation_17_ArtMesh188",
      "FadeInTime": -1.0,
      "FadeOutTime": -1.0,
      "Segments": [
        0,
        4.1,
        0,
        4.617,
        4.1
      ]
    }
  ],
  "UserData": [
    {
      "Time": 0.0,
      "Value": ""
    },
    {
      "Time": 4.117,
      "Value": ""
    }
  ]
}