{
  "Version": 3,
  "Meta": {
    "Duration": 1.083,
    "Fps": 60.0,
    "Loop": true,
    "AreBeziersRestricted": true,
    "FadeInTime": 0.0,
    "FadeOutTime": 0.0,
    "CurveCount": 280,
    "TotalSegmentCount": 406,
    "TotalPointCount": 594,
    "UserDataCount": 2,
    "TotalUserDataSize": 0
  },
  "Curves": [
    {
      "Target": "Parameter",
      "Id": "ParamALLX",
      "FadeInTime": -1.0,
      "FadeOutTime": -1.0,
      "Segments": [
        0,
        -0.78,
        0,
        1.083,
        -1.08
      ]
    },
    {
      "Target": "Parameter",
      "Id": "ParamALLY",
      "FadeInTime": -1.0,
      "FadeOutTime": -1.0,
      "Segments": [
        0,
        -0.48,
        0,
        1.083,
        -0.66
      ]
    },
    {
      "Target": "Parameter",
      "Id": "ParamALLS",
      "FadeInTime": -1.0,
      "FadeOutTime": -1.0,
      "Segments": [
        0,
        0,
        2,
        1.083,
        0
      ]
    },
    {
      "Target": "Parameter",
      "Id": "ParamRenwuX6",
      "FadeInTime": -1.0,
      "FadeOutTime": -1.0,
      "Segments": [
        0,
        0.061,
        0,
        0.533,
        -0.325,
        0,
        1.083,
        0.061
      ]
    },
    {
      "Target": "Parameter",
      "Id": "ParamEyeLOpen",
      "FadeInTime": -1.0,
      "FadeOutTime": -1.0,
      "Segments": [
        0,
        0.8,
        0,
        0.367,
        1,
        0,
        0.55,
        0,
        0,
        0.817,
        0.8,
        2,
        1.083,
        0.8
      ]
    },
    {
      "Target": "Parameter",
      "Id": "ParamEyeROpen",
      "FadeInTime": -1.0,
      "FadeOutTime": -1.0,
      "Segments": [
        0,
        0.8,
        0,
        0.367,
        1,
        0,
        0.55,
        0,
        0,
        0.817,
        0.8,
        2,
        1.083,
        0.8
      ]
    },
    {
      "Target": "Parameter",
      "Id": "ParamCheek",
      "FadeInTime": -1.0,
      "FadeOutTime": -1.0,
      "Segments": [
        0,
        0.5,
        0,
        1.083,
        0.7
      ]
    },
    {
      "Target": "Parameter",
      "Id": "Param87",
      "FadeInTime": -1.0,
      "FadeOutTime": -1.0,
      "Segments": [
        0,
        0,
        0,
        1.083,
        10
      ]
    },
    {
      "Target": "Parameter",
      "Id": "ParamAngleY",
      "FadeInTime": -1.0,
      "FadeOutTime": -1.0,
      "Segments": [
        0,
        -4.37,
        0,
        0.5,
        0,
        0,
        1.083,
        -30
      ]
    },
    {
      "Target": "Parameter",
      "Id": "ParamAngleZ",
      "FadeInTime": -1.0,
      "FadeOutTime": -1.0,
      "Segments": [
        0,
        -6.75,
        0,
        0.5,
        -7,
        0,
        1.083,
        0.54
      ]
    },
    {
      "Target": "Parameter",
      "Id": "ParamAngleZ2",
      "FadeInTime": -1.0,
      "FadeOutTime": -1.0,
      "Segments": [
        0,
        0,
        0,
        0.25,
        -0.222,
        0,
        1.083,
        5.57
      ]
    },
    {
      "Target": "Parameter",
      "Id": "ParamBodyAngleX",
      "FadeInTime": -1.0,
      "FadeOutTime": -1.0,
      "Segments": [
        0,
        -7.922,
        0,
        1.083,
        0
      ]
    },
    {
      "Target": "Parameter",
      "Id": "ParamBodyAngleZ",
      "FadeInTime": -1.0,
      "FadeOutTime": -1.0,
      "Segments": [
        0,
        -9.88,
        0,
        0.25,
        -9.985,
        0,
        1.083,
        -9.79
      ]
    },
    {
      "Target": "Parameter",
      "Id": "ParamBodyAngleZ2",
      "FadeInTime": -1.0,
      "FadeOutTime": -1.0,
      "Segments": [
        0,
        6.71,
        0,
        1.083,
        6.8
      ]
    },
    {
      "Target": "Parameter",
      "Id": "ParamBodyAngleUD",
      "FadeInTime": -1.0,
      "FadeOutTime": -1.0,
      "Segments": [
        0,
        -6.69,
        0,
        0.25,
        -6.987,
        0,
        1.083,
        -6.18
      ]
    },
    {
      "Target": "Parameter",
      "Id": "ParamJianbangL",
      "FadeInTime": -1.0,
      "FadeOutTime": -1.0,
      "Segments": [
        0,
        1.04,
        0,
        1.083,
        -1.11
      ]
    },
    {
      "Target": "Parameter",
      "Id": "Param42",
      "FadeInTime": -1.0,
      "FadeOutTime": -1.0,
      "Segments": [
        0,
        -1.519,
        1,
        0.078,
        -1.515,
        0.155,
        -1.511,
        0.233,
        -1.507,
        1,
        0.328,
        -1.015,
        0.422,
        -0.524,
        0.517,
        -0.032,
        1,
        0.706,
        1.166,
        0.894,
        1.986,
        1.083,
        1.986
      ]
    },
    {
      "Target": "Parameter",
      "Id": "Param43",
      "FadeInTime": -1.0,
      "FadeOutTime": -1.0,
      "Segments": [
        0,
        4.68,
        1,
        0.078,
        4.274,
        0.155,
        3.869,
        0.233,
        3.463,
        1,
        0.355,
        3.082,
        0.478,
        2.702,
        0.6,
        2.321,
        1,
        0.761,
        2.1,
        0.922,
        2.088,
        1.083,
        2.088
      ]
    },
    {
      "Target": "Parameter",
      "Id": "Param44",
      "FadeInTime": -1.0,
      "FadeOutTime": -1.0,
      "Segments": [
        0,
        7.4,
        1,
        0.078,
        7.4,
        0.155,
        -0.397,
        0.233,
        -0.4,
        1,
        0.3,
        -0.402,
        0.366,
        -0.401,
        0.433,
        -0.403,
        1,
        0.516,
        -0.406,
        0.6,
        -3.357,
        0.683,
        -3.357,
        0,
        1.083,
        6.171
      ]
    },
    {
      "Target": "Parameter",
      "Id": "Param45",
      "FadeInTime": -1.0,
      "FadeOutTime": -1.0,
      "Segments": [
        0,
        0,
        0,
        0.517,
        -5.3,
        0,
        1.083,
        0
      ]
    },
    {
      "Target": "Parameter",
      "Id": "Param46",
      "FadeInTime": -1.0,
      "FadeOutTime": -1.0,
      "Segments": [
        0,
        0,
        0,
        0.6,
        -1.46,
        0,
        1.083,
        0
      ]
    },
    {
      "Target": "Parameter",
      "Id": "ParamA1zuoshoudonghua",
      "FadeInTime": -1.0,
      "FadeOutTime": -1.0,
      "Segments": [
        0,
        0,
        1,
        0.144,
        0,
        0.289,
        -1.071,
        0.433,
        -5,
        1,
        0.516,
        -7.267,
        0.6,
        -10,
        0.683,
        -10,
        0,
        1.083,
        -7.563
      ]
    },
    {
      "Target": "Parameter",
      "Id": "ParamA1zuoshouxingbian",
      "FadeInTime": -1.0,
      "FadeOutTime": -1.0,
      "Segments": [
        0,
        0,
        0,
        0.433,
        4,
        1,
        0.516,
        4,
        0.6,
        2.856,
        0.683,
        2,
        1,
        0.816,
        0.63,
        0.95,
        0.319,
        1.083,
        0.319
      ]
    },
    {
      "Target": "Parameter",
      "Id": "Param66",
      "FadeInTime": -1.0,
      "FadeOutTime": -1.0,
      "Segments": [
        0,
        -4.92,
        2,
        0.283,
        -4.92,
        0,
        0.3,
        10,
        2,
        1.083,
        10
      ]
    },
    {
      "Target": "Parameter",
      "Id": "Param67",
      "FadeInTime": -1.0,
      "FadeOutTime": -1.0,
      "Segments": [
        0,
        -3.28,
        2,
        0.283,
        -3.28,
        0,
        0.3,
        10,
        2,
        1.083,
        10
      ]
    },
    {
      "Target": "Parameter",
      "Id": "Param20",
      "FadeInTime": -1.0,
      "FadeOutTime": -1.0,
      "Segments": [
        0,
        0,
        0,
        1.083,
        10
      ]
    },
    {
      "Target": "Parameter",
      "Id": "Param100",
      "FadeInTime": -1.0,
      "FadeOutTime": -1.0,
      "Segments": [
        0,
        0,
        0,
        0.383,
        4.8,
        0,
        1.083,
        3.5
      ]
    },
    {
      "Target": "Parameter",
      "Id": "Param101",
      "FadeInTime": -1.0,
      "FadeOutTime": -1.0,
      "Segments": [
        0,
        10,
        1,
        0.128,
        10,
        0.255,
        5.312,
        0.383,
        5.2,
        1,
        0.616,
        4.996,
        0.85,
        5,
        1.083,
        5
      ]
    },
    {
      "Target": "Parameter",
      "Id": "Param102",
      "FadeInTime": -1.0,
      "FadeOutTime": -1.0,
      "Segments": [
        0,
        10,
        1,
        0.128,
        10,
        0.255,
        7.044,
        0.383,
        4.9,
        1,
        0.616,
        0.984,
        0.85,
        0,
        1.083,
        0
      ]
    },
    {
      "Target": "Parameter",
      "Id": "ParamShangBiR",
      "FadeInTime": -1.0,
      "FadeOutTime": -1.0,
      "Segments": [
        0,
        1.103,
        1,
        0.167,
        1.103,
        0.333,
        1.171,
        0.5,
        1.475,
        1,
        0.694,
        1.83,
        0.889,
        2.136,
        1.083,
        2.136
      ]
    },
    {
      "Target": "Parameter",
      "Id": "ParamXiaBiR",
      "FadeInTime": -1.0,
      "FadeOutTime": -1.0,
      "Segments": [
        0,
        2.651,
        0,
        0.5,
        2.66,
        0,
        1.083,
        2.396
      ]
    },
    {
      "Target": "Parameter",
      "Id": "ParamSouR",
      "FadeInTime": -1.0,
      "FadeOutTime": -1.0,
      "Segments": [
        0,
        2.521,
        1,
        0.167,
        2.521,
        0.333,
        2.443,
        0.5,
        3.54,
        1,
        0.694,
        4.82,
        0.889,
        7.623,
        1.083,
        7.623
      ]
    },
    {
      "Target": "Parameter",
      "Id": "ParamXiaBiRUD",
      "FadeInTime": -1.0,
      "FadeOutTime": -1.0,
      "Segments": [
        0,
        -0.44,
        2,
        0.5,
        -0.44,
        0,
        1.083,
        0.247
      ]
    },
    {
      "Target": "Parameter",
      "Id": "ParamA1zuoshoudonghua2",
      "FadeInTime": -1.0,
      "FadeOutTime": -1.0,
      "Segments": [
        0,
        1,
        0,
        0.5,
        -1.713,
        0,
        1.083,
        3.008
      ]
    },
    {
      "Target": "Parameter",
      "Id": "ParamA1zuoshouxingbian2",
      "FadeInTime": -1.0,
      "FadeOutTime": -1.0,
      "Segments": [
        0,
        -7,
        0,
        0.5,
        -5.72,
        0,
        1.083,
        -6.794
      ]
    },
    {
      "Target": "Parameter",
      "Id": "Param91",
      "FadeInTime": -1.0,
      "FadeOutTime": -1.0,
      "Segments": [
        0,
        -0.28,
        0,
        1.083,
        -1.06
      ]
    },
    {
      "Target": "Parameter",
      "Id": "ParamDaTuiL",
      "FadeInTime": -1.0,
      "FadeOutTime": -1.0,
      "Segments": [
        0,
        0.931,
        0,
        1.083,
        1.181
      ]
    },
    {
      "Target": "Parameter",
      "Id": "ParamXiaoTuiL",
      "FadeInTime": -1.0,
      "FadeOutTime": -1.0,
      "Segments": [
        0,
        -4.679,
        0,
        1.083,
        8.071
      ]
    },
    {
      "Target": "Parameter",
      "Id": "ParamJiaoL",
      "FadeInTime": -1.0,
      "FadeOutTime": -1.0,
      "Segments": [
        0,
        -1.903,
        0,
        0.583,
        -4.461,
        0,
        1.083,
        1.809
      ]
    },
    {
      "Target": "Parameter",
      "Id": "Param22",
      "FadeInTime": -1.0,
      "FadeOutTime": -1.0,
      "Segments": [
        0,
        10,
        0,
        0.583,
        0,
        2,
        1.083,
        0
      ]
    },
    {
      "Target": "Parameter",
      "Id": "Param23",
      "FadeInTime": -1.0,
      "FadeOutTime": -1.0,
      "Segments": [
        0,
        0,
        2,
        0.583,
        0,
        0,
        1.083,
        10
      ]
    },
    {
      "Target": "Parameter",
      "Id": "ParamDaTuiR",
      "FadeInTime": -1.0,
      "FadeOutTime": -1.0,
      "Segments": [
        0,
        6.306,
        0,
        1.083,
        6.023
      ]
    },
    {
      "Target": "Parameter",
      "Id": "ParamXiaoTuiR",
      "FadeInTime": -1.0,
      "FadeOutTime": -1.0,
      "Segments": [
        0,
        1.342,
        0,
        1.083,
        4.892
      ]
    },
    {
      "Target": "Parameter",
      "Id": "ParamJiaoR",
      "FadeInTime": -1.0,
      "FadeOutTime": -1.0,
      "Segments": [
        0,
        0.931,
        0,
        1.083,
        2.164
      ]
    },
    {
      "Target": "Parameter",
      "Id": "ParamOPRX1",
      "FadeInTime": -1.0,
      "FadeOutTime": -1.0,
      "Segments": [
        0,
        0.099,
        0,
        0.267,
        -2.714,
        1,
        0.539,
        -2.714,
        0.811,
        -2.711,
        1.083,
        -2.707
      ]
    },
    {
      "Target": "Parameter",
      "Id": "ParamOPRY1",
      "FadeInTime": -1.0,
      "FadeOutTime": -1.0,
      "Segments": [
        0,
        0.099,
        0,
        0.267,
        -2.714,
        1,
        0.539,
        -2.714,
        0.811,
        -2.711,
        1.083,
        -2.707
      ]
    },
    {
      "Target": "Parameter",
      "Id": "ParamOPRY2",
      "FadeInTime": -1.0,
      "FadeOutTime": -1.0,
      "Segments": [
        0,
        0.167,
        0,
        0.15,
        1.468,
        0,
        0.45,
        -3.308,
        1,
        0.661,
        -3.308,
        0.872,
        -3.306,
        1.083,
        -3.303
      ]
    },
    {
      "Target": "Parameter",
      "Id": "ParamOPLX1",
      "FadeInTime": -1.0,
      "FadeOutTime": -1.0,
      "Segments": [
        0,
        -1.633,
        0,
        0.267,
        2.51,
        0,
        0.55,
        -1.632,
        1,
        0.728,
        -1.632,
        0.905,
        -1.632,
        1.083,
        -1.631
      ]
    },
    {
      "Target": "Parameter",
      "Id": "ParamTuiRou1",
      "FadeInTime": -1.0,
      "FadeOutTime": -1.0,
      "Segments": [
        0,
        0.099,
        0,
        0.267,
        -2.714,
        1,
        0.539,
        -2.714,
        0.811,
        -2.711,
        1.083,
        -2.707
      ]
    },
    {
      "Target": "Parameter",
      "Id": "ParamTuiRou2",
      "FadeInTime": -1.0,
      "FadeOutTime": -1.0,
      "Segments": [
        0,
        0.167,
        0,
        0.15,
        1.468,
        0,
        0.45,
        -3.308,
        1,
        0.661,
        -3.308,
        0.872,
        -3.306,
        1.083,
        -3.303
      ]
    },
    {
      "Target": "Parameter",
      "Id": "ParamTuiRou3",
      "FadeInTime": -1.0,
      "FadeOutTime": -1.0,
      "Segments": [
        0,
        -1.633,
        0,
        0.267,
        2.51,
        0,
        0.55,
        -1.632,
        1,
        0.728,
        -1.632,
        0.905,
        -1.632,
        1.083,
        -1.631
      ]
    },
    {
      "Target": "Parameter",
      "Id": "Param29",
      "FadeInTime": -1.0,
      "FadeOutTime": -1.0,
      "Segments": [
        0,
        0,
        0,
        0.233,
        -0.913,
        0,
        0.533,
        -0.218,
        2,
        0.55,
        -0.218,
        2,
        0.567,
        -0.218,
        0,
        0.683,
        -0.247,
        0,
        1.083,
        0
      ]
    },
    {
      "Target": "Parameter",
      "Id": "Param30",
      "FadeInTime": -1.0,
      "FadeOutTime": -1.0,
      "Segments": [
        0,
        0,
        0,
        0.167,
        0.594,
        0,
        0.417,
        -1.172,
        0,
        0.683,
        -0.15,
        0,
        0.917,
        -0.56,
        0,
        1.083,
        0
      ]
    },
    {
      "Target": "Parameter",
      "Id": "ParamQianFa1_1",
      "FadeInTime": -1.0,
      "FadeOutTime": -1.0,
      "Segments": [
        0,
        0.182,
        0,
        0.233,
        -2.533,
        0,
        0.533,
        0.21,
        0,
        0.717,
        -0.334,
        1,
        0.839,
        -0.334,
        0.961,
        1.783,
        1.083,
        2.805
      ]
    },
    {
      "Target": "Parameter",
      "Id": "ParamQianFa1_2",
      "FadeInTime": -1.0,
      "FadeOutTime": -1.0,
      "Segments": [
        0,
        0.712,
        0,
        0.133,
        1.84,
        0,
        0.417,
        -4.161,
        0,
        0.683,
        -0.697,
        0,
        0.917,
        -2.457,
        1,
        0.972,
        -2.457,
        1.028,
        -1.633,
        1.083,
        -0.534
      ]
    },
    {
      "Target": "Parameter",
      "Id": "ParamQianFa1_3",
      "FadeInTime": -1.0,
      "FadeOutTime": -1.0,
      "Segments": [
        0,
        -1.969,
        0,
        0.233,
        3.088,
        0,
        0.517,
        -2.903,
        0,
        0.783,
        1.783,
        0,
        1.083,
        -2.104
      ]
    },
    {
      "Target": "Parameter",
      "Id": "ParamQianFa1_4",
      "FadeInTime": -1.0,
      "FadeOutTime": -1.0,
      "Segments": [
        0,
        -3.709,
        0,
        0.05,
        -4.601,
        0,
        0.333,
        4.606,
        0,
        0.617,
        -4.44,
        0,
        0.9,
        3.086,
        1,
        0.961,
        3.086,
        1.022,
        0.387,
        1.083,
        -1.519
      ]
    },
    {
      "Target": "Parameter",
      "Id": "ParamQianFa2_1",
      "FadeInTime": -1.0,
      "FadeOutTime": -1.0,
      "Segments": [
        0,
        0.317,
        0,
        0.267,
        -2.773,
        0,
        0.617,
        0.447,
        0,
        0.8,
        0.023,
        1,
        0.894,
        0.023,
        0.989,
        1.994,
        1.083,
        3.255
      ]
    },
    {
      "Target": "Parameter",
      "Id": "ParamQianFa2_2",
      "FadeInTime": -1.0,
      "FadeOutTime": -1.0,
      "Segments": [
        0,
        -0.722,
        0,
        0.183,
        1.798,
        0,
        0.483,
        -4.251,
        0,
        0.767,
        -0.768,
        0,
        1.05,
        -2.211,
        1,
        1.061,
        -2.211,
        1.072,
        -2.156,
        1.083,
        -2.055
      ]
    },
    {
      "Target": "Parameter",
      "Id": "ParamQianFa2_3",
      "FadeInTime": -1.0,
      "FadeOutTime": -1.0,
      "Segments": [
        0,
        -2.227,
        0,
        0.033,
        -2.324,
        0,
        0.3,
        2.845,
        0,
        0.583,
        -2.78,
        0,
        0.867,
        1.542,
        1,
        0.939,
        1.542,
        1.011,
        -0.375,
        1.083,
        -1.585
      ]
    },
    {
      "Target": "Parameter",
      "Id": "ParamQianFa2_4",
      "FadeInTime": -1.0,
      "FadeOutTime": -1.0,
      "Segments": [
        0,
        0.766,
        0,
        0.133,
        -4.121,
        0,
        0.417,
        4.198,
        0,
        0.7,
        -4.208,
        0,
        0.983,
        2.732,
        1,
        1.016,
        2.732,
        1.05,
        2.019,
        1.083,
        1.068
      ]
    },
    {
      "Target": "Parameter",
      "Id": "ParamQianFa3_1",
      "FadeInTime": -1.0,
      "FadeOutTime": -1.0,
      "Segments": [
        0,
        0.317,
        0,
        0.267,
        -2.773,
        0,
        0.617,
        0.447,
        0,
        0.8,
        0.023,
        1,
        0.894,
        0.023,
        0.989,
        1.994,
        1.083,
        3.255
      ]
    },
    {
      "Target": "Parameter",
      "Id": "ParamQianFa3_2",
      "FadeInTime": -1.0,
      "FadeOutTime": -1.0,
      "Segments": [
        0,
        -0.722,
        0,
        0.183,
        1.798,
        0,
        0.483,
        -4.251,
        0,
        0.767,
        -0.768,
        0,
        1.05,
        -2.211,
        1,
        1.061,
        -2.211,
        1.072,
        -2.156,
        1.083,
        -2.055
      ]
    },
    {
      "Target": "Parameter",
      "Id": "ParamQianFa3_3",
      "FadeInTime": -1.0,
      "FadeOutTime": -1.0,
      "Segments": [
        0,
        -2.227,
        0,
        0.033,
        -2.324,
        0,
        0.3,
        2.845,
        0,
        0.583,
        -2.78,
        0,
        0.867,
        1.542,
        1,
        0.939,
        1.542,
        1.011,
        -0.375,
        1.083,
        -1.585
      ]
    },
    {
      "Target": "Parameter",
      "Id": "ParamQianFa3_4",
      "FadeInTime": -1.0,
      "FadeOutTime": -1.0,
      "Segments": [
        0,
        0.766,
        0,
        0.133,
        -4.121,
        0,
        0.417,
        4.198,
        0,
        0.7,
        -4.208,
        0,
        0.983,
        2.732,
        1,
        1.016,
        2.732,
        1.05,
        2.019,
        1.083,
        1.068
      ]
    },
    {
      "Target": "Parameter",
      "Id": "Param16",
      "FadeInTime": -1.0,
      "FadeOutTime": -1.0,
      "Segments": [
        0,
        0,
        1,
        0.361,
        0,
        0.722,
        1.603,
        1.083,
        3.457
      ]
    },
    {
      "Target": "Parameter",
      "Id": "Param17",
      "FadeInTime": -1.0,
      "FadeOutTime": -1.0,
      "Segments": [
        0,
        0,
        2,
        0.85,
        0,
        0,
        0.917,
        10,
        0,
        1,
        8.228,
        0,
        1.067,
        10,
        1,
        1.072,
        10,
        1.078,
        9.925,
        1.083,
        9.801
      ]
    },
    {
      "Target": "Parameter",
      "Id": "Param6",
      "FadeInTime": -1.0,
      "FadeOutTime": -1.0,
      "Segments": [
        0,
        2.91,
        1,
        0.361,
        2.91,
        0.722,
        1.886,
        1.083,
        0.697
      ]
    },
    {
      "Target": "Parameter",
      "Id": "Param7",
      "FadeInTime": -1.0,
      "FadeOutTime": -1.0,
      "Segments": [
        0,
        2,
        0,
        0.85,
        4.016,
        1,
        0.928,
        4.016,
        1.005,
        3.951,
        1.083,
        3.834
      ]
    },
    {
      "Target": "Parameter",
      "Id": "Param8",
      "FadeInTime": -1.0,
      "FadeOutTime": -1.0,
      "Segments": [
        0,
        -2.32,
        1,
        0.361,
        -2.32,
        0.722,
        0.59,
        1.083,
        2.737
      ]
    },
    {
      "Target": "Parameter",
      "Id": "Param9",
      "FadeInTime": -1.0,
      "FadeOutTime": -1.0,
      "Segments": [
        0,
        -7.74,
        1,
        0.361,
        -7.74,
        0.722,
        -5.017,
        1.083,
        -1.855
      ]
    },
    {
      "Target": "Parameter",
      "Id": "MB_Awutifanzhuan",
      "FadeInTime": -1.0,
      "FadeOutTime": -1.0,
      "Segments": [
        0,
        0,
        1,
        0.361,
        0,
        0.722,
        0.362,
        1.083,
        0.651
      ]
    },
    {
      "Target": "Parameter",
      "Id": "MB_Awutidaxiao",
      "FadeInTime": -1.0,
      "FadeOutTime": -1.0,
      "Segments": [
        0,
        0,
        1,
        0.361,
        0,
        0.722,
        0.008,
        1.083,
        0.02
      ]
    },
    {
      "Target": "Parameter",
      "Id": "MB_Awutijiaodu",
      "FadeInTime": -1.0,
      "FadeOutTime": -1.0,
      "Segments": [
        0,
        1,
        1,
        0.361,
        1,
        0.722,
        0.943,
        1.083,
        0.862
      ]
    },
    {
      "Target": "Parameter",
      "Id": "MB_Bwutifanzhuan",
      "FadeInTime": -1.0,
      "FadeOutTime": -1.0,
      "Segments": [
        0,
        1,
        1,
        0.361,
        1,
        0.722,
        0.836,
        1.083,
        0.602
      ]
    },
    {
      "Target": "Parameter",
      "Id": "MB_Bwutidaxiao",
      "FadeInTime": -1.0,
      "FadeOutTime": -1.0,
      "Segments": [
        0,
        0,
        1,
        0.361,
        0,
        0.722,
        0.008,
        1.083,
        0.02
      ]
    },
    {
      "Target": "Parameter",
      "Id": "MB_Bwutijiaodu",
      "FadeInTime": -1.0,
      "FadeOutTime": -1.0,
      "Segments": [
        0,
        0,
        1,
        0.361,
        0,
        0.722,
        0.349,
        1.083,
        0.635
      ]
    },
    {
      "Target": "Parameter",
      "Id": "MB_Cwutifanzhuan",
      "FadeInTime": -1.0,
      "FadeOutTime": -1.0,
      "Segments": [
        0,
        0,
        1,
        0.361,
        0,
        0.722,
        0.349,
        1.083,
        0.635
      ]
    },
    {
      "Target": "Parameter",
      "Id": "MB_Cwutidaxiao",
      "FadeInTime": -1.0,
      "FadeOutTime": -1.0,
      "Segments": [
        0,
        0,
        1,
        0.361,
        0,
        0.722,
        -0.008,
        1.083,
        -0.02
      ]
    },
    {
      "Target": "Parameter",
      "Id": "MB_Cwutijiaodu",
      "FadeInTime": -1.0,
      "FadeOutTime": -1.0,
      "Segments": [
        0,
        -1,
        1,
        0.361,
        -1,
        0.722,
        -0.93,
        1.083,
        -0.829
      ]
    },
    {
      "Target": "Parameter",
      "Id": "Param_Angle_Rotation_1_ArtMesh186",
      "FadeInTime": -1.0,
      "FadeOutTime": -1.0,
      "Segments": [
        0,
        0.99,
        1,
        0.361,
        0.99,
        0.722,
        0.641,
        1.083,
        0.237
      ]
    },
    {
      "Target": "Parameter",
      "Id": "Param_Angle_Rotation_2_ArtMesh186",
      "FadeInTime": -1.0,
      "FadeOutTime": -1.0,
      "Segments": [
        0,
        0.91,
        0,
        0.3,
        0.992,
        1,
        0.561,
        0.992,
        0.822,
        0.812,
        1.083,
        0.56
      ]
    },
    {
      "Target": "Parameter",
      "Id": "Param_Angle_Rotation_3_ArtMesh186",
      "FadeInTime": -1.0,
      "FadeOutTime": -1.0,
      "Segments": [
        0,
        0.68,
        0,
        0.633,
        0.992,
        1,
        0.783,
        0.992,
        0.933,
        0.933,
        1.083,
        0.834
      ]
    },
    {
      "Target": "Parameter",
      "Id": "Param_Angle_Rotation_4_ArtMesh186",
      "FadeInTime": -1.0,
      "FadeOutTime": -1.0,
      "Segments": [
        0,
        0.38,
        0,
        0.95,
        1.016,
        1,
        0.994,
        1.016,
        1.039,
        1.011,
        1.083,
        1.001
      ]
    },
    {
      "Target": "Parameter",
      "Id": "Param_Angle_Rotation_5_ArtMesh186",
      "FadeInTime": -1.0,
      "FadeOutTime": -1.0,
      "Segments": [
        0,
        0,
        1,
        0.361,
        0,
        0.722,
        0.724,
        1.083,
        0.95
      ]
    },
    {
      "Target": "Parameter",
      "Id": "Param_Angle_Rotation_6_ArtMesh186",
      "FadeInTime": -1.0,
      "FadeOutTime": -1.0,
      "Segments": [
        0,
        -0.36,
        1,
        0.361,
        -0.36,
        0.722,
        0.271,
        1.083,
        0.678
      ]
    },
    {
      "Target": "Parameter",
      "Id": "Param_Angle_Rotation_7_ArtMesh186",
      "FadeInTime": -1.0,
      "FadeOutTime": -1.0,
      "Segments": [
        0,
        -0.7,
        1,
        0.361,
        -0.7,
        0.722,
        -0.161,
        1.083,
        0.313
      ]
    },
    {
      "Target": "Parameter",
      "Id": "Param_Angle_Rotation_8_ArtMesh186",
      "FadeInTime": -1.0,
      "FadeOutTime": -1.0,
      "Segments": [
        0,
        -0.92,
        1,
        0.361,
        -0.92,
        0.722,
        -0.471,
        1.083,
        -0.006
      ]
    },
    {
      "Target": "Parameter",
      "Id": "Param_Angle_Rotation_9_ArtMesh186",
      "FadeInTime": -1.0,
      "FadeOutTime": -1.0,
      "Segments": [
        0,
        -1.02,
        1,
        0.361,
        -1.02,
        0.722,
        -0.662,
        1.083,
        -0.246
      ]
    },
    {
      "Target": "Parameter",
      "Id": "Param_Angle_Rotation_10_ArtMesh186",
      "FadeInTime": -1.0,
      "FadeOutTime": -1.0,
      "Segments": [
        0,
        -0.93,
        0,
        0.3,
        -1.016,
        1,
        0.561,
        -1.016,
        0.822,
        -0.832,
        1.083,
        -0.574
      ]
    },
    {
      "Target": "Parameter",
      "Id": "Param_Angle_Rotation_11_ArtMesh186",
      "FadeInTime": -1.0,
      "FadeOutTime": -1.0,
      "Segments": [
        0,
        -2.06,
        0,
        0.633,
        -3,
        1,
        0.783,
        -3,
        0.933,
        -2.82,
        1.083,
        -2.523
      ]
    },
    {
      "Target": "Parameter",
      "Id": "Param_Angle_Rotation_12_ArtMesh186",
      "FadeInTime": -1.0,
      "FadeOutTime": -1.0,
      "Segments": [
        0,
        -1.13,
        0,
        0.95,
        -3,
        1,
        0.994,
        -3,
        1.039,
        -2.984,
        1.083,
        -2.954
      ]
    },
    {
      "Target": "Parameter",
      "Id": "Param_Angle_Rotation_13_ArtMesh186",
      "FadeInTime": -1.0,
      "FadeOutTime": -1.0,
      "Segments": [
        0,
        0,
        1,
        0.361,
        0,
        0.722,
        -2.138,
        1.083,
        -2.804
      ]
    },
    {
      "Target": "Parameter",
      "Id": "Param_Angle_Rotation_14_ArtMesh186",
      "FadeInTime": -1.0,
      "FadeOutTime": -1.0,
      "Segments": [
        0,
        1.08,
        1,
        0.361,
        1.08,
        0.722,
        -0.79,
        1.083,
        -1.998
      ]
    },
    {
      "Target": "Parameter",
      "Id": "Param_Angle_Rotation_15_ArtMesh186",
      "FadeInTime": -1.0,
      "FadeOutTime": -1.0,
      "Segments": [
        0,
        2.06,
        1,
        0.361,
        2.06,
        0.722,
        0.471,
        1.083,
        -0.926
      ]
    },
    {
      "Target": "Parameter",
      "Id": "Param_Angle_Rotation_1_ArtMesh187",
      "FadeInTime": -1.0,
      "FadeOutTime": -1.0,
      "Segments": [
        0,
        -0.99,
        1,
        0.361,
        -0.99,
        0.722,
        -0.641,
        1.083,
        -0.237
      ]
    },
    {
      "Target": "Parameter",
      "Id": "Param_Angle_Rotation_2_ArtMesh187",
      "FadeInTime": -1.0,
      "FadeOutTime": -1.0,
      "Segments": [
        0,
        -0.91,
        0,
        0.3,
        -0.992,
        1,
        0.561,
        -0.992,
        0.822,
        -0.812,
        1.083,
        -0.56
      ]
    },
    {
      "Target": "Parameter",
      "Id": "Param_Angle_Rotation_3_ArtMesh187",
      "FadeInTime": -1.0,
      "FadeOutTime": -1.0,
      "Segments": [
        0,
        -0.68,
        0,
        0.633,
        -0.992,
        1,
        0.783,
        -0.992,
        0.933,
        -0.933,
        1.083,
        -0.834
      ]
    },
    {
      "Target": "Parameter",
      "Id": "Param_Angle_Rotation_4_ArtMesh187",
      "FadeInTime": -1.0,
      "FadeOutTime": -1.0,
      "Segments": [
        0,
        -0.38,
        0,
        0.95,
        -1.016,
        1,
        0.994,
        -1.016,
        1.039,
        -1.011,
        1.083,
        -1.001
      ]
    },
    {
      "Target": "Parameter",
      "Id": "Param_Angle_Rotation_5_ArtMesh187",
      "FadeInTime": -1.0,
      "FadeOutTime": -1.0,
      "Segments": [
        0,
        0,
        1,
        0.361,
        0,
        0.722,
        -0.724,
        1.083,
        -0.95
      ]
    },
    {
      "Target": "Parameter",
      "Id": "Param_Angle_Rotation_6_ArtMesh187",
      "FadeInTime": -1.0,
      "FadeOutTime": -1.0,
      "Segments": [
        0,
        0.36,
        1,
        0.361,
        0.36,
        0.722,
        -0.271,
        1.083,
        -0.678
      ]
    },
    {
      "Target": "Parameter",
      "Id": "Param_Angle_Rotation_7_ArtMesh187",
      "FadeInTime": -1.0,
      "FadeOutTime": -1.0,
      "Segments": [
        0,
        0.7,
        1,
        0.361,
        0.7,
        0.722,
        0.161,
        1.083,
        -0.313
      ]
    },
    {
      "Target": "Parameter",
      "Id": "Param_Angle_Rotation_8_ArtMesh187",
      "FadeInTime": -1.0,
      "FadeOutTime": -1.0,
      "Segments": [
        0,
        0.92,
        1,
        0.361,
        0.92,
        0.722,
        0.471,
        1.083,
        0.006
      ]
    },
    {
      "Target": "Parameter",
      "Id": "Param_Angle_Rotation_9_ArtMesh187",
      "FadeInTime": -1.0,
      "FadeOutTime": -1.0,
      "Segments": [
        0,
        1.02,
        1,
        0.361,
        1.02,
        0.722,
        0.662,
        1.083,
        0.246
      ]
    },
    {
      "Target": "Parameter",
      "Id": "Param_Angle_Rotation_10_ArtMesh187",
      "FadeInTime": -1.0,
      "FadeOutTime": -1.0,
      "Segments": [
        0,
        0.93,
        0,
        0.3,
        1.016,
        1,
        0.561,
        1.016,
        0.822,
        0.832,
        1.083,
        0.574
      ]
    },
    {
      "Target": "Parameter",
      "Id": "Param_Angle_Rotation_11_ArtMesh187",
      "FadeInTime": -1.0,
      "FadeOutTime": -1.0,
      "Segments": [
        0,
        2.06,
        0,
        0.633,
        3,
        1,
        0.783,
        3,
        0.933,
        2.82,
        1.083,
        2.523
      ]
    },
    {
      "Target": "Parameter",
      "Id": "Param_Angle_Rotation_12_ArtMesh187",
      "FadeInTime": -1.0,
      "FadeOutTime": -1.0,
      "Segments": [
        0,
        1.13,
        0,
        0.95,
        3,
        1,
        0.994,
        3,
        1.039,
        2.984,
        1.083,
        2.954
      ]
    },
    {
      "Target": "Parameter",
      "Id": "Param_Angle_Rotation_13_ArtMesh187",
      "FadeInTime": -1.0,
      "FadeOutTime": -1.0,
      "Segments": [
        0,
        0,
        1,
        0.361,
        0,
        0.722,
        2.138,
        1.083,
        2.804
      ]
    },
    {
      "Target": "Parameter",
      "Id": "Param_Angle_Rotation_14_ArtMesh187",
      "FadeInTime": -1.0,
      "FadeOutTime": -1.0,
      "Segments": [
        0,
        -1.08,
        1,
        0.361,
        -1.08,
        0.722,
        0.79,
        1.083,
        1.998
      ]
    },
    {
      "Target": "Parameter",
      "Id": "Param_Angle_Rotation_15_ArtMesh187",
      "FadeInTime": -1.0,
      "FadeOutTime": -1.0,
      "Segments": [
        0,
        -2.06,
        1,
        0.361,
        -2.06,
        0.722,
        -0.471,
        1.083,
        0.926
      ]
    },
    {
      "Target": "Parameter",
      "Id": "Param_Angle_Rotation_2_ArtMesh188",
      "FadeInTime": -1.0,
      "FadeOutTime": -1.0,
      "Segments": [
        0,
        -2.6,
        0,
        0.617,
        -3,
        2,
        1.083,
        -3
      ]
    },
    {
      "Target": "Parameter",
      "Id": "Param_Angle_Rotation_3_ArtMesh188",
      "FadeInTime": -1.0,
      "FadeOutTime": -1.0,
      "Segments": [
        0,
        -2.99,
        1,
        0.361,
        -2.99,
        0.722,
        -4.708,
        1.083,
        -5.166
      ]
    },
    {
      "Target": "Parameter",
      "Id": "Param_Angle_Rotation_4_ArtMesh188",
      "FadeInTime": -1.0,
      "FadeOutTime": -1.0,
      "Segments": [
        0,
        -0.75,
        1,
        0.361,
        -0.75,
        0.722,
        -2.222,
        1.083,
        -3.487
      ]
    },
    {
      "Target": "Parameter",
      "Id": "Param_Angle_Rotation_5_ArtMesh188",
      "FadeInTime": -1.0,
      "FadeOutTime": -1.0,
      "Segments": [
        0,
        1.53,
        1,
        0.361,
        1.53,
        0.722,
        0.301,
        1.083,
        -1.112
      ]
    },
    {
      "Target": "Parameter",
      "Id": "Param_Angle_Rotation_6_ArtMesh188",
      "FadeInTime": -1.0,
      "FadeOutTime": -1.0,
      "Segments": [
        0,
        5.97,
        1,
        0.361,
        5.97,
        0.722,
        4.557,
        1.083,
        2.688
      ]
    },
    {
      "Target": "Parameter",
      "Id": "Param_Angle_Rotation_8_ArtMesh188",
      "FadeInTime": -1.0,
      "FadeOutTime": -1.0,
      "Segments": [
        0,
        6.17,
        0,
        0.617,
        7.075,
        2,
        1.083,
        7.075
      ]
    },
    {
      "Target": "Parameter",
      "Id": "Param_Angle_Rotation_9_ArtMesh188",
      "FadeInTime": -1.0,
      "FadeOutTime": -1.0,
      "Segments": [
        0,
        3.96,
        1,
        0.361,
        3.96,
        0.722,
        6.929,
        1.083,
        7.721
      ]
    },
    {
      "Target": "Parameter",
      "Id": "Param_Angle_Rotation_10_ArtMesh188",
      "FadeInTime": -1.0,
      "FadeOutTime": -1.0,
      "Segments": [
        0,
        0.08,
        1,
        0.361,
        0.08,
        0.722,
        2.627,
        1.083,
        4.816
      ]
    },
    {
      "Target": "Parameter",
      "Id": "Param_Angle_Rotation_11_ArtMesh188",
      "FadeInTime": -1.0,
      "FadeOutTime": -1.0,
      "Segments": [
        0,
        -3.86,
        1,
        0.361,
        -3.86,
        0.722,
        -1.735,
        1.083,
        0.709
      ]
    },
    {
      "Target": "Parameter",
      "Id": "Param_Angle_Rotation_12_ArtMesh188",
      "FadeInTime": -1.0,
      "FadeOutTime": -1.0,
      "Segments": [
        0,
        -8.59,
        1,
        0.361,
        -8.59,
        0.722,
        -6.534,
        1.083,
        -3.814
      ]
    },
    {
      "Target": "Parameter",
      "Id": "Param_Angle_Rotation_14_ArtMesh188",
      "FadeInTime": -1.0,
      "FadeOutTime": -1.0,
      "Segments": [
        0,
        -8.87,
        0,
        0.617,
        -10.19,
        2,
        1.083,
        -10.19
      ]
    },
    {
      "Target": "Parameter",
      "Id": "Param_Angle_Rotation_15_ArtMesh188",
      "FadeInTime": -1.0,
      "FadeOutTime": -1.0,
      "Segments": [
        0,
        -5.39,
        1,
        0.361,
        -5.39,
        0.722,
        -8.995,
        1.083,
        -9.957
      ]
    },
    {
      "Target": "Parameter",
      "Id": "Param_Angle_Rotation_16_ArtMesh188",
      "FadeInTime": -1.0,
      "FadeOutTime": -1.0,
      "Segments": [
        0,
        -0.67,
        1,
        0.361,
        -0.67,
        0.722,
        -3.765,
        1.083,
        -6.426
      ]
    },
    {
      "Target": "Parameter",
      "Id": "Paramwuli",
      "FadeInTime": -1.0,
      "FadeOutTime": -1.0,
      "Segments": [
        0,
        0,
        0,
        1.083,
        0
      ]
    },
    {
      "Target": "Parameter",
      "Id": "Paramwuli2",
      "FadeInTime": -1.0,
      "FadeOutTime": -1.0,
      "Segments": [
        0,
        0,
        0,
        1.083,
        0
      ]
    },
    {
      "Target": "Parameter",
      "Id": "Paramwuli3",
      "FadeInTime": -1.0,
      "FadeOutTime": -1.0,
      "Segments": [
        0,
        0,
        0,
        1.083,
        0
      ]
    },
    {
      "Target": "Parameter",
      "Id": "Paramring",
      "FadeInTime": -1.0,
      "FadeOutTime": -1.0,
      "Segments": [
        0,
        0,
        0,
        1.083,
        0
      ]
    },
    {
      "Target": "Parameter",
      "Id": "touch_drag1",
      "FadeInTime": -1.0,
      "FadeOutTime": -1.0,
      "Segments": [
        0,
        0,
        0,
        1.083,
        0
      ]
    },
    {
      "Target": "Parameter",
      "Id": "touch_drag2",
      "FadeInTime": -1.0,
      "FadeOutTime": -1.0,
      "Segments": [
        0,
        0,
        0,
        1.083,
        0
      ]
    },
    {
      "Target": "Parameter",
      "Id": "touch_drag3",
      "FadeInTime": -1.0,
      "FadeOutTime": -1.0,
      "Segments": [
        0,
        0,
        0,
        1.083,
        0
      ]
    },
    {
      "Target": "Parameter",
      "Id": "ParamHeikuang",
      "FadeInTime": -1.0,
      "FadeOutTime": -1.0,
      "Segments": [
        0,
        0,
        0,
        1.083,
        0
      ]
    },
    {
      "Target": "Parameter",
      "Id": "ParamBaise",
      "FadeInTime": -1.0,
      "FadeOutTime": -1.0,
      "Segments": [
        0,
        0,
        0,
        1.083,
        0
      ]
    },
    {
      "Target": "Parameter",
      "Id": "ParamHeise",
      "FadeInTime": -1.0,
      "FadeOutTime": -1.0,
      "Segments": [
        0,
        0,
        0,
        1.083,
        0
      ]
    },
    {
      "Target": "Parameter",
      "Id": "ParamALLZ",
      "FadeInTime": -1.0,
      "FadeOutTime": -1.0,
      "Segments": [
        0,
        0,
        0,
        1.083,
        0
      ]
    },
    {
      "Target": "Parameter",
      "Id": "ParamRenwuX8",
      "FadeInTime": -1.0,
      "FadeOutTime": -1.0,
      "Segments": [
        0,
        10,
        0,
        1.083,
        10
      ]
    },
    {
      "Target": "Parameter",
      "Id": "ParamRenwuX5",
      "FadeInTime": -1.0,
      "FadeOutTime": -1.0,
      "Segments": [
        0,
        -0.07,
        0,
        1.083,
        -0.07
      ]
    },
    {
      "Target": "Parameter",
      "Id": "ParamRenwuX9",
      "FadeInTime": -1.0,
      "FadeOutTime": -1.0,
      "Segments": [
        0,
        0,
        0,
        1.083,
        0
      ]
    },
    {
      "Target": "Parameter",
      "Id": "ParamRenwuX2",
      "FadeInTime": -1.0,
      "FadeOutTime": -1.0,
      "Segments": [
        0,
        0,
        0,
        1.083,
        0
      ]
    },
    {
      "Target": "Parameter",
      "Id": "ParamRenwuX3",
      "FadeInTime": -1.0,
      "FadeOutTime": -1.0,
      "Segments": [
        0,
        0,
        0,
        1.083,
        0
      ]
    },
    {
      "Target": "Parameter",
      "Id": "ParamRenwuX4",
      "FadeInTime": -1.0,
      "FadeOutTime": -1.0,
      "Segments": [
        0,
        -0.5,
        0,
        1.083,
        -0.5
      ]
    },
    {
      "Target": "Parameter",
      "Id": "ParamRenwuX7",
      "FadeInTime": -1.0,
      "FadeOutTime": -1.0,
      "Segments": [
        0,
        0.135,
        0,
        1.083,
        0.135
      ]
    },
    {
      "Target": "Parameter",
      "Id": "ParamRenwu",
      "FadeInTime": -1.0,
      "FadeOutTime": -1.0,
      "Segments": [
        0,
        1,
        0,
        1.083,
        1
      ]
    },
    {
      "Target": "Parameter",
      "Id": "ParamRenwuX",
      "FadeInTime": -1.0,
      "FadeOutTime": -1.0,
      "Segments": [
        0,
        -0.78,
        0,
        1.083,
        -0.78
      ]
    },
    {
      "Target": "Parameter",
      "Id": "ParamRenwuY",
      "FadeInTime": -1.0,
      "FadeOutTime": -1.0,
      "Segments": [
        0,
        -0.66,
        0,
        1.083,
        -0.66
      ]
    },
    {
      "Target": "Parameter",
      "Id": "ParamRenwuZ",
      "FadeInTime": -1.0,
      "FadeOutTime": -1.0,
      "Segments": [
        0,
        2.82,
        0,
        1.083,
        2.82
      ]
    },
    {
      "Target": "Parameter",
      "Id": "ParamRenwuS",
      "FadeInTime": -1.0,
      "FadeOutTime": -1.0,
      "Segments": [
        0,
        0,
        0,
        1.083,
        0
      ]
    },
    {
      "Target": "Parameter",
      "Id": "ParamBeijing",
      "FadeInTime": -1.0,
      "FadeOutTime": -1.0,
      "Segments": [
        0,
        1,
        0,
        1.083,
        1
      ]
    },
    {
      "Target": "Parameter",
      "Id": "ParamBeijingX",
      "FadeInTime": -1.0,
      "FadeOutTime": -1.0,
      "Segments": [
        0,
        0,
        0,
        1.083,
        0
      ]
    },
    {
      "Target": "Parameter",
      "Id": "ParamBeijingY",
      "FadeInTime": -1.0,
      "FadeOutTime": -1.0,
      "Segments": [
        0,
        0,
        0,
        1.083,
        0
      ]
    },
    {
      "Target": "Parameter",
      "Id": "ParamBeijingZ",
      "FadeInTime": -1.0,
      "FadeOutTime": -1.0,
      "Segments": [
        0,
        0,
        0,
        1.083,
        0
      ]
    },
    {
      "Target": "Parameter",
      "Id": "ParamBeijingS",
      "FadeInTime": -1.0,
      "FadeOutTime": -1.0,
      "Segments": [
        0,
        0,
        0,
        1.083,
        0
      ]
    },
    {
      "Target": "Parameter",
      "Id": "ParamEyeLSmile",
      "FadeInTime": -1.0,
      "FadeOutTime": -1.0,
      "Segments": [
        0,
        0,
        0,
        1.083,
        0
      ]
    },
    {
      "Target": "Parameter",
      "Id": "ParamEyeRSmile",
      "FadeInTime": -1.0,
      "FadeOutTime": -1.0,
      "Segments": [
        0,
        0,
        0,
        1.083,
        0
      ]
    },
    {
      "Target": "Parameter",
      "Id": "ParamEyeBallX",
      "FadeInTime": -1.0,
      "FadeOutTime": -1.0,
      "Segments": [
        0,
        0,
        0,
        1.083,
        0
      ]
    },
    {
      "Target": "Parameter",
      "Id": "ParamEyeBallY",
      "FadeInTime": -1.0,
      "FadeOutTime": -1.0,
      "Segments": [
        0,
        0,
        0,
        1.083,
        0
      ]
    },
    {
      "Target": "Parameter",
      "Id": "ParamBrowRY",
      "FadeInTime": -1.0,
      "FadeOutTime": -1.0,
      "Segments": [
        0,
        0,
        0,
        1.083,
        0
      ]
    },
    {
      "Target": "Parameter",
      "Id": "ParamBrowRForm",
      "FadeInTime": -1.0,
      "FadeOutTime": -1.0,
      "Segments": [
        0,
        0,
        0,
        1.083,
        0
      ]
    },
    {
      "Target": "Parameter",
      "Id": "ParamBrowLY",
      "FadeInTime": -1.0,
      "FadeOutTime": -1.0,
      "Segments": [
        0,
        0,
        0,
        1.083,
        0
      ]
    },
    {
      "Target": "Parameter",
      "Id": "ParamBrowLForm",
      "FadeInTime": -1.0,
      "FadeOutTime": -1.0,
      "Segments": [
        0,
        0,
        0,
        1.083,
        0
      ]
    },
    {
      "Target": "Parameter",
      "Id": "Param4",
      "FadeInTime": -1.0,
      "FadeOutTime": -1.0,
      "Segments": [
        0,
        0,
        0,
        1.083,
        0
      ]
    },
    {
      "Target": "Parameter",
      "Id": "ParamMouthForm",
      "FadeInTime": -1.0,
      "FadeOutTime": -1.0,
      "Segments": [
        0,
        0,
        0,
        1.083,
        0
      ]
    },
    {
      "Target": "Parameter",
      "Id": "ParamMouthOpenY",
      "FadeInTime": -1.0,
      "FadeOutTime": -1.0,
      "Segments": [
        0,
        0,
        0,
        1.083,
        0
      ]
    },
    {
      "Target": "Parameter",
      "Id": "ParamMouthS",
      "FadeInTime": -1.0,
      "FadeOutTime": -1.0,
      "Segments": [
        0,
        0,
        0,
        1.083,
        0
      ]
    },
    {
      "Target": "Parameter",
      "Id": "ParamEyeGaoguang",
      "FadeInTime": -1.0,
      "FadeOutTime": -1.0,
      "Segments": [
        0,
        0,
        0,
        1.083,
        0
      ]
    },
    {
      "Target": "Parameter",
      "Id": "Param28",
      "FadeInTime": -1.0,
      "FadeOutTime": -1.0,
      "Segments": [
        0,
        5,
        0,
        1.083,
        5
      ]
    },
    {
      "Target": "Parameter",
      "Id": "Param86",
      "FadeInTime": -1.0,
      "FadeOutTime": -1.0,
      "Segments": [
        0,
        0,
        0,
        1.083,
        0
      ]
    },
    {
      "Target": "Parameter",
      "Id": "Param97",
      "FadeInTime": -1.0,
      "FadeOutTime": -1.0,
      "Segments": [
        0,
        0,
        0,
        1.083,
        0
      ]
    },
    {
      "Target": "Parameter",
      "Id": "Param31",
      "FadeInTime": -1.0,
      "FadeOutTime": -1.0,
      "Segments": [
        0,
        0,
        0,
        1.083,
        0
      ]
    },
    {
      "Target": "Parameter",
      "Id": "ParamAngleX",
      "FadeInTime": -1.0,
      "FadeOutTime": -1.0,
      "Segments": [
        0,
        0,
        0,
        1.083,
        0
      ]
    },
    {
      "Target": "Parameter",
      "Id": "ParamBodyAngleZ3",
      "FadeInTime": -1.0,
      "FadeOutTime": -1.0,
      "Segments": [
        0,
        0,
        0,
        1.083,
        0
      ]
    },
    {
      "Target": "Parameter",
      "Id": "Param33",
      "FadeInTime": -1.0,
      "FadeOutTime": -1.0,
      "Segments": [
        0,
        1.02,
        0,
        1.083,
        1.02
      ]
    },
    {
      "Target": "Parameter",
      "Id": "ParamBodyAngleX2",
      "FadeInTime": -1.0,
      "FadeOutTime": -1.0,
      "Segments": [
        0,
        0,
        0,
        1.083,
        0
      ]
    },
    {
      "Target": "Parameter",
      "Id": "ParamBreath",
      "FadeInTime": -1.0,
      "FadeOutTime": -1.0,
      "Segments": [
        0,
        0,
        0,
        1.083,
        0
      ]
    },
    {
      "Target": "Parameter",
      "Id": "ParamBodyAngleY",
      "FadeInTime": -1.0,
      "FadeOutTime": -1.0,
      "Segments": [
        0,
        0,
        0,
        1.083,
        0
      ]
    },
    {
      "Target": "Parameter",
      "Id": "Param57",
      "FadeInTime": -1.0,
      "FadeOutTime": -1.0,
      "Segments": [
        0,
        0,
        0,
        1.083,
        0
      ]
    },
    {
      "Target": "Parameter",
      "Id": "ParamA1zuoshoutuozhanxingbian",
      "FadeInTime": -1.0,
      "FadeOutTime": -1.0,
      "Segments": [
        0,
        0,
        0,
        1.083,
        0
      ]
    },
    {
      "Target": "Parameter",
      "Id": "Param47",
      "FadeInTime": -1.0,
      "FadeOutTime": -1.0,
      "Segments": [
        0,
        0,
        0,
        1.083,
        0
      ]
    },
    {
      "Target": "Parameter",
      "Id": "Param48",
      "FadeInTime": -1.0,
      "FadeOutTime": -1.0,
      "Segments": [
        0,
        0,
        0,
        1.083,
        0
      ]
    },
    {
      "Target": "Parameter",
      "Id": "Param49",
      "FadeInTime": -1.0,
      "FadeOutTime": -1.0,
      "Segments": [
        0,
        0,
        0,
        1.083,
        0
      ]
    },
    {
      "Target": "Parameter",
      "Id": "Param68",
      "FadeInTime": -1.0,
      "FadeOutTime": -1.0,
      "Segments": [
        0,
        0,
        0,
        1.083,
        0
      ]
    },
    {
      "Target": "Parameter",
      "Id": "Param69",
      "FadeInTime": -1.0,
      "FadeOutTime": -1.0,
      "Segments": [
        0,
        0,
        0,
        1.083,
        0
      ]
    },
    {
      "Target": "Parameter",
      "Id": "Param50",
      "FadeInTime": -1.0,
      "FadeOutTime": -1.0,
      "Segments": [
        0,
        0,
        0,
        1.083,
        0
      ]
    },
    {
      "Target": "Parameter",
      "Id": "Param51",
      "FadeInTime": -1.0,
      "FadeOutTime": -1.0,
      "Segments": [
        0,
        1,
        0,
        1.083,
        1
      ]
    },
    {
      "Target": "Parameter",
      "Id": "Param52",
      "FadeInTime": -1.0,
      "FadeOutTime": -1.0,
      "Segments": [
        0,
        0,
        0,
        1.083,
        0
      ]
    },
    {
      "Target": "Parameter",
      "Id": "Param54",
      "FadeInTime": -1.0,
      "FadeOutTime": -1.0,
      "Segments": [
        0,
        0,
        0,
        1.083,
        0
      ]
    },
    {
      "Target": "Parameter",
      "Id": "Param55",
      "FadeInTime": -1.0,
      "FadeOutTime": -1.0,
      "Segments": [
        0,
        0,
        0,
        1.083,
        0
      ]
    },
    {
      "Target": "Parameter",
      "Id": "Param56",
      "FadeInTime": -1.0,
      "FadeOutTime": -1.0,
      "Segments": [
        0,
        0,
        0,
        1.083,
        0
      ]
    },
    {
      "Target": "Parameter",
      "Id": "Param58",
      "FadeInTime": -1.0,
      "FadeOutTime": -1.0,
      "Segments": [
        0,
        0,
        0,
        1.083,
        0
      ]
    },
    {
      "Target": "Parameter",
      "Id": "Param21",
      "FadeInTime": -1.0,
      "FadeOutTime": -1.0,
      "Segments": [
        0,
        0,
        0,
        1.083,
        0
      ]
    },
    {
      "Target": "Parameter",
      "Id": "ParamShangBiRUD",
      "FadeInTime": -1.0,
      "FadeOutTime": -1.0,
      "Segments": [
        0,
        0,
        0,
        1.083,
        0
      ]
    },
    {
      "Target": "Parameter",
      "Id": "ParamA1zuoshoutuozhanxingbian2",
      "FadeInTime": -1.0,
      "FadeOutTime": -1.0,
      "Segments": [
        0,
        0,
        0,
        1.083,
        0
      ]
    },
    {
      "Target": "Parameter",
      "Id": "Param35",
      "FadeInTime": -1.0,
      "FadeOutTime": -1.0,
      "Segments": [
        0,
        0,
        0,
        1.083,
        0
      ]
    },
    {
      "Target": "Parameter",
      "Id": "Param36",
      "FadeInTime": -1.0,
      "FadeOutTime": -1.0,
      "Segments": [
        0,
        0,
        0,
        1.083,
        0
      ]
    },
    {
      "Target": "Parameter",
      "Id": "Param37",
      "FadeInTime": -1.0,
      "FadeOutTime": -1.0,
      "Segments": [
        0,
        0,
        0,
        1.083,
        0
      ]
    },
    {
      "Target": "Parameter",
      "Id": "Param70",
      "FadeInTime": -1.0,
      "FadeOutTime": -1.0,
      "Segments": [
        0,
        0,
        0,
        1.083,
        0
      ]
    },
    {
      "Target": "Parameter",
      "Id": "Param65",
      "FadeInTime": -1.0,
      "FadeOutTime": -1.0,
      "Segments": [
        0,
        2,
        0,
        1.083,
        2
      ]
    },
    {
      "Target": "Parameter",
      "Id": "Param71",
      "FadeInTime": -1.0,
      "FadeOutTime": -1.0,
      "Segments": [
        0,
        0,
        0,
        1.083,
        0
      ]
    },
    {
      "Target": "Parameter",
      "Id": "Param53",
      "FadeInTime": -1.0,
      "FadeOutTime": -1.0,
      "Segments": [
        0,
        1,
        0,
        1.083,
        1
      ]
    },
    {
      "Target": "Parameter",
      "Id": "Param60",
      "FadeInTime": -1.0,
      "FadeOutTime": -1.0,
      "Segments": [
        0,
        0,
        0,
        1.083,
        0
      ]
    },
    {
      "Target": "Parameter",
      "Id": "Param61",
      "FadeInTime": -1.0,
      "FadeOutTime": -1.0,
      "Segments": [
        0,
        0,
        0,
        1.083,
        0
      ]
    },
    {
      "Target": "Parameter",
      "Id": "Param41",
      "FadeInTime": -1.0,
      "FadeOutTime": -1.0,
      "Segments": [
        0,
        0,
        0,
        1.083,
        0
      ]
    },
    {
      "Target": "Parameter",
      "Id": "Param40",
      "FadeInTime": -1.0,
      "FadeOutTime": -1.0,
      "Segments": [
        0,
        0,
        0,
        1.083,
        0
      ]
    },
    {
      "Target": "Parameter",
      "Id": "Param92",
      "FadeInTime": -1.0,
      "FadeOutTime": -1.0,
      "Segments": [
        0,
        -1.14,
        0,
        1.083,
        -1.14
      ]
    },
    {
      "Target": "Parameter",
      "Id": "Param103",
      "FadeInTime": -1.0,
      "FadeOutTime": -1.0,
      "Segments": [
        0,
        0,
        0,
        1.083,
        0
      ]
    },
    {
      "Target": "Parameter",
      "Id": "ParamDaTuiLUD",
      "FadeInTime": -1.0,
      "FadeOutTime": -1.0,
      "Segments": [
        0,
        0,
        0,
        1.083,
        0
      ]
    },
    {
      "Target": "Parameter",
      "Id": "ParamXiaoTuiLUD",
      "FadeInTime": -1.0,
      "FadeOutTime": -1.0,
      "Segments": [
        0,
        0,
        0,
        1.083,
        0
      ]
    },
    {
      "Target": "Parameter",
      "Id": "Param62",
      "FadeInTime": -1.0,
      "FadeOutTime": -1.0,
      "Segments": [
        0,
        0,
        0,
        1.083,
        0
      ]
    },
    {
      "Target": "Parameter",
      "Id": "ParamDaTuiLUD2",
      "FadeInTime": -1.0,
      "FadeOutTime": -1.0,
      "Segments": [
        0,
        0,
        0,
        1.083,
        0
      ]
    },
    {
      "Target": "Parameter",
      "Id": "ParamXiaoTuiLUD3",
      "FadeInTime": -1.0,
      "FadeOutTime": -1.0,
      "Segments": [
        0,
        0,
        0,
        1.083,
        0
      ]
    },
    {
      "Target": "Parameter",
      "Id": "ParamXiaoTuiLUD2",
      "FadeInTime": -1.0,
      "FadeOutTime": -1.0,
      "Segments": [
        0,
        5,
        0,
        1.083,
        5
      ]
    },
    {
      "Target": "Parameter",
      "Id": "Param24",
      "FadeInTime": -1.0,
      "FadeOutTime": -1.0,
      "Segments": [
        0,
        0,
        0,
        1.083,
        0
      ]
    },
    {
      "Target": "Parameter",
      "Id": "Param59",
      "FadeInTime": -1.0,
      "FadeOutTime": -1.0,
      "Segments": [
        0,
        0,
        0,
        1.083,
        0
      ]
    },
    {
      "Target": "Parameter",
      "Id": "ParamDaTuiRUD",
      "FadeInTime": -1.0,
      "FadeOutTime": -1.0,
      "Segments": [
        0,
        0,
        0,
        1.083,
        0
      ]
    },
    {
      "Target": "Parameter",
      "Id": "ParamXiaoTuiRUD",
      "FadeInTime": -1.0,
      "FadeOutTime": -1.0,
      "Segments": [
        0,
        0,
        0,
        1.083,
        0
      ]
    },
    {
      "Target": "Parameter",
      "Id": "Param63",
      "FadeInTime": -1.0,
      "FadeOutTime": -1.0,
      "Segments": [
        0,
        0,
        0,
        1.083,
        0
      ]
    },
    {
      "Target": "Parameter",
      "Id": "ParamXiaoTuiLUD5",
      "FadeInTime": -1.0,
      "FadeOutTime": -1.0,
      "Segments": [
        0,
        0,
        0,
        1.083,
        0
      ]
    },
    {
      "Target": "Parameter",
      "Id": "ParamDaTuiLUD3",
      "FadeInTime": -1.0,
      "FadeOutTime": -1.0,
      "Segments": [
        0,
        0,
        0,
        1.083,
        0
      ]
    },
    {
      "Target": "Parameter",
      "Id": "ParamXiaoTuiLUD4",
      "FadeInTime": -1.0,
      "FadeOutTime": -1.0,
      "Segments": [
        0,
        0,
        0,
        1.083,
        0
      ]
    },
    {
      "Target": "Parameter",
      "Id": "Param25",
      "FadeInTime": -1.0,
      "FadeOutTime": -1.0,
      "Segments": [
        0,
        0,
        0,
        1.083,
        0
      ]
    },
    {
      "Target": "Parameter",
      "Id": "Param26",
      "FadeInTime": -1.0,
      "FadeOutTime": -1.0,
      "Segments": [
        0,
        0,
        0,
        1.083,
        0
      ]
    },
    {
      "Target": "Parameter",
      "Id": "Param27",
      "FadeInTime": -1.0,
      "FadeOutTime": -1.0,
      "Segments": [
        0,
        10,
        0,
        1.083,
        10
      ]
    },
    {
      "Target": "Parameter",
      "Id": "Param75",
      "FadeInTime": -1.0,
      "FadeOutTime": -1.0,
      "Segments": [
        0,
        0,
        0,
        1.083,
        0
      ]
    },
    {
      "Target": "Parameter",
      "Id": "Param5",
      "FadeInTime": -1.0,
      "FadeOutTime": -1.0,
      "Segments": [
        0,
        0,
        0,
        1.083,
        0
      ]
    },
    {
      "Target": "Parameter",
      "Id": "Param77",
      "FadeInTime": -1.0,
      "FadeOutTime": -1.0,
      "Segments": [
        0,
        0,
        0,
        1.083,
        0
      ]
    },
    {
      "Target": "Parameter",
      "Id": "Param76",
      "FadeInTime": -1.0,
      "FadeOutTime": -1.0,
      "Segments": [
        0,
        0,
        0,
        1.083,
        0
      ]
    },
    {
      "Target": "Parameter",
      "Id": "Param74",
      "FadeInTime": -1.0,
      "FadeOutTime": -1.0,
      "Segments": [
        0,
        -6.2,
        0,
        1.083,
        -6.2
      ]
    },
    {
      "Target": "Parameter",
      "Id": "Param34",
      "FadeInTime": -1.0,
      "FadeOutTime": -1.0,
      "Segments": [
        0,
        0,
        0,
        1.083,
        0
      ]
    },
    {
      "Target": "Parameter",
      "Id": "Param73",
      "FadeInTime": -1.0,
      "FadeOutTime": -1.0,
      "Segments": [
        0,
        10,
        0,
        1.083,
        10
      ]
    },
    {
      "Target": "Parameter",
      "Id": "Param93",
      "FadeInTime": -1.0,
      "FadeOutTime": -1.0,
      "Segments": [
        0,
        0,
        0,
        1.083,
        0
      ]
    },
    {
      "Target": "Parameter",
      "Id": "Param95",
      "FadeInTime": -1.0,
      "FadeOutTime": -1.0,
      "Segments": [
        0,
        0,
        0,
        1.083,
        0
      ]
    },
    {
      "Target": "Parameter",
      "Id": "Param96",
      "FadeInTime": -1.0,
      "FadeOutTime": -1.0,
      "Segments": [
        0,
        0,
        0,
        1.083,
        0
      ]
    },
    {
      "Target": "Parameter",
      "Id": "Param125",
      "FadeInTime": -1.0,
      "FadeOutTime": -1.0,
      "Segments": [
        0,
        0,
        0,
        1.083,
        0
      ]
    },
    {
      "Target": "Parameter",
      "Id": "Param127",
      "FadeInTime": -1.0,
      "FadeOutTime": -1.0,
      "Segments": [
        0,
        10,
        0,
        1.083,
        10
      ]
    },
    {
      "Target": "Parameter",
      "Id": "Param64",
      "FadeInTime": -1.0,
      "FadeOutTime": -1.0,
      "Segments": [
        0,
        0,
        0,
        1.083,
        0
      ]
    },
    {
      "Target": "Parameter",
      "Id": "Param39",
      "FadeInTime": -1.0,
      "FadeOutTime": -1.0,
      "Segments": [
        0,
        0,
        0,
        1.083,
        0
      ]
    },
    {
      "Target": "Parameter",
      "Id": "Param104",
      "FadeInTime": -1.0,
      "FadeOutTime": -1.0,
      "Segments": [
        0,
        10,
        0,
        1.083,
        10
      ]
    },
    {
      "Target": "Parameter",
      "Id": "Param94",
      "FadeInTime": -1.0,
      "FadeOutTime": -1.0,
      "Segments": [
        0,
        0,
        0,
        1.083,
        0
      ]
    },
    {
      "Target": "Parameter",
      "Id": "Param126",
      "FadeInTime": -1.0,
      "FadeOutTime": -1.0,
      "Segments": [
        0,
        0,
        0,
        1.083,
        0
      ]
    },
    {
      "Target": "Parameter",
      "Id": "Param72",
      "FadeInTime": -1.0,
      "FadeOutTime": -1.0,
      "Segments": [
        0,
        0,
        0,
        1.083,
        0
      ]
    },
    {
      "Target": "Parameter",
      "Id": "Param99",
      "FadeInTime": -1.0,
      "FadeOutTime": -1.0,
      "Segments": [
        0,
        0,
        0,
        1.083,
        0
      ]
    },
    {
      "Target": "Parameter",
      "Id": "Param98",
      "FadeInTime": -1.0,
      "FadeOutTime": -1.0,
      "Segments": [
        0,
        0,
        0,
        1.083,
        0
      ]
    },
    {
      "Target": "Parameter",
      "Id": "Param38",
      "FadeInTime": -1.0,
      "FadeOutTime": -1.0,
      "Segments": [
        0,
        0,
        0,
        1.083,
        0
      ]
    },
    {
      "Target": "Parameter",
      "Id": "Param152",
      "FadeInTime": -1.0,
      "FadeOutTime": -1.0,
      "Segments": [
        0,
        0,
        0,
        1.083,
        0
      ]
    },
    {
      "Target": "Parameter",
      "Id": "Param153",
      "FadeInTime": -1.0,
      "FadeOutTime": -1.0,
      "Segments": [
        0,
        0,
        0,
        1.083,
        0
      ]
    },
    {
      "Target": "Parameter",
      "Id": "Param151",
      "FadeInTime": -1.0,
      "FadeOutTime": -1.0,
      "Segments": [
        0,
        0,
        0,
        1.083,
        0
      ]
    },
    {
      "Target": "Parameter",
      "Id": "MB_xingfengyaobai2",
      "FadeInTime": -1.0,
      "FadeOutTime": -1.0,
      "Segments": [
        0,
        0,
        0,
        1.083,
        0
      ]
    },
    {
      "Target": "Parameter",
      "Id": "MB_xingfengyaobai",
      "FadeInTime": -1.0,
      "FadeOutTime": -1.0,
      "Segments": [
        0,
        0,
        0,
        1.083,
        0
      ]
    },
    {
      "Target": "Parameter",
      "Id": "MB_xingfengTMD",
      "FadeInTime": -1.0,
      "FadeOutTime": -1.0,
      "Segments": [
        0,
        0,
        0,
        1.083,
        0
      ]
    },
    {
      "Target": "Parameter",
      "Id": "Param105",
      "FadeInTime": -1.0,
      "FadeOutTime": -1.0,
      "Segments": [
        0,
        0,
        0,
        1.083,
        0
      ]
    },
    {
      "Target": "Parameter",
      "Id": "Param",
      "FadeInTime": -1.0,
      "FadeOutTime": -1.0,
      "Segments": [
        0,
        10,
        0,
        1.083,
        10
      ]
    },
    {
      "Target": "Parameter",
      "Id": "Param2",
      "FadeInTime": -1.0,
      "FadeOutTime": -1.0,
      "Segments": [
        0,
        10,
        0,
        1.083,
        10
      ]
    },
    {
      "Target": "Parameter",
      "Id": "Param3",
      "FadeInTime": -1.0,
      "FadeOutTime": -1.0,
      "Segments": [
        0,
        10,
        0,
        1.083,
        10
      ]
    },
    {
      "Target": "Parameter",
      "Id": "Param32",
      "FadeInTime": -1.0,
      "FadeOutTime": -1.0,
      "Segments": [
        0,
        5,
        0,
        1.083,
        5
      ]
    },
    {
      "Target": "Parameter",
      "Id": "ParamZhiYing1",
      "FadeInTime": -1.0,
      "FadeOutTime": -1.0,
      "Segments": [
        0,
        1,
        0,
        1.083,
        1
      ]
    },
    {
      "Target": "Parameter",
      "Id": "ParamZhiYing1X",
      "FadeInTime": -1.0,
      "FadeOutTime": -1.0,
      "Segments": [
        0,
        0,
        0,
        1.083,
        0
      ]
    },
    {
      "Target": "Parameter",
      "Id": "ParamZhiYing1Y",
      "FadeInTime": -1.0,
      "FadeOutTime": -1.0,
      "Segments": [
        0,
        0,
        0,
        1.083,
        0
      ]
    },
    {
      "Target": "Parameter",
      "Id": "ParamZhiYing1Z",
      "FadeInTime": -1.0,
      "FadeOutTime": -1.0,
      "Segments": [
        0,
        0,
        0,
        1.083,
        0
      ]
    },
    {
      "Target": "Parameter",
      "Id": "ParamZhiYing1S",
      "FadeInTime": -1.0,
      "FadeOutTime": -1.0,
      "Segments": [
        0,
        0,
        0,
        1.083,
        0
      ]
    },
    {
      "Target": "Parameter",
      "Id": "ParamZhiYing1UD",
      "FadeInTime": -1.0,
      "FadeOutTime": -1.0,
      "Segments": [
        0,
        0,
        0,
        1.083,
        0
      ]
    },
    {
      "Target": "Parameter",
      "Id": "ParamZhiYing1TC",
      "FadeInTime": -1.0,
      "FadeOutTime": -1.0,
      "Segments": [
        0,
        0,
        0,
        1.083,
        0
      ]
    },
    {
      "Target": "Parameter",
      "Id": "ParamZhiYing1ShouR",
      "FadeInTime": -1.0,
      "FadeOutTime": -1.0,
      "Segments": [
        0,
        0,
        0,
        1.083,
        0
      ]
    },
    {
      "Target": "Parameter",
      "Id": "ParamZhiYing1ShouL",
      "FadeInTime": -1.0,
      "FadeOutTime": -1.0,
      "Segments": [
        0,
        0,
        0,
        1.083,
        0
      ]
    },
    {
      "Target": "Parameter",
      "Id": "ParamZhiYing1JiaoL",
      "FadeInTime": -1.0,
      "FadeOutTime": -1.0,
      "Segments": [
        0,
        0,
        0,
        1.083,
        0
      ]
    },
    {
      "Target": "Parameter",
      "Id": "ParamZhiYing1JiaoR",
      "FadeInTime": -1.0,
      "FadeOutTime": -1.0,
      "Segments": [
        0,
        0,
        0,
        1.083,
        0
      ]
    },
    {
      "Target": "Parameter",
      "Id": "ParamZhiYing1Weiba",
      "FadeInTime": -1.0,
      "FadeOutTime": -1.0,
      "Segments": [
        0,
        0,
        0,
        1.083,
        0
      ]
    },
    {
      "Target": "Parameter",
      "Id": "Param19",
      "FadeInTime": -1.0,
      "FadeOutTime": -1.0,
      "Segments": [
        0,
        0,
        0,
        1.083,
        0
      ]
    },
    {
      "Target": "Parameter",
      "Id": "Param14",
      "FadeInTime": -1.0,
      "FadeOutTime": -1.0,
      "Segments": [
        0,
        0,
        0,
        1.083,
        0
      ]
    },
    {
      "Target": "Parameter",
      "Id": "Param15",
      "FadeInTime": -1.0,
      "FadeOutTime": -1.0,
      "Segments": [
        0,
        0,
        0,
        1.083,
        0
      ]
    },
    {
      "Target": "Parameter",
      "Id": "Param18",
      "FadeInTime": -1.0,
      "FadeOutTime": -1.0,
      "Segments": [
        0,
        5,
        0,
        1.083,
        5
      ]
    },
    {
      "Target": "Parameter",
      "Id": "Param10",
      "FadeInTime": -1.0,
      "FadeOutTime": -1.0,
      "Segments": [
        0,
        0,
        0,
        1.083,
        0
      ]
    },
    {
      "Target": "Parameter",
      "Id": "Param11",
      "FadeInTime": -1.0,
      "FadeOutTime": -1.0,
      "Segments": [
        0,
        0,
        0,
        1.083,
        0
      ]
    },
    {
      "Target": "Parameter",
      "Id": "Param12",
      "FadeInTime": -1.0,
      "FadeOutTime": -1.0,
      "Segments": [
        0,
        0,
        0,
        1.083,
        0
      ]
    },
    {
      "Target": "Parameter",
      "Id": "Param13",
      "FadeInTime": -1.0,
      "FadeOutTime": -1.0,
      "Segments": [
        0,
        5,
        0,
        1.083,
        5
      ]
    },
    {
      "Target": "Parameter",
      "Id": "MB_wutixialuoxunhuan",
      "FadeInTime": -1.0,
      "FadeOutTime": -1.0,
      "Segments": [
        0,
        0,
        0,
        1.083,
        0
      ]
    },
    {
      "Target": "Parameter",
      "Id": "MB_wutixialuojiaodu",
      "FadeInTime": -1.0,
      "FadeOutTime": -1.0,
      "Segments": [
        0,
        0,
        0,
        1.083,
        0
      ]
    },
    {
      "Target": "Parameter",
      "Id": "Param_Angle_Rotation_16_ArtMesh187",
      "FadeInTime": -1.0,
      "FadeOutTime": -1.0,
      "Segments": [
        0,
        0,
        0,
        1.083,
        0
      ]
    },
    {
      "Target": "Parameter",
      "Id": "Param_Angle_Rotation_17_ArtMesh187",
      "FadeInTime": -1.0,
      "FadeOutTime": -1.0,
      "Segments": [
        0,
        0,
        0,
        1.083,
        0
      ]
    },
    {
      "Target": "Parameter",
      "Id": "Param_Angle_Rotation_1_ArtMesh188",
      "FadeInTime": -1.0,
      "FadeOutTime": -1.0,
      "Segments": [
        0,
        -3,
        0,
        1.083,
        -3
      ]
    },
    {
      "Target": "Parameter",
      "Id": "Param_Angle_Rotation_7_ArtMesh188",
      "FadeInTime": -1.0,
      "FadeOutTime": -1.0,
      "Segments": [
        0,
        7.07,
        0,
        1.083,
        7.07
      ]
    },
    {
      "Target": "Parameter",
      "Id": "Param_Angle_Rotation_13_ArtMesh188",
      "FadeInTime": -1.0,
      "FadeOutTime": -1.0,
      "Segments": [
        0,
        -10.19,
        0,
        1.083,
        -10.19
      ]
    }
  ],
  "UserData": [
    {
      "Time": 0.0,
      "Value": ""
    },
    {
      "Time": 0.582999945,
      "Value": ""
    }
  ]
}