{
  "Version": 3,
  "Meta": {
    "Duration": 4.0,
    "Fps": 60.0,
    "Loop": true,
    "AreBeziersRestricted": true,
    "FadeInTime": 0.0,
    "FadeOutTime": 0.0,
    "CurveCount": 270,
    "TotalSegmentCount": 702,
    "TotalPointCount": 938,
    "UserDataCount": 2,
    "TotalUserDataSize": 0
  },
  "Curves": [
    {
      "Target": "Parameter",
      "Id": "Paramwuli",
      "FadeInTime": -1.0,
      "FadeOutTime": -1.0,
      "Segments": [
        0,
        0,
        0,
        1,
        30,
        0,
        2,
        -30,
        0,
        3,
        30,
        0,
        4,
        -30
      ]
    },
    {
      "Target": "Parameter",
      "Id": "Paramwuli2",
      "FadeInTime": -1.0,
      "FadeOutTime": -1.0,
      "Segments": [
        0,
        0,
        0,
        1,
        30,
        0,
        2,
        -30,
        0,
        3,
        30,
        0,
        4,
        -30
      ]
    },
    {
      "Target": "Parameter",
      "Id": "Paramwuli3",
      "FadeInTime": -1.0,
      "FadeOutTime": -1.0,
      "Segments": [
        0,
        0,
        0,
        1,
        30,
        0,
        2,
        -30,
        0,
        3,
        30,
        0,
        4,
        -30
      ]
    },
    {
      "Target": "Parameter",
      "Id": "Paramtishixingxing1",
      "FadeInTime": -1.0,
      "FadeOutTime": -1.0,
      "Segments": [
        0,
        0,
        0,
        0.5,
        5,
        2,
        2.5,
        5,
        0,
        3,
        10,
        2,
        3.017,
        0,
        2,
        4,
        0
      ]
    },
    {
      "Target": "Parameter",
      "Id": "Paramtishixingxing2",
      "FadeInTime": -1.0,
      "FadeOutTime": -1.0,
      "Segments": [
        0,
        0,
        2,
        0.083,
        0,
        0,
        0.583,
        5,
        2,
        2.583,
        5,
        0,
        3.083,
        10,
        2,
        3.1,
        0,
        2,
        4,
        0
      ]
    },
    {
      "Target": "Parameter",
      "Id": "Paramtishixingxing3",
      "FadeInTime": -1.0,
      "FadeOutTime": -1.0,
      "Segments": [
        0,
        0,
        2,
        0.167,
        0,
        0,
        0.667,
        5,
        2,
        2.667,
        5,
        0,
        3.167,
        10,
        2,
        3.183,
        0,
        2,
        4,
        0
      ]
    },
    {
      "Target": "Parameter",
      "Id": "Paramtishixingxing5",
      "FadeInTime": -1.0,
      "FadeOutTime": -1.0,
      "Segments": [
        0,
        0,
        2,
        0.333,
        0,
        0,
        0.833,
        5,
        2,
        2.833,
        5,
        0,
        3.333,
        10,
        2,
        3.35,
        0,
        2,
        4,
        0
      ]
    },
    {
      "Target": "Parameter",
      "Id": "Paramtishixingxing21",
      "FadeInTime": -1.0,
      "FadeOutTime": -1.0,
      "Segments": [
        0,
        0,
        2,
        0.417,
        0,
        0,
        0.917,
        5,
        2,
        2.917,
        5,
        0,
        3.417,
        10,
        2,
        3.433,
        0,
        2,
        4,
        0
      ]
    },
    {
      "Target": "Parameter",
      "Id": "ParamRenwuX4",
      "FadeInTime": -1.0,
      "FadeOutTime": -1.0,
      "Segments": [
        0,
        -0.5,
        0,
        2,
        0.5,
        0,
        4,
        -0.5
      ]
    },
    {
      "Target": "Parameter",
      "Id": "ParamRenwuZ",
      "FadeInTime": -1.0,
      "FadeOutTime": -1.0,
      "Segments": [
        0,
        25.783,
        0,
        2,
        25.303,
        0,
        4,
        25.783
      ]
    },
    {
      "Target": "Parameter",
      "Id": "ParamEyeLOpen",
      "FadeInTime": -1.0,
      "FadeOutTime": -1.0,
      "Segments": [
        0,
        1,
        2,
        1,
        1,
        0,
        1.167,
        0,
        0,
        1.333,
        1,
        2,
        3.467,
        1,
        0,
        3.633,
        0,
        0,
        3.8,
        1,
        2,
        4,
        1
      ]
    },
    {
      "Target": "Parameter",
      "Id": "ParamEyeROpen",
      "FadeInTime": -1.0,
      "FadeOutTime": -1.0,
      "Segments": [
        0,
        1,
        2,
        1,
        1,
        0,
        1.167,
        0,
        0,
        1.333,
        1,
        2,
        3.467,
        1,
        0,
        3.633,
        0,
        0,
        3.8,
        1,
        2,
        4,
        1
      ]
    },
    {
      "Target": "Parameter",
      "Id": "ParamAngleX",
      "FadeInTime": -1.0,
      "FadeOutTime": -1.0,
      "Segments": [
        0,
        0,
        0,
        2.233,
        -7,
        1,
        2.822,
        -7,
        3.411,
        -1.538,
        4,
        -0.264
      ]
    },
    {
      "Target": "Parameter",
      "Id": "ParamAngleY",
      "FadeInTime": -1.0,
      "FadeOutTime": -1.0,
      "Segments": [
        0,
        -1.953,
        0,
        0.667,
        0,
        0,
        2.667,
        -7.529,
        1,
        3.111,
        -7.529,
        3.556,
        -4.183,
        4,
        -1.952
      ]
    },
    {
      "Target": "Parameter",
      "Id": "ParamAngleZ",
      "FadeInTime": -1.0,
      "FadeOutTime": -1.0,
      "Segments": [
        0,
        -0.224,
        0,
        0.5,
        3.008,
        0,
        2.5,
        -3.245,
        1,
        3,
        -3.245,
        3.5,
        -0.04,
        4,
        1.563
      ]
    },
    {
      "Target": "Parameter",
      "Id": "ParamAngleZ2",
      "FadeInTime": -1.0,
      "FadeOutTime": -1.0,
      "Segments": [
        0,
        -0.051,
        0,
        0.25,
        0,
        0,
        2.25,
        -1.229,
        1,
        2.833,
        -1.229,
        3.417,
        -0.288,
        4,
        -0.053
      ]
    },
    {
      "Target": "Parameter",
      "Id": "ParamBodyAngleX",
      "FadeInTime": -1.0,
      "FadeOutTime": -1.0,
      "Segments": [
        0,
        0,
        0,
        2,
        -10,
        0,
        4,
        0
      ]
    },
    {
      "Target": "Parameter",
      "Id": "ParamBodyAngleZ",
      "FadeInTime": -1.0,
      "FadeOutTime": -1.0,
      "Segments": [
        0,
        -0.015,
        0,
        0.683,
        3.377,
        0,
        2.683,
        -2.77,
        1,
        3.122,
        -2.77,
        3.561,
        -0.209,
        4,
        1.541
      ]
    },
    {
      "Target": "Parameter",
      "Id": "ParamBodyAngleZ2",
      "FadeInTime": -1.0,
      "FadeOutTime": -1.0,
      "Segments": [
        0,
        0,
        0,
        2,
        -1.552,
        0,
        4,
        0.765
      ]
    },
    {
      "Target": "Parameter",
      "Id": "ParamJianbangL",
      "FadeInTime": -1.0,
      "FadeOutTime": -1.0,
      "Segments": [
        0,
        1.04,
        1,
        0.111,
        1.04,
        0.222,
        1.518,
        0.333,
        0,
        1,
        1,
        -9.109,
        1.666,
        -17.098,
        2.333,
        -17.098,
        1,
        2.889,
        -17.098,
        3.444,
        -5.224,
        4,
        -1.266
      ]
    },
    {
      "Target": "Parameter",
      "Id": "Param33",
      "FadeInTime": -1.0,
      "FadeOutTime": -1.0,
      "Segments": [
        0,
        1,
        0,
        2.3,
        3.966,
        1,
        2.867,
        3.966,
        3.433,
        1.12,
        4,
        0.266
      ]
    },
    {
      "Target": "Parameter",
      "Id": "Param42",
      "FadeInTime": -1.0,
      "FadeOutTime": -1.0,
      "Segments": [
        0,
        -0.504,
        0,
        0.167,
        -0.5,
        0,
        2.167,
        -0.695,
        1,
        2.778,
        -0.695,
        3.389,
        -0.531,
        4,
        -0.504
      ]
    },
    {
      "Target": "Parameter",
      "Id": "Param43",
      "FadeInTime": -1.0,
      "FadeOutTime": -1.0,
      "Segments": [
        0,
        -0.083,
        0,
        0.667,
        0,
        0,
        2.667,
        -0.32,
        1,
        3.111,
        -0.32,
        3.556,
        -0.178,
        4,
        -0.083
      ]
    },
    {
      "Target": "Parameter",
      "Id": "Param44",
      "FadeInTime": -1.0,
      "FadeOutTime": -1.0,
      "Segments": [
        0,
        -5.379,
        0,
        1.167,
        -4.292,
        0,
        3.167,
        -6.034,
        1,
        3.445,
        -6.034,
        3.722,
        -5.732,
        4,
        -5.379
      ]
    },
    {
      "Target": "Parameter",
      "Id": "ParamA1zuoshoudonghua",
      "FadeInTime": -1.0,
      "FadeOutTime": -1.0,
      "Segments": [
        0,
        -6.88,
        0,
        1.167,
        -10,
        0,
        3.167,
        -5,
        1,
        3.445,
        -5,
        3.722,
        -5.868,
        4,
        -6.881
      ]
    },
    {
      "Target": "Parameter",
      "Id": "ParamA1zuoshouxingbian",
      "FadeInTime": -1.0,
      "FadeOutTime": -1.0,
      "Segments": [
        0,
        -1.88,
        0,
        1.167,
        -5,
        0,
        3.167,
        0,
        1,
        3.445,
        0,
        3.722,
        -0.868,
        4,
        -1.881
      ]
    },
    {
      "Target": "Parameter",
      "Id": "ParamDaTuiL",
      "FadeInTime": -1.0,
      "FadeOutTime": -1.0,
      "Segments": [
        0,
        -1.034,
        0,
        0.8,
        -0.664,
        0,
        2.6,
        -1.485,
        1,
        3.067,
        -1.485,
        3.533,
        -1.085,
        4,
        -0.844
      ]
    },
    {
      "Target": "Parameter",
      "Id": "ParamXiaoTuiL",
      "FadeInTime": -1.0,
      "FadeOutTime": -1.0,
      "Segments": [
        0,
        -0.105,
        0,
        1.15,
        0.679,
        0,
        3.083,
        -0.871,
        1,
        3.389,
        -0.871,
        3.694,
        -0.547,
        4,
        -0.197
      ]
    },
    {
      "Target": "Parameter",
      "Id": "ParamJiaoL",
      "FadeInTime": -1.0,
      "FadeOutTime": -1.0,
      "Segments": [
        0,
        -0.724,
        0,
        1.683,
        3.509,
        0,
        3.55,
        -2.874,
        1,
        3.7,
        -2.874,
        3.85,
        -2.553,
        4,
        -2.057
      ]
    },
    {
      "Target": "Parameter",
      "Id": "Param22",
      "FadeInTime": -1.0,
      "FadeOutTime": -1.0,
      "Segments": [
        0,
        0.147,
        0,
        0.333,
        0,
        0,
        2.333,
        2.004,
        1,
        2.889,
        2.004,
        3.444,
        0.612,
        4,
        0.148
      ]
    },
    {
      "Target": "Parameter",
      "Id": "ParamDaTuiR",
      "FadeInTime": -1.0,
      "FadeOutTime": -1.0,
      "Segments": [
        0,
        2.939,
        0,
        1.05,
        3.882,
        0,
        3.05,
        2.701,
        1,
        3.367,
        2.701,
        3.683,
        2.967,
        4,
        3.247
      ]
    },
    {
      "Target": "Parameter",
      "Id": "ParamXiaoTuiR",
      "FadeInTime": -1.0,
      "FadeOutTime": -1.0,
      "Segments": [
        0,
        -0.309,
        0,
        1.5,
        0,
        0,
        3.5,
        -0.819,
        1,
        3.667,
        -0.819,
        3.833,
        -0.768,
        4,
        -0.691
      ]
    },
    {
      "Target": "Parameter",
      "Id": "ParamJiaoR",
      "FadeInTime": -1.0,
      "FadeOutTime": -1.0,
      "Segments": [
        0,
        -0.184,
        0,
        1.867,
        3.773,
        0,
        3.867,
        -0.92,
        1,
        3.911,
        -0.92,
        3.956,
        -0.898,
        4,
        -0.857
      ]
    },
    {
      "Target": "Parameter",
      "Id": "ParamOPRX1",
      "FadeInTime": -1.0,
      "FadeOutTime": -1.0,
      "Segments": [
        0,
        -0.082,
        0,
        0.017,
        -0.028,
        0,
        0.3,
        -2.146,
        0,
        1.233,
        4.2,
        0,
        2.183,
        -3.945,
        0,
        3.183,
        3.679,
        1,
        3.455,
        3.679,
        3.728,
        -1.23,
        4,
        -3.03
      ]
    },
    {
      "Target": "Parameter",
      "Id": "ParamOPRY1",
      "FadeInTime": -1.0,
      "FadeOutTime": -1.0,
      "Segments": [
        0,
        30,
        0,
        0.3,
        24.116,
        0,
        1.233,
        30,
        0,
        2.183,
        22.317,
        0,
        4,
        30
      ]
    },
    {
      "Target": "Parameter",
      "Id": "ParamOPRY2",
      "FadeInTime": -1.0,
      "FadeOutTime": -1.0,
      "Segments": [
        0,
        -0.419,
        0,
        0.033,
        -0.634,
        0,
        0.217,
        0.742,
        0,
        0.483,
        -2.643,
        0,
        0.767,
        -0.71,
        0,
        0.95,
        -1.095,
        0,
        1.033,
        -0.933,
        0,
        1.05,
        -0.938,
        0,
        1.417,
        4.573,
        0,
        1.717,
        2.421,
        0,
        1.867,
        2.83,
        0,
        2.367,
        -3.754,
        0,
        2.583,
        -2.728,
        0,
        2.783,
        -3.276,
        0,
        3.367,
        3.421,
        0,
        3.583,
        2.578,
        0,
        3.783,
        2.996,
        1,
        3.855,
        2.996,
        3.928,
        2.101,
        4,
        0.977
      ]
    },
    {
      "Target": "Parameter",
      "Id": "ParamOPLX1",
      "FadeInTime": -1.0,
      "FadeOutTime": -1.0,
      "Segments": [
        0,
        1.386,
        0,
        0.183,
        -0.536,
        0,
        0.383,
        1.287,
        0,
        0.633,
        -1.125,
        0,
        0.867,
        0.525,
        0,
        1.233,
        -2.113,
        0,
        1.533,
        1.301,
        0,
        1.783,
        -0.792,
        0,
        2.1,
        2.144,
        0,
        2.433,
        -0.794,
        0,
        2.683,
        0.825,
        0,
        3.05,
        -1.633,
        0,
        3.45,
        0.534,
        0,
        3.683,
        -0.627,
        1,
        3.789,
        -0.627,
        3.894,
        0.889,
        4,
        1.416
      ]
    },
    {
      "Target": "Parameter",
      "Id": "ParamTuiRou1",
      "FadeInTime": -1.0,
      "FadeOutTime": -1.0,
      "Segments": [
        0,
        -0.082,
        0,
        0.017,
        -0.028,
        0,
        0.3,
        -2.146,
        0,
        1.233,
        4.2,
        0,
        2.183,
        -3.945,
        0,
        3.183,
        3.679,
        1,
        3.455,
        3.679,
        3.728,
        -1.23,
        4,
        -3.03
      ]
    },
    {
      "Target": "Parameter",
      "Id": "ParamTuiRou2",
      "FadeInTime": -1.0,
      "FadeOutTime": -1.0,
      "Segments": [
        0,
        -0.419,
        0,
        0.033,
        -0.634,
        0,
        0.217,
        0.742,
        0,
        0.483,
        -2.643,
        0,
        0.767,
        -0.71,
        0,
        0.95,
        -1.095,
        0,
        1.033,
        -0.933,
        0,
        1.05,
        -0.938,
        0,
        1.417,
        4.573,
        0,
        1.717,
        2.421,
        0,
        1.867,
        2.83,
        0,
        2.367,
        -3.754,
        0,
        2.583,
        -2.728,
        0,
        2.783,
        -3.276,
        0,
        3.367,
        3.421,
        0,
        3.583,
        2.578,
        0,
        3.783,
        2.996,
        1,
        3.855,
        2.996,
        3.928,
        2.101,
        4,
        0.977
      ]
    },
    {
      "Target": "Parameter",
      "Id": "ParamTuiRou3",
      "FadeInTime": -1.0,
      "FadeOutTime": -1.0,
      "Segments": [
        0,
        1.386,
        0,
        0.183,
        -0.536,
        0,
        0.383,
        1.287,
        0,
        0.633,
        -1.125,
        0,
        0.867,
        0.525,
        0,
        1.233,
        -2.113,
        0,
        1.533,
        1.301,
        0,
        1.783,
        -0.792,
        0,
        2.1,
        2.144,
        0,
        2.433,
        -0.794,
        0,
        2.683,
        0.825,
        0,
        3.05,
        -1.633,
        0,
        3.45,
        0.534,
        0,
        3.683,
        -0.627,
        1,
        3.789,
        -0.627,
        3.894,
        0.889,
        4,
        1.416
      ]
    },
    {
      "Target": "Parameter",
      "Id": "Param29",
      "FadeInTime": -1.0,
      "FadeOutTime": -1.0,
      "Segments": [
        0,
        0,
        0,
        0.233,
        -0.913,
        0,
        0.533,
        -0.218,
        2,
        0.55,
        -0.218,
        2,
        0.567,
        -0.218,
        0,
        0.683,
        -0.247,
        0,
        1.233,
        1.35,
        0,
        2.183,
        -1.277,
        0,
        3.183,
        1.264,
        1,
        3.455,
        1.264,
        3.728,
        -0.423,
        4,
        -1.042
      ]
    },
    {
      "Target": "Parameter",
      "Id": "Param30",
      "FadeInTime": -1.0,
      "FadeOutTime": -1.0,
      "Segments": [
        0,
        0,
        0,
        0.167,
        0.594,
        0,
        0.417,
        -1.172,
        0,
        0.683,
        -0.15,
        0,
        0.917,
        -0.56,
        0,
        1.417,
        1.441,
        2,
        1.433,
        1.441,
        0,
        1.717,
        0.79,
        0,
        1.867,
        0.916,
        0,
        2.367,
        -1.222,
        0,
        2.583,
        -0.875,
        0,
        2.783,
        -1.041,
        0,
        3.367,
        1.189,
        0,
        3.583,
        0.9,
        2,
        3.6,
        0.9,
        0,
        3.783,
        1.029,
        1,
        3.855,
        1.029,
        3.928,
        0.723,
        4,
        0.338
      ]
    },
    {
      "Target": "Parameter",
      "Id": "ParamQianFa1_1",
      "FadeInTime": -1.0,
      "FadeOutTime": -1.0,
      "Segments": [
        0,
        -0.092,
        0,
        0.033,
        -0.022,
        0,
        0.267,
        -1.916,
        0,
        0.6,
        0.257,
        0,
        0.733,
        0.075,
        0,
        1.2,
        3.525,
        0,
        1.567,
        0.275,
        0,
        1.583,
        0.291,
        0,
        2.1,
        -3.525,
        0,
        3.117,
        3.258,
        1,
        3.411,
        3.258,
        3.706,
        -1.855,
        4,
        -3.047
      ]
    },
    {
      "Target": "Parameter",
      "Id": "ParamQianFa1_2",
      "FadeInTime": -1.0,
      "FadeOutTime": -1.0,
      "Segments": [
        0,
        -0.394,
        0,
        0.033,
        -0.607,
        0,
        0.2,
        0.654,
        0,
        0.483,
        -3.34,
        0,
        0.75,
        -0.782,
        0,
        0.95,
        -1.593,
        0,
        1.417,
        5.511,
        0,
        1.683,
        2.889,
        0,
        1.867,
        3.705,
        0,
        2.333,
        -4.332,
        0,
        2.55,
        -3.269,
        0,
        2.767,
        -4.193,
        0,
        3.367,
        4.054,
        0,
        3.583,
        3.277,
        0,
        3.767,
        3.799,
        1,
        3.845,
        3.799,
        3.922,
        2.585,
        4,
        1.102
      ]
    },
    {
      "Target": "Parameter",
      "Id": "ParamQianFa1_3",
      "FadeInTime": -1.0,
      "FadeOutTime": -1.0,
      "Segments": [
        0,
        1.063,
        0,
        0.167,
        -0.763,
        0,
        0.367,
        1.22,
        0,
        0.6,
        -1.744,
        0,
        0.85,
        0.927,
        0,
        1.167,
        -1.92,
        0,
        1.5,
        2.215,
        0,
        1.767,
        -0.989,
        0,
        2.05,
        2.316,
        0,
        2.383,
        -1.709,
        0,
        2.65,
        0.755,
        0,
        2.95,
        -1.824,
        0,
        3.417,
        1.061,
        0,
        3.683,
        -0.345,
        0,
        3.983,
        1.628,
        1,
        3.989,
        1.628,
        3.994,
        1.624,
        4,
        1.616
      ]
    },
    {
      "Target": "Parameter",
      "Id": "ParamQianFa1_4",
      "FadeInTime": -1.0,
      "FadeOutTime": -1.0,
      "Segments": [
        0,
        2.087,
        0,
        0.05,
        2.774,
        0,
        0.3,
        -1.004,
        0,
        0.483,
        1.033,
        0,
        0.717,
        -2.041,
        0,
        0.967,
        1.403,
        0,
        1.25,
        -2.661,
        0,
        1.583,
        3.079,
        0,
        1.867,
        -1.784,
        0,
        2.15,
        3.176,
        0,
        2.467,
        -2.692,
        0,
        2.75,
        1.476,
        0,
        3.05,
        -2.557,
        0,
        3.467,
        1.427,
        0,
        3.767,
        -0.651,
        1,
        3.845,
        -0.651,
        3.922,
        0.842,
        4,
        1.628
      ]
    },
    {
      "Target": "Parameter",
      "Id": "ParamQianFa2_1",
      "FadeInTime": -1.0,
      "FadeOutTime": -1.0,
      "Segments": [
        0,
        -0.622,
        0,
        0.25,
        -1.898,
        0,
        1.217,
        4.213,
        0,
        1.667,
        -0.111,
        0,
        1.683,
        -0.101,
        0,
        2.133,
        -4.397,
        0,
        2.533,
        -0.734,
        0,
        2.55,
        -0.746,
        0,
        2.567,
        -0.733,
        0,
        2.583,
        -0.742,
        0,
        3.117,
        4.082,
        1,
        3.411,
        4.082,
        3.706,
        -2.261,
        4,
        -3.741
      ]
    },
    {
      "Target": "Parameter",
      "Id": "ParamQianFa2_2",
      "FadeInTime": -1.0,
      "FadeOutTime": -1.0,
      "Segments": [
        0,
        1.1,
        0,
        0.483,
        -2.697,
        0,
        0.783,
        -1.312,
        0,
        0.933,
        -1.508,
        0,
        1.45,
        5.883,
        0,
        1.733,
        2.833,
        0,
        1.917,
        3.658,
        0,
        2.367,
        -4.987,
        0,
        2.617,
        -3.138,
        0,
        2.85,
        -4.309,
        0,
        3.383,
        4.374,
        0,
        3.6,
        3.203,
        0,
        3.817,
        4.011,
        1,
        3.878,
        4.011,
        3.939,
        3.118,
        4,
        1.91
      ]
    },
    {
      "Target": "Parameter",
      "Id": "ParamQianFa2_3",
      "FadeInTime": -1.0,
      "FadeOutTime": -1.0,
      "Segments": [
        0,
        1.852,
        0,
        0.05,
        2.102,
        0,
        0.533,
        -0.887,
        0,
        0.833,
        0.281,
        0,
        1.217,
        -1.767,
        0,
        1.55,
        2.444,
        0,
        1.817,
        -1.001,
        0,
        2.117,
        2.555,
        0,
        2.433,
        -2.247,
        0,
        2.717,
        1.012,
        0,
        3.017,
        -2.283,
        0,
        3.417,
        1.593,
        0,
        3.7,
        -0.606,
        1,
        3.8,
        -0.606,
        3.9,
        1.714,
        4,
        1.958
      ]
    },
    {
      "Target": "Parameter",
      "Id": "ParamQianFa2_4",
      "FadeInTime": -1.0,
      "FadeOutTime": -1.0,
      "Segments": [
        0,
        -0.674,
        0,
        0.15,
        3.644,
        0,
        0.483,
        -1.423,
        0,
        0.917,
        0.469,
        0,
        1.283,
        -2.071,
        0,
        1.633,
        3.145,
        0,
        1.917,
        -1.783,
        0,
        2.2,
        3.404,
        0,
        2.517,
        -3.357,
        0,
        2.817,
        1.918,
        0,
        3.117,
        -3.191,
        0,
        3.483,
        2.4,
        0,
        3.783,
        -1.191,
        1,
        3.855,
        -1.191,
        3.928,
        0.597,
        4,
        1.727
      ]
    },
    {
      "Target": "Parameter",
      "Id": "ParamQianFa3_1",
      "FadeInTime": -1.0,
      "FadeOutTime": -1.0,
      "Segments": [
        0,
        -0.622,
        0,
        0.25,
        -1.898,
        0,
        1.217,
        4.213,
        0,
        1.667,
        -0.111,
        0,
        1.683,
        -0.101,
        0,
        2.133,
        -4.397,
        0,
        2.533,
        -0.734,
        0,
        2.55,
        -0.746,
        0,
        2.567,
        -0.733,
        0,
        2.583,
        -0.742,
        0,
        3.117,
        4.082,
        1,
        3.411,
        4.082,
        3.706,
        -2.261,
        4,
        -3.741
      ]
    },
    {
      "Target": "Parameter",
      "Id": "ParamQianFa3_2",
      "FadeInTime": -1.0,
      "FadeOutTime": -1.0,
      "Segments": [
        0,
        1.1,
        0,
        0.483,
        -2.697,
        0,
        0.783,
        -1.312,
        0,
        0.933,
        -1.508,
        0,
        1.45,
        5.883,
        0,
        1.733,
        2.833,
        0,
        1.917,
        3.658,
        0,
        2.367,
        -4.987,
        0,
        2.617,
        -3.138,
        0,
        2.85,
        -4.309,
        0,
        3.383,
        4.374,
        0,
        3.6,
        3.203,
        0,
        3.817,
        4.011,
        1,
        3.878,
        4.011,
        3.939,
        3.118,
        4,
        1.91
      ]
    },
    {
      "Target": "Parameter",
      "Id": "ParamQianFa3_3",
      "FadeInTime": -1.0,
      "FadeOutTime": -1.0,
      "Segments": [
        0,
        1.852,
        0,
        0.05,
        2.102,
        0,
        0.533,
        -0.887,
        0,
        0.833,
        0.281,
        0,
        1.217,
        -1.767,
        0,
        1.55,
        2.444,
        0,
        1.817,
        -1.001,
        0,
        2.117,
        2.555,
        0,
        2.433,
        -2.247,
        0,
        2.717,
        1.012,
        0,
        3.017,
        -2.283,
        0,
        3.417,
        1.593,
        0,
        3.7,
        -0.606,
        1,
        3.8,
        -0.606,
        3.9,
        1.714,
        4,
        1.958
      ]
    },
    {
      "Target": "Parameter",
      "Id": "ParamQianFa3_4",
      "FadeInTime": -1.0,
      "FadeOutTime": -1.0,
      "Segments": [
        0,
        -0.674,
        0,
        0.15,
        3.644,
        0,
        0.483,
        -1.423,
        0,
        0.917,
        0.469,
        0,
        1.283,
        -2.071,
        0,
        1.633,
        3.145,
        0,
        1.917,
        -1.783,
        0,
        2.2,
        3.404,
        0,
        2.517,
        -3.357,
        0,
        2.817,
        1.918,
        0,
        3.117,
        -3.191,
        0,
        3.483,
        2.4,
        0,
        3.783,
        -1.191,
        1,
        3.855,
        -1.191,
        3.928,
        0.597,
        4,
        1.727
      ]
    },
    {
      "Target": "Parameter",
      "Id": "Param19",
      "FadeInTime": -1.0,
      "FadeOutTime": -1.0,
      "Segments": [
        0,
        0,
        1,
        1.333,
        6.845,
        2.667,
        13.69,
        4,
        20.535
      ]
    },
    {
      "Target": "Parameter",
      "Id": "Param16",
      "FadeInTime": -1.0,
      "FadeOutTime": -1.0,
      "Segments": [
        0,
        0,
        0,
        2.567,
        9,
        1,
        3.045,
        9,
        3.522,
        6.265,
        4,
        3.81
      ]
    },
    {
      "Target": "Parameter",
      "Id": "Param14",
      "FadeInTime": -1.0,
      "FadeOutTime": -1.0,
      "Segments": [
        0,
        0,
        1,
        1.333,
        0.856,
        2.667,
        1.711,
        4,
        2.567
      ]
    },
    {
      "Target": "Parameter",
      "Id": "Param15",
      "FadeInTime": -1.0,
      "FadeOutTime": -1.0,
      "Segments": [
        0,
        0,
        2,
        1.233,
        0,
        0,
        1.3,
        10,
        0,
        1.383,
        8.228,
        0,
        1.45,
        10,
        0,
        1.55,
        7.31,
        1,
        1.578,
        7.31,
        1.605,
        9.944,
        1.633,
        9.948,
        1,
        1.916,
        9.986,
        2.2,
        10,
        2.483,
        10,
        0,
        2.567,
        6.706,
        0,
        2.633,
        10,
        0,
        2.717,
        8.215,
        0,
        2.8,
        9.995,
        1,
        3.161,
        9.999,
        3.522,
        10,
        3.883,
        10,
        0,
        3.967,
        6.706,
        1,
        3.978,
        6.706,
        3.989,
        7.53,
        4,
        8.353
      ]
    },
    {
      "Target": "Parameter",
      "Id": "Param18",
      "FadeInTime": -1.0,
      "FadeOutTime": -1.0,
      "Segments": [
        0,
        5,
        1,
        1.333,
        5.856,
        2.667,
        6.711,
        4,
        7.567
      ]
    },
    {
      "Target": "Parameter",
      "Id": "Param17",
      "FadeInTime": -1.0,
      "FadeOutTime": -1.0,
      "Segments": [
        0,
        0,
        2,
        0.85,
        0,
        0,
        0.917,
        10,
        0,
        1,
        8.228,
        0,
        1.067,
        10,
        0,
        1.167,
        7.31,
        1,
        1.195,
        7.31,
        1.222,
        9.943,
        1.25,
        9.948,
        1,
        1.472,
        9.987,
        1.695,
        10,
        1.917,
        10,
        0,
        2,
        6.706,
        0,
        2.067,
        10,
        0,
        2.15,
        8.215,
        0,
        2.233,
        9.995,
        1,
        2.516,
        9.999,
        2.8,
        10,
        3.083,
        10,
        0,
        3.167,
        6.706,
        0,
        3.233,
        10,
        0,
        3.317,
        8.215,
        0,
        3.4,
        9.995,
        1,
        3.6,
        9.997,
        3.8,
        9.999,
        4,
        9.999
      ]
    },
    {
      "Target": "Parameter",
      "Id": "Param6",
      "FadeInTime": -1.0,
      "FadeOutTime": -1.0,
      "Segments": [
        0,
        2.91,
        0,
        2.583,
        -2.913,
        1,
        3.055,
        -2.913,
        3.528,
        -1.183,
        4,
        0.391
      ]
    },
    {
      "Target": "Parameter",
      "Id": "Param7",
      "FadeInTime": -1.0,
      "FadeOutTime": -1.0,
      "Segments": [
        0,
        2,
        0,
        0.85,
        4.016,
        0,
        3.45,
        -4.016,
        1,
        3.633,
        -4.016,
        3.817,
        -3.657,
        4,
        -3.09
      ]
    },
    {
      "Target": "Parameter",
      "Id": "Param8",
      "FadeInTime": -1.0,
      "FadeOutTime": -1.0,
      "Segments": [
        0,
        -2.32,
        0,
        1.717,
        4.987,
        1,
        2.478,
        4.987,
        3.239,
        -2.705,
        4,
        -4.579
      ]
    },
    {
      "Target": "Parameter",
      "Id": "Param9",
      "FadeInTime": -1.0,
      "FadeOutTime": -1.0,
      "Segments": [
        0,
        -7.74,
        0,
        2.583,
        7.743,
        1,
        3.055,
        7.743,
        3.528,
        3.145,
        4,
        -1.04
      ]
    },
    {
      "Target": "Parameter",
      "Id": "Param12",
      "FadeInTime": -1.0,
      "FadeOutTime": -1.0,
      "Segments": [
        0,
        0,
        1,
        1.333,
        0.856,
        2.667,
        1.711,
        4,
        2.567
      ]
    },
    {
      "Target": "Parameter",
      "Id": "Param13",
      "FadeInTime": -1.0,
      "FadeOutTime": -1.0,
      "Segments": [
        0,
        5,
        1,
        1.333,
        5.856,
        2.667,
        6.711,
        4,
        7.567
      ]
    },
    {
      "Target": "Parameter",
      "Id": "MB_wutixialuoxunhuan",
      "FadeInTime": -1.0,
      "FadeOutTime": -1.0,
      "Segments": [
        0,
        0,
        1,
        1.333,
        0.257,
        2.667,
        0.513,
        4,
        0.77
      ]
    },
    {
      "Target": "Parameter",
      "Id": "MB_wutixialuojiaodu",
      "FadeInTime": -1.0,
      "FadeOutTime": -1.0,
      "Segments": [
        0,
        0,
        1,
        1.333,
        0.344,
        2.667,
        0.688,
        4,
        1.032
      ]
    },
    {
      "Target": "Parameter",
      "Id": "MB_Awutifanzhuan",
      "FadeInTime": -1.0,
      "FadeOutTime": -1.0,
      "Segments": [
        0,
        0,
        0,
        1.8,
        1,
        0,
        3.783,
        0,
        1,
        3.855,
        0,
        3.928,
        0.012,
        4,
        0.033
      ]
    },
    {
      "Target": "Parameter",
      "Id": "MB_Awutidaxiao",
      "FadeInTime": -1.0,
      "FadeOutTime": -1.0,
      "Segments": [
        0,
        0,
        0,
        3.783,
        0.1,
        1,
        3.855,
        0.1,
        3.928,
        0.1,
        4,
        0.099
      ]
    },
    {
      "Target": "Parameter",
      "Id": "MB_Awutijiaodu",
      "FadeInTime": -1.0,
      "FadeOutTime": -1.0,
      "Segments": [
        0,
        1,
        0,
        3.783,
        0.307,
        1,
        3.855,
        0.307,
        3.928,
        0.309,
        4,
        0.313
      ]
    },
    {
      "Target": "Parameter",
      "Id": "MB_Bwutifanzhuan",
      "FadeInTime": -1.0,
      "FadeOutTime": -1.0,
      "Segments": [
        0,
        1,
        0,
        3.783,
        -1,
        1,
        3.855,
        -1,
        3.928,
        -0.994,
        4,
        -0.983
      ]
    },
    {
      "Target": "Parameter",
      "Id": "MB_Bwutidaxiao",
      "FadeInTime": -1.0,
      "FadeOutTime": -1.0,
      "Segments": [
        0,
        0,
        0,
        3.783,
        0.1,
        1,
        3.855,
        0.1,
        3.928,
        0.1,
        4,
        0.099
      ]
    },
    {
      "Target": "Parameter",
      "Id": "MB_Bwutijiaodu",
      "FadeInTime": -1.0,
      "FadeOutTime": -1.0,
      "Segments": [
        0,
        0,
        0,
        1.833,
        1,
        1,
        2.483,
        1,
        3.133,
        0.658,
        3.783,
        0,
        1,
        3.855,
        -0.073,
        3.928,
        -0.142,
        4,
        -0.207
      ]
    },
    {
      "Target": "Parameter",
      "Id": "MB_Cwutifanzhuan",
      "FadeInTime": -1.0,
      "FadeOutTime": -1.0,
      "Segments": [
        0,
        0,
        0,
        1.833,
        1,
        1,
        2.483,
        1,
        3.133,
        0.658,
        3.783,
        0,
        1,
        3.855,
        -0.073,
        3.928,
        -0.142,
        4,
        -0.207
      ]
    },
    {
      "Target": "Parameter",
      "Id": "MB_Cwutidaxiao",
      "FadeInTime": -1.0,
      "FadeOutTime": -1.0,
      "Segments": [
        0,
        0,
        0,
        3.783,
        -0.1,
        1,
        3.855,
        -0.1,
        3.928,
        -0.1,
        4,
        -0.099
      ]
    },
    {
      "Target": "Parameter",
      "Id": "MB_Cwutijiaodu",
      "FadeInTime": -1.0,
      "FadeOutTime": -1.0,
      "Segments": [
        0,
        -1,
        0,
        3.783,
        -0.142,
        1,
        3.855,
        -0.142,
        3.928,
        -0.145,
        4,
        -0.149
      ]
    },
    {
      "Target": "Parameter",
      "Id": "Param_Angle_Rotation_1_ArtMesh186",
      "FadeInTime": -1.0,
      "FadeOutTime": -1.0,
      "Segments": [
        0,
        0.99,
        0,
        2.583,
        -0.992,
        1,
        3.055,
        -0.992,
        3.528,
        -0.403,
        4,
        0.133
      ]
    },
    {
      "Target": "Parameter",
      "Id": "Param_Angle_Rotation_2_ArtMesh186",
      "FadeInTime": -1.0,
      "FadeOutTime": -1.0,
      "Segments": [
        0,
        0.91,
        0,
        0.3,
        0.992,
        0,
        2.9,
        -0.992,
        1,
        3.267,
        -0.992,
        3.633,
        -0.637,
        4,
        -0.227
      ]
    },
    {
      "Target": "Parameter",
      "Id": "Param_Angle_Rotation_3_ArtMesh186",
      "FadeInTime": -1.0,
      "FadeOutTime": -1.0,
      "Segments": [
        0,
        0.68,
        0,
        0.633,
        0.992,
        0,
        3.233,
        -0.992,
        1,
        3.489,
        -0.992,
        3.744,
        -0.819,
        4,
        -0.576
      ]
    },
    {
      "Target": "Parameter",
      "Id": "Param_Angle_Rotation_4_ArtMesh186",
      "FadeInTime": -1.0,
      "FadeOutTime": -1.0,
      "Segments": [
        0,
        0.38,
        0,
        0.95,
        1.016,
        0,
        3.55,
        -1.016,
        1,
        3.7,
        -1.016,
        3.85,
        -0.955,
        4,
        -0.854
      ]
    },
    {
      "Target": "Parameter",
      "Id": "Param_Angle_Rotation_5_ArtMesh186",
      "FadeInTime": -1.0,
      "FadeOutTime": -1.0,
      "Segments": [
        0,
        0,
        0,
        1.283,
        1.016,
        0,
        3.883,
        -1.016,
        1,
        3.922,
        -1.016,
        3.961,
        -1.012,
        4,
        -1.004
      ]
    },
    {
      "Target": "Parameter",
      "Id": "Param_Angle_Rotation_6_ArtMesh186",
      "FadeInTime": -1.0,
      "FadeOutTime": -1.0,
      "Segments": [
        0,
        -0.36,
        0,
        1.6,
        1.016,
        1,
        2.4,
        1.016,
        3.2,
        -0.715,
        4,
        -0.982
      ]
    },
    {
      "Target": "Parameter",
      "Id": "Param_Angle_Rotation_7_ArtMesh186",
      "FadeInTime": -1.0,
      "FadeOutTime": -1.0,
      "Segments": [
        0,
        -0.7,
        0,
        1.933,
        1.016,
        1,
        2.622,
        1.016,
        3.311,
        -0.268,
        4,
        -0.795
      ]
    },
    {
      "Target": "Parameter",
      "Id": "Param_Angle_Rotation_8_ArtMesh186",
      "FadeInTime": -1.0,
      "FadeOutTime": -1.0,
      "Segments": [
        0,
        -0.92,
        0,
        2.25,
        1.016,
        1,
        2.833,
        1.016,
        3.417,
        0.095,
        4,
        -0.506
      ]
    },
    {
      "Target": "Parameter",
      "Id": "Param_Angle_Rotation_9_ArtMesh186",
      "FadeInTime": -1.0,
      "FadeOutTime": -1.0,
      "Segments": [
        0,
        -1.02,
        0,
        2.583,
        1.016,
        1,
        3.055,
        1.016,
        3.528,
        0.413,
        4,
        -0.136
      ]
    },
    {
      "Target": "Parameter",
      "Id": "Param_Angle_Rotation_10_ArtMesh186",
      "FadeInTime": -1.0,
      "FadeOutTime": -1.0,
      "Segments": [
        0,
        -0.93,
        0,
        0.3,
        -1.016,
        0,
        2.9,
        1.016,
        1,
        3.267,
        1.016,
        3.633,
        0.652,
        4,
        0.233
      ]
    },
    {
      "Target": "Parameter",
      "Id": "Param_Angle_Rotation_11_ArtMesh186",
      "FadeInTime": -1.0,
      "FadeOutTime": -1.0,
      "Segments": [
        0,
        -2.06,
        0,
        0.633,
        -3,
        0,
        3.233,
        3,
        1,
        3.489,
        3,
        3.744,
        2.478,
        4,
        1.743
      ]
    },
    {
      "Target": "Parameter",
      "Id": "Param_Angle_Rotation_12_ArtMesh186",
      "FadeInTime": -1.0,
      "FadeOutTime": -1.0,
      "Segments": [
        0,
        -1.13,
        0,
        0.95,
        -3,
        0,
        3.55,
        3,
        1,
        3.7,
        3,
        3.85,
        2.82,
        4,
        2.523
      ]
    },
    {
      "Target": "Parameter",
      "Id": "Param_Angle_Rotation_13_ArtMesh186",
      "FadeInTime": -1.0,
      "FadeOutTime": -1.0,
      "Segments": [
        0,
        0,
        0,
        1.283,
        -3,
        0,
        3.883,
        3,
        1,
        3.922,
        3,
        3.961,
        2.988,
        4,
        2.965
      ]
    },
    {
      "Target": "Parameter",
      "Id": "Param_Angle_Rotation_14_ArtMesh186",
      "FadeInTime": -1.0,
      "FadeOutTime": -1.0,
      "Segments": [
        0,
        1.08,
        0,
        1.6,
        -3,
        1,
        2.4,
        -3,
        3.2,
        2.112,
        4,
        2.899
      ]
    },
    {
      "Target": "Parameter",
      "Id": "Param_Angle_Rotation_15_ArtMesh186",
      "FadeInTime": -1.0,
      "FadeOutTime": -1.0,
      "Segments": [
        0,
        2.06,
        0,
        1.933,
        -3,
        1,
        2.622,
        -3,
        3.311,
        0.791,
        4,
        2.346
      ]
    },
    {
      "Target": "Parameter",
      "Id": "Param_Angle_Rotation_1_ArtMesh187",
      "FadeInTime": -1.0,
      "FadeOutTime": -1.0,
      "Segments": [
        0,
        -0.99,
        0,
        2.583,
        0.992,
        1,
        3.055,
        0.992,
        3.528,
        0.403,
        4,
        -0.133
      ]
    },
    {
      "Target": "Parameter",
      "Id": "Param_Angle_Rotation_2_ArtMesh187",
      "FadeInTime": -1.0,
      "FadeOutTime": -1.0,
      "Segments": [
        0,
        -0.91,
        0,
        0.3,
        -0.992,
        0,
        2.9,
        0.992,
        1,
        3.267,
        0.992,
        3.633,
        0.637,
        4,
        0.227
      ]
    },
    {
      "Target": "Parameter",
      "Id": "Param_Angle_Rotation_3_ArtMesh187",
      "FadeInTime": -1.0,
      "FadeOutTime": -1.0,
      "Segments": [
        0,
        -0.68,
        0,
        0.633,
        -0.992,
        0,
        3.233,
        0.992,
        1,
        3.489,
        0.992,
        3.744,
        0.819,
        4,
        0.576
      ]
    },
    {
      "Target": "Parameter",
      "Id": "Param_Angle_Rotation_4_ArtMesh187",
      "FadeInTime": -1.0,
      "FadeOutTime": -1.0,
      "Segments": [
        0,
        -0.38,
        0,
        0.95,
        -1.016,
        0,
        3.55,
        1.016,
        1,
        3.7,
        1.016,
        3.85,
        0.955,
        4,
        0.854
      ]
    },
    {
      "Target": "Parameter",
      "Id": "Param_Angle_Rotation_5_ArtMesh187",
      "FadeInTime": -1.0,
      "FadeOutTime": -1.0,
      "Segments": [
        0,
        0,
        0,
        1.283,
        -1.016,
        0,
        3.883,
        1.016,
        1,
        3.922,
        1.016,
        3.961,
        1.012,
        4,
        1.004
      ]
    },
    {
      "Target": "Parameter",
      "Id": "Param_Angle_Rotation_6_ArtMesh187",
      "FadeInTime": -1.0,
      "FadeOutTime": -1.0,
      "Segments": [
        0,
        0.36,
        0,
        1.6,
        -1.016,
        1,
        2.4,
        -1.016,
        3.2,
        0.715,
        4,
        0.982
      ]
    },
    {
      "Target": "Parameter",
      "Id": "Param_Angle_Rotation_7_ArtMesh187",
      "FadeInTime": -1.0,
      "FadeOutTime": -1.0,
      "Segments": [
        0,
        0.7,
        0,
        1.933,
        -1.016,
        1,
        2.622,
        -1.016,
        3.311,
        0.268,
        4,
        0.795
      ]
    },
    {
      "Target": "Parameter",
      "Id": "Param_Angle_Rotation_8_ArtMesh187",
      "FadeInTime": -1.0,
      "FadeOutTime": -1.0,
      "Segments": [
        0,
        0.92,
        0,
        2.25,
        -1.016,
        1,
        2.833,
        -1.016,
        3.417,
        -0.095,
        4,
        0.506
      ]
    },
    {
      "Target": "Parameter",
      "Id": "Param_Angle_Rotation_9_ArtMesh187",
      "FadeInTime": -1.0,
      "FadeOutTime": -1.0,
      "Segments": [
        0,
        1.02,
        0,
        2.583,
        -1.016,
        1,
        3.055,
        -1.016,
        3.528,
        -0.413,
        4,
        0.136
      ]
    },
    {
      "Target": "Parameter",
      "Id": "Param_Angle_Rotation_10_ArtMesh187",
      "FadeInTime": -1.0,
      "FadeOutTime": -1.0,
      "Segments": [
        0,
        0.93,
        0,
        0.3,
        1.016,
        0,
        2.9,
        -1.016,
        1,
        3.267,
        -1.016,
        3.633,
        -0.652,
        4,
        -0.233
      ]
    },
    {
      "Target": "Parameter",
      "Id": "Param_Angle_Rotation_11_ArtMesh187",
      "FadeInTime": -1.0,
      "FadeOutTime": -1.0,
      "Segments": [
        0,
        2.06,
        0,
        0.633,
        3,
        0,
        3.233,
        -3,
        1,
        3.489,
        -3,
        3.744,
        -2.478,
        4,
        -1.743
      ]
    },
    {
      "Target": "Parameter",
      "Id": "Param_Angle_Rotation_12_ArtMesh187",
      "FadeInTime": -1.0,
      "FadeOutTime": -1.0,
      "Segments": [
        0,
        1.13,
        0,
        0.95,
        3,
        0,
        3.55,
        -3,
        1,
        3.7,
        -3,
        3.85,
        -2.82,
        4,
        -2.523
      ]
    },
    {
      "Target": "Parameter",
      "Id": "Param_Angle_Rotation_13_ArtMesh187",
      "FadeInTime": -1.0,
      "FadeOutTime": -1.0,
      "Segments": [
        0,
        0,
        0,
        1.283,
        3,
        0,
        3.883,
        -3,
        1,
        3.922,
        -3,
        3.961,
        -2.988,
        4,
        -2.965
      ]
    },
    {
      "Target": "Parameter",
      "Id": "Param_Angle_Rotation_14_ArtMesh187",
      "FadeInTime": -1.0,
      "FadeOutTime": -1.0,
      "Segments": [
        0,
        -1.08,
        0,
        1.6,
        3,
        1,
        2.4,
        3,
        3.2,
        -2.112,
        4,
        -2.899
      ]
    },
    {
      "Target": "Parameter",
      "Id": "Param_Angle_Rotation_15_ArtMesh187",
      "FadeInTime": -1.0,
      "FadeOutTime": -1.0,
      "Segments": [
        0,
        -2.06,
        0,
        1.933,
        3,
        1,
        2.622,
        3,
        3.311,
        -0.791,
        4,
        -2.346
      ]
    },
    {
      "Target": "Parameter",
      "Id": "Param_Angle_Rotation_1_ArtMesh188",
      "FadeInTime": -1.0,
      "FadeOutTime": -1.0,
      "Segments": [
        0,
        -3,
        0,
        3.85,
        3,
        1,
        3.9,
        3,
        3.95,
        2.991,
        4,
        2.974
      ]
    },
    {
      "Target": "Parameter",
      "Id": "Param_Angle_Rotation_2_ArtMesh188",
      "FadeInTime": -1.0,
      "FadeOutTime": -1.0,
      "Segments": [
        0,
        -2.6,
        0,
        0.617,
        -3,
        1,
        1.745,
        -3,
        2.872,
        1.554,
        4,
        2.727
      ]
    },
    {
      "Target": "Parameter",
      "Id": "Param_Angle_Rotation_3_ArtMesh188",
      "FadeInTime": -1.0,
      "FadeOutTime": -1.0,
      "Segments": [
        0,
        -2.99,
        0,
        1.25,
        -5.277,
        1,
        2.167,
        -5.277,
        3.083,
        -0.625,
        4,
        2.118
      ]
    },
    {
      "Target": "Parameter",
      "Id": "Param_Angle_Rotation_4_ArtMesh188",
      "FadeInTime": -1.0,
      "FadeOutTime": -1.0,
      "Segments": [
        0,
        -0.75,
        0,
        1.9,
        -5.277,
        1,
        2.6,
        -5.277,
        3.3,
        -2.564,
        4,
        -0.06
      ]
    },
    {
      "Target": "Parameter",
      "Id": "Param_Angle_Rotation_5_ArtMesh188",
      "FadeInTime": -1.0,
      "FadeOutTime": -1.0,
      "Segments": [
        0,
        1.53,
        0,
        2.55,
        -5.277,
        1,
        3.033,
        -5.277,
        3.517,
        -3.973,
        4,
        -2.338
      ]
    },
    {
      "Target": "Parameter",
      "Id": "Param_Angle_Rotation_6_ArtMesh188",
      "FadeInTime": -1.0,
      "FadeOutTime": -1.0,
      "Segments": [
        0,
        5.97,
        0,
        3.2,
        -6.356,
        1,
        3.467,
        -6.356,
        3.733,
        -5.786,
        4,
        -4.881
      ]
    },
    {
      "Target": "Parameter",
      "Id": "Param_Angle_Rotation_7_ArtMesh188",
      "FadeInTime": -1.0,
      "FadeOutTime": -1.0,
      "Segments": [
        0,
        7.07,
        0,
        3.85,
        -6.356,
        1,
        3.9,
        -6.356,
        3.95,
        -6.336,
        4,
        -6.297
      ]
    },
    {
      "Target": "Parameter",
      "Id": "Param_Angle_Rotation_8_ArtMesh188",
      "FadeInTime": -1.0,
      "FadeOutTime": -1.0,
      "Segments": [
        0,
        6.17,
        0,
        0.617,
        7.075,
        1,
        1.745,
        7.075,
        2.872,
        -3.12,
        4,
        -5.745
      ]
    },
    {
      "Target": "Parameter",
      "Id": "Param_Angle_Rotation_9_ArtMesh188",
      "FadeInTime": -1.0,
      "FadeOutTime": -1.0,
      "Segments": [
        0,
        3.96,
        0,
        1.25,
        7.913,
        1,
        2.167,
        7.913,
        3.083,
        -0.135,
        4,
        -4.881
      ]
    },
    {
      "Target": "Parameter",
      "Id": "Param_Angle_Rotation_10_ArtMesh188",
      "FadeInTime": -1.0,
      "FadeOutTime": -1.0,
      "Segments": [
        0,
        0.08,
        0,
        1.9,
        7.913,
        1,
        2.6,
        7.913,
        3.3,
        3.22,
        4,
        -1.112
      ]
    },
    {
      "Target": "Parameter",
      "Id": "Param_Angle_Rotation_11_ArtMesh188",
      "FadeInTime": -1.0,
      "FadeOutTime": -1.0,
      "Segments": [
        0,
        -3.86,
        0,
        2.55,
        7.913,
        1,
        3.033,
        7.913,
        3.517,
        5.656,
        4,
        2.828
      ]
    },
    {
      "Target": "Parameter",
      "Id": "Param_Angle_Rotation_12_ArtMesh188",
      "FadeInTime": -1.0,
      "FadeOutTime": -1.0,
      "Segments": [
        0,
        -8.59,
        0,
        3.2,
        9.351,
        1,
        3.467,
        9.351,
        3.733,
        8.522,
        4,
        7.205
      ]
    },
    {
      "Target": "Parameter",
      "Id": "Param_Angle_Rotation_13_ArtMesh188",
      "FadeInTime": -1.0,
      "FadeOutTime": -1.0,
      "Segments": [
        0,
        -10.19,
        0,
        3.867,
        9.351,
        1,
        3.911,
        9.351,
        3.956,
        9.328,
        4,
        9.283
      ]
    },
    {
      "Target": "Parameter",
      "Id": "Param_Angle_Rotation_14_ArtMesh188",
      "FadeInTime": -1.0,
      "FadeOutTime": -1.0,
      "Segments": [
        0,
        -8.87,
        0,
        0.617,
        -10.19,
        1,
        1.745,
        -10.19,
        2.872,
        4.516,
        4,
        8.413
      ]
    },
    {
      "Target": "Parameter",
      "Id": "Param_Angle_Rotation_15_ArtMesh188",
      "FadeInTime": -1.0,
      "FadeOutTime": -1.0,
      "Segments": [
        0,
        -5.39,
        0,
        1.25,
        -10.19,
        1,
        2.167,
        -10.19,
        3.083,
        -0.557,
        4,
        5.182
      ]
    },
    {
      "Target": "Parameter",
      "Id": "Param_Angle_Rotation_16_ArtMesh188",
      "FadeInTime": -1.0,
      "FadeOutTime": -1.0,
      "Segments": [
        0,
        -0.67,
        0,
        1.9,
        -10.19,
        1,
        2.6,
        -10.19,
        3.3,
        -4.572,
        4,
        0.639
      ]
    },
    {
      "Target": "Parameter",
      "Id": "Paramring",
      "FadeInTime": -1.0,
      "FadeOutTime": -1.0,
      "Segments": [
        0,
        0,
        0,
        4,
        0
      ]
    },
    {
      "Target": "Parameter",
      "Id": "touch_drag1",
      "FadeInTime": -1.0,
      "FadeOutTime": -1.0,
      "Segments": [
        0,
        0,
        0,
        4,
        0
      ]
    },
    {
      "Target": "Parameter",
      "Id": "touch_drag2",
      "FadeInTime": -1.0,
      "FadeOutTime": -1.0,
      "Segments": [
        0,
        0,
        0,
        4,
        0
      ]
    },
    {
      "Target": "Parameter",
      "Id": "touch_drag3",
      "FadeInTime": -1.0,
      "FadeOutTime": -1.0,
      "Segments": [
        0,
        0,
        0,
        4,
        0
      ]
    },
    {
      "Target": "Parameter",
      "Id": "ParamHeikuang",
      "FadeInTime": -1.0,
      "FadeOutTime": -1.0,
      "Segments": [
        0,
        0,
        0,
        4,
        0
      ]
    },
    {
      "Target": "Parameter",
      "Id": "ParamBaise",
      "FadeInTime": -1.0,
      "FadeOutTime": -1.0,
      "Segments": [
        0,
        0,
        0,
        4,
        0
      ]
    },
    {
      "Target": "Parameter",
      "Id": "ParamHeise",
      "FadeInTime": -1.0,
      "FadeOutTime": -1.0,
      "Segments": [
        0,
        0,
        0,
        4,
        0
      ]
    },
    {
      "Target": "Parameter",
      "Id": "ParamALLX",
      "FadeInTime": -1.0,
      "FadeOutTime": -1.0,
      "Segments": [
        0,
        -1.276,
        0,
        4,
        -1.276
      ]
    },
    {
      "Target": "Parameter",
      "Id": "ParamALLY",
      "FadeInTime": -1.0,
      "FadeOutTime": -1.0,
      "Segments": [
        0,
        1.851,
        0,
        4,
        1.851
      ]
    },
    {
      "Target": "Parameter",
      "Id": "ParamALLZ",
      "FadeInTime": -1.0,
      "FadeOutTime": -1.0,
      "Segments": [
        0,
        0,
        0,
        4,
        0
      ]
    },
    {
      "Target": "Parameter",
      "Id": "ParamALLS",
      "FadeInTime": -1.0,
      "FadeOutTime": -1.0,
      "Segments": [
        0,
        -2.5,
        0,
        4,
        -2.5
      ]
    },
    {
      "Target": "Parameter",
      "Id": "ParamRenwuX8",
      "FadeInTime": -1.0,
      "FadeOutTime": -1.0,
      "Segments": [
        0,
        10,
        0,
        4,
        10
      ]
    },
    {
      "Target": "Parameter",
      "Id": "ParamRenwuX5",
      "FadeInTime": -1.0,
      "FadeOutTime": -1.0,
      "Segments": [
        0,
        5.28,
        0,
        4,
        5.28
      ]
    },
    {
      "Target": "Parameter",
      "Id": "ParamRenwuX6",
      "FadeInTime": -1.0,
      "FadeOutTime": -1.0,
      "Segments": [
        0,
        -0.329,
        0,
        4,
        -0.329
      ]
    },
    {
      "Target": "Parameter",
      "Id": "ParamRenwuX9",
      "FadeInTime": -1.0,
      "FadeOutTime": -1.0,
      "Segments": [
        0,
        0,
        0,
        4,
        0
      ]
    },
    {
      "Target": "Parameter",
      "Id": "ParamRenwuX2",
      "FadeInTime": -1.0,
      "FadeOutTime": -1.0,
      "Segments": [
        0,
        0,
        0,
        4,
        0
      ]
    },
    {
      "Target": "Parameter",
      "Id": "ParamRenwuX3",
      "FadeInTime": -1.0,
      "FadeOutTime": -1.0,
      "Segments": [
        0,
        -1.677,
        0,
        4,
        -1.677
      ]
    },
    {
      "Target": "Parameter",
      "Id": "ParamRenwuX7",
      "FadeInTime": -1.0,
      "FadeOutTime": -1.0,
      "Segments": [
        0,
        0.974,
        0,
        4,
        0.974
      ]
    },
    {
      "Target": "Parameter",
      "Id": "ParamRenwu",
      "FadeInTime": -1.0,
      "FadeOutTime": -1.0,
      "Segments": [
        0,
        1,
        0,
        4,
        1
      ]
    },
    {
      "Target": "Parameter",
      "Id": "ParamRenwuX",
      "FadeInTime": -1.0,
      "FadeOutTime": -1.0,
      "Segments": [
        0,
        -3,
        0,
        4,
        -3
      ]
    },
    {
      "Target": "Parameter",
      "Id": "ParamRenwuY",
      "FadeInTime": -1.0,
      "FadeOutTime": -1.0,
      "Segments": [
        0,
        -3.54,
        0,
        4,
        -3.54
      ]
    },
    {
      "Target": "Parameter",
      "Id": "ParamRenwuS",
      "FadeInTime": -1.0,
      "FadeOutTime": -1.0,
      "Segments": [
        0,
        0,
        0,
        4,
        0
      ]
    },
    {
      "Target": "Parameter",
      "Id": "ParamBeijing",
      "FadeInTime": -1.0,
      "FadeOutTime": -1.0,
      "Segments": [
        0,
        1,
        0,
        4,
        1
      ]
    },
    {
      "Target": "Parameter",
      "Id": "ParamBeijingX",
      "FadeInTime": -1.0,
      "FadeOutTime": -1.0,
      "Segments": [
        0,
        0,
        0,
        4,
        0
      ]
    },
    {
      "Target": "Parameter",
      "Id": "ParamBeijingY",
      "FadeInTime": -1.0,
      "FadeOutTime": -1.0,
      "Segments": [
        0,
        0,
        0,
        4,
        0
      ]
    },
    {
      "Target": "Parameter",
      "Id": "ParamBeijingZ",
      "FadeInTime": -1.0,
      "FadeOutTime": -1.0,
      "Segments": [
        0,
        0,
        0,
        4,
        0
      ]
    },
    {
      "Target": "Parameter",
      "Id": "ParamBeijingS",
      "FadeInTime": -1.0,
      "FadeOutTime": -1.0,
      "Segments": [
        0,
        0,
        0,
        4,
        0
      ]
    },
    {
      "Target": "Parameter",
      "Id": "ParamEyeLSmile",
      "FadeInTime": -1.0,
      "FadeOutTime": -1.0,
      "Segments": [
        0,
        0,
        0,
        4,
        0
      ]
    },
    {
      "Target": "Parameter",
      "Id": "ParamEyeRSmile",
      "FadeInTime": -1.0,
      "FadeOutTime": -1.0,
      "Segments": [
        0,
        0,
        0,
        4,
        0
      ]
    },
    {
      "Target": "Parameter",
      "Id": "ParamEyeBallX",
      "FadeInTime": -1.0,
      "FadeOutTime": -1.0,
      "Segments": [
        0,
        0,
        0,
        4,
        0
      ]
    },
    {
      "Target": "Parameter",
      "Id": "ParamEyeBallY",
      "FadeInTime": -1.0,
      "FadeOutTime": -1.0,
      "Segments": [
        0,
        0,
        0,
        4,
        0
      ]
    },
    {
      "Target": "Parameter",
      "Id": "ParamBrowRY",
      "FadeInTime": -1.0,
      "FadeOutTime": -1.0,
      "Segments": [
        0,
        0,
        0,
        4,
        0
      ]
    },
    {
      "Target": "Parameter",
      "Id": "ParamBrowRForm",
      "FadeInTime": -1.0,
      "FadeOutTime": -1.0,
      "Segments": [
        0,
        0,
        0,
        4,
        0
      ]
    },
    {
      "Target": "Parameter",
      "Id": "ParamBrowLY",
      "FadeInTime": -1.0,
      "FadeOutTime": -1.0,
      "Segments": [
        0,
        0,
        0,
        4,
        0
      ]
    },
    {
      "Target": "Parameter",
      "Id": "ParamBrowLForm",
      "FadeInTime": -1.0,
      "FadeOutTime": -1.0,
      "Segments": [
        0,
        0,
        0,
        4,
        0
      ]
    },
    {
      "Target": "Parameter",
      "Id": "Param4",
      "FadeInTime": -1.0,
      "FadeOutTime": -1.0,
      "Segments": [
        0,
        0,
        0,
        4,
        0
      ]
    },
    {
      "Target": "Parameter",
      "Id": "ParamMouthForm",
      "FadeInTime": -1.0,
      "FadeOutTime": -1.0,
      "Segments": [
        0,
        0,
        0,
        4,
        0
      ]
    },
    {
      "Target": "Parameter",
      "Id": "ParamMouthOpenY",
      "FadeInTime": -1.0,
      "FadeOutTime": -1.0,
      "Segments": [
        0,
        0,
        0,
        4,
        0
      ]
    },
    {
      "Target": "Parameter",
      "Id": "ParamMouthS",
      "FadeInTime": -1.0,
      "FadeOutTime": -1.0,
      "Segments": [
        0,
        0,
        0,
        4,
        0
      ]
    },
    {
      "Target": "Parameter",
      "Id": "ParamEyeGaoguang",
      "FadeInTime": -1.0,
      "FadeOutTime": -1.0,
      "Segments": [
        0,
        0,
        0,
        4,
        0
      ]
    },
    {
      "Target": "Parameter",
      "Id": "ParamCheek",
      "FadeInTime": -1.0,
      "FadeOutTime": -1.0,
      "Segments": [
        0,
        0,
        0,
        4,
        0
      ]
    },
    {
      "Target": "Parameter",
      "Id": "Param28",
      "FadeInTime": -1.0,
      "FadeOutTime": -1.0,
      "Segments": [
        0,
        10,
        0,
        4,
        10
      ]
    },
    {
      "Target": "Parameter",
      "Id": "Param87",
      "FadeInTime": -1.0,
      "FadeOutTime": -1.0,
      "Segments": [
        0,
        0,
        0,
        4,
        0
      ]
    },
    {
      "Target": "Parameter",
      "Id": "Param86",
      "FadeInTime": -1.0,
      "FadeOutTime": -1.0,
      "Segments": [
        0,
        5,
        0,
        4,
        5
      ]
    },
    {
      "Target": "Parameter",
      "Id": "Param97",
      "FadeInTime": -1.0,
      "FadeOutTime": -1.0,
      "Segments": [
        0,
        0,
        0,
        4,
        0
      ]
    },
    {
      "Target": "Parameter",
      "Id": "Param31",
      "FadeInTime": -1.0,
      "FadeOutTime": -1.0,
      "Segments": [
        0,
        0,
        0,
        4,
        0
      ]
    },
    {
      "Target": "Parameter",
      "Id": "ParamBodyAngleUD",
      "FadeInTime": -1.0,
      "FadeOutTime": -1.0,
      "Segments": [
        0,
        0,
        0,
        4,
        0
      ]
    },
    {
      "Target": "Parameter",
      "Id": "ParamBodyAngleZ3",
      "FadeInTime": -1.0,
      "FadeOutTime": -1.0,
      "Segments": [
        0,
        0,
        0,
        4,
        0
      ]
    },
    {
      "Target": "Parameter",
      "Id": "ParamBodyAngleX2",
      "FadeInTime": -1.0,
      "FadeOutTime": -1.0,
      "Segments": [
        0,
        0,
        0,
        4,
        0
      ]
    },
    {
      "Target": "Parameter",
      "Id": "ParamBreath",
      "FadeInTime": -1.0,
      "FadeOutTime": -1.0,
      "Segments": [
        0,
        0,
        0,
        4,
        0
      ]
    },
    {
      "Target": "Parameter",
      "Id": "ParamBodyAngleY",
      "FadeInTime": -1.0,
      "FadeOutTime": -1.0,
      "Segments": [
        0,
        0,
        0,
        4,
        0
      ]
    },
    {
      "Target": "Parameter",
      "Id": "Param45",
      "FadeInTime": -1.0,
      "FadeOutTime": -1.0,
      "Segments": [
        0,
        -3,
        0,
        4,
        -3
      ]
    },
    {
      "Target": "Parameter",
      "Id": "Param46",
      "FadeInTime": -1.0,
      "FadeOutTime": -1.0,
      "Segments": [
        0,
        3,
        0,
        4,
        3
      ]
    },
    {
      "Target": "Parameter",
      "Id": "Param57",
      "FadeInTime": -1.0,
      "FadeOutTime": -1.0,
      "Segments": [
        0,
        0,
        0,
        4,
        0
      ]
    },
    {
      "Target": "Parameter",
      "Id": "ParamA1zuoshoutuozhanxingbian",
      "FadeInTime": -1.0,
      "FadeOutTime": -1.0,
      "Segments": [
        0,
        0,
        0,
        4,
        0
      ]
    },
    {
      "Target": "Parameter",
      "Id": "Param47",
      "FadeInTime": -1.0,
      "FadeOutTime": -1.0,
      "Segments": [
        0,
        0,
        0,
        4,
        0
      ]
    },
    {
      "Target": "Parameter",
      "Id": "Param48",
      "FadeInTime": -1.0,
      "FadeOutTime": -1.0,
      "Segments": [
        0,
        0,
        0,
        4,
        0
      ]
    },
    {
      "Target": "Parameter",
      "Id": "Param49",
      "FadeInTime": -1.0,
      "FadeOutTime": -1.0,
      "Segments": [
        0,
        0,
        0,
        4,
        0
      ]
    },
    {
      "Target": "Parameter",
      "Id": "Param66",
      "FadeInTime": -1.0,
      "FadeOutTime": -1.0,
      "Segments": [
        0,
        0,
        0,
        4,
        0
      ]
    },
    {
      "Target": "Parameter",
      "Id": "Param67",
      "FadeInTime": -1.0,
      "FadeOutTime": -1.0,
      "Segments": [
        0,
        0,
        0,
        4,
        0
      ]
    },
    {
      "Target": "Parameter",
      "Id": "Param68",
      "FadeInTime": -1.0,
      "FadeOutTime": -1.0,
      "Segments": [
        0,
        0,
        0,
        4,
        0
      ]
    },
    {
      "Target": "Parameter",
      "Id": "Param69",
      "FadeInTime": -1.0,
      "FadeOutTime": -1.0,
      "Segments": [
        0,
        0,
        0,
        4,
        0
      ]
    },
    {
      "Target": "Parameter",
      "Id": "Param50",
      "FadeInTime": -1.0,
      "FadeOutTime": -1.0,
      "Segments": [
        0,
        1,
        0,
        4,
        1
      ]
    },
    {
      "Target": "Parameter",
      "Id": "Param51",
      "FadeInTime": -1.0,
      "FadeOutTime": -1.0,
      "Segments": [
        0,
        0,
        0,
        4,
        0
      ]
    },
    {
      "Target": "Parameter",
      "Id": "Param52",
      "FadeInTime": -1.0,
      "FadeOutTime": -1.0,
      "Segments": [
        0,
        0,
        0,
        4,
        0
      ]
    },
    {
      "Target": "Parameter",
      "Id": "Param54",
      "FadeInTime": -1.0,
      "FadeOutTime": -1.0,
      "Segments": [
        0,
        0,
        0,
        4,
        0
      ]
    },
    {
      "Target": "Parameter",
      "Id": "Param55",
      "FadeInTime": -1.0,
      "FadeOutTime": -1.0,
      "Segments": [
        0,
        0,
        0,
        4,
        0
      ]
    },
    {
      "Target": "Parameter",
      "Id": "Param56",
      "FadeInTime": -1.0,
      "FadeOutTime": -1.0,
      "Segments": [
        0,
        0,
        0,
        4,
        0
      ]
    },
    {
      "Target": "Parameter",
      "Id": "Param58",
      "FadeInTime": -1.0,
      "FadeOutTime": -1.0,
      "Segments": [
        0,
        0,
        0,
        4,
        0
      ]
    },
    {
      "Target": "Parameter",
      "Id": "Param20",
      "FadeInTime": -1.0,
      "FadeOutTime": -1.0,
      "Segments": [
        0,
        0,
        0,
        4,
        0
      ]
    },
    {
      "Target": "Parameter",
      "Id": "Param21",
      "FadeInTime": -1.0,
      "FadeOutTime": -1.0,
      "Segments": [
        0,
        0,
        0,
        4,
        0
      ]
    },
    {
      "Target": "Parameter",
      "Id": "Param100",
      "FadeInTime": -1.0,
      "FadeOutTime": -1.0,
      "Segments": [
        0,
        0,
        0,
        4,
        0
      ]
    },
    {
      "Target": "Parameter",
      "Id": "Param101",
      "FadeInTime": -1.0,
      "FadeOutTime": -1.0,
      "Segments": [
        0,
        10,
        0,
        4,
        10
      ]
    },
    {
      "Target": "Parameter",
      "Id": "Param102",
      "FadeInTime": -1.0,
      "FadeOutTime": -1.0,
      "Segments": [
        0,
        10,
        0,
        4,
        10
      ]
    },
    {
      "Target": "Parameter",
      "Id": "ParamShangBiR",
      "FadeInTime": -1.0,
      "FadeOutTime": -1.0,
      "Segments": [
        0,
        0,
        0,
        4,
        0
      ]
    },
    {
      "Target": "Parameter",
      "Id": "ParamXiaBiR",
      "FadeInTime": -1.0,
      "FadeOutTime": -1.0,
      "Segments": [
        0,
        1,
        0,
        4,
        1
      ]
    },
    {
      "Target": "Parameter",
      "Id": "ParamSouR",
      "FadeInTime": -1.0,
      "FadeOutTime": -1.0,
      "Segments": [
        0,
        0,
        0,
        4,
        0
      ]
    },
    {
      "Target": "Parameter",
      "Id": "ParamShangBiRUD",
      "FadeInTime": -1.0,
      "FadeOutTime": -1.0,
      "Segments": [
        0,
        0,
        0,
        4,
        0
      ]
    },
    {
      "Target": "Parameter",
      "Id": "ParamXiaBiRUD",
      "FadeInTime": -1.0,
      "FadeOutTime": -1.0,
      "Segments": [
        0,
        0,
        0,
        4,
        0
      ]
    },
    {
      "Target": "Parameter",
      "Id": "ParamA1zuoshoudonghua2",
      "FadeInTime": -1.0,
      "FadeOutTime": -1.0,
      "Segments": [
        0,
        0,
        0,
        4,
        0
      ]
    },
    {
      "Target": "Parameter",
      "Id": "ParamA1zuoshouxingbian2",
      "FadeInTime": -1.0,
      "FadeOutTime": -1.0,
      "Segments": [
        0,
        0,
        0,
        4,
        0
      ]
    },
    {
      "Target": "Parameter",
      "Id": "ParamA1zuoshoutuozhanxingbian2",
      "FadeInTime": -1.0,
      "FadeOutTime": -1.0,
      "Segments": [
        0,
        0,
        0,
        4,
        0
      ]
    },
    {
      "Target": "Parameter",
      "Id": "Param35",
      "FadeInTime": -1.0,
      "FadeOutTime": -1.0,
      "Segments": [
        0,
        0,
        0,
        4,
        0
      ]
    },
    {
      "Target": "Parameter",
      "Id": "Param36",
      "FadeInTime": -1.0,
      "FadeOutTime": -1.0,
      "Segments": [
        0,
        0,
        0,
        4,
        0
      ]
    },
    {
      "Target": "Parameter",
      "Id": "Param37",
      "FadeInTime": -1.0,
      "FadeOutTime": -1.0,
      "Segments": [
        0,
        0,
        0,
        4,
        0
      ]
    },
    {
      "Target": "Parameter",
      "Id": "Param70",
      "FadeInTime": -1.0,
      "FadeOutTime": -1.0,
      "Segments": [
        0,
        0,
        0,
        4,
        0
      ]
    },
    {
      "Target": "Parameter",
      "Id": "Param65",
      "FadeInTime": -1.0,
      "FadeOutTime": -1.0,
      "Segments": [
        0,
        0,
        0,
        4,
        0
      ]
    },
    {
      "Target": "Parameter",
      "Id": "Param71",
      "FadeInTime": -1.0,
      "FadeOutTime": -1.0,
      "Segments": [
        0,
        0,
        0,
        4,
        0
      ]
    },
    {
      "Target": "Parameter",
      "Id": "Param53",
      "FadeInTime": -1.0,
      "FadeOutTime": -1.0,
      "Segments": [
        0,
        1,
        0,
        4,
        1
      ]
    },
    {
      "Target": "Parameter",
      "Id": "Param60",
      "FadeInTime": -1.0,
      "FadeOutTime": -1.0,
      "Segments": [
        0,
        0,
        0,
        4,
        0
      ]
    },
    {
      "Target": "Parameter",
      "Id": "Param61",
      "FadeInTime": -1.0,
      "FadeOutTime": -1.0,
      "Segments": [
        0,
        0,
        0,
        4,
        0
      ]
    },
    {
      "Target": "Parameter",
      "Id": "Param41",
      "FadeInTime": -1.0,
      "FadeOutTime": -1.0,
      "Segments": [
        0,
        0,
        0,
        4,
        0
      ]
    },
    {
      "Target": "Parameter",
      "Id": "Param40",
      "FadeInTime": -1.0,
      "FadeOutTime": -1.0,
      "Segments": [
        0,
        0,
        0,
        4,
        0
      ]
    },
    {
      "Target": "Parameter",
      "Id": "Param91",
      "FadeInTime": -1.0,
      "FadeOutTime": -1.0,
      "Segments": [
        0,
        0,
        0,
        4,
        0
      ]
    },
    {
      "Target": "Parameter",
      "Id": "Param92",
      "FadeInTime": -1.0,
      "FadeOutTime": -1.0,
      "Segments": [
        0,
        0,
        0,
        4,
        0
      ]
    },
    {
      "Target": "Parameter",
      "Id": "ParamDaTuiLUD",
      "FadeInTime": -1.0,
      "FadeOutTime": -1.0,
      "Segments": [
        0,
        0,
        0,
        4,
        0
      ]
    },
    {
      "Target": "Parameter",
      "Id": "ParamXiaoTuiLUD",
      "FadeInTime": -1.0,
      "FadeOutTime": -1.0,
      "Segments": [
        0,
        0,
        0,
        4,
        0
      ]
    },
    {
      "Target": "Parameter",
      "Id": "Param62",
      "FadeInTime": -1.0,
      "FadeOutTime": -1.0,
      "Segments": [
        0,
        0,
        0,
        4,
        0
      ]
    },
    {
      "Target": "Parameter",
      "Id": "ParamDaTuiLUD2",
      "FadeInTime": -1.0,
      "FadeOutTime": -1.0,
      "Segments": [
        0,
        0,
        0,
        4,
        0
      ]
    },
    {
      "Target": "Parameter",
      "Id": "ParamXiaoTuiLUD3",
      "FadeInTime": -1.0,
      "FadeOutTime": -1.0,
      "Segments": [
        0,
        0,
        0,
        4,
        0
      ]
    },
    {
      "Target": "Parameter",
      "Id": "ParamXiaoTuiLUD2",
      "FadeInTime": -1.0,
      "FadeOutTime": -1.0,
      "Segments": [
        0,
        5,
        0,
        4,
        5
      ]
    },
    {
      "Target": "Parameter",
      "Id": "Param24",
      "FadeInTime": -1.0,
      "FadeOutTime": -1.0,
      "Segments": [
        0,
        0,
        0,
        4,
        0
      ]
    },
    {
      "Target": "Parameter",
      "Id": "Param23",
      "FadeInTime": -1.0,
      "FadeOutTime": -1.0,
      "Segments": [
        0,
        0,
        0,
        4,
        0
      ]
    },
    {
      "Target": "Parameter",
      "Id": "Param59",
      "FadeInTime": -1.0,
      "FadeOutTime": -1.0,
      "Segments": [
        0,
        0,
        0,
        4,
        0
      ]
    },
    {
      "Target": "Parameter",
      "Id": "ParamDaTuiRUD",
      "FadeInTime": -1.0,
      "FadeOutTime": -1.0,
      "Segments": [
        0,
        0,
        0,
        4,
        0
      ]
    },
    {
      "Target": "Parameter",
      "Id": "ParamXiaoTuiRUD",
      "FadeInTime": -1.0,
      "FadeOutTime": -1.0,
      "Segments": [
        0,
        0,
        0,
        4,
        0
      ]
    },
    {
      "Target": "Parameter",
      "Id": "Param63",
      "FadeInTime": -1.0,
      "FadeOutTime": -1.0,
      "Segments": [
        0,
        0,
        0,
        4,
        0
      ]
    },
    {
      "Target": "Parameter",
      "Id": "ParamXiaoTuiLUD5",
      "FadeInTime": -1.0,
      "FadeOutTime": -1.0,
      "Segments": [
        0,
        0,
        0,
        4,
        0
      ]
    },
    {
      "Target": "Parameter",
      "Id": "ParamDaTuiLUD3",
      "FadeInTime": -1.0,
      "FadeOutTime": -1.0,
      "Segments": [
        0,
        0,
        0,
        4,
        0
      ]
    },
    {
      "Target": "Parameter",
      "Id": "ParamXiaoTuiLUD4",
      "FadeInTime": -1.0,
      "FadeOutTime": -1.0,
      "Segments": [
        0,
        0,
        0,
        4,
        0
      ]
    },
    {
      "Target": "Parameter",
      "Id": "Param25",
      "FadeInTime": -1.0,
      "FadeOutTime": -1.0,
      "Segments": [
        0,
        0,
        0,
        4,
        0
      ]
    },
    {
      "Target": "Parameter",
      "Id": "Param26",
      "FadeInTime": -1.0,
      "FadeOutTime": -1.0,
      "Segments": [
        0,
        0,
        0,
        4,
        0
      ]
    },
    {
      "Target": "Parameter",
      "Id": "Param27",
      "FadeInTime": -1.0,
      "FadeOutTime": -1.0,
      "Segments": [
        0,
        0,
        0,
        4,
        0
      ]
    },
    {
      "Target": "Parameter",
      "Id": "Param75",
      "FadeInTime": -1.0,
      "FadeOutTime": -1.0,
      "Segments": [
        0,
        0,
        0,
        4,
        0
      ]
    },
    {
      "Target": "Parameter",
      "Id": "Param5",
      "FadeInTime": -1.0,
      "FadeOutTime": -1.0,
      "Segments": [
        0,
        0,
        0,
        4,
        0
      ]
    },
    {
      "Target": "Parameter",
      "Id": "Param77",
      "FadeInTime": -1.0,
      "FadeOutTime": -1.0,
      "Segments": [
        0,
        10,
        0,
        4,
        10
      ]
    },
    {
      "Target": "Parameter",
      "Id": "Param76",
      "FadeInTime": -1.0,
      "FadeOutTime": -1.0,
      "Segments": [
        0,
        0,
        0,
        4,
        0
      ]
    },
    {
      "Target": "Parameter",
      "Id": "Param74",
      "FadeInTime": -1.0,
      "FadeOutTime": -1.0,
      "Segments": [
        0,
        0,
        0,
        4,
        0
      ]
    },
    {
      "Target": "Parameter",
      "Id": "Param34",
      "FadeInTime": -1.0,
      "FadeOutTime": -1.0,
      "Segments": [
        0,
        0,
        0,
        4,
        0
      ]
    },
    {
      "Target": "Parameter",
      "Id": "Param73",
      "FadeInTime": -1.0,
      "FadeOutTime": -1.0,
      "Segments": [
        0,
        0,
        0,
        4,
        0
      ]
    },
    {
      "Target": "Parameter",
      "Id": "Param93",
      "FadeInTime": -1.0,
      "FadeOutTime": -1.0,
      "Segments": [
        0,
        0,
        0,
        4,
        0
      ]
    },
    {
      "Target": "Parameter",
      "Id": "Param95",
      "FadeInTime": -1.0,
      "FadeOutTime": -1.0,
      "Segments": [
        0,
        0,
        0,
        4,
        0
      ]
    },
    {
      "Target": "Parameter",
      "Id": "Param96",
      "FadeInTime": -1.0,
      "FadeOutTime": -1.0,
      "Segments": [
        0,
        0,
        0,
        4,
        0
      ]
    },
    {
      "Target": "Parameter",
      "Id": "Param64",
      "FadeInTime": -1.0,
      "FadeOutTime": -1.0,
      "Segments": [
        0,
        0,
        0,
        4,
        0
      ]
    },
    {
      "Target": "Parameter",
      "Id": "Param39",
      "FadeInTime": -1.0,
      "FadeOutTime": -1.0,
      "Segments": [
        0,
        0,
        0,
        4,
        0
      ]
    },
    {
      "Target": "Parameter",
      "Id": "Param104",
      "FadeInTime": -1.0,
      "FadeOutTime": -1.0,
      "Segments": [
        0,
        0,
        0,
        4,
        0
      ]
    },
    {
      "Target": "Parameter",
      "Id": "Param94",
      "FadeInTime": -1.0,
      "FadeOutTime": -1.0,
      "Segments": [
        0,
        0,
        0,
        4,
        0
      ]
    },
    {
      "Target": "Parameter",
      "Id": "Param72",
      "FadeInTime": -1.0,
      "FadeOutTime": -1.0,
      "Segments": [
        0,
        0,
        0,
        4,
        0
      ]
    },
    {
      "Target": "Parameter",
      "Id": "Param99",
      "FadeInTime": -1.0,
      "FadeOutTime": -1.0,
      "Segments": [
        0,
        0,
        0,
        4,
        0
      ]
    },
    {
      "Target": "Parameter",
      "Id": "Param98",
      "FadeInTime": -1.0,
      "FadeOutTime": -1.0,
      "Segments": [
        0,
        0,
        0,
        4,
        0
      ]
    },
    {
      "Target": "Parameter",
      "Id": "Param38",
      "FadeInTime": -1.0,
      "FadeOutTime": -1.0,
      "Segments": [
        0,
        0,
        0,
        4,
        0
      ]
    },
    {
      "Target": "Parameter",
      "Id": "Param152",
      "FadeInTime": -1.0,
      "FadeOutTime": -1.0,
      "Segments": [
        0,
        0,
        0,
        4,
        0
      ]
    },
    {
      "Target": "Parameter",
      "Id": "Param153",
      "FadeInTime": -1.0,
      "FadeOutTime": -1.0,
      "Segments": [
        0,
        0,
        0,
        4,
        0
      ]
    },
    {
      "Target": "Parameter",
      "Id": "Param151",
      "FadeInTime": -1.0,
      "FadeOutTime": -1.0,
      "Segments": [
        0,
        0,
        0,
        4,
        0
      ]
    },
    {
      "Target": "Parameter",
      "Id": "MB_xingfengyaobai2",
      "FadeInTime": -1.0,
      "FadeOutTime": -1.0,
      "Segments": [
        0,
        0,
        0,
        4,
        0
      ]
    },
    {
      "Target": "Parameter",
      "Id": "MB_xingfengyaobai",
      "FadeInTime": -1.0,
      "FadeOutTime": -1.0,
      "Segments": [
        0,
        0,
        0,
        4,
        0
      ]
    },
    {
      "Target": "Parameter",
      "Id": "MB_xingfengTMD",
      "FadeInTime": -1.0,
      "FadeOutTime": -1.0,
      "Segments": [
        0,
        0,
        0,
        4,
        0
      ]
    },
    {
      "Target": "Parameter",
      "Id": "Param105",
      "FadeInTime": -1.0,
      "FadeOutTime": -1.0,
      "Segments": [
        0,
        0,
        0,
        4,
        0
      ]
    },
    {
      "Target": "Parameter",
      "Id": "Param",
      "FadeInTime": -1.0,
      "FadeOutTime": -1.0,
      "Segments": [
        0,
        10,
        0,
        4,
        10
      ]
    },
    {
      "Target": "Parameter",
      "Id": "Param2",
      "FadeInTime": -1.0,
      "FadeOutTime": -1.0,
      "Segments": [
        0,
        10,
        0,
        4,
        10
      ]
    },
    {
      "Target": "Parameter",
      "Id": "Param3",
      "FadeInTime": -1.0,
      "FadeOutTime": -1.0,
      "Segments": [
        0,
        0,
        0,
        4,
        0
      ]
    },
    {
      "Target": "Parameter",
      "Id": "Param32",
      "FadeInTime": -1.0,
      "FadeOutTime": -1.0,
      "Segments": [
        0,
        5,
        0,
        4,
        5
      ]
    },
    {
      "Target": "Parameter",
      "Id": "Param10",
      "FadeInTime": -1.0,
      "FadeOutTime": -1.0,
      "Segments": [
        0,
        0,
        0,
        4,
        0
      ]
    },
    {
      "Target": "Parameter",
      "Id": "Param11",
      "FadeInTime": -1.0,
      "FadeOutTime": -1.0,
      "Segments": [
        0,
        0,
        0,
        4,
        0
      ]
    },
    {
      "Target": "Parameter",
      "Id": "Param_Angle_Rotation_16_ArtMesh187",
      "FadeInTime": -1.0,
      "FadeOutTime": -1.0,
      "Segments": [
        0,
        0,
        0,
        4,
        0
      ]
    },
    {
      "Target": "Parameter",
      "Id": "Param_Angle_Rotation_17_ArtMesh187",
      "FadeInTime": -1.0,
      "FadeOutTime": -1.0,
      "Segments": [
        0,
        0,
        0,
        4,
        0
      ]
    },
    {
      "Target": "Parameter",
      "Id": "Param_Angle_Rotation_17_ArtMesh188",
      "FadeInTime": -1.0,
      "FadeOutTime": -1.0,
      "Segments": [
        0,
        4.1,
        0,
        4,
        4.1
      ]
    }
  ],
  "UserData": [
    {
      "Time": 0.0,
      "Value": ""
    },
    {
      "Time": 3.5,
      "Value": ""
    }
  ]
}