{
  "Version": 3,
  "Meta": {
    "Duration": 5.75,
    "Fps": 60.0,
    "Loop": true,
    "AreBeziersRestricted": true,
    "FadeInTime": 0.0,
    "FadeOutTime": 0.0,
    "CurveCount": 215,
    "TotalSegmentCount": 1156,
    "TotalPointCount": 1448,
    "UserDataCount": 3,
    "TotalUserDataSize": 0
  },
  "Curves": [
    {
      "Target": "Parameter",
      "Id": "Paramwuli",
      "FadeInTime": -1.0,
      "FadeOutTime": -1.0,
      "Segments": [
        0,
        0,
        0,
        0.833,
        30,
        0,
        1.417,
        -30,
        0,
        2.233,
        30,
        0,
        3.05,
        -30,
        2,
        4.033,
        -30,
        0,
        4.683,
        30,
        0,
        5.75,
        0
      ]
    },
    {
      "Target": "Parameter",
      "Id": "Paramwuli2",
      "FadeInTime": -1.0,
      "FadeOutTime": -1.0,
      "Segments": [
        0,
        0,
        0,
        0.833,
        30,
        0,
        1.183,
        -30,
        0,
        1.767,
        30,
        0,
        2.233,
        -30,
        0,
        3.05,
        13.182,
        0,
        4.033,
        -30,
        0,
        4.517,
        30,
        0,
        5.117,
        -30,
        0,
        5.75,
        0
      ]
    },
    {
      "Target": "Parameter",
      "Id": "Paramwuli3",
      "FadeInTime": -1.0,
      "FadeOutTime": -1.0,
      "Segments": [
        0,
        0,
        0,
        1,
        30,
        0,
        1.417,
        -30,
        0,
        2.133,
        30,
        0,
        3.05,
        -30,
        2,
        4.033,
        -30,
        0,
        4.55,
        30,
        0,
        5.75,
        0
      ]
    },
    {
      "Target": "Parameter",
      "Id": "ParamRenwuX3",
      "FadeInTime": -1.0,
      "FadeOutTime": -1.0,
      "Segments": [
        0,
        0,
        0,
        0.25,
        0.056,
        0,
        0.833,
        -0.134,
        0,
        1.283,
        0.218,
        0,
        1.667,
        -0.621,
        0,
        2.117,
        0.032,
        0,
        2.467,
        -0.273,
        0,
        3.183,
        0,
        0,
        3.617,
        -0.03,
        0,
        4.083,
        0,
        0,
        4.8,
        -0.459,
        0,
        5.75,
        0
      ]
    },
    {
      "Target": "Parameter",
      "Id": "ParamRenwuX4",
      "FadeInTime": -1.0,
      "FadeOutTime": -1.0,
      "Segments": [
        0,
        -0.5,
        0,
        1,
        -2.478,
        0,
        2,
        0.416,
        0,
        3.117,
        -1.38,
        0,
        4,
        -0.5,
        0,
        4.733,
        -1.812,
        1,
        5.072,
        -1.812,
        5.411,
        -1.518,
        5.75,
        -0.5
      ]
    },
    {
      "Target": "Parameter",
      "Id": "ParamRenwuX",
      "FadeInTime": -1.0,
      "FadeOutTime": -1.0,
      "Segments": [
        0,
        0,
        0,
        0.833,
        -0.06,
        0,
        1.417,
        0,
        2,
        4,
        0,
        0,
        4.667,
        -0.06,
        0,
        5.417,
        0,
        2,
        5.75,
        0
      ]
    },
    {
      "Target": "Parameter",
      "Id": "ParamRenwuY",
      "FadeInTime": -1.0,
      "FadeOutTime": -1.0,
      "Segments": [
        0,
        0,
        0,
        0.833,
        -0.3,
        0,
        1.417,
        0,
        2,
        4,
        0,
        0,
        4.667,
        -0.3,
        0,
        5.417,
        0,
        2,
        5.75,
        0
      ]
    },
    {
      "Target": "Parameter",
      "Id": "ParamRenwuZ",
      "FadeInTime": -1.0,
      "FadeOutTime": -1.0,
      "Segments": [
        0,
        0,
        0,
        0.833,
        0.9,
        0,
        1.417,
        0,
        2,
        4,
        0,
        0,
        4.667,
        0.9,
        0,
        5.417,
        0,
        2,
        5.75,
        0
      ]
    },
    {
      "Target": "Parameter",
      "Id": "ParamEyeLOpen",
      "FadeInTime": -1.0,
      "FadeOutTime": -1.0,
      "Segments": [
        0,
        1,
        2,
        0.767,
        1,
        0,
        0.95,
        0,
        2,
        1.133,
        0,
        0,
        1.333,
        1,
        2,
        2.533,
        1,
        0,
        2.717,
        0,
        2,
        2.783,
        0,
        0,
        2.983,
        1,
        2,
        4.45,
        1,
        0,
        4.6,
        0,
        2,
        4.767,
        0,
        0,
        5.017,
        1,
        2,
        5.75,
        1
      ]
    },
    {
      "Target": "Parameter",
      "Id": "ParamEyeROpen",
      "FadeInTime": -1.0,
      "FadeOutTime": -1.0,
      "Segments": [
        0,
        1,
        2,
        0.767,
        1,
        0,
        0.95,
        0,
        2,
        1.133,
        0,
        2,
        1.333,
        0,
        2,
        2.533,
        0,
        2,
        2.717,
        0,
        2,
        2.783,
        0,
        0,
        2.983,
        1,
        2,
        4.45,
        1,
        0,
        4.6,
        0,
        2,
        4.767,
        0,
        0,
        5.017,
        1,
        2,
        5.75,
        1
      ]
    },
    {
      "Target": "Parameter",
      "Id": "ParamEyeBallX",
      "FadeInTime": -1.0,
      "FadeOutTime": -1.0,
      "Segments": [
        0,
        0,
        0,
        0.467,
        -0.4,
        0,
        1.033,
        0,
        2,
        2.55,
        0,
        0,
        2.767,
        -1,
        0,
        3.167,
        0,
        2,
        5.75,
        0
      ]
    },
    {
      "Target": "Parameter",
      "Id": "ParamEyeBallY",
      "FadeInTime": -1.0,
      "FadeOutTime": -1.0,
      "Segments": [
        0,
        0,
        0,
        0.467,
        0.4,
        0,
        1.033,
        0,
        2,
        2.55,
        0,
        2,
        2.767,
        0,
        2,
        3.167,
        0,
        2,
        5.75,
        0
      ]
    },
    {
      "Target": "Parameter",
      "Id": "ParamMouthForm",
      "FadeInTime": -1.0,
      "FadeOutTime": -1.0,
      "Segments": [
        0,
        0,
        2,
        0.167,
        0,
        2,
        0.25,
        0,
        0,
        0.3,
        -0.5,
        0,
        0.4,
        0,
        2,
        0.567,
        0,
        2,
        0.75,
        0,
        0,
        0.9,
        -0.7,
        0,
        1.033,
        0,
        2,
        1.133,
        0,
        2,
        1.267,
        0,
        2,
        1.4,
        0,
        2,
        1.5,
        0,
        0,
        1.633,
        1,
        0,
        1.917,
        0,
        2,
        2.65,
        0,
        0,
        2.733,
        0.5,
        0,
        2.85,
        0,
        0,
        3,
        1,
        0,
        3.117,
        0,
        0,
        3.217,
        0.5,
        0,
        3.35,
        0,
        2,
        3.45,
        0,
        2,
        3.617,
        0,
        2,
        3.75,
        0,
        2,
        4.05,
        0,
        2,
        5.75,
        0
      ]
    },
    {
      "Target": "Parameter",
      "Id": "ParamMouthOpenY",
      "FadeInTime": -1.0,
      "FadeOutTime": -1.0,
      "Segments": [
        0,
        0,
        0,
        0.167,
        1,
        0,
        0.25,
        0,
        0,
        0.3,
        1,
        0,
        0.4,
        0,
        0,
        0.567,
        1,
        0,
        0.75,
        0,
        0,
        0.9,
        1,
        0,
        1.033,
        0,
        0,
        1.133,
        1,
        0,
        1.267,
        0,
        0,
        1.4,
        1,
        0,
        1.5,
        0,
        0,
        1.633,
        1,
        0,
        1.917,
        0,
        2,
        2.65,
        0,
        0,
        2.733,
        0.6,
        0,
        2.85,
        0,
        0,
        3,
        0.9,
        0,
        3.117,
        0,
        0,
        3.217,
        0.6,
        0,
        3.35,
        0,
        0,
        3.45,
        1,
        0,
        3.617,
        0,
        0,
        3.75,
        1,
        0,
        4.05,
        0,
        2,
        5.75,
        0
      ]
    },
    {
      "Target": "Parameter",
      "Id": "Param28",
      "FadeInTime": -1.0,
      "FadeOutTime": -1.0,
      "Segments": [
        0,
        5,
        2,
        0.833,
        5,
        0,
        1.417,
        0,
        2,
        3,
        0,
        0,
        3.317,
        5,
        2,
        5.75,
        5
      ]
    },
    {
      "Target": "Parameter",
      "Id": "ParamAngleX",
      "FadeInTime": -1.0,
      "FadeOutTime": -1.0,
      "Segments": [
        0,
        0,
        0,
        0.833,
        24,
        0,
        1.417,
        -30,
        0,
        2.217,
        0.211,
        0,
        3.083,
        -30,
        1,
        3.328,
        -30,
        3.572,
        5.09,
        3.817,
        12.266,
        1,
        4.056,
        19.279,
        4.294,
        18.566,
        4.533,
        18.566,
        0,
        5.15,
        -17.272,
        0,
        5.75,
        0
      ]
    },
    {
      "Target": "Parameter",
      "Id": "ParamAngleY",
      "FadeInTime": -1.0,
      "FadeOutTime": -1.0,
      "Segments": [
        0,
        -1.953,
        2,
        0.25,
        -1.953,
        1,
        0.528,
        -1.953,
        0.805,
        -2.526,
        1.083,
        -10,
        1,
        1.278,
        -15.232,
        1.472,
        -30,
        1.667,
        -30,
        2,
        3.317,
        -30,
        0,
        4.25,
        12.196,
        0,
        5.75,
        0
      ]
    },
    {
      "Target": "Parameter",
      "Id": "ParamAngleZ",
      "FadeInTime": -1.0,
      "FadeOutTime": -1.0,
      "Segments": [
        0,
        -0.22,
        0,
        1.083,
        -9.87,
        0,
        1.667,
        0.94,
        0,
        2.55,
        -3.995,
        0,
        3.117,
        0.47,
        0,
        4.25,
        -4.904,
        0,
        4.917,
        1.516,
        0,
        5.333,
        -0.55,
        0,
        5.75,
        -0.22
      ]
    },
    {
      "Target": "Parameter",
      "Id": "ParamAngleZ2",
      "FadeInTime": -1.0,
      "FadeOutTime": -1.0,
      "Segments": [
        0,
        -0.05,
        0,
        0.167,
        2.232,
        0,
        1,
        -2.702,
        0,
        1.583,
        7.285,
        0,
        2.417,
        0.084,
        0,
        3,
        7.28,
        0,
        4.167,
        -1.761,
        0,
        4.833,
        8.229,
        0,
        5.583,
        -0.528,
        0,
        5.75,
        -0.05
      ]
    },
    {
      "Target": "Parameter",
      "Id": "ParamBodyAngleX",
      "FadeInTime": -1.0,
      "FadeOutTime": -1.0,
      "Segments": [
        0,
        0,
        0,
        0.283,
        1.671,
        0,
        0.833,
        -9.399,
        0,
        1.417,
        4.595,
        0,
        2.2,
        0,
        0,
        3,
        4.674,
        0,
        3.5,
        -7.415,
        0,
        4,
        0,
        0,
        4.667,
        -10,
        0,
        5.417,
        0,
        2,
        5.75,
        0
      ]
    },
    {
      "Target": "Parameter",
      "Id": "ParamBodyAngleZ",
      "FadeInTime": -1.0,
      "FadeOutTime": -1.0,
      "Segments": [
        0,
        -0.03,
        2,
        0.083,
        -0.03,
        0,
        0.917,
        -5.117,
        1,
        1.111,
        -5.117,
        1.306,
        -2.098,
        1.5,
        -0.836,
        1,
        1.644,
        0.102,
        1.789,
        -0.03,
        1.933,
        -0.03,
        0,
        3.033,
        -9.61,
        0,
        4.083,
        -0.03,
        0,
        4.75,
        -5.842,
        0,
        5.5,
        -0.03,
        2,
        5.75,
        -0.03
      ]
    },
    {
      "Target": "Parameter",
      "Id": "ParamBodyAngleZ2",
      "FadeInTime": -1.0,
      "FadeOutTime": -1.0,
      "Segments": [
        0,
        0,
        0,
        0.25,
        -0.235,
        0,
        0.833,
        3.611,
        0,
        1.417,
        -0.653,
        1,
        1.589,
        -0.653,
        1.761,
        -0.827,
        1.933,
        -0.052,
        1,
        2.3,
        1.598,
        2.666,
        4.375,
        3.033,
        4.375,
        0,
        4,
        0,
        0,
        4.667,
        3.44,
        0,
        5.417,
        0,
        2,
        5.75,
        0
      ]
    },
    {
      "Target": "Parameter",
      "Id": "ParamJianbangL",
      "FadeInTime": -1.0,
      "FadeOutTime": -1.0,
      "Segments": [
        0,
        1.04,
        2,
        0.25,
        1.04,
        0,
        1.083,
        2.32,
        0,
        1.667,
        1.04,
        2,
        4.25,
        1.04,
        2,
        4.917,
        1.04,
        2,
        5.667,
        1.04,
        2,
        5.75,
        1.04
      ]
    },
    {
      "Target": "Parameter",
      "Id": "Param33",
      "FadeInTime": -1.0,
      "FadeOutTime": -1.0,
      "Segments": [
        0,
        1,
        0,
        0.833,
        0,
        0,
        1.417,
        1,
        2,
        4,
        1,
        2,
        4.667,
        1,
        2,
        5.417,
        1,
        2,
        5.75,
        1
      ]
    },
    {
      "Target": "Parameter",
      "Id": "Param42",
      "FadeInTime": -1.0,
      "FadeOutTime": -1.0,
      "Segments": [
        0,
        -0.504,
        0,
        0.833,
        -0.323,
        1,
        1.028,
        -0.323,
        1.222,
        -1.201,
        1.417,
        -1.424,
        1,
        1.65,
        -1.692,
        1.884,
        -1.858,
        2.117,
        -1.932,
        1,
        2.428,
        -2.031,
        2.739,
        -2.037,
        3.05,
        -2.037,
        1,
        3.367,
        -2.037,
        3.683,
        -2.045,
        4,
        -1.745,
        1,
        4.222,
        -1.534,
        4.445,
        -0.323,
        4.667,
        -0.323,
        0,
        5.417,
        -0.504,
        2,
        5.75,
        -0.504
      ]
    },
    {
      "Target": "Parameter",
      "Id": "Param43",
      "FadeInTime": -1.0,
      "FadeOutTime": -1.0,
      "Segments": [
        0,
        -0.083,
        2,
        0.083,
        -0.083,
        0,
        0.917,
        0.917,
        1,
        1.111,
        0.917,
        1.306,
        0.052,
        1.5,
        0,
        1,
        1.739,
        -0.064,
        1.978,
        -0.055,
        2.217,
        -0.055,
        0,
        3.267,
        0.542,
        0,
        4.083,
        0.1,
        0,
        4.75,
        0.917,
        0,
        5.5,
        -0.083,
        2,
        5.75,
        -0.083
      ]
    },
    {
      "Target": "Parameter",
      "Id": "Param44",
      "FadeInTime": -1.0,
      "FadeOutTime": -1.0,
      "Segments": [
        0,
        -5.379,
        2,
        0.167,
        -5.379,
        0,
        1,
        4.061,
        1,
        1.194,
        4.061,
        1.389,
        -2.637,
        1.583,
        -3.179,
        1,
        1.822,
        -3.844,
        2.061,
        -3.76,
        2.3,
        -3.76,
        0,
        3.433,
        -2.402,
        0,
        4.25,
        -4.7,
        0,
        4.833,
        4.061,
        0,
        5.583,
        -5.379,
        2,
        5.75,
        -5.379
      ]
    },
    {
      "Target": "Parameter",
      "Id": "ParamA1zuoshoudonghua",
      "FadeInTime": -1.0,
      "FadeOutTime": -1.0,
      "Segments": [
        0,
        -6.88,
        2,
        0.167,
        -6.88,
        0,
        1,
        10,
        1,
        1.194,
        10,
        1.389,
        1.679,
        1.583,
        0,
        1,
        1.828,
        -2.111,
        2.072,
        -2,
        2.317,
        -2,
        0,
        3.333,
        0,
        0,
        4.167,
        -6,
        0,
        4.833,
        10,
        0,
        5.583,
        -6.88,
        2,
        5.75,
        -6.88
      ]
    },
    {
      "Target": "Parameter",
      "Id": "ParamA1zuoshouxingbian",
      "FadeInTime": -1.0,
      "FadeOutTime": -1.0,
      "Segments": [
        0,
        -1.88,
        2,
        0.167,
        -1.88,
        0,
        1,
        10,
        1,
        1.194,
        10,
        1.389,
        4.602,
        1.583,
        0,
        1,
        1.828,
        -5.786,
        2.072,
        -7,
        2.317,
        -7,
        0,
        3.333,
        0,
        0,
        4.167,
        -3,
        0,
        4.833,
        10,
        0,
        5.583,
        -1.88,
        2,
        5.75,
        -1.88
      ]
    },
    {
      "Target": "Parameter",
      "Id": "ParamShangBiR",
      "FadeInTime": -1.0,
      "FadeOutTime": -1.0,
      "Segments": [
        0,
        0,
        2,
        0.083,
        0,
        0,
        0.833,
        3.982,
        0,
        1.417,
        -3.014,
        0,
        1.75,
        -2.926,
        0,
        2.217,
        -3.64,
        1,
        2.478,
        -3.64,
        2.739,
        -3.632,
        3,
        -2.816,
        1,
        3.167,
        -2.295,
        3.333,
        0.462,
        3.5,
        0.462,
        1,
        3.667,
        0.462,
        3.833,
        -2.25,
        4,
        -2.86,
        1,
        4.222,
        -3.674,
        4.445,
        -3.652,
        4.667,
        -3.652,
        0,
        5.417,
        0,
        2,
        5.75,
        0
      ]
    },
    {
      "Target": "Parameter",
      "Id": "ParamXiaBiR",
      "FadeInTime": -1.0,
      "FadeOutTime": -1.0,
      "Segments": [
        0,
        1,
        2,
        0.083,
        1,
        1,
        0.333,
        1,
        0.583,
        1.087,
        0.833,
        2.62,
        1,
        1.028,
        3.812,
        1.222,
        6.52,
        1.417,
        6.52,
        2,
        2.217,
        6.52,
        2,
        3,
        6.52,
        1,
        3.167,
        6.52,
        3.333,
        2.912,
        3.5,
        1.42,
        1,
        3.667,
        -0.072,
        3.833,
        -0.02,
        4,
        -0.02,
        0,
        4.667,
        1.08,
        0,
        5.417,
        1,
        2,
        5.75,
        1
      ]
    },
    {
      "Target": "Parameter",
      "Id": "ParamSouR",
      "FadeInTime": -1.0,
      "FadeOutTime": -1.0,
      "Segments": [
        0,
        0,
        2,
        0.083,
        0,
        0,
        0.833,
        -2.26,
        0,
        1.417,
        5,
        2,
        2.217,
        5,
        2,
        3,
        5,
        1,
        3.167,
        5,
        3.333,
        0.082,
        3.5,
        -2.82,
        1,
        3.667,
        -5.722,
        3.833,
        -5.86,
        4,
        -5.86,
        1,
        4.222,
        -5.86,
        4.445,
        -5.979,
        4.667,
        -4.84,
        1,
        4.917,
        -3.559,
        5.167,
        0,
        5.417,
        0,
        2,
        5.75,
        0
      ]
    },
    {
      "Target": "Parameter",
      "Id": "ParamShangBiRUD",
      "FadeInTime": -1.0,
      "FadeOutTime": -1.0,
      "Segments": [
        0,
        0,
        2,
        3,
        0,
        2,
        4.667,
        0,
        0,
        4.967,
        -0.64,
        0,
        5.417,
        0,
        2,
        5.75,
        0
      ]
    },
    {
      "Target": "Parameter",
      "Id": "ParamXiaBiRUD",
      "FadeInTime": -1.0,
      "FadeOutTime": -1.0,
      "Segments": [
        0,
        0,
        2,
        3,
        0,
        2,
        4.667,
        0,
        0,
        4.967,
        -7.58,
        0,
        5.417,
        0,
        2,
        5.75,
        0
      ]
    },
    {
      "Target": "Parameter",
      "Id": "ParamA1zuoshoudonghua2",
      "FadeInTime": -1.0,
      "FadeOutTime": -1.0,
      "Segments": [
        0,
        0,
        2,
        0.083,
        0,
        0,
        0.833,
        -1,
        0,
        1.417,
        10,
        2,
        3,
        10,
        0,
        3.5,
        -5,
        2,
        4.667,
        -5,
        0,
        5.417,
        0,
        2,
        5.75,
        0
      ]
    },
    {
      "Target": "Parameter",
      "Id": "ParamA1zuoshouxingbian2",
      "FadeInTime": -1.0,
      "FadeOutTime": -1.0,
      "Segments": [
        0,
        0,
        2,
        0.083,
        0,
        0,
        0.833,
        -10,
        0,
        1.417,
        10,
        2,
        3,
        10,
        0,
        3.5,
        -5,
        2,
        4.667,
        -5,
        0,
        5.417,
        0,
        2,
        5.75,
        0
      ]
    },
    {
      "Target": "Parameter",
      "Id": "Param65",
      "FadeInTime": -1.0,
      "FadeOutTime": -1.0,
      "Segments": [
        0,
        0,
        2,
        0.667,
        0,
        0,
        0.683,
        10,
        0,
        3,
        9.9,
        0,
        3.167,
        10,
        0,
        3.183,
        0,
        2,
        4.667,
        0,
        2,
        5.417,
        0,
        2,
        5.75,
        0
      ]
    },
    {
      "Target": "Parameter",
      "Id": "ParamDaTuiL",
      "FadeInTime": -1.0,
      "FadeOutTime": -1.0,
      "Segments": [
        0,
        -1.03,
        0,
        0.167,
        -1.034,
        0,
        0.917,
        1.096,
        1,
        1.056,
        1.096,
        1.194,
        -1.322,
        1.333,
        -1.642,
        1,
        1.533,
        -2.102,
        1.733,
        -2.081,
        1.933,
        -2.081,
        0,
        2.917,
        -1.545,
        0,
        4.167,
        -2.081,
        0,
        4.833,
        -0.535,
        0,
        5.583,
        -1.03,
        2,
        5.75,
        -1.03
      ]
    },
    {
      "Target": "Parameter",
      "Id": "ParamXiaoTuiL",
      "FadeInTime": -1.0,
      "FadeOutTime": -1.0,
      "Segments": [
        0,
        -0.1,
        2,
        0.083,
        -0.1,
        0,
        0.25,
        -0.105,
        0,
        1,
        1.031,
        1,
        1.139,
        1.031,
        1.278,
        -4.23,
        1.417,
        -4.526,
        1,
        1.639,
        -5.001,
        1.861,
        -4.979,
        2.083,
        -4.979,
        0,
        3.1,
        -4.429,
        0,
        4.25,
        -4.979,
        0,
        4.917,
        0.764,
        0,
        5.667,
        -0.1,
        2,
        5.75,
        -0.1
      ]
    },
    {
      "Target": "Parameter",
      "Id": "ParamJiaoL",
      "FadeInTime": -1.0,
      "FadeOutTime": -1.0,
      "Segments": [
        0,
        -0.72,
        0,
        0.333,
        -1.666,
        0,
        1.083,
        1.222,
        1,
        1.222,
        1.222,
        1.361,
        -0.309,
        1.5,
        -0.544,
        1,
        1.717,
        -0.91,
        1.933,
        -0.907,
        2.15,
        -0.907,
        0,
        3.267,
        -0.073,
        1,
        3.628,
        -0.073,
        3.989,
        -0.181,
        4.35,
        -0.826,
        1,
        4.472,
        -1.044,
        4.595,
        -2.874,
        4.717,
        -2.874,
        0,
        5.1,
        2.75,
        0,
        5.75,
        -0.72
      ]
    },
    {
      "Target": "Parameter",
      "Id": "ParamXiaoTuiLUD",
      "FadeInTime": -1.0,
      "FadeOutTime": -1.0,
      "Segments": [
        0,
        0,
        2,
        0.083,
        0,
        2,
        0.25,
        0,
        0,
        1,
        -3.08,
        0,
        1.417,
        0,
        2,
        5.583,
        0,
        2,
        5.75,
        0
      ]
    },
    {
      "Target": "Parameter",
      "Id": "Param22",
      "FadeInTime": -1.0,
      "FadeOutTime": -1.0,
      "Segments": [
        0,
        0.15,
        2,
        0.083,
        0.15,
        0,
        1,
        0.147,
        0,
        1.417,
        10,
        2,
        4.167,
        10,
        0,
        4.833,
        0.15,
        2,
        5.583,
        0.15,
        2,
        5.75,
        0.15
      ]
    },
    {
      "Target": "Parameter",
      "Id": "ParamDaTuiR",
      "FadeInTime": -1.0,
      "FadeOutTime": -1.0,
      "Segments": [
        0,
        2.939,
        0,
        0.833,
        5.656,
        1,
        1.028,
        5.656,
        1.222,
        2.186,
        1.417,
        1.246,
        1,
        1.606,
        0.333,
        1.794,
        0.439,
        1.983,
        0.439,
        0,
        3,
        1.389,
        0,
        4.083,
        0.439,
        0,
        4.75,
        3.641,
        0,
        5.5,
        2.939,
        2,
        5.75,
        2.939
      ]
    },
    {
      "Target": "Parameter",
      "Id": "ParamXiaoTuiR",
      "FadeInTime": -1.0,
      "FadeOutTime": -1.0,
      "Segments": [
        0,
        -0.309,
        2,
        0.083,
        -0.309,
        0,
        0.45,
        -1.274,
        0,
        0.917,
        -0.731,
        1,
        1.111,
        -0.731,
        1.306,
        -8.647,
        1.5,
        -9.356,
        1,
        1.706,
        -10.105,
        1.911,
        -9.973,
        2.117,
        -9.973,
        0,
        3.117,
        -9.5,
        0,
        4.167,
        -9.973,
        0,
        4.833,
        1.163,
        0,
        5.583,
        -0.309,
        2,
        5.75,
        -0.309
      ]
    },
    {
      "Target": "Parameter",
      "Id": "ParamJiaoR",
      "FadeInTime": -1.0,
      "FadeOutTime": -1.0,
      "Segments": [
        0,
        -0.18,
        0,
        0.467,
        -2.744,
        0,
        1,
        5.676,
        1,
        1.194,
        5.676,
        1.389,
        2.152,
        1.583,
        0.156,
        1,
        1.8,
        -2.068,
        2.016,
        -2.216,
        2.233,
        -2.216,
        0,
        3.283,
        1.185,
        0,
        4.25,
        -2.216,
        0,
        4.917,
        3.551,
        0,
        5.667,
        -0.184,
        2,
        5.75,
        -0.184
      ]
    },
    {
      "Target": "Parameter",
      "Id": "ParamXiaoTuiRUD",
      "FadeInTime": -1.0,
      "FadeOutTime": -1.0,
      "Segments": [
        0,
        0,
        0,
        0.917,
        -5,
        0,
        1.5,
        0,
        2,
        5.75,
        0
      ]
    },
    {
      "Target": "Parameter",
      "Id": "Param25",
      "FadeInTime": -1.0,
      "FadeOutTime": -1.0,
      "Segments": [
        0,
        0,
        2,
        0.917,
        0,
        0,
        1.5,
        10,
        2,
        4.083,
        10,
        0,
        4.75,
        0,
        2,
        5.75,
        0
      ]
    },
    {
      "Target": "Parameter",
      "Id": "Param74",
      "FadeInTime": -1.0,
      "FadeOutTime": -1.0,
      "Segments": [
        0,
        0,
        0,
        0.833,
        -4,
        0,
        1.417,
        0,
        2,
        4.35,
        0,
        0,
        4.683,
        -1.92,
        2,
        5.05,
        -1.92,
        0,
        5.75,
        0
      ]
    },
    {
      "Target": "Parameter",
      "Id": "ParamOPRX1",
      "FadeInTime": -1.0,
      "FadeOutTime": -1.0,
      "Segments": [
        0,
        0,
        0,
        0.2,
        -4.501,
        0,
        0.5,
        4.304,
        0,
        0.833,
        -1.89,
        0,
        1.033,
        16.26,
        0,
        1.3,
        -23.658,
        0,
        1.583,
        6.573,
        0,
        1.75,
        3.32,
        0,
        1.967,
        13.797,
        0,
        2.3,
        -14.643,
        0,
        2.567,
        1.66,
        0,
        2.8,
        -3.381,
        0,
        3.183,
        8.805,
        0,
        3.583,
        -3.491,
        0,
        3.883,
        0.676,
        0,
        4,
        0.53,
        2,
        4.017,
        0.53,
        0,
        4.25,
        -11.264,
        0,
        4.6,
        13.946,
        0,
        5.2,
        -6.656,
        0,
        5.517,
        0.913,
        0,
        5.65,
        0.161,
        1,
        5.683,
        0.161,
        5.717,
        0.857,
        5.75,
        1.413
      ]
    },
    {
      "Target": "Parameter",
      "Id": "ParamOPRY1",
      "FadeInTime": -1.0,
      "FadeOutTime": -1.0,
      "Segments": [
        0,
        0,
        0,
        0.2,
        -4.501,
        0,
        0.5,
        4.304,
        0,
        0.833,
        -1.89,
        0,
        1.033,
        16.26,
        0,
        1.3,
        -23.658,
        0,
        1.967,
        13.797,
        0,
        2.3,
        -14.643,
        0,
        3.183,
        8.805,
        0,
        3.583,
        -3.491,
        0,
        3.883,
        0.676,
        0,
        4.25,
        -11.264,
        0,
        4.6,
        13.946,
        0,
        5.2,
        -6.656,
        0,
        5.517,
        0.913,
        0,
        5.75,
        0
      ]
    },
    {
      "Target": "Parameter",
      "Id": "ParamOPRY2",
      "FadeInTime": -1.0,
      "FadeOutTime": -1.0,
      "Segments": [
        0,
        0,
        0,
        0.133,
        2.481,
        0,
        0.4,
        -7.602,
        0,
        0.683,
        6.394,
        0,
        0.967,
        -11.172,
        0,
        1.2,
        28.649,
        0,
        1.467,
        -29.749,
        0,
        1.75,
        8.82,
        0,
        1.917,
        -3.881,
        0,
        2.183,
        19.452,
        0,
        2.467,
        -18.297,
        0,
        2.733,
        5.97,
        0,
        3,
        -8.139,
        0,
        3.367,
        11.265,
        0,
        3.733,
        -4.235,
        0,
        4.017,
        1.851,
        0,
        4.033,
        1.824,
        0,
        4.167,
        5.906,
        0,
        4.45,
        -17.362,
        0,
        4.767,
        17.619,
        0,
        5.05,
        -2.308,
        0,
        5.183,
        0.331,
        0,
        5.417,
        -7.115,
        0,
        5.667,
        0.848,
        1,
        5.695,
        0.848,
        5.722,
        0.029,
        5.75,
        -0.585
      ]
    },
    {
      "Target": "Parameter",
      "Id": "ParamOPLX1",
      "FadeInTime": -1.0,
      "FadeOutTime": -1.0,
      "Segments": [
        0,
        0,
        2,
        0.067,
        0,
        0,
        0.25,
        3.368,
        0,
        0.517,
        -6.404,
        0,
        0.8,
        6.324,
        0,
        1.083,
        -14.566,
        0,
        1.3,
        25.751,
        0,
        1.567,
        -26.449,
        0,
        1.85,
        12.185,
        0,
        2.067,
        -10.658,
        0,
        2.317,
        16.532,
        0,
        2.583,
        -16.197,
        0,
        2.85,
        11.643,
        0,
        3.15,
        -10.526,
        0,
        3.467,
        8.182,
        0,
        3.817,
        -5.114,
        0,
        4.283,
        7.168,
        0,
        4.567,
        -14.662,
        0,
        4.867,
        14.046,
        0,
        5.133,
        -5.673,
        0,
        5.35,
        2.884,
        0,
        5.567,
        -3.404,
        1,
        5.628,
        -3.404,
        5.689,
        0.371,
        5.75,
        1.532
      ]
    },
    {
      "Target": "Parameter",
      "Id": "ParamTuiRou1",
      "FadeInTime": -1.0,
      "FadeOutTime": -1.0,
      "Segments": [
        0,
        0,
        0,
        0.2,
        -4.501,
        0,
        0.5,
        4.304,
        0,
        0.833,
        -1.89,
        0,
        1.033,
        16.26,
        0,
        1.3,
        -23.658,
        0,
        1.583,
        6.573,
        0,
        1.75,
        3.32,
        0,
        1.967,
        13.797,
        0,
        2.3,
        -14.643,
        0,
        2.567,
        1.66,
        0,
        2.8,
        -3.381,
        0,
        3.183,
        8.805,
        0,
        3.583,
        -3.491,
        0,
        3.883,
        0.676,
        0,
        4,
        0.53,
        2,
        4.017,
        0.53,
        0,
        4.25,
        -11.264,
        0,
        4.6,
        13.946,
        0,
        5.2,
        -6.656,
        0,
        5.517,
        0.913,
        0,
        5.65,
        0.161,
        1,
        5.683,
        0.161,
        5.717,
        0.857,
        5.75,
        1.413
      ]
    },
    {
      "Target": "Parameter",
      "Id": "ParamTuiRou2",
      "FadeInTime": -1.0,
      "FadeOutTime": -1.0,
      "Segments": [
        0,
        0,
        0,
        0.133,
        2.481,
        0,
        0.4,
        -7.602,
        0,
        0.683,
        6.394,
        0,
        0.967,
        -11.172,
        0,
        1.2,
        28.649,
        0,
        1.467,
        -29.749,
        0,
        1.75,
        8.82,
        0,
        1.917,
        -3.881,
        0,
        2.183,
        19.452,
        0,
        2.467,
        -18.297,
        0,
        2.733,
        5.97,
        0,
        3,
        -8.139,
        0,
        3.367,
        11.265,
        0,
        3.733,
        -4.235,
        0,
        4.017,
        1.851,
        0,
        4.033,
        1.824,
        0,
        4.167,
        5.906,
        0,
        4.45,
        -17.362,
        0,
        4.767,
        17.619,
        0,
        5.05,
        -2.308,
        0,
        5.183,
        0.331,
        0,
        5.417,
        -7.115,
        0,
        5.667,
        0.848,
        1,
        5.695,
        0.848,
        5.722,
        0.029,
        5.75,
        -0.585
      ]
    },
    {
      "Target": "Parameter",
      "Id": "ParamTuiRou3",
      "FadeInTime": -1.0,
      "FadeOutTime": -1.0,
      "Segments": [
        0,
        0,
        2,
        0.067,
        0,
        0,
        0.25,
        3.368,
        0,
        0.517,
        -6.404,
        0,
        0.8,
        6.324,
        0,
        1.083,
        -14.566,
        0,
        1.3,
        25.751,
        0,
        1.567,
        -26.449,
        0,
        1.85,
        12.185,
        0,
        2.067,
        -10.658,
        0,
        2.317,
        16.532,
        0,
        2.583,
        -16.197,
        0,
        2.85,
        11.643,
        0,
        3.15,
        -10.526,
        0,
        3.467,
        8.182,
        0,
        3.817,
        -5.114,
        0,
        4.283,
        7.168,
        0,
        4.567,
        -14.662,
        0,
        4.867,
        14.046,
        0,
        5.133,
        -5.673,
        0,
        5.35,
        2.884,
        0,
        5.567,
        -3.404,
        1,
        5.628,
        -3.404,
        5.689,
        0.371,
        5.75,
        1.532
      ]
    },
    {
      "Target": "Parameter",
      "Id": "Param29",
      "FadeInTime": -1.0,
      "FadeOutTime": -1.0,
      "Segments": [
        0,
        0,
        0,
        0.233,
        -0.913,
        0,
        0.533,
        -0.218,
        2,
        0.55,
        -0.218,
        2,
        0.567,
        -0.218,
        0,
        0.683,
        -0.247,
        0,
        1.2,
        5.383,
        0,
        1.5,
        -6.034,
        0,
        1.8,
        0.65,
        0,
        1.983,
        -0.71,
        0,
        2.267,
        2.216,
        0,
        2.567,
        0.573,
        0,
        2.7,
        0.734,
        0,
        3.083,
        -1.087,
        0,
        3.35,
        0.525,
        0,
        3.617,
        -0.254,
        0,
        3.883,
        0.123,
        0,
        4.25,
        -4.178,
        0,
        4.6,
        3.775,
        0,
        4.867,
        -1.22,
        0,
        5.117,
        1.133,
        0,
        5.417,
        -0.221,
        0,
        5.617,
        0.08,
        1,
        5.661,
        0.08,
        5.706,
        -0.078,
        5.75,
        -0.184
      ]
    },
    {
      "Target": "Parameter",
      "Id": "Param30",
      "FadeInTime": -1.0,
      "FadeOutTime": -1.0,
      "Segments": [
        0,
        0,
        0,
        0.167,
        0.594,
        0,
        0.417,
        -1.172,
        0,
        0.683,
        -0.15,
        0,
        0.917,
        -0.56,
        0,
        1,
        -0.45,
        0,
        1.133,
        -2.158,
        0,
        1.4,
        8.157,
        0,
        1.683,
        -7.448,
        0,
        1.95,
        2.01,
        0,
        2.183,
        -2.669,
        0,
        2.45,
        2.72,
        0,
        2.717,
        0.243,
        0,
        2.95,
        1.444,
        0,
        3.267,
        -1.491,
        0,
        3.533,
        1.011,
        0,
        3.8,
        -0.572,
        0,
        4.167,
        1.956,
        0,
        4.45,
        -5.964,
        0,
        4.767,
        5.213,
        0,
        5.033,
        -2.821,
        0,
        5.3,
        2.207,
        0,
        5.583,
        -0.602,
        1,
        5.639,
        -0.602,
        5.694,
        -0.013,
        5.75,
        0.324
      ]
    },
    {
      "Target": "Parameter",
      "Id": "ParamQianFa1_1",
      "FadeInTime": -1.0,
      "FadeOutTime": -1.0,
      "Segments": [
        0,
        0,
        0,
        0.233,
        -4.5,
        0,
        0.567,
        1.271,
        0,
        0.7,
        0.949,
        0,
        1.033,
        14.751,
        0,
        1.433,
        -14.212,
        0,
        1.717,
        1.601,
        0,
        1.933,
        -3.212,
        0,
        2.283,
        7.715,
        0,
        3.083,
        -5.765,
        0,
        3.367,
        0.908,
        0,
        3.6,
        -1.456,
        0,
        3.867,
        2.256,
        0,
        4.25,
        -8.426,
        0,
        4.717,
        8.769,
        0,
        5.017,
        -3.223,
        0,
        5.317,
        -0.084,
        0,
        5.517,
        -0.838,
        1,
        5.595,
        -0.838,
        5.672,
        0.142,
        5.75,
        0.577
      ]
    },
    {
      "Target": "Parameter",
      "Id": "ParamQianFa1_2",
      "FadeInTime": -1.0,
      "FadeOutTime": -1.0,
      "Segments": [
        0,
        0,
        0,
        0.133,
        2.191,
        0,
        0.433,
        -7.438,
        0,
        0.717,
        -0.784,
        0,
        0.95,
        -6.144,
        0,
        1.233,
        23.301,
        0,
        1.617,
        -15.128,
        0,
        1.867,
        1.483,
        0,
        2.117,
        -11.438,
        0,
        2.483,
        9.12,
        0,
        2.733,
        4.179,
        0,
        2.95,
        6.904,
        0,
        3.283,
        -6.659,
        0,
        3.533,
        1.312,
        0,
        3.783,
        -4.718,
        0,
        4.133,
        4.474,
        0,
        4.433,
        -14.258,
        0,
        4.9,
        10.87,
        0,
        5.183,
        -1.978,
        0,
        5.45,
        2.11,
        0,
        5.75,
        -1.725
      ]
    },
    {
      "Target": "Parameter",
      "Id": "ParamQianFa1_3",
      "FadeInTime": -1.0,
      "FadeOutTime": -1.0,
      "Segments": [
        0,
        0,
        2,
        0.067,
        0,
        0,
        0.267,
        3.267,
        0,
        0.533,
        -4.574,
        0,
        0.8,
        2.263,
        0,
        1.067,
        -8.925,
        0,
        1.333,
        16.195,
        0,
        1.683,
        -12.887,
        0,
        1.967,
        9.762,
        0,
        2.25,
        -10.589,
        0,
        2.55,
        7.049,
        0,
        2.833,
        -3.225,
        0,
        3.1,
        5.058,
        0,
        3.383,
        -5.84,
        0,
        3.65,
        4.611,
        0,
        3.917,
        -4.475,
        0,
        4.233,
        6.827,
        0,
        4.55,
        -9.878,
        0,
        4.983,
        6.66,
        0,
        5.283,
        -5.159,
        0,
        5.567,
        3.249,
        1,
        5.628,
        3.249,
        5.689,
        0.92,
        5.75,
        -0.724
      ]
    },
    {
      "Target": "Parameter",
      "Id": "ParamQianFa1_4",
      "FadeInTime": -1.0,
      "FadeOutTime": -1.0,
      "Segments": [
        0,
        0,
        2,
        0.15,
        0,
        0,
        0.35,
        3.373,
        0,
        0.633,
        -5.911,
        0,
        0.9,
        3.712,
        0,
        1.15,
        -10.326,
        0,
        1.417,
        20.102,
        0,
        1.75,
        -17.971,
        0,
        2.067,
        14.717,
        0,
        2.35,
        -15.361,
        0,
        2.65,
        11.758,
        0,
        2.933,
        -6.505,
        0,
        3.2,
        7.406,
        0,
        3.483,
        -8.267,
        0,
        3.75,
        7.065,
        0,
        4.017,
        -6.673,
        0,
        4.317,
        9.423,
        0,
        4.633,
        -13.183,
        0,
        5.017,
        8.778,
        0,
        5.367,
        -7.468,
        0,
        5.667,
        5.68,
        1,
        5.695,
        5.68,
        5.722,
        4.832,
        5.75,
        3.635
      ]
    },
    {
      "Target": "Parameter",
      "Id": "ParamQianFa2_1",
      "FadeInTime": -1.0,
      "FadeOutTime": -1.0,
      "Segments": [
        0,
        0,
        0,
        0.25,
        -5.365,
        0,
        0.617,
        2.057,
        0,
        0.75,
        1.696,
        0,
        1.05,
        16.816,
        0,
        1.45,
        -18.712,
        0,
        1.75,
        3.615,
        0,
        1.983,
        -3.475,
        0,
        2.333,
        10.55,
        0,
        2.683,
        -0.68,
        0,
        2.817,
        -0.019,
        0,
        3.117,
        -6.652,
        0,
        3.433,
        1.327,
        0,
        3.65,
        -1.245,
        0,
        3.917,
        2.251,
        0,
        4.267,
        -10.275,
        0,
        4.7,
        11.658,
        0,
        5.033,
        -4.817,
        0,
        5.35,
        0.787,
        0,
        5.6,
        -1.56,
        1,
        5.65,
        -1.56,
        5.7,
        -0.745,
        5.75,
        0.021
      ]
    },
    {
      "Target": "Parameter",
      "Id": "ParamQianFa2_2",
      "FadeInTime": -1.0,
      "FadeOutTime": -1.0,
      "Segments": [
        0,
        0,
        0,
        0.15,
        2.887,
        0,
        0.467,
        -8.001,
        0,
        0.767,
        -0.586,
        0,
        0.967,
        -7.136,
        0,
        1.267,
        24.438,
        0,
        1.633,
        -17.887,
        0,
        1.917,
        2.88,
        0,
        2.183,
        -12.504,
        0,
        2.533,
        12.038,
        0,
        2.817,
        2.864,
        0,
        3.033,
        7.232,
        2,
        3.05,
        7.232,
        0,
        3.333,
        -7.338,
        0,
        3.6,
        1.314,
        0,
        3.85,
        -4.526,
        0,
        4.167,
        6.319,
        0,
        4.483,
        -15.924,
        0,
        4.9,
        13.067,
        0,
        5.217,
        -3.294,
        0,
        5.517,
        3.421,
        1,
        5.595,
        3.42,
        5.672,
        -0.896,
        5.75,
        -2.419
      ]
    },
    {
      "Target": "Parameter",
      "Id": "ParamQianFa2_3",
      "FadeInTime": -1.0,
      "FadeOutTime": -1.0,
      "Segments": [
        0,
        0,
        2,
        0.083,
        0,
        0,
        0.283,
        3.57,
        0,
        0.567,
        -4.972,
        0,
        0.85,
        2.279,
        0,
        1.083,
        -8.989,
        0,
        1.367,
        16.881,
        0,
        1.717,
        -15.03,
        0,
        2.017,
        11.143,
        0,
        2.3,
        -12.187,
        0,
        2.617,
        9.462,
        0,
        2.9,
        -4.737,
        0,
        3.167,
        6.081,
        0,
        3.433,
        -6.371,
        0,
        3.717,
        4.643,
        0,
        3.983,
        -4.199,
        0,
        4.283,
        8.132,
        0,
        4.583,
        -11.572,
        0,
        4.983,
        9.424,
        0,
        5.3,
        -6.749,
        0,
        5.617,
        4.531,
        1,
        5.661,
        4.531,
        5.706,
        2.953,
        5.75,
        1.199
      ]
    },
    {
      "Target": "Parameter",
      "Id": "ParamQianFa2_4",
      "FadeInTime": -1.0,
      "FadeOutTime": -1.0,
      "Segments": [
        0,
        0,
        2,
        0.167,
        0,
        0,
        0.367,
        3.675,
        0,
        0.667,
        -6.454,
        0,
        0.933,
        3.689,
        0,
        1.167,
        -10.271,
        0,
        1.45,
        20.692,
        0,
        1.783,
        -20.24,
        0,
        2.1,
        16.544,
        0,
        2.4,
        -17.417,
        0,
        2.7,
        14.806,
        0,
        3,
        -8.748,
        0,
        3.267,
        8.73,
        0,
        3.55,
        -9.163,
        0,
        3.817,
        7.304,
        0,
        4.083,
        -6.327,
        0,
        4.367,
        10.496,
        0,
        4.667,
        -15.393,
        0,
        5.05,
        12.919,
        0,
        5.383,
        -10.187,
        0,
        5.7,
        7.556,
        1,
        5.717,
        7.556,
        5.733,
        7.184,
        5.75,
        6.565
      ]
    },
    {
      "Target": "Parameter",
      "Id": "ParamQianFa3_1",
      "FadeInTime": -1.0,
      "FadeOutTime": -1.0,
      "Segments": [
        0,
        0,
        0,
        0.25,
        -5.365,
        0,
        0.617,
        2.057,
        0,
        0.75,
        1.696,
        0,
        1.05,
        16.816,
        0,
        1.45,
        -18.712,
        0,
        1.75,
        3.615,
        0,
        1.983,
        -3.475,
        0,
        2.333,
        10.55,
        0,
        2.683,
        -0.68,
        0,
        2.817,
        -0.019,
        0,
        3.117,
        -6.652,
        0,
        3.433,
        1.327,
        0,
        3.65,
        -1.245,
        0,
        3.917,
        2.251,
        0,
        4.267,
        -10.275,
        0,
        4.7,
        11.658,
        0,
        5.033,
        -4.817,
        0,
        5.35,
        0.787,
        0,
        5.6,
        -1.56,
        1,
        5.65,
        -1.56,
        5.7,
        -0.745,
        5.75,
        0.021
      ]
    },
    {
      "Target": "Parameter",
      "Id": "ParamQianFa3_2",
      "FadeInTime": -1.0,
      "FadeOutTime": -1.0,
      "Segments": [
        0,
        0,
        0,
        0.15,
        2.887,
        0,
        0.467,
        -8.001,
        0,
        0.767,
        -0.586,
        0,
        0.967,
        -7.136,
        0,
        1.267,
        24.438,
        0,
        1.633,
        -17.887,
        0,
        1.917,
        2.88,
        0,
        2.183,
        -12.504,
        0,
        2.533,
        12.038,
        0,
        2.817,
        2.864,
        0,
        3.033,
        7.232,
        2,
        3.05,
        7.232,
        0,
        3.333,
        -7.338,
        0,
        3.6,
        1.314,
        0,
        3.85,
        -4.526,
        0,
        4.167,
        6.319,
        0,
        4.483,
        -15.924,
        0,
        4.9,
        13.067,
        0,
        5.217,
        -3.294,
        0,
        5.517,
        3.421,
        1,
        5.595,
        3.42,
        5.672,
        -0.896,
        5.75,
        -2.419
      ]
    },
    {
      "Target": "Parameter",
      "Id": "ParamQianFa3_3",
      "FadeInTime": -1.0,
      "FadeOutTime": -1.0,
      "Segments": [
        0,
        0,
        2,
        0.083,
        0,
        0,
        0.283,
        3.57,
        0,
        0.567,
        -4.972,
        0,
        0.85,
        2.279,
        0,
        1.083,
        -8.989,
        0,
        1.367,
        16.881,
        0,
        1.717,
        -15.03,
        0,
        2.017,
        11.143,
        0,
        2.3,
        -12.187,
        0,
        2.617,
        9.462,
        0,
        2.9,
        -4.737,
        0,
        3.167,
        6.081,
        0,
        3.433,
        -6.371,
        0,
        3.717,
        4.643,
        0,
        3.983,
        -4.199,
        0,
        4.283,
        8.132,
        0,
        4.583,
        -11.572,
        0,
        4.983,
        9.424,
        0,
        5.3,
        -6.749,
        0,
        5.617,
        4.531,
        1,
        5.661,
        4.531,
        5.706,
        2.953,
        5.75,
        1.199
      ]
    },
    {
      "Target": "Parameter",
      "Id": "ParamQianFa3_4",
      "FadeInTime": -1.0,
      "FadeOutTime": -1.0,
      "Segments": [
        0,
        0,
        2,
        0.167,
        0,
        0,
        0.367,
        3.675,
        0,
        0.667,
        -6.454,
        0,
        0.933,
        3.689,
        0,
        1.167,
        -10.271,
        0,
        1.45,
        20.692,
        0,
        1.783,
        -20.24,
        0,
        2.1,
        16.544,
        0,
        2.4,
        -17.417,
        0,
        2.7,
        14.806,
        0,
        3,
        -8.748,
        0,
        3.267,
        8.73,
        0,
        3.55,
        -9.163,
        0,
        3.817,
        7.304,
        0,
        4.083,
        -6.327,
        0,
        4.367,
        10.496,
        0,
        4.667,
        -15.393,
        0,
        5.05,
        12.919,
        0,
        5.383,
        -10.187,
        0,
        5.7,
        7.556,
        1,
        5.717,
        7.556,
        5.733,
        7.184,
        5.75,
        6.565
      ]
    },
    {
      "Target": "Parameter",
      "Id": "Param19",
      "FadeInTime": -1.0,
      "FadeOutTime": -1.0,
      "Segments": [
        0,
        0,
        1,
        1.917,
        9.84,
        3.833,
        19.679,
        5.75,
        29.519
      ]
    },
    {
      "Target": "Parameter",
      "Id": "Param16",
      "FadeInTime": -1.0,
      "FadeOutTime": -1.0,
      "Segments": [
        0,
        0,
        0,
        2.567,
        9,
        0,
        5.167,
        0,
        1,
        5.361,
        0,
        5.556,
        0.453,
        5.75,
        1.156
      ]
    },
    {
      "Target": "Parameter",
      "Id": "Param14",
      "FadeInTime": -1.0,
      "FadeOutTime": -1.0,
      "Segments": [
        0,
        0,
        1,
        1.917,
        1.23,
        3.833,
        2.46,
        5.75,
        3.69
      ]
    },
    {
      "Target": "Parameter",
      "Id": "Param15",
      "FadeInTime": -1.0,
      "FadeOutTime": -1.0,
      "Segments": [
        0,
        0,
        2,
        1.233,
        0,
        0,
        1.3,
        10,
        0,
        1.383,
        8.228,
        0,
        1.45,
        10,
        0,
        1.55,
        7.31,
        1,
        1.578,
        7.31,
        1.605,
        9.944,
        1.633,
        9.948,
        1,
        1.916,
        9.986,
        2.2,
        10,
        2.483,
        10,
        0,
        2.567,
        6.706,
        0,
        2.633,
        10,
        0,
        2.717,
        8.215,
        0,
        2.8,
        9.995,
        1,
        3.161,
        9.999,
        3.522,
        10,
        3.883,
        10,
        0,
        3.967,
        6.706,
        0,
        4.033,
        10,
        0,
        4.117,
        8.215,
        0,
        4.2,
        9.995,
        1,
        4.517,
        9.999,
        4.833,
        10,
        5.15,
        10,
        0,
        5.233,
        6.706,
        0,
        5.3,
        10,
        0,
        5.383,
        8.215,
        0,
        5.467,
        9.995,
        1,
        5.561,
        9.996,
        5.656,
        9.996,
        5.75,
        9.997
      ]
    },
    {
      "Target": "Parameter",
      "Id": "Param18",
      "FadeInTime": -1.0,
      "FadeOutTime": -1.0,
      "Segments": [
        0,
        5,
        1,
        1.917,
        6.23,
        3.833,
        7.46,
        5.75,
        8.69
      ]
    },
    {
      "Target": "Parameter",
      "Id": "Param17",
      "FadeInTime": -1.0,
      "FadeOutTime": -1.0,
      "Segments": [
        0,
        0,
        2,
        0.85,
        0,
        0,
        0.917,
        10,
        0,
        1,
        8.228,
        0,
        1.067,
        10,
        0,
        1.167,
        7.31,
        1,
        1.195,
        7.31,
        1.222,
        9.943,
        1.25,
        9.948,
        1,
        1.472,
        9.987,
        1.695,
        10,
        1.917,
        10,
        0,
        2,
        6.706,
        0,
        2.067,
        10,
        0,
        2.15,
        8.215,
        0,
        2.233,
        9.995,
        1,
        2.516,
        9.999,
        2.8,
        10,
        3.083,
        10,
        0,
        3.167,
        6.706,
        0,
        3.233,
        10,
        0,
        3.317,
        8.215,
        0,
        3.4,
        9.995,
        1,
        3.717,
        9.999,
        4.033,
        10,
        4.35,
        10,
        0,
        4.433,
        6.706,
        0,
        4.5,
        10,
        0,
        4.583,
        8.215,
        0,
        4.667,
        9.995,
        1,
        5.028,
        9.998,
        5.389,
        9.999,
        5.75,
        10
      ]
    },
    {
      "Target": "Parameter",
      "Id": "Param6",
      "FadeInTime": -1.0,
      "FadeOutTime": -1.0,
      "Segments": [
        0,
        2.91,
        0,
        2.583,
        -2.913,
        0,
        5.183,
        2.913,
        1,
        5.372,
        2.913,
        5.561,
        2.636,
        5.75,
        2.203
      ]
    },
    {
      "Target": "Parameter",
      "Id": "Param7",
      "FadeInTime": -1.0,
      "FadeOutTime": -1.0,
      "Segments": [
        0,
        2,
        0,
        0.85,
        4.016,
        0,
        3.45,
        -4.016,
        1,
        4.217,
        -4.016,
        4.983,
        2.269,
        5.75,
        3.72
      ]
    },
    {
      "Target": "Parameter",
      "Id": "Param8",
      "FadeInTime": -1.0,
      "FadeOutTime": -1.0,
      "Segments": [
        0,
        -2.32,
        0,
        1.717,
        4.987,
        0,
        4.317,
        -4.987,
        1,
        4.795,
        -4.987,
        5.272,
        -1.956,
        5.75,
        0.765
      ]
    },
    {
      "Target": "Parameter",
      "Id": "Param9",
      "FadeInTime": -1.0,
      "FadeOutTime": -1.0,
      "Segments": [
        0,
        -7.74,
        0,
        2.583,
        7.743,
        0,
        5.183,
        -7.743,
        1,
        5.372,
        -7.743,
        5.561,
        -7.007,
        5.75,
        -5.857
      ]
    },
    {
      "Target": "Parameter",
      "Id": "Param12",
      "FadeInTime": -1.0,
      "FadeOutTime": -1.0,
      "Segments": [
        0,
        0,
        1,
        1.917,
        1.23,
        3.833,
        2.46,
        5.75,
        3.69
      ]
    },
    {
      "Target": "Parameter",
      "Id": "Param13",
      "FadeInTime": -1.0,
      "FadeOutTime": -1.0,
      "Segments": [
        0,
        5,
        1,
        1.917,
        6.23,
        3.833,
        7.46,
        5.75,
        8.69
      ]
    },
    {
      "Target": "Parameter",
      "Id": "MB_wutixialuoxunhuan",
      "FadeInTime": -1.0,
      "FadeOutTime": -1.0,
      "Segments": [
        0,
        0,
        1,
        1.917,
        0.369,
        3.833,
        0.738,
        5.75,
        1.107
      ]
    },
    {
      "Target": "Parameter",
      "Id": "MB_wutixialuojiaodu",
      "FadeInTime": -1.0,
      "FadeOutTime": -1.0,
      "Segments": [
        0,
        0,
        1,
        1.917,
        0.495,
        3.833,
        0.989,
        5.75,
        1.484
      ]
    },
    {
      "Target": "Parameter",
      "Id": "MB_Awutifanzhuan",
      "FadeInTime": -1.0,
      "FadeOutTime": -1.0,
      "Segments": [
        0,
        0,
        0,
        1.8,
        1,
        0,
        3.783,
        0,
        1,
        4.439,
        0,
        5.094,
        0.967,
        5.75,
        0.999
      ]
    },
    {
      "Target": "Parameter",
      "Id": "MB_Awutidaxiao",
      "FadeInTime": -1.0,
      "FadeOutTime": -1.0,
      "Segments": [
        0,
        0,
        0,
        3.783,
        0.1,
        1,
        4.439,
        0.1,
        5.094,
        0.075,
        5.75,
        0.051
      ]
    },
    {
      "Target": "Parameter",
      "Id": "MB_Awutijiaodu",
      "FadeInTime": -1.0,
      "FadeOutTime": -1.0,
      "Segments": [
        0,
        1,
        0,
        3.783,
        0.307,
        1,
        4.439,
        0.307,
        5.094,
        0.477,
        5.75,
        0.649
      ]
    },
    {
      "Target": "Parameter",
      "Id": "MB_Bwutifanzhuan",
      "FadeInTime": -1.0,
      "FadeOutTime": -1.0,
      "Segments": [
        0,
        1,
        0,
        3.783,
        -1,
        1,
        4.439,
        -1,
        5.094,
        -0.508,
        5.75,
        -0.013
      ]
    },
    {
      "Target": "Parameter",
      "Id": "MB_Bwutidaxiao",
      "FadeInTime": -1.0,
      "FadeOutTime": -1.0,
      "Segments": [
        0,
        0,
        0,
        3.783,
        0.1,
        1,
        4.439,
        0.1,
        5.094,
        0.075,
        5.75,
        0.051
      ]
    },
    {
      "Target": "Parameter",
      "Id": "MB_Bwutijiaodu",
      "FadeInTime": -1.0,
      "FadeOutTime": -1.0,
      "Segments": [
        0,
        0,
        0,
        1.833,
        1,
        1,
        2.483,
        1,
        3.133,
        0.658,
        3.783,
        0,
        1,
        4.439,
        -0.664,
        5.094,
        -0.989,
        5.75,
        -1
      ]
    },
    {
      "Target": "Parameter",
      "Id": "MB_Cwutifanzhuan",
      "FadeInTime": -1.0,
      "FadeOutTime": -1.0,
      "Segments": [
        0,
        0,
        0,
        1.833,
        1,
        1,
        2.483,
        1,
        3.133,
        0.658,
        3.783,
        0,
        1,
        4.439,
        -0.664,
        5.094,
        -0.989,
        5.75,
        -1
      ]
    },
    {
      "Target": "Parameter",
      "Id": "MB_Cwutidaxiao",
      "FadeInTime": -1.0,
      "FadeOutTime": -1.0,
      "Segments": [
        0,
        0,
        0,
        3.783,
        -0.1,
        1,
        4.439,
        -0.1,
        5.094,
        -0.075,
        5.75,
        -0.051
      ]
    },
    {
      "Target": "Parameter",
      "Id": "MB_Cwutijiaodu",
      "FadeInTime": -1.0,
      "FadeOutTime": -1.0,
      "Segments": [
        0,
        -1,
        0,
        3.783,
        -0.142,
        1,
        4.439,
        -0.142,
        5.094,
        -0.353,
        5.75,
        -0.566
      ]
    },
    {
      "Target": "Parameter",
      "Id": "Param_Angle_Rotation_1_ArtMesh186",
      "FadeInTime": -1.0,
      "FadeOutTime": -1.0,
      "Segments": [
        0,
        0.99,
        0,
        2.583,
        -0.992,
        0,
        5.183,
        0.992,
        1,
        5.372,
        0.992,
        5.561,
        0.898,
        5.75,
        0.75
      ]
    },
    {
      "Target": "Parameter",
      "Id": "Param_Angle_Rotation_2_ArtMesh186",
      "FadeInTime": -1.0,
      "FadeOutTime": -1.0,
      "Segments": [
        0,
        0.91,
        0,
        0.3,
        0.992,
        0,
        2.9,
        -0.992,
        0,
        5.5,
        0.992,
        1,
        5.583,
        0.992,
        5.667,
        0.974,
        5.75,
        0.94
      ]
    },
    {
      "Target": "Parameter",
      "Id": "Param_Angle_Rotation_3_ArtMesh186",
      "FadeInTime": -1.0,
      "FadeOutTime": -1.0,
      "Segments": [
        0,
        0.68,
        0,
        0.633,
        0.992,
        0,
        3.233,
        -0.992,
        1,
        4.072,
        -0.992,
        4.911,
        0.867,
        5.75,
        0.986
      ]
    },
    {
      "Target": "Parameter",
      "Id": "Param_Angle_Rotation_4_ArtMesh186",
      "FadeInTime": -1.0,
      "FadeOutTime": -1.0,
      "Segments": [
        0,
        0.38,
        0,
        0.95,
        1.016,
        0,
        3.55,
        -1.016,
        1,
        4.283,
        -1.016,
        5.017,
        0.439,
        5.75,
        0.887
      ]
    },
    {
      "Target": "Parameter",
      "Id": "Param_Angle_Rotation_5_ArtMesh186",
      "FadeInTime": -1.0,
      "FadeOutTime": -1.0,
      "Segments": [
        0,
        0,
        0,
        1.283,
        1.016,
        0,
        3.883,
        -1.016,
        1,
        4.505,
        -1.016,
        5.128,
        0.031,
        5.75,
        0.622
      ]
    },
    {
      "Target": "Parameter",
      "Id": "Param_Angle_Rotation_6_ArtMesh186",
      "FadeInTime": -1.0,
      "FadeOutTime": -1.0,
      "Segments": [
        0,
        -0.36,
        0,
        1.6,
        1.016,
        0,
        4.2,
        -1.016,
        1,
        4.717,
        -1.016,
        5.233,
        -0.294,
        5.75,
        0.289
      ]
    },
    {
      "Target": "Parameter",
      "Id": "Param_Angle_Rotation_7_ArtMesh186",
      "FadeInTime": -1.0,
      "FadeOutTime": -1.0,
      "Segments": [
        0,
        -0.7,
        0,
        1.933,
        1.016,
        0,
        4.533,
        -1.016,
        1,
        4.939,
        -1.016,
        5.344,
        -0.571,
        5.75,
        -0.098
      ]
    },
    {
      "Target": "Parameter",
      "Id": "Param_Angle_Rotation_8_ArtMesh186",
      "FadeInTime": -1.0,
      "FadeOutTime": -1.0,
      "Segments": [
        0,
        -0.92,
        0,
        2.25,
        1.016,
        0,
        4.85,
        -1.016,
        1,
        5.15,
        -1.016,
        5.45,
        -0.773,
        5.75,
        -0.454
      ]
    },
    {
      "Target": "Parameter",
      "Id": "Param_Angle_Rotation_9_ArtMesh186",
      "FadeInTime": -1.0,
      "FadeOutTime": -1.0,
      "Segments": [
        0,
        -1.02,
        0,
        2.583,
        1.016,
        0,
        5.183,
        -1.016,
        1,
        5.372,
        -1.016,
        5.561,
        -0.919,
        5.75,
        -0.769
      ]
    },
    {
      "Target": "Parameter",
      "Id": "Param_Angle_Rotation_10_ArtMesh186",
      "FadeInTime": -1.0,
      "FadeOutTime": -1.0,
      "Segments": [
        0,
        -0.93,
        0,
        0.3,
        -1.016,
        0,
        2.9,
        1.016,
        0,
        5.5,
        -1.016,
        1,
        5.583,
        -1.016,
        5.667,
        -0.997,
        5.75,
        -0.963
      ]
    },
    {
      "Target": "Parameter",
      "Id": "Param_Angle_Rotation_11_ArtMesh186",
      "FadeInTime": -1.0,
      "FadeOutTime": -1.0,
      "Segments": [
        0,
        -2.06,
        0,
        0.633,
        -3,
        0,
        3.233,
        3,
        1,
        4.072,
        3,
        4.911,
        -2.622,
        5.75,
        -2.982
      ]
    },
    {
      "Target": "Parameter",
      "Id": "Param_Angle_Rotation_12_ArtMesh186",
      "FadeInTime": -1.0,
      "FadeOutTime": -1.0,
      "Segments": [
        0,
        -1.13,
        0,
        0.95,
        -3,
        0,
        3.55,
        3,
        1,
        4.283,
        3,
        5.017,
        -1.296,
        5.75,
        -2.618
      ]
    },
    {
      "Target": "Parameter",
      "Id": "Param_Angle_Rotation_13_ArtMesh186",
      "FadeInTime": -1.0,
      "FadeOutTime": -1.0,
      "Segments": [
        0,
        0,
        0,
        1.283,
        -3,
        0,
        3.883,
        3,
        1,
        4.505,
        3,
        5.128,
        -0.093,
        5.75,
        -1.837
      ]
    },
    {
      "Target": "Parameter",
      "Id": "Param_Angle_Rotation_14_ArtMesh186",
      "FadeInTime": -1.0,
      "FadeOutTime": -1.0,
      "Segments": [
        0,
        1.08,
        0,
        1.6,
        -3,
        0,
        4.2,
        3,
        1,
        4.717,
        3,
        5.233,
        0.868,
        5.75,
        -0.855
      ]
    },
    {
      "Target": "Parameter",
      "Id": "Param_Angle_Rotation_15_ArtMesh186",
      "FadeInTime": -1.0,
      "FadeOutTime": -1.0,
      "Segments": [
        0,
        2.06,
        0,
        1.933,
        -3,
        0,
        4.533,
        3,
        1,
        4.939,
        3,
        5.344,
        1.686,
        5.75,
        0.288
      ]
    },
    {
      "Target": "Parameter",
      "Id": "Param_Angle_Rotation_1_ArtMesh187",
      "FadeInTime": -1.0,
      "FadeOutTime": -1.0,
      "Segments": [
        0,
        -0.99,
        0,
        2.583,
        0.992,
        0,
        5.183,
        -0.992,
        1,
        5.372,
        -0.992,
        5.561,
        -0.898,
        5.75,
        -0.75
      ]
    },
    {
      "Target": "Parameter",
      "Id": "Param_Angle_Rotation_2_ArtMesh187",
      "FadeInTime": -1.0,
      "FadeOutTime": -1.0,
      "Segments": [
        0,
        -0.91,
        0,
        0.3,
        -0.992,
        0,
        2.9,
        0.992,
        0,
        5.5,
        -0.992,
        1,
        5.583,
        -0.992,
        5.667,
        -0.974,
        5.75,
        -0.94
      ]
    },
    {
      "Target": "Parameter",
      "Id": "Param_Angle_Rotation_3_ArtMesh187",
      "FadeInTime": -1.0,
      "FadeOutTime": -1.0,
      "Segments": [
        0,
        -0.68,
        0,
        0.633,
        -0.992,
        0,
        3.233,
        0.992,
        1,
        4.072,
        0.992,
        4.911,
        -0.867,
        5.75,
        -0.986
      ]
    },
    {
      "Target": "Parameter",
      "Id": "Param_Angle_Rotation_4_ArtMesh187",
      "FadeInTime": -1.0,
      "FadeOutTime": -1.0,
      "Segments": [
        0,
        -0.38,
        0,
        0.95,
        -1.016,
        0,
        3.55,
        1.016,
        1,
        4.283,
        1.016,
        5.017,
        -0.439,
        5.75,
        -0.887
      ]
    },
    {
      "Target": "Parameter",
      "Id": "Param_Angle_Rotation_5_ArtMesh187",
      "FadeInTime": -1.0,
      "FadeOutTime": -1.0,
      "Segments": [
        0,
        0,
        0,
        1.283,
        -1.016,
        0,
        3.883,
        1.016,
        1,
        4.505,
        1.016,
        5.128,
        -0.031,
        5.75,
        -0.622
      ]
    },
    {
      "Target": "Parameter",
      "Id": "Param_Angle_Rotation_6_ArtMesh187",
      "FadeInTime": -1.0,
      "FadeOutTime": -1.0,
      "Segments": [
        0,
        0.36,
        0,
        1.6,
        -1.016,
        0,
        4.2,
        1.016,
        1,
        4.717,
        1.016,
        5.233,
        0.294,
        5.75,
        -0.289
      ]
    },
    {
      "Target": "Parameter",
      "Id": "Param_Angle_Rotation_7_ArtMesh187",
      "FadeInTime": -1.0,
      "FadeOutTime": -1.0,
      "Segments": [
        0,
        0.7,
        0,
        1.933,
        -1.016,
        0,
        4.533,
        1.016,
        1,
        4.939,
        1.016,
        5.344,
        0.571,
        5.75,
        0.098
      ]
    },
    {
      "Target": "Parameter",
      "Id": "Param_Angle_Rotation_8_ArtMesh187",
      "FadeInTime": -1.0,
      "FadeOutTime": -1.0,
      "Segments": [
        0,
        0.92,
        0,
        2.25,
        -1.016,
        0,
        4.85,
        1.016,
        1,
        5.15,
        1.016,
        5.45,
        0.773,
        5.75,
        0.454
      ]
    },
    {
      "Target": "Parameter",
      "Id": "Param_Angle_Rotation_9_ArtMesh187",
      "FadeInTime": -1.0,
      "FadeOutTime": -1.0,
      "Segments": [
        0,
        1.02,
        0,
        2.583,
        -1.016,
        0,
        5.183,
        1.016,
        1,
        5.372,
        1.016,
        5.561,
        0.919,
        5.75,
        0.769
      ]
    },
    {
      "Target": "Parameter",
      "Id": "Param_Angle_Rotation_10_ArtMesh187",
      "FadeInTime": -1.0,
      "FadeOutTime": -1.0,
      "Segments": [
        0,
        0.93,
        0,
        0.3,
        1.016,
        0,
        2.9,
        -1.016,
        0,
        5.5,
        1.016,
        1,
        5.583,
        1.016,
        5.667,
        0.997,
        5.75,
        0.963
      ]
    },
    {
      "Target": "Parameter",
      "Id": "Param_Angle_Rotation_11_ArtMesh187",
      "FadeInTime": -1.0,
      "FadeOutTime": -1.0,
      "Segments": [
        0,
        2.06,
        0,
        0.633,
        3,
        0,
        3.233,
        -3,
        1,
        4.072,
        -3,
        4.911,
        2.622,
        5.75,
        2.982
      ]
    },
    {
      "Target": "Parameter",
      "Id": "Param_Angle_Rotation_12_ArtMesh187",
      "FadeInTime": -1.0,
      "FadeOutTime": -1.0,
      "Segments": [
        0,
        1.13,
        0,
        0.95,
        3,
        0,
        3.55,
        -3,
        1,
        4.283,
        -3,
        5.017,
        1.296,
        5.75,
        2.618
      ]
    },
    {
      "Target": "Parameter",
      "Id": "Param_Angle_Rotation_13_ArtMesh187",
      "FadeInTime": -1.0,
      "FadeOutTime": -1.0,
      "Segments": [
        0,
        0,
        0,
        1.283,
        3,
        0,
        3.883,
        -3,
        1,
        4.505,
        -3,
        5.128,
        0.093,
        5.75,
        1.837
      ]
    },
    {
      "Target": "Parameter",
      "Id": "Param_Angle_Rotation_14_ArtMesh187",
      "FadeInTime": -1.0,
      "FadeOutTime": -1.0,
      "Segments": [
        0,
        -1.08,
        0,
        1.6,
        3,
        0,
        4.2,
        -3,
        1,
        4.717,
        -3,
        5.233,
        -0.868,
        5.75,
        0.855
      ]
    },
    {
      "Target": "Parameter",
      "Id": "Param_Angle_Rotation_15_ArtMesh187",
      "FadeInTime": -1.0,
      "FadeOutTime": -1.0,
      "Segments": [
        0,
        -2.06,
        0,
        1.933,
        3,
        0,
        4.533,
        -3,
        1,
        4.939,
        -3,
        5.344,
        -1.686,
        5.75,
        -0.288
      ]
    },
    {
      "Target": "Parameter",
      "Id": "Param_Angle_Rotation_1_ArtMesh188",
      "FadeInTime": -1.0,
      "FadeOutTime": -1.0,
      "Segments": [
        0,
        -3,
        0,
        3.85,
        3,
        1,
        4.483,
        3,
        5.117,
        1.564,
        5.75,
        0.097
      ]
    },
    {
      "Target": "Parameter",
      "Id": "Param_Angle_Rotation_2_ArtMesh188",
      "FadeInTime": -1.0,
      "FadeOutTime": -1.0,
      "Segments": [
        0,
        -2.6,
        0,
        0.617,
        -3,
        0,
        4.5,
        3,
        1,
        4.917,
        3,
        5.333,
        2.378,
        5.75,
        1.535
      ]
    },
    {
      "Target": "Parameter",
      "Id": "Param_Angle_Rotation_3_ArtMesh188",
      "FadeInTime": -1.0,
      "FadeOutTime": -1.0,
      "Segments": [
        0,
        -2.99,
        0,
        1.25,
        -5.277,
        0,
        5.15,
        4.079,
        1,
        5.35,
        4.079,
        5.55,
        3.856,
        5.75,
        3.478
      ]
    },
    {
      "Target": "Parameter",
      "Id": "Param_Angle_Rotation_4_ArtMesh188",
      "FadeInTime": -1.0,
      "FadeOutTime": -1.0,
      "Segments": [
        0,
        -0.75,
        0,
        1.9,
        -5.277,
        1,
        3.183,
        -5.277,
        4.467,
        3.841,
        5.75,
        4.074
      ]
    },
    {
      "Target": "Parameter",
      "Id": "Param_Angle_Rotation_5_ArtMesh188",
      "FadeInTime": -1.0,
      "FadeOutTime": -1.0,
      "Segments": [
        0,
        1.53,
        0,
        2.55,
        -5.277,
        1,
        3.617,
        -5.277,
        4.683,
        1.076,
        5.75,
        3.312
      ]
    },
    {
      "Target": "Parameter",
      "Id": "Param_Angle_Rotation_6_ArtMesh188",
      "FadeInTime": -1.0,
      "FadeOutTime": -1.0,
      "Segments": [
        0,
        5.97,
        0,
        3.2,
        -6.356,
        1,
        4.05,
        -6.356,
        4.9,
        -0.565,
        5.75,
        3.412
      ]
    },
    {
      "Target": "Parameter",
      "Id": "Param_Angle_Rotation_7_ArtMesh188",
      "FadeInTime": -1.0,
      "FadeOutTime": -1.0,
      "Segments": [
        0,
        7.07,
        0,
        3.85,
        -6.356,
        1,
        4.483,
        -6.356,
        5.117,
        -3.141,
        5.75,
        0.143
      ]
    },
    {
      "Target": "Parameter",
      "Id": "Param_Angle_Rotation_8_ArtMesh188",
      "FadeInTime": -1.0,
      "FadeOutTime": -1.0,
      "Segments": [
        0,
        6.17,
        0,
        0.617,
        7.075,
        0,
        4.5,
        -6.356,
        1,
        4.917,
        -6.356,
        5.333,
        -4.964,
        5.75,
        -3.077
      ]
    },
    {
      "Target": "Parameter",
      "Id": "Param_Angle_Rotation_9_ArtMesh188",
      "FadeInTime": -1.0,
      "FadeOutTime": -1.0,
      "Segments": [
        0,
        3.96,
        0,
        1.25,
        7.913,
        0,
        5.15,
        -8.273,
        1,
        5.35,
        -8.273,
        5.55,
        -7.887,
        5.75,
        -7.233
      ]
    },
    {
      "Target": "Parameter",
      "Id": "Param_Angle_Rotation_10_ArtMesh188",
      "FadeInTime": -1.0,
      "FadeOutTime": -1.0,
      "Segments": [
        0,
        0.08,
        0,
        1.9,
        7.913,
        1,
        3.183,
        7.913,
        4.467,
        -7.861,
        5.75,
        -8.265
      ]
    },
    {
      "Target": "Parameter",
      "Id": "Param_Angle_Rotation_11_ArtMesh188",
      "FadeInTime": -1.0,
      "FadeOutTime": -1.0,
      "Segments": [
        0,
        -3.86,
        0,
        2.55,
        7.913,
        1,
        3.617,
        7.913,
        4.683,
        -3.078,
        5.75,
        -6.946
      ]
    },
    {
      "Target": "Parameter",
      "Id": "Param_Angle_Rotation_12_ArtMesh188",
      "FadeInTime": -1.0,
      "FadeOutTime": -1.0,
      "Segments": [
        0,
        -8.59,
        0,
        3.2,
        9.351,
        1,
        4.05,
        9.351,
        4.9,
        0.925,
        5.75,
        -4.861
      ]
    },
    {
      "Target": "Parameter",
      "Id": "Param_Angle_Rotation_13_ArtMesh188",
      "FadeInTime": -1.0,
      "FadeOutTime": -1.0,
      "Segments": [
        0,
        -10.19,
        0,
        3.867,
        9.351,
        1,
        4.495,
        9.351,
        5.122,
        4.715,
        5.75,
        -0.041
      ]
    },
    {
      "Target": "Parameter",
      "Id": "Param_Angle_Rotation_14_ArtMesh188",
      "FadeInTime": -1.0,
      "FadeOutTime": -1.0,
      "Segments": [
        0,
        -8.87,
        0,
        0.617,
        -10.19,
        0,
        4.517,
        9.351,
        1,
        4.928,
        9.351,
        5.339,
        7.363,
        5.75,
        4.655
      ]
    },
    {
      "Target": "Parameter",
      "Id": "Param_Angle_Rotation_15_ArtMesh188",
      "FadeInTime": -1.0,
      "FadeOutTime": -1.0,
      "Segments": [
        0,
        -5.39,
        0,
        1.25,
        -10.19,
        0,
        5.167,
        9.351,
        1,
        5.361,
        9.351,
        5.556,
        8.906,
        5.75,
        8.151
      ]
    },
    {
      "Target": "Parameter",
      "Id": "Param_Angle_Rotation_16_ArtMesh188",
      "FadeInTime": -1.0,
      "FadeOutTime": -1.0,
      "Segments": [
        0,
        -0.67,
        0,
        1.9,
        -10.19,
        1,
        3.183,
        -10.19,
        4.467,
        8.691,
        5.75,
        9.334
      ]
    },
    {
      "Target": "Parameter",
      "Id": "ParamALLX",
      "FadeInTime": -1.0,
      "FadeOutTime": -1.0,
      "Segments": [
        0,
        0,
        0,
        5.75,
        0
      ]
    },
    {
      "Target": "Parameter",
      "Id": "ParamALLY",
      "FadeInTime": -1.0,
      "FadeOutTime": -1.0,
      "Segments": [
        0,
        0,
        0,
        5.75,
        0
      ]
    },
    {
      "Target": "Parameter",
      "Id": "ParamALLZ",
      "FadeInTime": -1.0,
      "FadeOutTime": -1.0,
      "Segments": [
        0,
        0,
        0,
        5.75,
        0
      ]
    },
    {
      "Target": "Parameter",
      "Id": "ParamALLS",
      "FadeInTime": -1.0,
      "FadeOutTime": -1.0,
      "Segments": [
        0,
        0,
        0,
        5.75,
        0
      ]
    },
    {
      "Target": "Parameter",
      "Id": "ParamRenwuX2",
      "FadeInTime": -1.0,
      "FadeOutTime": -1.0,
      "Segments": [
        0,
        0,
        0,
        5.75,
        0
      ]
    },
    {
      "Target": "Parameter",
      "Id": "ParamRenwu",
      "FadeInTime": -1.0,
      "FadeOutTime": -1.0,
      "Segments": [
        0,
        1,
        0,
        5.75,
        1
      ]
    },
    {
      "Target": "Parameter",
      "Id": "ParamRenwuS",
      "FadeInTime": -1.0,
      "FadeOutTime": -1.0,
      "Segments": [
        0,
        0,
        0,
        5.75,
        0
      ]
    },
    {
      "Target": "Parameter",
      "Id": "ParamBeijing",
      "FadeInTime": -1.0,
      "FadeOutTime": -1.0,
      "Segments": [
        0,
        1,
        0,
        5.75,
        1
      ]
    },
    {
      "Target": "Parameter",
      "Id": "ParamBeijingX",
      "FadeInTime": -1.0,
      "FadeOutTime": -1.0,
      "Segments": [
        0,
        0,
        0,
        5.75,
        0
      ]
    },
    {
      "Target": "Parameter",
      "Id": "ParamBeijingY",
      "FadeInTime": -1.0,
      "FadeOutTime": -1.0,
      "Segments": [
        0,
        0,
        0,
        5.75,
        0
      ]
    },
    {
      "Target": "Parameter",
      "Id": "ParamBeijingZ",
      "FadeInTime": -1.0,
      "FadeOutTime": -1.0,
      "Segments": [
        0,
        0,
        0,
        5.75,
        0
      ]
    },
    {
      "Target": "Parameter",
      "Id": "ParamBeijingS",
      "FadeInTime": -1.0,
      "FadeOutTime": -1.0,
      "Segments": [
        0,
        0,
        0,
        5.75,
        0
      ]
    },
    {
      "Target": "Parameter",
      "Id": "ParamEyeLSmile",
      "FadeInTime": -1.0,
      "FadeOutTime": -1.0,
      "Segments": [
        0,
        0,
        0,
        5.75,
        0
      ]
    },
    {
      "Target": "Parameter",
      "Id": "ParamEyeRSmile",
      "FadeInTime": -1.0,
      "FadeOutTime": -1.0,
      "Segments": [
        0,
        0,
        0,
        5.75,
        0
      ]
    },
    {
      "Target": "Parameter",
      "Id": "ParamBrowRY",
      "FadeInTime": -1.0,
      "FadeOutTime": -1.0,
      "Segments": [
        0,
        0,
        0,
        5.75,
        0
      ]
    },
    {
      "Target": "Parameter",
      "Id": "ParamBrowRForm",
      "FadeInTime": -1.0,
      "FadeOutTime": -1.0,
      "Segments": [
        0,
        0,
        0,
        5.75,
        0
      ]
    },
    {
      "Target": "Parameter",
      "Id": "ParamBrowLY",
      "FadeInTime": -1.0,
      "FadeOutTime": -1.0,
      "Segments": [
        0,
        0,
        0,
        5.75,
        0
      ]
    },
    {
      "Target": "Parameter",
      "Id": "ParamBrowLForm",
      "FadeInTime": -1.0,
      "FadeOutTime": -1.0,
      "Segments": [
        0,
        0,
        0,
        5.75,
        0
      ]
    },
    {
      "Target": "Parameter",
      "Id": "Param4",
      "FadeInTime": -1.0,
      "FadeOutTime": -1.0,
      "Segments": [
        0,
        0,
        0,
        5.75,
        0
      ]
    },
    {
      "Target": "Parameter",
      "Id": "ParamMouthS",
      "FadeInTime": -1.0,
      "FadeOutTime": -1.0,
      "Segments": [
        0,
        0,
        0,
        5.75,
        0
      ]
    },
    {
      "Target": "Parameter",
      "Id": "ParamEyeGaoguang",
      "FadeInTime": -1.0,
      "FadeOutTime": -1.0,
      "Segments": [
        0,
        0,
        0,
        5.75,
        0
      ]
    },
    {
      "Target": "Parameter",
      "Id": "ParamCheek",
      "FadeInTime": -1.0,
      "FadeOutTime": -1.0,
      "Segments": [
        0,
        0,
        0,
        5.75,
        0
      ]
    },
    {
      "Target": "Parameter",
      "Id": "Param31",
      "FadeInTime": -1.0,
      "FadeOutTime": -1.0,
      "Segments": [
        0,
        0,
        0,
        5.75,
        0
      ]
    },
    {
      "Target": "Parameter",
      "Id": "ParamBodyAngleUD",
      "FadeInTime": -1.0,
      "FadeOutTime": -1.0,
      "Segments": [
        0,
        0,
        0,
        5.75,
        0
      ]
    },
    {
      "Target": "Parameter",
      "Id": "ParamBodyAngleZ3",
      "FadeInTime": -1.0,
      "FadeOutTime": -1.0,
      "Segments": [
        0,
        0,
        0,
        5.75,
        0
      ]
    },
    {
      "Target": "Parameter",
      "Id": "Param45",
      "FadeInTime": -1.0,
      "FadeOutTime": -1.0,
      "Segments": [
        0,
        -3,
        0,
        5.75,
        -3
      ]
    },
    {
      "Target": "Parameter",
      "Id": "Param46",
      "FadeInTime": -1.0,
      "FadeOutTime": -1.0,
      "Segments": [
        0,
        3,
        0,
        5.75,
        3
      ]
    },
    {
      "Target": "Parameter",
      "Id": "Param57",
      "FadeInTime": -1.0,
      "FadeOutTime": -1.0,
      "Segments": [
        0,
        0,
        0,
        5.75,
        0
      ]
    },
    {
      "Target": "Parameter",
      "Id": "ParamA1zuoshoutuozhanxingbian",
      "FadeInTime": -1.0,
      "FadeOutTime": -1.0,
      "Segments": [
        0,
        0,
        0,
        5.75,
        0
      ]
    },
    {
      "Target": "Parameter",
      "Id": "Param47",
      "FadeInTime": -1.0,
      "FadeOutTime": -1.0,
      "Segments": [
        0,
        0,
        0,
        5.75,
        0
      ]
    },
    {
      "Target": "Parameter",
      "Id": "Param48",
      "FadeInTime": -1.0,
      "FadeOutTime": -1.0,
      "Segments": [
        0,
        0,
        0,
        5.75,
        0
      ]
    },
    {
      "Target": "Parameter",
      "Id": "Param49",
      "FadeInTime": -1.0,
      "FadeOutTime": -1.0,
      "Segments": [
        0,
        0,
        0,
        5.75,
        0
      ]
    },
    {
      "Target": "Parameter",
      "Id": "Param66",
      "FadeInTime": -1.0,
      "FadeOutTime": -1.0,
      "Segments": [
        0,
        0,
        0,
        5.75,
        0
      ]
    },
    {
      "Target": "Parameter",
      "Id": "Param67",
      "FadeInTime": -1.0,
      "FadeOutTime": -1.0,
      "Segments": [
        0,
        0,
        0,
        5.75,
        0
      ]
    },
    {
      "Target": "Parameter",
      "Id": "Param68",
      "FadeInTime": -1.0,
      "FadeOutTime": -1.0,
      "Segments": [
        0,
        0,
        0,
        5.75,
        0
      ]
    },
    {
      "Target": "Parameter",
      "Id": "Param69",
      "FadeInTime": -1.0,
      "FadeOutTime": -1.0,
      "Segments": [
        0,
        0,
        0,
        5.75,
        0
      ]
    },
    {
      "Target": "Parameter",
      "Id": "Param50",
      "FadeInTime": -1.0,
      "FadeOutTime": -1.0,
      "Segments": [
        0,
        1,
        0,
        5.75,
        1
      ]
    },
    {
      "Target": "Parameter",
      "Id": "Param51",
      "FadeInTime": -1.0,
      "FadeOutTime": -1.0,
      "Segments": [
        0,
        0,
        0,
        5.75,
        0
      ]
    },
    {
      "Target": "Parameter",
      "Id": "Param52",
      "FadeInTime": -1.0,
      "FadeOutTime": -1.0,
      "Segments": [
        0,
        0,
        0,
        5.75,
        0
      ]
    },
    {
      "Target": "Parameter",
      "Id": "Param54",
      "FadeInTime": -1.0,
      "FadeOutTime": -1.0,
      "Segments": [
        0,
        0,
        0,
        5.75,
        0
      ]
    },
    {
      "Target": "Parameter",
      "Id": "Param55",
      "FadeInTime": -1.0,
      "FadeOutTime": -1.0,
      "Segments": [
        0,
        0,
        0,
        5.75,
        0
      ]
    },
    {
      "Target": "Parameter",
      "Id": "Param56",
      "FadeInTime": -1.0,
      "FadeOutTime": -1.0,
      "Segments": [
        0,
        0,
        0,
        5.75,
        0
      ]
    },
    {
      "Target": "Parameter",
      "Id": "Param58",
      "FadeInTime": -1.0,
      "FadeOutTime": -1.0,
      "Segments": [
        0,
        0,
        0,
        5.75,
        0
      ]
    },
    {
      "Target": "Parameter",
      "Id": "Param20",
      "FadeInTime": -1.0,
      "FadeOutTime": -1.0,
      "Segments": [
        0,
        0,
        0,
        5.75,
        0
      ]
    },
    {
      "Target": "Parameter",
      "Id": "Param21",
      "FadeInTime": -1.0,
      "FadeOutTime": -1.0,
      "Segments": [
        0,
        0,
        0,
        5.75,
        0
      ]
    },
    {
      "Target": "Parameter",
      "Id": "Param101",
      "FadeInTime": -1.0,
      "FadeOutTime": -1.0,
      "Segments": [
        0,
        10,
        0,
        5.75,
        10
      ]
    },
    {
      "Target": "Parameter",
      "Id": "Param102",
      "FadeInTime": -1.0,
      "FadeOutTime": -1.0,
      "Segments": [
        0,
        10,
        0,
        5.75,
        10
      ]
    },
    {
      "Target": "Parameter",
      "Id": "ParamA1zuoshoutuozhanxingbian2",
      "FadeInTime": -1.0,
      "FadeOutTime": -1.0,
      "Segments": [
        0,
        0,
        0,
        5.75,
        0
      ]
    },
    {
      "Target": "Parameter",
      "Id": "Param35",
      "FadeInTime": -1.0,
      "FadeOutTime": -1.0,
      "Segments": [
        0,
        0,
        0,
        5.75,
        0
      ]
    },
    {
      "Target": "Parameter",
      "Id": "Param36",
      "FadeInTime": -1.0,
      "FadeOutTime": -1.0,
      "Segments": [
        0,
        0,
        0,
        5.75,
        0
      ]
    },
    {
      "Target": "Parameter",
      "Id": "Param37",
      "FadeInTime": -1.0,
      "FadeOutTime": -1.0,
      "Segments": [
        0,
        0,
        0,
        5.75,
        0
      ]
    },
    {
      "Target": "Parameter",
      "Id": "Param70",
      "FadeInTime": -1.0,
      "FadeOutTime": -1.0,
      "Segments": [
        0,
        0,
        0,
        5.75,
        0
      ]
    },
    {
      "Target": "Parameter",
      "Id": "Param53",
      "FadeInTime": -1.0,
      "FadeOutTime": -1.0,
      "Segments": [
        0,
        1,
        0,
        5.75,
        1
      ]
    },
    {
      "Target": "Parameter",
      "Id": "Param60",
      "FadeInTime": -1.0,
      "FadeOutTime": -1.0,
      "Segments": [
        0,
        0,
        0,
        5.75,
        0
      ]
    },
    {
      "Target": "Parameter",
      "Id": "Param61",
      "FadeInTime": -1.0,
      "FadeOutTime": -1.0,
      "Segments": [
        0,
        0,
        0,
        5.75,
        0
      ]
    },
    {
      "Target": "Parameter",
      "Id": "Param41",
      "FadeInTime": -1.0,
      "FadeOutTime": -1.0,
      "Segments": [
        0,
        0,
        0,
        5.75,
        0
      ]
    },
    {
      "Target": "Parameter",
      "Id": "Param40",
      "FadeInTime": -1.0,
      "FadeOutTime": -1.0,
      "Segments": [
        0,
        0,
        0,
        5.75,
        0
      ]
    },
    {
      "Target": "Parameter",
      "Id": "ParamDaTuiLUD",
      "FadeInTime": -1.0,
      "FadeOutTime": -1.0,
      "Segments": [
        0,
        0,
        0,
        5.75,
        0
      ]
    },
    {
      "Target": "Parameter",
      "Id": "Param62",
      "FadeInTime": -1.0,
      "FadeOutTime": -1.0,
      "Segments": [
        0,
        0,
        0,
        5.75,
        0
      ]
    },
    {
      "Target": "Parameter",
      "Id": "ParamDaTuiLUD2",
      "FadeInTime": -1.0,
      "FadeOutTime": -1.0,
      "Segments": [
        0,
        0,
        0,
        5.75,
        0
      ]
    },
    {
      "Target": "Parameter",
      "Id": "ParamXiaoTuiLUD3",
      "FadeInTime": -1.0,
      "FadeOutTime": -1.0,
      "Segments": [
        0,
        0,
        0,
        5.75,
        0
      ]
    },
    {
      "Target": "Parameter",
      "Id": "ParamXiaoTuiLUD2",
      "FadeInTime": -1.0,
      "FadeOutTime": -1.0,
      "Segments": [
        0,
        5,
        0,
        5.75,
        5
      ]
    },
    {
      "Target": "Parameter",
      "Id": "Param24",
      "FadeInTime": -1.0,
      "FadeOutTime": -1.0,
      "Segments": [
        0,
        0,
        0,
        5.75,
        0
      ]
    },
    {
      "Target": "Parameter",
      "Id": "Param23",
      "FadeInTime": -1.0,
      "FadeOutTime": -1.0,
      "Segments": [
        0,
        0,
        0,
        5.75,
        0
      ]
    },
    {
      "Target": "Parameter",
      "Id": "ParamDaTuiRUD",
      "FadeInTime": -1.0,
      "FadeOutTime": -1.0,
      "Segments": [
        0,
        0,
        0,
        5.75,
        0
      ]
    },
    {
      "Target": "Parameter",
      "Id": "Param63",
      "FadeInTime": -1.0,
      "FadeOutTime": -1.0,
      "Segments": [
        0,
        0,
        0,
        5.75,
        0
      ]
    },
    {
      "Target": "Parameter",
      "Id": "ParamXiaoTuiLUD5",
      "FadeInTime": -1.0,
      "FadeOutTime": -1.0,
      "Segments": [
        0,
        0,
        0,
        5.75,
        0
      ]
    },
    {
      "Target": "Parameter",
      "Id": "ParamDaTuiLUD3",
      "FadeInTime": -1.0,
      "FadeOutTime": -1.0,
      "Segments": [
        0,
        0,
        0,
        5.75,
        0
      ]
    },
    {
      "Target": "Parameter",
      "Id": "ParamXiaoTuiLUD4",
      "FadeInTime": -1.0,
      "FadeOutTime": -1.0,
      "Segments": [
        0,
        0,
        0,
        5.75,
        0
      ]
    },
    {
      "Target": "Parameter",
      "Id": "Param26",
      "FadeInTime": -1.0,
      "FadeOutTime": -1.0,
      "Segments": [
        0,
        0,
        0,
        5.75,
        0
      ]
    },
    {
      "Target": "Parameter",
      "Id": "Param27",
      "FadeInTime": -1.0,
      "FadeOutTime": -1.0,
      "Segments": [
        0,
        0,
        0,
        5.75,
        0
      ]
    },
    {
      "Target": "Parameter",
      "Id": "Param76",
      "FadeInTime": -1.0,
      "FadeOutTime": -1.0,
      "Segments": [
        0,
        0,
        0,
        5.75,
        0
      ]
    },
    {
      "Target": "Parameter",
      "Id": "Param10",
      "FadeInTime": -1.0,
      "FadeOutTime": -1.0,
      "Segments": [
        0,
        0,
        0,
        5.75,
        0
      ]
    },
    {
      "Target": "Parameter",
      "Id": "Param11",
      "FadeInTime": -1.0,
      "FadeOutTime": -1.0,
      "Segments": [
        0,
        0,
        0,
        5.75,
        0
      ]
    },
    {
      "Target": "Parameter",
      "Id": "Param_Angle_Rotation_16_ArtMesh187",
      "FadeInTime": -1.0,
      "FadeOutTime": -1.0,
      "Segments": [
        0,
        0,
        0,
        5.75,
        0
      ]
    },
    {
      "Target": "Parameter",
      "Id": "Param_Angle_Rotation_17_ArtMesh187",
      "FadeInTime": -1.0,
      "FadeOutTime": -1.0,
      "Segments": [
        0,
        0,
        0,
        5.75,
        0
      ]
    },
    {
      "Target": "Parameter",
      "Id": "Param_Angle_Rotation_17_ArtMesh188",
      "FadeInTime": -1.0,
      "FadeOutTime": -1.0,
      "Segments": [
        0,
        4.1,
        0,
        5.75,
        4.1
      ]
    }
  ],
  "UserData": [
    {
      "Time": 0.0,
      "Value": ""
    },
    {
      "Time": 0.0,
      "Value": ""
    },
    {
      "Time": 5.25,
      "Value": ""
    }
  ]
}