{
  "Version": 3,
  "Meta": {
    "Duration": 3.5,
    "Fps": 60.0,
    "Loop": true,
    "AreBeziersRestricted": true,
    "FadeInTime": 0.0,
    "FadeOutTime": 0.0,
    "CurveCount": 279,
    "TotalSegmentCount": 768,
    "TotalPointCount": 1056,
    "UserDataCount": 2,
    "TotalUserDataSize": 0
  },
  "Curves": [
    {
      "Target": "Parameter",
      "Id": "Paramwuli",
      "FadeInTime": -1.0,
      "FadeOutTime": -1.0,
      "Segments": [
        0,
        0,
        0,
        1.433,
        30,
        0,
        2,
        -30,
        0,
        2.717,
        30,
        0,
        3.333,
        0,
        2,
        3.5,
        0
      ]
    },
    {
      "Target": "Parameter",
      "Id": "Paramwuli2",
      "FadeInTime": -1.0,
      "FadeOutTime": -1.0,
      "Segments": [
        0,
        0,
        0,
        1.433,
        30,
        0,
        2,
        -30,
        0,
        2.717,
        30,
        0,
        3.333,
        0,
        2,
        3.5,
        0
      ]
    },
    {
      "Target": "Parameter",
      "Id": "Paramwuli3",
      "FadeInTime": -1.0,
      "FadeOutTime": -1.0,
      "Segments": [
        0,
        0,
        0,
        1.433,
        30,
        0,
        2,
        -30,
        0,
        2.717,
        30,
        0,
        3.333,
        0,
        2,
        3.5,
        0
      ]
    },
    {
      "Target": "Parameter",
      "Id": "ParamALLX",
      "FadeInTime": -1.0,
      "FadeOutTime": -1.0,
      "Segments": [
        0,
        0.3,
        0,
        3.5,
        -0.78
      ]
    },
    {
      "Target": "Parameter",
      "Id": "ParamALLY",
      "FadeInTime": -1.0,
      "FadeOutTime": -1.0,
      "Segments": [
        0,
        0.18,
        0,
        3.5,
        -0.48
      ]
    },
    {
      "Target": "Parameter",
      "Id": "ParamALLS",
      "FadeInTime": -1.0,
      "FadeOutTime": -1.0,
      "Segments": [
        0,
        0.66,
        0,
        3.5,
        0
      ]
    },
    {
      "Target": "Parameter",
      "Id": "ParamRenwuX5",
      "FadeInTime": -1.0,
      "FadeOutTime": -1.0,
      "Segments": [
        0,
        0,
        1,
        0.361,
        0,
        0.722,
        0,
        1.083,
        -0.077,
        1,
        1.294,
        -0.122,
        1.506,
        -0.6,
        1.717,
        -0.6,
        0,
        2.1,
        -0.006,
        0,
        2.75,
        -0.238,
        0,
        3.5,
        -0.07
      ]
    },
    {
      "Target": "Parameter",
      "Id": "ParamRenwuX6",
      "FadeInTime": -1.0,
      "FadeOutTime": -1.0,
      "Segments": [
        0,
        0,
        0,
        1.083,
        -1.02,
        0,
        1.833,
        0.602,
        0,
        2.933,
        -0.649,
        0,
        3.5,
        0.061
      ]
    },
    {
      "Target": "Parameter",
      "Id": "ParamRenwuX3",
      "FadeInTime": -1.0,
      "FadeOutTime": -1.0,
      "Segments": [
        0,
        -0.277,
        0,
        3.5,
        0
      ]
    },
    {
      "Target": "Parameter",
      "Id": "ParamRenwuX7",
      "FadeInTime": -1.0,
      "FadeOutTime": -1.0,
      "Segments": [
        0,
        0,
        0,
        1.083,
        -0.96,
        0,
        1.833,
        1.2,
        0,
        2.717,
        -0.58,
        0,
        3.5,
        0.135
      ]
    },
    {
      "Target": "Parameter",
      "Id": "ParamRenwuX",
      "FadeInTime": -1.0,
      "FadeOutTime": -1.0,
      "Segments": [
        0,
        0,
        1,
        0.361,
        0,
        0.722,
        -0.261,
        1.083,
        -0.399,
        1,
        1.889,
        -0.708,
        2.694,
        -0.78,
        3.5,
        -0.78
      ]
    },
    {
      "Target": "Parameter",
      "Id": "ParamRenwuY",
      "FadeInTime": -1.0,
      "FadeOutTime": -1.0,
      "Segments": [
        0,
        0,
        1,
        0.361,
        0,
        0.722,
        -0.575,
        1.083,
        -0.6,
        1,
        1.889,
        -0.657,
        2.694,
        -0.66,
        3.5,
        -0.66
      ]
    },
    {
      "Target": "Parameter",
      "Id": "ParamRenwuZ",
      "FadeInTime": -1.0,
      "FadeOutTime": -1.0,
      "Segments": [
        0,
        0,
        1,
        0.361,
        0.86,
        0.722,
        1.72,
        1.083,
        2.58,
        1,
        1.889,
        2.807,
        2.694,
        2.82,
        3.5,
        2.82
      ]
    },
    {
      "Target": "Parameter",
      "Id": "ParamEyeLOpen",
      "FadeInTime": -1.0,
      "FadeOutTime": -1.0,
      "Segments": [
        0,
        0,
        2,
        1.533,
        0,
        0,
        1.85,
        1,
        2,
        3.5,
        1
      ]
    },
    {
      "Target": "Parameter",
      "Id": "ParamEyeROpen",
      "FadeInTime": -1.0,
      "FadeOutTime": -1.0,
      "Segments": [
        0,
        0,
        2,
        1.533,
        0,
        0,
        1.85,
        1,
        2,
        3.5,
        1
      ]
    },
    {
      "Target": "Parameter",
      "Id": "ParamEyeBallX",
      "FadeInTime": -1.0,
      "FadeOutTime": -1.0,
      "Segments": [
        0,
        0,
        2,
        1.667,
        0,
        0,
        2.067,
        -0.5,
        1,
        2.189,
        -0.5,
        2.311,
        -0.506,
        2.433,
        -0.4,
        1,
        2.622,
        -0.236,
        2.811,
        0,
        3,
        0,
        2,
        3.5,
        0
      ]
    },
    {
      "Target": "Parameter",
      "Id": "ParamEyeBallY",
      "FadeInTime": -1.0,
      "FadeOutTime": -1.0,
      "Segments": [
        0,
        0,
        2,
        1.667,
        0,
        0,
        2.067,
        -0.1,
        2,
        2.433,
        -0.1,
        0,
        3,
        0,
        2,
        3.5,
        0
      ]
    },
    {
      "Target": "Parameter",
      "Id": "ParamMouthForm",
      "FadeInTime": -1.0,
      "FadeOutTime": -1.0,
      "Segments": [
        0,
        0.01,
        0,
        3.5,
        0
      ]
    },
    {
      "Target": "Parameter",
      "Id": "ParamMouthOpenY",
      "FadeInTime": -1.0,
      "FadeOutTime": -1.0,
      "Segments": [
        0,
        0.01,
        0,
        3.5,
        0
      ]
    },
    {
      "Target": "Parameter",
      "Id": "ParamCheek",
      "FadeInTime": -1.0,
      "FadeOutTime": -1.0,
      "Segments": [
        0,
        0,
        0,
        3.5,
        0.5
      ]
    },
    {
      "Target": "Parameter",
      "Id": "ParamAngleX",
      "FadeInTime": -1.0,
      "FadeOutTime": -1.0,
      "Segments": [
        0,
        -8,
        0,
        1.5,
        6,
        0,
        2.583,
        -24,
        0,
        3.5,
        0
      ]
    },
    {
      "Target": "Parameter",
      "Id": "ParamAngleY",
      "FadeInTime": -1.0,
      "FadeOutTime": -1.0,
      "Segments": [
        0,
        -30,
        2,
        0.667,
        -30,
        1,
        1.028,
        -30,
        1.389,
        -14.384,
        1.75,
        -12,
        1,
        2.111,
        -9.616,
        2.472,
        -9.781,
        2.833,
        -8,
        1,
        3.055,
        -6.904,
        3.278,
        -4.37,
        3.5,
        -4.37
      ]
    },
    {
      "Target": "Parameter",
      "Id": "ParamAngleZ",
      "FadeInTime": -1.0,
      "FadeOutTime": -1.0,
      "Segments": [
        0,
        -3.07,
        1,
        0.139,
        -3.07,
        0.278,
        -3.162,
        0.417,
        -3,
        1,
        0.861,
        -2.481,
        1.306,
        0.444,
        1.75,
        0.444,
        0,
        2.833,
        -7,
        0,
        3.5,
        -6.75
      ]
    },
    {
      "Target": "Parameter",
      "Id": "ParamAngleZ2",
      "FadeInTime": -1.0,
      "FadeOutTime": -1.0,
      "Segments": [
        0,
        -7.22,
        1,
        0.083,
        -7.22,
        0.167,
        -7.266,
        0.25,
        -7,
        1,
        0.694,
        -5.582,
        1.139,
        -4.728,
        1.583,
        -1.979,
        1,
        1.944,
        0.255,
        2.306,
        15,
        2.667,
        15,
        0,
        3.5,
        0
      ]
    },
    {
      "Target": "Parameter",
      "Id": "ParamBodyAngleX",
      "FadeInTime": -1.0,
      "FadeOutTime": -1.0,
      "Segments": [
        0,
        0,
        1,
        0.5,
        0,
        1,
        0.034,
        1.5,
        -0.256,
        1,
        1.861,
        -0.465,
        2.222,
        -10,
        2.583,
        -10,
        0,
        3.5,
        -7.922
      ]
    },
    {
      "Target": "Parameter",
      "Id": "ParamBodyAngleZ",
      "FadeInTime": -1.0,
      "FadeOutTime": -1.0,
      "Segments": [
        0,
        -4.86,
        0,
        0.167,
        -4.76,
        1,
        0.667,
        -4.76,
        1.167,
        -5.013,
        1.667,
        -6.737,
        1,
        2.028,
        -7.982,
        2.389,
        -10,
        2.75,
        -10,
        0,
        3.5,
        -9.88
      ]
    },
    {
      "Target": "Parameter",
      "Id": "ParamBodyAngleZ2",
      "FadeInTime": -1.0,
      "FadeOutTime": -1.0,
      "Segments": [
        0,
        3.6,
        1,
        0.5,
        3.6,
        1,
        3.574,
        1.5,
        3.903,
        1,
        1.861,
        4.141,
        2.222,
        6.716,
        2.583,
        6.716,
        0,
        3.5,
        6.71
      ]
    },
    {
      "Target": "Parameter",
      "Id": "ParamBodyAngleUD",
      "FadeInTime": -1.0,
      "FadeOutTime": -1.0,
      "Segments": [
        0,
        -0.52,
        0,
        0.333,
        0,
        1,
        0.75,
        0,
        1.166,
        -0.521,
        1.583,
        -2.864,
        1,
        1.944,
        -4.894,
        2.306,
        -6.992,
        2.667,
        -6.992,
        0,
        3.5,
        -6.69
      ]
    },
    {
      "Target": "Parameter",
      "Id": "ParamJianbangL",
      "FadeInTime": -1.0,
      "FadeOutTime": -1.0,
      "Segments": [
        0,
        0,
        0,
        3.5,
        1.04
      ]
    },
    {
      "Target": "Parameter",
      "Id": "Param33",
      "FadeInTime": -1.0,
      "FadeOutTime": -1.0,
      "Segments": [
        0,
        1,
        0,
        3.5,
        1.02
      ]
    },
    {
      "Target": "Parameter",
      "Id": "Param42",
      "FadeInTime": -1.0,
      "FadeOutTime": -1.0,
      "Segments": [
        0,
        -0.44,
        1,
        0.228,
        -0.44,
        0.455,
        -1.577,
        0.683,
        -1.722,
        1,
        0.889,
        -1.853,
        1.094,
        -1.824,
        1.3,
        -1.824,
        0,
        2.383,
        -1.124,
        0,
        3.5,
        -1.519
      ]
    },
    {
      "Target": "Parameter",
      "Id": "Param43",
      "FadeInTime": -1.0,
      "FadeOutTime": -1.0,
      "Segments": [
        0,
        0.057,
        1,
        0.267,
        0.057,
        0.533,
        2.782,
        0.8,
        4.361,
        1,
        0.994,
        5.512,
        1.189,
        5.431,
        1.383,
        5.431,
        1,
        1.528,
        5.431,
        1.672,
        4.886,
        1.817,
        4.51,
        1,
        2.034,
        3.946,
        2.25,
        3.837,
        2.467,
        3.837,
        0,
        3.5,
        4.68
      ]
    },
    {
      "Target": "Parameter",
      "Id": "Param44",
      "FadeInTime": -1.0,
      "FadeOutTime": -1.0,
      "Segments": [
        0,
        -5.379,
        1,
        0.489,
        -5.379,
        0.978,
        4.157,
        1.467,
        4.256,
        1,
        1.634,
        4.29,
        1.8,
        4.263,
        1.967,
        4.282,
        1,
        2.161,
        4.304,
        2.356,
        9.48,
        2.55,
        9.48,
        0,
        3.5,
        7.4
      ]
    },
    {
      "Target": "Parameter",
      "Id": "Param45",
      "FadeInTime": -1.0,
      "FadeOutTime": -1.0,
      "Segments": [
        0,
        -3,
        0,
        3.5,
        0
      ]
    },
    {
      "Target": "Parameter",
      "Id": "Param46",
      "FadeInTime": -1.0,
      "FadeOutTime": -1.0,
      "Segments": [
        0,
        3,
        0,
        0.683,
        -4.86,
        1,
        0.889,
        -4.86,
        1.094,
        -2.581,
        1.3,
        -2.24,
        1,
        1.689,
        -1.594,
        2.078,
        -1.412,
        2.467,
        -0.88,
        1,
        2.811,
        -0.409,
        3.156,
        0,
        3.5,
        0
      ]
    },
    {
      "Target": "Parameter",
      "Id": "ParamA1zuoshoudonghua",
      "FadeInTime": -1.0,
      "FadeOutTime": -1.0,
      "Segments": [
        0,
        -6.88,
        0,
        1.1,
        10,
        0,
        2.383,
        0,
        2,
        3.5,
        0
      ]
    },
    {
      "Target": "Parameter",
      "Id": "ParamA1zuoshouxingbian",
      "FadeInTime": -1.0,
      "FadeOutTime": -1.0,
      "Segments": [
        0,
        -1.88,
        0,
        1.1,
        10,
        0,
        2.383,
        0,
        2,
        3.5,
        0
      ]
    },
    {
      "Target": "Parameter",
      "Id": "Param66",
      "FadeInTime": -1.0,
      "FadeOutTime": -1.0,
      "Segments": [
        0,
        0,
        0,
        0.2,
        -5,
        0,
        3.5,
        -4.92
      ]
    },
    {
      "Target": "Parameter",
      "Id": "Param67",
      "FadeInTime": -1.0,
      "FadeOutTime": -1.0,
      "Segments": [
        0,
        0,
        0,
        0.2,
        -3.36,
        0,
        3.5,
        -3.28
      ]
    },
    {
      "Target": "Parameter",
      "Id": "Param50",
      "FadeInTime": -1.0,
      "FadeOutTime": -1.0,
      "Segments": [
        0,
        1,
        2,
        0.75,
        1,
        0,
        0.767,
        0,
        2,
        2.383,
        0,
        2,
        3.5,
        0
      ]
    },
    {
      "Target": "Parameter",
      "Id": "Param51",
      "FadeInTime": -1.0,
      "FadeOutTime": -1.0,
      "Segments": [
        0,
        0,
        2,
        0.75,
        0,
        0,
        0.767,
        1,
        2,
        2.383,
        1,
        2,
        3.5,
        1
      ]
    },
    {
      "Target": "Parameter",
      "Id": "ParamShangBiR",
      "FadeInTime": -1.0,
      "FadeOutTime": -1.0,
      "Segments": [
        0,
        -1.276,
        0,
        1.3,
        -2.816,
        0,
        2.383,
        1.144,
        0,
        3.5,
        1.103
      ]
    },
    {
      "Target": "Parameter",
      "Id": "ParamXiaBiR",
      "FadeInTime": -1.0,
      "FadeOutTime": -1.0,
      "Segments": [
        0,
        -0.44,
        0,
        1.383,
        3.3,
        0,
        2.467,
        2.4,
        0,
        3.5,
        2.651
      ]
    },
    {
      "Target": "Parameter",
      "Id": "ParamSouR",
      "FadeInTime": -1.0,
      "FadeOutTime": -1.0,
      "Segments": [
        0,
        2.96,
        0,
        1.467,
        10,
        1,
        1.622,
        10,
        1.778,
        9.464,
        1.933,
        6.948,
        1,
        2.139,
        3.623,
        2.344,
        0.86,
        2.55,
        0.86,
        0,
        3.5,
        2.521
      ]
    },
    {
      "Target": "Parameter",
      "Id": "ParamXiaBiRUD",
      "FadeInTime": -1.0,
      "FadeOutTime": -1.0,
      "Segments": [
        0,
        0,
        1,
        0.461,
        0,
        0.922,
        -0.42,
        1.383,
        -2.984,
        1,
        1.578,
        -4.065,
        1.772,
        -8.204,
        1.967,
        -8.204,
        0,
        2.467,
        -0.44,
        2,
        3.5,
        -0.44
      ]
    },
    {
      "Target": "Parameter",
      "Id": "ParamA1zuoshoudonghua2",
      "FadeInTime": -1.0,
      "FadeOutTime": -1.0,
      "Segments": [
        0,
        10,
        0,
        1.483,
        0,
        0,
        2.033,
        10,
        0,
        2.567,
        -3,
        0,
        3.5,
        1
      ]
    },
    {
      "Target": "Parameter",
      "Id": "ParamA1zuoshouxingbian2",
      "FadeInTime": -1.0,
      "FadeOutTime": -1.0,
      "Segments": [
        0,
        10,
        0,
        1.483,
        0,
        0,
        2.033,
        10,
        0,
        2.567,
        -7,
        2,
        3.5,
        -7
      ]
    },
    {
      "Target": "Parameter",
      "Id": "Param65",
      "FadeInTime": -1.0,
      "FadeOutTime": -1.0,
      "Segments": [
        0,
        0,
        2,
        2.55,
        0,
        0,
        2.567,
        2,
        2,
        3.5,
        2
      ]
    },
    {
      "Target": "Parameter",
      "Id": "Param91",
      "FadeInTime": -1.0,
      "FadeOutTime": -1.0,
      "Segments": [
        0,
        0,
        0,
        3.5,
        -0.28
      ]
    },
    {
      "Target": "Parameter",
      "Id": "Param92",
      "FadeInTime": -1.0,
      "FadeOutTime": -1.0,
      "Segments": [
        0,
        0,
        0,
        3.5,
        -1.14
      ]
    },
    {
      "Target": "Parameter",
      "Id": "ParamDaTuiL",
      "FadeInTime": -1.0,
      "FadeOutTime": -1.0,
      "Segments": [
        0,
        -1.86,
        1,
        0.056,
        -1.86,
        0.111,
        -1.898,
        0.167,
        -1.847,
        1,
        0.472,
        -1.566,
        0.778,
        1.985,
        1.083,
        1.985,
        0,
        1.75,
        0.098,
        1,
        2.056,
        0.098,
        2.361,
        0.169,
        2.667,
        0.447,
        1,
        2.945,
        0.7,
        3.222,
        0.931,
        3.5,
        0.931
      ]
    },
    {
      "Target": "Parameter",
      "Id": "ParamXiaoTuiL",
      "FadeInTime": -1.0,
      "FadeOutTime": -1.0,
      "Segments": [
        0,
        -5,
        0,
        0.417,
        -4.864,
        0,
        1.167,
        -6,
        0,
        1.833,
        -4.427,
        0,
        2.75,
        -5.26,
        0,
        3.5,
        -4.679
      ]
    },
    {
      "Target": "Parameter",
      "Id": "ParamJiaoL",
      "FadeInTime": -1.0,
      "FadeOutTime": -1.0,
      "Segments": [
        0,
        -1.055,
        1,
        0.194,
        -1.055,
        0.389,
        -1.076,
        0.583,
        -0.813,
        1,
        0.75,
        -0.588,
        0.916,
        0.46,
        1.083,
        0.46,
        0,
        1.917,
        -2.031,
        0,
        2.833,
        -1.663,
        0,
        3.5,
        -1.903
      ]
    },
    {
      "Target": "Parameter",
      "Id": "ParamDaTuiR",
      "FadeInTime": -1.0,
      "FadeOutTime": -1.0,
      "Segments": [
        0,
        0.715,
        1,
        0.111,
        0.715,
        0.222,
        0.646,
        0.333,
        0.764,
        1,
        0.711,
        1.164,
        1.089,
        5.085,
        1.467,
        5.845,
        1,
        1.895,
        6.706,
        2.322,
        6.714,
        2.75,
        6.714,
        0,
        3.5,
        6.306
      ]
    },
    {
      "Target": "Parameter",
      "Id": "ParamXiaoTuiR",
      "FadeInTime": -1.0,
      "FadeOutTime": -1.0,
      "Segments": [
        0,
        -9.898,
        0,
        0.583,
        -9.89,
        0,
        1.25,
        -9.979,
        0,
        1.917,
        2.424,
        0,
        2.833,
        0.778,
        0,
        3.5,
        1.342
      ]
    },
    {
      "Target": "Parameter",
      "Id": "ParamJiaoR",
      "FadeInTime": -1.0,
      "FadeOutTime": -1.0,
      "Segments": [
        0,
        -2.455,
        1,
        0.278,
        -2.455,
        0.555,
        -2.466,
        0.833,
        -2.027,
        1,
        1,
        -1.764,
        1.166,
        1.887,
        1.333,
        1.887,
        0,
        1.683,
        -1.945,
        0,
        2,
        3.958,
        0,
        2.917,
        -1.83,
        0,
        3.5,
        0.931
      ]
    },
    {
      "Target": "Parameter",
      "Id": "ParamXiaoTuiRUD",
      "FadeInTime": -1.0,
      "FadeOutTime": -1.0,
      "Segments": [
        0,
        0,
        2,
        1.25,
        0,
        0,
        1.533,
        -7.08,
        0,
        1.917,
        0,
        2,
        2.75,
        0,
        2,
        3.5,
        0
      ]
    },
    {
      "Target": "Parameter",
      "Id": "Param25",
      "FadeInTime": -1.0,
      "FadeOutTime": -1.0,
      "Segments": [
        0,
        10,
        2,
        1.25,
        10,
        0,
        1.6,
        0,
        2,
        1.917,
        0,
        2,
        2.75,
        0,
        2,
        3.5,
        0
      ]
    },
    {
      "Target": "Parameter",
      "Id": "Param27",
      "FadeInTime": -1.0,
      "FadeOutTime": -1.0,
      "Segments": [
        0,
        0,
        2,
        1.25,
        0,
        2,
        1.6,
        0,
        0,
        1.917,
        10,
        2,
        2.75,
        10,
        2,
        3.5,
        10
      ]
    },
    {
      "Target": "Parameter",
      "Id": "Param77",
      "FadeInTime": -1.0,
      "FadeOutTime": -1.0,
      "Segments": [
        0,
        10,
        2,
        0.017,
        10,
        0,
        1,
        0,
        2,
        2.3,
        0,
        2,
        3.5,
        0
      ]
    },
    {
      "Target": "Parameter",
      "Id": "Param74",
      "FadeInTime": -1.0,
      "FadeOutTime": -1.0,
      "Segments": [
        0,
        0,
        2,
        0.017,
        0,
        0,
        1,
        -6.2,
        2,
        2.3,
        -6.2,
        2,
        3.5,
        -6.2
      ]
    },
    {
      "Target": "Parameter",
      "Id": "Param73",
      "FadeInTime": -1.0,
      "FadeOutTime": -1.0,
      "Segments": [
        0,
        0,
        2,
        0.017,
        0,
        2,
        0.817,
        0,
        0,
        0.833,
        10,
        2,
        1,
        10,
        2,
        2.3,
        10,
        2,
        3.5,
        10
      ]
    },
    {
      "Target": "Parameter",
      "Id": "Param127",
      "FadeInTime": -1.0,
      "FadeOutTime": -1.0,
      "Segments": [
        0,
        0,
        2,
        1,
        0,
        2,
        1.567,
        0,
        0,
        1.583,
        10,
        2,
        2.3,
        10,
        2,
        3.5,
        10
      ]
    },
    {
      "Target": "Parameter",
      "Id": "ParamOPRX1",
      "FadeInTime": -1.0,
      "FadeOutTime": -1.0,
      "Segments": [
        0,
        -0.116,
        0,
        0.05,
        -0.055,
        0,
        0.333,
        -1.268,
        0,
        0.617,
        -0.74,
        0,
        0.733,
        -0.801,
        0,
        0.75,
        -0.798,
        0,
        0.767,
        -0.804,
        0,
        1.667,
        11.675,
        0,
        2.067,
        -9.012,
        0,
        2.383,
        -1.956,
        0,
        2.417,
        -2.013,
        0,
        2.433,
        -2.011,
        0,
        2.467,
        -2.09,
        0,
        2.833,
        6.004,
        0,
        3.383,
        -2.571,
        1,
        3.422,
        -2.571,
        3.461,
        -1.716,
        3.5,
        -0.804
      ]
    },
    {
      "Target": "Parameter",
      "Id": "ParamOPRY1",
      "FadeInTime": -1.0,
      "FadeOutTime": -1.0,
      "Segments": [
        0,
        -0.116,
        0,
        0.05,
        -0.055,
        0,
        0.333,
        -1.268,
        0,
        0.617,
        -0.74,
        0,
        0.733,
        -0.801,
        0,
        0.75,
        -0.798,
        0,
        0.767,
        -0.804,
        0,
        1.667,
        11.675,
        0,
        2.067,
        -9.012,
        0,
        2.383,
        -1.956,
        0,
        2.417,
        -2.013,
        0,
        2.433,
        -2.011,
        0,
        2.467,
        -2.09,
        0,
        2.833,
        6.004,
        0,
        3.383,
        -2.571,
        1,
        3.422,
        -2.571,
        3.461,
        -1.716,
        3.5,
        -0.804
      ]
    },
    {
      "Target": "Parameter",
      "Id": "ParamOPRY2",
      "FadeInTime": -1.0,
      "FadeOutTime": -1.0,
      "Segments": [
        0,
        -0.143,
        0,
        0.067,
        -0.51,
        0,
        0.233,
        0.014,
        0,
        0.517,
        -1.366,
        0,
        0.767,
        -0.731,
        0,
        1.017,
        -1.143,
        0,
        1.433,
        -0.306,
        0,
        1.583,
        -4.47,
        0,
        1.867,
        15.522,
        0,
        2.233,
        -9.735,
        0,
        2.5,
        -0.651,
        0,
        2.733,
        -5.619,
        0,
        3.017,
        7.259,
        0,
        3.317,
        0.119,
        0,
        3.35,
        0.221,
        1,
        3.4,
        0.221,
        3.45,
        -1.509,
        3.5,
        -2.374
      ]
    },
    {
      "Target": "Parameter",
      "Id": "ParamOPLX1",
      "FadeInTime": -1.0,
      "FadeOutTime": -1.0,
      "Segments": [
        0,
        1.609,
        0,
        0.167,
        -0.285,
        0,
        0.4,
        0.673,
        0,
        0.65,
        -0.313,
        0,
        0.883,
        0.448,
        0,
        1.183,
        -0.317,
        0,
        1.4,
        -0.093,
        0,
        1.7,
        -6.969,
        0,
        2,
        10.712,
        0,
        2.317,
        -7.215,
        0,
        2.6,
        4.43,
        0,
        2.867,
        -6.084,
        0,
        3.15,
        5.37,
        0,
        3.417,
        -1.606,
        1,
        3.445,
        -1.606,
        3.472,
        -1.335,
        3.5,
        -1.18
      ]
    },
    {
      "Target": "Parameter",
      "Id": "ParamTuiRou1",
      "FadeInTime": -1.0,
      "FadeOutTime": -1.0,
      "Segments": [
        0,
        0,
        0,
        0.233,
        -2.449,
        0,
        0.567,
        -0.462,
        0,
        0.65,
        -0.502,
        0,
        1.233,
        4.228,
        0,
        2.183,
        -4.019,
        0,
        3.183,
        3.606,
        1,
        3.289,
        3.606,
        3.394,
        2.882,
        3.5,
        1.894
      ]
    },
    {
      "Target": "Parameter",
      "Id": "ParamTuiRou2",
      "FadeInTime": -1.0,
      "FadeOutTime": -1.0,
      "Segments": [
        0,
        -0.261,
        0,
        0.017,
        -0.285,
        0,
        0.183,
        1.504,
        0,
        0.45,
        -2.96,
        0,
        0.717,
        -0.417,
        0,
        0.917,
        -1.306,
        0,
        1.417,
        4.566,
        0,
        1.717,
        2.535,
        0,
        1.867,
        2.869,
        0,
        2.367,
        -3.81,
        0,
        2.583,
        -2.799,
        0,
        2.783,
        -3.369,
        0,
        3.367,
        3.327,
        1,
        3.411,
        3.327,
        3.456,
        3.013,
        3.5,
        2.772
      ]
    },
    {
      "Target": "Parameter",
      "Id": "ParamTuiRou3",
      "FadeInTime": -1.0,
      "FadeOutTime": -1.0,
      "Segments": [
        0,
        1.38,
        0,
        0.15,
        -0.487,
        0,
        0.35,
        1.533,
        0,
        0.583,
        -1.44,
        0,
        0.817,
        0.864,
        0,
        1.2,
        -1.926,
        0,
        1.533,
        1.137,
        0,
        1.783,
        -0.704,
        0,
        2.1,
        2.122,
        0,
        2.433,
        -0.771,
        0,
        2.683,
        0.844,
        0,
        3.05,
        -1.621,
        0,
        3.45,
        0.541,
        1,
        3.467,
        0.541,
        3.483,
        0.487,
        3.5,
        0.403
      ]
    },
    {
      "Target": "Parameter",
      "Id": "Param29",
      "FadeInTime": -1.0,
      "FadeOutTime": -1.0,
      "Segments": [
        0,
        0,
        0,
        0.25,
        -0.64,
        0,
        0.517,
        -0.148,
        0,
        0.733,
        -0.339,
        2,
        0.75,
        -0.339,
        2,
        0.767,
        -0.339,
        0,
        1.667,
        3.6,
        0,
        2.067,
        -3.179,
        0,
        2.833,
        2.03,
        0,
        3.383,
        -0.929,
        1,
        3.422,
        -0.929,
        3.461,
        -0.672,
        3.5,
        -0.382
      ]
    },
    {
      "Target": "Parameter",
      "Id": "Param30",
      "FadeInTime": -1.0,
      "FadeOutTime": -1.0,
      "Segments": [
        0,
        0,
        0,
        0.2,
        0.508,
        0,
        0.433,
        -0.837,
        0,
        0.683,
        0,
        0,
        0.967,
        -0.523,
        0,
        1.283,
        -0.138,
        0,
        1.4,
        -0.151,
        0,
        1.433,
        -0.147,
        0,
        1.567,
        -1.443,
        0,
        1.867,
        4.905,
        0,
        2.233,
        -3.429,
        0,
        2.5,
        -0.462,
        0,
        2.717,
        -1.714,
        0,
        3.017,
        2.377,
        0,
        3.3,
        0.246,
        0,
        3.35,
        0.298,
        1,
        3.4,
        0.298,
        3.45,
        -0.421,
        3.5,
        -0.78
      ]
    },
    {
      "Target": "Parameter",
      "Id": "ParamQianFa1_1",
      "FadeInTime": -1.0,
      "FadeOutTime": -1.0,
      "Segments": [
        0,
        0.121,
        0,
        0.233,
        -1.538,
        0,
        0.517,
        -0.241,
        0,
        0.733,
        -0.677,
        0,
        1.65,
        10.75,
        0,
        2.017,
        -10.458,
        0,
        2.317,
        0.516,
        0,
        2.5,
        -1.377,
        0,
        2.8,
        5.979,
        0,
        3.117,
        -2.096,
        0,
        3.267,
        -1.345,
        0,
        3.367,
        -1.902,
        1,
        3.411,
        -1.902,
        3.456,
        -0.599,
        3.5,
        0.518
      ]
    },
    {
      "Target": "Parameter",
      "Id": "ParamQianFa1_2",
      "FadeInTime": -1.0,
      "FadeOutTime": -1.0,
      "Segments": [
        0,
        0.461,
        0,
        0.117,
        1.143,
        0,
        0.433,
        -2.451,
        0,
        0.683,
        -0.868,
        0,
        0.933,
        -2.212,
        0,
        1.3,
        -0.817,
        0,
        1.333,
        -0.822,
        0,
        1.433,
        -0.725,
        0,
        1.567,
        -4.29,
        0,
        1.85,
        18.313,
        0,
        2.217,
        -11.182,
        0,
        2.467,
        0.121,
        0,
        2.717,
        -7.559,
        0,
        3,
        8.159,
        0,
        3.283,
        -1.575,
        0,
        3.383,
        -0.384,
        1,
        3.422,
        -0.384,
        3.461,
        -1.542,
        3.5,
        -2.237
      ]
    },
    {
      "Target": "Parameter",
      "Id": "ParamQianFa1_3",
      "FadeInTime": -1.0,
      "FadeOutTime": -1.0,
      "Segments": [
        0,
        -1.378,
        0,
        0.233,
        1.903,
        0,
        0.517,
        -1.543,
        0,
        0.783,
        1.088,
        0,
        1.067,
        -0.986,
        0,
        1.333,
        0.29,
        0,
        1.683,
        -6.323,
        0,
        1.967,
        12.88,
        0,
        2.283,
        -10.404,
        0,
        2.567,
        6.666,
        0,
        2.833,
        -7.654,
        0,
        3.117,
        7.742,
        0,
        3.383,
        -4.02,
        1,
        3.422,
        -4.02,
        3.461,
        -2.695,
        3.5,
        -1.59
      ]
    },
    {
      "Target": "Parameter",
      "Id": "ParamQianFa1_4",
      "FadeInTime": -1.0,
      "FadeOutTime": -1.0,
      "Segments": [
        0,
        -2.799,
        0,
        0.05,
        -3.423,
        0,
        0.333,
        3.108,
        0,
        0.617,
        -2.544,
        0,
        0.9,
        1.874,
        0,
        1.167,
        -1.624,
        0,
        1.433,
        0.715,
        0,
        1.767,
        -6.746,
        0,
        2.05,
        15.632,
        0,
        2.367,
        -15.032,
        0,
        2.667,
        10.871,
        0,
        2.933,
        -11.086,
        0,
        3.217,
        11.398,
        0,
        3.5,
        -7.36
      ]
    },
    {
      "Target": "Parameter",
      "Id": "ParamQianFa2_1",
      "FadeInTime": -1.0,
      "FadeOutTime": -1.0,
      "Segments": [
        0,
        0.376,
        0,
        0.283,
        -1.912,
        0,
        0.6,
        -0.13,
        0,
        0.817,
        -0.704,
        0,
        1.667,
        12.362,
        0,
        2.05,
        -13.752,
        0,
        2.367,
        2.208,
        0,
        2.567,
        -0.994,
        0,
        2.85,
        6.735,
        0,
        3.2,
        -3.509,
        1,
        3.3,
        -3.509,
        3.4,
        -0.064,
        3.5,
        1.659
      ]
    },
    {
      "Target": "Parameter",
      "Id": "ParamQianFa2_2",
      "FadeInTime": -1.0,
      "FadeOutTime": -1.0,
      "Segments": [
        0,
        -0.756,
        0,
        0.183,
        1.354,
        0,
        0.5,
        -2.808,
        0,
        0.767,
        -0.787,
        0,
        1.033,
        -2.289,
        0,
        1.433,
        -0.493,
        0,
        1.583,
        -5.332,
        0,
        1.883,
        19.482,
        0,
        2.25,
        -13.5,
        0,
        2.517,
        1.14,
        0,
        2.767,
        -7.965,
        0,
        3.067,
        8.93,
        0,
        3.5,
        -3.782
      ]
    },
    {
      "Target": "Parameter",
      "Id": "ParamQianFa2_3",
      "FadeInTime": -1.0,
      "FadeOutTime": -1.0,
      "Segments": [
        0,
        -1.577,
        0,
        0.033,
        -1.704,
        0,
        0.317,
        2.063,
        0,
        0.6,
        -1.785,
        0,
        0.867,
        1.224,
        0,
        1.167,
        -1.154,
        0,
        1.433,
        0.316,
        0,
        1.7,
        -6.655,
        0,
        1.983,
        13.569,
        0,
        2.317,
        -11.948,
        0,
        2.617,
        7.697,
        0,
        2.883,
        -8.191,
        0,
        3.167,
        8.307,
        0,
        3.483,
        -4.776,
        1,
        3.489,
        -4.776,
        3.494,
        -4.761,
        3.5,
        -4.733
      ]
    },
    {
      "Target": "Parameter",
      "Id": "ParamQianFa2_4",
      "FadeInTime": -1.0,
      "FadeOutTime": -1.0,
      "Segments": [
        0,
        0.592,
        0,
        0.133,
        -3.051,
        0,
        0.417,
        3.085,
        0,
        0.7,
        -2.784,
        0,
        0.983,
        2.079,
        0,
        1.267,
        -1.874,
        0,
        1.533,
        0.683,
        0,
        1.783,
        -7.127,
        0,
        2.083,
        16.516,
        0,
        2.417,
        -16.748,
        0,
        2.717,
        12.242,
        0,
        3,
        -11.857,
        0,
        3.283,
        12.192,
        1,
        3.355,
        12.192,
        3.428,
        1.266,
        3.5,
        -4.803
      ]
    },
    {
      "Target": "Parameter",
      "Id": "ParamQianFa3_1",
      "FadeInTime": -1.0,
      "FadeOutTime": -1.0,
      "Segments": [
        0,
        0.376,
        0,
        0.283,
        -1.912,
        0,
        0.6,
        -0.13,
        0,
        0.817,
        -0.704,
        0,
        1.667,
        12.362,
        0,
        2.05,
        -13.752,
        0,
        2.367,
        2.208,
        0,
        2.567,
        -0.994,
        0,
        2.85,
        6.735,
        0,
        3.2,
        -3.509,
        1,
        3.3,
        -3.509,
        3.4,
        -0.064,
        3.5,
        1.659
      ]
    },
    {
      "Target": "Parameter",
      "Id": "ParamQianFa3_2",
      "FadeInTime": -1.0,
      "FadeOutTime": -1.0,
      "Segments": [
        0,
        -0.756,
        0,
        0.183,
        1.354,
        0,
        0.5,
        -2.808,
        0,
        0.767,
        -0.787,
        0,
        1.033,
        -2.289,
        0,
        1.433,
        -0.493,
        0,
        1.583,
        -5.332,
        0,
        1.883,
        19.482,
        0,
        2.25,
        -13.5,
        0,
        2.517,
        1.14,
        0,
        2.767,
        -7.965,
        0,
        3.067,
        8.93,
        0,
        3.5,
        -3.782
      ]
    },
    {
      "Target": "Parameter",
      "Id": "ParamQianFa3_3",
      "FadeInTime": -1.0,
      "FadeOutTime": -1.0,
      "Segments": [
        0,
        -1.577,
        0,
        0.033,
        -1.704,
        0,
        0.317,
        2.063,
        0,
        0.6,
        -1.785,
        0,
        0.867,
        1.224,
        0,
        1.167,
        -1.154,
        0,
        1.433,
        0.316,
        0,
        1.7,
        -6.655,
        0,
        1.983,
        13.569,
        0,
        2.317,
        -11.948,
        0,
        2.617,
        7.697,
        0,
        2.883,
        -8.191,
        0,
        3.167,
        8.307,
        0,
        3.483,
        -4.776,
        1,
        3.489,
        -4.776,
        3.494,
        -4.761,
        3.5,
        -4.733
      ]
    },
    {
      "Target": "Parameter",
      "Id": "ParamQianFa3_4",
      "FadeInTime": -1.0,
      "FadeOutTime": -1.0,
      "Segments": [
        0,
        0.592,
        0,
        0.133,
        -3.051,
        0,
        0.417,
        3.085,
        0,
        0.7,
        -2.784,
        0,
        0.983,
        2.079,
        0,
        1.267,
        -1.874,
        0,
        1.533,
        0.683,
        0,
        1.783,
        -7.127,
        0,
        2.083,
        16.516,
        0,
        2.417,
        -16.748,
        0,
        2.717,
        12.242,
        0,
        3,
        -11.857,
        0,
        3.283,
        12.192,
        1,
        3.355,
        12.192,
        3.428,
        1.266,
        3.5,
        -4.803
      ]
    },
    {
      "Target": "Parameter",
      "Id": "Param19",
      "FadeInTime": -1.0,
      "FadeOutTime": -1.0,
      "Segments": [
        0,
        0,
        1,
        1.167,
        5.989,
        2.333,
        11.979,
        3.5,
        17.968
      ]
    },
    {
      "Target": "Parameter",
      "Id": "Param16",
      "FadeInTime": -1.0,
      "FadeOutTime": -1.0,
      "Segments": [
        0,
        0,
        0,
        2.567,
        9,
        1,
        2.878,
        9,
        3.189,
        7.84,
        3.5,
        6.353
      ]
    },
    {
      "Target": "Parameter",
      "Id": "Param14",
      "FadeInTime": -1.0,
      "FadeOutTime": -1.0,
      "Segments": [
        0,
        0,
        1,
        1.167,
        0.749,
        2.333,
        1.497,
        3.5,
        2.246
      ]
    },
    {
      "Target": "Parameter",
      "Id": "Param15",
      "FadeInTime": -1.0,
      "FadeOutTime": -1.0,
      "Segments": [
        0,
        0,
        2,
        1.233,
        0,
        0,
        1.3,
        10,
        0,
        1.383,
        8.228,
        0,
        1.45,
        10,
        0,
        1.55,
        7.31,
        1,
        1.578,
        7.31,
        1.605,
        9.944,
        1.633,
        9.948,
        1,
        1.916,
        9.986,
        2.2,
        10,
        2.483,
        10,
        0,
        2.567,
        6.706,
        0,
        2.633,
        10,
        0,
        2.717,
        8.215,
        0,
        2.8,
        9.995,
        1,
        3.033,
        9.997,
        3.267,
        9.999,
        3.5,
        9.999
      ]
    },
    {
      "Target": "Parameter",
      "Id": "Param18",
      "FadeInTime": -1.0,
      "FadeOutTime": -1.0,
      "Segments": [
        0,
        5,
        1,
        1.167,
        5.749,
        2.333,
        6.497,
        3.5,
        7.246
      ]
    },
    {
      "Target": "Parameter",
      "Id": "Param17",
      "FadeInTime": -1.0,
      "FadeOutTime": -1.0,
      "Segments": [
        0,
        0,
        2,
        0.85,
        0,
        0,
        0.917,
        10,
        0,
        1,
        8.228,
        0,
        1.067,
        10,
        0,
        1.167,
        7.31,
        1,
        1.195,
        7.31,
        1.222,
        9.943,
        1.25,
        9.948,
        1,
        1.472,
        9.987,
        1.695,
        10,
        1.917,
        10,
        0,
        2,
        6.706,
        0,
        2.067,
        10,
        0,
        2.15,
        8.215,
        0,
        2.233,
        9.995,
        1,
        2.516,
        9.999,
        2.8,
        10,
        3.083,
        10,
        0,
        3.167,
        6.706,
        0,
        3.233,
        10,
        0,
        3.317,
        8.215,
        0,
        3.4,
        9.995,
        0,
        3.5,
        9.996
      ]
    },
    {
      "Target": "Parameter",
      "Id": "Param6",
      "FadeInTime": -1.0,
      "FadeOutTime": -1.0,
      "Segments": [
        0,
        2.91,
        0,
        2.583,
        -2.913,
        1,
        2.889,
        -2.913,
        3.194,
        -2.189,
        3.5,
        -1.251
      ]
    },
    {
      "Target": "Parameter",
      "Id": "Param7",
      "FadeInTime": -1.0,
      "FadeOutTime": -1.0,
      "Segments": [
        0,
        2,
        0,
        0.85,
        4.016,
        0,
        3.45,
        -4.016,
        1,
        3.467,
        -4.016,
        3.483,
        -4.013,
        3.5,
        -4.007
      ]
    },
    {
      "Target": "Parameter",
      "Id": "Param8",
      "FadeInTime": -1.0,
      "FadeOutTime": -1.0,
      "Segments": [
        0,
        -2.32,
        0,
        1.717,
        4.987,
        1,
        2.311,
        4.987,
        2.906,
        0.295,
        3.5,
        -2.653
      ]
    },
    {
      "Target": "Parameter",
      "Id": "Param9",
      "FadeInTime": -1.0,
      "FadeOutTime": -1.0,
      "Segments": [
        0,
        -7.74,
        0,
        2.583,
        7.743,
        1,
        2.889,
        7.743,
        3.194,
        5.818,
        3.5,
        3.326
      ]
    },
    {
      "Target": "Parameter",
      "Id": "Param12",
      "FadeInTime": -1.0,
      "FadeOutTime": -1.0,
      "Segments": [
        0,
        0,
        1,
        1.167,
        0.749,
        2.333,
        1.497,
        3.5,
        2.246
      ]
    },
    {
      "Target": "Parameter",
      "Id": "Param13",
      "FadeInTime": -1.0,
      "FadeOutTime": -1.0,
      "Segments": [
        0,
        5,
        1,
        1.167,
        5.749,
        2.333,
        6.497,
        3.5,
        7.246
      ]
    },
    {
      "Target": "Parameter",
      "Id": "MB_wutixialuoxunhuan",
      "FadeInTime": -1.0,
      "FadeOutTime": -1.0,
      "Segments": [
        0,
        0,
        1,
        1.167,
        0.225,
        2.333,
        0.449,
        3.5,
        0.674
      ]
    },
    {
      "Target": "Parameter",
      "Id": "MB_wutixialuojiaodu",
      "FadeInTime": -1.0,
      "FadeOutTime": -1.0,
      "Segments": [
        0,
        0,
        1,
        1.167,
        0.301,
        2.333,
        0.602,
        3.5,
        0.903
      ]
    },
    {
      "Target": "Parameter",
      "Id": "MB_Awutifanzhuan",
      "FadeInTime": -1.0,
      "FadeOutTime": -1.0,
      "Segments": [
        0,
        0,
        0,
        1.8,
        1,
        1,
        2.367,
        1,
        2.933,
        0.265,
        3.5,
        0.055
      ]
    },
    {
      "Target": "Parameter",
      "Id": "MB_Awutidaxiao",
      "FadeInTime": -1.0,
      "FadeOutTime": -1.0,
      "Segments": [
        0,
        0,
        1,
        1.167,
        0,
        2.333,
        0.086,
        3.5,
        0.098
      ]
    },
    {
      "Target": "Parameter",
      "Id": "MB_Awutijiaodu",
      "FadeInTime": -1.0,
      "FadeOutTime": -1.0,
      "Segments": [
        0,
        1,
        1,
        1.167,
        1,
        2.333,
        0.407,
        3.5,
        0.318
      ]
    },
    {
      "Target": "Parameter",
      "Id": "MB_Bwutifanzhuan",
      "FadeInTime": -1.0,
      "FadeOutTime": -1.0,
      "Segments": [
        0,
        1,
        1,
        1.167,
        1,
        2.333,
        -0.712,
        3.5,
        -0.968
      ]
    },
    {
      "Target": "Parameter",
      "Id": "MB_Bwutidaxiao",
      "FadeInTime": -1.0,
      "FadeOutTime": -1.0,
      "Segments": [
        0,
        0,
        1,
        1.167,
        0,
        2.333,
        0.086,
        3.5,
        0.098
      ]
    },
    {
      "Target": "Parameter",
      "Id": "MB_Bwutijiaodu",
      "FadeInTime": -1.0,
      "FadeOutTime": -1.0,
      "Segments": [
        0,
        0,
        0,
        1.833,
        1,
        1,
        2.389,
        1,
        2.944,
        0.75,
        3.5,
        0.267
      ]
    },
    {
      "Target": "Parameter",
      "Id": "MB_Cwutifanzhuan",
      "FadeInTime": -1.0,
      "FadeOutTime": -1.0,
      "Segments": [
        0,
        0,
        0,
        1.833,
        1,
        1,
        2.389,
        1,
        2.944,
        0.75,
        3.5,
        0.267
      ]
    },
    {
      "Target": "Parameter",
      "Id": "MB_Cwutidaxiao",
      "FadeInTime": -1.0,
      "FadeOutTime": -1.0,
      "Segments": [
        0,
        0,
        1,
        1.167,
        0,
        2.333,
        -0.086,
        3.5,
        -0.098
      ]
    },
    {
      "Target": "Parameter",
      "Id": "MB_Cwutijiaodu",
      "FadeInTime": -1.0,
      "FadeOutTime": -1.0,
      "Segments": [
        0,
        -1,
        1,
        1.167,
        -1,
        2.333,
        -0.266,
        3.5,
        -0.156
      ]
    },
    {
      "Target": "Parameter",
      "Id": "Param_Angle_Rotation_1_ArtMesh186",
      "FadeInTime": -1.0,
      "FadeOutTime": -1.0,
      "Segments": [
        0,
        0.99,
        0,
        2.583,
        -0.992,
        1,
        2.889,
        -0.992,
        3.194,
        -0.745,
        3.5,
        -0.426
      ]
    },
    {
      "Target": "Parameter",
      "Id": "Param_Angle_Rotation_2_ArtMesh186",
      "FadeInTime": -1.0,
      "FadeOutTime": -1.0,
      "Segments": [
        0,
        0.91,
        0,
        0.3,
        0.992,
        0,
        2.9,
        -0.992,
        1,
        3.1,
        -0.992,
        3.3,
        -0.886,
        3.5,
        -0.724
      ]
    },
    {
      "Target": "Parameter",
      "Id": "Param_Angle_Rotation_3_ArtMesh186",
      "FadeInTime": -1.0,
      "FadeOutTime": -1.0,
      "Segments": [
        0,
        0.68,
        0,
        0.633,
        0.992,
        0,
        3.233,
        -0.992,
        1,
        3.322,
        -0.992,
        3.411,
        -0.971,
        3.5,
        -0.934
      ]
    },
    {
      "Target": "Parameter",
      "Id": "Param_Angle_Rotation_4_ArtMesh186",
      "FadeInTime": -1.0,
      "FadeOutTime": -1.0,
      "Segments": [
        0,
        0.38,
        0,
        0.95,
        1.016,
        1,
        1.8,
        1.016,
        2.65,
        -0.939,
        3.5,
        -1.014
      ]
    },
    {
      "Target": "Parameter",
      "Id": "Param_Angle_Rotation_5_ArtMesh186",
      "FadeInTime": -1.0,
      "FadeOutTime": -1.0,
      "Segments": [
        0,
        0,
        0,
        1.283,
        1.016,
        1,
        2.022,
        1.016,
        2.761,
        -0.461,
        3.5,
        -0.897
      ]
    },
    {
      "Target": "Parameter",
      "Id": "Param_Angle_Rotation_6_ArtMesh186",
      "FadeInTime": -1.0,
      "FadeOutTime": -1.0,
      "Segments": [
        0,
        -0.36,
        0,
        1.6,
        1.016,
        1,
        2.233,
        1.016,
        2.867,
        -0.069,
        3.5,
        -0.653
      ]
    },
    {
      "Target": "Parameter",
      "Id": "Param_Angle_Rotation_7_ArtMesh186",
      "FadeInTime": -1.0,
      "FadeOutTime": -1.0,
      "Segments": [
        0,
        -0.7,
        0,
        1.933,
        1.016,
        1,
        2.455,
        1.016,
        2.978,
        0.278,
        3.5,
        -0.308
      ]
    },
    {
      "Target": "Parameter",
      "Id": "Param_Angle_Rotation_8_ArtMesh186",
      "FadeInTime": -1.0,
      "FadeOutTime": -1.0,
      "Segments": [
        0,
        -0.92,
        0,
        2.25,
        1.016,
        1,
        2.667,
        1.016,
        3.083,
        0.546,
        3.5,
        0.059
      ]
    },
    {
      "Target": "Parameter",
      "Id": "Param_Angle_Rotation_9_ArtMesh186",
      "FadeInTime": -1.0,
      "FadeOutTime": -1.0,
      "Segments": [
        0,
        -1.02,
        0,
        2.583,
        1.016,
        1,
        2.889,
        1.016,
        3.194,
        0.763,
        3.5,
        0.436
      ]
    },
    {
      "Target": "Parameter",
      "Id": "Param_Angle_Rotation_10_ArtMesh186",
      "FadeInTime": -1.0,
      "FadeOutTime": -1.0,
      "Segments": [
        0,
        -0.93,
        0,
        0.3,
        -1.016,
        0,
        2.9,
        1.016,
        1,
        3.1,
        1.016,
        3.3,
        0.908,
        3.5,
        0.741
      ]
    },
    {
      "Target": "Parameter",
      "Id": "Param_Angle_Rotation_11_ArtMesh186",
      "FadeInTime": -1.0,
      "FadeOutTime": -1.0,
      "Segments": [
        0,
        -2.06,
        0,
        0.633,
        -3,
        0,
        3.233,
        3,
        1,
        3.322,
        3,
        3.411,
        2.937,
        3.5,
        2.824
      ]
    },
    {
      "Target": "Parameter",
      "Id": "Param_Angle_Rotation_12_ArtMesh186",
      "FadeInTime": -1.0,
      "FadeOutTime": -1.0,
      "Segments": [
        0,
        -1.13,
        0,
        0.95,
        -3,
        1,
        1.8,
        -3,
        2.65,
        2.771,
        3.5,
        2.993
      ]
    },
    {
      "Target": "Parameter",
      "Id": "Param_Angle_Rotation_13_ArtMesh186",
      "FadeInTime": -1.0,
      "FadeOutTime": -1.0,
      "Segments": [
        0,
        0,
        0,
        1.283,
        -3,
        1,
        2.022,
        -3,
        2.761,
        1.361,
        3.5,
        2.647
      ]
    },
    {
      "Target": "Parameter",
      "Id": "Param_Angle_Rotation_14_ArtMesh186",
      "FadeInTime": -1.0,
      "FadeOutTime": -1.0,
      "Segments": [
        0,
        1.08,
        0,
        1.6,
        -3,
        1,
        2.233,
        -3,
        2.867,
        0.204,
        3.5,
        1.929
      ]
    },
    {
      "Target": "Parameter",
      "Id": "Param_Angle_Rotation_15_ArtMesh186",
      "FadeInTime": -1.0,
      "FadeOutTime": -1.0,
      "Segments": [
        0,
        2.06,
        0,
        1.933,
        -3,
        1,
        2.455,
        -3,
        2.978,
        -0.821,
        3.5,
        0.91
      ]
    },
    {
      "Target": "Parameter",
      "Id": "Param_Angle_Rotation_1_ArtMesh187",
      "FadeInTime": -1.0,
      "FadeOutTime": -1.0,
      "Segments": [
        0,
        -0.99,
        0,
        2.583,
        0.992,
        1,
        2.889,
        0.992,
        3.194,
        0.745,
        3.5,
        0.426
      ]
    },
    {
      "Target": "Parameter",
      "Id": "Param_Angle_Rotation_2_ArtMesh187",
      "FadeInTime": -1.0,
      "FadeOutTime": -1.0,
      "Segments": [
        0,
        -0.91,
        0,
        0.3,
        -0.992,
        0,
        2.9,
        0.992,
        1,
        3.1,
        0.992,
        3.3,
        0.886,
        3.5,
        0.724
      ]
    },
    {
      "Target": "Parameter",
      "Id": "Param_Angle_Rotation_3_ArtMesh187",
      "FadeInTime": -1.0,
      "FadeOutTime": -1.0,
      "Segments": [
        0,
        -0.68,
        0,
        0.633,
        -0.992,
        0,
        3.233,
        0.992,
        1,
        3.322,
        0.992,
        3.411,
        0.971,
        3.5,
        0.934
      ]
    },
    {
      "Target": "Parameter",
      "Id": "Param_Angle_Rotation_4_ArtMesh187",
      "FadeInTime": -1.0,
      "FadeOutTime": -1.0,
      "Segments": [
        0,
        -0.38,
        0,
        0.95,
        -1.016,
        1,
        1.8,
        -1.016,
        2.65,
        0.939,
        3.5,
        1.014
      ]
    },
    {
      "Target": "Parameter",
      "Id": "Param_Angle_Rotation_5_ArtMesh187",
      "FadeInTime": -1.0,
      "FadeOutTime": -1.0,
      "Segments": [
        0,
        0,
        0,
        1.283,
        -1.016,
        1,
        2.022,
        -1.016,
        2.761,
        0.461,
        3.5,
        0.897
      ]
    },
    {
      "Target": "Parameter",
      "Id": "Param_Angle_Rotation_6_ArtMesh187",
      "FadeInTime": -1.0,
      "FadeOutTime": -1.0,
      "Segments": [
        0,
        0.36,
        0,
        1.6,
        -1.016,
        1,
        2.233,
        -1.016,
        2.867,
        0.069,
        3.5,
        0.653
      ]
    },
    {
      "Target": "Parameter",
      "Id": "Param_Angle_Rotation_7_ArtMesh187",
      "FadeInTime": -1.0,
      "FadeOutTime": -1.0,
      "Segments": [
        0,
        0.7,
        0,
        1.933,
        -1.016,
        1,
        2.455,
        -1.016,
        2.978,
        -0.278,
        3.5,
        0.308
      ]
    },
    {
      "Target": "Parameter",
      "Id": "Param_Angle_Rotation_8_ArtMesh187",
      "FadeInTime": -1.0,
      "FadeOutTime": -1.0,
      "Segments": [
        0,
        0.92,
        0,
        2.25,
        -1.016,
        1,
        2.667,
        -1.016,
        3.083,
        -0.546,
        3.5,
        -0.059
      ]
    },
    {
      "Target": "Parameter",
      "Id": "Param_Angle_Rotation_9_ArtMesh187",
      "FadeInTime": -1.0,
      "FadeOutTime": -1.0,
      "Segments": [
        0,
        1.02,
        0,
        2.583,
        -1.016,
        1,
        2.889,
        -1.016,
        3.194,
        -0.763,
        3.5,
        -0.436
      ]
    },
    {
      "Target": "Parameter",
      "Id": "Param_Angle_Rotation_10_ArtMesh187",
      "FadeInTime": -1.0,
      "FadeOutTime": -1.0,
      "Segments": [
        0,
        0.93,
        0,
        0.3,
        1.016,
        0,
        2.9,
        -1.016,
        1,
        3.1,
        -1.016,
        3.3,
        -0.908,
        3.5,
        -0.741
      ]
    },
    {
      "Target": "Parameter",
      "Id": "Param_Angle_Rotation_11_ArtMesh187",
      "FadeInTime": -1.0,
      "FadeOutTime": -1.0,
      "Segments": [
        0,
        2.06,
        0,
        0.633,
        3,
        0,
        3.233,
        -3,
        1,
        3.322,
        -3,
        3.411,
        -2.937,
        3.5,
        -2.824
      ]
    },
    {
      "Target": "Parameter",
      "Id": "Param_Angle_Rotation_12_ArtMesh187",
      "FadeInTime": -1.0,
      "FadeOutTime": -1.0,
      "Segments": [
        0,
        1.13,
        0,
        0.95,
        3,
        1,
        1.8,
        3,
        2.65,
        -2.771,
        3.5,
        -2.993
      ]
    },
    {
      "Target": "Parameter",
      "Id": "Param_Angle_Rotation_13_ArtMesh187",
      "FadeInTime": -1.0,
      "FadeOutTime": -1.0,
      "Segments": [
        0,
        0,
        0,
        1.283,
        3,
        1,
        2.022,
        3,
        2.761,
        -1.361,
        3.5,
        -2.647
      ]
    },
    {
      "Target": "Parameter",
      "Id": "Param_Angle_Rotation_14_ArtMesh187",
      "FadeInTime": -1.0,
      "FadeOutTime": -1.0,
      "Segments": [
        0,
        -1.08,
        0,
        1.6,
        3,
        1,
        2.233,
        3,
        2.867,
        -0.204,
        3.5,
        -1.929
      ]
    },
    {
      "Target": "Parameter",
      "Id": "Param_Angle_Rotation_15_ArtMesh187",
      "FadeInTime": -1.0,
      "FadeOutTime": -1.0,
      "Segments": [
        0,
        -2.06,
        0,
        1.933,
        3,
        1,
        2.455,
        3,
        2.978,
        0.821,
        3.5,
        -0.91
      ]
    },
    {
      "Target": "Parameter",
      "Id": "Param_Angle_Rotation_1_ArtMesh188",
      "FadeInTime": -1.0,
      "FadeOutTime": -1.0,
      "Segments": [
        0,
        -3,
        1,
        1.167,
        -3,
        2.333,
        1.959,
        3.5,
        2.86
      ]
    },
    {
      "Target": "Parameter",
      "Id": "Param_Angle_Rotation_2_ArtMesh188",
      "FadeInTime": -1.0,
      "FadeOutTime": -1.0,
      "Segments": [
        0,
        -2.6,
        0,
        0.617,
        -3,
        1,
        1.578,
        -3,
        2.539,
        0.308,
        3.5,
        2.011
      ]
    },
    {
      "Target": "Parameter",
      "Id": "Param_Angle_Rotation_3_ArtMesh188",
      "FadeInTime": -1.0,
      "FadeOutTime": -1.0,
      "Segments": [
        0,
        -2.99,
        0,
        1.25,
        -5.277,
        1,
        2,
        -5.277,
        2.75,
        -2.163,
        3.5,
        0.472
      ]
    },
    {
      "Target": "Parameter",
      "Id": "Param_Angle_Rotation_4_ArtMesh188",
      "FadeInTime": -1.0,
      "FadeOutTime": -1.0,
      "Segments": [
        0,
        -0.75,
        0,
        1.9,
        -5.277,
        1,
        2.433,
        -5.277,
        2.967,
        -3.702,
        3.5,
        -1.845
      ]
    },
    {
      "Target": "Parameter",
      "Id": "Param_Angle_Rotation_5_ArtMesh188",
      "FadeInTime": -1.0,
      "FadeOutTime": -1.0,
      "Segments": [
        0,
        1.53,
        0,
        2.55,
        -5.277,
        1,
        2.867,
        -5.277,
        3.183,
        -4.717,
        3.5,
        -3.871
      ]
    },
    {
      "Target": "Parameter",
      "Id": "Param_Angle_Rotation_6_ArtMesh188",
      "FadeInTime": -1.0,
      "FadeOutTime": -1.0,
      "Segments": [
        0,
        5.97,
        0,
        3.2,
        -6.356,
        1,
        3.3,
        -6.356,
        3.4,
        -6.276,
        3.5,
        -6.128
      ]
    },
    {
      "Target": "Parameter",
      "Id": "Param_Angle_Rotation_7_ArtMesh188",
      "FadeInTime": -1.0,
      "FadeOutTime": -1.0,
      "Segments": [
        0,
        7.07,
        1,
        1.167,
        7.07,
        2.333,
        -4.026,
        3.5,
        -6.043
      ]
    },
    {
      "Target": "Parameter",
      "Id": "Param_Angle_Rotation_8_ArtMesh188",
      "FadeInTime": -1.0,
      "FadeOutTime": -1.0,
      "Segments": [
        0,
        6.17,
        0,
        0.617,
        7.075,
        1,
        1.578,
        7.075,
        2.539,
        -0.329,
        3.5,
        -4.143
      ]
    },
    {
      "Target": "Parameter",
      "Id": "Param_Angle_Rotation_9_ArtMesh188",
      "FadeInTime": -1.0,
      "FadeOutTime": -1.0,
      "Segments": [
        0,
        3.96,
        0,
        1.25,
        7.913,
        1,
        2,
        7.913,
        2.75,
        2.526,
        3.5,
        -2.033
      ]
    },
    {
      "Target": "Parameter",
      "Id": "Param_Angle_Rotation_10_ArtMesh188",
      "FadeInTime": -1.0,
      "FadeOutTime": -1.0,
      "Segments": [
        0,
        0.08,
        0,
        1.9,
        7.913,
        1,
        2.433,
        7.913,
        2.967,
        5.189,
        3.5,
        1.975
      ]
    },
    {
      "Target": "Parameter",
      "Id": "Param_Angle_Rotation_11_ArtMesh188",
      "FadeInTime": -1.0,
      "FadeOutTime": -1.0,
      "Segments": [
        0,
        -3.86,
        0,
        2.55,
        7.913,
        1,
        2.867,
        7.913,
        3.183,
        6.944,
        3.5,
        5.481
      ]
    },
    {
      "Target": "Parameter",
      "Id": "Param_Angle_Rotation_12_ArtMesh188",
      "FadeInTime": -1.0,
      "FadeOutTime": -1.0,
      "Segments": [
        0,
        -8.59,
        0,
        3.2,
        9.351,
        1,
        3.3,
        9.351,
        3.4,
        9.234,
        3.5,
        9.019
      ]
    },
    {
      "Target": "Parameter",
      "Id": "Param_Angle_Rotation_13_ArtMesh188",
      "FadeInTime": -1.0,
      "FadeOutTime": -1.0,
      "Segments": [
        0,
        -10.19,
        1,
        1.167,
        -10.19,
        2.333,
        5.821,
        3.5,
        8.857
      ]
    },
    {
      "Target": "Parameter",
      "Id": "Param_Angle_Rotation_14_ArtMesh188",
      "FadeInTime": -1.0,
      "FadeOutTime": -1.0,
      "Segments": [
        0,
        -8.87,
        0,
        0.617,
        -10.19,
        1,
        1.578,
        -10.19,
        2.539,
        0.491,
        3.5,
        6.06
      ]
    },
    {
      "Target": "Parameter",
      "Id": "Param_Angle_Rotation_15_ArtMesh188",
      "FadeInTime": -1.0,
      "FadeOutTime": -1.0,
      "Segments": [
        0,
        -5.39,
        0,
        1.25,
        -10.19,
        1,
        2,
        -10.19,
        2.75,
        -3.741,
        3.5,
        1.747
      ]
    },
    {
      "Target": "Parameter",
      "Id": "Param_Angle_Rotation_16_ArtMesh188",
      "FadeInTime": -1.0,
      "FadeOutTime": -1.0,
      "Segments": [
        0,
        -0.67,
        0,
        1.9,
        -10.19,
        1,
        2.433,
        -10.19,
        2.967,
        -6.929,
        3.5,
        -3.071
      ]
    },
    {
      "Target": "Parameter",
      "Id": "Paramring",
      "FadeInTime": -1.0,
      "FadeOutTime": -1.0,
      "Segments": [
        0,
        0,
        0,
        3.5,
        0
      ]
    },
    {
      "Target": "Parameter",
      "Id": "touch_drag1",
      "FadeInTime": -1.0,
      "FadeOutTime": -1.0,
      "Segments": [
        0,
        0,
        0,
        3.5,
        0
      ]
    },
    {
      "Target": "Parameter",
      "Id": "touch_drag2",
      "FadeInTime": -1.0,
      "FadeOutTime": -1.0,
      "Segments": [
        0,
        0,
        0,
        3.5,
        0
      ]
    },
    {
      "Target": "Parameter",
      "Id": "touch_drag3",
      "FadeInTime": -1.0,
      "FadeOutTime": -1.0,
      "Segments": [
        0,
        0,
        0,
        3.5,
        0
      ]
    },
    {
      "Target": "Parameter",
      "Id": "ParamHeikuang",
      "FadeInTime": -1.0,
      "FadeOutTime": -1.0,
      "Segments": [
        0,
        0,
        0,
        3.5,
        0
      ]
    },
    {
      "Target": "Parameter",
      "Id": "ParamBaise",
      "FadeInTime": -1.0,
      "FadeOutTime": -1.0,
      "Segments": [
        0,
        0,
        0,
        3.5,
        0
      ]
    },
    {
      "Target": "Parameter",
      "Id": "ParamHeise",
      "FadeInTime": -1.0,
      "FadeOutTime": -1.0,
      "Segments": [
        0,
        0,
        0,
        3.5,
        0
      ]
    },
    {
      "Target": "Parameter",
      "Id": "ParamALLZ",
      "FadeInTime": -1.0,
      "FadeOutTime": -1.0,
      "Segments": [
        0,
        0,
        0,
        3.5,
        0
      ]
    },
    {
      "Target": "Parameter",
      "Id": "ParamRenwuX8",
      "FadeInTime": -1.0,
      "FadeOutTime": -1.0,
      "Segments": [
        0,
        10,
        0,
        3.5,
        10
      ]
    },
    {
      "Target": "Parameter",
      "Id": "ParamRenwuX9",
      "FadeInTime": -1.0,
      "FadeOutTime": -1.0,
      "Segments": [
        0,
        0,
        0,
        3.5,
        0
      ]
    },
    {
      "Target": "Parameter",
      "Id": "ParamRenwuX2",
      "FadeInTime": -1.0,
      "FadeOutTime": -1.0,
      "Segments": [
        0,
        0,
        0,
        3.5,
        0
      ]
    },
    {
      "Target": "Parameter",
      "Id": "ParamRenwuX4",
      "FadeInTime": -1.0,
      "FadeOutTime": -1.0,
      "Segments": [
        0,
        -0.5,
        0,
        3.5,
        -0.5
      ]
    },
    {
      "Target": "Parameter",
      "Id": "ParamRenwu",
      "FadeInTime": -1.0,
      "FadeOutTime": -1.0,
      "Segments": [
        0,
        1,
        0,
        3.5,
        1
      ]
    },
    {
      "Target": "Parameter",
      "Id": "ParamRenwuS",
      "FadeInTime": -1.0,
      "FadeOutTime": -1.0,
      "Segments": [
        0,
        0,
        0,
        3.5,
        0
      ]
    },
    {
      "Target": "Parameter",
      "Id": "ParamBeijing",
      "FadeInTime": -1.0,
      "FadeOutTime": -1.0,
      "Segments": [
        0,
        1,
        0,
        3.5,
        1
      ]
    },
    {
      "Target": "Parameter",
      "Id": "ParamBeijingX",
      "FadeInTime": -1.0,
      "FadeOutTime": -1.0,
      "Segments": [
        0,
        0,
        0,
        3.5,
        0
      ]
    },
    {
      "Target": "Parameter",
      "Id": "ParamBeijingY",
      "FadeInTime": -1.0,
      "FadeOutTime": -1.0,
      "Segments": [
        0,
        0,
        0,
        3.5,
        0
      ]
    },
    {
      "Target": "Parameter",
      "Id": "ParamBeijingZ",
      "FadeInTime": -1.0,
      "FadeOutTime": -1.0,
      "Segments": [
        0,
        0,
        0,
        3.5,
        0
      ]
    },
    {
      "Target": "Parameter",
      "Id": "ParamBeijingS",
      "FadeInTime": -1.0,
      "FadeOutTime": -1.0,
      "Segments": [
        0,
        0,
        0,
        3.5,
        0
      ]
    },
    {
      "Target": "Parameter",
      "Id": "ParamEyeLSmile",
      "FadeInTime": -1.0,
      "FadeOutTime": -1.0,
      "Segments": [
        0,
        0,
        0,
        3.5,
        0
      ]
    },
    {
      "Target": "Parameter",
      "Id": "ParamEyeRSmile",
      "FadeInTime": -1.0,
      "FadeOutTime": -1.0,
      "Segments": [
        0,
        0,
        0,
        3.5,
        0
      ]
    },
    {
      "Target": "Parameter",
      "Id": "ParamBrowRY",
      "FadeInTime": -1.0,
      "FadeOutTime": -1.0,
      "Segments": [
        0,
        0,
        0,
        3.5,
        0
      ]
    },
    {
      "Target": "Parameter",
      "Id": "ParamBrowRForm",
      "FadeInTime": -1.0,
      "FadeOutTime": -1.0,
      "Segments": [
        0,
        0,
        0,
        3.5,
        0
      ]
    },
    {
      "Target": "Parameter",
      "Id": "ParamBrowLY",
      "FadeInTime": -1.0,
      "FadeOutTime": -1.0,
      "Segments": [
        0,
        0,
        0,
        3.5,
        0
      ]
    },
    {
      "Target": "Parameter",
      "Id": "ParamBrowLForm",
      "FadeInTime": -1.0,
      "FadeOutTime": -1.0,
      "Segments": [
        0,
        0,
        0,
        3.5,
        0
      ]
    },
    {
      "Target": "Parameter",
      "Id": "Param4",
      "FadeInTime": -1.0,
      "FadeOutTime": -1.0,
      "Segments": [
        0,
        0,
        0,
        3.5,
        0
      ]
    },
    {
      "Target": "Parameter",
      "Id": "ParamMouthS",
      "FadeInTime": -1.0,
      "FadeOutTime": -1.0,
      "Segments": [
        0,
        0,
        0,
        3.5,
        0
      ]
    },
    {
      "Target": "Parameter",
      "Id": "ParamEyeGaoguang",
      "FadeInTime": -1.0,
      "FadeOutTime": -1.0,
      "Segments": [
        0,
        0,
        0,
        3.5,
        0
      ]
    },
    {
      "Target": "Parameter",
      "Id": "Param28",
      "FadeInTime": -1.0,
      "FadeOutTime": -1.0,
      "Segments": [
        0,
        5,
        0,
        3.5,
        5
      ]
    },
    {
      "Target": "Parameter",
      "Id": "Param86",
      "FadeInTime": -1.0,
      "FadeOutTime": -1.0,
      "Segments": [
        0,
        5,
        0,
        3.5,
        5
      ]
    },
    {
      "Target": "Parameter",
      "Id": "Param31",
      "FadeInTime": -1.0,
      "FadeOutTime": -1.0,
      "Segments": [
        0,
        0,
        0,
        3.5,
        0
      ]
    },
    {
      "Target": "Parameter",
      "Id": "ParamBodyAngleZ3",
      "FadeInTime": -1.0,
      "FadeOutTime": -1.0,
      "Segments": [
        0,
        0,
        0,
        3.5,
        0
      ]
    },
    {
      "Target": "Parameter",
      "Id": "ParamBodyAngleX2",
      "FadeInTime": -1.0,
      "FadeOutTime": -1.0,
      "Segments": [
        0,
        0,
        0,
        3.5,
        0
      ]
    },
    {
      "Target": "Parameter",
      "Id": "ParamBreath",
      "FadeInTime": -1.0,
      "FadeOutTime": -1.0,
      "Segments": [
        0,
        0,
        0,
        3.5,
        0
      ]
    },
    {
      "Target": "Parameter",
      "Id": "ParamBodyAngleY",
      "FadeInTime": -1.0,
      "FadeOutTime": -1.0,
      "Segments": [
        0,
        0,
        0,
        3.5,
        0
      ]
    },
    {
      "Target": "Parameter",
      "Id": "Param57",
      "FadeInTime": -1.0,
      "FadeOutTime": -1.0,
      "Segments": [
        0,
        0,
        0,
        3.5,
        0
      ]
    },
    {
      "Target": "Parameter",
      "Id": "ParamA1zuoshoutuozhanxingbian",
      "FadeInTime": -1.0,
      "FadeOutTime": -1.0,
      "Segments": [
        0,
        0,
        0,
        3.5,
        0
      ]
    },
    {
      "Target": "Parameter",
      "Id": "Param47",
      "FadeInTime": -1.0,
      "FadeOutTime": -1.0,
      "Segments": [
        0,
        0,
        0,
        3.5,
        0
      ]
    },
    {
      "Target": "Parameter",
      "Id": "Param48",
      "FadeInTime": -1.0,
      "FadeOutTime": -1.0,
      "Segments": [
        0,
        0,
        0,
        3.5,
        0
      ]
    },
    {
      "Target": "Parameter",
      "Id": "Param49",
      "FadeInTime": -1.0,
      "FadeOutTime": -1.0,
      "Segments": [
        0,
        0,
        0,
        3.5,
        0
      ]
    },
    {
      "Target": "Parameter",
      "Id": "Param68",
      "FadeInTime": -1.0,
      "FadeOutTime": -1.0,
      "Segments": [
        0,
        0,
        0,
        3.5,
        0
      ]
    },
    {
      "Target": "Parameter",
      "Id": "Param69",
      "FadeInTime": -1.0,
      "FadeOutTime": -1.0,
      "Segments": [
        0,
        0,
        0,
        3.5,
        0
      ]
    },
    {
      "Target": "Parameter",
      "Id": "Param52",
      "FadeInTime": -1.0,
      "FadeOutTime": -1.0,
      "Segments": [
        0,
        0,
        0,
        3.5,
        0
      ]
    },
    {
      "Target": "Parameter",
      "Id": "Param54",
      "FadeInTime": -1.0,
      "FadeOutTime": -1.0,
      "Segments": [
        0,
        0,
        0,
        3.5,
        0
      ]
    },
    {
      "Target": "Parameter",
      "Id": "Param55",
      "FadeInTime": -1.0,
      "FadeOutTime": -1.0,
      "Segments": [
        0,
        0,
        0,
        3.5,
        0
      ]
    },
    {
      "Target": "Parameter",
      "Id": "Param56",
      "FadeInTime": -1.0,
      "FadeOutTime": -1.0,
      "Segments": [
        0,
        0,
        0,
        3.5,
        0
      ]
    },
    {
      "Target": "Parameter",
      "Id": "Param58",
      "FadeInTime": -1.0,
      "FadeOutTime": -1.0,
      "Segments": [
        0,
        0,
        0,
        3.5,
        0
      ]
    },
    {
      "Target": "Parameter",
      "Id": "Param20",
      "FadeInTime": -1.0,
      "FadeOutTime": -1.0,
      "Segments": [
        0,
        0,
        0,
        3.5,
        0
      ]
    },
    {
      "Target": "Parameter",
      "Id": "Param21",
      "FadeInTime": -1.0,
      "FadeOutTime": -1.0,
      "Segments": [
        0,
        0,
        0,
        3.5,
        0
      ]
    },
    {
      "Target": "Parameter",
      "Id": "Param100",
      "FadeInTime": -1.0,
      "FadeOutTime": -1.0,
      "Segments": [
        0,
        0,
        0,
        3.5,
        0
      ]
    },
    {
      "Target": "Parameter",
      "Id": "Param101",
      "FadeInTime": -1.0,
      "FadeOutTime": -1.0,
      "Segments": [
        0,
        10,
        0,
        3.5,
        10
      ]
    },
    {
      "Target": "Parameter",
      "Id": "Param102",
      "FadeInTime": -1.0,
      "FadeOutTime": -1.0,
      "Segments": [
        0,
        10,
        0,
        3.5,
        10
      ]
    },
    {
      "Target": "Parameter",
      "Id": "ParamShangBiRUD",
      "FadeInTime": -1.0,
      "FadeOutTime": -1.0,
      "Segments": [
        0,
        0,
        0,
        3.5,
        0
      ]
    },
    {
      "Target": "Parameter",
      "Id": "ParamA1zuoshoutuozhanxingbian2",
      "FadeInTime": -1.0,
      "FadeOutTime": -1.0,
      "Segments": [
        0,
        0,
        0,
        3.5,
        0
      ]
    },
    {
      "Target": "Parameter",
      "Id": "Param35",
      "FadeInTime": -1.0,
      "FadeOutTime": -1.0,
      "Segments": [
        0,
        0,
        0,
        3.5,
        0
      ]
    },
    {
      "Target": "Parameter",
      "Id": "Param36",
      "FadeInTime": -1.0,
      "FadeOutTime": -1.0,
      "Segments": [
        0,
        0,
        0,
        3.5,
        0
      ]
    },
    {
      "Target": "Parameter",
      "Id": "Param37",
      "FadeInTime": -1.0,
      "FadeOutTime": -1.0,
      "Segments": [
        0,
        0,
        0,
        3.5,
        0
      ]
    },
    {
      "Target": "Parameter",
      "Id": "Param70",
      "FadeInTime": -1.0,
      "FadeOutTime": -1.0,
      "Segments": [
        0,
        0,
        0,
        3.5,
        0
      ]
    },
    {
      "Target": "Parameter",
      "Id": "Param71",
      "FadeInTime": -1.0,
      "FadeOutTime": -1.0,
      "Segments": [
        0,
        0,
        0,
        3.5,
        0
      ]
    },
    {
      "Target": "Parameter",
      "Id": "Param53",
      "FadeInTime": -1.0,
      "FadeOutTime": -1.0,
      "Segments": [
        0,
        1,
        0,
        3.5,
        1
      ]
    },
    {
      "Target": "Parameter",
      "Id": "Param60",
      "FadeInTime": -1.0,
      "FadeOutTime": -1.0,
      "Segments": [
        0,
        0,
        0,
        3.5,
        0
      ]
    },
    {
      "Target": "Parameter",
      "Id": "Param61",
      "FadeInTime": -1.0,
      "FadeOutTime": -1.0,
      "Segments": [
        0,
        0,
        0,
        3.5,
        0
      ]
    },
    {
      "Target": "Parameter",
      "Id": "Param41",
      "FadeInTime": -1.0,
      "FadeOutTime": -1.0,
      "Segments": [
        0,
        0,
        0,
        3.5,
        0
      ]
    },
    {
      "Target": "Parameter",
      "Id": "Param40",
      "FadeInTime": -1.0,
      "FadeOutTime": -1.0,
      "Segments": [
        0,
        0,
        0,
        3.5,
        0
      ]
    },
    {
      "Target": "Parameter",
      "Id": "Param103",
      "FadeInTime": -1.0,
      "FadeOutTime": -1.0,
      "Segments": [
        0,
        0,
        0,
        3.5,
        0
      ]
    },
    {
      "Target": "Parameter",
      "Id": "ParamDaTuiLUD",
      "FadeInTime": -1.0,
      "FadeOutTime": -1.0,
      "Segments": [
        0,
        0,
        0,
        3.5,
        0
      ]
    },
    {
      "Target": "Parameter",
      "Id": "ParamXiaoTuiLUD",
      "FadeInTime": -1.0,
      "FadeOutTime": -1.0,
      "Segments": [
        0,
        0,
        0,
        3.5,
        0
      ]
    },
    {
      "Target": "Parameter",
      "Id": "Param62",
      "FadeInTime": -1.0,
      "FadeOutTime": -1.0,
      "Segments": [
        0,
        0,
        0,
        3.5,
        0
      ]
    },
    {
      "Target": "Parameter",
      "Id": "ParamDaTuiLUD2",
      "FadeInTime": -1.0,
      "FadeOutTime": -1.0,
      "Segments": [
        0,
        0,
        0,
        3.5,
        0
      ]
    },
    {
      "Target": "Parameter",
      "Id": "ParamXiaoTuiLUD3",
      "FadeInTime": -1.0,
      "FadeOutTime": -1.0,
      "Segments": [
        0,
        0,
        0,
        3.5,
        0
      ]
    },
    {
      "Target": "Parameter",
      "Id": "ParamXiaoTuiLUD2",
      "FadeInTime": -1.0,
      "FadeOutTime": -1.0,
      "Segments": [
        0,
        5,
        0,
        3.5,
        5
      ]
    },
    {
      "Target": "Parameter",
      "Id": "Param22",
      "FadeInTime": -1.0,
      "FadeOutTime": -1.0,
      "Segments": [
        0,
        10,
        0,
        3.5,
        10
      ]
    },
    {
      "Target": "Parameter",
      "Id": "Param24",
      "FadeInTime": -1.0,
      "FadeOutTime": -1.0,
      "Segments": [
        0,
        0,
        0,
        3.5,
        0
      ]
    },
    {
      "Target": "Parameter",
      "Id": "Param23",
      "FadeInTime": -1.0,
      "FadeOutTime": -1.0,
      "Segments": [
        0,
        0,
        0,
        3.5,
        0
      ]
    },
    {
      "Target": "Parameter",
      "Id": "Param59",
      "FadeInTime": -1.0,
      "FadeOutTime": -1.0,
      "Segments": [
        0,
        0,
        0,
        3.5,
        0
      ]
    },
    {
      "Target": "Parameter",
      "Id": "ParamDaTuiRUD",
      "FadeInTime": -1.0,
      "FadeOutTime": -1.0,
      "Segments": [
        0,
        0,
        0,
        3.5,
        0
      ]
    },
    {
      "Target": "Parameter",
      "Id": "Param63",
      "FadeInTime": -1.0,
      "FadeOutTime": -1.0,
      "Segments": [
        0,
        0,
        0,
        3.5,
        0
      ]
    },
    {
      "Target": "Parameter",
      "Id": "ParamXiaoTuiLUD5",
      "FadeInTime": -1.0,
      "FadeOutTime": -1.0,
      "Segments": [
        0,
        0,
        0,
        3.5,
        0
      ]
    },
    {
      "Target": "Parameter",
      "Id": "ParamDaTuiLUD3",
      "FadeInTime": -1.0,
      "FadeOutTime": -1.0,
      "Segments": [
        0,
        0,
        0,
        3.5,
        0
      ]
    },
    {
      "Target": "Parameter",
      "Id": "ParamXiaoTuiLUD4",
      "FadeInTime": -1.0,
      "FadeOutTime": -1.0,
      "Segments": [
        0,
        0,
        0,
        3.5,
        0
      ]
    },
    {
      "Target": "Parameter",
      "Id": "Param26",
      "FadeInTime": -1.0,
      "FadeOutTime": -1.0,
      "Segments": [
        0,
        0,
        0,
        3.5,
        0
      ]
    },
    {
      "Target": "Parameter",
      "Id": "Param75",
      "FadeInTime": -1.0,
      "FadeOutTime": -1.0,
      "Segments": [
        0,
        0,
        0,
        3.5,
        0
      ]
    },
    {
      "Target": "Parameter",
      "Id": "Param5",
      "FadeInTime": -1.0,
      "FadeOutTime": -1.0,
      "Segments": [
        0,
        0,
        0,
        3.5,
        0
      ]
    },
    {
      "Target": "Parameter",
      "Id": "Param76",
      "FadeInTime": -1.0,
      "FadeOutTime": -1.0,
      "Segments": [
        0,
        0,
        0,
        3.5,
        0
      ]
    },
    {
      "Target": "Parameter",
      "Id": "Param34",
      "FadeInTime": -1.0,
      "FadeOutTime": -1.0,
      "Segments": [
        0,
        0,
        0,
        3.5,
        0
      ]
    },
    {
      "Target": "Parameter",
      "Id": "Param93",
      "FadeInTime": -1.0,
      "FadeOutTime": -1.0,
      "Segments": [
        0,
        0,
        0,
        3.5,
        0
      ]
    },
    {
      "Target": "Parameter",
      "Id": "Param95",
      "FadeInTime": -1.0,
      "FadeOutTime": -1.0,
      "Segments": [
        0,
        0,
        0,
        3.5,
        0
      ]
    },
    {
      "Target": "Parameter",
      "Id": "Param96",
      "FadeInTime": -1.0,
      "FadeOutTime": -1.0,
      "Segments": [
        0,
        0,
        0,
        3.5,
        0
      ]
    },
    {
      "Target": "Parameter",
      "Id": "Param125",
      "FadeInTime": -1.0,
      "FadeOutTime": -1.0,
      "Segments": [
        0,
        0,
        0,
        3.5,
        0
      ]
    },
    {
      "Target": "Parameter",
      "Id": "Param64",
      "FadeInTime": -1.0,
      "FadeOutTime": -1.0,
      "Segments": [
        0,
        0,
        0,
        3.5,
        0
      ]
    },
    {
      "Target": "Parameter",
      "Id": "Param39",
      "FadeInTime": -1.0,
      "FadeOutTime": -1.0,
      "Segments": [
        0,
        0,
        0,
        3.5,
        0
      ]
    },
    {
      "Target": "Parameter",
      "Id": "Param104",
      "FadeInTime": -1.0,
      "FadeOutTime": -1.0,
      "Segments": [
        0,
        0,
        0,
        3.5,
        0
      ]
    },
    {
      "Target": "Parameter",
      "Id": "Param94",
      "FadeInTime": -1.0,
      "FadeOutTime": -1.0,
      "Segments": [
        0,
        0,
        0,
        3.5,
        0
      ]
    },
    {
      "Target": "Parameter",
      "Id": "Param126",
      "FadeInTime": -1.0,
      "FadeOutTime": -1.0,
      "Segments": [
        0,
        0,
        0,
        3.5,
        0
      ]
    },
    {
      "Target": "Parameter",
      "Id": "Param72",
      "FadeInTime": -1.0,
      "FadeOutTime": -1.0,
      "Segments": [
        0,
        0,
        0,
        3.5,
        0
      ]
    },
    {
      "Target": "Parameter",
      "Id": "Param99",
      "FadeInTime": -1.0,
      "FadeOutTime": -1.0,
      "Segments": [
        0,
        0,
        0,
        3.5,
        0
      ]
    },
    {
      "Target": "Parameter",
      "Id": "Param98",
      "FadeInTime": -1.0,
      "FadeOutTime": -1.0,
      "Segments": [
        0,
        0,
        0,
        3.5,
        0
      ]
    },
    {
      "Target": "Parameter",
      "Id": "Param38",
      "FadeInTime": -1.0,
      "FadeOutTime": -1.0,
      "Segments": [
        0,
        0,
        0,
        3.5,
        0
      ]
    },
    {
      "Target": "Parameter",
      "Id": "Param152",
      "FadeInTime": -1.0,
      "FadeOutTime": -1.0,
      "Segments": [
        0,
        0,
        0,
        3.5,
        0
      ]
    },
    {
      "Target": "Parameter",
      "Id": "Param153",
      "FadeInTime": -1.0,
      "FadeOutTime": -1.0,
      "Segments": [
        0,
        0,
        0,
        3.5,
        0
      ]
    },
    {
      "Target": "Parameter",
      "Id": "Param151",
      "FadeInTime": -1.0,
      "FadeOutTime": -1.0,
      "Segments": [
        0,
        0,
        0,
        3.5,
        0
      ]
    },
    {
      "Target": "Parameter",
      "Id": "MB_xingfengyaobai2",
      "FadeInTime": -1.0,
      "FadeOutTime": -1.0,
      "Segments": [
        0,
        0,
        0,
        3.5,
        0
      ]
    },
    {
      "Target": "Parameter",
      "Id": "MB_xingfengyaobai",
      "FadeInTime": -1.0,
      "FadeOutTime": -1.0,
      "Segments": [
        0,
        0,
        0,
        3.5,
        0
      ]
    },
    {
      "Target": "Parameter",
      "Id": "MB_xingfengTMD",
      "FadeInTime": -1.0,
      "FadeOutTime": -1.0,
      "Segments": [
        0,
        0,
        0,
        3.5,
        0
      ]
    },
    {
      "Target": "Parameter",
      "Id": "Param105",
      "FadeInTime": -1.0,
      "FadeOutTime": -1.0,
      "Segments": [
        0,
        0,
        0,
        3.5,
        0
      ]
    },
    {
      "Target": "Parameter",
      "Id": "Param",
      "FadeInTime": -1.0,
      "FadeOutTime": -1.0,
      "Segments": [
        0,
        10,
        0,
        3.5,
        10
      ]
    },
    {
      "Target": "Parameter",
      "Id": "Param2",
      "FadeInTime": -1.0,
      "FadeOutTime": -1.0,
      "Segments": [
        0,
        10,
        0,
        3.5,
        10
      ]
    },
    {
      "Target": "Parameter",
      "Id": "Param3",
      "FadeInTime": -1.0,
      "FadeOutTime": -1.0,
      "Segments": [
        0,
        10,
        0,
        3.5,
        10
      ]
    },
    {
      "Target": "Parameter",
      "Id": "Param32",
      "FadeInTime": -1.0,
      "FadeOutTime": -1.0,
      "Segments": [
        0,
        5,
        0,
        3.5,
        5
      ]
    },
    {
      "Target": "Parameter",
      "Id": "ParamZhiYing1",
      "FadeInTime": -1.0,
      "FadeOutTime": -1.0,
      "Segments": [
        0,
        1,
        0,
        3.5,
        1
      ]
    },
    {
      "Target": "Parameter",
      "Id": "ParamZhiYing1X",
      "FadeInTime": -1.0,
      "FadeOutTime": -1.0,
      "Segments": [
        0,
        0,
        0,
        3.5,
        0
      ]
    },
    {
      "Target": "Parameter",
      "Id": "ParamZhiYing1Y",
      "FadeInTime": -1.0,
      "FadeOutTime": -1.0,
      "Segments": [
        0,
        0,
        0,
        3.5,
        0
      ]
    },
    {
      "Target": "Parameter",
      "Id": "ParamZhiYing1Z",
      "FadeInTime": -1.0,
      "FadeOutTime": -1.0,
      "Segments": [
        0,
        0,
        0,
        3.5,
        0
      ]
    },
    {
      "Target": "Parameter",
      "Id": "ParamZhiYing1S",
      "FadeInTime": -1.0,
      "FadeOutTime": -1.0,
      "Segments": [
        0,
        0,
        0,
        3.5,
        0
      ]
    },
    {
      "Target": "Parameter",
      "Id": "ParamZhiYing1UD",
      "FadeInTime": -1.0,
      "FadeOutTime": -1.0,
      "Segments": [
        0,
        0,
        0,
        3.5,
        0
      ]
    },
    {
      "Target": "Parameter",
      "Id": "ParamZhiYing1TC",
      "FadeInTime": -1.0,
      "FadeOutTime": -1.0,
      "Segments": [
        0,
        0,
        0,
        3.5,
        0
      ]
    },
    {
      "Target": "Parameter",
      "Id": "ParamZhiYing1ShouR",
      "FadeInTime": -1.0,
      "FadeOutTime": -1.0,
      "Segments": [
        0,
        0,
        0,
        3.5,
        0
      ]
    },
    {
      "Target": "Parameter",
      "Id": "ParamZhiYing1ShouL",
      "FadeInTime": -1.0,
      "FadeOutTime": -1.0,
      "Segments": [
        0,
        0,
        0,
        3.5,
        0
      ]
    },
    {
      "Target": "Parameter",
      "Id": "ParamZhiYing1JiaoL",
      "FadeInTime": -1.0,
      "FadeOutTime": -1.0,
      "Segments": [
        0,
        0,
        0,
        3.5,
        0
      ]
    },
    {
      "Target": "Parameter",
      "Id": "ParamZhiYing1JiaoR",
      "FadeInTime": -1.0,
      "FadeOutTime": -1.0,
      "Segments": [
        0,
        0,
        0,
        3.5,
        0
      ]
    },
    {
      "Target": "Parameter",
      "Id": "ParamZhiYing1Weiba",
      "FadeInTime": -1.0,
      "FadeOutTime": -1.0,
      "Segments": [
        0,
        0,
        0,
        3.5,
        0
      ]
    },
    {
      "Target": "Parameter",
      "Id": "Param10",
      "FadeInTime": -1.0,
      "FadeOutTime": -1.0,
      "Segments": [
        0,
        0,
        0,
        3.5,
        0
      ]
    },
    {
      "Target": "Parameter",
      "Id": "Param11",
      "FadeInTime": -1.0,
      "FadeOutTime": -1.0,
      "Segments": [
        0,
        0,
        0,
        3.5,
        0
      ]
    },
    {
      "Target": "Parameter",
      "Id": "Param_Angle_Rotation_16_ArtMesh187",
      "FadeInTime": -1.0,
      "FadeOutTime": -1.0,
      "Segments": [
        0,
        0,
        0,
        3.5,
        0
      ]
    },
    {
      "Target": "Parameter",
      "Id": "Param_Angle_Rotation_17_ArtMesh187",
      "FadeInTime": -1.0,
      "FadeOutTime": -1.0,
      "Segments": [
        0,
        0,
        0,
        3.5,
        0
      ]
    },
    {
      "Target": "Parameter",
      "Id": "Param_Angle_Rotation_17_ArtMesh188",
      "FadeInTime": -1.0,
      "FadeOutTime": -1.0,
      "Segments": [
        0,
        4.1,
        0,
        3.5,
        4.1
      ]
    }
  ],
  "UserData": [
    {
      "Time": 0.0,
      "Value": ""
    },
    {
      "Time": 3.0,
      "Value": ""
    }
  ]
}