{
  "Version": 3,
  "Meta": {
    "Duration": 4.917,
    "Fps": 60.0,
    "Loop": true,
    "AreBeziersRestricted": true,
    "FadeInTime": 0.0,
    "FadeOutTime": 0.0,
    "CurveCount": 252,
    "TotalSegmentCount": 965,
    "TotalPointCount": 1249,
    "UserDataCount": 2,
    "TotalUserDataSize": 0
  },
  "Curves": [
    {
      "Target": "Parameter",
      "Id": "Paramwuli",
      "FadeInTime": -1.0,
      "FadeOutTime": -1.0,
      "Segments": [
        0,
        0,
        2,
        0.233,
        0,
        1,
        0.489,
        6.698,
        0.744,
        13.395,
        1,
        20.093,
        1,
        1.278,
        3.395,
        1.555,
        -13.302,
        1.833,
        -30,
        1,
        2.022,
        -10,
        2.211,
        10,
        2.4,
        30,
        1,
        2.6,
        10,
        2.8,
        -10,
        3,
        -30,
        1,
        3.217,
        -10,
        3.433,
        10,
        3.65,
        30,
        1,
        3.961,
        20,
        4.272,
        10,
        4.583,
        0,
        2,
        4.917,
        0
      ]
    },
    {
      "Target": "Parameter",
      "Id": "Paramwuli2",
      "FadeInTime": -1.0,
      "FadeOutTime": -1.0,
      "Segments": [
        0,
        0,
        2,
        0.233,
        0,
        0,
        1,
        30,
        0,
        1.833,
        -30,
        0,
        2.4,
        30,
        0,
        3,
        -30,
        0,
        3.65,
        30,
        0,
        4.583,
        0,
        2,
        4.917,
        0
      ]
    },
    {
      "Target": "Parameter",
      "Id": "Paramwuli3",
      "FadeInTime": -1.0,
      "FadeOutTime": -1.0,
      "Segments": [
        0,
        0,
        2,
        0.233,
        0,
        1,
        0.489,
        6.698,
        0.744,
        13.395,
        1,
        20.093,
        1,
        1.278,
        3.395,
        1.555,
        -13.302,
        1.833,
        -30,
        1,
        2.022,
        -10,
        2.211,
        10,
        2.4,
        30,
        1,
        2.6,
        10,
        2.8,
        -10,
        3,
        -30,
        1,
        3.217,
        -10,
        3.433,
        10,
        3.65,
        30,
        1,
        3.961,
        20,
        4.272,
        10,
        4.583,
        0,
        2,
        4.917,
        0
      ]
    },
    {
      "Target": "Parameter",
      "Id": "ParamALLX",
      "FadeInTime": -1.0,
      "FadeOutTime": -1.0,
      "Segments": [
        0,
        -0.78,
        2,
        1.667,
        -0.78,
        1,
        2,
        -0.78,
        2.334,
        -0.315,
        2.667,
        -0.147,
        1,
        3.417,
        0.231,
        4.167,
        0.3,
        4.917,
        0.3
      ]
    },
    {
      "Target": "Parameter",
      "Id": "ParamALLY",
      "FadeInTime": -1.0,
      "FadeOutTime": -1.0,
      "Segments": [
        0,
        0.66,
        2,
        1.667,
        0.66,
        0,
        2.667,
        -0.068,
        0,
        4.917,
        0.18
      ]
    },
    {
      "Target": "Parameter",
      "Id": "ParamALLS",
      "FadeInTime": -1.0,
      "FadeOutTime": -1.0,
      "Segments": [
        0,
        -4.5,
        2,
        1.667,
        -4.5,
        1,
        2,
        -4.5,
        2.334,
        -0.274,
        2.667,
        0,
        1,
        3.417,
        0.618,
        4.167,
        0.66,
        4.917,
        0.66
      ]
    },
    {
      "Target": "Parameter",
      "Id": "ParamRenwuX6",
      "FadeInTime": -1.0,
      "FadeOutTime": -1.0,
      "Segments": [
        0,
        0.313,
        0,
        1.667,
        1.111,
        0,
        2.667,
        -1.889,
        0,
        3.733,
        0.691,
        0,
        4.917,
        0
      ]
    },
    {
      "Target": "Parameter",
      "Id": "ParamRenwuX3",
      "FadeInTime": -1.0,
      "FadeOutTime": -1.0,
      "Segments": [
        0,
        0,
        2,
        1.667,
        0,
        0,
        4.917,
        -0.277
      ]
    },
    {
      "Target": "Parameter",
      "Id": "ParamRenwuX7",
      "FadeInTime": -1.0,
      "FadeOutTime": -1.0,
      "Segments": [
        0,
        0.96,
        2,
        1.667,
        0.96,
        0,
        2.667,
        -0.78,
        0,
        3.733,
        0.142,
        0,
        4.917,
        0
      ]
    },
    {
      "Target": "Parameter",
      "Id": "ParamRenwuX",
      "FadeInTime": -1.0,
      "FadeOutTime": -1.0,
      "Segments": [
        0,
        -2.04,
        2,
        1.667,
        -2.04,
        0,
        2.667,
        0,
        2,
        4.917,
        0
      ]
    },
    {
      "Target": "Parameter",
      "Id": "ParamRenwuY",
      "FadeInTime": -1.0,
      "FadeOutTime": -1.0,
      "Segments": [
        0,
        0.54,
        2,
        1.667,
        0.54,
        0,
        2.667,
        0,
        2,
        4.917,
        0
      ]
    },
    {
      "Target": "Parameter",
      "Id": "ParamRenwuZ",
      "FadeInTime": -1.0,
      "FadeOutTime": -1.0,
      "Segments": [
        0,
        -8.34,
        2,
        1.667,
        -8.34,
        0,
        2.667,
        0,
        2,
        4.917,
        0
      ]
    },
    {
      "Target": "Parameter",
      "Id": "ParamEyeLOpen",
      "FadeInTime": -1.0,
      "FadeOutTime": -1.0,
      "Segments": [
        0,
        1,
        2,
        0.667,
        1,
        0,
        0.867,
        0,
        0,
        1.233,
        1,
        2,
        1.667,
        1,
        0,
        2.133,
        0,
        2,
        3.45,
        0,
        0,
        3.95,
        1,
        2,
        4.417,
        1,
        0,
        4.917,
        0
      ]
    },
    {
      "Target": "Parameter",
      "Id": "ParamEyeROpen",
      "FadeInTime": -1.0,
      "FadeOutTime": -1.0,
      "Segments": [
        0,
        1,
        2,
        0.667,
        1,
        0,
        0.867,
        0,
        0,
        1.233,
        1,
        2,
        1.667,
        1,
        0,
        2.133,
        0,
        2,
        3.45,
        0,
        0,
        3.95,
        1,
        2,
        4.417,
        1,
        0,
        4.917,
        0
      ]
    },
    {
      "Target": "Parameter",
      "Id": "ParamCheek",
      "FadeInTime": -1.0,
      "FadeOutTime": -1.0,
      "Segments": [
        0,
        0,
        2,
        1.667,
        0,
        0,
        4.917,
        0.5
      ]
    },
    {
      "Target": "Parameter",
      "Id": "ParamAngleX",
      "FadeInTime": -1.0,
      "FadeOutTime": -1.0,
      "Segments": [
        0,
        15,
        0,
        1.667,
        16.897,
        1,
        1.995,
        16.897,
        2.322,
        -9.749,
        2.65,
        -23,
        1,
        2.85,
        -30,
        3.05,
        -30,
        3.25,
        -30,
        0,
        3.917,
        0,
        0,
        4.917,
        -8
      ]
    },
    {
      "Target": "Parameter",
      "Id": "ParamAngleY",
      "FadeInTime": -1.0,
      "FadeOutTime": -1.0,
      "Segments": [
        0,
        -26,
        2,
        0.55,
        -26,
        0,
        1.667,
        -26.988,
        0,
        2.65,
        -1,
        0,
        3.25,
        -30,
        2,
        3.917,
        -30,
        2,
        4.917,
        -30
      ]
    },
    {
      "Target": "Parameter",
      "Id": "ParamAngleZ",
      "FadeInTime": -1.0,
      "FadeOutTime": -1.0,
      "Segments": [
        0,
        -1.85,
        1,
        0.167,
        -1.85,
        0.333,
        -1.857,
        0.5,
        -1.845,
        1,
        0.944,
        -1.813,
        1.389,
        0,
        1.833,
        0,
        0,
        2.333,
        -5.58,
        1,
        2.5,
        -5.58,
        2.666,
        -1.58,
        2.833,
        0,
        1,
        3.028,
        1.843,
        3.222,
        1.844,
        3.417,
        3.72,
        1,
        3.639,
        5.864,
        3.861,
        9.6,
        4.083,
        9.6,
        0,
        4.917,
        -3.07
      ]
    },
    {
      "Target": "Parameter",
      "Id": "ParamAngleZ2",
      "FadeInTime": -1.0,
      "FadeOutTime": -1.0,
      "Segments": [
        0,
        23.98,
        1,
        0.111,
        23.98,
        0.222,
        23.973,
        0.333,
        23.983,
        1,
        0.805,
        24.027,
        1.278,
        29,
        1.75,
        29,
        1,
        1.917,
        29,
        2.083,
        19.913,
        2.25,
        10.91,
        1,
        2.417,
        1.907,
        2.583,
        0,
        2.75,
        0,
        1,
        2.944,
        0,
        3.139,
        4.559,
        3.333,
        8.55,
        1,
        3.555,
        13.111,
        3.778,
        13.993,
        4,
        13.993,
        0,
        4.917,
        -7.22
      ]
    },
    {
      "Target": "Parameter",
      "Id": "ParamBodyAngleX",
      "FadeInTime": -1.0,
      "FadeOutTime": -1.0,
      "Segments": [
        0,
        -1.46,
        0,
        1.667,
        -10,
        0,
        2.667,
        3,
        0,
        3.25,
        -10,
        0,
        3.917,
        4,
        0,
        4.917,
        0
      ]
    },
    {
      "Target": "Parameter",
      "Id": "ParamBodyAngleZ",
      "FadeInTime": -1.0,
      "FadeOutTime": -1.0,
      "Segments": [
        0,
        4.55,
        1,
        0.083,
        4.55,
        0.167,
        4.547,
        0.25,
        4.551,
        1,
        0.75,
        4.578,
        1.25,
        5.627,
        1.75,
        6.258,
        1,
        1.917,
        6.468,
        2.083,
        6.725,
        2.25,
        6.725,
        0,
        2.75,
        -10,
        0,
        3.333,
        -7.48,
        0,
        4,
        -8.223,
        0,
        4.917,
        -4.86
      ]
    },
    {
      "Target": "Parameter",
      "Id": "ParamBodyAngleZ2",
      "FadeInTime": -1.0,
      "FadeOutTime": -1.0,
      "Segments": [
        0,
        6.86,
        0,
        1.667,
        6.206,
        0,
        2.167,
        8.58,
        1,
        2.334,
        8.58,
        2.5,
        6.87,
        2.667,
        6,
        1,
        2.861,
        4.985,
        3.056,
        4.337,
        3.25,
        3.86,
        1,
        3.472,
        3.315,
        3.695,
        3.226,
        3.917,
        3.226,
        0,
        4.917,
        3.6
      ]
    },
    {
      "Target": "Parameter",
      "Id": "ParamBodyAngleUD",
      "FadeInTime": -1.0,
      "FadeOutTime": -1.0,
      "Segments": [
        0,
        4.29,
        0,
        0.167,
        4.291,
        1,
        0.667,
        4.291,
        1.167,
        3.604,
        1.667,
        0,
        1,
        1.822,
        -1.121,
        1.978,
        -11.656,
        2.133,
        -11.656,
        0,
        2.667,
        0,
        2,
        3.25,
        0,
        2,
        3.917,
        0,
        0,
        4.917,
        -0.52
      ]
    },
    {
      "Target": "Parameter",
      "Id": "ParamJianbangL",
      "FadeInTime": -1.0,
      "FadeOutTime": -1.0,
      "Segments": [
        0,
        1.04,
        2,
        1.667,
        1.04,
        0,
        3.25,
        0,
        0,
        3.9,
        11,
        0,
        4.917,
        0
      ]
    },
    {
      "Target": "Parameter",
      "Id": "Param33",
      "FadeInTime": -1.0,
      "FadeOutTime": -1.0,
      "Segments": [
        0,
        1.02,
        2,
        1.667,
        1.02,
        0,
        4.917,
        1
      ]
    },
    {
      "Target": "Parameter",
      "Id": "Param42",
      "FadeInTime": -1.0,
      "FadeOutTime": -1.0,
      "Segments": [
        0,
        -0.859,
        2,
        1.667,
        -0.859,
        1,
        1.834,
        -0.859,
        2,
        -0.881,
        2.167,
        -0.784,
        1,
        2.334,
        -0.687,
        2.5,
        1.741,
        2.667,
        1.741,
        0,
        3.917,
        -0.737,
        0,
        4.917,
        -0.44
      ]
    },
    {
      "Target": "Parameter",
      "Id": "Param43",
      "FadeInTime": -1.0,
      "FadeOutTime": -1.0,
      "Segments": [
        0,
        0.504,
        2,
        1.75,
        0.504,
        0,
        2.25,
        -0.16,
        0,
        2.75,
        0.984,
        0,
        4,
        -0.078,
        0,
        4.917,
        0.057
      ]
    },
    {
      "Target": "Parameter",
      "Id": "Param44",
      "FadeInTime": -1.0,
      "FadeOutTime": -1.0,
      "Segments": [
        0,
        2.721,
        2,
        1.833,
        2.721,
        0,
        2.333,
        -5.29,
        0,
        2.833,
        2.941,
        0,
        4.083,
        -5.379,
        2,
        4.917,
        -5.379
      ]
    },
    {
      "Target": "Parameter",
      "Id": "ParamA1zuoshoudonghua",
      "FadeInTime": -1.0,
      "FadeOutTime": -1.0,
      "Segments": [
        0,
        10,
        2,
        1.667,
        10,
        0,
        2.833,
        -3,
        0,
        4.083,
        10,
        0,
        4.917,
        0
      ]
    },
    {
      "Target": "Parameter",
      "Id": "ParamA1zuoshouxingbian",
      "FadeInTime": -1.0,
      "FadeOutTime": -1.0,
      "Segments": [
        0,
        10,
        2,
        1.667,
        10,
        0,
        2.833,
        -10,
        0,
        4.083,
        10,
        0,
        4.917,
        0
      ]
    },
    {
      "Target": "Parameter",
      "Id": "Param66",
      "FadeInTime": -1.0,
      "FadeOutTime": -1.0,
      "Segments": [
        0,
        -5.3,
        2,
        1.667,
        -5.3,
        2,
        2.667,
        -5.3,
        0,
        2.683,
        0,
        2,
        3.917,
        0,
        2,
        4.917,
        0
      ]
    },
    {
      "Target": "Parameter",
      "Id": "Param67",
      "FadeInTime": -1.0,
      "FadeOutTime": -1.0,
      "Segments": [
        0,
        -4.5,
        2,
        1.667,
        -4.5,
        2,
        2.667,
        -4.5,
        0,
        2.683,
        0,
        2,
        3.917,
        0,
        2,
        4.917,
        0
      ]
    },
    {
      "Target": "Parameter",
      "Id": "ParamShangBiR",
      "FadeInTime": -1.0,
      "FadeOutTime": -1.0,
      "Segments": [
        0,
        -2.731,
        1,
        0.556,
        -2.731,
        1.111,
        -2.682,
        1.667,
        -2.42,
        1,
        1.856,
        -2.331,
        2.044,
        -1.755,
        2.233,
        -1.197,
        1,
        2.378,
        -0.77,
        2.522,
        0.044,
        2.667,
        0.044,
        0,
        3.917,
        -2.046,
        0,
        4.917,
        -1.276
      ]
    },
    {
      "Target": "Parameter",
      "Id": "ParamXiaBiR",
      "FadeInTime": -1.0,
      "FadeOutTime": -1.0,
      "Segments": [
        0,
        0.22,
        2,
        1.667,
        0.22,
        1,
        1.856,
        0.22,
        2.044,
        0.212,
        2.233,
        0.312,
        1,
        2.378,
        0.388,
        2.522,
        0.94,
        2.667,
        0.94,
        1,
        3.084,
        0.94,
        3.5,
        0.691,
        3.917,
        0.18,
        1,
        4.25,
        -0.229,
        4.584,
        -0.44,
        4.917,
        -0.44
      ]
    },
    {
      "Target": "Parameter",
      "Id": "ParamSouR",
      "FadeInTime": -1.0,
      "FadeOutTime": -1.0,
      "Segments": [
        0,
        -0.14,
        2,
        1.667,
        -0.14,
        1,
        2.417,
        -0.14,
        3.167,
        -0.132,
        3.917,
        0.02,
        1,
        4.25,
        0.088,
        4.584,
        2.96,
        4.917,
        2.96
      ]
    },
    {
      "Target": "Parameter",
      "Id": "ParamShangBiRUD",
      "FadeInTime": -1.0,
      "FadeOutTime": -1.0,
      "Segments": [
        0,
        0,
        2,
        1.667,
        0,
        1,
        2,
        0,
        2.334,
        -0.243,
        2.667,
        -1.1,
        1,
        2.795,
        -1.429,
        2.922,
        -1.982,
        3.05,
        -1.982,
        1,
        3.339,
        -1.982,
        3.628,
        -1.974,
        3.917,
        -1.475,
        1,
        4.25,
        -0.899,
        4.584,
        0,
        4.917,
        0
      ]
    },
    {
      "Target": "Parameter",
      "Id": "ParamXiaBiRUD",
      "FadeInTime": -1.0,
      "FadeOutTime": -1.0,
      "Segments": [
        0,
        0,
        2,
        1.667,
        0,
        1,
        2,
        0,
        2.334,
        0.068,
        2.667,
        -0.2,
        1,
        3.084,
        -0.535,
        3.5,
        -2.841,
        3.917,
        -2.841,
        0,
        4.917,
        0
      ]
    },
    {
      "Target": "Parameter",
      "Id": "Param53",
      "FadeInTime": -1.0,
      "FadeOutTime": -1.0,
      "Segments": [
        0,
        0,
        2,
        1.667,
        0,
        2,
        3.917,
        0,
        0,
        4.917,
        1
      ]
    },
    {
      "Target": "Parameter",
      "Id": "Param60",
      "FadeInTime": -1.0,
      "FadeOutTime": -1.0,
      "Segments": [
        0,
        1,
        2,
        1.667,
        1,
        2,
        3.917,
        1,
        0,
        4.917,
        0
      ]
    },
    {
      "Target": "Parameter",
      "Id": "ParamDaTuiL",
      "FadeInTime": -1.0,
      "FadeOutTime": -1.0,
      "Segments": [
        0,
        -1.545,
        1,
        0.556,
        -1.545,
        1.111,
        -1.733,
        1.667,
        -2.474,
        1,
        1.856,
        -2.726,
        2.044,
        -3.367,
        2.233,
        -3.367,
        0,
        2.833,
        -0.209,
        0,
        3.917,
        -2.312,
        0,
        4.917,
        -1.855
      ]
    },
    {
      "Target": "Parameter",
      "Id": "ParamXiaoTuiL",
      "FadeInTime": -1.0,
      "FadeOutTime": -1.0,
      "Segments": [
        0,
        -1.68,
        0,
        0.2,
        -1.598,
        0,
        1.833,
        -3.588,
        0,
        3,
        3.856,
        0,
        4.083,
        -5.829,
        0,
        4.917,
        -5
      ]
    },
    {
      "Target": "Parameter",
      "Id": "ParamJiaoL",
      "FadeInTime": -1.0,
      "FadeOutTime": -1.0,
      "Segments": [
        0,
        1.47,
        0,
        0.4,
        2.106,
        0,
        2.233,
        -3.442,
        0,
        3.167,
        4.016,
        1,
        3.306,
        4.016,
        3.444,
        4.205,
        3.583,
        3.618,
        1,
        3.805,
        2.678,
        4.028,
        -2.339,
        4.25,
        -2.339,
        0,
        4.917,
        -1.055
      ]
    },
    {
      "Target": "Parameter",
      "Id": "Param22",
      "FadeInTime": -1.0,
      "FadeOutTime": -1.0,
      "Segments": [
        0,
        9.674,
        0,
        1.667,
        10,
        0,
        2.833,
        0,
        0,
        3.917,
        10,
        2,
        4.917,
        10
      ]
    },
    {
      "Target": "Parameter",
      "Id": "ParamDaTuiR",
      "FadeInTime": -1.0,
      "FadeOutTime": -1.0,
      "Segments": [
        0,
        3.714,
        0,
        1.817,
        4.501,
        0,
        2.383,
        2.439,
        0,
        2.983,
        3.775,
        0,
        4.083,
        0.15,
        0,
        4.917,
        0.715
      ]
    },
    {
      "Target": "Parameter",
      "Id": "ParamXiaoTuiR",
      "FadeInTime": -1.0,
      "FadeOutTime": -1.0,
      "Segments": [
        0,
        -2.13,
        0,
        0.25,
        -1.954,
        0,
        1.983,
        -2.921,
        0,
        3.15,
        0.2,
        0,
        4.25,
        -10.214,
        0,
        4.917,
        -9.898
      ]
    },
    {
      "Target": "Parameter",
      "Id": "ParamJiaoR",
      "FadeInTime": -1.0,
      "FadeOutTime": -1.0,
      "Segments": [
        0,
        0.65,
        0,
        0.5,
        1.358,
        1,
        1.05,
        1.358,
        1.6,
        0.94,
        2.15,
        -0.704,
        1,
        2.344,
        -1.285,
        2.539,
        -2.66,
        2.733,
        -2.66,
        1,
        2.928,
        -2.66,
        3.122,
        0.408,
        3.317,
        2.425,
        1,
        3.467,
        3.981,
        3.617,
        3.96,
        3.767,
        3.96,
        0,
        4.417,
        -3.064,
        0,
        4.917,
        -2.455
      ]
    },
    {
      "Target": "Parameter",
      "Id": "Param25",
      "FadeInTime": -1.0,
      "FadeOutTime": -1.0,
      "Segments": [
        0,
        10,
        2,
        1.667,
        10,
        0,
        2.833,
        0,
        0,
        4.083,
        10,
        2,
        4.917,
        10
      ]
    },
    {
      "Target": "Parameter",
      "Id": "Param77",
      "FadeInTime": -1.0,
      "FadeOutTime": -1.0,
      "Segments": [
        0,
        0,
        2,
        0.033,
        0,
        2,
        3.883,
        0,
        0,
        4.2,
        10,
        2,
        4.917,
        10
      ]
    },
    {
      "Target": "Parameter",
      "Id": "Param76",
      "FadeInTime": -1.0,
      "FadeOutTime": -1.0,
      "Segments": [
        0,
        -10,
        2,
        0.033,
        -10,
        2,
        3.883,
        -10,
        0,
        4.2,
        0,
        2,
        4.917,
        0
      ]
    },
    {
      "Target": "Parameter",
      "Id": "Param74",
      "FadeInTime": -1.0,
      "FadeOutTime": -1.0,
      "Segments": [
        0,
        -1,
        2,
        0.033,
        -1,
        2,
        2.517,
        -1,
        2,
        3.883,
        -1,
        0,
        4.2,
        0,
        2,
        4.917,
        0
      ]
    },
    {
      "Target": "Parameter",
      "Id": "Param73",
      "FadeInTime": -1.0,
      "FadeOutTime": -1.0,
      "Segments": [
        0,
        0,
        2,
        0.033,
        0,
        2,
        2.433,
        0,
        0,
        2.483,
        10,
        2,
        3.883,
        10,
        0,
        4.2,
        0,
        2,
        4.917,
        0
      ]
    },
    {
      "Target": "Parameter",
      "Id": "Param93",
      "FadeInTime": -1.0,
      "FadeOutTime": -1.0,
      "Segments": [
        0,
        10,
        2,
        0.033,
        10,
        2,
        2.433,
        10,
        0,
        2.483,
        0,
        2,
        3.883,
        0,
        2,
        4.2,
        0,
        2,
        4.917,
        0
      ]
    },
    {
      "Target": "Parameter",
      "Id": "Param99",
      "FadeInTime": -1.0,
      "FadeOutTime": -1.0,
      "Segments": [
        0,
        10,
        2,
        0.033,
        10,
        2,
        3.883,
        10,
        0,
        4.2,
        0,
        2,
        4.917,
        0
      ]
    },
    {
      "Target": "Parameter",
      "Id": "ParamOPRX1",
      "FadeInTime": -1.0,
      "FadeOutTime": -1.0,
      "Segments": [
        0,
        0.022,
        0,
        0.017,
        0.021,
        0,
        0.233,
        0.489,
        0,
        0.483,
        -3.15,
        0,
        1.233,
        5.747,
        0,
        2.033,
        -11.787,
        0,
        2.533,
        10.266,
        0,
        3.183,
        -10.329,
        0,
        3.733,
        5.035,
        0,
        3.917,
        2.437,
        0,
        3.933,
        2.442,
        0,
        4.633,
        -1.281,
        0,
        4.867,
        0.457,
        1,
        4.884,
        0.457,
        4.9,
        0.418,
        4.917,
        0.358
      ]
    },
    {
      "Target": "Parameter",
      "Id": "ParamOPRY1",
      "FadeInTime": -1.0,
      "FadeOutTime": -1.0,
      "Segments": [
        0,
        0.022,
        0,
        0.017,
        0.021,
        0,
        0.233,
        0.489,
        0,
        0.483,
        -3.15,
        0,
        1.233,
        5.747,
        0,
        2.033,
        -11.787,
        0,
        2.533,
        10.266,
        0,
        3.183,
        -10.329,
        0,
        3.733,
        5.035,
        0,
        3.917,
        2.437,
        0,
        3.933,
        2.442,
        0,
        4.633,
        -1.281,
        0,
        4.867,
        0.457,
        1,
        4.884,
        0.457,
        4.9,
        0.418,
        4.917,
        0.358
      ]
    },
    {
      "Target": "Parameter",
      "Id": "ParamOPRY2",
      "FadeInTime": -1.0,
      "FadeOutTime": -1.0,
      "Segments": [
        0,
        0.032,
        0,
        0.033,
        0.057,
        0,
        0.183,
        -0.128,
        0,
        0.4,
        1.912,
        0,
        0.683,
        -4.11,
        0,
        1,
        0.104,
        0,
        1.117,
        -0.742,
        0,
        1.433,
        6.56,
        0,
        1.717,
        2.579,
        0,
        1.817,
        2.893,
        0,
        1.85,
        2.841,
        0,
        1.9,
        3.003,
        0,
        2.233,
        -14.043,
        0,
        2.683,
        9.328,
        0,
        2.883,
        5.521,
        0,
        3.033,
        8.09,
        0,
        3.4,
        -10.159,
        0,
        3.9,
        3.936,
        0,
        4.133,
        1.286,
        0,
        4.417,
        2.098,
        0,
        4.8,
        -1.52,
        1,
        4.839,
        -1.52,
        4.878,
        -0.81,
        4.917,
        -0.101
      ]
    },
    {
      "Target": "Parameter",
      "Id": "ParamOPLX1",
      "FadeInTime": -1.0,
      "FadeOutTime": -1.0,
      "Segments": [
        0,
        -0.361,
        0,
        0.167,
        0.024,
        0,
        0.283,
        -0.139,
        0,
        0.533,
        2.401,
        0,
        0.8,
        -2.725,
        0,
        1.05,
        0.455,
        0,
        1.283,
        -2.937,
        0,
        1.55,
        2.574,
        0,
        1.767,
        -0.076,
        0,
        2.05,
        5.695,
        0,
        2.35,
        -8.169,
        0,
        2.75,
        3.438,
        0,
        2.967,
        -0.832,
        0,
        3.2,
        6.455,
        0,
        3.483,
        -4.95,
        0,
        4,
        2.06,
        0,
        4.267,
        -1.421,
        0,
        4.6,
        1.141,
        0,
        4.917,
        -1.753
      ]
    },
    {
      "Target": "Parameter",
      "Id": "ParamTuiRou1",
      "FadeInTime": -1.0,
      "FadeOutTime": -1.0,
      "Segments": [
        0,
        -0.091,
        0,
        0.017,
        -0.086,
        0,
        0.267,
        -1.795,
        0,
        1.233,
        4.2,
        0,
        2.183,
        -4.193,
        0,
        3.183,
        3.988,
        0,
        4.183,
        -3.535,
        1,
        4.428,
        -3.535,
        4.672,
        0.216,
        4.917,
        2.216
      ]
    },
    {
      "Target": "Parameter",
      "Id": "ParamTuiRou2",
      "FadeInTime": -1.0,
      "FadeOutTime": -1.0,
      "Segments": [
        0,
        -0.144,
        0,
        0.033,
        -0.255,
        0,
        0.183,
        0.419,
        0,
        0.467,
        -2.149,
        0,
        0.75,
        -0.601,
        0,
        0.917,
        -0.848,
        0,
        1.033,
        -0.594,
        0,
        1.067,
        -0.604,
        0,
        1.433,
        4.835,
        0,
        1.717,
        2.234,
        0,
        1.867,
        2.606,
        0,
        2.367,
        -4.032,
        0,
        2.583,
        -3.034,
        0,
        2.783,
        -3.504,
        0,
        3.383,
        3.657,
        0,
        3.583,
        2.994,
        0,
        3.783,
        3.416,
        0,
        4.367,
        -3.224,
        2,
        4.383,
        -3.224,
        0,
        4.583,
        -2.415,
        0,
        4.783,
        -2.944,
        1,
        4.828,
        -2.944,
        4.872,
        -2.619,
        4.917,
        -2.119
      ]
    },
    {
      "Target": "Parameter",
      "Id": "ParamTuiRou3",
      "FadeInTime": -1.0,
      "FadeOutTime": -1.0,
      "Segments": [
        0,
        1.498,
        0,
        0.167,
        -0.168,
        0,
        0.35,
        0.833,
        0,
        0.6,
        -0.845,
        0,
        0.85,
        0.334,
        0,
        1.233,
        -1.964,
        0,
        1.55,
        1.416,
        0,
        1.783,
        -0.762,
        0,
        2.1,
        2.204,
        0,
        2.433,
        -0.742,
        0,
        2.683,
        0.805,
        0,
        3.05,
        -1.693,
        0,
        3.45,
        0.427,
        0,
        3.683,
        -0.658,
        0,
        4.083,
        1.576,
        0,
        4.45,
        -0.557,
        0,
        4.7,
        0.692,
        1,
        4.772,
        0.692,
        4.845,
        -0.02,
        4.917,
        -0.64
      ]
    },
    {
      "Target": "Parameter",
      "Id": "Param29",
      "FadeInTime": -1.0,
      "FadeOutTime": -1.0,
      "Segments": [
        0,
        0,
        2,
        0.233,
        0,
        0,
        0.367,
        -0.867,
        0,
        0.633,
        0.099,
        0,
        0.9,
        -0.368,
        0,
        1.133,
        2.441,
        0,
        1.4,
        -0.443,
        0,
        1.667,
        0.948,
        0,
        1.967,
        -4.623,
        0,
        2.233,
        0.91,
        0,
        2.4,
        -1.052,
        0,
        2.55,
        4.455,
        0,
        2.817,
        -0.904,
        0,
        3,
        1.279,
        0,
        3.15,
        -4.262,
        0,
        3.417,
        0.908,
        0,
        3.65,
        -1.51,
        0,
        3.8,
        2.692,
        0,
        4.067,
        -0.9,
        0,
        4.333,
        0.827,
        0,
        4.7,
        -0.815,
        1,
        4.772,
        -0.815,
        4.845,
        -0.028,
        4.917,
        0.267
      ]
    },
    {
      "Target": "Parameter",
      "Id": "Param30",
      "FadeInTime": -1.0,
      "FadeOutTime": -1.0,
      "Segments": [
        0,
        0,
        2,
        0.233,
        0,
        0,
        0.317,
        0.597,
        0,
        0.55,
        -1.222,
        0,
        0.817,
        0.358,
        0,
        1.083,
        -2.175,
        0,
        1.317,
        3.293,
        0,
        1.583,
        -1.171,
        0,
        1.9,
        4.18,
        0,
        2.15,
        -6.046,
        0,
        2.4,
        2.196,
        0,
        2.5,
        -2.658,
        0,
        2.733,
        5.157,
        0,
        2.983,
        -1.981,
        0,
        3.1,
        3.141,
        0,
        3.333,
        -5.107,
        0,
        3.6,
        1.996,
        0,
        3.767,
        -3.297,
        0,
        4,
        3.504,
        0,
        4.25,
        -1.775,
        0,
        4.517,
        1.521,
        0,
        4.583,
        1.252,
        0,
        4.6,
        1.3,
        0,
        4.867,
        -1.267,
        1,
        4.884,
        -1.267,
        4.9,
        -1.194,
        4.917,
        -1.074
      ]
    },
    {
      "Target": "Parameter",
      "Id": "ParamQianFa1_1",
      "FadeInTime": -1.0,
      "FadeOutTime": -1.0,
      "Segments": [
        0,
        -0.303,
        0,
        0.15,
        0.546,
        0,
        0.367,
        -2.59,
        0,
        0.633,
        1.163,
        0,
        0.9,
        -1.162,
        0,
        1.133,
        7.733,
        0,
        1.4,
        -3.799,
        0,
        1.65,
        3.435,
        0,
        1.967,
        -13.888,
        0,
        2.217,
        7.69,
        0,
        2.4,
        -2.863,
        0,
        2.55,
        12.358,
        0,
        2.817,
        -6.65,
        0,
        3,
        3.444,
        0,
        3.15,
        -12.313,
        0,
        3.4,
        3.936,
        0,
        3.65,
        -5.192,
        0,
        3.817,
        10.409,
        0,
        4.1,
        -4.798,
        0,
        4.35,
        3.751,
        0,
        4.683,
        -3.934,
        1,
        4.761,
        -3.934,
        4.839,
        1.382,
        4.917,
        2.091
      ]
    },
    {
      "Target": "Parameter",
      "Id": "ParamQianFa1_2",
      "FadeInTime": -1.0,
      "FadeOutTime": -1.0,
      "Segments": [
        0,
        -1.16,
        0,
        0.067,
        -1.88,
        0,
        0.317,
        2.555,
        0,
        0.567,
        -4.484,
        0,
        0.817,
        1.476,
        0,
        1.083,
        -7.373,
        0,
        1.317,
        12.206,
        0,
        1.583,
        -5.394,
        0,
        1.9,
        14.251,
        0,
        2.133,
        -20.495,
        0,
        2.4,
        10.983,
        0,
        2.517,
        -6.923,
        0,
        2.733,
        18.278,
        0,
        3,
        -7.296,
        0,
        3.117,
        9.612,
        0,
        3.333,
        -16.614,
        0,
        3.583,
        4.318,
        0,
        3.767,
        -15.097,
        0,
        4.017,
        14.192,
        0,
        4.283,
        -7.807,
        0,
        4.533,
        7.946,
        0,
        4.85,
        -5.984,
        1,
        4.872,
        -5.984,
        4.895,
        -5.35,
        4.917,
        -4.398
      ]
    },
    {
      "Target": "Parameter",
      "Id": "ParamQianFa1_3",
      "FadeInTime": -1.0,
      "FadeOutTime": -1.0,
      "Segments": [
        0,
        3.357,
        0,
        0.2,
        -3.039,
        0,
        0.45,
        3.493,
        0,
        0.683,
        -3.75,
        0,
        0.95,
        3.253,
        0,
        1.2,
        -7.651,
        0,
        1.433,
        10.176,
        0,
        1.7,
        -9.445,
        0,
        2,
        14.723,
        0,
        2.25,
        -19.044,
        0,
        2.483,
        10.688,
        0,
        2.667,
        -6.925,
        0,
        2.867,
        11.204,
        0,
        3.067,
        -7.314,
        0,
        3.25,
        7.705,
        0,
        3.467,
        -10.772,
        0,
        3.683,
        9.991,
        0,
        3.9,
        -12.613,
        0,
        4.133,
        13.835,
        0,
        4.4,
        -11.868,
        0,
        4.667,
        9.552,
        1,
        4.75,
        9.552,
        4.834,
        -2.565,
        4.917,
        -6.604
      ]
    },
    {
      "Target": "Parameter",
      "Id": "ParamQianFa1_4",
      "FadeInTime": -1.0,
      "FadeOutTime": -1.0,
      "Segments": [
        0,
        6.687,
        0,
        0.05,
        8.079,
        0,
        0.317,
        -5.388,
        0,
        0.55,
        4.875,
        0,
        0.8,
        -5.093,
        0,
        1.05,
        4.663,
        0,
        1.3,
        -8.709,
        0,
        1.55,
        12.623,
        0,
        1.817,
        -13.125,
        0,
        2.083,
        18.42,
        0,
        2.35,
        -23.802,
        0,
        2.6,
        15.183,
        0,
        2.8,
        -7.138,
        0,
        3,
        10.396,
        0,
        3.2,
        -7.03,
        0,
        3.383,
        6.151,
        0,
        3.583,
        -10.657,
        0,
        3.8,
        10.733,
        0,
        4.017,
        -13.506,
        0,
        4.25,
        16.748,
        0,
        4.517,
        -16.362,
        0,
        4.783,
        14.707,
        1,
        4.828,
        14.707,
        4.872,
        8.699,
        4.917,
        2.339
      ]
    },
    {
      "Target": "Parameter",
      "Id": "ParamQianFa2_1",
      "FadeInTime": -1.0,
      "FadeOutTime": -1.0,
      "Segments": [
        0,
        -0.943,
        0,
        0.017,
        -0.976,
        0,
        0.233,
        0.35,
        0,
        0.383,
        -2.097,
        0,
        0.683,
        0.788,
        0,
        0.967,
        -1.015,
        0,
        1.15,
        8.064,
        0,
        1.433,
        -3.889,
        0,
        1.733,
        3.819,
        0,
        1.983,
        -15.082,
        0,
        2.267,
        8.227,
        0,
        2.4,
        1.113,
        0,
        2.533,
        12.987,
        0,
        2.817,
        -6.93,
        0,
        3,
        2.221,
        0,
        3.15,
        -12.861,
        0,
        3.417,
        3.511,
        0,
        3.65,
        -4.731,
        0,
        3.833,
        10.011,
        0,
        4.133,
        -4.693,
        0,
        4.417,
        3.817,
        0,
        4.717,
        -4.87,
        1,
        4.784,
        -4.87,
        4.85,
        -1.07,
        4.917,
        1.165
      ]
    },
    {
      "Target": "Parameter",
      "Id": "ParamQianFa2_2",
      "FadeInTime": -1.0,
      "FadeOutTime": -1.0,
      "Segments": [
        0,
        1.89,
        0,
        0.217,
        -1.717,
        0,
        0.35,
        1.169,
        0,
        0.6,
        -3.293,
        0,
        0.867,
        0.609,
        0,
        1.1,
        -7.072,
        0,
        1.35,
        11.578,
        0,
        1.633,
        -4.61,
        0,
        1.917,
        15.855,
        0,
        2.183,
        -20.127,
        0,
        2.4,
        7.477,
        0,
        2.517,
        -3.246,
        0,
        2.733,
        16.805,
        0,
        3,
        -6.114,
        0,
        3.117,
        9.055,
        0,
        3.35,
        -15.579,
        0,
        3.617,
        3.098,
        0,
        3.783,
        -12.866,
        0,
        4.05,
        12.498,
        0,
        4.333,
        -6.58,
        0,
        4.633,
        8.485,
        0,
        4.917,
        -6.625
      ]
    },
    {
      "Target": "Parameter",
      "Id": "ParamQianFa2_3",
      "FadeInTime": -1.0,
      "FadeOutTime": -1.0,
      "Segments": [
        0,
        3.869,
        0,
        0.033,
        4.197,
        0,
        0.3,
        -2.377,
        0,
        0.517,
        1.767,
        0,
        0.75,
        -2.015,
        0,
        1,
        1.952,
        0,
        1.217,
        -6.391,
        0,
        1.467,
        9.009,
        0,
        1.75,
        -8.366,
        0,
        2.033,
        15.095,
        0,
        2.283,
        -18.294,
        0,
        2.517,
        6.563,
        0,
        2.683,
        -0.564,
        0,
        2.867,
        7.751,
        0,
        3.067,
        -5.511,
        0,
        3.267,
        6.783,
        0,
        3.483,
        -9.741,
        0,
        3.717,
        7.779,
        0,
        3.917,
        -9.691,
        0,
        4.167,
        11.368,
        0,
        4.45,
        -9.995,
        0,
        4.733,
        9.139,
        1,
        4.794,
        9.139,
        4.856,
        1.918,
        4.917,
        -3.178
      ]
    },
    {
      "Target": "Parameter",
      "Id": "ParamQianFa2_4",
      "FadeInTime": -1.0,
      "FadeOutTime": -1.0,
      "Segments": [
        0,
        -1.363,
        0,
        0.15,
        7.421,
        0,
        0.417,
        -4.291,
        0,
        0.65,
        2.479,
        0,
        0.883,
        -2.387,
        0,
        1.1,
        2.116,
        0,
        1.317,
        -6.556,
        0,
        1.583,
        10.906,
        0,
        1.85,
        -11.847,
        0,
        2.117,
        17.996,
        0,
        2.383,
        -23.059,
        0,
        2.65,
        11.322,
        0,
        2.833,
        1.247,
        0,
        2.983,
        4.957,
        0,
        3.183,
        -5.058,
        0,
        3.383,
        5.957,
        0,
        3.6,
        -10.365,
        0,
        3.833,
        8.742,
        0,
        4.05,
        -10.396,
        0,
        4.283,
        13.78,
        0,
        4.55,
        -14,
        0,
        4.833,
        13.514,
        1,
        4.861,
        13.514,
        4.889,
        11.527,
        4.917,
        8.657
      ]
    },
    {
      "Target": "Parameter",
      "Id": "ParamQianFa3_1",
      "FadeInTime": -1.0,
      "FadeOutTime": -1.0,
      "Segments": [
        0,
        -0.943,
        0,
        0.017,
        -0.976,
        0,
        0.233,
        0.35,
        0,
        0.383,
        -2.097,
        0,
        0.683,
        0.788,
        0,
        0.967,
        -1.015,
        0,
        1.15,
        8.064,
        0,
        1.433,
        -3.889,
        0,
        1.733,
        3.819,
        0,
        1.983,
        -15.082,
        0,
        2.267,
        8.227,
        0,
        2.4,
        1.113,
        0,
        2.533,
        12.987,
        0,
        2.817,
        -6.93,
        0,
        3,
        2.221,
        0,
        3.15,
        -12.861,
        0,
        3.417,
        3.511,
        0,
        3.65,
        -4.731,
        0,
        3.833,
        10.011,
        0,
        4.133,
        -4.693,
        0,
        4.417,
        3.817,
        0,
        4.717,
        -4.87,
        1,
        4.784,
        -4.87,
        4.85,
        -1.07,
        4.917,
        1.165
      ]
    },
    {
      "Target": "Parameter",
      "Id": "ParamQianFa3_2",
      "FadeInTime": -1.0,
      "FadeOutTime": -1.0,
      "Segments": [
        0,
        1.89,
        0,
        0.217,
        -1.717,
        0,
        0.35,
        1.169,
        0,
        0.6,
        -3.293,
        0,
        0.867,
        0.609,
        0,
        1.1,
        -7.072,
        0,
        1.35,
        11.578,
        0,
        1.633,
        -4.61,
        0,
        1.917,
        15.855,
        0,
        2.183,
        -20.127,
        0,
        2.4,
        7.477,
        0,
        2.517,
        -3.246,
        0,
        2.733,
        16.805,
        0,
        3,
        -6.114,
        0,
        3.117,
        9.055,
        0,
        3.35,
        -15.579,
        0,
        3.617,
        3.098,
        0,
        3.783,
        -12.866,
        0,
        4.05,
        12.498,
        0,
        4.333,
        -6.58,
        0,
        4.633,
        8.485,
        0,
        4.917,
        -6.625
      ]
    },
    {
      "Target": "Parameter",
      "Id": "ParamQianFa3_3",
      "FadeInTime": -1.0,
      "FadeOutTime": -1.0,
      "Segments": [
        0,
        3.869,
        0,
        0.033,
        4.197,
        0,
        0.3,
        -2.377,
        0,
        0.517,
        1.767,
        0,
        0.75,
        -2.015,
        0,
        1,
        1.952,
        0,
        1.217,
        -6.391,
        0,
        1.467,
        9.009,
        0,
        1.75,
        -8.366,
        0,
        2.033,
        15.095,
        0,
        2.283,
        -18.294,
        0,
        2.517,
        6.563,
        0,
        2.683,
        -0.564,
        0,
        2.867,
        7.751,
        0,
        3.067,
        -5.511,
        0,
        3.267,
        6.783,
        0,
        3.483,
        -9.741,
        0,
        3.717,
        7.779,
        0,
        3.917,
        -9.691,
        0,
        4.167,
        11.368,
        0,
        4.45,
        -9.995,
        0,
        4.733,
        9.139,
        1,
        4.794,
        9.139,
        4.856,
        1.918,
        4.917,
        -3.178
      ]
    },
    {
      "Target": "Parameter",
      "Id": "ParamQianFa3_4",
      "FadeInTime": -1.0,
      "FadeOutTime": -1.0,
      "Segments": [
        0,
        -1.363,
        0,
        0.15,
        7.421,
        0,
        0.417,
        -4.291,
        0,
        0.65,
        2.479,
        0,
        0.883,
        -2.387,
        0,
        1.1,
        2.116,
        0,
        1.317,
        -6.556,
        0,
        1.583,
        10.906,
        0,
        1.85,
        -11.847,
        0,
        2.117,
        17.996,
        0,
        2.383,
        -23.059,
        0,
        2.65,
        11.322,
        0,
        2.833,
        1.247,
        0,
        2.983,
        4.957,
        0,
        3.183,
        -5.058,
        0,
        3.383,
        5.957,
        0,
        3.6,
        -10.365,
        0,
        3.833,
        8.742,
        0,
        4.05,
        -10.396,
        0,
        4.283,
        13.78,
        0,
        4.55,
        -14,
        0,
        4.833,
        13.514,
        1,
        4.861,
        13.514,
        4.889,
        11.527,
        4.917,
        8.657
      ]
    },
    {
      "Target": "Parameter",
      "Id": "Param19",
      "FadeInTime": -1.0,
      "FadeOutTime": -1.0,
      "Segments": [
        0,
        0,
        1,
        1.639,
        8.414,
        3.278,
        16.827,
        4.917,
        25.241
      ]
    },
    {
      "Target": "Parameter",
      "Id": "Param16",
      "FadeInTime": -1.0,
      "FadeOutTime": -1.0,
      "Segments": [
        0,
        0,
        0,
        2.567,
        9,
        1,
        3.35,
        9,
        4.134,
        1.648,
        4.917,
        0.234
      ]
    },
    {
      "Target": "Parameter",
      "Id": "Param14",
      "FadeInTime": -1.0,
      "FadeOutTime": -1.0,
      "Segments": [
        0,
        0,
        1,
        1.639,
        1.052,
        3.278,
        2.103,
        4.917,
        3.155
      ]
    },
    {
      "Target": "Parameter",
      "Id": "Param15",
      "FadeInTime": -1.0,
      "FadeOutTime": -1.0,
      "Segments": [
        0,
        0,
        2,
        1.233,
        0,
        0,
        1.3,
        10,
        0,
        1.383,
        8.228,
        0,
        1.45,
        10,
        0,
        1.55,
        7.31,
        1,
        1.578,
        7.31,
        1.605,
        9.944,
        1.633,
        9.948,
        1,
        1.916,
        9.986,
        2.2,
        10,
        2.483,
        10,
        0,
        2.567,
        6.706,
        0,
        2.633,
        10,
        0,
        2.717,
        8.215,
        0,
        2.8,
        9.995,
        1,
        3.161,
        9.999,
        3.522,
        10,
        3.883,
        10,
        0,
        3.967,
        6.706,
        0,
        4.033,
        10,
        0,
        4.117,
        8.215,
        0,
        4.2,
        9.995,
        1,
        4.439,
        9.998,
        4.678,
        9.999,
        4.917,
        10
      ]
    },
    {
      "Target": "Parameter",
      "Id": "Param18",
      "FadeInTime": -1.0,
      "FadeOutTime": -1.0,
      "Segments": [
        0,
        5,
        1,
        1.639,
        6.052,
        3.278,
        7.103,
        4.917,
        8.155
      ]
    },
    {
      "Target": "Parameter",
      "Id": "Param17",
      "FadeInTime": -1.0,
      "FadeOutTime": -1.0,
      "Segments": [
        0,
        0,
        2,
        0.85,
        0,
        0,
        0.917,
        10,
        0,
        1,
        8.228,
        0,
        1.067,
        10,
        0,
        1.167,
        7.31,
        1,
        1.195,
        7.31,
        1.222,
        9.943,
        1.25,
        9.948,
        1,
        1.472,
        9.987,
        1.695,
        10,
        1.917,
        10,
        0,
        2,
        6.706,
        0,
        2.067,
        10,
        0,
        2.15,
        8.215,
        0,
        2.233,
        9.995,
        1,
        2.516,
        9.999,
        2.8,
        10,
        3.083,
        10,
        0,
        3.167,
        6.706,
        0,
        3.233,
        10,
        0,
        3.317,
        8.215,
        0,
        3.4,
        9.995,
        1,
        3.717,
        9.999,
        4.033,
        10,
        4.35,
        10,
        0,
        4.433,
        6.706,
        0,
        4.5,
        10,
        0,
        4.583,
        8.215,
        0,
        4.667,
        9.995,
        1,
        4.75,
        9.996,
        4.834,
        9.996,
        4.917,
        9.997
      ]
    },
    {
      "Target": "Parameter",
      "Id": "Param6",
      "FadeInTime": -1.0,
      "FadeOutTime": -1.0,
      "Segments": [
        0,
        2.91,
        0,
        2.583,
        -2.913,
        1,
        3.361,
        -2.913,
        4.139,
        1.779,
        4.917,
        2.742
      ]
    },
    {
      "Target": "Parameter",
      "Id": "Param7",
      "FadeInTime": -1.0,
      "FadeOutTime": -1.0,
      "Segments": [
        0,
        2,
        0,
        0.85,
        4.016,
        0,
        3.45,
        -4.016,
        1,
        3.939,
        -4.016,
        4.428,
        -1.46,
        4.917,
        0.768
      ]
    },
    {
      "Target": "Parameter",
      "Id": "Param8",
      "FadeInTime": -1.0,
      "FadeOutTime": -1.0,
      "Segments": [
        0,
        -2.32,
        0,
        1.717,
        4.987,
        0,
        4.317,
        -4.987,
        1,
        4.517,
        -4.987,
        4.717,
        -4.456,
        4.917,
        -3.639
      ]
    },
    {
      "Target": "Parameter",
      "Id": "Param9",
      "FadeInTime": -1.0,
      "FadeOutTime": -1.0,
      "Segments": [
        0,
        -7.74,
        0,
        2.583,
        7.743,
        1,
        3.361,
        7.743,
        4.139,
        -4.729,
        4.917,
        -7.288
      ]
    },
    {
      "Target": "Parameter",
      "Id": "Param12",
      "FadeInTime": -1.0,
      "FadeOutTime": -1.0,
      "Segments": [
        0,
        0,
        1,
        1.639,
        1.052,
        3.278,
        2.103,
        4.917,
        3.155
      ]
    },
    {
      "Target": "Parameter",
      "Id": "Param13",
      "FadeInTime": -1.0,
      "FadeOutTime": -1.0,
      "Segments": [
        0,
        5,
        1,
        1.639,
        6.052,
        3.278,
        7.103,
        4.917,
        8.155
      ]
    },
    {
      "Target": "Parameter",
      "Id": "MB_wutixialuoxunhuan",
      "FadeInTime": -1.0,
      "FadeOutTime": -1.0,
      "Segments": [
        0,
        0,
        1,
        1.639,
        0.316,
        3.278,
        0.631,
        4.917,
        0.947
      ]
    },
    {
      "Target": "Parameter",
      "Id": "MB_wutixialuojiaodu",
      "FadeInTime": -1.0,
      "FadeOutTime": -1.0,
      "Segments": [
        0,
        0,
        1,
        1.639,
        0.423,
        3.278,
        0.846,
        4.917,
        1.269
      ]
    },
    {
      "Target": "Parameter",
      "Id": "MB_Awutifanzhuan",
      "FadeInTime": -1.0,
      "FadeOutTime": -1.0,
      "Segments": [
        0,
        0,
        0,
        1.8,
        1,
        0,
        3.783,
        0,
        1,
        4.161,
        0,
        4.539,
        0.321,
        4.917,
        0.599
      ]
    },
    {
      "Target": "Parameter",
      "Id": "MB_Awutidaxiao",
      "FadeInTime": -1.0,
      "FadeOutTime": -1.0,
      "Segments": [
        0,
        0,
        0,
        3.783,
        0.1,
        1,
        4.161,
        0.1,
        4.539,
        0.092,
        4.917,
        0.08
      ]
    },
    {
      "Target": "Parameter",
      "Id": "MB_Awutijiaodu",
      "FadeInTime": -1.0,
      "FadeOutTime": -1.0,
      "Segments": [
        0,
        1,
        0,
        3.783,
        0.307,
        1,
        4.161,
        0.307,
        4.539,
        0.364,
        4.917,
        0.444
      ]
    },
    {
      "Target": "Parameter",
      "Id": "MB_Bwutifanzhuan",
      "FadeInTime": -1.0,
      "FadeOutTime": -1.0,
      "Segments": [
        0,
        1,
        0,
        3.783,
        -1,
        1,
        4.161,
        -1,
        4.539,
        -0.837,
        4.917,
        -0.603
      ]
    },
    {
      "Target": "Parameter",
      "Id": "MB_Bwutidaxiao",
      "FadeInTime": -1.0,
      "FadeOutTime": -1.0,
      "Segments": [
        0,
        0,
        0,
        3.783,
        0.1,
        1,
        4.161,
        0.1,
        4.539,
        0.092,
        4.917,
        0.08
      ]
    },
    {
      "Target": "Parameter",
      "Id": "MB_Bwutijiaodu",
      "FadeInTime": -1.0,
      "FadeOutTime": -1.0,
      "Segments": [
        0,
        0,
        0,
        1.833,
        1,
        1,
        2.483,
        1,
        3.133,
        0.658,
        3.783,
        0,
        1,
        4.161,
        -0.382,
        4.539,
        -0.653,
        4.917,
        -0.815
      ]
    },
    {
      "Target": "Parameter",
      "Id": "MB_Cwutifanzhuan",
      "FadeInTime": -1.0,
      "FadeOutTime": -1.0,
      "Segments": [
        0,
        0,
        0,
        1.833,
        1,
        1,
        2.483,
        1,
        3.133,
        0.658,
        3.783,
        0,
        1,
        4.161,
        -0.382,
        4.539,
        -0.653,
        4.917,
        -0.815
      ]
    },
    {
      "Target": "Parameter",
      "Id": "MB_Cwutidaxiao",
      "FadeInTime": -1.0,
      "FadeOutTime": -1.0,
      "Segments": [
        0,
        0,
        0,
        3.783,
        -0.1,
        1,
        4.161,
        -0.1,
        4.539,
        -0.092,
        4.917,
        -0.08
      ]
    },
    {
      "Target": "Parameter",
      "Id": "MB_Cwutijiaodu",
      "FadeInTime": -1.0,
      "FadeOutTime": -1.0,
      "Segments": [
        0,
        -1,
        0,
        3.783,
        -0.142,
        1,
        4.161,
        -0.142,
        4.539,
        -0.212,
        4.917,
        -0.312
      ]
    },
    {
      "Target": "Parameter",
      "Id": "Param_Angle_Rotation_1_ArtMesh186",
      "FadeInTime": -1.0,
      "FadeOutTime": -1.0,
      "Segments": [
        0,
        0.99,
        0,
        2.583,
        -0.992,
        1,
        3.361,
        -0.992,
        4.139,
        0.606,
        4.917,
        0.934
      ]
    },
    {
      "Target": "Parameter",
      "Id": "Param_Angle_Rotation_2_ArtMesh186",
      "FadeInTime": -1.0,
      "FadeOutTime": -1.0,
      "Segments": [
        0,
        0.91,
        0,
        0.3,
        0.992,
        0,
        2.9,
        -0.992,
        1,
        3.572,
        -0.992,
        4.245,
        0.202,
        4.917,
        0.737
      ]
    },
    {
      "Target": "Parameter",
      "Id": "Param_Angle_Rotation_3_ArtMesh186",
      "FadeInTime": -1.0,
      "FadeOutTime": -1.0,
      "Segments": [
        0,
        0.68,
        0,
        0.633,
        0.992,
        0,
        3.233,
        -0.992,
        1,
        3.794,
        -0.992,
        4.356,
        -0.16,
        4.917,
        0.426
      ]
    },
    {
      "Target": "Parameter",
      "Id": "Param_Angle_Rotation_4_ArtMesh186",
      "FadeInTime": -1.0,
      "FadeOutTime": -1.0,
      "Segments": [
        0,
        0.38,
        0,
        0.95,
        1.016,
        0,
        3.55,
        -1.016,
        1,
        4.006,
        -1.016,
        4.461,
        -0.455,
        4.917,
        0.078
      ]
    },
    {
      "Target": "Parameter",
      "Id": "Param_Angle_Rotation_5_ArtMesh186",
      "FadeInTime": -1.0,
      "FadeOutTime": -1.0,
      "Segments": [
        0,
        0,
        0,
        1.283,
        1.016,
        0,
        3.883,
        -1.016,
        1,
        4.228,
        -1.016,
        4.572,
        -0.695,
        4.917,
        -0.308
      ]
    },
    {
      "Target": "Parameter",
      "Id": "Param_Angle_Rotation_6_ArtMesh186",
      "FadeInTime": -1.0,
      "FadeOutTime": -1.0,
      "Segments": [
        0,
        -0.36,
        0,
        1.6,
        1.016,
        0,
        4.2,
        -1.016,
        1,
        4.439,
        -1.016,
        4.678,
        -0.862,
        4.917,
        -0.638
      ]
    },
    {
      "Target": "Parameter",
      "Id": "Param_Angle_Rotation_7_ArtMesh186",
      "FadeInTime": -1.0,
      "FadeOutTime": -1.0,
      "Segments": [
        0,
        -0.7,
        0,
        1.933,
        1.016,
        0,
        4.533,
        -1.016,
        1,
        4.661,
        -1.016,
        4.789,
        -0.972,
        4.917,
        -0.897
      ]
    },
    {
      "Target": "Parameter",
      "Id": "Param_Angle_Rotation_8_ArtMesh186",
      "FadeInTime": -1.0,
      "FadeOutTime": -1.0,
      "Segments": [
        0,
        -0.92,
        0,
        2.25,
        1.016,
        0,
        4.85,
        -1.016,
        1,
        4.872,
        -1.016,
        4.895,
        -1.015,
        4.917,
        -1.012
      ]
    },
    {
      "Target": "Parameter",
      "Id": "Param_Angle_Rotation_9_ArtMesh186",
      "FadeInTime": -1.0,
      "FadeOutTime": -1.0,
      "Segments": [
        0,
        -1.02,
        0,
        2.583,
        1.016,
        1,
        3.361,
        1.016,
        4.139,
        -0.621,
        4.917,
        -0.956
      ]
    },
    {
      "Target": "Parameter",
      "Id": "Param_Angle_Rotation_10_ArtMesh186",
      "FadeInTime": -1.0,
      "FadeOutTime": -1.0,
      "Segments": [
        0,
        -0.93,
        0,
        0.3,
        -1.016,
        0,
        2.9,
        1.016,
        1,
        3.572,
        1.016,
        4.245,
        -0.206,
        4.917,
        -0.755
      ]
    },
    {
      "Target": "Parameter",
      "Id": "Param_Angle_Rotation_11_ArtMesh186",
      "FadeInTime": -1.0,
      "FadeOutTime": -1.0,
      "Segments": [
        0,
        -2.06,
        0,
        0.633,
        -3,
        0,
        3.233,
        3,
        1,
        3.794,
        3,
        4.356,
        0.485,
        4.917,
        -1.288
      ]
    },
    {
      "Target": "Parameter",
      "Id": "Param_Angle_Rotation_12_ArtMesh186",
      "FadeInTime": -1.0,
      "FadeOutTime": -1.0,
      "Segments": [
        0,
        -1.13,
        0,
        0.95,
        -3,
        0,
        3.55,
        3,
        1,
        4.006,
        3,
        4.461,
        1.342,
        4.917,
        -0.231
      ]
    },
    {
      "Target": "Parameter",
      "Id": "Param_Angle_Rotation_13_ArtMesh186",
      "FadeInTime": -1.0,
      "FadeOutTime": -1.0,
      "Segments": [
        0,
        0,
        0,
        1.283,
        -3,
        0,
        3.883,
        3,
        1,
        4.228,
        3,
        4.572,
        2.052,
        4.917,
        0.91
      ]
    },
    {
      "Target": "Parameter",
      "Id": "Param_Angle_Rotation_14_ArtMesh186",
      "FadeInTime": -1.0,
      "FadeOutTime": -1.0,
      "Segments": [
        0,
        1.08,
        0,
        1.6,
        -3,
        0,
        4.2,
        3,
        1,
        4.439,
        3,
        4.678,
        2.544,
        4.917,
        1.884
      ]
    },
    {
      "Target": "Parameter",
      "Id": "Param_Angle_Rotation_15_ArtMesh186",
      "FadeInTime": -1.0,
      "FadeOutTime": -1.0,
      "Segments": [
        0,
        2.06,
        0,
        1.933,
        -3,
        0,
        4.533,
        3,
        1,
        4.661,
        3,
        4.789,
        2.87,
        4.917,
        2.647
      ]
    },
    {
      "Target": "Parameter",
      "Id": "Param_Angle_Rotation_1_ArtMesh187",
      "FadeInTime": -1.0,
      "FadeOutTime": -1.0,
      "Segments": [
        0,
        -0.99,
        0,
        2.583,
        0.992,
        1,
        3.361,
        0.992,
        4.139,
        -0.606,
        4.917,
        -0.934
      ]
    },
    {
      "Target": "Parameter",
      "Id": "Param_Angle_Rotation_2_ArtMesh187",
      "FadeInTime": -1.0,
      "FadeOutTime": -1.0,
      "Segments": [
        0,
        -0.91,
        0,
        0.3,
        -0.992,
        0,
        2.9,
        0.992,
        1,
        3.572,
        0.992,
        4.245,
        -0.202,
        4.917,
        -0.737
      ]
    },
    {
      "Target": "Parameter",
      "Id": "Param_Angle_Rotation_3_ArtMesh187",
      "FadeInTime": -1.0,
      "FadeOutTime": -1.0,
      "Segments": [
        0,
        -0.68,
        0,
        0.633,
        -0.992,
        0,
        3.233,
        0.992,
        1,
        3.794,
        0.992,
        4.356,
        0.16,
        4.917,
        -0.426
      ]
    },
    {
      "Target": "Parameter",
      "Id": "Param_Angle_Rotation_4_ArtMesh187",
      "FadeInTime": -1.0,
      "FadeOutTime": -1.0,
      "Segments": [
        0,
        -0.38,
        0,
        0.95,
        -1.016,
        0,
        3.55,
        1.016,
        1,
        4.006,
        1.016,
        4.461,
        0.455,
        4.917,
        -0.078
      ]
    },
    {
      "Target": "Parameter",
      "Id": "Param_Angle_Rotation_5_ArtMesh187",
      "FadeInTime": -1.0,
      "FadeOutTime": -1.0,
      "Segments": [
        0,
        0,
        0,
        1.283,
        -1.016,
        0,
        3.883,
        1.016,
        1,
        4.228,
        1.016,
        4.572,
        0.695,
        4.917,
        0.308
      ]
    },
    {
      "Target": "Parameter",
      "Id": "Param_Angle_Rotation_6_ArtMesh187",
      "FadeInTime": -1.0,
      "FadeOutTime": -1.0,
      "Segments": [
        0,
        0.36,
        0,
        1.6,
        -1.016,
        0,
        4.2,
        1.016,
        1,
        4.439,
        1.016,
        4.678,
        0.862,
        4.917,
        0.638
      ]
    },
    {
      "Target": "Parameter",
      "Id": "Param_Angle_Rotation_7_ArtMesh187",
      "FadeInTime": -1.0,
      "FadeOutTime": -1.0,
      "Segments": [
        0,
        0.7,
        0,
        1.933,
        -1.016,
        0,
        4.533,
        1.016,
        1,
        4.661,
        1.016,
        4.789,
        0.972,
        4.917,
        0.897
      ]
    },
    {
      "Target": "Parameter",
      "Id": "Param_Angle_Rotation_8_ArtMesh187",
      "FadeInTime": -1.0,
      "FadeOutTime": -1.0,
      "Segments": [
        0,
        0.92,
        0,
        2.25,
        -1.016,
        0,
        4.85,
        1.016,
        1,
        4.872,
        1.016,
        4.895,
        1.015,
        4.917,
        1.012
      ]
    },
    {
      "Target": "Parameter",
      "Id": "Param_Angle_Rotation_9_ArtMesh187",
      "FadeInTime": -1.0,
      "FadeOutTime": -1.0,
      "Segments": [
        0,
        1.02,
        0,
        2.583,
        -1.016,
        1,
        3.361,
        -1.016,
        4.139,
        0.621,
        4.917,
        0.956
      ]
    },
    {
      "Target": "Parameter",
      "Id": "Param_Angle_Rotation_10_ArtMesh187",
      "FadeInTime": -1.0,
      "FadeOutTime": -1.0,
      "Segments": [
        0,
        0.93,
        0,
        0.3,
        1.016,
        0,
        2.9,
        -1.016,
        1,
        3.572,
        -1.016,
        4.245,
        0.206,
        4.917,
        0.755
      ]
    },
    {
      "Target": "Parameter",
      "Id": "Param_Angle_Rotation_11_ArtMesh187",
      "FadeInTime": -1.0,
      "FadeOutTime": -1.0,
      "Segments": [
        0,
        2.06,
        0,
        0.633,
        3,
        0,
        3.233,
        -3,
        1,
        3.794,
        -3,
        4.356,
        -0.485,
        4.917,
        1.288
      ]
    },
    {
      "Target": "Parameter",
      "Id": "Param_Angle_Rotation_12_ArtMesh187",
      "FadeInTime": -1.0,
      "FadeOutTime": -1.0,
      "Segments": [
        0,
        1.13,
        0,
        0.95,
        3,
        0,
        3.55,
        -3,
        1,
        4.006,
        -3,
        4.461,
        -1.342,
        4.917,
        0.231
      ]
    },
    {
      "Target": "Parameter",
      "Id": "Param_Angle_Rotation_13_ArtMesh187",
      "FadeInTime": -1.0,
      "FadeOutTime": -1.0,
      "Segments": [
        0,
        0,
        0,
        1.283,
        3,
        0,
        3.883,
        -3,
        1,
        4.228,
        -3,
        4.572,
        -2.052,
        4.917,
        -0.91
      ]
    },
    {
      "Target": "Parameter",
      "Id": "Param_Angle_Rotation_14_ArtMesh187",
      "FadeInTime": -1.0,
      "FadeOutTime": -1.0,
      "Segments": [
        0,
        -1.08,
        0,
        1.6,
        3,
        0,
        4.2,
        -3,
        1,
        4.439,
        -3,
        4.678,
        -2.544,
        4.917,
        -1.884
      ]
    },
    {
      "Target": "Parameter",
      "Id": "Param_Angle_Rotation_15_ArtMesh187",
      "FadeInTime": -1.0,
      "FadeOutTime": -1.0,
      "Segments": [
        0,
        -2.06,
        0,
        1.933,
        3,
        0,
        4.533,
        -3,
        1,
        4.661,
        -3,
        4.789,
        -2.87,
        4.917,
        -2.647
      ]
    },
    {
      "Target": "Parameter",
      "Id": "Paramring",
      "FadeInTime": -1.0,
      "FadeOutTime": -1.0,
      "Segments": [
        0,
        0,
        0,
        4.917,
        0
      ]
    },
    {
      "Target": "Parameter",
      "Id": "touch_drag1",
      "FadeInTime": -1.0,
      "FadeOutTime": -1.0,
      "Segments": [
        0,
        0,
        0,
        4.917,
        0
      ]
    },
    {
      "Target": "Parameter",
      "Id": "touch_drag2",
      "FadeInTime": -1.0,
      "FadeOutTime": -1.0,
      "Segments": [
        0,
        0,
        0,
        4.917,
        0
      ]
    },
    {
      "Target": "Parameter",
      "Id": "touch_drag3",
      "FadeInTime": -1.0,
      "FadeOutTime": -1.0,
      "Segments": [
        0,
        0,
        0,
        4.917,
        0
      ]
    },
    {
      "Target": "Parameter",
      "Id": "ParamHeikuang",
      "FadeInTime": -1.0,
      "FadeOutTime": -1.0,
      "Segments": [
        0,
        0,
        0,
        4.917,
        0
      ]
    },
    {
      "Target": "Parameter",
      "Id": "ParamBaise",
      "FadeInTime": -1.0,
      "FadeOutTime": -1.0,
      "Segments": [
        0,
        0,
        0,
        4.917,
        0
      ]
    },
    {
      "Target": "Parameter",
      "Id": "ParamHeise",
      "FadeInTime": -1.0,
      "FadeOutTime": -1.0,
      "Segments": [
        0,
        0,
        0,
        4.917,
        0
      ]
    },
    {
      "Target": "Parameter",
      "Id": "ParamALLZ",
      "FadeInTime": -1.0,
      "FadeOutTime": -1.0,
      "Segments": [
        0,
        0,
        0,
        4.917,
        0
      ]
    },
    {
      "Target": "Parameter",
      "Id": "ParamRenwuX8",
      "FadeInTime": -1.0,
      "FadeOutTime": -1.0,
      "Segments": [
        0,
        10,
        0,
        4.917,
        10
      ]
    },
    {
      "Target": "Parameter",
      "Id": "ParamRenwuX5",
      "FadeInTime": -1.0,
      "FadeOutTime": -1.0,
      "Segments": [
        0,
        0,
        0,
        4.917,
        0
      ]
    },
    {
      "Target": "Parameter",
      "Id": "ParamRenwuX9",
      "FadeInTime": -1.0,
      "FadeOutTime": -1.0,
      "Segments": [
        0,
        0,
        0,
        4.917,
        0
      ]
    },
    {
      "Target": "Parameter",
      "Id": "ParamRenwuX2",
      "FadeInTime": -1.0,
      "FadeOutTime": -1.0,
      "Segments": [
        0,
        0,
        0,
        4.917,
        0
      ]
    },
    {
      "Target": "Parameter",
      "Id": "ParamRenwuX4",
      "FadeInTime": -1.0,
      "FadeOutTime": -1.0,
      "Segments": [
        0,
        -0.5,
        0,
        4.917,
        -0.5
      ]
    },
    {
      "Target": "Parameter",
      "Id": "ParamRenwu",
      "FadeInTime": -1.0,
      "FadeOutTime": -1.0,
      "Segments": [
        0,
        1,
        0,
        4.917,
        1
      ]
    },
    {
      "Target": "Parameter",
      "Id": "ParamRenwuS",
      "FadeInTime": -1.0,
      "FadeOutTime": -1.0,
      "Segments": [
        0,
        0,
        0,
        4.917,
        0
      ]
    },
    {
      "Target": "Parameter",
      "Id": "ParamBeijing",
      "FadeInTime": -1.0,
      "FadeOutTime": -1.0,
      "Segments": [
        0,
        1,
        0,
        4.917,
        1
      ]
    },
    {
      "Target": "Parameter",
      "Id": "ParamBeijingX",
      "FadeInTime": -1.0,
      "FadeOutTime": -1.0,
      "Segments": [
        0,
        0,
        0,
        4.917,
        0
      ]
    },
    {
      "Target": "Parameter",
      "Id": "ParamBeijingY",
      "FadeInTime": -1.0,
      "FadeOutTime": -1.0,
      "Segments": [
        0,
        0,
        0,
        4.917,
        0
      ]
    },
    {
      "Target": "Parameter",
      "Id": "ParamBeijingZ",
      "FadeInTime": -1.0,
      "FadeOutTime": -1.0,
      "Segments": [
        0,
        0,
        0,
        4.917,
        0
      ]
    },
    {
      "Target": "Parameter",
      "Id": "ParamBeijingS",
      "FadeInTime": -1.0,
      "FadeOutTime": -1.0,
      "Segments": [
        0,
        0,
        0,
        4.917,
        0
      ]
    },
    {
      "Target": "Parameter",
      "Id": "ParamEyeLSmile",
      "FadeInTime": -1.0,
      "FadeOutTime": -1.0,
      "Segments": [
        0,
        0,
        0,
        4.917,
        0
      ]
    },
    {
      "Target": "Parameter",
      "Id": "ParamEyeRSmile",
      "FadeInTime": -1.0,
      "FadeOutTime": -1.0,
      "Segments": [
        0,
        0,
        0,
        4.917,
        0
      ]
    },
    {
      "Target": "Parameter",
      "Id": "ParamEyeBallX",
      "FadeInTime": -1.0,
      "FadeOutTime": -1.0,
      "Segments": [
        0,
        0,
        0,
        4.917,
        0
      ]
    },
    {
      "Target": "Parameter",
      "Id": "ParamEyeBallY",
      "FadeInTime": -1.0,
      "FadeOutTime": -1.0,
      "Segments": [
        0,
        0,
        0,
        4.917,
        0
      ]
    },
    {
      "Target": "Parameter",
      "Id": "ParamBrowRY",
      "FadeInTime": -1.0,
      "FadeOutTime": -1.0,
      "Segments": [
        0,
        0,
        0,
        4.917,
        0
      ]
    },
    {
      "Target": "Parameter",
      "Id": "ParamBrowRForm",
      "FadeInTime": -1.0,
      "FadeOutTime": -1.0,
      "Segments": [
        0,
        0,
        0,
        4.917,
        0
      ]
    },
    {
      "Target": "Parameter",
      "Id": "ParamBrowLY",
      "FadeInTime": -1.0,
      "FadeOutTime": -1.0,
      "Segments": [
        0,
        0,
        0,
        4.917,
        0
      ]
    },
    {
      "Target": "Parameter",
      "Id": "ParamBrowLForm",
      "FadeInTime": -1.0,
      "FadeOutTime": -1.0,
      "Segments": [
        0,
        0,
        0,
        4.917,
        0
      ]
    },
    {
      "Target": "Parameter",
      "Id": "Param4",
      "FadeInTime": -1.0,
      "FadeOutTime": -1.0,
      "Segments": [
        0,
        0,
        0,
        4.917,
        0
      ]
    },
    {
      "Target": "Parameter",
      "Id": "ParamMouthForm",
      "FadeInTime": -1.0,
      "FadeOutTime": -1.0,
      "Segments": [
        0,
        0,
        0,
        4.917,
        0
      ]
    },
    {
      "Target": "Parameter",
      "Id": "ParamMouthOpenY",
      "FadeInTime": -1.0,
      "FadeOutTime": -1.0,
      "Segments": [
        0,
        0,
        0,
        4.917,
        0
      ]
    },
    {
      "Target": "Parameter",
      "Id": "ParamMouthS",
      "FadeInTime": -1.0,
      "FadeOutTime": -1.0,
      "Segments": [
        0,
        0,
        0,
        4.917,
        0
      ]
    },
    {
      "Target": "Parameter",
      "Id": "ParamEyeGaoguang",
      "FadeInTime": -1.0,
      "FadeOutTime": -1.0,
      "Segments": [
        0,
        0,
        0,
        4.917,
        0
      ]
    },
    {
      "Target": "Parameter",
      "Id": "Param28",
      "FadeInTime": -1.0,
      "FadeOutTime": -1.0,
      "Segments": [
        0,
        5,
        0,
        4.917,
        5
      ]
    },
    {
      "Target": "Parameter",
      "Id": "Param87",
      "FadeInTime": -1.0,
      "FadeOutTime": -1.0,
      "Segments": [
        0,
        0,
        0,
        4.917,
        0
      ]
    },
    {
      "Target": "Parameter",
      "Id": "Param86",
      "FadeInTime": -1.0,
      "FadeOutTime": -1.0,
      "Segments": [
        0,
        5,
        0,
        4.917,
        5
      ]
    },
    {
      "Target": "Parameter",
      "Id": "Param97",
      "FadeInTime": -1.0,
      "FadeOutTime": -1.0,
      "Segments": [
        0,
        0,
        0,
        4.917,
        0
      ]
    },
    {
      "Target": "Parameter",
      "Id": "Param31",
      "FadeInTime": -1.0,
      "FadeOutTime": -1.0,
      "Segments": [
        0,
        0,
        0,
        4.917,
        0
      ]
    },
    {
      "Target": "Parameter",
      "Id": "ParamBodyAngleZ3",
      "FadeInTime": -1.0,
      "FadeOutTime": -1.0,
      "Segments": [
        0,
        0,
        0,
        4.917,
        0
      ]
    },
    {
      "Target": "Parameter",
      "Id": "ParamBodyAngleX2",
      "FadeInTime": -1.0,
      "FadeOutTime": -1.0,
      "Segments": [
        0,
        0,
        0,
        4.917,
        0
      ]
    },
    {
      "Target": "Parameter",
      "Id": "ParamBreath",
      "FadeInTime": -1.0,
      "FadeOutTime": -1.0,
      "Segments": [
        0,
        0,
        0,
        4.917,
        0
      ]
    },
    {
      "Target": "Parameter",
      "Id": "ParamBodyAngleY",
      "FadeInTime": -1.0,
      "FadeOutTime": -1.0,
      "Segments": [
        0,
        0,
        0,
        4.917,
        0
      ]
    },
    {
      "Target": "Parameter",
      "Id": "Param45",
      "FadeInTime": -1.0,
      "FadeOutTime": -1.0,
      "Segments": [
        0,
        -3,
        0,
        4.917,
        -3
      ]
    },
    {
      "Target": "Parameter",
      "Id": "Param46",
      "FadeInTime": -1.0,
      "FadeOutTime": -1.0,
      "Segments": [
        0,
        3,
        0,
        4.917,
        3
      ]
    },
    {
      "Target": "Parameter",
      "Id": "Param57",
      "FadeInTime": -1.0,
      "FadeOutTime": -1.0,
      "Segments": [
        0,
        0,
        0,
        4.917,
        0
      ]
    },
    {
      "Target": "Parameter",
      "Id": "ParamA1zuoshoutuozhanxingbian",
      "FadeInTime": -1.0,
      "FadeOutTime": -1.0,
      "Segments": [
        0,
        0,
        0,
        4.917,
        0
      ]
    },
    {
      "Target": "Parameter",
      "Id": "Param47",
      "FadeInTime": -1.0,
      "FadeOutTime": -1.0,
      "Segments": [
        0,
        0,
        0,
        4.917,
        0
      ]
    },
    {
      "Target": "Parameter",
      "Id": "Param48",
      "FadeInTime": -1.0,
      "FadeOutTime": -1.0,
      "Segments": [
        0,
        0,
        0,
        4.917,
        0
      ]
    },
    {
      "Target": "Parameter",
      "Id": "Param49",
      "FadeInTime": -1.0,
      "FadeOutTime": -1.0,
      "Segments": [
        0,
        0,
        0,
        4.917,
        0
      ]
    },
    {
      "Target": "Parameter",
      "Id": "Param68",
      "FadeInTime": -1.0,
      "FadeOutTime": -1.0,
      "Segments": [
        0,
        0,
        0,
        4.917,
        0
      ]
    },
    {
      "Target": "Parameter",
      "Id": "Param69",
      "FadeInTime": -1.0,
      "FadeOutTime": -1.0,
      "Segments": [
        0,
        0,
        0,
        4.917,
        0
      ]
    },
    {
      "Target": "Parameter",
      "Id": "Param50",
      "FadeInTime": -1.0,
      "FadeOutTime": -1.0,
      "Segments": [
        0,
        1,
        0,
        4.917,
        1
      ]
    },
    {
      "Target": "Parameter",
      "Id": "Param51",
      "FadeInTime": -1.0,
      "FadeOutTime": -1.0,
      "Segments": [
        0,
        0,
        0,
        4.917,
        0
      ]
    },
    {
      "Target": "Parameter",
      "Id": "Param52",
      "FadeInTime": -1.0,
      "FadeOutTime": -1.0,
      "Segments": [
        0,
        0,
        0,
        4.917,
        0
      ]
    },
    {
      "Target": "Parameter",
      "Id": "Param54",
      "FadeInTime": -1.0,
      "FadeOutTime": -1.0,
      "Segments": [
        0,
        0,
        0,
        4.917,
        0
      ]
    },
    {
      "Target": "Parameter",
      "Id": "Param55",
      "FadeInTime": -1.0,
      "FadeOutTime": -1.0,
      "Segments": [
        0,
        0,
        0,
        4.917,
        0
      ]
    },
    {
      "Target": "Parameter",
      "Id": "Param56",
      "FadeInTime": -1.0,
      "FadeOutTime": -1.0,
      "Segments": [
        0,
        0,
        0,
        4.917,
        0
      ]
    },
    {
      "Target": "Parameter",
      "Id": "Param58",
      "FadeInTime": -1.0,
      "FadeOutTime": -1.0,
      "Segments": [
        0,
        0,
        0,
        4.917,
        0
      ]
    },
    {
      "Target": "Parameter",
      "Id": "Param20",
      "FadeInTime": -1.0,
      "FadeOutTime": -1.0,
      "Segments": [
        0,
        0,
        0,
        4.917,
        0
      ]
    },
    {
      "Target": "Parameter",
      "Id": "Param21",
      "FadeInTime": -1.0,
      "FadeOutTime": -1.0,
      "Segments": [
        0,
        0,
        0,
        4.917,
        0
      ]
    },
    {
      "Target": "Parameter",
      "Id": "Param100",
      "FadeInTime": -1.0,
      "FadeOutTime": -1.0,
      "Segments": [
        0,
        0,
        0,
        4.917,
        0
      ]
    },
    {
      "Target": "Parameter",
      "Id": "Param101",
      "FadeInTime": -1.0,
      "FadeOutTime": -1.0,
      "Segments": [
        0,
        10,
        0,
        4.917,
        10
      ]
    },
    {
      "Target": "Parameter",
      "Id": "Param102",
      "FadeInTime": -1.0,
      "FadeOutTime": -1.0,
      "Segments": [
        0,
        10,
        0,
        4.917,
        10
      ]
    },
    {
      "Target": "Parameter",
      "Id": "ParamA1zuoshoudonghua2",
      "FadeInTime": -1.0,
      "FadeOutTime": -1.0,
      "Segments": [
        0,
        10,
        0,
        4.917,
        10
      ]
    },
    {
      "Target": "Parameter",
      "Id": "ParamA1zuoshouxingbian2",
      "FadeInTime": -1.0,
      "FadeOutTime": -1.0,
      "Segments": [
        0,
        10,
        0,
        4.917,
        10
      ]
    },
    {
      "Target": "Parameter",
      "Id": "ParamA1zuoshoutuozhanxingbian2",
      "FadeInTime": -1.0,
      "FadeOutTime": -1.0,
      "Segments": [
        0,
        0,
        0,
        4.917,
        0
      ]
    },
    {
      "Target": "Parameter",
      "Id": "Param35",
      "FadeInTime": -1.0,
      "FadeOutTime": -1.0,
      "Segments": [
        0,
        0,
        0,
        4.917,
        0
      ]
    },
    {
      "Target": "Parameter",
      "Id": "Param36",
      "FadeInTime": -1.0,
      "FadeOutTime": -1.0,
      "Segments": [
        0,
        0,
        0,
        4.917,
        0
      ]
    },
    {
      "Target": "Parameter",
      "Id": "Param37",
      "FadeInTime": -1.0,
      "FadeOutTime": -1.0,
      "Segments": [
        0,
        0,
        0,
        4.917,
        0
      ]
    },
    {
      "Target": "Parameter",
      "Id": "Param70",
      "FadeInTime": -1.0,
      "FadeOutTime": -1.0,
      "Segments": [
        0,
        0,
        0,
        4.917,
        0
      ]
    },
    {
      "Target": "Parameter",
      "Id": "Param65",
      "FadeInTime": -1.0,
      "FadeOutTime": -1.0,
      "Segments": [
        0,
        0,
        0,
        4.917,
        0
      ]
    },
    {
      "Target": "Parameter",
      "Id": "Param71",
      "FadeInTime": -1.0,
      "FadeOutTime": -1.0,
      "Segments": [
        0,
        0,
        0,
        4.917,
        0
      ]
    },
    {
      "Target": "Parameter",
      "Id": "Param61",
      "FadeInTime": -1.0,
      "FadeOutTime": -1.0,
      "Segments": [
        0,
        0,
        0,
        4.917,
        0
      ]
    },
    {
      "Target": "Parameter",
      "Id": "Param41",
      "FadeInTime": -1.0,
      "FadeOutTime": -1.0,
      "Segments": [
        0,
        0,
        0,
        4.917,
        0
      ]
    },
    {
      "Target": "Parameter",
      "Id": "Param40",
      "FadeInTime": -1.0,
      "FadeOutTime": -1.0,
      "Segments": [
        0,
        0,
        0,
        4.917,
        0
      ]
    },
    {
      "Target": "Parameter",
      "Id": "Param91",
      "FadeInTime": -1.0,
      "FadeOutTime": -1.0,
      "Segments": [
        0,
        0,
        0,
        4.917,
        0
      ]
    },
    {
      "Target": "Parameter",
      "Id": "Param92",
      "FadeInTime": -1.0,
      "FadeOutTime": -1.0,
      "Segments": [
        0,
        0,
        0,
        4.917,
        0
      ]
    },
    {
      "Target": "Parameter",
      "Id": "Param103",
      "FadeInTime": -1.0,
      "FadeOutTime": -1.0,
      "Segments": [
        0,
        10,
        0,
        4.917,
        10
      ]
    },
    {
      "Target": "Parameter",
      "Id": "ParamDaTuiLUD",
      "FadeInTime": -1.0,
      "FadeOutTime": -1.0,
      "Segments": [
        0,
        0,
        0,
        4.917,
        0
      ]
    },
    {
      "Target": "Parameter",
      "Id": "ParamXiaoTuiLUD",
      "FadeInTime": -1.0,
      "FadeOutTime": -1.0,
      "Segments": [
        0,
        0,
        0,
        4.917,
        0
      ]
    },
    {
      "Target": "Parameter",
      "Id": "Param62",
      "FadeInTime": -1.0,
      "FadeOutTime": -1.0,
      "Segments": [
        0,
        0,
        0,
        4.917,
        0
      ]
    },
    {
      "Target": "Parameter",
      "Id": "ParamDaTuiLUD2",
      "FadeInTime": -1.0,
      "FadeOutTime": -1.0,
      "Segments": [
        0,
        0,
        0,
        4.917,
        0
      ]
    },
    {
      "Target": "Parameter",
      "Id": "ParamXiaoTuiLUD3",
      "FadeInTime": -1.0,
      "FadeOutTime": -1.0,
      "Segments": [
        0,
        0,
        0,
        4.917,
        0
      ]
    },
    {
      "Target": "Parameter",
      "Id": "ParamXiaoTuiLUD2",
      "FadeInTime": -1.0,
      "FadeOutTime": -1.0,
      "Segments": [
        0,
        5,
        0,
        4.917,
        5
      ]
    },
    {
      "Target": "Parameter",
      "Id": "Param24",
      "FadeInTime": -1.0,
      "FadeOutTime": -1.0,
      "Segments": [
        0,
        0,
        0,
        4.917,
        0
      ]
    },
    {
      "Target": "Parameter",
      "Id": "Param23",
      "FadeInTime": -1.0,
      "FadeOutTime": -1.0,
      "Segments": [
        0,
        0,
        0,
        4.917,
        0
      ]
    },
    {
      "Target": "Parameter",
      "Id": "Param59",
      "FadeInTime": -1.0,
      "FadeOutTime": -1.0,
      "Segments": [
        0,
        0,
        0,
        4.917,
        0
      ]
    },
    {
      "Target": "Parameter",
      "Id": "ParamDaTuiRUD",
      "FadeInTime": -1.0,
      "FadeOutTime": -1.0,
      "Segments": [
        0,
        0,
        0,
        4.917,
        0
      ]
    },
    {
      "Target": "Parameter",
      "Id": "ParamXiaoTuiRUD",
      "FadeInTime": -1.0,
      "FadeOutTime": -1.0,
      "Segments": [
        0,
        0,
        0,
        4.917,
        0
      ]
    },
    {
      "Target": "Parameter",
      "Id": "Param63",
      "FadeInTime": -1.0,
      "FadeOutTime": -1.0,
      "Segments": [
        0,
        0,
        0,
        4.917,
        0
      ]
    },
    {
      "Target": "Parameter",
      "Id": "ParamXiaoTuiLUD5",
      "FadeInTime": -1.0,
      "FadeOutTime": -1.0,
      "Segments": [
        0,
        0,
        0,
        4.917,
        0
      ]
    },
    {
      "Target": "Parameter",
      "Id": "ParamDaTuiLUD3",
      "FadeInTime": -1.0,
      "FadeOutTime": -1.0,
      "Segments": [
        0,
        0,
        0,
        4.917,
        0
      ]
    },
    {
      "Target": "Parameter",
      "Id": "ParamXiaoTuiLUD4",
      "FadeInTime": -1.0,
      "FadeOutTime": -1.0,
      "Segments": [
        0,
        0,
        0,
        4.917,
        0
      ]
    },
    {
      "Target": "Parameter",
      "Id": "Param26",
      "FadeInTime": -1.0,
      "FadeOutTime": -1.0,
      "Segments": [
        0,
        0,
        0,
        4.917,
        0
      ]
    },
    {
      "Target": "Parameter",
      "Id": "Param27",
      "FadeInTime": -1.0,
      "FadeOutTime": -1.0,
      "Segments": [
        0,
        0,
        0,
        4.917,
        0
      ]
    },
    {
      "Target": "Parameter",
      "Id": "Param75",
      "FadeInTime": -1.0,
      "FadeOutTime": -1.0,
      "Segments": [
        0,
        0,
        0,
        4.917,
        0
      ]
    },
    {
      "Target": "Parameter",
      "Id": "Param5",
      "FadeInTime": -1.0,
      "FadeOutTime": -1.0,
      "Segments": [
        0,
        0,
        0,
        4.917,
        0
      ]
    },
    {
      "Target": "Parameter",
      "Id": "Param34",
      "FadeInTime": -1.0,
      "FadeOutTime": -1.0,
      "Segments": [
        0,
        0,
        0,
        4.917,
        0
      ]
    },
    {
      "Target": "Parameter",
      "Id": "Param95",
      "FadeInTime": -1.0,
      "FadeOutTime": -1.0,
      "Segments": [
        0,
        0,
        0,
        4.917,
        0
      ]
    },
    {
      "Target": "Parameter",
      "Id": "Param96",
      "FadeInTime": -1.0,
      "FadeOutTime": -1.0,
      "Segments": [
        0,
        0,
        0,
        4.917,
        0
      ]
    },
    {
      "Target": "Parameter",
      "Id": "Param125",
      "FadeInTime": -1.0,
      "FadeOutTime": -1.0,
      "Segments": [
        0,
        0,
        0,
        4.917,
        0
      ]
    },
    {
      "Target": "Parameter",
      "Id": "Param127",
      "FadeInTime": -1.0,
      "FadeOutTime": -1.0,
      "Segments": [
        0,
        0,
        0,
        4.917,
        0
      ]
    },
    {
      "Target": "Parameter",
      "Id": "Param64",
      "FadeInTime": -1.0,
      "FadeOutTime": -1.0,
      "Segments": [
        0,
        0,
        0,
        4.917,
        0
      ]
    },
    {
      "Target": "Parameter",
      "Id": "Param39",
      "FadeInTime": -1.0,
      "FadeOutTime": -1.0,
      "Segments": [
        0,
        0,
        0,
        4.917,
        0
      ]
    },
    {
      "Target": "Parameter",
      "Id": "Param104",
      "FadeInTime": -1.0,
      "FadeOutTime": -1.0,
      "Segments": [
        0,
        0,
        0,
        4.917,
        0
      ]
    },
    {
      "Target": "Parameter",
      "Id": "Param94",
      "FadeInTime": -1.0,
      "FadeOutTime": -1.0,
      "Segments": [
        0,
        0,
        0,
        4.917,
        0
      ]
    },
    {
      "Target": "Parameter",
      "Id": "Param126",
      "FadeInTime": -1.0,
      "FadeOutTime": -1.0,
      "Segments": [
        0,
        0,
        0,
        4.917,
        0
      ]
    },
    {
      "Target": "Parameter",
      "Id": "Param72",
      "FadeInTime": -1.0,
      "FadeOutTime": -1.0,
      "Segments": [
        0,
        0,
        0,
        4.917,
        0
      ]
    },
    {
      "Target": "Parameter",
      "Id": "Param98",
      "FadeInTime": -1.0,
      "FadeOutTime": -1.0,
      "Segments": [
        0,
        0,
        0,
        4.917,
        0
      ]
    },
    {
      "Target": "Parameter",
      "Id": "Param38",
      "FadeInTime": -1.0,
      "FadeOutTime": -1.0,
      "Segments": [
        0,
        0,
        0,
        4.917,
        0
      ]
    },
    {
      "Target": "Parameter",
      "Id": "Param152",
      "FadeInTime": -1.0,
      "FadeOutTime": -1.0,
      "Segments": [
        0,
        0,
        0,
        4.917,
        0
      ]
    },
    {
      "Target": "Parameter",
      "Id": "Param153",
      "FadeInTime": -1.0,
      "FadeOutTime": -1.0,
      "Segments": [
        0,
        0,
        0,
        4.917,
        0
      ]
    },
    {
      "Target": "Parameter",
      "Id": "Param151",
      "FadeInTime": -1.0,
      "FadeOutTime": -1.0,
      "Segments": [
        0,
        0,
        0,
        4.917,
        0
      ]
    },
    {
      "Target": "Parameter",
      "Id": "MB_xingfengyaobai2",
      "FadeInTime": -1.0,
      "FadeOutTime": -1.0,
      "Segments": [
        0,
        0,
        0,
        4.917,
        0
      ]
    },
    {
      "Target": "Parameter",
      "Id": "MB_xingfengyaobai",
      "FadeInTime": -1.0,
      "FadeOutTime": -1.0,
      "Segments": [
        0,
        0,
        0,
        4.917,
        0
      ]
    },
    {
      "Target": "Parameter",
      "Id": "MB_xingfengTMD",
      "FadeInTime": -1.0,
      "FadeOutTime": -1.0,
      "Segments": [
        0,
        0,
        0,
        4.917,
        0
      ]
    },
    {
      "Target": "Parameter",
      "Id": "Param105",
      "FadeInTime": -1.0,
      "FadeOutTime": -1.0,
      "Segments": [
        0,
        0,
        0,
        4.917,
        0
      ]
    },
    {
      "Target": "Parameter",
      "Id": "Param",
      "FadeInTime": -1.0,
      "FadeOutTime": -1.0,
      "Segments": [
        0,
        10,
        0,
        4.917,
        10
      ]
    },
    {
      "Target": "Parameter",
      "Id": "Param2",
      "FadeInTime": -1.0,
      "FadeOutTime": -1.0,
      "Segments": [
        0,
        10,
        0,
        4.917,
        10
      ]
    },
    {
      "Target": "Parameter",
      "Id": "Param3",
      "FadeInTime": -1.0,
      "FadeOutTime": -1.0,
      "Segments": [
        0,
        10,
        0,
        4.917,
        10
      ]
    },
    {
      "Target": "Parameter",
      "Id": "Param32",
      "FadeInTime": -1.0,
      "FadeOutTime": -1.0,
      "Segments": [
        0,
        5,
        0,
        4.917,
        5
      ]
    },
    {
      "Target": "Parameter",
      "Id": "Param10",
      "FadeInTime": -1.0,
      "FadeOutTime": -1.0,
      "Segments": [
        0,
        0,
        0,
        4.917,
        0
      ]
    },
    {
      "Target": "Parameter",
      "Id": "Param11",
      "FadeInTime": -1.0,
      "FadeOutTime": -1.0,
      "Segments": [
        0,
        0,
        0,
        4.917,
        0
      ]
    },
    {
      "Target": "Parameter",
      "Id": "Param_Angle_Rotation_16_ArtMesh187",
      "FadeInTime": -1.0,
      "FadeOutTime": -1.0,
      "Segments": [
        0,
        0,
        0,
        4.917,
        0
      ]
    },
    {
      "Target": "Parameter",
      "Id": "Param_Angle_Rotation_17_ArtMesh187",
      "FadeInTime": -1.0,
      "FadeOutTime": -1.0,
      "Segments": [
        0,
        0,
        0,
        4.917,
        0
      ]
    }
  ],
  "UserData": [
    {
      "Time": 0.0,
      "Value": ""
    },
    {
      "Time": 4.417,
      "Value": ""
    }
  ]
}