{
  "Version": 3,
  "Meta": {
    "Duration": 4.667,
    "Fps": 60.0,
    "Loop": true,
    "AreBeziersRestricted": true,
    "FadeInTime": 0.0,
    "FadeOutTime": 0.0,
    "CurveCount": 255,
    "TotalSegmentCount": 1001,
    "TotalPointCount": 1255,
    "UserDataCount": 2,
    "TotalUserDataSize": 0
  },
  "Curves": [
    {
      "Target": "Parameter",
      "Id": "Paramwuli",
      "FadeInTime": -1.0,
      "FadeOutTime": -1.0,
      "Segments": [
        0,
        0,
        2,
        0.25,
        0,
        1,
        0.5,
        -10,
        0.75,
        -20,
        1,
        -30,
        0,
        1.583,
        30,
        0,
        1.917,
        -30,
        0,
        2.333,
        30,
        0,
        3,
        -30,
        0,
        3.733,
        30,
        0,
        4.417,
        0,
        2,
        4.667,
        0
      ]
    },
    {
      "Target": "Parameter",
      "Id": "Paramwuli2",
      "FadeInTime": -1.0,
      "FadeOutTime": -1.0,
      "Segments": [
        0,
        0,
        2,
        0.25,
        0,
        0,
        1,
        -30,
        0,
        1.583,
        30,
        0,
        1.917,
        -30,
        0,
        2.333,
        30,
        0,
        3,
        -30,
        0,
        3.733,
        30,
        0,
        4.417,
        0,
        2,
        4.667,
        0
      ]
    },
    {
      "Target": "Parameter",
      "Id": "Paramwuli3",
      "FadeInTime": -1.0,
      "FadeOutTime": -1.0,
      "Segments": [
        0,
        0,
        2,
        0.25,
        0,
        0,
        1,
        -30,
        0,
        1.583,
        30,
        0,
        1.917,
        -30,
        0,
        2.333,
        30,
        0,
        3,
        -30,
        0,
        3.733,
        30,
        0,
        4.417,
        0,
        2,
        4.667,
        0
      ]
    },
    {
      "Target": "Parameter",
      "Id": "Param80",
      "FadeInTime": -1.0,
      "FadeOutTime": -1.0,
      "Segments": [
        0,
        0,
        1,
        0.333,
        0,
        0.667,
        0,
        1,
        2,
        1,
        1.333,
        4.129,
        1.667,
        10,
        2,
        10,
        2,
        4.667,
        10
      ]
    },
    {
      "Target": "Parameter",
      "Id": "ParamALLX",
      "FadeInTime": -1.0,
      "FadeOutTime": -1.0,
      "Segments": [
        0,
        0,
        2,
        1,
        0,
        0,
        1.583,
        -0.091,
        0,
        2.083,
        0.3,
        0,
        2.75,
        -0.049,
        0,
        3.583,
        0,
        2,
        4.667,
        0
      ]
    },
    {
      "Target": "Parameter",
      "Id": "ParamALLY",
      "FadeInTime": -1.0,
      "FadeOutTime": -1.0,
      "Segments": [
        0,
        0,
        2,
        1,
        0,
        0,
        1.583,
        0.12,
        0,
        2.083,
        -0.67,
        0,
        2.75,
        0.138,
        0,
        3.583,
        0,
        2,
        4.667,
        0
      ]
    },
    {
      "Target": "Parameter",
      "Id": "ParamALLZ",
      "FadeInTime": -1.0,
      "FadeOutTime": -1.0,
      "Segments": [
        0,
        0,
        2,
        1,
        0,
        0,
        1.583,
        -0.023,
        0,
        2.083,
        0.06,
        0,
        2.75,
        -0.011,
        0,
        3.583,
        0,
        2,
        4.667,
        0
      ]
    },
    {
      "Target": "Parameter",
      "Id": "ParamRenwuX5",
      "FadeInTime": -1.0,
      "FadeOutTime": -1.0,
      "Segments": [
        0,
        0,
        2,
        0.167,
        0,
        2,
        1.25,
        0,
        0,
        1.833,
        -0.54,
        0,
        2.333,
        0.461,
        0,
        3,
        -1.401,
        0,
        3.833,
        0.342,
        0,
        4.667,
        0
      ]
    },
    {
      "Target": "Parameter",
      "Id": "ParamRenwuX6",
      "FadeInTime": -1.0,
      "FadeOutTime": -1.0,
      "Segments": [
        0,
        0,
        0,
        1,
        -0.35,
        0,
        1.583,
        0,
        0,
        2.083,
        -1.38,
        0,
        2.75,
        0.66,
        0,
        3.583,
        -0.52,
        0,
        4.5,
        0,
        2,
        4.667,
        0
      ]
    },
    {
      "Target": "Parameter",
      "Id": "ParamRenwuX7",
      "FadeInTime": -1.0,
      "FadeOutTime": -1.0,
      "Segments": [
        0,
        0,
        0,
        1,
        -0.249,
        0,
        1.583,
        0.339,
        0,
        2.083,
        -0.922,
        0,
        2.75,
        0.652,
        0,
        3.583,
        -0.465,
        0,
        4.5,
        0,
        2,
        4.667,
        0
      ]
    },
    {
      "Target": "Parameter",
      "Id": "ParamRenwuX",
      "FadeInTime": -1.0,
      "FadeOutTime": -1.0,
      "Segments": [
        0,
        0,
        2,
        1.583,
        0,
        0,
        2.083,
        -0.84,
        2,
        4.667,
        -0.84
      ]
    },
    {
      "Target": "Parameter",
      "Id": "ParamRenwuY",
      "FadeInTime": -1.0,
      "FadeOutTime": -1.0,
      "Segments": [
        0,
        0,
        2,
        1.583,
        0,
        0,
        2.083,
        -0.66,
        2,
        4.667,
        -0.66
      ]
    },
    {
      "Target": "Parameter",
      "Id": "ParamRenwuZ",
      "FadeInTime": -1.0,
      "FadeOutTime": -1.0,
      "Segments": [
        0,
        0,
        2,
        1.583,
        0,
        0,
        2.083,
        3.36,
        2,
        4.667,
        3.36
      ]
    },
    {
      "Target": "Parameter",
      "Id": "ParamEyeLOpen",
      "FadeInTime": -1.0,
      "FadeOutTime": -1.0,
      "Segments": [
        0,
        1,
        2,
        1.45,
        1,
        0,
        1.65,
        0,
        2,
        3.217,
        0,
        0,
        3.583,
        1,
        2,
        4.667,
        1
      ]
    },
    {
      "Target": "Parameter",
      "Id": "ParamEyeROpen",
      "FadeInTime": -1.0,
      "FadeOutTime": -1.0,
      "Segments": [
        0,
        1,
        2,
        1.45,
        1,
        0,
        1.65,
        0,
        2,
        3.217,
        0,
        0,
        3.583,
        1,
        2,
        4.667,
        1
      ]
    },
    {
      "Target": "Parameter",
      "Id": "ParamEyeLSmile",
      "FadeInTime": -1.0,
      "FadeOutTime": -1.0,
      "Segments": [
        0,
        0,
        2,
        1.45,
        0,
        0,
        1.65,
        1,
        2,
        3.217,
        1,
        0,
        3.583,
        0,
        2,
        4.667,
        0
      ]
    },
    {
      "Target": "Parameter",
      "Id": "ParamEyeRSmile",
      "FadeInTime": -1.0,
      "FadeOutTime": -1.0,
      "Segments": [
        0,
        0,
        2,
        1.45,
        0,
        0,
        1.65,
        1,
        2,
        3.217,
        1,
        0,
        3.583,
        0,
        2,
        4.667,
        0
      ]
    },
    {
      "Target": "Parameter",
      "Id": "ParamCheek",
      "FadeInTime": -1.0,
      "FadeOutTime": -1.0,
      "Segments": [
        0,
        0,
        0,
        3.85,
        0.5,
        2,
        4.667,
        0.5
      ]
    },
    {
      "Target": "Parameter",
      "Id": "ParamAngleX",
      "FadeInTime": -1.0,
      "FadeOutTime": -1.0,
      "Segments": [
        0,
        0,
        1,
        0.333,
        0,
        0.667,
        0.127,
        1,
        -2.976,
        1,
        1.222,
        -5.045,
        1.445,
        -30,
        1.667,
        -30,
        0,
        2.167,
        5,
        0,
        2.917,
        -26.733,
        0,
        3.75,
        11.282,
        0,
        4.667,
        -0.212
      ]
    },
    {
      "Target": "Parameter",
      "Id": "ParamAngleY",
      "FadeInTime": -1.0,
      "FadeOutTime": -1.0,
      "Segments": [
        0,
        -1.953,
        0,
        0.667,
        0,
        1,
        0.861,
        0,
        1.056,
        0.203,
        1.25,
        -0.606,
        1,
        1.472,
        -1.531,
        1.695,
        -13,
        1.917,
        -13,
        0,
        2.417,
        8,
        0,
        3.233,
        -17.147,
        0,
        4.067,
        3.666,
        0,
        4.667,
        -1.918
      ]
    },
    {
      "Target": "Parameter",
      "Id": "ParamAngleZ",
      "FadeInTime": -1.0,
      "FadeOutTime": -1.0,
      "Segments": [
        0,
        -0.224,
        0,
        0.5,
        0,
        1,
        0.75,
        0,
        1,
        -0.034,
        1.25,
        -0.312,
        1,
        1.472,
        -0.56,
        1.695,
        -0.912,
        1.917,
        -0.912,
        0,
        2.417,
        9,
        0,
        3.167,
        0.892,
        0,
        4,
        4.244,
        0,
        4.667,
        -0.211
      ]
    },
    {
      "Target": "Parameter",
      "Id": "ParamAngleZ2",
      "FadeInTime": -1.0,
      "FadeOutTime": -1.0,
      "Segments": [
        0,
        -0.051,
        0,
        0.25,
        0,
        1,
        0.556,
        0,
        0.861,
        0.041,
        1.167,
        -0.474,
        1,
        1.389,
        -0.849,
        1.611,
        -4.704,
        1.833,
        -4.704,
        0,
        2.333,
        8,
        0,
        3.083,
        -0.108,
        0,
        3.917,
        4.525,
        0,
        4.667,
        0.07
      ]
    },
    {
      "Target": "Parameter",
      "Id": "ParamBodyAngleX",
      "FadeInTime": -1.0,
      "FadeOutTime": -1.0,
      "Segments": [
        0,
        0,
        1,
        0.333,
        0,
        0.667,
        -0.003,
        1,
        -1.787,
        1,
        1.222,
        -2.976,
        1.445,
        -9,
        1.667,
        -9,
        0,
        2.167,
        0,
        0,
        2.917,
        -6.996,
        0,
        3.75,
        -5.696,
        0,
        4.667,
        -10
      ]
    },
    {
      "Target": "Parameter",
      "Id": "ParamBodyAngleZ",
      "FadeInTime": -1.0,
      "FadeOutTime": -1.0,
      "Segments": [
        0,
        -0.03,
        0,
        0.25,
        0,
        1,
        0.528,
        0,
        0.805,
        -0.701,
        1.083,
        -1.882,
        1,
        1.305,
        -2.827,
        1.528,
        -3.17,
        1.75,
        -4.522,
        1,
        1.917,
        -5.536,
        2.083,
        -10,
        2.25,
        -10,
        0,
        3,
        -4.873,
        0,
        3.833,
        -8.361,
        0,
        4.667,
        -6.016
      ]
    },
    {
      "Target": "Parameter",
      "Id": "ParamBodyAngleZ2",
      "FadeInTime": -1.0,
      "FadeOutTime": -1.0,
      "Segments": [
        0,
        0,
        0,
        1,
        1.294,
        0,
        1.667,
        -0.166,
        0,
        2.167,
        8.062,
        0,
        2.917,
        2.932,
        0,
        3.75,
        5.546,
        0,
        4.667,
        4.255
      ]
    },
    {
      "Target": "Parameter",
      "Id": "ParamBodyAngleUD",
      "FadeInTime": -1.0,
      "FadeOutTime": -1.0,
      "Segments": [
        0,
        0,
        1,
        0.361,
        0,
        0.722,
        0.007,
        1.083,
        -0.1,
        1,
        1.305,
        -0.166,
        1.528,
        -7.412,
        1.75,
        -7.412,
        0,
        2.25,
        7.958,
        0,
        3,
        -6.32,
        0,
        3.833,
        4.994,
        0,
        4.667,
        0
      ]
    },
    {
      "Target": "Parameter",
      "Id": "ParamJianbangL",
      "FadeInTime": -1.0,
      "FadeOutTime": -1.0,
      "Segments": [
        0,
        1.04,
        0,
        0.333,
        0,
        0,
        1.183,
        17.477,
        0,
        1.85,
        -11,
        0,
        2.35,
        14.356,
        0,
        3.1,
        -18.57,
        0,
        3.933,
        8.193,
        0,
        4.667,
        0.962
      ]
    },
    {
      "Target": "Parameter",
      "Id": "ParamBodyAngleZ3",
      "FadeInTime": -1.0,
      "FadeOutTime": -1.0,
      "Segments": [
        0,
        -0.1,
        2,
        1,
        -0.1,
        0,
        1.667,
        2.939,
        0,
        2.167,
        -2.497,
        1,
        2.417,
        -2.497,
        2.667,
        -0.21,
        2.917,
        -0.1,
        1,
        3.195,
        0.023,
        3.472,
        0,
        3.75,
        0,
        2,
        4.667,
        0
      ]
    },
    {
      "Target": "Parameter",
      "Id": "Param33",
      "FadeInTime": -1.0,
      "FadeOutTime": -1.0,
      "Segments": [
        0,
        0.9,
        2,
        1,
        0.9,
        0,
        1.667,
        2.653,
        0,
        2.167,
        0.052,
        0,
        2.917,
        1.951,
        0,
        3.75,
        0.104,
        0,
        4.667,
        0.683
      ]
    },
    {
      "Target": "Parameter",
      "Id": "ParamBodyAngleX2",
      "FadeInTime": -1.0,
      "FadeOutTime": -1.0,
      "Segments": [
        0,
        -0.1,
        2,
        1,
        -0.1,
        2,
        1.667,
        -0.1,
        2,
        2.917,
        -0.1,
        0,
        3.75,
        0,
        2,
        4.667,
        0
      ]
    },
    {
      "Target": "Parameter",
      "Id": "ParamBodyAngleY",
      "FadeInTime": -1.0,
      "FadeOutTime": -1.0,
      "Segments": [
        0,
        -0.1,
        2,
        1,
        -0.1,
        2,
        1.667,
        -0.1,
        2,
        2.917,
        -0.1,
        0,
        3.75,
        0,
        2,
        4.667,
        0
      ]
    },
    {
      "Target": "Parameter",
      "Id": "Param42",
      "FadeInTime": -1.0,
      "FadeOutTime": -1.0,
      "Segments": [
        0,
        -0.504,
        0,
        0.167,
        -0.5,
        0,
        1.5,
        -0.704,
        0,
        2,
        -0.153,
        0,
        2.75,
        -1.315,
        0,
        3.583,
        -0.453,
        0,
        4.5,
        -0.506,
        2,
        4.667,
        -0.506
      ]
    },
    {
      "Target": "Parameter",
      "Id": "Param43",
      "FadeInTime": -1.0,
      "FadeOutTime": -1.0,
      "Segments": [
        0,
        -0.083,
        0,
        0.667,
        0,
        0,
        1.667,
        -0.12,
        0,
        2.167,
        0.563,
        0,
        2.917,
        -0.083,
        0,
        3.75,
        0.079,
        0,
        4.5,
        -0.083,
        2,
        4.667,
        -0.083
      ]
    },
    {
      "Target": "Parameter",
      "Id": "Param44",
      "FadeInTime": -1.0,
      "FadeOutTime": -1.0,
      "Segments": [
        0,
        -5.379,
        0,
        1.167,
        -1.786,
        0,
        1.833,
        -2.145,
        0,
        2.333,
        1.867,
        0,
        3.083,
        -5.379,
        0,
        3.917,
        -2.827,
        0,
        4.5,
        -5.379,
        2,
        4.667,
        -5.379
      ]
    },
    {
      "Target": "Parameter",
      "Id": "ParamA1zuoshoudonghua",
      "FadeInTime": -1.0,
      "FadeOutTime": -1.0,
      "Segments": [
        0,
        -6.88,
        0,
        1.167,
        -10,
        1,
        1.334,
        -10,
        1.5,
        -10,
        1.667,
        -9.629,
        1,
        1.834,
        -9.147,
        2,
        10,
        2.167,
        10,
        0,
        2.917,
        -6.88,
        0,
        3.75,
        0,
        0,
        4.5,
        -6.88,
        2,
        4.667,
        -6.88
      ]
    },
    {
      "Target": "Parameter",
      "Id": "ParamA1zuoshouxingbian",
      "FadeInTime": -1.0,
      "FadeOutTime": -1.0,
      "Segments": [
        0,
        -1.88,
        0,
        1.167,
        -5,
        1,
        1.334,
        -5,
        1.5,
        -5.109,
        1.667,
        -4.629,
        1,
        1.834,
        -4.149,
        2,
        10,
        2.167,
        10,
        0,
        2.917,
        -1.88,
        0,
        3.75,
        0,
        0,
        4.5,
        -1.88,
        2,
        4.667,
        -1.88
      ]
    },
    {
      "Target": "Parameter",
      "Id": "ParamDaTuiL",
      "FadeInTime": -1.0,
      "FadeOutTime": -1.0,
      "Segments": [
        0,
        -1.034,
        2,
        0.117,
        -1.034,
        0,
        0.45,
        -1,
        1,
        0.672,
        -1,
        0.895,
        -0.998,
        1.117,
        -1.122,
        1,
        1.278,
        -1.212,
        1.439,
        -1.599,
        1.6,
        -1.599,
        0,
        2.117,
        0.259,
        0,
        2.867,
        -0.956,
        0,
        3.7,
        -0.267,
        0,
        4.617,
        -0.956,
        2,
        4.667,
        -0.956
      ]
    },
    {
      "Target": "Parameter",
      "Id": "ParamXiaoTuiL",
      "FadeInTime": -1.0,
      "FadeOutTime": -1.0,
      "Segments": [
        0,
        -0.105,
        2,
        0.117,
        -0.105,
        0,
        0.7,
        0,
        0,
        1.233,
        -0.057,
        0,
        1.717,
        0.387,
        0,
        2.233,
        -4.018,
        0,
        2.983,
        -2.06,
        0,
        3.817,
        -2.967,
        0,
        4.617,
        -2.06,
        2,
        4.667,
        -2.06
      ]
    },
    {
      "Target": "Parameter",
      "Id": "ParamJiaoL",
      "FadeInTime": -1.0,
      "FadeOutTime": -1.0,
      "Segments": [
        0,
        -0.724,
        2,
        0.117,
        -0.724,
        0,
        0.95,
        0,
        0,
        1.367,
        -0.038,
        0,
        1.85,
        1.146,
        0,
        2.367,
        -0.888,
        0,
        3.117,
        1.038,
        0,
        3.95,
        -0.974,
        0,
        4.617,
        0.168,
        2,
        4.667,
        0.168
      ]
    },
    {
      "Target": "Parameter",
      "Id": "Param22",
      "FadeInTime": -1.0,
      "FadeOutTime": -1.0,
      "Segments": [
        0,
        0.147,
        2,
        0.117,
        0.147,
        0,
        0.45,
        0,
        1,
        0.7,
        0,
        0.95,
        -0.004,
        1.2,
        0.519,
        1,
        1.361,
        0.856,
        1.522,
        3,
        1.683,
        3,
        0,
        2.2,
        0,
        0,
        2.867,
        0.147,
        2,
        3.7,
        0.147,
        2,
        4.617,
        0.147,
        2,
        4.667,
        0.147
      ]
    },
    {
      "Target": "Parameter",
      "Id": "ParamDaTuiR",
      "FadeInTime": -1.0,
      "FadeOutTime": -1.0,
      "Segments": [
        0,
        2.939,
        0,
        0.583,
        3,
        0,
        1,
        2.966,
        0,
        1.5,
        3.868,
        0,
        2,
        2.02,
        0,
        2.75,
        2.939,
        0,
        3.583,
        2.622,
        0,
        4.5,
        2.939,
        2,
        4.667,
        2.939
      ]
    },
    {
      "Target": "Parameter",
      "Id": "ParamXiaoTuiR",
      "FadeInTime": -1.0,
      "FadeOutTime": -1.0,
      "Segments": [
        0,
        -0.309,
        0,
        0.833,
        0,
        1,
        0.928,
        0,
        1.022,
        0.013,
        1.117,
        -0.016,
        1,
        1.284,
        -0.067,
        1.45,
        -3.232,
        1.617,
        -3.232,
        0,
        2.117,
        3.248,
        0,
        2.867,
        0.649,
        0,
        3.7,
        1.357,
        0,
        4.5,
        0.649,
        2,
        4.667,
        0.649
      ]
    },
    {
      "Target": "Parameter",
      "Id": "ParamJiaoR",
      "FadeInTime": -1.0,
      "FadeOutTime": -1.0,
      "Segments": [
        0,
        -0.184,
        1,
        0.417,
        -0.184,
        0.833,
        -0.003,
        1.25,
        0.744,
        1,
        1.344,
        0.913,
        1.439,
        3.808,
        1.533,
        3.808,
        0,
        1.8,
        -0.805,
        0,
        2.25,
        6.381,
        0,
        3,
        -0.814,
        0,
        3.833,
        1.768,
        0,
        4.5,
        -0.184,
        2,
        4.667,
        -0.184
      ]
    },
    {
      "Target": "Parameter",
      "Id": "Param5",
      "FadeInTime": -1.0,
      "FadeOutTime": -1.0,
      "Segments": [
        0,
        0,
        2,
        1.567,
        0,
        0,
        2.083,
        -1,
        2,
        4.667,
        -1
      ]
    },
    {
      "Target": "Parameter",
      "Id": "Param77",
      "FadeInTime": -1.0,
      "FadeOutTime": -1.0,
      "Segments": [
        0,
        10,
        2,
        1.567,
        10,
        0,
        2.083,
        0,
        2,
        4.667,
        0
      ]
    },
    {
      "Target": "Parameter",
      "Id": "Param76",
      "FadeInTime": -1.0,
      "FadeOutTime": -1.0,
      "Segments": [
        0,
        0,
        2,
        1.567,
        0,
        0,
        1.883,
        -10,
        2,
        2.083,
        -10,
        2,
        4.667,
        -10
      ]
    },
    {
      "Target": "Parameter",
      "Id": "Param74",
      "FadeInTime": -1.0,
      "FadeOutTime": -1.0,
      "Segments": [
        0,
        0,
        2,
        1.567,
        0,
        0,
        1.883,
        -10,
        0,
        2.083,
        0,
        2,
        4.667,
        0
      ]
    },
    {
      "Target": "Parameter",
      "Id": "Param73",
      "FadeInTime": -1.0,
      "FadeOutTime": -1.0,
      "Segments": [
        0,
        0,
        2,
        1.567,
        0,
        0,
        1.883,
        10,
        2,
        2.083,
        10,
        2,
        4.667,
        10
      ]
    },
    {
      "Target": "Parameter",
      "Id": "ParamOPRX1",
      "FadeInTime": -1.0,
      "FadeOutTime": -1.0,
      "Segments": [
        0,
        -0.124,
        0,
        0.15,
        0.293,
        0,
        0.267,
        0.135,
        0,
        0.517,
        3.732,
        0,
        1.217,
        -8.575,
        0,
        1.733,
        19.113,
        0,
        2.033,
        -28.917,
        0,
        2.383,
        20.153,
        0,
        2.667,
        -0.853,
        0,
        2.833,
        1.754,
        0,
        3.133,
        -8.587,
        0,
        3.85,
        5.622,
        0,
        4.467,
        -2.296,
        1,
        4.534,
        -2.296,
        4.6,
        -0.777,
        4.667,
        0.116
      ]
    },
    {
      "Target": "Parameter",
      "Id": "ParamOPRY1",
      "FadeInTime": -1.0,
      "FadeOutTime": -1.0,
      "Segments": [
        0,
        -0.124,
        0,
        0.517,
        3.732,
        0,
        1.217,
        -8.575,
        0,
        1.733,
        19.113,
        0,
        2.033,
        -28.917,
        0,
        2.383,
        20.153,
        0,
        3.133,
        -8.587,
        0,
        3.85,
        5.622,
        0,
        4.467,
        -2.296,
        0,
        4.667,
        0
      ]
    },
    {
      "Target": "Parameter",
      "Id": "ParamOPRY2",
      "FadeInTime": -1.0,
      "FadeOutTime": -1.0,
      "Segments": [
        0,
        -0.197,
        0,
        0.1,
        -0.889,
        0,
        0.283,
        0.141,
        0,
        0.417,
        -1.065,
        0,
        0.717,
        4.727,
        0,
        1,
        0.599,
        0,
        1.133,
        2.881,
        0,
        1.417,
        -11.324,
        0,
        1.617,
        -3.292,
        0,
        1.667,
        -3.692,
        0,
        1.917,
        29.387,
        0,
        2.167,
        -30,
        2,
        2.25,
        -30,
        0,
        2.533,
        23.544,
        0,
        2.817,
        -4.602,
        0,
        3.033,
        8.182,
        0,
        3.333,
        -10.219,
        0,
        3.6,
        -1.842,
        0,
        3.75,
        -3.395,
        0,
        4.05,
        5.959,
        0,
        4.317,
        1.376,
        0,
        4.433,
        2.054,
        0,
        4.65,
        -2.394,
        1,
        4.656,
        -2.394,
        4.661,
        -2.379,
        4.667,
        -2.35
      ]
    },
    {
      "Target": "Parameter",
      "Id": "ParamOPLX1",
      "FadeInTime": -1.0,
      "FadeOutTime": -1.0,
      "Segments": [
        0,
        1.877,
        0,
        0.217,
        -1.156,
        0,
        0.383,
        -0.608,
        0,
        0.567,
        -2.081,
        0,
        0.833,
        2.431,
        0,
        1.05,
        -0.213,
        0,
        1.267,
        4.747,
        0,
        1.567,
        -7.848,
        0,
        2,
        22.91,
        0,
        2.3,
        -30,
        0,
        2.633,
        20.576,
        0,
        2.917,
        -12.162,
        0,
        3.183,
        11.174,
        0,
        3.45,
        -7.535,
        0,
        3.7,
        2.695,
        0,
        3.917,
        -3.745,
        0,
        4.183,
        3.222,
        0,
        4.417,
        -1.04,
        0,
        4.583,
        0.861,
        1,
        4.611,
        0.861,
        4.639,
        0.469,
        4.667,
        -0.014
      ]
    },
    {
      "Target": "Parameter",
      "Id": "ParamTuiRou1",
      "FadeInTime": -1.0,
      "FadeOutTime": -1.0,
      "Segments": [
        0,
        -0.124,
        0,
        0.15,
        0.293,
        0,
        0.267,
        0.135,
        0,
        0.517,
        3.732,
        0,
        1.217,
        -8.575,
        0,
        1.733,
        19.113,
        0,
        2.033,
        -28.917,
        0,
        2.383,
        20.153,
        0,
        2.667,
        -0.853,
        0,
        2.833,
        1.754,
        0,
        3.133,
        -8.587,
        0,
        3.85,
        5.622,
        0,
        4.467,
        -2.296,
        1,
        4.534,
        -2.296,
        4.6,
        -0.777,
        4.667,
        0.116
      ]
    },
    {
      "Target": "Parameter",
      "Id": "ParamTuiRou2",
      "FadeInTime": -1.0,
      "FadeOutTime": -1.0,
      "Segments": [
        0,
        -0.197,
        0,
        0.1,
        -0.889,
        0,
        0.283,
        0.141,
        0,
        0.417,
        -1.065,
        0,
        0.717,
        4.727,
        0,
        1,
        0.599,
        0,
        1.133,
        2.881,
        0,
        1.417,
        -11.324,
        0,
        1.617,
        -3.292,
        0,
        1.667,
        -3.692,
        0,
        1.917,
        29.387,
        0,
        2.167,
        -30,
        2,
        2.25,
        -30,
        0,
        2.533,
        23.544,
        0,
        2.817,
        -4.602,
        0,
        3.033,
        8.182,
        0,
        3.333,
        -10.219,
        0,
        3.6,
        -1.842,
        0,
        3.75,
        -3.395,
        0,
        4.05,
        5.959,
        0,
        4.317,
        1.376,
        0,
        4.433,
        2.054,
        0,
        4.65,
        -2.394,
        1,
        4.656,
        -2.394,
        4.661,
        -2.379,
        4.667,
        -2.35
      ]
    },
    {
      "Target": "Parameter",
      "Id": "ParamTuiRou3",
      "FadeInTime": -1.0,
      "FadeOutTime": -1.0,
      "Segments": [
        0,
        1.877,
        0,
        0.217,
        -1.156,
        0,
        0.383,
        -0.608,
        0,
        0.567,
        -2.081,
        0,
        0.833,
        2.431,
        0,
        1.05,
        -0.213,
        0,
        1.267,
        4.747,
        0,
        1.567,
        -7.848,
        0,
        2,
        22.91,
        0,
        2.3,
        -30,
        0,
        2.633,
        20.576,
        0,
        2.917,
        -12.162,
        0,
        3.183,
        11.174,
        0,
        3.45,
        -7.535,
        0,
        3.7,
        2.695,
        0,
        3.917,
        -3.745,
        0,
        4.183,
        3.222,
        0,
        4.417,
        -1.04,
        0,
        4.583,
        0.861,
        1,
        4.611,
        0.861,
        4.639,
        0.469,
        4.667,
        -0.014
      ]
    },
    {
      "Target": "Parameter",
      "Id": "Param29",
      "FadeInTime": -1.0,
      "FadeOutTime": -1.0,
      "Segments": [
        0,
        0,
        2,
        0.25,
        0,
        0,
        0.483,
        1.305,
        0,
        1.217,
        -3.374,
        0,
        1.75,
        6.927,
        0,
        2.05,
        -9.403,
        0,
        2.383,
        6.376,
        0,
        2.683,
        -0.5,
        0,
        2.85,
        0.632,
        0,
        3.15,
        -2.848,
        0,
        3.833,
        1.724,
        0,
        4.467,
        -0.788,
        1,
        4.534,
        -0.788,
        4.6,
        -0.13,
        4.667,
        0.198
      ]
    },
    {
      "Target": "Parameter",
      "Id": "Param30",
      "FadeInTime": -1.0,
      "FadeOutTime": -1.0,
      "Segments": [
        0,
        0,
        2,
        0.25,
        0,
        0,
        0.4,
        -0.702,
        0,
        0.683,
        1.7,
        0,
        0.983,
        0.099,
        0,
        1.133,
        1.103,
        0,
        1.417,
        -4.398,
        0,
        1.617,
        -1.303,
        0,
        1.65,
        -1.323,
        0,
        1.917,
        10,
        2,
        1.933,
        10,
        0,
        2.183,
        -10,
        2,
        2.25,
        -10,
        0,
        2.55,
        7.696,
        0,
        2.833,
        -1.894,
        0,
        3.05,
        2.794,
        0,
        3.35,
        -3.507,
        0,
        3.617,
        -0.468,
        0,
        3.767,
        -0.96,
        0,
        4.033,
        1.818,
        0,
        4.317,
        0.294,
        0,
        4.433,
        0.552,
        0,
        4.65,
        -0.918,
        1,
        4.656,
        -0.918,
        4.661,
        -0.911,
        4.667,
        -0.899
      ]
    },
    {
      "Target": "Parameter",
      "Id": "ParamQianFa1_1",
      "FadeInTime": -1.0,
      "FadeOutTime": -1.0,
      "Segments": [
        0,
        0,
        0,
        0.067,
        -0.001,
        2,
        0.083,
        -0.001,
        0,
        0.383,
        3.662,
        0,
        0.633,
        -1.524,
        0,
        0.9,
        1.777,
        0,
        1.183,
        -10.487,
        0,
        1.533,
        7.78,
        0,
        1.583,
        7.549,
        0,
        1.733,
        15.459,
        0,
        2,
        -30,
        2,
        2.033,
        -30,
        0,
        2.35,
        25.228,
        0,
        2.633,
        -7.091,
        0,
        2.85,
        2.587,
        0,
        3.117,
        -12.236,
        0,
        3.433,
        2.59,
        0,
        3.583,
        1.029,
        0,
        3.833,
        7.176,
        0,
        4.133,
        -1.638,
        0,
        4.317,
        -0.21,
        0,
        4.483,
        -2.25,
        1,
        4.544,
        -2.25,
        4.606,
        -0.89,
        4.667,
        0.07
      ]
    },
    {
      "Target": "Parameter",
      "Id": "ParamQianFa1_2",
      "FadeInTime": -1.0,
      "FadeOutTime": -1.0,
      "Segments": [
        0,
        0,
        0,
        0.067,
        0.001,
        2,
        0.083,
        0.001,
        0,
        0.333,
        -2.32,
        0,
        0.567,
        6.108,
        0,
        0.817,
        -1.795,
        0,
        1.1,
        8.913,
        0,
        1.383,
        -16.869,
        0,
        1.617,
        2.035,
        0,
        1.683,
        0.511,
        0,
        1.917,
        27.933,
        0,
        2.133,
        -30,
        2,
        2.233,
        -30,
        0,
        2.517,
        27.294,
        0,
        2.783,
        -7.093,
        0,
        3.017,
        14.021,
        0,
        3.317,
        -17.628,
        0,
        3.583,
        -0.712,
        0,
        3.767,
        -6.625,
        0,
        4.033,
        9.559,
        0,
        4.3,
        -0.595,
        0,
        4.467,
        2.803,
        1,
        4.534,
        2.803,
        4.6,
        -0.984,
        4.667,
        -2.066
      ]
    },
    {
      "Target": "Parameter",
      "Id": "ParamQianFa1_3",
      "FadeInTime": -1.0,
      "FadeOutTime": -1.0,
      "Segments": [
        0,
        0,
        2,
        0.267,
        0,
        0,
        0.433,
        -2.958,
        0,
        0.683,
        4.472,
        0,
        0.95,
        -4.314,
        0,
        1.217,
        9.886,
        0,
        1.5,
        -14.088,
        0,
        1.733,
        2.266,
        0,
        1.817,
        0.616,
        0,
        1.983,
        20.209,
        0,
        2.25,
        -30,
        2,
        2.283,
        -30,
        0,
        2.6,
        25.211,
        0,
        2.883,
        -17.162,
        0,
        3.15,
        17.349,
        0,
        3.417,
        -15.214,
        0,
        3.683,
        7.659,
        0,
        3.917,
        -7.165,
        0,
        4.167,
        7.503,
        0,
        4.4,
        -4.378,
        0,
        4.617,
        2.406,
        1,
        4.634,
        2.406,
        4.65,
        2.189,
        4.667,
        1.847
      ]
    },
    {
      "Target": "Parameter",
      "Id": "ParamQianFa1_4",
      "FadeInTime": -1.0,
      "FadeOutTime": -1.0,
      "Segments": [
        0,
        0,
        2,
        0.35,
        0,
        0,
        0.533,
        -2.855,
        0,
        0.783,
        5.392,
        0,
        1.05,
        -5.994,
        0,
        1.317,
        11.85,
        0,
        1.583,
        -18.092,
        0,
        1.85,
        6.879,
        0,
        1.9,
        6.549,
        0,
        2.05,
        17.332,
        0,
        2.283,
        -30,
        2,
        2.367,
        -30,
        0,
        2.633,
        30,
        2,
        2.7,
        30,
        0,
        2.983,
        -24.377,
        0,
        3.25,
        23.393,
        0,
        3.517,
        -22.042,
        0,
        3.783,
        13.014,
        0,
        4.033,
        -10.217,
        0,
        4.283,
        10.327,
        0,
        4.533,
        -6.923,
        1,
        4.578,
        -6.923,
        4.622,
        -3.464,
        4.667,
        -0.499
      ]
    },
    {
      "Target": "Parameter",
      "Id": "ParamQianFa2_1",
      "FadeInTime": -1.0,
      "FadeOutTime": -1.0,
      "Segments": [
        0,
        0,
        0,
        0.067,
        -0.001,
        2,
        0.083,
        -0.001,
        0,
        0.383,
        4.258,
        0,
        0.667,
        -1.776,
        0,
        0.967,
        2.123,
        0,
        1.217,
        -11.896,
        0,
        1.717,
        18.024,
        0,
        1.983,
        -30,
        2,
        2.083,
        -30,
        0,
        2.367,
        30,
        2,
        2.4,
        30,
        0,
        2.7,
        -10.505,
        0,
        2.917,
        0.685,
        0,
        3.183,
        -12.344,
        0,
        3.55,
        4.976,
        0,
        3.667,
        4.47,
        0,
        3.817,
        6.036,
        0,
        4.467,
        -2.785,
        1,
        4.534,
        -2.785,
        4.6,
        -0.983,
        4.667,
        0.218
      ]
    },
    {
      "Target": "Parameter",
      "Id": "ParamQianFa2_2",
      "FadeInTime": -1.0,
      "FadeOutTime": -1.0,
      "Segments": [
        0,
        0,
        0,
        0.067,
        0.001,
        2,
        0.083,
        0.001,
        0,
        0.333,
        -2.931,
        0,
        0.583,
        6.386,
        0,
        0.867,
        -1.926,
        0,
        1.133,
        9.827,
        0,
        1.417,
        -17.796,
        0,
        1.917,
        29.283,
        0,
        2.167,
        -30,
        2,
        2.267,
        -30,
        0,
        2.55,
        27.955,
        0,
        2.867,
        -7.052,
        0,
        3.083,
        11.256,
        0,
        3.4,
        -17.347,
        0,
        3.7,
        -0.862,
        0,
        3.783,
        -1.698,
        0,
        4.083,
        6.321,
        0,
        4.367,
        1.886,
        0,
        4.433,
        2.16,
        0,
        4.667,
        -2.439
      ]
    },
    {
      "Target": "Parameter",
      "Id": "ParamQianFa2_3",
      "FadeInTime": -1.0,
      "FadeOutTime": -1.0,
      "Segments": [
        0,
        0,
        2,
        0.283,
        0,
        0,
        0.45,
        -3.172,
        0,
        0.717,
        4.605,
        0,
        0.983,
        -4.397,
        0,
        1.25,
        10.147,
        0,
        1.533,
        -14.639,
        0,
        1.983,
        20.77,
        0,
        2.267,
        -30,
        2,
        2.283,
        -30,
        0,
        2.617,
        24.257,
        0,
        2.933,
        -15.439,
        0,
        3.217,
        15.157,
        0,
        3.5,
        -13.835,
        0,
        3.767,
        5.433,
        0,
        4,
        -2.151,
        0,
        4.233,
        2.858,
        0,
        4.467,
        -0.575,
        0,
        4.6,
        0.038,
        1,
        4.622,
        0.038,
        4.645,
        -0.19,
        4.667,
        -0.481
      ]
    },
    {
      "Target": "Parameter",
      "Id": "ParamQianFa2_4",
      "FadeInTime": -1.0,
      "FadeOutTime": -1.0,
      "Segments": [
        0,
        0,
        2,
        0.367,
        0,
        0,
        0.55,
        -3.052,
        0,
        0.817,
        5.634,
        0,
        1.083,
        -6.027,
        0,
        1.35,
        11.952,
        0,
        1.617,
        -18.605,
        0,
        2.017,
        19.418,
        0,
        2.3,
        -30,
        2,
        2.367,
        -30,
        0,
        2.683,
        30,
        0,
        3.033,
        -21.925,
        0,
        3.3,
        21.024,
        0,
        3.6,
        -20.392,
        0,
        3.883,
        10.656,
        0,
        4.133,
        -4.486,
        0,
        4.367,
        3.856,
        0,
        4.633,
        -1.432,
        1,
        4.644,
        -1.432,
        4.656,
        -1.411,
        4.667,
        -1.381
      ]
    },
    {
      "Target": "Parameter",
      "Id": "ParamQianFa3_1",
      "FadeInTime": -1.0,
      "FadeOutTime": -1.0,
      "Segments": [
        0,
        0,
        0,
        0.067,
        -0.001,
        2,
        0.083,
        -0.001,
        0,
        0.383,
        4.258,
        0,
        0.667,
        -1.776,
        0,
        0.967,
        2.123,
        0,
        1.217,
        -11.896,
        0,
        1.717,
        18.024,
        0,
        1.983,
        -30,
        2,
        2.083,
        -30,
        0,
        2.367,
        30,
        2,
        2.4,
        30,
        0,
        2.7,
        -10.505,
        0,
        2.917,
        0.685,
        0,
        3.183,
        -12.344,
        0,
        3.55,
        4.976,
        0,
        3.667,
        4.47,
        0,
        3.817,
        6.036,
        0,
        4.467,
        -2.785,
        1,
        4.534,
        -2.785,
        4.6,
        -0.983,
        4.667,
        0.218
      ]
    },
    {
      "Target": "Parameter",
      "Id": "ParamQianFa3_2",
      "FadeInTime": -1.0,
      "FadeOutTime": -1.0,
      "Segments": [
        0,
        0,
        0,
        0.067,
        0.001,
        2,
        0.083,
        0.001,
        0,
        0.333,
        -2.931,
        0,
        0.583,
        6.386,
        0,
        0.867,
        -1.926,
        0,
        1.133,
        9.827,
        0,
        1.417,
        -17.796,
        0,
        1.917,
        29.283,
        0,
        2.167,
        -30,
        2,
        2.267,
        -30,
        0,
        2.55,
        27.955,
        0,
        2.867,
        -7.052,
        0,
        3.083,
        11.256,
        0,
        3.4,
        -17.347,
        0,
        3.7,
        -0.862,
        0,
        3.783,
        -1.698,
        0,
        4.083,
        6.321,
        0,
        4.367,
        1.886,
        0,
        4.433,
        2.16,
        0,
        4.667,
        -2.439
      ]
    },
    {
      "Target": "Parameter",
      "Id": "ParamQianFa3_3",
      "FadeInTime": -1.0,
      "FadeOutTime": -1.0,
      "Segments": [
        0,
        0,
        2,
        0.283,
        0,
        0,
        0.45,
        -3.172,
        0,
        0.717,
        4.605,
        0,
        0.983,
        -4.397,
        0,
        1.25,
        10.147,
        0,
        1.533,
        -14.639,
        0,
        1.983,
        20.77,
        0,
        2.267,
        -30,
        2,
        2.283,
        -30,
        0,
        2.617,
        24.257,
        0,
        2.933,
        -15.439,
        0,
        3.217,
        15.157,
        0,
        3.5,
        -13.835,
        0,
        3.767,
        5.433,
        0,
        4,
        -2.151,
        0,
        4.233,
        2.858,
        0,
        4.467,
        -0.575,
        0,
        4.6,
        0.038,
        1,
        4.622,
        0.038,
        4.645,
        -0.19,
        4.667,
        -0.481
      ]
    },
    {
      "Target": "Parameter",
      "Id": "ParamQianFa3_4",
      "FadeInTime": -1.0,
      "FadeOutTime": -1.0,
      "Segments": [
        0,
        0,
        2,
        0.367,
        0,
        0,
        0.55,
        -3.052,
        0,
        0.817,
        5.634,
        0,
        1.083,
        -6.027,
        0,
        1.35,
        11.952,
        0,
        1.617,
        -18.605,
        0,
        2.017,
        19.418,
        0,
        2.3,
        -30,
        2,
        2.367,
        -30,
        0,
        2.683,
        30,
        0,
        3.033,
        -21.925,
        0,
        3.3,
        21.024,
        0,
        3.6,
        -20.392,
        0,
        3.883,
        10.656,
        0,
        4.133,
        -4.486,
        0,
        4.367,
        3.856,
        0,
        4.633,
        -1.432,
        1,
        4.644,
        -1.432,
        4.656,
        -1.411,
        4.667,
        -1.381
      ]
    },
    {
      "Target": "Parameter",
      "Id": "Param19",
      "FadeInTime": -1.0,
      "FadeOutTime": -1.0,
      "Segments": [
        0,
        0,
        1,
        1.556,
        7.986,
        3.111,
        15.971,
        4.667,
        23.957
      ]
    },
    {
      "Target": "Parameter",
      "Id": "Param16",
      "FadeInTime": -1.0,
      "FadeOutTime": -1.0,
      "Segments": [
        0,
        0,
        0,
        2.567,
        9,
        1,
        3.267,
        9,
        3.967,
        3.129,
        4.667,
        0.871
      ]
    },
    {
      "Target": "Parameter",
      "Id": "Param14",
      "FadeInTime": -1.0,
      "FadeOutTime": -1.0,
      "Segments": [
        0,
        0,
        1,
        1.556,
        0.998,
        3.111,
        1.997,
        4.667,
        2.995
      ]
    },
    {
      "Target": "Parameter",
      "Id": "Param15",
      "FadeInTime": -1.0,
      "FadeOutTime": -1.0,
      "Segments": [
        0,
        0,
        2,
        1.233,
        0,
        0,
        1.3,
        10,
        0,
        1.383,
        8.228,
        0,
        1.45,
        10,
        0,
        1.55,
        7.31,
        1,
        1.578,
        7.31,
        1.605,
        9.944,
        1.633,
        9.948,
        1,
        1.916,
        9.986,
        2.2,
        10,
        2.483,
        10,
        0,
        2.567,
        6.706,
        0,
        2.633,
        10,
        0,
        2.717,
        8.215,
        0,
        2.8,
        9.995,
        1,
        3.161,
        9.999,
        3.522,
        10,
        3.883,
        10,
        0,
        3.967,
        6.706,
        0,
        4.033,
        10,
        0,
        4.117,
        8.215,
        0,
        4.2,
        9.995,
        1,
        4.356,
        9.997,
        4.511,
        9.998,
        4.667,
        9.999
      ]
    },
    {
      "Target": "Parameter",
      "Id": "Param18",
      "FadeInTime": -1.0,
      "FadeOutTime": -1.0,
      "Segments": [
        0,
        5,
        1,
        1.556,
        5.998,
        3.111,
        6.997,
        4.667,
        7.995
      ]
    },
    {
      "Target": "Parameter",
      "Id": "Param17",
      "FadeInTime": -1.0,
      "FadeOutTime": -1.0,
      "Segments": [
        0,
        0,
        2,
        0.85,
        0,
        0,
        0.917,
        10,
        0,
        1,
        8.228,
        0,
        1.067,
        10,
        0,
        1.167,
        7.31,
        1,
        1.195,
        7.31,
        1.222,
        9.943,
        1.25,
        9.948,
        1,
        1.472,
        9.987,
        1.695,
        10,
        1.917,
        10,
        0,
        2,
        6.706,
        0,
        2.067,
        10,
        0,
        2.15,
        8.215,
        0,
        2.233,
        9.995,
        1,
        2.516,
        9.999,
        2.8,
        10,
        3.083,
        10,
        0,
        3.167,
        6.706,
        0,
        3.233,
        10,
        0,
        3.317,
        8.215,
        0,
        3.4,
        9.995,
        1,
        3.717,
        9.999,
        4.033,
        10,
        4.35,
        10,
        0,
        4.433,
        6.706,
        0,
        4.5,
        10,
        0,
        4.583,
        8.215,
        0,
        4.667,
        9.995
      ]
    },
    {
      "Target": "Parameter",
      "Id": "Param6",
      "FadeInTime": -1.0,
      "FadeOutTime": -1.0,
      "Segments": [
        0,
        2.91,
        0,
        2.583,
        -2.913,
        1,
        3.278,
        -2.913,
        3.972,
        0.828,
        4.667,
        2.314
      ]
    },
    {
      "Target": "Parameter",
      "Id": "Param7",
      "FadeInTime": -1.0,
      "FadeOutTime": -1.0,
      "Segments": [
        0,
        2,
        0,
        0.85,
        4.016,
        0,
        3.45,
        -4.016,
        1,
        3.856,
        -4.016,
        4.261,
        -2.257,
        4.667,
        -0.386
      ]
    },
    {
      "Target": "Parameter",
      "Id": "Param8",
      "FadeInTime": -1.0,
      "FadeOutTime": -1.0,
      "Segments": [
        0,
        -2.32,
        0,
        1.717,
        4.987,
        0,
        4.317,
        -4.987,
        1,
        4.434,
        -4.987,
        4.55,
        -4.806,
        4.667,
        -4.493
      ]
    },
    {
      "Target": "Parameter",
      "Id": "Param9",
      "FadeInTime": -1.0,
      "FadeOutTime": -1.0,
      "Segments": [
        0,
        -7.74,
        0,
        2.583,
        7.743,
        1,
        3.278,
        7.743,
        3.972,
        -2.2,
        4.667,
        -6.151
      ]
    },
    {
      "Target": "Parameter",
      "Id": "Param12",
      "FadeInTime": -1.0,
      "FadeOutTime": -1.0,
      "Segments": [
        0,
        0,
        1,
        1.556,
        0.998,
        3.111,
        1.997,
        4.667,
        2.995
      ]
    },
    {
      "Target": "Parameter",
      "Id": "Param13",
      "FadeInTime": -1.0,
      "FadeOutTime": -1.0,
      "Segments": [
        0,
        5,
        1,
        1.556,
        5.998,
        3.111,
        6.997,
        4.667,
        7.995
      ]
    },
    {
      "Target": "Parameter",
      "Id": "MB_wutixialuoxunhuan",
      "FadeInTime": -1.0,
      "FadeOutTime": -1.0,
      "Segments": [
        0,
        0,
        1,
        1.556,
        0.299,
        3.111,
        0.599,
        4.667,
        0.898
      ]
    },
    {
      "Target": "Parameter",
      "Id": "MB_wutixialuojiaodu",
      "FadeInTime": -1.0,
      "FadeOutTime": -1.0,
      "Segments": [
        0,
        0,
        1,
        1.556,
        0.401,
        3.111,
        0.803,
        4.667,
        1.204
      ]
    },
    {
      "Target": "Parameter",
      "Id": "MB_Awutifanzhuan",
      "FadeInTime": -1.0,
      "FadeOutTime": -1.0,
      "Segments": [
        0,
        0,
        0,
        1.8,
        1,
        0,
        3.783,
        0,
        1,
        4.078,
        0,
        4.372,
        0.195,
        4.667,
        0.413
      ]
    },
    {
      "Target": "Parameter",
      "Id": "MB_Awutidaxiao",
      "FadeInTime": -1.0,
      "FadeOutTime": -1.0,
      "Segments": [
        0,
        0,
        0,
        3.783,
        0.1,
        1,
        4.078,
        0.1,
        4.372,
        0.095,
        4.667,
        0.087
      ]
    },
    {
      "Target": "Parameter",
      "Id": "MB_Awutijiaodu",
      "FadeInTime": -1.0,
      "FadeOutTime": -1.0,
      "Segments": [
        0,
        1,
        0,
        3.783,
        0.307,
        1,
        4.078,
        0.307,
        4.372,
        0.341,
        4.667,
        0.395
      ]
    },
    {
      "Target": "Parameter",
      "Id": "MB_Bwutifanzhuan",
      "FadeInTime": -1.0,
      "FadeOutTime": -1.0,
      "Segments": [
        0,
        1,
        0,
        3.783,
        -1,
        1,
        4.078,
        -1,
        4.372,
        -0.901,
        4.667,
        -0.747
      ]
    },
    {
      "Target": "Parameter",
      "Id": "MB_Bwutidaxiao",
      "FadeInTime": -1.0,
      "FadeOutTime": -1.0,
      "Segments": [
        0,
        0,
        0,
        3.783,
        0.1,
        1,
        4.078,
        0.1,
        4.372,
        0.095,
        4.667,
        0.087
      ]
    },
    {
      "Target": "Parameter",
      "Id": "MB_Bwutijiaodu",
      "FadeInTime": -1.0,
      "FadeOutTime": -1.0,
      "Segments": [
        0,
        0,
        0,
        1.833,
        1,
        1,
        2.483,
        1,
        3.133,
        0.658,
        3.783,
        0,
        1,
        4.078,
        -0.298,
        4.372,
        -0.528,
        4.667,
        -0.692
      ]
    },
    {
      "Target": "Parameter",
      "Id": "MB_Cwutifanzhuan",
      "FadeInTime": -1.0,
      "FadeOutTime": -1.0,
      "Segments": [
        0,
        0,
        0,
        1.833,
        1,
        1,
        2.483,
        1,
        3.133,
        0.658,
        3.783,
        0,
        1,
        4.078,
        -0.298,
        4.372,
        -0.528,
        4.667,
        -0.692
      ]
    },
    {
      "Target": "Parameter",
      "Id": "MB_Cwutidaxiao",
      "FadeInTime": -1.0,
      "FadeOutTime": -1.0,
      "Segments": [
        0,
        0,
        0,
        3.783,
        -0.1,
        1,
        4.078,
        -0.1,
        4.372,
        -0.095,
        4.667,
        -0.087
      ]
    },
    {
      "Target": "Parameter",
      "Id": "MB_Cwutijiaodu",
      "FadeInTime": -1.0,
      "FadeOutTime": -1.0,
      "Segments": [
        0,
        -1,
        0,
        3.783,
        -0.142,
        1,
        4.078,
        -0.142,
        4.372,
        -0.185,
        4.667,
        -0.251
      ]
    },
    {
      "Target": "Parameter",
      "Id": "Param_Angle_Rotation_1_ArtMesh186",
      "FadeInTime": -1.0,
      "FadeOutTime": -1.0,
      "Segments": [
        0,
        0.99,
        0,
        2.583,
        -0.992,
        1,
        3.278,
        -0.992,
        3.972,
        0.282,
        4.667,
        0.788
      ]
    },
    {
      "Target": "Parameter",
      "Id": "Param_Angle_Rotation_2_ArtMesh186",
      "FadeInTime": -1.0,
      "FadeOutTime": -1.0,
      "Segments": [
        0,
        0.91,
        0,
        0.3,
        0.992,
        0,
        2.9,
        -0.992,
        1,
        3.489,
        -0.992,
        4.078,
        -0.076,
        4.667,
        0.511
      ]
    },
    {
      "Target": "Parameter",
      "Id": "Param_Angle_Rotation_3_ArtMesh186",
      "FadeInTime": -1.0,
      "FadeOutTime": -1.0,
      "Segments": [
        0,
        0.68,
        0,
        0.633,
        0.992,
        0,
        3.233,
        -0.992,
        1,
        3.711,
        -0.992,
        4.189,
        -0.389,
        4.667,
        0.152
      ]
    },
    {
      "Target": "Parameter",
      "Id": "Param_Angle_Rotation_4_ArtMesh186",
      "FadeInTime": -1.0,
      "FadeOutTime": -1.0,
      "Segments": [
        0,
        0.38,
        0,
        0.95,
        1.016,
        0,
        3.55,
        -1.016,
        1,
        3.922,
        -1.016,
        4.295,
        -0.641,
        4.667,
        -0.213
      ]
    },
    {
      "Target": "Parameter",
      "Id": "Param_Angle_Rotation_5_ArtMesh186",
      "FadeInTime": -1.0,
      "FadeOutTime": -1.0,
      "Segments": [
        0,
        0,
        0,
        1.283,
        1.016,
        0,
        3.883,
        -1.016,
        1,
        4.144,
        -1.016,
        4.406,
        -0.832,
        4.667,
        -0.574
      ]
    },
    {
      "Target": "Parameter",
      "Id": "Param_Angle_Rotation_6_ArtMesh186",
      "FadeInTime": -1.0,
      "FadeOutTime": -1.0,
      "Segments": [
        0,
        -0.36,
        0,
        1.6,
        1.016,
        0,
        4.2,
        -1.016,
        1,
        4.356,
        -1.016,
        4.511,
        -0.951,
        4.667,
        -0.843
      ]
    },
    {
      "Target": "Parameter",
      "Id": "Param_Angle_Rotation_7_ArtMesh186",
      "FadeInTime": -1.0,
      "FadeOutTime": -1.0,
      "Segments": [
        0,
        -0.7,
        0,
        1.933,
        1.016,
        0,
        4.533,
        -1.016,
        1,
        4.578,
        -1.016,
        4.622,
        -1.011,
        4.667,
        -1.001
      ]
    },
    {
      "Target": "Parameter",
      "Id": "Param_Angle_Rotation_8_ArtMesh186",
      "FadeInTime": -1.0,
      "FadeOutTime": -1.0,
      "Segments": [
        0,
        -0.92,
        0,
        2.25,
        1.016,
        1,
        3.056,
        1.016,
        3.861,
        -0.74,
        4.667,
        -0.987
      ]
    },
    {
      "Target": "Parameter",
      "Id": "Param_Angle_Rotation_9_ArtMesh186",
      "FadeInTime": -1.0,
      "FadeOutTime": -1.0,
      "Segments": [
        0,
        -1.02,
        0,
        2.583,
        1.016,
        1,
        3.278,
        1.016,
        3.972,
        -0.289,
        4.667,
        -0.807
      ]
    },
    {
      "Target": "Parameter",
      "Id": "Param_Angle_Rotation_10_ArtMesh186",
      "FadeInTime": -1.0,
      "FadeOutTime": -1.0,
      "Segments": [
        0,
        -0.93,
        0,
        0.3,
        -1.016,
        0,
        2.9,
        1.016,
        1,
        3.489,
        1.016,
        4.078,
        0.078,
        4.667,
        -0.524
      ]
    },
    {
      "Target": "Parameter",
      "Id": "Param_Angle_Rotation_11_ArtMesh186",
      "FadeInTime": -1.0,
      "FadeOutTime": -1.0,
      "Segments": [
        0,
        -2.06,
        0,
        0.633,
        -3,
        0,
        3.233,
        3,
        1,
        3.711,
        3,
        4.189,
        1.177,
        4.667,
        -0.46
      ]
    },
    {
      "Target": "Parameter",
      "Id": "Param_Angle_Rotation_12_ArtMesh186",
      "FadeInTime": -1.0,
      "FadeOutTime": -1.0,
      "Segments": [
        0,
        -1.13,
        0,
        0.95,
        -3,
        0,
        3.55,
        3,
        1,
        3.922,
        3,
        4.295,
        1.893,
        4.667,
        0.63
      ]
    },
    {
      "Target": "Parameter",
      "Id": "Param_Angle_Rotation_13_ArtMesh186",
      "FadeInTime": -1.0,
      "FadeOutTime": -1.0,
      "Segments": [
        0,
        0,
        0,
        1.283,
        -3,
        0,
        3.883,
        3,
        1,
        4.144,
        3,
        4.406,
        2.455,
        4.667,
        1.694
      ]
    },
    {
      "Target": "Parameter",
      "Id": "Param_Angle_Rotation_14_ArtMesh186",
      "FadeInTime": -1.0,
      "FadeOutTime": -1.0,
      "Segments": [
        0,
        1.08,
        0,
        1.6,
        -3,
        0,
        4.2,
        3,
        1,
        4.356,
        3,
        4.511,
        2.807,
        4.667,
        2.49
      ]
    },
    {
      "Target": "Parameter",
      "Id": "Param_Angle_Rotation_15_ArtMesh186",
      "FadeInTime": -1.0,
      "FadeOutTime": -1.0,
      "Segments": [
        0,
        2.06,
        0,
        1.933,
        -3,
        0,
        4.533,
        3,
        1,
        4.578,
        3,
        4.622,
        2.984,
        4.667,
        2.954
      ]
    },
    {
      "Target": "Parameter",
      "Id": "Param_Angle_Rotation_1_ArtMesh187",
      "FadeInTime": -1.0,
      "FadeOutTime": -1.0,
      "Segments": [
        0,
        -0.99,
        0,
        2.583,
        0.992,
        1,
        3.278,
        0.992,
        3.972,
        -0.282,
        4.667,
        -0.788
      ]
    },
    {
      "Target": "Parameter",
      "Id": "Param_Angle_Rotation_2_ArtMesh187",
      "FadeInTime": -1.0,
      "FadeOutTime": -1.0,
      "Segments": [
        0,
        -0.91,
        0,
        0.3,
        -0.992,
        0,
        2.9,
        0.992,
        1,
        3.489,
        0.992,
        4.078,
        0.076,
        4.667,
        -0.511
      ]
    },
    {
      "Target": "Parameter",
      "Id": "Param_Angle_Rotation_3_ArtMesh187",
      "FadeInTime": -1.0,
      "FadeOutTime": -1.0,
      "Segments": [
        0,
        -0.68,
        0,
        0.633,
        -0.992,
        0,
        3.233,
        0.992,
        1,
        3.711,
        0.992,
        4.189,
        0.389,
        4.667,
        -0.152
      ]
    },
    {
      "Target": "Parameter",
      "Id": "Param_Angle_Rotation_4_ArtMesh187",
      "FadeInTime": -1.0,
      "FadeOutTime": -1.0,
      "Segments": [
        0,
        -0.38,
        0,
        0.95,
        -1.016,
        0,
        3.55,
        1.016,
        1,
        3.922,
        1.016,
        4.295,
        0.641,
        4.667,
        0.213
      ]
    },
    {
      "Target": "Parameter",
      "Id": "Param_Angle_Rotation_5_ArtMesh187",
      "FadeInTime": -1.0,
      "FadeOutTime": -1.0,
      "Segments": [
        0,
        0,
        0,
        1.283,
        -1.016,
        0,
        3.883,
        1.016,
        1,
        4.144,
        1.016,
        4.406,
        0.832,
        4.667,
        0.574
      ]
    },
    {
      "Target": "Parameter",
      "Id": "Param_Angle_Rotation_6_ArtMesh187",
      "FadeInTime": -1.0,
      "FadeOutTime": -1.0,
      "Segments": [
        0,
        0.36,
        0,
        1.6,
        -1.016,
        0,
        4.2,
        1.016,
        1,
        4.356,
        1.016,
        4.511,
        0.951,
        4.667,
        0.843
      ]
    },
    {
      "Target": "Parameter",
      "Id": "Param_Angle_Rotation_7_ArtMesh187",
      "FadeInTime": -1.0,
      "FadeOutTime": -1.0,
      "Segments": [
        0,
        0.7,
        0,
        1.933,
        -1.016,
        0,
        4.533,
        1.016,
        1,
        4.578,
        1.016,
        4.622,
        1.011,
        4.667,
        1.001
      ]
    },
    {
      "Target": "Parameter",
      "Id": "Param_Angle_Rotation_8_ArtMesh187",
      "FadeInTime": -1.0,
      "FadeOutTime": -1.0,
      "Segments": [
        0,
        0.92,
        0,
        2.25,
        -1.016,
        1,
        3.056,
        -1.016,
        3.861,
        0.74,
        4.667,
        0.987
      ]
    },
    {
      "Target": "Parameter",
      "Id": "Param_Angle_Rotation_9_ArtMesh187",
      "FadeInTime": -1.0,
      "FadeOutTime": -1.0,
      "Segments": [
        0,
        1.02,
        0,
        2.583,
        -1.016,
        1,
        3.278,
        -1.016,
        3.972,
        0.289,
        4.667,
        0.807
      ]
    },
    {
      "Target": "Parameter",
      "Id": "Param_Angle_Rotation_10_ArtMesh187",
      "FadeInTime": -1.0,
      "FadeOutTime": -1.0,
      "Segments": [
        0,
        0.93,
        0,
        0.3,
        1.016,
        0,
        2.9,
        -1.016,
        1,
        3.489,
        -1.016,
        4.078,
        -0.078,
        4.667,
        0.524
      ]
    },
    {
      "Target": "Parameter",
      "Id": "Param_Angle_Rotation_11_ArtMesh187",
      "FadeInTime": -1.0,
      "FadeOutTime": -1.0,
      "Segments": [
        0,
        2.06,
        0,
        0.633,
        3,
        0,
        3.233,
        -3,
        1,
        3.711,
        -3,
        4.189,
        -1.177,
        4.667,
        0.46
      ]
    },
    {
      "Target": "Parameter",
      "Id": "Param_Angle_Rotation_12_ArtMesh187",
      "FadeInTime": -1.0,
      "FadeOutTime": -1.0,
      "Segments": [
        0,
        1.13,
        0,
        0.95,
        3,
        0,
        3.55,
        -3,
        1,
        3.922,
        -3,
        4.295,
        -1.893,
        4.667,
        -0.63
      ]
    },
    {
      "Target": "Parameter",
      "Id": "Param_Angle_Rotation_13_ArtMesh187",
      "FadeInTime": -1.0,
      "FadeOutTime": -1.0,
      "Segments": [
        0,
        0,
        0,
        1.283,
        3,
        0,
        3.883,
        -3,
        1,
        4.144,
        -3,
        4.406,
        -2.455,
        4.667,
        -1.694
      ]
    },
    {
      "Target": "Parameter",
      "Id": "Param_Angle_Rotation_14_ArtMesh187",
      "FadeInTime": -1.0,
      "FadeOutTime": -1.0,
      "Segments": [
        0,
        -1.08,
        0,
        1.6,
        3,
        0,
        4.2,
        -3,
        1,
        4.356,
        -3,
        4.511,
        -2.807,
        4.667,
        -2.49
      ]
    },
    {
      "Target": "Parameter",
      "Id": "Param_Angle_Rotation_15_ArtMesh187",
      "FadeInTime": -1.0,
      "FadeOutTime": -1.0,
      "Segments": [
        0,
        -2.06,
        0,
        1.933,
        3,
        0,
        4.533,
        -3,
        1,
        4.578,
        -3,
        4.622,
        -2.984,
        4.667,
        -2.954
      ]
    },
    {
      "Target": "Parameter",
      "Id": "Param_Angle_Rotation_1_ArtMesh188",
      "FadeInTime": -1.0,
      "FadeOutTime": -1.0,
      "Segments": [
        0,
        -3,
        0,
        3.85,
        3,
        1,
        4.122,
        3,
        4.395,
        2.735,
        4.667,
        2.316
      ]
    },
    {
      "Target": "Parameter",
      "Id": "Param_Angle_Rotation_2_ArtMesh188",
      "FadeInTime": -1.0,
      "FadeOutTime": -1.0,
      "Segments": [
        0,
        -2.6,
        0,
        0.617,
        -3,
        0,
        4.5,
        3,
        1,
        4.556,
        3,
        4.611,
        2.989,
        4.667,
        2.968
      ]
    },
    {
      "Target": "Parameter",
      "Id": "Param_Angle_Rotation_3_ArtMesh188",
      "FadeInTime": -1.0,
      "FadeOutTime": -1.0,
      "Segments": [
        0,
        -2.99,
        0,
        1.25,
        -5.277,
        1,
        2.389,
        -5.277,
        3.528,
        1.904,
        4.667,
        3.684
      ]
    },
    {
      "Target": "Parameter",
      "Id": "Param_Angle_Rotation_4_ArtMesh188",
      "FadeInTime": -1.0,
      "FadeOutTime": -1.0,
      "Segments": [
        0,
        -0.75,
        0,
        1.9,
        -5.277,
        1,
        2.822,
        -5.277,
        3.745,
        -0.569,
        4.667,
        2.168
      ]
    },
    {
      "Target": "Parameter",
      "Id": "Param_Angle_Rotation_5_ArtMesh188",
      "FadeInTime": -1.0,
      "FadeOutTime": -1.0,
      "Segments": [
        0,
        1.53,
        0,
        2.55,
        -5.277,
        1,
        3.256,
        -5.277,
        3.961,
        -2.497,
        4.667,
        0.032
      ]
    },
    {
      "Target": "Parameter",
      "Id": "Param_Angle_Rotation_6_ArtMesh188",
      "FadeInTime": -1.0,
      "FadeOutTime": -1.0,
      "Segments": [
        0,
        5.97,
        0,
        3.2,
        -6.356,
        1,
        3.689,
        -6.356,
        4.178,
        -4.44,
        4.667,
        -2.056
      ]
    },
    {
      "Target": "Parameter",
      "Id": "Param_Angle_Rotation_7_ArtMesh188",
      "FadeInTime": -1.0,
      "FadeOutTime": -1.0,
      "Segments": [
        0,
        7.07,
        0,
        3.85,
        -6.356,
        1,
        4.122,
        -6.356,
        4.395,
        -5.762,
        4.667,
        -4.824
      ]
    },
    {
      "Target": "Parameter",
      "Id": "Param_Angle_Rotation_8_ArtMesh188",
      "FadeInTime": -1.0,
      "FadeOutTime": -1.0,
      "Segments": [
        0,
        6.17,
        0,
        0.617,
        7.075,
        0,
        4.5,
        -6.356,
        1,
        4.556,
        -6.356,
        4.611,
        -6.331,
        4.667,
        -6.284
      ]
    },
    {
      "Target": "Parameter",
      "Id": "Param_Angle_Rotation_9_ArtMesh188",
      "FadeInTime": -1.0,
      "FadeOutTime": -1.0,
      "Segments": [
        0,
        3.96,
        0,
        1.25,
        7.913,
        1,
        2.389,
        7.913,
        3.528,
        -4.51,
        4.667,
        -7.589
      ]
    },
    {
      "Target": "Parameter",
      "Id": "Param_Angle_Rotation_10_ArtMesh188",
      "FadeInTime": -1.0,
      "FadeOutTime": -1.0,
      "Segments": [
        0,
        0.08,
        0,
        1.9,
        7.913,
        1,
        2.822,
        7.913,
        3.745,
        -0.233,
        4.667,
        -4.967
      ]
    },
    {
      "Target": "Parameter",
      "Id": "Param_Angle_Rotation_11_ArtMesh188",
      "FadeInTime": -1.0,
      "FadeOutTime": -1.0,
      "Segments": [
        0,
        -3.86,
        0,
        2.55,
        7.913,
        1,
        3.256,
        7.913,
        3.961,
        3.104,
        4.667,
        -1.271
      ]
    },
    {
      "Target": "Parameter",
      "Id": "Param_Angle_Rotation_12_ArtMesh188",
      "FadeInTime": -1.0,
      "FadeOutTime": -1.0,
      "Segments": [
        0,
        -8.59,
        0,
        3.2,
        9.351,
        1,
        3.689,
        9.351,
        4.178,
        6.564,
        4.667,
        3.094
      ]
    },
    {
      "Target": "Parameter",
      "Id": "Param_Angle_Rotation_13_ArtMesh188",
      "FadeInTime": -1.0,
      "FadeOutTime": -1.0,
      "Segments": [
        0,
        -10.19,
        0,
        3.867,
        9.351,
        1,
        4.134,
        9.351,
        4.4,
        8.515,
        4.667,
        7.188
      ]
    },
    {
      "Target": "Parameter",
      "Id": "Param_Angle_Rotation_14_ArtMesh188",
      "FadeInTime": -1.0,
      "FadeOutTime": -1.0,
      "Segments": [
        0,
        -8.87,
        0,
        0.617,
        -10.19,
        0,
        4.517,
        9.351,
        1,
        4.567,
        9.351,
        4.617,
        9.322,
        4.667,
        9.265
      ]
    },
    {
      "Target": "Parameter",
      "Id": "Param_Angle_Rotation_15_ArtMesh188",
      "FadeInTime": -1.0,
      "FadeOutTime": -1.0,
      "Segments": [
        0,
        -5.39,
        0,
        1.25,
        -10.19,
        1,
        2.389,
        -10.19,
        3.528,
        4.68,
        4.667,
        8.477
      ]
    },
    {
      "Target": "Parameter",
      "Id": "Param_Angle_Rotation_16_ArtMesh188",
      "FadeInTime": -1.0,
      "FadeOutTime": -1.0,
      "Segments": [
        0,
        -0.67,
        0,
        1.9,
        -10.19,
        1,
        2.822,
        -10.19,
        3.745,
        -0.439,
        4.667,
        5.286
      ]
    },
    {
      "Target": "Parameter",
      "Id": "ParamALLS",
      "FadeInTime": -1.0,
      "FadeOutTime": -1.0,
      "Segments": [
        0,
        0,
        0,
        4.667,
        0
      ]
    },
    {
      "Target": "Parameter",
      "Id": "ParamRenwuX8",
      "FadeInTime": -1.0,
      "FadeOutTime": -1.0,
      "Segments": [
        0,
        10,
        0,
        4.667,
        10
      ]
    },
    {
      "Target": "Parameter",
      "Id": "ParamRenwuX9",
      "FadeInTime": -1.0,
      "FadeOutTime": -1.0,
      "Segments": [
        0,
        0,
        0,
        4.667,
        0
      ]
    },
    {
      "Target": "Parameter",
      "Id": "ParamRenwuX2",
      "FadeInTime": -1.0,
      "FadeOutTime": -1.0,
      "Segments": [
        0,
        0,
        0,
        4.667,
        0
      ]
    },
    {
      "Target": "Parameter",
      "Id": "ParamRenwuX3",
      "FadeInTime": -1.0,
      "FadeOutTime": -1.0,
      "Segments": [
        0,
        0,
        0,
        4.667,
        0
      ]
    },
    {
      "Target": "Parameter",
      "Id": "ParamRenwuX4",
      "FadeInTime": -1.0,
      "FadeOutTime": -1.0,
      "Segments": [
        0,
        -0.5,
        0,
        4.667,
        -0.5
      ]
    },
    {
      "Target": "Parameter",
      "Id": "ParamRenwu",
      "FadeInTime": -1.0,
      "FadeOutTime": -1.0,
      "Segments": [
        0,
        1,
        0,
        4.667,
        1
      ]
    },
    {
      "Target": "Parameter",
      "Id": "ParamRenwuS",
      "FadeInTime": -1.0,
      "FadeOutTime": -1.0,
      "Segments": [
        0,
        0,
        0,
        4.667,
        0
      ]
    },
    {
      "Target": "Parameter",
      "Id": "ParamBeijing",
      "FadeInTime": -1.0,
      "FadeOutTime": -1.0,
      "Segments": [
        0,
        1,
        0,
        4.667,
        1
      ]
    },
    {
      "Target": "Parameter",
      "Id": "ParamBeijingX",
      "FadeInTime": -1.0,
      "FadeOutTime": -1.0,
      "Segments": [
        0,
        0,
        0,
        4.667,
        0
      ]
    },
    {
      "Target": "Parameter",
      "Id": "ParamBeijingY",
      "FadeInTime": -1.0,
      "FadeOutTime": -1.0,
      "Segments": [
        0,
        0,
        0,
        4.667,
        0
      ]
    },
    {
      "Target": "Parameter",
      "Id": "ParamBeijingZ",
      "FadeInTime": -1.0,
      "FadeOutTime": -1.0,
      "Segments": [
        0,
        0,
        0,
        4.667,
        0
      ]
    },
    {
      "Target": "Parameter",
      "Id": "ParamBeijingS",
      "FadeInTime": -1.0,
      "FadeOutTime": -1.0,
      "Segments": [
        0,
        0,
        0,
        4.667,
        0
      ]
    },
    {
      "Target": "Parameter",
      "Id": "ParamEyeBallX",
      "FadeInTime": -1.0,
      "FadeOutTime": -1.0,
      "Segments": [
        0,
        0,
        0,
        4.667,
        0
      ]
    },
    {
      "Target": "Parameter",
      "Id": "ParamEyeBallY",
      "FadeInTime": -1.0,
      "FadeOutTime": -1.0,
      "Segments": [
        0,
        0,
        0,
        4.667,
        0
      ]
    },
    {
      "Target": "Parameter",
      "Id": "ParamBrowRY",
      "FadeInTime": -1.0,
      "FadeOutTime": -1.0,
      "Segments": [
        0,
        0,
        0,
        4.667,
        0
      ]
    },
    {
      "Target": "Parameter",
      "Id": "ParamBrowRForm",
      "FadeInTime": -1.0,
      "FadeOutTime": -1.0,
      "Segments": [
        0,
        0,
        0,
        4.667,
        0
      ]
    },
    {
      "Target": "Parameter",
      "Id": "ParamBrowLY",
      "FadeInTime": -1.0,
      "FadeOutTime": -1.0,
      "Segments": [
        0,
        0,
        0,
        4.667,
        0
      ]
    },
    {
      "Target": "Parameter",
      "Id": "ParamBrowLForm",
      "FadeInTime": -1.0,
      "FadeOutTime": -1.0,
      "Segments": [
        0,
        0,
        0,
        4.667,
        0
      ]
    },
    {
      "Target": "Parameter",
      "Id": "Param4",
      "FadeInTime": -1.0,
      "FadeOutTime": -1.0,
      "Segments": [
        0,
        0,
        0,
        4.667,
        0
      ]
    },
    {
      "Target": "Parameter",
      "Id": "ParamMouthForm",
      "FadeInTime": -1.0,
      "FadeOutTime": -1.0,
      "Segments": [
        0,
        0,
        0,
        4.667,
        0
      ]
    },
    {
      "Target": "Parameter",
      "Id": "ParamMouthOpenY",
      "FadeInTime": -1.0,
      "FadeOutTime": -1.0,
      "Segments": [
        0,
        0,
        0,
        4.667,
        0
      ]
    },
    {
      "Target": "Parameter",
      "Id": "ParamMouthS",
      "FadeInTime": -1.0,
      "FadeOutTime": -1.0,
      "Segments": [
        0,
        0,
        0,
        4.667,
        0
      ]
    },
    {
      "Target": "Parameter",
      "Id": "ParamEyeGaoguang",
      "FadeInTime": -1.0,
      "FadeOutTime": -1.0,
      "Segments": [
        0,
        0,
        0,
        4.667,
        0
      ]
    },
    {
      "Target": "Parameter",
      "Id": "Param28",
      "FadeInTime": -1.0,
      "FadeOutTime": -1.0,
      "Segments": [
        0,
        5,
        0,
        4.667,
        5
      ]
    },
    {
      "Target": "Parameter",
      "Id": "ParamBreath",
      "FadeInTime": -1.0,
      "FadeOutTime": -1.0,
      "Segments": [
        0,
        0,
        0,
        4.667,
        0
      ]
    },
    {
      "Target": "Parameter",
      "Id": "Param45",
      "FadeInTime": -1.0,
      "FadeOutTime": -1.0,
      "Segments": [
        0,
        -3,
        0,
        4.667,
        -3
      ]
    },
    {
      "Target": "Parameter",
      "Id": "Param46",
      "FadeInTime": -1.0,
      "FadeOutTime": -1.0,
      "Segments": [
        0,
        3,
        0,
        4.667,
        3
      ]
    },
    {
      "Target": "Parameter",
      "Id": "Param57",
      "FadeInTime": -1.0,
      "FadeOutTime": -1.0,
      "Segments": [
        0,
        0,
        0,
        4.667,
        0
      ]
    },
    {
      "Target": "Parameter",
      "Id": "ParamA1zuoshoutuozhanxingbian",
      "FadeInTime": -1.0,
      "FadeOutTime": -1.0,
      "Segments": [
        0,
        0,
        0,
        4.667,
        0
      ]
    },
    {
      "Target": "Parameter",
      "Id": "Param47",
      "FadeInTime": -1.0,
      "FadeOutTime": -1.0,
      "Segments": [
        0,
        0,
        0,
        4.667,
        0
      ]
    },
    {
      "Target": "Parameter",
      "Id": "Param48",
      "FadeInTime": -1.0,
      "FadeOutTime": -1.0,
      "Segments": [
        0,
        0,
        0,
        4.667,
        0
      ]
    },
    {
      "Target": "Parameter",
      "Id": "Param49",
      "FadeInTime": -1.0,
      "FadeOutTime": -1.0,
      "Segments": [
        0,
        0,
        0,
        4.667,
        0
      ]
    },
    {
      "Target": "Parameter",
      "Id": "Param66",
      "FadeInTime": -1.0,
      "FadeOutTime": -1.0,
      "Segments": [
        0,
        0,
        0,
        4.667,
        0
      ]
    },
    {
      "Target": "Parameter",
      "Id": "Param67",
      "FadeInTime": -1.0,
      "FadeOutTime": -1.0,
      "Segments": [
        0,
        0,
        0,
        4.667,
        0
      ]
    },
    {
      "Target": "Parameter",
      "Id": "Param68",
      "FadeInTime": -1.0,
      "FadeOutTime": -1.0,
      "Segments": [
        0,
        0,
        0,
        4.667,
        0
      ]
    },
    {
      "Target": "Parameter",
      "Id": "Param69",
      "FadeInTime": -1.0,
      "FadeOutTime": -1.0,
      "Segments": [
        0,
        0,
        0,
        4.667,
        0
      ]
    },
    {
      "Target": "Parameter",
      "Id": "Param50",
      "FadeInTime": -1.0,
      "FadeOutTime": -1.0,
      "Segments": [
        0,
        1,
        0,
        4.667,
        1
      ]
    },
    {
      "Target": "Parameter",
      "Id": "Param51",
      "FadeInTime": -1.0,
      "FadeOutTime": -1.0,
      "Segments": [
        0,
        0,
        0,
        4.667,
        0
      ]
    },
    {
      "Target": "Parameter",
      "Id": "Param52",
      "FadeInTime": -1.0,
      "FadeOutTime": -1.0,
      "Segments": [
        0,
        0,
        0,
        4.667,
        0
      ]
    },
    {
      "Target": "Parameter",
      "Id": "Param54",
      "FadeInTime": -1.0,
      "FadeOutTime": -1.0,
      "Segments": [
        0,
        0,
        0,
        4.667,
        0
      ]
    },
    {
      "Target": "Parameter",
      "Id": "Param55",
      "FadeInTime": -1.0,
      "FadeOutTime": -1.0,
      "Segments": [
        0,
        0,
        0,
        4.667,
        0
      ]
    },
    {
      "Target": "Parameter",
      "Id": "Param56",
      "FadeInTime": -1.0,
      "FadeOutTime": -1.0,
      "Segments": [
        0,
        0,
        0,
        4.667,
        0
      ]
    },
    {
      "Target": "Parameter",
      "Id": "Param58",
      "FadeInTime": -1.0,
      "FadeOutTime": -1.0,
      "Segments": [
        0,
        0,
        0,
        4.667,
        0
      ]
    },
    {
      "Target": "Parameter",
      "Id": "Param20",
      "FadeInTime": -1.0,
      "FadeOutTime": -1.0,
      "Segments": [
        0,
        0,
        0,
        4.667,
        0
      ]
    },
    {
      "Target": "Parameter",
      "Id": "Param21",
      "FadeInTime": -1.0,
      "FadeOutTime": -1.0,
      "Segments": [
        0,
        0,
        0,
        4.667,
        0
      ]
    },
    {
      "Target": "Parameter",
      "Id": "Param100",
      "FadeInTime": -1.0,
      "FadeOutTime": -1.0,
      "Segments": [
        0,
        0,
        0,
        4.667,
        0
      ]
    },
    {
      "Target": "Parameter",
      "Id": "Param101",
      "FadeInTime": -1.0,
      "FadeOutTime": -1.0,
      "Segments": [
        0,
        10,
        0,
        4.667,
        10
      ]
    },
    {
      "Target": "Parameter",
      "Id": "Param102",
      "FadeInTime": -1.0,
      "FadeOutTime": -1.0,
      "Segments": [
        0,
        10,
        0,
        4.667,
        10
      ]
    },
    {
      "Target": "Parameter",
      "Id": "ParamShangBiR",
      "FadeInTime": -1.0,
      "FadeOutTime": -1.0,
      "Segments": [
        0,
        0,
        0,
        4.667,
        0
      ]
    },
    {
      "Target": "Parameter",
      "Id": "ParamXiaBiR",
      "FadeInTime": -1.0,
      "FadeOutTime": -1.0,
      "Segments": [
        0,
        1,
        0,
        4.667,
        1
      ]
    },
    {
      "Target": "Parameter",
      "Id": "ParamSouR",
      "FadeInTime": -1.0,
      "FadeOutTime": -1.0,
      "Segments": [
        0,
        0,
        0,
        4.667,
        0
      ]
    },
    {
      "Target": "Parameter",
      "Id": "ParamShangBiRUD",
      "FadeInTime": -1.0,
      "FadeOutTime": -1.0,
      "Segments": [
        0,
        0,
        0,
        4.667,
        0
      ]
    },
    {
      "Target": "Parameter",
      "Id": "ParamXiaBiRUD",
      "FadeInTime": -1.0,
      "FadeOutTime": -1.0,
      "Segments": [
        0,
        0,
        0,
        4.667,
        0
      ]
    },
    {
      "Target": "Parameter",
      "Id": "ParamA1zuoshoudonghua2",
      "FadeInTime": -1.0,
      "FadeOutTime": -1.0,
      "Segments": [
        0,
        0,
        0,
        4.667,
        0
      ]
    },
    {
      "Target": "Parameter",
      "Id": "ParamA1zuoshouxingbian2",
      "FadeInTime": -1.0,
      "FadeOutTime": -1.0,
      "Segments": [
        0,
        0,
        0,
        4.667,
        0
      ]
    },
    {
      "Target": "Parameter",
      "Id": "ParamA1zuoshoutuozhanxingbian2",
      "FadeInTime": -1.0,
      "FadeOutTime": -1.0,
      "Segments": [
        0,
        0,
        0,
        4.667,
        0
      ]
    },
    {
      "Target": "Parameter",
      "Id": "Param35",
      "FadeInTime": -1.0,
      "FadeOutTime": -1.0,
      "Segments": [
        0,
        0,
        0,
        4.667,
        0
      ]
    },
    {
      "Target": "Parameter",
      "Id": "Param36",
      "FadeInTime": -1.0,
      "FadeOutTime": -1.0,
      "Segments": [
        0,
        0,
        0,
        4.667,
        0
      ]
    },
    {
      "Target": "Parameter",
      "Id": "Param37",
      "FadeInTime": -1.0,
      "FadeOutTime": -1.0,
      "Segments": [
        0,
        0,
        0,
        4.667,
        0
      ]
    },
    {
      "Target": "Parameter",
      "Id": "Param70",
      "FadeInTime": -1.0,
      "FadeOutTime": -1.0,
      "Segments": [
        0,
        0,
        0,
        4.667,
        0
      ]
    },
    {
      "Target": "Parameter",
      "Id": "Param65",
      "FadeInTime": -1.0,
      "FadeOutTime": -1.0,
      "Segments": [
        0,
        0,
        0,
        4.667,
        0
      ]
    },
    {
      "Target": "Parameter",
      "Id": "Param71",
      "FadeInTime": -1.0,
      "FadeOutTime": -1.0,
      "Segments": [
        0,
        0,
        0,
        4.667,
        0
      ]
    },
    {
      "Target": "Parameter",
      "Id": "Param53",
      "FadeInTime": -1.0,
      "FadeOutTime": -1.0,
      "Segments": [
        0,
        1,
        0,
        4.667,
        1
      ]
    },
    {
      "Target": "Parameter",
      "Id": "Param60",
      "FadeInTime": -1.0,
      "FadeOutTime": -1.0,
      "Segments": [
        0,
        0,
        0,
        4.667,
        0
      ]
    },
    {
      "Target": "Parameter",
      "Id": "Param61",
      "FadeInTime": -1.0,
      "FadeOutTime": -1.0,
      "Segments": [
        0,
        0,
        0,
        4.667,
        0
      ]
    },
    {
      "Target": "Parameter",
      "Id": "Param41",
      "FadeInTime": -1.0,
      "FadeOutTime": -1.0,
      "Segments": [
        0,
        0,
        0,
        4.667,
        0
      ]
    },
    {
      "Target": "Parameter",
      "Id": "Param40",
      "FadeInTime": -1.0,
      "FadeOutTime": -1.0,
      "Segments": [
        0,
        0,
        0,
        4.667,
        0
      ]
    },
    {
      "Target": "Parameter",
      "Id": "Param91",
      "FadeInTime": -1.0,
      "FadeOutTime": -1.0,
      "Segments": [
        0,
        0,
        0,
        4.667,
        0
      ]
    },
    {
      "Target": "Parameter",
      "Id": "Param92",
      "FadeInTime": -1.0,
      "FadeOutTime": -1.0,
      "Segments": [
        0,
        0,
        0,
        4.667,
        0
      ]
    },
    {
      "Target": "Parameter",
      "Id": "ParamDaTuiLUD",
      "FadeInTime": -1.0,
      "FadeOutTime": -1.0,
      "Segments": [
        0,
        0,
        0,
        4.667,
        0
      ]
    },
    {
      "Target": "Parameter",
      "Id": "ParamXiaoTuiLUD",
      "FadeInTime": -1.0,
      "FadeOutTime": -1.0,
      "Segments": [
        0,
        0,
        0,
        4.667,
        0
      ]
    },
    {
      "Target": "Parameter",
      "Id": "Param62",
      "FadeInTime": -1.0,
      "FadeOutTime": -1.0,
      "Segments": [
        0,
        0,
        0,
        4.667,
        0
      ]
    },
    {
      "Target": "Parameter",
      "Id": "ParamDaTuiLUD2",
      "FadeInTime": -1.0,
      "FadeOutTime": -1.0,
      "Segments": [
        0,
        0,
        0,
        4.667,
        0
      ]
    },
    {
      "Target": "Parameter",
      "Id": "ParamXiaoTuiLUD3",
      "FadeInTime": -1.0,
      "FadeOutTime": -1.0,
      "Segments": [
        0,
        0,
        0,
        4.667,
        0
      ]
    },
    {
      "Target": "Parameter",
      "Id": "ParamXiaoTuiLUD2",
      "FadeInTime": -1.0,
      "FadeOutTime": -1.0,
      "Segments": [
        0,
        5,
        0,
        4.667,
        5
      ]
    },
    {
      "Target": "Parameter",
      "Id": "Param24",
      "FadeInTime": -1.0,
      "FadeOutTime": -1.0,
      "Segments": [
        0,
        0,
        0,
        4.667,
        0
      ]
    },
    {
      "Target": "Parameter",
      "Id": "Param23",
      "FadeInTime": -1.0,
      "FadeOutTime": -1.0,
      "Segments": [
        0,
        0,
        0,
        4.667,
        0
      ]
    },
    {
      "Target": "Parameter",
      "Id": "Param59",
      "FadeInTime": -1.0,
      "FadeOutTime": -1.0,
      "Segments": [
        0,
        0,
        0,
        4.667,
        0
      ]
    },
    {
      "Target": "Parameter",
      "Id": "ParamDaTuiRUD",
      "FadeInTime": -1.0,
      "FadeOutTime": -1.0,
      "Segments": [
        0,
        0,
        0,
        4.667,
        0
      ]
    },
    {
      "Target": "Parameter",
      "Id": "ParamXiaoTuiRUD",
      "FadeInTime": -1.0,
      "FadeOutTime": -1.0,
      "Segments": [
        0,
        0,
        0,
        4.667,
        0
      ]
    },
    {
      "Target": "Parameter",
      "Id": "Param63",
      "FadeInTime": -1.0,
      "FadeOutTime": -1.0,
      "Segments": [
        0,
        0,
        0,
        4.667,
        0
      ]
    },
    {
      "Target": "Parameter",
      "Id": "ParamXiaoTuiLUD5",
      "FadeInTime": -1.0,
      "FadeOutTime": -1.0,
      "Segments": [
        0,
        0,
        0,
        4.667,
        0
      ]
    },
    {
      "Target": "Parameter",
      "Id": "ParamDaTuiLUD3",
      "FadeInTime": -1.0,
      "FadeOutTime": -1.0,
      "Segments": [
        0,
        0,
        0,
        4.667,
        0
      ]
    },
    {
      "Target": "Parameter",
      "Id": "ParamXiaoTuiLUD4",
      "FadeInTime": -1.0,
      "FadeOutTime": -1.0,
      "Segments": [
        0,
        0,
        0,
        4.667,
        0
      ]
    },
    {
      "Target": "Parameter",
      "Id": "Param25",
      "FadeInTime": -1.0,
      "FadeOutTime": -1.0,
      "Segments": [
        0,
        0,
        0,
        4.667,
        0
      ]
    },
    {
      "Target": "Parameter",
      "Id": "Param26",
      "FadeInTime": -1.0,
      "FadeOutTime": -1.0,
      "Segments": [
        0,
        0,
        0,
        4.667,
        0
      ]
    },
    {
      "Target": "Parameter",
      "Id": "Param27",
      "FadeInTime": -1.0,
      "FadeOutTime": -1.0,
      "Segments": [
        0,
        0,
        0,
        4.667,
        0
      ]
    },
    {
      "Target": "Parameter",
      "Id": "Param75",
      "FadeInTime": -1.0,
      "FadeOutTime": -1.0,
      "Segments": [
        0,
        0,
        0,
        4.667,
        0
      ]
    },
    {
      "Target": "Parameter",
      "Id": "Param34",
      "FadeInTime": -1.0,
      "FadeOutTime": -1.0,
      "Segments": [
        0,
        0,
        0,
        4.667,
        0
      ]
    },
    {
      "Target": "Parameter",
      "Id": "Param93",
      "FadeInTime": -1.0,
      "FadeOutTime": -1.0,
      "Segments": [
        0,
        0,
        0,
        4.667,
        0
      ]
    },
    {
      "Target": "Parameter",
      "Id": "Param95",
      "FadeInTime": -1.0,
      "FadeOutTime": -1.0,
      "Segments": [
        0,
        0,
        0,
        4.667,
        0
      ]
    },
    {
      "Target": "Parameter",
      "Id": "Param96",
      "FadeInTime": -1.0,
      "FadeOutTime": -1.0,
      "Segments": [
        0,
        0,
        0,
        4.667,
        0
      ]
    },
    {
      "Target": "Parameter",
      "Id": "Param64",
      "FadeInTime": -1.0,
      "FadeOutTime": -1.0,
      "Segments": [
        0,
        0,
        0,
        4.667,
        0
      ]
    },
    {
      "Target": "Parameter",
      "Id": "Param39",
      "FadeInTime": -1.0,
      "FadeOutTime": -1.0,
      "Segments": [
        0,
        0,
        0,
        4.667,
        0
      ]
    },
    {
      "Target": "Parameter",
      "Id": "Param104",
      "FadeInTime": -1.0,
      "FadeOutTime": -1.0,
      "Segments": [
        0,
        0,
        0,
        4.667,
        0
      ]
    },
    {
      "Target": "Parameter",
      "Id": "Param94",
      "FadeInTime": -1.0,
      "FadeOutTime": -1.0,
      "Segments": [
        0,
        0,
        0,
        4.667,
        0
      ]
    },
    {
      "Target": "Parameter",
      "Id": "Param72",
      "FadeInTime": -1.0,
      "FadeOutTime": -1.0,
      "Segments": [
        0,
        0,
        0,
        4.667,
        0
      ]
    },
    {
      "Target": "Parameter",
      "Id": "Param99",
      "FadeInTime": -1.0,
      "FadeOutTime": -1.0,
      "Segments": [
        0,
        10,
        0,
        4.667,
        10
      ]
    },
    {
      "Target": "Parameter",
      "Id": "Param98",
      "FadeInTime": -1.0,
      "FadeOutTime": -1.0,
      "Segments": [
        0,
        0,
        0,
        4.667,
        0
      ]
    },
    {
      "Target": "Parameter",
      "Id": "Param38",
      "FadeInTime": -1.0,
      "FadeOutTime": -1.0,
      "Segments": [
        0,
        0,
        0,
        4.667,
        0
      ]
    },
    {
      "Target": "Parameter",
      "Id": "Param152",
      "FadeInTime": -1.0,
      "FadeOutTime": -1.0,
      "Segments": [
        0,
        0,
        0,
        4.667,
        0
      ]
    },
    {
      "Target": "Parameter",
      "Id": "Param153",
      "FadeInTime": -1.0,
      "FadeOutTime": -1.0,
      "Segments": [
        0,
        0,
        0,
        4.667,
        0
      ]
    },
    {
      "Target": "Parameter",
      "Id": "Param151",
      "FadeInTime": -1.0,
      "FadeOutTime": -1.0,
      "Segments": [
        0,
        0,
        0,
        4.667,
        0
      ]
    },
    {
      "Target": "Parameter",
      "Id": "MB_xingfengyaobai2",
      "FadeInTime": -1.0,
      "FadeOutTime": -1.0,
      "Segments": [
        0,
        0,
        0,
        4.667,
        0
      ]
    },
    {
      "Target": "Parameter",
      "Id": "MB_xingfengyaobai",
      "FadeInTime": -1.0,
      "FadeOutTime": -1.0,
      "Segments": [
        0,
        0,
        0,
        4.667,
        0
      ]
    },
    {
      "Target": "Parameter",
      "Id": "MB_xingfengTMD",
      "FadeInTime": -1.0,
      "FadeOutTime": -1.0,
      "Segments": [
        0,
        0,
        0,
        4.667,
        0
      ]
    },
    {
      "Target": "Parameter",
      "Id": "Param105",
      "FadeInTime": -1.0,
      "FadeOutTime": -1.0,
      "Segments": [
        0,
        0,
        0,
        4.667,
        0
      ]
    },
    {
      "Target": "Parameter",
      "Id": "Param",
      "FadeInTime": -1.0,
      "FadeOutTime": -1.0,
      "Segments": [
        0,
        10,
        0,
        4.667,
        10
      ]
    },
    {
      "Target": "Parameter",
      "Id": "Param2",
      "FadeInTime": -1.0,
      "FadeOutTime": -1.0,
      "Segments": [
        0,
        10,
        0,
        4.667,
        10
      ]
    },
    {
      "Target": "Parameter",
      "Id": "Param3",
      "FadeInTime": -1.0,
      "FadeOutTime": -1.0,
      "Segments": [
        0,
        10,
        0,
        4.667,
        10
      ]
    },
    {
      "Target": "Parameter",
      "Id": "Param32",
      "FadeInTime": -1.0,
      "FadeOutTime": -1.0,
      "Segments": [
        0,
        5,
        0,
        4.667,
        5
      ]
    },
    {
      "Target": "Parameter",
      "Id": "Param10",
      "FadeInTime": -1.0,
      "FadeOutTime": -1.0,
      "Segments": [
        0,
        0,
        0,
        4.667,
        0
      ]
    },
    {
      "Target": "Parameter",
      "Id": "Param11",
      "FadeInTime": -1.0,
      "FadeOutTime": -1.0,
      "Segments": [
        0,
        0,
        0,
        4.667,
        0
      ]
    },
    {
      "Target": "Parameter",
      "Id": "Param_Angle_Rotation_16_ArtMesh187",
      "FadeInTime": -1.0,
      "FadeOutTime": -1.0,
      "Segments": [
        0,
        0,
        0,
        4.667,
        0
      ]
    },
    {
      "Target": "Parameter",
      "Id": "Param_Angle_Rotation_17_ArtMesh187",
      "FadeInTime": -1.0,
      "FadeOutTime": -1.0,
      "Segments": [
        0,
        0,
        0,
        4.667,
        0
      ]
    },
    {
      "Target": "Parameter",
      "Id": "Param_Angle_Rotation_17_ArtMesh188",
      "FadeInTime": -1.0,
      "FadeOutTime": -1.0,
      "Segments": [
        0,
        4.1,
        0,
        4.667,
        4.1
      ]
    }
  ],
  "UserData": [
    {
      "Time": 0.0,
      "Value": ""
    },
    {
      "Time": 4.167,
      "Value": ""
    }
  ]
}