{
  "Version": 3,
  "Meta": {
    "Duration": 3.167,
    "Fps": 60.0,
    "Loop": true,
    "AreBeziersRestricted": true,
    "FadeInTime": 0.0,
    "FadeOutTime": 0.0,
    "CurveCount": 266,
    "TotalSegmentCount": 796,
    "TotalPointCount": 1040,
    "UserDataCount": 2,
    "TotalUserDataSize": 0
  },
  "Curves": [
    {
      "Target": "Parameter",
      "Id": "Paramwuli",
      "FadeInTime": -1.0,
      "FadeOutTime": -1.0,
      "Segments": [
        0,
        0,
        1,
        0.417,
        10,
        0.833,
        20,
        1.25,
        30,
        0,
        1.75,
        -30,
        0,
        2.433,
        30,
        0,
        2.95,
        0,
        2,
        3.167,
        0
      ]
    },
    {
      "Target": "Parameter",
      "Id": "Paramwuli2",
      "FadeInTime": -1.0,
      "FadeOutTime": -1.0,
      "Segments": [
        0,
        0,
        0,
        1.25,
        30,
        0,
        1.75,
        -30,
        0,
        2.433,
        30,
        0,
        2.95,
        0,
        2,
        3.167,
        0
      ]
    },
    {
      "Target": "Parameter",
      "Id": "Paramwuli3",
      "FadeInTime": -1.0,
      "FadeOutTime": -1.0,
      "Segments": [
        0,
        0,
        0,
        1.25,
        30,
        0,
        1.75,
        -30,
        0,
        2.433,
        30,
        0,
        2.95,
        0,
        2,
        3.167,
        0
      ]
    },
    {
      "Target": "Parameter",
      "Id": "Param80",
      "FadeInTime": -1.0,
      "FadeOutTime": -1.0,
      "Segments": [
        0,
        10,
        1,
        0.333,
        10,
        0.667,
        6.455,
        1,
        2,
        1,
        1.139,
        0.144,
        1.278,
        0,
        1.417,
        0,
        2,
        2.983,
        0,
        2,
        3.167,
        0
      ]
    },
    {
      "Target": "Parameter",
      "Id": "Param81",
      "FadeInTime": -1.0,
      "FadeOutTime": -1.0,
      "Segments": [
        0,
        10,
        2,
        1,
        10,
        0,
        1.417,
        0,
        2,
        2.983,
        0,
        2,
        3.167,
        0
      ]
    },
    {
      "Target": "Parameter",
      "Id": "Param84",
      "FadeInTime": -1.0,
      "FadeOutTime": -1.0,
      "Segments": [
        0,
        10,
        2,
        0.833,
        10,
        0,
        1.417,
        0,
        2,
        2.983,
        0,
        2,
        3.167,
        0
      ]
    },
    {
      "Target": "Parameter",
      "Id": "Param85",
      "FadeInTime": -1.0,
      "FadeOutTime": -1.0,
      "Segments": [
        0,
        2.53,
        0,
        0.833,
        2.48,
        0,
        1.133,
        7.994,
        1,
        1.228,
        7.994,
        1.322,
        5.915,
        1.417,
        5,
        1,
        1.806,
        1.233,
        2.194,
        0,
        2.583,
        0,
        2,
        2.983,
        0,
        2,
        3.167,
        0
      ]
    },
    {
      "Target": "Parameter",
      "Id": "Param82",
      "FadeInTime": -1.0,
      "FadeOutTime": -1.0,
      "Segments": [
        0,
        0.28,
        2,
        1.417,
        0.28,
        0,
        2,
        0,
        2,
        2.983,
        0,
        2,
        3.167,
        0
      ]
    },
    {
      "Target": "Parameter",
      "Id": "Param83",
      "FadeInTime": -1.0,
      "FadeOutTime": -1.0,
      "Segments": [
        0,
        -2.96,
        2,
        1.417,
        -2.96,
        0,
        2.983,
        0,
        2,
        3.167,
        0
      ]
    },
    {
      "Target": "Parameter",
      "Id": "Param79",
      "FadeInTime": -1.0,
      "FadeOutTime": -1.0,
      "Segments": [
        0,
        10,
        2,
        1.433,
        10,
        0,
        2.017,
        0,
        2,
        2.983,
        0,
        2,
        3.167,
        0
      ]
    },
    {
      "Target": "Parameter",
      "Id": "ParamRenwuX6",
      "FadeInTime": -1.0,
      "FadeOutTime": -1.0,
      "Segments": [
        0,
        0,
        0,
        1.083,
        -0.48,
        0,
        2,
        0.6,
        0,
        3,
        0,
        2,
        3.167,
        0
      ]
    },
    {
      "Target": "Parameter",
      "Id": "ParamRenwuX3",
      "FadeInTime": -1.0,
      "FadeOutTime": -1.0,
      "Segments": [
        0,
        0,
        2,
        1.317,
        0,
        0,
        2.067,
        -0.382,
        0,
        2.667,
        0.288,
        0,
        3.167,
        0
      ]
    },
    {
      "Target": "Parameter",
      "Id": "ParamRenwuX7",
      "FadeInTime": -1.0,
      "FadeOutTime": -1.0,
      "Segments": [
        0,
        0,
        2,
        1.083,
        0,
        0,
        2,
        0.953,
        0,
        3,
        0,
        2,
        3.167,
        0
      ]
    },
    {
      "Target": "Parameter",
      "Id": "ParamRenwuX",
      "FadeInTime": -1.0,
      "FadeOutTime": -1.0,
      "Segments": [
        0,
        -0.84,
        2,
        2.167,
        -0.84,
        0,
        3.167,
        0
      ]
    },
    {
      "Target": "Parameter",
      "Id": "ParamRenwuY",
      "FadeInTime": -1.0,
      "FadeOutTime": -1.0,
      "Segments": [
        0,
        -0.66,
        2,
        2.167,
        -0.66,
        0,
        3.167,
        0
      ]
    },
    {
      "Target": "Parameter",
      "Id": "ParamRenwuZ",
      "FadeInTime": -1.0,
      "FadeOutTime": -1.0,
      "Segments": [
        0,
        3.36,
        2,
        2.167,
        3.36,
        0,
        3.167,
        0
      ]
    },
    {
      "Target": "Parameter",
      "Id": "ParamEyeLOpen",
      "FadeInTime": -1.0,
      "FadeOutTime": -1.0,
      "Segments": [
        0,
        0.8,
        2,
        0.533,
        0.8,
        0,
        0.717,
        0,
        0,
        0.933,
        0.8,
        2,
        1.9,
        0.8,
        0,
        2.083,
        0,
        2,
        2.533,
        0,
        0,
        2.8,
        1,
        2,
        3,
        1,
        2,
        3.167,
        1
      ]
    },
    {
      "Target": "Parameter",
      "Id": "ParamEyeROpen",
      "FadeInTime": -1.0,
      "FadeOutTime": -1.0,
      "Segments": [
        0,
        0.8,
        2,
        0.533,
        0.8,
        0,
        0.717,
        0,
        0,
        0.933,
        0.8,
        2,
        1.9,
        0.8,
        0,
        2.083,
        0,
        2,
        2.533,
        0,
        0,
        2.8,
        1,
        2,
        3,
        1,
        2,
        3.167,
        1
      ]
    },
    {
      "Target": "Parameter",
      "Id": "ParamCheek",
      "FadeInTime": -1.0,
      "FadeOutTime": -1.0,
      "Segments": [
        0,
        0.8,
        0,
        3,
        0,
        2,
        3.167,
        0
      ]
    },
    {
      "Target": "Parameter",
      "Id": "Param87",
      "FadeInTime": -1.0,
      "FadeOutTime": -1.0,
      "Segments": [
        0,
        10,
        0,
        3,
        0,
        2,
        3.167,
        0
      ]
    },
    {
      "Target": "Parameter",
      "Id": "Param86",
      "FadeInTime": -1.0,
      "FadeOutTime": -1.0,
      "Segments": [
        0,
        0,
        0,
        0.25,
        10,
        0,
        0.417,
        0,
        0,
        0.667,
        10,
        0,
        0.833,
        0,
        0,
        1.083,
        10,
        0,
        1.25,
        0,
        0,
        1.5,
        10,
        0,
        1.667,
        0,
        0,
        1.917,
        10,
        0,
        2.083,
        0,
        0,
        2.333,
        10,
        0,
        2.5,
        0,
        0,
        2.75,
        10,
        0,
        2.917,
        0,
        0,
        3,
        5,
        2,
        3.167,
        5
      ]
    },
    {
      "Target": "Parameter",
      "Id": "ParamAngleX",
      "FadeInTime": -1.0,
      "FadeOutTime": -1.0,
      "Segments": [
        0,
        -0.212,
        0,
        1.083,
        -0.149,
        0,
        2,
        -26.319,
        0,
        3,
        0,
        2,
        3.167,
        0
      ]
    },
    {
      "Target": "Parameter",
      "Id": "ParamAngleY",
      "FadeInTime": -1.0,
      "FadeOutTime": -1.0,
      "Segments": [
        0,
        -1.918,
        0,
        0.667,
        0,
        1,
        0.917,
        0,
        1.167,
        0.076,
        1.417,
        -0.165,
        1,
        1.722,
        -0.46,
        2.028,
        -24.752,
        2.333,
        -24.752,
        0,
        3,
        -1.953,
        2,
        3.167,
        -1.953
      ]
    },
    {
      "Target": "Parameter",
      "Id": "ParamAngleZ",
      "FadeInTime": -1.0,
      "FadeOutTime": -1.0,
      "Segments": [
        0,
        -0.211,
        0,
        0.5,
        0,
        1,
        0.806,
        0,
        1.111,
        0.01,
        1.417,
        -0.031,
        1,
        1.722,
        -0.072,
        2.028,
        -3.568,
        2.333,
        -3.568,
        0,
        3,
        -0.224,
        2,
        3.167,
        -0.224
      ]
    },
    {
      "Target": "Parameter",
      "Id": "ParamAngleZ2",
      "FadeInTime": -1.0,
      "FadeOutTime": -1.0,
      "Segments": [
        0,
        0.07,
        1,
        0.083,
        0.07,
        0.167,
        0.003,
        0.25,
        0,
        1,
        0.583,
        -0.011,
        0.917,
        -0.01,
        1.25,
        -0.027,
        1,
        1.556,
        -0.043,
        1.861,
        -3.452,
        2.167,
        -3.452,
        0,
        3,
        -0.051,
        2,
        3.167,
        -0.051
      ]
    },
    {
      "Target": "Parameter",
      "Id": "ParamBodyAngleX",
      "FadeInTime": -1.0,
      "FadeOutTime": -1.0,
      "Segments": [
        0,
        -10,
        0,
        1.083,
        -2.48,
        0,
        2,
        -10,
        0,
        3,
        0,
        2,
        3.167,
        0
      ]
    },
    {
      "Target": "Parameter",
      "Id": "ParamBodyAngleZ",
      "FadeInTime": -1.0,
      "FadeOutTime": -1.0,
      "Segments": [
        0,
        -1.68,
        0,
        1.25,
        -1.19,
        0,
        2.167,
        -10,
        0,
        3,
        -0.03,
        2,
        3.167,
        -0.03
      ]
    },
    {
      "Target": "Parameter",
      "Id": "ParamBodyAngleZ2",
      "FadeInTime": -1.0,
      "FadeOutTime": -1.0,
      "Segments": [
        0,
        1.272,
        0,
        1.083,
        0.894,
        0,
        2,
        5.718,
        0,
        3,
        0,
        2,
        3.167,
        0
      ]
    },
    {
      "Target": "Parameter",
      "Id": "ParamJianbangL",
      "FadeInTime": -1.0,
      "FadeOutTime": -1.0,
      "Segments": [
        0,
        0.962,
        0,
        0.333,
        0,
        0,
        1.083,
        0.201,
        0,
        2,
        -12.924,
        0,
        3,
        1.04,
        2,
        3.167,
        1.04
      ]
    },
    {
      "Target": "Parameter",
      "Id": "Param33",
      "FadeInTime": -1.0,
      "FadeOutTime": -1.0,
      "Segments": [
        0,
        0.683,
        1,
        0.361,
        0.683,
        0.722,
        0.715,
        1.083,
        0.777,
        1,
        1.389,
        0.829,
        1.694,
        0.885,
        2,
        0.931,
        1,
        2.333,
        0.981,
        2.667,
        1,
        3,
        1,
        2,
        3.167,
        1
      ]
    },
    {
      "Target": "Parameter",
      "Id": "Param42",
      "FadeInTime": -1.0,
      "FadeOutTime": -1.0,
      "Segments": [
        0,
        0.778,
        2,
        0.167,
        0.778,
        2,
        1.25,
        0.778,
        0,
        2.167,
        -1.444,
        0,
        3.167,
        -0.504
      ]
    },
    {
      "Target": "Parameter",
      "Id": "Param43",
      "FadeInTime": -1.0,
      "FadeOutTime": -1.0,
      "Segments": [
        0,
        4.037,
        2,
        0.25,
        4.037,
        2,
        1.333,
        4.037,
        0,
        2.25,
        -0.163,
        0,
        3.167,
        -0.083
      ]
    },
    {
      "Target": "Parameter",
      "Id": "Param44",
      "FadeInTime": -1.0,
      "FadeOutTime": -1.0,
      "Segments": [
        0,
        -7.592,
        2,
        0.333,
        -7.592,
        2,
        1.417,
        -7.592,
        0,
        1.833,
        4.124,
        0,
        2.333,
        -6.99,
        0,
        3.167,
        -5.379
      ]
    },
    {
      "Target": "Parameter",
      "Id": "Param45",
      "FadeInTime": -1.0,
      "FadeOutTime": -1.0,
      "Segments": [
        0,
        0,
        2,
        0.167,
        0,
        2,
        1.25,
        0,
        0,
        2.167,
        -3,
        2,
        3.167,
        -3
      ]
    },
    {
      "Target": "Parameter",
      "Id": "Param46",
      "FadeInTime": -1.0,
      "FadeOutTime": -1.0,
      "Segments": [
        0,
        0,
        2,
        0.167,
        0,
        2,
        1.25,
        0,
        0,
        2.167,
        3,
        2,
        3.167,
        3
      ]
    },
    {
      "Target": "Parameter",
      "Id": "ParamA1zuoshoudonghua",
      "FadeInTime": -1.0,
      "FadeOutTime": -1.0,
      "Segments": [
        0,
        10,
        2,
        0.167,
        10,
        2,
        1.417,
        10,
        0,
        1.833,
        0,
        0,
        2.333,
        10,
        0,
        3.167,
        -6.88
      ]
    },
    {
      "Target": "Parameter",
      "Id": "ParamA1zuoshouxingbian",
      "FadeInTime": -1.0,
      "FadeOutTime": -1.0,
      "Segments": [
        0,
        10,
        2,
        0.167,
        10,
        2,
        1.417,
        10,
        0,
        1.833,
        0,
        0,
        2.333,
        10,
        0,
        3.167,
        -1.88
      ]
    },
    {
      "Target": "Parameter",
      "Id": "Param68",
      "FadeInTime": -1.0,
      "FadeOutTime": -1.0,
      "Segments": [
        0,
        10,
        2,
        0.167,
        10,
        2,
        1.267,
        10,
        0,
        1.65,
        0,
        2,
        3.167,
        0
      ]
    },
    {
      "Target": "Parameter",
      "Id": "Param101",
      "FadeInTime": -1.0,
      "FadeOutTime": -1.0,
      "Segments": [
        0,
        5,
        2,
        0.167,
        5,
        2,
        1.25,
        5,
        0,
        2.167,
        10,
        2,
        3.167,
        10
      ]
    },
    {
      "Target": "Parameter",
      "Id": "ParamShangBiR",
      "FadeInTime": -1.0,
      "FadeOutTime": -1.0,
      "Segments": [
        0,
        1.787,
        1,
        0.361,
        1.787,
        0.722,
        1.807,
        1.083,
        1.69,
        1,
        1.389,
        1.591,
        1.694,
        -2.486,
        2,
        -2.486,
        0,
        3,
        0,
        2,
        3.167,
        0
      ]
    },
    {
      "Target": "Parameter",
      "Id": "ParamXiaBiR",
      "FadeInTime": -1.0,
      "FadeOutTime": -1.0,
      "Segments": [
        0,
        4.118,
        2,
        0.083,
        4.118,
        0,
        1.167,
        4.294,
        0,
        2.083,
        -0.38,
        0,
        3,
        1,
        2,
        3.167,
        1
      ]
    },
    {
      "Target": "Parameter",
      "Id": "ParamSouR",
      "FadeInTime": -1.0,
      "FadeOutTime": -1.0,
      "Segments": [
        0,
        -4.072,
        2,
        0.167,
        -4.072,
        2,
        1.25,
        -4.072,
        0,
        2.167,
        0,
        2,
        3,
        0,
        2,
        3.167,
        0
      ]
    },
    {
      "Target": "Parameter",
      "Id": "ParamShangBiRUD",
      "FadeInTime": -1.0,
      "FadeOutTime": -1.0,
      "Segments": [
        0,
        -1.92,
        2,
        1.083,
        -1.92,
        0,
        2,
        -5,
        0,
        3,
        0,
        2,
        3.167,
        0
      ]
    },
    {
      "Target": "Parameter",
      "Id": "ParamXiaBiRUD",
      "FadeInTime": -1.0,
      "FadeOutTime": -1.0,
      "Segments": [
        0,
        0,
        2,
        1.083,
        0,
        0,
        2,
        -10,
        0,
        3,
        0,
        2,
        3.167,
        0
      ]
    },
    {
      "Target": "Parameter",
      "Id": "Param70",
      "FadeInTime": -1.0,
      "FadeOutTime": -1.0,
      "Segments": [
        0,
        10,
        2,
        1.083,
        10,
        0,
        2,
        0,
        2,
        3,
        0,
        2,
        3.167,
        0
      ]
    },
    {
      "Target": "Parameter",
      "Id": "Param53",
      "FadeInTime": -1.0,
      "FadeOutTime": -1.0,
      "Segments": [
        0,
        0,
        2,
        1.083,
        0,
        0,
        2,
        1,
        2,
        3,
        1,
        2,
        3.167,
        1
      ]
    },
    {
      "Target": "Parameter",
      "Id": "Param41",
      "FadeInTime": -1.0,
      "FadeOutTime": -1.0,
      "Segments": [
        0,
        1,
        2,
        1.083,
        1,
        0,
        2,
        0,
        2,
        3,
        0,
        2,
        3.167,
        0
      ]
    },
    {
      "Target": "Parameter",
      "Id": "ParamDaTuiL",
      "FadeInTime": -1.0,
      "FadeOutTime": -1.0,
      "Segments": [
        0,
        -0.679,
        0,
        0.333,
        -0.668,
        1,
        0.583,
        -0.668,
        0.833,
        -0.646,
        1.083,
        -0.733,
        1,
        1.389,
        -0.839,
        1.694,
        -1.61,
        2,
        -1.61,
        0,
        3,
        -1.034,
        2,
        3.167,
        -1.034
      ]
    },
    {
      "Target": "Parameter",
      "Id": "ParamXiaoTuiL",
      "FadeInTime": -1.0,
      "FadeOutTime": -1.0,
      "Segments": [
        0,
        -3.738,
        0,
        0.583,
        -3.699,
        0,
        1.25,
        -3.803,
        0,
        2.167,
        1.273,
        0,
        3,
        -0.105,
        2,
        3.167,
        -0.105
      ]
    },
    {
      "Target": "Parameter",
      "Id": "ParamJiaoL",
      "FadeInTime": -1.0,
      "FadeOutTime": -1.0,
      "Segments": [
        0,
        0.841,
        0,
        0.833,
        1.877,
        1,
        1.028,
        1.877,
        1.222,
        1.889,
        1.417,
        1.721,
        1,
        1.545,
        1.61,
        1.672,
        -1.273,
        1.8,
        -1.273,
        0,
        2.333,
        2.13,
        0,
        3,
        -0.724,
        2,
        3.167,
        -0.724
      ]
    },
    {
      "Target": "Parameter",
      "Id": "Param22",
      "FadeInTime": -1.0,
      "FadeOutTime": -1.0,
      "Segments": [
        0,
        0.147,
        0,
        0.333,
        0,
        0,
        1.083,
        0.658,
        0,
        2,
        0.147,
        2,
        3,
        0.147,
        2,
        3.167,
        0.147
      ]
    },
    {
      "Target": "Parameter",
      "Id": "ParamDaTuiR",
      "FadeInTime": -1.0,
      "FadeOutTime": -1.0,
      "Segments": [
        0,
        4.369,
        2,
        0.167,
        4.369,
        0,
        0.583,
        4.459,
        1,
        0.805,
        4.459,
        1.028,
        4.484,
        1.25,
        4.409,
        1,
        1.556,
        4.306,
        1.861,
        2.671,
        2.167,
        2.671,
        0,
        3,
        2.939,
        2,
        3.167,
        2.939
      ]
    },
    {
      "Target": "Parameter",
      "Id": "ParamXiaoTuiR",
      "FadeInTime": -1.0,
      "FadeOutTime": -1.0,
      "Segments": [
        0,
        -0.743,
        2,
        0.167,
        -0.743,
        0,
        0.833,
        -0.165,
        1,
        1.028,
        -0.165,
        1.222,
        -0.147,
        1.417,
        -0.205,
        1,
        1.722,
        -0.296,
        2.028,
        -0.752,
        2.333,
        -0.752,
        0,
        3,
        -0.309,
        2,
        3.167,
        -0.309
      ]
    },
    {
      "Target": "Parameter",
      "Id": "ParamJiaoR",
      "FadeInTime": -1.0,
      "FadeOutTime": -1.0,
      "Segments": [
        0,
        -0.184,
        2,
        0.167,
        -0.184,
        1,
        0.472,
        -0.184,
        0.778,
        0.316,
        1.083,
        1.67,
        1,
        1.244,
        2.384,
        1.406,
        2.977,
        1.567,
        2.977,
        0,
        2.35,
        -0.809,
        0,
        3,
        -0.184,
        2,
        3.167,
        -0.184
      ]
    },
    {
      "Target": "Parameter",
      "Id": "Param5",
      "FadeInTime": -1.0,
      "FadeOutTime": -1.0,
      "Segments": [
        0,
        -1,
        2,
        2,
        -1,
        0,
        3,
        0,
        2,
        3.167,
        0
      ]
    },
    {
      "Target": "Parameter",
      "Id": "Param77",
      "FadeInTime": -1.0,
      "FadeOutTime": -1.0,
      "Segments": [
        0,
        0,
        2,
        2,
        0,
        0,
        3,
        10,
        2,
        3.167,
        10
      ]
    },
    {
      "Target": "Parameter",
      "Id": "Param76",
      "FadeInTime": -1.0,
      "FadeOutTime": -1.0,
      "Segments": [
        0,
        -10,
        2,
        2,
        -10,
        2,
        2.6,
        -10,
        0,
        3,
        0,
        2,
        3.167,
        0
      ]
    },
    {
      "Target": "Parameter",
      "Id": "Param74",
      "FadeInTime": -1.0,
      "FadeOutTime": -1.0,
      "Segments": [
        0,
        0,
        0,
        2,
        -10,
        1,
        2.2,
        -10,
        2.4,
        -9.203,
        2.6,
        -5.58,
        1,
        2.733,
        -3.165,
        2.867,
        0,
        3,
        0,
        2,
        3.167,
        0
      ]
    },
    {
      "Target": "Parameter",
      "Id": "Param73",
      "FadeInTime": -1.0,
      "FadeOutTime": -1.0,
      "Segments": [
        0,
        10,
        2,
        2,
        10,
        0,
        3,
        0,
        2,
        3.167,
        0
      ]
    },
    {
      "Target": "Parameter",
      "Id": "ParamOPRX1",
      "FadeInTime": -1.0,
      "FadeOutTime": -1.0,
      "Segments": [
        0,
        0.113,
        0,
        0.267,
        -2.647,
        0,
        0.567,
        -1.234,
        0,
        0.583,
        -1.242,
        0,
        0.6,
        -1.232,
        0,
        0.617,
        -1.252,
        0,
        0.633,
        -1.248,
        0,
        0.65,
        -1.269,
        0,
        0.667,
        -1.263,
        0,
        0.7,
        -1.279,
        0,
        1.467,
        13.559,
        0,
        1.833,
        -13.069,
        0,
        2.133,
        -1.882,
        0,
        2.25,
        -2.458,
        0,
        2.567,
        6.888,
        0,
        2.983,
        -4.07,
        1,
        3.044,
        -4.07,
        3.106,
        -0.808,
        3.167,
        0.932
      ]
    },
    {
      "Target": "Parameter",
      "Id": "ParamOPRY1",
      "FadeInTime": -1.0,
      "FadeOutTime": -1.0,
      "Segments": [
        0,
        0.113,
        0,
        0.267,
        -2.647,
        0,
        1.467,
        13.559,
        0,
        1.833,
        -13.069,
        0,
        2.567,
        6.888,
        0,
        2.983,
        -4.07,
        0,
        3.167,
        0
      ]
    },
    {
      "Target": "Parameter",
      "Id": "ParamOPRY2",
      "FadeInTime": -1.0,
      "FadeOutTime": -1.0,
      "Segments": [
        0,
        0.22,
        0,
        0.133,
        1.502,
        0,
        0.45,
        -3.162,
        0,
        0.7,
        -1.123,
        0,
        0.933,
        -2.073,
        0,
        1.25,
        -0.2,
        0,
        1.383,
        -4.215,
        0,
        1.667,
        18.703,
        0,
        2,
        -14.914,
        0,
        2.25,
        0.336,
        0,
        2.483,
        -6.978,
        0,
        2.767,
        8.861,
        0,
        3.133,
        -6.105,
        1,
        3.144,
        -6.105,
        3.156,
        -5.947,
        3.167,
        -5.67
      ]
    },
    {
      "Target": "Parameter",
      "Id": "ParamOPLX1",
      "FadeInTime": -1.0,
      "FadeOutTime": -1.0,
      "Segments": [
        0,
        -1.901,
        0,
        0.267,
        2.589,
        0,
        0.55,
        -1.526,
        0,
        0.817,
        1.194,
        0,
        1.117,
        -1.137,
        0,
        1.283,
        -0.684,
        0,
        1.5,
        -7.182,
        0,
        1.783,
        13.993,
        0,
        2.1,
        -11.628,
        0,
        2.367,
        7.041,
        0,
        2.617,
        -7.816,
        0,
        2.9,
        7.59,
        1,
        2.989,
        7.59,
        3.078,
        -1.301,
        3.167,
        -4.857
      ]
    },
    {
      "Target": "Parameter",
      "Id": "ParamTuiRou1",
      "FadeInTime": -1.0,
      "FadeOutTime": -1.0,
      "Segments": [
        0,
        0.113,
        0,
        0.267,
        -2.647,
        0,
        0.567,
        -1.234,
        0,
        0.583,
        -1.242,
        0,
        0.6,
        -1.232,
        0,
        0.617,
        -1.252,
        0,
        0.633,
        -1.248,
        0,
        0.65,
        -1.269,
        0,
        0.667,
        -1.263,
        0,
        0.7,
        -1.279,
        0,
        1.467,
        13.559,
        0,
        1.833,
        -13.069,
        0,
        2.133,
        -1.882,
        0,
        2.25,
        -2.458,
        0,
        2.567,
        6.888,
        0,
        2.983,
        -4.07,
        1,
        3.044,
        -4.07,
        3.106,
        -0.808,
        3.167,
        0.932
      ]
    },
    {
      "Target": "Parameter",
      "Id": "ParamTuiRou2",
      "FadeInTime": -1.0,
      "FadeOutTime": -1.0,
      "Segments": [
        0,
        0.22,
        0,
        0.133,
        1.502,
        0,
        0.45,
        -3.162,
        0,
        0.7,
        -1.123,
        0,
        0.933,
        -2.073,
        0,
        1.25,
        -0.2,
        0,
        1.383,
        -4.215,
        0,
        1.667,
        18.703,
        0,
        2,
        -14.914,
        0,
        2.25,
        0.336,
        0,
        2.483,
        -6.978,
        0,
        2.767,
        8.861,
        0,
        3.133,
        -6.105,
        1,
        3.144,
        -6.105,
        3.156,
        -5.947,
        3.167,
        -5.67
      ]
    },
    {
      "Target": "Parameter",
      "Id": "ParamTuiRou3",
      "FadeInTime": -1.0,
      "FadeOutTime": -1.0,
      "Segments": [
        0,
        -1.901,
        0,
        0.267,
        2.589,
        0,
        0.55,
        -1.526,
        0,
        0.817,
        1.194,
        0,
        1.117,
        -1.137,
        0,
        1.283,
        -0.684,
        0,
        1.5,
        -7.182,
        0,
        1.783,
        13.993,
        0,
        2.1,
        -11.628,
        0,
        2.367,
        7.041,
        0,
        2.617,
        -7.816,
        0,
        2.9,
        7.59,
        1,
        2.989,
        7.59,
        3.078,
        -1.301,
        3.167,
        -4.857
      ]
    },
    {
      "Target": "Parameter",
      "Id": "Param29",
      "FadeInTime": -1.0,
      "FadeOutTime": -1.0,
      "Segments": [
        0,
        0,
        0,
        0.25,
        -0.739,
        0,
        0.517,
        -0.187,
        0,
        0.733,
        -0.341,
        0,
        1.467,
        4.285,
        0,
        1.817,
        -4.38,
        0,
        2.133,
        -0.223,
        0,
        2.25,
        -0.403,
        0,
        2.567,
        2.515,
        0,
        2.983,
        -1.583,
        1,
        3.044,
        -1.583,
        3.106,
        -0.474,
        3.167,
        0.219
      ]
    },
    {
      "Target": "Parameter",
      "Id": "Param30",
      "FadeInTime": -1.0,
      "FadeOutTime": -1.0,
      "Segments": [
        0,
        0,
        0,
        0.183,
        0.56,
        0,
        0.433,
        -0.961,
        0,
        0.683,
        -0.043,
        0,
        0.95,
        -0.566,
        0,
        1.25,
        -0.061,
        0,
        1.383,
        -1.714,
        0,
        1.667,
        6.111,
        0,
        2,
        -5.2,
        0,
        2.267,
        0.371,
        0,
        2.483,
        -1.936,
        0,
        2.767,
        3.242,
        0,
        3.15,
        -2.242,
        1,
        3.156,
        -2.242,
        3.161,
        -2.227,
        3.167,
        -2.2
      ]
    },
    {
      "Target": "Parameter",
      "Id": "ParamQianFa1_1",
      "FadeInTime": -1.0,
      "FadeOutTime": -1.0,
      "Segments": [
        0,
        0.17,
        0,
        0.133,
        -2.465,
        0,
        0.4,
        1.147,
        0,
        0.667,
        -1.097,
        0,
        0.933,
        0.298,
        0,
        1.117,
        -0.358,
        0,
        1.45,
        14.128,
        0,
        1.783,
        -15.665,
        0,
        2.083,
        2.206,
        0,
        2.267,
        -1.834,
        0,
        2.55,
        8.34,
        0,
        2.917,
        -4.85,
        1,
        3,
        -4.85,
        3.084,
        1.204,
        3.167,
        2.629
      ]
    },
    {
      "Target": "Parameter",
      "Id": "ParamQianFa1_2",
      "FadeInTime": -1.0,
      "FadeOutTime": -1.0,
      "Segments": [
        0,
        -0.17,
        0,
        0.1,
        1.802,
        0,
        0.317,
        -4.097,
        0,
        0.583,
        1.481,
        0,
        0.85,
        -2.6,
        0,
        1.1,
        0.106,
        0,
        1.367,
        -7.021,
        0,
        1.633,
        23.496,
        0,
        1.967,
        -17.769,
        0,
        2.217,
        2.016,
        0,
        2.467,
        -10.504,
        0,
        2.75,
        12.189,
        0,
        3.1,
        -7.004,
        1,
        3.122,
        -7.004,
        3.145,
        -6.238,
        3.167,
        -5.09
      ]
    },
    {
      "Target": "Parameter",
      "Id": "ParamQianFa1_3",
      "FadeInTime": -1.0,
      "FadeOutTime": -1.0,
      "Segments": [
        0,
        0,
        2,
        0.05,
        0,
        0,
        0.2,
        2.165,
        0,
        0.45,
        -3.186,
        0,
        0.7,
        3.008,
        0,
        0.967,
        -2.334,
        0,
        1.217,
        1.379,
        0,
        1.483,
        -9.08,
        0,
        1.75,
        18.102,
        0,
        2.05,
        -16.549,
        0,
        2.333,
        11.018,
        0,
        2.583,
        -11.489,
        0,
        2.867,
        11.857,
        1,
        2.967,
        11.857,
        3.067,
        -6.908,
        3.167,
        -8.884
      ]
    },
    {
      "Target": "Parameter",
      "Id": "ParamQianFa1_4",
      "FadeInTime": -1.0,
      "FadeOutTime": -1.0,
      "Segments": [
        0,
        0,
        2,
        0.133,
        0,
        0,
        0.283,
        2.318,
        0,
        0.55,
        -3.943,
        0,
        0.817,
        4.247,
        0,
        1.083,
        -3.646,
        0,
        1.317,
        2.154,
        0,
        1.55,
        -9.922,
        0,
        1.833,
        21.46,
        0,
        2.133,
        -22.535,
        0,
        2.433,
        16.821,
        0,
        2.7,
        -16.243,
        0,
        2.967,
        17.023,
        1,
        3.034,
        17.023,
        3.1,
        3.076,
        3.167,
        -6.223
      ]
    },
    {
      "Target": "Parameter",
      "Id": "ParamQianFa2_1",
      "FadeInTime": -1.0,
      "FadeOutTime": -1.0,
      "Segments": [
        0,
        0.17,
        0,
        0.15,
        -2.899,
        0,
        0.433,
        1.365,
        0,
        0.717,
        -1.312,
        0,
        1,
        0.371,
        0,
        1.133,
        0.069,
        0,
        1.467,
        15.995,
        0,
        1.817,
        -19.554,
        0,
        2.133,
        4.356,
        0,
        2.333,
        -0.751,
        0,
        2.6,
        8.734,
        0,
        2.967,
        -7.647,
        1,
        3.034,
        -7.647,
        3.1,
        -1.416,
        3.167,
        2.249
      ]
    },
    {
      "Target": "Parameter",
      "Id": "ParamQianFa2_2",
      "FadeInTime": -1.0,
      "FadeOutTime": -1.0,
      "Segments": [
        0,
        -0.17,
        0,
        0.1,
        2.247,
        0,
        0.35,
        -4.345,
        0,
        0.633,
        1.6,
        0,
        0.917,
        -2.69,
        0,
        1.15,
        -0.225,
        0,
        1.383,
        -7.861,
        0,
        1.667,
        24.598,
        0,
        2,
        -19.504,
        0,
        2.283,
        2.533,
        0,
        2.517,
        -9.581,
        0,
        2.817,
        12.646,
        0,
        3.15,
        -10.065,
        1,
        3.156,
        -10.065,
        3.161,
        -10.004,
        3.167,
        -9.89
      ]
    },
    {
      "Target": "Parameter",
      "Id": "ParamQianFa2_3",
      "FadeInTime": -1.0,
      "FadeOutTime": -1.0,
      "Segments": [
        0,
        0,
        2,
        0.067,
        0,
        0,
        0.217,
        2.27,
        0,
        0.467,
        -3.288,
        0,
        0.75,
        3.084,
        0,
        1.033,
        -2.375,
        0,
        1.267,
        1,
        0,
        1.5,
        -8.843,
        0,
        1.767,
        18.537,
        0,
        2.083,
        -17.469,
        0,
        2.383,
        10.935,
        0,
        2.65,
        -10.823,
        0,
        2.933,
        11.878,
        1,
        3.011,
        11.878,
        3.089,
        -0.679,
        3.167,
        -7.288
      ]
    },
    {
      "Target": "Parameter",
      "Id": "ParamQianFa2_4",
      "FadeInTime": -1.0,
      "FadeOutTime": -1.0,
      "Segments": [
        0,
        0,
        2,
        0.15,
        0,
        0,
        0.317,
        2.383,
        0,
        0.583,
        -4.088,
        0,
        0.85,
        4.392,
        0,
        1.133,
        -3.779,
        0,
        1.367,
        1.318,
        0,
        1.583,
        -9.264,
        0,
        1.85,
        21.783,
        0,
        2.167,
        -23.586,
        0,
        2.483,
        16.845,
        0,
        2.75,
        -15.517,
        0,
        3.033,
        16.878,
        1,
        3.078,
        16.878,
        3.122,
        10.306,
        3.167,
        3.004
      ]
    },
    {
      "Target": "Parameter",
      "Id": "ParamQianFa3_1",
      "FadeInTime": -1.0,
      "FadeOutTime": -1.0,
      "Segments": [
        0,
        0.17,
        0,
        0.15,
        -2.899,
        0,
        0.433,
        1.365,
        0,
        0.717,
        -1.312,
        0,
        1,
        0.371,
        0,
        1.133,
        0.069,
        0,
        1.467,
        15.995,
        0,
        1.817,
        -19.554,
        0,
        2.133,
        4.356,
        0,
        2.333,
        -0.751,
        0,
        2.6,
        8.734,
        0,
        2.967,
        -7.647,
        1,
        3.034,
        -7.647,
        3.1,
        -1.416,
        3.167,
        2.249
      ]
    },
    {
      "Target": "Parameter",
      "Id": "ParamQianFa3_2",
      "FadeInTime": -1.0,
      "FadeOutTime": -1.0,
      "Segments": [
        0,
        -0.17,
        0,
        0.1,
        2.247,
        0,
        0.35,
        -4.345,
        0,
        0.633,
        1.6,
        0,
        0.917,
        -2.69,
        0,
        1.15,
        -0.225,
        0,
        1.383,
        -7.861,
        0,
        1.667,
        24.598,
        0,
        2,
        -19.504,
        0,
        2.283,
        2.533,
        0,
        2.517,
        -9.581,
        0,
        2.817,
        12.646,
        0,
        3.15,
        -10.065,
        1,
        3.156,
        -10.065,
        3.161,
        -10.004,
        3.167,
        -9.89
      ]
    },
    {
      "Target": "Parameter",
      "Id": "ParamQianFa3_3",
      "FadeInTime": -1.0,
      "FadeOutTime": -1.0,
      "Segments": [
        0,
        0,
        2,
        0.067,
        0,
        0,
        0.217,
        2.27,
        0,
        0.467,
        -3.288,
        0,
        0.75,
        3.084,
        0,
        1.033,
        -2.375,
        0,
        1.267,
        1,
        0,
        1.5,
        -8.843,
        0,
        1.767,
        18.537,
        0,
        2.083,
        -17.469,
        0,
        2.383,
        10.935,
        0,
        2.65,
        -10.823,
        0,
        2.933,
        11.878,
        1,
        3.011,
        11.878,
        3.089,
        -0.679,
        3.167,
        -7.288
      ]
    },
    {
      "Target": "Parameter",
      "Id": "ParamQianFa3_4",
      "FadeInTime": -1.0,
      "FadeOutTime": -1.0,
      "Segments": [
        0,
        0,
        2,
        0.15,
        0,
        0,
        0.317,
        2.383,
        0,
        0.583,
        -4.088,
        0,
        0.85,
        4.392,
        0,
        1.133,
        -3.779,
        0,
        1.367,
        1.318,
        0,
        1.583,
        -9.264,
        0,
        1.85,
        21.783,
        0,
        2.167,
        -23.586,
        0,
        2.483,
        16.845,
        0,
        2.75,
        -15.517,
        0,
        3.033,
        16.878,
        1,
        3.078,
        16.878,
        3.122,
        10.306,
        3.167,
        3.004
      ]
    },
    {
      "Target": "Parameter",
      "Id": "Param19",
      "FadeInTime": -1.0,
      "FadeOutTime": -1.0,
      "Segments": [
        0,
        0,
        1,
        1.056,
        5.419,
        2.111,
        10.838,
        3.167,
        16.257
      ]
    },
    {
      "Target": "Parameter",
      "Id": "Param16",
      "FadeInTime": -1.0,
      "FadeOutTime": -1.0,
      "Segments": [
        0,
        0,
        0,
        2.567,
        9,
        1,
        2.767,
        9,
        2.967,
        8.521,
        3.167,
        7.783
      ]
    },
    {
      "Target": "Parameter",
      "Id": "Param14",
      "FadeInTime": -1.0,
      "FadeOutTime": -1.0,
      "Segments": [
        0,
        0,
        1,
        1.056,
        0.677,
        2.111,
        1.355,
        3.167,
        2.032
      ]
    },
    {
      "Target": "Parameter",
      "Id": "Param15",
      "FadeInTime": -1.0,
      "FadeOutTime": -1.0,
      "Segments": [
        0,
        0,
        2,
        1.233,
        0,
        0,
        1.3,
        10,
        0,
        1.383,
        8.228,
        0,
        1.45,
        10,
        0,
        1.55,
        7.31,
        1,
        1.578,
        7.31,
        1.605,
        9.944,
        1.633,
        9.948,
        1,
        1.916,
        9.986,
        2.2,
        10,
        2.483,
        10,
        0,
        2.567,
        6.706,
        0,
        2.633,
        10,
        0,
        2.717,
        8.215,
        0,
        2.8,
        9.995,
        1,
        2.922,
        9.996,
        3.045,
        9.997,
        3.167,
        9.998
      ]
    },
    {
      "Target": "Parameter",
      "Id": "Param18",
      "FadeInTime": -1.0,
      "FadeOutTime": -1.0,
      "Segments": [
        0,
        5,
        1,
        1.056,
        5.677,
        2.111,
        6.355,
        3.167,
        7.032
      ]
    },
    {
      "Target": "Parameter",
      "Id": "Param17",
      "FadeInTime": -1.0,
      "FadeOutTime": -1.0,
      "Segments": [
        0,
        0,
        2,
        0.85,
        0,
        0,
        0.917,
        10,
        0,
        1,
        8.228,
        0,
        1.067,
        10,
        0,
        1.167,
        7.31,
        1,
        1.195,
        7.31,
        1.222,
        9.943,
        1.25,
        9.948,
        1,
        1.472,
        9.987,
        1.695,
        10,
        1.917,
        10,
        0,
        2,
        6.706,
        0,
        2.067,
        10,
        0,
        2.15,
        8.215,
        0,
        2.233,
        9.995,
        1,
        2.516,
        9.999,
        2.8,
        10,
        3.083,
        10,
        0,
        3.167,
        6.706
      ]
    },
    {
      "Target": "Parameter",
      "Id": "Param6",
      "FadeInTime": -1.0,
      "FadeOutTime": -1.0,
      "Segments": [
        0,
        2.91,
        0,
        2.583,
        -2.913,
        1,
        2.778,
        -2.913,
        2.972,
        -2.62,
        3.167,
        -2.165
      ]
    },
    {
      "Target": "Parameter",
      "Id": "Param7",
      "FadeInTime": -1.0,
      "FadeOutTime": -1.0,
      "Segments": [
        0,
        2,
        0,
        0.85,
        4.016,
        1,
        1.622,
        4.016,
        2.395,
        -2.361,
        3.167,
        -3.751
      ]
    },
    {
      "Target": "Parameter",
      "Id": "Param8",
      "FadeInTime": -1.0,
      "FadeOutTime": -1.0,
      "Segments": [
        0,
        -2.32,
        0,
        1.717,
        4.987,
        1,
        2.2,
        4.987,
        2.684,
        1.885,
        3.167,
        -0.859
      ]
    },
    {
      "Target": "Parameter",
      "Id": "Param9",
      "FadeInTime": -1.0,
      "FadeOutTime": -1.0,
      "Segments": [
        0,
        -7.74,
        0,
        2.583,
        7.743,
        1,
        2.778,
        7.743,
        2.972,
        6.963,
        3.167,
        5.754
      ]
    },
    {
      "Target": "Parameter",
      "Id": "Param12",
      "FadeInTime": -1.0,
      "FadeOutTime": -1.0,
      "Segments": [
        0,
        0,
        1,
        1.056,
        0.677,
        2.111,
        1.355,
        3.167,
        2.032
      ]
    },
    {
      "Target": "Parameter",
      "Id": "Param13",
      "FadeInTime": -1.0,
      "FadeOutTime": -1.0,
      "Segments": [
        0,
        5,
        1,
        1.056,
        5.677,
        2.111,
        6.355,
        3.167,
        7.032
      ]
    },
    {
      "Target": "Parameter",
      "Id": "MB_wutixialuoxunhuan",
      "FadeInTime": -1.0,
      "FadeOutTime": -1.0,
      "Segments": [
        0,
        0,
        1,
        1.056,
        0.203,
        2.111,
        0.407,
        3.167,
        0.61
      ]
    },
    {
      "Target": "Parameter",
      "Id": "MB_wutixialuojiaodu",
      "FadeInTime": -1.0,
      "FadeOutTime": -1.0,
      "Segments": [
        0,
        0,
        1,
        1.056,
        0.272,
        2.111,
        0.545,
        3.167,
        0.817
      ]
    },
    {
      "Target": "Parameter",
      "Id": "MB_Awutifanzhuan",
      "FadeInTime": -1.0,
      "FadeOutTime": -1.0,
      "Segments": [
        0,
        0,
        0,
        1.8,
        1,
        1,
        2.256,
        1,
        2.711,
        0.525,
        3.167,
        0.23
      ]
    },
    {
      "Target": "Parameter",
      "Id": "MB_Awutidaxiao",
      "FadeInTime": -1.0,
      "FadeOutTime": -1.0,
      "Segments": [
        0,
        0,
        1,
        1.056,
        0,
        2.111,
        0.07,
        3.167,
        0.093
      ]
    },
    {
      "Target": "Parameter",
      "Id": "MB_Awutijiaodu",
      "FadeInTime": -1.0,
      "FadeOutTime": -1.0,
      "Segments": [
        0,
        1,
        1,
        1.056,
        1,
        2.111,
        0.515,
        3.167,
        0.356
      ]
    },
    {
      "Target": "Parameter",
      "Id": "MB_Bwutifanzhuan",
      "FadeInTime": -1.0,
      "FadeOutTime": -1.0,
      "Segments": [
        0,
        1,
        1,
        1.056,
        1,
        2.111,
        -0.401,
        3.167,
        -0.858
      ]
    },
    {
      "Target": "Parameter",
      "Id": "MB_Bwutidaxiao",
      "FadeInTime": -1.0,
      "FadeOutTime": -1.0,
      "Segments": [
        0,
        0,
        1,
        1.056,
        0,
        2.111,
        0.07,
        3.167,
        0.093
      ]
    },
    {
      "Target": "Parameter",
      "Id": "MB_Bwutijiaodu",
      "FadeInTime": -1.0,
      "FadeOutTime": -1.0,
      "Segments": [
        0,
        0,
        0,
        1.833,
        1,
        1,
        2.278,
        1,
        2.722,
        0.84,
        3.167,
        0.529
      ]
    },
    {
      "Target": "Parameter",
      "Id": "MB_Cwutifanzhuan",
      "FadeInTime": -1.0,
      "FadeOutTime": -1.0,
      "Segments": [
        0,
        0,
        0,
        1.833,
        1,
        1,
        2.278,
        1,
        2.722,
        0.84,
        3.167,
        0.529
      ]
    },
    {
      "Target": "Parameter",
      "Id": "MB_Cwutidaxiao",
      "FadeInTime": -1.0,
      "FadeOutTime": -1.0,
      "Segments": [
        0,
        0,
        1,
        1.056,
        0,
        2.111,
        -0.07,
        3.167,
        -0.093
      ]
    },
    {
      "Target": "Parameter",
      "Id": "MB_Cwutijiaodu",
      "FadeInTime": -1.0,
      "FadeOutTime": -1.0,
      "Segments": [
        0,
        -1,
        1,
        1.056,
        -1,
        2.111,
        -0.399,
        3.167,
        -0.203
      ]
    },
    {
      "Target": "Parameter",
      "Id": "Param_Angle_Rotation_1_ArtMesh186",
      "FadeInTime": -1.0,
      "FadeOutTime": -1.0,
      "Segments": [
        0,
        0.99,
        0,
        2.583,
        -0.992,
        1,
        2.778,
        -0.992,
        2.972,
        -0.892,
        3.167,
        -0.737
      ]
    },
    {
      "Target": "Parameter",
      "Id": "Param_Angle_Rotation_2_ArtMesh186",
      "FadeInTime": -1.0,
      "FadeOutTime": -1.0,
      "Segments": [
        0,
        0.91,
        0,
        0.3,
        0.992,
        0,
        2.9,
        -0.992,
        1,
        2.989,
        -0.992,
        3.078,
        -0.971,
        3.167,
        -0.934
      ]
    },
    {
      "Target": "Parameter",
      "Id": "Param_Angle_Rotation_3_ArtMesh186",
      "FadeInTime": -1.0,
      "FadeOutTime": -1.0,
      "Segments": [
        0,
        0.68,
        0,
        0.633,
        0.992,
        1,
        1.478,
        0.992,
        2.322,
        -0.892,
        3.167,
        -0.988
      ]
    },
    {
      "Target": "Parameter",
      "Id": "Param_Angle_Rotation_4_ArtMesh186",
      "FadeInTime": -1.0,
      "FadeOutTime": -1.0,
      "Segments": [
        0,
        0.38,
        0,
        0.95,
        1.016,
        1,
        1.689,
        1.016,
        2.428,
        -0.461,
        3.167,
        -0.897
      ]
    },
    {
      "Target": "Parameter",
      "Id": "Param_Angle_Rotation_5_ArtMesh186",
      "FadeInTime": -1.0,
      "FadeOutTime": -1.0,
      "Segments": [
        0,
        0,
        0,
        1.283,
        1.016,
        1,
        1.911,
        1.016,
        2.539,
        -0.05,
        3.167,
        -0.638
      ]
    },
    {
      "Target": "Parameter",
      "Id": "Param_Angle_Rotation_6_ArtMesh186",
      "FadeInTime": -1.0,
      "FadeOutTime": -1.0,
      "Segments": [
        0,
        -0.36,
        0,
        1.6,
        1.016,
        1,
        2.122,
        1.016,
        2.645,
        0.278,
        3.167,
        -0.308
      ]
    },
    {
      "Target": "Parameter",
      "Id": "Param_Angle_Rotation_7_ArtMesh186",
      "FadeInTime": -1.0,
      "FadeOutTime": -1.0,
      "Segments": [
        0,
        -0.7,
        0,
        1.933,
        1.016,
        1,
        2.344,
        1.016,
        2.756,
        0.559,
        3.167,
        0.078
      ]
    },
    {
      "Target": "Parameter",
      "Id": "Param_Angle_Rotation_8_ArtMesh186",
      "FadeInTime": -1.0,
      "FadeOutTime": -1.0,
      "Segments": [
        0,
        -0.92,
        0,
        2.25,
        1.016,
        1,
        2.556,
        1.016,
        2.861,
        0.763,
        3.167,
        0.436
      ]
    },
    {
      "Target": "Parameter",
      "Id": "Param_Angle_Rotation_9_ArtMesh186",
      "FadeInTime": -1.0,
      "FadeOutTime": -1.0,
      "Segments": [
        0,
        -1.02,
        0,
        2.583,
        1.016,
        1,
        2.778,
        1.016,
        2.972,
        0.914,
        3.167,
        0.755
      ]
    },
    {
      "Target": "Parameter",
      "Id": "Param_Angle_Rotation_10_ArtMesh186",
      "FadeInTime": -1.0,
      "FadeOutTime": -1.0,
      "Segments": [
        0,
        -0.93,
        0,
        0.3,
        -1.016,
        0,
        2.9,
        1.016,
        1,
        2.989,
        1.016,
        3.078,
        0.995,
        3.167,
        0.956
      ]
    },
    {
      "Target": "Parameter",
      "Id": "Param_Angle_Rotation_11_ArtMesh186",
      "FadeInTime": -1.0,
      "FadeOutTime": -1.0,
      "Segments": [
        0,
        -2.06,
        0,
        0.633,
        -3,
        1,
        1.478,
        -3,
        2.322,
        2.696,
        3.167,
        2.988
      ]
    },
    {
      "Target": "Parameter",
      "Id": "Param_Angle_Rotation_12_ArtMesh186",
      "FadeInTime": -1.0,
      "FadeOutTime": -1.0,
      "Segments": [
        0,
        -1.13,
        0,
        0.95,
        -3,
        1,
        1.689,
        -3,
        2.428,
        1.361,
        3.167,
        2.647
      ]
    },
    {
      "Target": "Parameter",
      "Id": "Param_Angle_Rotation_13_ArtMesh186",
      "FadeInTime": -1.0,
      "FadeOutTime": -1.0,
      "Segments": [
        0,
        0,
        0,
        1.283,
        -3,
        1,
        1.911,
        -3,
        2.539,
        0.148,
        3.167,
        1.884
      ]
    },
    {
      "Target": "Parameter",
      "Id": "Param_Angle_Rotation_14_ArtMesh186",
      "FadeInTime": -1.0,
      "FadeOutTime": -1.0,
      "Segments": [
        0,
        1.08,
        0,
        1.6,
        -3,
        1,
        2.122,
        -3,
        2.645,
        -0.821,
        3.167,
        0.91
      ]
    },
    {
      "Target": "Parameter",
      "Id": "Param_Angle_Rotation_15_ArtMesh186",
      "FadeInTime": -1.0,
      "FadeOutTime": -1.0,
      "Segments": [
        0,
        2.06,
        0,
        1.933,
        -3,
        1,
        2.344,
        -3,
        2.756,
        -1.65,
        3.167,
        -0.231
      ]
    },
    {
      "Target": "Parameter",
      "Id": "Param_Angle_Rotation_1_ArtMesh187",
      "FadeInTime": -1.0,
      "FadeOutTime": -1.0,
      "Segments": [
        0,
        -0.99,
        0,
        2.583,
        0.992,
        1,
        2.778,
        0.992,
        2.972,
        0.892,
        3.167,
        0.737
      ]
    },
    {
      "Target": "Parameter",
      "Id": "Param_Angle_Rotation_2_ArtMesh187",
      "FadeInTime": -1.0,
      "FadeOutTime": -1.0,
      "Segments": [
        0,
        -0.91,
        0,
        0.3,
        -0.992,
        0,
        2.9,
        0.992,
        1,
        2.989,
        0.992,
        3.078,
        0.971,
        3.167,
        0.934
      ]
    },
    {
      "Target": "Parameter",
      "Id": "Param_Angle_Rotation_3_ArtMesh187",
      "FadeInTime": -1.0,
      "FadeOutTime": -1.0,
      "Segments": [
        0,
        -0.68,
        0,
        0.633,
        -0.992,
        1,
        1.478,
        -0.992,
        2.322,
        0.892,
        3.167,
        0.988
      ]
    },
    {
      "Target": "Parameter",
      "Id": "Param_Angle_Rotation_4_ArtMesh187",
      "FadeInTime": -1.0,
      "FadeOutTime": -1.0,
      "Segments": [
        0,
        -0.38,
        0,
        0.95,
        -1.016,
        1,
        1.689,
        -1.016,
        2.428,
        0.461,
        3.167,
        0.897
      ]
    },
    {
      "Target": "Parameter",
      "Id": "Param_Angle_Rotation_5_ArtMesh187",
      "FadeInTime": -1.0,
      "FadeOutTime": -1.0,
      "Segments": [
        0,
        0,
        0,
        1.283,
        -1.016,
        1,
        1.911,
        -1.016,
        2.539,
        0.05,
        3.167,
        0.638
      ]
    },
    {
      "Target": "Parameter",
      "Id": "Param_Angle_Rotation_6_ArtMesh187",
      "FadeInTime": -1.0,
      "FadeOutTime": -1.0,
      "Segments": [
        0,
        0.36,
        0,
        1.6,
        -1.016,
        1,
        2.122,
        -1.016,
        2.645,
        -0.278,
        3.167,
        0.308
      ]
    },
    {
      "Target": "Parameter",
      "Id": "Param_Angle_Rotation_7_ArtMesh187",
      "FadeInTime": -1.0,
      "FadeOutTime": -1.0,
      "Segments": [
        0,
        0.7,
        0,
        1.933,
        -1.016,
        1,
        2.344,
        -1.016,
        2.756,
        -0.559,
        3.167,
        -0.078
      ]
    },
    {
      "Target": "Parameter",
      "Id": "Param_Angle_Rotation_8_ArtMesh187",
      "FadeInTime": -1.0,
      "FadeOutTime": -1.0,
      "Segments": [
        0,
        0.92,
        0,
        2.25,
        -1.016,
        1,
        2.556,
        -1.016,
        2.861,
        -0.763,
        3.167,
        -0.436
      ]
    },
    {
      "Target": "Parameter",
      "Id": "Param_Angle_Rotation_9_ArtMesh187",
      "FadeInTime": -1.0,
      "FadeOutTime": -1.0,
      "Segments": [
        0,
        1.02,
        0,
        2.583,
        -1.016,
        1,
        2.778,
        -1.016,
        2.972,
        -0.914,
        3.167,
        -0.755
      ]
    },
    {
      "Target": "Parameter",
      "Id": "Param_Angle_Rotation_10_ArtMesh187",
      "FadeInTime": -1.0,
      "FadeOutTime": -1.0,
      "Segments": [
        0,
        0.93,
        0,
        0.3,
        1.016,
        0,
        2.9,
        -1.016,
        1,
        2.989,
        -1.016,
        3.078,
        -0.995,
        3.167,
        -0.956
      ]
    },
    {
      "Target": "Parameter",
      "Id": "Param_Angle_Rotation_11_ArtMesh187",
      "FadeInTime": -1.0,
      "FadeOutTime": -1.0,
      "Segments": [
        0,
        2.06,
        0,
        0.633,
        3,
        1,
        1.478,
        3,
        2.322,
        -2.696,
        3.167,
        -2.988
      ]
    },
    {
      "Target": "Parameter",
      "Id": "Param_Angle_Rotation_12_ArtMesh187",
      "FadeInTime": -1.0,
      "FadeOutTime": -1.0,
      "Segments": [
        0,
        1.13,
        0,
        0.95,
        3,
        1,
        1.689,
        3,
        2.428,
        -1.361,
        3.167,
        -2.647
      ]
    },
    {
      "Target": "Parameter",
      "Id": "Param_Angle_Rotation_13_ArtMesh187",
      "FadeInTime": -1.0,
      "FadeOutTime": -1.0,
      "Segments": [
        0,
        0,
        0,
        1.283,
        3,
        1,
        1.911,
        3,
        2.539,
        -0.148,
        3.167,
        -1.884
      ]
    },
    {
      "Target": "Parameter",
      "Id": "Param_Angle_Rotation_14_ArtMesh187",
      "FadeInTime": -1.0,
      "FadeOutTime": -1.0,
      "Segments": [
        0,
        -1.08,
        0,
        1.6,
        3,
        1,
        2.122,
        3,
        2.645,
        0.821,
        3.167,
        -0.91
      ]
    },
    {
      "Target": "Parameter",
      "Id": "Param_Angle_Rotation_15_ArtMesh187",
      "FadeInTime": -1.0,
      "FadeOutTime": -1.0,
      "Segments": [
        0,
        -2.06,
        0,
        1.933,
        3,
        1,
        2.344,
        3,
        2.756,
        1.65,
        3.167,
        0.231
      ]
    },
    {
      "Target": "Parameter",
      "Id": "Param_Angle_Rotation_1_ArtMesh188",
      "FadeInTime": -1.0,
      "FadeOutTime": -1.0,
      "Segments": [
        0,
        -3,
        1,
        1.056,
        -3,
        2.111,
        1.059,
        3.167,
        2.5
      ]
    },
    {
      "Target": "Parameter",
      "Id": "Param_Angle_Rotation_2_ArtMesh188",
      "FadeInTime": -1.0,
      "FadeOutTime": -1.0,
      "Segments": [
        0,
        -2.6,
        0,
        0.617,
        -3,
        1,
        1.467,
        -3,
        2.317,
        -0.413,
        3.167,
        1.364
      ]
    },
    {
      "Target": "Parameter",
      "Id": "Param_Angle_Rotation_3_ArtMesh188",
      "FadeInTime": -1.0,
      "FadeOutTime": -1.0,
      "Segments": [
        0,
        -2.99,
        0,
        1.25,
        -5.277,
        1,
        1.889,
        -5.277,
        2.528,
        -3.017,
        3.167,
        -0.719
      ]
    },
    {
      "Target": "Parameter",
      "Id": "Param_Angle_Rotation_4_ArtMesh188",
      "FadeInTime": -1.0,
      "FadeOutTime": -1.0,
      "Segments": [
        0,
        -0.75,
        0,
        1.9,
        -5.277,
        1,
        2.322,
        -5.277,
        2.745,
        -4.29,
        3.167,
        -2.957
      ]
    },
    {
      "Target": "Parameter",
      "Id": "Param_Angle_Rotation_5_ArtMesh188",
      "FadeInTime": -1.0,
      "FadeOutTime": -1.0,
      "Segments": [
        0,
        1.53,
        0,
        2.55,
        -5.277,
        1,
        2.756,
        -5.277,
        2.961,
        -5.041,
        3.167,
        -4.644
      ]
    },
    {
      "Target": "Parameter",
      "Id": "Param_Angle_Rotation_6_ArtMesh188",
      "FadeInTime": -1.0,
      "FadeOutTime": -1.0,
      "Segments": [
        0,
        5.97,
        1,
        1.056,
        5.97,
        2.111,
        -6.101,
        3.167,
        -6.352
      ]
    },
    {
      "Target": "Parameter",
      "Id": "Param_Angle_Rotation_7_ArtMesh188",
      "FadeInTime": -1.0,
      "FadeOutTime": -1.0,
      "Segments": [
        0,
        7.07,
        1,
        1.056,
        7.07,
        2.111,
        -2.013,
        3.167,
        -5.237
      ]
    },
    {
      "Target": "Parameter",
      "Id": "Param_Angle_Rotation_8_ArtMesh188",
      "FadeInTime": -1.0,
      "FadeOutTime": -1.0,
      "Segments": [
        0,
        6.17,
        0,
        0.617,
        7.075,
        1,
        1.467,
        7.075,
        2.317,
        1.284,
        3.167,
        -2.693
      ]
    },
    {
      "Target": "Parameter",
      "Id": "Param_Angle_Rotation_9_ArtMesh188",
      "FadeInTime": -1.0,
      "FadeOutTime": -1.0,
      "Segments": [
        0,
        3.96,
        0,
        1.25,
        7.913,
        1,
        1.889,
        7.913,
        2.528,
        4.004,
        3.167,
        0.027
      ]
    },
    {
      "Target": "Parameter",
      "Id": "Param_Angle_Rotation_10_ArtMesh188",
      "FadeInTime": -1.0,
      "FadeOutTime": -1.0,
      "Segments": [
        0,
        0.08,
        0,
        1.9,
        7.913,
        1,
        2.322,
        7.913,
        2.745,
        6.206,
        3.167,
        3.9
      ]
    },
    {
      "Target": "Parameter",
      "Id": "Param_Angle_Rotation_11_ArtMesh188",
      "FadeInTime": -1.0,
      "FadeOutTime": -1.0,
      "Segments": [
        0,
        -3.86,
        0,
        2.55,
        7.913,
        1,
        2.756,
        7.913,
        2.961,
        7.505,
        3.167,
        6.818
      ]
    },
    {
      "Target": "Parameter",
      "Id": "Param_Angle_Rotation_12_ArtMesh188",
      "FadeInTime": -1.0,
      "FadeOutTime": -1.0,
      "Segments": [
        0,
        -8.59,
        1,
        1.056,
        -8.59,
        2.111,
        8.979,
        3.167,
        9.345
      ]
    },
    {
      "Target": "Parameter",
      "Id": "Param_Angle_Rotation_13_ArtMesh188",
      "FadeInTime": -1.0,
      "FadeOutTime": -1.0,
      "Segments": [
        0,
        -10.19,
        1,
        1.056,
        -10.19,
        2.111,
        2.916,
        3.167,
        7.662
      ]
    },
    {
      "Target": "Parameter",
      "Id": "Param_Angle_Rotation_14_ArtMesh188",
      "FadeInTime": -1.0,
      "FadeOutTime": -1.0,
      "Segments": [
        0,
        -8.87,
        0,
        0.617,
        -10.19,
        1,
        1.467,
        -10.19,
        2.317,
        -1.836,
        3.167,
        3.948
      ]
    },
    {
      "Target": "Parameter",
      "Id": "Param_Angle_Rotation_15_ArtMesh188",
      "FadeInTime": -1.0,
      "FadeOutTime": -1.0,
      "Segments": [
        0,
        -5.39,
        0,
        1.25,
        -10.19,
        1,
        1.889,
        -10.19,
        2.528,
        -5.51,
        3.167,
        -0.731
      ]
    },
    {
      "Target": "Parameter",
      "Id": "Param_Angle_Rotation_16_ArtMesh188",
      "FadeInTime": -1.0,
      "FadeOutTime": -1.0,
      "Segments": [
        0,
        -0.67,
        0,
        1.9,
        -10.19,
        1,
        2.322,
        -10.19,
        2.745,
        -8.146,
        3.167,
        -5.381
      ]
    },
    {
      "Target": "Parameter",
      "Id": "ParamALLX",
      "FadeInTime": -1.0,
      "FadeOutTime": -1.0,
      "Segments": [
        0,
        0,
        0,
        3.167,
        0
      ]
    },
    {
      "Target": "Parameter",
      "Id": "ParamALLY",
      "FadeInTime": -1.0,
      "FadeOutTime": -1.0,
      "Segments": [
        0,
        0,
        0,
        3.167,
        0
      ]
    },
    {
      "Target": "Parameter",
      "Id": "ParamALLZ",
      "FadeInTime": -1.0,
      "FadeOutTime": -1.0,
      "Segments": [
        0,
        0,
        0,
        3.167,
        0
      ]
    },
    {
      "Target": "Parameter",
      "Id": "ParamALLS",
      "FadeInTime": -1.0,
      "FadeOutTime": -1.0,
      "Segments": [
        0,
        0,
        0,
        3.167,
        0
      ]
    },
    {
      "Target": "Parameter",
      "Id": "ParamRenwuX8",
      "FadeInTime": -1.0,
      "FadeOutTime": -1.0,
      "Segments": [
        0,
        10,
        0,
        3.167,
        10
      ]
    },
    {
      "Target": "Parameter",
      "Id": "ParamRenwuX5",
      "FadeInTime": -1.0,
      "FadeOutTime": -1.0,
      "Segments": [
        0,
        0,
        0,
        3.167,
        0
      ]
    },
    {
      "Target": "Parameter",
      "Id": "ParamRenwuX9",
      "FadeInTime": -1.0,
      "FadeOutTime": -1.0,
      "Segments": [
        0,
        0,
        0,
        3.167,
        0
      ]
    },
    {
      "Target": "Parameter",
      "Id": "ParamRenwuX2",
      "FadeInTime": -1.0,
      "FadeOutTime": -1.0,
      "Segments": [
        0,
        0,
        0,
        3.167,
        0
      ]
    },
    {
      "Target": "Parameter",
      "Id": "ParamRenwuX4",
      "FadeInTime": -1.0,
      "FadeOutTime": -1.0,
      "Segments": [
        0,
        -0.5,
        0,
        3.167,
        -0.5
      ]
    },
    {
      "Target": "Parameter",
      "Id": "ParamRenwu",
      "FadeInTime": -1.0,
      "FadeOutTime": -1.0,
      "Segments": [
        0,
        1,
        0,
        3.167,
        1
      ]
    },
    {
      "Target": "Parameter",
      "Id": "ParamRenwuS",
      "FadeInTime": -1.0,
      "FadeOutTime": -1.0,
      "Segments": [
        0,
        0,
        0,
        3.167,
        0
      ]
    },
    {
      "Target": "Parameter",
      "Id": "ParamBeijing",
      "FadeInTime": -1.0,
      "FadeOutTime": -1.0,
      "Segments": [
        0,
        1,
        0,
        3.167,
        1
      ]
    },
    {
      "Target": "Parameter",
      "Id": "ParamBeijingX",
      "FadeInTime": -1.0,
      "FadeOutTime": -1.0,
      "Segments": [
        0,
        0,
        0,
        3.167,
        0
      ]
    },
    {
      "Target": "Parameter",
      "Id": "ParamBeijingY",
      "FadeInTime": -1.0,
      "FadeOutTime": -1.0,
      "Segments": [
        0,
        0,
        0,
        3.167,
        0
      ]
    },
    {
      "Target": "Parameter",
      "Id": "ParamBeijingZ",
      "FadeInTime": -1.0,
      "FadeOutTime": -1.0,
      "Segments": [
        0,
        0,
        0,
        3.167,
        0
      ]
    },
    {
      "Target": "Parameter",
      "Id": "ParamBeijingS",
      "FadeInTime": -1.0,
      "FadeOutTime": -1.0,
      "Segments": [
        0,
        0,
        0,
        3.167,
        0
      ]
    },
    {
      "Target": "Parameter",
      "Id": "ParamEyeLSmile",
      "FadeInTime": -1.0,
      "FadeOutTime": -1.0,
      "Segments": [
        0,
        0,
        0,
        3.167,
        0
      ]
    },
    {
      "Target": "Parameter",
      "Id": "ParamEyeRSmile",
      "FadeInTime": -1.0,
      "FadeOutTime": -1.0,
      "Segments": [
        0,
        0,
        0,
        3.167,
        0
      ]
    },
    {
      "Target": "Parameter",
      "Id": "ParamEyeBallX",
      "FadeInTime": -1.0,
      "FadeOutTime": -1.0,
      "Segments": [
        0,
        0,
        0,
        3.167,
        0
      ]
    },
    {
      "Target": "Parameter",
      "Id": "ParamEyeBallY",
      "FadeInTime": -1.0,
      "FadeOutTime": -1.0,
      "Segments": [
        0,
        0,
        0,
        3.167,
        0
      ]
    },
    {
      "Target": "Parameter",
      "Id": "ParamBrowRY",
      "FadeInTime": -1.0,
      "FadeOutTime": -1.0,
      "Segments": [
        0,
        0,
        0,
        3.167,
        0
      ]
    },
    {
      "Target": "Parameter",
      "Id": "ParamBrowRForm",
      "FadeInTime": -1.0,
      "FadeOutTime": -1.0,
      "Segments": [
        0,
        0,
        0,
        3.167,
        0
      ]
    },
    {
      "Target": "Parameter",
      "Id": "ParamBrowLY",
      "FadeInTime": -1.0,
      "FadeOutTime": -1.0,
      "Segments": [
        0,
        0,
        0,
        3.167,
        0
      ]
    },
    {
      "Target": "Parameter",
      "Id": "ParamBrowLForm",
      "FadeInTime": -1.0,
      "FadeOutTime": -1.0,
      "Segments": [
        0,
        0,
        0,
        3.167,
        0
      ]
    },
    {
      "Target": "Parameter",
      "Id": "Param4",
      "FadeInTime": -1.0,
      "FadeOutTime": -1.0,
      "Segments": [
        0,
        0,
        0,
        3.167,
        0
      ]
    },
    {
      "Target": "Parameter",
      "Id": "ParamMouthForm",
      "FadeInTime": -1.0,
      "FadeOutTime": -1.0,
      "Segments": [
        0,
        0,
        0,
        3.167,
        0
      ]
    },
    {
      "Target": "Parameter",
      "Id": "ParamMouthOpenY",
      "FadeInTime": -1.0,
      "FadeOutTime": -1.0,
      "Segments": [
        0,
        0,
        0,
        3.167,
        0
      ]
    },
    {
      "Target": "Parameter",
      "Id": "ParamMouthS",
      "FadeInTime": -1.0,
      "FadeOutTime": -1.0,
      "Segments": [
        0,
        0,
        0,
        3.167,
        0
      ]
    },
    {
      "Target": "Parameter",
      "Id": "ParamEyeGaoguang",
      "FadeInTime": -1.0,
      "FadeOutTime": -1.0,
      "Segments": [
        0,
        0,
        0,
        3.167,
        0
      ]
    },
    {
      "Target": "Parameter",
      "Id": "Param28",
      "FadeInTime": -1.0,
      "FadeOutTime": -1.0,
      "Segments": [
        0,
        5,
        0,
        3.167,
        5
      ]
    },
    {
      "Target": "Parameter",
      "Id": "Param97",
      "FadeInTime": -1.0,
      "FadeOutTime": -1.0,
      "Segments": [
        0,
        0,
        0,
        3.167,
        0
      ]
    },
    {
      "Target": "Parameter",
      "Id": "Param31",
      "FadeInTime": -1.0,
      "FadeOutTime": -1.0,
      "Segments": [
        0,
        0,
        0,
        3.167,
        0
      ]
    },
    {
      "Target": "Parameter",
      "Id": "ParamBodyAngleUD",
      "FadeInTime": -1.0,
      "FadeOutTime": -1.0,
      "Segments": [
        0,
        0,
        0,
        3.167,
        0
      ]
    },
    {
      "Target": "Parameter",
      "Id": "ParamBodyAngleZ3",
      "FadeInTime": -1.0,
      "FadeOutTime": -1.0,
      "Segments": [
        0,
        0,
        0,
        3.167,
        0
      ]
    },
    {
      "Target": "Parameter",
      "Id": "ParamBodyAngleX2",
      "FadeInTime": -1.0,
      "FadeOutTime": -1.0,
      "Segments": [
        0,
        0,
        0,
        3.167,
        0
      ]
    },
    {
      "Target": "Parameter",
      "Id": "ParamBreath",
      "FadeInTime": -1.0,
      "FadeOutTime": -1.0,
      "Segments": [
        0,
        0,
        0,
        3.167,
        0
      ]
    },
    {
      "Target": "Parameter",
      "Id": "ParamBodyAngleY",
      "FadeInTime": -1.0,
      "FadeOutTime": -1.0,
      "Segments": [
        0,
        0,
        0,
        3.167,
        0
      ]
    },
    {
      "Target": "Parameter",
      "Id": "Param57",
      "FadeInTime": -1.0,
      "FadeOutTime": -1.0,
      "Segments": [
        0,
        0,
        0,
        3.167,
        0
      ]
    },
    {
      "Target": "Parameter",
      "Id": "ParamA1zuoshoutuozhanxingbian",
      "FadeInTime": -1.0,
      "FadeOutTime": -1.0,
      "Segments": [
        0,
        0,
        0,
        3.167,
        0
      ]
    },
    {
      "Target": "Parameter",
      "Id": "Param47",
      "FadeInTime": -1.0,
      "FadeOutTime": -1.0,
      "Segments": [
        0,
        0,
        0,
        3.167,
        0
      ]
    },
    {
      "Target": "Parameter",
      "Id": "Param48",
      "FadeInTime": -1.0,
      "FadeOutTime": -1.0,
      "Segments": [
        0,
        0,
        0,
        3.167,
        0
      ]
    },
    {
      "Target": "Parameter",
      "Id": "Param49",
      "FadeInTime": -1.0,
      "FadeOutTime": -1.0,
      "Segments": [
        0,
        0,
        0,
        3.167,
        0
      ]
    },
    {
      "Target": "Parameter",
      "Id": "Param66",
      "FadeInTime": -1.0,
      "FadeOutTime": -1.0,
      "Segments": [
        0,
        0,
        0,
        3.167,
        0
      ]
    },
    {
      "Target": "Parameter",
      "Id": "Param67",
      "FadeInTime": -1.0,
      "FadeOutTime": -1.0,
      "Segments": [
        0,
        0,
        0,
        3.167,
        0
      ]
    },
    {
      "Target": "Parameter",
      "Id": "Param69",
      "FadeInTime": -1.0,
      "FadeOutTime": -1.0,
      "Segments": [
        0,
        0,
        0,
        3.167,
        0
      ]
    },
    {
      "Target": "Parameter",
      "Id": "Param50",
      "FadeInTime": -1.0,
      "FadeOutTime": -1.0,
      "Segments": [
        0,
        1,
        0,
        3.167,
        1
      ]
    },
    {
      "Target": "Parameter",
      "Id": "Param51",
      "FadeInTime": -1.0,
      "FadeOutTime": -1.0,
      "Segments": [
        0,
        0,
        0,
        3.167,
        0
      ]
    },
    {
      "Target": "Parameter",
      "Id": "Param52",
      "FadeInTime": -1.0,
      "FadeOutTime": -1.0,
      "Segments": [
        0,
        0,
        0,
        3.167,
        0
      ]
    },
    {
      "Target": "Parameter",
      "Id": "Param54",
      "FadeInTime": -1.0,
      "FadeOutTime": -1.0,
      "Segments": [
        0,
        0,
        0,
        3.167,
        0
      ]
    },
    {
      "Target": "Parameter",
      "Id": "Param55",
      "FadeInTime": -1.0,
      "FadeOutTime": -1.0,
      "Segments": [
        0,
        0,
        0,
        3.167,
        0
      ]
    },
    {
      "Target": "Parameter",
      "Id": "Param56",
      "FadeInTime": -1.0,
      "FadeOutTime": -1.0,
      "Segments": [
        0,
        0,
        0,
        3.167,
        0
      ]
    },
    {
      "Target": "Parameter",
      "Id": "Param58",
      "FadeInTime": -1.0,
      "FadeOutTime": -1.0,
      "Segments": [
        0,
        0,
        0,
        3.167,
        0
      ]
    },
    {
      "Target": "Parameter",
      "Id": "Param20",
      "FadeInTime": -1.0,
      "FadeOutTime": -1.0,
      "Segments": [
        0,
        0,
        0,
        3.167,
        0
      ]
    },
    {
      "Target": "Parameter",
      "Id": "Param21",
      "FadeInTime": -1.0,
      "FadeOutTime": -1.0,
      "Segments": [
        0,
        0,
        0,
        3.167,
        0
      ]
    },
    {
      "Target": "Parameter",
      "Id": "Param100",
      "FadeInTime": -1.0,
      "FadeOutTime": -1.0,
      "Segments": [
        0,
        0,
        0,
        3.167,
        0
      ]
    },
    {
      "Target": "Parameter",
      "Id": "Param102",
      "FadeInTime": -1.0,
      "FadeOutTime": -1.0,
      "Segments": [
        0,
        10,
        0,
        3.167,
        10
      ]
    },
    {
      "Target": "Parameter",
      "Id": "ParamA1zuoshoudonghua2",
      "FadeInTime": -1.0,
      "FadeOutTime": -1.0,
      "Segments": [
        0,
        0,
        0,
        3.167,
        0
      ]
    },
    {
      "Target": "Parameter",
      "Id": "ParamA1zuoshouxingbian2",
      "FadeInTime": -1.0,
      "FadeOutTime": -1.0,
      "Segments": [
        0,
        0,
        0,
        3.167,
        0
      ]
    },
    {
      "Target": "Parameter",
      "Id": "ParamA1zuoshoutuozhanxingbian2",
      "FadeInTime": -1.0,
      "FadeOutTime": -1.0,
      "Segments": [
        0,
        0,
        0,
        3.167,
        0
      ]
    },
    {
      "Target": "Parameter",
      "Id": "Param35",
      "FadeInTime": -1.0,
      "FadeOutTime": -1.0,
      "Segments": [
        0,
        0,
        0,
        3.167,
        0
      ]
    },
    {
      "Target": "Parameter",
      "Id": "Param36",
      "FadeInTime": -1.0,
      "FadeOutTime": -1.0,
      "Segments": [
        0,
        0,
        0,
        3.167,
        0
      ]
    },
    {
      "Target": "Parameter",
      "Id": "Param37",
      "FadeInTime": -1.0,
      "FadeOutTime": -1.0,
      "Segments": [
        0,
        0,
        0,
        3.167,
        0
      ]
    },
    {
      "Target": "Parameter",
      "Id": "Param65",
      "FadeInTime": -1.0,
      "FadeOutTime": -1.0,
      "Segments": [
        0,
        0,
        0,
        3.167,
        0
      ]
    },
    {
      "Target": "Parameter",
      "Id": "Param71",
      "FadeInTime": -1.0,
      "FadeOutTime": -1.0,
      "Segments": [
        0,
        0,
        0,
        3.167,
        0
      ]
    },
    {
      "Target": "Parameter",
      "Id": "Param60",
      "FadeInTime": -1.0,
      "FadeOutTime": -1.0,
      "Segments": [
        0,
        0,
        0,
        3.167,
        0
      ]
    },
    {
      "Target": "Parameter",
      "Id": "Param61",
      "FadeInTime": -1.0,
      "FadeOutTime": -1.0,
      "Segments": [
        0,
        0,
        0,
        3.167,
        0
      ]
    },
    {
      "Target": "Parameter",
      "Id": "Param40",
      "FadeInTime": -1.0,
      "FadeOutTime": -1.0,
      "Segments": [
        0,
        0,
        0,
        3.167,
        0
      ]
    },
    {
      "Target": "Parameter",
      "Id": "Param91",
      "FadeInTime": -1.0,
      "FadeOutTime": -1.0,
      "Segments": [
        0,
        0,
        0,
        3.167,
        0
      ]
    },
    {
      "Target": "Parameter",
      "Id": "Param92",
      "FadeInTime": -1.0,
      "FadeOutTime": -1.0,
      "Segments": [
        0,
        0,
        0,
        3.167,
        0
      ]
    },
    {
      "Target": "Parameter",
      "Id": "Param103",
      "FadeInTime": -1.0,
      "FadeOutTime": -1.0,
      "Segments": [
        0,
        10,
        0,
        3.167,
        10
      ]
    },
    {
      "Target": "Parameter",
      "Id": "ParamDaTuiLUD",
      "FadeInTime": -1.0,
      "FadeOutTime": -1.0,
      "Segments": [
        0,
        0,
        0,
        3.167,
        0
      ]
    },
    {
      "Target": "Parameter",
      "Id": "ParamXiaoTuiLUD",
      "FadeInTime": -1.0,
      "FadeOutTime": -1.0,
      "Segments": [
        0,
        0,
        0,
        3.167,
        0
      ]
    },
    {
      "Target": "Parameter",
      "Id": "Param62",
      "FadeInTime": -1.0,
      "FadeOutTime": -1.0,
      "Segments": [
        0,
        0,
        0,
        3.167,
        0
      ]
    },
    {
      "Target": "Parameter",
      "Id": "ParamDaTuiLUD2",
      "FadeInTime": -1.0,
      "FadeOutTime": -1.0,
      "Segments": [
        0,
        0,
        0,
        3.167,
        0
      ]
    },
    {
      "Target": "Parameter",
      "Id": "ParamXiaoTuiLUD3",
      "FadeInTime": -1.0,
      "FadeOutTime": -1.0,
      "Segments": [
        0,
        0,
        0,
        3.167,
        0
      ]
    },
    {
      "Target": "Parameter",
      "Id": "ParamXiaoTuiLUD2",
      "FadeInTime": -1.0,
      "FadeOutTime": -1.0,
      "Segments": [
        0,
        5,
        0,
        3.167,
        5
      ]
    },
    {
      "Target": "Parameter",
      "Id": "Param24",
      "FadeInTime": -1.0,
      "FadeOutTime": -1.0,
      "Segments": [
        0,
        0,
        0,
        3.167,
        0
      ]
    },
    {
      "Target": "Parameter",
      "Id": "Param23",
      "FadeInTime": -1.0,
      "FadeOutTime": -1.0,
      "Segments": [
        0,
        0,
        0,
        3.167,
        0
      ]
    },
    {
      "Target": "Parameter",
      "Id": "Param59",
      "FadeInTime": -1.0,
      "FadeOutTime": -1.0,
      "Segments": [
        0,
        0,
        0,
        3.167,
        0
      ]
    },
    {
      "Target": "Parameter",
      "Id": "ParamDaTuiRUD",
      "FadeInTime": -1.0,
      "FadeOutTime": -1.0,
      "Segments": [
        0,
        0,
        0,
        3.167,
        0
      ]
    },
    {
      "Target": "Parameter",
      "Id": "ParamXiaoTuiRUD",
      "FadeInTime": -1.0,
      "FadeOutTime": -1.0,
      "Segments": [
        0,
        0,
        0,
        3.167,
        0
      ]
    },
    {
      "Target": "Parameter",
      "Id": "Param63",
      "FadeInTime": -1.0,
      "FadeOutTime": -1.0,
      "Segments": [
        0,
        0,
        0,
        3.167,
        0
      ]
    },
    {
      "Target": "Parameter",
      "Id": "ParamXiaoTuiLUD5",
      "FadeInTime": -1.0,
      "FadeOutTime": -1.0,
      "Segments": [
        0,
        0,
        0,
        3.167,
        0
      ]
    },
    {
      "Target": "Parameter",
      "Id": "ParamDaTuiLUD3",
      "FadeInTime": -1.0,
      "FadeOutTime": -1.0,
      "Segments": [
        0,
        0,
        0,
        3.167,
        0
      ]
    },
    {
      "Target": "Parameter",
      "Id": "ParamXiaoTuiLUD4",
      "FadeInTime": -1.0,
      "FadeOutTime": -1.0,
      "Segments": [
        0,
        0,
        0,
        3.167,
        0
      ]
    },
    {
      "Target": "Parameter",
      "Id": "Param25",
      "FadeInTime": -1.0,
      "FadeOutTime": -1.0,
      "Segments": [
        0,
        0,
        0,
        3.167,
        0
      ]
    },
    {
      "Target": "Parameter",
      "Id": "Param26",
      "FadeInTime": -1.0,
      "FadeOutTime": -1.0,
      "Segments": [
        0,
        0,
        0,
        3.167,
        0
      ]
    },
    {
      "Target": "Parameter",
      "Id": "Param27",
      "FadeInTime": -1.0,
      "FadeOutTime": -1.0,
      "Segments": [
        0,
        0,
        0,
        3.167,
        0
      ]
    },
    {
      "Target": "Parameter",
      "Id": "Param75",
      "FadeInTime": -1.0,
      "FadeOutTime": -1.0,
      "Segments": [
        0,
        0,
        0,
        3.167,
        0
      ]
    },
    {
      "Target": "Parameter",
      "Id": "Param34",
      "FadeInTime": -1.0,
      "FadeOutTime": -1.0,
      "Segments": [
        0,
        0,
        0,
        3.167,
        0
      ]
    },
    {
      "Target": "Parameter",
      "Id": "Param93",
      "FadeInTime": -1.0,
      "FadeOutTime": -1.0,
      "Segments": [
        0,
        0,
        0,
        3.167,
        0
      ]
    },
    {
      "Target": "Parameter",
      "Id": "Param95",
      "FadeInTime": -1.0,
      "FadeOutTime": -1.0,
      "Segments": [
        0,
        0,
        0,
        3.167,
        0
      ]
    },
    {
      "Target": "Parameter",
      "Id": "Param96",
      "FadeInTime": -1.0,
      "FadeOutTime": -1.0,
      "Segments": [
        0,
        0,
        0,
        3.167,
        0
      ]
    },
    {
      "Target": "Parameter",
      "Id": "Param64",
      "FadeInTime": -1.0,
      "FadeOutTime": -1.0,
      "Segments": [
        0,
        0,
        0,
        3.167,
        0
      ]
    },
    {
      "Target": "Parameter",
      "Id": "Param39",
      "FadeInTime": -1.0,
      "FadeOutTime": -1.0,
      "Segments": [
        0,
        0,
        0,
        3.167,
        0
      ]
    },
    {
      "Target": "Parameter",
      "Id": "Param104",
      "FadeInTime": -1.0,
      "FadeOutTime": -1.0,
      "Segments": [
        0,
        0,
        0,
        3.167,
        0
      ]
    },
    {
      "Target": "Parameter",
      "Id": "Param94",
      "FadeInTime": -1.0,
      "FadeOutTime": -1.0,
      "Segments": [
        0,
        0,
        0,
        3.167,
        0
      ]
    },
    {
      "Target": "Parameter",
      "Id": "Param72",
      "FadeInTime": -1.0,
      "FadeOutTime": -1.0,
      "Segments": [
        0,
        0,
        0,
        3.167,
        0
      ]
    },
    {
      "Target": "Parameter",
      "Id": "Param99",
      "FadeInTime": -1.0,
      "FadeOutTime": -1.0,
      "Segments": [
        0,
        10,
        0,
        3.167,
        10
      ]
    },
    {
      "Target": "Parameter",
      "Id": "Param98",
      "FadeInTime": -1.0,
      "FadeOutTime": -1.0,
      "Segments": [
        0,
        0,
        0,
        3.167,
        0
      ]
    },
    {
      "Target": "Parameter",
      "Id": "Param38",
      "FadeInTime": -1.0,
      "FadeOutTime": -1.0,
      "Segments": [
        0,
        0,
        0,
        3.167,
        0
      ]
    },
    {
      "Target": "Parameter",
      "Id": "Param152",
      "FadeInTime": -1.0,
      "FadeOutTime": -1.0,
      "Segments": [
        0,
        0,
        0,
        3.167,
        0
      ]
    },
    {
      "Target": "Parameter",
      "Id": "Param153",
      "FadeInTime": -1.0,
      "FadeOutTime": -1.0,
      "Segments": [
        0,
        0,
        0,
        3.167,
        0
      ]
    },
    {
      "Target": "Parameter",
      "Id": "Param151",
      "FadeInTime": -1.0,
      "FadeOutTime": -1.0,
      "Segments": [
        0,
        0,
        0,
        3.167,
        0
      ]
    },
    {
      "Target": "Parameter",
      "Id": "MB_xingfengyaobai2",
      "FadeInTime": -1.0,
      "FadeOutTime": -1.0,
      "Segments": [
        0,
        0,
        0,
        3.167,
        0
      ]
    },
    {
      "Target": "Parameter",
      "Id": "MB_xingfengyaobai",
      "FadeInTime": -1.0,
      "FadeOutTime": -1.0,
      "Segments": [
        0,
        0,
        0,
        3.167,
        0
      ]
    },
    {
      "Target": "Parameter",
      "Id": "MB_xingfengTMD",
      "FadeInTime": -1.0,
      "FadeOutTime": -1.0,
      "Segments": [
        0,
        0,
        0,
        3.167,
        0
      ]
    },
    {
      "Target": "Parameter",
      "Id": "Param105",
      "FadeInTime": -1.0,
      "FadeOutTime": -1.0,
      "Segments": [
        0,
        0,
        0,
        3.167,
        0
      ]
    },
    {
      "Target": "Parameter",
      "Id": "Param",
      "FadeInTime": -1.0,
      "FadeOutTime": -1.0,
      "Segments": [
        0,
        10,
        0,
        3.167,
        10
      ]
    },
    {
      "Target": "Parameter",
      "Id": "Param2",
      "FadeInTime": -1.0,
      "FadeOutTime": -1.0,
      "Segments": [
        0,
        10,
        0,
        3.167,
        10
      ]
    },
    {
      "Target": "Parameter",
      "Id": "Param3",
      "FadeInTime": -1.0,
      "FadeOutTime": -1.0,
      "Segments": [
        0,
        10,
        0,
        3.167,
        10
      ]
    },
    {
      "Target": "Parameter",
      "Id": "Param32",
      "FadeInTime": -1.0,
      "FadeOutTime": -1.0,
      "Segments": [
        0,
        5,
        0,
        3.167,
        5
      ]
    },
    {
      "Target": "Parameter",
      "Id": "Param10",
      "FadeInTime": -1.0,
      "FadeOutTime": -1.0,
      "Segments": [
        0,
        0,
        0,
        3.167,
        0
      ]
    },
    {
      "Target": "Parameter",
      "Id": "Param11",
      "FadeInTime": -1.0,
      "FadeOutTime": -1.0,
      "Segments": [
        0,
        0,
        0,
        3.167,
        0
      ]
    },
    {
      "Target": "Parameter",
      "Id": "Param_Angle_Rotation_16_ArtMesh187",
      "FadeInTime": -1.0,
      "FadeOutTime": -1.0,
      "Segments": [
        0,
        0,
        0,
        3.167,
        0
      ]
    },
    {
      "Target": "Parameter",
      "Id": "Param_Angle_Rotation_17_ArtMesh187",
      "FadeInTime": -1.0,
      "FadeOutTime": -1.0,
      "Segments": [
        0,
        0,
        0,
        3.167,
        0
      ]
    },
    {
      "Target": "Parameter",
      "Id": "Param_Angle_Rotation_17_ArtMesh188",
      "FadeInTime": -1.0,
      "FadeOutTime": -1.0,
      "Segments": [
        0,
        4.1,
        0,
        3.167,
        4.1
      ]
    }
  ],
  "UserData": [
    {
      "Time": 0.0,
      "Value": ""
    },
    {
      "Time": 2.667,
      "Value": ""
    }
  ]
}