{
  "Version": 3,
  "Meta": {
    "Duration": 3.333,
    "Fps": 60.0,
    "Loop": true,
    "AreBeziersRestricted": true,
    "FadeInTime": 0.0,
    "FadeOutTime": 0.0,
    "CurveCount": 242,
    "TotalSegmentCount": 729,
    "TotalPointCount": 945,
    "UserDataCount": 2,
    "TotalUserDataSize": 0
  },
  "Curves": [
    {
      "Target": "Parameter",
      "Id": "Paramwuli",
      "FadeInTime": -1.0,
      "FadeOutTime": -1.0,
      "Segments": [
        0,
        0,
        2,
        0.25,
        0,
        0,
        0.633,
        30,
        0,
        1.017,
        -0.281,
        0,
        1.533,
        30,
        0,
        2.167,
        0,
        2,
        3.333,
        0
      ]
    },
    {
      "Target": "Parameter",
      "Id": "Paramwuli2",
      "FadeInTime": -1.0,
      "FadeOutTime": -1.0,
      "Segments": [
        0,
        0,
        2,
        0.25,
        0,
        0,
        0.633,
        30,
        0,
        1.017,
        -30,
        0,
        1.533,
        30,
        0,
        2.167,
        0,
        2,
        3.333,
        0
      ]
    },
    {
      "Target": "Parameter",
      "Id": "Paramwuli3",
      "FadeInTime": -1.0,
      "FadeOutTime": -1.0,
      "Segments": [
        0,
        0,
        2,
        0.25,
        0,
        0,
        0.633,
        30,
        0,
        1.017,
        -30,
        0,
        1.533,
        30,
        0,
        2.167,
        0,
        2,
        3.333,
        0
      ]
    },
    {
      "Target": "Parameter",
      "Id": "ParamRenwuX6",
      "FadeInTime": -1.0,
      "FadeOutTime": -1.0,
      "Segments": [
        0,
        -0.329,
        0,
        0.25,
        -0.272,
        0,
        0.75,
        -0.755,
        0,
        2,
        -0.003,
        0,
        3.333,
        -0.329
      ]
    },
    {
      "Target": "Parameter",
      "Id": "ParamRenwuX3",
      "FadeInTime": -1.0,
      "FadeOutTime": -1.0,
      "Segments": [
        0,
        -1.677,
        2,
        0.25,
        -1.677,
        0,
        1.15,
        -1.957,
        0,
        2.367,
        -1.478,
        0,
        3.333,
        -1.677
      ]
    },
    {
      "Target": "Parameter",
      "Id": "ParamRenwuX7",
      "FadeInTime": -1.0,
      "FadeOutTime": -1.0,
      "Segments": [
        0,
        0.974,
        0,
        0.417,
        1.431,
        0,
        0.917,
        -1.154,
        0,
        2.167,
        1.901,
        0,
        3.333,
        0.974
      ]
    },
    {
      "Target": "Parameter",
      "Id": "ParamRenwuX",
      "FadeInTime": -1.0,
      "FadeOutTime": -1.0,
      "Segments": [
        0,
        -3,
        2,
        0.583,
        -3,
        0,
        1.083,
        -3.18,
        0,
        2.333,
        -3,
        2,
        3.333,
        -3
      ]
    },
    {
      "Target": "Parameter",
      "Id": "ParamRenwuY",
      "FadeInTime": -1.0,
      "FadeOutTime": -1.0,
      "Segments": [
        0,
        -2.94,
        2,
        0.583,
        -2.94,
        0,
        1.083,
        -2.7,
        0,
        2.333,
        -2.94,
        2,
        3.333,
        -2.94
      ]
    },
    {
      "Target": "Parameter",
      "Id": "ParamRenwuZ",
      "FadeInTime": -1.0,
      "FadeOutTime": -1.0,
      "Segments": [
        0,
        33.463,
        2,
        0.583,
        33.463,
        0,
        1.083,
        34.363,
        1,
        1.5,
        34.063,
        1.916,
        33.763,
        2.333,
        33.463,
        2,
        3.333,
        33.463
      ]
    },
    {
      "Target": "Parameter",
      "Id": "ParamEyeLOpen",
      "FadeInTime": -1.0,
      "FadeOutTime": -1.0,
      "Segments": [
        0,
        1,
        2,
        0.617,
        1,
        0,
        0.85,
        0,
        2,
        1.783,
        0,
        0,
        2.233,
        1,
        2,
        3.333,
        1
      ]
    },
    {
      "Target": "Parameter",
      "Id": "ParamEyeROpen",
      "FadeInTime": -1.0,
      "FadeOutTime": -1.0,
      "Segments": [
        0,
        1,
        2,
        0.617,
        1,
        0,
        0.85,
        0,
        2,
        1.783,
        0,
        0,
        2.233,
        1,
        2,
        3.333,
        1
      ]
    },
    {
      "Target": "Parameter",
      "Id": "ParamEyeLSmile",
      "FadeInTime": -1.0,
      "FadeOutTime": -1.0,
      "Segments": [
        0,
        0,
        2,
        0.617,
        0,
        0,
        0.85,
        1,
        2,
        1.783,
        1,
        0,
        2.233,
        0,
        2,
        3.333,
        0
      ]
    },
    {
      "Target": "Parameter",
      "Id": "ParamEyeRSmile",
      "FadeInTime": -1.0,
      "FadeOutTime": -1.0,
      "Segments": [
        0,
        0,
        2,
        0.617,
        0,
        0,
        0.85,
        1,
        2,
        1.783,
        1,
        0,
        2.233,
        0,
        2,
        3.333,
        0
      ]
    },
    {
      "Target": "Parameter",
      "Id": "ParamMouthOpenY",
      "FadeInTime": -1.0,
      "FadeOutTime": -1.0,
      "Segments": [
        0,
        0,
        2,
        0.75,
        0,
        0,
        1.033,
        1,
        0,
        1.367,
        0,
        2,
        3.333,
        0
      ]
    },
    {
      "Target": "Parameter",
      "Id": "ParamCheek",
      "FadeInTime": -1.0,
      "FadeOutTime": -1.0,
      "Segments": [
        0,
        0.5,
        2,
        0.567,
        0.5,
        0,
        1.033,
        1,
        0,
        2.233,
        0.5,
        2,
        3.333,
        0.5
      ]
    },
    {
      "Target": "Parameter",
      "Id": "ParamAngleX",
      "FadeInTime": -1.0,
      "FadeOutTime": -1.0,
      "Segments": [
        0,
        -30,
        2,
        0.25,
        -30,
        0,
        0.75,
        0,
        0,
        1.333,
        -30,
        2,
        2.333,
        -30,
        2,
        3.333,
        -30
      ]
    },
    {
      "Target": "Parameter",
      "Id": "ParamAngleZ",
      "FadeInTime": -1.0,
      "FadeOutTime": -1.0,
      "Segments": [
        0,
        3.9,
        2,
        0.517,
        3.9,
        1,
        0.684,
        3.9,
        0.85,
        3.569,
        1.017,
        0,
        1,
        1.211,
        -4.164,
        1.406,
        -9.3,
        1.6,
        -9.3,
        0,
        2.333,
        3.9,
        2,
        3.333,
        3.9
      ]
    },
    {
      "Target": "Parameter",
      "Id": "ParamAngleZ2",
      "FadeInTime": -1.0,
      "FadeOutTime": -1.0,
      "Segments": [
        0,
        0.25,
        2,
        0.383,
        0.25,
        0,
        0.883,
        -2.45,
        0,
        1.467,
        30.76,
        0,
        2.333,
        0.25,
        2,
        3.333,
        0.25
      ]
    },
    {
      "Target": "Parameter",
      "Id": "ParamBodyAngleX",
      "FadeInTime": -1.0,
      "FadeOutTime": -1.0,
      "Segments": [
        0,
        -10,
        2,
        0.25,
        -10,
        1,
        0.417,
        -10,
        0.583,
        -9.828,
        0.75,
        -7.207,
        1,
        0.944,
        -4.15,
        1.139,
        -0.094,
        1.333,
        -0.094,
        0,
        2.333,
        -10,
        2,
        3.333,
        -10
      ]
    },
    {
      "Target": "Parameter",
      "Id": "ParamBodyAngleZ",
      "FadeInTime": -1.0,
      "FadeOutTime": -1.0,
      "Segments": [
        0,
        -0.09,
        1,
        0.122,
        -0.09,
        0.245,
        -0.167,
        0.367,
        -0.714,
        1,
        0.534,
        -1.46,
        0.7,
        -2.17,
        0.867,
        -2.17,
        0,
        1.45,
        0.468,
        0,
        2.333,
        -0.858,
        0,
        3.333,
        -0.09
      ]
    },
    {
      "Target": "Parameter",
      "Id": "ParamBodyAngleZ2",
      "FadeInTime": -1.0,
      "FadeOutTime": -1.0,
      "Segments": [
        0,
        0,
        1,
        0.083,
        0,
        0.167,
        -0.032,
        0.25,
        -0.624,
        1,
        0.417,
        -1.809,
        0.583,
        -2.88,
        0.75,
        -2.88,
        0,
        1.333,
        0.546,
        0,
        2.333,
        -0.768,
        0,
        3.333,
        0
      ]
    },
    {
      "Target": "Parameter",
      "Id": "ParamBodyAngleUD",
      "FadeInTime": -1.0,
      "FadeOutTime": -1.0,
      "Segments": [
        0,
        0.33,
        0,
        0.25,
        1.217,
        0,
        0.75,
        -5.616,
        0,
        1.333,
        6,
        0,
        2.333,
        0.33,
        2,
        3.333,
        0.33
      ]
    },
    {
      "Target": "Parameter",
      "Id": "ParamJianbangL",
      "FadeInTime": -1.0,
      "FadeOutTime": -1.0,
      "Segments": [
        0,
        -1.76,
        2,
        0.25,
        -1.76,
        0,
        0.75,
        26.49,
        0,
        1.333,
        -17.504,
        0,
        2.333,
        -1.76,
        2,
        3.333,
        -1.76
      ]
    },
    {
      "Target": "Parameter",
      "Id": "ParamBodyAngleZ3",
      "FadeInTime": -1.0,
      "FadeOutTime": -1.0,
      "Segments": [
        0,
        0,
        2,
        0.133,
        0,
        0,
        0.633,
        2.122,
        0,
        1.217,
        -1.716,
        0,
        2.217,
        0,
        2,
        2.333,
        0,
        2,
        3.333,
        0
      ]
    },
    {
      "Target": "Parameter",
      "Id": "Param42",
      "FadeInTime": -1.0,
      "FadeOutTime": -1.0,
      "Segments": [
        0,
        0.976,
        1,
        0.228,
        0.976,
        0.455,
        0.86,
        0.683,
        0.516,
        1,
        0.872,
        0.231,
        1.061,
        0.016,
        1.25,
        0.016,
        0,
        2.333,
        0.976,
        2,
        3.333,
        0.976
      ]
    },
    {
      "Target": "Parameter",
      "Id": "Param43",
      "FadeInTime": -1.0,
      "FadeOutTime": -1.0,
      "Segments": [
        0,
        1.257,
        0,
        0.567,
        1.177,
        1,
        0.606,
        1.177,
        0.644,
        1.296,
        0.683,
        1.477,
        1,
        0.744,
        1.761,
        0.806,
        1.97,
        0.867,
        2.281,
        1,
        0.995,
        2.931,
        1.122,
        3.337,
        1.25,
        3.337,
        0,
        2.333,
        0.797,
        0,
        3.333,
        1.257
      ]
    },
    {
      "Target": "Parameter",
      "Id": "Param44",
      "FadeInTime": -1.0,
      "FadeOutTime": -1.0,
      "Segments": [
        0,
        6.46,
        1,
        0.228,
        6.46,
        0.455,
        6.105,
        0.683,
        5.14,
        1,
        0.872,
        4.339,
        1.061,
        3.78,
        1.25,
        3.78,
        0,
        2.333,
        6.46,
        2,
        3.333,
        6.46
      ]
    },
    {
      "Target": "Parameter",
      "Id": "ParamShangBiR",
      "FadeInTime": -1.0,
      "FadeOutTime": -1.0,
      "Segments": [
        0,
        1.452,
        2,
        0.683,
        1.452,
        0,
        1.25,
        0.11,
        0,
        2.333,
        1.452,
        2,
        3.333,
        1.452
      ]
    },
    {
      "Target": "Parameter",
      "Id": "ParamXiaBiR",
      "FadeInTime": -1.0,
      "FadeOutTime": -1.0,
      "Segments": [
        0,
        0.72,
        2,
        0.683,
        0.72,
        0,
        1.25,
        2.24,
        0,
        2.333,
        0.72,
        2,
        3.333,
        0.72
      ]
    },
    {
      "Target": "Parameter",
      "Id": "ParamShangBiRUD",
      "FadeInTime": -1.0,
      "FadeOutTime": -1.0,
      "Segments": [
        0,
        2.7,
        2,
        0.683,
        2.7,
        1,
        0.722,
        2.7,
        0.761,
        1.908,
        0.8,
        1.604,
        1,
        0.856,
        1.169,
        0.911,
        1.14,
        0.967,
        1.14,
        1,
        1.061,
        1.14,
        1.156,
        2.094,
        1.25,
        2.7,
        1,
        1.356,
        3.377,
        1.461,
        3.44,
        1.567,
        3.44,
        0,
        2.333,
        2.7,
        2,
        3.333,
        2.7
      ]
    },
    {
      "Target": "Parameter",
      "Id": "ParamDaTuiL",
      "FadeInTime": -1.0,
      "FadeOutTime": -1.0,
      "Segments": [
        0,
        -0.314,
        2,
        0.167,
        -0.314,
        0,
        0.683,
        -1.394,
        0,
        1.25,
        -0.146,
        0,
        2.333,
        -0.636,
        0,
        3.333,
        -0.314
      ]
    },
    {
      "Target": "Parameter",
      "Id": "ParamXiaoTuiL",
      "FadeInTime": -1.0,
      "FadeOutTime": -1.0,
      "Segments": [
        0,
        6.426,
        2,
        0.267,
        6.426,
        0,
        0.783,
        6.106,
        0,
        1.35,
        7.51,
        0,
        2.333,
        5.616,
        0,
        3.333,
        6.426
      ]
    },
    {
      "Target": "Parameter",
      "Id": "ParamJiaoL",
      "FadeInTime": -1.0,
      "FadeOutTime": -1.0,
      "Segments": [
        0,
        0.496,
        2,
        0.367,
        0.496,
        0,
        0.883,
        -3.559,
        0,
        1.45,
        3.338,
        0,
        2.333,
        -1.192,
        0,
        3.333,
        0.496
      ]
    },
    {
      "Target": "Parameter",
      "Id": "ParamDaTuiR",
      "FadeInTime": -1.0,
      "FadeOutTime": -1.0,
      "Segments": [
        0,
        4.267,
        2,
        0.167,
        4.267,
        0,
        0.683,
        3.563,
        0,
        1.25,
        4.508,
        0,
        2.333,
        4.05,
        0,
        3.333,
        4.267
      ]
    },
    {
      "Target": "Parameter",
      "Id": "ParamXiaoTuiR",
      "FadeInTime": -1.0,
      "FadeOutTime": -1.0,
      "Segments": [
        0,
        4.733,
        2,
        0.267,
        4.733,
        0,
        0.783,
        3.901,
        0,
        1.35,
        5,
        0,
        2.333,
        4.387,
        0,
        3.333,
        4.733
      ]
    },
    {
      "Target": "Parameter",
      "Id": "ParamJiaoR",
      "FadeInTime": -1.0,
      "FadeOutTime": -1.0,
      "Segments": [
        0,
        -0.173,
        2,
        0.367,
        -0.173,
        0,
        0.883,
        -3.151,
        0,
        1.45,
        3.526,
        0,
        2.333,
        -2.278,
        0,
        3.333,
        -0.173
      ]
    },
    {
      "Target": "Parameter",
      "Id": "ParamOPRX1",
      "FadeInTime": -1.0,
      "FadeOutTime": -1.0,
      "Segments": [
        0,
        0,
        2,
        0.25,
        0,
        0,
        0.45,
        -9.66,
        0,
        0.783,
        20.145,
        0,
        1.117,
        -22.818,
        0,
        1.567,
        9.14,
        0,
        1.867,
        1.116,
        0,
        1.983,
        1.311,
        0,
        2.233,
        -3.144,
        0,
        2.533,
        1.325,
        0,
        2.8,
        -0.641,
        0,
        3.067,
        0.31,
        0,
        3.333,
        -0.15
      ]
    },
    {
      "Target": "Parameter",
      "Id": "ParamOPRY1",
      "FadeInTime": -1.0,
      "FadeOutTime": -1.0,
      "Segments": [
        0,
        30,
        0,
        0.45,
        15.978,
        0,
        0.783,
        30,
        0,
        1.117,
        2.82,
        0,
        1.567,
        30,
        0,
        2.233,
        22.494,
        0,
        2.533,
        26.963,
        0,
        2.8,
        24.997,
        0,
        3.333,
        30
      ]
    },
    {
      "Target": "Parameter",
      "Id": "ParamOPRY2",
      "FadeInTime": -1.0,
      "FadeOutTime": -1.0,
      "Segments": [
        0,
        0,
        2,
        0.25,
        0,
        0,
        0.383,
        4.646,
        0,
        0.667,
        -16.8,
        0,
        0.983,
        29.101,
        0,
        1.283,
        -27.215,
        0,
        1.683,
        9.115,
        0,
        1.983,
        0.208,
        0,
        2.183,
        4.498,
        0,
        2.45,
        -3.973,
        0,
        2.717,
        2.606,
        0,
        2.983,
        -1.458,
        0,
        3.25,
        0.757,
        1,
        3.278,
        0.757,
        3.305,
        0.647,
        3.333,
        0.494
      ]
    },
    {
      "Target": "Parameter",
      "Id": "ParamOPLX1",
      "FadeInTime": -1.0,
      "FadeOutTime": -1.0,
      "Segments": [
        0,
        0,
        2,
        0.25,
        0,
        0,
        0.5,
        6.408,
        0,
        0.783,
        -16.112,
        0,
        1.067,
        25.577,
        0,
        1.383,
        -23.555,
        0,
        1.7,
        8.973,
        0,
        2.05,
        -4.239,
        0,
        2.317,
        4.229,
        0,
        2.567,
        -4.168,
        0,
        2.833,
        3.23,
        0,
        3.1,
        -2.091,
        1,
        3.178,
        -2.091,
        3.255,
        0.439,
        3.333,
        1.071
      ]
    },
    {
      "Target": "Parameter",
      "Id": "ParamTuiRou1",
      "FadeInTime": -1.0,
      "FadeOutTime": -1.0,
      "Segments": [
        0,
        0,
        2,
        0.4,
        0,
        0,
        0.55,
        -27.884,
        0,
        0.7,
        12.833,
        0,
        0.883,
        -8.155,
        0,
        1.083,
        3.904,
        0,
        1.35,
        -6.008,
        0,
        1.667,
        1.404,
        0,
        2.333,
        0,
        2,
        3.333,
        0
      ]
    },
    {
      "Target": "Parameter",
      "Id": "ParamTuiRou2",
      "FadeInTime": -1.0,
      "FadeOutTime": -1.0,
      "Segments": [
        0,
        0,
        2,
        0.483,
        0,
        0,
        0.633,
        -28.235,
        0,
        0.783,
        13.833,
        0,
        0.967,
        -17.573,
        0,
        1.167,
        2.904,
        0,
        2.333,
        0,
        2,
        3.333,
        0
      ]
    },
    {
      "Target": "Parameter",
      "Id": "Param29",
      "FadeInTime": -1.0,
      "FadeOutTime": -1.0,
      "Segments": [
        0,
        0,
        2,
        0.25,
        0,
        0,
        0.45,
        -3.139,
        0,
        0.783,
        7.149,
        0,
        1.117,
        -7.563,
        0,
        1.567,
        2.66,
        0,
        1.867,
        0.118,
        0,
        2,
        0.242,
        0,
        2.233,
        -0.965,
        0,
        2.5,
        0.445,
        0,
        2.767,
        -0.205,
        0,
        3.033,
        0.094,
        0,
        3.283,
        -0.091,
        1,
        3.3,
        -0.091,
        3.316,
        -0.084,
        3.333,
        -0.072
      ]
    },
    {
      "Target": "Parameter",
      "Id": "Param30",
      "FadeInTime": -1.0,
      "FadeOutTime": -1.0,
      "Segments": [
        0,
        0,
        2,
        0.25,
        0,
        0,
        0.383,
        1.518,
        0,
        0.667,
        -5.521,
        0,
        0.983,
        9.923,
        0,
        1.283,
        -8.86,
        0,
        1.7,
        2.671,
        0,
        1.983,
        -0.239,
        0,
        2.183,
        1.2,
        0,
        2.417,
        -1.215,
        0,
        2.683,
        0.831,
        0,
        2.95,
        -0.458,
        0,
        3.217,
        0.325,
        1,
        3.256,
        0.325,
        3.294,
        0.189,
        3.333,
        0.044
      ]
    },
    {
      "Target": "Parameter",
      "Id": "ParamQianFa1_1",
      "FadeInTime": -1.0,
      "FadeOutTime": -1.0,
      "Segments": [
        0,
        0,
        2,
        0.25,
        0,
        0,
        0.45,
        -12.717,
        0,
        0.75,
        20.469,
        0,
        1.083,
        -16.261,
        0,
        1.367,
        4.604,
        0,
        1.533,
        2.713,
        0,
        1.683,
        3.267,
        0,
        2.183,
        -3.244,
        0,
        2.45,
        2.018,
        0,
        2.717,
        -1.255,
        0,
        2.983,
        0.78,
        0,
        3.25,
        -0.484,
        1,
        3.278,
        -0.484,
        3.305,
        -0.397,
        3.333,
        -0.281
      ]
    },
    {
      "Target": "Parameter",
      "Id": "ParamQianFa1_2",
      "FadeInTime": -1.0,
      "FadeOutTime": -1.0,
      "Segments": [
        0,
        0,
        2,
        0.25,
        0,
        0,
        0.383,
        6.12,
        0,
        0.633,
        -23.956,
        0,
        0.95,
        27.538,
        0,
        1.25,
        -19.709,
        0,
        1.517,
        4.956,
        0,
        1.717,
        0.162,
        0,
        1.967,
        5.396,
        0,
        2.367,
        -4.175,
        0,
        2.633,
        3.432,
        0,
        2.9,
        -2.386,
        0,
        3.167,
        1.559,
        1,
        3.222,
        1.559,
        3.278,
        0.426,
        3.333,
        -0.33
      ]
    },
    {
      "Target": "Parameter",
      "Id": "ParamQianFa1_3",
      "FadeInTime": -1.0,
      "FadeOutTime": -1.0,
      "Segments": [
        0,
        0,
        2,
        0.25,
        0,
        0,
        0.5,
        7.994,
        0,
        0.75,
        -20.417,
        0,
        1.033,
        25.741,
        0,
        1.35,
        -21.192,
        0,
        1.633,
        10.794,
        0,
        1.883,
        -4.727,
        0,
        2.133,
        4.015,
        0,
        2.467,
        -4.365,
        0,
        2.75,
        4.215,
        0,
        3.017,
        -3.34,
        0,
        3.283,
        2.367,
        1,
        3.3,
        2.367,
        3.316,
        2.229,
        3.333,
        2.003
      ]
    },
    {
      "Target": "Parameter",
      "Id": "ParamQianFa1_4",
      "FadeInTime": -1.0,
      "FadeOutTime": -1.0,
      "Segments": [
        0,
        0,
        2,
        0.25,
        0,
        0,
        0.567,
        7.973,
        0,
        0.817,
        -22.485,
        0,
        1.083,
        30,
        2,
        1.133,
        30,
        0,
        1.433,
        -28.765,
        0,
        1.733,
        17.79,
        0,
        2,
        -9.42,
        0,
        2.267,
        7.069,
        0,
        2.55,
        -6.749,
        0,
        2.833,
        6.37,
        0,
        3.117,
        -5.352,
        1,
        3.189,
        -5.352,
        3.261,
        0.837,
        3.333,
        3.158
      ]
    },
    {
      "Target": "Parameter",
      "Id": "ParamQianFa2_1",
      "FadeInTime": -1.0,
      "FadeOutTime": -1.0,
      "Segments": [
        0,
        0,
        2,
        0.25,
        0,
        0,
        0.467,
        -14.326,
        0,
        0.783,
        24.148,
        0,
        1.117,
        -20.664,
        0,
        1.467,
        8.809,
        0,
        1.833,
        -0.217,
        0,
        1.967,
        0.29,
        0,
        2.233,
        -3.987,
        0,
        2.517,
        2.506,
        0,
        2.8,
        -1.576,
        0,
        3.083,
        0.991,
        1,
        3.166,
        0.991,
        3.25,
        -0.265,
        3.333,
        -0.561
      ]
    },
    {
      "Target": "Parameter",
      "Id": "ParamQianFa2_2",
      "FadeInTime": -1.0,
      "FadeOutTime": -1.0,
      "Segments": [
        0,
        0,
        2,
        0.25,
        0,
        0,
        0.4,
        7.134,
        0,
        0.667,
        -25.187,
        0,
        0.983,
        29.016,
        0,
        1.3,
        -21.619,
        0,
        1.65,
        7.795,
        0,
        1.933,
        0.441,
        0,
        2.183,
        4.892,
        0,
        2.433,
        -5.082,
        0,
        2.7,
        3.857,
        0,
        2.983,
        -2.634,
        0,
        3.267,
        1.717,
        1,
        3.289,
        1.717,
        3.311,
        1.562,
        3.333,
        1.323
      ]
    },
    {
      "Target": "Parameter",
      "Id": "ParamQianFa2_3",
      "FadeInTime": -1.0,
      "FadeOutTime": -1.0,
      "Segments": [
        0,
        0,
        2,
        0.25,
        0,
        0,
        0.5,
        8.013,
        0,
        0.75,
        -20.603,
        0,
        1.05,
        26.183,
        0,
        1.383,
        -21.768,
        0,
        1.7,
        11.435,
        0,
        2.017,
        -5.194,
        0,
        2.283,
        4.782,
        0,
        2.55,
        -5.33,
        0,
        2.817,
        4.738,
        0,
        3.1,
        -3.631,
        1,
        3.178,
        -3.63,
        3.255,
        0.556,
        3.333,
        2.033
      ]
    },
    {
      "Target": "Parameter",
      "Id": "ParamQianFa2_4",
      "FadeInTime": -1.0,
      "FadeOutTime": -1.0,
      "Segments": [
        0,
        0,
        2,
        0.25,
        0,
        0,
        0.583,
        8.066,
        0,
        0.833,
        -22.852,
        0,
        1.1,
        30,
        2,
        1.15,
        30,
        0,
        1.467,
        -29.354,
        0,
        1.8,
        18.57,
        0,
        2.1,
        -10.171,
        0,
        2.383,
        7.725,
        0,
        2.667,
        -7.677,
        0,
        2.933,
        7.144,
        0,
        3.217,
        -5.862,
        1,
        3.256,
        -5.862,
        3.294,
        -4.128,
        3.333,
        -2.087
      ]
    },
    {
      "Target": "Parameter",
      "Id": "ParamQianFa3_1",
      "FadeInTime": -1.0,
      "FadeOutTime": -1.0,
      "Segments": [
        0,
        0,
        2,
        0.25,
        0,
        0,
        0.467,
        -14.326,
        0,
        0.783,
        24.148,
        0,
        1.117,
        -20.664,
        0,
        1.467,
        8.809,
        0,
        1.833,
        -0.217,
        0,
        1.967,
        0.29,
        0,
        2.233,
        -3.987,
        0,
        2.517,
        2.506,
        0,
        2.8,
        -1.576,
        0,
        3.083,
        0.991,
        1,
        3.166,
        0.991,
        3.25,
        -0.265,
        3.333,
        -0.561
      ]
    },
    {
      "Target": "Parameter",
      "Id": "ParamQianFa3_2",
      "FadeInTime": -1.0,
      "FadeOutTime": -1.0,
      "Segments": [
        0,
        0,
        2,
        0.25,
        0,
        0,
        0.4,
        7.134,
        0,
        0.667,
        -25.187,
        0,
        0.983,
        29.016,
        0,
        1.3,
        -21.619,
        0,
        1.65,
        7.795,
        0,
        1.933,
        0.441,
        0,
        2.183,
        4.892,
        0,
        2.433,
        -5.082,
        0,
        2.7,
        3.857,
        0,
        2.983,
        -2.634,
        0,
        3.267,
        1.717,
        1,
        3.289,
        1.717,
        3.311,
        1.562,
        3.333,
        1.323
      ]
    },
    {
      "Target": "Parameter",
      "Id": "ParamQianFa3_3",
      "FadeInTime": -1.0,
      "FadeOutTime": -1.0,
      "Segments": [
        0,
        0,
        2,
        0.25,
        0,
        0,
        0.5,
        8.013,
        0,
        0.75,
        -20.603,
        0,
        1.05,
        26.183,
        0,
        1.383,
        -21.768,
        0,
        1.7,
        11.435,
        0,
        2.017,
        -5.194,
        0,
        2.283,
        4.782,
        0,
        2.55,
        -5.33,
        0,
        2.817,
        4.738,
        0,
        3.1,
        -3.631,
        1,
        3.178,
        -3.63,
        3.255,
        0.556,
        3.333,
        2.033
      ]
    },
    {
      "Target": "Parameter",
      "Id": "ParamQianFa3_4",
      "FadeInTime": -1.0,
      "FadeOutTime": -1.0,
      "Segments": [
        0,
        0,
        2,
        0.25,
        0,
        0,
        0.583,
        8.066,
        0,
        0.833,
        -22.852,
        0,
        1.1,
        30,
        2,
        1.15,
        30,
        0,
        1.467,
        -29.354,
        0,
        1.8,
        18.57,
        0,
        2.1,
        -10.171,
        0,
        2.383,
        7.725,
        0,
        2.667,
        -7.677,
        0,
        2.933,
        7.144,
        0,
        3.217,
        -5.862,
        1,
        3.256,
        -5.862,
        3.294,
        -4.128,
        3.333,
        -2.087
      ]
    },
    {
      "Target": "Parameter",
      "Id": "Param19",
      "FadeInTime": -1.0,
      "FadeOutTime": -1.0,
      "Segments": [
        0,
        0,
        2,
        0.25,
        0,
        1,
        1.278,
        4.231,
        2.305,
        8.462,
        3.333,
        12.693
      ]
    },
    {
      "Target": "Parameter",
      "Id": "Param16",
      "FadeInTime": -1.0,
      "FadeOutTime": -1.0,
      "Segments": [
        0,
        0,
        2,
        0.25,
        0,
        1,
        1.278,
        0,
        2.305,
        8.443,
        3.333,
        8.974
      ]
    },
    {
      "Target": "Parameter",
      "Id": "Param14",
      "FadeInTime": -1.0,
      "FadeOutTime": -1.0,
      "Segments": [
        0,
        0,
        2,
        0.25,
        0,
        1,
        1.278,
        0.529,
        2.305,
        1.058,
        3.333,
        1.587
      ]
    },
    {
      "Target": "Parameter",
      "Id": "Param15",
      "FadeInTime": -1.0,
      "FadeOutTime": -1.0,
      "Segments": [
        0,
        0,
        2,
        0.25,
        0,
        2,
        1.767,
        0,
        0,
        1.85,
        10,
        0,
        1.95,
        8.228,
        0,
        2.05,
        10,
        0,
        2.167,
        7.31,
        1,
        2.2,
        7.31,
        2.234,
        9.944,
        2.267,
        9.948,
        1,
        2.622,
        9.986,
        2.978,
        10,
        3.333,
        10
      ]
    },
    {
      "Target": "Parameter",
      "Id": "Param18",
      "FadeInTime": -1.0,
      "FadeOutTime": -1.0,
      "Segments": [
        0,
        5,
        2,
        0.25,
        5,
        1,
        1.278,
        5.529,
        2.305,
        6.058,
        3.333,
        6.587
      ]
    },
    {
      "Target": "Parameter",
      "Id": "Param17",
      "FadeInTime": -1.0,
      "FadeOutTime": -1.0,
      "Segments": [
        0,
        0,
        2,
        0.25,
        0,
        2,
        1.3,
        0,
        0,
        1.383,
        10,
        0,
        1.483,
        8.228,
        0,
        1.567,
        10,
        0,
        1.7,
        7.31,
        1,
        1.733,
        7.31,
        1.767,
        9.943,
        1.8,
        9.948,
        1,
        2.078,
        9.987,
        2.355,
        10,
        2.633,
        10,
        0,
        2.733,
        6.706,
        0,
        2.8,
        10,
        0,
        2.917,
        8.215,
        0,
        3.017,
        9.995,
        1,
        3.122,
        9.996,
        3.228,
        9.997,
        3.333,
        9.998
      ]
    },
    {
      "Target": "Parameter",
      "Id": "Param6",
      "FadeInTime": -1.0,
      "FadeOutTime": -1.0,
      "Segments": [
        0,
        2.91,
        2,
        0.25,
        2.91,
        1,
        1.278,
        2.91,
        2.305,
        -2.44,
        3.333,
        -2.884
      ]
    },
    {
      "Target": "Parameter",
      "Id": "Param7",
      "FadeInTime": -1.0,
      "FadeOutTime": -1.0,
      "Segments": [
        0,
        2,
        2,
        0.25,
        2,
        0,
        1.3,
        4.016,
        1,
        1.978,
        4.016,
        2.655,
        0.84,
        3.333,
        -1.518
      ]
    },
    {
      "Target": "Parameter",
      "Id": "Param8",
      "FadeInTime": -1.0,
      "FadeOutTime": -1.0,
      "Segments": [
        0,
        -2.32,
        2,
        0.25,
        -2.32,
        0,
        2.367,
        4.987,
        1,
        2.689,
        4.987,
        3.011,
        4.105,
        3.333,
        2.865
      ]
    },
    {
      "Target": "Parameter",
      "Id": "Param9",
      "FadeInTime": -1.0,
      "FadeOutTime": -1.0,
      "Segments": [
        0,
        -7.74,
        2,
        0.25,
        -7.74,
        1,
        1.278,
        -7.74,
        2.305,
        6.486,
        3.333,
        7.665
      ]
    },
    {
      "Target": "Parameter",
      "Id": "Param12",
      "FadeInTime": -1.0,
      "FadeOutTime": -1.0,
      "Segments": [
        0,
        0,
        2,
        0.25,
        0,
        1,
        1.278,
        0.529,
        2.305,
        1.058,
        3.333,
        1.587
      ]
    },
    {
      "Target": "Parameter",
      "Id": "Param13",
      "FadeInTime": -1.0,
      "FadeOutTime": -1.0,
      "Segments": [
        0,
        5,
        2,
        0.25,
        5,
        1,
        1.278,
        5.529,
        2.305,
        6.058,
        3.333,
        6.587
      ]
    },
    {
      "Target": "Parameter",
      "Id": "MB_wutixialuoxunhuan",
      "FadeInTime": -1.0,
      "FadeOutTime": -1.0,
      "Segments": [
        0,
        0,
        2,
        0.25,
        0,
        1,
        1.278,
        0.159,
        2.305,
        0.317,
        3.333,
        0.476
      ]
    },
    {
      "Target": "Parameter",
      "Id": "MB_wutixialuojiaodu",
      "FadeInTime": -1.0,
      "FadeOutTime": -1.0,
      "Segments": [
        0,
        0,
        2,
        0.25,
        0,
        1,
        1.278,
        0.213,
        2.305,
        0.425,
        3.333,
        0.638
      ]
    },
    {
      "Target": "Parameter",
      "Id": "MB_Awutifanzhuan",
      "FadeInTime": -1.0,
      "FadeOutTime": -1.0,
      "Segments": [
        0,
        0,
        2,
        0.25,
        0,
        0,
        2.483,
        1,
        1,
        2.766,
        1,
        3.05,
        0.881,
        3.333,
        0.726
      ]
    },
    {
      "Target": "Parameter",
      "Id": "MB_Awutidaxiao",
      "FadeInTime": -1.0,
      "FadeOutTime": -1.0,
      "Segments": [
        0,
        0,
        2,
        0.25,
        0,
        1,
        1.278,
        0,
        2.305,
        0.043,
        3.333,
        0.073
      ]
    },
    {
      "Target": "Parameter",
      "Id": "MB_Awutijiaodu",
      "FadeInTime": -1.0,
      "FadeOutTime": -1.0,
      "Segments": [
        0,
        1,
        2,
        0.25,
        1,
        1,
        1.278,
        1,
        2.305,
        0.702,
        3.333,
        0.497
      ]
    },
    {
      "Target": "Parameter",
      "Id": "MB_Bwutifanzhuan",
      "FadeInTime": -1.0,
      "FadeOutTime": -1.0,
      "Segments": [
        0,
        1,
        2,
        0.25,
        1,
        1,
        1.278,
        1,
        2.305,
        0.139,
        3.333,
        -0.453
      ]
    },
    {
      "Target": "Parameter",
      "Id": "MB_Bwutidaxiao",
      "FadeInTime": -1.0,
      "FadeOutTime": -1.0,
      "Segments": [
        0,
        0,
        2,
        0.25,
        0,
        1,
        1.278,
        0,
        2.305,
        0.043,
        3.333,
        0.073
      ]
    },
    {
      "Target": "Parameter",
      "Id": "MB_Bwutijiaodu",
      "FadeInTime": -1.0,
      "FadeOutTime": -1.0,
      "Segments": [
        0,
        0,
        2,
        0.25,
        0,
        0,
        2.533,
        1,
        1,
        2.8,
        1,
        3.066,
        0.962,
        3.333,
        0.888
      ]
    },
    {
      "Target": "Parameter",
      "Id": "MB_Cwutifanzhuan",
      "FadeInTime": -1.0,
      "FadeOutTime": -1.0,
      "Segments": [
        0,
        0,
        2,
        0.25,
        0,
        0,
        2.533,
        1,
        1,
        2.8,
        1,
        3.066,
        0.962,
        3.333,
        0.888
      ]
    },
    {
      "Target": "Parameter",
      "Id": "MB_Cwutidaxiao",
      "FadeInTime": -1.0,
      "FadeOutTime": -1.0,
      "Segments": [
        0,
        0,
        2,
        0.25,
        0,
        1,
        1.278,
        0,
        2.305,
        -0.043,
        3.333,
        -0.073
      ]
    },
    {
      "Target": "Parameter",
      "Id": "MB_Cwutijiaodu",
      "FadeInTime": -1.0,
      "FadeOutTime": -1.0,
      "Segments": [
        0,
        -1,
        2,
        0.25,
        -1,
        1,
        1.278,
        -1,
        2.305,
        -0.631,
        3.333,
        -0.377
      ]
    },
    {
      "Target": "Parameter",
      "Id": "Param_Angle_Rotation_1_ArtMesh186",
      "FadeInTime": -1.0,
      "FadeOutTime": -1.0,
      "Segments": [
        0,
        0.99,
        2,
        0.25,
        0.99,
        1,
        1.278,
        0.99,
        2.305,
        -0.831,
        3.333,
        -0.982
      ]
    },
    {
      "Target": "Parameter",
      "Id": "Param_Angle_Rotation_2_ArtMesh186",
      "FadeInTime": -1.0,
      "FadeOutTime": -1.0,
      "Segments": [
        0,
        0.91,
        2,
        0.25,
        0.91,
        0,
        0.6,
        0.992,
        1,
        1.511,
        0.992,
        2.422,
        -0.411,
        3.333,
        -0.858
      ]
    },
    {
      "Target": "Parameter",
      "Id": "Param_Angle_Rotation_3_ArtMesh186",
      "FadeInTime": -1.0,
      "FadeOutTime": -1.0,
      "Segments": [
        0,
        0.68,
        2,
        0.25,
        0.68,
        0,
        1.017,
        0.992,
        1,
        1.789,
        0.992,
        2.561,
        -0.016,
        3.333,
        -0.595
      ]
    },
    {
      "Target": "Parameter",
      "Id": "Param_Angle_Rotation_4_ArtMesh186",
      "FadeInTime": -1.0,
      "FadeOutTime": -1.0,
      "Segments": [
        0,
        0.38,
        2,
        0.25,
        0.38,
        0,
        1.417,
        1.016,
        1,
        2.056,
        1.016,
        2.694,
        0.309,
        3.333,
        -0.271
      ]
    },
    {
      "Target": "Parameter",
      "Id": "Param_Angle_Rotation_5_ArtMesh186",
      "FadeInTime": -1.0,
      "FadeOutTime": -1.0,
      "Segments": [
        0,
        0,
        2,
        0.25,
        0,
        0,
        1.833,
        1.016,
        1,
        2.333,
        1.016,
        2.833,
        0.583,
        3.333,
        0.117
      ]
    },
    {
      "Target": "Parameter",
      "Id": "Param_Angle_Rotation_6_ArtMesh186",
      "FadeInTime": -1.0,
      "FadeOutTime": -1.0,
      "Segments": [
        0,
        -0.36,
        2,
        0.25,
        -0.36,
        0,
        2.233,
        1.016,
        1,
        2.6,
        1.016,
        2.966,
        0.783,
        3.333,
        0.475
      ]
    },
    {
      "Target": "Parameter",
      "Id": "Param_Angle_Rotation_7_ArtMesh186",
      "FadeInTime": -1.0,
      "FadeOutTime": -1.0,
      "Segments": [
        0,
        -0.7,
        2,
        0.25,
        -0.7,
        0,
        2.65,
        1.016,
        1,
        2.878,
        1.016,
        3.105,
        0.926,
        3.333,
        0.784
      ]
    },
    {
      "Target": "Parameter",
      "Id": "Param_Angle_Rotation_8_ArtMesh186",
      "FadeInTime": -1.0,
      "FadeOutTime": -1.0,
      "Segments": [
        0,
        -0.92,
        2,
        0.25,
        -0.92,
        0,
        3.05,
        1.016,
        1,
        3.144,
        1.016,
        3.239,
        1,
        3.333,
        0.972
      ]
    },
    {
      "Target": "Parameter",
      "Id": "Param_Angle_Rotation_9_ArtMesh186",
      "FadeInTime": -1.0,
      "FadeOutTime": -1.0,
      "Segments": [
        0,
        -1.02,
        2,
        0.25,
        -1.02,
        1,
        1.278,
        -1.02,
        2.305,
        0.851,
        3.333,
        1.006
      ]
    },
    {
      "Target": "Parameter",
      "Id": "Param_Angle_Rotation_10_ArtMesh186",
      "FadeInTime": -1.0,
      "FadeOutTime": -1.0,
      "Segments": [
        0,
        -0.93,
        2,
        0.25,
        -0.93,
        0,
        0.6,
        -1.016,
        1,
        1.511,
        -1.016,
        2.422,
        0.421,
        3.333,
        0.878
      ]
    },
    {
      "Target": "Parameter",
      "Id": "Param_Angle_Rotation_11_ArtMesh186",
      "FadeInTime": -1.0,
      "FadeOutTime": -1.0,
      "Segments": [
        0,
        -2.06,
        2,
        0.25,
        -2.06,
        0,
        1.017,
        -3,
        1,
        1.789,
        -3,
        2.561,
        0.049,
        3.333,
        1.8
      ]
    },
    {
      "Target": "Parameter",
      "Id": "Param_Angle_Rotation_12_ArtMesh186",
      "FadeInTime": -1.0,
      "FadeOutTime": -1.0,
      "Segments": [
        0,
        -1.13,
        2,
        0.25,
        -1.13,
        0,
        1.417,
        -3,
        1,
        2.056,
        -3,
        2.694,
        -0.913,
        3.333,
        0.799
      ]
    },
    {
      "Target": "Parameter",
      "Id": "Param_Angle_Rotation_13_ArtMesh186",
      "FadeInTime": -1.0,
      "FadeOutTime": -1.0,
      "Segments": [
        0,
        0,
        2,
        0.25,
        0,
        0,
        1.833,
        -3,
        1,
        2.333,
        -3,
        2.833,
        -1.722,
        3.333,
        -0.345
      ]
    },
    {
      "Target": "Parameter",
      "Id": "Param_Angle_Rotation_14_ArtMesh186",
      "FadeInTime": -1.0,
      "FadeOutTime": -1.0,
      "Segments": [
        0,
        1.08,
        2,
        0.25,
        1.08,
        0,
        2.233,
        -3,
        1,
        2.6,
        -3,
        2.966,
        -2.313,
        3.333,
        -1.403
      ]
    },
    {
      "Target": "Parameter",
      "Id": "Param_Angle_Rotation_15_ArtMesh186",
      "FadeInTime": -1.0,
      "FadeOutTime": -1.0,
      "Segments": [
        0,
        2.06,
        2,
        0.25,
        2.06,
        0,
        2.65,
        -3,
        1,
        2.878,
        -3,
        3.105,
        -2.735,
        3.333,
        -2.316
      ]
    },
    {
      "Target": "Parameter",
      "Id": "Param_Angle_Rotation_1_ArtMesh187",
      "FadeInTime": -1.0,
      "FadeOutTime": -1.0,
      "Segments": [
        0,
        -0.99,
        2,
        0.25,
        -0.99,
        1,
        1.278,
        -0.99,
        2.305,
        0.831,
        3.333,
        0.982
      ]
    },
    {
      "Target": "Parameter",
      "Id": "Param_Angle_Rotation_2_ArtMesh187",
      "FadeInTime": -1.0,
      "FadeOutTime": -1.0,
      "Segments": [
        0,
        -0.91,
        2,
        0.25,
        -0.91,
        0,
        0.6,
        -0.992,
        1,
        1.511,
        -0.992,
        2.422,
        0.411,
        3.333,
        0.858
      ]
    },
    {
      "Target": "Parameter",
      "Id": "Param_Angle_Rotation_3_ArtMesh187",
      "FadeInTime": -1.0,
      "FadeOutTime": -1.0,
      "Segments": [
        0,
        -0.68,
        2,
        0.25,
        -0.68,
        0,
        1.017,
        -0.992,
        1,
        1.789,
        -0.992,
        2.561,
        0.016,
        3.333,
        0.595
      ]
    },
    {
      "Target": "Parameter",
      "Id": "Param_Angle_Rotation_4_ArtMesh187",
      "FadeInTime": -1.0,
      "FadeOutTime": -1.0,
      "Segments": [
        0,
        -0.38,
        2,
        0.25,
        -0.38,
        0,
        1.417,
        -1.016,
        1,
        2.056,
        -1.016,
        2.694,
        -0.309,
        3.333,
        0.271
      ]
    },
    {
      "Target": "Parameter",
      "Id": "Param_Angle_Rotation_5_ArtMesh187",
      "FadeInTime": -1.0,
      "FadeOutTime": -1.0,
      "Segments": [
        0,
        0,
        2,
        0.25,
        0,
        0,
        1.833,
        -1.016,
        1,
        2.333,
        -1.016,
        2.833,
        -0.583,
        3.333,
        -0.117
      ]
    },
    {
      "Target": "Parameter",
      "Id": "Param_Angle_Rotation_6_ArtMesh187",
      "FadeInTime": -1.0,
      "FadeOutTime": -1.0,
      "Segments": [
        0,
        0.36,
        2,
        0.25,
        0.36,
        0,
        2.233,
        -1.016,
        1,
        2.6,
        -1.016,
        2.966,
        -0.783,
        3.333,
        -0.475
      ]
    },
    {
      "Target": "Parameter",
      "Id": "Param_Angle_Rotation_7_ArtMesh187",
      "FadeInTime": -1.0,
      "FadeOutTime": -1.0,
      "Segments": [
        0,
        0.7,
        2,
        0.25,
        0.7,
        0,
        2.65,
        -1.016,
        1,
        2.878,
        -1.016,
        3.105,
        -0.926,
        3.333,
        -0.784
      ]
    },
    {
      "Target": "Parameter",
      "Id": "Param_Angle_Rotation_8_ArtMesh187",
      "FadeInTime": -1.0,
      "FadeOutTime": -1.0,
      "Segments": [
        0,
        0.92,
        2,
        0.25,
        0.92,
        0,
        3.05,
        -1.016,
        1,
        3.144,
        -1.016,
        3.239,
        -1,
        3.333,
        -0.972
      ]
    },
    {
      "Target": "Parameter",
      "Id": "Param_Angle_Rotation_9_ArtMesh187",
      "FadeInTime": -1.0,
      "FadeOutTime": -1.0,
      "Segments": [
        0,
        1.02,
        2,
        0.25,
        1.02,
        1,
        1.278,
        1.02,
        2.305,
        -0.851,
        3.333,
        -1.006
      ]
    },
    {
      "Target": "Parameter",
      "Id": "Param_Angle_Rotation_10_ArtMesh187",
      "FadeInTime": -1.0,
      "FadeOutTime": -1.0,
      "Segments": [
        0,
        0.93,
        2,
        0.25,
        0.93,
        0,
        0.6,
        1.016,
        1,
        1.511,
        1.016,
        2.422,
        -0.421,
        3.333,
        -0.878
      ]
    },
    {
      "Target": "Parameter",
      "Id": "Param_Angle_Rotation_11_ArtMesh187",
      "FadeInTime": -1.0,
      "FadeOutTime": -1.0,
      "Segments": [
        0,
        2.06,
        2,
        0.25,
        2.06,
        0,
        1.017,
        3,
        1,
        1.789,
        3,
        2.561,
        -0.049,
        3.333,
        -1.8
      ]
    },
    {
      "Target": "Parameter",
      "Id": "Param_Angle_Rotation_12_ArtMesh187",
      "FadeInTime": -1.0,
      "FadeOutTime": -1.0,
      "Segments": [
        0,
        1.13,
        2,
        0.25,
        1.13,
        0,
        1.417,
        3,
        1,
        2.056,
        3,
        2.694,
        0.913,
        3.333,
        -0.799
      ]
    },
    {
      "Target": "Parameter",
      "Id": "Param_Angle_Rotation_13_ArtMesh187",
      "FadeInTime": -1.0,
      "FadeOutTime": -1.0,
      "Segments": [
        0,
        0,
        2,
        0.25,
        0,
        0,
        1.833,
        3,
        1,
        2.333,
        3,
        2.833,
        1.722,
        3.333,
        0.345
      ]
    },
    {
      "Target": "Parameter",
      "Id": "Param_Angle_Rotation_14_ArtMesh187",
      "FadeInTime": -1.0,
      "FadeOutTime": -1.0,
      "Segments": [
        0,
        -1.08,
        2,
        0.25,
        -1.08,
        0,
        2.233,
        3,
        1,
        2.6,
        3,
        2.966,
        2.313,
        3.333,
        1.403
      ]
    },
    {
      "Target": "Parameter",
      "Id": "Param_Angle_Rotation_15_ArtMesh187",
      "FadeInTime": -1.0,
      "FadeOutTime": -1.0,
      "Segments": [
        0,
        -2.06,
        2,
        0.25,
        -2.06,
        0,
        2.65,
        3,
        1,
        2.878,
        3,
        3.105,
        2.735,
        3.333,
        2.316
      ]
    },
    {
      "Target": "Parameter",
      "Id": "Param_Angle_Rotation_1_ArtMesh188",
      "FadeInTime": -1.0,
      "FadeOutTime": -1.0,
      "Segments": [
        0,
        -3,
        2,
        0.25,
        -3,
        1,
        1.278,
        -3,
        2.305,
        0.848,
        3.333,
        2.381
      ]
    },
    {
      "Target": "Parameter",
      "Id": "Param_Angle_Rotation_2_ArtMesh188",
      "FadeInTime": -1.0,
      "FadeOutTime": -1.0,
      "Segments": [
        0,
        -2.6,
        2,
        0.25,
        -2.6,
        0,
        0.867,
        -3,
        1,
        1.689,
        -3,
        2.511,
        -0.579,
        3.333,
        1.187
      ]
    },
    {
      "Target": "Parameter",
      "Id": "Param_Angle_Rotation_3_ArtMesh188",
      "FadeInTime": -1.0,
      "FadeOutTime": -1.0,
      "Segments": [
        0,
        -2.99,
        2,
        0.25,
        -2.99,
        0,
        1.5,
        -5.277,
        1,
        2.111,
        -5.277,
        2.722,
        -3.21,
        3.333,
        -1.018
      ]
    },
    {
      "Target": "Parameter",
      "Id": "Param_Angle_Rotation_4_ArtMesh188",
      "FadeInTime": -1.0,
      "FadeOutTime": -1.0,
      "Segments": [
        0,
        -0.75,
        2,
        0.25,
        -0.75,
        0,
        2.15,
        -5.277,
        1,
        2.544,
        -5.277,
        2.939,
        -4.416,
        3.333,
        -3.216
      ]
    },
    {
      "Target": "Parameter",
      "Id": "Param_Angle_Rotation_5_ArtMesh188",
      "FadeInTime": -1.0,
      "FadeOutTime": -1.0,
      "Segments": [
        0,
        1.53,
        2,
        0.25,
        1.53,
        0,
        2.8,
        -5.277,
        1,
        2.978,
        -5.277,
        3.155,
        -5.101,
        3.333,
        -4.796
      ]
    },
    {
      "Target": "Parameter",
      "Id": "Param_Angle_Rotation_6_ArtMesh188",
      "FadeInTime": -1.0,
      "FadeOutTime": -1.0,
      "Segments": [
        0,
        5.97,
        2,
        0.25,
        5.97,
        1,
        1.278,
        5.97,
        2.305,
        -5.474,
        3.333,
        -6.308
      ]
    },
    {
      "Target": "Parameter",
      "Id": "Param_Angle_Rotation_7_ArtMesh188",
      "FadeInTime": -1.0,
      "FadeOutTime": -1.0,
      "Segments": [
        0,
        7.07,
        2,
        0.25,
        7.07,
        1,
        1.278,
        7.07,
        2.305,
        -1.541,
        3.333,
        -4.971
      ]
    },
    {
      "Target": "Parameter",
      "Id": "Param_Angle_Rotation_8_ArtMesh188",
      "FadeInTime": -1.0,
      "FadeOutTime": -1.0,
      "Segments": [
        0,
        6.17,
        2,
        0.25,
        6.17,
        0,
        0.867,
        7.075,
        1,
        1.689,
        7.075,
        2.511,
        1.656,
        3.333,
        -2.298
      ]
    },
    {
      "Target": "Parameter",
      "Id": "Param_Angle_Rotation_9_ArtMesh188",
      "FadeInTime": -1.0,
      "FadeOutTime": -1.0,
      "Segments": [
        0,
        3.96,
        2,
        0.25,
        3.96,
        0,
        1.5,
        7.913,
        1,
        2.111,
        7.913,
        2.722,
        4.336,
        3.333,
        0.545
      ]
    },
    {
      "Target": "Parameter",
      "Id": "Param_Angle_Rotation_10_ArtMesh188",
      "FadeInTime": -1.0,
      "FadeOutTime": -1.0,
      "Segments": [
        0,
        0.08,
        2,
        0.25,
        0.08,
        0,
        2.15,
        7.913,
        1,
        2.544,
        7.913,
        2.939,
        6.423,
        3.333,
        4.347
      ]
    },
    {
      "Target": "Parameter",
      "Id": "Param_Angle_Rotation_11_ArtMesh188",
      "FadeInTime": -1.0,
      "FadeOutTime": -1.0,
      "Segments": [
        0,
        -3.86,
        2,
        0.25,
        -3.86,
        0,
        2.8,
        7.913,
        1,
        2.978,
        7.913,
        3.155,
        7.608,
        3.333,
        7.081
      ]
    },
    {
      "Target": "Parameter",
      "Id": "Param_Angle_Rotation_12_ArtMesh188",
      "FadeInTime": -1.0,
      "FadeOutTime": -1.0,
      "Segments": [
        0,
        -8.59,
        2,
        0.25,
        -8.59,
        1,
        1.278,
        -8.59,
        2.305,
        8.067,
        3.333,
        9.281
      ]
    },
    {
      "Target": "Parameter",
      "Id": "Param_Angle_Rotation_13_ArtMesh188",
      "FadeInTime": -1.0,
      "FadeOutTime": -1.0,
      "Segments": [
        0,
        -10.19,
        2,
        0.25,
        -10.19,
        1,
        1.278,
        -10.19,
        2.305,
        2.236,
        3.333,
        7.27
      ]
    },
    {
      "Target": "Parameter",
      "Id": "Param_Angle_Rotation_14_ArtMesh188",
      "FadeInTime": -1.0,
      "FadeOutTime": -1.0,
      "Segments": [
        0,
        -8.87,
        2,
        0.25,
        -8.87,
        0,
        0.867,
        -10.19,
        1,
        1.689,
        -10.19,
        2.511,
        -2.373,
        3.333,
        3.373
      ]
    },
    {
      "Target": "Parameter",
      "Id": "Param_Angle_Rotation_15_ArtMesh188",
      "FadeInTime": -1.0,
      "FadeOutTime": -1.0,
      "Segments": [
        0,
        -5.39,
        2,
        0.25,
        -5.39,
        0,
        1.5,
        -10.19,
        1,
        2.111,
        -10.19,
        2.722,
        -5.908,
        3.333,
        -1.354
      ]
    },
    {
      "Target": "Parameter",
      "Id": "Param_Angle_Rotation_16_ArtMesh188",
      "FadeInTime": -1.0,
      "FadeOutTime": -1.0,
      "Segments": [
        0,
        -0.67,
        2,
        0.25,
        -0.67,
        0,
        2.15,
        -10.19,
        1,
        2.544,
        -10.19,
        2.939,
        -8.406,
        3.333,
        -5.917
      ]
    },
    {
      "Target": "Parameter",
      "Id": "Paramring",
      "FadeInTime": -1.0,
      "FadeOutTime": -1.0,
      "Segments": [
        0,
        0,
        0,
        3.333,
        0
      ]
    },
    {
      "Target": "Parameter",
      "Id": "touch_drag1",
      "FadeInTime": -1.0,
      "FadeOutTime": -1.0,
      "Segments": [
        0,
        0,
        0,
        3.333,
        0
      ]
    },
    {
      "Target": "Parameter",
      "Id": "touch_drag2",
      "FadeInTime": -1.0,
      "FadeOutTime": -1.0,
      "Segments": [
        0,
        0,
        0,
        3.333,
        0
      ]
    },
    {
      "Target": "Parameter",
      "Id": "touch_drag3",
      "FadeInTime": -1.0,
      "FadeOutTime": -1.0,
      "Segments": [
        0,
        0,
        0,
        3.333,
        0
      ]
    },
    {
      "Target": "Parameter",
      "Id": "ParamHeikuang",
      "FadeInTime": -1.0,
      "FadeOutTime": -1.0,
      "Segments": [
        0,
        0,
        0,
        3.333,
        0
      ]
    },
    {
      "Target": "Parameter",
      "Id": "ParamBaise",
      "FadeInTime": -1.0,
      "FadeOutTime": -1.0,
      "Segments": [
        0,
        0,
        0,
        3.333,
        0
      ]
    },
    {
      "Target": "Parameter",
      "Id": "ParamHeise",
      "FadeInTime": -1.0,
      "FadeOutTime": -1.0,
      "Segments": [
        0,
        0,
        0,
        3.333,
        0
      ]
    },
    {
      "Target": "Parameter",
      "Id": "ParamALLX",
      "FadeInTime": -1.0,
      "FadeOutTime": -1.0,
      "Segments": [
        0,
        -0.556,
        0,
        3.333,
        -0.556
      ]
    },
    {
      "Target": "Parameter",
      "Id": "ParamALLY",
      "FadeInTime": -1.0,
      "FadeOutTime": -1.0,
      "Segments": [
        0,
        3.231,
        0,
        3.333,
        3.231
      ]
    },
    {
      "Target": "Parameter",
      "Id": "ParamALLZ",
      "FadeInTime": -1.0,
      "FadeOutTime": -1.0,
      "Segments": [
        0,
        0,
        0,
        3.333,
        0
      ]
    },
    {
      "Target": "Parameter",
      "Id": "ParamALLS",
      "FadeInTime": -1.0,
      "FadeOutTime": -1.0,
      "Segments": [
        0,
        -4.54,
        0,
        3.333,
        -4.54
      ]
    },
    {
      "Target": "Parameter",
      "Id": "ParamRenwuX8",
      "FadeInTime": -1.0,
      "FadeOutTime": -1.0,
      "Segments": [
        0,
        10,
        0,
        3.333,
        10
      ]
    },
    {
      "Target": "Parameter",
      "Id": "ParamRenwuX5",
      "FadeInTime": -1.0,
      "FadeOutTime": -1.0,
      "Segments": [
        0,
        5.28,
        0,
        3.333,
        5.28
      ]
    },
    {
      "Target": "Parameter",
      "Id": "ParamRenwuX9",
      "FadeInTime": -1.0,
      "FadeOutTime": -1.0,
      "Segments": [
        0,
        0,
        0,
        3.333,
        0
      ]
    },
    {
      "Target": "Parameter",
      "Id": "ParamRenwuX2",
      "FadeInTime": -1.0,
      "FadeOutTime": -1.0,
      "Segments": [
        0,
        0,
        0,
        3.333,
        0
      ]
    },
    {
      "Target": "Parameter",
      "Id": "ParamRenwuX4",
      "FadeInTime": -1.0,
      "FadeOutTime": -1.0,
      "Segments": [
        0,
        -0.5,
        0,
        3.333,
        -0.5
      ]
    },
    {
      "Target": "Parameter",
      "Id": "ParamRenwu",
      "FadeInTime": -1.0,
      "FadeOutTime": -1.0,
      "Segments": [
        0,
        1,
        0,
        3.333,
        1
      ]
    },
    {
      "Target": "Parameter",
      "Id": "ParamRenwuS",
      "FadeInTime": -1.0,
      "FadeOutTime": -1.0,
      "Segments": [
        0,
        0,
        0,
        3.333,
        0
      ]
    },
    {
      "Target": "Parameter",
      "Id": "ParamBeijing",
      "FadeInTime": -1.0,
      "FadeOutTime": -1.0,
      "Segments": [
        0,
        1,
        0,
        3.333,
        1
      ]
    },
    {
      "Target": "Parameter",
      "Id": "ParamBeijingX",
      "FadeInTime": -1.0,
      "FadeOutTime": -1.0,
      "Segments": [
        0,
        0,
        0,
        3.333,
        0
      ]
    },
    {
      "Target": "Parameter",
      "Id": "ParamBeijingY",
      "FadeInTime": -1.0,
      "FadeOutTime": -1.0,
      "Segments": [
        0,
        -1.14,
        0,
        3.333,
        -1.14
      ]
    },
    {
      "Target": "Parameter",
      "Id": "ParamBeijingZ",
      "FadeInTime": -1.0,
      "FadeOutTime": -1.0,
      "Segments": [
        0,
        0,
        0,
        3.333,
        0
      ]
    },
    {
      "Target": "Parameter",
      "Id": "ParamBeijingS",
      "FadeInTime": -1.0,
      "FadeOutTime": -1.0,
      "Segments": [
        0,
        0,
        0,
        3.333,
        0
      ]
    },
    {
      "Target": "Parameter",
      "Id": "ParamEyeBallX",
      "FadeInTime": -1.0,
      "FadeOutTime": -1.0,
      "Segments": [
        0,
        0,
        0,
        3.333,
        0
      ]
    },
    {
      "Target": "Parameter",
      "Id": "ParamEyeBallY",
      "FadeInTime": -1.0,
      "FadeOutTime": -1.0,
      "Segments": [
        0,
        0,
        0,
        3.333,
        0
      ]
    },
    {
      "Target": "Parameter",
      "Id": "ParamBrowRY",
      "FadeInTime": -1.0,
      "FadeOutTime": -1.0,
      "Segments": [
        0,
        0,
        0,
        3.333,
        0
      ]
    },
    {
      "Target": "Parameter",
      "Id": "ParamBrowRForm",
      "FadeInTime": -1.0,
      "FadeOutTime": -1.0,
      "Segments": [
        0,
        0,
        0,
        3.333,
        0
      ]
    },
    {
      "Target": "Parameter",
      "Id": "ParamBrowLY",
      "FadeInTime": -1.0,
      "FadeOutTime": -1.0,
      "Segments": [
        0,
        0,
        0,
        3.333,
        0
      ]
    },
    {
      "Target": "Parameter",
      "Id": "ParamBrowLForm",
      "FadeInTime": -1.0,
      "FadeOutTime": -1.0,
      "Segments": [
        0,
        0,
        0,
        3.333,
        0
      ]
    },
    {
      "Target": "Parameter",
      "Id": "Param4",
      "FadeInTime": -1.0,
      "FadeOutTime": -1.0,
      "Segments": [
        0,
        0,
        0,
        3.333,
        0
      ]
    },
    {
      "Target": "Parameter",
      "Id": "ParamMouthForm",
      "FadeInTime": -1.0,
      "FadeOutTime": -1.0,
      "Segments": [
        0,
        0,
        0,
        3.333,
        0
      ]
    },
    {
      "Target": "Parameter",
      "Id": "ParamMouthS",
      "FadeInTime": -1.0,
      "FadeOutTime": -1.0,
      "Segments": [
        0,
        0,
        0,
        3.333,
        0
      ]
    },
    {
      "Target": "Parameter",
      "Id": "ParamEyeGaoguang",
      "FadeInTime": -1.0,
      "FadeOutTime": -1.0,
      "Segments": [
        0,
        0,
        0,
        3.333,
        0
      ]
    },
    {
      "Target": "Parameter",
      "Id": "Param28",
      "FadeInTime": -1.0,
      "FadeOutTime": -1.0,
      "Segments": [
        0,
        5,
        0,
        3.333,
        5
      ]
    },
    {
      "Target": "Parameter",
      "Id": "Param87",
      "FadeInTime": -1.0,
      "FadeOutTime": -1.0,
      "Segments": [
        0,
        0,
        0,
        3.333,
        0
      ]
    },
    {
      "Target": "Parameter",
      "Id": "Param86",
      "FadeInTime": -1.0,
      "FadeOutTime": -1.0,
      "Segments": [
        0,
        5,
        0,
        3.333,
        5
      ]
    },
    {
      "Target": "Parameter",
      "Id": "Param97",
      "FadeInTime": -1.0,
      "FadeOutTime": -1.0,
      "Segments": [
        0,
        0,
        0,
        3.333,
        0
      ]
    },
    {
      "Target": "Parameter",
      "Id": "Param31",
      "FadeInTime": -1.0,
      "FadeOutTime": -1.0,
      "Segments": [
        0,
        0,
        0,
        3.333,
        0
      ]
    },
    {
      "Target": "Parameter",
      "Id": "ParamAngleY",
      "FadeInTime": -1.0,
      "FadeOutTime": -1.0,
      "Segments": [
        0,
        0,
        0,
        3.333,
        0
      ]
    },
    {
      "Target": "Parameter",
      "Id": "Param33",
      "FadeInTime": -1.0,
      "FadeOutTime": -1.0,
      "Segments": [
        0,
        1.02,
        0,
        3.333,
        1.02
      ]
    },
    {
      "Target": "Parameter",
      "Id": "ParamBodyAngleX2",
      "FadeInTime": -1.0,
      "FadeOutTime": -1.0,
      "Segments": [
        0,
        0,
        0,
        3.333,
        0
      ]
    },
    {
      "Target": "Parameter",
      "Id": "ParamBreath",
      "FadeInTime": -1.0,
      "FadeOutTime": -1.0,
      "Segments": [
        0,
        0,
        0,
        3.333,
        0
      ]
    },
    {
      "Target": "Parameter",
      "Id": "ParamBodyAngleY",
      "FadeInTime": -1.0,
      "FadeOutTime": -1.0,
      "Segments": [
        0,
        0,
        0,
        3.333,
        0
      ]
    },
    {
      "Target": "Parameter",
      "Id": "Param45",
      "FadeInTime": -1.0,
      "FadeOutTime": -1.0,
      "Segments": [
        0,
        0,
        0,
        3.333,
        0
      ]
    },
    {
      "Target": "Parameter",
      "Id": "Param46",
      "FadeInTime": -1.0,
      "FadeOutTime": -1.0,
      "Segments": [
        0,
        0,
        0,
        3.333,
        0
      ]
    },
    {
      "Target": "Parameter",
      "Id": "Param57",
      "FadeInTime": -1.0,
      "FadeOutTime": -1.0,
      "Segments": [
        0,
        0,
        0,
        3.333,
        0
      ]
    },
    {
      "Target": "Parameter",
      "Id": "ParamA1zuoshoudonghua",
      "FadeInTime": -1.0,
      "FadeOutTime": -1.0,
      "Segments": [
        0,
        -8.1,
        0,
        3.333,
        -8.1
      ]
    },
    {
      "Target": "Parameter",
      "Id": "ParamA1zuoshouxingbian",
      "FadeInTime": -1.0,
      "FadeOutTime": -1.0,
      "Segments": [
        0,
        0.4,
        0,
        3.333,
        0.4
      ]
    },
    {
      "Target": "Parameter",
      "Id": "ParamA1zuoshoutuozhanxingbian",
      "FadeInTime": -1.0,
      "FadeOutTime": -1.0,
      "Segments": [
        0,
        0,
        0,
        3.333,
        0
      ]
    },
    {
      "Target": "Parameter",
      "Id": "Param47",
      "FadeInTime": -1.0,
      "FadeOutTime": -1.0,
      "Segments": [
        0,
        0,
        0,
        3.333,
        0
      ]
    },
    {
      "Target": "Parameter",
      "Id": "Param48",
      "FadeInTime": -1.0,
      "FadeOutTime": -1.0,
      "Segments": [
        0,
        0,
        0,
        3.333,
        0
      ]
    },
    {
      "Target": "Parameter",
      "Id": "Param49",
      "FadeInTime": -1.0,
      "FadeOutTime": -1.0,
      "Segments": [
        0,
        0,
        0,
        3.333,
        0
      ]
    },
    {
      "Target": "Parameter",
      "Id": "Param66",
      "FadeInTime": -1.0,
      "FadeOutTime": -1.0,
      "Segments": [
        0,
        0,
        0,
        3.333,
        0
      ]
    },
    {
      "Target": "Parameter",
      "Id": "Param67",
      "FadeInTime": -1.0,
      "FadeOutTime": -1.0,
      "Segments": [
        0,
        0,
        0,
        3.333,
        0
      ]
    },
    {
      "Target": "Parameter",
      "Id": "Param68",
      "FadeInTime": -1.0,
      "FadeOutTime": -1.0,
      "Segments": [
        0,
        0,
        0,
        3.333,
        0
      ]
    },
    {
      "Target": "Parameter",
      "Id": "Param69",
      "FadeInTime": -1.0,
      "FadeOutTime": -1.0,
      "Segments": [
        0,
        0,
        0,
        3.333,
        0
      ]
    },
    {
      "Target": "Parameter",
      "Id": "Param50",
      "FadeInTime": -1.0,
      "FadeOutTime": -1.0,
      "Segments": [
        0,
        0,
        0,
        3.333,
        0
      ]
    },
    {
      "Target": "Parameter",
      "Id": "Param51",
      "FadeInTime": -1.0,
      "FadeOutTime": -1.0,
      "Segments": [
        0,
        1,
        0,
        3.333,
        1
      ]
    },
    {
      "Target": "Parameter",
      "Id": "Param52",
      "FadeInTime": -1.0,
      "FadeOutTime": -1.0,
      "Segments": [
        0,
        0,
        0,
        3.333,
        0
      ]
    },
    {
      "Target": "Parameter",
      "Id": "Param54",
      "FadeInTime": -1.0,
      "FadeOutTime": -1.0,
      "Segments": [
        0,
        0,
        0,
        3.333,
        0
      ]
    },
    {
      "Target": "Parameter",
      "Id": "Param55",
      "FadeInTime": -1.0,
      "FadeOutTime": -1.0,
      "Segments": [
        0,
        0,
        0,
        3.333,
        0
      ]
    },
    {
      "Target": "Parameter",
      "Id": "Param56",
      "FadeInTime": -1.0,
      "FadeOutTime": -1.0,
      "Segments": [
        0,
        0,
        0,
        3.333,
        0
      ]
    },
    {
      "Target": "Parameter",
      "Id": "Param58",
      "FadeInTime": -1.0,
      "FadeOutTime": -1.0,
      "Segments": [
        0,
        0,
        0,
        3.333,
        0
      ]
    },
    {
      "Target": "Parameter",
      "Id": "Param20",
      "FadeInTime": -1.0,
      "FadeOutTime": -1.0,
      "Segments": [
        0,
        10,
        0,
        3.333,
        10
      ]
    },
    {
      "Target": "Parameter",
      "Id": "Param21",
      "FadeInTime": -1.0,
      "FadeOutTime": -1.0,
      "Segments": [
        0,
        0,
        0,
        3.333,
        0
      ]
    },
    {
      "Target": "Parameter",
      "Id": "Param100",
      "FadeInTime": -1.0,
      "FadeOutTime": -1.0,
      "Segments": [
        0,
        0,
        0,
        3.333,
        0
      ]
    },
    {
      "Target": "Parameter",
      "Id": "Param101",
      "FadeInTime": -1.0,
      "FadeOutTime": -1.0,
      "Segments": [
        0,
        0,
        0,
        3.333,
        0
      ]
    },
    {
      "Target": "Parameter",
      "Id": "Param102",
      "FadeInTime": -1.0,
      "FadeOutTime": -1.0,
      "Segments": [
        0,
        0,
        0,
        3.333,
        0
      ]
    },
    {
      "Target": "Parameter",
      "Id": "ParamSouR",
      "FadeInTime": -1.0,
      "FadeOutTime": -1.0,
      "Segments": [
        0,
        9.5,
        0,
        3.333,
        9.5
      ]
    },
    {
      "Target": "Parameter",
      "Id": "ParamXiaBiRUD",
      "FadeInTime": -1.0,
      "FadeOutTime": -1.0,
      "Segments": [
        0,
        1.9,
        0,
        3.333,
        1.9
      ]
    },
    {
      "Target": "Parameter",
      "Id": "ParamA1zuoshoudonghua2",
      "FadeInTime": -1.0,
      "FadeOutTime": -1.0,
      "Segments": [
        0,
        0,
        0,
        3.333,
        0
      ]
    },
    {
      "Target": "Parameter",
      "Id": "ParamA1zuoshouxingbian2",
      "FadeInTime": -1.0,
      "FadeOutTime": -1.0,
      "Segments": [
        0,
        -5,
        0,
        3.333,
        -5
      ]
    },
    {
      "Target": "Parameter",
      "Id": "ParamA1zuoshoutuozhanxingbian2",
      "FadeInTime": -1.0,
      "FadeOutTime": -1.0,
      "Segments": [
        0,
        0,
        0,
        3.333,
        0
      ]
    },
    {
      "Target": "Parameter",
      "Id": "Param35",
      "FadeInTime": -1.0,
      "FadeOutTime": -1.0,
      "Segments": [
        0,
        0,
        0,
        3.333,
        0
      ]
    },
    {
      "Target": "Parameter",
      "Id": "Param36",
      "FadeInTime": -1.0,
      "FadeOutTime": -1.0,
      "Segments": [
        0,
        0,
        0,
        3.333,
        0
      ]
    },
    {
      "Target": "Parameter",
      "Id": "Param37",
      "FadeInTime": -1.0,
      "FadeOutTime": -1.0,
      "Segments": [
        0,
        0,
        0,
        3.333,
        0
      ]
    },
    {
      "Target": "Parameter",
      "Id": "Param70",
      "FadeInTime": -1.0,
      "FadeOutTime": -1.0,
      "Segments": [
        0,
        0,
        0,
        3.333,
        0
      ]
    },
    {
      "Target": "Parameter",
      "Id": "Param65",
      "FadeInTime": -1.0,
      "FadeOutTime": -1.0,
      "Segments": [
        0,
        1.2,
        0,
        3.333,
        1.2
      ]
    },
    {
      "Target": "Parameter",
      "Id": "Param71",
      "FadeInTime": -1.0,
      "FadeOutTime": -1.0,
      "Segments": [
        0,
        0,
        0,
        3.333,
        0
      ]
    },
    {
      "Target": "Parameter",
      "Id": "Param53",
      "FadeInTime": -1.0,
      "FadeOutTime": -1.0,
      "Segments": [
        0,
        1,
        0,
        3.333,
        1
      ]
    },
    {
      "Target": "Parameter",
      "Id": "Param60",
      "FadeInTime": -1.0,
      "FadeOutTime": -1.0,
      "Segments": [
        0,
        0,
        0,
        3.333,
        0
      ]
    },
    {
      "Target": "Parameter",
      "Id": "Param61",
      "FadeInTime": -1.0,
      "FadeOutTime": -1.0,
      "Segments": [
        0,
        0,
        0,
        3.333,
        0
      ]
    },
    {
      "Target": "Parameter",
      "Id": "Param41",
      "FadeInTime": -1.0,
      "FadeOutTime": -1.0,
      "Segments": [
        0,
        0,
        0,
        3.333,
        0
      ]
    },
    {
      "Target": "Parameter",
      "Id": "Param40",
      "FadeInTime": -1.0,
      "FadeOutTime": -1.0,
      "Segments": [
        0,
        0,
        0,
        3.333,
        0
      ]
    },
    {
      "Target": "Parameter",
      "Id": "Param91",
      "FadeInTime": -1.0,
      "FadeOutTime": -1.0,
      "Segments": [
        0,
        0,
        0,
        3.333,
        0
      ]
    },
    {
      "Target": "Parameter",
      "Id": "Param92",
      "FadeInTime": -1.0,
      "FadeOutTime": -1.0,
      "Segments": [
        0,
        0,
        0,
        3.333,
        0
      ]
    },
    {
      "Target": "Parameter",
      "Id": "Param103",
      "FadeInTime": -1.0,
      "FadeOutTime": -1.0,
      "Segments": [
        0,
        0,
        0,
        3.333,
        0
      ]
    },
    {
      "Target": "Parameter",
      "Id": "ParamJiaoL2",
      "FadeInTime": -1.0,
      "FadeOutTime": -1.0,
      "Segments": [
        0,
        0,
        0,
        3.333,
        0
      ]
    },
    {
      "Target": "Parameter",
      "Id": "ParamDaTuiLUD",
      "FadeInTime": -1.0,
      "FadeOutTime": -1.0,
      "Segments": [
        0,
        0,
        0,
        3.333,
        0
      ]
    },
    {
      "Target": "Parameter",
      "Id": "ParamXiaoTuiLUD",
      "FadeInTime": -1.0,
      "FadeOutTime": -1.0,
      "Segments": [
        0,
        0,
        0,
        3.333,
        0
      ]
    },
    {
      "Target": "Parameter",
      "Id": "Param62",
      "FadeInTime": -1.0,
      "FadeOutTime": -1.0,
      "Segments": [
        0,
        0,
        0,
        3.333,
        0
      ]
    },
    {
      "Target": "Parameter",
      "Id": "ParamDaTuiLUD2",
      "FadeInTime": -1.0,
      "FadeOutTime": -1.0,
      "Segments": [
        0,
        0,
        0,
        3.333,
        0
      ]
    },
    {
      "Target": "Parameter",
      "Id": "ParamXiaoTuiLUD3",
      "FadeInTime": -1.0,
      "FadeOutTime": -1.0,
      "Segments": [
        0,
        0,
        0,
        3.333,
        0
      ]
    },
    {
      "Target": "Parameter",
      "Id": "ParamXiaoTuiLUD2",
      "FadeInTime": -1.0,
      "FadeOutTime": -1.0,
      "Segments": [
        0,
        5,
        0,
        3.333,
        5
      ]
    },
    {
      "Target": "Parameter",
      "Id": "Param22",
      "FadeInTime": -1.0,
      "FadeOutTime": -1.0,
      "Segments": [
        0,
        0.147,
        0,
        3.333,
        0.147
      ]
    },
    {
      "Target": "Parameter",
      "Id": "Param24",
      "FadeInTime": -1.0,
      "FadeOutTime": -1.0,
      "Segments": [
        0,
        0,
        0,
        3.333,
        0
      ]
    },
    {
      "Target": "Parameter",
      "Id": "Param23",
      "FadeInTime": -1.0,
      "FadeOutTime": -1.0,
      "Segments": [
        0,
        10,
        0,
        3.333,
        10
      ]
    },
    {
      "Target": "Parameter",
      "Id": "Param59",
      "FadeInTime": -1.0,
      "FadeOutTime": -1.0,
      "Segments": [
        0,
        0,
        0,
        3.333,
        0
      ]
    },
    {
      "Target": "Parameter",
      "Id": "ParamJiaoR2",
      "FadeInTime": -1.0,
      "FadeOutTime": -1.0,
      "Segments": [
        0,
        0,
        0,
        3.333,
        0
      ]
    },
    {
      "Target": "Parameter",
      "Id": "ParamDaTuiRUD",
      "FadeInTime": -1.0,
      "FadeOutTime": -1.0,
      "Segments": [
        0,
        0,
        0,
        3.333,
        0
      ]
    },
    {
      "Target": "Parameter",
      "Id": "ParamXiaoTuiRUD",
      "FadeInTime": -1.0,
      "FadeOutTime": -1.0,
      "Segments": [
        0,
        0,
        0,
        3.333,
        0
      ]
    },
    {
      "Target": "Parameter",
      "Id": "Param63",
      "FadeInTime": -1.0,
      "FadeOutTime": -1.0,
      "Segments": [
        0,
        0,
        0,
        3.333,
        0
      ]
    },
    {
      "Target": "Parameter",
      "Id": "ParamXiaoTuiLUD5",
      "FadeInTime": -1.0,
      "FadeOutTime": -1.0,
      "Segments": [
        0,
        0,
        0,
        3.333,
        0
      ]
    },
    {
      "Target": "Parameter",
      "Id": "ParamDaTuiLUD3",
      "FadeInTime": -1.0,
      "FadeOutTime": -1.0,
      "Segments": [
        0,
        0,
        0,
        3.333,
        0
      ]
    },
    {
      "Target": "Parameter",
      "Id": "ParamXiaoTuiLUD4",
      "FadeInTime": -1.0,
      "FadeOutTime": -1.0,
      "Segments": [
        0,
        0,
        0,
        3.333,
        0
      ]
    },
    {
      "Target": "Parameter",
      "Id": "Param25",
      "FadeInTime": -1.0,
      "FadeOutTime": -1.0,
      "Segments": [
        0,
        0,
        0,
        3.333,
        0
      ]
    },
    {
      "Target": "Parameter",
      "Id": "Param26",
      "FadeInTime": -1.0,
      "FadeOutTime": -1.0,
      "Segments": [
        0,
        0,
        0,
        3.333,
        0
      ]
    },
    {
      "Target": "Parameter",
      "Id": "Param27",
      "FadeInTime": -1.0,
      "FadeOutTime": -1.0,
      "Segments": [
        0,
        10,
        0,
        3.333,
        10
      ]
    },
    {
      "Target": "Parameter",
      "Id": "Param",
      "FadeInTime": -1.0,
      "FadeOutTime": -1.0,
      "Segments": [
        0,
        10,
        0,
        3.333,
        10
      ]
    },
    {
      "Target": "Parameter",
      "Id": "Param2",
      "FadeInTime": -1.0,
      "FadeOutTime": -1.0,
      "Segments": [
        0,
        10,
        0,
        3.333,
        10
      ]
    },
    {
      "Target": "Parameter",
      "Id": "Param3",
      "FadeInTime": -1.0,
      "FadeOutTime": -1.0,
      "Segments": [
        0,
        10,
        0,
        3.333,
        10
      ]
    },
    {
      "Target": "Parameter",
      "Id": "ParamTuiRou3",
      "FadeInTime": -1.0,
      "FadeOutTime": -1.0,
      "Segments": [
        0,
        0,
        0,
        3.333,
        0
      ]
    },
    {
      "Target": "Parameter",
      "Id": "Param10",
      "FadeInTime": -1.0,
      "FadeOutTime": -1.0,
      "Segments": [
        0,
        0,
        0,
        3.333,
        0
      ]
    },
    {
      "Target": "Parameter",
      "Id": "Param11",
      "FadeInTime": -1.0,
      "FadeOutTime": -1.0,
      "Segments": [
        0,
        0,
        0,
        3.333,
        0
      ]
    },
    {
      "Target": "Parameter",
      "Id": "Param_Angle_Rotation_16_ArtMesh187",
      "FadeInTime": -1.0,
      "FadeOutTime": -1.0,
      "Segments": [
        0,
        0,
        0,
        3.333,
        0
      ]
    },
    {
      "Target": "Parameter",
      "Id": "Param_Angle_Rotation_17_ArtMesh187",
      "FadeInTime": -1.0,
      "FadeOutTime": -1.0,
      "Segments": [
        0,
        0,
        0,
        3.333,
        0
      ]
    },
    {
      "Target": "Parameter",
      "Id": "Param_Angle_Rotation_17_ArtMesh188",
      "FadeInTime": -1.0,
      "FadeOutTime": -1.0,
      "Segments": [
        0,
        4.1,
        0,
        3.333,
        4.1
      ]
    }
  ],
  "UserData": [
    {
      "Time": 0.0,
      "Value": ""
    },
    {
      "Time": 2.833,
      "Value": ""
    }
  ]
}