{
  "Version": 3,
  "Meta": {
    "Duration": 4.983,
    "Fps": 60.0,
    "Loop": true,
    "AreBeziersRestricted": true,
    "FadeInTime": 0.0,
    "FadeOutTime": 0.0,
    "CurveCount": 244,
    "TotalSegmentCount": 822,
    "TotalPointCount": 1152,
    "UserDataCount": 2,
    "TotalUserDataSize": 0
  },
  "Curves": [
    {
      "Target": "Parameter",
      "Id": "Paramwuli",
      "FadeInTime": -1.0,
      "FadeOutTime": -1.0,
      "Segments": [
        0,
        0,
        0,
        1.233,
        30,
        0,
        2.483,
        -30,
        0,
        3.733,
        30,
        0,
        4.983,
        -30
      ]
    },
    {
      "Target": "Parameter",
      "Id": "Paramwuli2",
      "FadeInTime": -1.0,
      "FadeOutTime": -1.0,
      "Segments": [
        0,
        0,
        0,
        1.233,
        30,
        0,
        2.483,
        -30,
        0,
        3.733,
        30,
        0,
        4.983,
        -30
      ]
    },
    {
      "Target": "Parameter",
      "Id": "Paramwuli3",
      "FadeInTime": -1.0,
      "FadeOutTime": -1.0,
      "Segments": [
        0,
        0,
        0,
        1.233,
        30,
        0,
        2.483,
        -30,
        0,
        3.733,
        30,
        0,
        4.983,
        -30
      ]
    },
    {
      "Target": "Parameter",
      "Id": "Paramtishixingxing1",
      "FadeInTime": -1.0,
      "FadeOutTime": -1.0,
      "Segments": [
        0,
        0,
        0,
        0.5,
        5,
        2,
        2.5,
        5,
        0,
        3,
        10,
        2,
        3.017,
        0,
        2,
        4.983,
        0
      ]
    },
    {
      "Target": "Parameter",
      "Id": "Paramtishixingxing2",
      "FadeInTime": -1.0,
      "FadeOutTime": -1.0,
      "Segments": [
        0,
        0,
        2,
        0.083,
        0,
        0,
        0.583,
        5,
        2,
        2.583,
        5,
        0,
        3.083,
        10,
        2,
        3.1,
        0,
        2,
        4.983,
        0
      ]
    },
    {
      "Target": "Parameter",
      "Id": "Paramtishixingxing3",
      "FadeInTime": -1.0,
      "FadeOutTime": -1.0,
      "Segments": [
        0,
        0,
        2,
        0.167,
        0,
        0,
        0.667,
        5,
        2,
        2.667,
        5,
        0,
        3.167,
        10,
        2,
        3.183,
        0,
        2,
        4.983,
        0
      ]
    },
    {
      "Target": "Parameter",
      "Id": "Paramtishixingxing5",
      "FadeInTime": -1.0,
      "FadeOutTime": -1.0,
      "Segments": [
        0,
        0,
        2,
        0.333,
        0,
        0,
        0.833,
        5,
        2,
        2.833,
        5,
        0,
        3.333,
        10,
        2,
        3.35,
        0,
        2,
        4.983,
        0
      ]
    },
    {
      "Target": "Parameter",
      "Id": "Paramtishixingxing22",
      "FadeInTime": -1.0,
      "FadeOutTime": -1.0,
      "Segments": [
        0,
        0,
        2,
        0.417,
        0,
        0,
        0.917,
        5,
        2,
        2.917,
        5,
        0,
        3.417,
        10,
        2,
        3.433,
        0,
        2,
        4.983,
        0
      ]
    },
    {
      "Target": "Parameter",
      "Id": "Paramtishixingxing23",
      "FadeInTime": -1.0,
      "FadeOutTime": -1.0,
      "Segments": [
        0,
        0,
        2,
        0.5,
        0,
        0,
        1,
        5,
        2,
        3,
        5,
        0,
        3.5,
        10,
        2,
        3.517,
        0,
        2,
        4.983,
        0
      ]
    },
    {
      "Target": "Parameter",
      "Id": "Paramtishixingxing24",
      "FadeInTime": -1.0,
      "FadeOutTime": -1.0,
      "Segments": [
        0,
        0,
        2,
        0.583,
        0,
        0,
        1.083,
        5,
        2,
        3.083,
        5,
        0,
        3.583,
        10,
        2,
        3.6,
        0,
        2,
        4.983,
        0
      ]
    },
    {
      "Target": "Parameter",
      "Id": "ParamRenwuX4",
      "FadeInTime": -1.0,
      "FadeOutTime": -1.0,
      "Segments": [
        0,
        -0.5,
        0,
        2.483,
        0.5,
        0,
        4.983,
        -0.5
      ]
    },
    {
      "Target": "Parameter",
      "Id": "ParamRenwuZ",
      "FadeInTime": -1.0,
      "FadeOutTime": -1.0,
      "Segments": [
        0,
        33.463,
        0,
        2.483,
        32.984,
        0,
        4.983,
        33.463
      ]
    },
    {
      "Target": "Parameter",
      "Id": "ParamEyeLOpen",
      "FadeInTime": -1.0,
      "FadeOutTime": -1.0,
      "Segments": [
        0,
        1,
        2,
        1.85,
        1,
        0,
        2.1,
        0,
        0,
        2.4,
        1,
        2,
        4.983,
        1
      ]
    },
    {
      "Target": "Parameter",
      "Id": "ParamEyeROpen",
      "FadeInTime": -1.0,
      "FadeOutTime": -1.0,
      "Segments": [
        0,
        1,
        2,
        1.85,
        1,
        0,
        2.1,
        0,
        0,
        2.4,
        1,
        2,
        4.983,
        1
      ]
    },
    {
      "Target": "Parameter",
      "Id": "ParamAngleX",
      "FadeInTime": -1.0,
      "FadeOutTime": -1.0,
      "Segments": [
        0,
        -30,
        0,
        2.483,
        0,
        0,
        4.983,
        -30
      ]
    },
    {
      "Target": "Parameter",
      "Id": "ParamAngleZ",
      "FadeInTime": -1.0,
      "FadeOutTime": -1.0,
      "Segments": [
        0,
        3.9,
        0,
        0.617,
        2.476,
        0,
        3.117,
        11.596,
        1,
        3.739,
        11.596,
        4.361,
        6.443,
        4.983,
        3.884
      ]
    },
    {
      "Target": "Parameter",
      "Id": "ParamAngleZ2",
      "FadeInTime": -1.0,
      "FadeOutTime": -1.0,
      "Segments": [
        0,
        0.25,
        0,
        0.3,
        -0.051,
        0,
        2.8,
        6.879,
        1,
        3.528,
        6.879,
        4.255,
        1.593,
        4.983,
        0.254
      ]
    },
    {
      "Target": "Parameter",
      "Id": "ParamBodyAngleX",
      "FadeInTime": -1.0,
      "FadeOutTime": -1.0,
      "Segments": [
        0,
        -10,
        0,
        2.483,
        0,
        0,
        4.983,
        -10
      ]
    },
    {
      "Target": "Parameter",
      "Id": "ParamBodyAngleZ",
      "FadeInTime": -1.0,
      "FadeOutTime": -1.0,
      "Segments": [
        0,
        -0.09,
        0,
        0.3,
        -0.03,
        0,
        2.8,
        -1.55,
        1,
        3.528,
        -1.55,
        4.255,
        -0.391,
        4.983,
        -0.097
      ]
    },
    {
      "Target": "Parameter",
      "Id": "ParamBodyAngleZ2",
      "FadeInTime": -1.0,
      "FadeOutTime": -1.0,
      "Segments": [
        0,
        0,
        0,
        2.483,
        -4.644,
        0,
        4.983,
        0
      ]
    },
    {
      "Target": "Parameter",
      "Id": "ParamBodyAngleUD",
      "FadeInTime": -1.0,
      "FadeOutTime": -1.0,
      "Segments": [
        0,
        0.33,
        0,
        0.3,
        0,
        0,
        2.8,
        7.68,
        1,
        3.528,
        7.68,
        4.255,
        1.822,
        4.983,
        0.338
      ]
    },
    {
      "Target": "Parameter",
      "Id": "ParamJianbangL",
      "FadeInTime": -1.0,
      "FadeOutTime": -1.0,
      "Segments": [
        0,
        -1.76,
        0,
        0.617,
        1.04,
        0,
        3.117,
        -16.9,
        1,
        3.739,
        -16.9,
        4.361,
        -6.764,
        4.983,
        -1.729
      ]
    },
    {
      "Target": "Parameter",
      "Id": "Param33",
      "FadeInTime": -1.0,
      "FadeOutTime": -1.0,
      "Segments": [
        0,
        1.02,
        0,
        2.483,
        2.52,
        0,
        4.983,
        1.02
      ]
    },
    {
      "Target": "Parameter",
      "Id": "Param42",
      "FadeInTime": -1.0,
      "FadeOutTime": -1.0,
      "Segments": [
        0,
        0.976,
        1,
        0.239,
        0.976,
        0.478,
        0.993,
        0.717,
        1.009,
        1,
        1.022,
        1.029,
        1.328,
        1.058,
        1.633,
        1.058,
        1,
        2.161,
        1.059,
        2.689,
        1.058,
        3.217,
        1.059,
        0,
        4.417,
        1.072,
        1,
        4.606,
        1.072,
        4.794,
        1.022,
        4.983,
        0.986
      ]
    },
    {
      "Target": "Parameter",
      "Id": "Param43",
      "FadeInTime": -1.0,
      "FadeOutTime": -1.0,
      "Segments": [
        0,
        1.257,
        1,
        0.239,
        1.257,
        0.478,
        1.286,
        0.717,
        1.358,
        1,
        1.022,
        1.45,
        1.328,
        1.505,
        1.633,
        1.505,
        1,
        2.161,
        1.505,
        2.689,
        1.489,
        3.217,
        1.35,
        1,
        3.617,
        1.245,
        4.017,
        1.062,
        4.417,
        1.062,
        1,
        4.606,
        1.062,
        4.794,
        1.149,
        4.983,
        1.24
      ]
    },
    {
      "Target": "Parameter",
      "Id": "Param44",
      "FadeInTime": -1.0,
      "FadeOutTime": -1.0,
      "Segments": [
        0,
        6.46,
        0,
        0.717,
        6.857,
        1,
        1.022,
        6.857,
        1.328,
        6.29,
        1.633,
        5.654,
        1,
        2.161,
        4.555,
        2.689,
        4.182,
        3.217,
        4.182,
        1,
        3.617,
        4.182,
        4.017,
        4.271,
        4.417,
        4.904,
        1,
        4.606,
        5.203,
        4.794,
        5.518,
        4.983,
        5.777
      ]
    },
    {
      "Target": "Parameter",
      "Id": "Param45",
      "FadeInTime": -1.0,
      "FadeOutTime": -1.0,
      "Segments": [
        0,
        0,
        1,
        0.239,
        0,
        0.478,
        -0.082,
        0.717,
        -0.286,
        1,
        1.022,
        -0.547,
        1.328,
        -0.7,
        1.633,
        -0.7,
        0,
        3.217,
        0,
        1,
        3.806,
        0,
        4.394,
        -0.024,
        4.983,
        -0.122
      ]
    },
    {
      "Target": "Parameter",
      "Id": "Param46",
      "FadeInTime": -1.0,
      "FadeOutTime": -1.0,
      "Segments": [
        0,
        0,
        1,
        0.239,
        0,
        0.478,
        -0.11,
        0.717,
        -0.384,
        1,
        1.022,
        -0.734,
        1.328,
        -0.94,
        1.633,
        -0.94,
        0,
        3.217,
        0,
        1,
        3.806,
        0,
        4.394,
        -0.032,
        4.983,
        -0.164
      ]
    },
    {
      "Target": "Parameter",
      "Id": "ParamA1zuoshoudonghua",
      "FadeInTime": -1.0,
      "FadeOutTime": -1.0,
      "Segments": [
        0,
        -8.1,
        1,
        0.239,
        -8.1,
        0.478,
        -7.721,
        0.717,
        -6.778,
        1,
        1.022,
        -5.572,
        1.328,
        -4.865,
        1.633,
        -4.865,
        1,
        2.161,
        -4.865,
        2.689,
        -4.866,
        3.217,
        -5.296,
        1,
        3.806,
        -5.775,
        4.394,
        -6.317,
        4.983,
        -6.594
      ]
    },
    {
      "Target": "Parameter",
      "Id": "ParamA1zuoshouxingbian",
      "FadeInTime": -1.0,
      "FadeOutTime": -1.0,
      "Segments": [
        0,
        0.4,
        1,
        0.239,
        0.4,
        0.478,
        0.33,
        0.717,
        0.155,
        1,
        1.022,
        -0.069,
        1.328,
        -0.2,
        1.633,
        -0.2,
        0,
        3.217,
        0.4,
        1,
        3.806,
        0.4,
        4.394,
        0.379,
        4.983,
        0.295
      ]
    },
    {
      "Target": "Parameter",
      "Id": "ParamXiaBiR",
      "FadeInTime": -1.0,
      "FadeOutTime": -1.0,
      "Segments": [
        0,
        0.72,
        0,
        0.717,
        1.04,
        0,
        3.217,
        0.72,
        1,
        3.806,
        0.72,
        4.394,
        0.88,
        4.983,
        0.974
      ]
    },
    {
      "Target": "Parameter",
      "Id": "ParamSouR",
      "FadeInTime": -1.0,
      "FadeOutTime": -1.0,
      "Segments": [
        0,
        9.5,
        0,
        0.717,
        10,
        2,
        2.8,
        10,
        0,
        3.217,
        9.68,
        1,
        3.806,
        9.68,
        4.394,
        9.84,
        4.983,
        9.934
      ]
    },
    {
      "Target": "Parameter",
      "Id": "ParamShangBiRUD",
      "FadeInTime": -1.0,
      "FadeOutTime": -1.0,
      "Segments": [
        0,
        2.7,
        1,
        0.239,
        2.7,
        0.478,
        2.39,
        0.717,
        1.82,
        1,
        0.956,
        1.25,
        1.194,
        0.505,
        1.433,
        0.16,
        1,
        1.6,
        -0.08,
        1.766,
        -0.074,
        1.933,
        -0.074,
        1,
        2.222,
        -0.074,
        2.511,
        0.814,
        2.8,
        1.726,
        1,
        2.939,
        2.165,
        3.078,
        2.311,
        3.217,
        2.604,
        1,
        3.595,
        3.402,
        3.972,
        3.802,
        4.35,
        3.802,
        1,
        4.561,
        3.802,
        4.772,
        3.638,
        4.983,
        3.34
      ]
    },
    {
      "Target": "Parameter",
      "Id": "ParamXiaBiRUD",
      "FadeInTime": -1.0,
      "FadeOutTime": -1.0,
      "Segments": [
        0,
        1.9,
        0,
        0.717,
        0,
        1,
        1.122,
        0,
        1.528,
        0.31,
        1.933,
        0.891,
        1,
        2.222,
        1.305,
        2.511,
        1.653,
        2.8,
        2.097,
        1,
        2.939,
        2.311,
        3.078,
        2.672,
        3.217,
        2.917,
        1,
        3.595,
        3.583,
        3.972,
        3.88,
        4.35,
        3.88,
        1,
        4.561,
        3.88,
        4.772,
        3.047,
        4.983,
        2.153
      ]
    },
    {
      "Target": "Parameter",
      "Id": "ParamDaTuiL",
      "FadeInTime": -1.0,
      "FadeOutTime": -1.0,
      "Segments": [
        0,
        -0.314,
        0,
        0.3,
        -0.299,
        0,
        2.8,
        -0.599,
        1,
        3.528,
        -0.599,
        4.255,
        -0.37,
        4.983,
        -0.312
      ]
    },
    {
      "Target": "Parameter",
      "Id": "ParamXiaoTuiL",
      "FadeInTime": -1.0,
      "FadeOutTime": -1.0,
      "Segments": [
        0,
        6.426,
        0,
        0.717,
        6.904,
        0,
        3.217,
        4.686,
        1,
        3.806,
        4.686,
        4.394,
        5.794,
        4.983,
        6.443
      ]
    },
    {
      "Target": "Parameter",
      "Id": "ParamJiaoL",
      "FadeInTime": -1.0,
      "FadeOutTime": -1.0,
      "Segments": [
        0,
        0.496,
        0,
        1.133,
        1.774,
        0,
        3.633,
        -2.121,
        1,
        4.083,
        -2.121,
        4.533,
        -0.985,
        4.983,
        0.06
      ]
    },
    {
      "Target": "Parameter",
      "Id": "ParamDaTuiR",
      "FadeInTime": -1.0,
      "FadeOutTime": -1.0,
      "Segments": [
        0,
        4.267,
        0,
        0.717,
        4.502,
        0,
        3.217,
        3.409,
        1,
        3.806,
        3.409,
        4.394,
        3.955,
        4.983,
        4.275
      ]
    },
    {
      "Target": "Parameter",
      "Id": "ParamXiaoTuiR",
      "FadeInTime": -1.0,
      "FadeOutTime": -1.0,
      "Segments": [
        0,
        4.733,
        0,
        1.133,
        5,
        0,
        3.633,
        4.407,
        1,
        4.083,
        4.407,
        4.533,
        4.58,
        4.983,
        4.739
      ]
    },
    {
      "Target": "Parameter",
      "Id": "ParamJiaoR",
      "FadeInTime": -1.0,
      "FadeOutTime": -1.0,
      "Segments": [
        0,
        -0.173,
        0,
        1.55,
        1.728,
        0,
        4.05,
        -1.006,
        1,
        4.361,
        -1.006,
        4.672,
        -0.625,
        4.983,
        -0.147
      ]
    },
    {
      "Target": "Parameter",
      "Id": "ParamOPRX1",
      "FadeInTime": -1.0,
      "FadeOutTime": -1.0,
      "Segments": [
        0,
        -0.732,
        1,
        0.094,
        -1.282,
        0.189,
        -1.916,
        0.283,
        -1.916,
        0,
        0.583,
        -1.1,
        0,
        0.7,
        -1.177,
        0,
        0.717,
        -1.174,
        0,
        0.733,
        -1.178,
        0,
        1.5,
        2.529,
        0,
        1.8,
        1.675,
        0,
        1.817,
        1.679,
        0,
        1.833,
        1.659,
        0,
        1.85,
        1.667,
        0,
        1.867,
        1.649,
        0,
        1.883,
        1.655,
        0,
        2.7,
        -2.277,
        0,
        3.917,
        2.777,
        0,
        3.933,
        2.774,
        0,
        3.95,
        2.776,
        1,
        4.294,
        2.776,
        4.639,
        -0.988,
        4.983,
        -2.292
      ]
    },
    {
      "Target": "Parameter",
      "Id": "ParamOPRY1",
      "FadeInTime": -1.0,
      "FadeOutTime": -1.0,
      "Segments": [
        0,
        30,
        0,
        0.283,
        25.554,
        0,
        1.5,
        29.999,
        0,
        2.7,
        25.192,
        0,
        4.983,
        30
      ]
    },
    {
      "Target": "Parameter",
      "Id": "ParamOPRY2",
      "FadeInTime": -1.0,
      "FadeOutTime": -1.0,
      "Segments": [
        0,
        0.144,
        0,
        0.15,
        0.702,
        0,
        0.467,
        -2.165,
        0,
        0.717,
        -1.015,
        0,
        0.967,
        -1.707,
        0,
        1.267,
        -0.689,
        0,
        1.35,
        -0.807,
        0,
        1.7,
        2.575,
        0,
        1.933,
        1.651,
        0,
        2.167,
        2.28,
        0,
        2.9,
        -2.105,
        0,
        3.067,
        -1.862,
        0,
        3.3,
        -2.214,
        0,
        3.317,
        -2.209,
        0,
        3.333,
        -2.215,
        0,
        4.117,
        2.635,
        0,
        4.133,
        2.632,
        0,
        4.15,
        2.641,
        0,
        4.317,
        2.362,
        0,
        4.55,
        2.785,
        0,
        4.567,
        2.777,
        0,
        4.583,
        2.785,
        1,
        4.716,
        2.785,
        4.85,
        1.521,
        4.983,
        0.231
      ]
    },
    {
      "Target": "Parameter",
      "Id": "ParamOPLX1",
      "FadeInTime": -1.0,
      "FadeOutTime": -1.0,
      "Segments": [
        0,
        -0.044,
        1,
        0.094,
        0.472,
        0.189,
        1.169,
        0.283,
        1.169,
        0,
        0.567,
        -0.699,
        0,
        0.833,
        0.792,
        0,
        1.133,
        -0.579,
        0,
        1.3,
        -0.256,
        0,
        1.533,
        -1.208,
        0,
        1.8,
        0.554,
        0,
        2.05,
        -0.754,
        0,
        2.367,
        0.763,
        0,
        2.55,
        0.545,
        0,
        2.683,
        0.664,
        0,
        2.967,
        -0.05,
        0,
        3.2,
        0.464,
        0,
        3.6,
        -0.54,
        0,
        3.633,
        -0.539,
        0,
        3.917,
        -0.947,
        0,
        4.2,
        0.054,
        0,
        4.45,
        -0.61,
        0,
        4.817,
        0.507,
        0,
        4.883,
        0.501,
        1,
        4.916,
        0.501,
        4.95,
        0.56,
        4.983,
        0.636
      ]
    },
    {
      "Target": "Parameter",
      "Id": "ParamTuiRou1",
      "FadeInTime": -1.0,
      "FadeOutTime": -1.0,
      "Segments": [
        0,
        -0.028,
        2,
        0.017,
        -0.028,
        0,
        0.35,
        -2.146,
        0,
        1.517,
        4.2,
        0,
        2.717,
        -3.945,
        0,
        3.967,
        3.679,
        1,
        4.306,
        3.679,
        4.644,
        -1.19,
        4.983,
        -3.008
      ]
    },
    {
      "Target": "Parameter",
      "Id": "ParamTuiRou2",
      "FadeInTime": -1.0,
      "FadeOutTime": -1.0,
      "Segments": [
        0,
        -0.634,
        2,
        0.033,
        -0.634,
        0,
        0.25,
        0.742,
        0,
        0.583,
        -2.643,
        0,
        0.95,
        -0.71,
        0,
        1.167,
        -1.095,
        0,
        1.267,
        -0.933,
        0,
        1.3,
        -0.938,
        0,
        1.767,
        4.573,
        0,
        2.117,
        2.421,
        0,
        2.317,
        2.83,
        0,
        2.933,
        -3.754,
        0,
        3.217,
        -2.728,
        0,
        3.467,
        -3.276,
        0,
        4.183,
        3.421,
        0,
        4.467,
        2.578,
        0,
        4.7,
        2.996,
        1,
        4.794,
        2.996,
        4.889,
        2.028,
        4.983,
        0.841
      ]
    },
    {
      "Target": "Parameter",
      "Id": "ParamTuiRou3",
      "FadeInTime": -1.0,
      "FadeOutTime": -1.0,
      "Segments": [
        0,
        -0.536,
        2,
        0.217,
        -0.536,
        0,
        0.467,
        1.287,
        0,
        0.767,
        -1.125,
        0,
        1.067,
        0.525,
        0,
        1.517,
        -2.113,
        0,
        1.9,
        1.301,
        0,
        2.217,
        -0.792,
        0,
        2.617,
        2.144,
        0,
        3.033,
        -0.794,
        0,
        3.333,
        0.825,
        0,
        3.783,
        -1.633,
        0,
        4.283,
        0.534,
        0,
        4.583,
        -0.627,
        1,
        4.716,
        -0.627,
        4.85,
        1.005,
        4.983,
        1.471
      ]
    },
    {
      "Target": "Parameter",
      "Id": "Param29",
      "FadeInTime": -1.0,
      "FadeOutTime": -1.0,
      "Segments": [
        0,
        0.124,
        1,
        0.089,
        0.048,
        0.178,
        -0.602,
        0.267,
        -0.602,
        0,
        0.567,
        -0.255,
        0,
        0.7,
        -0.296,
        2,
        0.717,
        -0.296,
        0,
        0.733,
        -0.298,
        0,
        1.5,
        0.932,
        0,
        1.833,
        0.609,
        0,
        1.85,
        0.61,
        0,
        1.867,
        0.602,
        2,
        1.883,
        0.602,
        0,
        2.7,
        -0.833,
        0,
        2.983,
        -0.689,
        2,
        3,
        -0.689,
        2,
        3.017,
        -0.689,
        0,
        3.95,
        0.836,
        0,
        4.233,
        0.688,
        0,
        4.267,
        0.689,
        1,
        4.506,
        0.689,
        4.744,
        -0.426,
        4.983,
        -0.526
      ]
    },
    {
      "Target": "Parameter",
      "Id": "Param30",
      "FadeInTime": -1.0,
      "FadeOutTime": -1.0,
      "Segments": [
        0,
        -0.205,
        1,
        0.056,
        0.016,
        0.111,
        0.401,
        0.167,
        0.401,
        1,
        0.261,
        0.402,
        0.356,
        -0.742,
        0.45,
        -0.742,
        0,
        0.717,
        -0.2,
        0,
        0.967,
        -0.477,
        0,
        1.267,
        -0.092,
        0,
        1.35,
        -0.14,
        0,
        1.7,
        0.973,
        0,
        1.933,
        0.645,
        0,
        2.167,
        0.832,
        0,
        2.9,
        -0.762,
        0,
        3.067,
        -0.693,
        0,
        3.3,
        -0.841,
        0,
        3.317,
        -0.84,
        0,
        3.333,
        -0.844,
        0,
        4.15,
        0.768,
        0,
        4.317,
        0.684,
        0,
        4.55,
        0.845,
        0,
        4.567,
        0.844,
        0,
        4.583,
        0.848,
        1,
        4.716,
        0.848,
        4.85,
        0.184,
        4.983,
        -0.258
      ]
    },
    {
      "Target": "Parameter",
      "Id": "ParamQianFa1_1",
      "FadeInTime": -1.0,
      "FadeOutTime": -1.0,
      "Segments": [
        0,
        -0.568,
        1,
        0.078,
        -1.065,
        0.155,
        -1.563,
        0.233,
        -1.563,
        0,
        0.533,
        -0.36,
        0,
        0.733,
        -0.575,
        0,
        1.467,
        2.25,
        0,
        1.783,
        0.592,
        0,
        1.933,
        0.962,
        0,
        2.633,
        -1.957,
        0,
        3.033,
        -0.751,
        0,
        3.067,
        -0.753,
        0,
        3.883,
        2.241,
        0,
        4.25,
        1.008,
        0,
        4.267,
        1.009,
        0,
        4.283,
        0.981,
        2,
        4.3,
        0.981,
        1,
        4.528,
        0.981,
        4.755,
        -1.256,
        4.983,
        -2.061
      ]
    },
    {
      "Target": "Parameter",
      "Id": "ParamQianFa1_2",
      "FadeInTime": -1.0,
      "FadeOutTime": -1.0,
      "Segments": [
        0,
        0.798,
        1,
        0.15,
        0.26,
        0.3,
        -2.429,
        0.45,
        -2.429,
        0,
        0.7,
        -1.334,
        0,
        0.933,
        -2.239,
        0,
        1.25,
        -0.71,
        0,
        1.35,
        -0.85,
        0,
        1.7,
        3.246,
        0,
        1.917,
        1.623,
        0,
        2.133,
        3.306,
        2,
        2.15,
        3.306,
        0,
        2.9,
        -2.753,
        0,
        3.067,
        -2.333,
        0,
        3.083,
        -2.335,
        0,
        3.1,
        -2.326,
        0,
        3.15,
        -2.418,
        0,
        3.183,
        -2.395,
        0,
        3.367,
        -2.796,
        0,
        4.15,
        3.345,
        0,
        4.317,
        3.009,
        0,
        4.55,
        3.576,
        0,
        4.567,
        3.566,
        2,
        4.583,
        3.566,
        1,
        4.716,
        3.566,
        4.85,
        1.962,
        4.983,
        0.326
      ]
    },
    {
      "Target": "Parameter",
      "Id": "ParamQianFa1_3",
      "FadeInTime": -1.0,
      "FadeOutTime": -1.0,
      "Segments": [
        0,
        0.639,
        1,
        0.028,
        1.159,
        0.055,
        1.536,
        0.083,
        1.536,
        0,
        0.517,
        -0.876,
        0,
        0.8,
        0.611,
        0,
        1.083,
        -0.847,
        0,
        1.317,
        -0.007,
        0,
        1.517,
        -1.078,
        0,
        1.783,
        1.26,
        0,
        2.033,
        -1.015,
        0,
        2.3,
        1.451,
        0,
        2.55,
        -0.131,
        0,
        2.733,
        0.538,
        0,
        2.983,
        -0.639,
        0,
        3.233,
        0.227,
        0,
        3.533,
        -0.892,
        0,
        3.783,
        -0.29,
        0,
        3.933,
        -0.49,
        0,
        4.2,
        0.608,
        0,
        4.45,
        -0.306,
        0,
        4.733,
        0.856,
        0,
        4.967,
        0.384,
        1,
        4.972,
        0.384,
        4.978,
        0.386,
        4.983,
        0.391
      ]
    },
    {
      "Target": "Parameter",
      "Id": "ParamQianFa1_4",
      "FadeInTime": -1.0,
      "FadeOutTime": -1.0,
      "Segments": [
        0,
        -3.155,
        1,
        0.067,
        -1.099,
        0.133,
        3.014,
        0.2,
        3.014,
        0,
        0.55,
        -1.448,
        0,
        0.883,
        1.062,
        0,
        1.167,
        -1.247,
        0,
        1.417,
        0.171,
        0,
        1.633,
        -1.109,
        0,
        1.9,
        1.692,
        0,
        2.15,
        -1.44,
        0,
        2.417,
        2.016,
        0,
        2.667,
        -0.566,
        0,
        2.867,
        0.518,
        0,
        3.1,
        -0.779,
        0,
        3.35,
        0.407,
        0,
        3.633,
        -1.165,
        0,
        3.9,
        -0.108,
        0,
        4.05,
        -0.351,
        0,
        4.317,
        0.847,
        0,
        4.567,
        -0.494,
        0,
        4.85,
        1.158,
        1,
        4.894,
        1.158,
        4.939,
        0.896,
        4.983,
        0.651
      ]
    },
    {
      "Target": "Parameter",
      "Id": "ParamQianFa2_1",
      "FadeInTime": -1.0,
      "FadeOutTime": -1.0,
      "Segments": [
        0,
        0.285,
        1,
        0.089,
        -0.331,
        0.178,
        -2.281,
        0.267,
        -2.281,
        0,
        0.583,
        -0.083,
        0,
        0.8,
        -0.704,
        0,
        1.5,
        2.506,
        0,
        1.833,
        0.66,
        0,
        1.85,
        0.675,
        0,
        1.867,
        0.67,
        0,
        1.883,
        0.695,
        2,
        1.9,
        0.695,
        0,
        1.933,
        0.739,
        0,
        1.95,
        0.727,
        0,
        1.967,
        0.734,
        0,
        2.633,
        -2.245,
        0,
        3.883,
        2.72,
        0,
        4.283,
        1.069,
        0,
        4.317,
        1.071,
        1,
        4.539,
        1.071,
        4.761,
        -1.47,
        4.983,
        -2.403
      ]
    },
    {
      "Target": "Parameter",
      "Id": "ParamQianFa2_2",
      "FadeInTime": -1.0,
      "FadeOutTime": -1.0,
      "Segments": [
        0,
        0.152,
        1,
        0.05,
        0.89,
        0.1,
        1.629,
        0.15,
        1.629,
        0,
        0.467,
        -3.266,
        0,
        0.733,
        -0.877,
        0,
        1.017,
        -2.551,
        0,
        1.3,
        -0.667,
        0,
        1.367,
        -0.703,
        0,
        1.733,
        3.262,
        0,
        1.967,
        2.049,
        0,
        2.217,
        3.046,
        0,
        2.95,
        -2.63,
        0,
        3.067,
        -2.481,
        0,
        3.083,
        -2.486,
        0,
        3.1,
        -2.476,
        0,
        3.283,
        -3.041,
        0,
        4.15,
        3.459,
        0,
        4.317,
        3.038,
        0,
        4.333,
        3.039,
        0,
        4.35,
        3.023,
        0,
        4.617,
        3.707,
        1,
        4.739,
        3.707,
        4.861,
        2.253,
        4.983,
        0.678
      ]
    },
    {
      "Target": "Parameter",
      "Id": "ParamQianFa2_3",
      "FadeInTime": -1.0,
      "FadeOutTime": -1.0,
      "Segments": [
        0,
        -1.816,
        1,
        0.089,
        -0.816,
        0.178,
        2.353,
        0.267,
        2.353,
        0,
        0.567,
        -2.067,
        0,
        0.85,
        1.394,
        0,
        1.133,
        -1.401,
        0,
        1.383,
        0.023,
        0,
        1.567,
        -0.765,
        0,
        1.833,
        1.089,
        0,
        2.083,
        -0.648,
        0,
        2.367,
        1.239,
        0,
        2.983,
        -0.38,
        0,
        3.217,
        0.183,
        0,
        3.483,
        -0.78,
        0,
        3.7,
        -0.441,
        0,
        3.9,
        -0.712,
        0,
        4.2,
        0.759,
        0,
        4.467,
        -0.356,
        0,
        4.783,
        0.998,
        1,
        4.85,
        0.998,
        4.916,
        0.639,
        4.983,
        0.495
      ]
    },
    {
      "Target": "Parameter",
      "Id": "ParamQianFa2_4",
      "FadeInTime": -1.0,
      "FadeOutTime": -1.0,
      "Segments": [
        0,
        -2.57,
        1,
        0.022,
        -3.413,
        0.045,
        -3.963,
        0.067,
        -3.963,
        0,
        0.35,
        3.699,
        0,
        0.667,
        -3.246,
        0,
        0.95,
        2.376,
        0,
        1.25,
        -2.236,
        0,
        1.5,
        0.451,
        0,
        1.7,
        -0.672,
        0,
        1.95,
        1.317,
        0,
        2.2,
        -0.949,
        0,
        2.483,
        1.703,
        0,
        2.8,
        -0.332,
        0,
        2.95,
        -0.235,
        0,
        3.083,
        -0.317,
        0,
        3.317,
        0.184,
        0,
        3.6,
        -0.973,
        0,
        3.85,
        -0.377,
        0,
        4,
        -0.625,
        0,
        4.317,
        0.996,
        0,
        4.583,
        -0.604,
        0,
        4.883,
        1.348,
        1,
        4.916,
        1.348,
        4.95,
        1.209,
        4.983,
        1.029
      ]
    },
    {
      "Target": "Parameter",
      "Id": "ParamQianFa3_1",
      "FadeInTime": -1.0,
      "FadeOutTime": -1.0,
      "Segments": [
        0,
        0.285,
        1,
        0.089,
        -0.331,
        0.178,
        -2.281,
        0.267,
        -2.281,
        0,
        0.583,
        -0.083,
        0,
        0.8,
        -0.704,
        0,
        1.5,
        2.506,
        0,
        1.833,
        0.66,
        0,
        1.85,
        0.675,
        0,
        1.867,
        0.67,
        0,
        1.883,
        0.695,
        2,
        1.9,
        0.695,
        0,
        1.933,
        0.739,
        0,
        1.95,
        0.727,
        0,
        1.967,
        0.734,
        0,
        2.633,
        -2.245,
        0,
        3.883,
        2.72,
        0,
        4.283,
        1.069,
        0,
        4.317,
        1.071,
        1,
        4.539,
        1.071,
        4.761,
        -1.47,
        4.983,
        -2.403
      ]
    },
    {
      "Target": "Parameter",
      "Id": "ParamQianFa3_2",
      "FadeInTime": -1.0,
      "FadeOutTime": -1.0,
      "Segments": [
        0,
        0.152,
        1,
        0.05,
        0.89,
        0.1,
        1.629,
        0.15,
        1.629,
        0,
        0.467,
        -3.266,
        0,
        0.733,
        -0.877,
        0,
        1.017,
        -2.551,
        0,
        1.3,
        -0.667,
        0,
        1.367,
        -0.703,
        0,
        1.733,
        3.262,
        0,
        1.967,
        2.049,
        0,
        2.217,
        3.046,
        0,
        2.95,
        -2.63,
        0,
        3.067,
        -2.481,
        0,
        3.083,
        -2.486,
        0,
        3.1,
        -2.476,
        0,
        3.283,
        -3.041,
        0,
        4.15,
        3.459,
        0,
        4.317,
        3.038,
        0,
        4.333,
        3.039,
        0,
        4.35,
        3.023,
        0,
        4.617,
        3.707,
        1,
        4.739,
        3.707,
        4.861,
        2.253,
        4.983,
        0.678
      ]
    },
    {
      "Target": "Parameter",
      "Id": "ParamQianFa3_3",
      "FadeInTime": -1.0,
      "FadeOutTime": -1.0,
      "Segments": [
        0,
        -1.816,
        1,
        0.089,
        -0.816,
        0.178,
        2.353,
        0.267,
        2.353,
        0,
        0.567,
        -2.067,
        0,
        0.85,
        1.394,
        0,
        1.133,
        -1.401,
        0,
        1.383,
        0.023,
        0,
        1.567,
        -0.765,
        0,
        1.833,
        1.089,
        0,
        2.083,
        -0.648,
        0,
        2.367,
        1.239,
        0,
        2.983,
        -0.38,
        0,
        3.217,
        0.183,
        0,
        3.483,
        -0.78,
        0,
        3.7,
        -0.441,
        0,
        3.9,
        -0.712,
        0,
        4.2,
        0.759,
        0,
        4.467,
        -0.356,
        0,
        4.783,
        0.998,
        1,
        4.85,
        0.998,
        4.916,
        0.639,
        4.983,
        0.495
      ]
    },
    {
      "Target": "Parameter",
      "Id": "ParamQianFa3_4",
      "FadeInTime": -1.0,
      "FadeOutTime": -1.0,
      "Segments": [
        0,
        -2.57,
        1,
        0.022,
        -3.413,
        0.045,
        -3.963,
        0.067,
        -3.963,
        0,
        0.35,
        3.699,
        0,
        0.667,
        -3.246,
        0,
        0.95,
        2.376,
        0,
        1.25,
        -2.236,
        0,
        1.5,
        0.451,
        0,
        1.7,
        -0.672,
        0,
        1.95,
        1.317,
        0,
        2.2,
        -0.949,
        0,
        2.483,
        1.703,
        0,
        2.8,
        -0.332,
        0,
        2.95,
        -0.235,
        0,
        3.083,
        -0.317,
        0,
        3.317,
        0.184,
        0,
        3.6,
        -0.973,
        0,
        3.85,
        -0.377,
        0,
        4,
        -0.625,
        0,
        4.317,
        0.996,
        0,
        4.583,
        -0.604,
        0,
        4.883,
        1.348,
        1,
        4.916,
        1.348,
        4.95,
        1.209,
        4.983,
        1.029
      ]
    },
    {
      "Target": "Parameter",
      "Id": "Param19",
      "FadeInTime": -1.0,
      "FadeOutTime": -1.0,
      "Segments": [
        0,
        0,
        1,
        1.661,
        6.838,
        3.322,
        13.677,
        4.983,
        20.515
      ]
    },
    {
      "Target": "Parameter",
      "Id": "Param16",
      "FadeInTime": -1.0,
      "FadeOutTime": -1.0,
      "Segments": [
        0,
        0,
        0,
        3.183,
        9,
        1,
        3.783,
        9,
        4.383,
        6.239,
        4.983,
        3.776
      ]
    },
    {
      "Target": "Parameter",
      "Id": "Param14",
      "FadeInTime": -1.0,
      "FadeOutTime": -1.0,
      "Segments": [
        0,
        0,
        1,
        1.661,
        0.855,
        3.322,
        1.709,
        4.983,
        2.564
      ]
    },
    {
      "Target": "Parameter",
      "Id": "Param15",
      "FadeInTime": -1.0,
      "FadeOutTime": -1.0,
      "Segments": [
        0,
        0,
        2,
        1.517,
        0,
        0,
        1.6,
        10,
        0,
        1.7,
        8.228,
        0,
        1.8,
        10,
        0,
        1.917,
        7.31,
        1,
        1.95,
        7.31,
        1.984,
        9.944,
        2.017,
        9.948,
        1,
        2.372,
        9.986,
        2.728,
        10,
        3.083,
        10,
        0,
        3.183,
        6.706,
        0,
        3.267,
        10,
        0,
        3.367,
        8.215,
        0,
        3.483,
        9.995,
        1,
        3.933,
        9.999,
        4.383,
        10,
        4.833,
        10,
        0,
        4.933,
        6.706,
        1,
        4.95,
        6.706,
        4.966,
        7.892,
        4.983,
        8.841
      ]
    },
    {
      "Target": "Parameter",
      "Id": "Param18",
      "FadeInTime": -1.0,
      "FadeOutTime": -1.0,
      "Segments": [
        0,
        5,
        1,
        1.661,
        5.855,
        3.322,
        6.709,
        4.983,
        7.564
      ]
    },
    {
      "Target": "Parameter",
      "Id": "Param17",
      "FadeInTime": -1.0,
      "FadeOutTime": -1.0,
      "Segments": [
        0,
        0,
        2,
        1.05,
        0,
        0,
        1.133,
        10,
        0,
        1.233,
        8.228,
        0,
        1.317,
        10,
        0,
        1.45,
        7.31,
        1,
        1.483,
        7.31,
        1.517,
        9.943,
        1.55,
        9.948,
        1,
        1.828,
        9.987,
        2.105,
        10,
        2.383,
        10,
        0,
        2.483,
        6.706,
        0,
        2.55,
        10,
        0,
        2.667,
        8.215,
        0,
        2.767,
        9.995,
        1,
        3.122,
        9.999,
        3.478,
        10,
        3.833,
        10,
        0,
        3.95,
        6.706,
        0,
        4.017,
        10,
        0,
        4.117,
        8.215,
        0,
        4.217,
        9.995,
        1,
        4.472,
        9.997,
        4.728,
        9.999,
        4.983,
        9.999
      ]
    },
    {
      "Target": "Parameter",
      "Id": "Param6",
      "FadeInTime": -1.0,
      "FadeOutTime": -1.0,
      "Segments": [
        0,
        2.91,
        0,
        3.217,
        -2.913,
        1,
        3.806,
        -2.913,
        4.394,
        -1.174,
        4.983,
        0.404
      ]
    },
    {
      "Target": "Parameter",
      "Id": "Param7",
      "FadeInTime": -1.0,
      "FadeOutTime": -1.0,
      "Segments": [
        0,
        2,
        0,
        1.05,
        4.016,
        0,
        4.283,
        -4.016,
        1,
        4.516,
        -4.016,
        4.75,
        -3.643,
        4.983,
        -3.059
      ]
    },
    {
      "Target": "Parameter",
      "Id": "Param8",
      "FadeInTime": -1.0,
      "FadeOutTime": -1.0,
      "Segments": [
        0,
        -2.32,
        0,
        2.117,
        4.987,
        1,
        3.072,
        4.987,
        4.028,
        -2.773,
        4.983,
        -4.603
      ]
    },
    {
      "Target": "Parameter",
      "Id": "Param9",
      "FadeInTime": -1.0,
      "FadeOutTime": -1.0,
      "Segments": [
        0,
        -7.74,
        0,
        3.217,
        7.743,
        1,
        3.806,
        7.743,
        4.394,
        3.12,
        4.983,
        -1.075
      ]
    },
    {
      "Target": "Parameter",
      "Id": "Param12",
      "FadeInTime": -1.0,
      "FadeOutTime": -1.0,
      "Segments": [
        0,
        0,
        1,
        1.661,
        0.855,
        3.322,
        1.709,
        4.983,
        2.564
      ]
    },
    {
      "Target": "Parameter",
      "Id": "Param13",
      "FadeInTime": -1.0,
      "FadeOutTime": -1.0,
      "Segments": [
        0,
        5,
        1,
        1.661,
        5.855,
        3.322,
        6.709,
        4.983,
        7.564
      ]
    },
    {
      "Target": "Parameter",
      "Id": "MB_wutixialuoxunhuan",
      "FadeInTime": -1.0,
      "FadeOutTime": -1.0,
      "Segments": [
        0,
        0,
        1,
        1.661,
        0.256,
        3.322,
        0.513,
        4.983,
        0.769
      ]
    },
    {
      "Target": "Parameter",
      "Id": "MB_wutixialuojiaodu",
      "FadeInTime": -1.0,
      "FadeOutTime": -1.0,
      "Segments": [
        0,
        0,
        1,
        1.661,
        0.344,
        3.322,
        0.687,
        4.983,
        1.031
      ]
    },
    {
      "Target": "Parameter",
      "Id": "MB_Awutifanzhuan",
      "FadeInTime": -1.0,
      "FadeOutTime": -1.0,
      "Segments": [
        0,
        0,
        0,
        2.233,
        1,
        0,
        4.7,
        0,
        1,
        4.794,
        0,
        4.889,
        0.013,
        4.983,
        0.036
      ]
    },
    {
      "Target": "Parameter",
      "Id": "MB_Awutidaxiao",
      "FadeInTime": -1.0,
      "FadeOutTime": -1.0,
      "Segments": [
        0,
        0,
        0,
        4.7,
        0.1,
        1,
        4.794,
        0.1,
        4.889,
        0.1,
        4.983,
        0.099
      ]
    },
    {
      "Target": "Parameter",
      "Id": "MB_Awutijiaodu",
      "FadeInTime": -1.0,
      "FadeOutTime": -1.0,
      "Segments": [
        0,
        1,
        0,
        4.7,
        0.307,
        1,
        4.794,
        0.307,
        4.889,
        0.309,
        4.983,
        0.314
      ]
    },
    {
      "Target": "Parameter",
      "Id": "MB_Bwutifanzhuan",
      "FadeInTime": -1.0,
      "FadeOutTime": -1.0,
      "Segments": [
        0,
        1,
        0,
        4.7,
        -1,
        1,
        4.794,
        -1,
        4.889,
        -0.993,
        4.983,
        -0.981
      ]
    },
    {
      "Target": "Parameter",
      "Id": "MB_Bwutidaxiao",
      "FadeInTime": -1.0,
      "FadeOutTime": -1.0,
      "Segments": [
        0,
        0,
        0,
        4.7,
        0.1,
        1,
        4.794,
        0.1,
        4.889,
        0.1,
        4.983,
        0.099
      ]
    },
    {
      "Target": "Parameter",
      "Id": "MB_Bwutijiaodu",
      "FadeInTime": -1.0,
      "FadeOutTime": -1.0,
      "Segments": [
        0,
        0,
        0,
        2.283,
        1,
        1,
        3.089,
        1,
        3.894,
        0.655,
        4.7,
        0,
        1,
        4.794,
        -0.077,
        4.889,
        -0.149,
        4.983,
        -0.217
      ]
    },
    {
      "Target": "Parameter",
      "Id": "MB_Cwutifanzhuan",
      "FadeInTime": -1.0,
      "FadeOutTime": -1.0,
      "Segments": [
        0,
        0,
        0,
        2.283,
        1,
        1,
        3.089,
        1,
        3.894,
        0.655,
        4.7,
        0,
        1,
        4.794,
        -0.077,
        4.889,
        -0.149,
        4.983,
        -0.217
      ]
    },
    {
      "Target": "Parameter",
      "Id": "MB_Cwutidaxiao",
      "FadeInTime": -1.0,
      "FadeOutTime": -1.0,
      "Segments": [
        0,
        0,
        0,
        4.7,
        -0.1,
        1,
        4.794,
        -0.1,
        4.889,
        -0.1,
        4.983,
        -0.099
      ]
    },
    {
      "Target": "Parameter",
      "Id": "MB_Cwutijiaodu",
      "FadeInTime": -1.0,
      "FadeOutTime": -1.0,
      "Segments": [
        0,
        -1,
        0,
        4.7,
        -0.142,
        1,
        4.794,
        -0.142,
        4.889,
        -0.145,
        4.983,
        -0.15
      ]
    },
    {
      "Target": "Parameter",
      "Id": "Param_Angle_Rotation_1_ArtMesh186",
      "FadeInTime": -1.0,
      "FadeOutTime": -1.0,
      "Segments": [
        0,
        0.99,
        0,
        3.217,
        -0.992,
        1,
        3.806,
        -0.992,
        4.394,
        -0.4,
        4.983,
        0.138
      ]
    },
    {
      "Target": "Parameter",
      "Id": "Param_Angle_Rotation_2_ArtMesh186",
      "FadeInTime": -1.0,
      "FadeOutTime": -1.0,
      "Segments": [
        0,
        0.91,
        0,
        0.35,
        0.992,
        0,
        3.6,
        -0.992,
        1,
        4.061,
        -0.992,
        4.522,
        -0.633,
        4.983,
        -0.22
      ]
    },
    {
      "Target": "Parameter",
      "Id": "Param_Angle_Rotation_3_ArtMesh186",
      "FadeInTime": -1.0,
      "FadeOutTime": -1.0,
      "Segments": [
        0,
        0.68,
        0,
        0.767,
        0.992,
        0,
        4.017,
        -0.992,
        1,
        4.339,
        -0.992,
        4.661,
        -0.816,
        4.983,
        -0.57
      ]
    },
    {
      "Target": "Parameter",
      "Id": "Param_Angle_Rotation_4_ArtMesh186",
      "FadeInTime": -1.0,
      "FadeOutTime": -1.0,
      "Segments": [
        0,
        0.38,
        0,
        1.167,
        1.016,
        0,
        4.417,
        -1.016,
        1,
        4.606,
        -1.016,
        4.794,
        -0.954,
        4.983,
        -0.851
      ]
    },
    {
      "Target": "Parameter",
      "Id": "Param_Angle_Rotation_5_ArtMesh186",
      "FadeInTime": -1.0,
      "FadeOutTime": -1.0,
      "Segments": [
        0,
        0,
        0,
        1.583,
        1.016,
        0,
        4.833,
        -1.016,
        1,
        4.883,
        -1.016,
        4.933,
        -1.012,
        4.983,
        -1.003
      ]
    },
    {
      "Target": "Parameter",
      "Id": "Param_Angle_Rotation_6_ArtMesh186",
      "FadeInTime": -1.0,
      "FadeOutTime": -1.0,
      "Segments": [
        0,
        -0.36,
        0,
        1.983,
        1.016,
        1,
        2.983,
        1.016,
        3.983,
        -0.715,
        4.983,
        -0.982
      ]
    },
    {
      "Target": "Parameter",
      "Id": "Param_Angle_Rotation_7_ArtMesh186",
      "FadeInTime": -1.0,
      "FadeOutTime": -1.0,
      "Segments": [
        0,
        -0.7,
        0,
        2.4,
        1.016,
        1,
        3.261,
        1.016,
        4.122,
        -0.268,
        4.983,
        -0.795
      ]
    },
    {
      "Target": "Parameter",
      "Id": "Param_Angle_Rotation_8_ArtMesh186",
      "FadeInTime": -1.0,
      "FadeOutTime": -1.0,
      "Segments": [
        0,
        -0.92,
        0,
        2.8,
        1.016,
        1,
        3.528,
        1.016,
        4.255,
        0.089,
        4.983,
        -0.512
      ]
    },
    {
      "Target": "Parameter",
      "Id": "Param_Angle_Rotation_9_ArtMesh186",
      "FadeInTime": -1.0,
      "FadeOutTime": -1.0,
      "Segments": [
        0,
        -1.02,
        0,
        3.217,
        1.016,
        1,
        3.806,
        1.016,
        4.394,
        0.409,
        4.983,
        -0.141
      ]
    },
    {
      "Target": "Parameter",
      "Id": "Param_Angle_Rotation_10_ArtMesh186",
      "FadeInTime": -1.0,
      "FadeOutTime": -1.0,
      "Segments": [
        0,
        -0.93,
        0,
        0.35,
        -1.016,
        0,
        3.6,
        1.016,
        1,
        4.061,
        1.016,
        4.522,
        0.648,
        4.983,
        0.225
      ]
    },
    {
      "Target": "Parameter",
      "Id": "Param_Angle_Rotation_11_ArtMesh186",
      "FadeInTime": -1.0,
      "FadeOutTime": -1.0,
      "Segments": [
        0,
        -2.06,
        0,
        0.767,
        -3,
        0,
        4.017,
        3,
        1,
        4.339,
        3,
        4.661,
        2.469,
        4.983,
        1.723
      ]
    },
    {
      "Target": "Parameter",
      "Id": "Param_Angle_Rotation_12_ArtMesh186",
      "FadeInTime": -1.0,
      "FadeOutTime": -1.0,
      "Segments": [
        0,
        -1.13,
        0,
        1.167,
        -3,
        0,
        4.417,
        3,
        1,
        4.606,
        3,
        4.794,
        2.816,
        4.983,
        2.512
      ]
    },
    {
      "Target": "Parameter",
      "Id": "Param_Angle_Rotation_13_ArtMesh186",
      "FadeInTime": -1.0,
      "FadeOutTime": -1.0,
      "Segments": [
        0,
        0,
        0,
        1.583,
        -3,
        0,
        4.833,
        3,
        1,
        4.883,
        3,
        4.933,
        2.987,
        4.983,
        2.962
      ]
    },
    {
      "Target": "Parameter",
      "Id": "Param_Angle_Rotation_14_ArtMesh186",
      "FadeInTime": -1.0,
      "FadeOutTime": -1.0,
      "Segments": [
        0,
        1.08,
        0,
        1.983,
        -3,
        1,
        2.983,
        -3,
        3.983,
        2.112,
        4.983,
        2.899
      ]
    },
    {
      "Target": "Parameter",
      "Id": "Param_Angle_Rotation_15_ArtMesh186",
      "FadeInTime": -1.0,
      "FadeOutTime": -1.0,
      "Segments": [
        0,
        2.06,
        0,
        2.4,
        -3,
        1,
        3.261,
        -3,
        4.122,
        0.791,
        4.983,
        2.346
      ]
    },
    {
      "Target": "Parameter",
      "Id": "Param_Angle_Rotation_1_ArtMesh187",
      "FadeInTime": -1.0,
      "FadeOutTime": -1.0,
      "Segments": [
        0,
        -0.99,
        0,
        3.217,
        0.992,
        1,
        3.806,
        0.992,
        4.394,
        0.4,
        4.983,
        -0.138
      ]
    },
    {
      "Target": "Parameter",
      "Id": "Param_Angle_Rotation_2_ArtMesh187",
      "FadeInTime": -1.0,
      "FadeOutTime": -1.0,
      "Segments": [
        0,
        -0.91,
        0,
        0.35,
        -0.992,
        0,
        3.6,
        0.992,
        1,
        4.061,
        0.992,
        4.522,
        0.633,
        4.983,
        0.22
      ]
    },
    {
      "Target": "Parameter",
      "Id": "Param_Angle_Rotation_3_ArtMesh187",
      "FadeInTime": -1.0,
      "FadeOutTime": -1.0,
      "Segments": [
        0,
        -0.68,
        0,
        0.767,
        -0.992,
        0,
        4.017,
        0.992,
        1,
        4.339,
        0.992,
        4.661,
        0.816,
        4.983,
        0.57
      ]
    },
    {
      "Target": "Parameter",
      "Id": "Param_Angle_Rotation_4_ArtMesh187",
      "FadeInTime": -1.0,
      "FadeOutTime": -1.0,
      "Segments": [
        0,
        -0.38,
        0,
        1.167,
        -1.016,
        0,
        4.417,
        1.016,
        1,
        4.606,
        1.016,
        4.794,
        0.954,
        4.983,
        0.851
      ]
    },
    {
      "Target": "Parameter",
      "Id": "Param_Angle_Rotation_5_ArtMesh187",
      "FadeInTime": -1.0,
      "FadeOutTime": -1.0,
      "Segments": [
        0,
        0,
        0,
        1.583,
        -1.016,
        0,
        4.833,
        1.016,
        1,
        4.883,
        1.016,
        4.933,
        1.012,
        4.983,
        1.003
      ]
    },
    {
      "Target": "Parameter",
      "Id": "Param_Angle_Rotation_6_ArtMesh187",
      "FadeInTime": -1.0,
      "FadeOutTime": -1.0,
      "Segments": [
        0,
        0.36,
        0,
        1.983,
        -1.016,
        1,
        2.983,
        -1.016,
        3.983,
        0.715,
        4.983,
        0.982
      ]
    },
    {
      "Target": "Parameter",
      "Id": "Param_Angle_Rotation_7_ArtMesh187",
      "FadeInTime": -1.0,
      "FadeOutTime": -1.0,
      "Segments": [
        0,
        0.7,
        0,
        2.4,
        -1.016,
        1,
        3.261,
        -1.016,
        4.122,
        0.268,
        4.983,
        0.795
      ]
    },
    {
      "Target": "Parameter",
      "Id": "Param_Angle_Rotation_8_ArtMesh187",
      "FadeInTime": -1.0,
      "FadeOutTime": -1.0,
      "Segments": [
        0,
        0.92,
        0,
        2.8,
        -1.016,
        1,
        3.528,
        -1.016,
        4.255,
        -0.089,
        4.983,
        0.512
      ]
    },
    {
      "Target": "Parameter",
      "Id": "Param_Angle_Rotation_9_ArtMesh187",
      "FadeInTime": -1.0,
      "FadeOutTime": -1.0,
      "Segments": [
        0,
        1.02,
        0,
        3.217,
        -1.016,
        1,
        3.806,
        -1.016,
        4.394,
        -0.409,
        4.983,
        0.141
      ]
    },
    {
      "Target": "Parameter",
      "Id": "Param_Angle_Rotation_10_ArtMesh187",
      "FadeInTime": -1.0,
      "FadeOutTime": -1.0,
      "Segments": [
        0,
        0.93,
        0,
        0.35,
        1.016,
        0,
        3.6,
        -1.016,
        1,
        4.061,
        -1.016,
        4.522,
        -0.648,
        4.983,
        -0.225
      ]
    },
    {
      "Target": "Parameter",
      "Id": "Param_Angle_Rotation_11_ArtMesh187",
      "FadeInTime": -1.0,
      "FadeOutTime": -1.0,
      "Segments": [
        0,
        2.06,
        0,
        0.767,
        3,
        0,
        4.017,
        -3,
        1,
        4.339,
        -3,
        4.661,
        -2.469,
        4.983,
        -1.723
      ]
    },
    {
      "Target": "Parameter",
      "Id": "Param_Angle_Rotation_12_ArtMesh187",
      "FadeInTime": -1.0,
      "FadeOutTime": -1.0,
      "Segments": [
        0,
        1.13,
        0,
        1.167,
        3,
        0,
        4.417,
        -3,
        1,
        4.606,
        -3,
        4.794,
        -2.816,
        4.983,
        -2.512
      ]
    },
    {
      "Target": "Parameter",
      "Id": "Param_Angle_Rotation_13_ArtMesh187",
      "FadeInTime": -1.0,
      "FadeOutTime": -1.0,
      "Segments": [
        0,
        0,
        0,
        1.583,
        3,
        0,
        4.833,
        -3,
        1,
        4.883,
        -3,
        4.933,
        -2.987,
        4.983,
        -2.962
      ]
    },
    {
      "Target": "Parameter",
      "Id": "Param_Angle_Rotation_14_ArtMesh187",
      "FadeInTime": -1.0,
      "FadeOutTime": -1.0,
      "Segments": [
        0,
        -1.08,
        0,
        1.983,
        3,
        1,
        2.983,
        3,
        3.983,
        -2.112,
        4.983,
        -2.899
      ]
    },
    {
      "Target": "Parameter",
      "Id": "Param_Angle_Rotation_15_ArtMesh187",
      "FadeInTime": -1.0,
      "FadeOutTime": -1.0,
      "Segments": [
        0,
        -2.06,
        0,
        2.4,
        3,
        1,
        3.261,
        3,
        4.122,
        -0.791,
        4.983,
        -2.346
      ]
    },
    {
      "Target": "Parameter",
      "Id": "Param_Angle_Rotation_1_ArtMesh188",
      "FadeInTime": -1.0,
      "FadeOutTime": -1.0,
      "Segments": [
        0,
        -3,
        0,
        3.85,
        3,
        1,
        4.228,
        3,
        4.605,
        2.489,
        4.983,
        1.765
      ]
    },
    {
      "Target": "Parameter",
      "Id": "Param_Angle_Rotation_2_ArtMesh188",
      "FadeInTime": -1.0,
      "FadeOutTime": -1.0,
      "Segments": [
        0,
        -2.6,
        0,
        0.617,
        -3,
        0,
        4.5,
        3,
        1,
        4.661,
        3,
        4.822,
        2.907,
        4.983,
        2.744
      ]
    },
    {
      "Target": "Parameter",
      "Id": "Param_Angle_Rotation_3_ArtMesh188",
      "FadeInTime": -1.0,
      "FadeOutTime": -1.0,
      "Segments": [
        0,
        -2.99,
        0,
        1.25,
        -5.277,
        1,
        2.494,
        -5.277,
        3.739,
        3.296,
        4.983,
        4.029
      ]
    },
    {
      "Target": "Parameter",
      "Id": "Param_Angle_Rotation_4_ArtMesh188",
      "FadeInTime": -1.0,
      "FadeOutTime": -1.0,
      "Segments": [
        0,
        -0.75,
        0,
        1.9,
        -5.277,
        1,
        2.928,
        -5.277,
        3.955,
        0.571,
        4.983,
        3.02
      ]
    },
    {
      "Target": "Parameter",
      "Id": "Param_Angle_Rotation_5_ArtMesh188",
      "FadeInTime": -1.0,
      "FadeOutTime": -1.0,
      "Segments": [
        0,
        1.53,
        0,
        2.55,
        -5.277,
        1,
        3.361,
        -5.277,
        4.172,
        -1.603,
        4.983,
        1.14
      ]
    },
    {
      "Target": "Parameter",
      "Id": "Param_Angle_Rotation_6_ArtMesh188",
      "FadeInTime": -1.0,
      "FadeOutTime": -1.0,
      "Segments": [
        0,
        5.97,
        0,
        3.2,
        -6.356,
        1,
        3.794,
        -6.356,
        4.389,
        -3.524,
        4.983,
        -0.46
      ]
    },
    {
      "Target": "Parameter",
      "Id": "Param_Angle_Rotation_7_ArtMesh188",
      "FadeInTime": -1.0,
      "FadeOutTime": -1.0,
      "Segments": [
        0,
        7.07,
        0,
        3.85,
        -6.356,
        1,
        4.228,
        -6.356,
        4.605,
        -5.212,
        4.983,
        -3.592
      ]
    },
    {
      "Target": "Parameter",
      "Id": "Param_Angle_Rotation_8_ArtMesh188",
      "FadeInTime": -1.0,
      "FadeOutTime": -1.0,
      "Segments": [
        0,
        6.17,
        0,
        0.617,
        7.075,
        0,
        4.5,
        -6.356,
        1,
        4.661,
        -6.356,
        4.822,
        -6.148,
        4.983,
        -5.784
      ]
    },
    {
      "Target": "Parameter",
      "Id": "Param_Angle_Rotation_9_ArtMesh188",
      "FadeInTime": -1.0,
      "FadeOutTime": -1.0,
      "Segments": [
        0,
        3.96,
        0,
        1.25,
        7.913,
        1,
        2.494,
        7.913,
        3.739,
        -6.919,
        4.983,
        -8.187
      ]
    },
    {
      "Target": "Parameter",
      "Id": "Param_Angle_Rotation_10_ArtMesh188",
      "FadeInTime": -1.0,
      "FadeOutTime": -1.0,
      "Segments": [
        0,
        0.08,
        0,
        1.9,
        7.913,
        1,
        2.928,
        7.913,
        3.955,
        -2.204,
        4.983,
        -6.441
      ]
    },
    {
      "Target": "Parameter",
      "Id": "Param_Angle_Rotation_11_ArtMesh188",
      "FadeInTime": -1.0,
      "FadeOutTime": -1.0,
      "Segments": [
        0,
        -3.86,
        0,
        2.55,
        7.913,
        1,
        3.361,
        7.913,
        4.172,
        1.558,
        4.983,
        -3.188
      ]
    },
    {
      "Target": "Parameter",
      "Id": "Param_Angle_Rotation_12_ArtMesh188",
      "FadeInTime": -1.0,
      "FadeOutTime": -1.0,
      "Segments": [
        0,
        -8.59,
        0,
        3.2,
        9.351,
        1,
        3.794,
        9.351,
        4.389,
        5.23,
        4.983,
        0.773
      ]
    },
    {
      "Target": "Parameter",
      "Id": "Param_Angle_Rotation_13_ArtMesh188",
      "FadeInTime": -1.0,
      "FadeOutTime": -1.0,
      "Segments": [
        0,
        -10.19,
        0,
        3.867,
        9.351,
        1,
        4.239,
        9.351,
        4.611,
        7.721,
        4.983,
        5.403
      ]
    },
    {
      "Target": "Parameter",
      "Id": "Param_Angle_Rotation_14_ArtMesh188",
      "FadeInTime": -1.0,
      "FadeOutTime": -1.0,
      "Segments": [
        0,
        -8.87,
        0,
        0.617,
        -10.19,
        0,
        4.517,
        9.351,
        1,
        4.672,
        9.351,
        4.828,
        9.066,
        4.983,
        8.566
      ]
    },
    {
      "Target": "Parameter",
      "Id": "Param_Angle_Rotation_15_ArtMesh188",
      "FadeInTime": -1.0,
      "FadeOutTime": -1.0,
      "Segments": [
        0,
        -5.39,
        0,
        1.25,
        -10.19,
        1,
        2.494,
        -10.19,
        3.739,
        7.564,
        4.983,
        9.227
      ]
    },
    {
      "Target": "Parameter",
      "Id": "Param_Angle_Rotation_16_ArtMesh188",
      "FadeInTime": -1.0,
      "FadeOutTime": -1.0,
      "Segments": [
        0,
        -0.67,
        0,
        1.9,
        -10.19,
        1,
        2.928,
        -10.19,
        3.955,
        1.92,
        4.983,
        7.074
      ]
    },
    {
      "Target": "Parameter",
      "Id": "Paramring",
      "FadeInTime": -1.0,
      "FadeOutTime": -1.0,
      "Segments": [
        0,
        0,
        0,
        4.983,
        0
      ]
    },
    {
      "Target": "Parameter",
      "Id": "touch_drag1",
      "FadeInTime": -1.0,
      "FadeOutTime": -1.0,
      "Segments": [
        0,
        0,
        0,
        4.983,
        0
      ]
    },
    {
      "Target": "Parameter",
      "Id": "touch_drag2",
      "FadeInTime": -1.0,
      "FadeOutTime": -1.0,
      "Segments": [
        0,
        0,
        0,
        4.983,
        0
      ]
    },
    {
      "Target": "Parameter",
      "Id": "touch_drag3",
      "FadeInTime": -1.0,
      "FadeOutTime": -1.0,
      "Segments": [
        0,
        0,
        0,
        4.983,
        0
      ]
    },
    {
      "Target": "Parameter",
      "Id": "ParamHeikuang",
      "FadeInTime": -1.0,
      "FadeOutTime": -1.0,
      "Segments": [
        0,
        0,
        0,
        4.983,
        0
      ]
    },
    {
      "Target": "Parameter",
      "Id": "ParamBaise",
      "FadeInTime": -1.0,
      "FadeOutTime": -1.0,
      "Segments": [
        0,
        0,
        0,
        4.983,
        0
      ]
    },
    {
      "Target": "Parameter",
      "Id": "ParamHeise",
      "FadeInTime": -1.0,
      "FadeOutTime": -1.0,
      "Segments": [
        0,
        0,
        0,
        4.983,
        0
      ]
    },
    {
      "Target": "Parameter",
      "Id": "ParamALLX",
      "FadeInTime": -1.0,
      "FadeOutTime": -1.0,
      "Segments": [
        0,
        -0.556,
        0,
        4.983,
        -0.556
      ]
    },
    {
      "Target": "Parameter",
      "Id": "ParamALLY",
      "FadeInTime": -1.0,
      "FadeOutTime": -1.0,
      "Segments": [
        0,
        3.231,
        0,
        4.983,
        3.231
      ]
    },
    {
      "Target": "Parameter",
      "Id": "ParamALLZ",
      "FadeInTime": -1.0,
      "FadeOutTime": -1.0,
      "Segments": [
        0,
        0,
        0,
        4.983,
        0
      ]
    },
    {
      "Target": "Parameter",
      "Id": "ParamALLS",
      "FadeInTime": -1.0,
      "FadeOutTime": -1.0,
      "Segments": [
        0,
        -4.54,
        0,
        4.983,
        -4.54
      ]
    },
    {
      "Target": "Parameter",
      "Id": "ParamRenwuX8",
      "FadeInTime": -1.0,
      "FadeOutTime": -1.0,
      "Segments": [
        0,
        10,
        0,
        4.983,
        10
      ]
    },
    {
      "Target": "Parameter",
      "Id": "ParamRenwuX5",
      "FadeInTime": -1.0,
      "FadeOutTime": -1.0,
      "Segments": [
        0,
        5.28,
        0,
        4.983,
        5.28
      ]
    },
    {
      "Target": "Parameter",
      "Id": "ParamRenwuX6",
      "FadeInTime": -1.0,
      "FadeOutTime": -1.0,
      "Segments": [
        0,
        -0.329,
        0,
        4.983,
        -0.329
      ]
    },
    {
      "Target": "Parameter",
      "Id": "ParamRenwuX9",
      "FadeInTime": -1.0,
      "FadeOutTime": -1.0,
      "Segments": [
        0,
        0,
        0,
        4.983,
        0
      ]
    },
    {
      "Target": "Parameter",
      "Id": "ParamRenwuX2",
      "FadeInTime": -1.0,
      "FadeOutTime": -1.0,
      "Segments": [
        0,
        0,
        0,
        4.983,
        0
      ]
    },
    {
      "Target": "Parameter",
      "Id": "ParamRenwuX3",
      "FadeInTime": -1.0,
      "FadeOutTime": -1.0,
      "Segments": [
        0,
        -1.677,
        0,
        4.983,
        -1.677
      ]
    },
    {
      "Target": "Parameter",
      "Id": "ParamRenwuX7",
      "FadeInTime": -1.0,
      "FadeOutTime": -1.0,
      "Segments": [
        0,
        0.974,
        0,
        4.983,
        0.974
      ]
    },
    {
      "Target": "Parameter",
      "Id": "ParamRenwu",
      "FadeInTime": -1.0,
      "FadeOutTime": -1.0,
      "Segments": [
        0,
        1,
        0,
        4.983,
        1
      ]
    },
    {
      "Target": "Parameter",
      "Id": "ParamRenwuX",
      "FadeInTime": -1.0,
      "FadeOutTime": -1.0,
      "Segments": [
        0,
        -3,
        0,
        4.983,
        -3
      ]
    },
    {
      "Target": "Parameter",
      "Id": "ParamRenwuY",
      "FadeInTime": -1.0,
      "FadeOutTime": -1.0,
      "Segments": [
        0,
        -2.94,
        0,
        4.983,
        -2.94
      ]
    },
    {
      "Target": "Parameter",
      "Id": "ParamRenwuS",
      "FadeInTime": -1.0,
      "FadeOutTime": -1.0,
      "Segments": [
        0,
        0,
        0,
        4.983,
        0
      ]
    },
    {
      "Target": "Parameter",
      "Id": "ParamBeijing",
      "FadeInTime": -1.0,
      "FadeOutTime": -1.0,
      "Segments": [
        0,
        1,
        0,
        4.983,
        1
      ]
    },
    {
      "Target": "Parameter",
      "Id": "ParamBeijingX",
      "FadeInTime": -1.0,
      "FadeOutTime": -1.0,
      "Segments": [
        0,
        0,
        0,
        4.983,
        0
      ]
    },
    {
      "Target": "Parameter",
      "Id": "ParamBeijingY",
      "FadeInTime": -1.0,
      "FadeOutTime": -1.0,
      "Segments": [
        0,
        -1.14,
        0,
        4.983,
        -1.14
      ]
    },
    {
      "Target": "Parameter",
      "Id": "ParamBeijingZ",
      "FadeInTime": -1.0,
      "FadeOutTime": -1.0,
      "Segments": [
        0,
        0,
        0,
        4.983,
        0
      ]
    },
    {
      "Target": "Parameter",
      "Id": "ParamBeijingS",
      "FadeInTime": -1.0,
      "FadeOutTime": -1.0,
      "Segments": [
        0,
        0,
        0,
        4.983,
        0
      ]
    },
    {
      "Target": "Parameter",
      "Id": "ParamEyeLSmile",
      "FadeInTime": -1.0,
      "FadeOutTime": -1.0,
      "Segments": [
        0,
        0,
        0,
        4.983,
        0
      ]
    },
    {
      "Target": "Parameter",
      "Id": "ParamEyeRSmile",
      "FadeInTime": -1.0,
      "FadeOutTime": -1.0,
      "Segments": [
        0,
        0,
        0,
        4.983,
        0
      ]
    },
    {
      "Target": "Parameter",
      "Id": "ParamEyeBallX",
      "FadeInTime": -1.0,
      "FadeOutTime": -1.0,
      "Segments": [
        0,
        0,
        0,
        4.983,
        0
      ]
    },
    {
      "Target": "Parameter",
      "Id": "ParamEyeBallY",
      "FadeInTime": -1.0,
      "FadeOutTime": -1.0,
      "Segments": [
        0,
        0,
        0,
        4.983,
        0
      ]
    },
    {
      "Target": "Parameter",
      "Id": "ParamBrowRY",
      "FadeInTime": -1.0,
      "FadeOutTime": -1.0,
      "Segments": [
        0,
        0,
        0,
        4.983,
        0
      ]
    },
    {
      "Target": "Parameter",
      "Id": "ParamBrowRForm",
      "FadeInTime": -1.0,
      "FadeOutTime": -1.0,
      "Segments": [
        0,
        0,
        0,
        4.983,
        0
      ]
    },
    {
      "Target": "Parameter",
      "Id": "ParamBrowLY",
      "FadeInTime": -1.0,
      "FadeOutTime": -1.0,
      "Segments": [
        0,
        0,
        0,
        4.983,
        0
      ]
    },
    {
      "Target": "Parameter",
      "Id": "ParamBrowLForm",
      "FadeInTime": -1.0,
      "FadeOutTime": -1.0,
      "Segments": [
        0,
        0,
        0,
        4.983,
        0
      ]
    },
    {
      "Target": "Parameter",
      "Id": "Param4",
      "FadeInTime": -1.0,
      "FadeOutTime": -1.0,
      "Segments": [
        0,
        0,
        0,
        4.983,
        0
      ]
    },
    {
      "Target": "Parameter",
      "Id": "ParamMouthForm",
      "FadeInTime": -1.0,
      "FadeOutTime": -1.0,
      "Segments": [
        0,
        0,
        0,
        4.983,
        0
      ]
    },
    {
      "Target": "Parameter",
      "Id": "ParamMouthOpenY",
      "FadeInTime": -1.0,
      "FadeOutTime": -1.0,
      "Segments": [
        0,
        0,
        0,
        4.983,
        0
      ]
    },
    {
      "Target": "Parameter",
      "Id": "ParamMouthS",
      "FadeInTime": -1.0,
      "FadeOutTime": -1.0,
      "Segments": [
        0,
        0,
        0,
        4.983,
        0
      ]
    },
    {
      "Target": "Parameter",
      "Id": "ParamEyeGaoguang",
      "FadeInTime": -1.0,
      "FadeOutTime": -1.0,
      "Segments": [
        0,
        0,
        0,
        4.983,
        0
      ]
    },
    {
      "Target": "Parameter",
      "Id": "ParamCheek",
      "FadeInTime": -1.0,
      "FadeOutTime": -1.0,
      "Segments": [
        0,
        0.5,
        0,
        4.983,
        0.5
      ]
    },
    {
      "Target": "Parameter",
      "Id": "Param28",
      "FadeInTime": -1.0,
      "FadeOutTime": -1.0,
      "Segments": [
        0,
        5,
        0,
        4.983,
        5
      ]
    },
    {
      "Target": "Parameter",
      "Id": "Param31",
      "FadeInTime": -1.0,
      "FadeOutTime": -1.0,
      "Segments": [
        0,
        0,
        0,
        4.983,
        0
      ]
    },
    {
      "Target": "Parameter",
      "Id": "ParamAngleY",
      "FadeInTime": -1.0,
      "FadeOutTime": -1.0,
      "Segments": [
        0,
        0,
        0,
        4.983,
        0
      ]
    },
    {
      "Target": "Parameter",
      "Id": "ParamBodyAngleZ3",
      "FadeInTime": -1.0,
      "FadeOutTime": -1.0,
      "Segments": [
        0,
        0,
        0,
        4.983,
        0
      ]
    },
    {
      "Target": "Parameter",
      "Id": "ParamBodyAngleX2",
      "FadeInTime": -1.0,
      "FadeOutTime": -1.0,
      "Segments": [
        0,
        0,
        0,
        4.983,
        0
      ]
    },
    {
      "Target": "Parameter",
      "Id": "ParamBreath",
      "FadeInTime": -1.0,
      "FadeOutTime": -1.0,
      "Segments": [
        0,
        0,
        0,
        4.983,
        0
      ]
    },
    {
      "Target": "Parameter",
      "Id": "ParamBodyAngleY",
      "FadeInTime": -1.0,
      "FadeOutTime": -1.0,
      "Segments": [
        0,
        0,
        0,
        4.983,
        0
      ]
    },
    {
      "Target": "Parameter",
      "Id": "Param57",
      "FadeInTime": -1.0,
      "FadeOutTime": -1.0,
      "Segments": [
        0,
        0,
        0,
        4.983,
        0
      ]
    },
    {
      "Target": "Parameter",
      "Id": "ParamA1zuoshoutuozhanxingbian",
      "FadeInTime": -1.0,
      "FadeOutTime": -1.0,
      "Segments": [
        0,
        0,
        0,
        4.983,
        0
      ]
    },
    {
      "Target": "Parameter",
      "Id": "Param47",
      "FadeInTime": -1.0,
      "FadeOutTime": -1.0,
      "Segments": [
        0,
        0,
        0,
        4.983,
        0
      ]
    },
    {
      "Target": "Parameter",
      "Id": "Param48",
      "FadeInTime": -1.0,
      "FadeOutTime": -1.0,
      "Segments": [
        0,
        0,
        0,
        4.983,
        0
      ]
    },
    {
      "Target": "Parameter",
      "Id": "Param49",
      "FadeInTime": -1.0,
      "FadeOutTime": -1.0,
      "Segments": [
        0,
        0,
        0,
        4.983,
        0
      ]
    },
    {
      "Target": "Parameter",
      "Id": "Param66",
      "FadeInTime": -1.0,
      "FadeOutTime": -1.0,
      "Segments": [
        0,
        0,
        0,
        4.983,
        0
      ]
    },
    {
      "Target": "Parameter",
      "Id": "Param67",
      "FadeInTime": -1.0,
      "FadeOutTime": -1.0,
      "Segments": [
        0,
        0,
        0,
        4.983,
        0
      ]
    },
    {
      "Target": "Parameter",
      "Id": "Param68",
      "FadeInTime": -1.0,
      "FadeOutTime": -1.0,
      "Segments": [
        0,
        0,
        0,
        4.983,
        0
      ]
    },
    {
      "Target": "Parameter",
      "Id": "Param69",
      "FadeInTime": -1.0,
      "FadeOutTime": -1.0,
      "Segments": [
        0,
        0,
        0,
        4.983,
        0
      ]
    },
    {
      "Target": "Parameter",
      "Id": "Param50",
      "FadeInTime": -1.0,
      "FadeOutTime": -1.0,
      "Segments": [
        0,
        0,
        0,
        4.983,
        0
      ]
    },
    {
      "Target": "Parameter",
      "Id": "Param51",
      "FadeInTime": -1.0,
      "FadeOutTime": -1.0,
      "Segments": [
        0,
        1,
        0,
        4.983,
        1
      ]
    },
    {
      "Target": "Parameter",
      "Id": "Param52",
      "FadeInTime": -1.0,
      "FadeOutTime": -1.0,
      "Segments": [
        0,
        0,
        0,
        4.983,
        0
      ]
    },
    {
      "Target": "Parameter",
      "Id": "Param54",
      "FadeInTime": -1.0,
      "FadeOutTime": -1.0,
      "Segments": [
        0,
        0,
        0,
        4.983,
        0
      ]
    },
    {
      "Target": "Parameter",
      "Id": "Param55",
      "FadeInTime": -1.0,
      "FadeOutTime": -1.0,
      "Segments": [
        0,
        0,
        0,
        4.983,
        0
      ]
    },
    {
      "Target": "Parameter",
      "Id": "Param56",
      "FadeInTime": -1.0,
      "FadeOutTime": -1.0,
      "Segments": [
        0,
        0,
        0,
        4.983,
        0
      ]
    },
    {
      "Target": "Parameter",
      "Id": "Param58",
      "FadeInTime": -1.0,
      "FadeOutTime": -1.0,
      "Segments": [
        0,
        0,
        0,
        4.983,
        0
      ]
    },
    {
      "Target": "Parameter",
      "Id": "Param20",
      "FadeInTime": -1.0,
      "FadeOutTime": -1.0,
      "Segments": [
        0,
        10,
        0,
        4.983,
        10
      ]
    },
    {
      "Target": "Parameter",
      "Id": "Param21",
      "FadeInTime": -1.0,
      "FadeOutTime": -1.0,
      "Segments": [
        0,
        0,
        0,
        4.983,
        0
      ]
    },
    {
      "Target": "Parameter",
      "Id": "Param100",
      "FadeInTime": -1.0,
      "FadeOutTime": -1.0,
      "Segments": [
        0,
        0,
        0,
        4.983,
        0
      ]
    },
    {
      "Target": "Parameter",
      "Id": "Param101",
      "FadeInTime": -1.0,
      "FadeOutTime": -1.0,
      "Segments": [
        0,
        0,
        0,
        4.983,
        0
      ]
    },
    {
      "Target": "Parameter",
      "Id": "Param102",
      "FadeInTime": -1.0,
      "FadeOutTime": -1.0,
      "Segments": [
        0,
        0,
        0,
        4.983,
        0
      ]
    },
    {
      "Target": "Parameter",
      "Id": "ParamShangBiR",
      "FadeInTime": -1.0,
      "FadeOutTime": -1.0,
      "Segments": [
        0,
        1.452,
        0,
        4.983,
        1.452
      ]
    },
    {
      "Target": "Parameter",
      "Id": "ParamA1zuoshoudonghua2",
      "FadeInTime": -1.0,
      "FadeOutTime": -1.0,
      "Segments": [
        0,
        0,
        0,
        4.983,
        0
      ]
    },
    {
      "Target": "Parameter",
      "Id": "ParamA1zuoshouxingbian2",
      "FadeInTime": -1.0,
      "FadeOutTime": -1.0,
      "Segments": [
        0,
        -5,
        0,
        4.983,
        -5
      ]
    },
    {
      "Target": "Parameter",
      "Id": "ParamA1zuoshoutuozhanxingbian2",
      "FadeInTime": -1.0,
      "FadeOutTime": -1.0,
      "Segments": [
        0,
        0,
        0,
        4.983,
        0
      ]
    },
    {
      "Target": "Parameter",
      "Id": "Param35",
      "FadeInTime": -1.0,
      "FadeOutTime": -1.0,
      "Segments": [
        0,
        0,
        0,
        4.983,
        0
      ]
    },
    {
      "Target": "Parameter",
      "Id": "Param36",
      "FadeInTime": -1.0,
      "FadeOutTime": -1.0,
      "Segments": [
        0,
        0,
        0,
        4.983,
        0
      ]
    },
    {
      "Target": "Parameter",
      "Id": "Param37",
      "FadeInTime": -1.0,
      "FadeOutTime": -1.0,
      "Segments": [
        0,
        0,
        0,
        4.983,
        0
      ]
    },
    {
      "Target": "Parameter",
      "Id": "Param70",
      "FadeInTime": -1.0,
      "FadeOutTime": -1.0,
      "Segments": [
        0,
        0,
        0,
        4.983,
        0
      ]
    },
    {
      "Target": "Parameter",
      "Id": "Param65",
      "FadeInTime": -1.0,
      "FadeOutTime": -1.0,
      "Segments": [
        0,
        1.2,
        0,
        4.983,
        1.2
      ]
    },
    {
      "Target": "Parameter",
      "Id": "Param71",
      "FadeInTime": -1.0,
      "FadeOutTime": -1.0,
      "Segments": [
        0,
        0,
        0,
        4.983,
        0
      ]
    },
    {
      "Target": "Parameter",
      "Id": "Param53",
      "FadeInTime": -1.0,
      "FadeOutTime": -1.0,
      "Segments": [
        0,
        1,
        0,
        4.983,
        1
      ]
    },
    {
      "Target": "Parameter",
      "Id": "Param60",
      "FadeInTime": -1.0,
      "FadeOutTime": -1.0,
      "Segments": [
        0,
        0,
        0,
        4.983,
        0
      ]
    },
    {
      "Target": "Parameter",
      "Id": "Param61",
      "FadeInTime": -1.0,
      "FadeOutTime": -1.0,
      "Segments": [
        0,
        0,
        0,
        4.983,
        0
      ]
    },
    {
      "Target": "Parameter",
      "Id": "Param41",
      "FadeInTime": -1.0,
      "FadeOutTime": -1.0,
      "Segments": [
        0,
        0,
        0,
        4.983,
        0
      ]
    },
    {
      "Target": "Parameter",
      "Id": "Param40",
      "FadeInTime": -1.0,
      "FadeOutTime": -1.0,
      "Segments": [
        0,
        0,
        0,
        4.983,
        0
      ]
    },
    {
      "Target": "Parameter",
      "Id": "Param91",
      "FadeInTime": -1.0,
      "FadeOutTime": -1.0,
      "Segments": [
        0,
        0,
        0,
        4.983,
        0
      ]
    },
    {
      "Target": "Parameter",
      "Id": "Param92",
      "FadeInTime": -1.0,
      "FadeOutTime": -1.0,
      "Segments": [
        0,
        0,
        0,
        4.983,
        0
      ]
    },
    {
      "Target": "Parameter",
      "Id": "Param103",
      "FadeInTime": -1.0,
      "FadeOutTime": -1.0,
      "Segments": [
        0,
        0,
        0,
        4.983,
        0
      ]
    },
    {
      "Target": "Parameter",
      "Id": "ParamDaTuiLUD",
      "FadeInTime": -1.0,
      "FadeOutTime": -1.0,
      "Segments": [
        0,
        0,
        0,
        4.983,
        0
      ]
    },
    {
      "Target": "Parameter",
      "Id": "ParamXiaoTuiLUD",
      "FadeInTime": -1.0,
      "FadeOutTime": -1.0,
      "Segments": [
        0,
        0,
        0,
        4.983,
        0
      ]
    },
    {
      "Target": "Parameter",
      "Id": "Param62",
      "FadeInTime": -1.0,
      "FadeOutTime": -1.0,
      "Segments": [
        0,
        0,
        0,
        4.983,
        0
      ]
    },
    {
      "Target": "Parameter",
      "Id": "ParamDaTuiLUD2",
      "FadeInTime": -1.0,
      "FadeOutTime": -1.0,
      "Segments": [
        0,
        0,
        0,
        4.983,
        0
      ]
    },
    {
      "Target": "Parameter",
      "Id": "ParamXiaoTuiLUD3",
      "FadeInTime": -1.0,
      "FadeOutTime": -1.0,
      "Segments": [
        0,
        0,
        0,
        4.983,
        0
      ]
    },
    {
      "Target": "Parameter",
      "Id": "ParamXiaoTuiLUD2",
      "FadeInTime": -1.0,
      "FadeOutTime": -1.0,
      "Segments": [
        0,
        5,
        0,
        4.983,
        5
      ]
    },
    {
      "Target": "Parameter",
      "Id": "Param22",
      "FadeInTime": -1.0,
      "FadeOutTime": -1.0,
      "Segments": [
        0,
        0.147,
        0,
        4.983,
        0.147
      ]
    },
    {
      "Target": "Parameter",
      "Id": "Param24",
      "FadeInTime": -1.0,
      "FadeOutTime": -1.0,
      "Segments": [
        0,
        0,
        0,
        4.983,
        0
      ]
    },
    {
      "Target": "Parameter",
      "Id": "Param23",
      "FadeInTime": -1.0,
      "FadeOutTime": -1.0,
      "Segments": [
        0,
        10,
        0,
        4.983,
        10
      ]
    },
    {
      "Target": "Parameter",
      "Id": "Param59",
      "FadeInTime": -1.0,
      "FadeOutTime": -1.0,
      "Segments": [
        0,
        0,
        0,
        4.983,
        0
      ]
    },
    {
      "Target": "Parameter",
      "Id": "ParamDaTuiRUD",
      "FadeInTime": -1.0,
      "FadeOutTime": -1.0,
      "Segments": [
        0,
        0,
        0,
        4.983,
        0
      ]
    },
    {
      "Target": "Parameter",
      "Id": "ParamXiaoTuiRUD",
      "FadeInTime": -1.0,
      "FadeOutTime": -1.0,
      "Segments": [
        0,
        0,
        0,
        4.983,
        0
      ]
    },
    {
      "Target": "Parameter",
      "Id": "Param63",
      "FadeInTime": -1.0,
      "FadeOutTime": -1.0,
      "Segments": [
        0,
        0,
        0,
        4.983,
        0
      ]
    },
    {
      "Target": "Parameter",
      "Id": "ParamXiaoTuiLUD5",
      "FadeInTime": -1.0,
      "FadeOutTime": -1.0,
      "Segments": [
        0,
        0,
        0,
        4.983,
        0
      ]
    },
    {
      "Target": "Parameter",
      "Id": "ParamDaTuiLUD3",
      "FadeInTime": -1.0,
      "FadeOutTime": -1.0,
      "Segments": [
        0,
        0,
        0,
        4.983,
        0
      ]
    },
    {
      "Target": "Parameter",
      "Id": "ParamXiaoTuiLUD4",
      "FadeInTime": -1.0,
      "FadeOutTime": -1.0,
      "Segments": [
        0,
        0,
        0,
        4.983,
        0
      ]
    },
    {
      "Target": "Parameter",
      "Id": "Param25",
      "FadeInTime": -1.0,
      "FadeOutTime": -1.0,
      "Segments": [
        0,
        0,
        0,
        4.983,
        0
      ]
    },
    {
      "Target": "Parameter",
      "Id": "Param26",
      "FadeInTime": -1.0,
      "FadeOutTime": -1.0,
      "Segments": [
        0,
        0,
        0,
        4.983,
        0
      ]
    },
    {
      "Target": "Parameter",
      "Id": "Param27",
      "FadeInTime": -1.0,
      "FadeOutTime": -1.0,
      "Segments": [
        0,
        10,
        0,
        4.983,
        10
      ]
    },
    {
      "Target": "Parameter",
      "Id": "Param",
      "FadeInTime": -1.0,
      "FadeOutTime": -1.0,
      "Segments": [
        0,
        10,
        0,
        4.983,
        10
      ]
    },
    {
      "Target": "Parameter",
      "Id": "Param2",
      "FadeInTime": -1.0,
      "FadeOutTime": -1.0,
      "Segments": [
        0,
        10,
        0,
        4.983,
        10
      ]
    },
    {
      "Target": "Parameter",
      "Id": "Param3",
      "FadeInTime": -1.0,
      "FadeOutTime": -1.0,
      "Segments": [
        0,
        10,
        0,
        4.983,
        10
      ]
    },
    {
      "Target": "Parameter",
      "Id": "Param10",
      "FadeInTime": -1.0,
      "FadeOutTime": -1.0,
      "Segments": [
        0,
        0,
        0,
        4.983,
        0
      ]
    },
    {
      "Target": "Parameter",
      "Id": "Param11",
      "FadeInTime": -1.0,
      "FadeOutTime": -1.0,
      "Segments": [
        0,
        0,
        0,
        4.983,
        0
      ]
    },
    {
      "Target": "Parameter",
      "Id": "Param_Angle_Rotation_16_ArtMesh187",
      "FadeInTime": -1.0,
      "FadeOutTime": -1.0,
      "Segments": [
        0,
        0,
        0,
        4.983,
        0
      ]
    },
    {
      "Target": "Parameter",
      "Id": "Param_Angle_Rotation_17_ArtMesh187",
      "FadeInTime": -1.0,
      "FadeOutTime": -1.0,
      "Segments": [
        0,
        0,
        0,
        4.983,
        0
      ]
    },
    {
      "Target": "Parameter",
      "Id": "Param_Angle_Rotation_17_ArtMesh188",
      "FadeInTime": -1.0,
      "FadeOutTime": -1.0,
      "Segments": [
        0,
        4.1,
        0,
        4.983,
        4.1
      ]
    }
  ],
  "UserData": [
    {
      "Time": 0.0,
      "Value": ""
    },
    {
      "Time": 4.483,
      "Value": ""
    }
  ]
}