{
  "Version": 3,
  "Meta": {
    "Duration": 5.0,
    "Fps": 60.0,
    "Loop": true,
    "AreBeziersRestricted": true,
    "FadeInTime": 0.0,
    "FadeOutTime": 0.0,
    "CurveCount": 237,
    "TotalSegmentCount": 922,
    "TotalPointCount": 1160,
    "UserDataCount": 2,
    "TotalUserDataSize": 0
  },
  "Curves": [
    {
      "Target": "Parameter",
      "Id": "Paramwuli",
      "FadeInTime": -1.0,
      "FadeOutTime": -1.0,
      "Segments": [
        0,
        0,
        0,
        0.767,
        20.403,
        0,
        1.05,
        0.066,
        0,
        1.467,
        17.828,
        0,
        1.75,
        0.066,
        0,
        2.167,
        17.828,
        0,
        2.45,
        0.066,
        0,
        3.183,
        17.828,
        0,
        3.867,
        -3.211,
        0,
        4.833,
        0,
        2,
        5,
        0
      ]
    },
    {
      "Target": "Parameter",
      "Id": "Paramwuli2",
      "FadeInTime": -1.0,
      "FadeOutTime": -1.0,
      "Segments": [
        0,
        0,
        0,
        0.767,
        20.403,
        0,
        1.05,
        0.066,
        0,
        1.467,
        17.828,
        0,
        1.75,
        0.066,
        0,
        2.167,
        17.828,
        0,
        2.45,
        0.066,
        0,
        3.183,
        17.828,
        0,
        3.867,
        -3.211,
        0,
        4.833,
        0,
        2,
        5,
        0
      ]
    },
    {
      "Target": "Parameter",
      "Id": "Paramwuli3",
      "FadeInTime": -1.0,
      "FadeOutTime": -1.0,
      "Segments": [
        0,
        0,
        0,
        0.767,
        20.403,
        0,
        1.05,
        0.066,
        0,
        1.467,
        17.828,
        0,
        1.75,
        0.066,
        0,
        2.167,
        17.828,
        0,
        2.45,
        0.066,
        0,
        3.183,
        17.828,
        0,
        3.867,
        -3.211,
        0,
        4.833,
        0,
        2,
        5,
        0
      ]
    },
    {
      "Target": "Parameter",
      "Id": "ParamRenwuX5",
      "FadeInTime": -1.0,
      "FadeOutTime": -1.0,
      "Segments": [
        0,
        5.28,
        0,
        0.767,
        4.615,
        0,
        1.05,
        4.872,
        0,
        1.467,
        4.707,
        0,
        1.75,
        4.872,
        0,
        2.167,
        4.707,
        0,
        2.433,
        4.872,
        0,
        3.183,
        4.707,
        0,
        4.85,
        5.28,
        2,
        5,
        5.28
      ]
    },
    {
      "Target": "Parameter",
      "Id": "ParamRenwuX4",
      "FadeInTime": -1.0,
      "FadeOutTime": -1.0,
      "Segments": [
        0,
        -0.5,
        0,
        2.483,
        0.5,
        0,
        4.983,
        -0.5,
        2,
        5,
        -0.5
      ]
    },
    {
      "Target": "Parameter",
      "Id": "ParamRenwuX7",
      "FadeInTime": -1.0,
      "FadeOutTime": -1.0,
      "Segments": [
        0,
        0.974,
        0,
        0.9,
        0.779,
        0,
        1.233,
        0.967,
        0,
        1.583,
        0.779,
        0,
        1.9,
        0.971,
        0,
        2.283,
        0.779,
        0,
        2.65,
        0.978,
        2,
        5,
        0.978
      ]
    },
    {
      "Target": "Parameter",
      "Id": "ParamRenwuZ",
      "FadeInTime": -1.0,
      "FadeOutTime": -1.0,
      "Segments": [
        0,
        33.463,
        0,
        2.483,
        32.984,
        0,
        4.983,
        33.463,
        2,
        5,
        33.463
      ]
    },
    {
      "Target": "Parameter",
      "Id": "ParamEyeLOpen",
      "FadeInTime": -1.0,
      "FadeOutTime": -1.0,
      "Segments": [
        0,
        1,
        2,
        0.867,
        1,
        0,
        1.083,
        0,
        2,
        3.5,
        0,
        0,
        3.817,
        1,
        2,
        5,
        1
      ]
    },
    {
      "Target": "Parameter",
      "Id": "ParamEyeROpen",
      "FadeInTime": -1.0,
      "FadeOutTime": -1.0,
      "Segments": [
        0,
        1,
        2,
        0.867,
        1,
        0,
        1.083,
        0,
        2,
        3.5,
        0,
        0,
        3.817,
        1,
        2,
        5,
        1
      ]
    },
    {
      "Target": "Parameter",
      "Id": "ParamEyeLSmile",
      "FadeInTime": -1.0,
      "FadeOutTime": -1.0,
      "Segments": [
        0,
        0,
        2,
        0.867,
        0,
        0,
        1.083,
        1,
        2,
        3.5,
        1,
        0,
        3.817,
        0,
        2,
        5,
        0
      ]
    },
    {
      "Target": "Parameter",
      "Id": "ParamEyeRSmile",
      "FadeInTime": -1.0,
      "FadeOutTime": -1.0,
      "Segments": [
        0,
        0,
        2,
        0.867,
        0,
        0,
        1.083,
        1,
        2,
        3.5,
        1,
        0,
        3.817,
        0,
        2,
        5,
        0
      ]
    },
    {
      "Target": "Parameter",
      "Id": "ParamAngleX",
      "FadeInTime": -1.0,
      "FadeOutTime": -1.0,
      "Segments": [
        0,
        -30,
        0,
        0.767,
        0,
        0,
        1.05,
        -15,
        0,
        1.467,
        0,
        0,
        1.75,
        -15,
        0,
        2.167,
        0,
        1,
        2.261,
        0,
        2.356,
        -10.413,
        2.45,
        -15,
        1,
        2.694,
        -26.873,
        2.939,
        -30,
        3.183,
        -30,
        0,
        4.05,
        0,
        0,
        4.85,
        -30,
        2,
        5,
        -30
      ]
    },
    {
      "Target": "Parameter",
      "Id": "ParamAngleY",
      "FadeInTime": -1.0,
      "FadeOutTime": -1.0,
      "Segments": [
        0,
        0,
        2,
        0.95,
        0,
        0,
        1.233,
        2,
        0,
        1.65,
        0,
        0,
        1.933,
        2,
        0,
        2.35,
        0,
        0,
        2.633,
        2,
        0,
        3.367,
        0,
        2,
        4.05,
        0,
        2,
        4.85,
        0,
        2,
        5,
        0
      ]
    },
    {
      "Target": "Parameter",
      "Id": "ParamAngleZ",
      "FadeInTime": -1.0,
      "FadeOutTime": -1.0,
      "Segments": [
        0,
        3.9,
        0,
        0.95,
        4.5,
        0,
        1.233,
        3.42,
        0,
        1.65,
        4.5,
        0,
        1.933,
        3.42,
        0,
        2.35,
        4.5,
        0,
        2.633,
        3.42,
        2,
        3.367,
        3.42,
        0,
        4.85,
        3.9,
        2,
        5,
        3.9
      ]
    },
    {
      "Target": "Parameter",
      "Id": "ParamAngleZ2",
      "FadeInTime": -1.0,
      "FadeOutTime": -1.0,
      "Segments": [
        0,
        0.25,
        0,
        0.883,
        10.51,
        0,
        1.167,
        6.91,
        0,
        1.583,
        10.51,
        0,
        1.867,
        6.91,
        0,
        2.283,
        10.51,
        0,
        2.567,
        6.91,
        2,
        3.3,
        6.91,
        0,
        4.85,
        0.25,
        2,
        5,
        0.25
      ]
    },
    {
      "Target": "Parameter",
      "Id": "ParamBodyAngleX",
      "FadeInTime": -1.0,
      "FadeOutTime": -1.0,
      "Segments": [
        0,
        -10,
        0,
        0.767,
        0,
        0,
        1.05,
        -6.232,
        0,
        1.467,
        0.013,
        0,
        1.75,
        -6.232,
        0,
        2.167,
        0.013,
        0,
        2.45,
        -6.05,
        0,
        3.183,
        0.013,
        0,
        4.85,
        -10,
        2,
        5,
        -10
      ]
    },
    {
      "Target": "Parameter",
      "Id": "ParamBodyAngleZ",
      "FadeInTime": -1.0,
      "FadeOutTime": -1.0,
      "Segments": [
        0,
        -0.09,
        1,
        0.283,
        -0.09,
        0.567,
        0.516,
        0.85,
        2.472,
        1,
        0.944,
        3.124,
        1.039,
        4.212,
        1.133,
        4.212,
        0,
        1.55,
        -0.374,
        0,
        1.833,
        3.152,
        0,
        2.25,
        0.218,
        0,
        2.533,
        3.152,
        0,
        3.283,
        -2.028,
        0,
        4.85,
        -0.09,
        2,
        5,
        -0.09
      ]
    },
    {
      "Target": "Parameter",
      "Id": "ParamBodyAngleZ2",
      "FadeInTime": -1.0,
      "FadeOutTime": -1.0,
      "Segments": [
        0,
        0,
        0,
        0.767,
        -2.78,
        0,
        1.05,
        -2.58,
        0,
        1.467,
        -2.78,
        0,
        1.75,
        -2.58,
        0,
        2.167,
        -2.78,
        0,
        2.45,
        -2.58,
        2,
        3.183,
        -2.58,
        0,
        4.85,
        0,
        2,
        5,
        0
      ]
    },
    {
      "Target": "Parameter",
      "Id": "ParamJianbangL",
      "FadeInTime": -1.0,
      "FadeOutTime": -1.0,
      "Segments": [
        0,
        -1.76,
        0,
        0.767,
        -5.769,
        0,
        1.05,
        0,
        0,
        1.467,
        -5.769,
        0,
        1.75,
        0,
        0,
        2.167,
        -5.769,
        0,
        2.45,
        0,
        0,
        3.183,
        -1.76,
        2,
        4.85,
        -1.76,
        2,
        5,
        -1.76
      ]
    },
    {
      "Target": "Parameter",
      "Id": "Param42",
      "FadeInTime": -1.0,
      "FadeOutTime": -1.0,
      "Segments": [
        0,
        0.976,
        0,
        0.767,
        -2.644,
        0,
        1.05,
        -1.984,
        0,
        1.467,
        -2.644,
        0,
        1.75,
        -1.984,
        0,
        2.167,
        -2.644,
        0,
        2.45,
        -1.984,
        2,
        3.183,
        -1.984,
        0,
        4.833,
        0.976,
        2,
        5,
        0.976
      ]
    },
    {
      "Target": "Parameter",
      "Id": "Param43",
      "FadeInTime": -1.0,
      "FadeOutTime": -1.0,
      "Segments": [
        0,
        1.257,
        0,
        0.4,
        1.833,
        0,
        0.833,
        0.002,
        0,
        1.117,
        0.557,
        0,
        1.533,
        0.077,
        0,
        1.817,
        0.557,
        0,
        2.233,
        0.077,
        0,
        2.517,
        0.557,
        2,
        3.25,
        0.557,
        0,
        3.933,
        -0.041,
        0,
        4.833,
        1.257,
        2,
        5,
        1.257
      ]
    },
    {
      "Target": "Parameter",
      "Id": "Param44",
      "FadeInTime": -1.0,
      "FadeOutTime": -1.0,
      "Segments": [
        0,
        6.46,
        0,
        0.917,
        2.24,
        0,
        1.2,
        6.42,
        0,
        1.617,
        2.24,
        0,
        1.9,
        6.42,
        0,
        2.317,
        2.24,
        0,
        2.6,
        6.42,
        2,
        3.333,
        6.42,
        0,
        4.117,
        1.077,
        0,
        4.833,
        6.46,
        2,
        5,
        6.46
      ]
    },
    {
      "Target": "Parameter",
      "Id": "Param45",
      "FadeInTime": -1.0,
      "FadeOutTime": -1.0,
      "Segments": [
        0,
        0,
        1,
        0.15,
        0,
        0.3,
        -0.318,
        0.45,
        -2,
        1,
        0.556,
        -3.184,
        0.661,
        -4.84,
        0.767,
        -4.84,
        2,
        3.183,
        -4.84,
        0,
        4.833,
        0,
        2,
        5,
        0
      ]
    },
    {
      "Target": "Parameter",
      "Id": "Param46",
      "FadeInTime": -1.0,
      "FadeOutTime": -1.0,
      "Segments": [
        0,
        0,
        0,
        0.45,
        -3,
        0,
        0.767,
        2.14,
        2,
        3.183,
        2.14,
        0,
        4.833,
        0,
        2,
        5,
        0
      ]
    },
    {
      "Target": "Parameter",
      "Id": "ParamA1zuoshoudonghua",
      "FadeInTime": -1.0,
      "FadeOutTime": -1.0,
      "Segments": [
        0,
        -8.1,
        1,
        0.311,
        -8.1,
        0.622,
        -7.56,
        0.933,
        -5,
        1,
        1.028,
        -4.223,
        1.122,
        1,
        1.217,
        1,
        0,
        1.633,
        -5,
        0,
        1.917,
        1,
        0,
        2.333,
        -5,
        0,
        2.617,
        1,
        2,
        3.35,
        1,
        0,
        4.833,
        -8.1,
        2,
        5,
        -8.1
      ]
    },
    {
      "Target": "Parameter",
      "Id": "ParamA1zuoshouxingbian",
      "FadeInTime": -1.0,
      "FadeOutTime": -1.0,
      "Segments": [
        0,
        0.4,
        0,
        0.933,
        10,
        0,
        1.217,
        9,
        0,
        1.633,
        10,
        0,
        1.917,
        9,
        0,
        2.333,
        10,
        0,
        2.617,
        9,
        2,
        3.35,
        9,
        0,
        4.833,
        0.4,
        2,
        5,
        0.4
      ]
    },
    {
      "Target": "Parameter",
      "Id": "Param20",
      "FadeInTime": -1.0,
      "FadeOutTime": -1.0,
      "Segments": [
        0,
        10,
        0,
        3.183,
        6,
        0,
        4.833,
        10,
        2,
        5,
        10
      ]
    },
    {
      "Target": "Parameter",
      "Id": "Param100",
      "FadeInTime": -1.0,
      "FadeOutTime": -1.0,
      "Segments": [
        0,
        0,
        2,
        1,
        0,
        0,
        1.2,
        10,
        0,
        1.317,
        0,
        2,
        1.667,
        0,
        0,
        1.867,
        10,
        0,
        2.033,
        0,
        2,
        2.417,
        0,
        0,
        2.617,
        10,
        0,
        4.833,
        0,
        2,
        5,
        0
      ]
    },
    {
      "Target": "Parameter",
      "Id": "ParamXiaBiR",
      "FadeInTime": -1.0,
      "FadeOutTime": -1.0,
      "Segments": [
        0,
        0.72,
        0,
        0.717,
        1.04,
        0,
        3.217,
        0.72,
        1,
        3.811,
        0.72,
        4.406,
        0.883,
        5,
        0.976
      ]
    },
    {
      "Target": "Parameter",
      "Id": "ParamSouR",
      "FadeInTime": -1.0,
      "FadeOutTime": -1.0,
      "Segments": [
        0,
        9.5,
        0,
        0.717,
        10,
        2,
        2.8,
        10,
        0,
        3.217,
        9.68,
        1,
        3.811,
        9.68,
        4.406,
        9.843,
        5,
        9.936
      ]
    },
    {
      "Target": "Parameter",
      "Id": "ParamShangBiRUD",
      "FadeInTime": -1.0,
      "FadeOutTime": -1.0,
      "Segments": [
        0,
        2.7,
        1,
        0.239,
        2.7,
        0.478,
        1.996,
        0.717,
        1.82,
        1,
        0.856,
        1.718,
        0.994,
        1.769,
        1.133,
        1.681,
        1,
        1.272,
        1.593,
        1.411,
        0.215,
        1.55,
        0.215,
        0,
        1.833,
        1.713,
        0,
        2.25,
        1.639,
        0,
        2.533,
        4.429,
        0,
        3.217,
        2.604,
        0,
        4.35,
        3.802,
        1,
        4.567,
        3.802,
        4.783,
        3.629,
        5,
        3.316
      ]
    },
    {
      "Target": "Parameter",
      "Id": "ParamXiaBiRUD",
      "FadeInTime": -1.0,
      "FadeOutTime": -1.0,
      "Segments": [
        0,
        1.9,
        0,
        0.717,
        -2,
        0,
        1.133,
        1.894,
        0,
        1.55,
        0.667,
        0,
        1.833,
        4.466,
        0,
        2.25,
        3.241,
        0,
        2.533,
        4.726,
        1,
        2.761,
        4.726,
        2.989,
        3.928,
        3.217,
        2.917,
        1,
        3.384,
        2.177,
        3.55,
        2.008,
        3.717,
        2.008,
        0,
        4.35,
        3.88,
        1,
        4.567,
        3.88,
        4.783,
        3.002,
        5,
        2.082
      ]
    },
    {
      "Target": "Parameter",
      "Id": "ParamA1zuoshouxingbian2",
      "FadeInTime": -1.0,
      "FadeOutTime": -1.0,
      "Segments": [
        0,
        -5,
        2,
        0.717,
        -5,
        0,
        1.133,
        -2.764,
        0,
        1.733,
        -5,
        0,
        2.15,
        -2.764,
        0,
        2.733,
        -5,
        0,
        3.15,
        -2.764,
        0,
        3.683,
        -5,
        2,
        5,
        -5
      ]
    },
    {
      "Target": "Parameter",
      "Id": "ParamDaTuiL",
      "FadeInTime": -1.0,
      "FadeOutTime": -1.0,
      "Segments": [
        0,
        -0.314,
        0,
        0.3,
        -0.299,
        0,
        2.8,
        -0.599,
        1,
        3.533,
        -0.599,
        4.267,
        -0.474,
        5,
        -0.314
      ]
    },
    {
      "Target": "Parameter",
      "Id": "ParamXiaoTuiL",
      "FadeInTime": -1.0,
      "FadeOutTime": -1.0,
      "Segments": [
        0,
        6.426,
        0,
        0.717,
        6.904,
        0,
        3.217,
        4.686,
        1,
        3.811,
        4.686,
        4.406,
        5.402,
        5,
        6.426
      ]
    },
    {
      "Target": "Parameter",
      "Id": "ParamJiaoL",
      "FadeInTime": -1.0,
      "FadeOutTime": -1.0,
      "Segments": [
        0,
        0.496,
        0,
        1.133,
        1.774,
        0,
        3.633,
        -2.121,
        1,
        4.089,
        -2.121,
        4.544,
        -0.829,
        5,
        0.496
      ]
    },
    {
      "Target": "Parameter",
      "Id": "ParamDaTuiR",
      "FadeInTime": -1.0,
      "FadeOutTime": -1.0,
      "Segments": [
        0,
        4.267,
        0,
        0.717,
        4.502,
        0,
        3.217,
        3.409,
        1,
        3.811,
        3.409,
        4.406,
        3.762,
        5,
        4.267
      ]
    },
    {
      "Target": "Parameter",
      "Id": "ParamXiaoTuiR",
      "FadeInTime": -1.0,
      "FadeOutTime": -1.0,
      "Segments": [
        0,
        4.733,
        0,
        1.133,
        5,
        0,
        3.633,
        4.407,
        1,
        4.089,
        4.407,
        4.544,
        4.517,
        5,
        4.733
      ]
    },
    {
      "Target": "Parameter",
      "Id": "ParamJiaoR",
      "FadeInTime": -1.0,
      "FadeOutTime": -1.0,
      "Segments": [
        0,
        -0.173,
        0,
        1.55,
        1.728,
        0,
        4.05,
        -1.006,
        1,
        4.367,
        -1.006,
        4.683,
        -0.848,
        5,
        -0.173
      ]
    },
    {
      "Target": "Parameter",
      "Id": "ParamOPRX1",
      "FadeInTime": -1.0,
      "FadeOutTime": -1.0,
      "Segments": [
        0,
        0,
        0,
        0.25,
        -4.777,
        0,
        0.933,
        14.501,
        0,
        1.2,
        -19.08,
        0,
        1.583,
        16.669,
        0,
        1.867,
        -19.328,
        0,
        2.283,
        15.619,
        0,
        2.55,
        -15.835,
        0,
        2.833,
        4.321,
        0,
        3.067,
        -2.399,
        0,
        3.35,
        4.722,
        0,
        3.917,
        -0.892,
        0,
        4.183,
        0.8,
        0,
        4.467,
        -0.204,
        0,
        4.7,
        0.076,
        0,
        4.917,
        -0.198,
        1,
        4.945,
        -0.197,
        4.972,
        -0.169,
        5,
        -0.13
      ]
    },
    {
      "Target": "Parameter",
      "Id": "ParamOPRY1",
      "FadeInTime": -1.0,
      "FadeOutTime": -1.0,
      "Segments": [
        0,
        30,
        0,
        0.25,
        23.772,
        0,
        0.933,
        30,
        0,
        1.2,
        9.469,
        0,
        1.583,
        30,
        0,
        1.867,
        9.221,
        0,
        2.283,
        30,
        0,
        2.55,
        12.713,
        0,
        2.833,
        30,
        0,
        3.067,
        26.149,
        0,
        3.35,
        30,
        0,
        3.917,
        27.657,
        1,
        4.006,
        27.657,
        4.094,
        29.168,
        4.183,
        29.349,
        1,
        4.455,
        29.902,
        4.728,
        30,
        5,
        30
      ]
    },
    {
      "Target": "Parameter",
      "Id": "ParamOPRY2",
      "FadeInTime": -1.0,
      "FadeOutTime": -1.0,
      "Segments": [
        0,
        0,
        0,
        0.15,
        1.987,
        0,
        0.45,
        -6.106,
        0,
        0.75,
        -0.613,
        0,
        0.883,
        -6.042,
        0,
        1.1,
        24.529,
        0,
        1.367,
        -26.137,
        0,
        1.767,
        26.593,
        0,
        2.05,
        -26.373,
        0,
        2.467,
        24.485,
        0,
        2.733,
        -21.775,
        0,
        3,
        9.474,
        0,
        3.25,
        -7.358,
        0,
        3.533,
        6.852,
        0,
        3.817,
        -0.313,
        0,
        3.933,
        0.447,
        0,
        4.1,
        -0.49,
        0,
        4.35,
        1.284,
        0,
        4.633,
        -0.366,
        0,
        4.883,
        0.371,
        1,
        4.922,
        0.371,
        4.961,
        0.207,
        5,
        0.042
      ]
    },
    {
      "Target": "Parameter",
      "Id": "ParamOPLX1",
      "FadeInTime": -1.0,
      "FadeOutTime": -1.0,
      "Segments": [
        0,
        0,
        0,
        0.283,
        3.148,
        0,
        0.567,
        -3.39,
        0,
        0.8,
        0.513,
        0,
        1,
        -8.282,
        0,
        1.217,
        20.638,
        0,
        1.483,
        -24.347,
        0,
        1.833,
        23.811,
        0,
        2.15,
        -24.412,
        0,
        2.533,
        20.413,
        0,
        2.833,
        -20.341,
        0,
        3.117,
        13.938,
        0,
        3.383,
        -10.552,
        0,
        3.667,
        6.703,
        0,
        3.933,
        -2.963,
        0,
        4.167,
        0.275,
        0,
        4.3,
        0.028,
        0,
        4.5,
        0.616,
        0,
        4.75,
        -0.582,
        1,
        4.833,
        -0.582,
        4.917,
        0.322,
        5,
        0.435
      ]
    },
    {
      "Target": "Parameter",
      "Id": "ParamTuiRou1",
      "FadeInTime": -1.0,
      "FadeOutTime": -1.0,
      "Segments": [
        0,
        0,
        2,
        1.05,
        0,
        0,
        1.2,
        -19.581,
        0,
        1.35,
        8.152,
        0,
        1.533,
        -8.155,
        0,
        1.733,
        3.904,
        0,
        1.867,
        -19.581,
        0,
        2.017,
        8.152,
        0,
        2.2,
        -8.154,
        0,
        2.4,
        3.904,
        0,
        2.55,
        -19.581,
        0,
        2.7,
        8.152,
        0,
        2.883,
        -8.154,
        0,
        3.083,
        3.904,
        1,
        3.722,
        3.904,
        4.361,
        2.855,
        5,
        0
      ]
    },
    {
      "Target": "Parameter",
      "Id": "ParamTuiRou2",
      "FadeInTime": -1.0,
      "FadeOutTime": -1.0,
      "Segments": [
        0,
        0,
        2,
        1.133,
        0,
        0,
        1.283,
        -30,
        0,
        1.433,
        9.152,
        0,
        1.617,
        -17.573,
        0,
        1.817,
        2.904,
        0,
        1.95,
        -30,
        0,
        2.1,
        9.152,
        0,
        2.283,
        -17.573,
        0,
        2.483,
        2.904,
        0,
        2.633,
        -30,
        0,
        2.783,
        9.152,
        0,
        2.967,
        -17.573,
        0,
        3.167,
        2.904,
        0,
        5,
        0
      ]
    },
    {
      "Target": "Parameter",
      "Id": "Param29",
      "FadeInTime": -1.0,
      "FadeOutTime": -1.0,
      "Segments": [
        0,
        0,
        0,
        0.233,
        -0.982,
        0,
        0.933,
        3.049,
        0,
        1.183,
        -4.046,
        0,
        1.583,
        3.391,
        0,
        1.867,
        -3.985,
        0,
        2.283,
        3.156,
        0,
        2.55,
        -3.265,
        0,
        2.833,
        0.913,
        0,
        3.067,
        -0.508,
        0,
        3.367,
        1.19,
        0,
        3.917,
        -0.504,
        0,
        4.183,
        0.157,
        0,
        4.433,
        -0.141,
        0,
        4.767,
        0.09,
        1,
        4.845,
        0.09,
        4.922,
        -0.042,
        5,
        -0.089
      ]
    },
    {
      "Target": "Parameter",
      "Id": "Param30",
      "FadeInTime": -1.0,
      "FadeOutTime": -1.0,
      "Segments": [
        0,
        0,
        0,
        0.167,
        0.659,
        0,
        0.417,
        -1.298,
        0,
        0.7,
        0.014,
        0,
        0.883,
        -1.463,
        0,
        1.117,
        5.47,
        0,
        1.383,
        -5.946,
        0,
        1.767,
        5.808,
        0,
        2.05,
        -5.893,
        0,
        2.467,
        5.271,
        0,
        2.733,
        -4.748,
        0,
        3,
        2.123,
        0,
        3.267,
        -1.646,
        0,
        3.55,
        1.745,
        0,
        3.85,
        -0.097,
        0,
        3.9,
        -0.062,
        0,
        4.083,
        -0.461,
        0,
        4.35,
        0.306,
        0,
        4.617,
        -0.28,
        0,
        4.983,
        0.244,
        1,
        4.989,
        0.244,
        4.994,
        0.242,
        5,
        0.238
      ]
    },
    {
      "Target": "Parameter",
      "Id": "ParamQianFa1_1",
      "FadeInTime": -1.0,
      "FadeOutTime": -1.0,
      "Segments": [
        0,
        0,
        0,
        0.233,
        -4.326,
        0,
        0.583,
        1.855,
        0,
        0.683,
        1.718,
        0,
        0.933,
        12.733,
        0,
        1.183,
        -20.763,
        0,
        1.533,
        16.773,
        0,
        1.85,
        -21.119,
        0,
        2.167,
        14.176,
        0,
        2.533,
        -14.48,
        0,
        2.8,
        6.895,
        0,
        3.05,
        -4.244,
        0,
        3.317,
        4.149,
        0,
        3.6,
        -2.454,
        0,
        3.833,
        -0.029,
        0,
        3.933,
        -0.453,
        0,
        4.217,
        2.191,
        0,
        4.533,
        -0.4,
        0,
        4.667,
        -0.153,
        0,
        4.9,
        -1.245,
        1,
        4.933,
        -1.245,
        4.967,
        -0.961,
        5,
        -0.606
      ]
    },
    {
      "Target": "Parameter",
      "Id": "ParamQianFa1_2",
      "FadeInTime": -1.0,
      "FadeOutTime": -1.0,
      "Segments": [
        0,
        0,
        0,
        0.15,
        1.888,
        0,
        0.433,
        -7.42,
        0,
        0.733,
        -0.24,
        0,
        0.883,
        -5.797,
        0,
        1.1,
        24.941,
        0,
        1.367,
        -28.361,
        0,
        1.733,
        25.777,
        0,
        2.017,
        -27.471,
        0,
        2.417,
        19.686,
        0,
        2.717,
        -18.445,
        0,
        2.983,
        11.639,
        0,
        3.233,
        -9.47,
        0,
        3.5,
        7.514,
        0,
        3.767,
        -3.834,
        0,
        3.983,
        0.15,
        0,
        4.15,
        -1.36,
        0,
        4.417,
        3.13,
        0,
        4.683,
        0.31,
        0,
        4.867,
        1.301,
        1,
        4.911,
        1.301,
        4.956,
        0.352,
        5,
        -0.461
      ]
    },
    {
      "Target": "Parameter",
      "Id": "ParamQianFa1_3",
      "FadeInTime": -1.0,
      "FadeOutTime": -1.0,
      "Segments": [
        0,
        0,
        0,
        0.283,
        2.87,
        0,
        0.55,
        -4.63,
        0,
        0.8,
        1.858,
        0,
        1,
        -7.53,
        0,
        1.2,
        21.316,
        0,
        1.467,
        -27.853,
        0,
        1.8,
        25.073,
        0,
        2.117,
        -26.718,
        0,
        2.467,
        17.88,
        0,
        2.817,
        -19.147,
        0,
        3.083,
        16.028,
        0,
        3.367,
        -12.745,
        0,
        3.633,
        9.734,
        0,
        3.883,
        -5.947,
        0,
        4.133,
        1.947,
        0,
        4.333,
        -1.242,
        0,
        4.55,
        1.774,
        0,
        4.8,
        -0.985,
        0,
        5,
        0.966
      ]
    },
    {
      "Target": "Parameter",
      "Id": "ParamQianFa1_4",
      "FadeInTime": -1.0,
      "FadeOutTime": -1.0,
      "Segments": [
        0,
        0,
        0,
        0.367,
        3.026,
        0,
        0.65,
        -5.891,
        0,
        0.883,
        2.646,
        0,
        1.083,
        -6.567,
        0,
        1.283,
        21.481,
        0,
        1.517,
        -30,
        2,
        1.567,
        -30,
        0,
        1.833,
        30,
        2,
        1.883,
        30,
        0,
        2.15,
        -30,
        2,
        2.217,
        -30,
        0,
        2.533,
        25.813,
        0,
        2.883,
        -24.664,
        0,
        3.183,
        22.425,
        0,
        3.467,
        -18.849,
        0,
        3.733,
        15.157,
        0,
        4,
        -10.305,
        0,
        4.267,
        4.513,
        0,
        4.483,
        -1.708,
        0,
        4.7,
        1.903,
        0,
        4.933,
        -1.255,
        1,
        4.955,
        -1.255,
        4.978,
        -1.012,
        5,
        -0.688
      ]
    },
    {
      "Target": "Parameter",
      "Id": "ParamQianFa2_1",
      "FadeInTime": -1.0,
      "FadeOutTime": -1.0,
      "Segments": [
        0,
        0,
        0,
        0.25,
        -5.032,
        0,
        0.617,
        2.853,
        0,
        0.733,
        2.671,
        0,
        0.933,
        13.713,
        0,
        1.2,
        -22.698,
        0,
        1.567,
        22.356,
        0,
        1.883,
        -26.165,
        0,
        2.233,
        21.139,
        0,
        2.55,
        -19.709,
        0,
        2.85,
        9.866,
        0,
        3.133,
        -5.506,
        0,
        3.4,
        4.8,
        0,
        3.717,
        -3.577,
        0,
        4.133,
        2.839,
        0,
        4.483,
        -0.286,
        0,
        4.65,
        0.04,
        0,
        4.9,
        -1.573,
        1,
        4.933,
        -1.573,
        4.967,
        -1.254,
        5,
        -0.841
      ]
    },
    {
      "Target": "Parameter",
      "Id": "ParamQianFa2_2",
      "FadeInTime": -1.0,
      "FadeOutTime": -1.0,
      "Segments": [
        0,
        0,
        0,
        0.167,
        2.261,
        0,
        0.467,
        -8.122,
        0,
        0.767,
        0.064,
        0,
        0.9,
        -5.835,
        0,
        1.117,
        24.799,
        0,
        1.4,
        -28.088,
        0,
        1.75,
        30,
        2,
        1.767,
        30,
        0,
        2.067,
        -29.645,
        0,
        2.45,
        26.658,
        0,
        2.75,
        -21.866,
        0,
        3.033,
        13.786,
        0,
        3.317,
        -10.292,
        0,
        3.6,
        8.201,
        0,
        3.917,
        -4.714,
        0,
        4.333,
        3.076,
        0,
        4.617,
        0.414,
        0,
        4.85,
        1.847,
        1,
        4.9,
        1.847,
        4.95,
        0.635,
        5,
        -0.425
      ]
    },
    {
      "Target": "Parameter",
      "Id": "ParamQianFa2_3",
      "FadeInTime": -1.0,
      "FadeOutTime": -1.0,
      "Segments": [
        0,
        0,
        0,
        0.283,
        2.938,
        0,
        0.583,
        -4.961,
        0,
        0.817,
        1.497,
        0,
        1.017,
        -6.294,
        0,
        1.217,
        19.939,
        0,
        1.483,
        -26.461,
        0,
        1.817,
        28.071,
        0,
        2.133,
        -28.13,
        0,
        2.5,
        23.403,
        0,
        2.833,
        -22.663,
        0,
        3.133,
        18.035,
        0,
        3.417,
        -13.842,
        0,
        3.717,
        10.495,
        0,
        4,
        -6.701,
        0,
        4.35,
        3.02,
        0,
        4.683,
        -1.401,
        0,
        4.967,
        1.619,
        1,
        4.978,
        1.619,
        4.989,
        1.563,
        5,
        1.464
      ]
    },
    {
      "Target": "Parameter",
      "Id": "ParamQianFa2_4",
      "FadeInTime": -1.0,
      "FadeOutTime": -1.0,
      "Segments": [
        0,
        0,
        0,
        0.383,
        3.114,
        0,
        0.683,
        -6.283,
        0,
        0.917,
        2.201,
        0,
        1.1,
        -4.579,
        0,
        1.3,
        19.944,
        0,
        1.55,
        -30,
        2,
        1.583,
        -30,
        0,
        1.85,
        30,
        2,
        1.917,
        30,
        0,
        2.167,
        -30,
        2,
        2.25,
        -30,
        0,
        2.567,
        30,
        0,
        2.917,
        -29.284,
        0,
        3.233,
        25.22,
        0,
        3.533,
        -20.525,
        0,
        3.817,
        16.484,
        0,
        4.117,
        -11.809,
        0,
        4.433,
        6.397,
        0,
        4.75,
        -3.001,
        1,
        4.833,
        -3.001,
        4.917,
        0.805,
        5,
        2.073
      ]
    },
    {
      "Target": "Parameter",
      "Id": "ParamQianFa3_1",
      "FadeInTime": -1.0,
      "FadeOutTime": -1.0,
      "Segments": [
        0,
        0,
        0,
        0.25,
        -5.032,
        0,
        0.617,
        2.853,
        0,
        0.733,
        2.671,
        0,
        0.933,
        13.713,
        0,
        1.2,
        -22.698,
        0,
        1.567,
        22.356,
        0,
        1.883,
        -26.165,
        0,
        2.233,
        21.139,
        0,
        2.55,
        -19.709,
        0,
        2.85,
        9.866,
        0,
        3.133,
        -5.506,
        0,
        3.4,
        4.8,
        0,
        3.717,
        -3.577,
        0,
        4.133,
        2.839,
        0,
        4.483,
        -0.286,
        0,
        4.65,
        0.04,
        0,
        4.9,
        -1.573,
        1,
        4.933,
        -1.573,
        4.967,
        -1.254,
        5,
        -0.841
      ]
    },
    {
      "Target": "Parameter",
      "Id": "ParamQianFa3_2",
      "FadeInTime": -1.0,
      "FadeOutTime": -1.0,
      "Segments": [
        0,
        0,
        0,
        0.167,
        2.261,
        0,
        0.467,
        -8.122,
        0,
        0.767,
        0.064,
        0,
        0.9,
        -5.835,
        0,
        1.117,
        24.799,
        0,
        1.4,
        -28.088,
        0,
        1.75,
        30,
        2,
        1.767,
        30,
        0,
        2.067,
        -29.645,
        0,
        2.45,
        26.658,
        0,
        2.75,
        -21.866,
        0,
        3.033,
        13.786,
        0,
        3.317,
        -10.292,
        0,
        3.6,
        8.201,
        0,
        3.917,
        -4.714,
        0,
        4.333,
        3.076,
        0,
        4.617,
        0.414,
        0,
        4.85,
        1.847,
        1,
        4.9,
        1.847,
        4.95,
        0.635,
        5,
        -0.425
      ]
    },
    {
      "Target": "Parameter",
      "Id": "ParamQianFa3_3",
      "FadeInTime": -1.0,
      "FadeOutTime": -1.0,
      "Segments": [
        0,
        0,
        0,
        0.283,
        2.938,
        0,
        0.583,
        -4.961,
        0,
        0.817,
        1.497,
        0,
        1.017,
        -6.294,
        0,
        1.217,
        19.939,
        0,
        1.483,
        -26.461,
        0,
        1.817,
        28.071,
        0,
        2.133,
        -28.13,
        0,
        2.5,
        23.403,
        0,
        2.833,
        -22.663,
        0,
        3.133,
        18.035,
        0,
        3.417,
        -13.842,
        0,
        3.717,
        10.495,
        0,
        4,
        -6.701,
        0,
        4.35,
        3.02,
        0,
        4.683,
        -1.401,
        0,
        4.967,
        1.619,
        1,
        4.978,
        1.619,
        4.989,
        1.563,
        5,
        1.464
      ]
    },
    {
      "Target": "Parameter",
      "Id": "ParamQianFa3_4",
      "FadeInTime": -1.0,
      "FadeOutTime": -1.0,
      "Segments": [
        0,
        0,
        0,
        0.383,
        3.114,
        0,
        0.683,
        -6.283,
        0,
        0.917,
        2.201,
        0,
        1.1,
        -4.579,
        0,
        1.3,
        19.944,
        0,
        1.55,
        -30,
        2,
        1.583,
        -30,
        0,
        1.85,
        30,
        2,
        1.917,
        30,
        0,
        2.167,
        -30,
        2,
        2.25,
        -30,
        0,
        2.567,
        30,
        0,
        2.917,
        -29.284,
        0,
        3.233,
        25.22,
        0,
        3.533,
        -20.525,
        0,
        3.817,
        16.484,
        0,
        4.117,
        -11.809,
        0,
        4.433,
        6.397,
        0,
        4.75,
        -3.001,
        1,
        4.833,
        -3.001,
        4.917,
        0.805,
        5,
        2.073
      ]
    },
    {
      "Target": "Parameter",
      "Id": "Param19",
      "FadeInTime": -1.0,
      "FadeOutTime": -1.0,
      "Segments": [
        0,
        0,
        1,
        1.667,
        6.861,
        3.333,
        13.722,
        5,
        20.583
      ]
    },
    {
      "Target": "Parameter",
      "Id": "Param16",
      "FadeInTime": -1.0,
      "FadeOutTime": -1.0,
      "Segments": [
        0,
        0,
        0,
        3.183,
        9,
        1,
        3.789,
        9,
        4.394,
        6.188,
        5,
        3.708
      ]
    },
    {
      "Target": "Parameter",
      "Id": "Param14",
      "FadeInTime": -1.0,
      "FadeOutTime": -1.0,
      "Segments": [
        0,
        0,
        1,
        1.667,
        0.858,
        3.333,
        1.715,
        5,
        2.573
      ]
    },
    {
      "Target": "Parameter",
      "Id": "Param15",
      "FadeInTime": -1.0,
      "FadeOutTime": -1.0,
      "Segments": [
        0,
        0,
        2,
        1.517,
        0,
        0,
        1.6,
        10,
        0,
        1.7,
        8.228,
        0,
        1.8,
        10,
        0,
        1.917,
        7.31,
        1,
        1.95,
        7.31,
        1.984,
        9.944,
        2.017,
        9.948,
        1,
        2.372,
        9.986,
        2.728,
        10,
        3.083,
        10,
        0,
        3.183,
        6.706,
        0,
        3.267,
        10,
        0,
        3.367,
        8.215,
        0,
        3.483,
        9.995,
        1,
        3.933,
        9.999,
        4.383,
        10,
        4.833,
        10,
        0,
        4.933,
        6.706,
        1,
        4.955,
        6.706,
        4.978,
        8.814,
        5,
        9.657
      ]
    },
    {
      "Target": "Parameter",
      "Id": "Param18",
      "FadeInTime": -1.0,
      "FadeOutTime": -1.0,
      "Segments": [
        0,
        5,
        1,
        1.667,
        5.858,
        3.333,
        6.715,
        5,
        7.573
      ]
    },
    {
      "Target": "Parameter",
      "Id": "Param17",
      "FadeInTime": -1.0,
      "FadeOutTime": -1.0,
      "Segments": [
        0,
        0,
        2,
        1.05,
        0,
        0,
        1.133,
        10,
        0,
        1.233,
        8.228,
        0,
        1.317,
        10,
        0,
        1.45,
        7.31,
        1,
        1.483,
        7.31,
        1.517,
        9.943,
        1.55,
        9.948,
        1,
        1.828,
        9.987,
        2.105,
        10,
        2.383,
        10,
        0,
        2.483,
        6.706,
        0,
        2.55,
        10,
        0,
        2.667,
        8.215,
        0,
        2.767,
        9.995,
        1,
        3.122,
        9.999,
        3.478,
        10,
        3.833,
        10,
        0,
        3.95,
        6.706,
        0,
        4.017,
        10,
        0,
        4.117,
        8.215,
        0,
        4.217,
        9.995,
        1,
        4.478,
        9.997,
        4.739,
        9.999,
        5,
        9.999
      ]
    },
    {
      "Target": "Parameter",
      "Id": "Param6",
      "FadeInTime": -1.0,
      "FadeOutTime": -1.0,
      "Segments": [
        0,
        2.91,
        0,
        3.217,
        -2.913,
        1,
        3.811,
        -2.913,
        4.406,
        -1.141,
        5,
        0.449
      ]
    },
    {
      "Target": "Parameter",
      "Id": "Param7",
      "FadeInTime": -1.0,
      "FadeOutTime": -1.0,
      "Segments": [
        0,
        2,
        0,
        1.05,
        4.016,
        0,
        4.283,
        -4.016,
        1,
        4.522,
        -4.016,
        4.761,
        -3.625,
        5,
        -3.017
      ]
    },
    {
      "Target": "Parameter",
      "Id": "Param8",
      "FadeInTime": -1.0,
      "FadeOutTime": -1.0,
      "Segments": [
        0,
        -2.32,
        0,
        2.117,
        4.987,
        1,
        3.078,
        4.987,
        4.039,
        -2.863,
        5,
        -4.635
      ]
    },
    {
      "Target": "Parameter",
      "Id": "Param9",
      "FadeInTime": -1.0,
      "FadeOutTime": -1.0,
      "Segments": [
        0,
        -7.74,
        0,
        3.217,
        7.743,
        1,
        3.811,
        7.743,
        4.406,
        3.032,
        5,
        -1.193
      ]
    },
    {
      "Target": "Parameter",
      "Id": "Param12",
      "FadeInTime": -1.0,
      "FadeOutTime": -1.0,
      "Segments": [
        0,
        0,
        1,
        1.667,
        0.858,
        3.333,
        1.715,
        5,
        2.573
      ]
    },
    {
      "Target": "Parameter",
      "Id": "Param13",
      "FadeInTime": -1.0,
      "FadeOutTime": -1.0,
      "Segments": [
        0,
        5,
        1,
        1.667,
        5.858,
        3.333,
        6.715,
        5,
        7.573
      ]
    },
    {
      "Target": "Parameter",
      "Id": "MB_wutixialuoxunhuan",
      "FadeInTime": -1.0,
      "FadeOutTime": -1.0,
      "Segments": [
        0,
        0,
        1,
        1.667,
        0.257,
        3.333,
        0.515,
        5,
        0.772
      ]
    },
    {
      "Target": "Parameter",
      "Id": "MB_wutixialuojiaodu",
      "FadeInTime": -1.0,
      "FadeOutTime": -1.0,
      "Segments": [
        0,
        0,
        1,
        1.667,
        0.345,
        3.333,
        0.689,
        5,
        1.034
      ]
    },
    {
      "Target": "Parameter",
      "Id": "MB_Awutifanzhuan",
      "FadeInTime": -1.0,
      "FadeOutTime": -1.0,
      "Segments": [
        0,
        0,
        0,
        2.233,
        1,
        0,
        4.7,
        0,
        1,
        4.8,
        0,
        4.9,
        0.014,
        5,
        0.04
      ]
    },
    {
      "Target": "Parameter",
      "Id": "MB_Awutidaxiao",
      "FadeInTime": -1.0,
      "FadeOutTime": -1.0,
      "Segments": [
        0,
        0,
        0,
        4.7,
        0.1,
        1,
        4.8,
        0.1,
        4.9,
        0.1,
        5,
        0.099
      ]
    },
    {
      "Target": "Parameter",
      "Id": "MB_Awutijiaodu",
      "FadeInTime": -1.0,
      "FadeOutTime": -1.0,
      "Segments": [
        0,
        1,
        0,
        4.7,
        0.307,
        1,
        4.8,
        0.307,
        4.9,
        0.31,
        5,
        0.314
      ]
    },
    {
      "Target": "Parameter",
      "Id": "MB_Bwutifanzhuan",
      "FadeInTime": -1.0,
      "FadeOutTime": -1.0,
      "Segments": [
        0,
        1,
        0,
        4.7,
        -1,
        1,
        4.8,
        -1,
        4.9,
        -0.993,
        5,
        -0.979
      ]
    },
    {
      "Target": "Parameter",
      "Id": "MB_Bwutidaxiao",
      "FadeInTime": -1.0,
      "FadeOutTime": -1.0,
      "Segments": [
        0,
        0,
        0,
        4.7,
        0.1,
        1,
        4.8,
        0.1,
        4.9,
        0.1,
        5,
        0.099
      ]
    },
    {
      "Target": "Parameter",
      "Id": "MB_Bwutijiaodu",
      "FadeInTime": -1.0,
      "FadeOutTime": -1.0,
      "Segments": [
        0,
        0,
        0,
        2.283,
        1,
        1,
        3.089,
        1,
        3.894,
        0.655,
        4.7,
        0,
        1,
        4.8,
        -0.081,
        4.9,
        -0.158,
        5,
        -0.229
      ]
    },
    {
      "Target": "Parameter",
      "Id": "MB_Cwutifanzhuan",
      "FadeInTime": -1.0,
      "FadeOutTime": -1.0,
      "Segments": [
        0,
        0,
        0,
        2.283,
        1,
        1,
        3.089,
        1,
        3.894,
        0.655,
        4.7,
        0,
        1,
        4.8,
        -0.081,
        4.9,
        -0.158,
        5,
        -0.229
      ]
    },
    {
      "Target": "Parameter",
      "Id": "MB_Cwutidaxiao",
      "FadeInTime": -1.0,
      "FadeOutTime": -1.0,
      "Segments": [
        0,
        0,
        0,
        4.7,
        -0.1,
        1,
        4.8,
        -0.1,
        4.9,
        -0.1,
        5,
        -0.099
      ]
    },
    {
      "Target": "Parameter",
      "Id": "MB_Cwutijiaodu",
      "FadeInTime": -1.0,
      "FadeOutTime": -1.0,
      "Segments": [
        0,
        -1,
        0,
        4.7,
        -0.142,
        1,
        4.8,
        -0.142,
        4.9,
        -0.145,
        5,
        -0.151
      ]
    },
    {
      "Target": "Parameter",
      "Id": "Param_Angle_Rotation_1_ArtMesh186",
      "FadeInTime": -1.0,
      "FadeOutTime": -1.0,
      "Segments": [
        0,
        0.99,
        0,
        3.217,
        -0.992,
        1,
        3.811,
        -0.992,
        4.406,
        -0.388,
        5,
        0.153
      ]
    },
    {
      "Target": "Parameter",
      "Id": "Param_Angle_Rotation_2_ArtMesh186",
      "FadeInTime": -1.0,
      "FadeOutTime": -1.0,
      "Segments": [
        0,
        0.91,
        0,
        0.35,
        0.992,
        0,
        3.6,
        -0.992,
        1,
        4.067,
        -0.992,
        4.533,
        -0.624,
        5,
        -0.205
      ]
    },
    {
      "Target": "Parameter",
      "Id": "Param_Angle_Rotation_3_ArtMesh186",
      "FadeInTime": -1.0,
      "FadeOutTime": -1.0,
      "Segments": [
        0,
        0.68,
        0,
        0.767,
        0.992,
        0,
        4.017,
        -0.992,
        1,
        4.345,
        -0.992,
        4.672,
        -0.81,
        5,
        -0.557
      ]
    },
    {
      "Target": "Parameter",
      "Id": "Param_Angle_Rotation_4_ArtMesh186",
      "FadeInTime": -1.0,
      "FadeOutTime": -1.0,
      "Segments": [
        0,
        0.38,
        0,
        1.167,
        1.016,
        0,
        4.417,
        -1.016,
        1,
        4.611,
        -1.016,
        4.806,
        -0.95,
        5,
        -0.841
      ]
    },
    {
      "Target": "Parameter",
      "Id": "Param_Angle_Rotation_5_ArtMesh186",
      "FadeInTime": -1.0,
      "FadeOutTime": -1.0,
      "Segments": [
        0,
        0,
        0,
        1.583,
        1.016,
        0,
        4.833,
        -1.016,
        1,
        4.889,
        -1.016,
        4.944,
        -1.011,
        5,
        -1
      ]
    },
    {
      "Target": "Parameter",
      "Id": "Param_Angle_Rotation_6_ArtMesh186",
      "FadeInTime": -1.0,
      "FadeOutTime": -1.0,
      "Segments": [
        0,
        -0.36,
        0,
        1.983,
        1.016,
        1,
        2.989,
        1.016,
        3.994,
        -0.735,
        5,
        -0.986
      ]
    },
    {
      "Target": "Parameter",
      "Id": "Param_Angle_Rotation_7_ArtMesh186",
      "FadeInTime": -1.0,
      "FadeOutTime": -1.0,
      "Segments": [
        0,
        -0.7,
        0,
        2.4,
        1.016,
        1,
        3.267,
        1.016,
        4.133,
        -0.284,
        5,
        -0.805
      ]
    },
    {
      "Target": "Parameter",
      "Id": "Param_Angle_Rotation_8_ArtMesh186",
      "FadeInTime": -1.0,
      "FadeOutTime": -1.0,
      "Segments": [
        0,
        -0.92,
        0,
        2.8,
        1.016,
        1,
        3.533,
        1.016,
        4.267,
        0.075,
        5,
        -0.526
      ]
    },
    {
      "Target": "Parameter",
      "Id": "Param_Angle_Rotation_9_ArtMesh186",
      "FadeInTime": -1.0,
      "FadeOutTime": -1.0,
      "Segments": [
        0,
        -1.02,
        0,
        3.217,
        1.016,
        1,
        3.811,
        1.016,
        4.406,
        0.398,
        5,
        -0.157
      ]
    },
    {
      "Target": "Parameter",
      "Id": "Param_Angle_Rotation_10_ArtMesh186",
      "FadeInTime": -1.0,
      "FadeOutTime": -1.0,
      "Segments": [
        0,
        -0.93,
        0,
        0.35,
        -1.016,
        0,
        3.6,
        1.016,
        1,
        4.067,
        1.016,
        4.533,
        0.639,
        5,
        0.21
      ]
    },
    {
      "Target": "Parameter",
      "Id": "Param_Angle_Rotation_11_ArtMesh186",
      "FadeInTime": -1.0,
      "FadeOutTime": -1.0,
      "Segments": [
        0,
        -2.06,
        0,
        0.767,
        -3,
        0,
        4.017,
        3,
        1,
        4.345,
        3,
        4.672,
        2.451,
        5,
        1.685
      ]
    },
    {
      "Target": "Parameter",
      "Id": "Param_Angle_Rotation_12_ArtMesh186",
      "FadeInTime": -1.0,
      "FadeOutTime": -1.0,
      "Segments": [
        0,
        -1.13,
        0,
        1.167,
        -3,
        0,
        4.417,
        3,
        1,
        4.611,
        3,
        4.806,
        2.805,
        5,
        2.485
      ]
    },
    {
      "Target": "Parameter",
      "Id": "Param_Angle_Rotation_13_ArtMesh186",
      "FadeInTime": -1.0,
      "FadeOutTime": -1.0,
      "Segments": [
        0,
        0,
        0,
        1.583,
        -3,
        0,
        4.833,
        3,
        1,
        4.889,
        3,
        4.944,
        2.984,
        5,
        2.954
      ]
    },
    {
      "Target": "Parameter",
      "Id": "Param_Angle_Rotation_14_ArtMesh186",
      "FadeInTime": -1.0,
      "FadeOutTime": -1.0,
      "Segments": [
        0,
        1.08,
        0,
        1.983,
        -3,
        1,
        2.989,
        -3,
        3.994,
        2.169,
        5,
        2.912
      ]
    },
    {
      "Target": "Parameter",
      "Id": "Param_Angle_Rotation_15_ArtMesh186",
      "FadeInTime": -1.0,
      "FadeOutTime": -1.0,
      "Segments": [
        0,
        2.06,
        0,
        2.4,
        -3,
        1,
        3.267,
        -3,
        4.133,
        0.84,
        5,
        2.376
      ]
    },
    {
      "Target": "Parameter",
      "Id": "Param_Angle_Rotation_1_ArtMesh187",
      "FadeInTime": -1.0,
      "FadeOutTime": -1.0,
      "Segments": [
        0,
        -0.99,
        0,
        3.217,
        0.992,
        1,
        3.811,
        0.992,
        4.406,
        0.388,
        5,
        -0.153
      ]
    },
    {
      "Target": "Parameter",
      "Id": "Param_Angle_Rotation_2_ArtMesh187",
      "FadeInTime": -1.0,
      "FadeOutTime": -1.0,
      "Segments": [
        0,
        -0.91,
        0,
        0.35,
        -0.992,
        0,
        3.6,
        0.992,
        1,
        4.067,
        0.992,
        4.533,
        0.624,
        5,
        0.205
      ]
    },
    {
      "Target": "Parameter",
      "Id": "Param_Angle_Rotation_3_ArtMesh187",
      "FadeInTime": -1.0,
      "FadeOutTime": -1.0,
      "Segments": [
        0,
        -0.68,
        0,
        0.767,
        -0.992,
        0,
        4.017,
        0.992,
        1,
        4.345,
        0.992,
        4.672,
        0.81,
        5,
        0.557
      ]
    },
    {
      "Target": "Parameter",
      "Id": "Param_Angle_Rotation_4_ArtMesh187",
      "FadeInTime": -1.0,
      "FadeOutTime": -1.0,
      "Segments": [
        0,
        -0.38,
        0,
        1.167,
        -1.016,
        0,
        4.417,
        1.016,
        1,
        4.611,
        1.016,
        4.806,
        0.95,
        5,
        0.841
      ]
    },
    {
      "Target": "Parameter",
      "Id": "Param_Angle_Rotation_5_ArtMesh187",
      "FadeInTime": -1.0,
      "FadeOutTime": -1.0,
      "Segments": [
        0,
        0,
        0,
        1.583,
        -1.016,
        0,
        4.833,
        1.016,
        1,
        4.889,
        1.016,
        4.944,
        1.011,
        5,
        1
      ]
    },
    {
      "Target": "Parameter",
      "Id": "Param_Angle_Rotation_6_ArtMesh187",
      "FadeInTime": -1.0,
      "FadeOutTime": -1.0,
      "Segments": [
        0,
        0.36,
        0,
        1.983,
        -1.016,
        1,
        2.989,
        -1.016,
        3.994,
        0.735,
        5,
        0.986
      ]
    },
    {
      "Target": "Parameter",
      "Id": "Param_Angle_Rotation_7_ArtMesh187",
      "FadeInTime": -1.0,
      "FadeOutTime": -1.0,
      "Segments": [
        0,
        0.7,
        0,
        2.4,
        -1.016,
        1,
        3.267,
        -1.016,
        4.133,
        0.284,
        5,
        0.805
      ]
    },
    {
      "Target": "Parameter",
      "Id": "Param_Angle_Rotation_8_ArtMesh187",
      "FadeInTime": -1.0,
      "FadeOutTime": -1.0,
      "Segments": [
        0,
        0.92,
        0,
        2.8,
        -1.016,
        1,
        3.533,
        -1.016,
        4.267,
        -0.075,
        5,
        0.526
      ]
    },
    {
      "Target": "Parameter",
      "Id": "Param_Angle_Rotation_9_ArtMesh187",
      "FadeInTime": -1.0,
      "FadeOutTime": -1.0,
      "Segments": [
        0,
        1.02,
        0,
        3.217,
        -1.016,
        1,
        3.811,
        -1.016,
        4.406,
        -0.398,
        5,
        0.157
      ]
    },
    {
      "Target": "Parameter",
      "Id": "Param_Angle_Rotation_10_ArtMesh187",
      "FadeInTime": -1.0,
      "FadeOutTime": -1.0,
      "Segments": [
        0,
        0.93,
        0,
        0.35,
        1.016,
        0,
        3.6,
        -1.016,
        1,
        4.067,
        -1.016,
        4.533,
        -0.639,
        5,
        -0.21
      ]
    },
    {
      "Target": "Parameter",
      "Id": "Param_Angle_Rotation_11_ArtMesh187",
      "FadeInTime": -1.0,
      "FadeOutTime": -1.0,
      "Segments": [
        0,
        2.06,
        0,
        0.767,
        3,
        0,
        4.017,
        -3,
        1,
        4.345,
        -3,
        4.672,
        -2.451,
        5,
        -1.685
      ]
    },
    {
      "Target": "Parameter",
      "Id": "Param_Angle_Rotation_12_ArtMesh187",
      "FadeInTime": -1.0,
      "FadeOutTime": -1.0,
      "Segments": [
        0,
        1.13,
        0,
        1.167,
        3,
        0,
        4.417,
        -3,
        1,
        4.611,
        -3,
        4.806,
        -2.805,
        5,
        -2.485
      ]
    },
    {
      "Target": "Parameter",
      "Id": "Param_Angle_Rotation_13_ArtMesh187",
      "FadeInTime": -1.0,
      "FadeOutTime": -1.0,
      "Segments": [
        0,
        0,
        0,
        1.583,
        3,
        0,
        4.833,
        -3,
        1,
        4.889,
        -3,
        4.944,
        -2.984,
        5,
        -2.954
      ]
    },
    {
      "Target": "Parameter",
      "Id": "Param_Angle_Rotation_14_ArtMesh187",
      "FadeInTime": -1.0,
      "FadeOutTime": -1.0,
      "Segments": [
        0,
        -1.08,
        0,
        1.983,
        3,
        1,
        2.989,
        3,
        3.994,
        -2.169,
        5,
        -2.912
      ]
    },
    {
      "Target": "Parameter",
      "Id": "Param_Angle_Rotation_15_ArtMesh187",
      "FadeInTime": -1.0,
      "FadeOutTime": -1.0,
      "Segments": [
        0,
        -2.06,
        0,
        2.4,
        3,
        1,
        3.267,
        3,
        4.133,
        -0.84,
        5,
        -2.376
      ]
    },
    {
      "Target": "Parameter",
      "Id": "Param_Angle_Rotation_1_ArtMesh188",
      "FadeInTime": -1.0,
      "FadeOutTime": -1.0,
      "Segments": [
        0,
        -3,
        0,
        3.85,
        3,
        1,
        4.233,
        3,
        4.617,
        2.474,
        5,
        1.733
      ]
    },
    {
      "Target": "Parameter",
      "Id": "Param_Angle_Rotation_2_ArtMesh188",
      "FadeInTime": -1.0,
      "FadeOutTime": -1.0,
      "Segments": [
        0,
        -2.6,
        0,
        0.617,
        -3,
        0,
        4.5,
        3,
        1,
        4.667,
        3,
        4.833,
        2.901,
        5,
        2.727
      ]
    },
    {
      "Target": "Parameter",
      "Id": "Param_Angle_Rotation_3_ArtMesh188",
      "FadeInTime": -1.0,
      "FadeOutTime": -1.0,
      "Segments": [
        0,
        -2.99,
        0,
        1.25,
        -5.277,
        1,
        2.5,
        -5.277,
        3.75,
        3.373,
        5,
        4.039
      ]
    },
    {
      "Target": "Parameter",
      "Id": "Param_Angle_Rotation_4_ArtMesh188",
      "FadeInTime": -1.0,
      "FadeOutTime": -1.0,
      "Segments": [
        0,
        -0.75,
        0,
        1.9,
        -5.277,
        1,
        2.933,
        -5.277,
        3.967,
        0.634,
        5,
        3.059
      ]
    },
    {
      "Target": "Parameter",
      "Id": "Param_Angle_Rotation_5_ArtMesh188",
      "FadeInTime": -1.0,
      "FadeOutTime": -1.0,
      "Segments": [
        0,
        1.53,
        0,
        2.55,
        -5.277,
        1,
        3.367,
        -5.277,
        4.183,
        -1.553,
        5,
        1.196
      ]
    },
    {
      "Target": "Parameter",
      "Id": "Param_Angle_Rotation_6_ArtMesh188",
      "FadeInTime": -1.0,
      "FadeOutTime": -1.0,
      "Segments": [
        0,
        5.97,
        0,
        3.2,
        -6.356,
        1,
        3.8,
        -6.356,
        4.4,
        -3.47,
        5,
        -0.374
      ]
    },
    {
      "Target": "Parameter",
      "Id": "Param_Angle_Rotation_7_ArtMesh188",
      "FadeInTime": -1.0,
      "FadeOutTime": -1.0,
      "Segments": [
        0,
        7.07,
        0,
        3.85,
        -6.356,
        1,
        4.233,
        -6.356,
        4.617,
        -5.178,
        5,
        -3.52
      ]
    },
    {
      "Target": "Parameter",
      "Id": "Param_Angle_Rotation_8_ArtMesh188",
      "FadeInTime": -1.0,
      "FadeOutTime": -1.0,
      "Segments": [
        0,
        6.17,
        0,
        0.617,
        7.075,
        0,
        4.5,
        -6.356,
        1,
        4.667,
        -6.356,
        4.833,
        -6.133,
        5,
        -5.745
      ]
    },
    {
      "Target": "Parameter",
      "Id": "Param_Angle_Rotation_9_ArtMesh188",
      "FadeInTime": -1.0,
      "FadeOutTime": -1.0,
      "Segments": [
        0,
        3.96,
        0,
        1.25,
        7.913,
        1,
        2.5,
        7.913,
        3.75,
        -7.052,
        5,
        -8.203
      ]
    },
    {
      "Target": "Parameter",
      "Id": "Param_Angle_Rotation_10_ArtMesh188",
      "FadeInTime": -1.0,
      "FadeOutTime": -1.0,
      "Segments": [
        0,
        0.08,
        0,
        1.9,
        7.913,
        1,
        2.933,
        7.913,
        3.967,
        -2.314,
        5,
        -6.509
      ]
    },
    {
      "Target": "Parameter",
      "Id": "Param_Angle_Rotation_11_ArtMesh188",
      "FadeInTime": -1.0,
      "FadeOutTime": -1.0,
      "Segments": [
        0,
        -3.86,
        0,
        2.55,
        7.913,
        1,
        3.367,
        7.913,
        4.183,
        1.47,
        5,
        -3.286
      ]
    },
    {
      "Target": "Parameter",
      "Id": "Param_Angle_Rotation_12_ArtMesh188",
      "FadeInTime": -1.0,
      "FadeOutTime": -1.0,
      "Segments": [
        0,
        -8.59,
        0,
        3.2,
        9.351,
        1,
        3.8,
        9.351,
        4.4,
        5.153,
        5,
        0.648
      ]
    },
    {
      "Target": "Parameter",
      "Id": "Param_Angle_Rotation_13_ArtMesh188",
      "FadeInTime": -1.0,
      "FadeOutTime": -1.0,
      "Segments": [
        0,
        -10.19,
        0,
        3.867,
        9.351,
        1,
        4.245,
        9.351,
        4.622,
        7.672,
        5,
        5.299
      ]
    },
    {
      "Target": "Parameter",
      "Id": "Param_Angle_Rotation_14_ArtMesh188",
      "FadeInTime": -1.0,
      "FadeOutTime": -1.0,
      "Segments": [
        0,
        -8.87,
        0,
        0.617,
        -10.19,
        0,
        4.517,
        9.351,
        1,
        4.678,
        9.351,
        4.839,
        9.046,
        5,
        8.511
      ]
    },
    {
      "Target": "Parameter",
      "Id": "Param_Angle_Rotation_15_ArtMesh188",
      "FadeInTime": -1.0,
      "FadeOutTime": -1.0,
      "Segments": [
        0,
        -5.39,
        0,
        1.25,
        -10.19,
        1,
        2.5,
        -10.19,
        3.75,
        7.723,
        5,
        9.248
      ]
    },
    {
      "Target": "Parameter",
      "Id": "Param_Angle_Rotation_16_ArtMesh188",
      "FadeInTime": -1.0,
      "FadeOutTime": -1.0,
      "Segments": [
        0,
        -0.67,
        0,
        1.9,
        -10.19,
        1,
        2.933,
        -10.19,
        3.967,
        2.052,
        5,
        7.157
      ]
    },
    {
      "Target": "Parameter",
      "Id": "Paramring",
      "FadeInTime": -1.0,
      "FadeOutTime": -1.0,
      "Segments": [
        0,
        0,
        0,
        5,
        0
      ]
    },
    {
      "Target": "Parameter",
      "Id": "touch_drag1",
      "FadeInTime": -1.0,
      "FadeOutTime": -1.0,
      "Segments": [
        0,
        0,
        0,
        5,
        0
      ]
    },
    {
      "Target": "Parameter",
      "Id": "touch_drag2",
      "FadeInTime": -1.0,
      "FadeOutTime": -1.0,
      "Segments": [
        0,
        0,
        0,
        5,
        0
      ]
    },
    {
      "Target": "Parameter",
      "Id": "touch_drag3",
      "FadeInTime": -1.0,
      "FadeOutTime": -1.0,
      "Segments": [
        0,
        0,
        0,
        5,
        0
      ]
    },
    {
      "Target": "Parameter",
      "Id": "ParamHeikuang",
      "FadeInTime": -1.0,
      "FadeOutTime": -1.0,
      "Segments": [
        0,
        0,
        0,
        5,
        0
      ]
    },
    {
      "Target": "Parameter",
      "Id": "ParamBaise",
      "FadeInTime": -1.0,
      "FadeOutTime": -1.0,
      "Segments": [
        0,
        0,
        0,
        5,
        0
      ]
    },
    {
      "Target": "Parameter",
      "Id": "ParamHeise",
      "FadeInTime": -1.0,
      "FadeOutTime": -1.0,
      "Segments": [
        0,
        0,
        0,
        5,
        0
      ]
    },
    {
      "Target": "Parameter",
      "Id": "ParamALLX",
      "FadeInTime": -1.0,
      "FadeOutTime": -1.0,
      "Segments": [
        0,
        -0.556,
        0,
        5,
        -0.556
      ]
    },
    {
      "Target": "Parameter",
      "Id": "ParamALLY",
      "FadeInTime": -1.0,
      "FadeOutTime": -1.0,
      "Segments": [
        0,
        3.231,
        0,
        5,
        3.231
      ]
    },
    {
      "Target": "Parameter",
      "Id": "ParamALLZ",
      "FadeInTime": -1.0,
      "FadeOutTime": -1.0,
      "Segments": [
        0,
        0,
        0,
        5,
        0
      ]
    },
    {
      "Target": "Parameter",
      "Id": "ParamALLS",
      "FadeInTime": -1.0,
      "FadeOutTime": -1.0,
      "Segments": [
        0,
        -4.54,
        0,
        5,
        -4.54
      ]
    },
    {
      "Target": "Parameter",
      "Id": "ParamRenwuX8",
      "FadeInTime": -1.0,
      "FadeOutTime": -1.0,
      "Segments": [
        0,
        10,
        0,
        5,
        10
      ]
    },
    {
      "Target": "Parameter",
      "Id": "ParamRenwuX6",
      "FadeInTime": -1.0,
      "FadeOutTime": -1.0,
      "Segments": [
        0,
        -0.329,
        0,
        5,
        -0.329
      ]
    },
    {
      "Target": "Parameter",
      "Id": "ParamRenwuX9",
      "FadeInTime": -1.0,
      "FadeOutTime": -1.0,
      "Segments": [
        0,
        0,
        0,
        5,
        0
      ]
    },
    {
      "Target": "Parameter",
      "Id": "ParamRenwuX2",
      "FadeInTime": -1.0,
      "FadeOutTime": -1.0,
      "Segments": [
        0,
        0,
        0,
        5,
        0
      ]
    },
    {
      "Target": "Parameter",
      "Id": "ParamRenwuX3",
      "FadeInTime": -1.0,
      "FadeOutTime": -1.0,
      "Segments": [
        0,
        -1.677,
        0,
        5,
        -1.677
      ]
    },
    {
      "Target": "Parameter",
      "Id": "ParamRenwu",
      "FadeInTime": -1.0,
      "FadeOutTime": -1.0,
      "Segments": [
        0,
        1,
        0,
        5,
        1
      ]
    },
    {
      "Target": "Parameter",
      "Id": "ParamRenwuX",
      "FadeInTime": -1.0,
      "FadeOutTime": -1.0,
      "Segments": [
        0,
        -3,
        0,
        5,
        -3
      ]
    },
    {
      "Target": "Parameter",
      "Id": "ParamRenwuY",
      "FadeInTime": -1.0,
      "FadeOutTime": -1.0,
      "Segments": [
        0,
        -2.94,
        0,
        5,
        -2.94
      ]
    },
    {
      "Target": "Parameter",
      "Id": "ParamRenwuS",
      "FadeInTime": -1.0,
      "FadeOutTime": -1.0,
      "Segments": [
        0,
        0,
        0,
        5,
        0
      ]
    },
    {
      "Target": "Parameter",
      "Id": "ParamBeijing",
      "FadeInTime": -1.0,
      "FadeOutTime": -1.0,
      "Segments": [
        0,
        1,
        0,
        5,
        1
      ]
    },
    {
      "Target": "Parameter",
      "Id": "ParamBeijingX",
      "FadeInTime": -1.0,
      "FadeOutTime": -1.0,
      "Segments": [
        0,
        0,
        0,
        5,
        0
      ]
    },
    {
      "Target": "Parameter",
      "Id": "ParamBeijingY",
      "FadeInTime": -1.0,
      "FadeOutTime": -1.0,
      "Segments": [
        0,
        -1.14,
        0,
        5,
        -1.14
      ]
    },
    {
      "Target": "Parameter",
      "Id": "ParamBeijingZ",
      "FadeInTime": -1.0,
      "FadeOutTime": -1.0,
      "Segments": [
        0,
        0,
        0,
        5,
        0
      ]
    },
    {
      "Target": "Parameter",
      "Id": "ParamBeijingS",
      "FadeInTime": -1.0,
      "FadeOutTime": -1.0,
      "Segments": [
        0,
        0,
        0,
        5,
        0
      ]
    },
    {
      "Target": "Parameter",
      "Id": "ParamEyeBallX",
      "FadeInTime": -1.0,
      "FadeOutTime": -1.0,
      "Segments": [
        0,
        0,
        0,
        5,
        0
      ]
    },
    {
      "Target": "Parameter",
      "Id": "ParamEyeBallY",
      "FadeInTime": -1.0,
      "FadeOutTime": -1.0,
      "Segments": [
        0,
        0,
        0,
        5,
        0
      ]
    },
    {
      "Target": "Parameter",
      "Id": "ParamBrowRY",
      "FadeInTime": -1.0,
      "FadeOutTime": -1.0,
      "Segments": [
        0,
        0,
        0,
        5,
        0
      ]
    },
    {
      "Target": "Parameter",
      "Id": "ParamBrowRForm",
      "FadeInTime": -1.0,
      "FadeOutTime": -1.0,
      "Segments": [
        0,
        0,
        0,
        5,
        0
      ]
    },
    {
      "Target": "Parameter",
      "Id": "ParamBrowLY",
      "FadeInTime": -1.0,
      "FadeOutTime": -1.0,
      "Segments": [
        0,
        0,
        0,
        5,
        0
      ]
    },
    {
      "Target": "Parameter",
      "Id": "ParamBrowLForm",
      "FadeInTime": -1.0,
      "FadeOutTime": -1.0,
      "Segments": [
        0,
        0,
        0,
        5,
        0
      ]
    },
    {
      "Target": "Parameter",
      "Id": "Param4",
      "FadeInTime": -1.0,
      "FadeOutTime": -1.0,
      "Segments": [
        0,
        0,
        0,
        5,
        0
      ]
    },
    {
      "Target": "Parameter",
      "Id": "ParamMouthForm",
      "FadeInTime": -1.0,
      "FadeOutTime": -1.0,
      "Segments": [
        0,
        0,
        0,
        5,
        0
      ]
    },
    {
      "Target": "Parameter",
      "Id": "ParamMouthOpenY",
      "FadeInTime": -1.0,
      "FadeOutTime": -1.0,
      "Segments": [
        0,
        0,
        0,
        5,
        0
      ]
    },
    {
      "Target": "Parameter",
      "Id": "ParamMouthS",
      "FadeInTime": -1.0,
      "FadeOutTime": -1.0,
      "Segments": [
        0,
        0,
        0,
        5,
        0
      ]
    },
    {
      "Target": "Parameter",
      "Id": "ParamEyeGaoguang",
      "FadeInTime": -1.0,
      "FadeOutTime": -1.0,
      "Segments": [
        0,
        0,
        0,
        5,
        0
      ]
    },
    {
      "Target": "Parameter",
      "Id": "ParamCheek",
      "FadeInTime": -1.0,
      "FadeOutTime": -1.0,
      "Segments": [
        0,
        0.5,
        0,
        5,
        0.5
      ]
    },
    {
      "Target": "Parameter",
      "Id": "Param28",
      "FadeInTime": -1.0,
      "FadeOutTime": -1.0,
      "Segments": [
        0,
        5,
        0,
        5,
        5
      ]
    },
    {
      "Target": "Parameter",
      "Id": "Param31",
      "FadeInTime": -1.0,
      "FadeOutTime": -1.0,
      "Segments": [
        0,
        0,
        0,
        5,
        0
      ]
    },
    {
      "Target": "Parameter",
      "Id": "ParamBodyAngleUD",
      "FadeInTime": -1.0,
      "FadeOutTime": -1.0,
      "Segments": [
        0,
        0.33,
        0,
        5,
        0.33
      ]
    },
    {
      "Target": "Parameter",
      "Id": "ParamBodyAngleZ3",
      "FadeInTime": -1.0,
      "FadeOutTime": -1.0,
      "Segments": [
        0,
        0,
        0,
        5,
        0
      ]
    },
    {
      "Target": "Parameter",
      "Id": "Param33",
      "FadeInTime": -1.0,
      "FadeOutTime": -1.0,
      "Segments": [
        0,
        1.02,
        0,
        5,
        1.02
      ]
    },
    {
      "Target": "Parameter",
      "Id": "ParamBodyAngleX2",
      "FadeInTime": -1.0,
      "FadeOutTime": -1.0,
      "Segments": [
        0,
        0,
        0,
        5,
        0
      ]
    },
    {
      "Target": "Parameter",
      "Id": "ParamBreath",
      "FadeInTime": -1.0,
      "FadeOutTime": -1.0,
      "Segments": [
        0,
        0,
        0,
        5,
        0
      ]
    },
    {
      "Target": "Parameter",
      "Id": "ParamBodyAngleY",
      "FadeInTime": -1.0,
      "FadeOutTime": -1.0,
      "Segments": [
        0,
        0,
        0,
        5,
        0
      ]
    },
    {
      "Target": "Parameter",
      "Id": "Param57",
      "FadeInTime": -1.0,
      "FadeOutTime": -1.0,
      "Segments": [
        0,
        0,
        0,
        5,
        0
      ]
    },
    {
      "Target": "Parameter",
      "Id": "ParamA1zuoshoutuozhanxingbian",
      "FadeInTime": -1.0,
      "FadeOutTime": -1.0,
      "Segments": [
        0,
        0,
        0,
        5,
        0
      ]
    },
    {
      "Target": "Parameter",
      "Id": "Param47",
      "FadeInTime": -1.0,
      "FadeOutTime": -1.0,
      "Segments": [
        0,
        0,
        0,
        5,
        0
      ]
    },
    {
      "Target": "Parameter",
      "Id": "Param48",
      "FadeInTime": -1.0,
      "FadeOutTime": -1.0,
      "Segments": [
        0,
        0,
        0,
        5,
        0
      ]
    },
    {
      "Target": "Parameter",
      "Id": "Param49",
      "FadeInTime": -1.0,
      "FadeOutTime": -1.0,
      "Segments": [
        0,
        0,
        0,
        5,
        0
      ]
    },
    {
      "Target": "Parameter",
      "Id": "Param66",
      "FadeInTime": -1.0,
      "FadeOutTime": -1.0,
      "Segments": [
        0,
        0,
        0,
        5,
        0
      ]
    },
    {
      "Target": "Parameter",
      "Id": "Param67",
      "FadeInTime": -1.0,
      "FadeOutTime": -1.0,
      "Segments": [
        0,
        0,
        0,
        5,
        0
      ]
    },
    {
      "Target": "Parameter",
      "Id": "Param68",
      "FadeInTime": -1.0,
      "FadeOutTime": -1.0,
      "Segments": [
        0,
        0,
        0,
        5,
        0
      ]
    },
    {
      "Target": "Parameter",
      "Id": "Param69",
      "FadeInTime": -1.0,
      "FadeOutTime": -1.0,
      "Segments": [
        0,
        0,
        0,
        5,
        0
      ]
    },
    {
      "Target": "Parameter",
      "Id": "Param50",
      "FadeInTime": -1.0,
      "FadeOutTime": -1.0,
      "Segments": [
        0,
        0,
        0,
        5,
        0
      ]
    },
    {
      "Target": "Parameter",
      "Id": "Param51",
      "FadeInTime": -1.0,
      "FadeOutTime": -1.0,
      "Segments": [
        0,
        1,
        0,
        5,
        1
      ]
    },
    {
      "Target": "Parameter",
      "Id": "Param52",
      "FadeInTime": -1.0,
      "FadeOutTime": -1.0,
      "Segments": [
        0,
        0,
        0,
        5,
        0
      ]
    },
    {
      "Target": "Parameter",
      "Id": "Param54",
      "FadeInTime": -1.0,
      "FadeOutTime": -1.0,
      "Segments": [
        0,
        0,
        0,
        5,
        0
      ]
    },
    {
      "Target": "Parameter",
      "Id": "Param55",
      "FadeInTime": -1.0,
      "FadeOutTime": -1.0,
      "Segments": [
        0,
        0,
        0,
        5,
        0
      ]
    },
    {
      "Target": "Parameter",
      "Id": "Param56",
      "FadeInTime": -1.0,
      "FadeOutTime": -1.0,
      "Segments": [
        0,
        0,
        0,
        5,
        0
      ]
    },
    {
      "Target": "Parameter",
      "Id": "Param58",
      "FadeInTime": -1.0,
      "FadeOutTime": -1.0,
      "Segments": [
        0,
        0,
        0,
        5,
        0
      ]
    },
    {
      "Target": "Parameter",
      "Id": "Param21",
      "FadeInTime": -1.0,
      "FadeOutTime": -1.0,
      "Segments": [
        0,
        0,
        0,
        5,
        0
      ]
    },
    {
      "Target": "Parameter",
      "Id": "Param101",
      "FadeInTime": -1.0,
      "FadeOutTime": -1.0,
      "Segments": [
        0,
        0,
        0,
        5,
        0
      ]
    },
    {
      "Target": "Parameter",
      "Id": "Param102",
      "FadeInTime": -1.0,
      "FadeOutTime": -1.0,
      "Segments": [
        0,
        0,
        0,
        5,
        0
      ]
    },
    {
      "Target": "Parameter",
      "Id": "ParamShangBiR",
      "FadeInTime": -1.0,
      "FadeOutTime": -1.0,
      "Segments": [
        0,
        1.452,
        0,
        5,
        1.452
      ]
    },
    {
      "Target": "Parameter",
      "Id": "ParamA1zuoshoudonghua2",
      "FadeInTime": -1.0,
      "FadeOutTime": -1.0,
      "Segments": [
        0,
        0,
        0,
        5,
        0
      ]
    },
    {
      "Target": "Parameter",
      "Id": "ParamA1zuoshoutuozhanxingbian2",
      "FadeInTime": -1.0,
      "FadeOutTime": -1.0,
      "Segments": [
        0,
        0,
        0,
        5,
        0
      ]
    },
    {
      "Target": "Parameter",
      "Id": "Param35",
      "FadeInTime": -1.0,
      "FadeOutTime": -1.0,
      "Segments": [
        0,
        0,
        0,
        5,
        0
      ]
    },
    {
      "Target": "Parameter",
      "Id": "Param36",
      "FadeInTime": -1.0,
      "FadeOutTime": -1.0,
      "Segments": [
        0,
        0,
        0,
        5,
        0
      ]
    },
    {
      "Target": "Parameter",
      "Id": "Param37",
      "FadeInTime": -1.0,
      "FadeOutTime": -1.0,
      "Segments": [
        0,
        0,
        0,
        5,
        0
      ]
    },
    {
      "Target": "Parameter",
      "Id": "Param70",
      "FadeInTime": -1.0,
      "FadeOutTime": -1.0,
      "Segments": [
        0,
        0,
        0,
        5,
        0
      ]
    },
    {
      "Target": "Parameter",
      "Id": "Param65",
      "FadeInTime": -1.0,
      "FadeOutTime": -1.0,
      "Segments": [
        0,
        1.2,
        0,
        5,
        1.2
      ]
    },
    {
      "Target": "Parameter",
      "Id": "Param71",
      "FadeInTime": -1.0,
      "FadeOutTime": -1.0,
      "Segments": [
        0,
        0,
        0,
        5,
        0
      ]
    },
    {
      "Target": "Parameter",
      "Id": "Param53",
      "FadeInTime": -1.0,
      "FadeOutTime": -1.0,
      "Segments": [
        0,
        1,
        0,
        5,
        1
      ]
    },
    {
      "Target": "Parameter",
      "Id": "Param60",
      "FadeInTime": -1.0,
      "FadeOutTime": -1.0,
      "Segments": [
        0,
        0,
        0,
        5,
        0
      ]
    },
    {
      "Target": "Parameter",
      "Id": "Param61",
      "FadeInTime": -1.0,
      "FadeOutTime": -1.0,
      "Segments": [
        0,
        0,
        0,
        5,
        0
      ]
    },
    {
      "Target": "Parameter",
      "Id": "Param41",
      "FadeInTime": -1.0,
      "FadeOutTime": -1.0,
      "Segments": [
        0,
        0,
        0,
        5,
        0
      ]
    },
    {
      "Target": "Parameter",
      "Id": "Param40",
      "FadeInTime": -1.0,
      "FadeOutTime": -1.0,
      "Segments": [
        0,
        0,
        0,
        5,
        0
      ]
    },
    {
      "Target": "Parameter",
      "Id": "Param91",
      "FadeInTime": -1.0,
      "FadeOutTime": -1.0,
      "Segments": [
        0,
        0,
        0,
        5,
        0
      ]
    },
    {
      "Target": "Parameter",
      "Id": "Param92",
      "FadeInTime": -1.0,
      "FadeOutTime": -1.0,
      "Segments": [
        0,
        0,
        0,
        5,
        0
      ]
    },
    {
      "Target": "Parameter",
      "Id": "Param103",
      "FadeInTime": -1.0,
      "FadeOutTime": -1.0,
      "Segments": [
        0,
        0,
        0,
        5,
        0
      ]
    },
    {
      "Target": "Parameter",
      "Id": "ParamDaTuiLUD",
      "FadeInTime": -1.0,
      "FadeOutTime": -1.0,
      "Segments": [
        0,
        0,
        0,
        5,
        0
      ]
    },
    {
      "Target": "Parameter",
      "Id": "ParamXiaoTuiLUD",
      "FadeInTime": -1.0,
      "FadeOutTime": -1.0,
      "Segments": [
        0,
        0,
        0,
        5,
        0
      ]
    },
    {
      "Target": "Parameter",
      "Id": "Param62",
      "FadeInTime": -1.0,
      "FadeOutTime": -1.0,
      "Segments": [
        0,
        0,
        0,
        5,
        0
      ]
    },
    {
      "Target": "Parameter",
      "Id": "ParamDaTuiLUD2",
      "FadeInTime": -1.0,
      "FadeOutTime": -1.0,
      "Segments": [
        0,
        0,
        0,
        5,
        0
      ]
    },
    {
      "Target": "Parameter",
      "Id": "ParamXiaoTuiLUD3",
      "FadeInTime": -1.0,
      "FadeOutTime": -1.0,
      "Segments": [
        0,
        0,
        0,
        5,
        0
      ]
    },
    {
      "Target": "Parameter",
      "Id": "ParamXiaoTuiLUD2",
      "FadeInTime": -1.0,
      "FadeOutTime": -1.0,
      "Segments": [
        0,
        5,
        0,
        5,
        5
      ]
    },
    {
      "Target": "Parameter",
      "Id": "Param22",
      "FadeInTime": -1.0,
      "FadeOutTime": -1.0,
      "Segments": [
        0,
        0.147,
        0,
        5,
        0.147
      ]
    },
    {
      "Target": "Parameter",
      "Id": "Param24",
      "FadeInTime": -1.0,
      "FadeOutTime": -1.0,
      "Segments": [
        0,
        0,
        0,
        5,
        0
      ]
    },
    {
      "Target": "Parameter",
      "Id": "Param23",
      "FadeInTime": -1.0,
      "FadeOutTime": -1.0,
      "Segments": [
        0,
        10,
        0,
        5,
        10
      ]
    },
    {
      "Target": "Parameter",
      "Id": "Param59",
      "FadeInTime": -1.0,
      "FadeOutTime": -1.0,
      "Segments": [
        0,
        0,
        0,
        5,
        0
      ]
    },
    {
      "Target": "Parameter",
      "Id": "ParamDaTuiRUD",
      "FadeInTime": -1.0,
      "FadeOutTime": -1.0,
      "Segments": [
        0,
        0,
        0,
        5,
        0
      ]
    },
    {
      "Target": "Parameter",
      "Id": "ParamXiaoTuiRUD",
      "FadeInTime": -1.0,
      "FadeOutTime": -1.0,
      "Segments": [
        0,
        0,
        0,
        5,
        0
      ]
    },
    {
      "Target": "Parameter",
      "Id": "Param63",
      "FadeInTime": -1.0,
      "FadeOutTime": -1.0,
      "Segments": [
        0,
        0,
        0,
        5,
        0
      ]
    },
    {
      "Target": "Parameter",
      "Id": "ParamXiaoTuiLUD5",
      "FadeInTime": -1.0,
      "FadeOutTime": -1.0,
      "Segments": [
        0,
        0,
        0,
        5,
        0
      ]
    },
    {
      "Target": "Parameter",
      "Id": "ParamDaTuiLUD3",
      "FadeInTime": -1.0,
      "FadeOutTime": -1.0,
      "Segments": [
        0,
        0,
        0,
        5,
        0
      ]
    },
    {
      "Target": "Parameter",
      "Id": "ParamXiaoTuiLUD4",
      "FadeInTime": -1.0,
      "FadeOutTime": -1.0,
      "Segments": [
        0,
        0,
        0,
        5,
        0
      ]
    },
    {
      "Target": "Parameter",
      "Id": "Param25",
      "FadeInTime": -1.0,
      "FadeOutTime": -1.0,
      "Segments": [
        0,
        0,
        0,
        5,
        0
      ]
    },
    {
      "Target": "Parameter",
      "Id": "Param26",
      "FadeInTime": -1.0,
      "FadeOutTime": -1.0,
      "Segments": [
        0,
        0,
        0,
        5,
        0
      ]
    },
    {
      "Target": "Parameter",
      "Id": "Param27",
      "FadeInTime": -1.0,
      "FadeOutTime": -1.0,
      "Segments": [
        0,
        10,
        0,
        5,
        10
      ]
    },
    {
      "Target": "Parameter",
      "Id": "Param",
      "FadeInTime": -1.0,
      "FadeOutTime": -1.0,
      "Segments": [
        0,
        10,
        0,
        5,
        10
      ]
    },
    {
      "Target": "Parameter",
      "Id": "Param2",
      "FadeInTime": -1.0,
      "FadeOutTime": -1.0,
      "Segments": [
        0,
        10,
        0,
        5,
        10
      ]
    },
    {
      "Target": "Parameter",
      "Id": "Param3",
      "FadeInTime": -1.0,
      "FadeOutTime": -1.0,
      "Segments": [
        0,
        10,
        0,
        5,
        10
      ]
    },
    {
      "Target": "Parameter",
      "Id": "ParamTuiRou3",
      "FadeInTime": -1.0,
      "FadeOutTime": -1.0,
      "Segments": [
        0,
        -0.004,
        0,
        5,
        -0.004
      ]
    },
    {
      "Target": "Parameter",
      "Id": "Param10",
      "FadeInTime": -1.0,
      "FadeOutTime": -1.0,
      "Segments": [
        0,
        0,
        0,
        5,
        0
      ]
    },
    {
      "Target": "Parameter",
      "Id": "Param11",
      "FadeInTime": -1.0,
      "FadeOutTime": -1.0,
      "Segments": [
        0,
        0,
        0,
        5,
        0
      ]
    },
    {
      "Target": "Parameter",
      "Id": "Param_Angle_Rotation_16_ArtMesh187",
      "FadeInTime": -1.0,
      "FadeOutTime": -1.0,
      "Segments": [
        0,
        0,
        0,
        5,
        0
      ]
    },
    {
      "Target": "Parameter",
      "Id": "Param_Angle_Rotation_17_ArtMesh187",
      "FadeInTime": -1.0,
      "FadeOutTime": -1.0,
      "Segments": [
        0,
        0,
        0,
        5,
        0
      ]
    },
    {
      "Target": "Parameter",
      "Id": "Param_Angle_Rotation_17_ArtMesh188",
      "FadeInTime": -1.0,
      "FadeOutTime": -1.0,
      "Segments": [
        0,
        4.1,
        0,
        5,
        4.1
      ]
    }
  ],
  "UserData": [
    {
      "Time": 0.0,
      "Value": ""
    },
    {
      "Time": 4.5,
      "Value": ""
    }
  ]
}