{
  "Version": 3,
  "Meta": {
    "Duration": 6.467,
    "Fps": 30.0,
    "Loop": true,
    "AreBeziersRestricted": true,
    "FadeInTime": 0.0,
    "FadeOutTime": 0.0,
    "CurveCount": 229,
    "TotalSegmentCount": 1269,
    "TotalPointCount": 1533,
    "UserDataCount": 2,
    "TotalUserDataSize": 0
  },
  "Curves": [
    {
      "Target": "Parameter",
      "Id": "ParamArmLAngle",
      "FadeInTime": -1.0,
      "FadeOutTime": -1.0,
      "Segments": [
        0,
        0,
        2,
        0.333,
        0,
        1,
        0.455,
        0,
        0.578,
        0.784,
        0.7,
        2.717,
        1,
        0.833,
        4.826,
        0.967,
        6.09,
        1.1,
        6.09,
        0,
        1.533,
        5.457,
        1,
        1.689,
        5.457,
        1.844,
        5.422,
        2,
        5.881,
        1,
        2.133,
        6.275,
        2.267,
        8.121,
        2.4,
        8.121,
        0,
        3.3,
        -19.02,
        0,
        3.9,
        -15.24,
        1,
        4.011,
        -15.24,
        4.122,
        -15.616,
        4.233,
        -17.82,
        1,
        4.355,
        -20.245,
        4.478,
        -24.706,
        4.6,
        -27.78,
        1,
        4.667,
        -29.457,
        4.733,
        -30,
        4.8,
        -30,
        2,
        5.033,
        -30,
        1,
        5.189,
        -30,
        5.344,
        -23.801,
        5.5,
        -10.01,
        1,
        5.589,
        -2.129,
        5.678,
        2.59,
        5.767,
        2.59,
        0,
        6.167,
        0,
        2,
        6.467,
        0
      ]
    },
    {
      "Target": "Parameter",
      "Id": "ParamArmLStretch",
      "FadeInTime": -1.0,
      "FadeOutTime": -1.0,
      "Segments": [
        0,
        0,
        2,
        0.333,
        0,
        2,
        2.767,
        0,
        0,
        3.3,
        -24.32,
        2,
        3.9,
        -24.32,
        2,
        4.6,
        -24.32,
        1,
        4.744,
        -24.32,
        4.889,
        -23.834,
        5.033,
        -20.96,
        1,
        5.189,
        -17.865,
        5.344,
        -12.886,
        5.5,
        -8.115,
        1,
        5.656,
        -3.344,
        5.811,
        0,
        5.967,
        0,
        2,
        6.167,
        0,
        2,
        6.467,
        0
      ]
    },
    {
      "Target": "Parameter",
      "Id": "ParamForearmLAngle",
      "FadeInTime": -1.0,
      "FadeOutTime": -1.0,
      "Segments": [
        0,
        0,
        2,
        0.333,
        0,
        0,
        0.833,
        -1.773,
        0,
        1.2,
        -0.402,
        0,
        1.633,
        -2.562,
        1,
        1.789,
        -2.562,
        1.944,
        -1.398,
        2.1,
        -0.67,
        1,
        2.233,
        -0.046,
        2.367,
        -0.042,
        2.5,
        -0.042,
        1,
        2.8,
        -0.042,
        3.1,
        -21.69,
        3.4,
        -24.26,
        1,
        3.567,
        -25.688,
        3.733,
        -25.16,
        3.9,
        -25.16,
        1,
        4.011,
        -25.16,
        4.122,
        -25.097,
        4.233,
        -24.742,
        1,
        4.355,
        -24.351,
        4.478,
        -23.708,
        4.6,
        -23.18,
        1,
        4.667,
        -22.892,
        4.733,
        -22.427,
        4.8,
        -22.295,
        1,
        4.878,
        -22.141,
        4.955,
        -22.265,
        5.033,
        -21.98,
        1,
        5.189,
        -21.411,
        5.344,
        -12.22,
        5.5,
        -7.334,
        1,
        5.656,
        -2.448,
        5.811,
        0,
        5.967,
        0,
        2,
        6.167,
        0,
        2,
        6.467,
        0
      ]
    },
    {
      "Target": "Parameter",
      "Id": "ParamForearmLStretch",
      "FadeInTime": -1.0,
      "FadeOutTime": -1.0,
      "Segments": [
        0,
        0,
        2,
        0.333,
        0,
        0,
        1.2,
        -17,
        2,
        1.633,
        -17,
        2,
        2.5,
        -17,
        0,
        2.867,
        -25,
        0,
        3.167,
        30,
        0,
        3.4,
        11,
        2,
        3.9,
        11,
        2,
        4.6,
        11,
        2,
        5.033,
        11,
        0,
        5.367,
        -30,
        2,
        5.5,
        -30,
        0,
        5.967,
        0,
        2,
        6.167,
        0,
        2,
        6.467,
        0
      ]
    },
    {
      "Target": "Parameter",
      "Id": "ParamHandLAngle",
      "FadeInTime": -1.0,
      "FadeOutTime": -1.0,
      "Segments": [
        0,
        0,
        2,
        0.333,
        0,
        0,
        0.967,
        -9,
        0,
        1.733,
        8,
        0,
        2.2,
        -6,
        0,
        2.967,
        10,
        0,
        3.5,
        -10.26,
        0,
        3.9,
        0,
        2,
        4.6,
        0,
        0,
        4.8,
        -2.28,
        0,
        5.033,
        0,
        2,
        5.5,
        0,
        2,
        5.967,
        0,
        2,
        6.167,
        0,
        2,
        6.467,
        0
      ]
    },
    {
      "Target": "Parameter",
      "Id": "tsbitmd2",
      "FadeInTime": -1.0,
      "FadeOutTime": -1.0,
      "Segments": [
        0,
        0,
        2,
        0.333,
        0,
        2,
        2.967,
        0,
        2,
        3.1,
        0,
        0,
        3.2,
        1,
        2,
        3.9,
        1,
        2,
        4.6,
        1,
        2,
        5.033,
        1,
        2,
        5.233,
        1,
        0,
        5.333,
        0,
        2,
        5.5,
        0,
        2,
        5.967,
        0,
        2,
        6.167,
        0,
        2,
        6.467,
        0
      ]
    },
    {
      "Target": "Parameter",
      "Id": "tsbitmd",
      "FadeInTime": -1.0,
      "FadeOutTime": -1.0,
      "Segments": [
        0,
        0,
        2,
        0.333,
        0,
        2,
        2.967,
        0,
        2,
        3.067,
        0,
        0,
        3.167,
        1,
        2,
        3.5,
        1,
        2,
        3.9,
        1,
        2,
        4.6,
        1,
        2,
        5.033,
        1,
        2,
        5.3,
        1,
        0,
        5.4,
        0,
        2,
        5.967,
        0,
        2,
        6.167,
        0,
        2,
        6.467,
        0
      ]
    },
    {
      "Target": "Parameter",
      "Id": "lyuanshouz",
      "FadeInTime": -1.0,
      "FadeOutTime": -1.0,
      "Segments": [
        0,
        0,
        2,
        0.333,
        0,
        0,
        0.9,
        -28,
        1,
        1.033,
        -28,
        1.167,
        -24.703,
        1.3,
        -21,
        1,
        1.467,
        -16.371,
        1.633,
        -15,
        1.8,
        -15,
        0,
        2.2,
        -21,
        1,
        2.456,
        -21,
        2.711,
        -15.148,
        2.967,
        0,
        1,
        3.145,
        10.538,
        3.322,
        18,
        3.5,
        18,
        0,
        4,
        -6,
        2,
        4.6,
        -6,
        2,
        5.033,
        -6,
        1,
        5.189,
        -6,
        5.344,
        -3.772,
        5.5,
        -2.002,
        1,
        5.656,
        -0.232,
        5.811,
        0,
        5.967,
        0,
        2,
        6.167,
        0,
        2,
        6.467,
        0
      ]
    },
    {
      "Target": "Parameter",
      "Id": "lyuanshoumz2",
      "FadeInTime": -1.0,
      "FadeOutTime": -1.0,
      "Segments": [
        0,
        0,
        2,
        0.333,
        0,
        0,
        1.3,
        18,
        0,
        2.967,
        0,
        2,
        3.5,
        0,
        2,
        3.9,
        0,
        2,
        4.6,
        0,
        2,
        5.033,
        0,
        2,
        5.5,
        0,
        2,
        5.967,
        0,
        2,
        6.167,
        0,
        2,
        6.467,
        0
      ]
    },
    {
      "Target": "Parameter",
      "Id": "lyuanshoumz3",
      "FadeInTime": -1.0,
      "FadeOutTime": -1.0,
      "Segments": [
        0,
        0,
        2,
        3.3,
        0,
        0,
        4.033,
        -5.236,
        0,
        5.4,
        0,
        2,
        6.467,
        0
      ]
    },
    {
      "Target": "Parameter",
      "Id": "ParamForearmLLayer2",
      "FadeInTime": -1.0,
      "FadeOutTime": -1.0,
      "Segments": [
        0,
        0,
        2,
        0.333,
        0,
        2,
        2.567,
        0,
        0,
        2.967,
        30,
        2,
        5.033,
        30,
        1,
        5.178,
        30,
        5.322,
        23.107,
        5.467,
        21,
        1,
        5.556,
        19.704,
        5.644,
        19.808,
        5.733,
        19,
        1,
        5.755,
        18.798,
        5.778,
        0,
        5.8,
        0,
        2,
        5.967,
        0,
        2,
        6.167,
        0,
        2,
        6.467,
        0
      ]
    },
    {
      "Target": "Parameter",
      "Id": "ljianfbz1",
      "FadeInTime": -1.0,
      "FadeOutTime": -1.0,
      "Segments": [
        0,
        0,
        2,
        0.333,
        0,
        1,
        0.589,
        0,
        0.844,
        4.506,
        1.1,
        9.9,
        1,
        1.267,
        13.418,
        1.433,
        14.06,
        1.6,
        14.06,
        1,
        1.867,
        14.06,
        2.133,
        12.134,
        2.4,
        7.46,
        1,
        2.522,
        5.318,
        2.645,
        1.176,
        2.767,
        0,
        1,
        3.378,
        -5.878,
        3.989,
        -8,
        4.6,
        -8,
        2,
        4.8,
        -8,
        0,
        5.067,
        0.6,
        0,
        5.5,
        0,
        0,
        5.767,
        6.06,
        1,
        5.834,
        6.06,
        5.9,
        6.079,
        5.967,
        6,
        1,
        6.034,
        5.921,
        6.1,
        0,
        6.167,
        0,
        2,
        6.467,
        0
      ]
    },
    {
      "Target": "Parameter",
      "Id": "ljianfbz2",
      "FadeInTime": -1.0,
      "FadeOutTime": -1.0,
      "Segments": [
        0,
        0,
        2,
        0.333,
        0,
        0,
        1.1,
        2,
        0,
        1.6,
        -1,
        2,
        2.4,
        -1,
        1,
        2.522,
        -1,
        2.645,
        -0.774,
        2.767,
        0,
        1,
        3.378,
        3.871,
        3.989,
        6,
        4.6,
        6,
        2,
        4.8,
        6,
        0,
        5.067,
        -1,
        0,
        5.5,
        0,
        0,
        5.767,
        -0.04,
        0,
        5.967,
        1,
        0,
        6.167,
        0,
        2,
        6.467,
        0
      ]
    },
    {
      "Target": "Parameter",
      "Id": "lshouyX",
      "FadeInTime": -1.0,
      "FadeOutTime": -1.0,
      "Segments": [
        0,
        0,
        2,
        0.333,
        0,
        1,
        0.422,
        0,
        0.511,
        0.724,
        0.6,
        4,
        1,
        0.633,
        5.229,
        0.667,
        11,
        0.7,
        11,
        0,
        5.767,
        10,
        0,
        5.967,
        11,
        0,
        6.167,
        0,
        2,
        6.467,
        0
      ]
    },
    {
      "Target": "Parameter",
      "Id": "lshouyY",
      "FadeInTime": -1.0,
      "FadeOutTime": -1.0,
      "Segments": [
        0,
        0,
        2,
        0.333,
        0,
        1,
        0.422,
        0,
        0.511,
        0.599,
        0.6,
        3,
        1,
        0.633,
        3.9,
        0.667,
        9.879,
        0.7,
        10,
        1,
        2.389,
        16.107,
        4.078,
        19,
        5.767,
        19,
        1,
        5.834,
        19,
        5.9,
        6.132,
        5.967,
        3,
        1,
        6.034,
        -0.132,
        6.1,
        0,
        6.167,
        0,
        2,
        6.467,
        0
      ]
    },
    {
      "Target": "Parameter",
      "Id": "lshouyingxs",
      "FadeInTime": -1.0,
      "FadeOutTime": -1.0,
      "Segments": [
        0,
        0,
        2,
        0.333,
        0,
        2,
        0.6,
        0,
        0,
        0.7,
        30,
        2,
        5.767,
        30,
        0,
        5.967,
        0,
        2,
        6.167,
        0,
        2,
        6.467,
        0
      ]
    },
    {
      "Target": "Parameter",
      "Id": "souqianfcji",
      "FadeInTime": -1.0,
      "FadeOutTime": -1.0,
      "Segments": [
        0,
        0,
        2,
        0.333,
        0,
        0,
        0.467,
        30,
        2,
        2.967,
        30,
        0,
        3.9,
        0,
        2,
        4.6,
        0,
        2,
        5.033,
        0,
        2,
        5.5,
        0,
        2,
        5.967,
        0,
        2,
        6.167,
        0,
        2,
        6.467,
        0
      ]
    },
    {
      "Target": "Parameter",
      "Id": "shouqfsd1",
      "FadeInTime": -1.0,
      "FadeOutTime": -1.0,
      "Segments": [
        0,
        0,
        2,
        0.333,
        0,
        2,
        0.667,
        0,
        0,
        1.133,
        -8,
        0,
        2.067,
        -4,
        0,
        3.033,
        -10,
        1,
        3.222,
        -10,
        3.411,
        -1.936,
        3.6,
        2,
        1,
        3.822,
        6.631,
        4.045,
        7,
        4.267,
        7,
        0,
        4.733,
        2,
        0,
        5.067,
        8.033,
        0,
        5.4,
        0.746,
        0,
        5.767,
        9.931,
        0,
        5.967,
        0,
        2,
        6.167,
        0,
        2,
        6.467,
        0
      ]
    },
    {
      "Target": "Parameter",
      "Id": "shouqfh2",
      "FadeInTime": -1.0,
      "FadeOutTime": -1.0,
      "Segments": [
        0,
        0,
        2,
        0.333,
        0,
        0,
        0.733,
        14,
        0,
        1.2,
        -9,
        0,
        1.667,
        11,
        0,
        2.133,
        -13,
        0,
        2.6,
        13,
        0,
        3.067,
        -7,
        0,
        3.533,
        14,
        0,
        4,
        -9,
        0,
        4.467,
        11,
        0,
        4.833,
        -13,
        0,
        5.133,
        13,
        0,
        5.5,
        -8,
        0,
        5.967,
        0,
        2,
        6.167,
        0,
        2,
        6.467,
        0
      ]
    },
    {
      "Target": "Parameter",
      "Id": "shouqfh3",
      "FadeInTime": -1.0,
      "FadeOutTime": -1.0,
      "Segments": [
        0,
        0,
        2,
        0.333,
        0,
        0,
        0.867,
        14,
        0,
        1.333,
        -10,
        0,
        1.8,
        9,
        0,
        2.267,
        -14,
        0,
        2.733,
        10,
        0,
        3.2,
        -8,
        0,
        3.667,
        14,
        0,
        4.133,
        -10,
        0,
        4.6,
        9,
        0,
        4.967,
        -14,
        0,
        5.267,
        10,
        0,
        5.667,
        -11,
        0,
        5.967,
        0,
        2,
        6.167,
        0,
        2,
        6.467,
        0
      ]
    },
    {
      "Target": "Parameter",
      "Id": "lxbgs2",
      "FadeInTime": -1.0,
      "FadeOutTime": -1.0,
      "Segments": [
        0,
        0,
        0,
        0.5,
        30,
        2,
        5.667,
        30,
        0,
        6.167,
        0,
        2,
        6.467,
        0
      ]
    },
    {
      "Target": "Parameter",
      "Id": "ParamArmRAngle",
      "FadeInTime": -1.0,
      "FadeOutTime": -1.0,
      "Segments": [
        0,
        0,
        2,
        0.333,
        0,
        0,
        0.8,
        -13,
        0,
        1.267,
        -4.24,
        1,
        1.434,
        -4.24,
        1.6,
        -8.728,
        1.767,
        -11.38,
        1,
        1.856,
        -12.794,
        1.944,
        -13.628,
        2.033,
        -13.78,
        1,
        2.3,
        -14.237,
        2.566,
        -14.32,
        2.833,
        -14.32,
        0,
        3.2,
        -8.68,
        0,
        3.533,
        -14,
        1,
        3.689,
        -14,
        3.844,
        -1.45,
        4,
        0,
        1,
        4.3,
        2.796,
        4.6,
        3,
        4.9,
        3,
        0,
        5.967,
        0,
        2,
        6.167,
        0,
        2,
        6.467,
        0
      ]
    },
    {
      "Target": "Parameter",
      "Id": "ParamArmRStretch",
      "FadeInTime": -1.0,
      "FadeOutTime": -1.0,
      "Segments": [
        0,
        0,
        2,
        0.333,
        0,
        0,
        0.8,
        12,
        1,
        0.956,
        12,
        1.111,
        8.626,
        1.267,
        4,
        1,
        1.434,
        -0.956,
        1.6,
        -2.64,
        1.767,
        -2.64,
        2,
        2.833,
        -2.64,
        1,
        2.955,
        -2.64,
        3.078,
        -2.075,
        3.2,
        4.74,
        1,
        3.311,
        10.935,
        3.422,
        23,
        3.533,
        23,
        0,
        4,
        0,
        2,
        5.967,
        0,
        2,
        6.167,
        0,
        2,
        6.467,
        0
      ]
    },
    {
      "Target": "Parameter",
      "Id": "ParamForearmRAngle",
      "FadeInTime": -1.0,
      "FadeOutTime": -1.0,
      "Segments": [
        0,
        0,
        2,
        0.333,
        0,
        1,
        0.455,
        0,
        0.578,
        -0.33,
        0.7,
        4.132,
        1,
        0.922,
        12.246,
        1.145,
        24.22,
        1.367,
        24.22,
        0,
        1.867,
        21.52,
        0,
        2.933,
        21.88,
        1,
        3.055,
        21.88,
        3.178,
        21.575,
        3.3,
        19.12,
        1,
        3.567,
        13.764,
        3.833,
        1.042,
        4.1,
        0,
        1,
        4.4,
        -1.172,
        4.7,
        -1.02,
        5,
        -1.02,
        0,
        5.967,
        0,
        2,
        6.167,
        0,
        2,
        6.467,
        0
      ]
    },
    {
      "Target": "Parameter",
      "Id": "ParamHandRStretch",
      "FadeInTime": -1.0,
      "FadeOutTime": -1.0,
      "Segments": [
        0,
        0,
        2,
        0.333,
        0,
        1,
        0.489,
        0,
        0.644,
        -8.843,
        0.8,
        -13,
        1,
        0.989,
        -18.047,
        1.178,
        -19.977,
        1.367,
        -24,
        1,
        1.534,
        -27.55,
        1.7,
        -30,
        1.867,
        -30,
        2,
        2.933,
        -30,
        0,
        3.3,
        -19.04,
        0,
        3.633,
        -30,
        0,
        4.1,
        0,
        2,
        5.967,
        0,
        2,
        6.167,
        0,
        2,
        6.467,
        0
      ]
    },
    {
      "Target": "Parameter",
      "Id": "ParamHandRAngle",
      "FadeInTime": -1.0,
      "FadeOutTime": -1.0,
      "Segments": [
        0,
        0,
        2,
        0.333,
        0,
        1,
        0.489,
        0,
        0.644,
        -20.483,
        0.8,
        -24,
        1,
        0.911,
        -26.512,
        1.022,
        -26,
        1.133,
        -26,
        0,
        1.533,
        -6,
        0,
        1.967,
        -14,
        2,
        3.033,
        -14,
        0,
        3.4,
        -3.02,
        0,
        3.733,
        -14.04,
        0,
        4.2,
        3.18,
        0,
        5.967,
        0,
        2,
        6.167,
        0,
        2,
        6.467,
        0
      ]
    },
    {
      "Target": "Parameter",
      "Id": "ParamForearmRLayer",
      "FadeInTime": -1.0,
      "FadeOutTime": -1.0,
      "Segments": [
        0,
        0,
        2,
        0.333,
        0,
        0,
        0.933,
        29,
        1,
        1.111,
        29,
        1.289,
        21.301,
        1.467,
        10,
        1,
        1.534,
        5.762,
        1.6,
        3.745,
        1.667,
        0,
        1,
        1.678,
        -0.624,
        1.689,
        -10.4,
        1.7,
        -10.4,
        2,
        3.033,
        -10.4,
        0,
        3.4,
        30,
        0,
        4.2,
        0,
        2,
        5.967,
        0,
        2,
        6.167,
        0,
        2,
        6.467,
        0
      ]
    },
    {
      "Target": "Parameter",
      "Id": "ParamHandRREDisplay",
      "FadeInTime": -1.0,
      "FadeOutTime": -1.0,
      "Segments": [
        0,
        30,
        2,
        0.333,
        30,
        2,
        0.833,
        30,
        0,
        0.933,
        0,
        2,
        1.467,
        0,
        2,
        1.967,
        0,
        2,
        3.033,
        0,
        2,
        3.6,
        0,
        0,
        3.667,
        30,
        2,
        4.2,
        30,
        2,
        5.967,
        30,
        2,
        6.167,
        30,
        2,
        6.467,
        30
      ]
    },
    {
      "Target": "Parameter",
      "Id": "ParamHandRREDisplay2",
      "FadeInTime": -1.0,
      "FadeOutTime": -1.0,
      "Segments": [
        0,
        30,
        2,
        0.333,
        30,
        2,
        0.833,
        30,
        0,
        1.033,
        0,
        0,
        1.467,
        8.839,
        0,
        1.967,
        0,
        2,
        3.033,
        0,
        1,
        3.244,
        0,
        3.456,
        2.479,
        3.667,
        8.839,
        1,
        3.689,
        9.508,
        3.711,
        30,
        3.733,
        30,
        2,
        4.2,
        30,
        2,
        5.967,
        30,
        2,
        6.167,
        30,
        2,
        6.467,
        30
      ]
    },
    {
      "Target": "Parameter",
      "Id": "rfxxb",
      "FadeInTime": -1.0,
      "FadeOutTime": -1.0,
      "Segments": [
        0,
        0,
        2,
        0.767,
        0,
        0,
        0.933,
        30,
        2,
        1.467,
        30,
        2,
        1.967,
        30,
        2,
        3.033,
        30,
        2,
        3.667,
        30,
        0,
        3.733,
        0,
        2,
        4.2,
        0,
        2,
        5.967,
        0,
        2,
        6.167,
        0,
        2,
        6.467,
        0
      ]
    },
    {
      "Target": "Parameter",
      "Id": "rshangbibz",
      "FadeInTime": -1.0,
      "FadeOutTime": -1.0,
      "Segments": [
        0,
        0,
        2,
        0.333,
        0,
        0,
        1.467,
        -30,
        2,
        1.967,
        -30,
        2,
        3.033,
        -30,
        2,
        3.4,
        -30,
        0,
        4.2,
        0,
        2,
        5.967,
        0,
        2,
        6.167,
        0,
        2,
        6.467,
        0
      ]
    },
    {
      "Target": "Parameter",
      "Id": "chayaoshou",
      "FadeInTime": -1.0,
      "FadeOutTime": -1.0,
      "Segments": [
        0,
        0,
        2,
        0.333,
        0,
        0,
        0.933,
        1,
        2,
        1.467,
        1,
        2,
        1.7,
        1,
        0,
        1.967,
        1.2,
        2,
        2.267,
        1.2,
        2,
        2.867,
        1.2,
        0,
        3.033,
        1,
        2,
        3.4,
        1,
        0,
        4.2,
        0,
        2,
        5.967,
        0,
        2,
        6.167,
        0,
        2,
        6.467,
        0
      ]
    },
    {
      "Target": "Parameter",
      "Id": "youshouj",
      "FadeInTime": -1.0,
      "FadeOutTime": -1.0,
      "Segments": [
        0,
        0,
        2,
        0.333,
        0,
        0,
        0.8,
        -28,
        0,
        1.467,
        -5.598,
        2,
        1.967,
        -5.598,
        2,
        3.033,
        -5.598,
        2,
        3.4,
        -5.598,
        1,
        3.511,
        -5.598,
        3.622,
        -5.929,
        3.733,
        -4,
        1,
        3.889,
        -1.3,
        4.044,
        8,
        4.2,
        8,
        0,
        5.967,
        0,
        2,
        6.167,
        0,
        2,
        6.467,
        0
      ]
    },
    {
      "Target": "Parameter",
      "Id": "youshouj2",
      "FadeInTime": -1.0,
      "FadeOutTime": -1.0,
      "Segments": [
        0,
        0,
        2,
        0.333,
        0,
        0,
        0.933,
        30,
        2,
        1.467,
        30,
        0,
        1.967,
        0,
        2,
        3.033,
        0,
        2,
        3.4,
        0,
        2,
        4.2,
        0,
        2,
        5.967,
        0,
        2,
        6.167,
        0,
        2,
        6.467,
        0
      ]
    },
    {
      "Target": "Parameter",
      "Id": "rshizhi",
      "FadeInTime": -1.0,
      "FadeOutTime": -1.0,
      "Segments": [
        0,
        0,
        2,
        0.333,
        0,
        0,
        0.633,
        15,
        2,
        0.8,
        15,
        0,
        0.933,
        0,
        2,
        1.467,
        0,
        2,
        1.567,
        0,
        0,
        1.967,
        30,
        2,
        3.033,
        30,
        0,
        3.4,
        0,
        0,
        3.733,
        19,
        1,
        3.889,
        19,
        4.044,
        13.819,
        4.2,
        11.52,
        1,
        4.789,
        2.815,
        5.378,
        0,
        5.967,
        0,
        2,
        6.167,
        0,
        2,
        6.467,
        0
      ]
    },
    {
      "Target": "Parameter",
      "Id": "rmuzhi",
      "FadeInTime": -1.0,
      "FadeOutTime": -1.0,
      "Segments": [
        0,
        0,
        2,
        0.333,
        0,
        0,
        1.467,
        -3.858,
        2,
        1.967,
        -3.858,
        2,
        3.033,
        -3.858,
        2,
        3.4,
        -3.858,
        0,
        4.2,
        0,
        2,
        5.967,
        0,
        2,
        6.167,
        0,
        2,
        6.467,
        0
      ]
    },
    {
      "Target": "Parameter",
      "Id": "szlayongjxs",
      "FadeInTime": -1.0,
      "FadeOutTime": -1.0,
      "Segments": [
        0,
        0,
        2,
        0.333,
        0,
        0,
        0.633,
        1,
        2,
        0.9,
        1,
        2,
        1.467,
        1,
        2,
        3.4,
        1,
        2,
        3.733,
        1,
        2,
        3.867,
        1,
        2,
        4.033,
        1,
        0,
        4.2,
        0,
        2,
        5.4,
        0,
        2,
        5.967,
        0,
        2,
        6.167,
        0,
        2,
        6.467,
        0
      ]
    },
    {
      "Target": "Parameter",
      "Id": "layongjxs2",
      "FadeInTime": -1.0,
      "FadeOutTime": -1.0,
      "Segments": [
        0,
        0,
        2,
        0.333,
        0,
        2,
        1.467,
        0,
        2,
        3.4,
        0,
        0,
        3.733,
        1,
        0,
        3.867,
        0,
        0,
        4.033,
        1,
        0,
        4.2,
        0,
        2,
        5.4,
        0,
        2,
        5.967,
        0,
        2,
        6.167,
        0,
        2,
        6.467,
        0
      ]
    },
    {
      "Target": "Parameter",
      "Id": "yjdaixs",
      "FadeInTime": -1.0,
      "FadeOutTime": -1.0,
      "Segments": [
        0,
        0,
        2,
        0.333,
        0,
        0,
        0.633,
        1,
        2,
        0.9,
        1,
        2,
        1.467,
        1,
        2,
        3.4,
        1,
        0,
        3.733,
        0,
        0,
        3.867,
        1,
        0,
        4.033,
        0,
        2,
        5.967,
        0,
        2,
        6.167,
        0,
        2,
        6.467,
        0
      ]
    },
    {
      "Target": "Parameter",
      "Id": "yongjlx",
      "FadeInTime": -1.0,
      "FadeOutTime": -1.0,
      "Segments": [
        0,
        0,
        2,
        0.333,
        0,
        0,
        0.9,
        30,
        2,
        1.467,
        30,
        2,
        3.4,
        30,
        2,
        3.733,
        30,
        2,
        3.867,
        30,
        1,
        3.922,
        30,
        3.978,
        8.716,
        4.033,
        0,
        1,
        4.1,
        -10.459,
        4.166,
        -11,
        4.233,
        -11,
        0,
        4.6,
        22,
        1,
        4.689,
        22,
        4.778,
        18.646,
        4.867,
        7,
        1,
        4.934,
        -1.734,
        5,
        -23.849,
        5.067,
        -27,
        1,
        5.134,
        -30,
        5.2,
        -30,
        5.267,
        -30,
        1,
        5.411,
        -30,
        5.556,
        -13.881,
        5.7,
        -5,
        1,
        5.789,
        0.465,
        5.878,
        0,
        5.967,
        0,
        2,
        6.167,
        0,
        2,
        6.467,
        0
      ]
    },
    {
      "Target": "Parameter",
      "Id": "sdyjd1",
      "FadeInTime": -1.0,
      "FadeOutTime": -1.0,
      "Segments": [
        0,
        0,
        2,
        0.333,
        0,
        2,
        1.467,
        0,
        2,
        1.967,
        0,
        2,
        3.033,
        0,
        2,
        3.4,
        0,
        2,
        4.033,
        0,
        1,
        4.1,
        0,
        4.166,
        -21.269,
        4.233,
        -22,
        1,
        4.522,
        -25.169,
        4.811,
        -26,
        5.1,
        -26,
        0,
        5.967,
        0,
        2,
        6.167,
        0,
        2,
        6.467,
        0
      ]
    },
    {
      "Target": "Parameter",
      "Id": "sdyjd2",
      "FadeInTime": -1.0,
      "FadeOutTime": -1.0,
      "Segments": [
        0,
        0,
        2,
        0.333,
        0,
        2,
        1.467,
        0,
        2,
        1.967,
        0,
        2,
        3.033,
        0,
        2,
        3.4,
        0,
        0,
        4.033,
        -2,
        1,
        4.1,
        -2,
        4.166,
        1.619,
        4.233,
        3,
        1,
        4.522,
        8.984,
        4.811,
        11,
        5.1,
        11,
        0,
        5.967,
        0,
        2,
        6.167,
        0,
        2,
        6.467,
        0
      ]
    },
    {
      "Target": "Parameter",
      "Id": "ParamAngleX",
      "FadeInTime": -1.0,
      "FadeOutTime": -1.0,
      "Segments": [
        0,
        0,
        2,
        0.333,
        0,
        0,
        0.833,
        -16.98,
        0,
        1.333,
        12.24,
        1,
        1.478,
        12.24,
        1.622,
        4.986,
        1.767,
        1,
        1,
        1.878,
        -2.066,
        1.989,
        -2,
        2.1,
        -2,
        0,
        2.633,
        12,
        1,
        2.789,
        12,
        2.944,
        1.734,
        3.1,
        -2,
        1,
        3.233,
        -5.201,
        3.367,
        -5,
        3.5,
        -5,
        2,
        3.867,
        -5,
        0,
        4.233,
        -9,
        2,
        4.8,
        -9,
        1,
        4.956,
        -9,
        5.111,
        -9.019,
        5.267,
        -7,
        1,
        5.411,
        -5.125,
        5.556,
        0,
        5.7,
        0,
        2,
        5.967,
        0,
        2,
        6.167,
        0,
        2,
        6.467,
        0
      ]
    },
    {
      "Target": "Parameter",
      "Id": "ParamAngleY",
      "FadeInTime": -1.0,
      "FadeOutTime": -1.0,
      "Segments": [
        0,
        0,
        2,
        0.333,
        0,
        0,
        1.233,
        -13,
        0,
        1.667,
        16,
        0,
        2,
        -1,
        2,
        2.533,
        -1,
        0,
        3,
        -22.3,
        0,
        3.4,
        -11,
        1,
        3.556,
        -11,
        3.711,
        -12.5,
        3.867,
        -19,
        1,
        3.989,
        -24.107,
        4.111,
        -30,
        4.233,
        -30,
        0,
        4.8,
        24,
        0,
        5.267,
        -4,
        0,
        5.7,
        0,
        2,
        5.967,
        0,
        2,
        6.167,
        0,
        2,
        6.467,
        0
      ]
    },
    {
      "Target": "Parameter",
      "Id": "ParamAngleZ",
      "FadeInTime": -1.0,
      "FadeOutTime": -1.0,
      "Segments": [
        0,
        0,
        2,
        0.333,
        0,
        1,
        0.6,
        0,
        0.866,
        0.311,
        1.133,
        4,
        1,
        1.278,
        5.998,
        1.422,
        19.7,
        1.567,
        19.7,
        0,
        1.9,
        15,
        0,
        2.4,
        17,
        0,
        2.9,
        6,
        1,
        3.311,
        6,
        3.722,
        6.568,
        4.133,
        10.589,
        1,
        4.322,
        12.436,
        4.511,
        21,
        4.7,
        21,
        0,
        5.167,
        -7,
        0,
        5.6,
        0,
        2,
        5.967,
        0,
        2,
        6.167,
        0,
        2,
        6.467,
        0
      ]
    },
    {
      "Target": "Parameter",
      "Id": "ParamBodyAngleX",
      "FadeInTime": -1.0,
      "FadeOutTime": -1.0,
      "Segments": [
        0,
        0,
        2,
        0.333,
        0,
        2,
        2.8,
        0,
        0,
        4.033,
        9,
        1,
        4.222,
        9,
        4.411,
        7.807,
        4.6,
        6,
        1,
        4.756,
        4.512,
        4.911,
        3.381,
        5.067,
        2,
        1,
        5.211,
        0.718,
        5.356,
        0,
        5.5,
        0,
        2,
        5.967,
        0,
        2,
        6.167,
        0,
        2,
        6.467,
        0
      ]
    },
    {
      "Target": "Parameter",
      "Id": "SHENTIY",
      "FadeInTime": -1.0,
      "FadeOutTime": -1.0,
      "Segments": [
        0,
        0,
        2,
        0.333,
        0,
        2,
        2.8,
        0,
        0,
        4.033,
        -5,
        0,
        4.6,
        21,
        0,
        5.067,
        -2,
        0,
        5.5,
        0,
        2,
        5.967,
        0,
        2,
        6.167,
        0,
        2,
        6.467,
        0
      ]
    },
    {
      "Target": "Parameter",
      "Id": "QUANTIX",
      "FadeInTime": -1.0,
      "FadeOutTime": -1.0,
      "Segments": [
        0,
        0,
        2,
        0.333,
        0,
        0,
        1.033,
        -0.48,
        0,
        1.467,
        0.54,
        0,
        1.8,
        0,
        2,
        2.8,
        0,
        0,
        4.033,
        -0.18,
        0,
        4.6,
        0.72,
        0,
        5.067,
        -0.24,
        0,
        5.5,
        0,
        2,
        5.967,
        0,
        2,
        6.167,
        0,
        2,
        6.467,
        0
      ]
    },
    {
      "Target": "Parameter",
      "Id": "QUANTIY",
      "FadeInTime": -1.0,
      "FadeOutTime": -1.0,
      "Segments": [
        0,
        0,
        2,
        0.333,
        0,
        0,
        1.033,
        -0.42,
        0,
        1.467,
        0,
        2,
        1.8,
        0,
        2,
        2.8,
        0,
        0,
        4.033,
        -0.42,
        0,
        4.6,
        0.78,
        0,
        5.067,
        -0.12,
        0,
        5.5,
        0,
        2,
        5.967,
        0,
        2,
        6.167,
        0,
        2,
        6.467,
        0
      ]
    },
    {
      "Target": "Parameter",
      "Id": "ParamChestZ",
      "FadeInTime": -1.0,
      "FadeOutTime": -1.0,
      "Segments": [
        0,
        0,
        2,
        0.333,
        0,
        0,
        0.933,
        -10,
        0,
        1.367,
        5,
        0,
        1.933,
        0,
        0,
        2.7,
        6,
        0,
        3.933,
        -6,
        0,
        4.5,
        8,
        0,
        4.967,
        -3.9,
        0,
        5.4,
        0,
        2,
        5.967,
        0,
        2,
        6.167,
        0,
        2,
        6.467,
        0
      ]
    },
    {
      "Target": "Parameter",
      "Id": "ParamWaistZ",
      "FadeInTime": -1.0,
      "FadeOutTime": -1.0,
      "Segments": [
        0,
        0,
        2,
        0.333,
        0,
        0,
        0.833,
        -5,
        0,
        1.267,
        5,
        0,
        1.833,
        0,
        0,
        2.6,
        3,
        0,
        3.433,
        -4,
        1,
        3.911,
        -4,
        4.389,
        -3.841,
        4.867,
        -3,
        1,
        5.011,
        -2.746,
        5.156,
        0,
        5.3,
        0,
        2,
        5.967,
        0,
        2,
        6.167,
        0,
        2,
        6.467,
        0
      ]
    },
    {
      "Target": "Parameter",
      "Id": "shentihuxi",
      "FadeInTime": -1.0,
      "FadeOutTime": -1.0,
      "Segments": [
        0,
        0,
        2,
        0.333,
        0,
        0,
        1,
        -6,
        0,
        1.567,
        5,
        0,
        2.033,
        -4,
        0,
        2.733,
        2,
        0,
        3.933,
        -2,
        0,
        4.5,
        9,
        0,
        4.967,
        -6,
        0,
        5.4,
        0,
        2,
        5.967,
        0,
        2,
        6.167,
        0,
        2,
        6.467,
        0
      ]
    },
    {
      "Target": "Parameter",
      "Id": "ParamMouthForm",
      "FadeInTime": -1.0,
      "FadeOutTime": -1.0,
      "Segments": [
        0,
        0,
        2,
        0.333,
        0,
        0,
        0.567,
        -0.1,
        0,
        0.767,
        0.2,
        0,
        0.933,
        -0.5,
        0,
        1.067,
        0.2,
        0,
        1.233,
        -0.1,
        0,
        1.433,
        0,
        2,
        1.633,
        0,
        2,
        2.2,
        0,
        2,
        2.333,
        0,
        0,
        2.5,
        -0.3,
        0,
        2.733,
        0,
        1,
        2.789,
        0,
        2.844,
        0,
        2.9,
        -0.1,
        1,
        2.956,
        -0.2,
        3.011,
        -0.4,
        3.067,
        -0.4,
        0,
        3.233,
        0.2,
        0,
        3.433,
        -0.5,
        1,
        3.478,
        -0.5,
        3.522,
        -0.126,
        3.567,
        0,
        1,
        3.634,
        0.188,
        3.7,
        0.2,
        3.767,
        0.2,
        0,
        3.967,
        0,
        2,
        4.367,
        0,
        0,
        4.533,
        0.4,
        0,
        4.7,
        -0.3,
        2,
        4.867,
        -0.3,
        0,
        5.033,
        0,
        2,
        5.233,
        0,
        2,
        5.967,
        0,
        2,
        6.167,
        0,
        2,
        6.467,
        0
      ]
    },
    {
      "Target": "Parameter",
      "Id": "koudaxiao",
      "FadeInTime": -1.0,
      "FadeOutTime": -1.0,
      "Segments": [
        0,
        0,
        2,
        0.333,
        0,
        0,
        0.567,
        0.2,
        1,
        0.634,
        0.2,
        0.7,
        -0.163,
        0.767,
        -0.3,
        1,
        0.822,
        -0.414,
        0.878,
        -0.4,
        0.933,
        -0.4,
        0,
        1.067,
        0,
        0,
        1.233,
        -0.3,
        2,
        1.433,
        -0.3,
        0,
        1.633,
        0,
        2,
        2.2,
        0,
        2,
        2.333,
        0,
        0,
        2.5,
        -0.5,
        0,
        2.733,
        0.1,
        1,
        2.789,
        0.1,
        2.844,
        0.033,
        2.9,
        -0.1,
        1,
        2.956,
        -0.233,
        3.011,
        -0.3,
        3.067,
        -0.3,
        0,
        3.233,
        0,
        0,
        3.433,
        -0.2,
        0,
        3.567,
        0,
        2,
        3.767,
        0,
        2,
        3.967,
        0,
        2,
        4.367,
        0,
        2,
        4.533,
        0,
        0,
        4.7,
        0.3,
        0,
        4.867,
        -0.3,
        1,
        4.922,
        -0.3,
        4.978,
        -0.285,
        5.033,
        -0.2,
        1,
        5.1,
        -0.098,
        5.166,
        0,
        5.233,
        0,
        2,
        5.967,
        0,
        2,
        6.167,
        0,
        2,
        6.467,
        0
      ]
    },
    {
      "Target": "Parameter",
      "Id": "ParamEyeROpen",
      "FadeInTime": -1.0,
      "FadeOutTime": -1.0,
      "Segments": [
        0,
        1,
        2,
        0.333,
        1,
        2,
        1.1,
        1,
        0,
        1.367,
        0,
        0,
        1.6,
        1,
        2,
        2.333,
        1,
        0,
        2.567,
        0.8,
        2,
        3.233,
        0.8,
        0,
        3.533,
        1.1,
        2,
        3.733,
        1.1,
        1,
        3.833,
        1.1,
        3.933,
        1.117,
        4.033,
        1,
        1,
        4.122,
        0.896,
        4.211,
        0,
        4.3,
        0,
        0,
        4.533,
        1,
        2,
        5.967,
        1,
        2,
        6.167,
        1,
        2,
        6.467,
        1
      ]
    },
    {
      "Target": "Parameter",
      "Id": "ParamEyeBallX",
      "FadeInTime": -1.0,
      "FadeOutTime": -1.0,
      "Segments": [
        0,
        0,
        2,
        0.333,
        0,
        2,
        2.333,
        0,
        0,
        2.567,
        -0.4,
        2,
        3.233,
        -0.4,
        0,
        3.533,
        -0.2,
        2,
        3.733,
        -0.2,
        0,
        4.033,
        0,
        2,
        5.967,
        0,
        2,
        6.167,
        0,
        2,
        6.467,
        0
      ]
    },
    {
      "Target": "Parameter",
      "Id": "ParamEyeBallY",
      "FadeInTime": -1.0,
      "FadeOutTime": -1.0,
      "Segments": [
        0,
        0,
        2,
        0.333,
        0,
        2,
        2.333,
        0,
        0,
        2.567,
        -0.7,
        2,
        3.233,
        -0.7,
        0,
        3.533,
        0.4,
        2,
        3.733,
        0.4,
        0,
        4.033,
        0,
        2,
        5.967,
        0,
        2,
        6.167,
        0,
        2,
        6.467,
        0
      ]
    },
    {
      "Target": "Parameter",
      "Id": "SD_BustMotionY_L",
      "FadeInTime": -1.0,
      "FadeOutTime": -1.0,
      "Segments": [
        0,
        0,
        2,
        0.333,
        0,
        2,
        1.033,
        0,
        0,
        1.433,
        30,
        0,
        1.767,
        -16,
        0,
        2.067,
        7,
        0,
        2.367,
        0,
        2,
        4.467,
        0,
        0,
        4.867,
        -30,
        0,
        5.167,
        25,
        0,
        5.433,
        -14,
        0,
        5.7,
        7,
        0,
        5.967,
        0,
        2,
        6.167,
        0,
        2,
        6.467,
        0
      ]
    },
    {
      "Target": "Parameter",
      "Id": "SD_BustMotionY_X",
      "FadeInTime": -1.0,
      "FadeOutTime": -1.0,
      "Segments": [
        0,
        0,
        2,
        0.333,
        0,
        2,
        1.033,
        0,
        0,
        1.433,
        30,
        0,
        1.767,
        -16,
        0,
        2.067,
        7,
        0,
        2.367,
        0,
        2,
        4.467,
        0,
        0,
        4.867,
        -30,
        0,
        5.167,
        25,
        0,
        5.433,
        -14,
        0,
        5.7,
        7,
        0,
        5.967,
        0,
        2,
        6.167,
        0,
        2,
        6.467,
        0
      ]
    },
    {
      "Target": "Parameter",
      "Id": "SD_BustMotionY_L2",
      "FadeInTime": -1.0,
      "FadeOutTime": -1.0,
      "Segments": [
        0,
        0,
        2,
        0.333,
        0,
        2,
        1.267,
        0,
        0,
        1.567,
        -30,
        0,
        1.9,
        16,
        0,
        2.2,
        -7,
        0,
        2.5,
        0,
        2,
        4.467,
        0,
        0,
        4.7,
        -16.14,
        0,
        5,
        16.14,
        0,
        5.3,
        -9.684,
        0,
        5.567,
        4.842,
        0,
        5.833,
        -1.614,
        0,
        5.967,
        0,
        2,
        6.167,
        0,
        2,
        6.467,
        0
      ]
    },
    {
      "Target": "Parameter",
      "Id": "SD_BustMotionY_Y",
      "FadeInTime": -1.0,
      "FadeOutTime": -1.0,
      "Segments": [
        0,
        0,
        2,
        0.333,
        0,
        2,
        1.267,
        0,
        0,
        1.567,
        -30,
        0,
        1.9,
        16,
        0,
        2.2,
        -7,
        0,
        2.5,
        0,
        2,
        4.467,
        0,
        0,
        4.7,
        -16.14,
        0,
        5,
        16.14,
        0,
        5.3,
        -9.684,
        0,
        5.567,
        4.842,
        0,
        5.833,
        -1.614,
        0,
        5.967,
        0,
        2,
        6.167,
        0,
        2,
        6.467,
        0
      ]
    },
    {
      "Target": "Parameter",
      "Id": "Hair_physics",
      "FadeInTime": -1.0,
      "FadeOutTime": -1.0,
      "Segments": [
        0,
        0,
        2,
        0.333,
        0,
        0,
        4.467,
        0.5,
        0,
        5.1,
        0,
        2,
        5.967,
        0,
        2,
        6.167,
        0,
        2,
        6.467,
        0
      ]
    },
    {
      "Target": "Parameter",
      "Id": "lxbgs",
      "FadeInTime": -1.0,
      "FadeOutTime": -1.0,
      "Segments": [
        0,
        0,
        2,
        2.9,
        0,
        0,
        4.033,
        8.378,
        0,
        5.4,
        0,
        2,
        6.467,
        0
      ]
    },
    {
      "Target": "Parameter",
      "Id": "qianfa1",
      "FadeInTime": -1.0,
      "FadeOutTime": -1.0,
      "Segments": [
        0,
        0,
        2,
        0.167,
        0,
        2,
        0.267,
        0,
        2,
        0.333,
        0,
        0,
        0.467,
        -0.032,
        0,
        0.8,
        0.307,
        0,
        1.233,
        -0.165,
        0,
        1.367,
        0.062,
        0,
        1.667,
        -2.524,
        0,
        2,
        4.14,
        0,
        2.333,
        -4.041,
        0,
        2.667,
        2.564,
        0,
        3,
        -1.787,
        0,
        3.367,
        1.635,
        0,
        3.733,
        -1.345,
        0,
        4.133,
        1.31,
        0,
        4.6,
        -3.486,
        0,
        5,
        5.36,
        0,
        5.367,
        -4.382,
        0,
        5.733,
        2.668,
        0,
        6.1,
        -1.629,
        0,
        6.467,
        0.979
      ]
    },
    {
      "Target": "Parameter",
      "Id": "qianfa2",
      "FadeInTime": -1.0,
      "FadeOutTime": -1.0,
      "Segments": [
        0,
        0.002,
        0,
        0.3,
        -0.001,
        2,
        0.333,
        -0.001,
        0,
        0.633,
        -0.108,
        0,
        0.967,
        0.225,
        0,
        1.267,
        -0.125,
        0,
        1.5,
        0.788,
        0,
        1.8,
        -2.634,
        0,
        2.133,
        4.666,
        0,
        2.467,
        -5.082,
        0,
        2.767,
        4.184,
        0,
        3.1,
        -3.034,
        0,
        3.467,
        2.334,
        0,
        3.833,
        -2.008,
        0,
        4.233,
        1.479,
        0,
        4.733,
        -3.373,
        0,
        5.1,
        5,
        0,
        5.467,
        -4.996,
        0,
        5.833,
        3.9,
        0,
        6.2,
        -2.683,
        1,
        6.289,
        -2.683,
        6.378,
        -0.34,
        6.467,
        0.938
      ]
    },
    {
      "Target": "Parameter",
      "Id": "rlihai1",
      "FadeInTime": -1.0,
      "FadeOutTime": -1.0,
      "Segments": [
        0,
        -0.004,
        0,
        0.333,
        0.002,
        0,
        0.5,
        -0.043,
        0,
        0.833,
        0.389,
        0,
        1.233,
        -0.225,
        0,
        1.367,
        0.045,
        0,
        1.7,
        -3.17,
        0,
        2.033,
        5.247,
        0,
        2.367,
        -4.896,
        0,
        2.733,
        3.108,
        0,
        3.1,
        -2.291,
        0,
        3.467,
        2.241,
        0,
        3.8,
        -1.706,
        0,
        4.233,
        2.184,
        0,
        4.633,
        -5.046,
        0,
        5.033,
        7.567,
        0,
        5.433,
        -6.583,
        0,
        5.833,
        4.419,
        0,
        6.2,
        -2.885,
        1,
        6.289,
        -2.885,
        6.378,
        -0.423,
        6.467,
        0.921
      ]
    },
    {
      "Target": "Parameter",
      "Id": "rlihai2",
      "FadeInTime": -1.0,
      "FadeOutTime": -1.0,
      "Segments": [
        0,
        -0.006,
        0,
        0.1,
        -0.012,
        2,
        0.133,
        -0.012,
        0,
        0.367,
        0.002,
        0,
        0.667,
        -0.148,
        0,
        1.033,
        0.374,
        0,
        1.3,
        -0.115,
        0,
        1.533,
        0.847,
        0,
        1.867,
        -3.872,
        0,
        2.2,
        7.032,
        0,
        2.533,
        -7.57,
        0,
        2.9,
        6.223,
        0,
        3.267,
        -4.889,
        0,
        3.633,
        4.155,
        0,
        4,
        -3.516,
        0,
        4.4,
        4.006,
        0,
        4.8,
        -7.044,
        0,
        5.2,
        9.741,
        0,
        5.567,
        -9.957,
        0,
        5.967,
        8.146,
        0,
        6.367,
        -5.942,
        1,
        6.4,
        -5.942,
        6.434,
        -5.196,
        6.467,
        -4.11
      ]
    },
    {
      "Target": "Parameter",
      "Id": "rzhongfa1",
      "FadeInTime": -1.0,
      "FadeOutTime": -1.0,
      "Segments": [
        0,
        0,
        0,
        0.2,
        0.014,
        0,
        0.5,
        -0.064,
        0,
        0.867,
        0.57,
        0,
        1.267,
        -0.298,
        0,
        1.367,
        -0.085,
        0,
        1.7,
        -4.47,
        0,
        2.067,
        7.202,
        0,
        2.433,
        -6.388,
        0,
        2.833,
        3.701,
        0,
        3.2,
        -2.566,
        0,
        3.533,
        2.07,
        0,
        3.933,
        -1.421,
        0,
        4.3,
        2.709,
        0,
        4.667,
        -6.879,
        0,
        5.1,
        11.076,
        0,
        5.5,
        -9.907,
        0,
        5.9,
        6.889,
        0,
        6.333,
        -4.472,
        1,
        6.378,
        -4.472,
        6.422,
        -3.674,
        6.467,
        -2.61
      ]
    },
    {
      "Target": "Parameter",
      "Id": "rzhongfa2",
      "FadeInTime": -1.0,
      "FadeOutTime": -1.0,
      "Segments": [
        0,
        -0.03,
        0,
        0.267,
        0.032,
        0,
        0.667,
        -0.229,
        0,
        1.067,
        0.546,
        0,
        1.333,
        -0.031,
        0,
        1.533,
        1.012,
        0,
        1.867,
        -5.278,
        0,
        2.233,
        9.458,
        0,
        2.6,
        -9.821,
        0,
        2.967,
        7.646,
        0,
        3.333,
        -5.668,
        0,
        3.7,
        4.29,
        0,
        4.067,
        -3.501,
        0,
        4.467,
        5.115,
        0,
        4.833,
        -9.661,
        0,
        5.233,
        13.92,
        0,
        5.633,
        -14.283,
        0,
        6.033,
        11.692,
        0,
        6.467,
        -8.528
      ]
    },
    {
      "Target": "Parameter",
      "Id": "lliuhai1",
      "FadeInTime": -1.0,
      "FadeOutTime": -1.0,
      "Segments": [
        0,
        0,
        0,
        0.2,
        0.009,
        0,
        0.5,
        -0.042,
        0,
        0.867,
        0.38,
        0,
        1.267,
        -0.199,
        0,
        1.367,
        -0.056,
        0,
        1.7,
        -2.98,
        0,
        2.067,
        4.801,
        0,
        2.433,
        -4.259,
        0,
        2.833,
        2.468,
        0,
        3.2,
        -1.711,
        0,
        3.533,
        1.38,
        0,
        3.933,
        -0.947,
        0,
        4.3,
        1.806,
        0,
        4.667,
        -4.586,
        0,
        5.1,
        7.384,
        0,
        5.5,
        -6.604,
        0,
        5.9,
        4.593,
        0,
        6.333,
        -2.981,
        1,
        6.378,
        -2.981,
        6.422,
        -2.449,
        6.467,
        -1.74
      ]
    },
    {
      "Target": "Parameter",
      "Id": "lliuhai2",
      "FadeInTime": -1.0,
      "FadeOutTime": -1.0,
      "Segments": [
        0,
        -0.009,
        0,
        0.233,
        0.013,
        2,
        0.267,
        0.013,
        0,
        0.667,
        -0.136,
        0,
        1.033,
        0.286,
        0,
        1.3,
        -0.029,
        0,
        1.533,
        0.718,
        0,
        1.867,
        -3.008,
        0,
        2.2,
        5.181,
        0,
        2.567,
        -5.262,
        0,
        2.933,
        3.95,
        0,
        3.3,
        -2.878,
        0,
        3.667,
        2.231,
        0,
        4.033,
        -1.813,
        0,
        4.467,
        2.655,
        0,
        4.833,
        -5.187,
        0,
        5.2,
        7.179,
        0,
        5.6,
        -7.193,
        0,
        6,
        5.729,
        0,
        6.4,
        -4.09,
        1,
        6.422,
        -4.09,
        6.445,
        -3.902,
        6.467,
        -3.591
      ]
    },
    {
      "Target": "Parameter",
      "Id": "ParamHair1",
      "FadeInTime": -1.0,
      "FadeOutTime": -1.0,
      "Segments": [
        0,
        0,
        2,
        0.033,
        0,
        2,
        0.167,
        0,
        2,
        0.2,
        0,
        2,
        0.233,
        0,
        2,
        0.267,
        0,
        2,
        0.333,
        0,
        0,
        0.4,
        -0.012,
        0,
        0.767,
        0.798,
        0,
        1.233,
        -0.498,
        0,
        1.3,
        -0.428,
        0,
        1.6,
        -6.037,
        0,
        1.967,
        10.042,
        0,
        2.267,
        -9.983,
        0,
        2.6,
        6.037,
        0,
        2.9,
        -4.038,
        0,
        3.3,
        2.838,
        0,
        3.667,
        -2.357,
        0,
        4.1,
        2.413,
        0,
        4.567,
        -8.095,
        0,
        4.933,
        13.376,
        0,
        5.333,
        -10.25,
        0,
        5.7,
        5.21,
        0,
        6.067,
        -2.367,
        0,
        6.4,
        1.161,
        1,
        6.422,
        1.161,
        6.445,
        1.092,
        6.467,
        0.982
      ]
    },
    {
      "Target": "Parameter",
      "Id": "ParamHair2",
      "FadeInTime": -1.0,
      "FadeOutTime": -1.0,
      "Segments": [
        0,
        0,
        2,
        0.033,
        0,
        2,
        0.233,
        0,
        2,
        0.267,
        0,
        2,
        0.3,
        0,
        0,
        0.633,
        -0.3,
        0,
        0.967,
        0.61,
        0,
        1.267,
        -0.31,
        0,
        1.5,
        2.186,
        0,
        1.8,
        -7.201,
        0,
        2.133,
        12.458,
        0,
        2.433,
        -13.223,
        0,
        2.767,
        10.576,
        0,
        3.1,
        -7.199,
        0,
        3.433,
        4.81,
        0,
        3.8,
        -3.892,
        0,
        4.3,
        2.719,
        0,
        4.767,
        -9.225,
        0,
        5.1,
        13.131,
        0,
        5.467,
        -12.413,
        0,
        5.833,
        8.864,
        0,
        6.2,
        -5.316,
        1,
        6.289,
        -5.316,
        6.378,
        0.027,
        6.467,
        2.164
      ]
    },
    {
      "Target": "Parameter",
      "Id": "ParamHair3",
      "FadeInTime": -1.0,
      "FadeOutTime": -1.0,
      "Segments": [
        0,
        0,
        2,
        0.067,
        0,
        2,
        0.2,
        0,
        2,
        0.233,
        0,
        2,
        0.3,
        0,
        2,
        0.333,
        0,
        0,
        0.733,
        -0.311,
        0,
        1.067,
        0.788,
        0,
        1.367,
        -0.417,
        0,
        1.6,
        2.091,
        0,
        1.933,
        -8.109,
        0,
        2.233,
        15.244,
        0,
        2.567,
        -18.226,
        0,
        2.9,
        16.244,
        0,
        3.233,
        -12.653,
        0,
        3.567,
        9.53,
        0,
        3.933,
        -7.49,
        0,
        4.3,
        5.632,
        0,
        4.833,
        -10.601,
        0,
        5.2,
        17.436,
        0,
        5.6,
        -18.472,
        0,
        5.967,
        14.998,
        0,
        6.3,
        -10.446,
        1,
        6.356,
        -10.446,
        6.411,
        -6.888,
        6.467,
        -3.006
      ]
    },
    {
      "Target": "Parameter",
      "Id": "ParamHair4",
      "FadeInTime": -1.0,
      "FadeOutTime": -1.0,
      "Segments": [
        0,
        0.002,
        0,
        0.1,
        0.003,
        0,
        0.833,
        -0.33,
        0,
        1.2,
        0.984,
        0,
        1.467,
        -0.539,
        0,
        1.733,
        1.984,
        0,
        2.033,
        -9.213,
        0,
        2.333,
        18.544,
        0,
        2.7,
        -23.712,
        0,
        3.033,
        23.045,
        0,
        3.367,
        -19.655,
        0,
        3.7,
        16.139,
        0,
        4.067,
        -13.189,
        0,
        4.433,
        10.729,
        0,
        4.9,
        -12.802,
        0,
        5.3,
        21.83,
        0,
        5.7,
        -24.916,
        0,
        6.067,
        22.375,
        0,
        6.433,
        -17.585,
        1,
        6.444,
        -17.585,
        6.456,
        -17.335,
        6.467,
        -16.88
      ]
    },
    {
      "Target": "Parameter",
      "Id": "ParamEyeRGG",
      "FadeInTime": -1.0,
      "FadeOutTime": -1.0,
      "Segments": [
        0,
        0,
        2,
        1.1,
        0,
        0,
        1.233,
        -11.043,
        0,
        1.433,
        30,
        0,
        1.633,
        -30,
        2,
        1.733,
        -30,
        0,
        1.967,
        20.09,
        0,
        2.267,
        -10.554,
        0,
        2.633,
        10.948,
        0,
        2.9,
        -7.809,
        0,
        3.2,
        4.346,
        0,
        3.267,
        3.852,
        0,
        3.333,
        4.306,
        0,
        3.567,
        -9.849,
        0,
        3.833,
        8.201,
        0,
        4.133,
        -12.726,
        0,
        4.367,
        29.009,
        0,
        4.567,
        -30,
        2,
        4.667,
        -30,
        0,
        4.9,
        20.321,
        0,
        5.2,
        -10.672,
        0,
        5.5,
        5.261,
        0,
        5.8,
        -2.425,
        0,
        6.1,
        1.06,
        0,
        6.4,
        -0.444,
        1,
        6.422,
        -0.444,
        6.445,
        -0.419,
        6.467,
        -0.379
      ]
    },
    {
      "Target": "Parameter",
      "Id": "ZD_BustLMotionX_L",
      "FadeInTime": -1.0,
      "FadeOutTime": -1.0,
      "Segments": [
        0,
        0.168,
        0,
        0.333,
        -0.118,
        0,
        0.667,
        2.038,
        0,
        1.1,
        -1.44,
        0,
        1.3,
        2.165,
        0,
        1.4,
        1.804,
        0,
        1.8,
        8.353,
        0,
        2.167,
        -8.293,
        0,
        2.6,
        4.607,
        0,
        3,
        -2.721,
        0,
        3.333,
        4.834,
        0,
        3.7,
        -3.888,
        0,
        4.067,
        5.292,
        0,
        4.5,
        -20.234,
        0,
        5.033,
        16.135,
        0,
        5.5,
        -21.809,
        0,
        5.9,
        15.956,
        0,
        6.3,
        -9.283,
        1,
        6.356,
        -9.283,
        6.411,
        -6.73,
        6.467,
        -3.75
      ]
    },
    {
      "Target": "Parameter",
      "Id": "ZD_BustLMotionY_L",
      "FadeInTime": -1.0,
      "FadeOutTime": -1.0,
      "Segments": [
        0,
        -0.019,
        0,
        0.167,
        0.045,
        2,
        0.2,
        0.045,
        0,
        0.433,
        -0.031,
        0,
        0.733,
        0.068,
        0,
        1.167,
        -0.046,
        0,
        1.267,
        -0.042,
        0,
        1.633,
        -5.432,
        0,
        1.967,
        6.164,
        0,
        2.3,
        -4.758,
        0,
        2.633,
        2.632,
        0,
        3,
        -1.449,
        0,
        3.3,
        0.945,
        0,
        3.633,
        -0.598,
        0,
        4.033,
        0.569,
        0,
        4.367,
        -0.604,
        0,
        4.533,
        -0.17,
        0,
        4.767,
        -2.415,
        0,
        5.1,
        3.945,
        0,
        5.4,
        -4.029,
        0,
        5.733,
        3.134,
        0,
        6.067,
        -1.748,
        0,
        6.4,
        0.963,
        1,
        6.422,
        0.963,
        6.445,
        0.904,
        6.467,
        0.808
      ]
    },
    {
      "Target": "Parameter",
      "Id": "ZD_BustRMotionX_L",
      "FadeInTime": -1.0,
      "FadeOutTime": -1.0,
      "Segments": [
        0,
        0.235,
        0,
        0.333,
        -0.165,
        0,
        0.667,
        2.853,
        0,
        1.1,
        -2.017,
        0,
        1.3,
        3.031,
        0,
        1.4,
        2.525,
        0,
        1.8,
        11.694,
        0,
        2.167,
        -11.61,
        0,
        2.6,
        6.449,
        0,
        3,
        -3.81,
        0,
        3.333,
        6.767,
        0,
        3.7,
        -5.443,
        0,
        4.067,
        7.408,
        0,
        4.5,
        -28.328,
        0,
        5.033,
        22.59,
        0,
        5.5,
        -30,
        0,
        5.9,
        22.338,
        0,
        6.3,
        -12.997,
        1,
        6.356,
        -12.997,
        6.411,
        -9.421,
        6.467,
        -5.25
      ]
    },
    {
      "Target": "Parameter",
      "Id": "ZD_BustRMotionY_L",
      "FadeInTime": -1.0,
      "FadeOutTime": -1.0,
      "Segments": [
        0,
        -0.019,
        0,
        0.167,
        0.045,
        2,
        0.2,
        0.045,
        0,
        0.433,
        -0.031,
        0,
        0.733,
        0.068,
        0,
        1.167,
        -0.046,
        0,
        1.267,
        -0.042,
        0,
        1.633,
        -5.432,
        0,
        1.967,
        6.164,
        0,
        2.3,
        -4.758,
        0,
        2.633,
        2.632,
        0,
        3,
        -1.449,
        0,
        3.3,
        0.945,
        0,
        3.633,
        -0.598,
        0,
        4.033,
        0.569,
        0,
        4.367,
        -0.604,
        0,
        4.533,
        -0.17,
        0,
        4.767,
        -2.415,
        0,
        5.1,
        3.945,
        0,
        5.4,
        -4.029,
        0,
        5.733,
        3.134,
        0,
        6.067,
        -1.748,
        0,
        6.4,
        0.963,
        1,
        6.422,
        0.963,
        6.445,
        0.904,
        6.467,
        0.808
      ]
    },
    {
      "Target": "Parameter",
      "Id": "touch_drag1",
      "FadeInTime": -1.0,
      "FadeOutTime": -1.0,
      "Segments": [
        0,
        0,
        0,
        6.467,
        0
      ]
    },
    {
      "Target": "Parameter",
      "Id": "heikuang",
      "FadeInTime": -1.0,
      "FadeOutTime": -1.0,
      "Segments": [
        0,
        0,
        0,
        6.467,
        0
      ]
    },
    {
      "Target": "Parameter",
      "Id": "All_X",
      "FadeInTime": -1.0,
      "FadeOutTime": -1.0,
      "Segments": [
        0,
        0,
        0,
        6.467,
        0
      ]
    },
    {
      "Target": "Parameter",
      "Id": "All_Y",
      "FadeInTime": -1.0,
      "FadeOutTime": -1.0,
      "Segments": [
        0,
        0,
        0,
        6.467,
        0
      ]
    },
    {
      "Target": "Parameter",
      "Id": "All_X2",
      "FadeInTime": -1.0,
      "FadeOutTime": -1.0,
      "Segments": [
        0,
        0,
        0,
        6.467,
        0
      ]
    },
    {
      "Target": "Parameter",
      "Id": "All_Y2",
      "FadeInTime": -1.0,
      "FadeOutTime": -1.0,
      "Segments": [
        0,
        0,
        0,
        6.467,
        0
      ]
    },
    {
      "Target": "Parameter",
      "Id": "All_Size",
      "FadeInTime": -1.0,
      "FadeOutTime": -1.0,
      "Segments": [
        0,
        0,
        0,
        6.467,
        0
      ]
    },
    {
      "Target": "Parameter",
      "Id": "All_Size2",
      "FadeInTime": -1.0,
      "FadeOutTime": -1.0,
      "Segments": [
        0,
        0,
        0,
        6.467,
        0
      ]
    },
    {
      "Target": "Parameter",
      "Id": "renxs",
      "FadeInTime": -1.0,
      "FadeOutTime": -1.0,
      "Segments": [
        0,
        0,
        0,
        6.467,
        0
      ]
    },
    {
      "Target": "Parameter",
      "Id": "yongchixs",
      "FadeInTime": -1.0,
      "FadeOutTime": -1.0,
      "Segments": [
        0,
        0,
        0,
        6.467,
        0
      ]
    },
    {
      "Target": "Parameter",
      "Id": "fenjingbjxs",
      "FadeInTime": -1.0,
      "FadeOutTime": -1.0,
      "Segments": [
        0,
        0,
        0,
        6.467,
        0
      ]
    },
    {
      "Target": "Parameter",
      "Id": "man_Size",
      "FadeInTime": -1.0,
      "FadeOutTime": -1.0,
      "Segments": [
        0,
        0,
        0,
        6.467,
        0
      ]
    },
    {
      "Target": "Parameter",
      "Id": "man_Angle",
      "FadeInTime": -1.0,
      "FadeOutTime": -1.0,
      "Segments": [
        0,
        0,
        0,
        6.467,
        0
      ]
    },
    {
      "Target": "Parameter",
      "Id": "yongchixx",
      "FadeInTime": -1.0,
      "FadeOutTime": -1.0,
      "Segments": [
        0,
        0,
        0,
        6.467,
        0
      ]
    },
    {
      "Target": "Parameter",
      "Id": "yongchixx2",
      "FadeInTime": -1.0,
      "FadeOutTime": -1.0,
      "Segments": [
        0,
        0,
        0,
        6.467,
        0
      ]
    },
    {
      "Target": "Parameter",
      "Id": "All_Angle",
      "FadeInTime": -1.0,
      "FadeOutTime": -1.0,
      "Segments": [
        0,
        0,
        0,
        6.467,
        0
      ]
    },
    {
      "Target": "Parameter",
      "Id": "FG_Black",
      "FadeInTime": -1.0,
      "FadeOutTime": -1.0,
      "Segments": [
        0,
        0,
        0,
        6.467,
        0
      ]
    },
    {
      "Target": "Parameter",
      "Id": "BG_White",
      "FadeInTime": -1.0,
      "FadeOutTime": -1.0,
      "Segments": [
        0,
        0,
        0,
        6.467,
        0
      ]
    },
    {
      "Target": "Parameter",
      "Id": "huangguang",
      "FadeInTime": -1.0,
      "FadeOutTime": -1.0,
      "Segments": [
        0,
        0,
        0,
        6.467,
        0
      ]
    },
    {
      "Target": "Parameter",
      "Id": "FG_White",
      "FadeInTime": -1.0,
      "FadeOutTime": -1.0,
      "Segments": [
        0,
        0,
        0,
        6.467,
        0
      ]
    },
    {
      "Target": "Parameter",
      "Id": "xgbquan",
      "FadeInTime": -1.0,
      "FadeOutTime": -1.0,
      "Segments": [
        0,
        0,
        0,
        6.467,
        0
      ]
    },
    {
      "Target": "Parameter",
      "Id": "FG_White2",
      "FadeInTime": -1.0,
      "FadeOutTime": -1.0,
      "Segments": [
        0,
        0,
        0,
        6.467,
        0
      ]
    },
    {
      "Target": "Parameter",
      "Id": "qfwyid",
      "FadeInTime": -1.0,
      "FadeOutTime": -1.0,
      "Segments": [
        0,
        0,
        0,
        6.467,
        0
      ]
    },
    {
      "Target": "Parameter",
      "Id": "ParamMouthCDisplay",
      "FadeInTime": -1.0,
      "FadeOutTime": -1.0,
      "Segments": [
        0,
        0,
        0,
        6.467,
        0
      ]
    },
    {
      "Target": "Parameter",
      "Id": "tiaojidax",
      "FadeInTime": -1.0,
      "FadeOutTime": -1.0,
      "Segments": [
        0,
        0,
        0,
        6.467,
        0
      ]
    },
    {
      "Target": "Parameter",
      "Id": "tiaojiY",
      "FadeInTime": -1.0,
      "FadeOutTime": -1.0,
      "Segments": [
        0,
        0,
        0,
        6.467,
        0
      ]
    },
    {
      "Target": "Parameter",
      "Id": "tiaojij",
      "FadeInTime": -1.0,
      "FadeOutTime": -1.0,
      "Segments": [
        0,
        0,
        0,
        6.467,
        0
      ]
    },
    {
      "Target": "Parameter",
      "Id": "tiaotaicj",
      "FadeInTime": -1.0,
      "FadeOutTime": -1.0,
      "Segments": [
        0,
        0,
        0,
        6.467,
        0
      ]
    },
    {
      "Target": "Parameter",
      "Id": "Rjicxz",
      "FadeInTime": -1.0,
      "FadeOutTime": -1.0,
      "Segments": [
        0,
        0,
        0,
        6.467,
        0
      ]
    },
    {
      "Target": "Parameter",
      "Id": "Rjichisx",
      "FadeInTime": -1.0,
      "FadeOutTime": -1.0,
      "Segments": [
        0,
        0,
        0,
        6.467,
        0
      ]
    },
    {
      "Target": "Parameter",
      "Id": "Rjichiwan",
      "FadeInTime": -1.0,
      "FadeOutTime": -1.0,
      "Segments": [
        0,
        0,
        0,
        6.467,
        0
      ]
    },
    {
      "Target": "Parameter",
      "Id": "Rjichishen",
      "FadeInTime": -1.0,
      "FadeOutTime": -1.0,
      "Segments": [
        0,
        0,
        0,
        6.467,
        0
      ]
    },
    {
      "Target": "Parameter",
      "Id": "Ljicxz",
      "FadeInTime": -1.0,
      "FadeOutTime": -1.0,
      "Segments": [
        0,
        0,
        0,
        6.467,
        0
      ]
    },
    {
      "Target": "Parameter",
      "Id": "Ljichiwan",
      "FadeInTime": -1.0,
      "FadeOutTime": -1.0,
      "Segments": [
        0,
        0,
        0,
        6.467,
        0
      ]
    },
    {
      "Target": "Parameter",
      "Id": "Ljichisx",
      "FadeInTime": -1.0,
      "FadeOutTime": -1.0,
      "Segments": [
        0,
        0,
        0,
        6.467,
        0
      ]
    },
    {
      "Target": "Parameter",
      "Id": "Ljichishen",
      "FadeInTime": -1.0,
      "FadeOutTime": -1.0,
      "Segments": [
        0,
        0,
        0,
        6.467,
        0
      ]
    },
    {
      "Target": "Parameter",
      "Id": "tjyj",
      "FadeInTime": -1.0,
      "FadeOutTime": -1.0,
      "Segments": [
        0,
        0,
        0,
        6.467,
        0
      ]
    },
    {
      "Target": "Parameter",
      "Id": "daiyongj",
      "FadeInTime": -1.0,
      "FadeOutTime": -1.0,
      "Segments": [
        0,
        0,
        0,
        6.467,
        0
      ]
    },
    {
      "Target": "Parameter",
      "Id": "tiaojishens",
      "FadeInTime": -1.0,
      "FadeOutTime": -1.0,
      "Segments": [
        0,
        0,
        0,
        6.467,
        0
      ]
    },
    {
      "Target": "Parameter",
      "Id": "tiaojiwy",
      "FadeInTime": -1.0,
      "FadeOutTime": -1.0,
      "Segments": [
        0,
        0,
        0,
        6.467,
        0
      ]
    },
    {
      "Target": "Parameter",
      "Id": "yongjLdai",
      "FadeInTime": -1.0,
      "FadeOutTime": -1.0,
      "Segments": [
        0,
        10,
        0,
        6.467,
        10
      ]
    },
    {
      "Target": "Parameter",
      "Id": "yongjLdai2",
      "FadeInTime": -1.0,
      "FadeOutTime": -1.0,
      "Segments": [
        0,
        0,
        0,
        6.467,
        0
      ]
    },
    {
      "Target": "Parameter",
      "Id": "yongjRdaiX",
      "FadeInTime": -1.0,
      "FadeOutTime": -1.0,
      "Segments": [
        0,
        -10,
        0,
        6.467,
        -10
      ]
    },
    {
      "Target": "Parameter",
      "Id": "yongjRdaiY",
      "FadeInTime": -1.0,
      "FadeOutTime": -1.0,
      "Segments": [
        0,
        0,
        0,
        6.467,
        0
      ]
    },
    {
      "Target": "Parameter",
      "Id": "tiaojix",
      "FadeInTime": -1.0,
      "FadeOutTime": -1.0,
      "Segments": [
        0,
        0,
        0,
        6.467,
        0
      ]
    },
    {
      "Target": "Parameter",
      "Id": "tiaojdm1",
      "FadeInTime": -1.0,
      "FadeOutTime": -1.0,
      "Segments": [
        0,
        0,
        0,
        6.467,
        0
      ]
    },
    {
      "Target": "Parameter",
      "Id": "tiaojdm2",
      "FadeInTime": -1.0,
      "FadeOutTime": -1.0,
      "Segments": [
        0,
        0,
        0,
        6.467,
        0
      ]
    },
    {
      "Target": "Parameter",
      "Id": "tiaoshuihau",
      "FadeInTime": -1.0,
      "FadeOutTime": -1.0,
      "Segments": [
        0,
        0,
        0,
        6.467,
        0
      ]
    },
    {
      "Target": "Parameter",
      "Id": "dongganshuihua",
      "FadeInTime": -1.0,
      "FadeOutTime": -1.0,
      "Segments": [
        0,
        0,
        0,
        6.467,
        0
      ]
    },
    {
      "Target": "Parameter",
      "Id": "fenmaochu",
      "FadeInTime": -1.0,
      "FadeOutTime": -1.0,
      "Segments": [
        0,
        0,
        0,
        6.467,
        0
      ]
    },
    {
      "Target": "Parameter",
      "Id": "tjbq1",
      "FadeInTime": -1.0,
      "FadeOutTime": -1.0,
      "Segments": [
        0,
        0,
        0,
        6.467,
        0
      ]
    },
    {
      "Target": "Parameter",
      "Id": "tjyjxs",
      "FadeInTime": -1.0,
      "FadeOutTime": -1.0,
      "Segments": [
        0,
        0,
        0,
        6.467,
        0
      ]
    },
    {
      "Target": "Parameter",
      "Id": "lsban",
      "FadeInTime": -1.0,
      "FadeOutTime": -1.0,
      "Segments": [
        0,
        0,
        0,
        6.467,
        0
      ]
    },
    {
      "Target": "Parameter",
      "Id": "lyuanxbxs",
      "FadeInTime": -1.0,
      "FadeOutTime": -1.0,
      "Segments": [
        0,
        0,
        0,
        6.467,
        0
      ]
    },
    {
      "Target": "Parameter",
      "Id": "quanshoubxs",
      "FadeInTime": -1.0,
      "FadeOutTime": -1.0,
      "Segments": [
        0,
        0,
        0,
        6.467,
        0
      ]
    },
    {
      "Target": "Parameter",
      "Id": "ParamHandLREDisplay",
      "FadeInTime": -1.0,
      "FadeOutTime": -1.0,
      "Segments": [
        0,
        30,
        0,
        6.467,
        30
      ]
    },
    {
      "Target": "Parameter",
      "Id": "ParamHandL1Display",
      "FadeInTime": -1.0,
      "FadeOutTime": -1.0,
      "Segments": [
        0,
        0,
        0,
        6.467,
        0
      ]
    },
    {
      "Target": "Parameter",
      "Id": "xinshou",
      "FadeInTime": -1.0,
      "FadeOutTime": -1.0,
      "Segments": [
        0,
        0,
        0,
        6.467,
        0
      ]
    },
    {
      "Target": "Parameter",
      "Id": "mjklshou",
      "FadeInTime": -1.0,
      "FadeOutTime": -1.0,
      "Segments": [
        0,
        0,
        0,
        6.467,
        0
      ]
    },
    {
      "Target": "Parameter",
      "Id": "mjkel",
      "FadeInTime": -1.0,
      "FadeOutTime": -1.0,
      "Segments": [
        0,
        0,
        0,
        6.467,
        0
      ]
    },
    {
      "Target": "Parameter",
      "Id": "lshuaishou",
      "FadeInTime": -1.0,
      "FadeOutTime": -1.0,
      "Segments": [
        0,
        0,
        0,
        6.467,
        0
      ]
    },
    {
      "Target": "Parameter",
      "Id": "rshanbitf",
      "FadeInTime": -1.0,
      "FadeOutTime": -1.0,
      "Segments": [
        0,
        0,
        0,
        6.467,
        0
      ]
    },
    {
      "Target": "Parameter",
      "Id": "rllxb",
      "FadeInTime": -1.0,
      "FadeOutTime": -1.0,
      "Segments": [
        0,
        0,
        0,
        6.467,
        0
      ]
    },
    {
      "Target": "Parameter",
      "Id": "ParamHandR1Display",
      "FadeInTime": -1.0,
      "FadeOutTime": -1.0,
      "Segments": [
        0,
        0,
        0,
        6.467,
        0
      ]
    },
    {
      "Target": "Parameter",
      "Id": "ParamHandR2Display",
      "FadeInTime": -1.0,
      "FadeOutTime": -1.0,
      "Segments": [
        0,
        0,
        0,
        6.467,
        0
      ]
    },
    {
      "Target": "Parameter",
      "Id": "ParamHandR3Display",
      "FadeInTime": -1.0,
      "FadeOutTime": -1.0,
      "Segments": [
        0,
        0,
        0,
        6.467,
        0
      ]
    },
    {
      "Target": "Parameter",
      "Id": "rpaishou",
      "FadeInTime": -1.0,
      "FadeOutTime": -1.0,
      "Segments": [
        0,
        0,
        0,
        6.467,
        0
      ]
    },
    {
      "Target": "Parameter",
      "Id": "rshoubei",
      "FadeInTime": -1.0,
      "FadeOutTime": -1.0,
      "Segments": [
        0,
        0,
        0,
        6.467,
        0
      ]
    },
    {
      "Target": "Parameter",
      "Id": "rfxshou",
      "FadeInTime": -1.0,
      "FadeOutTime": -1.0,
      "Segments": [
        0,
        0,
        0,
        6.467,
        0
      ]
    },
    {
      "Target": "Parameter",
      "Id": "rshouyxs",
      "FadeInTime": -1.0,
      "FadeOutTime": -1.0,
      "Segments": [
        0,
        0,
        0,
        6.467,
        0
      ]
    },
    {
      "Target": "Parameter",
      "Id": "rshuidA",
      "FadeInTime": -1.0,
      "FadeOutTime": -1.0,
      "Segments": [
        0,
        0,
        0,
        6.467,
        0
      ]
    },
    {
      "Target": "Parameter",
      "Id": "rshuidB",
      "FadeInTime": -1.0,
      "FadeOutTime": -1.0,
      "Segments": [
        0,
        0,
        0,
        6.467,
        0
      ]
    },
    {
      "Target": "Parameter",
      "Id": "rshuidC",
      "FadeInTime": -1.0,
      "FadeOutTime": -1.0,
      "Segments": [
        0,
        0,
        0,
        6.467,
        0
      ]
    },
    {
      "Target": "Parameter",
      "Id": "ParamShoulderLStretch",
      "FadeInTime": -1.0,
      "FadeOutTime": -1.0,
      "Segments": [
        0,
        0,
        0,
        6.467,
        0
      ]
    },
    {
      "Target": "Parameter",
      "Id": "ParamShoulderRStretch",
      "FadeInTime": -1.0,
      "FadeOutTime": -1.0,
      "Segments": [
        0,
        0,
        0,
        6.467,
        0
      ]
    },
    {
      "Target": "Parameter",
      "Id": "ParamMouthOpenY",
      "FadeInTime": -1.0,
      "FadeOutTime": -1.0,
      "Segments": [
        0,
        0,
        0,
        6.467,
        0
      ]
    },
    {
      "Target": "Parameter",
      "Id": "ParamMouthOpenYSD",
      "FadeInTime": -1.0,
      "FadeOutTime": -1.0,
      "Segments": [
        0,
        0,
        0,
        6.467,
        0
      ]
    },
    {
      "Target": "Parameter",
      "Id": "sdParamMouthOpenY",
      "FadeInTime": -1.0,
      "FadeOutTime": -1.0,
      "Segments": [
        0,
        0,
        0,
        6.467,
        0
      ]
    },
    {
      "Target": "Parameter",
      "Id": "yayaohe",
      "FadeInTime": -1.0,
      "FadeOutTime": -1.0,
      "Segments": [
        0,
        0,
        0,
        6.467,
        0
      ]
    },
    {
      "Target": "Parameter",
      "Id": "ParamBrowRForm",
      "FadeInTime": -1.0,
      "FadeOutTime": -1.0,
      "Segments": [
        0,
        0,
        0,
        6.467,
        0
      ]
    },
    {
      "Target": "Parameter",
      "Id": "ParamEyeRSmile",
      "FadeInTime": -1.0,
      "FadeOutTime": -1.0,
      "Segments": [
        0,
        0,
        0,
        6.467,
        0
      ]
    },
    {
      "Target": "Parameter",
      "Id": "lianhong",
      "FadeInTime": -1.0,
      "FadeOutTime": -1.0,
      "Segments": [
        0,
        0,
        0,
        6.467,
        0
      ]
    },
    {
      "Target": "Parameter",
      "Id": "yjxs",
      "FadeInTime": -1.0,
      "FadeOutTime": -1.0,
      "Segments": [
        0,
        1,
        0,
        6.467,
        1
      ]
    },
    {
      "Target": "Parameter",
      "Id": "biaoq1",
      "FadeInTime": -1.0,
      "FadeOutTime": -1.0,
      "Segments": [
        0,
        0,
        0,
        6.467,
        0
      ]
    },
    {
      "Target": "Parameter",
      "Id": "lei",
      "FadeInTime": -1.0,
      "FadeOutTime": -1.0,
      "Segments": [
        0,
        0,
        0,
        6.467,
        0
      ]
    },
    {
      "Target": "Parameter",
      "Id": "huangtiaoxs",
      "FadeInTime": -1.0,
      "FadeOutTime": -1.0,
      "Segments": [
        0,
        0,
        0,
        6.467,
        0
      ]
    },
    {
      "Target": "Parameter",
      "Id": "ji",
      "FadeInTime": -1.0,
      "FadeOutTime": -1.0,
      "Segments": [
        0,
        0,
        0,
        6.467,
        0
      ]
    },
    {
      "Target": "Parameter",
      "Id": "huangtia",
      "FadeInTime": -1.0,
      "FadeOutTime": -1.0,
      "Segments": [
        0,
        0,
        0,
        6.467,
        0
      ]
    },
    {
      "Target": "Parameter",
      "Id": "sdllshang",
      "FadeInTime": -1.0,
      "FadeOutTime": -1.0,
      "Segments": [
        0,
        0,
        0,
        6.467,
        0
      ]
    },
    {
      "Target": "Parameter",
      "Id": "jixiong",
      "FadeInTime": -1.0,
      "FadeOutTime": -1.0,
      "Segments": [
        0,
        0,
        0,
        6.467,
        0
      ]
    },
    {
      "Target": "Parameter",
      "Id": "OP_physics",
      "FadeInTime": -1.0,
      "FadeOutTime": -1.0,
      "Segments": [
        0,
        0,
        0,
        6.467,
        0
      ]
    },
    {
      "Target": "Parameter",
      "Id": "fajiaodu",
      "FadeInTime": -1.0,
      "FadeOutTime": -1.0,
      "Segments": [
        0,
        0,
        0,
        6.467,
        0
      ]
    },
    {
      "Target": "Parameter",
      "Id": "ljiaoshoun",
      "FadeInTime": -1.0,
      "FadeOutTime": -1.0,
      "Segments": [
        0,
        0,
        0,
        6.467,
        0
      ]
    },
    {
      "Target": "Parameter",
      "Id": "ParamLegLStretch",
      "FadeInTime": -1.0,
      "FadeOutTime": -1.0,
      "Segments": [
        0,
        0,
        0,
        6.467,
        0
      ]
    },
    {
      "Target": "Parameter",
      "Id": "ParamCrusLAngle",
      "FadeInTime": -1.0,
      "FadeOutTime": -1.0,
      "Segments": [
        0,
        0,
        0,
        6.467,
        0
      ]
    },
    {
      "Target": "Parameter",
      "Id": "lxiaotuiq",
      "FadeInTime": -1.0,
      "FadeOutTime": -1.0,
      "Segments": [
        0,
        0,
        0,
        6.467,
        0
      ]
    },
    {
      "Target": "Parameter",
      "Id": "ldatuisuo",
      "FadeInTime": -1.0,
      "FadeOutTime": -1.0,
      "Segments": [
        0,
        0,
        0,
        6.467,
        0
      ]
    },
    {
      "Target": "Parameter",
      "Id": "ParamFooxz",
      "FadeInTime": -1.0,
      "FadeOutTime": -1.0,
      "Segments": [
        0,
        0,
        0,
        6.467,
        0
      ]
    },
    {
      "Target": "Parameter",
      "Id": "ltaijz",
      "FadeInTime": -1.0,
      "FadeOutTime": -1.0,
      "Segments": [
        0,
        0,
        0,
        6.467,
        0
      ]
    },
    {
      "Target": "Parameter",
      "Id": "ParamLegRAngle",
      "FadeInTime": -1.0,
      "FadeOutTime": -1.0,
      "Segments": [
        0,
        0,
        0,
        6.467,
        0
      ]
    },
    {
      "Target": "Parameter",
      "Id": "ParamCrusRAngle",
      "FadeInTime": -1.0,
      "FadeOutTime": -1.0,
      "Segments": [
        0,
        0,
        0,
        6.467,
        0
      ]
    },
    {
      "Target": "Parameter",
      "Id": "paishuizhu",
      "FadeInTime": -1.0,
      "FadeOutTime": -1.0,
      "Segments": [
        0,
        0,
        0,
        6.467,
        0
      ]
    },
    {
      "Target": "Parameter",
      "Id": "ldtuir1",
      "FadeInTime": -1.0,
      "FadeOutTime": -1.0,
      "Segments": [
        0,
        0,
        0,
        6.467,
        0
      ]
    },
    {
      "Target": "Parameter",
      "Id": "ldtuir2",
      "FadeInTime": -1.0,
      "FadeOutTime": -1.0,
      "Segments": [
        0,
        0,
        0,
        6.467,
        0
      ]
    },
    {
      "Target": "Parameter",
      "Id": "lxtuir1",
      "FadeInTime": -1.0,
      "FadeOutTime": -1.0,
      "Segments": [
        0,
        0,
        0,
        6.467,
        0
      ]
    },
    {
      "Target": "Parameter",
      "Id": "lxtuir2",
      "FadeInTime": -1.0,
      "FadeOutTime": -1.0,
      "Segments": [
        0,
        0,
        0,
        6.467,
        0
      ]
    },
    {
      "Target": "Parameter",
      "Id": "xinfxs",
      "FadeInTime": -1.0,
      "FadeOutTime": -1.0,
      "Segments": [
        0,
        0,
        0,
        6.467,
        0
      ]
    },
    {
      "Target": "Parameter",
      "Id": "xfzhuan",
      "FadeInTime": -1.0,
      "FadeOutTime": -1.0,
      "Segments": [
        0,
        0,
        0,
        6.467,
        0
      ]
    },
    {
      "Target": "Parameter",
      "Id": "xfxuzna",
      "FadeInTime": -1.0,
      "FadeOutTime": -1.0,
      "Segments": [
        0,
        0,
        0,
        6.467,
        0
      ]
    },
    {
      "Target": "Parameter",
      "Id": "fujiX",
      "FadeInTime": -1.0,
      "FadeOutTime": -1.0,
      "Segments": [
        0,
        0,
        0,
        6.467,
        0
      ]
    },
    {
      "Target": "Parameter",
      "Id": "fujiY",
      "FadeInTime": -1.0,
      "FadeOutTime": -1.0,
      "Segments": [
        0,
        0,
        0,
        6.467,
        0
      ]
    },
    {
      "Target": "Parameter",
      "Id": "chengqin",
      "FadeInTime": -1.0,
      "FadeOutTime": -1.0,
      "Segments": [
        0,
        0,
        0,
        6.467,
        0
      ]
    },
    {
      "Target": "Parameter",
      "Id": "yjjyd",
      "FadeInTime": -1.0,
      "FadeOutTime": -1.0,
      "Segments": [
        0,
        0,
        0,
        6.467,
        0
      ]
    },
    {
      "Target": "Parameter",
      "Id": "yjjps",
      "FadeInTime": -1.0,
      "FadeOutTime": -1.0,
      "Segments": [
        0,
        0,
        0,
        6.467,
        0
      ]
    },
    {
      "Target": "Parameter",
      "Id": "yjjdm1",
      "FadeInTime": -1.0,
      "FadeOutTime": -1.0,
      "Segments": [
        0,
        0,
        0,
        6.467,
        0
      ]
    },
    {
      "Target": "Parameter",
      "Id": "yongjingjfz",
      "FadeInTime": -1.0,
      "FadeOutTime": -1.0,
      "Segments": [
        0,
        0,
        0,
        6.467,
        0
      ]
    },
    {
      "Target": "Parameter",
      "Id": "shuiying",
      "FadeInTime": -1.0,
      "FadeOutTime": -1.0,
      "Segments": [
        0,
        0,
        0,
        6.467,
        0
      ]
    },
    {
      "Target": "Parameter",
      "Id": "zhufang",
      "FadeInTime": -1.0,
      "FadeOutTime": -1.0,
      "Segments": [
        0,
        0,
        0,
        6.467,
        0
      ]
    },
    {
      "Target": "Parameter",
      "Id": "cifanguang",
      "FadeInTime": -1.0,
      "FadeOutTime": -1.0,
      "Segments": [
        0,
        0,
        0,
        6.467,
        0
      ]
    },
    {
      "Target": "Parameter",
      "Id": "Param6",
      "FadeInTime": -1.0,
      "FadeOutTime": -1.0,
      "Segments": [
        0,
        0,
        0,
        6.467,
        0
      ]
    },
    {
      "Target": "Parameter",
      "Id": "Param7",
      "FadeInTime": -1.0,
      "FadeOutTime": -1.0,
      "Segments": [
        0,
        0,
        0,
        6.467,
        0
      ]
    },
    {
      "Target": "Parameter",
      "Id": "shuibquian",
      "FadeInTime": -1.0,
      "FadeOutTime": -1.0,
      "Segments": [
        0,
        0,
        0,
        6.467,
        0
      ]
    },
    {
      "Target": "Parameter",
      "Id": "shuibquian2",
      "FadeInTime": -1.0,
      "FadeOutTime": -1.0,
      "Segments": [
        0,
        0,
        0,
        6.467,
        0
      ]
    },
    {
      "Target": "Parameter",
      "Id": "fujicj",
      "FadeInTime": -1.0,
      "FadeOutTime": -1.0,
      "Segments": [
        0,
        0,
        0,
        6.467,
        0
      ]
    },
    {
      "Target": "Parameter",
      "Id": "fujicj2",
      "FadeInTime": -1.0,
      "FadeOutTime": -1.0,
      "Segments": [
        0,
        0,
        0,
        6.467,
        0
      ]
    },
    {
      "Target": "Parameter",
      "Id": "fujidm",
      "FadeInTime": -1.0,
      "FadeOutTime": -1.0,
      "Segments": [
        0,
        0,
        0,
        6.467,
        0
      ]
    },
    {
      "Target": "Parameter",
      "Id": "fujidm2",
      "FadeInTime": -1.0,
      "FadeOutTime": -1.0,
      "Segments": [
        0,
        0,
        0,
        6.467,
        0
      ]
    },
    {
      "Target": "Parameter",
      "Id": "baibiand",
      "FadeInTime": -1.0,
      "FadeOutTime": -1.0,
      "Segments": [
        0,
        0,
        0,
        6.467,
        0
      ]
    },
    {
      "Target": "Parameter",
      "Id": "jichi",
      "FadeInTime": -1.0,
      "FadeOutTime": -1.0,
      "Segments": [
        0,
        0,
        0,
        6.467,
        0
      ]
    },
    {
      "Target": "Parameter",
      "Id": "tjihx",
      "FadeInTime": -1.0,
      "FadeOutTime": -1.0,
      "Segments": [
        0,
        0,
        0,
        6.467,
        0
      ]
    },
    {
      "Target": "Parameter",
      "Id": "shuibqys",
      "FadeInTime": -1.0,
      "FadeOutTime": -1.0,
      "Segments": [
        0,
        0,
        0,
        6.467,
        0
      ]
    },
    {
      "Target": "Parameter",
      "Id": "Param3",
      "FadeInTime": -1.0,
      "FadeOutTime": -1.0,
      "Segments": [
        0,
        0,
        0,
        6.467,
        0
      ]
    },
    {
      "Target": "Parameter",
      "Id": "Param5",
      "FadeInTime": -1.0,
      "FadeOutTime": -1.0,
      "Segments": [
        0,
        0,
        0,
        6.467,
        0
      ]
    },
    {
      "Target": "Parameter",
      "Id": "lalian",
      "FadeInTime": -1.0,
      "FadeOutTime": -1.0,
      "Segments": [
        0,
        0,
        0,
        6.467,
        0
      ]
    },
    {
      "Target": "Parameter",
      "Id": "ParamEyeLGG",
      "FadeInTime": -1.0,
      "FadeOutTime": -1.0,
      "Segments": [
        0,
        0,
        0,
        6.467,
        0
      ]
    },
    {
      "Target": "Parameter",
      "Id": "NULL4",
      "FadeInTime": -1.0,
      "FadeOutTime": -1.0,
      "Segments": [
        0,
        0,
        0,
        6.467,
        0
      ]
    },
    {
      "Target": "Parameter",
      "Id": "NULL5",
      "FadeInTime": -1.0,
      "FadeOutTime": -1.0,
      "Segments": [
        0,
        0,
        0,
        6.467,
        0
      ]
    },
    {
      "Target": "Parameter",
      "Id": "NULL6",
      "FadeInTime": -1.0,
      "FadeOutTime": -1.0,
      "Segments": [
        0,
        0,
        0,
        6.467,
        0
      ]
    },
    {
      "Target": "Parameter",
      "Id": "ParamEyeLOpen",
      "FadeInTime": -1.0,
      "FadeOutTime": -1.0,
      "Segments": [
        0,
        1,
        0,
        6.467,
        1
      ]
    },
    {
      "Target": "Parameter",
      "Id": "ParamEyeLSmile",
      "FadeInTime": -1.0,
      "FadeOutTime": -1.0,
      "Segments": [
        0,
        0,
        0,
        6.467,
        0
      ]
    },
    {
      "Target": "Parameter",
      "Id": "ParamBrowLForm",
      "FadeInTime": -1.0,
      "FadeOutTime": -1.0,
      "Segments": [
        0,
        0,
        0,
        6.467,
        0
      ]
    },
    {
      "Target": "Parameter",
      "Id": "ParamBrowRAngle",
      "FadeInTime": -1.0,
      "FadeOutTime": -1.0,
      "Segments": [
        0,
        0,
        0,
        6.467,
        0
      ]
    },
    {
      "Target": "Parameter",
      "Id": "ParamBodyAngleY",
      "FadeInTime": -1.0,
      "FadeOutTime": -1.0,
      "Segments": [
        0,
        0,
        0,
        6.467,
        0
      ]
    },
    {
      "Target": "Parameter",
      "Id": "ParamBrowLY",
      "FadeInTime": -1.0,
      "FadeOutTime": -1.0,
      "Segments": [
        0,
        0,
        0,
        6.467,
        0
      ]
    },
    {
      "Target": "Parameter",
      "Id": "ParamBrowLX",
      "FadeInTime": -1.0,
      "FadeOutTime": -1.0,
      "Segments": [
        0,
        0,
        0,
        6.467,
        0
      ]
    },
    {
      "Target": "Parameter",
      "Id": "ParamBrowLAngle",
      "FadeInTime": -1.0,
      "FadeOutTime": -1.0,
      "Segments": [
        0,
        0,
        0,
        6.467,
        0
      ]
    },
    {
      "Target": "Parameter",
      "Id": "ParamBrowRY",
      "FadeInTime": -1.0,
      "FadeOutTime": -1.0,
      "Segments": [
        0,
        0,
        0,
        6.467,
        0
      ]
    },
    {
      "Target": "Parameter",
      "Id": "ParamBrowRX",
      "FadeInTime": -1.0,
      "FadeOutTime": -1.0,
      "Segments": [
        0,
        0,
        0,
        6.467,
        0
      ]
    },
    {
      "Target": "Parameter",
      "Id": "ParamBreath",
      "FadeInTime": -1.0,
      "FadeOutTime": -1.0,
      "Segments": [
        0,
        0,
        0,
        6.467,
        0
      ]
    }
  ],
  "UserData": [
    {
      "Time": 0.0,
      "Value": ""
    },
    {
      "Time": 5.967,
      "Value": ""
    }
  ]
}