{
  "Version": 3,
  "Meta": {
    "Duration": 5.1,
    "Fps": 30.0,
    "Loop": true,
    "AreBeziersRestricted": true,
    "FadeInTime": 0.0,
    "FadeOutTime": 0.0,
    "CurveCount": 17,
    "TotalSegmentCount": 81,
    "TotalPointCount": 121,
    "UserDataCount": 1,
    "TotalUserDataSize": 0
  },
  "Curves": [
    {
      "Target": "Parameter",
      "Id": "shuiying",
      "FadeInTime": -1.0,
      "FadeOutTime": -1.0,
      "Segments": [
        0,
        0,
        0,
        2.333,
        15,
        0,
        5.1,
        0
      ]
    },
    {
      "Target": "Parameter",
      "Id": "zhufang",
      "FadeInTime": -1.0,
      "FadeOutTime": -1.0,
      "Segments": [
        0,
        0,
        0,
        1,
        1,
        0,
        2.333,
        0,
        0,
        3.733,
        1,
        0,
        5.1,
        0
      ]
    },
    {
      "Target": "Parameter",
      "Id": "cifanguang",
      "FadeInTime": -1.0,
      "FadeOutTime": -1.0,
      "Segments": [
        0,
        0,
        1,
        1.689,
        0.333,
        3.378,
        0.667,
        5.067,
        1,
        2,
        5.1,
        0
      ]
    },
    {
      "Target": "Parameter",
      "Id": "Param6",
      "FadeInTime": -1.0,
      "FadeOutTime": -1.0,
      "Segments": [
        0,
        -7.349,
        0,
        1.2,
        6.247,
        0,
        2.5,
        -7.349,
        0,
        3.733,
        7.349,
        0,
        5.1,
        -7.349
      ]
    },
    {
      "Target": "Parameter",
      "Id": "Param7",
      "FadeInTime": -1.0,
      "FadeOutTime": -1.0,
      "Segments": [
        0,
        0,
        1,
        0.211,
        9.973,
        0.422,
        22.163,
        0.633,
        22.163,
        0,
        1.867,
        -22.163,
        0,
        3.133,
        22.163,
        0,
        4.4,
        -22.163,
        1,
        4.633,
        -22.163,
        4.867,
        -9.973,
        5.1,
        0
      ]
    },
    {
      "Target": "Parameter",
      "Id": "shuibquian",
      "FadeInTime": -1.0,
      "FadeOutTime": -1.0,
      "Segments": [
        0,
        0,
        1,
        1.689,
        0.333,
        3.378,
        0.667,
        5.067,
        1,
        2,
        5.1,
        0
      ]
    },
    {
      "Target": "Parameter",
      "Id": "shuibquian2",
      "FadeInTime": -1.0,
      "FadeOutTime": -1.0,
      "Segments": [
        0,
        0,
        0,
        2.533,
        0.6,
        0,
        5.1,
        0
      ]
    },
    {
      "Target": "Parameter",
      "Id": "fujicj",
      "FadeInTime": -1.0,
      "FadeOutTime": -1.0,
      "Segments": [
        0,
        -20,
        0,
        0.6,
        20,
        0,
        1.233,
        -20,
        0,
        1.867,
        20,
        0,
        2.533,
        -20,
        0,
        3.167,
        20,
        0,
        3.8,
        -20,
        0,
        4.433,
        20,
        0,
        5.1,
        -20
      ]
    },
    {
      "Target": "Parameter",
      "Id": "fujicj2",
      "FadeInTime": -1.0,
      "FadeOutTime": -1.0,
      "Segments": [
        0,
        0,
        1,
        0.089,
        -9,
        0.178,
        -20,
        0.267,
        -20,
        0,
        0.933,
        20,
        0,
        1.533,
        -20,
        0,
        2.2,
        20,
        0,
        2.533,
        0,
        1,
        2.633,
        -12.593,
        2.733,
        -20,
        2.833,
        -20,
        0,
        3.5,
        20,
        0,
        4.1,
        -20,
        0,
        4.767,
        20,
        1,
        4.878,
        20,
        4.989,
        9,
        5.1,
        0
      ]
    },
    {
      "Target": "Parameter",
      "Id": "fujidm",
      "FadeInTime": -1.0,
      "FadeOutTime": -1.0,
      "Segments": [
        0,
        -0.667,
        0,
        0.6,
        0.667,
        0,
        1.233,
        -0.667,
        0,
        1.867,
        0.667,
        0,
        2.533,
        -0.667,
        0,
        3.167,
        0.667,
        0,
        3.8,
        -0.667,
        0,
        4.433,
        0.667,
        0,
        5.1,
        -0.667
      ]
    },
    {
      "Target": "Parameter",
      "Id": "fujidm2",
      "FadeInTime": -1.0,
      "FadeOutTime": -1.0,
      "Segments": [
        0,
        0,
        1,
        0.089,
        -0.3,
        0.178,
        -0.667,
        0.267,
        -0.667,
        0,
        0.933,
        0.667,
        0,
        1.533,
        -0.667,
        0,
        2.2,
        0.667,
        0,
        2.533,
        0,
        1,
        2.633,
        -0.42,
        2.733,
        -0.667,
        2.833,
        -0.667,
        0,
        3.5,
        0.667,
        0,
        4.1,
        -0.667,
        0,
        4.767,
        0.667,
        1,
        4.878,
        0.667,
        4.989,
        0.3,
        5.1,
        0
      ]
    },
    {
      "Target": "Parameter",
      "Id": "baibiand",
      "FadeInTime": -1.0,
      "FadeOutTime": -1.0,
      "Segments": [
        0,
        0,
        1,
        0.111,
        0.45,
        0.222,
        1,
        0.333,
        1,
        0,
        0.867,
        -1,
        0,
        1.433,
        1,
        0,
        2.067,
        -1,
        1,
        2.222,
        -1,
        2.378,
        -0.736,
        2.533,
        0,
        1,
        2.655,
        0.578,
        2.778,
        1,
        2.9,
        1,
        0,
        3.433,
        -1,
        0,
        4,
        1,
        0,
        4.633,
        -1,
        1,
        4.789,
        -1,
        4.944,
        -0.45,
        5.1,
        0
      ]
    },
    {
      "Target": "Parameter",
      "Id": "jichi",
      "FadeInTime": -1.0,
      "FadeOutTime": -1.0,
      "Segments": [
        0,
        0,
        1,
        0.244,
        0.45,
        0.489,
        1,
        0.733,
        1,
        0,
        1.833,
        -1,
        1,
        2.066,
        -1,
        2.3,
        -0.635,
        2.533,
        0,
        1,
        2.789,
        0.696,
        3.044,
        1,
        3.3,
        1,
        0,
        4.4,
        -1,
        1,
        4.633,
        -1,
        4.867,
        -0.45,
        5.1,
        0
      ]
    },
    {
      "Target": "Parameter",
      "Id": "tjihx",
      "FadeInTime": -1.0,
      "FadeOutTime": -1.0,
      "Segments": [
        0,
        0,
        1,
        0.411,
        -4.5,
        0.822,
        -10,
        1.233,
        -10,
        0,
        2.533,
        0,
        0,
        3.833,
        -10,
        1,
        4.255,
        -10,
        4.678,
        4.5,
        5.1,
        0
      ]
    },
    {
      "Target": "Parameter",
      "Id": "shuibqys",
      "FadeInTime": -1.0,
      "FadeOutTime": -1.0,
      "Segments": [
        0,
        0,
        0,
        5.1,
        0
      ]
    },
    {
      "Target": "Parameter",
      "Id": "Param3",
      "FadeInTime": -1.0,
      "FadeOutTime": -1.0,
      "Segments": [
        0,
        0,
        0,
        5.1,
        0
      ]
    },
    {
      "Target": "Parameter",
      "Id": "Param5",
      "FadeInTime": -1.0,
      "FadeOutTime": -1.0,
      "Segments": [
        0,
        0,
        0,
        5.1,
        0
      ]
    }
  ],
  "UserData": [
    {
      "Time": 0.0,
      "Value": ""
    }
  ]
}