{
  "Version": 3,
  "Meta": {
    "Duration": 5.1,
    "Fps": 30.0,
    "Loop": true,
    "AreBeziersRestricted": true,
    "FadeInTime": 0.0,
    "FadeOutTime": 0.0,
    "CurveCount": 229,
    "TotalSegmentCount": 543,
    "TotalPointCount": 677,
    "UserDataCount": 1,
    "TotalUserDataSize": 0
  },
  "Curves": [
    {
      "Target": "Parameter",
      "Id": "ParamArmLAngle",
      "FadeInTime": -1.0,
      "FadeOutTime": -1.0,
      "Segments": [
        0,
        0,
        0,
        1.3,
        -1.98,
        1,
        1.911,
        -1.98,
        2.522,
        -0.104,
        3.133,
        -0.048,
        1,
        3.789,
        0.013,
        4.444,
        0,
        5.1,
        0
      ]
    },
    {
      "Target": "Parameter",
      "Id": "lyuanshoumz3",
      "FadeInTime": -1.0,
      "FadeOutTime": -1.0,
      "Segments": [
        0,
        0,
        2,
        0.033,
        0,
        0,
        1.3,
        1.164,
        0,
        2.1,
        0,
        2,
        2.167,
        0,
        0,
        3.233,
        -1.745,
        0,
        5.067,
        0,
        2,
        5.1,
        0
      ]
    },
    {
      "Target": "Parameter",
      "Id": "shouqfh2",
      "FadeInTime": -1.0,
      "FadeOutTime": -1.0,
      "Segments": [
        0,
        0,
        0,
        0.533,
        -14,
        0,
        1.133,
        14,
        0,
        1.767,
        -14,
        0,
        2.367,
        14,
        0,
        3.033,
        -14,
        0,
        3.633,
        14,
        0,
        4.267,
        -14,
        0,
        5.1,
        0
      ]
    },
    {
      "Target": "Parameter",
      "Id": "shouqfh3",
      "FadeInTime": -1.0,
      "FadeOutTime": -1.0,
      "Segments": [
        0,
        0,
        0,
        0.767,
        -14,
        0,
        1.367,
        14,
        0,
        2.033,
        -14,
        0,
        2.633,
        14,
        0,
        3.267,
        -14,
        0,
        3.867,
        14,
        0,
        4.5,
        -14,
        0,
        5.1,
        0
      ]
    },
    {
      "Target": "Parameter",
      "Id": "ParamArmRAngle",
      "FadeInTime": -1.0,
      "FadeOutTime": -1.0,
      "Segments": [
        0,
        0,
        1,
        0.522,
        -2.89,
        1.045,
        -8.54,
        1.567,
        -8.54,
        0,
        3.5,
        3,
        1,
        4.033,
        3,
        4.567,
        2.951,
        5.1,
        0
      ]
    },
    {
      "Target": "Parameter",
      "Id": "ParamArmRStretch",
      "FadeInTime": -1.0,
      "FadeOutTime": -1.0,
      "Segments": [
        0,
        0,
        1,
        0.522,
        -5.936,
        1.045,
        -9,
        1.567,
        -9,
        0,
        3.5,
        9,
        1,
        4.033,
        9,
        4.567,
        6.062,
        5.1,
        0
      ]
    },
    {
      "Target": "Parameter",
      "Id": "ParamForearmRAngle",
      "FadeInTime": -1.0,
      "FadeOutTime": -1.0,
      "Segments": [
        0,
        0,
        0,
        1.567,
        1.12,
        1,
        2.211,
        1.12,
        2.856,
        0.739,
        3.5,
        0.36,
        1,
        4.033,
        0.047,
        4.567,
        0,
        5.1,
        0
      ]
    },
    {
      "Target": "Parameter",
      "Id": "ParamHandRAngle",
      "FadeInTime": -1.0,
      "FadeOutTime": -1.0,
      "Segments": [
        0,
        0,
        1,
        0.522,
        0,
        1.045,
        -3.476,
        1.567,
        -3.96,
        1,
        2.211,
        -4.558,
        2.856,
        -4.5,
        3.5,
        -4.5,
        0,
        5.1,
        0
      ]
    },
    {
      "Target": "Parameter",
      "Id": "youshouj",
      "FadeInTime": -1.0,
      "FadeOutTime": -1.0,
      "Segments": [
        0,
        0,
        1,
        0.522,
        -4.774,
        1.045,
        -14,
        1.567,
        -14,
        0,
        3.5,
        5,
        1,
        4.033,
        5,
        4.567,
        4.876,
        5.1,
        0
      ]
    },
    {
      "Target": "Parameter",
      "Id": "rshizhi",
      "FadeInTime": -1.0,
      "FadeOutTime": -1.0,
      "Segments": [
        0,
        0,
        1,
        0.522,
        -5.782,
        1.045,
        -12,
        1.567,
        -12,
        0,
        3.5,
        7,
        1,
        4.033,
        7,
        4.567,
        5.905,
        5.1,
        0
      ]
    },
    {
      "Target": "Parameter",
      "Id": "yongjlx",
      "FadeInTime": -1.0,
      "FadeOutTime": -1.0,
      "Segments": [
        0,
        0,
        1,
        0.522,
        0.917,
        1.045,
        7.8,
        1.567,
        7.8,
        0,
        3.5,
        -0.78,
        1,
        4.033,
        -0.78,
        4.567,
        -0.937,
        5.1,
        0
      ]
    },
    {
      "Target": "Parameter",
      "Id": "rshuidB",
      "FadeInTime": -1.0,
      "FadeOutTime": -1.0,
      "Segments": [
        0,
        0,
        2,
        0.567,
        0,
        0,
        2.567,
        30,
        2,
        2.6,
        0,
        2,
        5.1,
        0
      ]
    },
    {
      "Target": "Parameter",
      "Id": "rshuidC",
      "FadeInTime": -1.0,
      "FadeOutTime": -1.0,
      "Segments": [
        0,
        0,
        2,
        2.567,
        0,
        0,
        3.733,
        30,
        2,
        3.767,
        0,
        2,
        5.1,
        0
      ]
    },
    {
      "Target": "Parameter",
      "Id": "ParamAngleX",
      "FadeInTime": -1.0,
      "FadeOutTime": -1.0,
      "Segments": [
        0,
        0,
        1,
        0.511,
        -5.374,
        1.022,
        -8,
        1.533,
        -8,
        0,
        3.4,
        9,
        1,
        3.967,
        9,
        4.533,
        5.958,
        5.1,
        0
      ]
    },
    {
      "Target": "Parameter",
      "Id": "ParamAngleY",
      "FadeInTime": -1.0,
      "FadeOutTime": -1.0,
      "Segments": [
        0,
        0,
        1,
        0.256,
        4.464,
        0.511,
        5.86,
        0.767,
        5.86,
        0,
        1.533,
        -1,
        0,
        2.467,
        12.74,
        1,
        2.778,
        12.74,
        3.089,
        5.745,
        3.4,
        -1,
        1,
        3.689,
        -7.263,
        3.978,
        -8.405,
        4.267,
        -8.405,
        1,
        4.545,
        -8.405,
        4.822,
        -4.852,
        5.1,
        0
      ]
    },
    {
      "Target": "Parameter",
      "Id": "ParamAngleZ",
      "FadeInTime": -1.0,
      "FadeOutTime": -1.0,
      "Segments": [
        0,
        0,
        2,
        0.267,
        0,
        0,
        1.433,
        -5,
        0,
        3.367,
        12,
        0,
        5.1,
        0
      ]
    },
    {
      "Target": "Parameter",
      "Id": "ParamBodyAngleX",
      "FadeInTime": -1.0,
      "FadeOutTime": -1.0,
      "Segments": [
        0,
        0,
        1,
        0.433,
        -1.368,
        0.867,
        -2,
        1.3,
        -2,
        0,
        3.233,
        3,
        1,
        3.855,
        3,
        4.478,
        1.964,
        5.1,
        0
      ]
    },
    {
      "Target": "Parameter",
      "Id": "SHENTIY",
      "FadeInTime": -1.0,
      "FadeOutTime": -1.0,
      "Segments": [
        0,
        0,
        1,
        0.433,
        -2.121,
        0.867,
        -4,
        1.3,
        -4,
        0,
        3.233,
        4,
        1,
        3.855,
        4,
        4.478,
        3.045,
        5.1,
        0
      ]
    },
    {
      "Target": "Parameter",
      "Id": "ParamChestZ",
      "FadeInTime": -1.0,
      "FadeOutTime": -1.0,
      "Segments": [
        0,
        0,
        1,
        0.4,
        -2.016,
        0.8,
        -5,
        1.2,
        -5,
        0,
        3.133,
        4,
        1,
        3.789,
        4,
        4.444,
        3.305,
        5.1,
        0
      ]
    },
    {
      "Target": "Parameter",
      "Id": "ParamWaistZ",
      "FadeInTime": -1.0,
      "FadeOutTime": -1.0,
      "Segments": [
        0,
        0,
        1,
        0.367,
        -1.77,
        0.733,
        -5,
        1.1,
        -5,
        0,
        3.033,
        4,
        1,
        3.722,
        4,
        4.411,
        3.326,
        5.1,
        0
      ]
    },
    {
      "Target": "Parameter",
      "Id": "shentihuxi",
      "FadeInTime": -1.0,
      "FadeOutTime": -1.0,
      "Segments": [
        0,
        0,
        1,
        0.511,
        -1.892,
        1.022,
        -3,
        1.533,
        -3,
        0,
        3.4,
        3,
        1,
        3.967,
        3,
        4.533,
        2.097,
        5.1,
        0
      ]
    },
    {
      "Target": "Parameter",
      "Id": "yayaohe",
      "FadeInTime": -1.0,
      "FadeOutTime": -1.0,
      "Segments": [
        0,
        0,
        0,
        0.533,
        1,
        0,
        5.1,
        0
      ]
    },
    {
      "Target": "Parameter",
      "Id": "ParamEyeROpen",
      "FadeInTime": -1.0,
      "FadeOutTime": -1.0,
      "Segments": [
        0,
        1,
        0,
        1.367,
        0.9,
        0,
        2.133,
        1,
        0,
        2.5,
        0,
        2,
        2.6,
        0,
        0,
        2.933,
        1,
        2,
        5.1,
        1
      ]
    },
    {
      "Target": "Parameter",
      "Id": "Hair_physics",
      "FadeInTime": -1.0,
      "FadeOutTime": -1.0,
      "Segments": [
        0,
        0,
        0,
        0.867,
        1,
        0,
        1.7,
        0,
        0,
        2.567,
        1,
        0,
        3.433,
        0,
        0,
        4.267,
        1,
        0,
        5.1,
        0
      ]
    },
    {
      "Target": "Parameter",
      "Id": "ParamLegLStretch",
      "FadeInTime": -1.0,
      "FadeOutTime": -1.0,
      "Segments": [
        0,
        0,
        1,
        0.5,
        -1.102,
        1,
        -1.8,
        1.5,
        -1.8,
        0,
        3.433,
        1.71,
        1,
        3.989,
        1.71,
        4.544,
        1.224,
        5.1,
        0
      ]
    },
    {
      "Target": "Parameter",
      "Id": "ParamCrusLAngle",
      "FadeInTime": -1.0,
      "FadeOutTime": -1.0,
      "Segments": [
        0,
        0,
        1,
        0.567,
        -2.493,
        1.133,
        -4,
        1.7,
        -4,
        0,
        3.633,
        3,
        1,
        4.122,
        3,
        4.611,
        2.151,
        5.1,
        0
      ]
    },
    {
      "Target": "Parameter",
      "Id": "ParamLegRAngle",
      "FadeInTime": -1.0,
      "FadeOutTime": -1.0,
      "Segments": [
        0,
        0,
        1,
        0.433,
        -0.978,
        0.867,
        -1.38,
        1.3,
        -1.38,
        0,
        3.233,
        2.203,
        1,
        3.855,
        2.203,
        4.478,
        1.404,
        5.1,
        0
      ]
    },
    {
      "Target": "Parameter",
      "Id": "ParamCrusRAngle",
      "FadeInTime": -1.0,
      "FadeOutTime": -1.0,
      "Segments": [
        0,
        0,
        1,
        0.5,
        -2.682,
        1,
        -9,
        1.5,
        -9,
        0,
        3.433,
        3,
        1,
        3.989,
        3,
        4.544,
        2.98,
        5.1,
        0
      ]
    },
    {
      "Target": "Parameter",
      "Id": "chengqin",
      "FadeInTime": -1.0,
      "FadeOutTime": -1.0,
      "Segments": [
        0,
        0,
        0,
        0.6,
        0.5,
        0,
        1.333,
        -0.1,
        0,
        1.933,
        0.3,
        0,
        2.533,
        0,
        0,
        3.167,
        0.5,
        0,
        3.9,
        -0.1,
        0,
        4.5,
        0.3,
        0,
        5.1,
        0
      ]
    },
    {
      "Target": "Parameter",
      "Id": "lxbgs",
      "FadeInTime": -1.0,
      "FadeOutTime": -1.0,
      "Segments": [
        0,
        0,
        2,
        0.033,
        0,
        0,
        1.3,
        -1.862,
        0,
        2.1,
        0,
        2,
        2.167,
        0,
        0,
        3.233,
        2.793,
        0,
        5.067,
        0,
        2,
        5.1,
        0
      ]
    },
    {
      "Target": "Parameter",
      "Id": "qianfa1",
      "FadeInTime": -1.0,
      "FadeOutTime": -1.0,
      "Segments": [
        0,
        -0.265,
        1,
        0.122,
        -1.394,
        0.245,
        -2.436,
        0.367,
        -2.436,
        0,
        1.267,
        2.978,
        0,
        2.067,
        -2.689,
        0,
        2.933,
        2.575,
        0,
        3.833,
        -2.783,
        0,
        4.667,
        2.527,
        1,
        4.811,
        2.527,
        4.956,
        1.071,
        5.1,
        -0.264
      ]
    },
    {
      "Target": "Parameter",
      "Id": "qianfa2",
      "FadeInTime": -1.0,
      "FadeOutTime": -1.0,
      "Segments": [
        0,
        -0.44,
        0,
        0.233,
        0.319,
        0,
        0.533,
        -1.06,
        0,
        0.833,
        0.472,
        0,
        1.067,
        -0.779,
        0,
        1.4,
        1.653,
        0,
        1.7,
        -0.726,
        0,
        1.933,
        0.398,
        0,
        2.233,
        -1.136,
        0,
        2.533,
        0.46,
        0,
        2.767,
        -0.582,
        0,
        3.1,
        1.245,
        0,
        3.4,
        -0.576,
        0,
        3.667,
        0.809,
        0,
        3.967,
        -1.592,
        0,
        4.3,
        0.732,
        0,
        4.533,
        -0.427,
        0,
        4.8,
        1.168,
        0,
        5.1,
        -0.443
      ]
    },
    {
      "Target": "Parameter",
      "Id": "rlihai1",
      "FadeInTime": -1.0,
      "FadeOutTime": -1.0,
      "Segments": [
        0,
        -0.153,
        1,
        0.133,
        -1.626,
        0.267,
        -3.043,
        0.4,
        -3.043,
        0,
        1.3,
        3.704,
        0,
        2.1,
        -3.273,
        0,
        3,
        3.217,
        0,
        3.867,
        -3.407,
        0,
        4.667,
        3.1,
        1,
        4.811,
        3.1,
        4.956,
        1.438,
        5.1,
        -0.157
      ]
    },
    {
      "Target": "Parameter",
      "Id": "rlihai2",
      "FadeInTime": -1.0,
      "FadeOutTime": -1.0,
      "Segments": [
        0,
        -0.098,
        1,
        0.033,
        -0.298,
        0.067,
        -0.436,
        0.1,
        -0.436,
        0,
        0.233,
        -0.315,
        0,
        0.567,
        -1.593,
        0,
        0.9,
        0.56,
        0,
        1.133,
        -0.422,
        0,
        1.467,
        2.478,
        0,
        1.867,
        -1.066,
        0,
        2.033,
        -0.783,
        0,
        2.267,
        -1.34,
        0,
        2.6,
        0.379,
        0,
        2.833,
        -0.155,
        0,
        3.167,
        1.871,
        0,
        3.5,
        -0.688,
        0,
        3.733,
        0.302,
        0,
        4.067,
        -2.235,
        0,
        4.433,
        0.99,
        0,
        4.6,
        0.69,
        0,
        4.833,
        1.401,
        1,
        4.922,
        1.401,
        5.011,
        0.435,
        5.1,
        -0.092
      ]
    },
    {
      "Target": "Parameter",
      "Id": "rzhongfa1",
      "FadeInTime": -1.0,
      "FadeOutTime": -1.0,
      "Segments": [
        0,
        -0.157,
        1,
        0.133,
        -2.413,
        0.267,
        -4.582,
        0.4,
        -4.582,
        0,
        1.3,
        5.393,
        0,
        2.067,
        -5.189,
        0,
        3,
        4.743,
        0,
        3.867,
        -4.96,
        0,
        4.667,
        4.846,
        1,
        4.811,
        4.845,
        4.956,
        2.297,
        5.1,
        -0.149
      ]
    },
    {
      "Target": "Parameter",
      "Id": "rzhongfa2",
      "FadeInTime": -1.0,
      "FadeOutTime": -1.0,
      "Segments": [
        0,
        0.049,
        1,
        0.044,
        -0.37,
        0.089,
        -0.685,
        0.133,
        -0.685,
        0,
        0.233,
        -0.643,
        0,
        0.567,
        -2.226,
        0,
        0.933,
        0.646,
        0,
        1.133,
        -0.13,
        0,
        1.5,
        3.271,
        0,
        2.2,
        -2.216,
        0,
        2.633,
        0.683,
        0,
        2.833,
        -0.047,
        0,
        3.167,
        2.534,
        0,
        3.567,
        -0.712,
        0,
        3.733,
        -0.207,
        0,
        4.067,
        -2.89,
        0,
        4.833,
        2.188,
        1,
        4.922,
        2.188,
        5.011,
        0.901,
        5.1,
        0.043
      ]
    },
    {
      "Target": "Parameter",
      "Id": "lliuhai1",
      "FadeInTime": -1.0,
      "FadeOutTime": -1.0,
      "Segments": [
        0,
        -0.104,
        1,
        0.133,
        -1.608,
        0.267,
        -3.054,
        0.4,
        -3.055,
        1,
        0.7,
        -3.054,
        1,
        3.595,
        1.3,
        3.595,
        0,
        2.067,
        -3.459,
        0,
        3,
        3.162,
        0,
        3.867,
        -3.307,
        0,
        4.667,
        3.23,
        1,
        4.811,
        3.23,
        4.956,
        1.532,
        5.1,
        -0.099
      ]
    },
    {
      "Target": "Parameter",
      "Id": "lliuhai2",
      "FadeInTime": -1.0,
      "FadeOutTime": -1.0,
      "Segments": [
        0,
        0.008,
        1,
        0.033,
        -0.133,
        0.067,
        -0.23,
        0.1,
        -0.23,
        0,
        0.233,
        -0.075,
        0,
        0.567,
        -1.127,
        0,
        0.9,
        0.278,
        0,
        1.133,
        -0.394,
        0,
        1.467,
        1.709,
        0,
        1.9,
        -0.516,
        0,
        1.933,
        -0.509,
        0,
        2.233,
        -1.044,
        0,
        2.6,
        0.281,
        0,
        2.833,
        -0.294,
        0,
        3.167,
        1.301,
        0,
        3.5,
        -0.304,
        0,
        3.733,
        0.227,
        0,
        4.067,
        -1.525,
        0,
        4.433,
        0.457,
        0,
        4.533,
        0.405,
        0,
        4.833,
        1.093,
        1,
        4.922,
        1.093,
        5.011,
        0.388,
        5.1,
        0.004
      ]
    },
    {
      "Target": "Parameter",
      "Id": "ParamHair1",
      "FadeInTime": -1.0,
      "FadeOutTime": -1.0,
      "Segments": [
        0,
        -1.962,
        1,
        0.111,
        -4.751,
        0.222,
        -7.075,
        0.333,
        -7.075,
        0,
        1.2,
        8.338,
        0,
        2.033,
        -7.912,
        0,
        2.9,
        7.445,
        0,
        3.767,
        -7.838,
        0,
        4.6,
        7.45,
        1,
        4.767,
        7.45,
        4.933,
        2.221,
        5.1,
        -1.962
      ]
    },
    {
      "Target": "Parameter",
      "Id": "ParamHair2",
      "FadeInTime": -1.0,
      "FadeOutTime": -1.0,
      "Segments": [
        0,
        -1.449,
        0,
        0.233,
        1.254,
        0,
        0.5,
        -3.24,
        0,
        0.8,
        1.424,
        0,
        1.067,
        -2.346,
        0,
        1.4,
        4.637,
        0,
        1.7,
        -1.927,
        0,
        1.933,
        1.428,
        0,
        2.233,
        -3.502,
        0,
        2.533,
        1.458,
        0,
        2.767,
        -1.944,
        0,
        3.067,
        3.682,
        0,
        3.4,
        -1.611,
        0,
        3.667,
        2.39,
        0,
        3.967,
        -4.529,
        0,
        4.267,
        1.97,
        0,
        4.5,
        -1.458,
        0,
        4.8,
        3.643,
        0,
        5.1,
        -1.449
      ]
    },
    {
      "Target": "Parameter",
      "Id": "ParamHair3",
      "FadeInTime": -1.0,
      "FadeOutTime": -1.0,
      "Segments": [
        0,
        0.341,
        1,
        0.044,
        -1.082,
        0.089,
        -2.364,
        0.133,
        -2.364,
        0,
        0.4,
        0.956,
        0,
        0.667,
        -3.58,
        0,
        0.967,
        2.202,
        0,
        1.2,
        -2.548,
        0,
        1.533,
        5.854,
        0,
        1.833,
        -3.539,
        0,
        2.1,
        1.527,
        0,
        2.367,
        -3.967,
        0,
        2.667,
        2.373,
        0,
        2.933,
        -2.048,
        0,
        3.2,
        4.558,
        0,
        3.533,
        -2.825,
        0,
        3.8,
        2.869,
        0,
        4.1,
        -5.829,
        0,
        4.4,
        3.553,
        0,
        4.667,
        -1.663,
        0,
        4.933,
        4.117,
        1,
        4.989,
        4.117,
        5.044,
        2.118,
        5.1,
        0.34
      ]
    },
    {
      "Target": "Parameter",
      "Id": "ParamHair4",
      "FadeInTime": -1.0,
      "FadeOutTime": -1.0,
      "Segments": [
        0,
        4.691,
        0,
        0.3,
        -3.682,
        0,
        0.533,
        0.82,
        0,
        0.8,
        -3.593,
        0,
        1.1,
        2.973,
        0,
        1.367,
        -2.767,
        0,
        1.633,
        7.108,
        0,
        1.967,
        -5.829,
        0,
        2.233,
        2.284,
        0,
        2.5,
        -4.322,
        0,
        2.8,
        3.373,
        0,
        3.067,
        -2.28,
        0,
        3.367,
        5.382,
        0,
        3.667,
        -4.331,
        0,
        3.933,
        3.635,
        0,
        4.233,
        -7.293,
        0,
        4.567,
        5.85,
        0,
        4.833,
        -2.494,
        0,
        5.1,
        4.677
      ]
    },
    {
      "Target": "Parameter",
      "Id": "ParamEyeRGG",
      "FadeInTime": -1.0,
      "FadeOutTime": -1.0,
      "Segments": [
        0,
        0.155,
        1,
        0.067,
        0.04,
        0.133,
        -0.191,
        0.2,
        -0.191,
        0,
        0.5,
        0.134,
        0,
        0.767,
        -0.052,
        0,
        1.067,
        0.054,
        0,
        1.367,
        0.016,
        0,
        1.533,
        0.207,
        0,
        1.833,
        -0.332,
        0,
        2.1,
        0.038,
        0,
        2.267,
        -8.27,
        0,
        2.533,
        20.187,
        0,
        2.933,
        -19.375,
        0,
        3.2,
        20.348,
        0,
        3.5,
        -11.805,
        0,
        3.8,
        6.013,
        0,
        4.1,
        -2.813,
        0,
        4.4,
        1.235,
        0,
        4.733,
        -0.528,
        0,
        5.033,
        0.219,
        1,
        5.055,
        0.219,
        5.078,
        0.193,
        5.1,
        0.155
      ]
    },
    {
      "Target": "Parameter",
      "Id": "ZD_BustLMotionX_L",
      "FadeInTime": -1.0,
      "FadeOutTime": -1.0,
      "Segments": [
        0,
        -0.204,
        0,
        0.4,
        0.719,
        0,
        0.767,
        0.097,
        0,
        1.1,
        1.24,
        0,
        1.7,
        -2.14,
        0,
        2.533,
        1.522,
        0,
        3,
        0.277,
        0,
        3.267,
        0.543,
        0,
        3.3,
        0.539,
        0,
        3.333,
        0.543,
        0,
        3.767,
        -1.052,
        0,
        4.233,
        0.12,
        0,
        4.633,
        -0.953,
        1,
        4.789,
        -0.953,
        4.944,
        -0.468,
        5.1,
        -0.02
      ]
    },
    {
      "Target": "Parameter",
      "Id": "ZD_BustLMotionY_L",
      "FadeInTime": -1.0,
      "FadeOutTime": -1.0,
      "Segments": [
        0,
        0.031,
        1,
        0.111,
        0.017,
        0.222,
        -0.026,
        0.333,
        -0.026,
        0,
        0.7,
        0.001,
        0,
        1.033,
        -0.02,
        0,
        1.333,
        -0.014,
        0,
        1.867,
        -0.115,
        0,
        2.267,
        -0.028,
        0,
        2.467,
        -0.038,
        0,
        3.433,
        0.084,
        0,
        3.767,
        -0.013,
        0,
        4.133,
        0.046,
        0,
        4.433,
        0.019,
        0,
        4.833,
        0.04,
        0,
        5,
        0.035,
        2,
        5.033,
        0.035,
        1,
        5.055,
        0.035,
        5.078,
        0.034,
        5.1,
        0.031
      ]
    },
    {
      "Target": "Parameter",
      "Id": "ZD_BustRMotionX_L",
      "FadeInTime": -1.0,
      "FadeOutTime": -1.0,
      "Segments": [
        0,
        -0.285,
        0,
        0.4,
        1.006,
        0,
        0.767,
        0.136,
        0,
        1.1,
        1.737,
        0,
        1.7,
        -2.996,
        0,
        2.533,
        2.131,
        0,
        3,
        0.388,
        0,
        3.267,
        0.76,
        0,
        3.3,
        0.754,
        0,
        3.333,
        0.76,
        0,
        3.767,
        -1.473,
        0,
        4.233,
        0.168,
        0,
        4.633,
        -1.334,
        1,
        4.789,
        -1.334,
        4.944,
        -0.655,
        5.1,
        -0.028
      ]
    },
    {
      "Target": "Parameter",
      "Id": "ZD_BustRMotionY_L",
      "FadeInTime": -1.0,
      "FadeOutTime": -1.0,
      "Segments": [
        0,
        0.031,
        1,
        0.111,
        0.017,
        0.222,
        -0.026,
        0.333,
        -0.026,
        0,
        0.7,
        0.001,
        0,
        1.033,
        -0.02,
        0,
        1.333,
        -0.014,
        0,
        1.867,
        -0.115,
        0,
        2.267,
        -0.028,
        0,
        2.467,
        -0.038,
        0,
        3.433,
        0.084,
        0,
        3.767,
        -0.013,
        0,
        4.133,
        0.046,
        0,
        4.433,
        0.019,
        0,
        4.833,
        0.04,
        0,
        5,
        0.035,
        2,
        5.033,
        0.035,
        1,
        5.055,
        0.035,
        5.078,
        0.034,
        5.1,
        0.031
      ]
    },
    {
      "Target": "Parameter",
      "Id": "touch_drag1",
      "FadeInTime": -1.0,
      "FadeOutTime": -1.0,
      "Segments": [
        0,
        0,
        0,
        5.1,
        0
      ]
    },
    {
      "Target": "Parameter",
      "Id": "heikuang",
      "FadeInTime": -1.0,
      "FadeOutTime": -1.0,
      "Segments": [
        0,
        0,
        0,
        5.1,
        0
      ]
    },
    {
      "Target": "Parameter",
      "Id": "All_X",
      "FadeInTime": -1.0,
      "FadeOutTime": -1.0,
      "Segments": [
        0,
        0,
        0,
        5.1,
        0
      ]
    },
    {
      "Target": "Parameter",
      "Id": "All_Y",
      "FadeInTime": -1.0,
      "FadeOutTime": -1.0,
      "Segments": [
        0,
        0,
        0,
        5.1,
        0
      ]
    },
    {
      "Target": "Parameter",
      "Id": "All_X2",
      "FadeInTime": -1.0,
      "FadeOutTime": -1.0,
      "Segments": [
        0,
        0,
        0,
        5.1,
        0
      ]
    },
    {
      "Target": "Parameter",
      "Id": "All_Y2",
      "FadeInTime": -1.0,
      "FadeOutTime": -1.0,
      "Segments": [
        0,
        0,
        0,
        5.1,
        0
      ]
    },
    {
      "Target": "Parameter",
      "Id": "All_Size",
      "FadeInTime": -1.0,
      "FadeOutTime": -1.0,
      "Segments": [
        0,
        0,
        0,
        5.1,
        0
      ]
    },
    {
      "Target": "Parameter",
      "Id": "All_Size2",
      "FadeInTime": -1.0,
      "FadeOutTime": -1.0,
      "Segments": [
        0,
        0,
        0,
        5.1,
        0
      ]
    },
    {
      "Target": "Parameter",
      "Id": "renxs",
      "FadeInTime": -1.0,
      "FadeOutTime": -1.0,
      "Segments": [
        0,
        0,
        0,
        5.1,
        0
      ]
    },
    {
      "Target": "Parameter",
      "Id": "yongchixs",
      "FadeInTime": -1.0,
      "FadeOutTime": -1.0,
      "Segments": [
        0,
        0,
        0,
        5.1,
        0
      ]
    },
    {
      "Target": "Parameter",
      "Id": "fenjingbjxs",
      "FadeInTime": -1.0,
      "FadeOutTime": -1.0,
      "Segments": [
        0,
        0,
        0,
        5.1,
        0
      ]
    },
    {
      "Target": "Parameter",
      "Id": "man_Size",
      "FadeInTime": -1.0,
      "FadeOutTime": -1.0,
      "Segments": [
        0,
        0,
        0,
        5.1,
        0
      ]
    },
    {
      "Target": "Parameter",
      "Id": "man_Angle",
      "FadeInTime": -1.0,
      "FadeOutTime": -1.0,
      "Segments": [
        0,
        0,
        0,
        5.1,
        0
      ]
    },
    {
      "Target": "Parameter",
      "Id": "yongchixx",
      "FadeInTime": -1.0,
      "FadeOutTime": -1.0,
      "Segments": [
        0,
        0,
        0,
        5.1,
        0
      ]
    },
    {
      "Target": "Parameter",
      "Id": "yongchixx2",
      "FadeInTime": -1.0,
      "FadeOutTime": -1.0,
      "Segments": [
        0,
        0,
        0,
        5.1,
        0
      ]
    },
    {
      "Target": "Parameter",
      "Id": "All_Angle",
      "FadeInTime": -1.0,
      "FadeOutTime": -1.0,
      "Segments": [
        0,
        0,
        0,
        5.1,
        0
      ]
    },
    {
      "Target": "Parameter",
      "Id": "FG_Black",
      "FadeInTime": -1.0,
      "FadeOutTime": -1.0,
      "Segments": [
        0,
        0,
        0,
        5.1,
        0
      ]
    },
    {
      "Target": "Parameter",
      "Id": "BG_White",
      "FadeInTime": -1.0,
      "FadeOutTime": -1.0,
      "Segments": [
        0,
        0,
        0,
        5.1,
        0
      ]
    },
    {
      "Target": "Parameter",
      "Id": "huangguang",
      "FadeInTime": -1.0,
      "FadeOutTime": -1.0,
      "Segments": [
        0,
        0,
        0,
        5.1,
        0
      ]
    },
    {
      "Target": "Parameter",
      "Id": "FG_White",
      "FadeInTime": -1.0,
      "FadeOutTime": -1.0,
      "Segments": [
        0,
        0,
        0,
        5.1,
        0
      ]
    },
    {
      "Target": "Parameter",
      "Id": "xgbquan",
      "FadeInTime": -1.0,
      "FadeOutTime": -1.0,
      "Segments": [
        0,
        0,
        0,
        5.1,
        0
      ]
    },
    {
      "Target": "Parameter",
      "Id": "FG_White2",
      "FadeInTime": -1.0,
      "FadeOutTime": -1.0,
      "Segments": [
        0,
        0,
        0,
        5.1,
        0
      ]
    },
    {
      "Target": "Parameter",
      "Id": "qfwyid",
      "FadeInTime": -1.0,
      "FadeOutTime": -1.0,
      "Segments": [
        0,
        0,
        0,
        5.1,
        0
      ]
    },
    {
      "Target": "Parameter",
      "Id": "ParamMouthCDisplay",
      "FadeInTime": -1.0,
      "FadeOutTime": -1.0,
      "Segments": [
        0,
        0,
        0,
        5.1,
        0
      ]
    },
    {
      "Target": "Parameter",
      "Id": "tiaojidax",
      "FadeInTime": -1.0,
      "FadeOutTime": -1.0,
      "Segments": [
        0,
        0,
        0,
        5.1,
        0
      ]
    },
    {
      "Target": "Parameter",
      "Id": "tiaojiY",
      "FadeInTime": -1.0,
      "FadeOutTime": -1.0,
      "Segments": [
        0,
        0,
        0,
        5.1,
        0
      ]
    },
    {
      "Target": "Parameter",
      "Id": "tiaojij",
      "FadeInTime": -1.0,
      "FadeOutTime": -1.0,
      "Segments": [
        0,
        0,
        0,
        5.1,
        0
      ]
    },
    {
      "Target": "Parameter",
      "Id": "tiaotaicj",
      "FadeInTime": -1.0,
      "FadeOutTime": -1.0,
      "Segments": [
        0,
        0,
        0,
        5.1,
        0
      ]
    },
    {
      "Target": "Parameter",
      "Id": "Rjicxz",
      "FadeInTime": -1.0,
      "FadeOutTime": -1.0,
      "Segments": [
        0,
        0,
        0,
        5.1,
        0
      ]
    },
    {
      "Target": "Parameter",
      "Id": "Rjichisx",
      "FadeInTime": -1.0,
      "FadeOutTime": -1.0,
      "Segments": [
        0,
        0,
        0,
        5.1,
        0
      ]
    },
    {
      "Target": "Parameter",
      "Id": "Rjichiwan",
      "FadeInTime": -1.0,
      "FadeOutTime": -1.0,
      "Segments": [
        0,
        0,
        0,
        5.1,
        0
      ]
    },
    {
      "Target": "Parameter",
      "Id": "Rjichishen",
      "FadeInTime": -1.0,
      "FadeOutTime": -1.0,
      "Segments": [
        0,
        0,
        0,
        5.1,
        0
      ]
    },
    {
      "Target": "Parameter",
      "Id": "Ljicxz",
      "FadeInTime": -1.0,
      "FadeOutTime": -1.0,
      "Segments": [
        0,
        0,
        0,
        5.1,
        0
      ]
    },
    {
      "Target": "Parameter",
      "Id": "Ljichiwan",
      "FadeInTime": -1.0,
      "FadeOutTime": -1.0,
      "Segments": [
        0,
        0,
        0,
        5.1,
        0
      ]
    },
    {
      "Target": "Parameter",
      "Id": "Ljichisx",
      "FadeInTime": -1.0,
      "FadeOutTime": -1.0,
      "Segments": [
        0,
        0,
        0,
        5.1,
        0
      ]
    },
    {
      "Target": "Parameter",
      "Id": "Ljichishen",
      "FadeInTime": -1.0,
      "FadeOutTime": -1.0,
      "Segments": [
        0,
        0,
        0,
        5.1,
        0
      ]
    },
    {
      "Target": "Parameter",
      "Id": "tjyj",
      "FadeInTime": -1.0,
      "FadeOutTime": -1.0,
      "Segments": [
        0,
        0,
        0,
        5.1,
        0
      ]
    },
    {
      "Target": "Parameter",
      "Id": "daiyongj",
      "FadeInTime": -1.0,
      "FadeOutTime": -1.0,
      "Segments": [
        0,
        0,
        0,
        5.1,
        0
      ]
    },
    {
      "Target": "Parameter",
      "Id": "tiaojishens",
      "FadeInTime": -1.0,
      "FadeOutTime": -1.0,
      "Segments": [
        0,
        0,
        0,
        5.1,
        0
      ]
    },
    {
      "Target": "Parameter",
      "Id": "tiaojiwy",
      "FadeInTime": -1.0,
      "FadeOutTime": -1.0,
      "Segments": [
        0,
        0,
        0,
        5.1,
        0
      ]
    },
    {
      "Target": "Parameter",
      "Id": "yongjLdai",
      "FadeInTime": -1.0,
      "FadeOutTime": -1.0,
      "Segments": [
        0,
        10,
        0,
        5.1,
        10
      ]
    },
    {
      "Target": "Parameter",
      "Id": "yongjLdai2",
      "FadeInTime": -1.0,
      "FadeOutTime": -1.0,
      "Segments": [
        0,
        0,
        0,
        5.1,
        0
      ]
    },
    {
      "Target": "Parameter",
      "Id": "yongjRdaiX",
      "FadeInTime": -1.0,
      "FadeOutTime": -1.0,
      "Segments": [
        0,
        -10,
        0,
        5.1,
        -10
      ]
    },
    {
      "Target": "Parameter",
      "Id": "yongjRdaiY",
      "FadeInTime": -1.0,
      "FadeOutTime": -1.0,
      "Segments": [
        0,
        0,
        0,
        5.1,
        0
      ]
    },
    {
      "Target": "Parameter",
      "Id": "tiaojix",
      "FadeInTime": -1.0,
      "FadeOutTime": -1.0,
      "Segments": [
        0,
        0,
        0,
        5.1,
        0
      ]
    },
    {
      "Target": "Parameter",
      "Id": "tiaojdm1",
      "FadeInTime": -1.0,
      "FadeOutTime": -1.0,
      "Segments": [
        0,
        0,
        0,
        5.1,
        0
      ]
    },
    {
      "Target": "Parameter",
      "Id": "tiaojdm2",
      "FadeInTime": -1.0,
      "FadeOutTime": -1.0,
      "Segments": [
        0,
        0,
        0,
        5.1,
        0
      ]
    },
    {
      "Target": "Parameter",
      "Id": "tiaoshuihau",
      "FadeInTime": -1.0,
      "FadeOutTime": -1.0,
      "Segments": [
        0,
        0,
        0,
        5.1,
        0
      ]
    },
    {
      "Target": "Parameter",
      "Id": "dongganshuihua",
      "FadeInTime": -1.0,
      "FadeOutTime": -1.0,
      "Segments": [
        0,
        0,
        0,
        5.1,
        0
      ]
    },
    {
      "Target": "Parameter",
      "Id": "fenmaochu",
      "FadeInTime": -1.0,
      "FadeOutTime": -1.0,
      "Segments": [
        0,
        0,
        0,
        5.1,
        0
      ]
    },
    {
      "Target": "Parameter",
      "Id": "tjbq1",
      "FadeInTime": -1.0,
      "FadeOutTime": -1.0,
      "Segments": [
        0,
        0,
        0,
        5.1,
        0
      ]
    },
    {
      "Target": "Parameter",
      "Id": "tjyjxs",
      "FadeInTime": -1.0,
      "FadeOutTime": -1.0,
      "Segments": [
        0,
        0,
        0,
        5.1,
        0
      ]
    },
    {
      "Target": "Parameter",
      "Id": "ParamArmLStretch",
      "FadeInTime": -1.0,
      "FadeOutTime": -1.0,
      "Segments": [
        0,
        0,
        0,
        5.1,
        0
      ]
    },
    {
      "Target": "Parameter",
      "Id": "ParamForearmLAngle",
      "FadeInTime": -1.0,
      "FadeOutTime": -1.0,
      "Segments": [
        0,
        0,
        0,
        5.1,
        0
      ]
    },
    {
      "Target": "Parameter",
      "Id": "ParamForearmLStretch",
      "FadeInTime": -1.0,
      "FadeOutTime": -1.0,
      "Segments": [
        0,
        0,
        0,
        5.1,
        0
      ]
    },
    {
      "Target": "Parameter",
      "Id": "ParamHandLAngle",
      "FadeInTime": -1.0,
      "FadeOutTime": -1.0,
      "Segments": [
        0,
        0,
        0,
        5.1,
        0
      ]
    },
    {
      "Target": "Parameter",
      "Id": "tsbitmd2",
      "FadeInTime": -1.0,
      "FadeOutTime": -1.0,
      "Segments": [
        0,
        0,
        0,
        5.1,
        0
      ]
    },
    {
      "Target": "Parameter",
      "Id": "lsban",
      "FadeInTime": -1.0,
      "FadeOutTime": -1.0,
      "Segments": [
        0,
        0,
        0,
        5.1,
        0
      ]
    },
    {
      "Target": "Parameter",
      "Id": "lyuanxbxs",
      "FadeInTime": -1.0,
      "FadeOutTime": -1.0,
      "Segments": [
        0,
        0,
        0,
        5.1,
        0
      ]
    },
    {
      "Target": "Parameter",
      "Id": "quanshoubxs",
      "FadeInTime": -1.0,
      "FadeOutTime": -1.0,
      "Segments": [
        0,
        0,
        0,
        5.1,
        0
      ]
    },
    {
      "Target": "Parameter",
      "Id": "ParamHandLREDisplay",
      "FadeInTime": -1.0,
      "FadeOutTime": -1.0,
      "Segments": [
        0,
        30,
        0,
        5.1,
        30
      ]
    },
    {
      "Target": "Parameter",
      "Id": "ParamHandL1Display",
      "FadeInTime": -1.0,
      "FadeOutTime": -1.0,
      "Segments": [
        0,
        0,
        0,
        5.1,
        0
      ]
    },
    {
      "Target": "Parameter",
      "Id": "tsbitmd",
      "FadeInTime": -1.0,
      "FadeOutTime": -1.0,
      "Segments": [
        0,
        0,
        0,
        5.1,
        0
      ]
    },
    {
      "Target": "Parameter",
      "Id": "xinshou",
      "FadeInTime": -1.0,
      "FadeOutTime": -1.0,
      "Segments": [
        0,
        0,
        0,
        5.1,
        0
      ]
    },
    {
      "Target": "Parameter",
      "Id": "mjklshou",
      "FadeInTime": -1.0,
      "FadeOutTime": -1.0,
      "Segments": [
        0,
        0,
        0,
        5.1,
        0
      ]
    },
    {
      "Target": "Parameter",
      "Id": "mjkel",
      "FadeInTime": -1.0,
      "FadeOutTime": -1.0,
      "Segments": [
        0,
        0,
        0,
        5.1,
        0
      ]
    },
    {
      "Target": "Parameter",
      "Id": "lyuanshouz",
      "FadeInTime": -1.0,
      "FadeOutTime": -1.0,
      "Segments": [
        0,
        0,
        0,
        5.1,
        0
      ]
    },
    {
      "Target": "Parameter",
      "Id": "lyuanshoumz2",
      "FadeInTime": -1.0,
      "FadeOutTime": -1.0,
      "Segments": [
        0,
        0,
        0,
        5.1,
        0
      ]
    },
    {
      "Target": "Parameter",
      "Id": "ParamForearmLLayer2",
      "FadeInTime": -1.0,
      "FadeOutTime": -1.0,
      "Segments": [
        0,
        0,
        0,
        5.1,
        0
      ]
    },
    {
      "Target": "Parameter",
      "Id": "lshuaishou",
      "FadeInTime": -1.0,
      "FadeOutTime": -1.0,
      "Segments": [
        0,
        0,
        0,
        5.1,
        0
      ]
    },
    {
      "Target": "Parameter",
      "Id": "ljianfbz1",
      "FadeInTime": -1.0,
      "FadeOutTime": -1.0,
      "Segments": [
        0,
        0,
        0,
        5.1,
        0
      ]
    },
    {
      "Target": "Parameter",
      "Id": "ljianfbz2",
      "FadeInTime": -1.0,
      "FadeOutTime": -1.0,
      "Segments": [
        0,
        0,
        0,
        5.1,
        0
      ]
    },
    {
      "Target": "Parameter",
      "Id": "lshouyX",
      "FadeInTime": -1.0,
      "FadeOutTime": -1.0,
      "Segments": [
        0,
        0,
        0,
        5.1,
        0
      ]
    },
    {
      "Target": "Parameter",
      "Id": "lshouyY",
      "FadeInTime": -1.0,
      "FadeOutTime": -1.0,
      "Segments": [
        0,
        0,
        0,
        5.1,
        0
      ]
    },
    {
      "Target": "Parameter",
      "Id": "lshouyingxs",
      "FadeInTime": -1.0,
      "FadeOutTime": -1.0,
      "Segments": [
        0,
        0,
        0,
        5.1,
        0
      ]
    },
    {
      "Target": "Parameter",
      "Id": "souqianfcji",
      "FadeInTime": -1.0,
      "FadeOutTime": -1.0,
      "Segments": [
        0,
        0,
        0,
        5.1,
        0
      ]
    },
    {
      "Target": "Parameter",
      "Id": "shouqfsd1",
      "FadeInTime": -1.0,
      "FadeOutTime": -1.0,
      "Segments": [
        0,
        0,
        0,
        5.1,
        0
      ]
    },
    {
      "Target": "Parameter",
      "Id": "lxbgs2",
      "FadeInTime": -1.0,
      "FadeOutTime": -1.0,
      "Segments": [
        0,
        0,
        0,
        5.1,
        0
      ]
    },
    {
      "Target": "Parameter",
      "Id": "ParamHandRStretch",
      "FadeInTime": -1.0,
      "FadeOutTime": -1.0,
      "Segments": [
        0,
        0,
        0,
        5.1,
        0
      ]
    },
    {
      "Target": "Parameter",
      "Id": "rshanbitf",
      "FadeInTime": -1.0,
      "FadeOutTime": -1.0,
      "Segments": [
        0,
        0,
        0,
        5.1,
        0
      ]
    },
    {
      "Target": "Parameter",
      "Id": "ParamForearmRLayer",
      "FadeInTime": -1.0,
      "FadeOutTime": -1.0,
      "Segments": [
        0,
        0,
        0,
        5.1,
        0
      ]
    },
    {
      "Target": "Parameter",
      "Id": "ParamHandRREDisplay",
      "FadeInTime": -1.0,
      "FadeOutTime": -1.0,
      "Segments": [
        0,
        30,
        0,
        5.1,
        30
      ]
    },
    {
      "Target": "Parameter",
      "Id": "ParamHandRREDisplay2",
      "FadeInTime": -1.0,
      "FadeOutTime": -1.0,
      "Segments": [
        0,
        30,
        0,
        5.1,
        30
      ]
    },
    {
      "Target": "Parameter",
      "Id": "rllxb",
      "FadeInTime": -1.0,
      "FadeOutTime": -1.0,
      "Segments": [
        0,
        0,
        0,
        5.1,
        0
      ]
    },
    {
      "Target": "Parameter",
      "Id": "ParamHandR1Display",
      "FadeInTime": -1.0,
      "FadeOutTime": -1.0,
      "Segments": [
        0,
        0,
        0,
        5.1,
        0
      ]
    },
    {
      "Target": "Parameter",
      "Id": "ParamHandR2Display",
      "FadeInTime": -1.0,
      "FadeOutTime": -1.0,
      "Segments": [
        0,
        0,
        0,
        5.1,
        0
      ]
    },
    {
      "Target": "Parameter",
      "Id": "ParamHandR3Display",
      "FadeInTime": -1.0,
      "FadeOutTime": -1.0,
      "Segments": [
        0,
        0,
        0,
        5.1,
        0
      ]
    },
    {
      "Target": "Parameter",
      "Id": "rfxxb",
      "FadeInTime": -1.0,
      "FadeOutTime": -1.0,
      "Segments": [
        0,
        0,
        0,
        5.1,
        0
      ]
    },
    {
      "Target": "Parameter",
      "Id": "rshangbibz",
      "FadeInTime": -1.0,
      "FadeOutTime": -1.0,
      "Segments": [
        0,
        0,
        0,
        5.1,
        0
      ]
    },
    {
      "Target": "Parameter",
      "Id": "rpaishou",
      "FadeInTime": -1.0,
      "FadeOutTime": -1.0,
      "Segments": [
        0,
        0,
        0,
        5.1,
        0
      ]
    },
    {
      "Target": "Parameter",
      "Id": "rshoubei",
      "FadeInTime": -1.0,
      "FadeOutTime": -1.0,
      "Segments": [
        0,
        0,
        0,
        5.1,
        0
      ]
    },
    {
      "Target": "Parameter",
      "Id": "chayaoshou",
      "FadeInTime": -1.0,
      "FadeOutTime": -1.0,
      "Segments": [
        0,
        0,
        0,
        5.1,
        0
      ]
    },
    {
      "Target": "Parameter",
      "Id": "rfxshou",
      "FadeInTime": -1.0,
      "FadeOutTime": -1.0,
      "Segments": [
        0,
        0,
        0,
        5.1,
        0
      ]
    },
    {
      "Target": "Parameter",
      "Id": "youshouj2",
      "FadeInTime": -1.0,
      "FadeOutTime": -1.0,
      "Segments": [
        0,
        0,
        0,
        5.1,
        0
      ]
    },
    {
      "Target": "Parameter",
      "Id": "rmuzhi",
      "FadeInTime": -1.0,
      "FadeOutTime": -1.0,
      "Segments": [
        0,
        0,
        0,
        5.1,
        0
      ]
    },
    {
      "Target": "Parameter",
      "Id": "szlayongjxs",
      "FadeInTime": -1.0,
      "FadeOutTime": -1.0,
      "Segments": [
        0,
        0,
        0,
        5.1,
        0
      ]
    },
    {
      "Target": "Parameter",
      "Id": "layongjxs2",
      "FadeInTime": -1.0,
      "FadeOutTime": -1.0,
      "Segments": [
        0,
        0,
        0,
        5.1,
        0
      ]
    },
    {
      "Target": "Parameter",
      "Id": "yjdaixs",
      "FadeInTime": -1.0,
      "FadeOutTime": -1.0,
      "Segments": [
        0,
        0,
        0,
        5.1,
        0
      ]
    },
    {
      "Target": "Parameter",
      "Id": "sdyjd1",
      "FadeInTime": -1.0,
      "FadeOutTime": -1.0,
      "Segments": [
        0,
        0,
        0,
        5.1,
        0
      ]
    },
    {
      "Target": "Parameter",
      "Id": "sdyjd2",
      "FadeInTime": -1.0,
      "FadeOutTime": -1.0,
      "Segments": [
        0,
        0,
        0,
        5.1,
        0
      ]
    },
    {
      "Target": "Parameter",
      "Id": "rshouyxs",
      "FadeInTime": -1.0,
      "FadeOutTime": -1.0,
      "Segments": [
        0,
        0,
        0,
        5.1,
        0
      ]
    },
    {
      "Target": "Parameter",
      "Id": "rshuidA",
      "FadeInTime": -1.0,
      "FadeOutTime": -1.0,
      "Segments": [
        0,
        0,
        0,
        5.1,
        0
      ]
    },
    {
      "Target": "Parameter",
      "Id": "QUANTIX",
      "FadeInTime": -1.0,
      "FadeOutTime": -1.0,
      "Segments": [
        0,
        0,
        0,
        5.1,
        0
      ]
    },
    {
      "Target": "Parameter",
      "Id": "QUANTIY",
      "FadeInTime": -1.0,
      "FadeOutTime": -1.0,
      "Segments": [
        0,
        0,
        0,
        5.1,
        0
      ]
    },
    {
      "Target": "Parameter",
      "Id": "ParamShoulderLStretch",
      "FadeInTime": -1.0,
      "FadeOutTime": -1.0,
      "Segments": [
        0,
        0,
        0,
        5.1,
        0
      ]
    },
    {
      "Target": "Parameter",
      "Id": "ParamShoulderRStretch",
      "FadeInTime": -1.0,
      "FadeOutTime": -1.0,
      "Segments": [
        0,
        0,
        0,
        5.1,
        0
      ]
    },
    {
      "Target": "Parameter",
      "Id": "ParamMouthForm",
      "FadeInTime": -1.0,
      "FadeOutTime": -1.0,
      "Segments": [
        0,
        0,
        0,
        5.1,
        0
      ]
    },
    {
      "Target": "Parameter",
      "Id": "koudaxiao",
      "FadeInTime": -1.0,
      "FadeOutTime": -1.0,
      "Segments": [
        0,
        0,
        0,
        5.1,
        0
      ]
    },
    {
      "Target": "Parameter",
      "Id": "ParamMouthOpenY",
      "FadeInTime": -1.0,
      "FadeOutTime": -1.0,
      "Segments": [
        0,
        0,
        0,
        5.1,
        0
      ]
    },
    {
      "Target": "Parameter",
      "Id": "ParamMouthOpenYSD",
      "FadeInTime": -1.0,
      "FadeOutTime": -1.0,
      "Segments": [
        0,
        0,
        0,
        5.1,
        0
      ]
    },
    {
      "Target": "Parameter",
      "Id": "sdParamMouthOpenY",
      "FadeInTime": -1.0,
      "FadeOutTime": -1.0,
      "Segments": [
        0,
        0,
        0,
        5.1,
        0
      ]
    },
    {
      "Target": "Parameter",
      "Id": "ParamBrowRForm",
      "FadeInTime": -1.0,
      "FadeOutTime": -1.0,
      "Segments": [
        0,
        0,
        0,
        5.1,
        0
      ]
    },
    {
      "Target": "Parameter",
      "Id": "ParamEyeRSmile",
      "FadeInTime": -1.0,
      "FadeOutTime": -1.0,
      "Segments": [
        0,
        0,
        0,
        5.1,
        0
      ]
    },
    {
      "Target": "Parameter",
      "Id": "ParamEyeBallX",
      "FadeInTime": -1.0,
      "FadeOutTime": -1.0,
      "Segments": [
        0,
        0,
        0,
        5.1,
        0
      ]
    },
    {
      "Target": "Parameter",
      "Id": "ParamEyeBallY",
      "FadeInTime": -1.0,
      "FadeOutTime": -1.0,
      "Segments": [
        0,
        0,
        0,
        5.1,
        0
      ]
    },
    {
      "Target": "Parameter",
      "Id": "lianhong",
      "FadeInTime": -1.0,
      "FadeOutTime": -1.0,
      "Segments": [
        0,
        0,
        0,
        5.1,
        0
      ]
    },
    {
      "Target": "Parameter",
      "Id": "yjxs",
      "FadeInTime": -1.0,
      "FadeOutTime": -1.0,
      "Segments": [
        0,
        1,
        0,
        5.1,
        1
      ]
    },
    {
      "Target": "Parameter",
      "Id": "biaoq1",
      "FadeInTime": -1.0,
      "FadeOutTime": -1.0,
      "Segments": [
        0,
        0,
        0,
        5.1,
        0
      ]
    },
    {
      "Target": "Parameter",
      "Id": "lei",
      "FadeInTime": -1.0,
      "FadeOutTime": -1.0,
      "Segments": [
        0,
        0,
        0,
        5.1,
        0
      ]
    },
    {
      "Target": "Parameter",
      "Id": "huangtiaoxs",
      "FadeInTime": -1.0,
      "FadeOutTime": -1.0,
      "Segments": [
        0,
        0,
        0,
        5.1,
        0
      ]
    },
    {
      "Target": "Parameter",
      "Id": "ji",
      "FadeInTime": -1.0,
      "FadeOutTime": -1.0,
      "Segments": [
        0,
        0,
        0,
        5.1,
        0
      ]
    },
    {
      "Target": "Parameter",
      "Id": "huangtia",
      "FadeInTime": -1.0,
      "FadeOutTime": -1.0,
      "Segments": [
        0,
        0,
        0,
        5.1,
        0
      ]
    },
    {
      "Target": "Parameter",
      "Id": "sdllshang",
      "FadeInTime": -1.0,
      "FadeOutTime": -1.0,
      "Segments": [
        0,
        0,
        0,
        5.1,
        0
      ]
    },
    {
      "Target": "Parameter",
      "Id": "jixiong",
      "FadeInTime": -1.0,
      "FadeOutTime": -1.0,
      "Segments": [
        0,
        0,
        0,
        5.1,
        0
      ]
    },
    {
      "Target": "Parameter",
      "Id": "SD_BustMotionY_L",
      "FadeInTime": -1.0,
      "FadeOutTime": -1.0,
      "Segments": [
        0,
        0,
        0,
        5.1,
        0
      ]
    },
    {
      "Target": "Parameter",
      "Id": "SD_BustMotionY_X",
      "FadeInTime": -1.0,
      "FadeOutTime": -1.0,
      "Segments": [
        0,
        0,
        0,
        5.1,
        0
      ]
    },
    {
      "Target": "Parameter",
      "Id": "SD_BustMotionY_L2",
      "FadeInTime": -1.0,
      "FadeOutTime": -1.0,
      "Segments": [
        0,
        0,
        0,
        5.1,
        0
      ]
    },
    {
      "Target": "Parameter",
      "Id": "SD_BustMotionY_Y",
      "FadeInTime": -1.0,
      "FadeOutTime": -1.0,
      "Segments": [
        0,
        0,
        0,
        5.1,
        0
      ]
    },
    {
      "Target": "Parameter",
      "Id": "OP_physics",
      "FadeInTime": -1.0,
      "FadeOutTime": -1.0,
      "Segments": [
        0,
        0,
        0,
        5.1,
        0
      ]
    },
    {
      "Target": "Parameter",
      "Id": "fajiaodu",
      "FadeInTime": -1.0,
      "FadeOutTime": -1.0,
      "Segments": [
        0,
        0,
        0,
        5.1,
        0
      ]
    },
    {
      "Target": "Parameter",
      "Id": "ljiaoshoun",
      "FadeInTime": -1.0,
      "FadeOutTime": -1.0,
      "Segments": [
        0,
        0,
        0,
        5.1,
        0
      ]
    },
    {
      "Target": "Parameter",
      "Id": "lxiaotuiq",
      "FadeInTime": -1.0,
      "FadeOutTime": -1.0,
      "Segments": [
        0,
        0,
        0,
        5.1,
        0
      ]
    },
    {
      "Target": "Parameter",
      "Id": "ldatuisuo",
      "FadeInTime": -1.0,
      "FadeOutTime": -1.0,
      "Segments": [
        0,
        0,
        0,
        5.1,
        0
      ]
    },
    {
      "Target": "Parameter",
      "Id": "ParamFooxz",
      "FadeInTime": -1.0,
      "FadeOutTime": -1.0,
      "Segments": [
        0,
        0,
        0,
        5.1,
        0
      ]
    },
    {
      "Target": "Parameter",
      "Id": "ltaijz",
      "FadeInTime": -1.0,
      "FadeOutTime": -1.0,
      "Segments": [
        0,
        0,
        0,
        5.1,
        0
      ]
    },
    {
      "Target": "Parameter",
      "Id": "paishuizhu",
      "FadeInTime": -1.0,
      "FadeOutTime": -1.0,
      "Segments": [
        0,
        0,
        0,
        5.1,
        0
      ]
    },
    {
      "Target": "Parameter",
      "Id": "ldtuir1",
      "FadeInTime": -1.0,
      "FadeOutTime": -1.0,
      "Segments": [
        0,
        0,
        0,
        5.1,
        0
      ]
    },
    {
      "Target": "Parameter",
      "Id": "ldtuir2",
      "FadeInTime": -1.0,
      "FadeOutTime": -1.0,
      "Segments": [
        0,
        0,
        0,
        5.1,
        0
      ]
    },
    {
      "Target": "Parameter",
      "Id": "lxtuir1",
      "FadeInTime": -1.0,
      "FadeOutTime": -1.0,
      "Segments": [
        0,
        0,
        0,
        5.1,
        0
      ]
    },
    {
      "Target": "Parameter",
      "Id": "lxtuir2",
      "FadeInTime": -1.0,
      "FadeOutTime": -1.0,
      "Segments": [
        0,
        0,
        0,
        5.1,
        0
      ]
    },
    {
      "Target": "Parameter",
      "Id": "xinfxs",
      "FadeInTime": -1.0,
      "FadeOutTime": -1.0,
      "Segments": [
        0,
        0,
        0,
        5.1,
        0
      ]
    },
    {
      "Target": "Parameter",
      "Id": "xfzhuan",
      "FadeInTime": -1.0,
      "FadeOutTime": -1.0,
      "Segments": [
        0,
        0,
        0,
        5.1,
        0
      ]
    },
    {
      "Target": "Parameter",
      "Id": "xfxuzna",
      "FadeInTime": -1.0,
      "FadeOutTime": -1.0,
      "Segments": [
        0,
        0,
        0,
        5.1,
        0
      ]
    },
    {
      "Target": "Parameter",
      "Id": "fujiX",
      "FadeInTime": -1.0,
      "FadeOutTime": -1.0,
      "Segments": [
        0,
        0,
        0,
        5.1,
        0
      ]
    },
    {
      "Target": "Parameter",
      "Id": "fujiY",
      "FadeInTime": -1.0,
      "FadeOutTime": -1.0,
      "Segments": [
        0,
        0,
        0,
        5.1,
        0
      ]
    },
    {
      "Target": "Parameter",
      "Id": "yjjyd",
      "FadeInTime": -1.0,
      "FadeOutTime": -1.0,
      "Segments": [
        0,
        0,
        0,
        5.1,
        0
      ]
    },
    {
      "Target": "Parameter",
      "Id": "yjjps",
      "FadeInTime": -1.0,
      "FadeOutTime": -1.0,
      "Segments": [
        0,
        0,
        0,
        5.1,
        0
      ]
    },
    {
      "Target": "Parameter",
      "Id": "yjjdm1",
      "FadeInTime": -1.0,
      "FadeOutTime": -1.0,
      "Segments": [
        0,
        0,
        0,
        5.1,
        0
      ]
    },
    {
      "Target": "Parameter",
      "Id": "yongjingjfz",
      "FadeInTime": -1.0,
      "FadeOutTime": -1.0,
      "Segments": [
        0,
        0,
        0,
        5.1,
        0
      ]
    },
    {
      "Target": "Parameter",
      "Id": "shuiying",
      "FadeInTime": -1.0,
      "FadeOutTime": -1.0,
      "Segments": [
        0,
        0,
        0,
        5.1,
        0
      ]
    },
    {
      "Target": "Parameter",
      "Id": "zhufang",
      "FadeInTime": -1.0,
      "FadeOutTime": -1.0,
      "Segments": [
        0,
        0,
        0,
        5.1,
        0
      ]
    },
    {
      "Target": "Parameter",
      "Id": "cifanguang",
      "FadeInTime": -1.0,
      "FadeOutTime": -1.0,
      "Segments": [
        0,
        0,
        0,
        5.1,
        0
      ]
    },
    {
      "Target": "Parameter",
      "Id": "Param6",
      "FadeInTime": -1.0,
      "FadeOutTime": -1.0,
      "Segments": [
        0,
        0,
        0,
        5.1,
        0
      ]
    },
    {
      "Target": "Parameter",
      "Id": "Param7",
      "FadeInTime": -1.0,
      "FadeOutTime": -1.0,
      "Segments": [
        0,
        0,
        0,
        5.1,
        0
      ]
    },
    {
      "Target": "Parameter",
      "Id": "shuibquian",
      "FadeInTime": -1.0,
      "FadeOutTime": -1.0,
      "Segments": [
        0,
        0,
        0,
        5.1,
        0
      ]
    },
    {
      "Target": "Parameter",
      "Id": "shuibquian2",
      "FadeInTime": -1.0,
      "FadeOutTime": -1.0,
      "Segments": [
        0,
        0,
        0,
        5.1,
        0
      ]
    },
    {
      "Target": "Parameter",
      "Id": "fujicj",
      "FadeInTime": -1.0,
      "FadeOutTime": -1.0,
      "Segments": [
        0,
        0,
        0,
        5.1,
        0
      ]
    },
    {
      "Target": "Parameter",
      "Id": "fujicj2",
      "FadeInTime": -1.0,
      "FadeOutTime": -1.0,
      "Segments": [
        0,
        0,
        0,
        5.1,
        0
      ]
    },
    {
      "Target": "Parameter",
      "Id": "fujidm",
      "FadeInTime": -1.0,
      "FadeOutTime": -1.0,
      "Segments": [
        0,
        0,
        0,
        5.1,
        0
      ]
    },
    {
      "Target": "Parameter",
      "Id": "fujidm2",
      "FadeInTime": -1.0,
      "FadeOutTime": -1.0,
      "Segments": [
        0,
        0,
        0,
        5.1,
        0
      ]
    },
    {
      "Target": "Parameter",
      "Id": "baibiand",
      "FadeInTime": -1.0,
      "FadeOutTime": -1.0,
      "Segments": [
        0,
        0,
        0,
        5.1,
        0
      ]
    },
    {
      "Target": "Parameter",
      "Id": "jichi",
      "FadeInTime": -1.0,
      "FadeOutTime": -1.0,
      "Segments": [
        0,
        0,
        0,
        5.1,
        0
      ]
    },
    {
      "Target": "Parameter",
      "Id": "tjihx",
      "FadeInTime": -1.0,
      "FadeOutTime": -1.0,
      "Segments": [
        0,
        0,
        0,
        5.1,
        0
      ]
    },
    {
      "Target": "Parameter",
      "Id": "shuibqys",
      "FadeInTime": -1.0,
      "FadeOutTime": -1.0,
      "Segments": [
        0,
        0,
        0,
        5.1,
        0
      ]
    },
    {
      "Target": "Parameter",
      "Id": "Param3",
      "FadeInTime": -1.0,
      "FadeOutTime": -1.0,
      "Segments": [
        0,
        0,
        0,
        5.1,
        0
      ]
    },
    {
      "Target": "Parameter",
      "Id": "Param5",
      "FadeInTime": -1.0,
      "FadeOutTime": -1.0,
      "Segments": [
        0,
        0,
        0,
        5.1,
        0
      ]
    },
    {
      "Target": "Parameter",
      "Id": "lalian",
      "FadeInTime": -1.0,
      "FadeOutTime": -1.0,
      "Segments": [
        0,
        0,
        0,
        5.1,
        0
      ]
    },
    {
      "Target": "Parameter",
      "Id": "ParamEyeLGG",
      "FadeInTime": -1.0,
      "FadeOutTime": -1.0,
      "Segments": [
        0,
        0,
        0,
        5.1,
        0
      ]
    },
    {
      "Target": "Parameter",
      "Id": "NULL4",
      "FadeInTime": -1.0,
      "FadeOutTime": -1.0,
      "Segments": [
        0,
        0,
        0,
        5.1,
        0
      ]
    },
    {
      "Target": "Parameter",
      "Id": "NULL5",
      "FadeInTime": -1.0,
      "FadeOutTime": -1.0,
      "Segments": [
        0,
        0,
        0,
        5.1,
        0
      ]
    },
    {
      "Target": "Parameter",
      "Id": "NULL6",
      "FadeInTime": -1.0,
      "FadeOutTime": -1.0,
      "Segments": [
        0,
        0,
        0,
        5.1,
        0
      ]
    },
    {
      "Target": "Parameter",
      "Id": "ParamEyeLOpen",
      "FadeInTime": -1.0,
      "FadeOutTime": -1.0,
      "Segments": [
        0,
        1,
        0,
        5.1,
        1
      ]
    },
    {
      "Target": "Parameter",
      "Id": "ParamEyeLSmile",
      "FadeInTime": -1.0,
      "FadeOutTime": -1.0,
      "Segments": [
        0,
        0,
        0,
        5.1,
        0
      ]
    },
    {
      "Target": "Parameter",
      "Id": "ParamBrowLForm",
      "FadeInTime": -1.0,
      "FadeOutTime": -1.0,
      "Segments": [
        0,
        0,
        0,
        5.1,
        0
      ]
    },
    {
      "Target": "Parameter",
      "Id": "ParamBrowRAngle",
      "FadeInTime": -1.0,
      "FadeOutTime": -1.0,
      "Segments": [
        0,
        0,
        0,
        5.1,
        0
      ]
    },
    {
      "Target": "Parameter",
      "Id": "ParamBodyAngleY",
      "FadeInTime": -1.0,
      "FadeOutTime": -1.0,
      "Segments": [
        0,
        0,
        0,
        5.1,
        0
      ]
    },
    {
      "Target": "Parameter",
      "Id": "ParamBrowLY",
      "FadeInTime": -1.0,
      "FadeOutTime": -1.0,
      "Segments": [
        0,
        0,
        0,
        5.1,
        0
      ]
    },
    {
      "Target": "Parameter",
      "Id": "ParamBrowLX",
      "FadeInTime": -1.0,
      "FadeOutTime": -1.0,
      "Segments": [
        0,
        0,
        0,
        5.1,
        0
      ]
    },
    {
      "Target": "Parameter",
      "Id": "ParamBrowLAngle",
      "FadeInTime": -1.0,
      "FadeOutTime": -1.0,
      "Segments": [
        0,
        0,
        0,
        5.1,
        0
      ]
    },
    {
      "Target": "Parameter",
      "Id": "ParamBrowRY",
      "FadeInTime": -1.0,
      "FadeOutTime": -1.0,
      "Segments": [
        0,
        0,
        0,
        5.1,
        0
      ]
    },
    {
      "Target": "Parameter",
      "Id": "ParamBrowRX",
      "FadeInTime": -1.0,
      "FadeOutTime": -1.0,
      "Segments": [
        0,
        0,
        0,
        5.1,
        0
      ]
    },
    {
      "Target": "Parameter",
      "Id": "ParamBreath",
      "FadeInTime": -1.0,
      "FadeOutTime": -1.0,
      "Segments": [
        0,
        0,
        0,
        5.1,
        0
      ]
    }
  ],
  "UserData": [
    {
      "Time": 0.0,
      "Value": ""
    }
  ]
}