{
  "Version": 3,
  "Meta": {
    "Duration": 8.333,
    "Fps": 30.0,
    "Loop": true,
    "AreBeziersRestricted": true,
    "FadeInTime": 0.0,
    "FadeOutTime": 0.0,
    "CurveCount": 229,
    "TotalSegmentCount": 1339,
    "TotalPointCount": 1571,
    "UserDataCount": 2,
    "TotalUserDataSize": 0
  },
  "Curves": [
    {
      "Target": "Parameter",
      "Id": "All_X",
      "FadeInTime": -1.0,
      "FadeOutTime": -1.0,
      "Segments": [
        0,
        0,
        2,
        0.333,
        0,
        0,
        3.6,
        1.26,
        2,
        6.2,
        1.26,
        0,
        7.033,
        0,
        2,
        7.833,
        0,
        2,
        8.333,
        0
      ]
    },
    {
      "Target": "Parameter",
      "Id": "All_Y",
      "FadeInTime": -1.0,
      "FadeOutTime": -1.0,
      "Segments": [
        0,
        0,
        2,
        0.333,
        0,
        0,
        3.6,
        3.24,
        2,
        6.2,
        3.24,
        0,
        7.033,
        0,
        2,
        7.833,
        0,
        2,
        8.333,
        0
      ]
    },
    {
      "Target": "Parameter",
      "Id": "ParamArmLAngle",
      "FadeInTime": -1.0,
      "FadeOutTime": -1.0,
      "Segments": [
        0,
        0,
        2,
        0.333,
        0,
        0,
        0.7,
        -1.08,
        0,
        1.267,
        4.376,
        1,
        1.5,
        4.376,
        1.734,
        4.209,
        1.967,
        3.753,
        1,
        2.311,
        3.08,
        2.656,
        2.673,
        3,
        2.673,
        0,
        4.1,
        4.95,
        0,
        5.567,
        2.455,
        0,
        6.633,
        3.753,
        1,
        6.833,
        3.753,
        7.033,
        3.826,
        7.233,
        3.197,
        1,
        7.433,
        2.568,
        7.633,
        0,
        7.833,
        0,
        2,
        8.333,
        0
      ]
    },
    {
      "Target": "Parameter",
      "Id": "ParamForearmLAngle",
      "FadeInTime": -1.0,
      "FadeOutTime": -1.0,
      "Segments": [
        0,
        0,
        2,
        0.433,
        0,
        2,
        0.8,
        0,
        0,
        1.367,
        0.595,
        1,
        1.6,
        0.595,
        1.834,
        0.65,
        2.067,
        0.476,
        1,
        2.411,
        0.219,
        2.756,
        -1.564,
        3.1,
        -1.564,
        1,
        3.467,
        -1.564,
        3.833,
        -0.678,
        4.2,
        -0.396,
        1,
        4.689,
        -0.02,
        5.178,
        0.274,
        5.667,
        0.367,
        1,
        6.022,
        0.435,
        6.378,
        0.423,
        6.733,
        0.476,
        1,
        6.9,
        0.501,
        7.066,
        1.858,
        7.233,
        1.858,
        0,
        7.833,
        0,
        2,
        8.333,
        0
      ]
    },
    {
      "Target": "Parameter",
      "Id": "ParamForearmLStretch",
      "FadeInTime": -1.0,
      "FadeOutTime": -1.0,
      "Segments": [
        0,
        0,
        2,
        0.433,
        0,
        2,
        0.8,
        0,
        0,
        1.367,
        -7,
        2,
        2.067,
        -7,
        0,
        5.667,
        0,
        0,
        6.733,
        -7,
        0,
        7.233,
        8.44,
        0,
        7.833,
        0,
        2,
        8.333,
        0
      ]
    },
    {
      "Target": "Parameter",
      "Id": "ParamHandLAngle",
      "FadeInTime": -1.0,
      "FadeOutTime": -1.0,
      "Segments": [
        0,
        0,
        2,
        0.533,
        0,
        2,
        0.9,
        0,
        0,
        1.467,
        6.84,
        1,
        1.7,
        6.84,
        1.934,
        0.657,
        2.167,
        -0.405,
        1,
        2.522,
        -2.024,
        2.878,
        -2.025,
        3.233,
        -2.025,
        0,
        4.267,
        8,
        0,
        5.667,
        -1.782,
        0,
        6.733,
        -0.405,
        0,
        7.233,
        -9.395,
        0,
        7.833,
        0,
        2,
        8.333,
        0
      ]
    },
    {
      "Target": "Parameter",
      "Id": "lyuanshouz",
      "FadeInTime": -1.0,
      "FadeOutTime": -1.0,
      "Segments": [
        0,
        0,
        2,
        0.433,
        0,
        2,
        0.8,
        0,
        0,
        1.067,
        -23,
        1,
        1.167,
        -23,
        1.267,
        -18.199,
        1.367,
        -18,
        1,
        1.6,
        -17.535,
        1.834,
        -18.231,
        2.067,
        -17,
        1,
        3.267,
        -10.671,
        4.467,
        3.331,
        5.667,
        3.331,
        2,
        6.733,
        3.331,
        0,
        7.233,
        -17,
        0,
        7.833,
        0,
        2,
        8.333,
        0
      ]
    },
    {
      "Target": "Parameter",
      "Id": "lyuanshoumz2",
      "FadeInTime": -1.0,
      "FadeOutTime": -1.0,
      "Segments": [
        0,
        0,
        2,
        0.433,
        0,
        2,
        0.8,
        0,
        0,
        1.367,
        30,
        0,
        2.067,
        27.77,
        2,
        5.667,
        27.77,
        2,
        6.733,
        27.77,
        0,
        7.833,
        0,
        2,
        8.333,
        0
      ]
    },
    {
      "Target": "Parameter",
      "Id": "lyuanshoumz3",
      "FadeInTime": -1.0,
      "FadeOutTime": -1.0,
      "Segments": [
        0,
        0,
        2,
        0.5,
        0,
        0,
        0.867,
        1.164,
        0,
        2,
        -2.327,
        0,
        3.1,
        8.727,
        0,
        4.2,
        0.581,
        0,
        4.267,
        0.582,
        2,
        5.667,
        0.582,
        0,
        6.733,
        4.073,
        0,
        7.733,
        0,
        2,
        8.333,
        0
      ]
    },
    {
      "Target": "Parameter",
      "Id": "ljianfbz1",
      "FadeInTime": -1.0,
      "FadeOutTime": -1.0,
      "Segments": [
        0,
        0,
        2,
        0.333,
        0,
        1,
        0.455,
        0,
        0.578,
        0.495,
        0.7,
        2,
        1,
        0.789,
        3.094,
        0.878,
        3.824,
        0.967,
        6,
        1,
        1.067,
        8.448,
        1.167,
        17.14,
        1.267,
        17.14,
        0,
        1.967,
        6,
        0,
        2.5,
        8,
        0,
        3,
        4,
        0,
        3.6,
        10,
        0,
        4.1,
        6.116,
        0,
        4.867,
        8,
        0,
        5.567,
        5,
        0,
        6.633,
        9.379,
        0,
        7.833,
        0,
        2,
        8.333,
        0
      ]
    },
    {
      "Target": "Parameter",
      "Id": "ljianfbz2",
      "FadeInTime": -1.0,
      "FadeOutTime": -1.0,
      "Segments": [
        0,
        0,
        2,
        0.333,
        0,
        0,
        0.7,
        12,
        1,
        0.789,
        12,
        0.878,
        8.905,
        0.967,
        6,
        1,
        1.067,
        2.731,
        1.167,
        2,
        1.267,
        2,
        2,
        1.967,
        2,
        0,
        2.5,
        -2,
        0,
        3,
        -1,
        0,
        3.6,
        -2,
        0,
        4.1,
        1.926,
        0,
        4.867,
        -6,
        1,
        5.1,
        -6,
        5.334,
        -4.444,
        5.567,
        -2,
        1,
        5.922,
        1.724,
        6.278,
        3.297,
        6.633,
        3.297,
        0,
        7.833,
        0,
        2,
        8.333,
        0
      ]
    },
    {
      "Target": "Parameter",
      "Id": "souqianfcji",
      "FadeInTime": -1.0,
      "FadeOutTime": -1.0,
      "Segments": [
        0,
        0,
        2,
        0.333,
        0,
        2,
        0.7,
        0,
        2,
        1.267,
        0,
        0,
        1.967,
        2.23,
        2,
        5.567,
        2.23,
        2,
        6.633,
        2.23,
        0,
        7.833,
        0,
        2,
        8.333,
        0
      ]
    },
    {
      "Target": "Parameter",
      "Id": "shouqfsd1",
      "FadeInTime": -1.0,
      "FadeOutTime": -1.0,
      "Segments": [
        0,
        0,
        2,
        0.333,
        0,
        0,
        0.8,
        -8,
        1,
        1,
        -8,
        1.2,
        13.912,
        1.4,
        17.5,
        1,
        1.567,
        20.49,
        1.733,
        20,
        1.9,
        20,
        0,
        2.533,
        8,
        1,
        2.689,
        8,
        2.844,
        13.227,
        3,
        14,
        1,
        3.211,
        15.05,
        3.422,
        14.894,
        3.633,
        16,
        1,
        3.8,
        16.873,
        3.966,
        27,
        4.133,
        27,
        1,
        4.3,
        27,
        4.466,
        26.281,
        4.633,
        21,
        1,
        4.822,
        15.015,
        5.011,
        8,
        5.2,
        8,
        1,
        5.389,
        8,
        5.578,
        7.972,
        5.767,
        9,
        1,
        5.945,
        9.967,
        6.122,
        15.497,
        6.3,
        16,
        1,
        6.633,
        16.943,
        6.967,
        17,
        7.3,
        17,
        0,
        7.833,
        0,
        2,
        8.333,
        0
      ]
    },
    {
      "Target": "Parameter",
      "Id": "shouqfh2",
      "FadeInTime": -1.0,
      "FadeOutTime": -1.0,
      "Segments": [
        0,
        0,
        2,
        0.333,
        0,
        0,
        0.9,
        -8,
        0,
        1.5,
        6,
        0,
        2,
        -30,
        0,
        2.633,
        4,
        0,
        3.167,
        -12,
        0,
        3.733,
        2,
        0,
        4.233,
        -25,
        1,
        4.4,
        -25,
        4.566,
        -23.062,
        4.733,
        -19,
        1,
        4.922,
        -14.397,
        5.111,
        -10.838,
        5.3,
        -5,
        1,
        5.489,
        0.838,
        5.678,
        7,
        5.867,
        7,
        0,
        6.4,
        -3,
        0,
        6.867,
        23,
        0,
        7.4,
        -4,
        0,
        7.833,
        0,
        2,
        8.333,
        0
      ]
    },
    {
      "Target": "Parameter",
      "Id": "shouqfh3",
      "FadeInTime": -1.0,
      "FadeOutTime": -1.0,
      "Segments": [
        0,
        0,
        2,
        0.333,
        0,
        0,
        1,
        -8,
        0,
        1.6,
        5,
        0,
        2.1,
        -16,
        0,
        2.733,
        5,
        0,
        3.267,
        -12,
        0,
        3.833,
        2,
        0,
        4.333,
        -7,
        0,
        4.833,
        13,
        0,
        5.4,
        -5,
        0,
        5.967,
        7,
        0,
        6.5,
        -3,
        0,
        6.967,
        23,
        0,
        7.433,
        -4,
        0,
        7.833,
        0,
        2,
        8.333,
        0
      ]
    },
    {
      "Target": "Parameter",
      "Id": "lxbgs2",
      "FadeInTime": -1.0,
      "FadeOutTime": -1.0,
      "Segments": [
        0,
        0,
        0,
        0.5,
        30,
        2,
        7.833,
        30,
        0,
        8.333,
        0
      ]
    },
    {
      "Target": "Parameter",
      "Id": "ParamArmRAngle",
      "FadeInTime": -1.0,
      "FadeOutTime": -1.0,
      "Segments": [
        0,
        0,
        2,
        0.333,
        0,
        0,
        1.367,
        -30,
        0,
        1.733,
        -27.595,
        1,
        1.811,
        -27.595,
        1.889,
        -27.78,
        1.967,
        -28.075,
        1,
        2.311,
        -29.381,
        2.656,
        -30,
        3,
        -30,
        2,
        4.1,
        -30,
        2,
        5,
        -30,
        2,
        5.8,
        -30,
        2,
        6.367,
        -30,
        0,
        7.033,
        -6.6,
        0,
        7.333,
        -11.178,
        0,
        7.833,
        0,
        2,
        8.333,
        0
      ]
    },
    {
      "Target": "Parameter",
      "Id": "ParamArmRStretch",
      "FadeInTime": -1.0,
      "FadeOutTime": -1.0,
      "Segments": [
        0,
        0,
        2,
        0.333,
        0,
        0,
        1.367,
        9.6,
        0,
        1.733,
        9,
        0,
        3,
        16.44,
        1,
        4.122,
        16.44,
        5.245,
        9.631,
        6.367,
        2.831,
        1,
        6.856,
        -0.132,
        7.344,
        0,
        7.833,
        0,
        2,
        8.333,
        0
      ]
    },
    {
      "Target": "Parameter",
      "Id": "ParamForearmRAngle",
      "FadeInTime": -1.0,
      "FadeOutTime": -1.0,
      "Segments": [
        0,
        0,
        2,
        0.333,
        0,
        0,
        0.867,
        1.403,
        0,
        1.467,
        -8.9,
        0,
        1.833,
        -6.981,
        2,
        1.967,
        -6.981,
        0,
        3,
        -21,
        2,
        5.8,
        -21,
        2,
        6.367,
        -21,
        1,
        6.589,
        -21,
        6.811,
        -12.121,
        7.033,
        -2.32,
        1,
        7.133,
        2.09,
        7.233,
        2.307,
        7.333,
        2.307,
        0,
        7.833,
        0,
        2,
        8.333,
        0
      ]
    },
    {
      "Target": "Parameter",
      "Id": "ParamHandRStretch",
      "FadeInTime": -1.0,
      "FadeOutTime": -1.0,
      "Segments": [
        0,
        0,
        2,
        0.333,
        0,
        0,
        1.467,
        -17,
        0,
        1.833,
        -15.981,
        2,
        1.967,
        -15.981,
        2,
        6.367,
        -15.981,
        0,
        7.833,
        0,
        2,
        8.333,
        0
      ]
    },
    {
      "Target": "Parameter",
      "Id": "ParamHandRAngle",
      "FadeInTime": -1.0,
      "FadeOutTime": -1.0,
      "Segments": [
        0,
        0,
        2,
        0.333,
        0,
        0,
        0.567,
        -5.4,
        0,
        1.567,
        0,
        0,
        1.933,
        -3.398,
        2,
        1.967,
        -3.398,
        0,
        4.1,
        -21,
        2,
        5,
        -21,
        2,
        6.367,
        -21,
        0,
        7.833,
        0,
        2,
        8.333,
        0
      ]
    },
    {
      "Target": "Parameter",
      "Id": "rshanbitf",
      "FadeInTime": -1.0,
      "FadeOutTime": -1.0,
      "Segments": [
        0,
        0,
        2,
        0.333,
        0,
        2,
        0.6,
        0,
        0,
        0.833,
        1,
        2,
        1.367,
        1,
        2,
        1.733,
        1,
        2,
        1.967,
        1,
        2,
        3,
        1,
        2,
        5.8,
        1,
        2,
        6.367,
        1,
        2,
        6.833,
        1,
        0,
        7.133,
        0,
        2,
        7.833,
        0,
        2,
        8.333,
        0
      ]
    },
    {
      "Target": "Parameter",
      "Id": "ParamForearmRLayer",
      "FadeInTime": -1.0,
      "FadeOutTime": -1.0,
      "Segments": [
        0,
        0,
        2,
        0.333,
        0,
        2,
        0.767,
        0,
        0,
        0.8,
        -30,
        2,
        1.867,
        -30,
        2,
        2.467,
        -30,
        2,
        3,
        -30,
        2,
        5.8,
        -30,
        2,
        6.367,
        -30,
        2,
        6.633,
        -30,
        0,
        7.033,
        0,
        2,
        7.833,
        0,
        2,
        8.333,
        0
      ]
    },
    {
      "Target": "Parameter",
      "Id": "ParamHandRREDisplay",
      "FadeInTime": -1.0,
      "FadeOutTime": -1.0,
      "Segments": [
        0,
        30,
        2,
        0.333,
        30,
        2,
        1.733,
        30,
        2,
        1.967,
        30,
        2,
        2.6,
        30,
        0,
        3,
        0,
        2,
        5.8,
        0,
        2,
        6.367,
        0,
        0,
        6.5,
        30,
        2,
        7.033,
        30,
        2,
        7.833,
        30,
        2,
        8.333,
        30
      ]
    },
    {
      "Target": "Parameter",
      "Id": "ParamHandRREDisplay2",
      "FadeInTime": -1.0,
      "FadeOutTime": -1.0,
      "Segments": [
        0,
        30,
        2,
        0.333,
        30,
        2,
        1.367,
        30,
        2,
        1.733,
        30,
        2,
        1.967,
        30,
        2,
        2.6,
        30,
        0,
        3,
        0,
        2,
        5.8,
        0,
        2,
        6.367,
        0,
        0,
        6.5,
        30,
        2,
        7.1,
        30,
        2,
        7.833,
        30,
        2,
        8.333,
        30
      ]
    },
    {
      "Target": "Parameter",
      "Id": "rfxxb",
      "FadeInTime": -1.0,
      "FadeOutTime": -1.0,
      "Segments": [
        0,
        0,
        2,
        0.333,
        0,
        2,
        1.367,
        0,
        2,
        1.733,
        0,
        2,
        1.967,
        0,
        2,
        2.633,
        0,
        0,
        2.767,
        30,
        2,
        3,
        30,
        2,
        5.8,
        30,
        2,
        6.367,
        30,
        0,
        6.8,
        0,
        2,
        7.833,
        0,
        2,
        8.333,
        0
      ]
    },
    {
      "Target": "Parameter",
      "Id": "rshoubei",
      "FadeInTime": -1.0,
      "FadeOutTime": -1.0,
      "Segments": [
        0,
        0,
        2,
        0.333,
        0,
        2,
        1.367,
        0,
        2,
        1.733,
        0,
        2,
        1.967,
        0,
        2,
        2.633,
        0,
        0,
        2.767,
        1,
        2,
        3,
        1,
        2,
        5.8,
        1,
        2,
        6.367,
        1,
        0,
        6.8,
        0,
        2,
        7.833,
        0,
        2,
        8.333,
        0
      ]
    },
    {
      "Target": "Parameter",
      "Id": "youshouj",
      "FadeInTime": -1.0,
      "FadeOutTime": -1.0,
      "Segments": [
        0,
        0,
        2,
        0.333,
        0,
        0,
        1.367,
        -30,
        0,
        1.733,
        -25.47,
        2,
        1.967,
        -25.47,
        2,
        6.367,
        -25.47,
        0,
        7.033,
        -30,
        0,
        7.833,
        0,
        2,
        8.333,
        0
      ]
    },
    {
      "Target": "Parameter",
      "Id": "rshizhi",
      "FadeInTime": -1.0,
      "FadeOutTime": -1.0,
      "Segments": [
        0,
        0,
        2,
        0.333,
        0,
        0,
        0.567,
        30,
        1,
        0.667,
        30,
        0.767,
        30,
        0.867,
        21,
        1,
        1.034,
        4.39,
        1.2,
        -25,
        1.367,
        -25,
        0,
        1.733,
        -21.149,
        2,
        1.967,
        -21.149,
        2,
        6.367,
        -21.149,
        1,
        6.589,
        -21.149,
        6.811,
        -17.722,
        7.033,
        -3,
        1,
        7.133,
        3.625,
        7.233,
        19,
        7.333,
        19,
        0,
        7.833,
        0,
        2,
        8.333,
        0
      ]
    },
    {
      "Target": "Parameter",
      "Id": "rmuzhi",
      "FadeInTime": -1.0,
      "FadeOutTime": -1.0,
      "Segments": [
        0,
        0,
        2,
        0.333,
        0,
        2,
        1.367,
        0,
        2,
        1.733,
        0,
        2,
        1.967,
        0,
        2,
        6.367,
        0,
        0,
        7.033,
        12,
        0,
        7.833,
        0,
        2,
        8.333,
        0
      ]
    },
    {
      "Target": "Parameter",
      "Id": "szlayongjxs",
      "FadeInTime": -1.0,
      "FadeOutTime": -1.0,
      "Segments": [
        0,
        0,
        2,
        0.333,
        0,
        0,
        0.567,
        1,
        2,
        1.367,
        1,
        2,
        1.733,
        1,
        2,
        1.967,
        1,
        2,
        3,
        1,
        2,
        5.8,
        1,
        2,
        6.367,
        1,
        2,
        7.033,
        1,
        2,
        7.333,
        1,
        0,
        7.833,
        0,
        2,
        8.333,
        0
      ]
    },
    {
      "Target": "Parameter",
      "Id": "layongjxs2",
      "FadeInTime": -1.0,
      "FadeOutTime": -1.0,
      "Segments": [
        0,
        0,
        2,
        0.333,
        0,
        0,
        0.567,
        1,
        0,
        1.367,
        0,
        2,
        1.733,
        0,
        2,
        1.967,
        0,
        2,
        6.367,
        0,
        2,
        7.833,
        0,
        2,
        8.333,
        0
      ]
    },
    {
      "Target": "Parameter",
      "Id": "yjdaixs",
      "FadeInTime": -1.0,
      "FadeOutTime": -1.0,
      "Segments": [
        0,
        0,
        2,
        0.333,
        0,
        0,
        1.367,
        1,
        2,
        1.733,
        1,
        2,
        1.967,
        1,
        2,
        3,
        1,
        2,
        5.8,
        1,
        2,
        6.367,
        1,
        2,
        7.333,
        1,
        0,
        7.833,
        0,
        2,
        8.333,
        0
      ]
    },
    {
      "Target": "Parameter",
      "Id": "yongjlx",
      "FadeInTime": -1.0,
      "FadeOutTime": -1.0,
      "Segments": [
        0,
        0,
        2,
        0.333,
        0,
        1,
        0.411,
        0,
        0.489,
        -0.048,
        0.567,
        5,
        1,
        0.634,
        9.327,
        0.7,
        30,
        0.767,
        30,
        2,
        1.733,
        30,
        2,
        1.967,
        30,
        2,
        6.367,
        30,
        2,
        7.333,
        30,
        0,
        7.833,
        0,
        2,
        8.333,
        0
      ]
    },
    {
      "Target": "Parameter",
      "Id": "sdyjd1",
      "FadeInTime": -1.0,
      "FadeOutTime": -1.0,
      "Segments": [
        0,
        0,
        2,
        0.333,
        0,
        0,
        0.567,
        -30,
        0,
        0.633,
        0,
        2,
        1.367,
        0,
        2,
        1.733,
        0,
        2,
        1.967,
        0,
        2,
        6.367,
        0,
        2,
        7.833,
        0,
        2,
        8.333,
        0
      ]
    },
    {
      "Target": "Parameter",
      "Id": "sdyjd2",
      "FadeInTime": -1.0,
      "FadeOutTime": -1.0,
      "Segments": [
        0,
        0,
        2,
        0.333,
        0,
        0,
        0.567,
        -3,
        0,
        0.633,
        0,
        2,
        1.367,
        0,
        2,
        1.733,
        0,
        2,
        1.967,
        0,
        2,
        6.367,
        0,
        2,
        7.833,
        0,
        2,
        8.333,
        0
      ]
    },
    {
      "Target": "Parameter",
      "Id": "ParamAngleX",
      "FadeInTime": -1.0,
      "FadeOutTime": -1.0,
      "Segments": [
        0,
        0,
        2,
        0.333,
        0,
        0,
        0.867,
        -3,
        0,
        1.2,
        2,
        0,
        2,
        1.005,
        0,
        2.533,
        11.741,
        1,
        2.722,
        11.741,
        2.911,
        6.826,
        3.1,
        -5,
        1,
        3.3,
        -17.521,
        3.5,
        -24.924,
        3.7,
        -24.924,
        1,
        3.867,
        -24.924,
        4.033,
        -24.909,
        4.2,
        -24,
        1,
        4.367,
        -23.091,
        4.533,
        -21.372,
        4.7,
        -21.372,
        0,
        5.667,
        -25,
        1,
        5.834,
        -25,
        6,
        -14.867,
        6.167,
        -5,
        1,
        6.422,
        10.13,
        6.678,
        14.595,
        6.933,
        14.595,
        0,
        7.833,
        0,
        2,
        8.333,
        0
      ]
    },
    {
      "Target": "Parameter",
      "Id": "ParamAngleY",
      "FadeInTime": -1.0,
      "FadeOutTime": -1.0,
      "Segments": [
        0,
        0,
        2,
        0.467,
        0,
        0,
        0.967,
        -11,
        0,
        1.3,
        8,
        0,
        2,
        7.417,
        0,
        3.1,
        22,
        0,
        3.7,
        -14.708,
        1,
        3.867,
        -14.708,
        4.033,
        -11.527,
        4.2,
        -3,
        1,
        4.367,
        5.527,
        4.533,
        11.14,
        4.7,
        11.14,
        0,
        5.4,
        -17.002,
        1,
        5.533,
        -17.002,
        5.667,
        -17.637,
        5.8,
        -13,
        1,
        5.967,
        -7.204,
        6.133,
        22,
        6.3,
        22,
        0,
        7.133,
        -21.988,
        0,
        7.833,
        0,
        2,
        8.333,
        0
      ]
    },
    {
      "Target": "Parameter",
      "Id": "ParamAngleZ",
      "FadeInTime": -1.0,
      "FadeOutTime": -1.0,
      "Segments": [
        0,
        0,
        2,
        0.333,
        0,
        0,
        0.867,
        -7,
        0,
        1.2,
        16,
        0,
        2,
        -2.902,
        0,
        3.1,
        11,
        1,
        3.467,
        11,
        3.833,
        2.891,
        4.2,
        0,
        1,
        4.689,
        -3.855,
        5.178,
        -4.02,
        5.667,
        -4.02,
        0,
        6.733,
        11,
        1,
        6.911,
        11,
        7.089,
        11.207,
        7.267,
        10,
        1,
        7.456,
        8.718,
        7.644,
        0,
        7.833,
        0,
        2,
        8.333,
        0
      ]
    },
    {
      "Target": "Parameter",
      "Id": "ParamBodyAngleX",
      "FadeInTime": -1.0,
      "FadeOutTime": -1.0,
      "Segments": [
        0,
        0,
        2,
        0.333,
        0,
        0,
        0.767,
        -2,
        1,
        0.878,
        -2,
        0.989,
        1.281,
        1.1,
        2,
        1,
        1.367,
        3.724,
        1.633,
        4,
        1.9,
        4,
        0,
        3,
        -15,
        0,
        4.1,
        -1,
        2,
        5.567,
        -1,
        0,
        6.633,
        -7,
        0,
        7.833,
        0,
        2,
        8.333,
        0
      ]
    },
    {
      "Target": "Parameter",
      "Id": "SHENTIY",
      "FadeInTime": -1.0,
      "FadeOutTime": -1.0,
      "Segments": [
        0,
        0,
        2,
        0.333,
        0,
        0,
        0.767,
        -3,
        1,
        0.878,
        -3,
        0.989,
        3.581,
        1.1,
        5,
        1,
        1.367,
        8.406,
        1.633,
        9,
        1.9,
        9,
        0,
        3,
        -9,
        0,
        4.1,
        5,
        2,
        5.567,
        5,
        0,
        6.633,
        28,
        0,
        7.833,
        0,
        2,
        8.333,
        0
      ]
    },
    {
      "Target": "Parameter",
      "Id": "QUANTIX",
      "FadeInTime": -1.0,
      "FadeOutTime": -1.0,
      "Segments": [
        0,
        0,
        2,
        0.333,
        0,
        2,
        1.9,
        0,
        0,
        3,
        0.66,
        0,
        4.1,
        0,
        2,
        5.567,
        0,
        0,
        6.633,
        0.66,
        0,
        7.833,
        0,
        2,
        8.333,
        0
      ]
    },
    {
      "Target": "Parameter",
      "Id": "QUANTIY",
      "FadeInTime": -1.0,
      "FadeOutTime": -1.0,
      "Segments": [
        0,
        0,
        2,
        0.333,
        0,
        2,
        1.9,
        0,
        0,
        3,
        -0.54,
        0,
        4.1,
        0.36,
        2,
        5.567,
        0.36,
        1,
        5.922,
        0.36,
        6.278,
        0.293,
        6.633,
        0.18,
        1,
        7.033,
        0.053,
        7.433,
        0,
        7.833,
        0,
        2,
        8.333,
        0
      ]
    },
    {
      "Target": "Parameter",
      "Id": "ParamChestZ",
      "FadeInTime": -1.0,
      "FadeOutTime": -1.0,
      "Segments": [
        0,
        0,
        2,
        0.333,
        0,
        0,
        0.8,
        -4.44,
        0,
        1.4,
        4,
        1,
        1.567,
        4,
        1.733,
        2.906,
        1.9,
        0,
        1,
        2.267,
        -6.392,
        2.633,
        -10,
        3,
        -10,
        0,
        4.1,
        13,
        0,
        5.567,
        0.82,
        0,
        6.633,
        12,
        0,
        7.833,
        0,
        2,
        8.333,
        0
      ]
    },
    {
      "Target": "Parameter",
      "Id": "ParamWaistZ",
      "FadeInTime": -1.0,
      "FadeOutTime": -1.0,
      "Segments": [
        0,
        0,
        2,
        0.333,
        0,
        0,
        0.7,
        -1.32,
        0,
        1.3,
        6,
        1,
        1.467,
        6,
        1.633,
        3.021,
        1.8,
        0,
        1,
        2.167,
        -6.646,
        2.533,
        -9,
        2.9,
        -9,
        0,
        4,
        16,
        0,
        5.467,
        11.26,
        0,
        6.533,
        21,
        0,
        7.833,
        0,
        2,
        8.333,
        0
      ]
    },
    {
      "Target": "Parameter",
      "Id": "ParamShoulderLStretch",
      "FadeInTime": -1.0,
      "FadeOutTime": -1.0,
      "Segments": [
        0,
        0,
        2,
        0.333,
        0,
        0,
        0.7,
        21,
        0,
        1.8,
        0,
        2,
        6.633,
        0,
        2,
        7.833,
        0,
        2,
        8.333,
        0
      ]
    },
    {
      "Target": "Parameter",
      "Id": "ParamShoulderRStretch",
      "FadeInTime": -1.0,
      "FadeOutTime": -1.0,
      "Segments": [
        0,
        0,
        2,
        0.333,
        0,
        2,
        1.8,
        0,
        0,
        3,
        -24,
        0,
        6.633,
        30,
        0,
        7.833,
        0,
        2,
        8.333,
        0
      ]
    },
    {
      "Target": "Parameter",
      "Id": "shentihuxi",
      "FadeInTime": -1.0,
      "FadeOutTime": -1.0,
      "Segments": [
        0,
        0,
        2,
        0.333,
        0,
        0,
        0.667,
        -9,
        0,
        1.133,
        7,
        1,
        1.355,
        7,
        1.578,
        5.619,
        1.8,
        3,
        1,
        2.2,
        -1.713,
        2.6,
        -4,
        3,
        -4,
        0,
        4.167,
        4,
        0,
        5.4,
        -3,
        0,
        6.633,
        3,
        0,
        7.833,
        0,
        2,
        8.333,
        0
      ]
    },
    {
      "Target": "Parameter",
      "Id": "ParamMouthForm",
      "FadeInTime": -1.0,
      "FadeOutTime": -1.0,
      "Segments": [
        0,
        0,
        2,
        0.333,
        0,
        0,
        0.533,
        -0.5,
        0,
        0.7,
        0.1,
        0,
        0.867,
        -0.3,
        1,
        0.945,
        -0.3,
        1.022,
        -0.248,
        1.1,
        -0.2,
        1,
        1.333,
        -0.055,
        1.567,
        0,
        1.8,
        0,
        2,
        1.967,
        0,
        2,
        2.233,
        0,
        0,
        2.433,
        -0.3,
        0,
        2.567,
        0,
        1,
        2.634,
        0,
        2.7,
        -0.001,
        2.767,
        -0.1,
        1,
        2.822,
        -0.183,
        2.878,
        -0.4,
        2.933,
        -0.4,
        0,
        3.1,
        0.2,
        0,
        3.3,
        -0.5,
        1,
        3.344,
        -0.5,
        3.389,
        -0.068,
        3.433,
        0,
        1,
        3.5,
        0.102,
        3.566,
        0.109,
        3.633,
        0.2,
        1,
        3.678,
        0.261,
        3.722,
        0.4,
        3.767,
        0.4,
        1,
        3.822,
        0.4,
        3.878,
        0.248,
        3.933,
        0,
        1,
        3.966,
        -0.149,
        4,
        -0.2,
        4.033,
        -0.2,
        0,
        4.167,
        0.2,
        0,
        4.367,
        -0.3,
        0,
        4.633,
        0,
        0,
        5.5,
        -0.1,
        0,
        5.7,
        0.2,
        0,
        5.867,
        -0.5,
        0,
        6,
        0.2,
        0,
        6.167,
        -0.1,
        1,
        6.234,
        -0.1,
        6.3,
        -0.089,
        6.367,
        0,
        1,
        6.434,
        0.089,
        6.5,
        0.2,
        6.567,
        0.2,
        1,
        6.622,
        0.2,
        6.678,
        0.01,
        6.733,
        -0.2,
        1,
        6.778,
        -0.368,
        6.822,
        -0.4,
        6.867,
        -0.4,
        1,
        6.922,
        -0.4,
        6.978,
        -0.183,
        7.033,
        -0.1,
        1,
        7.1,
        -0.001,
        7.166,
        0,
        7.233,
        0,
        2,
        7.833,
        0,
        2,
        8.333,
        0
      ]
    },
    {
      "Target": "Parameter",
      "Id": "koudaxiao",
      "FadeInTime": -1.0,
      "FadeOutTime": -1.0,
      "Segments": [
        0,
        0,
        2,
        0.333,
        0,
        2,
        0.533,
        0,
        0,
        0.7,
        -0.1,
        0,
        0.867,
        0,
        0,
        1.1,
        -0.2,
        0,
        1.8,
        0,
        2,
        1.967,
        0,
        2,
        2.233,
        0,
        0,
        2.433,
        -0.3,
        0,
        2.567,
        0.1,
        1,
        2.634,
        0.1,
        2.7,
        0.044,
        2.767,
        -0.1,
        1,
        2.822,
        -0.22,
        2.878,
        -0.3,
        2.933,
        -0.3,
        0,
        3.1,
        0,
        0,
        3.3,
        -0.2,
        0,
        3.433,
        0,
        2,
        3.633,
        0,
        2,
        3.767,
        0,
        2,
        3.933,
        0,
        0,
        4.033,
        -0.3,
        1,
        4.078,
        -0.3,
        4.122,
        -0.161,
        4.167,
        -0.1,
        1,
        4.234,
        -0.009,
        4.3,
        0,
        4.367,
        0,
        2,
        4.633,
        0,
        0,
        5.5,
        0.2,
        1,
        5.567,
        0.2,
        5.633,
        -0.163,
        5.7,
        -0.3,
        1,
        5.756,
        -0.414,
        5.811,
        -0.4,
        5.867,
        -0.4,
        0,
        6,
        0,
        0,
        6.167,
        -0.3,
        0,
        6.367,
        0.3,
        0,
        6.567,
        -0.2,
        2,
        6.733,
        -0.2,
        1,
        6.778,
        -0.2,
        6.822,
        -0.201,
        6.867,
        -0.192,
        1,
        6.922,
        -0.18,
        6.978,
        -0.141,
        7.033,
        -0.1,
        1,
        7.1,
        -0.051,
        7.166,
        0,
        7.233,
        0,
        2,
        7.833,
        0,
        2,
        8.333,
        0
      ]
    },
    {
      "Target": "Parameter",
      "Id": "ParamEyeROpen",
      "FadeInTime": -1.0,
      "FadeOutTime": -1.0,
      "Segments": [
        0,
        1,
        2,
        0.333,
        1,
        0,
        0.7,
        0,
        0,
        1.1,
        1.1,
        1,
        1.333,
        1.1,
        1.567,
        1.032,
        1.8,
        0.9,
        1,
        1.856,
        0.869,
        1.911,
        0.812,
        1.967,
        0.811,
        1,
        2.267,
        0.807,
        2.567,
        0.807,
        2.867,
        0.8,
        1,
        3.167,
        0.793,
        3.467,
        0.7,
        3.767,
        0.7,
        2,
        4.1,
        0.7,
        2,
        5.6,
        0.7,
        0,
        5.833,
        0,
        2,
        5.933,
        0,
        0,
        6.2,
        1,
        2,
        6.633,
        1,
        2,
        7.833,
        1,
        2,
        8.333,
        1
      ]
    },
    {
      "Target": "Parameter",
      "Id": "ParamEyeBallX",
      "FadeInTime": -1.0,
      "FadeOutTime": -1.0,
      "Segments": [
        0,
        0,
        2,
        0.333,
        0,
        2,
        1.8,
        0,
        0,
        1.967,
        -0.241,
        0,
        2.333,
        -0.1,
        2,
        2.6,
        -0.1,
        0,
        2.867,
        -0.6,
        1,
        3.278,
        -0.6,
        3.689,
        -0.594,
        4.1,
        -0.5,
        1,
        4.756,
        -0.351,
        5.411,
        -0.2,
        6.067,
        -0.2,
        2,
        6.633,
        -0.2,
        0,
        7.833,
        0,
        2,
        8.333,
        0
      ]
    },
    {
      "Target": "Parameter",
      "Id": "ParamEyeBallY",
      "FadeInTime": -1.0,
      "FadeOutTime": -1.0,
      "Segments": [
        0,
        0,
        2,
        0.333,
        0,
        2,
        1.8,
        0,
        0,
        1.967,
        -0.401,
        0,
        2.333,
        -0.4,
        2,
        2.6,
        -0.4,
        0,
        2.867,
        -0.1,
        0,
        4.1,
        -1,
        0,
        6.067,
        -0.1,
        2,
        6.633,
        -0.1,
        0,
        7.833,
        0,
        2,
        8.333,
        0
      ]
    },
    {
      "Target": "Parameter",
      "Id": "SD_BustMotionY_L",
      "FadeInTime": -1.0,
      "FadeOutTime": -1.0,
      "Segments": [
        0,
        0,
        2,
        0.333,
        0,
        2,
        0.8,
        0,
        0,
        1.2,
        17.078,
        0,
        1.533,
        -9.108,
        0,
        1.833,
        7,
        0,
        2.133,
        0,
        2,
        6.267,
        0,
        0,
        6.667,
        17.078,
        0,
        7,
        -9.108,
        0,
        7.3,
        7,
        0,
        7.6,
        0,
        2,
        7.833,
        0,
        2,
        8.333,
        0
      ]
    },
    {
      "Target": "Parameter",
      "Id": "SD_BustMotionY_X",
      "FadeInTime": -1.0,
      "FadeOutTime": -1.0,
      "Segments": [
        0,
        0,
        2,
        0.333,
        0,
        2,
        0.8,
        0,
        0,
        1.2,
        17.078,
        0,
        1.533,
        -9.108,
        0,
        1.833,
        7,
        0,
        2.133,
        0,
        2,
        6.267,
        0,
        0,
        6.667,
        17.078,
        0,
        7,
        -9.108,
        0,
        7.3,
        7,
        0,
        7.6,
        0,
        2,
        7.833,
        0,
        2,
        8.333,
        0
      ]
    },
    {
      "Target": "Parameter",
      "Id": "SD_BustMotionY_L2",
      "FadeInTime": -1.0,
      "FadeOutTime": -1.0,
      "Segments": [
        0,
        0,
        2,
        0.333,
        0,
        2,
        1.033,
        0,
        0,
        1.333,
        -17.078,
        0,
        1.667,
        9.108,
        0,
        1.967,
        -7,
        0,
        2.267,
        0,
        2,
        6.5,
        0,
        0,
        6.8,
        -17.078,
        0,
        7.133,
        9.108,
        0,
        7.433,
        -7,
        0,
        7.733,
        0,
        2,
        7.833,
        0,
        2,
        8.333,
        0
      ]
    },
    {
      "Target": "Parameter",
      "Id": "SD_BustMotionY_Y",
      "FadeInTime": -1.0,
      "FadeOutTime": -1.0,
      "Segments": [
        0,
        0,
        2,
        0.333,
        0,
        2,
        1.033,
        0,
        0,
        1.333,
        -17.078,
        0,
        1.667,
        9.108,
        0,
        1.967,
        -7,
        0,
        2.267,
        0,
        2,
        6.5,
        0,
        0,
        6.8,
        -17.078,
        0,
        7.133,
        9.108,
        0,
        7.433,
        -7,
        0,
        7.733,
        0,
        2,
        8.333,
        0
      ]
    },
    {
      "Target": "Parameter",
      "Id": "Hair_physics",
      "FadeInTime": -1.0,
      "FadeOutTime": -1.0,
      "Segments": [
        0,
        0,
        2,
        0.333,
        0,
        0,
        1,
        1,
        0,
        1.533,
        0,
        0,
        2.4,
        1,
        0,
        3.267,
        0,
        0,
        4.1,
        1,
        0,
        4.967,
        0,
        0,
        5.833,
        1,
        0,
        6.667,
        0,
        0,
        7.533,
        1,
        0,
        8.333,
        0
      ]
    },
    {
      "Target": "Parameter",
      "Id": "ljiaoshoun",
      "FadeInTime": -1.0,
      "FadeOutTime": -1.0,
      "Segments": [
        0,
        0,
        2,
        0.333,
        0,
        2,
        1.8,
        0,
        2,
        1.967,
        0,
        2,
        2.7,
        0,
        2,
        2.8,
        0,
        0,
        2.933,
        1,
        2,
        3.7,
        1,
        2,
        5.533,
        1,
        2,
        5.7,
        1,
        2,
        6.067,
        1,
        0,
        6.567,
        0,
        2,
        7.833,
        0,
        2,
        8.333,
        0
      ]
    },
    {
      "Target": "Parameter",
      "Id": "ParamLegLStretch",
      "FadeInTime": -1.0,
      "FadeOutTime": -1.0,
      "Segments": [
        0,
        0,
        2,
        0.333,
        0,
        2,
        1.8,
        0,
        0,
        1.967,
        0.125,
        1,
        2.289,
        0.125,
        2.611,
        0.141,
        2.933,
        0,
        1,
        3.189,
        -0.112,
        3.444,
        -1.32,
        3.7,
        -1.32,
        1,
        3.811,
        -1.32,
        3.922,
        -0.848,
        4.033,
        0,
        1,
        4.1,
        0.509,
        4.166,
        0.72,
        4.233,
        0.72,
        0,
        4.767,
        -0.204,
        0,
        5.1,
        0.418,
        0,
        5.533,
        0,
        2,
        5.7,
        0,
        0,
        6.167,
        0.54,
        0,
        6.567,
        0,
        2,
        7.833,
        0,
        2,
        8.333,
        0
      ]
    },
    {
      "Target": "Parameter",
      "Id": "ParamCrusLAngle",
      "FadeInTime": -1.0,
      "FadeOutTime": -1.0,
      "Segments": [
        0,
        0,
        2,
        0.333,
        0,
        2,
        1.8,
        0,
        1,
        1.856,
        0,
        1.911,
        -0.267,
        1.967,
        -0.308,
        1,
        2.322,
        -0.568,
        2.678,
        -0.609,
        3.033,
        -1,
        1,
        3.289,
        -1.281,
        3.544,
        -30,
        3.8,
        -30,
        2,
        3.967,
        -30,
        0,
        4.267,
        -29.28,
        0,
        4.867,
        -30,
        0,
        5.2,
        -29.52,
        0,
        5.633,
        -30,
        2,
        5.8,
        -30,
        1,
        6.089,
        -30,
        6.378,
        -1.834,
        6.667,
        -1,
        1,
        7.056,
        0.123,
        7.444,
        0,
        7.833,
        0,
        2,
        8.333,
        0
      ]
    },
    {
      "Target": "Parameter",
      "Id": "lxiaotuiq",
      "FadeInTime": -1.0,
      "FadeOutTime": -1.0,
      "Segments": [
        0,
        0,
        2,
        0.333,
        0,
        2,
        1.8,
        0,
        2,
        1.967,
        0,
        2,
        2.933,
        0,
        2,
        3.2,
        0,
        2,
        3.367,
        0,
        0,
        3.7,
        1,
        2,
        5.533,
        1,
        2,
        5.8,
        1,
        0,
        6.167,
        0,
        2,
        6.567,
        0,
        2,
        7.833,
        0,
        2,
        8.333,
        0
      ]
    },
    {
      "Target": "Parameter",
      "Id": "ParamFooxz",
      "FadeInTime": -1.0,
      "FadeOutTime": -1.0,
      "Segments": [
        0,
        0,
        2,
        0.333,
        0,
        2,
        1.8,
        0,
        2,
        1.967,
        0,
        2,
        3.133,
        0,
        0,
        4.067,
        -6,
        0,
        4.433,
        8.902,
        0,
        4.967,
        0,
        0,
        5.3,
        10.312,
        1,
        5.444,
        10.312,
        5.589,
        -0.141,
        5.733,
        -2.483,
        1,
        5.789,
        -2.655,
        5.844,
        -2.828,
        5.9,
        -3,
        0,
        6.767,
        0,
        2,
        7.833,
        0,
        2,
        8.333,
        0
      ]
    },
    {
      "Target": "Parameter",
      "Id": "ltaijz",
      "FadeInTime": -1.0,
      "FadeOutTime": -1.0,
      "Segments": [
        0,
        0,
        2,
        0.333,
        0,
        2,
        3.233,
        0,
        0,
        4,
        30,
        0,
        4.533,
        -24,
        0,
        5.067,
        30,
        0,
        5.4,
        -30,
        0,
        5.833,
        30,
        0,
        6.4,
        0,
        2,
        6.867,
        0,
        2,
        7.833,
        0,
        2,
        8.333,
        0
      ]
    },
    {
      "Target": "Parameter",
      "Id": "ParamLegRAngle",
      "FadeInTime": -1.0,
      "FadeOutTime": -1.0,
      "Segments": [
        0,
        0,
        2,
        0.333,
        0,
        2,
        1.8,
        0,
        2,
        1.967,
        0,
        2,
        2.933,
        0,
        0,
        3.7,
        -0.66,
        2,
        5.533,
        -0.66,
        2,
        5.7,
        -0.66,
        0,
        6.567,
        0,
        2,
        7.833,
        0,
        2,
        8.333,
        0
      ]
    },
    {
      "Target": "Parameter",
      "Id": "ParamCrusRAngle",
      "FadeInTime": -1.0,
      "FadeOutTime": -1.0,
      "Segments": [
        0,
        0,
        2,
        0.333,
        0,
        2,
        1.8,
        0,
        2,
        1.967,
        0,
        2,
        2.933,
        0,
        0,
        3.7,
        -5.52,
        2,
        5.533,
        -5.52,
        2,
        5.7,
        -5.52,
        0,
        6.567,
        0,
        2,
        7.833,
        0,
        2,
        8.333,
        0
      ]
    },
    {
      "Target": "Parameter",
      "Id": "xfzhuan",
      "FadeInTime": -1.0,
      "FadeOutTime": -1.0,
      "Segments": [
        0,
        0,
        2,
        0.333,
        0,
        0,
        1.8,
        -30,
        2,
        1.967,
        -30,
        2,
        6.633,
        -30,
        0,
        7.833,
        0,
        2,
        8.333,
        0
      ]
    },
    {
      "Target": "Parameter",
      "Id": "fujiX",
      "FadeInTime": -1.0,
      "FadeOutTime": -1.0,
      "Segments": [
        0,
        0,
        2,
        0.333,
        0,
        0,
        4.4,
        21.76,
        0,
        7.833,
        0,
        2,
        8.333,
        0
      ]
    },
    {
      "Target": "Parameter",
      "Id": "fujiY",
      "FadeInTime": -1.0,
      "FadeOutTime": -1.0,
      "Segments": [
        0,
        0,
        2,
        0.333,
        0,
        0,
        4.4,
        -22.4,
        0,
        7.833,
        0,
        2,
        8.333,
        0
      ]
    },
    {
      "Target": "Parameter",
      "Id": "chengqin",
      "FadeInTime": -1.0,
      "FadeOutTime": -1.0,
      "Segments": [
        0,
        0,
        2,
        0.333,
        0,
        2,
        1.8,
        0,
        2,
        1.967,
        0,
        2,
        4.167,
        0,
        0,
        4.467,
        -0.201,
        0,
        4.8,
        0.41,
        1,
        4.889,
        0.41,
        4.978,
        0.313,
        5.067,
        0.036,
        1,
        5.167,
        -0.275,
        5.267,
        -0.482,
        5.367,
        -0.482,
        0,
        5.9,
        0.391,
        0,
        6.367,
        -0.321,
        0,
        6.8,
        0.22,
        0,
        7.133,
        -0.152,
        0,
        7.433,
        0.098,
        0,
        7.667,
        0,
        2,
        7.833,
        0,
        2,
        8.333,
        0
      ]
    },
    {
      "Target": "Parameter",
      "Id": "lxbgs",
      "FadeInTime": -1.0,
      "FadeOutTime": -1.0,
      "Segments": [
        0,
        0,
        2,
        0.4,
        0,
        0,
        0.767,
        -1.863,
        0,
        1.9,
        3.723,
        0,
        3,
        -13.964,
        0,
        4.1,
        -0.93,
        0,
        4.2,
        -0.931,
        2,
        4.233,
        -0.931,
        2,
        5.567,
        -0.931,
        0,
        6.633,
        -6.516,
        0,
        7.733,
        0,
        2,
        8.333,
        0
      ]
    },
    {
      "Target": "Parameter",
      "Id": "qianfa1",
      "FadeInTime": -1.0,
      "FadeOutTime": -1.0,
      "Segments": [
        0,
        0.013,
        0,
        0.233,
        -0.013,
        0,
        0.467,
        0.469,
        0,
        0.8,
        -4.249,
        0,
        1.433,
        4.154,
        0,
        1.8,
        -6.848,
        0,
        2.167,
        2.696,
        0,
        2.467,
        -2.422,
        0,
        2.8,
        3.957,
        0,
        3.167,
        -0.687,
        0,
        3.367,
        0.078,
        0,
        3.7,
        -2.334,
        0,
        4.467,
        2.199,
        0,
        5.333,
        -2.511,
        0,
        5.967,
        0.469,
        0,
        6.233,
        -0.209,
        0,
        6.567,
        3.219,
        0,
        6.967,
        -3.584,
        0,
        7.4,
        0.027,
        0,
        7.533,
        -0.137,
        0,
        7.933,
        3.045,
        0,
        8.333,
        -0.576
      ]
    },
    {
      "Target": "Parameter",
      "Id": "qianfa2",
      "FadeInTime": -1.0,
      "FadeOutTime": -1.0,
      "Segments": [
        0,
        0.05,
        0,
        0.333,
        -0.028,
        0,
        0.633,
        1.494,
        0,
        0.933,
        -3.427,
        0,
        1.267,
        2.113,
        0,
        1.433,
        1.345,
        0,
        1.633,
        2.6,
        0,
        1.933,
        -5.828,
        0,
        2.267,
        5.172,
        0,
        2.6,
        -4.569,
        0,
        2.933,
        3.953,
        0,
        3.233,
        -2.309,
        0,
        3.533,
        1.609,
        0,
        3.867,
        -1.795,
        0,
        4.167,
        0.759,
        0,
        4.4,
        -0.105,
        0,
        4.667,
        0.7,
        0,
        4.967,
        -0.114,
        0,
        5.167,
        0.401,
        0,
        5.467,
        -1.176,
        0,
        5.833,
        0.622,
        0,
        6.367,
        -1.179,
        0,
        6.7,
        2.832,
        0,
        7.067,
        -2.974,
        0,
        7.4,
        1.521,
        0,
        7.733,
        -1.402,
        0,
        8.067,
        1.962,
        0,
        8.333,
        -0.622
      ]
    },
    {
      "Target": "Parameter",
      "Id": "rlihai1",
      "FadeInTime": -1.0,
      "FadeOutTime": -1.0,
      "Segments": [
        0,
        -0.009,
        0,
        0.2,
        0.038,
        0,
        0.333,
        0.016,
        0,
        0.467,
        0.625,
        0,
        0.833,
        -5.416,
        0,
        1.433,
        6.247,
        0,
        1.833,
        -9.223,
        0,
        2.233,
        3.894,
        0,
        2.533,
        -2.61,
        0,
        2.9,
        4.782,
        0,
        3.333,
        -1.405,
        0,
        3.467,
        -1.239,
        0,
        3.733,
        -2.141,
        0,
        4.467,
        3.017,
        0,
        5.4,
        -3.164,
        0,
        5.967,
        0.915,
        0,
        6.267,
        -0.477,
        0,
        6.6,
        4.171,
        0,
        7.033,
        -5.058,
        0,
        7.467,
        0.92,
        0,
        7.633,
        0.487,
        0,
        8,
        3.572,
        0,
        8.333,
        -0.388
      ]
    },
    {
      "Target": "Parameter",
      "Id": "rlihai2",
      "FadeInTime": -1.0,
      "FadeOutTime": -1.0,
      "Segments": [
        0,
        -0.181,
        0,
        0.633,
        1.991,
        0,
        1,
        -5.56,
        0,
        1.567,
        5.654,
        0,
        2,
        -10.143,
        0,
        2.367,
        8.53,
        0,
        2.7,
        -6.735,
        0,
        3.067,
        6.152,
        0,
        3.433,
        -3.403,
        0,
        3.733,
        0.616,
        0,
        4.033,
        -1.107,
        0,
        4.6,
        1.629,
        0,
        5,
        -0.437,
        0,
        5.233,
        0.233,
        0,
        5.567,
        -1.937,
        0,
        6,
        1.486,
        0,
        6.4,
        -2.277,
        0,
        6.767,
        4.945,
        0,
        7.167,
        -5.741,
        0,
        7.567,
        3.159,
        0,
        7.867,
        -1.708,
        0,
        8.2,
        2.907,
        0,
        8.333,
        1.606
      ]
    },
    {
      "Target": "Parameter",
      "Id": "rzhongfa1",
      "FadeInTime": -1.0,
      "FadeOutTime": -1.0,
      "Segments": [
        0,
        -0.017,
        0,
        0.167,
        -0.096,
        0,
        0.5,
        0.868,
        0,
        0.867,
        -7.853,
        0,
        1.433,
        10.943,
        0,
        1.867,
        -14.508,
        0,
        2.3,
        6.208,
        0,
        2.633,
        -1.862,
        0,
        3,
        5.463,
        0,
        3.633,
        -4.513,
        0,
        4.533,
        4.345,
        0,
        5.4,
        -4.723,
        0,
        5.967,
        1.744,
        0,
        6.3,
        -0.617,
        0,
        6.633,
        5.82,
        0,
        7.1,
        -7.811,
        0,
        7.6,
        2.712,
        0,
        7.7,
        2.637,
        0,
        8,
        4.131,
        0,
        8.333,
        0.443
      ]
    },
    {
      "Target": "Parameter",
      "Id": "rzhongfa2",
      "FadeInTime": -1.0,
      "FadeOutTime": -1.0,
      "Segments": [
        0,
        0.16,
        0,
        0.267,
        -0.218,
        0,
        0.667,
        3.009,
        0,
        1.033,
        -7.983,
        0,
        1.567,
        10.219,
        0,
        2,
        -15.647,
        0,
        2.4,
        12.127,
        0,
        2.8,
        -8.226,
        0,
        3.167,
        7.032,
        0,
        3.6,
        -3.906,
        0,
        4.133,
        1.026,
        0,
        4.4,
        0.121,
        0,
        4.733,
        2.077,
        0,
        5.567,
        -2.465,
        0,
        6.067,
        2.222,
        0,
        6.433,
        -3.33,
        0,
        6.8,
        6.958,
        0,
        7.233,
        -8.248,
        0,
        7.633,
        4.627,
        0,
        7.967,
        -1.036,
        0,
        8.3,
        2.481,
        0,
        8.333,
        2.371
      ]
    },
    {
      "Target": "Parameter",
      "Id": "lliuhai1",
      "FadeInTime": -1.0,
      "FadeOutTime": -1.0,
      "Segments": [
        0,
        -0.011,
        0,
        0.167,
        -0.064,
        0,
        0.5,
        0.578,
        0,
        0.867,
        -5.235,
        0,
        1.433,
        7.296,
        0,
        1.867,
        -9.672,
        0,
        2.3,
        4.139,
        0,
        2.633,
        -1.242,
        0,
        3,
        3.642,
        0,
        3.633,
        -3.009,
        0,
        4.533,
        2.896,
        0,
        5.4,
        -3.148,
        0,
        5.967,
        1.163,
        0,
        6.3,
        -0.411,
        0,
        6.633,
        3.88,
        0,
        7.1,
        -5.207,
        0,
        7.6,
        1.808,
        0,
        7.7,
        1.758,
        0,
        8,
        2.754,
        0,
        8.333,
        0.295
      ]
    },
    {
      "Target": "Parameter",
      "Id": "lliuhai2",
      "FadeInTime": -1.0,
      "FadeOutTime": -1.0,
      "Segments": [
        0,
        0.039,
        0,
        0.233,
        -0.091,
        0,
        0.667,
        1.805,
        0,
        1.033,
        -4.227,
        0,
        1.6,
        4.96,
        0,
        2,
        -8.025,
        0,
        2.367,
        6.134,
        0,
        2.733,
        -4.413,
        0,
        3.133,
        3.484,
        0,
        3.533,
        -1.478,
        0,
        4.133,
        0.311,
        0,
        4.367,
        -0.11,
        0,
        4.7,
        1.031,
        0,
        5.067,
        -0.061,
        0,
        5.2,
        0.044,
        0,
        5.533,
        -1.25,
        0,
        6.033,
        1.014,
        0,
        6.433,
        -1.871,
        0,
        6.8,
        3.767,
        0,
        7.2,
        -4.055,
        0,
        7.6,
        2.08,
        0,
        7.9,
        -0.747,
        0,
        8.233,
        1.392,
        0,
        8.333,
        1.158
      ]
    },
    {
      "Target": "Parameter",
      "Id": "ParamHair1",
      "FadeInTime": -1.0,
      "FadeOutTime": -1.0,
      "Segments": [
        0,
        -0.007,
        0,
        0.2,
        0.006,
        0,
        0.333,
        0.002,
        0,
        0.4,
        0.179,
        0,
        0.733,
        -10.781,
        0,
        1.4,
        10.267,
        0,
        1.767,
        -18.185,
        0,
        2.1,
        6.245,
        0,
        2.367,
        -5.121,
        0,
        2.733,
        10.103,
        0,
        3.067,
        -0.722,
        0,
        3.267,
        0.321,
        0,
        3.6,
        -6.917,
        0,
        4.433,
        6.768,
        0,
        5.3,
        -7.152,
        0,
        5.967,
        1.577,
        0,
        6.167,
        0.405,
        0,
        6.5,
        7.833,
        0,
        6.933,
        -9.386,
        0,
        7.867,
        8.058,
        0,
        8.333,
        -2.199
      ]
    },
    {
      "Target": "Parameter",
      "Id": "ParamHair2",
      "FadeInTime": -1.0,
      "FadeOutTime": -1.0,
      "Segments": [
        0,
        0,
        0,
        0.133,
        -0.03,
        0,
        0.633,
        4.016,
        0,
        0.933,
        -9.235,
        0,
        1.267,
        5.204,
        0,
        1.433,
        2.946,
        0,
        1.633,
        7.832,
        0,
        1.933,
        -16.094,
        0,
        2.267,
        13.376,
        0,
        2.567,
        -11.404,
        0,
        2.9,
        9.828,
        0,
        3.2,
        -5.249,
        0,
        3.5,
        4.119,
        0,
        3.8,
        -4.966,
        0,
        4.133,
        2.16,
        0,
        4.367,
        -1.195,
        0,
        4.633,
        2.769,
        0,
        4.933,
        -0.827,
        0,
        5.167,
        1.417,
        0,
        5.467,
        -3.424,
        0,
        5.8,
        1.685,
        0,
        6.4,
        -3.056,
        0,
        6.7,
        7.512,
        0,
        7.067,
        -7.573,
        0,
        7.4,
        3.333,
        0,
        7.7,
        -3.117,
        0,
        8.067,
        4.721,
        0,
        8.333,
        -1.521
      ]
    },
    {
      "Target": "Parameter",
      "Id": "ParamHair3",
      "FadeInTime": -1.0,
      "FadeOutTime": -1.0,
      "Segments": [
        0,
        0.177,
        0,
        0.333,
        -0.084,
        0,
        0.7,
        4.124,
        0,
        1.033,
        -11.135,
        0,
        1.4,
        9.289,
        0,
        1.633,
        5.138,
        0,
        1.7,
        5.314,
        0,
        2.033,
        -18.166,
        0,
        2.4,
        18.755,
        0,
        2.7,
        -17.073,
        0,
        3.033,
        15.471,
        0,
        3.367,
        -9.821,
        0,
        3.667,
        6.797,
        0,
        3.967,
        -7.354,
        0,
        4.267,
        4.234,
        0,
        4.533,
        -1.479,
        0,
        4.8,
        3.078,
        0,
        5.1,
        -1.351,
        0,
        5.333,
        1.085,
        0,
        5.6,
        -4.019,
        0,
        5.967,
        3.159,
        0,
        6.467,
        -3.529,
        0,
        6.833,
        9.261,
        0,
        7.167,
        -11.275,
        0,
        7.533,
        6.939,
        0,
        7.833,
        -5.529,
        0,
        8.167,
        7.189,
        0,
        8.333,
        1.864
      ]
    },
    {
      "Target": "Parameter",
      "Id": "ParamHair4",
      "FadeInTime": -1.0,
      "FadeOutTime": -1.0,
      "Segments": [
        0,
        -0.261,
        0,
        0.167,
        0.504,
        0,
        0.467,
        -0.194,
        0,
        0.8,
        4.495,
        0,
        1.133,
        -13.247,
        0,
        1.533,
        14.644,
        0,
        2.133,
        -19.421,
        0,
        2.5,
        24.537,
        0,
        2.833,
        -24.078,
        0,
        3.167,
        22.407,
        0,
        3.5,
        -16.033,
        0,
        3.8,
        11.22,
        0,
        4.1,
        -10.894,
        0,
        4.433,
        7.628,
        0,
        4.7,
        -2.763,
        0,
        4.967,
        3.368,
        0,
        5.267,
        -1.878,
        0,
        5.467,
        0.428,
        0,
        5.733,
        -4.309,
        0,
        6.1,
        4.987,
        0,
        6.5,
        -5.097,
        0,
        6.9,
        11.484,
        0,
        7.3,
        -15.8,
        0,
        7.633,
        11.834,
        0,
        7.967,
        -9.658,
        0,
        8.3,
        11.07,
        0,
        8.333,
        10.591
      ]
    },
    {
      "Target": "Parameter",
      "Id": "ParamEyeRGG",
      "FadeInTime": -1.0,
      "FadeOutTime": -1.0,
      "Segments": [
        0,
        0,
        2,
        0.333,
        0,
        0,
        0.467,
        -8.536,
        0,
        0.733,
        21.253,
        0,
        1.033,
        -25.545,
        0,
        1.367,
        20.907,
        0,
        1.667,
        -12.004,
        0,
        2,
        7.852,
        0,
        2.267,
        -5.479,
        0,
        2.567,
        2.875,
        0,
        2.867,
        -1.503,
        0,
        3.4,
        0.759,
        0,
        3.7,
        -0.024,
        0,
        3.767,
        0.032,
        0,
        3.967,
        -0.982,
        0,
        4.267,
        0.836,
        0,
        4.567,
        -0.471,
        0,
        4.867,
        0.229,
        0,
        5.167,
        -0.102,
        0,
        5.467,
        0.043,
        0,
        5.6,
        -6.394,
        0,
        5.867,
        15.214,
        0,
        6.3,
        -12.125,
        0,
        6.567,
        16.395,
        0,
        6.867,
        -10.119,
        0,
        7.167,
        5.189,
        0,
        7.5,
        -2.451,
        0,
        7.8,
        1.091,
        0,
        8.1,
        -0.464,
        0,
        8.333,
        0.127
      ]
    },
    {
      "Target": "Parameter",
      "Id": "ZD_BustLMotionX_L",
      "FadeInTime": -1.0,
      "FadeOutTime": -1.0,
      "Segments": [
        0,
        0,
        2,
        0.333,
        0,
        0,
        0.633,
        2.877,
        0,
        1.133,
        -6.067,
        0,
        1.433,
        12.524,
        0,
        1.767,
        -6.575,
        0,
        2.133,
        3.468,
        0,
        2.5,
        -3.224,
        0,
        2.967,
        2.383,
        0,
        3.333,
        0.969,
        0,
        3.567,
        1.156,
        0,
        4.267,
        -0.984,
        0,
        4.667,
        0.297,
        0,
        5.067,
        -0.429,
        0,
        5.5,
        0.066,
        0,
        6.067,
        -11.845,
        0,
        6.5,
        21.803,
        0,
        7.067,
        -17.717,
        0,
        7.467,
        11.797,
        0,
        7.867,
        -5.553,
        0,
        8.267,
        3.272,
        0,
        8.333,
        2.828
      ]
    },
    {
      "Target": "Parameter",
      "Id": "ZD_BustLMotionY_L",
      "FadeInTime": -1.0,
      "FadeOutTime": -1.0,
      "Segments": [
        0,
        0,
        2,
        0.333,
        0,
        0,
        0.567,
        0.223,
        0,
        1.033,
        -0.608,
        0,
        1.1,
        -0.595,
        0,
        1.433,
        -2.373,
        0,
        1.767,
        2.913,
        0,
        2.067,
        -2.797,
        0,
        2.433,
        1.64,
        0,
        2.767,
        -0.873,
        0,
        3.1,
        0.532,
        0,
        3.467,
        -0.066,
        0,
        3.733,
        0.097,
        0,
        4.2,
        -0.232,
        0,
        4.567,
        0.118,
        0,
        4.9,
        -0.073,
        0,
        5.233,
        0.035,
        0,
        5.567,
        -0.021,
        0,
        5.667,
        -0.013,
        0,
        5.967,
        -0.847,
        0,
        6.4,
        0.595,
        0,
        6.867,
        -2.907,
        0,
        7.2,
        3.613,
        0,
        7.533,
        -3.142,
        0,
        7.9,
        1.437,
        0,
        8.233,
        -0.798,
        0,
        8.333,
        -0.455
      ]
    },
    {
      "Target": "Parameter",
      "Id": "ZD_BustRMotionX_L",
      "FadeInTime": -1.0,
      "FadeOutTime": -1.0,
      "Segments": [
        0,
        0,
        2,
        0.333,
        0,
        0,
        0.633,
        4.027,
        0,
        1.133,
        -8.493,
        0,
        1.433,
        17.533,
        0,
        1.767,
        -9.206,
        0,
        2.133,
        4.855,
        0,
        2.5,
        -4.513,
        0,
        2.967,
        3.337,
        0,
        3.333,
        1.357,
        0,
        3.567,
        1.619,
        0,
        4.267,
        -1.378,
        0,
        4.667,
        0.416,
        0,
        5.067,
        -0.601,
        0,
        5.5,
        0.092,
        0,
        6.067,
        -16.583,
        0,
        6.5,
        30,
        2,
        6.533,
        30,
        0,
        7.067,
        -24.804,
        0,
        7.467,
        16.516,
        0,
        7.867,
        -7.774,
        0,
        8.267,
        4.581,
        0,
        8.333,
        3.959
      ]
    },
    {
      "Target": "Parameter",
      "Id": "ZD_BustRMotionY_L",
      "FadeInTime": -1.0,
      "FadeOutTime": -1.0,
      "Segments": [
        0,
        0,
        2,
        0.333,
        0,
        0,
        0.567,
        0.223,
        0,
        1.033,
        -0.608,
        0,
        1.1,
        -0.595,
        0,
        1.433,
        -2.373,
        0,
        1.767,
        2.913,
        0,
        2.067,
        -2.797,
        0,
        2.433,
        1.64,
        0,
        2.767,
        -0.873,
        0,
        3.1,
        0.532,
        0,
        3.467,
        -0.066,
        0,
        3.733,
        0.097,
        0,
        4.2,
        -0.232,
        0,
        4.567,
        0.118,
        0,
        4.9,
        -0.073,
        0,
        5.233,
        0.035,
        0,
        5.567,
        -0.021,
        0,
        5.667,
        -0.013,
        0,
        5.967,
        -0.847,
        0,
        6.4,
        0.595,
        0,
        6.867,
        -2.907,
        0,
        7.2,
        3.613,
        0,
        7.533,
        -3.142,
        0,
        7.9,
        1.437,
        0,
        8.233,
        -0.798,
        0,
        8.333,
        -0.455
      ]
    },
    {
      "Target": "Parameter",
      "Id": "touch_drag1",
      "FadeInTime": -1.0,
      "FadeOutTime": -1.0,
      "Segments": [
        0,
        0,
        0,
        8.333,
        0
      ]
    },
    {
      "Target": "Parameter",
      "Id": "heikuang",
      "FadeInTime": -1.0,
      "FadeOutTime": -1.0,
      "Segments": [
        0,
        0,
        0,
        8.333,
        0
      ]
    },
    {
      "Target": "Parameter",
      "Id": "All_X2",
      "FadeInTime": -1.0,
      "FadeOutTime": -1.0,
      "Segments": [
        0,
        0,
        0,
        8.333,
        0
      ]
    },
    {
      "Target": "Parameter",
      "Id": "All_Y2",
      "FadeInTime": -1.0,
      "FadeOutTime": -1.0,
      "Segments": [
        0,
        0,
        0,
        8.333,
        0
      ]
    },
    {
      "Target": "Parameter",
      "Id": "All_Size",
      "FadeInTime": -1.0,
      "FadeOutTime": -1.0,
      "Segments": [
        0,
        0,
        0,
        8.333,
        0
      ]
    },
    {
      "Target": "Parameter",
      "Id": "All_Size2",
      "FadeInTime": -1.0,
      "FadeOutTime": -1.0,
      "Segments": [
        0,
        0,
        0,
        8.333,
        0
      ]
    },
    {
      "Target": "Parameter",
      "Id": "renxs",
      "FadeInTime": -1.0,
      "FadeOutTime": -1.0,
      "Segments": [
        0,
        0,
        0,
        8.333,
        0
      ]
    },
    {
      "Target": "Parameter",
      "Id": "yongchixs",
      "FadeInTime": -1.0,
      "FadeOutTime": -1.0,
      "Segments": [
        0,
        0,
        0,
        8.333,
        0
      ]
    },
    {
      "Target": "Parameter",
      "Id": "fenjingbjxs",
      "FadeInTime": -1.0,
      "FadeOutTime": -1.0,
      "Segments": [
        0,
        0,
        0,
        8.333,
        0
      ]
    },
    {
      "Target": "Parameter",
      "Id": "man_Size",
      "FadeInTime": -1.0,
      "FadeOutTime": -1.0,
      "Segments": [
        0,
        0,
        0,
        8.333,
        0
      ]
    },
    {
      "Target": "Parameter",
      "Id": "man_Angle",
      "FadeInTime": -1.0,
      "FadeOutTime": -1.0,
      "Segments": [
        0,
        0,
        0,
        8.333,
        0
      ]
    },
    {
      "Target": "Parameter",
      "Id": "yongchixx",
      "FadeInTime": -1.0,
      "FadeOutTime": -1.0,
      "Segments": [
        0,
        0,
        0,
        8.333,
        0
      ]
    },
    {
      "Target": "Parameter",
      "Id": "yongchixx2",
      "FadeInTime": -1.0,
      "FadeOutTime": -1.0,
      "Segments": [
        0,
        0,
        0,
        8.333,
        0
      ]
    },
    {
      "Target": "Parameter",
      "Id": "All_Angle",
      "FadeInTime": -1.0,
      "FadeOutTime": -1.0,
      "Segments": [
        0,
        0,
        0,
        8.333,
        0
      ]
    },
    {
      "Target": "Parameter",
      "Id": "FG_Black",
      "FadeInTime": -1.0,
      "FadeOutTime": -1.0,
      "Segments": [
        0,
        0,
        0,
        8.333,
        0
      ]
    },
    {
      "Target": "Parameter",
      "Id": "BG_White",
      "FadeInTime": -1.0,
      "FadeOutTime": -1.0,
      "Segments": [
        0,
        0,
        0,
        8.333,
        0
      ]
    },
    {
      "Target": "Parameter",
      "Id": "huangguang",
      "FadeInTime": -1.0,
      "FadeOutTime": -1.0,
      "Segments": [
        0,
        0,
        0,
        8.333,
        0
      ]
    },
    {
      "Target": "Parameter",
      "Id": "FG_White",
      "FadeInTime": -1.0,
      "FadeOutTime": -1.0,
      "Segments": [
        0,
        0,
        0,
        8.333,
        0
      ]
    },
    {
      "Target": "Parameter",
      "Id": "xgbquan",
      "FadeInTime": -1.0,
      "FadeOutTime": -1.0,
      "Segments": [
        0,
        0,
        0,
        8.333,
        0
      ]
    },
    {
      "Target": "Parameter",
      "Id": "FG_White2",
      "FadeInTime": -1.0,
      "FadeOutTime": -1.0,
      "Segments": [
        0,
        0,
        0,
        8.333,
        0
      ]
    },
    {
      "Target": "Parameter",
      "Id": "qfwyid",
      "FadeInTime": -1.0,
      "FadeOutTime": -1.0,
      "Segments": [
        0,
        0,
        0,
        8.333,
        0
      ]
    },
    {
      "Target": "Parameter",
      "Id": "ParamMouthCDisplay",
      "FadeInTime": -1.0,
      "FadeOutTime": -1.0,
      "Segments": [
        0,
        0,
        0,
        8.333,
        0
      ]
    },
    {
      "Target": "Parameter",
      "Id": "tiaojidax",
      "FadeInTime": -1.0,
      "FadeOutTime": -1.0,
      "Segments": [
        0,
        0,
        0,
        8.333,
        0
      ]
    },
    {
      "Target": "Parameter",
      "Id": "tiaojiY",
      "FadeInTime": -1.0,
      "FadeOutTime": -1.0,
      "Segments": [
        0,
        0,
        0,
        8.333,
        0
      ]
    },
    {
      "Target": "Parameter",
      "Id": "tiaojij",
      "FadeInTime": -1.0,
      "FadeOutTime": -1.0,
      "Segments": [
        0,
        0,
        0,
        8.333,
        0
      ]
    },
    {
      "Target": "Parameter",
      "Id": "tiaotaicj",
      "FadeInTime": -1.0,
      "FadeOutTime": -1.0,
      "Segments": [
        0,
        0,
        0,
        8.333,
        0
      ]
    },
    {
      "Target": "Parameter",
      "Id": "Rjicxz",
      "FadeInTime": -1.0,
      "FadeOutTime": -1.0,
      "Segments": [
        0,
        0,
        0,
        8.333,
        0
      ]
    },
    {
      "Target": "Parameter",
      "Id": "Rjichisx",
      "FadeInTime": -1.0,
      "FadeOutTime": -1.0,
      "Segments": [
        0,
        0,
        0,
        8.333,
        0
      ]
    },
    {
      "Target": "Parameter",
      "Id": "Rjichiwan",
      "FadeInTime": -1.0,
      "FadeOutTime": -1.0,
      "Segments": [
        0,
        0,
        0,
        8.333,
        0
      ]
    },
    {
      "Target": "Parameter",
      "Id": "Rjichishen",
      "FadeInTime": -1.0,
      "FadeOutTime": -1.0,
      "Segments": [
        0,
        0,
        0,
        8.333,
        0
      ]
    },
    {
      "Target": "Parameter",
      "Id": "Ljicxz",
      "FadeInTime": -1.0,
      "FadeOutTime": -1.0,
      "Segments": [
        0,
        0,
        0,
        8.333,
        0
      ]
    },
    {
      "Target": "Parameter",
      "Id": "Ljichiwan",
      "FadeInTime": -1.0,
      "FadeOutTime": -1.0,
      "Segments": [
        0,
        0,
        0,
        8.333,
        0
      ]
    },
    {
      "Target": "Parameter",
      "Id": "Ljichisx",
      "FadeInTime": -1.0,
      "FadeOutTime": -1.0,
      "Segments": [
        0,
        0,
        0,
        8.333,
        0
      ]
    },
    {
      "Target": "Parameter",
      "Id": "Ljichishen",
      "FadeInTime": -1.0,
      "FadeOutTime": -1.0,
      "Segments": [
        0,
        0,
        0,
        8.333,
        0
      ]
    },
    {
      "Target": "Parameter",
      "Id": "tjyj",
      "FadeInTime": -1.0,
      "FadeOutTime": -1.0,
      "Segments": [
        0,
        0,
        0,
        8.333,
        0
      ]
    },
    {
      "Target": "Parameter",
      "Id": "daiyongj",
      "FadeInTime": -1.0,
      "FadeOutTime": -1.0,
      "Segments": [
        0,
        0,
        0,
        8.333,
        0
      ]
    },
    {
      "Target": "Parameter",
      "Id": "tiaojishens",
      "FadeInTime": -1.0,
      "FadeOutTime": -1.0,
      "Segments": [
        0,
        0,
        0,
        8.333,
        0
      ]
    },
    {
      "Target": "Parameter",
      "Id": "tiaojiwy",
      "FadeInTime": -1.0,
      "FadeOutTime": -1.0,
      "Segments": [
        0,
        0,
        0,
        8.333,
        0
      ]
    },
    {
      "Target": "Parameter",
      "Id": "yongjLdai",
      "FadeInTime": -1.0,
      "FadeOutTime": -1.0,
      "Segments": [
        0,
        10,
        0,
        8.333,
        10
      ]
    },
    {
      "Target": "Parameter",
      "Id": "yongjLdai2",
      "FadeInTime": -1.0,
      "FadeOutTime": -1.0,
      "Segments": [
        0,
        0,
        0,
        8.333,
        0
      ]
    },
    {
      "Target": "Parameter",
      "Id": "yongjRdaiX",
      "FadeInTime": -1.0,
      "FadeOutTime": -1.0,
      "Segments": [
        0,
        -10,
        0,
        8.333,
        -10
      ]
    },
    {
      "Target": "Parameter",
      "Id": "yongjRdaiY",
      "FadeInTime": -1.0,
      "FadeOutTime": -1.0,
      "Segments": [
        0,
        0,
        0,
        8.333,
        0
      ]
    },
    {
      "Target": "Parameter",
      "Id": "tiaojix",
      "FadeInTime": -1.0,
      "FadeOutTime": -1.0,
      "Segments": [
        0,
        0,
        0,
        8.333,
        0
      ]
    },
    {
      "Target": "Parameter",
      "Id": "tiaojdm1",
      "FadeInTime": -1.0,
      "FadeOutTime": -1.0,
      "Segments": [
        0,
        0,
        0,
        8.333,
        0
      ]
    },
    {
      "Target": "Parameter",
      "Id": "tiaojdm2",
      "FadeInTime": -1.0,
      "FadeOutTime": -1.0,
      "Segments": [
        0,
        0,
        0,
        8.333,
        0
      ]
    },
    {
      "Target": "Parameter",
      "Id": "tiaoshuihau",
      "FadeInTime": -1.0,
      "FadeOutTime": -1.0,
      "Segments": [
        0,
        0,
        0,
        8.333,
        0
      ]
    },
    {
      "Target": "Parameter",
      "Id": "dongganshuihua",
      "FadeInTime": -1.0,
      "FadeOutTime": -1.0,
      "Segments": [
        0,
        0,
        0,
        8.333,
        0
      ]
    },
    {
      "Target": "Parameter",
      "Id": "fenmaochu",
      "FadeInTime": -1.0,
      "FadeOutTime": -1.0,
      "Segments": [
        0,
        0,
        0,
        8.333,
        0
      ]
    },
    {
      "Target": "Parameter",
      "Id": "tjbq1",
      "FadeInTime": -1.0,
      "FadeOutTime": -1.0,
      "Segments": [
        0,
        0,
        0,
        8.333,
        0
      ]
    },
    {
      "Target": "Parameter",
      "Id": "tjyjxs",
      "FadeInTime": -1.0,
      "FadeOutTime": -1.0,
      "Segments": [
        0,
        0,
        0,
        8.333,
        0
      ]
    },
    {
      "Target": "Parameter",
      "Id": "ParamArmLStretch",
      "FadeInTime": -1.0,
      "FadeOutTime": -1.0,
      "Segments": [
        0,
        0,
        0,
        8.333,
        0
      ]
    },
    {
      "Target": "Parameter",
      "Id": "tsbitmd2",
      "FadeInTime": -1.0,
      "FadeOutTime": -1.0,
      "Segments": [
        0,
        0,
        0,
        8.333,
        0
      ]
    },
    {
      "Target": "Parameter",
      "Id": "lsban",
      "FadeInTime": -1.0,
      "FadeOutTime": -1.0,
      "Segments": [
        0,
        0,
        0,
        8.333,
        0
      ]
    },
    {
      "Target": "Parameter",
      "Id": "lyuanxbxs",
      "FadeInTime": -1.0,
      "FadeOutTime": -1.0,
      "Segments": [
        0,
        0,
        0,
        8.333,
        0
      ]
    },
    {
      "Target": "Parameter",
      "Id": "quanshoubxs",
      "FadeInTime": -1.0,
      "FadeOutTime": -1.0,
      "Segments": [
        0,
        0,
        0,
        8.333,
        0
      ]
    },
    {
      "Target": "Parameter",
      "Id": "ParamHandLREDisplay",
      "FadeInTime": -1.0,
      "FadeOutTime": -1.0,
      "Segments": [
        0,
        30,
        0,
        8.333,
        30
      ]
    },
    {
      "Target": "Parameter",
      "Id": "ParamHandL1Display",
      "FadeInTime": -1.0,
      "FadeOutTime": -1.0,
      "Segments": [
        0,
        0,
        0,
        8.333,
        0
      ]
    },
    {
      "Target": "Parameter",
      "Id": "tsbitmd",
      "FadeInTime": -1.0,
      "FadeOutTime": -1.0,
      "Segments": [
        0,
        0,
        0,
        8.333,
        0
      ]
    },
    {
      "Target": "Parameter",
      "Id": "xinshou",
      "FadeInTime": -1.0,
      "FadeOutTime": -1.0,
      "Segments": [
        0,
        0,
        0,
        8.333,
        0
      ]
    },
    {
      "Target": "Parameter",
      "Id": "mjklshou",
      "FadeInTime": -1.0,
      "FadeOutTime": -1.0,
      "Segments": [
        0,
        0,
        0,
        8.333,
        0
      ]
    },
    {
      "Target": "Parameter",
      "Id": "mjkel",
      "FadeInTime": -1.0,
      "FadeOutTime": -1.0,
      "Segments": [
        0,
        0,
        0,
        8.333,
        0
      ]
    },
    {
      "Target": "Parameter",
      "Id": "ParamForearmLLayer2",
      "FadeInTime": -1.0,
      "FadeOutTime": -1.0,
      "Segments": [
        0,
        0,
        0,
        8.333,
        0
      ]
    },
    {
      "Target": "Parameter",
      "Id": "lshuaishou",
      "FadeInTime": -1.0,
      "FadeOutTime": -1.0,
      "Segments": [
        0,
        0,
        0,
        8.333,
        0
      ]
    },
    {
      "Target": "Parameter",
      "Id": "lshouyX",
      "FadeInTime": -1.0,
      "FadeOutTime": -1.0,
      "Segments": [
        0,
        0,
        0,
        8.333,
        0
      ]
    },
    {
      "Target": "Parameter",
      "Id": "lshouyY",
      "FadeInTime": -1.0,
      "FadeOutTime": -1.0,
      "Segments": [
        0,
        0,
        0,
        8.333,
        0
      ]
    },
    {
      "Target": "Parameter",
      "Id": "lshouyingxs",
      "FadeInTime": -1.0,
      "FadeOutTime": -1.0,
      "Segments": [
        0,
        0,
        0,
        8.333,
        0
      ]
    },
    {
      "Target": "Parameter",
      "Id": "rllxb",
      "FadeInTime": -1.0,
      "FadeOutTime": -1.0,
      "Segments": [
        0,
        0,
        0,
        8.333,
        0
      ]
    },
    {
      "Target": "Parameter",
      "Id": "ParamHandR1Display",
      "FadeInTime": -1.0,
      "FadeOutTime": -1.0,
      "Segments": [
        0,
        0,
        0,
        8.333,
        0
      ]
    },
    {
      "Target": "Parameter",
      "Id": "ParamHandR2Display",
      "FadeInTime": -1.0,
      "FadeOutTime": -1.0,
      "Segments": [
        0,
        0,
        0,
        8.333,
        0
      ]
    },
    {
      "Target": "Parameter",
      "Id": "ParamHandR3Display",
      "FadeInTime": -1.0,
      "FadeOutTime": -1.0,
      "Segments": [
        0,
        0,
        0,
        8.333,
        0
      ]
    },
    {
      "Target": "Parameter",
      "Id": "rshangbibz",
      "FadeInTime": -1.0,
      "FadeOutTime": -1.0,
      "Segments": [
        0,
        0,
        0,
        8.333,
        0
      ]
    },
    {
      "Target": "Parameter",
      "Id": "rpaishou",
      "FadeInTime": -1.0,
      "FadeOutTime": -1.0,
      "Segments": [
        0,
        0,
        0,
        8.333,
        0
      ]
    },
    {
      "Target": "Parameter",
      "Id": "chayaoshou",
      "FadeInTime": -1.0,
      "FadeOutTime": -1.0,
      "Segments": [
        0,
        0,
        0,
        8.333,
        0
      ]
    },
    {
      "Target": "Parameter",
      "Id": "rfxshou",
      "FadeInTime": -1.0,
      "FadeOutTime": -1.0,
      "Segments": [
        0,
        0,
        0,
        8.333,
        0
      ]
    },
    {
      "Target": "Parameter",
      "Id": "youshouj2",
      "FadeInTime": -1.0,
      "FadeOutTime": -1.0,
      "Segments": [
        0,
        0,
        0,
        8.333,
        0
      ]
    },
    {
      "Target": "Parameter",
      "Id": "rshouyxs",
      "FadeInTime": -1.0,
      "FadeOutTime": -1.0,
      "Segments": [
        0,
        0,
        0,
        8.333,
        0
      ]
    },
    {
      "Target": "Parameter",
      "Id": "rshuidA",
      "FadeInTime": -1.0,
      "FadeOutTime": -1.0,
      "Segments": [
        0,
        0,
        0,
        8.333,
        0
      ]
    },
    {
      "Target": "Parameter",
      "Id": "rshuidB",
      "FadeInTime": -1.0,
      "FadeOutTime": -1.0,
      "Segments": [
        0,
        0,
        0,
        8.333,
        0
      ]
    },
    {
      "Target": "Parameter",
      "Id": "rshuidC",
      "FadeInTime": -1.0,
      "FadeOutTime": -1.0,
      "Segments": [
        0,
        0,
        0,
        8.333,
        0
      ]
    },
    {
      "Target": "Parameter",
      "Id": "ParamMouthOpenY",
      "FadeInTime": -1.0,
      "FadeOutTime": -1.0,
      "Segments": [
        0,
        0,
        0,
        8.333,
        0
      ]
    },
    {
      "Target": "Parameter",
      "Id": "ParamMouthOpenYSD",
      "FadeInTime": -1.0,
      "FadeOutTime": -1.0,
      "Segments": [
        0,
        0,
        0,
        8.333,
        0
      ]
    },
    {
      "Target": "Parameter",
      "Id": "sdParamMouthOpenY",
      "FadeInTime": -1.0,
      "FadeOutTime": -1.0,
      "Segments": [
        0,
        0,
        0,
        8.333,
        0
      ]
    },
    {
      "Target": "Parameter",
      "Id": "yayaohe",
      "FadeInTime": -1.0,
      "FadeOutTime": -1.0,
      "Segments": [
        0,
        0,
        0,
        8.333,
        0
      ]
    },
    {
      "Target": "Parameter",
      "Id": "ParamBrowRForm",
      "FadeInTime": -1.0,
      "FadeOutTime": -1.0,
      "Segments": [
        0,
        0,
        0,
        8.333,
        0
      ]
    },
    {
      "Target": "Parameter",
      "Id": "ParamEyeRSmile",
      "FadeInTime": -1.0,
      "FadeOutTime": -1.0,
      "Segments": [
        0,
        0,
        0,
        8.333,
        0
      ]
    },
    {
      "Target": "Parameter",
      "Id": "lianhong",
      "FadeInTime": -1.0,
      "FadeOutTime": -1.0,
      "Segments": [
        0,
        0,
        0,
        8.333,
        0
      ]
    },
    {
      "Target": "Parameter",
      "Id": "yjxs",
      "FadeInTime": -1.0,
      "FadeOutTime": -1.0,
      "Segments": [
        0,
        1,
        0,
        8.333,
        1
      ]
    },
    {
      "Target": "Parameter",
      "Id": "biaoq1",
      "FadeInTime": -1.0,
      "FadeOutTime": -1.0,
      "Segments": [
        0,
        0,
        0,
        8.333,
        0
      ]
    },
    {
      "Target": "Parameter",
      "Id": "lei",
      "FadeInTime": -1.0,
      "FadeOutTime": -1.0,
      "Segments": [
        0,
        0,
        0,
        8.333,
        0
      ]
    },
    {
      "Target": "Parameter",
      "Id": "huangtiaoxs",
      "FadeInTime": -1.0,
      "FadeOutTime": -1.0,
      "Segments": [
        0,
        0,
        0,
        8.333,
        0
      ]
    },
    {
      "Target": "Parameter",
      "Id": "ji",
      "FadeInTime": -1.0,
      "FadeOutTime": -1.0,
      "Segments": [
        0,
        0,
        0,
        8.333,
        0
      ]
    },
    {
      "Target": "Parameter",
      "Id": "huangtia",
      "FadeInTime": -1.0,
      "FadeOutTime": -1.0,
      "Segments": [
        0,
        0,
        0,
        8.333,
        0
      ]
    },
    {
      "Target": "Parameter",
      "Id": "sdllshang",
      "FadeInTime": -1.0,
      "FadeOutTime": -1.0,
      "Segments": [
        0,
        0,
        0,
        8.333,
        0
      ]
    },
    {
      "Target": "Parameter",
      "Id": "jixiong",
      "FadeInTime": -1.0,
      "FadeOutTime": -1.0,
      "Segments": [
        0,
        0,
        0,
        8.333,
        0
      ]
    },
    {
      "Target": "Parameter",
      "Id": "OP_physics",
      "FadeInTime": -1.0,
      "FadeOutTime": -1.0,
      "Segments": [
        0,
        0,
        0,
        8.333,
        0
      ]
    },
    {
      "Target": "Parameter",
      "Id": "fajiaodu",
      "FadeInTime": -1.0,
      "FadeOutTime": -1.0,
      "Segments": [
        0,
        0,
        0,
        8.333,
        0
      ]
    },
    {
      "Target": "Parameter",
      "Id": "ldatuisuo",
      "FadeInTime": -1.0,
      "FadeOutTime": -1.0,
      "Segments": [
        0,
        0,
        0,
        8.333,
        0
      ]
    },
    {
      "Target": "Parameter",
      "Id": "paishuizhu",
      "FadeInTime": -1.0,
      "FadeOutTime": -1.0,
      "Segments": [
        0,
        0,
        0,
        8.333,
        0
      ]
    },
    {
      "Target": "Parameter",
      "Id": "ldtuir1",
      "FadeInTime": -1.0,
      "FadeOutTime": -1.0,
      "Segments": [
        0,
        0,
        0,
        8.333,
        0
      ]
    },
    {
      "Target": "Parameter",
      "Id": "ldtuir2",
      "FadeInTime": -1.0,
      "FadeOutTime": -1.0,
      "Segments": [
        0,
        0,
        0,
        8.333,
        0
      ]
    },
    {
      "Target": "Parameter",
      "Id": "lxtuir1",
      "FadeInTime": -1.0,
      "FadeOutTime": -1.0,
      "Segments": [
        0,
        0,
        0,
        8.333,
        0
      ]
    },
    {
      "Target": "Parameter",
      "Id": "lxtuir2",
      "FadeInTime": -1.0,
      "FadeOutTime": -1.0,
      "Segments": [
        0,
        0,
        0,
        8.333,
        0
      ]
    },
    {
      "Target": "Parameter",
      "Id": "xinfxs",
      "FadeInTime": -1.0,
      "FadeOutTime": -1.0,
      "Segments": [
        0,
        0,
        0,
        8.333,
        0
      ]
    },
    {
      "Target": "Parameter",
      "Id": "xfxuzna",
      "FadeInTime": -1.0,
      "FadeOutTime": -1.0,
      "Segments": [
        0,
        0,
        0,
        8.333,
        0
      ]
    },
    {
      "Target": "Parameter",
      "Id": "yjjyd",
      "FadeInTime": -1.0,
      "FadeOutTime": -1.0,
      "Segments": [
        0,
        0,
        0,
        8.333,
        0
      ]
    },
    {
      "Target": "Parameter",
      "Id": "yjjps",
      "FadeInTime": -1.0,
      "FadeOutTime": -1.0,
      "Segments": [
        0,
        0,
        0,
        8.333,
        0
      ]
    },
    {
      "Target": "Parameter",
      "Id": "yjjdm1",
      "FadeInTime": -1.0,
      "FadeOutTime": -1.0,
      "Segments": [
        0,
        0,
        0,
        8.333,
        0
      ]
    },
    {
      "Target": "Parameter",
      "Id": "yongjingjfz",
      "FadeInTime": -1.0,
      "FadeOutTime": -1.0,
      "Segments": [
        0,
        0,
        0,
        8.333,
        0
      ]
    },
    {
      "Target": "Parameter",
      "Id": "shuiying",
      "FadeInTime": -1.0,
      "FadeOutTime": -1.0,
      "Segments": [
        0,
        0,
        0,
        8.333,
        0
      ]
    },
    {
      "Target": "Parameter",
      "Id": "zhufang",
      "FadeInTime": -1.0,
      "FadeOutTime": -1.0,
      "Segments": [
        0,
        0,
        0,
        8.333,
        0
      ]
    },
    {
      "Target": "Parameter",
      "Id": "cifanguang",
      "FadeInTime": -1.0,
      "FadeOutTime": -1.0,
      "Segments": [
        0,
        0,
        0,
        8.333,
        0
      ]
    },
    {
      "Target": "Parameter",
      "Id": "Param6",
      "FadeInTime": -1.0,
      "FadeOutTime": -1.0,
      "Segments": [
        0,
        0,
        0,
        8.333,
        0
      ]
    },
    {
      "Target": "Parameter",
      "Id": "Param7",
      "FadeInTime": -1.0,
      "FadeOutTime": -1.0,
      "Segments": [
        0,
        0,
        0,
        8.333,
        0
      ]
    },
    {
      "Target": "Parameter",
      "Id": "shuibquian",
      "FadeInTime": -1.0,
      "FadeOutTime": -1.0,
      "Segments": [
        0,
        0,
        0,
        8.333,
        0
      ]
    },
    {
      "Target": "Parameter",
      "Id": "shuibquian2",
      "FadeInTime": -1.0,
      "FadeOutTime": -1.0,
      "Segments": [
        0,
        0,
        0,
        8.333,
        0
      ]
    },
    {
      "Target": "Parameter",
      "Id": "fujicj",
      "FadeInTime": -1.0,
      "FadeOutTime": -1.0,
      "Segments": [
        0,
        0,
        0,
        8.333,
        0
      ]
    },
    {
      "Target": "Parameter",
      "Id": "fujicj2",
      "FadeInTime": -1.0,
      "FadeOutTime": -1.0,
      "Segments": [
        0,
        0,
        0,
        8.333,
        0
      ]
    },
    {
      "Target": "Parameter",
      "Id": "fujidm",
      "FadeInTime": -1.0,
      "FadeOutTime": -1.0,
      "Segments": [
        0,
        0,
        0,
        8.333,
        0
      ]
    },
    {
      "Target": "Parameter",
      "Id": "fujidm2",
      "FadeInTime": -1.0,
      "FadeOutTime": -1.0,
      "Segments": [
        0,
        0,
        0,
        8.333,
        0
      ]
    },
    {
      "Target": "Parameter",
      "Id": "baibiand",
      "FadeInTime": -1.0,
      "FadeOutTime": -1.0,
      "Segments": [
        0,
        0,
        0,
        8.333,
        0
      ]
    },
    {
      "Target": "Parameter",
      "Id": "jichi",
      "FadeInTime": -1.0,
      "FadeOutTime": -1.0,
      "Segments": [
        0,
        0,
        0,
        8.333,
        0
      ]
    },
    {
      "Target": "Parameter",
      "Id": "tjihx",
      "FadeInTime": -1.0,
      "FadeOutTime": -1.0,
      "Segments": [
        0,
        0,
        0,
        8.333,
        0
      ]
    },
    {
      "Target": "Parameter",
      "Id": "shuibqys",
      "FadeInTime": -1.0,
      "FadeOutTime": -1.0,
      "Segments": [
        0,
        0,
        0,
        8.333,
        0
      ]
    },
    {
      "Target": "Parameter",
      "Id": "Param3",
      "FadeInTime": -1.0,
      "FadeOutTime": -1.0,
      "Segments": [
        0,
        0,
        0,
        8.333,
        0
      ]
    },
    {
      "Target": "Parameter",
      "Id": "Param5",
      "FadeInTime": -1.0,
      "FadeOutTime": -1.0,
      "Segments": [
        0,
        0,
        0,
        8.333,
        0
      ]
    },
    {
      "Target": "Parameter",
      "Id": "lalian",
      "FadeInTime": -1.0,
      "FadeOutTime": -1.0,
      "Segments": [
        0,
        0,
        0,
        8.333,
        0
      ]
    },
    {
      "Target": "Parameter",
      "Id": "ParamEyeLGG",
      "FadeInTime": -1.0,
      "FadeOutTime": -1.0,
      "Segments": [
        0,
        0,
        0,
        8.333,
        0
      ]
    },
    {
      "Target": "Parameter",
      "Id": "NULL4",
      "FadeInTime": -1.0,
      "FadeOutTime": -1.0,
      "Segments": [
        0,
        0,
        0,
        8.333,
        0
      ]
    },
    {
      "Target": "Parameter",
      "Id": "NULL5",
      "FadeInTime": -1.0,
      "FadeOutTime": -1.0,
      "Segments": [
        0,
        0,
        0,
        8.333,
        0
      ]
    },
    {
      "Target": "Parameter",
      "Id": "NULL6",
      "FadeInTime": -1.0,
      "FadeOutTime": -1.0,
      "Segments": [
        0,
        0,
        0,
        8.333,
        0
      ]
    },
    {
      "Target": "Parameter",
      "Id": "ParamEyeLOpen",
      "FadeInTime": -1.0,
      "FadeOutTime": -1.0,
      "Segments": [
        0,
        1,
        0,
        8.333,
        1
      ]
    },
    {
      "Target": "Parameter",
      "Id": "ParamEyeLSmile",
      "FadeInTime": -1.0,
      "FadeOutTime": -1.0,
      "Segments": [
        0,
        0,
        0,
        8.333,
        0
      ]
    },
    {
      "Target": "Parameter",
      "Id": "ParamBrowLForm",
      "FadeInTime": -1.0,
      "FadeOutTime": -1.0,
      "Segments": [
        0,
        0,
        0,
        8.333,
        0
      ]
    },
    {
      "Target": "Parameter",
      "Id": "ParamBrowRAngle",
      "FadeInTime": -1.0,
      "FadeOutTime": -1.0,
      "Segments": [
        0,
        0,
        0,
        8.333,
        0
      ]
    },
    {
      "Target": "Parameter",
      "Id": "ParamBodyAngleY",
      "FadeInTime": -1.0,
      "FadeOutTime": -1.0,
      "Segments": [
        0,
        0,
        0,
        8.333,
        0
      ]
    },
    {
      "Target": "Parameter",
      "Id": "ParamBrowLY",
      "FadeInTime": -1.0,
      "FadeOutTime": -1.0,
      "Segments": [
        0,
        0,
        0,
        8.333,
        0
      ]
    },
    {
      "Target": "Parameter",
      "Id": "ParamBrowLX",
      "FadeInTime": -1.0,
      "FadeOutTime": -1.0,
      "Segments": [
        0,
        0,
        0,
        8.333,
        0
      ]
    },
    {
      "Target": "Parameter",
      "Id": "ParamBrowLAngle",
      "FadeInTime": -1.0,
      "FadeOutTime": -1.0,
      "Segments": [
        0,
        0,
        0,
        8.333,
        0
      ]
    },
    {
      "Target": "Parameter",
      "Id": "ParamBrowRY",
      "FadeInTime": -1.0,
      "FadeOutTime": -1.0,
      "Segments": [
        0,
        0,
        0,
        8.333,
        0
      ]
    },
    {
      "Target": "Parameter",
      "Id": "ParamBrowRX",
      "FadeInTime": -1.0,
      "FadeOutTime": -1.0,
      "Segments": [
        0,
        0,
        0,
        8.333,
        0
      ]
    },
    {
      "Target": "Parameter",
      "Id": "ParamBreath",
      "FadeInTime": -1.0,
      "FadeOutTime": -1.0,
      "Segments": [
        0,
        0,
        0,
        8.333,
        0
      ]
    }
  ],
  "UserData": [
    {
      "Time": 0.0,
      "Value": ""
    },
    {
      "Time": 7.833,
      "Value": ""
    }
  ]
}