{
  "Version": 3,
  "Meta": {
    "Duration": 6.6,
    "Fps": 30.0,
    "Loop": true,
    "AreBeziersRestricted": true,
    "FadeInTime": 0.0,
    "FadeOutTime": 0.0,
    "CurveCount": 229,
    "TotalSegmentCount": 1204,
    "TotalPointCount": 1430,
    "UserDataCount": 2,
    "TotalUserDataSize": 0
  },
  "Curves": [
    {
      "Target": "Parameter",
      "Id": "ParamArmLAngle",
      "FadeInTime": -1.0,
      "FadeOutTime": -1.0,
      "Segments": [
        0,
        0,
        2,
        0.333,
        0,
        1,
        0.466,
        0,
        0.6,
        0.595,
        0.733,
        1.14,
        1,
        0.922,
        1.912,
        1.111,
        2.555,
        1.3,
        3.07,
        1,
        1.456,
        3.494,
        1.611,
        3.831,
        1.767,
        4.093,
        1,
        1.934,
        4.374,
        2.1,
        4.44,
        2.267,
        4.44,
        0,
        3.4,
        -0.1,
        2,
        3.867,
        -0.1,
        0,
        4.367,
        3,
        0,
        5.167,
        2,
        0,
        5.567,
        6.192,
        0,
        6.1,
        0,
        2,
        6.6,
        0
      ]
    },
    {
      "Target": "Parameter",
      "Id": "ParamArmLStretch",
      "FadeInTime": -1.0,
      "FadeOutTime": -1.0,
      "Segments": [
        0,
        0,
        2,
        0.333,
        0,
        2,
        0.733,
        0,
        2,
        1.9,
        0,
        2,
        2.367,
        0,
        0,
        3.4,
        -7,
        2,
        3.867,
        -7,
        0,
        4.367,
        -11,
        2,
        5.167,
        -11,
        0,
        6.1,
        0,
        2,
        6.6,
        0
      ]
    },
    {
      "Target": "Parameter",
      "Id": "ParamForearmLAngle",
      "FadeInTime": -1.0,
      "FadeOutTime": -1.0,
      "Segments": [
        0,
        0,
        2,
        0.433,
        0,
        0,
        0.833,
        -2.46,
        1,
        1.022,
        -2.46,
        1.211,
        -2.241,
        1.4,
        -1.852,
        1,
        1.522,
        -1.6,
        1.645,
        -1.587,
        1.767,
        -1.14,
        1,
        2,
        -0.286,
        2.234,
        1.26,
        2.467,
        1.26,
        0,
        3.5,
        -22.42,
        2,
        3.967,
        -22.42,
        0,
        4.467,
        -27,
        2,
        5.167,
        -27,
        0,
        6.1,
        0,
        2,
        6.6,
        0
      ]
    },
    {
      "Target": "Parameter",
      "Id": "ParamForearmLStretch",
      "FadeInTime": -1.0,
      "FadeOutTime": -1.0,
      "Segments": [
        0,
        0,
        2,
        0.433,
        0,
        2,
        0.833,
        0,
        2,
        1.9,
        0,
        2,
        2.467,
        0,
        0,
        3.5,
        -20,
        0,
        3.967,
        -19,
        0,
        4.467,
        -30,
        2,
        5.167,
        -30,
        0,
        6.1,
        0,
        2,
        6.6,
        0
      ]
    },
    {
      "Target": "Parameter",
      "Id": "ParamHandLAngle",
      "FadeInTime": -1.0,
      "FadeOutTime": -1.0,
      "Segments": [
        0,
        0,
        2,
        0.533,
        0,
        0,
        0.933,
        -6,
        1,
        1.122,
        -6,
        1.311,
        -4.759,
        1.5,
        -4.083,
        1,
        1.656,
        -3.526,
        1.811,
        -3.647,
        1.967,
        -3.018,
        1,
        2.178,
        -2.164,
        2.389,
        0,
        2.6,
        0,
        0,
        3.633,
        -4,
        2,
        4.1,
        -4,
        0,
        4.6,
        13,
        2,
        5.167,
        13,
        0,
        6.1,
        0,
        2,
        6.6,
        0
      ]
    },
    {
      "Target": "Parameter",
      "Id": "tsbitmd2",
      "FadeInTime": -1.0,
      "FadeOutTime": -1.0,
      "Segments": [
        0,
        0,
        2,
        0.333,
        0,
        2,
        1.9,
        0,
        2,
        2.367,
        0,
        2,
        2.833,
        0,
        0,
        2.967,
        1,
        2,
        3.4,
        1,
        2,
        5.167,
        1,
        2,
        5.5,
        1,
        0,
        5.633,
        0,
        2,
        6.1,
        0,
        2,
        6.6,
        0
      ]
    },
    {
      "Target": "Parameter",
      "Id": "lsban",
      "FadeInTime": -1.0,
      "FadeOutTime": -1.0,
      "Segments": [
        0,
        0,
        2,
        0.333,
        0,
        2,
        1.1,
        0,
        0,
        1.9,
        1,
        2,
        5.167,
        1,
        0,
        6.1,
        0,
        2,
        6.6,
        0
      ]
    },
    {
      "Target": "Parameter",
      "Id": "ParamHandLREDisplay",
      "FadeInTime": -1.0,
      "FadeOutTime": -1.0,
      "Segments": [
        0,
        30,
        2,
        0.333,
        30,
        2,
        1.9,
        30,
        2,
        2.367,
        30,
        2,
        2.633,
        30,
        0,
        2.867,
        0,
        2,
        3.4,
        0,
        2,
        5.167,
        0,
        2,
        5.6,
        0,
        0,
        5.733,
        30,
        2,
        6.1,
        30,
        2,
        6.6,
        30
      ]
    },
    {
      "Target": "Parameter",
      "Id": "tsbitmd",
      "FadeInTime": -1.0,
      "FadeOutTime": -1.0,
      "Segments": [
        0,
        0,
        2,
        0.333,
        0,
        2,
        1.9,
        0,
        2,
        2.367,
        0,
        2,
        2.633,
        0,
        0,
        2.867,
        1,
        2,
        3.4,
        1,
        2,
        5.167,
        1,
        2,
        5.6,
        1,
        0,
        5.733,
        0,
        2,
        6.1,
        0,
        2,
        6.6,
        0
      ]
    },
    {
      "Target": "Parameter",
      "Id": "mjklshou",
      "FadeInTime": -1.0,
      "FadeOutTime": -1.0,
      "Segments": [
        0,
        0,
        2,
        0.333,
        0,
        0,
        1.9,
        1,
        2,
        3.4,
        1,
        2,
        5.167,
        1,
        2,
        5.467,
        1,
        0,
        6.1,
        0,
        2,
        6.6,
        0
      ]
    },
    {
      "Target": "Parameter",
      "Id": "mjkel",
      "FadeInTime": -1.0,
      "FadeOutTime": -1.0,
      "Segments": [
        0,
        0,
        2,
        0.333,
        0,
        0,
        1.9,
        1,
        0,
        2.633,
        0,
        0,
        2.867,
        1,
        2,
        3.4,
        1,
        2,
        4.9,
        1,
        0,
        5.3,
        0,
        2,
        6.1,
        0,
        2,
        6.6,
        0
      ]
    },
    {
      "Target": "Parameter",
      "Id": "lyuanshouz",
      "FadeInTime": -1.0,
      "FadeOutTime": -1.0,
      "Segments": [
        0,
        0,
        2,
        0.333,
        0,
        2,
        0.733,
        0,
        0,
        1.233,
        -18,
        0,
        1.9,
        0,
        0,
        2.367,
        -24,
        1,
        2.411,
        -24,
        2.456,
        -24.486,
        2.5,
        -22,
        1,
        2.611,
        -15.784,
        2.722,
        -6,
        2.833,
        -6,
        0,
        3.4,
        -29,
        2,
        4.9,
        -29,
        1,
        4.978,
        -29,
        5.055,
        -8.016,
        5.133,
        3,
        1,
        5.289,
        25.033,
        5.444,
        30,
        5.6,
        30,
        0,
        5.733,
        0,
        2,
        6.1,
        0,
        2,
        6.6,
        0
      ]
    },
    {
      "Target": "Parameter",
      "Id": "lyuanshoumz2",
      "FadeInTime": -1.0,
      "FadeOutTime": -1.0,
      "Segments": [
        0,
        0,
        2,
        0.333,
        0,
        2,
        1.9,
        0,
        2,
        2.367,
        0,
        0,
        2.5,
        30,
        2,
        5.167,
        30,
        0,
        6.1,
        0,
        2,
        6.6,
        0
      ]
    },
    {
      "Target": "Parameter",
      "Id": "ParamForearmLLayer2",
      "FadeInTime": -1.0,
      "FadeOutTime": -1.0,
      "Segments": [
        0,
        0,
        2,
        0.333,
        0,
        2,
        1.9,
        0,
        2,
        2.367,
        0,
        0,
        2.433,
        -30,
        2,
        3.4,
        -30,
        2,
        5.167,
        -30,
        0,
        6.1,
        0,
        2,
        6.6,
        0
      ]
    },
    {
      "Target": "Parameter",
      "Id": "ljianfbz1",
      "FadeInTime": -1.0,
      "FadeOutTime": -1.0,
      "Segments": [
        0,
        0,
        2,
        0.333,
        0,
        1,
        0.466,
        0,
        0.6,
        3.789,
        0.733,
        4.38,
        1,
        0.922,
        5.218,
        1.111,
        5.44,
        1.3,
        6.003,
        1,
        1.5,
        6.599,
        1.7,
        6.931,
        1.9,
        7.86,
        1,
        2.056,
        8.583,
        2.211,
        11,
        2.367,
        11,
        1,
        2.534,
        11,
        2.7,
        9.852,
        2.867,
        3.066,
        1,
        2.967,
        -1.006,
        3.067,
        -10.42,
        3.167,
        -10.42,
        1,
        3.256,
        -10.42,
        3.344,
        -9.219,
        3.433,
        -8.98,
        1,
        3.578,
        -8.591,
        3.722,
        -8.722,
        3.867,
        -8.18,
        1,
        4.034,
        -7.555,
        4.2,
        6.74,
        4.367,
        6.74,
        1,
        4.434,
        6.74,
        4.5,
        7.203,
        4.567,
        5.9,
        1,
        4.8,
        1.338,
        5.034,
        -6,
        5.267,
        -6,
        0,
        5.567,
        20.58,
        1,
        5.656,
        20.58,
        5.744,
        12.704,
        5.833,
        6.76,
        1,
        5.922,
        0.816,
        6.011,
        0,
        6.1,
        0,
        2,
        6.6,
        0
      ]
    },
    {
      "Target": "Parameter",
      "Id": "ljianfbz2",
      "FadeInTime": -1.0,
      "FadeOutTime": -1.0,
      "Segments": [
        0,
        0,
        2,
        0.333,
        0,
        2,
        1.9,
        0,
        0,
        2.367,
        -1,
        1,
        2.534,
        -1,
        2.7,
        -1.001,
        2.867,
        0.428,
        1,
        2.967,
        1.285,
        3.067,
        24,
        3.167,
        24,
        1,
        3.256,
        24,
        3.344,
        23.664,
        3.433,
        23.06,
        1,
        3.578,
        22.079,
        3.722,
        21.62,
        3.867,
        21.62,
        1,
        4.034,
        21.62,
        4.2,
        21.66,
        4.367,
        22,
        1,
        4.434,
        22.136,
        4.5,
        24.037,
        4.567,
        25,
        1,
        4.8,
        28.369,
        5.034,
        30,
        5.267,
        30,
        1,
        5.367,
        30,
        5.467,
        20.907,
        5.567,
        10.476,
        1,
        5.656,
        1.204,
        5.744,
        -1,
        5.833,
        -1,
        0,
        6.1,
        0,
        2,
        6.6,
        0
      ]
    },
    {
      "Target": "Parameter",
      "Id": "lshouyX",
      "FadeInTime": -1.0,
      "FadeOutTime": -1.0,
      "Segments": [
        0,
        0,
        2,
        0.333,
        0,
        0,
        2.367,
        30,
        1,
        2.456,
        30,
        2.544,
        15.982,
        2.633,
        13.72,
        1,
        3.678,
        -12.855,
        4.722,
        -24,
        5.767,
        -24,
        1,
        5.822,
        -24,
        5.878,
        -10.047,
        5.933,
        -5,
        1,
        5.989,
        0.047,
        6.044,
        0,
        6.1,
        0,
        2,
        6.6,
        0
      ]
    },
    {
      "Target": "Parameter",
      "Id": "lshouyY",
      "FadeInTime": -1.0,
      "FadeOutTime": -1.0,
      "Segments": [
        0,
        0,
        2,
        0.333,
        0,
        0,
        2.367,
        13,
        0,
        2.633,
        -3,
        0,
        5.767,
        10,
        0,
        5.933,
        -2,
        0,
        6.1,
        0,
        2,
        6.6,
        0
      ]
    },
    {
      "Target": "Parameter",
      "Id": "lshouyingxs",
      "FadeInTime": -1.0,
      "FadeOutTime": -1.0,
      "Segments": [
        0,
        0,
        2,
        0.333,
        0,
        2,
        2.367,
        0,
        0,
        2.633,
        30,
        2,
        5.767,
        30,
        0,
        6.1,
        0,
        2,
        6.6,
        0
      ]
    },
    {
      "Target": "Parameter",
      "Id": "souqianfcji",
      "FadeInTime": -1.0,
      "FadeOutTime": -1.0,
      "Segments": [
        0,
        0,
        2,
        0.333,
        0,
        0,
        0.5,
        30,
        2,
        1.033,
        30,
        2,
        5.867,
        30,
        0,
        6.1,
        0,
        2,
        6.6,
        0
      ]
    },
    {
      "Target": "Parameter",
      "Id": "shouqfsd1",
      "FadeInTime": -1.0,
      "FadeOutTime": -1.0,
      "Segments": [
        0,
        0,
        2,
        0.333,
        0,
        0,
        0.8,
        -4,
        0,
        1.267,
        10,
        0,
        1.733,
        -5,
        1,
        1.9,
        -5,
        2.066,
        1.876,
        2.233,
        4,
        1,
        2.4,
        6.124,
        2.566,
        6.031,
        2.733,
        8,
        1,
        2.889,
        9.837,
        3.044,
        14,
        3.2,
        14,
        0,
        3.667,
        7,
        1,
        3.822,
        7,
        3.978,
        10.903,
        4.133,
        12,
        1,
        4.289,
        13.097,
        4.444,
        13,
        4.6,
        13,
        0,
        5.067,
        11,
        0,
        5.5,
        24,
        0,
        5.833,
        0,
        2,
        6.1,
        0,
        2,
        6.6,
        0
      ]
    },
    {
      "Target": "Parameter",
      "Id": "shouqfh2",
      "FadeInTime": -1.0,
      "FadeOutTime": -1.0,
      "Segments": [
        0,
        0,
        2,
        0.333,
        0,
        0,
        0.9,
        -7,
        0,
        1.367,
        7,
        0,
        1.833,
        -8,
        0,
        2.333,
        4,
        0,
        2.833,
        -2,
        0,
        3.3,
        6,
        0,
        3.767,
        -2,
        0,
        4.233,
        5,
        2,
        4.7,
        5,
        0,
        5.167,
        8,
        0,
        5.6,
        -11,
        0,
        5.933,
        4,
        0,
        6.1,
        0,
        2,
        6.6,
        0
      ]
    },
    {
      "Target": "Parameter",
      "Id": "shouqfh3",
      "FadeInTime": -1.0,
      "FadeOutTime": -1.0,
      "Segments": [
        0,
        0,
        2,
        0.333,
        0,
        0,
        1,
        -8,
        0,
        1.467,
        8,
        0,
        1.933,
        -9,
        0,
        2.433,
        4,
        0,
        2.933,
        -3,
        0,
        3.4,
        6,
        0,
        3.867,
        -3,
        0,
        4.333,
        6,
        0,
        4.8,
        3,
        0,
        5.267,
        7,
        0,
        5.7,
        -13,
        0,
        5.933,
        5,
        0,
        6.1,
        0,
        2,
        6.6,
        0
      ]
    },
    {
      "Target": "Parameter",
      "Id": "lxbgs2",
      "FadeInTime": -1.0,
      "FadeOutTime": -1.0,
      "Segments": [
        0,
        0,
        0,
        0.5,
        30,
        2,
        6.1,
        30,
        0,
        6.6,
        0
      ]
    },
    {
      "Target": "Parameter",
      "Id": "ParamArmRAngle",
      "FadeInTime": -1.0,
      "FadeOutTime": -1.0,
      "Segments": [
        0,
        0,
        2,
        0.333,
        0,
        0,
        0.8,
        -13,
        0,
        1.267,
        -4.24,
        1,
        1.434,
        -4.24,
        1.6,
        -8.728,
        1.767,
        -11.38,
        1,
        1.856,
        -12.794,
        1.944,
        -13.445,
        2.033,
        -13.78,
        1,
        2.255,
        -14.617,
        2.478,
        -14.8,
        2.7,
        -14.8,
        0,
        3.867,
        -13.54,
        2,
        4.567,
        -13.54,
        2,
        5.033,
        -13.54,
        0,
        5.4,
        -4,
        0,
        5.7,
        -10,
        0,
        6.1,
        0,
        2,
        6.6,
        0
      ]
    },
    {
      "Target": "Parameter",
      "Id": "ParamArmRStretch",
      "FadeInTime": -1.0,
      "FadeOutTime": -1.0,
      "Segments": [
        0,
        0,
        2,
        0.333,
        0,
        0,
        0.8,
        12,
        1,
        0.956,
        12,
        1.111,
        8.626,
        1.267,
        4,
        1,
        1.434,
        -0.956,
        1.6,
        -2.64,
        1.767,
        -2.64,
        2,
        3.867,
        -2.64,
        0,
        4.567,
        -30,
        2,
        5.033,
        -30,
        0,
        6.1,
        0,
        2,
        6.6,
        0
      ]
    },
    {
      "Target": "Parameter",
      "Id": "ParamForearmRAngle",
      "FadeInTime": -1.0,
      "FadeOutTime": -1.0,
      "Segments": [
        0,
        0,
        2,
        0.333,
        0,
        1,
        0.455,
        0,
        0.578,
        -0.33,
        0.7,
        4.132,
        1,
        0.922,
        12.246,
        1.145,
        24.22,
        1.367,
        24.22,
        0,
        1.867,
        21.52,
        0,
        2.833,
        21.94,
        0,
        3.867,
        21.52,
        2,
        4.567,
        21.52,
        2,
        5.033,
        21.52,
        0,
        5.4,
        22,
        0,
        6.1,
        0,
        2,
        6.6,
        0
      ]
    },
    {
      "Target": "Parameter",
      "Id": "ParamHandRStretch",
      "FadeInTime": -1.0,
      "FadeOutTime": -1.0,
      "Segments": [
        0,
        0,
        2,
        0.333,
        0,
        1,
        0.489,
        0,
        0.644,
        -8.843,
        0.8,
        -13,
        1,
        0.989,
        -18.047,
        1.178,
        -19.977,
        1.367,
        -24,
        1,
        1.534,
        -27.55,
        1.7,
        -30,
        1.867,
        -30,
        2,
        3.867,
        -30,
        2,
        4.567,
        -30,
        2,
        5.033,
        -30,
        2,
        5.4,
        -30,
        1,
        5.5,
        -30,
        5.6,
        -30,
        5.7,
        -28,
        1,
        5.833,
        -24.685,
        5.967,
        0,
        6.1,
        0,
        2,
        6.6,
        0
      ]
    },
    {
      "Target": "Parameter",
      "Id": "ParamHandRAngle",
      "FadeInTime": -1.0,
      "FadeOutTime": -1.0,
      "Segments": [
        0,
        0,
        2,
        0.333,
        0,
        1,
        0.489,
        0,
        0.644,
        -20.483,
        0.8,
        -24,
        1,
        0.911,
        -26.512,
        1.022,
        -26,
        1.133,
        -26,
        0,
        1.533,
        -6,
        1,
        1.678,
        -6,
        1.822,
        -10.115,
        1.967,
        -14,
        1,
        2.011,
        -15.195,
        2.056,
        -15,
        2.1,
        -15,
        2,
        3.867,
        -15,
        2,
        4.567,
        -15,
        2,
        5.033,
        -15,
        2,
        5.4,
        -15,
        0,
        5.7,
        -23,
        0,
        6.1,
        0,
        2,
        6.6,
        0
      ]
    },
    {
      "Target": "Parameter",
      "Id": "ParamForearmRLayer",
      "FadeInTime": -1.0,
      "FadeOutTime": -1.0,
      "Segments": [
        0,
        0,
        2,
        0.333,
        0,
        0,
        0.933,
        29,
        1,
        1.222,
        29,
        1.511,
        23.032,
        1.8,
        10,
        1,
        1.811,
        9.499,
        1.822,
        -10.397,
        1.833,
        -10.4,
        1,
        2.511,
        -10.603,
        3.189,
        -10.79,
        3.867,
        -11,
        1,
        3.9,
        -11.01,
        3.934,
        -15,
        3.967,
        -15,
        2,
        4.167,
        -15,
        2,
        4.267,
        -15,
        0,
        4.3,
        -10.4,
        2,
        5.4,
        -10.4,
        0,
        5.467,
        0,
        2,
        6.1,
        0,
        2,
        6.6,
        0
      ]
    },
    {
      "Target": "Parameter",
      "Id": "ParamHandRREDisplay",
      "FadeInTime": -1.0,
      "FadeOutTime": -1.0,
      "Segments": [
        0,
        30,
        2,
        0.333,
        30,
        2,
        0.833,
        30,
        0,
        0.933,
        0,
        2,
        1.467,
        0,
        2,
        1.967,
        0,
        2,
        3.867,
        0,
        2,
        5.033,
        0,
        2,
        5.6,
        0,
        0,
        5.7,
        30,
        2,
        6.1,
        30,
        2,
        6.6,
        30
      ]
    },
    {
      "Target": "Parameter",
      "Id": "ParamHandRREDisplay2",
      "FadeInTime": -1.0,
      "FadeOutTime": -1.0,
      "Segments": [
        0,
        30,
        2,
        0.333,
        30,
        2,
        0.833,
        30,
        0,
        1.033,
        0,
        2,
        1.467,
        0,
        2,
        1.967,
        0,
        2,
        3.867,
        0,
        2,
        5.033,
        0,
        2,
        5.6,
        0,
        0,
        5.7,
        30,
        2,
        6.1,
        30,
        2,
        6.6,
        30
      ]
    },
    {
      "Target": "Parameter",
      "Id": "rfxxb",
      "FadeInTime": -1.0,
      "FadeOutTime": -1.0,
      "Segments": [
        0,
        0,
        2,
        0.767,
        0,
        0,
        0.933,
        30,
        2,
        1.467,
        30,
        2,
        1.967,
        30,
        2,
        3.867,
        30,
        2,
        5.033,
        30,
        2,
        5.667,
        30,
        0,
        5.767,
        0,
        2,
        6.1,
        0,
        2,
        6.6,
        0
      ]
    },
    {
      "Target": "Parameter",
      "Id": "rshangbibz",
      "FadeInTime": -1.0,
      "FadeOutTime": -1.0,
      "Segments": [
        0,
        0,
        2,
        0.333,
        0,
        0,
        1.467,
        -30,
        2,
        1.967,
        -30,
        2,
        3.867,
        -30,
        2,
        5.033,
        -30,
        2,
        5.433,
        -30,
        0,
        6.1,
        0,
        2,
        6.6,
        0
      ]
    },
    {
      "Target": "Parameter",
      "Id": "chayaoshou",
      "FadeInTime": -1.0,
      "FadeOutTime": -1.0,
      "Segments": [
        0,
        0,
        2,
        0.333,
        0,
        0,
        0.933,
        1,
        2,
        1.467,
        1,
        2,
        1.7,
        1,
        0,
        1.967,
        1.2,
        2,
        5.033,
        1.2,
        0,
        5.233,
        1,
        2,
        5.433,
        1,
        0,
        6.1,
        0,
        2,
        6.6,
        0
      ]
    },
    {
      "Target": "Parameter",
      "Id": "youshouj",
      "FadeInTime": -1.0,
      "FadeOutTime": -1.0,
      "Segments": [
        0,
        0,
        2,
        0.333,
        0,
        0,
        0.8,
        -28,
        0,
        1.467,
        -5.598,
        2,
        1.967,
        -5.598,
        2,
        3.867,
        -5.598,
        2,
        5.033,
        -5.598,
        1,
        5.189,
        -5.598,
        5.344,
        -6.87,
        5.5,
        -11,
        1,
        5.533,
        -11.885,
        5.567,
        -19,
        5.6,
        -19,
        0,
        6.1,
        0,
        2,
        6.6,
        0
      ]
    },
    {
      "Target": "Parameter",
      "Id": "youshouj2",
      "FadeInTime": -1.0,
      "FadeOutTime": -1.0,
      "Segments": [
        0,
        0,
        2,
        0.333,
        0,
        0,
        0.933,
        30,
        1,
        1.111,
        30,
        1.289,
        30,
        1.467,
        29,
        1,
        1.634,
        27.875,
        1.8,
        0,
        1.967,
        0,
        2,
        3.867,
        0,
        2,
        5.033,
        0,
        2,
        6.1,
        0,
        2,
        6.6,
        0
      ]
    },
    {
      "Target": "Parameter",
      "Id": "rshizhi",
      "FadeInTime": -1.0,
      "FadeOutTime": -1.0,
      "Segments": [
        0,
        0,
        2,
        0.333,
        0,
        0,
        0.633,
        15,
        2,
        0.8,
        15,
        0,
        0.933,
        0,
        2,
        1.467,
        0,
        0,
        1.967,
        30,
        0,
        3.867,
        22,
        0,
        5.033,
        30,
        0,
        5.5,
        0,
        0,
        5.6,
        23,
        0,
        6.1,
        0,
        2,
        6.6,
        0
      ]
    },
    {
      "Target": "Parameter",
      "Id": "rmuzhi",
      "FadeInTime": -1.0,
      "FadeOutTime": -1.0,
      "Segments": [
        0,
        0,
        2,
        0.333,
        0,
        1,
        0.678,
        0,
        1.022,
        -0.124,
        1.367,
        -1,
        1,
        1.5,
        -1.339,
        1.634,
        -3.858,
        1.767,
        -3.858,
        2,
        2,
        -3.858,
        2,
        3.867,
        -3.858,
        2,
        5.033,
        -3.858,
        0,
        6.1,
        0,
        2,
        6.6,
        0
      ]
    },
    {
      "Target": "Parameter",
      "Id": "szlayongjxs",
      "FadeInTime": -1.0,
      "FadeOutTime": -1.0,
      "Segments": [
        0,
        0,
        2,
        0.333,
        0,
        0,
        0.467,
        1,
        2,
        1,
        1,
        0,
        1.367,
        0,
        2,
        1.767,
        0,
        2,
        2,
        0,
        2,
        3.867,
        0,
        0,
        5.033,
        1,
        2,
        5.9,
        1,
        0,
        6.1,
        0,
        2,
        6.6,
        0
      ]
    },
    {
      "Target": "Parameter",
      "Id": "layongjxs2",
      "FadeInTime": -1.0,
      "FadeOutTime": -1.0,
      "Segments": [
        0,
        0,
        2,
        0.333,
        0,
        0,
        0.467,
        1,
        0,
        1.367,
        0,
        2,
        1.767,
        0,
        2,
        2,
        0,
        2,
        3.867,
        0,
        2,
        5.033,
        0,
        2,
        5.9,
        0,
        2,
        6.1,
        0,
        2,
        6.6,
        0
      ]
    },
    {
      "Target": "Parameter",
      "Id": "yjdaixs",
      "FadeInTime": -1.0,
      "FadeOutTime": -1.0,
      "Segments": [
        0,
        0,
        2,
        0.333,
        0,
        0,
        1,
        1,
        2,
        1.367,
        1,
        2,
        5.033,
        1,
        2,
        5.9,
        1,
        0,
        6.1,
        0,
        2,
        6.6,
        0
      ]
    },
    {
      "Target": "Parameter",
      "Id": "yongjlx",
      "FadeInTime": -1.0,
      "FadeOutTime": -1.0,
      "Segments": [
        0,
        0,
        2,
        0.333,
        0,
        1,
        0.378,
        0,
        0.422,
        -0.532,
        0.467,
        5,
        1,
        0.534,
        13.299,
        0.6,
        30,
        0.667,
        30,
        2,
        1,
        30,
        2,
        1.367,
        30,
        2,
        5.033,
        30,
        2,
        5.9,
        30,
        0,
        6.1,
        0,
        2,
        6.6,
        0
      ]
    },
    {
      "Target": "Parameter",
      "Id": "sdyjd1",
      "FadeInTime": -1.0,
      "FadeOutTime": -1.0,
      "Segments": [
        0,
        0,
        2,
        0.333,
        0,
        0,
        0.467,
        -30,
        0,
        0.533,
        0,
        2,
        1.367,
        0,
        2,
        1.767,
        0,
        2,
        2,
        0,
        2,
        3.867,
        0,
        2,
        5.033,
        0,
        2,
        6.1,
        0,
        2,
        6.6,
        0
      ]
    },
    {
      "Target": "Parameter",
      "Id": "sdyjd2",
      "FadeInTime": -1.0,
      "FadeOutTime": -1.0,
      "Segments": [
        0,
        0,
        2,
        0.333,
        0,
        0,
        0.467,
        -3,
        0,
        0.533,
        0,
        2,
        1.367,
        0,
        2,
        1.767,
        0,
        2,
        2,
        0,
        2,
        3.867,
        0,
        2,
        5.033,
        0,
        2,
        6.1,
        0,
        2,
        6.6,
        0
      ]
    },
    {
      "Target": "Parameter",
      "Id": "ParamAngleX",
      "FadeInTime": -1.0,
      "FadeOutTime": -1.0,
      "Segments": [
        0,
        0,
        2,
        0.333,
        0,
        0,
        0.933,
        -3,
        0,
        1.367,
        14.08,
        0,
        1.7,
        -2,
        2,
        2.033,
        -2,
        0,
        3.1,
        24.02,
        0,
        4,
        -12,
        0,
        4.567,
        28.98,
        2,
        4.967,
        28.98,
        1,
        5.134,
        28.98,
        5.3,
        13.533,
        5.467,
        9,
        1,
        5.578,
        5.978,
        5.689,
        6.088,
        5.8,
        4,
        1,
        5.9,
        2.121,
        6,
        0,
        6.1,
        0,
        2,
        6.6,
        0
      ]
    },
    {
      "Target": "Parameter",
      "Id": "ParamAngleY",
      "FadeInTime": -1.0,
      "FadeOutTime": -1.0,
      "Segments": [
        0,
        0,
        2,
        0.333,
        0,
        0,
        0.833,
        -13,
        0,
        1.267,
        16,
        1,
        1.378,
        16,
        1.489,
        7.311,
        1.6,
        -1,
        1,
        1.711,
        -9.311,
        1.822,
        -11,
        1.933,
        -11,
        1,
        2.111,
        -11,
        2.289,
        -10.996,
        2.467,
        -9.02,
        1,
        2.611,
        -7.414,
        2.756,
        -2,
        2.9,
        -2,
        0,
        3.333,
        -22.992,
        1,
        3.522,
        -22.992,
        3.711,
        -22.883,
        3.9,
        -20,
        1,
        4.011,
        -18.304,
        4.122,
        8.81,
        4.233,
        8.81,
        0,
        4.533,
        -4.281,
        2,
        4.867,
        -4.281,
        1,
        5.067,
        -4.281,
        5.267,
        -7.835,
        5.467,
        -17,
        1,
        5.578,
        -22.092,
        5.689,
        -26,
        5.8,
        -26,
        0,
        6.1,
        0,
        2,
        6.6,
        0
      ]
    },
    {
      "Target": "Parameter",
      "Id": "ParamAngleZ",
      "FadeInTime": -1.0,
      "FadeOutTime": -1.0,
      "Segments": [
        0,
        0,
        2,
        0.333,
        0,
        1,
        0.5,
        0,
        0.666,
        0.02,
        0.833,
        4,
        1,
        0.978,
        7.449,
        1.122,
        19.7,
        1.267,
        19.7,
        1,
        1.378,
        19.7,
        1.489,
        19.571,
        1.6,
        15,
        1,
        1.711,
        10.429,
        1.822,
        0,
        1.933,
        0,
        0,
        3,
        30,
        0,
        4.067,
        15,
        0,
        4.767,
        17,
        1,
        4.978,
        17,
        5.189,
        15.286,
        5.4,
        10,
        1,
        5.633,
        4.158,
        5.867,
        0,
        6.1,
        0,
        2,
        6.6,
        0
      ]
    },
    {
      "Target": "Parameter",
      "Id": "SHENTIY",
      "FadeInTime": -1.0,
      "FadeOutTime": -1.0,
      "Segments": [
        0,
        0,
        2,
        0.333,
        0,
        2,
        1.167,
        0,
        0,
        1.5,
        1,
        0,
        1.833,
        -3,
        0,
        2.9,
        3,
        1,
        3.256,
        3,
        3.611,
        2.923,
        3.967,
        0,
        1,
        4.167,
        -1.644,
        4.367,
        -28,
        4.567,
        -28,
        0,
        4.867,
        -26,
        2,
        5.267,
        -26,
        0,
        6.1,
        0,
        2,
        6.6,
        0
      ]
    },
    {
      "Target": "Parameter",
      "Id": "QUANTIX",
      "FadeInTime": -1.0,
      "FadeOutTime": -1.0,
      "Segments": [
        0,
        0,
        2,
        0.333,
        0,
        2,
        1.833,
        0,
        2,
        3.967,
        0,
        0,
        4.567,
        1.08,
        2,
        5.267,
        1.08,
        0,
        6.1,
        0,
        2,
        6.6,
        0
      ]
    },
    {
      "Target": "Parameter",
      "Id": "QUANTIY",
      "FadeInTime": -1.0,
      "FadeOutTime": -1.0,
      "Segments": [
        0,
        0,
        2,
        0.333,
        0,
        2,
        1.833,
        0,
        2,
        3.967,
        0,
        0,
        4.567,
        -1.74,
        2,
        5.267,
        -1.74,
        0,
        6.1,
        0,
        2,
        6.6,
        0
      ]
    },
    {
      "Target": "Parameter",
      "Id": "ParamChestZ",
      "FadeInTime": -1.0,
      "FadeOutTime": -1.0,
      "Segments": [
        0,
        0,
        2,
        0.333,
        0,
        0,
        0.733,
        -10,
        0,
        1.233,
        5,
        0,
        1.733,
        -3,
        0,
        2.8,
        10,
        0,
        3.867,
        -3,
        0,
        4.467,
        10,
        2,
        5.167,
        10,
        0,
        6.1,
        0,
        2,
        6.6,
        0
      ]
    },
    {
      "Target": "Parameter",
      "Id": "ParamWaistZ",
      "FadeInTime": -1.0,
      "FadeOutTime": -1.0,
      "Segments": [
        0,
        0,
        2,
        0.333,
        0,
        0,
        0.633,
        -5,
        0,
        1.133,
        5,
        0,
        1.633,
        -5,
        0,
        2.7,
        12,
        0,
        3.767,
        -5,
        0,
        4.367,
        5,
        2,
        5.067,
        5,
        0,
        6.1,
        0,
        2,
        6.6,
        0
      ]
    },
    {
      "Target": "Parameter",
      "Id": "ParamShoulderLStretch",
      "FadeInTime": -1.0,
      "FadeOutTime": -1.0,
      "Segments": [
        0,
        0,
        2,
        0.333,
        0,
        2,
        1.733,
        0,
        2,
        2.867,
        0,
        0,
        3.167,
        30,
        2,
        5.167,
        30,
        0,
        6.1,
        0,
        2,
        6.6,
        0
      ]
    },
    {
      "Target": "Parameter",
      "Id": "shentihuxi",
      "FadeInTime": -1.0,
      "FadeOutTime": -1.0,
      "Segments": [
        0,
        0,
        2,
        0.333,
        0,
        0,
        0.7,
        -10,
        0,
        1,
        6,
        0,
        1.4,
        -5,
        0,
        1.9,
        5,
        0,
        2.4,
        -5,
        0,
        2.933,
        2,
        0,
        3.467,
        -2,
        0,
        3.867,
        3,
        0,
        4.467,
        -6,
        0,
        5.167,
        5,
        0,
        6.1,
        0,
        2,
        6.6,
        0
      ]
    },
    {
      "Target": "Parameter",
      "Id": "ParamMouthForm",
      "FadeInTime": -1.0,
      "FadeOutTime": -1.0,
      "Segments": [
        0,
        0,
        2,
        0.333,
        0,
        2,
        0.467,
        0,
        2,
        0.6,
        0,
        1,
        0.656,
        0,
        0.711,
        0,
        0.767,
        -0.1,
        1,
        0.822,
        -0.2,
        0.878,
        -0.4,
        0.933,
        -0.4,
        0,
        1.1,
        0.2,
        0,
        1.3,
        -0.5,
        1,
        1.344,
        -0.5,
        1.389,
        -0.068,
        1.433,
        0,
        1,
        1.5,
        0.102,
        1.566,
        0.109,
        1.633,
        0.2,
        1,
        1.678,
        0.261,
        1.722,
        0.4,
        1.767,
        0.4,
        1,
        1.822,
        0.4,
        1.878,
        0.042,
        1.933,
        0,
        1,
        2.055,
        -0.092,
        2.178,
        -0.1,
        2.3,
        -0.1,
        0,
        2.5,
        0.2,
        0,
        2.667,
        -0.5,
        0,
        2.8,
        0.2,
        0,
        2.967,
        -0.1,
        0,
        3.167,
        0,
        2,
        3.367,
        0,
        2,
        3.8,
        0,
        0,
        3.933,
        0.4,
        0,
        4.1,
        -0.3,
        0,
        4.267,
        0.4,
        0,
        4.4,
        0,
        2,
        4.567,
        0,
        2,
        5.167,
        0,
        2,
        6.1,
        0,
        2,
        6.6,
        0
      ]
    },
    {
      "Target": "Parameter",
      "Id": "koudaxiao",
      "FadeInTime": -1.0,
      "FadeOutTime": -1.0,
      "Segments": [
        0,
        0,
        2,
        0.333,
        0,
        2,
        0.467,
        0,
        0,
        0.6,
        0.1,
        1,
        0.656,
        0.1,
        0.711,
        0.033,
        0.767,
        -0.1,
        1,
        0.822,
        -0.233,
        0.878,
        -0.3,
        0.933,
        -0.3,
        0,
        1.1,
        0,
        0,
        1.3,
        -0.2,
        0,
        1.433,
        0,
        2,
        1.633,
        0,
        2,
        1.767,
        0,
        2,
        1.933,
        0,
        0,
        2.3,
        0.2,
        1,
        2.367,
        0.2,
        2.433,
        -0.163,
        2.5,
        -0.3,
        1,
        2.556,
        -0.414,
        2.611,
        -0.4,
        2.667,
        -0.4,
        0,
        2.8,
        0,
        0,
        2.967,
        -0.3,
        2,
        3.167,
        -0.3,
        0,
        3.367,
        0,
        2,
        3.8,
        0,
        0,
        4.1,
        -0.3,
        1,
        4.2,
        -0.3,
        4.3,
        -0.298,
        4.4,
        -0.242,
        1,
        4.456,
        -0.211,
        4.511,
        0,
        4.567,
        0,
        2,
        5.167,
        0,
        2,
        6.1,
        0,
        2,
        6.6,
        0
      ]
    },
    {
      "Target": "Parameter",
      "Id": "ParamEyeROpen",
      "FadeInTime": -1.0,
      "FadeOutTime": -1.0,
      "Segments": [
        0,
        1,
        2,
        0.333,
        1,
        2,
        0.733,
        1,
        0,
        1,
        0,
        0,
        1.267,
        1,
        2,
        2.333,
        1,
        0,
        2.6,
        0,
        1,
        2.689,
        0,
        2.778,
        0.672,
        2.867,
        0.7,
        1,
        3.145,
        0.787,
        3.422,
        0.8,
        3.7,
        0.8,
        0,
        3.967,
        0,
        0,
        4.2,
        1,
        2,
        5.167,
        1,
        0,
        5.6,
        0,
        0,
        6.1,
        1,
        2,
        6.6,
        1
      ]
    },
    {
      "Target": "Parameter",
      "Id": "ParamEyeBallX",
      "FadeInTime": -1.0,
      "FadeOutTime": -1.0,
      "Segments": [
        0,
        0,
        2,
        0.333,
        0,
        2,
        2.6,
        0,
        0,
        2.867,
        -0.4,
        2,
        3.7,
        -0.4,
        0,
        4.2,
        -0.1,
        2,
        5.167,
        -0.1,
        0,
        6.1,
        0,
        2,
        6.6,
        0
      ]
    },
    {
      "Target": "Parameter",
      "Id": "ParamEyeBallY",
      "FadeInTime": -1.0,
      "FadeOutTime": -1.0,
      "Segments": [
        0,
        0,
        2,
        0.333,
        0,
        2,
        2.6,
        0,
        0,
        2.867,
        -0.8,
        2,
        3.7,
        -0.8,
        0,
        4.2,
        0.3,
        1,
        4.522,
        0.3,
        4.845,
        0.289,
        5.167,
        0.2,
        1,
        5.478,
        0.114,
        5.789,
        0,
        6.1,
        0,
        2,
        6.6,
        0
      ]
    },
    {
      "Target": "Parameter",
      "Id": "SD_BustMotionY_L",
      "FadeInTime": -1.0,
      "FadeOutTime": -1.0,
      "Segments": [
        0,
        0,
        2,
        0.333,
        0,
        2,
        0.4,
        0,
        0,
        0.8,
        30,
        0,
        1.133,
        -16,
        0,
        1.433,
        7,
        0,
        1.733,
        0,
        2,
        3.5,
        0,
        0,
        3.9,
        17.078,
        0,
        4.233,
        -9.108,
        0,
        4.533,
        7,
        0,
        4.833,
        0,
        2,
        6.1,
        0,
        2,
        6.6,
        0
      ]
    },
    {
      "Target": "Parameter",
      "Id": "SD_BustMotionY_X",
      "FadeInTime": -1.0,
      "FadeOutTime": -1.0,
      "Segments": [
        0,
        0,
        2,
        0.333,
        0,
        2,
        0.4,
        0,
        0,
        0.8,
        30,
        0,
        1.133,
        -16,
        0,
        1.433,
        7,
        0,
        1.733,
        0,
        2,
        3.5,
        0,
        0,
        3.9,
        17.078,
        0,
        4.233,
        -9.108,
        0,
        4.533,
        7,
        0,
        4.833,
        0,
        2,
        6.1,
        0,
        2,
        6.6,
        0
      ]
    },
    {
      "Target": "Parameter",
      "Id": "SD_BustMotionY_L2",
      "FadeInTime": -1.0,
      "FadeOutTime": -1.0,
      "Segments": [
        0,
        0,
        2,
        0.333,
        0,
        2,
        0.633,
        0,
        0,
        0.933,
        -30,
        0,
        1.267,
        16,
        0,
        1.567,
        -7,
        0,
        1.867,
        0,
        2,
        3.733,
        0,
        0,
        4.033,
        -17.078,
        0,
        4.367,
        9.108,
        0,
        4.667,
        -7,
        1,
        4.767,
        -7,
        4.867,
        -4.736,
        4.967,
        0,
        1,
        5.078,
        5.262,
        5.189,
        8,
        5.3,
        8,
        0,
        5.7,
        -11,
        0,
        6.1,
        0,
        2,
        6.6,
        0
      ]
    },
    {
      "Target": "Parameter",
      "Id": "SD_BustMotionY_Y",
      "FadeInTime": -1.0,
      "FadeOutTime": -1.0,
      "Segments": [
        0,
        0,
        2,
        0.333,
        0,
        2,
        0.633,
        0,
        0,
        0.933,
        -30,
        0,
        1.267,
        16,
        0,
        1.567,
        -7,
        0,
        1.867,
        0,
        2,
        3.733,
        0,
        0,
        4.033,
        -17.078,
        0,
        4.367,
        9.108,
        0,
        4.667,
        -7,
        1,
        4.767,
        -7,
        4.867,
        -4.736,
        4.967,
        0,
        1,
        5.078,
        5.262,
        5.189,
        8,
        5.3,
        8,
        0,
        5.7,
        -11,
        0,
        6.1,
        0,
        2,
        6.6,
        0
      ]
    },
    {
      "Target": "Parameter",
      "Id": "Hair_physics",
      "FadeInTime": -1.0,
      "FadeOutTime": -1.0,
      "Segments": [
        0,
        0,
        2,
        0.333,
        0,
        0,
        0.733,
        0.5,
        0,
        1.067,
        0,
        0,
        1.8,
        1,
        0,
        2.667,
        0,
        0,
        3.533,
        1,
        0,
        4.367,
        0,
        0,
        5.233,
        1,
        0,
        6.1,
        0,
        2,
        6.6,
        0
      ]
    },
    {
      "Target": "Parameter",
      "Id": "xfzhuan",
      "FadeInTime": -1.0,
      "FadeOutTime": -1.0,
      "Segments": [
        0,
        0,
        2,
        0.333,
        0,
        0,
        5.167,
        -30,
        0,
        6.1,
        0,
        2,
        6.6,
        0
      ]
    },
    {
      "Target": "Parameter",
      "Id": "qianfa1",
      "FadeInTime": -1.0,
      "FadeOutTime": -1.0,
      "Segments": [
        0,
        0.002,
        0,
        0.233,
        -0.002,
        0,
        0.467,
        0.528,
        0,
        0.733,
        -4.216,
        0,
        1.067,
        9.287,
        0,
        1.367,
        -11.151,
        0,
        1.733,
        6.775,
        0,
        2.033,
        -2.861,
        0,
        2.367,
        4.018,
        0,
        2.8,
        -2.243,
        0,
        3.9,
        2.771,
        0,
        4.467,
        -1.692,
        0,
        4.7,
        -0.677,
        0,
        5,
        -1.956,
        0,
        5.633,
        3.496,
        0,
        6,
        -2.363,
        0,
        6.367,
        1.189,
        0,
        6.6,
        -0.184
      ]
    },
    {
      "Target": "Parameter",
      "Id": "qianfa2",
      "FadeInTime": -1.0,
      "FadeOutTime": -1.0,
      "Segments": [
        0,
        0.008,
        0,
        0.3,
        -0.004,
        2,
        0.333,
        -0.004,
        0,
        0.6,
        1.443,
        0,
        0.9,
        -5.108,
        0,
        1.2,
        10.066,
        0,
        1.5,
        -11.88,
        0,
        1.833,
        9.053,
        0,
        2.167,
        -6.616,
        0,
        2.5,
        5.109,
        0,
        2.833,
        -2.759,
        0,
        3.167,
        0.646,
        0,
        3.467,
        -0.424,
        0,
        4.033,
        1.304,
        0,
        4.467,
        -1.058,
        0,
        4.833,
        0.958,
        0,
        5.167,
        -1.458,
        0,
        5.767,
        1.965,
        0,
        6.133,
        -2.727,
        0,
        6.467,
        2.006,
        0,
        6.6,
        0.784
      ]
    },
    {
      "Target": "Parameter",
      "Id": "rlihai1",
      "FadeInTime": -1.0,
      "FadeOutTime": -1.0,
      "Segments": [
        0,
        -0.009,
        0,
        0.233,
        0.009,
        2,
        0.267,
        0.009,
        0,
        0.333,
        0.007,
        0,
        0.467,
        0.735,
        0,
        0.767,
        -5.402,
        0,
        1.1,
        11.578,
        0,
        1.433,
        -13.849,
        0,
        1.8,
        8.486,
        0,
        2.133,
        -2.59,
        0,
        2.467,
        3.895,
        0,
        2.967,
        -4.302,
        0,
        3.467,
        0.87,
        0,
        3.6,
        0.698,
        0,
        3.967,
        3.483,
        0,
        4.467,
        -2.799,
        0,
        4.767,
        -0.713,
        0,
        5.067,
        -2.253,
        0,
        5.633,
        4.971,
        0,
        6.067,
        -3.46,
        0,
        6.433,
        2.054,
        0,
        6.6,
        0.838
      ]
    },
    {
      "Target": "Parameter",
      "Id": "rlihai2",
      "FadeInTime": -1.0,
      "FadeOutTime": -1.0,
      "Segments": [
        0,
        -0.048,
        0,
        0.6,
        1.894,
        0,
        0.933,
        -7.598,
        0,
        1.233,
        14.88,
        0,
        1.6,
        -17.615,
        0,
        1.967,
        13.517,
        0,
        2.3,
        -8.595,
        0,
        2.667,
        6.808,
        0,
        3.067,
        -5.366,
        0,
        3.467,
        2.616,
        0,
        3.8,
        -1.463,
        0,
        4.167,
        2.968,
        0,
        4.567,
        -3.052,
        0,
        4.933,
        1.914,
        0,
        5.3,
        -2.602,
        0,
        5.8,
        4.512,
        0,
        6.2,
        -5.334,
        0,
        6.567,
        4.143,
        0,
        6.6,
        4.112
      ]
    },
    {
      "Target": "Parameter",
      "Id": "rzhongfa1",
      "FadeInTime": -1.0,
      "FadeOutTime": -1.0,
      "Segments": [
        0,
        0.047,
        0,
        0.333,
        -0.035,
        0,
        0.467,
        0.92,
        0,
        0.8,
        -7.501,
        0,
        1.1,
        15.396,
        0,
        1.467,
        -18.396,
        0,
        1.9,
        10.983,
        0,
        2.3,
        -1.812,
        0,
        2.633,
        2.838,
        0,
        3.1,
        -6.668,
        0,
        3.633,
        3.31,
        0,
        3.667,
        3.303,
        0,
        3.933,
        4.005,
        0,
        4.533,
        -4.174,
        0,
        4.867,
        -1.774,
        0,
        5.067,
        -2.433,
        0,
        5.667,
        7.765,
        0,
        6.1,
        -5.563,
        0,
        6.533,
        3.646,
        0,
        6.6,
        3.265
      ]
    },
    {
      "Target": "Parameter",
      "Id": "rzhongfa2",
      "FadeInTime": -1.0,
      "FadeOutTime": -1.0,
      "Segments": [
        0,
        0.136,
        0,
        0.333,
        -0.061,
        0,
        0.633,
        2.626,
        0,
        0.967,
        -10.301,
        0,
        1.267,
        20.186,
        0,
        1.633,
        -23.372,
        0,
        2.033,
        16.973,
        0,
        2.4,
        -9.521,
        0,
        2.8,
        7.052,
        0,
        3.2,
        -7.131,
        0,
        3.633,
        4.19,
        0,
        3.967,
        -0.372,
        0,
        4.267,
        2.199,
        0,
        4.633,
        -3.363,
        0,
        5,
        1.596,
        0,
        5.367,
        -2.83,
        0,
        5.833,
        7,
        0,
        6.233,
        -8.08,
        0,
        6.6,
        5.891
      ]
    },
    {
      "Target": "Parameter",
      "Id": "lliuhai1",
      "FadeInTime": -1.0,
      "FadeOutTime": -1.0,
      "Segments": [
        0,
        0.032,
        0,
        0.333,
        -0.024,
        0,
        0.467,
        0.613,
        0,
        0.8,
        -5.001,
        0,
        1.1,
        10.264,
        0,
        1.467,
        -12.264,
        0,
        1.9,
        7.322,
        0,
        2.3,
        -1.208,
        0,
        2.633,
        1.892,
        0,
        3.1,
        -4.445,
        0,
        3.633,
        2.206,
        0,
        3.667,
        2.202,
        0,
        3.933,
        2.67,
        0,
        4.533,
        -2.783,
        0,
        4.867,
        -1.183,
        0,
        5.067,
        -1.622,
        0,
        5.667,
        5.177,
        0,
        6.1,
        -3.709,
        0,
        6.533,
        2.43,
        0,
        6.6,
        2.177
      ]
    },
    {
      "Target": "Parameter",
      "Id": "lliuhai2",
      "FadeInTime": -1.0,
      "FadeOutTime": -1.0,
      "Segments": [
        0,
        0.056,
        0,
        0.333,
        -0.03,
        0,
        0.633,
        1.611,
        0,
        0.933,
        -5.968,
        0,
        1.267,
        11.408,
        0,
        1.6,
        -12.819,
        0,
        2,
        8.785,
        0,
        2.367,
        -4.869,
        0,
        2.767,
        3.463,
        0,
        3.2,
        -3.261,
        0,
        3.6,
        1.77,
        0,
        3.9,
        -0.366,
        0,
        4.233,
        1.321,
        0,
        4.633,
        -1.638,
        0,
        4.967,
        0.954,
        0,
        5.333,
        -1.578,
        0,
        5.833,
        3.508,
        0,
        6.2,
        -4.006,
        0,
        6.6,
        3.041
      ]
    },
    {
      "Target": "Parameter",
      "Id": "ParamHair1",
      "FadeInTime": -1.0,
      "FadeOutTime": -1.0,
      "Segments": [
        0,
        0,
        2,
        0.333,
        0,
        0,
        0.4,
        0.226,
        0,
        0.7,
        -9.623,
        0,
        1.033,
        21.501,
        0,
        1.333,
        -27.536,
        0,
        1.667,
        15.744,
        0,
        1.933,
        -5.998,
        0,
        2.233,
        10.935,
        0,
        2.6,
        -4.465,
        0,
        2.767,
        -3.258,
        0,
        3.033,
        -6.369,
        0,
        3.867,
        7.316,
        0,
        4.4,
        -4.926,
        0,
        4.667,
        -2.658,
        0,
        4.933,
        -4.811,
        0,
        5.567,
        8.993,
        0,
        5.967,
        -6.32,
        0,
        6.3,
        2.336,
        0,
        6.6,
        -0.71
      ]
    },
    {
      "Target": "Parameter",
      "Id": "ParamHair2",
      "FadeInTime": -1.0,
      "FadeOutTime": -1.0,
      "Segments": [
        0,
        0.001,
        0,
        0.2,
        0,
        2,
        0.233,
        0,
        2,
        0.267,
        0,
        2,
        0.3,
        0,
        0,
        0.6,
        3.925,
        0,
        0.9,
        -13.363,
        0,
        1.167,
        26.671,
        0,
        1.5,
        -30,
        0,
        1.833,
        22.443,
        0,
        2.133,
        -15.691,
        0,
        2.433,
        12.441,
        0,
        2.767,
        -6.33,
        0,
        3.033,
        2.119,
        0,
        3.3,
        -3.106,
        0,
        3.567,
        1.483,
        0,
        3.8,
        -0.902,
        0,
        4.1,
        3.691,
        0,
        4.5,
        -2.974,
        0,
        4.833,
        2.397,
        0,
        5.167,
        -3.698,
        0,
        5.8,
        5.527,
        0,
        6.133,
        -7.318,
        0,
        6.467,
        4.915,
        0,
        6.6,
        1.627
      ]
    },
    {
      "Target": "Parameter",
      "Id": "ParamHair3",
      "FadeInTime": -1.0,
      "FadeOutTime": -1.0,
      "Segments": [
        0,
        0.006,
        2,
        0.033,
        0.006,
        0,
        0.333,
        -0.002,
        0,
        0.7,
        3.732,
        0,
        0.967,
        -14.349,
        0,
        1.267,
        28.303,
        0,
        1.567,
        -30,
        2,
        1.667,
        -30,
        0,
        1.967,
        29.022,
        0,
        2.267,
        -22.057,
        0,
        2.6,
        18.305,
        0,
        2.9,
        -11.367,
        0,
        3.2,
        4.346,
        0,
        3.467,
        -3.507,
        0,
        3.767,
        1.859,
        0,
        3.967,
        -0.001,
        0,
        4.233,
        3.958,
        0,
        4.6,
        -4.748,
        0,
        4.933,
        4.005,
        0,
        5.267,
        -5.5,
        0,
        5.867,
        5.657,
        0,
        6.233,
        -9.731,
        0,
        6.6,
        8.427
      ]
    },
    {
      "Target": "Parameter",
      "Id": "ParamHair4",
      "FadeInTime": -1.0,
      "FadeOutTime": -1.0,
      "Segments": [
        0,
        -0.017,
        0,
        0.167,
        0.03,
        0,
        0.4,
        0,
        0,
        0.767,
        3.781,
        0,
        1.067,
        -15.922,
        0,
        1.333,
        30,
        0,
        1.667,
        -30,
        2,
        1.767,
        -30,
        0,
        2.033,
        30,
        2,
        2.1,
        30,
        0,
        2.4,
        -28.819,
        0,
        2.733,
        25.028,
        0,
        3.067,
        -18.198,
        0,
        3.367,
        8.68,
        0,
        3.667,
        -5.289,
        0,
        3.967,
        3.023,
        0,
        4.133,
        1.656,
        0,
        4.333,
        3.393,
        0,
        4.7,
        -6.477,
        0,
        5.067,
        6.378,
        0,
        5.4,
        -8.268,
        0,
        5.833,
        7.774,
        0,
        6.333,
        -12.257,
        0,
        6.6,
        8.286
      ]
    },
    {
      "Target": "Parameter",
      "Id": "ParamEyeRGG",
      "FadeInTime": -1.0,
      "FadeOutTime": -1.0,
      "Segments": [
        0,
        0.001,
        2,
        0.033,
        0.001,
        0,
        0.267,
        0,
        2,
        0.4,
        0,
        2,
        0.433,
        0,
        2,
        0.467,
        0,
        2,
        0.5,
        0,
        2,
        0.533,
        0,
        2,
        0.567,
        0,
        2,
        0.733,
        0,
        0,
        0.867,
        -11.043,
        0,
        1.067,
        30,
        0,
        1.267,
        -30,
        2,
        1.367,
        -30,
        0,
        1.633,
        20.67,
        0,
        1.9,
        -10.945,
        0,
        2.2,
        5.441,
        0,
        2.467,
        -12.962,
        0,
        2.667,
        29.886,
        0,
        2.9,
        -30,
        2,
        2.967,
        -30,
        0,
        3.2,
        19.655,
        0,
        3.5,
        -10.498,
        0,
        3.733,
        1.331,
        0,
        3.833,
        -5.667,
        0,
        4.033,
        25.749,
        0,
        4.233,
        -30,
        2,
        4.333,
        -30,
        0,
        4.567,
        20.277,
        0,
        4.867,
        -10.65,
        0,
        5.167,
        5.248,
        0,
        5.333,
        -6.804,
        0,
        5.6,
        14.913,
        0,
        5.9,
        -15.784,
        0,
        6.3,
        13.043,
        0,
        6.6,
        -8.445
      ]
    },
    {
      "Target": "Parameter",
      "Id": "ZD_BustLMotionX_L",
      "FadeInTime": -1.0,
      "FadeOutTime": -1.0,
      "Segments": [
        0,
        -0.19,
        0,
        0.767,
        12.154,
        0,
        1.167,
        -23.543,
        0,
        1.533,
        28.504,
        0,
        1.933,
        -21.484,
        0,
        2.367,
        11.633,
        0,
        2.767,
        -7.815,
        0,
        3.167,
        7.375,
        0,
        3.6,
        -3.102,
        0,
        3.967,
        6.964,
        0,
        4.333,
        -8.795,
        0,
        4.7,
        8.135,
        0,
        5.1,
        -4.817,
        0,
        5.5,
        7.471,
        0,
        5.867,
        -15.068,
        0,
        6.233,
        15.485,
        0,
        6.6,
        -8.014
      ]
    },
    {
      "Target": "Parameter",
      "Id": "ZD_BustLMotionY_L",
      "FadeInTime": -1.0,
      "FadeOutTime": -1.0,
      "Segments": [
        0,
        0,
        2,
        0.333,
        0,
        0,
        0.6,
        0.223,
        0,
        1,
        -5.512,
        0,
        1.367,
        5.848,
        0,
        1.7,
        -4.416,
        0,
        2.033,
        2.456,
        0,
        2.367,
        -1.515,
        0,
        2.733,
        0.791,
        0,
        3.033,
        -0.306,
        0,
        3.367,
        0.689,
        0,
        4.133,
        -3.85,
        0,
        4.5,
        4.43,
        0,
        4.833,
        -3.634,
        0,
        5.2,
        2.974,
        0,
        5.733,
        -2.398,
        0,
        6.133,
        1.005,
        0,
        6.467,
        -0.556,
        0,
        6.6,
        -0.213
      ]
    },
    {
      "Target": "Parameter",
      "Id": "ZD_BustRMotionX_L",
      "FadeInTime": -1.0,
      "FadeOutTime": -1.0,
      "Segments": [
        0,
        -0.266,
        0,
        0.767,
        17.016,
        0,
        1.133,
        -30,
        2,
        1.2,
        -30,
        0,
        1.467,
        30,
        2,
        1.6,
        30,
        0,
        1.933,
        -30,
        0,
        2.367,
        16.286,
        0,
        2.767,
        -10.941,
        0,
        3.167,
        10.324,
        0,
        3.6,
        -4.343,
        0,
        3.967,
        9.75,
        0,
        4.333,
        -12.313,
        0,
        4.7,
        11.389,
        0,
        5.1,
        -6.743,
        0,
        5.5,
        10.459,
        0,
        5.867,
        -21.096,
        0,
        6.233,
        21.678,
        0,
        6.6,
        -11.219
      ]
    },
    {
      "Target": "Parameter",
      "Id": "ZD_BustRMotionY_L",
      "FadeInTime": -1.0,
      "FadeOutTime": -1.0,
      "Segments": [
        0,
        0,
        2,
        0.333,
        0,
        0,
        0.6,
        0.223,
        0,
        1,
        -5.512,
        0,
        1.367,
        5.848,
        0,
        1.7,
        -4.416,
        0,
        2.033,
        2.456,
        0,
        2.367,
        -1.515,
        0,
        2.733,
        0.791,
        0,
        3.033,
        -0.306,
        0,
        3.367,
        0.689,
        0,
        4.133,
        -3.85,
        0,
        4.5,
        4.43,
        0,
        4.833,
        -3.634,
        0,
        5.2,
        2.974,
        0,
        5.733,
        -2.398,
        0,
        6.133,
        1.005,
        0,
        6.467,
        -0.556,
        0,
        6.6,
        -0.213
      ]
    },
    {
      "Target": "Parameter",
      "Id": "touch_drag1",
      "FadeInTime": -1.0,
      "FadeOutTime": -1.0,
      "Segments": [
        0,
        0,
        0,
        6.6,
        0
      ]
    },
    {
      "Target": "Parameter",
      "Id": "heikuang",
      "FadeInTime": -1.0,
      "FadeOutTime": -1.0,
      "Segments": [
        0,
        0,
        0,
        6.6,
        0
      ]
    },
    {
      "Target": "Parameter",
      "Id": "All_X",
      "FadeInTime": -1.0,
      "FadeOutTime": -1.0,
      "Segments": [
        0,
        0,
        0,
        6.6,
        0
      ]
    },
    {
      "Target": "Parameter",
      "Id": "All_Y",
      "FadeInTime": -1.0,
      "FadeOutTime": -1.0,
      "Segments": [
        0,
        0,
        0,
        6.6,
        0
      ]
    },
    {
      "Target": "Parameter",
      "Id": "All_X2",
      "FadeInTime": -1.0,
      "FadeOutTime": -1.0,
      "Segments": [
        0,
        0,
        0,
        6.6,
        0
      ]
    },
    {
      "Target": "Parameter",
      "Id": "All_Y2",
      "FadeInTime": -1.0,
      "FadeOutTime": -1.0,
      "Segments": [
        0,
        0,
        0,
        6.6,
        0
      ]
    },
    {
      "Target": "Parameter",
      "Id": "All_Size",
      "FadeInTime": -1.0,
      "FadeOutTime": -1.0,
      "Segments": [
        0,
        0,
        0,
        6.6,
        0
      ]
    },
    {
      "Target": "Parameter",
      "Id": "All_Size2",
      "FadeInTime": -1.0,
      "FadeOutTime": -1.0,
      "Segments": [
        0,
        0,
        0,
        6.6,
        0
      ]
    },
    {
      "Target": "Parameter",
      "Id": "renxs",
      "FadeInTime": -1.0,
      "FadeOutTime": -1.0,
      "Segments": [
        0,
        0,
        0,
        6.6,
        0
      ]
    },
    {
      "Target": "Parameter",
      "Id": "yongchixs",
      "FadeInTime": -1.0,
      "FadeOutTime": -1.0,
      "Segments": [
        0,
        0,
        0,
        6.6,
        0
      ]
    },
    {
      "Target": "Parameter",
      "Id": "fenjingbjxs",
      "FadeInTime": -1.0,
      "FadeOutTime": -1.0,
      "Segments": [
        0,
        0,
        0,
        6.6,
        0
      ]
    },
    {
      "Target": "Parameter",
      "Id": "man_Size",
      "FadeInTime": -1.0,
      "FadeOutTime": -1.0,
      "Segments": [
        0,
        0,
        0,
        6.6,
        0
      ]
    },
    {
      "Target": "Parameter",
      "Id": "man_Angle",
      "FadeInTime": -1.0,
      "FadeOutTime": -1.0,
      "Segments": [
        0,
        0,
        0,
        6.6,
        0
      ]
    },
    {
      "Target": "Parameter",
      "Id": "yongchixx",
      "FadeInTime": -1.0,
      "FadeOutTime": -1.0,
      "Segments": [
        0,
        0,
        0,
        6.6,
        0
      ]
    },
    {
      "Target": "Parameter",
      "Id": "yongchixx2",
      "FadeInTime": -1.0,
      "FadeOutTime": -1.0,
      "Segments": [
        0,
        0,
        0,
        6.6,
        0
      ]
    },
    {
      "Target": "Parameter",
      "Id": "All_Angle",
      "FadeInTime": -1.0,
      "FadeOutTime": -1.0,
      "Segments": [
        0,
        0,
        0,
        6.6,
        0
      ]
    },
    {
      "Target": "Parameter",
      "Id": "FG_Black",
      "FadeInTime": -1.0,
      "FadeOutTime": -1.0,
      "Segments": [
        0,
        0,
        0,
        6.6,
        0
      ]
    },
    {
      "Target": "Parameter",
      "Id": "BG_White",
      "FadeInTime": -1.0,
      "FadeOutTime": -1.0,
      "Segments": [
        0,
        0,
        0,
        6.6,
        0
      ]
    },
    {
      "Target": "Parameter",
      "Id": "huangguang",
      "FadeInTime": -1.0,
      "FadeOutTime": -1.0,
      "Segments": [
        0,
        0,
        0,
        6.6,
        0
      ]
    },
    {
      "Target": "Parameter",
      "Id": "FG_White",
      "FadeInTime": -1.0,
      "FadeOutTime": -1.0,
      "Segments": [
        0,
        0,
        0,
        6.6,
        0
      ]
    },
    {
      "Target": "Parameter",
      "Id": "xgbquan",
      "FadeInTime": -1.0,
      "FadeOutTime": -1.0,
      "Segments": [
        0,
        0,
        0,
        6.6,
        0
      ]
    },
    {
      "Target": "Parameter",
      "Id": "FG_White2",
      "FadeInTime": -1.0,
      "FadeOutTime": -1.0,
      "Segments": [
        0,
        0,
        0,
        6.6,
        0
      ]
    },
    {
      "Target": "Parameter",
      "Id": "qfwyid",
      "FadeInTime": -1.0,
      "FadeOutTime": -1.0,
      "Segments": [
        0,
        0,
        0,
        6.6,
        0
      ]
    },
    {
      "Target": "Parameter",
      "Id": "ParamMouthCDisplay",
      "FadeInTime": -1.0,
      "FadeOutTime": -1.0,
      "Segments": [
        0,
        0,
        0,
        6.6,
        0
      ]
    },
    {
      "Target": "Parameter",
      "Id": "tiaojidax",
      "FadeInTime": -1.0,
      "FadeOutTime": -1.0,
      "Segments": [
        0,
        0,
        0,
        6.6,
        0
      ]
    },
    {
      "Target": "Parameter",
      "Id": "tiaojiY",
      "FadeInTime": -1.0,
      "FadeOutTime": -1.0,
      "Segments": [
        0,
        0,
        0,
        6.6,
        0
      ]
    },
    {
      "Target": "Parameter",
      "Id": "tiaojij",
      "FadeInTime": -1.0,
      "FadeOutTime": -1.0,
      "Segments": [
        0,
        0,
        0,
        6.6,
        0
      ]
    },
    {
      "Target": "Parameter",
      "Id": "tiaotaicj",
      "FadeInTime": -1.0,
      "FadeOutTime": -1.0,
      "Segments": [
        0,
        0,
        0,
        6.6,
        0
      ]
    },
    {
      "Target": "Parameter",
      "Id": "Rjicxz",
      "FadeInTime": -1.0,
      "FadeOutTime": -1.0,
      "Segments": [
        0,
        0,
        0,
        6.6,
        0
      ]
    },
    {
      "Target": "Parameter",
      "Id": "Rjichisx",
      "FadeInTime": -1.0,
      "FadeOutTime": -1.0,
      "Segments": [
        0,
        0,
        0,
        6.6,
        0
      ]
    },
    {
      "Target": "Parameter",
      "Id": "Rjichiwan",
      "FadeInTime": -1.0,
      "FadeOutTime": -1.0,
      "Segments": [
        0,
        0,
        0,
        6.6,
        0
      ]
    },
    {
      "Target": "Parameter",
      "Id": "Rjichishen",
      "FadeInTime": -1.0,
      "FadeOutTime": -1.0,
      "Segments": [
        0,
        0,
        0,
        6.6,
        0
      ]
    },
    {
      "Target": "Parameter",
      "Id": "Ljicxz",
      "FadeInTime": -1.0,
      "FadeOutTime": -1.0,
      "Segments": [
        0,
        0,
        0,
        6.6,
        0
      ]
    },
    {
      "Target": "Parameter",
      "Id": "Ljichiwan",
      "FadeInTime": -1.0,
      "FadeOutTime": -1.0,
      "Segments": [
        0,
        0,
        0,
        6.6,
        0
      ]
    },
    {
      "Target": "Parameter",
      "Id": "Ljichisx",
      "FadeInTime": -1.0,
      "FadeOutTime": -1.0,
      "Segments": [
        0,
        0,
        0,
        6.6,
        0
      ]
    },
    {
      "Target": "Parameter",
      "Id": "Ljichishen",
      "FadeInTime": -1.0,
      "FadeOutTime": -1.0,
      "Segments": [
        0,
        0,
        0,
        6.6,
        0
      ]
    },
    {
      "Target": "Parameter",
      "Id": "tjyj",
      "FadeInTime": -1.0,
      "FadeOutTime": -1.0,
      "Segments": [
        0,
        0,
        0,
        6.6,
        0
      ]
    },
    {
      "Target": "Parameter",
      "Id": "daiyongj",
      "FadeInTime": -1.0,
      "FadeOutTime": -1.0,
      "Segments": [
        0,
        0,
        0,
        6.6,
        0
      ]
    },
    {
      "Target": "Parameter",
      "Id": "tiaojishens",
      "FadeInTime": -1.0,
      "FadeOutTime": -1.0,
      "Segments": [
        0,
        0,
        0,
        6.6,
        0
      ]
    },
    {
      "Target": "Parameter",
      "Id": "tiaojiwy",
      "FadeInTime": -1.0,
      "FadeOutTime": -1.0,
      "Segments": [
        0,
        0,
        0,
        6.6,
        0
      ]
    },
    {
      "Target": "Parameter",
      "Id": "yongjLdai",
      "FadeInTime": -1.0,
      "FadeOutTime": -1.0,
      "Segments": [
        0,
        10,
        0,
        6.6,
        10
      ]
    },
    {
      "Target": "Parameter",
      "Id": "yongjLdai2",
      "FadeInTime": -1.0,
      "FadeOutTime": -1.0,
      "Segments": [
        0,
        0,
        0,
        6.6,
        0
      ]
    },
    {
      "Target": "Parameter",
      "Id": "yongjRdaiX",
      "FadeInTime": -1.0,
      "FadeOutTime": -1.0,
      "Segments": [
        0,
        -10,
        0,
        6.6,
        -10
      ]
    },
    {
      "Target": "Parameter",
      "Id": "yongjRdaiY",
      "FadeInTime": -1.0,
      "FadeOutTime": -1.0,
      "Segments": [
        0,
        0,
        0,
        6.6,
        0
      ]
    },
    {
      "Target": "Parameter",
      "Id": "tiaojix",
      "FadeInTime": -1.0,
      "FadeOutTime": -1.0,
      "Segments": [
        0,
        0,
        0,
        6.6,
        0
      ]
    },
    {
      "Target": "Parameter",
      "Id": "tiaojdm1",
      "FadeInTime": -1.0,
      "FadeOutTime": -1.0,
      "Segments": [
        0,
        0,
        0,
        6.6,
        0
      ]
    },
    {
      "Target": "Parameter",
      "Id": "tiaojdm2",
      "FadeInTime": -1.0,
      "FadeOutTime": -1.0,
      "Segments": [
        0,
        0,
        0,
        6.6,
        0
      ]
    },
    {
      "Target": "Parameter",
      "Id": "tiaoshuihau",
      "FadeInTime": -1.0,
      "FadeOutTime": -1.0,
      "Segments": [
        0,
        0,
        0,
        6.6,
        0
      ]
    },
    {
      "Target": "Parameter",
      "Id": "dongganshuihua",
      "FadeInTime": -1.0,
      "FadeOutTime": -1.0,
      "Segments": [
        0,
        0,
        0,
        6.6,
        0
      ]
    },
    {
      "Target": "Parameter",
      "Id": "fenmaochu",
      "FadeInTime": -1.0,
      "FadeOutTime": -1.0,
      "Segments": [
        0,
        0,
        0,
        6.6,
        0
      ]
    },
    {
      "Target": "Parameter",
      "Id": "tjbq1",
      "FadeInTime": -1.0,
      "FadeOutTime": -1.0,
      "Segments": [
        0,
        0,
        0,
        6.6,
        0
      ]
    },
    {
      "Target": "Parameter",
      "Id": "tjyjxs",
      "FadeInTime": -1.0,
      "FadeOutTime": -1.0,
      "Segments": [
        0,
        0,
        0,
        6.6,
        0
      ]
    },
    {
      "Target": "Parameter",
      "Id": "lyuanxbxs",
      "FadeInTime": -1.0,
      "FadeOutTime": -1.0,
      "Segments": [
        0,
        0,
        0,
        6.6,
        0
      ]
    },
    {
      "Target": "Parameter",
      "Id": "quanshoubxs",
      "FadeInTime": -1.0,
      "FadeOutTime": -1.0,
      "Segments": [
        0,
        0,
        0,
        6.6,
        0
      ]
    },
    {
      "Target": "Parameter",
      "Id": "ParamHandL1Display",
      "FadeInTime": -1.0,
      "FadeOutTime": -1.0,
      "Segments": [
        0,
        0,
        0,
        6.6,
        0
      ]
    },
    {
      "Target": "Parameter",
      "Id": "xinshou",
      "FadeInTime": -1.0,
      "FadeOutTime": -1.0,
      "Segments": [
        0,
        0,
        0,
        6.6,
        0
      ]
    },
    {
      "Target": "Parameter",
      "Id": "lyuanshoumz3",
      "FadeInTime": -1.0,
      "FadeOutTime": -1.0,
      "Segments": [
        0,
        0,
        0,
        6.6,
        0
      ]
    },
    {
      "Target": "Parameter",
      "Id": "lshuaishou",
      "FadeInTime": -1.0,
      "FadeOutTime": -1.0,
      "Segments": [
        0,
        0,
        0,
        6.6,
        0
      ]
    },
    {
      "Target": "Parameter",
      "Id": "rshanbitf",
      "FadeInTime": -1.0,
      "FadeOutTime": -1.0,
      "Segments": [
        0,
        0,
        0,
        6.6,
        0
      ]
    },
    {
      "Target": "Parameter",
      "Id": "rllxb",
      "FadeInTime": -1.0,
      "FadeOutTime": -1.0,
      "Segments": [
        0,
        0,
        0,
        6.6,
        0
      ]
    },
    {
      "Target": "Parameter",
      "Id": "ParamHandR1Display",
      "FadeInTime": -1.0,
      "FadeOutTime": -1.0,
      "Segments": [
        0,
        0,
        0,
        6.6,
        0
      ]
    },
    {
      "Target": "Parameter",
      "Id": "ParamHandR2Display",
      "FadeInTime": -1.0,
      "FadeOutTime": -1.0,
      "Segments": [
        0,
        0,
        0,
        6.6,
        0
      ]
    },
    {
      "Target": "Parameter",
      "Id": "ParamHandR3Display",
      "FadeInTime": -1.0,
      "FadeOutTime": -1.0,
      "Segments": [
        0,
        0,
        0,
        6.6,
        0
      ]
    },
    {
      "Target": "Parameter",
      "Id": "rpaishou",
      "FadeInTime": -1.0,
      "FadeOutTime": -1.0,
      "Segments": [
        0,
        0,
        0,
        6.6,
        0
      ]
    },
    {
      "Target": "Parameter",
      "Id": "rshoubei",
      "FadeInTime": -1.0,
      "FadeOutTime": -1.0,
      "Segments": [
        0,
        0,
        0,
        6.6,
        0
      ]
    },
    {
      "Target": "Parameter",
      "Id": "rfxshou",
      "FadeInTime": -1.0,
      "FadeOutTime": -1.0,
      "Segments": [
        0,
        0,
        0,
        6.6,
        0
      ]
    },
    {
      "Target": "Parameter",
      "Id": "rshouyxs",
      "FadeInTime": -1.0,
      "FadeOutTime": -1.0,
      "Segments": [
        0,
        0,
        0,
        6.6,
        0
      ]
    },
    {
      "Target": "Parameter",
      "Id": "rshuidA",
      "FadeInTime": -1.0,
      "FadeOutTime": -1.0,
      "Segments": [
        0,
        0,
        0,
        6.6,
        0
      ]
    },
    {
      "Target": "Parameter",
      "Id": "rshuidB",
      "FadeInTime": -1.0,
      "FadeOutTime": -1.0,
      "Segments": [
        0,
        0,
        0,
        6.6,
        0
      ]
    },
    {
      "Target": "Parameter",
      "Id": "rshuidC",
      "FadeInTime": -1.0,
      "FadeOutTime": -1.0,
      "Segments": [
        0,
        0,
        0,
        6.6,
        0
      ]
    },
    {
      "Target": "Parameter",
      "Id": "ParamBodyAngleX",
      "FadeInTime": -1.0,
      "FadeOutTime": -1.0,
      "Segments": [
        0,
        0,
        0,
        6.6,
        0
      ]
    },
    {
      "Target": "Parameter",
      "Id": "ParamShoulderRStretch",
      "FadeInTime": -1.0,
      "FadeOutTime": -1.0,
      "Segments": [
        0,
        0,
        0,
        6.6,
        0
      ]
    },
    {
      "Target": "Parameter",
      "Id": "ParamMouthOpenY",
      "FadeInTime": -1.0,
      "FadeOutTime": -1.0,
      "Segments": [
        0,
        0,
        0,
        6.6,
        0
      ]
    },
    {
      "Target": "Parameter",
      "Id": "ParamMouthOpenYSD",
      "FadeInTime": -1.0,
      "FadeOutTime": -1.0,
      "Segments": [
        0,
        0,
        0,
        6.6,
        0
      ]
    },
    {
      "Target": "Parameter",
      "Id": "sdParamMouthOpenY",
      "FadeInTime": -1.0,
      "FadeOutTime": -1.0,
      "Segments": [
        0,
        0,
        0,
        6.6,
        0
      ]
    },
    {
      "Target": "Parameter",
      "Id": "yayaohe",
      "FadeInTime": -1.0,
      "FadeOutTime": -1.0,
      "Segments": [
        0,
        0,
        0,
        6.6,
        0
      ]
    },
    {
      "Target": "Parameter",
      "Id": "ParamBrowRForm",
      "FadeInTime": -1.0,
      "FadeOutTime": -1.0,
      "Segments": [
        0,
        0,
        0,
        6.6,
        0
      ]
    },
    {
      "Target": "Parameter",
      "Id": "ParamEyeRSmile",
      "FadeInTime": -1.0,
      "FadeOutTime": -1.0,
      "Segments": [
        0,
        0,
        0,
        6.6,
        0
      ]
    },
    {
      "Target": "Parameter",
      "Id": "lianhong",
      "FadeInTime": -1.0,
      "FadeOutTime": -1.0,
      "Segments": [
        0,
        0,
        0,
        6.6,
        0
      ]
    },
    {
      "Target": "Parameter",
      "Id": "yjxs",
      "FadeInTime": -1.0,
      "FadeOutTime": -1.0,
      "Segments": [
        0,
        1,
        0,
        6.6,
        1
      ]
    },
    {
      "Target": "Parameter",
      "Id": "biaoq1",
      "FadeInTime": -1.0,
      "FadeOutTime": -1.0,
      "Segments": [
        0,
        0,
        0,
        6.6,
        0
      ]
    },
    {
      "Target": "Parameter",
      "Id": "lei",
      "FadeInTime": -1.0,
      "FadeOutTime": -1.0,
      "Segments": [
        0,
        0,
        0,
        6.6,
        0
      ]
    },
    {
      "Target": "Parameter",
      "Id": "huangtiaoxs",
      "FadeInTime": -1.0,
      "FadeOutTime": -1.0,
      "Segments": [
        0,
        0,
        0,
        6.6,
        0
      ]
    },
    {
      "Target": "Parameter",
      "Id": "ji",
      "FadeInTime": -1.0,
      "FadeOutTime": -1.0,
      "Segments": [
        0,
        0,
        0,
        6.6,
        0
      ]
    },
    {
      "Target": "Parameter",
      "Id": "huangtia",
      "FadeInTime": -1.0,
      "FadeOutTime": -1.0,
      "Segments": [
        0,
        0,
        0,
        6.6,
        0
      ]
    },
    {
      "Target": "Parameter",
      "Id": "sdllshang",
      "FadeInTime": -1.0,
      "FadeOutTime": -1.0,
      "Segments": [
        0,
        0,
        0,
        6.6,
        0
      ]
    },
    {
      "Target": "Parameter",
      "Id": "jixiong",
      "FadeInTime": -1.0,
      "FadeOutTime": -1.0,
      "Segments": [
        0,
        0,
        0,
        6.6,
        0
      ]
    },
    {
      "Target": "Parameter",
      "Id": "OP_physics",
      "FadeInTime": -1.0,
      "FadeOutTime": -1.0,
      "Segments": [
        0,
        0,
        0,
        6.6,
        0
      ]
    },
    {
      "Target": "Parameter",
      "Id": "fajiaodu",
      "FadeInTime": -1.0,
      "FadeOutTime": -1.0,
      "Segments": [
        0,
        0,
        0,
        6.6,
        0
      ]
    },
    {
      "Target": "Parameter",
      "Id": "ljiaoshoun",
      "FadeInTime": -1.0,
      "FadeOutTime": -1.0,
      "Segments": [
        0,
        0,
        0,
        6.6,
        0
      ]
    },
    {
      "Target": "Parameter",
      "Id": "ParamLegLStretch",
      "FadeInTime": -1.0,
      "FadeOutTime": -1.0,
      "Segments": [
        0,
        0,
        0,
        6.6,
        0
      ]
    },
    {
      "Target": "Parameter",
      "Id": "ParamCrusLAngle",
      "FadeInTime": -1.0,
      "FadeOutTime": -1.0,
      "Segments": [
        0,
        0,
        0,
        6.6,
        0
      ]
    },
    {
      "Target": "Parameter",
      "Id": "lxiaotuiq",
      "FadeInTime": -1.0,
      "FadeOutTime": -1.0,
      "Segments": [
        0,
        0,
        0,
        6.6,
        0
      ]
    },
    {
      "Target": "Parameter",
      "Id": "ldatuisuo",
      "FadeInTime": -1.0,
      "FadeOutTime": -1.0,
      "Segments": [
        0,
        0,
        0,
        6.6,
        0
      ]
    },
    {
      "Target": "Parameter",
      "Id": "ParamFooxz",
      "FadeInTime": -1.0,
      "FadeOutTime": -1.0,
      "Segments": [
        0,
        0,
        0,
        6.6,
        0
      ]
    },
    {
      "Target": "Parameter",
      "Id": "ltaijz",
      "FadeInTime": -1.0,
      "FadeOutTime": -1.0,
      "Segments": [
        0,
        0,
        0,
        6.6,
        0
      ]
    },
    {
      "Target": "Parameter",
      "Id": "ParamLegRAngle",
      "FadeInTime": -1.0,
      "FadeOutTime": -1.0,
      "Segments": [
        0,
        0,
        0,
        6.6,
        0
      ]
    },
    {
      "Target": "Parameter",
      "Id": "ParamCrusRAngle",
      "FadeInTime": -1.0,
      "FadeOutTime": -1.0,
      "Segments": [
        0,
        0,
        0,
        6.6,
        0
      ]
    },
    {
      "Target": "Parameter",
      "Id": "paishuizhu",
      "FadeInTime": -1.0,
      "FadeOutTime": -1.0,
      "Segments": [
        0,
        0,
        0,
        6.6,
        0
      ]
    },
    {
      "Target": "Parameter",
      "Id": "ldtuir1",
      "FadeInTime": -1.0,
      "FadeOutTime": -1.0,
      "Segments": [
        0,
        0,
        0,
        6.6,
        0
      ]
    },
    {
      "Target": "Parameter",
      "Id": "ldtuir2",
      "FadeInTime": -1.0,
      "FadeOutTime": -1.0,
      "Segments": [
        0,
        0,
        0,
        6.6,
        0
      ]
    },
    {
      "Target": "Parameter",
      "Id": "lxtuir1",
      "FadeInTime": -1.0,
      "FadeOutTime": -1.0,
      "Segments": [
        0,
        0,
        0,
        6.6,
        0
      ]
    },
    {
      "Target": "Parameter",
      "Id": "lxtuir2",
      "FadeInTime": -1.0,
      "FadeOutTime": -1.0,
      "Segments": [
        0,
        0,
        0,
        6.6,
        0
      ]
    },
    {
      "Target": "Parameter",
      "Id": "xinfxs",
      "FadeInTime": -1.0,
      "FadeOutTime": -1.0,
      "Segments": [
        0,
        0,
        0,
        6.6,
        0
      ]
    },
    {
      "Target": "Parameter",
      "Id": "xfxuzna",
      "FadeInTime": -1.0,
      "FadeOutTime": -1.0,
      "Segments": [
        0,
        0,
        0,
        6.6,
        0
      ]
    },
    {
      "Target": "Parameter",
      "Id": "fujiX",
      "FadeInTime": -1.0,
      "FadeOutTime": -1.0,
      "Segments": [
        0,
        0,
        0,
        6.6,
        0
      ]
    },
    {
      "Target": "Parameter",
      "Id": "fujiY",
      "FadeInTime": -1.0,
      "FadeOutTime": -1.0,
      "Segments": [
        0,
        0,
        0,
        6.6,
        0
      ]
    },
    {
      "Target": "Parameter",
      "Id": "chengqin",
      "FadeInTime": -1.0,
      "FadeOutTime": -1.0,
      "Segments": [
        0,
        0,
        0,
        6.6,
        0
      ]
    },
    {
      "Target": "Parameter",
      "Id": "yjjyd",
      "FadeInTime": -1.0,
      "FadeOutTime": -1.0,
      "Segments": [
        0,
        0,
        0,
        6.6,
        0
      ]
    },
    {
      "Target": "Parameter",
      "Id": "yjjps",
      "FadeInTime": -1.0,
      "FadeOutTime": -1.0,
      "Segments": [
        0,
        0,
        0,
        6.6,
        0
      ]
    },
    {
      "Target": "Parameter",
      "Id": "yjjdm1",
      "FadeInTime": -1.0,
      "FadeOutTime": -1.0,
      "Segments": [
        0,
        0,
        0,
        6.6,
        0
      ]
    },
    {
      "Target": "Parameter",
      "Id": "yongjingjfz",
      "FadeInTime": -1.0,
      "FadeOutTime": -1.0,
      "Segments": [
        0,
        0,
        0,
        6.6,
        0
      ]
    },
    {
      "Target": "Parameter",
      "Id": "shuiying",
      "FadeInTime": -1.0,
      "FadeOutTime": -1.0,
      "Segments": [
        0,
        0,
        0,
        6.6,
        0
      ]
    },
    {
      "Target": "Parameter",
      "Id": "zhufang",
      "FadeInTime": -1.0,
      "FadeOutTime": -1.0,
      "Segments": [
        0,
        0,
        0,
        6.6,
        0
      ]
    },
    {
      "Target": "Parameter",
      "Id": "cifanguang",
      "FadeInTime": -1.0,
      "FadeOutTime": -1.0,
      "Segments": [
        0,
        0,
        0,
        6.6,
        0
      ]
    },
    {
      "Target": "Parameter",
      "Id": "Param6",
      "FadeInTime": -1.0,
      "FadeOutTime": -1.0,
      "Segments": [
        0,
        0,
        0,
        6.6,
        0
      ]
    },
    {
      "Target": "Parameter",
      "Id": "Param7",
      "FadeInTime": -1.0,
      "FadeOutTime": -1.0,
      "Segments": [
        0,
        0,
        0,
        6.6,
        0
      ]
    },
    {
      "Target": "Parameter",
      "Id": "shuibquian",
      "FadeInTime": -1.0,
      "FadeOutTime": -1.0,
      "Segments": [
        0,
        0,
        0,
        6.6,
        0
      ]
    },
    {
      "Target": "Parameter",
      "Id": "shuibquian2",
      "FadeInTime": -1.0,
      "FadeOutTime": -1.0,
      "Segments": [
        0,
        0,
        0,
        6.6,
        0
      ]
    },
    {
      "Target": "Parameter",
      "Id": "fujicj",
      "FadeInTime": -1.0,
      "FadeOutTime": -1.0,
      "Segments": [
        0,
        0,
        0,
        6.6,
        0
      ]
    },
    {
      "Target": "Parameter",
      "Id": "fujicj2",
      "FadeInTime": -1.0,
      "FadeOutTime": -1.0,
      "Segments": [
        0,
        0,
        0,
        6.6,
        0
      ]
    },
    {
      "Target": "Parameter",
      "Id": "fujidm",
      "FadeInTime": -1.0,
      "FadeOutTime": -1.0,
      "Segments": [
        0,
        0,
        0,
        6.6,
        0
      ]
    },
    {
      "Target": "Parameter",
      "Id": "fujidm2",
      "FadeInTime": -1.0,
      "FadeOutTime": -1.0,
      "Segments": [
        0,
        0,
        0,
        6.6,
        0
      ]
    },
    {
      "Target": "Parameter",
      "Id": "baibiand",
      "FadeInTime": -1.0,
      "FadeOutTime": -1.0,
      "Segments": [
        0,
        0,
        0,
        6.6,
        0
      ]
    },
    {
      "Target": "Parameter",
      "Id": "jichi",
      "FadeInTime": -1.0,
      "FadeOutTime": -1.0,
      "Segments": [
        0,
        0,
        0,
        6.6,
        0
      ]
    },
    {
      "Target": "Parameter",
      "Id": "tjihx",
      "FadeInTime": -1.0,
      "FadeOutTime": -1.0,
      "Segments": [
        0,
        0,
        0,
        6.6,
        0
      ]
    },
    {
      "Target": "Parameter",
      "Id": "shuibqys",
      "FadeInTime": -1.0,
      "FadeOutTime": -1.0,
      "Segments": [
        0,
        0,
        0,
        6.6,
        0
      ]
    },
    {
      "Target": "Parameter",
      "Id": "Param3",
      "FadeInTime": -1.0,
      "FadeOutTime": -1.0,
      "Segments": [
        0,
        0,
        0,
        6.6,
        0
      ]
    },
    {
      "Target": "Parameter",
      "Id": "Param5",
      "FadeInTime": -1.0,
      "FadeOutTime": -1.0,
      "Segments": [
        0,
        0,
        0,
        6.6,
        0
      ]
    },
    {
      "Target": "Parameter",
      "Id": "lalian",
      "FadeInTime": -1.0,
      "FadeOutTime": -1.0,
      "Segments": [
        0,
        0,
        0,
        6.6,
        0
      ]
    },
    {
      "Target": "Parameter",
      "Id": "lxbgs",
      "FadeInTime": -1.0,
      "FadeOutTime": -1.0,
      "Segments": [
        0,
        0,
        0,
        6.6,
        0
      ]
    },
    {
      "Target": "Parameter",
      "Id": "ParamEyeLGG",
      "FadeInTime": -1.0,
      "FadeOutTime": -1.0,
      "Segments": [
        0,
        0,
        0,
        6.6,
        0
      ]
    },
    {
      "Target": "Parameter",
      "Id": "NULL4",
      "FadeInTime": -1.0,
      "FadeOutTime": -1.0,
      "Segments": [
        0,
        0,
        0,
        6.6,
        0
      ]
    },
    {
      "Target": "Parameter",
      "Id": "NULL5",
      "FadeInTime": -1.0,
      "FadeOutTime": -1.0,
      "Segments": [
        0,
        0,
        0,
        6.6,
        0
      ]
    },
    {
      "Target": "Parameter",
      "Id": "NULL6",
      "FadeInTime": -1.0,
      "FadeOutTime": -1.0,
      "Segments": [
        0,
        0,
        0,
        6.6,
        0
      ]
    },
    {
      "Target": "Parameter",
      "Id": "ParamEyeLOpen",
      "FadeInTime": -1.0,
      "FadeOutTime": -1.0,
      "Segments": [
        0,
        1,
        0,
        6.6,
        1
      ]
    },
    {
      "Target": "Parameter",
      "Id": "ParamEyeLSmile",
      "FadeInTime": -1.0,
      "FadeOutTime": -1.0,
      "Segments": [
        0,
        0,
        0,
        6.6,
        0
      ]
    },
    {
      "Target": "Parameter",
      "Id": "ParamBrowLForm",
      "FadeInTime": -1.0,
      "FadeOutTime": -1.0,
      "Segments": [
        0,
        0,
        0,
        6.6,
        0
      ]
    },
    {
      "Target": "Parameter",
      "Id": "ParamBrowRAngle",
      "FadeInTime": -1.0,
      "FadeOutTime": -1.0,
      "Segments": [
        0,
        0,
        0,
        6.6,
        0
      ]
    },
    {
      "Target": "Parameter",
      "Id": "ParamBodyAngleY",
      "FadeInTime": -1.0,
      "FadeOutTime": -1.0,
      "Segments": [
        0,
        0,
        0,
        6.6,
        0
      ]
    },
    {
      "Target": "Parameter",
      "Id": "ParamBrowLY",
      "FadeInTime": -1.0,
      "FadeOutTime": -1.0,
      "Segments": [
        0,
        0,
        0,
        6.6,
        0
      ]
    },
    {
      "Target": "Parameter",
      "Id": "ParamBrowLX",
      "FadeInTime": -1.0,
      "FadeOutTime": -1.0,
      "Segments": [
        0,
        0,
        0,
        6.6,
        0
      ]
    },
    {
      "Target": "Parameter",
      "Id": "ParamBrowLAngle",
      "FadeInTime": -1.0,
      "FadeOutTime": -1.0,
      "Segments": [
        0,
        0,
        0,
        6.6,
        0
      ]
    },
    {
      "Target": "Parameter",
      "Id": "ParamBrowRY",
      "FadeInTime": -1.0,
      "FadeOutTime": -1.0,
      "Segments": [
        0,
        0,
        0,
        6.6,
        0
      ]
    },
    {
      "Target": "Parameter",
      "Id": "ParamBrowRX",
      "FadeInTime": -1.0,
      "FadeOutTime": -1.0,
      "Segments": [
        0,
        0,
        0,
        6.6,
        0
      ]
    },
    {
      "Target": "Parameter",
      "Id": "ParamBreath",
      "FadeInTime": -1.0,
      "FadeOutTime": -1.0,
      "Segments": [
        0,
        0,
        0,
        6.6,
        0
      ]
    }
  ],
  "UserData": [
    {
      "Time": 0.0,
      "Value": ""
    },
    {
      "Time": 6.1,
      "Value": ""
    }
  ]
}