{
  "Version": 3,
  "Meta": {
    "Duration": 5.367,
    "Fps": 30.0,
    "Loop": true,
    "AreBeziersRestricted": true,
    "FadeInTime": 0.0,
    "FadeOutTime": 0.0,
    "CurveCount": 229,
    "TotalSegmentCount": 1025,
    "TotalPointCount": 1213,
    "UserDataCount": 2,
    "TotalUserDataSize": 0
  },
  "Curves": [
    {
      "Target": "Parameter",
      "Id": "ParamArmLAngle",
      "FadeInTime": -1.0,
      "FadeOutTime": -1.0,
      "Segments": [
        0,
        0,
        2,
        0.333,
        0,
        0,
        0.7,
        -1.08,
        0,
        1.267,
        4.376,
        2,
        1.8,
        4.376,
        0,
        2.8,
        -4,
        2,
        3.767,
        -4,
        0,
        4.5,
        1.86,
        0,
        5,
        0,
        2,
        5.367,
        0
      ]
    },
    {
      "Target": "Parameter",
      "Id": "ParamForearmLAngle",
      "FadeInTime": -1.0,
      "FadeOutTime": -1.0,
      "Segments": [
        0,
        0,
        2,
        0.333,
        0,
        2,
        0.8,
        0,
        0,
        1.367,
        1.375,
        1,
        1.545,
        1.375,
        1.722,
        1.145,
        1.9,
        0.595,
        1,
        2.233,
        -0.436,
        2.567,
        -1,
        2.9,
        -1,
        2,
        3.767,
        -1,
        0,
        4.5,
        -2.22,
        0,
        5,
        0,
        2,
        5.367,
        0
      ]
    },
    {
      "Target": "Parameter",
      "Id": "ParamForearmLStretch",
      "FadeInTime": -1.0,
      "FadeOutTime": -1.0,
      "Segments": [
        0,
        0,
        2,
        0.333,
        0,
        2,
        0.8,
        0,
        0,
        1.367,
        -7,
        2,
        1.9,
        -7,
        2,
        3.767,
        -7,
        0,
        4.5,
        0,
        2,
        5,
        0,
        2,
        5.367,
        0
      ]
    },
    {
      "Target": "Parameter",
      "Id": "ParamHandLAngle",
      "FadeInTime": -1.0,
      "FadeOutTime": -1.0,
      "Segments": [
        0,
        0,
        2,
        0.333,
        0,
        2,
        0.9,
        0,
        0,
        1.467,
        2.34,
        0,
        2,
        -0.78,
        0,
        2.9,
        4.26,
        2,
        3.767,
        4.26,
        0,
        4.5,
        -1.8,
        0,
        5,
        0,
        2,
        5.367,
        0
      ]
    },
    {
      "Target": "Parameter",
      "Id": "lyuanshouz",
      "FadeInTime": -1.0,
      "FadeOutTime": -1.0,
      "Segments": [
        0,
        0,
        2,
        0.333,
        0,
        2,
        0.7,
        0,
        0,
        1.467,
        -21,
        2,
        1.8,
        -21,
        0,
        2.8,
        -5,
        2,
        3.767,
        -5,
        0,
        4.5,
        0,
        2,
        5,
        0,
        2,
        5.367,
        0
      ]
    },
    {
      "Target": "Parameter",
      "Id": "lyuanshoumz2",
      "FadeInTime": -1.0,
      "FadeOutTime": -1.0,
      "Segments": [
        0,
        0,
        2,
        0.333,
        0,
        2,
        0.7,
        0,
        0,
        1.267,
        30,
        2,
        1.8,
        30,
        0,
        2.8,
        0,
        2,
        3.767,
        0,
        2,
        4.5,
        0,
        2,
        5,
        0,
        2,
        5.367,
        0
      ]
    },
    {
      "Target": "Parameter",
      "Id": "lyuanshoumz3",
      "FadeInTime": -1.0,
      "FadeOutTime": -1.0,
      "Segments": [
        0,
        0,
        2,
        0.4,
        0,
        0,
        0.767,
        1.164,
        0,
        2.9,
        -11.636,
        2,
        2.967,
        -11.636,
        2,
        3.867,
        -11.636,
        0,
        4.5,
        1.958,
        0,
        4.933,
        0,
        2,
        5.367,
        0
      ]
    },
    {
      "Target": "Parameter",
      "Id": "ljianfbz1",
      "FadeInTime": -1.0,
      "FadeOutTime": -1.0,
      "Segments": [
        0,
        0,
        2,
        0.333,
        0,
        1,
        0.455,
        0,
        0.578,
        -0.377,
        0.7,
        2,
        1,
        0.889,
        5.674,
        1.078,
        15,
        1.267,
        15,
        1,
        1.445,
        15,
        1.622,
        12.693,
        1.8,
        11,
        1,
        2.133,
        7.825,
        2.467,
        4.826,
        2.8,
        3,
        1,
        3.122,
        1.235,
        3.445,
        1,
        3.767,
        1,
        0,
        4.5,
        7,
        0,
        5,
        0,
        2,
        5.367,
        0
      ]
    },
    {
      "Target": "Parameter",
      "Id": "ljianfbz2",
      "FadeInTime": -1.0,
      "FadeOutTime": -1.0,
      "Segments": [
        0,
        0,
        2,
        0.333,
        0,
        0,
        0.7,
        12,
        1,
        0.889,
        12,
        1.078,
        8.784,
        1.267,
        6,
        1,
        1.445,
        3.379,
        1.622,
        3,
        1.8,
        3,
        1,
        2.133,
        3,
        2.467,
        5.194,
        2.8,
        8.44,
        1,
        2.978,
        10.171,
        3.155,
        10.613,
        3.333,
        10.613,
        1,
        3.478,
        10.613,
        3.622,
        10.3,
        3.767,
        8.94,
        1,
        4.011,
        6.639,
        4.256,
        2.559,
        4.5,
        1,
        1,
        4.667,
        -0.063,
        4.833,
        0,
        5,
        0,
        2,
        5.367,
        0
      ]
    },
    {
      "Target": "Parameter",
      "Id": "lshouyX",
      "FadeInTime": -1.0,
      "FadeOutTime": -1.0,
      "Segments": [
        0,
        0,
        2,
        0.333,
        0,
        0,
        1.167,
        30,
        1,
        1.522,
        30,
        1.878,
        25.819,
        2.233,
        15.62,
        1,
        2.289,
        14.026,
        2.344,
        8.44,
        2.4,
        7,
        1,
        2.456,
        5.56,
        2.511,
        4.193,
        2.567,
        4,
        1,
        3.378,
        1.188,
        4.189,
        0,
        5,
        0,
        2,
        5.367,
        0
      ]
    },
    {
      "Target": "Parameter",
      "Id": "lshouyY",
      "FadeInTime": -1.0,
      "FadeOutTime": -1.0,
      "Segments": [
        0,
        0,
        2,
        0.333,
        0,
        0,
        1.167,
        30,
        1,
        1.522,
        30,
        1.878,
        23.616,
        2.233,
        8.7,
        1,
        2.289,
        6.369,
        2.344,
        -0.118,
        2.4,
        -2,
        1,
        2.456,
        -3.882,
        2.511,
        -4,
        2.567,
        -4,
        0,
        5,
        0,
        2,
        5.367,
        0
      ]
    },
    {
      "Target": "Parameter",
      "Id": "lshouyingxs",
      "FadeInTime": -1.0,
      "FadeOutTime": -1.0,
      "Segments": [
        0,
        0,
        2,
        0.333,
        0,
        2,
        0.967,
        0,
        0,
        1.167,
        30,
        2,
        2.233,
        30,
        0,
        2.567,
        0,
        2,
        5,
        0,
        2,
        5.367,
        0
      ]
    },
    {
      "Target": "Parameter",
      "Id": "souqianfcji",
      "FadeInTime": -1.0,
      "FadeOutTime": -1.0,
      "Segments": [
        0,
        0,
        2,
        0.333,
        0,
        2,
        0.7,
        0,
        2,
        1.267,
        0,
        2,
        1.8,
        0,
        0,
        2.8,
        30,
        2,
        3.767,
        30,
        0,
        4.5,
        0,
        2,
        5,
        0,
        2,
        5.367,
        0
      ]
    },
    {
      "Target": "Parameter",
      "Id": "shouqfsd1",
      "FadeInTime": -1.0,
      "FadeOutTime": -1.0,
      "Segments": [
        0,
        0,
        2,
        0.333,
        0,
        0,
        0.7,
        -3,
        1,
        0.889,
        -3,
        1.078,
        12.327,
        1.267,
        15,
        1,
        1.434,
        17.358,
        1.6,
        17,
        1.767,
        17,
        0,
        2.233,
        3.5,
        0,
        2.667,
        12,
        0,
        3.567,
        6,
        0,
        4.033,
        9,
        1,
        4.189,
        9,
        4.344,
        6.831,
        4.5,
        4,
        1,
        4.667,
        0.967,
        4.833,
        0,
        5,
        0,
        2,
        5.367,
        0
      ]
    },
    {
      "Target": "Parameter",
      "Id": "shouqfh2",
      "FadeInTime": -1.0,
      "FadeOutTime": -1.0,
      "Segments": [
        0,
        0,
        2,
        0.333,
        0,
        0,
        0.8,
        -15,
        0,
        1.367,
        -5,
        0,
        1.867,
        -13,
        0,
        2.333,
        -5,
        0,
        2.767,
        -14,
        0,
        3.233,
        16,
        0,
        3.667,
        -15,
        0,
        4.133,
        14,
        0,
        4.6,
        -12,
        0,
        5,
        0,
        2,
        5.367,
        0
      ]
    },
    {
      "Target": "Parameter",
      "Id": "shouqfh3",
      "FadeInTime": -1.0,
      "FadeOutTime": -1.0,
      "Segments": [
        0,
        0,
        2,
        0.333,
        0,
        0,
        0.9,
        -17,
        0,
        1.467,
        -6,
        0,
        1.967,
        -15,
        0,
        2.433,
        -6,
        0,
        2.867,
        -14,
        0,
        3.333,
        15,
        0,
        3.767,
        -16,
        0,
        4.233,
        15,
        0,
        4.633,
        -12,
        0,
        5,
        0,
        2,
        5.367,
        0
      ]
    },
    {
      "Target": "Parameter",
      "Id": "lxbgs2",
      "FadeInTime": -1.0,
      "FadeOutTime": -1.0,
      "Segments": [
        0,
        0,
        0,
        0.5,
        30,
        2,
        4.867,
        30,
        0,
        5.367,
        0
      ]
    },
    {
      "Target": "Parameter",
      "Id": "ParamArmRAngle",
      "FadeInTime": -1.0,
      "FadeOutTime": -1.0,
      "Segments": [
        0,
        0,
        2,
        0.333,
        0,
        0,
        1.367,
        -30,
        0,
        1.733,
        -27.475,
        0,
        2.033,
        -28.075,
        1,
        2.289,
        -28.075,
        2.544,
        -15.591,
        2.8,
        -14.38,
        1,
        3.122,
        -12.853,
        3.445,
        -13,
        3.767,
        -13,
        0,
        4.5,
        -13.2,
        0,
        5,
        0,
        2,
        5.367,
        0
      ]
    },
    {
      "Target": "Parameter",
      "Id": "ParamArmRStretch",
      "FadeInTime": -1.0,
      "FadeOutTime": -1.0,
      "Segments": [
        0,
        0,
        2,
        0.333,
        0,
        0,
        1.367,
        7,
        2,
        2.033,
        7,
        0,
        2.8,
        25,
        2,
        3.767,
        25,
        0,
        4.5,
        0,
        2,
        5,
        0,
        2,
        5.367,
        0
      ]
    },
    {
      "Target": "Parameter",
      "Id": "ParamForearmRAngle",
      "FadeInTime": -1.0,
      "FadeOutTime": -1.0,
      "Segments": [
        0,
        0,
        2,
        0.333,
        0,
        0,
        0.867,
        1.403,
        0,
        1.467,
        -9.08,
        0,
        1.833,
        -6.981,
        2,
        2.133,
        -6.981,
        1,
        2.389,
        -6.981,
        2.644,
        -0.566,
        2.9,
        -0.08,
        1,
        3.222,
        0.533,
        3.545,
        0.546,
        3.867,
        1,
        1,
        4.078,
        1.297,
        4.289,
        1.74,
        4.5,
        1.74,
        0,
        5,
        0,
        2,
        5.367,
        0
      ]
    },
    {
      "Target": "Parameter",
      "Id": "ParamHandRStretch",
      "FadeInTime": -1.0,
      "FadeOutTime": -1.0,
      "Segments": [
        0,
        0,
        2,
        0.333,
        0,
        0,
        1.467,
        -17,
        0,
        1.833,
        -15.981,
        2,
        2.133,
        -15.981,
        0,
        2.9,
        -8,
        2,
        3.867,
        -8,
        0,
        4.5,
        0,
        2,
        5,
        0,
        2,
        5.367,
        0
      ]
    },
    {
      "Target": "Parameter",
      "Id": "ParamHandRAngle",
      "FadeInTime": -1.0,
      "FadeOutTime": -1.0,
      "Segments": [
        0,
        0,
        2,
        0.333,
        0,
        1,
        0.411,
        0,
        0.489,
        -4.602,
        0.567,
        -5,
        1,
        0.9,
        -6.706,
        1.234,
        -7.14,
        1.567,
        -7.14,
        0,
        1.933,
        -3.398,
        1,
        2.033,
        -3.398,
        2.133,
        -6.525,
        2.233,
        -11.498,
        1,
        2.489,
        -24.207,
        2.744,
        -30,
        3,
        -30,
        2,
        3.967,
        -30,
        0,
        4.5,
        0,
        2,
        5,
        0,
        2,
        5.367,
        0
      ]
    },
    {
      "Target": "Parameter",
      "Id": "rshanbitf",
      "FadeInTime": -1.0,
      "FadeOutTime": -1.0,
      "Segments": [
        0,
        0,
        2,
        0.333,
        0,
        2,
        0.567,
        0,
        0,
        0.833,
        1,
        2,
        1.367,
        1,
        2,
        1.733,
        1,
        2,
        1.967,
        1,
        2,
        3.767,
        1,
        0,
        4.5,
        0,
        2,
        5,
        0,
        2,
        5.367,
        0
      ]
    },
    {
      "Target": "Parameter",
      "Id": "ParamForearmRLayer",
      "FadeInTime": -1.0,
      "FadeOutTime": -1.0,
      "Segments": [
        0,
        0,
        2,
        0.333,
        0,
        2,
        0.833,
        0,
        0,
        0.867,
        -30,
        2,
        1.367,
        -30,
        2,
        1.733,
        -30,
        2,
        1.967,
        -30,
        2,
        3.767,
        -30,
        2,
        4.167,
        -30,
        0,
        4.367,
        0,
        2,
        5,
        0,
        2,
        5.367,
        0
      ]
    },
    {
      "Target": "Parameter",
      "Id": "ParamHandRREDisplay",
      "FadeInTime": -1.0,
      "FadeOutTime": -1.0,
      "Segments": [
        0,
        30,
        2,
        0.333,
        30,
        2,
        1.733,
        30,
        2,
        1.967,
        30,
        2,
        2.367,
        30,
        0,
        2.533,
        0,
        2,
        4.033,
        0,
        0,
        4.167,
        30,
        2,
        4.367,
        30,
        2,
        4.5,
        30,
        2,
        5,
        30,
        2,
        5.367,
        30
      ]
    },
    {
      "Target": "Parameter",
      "Id": "ParamHandR2Display",
      "FadeInTime": -1.0,
      "FadeOutTime": -1.0,
      "Segments": [
        0,
        0,
        2,
        0.333,
        0,
        2,
        1.733,
        0,
        2,
        1.967,
        0,
        2,
        2.367,
        0,
        0,
        2.467,
        30,
        2,
        4.033,
        30,
        0,
        4.267,
        0,
        2,
        4.5,
        0,
        2,
        5,
        0,
        2,
        5.367,
        0
      ]
    },
    {
      "Target": "Parameter",
      "Id": "youshouj",
      "FadeInTime": -1.0,
      "FadeOutTime": -1.0,
      "Segments": [
        0,
        0,
        2,
        0.333,
        0,
        0,
        1.367,
        -30,
        0,
        1.733,
        -25.47,
        2,
        1.967,
        -25.47,
        0,
        2.8,
        10,
        2,
        3.767,
        10,
        0,
        4.1,
        24,
        0,
        4.5,
        0,
        2,
        5,
        0,
        2,
        5.367,
        0
      ]
    },
    {
      "Target": "Parameter",
      "Id": "rshizhi",
      "FadeInTime": -1.0,
      "FadeOutTime": -1.0,
      "Segments": [
        0,
        0,
        2,
        0.333,
        0,
        1,
        0.411,
        0,
        0.489,
        2.877,
        0.567,
        9,
        1,
        0.667,
        16.872,
        0.767,
        21,
        0.867,
        21,
        0,
        1.367,
        -25,
        0,
        1.733,
        -21.149,
        2,
        1.967,
        -21.149,
        0,
        2.8,
        9,
        2,
        3.767,
        9,
        0,
        4.1,
        30,
        1,
        4.233,
        30,
        4.367,
        22.986,
        4.5,
        19,
        1,
        4.589,
        16.343,
        4.678,
        16.561,
        4.767,
        14,
        1,
        4.845,
        11.759,
        4.922,
        0,
        5,
        0,
        2,
        5.367,
        0
      ]
    },
    {
      "Target": "Parameter",
      "Id": "szlayongjxs",
      "FadeInTime": -1.0,
      "FadeOutTime": -1.0,
      "Segments": [
        0,
        0,
        2,
        0.333,
        0,
        0,
        0.567,
        1,
        2,
        1.367,
        1,
        2,
        1.733,
        1,
        2,
        1.967,
        1,
        2,
        3.767,
        1,
        2,
        4.1,
        1,
        2,
        4.5,
        1,
        2,
        4.767,
        1,
        0,
        5,
        0,
        2,
        5.367,
        0
      ]
    },
    {
      "Target": "Parameter",
      "Id": "layongjxs2",
      "FadeInTime": -1.0,
      "FadeOutTime": -1.0,
      "Segments": [
        0,
        0,
        2,
        0.333,
        0,
        0,
        0.567,
        1,
        0,
        1.367,
        0,
        2,
        1.733,
        0,
        2,
        1.967,
        0,
        2,
        3.767,
        0,
        2,
        4.1,
        0,
        0,
        4.5,
        1,
        2,
        4.767,
        1,
        0,
        5,
        0,
        2,
        5.367,
        0
      ]
    },
    {
      "Target": "Parameter",
      "Id": "yjdaixs",
      "FadeInTime": -1.0,
      "FadeOutTime": -1.0,
      "Segments": [
        0,
        0,
        2,
        0.333,
        0,
        2,
        0.6,
        0,
        0,
        0.8,
        1,
        2,
        1.367,
        1,
        2,
        1.733,
        1,
        2,
        1.967,
        1,
        2,
        3.767,
        1,
        2,
        4.1,
        1,
        0,
        4.5,
        0,
        2,
        5,
        0,
        2,
        5.367,
        0
      ]
    },
    {
      "Target": "Parameter",
      "Id": "yongjlx",
      "FadeInTime": -1.0,
      "FadeOutTime": -1.0,
      "Segments": [
        0,
        0,
        2,
        0.333,
        0,
        1,
        0.411,
        0,
        0.489,
        -0.048,
        0.567,
        5,
        1,
        0.634,
        9.327,
        0.7,
        30,
        0.767,
        30,
        2,
        1.733,
        30,
        2,
        1.967,
        30,
        2,
        3.767,
        30,
        2,
        4.1,
        30,
        2,
        4.5,
        30,
        1,
        4.589,
        30,
        4.678,
        16.651,
        4.767,
        8,
        1,
        4.845,
        0.43,
        4.922,
        0,
        5,
        0,
        2,
        5.367,
        0
      ]
    },
    {
      "Target": "Parameter",
      "Id": "sdyjd1",
      "FadeInTime": -1.0,
      "FadeOutTime": -1.0,
      "Segments": [
        0,
        0,
        2,
        0.333,
        0,
        0,
        0.567,
        -30,
        0,
        0.633,
        0,
        2,
        1.367,
        0,
        2,
        1.733,
        0,
        2,
        1.967,
        0,
        2,
        3.767,
        0,
        2,
        4.1,
        0,
        0,
        4.5,
        -30,
        1,
        4.589,
        -30,
        4.678,
        -29.951,
        4.767,
        -24,
        1,
        4.845,
        -18.793,
        4.922,
        0,
        5,
        0,
        2,
        5.367,
        0
      ]
    },
    {
      "Target": "Parameter",
      "Id": "sdyjd2",
      "FadeInTime": -1.0,
      "FadeOutTime": -1.0,
      "Segments": [
        0,
        0,
        2,
        0.333,
        0,
        0,
        0.567,
        -3,
        0,
        0.633,
        0,
        2,
        1.367,
        0,
        2,
        1.733,
        0,
        2,
        1.967,
        0,
        2,
        3.767,
        0,
        2,
        4.1,
        0,
        0,
        4.5,
        -3,
        1,
        4.589,
        -3,
        4.678,
        -1.985,
        4.767,
        -1,
        1,
        4.845,
        -0.138,
        4.922,
        0,
        5,
        0,
        2,
        5.367,
        0
      ]
    },
    {
      "Target": "Parameter",
      "Id": "ParamAngleX",
      "FadeInTime": -1.0,
      "FadeOutTime": -1.0,
      "Segments": [
        0,
        0,
        2,
        0.333,
        0,
        0,
        0.867,
        -3,
        1,
        0.978,
        -3,
        1.089,
        -2.548,
        1.2,
        2,
        1,
        1.333,
        7.458,
        1.467,
        14.4,
        1.6,
        14.4,
        0,
        2,
        1,
        0,
        3,
        19,
        2,
        3.967,
        19,
        0,
        4.5,
        0,
        2,
        5,
        0,
        2,
        5.367,
        0
      ]
    },
    {
      "Target": "Parameter",
      "Id": "ParamAngleY",
      "FadeInTime": -1.0,
      "FadeOutTime": -1.0,
      "Segments": [
        0,
        0,
        2,
        0.433,
        0,
        0,
        0.967,
        -11,
        0,
        1.3,
        8,
        0,
        2.1,
        7,
        0,
        2.5,
        22.752,
        0,
        3.1,
        -16.46,
        1,
        3.244,
        -16.46,
        3.389,
        -0.971,
        3.533,
        1.307,
        1,
        3.711,
        4.11,
        3.889,
        4,
        4.067,
        4,
        0,
        4.5,
        -12,
        0,
        5,
        0,
        2,
        5.367,
        0
      ]
    },
    {
      "Target": "Parameter",
      "Id": "ParamAngleZ",
      "FadeInTime": -1.0,
      "FadeOutTime": -1.0,
      "Segments": [
        0,
        0,
        2,
        0.333,
        0,
        0,
        0.867,
        -7,
        0,
        1.2,
        16,
        0,
        2,
        -3,
        0,
        3,
        23,
        1,
        3.322,
        23,
        3.645,
        22.198,
        3.967,
        16,
        1,
        4.145,
        12.581,
        4.322,
        0,
        4.5,
        0,
        2,
        5,
        0,
        2,
        5.367,
        0
      ]
    },
    {
      "Target": "Parameter",
      "Id": "ParamBodyAngleX",
      "FadeInTime": -1.0,
      "FadeOutTime": -1.0,
      "Segments": [
        0,
        0,
        2,
        0.333,
        0,
        0,
        0.767,
        -2,
        1,
        0.878,
        -2,
        0.989,
        1.625,
        1.1,
        2,
        1,
        1.367,
        2.9,
        1.633,
        2.66,
        1.9,
        4,
        1,
        2.233,
        5.675,
        2.567,
        20,
        2.9,
        20,
        2,
        3.867,
        20,
        0,
        4.5,
        -3.36,
        0,
        5,
        0,
        2,
        5.367,
        0
      ]
    },
    {
      "Target": "Parameter",
      "Id": "SHENTIY",
      "FadeInTime": -1.0,
      "FadeOutTime": -1.0,
      "Segments": [
        0,
        0,
        2,
        0.333,
        0,
        0,
        0.767,
        -3,
        1,
        0.878,
        -3,
        0.989,
        3.581,
        1.1,
        5,
        1,
        1.367,
        8.406,
        1.633,
        9,
        1.9,
        9,
        0,
        2.9,
        -30,
        0,
        3.333,
        -26.94,
        0,
        3.867,
        -28,
        1,
        4.078,
        -28,
        4.289,
        -5.129,
        4.5,
        -1.98,
        1,
        4.667,
        0.506,
        4.833,
        0,
        5,
        0,
        2,
        5.367,
        0
      ]
    },
    {
      "Target": "Parameter",
      "Id": "QUANTIX",
      "FadeInTime": -1.0,
      "FadeOutTime": -1.0,
      "Segments": [
        0,
        0,
        2,
        0.333,
        0,
        2,
        1.9,
        0,
        0,
        2.9,
        2,
        2,
        3.867,
        2,
        0,
        4.5,
        -0.72,
        0,
        5,
        0,
        2,
        5.367,
        0
      ]
    },
    {
      "Target": "Parameter",
      "Id": "QUANTIY",
      "FadeInTime": -1.0,
      "FadeOutTime": -1.0,
      "Segments": [
        0,
        0,
        2,
        0.333,
        0,
        2,
        1.9,
        0,
        0,
        2.9,
        0.58,
        2,
        3.867,
        0.58,
        0,
        4.5,
        0,
        2,
        5,
        0,
        2,
        5.367,
        0
      ]
    },
    {
      "Target": "Parameter",
      "Id": "ParamChestZ",
      "FadeInTime": -1.0,
      "FadeOutTime": -1.0,
      "Segments": [
        0,
        0,
        2,
        0.333,
        0,
        0,
        0.8,
        -4.44,
        0,
        1.4,
        4,
        1,
        1.567,
        4,
        1.733,
        0.885,
        1.9,
        0,
        1,
        2.233,
        -1.769,
        2.567,
        -2,
        2.9,
        -2,
        2,
        3.867,
        -2,
        0,
        4.5,
        -5.34,
        0,
        5,
        0,
        2,
        5.367,
        0
      ]
    },
    {
      "Target": "Parameter",
      "Id": "ParamWaistZ",
      "FadeInTime": -1.0,
      "FadeOutTime": -1.0,
      "Segments": [
        0,
        0,
        2,
        0.333,
        0,
        0,
        0.7,
        -1.32,
        0,
        1.3,
        6,
        0,
        1.8,
        0,
        0,
        2.8,
        19,
        2,
        3.767,
        19,
        0,
        4.5,
        -4.02,
        0,
        5,
        0,
        2,
        5.367,
        0
      ]
    },
    {
      "Target": "Parameter",
      "Id": "ParamShoulderLStretch",
      "FadeInTime": -1.0,
      "FadeOutTime": -1.0,
      "Segments": [
        0,
        0,
        2,
        0.333,
        0,
        0,
        0.7,
        21,
        0,
        1.8,
        0,
        2,
        3.767,
        0,
        2,
        4.5,
        0,
        2,
        5,
        0,
        2,
        5.367,
        0
      ]
    },
    {
      "Target": "Parameter",
      "Id": "ParamShoulderRStretch",
      "FadeInTime": -1.0,
      "FadeOutTime": -1.0,
      "Segments": [
        0,
        0,
        2,
        0.333,
        0,
        2,
        0.867,
        0,
        0,
        1.8,
        -30,
        0,
        2.8,
        0,
        2,
        3.767,
        0,
        2,
        4.5,
        0,
        2,
        5,
        0,
        2,
        5.367,
        0
      ]
    },
    {
      "Target": "Parameter",
      "Id": "shentihuxi",
      "FadeInTime": -1.0,
      "FadeOutTime": -1.0,
      "Segments": [
        0,
        0,
        2,
        0.333,
        0,
        0,
        0.667,
        -9,
        0,
        1,
        7,
        1,
        1.267,
        7,
        1.533,
        6.196,
        1.8,
        3,
        1,
        1.922,
        1.535,
        2.045,
        -4.072,
        2.167,
        -5,
        1,
        2.4,
        -6.772,
        2.634,
        -7,
        2.867,
        -7,
        0,
        3.333,
        2,
        1,
        3.478,
        2,
        3.622,
        -0.302,
        3.767,
        -2,
        1,
        3.978,
        -4.482,
        4.189,
        -5,
        4.4,
        -5,
        0,
        5,
        0,
        2,
        5.367,
        0
      ]
    },
    {
      "Target": "Parameter",
      "Id": "ParamMouthForm",
      "FadeInTime": -1.0,
      "FadeOutTime": -1.0,
      "Segments": [
        0,
        0,
        2,
        0.333,
        0,
        0,
        0.533,
        0.3,
        0,
        0.667,
        0.1,
        0,
        0.8,
        0.3,
        1,
        0.856,
        0.3,
        0.911,
        -0.057,
        0.967,
        -0.2,
        1,
        1.011,
        -0.314,
        1.056,
        -0.3,
        1.1,
        -0.3,
        1,
        1.156,
        -0.3,
        1.211,
        -0.284,
        1.267,
        -0.257,
        1,
        1.445,
        -0.17,
        1.622,
        -0.088,
        1.8,
        0,
        1,
        2.067,
        0.131,
        2.333,
        0.2,
        2.6,
        0.2,
        0,
        2.733,
        -0.3,
        0,
        2.867,
        0.5,
        0,
        3,
        -0.4,
        0,
        3.167,
        0.2,
        0,
        3.767,
        0,
        2,
        4.5,
        0,
        2,
        5,
        0,
        2,
        5.367,
        0
      ]
    },
    {
      "Target": "Parameter",
      "Id": "koudaxiao",
      "FadeInTime": -1.0,
      "FadeOutTime": -1.0,
      "Segments": [
        0,
        0,
        2,
        0.333,
        0,
        2,
        0.533,
        0,
        0,
        0.667,
        -0.1,
        1,
        0.711,
        -0.1,
        0.756,
        -0.101,
        0.8,
        -0.096,
        1,
        0.856,
        -0.09,
        0.911,
        -0.066,
        0.967,
        -0.066,
        0,
        1.1,
        -0.2,
        0,
        1.267,
        0,
        2,
        1.8,
        0,
        1,
        2.067,
        0,
        2.333,
        -0.024,
        2.6,
        -0.1,
        1,
        2.644,
        -0.113,
        2.689,
        -0.2,
        2.733,
        -0.2,
        0,
        2.867,
        0,
        2,
        3,
        0,
        0,
        3.167,
        -0.2,
        0,
        3.767,
        0,
        2,
        4.5,
        0,
        2,
        5,
        0,
        2,
        5.367,
        0
      ]
    },
    {
      "Target": "Parameter",
      "Id": "ParamEyeROpen",
      "FadeInTime": -1.0,
      "FadeOutTime": -1.0,
      "Segments": [
        0,
        1,
        2,
        0.333,
        1,
        0,
        0.7,
        0,
        0,
        1.1,
        1.1,
        1,
        1.333,
        1.1,
        1.567,
        1.045,
        1.8,
        0.9,
        1,
        1.878,
        0.852,
        1.955,
        0.8,
        2.033,
        0.8,
        2,
        2.267,
        0.8,
        0,
        2.467,
        0,
        0,
        2.667,
        1,
        2,
        3.767,
        1,
        0,
        4.1,
        0,
        0,
        4.5,
        1,
        2,
        5,
        1,
        2,
        5.367,
        1
      ]
    },
    {
      "Target": "Parameter",
      "Id": "ParamEyeBallX",
      "FadeInTime": -1.0,
      "FadeOutTime": -1.0,
      "Segments": [
        0,
        0,
        2,
        0.333,
        0,
        2,
        1.8,
        0,
        0,
        2.033,
        -0.3,
        2,
        2.267,
        -0.3,
        0,
        2.467,
        -0.2,
        2,
        3.767,
        -0.2,
        0,
        4.5,
        0,
        2,
        5,
        0,
        2,
        5.367,
        0
      ]
    },
    {
      "Target": "Parameter",
      "Id": "ParamEyeBallY",
      "FadeInTime": -1.0,
      "FadeOutTime": -1.0,
      "Segments": [
        0,
        0,
        2,
        0.333,
        0,
        2,
        1.8,
        0,
        0,
        2.033,
        -0.5,
        2,
        2.267,
        -0.5,
        0,
        2.467,
        0.1,
        2,
        3.767,
        0.1,
        0,
        4.5,
        0,
        2,
        5,
        0,
        2,
        5.367,
        0
      ]
    },
    {
      "Target": "Parameter",
      "Id": "SD_BustMotionY_L",
      "FadeInTime": -1.0,
      "FadeOutTime": -1.0,
      "Segments": [
        0,
        0,
        2,
        0.333,
        0,
        2,
        0.833,
        0,
        0,
        1.233,
        17.078,
        0,
        1.567,
        -9.108,
        0,
        1.867,
        7,
        0,
        2.167,
        0,
        2,
        2.467,
        0,
        0,
        2.867,
        17.078,
        0,
        3.2,
        -9.108,
        0,
        3.5,
        7,
        0,
        3.8,
        0,
        2,
        4.5,
        0,
        2,
        5,
        0,
        2,
        5.367,
        0
      ]
    },
    {
      "Target": "Parameter",
      "Id": "SD_BustMotionY_X",
      "FadeInTime": -1.0,
      "FadeOutTime": -1.0,
      "Segments": [
        0,
        0,
        2,
        0.333,
        0,
        2,
        0.833,
        0,
        0,
        1.233,
        17.078,
        0,
        1.567,
        -9.108,
        0,
        1.867,
        7,
        0,
        2.167,
        0,
        2,
        2.467,
        0,
        0,
        2.867,
        17.078,
        0,
        3.2,
        -9.108,
        0,
        3.5,
        7,
        0,
        3.8,
        0,
        2,
        4.5,
        0,
        2,
        5,
        0,
        2,
        5.367,
        0
      ]
    },
    {
      "Target": "Parameter",
      "Id": "SD_BustMotionY_L2",
      "FadeInTime": -1.0,
      "FadeOutTime": -1.0,
      "Segments": [
        0,
        0,
        2,
        0.333,
        0,
        2,
        1.067,
        0,
        0,
        1.367,
        -17.078,
        0,
        1.7,
        9.108,
        0,
        2,
        -7,
        0,
        2.3,
        0,
        2,
        2.7,
        0,
        0,
        3,
        -17.078,
        0,
        3.333,
        9.108,
        0,
        3.633,
        -7,
        0,
        3.933,
        0,
        0,
        4.5,
        -17,
        0,
        4.833,
        0,
        2,
        5,
        0,
        2,
        5.367,
        0
      ]
    },
    {
      "Target": "Parameter",
      "Id": "SD_BustMotionY_Y",
      "FadeInTime": -1.0,
      "FadeOutTime": -1.0,
      "Segments": [
        0,
        0,
        2,
        0.333,
        0,
        2,
        1.067,
        0,
        0,
        1.367,
        -17.078,
        0,
        1.7,
        9.108,
        0,
        2,
        -7,
        0,
        2.3,
        0,
        2,
        2.7,
        0,
        0,
        3,
        -17.078,
        0,
        3.333,
        9.108,
        0,
        3.633,
        -7,
        0,
        3.933,
        0,
        0,
        4.5,
        -17,
        0,
        4.833,
        0,
        2,
        5.367,
        0
      ]
    },
    {
      "Target": "Parameter",
      "Id": "Hair_physics",
      "FadeInTime": -1.0,
      "FadeOutTime": -1.0,
      "Segments": [
        0,
        0,
        2,
        0.333,
        0,
        0,
        1.033,
        0.5,
        0,
        1.367,
        0,
        0,
        2.233,
        1,
        0,
        3.067,
        0,
        0,
        3.933,
        1,
        0,
        4.8,
        0,
        2,
        5.367,
        0
      ]
    },
    {
      "Target": "Parameter",
      "Id": "ParamLegLStretch",
      "FadeInTime": -1.0,
      "FadeOutTime": -1.0,
      "Segments": [
        0,
        0,
        2,
        0.333,
        0,
        2,
        1.8,
        0,
        0,
        2.8,
        1.68,
        2,
        3.767,
        1.68,
        0,
        4.5,
        0,
        2,
        5,
        0,
        2,
        5.367,
        0
      ]
    },
    {
      "Target": "Parameter",
      "Id": "ParamCrusLAngle",
      "FadeInTime": -1.0,
      "FadeOutTime": -1.0,
      "Segments": [
        0,
        0,
        2,
        0.333,
        0,
        2,
        1.8,
        0,
        0,
        2.8,
        -4.14,
        2,
        3.767,
        -4.14,
        0,
        4.5,
        0,
        2,
        5,
        0,
        2,
        5.367,
        0
      ]
    },
    {
      "Target": "Parameter",
      "Id": "xfzhuan",
      "FadeInTime": -1.0,
      "FadeOutTime": -1.0,
      "Segments": [
        0,
        0,
        2,
        0.333,
        0,
        0,
        1.8,
        -30,
        2,
        3.767,
        -30,
        2,
        4.5,
        -30,
        0,
        5,
        0,
        2,
        5.367,
        0
      ]
    },
    {
      "Target": "Parameter",
      "Id": "lxbgs",
      "FadeInTime": -1.0,
      "FadeOutTime": -1.0,
      "Segments": [
        0,
        0,
        2,
        0.4,
        0,
        0,
        0.767,
        -1.863,
        0,
        2.9,
        18.618,
        0,
        2.967,
        18.617,
        2,
        3.867,
        18.617,
        0,
        4.5,
        -3.132,
        0,
        4.933,
        0,
        2,
        5.367,
        0
      ]
    },
    {
      "Target": "Parameter",
      "Id": "qianfa1",
      "FadeInTime": -1.0,
      "FadeOutTime": -1.0,
      "Segments": [
        0,
        0.006,
        0,
        0.233,
        -0.005,
        0,
        0.467,
        0.174,
        0,
        0.8,
        -1.647,
        0,
        1.067,
        0.301,
        0,
        1.167,
        -0.056,
        0,
        1.433,
        5.109,
        0,
        1.733,
        -7.346,
        0,
        2.1,
        3.123,
        0,
        2.367,
        -1.577,
        0,
        2.7,
        3.501,
        0,
        3.467,
        -2.096,
        0,
        4.4,
        4.141,
        0,
        4.8,
        -2.932,
        0,
        5.233,
        2.208,
        1,
        5.278,
        2.208,
        5.322,
        0.934,
        5.367,
        0.424
      ]
    },
    {
      "Target": "Parameter",
      "Id": "qianfa2",
      "FadeInTime": -1.0,
      "FadeOutTime": -1.0,
      "Segments": [
        0,
        0.022,
        0,
        0.333,
        -0.012,
        0,
        0.633,
        0.588,
        0,
        0.933,
        -1.228,
        0,
        1.167,
        0.165,
        0,
        1.333,
        -0.765,
        0,
        1.567,
        5.039,
        0,
        1.867,
        -7.125,
        0,
        2.2,
        5.514,
        0,
        2.533,
        -4.216,
        0,
        2.833,
        3.65,
        0,
        3.167,
        -1.793,
        0,
        3.433,
        0.46,
        0,
        3.7,
        -0.717,
        0,
        3.933,
        0.101,
        0,
        4.2,
        -0.723,
        0,
        4.567,
        2.696,
        0,
        4.9,
        -3.133,
        0,
        5.333,
        2.665,
        1,
        5.344,
        2.665,
        5.356,
        2.525,
        5.367,
        2.385
      ]
    },
    {
      "Target": "Parameter",
      "Id": "rlihai1",
      "FadeInTime": -1.0,
      "FadeOutTime": -1.0,
      "Segments": [
        0,
        -0.018,
        0,
        0.233,
        0.019,
        2,
        0.267,
        0.019,
        0,
        0.333,
        0.015,
        0,
        0.467,
        0.235,
        0,
        0.833,
        -2.101,
        0,
        1.1,
        -0.072,
        0,
        1.167,
        -0.169,
        0,
        1.433,
        6.492,
        0,
        1.8,
        -9.256,
        0,
        2.167,
        4.246,
        0,
        2.467,
        -1.017,
        0,
        2.8,
        3.582,
        0,
        3.4,
        -3.227,
        0,
        4.433,
        5.508,
        0,
        4.867,
        -4.331,
        0,
        5.267,
        3.585,
        1,
        5.3,
        3.585,
        5.334,
        2.68,
        5.367,
        2.227
      ]
    },
    {
      "Target": "Parameter",
      "Id": "rlihai2",
      "FadeInTime": -1.0,
      "FadeOutTime": -1.0,
      "Segments": [
        0,
        -0.099,
        0,
        0.667,
        0.784,
        0,
        1,
        -1.984,
        0,
        1.233,
        -0.767,
        0,
        1.267,
        -0.798,
        0,
        1.6,
        7.578,
        0,
        1.933,
        -11.017,
        0,
        2.3,
        8.36,
        0,
        2.667,
        -5.252,
        0,
        3,
        4.642,
        0,
        3.433,
        -3.009,
        0,
        3.867,
        1.018,
        0,
        4.233,
        -1.468,
        0,
        4.6,
        5,
        0,
        5,
        -6.232,
        1,
        5.122,
        -6.232,
        5.245,
        4.024,
        5.367,
        5.734
      ]
    },
    {
      "Target": "Parameter",
      "Id": "rzhongfa1",
      "FadeInTime": -1.0,
      "FadeOutTime": -1.0,
      "Segments": [
        0,
        0.069,
        0,
        0.3,
        -0.056,
        0,
        0.5,
        0.298,
        0,
        0.867,
        -3.035,
        0,
        1.467,
        9.39,
        0,
        1.833,
        -13.199,
        0,
        2.267,
        6.109,
        0,
        2.6,
        0.774,
        0,
        2.9,
        2.925,
        0,
        3.467,
        -5.918,
        0,
        4.467,
        7.622,
        0,
        4.933,
        -6.849,
        0,
        5.333,
        5.661,
        1,
        5.344,
        5.661,
        5.356,
        5.52,
        5.367,
        5.379
      ]
    },
    {
      "Target": "Parameter",
      "Id": "rzhongfa2",
      "FadeInTime": -1.0,
      "FadeOutTime": -1.0,
      "Segments": [
        0,
        0.215,
        0,
        0.367,
        -0.116,
        0,
        0.667,
        1.148,
        0,
        1.033,
        -2.767,
        0,
        1.6,
        10.956,
        0,
        1.967,
        -15.252,
        0,
        2.367,
        10.917,
        0,
        2.733,
        -5.425,
        0,
        3.133,
        4.414,
        0,
        3.6,
        -5.016,
        0,
        4,
        2.381,
        0,
        4.3,
        -1.551,
        0,
        4.667,
        6.482,
        0,
        5.067,
        -8.937,
        1,
        5.167,
        -8.937,
        5.267,
        4.293,
        5.367,
        6.939
      ]
    },
    {
      "Target": "Parameter",
      "Id": "lliuhai1",
      "FadeInTime": -1.0,
      "FadeOutTime": -1.0,
      "Segments": [
        0,
        0.046,
        0,
        0.3,
        -0.037,
        0,
        0.5,
        0.198,
        0,
        0.867,
        -2.023,
        0,
        1.467,
        6.26,
        0,
        1.833,
        -8.799,
        0,
        2.267,
        4.072,
        0,
        2.6,
        0.516,
        0,
        2.9,
        1.95,
        0,
        3.467,
        -3.945,
        0,
        4.467,
        5.081,
        0,
        4.933,
        -4.566,
        0,
        5.333,
        3.774,
        1,
        5.344,
        3.774,
        5.356,
        3.68,
        5.367,
        3.586
      ]
    },
    {
      "Target": "Parameter",
      "Id": "lliuhai2",
      "FadeInTime": -1.0,
      "FadeOutTime": -1.0,
      "Segments": [
        0,
        0.086,
        0,
        0.333,
        -0.051,
        0,
        0.667,
        0.704,
        0,
        1.033,
        -1.455,
        0,
        1.2,
        -0.884,
        0,
        1.3,
        -0.995,
        0,
        1.6,
        6.129,
        0,
        1.967,
        -8.111,
        0,
        2.333,
        5.537,
        0,
        2.7,
        -2.889,
        0,
        3.067,
        2.182,
        0,
        3.567,
        -2.201,
        0,
        3.967,
        1.001,
        0,
        4.3,
        -1.106,
        0,
        4.633,
        3.541,
        0,
        5.033,
        -4.471,
        1,
        5.144,
        -4.471,
        5.256,
        2.585,
        5.367,
        3.868
      ]
    },
    {
      "Target": "Parameter",
      "Id": "ParamHair1",
      "FadeInTime": -1.0,
      "FadeOutTime": -1.0,
      "Segments": [
        0,
        0,
        0,
        0.133,
        0.002,
        0,
        0.333,
        0,
        0,
        0.4,
        0.067,
        0,
        0.767,
        -4.265,
        0,
        1.067,
        1.511,
        0,
        1.133,
        1.339,
        0,
        1.4,
        11.633,
        0,
        1.7,
        -19.143,
        0,
        2.033,
        7.47,
        0,
        2.3,
        -3.268,
        0,
        2.6,
        9.631,
        0,
        3,
        -2.212,
        0,
        3.1,
        -1.816,
        0,
        3.433,
        -7.256,
        0,
        4.333,
        10.879,
        0,
        4.767,
        -7.951,
        0,
        5.2,
        4.47,
        1,
        5.256,
        4.47,
        5.311,
        0.868,
        5.367,
        -0.333
      ]
    },
    {
      "Target": "Parameter",
      "Id": "ParamHair2",
      "FadeInTime": -1.0,
      "FadeOutTime": -1.0,
      "Segments": [
        0,
        -0.005,
        0,
        0.067,
        -0.007,
        0,
        0.633,
        1.603,
        0,
        0.933,
        -3.324,
        0,
        1.167,
        0.282,
        0,
        1.333,
        -2.325,
        0,
        1.567,
        13.589,
        0,
        1.867,
        -19.132,
        0,
        2.2,
        13.998,
        0,
        2.5,
        -10.621,
        0,
        2.8,
        9.299,
        0,
        3.1,
        -4.541,
        0,
        3.367,
        2.296,
        0,
        3.633,
        -3.593,
        0,
        3.933,
        1.516,
        0,
        4.2,
        -2.758,
        0,
        4.567,
        7.659,
        0,
        4.9,
        -8.25,
        0,
        5.333,
        6.21,
        1,
        5.344,
        6.21,
        5.356,
        5.889,
        5.367,
        5.567
      ]
    },
    {
      "Target": "Parameter",
      "Id": "ParamHair3",
      "FadeInTime": -1.0,
      "FadeOutTime": -1.0,
      "Segments": [
        0,
        0.046,
        0,
        0.3,
        -0.02,
        0,
        0.733,
        1.659,
        0,
        1.067,
        -4.153,
        0,
        1.3,
        0.025,
        0,
        1.4,
        -0.213,
        0,
        1.667,
        12.983,
        0,
        2,
        -22.77,
        0,
        2.333,
        20.125,
        0,
        2.633,
        -16.237,
        0,
        2.967,
        14.137,
        0,
        3.267,
        -8.413,
        0,
        3.533,
        3.466,
        0,
        3.8,
        -3.957,
        0,
        4.1,
        1.962,
        0,
        4.333,
        -2.919,
        0,
        4.667,
        9.347,
        0,
        5.033,
        -12.244,
        1,
        5.144,
        -12.244,
        5.256,
        6.584,
        5.367,
        10.007
      ]
    },
    {
      "Target": "Parameter",
      "Id": "ParamHair4",
      "FadeInTime": -1.0,
      "FadeOutTime": -1.0,
      "Segments": [
        0,
        -0.035,
        0,
        0.167,
        0.154,
        0,
        0.433,
        -0.058,
        0,
        0.833,
        1.79,
        0,
        1.167,
        -5.146,
        0,
        1.733,
        12.83,
        0,
        2.067,
        -26.725,
        0,
        2.433,
        26.668,
        0,
        2.767,
        -23.084,
        0,
        3.1,
        20.611,
        0,
        3.4,
        -14.108,
        0,
        3.7,
        6.483,
        0,
        4,
        -5.043,
        0,
        4.267,
        2.241,
        0,
        4.467,
        -2.275,
        0,
        4.767,
        10.588,
        0,
        5.133,
        -16.717,
        1,
        5.211,
        -16.717,
        5.289,
        2.919,
        5.367,
        7.828
      ]
    },
    {
      "Target": "Parameter",
      "Id": "ParamEyeRGG",
      "FadeInTime": -1.0,
      "FadeOutTime": -1.0,
      "Segments": [
        0,
        0,
        2,
        0.033,
        0,
        2,
        0.067,
        0,
        2,
        0.133,
        0,
        2,
        0.167,
        0,
        2,
        0.2,
        0,
        2,
        0.333,
        0,
        0,
        0.467,
        -8.536,
        0,
        0.733,
        21.253,
        0,
        1.033,
        -25.545,
        0,
        1.367,
        20.906,
        0,
        1.667,
        -11.999,
        0,
        1.967,
        7.04,
        0,
        2.367,
        -14.326,
        0,
        2.533,
        30,
        2,
        2.567,
        30,
        0,
        2.733,
        -30,
        2,
        2.8,
        -30,
        0,
        3.067,
        18.793,
        0,
        3.367,
        -9.872,
        0,
        3.667,
        4.832,
        0,
        3.9,
        -11.08,
        0,
        4.133,
        24.054,
        0,
        4.433,
        -26.309,
        0,
        4.767,
        20.764,
        0,
        5.067,
        -11.695,
        0,
        5.367,
        5.927
      ]
    },
    {
      "Target": "Parameter",
      "Id": "ZD_BustLMotionX_L",
      "FadeInTime": -1.0,
      "FadeOutTime": -1.0,
      "Segments": [
        0,
        -0.206,
        0,
        0.633,
        2.704,
        0,
        1.133,
        -6.952,
        0,
        1.433,
        14.493,
        0,
        1.8,
        -8.492,
        0,
        2.167,
        5.78,
        0,
        2.533,
        -3.038,
        0,
        2.933,
        9.472,
        0,
        3.3,
        -9.547,
        0,
        3.7,
        8.059,
        0,
        4.067,
        -4.69,
        0,
        4.367,
        7.243,
        0,
        4.733,
        -11.316,
        0,
        5.133,
        9.967,
        1,
        5.211,
        9.967,
        5.289,
        0.713,
        5.367,
        -1.601
      ]
    },
    {
      "Target": "Parameter",
      "Id": "ZD_BustLMotionY_L",
      "FadeInTime": -1.0,
      "FadeOutTime": -1.0,
      "Segments": [
        0,
        0,
        2,
        0.333,
        0,
        0,
        0.567,
        0.223,
        0,
        1.033,
        -0.608,
        0,
        1.2,
        -0.382,
        0,
        1.467,
        -2.509,
        0,
        1.8,
        2.959,
        0,
        2.133,
        -3.025,
        0,
        2.467,
        1.459,
        0,
        3.033,
        -2.337,
        0,
        3.4,
        2.926,
        0,
        3.733,
        -2.842,
        0,
        4.1,
        1.915,
        0,
        4.533,
        -4.425,
        0,
        4.9,
        2.347,
        0,
        5.233,
        -1.296,
        1,
        5.278,
        -1.296,
        5.322,
        -0.583,
        5.367,
        -0.298
      ]
    },
    {
      "Target": "Parameter",
      "Id": "ZD_BustRMotionX_L",
      "FadeInTime": -1.0,
      "FadeOutTime": -1.0,
      "Segments": [
        0,
        -0.289,
        0,
        0.633,
        3.785,
        0,
        1.133,
        -9.732,
        0,
        1.433,
        20.291,
        0,
        1.8,
        -11.889,
        0,
        2.167,
        8.091,
        0,
        2.533,
        -4.253,
        0,
        2.933,
        13.261,
        0,
        3.3,
        -13.367,
        0,
        3.7,
        11.283,
        0,
        4.067,
        -6.566,
        0,
        4.367,
        10.14,
        0,
        4.733,
        -15.843,
        0,
        5.133,
        13.954,
        1,
        5.211,
        13.954,
        5.289,
        0.998,
        5.367,
        -2.241
      ]
    },
    {
      "Target": "Parameter",
      "Id": "ZD_BustRMotionY_L",
      "FadeInTime": -1.0,
      "FadeOutTime": -1.0,
      "Segments": [
        0,
        0,
        2,
        0.333,
        0,
        0,
        0.567,
        0.223,
        0,
        1.033,
        -0.608,
        0,
        1.2,
        -0.382,
        0,
        1.467,
        -2.509,
        0,
        1.8,
        2.959,
        0,
        2.133,
        -3.025,
        0,
        2.467,
        1.459,
        0,
        3.033,
        -2.337,
        0,
        3.4,
        2.926,
        0,
        3.733,
        -2.842,
        0,
        4.1,
        1.915,
        0,
        4.533,
        -4.425,
        0,
        4.9,
        2.347,
        0,
        5.233,
        -1.296,
        1,
        5.278,
        -1.296,
        5.322,
        -0.583,
        5.367,
        -0.298
      ]
    },
    {
      "Target": "Parameter",
      "Id": "touch_drag1",
      "FadeInTime": -1.0,
      "FadeOutTime": -1.0,
      "Segments": [
        0,
        0,
        0,
        5.367,
        0
      ]
    },
    {
      "Target": "Parameter",
      "Id": "heikuang",
      "FadeInTime": -1.0,
      "FadeOutTime": -1.0,
      "Segments": [
        0,
        0,
        0,
        5.367,
        0
      ]
    },
    {
      "Target": "Parameter",
      "Id": "All_X",
      "FadeInTime": -1.0,
      "FadeOutTime": -1.0,
      "Segments": [
        0,
        0,
        0,
        5.367,
        0
      ]
    },
    {
      "Target": "Parameter",
      "Id": "All_Y",
      "FadeInTime": -1.0,
      "FadeOutTime": -1.0,
      "Segments": [
        0,
        0,
        0,
        5.367,
        0
      ]
    },
    {
      "Target": "Parameter",
      "Id": "All_X2",
      "FadeInTime": -1.0,
      "FadeOutTime": -1.0,
      "Segments": [
        0,
        0,
        0,
        5.367,
        0
      ]
    },
    {
      "Target": "Parameter",
      "Id": "All_Y2",
      "FadeInTime": -1.0,
      "FadeOutTime": -1.0,
      "Segments": [
        0,
        0,
        0,
        5.367,
        0
      ]
    },
    {
      "Target": "Parameter",
      "Id": "All_Size",
      "FadeInTime": -1.0,
      "FadeOutTime": -1.0,
      "Segments": [
        0,
        0,
        0,
        5.367,
        0
      ]
    },
    {
      "Target": "Parameter",
      "Id": "All_Size2",
      "FadeInTime": -1.0,
      "FadeOutTime": -1.0,
      "Segments": [
        0,
        0,
        0,
        5.367,
        0
      ]
    },
    {
      "Target": "Parameter",
      "Id": "renxs",
      "FadeInTime": -1.0,
      "FadeOutTime": -1.0,
      "Segments": [
        0,
        0,
        0,
        5.367,
        0
      ]
    },
    {
      "Target": "Parameter",
      "Id": "yongchixs",
      "FadeInTime": -1.0,
      "FadeOutTime": -1.0,
      "Segments": [
        0,
        0,
        0,
        5.367,
        0
      ]
    },
    {
      "Target": "Parameter",
      "Id": "fenjingbjxs",
      "FadeInTime": -1.0,
      "FadeOutTime": -1.0,
      "Segments": [
        0,
        0,
        0,
        5.367,
        0
      ]
    },
    {
      "Target": "Parameter",
      "Id": "man_Size",
      "FadeInTime": -1.0,
      "FadeOutTime": -1.0,
      "Segments": [
        0,
        0,
        0,
        5.367,
        0
      ]
    },
    {
      "Target": "Parameter",
      "Id": "man_Angle",
      "FadeInTime": -1.0,
      "FadeOutTime": -1.0,
      "Segments": [
        0,
        0,
        0,
        5.367,
        0
      ]
    },
    {
      "Target": "Parameter",
      "Id": "yongchixx",
      "FadeInTime": -1.0,
      "FadeOutTime": -1.0,
      "Segments": [
        0,
        0,
        0,
        5.367,
        0
      ]
    },
    {
      "Target": "Parameter",
      "Id": "yongchixx2",
      "FadeInTime": -1.0,
      "FadeOutTime": -1.0,
      "Segments": [
        0,
        0,
        0,
        5.367,
        0
      ]
    },
    {
      "Target": "Parameter",
      "Id": "All_Angle",
      "FadeInTime": -1.0,
      "FadeOutTime": -1.0,
      "Segments": [
        0,
        0,
        0,
        5.367,
        0
      ]
    },
    {
      "Target": "Parameter",
      "Id": "FG_Black",
      "FadeInTime": -1.0,
      "FadeOutTime": -1.0,
      "Segments": [
        0,
        0,
        0,
        5.367,
        0
      ]
    },
    {
      "Target": "Parameter",
      "Id": "BG_White",
      "FadeInTime": -1.0,
      "FadeOutTime": -1.0,
      "Segments": [
        0,
        0,
        0,
        5.367,
        0
      ]
    },
    {
      "Target": "Parameter",
      "Id": "huangguang",
      "FadeInTime": -1.0,
      "FadeOutTime": -1.0,
      "Segments": [
        0,
        0,
        0,
        5.367,
        0
      ]
    },
    {
      "Target": "Parameter",
      "Id": "FG_White",
      "FadeInTime": -1.0,
      "FadeOutTime": -1.0,
      "Segments": [
        0,
        0,
        0,
        5.367,
        0
      ]
    },
    {
      "Target": "Parameter",
      "Id": "xgbquan",
      "FadeInTime": -1.0,
      "FadeOutTime": -1.0,
      "Segments": [
        0,
        0,
        0,
        5.367,
        0
      ]
    },
    {
      "Target": "Parameter",
      "Id": "FG_White2",
      "FadeInTime": -1.0,
      "FadeOutTime": -1.0,
      "Segments": [
        0,
        0,
        0,
        5.367,
        0
      ]
    },
    {
      "Target": "Parameter",
      "Id": "qfwyid",
      "FadeInTime": -1.0,
      "FadeOutTime": -1.0,
      "Segments": [
        0,
        0,
        0,
        5.367,
        0
      ]
    },
    {
      "Target": "Parameter",
      "Id": "ParamMouthCDisplay",
      "FadeInTime": -1.0,
      "FadeOutTime": -1.0,
      "Segments": [
        0,
        0,
        0,
        5.367,
        0
      ]
    },
    {
      "Target": "Parameter",
      "Id": "tiaojidax",
      "FadeInTime": -1.0,
      "FadeOutTime": -1.0,
      "Segments": [
        0,
        0,
        0,
        5.367,
        0
      ]
    },
    {
      "Target": "Parameter",
      "Id": "tiaojiY",
      "FadeInTime": -1.0,
      "FadeOutTime": -1.0,
      "Segments": [
        0,
        0,
        0,
        5.367,
        0
      ]
    },
    {
      "Target": "Parameter",
      "Id": "tiaojij",
      "FadeInTime": -1.0,
      "FadeOutTime": -1.0,
      "Segments": [
        0,
        0,
        0,
        5.367,
        0
      ]
    },
    {
      "Target": "Parameter",
      "Id": "tiaotaicj",
      "FadeInTime": -1.0,
      "FadeOutTime": -1.0,
      "Segments": [
        0,
        0,
        0,
        5.367,
        0
      ]
    },
    {
      "Target": "Parameter",
      "Id": "Rjicxz",
      "FadeInTime": -1.0,
      "FadeOutTime": -1.0,
      "Segments": [
        0,
        0,
        0,
        5.367,
        0
      ]
    },
    {
      "Target": "Parameter",
      "Id": "Rjichisx",
      "FadeInTime": -1.0,
      "FadeOutTime": -1.0,
      "Segments": [
        0,
        0,
        0,
        5.367,
        0
      ]
    },
    {
      "Target": "Parameter",
      "Id": "Rjichiwan",
      "FadeInTime": -1.0,
      "FadeOutTime": -1.0,
      "Segments": [
        0,
        0,
        0,
        5.367,
        0
      ]
    },
    {
      "Target": "Parameter",
      "Id": "Rjichishen",
      "FadeInTime": -1.0,
      "FadeOutTime": -1.0,
      "Segments": [
        0,
        0,
        0,
        5.367,
        0
      ]
    },
    {
      "Target": "Parameter",
      "Id": "Ljicxz",
      "FadeInTime": -1.0,
      "FadeOutTime": -1.0,
      "Segments": [
        0,
        0,
        0,
        5.367,
        0
      ]
    },
    {
      "Target": "Parameter",
      "Id": "Ljichiwan",
      "FadeInTime": -1.0,
      "FadeOutTime": -1.0,
      "Segments": [
        0,
        0,
        0,
        5.367,
        0
      ]
    },
    {
      "Target": "Parameter",
      "Id": "Ljichisx",
      "FadeInTime": -1.0,
      "FadeOutTime": -1.0,
      "Segments": [
        0,
        0,
        0,
        5.367,
        0
      ]
    },
    {
      "Target": "Parameter",
      "Id": "Ljichishen",
      "FadeInTime": -1.0,
      "FadeOutTime": -1.0,
      "Segments": [
        0,
        0,
        0,
        5.367,
        0
      ]
    },
    {
      "Target": "Parameter",
      "Id": "tjyj",
      "FadeInTime": -1.0,
      "FadeOutTime": -1.0,
      "Segments": [
        0,
        0,
        0,
        5.367,
        0
      ]
    },
    {
      "Target": "Parameter",
      "Id": "daiyongj",
      "FadeInTime": -1.0,
      "FadeOutTime": -1.0,
      "Segments": [
        0,
        0,
        0,
        5.367,
        0
      ]
    },
    {
      "Target": "Parameter",
      "Id": "tiaojishens",
      "FadeInTime": -1.0,
      "FadeOutTime": -1.0,
      "Segments": [
        0,
        0,
        0,
        5.367,
        0
      ]
    },
    {
      "Target": "Parameter",
      "Id": "tiaojiwy",
      "FadeInTime": -1.0,
      "FadeOutTime": -1.0,
      "Segments": [
        0,
        0,
        0,
        5.367,
        0
      ]
    },
    {
      "Target": "Parameter",
      "Id": "yongjLdai",
      "FadeInTime": -1.0,
      "FadeOutTime": -1.0,
      "Segments": [
        0,
        10,
        0,
        5.367,
        10
      ]
    },
    {
      "Target": "Parameter",
      "Id": "yongjLdai2",
      "FadeInTime": -1.0,
      "FadeOutTime": -1.0,
      "Segments": [
        0,
        0,
        0,
        5.367,
        0
      ]
    },
    {
      "Target": "Parameter",
      "Id": "yongjRdaiX",
      "FadeInTime": -1.0,
      "FadeOutTime": -1.0,
      "Segments": [
        0,
        -10,
        0,
        5.367,
        -10
      ]
    },
    {
      "Target": "Parameter",
      "Id": "yongjRdaiY",
      "FadeInTime": -1.0,
      "FadeOutTime": -1.0,
      "Segments": [
        0,
        0,
        0,
        5.367,
        0
      ]
    },
    {
      "Target": "Parameter",
      "Id": "tiaojix",
      "FadeInTime": -1.0,
      "FadeOutTime": -1.0,
      "Segments": [
        0,
        0,
        0,
        5.367,
        0
      ]
    },
    {
      "Target": "Parameter",
      "Id": "tiaojdm1",
      "FadeInTime": -1.0,
      "FadeOutTime": -1.0,
      "Segments": [
        0,
        0,
        0,
        5.367,
        0
      ]
    },
    {
      "Target": "Parameter",
      "Id": "tiaojdm2",
      "FadeInTime": -1.0,
      "FadeOutTime": -1.0,
      "Segments": [
        0,
        0,
        0,
        5.367,
        0
      ]
    },
    {
      "Target": "Parameter",
      "Id": "tiaoshuihau",
      "FadeInTime": -1.0,
      "FadeOutTime": -1.0,
      "Segments": [
        0,
        0,
        0,
        5.367,
        0
      ]
    },
    {
      "Target": "Parameter",
      "Id": "dongganshuihua",
      "FadeInTime": -1.0,
      "FadeOutTime": -1.0,
      "Segments": [
        0,
        0,
        0,
        5.367,
        0
      ]
    },
    {
      "Target": "Parameter",
      "Id": "fenmaochu",
      "FadeInTime": -1.0,
      "FadeOutTime": -1.0,
      "Segments": [
        0,
        0,
        0,
        5.367,
        0
      ]
    },
    {
      "Target": "Parameter",
      "Id": "tjbq1",
      "FadeInTime": -1.0,
      "FadeOutTime": -1.0,
      "Segments": [
        0,
        0,
        0,
        5.367,
        0
      ]
    },
    {
      "Target": "Parameter",
      "Id": "tjyjxs",
      "FadeInTime": -1.0,
      "FadeOutTime": -1.0,
      "Segments": [
        0,
        0,
        0,
        5.367,
        0
      ]
    },
    {
      "Target": "Parameter",
      "Id": "ParamArmLStretch",
      "FadeInTime": -1.0,
      "FadeOutTime": -1.0,
      "Segments": [
        0,
        0,
        0,
        5.367,
        0
      ]
    },
    {
      "Target": "Parameter",
      "Id": "tsbitmd2",
      "FadeInTime": -1.0,
      "FadeOutTime": -1.0,
      "Segments": [
        0,
        0,
        0,
        5.367,
        0
      ]
    },
    {
      "Target": "Parameter",
      "Id": "lsban",
      "FadeInTime": -1.0,
      "FadeOutTime": -1.0,
      "Segments": [
        0,
        0,
        0,
        5.367,
        0
      ]
    },
    {
      "Target": "Parameter",
      "Id": "lyuanxbxs",
      "FadeInTime": -1.0,
      "FadeOutTime": -1.0,
      "Segments": [
        0,
        0,
        0,
        5.367,
        0
      ]
    },
    {
      "Target": "Parameter",
      "Id": "quanshoubxs",
      "FadeInTime": -1.0,
      "FadeOutTime": -1.0,
      "Segments": [
        0,
        0,
        0,
        5.367,
        0
      ]
    },
    {
      "Target": "Parameter",
      "Id": "ParamHandLREDisplay",
      "FadeInTime": -1.0,
      "FadeOutTime": -1.0,
      "Segments": [
        0,
        30,
        0,
        5.367,
        30
      ]
    },
    {
      "Target": "Parameter",
      "Id": "ParamHandL1Display",
      "FadeInTime": -1.0,
      "FadeOutTime": -1.0,
      "Segments": [
        0,
        0,
        0,
        5.367,
        0
      ]
    },
    {
      "Target": "Parameter",
      "Id": "tsbitmd",
      "FadeInTime": -1.0,
      "FadeOutTime": -1.0,
      "Segments": [
        0,
        0,
        0,
        5.367,
        0
      ]
    },
    {
      "Target": "Parameter",
      "Id": "xinshou",
      "FadeInTime": -1.0,
      "FadeOutTime": -1.0,
      "Segments": [
        0,
        0,
        0,
        5.367,
        0
      ]
    },
    {
      "Target": "Parameter",
      "Id": "mjklshou",
      "FadeInTime": -1.0,
      "FadeOutTime": -1.0,
      "Segments": [
        0,
        0,
        0,
        5.367,
        0
      ]
    },
    {
      "Target": "Parameter",
      "Id": "mjkel",
      "FadeInTime": -1.0,
      "FadeOutTime": -1.0,
      "Segments": [
        0,
        0,
        0,
        5.367,
        0
      ]
    },
    {
      "Target": "Parameter",
      "Id": "ParamForearmLLayer2",
      "FadeInTime": -1.0,
      "FadeOutTime": -1.0,
      "Segments": [
        0,
        0,
        0,
        5.367,
        0
      ]
    },
    {
      "Target": "Parameter",
      "Id": "lshuaishou",
      "FadeInTime": -1.0,
      "FadeOutTime": -1.0,
      "Segments": [
        0,
        0,
        0,
        5.367,
        0
      ]
    },
    {
      "Target": "Parameter",
      "Id": "ParamHandRREDisplay2",
      "FadeInTime": -1.0,
      "FadeOutTime": -1.0,
      "Segments": [
        0,
        30,
        0,
        5.367,
        30
      ]
    },
    {
      "Target": "Parameter",
      "Id": "rllxb",
      "FadeInTime": -1.0,
      "FadeOutTime": -1.0,
      "Segments": [
        0,
        0,
        0,
        5.367,
        0
      ]
    },
    {
      "Target": "Parameter",
      "Id": "ParamHandR1Display",
      "FadeInTime": -1.0,
      "FadeOutTime": -1.0,
      "Segments": [
        0,
        0,
        0,
        5.367,
        0
      ]
    },
    {
      "Target": "Parameter",
      "Id": "ParamHandR3Display",
      "FadeInTime": -1.0,
      "FadeOutTime": -1.0,
      "Segments": [
        0,
        0,
        0,
        5.367,
        0
      ]
    },
    {
      "Target": "Parameter",
      "Id": "rfxxb",
      "FadeInTime": -1.0,
      "FadeOutTime": -1.0,
      "Segments": [
        0,
        0,
        0,
        5.367,
        0
      ]
    },
    {
      "Target": "Parameter",
      "Id": "rshangbibz",
      "FadeInTime": -1.0,
      "FadeOutTime": -1.0,
      "Segments": [
        0,
        0,
        0,
        5.367,
        0
      ]
    },
    {
      "Target": "Parameter",
      "Id": "rpaishou",
      "FadeInTime": -1.0,
      "FadeOutTime": -1.0,
      "Segments": [
        0,
        0,
        0,
        5.367,
        0
      ]
    },
    {
      "Target": "Parameter",
      "Id": "rshoubei",
      "FadeInTime": -1.0,
      "FadeOutTime": -1.0,
      "Segments": [
        0,
        0,
        0,
        5.367,
        0
      ]
    },
    {
      "Target": "Parameter",
      "Id": "chayaoshou",
      "FadeInTime": -1.0,
      "FadeOutTime": -1.0,
      "Segments": [
        0,
        0,
        0,
        5.367,
        0
      ]
    },
    {
      "Target": "Parameter",
      "Id": "rfxshou",
      "FadeInTime": -1.0,
      "FadeOutTime": -1.0,
      "Segments": [
        0,
        0,
        0,
        5.367,
        0
      ]
    },
    {
      "Target": "Parameter",
      "Id": "youshouj2",
      "FadeInTime": -1.0,
      "FadeOutTime": -1.0,
      "Segments": [
        0,
        0,
        0,
        5.367,
        0
      ]
    },
    {
      "Target": "Parameter",
      "Id": "rmuzhi",
      "FadeInTime": -1.0,
      "FadeOutTime": -1.0,
      "Segments": [
        0,
        0,
        0,
        5.367,
        0
      ]
    },
    {
      "Target": "Parameter",
      "Id": "rshouyxs",
      "FadeInTime": -1.0,
      "FadeOutTime": -1.0,
      "Segments": [
        0,
        0,
        0,
        5.367,
        0
      ]
    },
    {
      "Target": "Parameter",
      "Id": "rshuidA",
      "FadeInTime": -1.0,
      "FadeOutTime": -1.0,
      "Segments": [
        0,
        0,
        0,
        5.367,
        0
      ]
    },
    {
      "Target": "Parameter",
      "Id": "rshuidB",
      "FadeInTime": -1.0,
      "FadeOutTime": -1.0,
      "Segments": [
        0,
        0,
        0,
        5.367,
        0
      ]
    },
    {
      "Target": "Parameter",
      "Id": "rshuidC",
      "FadeInTime": -1.0,
      "FadeOutTime": -1.0,
      "Segments": [
        0,
        0,
        0,
        5.367,
        0
      ]
    },
    {
      "Target": "Parameter",
      "Id": "ParamMouthOpenY",
      "FadeInTime": -1.0,
      "FadeOutTime": -1.0,
      "Segments": [
        0,
        0,
        0,
        5.367,
        0
      ]
    },
    {
      "Target": "Parameter",
      "Id": "ParamMouthOpenYSD",
      "FadeInTime": -1.0,
      "FadeOutTime": -1.0,
      "Segments": [
        0,
        0,
        0,
        5.367,
        0
      ]
    },
    {
      "Target": "Parameter",
      "Id": "sdParamMouthOpenY",
      "FadeInTime": -1.0,
      "FadeOutTime": -1.0,
      "Segments": [
        0,
        0,
        0,
        5.367,
        0
      ]
    },
    {
      "Target": "Parameter",
      "Id": "yayaohe",
      "FadeInTime": -1.0,
      "FadeOutTime": -1.0,
      "Segments": [
        0,
        0,
        0,
        5.367,
        0
      ]
    },
    {
      "Target": "Parameter",
      "Id": "ParamBrowRForm",
      "FadeInTime": -1.0,
      "FadeOutTime": -1.0,
      "Segments": [
        0,
        0,
        0,
        5.367,
        0
      ]
    },
    {
      "Target": "Parameter",
      "Id": "ParamEyeRSmile",
      "FadeInTime": -1.0,
      "FadeOutTime": -1.0,
      "Segments": [
        0,
        0,
        0,
        5.367,
        0
      ]
    },
    {
      "Target": "Parameter",
      "Id": "lianhong",
      "FadeInTime": -1.0,
      "FadeOutTime": -1.0,
      "Segments": [
        0,
        0,
        0,
        5.367,
        0
      ]
    },
    {
      "Target": "Parameter",
      "Id": "yjxs",
      "FadeInTime": -1.0,
      "FadeOutTime": -1.0,
      "Segments": [
        0,
        1,
        0,
        5.367,
        1
      ]
    },
    {
      "Target": "Parameter",
      "Id": "biaoq1",
      "FadeInTime": -1.0,
      "FadeOutTime": -1.0,
      "Segments": [
        0,
        0,
        0,
        5.367,
        0
      ]
    },
    {
      "Target": "Parameter",
      "Id": "lei",
      "FadeInTime": -1.0,
      "FadeOutTime": -1.0,
      "Segments": [
        0,
        0,
        0,
        5.367,
        0
      ]
    },
    {
      "Target": "Parameter",
      "Id": "huangtiaoxs",
      "FadeInTime": -1.0,
      "FadeOutTime": -1.0,
      "Segments": [
        0,
        0,
        0,
        5.367,
        0
      ]
    },
    {
      "Target": "Parameter",
      "Id": "ji",
      "FadeInTime": -1.0,
      "FadeOutTime": -1.0,
      "Segments": [
        0,
        0,
        0,
        5.367,
        0
      ]
    },
    {
      "Target": "Parameter",
      "Id": "huangtia",
      "FadeInTime": -1.0,
      "FadeOutTime": -1.0,
      "Segments": [
        0,
        0,
        0,
        5.367,
        0
      ]
    },
    {
      "Target": "Parameter",
      "Id": "sdllshang",
      "FadeInTime": -1.0,
      "FadeOutTime": -1.0,
      "Segments": [
        0,
        0,
        0,
        5.367,
        0
      ]
    },
    {
      "Target": "Parameter",
      "Id": "jixiong",
      "FadeInTime": -1.0,
      "FadeOutTime": -1.0,
      "Segments": [
        0,
        0,
        0,
        5.367,
        0
      ]
    },
    {
      "Target": "Parameter",
      "Id": "OP_physics",
      "FadeInTime": -1.0,
      "FadeOutTime": -1.0,
      "Segments": [
        0,
        0,
        0,
        5.367,
        0
      ]
    },
    {
      "Target": "Parameter",
      "Id": "fajiaodu",
      "FadeInTime": -1.0,
      "FadeOutTime": -1.0,
      "Segments": [
        0,
        0,
        0,
        5.367,
        0
      ]
    },
    {
      "Target": "Parameter",
      "Id": "ljiaoshoun",
      "FadeInTime": -1.0,
      "FadeOutTime": -1.0,
      "Segments": [
        0,
        0,
        0,
        5.367,
        0
      ]
    },
    {
      "Target": "Parameter",
      "Id": "lxiaotuiq",
      "FadeInTime": -1.0,
      "FadeOutTime": -1.0,
      "Segments": [
        0,
        0,
        0,
        5.367,
        0
      ]
    },
    {
      "Target": "Parameter",
      "Id": "ldatuisuo",
      "FadeInTime": -1.0,
      "FadeOutTime": -1.0,
      "Segments": [
        0,
        0,
        0,
        5.367,
        0
      ]
    },
    {
      "Target": "Parameter",
      "Id": "ParamFooxz",
      "FadeInTime": -1.0,
      "FadeOutTime": -1.0,
      "Segments": [
        0,
        0,
        0,
        5.367,
        0
      ]
    },
    {
      "Target": "Parameter",
      "Id": "ltaijz",
      "FadeInTime": -1.0,
      "FadeOutTime": -1.0,
      "Segments": [
        0,
        0,
        0,
        5.367,
        0
      ]
    },
    {
      "Target": "Parameter",
      "Id": "ParamLegRAngle",
      "FadeInTime": -1.0,
      "FadeOutTime": -1.0,
      "Segments": [
        0,
        0,
        0,
        5.367,
        0
      ]
    },
    {
      "Target": "Parameter",
      "Id": "ParamCrusRAngle",
      "FadeInTime": -1.0,
      "FadeOutTime": -1.0,
      "Segments": [
        0,
        0,
        0,
        5.367,
        0
      ]
    },
    {
      "Target": "Parameter",
      "Id": "paishuizhu",
      "FadeInTime": -1.0,
      "FadeOutTime": -1.0,
      "Segments": [
        0,
        0,
        0,
        5.367,
        0
      ]
    },
    {
      "Target": "Parameter",
      "Id": "ldtuir1",
      "FadeInTime": -1.0,
      "FadeOutTime": -1.0,
      "Segments": [
        0,
        0,
        0,
        5.367,
        0
      ]
    },
    {
      "Target": "Parameter",
      "Id": "ldtuir2",
      "FadeInTime": -1.0,
      "FadeOutTime": -1.0,
      "Segments": [
        0,
        0,
        0,
        5.367,
        0
      ]
    },
    {
      "Target": "Parameter",
      "Id": "lxtuir1",
      "FadeInTime": -1.0,
      "FadeOutTime": -1.0,
      "Segments": [
        0,
        0,
        0,
        5.367,
        0
      ]
    },
    {
      "Target": "Parameter",
      "Id": "lxtuir2",
      "FadeInTime": -1.0,
      "FadeOutTime": -1.0,
      "Segments": [
        0,
        0,
        0,
        5.367,
        0
      ]
    },
    {
      "Target": "Parameter",
      "Id": "xinfxs",
      "FadeInTime": -1.0,
      "FadeOutTime": -1.0,
      "Segments": [
        0,
        0,
        0,
        5.367,
        0
      ]
    },
    {
      "Target": "Parameter",
      "Id": "xfxuzna",
      "FadeInTime": -1.0,
      "FadeOutTime": -1.0,
      "Segments": [
        0,
        0,
        0,
        5.367,
        0
      ]
    },
    {
      "Target": "Parameter",
      "Id": "fujiX",
      "FadeInTime": -1.0,
      "FadeOutTime": -1.0,
      "Segments": [
        0,
        0,
        0,
        5.367,
        0
      ]
    },
    {
      "Target": "Parameter",
      "Id": "fujiY",
      "FadeInTime": -1.0,
      "FadeOutTime": -1.0,
      "Segments": [
        0,
        0,
        0,
        5.367,
        0
      ]
    },
    {
      "Target": "Parameter",
      "Id": "chengqin",
      "FadeInTime": -1.0,
      "FadeOutTime": -1.0,
      "Segments": [
        0,
        0,
        0,
        5.367,
        0
      ]
    },
    {
      "Target": "Parameter",
      "Id": "yjjyd",
      "FadeInTime": -1.0,
      "FadeOutTime": -1.0,
      "Segments": [
        0,
        0,
        0,
        5.367,
        0
      ]
    },
    {
      "Target": "Parameter",
      "Id": "yjjps",
      "FadeInTime": -1.0,
      "FadeOutTime": -1.0,
      "Segments": [
        0,
        0,
        0,
        5.367,
        0
      ]
    },
    {
      "Target": "Parameter",
      "Id": "yjjdm1",
      "FadeInTime": -1.0,
      "FadeOutTime": -1.0,
      "Segments": [
        0,
        0,
        0,
        5.367,
        0
      ]
    },
    {
      "Target": "Parameter",
      "Id": "yongjingjfz",
      "FadeInTime": -1.0,
      "FadeOutTime": -1.0,
      "Segments": [
        0,
        0,
        0,
        5.367,
        0
      ]
    },
    {
      "Target": "Parameter",
      "Id": "shuiying",
      "FadeInTime": -1.0,
      "FadeOutTime": -1.0,
      "Segments": [
        0,
        0,
        0,
        5.367,
        0
      ]
    },
    {
      "Target": "Parameter",
      "Id": "zhufang",
      "FadeInTime": -1.0,
      "FadeOutTime": -1.0,
      "Segments": [
        0,
        0,
        0,
        5.367,
        0
      ]
    },
    {
      "Target": "Parameter",
      "Id": "cifanguang",
      "FadeInTime": -1.0,
      "FadeOutTime": -1.0,
      "Segments": [
        0,
        0,
        0,
        5.367,
        0
      ]
    },
    {
      "Target": "Parameter",
      "Id": "Param6",
      "FadeInTime": -1.0,
      "FadeOutTime": -1.0,
      "Segments": [
        0,
        0,
        0,
        5.367,
        0
      ]
    },
    {
      "Target": "Parameter",
      "Id": "Param7",
      "FadeInTime": -1.0,
      "FadeOutTime": -1.0,
      "Segments": [
        0,
        0,
        0,
        5.367,
        0
      ]
    },
    {
      "Target": "Parameter",
      "Id": "shuibquian",
      "FadeInTime": -1.0,
      "FadeOutTime": -1.0,
      "Segments": [
        0,
        0,
        0,
        5.367,
        0
      ]
    },
    {
      "Target": "Parameter",
      "Id": "shuibquian2",
      "FadeInTime": -1.0,
      "FadeOutTime": -1.0,
      "Segments": [
        0,
        0,
        0,
        5.367,
        0
      ]
    },
    {
      "Target": "Parameter",
      "Id": "fujicj",
      "FadeInTime": -1.0,
      "FadeOutTime": -1.0,
      "Segments": [
        0,
        0,
        0,
        5.367,
        0
      ]
    },
    {
      "Target": "Parameter",
      "Id": "fujicj2",
      "FadeInTime": -1.0,
      "FadeOutTime": -1.0,
      "Segments": [
        0,
        0,
        0,
        5.367,
        0
      ]
    },
    {
      "Target": "Parameter",
      "Id": "fujidm",
      "FadeInTime": -1.0,
      "FadeOutTime": -1.0,
      "Segments": [
        0,
        0,
        0,
        5.367,
        0
      ]
    },
    {
      "Target": "Parameter",
      "Id": "fujidm2",
      "FadeInTime": -1.0,
      "FadeOutTime": -1.0,
      "Segments": [
        0,
        0,
        0,
        5.367,
        0
      ]
    },
    {
      "Target": "Parameter",
      "Id": "baibiand",
      "FadeInTime": -1.0,
      "FadeOutTime": -1.0,
      "Segments": [
        0,
        0,
        0,
        5.367,
        0
      ]
    },
    {
      "Target": "Parameter",
      "Id": "jichi",
      "FadeInTime": -1.0,
      "FadeOutTime": -1.0,
      "Segments": [
        0,
        0,
        0,
        5.367,
        0
      ]
    },
    {
      "Target": "Parameter",
      "Id": "tjihx",
      "FadeInTime": -1.0,
      "FadeOutTime": -1.0,
      "Segments": [
        0,
        0,
        0,
        5.367,
        0
      ]
    },
    {
      "Target": "Parameter",
      "Id": "shuibqys",
      "FadeInTime": -1.0,
      "FadeOutTime": -1.0,
      "Segments": [
        0,
        0,
        0,
        5.367,
        0
      ]
    },
    {
      "Target": "Parameter",
      "Id": "Param3",
      "FadeInTime": -1.0,
      "FadeOutTime": -1.0,
      "Segments": [
        0,
        0,
        0,
        5.367,
        0
      ]
    },
    {
      "Target": "Parameter",
      "Id": "Param5",
      "FadeInTime": -1.0,
      "FadeOutTime": -1.0,
      "Segments": [
        0,
        0,
        0,
        5.367,
        0
      ]
    },
    {
      "Target": "Parameter",
      "Id": "lalian",
      "FadeInTime": -1.0,
      "FadeOutTime": -1.0,
      "Segments": [
        0,
        0,
        0,
        5.367,
        0
      ]
    },
    {
      "Target": "Parameter",
      "Id": "ParamEyeLGG",
      "FadeInTime": -1.0,
      "FadeOutTime": -1.0,
      "Segments": [
        0,
        0,
        0,
        5.367,
        0
      ]
    },
    {
      "Target": "Parameter",
      "Id": "NULL4",
      "FadeInTime": -1.0,
      "FadeOutTime": -1.0,
      "Segments": [
        0,
        0,
        0,
        5.367,
        0
      ]
    },
    {
      "Target": "Parameter",
      "Id": "NULL5",
      "FadeInTime": -1.0,
      "FadeOutTime": -1.0,
      "Segments": [
        0,
        0,
        0,
        5.367,
        0
      ]
    },
    {
      "Target": "Parameter",
      "Id": "NULL6",
      "FadeInTime": -1.0,
      "FadeOutTime": -1.0,
      "Segments": [
        0,
        0,
        0,
        5.367,
        0
      ]
    },
    {
      "Target": "Parameter",
      "Id": "ParamEyeLOpen",
      "FadeInTime": -1.0,
      "FadeOutTime": -1.0,
      "Segments": [
        0,
        1,
        0,
        5.367,
        1
      ]
    },
    {
      "Target": "Parameter",
      "Id": "ParamEyeLSmile",
      "FadeInTime": -1.0,
      "FadeOutTime": -1.0,
      "Segments": [
        0,
        0,
        0,
        5.367,
        0
      ]
    },
    {
      "Target": "Parameter",
      "Id": "ParamBrowLForm",
      "FadeInTime": -1.0,
      "FadeOutTime": -1.0,
      "Segments": [
        0,
        0,
        0,
        5.367,
        0
      ]
    },
    {
      "Target": "Parameter",
      "Id": "ParamBrowRAngle",
      "FadeInTime": -1.0,
      "FadeOutTime": -1.0,
      "Segments": [
        0,
        0,
        0,
        5.367,
        0
      ]
    },
    {
      "Target": "Parameter",
      "Id": "ParamBodyAngleY",
      "FadeInTime": -1.0,
      "FadeOutTime": -1.0,
      "Segments": [
        0,
        0,
        0,
        5.367,
        0
      ]
    },
    {
      "Target": "Parameter",
      "Id": "ParamBrowLY",
      "FadeInTime": -1.0,
      "FadeOutTime": -1.0,
      "Segments": [
        0,
        0,
        0,
        5.367,
        0
      ]
    },
    {
      "Target": "Parameter",
      "Id": "ParamBrowLX",
      "FadeInTime": -1.0,
      "FadeOutTime": -1.0,
      "Segments": [
        0,
        0,
        0,
        5.367,
        0
      ]
    },
    {
      "Target": "Parameter",
      "Id": "ParamBrowLAngle",
      "FadeInTime": -1.0,
      "FadeOutTime": -1.0,
      "Segments": [
        0,
        0,
        0,
        5.367,
        0
      ]
    },
    {
      "Target": "Parameter",
      "Id": "ParamBrowRY",
      "FadeInTime": -1.0,
      "FadeOutTime": -1.0,
      "Segments": [
        0,
        0,
        0,
        5.367,
        0
      ]
    },
    {
      "Target": "Parameter",
      "Id": "ParamBrowRX",
      "FadeInTime": -1.0,
      "FadeOutTime": -1.0,
      "Segments": [
        0,
        0,
        0,
        5.367,
        0
      ]
    },
    {
      "Target": "Parameter",
      "Id": "ParamBreath",
      "FadeInTime": -1.0,
      "FadeOutTime": -1.0,
      "Segments": [
        0,
        0,
        0,
        5.367,
        0
      ]
    }
  ],
  "UserData": [
    {
      "Time": 0.0,
      "Value": ""
    },
    {
      "Time": 4.867,
      "Value": ""
    }
  ]
}