{
  "Version": 3,
  "Meta": {
    "Duration": 4.6,
    "Fps": 30.0,
    "Loop": true,
    "AreBeziersRestricted": true,
    "FadeInTime": 0.0,
    "FadeOutTime": 0.0,
    "CurveCount": 229,
    "TotalSegmentCount": 1090,
    "TotalPointCount": 1292,
    "UserDataCount": 2,
    "TotalUserDataSize": 0
  },
  "Curves": [
    {
      "Target": "Parameter",
      "Id": "touch_drag1",
      "FadeInTime": -1.0,
      "FadeOutTime": -1.0,
      "Segments": [
        0,
        0,
        0,
        0.5,
        30,
        2,
        2.167,
        30,
        0,
        2.533,
        0,
        2,
        4.1,
        0,
        2,
        4.6,
        0
      ]
    },
    {
      "Target": "Parameter",
      "Id": "ParamArmLAngle",
      "FadeInTime": -1.0,
      "FadeOutTime": -1.0,
      "Segments": [
        0,
        0,
        2,
        0.5,
        0,
        0,
        0.867,
        25.28,
        1,
        0.934,
        25.28,
        1,
        14.813,
        1.067,
        10,
        1,
        1.156,
        3.583,
        1.244,
        2.84,
        1.333,
        2.84,
        0,
        1.567,
        4.26,
        1,
        1.778,
        4.26,
        1.989,
        4.082,
        2.2,
        3,
        1,
        2.456,
        1.691,
        2.711,
        0.42,
        2.967,
        0.42,
        0,
        3.367,
        3,
        0,
        4.1,
        0,
        2,
        4.6,
        0
      ]
    },
    {
      "Target": "Parameter",
      "Id": "ParamArmLStretch",
      "FadeInTime": -1.0,
      "FadeOutTime": -1.0,
      "Segments": [
        0,
        0,
        2,
        0.5,
        0,
        0,
        0.867,
        -3,
        2,
        1.067,
        -3,
        0,
        1.333,
        0,
        2,
        1.567,
        0,
        0,
        2.967,
        -7.2,
        0,
        3.367,
        0,
        2,
        4.1,
        0,
        2,
        4.6,
        0
      ]
    },
    {
      "Target": "Parameter",
      "Id": "ParamForearmLAngle",
      "FadeInTime": -1.0,
      "FadeOutTime": -1.0,
      "Segments": [
        0,
        0,
        2,
        0.5,
        0,
        0,
        0.867,
        1,
        2,
        1.167,
        1,
        0,
        1.433,
        25.78,
        0,
        1.667,
        24.26,
        1,
        1.845,
        24.26,
        2.022,
        24.105,
        2.2,
        24.64,
        1,
        2.456,
        25.41,
        2.711,
        30,
        2.967,
        30,
        1,
        3.1,
        30,
        3.234,
        30,
        3.367,
        24.64,
        1,
        3.611,
        14.259,
        3.856,
        0,
        4.1,
        0,
        2,
        4.6,
        0
      ]
    },
    {
      "Target": "Parameter",
      "Id": "ParamForearmLStretch",
      "FadeInTime": -1.0,
      "FadeOutTime": -1.0,
      "Segments": [
        0,
        0,
        2,
        0.5,
        0,
        0,
        0.867,
        16,
        2,
        1.167,
        16,
        0,
        1.433,
        0,
        2,
        1.667,
        0,
        0,
        2.967,
        16.98,
        0,
        3.367,
        0,
        2,
        4.1,
        0,
        2,
        4.6,
        0
      ]
    },
    {
      "Target": "Parameter",
      "Id": "ParamHandLAngle",
      "FadeInTime": -1.0,
      "FadeOutTime": -1.0,
      "Segments": [
        0,
        0,
        2,
        0.5,
        0,
        0,
        0.867,
        5,
        0,
        1.267,
        -7,
        0,
        1.533,
        6,
        1,
        1.611,
        6,
        1.689,
        -0.824,
        1.767,
        -2,
        1,
        2.167,
        -8.047,
        2.567,
        -10,
        2.967,
        -10,
        0,
        3.367,
        0,
        2,
        4.1,
        0,
        2,
        4.6,
        0
      ]
    },
    {
      "Target": "Parameter",
      "Id": "lsban",
      "FadeInTime": -1.0,
      "FadeOutTime": -1.0,
      "Segments": [
        0,
        0,
        2,
        0.5,
        0,
        0,
        1.333,
        1,
        2,
        1.567,
        1,
        2,
        2.967,
        1,
        2,
        3.367,
        1,
        0,
        3.8,
        0,
        2,
        4.1,
        0,
        2,
        4.6,
        0
      ]
    },
    {
      "Target": "Parameter",
      "Id": "lyuanxbxs",
      "FadeInTime": -1.0,
      "FadeOutTime": -1.0,
      "Segments": [
        0,
        0,
        2,
        0.5,
        0,
        2,
        0.867,
        0,
        2,
        1.067,
        0,
        0,
        1.333,
        1,
        2,
        1.567,
        1,
        2,
        2.967,
        1,
        2,
        3.367,
        1,
        2,
        3.567,
        1,
        0,
        3.667,
        0,
        2,
        3.8,
        0,
        2,
        4.1,
        0,
        2,
        4.6,
        0
      ]
    },
    {
      "Target": "Parameter",
      "Id": "quanshoubxs",
      "FadeInTime": -1.0,
      "FadeOutTime": -1.0,
      "Segments": [
        0,
        0,
        2,
        0.5,
        0,
        2,
        0.867,
        0,
        2,
        1.067,
        0,
        0,
        1.333,
        1,
        2,
        1.567,
        1,
        2,
        2.967,
        1,
        2,
        3.367,
        1,
        2,
        3.667,
        1,
        0,
        3.8,
        0,
        2,
        4.1,
        0,
        2,
        4.6,
        0
      ]
    },
    {
      "Target": "Parameter",
      "Id": "lyuanshouz",
      "FadeInTime": -1.0,
      "FadeOutTime": -1.0,
      "Segments": [
        0,
        0,
        2,
        0.5,
        0,
        0,
        0.867,
        12,
        1,
        0.934,
        12,
        1,
        -21.557,
        1.067,
        -24,
        1,
        1.211,
        -29.294,
        1.356,
        -30,
        1.5,
        -30,
        0,
        1.8,
        30,
        0,
        2.3,
        0,
        0,
        2.967,
        30,
        0,
        3.367,
        0,
        2,
        4.1,
        0,
        2,
        4.6,
        0
      ]
    },
    {
      "Target": "Parameter",
      "Id": "lyuanshoumz2",
      "FadeInTime": -1.0,
      "FadeOutTime": -1.0,
      "Segments": [
        0,
        0,
        2,
        0.5,
        0,
        0,
        0.867,
        26,
        2,
        1.067,
        26,
        0,
        1.333,
        0,
        2,
        1.567,
        0,
        2,
        2.967,
        0,
        2,
        3.367,
        0,
        2,
        4.1,
        0,
        2,
        4.6,
        0
      ]
    },
    {
      "Target": "Parameter",
      "Id": "lyuanshoumz3",
      "FadeInTime": -1.0,
      "FadeOutTime": -1.0,
      "Segments": [
        0,
        0,
        2,
        1.633,
        0,
        0,
        2.267,
        1.164,
        2,
        2.3,
        1.164,
        2,
        3.433,
        1.164,
        0,
        4,
        0,
        2,
        4.6,
        0
      ]
    },
    {
      "Target": "Parameter",
      "Id": "lshuaishou",
      "FadeInTime": -1.0,
      "FadeOutTime": -1.0,
      "Segments": [
        0,
        0,
        2,
        0.5,
        0,
        0,
        0.833,
        30,
        0,
        0.967,
        0,
        2,
        4.1,
        0,
        2,
        4.6,
        0
      ]
    },
    {
      "Target": "Parameter",
      "Id": "ljianfbz1",
      "FadeInTime": -1.0,
      "FadeOutTime": -1.0,
      "Segments": [
        0,
        0,
        2,
        0.5,
        0,
        1,
        0.622,
        0,
        0.745,
        1.057,
        0.867,
        4,
        1,
        0.934,
        5.605,
        1,
        7,
        1.067,
        7,
        0,
        1.333,
        -9,
        1,
        1.411,
        -9,
        1.489,
        -2.752,
        1.567,
        -2,
        1,
        2.034,
        2.51,
        2.5,
        4,
        2.967,
        4,
        0,
        3.367,
        -2,
        0,
        4.1,
        0,
        2,
        4.6,
        0
      ]
    },
    {
      "Target": "Parameter",
      "Id": "ljianfbz2",
      "FadeInTime": -1.0,
      "FadeOutTime": -1.0,
      "Segments": [
        0,
        0,
        2,
        0.5,
        0,
        0,
        0.867,
        24,
        0,
        1.067,
        14.24,
        0,
        1.333,
        20,
        2,
        1.567,
        20,
        0,
        2.967,
        19,
        2,
        3.367,
        19,
        0,
        4.1,
        0,
        2,
        4.6,
        0
      ]
    },
    {
      "Target": "Parameter",
      "Id": "lshouyX",
      "FadeInTime": -1.0,
      "FadeOutTime": -1.0,
      "Segments": [
        0,
        0,
        2,
        0.5,
        0,
        0,
        0.6,
        30,
        2,
        3.9,
        30,
        0,
        4.1,
        0,
        2,
        4.6,
        0
      ]
    },
    {
      "Target": "Parameter",
      "Id": "lshouyY",
      "FadeInTime": -1.0,
      "FadeOutTime": -1.0,
      "Segments": [
        0,
        0,
        2,
        0.5,
        0,
        1,
        0.533,
        0,
        0.567,
        24.896,
        0.6,
        25,
        1,
        1.7,
        28.428,
        2.8,
        30,
        3.9,
        30,
        0,
        4.1,
        0,
        2,
        4.6,
        0
      ]
    },
    {
      "Target": "Parameter",
      "Id": "lshouyingxs",
      "FadeInTime": -1.0,
      "FadeOutTime": -1.0,
      "Segments": [
        0,
        0,
        2,
        0.5,
        0,
        0,
        0.6,
        30,
        2,
        3.9,
        30,
        0,
        4.1,
        0,
        2,
        4.6,
        0
      ]
    },
    {
      "Target": "Parameter",
      "Id": "souqianfcji",
      "FadeInTime": -1.0,
      "FadeOutTime": -1.0,
      "Segments": [
        0,
        0,
        2,
        0.5,
        0,
        0,
        0.533,
        30,
        2,
        0.833,
        30,
        2,
        3.6,
        30,
        0,
        4.1,
        0,
        2,
        4.6,
        0
      ]
    },
    {
      "Target": "Parameter",
      "Id": "shouqfsd1",
      "FadeInTime": -1.0,
      "FadeOutTime": -1.0,
      "Segments": [
        0,
        0,
        2,
        0.5,
        0,
        0,
        0.867,
        -5,
        0,
        1.3,
        17,
        1,
        1.444,
        17,
        1.589,
        16.718,
        1.733,
        15,
        1,
        1.9,
        13.017,
        2.066,
        10.411,
        2.233,
        7,
        1,
        2.389,
        3.816,
        2.544,
        0,
        2.7,
        0,
        1,
        2.867,
        0,
        3.033,
        2.244,
        3.2,
        5,
        1,
        3.344,
        7.389,
        3.489,
        8,
        3.633,
        8,
        0,
        4.1,
        0,
        2,
        4.6,
        0
      ]
    },
    {
      "Target": "Parameter",
      "Id": "shouqfh2",
      "FadeInTime": -1.0,
      "FadeOutTime": -1.0,
      "Segments": [
        0,
        0,
        2,
        0.5,
        0,
        0,
        0.933,
        8,
        0,
        1.367,
        -4,
        0,
        1.833,
        2,
        0,
        2.333,
        -4,
        0,
        2.8,
        6,
        0,
        3.3,
        -3,
        0,
        3.733,
        6,
        0,
        4.1,
        0,
        2,
        4.6,
        0
      ]
    },
    {
      "Target": "Parameter",
      "Id": "shouqfh3",
      "FadeInTime": -1.0,
      "FadeOutTime": -1.0,
      "Segments": [
        0,
        0,
        2,
        0.5,
        0,
        0,
        1.033,
        8,
        0,
        1.467,
        -4,
        0,
        1.933,
        2,
        0,
        2.433,
        -4,
        0,
        2.9,
        6,
        0,
        3.4,
        -3,
        0,
        3.833,
        6,
        0,
        4.1,
        0,
        2,
        4.6,
        0
      ]
    },
    {
      "Target": "Parameter",
      "Id": "lxbgs2",
      "FadeInTime": -1.0,
      "FadeOutTime": -1.0,
      "Segments": [
        0,
        0,
        0,
        0.5,
        30,
        2,
        4.1,
        30,
        0,
        4.6,
        0
      ]
    },
    {
      "Target": "Parameter",
      "Id": "ParamArmRAngle",
      "FadeInTime": -1.0,
      "FadeOutTime": -1.0,
      "Segments": [
        0,
        0,
        2,
        0.5,
        0,
        1,
        0.578,
        0,
        0.655,
        -7.505,
        0.733,
        -10,
        1,
        0.8,
        -12.138,
        0.866,
        -11.856,
        0.933,
        -14,
        1,
        1.022,
        -16.859,
        1.111,
        -23.32,
        1.2,
        -23.32,
        1,
        1.289,
        -23.32,
        1.378,
        -23.859,
        1.467,
        -21,
        1,
        1.7,
        -13.496,
        1.934,
        -3,
        2.167,
        -3,
        0,
        2.9,
        -9,
        2,
        2.967,
        -9,
        2,
        3.367,
        -9,
        0,
        3.6,
        -14,
        0,
        4.1,
        0,
        2,
        4.6,
        0
      ]
    },
    {
      "Target": "Parameter",
      "Id": "ParamArmRStretch",
      "FadeInTime": -1.0,
      "FadeOutTime": -1.0,
      "Segments": [
        0,
        0,
        2,
        0.5,
        0,
        0,
        1.2,
        10,
        2,
        1.467,
        10,
        0,
        2.167,
        0,
        2,
        2.967,
        0,
        2,
        3.367,
        0,
        2,
        4.1,
        0,
        2,
        4.6,
        0
      ]
    },
    {
      "Target": "Parameter",
      "Id": "ParamForearmRAngle",
      "FadeInTime": -1.0,
      "FadeOutTime": -1.0,
      "Segments": [
        0,
        0,
        2,
        0.5,
        0,
        1,
        0.611,
        0,
        0.722,
        0.618,
        0.833,
        1,
        1,
        0.9,
        1.229,
        0.966,
        1.13,
        1.033,
        1.403,
        1,
        1.122,
        1.766,
        1.211,
        4,
        1.3,
        4,
        0,
        1.567,
        1.44,
        0,
        2.267,
        14,
        0,
        3,
        10.42,
        2,
        3.067,
        10.42,
        2,
        3.467,
        10.42,
        1,
        3.6,
        10.42,
        3.734,
        3.861,
        3.867,
        1.236,
        1,
        3.945,
        -0.295,
        4.022,
        0,
        4.1,
        0,
        2,
        4.6,
        0
      ]
    },
    {
      "Target": "Parameter",
      "Id": "ParamHandRStretch",
      "FadeInTime": -1.0,
      "FadeOutTime": -1.0,
      "Segments": [
        0,
        0,
        2,
        0.5,
        0,
        2,
        1.133,
        0,
        2,
        1.4,
        0,
        2,
        1.667,
        0,
        0,
        2.367,
        -30,
        0,
        3.1,
        -25.32,
        2,
        3.167,
        -25.32,
        2,
        3.567,
        -25.32,
        0,
        4.1,
        0,
        2,
        4.6,
        0
      ]
    },
    {
      "Target": "Parameter",
      "Id": "ParamHandRAngle",
      "FadeInTime": -1.0,
      "FadeOutTime": -1.0,
      "Segments": [
        0,
        0,
        2,
        0.5,
        0,
        1,
        0.578,
        0,
        0.655,
        -0.083,
        0.733,
        -2,
        1,
        0.8,
        -3.643,
        0.866,
        -8,
        0.933,
        -8,
        0,
        1.2,
        0,
        2,
        1.467,
        0,
        0,
        2.167,
        -17,
        2,
        2.967,
        -17,
        2,
        3.367,
        -17,
        0,
        4.1,
        0,
        2,
        4.6,
        0
      ]
    },
    {
      "Target": "Parameter",
      "Id": "ParamForearmRLayer",
      "FadeInTime": -1.0,
      "FadeOutTime": -1.0,
      "Segments": [
        0,
        0,
        2,
        0.5,
        0,
        2,
        0.933,
        0,
        1,
        1.022,
        0,
        1.111,
        -2.026,
        1.2,
        -7,
        1,
        1.289,
        -11.974,
        1.378,
        -15,
        1.467,
        -15,
        0,
        1.733,
        0,
        2,
        2.967,
        0,
        2,
        3.367,
        0,
        2,
        4.1,
        0,
        2,
        4.6,
        0
      ]
    },
    {
      "Target": "Parameter",
      "Id": "ParamHandRREDisplay",
      "FadeInTime": -1.0,
      "FadeOutTime": -1.0,
      "Segments": [
        0,
        30,
        2,
        0.5,
        30,
        2,
        0.933,
        30,
        2,
        1.2,
        30,
        2,
        1.467,
        30,
        2,
        1.7,
        30,
        1,
        1.722,
        30,
        1.745,
        0,
        1.767,
        0,
        2,
        2.167,
        0,
        2,
        2.967,
        0,
        2,
        3.367,
        0,
        2,
        3.6,
        0,
        0,
        3.667,
        30,
        2,
        3.8,
        30,
        2,
        4.1,
        30,
        2,
        4.6,
        30
      ]
    },
    {
      "Target": "Parameter",
      "Id": "ParamHandRREDisplay2",
      "FadeInTime": -1.0,
      "FadeOutTime": -1.0,
      "Segments": [
        0,
        30,
        2,
        0.5,
        30,
        2,
        0.933,
        30,
        2,
        1.2,
        30,
        2,
        1.467,
        30,
        2,
        1.7,
        30,
        1,
        1.722,
        30,
        1.745,
        0,
        1.767,
        0,
        2,
        2.167,
        0,
        2,
        2.967,
        0,
        2,
        3.367,
        0,
        2,
        3.6,
        0,
        0,
        3.667,
        30,
        2,
        3.8,
        30,
        2,
        4.1,
        30,
        2,
        4.6,
        30
      ]
    },
    {
      "Target": "Parameter",
      "Id": "rllxb",
      "FadeInTime": -1.0,
      "FadeOutTime": -1.0,
      "Segments": [
        0,
        0,
        2,
        0.5,
        0,
        2,
        1.2,
        0,
        2,
        1.467,
        0,
        0,
        1.833,
        30,
        2,
        2.167,
        30,
        2,
        2.967,
        30,
        2,
        3.367,
        30,
        2,
        3.6,
        30,
        2,
        3.667,
        30,
        0,
        3.733,
        0,
        2,
        4.1,
        0,
        2,
        4.6,
        0
      ]
    },
    {
      "Target": "Parameter",
      "Id": "ParamHandR3Display",
      "FadeInTime": -1.0,
      "FadeOutTime": -1.0,
      "Segments": [
        0,
        0,
        2,
        0.5,
        0,
        2,
        1.2,
        0,
        2,
        1.467,
        0,
        0,
        1.833,
        30,
        2,
        2.167,
        30,
        2,
        2.967,
        30,
        2,
        3.367,
        30,
        2,
        3.6,
        30,
        1,
        3.622,
        30,
        3.645,
        16.706,
        3.667,
        15,
        1,
        3.811,
        3.912,
        3.956,
        0,
        4.1,
        0,
        2,
        4.6,
        0
      ]
    },
    {
      "Target": "Parameter",
      "Id": "youshouj",
      "FadeInTime": -1.0,
      "FadeOutTime": -1.0,
      "Segments": [
        0,
        0,
        2,
        0.5,
        0,
        0,
        0.933,
        -30,
        0,
        1.2,
        0,
        2,
        1.467,
        0,
        0,
        1.7,
        23,
        0,
        2.167,
        0,
        2,
        2.967,
        0,
        0,
        3.2,
        24,
        0,
        3.6,
        0,
        2,
        4.1,
        0,
        2,
        4.6,
        0
      ]
    },
    {
      "Target": "Parameter",
      "Id": "youshouj2",
      "FadeInTime": -1.0,
      "FadeOutTime": -1.0,
      "Segments": [
        0,
        0,
        2,
        0.5,
        0,
        2,
        0.933,
        0,
        2,
        1.2,
        0,
        2,
        1.467,
        0,
        0,
        1.833,
        23,
        0,
        2.167,
        -30,
        2,
        2.967,
        -30,
        0,
        3.6,
        0,
        2,
        4.1,
        0,
        2,
        4.6,
        0
      ]
    },
    {
      "Target": "Parameter",
      "Id": "rshizhi",
      "FadeInTime": -1.0,
      "FadeOutTime": -1.0,
      "Segments": [
        0,
        0,
        2,
        0.5,
        0,
        0,
        0.633,
        30,
        0,
        0.933,
        -14,
        0,
        1.2,
        0,
        2,
        1.467,
        0,
        0,
        1.7,
        21,
        0,
        2.167,
        0,
        2,
        2.967,
        0,
        0,
        3.2,
        30,
        1,
        3.333,
        30,
        3.467,
        20.085,
        3.6,
        19,
        1,
        3.689,
        18.277,
        3.778,
        18.585,
        3.867,
        18,
        1,
        3.945,
        17.488,
        4.022,
        0,
        4.1,
        0,
        2,
        4.6,
        0
      ]
    },
    {
      "Target": "Parameter",
      "Id": "rmuzhi",
      "FadeInTime": -1.0,
      "FadeOutTime": -1.0,
      "Segments": [
        0,
        0,
        2,
        0.5,
        0,
        0,
        0.933,
        1,
        0,
        1.2,
        0,
        2,
        1.467,
        0,
        2,
        2.967,
        0,
        2,
        3.6,
        0,
        2,
        4.1,
        0,
        2,
        4.6,
        0
      ]
    },
    {
      "Target": "Parameter",
      "Id": "szlayongjxs",
      "FadeInTime": -1.0,
      "FadeOutTime": -1.0,
      "Segments": [
        0,
        0,
        2,
        0.5,
        0,
        0,
        0.633,
        1,
        2,
        1.2,
        1,
        2,
        1.467,
        1,
        2,
        2.167,
        1,
        2,
        2.967,
        1,
        2,
        3.2,
        1,
        2,
        3.6,
        1,
        2,
        3.867,
        1,
        0,
        4.1,
        0,
        2,
        4.6,
        0
      ]
    },
    {
      "Target": "Parameter",
      "Id": "layongjxs2",
      "FadeInTime": -1.0,
      "FadeOutTime": -1.0,
      "Segments": [
        0,
        0,
        2,
        0.5,
        0,
        0,
        0.633,
        1,
        2,
        1.2,
        1,
        2,
        1.467,
        1,
        2,
        2.167,
        1,
        2,
        2.967,
        1,
        0,
        3.2,
        0,
        0,
        3.6,
        1,
        2,
        3.867,
        1,
        0,
        4.1,
        0,
        2,
        4.6,
        0
      ]
    },
    {
      "Target": "Parameter",
      "Id": "yjdaixs",
      "FadeInTime": -1.0,
      "FadeOutTime": -1.0,
      "Segments": [
        0,
        0,
        2,
        0.5,
        0,
        0,
        1.2,
        1,
        2,
        1.467,
        1,
        2,
        2.167,
        1,
        2,
        2.967,
        1,
        2,
        3.2,
        1,
        0,
        3.6,
        0,
        2,
        4.1,
        0,
        2,
        4.6,
        0
      ]
    },
    {
      "Target": "Parameter",
      "Id": "yongjlx",
      "FadeInTime": -1.0,
      "FadeOutTime": -1.0,
      "Segments": [
        0,
        0,
        2,
        0.5,
        0,
        1,
        0.544,
        0,
        0.589,
        -0.532,
        0.633,
        5,
        1,
        0.7,
        13.299,
        0.766,
        30,
        0.833,
        30,
        2,
        2.967,
        30,
        2,
        3.2,
        30,
        2,
        3.6,
        30,
        2,
        3.867,
        30,
        0,
        4.1,
        0,
        2,
        4.6,
        0
      ]
    },
    {
      "Target": "Parameter",
      "Id": "sdyjd1",
      "FadeInTime": -1.0,
      "FadeOutTime": -1.0,
      "Segments": [
        0,
        0,
        2,
        0.5,
        0,
        0,
        0.633,
        -30,
        0,
        0.7,
        0,
        2,
        1.2,
        0,
        2,
        1.467,
        0,
        2,
        2.167,
        0,
        2,
        2.967,
        0,
        2,
        3.2,
        0,
        2,
        3.6,
        0,
        0,
        3.867,
        -12,
        0,
        4.1,
        0,
        2,
        4.6,
        0
      ]
    },
    {
      "Target": "Parameter",
      "Id": "sdyjd2",
      "FadeInTime": -1.0,
      "FadeOutTime": -1.0,
      "Segments": [
        0,
        0,
        2,
        0.5,
        0,
        0,
        0.633,
        -3,
        0,
        0.7,
        0,
        2,
        1.2,
        0,
        2,
        1.467,
        0,
        2,
        2.167,
        0,
        2,
        2.967,
        0,
        2,
        3.2,
        0,
        2,
        3.6,
        0,
        0,
        3.867,
        1,
        0,
        4.1,
        0,
        2,
        4.6,
        0
      ]
    },
    {
      "Target": "Parameter",
      "Id": "ParamAngleX",
      "FadeInTime": -1.0,
      "FadeOutTime": -1.0,
      "Segments": [
        0,
        0,
        2,
        0.5,
        0,
        1,
        0.7,
        0,
        0.9,
        1.025,
        1.1,
        2,
        1,
        1.278,
        2.867,
        1.455,
        3,
        1.633,
        3,
        0,
        2.367,
        2,
        0,
        3.133,
        4,
        1,
        3.266,
        4,
        3.4,
        3.963,
        3.533,
        3,
        1,
        3.722,
        1.636,
        3.911,
        0,
        4.1,
        0,
        2,
        4.6,
        0
      ]
    },
    {
      "Target": "Parameter",
      "Id": "ParamAngleY",
      "FadeInTime": -1.0,
      "FadeOutTime": -1.0,
      "Segments": [
        0,
        0,
        2,
        0.5,
        0,
        0,
        1.167,
        20,
        1,
        1.345,
        20,
        1.522,
        -10.735,
        1.7,
        -13,
        1,
        1.944,
        -16.114,
        2.189,
        -16,
        2.433,
        -16,
        0,
        3.2,
        -6,
        0,
        3.6,
        -13,
        0,
        4.1,
        0,
        2,
        4.6,
        0
      ]
    },
    {
      "Target": "Parameter",
      "Id": "ParamAngleZ",
      "FadeInTime": -1.0,
      "FadeOutTime": -1.0,
      "Segments": [
        0,
        0,
        2,
        0.5,
        0,
        0,
        0.733,
        23,
        1,
        1.033,
        23,
        1.333,
        22.875,
        1.633,
        20,
        1,
        1.878,
        17.657,
        2.122,
        12,
        2.367,
        12,
        0,
        3.133,
        20,
        2,
        3.533,
        20,
        0,
        4.1,
        0,
        2,
        4.6,
        0
      ]
    },
    {
      "Target": "Parameter",
      "Id": "ParamBodyAngleX",
      "FadeInTime": -1.0,
      "FadeOutTime": -1.0,
      "Segments": [
        0,
        0,
        2,
        0.5,
        0,
        2,
        1.533,
        0,
        0,
        2.267,
        -2,
        2,
        3.033,
        -2,
        2,
        3.433,
        -2,
        0,
        4.1,
        0,
        2,
        4.6,
        0
      ]
    },
    {
      "Target": "Parameter",
      "Id": "SHENTIY",
      "FadeInTime": -1.0,
      "FadeOutTime": -1.0,
      "Segments": [
        0,
        0,
        2,
        0.5,
        0,
        0,
        0.967,
        -11,
        0,
        1.267,
        2,
        1,
        1.356,
        2,
        1.444,
        1.045,
        1.533,
        0,
        1,
        1.778,
        -2.873,
        2.022,
        -4,
        2.267,
        -4,
        0,
        3.033,
        3,
        2,
        3.433,
        3,
        0,
        4.1,
        0,
        2,
        4.6,
        0
      ]
    },
    {
      "Target": "Parameter",
      "Id": "QUANTIX",
      "FadeInTime": -1.0,
      "FadeOutTime": -1.0,
      "Segments": [
        0,
        0,
        2,
        0.5,
        0,
        0,
        0.967,
        -0.84,
        0,
        1.267,
        0.3,
        1,
        1.356,
        0.3,
        1.444,
        0.103,
        1.533,
        0,
        1,
        1.778,
        -0.282,
        2.022,
        -0.36,
        2.267,
        -0.36,
        0,
        3.033,
        0.42,
        0,
        3.433,
        0,
        2,
        4.1,
        0,
        2,
        4.6,
        0
      ]
    },
    {
      "Target": "Parameter",
      "Id": "QUANTIY",
      "FadeInTime": -1.0,
      "FadeOutTime": -1.0,
      "Segments": [
        0,
        0,
        2,
        0.5,
        0,
        0,
        0.967,
        -0.48,
        0,
        1.267,
        0.48,
        1,
        1.356,
        0.48,
        1.444,
        0.038,
        1.533,
        0,
        1,
        1.778,
        -0.106,
        2.022,
        -0.12,
        2.267,
        -0.12,
        0,
        3.033,
        0,
        2,
        3.433,
        0,
        2,
        4.1,
        0,
        2,
        4.6,
        0
      ]
    },
    {
      "Target": "Parameter",
      "Id": "ParamChestZ",
      "FadeInTime": -1.0,
      "FadeOutTime": -1.0,
      "Segments": [
        0,
        0,
        2,
        0.5,
        0,
        0,
        0.8,
        -5,
        0,
        1.367,
        0,
        0,
        2.1,
        -8,
        0,
        2.867,
        6,
        0,
        3.467,
        -6,
        0,
        4.1,
        0,
        2,
        4.6,
        0
      ]
    },
    {
      "Target": "Parameter",
      "Id": "ParamWaistZ",
      "FadeInTime": -1.0,
      "FadeOutTime": -1.0,
      "Segments": [
        0,
        0,
        2,
        0.5,
        0,
        0,
        0.9,
        -19,
        0,
        1.2,
        1,
        1,
        1.289,
        1,
        1.378,
        1.19,
        1.467,
        0,
        1,
        1.711,
        -3.272,
        1.956,
        -7,
        2.2,
        -7,
        0,
        2.967,
        4,
        0,
        3.567,
        -4,
        0,
        4.1,
        0,
        2,
        4.6,
        0
      ]
    },
    {
      "Target": "Parameter",
      "Id": "ParamShoulderLStretch",
      "FadeInTime": -1.0,
      "FadeOutTime": -1.0,
      "Segments": [
        0,
        0,
        2,
        0.5,
        0,
        0,
        1.467,
        30,
        2,
        2.967,
        30,
        2,
        3.367,
        30,
        0,
        4.1,
        0,
        2,
        4.6,
        0
      ]
    },
    {
      "Target": "Parameter",
      "Id": "ParamShoulderRStretch",
      "FadeInTime": -1.0,
      "FadeOutTime": -1.0,
      "Segments": [
        0,
        0,
        2,
        0.5,
        0,
        0,
        1.467,
        30,
        2,
        2.967,
        30,
        2,
        3.367,
        30,
        0,
        4.1,
        0,
        2,
        4.6,
        0
      ]
    },
    {
      "Target": "Parameter",
      "Id": "shentihuxi",
      "FadeInTime": -1.0,
      "FadeOutTime": -1.0,
      "Segments": [
        0,
        0,
        2,
        0.5,
        0,
        0,
        0.9,
        -6,
        0,
        1.233,
        8,
        0,
        1.867,
        -6,
        0,
        2.733,
        3,
        0,
        3.367,
        -3,
        0,
        4.1,
        0,
        2,
        4.6,
        0
      ]
    },
    {
      "Target": "Parameter",
      "Id": "ParamMouthForm",
      "FadeInTime": -1.0,
      "FadeOutTime": -1.0,
      "Segments": [
        0,
        0,
        2,
        0.5,
        0,
        0,
        0.633,
        0.2,
        0,
        0.833,
        -1,
        1,
        1.011,
        -1,
        1.189,
        -0.996,
        1.367,
        -0.9,
        1,
        1.467,
        -0.846,
        1.567,
        -0.317,
        1.667,
        -0.2,
        1,
        1.756,
        -0.096,
        1.844,
        -0.1,
        1.933,
        -0.1,
        1,
        2,
        -0.1,
        2.066,
        -0.1,
        2.133,
        -0.2,
        1,
        2.2,
        -0.3,
        2.266,
        -0.5,
        2.333,
        -0.5,
        2,
        2.8,
        -0.5,
        2,
        3.367,
        -0.5,
        0,
        3.633,
        0,
        2,
        4.1,
        0,
        2,
        4.6,
        0
      ]
    },
    {
      "Target": "Parameter",
      "Id": "koudaxiao",
      "FadeInTime": -1.0,
      "FadeOutTime": -1.0,
      "Segments": [
        0,
        0,
        2,
        0.5,
        0,
        0,
        0.767,
        1,
        0,
        0.867,
        -0.6,
        0,
        1.367,
        1,
        1,
        1.467,
        1,
        1.567,
        0.972,
        1.667,
        0.6,
        1,
        1.756,
        0.269,
        1.844,
        -0.3,
        1.933,
        -0.3,
        0,
        2.133,
        -0.1,
        0,
        2.8,
        -0.5,
        2,
        3.367,
        -0.5,
        0,
        4.1,
        0,
        2,
        4.6,
        0
      ]
    },
    {
      "Target": "Parameter",
      "Id": "ParamMouthOpenYSD",
      "FadeInTime": -1.0,
      "FadeOutTime": -1.0,
      "Segments": [
        0,
        0,
        2,
        0.5,
        0,
        2,
        1.467,
        0,
        2,
        2.467,
        0,
        2,
        2.5,
        1,
        2,
        3.633,
        1,
        2,
        3.667,
        0,
        2,
        4.1,
        0,
        2,
        4.6,
        0
      ]
    },
    {
      "Target": "Parameter",
      "Id": "sdParamMouthOpenY",
      "FadeInTime": -1.0,
      "FadeOutTime": -1.0,
      "Segments": [
        0,
        0,
        2,
        0.5,
        0,
        2,
        1.467,
        0,
        2,
        2.5,
        0,
        0,
        2.8,
        0.7,
        2,
        3.367,
        0.7,
        0,
        3.633,
        0,
        2,
        4.1,
        0,
        2,
        4.6,
        0
      ]
    },
    {
      "Target": "Parameter",
      "Id": "yayaohe",
      "FadeInTime": -1.0,
      "FadeOutTime": -1.0,
      "Segments": [
        0,
        0,
        2,
        0.5,
        0,
        2,
        1.467,
        0,
        2,
        2.467,
        0,
        2,
        2.5,
        1,
        2,
        3.633,
        1,
        2,
        3.733,
        0,
        2,
        4.1,
        0,
        2,
        4.6,
        0
      ]
    },
    {
      "Target": "Parameter",
      "Id": "ParamBrowRForm",
      "FadeInTime": -1.0,
      "FadeOutTime": -1.0,
      "Segments": [
        0,
        0,
        2,
        0.5,
        0,
        0,
        0.933,
        1,
        0,
        1.467,
        -0.5,
        2,
        2.967,
        -0.5,
        2,
        3.367,
        -0.5,
        0,
        4.1,
        0,
        2,
        4.6,
        0
      ]
    },
    {
      "Target": "Parameter",
      "Id": "ParamEyeROpen",
      "FadeInTime": -1.0,
      "FadeOutTime": -1.0,
      "Segments": [
        0,
        1,
        2,
        0.5,
        1,
        0,
        0.933,
        1.3,
        0,
        1.467,
        1,
        2,
        1.8,
        1,
        0,
        2.4,
        0.8,
        2,
        2.967,
        0.8,
        2,
        3.367,
        0.8,
        0,
        4.1,
        1,
        2,
        4.6,
        1
      ]
    },
    {
      "Target": "Parameter",
      "Id": "ParamEyeBallX",
      "FadeInTime": -1.0,
      "FadeOutTime": -1.0,
      "Segments": [
        0,
        0,
        2,
        0.5,
        0,
        1,
        0.644,
        0,
        0.789,
        -0.082,
        0.933,
        -0.2,
        1,
        1.111,
        -0.346,
        1.289,
        -0.4,
        1.467,
        -0.4,
        2,
        2.967,
        -0.4,
        2,
        3.367,
        -0.4,
        0,
        4.1,
        0,
        2,
        4.6,
        0
      ]
    },
    {
      "Target": "Parameter",
      "Id": "ParamEyeBallY",
      "FadeInTime": -1.0,
      "FadeOutTime": -1.0,
      "Segments": [
        0,
        0,
        2,
        0.5,
        0,
        1,
        0.644,
        0,
        0.789,
        0.022,
        0.933,
        -0.1,
        1,
        1.111,
        -0.25,
        1.289,
        -0.8,
        1.467,
        -0.8,
        2,
        2.967,
        -0.8,
        2,
        3.367,
        -0.8,
        0,
        4.1,
        0,
        2,
        4.6,
        0
      ]
    },
    {
      "Target": "Parameter",
      "Id": "lianhong",
      "FadeInTime": -1.0,
      "FadeOutTime": -1.0,
      "Segments": [
        0,
        0,
        2,
        0.5,
        0,
        0,
        1.467,
        1,
        2,
        2.967,
        1,
        2,
        3.367,
        1,
        0,
        4.1,
        0,
        2,
        4.6,
        0
      ]
    },
    {
      "Target": "Parameter",
      "Id": "yjxs",
      "FadeInTime": -1.0,
      "FadeOutTime": -1.0,
      "Segments": [
        0,
        1,
        2,
        0.5,
        1,
        0,
        0.7,
        0,
        2,
        1.567,
        0,
        0,
        1.8,
        1,
        2,
        2.967,
        1,
        2,
        3.367,
        1,
        2,
        4.1,
        1,
        2,
        4.6,
        1
      ]
    },
    {
      "Target": "Parameter",
      "Id": "biaoq1",
      "FadeInTime": -1.0,
      "FadeOutTime": -1.0,
      "Segments": [
        0,
        0,
        2,
        0.5,
        0,
        0,
        0.7,
        1,
        2,
        1.567,
        1,
        0,
        1.8,
        0,
        2,
        2.967,
        0,
        2,
        3.367,
        0,
        2,
        4.1,
        0,
        2,
        4.6,
        0
      ]
    },
    {
      "Target": "Parameter",
      "Id": "huangtiaoxs",
      "FadeInTime": -1.0,
      "FadeOutTime": -1.0,
      "Segments": [
        0,
        0,
        2,
        0.5,
        0,
        0,
        0.633,
        -30,
        2,
        1.633,
        -30,
        0,
        1.8,
        0,
        2,
        4.1,
        0,
        2,
        4.6,
        0
      ]
    },
    {
      "Target": "Parameter",
      "Id": "ji",
      "FadeInTime": -1.0,
      "FadeOutTime": -1.0,
      "Segments": [
        0,
        0,
        2,
        0.5,
        0,
        2,
        0.633,
        0,
        1,
        0.755,
        0.333,
        0.878,
        0.667,
        1,
        1,
        2,
        1.033,
        0,
        1,
        1.155,
        0.333,
        1.278,
        0.667,
        1.4,
        1,
        2,
        1.433,
        0,
        1,
        1.555,
        0.333,
        1.678,
        0.667,
        1.8,
        1,
        2,
        1.833,
        0,
        2,
        4.1,
        0,
        2,
        4.6,
        0
      ]
    },
    {
      "Target": "Parameter",
      "Id": "sdllshang",
      "FadeInTime": -1.0,
      "FadeOutTime": -1.0,
      "Segments": [
        0,
        0,
        2,
        0.5,
        0,
        2,
        2.533,
        0,
        0,
        2.9,
        30,
        2,
        3.367,
        30,
        0,
        4.1,
        0,
        2,
        4.6,
        0
      ]
    },
    {
      "Target": "Parameter",
      "Id": "SD_BustMotionY_L",
      "FadeInTime": -1.0,
      "FadeOutTime": -1.0,
      "Segments": [
        0,
        0,
        0,
        0.5,
        -30,
        0,
        0.667,
        30,
        0,
        0.967,
        -30,
        0,
        1.233,
        30,
        0,
        1.5,
        -27,
        0,
        1.867,
        23,
        0,
        2.233,
        -15,
        0,
        2.633,
        11,
        0,
        3.033,
        -9.108,
        0,
        3.4,
        7,
        0,
        3.767,
        0,
        2,
        4.1,
        0,
        2,
        4.6,
        0
      ]
    },
    {
      "Target": "Parameter",
      "Id": "SD_BustMotionY_X",
      "FadeInTime": -1.0,
      "FadeOutTime": -1.0,
      "Segments": [
        0,
        0,
        0,
        0.5,
        -30,
        0,
        0.667,
        30,
        0,
        0.967,
        -30,
        0,
        1.233,
        30,
        0,
        1.5,
        -27,
        0,
        1.867,
        23,
        0,
        2.233,
        -15,
        0,
        2.633,
        11,
        0,
        3.033,
        -9.108,
        0,
        3.4,
        7,
        0,
        3.767,
        0,
        2,
        4.1,
        0,
        2,
        4.6,
        0
      ]
    },
    {
      "Target": "Parameter",
      "Id": "SD_BustMotionY_L2",
      "FadeInTime": -1.0,
      "FadeOutTime": -1.0,
      "Segments": [
        0,
        0,
        0,
        0.5,
        -24,
        1,
        0.556,
        -24,
        0.611,
        -4.361,
        0.667,
        10,
        1,
        0.734,
        27.233,
        0.8,
        30,
        0.867,
        30,
        0,
        1.133,
        -30,
        0,
        1.4,
        25,
        0,
        1.733,
        -18,
        0,
        2.133,
        13,
        1,
        2.233,
        13,
        2.333,
        0.298,
        2.433,
        -7,
        1,
        2.555,
        -15.92,
        2.678,
        -17.078,
        2.8,
        -17.078,
        0,
        3.2,
        9.108,
        0,
        3.567,
        -7,
        0,
        3.9,
        0,
        2,
        4.1,
        0,
        2,
        4.6,
        0
      ]
    },
    {
      "Target": "Parameter",
      "Id": "SD_BustMotionY_Y",
      "FadeInTime": -1.0,
      "FadeOutTime": -1.0,
      "Segments": [
        0,
        0,
        0,
        0.5,
        29,
        1,
        0.556,
        29,
        0.611,
        3.392,
        0.667,
        -11,
        1,
        0.734,
        -28.27,
        0.8,
        -30,
        0.867,
        -30,
        0,
        1.133,
        30,
        0,
        1.4,
        -24,
        0,
        1.733,
        18,
        0,
        2.133,
        -13,
        0,
        2.433,
        7,
        0,
        2.8,
        -17.078,
        0,
        3.2,
        9.108,
        0,
        3.567,
        -7,
        0,
        3.9,
        0,
        2,
        4.6,
        0
      ]
    },
    {
      "Target": "Parameter",
      "Id": "Hair_physics",
      "FadeInTime": -1.0,
      "FadeOutTime": -1.0,
      "Segments": [
        0,
        0,
        2,
        0.5,
        0,
        0,
        0.833,
        0.6,
        0,
        1.367,
        0,
        1,
        1.511,
        0,
        1.656,
        0,
        1.8,
        0.1,
        1,
        2.022,
        0.306,
        2.245,
        1,
        2.467,
        1,
        0,
        3.333,
        0,
        0,
        3.933,
        1,
        0,
        4.6,
        0
      ]
    },
    {
      "Target": "Parameter",
      "Id": "ParamLegLStretch",
      "FadeInTime": -1.0,
      "FadeOutTime": -1.0,
      "Segments": [
        0,
        0,
        2,
        0.5,
        0,
        0,
        0.9,
        -3,
        0,
        1.233,
        1,
        0,
        1.467,
        0,
        2,
        2.967,
        0,
        2,
        3.367,
        0,
        2,
        4.1,
        0,
        2,
        4.6,
        0
      ]
    },
    {
      "Target": "Parameter",
      "Id": "ParamLegRAngle",
      "FadeInTime": -1.0,
      "FadeOutTime": -1.0,
      "Segments": [
        0,
        0,
        2,
        0.5,
        0,
        0,
        0.9,
        -2,
        0,
        1.233,
        1,
        0,
        1.467,
        0,
        2,
        2.967,
        0,
        2,
        3.367,
        0,
        2,
        4.1,
        0,
        2,
        4.6,
        0
      ]
    },
    {
      "Target": "Parameter",
      "Id": "xfzhuan",
      "FadeInTime": -1.0,
      "FadeOutTime": -1.0,
      "Segments": [
        0,
        0,
        2,
        0.5,
        0,
        0,
        1.467,
        -30,
        2,
        2.967,
        -30,
        2,
        3.367,
        -30,
        0,
        4.1,
        0,
        2,
        4.6,
        0
      ]
    },
    {
      "Target": "Parameter",
      "Id": "lalian",
      "FadeInTime": -1.0,
      "FadeOutTime": -1.0,
      "Segments": [
        0,
        0,
        0,
        0.5,
        -28.807,
        0,
        0.567,
        -28.798,
        2,
        2.167,
        -28.798,
        0,
        2.9,
        28.814,
        0,
        3,
        28.798,
        2,
        3.033,
        28.798,
        2,
        3.367,
        28.798,
        0,
        4.1,
        0,
        2,
        4.6,
        0
      ]
    },
    {
      "Target": "Parameter",
      "Id": "lxbgs",
      "FadeInTime": -1.0,
      "FadeOutTime": -1.0,
      "Segments": [
        0,
        0,
        2,
        1.633,
        0,
        0,
        2.267,
        -1.862,
        2,
        2.333,
        -1.862,
        2,
        3.433,
        -1.862,
        0,
        4,
        0,
        2,
        4.6,
        0
      ]
    },
    {
      "Target": "Parameter",
      "Id": "qianfa1",
      "FadeInTime": -1.0,
      "FadeOutTime": -1.0,
      "Segments": [
        0,
        -0.008,
        0,
        0.1,
        -0.019,
        0,
        0.467,
        0.011,
        0,
        0.5,
        0.01,
        0,
        0.633,
        1.075,
        0,
        0.867,
        -7.966,
        0,
        1.2,
        10,
        0,
        1.567,
        -6.464,
        0,
        1.867,
        3.745,
        0,
        2.2,
        -5.3,
        0,
        2.6,
        3.215,
        0,
        2.967,
        0.22,
        0,
        3.233,
        1.151,
        0,
        3.767,
        -5.169,
        0,
        4.233,
        6.121,
        1,
        4.355,
        6.121,
        4.478,
        0.715,
        4.6,
        -1.602
      ]
    },
    {
      "Target": "Parameter",
      "Id": "qianfa2",
      "FadeInTime": -1.0,
      "FadeOutTime": -1.0,
      "Segments": [
        0,
        0.026,
        0,
        0.2,
        -0.043,
        0,
        0.767,
        2.73,
        0,
        1,
        -7.968,
        0,
        1.333,
        10.313,
        0,
        1.667,
        -8.652,
        0,
        2,
        7.2,
        0,
        2.333,
        -6.245,
        0,
        2.667,
        3.865,
        0,
        3.033,
        -1.962,
        0,
        3.433,
        1.689,
        0,
        3.9,
        -3.808,
        0,
        4.333,
        4.579,
        1,
        4.422,
        4.579,
        4.511,
        0.632,
        4.6,
        -1.52
      ]
    },
    {
      "Target": "Parameter",
      "Id": "rlihai1",
      "FadeInTime": -1.0,
      "FadeOutTime": -1.0,
      "Segments": [
        0,
        0.058,
        0,
        0.067,
        0.067,
        0,
        0.433,
        -0.038,
        0,
        0.633,
        1.514,
        0,
        0.9,
        -9.789,
        0,
        1.233,
        12.299,
        0,
        1.633,
        -8.437,
        0,
        1.967,
        4.103,
        0,
        2.3,
        -5.972,
        0,
        2.733,
        5.244,
        0,
        3.133,
        -0.748,
        0,
        3.433,
        1.391,
        0,
        3.8,
        -7.167,
        0,
        4.267,
        9.138,
        1,
        4.378,
        9.138,
        4.489,
        0.722,
        4.6,
        -3.162
      ]
    },
    {
      "Target": "Parameter",
      "Id": "rlihai2",
      "FadeInTime": -1.0,
      "FadeOutTime": -1.0,
      "Segments": [
        0,
        -0.074,
        0,
        0.2,
        0.199,
        0,
        0.5,
        -0.09,
        0,
        0.767,
        3.724,
        0,
        1.067,
        -11.37,
        0,
        1.4,
        15.54,
        0,
        1.767,
        -13.411,
        0,
        2.133,
        10.217,
        0,
        2.467,
        -9.113,
        0,
        2.867,
        7.476,
        0,
        3.233,
        -4.379,
        0,
        3.6,
        4.567,
        0,
        3.967,
        -8.276,
        0,
        4.4,
        10.342,
        1,
        4.467,
        10.342,
        4.533,
        3.734,
        4.6,
        -0.672
      ]
    },
    {
      "Target": "Parameter",
      "Id": "rzhongfa1",
      "FadeInTime": -1.0,
      "FadeOutTime": -1.0,
      "Segments": [
        0,
        -0.2,
        0,
        0.067,
        -0.214,
        0,
        0.467,
        0.128,
        0,
        0.5,
        0.124,
        0,
        0.633,
        1.996,
        0,
        0.933,
        -13.232,
        0,
        1.3,
        16.912,
        0,
        1.7,
        -11.214,
        0,
        2.033,
        3.172,
        0,
        2.4,
        -5.619,
        0,
        2.833,
        7.305,
        0,
        3.3,
        -1.578,
        0,
        3.5,
        -0.182,
        0,
        3.867,
        -9.179,
        0,
        4.3,
        13.762,
        1,
        4.4,
        13.762,
        4.5,
        1.749,
        4.6,
        -4.258
      ]
    },
    {
      "Target": "Parameter",
      "Id": "rzhongfa2",
      "FadeInTime": -1.0,
      "FadeOutTime": -1.0,
      "Segments": [
        0,
        -0.199,
        0,
        0.133,
        -0.494,
        0,
        0.767,
        5.059,
        0,
        1.067,
        -15.478,
        0,
        1.433,
        21.014,
        0,
        1.833,
        -17.403,
        0,
        2.2,
        11.676,
        0,
        2.567,
        -9.921,
        0,
        2.967,
        8.877,
        0,
        3.367,
        -4.934,
        0,
        3.7,
        4.179,
        0,
        4.033,
        -10.18,
        0,
        4.433,
        14.49,
        1,
        4.489,
        14.49,
        4.544,
        8.164,
        4.6,
        3.419
      ]
    },
    {
      "Target": "Parameter",
      "Id": "lliuhai1",
      "FadeInTime": -1.0,
      "FadeOutTime": -1.0,
      "Segments": [
        0,
        -0.133,
        0,
        0.067,
        -0.143,
        0,
        0.467,
        0.085,
        0,
        0.5,
        0.083,
        0,
        0.633,
        1.331,
        0,
        0.933,
        -8.822,
        0,
        1.3,
        11.274,
        0,
        1.7,
        -7.476,
        0,
        2.033,
        2.115,
        0,
        2.4,
        -3.746,
        0,
        2.833,
        4.87,
        0,
        3.3,
        -1.052,
        0,
        3.5,
        -0.121,
        0,
        3.867,
        -6.119,
        0,
        4.3,
        9.175,
        1,
        4.4,
        9.175,
        4.5,
        1.166,
        4.6,
        -2.838
      ]
    },
    {
      "Target": "Parameter",
      "Id": "lliuhai2",
      "FadeInTime": -1.0,
      "FadeOutTime": -1.0,
      "Segments": [
        0,
        -0.129,
        0,
        0.1,
        -0.206,
        0,
        0.767,
        3.101,
        0,
        1.067,
        -8.917,
        0,
        1.433,
        11.327,
        0,
        1.8,
        -9.115,
        0,
        2.167,
        6.3,
        0,
        2.533,
        -5.212,
        0,
        2.933,
        4.217,
        0,
        3.333,
        -2.249,
        0,
        3.667,
        2.548,
        0,
        4.033,
        -5.522,
        0,
        4.433,
        7.341,
        1,
        4.489,
        7.341,
        4.544,
        3.789,
        4.6,
        1.126
      ]
    },
    {
      "Target": "Parameter",
      "Id": "ParamHair1",
      "FadeInTime": -1.0,
      "FadeOutTime": -1.0,
      "Segments": [
        0,
        0.004,
        0,
        0.1,
        0.008,
        0,
        0.4,
        -0.004,
        0,
        0.567,
        0.497,
        0,
        0.833,
        -18.277,
        0,
        1.167,
        25.221,
        0,
        1.5,
        -14.828,
        0,
        1.8,
        7.362,
        0,
        2.1,
        -12.603,
        0,
        2.5,
        6.147,
        0,
        3.733,
        -12.802,
        0,
        4.167,
        15.885,
        1,
        4.311,
        15.885,
        4.456,
        1.19,
        4.6,
        -4.321
      ]
    },
    {
      "Target": "Parameter",
      "Id": "ParamHair2",
      "FadeInTime": -1.0,
      "FadeOutTime": -1.0,
      "Segments": [
        0,
        -0.039,
        0,
        0.033,
        -0.04,
        0,
        0.333,
        0.018,
        0,
        0.5,
        0,
        0,
        0.733,
        7.226,
        0,
        1,
        -21.052,
        0,
        1.333,
        27.403,
        0,
        1.667,
        -21.585,
        0,
        1.967,
        16.783,
        0,
        2.3,
        -14.537,
        0,
        2.633,
        7.884,
        0,
        2.967,
        -2.456,
        0,
        3.567,
        3.009,
        0,
        3.933,
        -10.155,
        0,
        4.333,
        12.085,
        1,
        4.422,
        12.085,
        4.511,
        2.21,
        4.6,
        -3.176
      ]
    },
    {
      "Target": "Parameter",
      "Id": "ParamHair3",
      "FadeInTime": -1.0,
      "FadeOutTime": -1.0,
      "Segments": [
        0,
        0.153,
        0,
        0.233,
        -0.115,
        0,
        0.833,
        6.967,
        0,
        1.1,
        -20.829,
        0,
        1.4,
        30,
        2,
        1.433,
        30,
        0,
        1.8,
        -28.231,
        0,
        2.1,
        23.725,
        0,
        2.433,
        -21.302,
        0,
        2.767,
        14.392,
        0,
        3.133,
        -7.018,
        0,
        3.5,
        4.764,
        0,
        4,
        -11.861,
        0,
        4.433,
        16.612,
        1,
        4.489,
        16.612,
        4.544,
        7.415,
        4.6,
        0.518
      ]
    },
    {
      "Target": "Parameter",
      "Id": "ParamHair4",
      "FadeInTime": -1.0,
      "FadeOutTime": -1.0,
      "Segments": [
        0,
        0.537,
        0,
        0.067,
        0.702,
        0,
        0.4,
        -0.352,
        0,
        0.933,
        7.019,
        0,
        1.167,
        -21.553,
        0,
        1.467,
        30,
        2,
        1.567,
        30,
        0,
        1.867,
        -30,
        2,
        1.933,
        -30,
        0,
        2.233,
        30,
        0,
        2.567,
        -28.285,
        0,
        2.9,
        22.245,
        0,
        3.267,
        -13.682,
        0,
        3.6,
        10.091,
        0,
        4.067,
        -14.172,
        0,
        4.5,
        21.308,
        1,
        4.533,
        21.308,
        4.567,
        16.428,
        4.6,
        11.549
      ]
    },
    {
      "Target": "Parameter",
      "Id": "ParamEyeRGG",
      "FadeInTime": -1.0,
      "FadeOutTime": -1.0,
      "Segments": [
        0,
        0,
        2,
        0.5,
        0,
        0,
        0.667,
        2.349,
        0,
        0.933,
        -5.148,
        0,
        1.233,
        5.438,
        0,
        1.633,
        -3.57,
        0,
        1.9,
        1.624,
        0,
        2.2,
        0.214,
        0,
        2.4,
        0.386,
        0,
        2.633,
        -1.31,
        0,
        2.9,
        1.031,
        0,
        3.2,
        -0.566,
        0,
        3.533,
        0.941,
        0,
        3.833,
        -1.054,
        0,
        4.267,
        0.824,
        0,
        4.567,
        -0.67,
        1,
        4.578,
        -0.67,
        4.589,
        -0.646,
        4.6,
        -0.609
      ]
    },
    {
      "Target": "Parameter",
      "Id": "ZD_BustLMotionX_L",
      "FadeInTime": -1.0,
      "FadeOutTime": -1.0,
      "Segments": [
        0,
        -0.097,
        0,
        0.033,
        -0.082,
        0,
        0.533,
        -13.175,
        0,
        0.8,
        11.873,
        0,
        1.1,
        -10.548,
        0,
        1.4,
        22.795,
        0,
        1.733,
        -21.772,
        0,
        2.1,
        14.794,
        0,
        2.433,
        -12.265,
        0,
        2.8,
        8.962,
        0,
        3.167,
        -7.711,
        0,
        3.5,
        9.975,
        0,
        3.9,
        -11.175,
        0,
        4.267,
        9.803,
        1,
        4.378,
        9.803,
        4.489,
        -0.964,
        4.6,
        -4.553
      ]
    },
    {
      "Target": "Parameter",
      "Id": "ZD_BustLMotionY_L",
      "FadeInTime": -1.0,
      "FadeOutTime": -1.0,
      "Segments": [
        0,
        -0.048,
        0,
        0.333,
        -3.595,
        0,
        0.867,
        6.49,
        0,
        1.2,
        -7.719,
        0,
        1.533,
        8.261,
        0,
        1.833,
        -7.14,
        0,
        2.233,
        6.557,
        0,
        2.633,
        -7.995,
        0,
        3.033,
        2.481,
        0,
        3.6,
        -1.607,
        0,
        3.967,
        0.824,
        0,
        4.267,
        -0.528,
        1,
        4.378,
        -0.528,
        4.489,
        0.151,
        4.6,
        0.274
      ]
    },
    {
      "Target": "Parameter",
      "Id": "ZD_BustRMotionX_L",
      "FadeInTime": -1.0,
      "FadeOutTime": -1.0,
      "Segments": [
        0,
        -0.135,
        0,
        0.033,
        -0.114,
        0,
        0.533,
        -18.446,
        0,
        0.8,
        16.622,
        0,
        1.1,
        -14.767,
        0,
        1.367,
        30,
        2,
        1.4,
        30,
        0,
        1.733,
        -30,
        0,
        2.1,
        20.711,
        0,
        2.433,
        -17.171,
        0,
        2.8,
        12.547,
        0,
        3.167,
        -10.795,
        0,
        3.5,
        13.964,
        0,
        3.9,
        -15.645,
        0,
        4.267,
        13.724,
        1,
        4.378,
        13.724,
        4.489,
        -1.35,
        4.6,
        -6.374
      ]
    },
    {
      "Target": "Parameter",
      "Id": "ZD_BustRMotionY_L",
      "FadeInTime": -1.0,
      "FadeOutTime": -1.0,
      "Segments": [
        0,
        0,
        0,
        0.367,
        4.207,
        0,
        0.867,
        -7.214,
        0,
        1.2,
        8.123,
        0,
        1.533,
        -8.139,
        0,
        1.833,
        7.159,
        0,
        2.233,
        -6.492,
        0,
        2.6,
        5.914,
        0,
        2.9,
        -5.992,
        0,
        3.267,
        4.921,
        0,
        3.633,
        -3.718,
        0,
        3.967,
        2.023,
        0,
        4.3,
        -1.151,
        1,
        4.4,
        -1.151,
        4.5,
        0.294,
        4.6,
        0.583
      ]
    },
    {
      "Target": "Parameter",
      "Id": "heikuang",
      "FadeInTime": -1.0,
      "FadeOutTime": -1.0,
      "Segments": [
        0,
        0,
        0,
        4.6,
        0
      ]
    },
    {
      "Target": "Parameter",
      "Id": "All_X",
      "FadeInTime": -1.0,
      "FadeOutTime": -1.0,
      "Segments": [
        0,
        0,
        0,
        4.6,
        0
      ]
    },
    {
      "Target": "Parameter",
      "Id": "All_Y",
      "FadeInTime": -1.0,
      "FadeOutTime": -1.0,
      "Segments": [
        0,
        0,
        0,
        4.6,
        0
      ]
    },
    {
      "Target": "Parameter",
      "Id": "All_X2",
      "FadeInTime": -1.0,
      "FadeOutTime": -1.0,
      "Segments": [
        0,
        0,
        0,
        4.6,
        0
      ]
    },
    {
      "Target": "Parameter",
      "Id": "All_Y2",
      "FadeInTime": -1.0,
      "FadeOutTime": -1.0,
      "Segments": [
        0,
        0,
        0,
        4.6,
        0
      ]
    },
    {
      "Target": "Parameter",
      "Id": "All_Size",
      "FadeInTime": -1.0,
      "FadeOutTime": -1.0,
      "Segments": [
        0,
        0,
        0,
        4.6,
        0
      ]
    },
    {
      "Target": "Parameter",
      "Id": "All_Size2",
      "FadeInTime": -1.0,
      "FadeOutTime": -1.0,
      "Segments": [
        0,
        0,
        0,
        4.6,
        0
      ]
    },
    {
      "Target": "Parameter",
      "Id": "renxs",
      "FadeInTime": -1.0,
      "FadeOutTime": -1.0,
      "Segments": [
        0,
        0,
        0,
        4.6,
        0
      ]
    },
    {
      "Target": "Parameter",
      "Id": "yongchixs",
      "FadeInTime": -1.0,
      "FadeOutTime": -1.0,
      "Segments": [
        0,
        0,
        0,
        4.6,
        0
      ]
    },
    {
      "Target": "Parameter",
      "Id": "fenjingbjxs",
      "FadeInTime": -1.0,
      "FadeOutTime": -1.0,
      "Segments": [
        0,
        0,
        0,
        4.6,
        0
      ]
    },
    {
      "Target": "Parameter",
      "Id": "man_Size",
      "FadeInTime": -1.0,
      "FadeOutTime": -1.0,
      "Segments": [
        0,
        0,
        0,
        4.6,
        0
      ]
    },
    {
      "Target": "Parameter",
      "Id": "man_Angle",
      "FadeInTime": -1.0,
      "FadeOutTime": -1.0,
      "Segments": [
        0,
        0,
        0,
        4.6,
        0
      ]
    },
    {
      "Target": "Parameter",
      "Id": "yongchixx",
      "FadeInTime": -1.0,
      "FadeOutTime": -1.0,
      "Segments": [
        0,
        0,
        0,
        4.6,
        0
      ]
    },
    {
      "Target": "Parameter",
      "Id": "yongchixx2",
      "FadeInTime": -1.0,
      "FadeOutTime": -1.0,
      "Segments": [
        0,
        0,
        0,
        4.6,
        0
      ]
    },
    {
      "Target": "Parameter",
      "Id": "All_Angle",
      "FadeInTime": -1.0,
      "FadeOutTime": -1.0,
      "Segments": [
        0,
        0,
        0,
        4.6,
        0
      ]
    },
    {
      "Target": "Parameter",
      "Id": "FG_Black",
      "FadeInTime": -1.0,
      "FadeOutTime": -1.0,
      "Segments": [
        0,
        0,
        0,
        4.6,
        0
      ]
    },
    {
      "Target": "Parameter",
      "Id": "BG_White",
      "FadeInTime": -1.0,
      "FadeOutTime": -1.0,
      "Segments": [
        0,
        0,
        0,
        4.6,
        0
      ]
    },
    {
      "Target": "Parameter",
      "Id": "huangguang",
      "FadeInTime": -1.0,
      "FadeOutTime": -1.0,
      "Segments": [
        0,
        0,
        0,
        4.6,
        0
      ]
    },
    {
      "Target": "Parameter",
      "Id": "FG_White",
      "FadeInTime": -1.0,
      "FadeOutTime": -1.0,
      "Segments": [
        0,
        0,
        0,
        4.6,
        0
      ]
    },
    {
      "Target": "Parameter",
      "Id": "xgbquan",
      "FadeInTime": -1.0,
      "FadeOutTime": -1.0,
      "Segments": [
        0,
        0,
        0,
        4.6,
        0
      ]
    },
    {
      "Target": "Parameter",
      "Id": "FG_White2",
      "FadeInTime": -1.0,
      "FadeOutTime": -1.0,
      "Segments": [
        0,
        0,
        0,
        4.6,
        0
      ]
    },
    {
      "Target": "Parameter",
      "Id": "qfwyid",
      "FadeInTime": -1.0,
      "FadeOutTime": -1.0,
      "Segments": [
        0,
        0,
        0,
        4.6,
        0
      ]
    },
    {
      "Target": "Parameter",
      "Id": "ParamMouthCDisplay",
      "FadeInTime": -1.0,
      "FadeOutTime": -1.0,
      "Segments": [
        0,
        0,
        0,
        4.6,
        0
      ]
    },
    {
      "Target": "Parameter",
      "Id": "tiaojidax",
      "FadeInTime": -1.0,
      "FadeOutTime": -1.0,
      "Segments": [
        0,
        0,
        0,
        4.6,
        0
      ]
    },
    {
      "Target": "Parameter",
      "Id": "tiaojiY",
      "FadeInTime": -1.0,
      "FadeOutTime": -1.0,
      "Segments": [
        0,
        0,
        0,
        4.6,
        0
      ]
    },
    {
      "Target": "Parameter",
      "Id": "tiaojij",
      "FadeInTime": -1.0,
      "FadeOutTime": -1.0,
      "Segments": [
        0,
        0,
        0,
        4.6,
        0
      ]
    },
    {
      "Target": "Parameter",
      "Id": "tiaotaicj",
      "FadeInTime": -1.0,
      "FadeOutTime": -1.0,
      "Segments": [
        0,
        0,
        0,
        4.6,
        0
      ]
    },
    {
      "Target": "Parameter",
      "Id": "Rjicxz",
      "FadeInTime": -1.0,
      "FadeOutTime": -1.0,
      "Segments": [
        0,
        0,
        0,
        4.6,
        0
      ]
    },
    {
      "Target": "Parameter",
      "Id": "Rjichisx",
      "FadeInTime": -1.0,
      "FadeOutTime": -1.0,
      "Segments": [
        0,
        0,
        0,
        4.6,
        0
      ]
    },
    {
      "Target": "Parameter",
      "Id": "Rjichiwan",
      "FadeInTime": -1.0,
      "FadeOutTime": -1.0,
      "Segments": [
        0,
        0,
        0,
        4.6,
        0
      ]
    },
    {
      "Target": "Parameter",
      "Id": "Rjichishen",
      "FadeInTime": -1.0,
      "FadeOutTime": -1.0,
      "Segments": [
        0,
        0,
        0,
        4.6,
        0
      ]
    },
    {
      "Target": "Parameter",
      "Id": "Ljicxz",
      "FadeInTime": -1.0,
      "FadeOutTime": -1.0,
      "Segments": [
        0,
        0,
        0,
        4.6,
        0
      ]
    },
    {
      "Target": "Parameter",
      "Id": "Ljichiwan",
      "FadeInTime": -1.0,
      "FadeOutTime": -1.0,
      "Segments": [
        0,
        0,
        0,
        4.6,
        0
      ]
    },
    {
      "Target": "Parameter",
      "Id": "Ljichisx",
      "FadeInTime": -1.0,
      "FadeOutTime": -1.0,
      "Segments": [
        0,
        0,
        0,
        4.6,
        0
      ]
    },
    {
      "Target": "Parameter",
      "Id": "Ljichishen",
      "FadeInTime": -1.0,
      "FadeOutTime": -1.0,
      "Segments": [
        0,
        0,
        0,
        4.6,
        0
      ]
    },
    {
      "Target": "Parameter",
      "Id": "tjyj",
      "FadeInTime": -1.0,
      "FadeOutTime": -1.0,
      "Segments": [
        0,
        0,
        0,
        4.6,
        0
      ]
    },
    {
      "Target": "Parameter",
      "Id": "daiyongj",
      "FadeInTime": -1.0,
      "FadeOutTime": -1.0,
      "Segments": [
        0,
        0,
        0,
        4.6,
        0
      ]
    },
    {
      "Target": "Parameter",
      "Id": "tiaojishens",
      "FadeInTime": -1.0,
      "FadeOutTime": -1.0,
      "Segments": [
        0,
        0,
        0,
        4.6,
        0
      ]
    },
    {
      "Target": "Parameter",
      "Id": "tiaojiwy",
      "FadeInTime": -1.0,
      "FadeOutTime": -1.0,
      "Segments": [
        0,
        0,
        0,
        4.6,
        0
      ]
    },
    {
      "Target": "Parameter",
      "Id": "yongjLdai",
      "FadeInTime": -1.0,
      "FadeOutTime": -1.0,
      "Segments": [
        0,
        10,
        0,
        4.6,
        10
      ]
    },
    {
      "Target": "Parameter",
      "Id": "yongjLdai2",
      "FadeInTime": -1.0,
      "FadeOutTime": -1.0,
      "Segments": [
        0,
        0,
        0,
        4.6,
        0
      ]
    },
    {
      "Target": "Parameter",
      "Id": "yongjRdaiX",
      "FadeInTime": -1.0,
      "FadeOutTime": -1.0,
      "Segments": [
        0,
        -10,
        0,
        4.6,
        -10
      ]
    },
    {
      "Target": "Parameter",
      "Id": "yongjRdaiY",
      "FadeInTime": -1.0,
      "FadeOutTime": -1.0,
      "Segments": [
        0,
        0,
        0,
        4.6,
        0
      ]
    },
    {
      "Target": "Parameter",
      "Id": "tiaojix",
      "FadeInTime": -1.0,
      "FadeOutTime": -1.0,
      "Segments": [
        0,
        0,
        0,
        4.6,
        0
      ]
    },
    {
      "Target": "Parameter",
      "Id": "tiaojdm1",
      "FadeInTime": -1.0,
      "FadeOutTime": -1.0,
      "Segments": [
        0,
        0,
        0,
        4.6,
        0
      ]
    },
    {
      "Target": "Parameter",
      "Id": "tiaojdm2",
      "FadeInTime": -1.0,
      "FadeOutTime": -1.0,
      "Segments": [
        0,
        0,
        0,
        4.6,
        0
      ]
    },
    {
      "Target": "Parameter",
      "Id": "tiaoshuihau",
      "FadeInTime": -1.0,
      "FadeOutTime": -1.0,
      "Segments": [
        0,
        0,
        0,
        4.6,
        0
      ]
    },
    {
      "Target": "Parameter",
      "Id": "dongganshuihua",
      "FadeInTime": -1.0,
      "FadeOutTime": -1.0,
      "Segments": [
        0,
        0,
        0,
        4.6,
        0
      ]
    },
    {
      "Target": "Parameter",
      "Id": "fenmaochu",
      "FadeInTime": -1.0,
      "FadeOutTime": -1.0,
      "Segments": [
        0,
        0,
        0,
        4.6,
        0
      ]
    },
    {
      "Target": "Parameter",
      "Id": "tjbq1",
      "FadeInTime": -1.0,
      "FadeOutTime": -1.0,
      "Segments": [
        0,
        0,
        0,
        4.6,
        0
      ]
    },
    {
      "Target": "Parameter",
      "Id": "tjyjxs",
      "FadeInTime": -1.0,
      "FadeOutTime": -1.0,
      "Segments": [
        0,
        0,
        0,
        4.6,
        0
      ]
    },
    {
      "Target": "Parameter",
      "Id": "tsbitmd2",
      "FadeInTime": -1.0,
      "FadeOutTime": -1.0,
      "Segments": [
        0,
        0,
        0,
        4.6,
        0
      ]
    },
    {
      "Target": "Parameter",
      "Id": "ParamHandLREDisplay",
      "FadeInTime": -1.0,
      "FadeOutTime": -1.0,
      "Segments": [
        0,
        30,
        0,
        4.6,
        30
      ]
    },
    {
      "Target": "Parameter",
      "Id": "ParamHandL1Display",
      "FadeInTime": -1.0,
      "FadeOutTime": -1.0,
      "Segments": [
        0,
        0,
        0,
        4.6,
        0
      ]
    },
    {
      "Target": "Parameter",
      "Id": "tsbitmd",
      "FadeInTime": -1.0,
      "FadeOutTime": -1.0,
      "Segments": [
        0,
        0,
        0,
        4.6,
        0
      ]
    },
    {
      "Target": "Parameter",
      "Id": "xinshou",
      "FadeInTime": -1.0,
      "FadeOutTime": -1.0,
      "Segments": [
        0,
        0,
        0,
        4.6,
        0
      ]
    },
    {
      "Target": "Parameter",
      "Id": "mjklshou",
      "FadeInTime": -1.0,
      "FadeOutTime": -1.0,
      "Segments": [
        0,
        0,
        0,
        4.6,
        0
      ]
    },
    {
      "Target": "Parameter",
      "Id": "mjkel",
      "FadeInTime": -1.0,
      "FadeOutTime": -1.0,
      "Segments": [
        0,
        0,
        0,
        4.6,
        0
      ]
    },
    {
      "Target": "Parameter",
      "Id": "ParamForearmLLayer2",
      "FadeInTime": -1.0,
      "FadeOutTime": -1.0,
      "Segments": [
        0,
        0,
        0,
        4.6,
        0
      ]
    },
    {
      "Target": "Parameter",
      "Id": "rshanbitf",
      "FadeInTime": -1.0,
      "FadeOutTime": -1.0,
      "Segments": [
        0,
        0,
        0,
        4.6,
        0
      ]
    },
    {
      "Target": "Parameter",
      "Id": "ParamHandR1Display",
      "FadeInTime": -1.0,
      "FadeOutTime": -1.0,
      "Segments": [
        0,
        0,
        0,
        4.6,
        0
      ]
    },
    {
      "Target": "Parameter",
      "Id": "ParamHandR2Display",
      "FadeInTime": -1.0,
      "FadeOutTime": -1.0,
      "Segments": [
        0,
        0,
        0,
        4.6,
        0
      ]
    },
    {
      "Target": "Parameter",
      "Id": "rfxxb",
      "FadeInTime": -1.0,
      "FadeOutTime": -1.0,
      "Segments": [
        0,
        0,
        0,
        4.6,
        0
      ]
    },
    {
      "Target": "Parameter",
      "Id": "rshangbibz",
      "FadeInTime": -1.0,
      "FadeOutTime": -1.0,
      "Segments": [
        0,
        0,
        0,
        4.6,
        0
      ]
    },
    {
      "Target": "Parameter",
      "Id": "rpaishou",
      "FadeInTime": -1.0,
      "FadeOutTime": -1.0,
      "Segments": [
        0,
        0,
        0,
        4.6,
        0
      ]
    },
    {
      "Target": "Parameter",
      "Id": "rshoubei",
      "FadeInTime": -1.0,
      "FadeOutTime": -1.0,
      "Segments": [
        0,
        0,
        0,
        4.6,
        0
      ]
    },
    {
      "Target": "Parameter",
      "Id": "chayaoshou",
      "FadeInTime": -1.0,
      "FadeOutTime": -1.0,
      "Segments": [
        0,
        0,
        0,
        4.6,
        0
      ]
    },
    {
      "Target": "Parameter",
      "Id": "rfxshou",
      "FadeInTime": -1.0,
      "FadeOutTime": -1.0,
      "Segments": [
        0,
        0,
        0,
        4.6,
        0
      ]
    },
    {
      "Target": "Parameter",
      "Id": "rshouyxs",
      "FadeInTime": -1.0,
      "FadeOutTime": -1.0,
      "Segments": [
        0,
        0,
        0,
        4.6,
        0
      ]
    },
    {
      "Target": "Parameter",
      "Id": "rshuidA",
      "FadeInTime": -1.0,
      "FadeOutTime": -1.0,
      "Segments": [
        0,
        0,
        0,
        4.6,
        0
      ]
    },
    {
      "Target": "Parameter",
      "Id": "rshuidB",
      "FadeInTime": -1.0,
      "FadeOutTime": -1.0,
      "Segments": [
        0,
        0,
        0,
        4.6,
        0
      ]
    },
    {
      "Target": "Parameter",
      "Id": "rshuidC",
      "FadeInTime": -1.0,
      "FadeOutTime": -1.0,
      "Segments": [
        0,
        0,
        0,
        4.6,
        0
      ]
    },
    {
      "Target": "Parameter",
      "Id": "ParamMouthOpenY",
      "FadeInTime": -1.0,
      "FadeOutTime": -1.0,
      "Segments": [
        0,
        0,
        0,
        4.6,
        0
      ]
    },
    {
      "Target": "Parameter",
      "Id": "ParamEyeRSmile",
      "FadeInTime": -1.0,
      "FadeOutTime": -1.0,
      "Segments": [
        0,
        0,
        0,
        4.6,
        0
      ]
    },
    {
      "Target": "Parameter",
      "Id": "lei",
      "FadeInTime": -1.0,
      "FadeOutTime": -1.0,
      "Segments": [
        0,
        0,
        0,
        4.6,
        0
      ]
    },
    {
      "Target": "Parameter",
      "Id": "huangtia",
      "FadeInTime": -1.0,
      "FadeOutTime": -1.0,
      "Segments": [
        0,
        0,
        0,
        4.6,
        0
      ]
    },
    {
      "Target": "Parameter",
      "Id": "jixiong",
      "FadeInTime": -1.0,
      "FadeOutTime": -1.0,
      "Segments": [
        0,
        0,
        0,
        4.6,
        0
      ]
    },
    {
      "Target": "Parameter",
      "Id": "OP_physics",
      "FadeInTime": -1.0,
      "FadeOutTime": -1.0,
      "Segments": [
        0,
        0,
        0,
        4.6,
        0
      ]
    },
    {
      "Target": "Parameter",
      "Id": "fajiaodu",
      "FadeInTime": -1.0,
      "FadeOutTime": -1.0,
      "Segments": [
        0,
        0,
        0,
        4.6,
        0
      ]
    },
    {
      "Target": "Parameter",
      "Id": "ljiaoshoun",
      "FadeInTime": -1.0,
      "FadeOutTime": -1.0,
      "Segments": [
        0,
        0,
        0,
        4.6,
        0
      ]
    },
    {
      "Target": "Parameter",
      "Id": "ParamCrusLAngle",
      "FadeInTime": -1.0,
      "FadeOutTime": -1.0,
      "Segments": [
        0,
        0,
        0,
        4.6,
        0
      ]
    },
    {
      "Target": "Parameter",
      "Id": "lxiaotuiq",
      "FadeInTime": -1.0,
      "FadeOutTime": -1.0,
      "Segments": [
        0,
        0,
        0,
        4.6,
        0
      ]
    },
    {
      "Target": "Parameter",
      "Id": "ldatuisuo",
      "FadeInTime": -1.0,
      "FadeOutTime": -1.0,
      "Segments": [
        0,
        0,
        0,
        4.6,
        0
      ]
    },
    {
      "Target": "Parameter",
      "Id": "ParamFooxz",
      "FadeInTime": -1.0,
      "FadeOutTime": -1.0,
      "Segments": [
        0,
        0,
        0,
        4.6,
        0
      ]
    },
    {
      "Target": "Parameter",
      "Id": "ltaijz",
      "FadeInTime": -1.0,
      "FadeOutTime": -1.0,
      "Segments": [
        0,
        0,
        0,
        4.6,
        0
      ]
    },
    {
      "Target": "Parameter",
      "Id": "ParamCrusRAngle",
      "FadeInTime": -1.0,
      "FadeOutTime": -1.0,
      "Segments": [
        0,
        0,
        0,
        4.6,
        0
      ]
    },
    {
      "Target": "Parameter",
      "Id": "paishuizhu",
      "FadeInTime": -1.0,
      "FadeOutTime": -1.0,
      "Segments": [
        0,
        0,
        0,
        4.6,
        0
      ]
    },
    {
      "Target": "Parameter",
      "Id": "ldtuir1",
      "FadeInTime": -1.0,
      "FadeOutTime": -1.0,
      "Segments": [
        0,
        0,
        0,
        4.6,
        0
      ]
    },
    {
      "Target": "Parameter",
      "Id": "ldtuir2",
      "FadeInTime": -1.0,
      "FadeOutTime": -1.0,
      "Segments": [
        0,
        0,
        0,
        4.6,
        0
      ]
    },
    {
      "Target": "Parameter",
      "Id": "lxtuir1",
      "FadeInTime": -1.0,
      "FadeOutTime": -1.0,
      "Segments": [
        0,
        0,
        0,
        4.6,
        0
      ]
    },
    {
      "Target": "Parameter",
      "Id": "lxtuir2",
      "FadeInTime": -1.0,
      "FadeOutTime": -1.0,
      "Segments": [
        0,
        0,
        0,
        4.6,
        0
      ]
    },
    {
      "Target": "Parameter",
      "Id": "xinfxs",
      "FadeInTime": -1.0,
      "FadeOutTime": -1.0,
      "Segments": [
        0,
        0,
        0,
        4.6,
        0
      ]
    },
    {
      "Target": "Parameter",
      "Id": "xfxuzna",
      "FadeInTime": -1.0,
      "FadeOutTime": -1.0,
      "Segments": [
        0,
        0,
        0,
        4.6,
        0
      ]
    },
    {
      "Target": "Parameter",
      "Id": "fujiX",
      "FadeInTime": -1.0,
      "FadeOutTime": -1.0,
      "Segments": [
        0,
        0,
        0,
        4.6,
        0
      ]
    },
    {
      "Target": "Parameter",
      "Id": "fujiY",
      "FadeInTime": -1.0,
      "FadeOutTime": -1.0,
      "Segments": [
        0,
        0,
        0,
        4.6,
        0
      ]
    },
    {
      "Target": "Parameter",
      "Id": "chengqin",
      "FadeInTime": -1.0,
      "FadeOutTime": -1.0,
      "Segments": [
        0,
        0,
        0,
        4.6,
        0
      ]
    },
    {
      "Target": "Parameter",
      "Id": "yjjyd",
      "FadeInTime": -1.0,
      "FadeOutTime": -1.0,
      "Segments": [
        0,
        0,
        0,
        4.6,
        0
      ]
    },
    {
      "Target": "Parameter",
      "Id": "yjjps",
      "FadeInTime": -1.0,
      "FadeOutTime": -1.0,
      "Segments": [
        0,
        0,
        0,
        4.6,
        0
      ]
    },
    {
      "Target": "Parameter",
      "Id": "yjjdm1",
      "FadeInTime": -1.0,
      "FadeOutTime": -1.0,
      "Segments": [
        0,
        0,
        0,
        4.6,
        0
      ]
    },
    {
      "Target": "Parameter",
      "Id": "yongjingjfz",
      "FadeInTime": -1.0,
      "FadeOutTime": -1.0,
      "Segments": [
        0,
        0,
        0,
        4.6,
        0
      ]
    },
    {
      "Target": "Parameter",
      "Id": "shuiying",
      "FadeInTime": -1.0,
      "FadeOutTime": -1.0,
      "Segments": [
        0,
        0,
        0,
        4.6,
        0
      ]
    },
    {
      "Target": "Parameter",
      "Id": "zhufang",
      "FadeInTime": -1.0,
      "FadeOutTime": -1.0,
      "Segments": [
        0,
        0,
        0,
        4.6,
        0
      ]
    },
    {
      "Target": "Parameter",
      "Id": "cifanguang",
      "FadeInTime": -1.0,
      "FadeOutTime": -1.0,
      "Segments": [
        0,
        0,
        0,
        4.6,
        0
      ]
    },
    {
      "Target": "Parameter",
      "Id": "Param6",
      "FadeInTime": -1.0,
      "FadeOutTime": -1.0,
      "Segments": [
        0,
        0,
        0,
        4.6,
        0
      ]
    },
    {
      "Target": "Parameter",
      "Id": "Param7",
      "FadeInTime": -1.0,
      "FadeOutTime": -1.0,
      "Segments": [
        0,
        0,
        0,
        4.6,
        0
      ]
    },
    {
      "Target": "Parameter",
      "Id": "shuibquian",
      "FadeInTime": -1.0,
      "FadeOutTime": -1.0,
      "Segments": [
        0,
        0,
        0,
        4.6,
        0
      ]
    },
    {
      "Target": "Parameter",
      "Id": "shuibquian2",
      "FadeInTime": -1.0,
      "FadeOutTime": -1.0,
      "Segments": [
        0,
        0,
        0,
        4.6,
        0
      ]
    },
    {
      "Target": "Parameter",
      "Id": "fujicj",
      "FadeInTime": -1.0,
      "FadeOutTime": -1.0,
      "Segments": [
        0,
        0,
        0,
        4.6,
        0
      ]
    },
    {
      "Target": "Parameter",
      "Id": "fujicj2",
      "FadeInTime": -1.0,
      "FadeOutTime": -1.0,
      "Segments": [
        0,
        0,
        0,
        4.6,
        0
      ]
    },
    {
      "Target": "Parameter",
      "Id": "fujidm",
      "FadeInTime": -1.0,
      "FadeOutTime": -1.0,
      "Segments": [
        0,
        0,
        0,
        4.6,
        0
      ]
    },
    {
      "Target": "Parameter",
      "Id": "fujidm2",
      "FadeInTime": -1.0,
      "FadeOutTime": -1.0,
      "Segments": [
        0,
        0,
        0,
        4.6,
        0
      ]
    },
    {
      "Target": "Parameter",
      "Id": "baibiand",
      "FadeInTime": -1.0,
      "FadeOutTime": -1.0,
      "Segments": [
        0,
        0,
        0,
        4.6,
        0
      ]
    },
    {
      "Target": "Parameter",
      "Id": "jichi",
      "FadeInTime": -1.0,
      "FadeOutTime": -1.0,
      "Segments": [
        0,
        0,
        0,
        4.6,
        0
      ]
    },
    {
      "Target": "Parameter",
      "Id": "tjihx",
      "FadeInTime": -1.0,
      "FadeOutTime": -1.0,
      "Segments": [
        0,
        0,
        0,
        4.6,
        0
      ]
    },
    {
      "Target": "Parameter",
      "Id": "shuibqys",
      "FadeInTime": -1.0,
      "FadeOutTime": -1.0,
      "Segments": [
        0,
        0,
        0,
        4.6,
        0
      ]
    },
    {
      "Target": "Parameter",
      "Id": "Param3",
      "FadeInTime": -1.0,
      "FadeOutTime": -1.0,
      "Segments": [
        0,
        0,
        0,
        4.6,
        0
      ]
    },
    {
      "Target": "Parameter",
      "Id": "Param5",
      "FadeInTime": -1.0,
      "FadeOutTime": -1.0,
      "Segments": [
        0,
        0,
        0,
        4.6,
        0
      ]
    },
    {
      "Target": "Parameter",
      "Id": "ParamEyeLGG",
      "FadeInTime": -1.0,
      "FadeOutTime": -1.0,
      "Segments": [
        0,
        0,
        0,
        4.6,
        0
      ]
    },
    {
      "Target": "Parameter",
      "Id": "NULL4",
      "FadeInTime": -1.0,
      "FadeOutTime": -1.0,
      "Segments": [
        0,
        0,
        0,
        4.6,
        0
      ]
    },
    {
      "Target": "Parameter",
      "Id": "NULL5",
      "FadeInTime": -1.0,
      "FadeOutTime": -1.0,
      "Segments": [
        0,
        0,
        0,
        4.6,
        0
      ]
    },
    {
      "Target": "Parameter",
      "Id": "NULL6",
      "FadeInTime": -1.0,
      "FadeOutTime": -1.0,
      "Segments": [
        0,
        0,
        0,
        4.6,
        0
      ]
    },
    {
      "Target": "Parameter",
      "Id": "ParamEyeLOpen",
      "FadeInTime": -1.0,
      "FadeOutTime": -1.0,
      "Segments": [
        0,
        1,
        0,
        4.6,
        1
      ]
    },
    {
      "Target": "Parameter",
      "Id": "ParamEyeLSmile",
      "FadeInTime": -1.0,
      "FadeOutTime": -1.0,
      "Segments": [
        0,
        0,
        0,
        4.6,
        0
      ]
    },
    {
      "Target": "Parameter",
      "Id": "ParamBrowLForm",
      "FadeInTime": -1.0,
      "FadeOutTime": -1.0,
      "Segments": [
        0,
        0,
        0,
        4.6,
        0
      ]
    },
    {
      "Target": "Parameter",
      "Id": "ParamBrowRAngle",
      "FadeInTime": -1.0,
      "FadeOutTime": -1.0,
      "Segments": [
        0,
        0,
        0,
        4.6,
        0
      ]
    },
    {
      "Target": "Parameter",
      "Id": "ParamBodyAngleY",
      "FadeInTime": -1.0,
      "FadeOutTime": -1.0,
      "Segments": [
        0,
        0,
        0,
        4.6,
        0
      ]
    },
    {
      "Target": "Parameter",
      "Id": "ParamBrowLY",
      "FadeInTime": -1.0,
      "FadeOutTime": -1.0,
      "Segments": [
        0,
        0,
        0,
        4.6,
        0
      ]
    },
    {
      "Target": "Parameter",
      "Id": "ParamBrowLX",
      "FadeInTime": -1.0,
      "FadeOutTime": -1.0,
      "Segments": [
        0,
        0,
        0,
        4.6,
        0
      ]
    },
    {
      "Target": "Parameter",
      "Id": "ParamBrowLAngle",
      "FadeInTime": -1.0,
      "FadeOutTime": -1.0,
      "Segments": [
        0,
        0,
        0,
        4.6,
        0
      ]
    },
    {
      "Target": "Parameter",
      "Id": "ParamBrowRY",
      "FadeInTime": -1.0,
      "FadeOutTime": -1.0,
      "Segments": [
        0,
        0,
        0,
        4.6,
        0
      ]
    },
    {
      "Target": "Parameter",
      "Id": "ParamBrowRX",
      "FadeInTime": -1.0,
      "FadeOutTime": -1.0,
      "Segments": [
        0,
        0,
        0,
        4.6,
        0
      ]
    },
    {
      "Target": "Parameter",
      "Id": "ParamBreath",
      "FadeInTime": -1.0,
      "FadeOutTime": -1.0,
      "Segments": [
        0,
        0,
        0,
        4.6,
        0
      ]
    }
  ],
  "UserData": [
    {
      "Time": 0.0,
      "Value": ""
    },
    {
      "Time": 4.1,
      "Value": ""
    }
  ]
}