{
  "Version": 3,
  "Meta": {
    "Duration": 8.067,
    "Fps": 30.0,
    "Loop": true,
    "AreBeziersRestricted": true,
    "FadeInTime": 0.0,
    "FadeOutTime": 0.0,
    "CurveCount": 14,
    "TotalSegmentCount": 213,
    "TotalPointCount": 255,
    "UserDataCount": 1,
    "TotalUserDataSize": 0
  },
  "Curves": [
    {
      "Target": "Parameter",
      "Id": "Param12",
      "FadeInTime": -1.0,
      "FadeOutTime": -1.0,
      "Segments": [
        0,
        0,
        0,
        3.9,
        10,
        3,
        3.933,
        0,
        0,
        7.7,
        10,
        3,
        7.733,
        0,
        2,
        8.067,
        0
      ]
    },
    {
      "Target": "Parameter",
      "Id": "Param13",
      "FadeInTime": -1.0,
      "FadeOutTime": -1.0,
      "Segments": [
        0,
        0,
        0,
        3.9,
        10,
        3,
        3.933,
        0,
        0,
        7.7,
        10,
        3,
        7.733,
        0,
        2,
        8.067,
        0
      ]
    },
    {
      "Target": "Parameter",
      "Id": "zhapao",
      "FadeInTime": -1.0,
      "FadeOutTime": -1.0,
      "Segments": [
        0,
        0,
        2,
        1.933,
        0,
        1,
        2.011,
        0.333,
        2.089,
        0.667,
        2.167,
        1,
        3,
        2.2,
        0,
        2,
        2.4,
        0,
        1,
        2.478,
        0.333,
        2.555,
        0.667,
        2.633,
        1,
        3,
        2.667,
        0,
        2,
        2.933,
        0,
        1,
        3.011,
        0.333,
        3.089,
        0.667,
        3.167,
        1,
        3,
        3.2,
        0,
        2,
        3.933,
        0,
        1,
        4.011,
        0.333,
        4.089,
        0.667,
        4.167,
        1,
        3,
        4.2,
        0,
        2,
        5.8,
        0,
        1,
        5.878,
        0.333,
        5.955,
        0.667,
        6.033,
        1,
        3,
        6.067,
        0,
        2,
        6.267,
        0,
        1,
        6.345,
        0.333,
        6.422,
        0.667,
        6.5,
        1,
        3,
        6.533,
        0,
        2,
        6.8,
        0,
        1,
        6.878,
        0.333,
        6.955,
        0.667,
        7.033,
        1,
        3,
        7.067,
        0,
        2,
        7.8,
        0,
        1,
        7.878,
        0.333,
        7.955,
        0.667,
        8.033,
        1,
        3,
        8.067,
        0
      ]
    },
    {
      "Target": "Parameter",
      "Id": "Lzhapdx",
      "FadeInTime": -1.0,
      "FadeOutTime": -1.0,
      "Segments": [
        0,
        0,
        0,
        1.933,
        8,
        2,
        2.167,
        8,
        0,
        2.4,
        7,
        0,
        2.633,
        8,
        0,
        2.933,
        4,
        2,
        3.167,
        4,
        0,
        3.933,
        2,
        2,
        4.167,
        2,
        0,
        4.2,
        0,
        0,
        5.8,
        8,
        2,
        6.033,
        8,
        0,
        6.267,
        7,
        0,
        6.5,
        8,
        0,
        6.8,
        4,
        2,
        7.033,
        4,
        0,
        7.8,
        2,
        2,
        8.033,
        2,
        0,
        8.067,
        0
      ]
    },
    {
      "Target": "Parameter",
      "Id": "LzhapaoX",
      "FadeInTime": -1.0,
      "FadeOutTime": -1.0,
      "Segments": [
        0,
        0,
        2,
        1.933,
        0,
        2,
        2.167,
        0,
        0,
        2.4,
        2.22,
        2,
        2.633,
        2.22,
        0,
        2.933,
        -5.3,
        2,
        3.167,
        -5.3,
        0,
        3.9,
        -3.22,
        2,
        4.167,
        -3.22,
        3,
        4.2,
        0,
        2,
        5.8,
        0,
        2,
        6.033,
        0,
        0,
        6.267,
        2.22,
        2,
        6.5,
        2.22,
        0,
        6.8,
        -5.3,
        2,
        7.033,
        -5.3,
        0,
        7.767,
        -3.22,
        2,
        8.033,
        -3.22,
        3,
        8.067,
        0
      ]
    },
    {
      "Target": "Parameter",
      "Id": "LzhapaoY",
      "FadeInTime": -1.0,
      "FadeOutTime": -1.0,
      "Segments": [
        0,
        0,
        2,
        1.933,
        0,
        2,
        2.167,
        0,
        0,
        2.4,
        -7.88,
        2,
        2.633,
        -7.88,
        0,
        2.933,
        -4.44,
        2,
        3.167,
        -4.44,
        0,
        3.9,
        -9,
        2,
        4.167,
        -9,
        3,
        4.2,
        0,
        2,
        5.8,
        0,
        2,
        6.033,
        0,
        0,
        6.267,
        -7.88,
        2,
        6.5,
        -7.88,
        0,
        6.8,
        -4.44,
        2,
        7.033,
        -4.44,
        0,
        7.767,
        -9,
        2,
        8.033,
        -9,
        3,
        8.067,
        0
      ]
    },
    {
      "Target": "Parameter",
      "Id": "Rzhapaodx",
      "FadeInTime": -1.0,
      "FadeOutTime": -1.0,
      "Segments": [
        0,
        0,
        0,
        1.933,
        4,
        2,
        2.167,
        4,
        0,
        2.233,
        3.46,
        2,
        2.467,
        3.46,
        0,
        2.633,
        2,
        2,
        2.867,
        2,
        0,
        2.933,
        1.74,
        2,
        3.167,
        1.74,
        0,
        3.267,
        -2,
        2,
        3.5,
        -2,
        2,
        3.9,
        -2,
        2,
        4.133,
        -2,
        3,
        4.167,
        0,
        1,
        4.722,
        2.714,
        5.278,
        4,
        5.833,
        4,
        2,
        6.067,
        4,
        0,
        6.133,
        3.46,
        2,
        6.367,
        3.46,
        0,
        6.533,
        2,
        2,
        6.767,
        2,
        0,
        6.833,
        1.74,
        2,
        7.067,
        1.74,
        0,
        7.167,
        -2,
        2,
        7.4,
        -2,
        2,
        7.8,
        -2,
        2,
        8.033,
        -2,
        3,
        8.067,
        0
      ]
    },
    {
      "Target": "Parameter",
      "Id": "Rzhapao",
      "FadeInTime": -1.0,
      "FadeOutTime": -1.0,
      "Segments": [
        0,
        0,
        2,
        1.933,
        0,
        1,
        2.011,
        0.333,
        2.089,
        0.667,
        2.167,
        1,
        3,
        2.2,
        0,
        2,
        2.233,
        0,
        1,
        2.311,
        0.333,
        2.389,
        0.667,
        2.467,
        1,
        3,
        2.5,
        0,
        2,
        2.633,
        0,
        1,
        2.711,
        0.333,
        2.789,
        0.667,
        2.867,
        1,
        3,
        2.9,
        0,
        2,
        2.933,
        0,
        1,
        3.011,
        0.333,
        3.089,
        0.667,
        3.167,
        1,
        3,
        3.2,
        0,
        2,
        3.267,
        0,
        1,
        3.345,
        0.333,
        3.422,
        0.667,
        3.5,
        1,
        3,
        3.533,
        0,
        2,
        3.9,
        0,
        1,
        3.978,
        0.333,
        4.055,
        0.667,
        4.133,
        1,
        3,
        4.167,
        0,
        2,
        5.833,
        0,
        1,
        5.911,
        0.333,
        5.989,
        0.667,
        6.067,
        1,
        3,
        6.1,
        0,
        2,
        6.133,
        0,
        1,
        6.211,
        0.333,
        6.289,
        0.667,
        6.367,
        1,
        3,
        6.4,
        0,
        2,
        6.533,
        0,
        1,
        6.611,
        0.333,
        6.689,
        0.667,
        6.767,
        1,
        3,
        6.8,
        0,
        2,
        6.833,
        0,
        1,
        6.911,
        0.333,
        6.989,
        0.667,
        7.067,
        1,
        3,
        7.1,
        0,
        2,
        7.167,
        0,
        1,
        7.245,
        0.333,
        7.322,
        0.667,
        7.4,
        1,
        3,
        7.433,
        0,
        2,
        7.8,
        0,
        1,
        7.878,
        0.333,
        7.955,
        0.667,
        8.033,
        1,
        3,
        8.067,
        0
      ]
    },
    {
      "Target": "Parameter",
      "Id": "RzhapaoX",
      "FadeInTime": -1.0,
      "FadeOutTime": -1.0,
      "Segments": [
        0,
        0,
        0,
        1.933,
        6.44,
        2,
        2.167,
        6.44,
        0,
        2.233,
        -6.46,
        2,
        2.467,
        -6.46,
        0,
        2.633,
        0.24,
        2,
        2.867,
        0.24,
        0,
        2.933,
        1.8,
        2,
        3.167,
        1.8,
        0,
        3.267,
        1.88,
        2,
        3.5,
        1.88,
        0,
        3.9,
        2.12,
        2,
        4.133,
        2.12,
        3,
        4.167,
        0,
        0,
        5.833,
        6.44,
        2,
        6.067,
        6.44,
        0,
        6.133,
        -6.46,
        2,
        6.367,
        -6.46,
        0,
        6.533,
        0.24,
        2,
        6.767,
        0.24,
        0,
        6.833,
        1.8,
        2,
        7.067,
        1.8,
        0,
        7.167,
        1.88,
        2,
        7.4,
        1.88,
        0,
        7.8,
        2.12,
        2,
        8.033,
        2.12,
        3,
        8.067,
        0
      ]
    },
    {
      "Target": "Parameter",
      "Id": "RzhapaoY",
      "FadeInTime": -1.0,
      "FadeOutTime": -1.0,
      "Segments": [
        0,
        0,
        0,
        1.933,
        -2.96,
        2,
        2.167,
        -2.96,
        0,
        2.233,
        -0.12,
        2,
        2.467,
        -0.12,
        0,
        2.633,
        -3.78,
        2,
        2.867,
        -3.78,
        0,
        2.933,
        -1.72,
        2,
        3.167,
        -1.72,
        0,
        3.267,
        -5.4,
        2,
        3.5,
        -5.4,
        0,
        3.9,
        -7.64,
        2,
        4.133,
        -7.64,
        3,
        4.167,
        0,
        0,
        5.833,
        -2.96,
        2,
        6.067,
        -2.96,
        0,
        6.133,
        -0.12,
        2,
        6.367,
        -0.12,
        0,
        6.533,
        -3.78,
        2,
        6.767,
        -3.78,
        0,
        6.833,
        -1.72,
        2,
        7.067,
        -1.72,
        0,
        7.167,
        -5.4,
        2,
        7.4,
        -5.4,
        0,
        7.8,
        -7.64,
        2,
        8.033,
        -7.64,
        3,
        8.067,
        0
      ]
    },
    {
      "Target": "Parameter",
      "Id": "Ljjhx",
      "FadeInTime": -1.0,
      "FadeOutTime": -1.0,
      "Segments": [
        0,
        0,
        0,
        1.8,
        1,
        0,
        3.7,
        0,
        0,
        5.867,
        1,
        0,
        8.067,
        0
      ]
    },
    {
      "Target": "Parameter",
      "Id": "Rjjhx",
      "FadeInTime": -1.0,
      "FadeOutTime": -1.0,
      "Segments": [
        0,
        0,
        0,
        2.033,
        1,
        0,
        4.1,
        0,
        0,
        6.167,
        1,
        0,
        8.067,
        0
      ]
    },
    {
      "Target": "Parameter",
      "Id": "ParamBreath",
      "FadeInTime": -1.0,
      "FadeOutTime": -1.0,
      "Segments": [
        0,
        0,
        0,
        8.067,
        0
      ]
    },
    {
      "Target": "Parameter",
      "Id": "ParamBodyAngleY",
      "FadeInTime": -1.0,
      "FadeOutTime": -1.0,
      "Segments": [
        0,
        0,
        0,
        8.067,
        0
      ]
    }
  ],
  "UserData": [
    {
      "Time": 0.0,
      "Value": ""
    }
  ]
}