{
  "Version": 3,
  "Meta": {
    "Duration": 11.5,
    "Fps": 30.0,
    "Loop": true,
    "AreBeziersRestricted": true,
    "FadeInTime": 0.0,
    "FadeOutTime": 0.0,
    "CurveCount": 6,
    "TotalSegmentCount": 94,
    "TotalPointCount": 96,
    "UserDataCount": 1,
    "TotalUserDataSize": 0
  },
  "Curves": [
    {
      "Target": "Parameter",
      "Id": "jihjiu",
      "FadeInTime": -1.0,
      "FadeOutTime": -1.0,
      "Segments": [
        0,
        0,
        0,
        1.8,
        -3,
        0,
        3.867,
        0,
        0,
        5.9,
        -4,
        0,
        7.067,
        10,
        0,
        7.567,
        6,
        0,
        8.733,
        10,
        2,
        9.033,
        10,
        0,
        10.167,
        -10,
        0,
        11.5,
        0
      ]
    },
    {
      "Target": "Parameter",
      "Id": "jishen",
      "FadeInTime": -1.0,
      "FadeOutTime": -1.0,
      "Segments": [
        0,
        0,
        0,
        1.567,
        -4,
        0,
        3.6,
        3,
        0,
        5.667,
        -6,
        0,
        7.067,
        10,
        0,
        7.567,
        6,
        0,
        8.733,
        10,
        2,
        9.033,
        10,
        0,
        10.167,
        -9,
        0,
        11.5,
        0
      ]
    },
    {
      "Target": "Parameter",
      "Id": "hjjyao",
      "FadeInTime": -1.0,
      "FadeOutTime": -1.0,
      "Segments": [
        0,
        0,
        0,
        0.267,
        -7,
        0,
        0.667,
        7,
        0,
        1.067,
        -7,
        0,
        1.467,
        7,
        0,
        1.867,
        -7,
        0,
        2.267,
        7,
        0,
        2.667,
        -7,
        0,
        3.067,
        7,
        0,
        3.467,
        -7,
        0,
        3.867,
        7,
        0,
        4.267,
        -7,
        0,
        4.667,
        7,
        0,
        5.067,
        -7,
        0,
        5.467,
        7,
        0,
        5.867,
        -7,
        0,
        6.267,
        7,
        0,
        6.667,
        -7,
        0,
        7.067,
        7,
        0,
        7.467,
        -7,
        0,
        7.867,
        7,
        0,
        8.267,
        -7,
        0,
        8.667,
        7,
        0,
        9.067,
        -7,
        0,
        9.467,
        7,
        0,
        9.7,
        -7,
        0,
        9.933,
        7,
        0,
        10.167,
        -7,
        0,
        10.4,
        7,
        0,
        10.667,
        -7,
        0,
        10.933,
        7,
        0,
        11.267,
        -7,
        0,
        11.5,
        0
      ]
    },
    {
      "Target": "Parameter",
      "Id": "jihuxi",
      "FadeInTime": -1.0,
      "FadeOutTime": -1.0,
      "Segments": [
        0,
        0,
        0,
        1.7,
        -1,
        0,
        3.733,
        0.5,
        0,
        5.767,
        -0.5,
        0,
        7.2,
        0.3,
        0,
        7.867,
        0,
        0,
        9.233,
        0.4,
        0,
        10.3,
        -0.5,
        0,
        11.5,
        0
      ]
    },
    {
      "Target": "Parameter",
      "Id": "jimao1",
      "FadeInTime": -1.0,
      "FadeOutTime": -1.0,
      "Segments": [
        0,
        0,
        0,
        0.333,
        0.498,
        0,
        1,
        -0.498,
        0,
        1.667,
        0.498,
        0,
        2.333,
        -0.498,
        0,
        3,
        0.498,
        0,
        3.667,
        -0.498,
        0,
        4.333,
        0.498,
        0,
        5,
        -0.498,
        0,
        5.667,
        0.498,
        0,
        6.333,
        -0.498,
        0,
        7,
        0.498,
        0,
        7.667,
        -0.498,
        0,
        8.333,
        0.498,
        0,
        9,
        -0.498,
        0,
        9.667,
        0.498,
        0,
        10.333,
        -0.498,
        0,
        11,
        0.498,
        0,
        11.5,
        0
      ]
    },
    {
      "Target": "Parameter",
      "Id": "jimao2",
      "FadeInTime": -1.0,
      "FadeOutTime": -1.0,
      "Segments": [
        0,
        0,
        1,
        0.233,
        -0.293,
        0.467,
        -0.4,
        0.7,
        -0.4,
        0,
        1.367,
        0.4,
        0,
        2.033,
        -0.4,
        0,
        2.7,
        0.4,
        0,
        3.367,
        -0.498,
        0,
        4.033,
        0.498,
        0,
        4.7,
        -0.498,
        0,
        5.367,
        0.498,
        0,
        6.033,
        -0.498,
        0,
        6.7,
        0.498,
        0,
        7.367,
        -0.498,
        0,
        8.033,
        0.498,
        0,
        8.7,
        -0.498,
        0,
        9.367,
        0.498,
        0,
        10.033,
        -0.498,
        0,
        10.7,
        0.498,
        0,
        11.5,
        0
      ]
    }
  ],
  "UserData": [
    {
      "Time": 0.0,
      "Value": ""
    }
  ]
}