{
  "Version": 3,
  "Meta": {
    "Duration": 6.0,
    "Fps": 30.0,
    "Loop": true,
    "AreBeziersRestricted": true,
    "FadeInTime": 0.0,
    "FadeOutTime": 0.0,
    "CurveCount": 226,
    "TotalSegmentCount": 573,
    "TotalPointCount": 725,
    "UserDataCount": 1,
    "TotalUserDataSize": 0
  },
  "Curves": [
    {
      "Target": "Parameter",
      "Id": "ParamArmLAngle",
      "FadeInTime": -1.0,
      "FadeOutTime": -1.0,
      "Segments": [
        0,
        0,
        1,
        0.678,
        -2.819,
        1.355,
        -5.64,
        2.033,
        -5.64,
        0,
        4.667,
        2.009,
        1,
        5.111,
        2.009,
        5.556,
        1.849,
        6,
        0
      ]
    },
    {
      "Target": "Parameter",
      "Id": "ParamArmLStretch",
      "FadeInTime": -1.0,
      "FadeOutTime": -1.0,
      "Segments": [
        0,
        0,
        1,
        0.733,
        -0.932,
        1.467,
        -1,
        2.2,
        -1,
        0,
        4.833,
        3,
        1,
        5.222,
        3,
        5.611,
        0.494,
        6,
        0
      ]
    },
    {
      "Target": "Parameter",
      "Id": "ParamForearmLAngle",
      "FadeInTime": -1.0,
      "FadeOutTime": -1.0,
      "Segments": [
        0,
        0,
        1,
        0.733,
        -0.484,
        1.467,
        -0.6,
        2.2,
        -0.6,
        0,
        4.833,
        0.64,
        1,
        5.222,
        0.64,
        5.611,
        0.257,
        6,
        0
      ]
    },
    {
      "Target": "Parameter",
      "Id": "ParamHandLAngle",
      "FadeInTime": -1.0,
      "FadeOutTime": -1.0,
      "Segments": [
        0,
        0,
        1,
        0.789,
        1.033,
        1.578,
        1.56,
        2.367,
        1.56,
        0,
        5,
        -0.644,
        1,
        5.333,
        -0.644,
        5.667,
        -0.436,
        6,
        0
      ]
    },
    {
      "Target": "Parameter",
      "Id": "ParamHandLAnimation",
      "FadeInTime": -1.0,
      "FadeOutTime": -1.0,
      "Segments": [
        0,
        0,
        1,
        0.789,
        -6.3,
        1.578,
        -8,
        2.367,
        -8,
        0,
        4.633,
        8,
        1,
        5.089,
        8,
        5.544,
        3.638,
        6,
        0
      ]
    },
    {
      "Target": "Parameter",
      "Id": "ParamArmRAngle",
      "FadeInTime": -1.0,
      "FadeOutTime": -1.0,
      "Segments": [
        0,
        0,
        1,
        0.611,
        0,
        1.222,
        -0.269,
        1.833,
        -0.72,
        1,
        2.655,
        -1.326,
        3.478,
        -1.59,
        4.3,
        -1.59,
        0,
        6,
        0
      ]
    },
    {
      "Target": "Parameter",
      "Id": "ParamForearmRAngle",
      "FadeInTime": -1.0,
      "FadeOutTime": -1.0,
      "Segments": [
        0,
        0,
        1,
        0.611,
        0,
        1.222,
        -0.007,
        1.833,
        0.24,
        1,
        2.655,
        0.572,
        3.478,
        1.075,
        4.3,
        1.075,
        0,
        6,
        0
      ]
    },
    {
      "Target": "Parameter",
      "Id": "ParamAngleZ",
      "FadeInTime": -1.0,
      "FadeOutTime": -1.0,
      "Segments": [
        0,
        0,
        1,
        0.811,
        3.052,
        1.622,
        4,
        2.433,
        4,
        0,
        4.933,
        -3,
        1,
        5.289,
        -3,
        5.644,
        -1.338,
        6,
        0
      ]
    },
    {
      "Target": "Parameter",
      "Id": "ParamNeckZ",
      "FadeInTime": -1.0,
      "FadeOutTime": -1.0,
      "Segments": [
        0,
        0,
        1,
        0.744,
        3.336,
        1.489,
        4.74,
        2.233,
        4.74,
        0,
        4.8,
        -3,
        1,
        5.2,
        -3,
        5.6,
        -1.792,
        6,
        0
      ]
    },
    {
      "Target": "Parameter",
      "Id": "ParamBodyAngleX",
      "FadeInTime": -1.0,
      "FadeOutTime": -1.0,
      "Segments": [
        0,
        0,
        1,
        0.678,
        4.621,
        1.355,
        8,
        2.033,
        8,
        0,
        4.6,
        -4,
        1,
        5.067,
        -4,
        5.533,
        -3.182,
        6,
        0
      ]
    },
    {
      "Target": "Parameter",
      "Id": "SHENTIY",
      "FadeInTime": -1.0,
      "FadeOutTime": -1.0,
      "Segments": [
        0,
        0,
        1,
        0.5,
        5.529,
        1,
        10,
        1.5,
        10,
        0,
        3.967,
        -10,
        1,
        4.645,
        -10,
        5.322,
        -7.496,
        6,
        0
      ]
    },
    {
      "Target": "Parameter",
      "Id": "ParamChestZ",
      "FadeInTime": -1.0,
      "FadeOutTime": -1.0,
      "Segments": [
        0,
        0,
        1,
        0.633,
        1.043,
        1.267,
        2,
        1.9,
        2,
        0,
        4.433,
        -1.02,
        1,
        4.955,
        -1.02,
        5.478,
        -0.86,
        6,
        0
      ]
    },
    {
      "Target": "Parameter",
      "Id": "ParamWaistZ",
      "FadeInTime": -1.0,
      "FadeOutTime": -1.0,
      "Segments": [
        0,
        0,
        1,
        0.578,
        1.11,
        1.155,
        5,
        1.733,
        5,
        0,
        4.267,
        -1,
        1,
        4.845,
        -1,
        5.422,
        -1.11,
        6,
        0
      ]
    },
    {
      "Target": "Parameter",
      "Id": "ParamLegLAngle",
      "FadeInTime": -1.0,
      "FadeOutTime": -1.0,
      "Segments": [
        0,
        0,
        1,
        0.522,
        0.95,
        1.045,
        2,
        1.567,
        2,
        0,
        4.1,
        -1.398,
        1,
        4.733,
        -1.398,
        5.367,
        -1.153,
        6,
        0
      ]
    },
    {
      "Target": "Parameter",
      "Id": "shentihuxi",
      "FadeInTime": -1.0,
      "FadeOutTime": -1.0,
      "Segments": [
        0,
        0,
        1,
        0.578,
        2.123,
        1.155,
        2,
        1.733,
        2,
        0,
        4.3,
        -8,
        1,
        4.867,
        -8,
        5.433,
        -2.082,
        6,
        0
      ]
    },
    {
      "Target": "Parameter",
      "Id": "ParamFoodLAngle",
      "FadeInTime": -1.0,
      "FadeOutTime": -1.0,
      "Segments": [
        0,
        0,
        1,
        0.567,
        0.392,
        1.133,
        0.9,
        1.7,
        0.9,
        0,
        4.167,
        -0.48,
        1,
        4.778,
        -0.48,
        5.389,
        -0.423,
        6,
        0
      ]
    },
    {
      "Target": "Parameter",
      "Id": "rdatuif",
      "FadeInTime": -1.0,
      "FadeOutTime": -1.0,
      "Segments": [
        0,
        17,
        1,
        0.678,
        15.688,
        1.355,
        15.44,
        2.033,
        15.44,
        0,
        4.033,
        19.608,
        1,
        4.689,
        19.608,
        5.344,
        18.269,
        6,
        17
      ]
    },
    {
      "Target": "Parameter",
      "Id": "ParamCrusRAngle",
      "FadeInTime": -1.0,
      "FadeOutTime": -1.0,
      "Segments": [
        0,
        -30,
        2,
        1.167,
        -30,
        0,
        2.9,
        -28.32,
        0,
        6,
        -30
      ]
    },
    {
      "Target": "Parameter",
      "Id": "bangdaijd",
      "FadeInTime": -1.0,
      "FadeOutTime": -1.0,
      "Segments": [
        0,
        0,
        0,
        1.833,
        6,
        0,
        4.267,
        -2,
        0,
        6,
        0
      ]
    },
    {
      "Target": "Parameter",
      "Id": "ParamEyeLOpen",
      "FadeInTime": -1.0,
      "FadeOutTime": -1.0,
      "Segments": [
        0,
        1,
        2,
        2.233,
        1,
        0,
        2.667,
        0,
        0,
        3.067,
        1,
        2,
        6,
        1
      ]
    },
    {
      "Target": "Parameter",
      "Id": "ParamEyeROpen",
      "FadeInTime": -1.0,
      "FadeOutTime": -1.0,
      "Segments": [
        0,
        1,
        2,
        2.233,
        1,
        0,
        2.667,
        0,
        0,
        3.067,
        1,
        2,
        6,
        1
      ]
    },
    {
      "Target": "Parameter",
      "Id": "Hair_physics",
      "FadeInTime": -1.0,
      "FadeOutTime": -1.0,
      "Segments": [
        0,
        0,
        0,
        0.7,
        0.4,
        0,
        1.7,
        0,
        0,
        3.067,
        1,
        0,
        4.267,
        0,
        0,
        5.1,
        0.5,
        0,
        6,
        0
      ]
    },
    {
      "Target": "Parameter",
      "Id": "OP_physics",
      "FadeInTime": -1.0,
      "FadeOutTime": -1.0,
      "Segments": [
        0,
        0,
        0,
        0.9,
        0.4,
        0,
        1.9,
        0,
        0,
        3.167,
        1,
        0,
        4.367,
        0,
        0,
        5.267,
        0.5,
        0,
        6,
        0
      ]
    },
    {
      "Target": "Parameter",
      "Id": "Clothes_physics",
      "FadeInTime": -1.0,
      "FadeOutTime": -1.0,
      "Segments": [
        0,
        0,
        0,
        0.9,
        0.4,
        0,
        1.9,
        0,
        0,
        3.167,
        1,
        0,
        4.367,
        0,
        0,
        5.267,
        0.5,
        0,
        6,
        0
      ]
    },
    {
      "Target": "Parameter",
      "Id": "fajiaodu",
      "FadeInTime": -1.0,
      "FadeOutTime": -1.0,
      "Segments": [
        0,
        0,
        1,
        0.589,
        5.012,
        1.178,
        6,
        1.767,
        6,
        0,
        4.9,
        -8,
        1,
        5.267,
        -8,
        5.633,
        -3.12,
        6,
        0
      ]
    },
    {
      "Target": "Parameter",
      "Id": "rqun1",
      "FadeInTime": -1.0,
      "FadeOutTime": -1.0,
      "Segments": [
        0,
        0,
        1,
        0.167,
        10.009,
        0.333,
        15.013,
        0.5,
        15.013,
        0,
        1.5,
        -15.013,
        0,
        2.533,
        15.013,
        0,
        3.533,
        -15.013,
        0,
        4.533,
        15.013,
        0,
        5.5,
        -15.013,
        1,
        5.667,
        -15.013,
        5.833,
        -10.009,
        6,
        0
      ]
    },
    {
      "Target": "Parameter",
      "Id": "rqun2",
      "FadeInTime": -1.0,
      "FadeOutTime": -1.0,
      "Segments": [
        0,
        15.013,
        0,
        1,
        -15.013,
        0,
        2,
        15.013,
        0,
        3,
        -15.013,
        0,
        4.067,
        15.013,
        0,
        5.1,
        -15.013,
        0,
        6,
        15.013
      ]
    },
    {
      "Target": "Parameter",
      "Id": "qunbai1",
      "FadeInTime": -1.0,
      "FadeOutTime": -1.0,
      "Segments": [
        0,
        0.001,
        1,
        0.167,
        4.667,
        0.333,
        7,
        0.5,
        7,
        0,
        1.5,
        -6.998,
        0,
        2.533,
        7,
        0,
        3.533,
        -6.998,
        0,
        4.533,
        7,
        0,
        5.5,
        -6.998,
        1,
        5.667,
        -6.998,
        5.833,
        -4.665,
        6,
        0.001
      ]
    },
    {
      "Target": "Parameter",
      "Id": "qunbai2",
      "FadeInTime": -1.0,
      "FadeOutTime": -1.0,
      "Segments": [
        0,
        7,
        0,
        1,
        -6.998,
        0,
        2,
        7,
        0,
        3,
        -6.998,
        0,
        4.067,
        7,
        0,
        5.1,
        -6.998,
        0,
        6,
        7.003
      ]
    },
    {
      "Target": "Parameter",
      "Id": "lqun1",
      "FadeInTime": -1.0,
      "FadeOutTime": -1.0,
      "Segments": [
        0,
        0,
        1,
        0.167,
        10.009,
        0.333,
        15.013,
        0.5,
        15.013,
        0,
        1.5,
        -15.013,
        0,
        2.533,
        15.013,
        0,
        3.533,
        -15.013,
        0,
        4.533,
        15.013,
        0,
        5.5,
        -15.013,
        1,
        5.667,
        -15.013,
        5.833,
        -10.009,
        6,
        0
      ]
    },
    {
      "Target": "Parameter",
      "Id": "lqun2",
      "FadeInTime": -1.0,
      "FadeOutTime": -1.0,
      "Segments": [
        0,
        15.013,
        0,
        1,
        -15.013,
        0,
        2,
        15.013,
        0,
        3,
        -15.013,
        0,
        4.067,
        15.013,
        0,
        5.1,
        -15.013,
        0,
        6,
        15.013
      ]
    },
    {
      "Target": "Parameter",
      "Id": "qunbai3",
      "FadeInTime": -1.0,
      "FadeOutTime": -1.0,
      "Segments": [
        0,
        0.001,
        1,
        0.167,
        4.667,
        0.333,
        7,
        0.5,
        7,
        0,
        1.5,
        -6.998,
        0,
        2.533,
        7,
        0,
        3.533,
        -6.998,
        0,
        4.533,
        7,
        0,
        5.5,
        -6.998,
        1,
        5.667,
        -6.998,
        5.833,
        -4.665,
        6,
        0.001
      ]
    },
    {
      "Target": "Parameter",
      "Id": "qunbai4",
      "FadeInTime": -1.0,
      "FadeOutTime": -1.0,
      "Segments": [
        0,
        7,
        0,
        1,
        -6.998,
        0,
        2,
        7,
        0,
        3,
        -6.998,
        0,
        4.067,
        7,
        0,
        5.1,
        -6.998,
        0,
        6,
        7.003
      ]
    },
    {
      "Target": "Parameter",
      "Id": "ParamHairFront1",
      "FadeInTime": -1.0,
      "FadeOutTime": -1.0,
      "Segments": [
        0,
        0,
        1,
        0.167,
        10.009,
        0.333,
        15.013,
        0.5,
        15.013,
        0,
        1.5,
        -15.013,
        0,
        2.533,
        15.013,
        0,
        3.533,
        -15.013,
        0,
        4.533,
        15.013,
        0,
        5.5,
        -15.013,
        1,
        5.667,
        -15.013,
        5.833,
        -10.009,
        6,
        0
      ]
    },
    {
      "Target": "Parameter",
      "Id": "ParamHairFront2",
      "FadeInTime": -1.0,
      "FadeOutTime": -1.0,
      "Segments": [
        0,
        15.013,
        0,
        1,
        -15.013,
        0,
        2,
        15.013,
        0,
        3,
        -15.013,
        0,
        4.067,
        15.013,
        0,
        5.1,
        -15.013,
        0,
        6,
        15.013
      ]
    },
    {
      "Target": "Parameter",
      "Id": "ParamHairFront5",
      "FadeInTime": -1.0,
      "FadeOutTime": -1.0,
      "Segments": [
        0,
        -10,
        1,
        0.167,
        -0.384,
        0.333,
        20,
        0.5,
        20,
        0,
        1.5,
        -20,
        0,
        2.533,
        20,
        0,
        3.533,
        -20,
        0,
        4.533,
        20,
        0,
        5.5,
        -20,
        1,
        5.667,
        -20,
        5.833,
        -19.616,
        6,
        -10
      ]
    },
    {
      "Target": "Parameter",
      "Id": "ParamHairSide1",
      "FadeInTime": -1.0,
      "FadeOutTime": -1.0,
      "Segments": [
        0,
        0,
        1,
        0.167,
        10.009,
        0.333,
        15.013,
        0.5,
        15.013,
        0,
        1.5,
        -15.013,
        0,
        2.533,
        15.013,
        0,
        3.533,
        -15.013,
        0,
        4.533,
        15.013,
        0,
        5.5,
        -15.013,
        1,
        5.667,
        -15.013,
        5.833,
        -10.009,
        6,
        0
      ]
    },
    {
      "Target": "Parameter",
      "Id": "ParamHairSide2",
      "FadeInTime": -1.0,
      "FadeOutTime": -1.0,
      "Segments": [
        0,
        15.013,
        0,
        1,
        -15.013,
        0,
        2,
        15.013,
        0,
        3,
        -15.013,
        0,
        4.067,
        15.013,
        0,
        5.1,
        -15.013,
        0,
        6,
        15.013
      ]
    },
    {
      "Target": "Parameter",
      "Id": "ParamHairBack1",
      "FadeInTime": -1.0,
      "FadeOutTime": -1.0,
      "Segments": [
        0,
        0,
        1,
        0.167,
        10.009,
        0.333,
        15.013,
        0.5,
        15.013,
        0,
        1.5,
        -15.013,
        0,
        2.533,
        15.013,
        0,
        3.533,
        -15.013,
        0,
        4.533,
        15.013,
        0,
        5.5,
        -15.013,
        1,
        5.667,
        -15.013,
        5.833,
        -10.009,
        6,
        0
      ]
    },
    {
      "Target": "Parameter",
      "Id": "ParamHairBack2",
      "FadeInTime": -1.0,
      "FadeOutTime": -1.0,
      "Segments": [
        0,
        15.013,
        0,
        1,
        -15.013,
        0,
        2,
        15.013,
        0,
        3,
        -15.013,
        0,
        4.067,
        15.013,
        0,
        5.1,
        -15.013,
        0,
        6,
        15.013
      ]
    },
    {
      "Target": "Parameter",
      "Id": "ParamHairBack3",
      "FadeInTime": -1.0,
      "FadeOutTime": -1.0,
      "Segments": [
        0,
        0,
        1,
        0.133,
        9.591,
        0.267,
        15.013,
        0.4,
        15.013,
        0,
        1.133,
        -15.013,
        0,
        1.867,
        15.013,
        0,
        2.6,
        -15.013,
        0,
        3.333,
        15.013,
        0,
        4.067,
        -15.013,
        0,
        4.8,
        15.013,
        0,
        5.567,
        -15.013,
        1,
        5.711,
        -15.013,
        5.856,
        -10.39,
        6,
        0
      ]
    },
    {
      "Target": "Parameter",
      "Id": "ParamHairBack4",
      "FadeInTime": -1.0,
      "FadeOutTime": -1.0,
      "Segments": [
        0,
        15.013,
        0,
        0.767,
        -15.013,
        0,
        1.5,
        15.013,
        0,
        2.233,
        -15.013,
        0,
        3,
        15.013,
        0,
        3.733,
        -15.013,
        0,
        4.467,
        15.013,
        0,
        5.167,
        -15.013,
        0,
        6,
        15.013
      ]
    },
    {
      "Target": "Parameter",
      "Id": "ParamHair1",
      "FadeInTime": -1.0,
      "FadeOutTime": -1.0,
      "Segments": [
        0,
        -2.007,
        1,
        0.111,
        -3.276,
        0.222,
        -4.263,
        0.333,
        -4.263,
        0,
        0.867,
        3.057,
        0,
        1.233,
        0.21,
        0,
        1.467,
        1.232,
        0,
        2.067,
        -3.027,
        0,
        2.433,
        -1.862,
        0,
        2.567,
        -1.925,
        0,
        3.467,
        3.812,
        0,
        4.567,
        -3.668,
        0,
        5.4,
        3.475,
        1,
        5.6,
        3.475,
        5.8,
        0.277,
        6,
        -2.007
      ]
    },
    {
      "Target": "Parameter",
      "Id": "ParamHair2",
      "FadeInTime": -1.0,
      "FadeOutTime": -1.0,
      "Segments": [
        0,
        -0.22,
        1,
        0.067,
        0.439,
        0.133,
        1.427,
        0.2,
        1.427,
        0,
        0.533,
        -2.881,
        0,
        0.967,
        1.988,
        0,
        1.367,
        -1.526,
        0,
        1.7,
        1.636,
        0,
        2.133,
        -0.971,
        0,
        2.5,
        0.525,
        0,
        2.867,
        -0.807,
        0,
        3.167,
        -0.1,
        0,
        3.333,
        -0.329,
        0,
        3.633,
        1.158,
        0,
        3.933,
        -0.582,
        0,
        4.267,
        1.163,
        0,
        4.733,
        -1.665,
        0,
        5.067,
        0.601,
        0,
        5.3,
        -0.753,
        0,
        5.6,
        1.639,
        0,
        5.9,
        -0.796,
        1,
        5.933,
        -0.796,
        5.967,
        -0.549,
        6,
        -0.22
      ]
    },
    {
      "Target": "Parameter",
      "Id": "ParamHair3",
      "FadeInTime": -1.0,
      "FadeOutTime": -1.0,
      "Segments": [
        0,
        -1.209,
        1,
        0.011,
        -1.283,
        0.022,
        -1.324,
        0.033,
        -1.324,
        0,
        0.333,
        1.794,
        0,
        0.667,
        -3.84,
        0,
        1.033,
        3.579,
        0,
        1.433,
        -2.708,
        0,
        1.8,
        2.747,
        0,
        2.2,
        -1.965,
        0,
        2.6,
        1.129,
        0,
        2.967,
        -1.31,
        0,
        3.3,
        0.208,
        0,
        3.467,
        -0.045,
        0,
        3.767,
        1.27,
        0,
        4.067,
        -0.939,
        0,
        4.4,
        1.678,
        0,
        4.8,
        -2.408,
        0,
        5.167,
        1.324,
        0,
        5.433,
        -0.926,
        0,
        5.733,
        2.013,
        1,
        5.822,
        2.013,
        5.911,
        -0.624,
        6,
        -1.209
      ]
    },
    {
      "Target": "Parameter",
      "Id": "ParamHair4",
      "FadeInTime": -1.0,
      "FadeOutTime": -1.0,
      "Segments": [
        0,
        0.652,
        1,
        0.056,
        -0.605,
        0.111,
        -2.019,
        0.167,
        -2.019,
        0,
        0.467,
        2.267,
        0,
        0.767,
        -4.987,
        0,
        1.167,
        5.779,
        0,
        1.533,
        -4.821,
        0,
        1.9,
        4.632,
        0,
        2.3,
        -3.75,
        0,
        2.7,
        2.374,
        0,
        3.067,
        -2.264,
        0,
        3.433,
        0.913,
        0,
        3.633,
        0.206,
        0,
        3.9,
        1.221,
        0,
        4.2,
        -1.305,
        0,
        4.533,
        2.334,
        0,
        4.9,
        -3.544,
        0,
        5.267,
        2.484,
        0,
        5.567,
        -1.517,
        0,
        5.867,
        2.562,
        1,
        5.911,
        2.562,
        5.956,
        1.657,
        6,
        0.652
      ]
    },
    {
      "Target": "Parameter",
      "Id": "ParamHair5",
      "FadeInTime": -1.0,
      "FadeOutTime": -1.0,
      "Segments": [
        0,
        3.52,
        0,
        0.333,
        -3.023,
        0,
        0.6,
        2.885,
        0,
        0.9,
        -6.402,
        0,
        1.267,
        8.73,
        0,
        1.633,
        -8.124,
        0,
        2.033,
        7.818,
        0,
        2.4,
        -6.743,
        0,
        2.8,
        4.729,
        0,
        3.167,
        -4.094,
        0,
        3.533,
        2.302,
        0,
        3.833,
        -0.06,
        0,
        4.033,
        0.965,
        0,
        4.333,
        -1.553,
        0,
        4.633,
        3.068,
        0,
        5.033,
        -5.106,
        0,
        5.4,
        4.356,
        0,
        5.7,
        -2.812,
        0,
        6,
        3.518
      ]
    },
    {
      "Target": "Parameter",
      "Id": "ParamHair6",
      "FadeInTime": -1.0,
      "FadeOutTime": -1.0,
      "Segments": [
        0,
        0.923,
        1,
        0.044,
        3.216,
        0.089,
        5.281,
        0.133,
        5.281,
        0,
        0.467,
        -4.678,
        0,
        0.733,
        3.756,
        0,
        1.033,
        -7.93,
        0,
        1.367,
        12.247,
        0,
        1.767,
        -12.758,
        0,
        2.133,
        12.712,
        0,
        2.5,
        -11.442,
        0,
        2.9,
        8.791,
        0,
        3.267,
        -7.422,
        0,
        3.633,
        4.883,
        0,
        3.967,
        -1.4,
        0,
        4.2,
        0.76,
        0,
        4.467,
        -1.511,
        0,
        4.767,
        3.84,
        0,
        5.133,
        -7.119,
        0,
        5.5,
        7.099,
        0,
        5.833,
        -5.148,
        1,
        5.889,
        -5.148,
        5.944,
        -1.932,
        6,
        0.926
      ]
    },
    {
      "Target": "Parameter",
      "Id": "ParamEyeLGG",
      "FadeInTime": -1.0,
      "FadeOutTime": -1.0,
      "Segments": [
        0,
        -0.007,
        1,
        0.022,
        -0.011,
        0.045,
        -0.013,
        0.067,
        -0.013,
        0,
        0.367,
        0.005,
        0,
        0.667,
        -0.002,
        2,
        0.7,
        -0.002,
        0,
        0.967,
        0.001,
        2,
        1.033,
        0.001,
        0,
        1.267,
        0,
        2,
        1.333,
        0,
        2,
        1.367,
        0,
        2,
        1.4,
        0,
        2,
        1.467,
        0,
        2,
        1.5,
        0,
        2,
        1.533,
        0,
        2,
        1.7,
        0,
        2,
        1.733,
        0,
        2,
        2.233,
        0,
        0,
        2.367,
        -6.941,
        0,
        2.667,
        15.642,
        0,
        3,
        -20.862,
        0,
        3.3,
        19.597,
        0,
        3.6,
        -11.279,
        0,
        3.933,
        5.698,
        0,
        4.233,
        -2.686,
        0,
        4.533,
        1.193,
        0,
        4.833,
        -0.507,
        0,
        5.133,
        0.208,
        0,
        5.433,
        -0.083,
        0,
        5.767,
        0.033,
        1,
        5.845,
        0.033,
        5.922,
        0.005,
        6,
        -0.007
      ]
    },
    {
      "Target": "Parameter",
      "Id": "ParamEyeRGG",
      "FadeInTime": -1.0,
      "FadeOutTime": -1.0,
      "Segments": [
        0,
        -0.007,
        1,
        0.022,
        -0.011,
        0.045,
        -0.013,
        0.067,
        -0.013,
        0,
        0.367,
        0.005,
        0,
        0.667,
        -0.002,
        2,
        0.7,
        -0.002,
        0,
        0.967,
        0.001,
        2,
        1.033,
        0.001,
        0,
        1.267,
        0,
        2,
        1.333,
        0,
        2,
        1.367,
        0,
        2,
        1.4,
        0,
        2,
        1.467,
        0,
        2,
        1.5,
        0,
        2,
        1.533,
        0,
        2,
        1.7,
        0,
        2,
        1.733,
        0,
        2,
        2.233,
        0,
        0,
        2.367,
        -6.941,
        0,
        2.667,
        15.642,
        0,
        3,
        -20.862,
        0,
        3.3,
        19.597,
        0,
        3.6,
        -11.279,
        0,
        3.933,
        5.698,
        0,
        4.233,
        -2.686,
        0,
        4.533,
        1.193,
        0,
        4.833,
        -0.507,
        0,
        5.133,
        0.208,
        0,
        5.433,
        -0.083,
        0,
        5.767,
        0.033,
        1,
        5.845,
        0.033,
        5.922,
        0.005,
        6,
        -0.007
      ]
    },
    {
      "Target": "Parameter",
      "Id": "ZD_BustLMotionY_L",
      "FadeInTime": -1.0,
      "FadeOutTime": -1.0,
      "Segments": [
        0,
        -3.05,
        1,
        0.033,
        -3.329,
        0.067,
        -3.496,
        0.1,
        -3.496,
        0,
        0.6,
        1.191,
        0,
        0.867,
        0.591,
        0,
        1.167,
        1.29,
        0,
        2.2,
        -1.978,
        0,
        3.4,
        2.399,
        0,
        4.533,
        -2.28,
        0,
        5.5,
        2.54,
        1,
        5.667,
        2.54,
        5.833,
        -1.653,
        6,
        -3.05
      ]
    },
    {
      "Target": "Parameter",
      "Id": "ZD_BustRMotionY_L",
      "FadeInTime": -1.0,
      "FadeOutTime": -1.0,
      "Segments": [
        0,
        -3.05,
        1,
        0.033,
        -3.329,
        0.067,
        -3.496,
        0.1,
        -3.496,
        0,
        0.6,
        1.191,
        0,
        0.867,
        0.591,
        0,
        1.167,
        1.29,
        0,
        2.2,
        -1.978,
        0,
        3.4,
        2.399,
        0,
        4.533,
        -2.28,
        0,
        5.5,
        2.54,
        1,
        5.667,
        2.54,
        5.833,
        -1.653,
        6,
        -3.05
      ]
    },
    {
      "Target": "Parameter",
      "Id": "ZD_BustLMotionY_X",
      "FadeInTime": -1.0,
      "FadeOutTime": -1.0,
      "Segments": [
        0,
        0.03,
        1,
        0.089,
        -2.311,
        0.178,
        -4.651,
        0.267,
        -4.651,
        0,
        0.7,
        0.699,
        0,
        0.967,
        -0.528,
        0,
        1.367,
        2.537,
        0,
        2.433,
        -3.858,
        0,
        3.633,
        4.174,
        0,
        4.767,
        -3.647,
        0,
        5.733,
        4.717,
        1,
        5.822,
        4.717,
        5.911,
        2.375,
        6,
        0.032
      ]
    },
    {
      "Target": "Parameter",
      "Id": "ZD_BustRMotionY_X",
      "FadeInTime": -1.0,
      "FadeOutTime": -1.0,
      "Segments": [
        0,
        0.03,
        1,
        0.089,
        -2.311,
        0.178,
        -4.651,
        0.267,
        -4.651,
        0,
        0.7,
        0.699,
        0,
        0.967,
        -0.528,
        0,
        1.367,
        2.537,
        0,
        2.433,
        -3.858,
        0,
        3.633,
        4.174,
        0,
        4.767,
        -3.647,
        0,
        5.733,
        4.717,
        1,
        5.822,
        4.717,
        5.911,
        2.375,
        6,
        0.032
      ]
    },
    {
      "Target": "Parameter",
      "Id": "menyshou",
      "FadeInTime": -1.0,
      "FadeOutTime": -1.0,
      "Segments": [
        0,
        -30,
        0,
        6,
        -30
      ]
    },
    {
      "Target": "Parameter",
      "Id": "heikuang",
      "FadeInTime": -1.0,
      "FadeOutTime": -1.0,
      "Segments": [
        0,
        0,
        0,
        6,
        0
      ]
    },
    {
      "Target": "Parameter",
      "Id": "All_X",
      "FadeInTime": -1.0,
      "FadeOutTime": -1.0,
      "Segments": [
        0,
        0,
        0,
        6,
        0
      ]
    },
    {
      "Target": "Parameter",
      "Id": "All_Y",
      "FadeInTime": -1.0,
      "FadeOutTime": -1.0,
      "Segments": [
        0,
        0,
        0,
        6,
        0
      ]
    },
    {
      "Target": "Parameter",
      "Id": "All_Size",
      "FadeInTime": -1.0,
      "FadeOutTime": -1.0,
      "Segments": [
        0,
        0,
        0,
        6,
        0
      ]
    },
    {
      "Target": "Parameter",
      "Id": "All_Angle",
      "FadeInTime": -1.0,
      "FadeOutTime": -1.0,
      "Segments": [
        0,
        0,
        0,
        6,
        0
      ]
    },
    {
      "Target": "Parameter",
      "Id": "man_X",
      "FadeInTime": -1.0,
      "FadeOutTime": -1.0,
      "Segments": [
        0,
        0,
        0,
        6,
        0
      ]
    },
    {
      "Target": "Parameter",
      "Id": "man_Y",
      "FadeInTime": -1.0,
      "FadeOutTime": -1.0,
      "Segments": [
        0,
        0,
        0,
        6,
        0
      ]
    },
    {
      "Target": "Parameter",
      "Id": "man_Angle",
      "FadeInTime": -1.0,
      "FadeOutTime": -1.0,
      "Segments": [
        0,
        0,
        0,
        6,
        0
      ]
    },
    {
      "Target": "Parameter",
      "Id": "man_Size",
      "FadeInTime": -1.0,
      "FadeOutTime": -1.0,
      "Segments": [
        0,
        0,
        0,
        6,
        0
      ]
    },
    {
      "Target": "Parameter",
      "Id": "FG_Black",
      "FadeInTime": -1.0,
      "FadeOutTime": -1.0,
      "Segments": [
        0,
        0,
        0,
        6,
        0
      ]
    },
    {
      "Target": "Parameter",
      "Id": "BG_White",
      "FadeInTime": -1.0,
      "FadeOutTime": -1.0,
      "Segments": [
        0,
        0,
        0,
        6,
        0
      ]
    },
    {
      "Target": "Parameter",
      "Id": "huangguang",
      "FadeInTime": -1.0,
      "FadeOutTime": -1.0,
      "Segments": [
        0,
        0,
        0,
        6,
        0
      ]
    },
    {
      "Target": "Parameter",
      "Id": "FG_White",
      "FadeInTime": -1.0,
      "FadeOutTime": -1.0,
      "Segments": [
        0,
        0,
        0,
        6,
        0
      ]
    },
    {
      "Target": "Parameter",
      "Id": "xgbquan",
      "FadeInTime": -1.0,
      "FadeOutTime": -1.0,
      "Segments": [
        0,
        0,
        0,
        6,
        0
      ]
    },
    {
      "Target": "Parameter",
      "Id": "FG_White2",
      "FadeInTime": -1.0,
      "FadeOutTime": -1.0,
      "Segments": [
        0,
        0,
        0,
        6,
        0
      ]
    },
    {
      "Target": "Parameter",
      "Id": "qfwyid",
      "FadeInTime": -1.0,
      "FadeOutTime": -1.0,
      "Segments": [
        0,
        0,
        0,
        6,
        0
      ]
    },
    {
      "Target": "Parameter",
      "Id": "BG_Black",
      "FadeInTime": -1.0,
      "FadeOutTime": -1.0,
      "Segments": [
        0,
        0,
        0,
        6,
        0
      ]
    },
    {
      "Target": "Parameter",
      "Id": "ParamMouthCDisplay",
      "FadeInTime": -1.0,
      "FadeOutTime": -1.0,
      "Segments": [
        0,
        0,
        0,
        6,
        0
      ]
    },
    {
      "Target": "Parameter",
      "Id": "ParamForearmLLayer2",
      "FadeInTime": -1.0,
      "FadeOutTime": -1.0,
      "Segments": [
        0,
        0,
        0,
        6,
        0
      ]
    },
    {
      "Target": "Parameter",
      "Id": "ParamForearmLChange",
      "FadeInTime": -1.0,
      "FadeOutTime": -1.0,
      "Segments": [
        0,
        0,
        0,
        6,
        0
      ]
    },
    {
      "Target": "Parameter",
      "Id": "ParamForearmLStretch",
      "FadeInTime": -1.0,
      "FadeOutTime": -1.0,
      "Segments": [
        0,
        -15,
        0,
        6,
        -15
      ]
    },
    {
      "Target": "Parameter",
      "Id": "ParamForearmLLayer",
      "FadeInTime": -1.0,
      "FadeOutTime": -1.0,
      "Segments": [
        0,
        0,
        0,
        6,
        0
      ]
    },
    {
      "Target": "Parameter",
      "Id": "ParamHandLChange",
      "FadeInTime": -1.0,
      "FadeOutTime": -1.0,
      "Segments": [
        0,
        0,
        0,
        6,
        0
      ]
    },
    {
      "Target": "Parameter",
      "Id": "ParamHandLREDisplay",
      "FadeInTime": -1.0,
      "FadeOutTime": -1.0,
      "Segments": [
        0,
        30,
        0,
        6,
        30
      ]
    },
    {
      "Target": "Parameter",
      "Id": "ParamHandL1Display",
      "FadeInTime": -1.0,
      "FadeOutTime": -1.0,
      "Segments": [
        0,
        0,
        0,
        6,
        0
      ]
    },
    {
      "Target": "Parameter",
      "Id": "ParamHandL2Display",
      "FadeInTime": -1.0,
      "FadeOutTime": -1.0,
      "Segments": [
        0,
        0,
        0,
        6,
        0
      ]
    },
    {
      "Target": "Parameter",
      "Id": "ParamHandL3Display",
      "FadeInTime": -1.0,
      "FadeOutTime": -1.0,
      "Segments": [
        0,
        0,
        0,
        6,
        0
      ]
    },
    {
      "Target": "Parameter",
      "Id": "ParamHandL4Display",
      "FadeInTime": -1.0,
      "FadeOutTime": -1.0,
      "Segments": [
        0,
        0,
        0,
        6,
        0
      ]
    },
    {
      "Target": "Parameter",
      "Id": "ParamForearmL_A",
      "FadeInTime": -1.0,
      "FadeOutTime": -1.0,
      "Segments": [
        0,
        30,
        0,
        6,
        30
      ]
    },
    {
      "Target": "Parameter",
      "Id": "ParamForearmL_B",
      "FadeInTime": -1.0,
      "FadeOutTime": -1.0,
      "Segments": [
        0,
        0,
        0,
        6,
        0
      ]
    },
    {
      "Target": "Parameter",
      "Id": "ParamForearmL_C",
      "FadeInTime": -1.0,
      "FadeOutTime": -1.0,
      "Segments": [
        0,
        0,
        0,
        6,
        0
      ]
    },
    {
      "Target": "Parameter",
      "Id": "zuoshouxiu",
      "FadeInTime": -1.0,
      "FadeOutTime": -1.0,
      "Segments": [
        0,
        0,
        0,
        6,
        0
      ]
    },
    {
      "Target": "Parameter",
      "Id": "zuoshoudaxiao",
      "FadeInTime": -1.0,
      "FadeOutTime": -1.0,
      "Segments": [
        0,
        0,
        0,
        6,
        0
      ]
    },
    {
      "Target": "Parameter",
      "Id": "ParamForearmLAngleX",
      "FadeInTime": -1.0,
      "FadeOutTime": -1.0,
      "Segments": [
        0,
        0,
        0,
        6,
        0
      ]
    },
    {
      "Target": "Parameter",
      "Id": "ParamForearmLAngleY",
      "FadeInTime": -1.0,
      "FadeOutTime": -1.0,
      "Segments": [
        0,
        0,
        0,
        6,
        0
      ]
    },
    {
      "Target": "Parameter",
      "Id": "ParamHandLAngleX",
      "FadeInTime": -1.0,
      "FadeOutTime": -1.0,
      "Segments": [
        0,
        0,
        0,
        6,
        0
      ]
    },
    {
      "Target": "Parameter",
      "Id": "ParamHandLAngleY",
      "FadeInTime": -1.0,
      "FadeOutTime": -1.0,
      "Segments": [
        0,
        0,
        0,
        6,
        0
      ]
    },
    {
      "Target": "Parameter",
      "Id": "ParamArmLChange",
      "FadeInTime": -1.0,
      "FadeOutTime": -1.0,
      "Segments": [
        0,
        0,
        0,
        6,
        0
      ]
    },
    {
      "Target": "Parameter",
      "Id": "ParamForearmRAngleX",
      "FadeInTime": -1.0,
      "FadeOutTime": -1.0,
      "Segments": [
        0,
        0,
        0,
        6,
        0
      ]
    },
    {
      "Target": "Parameter",
      "Id": "ParamForearmRAngleY",
      "FadeInTime": -1.0,
      "FadeOutTime": -1.0,
      "Segments": [
        0,
        0,
        0,
        6,
        0
      ]
    },
    {
      "Target": "Parameter",
      "Id": "ParamHandRAngleX",
      "FadeInTime": -1.0,
      "FadeOutTime": -1.0,
      "Segments": [
        0,
        0,
        0,
        6,
        0
      ]
    },
    {
      "Target": "Parameter",
      "Id": "ParamHandRAngleY",
      "FadeInTime": -1.0,
      "FadeOutTime": -1.0,
      "Segments": [
        0,
        0,
        0,
        6,
        0
      ]
    },
    {
      "Target": "Parameter",
      "Id": "ParamArmRChange",
      "FadeInTime": -1.0,
      "FadeOutTime": -1.0,
      "Segments": [
        0,
        0,
        0,
        6,
        0
      ]
    },
    {
      "Target": "Parameter",
      "Id": "ParamArmRStretch",
      "FadeInTime": -1.0,
      "FadeOutTime": -1.0,
      "Segments": [
        0,
        0,
        0,
        6,
        0
      ]
    },
    {
      "Target": "Parameter",
      "Id": "ParamForearmRLayer",
      "FadeInTime": -1.0,
      "FadeOutTime": -1.0,
      "Segments": [
        0,
        -30,
        0,
        6,
        -30
      ]
    },
    {
      "Target": "Parameter",
      "Id": "ParamForearmRChange",
      "FadeInTime": -1.0,
      "FadeOutTime": -1.0,
      "Segments": [
        0,
        0,
        0,
        6,
        0
      ]
    },
    {
      "Target": "Parameter",
      "Id": "ParamHandRStretch",
      "FadeInTime": -1.0,
      "FadeOutTime": -1.0,
      "Segments": [
        0,
        0,
        0,
        6,
        0
      ]
    },
    {
      "Target": "Parameter",
      "Id": "ParamHandRAngle",
      "FadeInTime": -1.0,
      "FadeOutTime": -1.0,
      "Segments": [
        0,
        0,
        0,
        6,
        0
      ]
    },
    {
      "Target": "Parameter",
      "Id": "ParamHandRChange",
      "FadeInTime": -1.0,
      "FadeOutTime": -1.0,
      "Segments": [
        0,
        0,
        0,
        6,
        0
      ]
    },
    {
      "Target": "Parameter",
      "Id": "ParamHandRAnimation",
      "FadeInTime": -1.0,
      "FadeOutTime": -1.0,
      "Segments": [
        0,
        0,
        0,
        6,
        0
      ]
    },
    {
      "Target": "Parameter",
      "Id": "ParamHandRREDisplay",
      "FadeInTime": -1.0,
      "FadeOutTime": -1.0,
      "Segments": [
        0,
        30,
        0,
        6,
        30
      ]
    },
    {
      "Target": "Parameter",
      "Id": "ParamHandR1Display",
      "FadeInTime": -1.0,
      "FadeOutTime": -1.0,
      "Segments": [
        0,
        0,
        0,
        6,
        0
      ]
    },
    {
      "Target": "Parameter",
      "Id": "ParamHandR2Display",
      "FadeInTime": -1.0,
      "FadeOutTime": -1.0,
      "Segments": [
        0,
        0,
        0,
        6,
        0
      ]
    },
    {
      "Target": "Parameter",
      "Id": "ParamHandR3Display",
      "FadeInTime": -1.0,
      "FadeOutTime": -1.0,
      "Segments": [
        0,
        0,
        0,
        6,
        0
      ]
    },
    {
      "Target": "Parameter",
      "Id": "ParamHandR4Display",
      "FadeInTime": -1.0,
      "FadeOutTime": -1.0,
      "Segments": [
        0,
        0,
        0,
        6,
        0
      ]
    },
    {
      "Target": "Parameter",
      "Id": "ParamHandR9Display",
      "FadeInTime": -1.0,
      "FadeOutTime": -1.0,
      "Segments": [
        0,
        0,
        0,
        6,
        0
      ]
    },
    {
      "Target": "Parameter",
      "Id": "ParamForearmR_A",
      "FadeInTime": -1.0,
      "FadeOutTime": -1.0,
      "Segments": [
        0,
        30,
        0,
        6,
        30
      ]
    },
    {
      "Target": "Parameter",
      "Id": "ParamForearmR_B",
      "FadeInTime": -1.0,
      "FadeOutTime": -1.0,
      "Segments": [
        0,
        0,
        0,
        6,
        0
      ]
    },
    {
      "Target": "Parameter",
      "Id": "ParamForearmR_C",
      "FadeInTime": -1.0,
      "FadeOutTime": -1.0,
      "Segments": [
        0,
        0,
        0,
        6,
        0
      ]
    },
    {
      "Target": "Parameter",
      "Id": "youshoouxiu",
      "FadeInTime": -1.0,
      "FadeOutTime": -1.0,
      "Segments": [
        0,
        30,
        0,
        6,
        30
      ]
    },
    {
      "Target": "Parameter",
      "Id": "ParamArmR_A",
      "FadeInTime": -1.0,
      "FadeOutTime": -1.0,
      "Segments": [
        0,
        0,
        0,
        6,
        0
      ]
    },
    {
      "Target": "Parameter",
      "Id": "biguodu",
      "FadeInTime": -1.0,
      "FadeOutTime": -1.0,
      "Segments": [
        0,
        0,
        0,
        6,
        0
      ]
    },
    {
      "Target": "Parameter",
      "Id": "biguodujiaodu",
      "FadeInTime": -1.0,
      "FadeOutTime": -1.0,
      "Segments": [
        0,
        0,
        0,
        6,
        0
      ]
    },
    {
      "Target": "Parameter",
      "Id": "BIGUODUTMD",
      "FadeInTime": -1.0,
      "FadeOutTime": -1.0,
      "Segments": [
        0,
        0,
        0,
        6,
        0
      ]
    },
    {
      "Target": "Parameter",
      "Id": "youshoudaxiao",
      "FadeInTime": -1.0,
      "FadeOutTime": -1.0,
      "Segments": [
        0,
        0,
        0,
        6,
        0
      ]
    },
    {
      "Target": "Parameter",
      "Id": "zhihen",
      "FadeInTime": -1.0,
      "FadeOutTime": -1.0,
      "Segments": [
        0,
        0,
        0,
        6,
        0
      ]
    },
    {
      "Target": "Parameter",
      "Id": "ParamAngleX",
      "FadeInTime": -1.0,
      "FadeOutTime": -1.0,
      "Segments": [
        0,
        0,
        0,
        6,
        0
      ]
    },
    {
      "Target": "Parameter",
      "Id": "ParamAngleY",
      "FadeInTime": -1.0,
      "FadeOutTime": -1.0,
      "Segments": [
        0,
        0,
        0,
        6,
        0
      ]
    },
    {
      "Target": "Parameter",
      "Id": "QUANTIX",
      "FadeInTime": -1.0,
      "FadeOutTime": -1.0,
      "Segments": [
        0,
        0,
        0,
        6,
        0
      ]
    },
    {
      "Target": "Parameter",
      "Id": "QUANTIY",
      "FadeInTime": -1.0,
      "FadeOutTime": -1.0,
      "Segments": [
        0,
        0,
        0,
        6,
        0
      ]
    },
    {
      "Target": "Parameter",
      "Id": "ParamShoulderLStretch",
      "FadeInTime": -1.0,
      "FadeOutTime": -1.0,
      "Segments": [
        0,
        0,
        0,
        6,
        0
      ]
    },
    {
      "Target": "Parameter",
      "Id": "ParamShoulderRStretch",
      "FadeInTime": -1.0,
      "FadeOutTime": -1.0,
      "Segments": [
        0,
        0,
        0,
        6,
        0
      ]
    },
    {
      "Target": "Parameter",
      "Id": "ParamLegLStretch",
      "FadeInTime": -1.0,
      "FadeOutTime": -1.0,
      "Segments": [
        0,
        0,
        0,
        6,
        0
      ]
    },
    {
      "Target": "Parameter",
      "Id": "ParamCrusLAngle",
      "FadeInTime": -1.0,
      "FadeOutTime": -1.0,
      "Segments": [
        0,
        0,
        0,
        6,
        0
      ]
    },
    {
      "Target": "Parameter",
      "Id": "ParamCrusLStretch",
      "FadeInTime": -1.0,
      "FadeOutTime": -1.0,
      "Segments": [
        0,
        0,
        0,
        6,
        0
      ]
    },
    {
      "Target": "Parameter",
      "Id": "ParamFooxz",
      "FadeInTime": -1.0,
      "FadeOutTime": -1.0,
      "Segments": [
        0,
        0,
        0,
        6,
        0
      ]
    },
    {
      "Target": "Parameter",
      "Id": "ParamCrusLLayer",
      "FadeInTime": -1.0,
      "FadeOutTime": -1.0,
      "Segments": [
        0,
        0,
        0,
        6,
        0
      ]
    },
    {
      "Target": "Parameter",
      "Id": "NULL1",
      "FadeInTime": -1.0,
      "FadeOutTime": -1.0,
      "Segments": [
        0,
        0,
        0,
        6,
        0
      ]
    },
    {
      "Target": "Parameter",
      "Id": "NULL2",
      "FadeInTime": -1.0,
      "FadeOutTime": -1.0,
      "Segments": [
        0,
        0,
        0,
        6,
        0
      ]
    },
    {
      "Target": "Parameter",
      "Id": "NULL3",
      "FadeInTime": -1.0,
      "FadeOutTime": -1.0,
      "Segments": [
        0,
        0,
        0,
        6,
        0
      ]
    },
    {
      "Target": "Parameter",
      "Id": "rtuiqei",
      "FadeInTime": -1.0,
      "FadeOutTime": -1.0,
      "Segments": [
        0,
        0,
        0,
        6,
        0
      ]
    },
    {
      "Target": "Parameter",
      "Id": "ParamLegRAngle",
      "FadeInTime": -1.0,
      "FadeOutTime": -1.0,
      "Segments": [
        0,
        0,
        0,
        6,
        0
      ]
    },
    {
      "Target": "Parameter",
      "Id": "ParamLegRStretch",
      "FadeInTime": -1.0,
      "FadeOutTime": -1.0,
      "Segments": [
        0,
        0,
        0,
        6,
        0
      ]
    },
    {
      "Target": "Parameter",
      "Id": "ParamFoodRAngle",
      "FadeInTime": -1.0,
      "FadeOutTime": -1.0,
      "Segments": [
        0,
        0,
        0,
        6,
        0
      ]
    },
    {
      "Target": "Parameter",
      "Id": "ParamFoodRChange",
      "FadeInTime": -1.0,
      "FadeOutTime": -1.0,
      "Segments": [
        0,
        0,
        0,
        6,
        0
      ]
    },
    {
      "Target": "Parameter",
      "Id": "ParamCrusRStretch",
      "FadeInTime": -1.0,
      "FadeOutTime": -1.0,
      "Segments": [
        0,
        0,
        0,
        6,
        0
      ]
    },
    {
      "Target": "Parameter",
      "Id": "ParamCrusRLayer",
      "FadeInTime": -1.0,
      "FadeOutTime": -1.0,
      "Segments": [
        0,
        0,
        0,
        6,
        0
      ]
    },
    {
      "Target": "Parameter",
      "Id": "siwalq2",
      "FadeInTime": -1.0,
      "FadeOutTime": -1.0,
      "Segments": [
        0,
        0,
        0,
        6,
        0
      ]
    },
    {
      "Target": "Parameter",
      "Id": "siwalq",
      "FadeInTime": -1.0,
      "FadeOutTime": -1.0,
      "Segments": [
        0,
        0,
        0,
        6,
        0
      ]
    },
    {
      "Target": "Parameter",
      "Id": "laswX",
      "FadeInTime": -1.0,
      "FadeOutTime": -1.0,
      "Segments": [
        0,
        0,
        0,
        6,
        0
      ]
    },
    {
      "Target": "Parameter",
      "Id": "laswY",
      "FadeInTime": -1.0,
      "FadeOutTime": -1.0,
      "Segments": [
        0,
        0,
        0,
        6,
        0
      ]
    },
    {
      "Target": "Parameter",
      "Id": "rdatuitan",
      "FadeInTime": -1.0,
      "FadeOutTime": -1.0,
      "Segments": [
        0,
        0,
        0,
        6,
        0
      ]
    },
    {
      "Target": "Parameter",
      "Id": "rdatuitan2",
      "FadeInTime": -1.0,
      "FadeOutTime": -1.0,
      "Segments": [
        0,
        0,
        0,
        6,
        0
      ]
    },
    {
      "Target": "Parameter",
      "Id": "rxtuir",
      "FadeInTime": -1.0,
      "FadeOutTime": -1.0,
      "Segments": [
        0,
        0,
        0,
        6,
        0
      ]
    },
    {
      "Target": "Parameter",
      "Id": "rxtuir2",
      "FadeInTime": -1.0,
      "FadeOutTime": -1.0,
      "Segments": [
        0,
        0,
        0,
        6,
        0
      ]
    },
    {
      "Target": "Parameter",
      "Id": "ldtuir1",
      "FadeInTime": -1.0,
      "FadeOutTime": -1.0,
      "Segments": [
        0,
        0,
        0,
        6,
        0
      ]
    },
    {
      "Target": "Parameter",
      "Id": "ldtuir2",
      "FadeInTime": -1.0,
      "FadeOutTime": -1.0,
      "Segments": [
        0,
        0,
        0,
        6,
        0
      ]
    },
    {
      "Target": "Parameter",
      "Id": "lxtuir1",
      "FadeInTime": -1.0,
      "FadeOutTime": -1.0,
      "Segments": [
        0,
        0,
        0,
        6,
        0
      ]
    },
    {
      "Target": "Parameter",
      "Id": "lxtuir2",
      "FadeInTime": -1.0,
      "FadeOutTime": -1.0,
      "Segments": [
        0,
        0,
        0,
        6,
        0
      ]
    },
    {
      "Target": "Parameter",
      "Id": "Param",
      "FadeInTime": -1.0,
      "FadeOutTime": -1.0,
      "Segments": [
        0,
        0,
        0,
        6,
        0
      ]
    },
    {
      "Target": "Parameter",
      "Id": "wanyaoqb",
      "FadeInTime": -1.0,
      "FadeOutTime": -1.0,
      "Segments": [
        0,
        0,
        0,
        6,
        0
      ]
    },
    {
      "Target": "Parameter",
      "Id": "lquncji",
      "FadeInTime": -1.0,
      "FadeOutTime": -1.0,
      "Segments": [
        0,
        0,
        0,
        6,
        0
      ]
    },
    {
      "Target": "Parameter",
      "Id": "ParamArmLAngleX",
      "FadeInTime": -1.0,
      "FadeOutTime": -1.0,
      "Segments": [
        0,
        0,
        0,
        6,
        0
      ]
    },
    {
      "Target": "Parameter",
      "Id": "ParamMouthForm",
      "FadeInTime": -1.0,
      "FadeOutTime": -1.0,
      "Segments": [
        0,
        0,
        0,
        6,
        0
      ]
    },
    {
      "Target": "Parameter",
      "Id": "ParamMouthOpenY",
      "FadeInTime": -1.0,
      "FadeOutTime": -1.0,
      "Segments": [
        0,
        0,
        0,
        6,
        0
      ]
    },
    {
      "Target": "Parameter",
      "Id": "sdParamMouthOpenY",
      "FadeInTime": -1.0,
      "FadeOutTime": -1.0,
      "Segments": [
        0,
        0,
        0,
        6,
        0
      ]
    },
    {
      "Target": "Parameter",
      "Id": "ParamMouthOpenYSD",
      "FadeInTime": -1.0,
      "FadeOutTime": -1.0,
      "Segments": [
        0,
        0,
        0,
        6,
        0
      ]
    },
    {
      "Target": "Parameter",
      "Id": "ParamMouthADisplay",
      "FadeInTime": -1.0,
      "FadeOutTime": -1.0,
      "Segments": [
        0,
        0,
        0,
        6,
        0
      ]
    },
    {
      "Target": "Parameter",
      "Id": "ParamMouthBDisplay",
      "FadeInTime": -1.0,
      "FadeOutTime": -1.0,
      "Segments": [
        0,
        0,
        0,
        6,
        0
      ]
    },
    {
      "Target": "Parameter",
      "Id": "ParamEyeLSmile",
      "FadeInTime": -1.0,
      "FadeOutTime": -1.0,
      "Segments": [
        0,
        0,
        0,
        6,
        0
      ]
    },
    {
      "Target": "Parameter",
      "Id": "ParamEyeRSmile",
      "FadeInTime": -1.0,
      "FadeOutTime": -1.0,
      "Segments": [
        0,
        0,
        0,
        6,
        0
      ]
    },
    {
      "Target": "Parameter",
      "Id": "ParamEyeBallX",
      "FadeInTime": -1.0,
      "FadeOutTime": -1.0,
      "Segments": [
        0,
        0,
        0,
        6,
        0
      ]
    },
    {
      "Target": "Parameter",
      "Id": "ParamEyeBallY",
      "FadeInTime": -1.0,
      "FadeOutTime": -1.0,
      "Segments": [
        0,
        0,
        0,
        6,
        0
      ]
    },
    {
      "Target": "Parameter",
      "Id": "ParamBrowLForm",
      "FadeInTime": -1.0,
      "FadeOutTime": -1.0,
      "Segments": [
        0,
        0,
        0,
        6,
        0
      ]
    },
    {
      "Target": "Parameter",
      "Id": "ParamBrowRForm",
      "FadeInTime": -1.0,
      "FadeOutTime": -1.0,
      "Segments": [
        0,
        0,
        0,
        6,
        0
      ]
    },
    {
      "Target": "Parameter",
      "Id": "lianhong",
      "FadeInTime": -1.0,
      "FadeOutTime": -1.0,
      "Segments": [
        0,
        0,
        0,
        6,
        0
      ]
    },
    {
      "Target": "Parameter",
      "Id": "koushuishangxia",
      "FadeInTime": -1.0,
      "FadeOutTime": -1.0,
      "Segments": [
        0,
        0,
        0,
        6,
        0
      ]
    },
    {
      "Target": "Parameter",
      "Id": "koushuizuoyou",
      "FadeInTime": -1.0,
      "FadeOutTime": -1.0,
      "Segments": [
        0,
        0,
        0,
        6,
        0
      ]
    },
    {
      "Target": "Parameter",
      "Id": "koushuijiaodu",
      "FadeInTime": -1.0,
      "FadeOutTime": -1.0,
      "Segments": [
        0,
        0,
        0,
        6,
        0
      ]
    },
    {
      "Target": "Parameter",
      "Id": "koushuiyaobai",
      "FadeInTime": -1.0,
      "FadeOutTime": -1.0,
      "Segments": [
        0,
        0,
        0,
        6,
        0
      ]
    },
    {
      "Target": "Parameter",
      "Id": "koushuichangduan",
      "FadeInTime": -1.0,
      "FadeOutTime": -1.0,
      "Segments": [
        0,
        0,
        0,
        6,
        0
      ]
    },
    {
      "Target": "Parameter",
      "Id": "jixiong",
      "FadeInTime": -1.0,
      "FadeOutTime": -1.0,
      "Segments": [
        0,
        0,
        0,
        6,
        0
      ]
    },
    {
      "Target": "Parameter",
      "Id": "SD_BustMotionY_L",
      "FadeInTime": -1.0,
      "FadeOutTime": -1.0,
      "Segments": [
        0,
        0,
        0,
        6,
        0
      ]
    },
    {
      "Target": "Parameter",
      "Id": "SD_BustMotionY_L2",
      "FadeInTime": -1.0,
      "FadeOutTime": -1.0,
      "Segments": [
        0,
        0,
        0,
        6,
        0
      ]
    },
    {
      "Target": "Parameter",
      "Id": "SD_BustMotionY_X",
      "FadeInTime": -1.0,
      "FadeOutTime": -1.0,
      "Segments": [
        0,
        0,
        0,
        6,
        0
      ]
    },
    {
      "Target": "Parameter",
      "Id": "fengeq",
      "FadeInTime": -1.0,
      "FadeOutTime": -1.0,
      "Segments": [
        0,
        0,
        0,
        6,
        0
      ]
    },
    {
      "Target": "Parameter",
      "Id": "jihjiu",
      "FadeInTime": -1.0,
      "FadeOutTime": -1.0,
      "Segments": [
        0,
        0,
        0,
        6,
        0
      ]
    },
    {
      "Target": "Parameter",
      "Id": "jishen",
      "FadeInTime": -1.0,
      "FadeOutTime": -1.0,
      "Segments": [
        0,
        0,
        0,
        6,
        0
      ]
    },
    {
      "Target": "Parameter",
      "Id": "hjjyao",
      "FadeInTime": -1.0,
      "FadeOutTime": -1.0,
      "Segments": [
        0,
        0,
        0,
        6,
        0
      ]
    },
    {
      "Target": "Parameter",
      "Id": "jihuxi",
      "FadeInTime": -1.0,
      "FadeOutTime": -1.0,
      "Segments": [
        0,
        0,
        0,
        6,
        0
      ]
    },
    {
      "Target": "Parameter",
      "Id": "jimao1",
      "FadeInTime": -1.0,
      "FadeOutTime": -1.0,
      "Segments": [
        0,
        0,
        0,
        6,
        0
      ]
    },
    {
      "Target": "Parameter",
      "Id": "jimao2",
      "FadeInTime": -1.0,
      "FadeOutTime": -1.0,
      "Segments": [
        0,
        0,
        0,
        6,
        0
      ]
    },
    {
      "Target": "Parameter",
      "Id": "najbq",
      "FadeInTime": -1.0,
      "FadeOutTime": -1.0,
      "Segments": [
        0,
        0,
        0,
        6,
        0
      ]
    },
    {
      "Target": "Parameter",
      "Id": "yemiand",
      "FadeInTime": -1.0,
      "FadeOutTime": -1.0,
      "Segments": [
        0,
        0,
        0,
        6,
        0
      ]
    },
    {
      "Target": "Parameter",
      "Id": "yemian1",
      "FadeInTime": -1.0,
      "FadeOutTime": -1.0,
      "Segments": [
        0,
        0,
        0,
        6,
        0
      ]
    },
    {
      "Target": "Parameter",
      "Id": "yemian2",
      "FadeInTime": -1.0,
      "FadeOutTime": -1.0,
      "Segments": [
        0,
        0,
        0,
        6,
        0
      ]
    },
    {
      "Target": "Parameter",
      "Id": "shoujbY",
      "FadeInTime": -1.0,
      "FadeOutTime": -1.0,
      "Segments": [
        0,
        0,
        0,
        6,
        0
      ]
    },
    {
      "Target": "Parameter",
      "Id": "shoujbjd",
      "FadeInTime": -1.0,
      "FadeOutTime": -1.0,
      "Segments": [
        0,
        0,
        0,
        6,
        0
      ]
    },
    {
      "Target": "Parameter",
      "Id": "shoujbd",
      "FadeInTime": -1.0,
      "FadeOutTime": -1.0,
      "Segments": [
        0,
        0,
        0,
        6,
        0
      ]
    },
    {
      "Target": "Parameter",
      "Id": "JIUBEITEXIAO",
      "FadeInTime": -1.0,
      "FadeOutTime": -1.0,
      "Segments": [
        0,
        0,
        0,
        6,
        0
      ]
    },
    {
      "Target": "Parameter",
      "Id": "jbeiguang",
      "FadeInTime": -1.0,
      "FadeOutTime": -1.0,
      "Segments": [
        0,
        0,
        0,
        6,
        0
      ]
    },
    {
      "Target": "Parameter",
      "Id": "lajbxs",
      "FadeInTime": -1.0,
      "FadeOutTime": -1.0,
      "Segments": [
        0,
        0,
        0,
        6,
        0
      ]
    },
    {
      "Target": "Parameter",
      "Id": "touch_drag",
      "FadeInTime": -1.0,
      "FadeOutTime": -1.0,
      "Segments": [
        0,
        0,
        0,
        6,
        0
      ]
    },
    {
      "Target": "Parameter",
      "Id": "xinfxs2",
      "FadeInTime": -1.0,
      "FadeOutTime": -1.0,
      "Segments": [
        0,
        0,
        0,
        6,
        0
      ]
    },
    {
      "Target": "Parameter",
      "Id": "xinfxs",
      "FadeInTime": -1.0,
      "FadeOutTime": -1.0,
      "Segments": [
        0,
        0,
        0,
        6,
        0
      ]
    },
    {
      "Target": "Parameter",
      "Id": "xfzhuan",
      "FadeInTime": -1.0,
      "FadeOutTime": -1.0,
      "Segments": [
        0,
        -30,
        0,
        6,
        -30
      ]
    },
    {
      "Target": "Parameter",
      "Id": "xfxuzna",
      "FadeInTime": -1.0,
      "FadeOutTime": -1.0,
      "Segments": [
        0,
        0,
        0,
        6,
        0
      ]
    },
    {
      "Target": "Parameter",
      "Id": "yemian3",
      "FadeInTime": -1.0,
      "FadeOutTime": -1.0,
      "Segments": [
        0,
        0,
        0,
        6,
        0
      ]
    },
    {
      "Target": "Parameter",
      "Id": "yemian4",
      "FadeInTime": -1.0,
      "FadeOutTime": -1.0,
      "Segments": [
        0,
        0,
        0,
        6,
        0
      ]
    },
    {
      "Target": "Parameter",
      "Id": "NULL4",
      "FadeInTime": -1.0,
      "FadeOutTime": -1.0,
      "Segments": [
        0,
        0,
        0,
        6,
        0
      ]
    },
    {
      "Target": "Parameter",
      "Id": "NULL5",
      "FadeInTime": -1.0,
      "FadeOutTime": -1.0,
      "Segments": [
        0,
        0,
        0,
        6,
        0
      ]
    },
    {
      "Target": "Parameter",
      "Id": "NULL6",
      "FadeInTime": -1.0,
      "FadeOutTime": -1.0,
      "Segments": [
        0,
        0,
        0,
        6,
        0
      ]
    },
    {
      "Target": "Parameter",
      "Id": "ZD_BustLMotionX_L",
      "FadeInTime": -1.0,
      "FadeOutTime": -1.0,
      "Segments": [
        0,
        0,
        0,
        6,
        0
      ]
    },
    {
      "Target": "Parameter",
      "Id": "ZD_BustRMotionX_L",
      "FadeInTime": -1.0,
      "FadeOutTime": -1.0,
      "Segments": [
        0,
        0,
        0,
        6,
        0
      ]
    },
    {
      "Target": "Parameter",
      "Id": "ZD_BustLMotionX_X",
      "FadeInTime": -1.0,
      "FadeOutTime": -1.0,
      "Segments": [
        0,
        0,
        0,
        6,
        0
      ]
    },
    {
      "Target": "Parameter",
      "Id": "ZD_BustRMotionX_X",
      "FadeInTime": -1.0,
      "FadeOutTime": -1.0,
      "Segments": [
        0,
        0,
        0,
        6,
        0
      ]
    },
    {
      "Target": "Parameter",
      "Id": "dudai1",
      "FadeInTime": -1.0,
      "FadeOutTime": -1.0,
      "Segments": [
        0,
        0,
        0,
        6,
        0
      ]
    },
    {
      "Target": "Parameter",
      "Id": "dudai2",
      "FadeInTime": -1.0,
      "FadeOutTime": -1.0,
      "Segments": [
        0,
        0,
        0,
        6,
        0
      ]
    },
    {
      "Target": "Parameter",
      "Id": "dudai3",
      "FadeInTime": -1.0,
      "FadeOutTime": -1.0,
      "Segments": [
        0,
        0,
        0,
        6,
        0
      ]
    },
    {
      "Target": "Parameter",
      "Id": "dudai4",
      "FadeInTime": -1.0,
      "FadeOutTime": -1.0,
      "Segments": [
        0,
        0,
        0,
        6,
        0
      ]
    },
    {
      "Target": "Parameter",
      "Id": "ParamArmLAngleY",
      "FadeInTime": -1.0,
      "FadeOutTime": -1.0,
      "Segments": [
        0,
        0,
        0,
        6,
        0
      ]
    },
    {
      "Target": "Parameter",
      "Id": "ParamArmRAngleX",
      "FadeInTime": -1.0,
      "FadeOutTime": -1.0,
      "Segments": [
        0,
        0,
        0,
        6,
        0
      ]
    },
    {
      "Target": "Parameter",
      "Id": "ParamArmRAngleY",
      "FadeInTime": -1.0,
      "FadeOutTime": -1.0,
      "Segments": [
        0,
        0,
        0,
        6,
        0
      ]
    },
    {
      "Target": "Parameter",
      "Id": "ParamBodyAngleY",
      "FadeInTime": -1.0,
      "FadeOutTime": -1.0,
      "Segments": [
        0,
        0,
        0,
        6,
        0
      ]
    },
    {
      "Target": "Parameter",
      "Id": "ParamBrowLY",
      "FadeInTime": -1.0,
      "FadeOutTime": -1.0,
      "Segments": [
        0,
        0,
        0,
        6,
        0
      ]
    },
    {
      "Target": "Parameter",
      "Id": "ParamBrowLX",
      "FadeInTime": -1.0,
      "FadeOutTime": -1.0,
      "Segments": [
        0,
        0,
        0,
        6,
        0
      ]
    },
    {
      "Target": "Parameter",
      "Id": "ParamBrowLAngle",
      "FadeInTime": -1.0,
      "FadeOutTime": -1.0,
      "Segments": [
        0,
        0,
        0,
        6,
        0
      ]
    },
    {
      "Target": "Parameter",
      "Id": "ParamBrowRY",
      "FadeInTime": -1.0,
      "FadeOutTime": -1.0,
      "Segments": [
        0,
        0,
        0,
        6,
        0
      ]
    },
    {
      "Target": "Parameter",
      "Id": "ParamBrowRX",
      "FadeInTime": -1.0,
      "FadeOutTime": -1.0,
      "Segments": [
        0,
        0,
        0,
        6,
        0
      ]
    },
    {
      "Target": "Parameter",
      "Id": "ParamBreath",
      "FadeInTime": -1.0,
      "FadeOutTime": -1.0,
      "Segments": [
        0,
        0,
        0,
        6,
        0
      ]
    },
    {
      "Target": "Parameter",
      "Id": "ParamBrowRAngle",
      "FadeInTime": -1.0,
      "FadeOutTime": -1.0,
      "Segments": [
        0,
        0,
        0,
        6,
        0
      ]
    }
  ],
  "UserData": [
    {
      "Time": 0.0,
      "Value": ""
    }
  ]
}