{
  "Version": 3,
  "Meta": {
    "Duration": 4.6,
    "Fps": 30.0,
    "Loop": true,
    "AreBeziersRestricted": true,
    "FadeInTime": 0.0,
    "FadeOutTime": 0.0,
    "CurveCount": 227,
    "TotalSegmentCount": 982,
    "TotalPointCount": 1162,
    "UserDataCount": 3,
    "TotalUserDataSize": 0
  },
  "Curves": [
    {
      "Target": "Model",
      "Id": "LipSync",
      "FadeInTime": -1.0,
      "FadeOutTime": -1.0,
      "Segments": [
        0,
        0.435,
        2,
        0.5,
        0.435,
        0,
        0.567,
        0.039,
        0,
        0.833,
        0.925,
        0,
        0.9,
        0.827,
        0,
        0.967,
        0.906,
        0,
        1.033,
        0.169,
        0,
        1.1,
        1,
        0,
        1.233,
        0.706,
        0,
        1.367,
        0.776,
        0,
        1.767,
        0,
        2,
        2.033,
        0,
        0,
        2.1,
        0.545,
        0,
        2.3,
        0.071,
        0,
        2.367,
        0.973,
        0,
        2.567,
        0,
        2,
        2.7,
        0,
        0,
        2.833,
        0.38,
        0,
        3.167,
        0,
        2,
        4.6,
        0
      ]
    },
    {
      "Target": "Parameter",
      "Id": "ParamArmLAngle",
      "FadeInTime": -1.0,
      "FadeOutTime": -1.0,
      "Segments": [
        0,
        0,
        2,
        0.5,
        0,
        2,
        0.6,
        0,
        0,
        1.2,
        -25.093,
        0,
        1.367,
        -24.3,
        2,
        2.5,
        -24.3,
        0,
        3.4,
        0,
        2,
        4.167,
        0,
        2,
        4.6,
        0
      ]
    },
    {
      "Target": "Parameter",
      "Id": "ParamArmLStretch",
      "FadeInTime": -1.0,
      "FadeOutTime": -1.0,
      "Segments": [
        0,
        0,
        2,
        0.5,
        0,
        2,
        0.6,
        0,
        0,
        1.2,
        24.1,
        2,
        2.5,
        24.1,
        0,
        3.4,
        0,
        2,
        4.167,
        0,
        2,
        4.6,
        0
      ]
    },
    {
      "Target": "Parameter",
      "Id": "ParamForearmLAngle",
      "FadeInTime": -1.0,
      "FadeOutTime": -1.0,
      "Segments": [
        0,
        0,
        2,
        0.5,
        0,
        2,
        0.733,
        0,
        0,
        1.367,
        3.404,
        0,
        1.967,
        2.68,
        0,
        2.4,
        4.138,
        1,
        2.567,
        4.138,
        2.733,
        4.132,
        2.9,
        3.1,
        1,
        3.067,
        2.068,
        3.233,
        0,
        3.4,
        0,
        2,
        4.167,
        0,
        2,
        4.6,
        0
      ]
    },
    {
      "Target": "Parameter",
      "Id": "ParamForearmLStretch",
      "FadeInTime": -1.0,
      "FadeOutTime": -1.0,
      "Segments": [
        0,
        -15,
        2,
        0.5,
        -15,
        2,
        0.6,
        -15,
        0,
        1.2,
        0,
        2,
        2.5,
        0,
        0,
        3.4,
        -15,
        2,
        4.167,
        -15,
        2,
        4.6,
        -15
      ]
    },
    {
      "Target": "Parameter",
      "Id": "ParamForearmLLayer",
      "FadeInTime": -1.0,
      "FadeOutTime": -1.0,
      "Segments": [
        0,
        0,
        2,
        0.5,
        0,
        2,
        0.6,
        0,
        0,
        1.1,
        -30,
        2,
        2.5,
        -30,
        2,
        2.533,
        0,
        2,
        3.4,
        0,
        2,
        4.167,
        0,
        2,
        4.6,
        0
      ]
    },
    {
      "Target": "Parameter",
      "Id": "ParamHandLAngle",
      "FadeInTime": -1.0,
      "FadeOutTime": -1.0,
      "Segments": [
        0,
        0,
        2,
        0.5,
        0,
        0,
        1.067,
        -1.55,
        0,
        1.5,
        2.42,
        0,
        2.1,
        -0.291,
        0,
        2.6,
        2.267,
        0,
        3.4,
        0,
        2,
        4.167,
        0,
        2,
        4.6,
        0
      ]
    },
    {
      "Target": "Parameter",
      "Id": "ParamHandLChange",
      "FadeInTime": -1.0,
      "FadeOutTime": -1.0,
      "Segments": [
        0,
        0,
        2,
        0.5,
        0,
        2,
        0.6,
        0,
        0,
        1.2,
        -30,
        2,
        2.5,
        -30,
        2,
        2.9,
        -30,
        0,
        3.1,
        0,
        2,
        3.4,
        0,
        2,
        4.167,
        0,
        2,
        4.6,
        0
      ]
    },
    {
      "Target": "Parameter",
      "Id": "ParamHandLAnimation",
      "FadeInTime": -1.0,
      "FadeOutTime": -1.0,
      "Segments": [
        0,
        0,
        2,
        0.5,
        0,
        2,
        0.6,
        0,
        0,
        1.2,
        -30,
        2,
        2.5,
        -30,
        2,
        2.9,
        -30,
        0,
        3.1,
        0,
        2,
        3.4,
        0,
        2,
        4.167,
        0,
        2,
        4.6,
        0
      ]
    },
    {
      "Target": "Parameter",
      "Id": "ParamHandLREDisplay",
      "FadeInTime": -1.0,
      "FadeOutTime": -1.0,
      "Segments": [
        0,
        30,
        2,
        0.5,
        30,
        2,
        0.6,
        30,
        2,
        0.867,
        30,
        0,
        1.2,
        0,
        2,
        2.5,
        0,
        2,
        2.9,
        0,
        0,
        3.1,
        30,
        2,
        3.4,
        30,
        2,
        4.167,
        30,
        2,
        4.6,
        30
      ]
    },
    {
      "Target": "Parameter",
      "Id": "ParamHandL4Display",
      "FadeInTime": -1.0,
      "FadeOutTime": -1.0,
      "Segments": [
        0,
        0,
        2,
        0.5,
        0,
        2,
        0.6,
        0,
        2,
        0.867,
        0,
        0,
        1.2,
        15,
        2,
        2.5,
        15,
        2,
        2.9,
        15,
        0,
        3.1,
        0,
        2,
        3.4,
        0,
        2,
        4.167,
        0,
        2,
        4.6,
        0
      ]
    },
    {
      "Target": "Parameter",
      "Id": "zuoshouxiu",
      "FadeInTime": -1.0,
      "FadeOutTime": -1.0,
      "Segments": [
        0,
        0,
        2,
        0.5,
        0,
        2,
        0.6,
        0,
        0,
        1.2,
        -25,
        2,
        2.5,
        -25,
        1,
        2.8,
        -16.667,
        3.1,
        -8.333,
        3.4,
        0,
        2,
        4.167,
        0,
        2,
        4.6,
        0
      ]
    },
    {
      "Target": "Parameter",
      "Id": "zuoshoudaxiao",
      "FadeInTime": -1.0,
      "FadeOutTime": -1.0,
      "Segments": [
        0,
        0,
        2,
        0.5,
        0,
        2,
        0.6,
        0,
        0,
        1.2,
        1.7,
        2,
        2.5,
        1.7,
        0,
        3.4,
        0,
        2,
        4.167,
        0,
        2,
        4.6,
        0
      ]
    },
    {
      "Target": "Parameter",
      "Id": "ParamArmRAngle",
      "FadeInTime": -1.0,
      "FadeOutTime": -1.0,
      "Segments": [
        0,
        0,
        2,
        0.5,
        0,
        0,
        0.833,
        -11,
        0,
        1.2,
        -8.8,
        1,
        1.4,
        -9.78,
        1.6,
        -10.76,
        1.8,
        -11.74,
        1,
        2.056,
        -10.647,
        2.311,
        -9.554,
        2.567,
        -8.461,
        1,
        2.734,
        -8.574,
        2.9,
        -8.687,
        3.067,
        -8.8,
        2,
        3.5,
        -8.8,
        1,
        3.611,
        -8.8,
        3.722,
        -8.941,
        3.833,
        -7.82,
        1,
        3.944,
        -6.699,
        4.056,
        0,
        4.167,
        0,
        2,
        4.6,
        0
      ]
    },
    {
      "Target": "Parameter",
      "Id": "ParamArmRStretch",
      "FadeInTime": -1.0,
      "FadeOutTime": -1.0,
      "Segments": [
        0,
        0,
        2,
        0.5,
        0,
        0,
        1.2,
        -30,
        2,
        3.067,
        -30,
        2,
        3.5,
        -30,
        0,
        4.167,
        0,
        2,
        4.6,
        0
      ]
    },
    {
      "Target": "Parameter",
      "Id": "ParamForearmRAngle",
      "FadeInTime": -1.0,
      "FadeOutTime": -1.0,
      "Segments": [
        0,
        0,
        2,
        0.5,
        0,
        2,
        1.2,
        0,
        2,
        3.067,
        0,
        2,
        3.5,
        0,
        0,
        3.833,
        -0.24,
        0,
        4.167,
        0,
        2,
        4.6,
        0
      ]
    },
    {
      "Target": "Parameter",
      "Id": "ParamHandRStretch",
      "FadeInTime": -1.0,
      "FadeOutTime": -1.0,
      "Segments": [
        0,
        0,
        2,
        0.5,
        0,
        0,
        1.2,
        -30,
        0,
        1.4,
        -22,
        0,
        2.1,
        -30,
        0,
        2.8,
        -29,
        2,
        3.067,
        -29,
        2,
        3.5,
        -29,
        0,
        4.167,
        0,
        2,
        4.6,
        0
      ]
    },
    {
      "Target": "Parameter",
      "Id": "ParamHandRAngle",
      "FadeInTime": -1.0,
      "FadeOutTime": -1.0,
      "Segments": [
        0,
        0,
        2,
        0.5,
        0,
        0,
        1.2,
        -26.56,
        2,
        3.067,
        -26.56,
        2,
        3.5,
        -26.56,
        0,
        4.167,
        0,
        2,
        4.6,
        0
      ]
    },
    {
      "Target": "Parameter",
      "Id": "ParamHandRChange",
      "FadeInTime": -1.0,
      "FadeOutTime": -1.0,
      "Segments": [
        0,
        0,
        2,
        0.5,
        0,
        0,
        0.9,
        30,
        0,
        1.2,
        -30,
        1,
        1.3,
        -23.667,
        1.4,
        -17.333,
        1.5,
        -11,
        1,
        2.022,
        -8,
        2.545,
        -5,
        3.067,
        -2,
        2,
        3.5,
        -2,
        0,
        4.167,
        0,
        2,
        4.6,
        0
      ]
    },
    {
      "Target": "Parameter",
      "Id": "youshoouxiu",
      "FadeInTime": -1.0,
      "FadeOutTime": -1.0,
      "Segments": [
        0,
        30,
        2,
        0.5,
        30,
        0,
        1.2,
        0,
        2,
        3.067,
        0,
        2,
        3.5,
        0,
        0,
        4.167,
        30,
        2,
        4.6,
        30
      ]
    },
    {
      "Target": "Parameter",
      "Id": "ParamAngleX",
      "FadeInTime": -1.0,
      "FadeOutTime": -1.0,
      "Segments": [
        0,
        0,
        2,
        0.5,
        0,
        2,
        1.067,
        0,
        1,
        1.189,
        0,
        1.311,
        -2.853,
        1.433,
        -5.122,
        1,
        1.566,
        -7.598,
        1.7,
        -8,
        1.833,
        -8,
        1,
        1.966,
        -8,
        2.1,
        -5.901,
        2.233,
        -1.256,
        1,
        2.355,
        3.002,
        2.478,
        11.675,
        2.6,
        12,
        1,
        2.933,
        12.887,
        3.267,
        13,
        3.6,
        13,
        0,
        4.167,
        0,
        2,
        4.6,
        0
      ]
    },
    {
      "Target": "Parameter",
      "Id": "ParamAngleY",
      "FadeInTime": -1.0,
      "FadeOutTime": -1.0,
      "Segments": [
        0,
        0,
        2,
        0.5,
        0,
        0,
        1.267,
        -26,
        0,
        2.033,
        13.62,
        1,
        2.289,
        13.62,
        2.544,
        1.175,
        2.8,
        -12,
        1,
        3.011,
        -22.884,
        3.222,
        -25,
        3.433,
        -25,
        0,
        4.167,
        0,
        2,
        4.6,
        0
      ]
    },
    {
      "Target": "Parameter",
      "Id": "ParamAngleZ",
      "FadeInTime": -1.0,
      "FadeOutTime": -1.0,
      "Segments": [
        0,
        0,
        2,
        0.5,
        0,
        0,
        1.733,
        4,
        0,
        2.867,
        -1,
        0,
        3.833,
        1.385,
        0,
        4.167,
        0,
        2,
        4.6,
        0
      ]
    },
    {
      "Target": "Parameter",
      "Id": "ParamNeckZ",
      "FadeInTime": -1.0,
      "FadeOutTime": -1.0,
      "Segments": [
        0,
        0,
        2,
        0.5,
        0,
        0,
        1.6,
        4,
        0,
        2.733,
        -1,
        0,
        3.733,
        1.762,
        0,
        4.167,
        0,
        2,
        4.6,
        0
      ]
    },
    {
      "Target": "Parameter",
      "Id": "ParamBodyAngleX",
      "FadeInTime": -1.0,
      "FadeOutTime": -1.0,
      "Segments": [
        0,
        0,
        2,
        0.5,
        0,
        0,
        1.2,
        4,
        0,
        2.033,
        -4,
        0,
        4.167,
        0,
        2,
        4.6,
        0
      ]
    },
    {
      "Target": "Parameter",
      "Id": "SHENTIY",
      "FadeInTime": -1.0,
      "FadeOutTime": -1.0,
      "Segments": [
        0,
        0,
        2,
        0.5,
        0,
        0,
        1.333,
        -7,
        0,
        2.1,
        5,
        0,
        3.133,
        -1,
        1,
        3.478,
        -1,
        3.822,
        -0.66,
        4.167,
        -0.21,
        1,
        4.311,
        -0.021,
        4.456,
        0,
        4.6,
        0
      ]
    },
    {
      "Target": "Parameter",
      "Id": "QUANTIX",
      "FadeInTime": -1.0,
      "FadeOutTime": -1.0,
      "Segments": [
        0,
        0,
        2,
        0.5,
        0,
        0,
        1.233,
        2,
        0,
        2.1,
        -2.32,
        0,
        2.933,
        1,
        0,
        3.633,
        0,
        2,
        4.167,
        0,
        2,
        4.6,
        0
      ]
    },
    {
      "Target": "Parameter",
      "Id": "QUANTIY",
      "FadeInTime": -1.0,
      "FadeOutTime": -1.0,
      "Segments": [
        0,
        0,
        2,
        0.5,
        0,
        0,
        1.067,
        -3,
        0,
        1.933,
        4,
        1,
        2.189,
        4,
        2.444,
        2.466,
        2.7,
        0,
        1,
        2.967,
        -2.573,
        3.233,
        -3.6,
        3.5,
        -3.6,
        0,
        4.033,
        0,
        2,
        4.167,
        0,
        2,
        4.6,
        0
      ]
    },
    {
      "Target": "Parameter",
      "Id": "ParamChestZ",
      "FadeInTime": -1.0,
      "FadeOutTime": -1.0,
      "Segments": [
        0,
        0,
        2,
        0.5,
        0,
        0,
        1.467,
        3,
        0,
        2.6,
        -1,
        0,
        3.6,
        0.988,
        0,
        4.167,
        0,
        2,
        4.6,
        0
      ]
    },
    {
      "Target": "Parameter",
      "Id": "ParamWaistZ",
      "FadeInTime": -1.0,
      "FadeOutTime": -1.0,
      "Segments": [
        0,
        0,
        2,
        0.5,
        0,
        0,
        1.333,
        3,
        0,
        2.467,
        -1,
        0,
        3.467,
        1.159,
        0,
        4.167,
        0,
        2,
        4.6,
        0
      ]
    },
    {
      "Target": "Parameter",
      "Id": "ParamLegLAngle",
      "FadeInTime": -1.0,
      "FadeOutTime": -1.0,
      "Segments": [
        0,
        0,
        2,
        0.5,
        0,
        0,
        1.2,
        3.3,
        1,
        1.578,
        1.867,
        1.955,
        0.433,
        2.333,
        -1,
        0,
        3.333,
        1.122,
        0,
        4.167,
        0,
        2,
        4.6,
        0
      ]
    },
    {
      "Target": "Parameter",
      "Id": "ParamShoulderRStretch",
      "FadeInTime": -1.0,
      "FadeOutTime": -1.0,
      "Segments": [
        0,
        0,
        2,
        0.5,
        0,
        0,
        1.2,
        18,
        2,
        3.5,
        18,
        1,
        3.722,
        12,
        3.945,
        6,
        4.167,
        0,
        2,
        4.6,
        0
      ]
    },
    {
      "Target": "Parameter",
      "Id": "shentihuxi",
      "FadeInTime": -1.0,
      "FadeOutTime": -1.0,
      "Segments": [
        0,
        0,
        2,
        0.5,
        0,
        0,
        1.2,
        -7,
        0,
        1.933,
        9,
        0,
        2.8,
        -5,
        0,
        3.533,
        3,
        0,
        4.167,
        0,
        2,
        4.6,
        0
      ]
    },
    {
      "Target": "Parameter",
      "Id": "ParamFoodLAngle",
      "FadeInTime": -1.0,
      "FadeOutTime": -1.0,
      "Segments": [
        0,
        0,
        2,
        0.5,
        0,
        0,
        1.2,
        1.26,
        0,
        1.767,
        0,
        2,
        3.267,
        0,
        2,
        4.167,
        0,
        2,
        4.6,
        0
      ]
    },
    {
      "Target": "Parameter",
      "Id": "rdatuif",
      "FadeInTime": -1.0,
      "FadeOutTime": -1.0,
      "Segments": [
        0,
        17,
        2,
        0.5,
        17,
        0,
        1.7,
        14,
        0,
        3.267,
        17,
        2,
        4.167,
        17,
        2,
        4.6,
        17
      ]
    },
    {
      "Target": "Parameter",
      "Id": "ParamCrusRAngle",
      "FadeInTime": -1.0,
      "FadeOutTime": -1.0,
      "Segments": [
        0,
        -30,
        2,
        0.5,
        -30,
        0,
        1.7,
        -28,
        1,
        2.222,
        -28.667,
        2.745,
        -29.333,
        3.267,
        -30,
        2,
        4.167,
        -30,
        2,
        4.6,
        -30
      ]
    },
    {
      "Target": "Parameter",
      "Id": "bangdaijd",
      "FadeInTime": -1.0,
      "FadeOutTime": -1.0,
      "Segments": [
        0,
        0,
        2,
        0.5,
        0,
        0,
        1.133,
        8,
        0,
        1.667,
        -3,
        0,
        2.1,
        0,
        2,
        4.167,
        0,
        2,
        4.6,
        0
      ]
    },
    {
      "Target": "Parameter",
      "Id": "ParamMouthForm",
      "FadeInTime": -1.0,
      "FadeOutTime": -1.0,
      "Segments": [
        0,
        0,
        2,
        0.5,
        0,
        0,
        0.567,
        0.3,
        1,
        0.578,
        0.3,
        0.589,
        0.267,
        0.6,
        0.2,
        1,
        0.611,
        0.133,
        0.622,
        0.067,
        0.633,
        0,
        1,
        0.644,
        -0.067,
        0.656,
        -0.1,
        0.667,
        -0.1,
        0,
        0.733,
        0.7,
        0,
        0.767,
        0,
        1,
        0.789,
        0,
        0.811,
        0.078,
        0.833,
        -0.121,
        1,
        0.844,
        -0.221,
        0.856,
        0.388,
        0.867,
        0.388,
        1,
        0.878,
        0.388,
        0.889,
        -0.292,
        0.9,
        -0.203,
        1,
        0.911,
        -0.114,
        0.922,
        -0.189,
        0.933,
        -0.1,
        1,
        0.944,
        -0.011,
        0.956,
        0.1,
        0.967,
        0.1,
        1,
        0.989,
        0.1,
        1.011,
        0.06,
        1.033,
        -0.1,
        1,
        1.044,
        -0.18,
        1.056,
        -0.178,
        1.067,
        -0.178,
        2,
        1.1,
        -0.178,
        0,
        1.167,
        0,
        2,
        1.2,
        0,
        0,
        1.267,
        -0.1,
        1,
        1.289,
        -0.1,
        1.311,
        -0.033,
        1.333,
        0.1,
        1,
        1.344,
        0.167,
        1.356,
        0.2,
        1.367,
        0.2,
        2,
        1.4,
        0.2,
        1,
        1.411,
        0.2,
        1.422,
        0.189,
        1.433,
        0.1,
        1,
        1.444,
        0.011,
        1.456,
        -0.1,
        1.467,
        -0.1,
        1,
        1.478,
        -0.1,
        1.489,
        -0.044,
        1.5,
        0,
        1,
        1.511,
        0.044,
        1.522,
        0.047,
        1.533,
        0.1,
        1,
        1.544,
        0.153,
        1.556,
        0.3,
        1.567,
        0.3,
        0,
        1.667,
        -0.178,
        2,
        1.7,
        -0.178,
        1,
        1.711,
        -0.178,
        1.722,
        -0.189,
        1.733,
        -0.1,
        1,
        1.744,
        -0.011,
        1.756,
        0.033,
        1.767,
        0.1,
        1,
        1.778,
        0.167,
        1.789,
        0.2,
        1.8,
        0.2,
        0,
        1.833,
        0.1,
        2,
        1.867,
        0.1,
        0,
        1.9,
        0,
        0,
        3.267,
        0.5,
        1,
        3.567,
        0.333,
        3.867,
        0.167,
        4.167,
        0,
        2,
        4.6,
        0
      ]
    },
    {
      "Target": "Parameter",
      "Id": "sdParamMouthOpenY",
      "FadeInTime": -1.0,
      "FadeOutTime": -1.0,
      "Segments": [
        0,
        0,
        2,
        0.5,
        0,
        2,
        2.033,
        0,
        0,
        2.367,
        0.5,
        2,
        2.867,
        0.5,
        0,
        3.233,
        0,
        2,
        4.167,
        0,
        2,
        4.6,
        0
      ]
    },
    {
      "Target": "Parameter",
      "Id": "ParamMouthOpenYSD",
      "FadeInTime": -1.0,
      "FadeOutTime": -1.0,
      "Segments": [
        0,
        0,
        2,
        0.5,
        0,
        2,
        1.2,
        0,
        2,
        1.967,
        0,
        3,
        2,
        1,
        3,
        3.233,
        1,
        3,
        3.267,
        0,
        2,
        4.167,
        0,
        2,
        4.6,
        0
      ]
    },
    {
      "Target": "Parameter",
      "Id": "ParamEyeLOpen",
      "FadeInTime": -1.0,
      "FadeOutTime": -1.0,
      "Segments": [
        0,
        1,
        2,
        0.5,
        1,
        2,
        1.2,
        1,
        2,
        2.167,
        1,
        0,
        2.567,
        0,
        2,
        2.7,
        0,
        0,
        3.067,
        1,
        2,
        4.167,
        1,
        2,
        4.6,
        1
      ]
    },
    {
      "Target": "Parameter",
      "Id": "ParamEyeLSmile",
      "FadeInTime": -1.0,
      "FadeOutTime": -1.0,
      "Segments": [
        0,
        0,
        2,
        0.5,
        0,
        2,
        1.2,
        0,
        2,
        2.7,
        0,
        0,
        3.067,
        1,
        2,
        3.5,
        1,
        0,
        4.167,
        0,
        2,
        4.6,
        0
      ]
    },
    {
      "Target": "Parameter",
      "Id": "ParamEyeROpen",
      "FadeInTime": -1.0,
      "FadeOutTime": -1.0,
      "Segments": [
        0,
        1,
        2,
        0.5,
        1,
        2,
        1.2,
        1,
        2,
        2.167,
        1,
        0,
        2.567,
        0,
        2,
        2.7,
        0,
        0,
        3.067,
        1,
        2,
        4.167,
        1,
        2,
        4.6,
        1
      ]
    },
    {
      "Target": "Parameter",
      "Id": "ParamEyeRSmile",
      "FadeInTime": -1.0,
      "FadeOutTime": -1.0,
      "Segments": [
        0,
        0,
        2,
        0.5,
        0,
        2,
        1.2,
        0,
        2,
        2.7,
        0,
        0,
        3.067,
        1,
        2,
        3.5,
        1,
        0,
        4.167,
        0,
        2,
        4.6,
        0
      ]
    },
    {
      "Target": "Parameter",
      "Id": "ParamEyeBallX",
      "FadeInTime": -1.0,
      "FadeOutTime": -1.0,
      "Segments": [
        0,
        0,
        2,
        0.5,
        0,
        2,
        1.2,
        0,
        1,
        1.444,
        0.033,
        1.689,
        0.067,
        1.933,
        0.1,
        1,
        2.678,
        0.067,
        3.422,
        0.033,
        4.167,
        0,
        2,
        4.6,
        0
      ]
    },
    {
      "Target": "Parameter",
      "Id": "ParamEyeBallY",
      "FadeInTime": -1.0,
      "FadeOutTime": -1.0,
      "Segments": [
        0,
        0,
        2,
        0.5,
        0,
        2,
        1.2,
        0,
        1,
        1.444,
        0.067,
        1.689,
        0.133,
        1.933,
        0.2,
        1,
        2.678,
        0.133,
        3.422,
        0.067,
        4.167,
        0,
        2,
        4.6,
        0
      ]
    },
    {
      "Target": "Parameter",
      "Id": "ParamBrowLForm",
      "FadeInTime": -1.0,
      "FadeOutTime": -1.0,
      "Segments": [
        0,
        0,
        2,
        0.5,
        0,
        2,
        1.2,
        0,
        2,
        2.7,
        0,
        0,
        3.067,
        0.4,
        2,
        3.5,
        0.4,
        0,
        4.167,
        0,
        2,
        4.6,
        0
      ]
    },
    {
      "Target": "Parameter",
      "Id": "ParamBrowRForm",
      "FadeInTime": -1.0,
      "FadeOutTime": -1.0,
      "Segments": [
        0,
        0,
        2,
        0.5,
        0,
        2,
        1.2,
        0,
        2,
        2.7,
        0,
        0,
        3.067,
        0.4,
        2,
        3.5,
        0.4,
        0,
        4.167,
        0,
        2,
        4.6,
        0
      ]
    },
    {
      "Target": "Parameter",
      "Id": "Hair_physics",
      "FadeInTime": -1.0,
      "FadeOutTime": -1.0,
      "Segments": [
        0,
        0,
        2,
        0.5,
        0,
        0,
        1.067,
        1,
        0,
        2.033,
        0,
        0,
        3.367,
        0.5,
        2,
        4,
        0.5,
        1,
        4.056,
        0.5,
        4.111,
        0.494,
        4.167,
        0.406,
        1,
        4.311,
        0.177,
        4.456,
        0,
        4.6,
        0
      ]
    },
    {
      "Target": "Parameter",
      "Id": "OP_physics",
      "FadeInTime": -1.0,
      "FadeOutTime": -1.0,
      "Segments": [
        0,
        0,
        2,
        0.5,
        0,
        0,
        1.067,
        1,
        0,
        2.033,
        0,
        0,
        3.367,
        0.5,
        2,
        4,
        0.5,
        1,
        4.056,
        0.5,
        4.111,
        0.494,
        4.167,
        0.406,
        1,
        4.311,
        0.177,
        4.456,
        0,
        4.6,
        0
      ]
    },
    {
      "Target": "Parameter",
      "Id": "Clothes_physics",
      "FadeInTime": -1.0,
      "FadeOutTime": -1.0,
      "Segments": [
        0,
        0,
        2,
        0.5,
        0,
        0,
        1.067,
        1,
        0,
        2.033,
        0,
        0,
        3.367,
        0.5,
        2,
        4,
        0.5,
        1,
        4.056,
        0.5,
        4.111,
        0.494,
        4.167,
        0.406,
        1,
        4.311,
        0.177,
        4.456,
        0,
        4.6,
        0
      ]
    },
    {
      "Target": "Parameter",
      "Id": "fajiaodu",
      "FadeInTime": -1.0,
      "FadeOutTime": -1.0,
      "Segments": [
        0,
        0,
        2,
        0.5,
        0,
        0,
        1.167,
        12,
        0,
        2,
        -1,
        1,
        2.278,
        -1,
        2.555,
        3.603,
        2.833,
        5,
        1,
        3.066,
        6.173,
        3.3,
        6,
        3.533,
        6,
        0,
        4.167,
        0,
        2,
        4.6,
        0
      ]
    },
    {
      "Target": "Parameter",
      "Id": "rqun1",
      "FadeInTime": -1.0,
      "FadeOutTime": -1.0,
      "Segments": [
        0,
        0,
        2,
        0.5,
        0,
        0,
        0.733,
        23.92,
        0,
        1.233,
        -23.92,
        0,
        1.733,
        23.92,
        0,
        2.233,
        -23.92,
        0,
        2.9,
        23.92,
        0,
        3.533,
        -15,
        0,
        4.167,
        0,
        2,
        4.6,
        0
      ]
    },
    {
      "Target": "Parameter",
      "Id": "rqun2",
      "FadeInTime": -1.0,
      "FadeOutTime": -1.0,
      "Segments": [
        0,
        15.013,
        2,
        0.5,
        15.013,
        0,
        0.967,
        -23.92,
        0,
        1.5,
        23.92,
        0,
        1.967,
        -23.92,
        0,
        2.6,
        23.92,
        0,
        3.267,
        -17,
        0,
        3.833,
        19,
        0,
        4.167,
        15.013,
        2,
        4.6,
        15.013
      ]
    },
    {
      "Target": "Parameter",
      "Id": "qunbai1",
      "FadeInTime": -1.0,
      "FadeOutTime": -1.0,
      "Segments": [
        0,
        0.001,
        0,
        0.5,
        0,
        0,
        0.733,
        19.315,
        0,
        1.233,
        -19.315,
        0,
        1.733,
        19.315,
        0,
        2.233,
        -19.315,
        0,
        2.9,
        19.315,
        0,
        3.533,
        -15,
        1,
        3.744,
        -15,
        3.956,
        -0.002,
        4.167,
        0,
        1,
        4.311,
        0.002,
        4.456,
        0.001,
        4.6,
        0.001
      ]
    },
    {
      "Target": "Parameter",
      "Id": "qunbai2",
      "FadeInTime": -1.0,
      "FadeOutTime": -1.0,
      "Segments": [
        0,
        7,
        0,
        0.5,
        15.013,
        0,
        0.967,
        -19.315,
        0,
        1.5,
        19.315,
        0,
        1.967,
        -19.315,
        0,
        2.6,
        19.315,
        0,
        3.267,
        -17,
        0,
        3.833,
        19,
        1,
        3.944,
        19,
        4.056,
        18.313,
        4.167,
        15.013,
        1,
        4.311,
        10.723,
        4.456,
        7,
        4.6,
        7
      ]
    },
    {
      "Target": "Parameter",
      "Id": "lqun1",
      "FadeInTime": -1.0,
      "FadeOutTime": -1.0,
      "Segments": [
        0,
        0,
        2,
        0.5,
        0,
        0,
        0.733,
        23.92,
        0,
        1.233,
        -23.92,
        0,
        1.733,
        23.92,
        0,
        2.233,
        -23.92,
        0,
        2.9,
        23.92,
        0,
        3.533,
        -15,
        0,
        4.167,
        0,
        2,
        4.6,
        0
      ]
    },
    {
      "Target": "Parameter",
      "Id": "lqun2",
      "FadeInTime": -1.0,
      "FadeOutTime": -1.0,
      "Segments": [
        0,
        15.013,
        2,
        0.5,
        15.013,
        0,
        0.967,
        -23.92,
        0,
        1.5,
        23.92,
        0,
        1.967,
        -23.92,
        0,
        2.6,
        23.92,
        0,
        3.267,
        -17,
        0,
        3.833,
        19,
        0,
        4.167,
        15.013,
        2,
        4.6,
        15.013
      ]
    },
    {
      "Target": "Parameter",
      "Id": "qunbai3",
      "FadeInTime": -1.0,
      "FadeOutTime": -1.0,
      "Segments": [
        0,
        0.001,
        0,
        0.5,
        0,
        0,
        0.733,
        19.315,
        0,
        1.233,
        -19.315,
        0,
        1.733,
        19.315,
        0,
        2.233,
        -19.315,
        0,
        2.9,
        19.315,
        0,
        3.533,
        -15,
        1,
        3.744,
        -15,
        3.956,
        -0.002,
        4.167,
        0,
        1,
        4.311,
        0.002,
        4.456,
        0.001,
        4.6,
        0.001
      ]
    },
    {
      "Target": "Parameter",
      "Id": "qunbai4",
      "FadeInTime": -1.0,
      "FadeOutTime": -1.0,
      "Segments": [
        0,
        7,
        0,
        0.5,
        15.013,
        0,
        0.967,
        -19.315,
        0,
        1.5,
        19.315,
        0,
        1.967,
        -19.315,
        0,
        2.6,
        19.315,
        0,
        3.267,
        -17,
        0,
        3.833,
        19,
        1,
        3.944,
        19,
        4.056,
        18.313,
        4.167,
        15.013,
        1,
        4.311,
        10.723,
        4.456,
        7,
        4.6,
        7
      ]
    },
    {
      "Target": "Parameter",
      "Id": "ParamHairFront1",
      "FadeInTime": -1.0,
      "FadeOutTime": -1.0,
      "Segments": [
        0,
        0,
        2,
        0.5,
        0,
        0,
        0.733,
        23.92,
        0,
        1.233,
        -23.92,
        0,
        1.733,
        23.92,
        0,
        2.233,
        -23.92,
        0,
        2.9,
        23.92,
        0,
        3.533,
        -15,
        0,
        4.167,
        0,
        2,
        4.6,
        0
      ]
    },
    {
      "Target": "Parameter",
      "Id": "ParamHairFront2",
      "FadeInTime": -1.0,
      "FadeOutTime": -1.0,
      "Segments": [
        0,
        15.013,
        2,
        0.5,
        15.013,
        0,
        0.967,
        -23.92,
        0,
        1.5,
        23.92,
        0,
        1.967,
        -23.92,
        0,
        2.6,
        23.92,
        0,
        3.267,
        -17,
        0,
        3.833,
        19,
        0,
        4.167,
        15.013,
        2,
        4.6,
        15.013
      ]
    },
    {
      "Target": "Parameter",
      "Id": "ParamHairFront5",
      "FadeInTime": -1.0,
      "FadeOutTime": -1.0,
      "Segments": [
        0,
        -10,
        2,
        0.5,
        -10,
        0,
        0.733,
        30,
        0,
        1.233,
        -30,
        0,
        1.733,
        30,
        0,
        2.233,
        -30,
        0,
        2.9,
        30,
        0,
        3.533,
        -24,
        0,
        4.167,
        -10,
        2,
        4.6,
        -10
      ]
    },
    {
      "Target": "Parameter",
      "Id": "ParamHairSide1",
      "FadeInTime": -1.0,
      "FadeOutTime": -1.0,
      "Segments": [
        0,
        0,
        2,
        0.5,
        0,
        0,
        0.733,
        23.92,
        0,
        1.233,
        -23.92,
        0,
        1.733,
        23.92,
        0,
        2.233,
        -23.92,
        0,
        2.9,
        23.92,
        0,
        3.533,
        -15,
        0,
        4.167,
        0,
        2,
        4.6,
        0
      ]
    },
    {
      "Target": "Parameter",
      "Id": "ParamHairSide2",
      "FadeInTime": -1.0,
      "FadeOutTime": -1.0,
      "Segments": [
        0,
        15.013,
        2,
        0.5,
        15.013,
        0,
        0.967,
        -23.92,
        0,
        1.5,
        23.92,
        0,
        1.967,
        -23.92,
        0,
        2.6,
        23.92,
        0,
        3.267,
        -17,
        0,
        3.833,
        19,
        0,
        4.167,
        15.013,
        2,
        4.6,
        15.013
      ]
    },
    {
      "Target": "Parameter",
      "Id": "ParamHairBack1",
      "FadeInTime": -1.0,
      "FadeOutTime": -1.0,
      "Segments": [
        0,
        0,
        2,
        0.5,
        0,
        0,
        0.733,
        23.92,
        0,
        1.233,
        -23.92,
        0,
        1.733,
        23.92,
        0,
        2.233,
        -23.92,
        0,
        2.9,
        23.92,
        0,
        3.533,
        -15,
        0,
        4.167,
        0,
        2,
        4.6,
        0
      ]
    },
    {
      "Target": "Parameter",
      "Id": "ParamHairBack2",
      "FadeInTime": -1.0,
      "FadeOutTime": -1.0,
      "Segments": [
        0,
        15.013,
        2,
        0.5,
        15.013,
        0,
        0.967,
        -23.92,
        0,
        1.5,
        23.92,
        0,
        1.967,
        -23.92,
        0,
        2.6,
        23.92,
        0,
        3.267,
        -17,
        0,
        3.833,
        19,
        0,
        4.167,
        15.013,
        2,
        4.6,
        15.013
      ]
    },
    {
      "Target": "Parameter",
      "Id": "ParamHairBack3",
      "FadeInTime": -1.0,
      "FadeOutTime": -1.0,
      "Segments": [
        0,
        0,
        2,
        0.5,
        0,
        0,
        0.7,
        23.92,
        0,
        1.133,
        -23.92,
        0,
        1.6,
        23.92,
        0,
        2.033,
        -23.92,
        0,
        2.667,
        23.92,
        0,
        3.167,
        -15,
        0,
        3.7,
        14,
        0,
        4.167,
        0,
        2,
        4.6,
        0
      ]
    },
    {
      "Target": "Parameter",
      "Id": "ParamHairBack4",
      "FadeInTime": -1.0,
      "FadeOutTime": -1.0,
      "Segments": [
        0,
        15.013,
        2,
        0.5,
        15.013,
        0,
        0.9,
        -23.92,
        0,
        1.4,
        23.92,
        0,
        1.8,
        -23.92,
        0,
        2.3,
        23.92,
        0,
        2.867,
        -17,
        0,
        3.433,
        19,
        0,
        3.933,
        -17,
        0,
        4.167,
        15.013,
        2,
        4.6,
        15.013
      ]
    },
    {
      "Target": "Parameter",
      "Id": "xinfxs2",
      "FadeInTime": -1.0,
      "FadeOutTime": -1.0,
      "Segments": [
        0,
        0,
        2,
        0.5,
        0,
        2,
        1.2,
        0,
        1,
        1.489,
        0,
        1.778,
        5.003,
        2.067,
        7.2,
        1,
        2.278,
        8.805,
        2.489,
        8.257,
        2.7,
        10,
        1,
        3.011,
        13.333,
        3.322,
        16.667,
        3.633,
        20,
        2,
        3.667,
        0,
        3,
        4.167,
        0,
        2,
        4.6,
        0
      ]
    },
    {
      "Target": "Parameter",
      "Id": "xinfxs",
      "FadeInTime": -1.0,
      "FadeOutTime": -1.0,
      "Segments": [
        0,
        0,
        2,
        0.5,
        0,
        2,
        1.2,
        0,
        2,
        2.033,
        0,
        3,
        2.067,
        10,
        2,
        3.167,
        10,
        0,
        3.6,
        0,
        2,
        4.167,
        0,
        2,
        4.6,
        0
      ]
    },
    {
      "Target": "Parameter",
      "Id": "xfzhuan",
      "FadeInTime": -1.0,
      "FadeOutTime": -1.0,
      "Segments": [
        0,
        -30,
        2,
        0.5,
        -30,
        2,
        1.2,
        -30,
        2,
        2.067,
        -30,
        1,
        2.178,
        -10,
        2.289,
        10,
        2.4,
        30,
        1,
        2.656,
        8.717,
        2.911,
        -29.947,
        3.167,
        -30,
        2,
        4.167,
        -30,
        2,
        4.6,
        -30
      ]
    },
    {
      "Target": "Parameter",
      "Id": "xfxuzna",
      "FadeInTime": -1.0,
      "FadeOutTime": -1.0,
      "Segments": [
        0,
        0,
        2,
        0.5,
        0,
        0,
        1.2,
        -1.26,
        2,
        1.467,
        -1.26,
        1,
        1.756,
        -1.26,
        2.044,
        -0.147,
        2.333,
        -0.12,
        1,
        2.944,
        -0.063,
        3.556,
        -0.02,
        4.167,
        -0.002,
        1,
        4.311,
        0.002,
        4.456,
        0,
        4.6,
        0
      ]
    },
    {
      "Target": "Parameter",
      "Id": "ParamHair1",
      "FadeInTime": -1.0,
      "FadeOutTime": -1.0,
      "Segments": [
        0,
        0,
        0,
        0.2,
        -0.007,
        0,
        0.5,
        0.003,
        0,
        0.8,
        -4.266,
        0,
        1.2,
        6.923,
        0,
        1.633,
        -3.206,
        0,
        2,
        0.995,
        0,
        2.433,
        -1.294,
        0,
        2.967,
        0.862,
        0,
        3.3,
        -0.183,
        0,
        3.467,
        -0.001,
        0,
        3.7,
        -0.406,
        0,
        4.267,
        3.235,
        1,
        4.378,
        3.235,
        4.489,
        2.449,
        4.6,
        0
      ]
    },
    {
      "Target": "Parameter",
      "Id": "ParamHair2",
      "FadeInTime": -1.0,
      "FadeOutTime": -1.0,
      "Segments": [
        0,
        0,
        0,
        0.3,
        -0.012,
        2,
        0.333,
        -0.012,
        0,
        0.633,
        0.946,
        0,
        1,
        -8.976,
        0,
        1.367,
        10.922,
        0,
        1.767,
        -4.484,
        0,
        2.133,
        3.202,
        0,
        2.533,
        -2.306,
        0,
        3.133,
        0.742,
        0,
        3.433,
        -0.677,
        0,
        3.633,
        0.099,
        0,
        3.9,
        -0.885,
        0,
        4.1,
        -0.219,
        0,
        4.167,
        -0.324,
        0,
        4.467,
        6.321,
        1,
        4.511,
        6.321,
        4.556,
        2.399,
        4.6,
        0
      ]
    },
    {
      "Target": "Parameter",
      "Id": "ParamHair3",
      "FadeInTime": -1.0,
      "FadeOutTime": -1.0,
      "Segments": [
        0,
        0,
        0,
        0.367,
        -0.014,
        0,
        0.8,
        2.928,
        0,
        1.133,
        -7.858,
        0,
        1.5,
        9.83,
        0,
        1.833,
        -7.304,
        0,
        2.2,
        4.86,
        0,
        2.567,
        -2.69,
        0,
        2.9,
        0.65,
        0,
        3.1,
        0.289,
        0,
        3.267,
        0.541,
        0,
        3.533,
        -0.699,
        0,
        3.8,
        0.586,
        0,
        4.3,
        -1.647,
        0,
        4.6,
        0
      ]
    },
    {
      "Target": "Parameter",
      "Id": "ParamHair4",
      "FadeInTime": -1.0,
      "FadeOutTime": -1.0,
      "Segments": [
        0,
        0,
        0,
        0.4,
        -0.024,
        0,
        0.867,
        3.14,
        0,
        1.2,
        -9.701,
        0,
        1.567,
        13.951,
        0,
        1.933,
        -12.065,
        0,
        2.3,
        8.9,
        0,
        2.633,
        -5.601,
        0,
        3,
        2.432,
        0,
        3.267,
        -0.282,
        0,
        3.433,
        0.093,
        0,
        3.667,
        -0.663,
        0,
        3.933,
        0.706,
        0,
        4.333,
        -1.798,
        1,
        4.422,
        -1.798,
        4.511,
        -1.524,
        4.6,
        0
      ]
    },
    {
      "Target": "Parameter",
      "Id": "ParamHair5",
      "FadeInTime": -1.0,
      "FadeOutTime": -1.0,
      "Segments": [
        0,
        0,
        0,
        0.033,
        0.067,
        0,
        0.433,
        -0.04,
        0,
        0.967,
        3.466,
        0,
        1.3,
        -11.703,
        0,
        1.633,
        18.244,
        0,
        2.033,
        -17.673,
        0,
        2.367,
        14.461,
        0,
        2.733,
        -10.44,
        0,
        3.067,
        5.9,
        0,
        3.4,
        -2.204,
        0,
        3.667,
        0.308,
        0,
        3.833,
        -0.181,
        0,
        4.033,
        0.624,
        0,
        4.4,
        -2.347,
        1,
        4.467,
        -2.347,
        4.533,
        -2.252,
        4.6,
        0
      ]
    },
    {
      "Target": "Parameter",
      "Id": "ParamHair6",
      "FadeInTime": -1.0,
      "FadeOutTime": -1.0,
      "Segments": [
        0,
        0,
        0,
        0.067,
        0.115,
        0,
        0.467,
        -0.067,
        0,
        1.033,
        3.774,
        0,
        1.367,
        -13.587,
        0,
        1.733,
        22.519,
        0,
        2.1,
        -23.841,
        0,
        2.467,
        21.257,
        0,
        2.833,
        -16.843,
        0,
        3.167,
        11.193,
        0,
        3.5,
        -5.923,
        0,
        3.8,
        2.207,
        0,
        4.067,
        -0.225,
        0,
        4.133,
        -0.205,
        0,
        4.467,
        -2.721,
        1,
        4.511,
        -2.721,
        4.556,
        -2.47,
        4.6,
        0
      ]
    },
    {
      "Target": "Parameter",
      "Id": "ParamEyeLGG",
      "FadeInTime": -1.0,
      "FadeOutTime": -1.0,
      "Segments": [
        0,
        0,
        2,
        2.167,
        0,
        0,
        2.3,
        -7.766,
        0,
        2.567,
        18.251,
        0,
        2.767,
        -6.236,
        0,
        2.9,
        -3.188,
        0,
        3.067,
        -15.645,
        0,
        3.333,
        20.32,
        0,
        3.633,
        -13.386,
        0,
        3.933,
        8.05,
        0,
        4.3,
        -4.117,
        0,
        4.6,
        0
      ]
    },
    {
      "Target": "Parameter",
      "Id": "ParamEyeRGG",
      "FadeInTime": -1.0,
      "FadeOutTime": -1.0,
      "Segments": [
        0,
        0,
        2,
        2.167,
        0,
        0,
        2.3,
        -7.766,
        0,
        2.567,
        18.251,
        0,
        2.767,
        -6.236,
        0,
        2.9,
        -3.188,
        0,
        3.067,
        -15.645,
        0,
        3.333,
        20.32,
        0,
        3.633,
        -13.386,
        0,
        3.933,
        8.05,
        0,
        4.3,
        -4.117,
        0,
        4.6,
        0
      ]
    },
    {
      "Target": "Parameter",
      "Id": "ZD_BustLMotionY_L",
      "FadeInTime": -1.0,
      "FadeOutTime": -1.0,
      "Segments": [
        0,
        0,
        0,
        0.2,
        -0.014,
        0,
        0.5,
        0.005,
        0,
        0.8,
        -5.044,
        0,
        1.2,
        8.611,
        0,
        1.6,
        -5.443,
        0,
        2,
        3.939,
        0,
        2.4,
        -2.16,
        0,
        2.8,
        0.989,
        0,
        3.167,
        -1.047,
        0,
        3.467,
        0.707,
        0,
        3.8,
        -2.372,
        0,
        4.267,
        7.763,
        1,
        4.378,
        7.763,
        4.489,
        6.024,
        4.6,
        0
      ]
    },
    {
      "Target": "Parameter",
      "Id": "ZD_BustLMotionX_L",
      "FadeInTime": -1.0,
      "FadeOutTime": -1.0,
      "Segments": [
        0,
        0,
        2,
        1.333,
        0,
        0,
        1.6,
        1.643,
        0,
        1.967,
        -0.867,
        0,
        2.167,
        -0.316,
        0,
        2.633,
        -2.749,
        0,
        2.967,
        2.671,
        0,
        3.267,
        -0.929,
        0,
        3.567,
        0.354,
        0,
        3.6,
        0.333,
        0,
        3.867,
        2.783,
        0,
        4.233,
        -2.249,
        0,
        4.533,
        0.79,
        1,
        4.555,
        0.79,
        4.578,
        0.065,
        4.6,
        0
      ]
    },
    {
      "Target": "Parameter",
      "Id": "ZD_BustRMotionY_L",
      "FadeInTime": -1.0,
      "FadeOutTime": -1.0,
      "Segments": [
        0,
        0,
        0,
        0.2,
        -0.014,
        0,
        0.5,
        0.005,
        0,
        0.8,
        -5.044,
        0,
        1.2,
        8.611,
        0,
        1.6,
        -5.443,
        0,
        2,
        3.939,
        0,
        2.4,
        -2.16,
        0,
        2.8,
        0.989,
        0,
        3.167,
        -1.047,
        0,
        3.467,
        0.707,
        0,
        3.8,
        -2.372,
        0,
        4.267,
        7.763,
        1,
        4.378,
        7.763,
        4.489,
        6.024,
        4.6,
        0
      ]
    },
    {
      "Target": "Parameter",
      "Id": "ZD_BustRMotionX_L",
      "FadeInTime": -1.0,
      "FadeOutTime": -1.0,
      "Segments": [
        0,
        0,
        2,
        1.333,
        0,
        0,
        1.6,
        1.643,
        0,
        1.967,
        -0.867,
        0,
        2.167,
        -0.316,
        0,
        2.633,
        -2.749,
        0,
        2.967,
        2.671,
        0,
        3.267,
        -0.929,
        0,
        3.567,
        0.354,
        0,
        3.6,
        0.333,
        0,
        3.867,
        2.783,
        0,
        4.233,
        -2.249,
        0,
        4.533,
        0.79,
        1,
        4.555,
        0.79,
        4.578,
        0.065,
        4.6,
        0
      ]
    },
    {
      "Target": "Parameter",
      "Id": "ZD_BustLMotionY_X",
      "FadeInTime": -1.0,
      "FadeOutTime": -1.0,
      "Segments": [
        0,
        0,
        0,
        0.333,
        -0.023,
        0,
        0.633,
        1.148,
        0,
        1,
        -10.753,
        0,
        1.367,
        14.331,
        0,
        1.733,
        -9.159,
        0,
        2.133,
        7.652,
        0,
        2.533,
        -3.547,
        0,
        2.9,
        2.424,
        0,
        3.3,
        -2.186,
        0,
        3.633,
        1.739,
        0,
        4,
        -5.334,
        0,
        4.467,
        13.664,
        1,
        4.511,
        13.664,
        4.556,
        5.472,
        4.6,
        0
      ]
    },
    {
      "Target": "Parameter",
      "Id": "ZD_BustLMotionX_X",
      "FadeInTime": -1.0,
      "FadeOutTime": -1.0,
      "Segments": [
        0,
        0,
        2,
        1.333,
        0,
        0,
        1.5,
        -0.72,
        0,
        1.8,
        1.184,
        0,
        2.1,
        -1.034,
        0,
        2.367,
        0.986,
        0,
        2.867,
        -2.004,
        0,
        3.1,
        2.892,
        0,
        3.4,
        -1.966,
        0,
        3.633,
        0.606,
        0,
        3.8,
        -0.505,
        0,
        4.067,
        1.641,
        0,
        4.367,
        -2.335,
        1,
        4.445,
        -2.335,
        4.522,
        -1.771,
        4.6,
        0
      ]
    },
    {
      "Target": "Parameter",
      "Id": "ZD_BustRMotionY_X",
      "FadeInTime": -1.0,
      "FadeOutTime": -1.0,
      "Segments": [
        0,
        0,
        0,
        0.333,
        -0.023,
        0,
        0.633,
        1.148,
        0,
        1,
        -10.753,
        0,
        1.367,
        14.331,
        0,
        1.733,
        -9.159,
        0,
        2.133,
        7.652,
        0,
        2.533,
        -3.547,
        0,
        2.9,
        2.424,
        0,
        3.3,
        -2.186,
        0,
        3.633,
        1.739,
        0,
        4,
        -5.334,
        0,
        4.467,
        13.664,
        1,
        4.511,
        13.664,
        4.556,
        5.472,
        4.6,
        0
      ]
    },
    {
      "Target": "Parameter",
      "Id": "ZD_BustRMotionX_X",
      "FadeInTime": -1.0,
      "FadeOutTime": -1.0,
      "Segments": [
        0,
        0,
        2,
        1.333,
        0,
        0,
        1.5,
        -0.72,
        0,
        1.8,
        1.184,
        0,
        2.1,
        -1.034,
        0,
        2.367,
        0.986,
        0,
        2.867,
        -2.004,
        0,
        3.1,
        2.892,
        0,
        3.4,
        -1.966,
        0,
        3.633,
        0.606,
        0,
        3.8,
        -0.505,
        0,
        4.067,
        1.641,
        0,
        4.367,
        -2.335,
        1,
        4.445,
        -2.335,
        4.522,
        -1.771,
        4.6,
        0
      ]
    },
    {
      "Target": "Parameter",
      "Id": "dudai1",
      "FadeInTime": -1.0,
      "FadeOutTime": -1.0,
      "Segments": [
        0,
        0,
        0,
        0.433,
        -0.041,
        0,
        1.167,
        2.653,
        0,
        1.6,
        -8.298,
        0,
        2.067,
        11.851,
        0,
        2.533,
        -10.696,
        0,
        3,
        7.703,
        0,
        3.433,
        -5.239,
        0,
        3.9,
        3.427,
        0,
        4.467,
        -2.702,
        1,
        4.511,
        -2.702,
        4.556,
        -1.195,
        4.6,
        0
      ]
    },
    {
      "Target": "Parameter",
      "Id": "dudai2",
      "FadeInTime": -1.0,
      "FadeOutTime": -1.0,
      "Segments": [
        0,
        0,
        0,
        0.133,
        -0.03,
        0,
        1.033,
        2.756,
        0,
        1.433,
        -8.834,
        0,
        1.867,
        11.954,
        0,
        2.333,
        -9.564,
        0,
        2.767,
        6.109,
        0,
        3.2,
        -3.934,
        0,
        3.633,
        2.383,
        0,
        4.433,
        -1.9,
        1,
        4.489,
        -1.9,
        4.544,
        -1.722,
        4.6,
        0
      ]
    },
    {
      "Target": "Parameter",
      "Id": "dudai3",
      "FadeInTime": -1.0,
      "FadeOutTime": -1.0,
      "Segments": [
        0,
        0,
        0,
        0.433,
        -0.041,
        0,
        1.167,
        2.653,
        0,
        1.6,
        -8.298,
        0,
        2.067,
        11.851,
        0,
        2.533,
        -10.696,
        0,
        3,
        7.703,
        0,
        3.433,
        -5.239,
        0,
        3.9,
        3.427,
        0,
        4.467,
        -2.702,
        1,
        4.511,
        -2.702,
        4.556,
        -1.195,
        4.6,
        0
      ]
    },
    {
      "Target": "Parameter",
      "Id": "dudai4",
      "FadeInTime": -1.0,
      "FadeOutTime": -1.0,
      "Segments": [
        0,
        0,
        0,
        0.133,
        -0.03,
        0,
        1.033,
        2.756,
        0,
        1.433,
        -8.834,
        0,
        1.867,
        11.954,
        0,
        2.333,
        -9.564,
        0,
        2.767,
        6.109,
        0,
        3.2,
        -3.934,
        0,
        3.633,
        2.383,
        0,
        4.433,
        -1.9,
        1,
        4.489,
        -1.9,
        4.544,
        -1.722,
        4.6,
        0
      ]
    },
    {
      "Target": "Parameter",
      "Id": "menyshou",
      "FadeInTime": -1.0,
      "FadeOutTime": -1.0,
      "Segments": [
        0,
        -30,
        0,
        4.6,
        -30
      ]
    },
    {
      "Target": "Parameter",
      "Id": "heikuang",
      "FadeInTime": -1.0,
      "FadeOutTime": -1.0,
      "Segments": [
        0,
        0,
        0,
        4.6,
        0
      ]
    },
    {
      "Target": "Parameter",
      "Id": "All_X",
      "FadeInTime": -1.0,
      "FadeOutTime": -1.0,
      "Segments": [
        0,
        0,
        0,
        4.6,
        0
      ]
    },
    {
      "Target": "Parameter",
      "Id": "All_Y",
      "FadeInTime": -1.0,
      "FadeOutTime": -1.0,
      "Segments": [
        0,
        0,
        0,
        4.6,
        0
      ]
    },
    {
      "Target": "Parameter",
      "Id": "All_Size",
      "FadeInTime": -1.0,
      "FadeOutTime": -1.0,
      "Segments": [
        0,
        0,
        0,
        4.6,
        0
      ]
    },
    {
      "Target": "Parameter",
      "Id": "All_Angle",
      "FadeInTime": -1.0,
      "FadeOutTime": -1.0,
      "Segments": [
        0,
        0,
        0,
        4.6,
        0
      ]
    },
    {
      "Target": "Parameter",
      "Id": "man_X",
      "FadeInTime": -1.0,
      "FadeOutTime": -1.0,
      "Segments": [
        0,
        0,
        0,
        4.6,
        0
      ]
    },
    {
      "Target": "Parameter",
      "Id": "man_Y",
      "FadeInTime": -1.0,
      "FadeOutTime": -1.0,
      "Segments": [
        0,
        0,
        0,
        4.6,
        0
      ]
    },
    {
      "Target": "Parameter",
      "Id": "man_Angle",
      "FadeInTime": -1.0,
      "FadeOutTime": -1.0,
      "Segments": [
        0,
        0,
        0,
        4.6,
        0
      ]
    },
    {
      "Target": "Parameter",
      "Id": "man_Size",
      "FadeInTime": -1.0,
      "FadeOutTime": -1.0,
      "Segments": [
        0,
        0,
        0,
        4.6,
        0
      ]
    },
    {
      "Target": "Parameter",
      "Id": "FG_Black",
      "FadeInTime": -1.0,
      "FadeOutTime": -1.0,
      "Segments": [
        0,
        0,
        0,
        4.6,
        0
      ]
    },
    {
      "Target": "Parameter",
      "Id": "BG_White",
      "FadeInTime": -1.0,
      "FadeOutTime": -1.0,
      "Segments": [
        0,
        0,
        0,
        4.6,
        0
      ]
    },
    {
      "Target": "Parameter",
      "Id": "huangguang",
      "FadeInTime": -1.0,
      "FadeOutTime": -1.0,
      "Segments": [
        0,
        0,
        0,
        4.6,
        0
      ]
    },
    {
      "Target": "Parameter",
      "Id": "FG_White",
      "FadeInTime": -1.0,
      "FadeOutTime": -1.0,
      "Segments": [
        0,
        0,
        0,
        4.6,
        0
      ]
    },
    {
      "Target": "Parameter",
      "Id": "xgbquan",
      "FadeInTime": -1.0,
      "FadeOutTime": -1.0,
      "Segments": [
        0,
        0,
        0,
        4.6,
        0
      ]
    },
    {
      "Target": "Parameter",
      "Id": "FG_White2",
      "FadeInTime": -1.0,
      "FadeOutTime": -1.0,
      "Segments": [
        0,
        0,
        0,
        4.6,
        0
      ]
    },
    {
      "Target": "Parameter",
      "Id": "qfwyid",
      "FadeInTime": -1.0,
      "FadeOutTime": -1.0,
      "Segments": [
        0,
        0,
        0,
        4.6,
        0
      ]
    },
    {
      "Target": "Parameter",
      "Id": "BG_Black",
      "FadeInTime": -1.0,
      "FadeOutTime": -1.0,
      "Segments": [
        0,
        0,
        0,
        4.6,
        0
      ]
    },
    {
      "Target": "Parameter",
      "Id": "ParamMouthCDisplay",
      "FadeInTime": -1.0,
      "FadeOutTime": -1.0,
      "Segments": [
        0,
        0,
        0,
        4.6,
        0
      ]
    },
    {
      "Target": "Parameter",
      "Id": "ParamForearmLLayer2",
      "FadeInTime": -1.0,
      "FadeOutTime": -1.0,
      "Segments": [
        0,
        0,
        0,
        4.6,
        0
      ]
    },
    {
      "Target": "Parameter",
      "Id": "ParamForearmLChange",
      "FadeInTime": -1.0,
      "FadeOutTime": -1.0,
      "Segments": [
        0,
        0,
        0,
        4.6,
        0
      ]
    },
    {
      "Target": "Parameter",
      "Id": "ParamHandL1Display",
      "FadeInTime": -1.0,
      "FadeOutTime": -1.0,
      "Segments": [
        0,
        0,
        0,
        4.6,
        0
      ]
    },
    {
      "Target": "Parameter",
      "Id": "ParamHandL2Display",
      "FadeInTime": -1.0,
      "FadeOutTime": -1.0,
      "Segments": [
        0,
        0,
        0,
        4.6,
        0
      ]
    },
    {
      "Target": "Parameter",
      "Id": "ParamHandL3Display",
      "FadeInTime": -1.0,
      "FadeOutTime": -1.0,
      "Segments": [
        0,
        0,
        0,
        4.6,
        0
      ]
    },
    {
      "Target": "Parameter",
      "Id": "ParamForearmL_A",
      "FadeInTime": -1.0,
      "FadeOutTime": -1.0,
      "Segments": [
        0,
        30,
        0,
        4.6,
        30
      ]
    },
    {
      "Target": "Parameter",
      "Id": "ParamForearmL_B",
      "FadeInTime": -1.0,
      "FadeOutTime": -1.0,
      "Segments": [
        0,
        0,
        0,
        4.6,
        0
      ]
    },
    {
      "Target": "Parameter",
      "Id": "ParamForearmL_C",
      "FadeInTime": -1.0,
      "FadeOutTime": -1.0,
      "Segments": [
        0,
        0,
        0,
        4.6,
        0
      ]
    },
    {
      "Target": "Parameter",
      "Id": "ParamForearmLAngleX",
      "FadeInTime": -1.0,
      "FadeOutTime": -1.0,
      "Segments": [
        0,
        0,
        0,
        4.6,
        0
      ]
    },
    {
      "Target": "Parameter",
      "Id": "ParamForearmLAngleY",
      "FadeInTime": -1.0,
      "FadeOutTime": -1.0,
      "Segments": [
        0,
        0,
        0,
        4.6,
        0
      ]
    },
    {
      "Target": "Parameter",
      "Id": "ParamHandLAngleX",
      "FadeInTime": -1.0,
      "FadeOutTime": -1.0,
      "Segments": [
        0,
        0,
        0,
        4.6,
        0
      ]
    },
    {
      "Target": "Parameter",
      "Id": "ParamHandLAngleY",
      "FadeInTime": -1.0,
      "FadeOutTime": -1.0,
      "Segments": [
        0,
        0,
        0,
        4.6,
        0
      ]
    },
    {
      "Target": "Parameter",
      "Id": "ParamArmLChange",
      "FadeInTime": -1.0,
      "FadeOutTime": -1.0,
      "Segments": [
        0,
        0,
        0,
        4.6,
        0
      ]
    },
    {
      "Target": "Parameter",
      "Id": "ParamForearmRAngleX",
      "FadeInTime": -1.0,
      "FadeOutTime": -1.0,
      "Segments": [
        0,
        0,
        0,
        4.6,
        0
      ]
    },
    {
      "Target": "Parameter",
      "Id": "ParamForearmRAngleY",
      "FadeInTime": -1.0,
      "FadeOutTime": -1.0,
      "Segments": [
        0,
        0,
        0,
        4.6,
        0
      ]
    },
    {
      "Target": "Parameter",
      "Id": "ParamHandRAngleX",
      "FadeInTime": -1.0,
      "FadeOutTime": -1.0,
      "Segments": [
        0,
        0,
        0,
        4.6,
        0
      ]
    },
    {
      "Target": "Parameter",
      "Id": "ParamHandRAngleY",
      "FadeInTime": -1.0,
      "FadeOutTime": -1.0,
      "Segments": [
        0,
        0,
        0,
        4.6,
        0
      ]
    },
    {
      "Target": "Parameter",
      "Id": "ParamArmRChange",
      "FadeInTime": -1.0,
      "FadeOutTime": -1.0,
      "Segments": [
        0,
        0,
        0,
        4.6,
        0
      ]
    },
    {
      "Target": "Parameter",
      "Id": "ParamForearmRLayer",
      "FadeInTime": -1.0,
      "FadeOutTime": -1.0,
      "Segments": [
        0,
        -30,
        0,
        4.6,
        -30
      ]
    },
    {
      "Target": "Parameter",
      "Id": "ParamForearmRChange",
      "FadeInTime": -1.0,
      "FadeOutTime": -1.0,
      "Segments": [
        0,
        0,
        0,
        4.6,
        0
      ]
    },
    {
      "Target": "Parameter",
      "Id": "ParamHandRAnimation",
      "FadeInTime": -1.0,
      "FadeOutTime": -1.0,
      "Segments": [
        0,
        0,
        0,
        4.6,
        0
      ]
    },
    {
      "Target": "Parameter",
      "Id": "ParamHandRREDisplay",
      "FadeInTime": -1.0,
      "FadeOutTime": -1.0,
      "Segments": [
        0,
        30,
        0,
        4.6,
        30
      ]
    },
    {
      "Target": "Parameter",
      "Id": "ParamHandR1Display",
      "FadeInTime": -1.0,
      "FadeOutTime": -1.0,
      "Segments": [
        0,
        0,
        0,
        4.6,
        0
      ]
    },
    {
      "Target": "Parameter",
      "Id": "ParamHandR2Display",
      "FadeInTime": -1.0,
      "FadeOutTime": -1.0,
      "Segments": [
        0,
        0,
        0,
        4.6,
        0
      ]
    },
    {
      "Target": "Parameter",
      "Id": "ParamHandR3Display",
      "FadeInTime": -1.0,
      "FadeOutTime": -1.0,
      "Segments": [
        0,
        0,
        0,
        4.6,
        0
      ]
    },
    {
      "Target": "Parameter",
      "Id": "ParamHandR4Display",
      "FadeInTime": -1.0,
      "FadeOutTime": -1.0,
      "Segments": [
        0,
        0,
        0,
        4.6,
        0
      ]
    },
    {
      "Target": "Parameter",
      "Id": "ParamHandR9Display",
      "FadeInTime": -1.0,
      "FadeOutTime": -1.0,
      "Segments": [
        0,
        0,
        0,
        4.6,
        0
      ]
    },
    {
      "Target": "Parameter",
      "Id": "ParamForearmR_A",
      "FadeInTime": -1.0,
      "FadeOutTime": -1.0,
      "Segments": [
        0,
        30,
        0,
        4.6,
        30
      ]
    },
    {
      "Target": "Parameter",
      "Id": "ParamForearmR_B",
      "FadeInTime": -1.0,
      "FadeOutTime": -1.0,
      "Segments": [
        0,
        0,
        0,
        4.6,
        0
      ]
    },
    {
      "Target": "Parameter",
      "Id": "ParamForearmR_C",
      "FadeInTime": -1.0,
      "FadeOutTime": -1.0,
      "Segments": [
        0,
        0,
        0,
        4.6,
        0
      ]
    },
    {
      "Target": "Parameter",
      "Id": "ParamArmR_A",
      "FadeInTime": -1.0,
      "FadeOutTime": -1.0,
      "Segments": [
        0,
        0,
        0,
        4.6,
        0
      ]
    },
    {
      "Target": "Parameter",
      "Id": "biguodu",
      "FadeInTime": -1.0,
      "FadeOutTime": -1.0,
      "Segments": [
        0,
        0,
        0,
        4.6,
        0
      ]
    },
    {
      "Target": "Parameter",
      "Id": "biguodujiaodu",
      "FadeInTime": -1.0,
      "FadeOutTime": -1.0,
      "Segments": [
        0,
        0,
        0,
        4.6,
        0
      ]
    },
    {
      "Target": "Parameter",
      "Id": "BIGUODUTMD",
      "FadeInTime": -1.0,
      "FadeOutTime": -1.0,
      "Segments": [
        0,
        0,
        0,
        4.6,
        0
      ]
    },
    {
      "Target": "Parameter",
      "Id": "youshoudaxiao",
      "FadeInTime": -1.0,
      "FadeOutTime": -1.0,
      "Segments": [
        0,
        0,
        0,
        4.6,
        0
      ]
    },
    {
      "Target": "Parameter",
      "Id": "zhihen",
      "FadeInTime": -1.0,
      "FadeOutTime": -1.0,
      "Segments": [
        0,
        0,
        0,
        4.6,
        0
      ]
    },
    {
      "Target": "Parameter",
      "Id": "ParamShoulderLStretch",
      "FadeInTime": -1.0,
      "FadeOutTime": -1.0,
      "Segments": [
        0,
        0,
        0,
        4.6,
        0
      ]
    },
    {
      "Target": "Parameter",
      "Id": "ParamLegLStretch",
      "FadeInTime": -1.0,
      "FadeOutTime": -1.0,
      "Segments": [
        0,
        0,
        0,
        4.6,
        0
      ]
    },
    {
      "Target": "Parameter",
      "Id": "ParamCrusLAngle",
      "FadeInTime": -1.0,
      "FadeOutTime": -1.0,
      "Segments": [
        0,
        0,
        0,
        4.6,
        0
      ]
    },
    {
      "Target": "Parameter",
      "Id": "ParamCrusLStretch",
      "FadeInTime": -1.0,
      "FadeOutTime": -1.0,
      "Segments": [
        0,
        0,
        0,
        4.6,
        0
      ]
    },
    {
      "Target": "Parameter",
      "Id": "ParamFooxz",
      "FadeInTime": -1.0,
      "FadeOutTime": -1.0,
      "Segments": [
        0,
        0,
        0,
        4.6,
        0
      ]
    },
    {
      "Target": "Parameter",
      "Id": "ParamCrusLLayer",
      "FadeInTime": -1.0,
      "FadeOutTime": -1.0,
      "Segments": [
        0,
        0,
        0,
        4.6,
        0
      ]
    },
    {
      "Target": "Parameter",
      "Id": "NULL1",
      "FadeInTime": -1.0,
      "FadeOutTime": -1.0,
      "Segments": [
        0,
        0,
        0,
        4.6,
        0
      ]
    },
    {
      "Target": "Parameter",
      "Id": "NULL2",
      "FadeInTime": -1.0,
      "FadeOutTime": -1.0,
      "Segments": [
        0,
        0,
        0,
        4.6,
        0
      ]
    },
    {
      "Target": "Parameter",
      "Id": "NULL3",
      "FadeInTime": -1.0,
      "FadeOutTime": -1.0,
      "Segments": [
        0,
        0,
        0,
        4.6,
        0
      ]
    },
    {
      "Target": "Parameter",
      "Id": "rtuiqei",
      "FadeInTime": -1.0,
      "FadeOutTime": -1.0,
      "Segments": [
        0,
        0,
        0,
        4.6,
        0
      ]
    },
    {
      "Target": "Parameter",
      "Id": "ParamLegRAngle",
      "FadeInTime": -1.0,
      "FadeOutTime": -1.0,
      "Segments": [
        0,
        0,
        0,
        4.6,
        0
      ]
    },
    {
      "Target": "Parameter",
      "Id": "ParamLegRStretch",
      "FadeInTime": -1.0,
      "FadeOutTime": -1.0,
      "Segments": [
        0,
        0,
        0,
        4.6,
        0
      ]
    },
    {
      "Target": "Parameter",
      "Id": "ParamFoodRAngle",
      "FadeInTime": -1.0,
      "FadeOutTime": -1.0,
      "Segments": [
        0,
        0,
        0,
        4.6,
        0
      ]
    },
    {
      "Target": "Parameter",
      "Id": "ParamFoodRChange",
      "FadeInTime": -1.0,
      "FadeOutTime": -1.0,
      "Segments": [
        0,
        0,
        0,
        4.6,
        0
      ]
    },
    {
      "Target": "Parameter",
      "Id": "ParamCrusRStretch",
      "FadeInTime": -1.0,
      "FadeOutTime": -1.0,
      "Segments": [
        0,
        0,
        0,
        4.6,
        0
      ]
    },
    {
      "Target": "Parameter",
      "Id": "ParamCrusRLayer",
      "FadeInTime": -1.0,
      "FadeOutTime": -1.0,
      "Segments": [
        0,
        0,
        0,
        4.6,
        0
      ]
    },
    {
      "Target": "Parameter",
      "Id": "siwalq2",
      "FadeInTime": -1.0,
      "FadeOutTime": -1.0,
      "Segments": [
        0,
        0,
        0,
        4.6,
        0
      ]
    },
    {
      "Target": "Parameter",
      "Id": "siwalq",
      "FadeInTime": -1.0,
      "FadeOutTime": -1.0,
      "Segments": [
        0,
        0,
        0,
        4.6,
        0
      ]
    },
    {
      "Target": "Parameter",
      "Id": "laswX",
      "FadeInTime": -1.0,
      "FadeOutTime": -1.0,
      "Segments": [
        0,
        0,
        0,
        4.6,
        0
      ]
    },
    {
      "Target": "Parameter",
      "Id": "laswY",
      "FadeInTime": -1.0,
      "FadeOutTime": -1.0,
      "Segments": [
        0,
        0,
        0,
        4.6,
        0
      ]
    },
    {
      "Target": "Parameter",
      "Id": "rdatuitan",
      "FadeInTime": -1.0,
      "FadeOutTime": -1.0,
      "Segments": [
        0,
        0,
        0,
        4.6,
        0
      ]
    },
    {
      "Target": "Parameter",
      "Id": "rdatuitan2",
      "FadeInTime": -1.0,
      "FadeOutTime": -1.0,
      "Segments": [
        0,
        0,
        0,
        4.6,
        0
      ]
    },
    {
      "Target": "Parameter",
      "Id": "rxtuir",
      "FadeInTime": -1.0,
      "FadeOutTime": -1.0,
      "Segments": [
        0,
        0,
        0,
        4.6,
        0
      ]
    },
    {
      "Target": "Parameter",
      "Id": "rxtuir2",
      "FadeInTime": -1.0,
      "FadeOutTime": -1.0,
      "Segments": [
        0,
        0,
        0,
        4.6,
        0
      ]
    },
    {
      "Target": "Parameter",
      "Id": "ldtuir1",
      "FadeInTime": -1.0,
      "FadeOutTime": -1.0,
      "Segments": [
        0,
        0,
        0,
        4.6,
        0
      ]
    },
    {
      "Target": "Parameter",
      "Id": "ldtuir2",
      "FadeInTime": -1.0,
      "FadeOutTime": -1.0,
      "Segments": [
        0,
        0,
        0,
        4.6,
        0
      ]
    },
    {
      "Target": "Parameter",
      "Id": "lxtuir1",
      "FadeInTime": -1.0,
      "FadeOutTime": -1.0,
      "Segments": [
        0,
        0,
        0,
        4.6,
        0
      ]
    },
    {
      "Target": "Parameter",
      "Id": "lxtuir2",
      "FadeInTime": -1.0,
      "FadeOutTime": -1.0,
      "Segments": [
        0,
        0,
        0,
        4.6,
        0
      ]
    },
    {
      "Target": "Parameter",
      "Id": "Param",
      "FadeInTime": -1.0,
      "FadeOutTime": -1.0,
      "Segments": [
        0,
        0,
        0,
        4.6,
        0
      ]
    },
    {
      "Target": "Parameter",
      "Id": "wanyaoqb",
      "FadeInTime": -1.0,
      "FadeOutTime": -1.0,
      "Segments": [
        0,
        0,
        0,
        4.6,
        0
      ]
    },
    {
      "Target": "Parameter",
      "Id": "lquncji",
      "FadeInTime": -1.0,
      "FadeOutTime": -1.0,
      "Segments": [
        0,
        0,
        0,
        4.6,
        0
      ]
    },
    {
      "Target": "Parameter",
      "Id": "ParamArmLAngleX",
      "FadeInTime": -1.0,
      "FadeOutTime": -1.0,
      "Segments": [
        0,
        0,
        0,
        4.6,
        0
      ]
    },
    {
      "Target": "Parameter",
      "Id": "ParamMouthOpenY",
      "FadeInTime": -1.0,
      "FadeOutTime": -1.0,
      "Segments": [
        0,
        0,
        0,
        4.6,
        0
      ]
    },
    {
      "Target": "Parameter",
      "Id": "ParamMouthADisplay",
      "FadeInTime": -1.0,
      "FadeOutTime": -1.0,
      "Segments": [
        0,
        0,
        0,
        4.6,
        0
      ]
    },
    {
      "Target": "Parameter",
      "Id": "ParamMouthBDisplay",
      "FadeInTime": -1.0,
      "FadeOutTime": -1.0,
      "Segments": [
        0,
        0,
        0,
        4.6,
        0
      ]
    },
    {
      "Target": "Parameter",
      "Id": "lianhong",
      "FadeInTime": -1.0,
      "FadeOutTime": -1.0,
      "Segments": [
        0,
        0,
        0,
        4.6,
        0
      ]
    },
    {
      "Target": "Parameter",
      "Id": "koushuishangxia",
      "FadeInTime": -1.0,
      "FadeOutTime": -1.0,
      "Segments": [
        0,
        0,
        0,
        4.6,
        0
      ]
    },
    {
      "Target": "Parameter",
      "Id": "koushuizuoyou",
      "FadeInTime": -1.0,
      "FadeOutTime": -1.0,
      "Segments": [
        0,
        0,
        0,
        4.6,
        0
      ]
    },
    {
      "Target": "Parameter",
      "Id": "koushuijiaodu",
      "FadeInTime": -1.0,
      "FadeOutTime": -1.0,
      "Segments": [
        0,
        0,
        0,
        4.6,
        0
      ]
    },
    {
      "Target": "Parameter",
      "Id": "koushuiyaobai",
      "FadeInTime": -1.0,
      "FadeOutTime": -1.0,
      "Segments": [
        0,
        0,
        0,
        4.6,
        0
      ]
    },
    {
      "Target": "Parameter",
      "Id": "koushuichangduan",
      "FadeInTime": -1.0,
      "FadeOutTime": -1.0,
      "Segments": [
        0,
        0,
        0,
        4.6,
        0
      ]
    },
    {
      "Target": "Parameter",
      "Id": "jixiong",
      "FadeInTime": -1.0,
      "FadeOutTime": -1.0,
      "Segments": [
        0,
        0,
        0,
        4.6,
        0
      ]
    },
    {
      "Target": "Parameter",
      "Id": "SD_BustMotionY_L",
      "FadeInTime": -1.0,
      "FadeOutTime": -1.0,
      "Segments": [
        0,
        0,
        0,
        4.6,
        0
      ]
    },
    {
      "Target": "Parameter",
      "Id": "SD_BustMotionY_L2",
      "FadeInTime": -1.0,
      "FadeOutTime": -1.0,
      "Segments": [
        0,
        0,
        0,
        4.6,
        0
      ]
    },
    {
      "Target": "Parameter",
      "Id": "SD_BustMotionY_X",
      "FadeInTime": -1.0,
      "FadeOutTime": -1.0,
      "Segments": [
        0,
        0,
        0,
        4.6,
        0
      ]
    },
    {
      "Target": "Parameter",
      "Id": "fengeq",
      "FadeInTime": -1.0,
      "FadeOutTime": -1.0,
      "Segments": [
        0,
        0,
        0,
        4.6,
        0
      ]
    },
    {
      "Target": "Parameter",
      "Id": "jihjiu",
      "FadeInTime": -1.0,
      "FadeOutTime": -1.0,
      "Segments": [
        0,
        0,
        0,
        4.6,
        0
      ]
    },
    {
      "Target": "Parameter",
      "Id": "jishen",
      "FadeInTime": -1.0,
      "FadeOutTime": -1.0,
      "Segments": [
        0,
        0,
        0,
        4.6,
        0
      ]
    },
    {
      "Target": "Parameter",
      "Id": "hjjyao",
      "FadeInTime": -1.0,
      "FadeOutTime": -1.0,
      "Segments": [
        0,
        0,
        0,
        4.6,
        0
      ]
    },
    {
      "Target": "Parameter",
      "Id": "jihuxi",
      "FadeInTime": -1.0,
      "FadeOutTime": -1.0,
      "Segments": [
        0,
        0,
        0,
        4.6,
        0
      ]
    },
    {
      "Target": "Parameter",
      "Id": "jimao1",
      "FadeInTime": -1.0,
      "FadeOutTime": -1.0,
      "Segments": [
        0,
        0,
        0,
        4.6,
        0
      ]
    },
    {
      "Target": "Parameter",
      "Id": "jimao2",
      "FadeInTime": -1.0,
      "FadeOutTime": -1.0,
      "Segments": [
        0,
        0,
        0,
        4.6,
        0
      ]
    },
    {
      "Target": "Parameter",
      "Id": "najbq",
      "FadeInTime": -1.0,
      "FadeOutTime": -1.0,
      "Segments": [
        0,
        0,
        0,
        4.6,
        0
      ]
    },
    {
      "Target": "Parameter",
      "Id": "yemiand",
      "FadeInTime": -1.0,
      "FadeOutTime": -1.0,
      "Segments": [
        0,
        0,
        0,
        4.6,
        0
      ]
    },
    {
      "Target": "Parameter",
      "Id": "yemian1",
      "FadeInTime": -1.0,
      "FadeOutTime": -1.0,
      "Segments": [
        0,
        0,
        0,
        4.6,
        0
      ]
    },
    {
      "Target": "Parameter",
      "Id": "yemian2",
      "FadeInTime": -1.0,
      "FadeOutTime": -1.0,
      "Segments": [
        0,
        0,
        0,
        4.6,
        0
      ]
    },
    {
      "Target": "Parameter",
      "Id": "shoujbY",
      "FadeInTime": -1.0,
      "FadeOutTime": -1.0,
      "Segments": [
        0,
        0,
        0,
        4.6,
        0
      ]
    },
    {
      "Target": "Parameter",
      "Id": "shoujbjd",
      "FadeInTime": -1.0,
      "FadeOutTime": -1.0,
      "Segments": [
        0,
        0,
        0,
        4.6,
        0
      ]
    },
    {
      "Target": "Parameter",
      "Id": "shoujbd",
      "FadeInTime": -1.0,
      "FadeOutTime": -1.0,
      "Segments": [
        0,
        0,
        0,
        4.6,
        0
      ]
    },
    {
      "Target": "Parameter",
      "Id": "JIUBEITEXIAO",
      "FadeInTime": -1.0,
      "FadeOutTime": -1.0,
      "Segments": [
        0,
        0,
        0,
        4.6,
        0
      ]
    },
    {
      "Target": "Parameter",
      "Id": "jbeiguang",
      "FadeInTime": -1.0,
      "FadeOutTime": -1.0,
      "Segments": [
        0,
        0,
        0,
        4.6,
        0
      ]
    },
    {
      "Target": "Parameter",
      "Id": "lajbxs",
      "FadeInTime": -1.0,
      "FadeOutTime": -1.0,
      "Segments": [
        0,
        0,
        0,
        4.6,
        0
      ]
    },
    {
      "Target": "Parameter",
      "Id": "touch_drag",
      "FadeInTime": -1.0,
      "FadeOutTime": -1.0,
      "Segments": [
        0,
        0,
        0,
        4.6,
        0
      ]
    },
    {
      "Target": "Parameter",
      "Id": "yemian3",
      "FadeInTime": -1.0,
      "FadeOutTime": -1.0,
      "Segments": [
        0,
        0,
        0,
        4.6,
        0
      ]
    },
    {
      "Target": "Parameter",
      "Id": "yemian4",
      "FadeInTime": -1.0,
      "FadeOutTime": -1.0,
      "Segments": [
        0,
        0,
        0,
        4.6,
        0
      ]
    },
    {
      "Target": "Parameter",
      "Id": "NULL4",
      "FadeInTime": -1.0,
      "FadeOutTime": -1.0,
      "Segments": [
        0,
        0,
        0,
        4.6,
        0
      ]
    },
    {
      "Target": "Parameter",
      "Id": "NULL5",
      "FadeInTime": -1.0,
      "FadeOutTime": -1.0,
      "Segments": [
        0,
        0,
        0,
        4.6,
        0
      ]
    },
    {
      "Target": "Parameter",
      "Id": "NULL6",
      "FadeInTime": -1.0,
      "FadeOutTime": -1.0,
      "Segments": [
        0,
        0,
        0,
        4.6,
        0
      ]
    },
    {
      "Target": "Parameter",
      "Id": "ParamArmLAngleY",
      "FadeInTime": -1.0,
      "FadeOutTime": -1.0,
      "Segments": [
        0,
        0,
        0,
        4.6,
        0
      ]
    },
    {
      "Target": "Parameter",
      "Id": "ParamArmRAngleX",
      "FadeInTime": -1.0,
      "FadeOutTime": -1.0,
      "Segments": [
        0,
        0,
        0,
        4.6,
        0
      ]
    },
    {
      "Target": "Parameter",
      "Id": "ParamArmRAngleY",
      "FadeInTime": -1.0,
      "FadeOutTime": -1.0,
      "Segments": [
        0,
        0,
        0,
        4.6,
        0
      ]
    },
    {
      "Target": "Parameter",
      "Id": "ParamBodyAngleY",
      "FadeInTime": -1.0,
      "FadeOutTime": -1.0,
      "Segments": [
        0,
        0,
        0,
        4.6,
        0
      ]
    },
    {
      "Target": "Parameter",
      "Id": "ParamBrowLY",
      "FadeInTime": -1.0,
      "FadeOutTime": -1.0,
      "Segments": [
        0,
        0,
        0,
        4.6,
        0
      ]
    },
    {
      "Target": "Parameter",
      "Id": "ParamBrowLX",
      "FadeInTime": -1.0,
      "FadeOutTime": -1.0,
      "Segments": [
        0,
        0,
        0,
        4.6,
        0
      ]
    },
    {
      "Target": "Parameter",
      "Id": "ParamBrowLAngle",
      "FadeInTime": -1.0,
      "FadeOutTime": -1.0,
      "Segments": [
        0,
        0,
        0,
        4.6,
        0
      ]
    },
    {
      "Target": "Parameter",
      "Id": "ParamBrowRY",
      "FadeInTime": -1.0,
      "FadeOutTime": -1.0,
      "Segments": [
        0,
        0,
        0,
        4.6,
        0
      ]
    },
    {
      "Target": "Parameter",
      "Id": "ParamBrowRX",
      "FadeInTime": -1.0,
      "FadeOutTime": -1.0,
      "Segments": [
        0,
        0,
        0,
        4.6,
        0
      ]
    },
    {
      "Target": "Parameter",
      "Id": "ParamBreath",
      "FadeInTime": -1.0,
      "FadeOutTime": -1.0,
      "Segments": [
        0,
        0,
        0,
        4.6,
        0
      ]
    },
    {
      "Target": "Parameter",
      "Id": "ParamBrowRAngle",
      "FadeInTime": -1.0,
      "FadeOutTime": -1.0,
      "Segments": [
        0,
        0,
        0,
        4.6,
        0
      ]
    }
  ],
  "UserData": [
    {
      "Time": 0.0,
      "Value": ""
    },
    {
      "Time": 0.5,
      "Value": ""
    },
    {
      "Time": 4.1,
      "Value": ""
    }
  ]
}