{
  "Version": 3,
  "Meta": {
    "Duration": 7.333,
    "Fps": 30.0,
    "Loop": true,
    "AreBeziersRestricted": true,
    "FadeInTime": 0.0,
    "FadeOutTime": 0.0,
    "CurveCount": 227,
    "TotalSegmentCount": 1313,
    "TotalPointCount": 1515,
    "UserDataCount": 3,
    "TotalUserDataSize": 0
  },
  "Curves": [
    {
      "Target": "Model",
      "Id": "LipSync",
      "FadeInTime": -1.0,
      "FadeOutTime": -1.0,
      "Segments": [
        0,
        0.145,
        2,
        0.467,
        0.145,
        0,
        0.533,
        0.898,
        0,
        0.6,
        0.063,
        0,
        0.667,
        0.792,
        0,
        0.733,
        0.671,
        0,
        0.933,
        1,
        0,
        1,
        0.639,
        0,
        1.067,
        0.694,
        0,
        1.133,
        0.486,
        0,
        1.267,
        0.906,
        0,
        1.333,
        0.569,
        0,
        1.4,
        0.941,
        0,
        1.467,
        0.024,
        0,
        1.533,
        0.867,
        0,
        1.667,
        0.18,
        0,
        1.8,
        0.925,
        0,
        1.867,
        0.18,
        0,
        1.933,
        0.996,
        0,
        2,
        0.078,
        0,
        2.067,
        0.824,
        0,
        2.2,
        0.345,
        0,
        2.267,
        0.808,
        0,
        2.333,
        0,
        0,
        2.4,
        0.62,
        0,
        2.6,
        0.404,
        0,
        2.733,
        0.737,
        0,
        2.867,
        0.592,
        0,
        2.933,
        0.788,
        0,
        3,
        0,
        0,
        3.067,
        0.643,
        0,
        3.133,
        0.149,
        0,
        3.2,
        0.678,
        0,
        3.467,
        0,
        0,
        3.6,
        0.039,
        0,
        3.8,
        0,
        2,
        4.067,
        0,
        0,
        4.2,
        0.945,
        0,
        4.267,
        0.58,
        0,
        4.4,
        0.922,
        0,
        4.533,
        0,
        0,
        4.6,
        0.847,
        0,
        4.733,
        0.004,
        0,
        4.8,
        0.808,
        0,
        4.867,
        0.267,
        0,
        4.933,
        0.722,
        0,
        5.267,
        0,
        2,
        5.933,
        0,
        2,
        7.333,
        0
      ]
    },
    {
      "Target": "Parameter",
      "Id": "ParamArmLAngle",
      "FadeInTime": -1.0,
      "FadeOutTime": -1.0,
      "Segments": [
        0,
        0,
        2,
        0.467,
        0,
        0,
        1.2,
        -18.18,
        2,
        1.5,
        -18.18,
        1,
        1.778,
        -18.18,
        2.055,
        -18.223,
        2.333,
        -18.66,
        1,
        2.489,
        -18.905,
        2.644,
        -19.541,
        2.8,
        -20.768,
        1,
        2.989,
        -22.258,
        3.178,
        -27,
        3.367,
        -27,
        2,
        4.1,
        -27,
        2,
        4.333,
        -27,
        0,
        5.067,
        -24.3,
        2,
        6.067,
        -24.3,
        0,
        6.9,
        0,
        2,
        7.333,
        0
      ]
    },
    {
      "Target": "Parameter",
      "Id": "ParamArmLStretch",
      "FadeInTime": -1.0,
      "FadeOutTime": -1.0,
      "Segments": [
        0,
        0,
        2,
        0.467,
        0,
        0,
        1.2,
        30,
        2,
        1.5,
        30,
        2,
        2.333,
        30,
        0,
        3.367,
        0,
        2,
        4.1,
        0,
        2,
        4.333,
        0,
        0,
        5.067,
        24.1,
        2,
        6.067,
        24.1,
        0,
        6.9,
        0,
        2,
        7.333,
        0
      ]
    },
    {
      "Target": "Parameter",
      "Id": "ParamForearmLAngle",
      "FadeInTime": -1.0,
      "FadeOutTime": -1.0,
      "Segments": [
        0,
        0,
        2,
        0.467,
        0,
        0,
        1.2,
        -1.4,
        2,
        1.5,
        -1.4,
        0,
        2,
        -1.52,
        2,
        2.333,
        -1.52,
        2,
        2.433,
        -1.52,
        0,
        2.933,
        -19.638,
        0,
        3.367,
        -17,
        2,
        4.1,
        -17,
        2,
        4.133,
        13,
        2,
        4.333,
        13,
        1,
        4.578,
        13,
        4.822,
        2.979,
        5.067,
        3,
        0,
        6.067,
        3.9,
        0,
        6.9,
        0,
        2,
        7.333,
        0
      ]
    },
    {
      "Target": "Parameter",
      "Id": "ParamForearmLChange",
      "FadeInTime": -1.0,
      "FadeOutTime": -1.0,
      "Segments": [
        0,
        0,
        2,
        0.467,
        0,
        2,
        1.2,
        0,
        2,
        1.5,
        0,
        2,
        2.333,
        0,
        1,
        2.489,
        -10,
        2.644,
        -20,
        2.8,
        -30,
        1,
        2.989,
        -20,
        3.178,
        -10,
        3.367,
        0,
        2,
        4.1,
        0,
        2,
        4.333,
        0,
        0,
        5.067,
        -30,
        2,
        6.067,
        -30,
        0,
        6.9,
        0,
        2,
        7.333,
        0
      ]
    },
    {
      "Target": "Parameter",
      "Id": "ParamForearmLStretch",
      "FadeInTime": -1.0,
      "FadeOutTime": -1.0,
      "Segments": [
        0,
        -15,
        2,
        0.467,
        -15,
        0,
        1.2,
        -16.7,
        2,
        1.5,
        -16.7,
        2,
        2.333,
        -16.7,
        1,
        2.489,
        -21.133,
        2.644,
        -25.567,
        2.8,
        -30,
        1,
        2.989,
        -25,
        3.178,
        -20,
        3.367,
        -15,
        2,
        4.1,
        -15,
        2,
        4.333,
        -15,
        0,
        5.067,
        -10.4,
        2,
        6.067,
        -10.4,
        0,
        6.9,
        -15,
        2,
        7.333,
        -15
      ]
    },
    {
      "Target": "Parameter",
      "Id": "ParamForearmLLayer",
      "FadeInTime": -1.0,
      "FadeOutTime": -1.0,
      "Segments": [
        0,
        0,
        2,
        0.467,
        0,
        2,
        1.2,
        0,
        2,
        1.5,
        0,
        2,
        2.333,
        0,
        1,
        2.489,
        -10,
        2.644,
        -20,
        2.8,
        -30,
        2,
        3.367,
        -30,
        2,
        4.1,
        -30,
        2,
        4.333,
        -30,
        2,
        5.067,
        -30,
        2,
        6.067,
        -30,
        0,
        6.9,
        0,
        2,
        7.333,
        0
      ]
    },
    {
      "Target": "Parameter",
      "Id": "ParamHandLAngle",
      "FadeInTime": -1.0,
      "FadeOutTime": -1.0,
      "Segments": [
        0,
        0,
        2,
        0.467,
        0,
        1,
        0.711,
        0,
        0.956,
        -0.37,
        1.2,
        -1.26,
        1,
        1.3,
        -1.624,
        1.4,
        -1.9,
        1.5,
        -1.9,
        1,
        1.778,
        -1.9,
        2.055,
        -1.907,
        2.333,
        -1.48,
        1,
        2.489,
        -1.241,
        2.644,
        5.745,
        2.8,
        5.745,
        0,
        3.033,
        -1,
        0,
        3.367,
        4,
        2,
        4.1,
        4,
        2,
        4.333,
        4,
        0,
        5.067,
        3.1,
        2,
        6.067,
        3.1,
        0,
        6.9,
        0,
        2,
        7.333,
        0
      ]
    },
    {
      "Target": "Parameter",
      "Id": "ParamHandLAnimation",
      "FadeInTime": -1.0,
      "FadeOutTime": -1.0,
      "Segments": [
        0,
        0,
        2,
        0.467,
        0,
        0,
        1.2,
        30,
        2,
        1.5,
        30,
        2,
        2.333,
        30,
        2,
        2.8,
        30,
        1,
        2.833,
        10,
        2.867,
        -10,
        2.9,
        -30,
        2,
        3.367,
        -30,
        2,
        4.1,
        -30,
        2,
        4.333,
        -30,
        0,
        5.067,
        30,
        2,
        6.067,
        30,
        0,
        6.9,
        0,
        2,
        7.333,
        0
      ]
    },
    {
      "Target": "Parameter",
      "Id": "ParamHandLREDisplay",
      "FadeInTime": -1.0,
      "FadeOutTime": -1.0,
      "Segments": [
        0,
        30,
        2,
        0.467,
        30,
        2,
        1.2,
        30,
        2,
        1.5,
        30,
        2,
        2.333,
        30,
        2,
        2.8,
        30,
        1,
        2.833,
        20,
        2.867,
        10,
        2.9,
        0,
        2,
        3.367,
        0,
        2,
        4.1,
        0,
        2,
        4.333,
        0,
        2,
        5.067,
        0,
        2,
        6.067,
        0,
        2,
        6.433,
        0,
        0,
        6.533,
        30,
        2,
        6.9,
        30,
        2,
        7.333,
        30
      ]
    },
    {
      "Target": "Parameter",
      "Id": "ParamHandL3Display",
      "FadeInTime": -1.0,
      "FadeOutTime": -1.0,
      "Segments": [
        0,
        0,
        2,
        0.467,
        0,
        2,
        1.2,
        0,
        2,
        1.5,
        0,
        2,
        2.333,
        0,
        2,
        2.8,
        0,
        1,
        2.833,
        10,
        2.867,
        20,
        2.9,
        30,
        2,
        3.367,
        30,
        2,
        4.1,
        30,
        2,
        4.333,
        30,
        2,
        4.633,
        30,
        0,
        4.733,
        0,
        2,
        5.067,
        0,
        2,
        6.067,
        0,
        2,
        6.9,
        0,
        2,
        7.333,
        0
      ]
    },
    {
      "Target": "Parameter",
      "Id": "ParamHandL4Display",
      "FadeInTime": -1.0,
      "FadeOutTime": -1.0,
      "Segments": [
        0,
        0,
        2,
        0.467,
        0,
        2,
        1.2,
        0,
        2,
        1.5,
        0,
        2,
        2.333,
        0,
        2,
        3.367,
        0,
        2,
        4.1,
        0,
        2,
        4.333,
        0,
        2,
        4.633,
        0,
        0,
        4.733,
        15,
        2,
        5.067,
        15,
        2,
        6.067,
        15,
        2,
        6.433,
        15,
        0,
        6.533,
        0,
        2,
        6.9,
        0,
        2,
        7.333,
        0
      ]
    },
    {
      "Target": "Parameter",
      "Id": "ParamForearmL_A",
      "FadeInTime": -1.0,
      "FadeOutTime": -1.0,
      "Segments": [
        0,
        30,
        2,
        0.467,
        30,
        2,
        1.2,
        30,
        2,
        1.5,
        30,
        2,
        2.333,
        30,
        2,
        2.8,
        30,
        1,
        2.989,
        20,
        3.178,
        10,
        3.367,
        0,
        2,
        4.1,
        0,
        2,
        4.333,
        0,
        2,
        4.633,
        0,
        0,
        4.733,
        30,
        2,
        5.067,
        30,
        2,
        6.067,
        30,
        2,
        6.9,
        30,
        2,
        7.333,
        30
      ]
    },
    {
      "Target": "Parameter",
      "Id": "ParamForearmL_B",
      "FadeInTime": -1.0,
      "FadeOutTime": -1.0,
      "Segments": [
        0,
        0,
        2,
        0.467,
        0,
        2,
        1.2,
        0,
        2,
        1.5,
        0,
        2,
        2.333,
        0,
        1,
        2.489,
        10,
        2.644,
        20,
        2.8,
        30,
        2,
        3.367,
        30,
        2,
        4.1,
        30,
        2,
        4.333,
        30,
        2,
        4.633,
        30,
        0,
        5.067,
        0,
        2,
        6.067,
        0,
        2,
        6.9,
        0,
        2,
        7.333,
        0
      ]
    },
    {
      "Target": "Parameter",
      "Id": "zuoshouxiu",
      "FadeInTime": -1.0,
      "FadeOutTime": -1.0,
      "Segments": [
        0,
        0,
        2,
        0.467,
        0,
        2,
        1.2,
        0,
        2,
        1.5,
        0,
        2,
        2.333,
        0,
        2,
        3.367,
        0,
        2,
        4.1,
        0,
        2,
        4.333,
        0,
        2,
        4.633,
        0,
        0,
        4.733,
        -30,
        2,
        5.067,
        -30,
        2,
        6.067,
        -30,
        2,
        6.433,
        -30,
        0,
        6.533,
        0,
        2,
        6.9,
        0,
        2,
        7.333,
        0
      ]
    },
    {
      "Target": "Parameter",
      "Id": "ParamArmRAngle",
      "FadeInTime": -1.0,
      "FadeOutTime": -1.0,
      "Segments": [
        0,
        0,
        2,
        0.467,
        0,
        0,
        1.967,
        -2.04,
        0,
        3.633,
        0,
        0,
        4.633,
        -1.86,
        0,
        5.167,
        0.66,
        0,
        5.567,
        0,
        2,
        6.067,
        0,
        2,
        6.9,
        0,
        2,
        7.333,
        0
      ]
    },
    {
      "Target": "Parameter",
      "Id": "ParamAngleX",
      "FadeInTime": -1.0,
      "FadeOutTime": -1.0,
      "Segments": [
        0,
        0,
        2,
        0.467,
        0,
        2,
        1,
        0,
        1,
        1.322,
        0,
        1.645,
        6.089,
        1.967,
        15,
        1,
        2.311,
        24.526,
        2.656,
        28,
        3,
        28,
        1,
        3.211,
        28,
        3.422,
        27.683,
        3.633,
        15,
        1,
        3.822,
        3.652,
        4.011,
        -30,
        4.2,
        -30,
        2,
        6.067,
        -30,
        0,
        6.9,
        0,
        2,
        7.333,
        0
      ]
    },
    {
      "Target": "Parameter",
      "Id": "ParamAngleY",
      "FadeInTime": -1.0,
      "FadeOutTime": -1.0,
      "Segments": [
        0,
        0,
        2,
        0.467,
        0,
        2,
        1,
        0,
        0,
        1.967,
        -30,
        0,
        3,
        -25,
        0,
        3.633,
        -30,
        1,
        3.722,
        -30,
        3.811,
        -24.38,
        3.9,
        -18.307,
        1,
        4,
        -11.475,
        4.1,
        -4.105,
        4.2,
        -1,
        1,
        4.378,
        4.52,
        4.555,
        5.72,
        4.733,
        5.72,
        0,
        5.2,
        -4.6,
        2,
        6.067,
        -4.6,
        0,
        6.9,
        0,
        2,
        7.333,
        0
      ]
    },
    {
      "Target": "Parameter",
      "Id": "ParamAngleZ",
      "FadeInTime": -1.0,
      "FadeOutTime": -1.0,
      "Segments": [
        0,
        0,
        2,
        0.467,
        0,
        0,
        1.967,
        1.08,
        0,
        3.733,
        0,
        2,
        4.833,
        0,
        0,
        5.333,
        14.7,
        2,
        6.067,
        14.7,
        0,
        6.9,
        0,
        2,
        7.333,
        0
      ]
    },
    {
      "Target": "Parameter",
      "Id": "ParamNeckZ",
      "FadeInTime": -1.0,
      "FadeOutTime": -1.0,
      "Segments": [
        0,
        0,
        2,
        0.467,
        0,
        0,
        1.967,
        3,
        0,
        3.733,
        0,
        2,
        4.733,
        0,
        0,
        5.233,
        11.9,
        1,
        5.511,
        11.9,
        5.789,
        11.897,
        6.067,
        9.02,
        1,
        6.345,
        6.143,
        6.622,
        0,
        6.9,
        0,
        2,
        7.333,
        0
      ]
    },
    {
      "Target": "Parameter",
      "Id": "ParamBodyAngleX",
      "FadeInTime": -1.0,
      "FadeOutTime": -1.0,
      "Segments": [
        0,
        0,
        2,
        0.467,
        0,
        0,
        1.467,
        10,
        2,
        3.867,
        10,
        0,
        4.467,
        -10,
        2,
        6.067,
        -10,
        0,
        6.9,
        0,
        2,
        7.333,
        0
      ]
    },
    {
      "Target": "Parameter",
      "Id": "ParamChestZ",
      "FadeInTime": -1.0,
      "FadeOutTime": -1.0,
      "Segments": [
        0,
        0,
        2,
        0.467,
        0,
        1,
        0.8,
        0,
        1.134,
        0.891,
        1.467,
        3,
        1,
        1.789,
        5.038,
        2.111,
        6.24,
        2.433,
        6.24,
        1,
        2.9,
        6.24,
        3.366,
        5.46,
        3.833,
        3,
        1,
        4.022,
        2.004,
        4.211,
        0.72,
        4.4,
        0.72,
        0,
        4.733,
        2.4,
        2,
        6.067,
        2.4,
        0,
        6.9,
        0,
        2,
        7.333,
        0
      ]
    },
    {
      "Target": "Parameter",
      "Id": "ParamWaistZ",
      "FadeInTime": -1.0,
      "FadeOutTime": -1.0,
      "Segments": [
        0,
        0,
        2,
        0.467,
        0,
        0,
        1.367,
        3,
        2,
        2.4,
        3,
        0,
        3.1,
        4.74,
        0,
        3.733,
        3,
        2,
        4.3,
        3,
        2,
        4.633,
        3,
        0,
        5.133,
        19.38,
        1,
        5.278,
        19.38,
        5.422,
        18.811,
        5.567,
        16.68,
        1,
        5.689,
        14.877,
        5.811,
        13.2,
        5.933,
        13.2,
        2,
        6.067,
        13.2,
        0,
        6.9,
        0,
        2,
        7.333,
        0
      ]
    },
    {
      "Target": "Parameter",
      "Id": "ParamLegLAngle",
      "FadeInTime": -1.0,
      "FadeOutTime": -1.0,
      "Segments": [
        0,
        0,
        2,
        0.467,
        0,
        0,
        2.333,
        2.58,
        0,
        3.6,
        -1,
        0,
        4.233,
        0.36,
        2,
        6.067,
        0.36,
        0,
        6.9,
        0,
        2,
        7.333,
        0
      ]
    },
    {
      "Target": "Parameter",
      "Id": "shentihuxi",
      "FadeInTime": -1.0,
      "FadeOutTime": -1.0,
      "Segments": [
        0,
        0,
        2,
        0.467,
        0,
        0,
        1.967,
        -10,
        0,
        3.167,
        -3,
        0,
        3.867,
        -6,
        0,
        4.767,
        -1,
        0,
        5.267,
        -7,
        0,
        5.6,
        0,
        2,
        6.067,
        0,
        2,
        6.9,
        0,
        2,
        7.333,
        0
      ]
    },
    {
      "Target": "Parameter",
      "Id": "rdatuif",
      "FadeInTime": -1.0,
      "FadeOutTime": -1.0,
      "Segments": [
        0,
        17,
        2,
        0.467,
        17,
        0,
        1.8,
        13.796,
        0,
        4.567,
        17,
        0,
        5.033,
        14.336,
        0,
        5.8,
        16.28,
        2,
        6.067,
        16.28,
        0,
        6.9,
        17,
        2,
        7.333,
        17
      ]
    },
    {
      "Target": "Parameter",
      "Id": "ParamCrusRAngle",
      "FadeInTime": -1.0,
      "FadeOutTime": -1.0,
      "Segments": [
        0,
        -30,
        2,
        0.467,
        -30,
        0,
        1.933,
        -29.016,
        0,
        4.7,
        -30,
        0,
        5.167,
        -29.016,
        0,
        5.933,
        -30,
        2,
        6.067,
        -30,
        2,
        6.9,
        -30,
        2,
        7.333,
        -30
      ]
    },
    {
      "Target": "Parameter",
      "Id": "rdatuitan2",
      "FadeInTime": -1.0,
      "FadeOutTime": -1.0,
      "Segments": [
        0,
        0,
        2,
        0.467,
        0,
        0,
        1.467,
        24.18,
        2,
        3.733,
        24.18,
        0,
        4.3,
        -23.62,
        2,
        6.067,
        -23.62,
        0,
        6.9,
        0,
        2,
        7.333,
        0
      ]
    },
    {
      "Target": "Parameter",
      "Id": "bangdaijd",
      "FadeInTime": -1.0,
      "FadeOutTime": -1.0,
      "Segments": [
        0,
        0,
        2,
        0.467,
        0,
        0,
        1.233,
        5,
        1,
        2.122,
        5,
        3.011,
        4.204,
        3.9,
        2,
        1,
        4,
        1.752,
        4.1,
        -3,
        4.2,
        -3,
        0,
        4.5,
        3,
        0,
        4.733,
        2,
        0,
        5.533,
        8,
        0,
        6.067,
        0,
        2,
        6.9,
        0,
        2,
        7.333,
        0
      ]
    },
    {
      "Target": "Parameter",
      "Id": "ParamMouthForm",
      "FadeInTime": -1.0,
      "FadeOutTime": -1.0,
      "Segments": [
        0,
        0,
        2,
        0.467,
        0,
        2,
        0.567,
        0,
        1,
        0.634,
        0.133,
        0.7,
        0.267,
        0.767,
        0.4,
        1,
        0.8,
        0.133,
        0.834,
        -0.133,
        0.867,
        -0.4,
        1,
        0.911,
        -0.233,
        0.956,
        -0.067,
        1,
        0.1,
        1,
        1.056,
        -0.067,
        1.111,
        -0.233,
        1.167,
        -0.4,
        1,
        1.211,
        -0.167,
        1.256,
        0.067,
        1.3,
        0.3,
        1,
        1.333,
        0.167,
        1.367,
        0.033,
        1.4,
        -0.1,
        1,
        1.456,
        -0.033,
        1.511,
        0.033,
        1.567,
        0.1,
        1,
        1.611,
        0.2,
        1.656,
        0.3,
        1.7,
        0.4,
        1,
        1.744,
        0.167,
        1.789,
        -0.067,
        1.833,
        -0.3,
        1,
        1.866,
        -0.1,
        1.9,
        0.1,
        1.933,
        0.3,
        1,
        2.033,
        0.367,
        2.133,
        0.433,
        2.233,
        0.5,
        1,
        2.289,
        0.267,
        2.344,
        0.033,
        2.4,
        -0.2,
        1,
        2.433,
        -0.067,
        2.467,
        0.067,
        2.5,
        0.2,
        1,
        2.544,
        0.033,
        2.589,
        -0.133,
        2.633,
        -0.3,
        1,
        2.7,
        -0.167,
        2.766,
        -0.033,
        2.833,
        0.1,
        1,
        2.889,
        0.233,
        2.944,
        0.367,
        3,
        0.5,
        1,
        3.033,
        0.2,
        3.067,
        -0.1,
        3.1,
        -0.4,
        1,
        3.156,
        -0.233,
        3.211,
        -0.067,
        3.267,
        0.1,
        1,
        3.556,
        0.2,
        3.844,
        0.3,
        4.133,
        0.4,
        1,
        4.166,
        0.133,
        4.2,
        -0.133,
        4.233,
        -0.4,
        1,
        4.278,
        -0.233,
        4.322,
        -0.067,
        4.367,
        0.1,
        1,
        4.422,
        -0.067,
        4.478,
        -0.233,
        4.533,
        -0.4,
        1,
        4.578,
        -0.167,
        4.622,
        0.067,
        4.667,
        0.3,
        1,
        4.7,
        0.167,
        4.734,
        0.033,
        4.767,
        -0.1,
        1,
        4.822,
        -0.033,
        4.878,
        0.033,
        4.933,
        0.1,
        1,
        4.978,
        0.2,
        5.022,
        0.3,
        5.067,
        0.4,
        1,
        5.111,
        0.167,
        5.156,
        -0.067,
        5.2,
        -0.3,
        1,
        5.233,
        -0.1,
        5.267,
        0.1,
        5.3,
        0.3,
        1,
        5.367,
        0.5,
        5.433,
        0.7,
        5.5,
        0.9,
        2,
        6.267,
        0.9,
        1,
        6.478,
        0.6,
        6.689,
        0.3,
        6.9,
        0,
        2,
        7.333,
        0
      ]
    },
    {
      "Target": "Parameter",
      "Id": "ParamEyeLOpen",
      "FadeInTime": -1.0,
      "FadeOutTime": -1.0,
      "Segments": [
        0,
        1,
        2,
        0.467,
        1,
        0,
        1.467,
        0.8,
        2,
        3.733,
        0.8,
        0,
        4.033,
        0,
        0,
        4.3,
        1.1,
        1,
        4.411,
        1.1,
        4.522,
        1.136,
        4.633,
        1,
        1,
        4.8,
        0.796,
        4.966,
        0,
        5.133,
        0,
        2,
        6.067,
        0,
        0,
        6.9,
        1,
        2,
        7.333,
        1
      ]
    },
    {
      "Target": "Parameter",
      "Id": "ParamEyeLSmile",
      "FadeInTime": -1.0,
      "FadeOutTime": -1.0,
      "Segments": [
        0,
        0,
        2,
        0.467,
        0,
        2,
        4.633,
        0,
        0,
        5.133,
        1,
        2,
        6.067,
        1,
        0,
        6.9,
        0,
        2,
        7.333,
        0
      ]
    },
    {
      "Target": "Parameter",
      "Id": "ParamEyeROpen",
      "FadeInTime": -1.0,
      "FadeOutTime": -1.0,
      "Segments": [
        0,
        1,
        2,
        0.467,
        1,
        0,
        1.467,
        0.8,
        2,
        3.733,
        0.8,
        0,
        4.033,
        0,
        0,
        4.3,
        1.1,
        1,
        4.411,
        1.1,
        4.522,
        1.136,
        4.633,
        1,
        1,
        4.8,
        0.796,
        4.966,
        0,
        5.133,
        0,
        2,
        6.067,
        0,
        0,
        6.9,
        1,
        2,
        7.333,
        1
      ]
    },
    {
      "Target": "Parameter",
      "Id": "ParamEyeRSmile",
      "FadeInTime": -1.0,
      "FadeOutTime": -1.0,
      "Segments": [
        0,
        0,
        2,
        0.467,
        0,
        2,
        4.633,
        0,
        0,
        5.133,
        1,
        2,
        6.067,
        1,
        0,
        6.9,
        0,
        2,
        7.333,
        0
      ]
    },
    {
      "Target": "Parameter",
      "Id": "ParamEyeBallX",
      "FadeInTime": -1.0,
      "FadeOutTime": -1.0,
      "Segments": [
        0,
        0,
        2,
        0.467,
        0,
        0,
        1.467,
        0.3,
        2,
        3.733,
        0.3,
        0,
        4.3,
        0.236,
        2,
        6.067,
        0.236,
        0,
        6.9,
        0,
        2,
        7.333,
        0
      ]
    },
    {
      "Target": "Parameter",
      "Id": "ParamEyeBallY",
      "FadeInTime": -1.0,
      "FadeOutTime": -1.0,
      "Segments": [
        0,
        0,
        2,
        0.467,
        0,
        0,
        1.467,
        -0.4,
        2,
        3.733,
        -0.4,
        0,
        4.3,
        0.766,
        2,
        6.067,
        0.766,
        0,
        6.9,
        0,
        2,
        7.333,
        0
      ]
    },
    {
      "Target": "Parameter",
      "Id": "Hair_physics",
      "FadeInTime": -1.0,
      "FadeOutTime": -1.0,
      "Segments": [
        0,
        0,
        2,
        0.467,
        0,
        0,
        1.467,
        1,
        2,
        3.867,
        1,
        0,
        4.467,
        0,
        2,
        6.067,
        0,
        2,
        6.9,
        0,
        2,
        7.333,
        0
      ]
    },
    {
      "Target": "Parameter",
      "Id": "OP_physics",
      "FadeInTime": -1.0,
      "FadeOutTime": -1.0,
      "Segments": [
        0,
        0,
        2,
        0.467,
        0,
        0,
        1.467,
        1,
        2,
        3.867,
        1,
        0,
        4.467,
        0,
        2,
        6.067,
        0,
        2,
        6.9,
        0,
        2,
        7.333,
        0
      ]
    },
    {
      "Target": "Parameter",
      "Id": "Clothes_physics",
      "FadeInTime": -1.0,
      "FadeOutTime": -1.0,
      "Segments": [
        0,
        0,
        2,
        0.467,
        0,
        0,
        1.467,
        1,
        2,
        3.867,
        1,
        0,
        4.467,
        0,
        2,
        6.067,
        0,
        2,
        6.9,
        0,
        2,
        7.333,
        0
      ]
    },
    {
      "Target": "Parameter",
      "Id": "fajiaodu",
      "FadeInTime": -1.0,
      "FadeOutTime": -1.0,
      "Segments": [
        0,
        0,
        2,
        0.467,
        0,
        0,
        2.067,
        10,
        0,
        3.8,
        3,
        0,
        4.367,
        10,
        0,
        4.867,
        1,
        0,
        5.4,
        15,
        1,
        5.556,
        15,
        5.711,
        6.618,
        5.867,
        4,
        1,
        6.089,
        0.26,
        6.311,
        0,
        6.533,
        0,
        2,
        6.9,
        0,
        2,
        7.333,
        0
      ]
    },
    {
      "Target": "Parameter",
      "Id": "rqun1",
      "FadeInTime": -1.0,
      "FadeOutTime": -1.0,
      "Segments": [
        0,
        0,
        2,
        0.467,
        0,
        0,
        0.8,
        15.013,
        0,
        1.5,
        -15.013,
        0,
        2.233,
        15.013,
        0,
        2.933,
        -15.013,
        0,
        3.633,
        15.013,
        0,
        4.2,
        -15.013,
        1,
        4.289,
        -15.013,
        4.378,
        -11.303,
        4.467,
        0,
        1,
        4.545,
        9.891,
        4.622,
        17.509,
        4.7,
        17.509,
        0,
        5.2,
        -17.509,
        0,
        5.7,
        17.509,
        0,
        6.267,
        -17.509,
        0,
        6.9,
        0,
        2,
        7.333,
        0
      ]
    },
    {
      "Target": "Parameter",
      "Id": "rqun2",
      "FadeInTime": -1.0,
      "FadeOutTime": -1.0,
      "Segments": [
        0,
        15.013,
        2,
        0.467,
        15.013,
        0,
        1.167,
        -15.013,
        0,
        1.867,
        15.013,
        0,
        2.567,
        -15.013,
        0,
        3.3,
        15.013,
        0,
        4.033,
        -15.013,
        0,
        4.467,
        17.509,
        0,
        4.967,
        -17.509,
        0,
        5.433,
        17.509,
        0,
        5.967,
        -17.509,
        0,
        6.533,
        17.509,
        0,
        6.9,
        15.013,
        2,
        7.333,
        15.013
      ]
    },
    {
      "Target": "Parameter",
      "Id": "qunbai1",
      "FadeInTime": -1.0,
      "FadeOutTime": -1.0,
      "Segments": [
        0,
        0.001,
        2,
        0.467,
        0.001,
        0,
        0.8,
        7,
        0,
        1.5,
        -6.998,
        0,
        2.233,
        7,
        0,
        2.933,
        -6.998,
        0,
        3.633,
        7,
        0,
        4.2,
        -6.998,
        1,
        4.289,
        -6.998,
        4.378,
        -5.264,
        4.467,
        0.001,
        1,
        4.545,
        4.608,
        4.622,
        8.164,
        4.7,
        8.164,
        0,
        5.2,
        -8.162,
        0,
        5.7,
        8.164,
        0,
        6.267,
        -8.162,
        0,
        6.9,
        0.001,
        2,
        7.333,
        0.001
      ]
    },
    {
      "Target": "Parameter",
      "Id": "qunbai2",
      "FadeInTime": -1.0,
      "FadeOutTime": -1.0,
      "Segments": [
        0,
        7,
        2,
        0.467,
        7,
        0,
        1.167,
        -6.998,
        0,
        1.867,
        7,
        0,
        2.567,
        -6.998,
        0,
        3.3,
        7,
        0,
        4.033,
        -6.998,
        0,
        4.467,
        8.164,
        0,
        4.967,
        -8.162,
        0,
        5.433,
        8.164,
        0,
        5.967,
        -8.162,
        0,
        6.533,
        8.164,
        1,
        6.655,
        8.164,
        6.778,
        7.006,
        6.9,
        7.003,
        1,
        7.044,
        6.999,
        7.189,
        7,
        7.333,
        7
      ]
    },
    {
      "Target": "Parameter",
      "Id": "lqun1",
      "FadeInTime": -1.0,
      "FadeOutTime": -1.0,
      "Segments": [
        0,
        0,
        2,
        0.467,
        0,
        0,
        0.8,
        15.013,
        0,
        1.5,
        -15.013,
        0,
        2.233,
        15.013,
        0,
        2.933,
        -15.013,
        0,
        3.633,
        15.013,
        0,
        4.2,
        -15.013,
        1,
        4.289,
        -15.013,
        4.378,
        -11.303,
        4.467,
        0,
        1,
        4.545,
        9.891,
        4.622,
        17.509,
        4.7,
        17.509,
        0,
        5.2,
        -17.509,
        0,
        5.7,
        17.509,
        0,
        6.267,
        -17.509,
        0,
        6.9,
        0,
        2,
        7.333,
        0
      ]
    },
    {
      "Target": "Parameter",
      "Id": "lqun2",
      "FadeInTime": -1.0,
      "FadeOutTime": -1.0,
      "Segments": [
        0,
        15.013,
        2,
        0.467,
        15.013,
        0,
        1.167,
        -15.013,
        0,
        1.867,
        15.013,
        0,
        2.567,
        -15.013,
        0,
        3.3,
        15.013,
        0,
        4.033,
        -15.013,
        0,
        4.467,
        17.509,
        0,
        4.967,
        -17.509,
        0,
        5.433,
        17.509,
        0,
        5.967,
        -17.509,
        0,
        6.533,
        17.509,
        0,
        6.9,
        15.013,
        2,
        7.333,
        15.013
      ]
    },
    {
      "Target": "Parameter",
      "Id": "qunbai3",
      "FadeInTime": -1.0,
      "FadeOutTime": -1.0,
      "Segments": [
        0,
        0.001,
        2,
        0.467,
        0.001,
        0,
        0.8,
        7,
        0,
        1.5,
        -6.998,
        0,
        2.233,
        7,
        0,
        2.933,
        -6.998,
        0,
        3.633,
        7,
        0,
        4.2,
        -6.998,
        1,
        4.289,
        -6.998,
        4.378,
        -5.264,
        4.467,
        0.001,
        1,
        4.545,
        4.608,
        4.622,
        8.164,
        4.7,
        8.164,
        0,
        5.2,
        -8.162,
        0,
        5.7,
        8.164,
        0,
        6.267,
        -8.162,
        0,
        6.9,
        0.001,
        2,
        7.333,
        0.001
      ]
    },
    {
      "Target": "Parameter",
      "Id": "qunbai4",
      "FadeInTime": -1.0,
      "FadeOutTime": -1.0,
      "Segments": [
        0,
        7,
        2,
        0.467,
        7,
        0,
        1.167,
        -6.998,
        0,
        1.867,
        7,
        0,
        2.567,
        -6.998,
        0,
        3.3,
        7,
        0,
        4.033,
        -6.998,
        0,
        4.467,
        8.164,
        0,
        4.967,
        -8.162,
        0,
        5.433,
        8.164,
        0,
        5.967,
        -8.162,
        0,
        6.533,
        8.164,
        1,
        6.655,
        8.164,
        6.778,
        7.006,
        6.9,
        7.003,
        1,
        7.044,
        6.999,
        7.189,
        7,
        7.333,
        7
      ]
    },
    {
      "Target": "Parameter",
      "Id": "ParamHairFront1",
      "FadeInTime": -1.0,
      "FadeOutTime": -1.0,
      "Segments": [
        0,
        0,
        2,
        0.467,
        0,
        0,
        0.8,
        15.013,
        0,
        1.5,
        -15.013,
        0,
        2.233,
        15.013,
        0,
        2.933,
        -15.013,
        0,
        3.633,
        15.013,
        0,
        4.2,
        -15.013,
        1,
        4.289,
        -15.013,
        4.378,
        -11.303,
        4.467,
        0,
        1,
        4.545,
        9.891,
        4.622,
        17.509,
        4.7,
        17.509,
        0,
        5.2,
        -17.509,
        0,
        5.7,
        17.509,
        0,
        6.267,
        -17.509,
        0,
        6.9,
        0,
        2,
        7.333,
        0
      ]
    },
    {
      "Target": "Parameter",
      "Id": "ParamHairFront2",
      "FadeInTime": -1.0,
      "FadeOutTime": -1.0,
      "Segments": [
        0,
        15.013,
        2,
        0.467,
        15.013,
        0,
        1.167,
        -15.013,
        0,
        1.867,
        15.013,
        0,
        2.567,
        -15.013,
        0,
        3.3,
        15.013,
        0,
        4.033,
        -15.013,
        0,
        4.467,
        17.509,
        0,
        4.967,
        -17.509,
        0,
        5.433,
        17.509,
        0,
        5.967,
        -17.509,
        0,
        6.533,
        17.509,
        0,
        6.9,
        15.013,
        2,
        7.333,
        15.013
      ]
    },
    {
      "Target": "Parameter",
      "Id": "ParamHairFront5",
      "FadeInTime": -1.0,
      "FadeOutTime": -1.0,
      "Segments": [
        0,
        -10,
        2,
        0.467,
        -10,
        0,
        0.8,
        20,
        0,
        1.5,
        -20,
        0,
        2.233,
        20,
        0,
        2.933,
        -20,
        0,
        3.633,
        20,
        0,
        4.2,
        -20,
        1,
        4.289,
        -20,
        4.378,
        -20.043,
        4.467,
        -11.663,
        1,
        4.545,
        -4.33,
        4.622,
        23.326,
        4.7,
        23.326,
        0,
        5.2,
        -23.326,
        0,
        5.7,
        23.326,
        0,
        6.267,
        -23.326,
        0,
        6.9,
        -10,
        2,
        7.333,
        -10
      ]
    },
    {
      "Target": "Parameter",
      "Id": "ParamHairSide1",
      "FadeInTime": -1.0,
      "FadeOutTime": -1.0,
      "Segments": [
        0,
        0,
        2,
        0.467,
        0,
        0,
        0.8,
        15.013,
        0,
        1.5,
        -15.013,
        0,
        2.233,
        15.013,
        0,
        2.933,
        -15.013,
        0,
        3.633,
        15.013,
        0,
        4.2,
        -15.013,
        1,
        4.289,
        -15.013,
        4.378,
        -11.303,
        4.467,
        0,
        1,
        4.545,
        9.891,
        4.622,
        17.509,
        4.7,
        17.509,
        0,
        5.2,
        -17.509,
        0,
        5.7,
        17.509,
        0,
        6.267,
        -17.509,
        0,
        6.9,
        0,
        2,
        7.333,
        0
      ]
    },
    {
      "Target": "Parameter",
      "Id": "ParamHairSide2",
      "FadeInTime": -1.0,
      "FadeOutTime": -1.0,
      "Segments": [
        0,
        15.013,
        2,
        0.467,
        15.013,
        0,
        1.167,
        -15.013,
        0,
        1.867,
        15.013,
        0,
        2.567,
        -15.013,
        0,
        3.3,
        15.013,
        0,
        4.033,
        -15.013,
        0,
        4.467,
        17.509,
        0,
        4.967,
        -17.509,
        0,
        5.433,
        17.509,
        0,
        5.967,
        -17.509,
        0,
        6.533,
        17.509,
        0,
        6.9,
        15.013,
        2,
        7.333,
        15.013
      ]
    },
    {
      "Target": "Parameter",
      "Id": "ParamHairBack1",
      "FadeInTime": -1.0,
      "FadeOutTime": -1.0,
      "Segments": [
        0,
        0,
        2,
        0.467,
        0,
        0,
        0.8,
        15.013,
        0,
        1.5,
        -15.013,
        0,
        2.233,
        15.013,
        0,
        2.933,
        -15.013,
        0,
        3.633,
        15.013,
        0,
        4.2,
        -15.013,
        1,
        4.289,
        -15.013,
        4.378,
        -11.303,
        4.467,
        0,
        1,
        4.545,
        9.891,
        4.622,
        17.509,
        4.7,
        17.509,
        0,
        5.2,
        -17.509,
        0,
        5.7,
        17.509,
        0,
        6.267,
        -17.509,
        0,
        6.9,
        0,
        2,
        7.333,
        0
      ]
    },
    {
      "Target": "Parameter",
      "Id": "ParamHairBack2",
      "FadeInTime": -1.0,
      "FadeOutTime": -1.0,
      "Segments": [
        0,
        15.013,
        2,
        0.467,
        15.013,
        0,
        1.167,
        -15.013,
        0,
        1.867,
        15.013,
        0,
        2.567,
        -15.013,
        0,
        3.3,
        15.013,
        0,
        4.033,
        -15.013,
        0,
        4.467,
        17.509,
        0,
        4.967,
        -17.509,
        0,
        5.433,
        17.509,
        0,
        5.967,
        -17.509,
        0,
        6.533,
        17.509,
        0,
        6.9,
        15.013,
        2,
        7.333,
        15.013
      ]
    },
    {
      "Target": "Parameter",
      "Id": "ParamHairBack3",
      "FadeInTime": -1.0,
      "FadeOutTime": -1.0,
      "Segments": [
        0,
        0,
        2,
        0.467,
        0,
        0,
        0.733,
        15.013,
        0,
        1.233,
        -15.013,
        0,
        1.767,
        15.013,
        0,
        2.267,
        -15.013,
        0,
        2.8,
        15.013,
        0,
        3.3,
        -15.013,
        0,
        3.8,
        15.013,
        0,
        4.233,
        -15.013,
        1,
        4.311,
        -15.013,
        4.389,
        -11.875,
        4.467,
        0,
        1,
        4.522,
        8.482,
        4.578,
        17.509,
        4.633,
        17.509,
        0,
        5,
        -17.509,
        0,
        5.367,
        17.509,
        0,
        5.733,
        -17.509,
        0,
        6.133,
        17.509,
        0,
        6.533,
        -17.509,
        0,
        6.9,
        0,
        2,
        7.333,
        0
      ]
    },
    {
      "Target": "Parameter",
      "Id": "ParamHairBack4",
      "FadeInTime": -1.0,
      "FadeOutTime": -1.0,
      "Segments": [
        0,
        15.013,
        2,
        0.467,
        15.013,
        0,
        1,
        -15.013,
        0,
        1.5,
        15.013,
        0,
        2,
        -15.013,
        0,
        2.567,
        15.013,
        0,
        3.067,
        -15.013,
        0,
        3.567,
        15.013,
        0,
        4.033,
        -15.013,
        0,
        4.467,
        17.509,
        0,
        4.833,
        -17.509,
        0,
        5.2,
        17.509,
        0,
        5.533,
        -17.509,
        0,
        5.967,
        17.509,
        0,
        6.333,
        -17.509,
        0,
        6.733,
        17.509,
        0,
        6.9,
        15.013,
        2,
        7.333,
        15.013
      ]
    },
    {
      "Target": "Parameter",
      "Id": "ParamHair1",
      "FadeInTime": -1.0,
      "FadeOutTime": -1.0,
      "Segments": [
        0,
        0.001,
        2,
        0.033,
        0.001,
        2,
        0.067,
        0.001,
        0,
        0.3,
        0,
        2,
        0.4,
        0,
        0,
        0.533,
        0.096,
        0,
        0.9,
        -6.833,
        0,
        1.367,
        1.732,
        0,
        1.433,
        1.699,
        0,
        1.633,
        2.798,
        0,
        2,
        -3.268,
        0,
        2.333,
        1.376,
        0,
        2.667,
        -1.085,
        0,
        3,
        0.598,
        0,
        3.233,
        0.236,
        0,
        3.733,
        1.382,
        0,
        3.967,
        -0.019,
        0,
        4.267,
        12.957,
        0,
        4.633,
        -14.024,
        0,
        4.967,
        10.794,
        0,
        5.3,
        -6.486,
        0,
        5.633,
        3.655,
        0,
        5.967,
        -1.935,
        0,
        6.233,
        0.685,
        0,
        6.533,
        -2.98,
        0,
        6.933,
        1.379,
        0,
        7.333,
        -0.969
      ]
    },
    {
      "Target": "Parameter",
      "Id": "ParamHair2",
      "FadeInTime": -1.0,
      "FadeOutTime": -1.0,
      "Segments": [
        0,
        -0.003,
        0,
        0.3,
        0.002,
        0,
        0.467,
        0,
        0,
        0.767,
        2.485,
        0,
        1.1,
        -4.445,
        0,
        1.433,
        2.57,
        0,
        1.667,
        -0.051,
        0,
        1.867,
        1.79,
        0,
        2.167,
        -3.067,
        0,
        2.5,
        2.686,
        0,
        2.833,
        -1.929,
        0,
        3.167,
        1.069,
        0,
        3.467,
        -0.733,
        0,
        3.867,
        0.721,
        0,
        4.167,
        -5.408,
        0,
        4.467,
        12.493,
        0,
        4.8,
        -16.989,
        0,
        5.133,
        15.222,
        0,
        5.467,
        -11.122,
        0,
        5.8,
        7.373,
        0,
        6.133,
        -4.434,
        0,
        6.433,
        3.176,
        0,
        6.733,
        -2.977,
        0,
        7.067,
        1.951,
        0,
        7.333,
        -0.284
      ]
    },
    {
      "Target": "Parameter",
      "Id": "ParamHair3",
      "FadeInTime": -1.0,
      "FadeOutTime": -1.0,
      "Segments": [
        0,
        0.011,
        0,
        0.2,
        -0.01,
        0,
        0.867,
        2.596,
        0,
        1.2,
        -5.779,
        0,
        1.567,
        4.573,
        0,
        1.833,
        -0.5,
        0,
        2,
        0.615,
        0,
        2.3,
        -3.405,
        0,
        2.633,
        4.034,
        0,
        2.967,
        -3.443,
        0,
        3.3,
        2.262,
        0,
        3.6,
        -1.497,
        0,
        3.967,
        1.263,
        0,
        4.267,
        -5.772,
        0,
        4.567,
        14.696,
        0,
        4.9,
        -21.685,
        0,
        5.267,
        21.792,
        0,
        5.6,
        -17.928,
        0,
        5.933,
        13.153,
        0,
        6.267,
        -8.675,
        0,
        6.567,
        5.661,
        0,
        6.9,
        -4.746,
        0,
        7.233,
        3.899,
        0,
        7.333,
        2.332
      ]
    },
    {
      "Target": "Parameter",
      "Id": "ParamHair4",
      "FadeInTime": -1.0,
      "FadeOutTime": -1.0,
      "Segments": [
        0,
        0.057,
        0,
        0.067,
        0.07,
        0,
        0.4,
        -0.033,
        0,
        0.967,
        2.793,
        0,
        1.333,
        -7.301,
        0,
        1.667,
        7.398,
        0,
        2,
        -2.52,
        0,
        2.2,
        -0.752,
        0,
        2.433,
        -2.935,
        0,
        2.767,
        5.301,
        0,
        3.1,
        -5.512,
        0,
        3.433,
        4.251,
        0,
        3.767,
        -3.023,
        0,
        4.067,
        2.187,
        0,
        4.367,
        -6.669,
        0,
        4.667,
        17.126,
        0,
        5,
        -26.907,
        0,
        5.367,
        28.959,
        0,
        5.733,
        -25.613,
        0,
        6.067,
        20.593,
        0,
        6.4,
        -14.809,
        0,
        6.733,
        10.168,
        0,
        7.033,
        -7.975,
        0,
        7.333,
        6.63
      ]
    },
    {
      "Target": "Parameter",
      "Id": "ParamHair5",
      "FadeInTime": -1.0,
      "FadeOutTime": -1.0,
      "Segments": [
        0,
        -0.193,
        0,
        0.2,
        0.208,
        0,
        0.533,
        -0.105,
        0,
        1.067,
        3.044,
        0,
        1.433,
        -9.044,
        0,
        1.8,
        11.07,
        0,
        2.133,
        -6.102,
        0,
        2.433,
        -0.657,
        0,
        2.567,
        -1.232,
        0,
        2.867,
        6.176,
        0,
        3.2,
        -8.019,
        0,
        3.567,
        7.193,
        0,
        3.9,
        -5.64,
        0,
        4.2,
        3.626,
        0,
        4.467,
        -7.503,
        0,
        4.767,
        19.378,
        0,
        5.067,
        -30,
        2,
        5.1,
        -30,
        0,
        5.433,
        30,
        2,
        5.5,
        30,
        0,
        5.8,
        -30,
        2,
        5.867,
        -30,
        0,
        6.2,
        28.467,
        0,
        6.533,
        -22.316,
        0,
        6.867,
        16.393,
        0,
        7.2,
        -12.842,
        0,
        7.333,
        -1.99
      ]
    },
    {
      "Target": "Parameter",
      "Id": "ParamHair6",
      "FadeInTime": -1.0,
      "FadeOutTime": -1.0,
      "Segments": [
        0,
        -1.01,
        0,
        0.033,
        -1.021,
        0,
        0.367,
        0.577,
        0,
        0.667,
        -0.298,
        0,
        1.133,
        3.379,
        0,
        1.533,
        -10.89,
        0,
        1.9,
        15.445,
        0,
        2.267,
        -11.234,
        0,
        2.633,
        2.323,
        0,
        2.733,
        1.835,
        0,
        2.967,
        5.849,
        0,
        3.333,
        -10.673,
        0,
        3.667,
        11.227,
        0,
        4,
        -9.59,
        0,
        4.333,
        6.36,
        0,
        4.567,
        -8.32,
        0,
        4.833,
        21.105,
        0,
        5.133,
        -30,
        2,
        5.2,
        -30,
        0,
        5.5,
        30,
        2,
        5.6,
        30,
        0,
        5.9,
        -30,
        2,
        6,
        -30,
        0,
        6.267,
        30,
        2,
        6.333,
        30,
        0,
        6.667,
        -30,
        0,
        7,
        23.645,
        0,
        7.333,
        -19.332
      ]
    },
    {
      "Target": "Parameter",
      "Id": "ParamEyeLGG",
      "FadeInTime": -1.0,
      "FadeOutTime": -1.0,
      "Segments": [
        0,
        0,
        2,
        0.2,
        0,
        2,
        0.233,
        0,
        2,
        0.333,
        0,
        2,
        0.367,
        0,
        2,
        0.4,
        0,
        2,
        0.433,
        0,
        2,
        0.467,
        0,
        0,
        0.633,
        -0.392,
        0,
        0.933,
        0.448,
        0,
        1.233,
        -0.131,
        0,
        1.467,
        0.203,
        0,
        1.7,
        -0.418,
        0,
        1.967,
        0.333,
        0,
        2.267,
        -0.186,
        0,
        2.567,
        0.09,
        0,
        2.867,
        -0.04,
        0,
        3.2,
        0.017,
        0,
        3.5,
        -0.007,
        0,
        3.733,
        0.002,
        0,
        3.867,
        -9.045,
        0,
        4.1,
        24.275,
        0,
        4.3,
        -30,
        2,
        4.4,
        -30,
        0,
        4.633,
        18.694,
        0,
        4.933,
        -7.554,
        0,
        5.167,
        4.403,
        0,
        5.4,
        -3.771,
        0,
        5.667,
        2.689,
        0,
        5.967,
        -1.513,
        0,
        6.267,
        2.467,
        0,
        6.533,
        -2.606,
        0,
        6.833,
        0.628,
        0,
        6.933,
        0.168,
        0,
        7.1,
        1.581,
        0,
        7.333,
        -1.179
      ]
    },
    {
      "Target": "Parameter",
      "Id": "ParamEyeRGG",
      "FadeInTime": -1.0,
      "FadeOutTime": -1.0,
      "Segments": [
        0,
        0,
        2,
        0.2,
        0,
        2,
        0.233,
        0,
        2,
        0.333,
        0,
        2,
        0.367,
        0,
        2,
        0.4,
        0,
        2,
        0.433,
        0,
        2,
        0.467,
        0,
        0,
        0.633,
        -0.392,
        0,
        0.933,
        0.448,
        0,
        1.233,
        -0.131,
        0,
        1.467,
        0.203,
        0,
        1.7,
        -0.418,
        0,
        1.967,
        0.333,
        0,
        2.267,
        -0.186,
        0,
        2.567,
        0.09,
        0,
        2.867,
        -0.04,
        0,
        3.2,
        0.017,
        0,
        3.5,
        -0.007,
        0,
        3.733,
        0.002,
        0,
        3.867,
        -9.045,
        0,
        4.1,
        24.275,
        0,
        4.3,
        -30,
        2,
        4.4,
        -30,
        0,
        4.633,
        18.694,
        0,
        4.933,
        -7.554,
        0,
        5.167,
        4.403,
        0,
        5.4,
        -3.771,
        0,
        5.667,
        2.689,
        0,
        5.967,
        -1.513,
        0,
        6.267,
        2.467,
        0,
        6.533,
        -2.606,
        0,
        6.833,
        0.628,
        0,
        6.933,
        0.168,
        0,
        7.1,
        1.581,
        0,
        7.333,
        -1.179
      ]
    },
    {
      "Target": "Parameter",
      "Id": "ZD_BustLMotionY_L",
      "FadeInTime": -1.0,
      "FadeOutTime": -1.0,
      "Segments": [
        0,
        -0.006,
        0,
        0.3,
        0.006,
        0,
        0.833,
        -3.511,
        0,
        1.4,
        4.775,
        0,
        1.9,
        -3.504,
        0,
        2.367,
        1.711,
        0,
        2.767,
        -1,
        0,
        3.233,
        1.175,
        0,
        3.867,
        -3.362,
        0,
        4.233,
        9.098,
        0,
        4.6,
        -10.104,
        0,
        5.033,
        7.659,
        0,
        5.433,
        -5.48,
        0,
        5.833,
        3.223,
        0,
        6.3,
        -2.169,
        0,
        6.733,
        1.272,
        0,
        7.2,
        -0.636,
        0,
        7.333,
        -0.33
      ]
    },
    {
      "Target": "Parameter",
      "Id": "ZD_BustLMotionX_L",
      "FadeInTime": -1.0,
      "FadeOutTime": -1.0,
      "Segments": [
        0,
        0,
        2,
        1,
        0,
        0,
        1.367,
        -0.868,
        0,
        1.467,
        -0.834,
        0,
        1.5,
        -0.844,
        0,
        1.533,
        -0.84,
        0,
        1.967,
        -1.151,
        0,
        2.367,
        -0.129,
        0,
        2.5,
        -0.167,
        0,
        3.033,
        0.206,
        2,
        3.067,
        0.206,
        0,
        3.833,
        6.303,
        0,
        4.267,
        -5.431,
        0,
        4.567,
        1.898,
        0,
        4.867,
        -0.666,
        0,
        5.167,
        0.232,
        0,
        5.5,
        -0.082,
        0,
        5.8,
        0.029,
        0,
        6.367,
        -3.847,
        0,
        6.933,
        2.031,
        0,
        7.267,
        -0.752,
        0,
        7.333,
        -0.548
      ]
    },
    {
      "Target": "Parameter",
      "Id": "ZD_BustRMotionY_L",
      "FadeInTime": -1.0,
      "FadeOutTime": -1.0,
      "Segments": [
        0,
        -0.006,
        0,
        0.3,
        0.006,
        0,
        0.833,
        -3.511,
        0,
        1.4,
        4.775,
        0,
        1.9,
        -3.504,
        0,
        2.367,
        1.711,
        0,
        2.767,
        -1,
        0,
        3.233,
        1.175,
        0,
        3.867,
        -3.362,
        0,
        4.233,
        9.098,
        0,
        4.6,
        -10.104,
        0,
        5.033,
        7.659,
        0,
        5.433,
        -5.48,
        0,
        5.833,
        3.223,
        0,
        6.3,
        -2.169,
        0,
        6.733,
        1.272,
        0,
        7.2,
        -0.636,
        0,
        7.333,
        -0.33
      ]
    },
    {
      "Target": "Parameter",
      "Id": "ZD_BustRMotionX_L",
      "FadeInTime": -1.0,
      "FadeOutTime": -1.0,
      "Segments": [
        0,
        0,
        2,
        1,
        0,
        0,
        1.367,
        -0.868,
        0,
        1.467,
        -0.834,
        0,
        1.5,
        -0.844,
        0,
        1.533,
        -0.84,
        0,
        1.967,
        -1.151,
        0,
        2.367,
        -0.129,
        0,
        2.5,
        -0.167,
        0,
        3.033,
        0.206,
        2,
        3.067,
        0.206,
        0,
        3.833,
        6.303,
        0,
        4.267,
        -5.431,
        0,
        4.567,
        1.898,
        0,
        4.867,
        -0.666,
        0,
        5.167,
        0.232,
        0,
        5.5,
        -0.082,
        0,
        5.8,
        0.029,
        0,
        6.367,
        -3.847,
        0,
        6.933,
        2.031,
        0,
        7.267,
        -0.752,
        0,
        7.333,
        -0.548
      ]
    },
    {
      "Target": "Parameter",
      "Id": "ZD_BustLMotionY_X",
      "FadeInTime": -1.0,
      "FadeOutTime": -1.0,
      "Segments": [
        0,
        -0.016,
        0,
        0.433,
        0.01,
        0,
        0.467,
        0.009,
        0,
        0.6,
        0.607,
        0,
        1.033,
        -7.08,
        0,
        1.6,
        6.442,
        0,
        2.067,
        -4.398,
        0,
        2.5,
        2.622,
        0,
        2.9,
        -1.936,
        0,
        3.4,
        1.918,
        0,
        4.033,
        -7.28,
        0,
        4.4,
        17.441,
        0,
        4.767,
        -16.731,
        0,
        5.167,
        14.036,
        0,
        5.567,
        -9.574,
        0,
        5.967,
        5.564,
        0,
        6.4,
        -3.477,
        0,
        6.867,
        1.739,
        0,
        7.333,
        -0.963
      ]
    },
    {
      "Target": "Parameter",
      "Id": "ZD_BustLMotionX_X",
      "FadeInTime": -1.0,
      "FadeOutTime": -1.0,
      "Segments": [
        0,
        0,
        2,
        1,
        0,
        0,
        1.167,
        0.37,
        0,
        1.433,
        -0.265,
        0,
        1.733,
        0.175,
        0,
        2.133,
        -0.383,
        0,
        2.433,
        0.292,
        0,
        2.733,
        -0.187,
        0,
        3.067,
        0.088,
        0,
        3.4,
        -0.491,
        0,
        3.633,
        -0.171,
        0,
        3.767,
        -0.826,
        0,
        4.067,
        2.958,
        0,
        4.4,
        -5.083,
        0,
        4.7,
        3.67,
        0,
        5,
        -1.966,
        0,
        5.3,
        0.93,
        0,
        5.633,
        -0.409,
        0,
        5.933,
        0.176,
        0,
        6.067,
        0.046,
        0,
        6.233,
        1.375,
        0,
        6.533,
        -1.822,
        0,
        6.8,
        0.371,
        0,
        6.933,
        -0.03,
        0,
        7.133,
        1.318,
        0,
        7.333,
        -0.926
      ]
    },
    {
      "Target": "Parameter",
      "Id": "ZD_BustRMotionY_X",
      "FadeInTime": -1.0,
      "FadeOutTime": -1.0,
      "Segments": [
        0,
        -0.016,
        0,
        0.433,
        0.01,
        0,
        0.467,
        0.009,
        0,
        0.6,
        0.607,
        0,
        1.033,
        -7.08,
        0,
        1.6,
        6.442,
        0,
        2.067,
        -4.398,
        0,
        2.5,
        2.622,
        0,
        2.9,
        -1.936,
        0,
        3.4,
        1.918,
        0,
        4.033,
        -7.28,
        0,
        4.4,
        17.441,
        0,
        4.767,
        -16.731,
        0,
        5.167,
        14.036,
        0,
        5.567,
        -9.574,
        0,
        5.967,
        5.564,
        0,
        6.4,
        -3.477,
        0,
        6.867,
        1.739,
        0,
        7.333,
        -0.963
      ]
    },
    {
      "Target": "Parameter",
      "Id": "ZD_BustRMotionX_X",
      "FadeInTime": -1.0,
      "FadeOutTime": -1.0,
      "Segments": [
        0,
        0,
        2,
        1,
        0,
        0,
        1.167,
        0.37,
        0,
        1.433,
        -0.265,
        0,
        1.733,
        0.175,
        0,
        2.133,
        -0.383,
        0,
        2.433,
        0.292,
        0,
        2.733,
        -0.187,
        0,
        3.067,
        0.088,
        0,
        3.4,
        -0.491,
        0,
        3.633,
        -0.171,
        0,
        3.767,
        -0.826,
        0,
        4.067,
        2.958,
        0,
        4.4,
        -5.083,
        0,
        4.7,
        3.67,
        0,
        5,
        -1.966,
        0,
        5.3,
        0.93,
        0,
        5.633,
        -0.409,
        0,
        5.933,
        0.176,
        0,
        6.067,
        0.046,
        0,
        6.233,
        1.375,
        0,
        6.533,
        -1.822,
        0,
        6.8,
        0.371,
        0,
        6.933,
        -0.03,
        0,
        7.133,
        1.318,
        0,
        7.333,
        -0.926
      ]
    },
    {
      "Target": "Parameter",
      "Id": "dudai1",
      "FadeInTime": -1.0,
      "FadeOutTime": -1.0,
      "Segments": [
        0,
        0,
        0,
        0.367,
        -0.045,
        1,
        0.4,
        -0.045,
        0.434,
        -0.099,
        0.467,
        0,
        1,
        0.711,
        0.723,
        0.956,
        1.579,
        1.2,
        1.579,
        0,
        1.7,
        -4.504,
        0,
        2.233,
        6.374,
        0,
        2.733,
        -6.578,
        0,
        3.233,
        5.272,
        0,
        3.7,
        -3.719,
        0,
        4.167,
        2.149,
        0,
        4.6,
        -3,
        0,
        5,
        7.753,
        0,
        5.433,
        -11.664,
        0,
        5.9,
        11.724,
        0,
        6.333,
        -9.249,
        0,
        6.8,
        6.724,
        0,
        7.267,
        -5.255,
        0,
        7.333,
        0
      ]
    },
    {
      "Target": "Parameter",
      "Id": "dudai2",
      "FadeInTime": -1.0,
      "FadeOutTime": -1.0,
      "Segments": [
        0,
        0,
        0,
        0.4,
        0.005,
        2,
        0.433,
        0.005,
        0,
        0.467,
        0,
        1,
        0.478,
        0,
        0.489,
        -0.025,
        0.5,
        0.004,
        1,
        0.678,
        0.477,
        0.855,
        1.597,
        1.033,
        1.597,
        0,
        1.5,
        -3.9,
        0,
        2.033,
        4.861,
        0,
        2.533,
        -4.688,
        0,
        3,
        3.504,
        0,
        3.467,
        -2.345,
        0,
        3.933,
        1.26,
        0,
        4.4,
        -3.018,
        0,
        4.8,
        7.767,
        0,
        5.233,
        -10.715,
        0,
        5.667,
        10.015,
        0,
        6.1,
        -7.387,
        0,
        6.533,
        5.114,
        0,
        7,
        -3.712,
        0,
        7.333,
        0
      ]
    },
    {
      "Target": "Parameter",
      "Id": "dudai3",
      "FadeInTime": -1.0,
      "FadeOutTime": -1.0,
      "Segments": [
        0,
        0,
        0,
        0.367,
        -0.045,
        1,
        0.4,
        -0.045,
        0.434,
        -0.099,
        0.467,
        0,
        1,
        0.711,
        0.723,
        0.956,
        1.579,
        1.2,
        1.579,
        0,
        1.7,
        -4.504,
        0,
        2.233,
        6.374,
        0,
        2.733,
        -6.578,
        0,
        3.233,
        5.272,
        0,
        3.7,
        -3.719,
        0,
        4.167,
        2.149,
        0,
        4.6,
        -3,
        0,
        5,
        7.753,
        0,
        5.433,
        -11.664,
        0,
        5.9,
        11.724,
        0,
        6.333,
        -9.249,
        0,
        6.8,
        6.724,
        0,
        7.267,
        -5.255,
        0,
        7.333,
        0
      ]
    },
    {
      "Target": "Parameter",
      "Id": "dudai4",
      "FadeInTime": -1.0,
      "FadeOutTime": -1.0,
      "Segments": [
        0,
        0,
        0,
        0.4,
        0.005,
        2,
        0.433,
        0.005,
        0,
        0.467,
        0,
        1,
        0.478,
        0,
        0.489,
        -0.025,
        0.5,
        0.004,
        1,
        0.678,
        0.477,
        0.855,
        1.597,
        1.033,
        1.597,
        0,
        1.5,
        -3.9,
        0,
        2.033,
        4.861,
        0,
        2.533,
        -4.688,
        0,
        3,
        3.504,
        0,
        3.467,
        -2.345,
        0,
        3.933,
        1.26,
        0,
        4.4,
        -3.018,
        0,
        4.8,
        7.767,
        0,
        5.233,
        -10.715,
        0,
        5.667,
        10.015,
        0,
        6.1,
        -7.387,
        0,
        6.533,
        5.114,
        0,
        7,
        -3.712,
        0,
        7.333,
        0
      ]
    },
    {
      "Target": "Parameter",
      "Id": "menyshou",
      "FadeInTime": -1.0,
      "FadeOutTime": -1.0,
      "Segments": [
        0,
        -30,
        0,
        7.333,
        -30
      ]
    },
    {
      "Target": "Parameter",
      "Id": "heikuang",
      "FadeInTime": -1.0,
      "FadeOutTime": -1.0,
      "Segments": [
        0,
        0,
        0,
        7.333,
        0
      ]
    },
    {
      "Target": "Parameter",
      "Id": "All_X",
      "FadeInTime": -1.0,
      "FadeOutTime": -1.0,
      "Segments": [
        0,
        0,
        0,
        7.333,
        0
      ]
    },
    {
      "Target": "Parameter",
      "Id": "All_Y",
      "FadeInTime": -1.0,
      "FadeOutTime": -1.0,
      "Segments": [
        0,
        0,
        0,
        7.333,
        0
      ]
    },
    {
      "Target": "Parameter",
      "Id": "All_Size",
      "FadeInTime": -1.0,
      "FadeOutTime": -1.0,
      "Segments": [
        0,
        0,
        0,
        7.333,
        0
      ]
    },
    {
      "Target": "Parameter",
      "Id": "All_Angle",
      "FadeInTime": -1.0,
      "FadeOutTime": -1.0,
      "Segments": [
        0,
        0,
        0,
        7.333,
        0
      ]
    },
    {
      "Target": "Parameter",
      "Id": "man_X",
      "FadeInTime": -1.0,
      "FadeOutTime": -1.0,
      "Segments": [
        0,
        0,
        0,
        7.333,
        0
      ]
    },
    {
      "Target": "Parameter",
      "Id": "man_Y",
      "FadeInTime": -1.0,
      "FadeOutTime": -1.0,
      "Segments": [
        0,
        0,
        0,
        7.333,
        0
      ]
    },
    {
      "Target": "Parameter",
      "Id": "man_Angle",
      "FadeInTime": -1.0,
      "FadeOutTime": -1.0,
      "Segments": [
        0,
        0,
        0,
        7.333,
        0
      ]
    },
    {
      "Target": "Parameter",
      "Id": "man_Size",
      "FadeInTime": -1.0,
      "FadeOutTime": -1.0,
      "Segments": [
        0,
        0,
        0,
        7.333,
        0
      ]
    },
    {
      "Target": "Parameter",
      "Id": "FG_Black",
      "FadeInTime": -1.0,
      "FadeOutTime": -1.0,
      "Segments": [
        0,
        0,
        0,
        7.333,
        0
      ]
    },
    {
      "Target": "Parameter",
      "Id": "BG_White",
      "FadeInTime": -1.0,
      "FadeOutTime": -1.0,
      "Segments": [
        0,
        0,
        0,
        7.333,
        0
      ]
    },
    {
      "Target": "Parameter",
      "Id": "huangguang",
      "FadeInTime": -1.0,
      "FadeOutTime": -1.0,
      "Segments": [
        0,
        0,
        0,
        7.333,
        0
      ]
    },
    {
      "Target": "Parameter",
      "Id": "FG_White",
      "FadeInTime": -1.0,
      "FadeOutTime": -1.0,
      "Segments": [
        0,
        0,
        0,
        7.333,
        0
      ]
    },
    {
      "Target": "Parameter",
      "Id": "xgbquan",
      "FadeInTime": -1.0,
      "FadeOutTime": -1.0,
      "Segments": [
        0,
        0,
        0,
        7.333,
        0
      ]
    },
    {
      "Target": "Parameter",
      "Id": "FG_White2",
      "FadeInTime": -1.0,
      "FadeOutTime": -1.0,
      "Segments": [
        0,
        0,
        0,
        7.333,
        0
      ]
    },
    {
      "Target": "Parameter",
      "Id": "qfwyid",
      "FadeInTime": -1.0,
      "FadeOutTime": -1.0,
      "Segments": [
        0,
        0,
        0,
        7.333,
        0
      ]
    },
    {
      "Target": "Parameter",
      "Id": "BG_Black",
      "FadeInTime": -1.0,
      "FadeOutTime": -1.0,
      "Segments": [
        0,
        0,
        0,
        7.333,
        0
      ]
    },
    {
      "Target": "Parameter",
      "Id": "ParamMouthCDisplay",
      "FadeInTime": -1.0,
      "FadeOutTime": -1.0,
      "Segments": [
        0,
        0,
        0,
        7.333,
        0
      ]
    },
    {
      "Target": "Parameter",
      "Id": "ParamForearmLLayer2",
      "FadeInTime": -1.0,
      "FadeOutTime": -1.0,
      "Segments": [
        0,
        0,
        0,
        7.333,
        0
      ]
    },
    {
      "Target": "Parameter",
      "Id": "ParamHandLChange",
      "FadeInTime": -1.0,
      "FadeOutTime": -1.0,
      "Segments": [
        0,
        0,
        0,
        7.333,
        0
      ]
    },
    {
      "Target": "Parameter",
      "Id": "ParamHandL1Display",
      "FadeInTime": -1.0,
      "FadeOutTime": -1.0,
      "Segments": [
        0,
        0,
        0,
        7.333,
        0
      ]
    },
    {
      "Target": "Parameter",
      "Id": "ParamHandL2Display",
      "FadeInTime": -1.0,
      "FadeOutTime": -1.0,
      "Segments": [
        0,
        0,
        0,
        7.333,
        0
      ]
    },
    {
      "Target": "Parameter",
      "Id": "ParamForearmL_C",
      "FadeInTime": -1.0,
      "FadeOutTime": -1.0,
      "Segments": [
        0,
        0,
        0,
        7.333,
        0
      ]
    },
    {
      "Target": "Parameter",
      "Id": "zuoshoudaxiao",
      "FadeInTime": -1.0,
      "FadeOutTime": -1.0,
      "Segments": [
        0,
        0,
        0,
        7.333,
        0
      ]
    },
    {
      "Target": "Parameter",
      "Id": "ParamForearmLAngleX",
      "FadeInTime": -1.0,
      "FadeOutTime": -1.0,
      "Segments": [
        0,
        0,
        0,
        7.333,
        0
      ]
    },
    {
      "Target": "Parameter",
      "Id": "ParamForearmLAngleY",
      "FadeInTime": -1.0,
      "FadeOutTime": -1.0,
      "Segments": [
        0,
        0,
        0,
        7.333,
        0
      ]
    },
    {
      "Target": "Parameter",
      "Id": "ParamHandLAngleX",
      "FadeInTime": -1.0,
      "FadeOutTime": -1.0,
      "Segments": [
        0,
        0,
        0,
        7.333,
        0
      ]
    },
    {
      "Target": "Parameter",
      "Id": "ParamHandLAngleY",
      "FadeInTime": -1.0,
      "FadeOutTime": -1.0,
      "Segments": [
        0,
        0,
        0,
        7.333,
        0
      ]
    },
    {
      "Target": "Parameter",
      "Id": "ParamArmLChange",
      "FadeInTime": -1.0,
      "FadeOutTime": -1.0,
      "Segments": [
        0,
        0,
        0,
        7.333,
        0
      ]
    },
    {
      "Target": "Parameter",
      "Id": "ParamForearmRAngleX",
      "FadeInTime": -1.0,
      "FadeOutTime": -1.0,
      "Segments": [
        0,
        0,
        0,
        7.333,
        0
      ]
    },
    {
      "Target": "Parameter",
      "Id": "ParamForearmRAngleY",
      "FadeInTime": -1.0,
      "FadeOutTime": -1.0,
      "Segments": [
        0,
        0,
        0,
        7.333,
        0
      ]
    },
    {
      "Target": "Parameter",
      "Id": "ParamHandRAngleX",
      "FadeInTime": -1.0,
      "FadeOutTime": -1.0,
      "Segments": [
        0,
        0,
        0,
        7.333,
        0
      ]
    },
    {
      "Target": "Parameter",
      "Id": "ParamHandRAngleY",
      "FadeInTime": -1.0,
      "FadeOutTime": -1.0,
      "Segments": [
        0,
        0,
        0,
        7.333,
        0
      ]
    },
    {
      "Target": "Parameter",
      "Id": "ParamArmRChange",
      "FadeInTime": -1.0,
      "FadeOutTime": -1.0,
      "Segments": [
        0,
        0,
        0,
        7.333,
        0
      ]
    },
    {
      "Target": "Parameter",
      "Id": "ParamArmRStretch",
      "FadeInTime": -1.0,
      "FadeOutTime": -1.0,
      "Segments": [
        0,
        0,
        0,
        7.333,
        0
      ]
    },
    {
      "Target": "Parameter",
      "Id": "ParamForearmRLayer",
      "FadeInTime": -1.0,
      "FadeOutTime": -1.0,
      "Segments": [
        0,
        -30,
        0,
        7.333,
        -30
      ]
    },
    {
      "Target": "Parameter",
      "Id": "ParamForearmRAngle",
      "FadeInTime": -1.0,
      "FadeOutTime": -1.0,
      "Segments": [
        0,
        0,
        0,
        7.333,
        0
      ]
    },
    {
      "Target": "Parameter",
      "Id": "ParamForearmRChange",
      "FadeInTime": -1.0,
      "FadeOutTime": -1.0,
      "Segments": [
        0,
        0,
        0,
        7.333,
        0
      ]
    },
    {
      "Target": "Parameter",
      "Id": "ParamHandRStretch",
      "FadeInTime": -1.0,
      "FadeOutTime": -1.0,
      "Segments": [
        0,
        0,
        0,
        7.333,
        0
      ]
    },
    {
      "Target": "Parameter",
      "Id": "ParamHandRAngle",
      "FadeInTime": -1.0,
      "FadeOutTime": -1.0,
      "Segments": [
        0,
        0,
        0,
        7.333,
        0
      ]
    },
    {
      "Target": "Parameter",
      "Id": "ParamHandRChange",
      "FadeInTime": -1.0,
      "FadeOutTime": -1.0,
      "Segments": [
        0,
        0,
        0,
        7.333,
        0
      ]
    },
    {
      "Target": "Parameter",
      "Id": "ParamHandRAnimation",
      "FadeInTime": -1.0,
      "FadeOutTime": -1.0,
      "Segments": [
        0,
        0,
        0,
        7.333,
        0
      ]
    },
    {
      "Target": "Parameter",
      "Id": "ParamHandRREDisplay",
      "FadeInTime": -1.0,
      "FadeOutTime": -1.0,
      "Segments": [
        0,
        30,
        0,
        7.333,
        30
      ]
    },
    {
      "Target": "Parameter",
      "Id": "ParamHandR1Display",
      "FadeInTime": -1.0,
      "FadeOutTime": -1.0,
      "Segments": [
        0,
        0,
        0,
        7.333,
        0
      ]
    },
    {
      "Target": "Parameter",
      "Id": "ParamHandR2Display",
      "FadeInTime": -1.0,
      "FadeOutTime": -1.0,
      "Segments": [
        0,
        0,
        0,
        7.333,
        0
      ]
    },
    {
      "Target": "Parameter",
      "Id": "ParamHandR3Display",
      "FadeInTime": -1.0,
      "FadeOutTime": -1.0,
      "Segments": [
        0,
        0,
        0,
        7.333,
        0
      ]
    },
    {
      "Target": "Parameter",
      "Id": "ParamHandR4Display",
      "FadeInTime": -1.0,
      "FadeOutTime": -1.0,
      "Segments": [
        0,
        0,
        0,
        7.333,
        0
      ]
    },
    {
      "Target": "Parameter",
      "Id": "ParamHandR9Display",
      "FadeInTime": -1.0,
      "FadeOutTime": -1.0,
      "Segments": [
        0,
        0,
        0,
        7.333,
        0
      ]
    },
    {
      "Target": "Parameter",
      "Id": "ParamForearmR_A",
      "FadeInTime": -1.0,
      "FadeOutTime": -1.0,
      "Segments": [
        0,
        30,
        0,
        7.333,
        30
      ]
    },
    {
      "Target": "Parameter",
      "Id": "ParamForearmR_B",
      "FadeInTime": -1.0,
      "FadeOutTime": -1.0,
      "Segments": [
        0,
        0,
        0,
        7.333,
        0
      ]
    },
    {
      "Target": "Parameter",
      "Id": "ParamForearmR_C",
      "FadeInTime": -1.0,
      "FadeOutTime": -1.0,
      "Segments": [
        0,
        0,
        0,
        7.333,
        0
      ]
    },
    {
      "Target": "Parameter",
      "Id": "youshoouxiu",
      "FadeInTime": -1.0,
      "FadeOutTime": -1.0,
      "Segments": [
        0,
        30,
        0,
        7.333,
        30
      ]
    },
    {
      "Target": "Parameter",
      "Id": "ParamArmR_A",
      "FadeInTime": -1.0,
      "FadeOutTime": -1.0,
      "Segments": [
        0,
        0,
        0,
        7.333,
        0
      ]
    },
    {
      "Target": "Parameter",
      "Id": "biguodu",
      "FadeInTime": -1.0,
      "FadeOutTime": -1.0,
      "Segments": [
        0,
        0,
        0,
        7.333,
        0
      ]
    },
    {
      "Target": "Parameter",
      "Id": "biguodujiaodu",
      "FadeInTime": -1.0,
      "FadeOutTime": -1.0,
      "Segments": [
        0,
        0,
        0,
        7.333,
        0
      ]
    },
    {
      "Target": "Parameter",
      "Id": "BIGUODUTMD",
      "FadeInTime": -1.0,
      "FadeOutTime": -1.0,
      "Segments": [
        0,
        0,
        0,
        7.333,
        0
      ]
    },
    {
      "Target": "Parameter",
      "Id": "youshoudaxiao",
      "FadeInTime": -1.0,
      "FadeOutTime": -1.0,
      "Segments": [
        0,
        0,
        0,
        7.333,
        0
      ]
    },
    {
      "Target": "Parameter",
      "Id": "zhihen",
      "FadeInTime": -1.0,
      "FadeOutTime": -1.0,
      "Segments": [
        0,
        0,
        0,
        7.333,
        0
      ]
    },
    {
      "Target": "Parameter",
      "Id": "SHENTIY",
      "FadeInTime": -1.0,
      "FadeOutTime": -1.0,
      "Segments": [
        0,
        0,
        0,
        7.333,
        0
      ]
    },
    {
      "Target": "Parameter",
      "Id": "QUANTIX",
      "FadeInTime": -1.0,
      "FadeOutTime": -1.0,
      "Segments": [
        0,
        0,
        0,
        7.333,
        0
      ]
    },
    {
      "Target": "Parameter",
      "Id": "QUANTIY",
      "FadeInTime": -1.0,
      "FadeOutTime": -1.0,
      "Segments": [
        0,
        0,
        0,
        7.333,
        0
      ]
    },
    {
      "Target": "Parameter",
      "Id": "ParamShoulderLStretch",
      "FadeInTime": -1.0,
      "FadeOutTime": -1.0,
      "Segments": [
        0,
        0,
        0,
        7.333,
        0
      ]
    },
    {
      "Target": "Parameter",
      "Id": "ParamShoulderRStretch",
      "FadeInTime": -1.0,
      "FadeOutTime": -1.0,
      "Segments": [
        0,
        0,
        0,
        7.333,
        0
      ]
    },
    {
      "Target": "Parameter",
      "Id": "ParamLegLStretch",
      "FadeInTime": -1.0,
      "FadeOutTime": -1.0,
      "Segments": [
        0,
        0,
        0,
        7.333,
        0
      ]
    },
    {
      "Target": "Parameter",
      "Id": "ParamCrusLAngle",
      "FadeInTime": -1.0,
      "FadeOutTime": -1.0,
      "Segments": [
        0,
        0,
        0,
        7.333,
        0
      ]
    },
    {
      "Target": "Parameter",
      "Id": "ParamCrusLStretch",
      "FadeInTime": -1.0,
      "FadeOutTime": -1.0,
      "Segments": [
        0,
        0,
        0,
        7.333,
        0
      ]
    },
    {
      "Target": "Parameter",
      "Id": "ParamFooxz",
      "FadeInTime": -1.0,
      "FadeOutTime": -1.0,
      "Segments": [
        0,
        0,
        0,
        7.333,
        0
      ]
    },
    {
      "Target": "Parameter",
      "Id": "ParamFoodLAngle",
      "FadeInTime": -1.0,
      "FadeOutTime": -1.0,
      "Segments": [
        0,
        0,
        0,
        7.333,
        0
      ]
    },
    {
      "Target": "Parameter",
      "Id": "ParamCrusLLayer",
      "FadeInTime": -1.0,
      "FadeOutTime": -1.0,
      "Segments": [
        0,
        0,
        0,
        7.333,
        0
      ]
    },
    {
      "Target": "Parameter",
      "Id": "NULL1",
      "FadeInTime": -1.0,
      "FadeOutTime": -1.0,
      "Segments": [
        0,
        0,
        0,
        7.333,
        0
      ]
    },
    {
      "Target": "Parameter",
      "Id": "NULL2",
      "FadeInTime": -1.0,
      "FadeOutTime": -1.0,
      "Segments": [
        0,
        0,
        0,
        7.333,
        0
      ]
    },
    {
      "Target": "Parameter",
      "Id": "NULL3",
      "FadeInTime": -1.0,
      "FadeOutTime": -1.0,
      "Segments": [
        0,
        0,
        0,
        7.333,
        0
      ]
    },
    {
      "Target": "Parameter",
      "Id": "rtuiqei",
      "FadeInTime": -1.0,
      "FadeOutTime": -1.0,
      "Segments": [
        0,
        0,
        0,
        7.333,
        0
      ]
    },
    {
      "Target": "Parameter",
      "Id": "ParamLegRAngle",
      "FadeInTime": -1.0,
      "FadeOutTime": -1.0,
      "Segments": [
        0,
        0,
        0,
        7.333,
        0
      ]
    },
    {
      "Target": "Parameter",
      "Id": "ParamLegRStretch",
      "FadeInTime": -1.0,
      "FadeOutTime": -1.0,
      "Segments": [
        0,
        0,
        0,
        7.333,
        0
      ]
    },
    {
      "Target": "Parameter",
      "Id": "ParamFoodRAngle",
      "FadeInTime": -1.0,
      "FadeOutTime": -1.0,
      "Segments": [
        0,
        0,
        0,
        7.333,
        0
      ]
    },
    {
      "Target": "Parameter",
      "Id": "ParamFoodRChange",
      "FadeInTime": -1.0,
      "FadeOutTime": -1.0,
      "Segments": [
        0,
        0,
        0,
        7.333,
        0
      ]
    },
    {
      "Target": "Parameter",
      "Id": "ParamCrusRStretch",
      "FadeInTime": -1.0,
      "FadeOutTime": -1.0,
      "Segments": [
        0,
        0,
        0,
        7.333,
        0
      ]
    },
    {
      "Target": "Parameter",
      "Id": "ParamCrusRLayer",
      "FadeInTime": -1.0,
      "FadeOutTime": -1.0,
      "Segments": [
        0,
        0,
        0,
        7.333,
        0
      ]
    },
    {
      "Target": "Parameter",
      "Id": "siwalq2",
      "FadeInTime": -1.0,
      "FadeOutTime": -1.0,
      "Segments": [
        0,
        0,
        0,
        7.333,
        0
      ]
    },
    {
      "Target": "Parameter",
      "Id": "siwalq",
      "FadeInTime": -1.0,
      "FadeOutTime": -1.0,
      "Segments": [
        0,
        0,
        0,
        7.333,
        0
      ]
    },
    {
      "Target": "Parameter",
      "Id": "laswX",
      "FadeInTime": -1.0,
      "FadeOutTime": -1.0,
      "Segments": [
        0,
        0,
        0,
        7.333,
        0
      ]
    },
    {
      "Target": "Parameter",
      "Id": "laswY",
      "FadeInTime": -1.0,
      "FadeOutTime": -1.0,
      "Segments": [
        0,
        0,
        0,
        7.333,
        0
      ]
    },
    {
      "Target": "Parameter",
      "Id": "rdatuitan",
      "FadeInTime": -1.0,
      "FadeOutTime": -1.0,
      "Segments": [
        0,
        0,
        0,
        7.333,
        0
      ]
    },
    {
      "Target": "Parameter",
      "Id": "rxtuir",
      "FadeInTime": -1.0,
      "FadeOutTime": -1.0,
      "Segments": [
        0,
        0,
        0,
        7.333,
        0
      ]
    },
    {
      "Target": "Parameter",
      "Id": "rxtuir2",
      "FadeInTime": -1.0,
      "FadeOutTime": -1.0,
      "Segments": [
        0,
        0,
        0,
        7.333,
        0
      ]
    },
    {
      "Target": "Parameter",
      "Id": "ldtuir1",
      "FadeInTime": -1.0,
      "FadeOutTime": -1.0,
      "Segments": [
        0,
        0,
        0,
        7.333,
        0
      ]
    },
    {
      "Target": "Parameter",
      "Id": "ldtuir2",
      "FadeInTime": -1.0,
      "FadeOutTime": -1.0,
      "Segments": [
        0,
        0,
        0,
        7.333,
        0
      ]
    },
    {
      "Target": "Parameter",
      "Id": "lxtuir1",
      "FadeInTime": -1.0,
      "FadeOutTime": -1.0,
      "Segments": [
        0,
        0,
        0,
        7.333,
        0
      ]
    },
    {
      "Target": "Parameter",
      "Id": "lxtuir2",
      "FadeInTime": -1.0,
      "FadeOutTime": -1.0,
      "Segments": [
        0,
        0,
        0,
        7.333,
        0
      ]
    },
    {
      "Target": "Parameter",
      "Id": "Param",
      "FadeInTime": -1.0,
      "FadeOutTime": -1.0,
      "Segments": [
        0,
        0,
        0,
        7.333,
        0
      ]
    },
    {
      "Target": "Parameter",
      "Id": "wanyaoqb",
      "FadeInTime": -1.0,
      "FadeOutTime": -1.0,
      "Segments": [
        0,
        0,
        0,
        7.333,
        0
      ]
    },
    {
      "Target": "Parameter",
      "Id": "lquncji",
      "FadeInTime": -1.0,
      "FadeOutTime": -1.0,
      "Segments": [
        0,
        0,
        0,
        7.333,
        0
      ]
    },
    {
      "Target": "Parameter",
      "Id": "ParamArmLAngleX",
      "FadeInTime": -1.0,
      "FadeOutTime": -1.0,
      "Segments": [
        0,
        0,
        0,
        7.333,
        0
      ]
    },
    {
      "Target": "Parameter",
      "Id": "ParamMouthOpenY",
      "FadeInTime": -1.0,
      "FadeOutTime": -1.0,
      "Segments": [
        0,
        0,
        0,
        7.333,
        0
      ]
    },
    {
      "Target": "Parameter",
      "Id": "sdParamMouthOpenY",
      "FadeInTime": -1.0,
      "FadeOutTime": -1.0,
      "Segments": [
        0,
        0,
        0,
        7.333,
        0
      ]
    },
    {
      "Target": "Parameter",
      "Id": "ParamMouthOpenYSD",
      "FadeInTime": -1.0,
      "FadeOutTime": -1.0,
      "Segments": [
        0,
        0,
        0,
        7.333,
        0
      ]
    },
    {
      "Target": "Parameter",
      "Id": "ParamMouthADisplay",
      "FadeInTime": -1.0,
      "FadeOutTime": -1.0,
      "Segments": [
        0,
        0,
        0,
        7.333,
        0
      ]
    },
    {
      "Target": "Parameter",
      "Id": "ParamMouthBDisplay",
      "FadeInTime": -1.0,
      "FadeOutTime": -1.0,
      "Segments": [
        0,
        0,
        0,
        7.333,
        0
      ]
    },
    {
      "Target": "Parameter",
      "Id": "ParamBrowLForm",
      "FadeInTime": -1.0,
      "FadeOutTime": -1.0,
      "Segments": [
        0,
        0,
        0,
        7.333,
        0
      ]
    },
    {
      "Target": "Parameter",
      "Id": "ParamBrowRForm",
      "FadeInTime": -1.0,
      "FadeOutTime": -1.0,
      "Segments": [
        0,
        0,
        0,
        7.333,
        0
      ]
    },
    {
      "Target": "Parameter",
      "Id": "lianhong",
      "FadeInTime": -1.0,
      "FadeOutTime": -1.0,
      "Segments": [
        0,
        0,
        0,
        7.333,
        0
      ]
    },
    {
      "Target": "Parameter",
      "Id": "koushuishangxia",
      "FadeInTime": -1.0,
      "FadeOutTime": -1.0,
      "Segments": [
        0,
        0,
        0,
        7.333,
        0
      ]
    },
    {
      "Target": "Parameter",
      "Id": "koushuizuoyou",
      "FadeInTime": -1.0,
      "FadeOutTime": -1.0,
      "Segments": [
        0,
        0,
        0,
        7.333,
        0
      ]
    },
    {
      "Target": "Parameter",
      "Id": "koushuijiaodu",
      "FadeInTime": -1.0,
      "FadeOutTime": -1.0,
      "Segments": [
        0,
        0,
        0,
        7.333,
        0
      ]
    },
    {
      "Target": "Parameter",
      "Id": "koushuiyaobai",
      "FadeInTime": -1.0,
      "FadeOutTime": -1.0,
      "Segments": [
        0,
        0,
        0,
        7.333,
        0
      ]
    },
    {
      "Target": "Parameter",
      "Id": "koushuichangduan",
      "FadeInTime": -1.0,
      "FadeOutTime": -1.0,
      "Segments": [
        0,
        0,
        0,
        7.333,
        0
      ]
    },
    {
      "Target": "Parameter",
      "Id": "jixiong",
      "FadeInTime": -1.0,
      "FadeOutTime": -1.0,
      "Segments": [
        0,
        0,
        0,
        7.333,
        0
      ]
    },
    {
      "Target": "Parameter",
      "Id": "SD_BustMotionY_L",
      "FadeInTime": -1.0,
      "FadeOutTime": -1.0,
      "Segments": [
        0,
        0,
        0,
        7.333,
        0
      ]
    },
    {
      "Target": "Parameter",
      "Id": "SD_BustMotionY_L2",
      "FadeInTime": -1.0,
      "FadeOutTime": -1.0,
      "Segments": [
        0,
        0,
        0,
        7.333,
        0
      ]
    },
    {
      "Target": "Parameter",
      "Id": "SD_BustMotionY_X",
      "FadeInTime": -1.0,
      "FadeOutTime": -1.0,
      "Segments": [
        0,
        0,
        0,
        7.333,
        0
      ]
    },
    {
      "Target": "Parameter",
      "Id": "fengeq",
      "FadeInTime": -1.0,
      "FadeOutTime": -1.0,
      "Segments": [
        0,
        0,
        0,
        7.333,
        0
      ]
    },
    {
      "Target": "Parameter",
      "Id": "jihjiu",
      "FadeInTime": -1.0,
      "FadeOutTime": -1.0,
      "Segments": [
        0,
        0,
        0,
        7.333,
        0
      ]
    },
    {
      "Target": "Parameter",
      "Id": "jishen",
      "FadeInTime": -1.0,
      "FadeOutTime": -1.0,
      "Segments": [
        0,
        0,
        0,
        7.333,
        0
      ]
    },
    {
      "Target": "Parameter",
      "Id": "hjjyao",
      "FadeInTime": -1.0,
      "FadeOutTime": -1.0,
      "Segments": [
        0,
        0,
        0,
        7.333,
        0
      ]
    },
    {
      "Target": "Parameter",
      "Id": "jihuxi",
      "FadeInTime": -1.0,
      "FadeOutTime": -1.0,
      "Segments": [
        0,
        0,
        0,
        7.333,
        0
      ]
    },
    {
      "Target": "Parameter",
      "Id": "jimao1",
      "FadeInTime": -1.0,
      "FadeOutTime": -1.0,
      "Segments": [
        0,
        0,
        0,
        7.333,
        0
      ]
    },
    {
      "Target": "Parameter",
      "Id": "jimao2",
      "FadeInTime": -1.0,
      "FadeOutTime": -1.0,
      "Segments": [
        0,
        0,
        0,
        7.333,
        0
      ]
    },
    {
      "Target": "Parameter",
      "Id": "najbq",
      "FadeInTime": -1.0,
      "FadeOutTime": -1.0,
      "Segments": [
        0,
        0,
        0,
        7.333,
        0
      ]
    },
    {
      "Target": "Parameter",
      "Id": "yemiand",
      "FadeInTime": -1.0,
      "FadeOutTime": -1.0,
      "Segments": [
        0,
        0,
        0,
        7.333,
        0
      ]
    },
    {
      "Target": "Parameter",
      "Id": "yemian1",
      "FadeInTime": -1.0,
      "FadeOutTime": -1.0,
      "Segments": [
        0,
        0,
        0,
        7.333,
        0
      ]
    },
    {
      "Target": "Parameter",
      "Id": "yemian2",
      "FadeInTime": -1.0,
      "FadeOutTime": -1.0,
      "Segments": [
        0,
        0,
        0,
        7.333,
        0
      ]
    },
    {
      "Target": "Parameter",
      "Id": "shoujbY",
      "FadeInTime": -1.0,
      "FadeOutTime": -1.0,
      "Segments": [
        0,
        0,
        0,
        7.333,
        0
      ]
    },
    {
      "Target": "Parameter",
      "Id": "shoujbjd",
      "FadeInTime": -1.0,
      "FadeOutTime": -1.0,
      "Segments": [
        0,
        0,
        0,
        7.333,
        0
      ]
    },
    {
      "Target": "Parameter",
      "Id": "shoujbd",
      "FadeInTime": -1.0,
      "FadeOutTime": -1.0,
      "Segments": [
        0,
        0,
        0,
        7.333,
        0
      ]
    },
    {
      "Target": "Parameter",
      "Id": "JIUBEITEXIAO",
      "FadeInTime": -1.0,
      "FadeOutTime": -1.0,
      "Segments": [
        0,
        0,
        0,
        7.333,
        0
      ]
    },
    {
      "Target": "Parameter",
      "Id": "jbeiguang",
      "FadeInTime": -1.0,
      "FadeOutTime": -1.0,
      "Segments": [
        0,
        0,
        0,
        7.333,
        0
      ]
    },
    {
      "Target": "Parameter",
      "Id": "lajbxs",
      "FadeInTime": -1.0,
      "FadeOutTime": -1.0,
      "Segments": [
        0,
        0,
        0,
        7.333,
        0
      ]
    },
    {
      "Target": "Parameter",
      "Id": "touch_drag",
      "FadeInTime": -1.0,
      "FadeOutTime": -1.0,
      "Segments": [
        0,
        0,
        0,
        7.333,
        0
      ]
    },
    {
      "Target": "Parameter",
      "Id": "xinfxs2",
      "FadeInTime": -1.0,
      "FadeOutTime": -1.0,
      "Segments": [
        0,
        0,
        0,
        7.333,
        0
      ]
    },
    {
      "Target": "Parameter",
      "Id": "xinfxs",
      "FadeInTime": -1.0,
      "FadeOutTime": -1.0,
      "Segments": [
        0,
        0,
        0,
        7.333,
        0
      ]
    },
    {
      "Target": "Parameter",
      "Id": "xfzhuan",
      "FadeInTime": -1.0,
      "FadeOutTime": -1.0,
      "Segments": [
        0,
        -30,
        0,
        7.333,
        -30
      ]
    },
    {
      "Target": "Parameter",
      "Id": "xfxuzna",
      "FadeInTime": -1.0,
      "FadeOutTime": -1.0,
      "Segments": [
        0,
        0,
        0,
        7.333,
        0
      ]
    },
    {
      "Target": "Parameter",
      "Id": "yemian3",
      "FadeInTime": -1.0,
      "FadeOutTime": -1.0,
      "Segments": [
        0,
        0,
        0,
        7.333,
        0
      ]
    },
    {
      "Target": "Parameter",
      "Id": "yemian4",
      "FadeInTime": -1.0,
      "FadeOutTime": -1.0,
      "Segments": [
        0,
        0,
        0,
        7.333,
        0
      ]
    },
    {
      "Target": "Parameter",
      "Id": "NULL4",
      "FadeInTime": -1.0,
      "FadeOutTime": -1.0,
      "Segments": [
        0,
        0,
        0,
        7.333,
        0
      ]
    },
    {
      "Target": "Parameter",
      "Id": "NULL5",
      "FadeInTime": -1.0,
      "FadeOutTime": -1.0,
      "Segments": [
        0,
        0,
        0,
        7.333,
        0
      ]
    },
    {
      "Target": "Parameter",
      "Id": "NULL6",
      "FadeInTime": -1.0,
      "FadeOutTime": -1.0,
      "Segments": [
        0,
        0,
        0,
        7.333,
        0
      ]
    },
    {
      "Target": "Parameter",
      "Id": "ParamArmLAngleY",
      "FadeInTime": -1.0,
      "FadeOutTime": -1.0,
      "Segments": [
        0,
        0,
        0,
        7.333,
        0
      ]
    },
    {
      "Target": "Parameter",
      "Id": "ParamArmRAngleX",
      "FadeInTime": -1.0,
      "FadeOutTime": -1.0,
      "Segments": [
        0,
        0,
        0,
        7.333,
        0
      ]
    },
    {
      "Target": "Parameter",
      "Id": "ParamArmRAngleY",
      "FadeInTime": -1.0,
      "FadeOutTime": -1.0,
      "Segments": [
        0,
        0,
        0,
        7.333,
        0
      ]
    },
    {
      "Target": "Parameter",
      "Id": "ParamBodyAngleY",
      "FadeInTime": -1.0,
      "FadeOutTime": -1.0,
      "Segments": [
        0,
        0,
        0,
        7.333,
        0
      ]
    },
    {
      "Target": "Parameter",
      "Id": "ParamBrowLY",
      "FadeInTime": -1.0,
      "FadeOutTime": -1.0,
      "Segments": [
        0,
        0,
        0,
        7.333,
        0
      ]
    },
    {
      "Target": "Parameter",
      "Id": "ParamBrowLX",
      "FadeInTime": -1.0,
      "FadeOutTime": -1.0,
      "Segments": [
        0,
        0,
        0,
        7.333,
        0
      ]
    },
    {
      "Target": "Parameter",
      "Id": "ParamBrowLAngle",
      "FadeInTime": -1.0,
      "FadeOutTime": -1.0,
      "Segments": [
        0,
        0,
        0,
        7.333,
        0
      ]
    },
    {
      "Target": "Parameter",
      "Id": "ParamBrowRY",
      "FadeInTime": -1.0,
      "FadeOutTime": -1.0,
      "Segments": [
        0,
        0,
        0,
        7.333,
        0
      ]
    },
    {
      "Target": "Parameter",
      "Id": "ParamBrowRX",
      "FadeInTime": -1.0,
      "FadeOutTime": -1.0,
      "Segments": [
        0,
        0,
        0,
        7.333,
        0
      ]
    },
    {
      "Target": "Parameter",
      "Id": "ParamBreath",
      "FadeInTime": -1.0,
      "FadeOutTime": -1.0,
      "Segments": [
        0,
        0,
        0,
        7.333,
        0
      ]
    },
    {
      "Target": "Parameter",
      "Id": "ParamBrowRAngle",
      "FadeInTime": -1.0,
      "FadeOutTime": -1.0,
      "Segments": [
        0,
        0,
        0,
        7.333,
        0
      ]
    }
  ],
  "UserData": [
    {
      "Time": 0.0,
      "Value": ""
    },
    {
      "Time": 0.467,
      "Value": ""
    },
    {
      "Time": 6.833,
      "Value": ""
    }
  ]
}