{
  "Version": 3,
  "Meta": {
    "Duration": 5.167,
    "Fps": 30.0,
    "Loop": true,
    "AreBeziersRestricted": true,
    "FadeInTime": 0.0,
    "FadeOutTime": 0.0,
    "CurveCount": 227,
    "TotalSegmentCount": 1208,
    "TotalPointCount": 1362,
    "UserDataCount": 3,
    "TotalUserDataSize": 0
  },
  "Curves": [
    {
      "Target": "Model",
      "Id": "LipSync",
      "FadeInTime": -1.0,
      "FadeOutTime": -1.0,
      "Segments": [
        0,
        0.412,
        2,
        0.5,
        0.412,
        0,
        0.567,
        0.145,
        0,
        0.7,
        0.365,
        0,
        0.9,
        0.012,
        0,
        0.967,
        0.686,
        0,
        1.033,
        0.016,
        0,
        1.1,
        0.278,
        0,
        1.3,
        0,
        2,
        1.767,
        0,
        0,
        1.833,
        0.898,
        0,
        1.9,
        0.012,
        0,
        2.1,
        0.937,
        0,
        2.233,
        0.698,
        0,
        2.5,
        0.984,
        0,
        2.567,
        0.067,
        0,
        2.7,
        0.941,
        0,
        2.833,
        0.647,
        0,
        2.9,
        0.784,
        2,
        2.967,
        0.784,
        0,
        3.033,
        0.898,
        0,
        3.3,
        0,
        2,
        5.167,
        0
      ]
    },
    {
      "Target": "Parameter",
      "Id": "ParamArmLAngle",
      "FadeInTime": -1.0,
      "FadeOutTime": -1.0,
      "Segments": [
        0,
        0,
        2,
        0.5,
        0,
        2,
        0.667,
        0,
        0,
        1.167,
        -5.34,
        0,
        1.567,
        -0.279,
        0,
        2.067,
        -3.82,
        0,
        2.667,
        0.861,
        0,
        3.267,
        -7.56,
        0,
        3.933,
        0,
        2,
        4.1,
        0,
        2,
        4.767,
        0,
        2,
        5.167,
        0
      ]
    },
    {
      "Target": "Parameter",
      "Id": "ParamForearmLAngle",
      "FadeInTime": -1.0,
      "FadeOutTime": -1.0,
      "Segments": [
        0,
        0,
        2,
        0.5,
        0,
        2,
        0.667,
        0,
        2,
        0.8,
        0,
        0,
        1.267,
        -1.32,
        0,
        1.667,
        2.484,
        0,
        2.233,
        0.34,
        0,
        2.767,
        2.844,
        0,
        3.367,
        -1.92,
        0,
        4.033,
        0,
        2,
        4.1,
        0,
        2,
        4.767,
        0,
        2,
        5.167,
        0
      ]
    },
    {
      "Target": "Parameter",
      "Id": "ParamHandLAngle",
      "FadeInTime": -1.0,
      "FadeOutTime": -1.0,
      "Segments": [
        0,
        0,
        2,
        0.5,
        0,
        0,
        0.733,
        0.54,
        1,
        0.8,
        0.54,
        0.866,
        0.284,
        0.933,
        0,
        1,
        1.078,
        -0.615,
        1.222,
        -0.84,
        1.367,
        -0.84,
        0,
        1.767,
        0.9,
        0,
        2.333,
        -1.736,
        0,
        2.867,
        -0.06,
        0,
        3.433,
        -0.72,
        0,
        4.1,
        0,
        2,
        4.767,
        0,
        2,
        5.167,
        0
      ]
    },
    {
      "Target": "Parameter",
      "Id": "ParamHandLChange",
      "FadeInTime": -1.0,
      "FadeOutTime": -1.0,
      "Segments": [
        0,
        0,
        2,
        0.5,
        0,
        0,
        1.167,
        -25,
        1,
        1.278,
        -25,
        1.389,
        -15.108,
        1.5,
        -8,
        1,
        1.611,
        -0.892,
        1.722,
        0,
        1.833,
        0,
        0,
        2.167,
        -9,
        0,
        2.5,
        0,
        1,
        2.656,
        0,
        2.811,
        -2.379,
        2.967,
        -8,
        2,
        3,
        -20,
        0,
        4.1,
        0,
        2,
        4.767,
        0,
        2,
        5.167,
        0
      ]
    },
    {
      "Target": "Parameter",
      "Id": "ParamHandLAnimation",
      "FadeInTime": -1.0,
      "FadeOutTime": -1.0,
      "Segments": [
        0,
        0,
        2,
        0.5,
        0,
        0,
        1.167,
        -30,
        2,
        1.5,
        -30,
        2,
        1.833,
        -30,
        2,
        2.167,
        -30,
        2,
        2.5,
        -30,
        2,
        2.967,
        -30,
        2,
        3,
        -27,
        1,
        3.367,
        -8.661,
        3.733,
        0,
        4.1,
        0,
        2,
        4.767,
        0,
        2,
        5.167,
        0
      ]
    },
    {
      "Target": "Parameter",
      "Id": "ParamHandLREDisplay",
      "FadeInTime": -1.0,
      "FadeOutTime": -1.0,
      "Segments": [
        0,
        30,
        2,
        0.5,
        30,
        2,
        1.333,
        30,
        2,
        1.367,
        0,
        2,
        2.933,
        0,
        1,
        2.955,
        0,
        2.978,
        30,
        3,
        30,
        2,
        4.1,
        30,
        2,
        4.767,
        30,
        2,
        5.167,
        30
      ]
    },
    {
      "Target": "Parameter",
      "Id": "ParamHandL4Display",
      "FadeInTime": -1.0,
      "FadeOutTime": -1.0,
      "Segments": [
        0,
        0,
        2,
        0.5,
        0,
        2,
        1.3,
        0,
        2,
        1.333,
        15,
        2,
        2.967,
        15,
        0,
        3.033,
        0,
        2,
        4.1,
        0,
        2,
        4.767,
        0,
        2,
        5.167,
        0
      ]
    },
    {
      "Target": "Parameter",
      "Id": "zuoshoudaxiao",
      "FadeInTime": -1.0,
      "FadeOutTime": -1.0,
      "Segments": [
        0,
        0,
        2,
        0.5,
        0,
        2,
        1.333,
        0,
        0,
        3,
        12,
        0,
        3.033,
        0,
        2,
        4.1,
        0,
        2,
        4.767,
        0,
        2,
        5.167,
        0
      ]
    },
    {
      "Target": "Parameter",
      "Id": "ParamForearmRAngleX",
      "FadeInTime": -1.0,
      "FadeOutTime": -1.0,
      "Segments": [
        0,
        0,
        2,
        0.5,
        0,
        2,
        1.167,
        0,
        1,
        1.367,
        0,
        1.567,
        0.269,
        1.767,
        0.54,
        1,
        2.011,
        0.872,
        2.256,
        0.954,
        2.5,
        0.954,
        0,
        2.933,
        -1.023,
        0,
        3.367,
        0,
        2,
        4.1,
        0,
        2,
        4.767,
        0,
        2,
        5.167,
        0
      ]
    },
    {
      "Target": "Parameter",
      "Id": "ParamForearmRAngleY",
      "FadeInTime": -1.0,
      "FadeOutTime": -1.0,
      "Segments": [
        0,
        0,
        2,
        0.5,
        0,
        2,
        1.167,
        0,
        1,
        1.367,
        0,
        1.567,
        2.144,
        1.767,
        2.4,
        1,
        2.011,
        2.712,
        2.256,
        2.678,
        2.5,
        2.678,
        0,
        2.933,
        -0.161,
        0,
        3.367,
        0,
        2,
        4.1,
        0,
        2,
        4.767,
        0,
        2,
        5.167,
        0
      ]
    },
    {
      "Target": "Parameter",
      "Id": "ParamHandRAngleY",
      "FadeInTime": -1.0,
      "FadeOutTime": -1.0,
      "Segments": [
        0,
        0,
        2,
        0.5,
        0,
        2,
        1.167,
        0,
        0,
        1.667,
        7.68,
        2,
        3.2,
        7.68,
        0,
        3.333,
        0,
        2,
        4.1,
        0,
        2,
        4.767,
        0,
        2,
        5.167,
        0
      ]
    },
    {
      "Target": "Parameter",
      "Id": "ParamArmRAngle",
      "FadeInTime": -1.0,
      "FadeOutTime": -1.0,
      "Segments": [
        0,
        0,
        2,
        0.5,
        0,
        2,
        0.667,
        0,
        0,
        1.167,
        0.48,
        0,
        1.6,
        -12.78,
        0,
        2.033,
        -7.767,
        0,
        2.667,
        -14.76,
        0,
        3.267,
        0.96,
        0,
        3.933,
        0,
        2,
        4.1,
        0,
        2,
        4.767,
        0,
        2,
        5.167,
        0
      ]
    },
    {
      "Target": "Parameter",
      "Id": "ParamArmRChange",
      "FadeInTime": -1.0,
      "FadeOutTime": -1.0,
      "Segments": [
        0,
        0,
        2,
        0.5,
        0,
        0,
        2.5,
        -4,
        0,
        4.1,
        0,
        2,
        4.767,
        0,
        2,
        5.167,
        0
      ]
    },
    {
      "Target": "Parameter",
      "Id": "ParamForearmRLayer",
      "FadeInTime": -1.0,
      "FadeOutTime": -1.0,
      "Segments": [
        0,
        -30,
        2,
        0.5,
        -30,
        2,
        1.467,
        -30,
        0,
        1.567,
        30,
        2,
        2.967,
        30,
        1,
        3,
        30,
        3.034,
        -30,
        3.067,
        -30,
        2,
        4.1,
        -30,
        2,
        4.767,
        -30,
        2,
        5.167,
        -30
      ]
    },
    {
      "Target": "Parameter",
      "Id": "ParamForearmRAngle",
      "FadeInTime": -1.0,
      "FadeOutTime": -1.0,
      "Segments": [
        0,
        0,
        2,
        0.5,
        0,
        2,
        0.667,
        0,
        2,
        0.8,
        0,
        0,
        1.267,
        2.1,
        1,
        1.434,
        2.1,
        1.6,
        -10.748,
        1.767,
        -12.125,
        1,
        2.011,
        -14.145,
        2.256,
        -14.1,
        2.5,
        -14.1,
        0,
        3.367,
        1.62,
        0,
        4.033,
        0,
        2,
        4.1,
        0,
        2,
        4.767,
        0,
        2,
        5.167,
        0
      ]
    },
    {
      "Target": "Parameter",
      "Id": "ParamForearmRChange",
      "FadeInTime": -1.0,
      "FadeOutTime": -1.0,
      "Segments": [
        0,
        0,
        2,
        0.5,
        0,
        2,
        1.167,
        0,
        0,
        1.767,
        -19,
        2,
        2.5,
        -19,
        0,
        3.4,
        0,
        2,
        4.1,
        0,
        2,
        4.767,
        0,
        2,
        5.167,
        0
      ]
    },
    {
      "Target": "Parameter",
      "Id": "ParamHandRAngle",
      "FadeInTime": -1.0,
      "FadeOutTime": -1.0,
      "Segments": [
        0,
        0,
        2,
        0.5,
        0,
        2,
        0.667,
        0,
        2,
        0.9,
        0,
        0,
        1.367,
        -10.56,
        0,
        1.4,
        4.427,
        1,
        1.567,
        4.427,
        1.733,
        4.594,
        1.9,
        3.72,
        1,
        2.078,
        2.787,
        2.255,
        -4.865,
        2.433,
        -4.865,
        0,
        2.833,
        4.35,
        0,
        3.033,
        -9.418,
        0,
        3.133,
        -7.53,
        0,
        3.433,
        -12.96,
        0,
        4.1,
        0,
        2,
        4.767,
        0,
        2,
        5.167,
        0
      ]
    },
    {
      "Target": "Parameter",
      "Id": "ParamHandRChange",
      "FadeInTime": -1.0,
      "FadeOutTime": -1.0,
      "Segments": [
        0,
        0,
        2,
        0.5,
        0,
        2,
        1.167,
        0,
        0,
        1.667,
        -13,
        0,
        2,
        -4,
        0,
        2.333,
        -14,
        0,
        2.667,
        -4,
        0,
        3.033,
        -13,
        0,
        4.1,
        0,
        2,
        4.767,
        0,
        2,
        5.167,
        0
      ]
    },
    {
      "Target": "Parameter",
      "Id": "ParamHandRAnimation",
      "FadeInTime": -1.0,
      "FadeOutTime": -1.0,
      "Segments": [
        0,
        0,
        2,
        0.5,
        0,
        2,
        1.167,
        0,
        0,
        1.667,
        -30,
        0,
        2,
        -27,
        0,
        2.333,
        -30,
        2,
        2.667,
        -30,
        2,
        3.033,
        -30,
        0,
        4.1,
        0,
        2,
        4.767,
        0,
        2,
        5.167,
        0
      ]
    },
    {
      "Target": "Parameter",
      "Id": "ParamHandRREDisplay",
      "FadeInTime": -1.0,
      "FadeOutTime": -1.0,
      "Segments": [
        0,
        30,
        2,
        0.5,
        30,
        2,
        1.5,
        30,
        0,
        1.567,
        0,
        2,
        3.067,
        0,
        0,
        3.1,
        30,
        2,
        4.1,
        30,
        2,
        4.767,
        30,
        2,
        5.167,
        30
      ]
    },
    {
      "Target": "Parameter",
      "Id": "ParamHandR4Display",
      "FadeInTime": -1.0,
      "FadeOutTime": -1.0,
      "Segments": [
        0,
        0,
        2,
        0.5,
        0,
        2,
        1.467,
        0,
        0,
        1.533,
        30,
        2,
        3.067,
        30,
        0,
        3.1,
        0,
        2,
        4.1,
        0,
        2,
        4.767,
        0,
        2,
        5.167,
        0
      ]
    },
    {
      "Target": "Parameter",
      "Id": "youshoudaxiao",
      "FadeInTime": -1.0,
      "FadeOutTime": -1.0,
      "Segments": [
        0,
        0,
        2,
        0.5,
        0,
        2,
        1.467,
        0,
        0,
        1.533,
        12,
        2,
        3.067,
        12,
        0,
        3.1,
        0,
        2,
        4.1,
        0,
        2,
        4.767,
        0,
        2,
        5.167,
        0
      ]
    },
    {
      "Target": "Parameter",
      "Id": "ParamAngleX",
      "FadeInTime": -1.0,
      "FadeOutTime": -1.0,
      "Segments": [
        0,
        0,
        2,
        0.5,
        0,
        0,
        1.6,
        -3.61,
        0,
        2.267,
        4.755,
        0,
        2.6,
        -4.378,
        1,
        2.767,
        -4.378,
        2.933,
        5.013,
        3.1,
        6.046,
        1,
        3.244,
        6.941,
        3.389,
        6.744,
        3.533,
        6.744,
        0,
        4.1,
        -1.729,
        0,
        4.767,
        0,
        2,
        5.167,
        0
      ]
    },
    {
      "Target": "Parameter",
      "Id": "ParamAngleY",
      "FadeInTime": -1.0,
      "FadeOutTime": -1.0,
      "Segments": [
        0,
        0,
        2,
        0.5,
        0,
        0,
        1.333,
        8,
        0,
        2.033,
        -5,
        0,
        2.567,
        13,
        0,
        3.267,
        -6,
        0,
        3.867,
        9,
        0,
        4.767,
        0,
        2,
        5.167,
        0
      ]
    },
    {
      "Target": "Parameter",
      "Id": "ParamAngleZ",
      "FadeInTime": -1.0,
      "FadeOutTime": -1.0,
      "Segments": [
        0,
        0,
        2,
        0.5,
        0,
        0,
        1.5,
        -9,
        0,
        2.167,
        9,
        0,
        2.5,
        -4,
        1,
        2.667,
        -4,
        2.833,
        0.641,
        3,
        3,
        1,
        3.144,
        5.044,
        3.289,
        5,
        3.433,
        5,
        0,
        4,
        -3,
        0,
        4.433,
        3,
        0,
        4.767,
        0,
        2,
        5.167,
        0
      ]
    },
    {
      "Target": "Parameter",
      "Id": "ParamNeckZ",
      "FadeInTime": -1.0,
      "FadeOutTime": -1.0,
      "Segments": [
        0,
        0,
        2,
        0.5,
        0,
        0,
        1.3,
        -9,
        0,
        1.967,
        9,
        0,
        2.3,
        -4,
        1,
        2.467,
        -4,
        2.633,
        0.641,
        2.8,
        3,
        1,
        2.944,
        5.044,
        3.089,
        5,
        3.233,
        5,
        0,
        3.8,
        -3,
        0,
        4.233,
        -1,
        0,
        4.767,
        0,
        2,
        5.167,
        0
      ]
    },
    {
      "Target": "Parameter",
      "Id": "ParamBodyAngleX",
      "FadeInTime": -1.0,
      "FadeOutTime": -1.0,
      "Segments": [
        0,
        0,
        2,
        0.5,
        0,
        0,
        1.5,
        -4,
        0,
        2.167,
        2.812,
        0,
        2.5,
        -4.626,
        1,
        2.667,
        -4.626,
        2.833,
        3.016,
        3,
        3.863,
        1,
        3.144,
        4.597,
        3.289,
        4.431,
        3.433,
        4.431,
        0,
        4,
        -2.469,
        0,
        4.433,
        2.194,
        0,
        4.767,
        0,
        2,
        5.167,
        0
      ]
    },
    {
      "Target": "Parameter",
      "Id": "SHENTIY",
      "FadeInTime": -1.0,
      "FadeOutTime": -1.0,
      "Segments": [
        0,
        0,
        2,
        0.5,
        0,
        0,
        1.233,
        22,
        0,
        1.9,
        -14,
        0,
        2.433,
        9.233,
        0,
        3.367,
        -4.28,
        0,
        3.867,
        7.219,
        0,
        4.3,
        -4,
        0,
        4.767,
        0,
        2,
        5.167,
        0
      ]
    },
    {
      "Target": "Parameter",
      "Id": "QUANTIX",
      "FadeInTime": -1.0,
      "FadeOutTime": -1.0,
      "Segments": [
        0,
        0,
        2,
        0.5,
        0,
        2,
        1.3,
        0,
        0,
        1.967,
        2.611,
        0,
        2.3,
        0,
        1,
        2.467,
        0,
        2.633,
        0.233,
        2.8,
        1,
        1,
        2.933,
        1.614,
        3.067,
        2.135,
        3.2,
        2.135,
        0,
        3.833,
        1,
        0,
        4.267,
        0,
        2,
        4.767,
        0,
        2,
        5.167,
        0
      ]
    },
    {
      "Target": "Parameter",
      "Id": "QUANTIY",
      "FadeInTime": -1.0,
      "FadeOutTime": -1.0,
      "Segments": [
        0,
        0,
        2,
        0.5,
        0,
        0,
        1,
        10,
        0,
        1.667,
        -2,
        0,
        2.233,
        1.907,
        0,
        3.133,
        -0.419,
        0,
        3.567,
        6.016,
        0,
        4.033,
        -2.913,
        0,
        4.4,
        0,
        2,
        4.767,
        0,
        2,
        5.167,
        0
      ]
    },
    {
      "Target": "Parameter",
      "Id": "ParamChestZ",
      "FadeInTime": -1.0,
      "FadeOutTime": -1.0,
      "Segments": [
        0,
        0,
        2,
        0.5,
        0,
        2,
        1.367,
        0,
        0,
        2.033,
        7,
        0,
        2.367,
        4.41,
        1,
        2.534,
        4.41,
        2.7,
        5.447,
        2.867,
        5.938,
        1,
        3.011,
        6.363,
        3.156,
        6.338,
        3.3,
        6.338,
        0,
        4.2,
        1.938,
        0,
        4.767,
        0,
        2,
        5.167,
        0
      ]
    },
    {
      "Target": "Parameter",
      "Id": "ParamWaistZ",
      "FadeInTime": -1.0,
      "FadeOutTime": -1.0,
      "Segments": [
        0,
        0,
        2,
        0.5,
        0,
        2,
        1.167,
        0,
        0,
        1.833,
        8.217,
        0,
        2.167,
        4.404,
        1,
        2.334,
        4.404,
        2.5,
        5.441,
        2.667,
        5.932,
        1,
        2.811,
        6.357,
        2.956,
        6.332,
        3.1,
        6.332,
        0,
        4,
        1.932,
        0,
        4.567,
        0,
        2,
        4.767,
        0,
        2,
        5.167,
        0
      ]
    },
    {
      "Target": "Parameter",
      "Id": "ParamLegLAngle",
      "FadeInTime": -1.0,
      "FadeOutTime": -1.0,
      "Segments": [
        0,
        0,
        2,
        0.5,
        0,
        0,
        1,
        -2,
        0,
        1.667,
        3,
        0,
        2,
        1.907,
        1,
        2.167,
        1.907,
        2.333,
        2.945,
        2.5,
        3.435,
        1,
        2.644,
        3.86,
        2.789,
        3.835,
        2.933,
        3.835,
        0,
        3.833,
        1.84,
        0,
        4.767,
        0,
        2,
        5.167,
        0
      ]
    },
    {
      "Target": "Parameter",
      "Id": "ParamShoulderLStretch",
      "FadeInTime": -1.0,
      "FadeOutTime": -1.0,
      "Segments": [
        0,
        0,
        2,
        0.5,
        0,
        0,
        1.233,
        30,
        0,
        1.9,
        0,
        0,
        2.433,
        23.233,
        0,
        3.133,
        9.72,
        0,
        3.733,
        24,
        0,
        4.3,
        1.194,
        0,
        4.767,
        0,
        2,
        5.167,
        0
      ]
    },
    {
      "Target": "Parameter",
      "Id": "ParamShoulderRStretch",
      "FadeInTime": -1.0,
      "FadeOutTime": -1.0,
      "Segments": [
        0,
        0,
        2,
        0.5,
        0,
        0,
        1.233,
        30,
        0,
        1.9,
        0,
        0,
        2.433,
        23.233,
        0,
        3.133,
        9.72,
        0,
        3.733,
        24,
        0,
        4.3,
        1.194,
        0,
        4.767,
        0,
        2,
        5.167,
        0
      ]
    },
    {
      "Target": "Parameter",
      "Id": "ParamFoodLAngle",
      "FadeInTime": -1.0,
      "FadeOutTime": -1.0,
      "Segments": [
        0,
        0,
        2,
        0.5,
        0,
        2,
        0.567,
        0,
        0,
        1,
        -1.871,
        0,
        1.667,
        0.787,
        0,
        2,
        0.465,
        1,
        2.167,
        0.465,
        2.333,
        0.771,
        2.5,
        0.916,
        1,
        2.644,
        1.042,
        2.789,
        1.034,
        2.933,
        1.034,
        0,
        3.5,
        0.916,
        0,
        3.933,
        0,
        2,
        4.767,
        0,
        2,
        5.167,
        0
      ]
    },
    {
      "Target": "Parameter",
      "Id": "rdatuif",
      "FadeInTime": -1.0,
      "FadeOutTime": -1.0,
      "Segments": [
        0,
        17,
        2,
        0.5,
        17,
        2,
        0.667,
        17,
        0,
        1.1,
        23.78,
        0,
        1.767,
        14.713,
        0,
        2.067,
        17,
        0,
        2.567,
        14.713,
        0,
        3.067,
        16.813,
        0,
        3.6,
        14.713,
        0,
        4.067,
        19.974,
        0,
        4.633,
        17,
        2,
        4.767,
        17,
        2,
        5.167,
        17
      ]
    },
    {
      "Target": "Parameter",
      "Id": "ParamCrusRAngle",
      "FadeInTime": -1.0,
      "FadeOutTime": -1.0,
      "Segments": [
        0,
        -30,
        2,
        0.5,
        -30,
        2,
        0.833,
        -30,
        0,
        1.267,
        -28,
        0,
        1.933,
        -30,
        0,
        2.433,
        -27.96,
        1,
        2.6,
        -27.96,
        2.766,
        -29.827,
        2.933,
        -30,
        2,
        4.767,
        -30,
        2,
        5.167,
        -30
      ]
    },
    {
      "Target": "Parameter",
      "Id": "ParamFoodRAngle",
      "FadeInTime": -1.0,
      "FadeOutTime": -1.0,
      "Segments": [
        0,
        0,
        2,
        0.5,
        0,
        2,
        0.567,
        0,
        0,
        1,
        -5.88,
        0,
        1.667,
        0,
        1,
        1.911,
        0,
        2.156,
        0.401,
        2.4,
        0,
        1,
        2.667,
        -0.438,
        2.933,
        -1.68,
        3.2,
        -1.68,
        0,
        3.733,
        0,
        0,
        4.2,
        7,
        0,
        4.767,
        0,
        2,
        5.167,
        0
      ]
    },
    {
      "Target": "Parameter",
      "Id": "bangdaijd",
      "FadeInTime": -1.0,
      "FadeOutTime": -1.0,
      "Segments": [
        0,
        0,
        2,
        0.5,
        0,
        0,
        1,
        -1,
        0,
        1.8,
        8,
        0,
        2.233,
        3,
        0,
        2.6,
        5,
        0,
        2.867,
        3,
        2,
        3.967,
        3,
        0,
        4.767,
        0,
        2,
        5.167,
        0
      ]
    },
    {
      "Target": "Parameter",
      "Id": "ParamMouthForm",
      "FadeInTime": -1.0,
      "FadeOutTime": -1.0,
      "Segments": [
        0,
        0,
        2,
        0.5,
        0,
        0,
        0.633,
        -0.7,
        1,
        0.689,
        -0.7,
        0.744,
        -0.663,
        0.8,
        -0.5,
        1,
        0.9,
        -0.207,
        1,
        0,
        1.1,
        0,
        2,
        1.667,
        0,
        0,
        1.833,
        0.5,
        1,
        1.889,
        0.5,
        1.944,
        0.361,
        2,
        0,
        1,
        2.067,
        -0.434,
        2.133,
        -0.7,
        2.2,
        -0.7,
        1,
        2.256,
        -0.7,
        2.311,
        -0.62,
        2.367,
        -0.5,
        1,
        2.434,
        -0.356,
        2.5,
        -0.11,
        2.567,
        -0.1,
        1,
        3.078,
        -0.025,
        3.589,
        0,
        4.1,
        0,
        2,
        4.767,
        0,
        2,
        5.167,
        0
      ]
    },
    {
      "Target": "Parameter",
      "Id": "ParamEyeLOpen",
      "FadeInTime": -1.0,
      "FadeOutTime": -1.0,
      "Segments": [
        0,
        1,
        2,
        0.5,
        1,
        2,
        0.833,
        1,
        0,
        1,
        0,
        2,
        1.333,
        0,
        0,
        1.567,
        1,
        2,
        3.167,
        1,
        0,
        3.333,
        0,
        0,
        3.5,
        1,
        2,
        4.1,
        1,
        2,
        4.767,
        1,
        2,
        5.167,
        1
      ]
    },
    {
      "Target": "Parameter",
      "Id": "ParamEyeROpen",
      "FadeInTime": -1.0,
      "FadeOutTime": -1.0,
      "Segments": [
        0,
        1,
        2,
        0.5,
        1,
        2,
        0.833,
        1,
        0,
        1,
        0,
        2,
        1.333,
        0,
        0,
        1.567,
        1,
        2,
        3.167,
        1,
        0,
        3.333,
        0,
        0,
        3.5,
        1,
        2,
        4.1,
        1,
        2,
        4.767,
        1,
        2,
        5.167,
        1
      ]
    },
    {
      "Target": "Parameter",
      "Id": "ParamEyeBallX",
      "FadeInTime": -1.0,
      "FadeOutTime": -1.0,
      "Segments": [
        0,
        0,
        2,
        0.5,
        0,
        2,
        0.967,
        0,
        0,
        1.133,
        0.5,
        1,
        1.2,
        0.5,
        1.266,
        0.504,
        1.333,
        0.49,
        1,
        1.411,
        0.474,
        1.489,
        0,
        1.567,
        0,
        2,
        4.1,
        0,
        2,
        4.767,
        0,
        2,
        5.167,
        0
      ]
    },
    {
      "Target": "Parameter",
      "Id": "ParamEyeBallY",
      "FadeInTime": -1.0,
      "FadeOutTime": -1.0,
      "Segments": [
        0,
        0,
        2,
        0.5,
        0,
        2,
        0.967,
        0,
        0,
        1.133,
        -0.4,
        1,
        1.2,
        -0.4,
        1.266,
        -0.404,
        1.333,
        -0.39,
        1,
        1.411,
        -0.374,
        1.489,
        0,
        1.567,
        0,
        2,
        2,
        0,
        2,
        4.1,
        0,
        2,
        4.767,
        0,
        2,
        5.167,
        0
      ]
    },
    {
      "Target": "Parameter",
      "Id": "ParamBrowRForm",
      "FadeInTime": -1.0,
      "FadeOutTime": -1.0,
      "Segments": [
        0,
        0,
        2,
        0.5,
        0,
        0,
        0.833,
        0.293,
        0,
        1,
        -1,
        1,
        1.111,
        -1,
        1.222,
        -1.003,
        1.333,
        -0.97,
        1,
        1.411,
        -0.947,
        1.489,
        0,
        1.567,
        0,
        2,
        4.1,
        0,
        2,
        4.767,
        0,
        2,
        5.167,
        0
      ]
    },
    {
      "Target": "Parameter",
      "Id": "Hair_physics",
      "FadeInTime": -1.0,
      "FadeOutTime": -1.0,
      "Segments": [
        0,
        0,
        2,
        0.5,
        0,
        2,
        0.8,
        0,
        0,
        1.2,
        1,
        0,
        2.6,
        0,
        0,
        3.033,
        1,
        0,
        4,
        0,
        2,
        4.767,
        0,
        2,
        5.167,
        0
      ]
    },
    {
      "Target": "Parameter",
      "Id": "OP_physics",
      "FadeInTime": -1.0,
      "FadeOutTime": -1.0,
      "Segments": [
        0,
        0,
        2,
        0.5,
        0,
        2,
        0.8,
        0,
        0,
        1.2,
        1,
        2,
        2.6,
        1,
        0,
        3.033,
        0,
        2,
        4.767,
        0,
        2,
        5.167,
        0
      ]
    },
    {
      "Target": "Parameter",
      "Id": "fajiaodu",
      "FadeInTime": -1.0,
      "FadeOutTime": -1.0,
      "Segments": [
        0,
        0,
        2,
        0.5,
        0,
        0,
        1.2,
        -27,
        0,
        1.967,
        19,
        1,
        2.422,
        19,
        2.878,
        15.196,
        3.333,
        3,
        1,
        3.555,
        -2.949,
        3.778,
        -10,
        4,
        -10,
        0,
        4.767,
        0,
        2,
        5.167,
        0
      ]
    },
    {
      "Target": "Parameter",
      "Id": "rqun1",
      "FadeInTime": -1.0,
      "FadeOutTime": -1.0,
      "Segments": [
        0,
        0,
        2,
        0.5,
        0,
        0,
        0.733,
        23.92,
        0,
        1.233,
        -23.92,
        0,
        1.733,
        23.92,
        0,
        2.233,
        -23.92,
        0,
        2.833,
        23.92,
        0,
        3.3,
        -15,
        0,
        3.767,
        14,
        0,
        4.267,
        -13,
        0,
        4.767,
        0,
        2,
        5.167,
        0
      ]
    },
    {
      "Target": "Parameter",
      "Id": "rqun2",
      "FadeInTime": -1.0,
      "FadeOutTime": -1.0,
      "Segments": [
        0,
        15.013,
        2,
        0.5,
        15.013,
        0,
        0.967,
        -23.92,
        0,
        1.5,
        23.92,
        0,
        1.967,
        -23.92,
        0,
        2.5,
        23.92,
        0,
        3.067,
        -17,
        0,
        3.533,
        19,
        0,
        4,
        -17,
        0,
        4.5,
        16,
        0,
        4.767,
        15.013,
        2,
        5.167,
        15.013
      ]
    },
    {
      "Target": "Parameter",
      "Id": "qunbai1",
      "FadeInTime": -1.0,
      "FadeOutTime": -1.0,
      "Segments": [
        0,
        0.001,
        2,
        0.5,
        0.001,
        0,
        0.733,
        19.315,
        0,
        1.233,
        -19.315,
        0,
        1.733,
        19.315,
        0,
        2.233,
        -19.315,
        0,
        2.833,
        19.315,
        0,
        3.3,
        -15,
        0,
        3.767,
        14,
        0,
        4.267,
        -13,
        0,
        4.767,
        0.001,
        2,
        5.167,
        0.001
      ]
    },
    {
      "Target": "Parameter",
      "Id": "qunbai2",
      "FadeInTime": -1.0,
      "FadeOutTime": -1.0,
      "Segments": [
        0,
        7,
        2,
        0.5,
        7,
        0,
        0.967,
        -19.315,
        0,
        1.5,
        19.315,
        0,
        1.967,
        -19.315,
        0,
        2.5,
        19.315,
        0,
        3.067,
        -17,
        0,
        3.533,
        19,
        0,
        4,
        -17,
        0,
        4.5,
        16,
        0,
        4.767,
        7,
        2,
        5.167,
        7
      ]
    },
    {
      "Target": "Parameter",
      "Id": "lqun1",
      "FadeInTime": -1.0,
      "FadeOutTime": -1.0,
      "Segments": [
        0,
        0,
        2,
        0.5,
        0,
        0,
        0.733,
        23.92,
        0,
        1.233,
        -23.92,
        0,
        1.733,
        23.92,
        0,
        2.233,
        -23.92,
        0,
        2.833,
        23.92,
        0,
        3.3,
        -15,
        0,
        3.767,
        14,
        0,
        4.267,
        -13,
        0,
        4.767,
        0,
        2,
        5.167,
        0
      ]
    },
    {
      "Target": "Parameter",
      "Id": "lqun2",
      "FadeInTime": -1.0,
      "FadeOutTime": -1.0,
      "Segments": [
        0,
        15.013,
        2,
        0.5,
        15.013,
        0,
        0.967,
        -23.92,
        0,
        1.5,
        23.92,
        0,
        1.967,
        -23.92,
        0,
        2.5,
        23.92,
        0,
        3.067,
        -17,
        0,
        3.533,
        19,
        0,
        4,
        -17,
        0,
        4.5,
        16,
        0,
        4.767,
        15.013,
        2,
        5.167,
        15.013
      ]
    },
    {
      "Target": "Parameter",
      "Id": "qunbai3",
      "FadeInTime": -1.0,
      "FadeOutTime": -1.0,
      "Segments": [
        0,
        0.001,
        2,
        0.5,
        0.001,
        0,
        0.733,
        19.315,
        0,
        1.233,
        -19.315,
        0,
        1.733,
        19.315,
        0,
        2.233,
        -19.315,
        0,
        2.833,
        19.315,
        0,
        3.3,
        -15,
        0,
        3.767,
        14,
        0,
        4.267,
        -13,
        0,
        4.767,
        0.001,
        2,
        5.167,
        0.001
      ]
    },
    {
      "Target": "Parameter",
      "Id": "qunbai4",
      "FadeInTime": -1.0,
      "FadeOutTime": -1.0,
      "Segments": [
        0,
        7,
        2,
        0.5,
        7,
        0,
        0.967,
        -19.315,
        0,
        1.5,
        19.315,
        0,
        1.967,
        -19.315,
        0,
        2.5,
        19.315,
        0,
        3.067,
        -17,
        0,
        3.533,
        19,
        0,
        4,
        -17,
        0,
        4.5,
        16,
        0,
        4.767,
        7,
        2,
        5.167,
        7
      ]
    },
    {
      "Target": "Parameter",
      "Id": "ParamHairFront1",
      "FadeInTime": -1.0,
      "FadeOutTime": -1.0,
      "Segments": [
        0,
        0,
        2,
        0.5,
        0,
        0,
        0.733,
        23.92,
        0,
        1.233,
        -23.92,
        0,
        1.733,
        23.92,
        0,
        2.233,
        -23.92,
        0,
        2.833,
        23.92,
        0,
        3.3,
        -15,
        0,
        3.767,
        14,
        0,
        4.267,
        -13,
        0,
        4.767,
        0,
        2,
        5.167,
        0
      ]
    },
    {
      "Target": "Parameter",
      "Id": "ParamHairFront2",
      "FadeInTime": -1.0,
      "FadeOutTime": -1.0,
      "Segments": [
        0,
        15.013,
        2,
        0.5,
        15.013,
        0,
        0.967,
        -23.92,
        0,
        1.5,
        23.92,
        0,
        1.967,
        -23.92,
        0,
        2.5,
        23.92,
        0,
        3.067,
        -17,
        0,
        3.533,
        19,
        0,
        4,
        -17,
        0,
        4.5,
        16,
        0,
        4.767,
        15.013,
        2,
        5.167,
        15.013
      ]
    },
    {
      "Target": "Parameter",
      "Id": "ParamHairFront5",
      "FadeInTime": -1.0,
      "FadeOutTime": -1.0,
      "Segments": [
        0,
        -10,
        2,
        0.5,
        -10,
        0,
        0.733,
        30,
        0,
        1.233,
        -30,
        0,
        1.733,
        30,
        0,
        2.233,
        -30,
        0,
        2.833,
        30,
        0,
        3.3,
        -24,
        0,
        3.867,
        18,
        0,
        4.4,
        -16,
        0,
        4.767,
        -10,
        2,
        5.167,
        -10
      ]
    },
    {
      "Target": "Parameter",
      "Id": "ParamHairSide1",
      "FadeInTime": -1.0,
      "FadeOutTime": -1.0,
      "Segments": [
        0,
        0,
        2,
        0.5,
        0,
        0,
        0.733,
        23.92,
        0,
        1.233,
        -23.92,
        0,
        1.733,
        23.92,
        0,
        2.233,
        -23.92,
        0,
        2.833,
        23.92,
        0,
        3.3,
        -15,
        0,
        3.767,
        14,
        0,
        4.267,
        -13,
        0,
        4.767,
        0,
        2,
        5.167,
        0
      ]
    },
    {
      "Target": "Parameter",
      "Id": "ParamHairSide2",
      "FadeInTime": -1.0,
      "FadeOutTime": -1.0,
      "Segments": [
        0,
        15.013,
        2,
        0.5,
        15.013,
        0,
        0.967,
        -23.92,
        0,
        1.5,
        23.92,
        0,
        1.967,
        -23.92,
        0,
        2.5,
        23.92,
        0,
        3.067,
        -17,
        0,
        3.533,
        19,
        0,
        4,
        -17,
        0,
        4.5,
        16,
        0,
        4.767,
        15.013,
        2,
        5.167,
        15.013
      ]
    },
    {
      "Target": "Parameter",
      "Id": "ParamHairBack1",
      "FadeInTime": -1.0,
      "FadeOutTime": -1.0,
      "Segments": [
        0,
        0,
        2,
        0.5,
        0,
        0,
        0.733,
        23.92,
        0,
        1.233,
        -23.92,
        0,
        1.733,
        23.92,
        0,
        2.233,
        -23.92,
        0,
        2.833,
        23.92,
        0,
        3.3,
        -15,
        0,
        3.767,
        14,
        0,
        4.267,
        -13,
        0,
        4.767,
        0,
        2,
        5.167,
        0
      ]
    },
    {
      "Target": "Parameter",
      "Id": "ParamHairBack2",
      "FadeInTime": -1.0,
      "FadeOutTime": -1.0,
      "Segments": [
        0,
        15.013,
        2,
        0.5,
        15.013,
        0,
        0.967,
        -23.92,
        0,
        1.5,
        23.92,
        0,
        1.967,
        -23.92,
        0,
        2.5,
        23.92,
        0,
        3.067,
        -17,
        0,
        3.533,
        19,
        0,
        4,
        -17,
        0,
        4.5,
        16,
        0,
        4.767,
        15.013,
        2,
        5.167,
        15.013
      ]
    },
    {
      "Target": "Parameter",
      "Id": "ParamHairBack3",
      "FadeInTime": -1.0,
      "FadeOutTime": -1.0,
      "Segments": [
        0,
        0,
        2,
        0.5,
        0,
        0,
        0.7,
        23.92,
        0,
        1.133,
        -23.92,
        0,
        1.6,
        23.92,
        0,
        2.033,
        -23.92,
        0,
        2.533,
        23.92,
        0,
        3,
        -15,
        0,
        3.433,
        14,
        0,
        3.9,
        -13,
        0,
        4.333,
        13,
        0,
        4.767,
        0,
        2,
        5.167,
        0
      ]
    },
    {
      "Target": "Parameter",
      "Id": "ParamHairBack4",
      "FadeInTime": -1.0,
      "FadeOutTime": -1.0,
      "Segments": [
        0,
        15.013,
        2,
        0.5,
        15.013,
        0,
        0.9,
        -23.92,
        0,
        1.4,
        23.92,
        0,
        1.8,
        -23.92,
        0,
        2.3,
        23.92,
        0,
        2.8,
        -17,
        0,
        3.2,
        19,
        0,
        3.633,
        -17,
        0,
        4.133,
        16,
        0,
        4.567,
        -16,
        0,
        4.767,
        15.013,
        2,
        5.167,
        15.013
      ]
    },
    {
      "Target": "Parameter",
      "Id": "ParamHair1",
      "FadeInTime": -1.0,
      "FadeOutTime": -1.0,
      "Segments": [
        0,
        0,
        2,
        0.033,
        0,
        2,
        0.2,
        0,
        2,
        0.233,
        0,
        2,
        0.4,
        0,
        2,
        0.433,
        0,
        2,
        0.467,
        0,
        2,
        0.5,
        0,
        0,
        0.567,
        0.007,
        0,
        0.8,
        -0.282,
        0,
        0.867,
        0.142,
        0,
        1.167,
        -22.268,
        0,
        1.467,
        26.773,
        0,
        1.8,
        -13.576,
        0,
        2.1,
        10.842,
        0,
        2.4,
        -6.755,
        0,
        2.667,
        5.37,
        0,
        2.967,
        -23.319,
        0,
        3.3,
        27.43,
        0,
        3.6,
        -14.131,
        0,
        3.9,
        11.726,
        0,
        4.233,
        -9.43,
        0,
        4.533,
        6.358,
        0,
        4.867,
        -3.735,
        0,
        5.167,
        2.063
      ]
    },
    {
      "Target": "Parameter",
      "Id": "ParamHair2",
      "FadeInTime": -1.0,
      "FadeOutTime": -1.0,
      "Segments": [
        0,
        0,
        2,
        0.033,
        0,
        2,
        0.067,
        0,
        2,
        0.1,
        0,
        2,
        0.233,
        0,
        2,
        0.267,
        0,
        2,
        0.3,
        0,
        2,
        0.367,
        0,
        2,
        0.4,
        0,
        2,
        0.467,
        0,
        0,
        1.033,
        7.952,
        0,
        1.333,
        -24.18,
        0,
        1.633,
        30,
        0,
        1.967,
        -22.498,
        0,
        2.267,
        16.593,
        0,
        2.567,
        -12.058,
        0,
        2.867,
        14.885,
        0,
        3.133,
        -26.861,
        0,
        3.433,
        30,
        2,
        3.467,
        30,
        0,
        3.767,
        -23.011,
        0,
        4.1,
        18.343,
        0,
        4.4,
        -14.51,
        0,
        4.733,
        10.591,
        0,
        5.033,
        -7.118,
        1,
        5.078,
        -7.118,
        5.122,
        -5.286,
        5.167,
        -3.087
      ]
    },
    {
      "Target": "Parameter",
      "Id": "ParamHair3",
      "FadeInTime": -1.0,
      "FadeOutTime": -1.0,
      "Segments": [
        0,
        -0.001,
        0,
        0.2,
        0,
        2,
        0.233,
        0,
        2,
        0.267,
        0,
        2,
        0.467,
        0,
        2,
        0.5,
        0,
        0,
        1.133,
        7.849,
        0,
        1.4,
        -23.823,
        0,
        1.7,
        30,
        2,
        1.767,
        30,
        0,
        2.1,
        -29.203,
        0,
        2.4,
        23.22,
        0,
        2.733,
        -17.078,
        0,
        3,
        18.299,
        0,
        3.233,
        -26.171,
        0,
        3.533,
        30,
        2,
        3.6,
        30,
        0,
        3.9,
        -29.894,
        0,
        4.233,
        25.08,
        0,
        4.567,
        -20.663,
        0,
        4.867,
        16.473,
        1,
        4.967,
        16.473,
        5.067,
        -6.623,
        5.167,
        -11.243
      ]
    },
    {
      "Target": "Parameter",
      "Id": "ParamHair4",
      "FadeInTime": -1.0,
      "FadeOutTime": -1.0,
      "Segments": [
        0,
        0.003,
        0,
        0.233,
        -0.001,
        2,
        0.267,
        -0.001,
        0,
        0.533,
        0,
        2,
        0.567,
        0,
        0,
        1.233,
        8.131,
        0,
        1.467,
        -23.876,
        0,
        1.8,
        30,
        2,
        1.9,
        30,
        0,
        2.167,
        -30,
        2,
        2.233,
        -30,
        0,
        2.533,
        30,
        0,
        2.833,
        -21.137,
        0,
        3.1,
        21.982,
        0,
        3.333,
        -26.706,
        0,
        3.6,
        30,
        2,
        3.733,
        30,
        0,
        3.967,
        -30,
        2,
        4.067,
        -30,
        0,
        4.333,
        30,
        2,
        4.367,
        30,
        0,
        4.7,
        -27.269,
        0,
        5,
        23.207,
        1,
        5.056,
        23.207,
        5.111,
        12.756,
        5.167,
        2.304
      ]
    },
    {
      "Target": "Parameter",
      "Id": "ParamHair5",
      "FadeInTime": -1.0,
      "FadeOutTime": -1.0,
      "Segments": [
        0,
        -0.005,
        0,
        0.167,
        0.018,
        0,
        0.467,
        -0.007,
        2,
        0.5,
        -0.007,
        0,
        1.3,
        8.29,
        0,
        1.533,
        -24.774,
        0,
        1.867,
        30,
        2,
        2,
        30,
        0,
        2.267,
        -30,
        2,
        2.367,
        -30,
        0,
        2.633,
        30,
        2,
        2.7,
        30,
        0,
        2.967,
        -26.585,
        0,
        3.233,
        19.551,
        0,
        3.433,
        -26.487,
        0,
        3.7,
        30,
        2,
        3.833,
        30,
        0,
        4.067,
        -30,
        2,
        4.2,
        -30,
        0,
        4.433,
        30,
        2,
        4.533,
        30,
        0,
        4.767,
        -30,
        2,
        4.833,
        -30,
        0,
        5.133,
        30,
        1,
        5.144,
        30,
        5.156,
        29.443,
        5.167,
        28.439
      ]
    },
    {
      "Target": "Parameter",
      "Id": "ParamHair6",
      "FadeInTime": -1.0,
      "FadeOutTime": -1.0,
      "Segments": [
        0,
        -0.152,
        0,
        0.333,
        0.071,
        0,
        0.667,
        -0.032,
        0,
        1.367,
        8.197,
        0,
        1.6,
        -25.864,
        0,
        1.933,
        30,
        2,
        2.133,
        30,
        0,
        2.333,
        -30,
        2,
        2.467,
        -30,
        0,
        2.7,
        30,
        2,
        2.8,
        30,
        0,
        3.067,
        -30,
        2,
        3.133,
        -30,
        0,
        3.333,
        18.867,
        0,
        3.533,
        -23.073,
        0,
        3.767,
        30,
        2,
        3.933,
        30,
        0,
        4.167,
        -30,
        2,
        4.3,
        -30,
        0,
        4.533,
        30,
        2,
        4.633,
        30,
        0,
        4.867,
        -30,
        2,
        4.967,
        -30,
        1,
        5.034,
        -30,
        5.1,
        14.082,
        5.167,
        26.676
      ]
    },
    {
      "Target": "Parameter",
      "Id": "ParamEyeLGG",
      "FadeInTime": -1.0,
      "FadeOutTime": -1.0,
      "Segments": [
        0,
        0,
        2,
        0.833,
        0,
        0,
        0.933,
        -13.629,
        0,
        1.067,
        30,
        2,
        1.1,
        30,
        0,
        1.333,
        -16.047,
        0,
        1.5,
        6.559,
        0,
        1.633,
        -16.925,
        0,
        1.9,
        18.027,
        0,
        2.2,
        -10.753,
        0,
        2.5,
        5.534,
        0,
        2.8,
        -2.611,
        0,
        3.1,
        1.158,
        0,
        3.267,
        -13.651,
        0,
        3.367,
        30,
        2,
        3.433,
        30,
        0,
        3.633,
        -24.503,
        0,
        3.9,
        16.305,
        0,
        4.2,
        -9.013,
        0,
        4.5,
        4.469,
        0,
        4.8,
        -2.053,
        0,
        5.1,
        0.892,
        1,
        5.122,
        0.892,
        5.145,
        0.841,
        5.167,
        0.76
      ]
    },
    {
      "Target": "Parameter",
      "Id": "ParamEyeRGG",
      "FadeInTime": -1.0,
      "FadeOutTime": -1.0,
      "Segments": [
        0,
        0,
        2,
        0.833,
        0,
        0,
        0.933,
        -13.629,
        0,
        1.067,
        30,
        2,
        1.1,
        30,
        0,
        1.333,
        -16.047,
        0,
        1.5,
        6.559,
        0,
        1.633,
        -16.925,
        0,
        1.9,
        18.027,
        0,
        2.2,
        -10.753,
        0,
        2.5,
        5.534,
        0,
        2.8,
        -2.611,
        0,
        3.1,
        1.158,
        0,
        3.267,
        -13.651,
        0,
        3.367,
        30,
        2,
        3.433,
        30,
        0,
        3.633,
        -24.503,
        0,
        3.9,
        16.305,
        0,
        4.2,
        -9.013,
        0,
        4.5,
        4.469,
        0,
        4.8,
        -2.053,
        0,
        5.1,
        0.892,
        1,
        5.122,
        0.892,
        5.145,
        0.841,
        5.167,
        0.76
      ]
    },
    {
      "Target": "Parameter",
      "Id": "ZD_BustLMotionY_L",
      "FadeInTime": -1.0,
      "FadeOutTime": -1.0,
      "Segments": [
        0,
        0.005,
        2,
        0.033,
        0.005,
        0,
        0.433,
        -0.003,
        2,
        0.467,
        -0.003,
        2,
        0.5,
        -0.003,
        0,
        1.033,
        -11.441,
        0,
        1.4,
        14.607,
        0,
        1.833,
        -7.997,
        0,
        2.267,
        1.82,
        0,
        2.5,
        0.224,
        0,
        2.867,
        12.782,
        0,
        3.233,
        -15.194,
        0,
        3.7,
        7.471,
        0,
        4.133,
        -3.114,
        0,
        4.533,
        1.902,
        0,
        4.933,
        -1.521,
        1,
        5.011,
        -1.521,
        5.089,
        -0.819,
        5.167,
        -0.17
      ]
    },
    {
      "Target": "Parameter",
      "Id": "ZD_BustLMotionX_L",
      "FadeInTime": -1.0,
      "FadeOutTime": -1.0,
      "Segments": [
        0,
        0,
        2,
        0.5,
        0,
        0,
        0.767,
        0.426,
        0,
        1.133,
        0.113,
        0,
        1.2,
        0.115,
        0,
        1.867,
        -1.478,
        0,
        2.467,
        4.061,
        0,
        2.767,
        -4.922,
        0,
        3.167,
        2.071,
        0,
        3.467,
        -0.581,
        0,
        3.8,
        2.096,
        0,
        4.167,
        -1.6,
        0,
        4.5,
        0.306,
        0,
        4.733,
        -0.034,
        0,
        4.9,
        0.085,
        0,
        5.033,
        0,
        2,
        5.167,
        0
      ]
    },
    {
      "Target": "Parameter",
      "Id": "ZD_BustRMotionY_L",
      "FadeInTime": -1.0,
      "FadeOutTime": -1.0,
      "Segments": [
        0,
        0.005,
        2,
        0.033,
        0.005,
        0,
        0.433,
        -0.003,
        2,
        0.467,
        -0.003,
        2,
        0.5,
        -0.003,
        0,
        1.033,
        -11.441,
        0,
        1.4,
        14.607,
        0,
        1.833,
        -7.997,
        0,
        2.267,
        1.82,
        0,
        2.5,
        0.224,
        0,
        2.867,
        12.782,
        0,
        3.233,
        -15.194,
        0,
        3.7,
        7.471,
        0,
        4.133,
        -3.114,
        0,
        4.533,
        1.902,
        0,
        4.933,
        -1.521,
        1,
        5.011,
        -1.521,
        5.089,
        -0.819,
        5.167,
        -0.17
      ]
    },
    {
      "Target": "Parameter",
      "Id": "ZD_BustRMotionX_L",
      "FadeInTime": -1.0,
      "FadeOutTime": -1.0,
      "Segments": [
        0,
        0,
        2,
        0.5,
        0,
        0,
        0.767,
        0.426,
        0,
        1.133,
        0.113,
        0,
        1.2,
        0.115,
        0,
        1.867,
        -1.478,
        0,
        2.467,
        4.061,
        0,
        2.767,
        -4.922,
        0,
        3.167,
        2.071,
        0,
        3.467,
        -0.581,
        0,
        3.8,
        2.096,
        0,
        4.167,
        -1.6,
        0,
        4.5,
        0.306,
        0,
        4.733,
        -0.034,
        0,
        4.9,
        0.085,
        0,
        5.033,
        0,
        2,
        5.167,
        0
      ]
    },
    {
      "Target": "Parameter",
      "Id": "ZD_BustLMotionY_X",
      "FadeInTime": -1.0,
      "FadeOutTime": -1.0,
      "Segments": [
        0,
        0.003,
        0,
        0.133,
        0.008,
        0,
        0.5,
        -0.004,
        0,
        0.633,
        0.109,
        0,
        0.8,
        -0.309,
        0,
        0.933,
        1.967,
        0,
        1.233,
        -24.656,
        0,
        1.567,
        23.269,
        0,
        1.967,
        -12.641,
        0,
        2.333,
        3.846,
        0,
        2.7,
        -4.371,
        0,
        3.033,
        26.488,
        0,
        3.4,
        -23.048,
        0,
        3.8,
        11.223,
        0,
        4.233,
        -4.745,
        0,
        4.667,
        3.584,
        0,
        5.067,
        -2.549,
        1,
        5.1,
        -2.549,
        5.134,
        -2.331,
        5.167,
        -1.995
      ]
    },
    {
      "Target": "Parameter",
      "Id": "ZD_BustLMotionX_X",
      "FadeInTime": -1.0,
      "FadeOutTime": -1.0,
      "Segments": [
        0,
        0,
        2,
        0.5,
        0,
        0,
        0.7,
        -0.324,
        0,
        0.933,
        0.314,
        0,
        1.233,
        -0.151,
        0,
        1.533,
        0.115,
        0,
        1.6,
        0.093,
        0,
        1.767,
        0.464,
        0,
        2.067,
        -0.787,
        0,
        2.267,
        -0.026,
        0,
        2.4,
        -1.115,
        0,
        2.633,
        4.269,
        0,
        2.933,
        -4.508,
        0,
        3.267,
        3.001,
        0,
        3.633,
        -2.003,
        0,
        3.967,
        1.925,
        0,
        4.3,
        -1.746,
        0,
        4.6,
        1.045,
        0,
        4.867,
        -0.508,
        0,
        5.167,
        0.175
      ]
    },
    {
      "Target": "Parameter",
      "Id": "ZD_BustRMotionY_X",
      "FadeInTime": -1.0,
      "FadeOutTime": -1.0,
      "Segments": [
        0,
        0.003,
        0,
        0.133,
        0.008,
        0,
        0.5,
        -0.004,
        0,
        0.633,
        0.109,
        0,
        0.8,
        -0.309,
        0,
        0.933,
        1.967,
        0,
        1.233,
        -24.656,
        0,
        1.567,
        23.269,
        0,
        1.967,
        -12.641,
        0,
        2.333,
        3.846,
        0,
        2.7,
        -4.371,
        0,
        3.033,
        26.488,
        0,
        3.4,
        -23.048,
        0,
        3.8,
        11.223,
        0,
        4.233,
        -4.745,
        0,
        4.667,
        3.584,
        0,
        5.067,
        -2.549,
        1,
        5.1,
        -2.549,
        5.134,
        -2.331,
        5.167,
        -1.995
      ]
    },
    {
      "Target": "Parameter",
      "Id": "ZD_BustRMotionX_X",
      "FadeInTime": -1.0,
      "FadeOutTime": -1.0,
      "Segments": [
        0,
        0,
        2,
        0.5,
        0,
        0,
        0.7,
        -0.324,
        0,
        0.933,
        0.314,
        0,
        1.233,
        -0.151,
        0,
        1.533,
        0.115,
        0,
        1.6,
        0.093,
        0,
        1.767,
        0.464,
        0,
        2.067,
        -0.787,
        0,
        2.267,
        -0.026,
        0,
        2.4,
        -1.115,
        0,
        2.633,
        4.269,
        0,
        2.933,
        -4.508,
        0,
        3.267,
        3.001,
        0,
        3.633,
        -2.003,
        0,
        3.967,
        1.925,
        0,
        4.3,
        -1.746,
        0,
        4.6,
        1.045,
        0,
        4.867,
        -0.508,
        0,
        5.167,
        0.175
      ]
    },
    {
      "Target": "Parameter",
      "Id": "dudai1",
      "FadeInTime": -1.0,
      "FadeOutTime": -1.0,
      "Segments": [
        0,
        0,
        0,
        0.1,
        0.001,
        2,
        0.167,
        0.001,
        1,
        0.278,
        0.001,
        0.389,
        0.001,
        0.5,
        0,
        2,
        0.533,
        0,
        2,
        0.633,
        0,
        0,
        1.2,
        0.095,
        0,
        1.733,
        -0.359,
        0,
        2.367,
        0.952,
        0,
        2.933,
        -2.1,
        0,
        3.433,
        2.891,
        0,
        3.867,
        -2.144,
        0,
        4.3,
        0.216,
        1,
        4.344,
        0.216,
        4.389,
        0.21,
        4.433,
        0.17,
        1,
        4.544,
        0.07,
        4.656,
        0,
        4.767,
        0,
        0,
        4.8,
        1.503,
        1,
        4.922,
        1.503,
        5.045,
        1.194,
        5.167,
        0
      ]
    },
    {
      "Target": "Parameter",
      "Id": "dudai2",
      "FadeInTime": -1.0,
      "FadeOutTime": -1.0,
      "Segments": [
        0,
        0,
        2,
        0.033,
        0,
        2,
        0.1,
        0,
        2,
        0.133,
        0,
        2,
        0.167,
        0,
        2,
        0.3,
        0,
        2,
        0.333,
        0,
        2,
        0.367,
        0,
        2,
        0.4,
        0,
        2,
        0.5,
        0,
        0,
        1.033,
        0.098,
        0,
        1.533,
        -0.299,
        2,
        1.567,
        -0.299,
        0,
        2.2,
        0.792,
        0,
        2.767,
        -1.798,
        0,
        3.233,
        2.388,
        0,
        3.633,
        -1.616,
        0,
        3.967,
        0.359,
        0,
        4.233,
        -0.737,
        0,
        4.6,
        1.699,
        1,
        4.656,
        1.699,
        4.711,
        0.84,
        4.767,
        0,
        1,
        4.856,
        -1.344,
        4.944,
        -1.742,
        5.033,
        -1.742,
        1,
        5.078,
        -1.742,
        5.122,
        -0.446,
        5.167,
        0
      ]
    },
    {
      "Target": "Parameter",
      "Id": "dudai3",
      "FadeInTime": -1.0,
      "FadeOutTime": -1.0,
      "Segments": [
        0,
        0,
        0,
        0.1,
        0.001,
        2,
        0.167,
        0.001,
        1,
        0.278,
        0.001,
        0.389,
        0.001,
        0.5,
        0,
        2,
        0.533,
        0,
        2,
        0.633,
        0,
        0,
        1.2,
        0.095,
        0,
        1.733,
        -0.359,
        0,
        2.367,
        0.952,
        0,
        2.933,
        -2.1,
        0,
        3.433,
        2.891,
        0,
        3.867,
        -2.144,
        0,
        4.3,
        0.216,
        1,
        4.344,
        0.216,
        4.389,
        0.21,
        4.433,
        0.17,
        1,
        4.544,
        0.07,
        4.656,
        0,
        4.767,
        0,
        0,
        4.8,
        1.503,
        1,
        4.922,
        1.503,
        5.045,
        1.194,
        5.167,
        0
      ]
    },
    {
      "Target": "Parameter",
      "Id": "dudai4",
      "FadeInTime": -1.0,
      "FadeOutTime": -1.0,
      "Segments": [
        0,
        0,
        2,
        0.033,
        0,
        2,
        0.1,
        0,
        2,
        0.133,
        0,
        2,
        0.167,
        0,
        2,
        0.3,
        0,
        2,
        0.333,
        0,
        2,
        0.367,
        0,
        2,
        0.4,
        0,
        2,
        0.5,
        0,
        0,
        1.033,
        0.098,
        0,
        1.533,
        -0.299,
        2,
        1.567,
        -0.299,
        0,
        2.2,
        0.792,
        0,
        2.767,
        -1.798,
        0,
        3.233,
        2.388,
        0,
        3.633,
        -1.616,
        0,
        3.967,
        0.359,
        0,
        4.233,
        -0.737,
        0,
        4.6,
        1.699,
        1,
        4.656,
        1.699,
        4.711,
        0.84,
        4.767,
        0,
        1,
        4.856,
        -1.344,
        4.944,
        -1.742,
        5.033,
        -1.742,
        1,
        5.078,
        -1.742,
        5.122,
        -0.446,
        5.167,
        0
      ]
    },
    {
      "Target": "Parameter",
      "Id": "menyshou",
      "FadeInTime": -1.0,
      "FadeOutTime": -1.0,
      "Segments": [
        0,
        -30,
        0,
        5.167,
        -30
      ]
    },
    {
      "Target": "Parameter",
      "Id": "heikuang",
      "FadeInTime": -1.0,
      "FadeOutTime": -1.0,
      "Segments": [
        0,
        0,
        0,
        5.167,
        0
      ]
    },
    {
      "Target": "Parameter",
      "Id": "All_X",
      "FadeInTime": -1.0,
      "FadeOutTime": -1.0,
      "Segments": [
        0,
        0,
        0,
        5.167,
        0
      ]
    },
    {
      "Target": "Parameter",
      "Id": "All_Y",
      "FadeInTime": -1.0,
      "FadeOutTime": -1.0,
      "Segments": [
        0,
        0,
        0,
        5.167,
        0
      ]
    },
    {
      "Target": "Parameter",
      "Id": "All_Size",
      "FadeInTime": -1.0,
      "FadeOutTime": -1.0,
      "Segments": [
        0,
        0,
        0,
        5.167,
        0
      ]
    },
    {
      "Target": "Parameter",
      "Id": "All_Angle",
      "FadeInTime": -1.0,
      "FadeOutTime": -1.0,
      "Segments": [
        0,
        0,
        0,
        5.167,
        0
      ]
    },
    {
      "Target": "Parameter",
      "Id": "man_X",
      "FadeInTime": -1.0,
      "FadeOutTime": -1.0,
      "Segments": [
        0,
        0,
        0,
        5.167,
        0
      ]
    },
    {
      "Target": "Parameter",
      "Id": "man_Y",
      "FadeInTime": -1.0,
      "FadeOutTime": -1.0,
      "Segments": [
        0,
        0,
        0,
        5.167,
        0
      ]
    },
    {
      "Target": "Parameter",
      "Id": "man_Angle",
      "FadeInTime": -1.0,
      "FadeOutTime": -1.0,
      "Segments": [
        0,
        0,
        0,
        5.167,
        0
      ]
    },
    {
      "Target": "Parameter",
      "Id": "man_Size",
      "FadeInTime": -1.0,
      "FadeOutTime": -1.0,
      "Segments": [
        0,
        0,
        0,
        5.167,
        0
      ]
    },
    {
      "Target": "Parameter",
      "Id": "FG_Black",
      "FadeInTime": -1.0,
      "FadeOutTime": -1.0,
      "Segments": [
        0,
        0,
        0,
        5.167,
        0
      ]
    },
    {
      "Target": "Parameter",
      "Id": "BG_White",
      "FadeInTime": -1.0,
      "FadeOutTime": -1.0,
      "Segments": [
        0,
        0,
        0,
        5.167,
        0
      ]
    },
    {
      "Target": "Parameter",
      "Id": "huangguang",
      "FadeInTime": -1.0,
      "FadeOutTime": -1.0,
      "Segments": [
        0,
        0,
        0,
        5.167,
        0
      ]
    },
    {
      "Target": "Parameter",
      "Id": "FG_White",
      "FadeInTime": -1.0,
      "FadeOutTime": -1.0,
      "Segments": [
        0,
        0,
        0,
        5.167,
        0
      ]
    },
    {
      "Target": "Parameter",
      "Id": "xgbquan",
      "FadeInTime": -1.0,
      "FadeOutTime": -1.0,
      "Segments": [
        0,
        0,
        0,
        5.167,
        0
      ]
    },
    {
      "Target": "Parameter",
      "Id": "FG_White2",
      "FadeInTime": -1.0,
      "FadeOutTime": -1.0,
      "Segments": [
        0,
        0,
        0,
        5.167,
        0
      ]
    },
    {
      "Target": "Parameter",
      "Id": "qfwyid",
      "FadeInTime": -1.0,
      "FadeOutTime": -1.0,
      "Segments": [
        0,
        0,
        0,
        5.167,
        0
      ]
    },
    {
      "Target": "Parameter",
      "Id": "BG_Black",
      "FadeInTime": -1.0,
      "FadeOutTime": -1.0,
      "Segments": [
        0,
        0,
        0,
        5.167,
        0
      ]
    },
    {
      "Target": "Parameter",
      "Id": "ParamMouthCDisplay",
      "FadeInTime": -1.0,
      "FadeOutTime": -1.0,
      "Segments": [
        0,
        0,
        0,
        5.167,
        0
      ]
    },
    {
      "Target": "Parameter",
      "Id": "ParamForearmLLayer2",
      "FadeInTime": -1.0,
      "FadeOutTime": -1.0,
      "Segments": [
        0,
        0,
        0,
        5.167,
        0
      ]
    },
    {
      "Target": "Parameter",
      "Id": "ParamArmLStretch",
      "FadeInTime": -1.0,
      "FadeOutTime": -1.0,
      "Segments": [
        0,
        0,
        0,
        5.167,
        0
      ]
    },
    {
      "Target": "Parameter",
      "Id": "ParamForearmLChange",
      "FadeInTime": -1.0,
      "FadeOutTime": -1.0,
      "Segments": [
        0,
        0,
        0,
        5.167,
        0
      ]
    },
    {
      "Target": "Parameter",
      "Id": "ParamForearmLStretch",
      "FadeInTime": -1.0,
      "FadeOutTime": -1.0,
      "Segments": [
        0,
        -15,
        0,
        5.167,
        -15
      ]
    },
    {
      "Target": "Parameter",
      "Id": "ParamForearmLLayer",
      "FadeInTime": -1.0,
      "FadeOutTime": -1.0,
      "Segments": [
        0,
        0,
        0,
        5.167,
        0
      ]
    },
    {
      "Target": "Parameter",
      "Id": "ParamHandL1Display",
      "FadeInTime": -1.0,
      "FadeOutTime": -1.0,
      "Segments": [
        0,
        0,
        0,
        5.167,
        0
      ]
    },
    {
      "Target": "Parameter",
      "Id": "ParamHandL2Display",
      "FadeInTime": -1.0,
      "FadeOutTime": -1.0,
      "Segments": [
        0,
        0,
        0,
        5.167,
        0
      ]
    },
    {
      "Target": "Parameter",
      "Id": "ParamHandL3Display",
      "FadeInTime": -1.0,
      "FadeOutTime": -1.0,
      "Segments": [
        0,
        0,
        0,
        5.167,
        0
      ]
    },
    {
      "Target": "Parameter",
      "Id": "ParamForearmL_A",
      "FadeInTime": -1.0,
      "FadeOutTime": -1.0,
      "Segments": [
        0,
        30,
        0,
        5.167,
        30
      ]
    },
    {
      "Target": "Parameter",
      "Id": "ParamForearmL_B",
      "FadeInTime": -1.0,
      "FadeOutTime": -1.0,
      "Segments": [
        0,
        0,
        0,
        5.167,
        0
      ]
    },
    {
      "Target": "Parameter",
      "Id": "ParamForearmL_C",
      "FadeInTime": -1.0,
      "FadeOutTime": -1.0,
      "Segments": [
        0,
        0,
        0,
        5.167,
        0
      ]
    },
    {
      "Target": "Parameter",
      "Id": "zuoshouxiu",
      "FadeInTime": -1.0,
      "FadeOutTime": -1.0,
      "Segments": [
        0,
        0,
        0,
        5.167,
        0
      ]
    },
    {
      "Target": "Parameter",
      "Id": "ParamForearmLAngleX",
      "FadeInTime": -1.0,
      "FadeOutTime": -1.0,
      "Segments": [
        0,
        0,
        0,
        5.167,
        0
      ]
    },
    {
      "Target": "Parameter",
      "Id": "ParamForearmLAngleY",
      "FadeInTime": -1.0,
      "FadeOutTime": -1.0,
      "Segments": [
        0,
        0,
        0,
        5.167,
        0
      ]
    },
    {
      "Target": "Parameter",
      "Id": "ParamHandLAngleX",
      "FadeInTime": -1.0,
      "FadeOutTime": -1.0,
      "Segments": [
        0,
        0,
        0,
        5.167,
        0
      ]
    },
    {
      "Target": "Parameter",
      "Id": "ParamHandLAngleY",
      "FadeInTime": -1.0,
      "FadeOutTime": -1.0,
      "Segments": [
        0,
        0,
        0,
        5.167,
        0
      ]
    },
    {
      "Target": "Parameter",
      "Id": "ParamArmLChange",
      "FadeInTime": -1.0,
      "FadeOutTime": -1.0,
      "Segments": [
        0,
        0,
        0,
        5.167,
        0
      ]
    },
    {
      "Target": "Parameter",
      "Id": "ParamHandRAngleX",
      "FadeInTime": -1.0,
      "FadeOutTime": -1.0,
      "Segments": [
        0,
        0,
        0,
        5.167,
        0
      ]
    },
    {
      "Target": "Parameter",
      "Id": "ParamArmRStretch",
      "FadeInTime": -1.0,
      "FadeOutTime": -1.0,
      "Segments": [
        0,
        0,
        0,
        5.167,
        0
      ]
    },
    {
      "Target": "Parameter",
      "Id": "ParamHandRStretch",
      "FadeInTime": -1.0,
      "FadeOutTime": -1.0,
      "Segments": [
        0,
        0,
        0,
        5.167,
        0
      ]
    },
    {
      "Target": "Parameter",
      "Id": "ParamHandR1Display",
      "FadeInTime": -1.0,
      "FadeOutTime": -1.0,
      "Segments": [
        0,
        0,
        0,
        5.167,
        0
      ]
    },
    {
      "Target": "Parameter",
      "Id": "ParamHandR2Display",
      "FadeInTime": -1.0,
      "FadeOutTime": -1.0,
      "Segments": [
        0,
        0,
        0,
        5.167,
        0
      ]
    },
    {
      "Target": "Parameter",
      "Id": "ParamHandR3Display",
      "FadeInTime": -1.0,
      "FadeOutTime": -1.0,
      "Segments": [
        0,
        0,
        0,
        5.167,
        0
      ]
    },
    {
      "Target": "Parameter",
      "Id": "ParamHandR9Display",
      "FadeInTime": -1.0,
      "FadeOutTime": -1.0,
      "Segments": [
        0,
        0,
        0,
        5.167,
        0
      ]
    },
    {
      "Target": "Parameter",
      "Id": "ParamForearmR_A",
      "FadeInTime": -1.0,
      "FadeOutTime": -1.0,
      "Segments": [
        0,
        30,
        0,
        5.167,
        30
      ]
    },
    {
      "Target": "Parameter",
      "Id": "ParamForearmR_B",
      "FadeInTime": -1.0,
      "FadeOutTime": -1.0,
      "Segments": [
        0,
        0,
        0,
        5.167,
        0
      ]
    },
    {
      "Target": "Parameter",
      "Id": "ParamForearmR_C",
      "FadeInTime": -1.0,
      "FadeOutTime": -1.0,
      "Segments": [
        0,
        0,
        0,
        5.167,
        0
      ]
    },
    {
      "Target": "Parameter",
      "Id": "youshoouxiu",
      "FadeInTime": -1.0,
      "FadeOutTime": -1.0,
      "Segments": [
        0,
        30,
        0,
        5.167,
        30
      ]
    },
    {
      "Target": "Parameter",
      "Id": "ParamArmR_A",
      "FadeInTime": -1.0,
      "FadeOutTime": -1.0,
      "Segments": [
        0,
        0,
        0,
        5.167,
        0
      ]
    },
    {
      "Target": "Parameter",
      "Id": "biguodu",
      "FadeInTime": -1.0,
      "FadeOutTime": -1.0,
      "Segments": [
        0,
        0,
        0,
        5.167,
        0
      ]
    },
    {
      "Target": "Parameter",
      "Id": "biguodujiaodu",
      "FadeInTime": -1.0,
      "FadeOutTime": -1.0,
      "Segments": [
        0,
        0,
        0,
        5.167,
        0
      ]
    },
    {
      "Target": "Parameter",
      "Id": "BIGUODUTMD",
      "FadeInTime": -1.0,
      "FadeOutTime": -1.0,
      "Segments": [
        0,
        0,
        0,
        5.167,
        0
      ]
    },
    {
      "Target": "Parameter",
      "Id": "zhihen",
      "FadeInTime": -1.0,
      "FadeOutTime": -1.0,
      "Segments": [
        0,
        0,
        0,
        5.167,
        0
      ]
    },
    {
      "Target": "Parameter",
      "Id": "shentihuxi",
      "FadeInTime": -1.0,
      "FadeOutTime": -1.0,
      "Segments": [
        0,
        0,
        0,
        5.167,
        0
      ]
    },
    {
      "Target": "Parameter",
      "Id": "ParamLegLStretch",
      "FadeInTime": -1.0,
      "FadeOutTime": -1.0,
      "Segments": [
        0,
        0,
        0,
        5.167,
        0
      ]
    },
    {
      "Target": "Parameter",
      "Id": "ParamCrusLAngle",
      "FadeInTime": -1.0,
      "FadeOutTime": -1.0,
      "Segments": [
        0,
        0,
        0,
        5.167,
        0
      ]
    },
    {
      "Target": "Parameter",
      "Id": "ParamCrusLStretch",
      "FadeInTime": -1.0,
      "FadeOutTime": -1.0,
      "Segments": [
        0,
        0,
        0,
        5.167,
        0
      ]
    },
    {
      "Target": "Parameter",
      "Id": "ParamFooxz",
      "FadeInTime": -1.0,
      "FadeOutTime": -1.0,
      "Segments": [
        0,
        0,
        0,
        5.167,
        0
      ]
    },
    {
      "Target": "Parameter",
      "Id": "ParamCrusLLayer",
      "FadeInTime": -1.0,
      "FadeOutTime": -1.0,
      "Segments": [
        0,
        0,
        0,
        5.167,
        0
      ]
    },
    {
      "Target": "Parameter",
      "Id": "NULL1",
      "FadeInTime": -1.0,
      "FadeOutTime": -1.0,
      "Segments": [
        0,
        0,
        0,
        5.167,
        0
      ]
    },
    {
      "Target": "Parameter",
      "Id": "NULL2",
      "FadeInTime": -1.0,
      "FadeOutTime": -1.0,
      "Segments": [
        0,
        0,
        0,
        5.167,
        0
      ]
    },
    {
      "Target": "Parameter",
      "Id": "NULL3",
      "FadeInTime": -1.0,
      "FadeOutTime": -1.0,
      "Segments": [
        0,
        0,
        0,
        5.167,
        0
      ]
    },
    {
      "Target": "Parameter",
      "Id": "rtuiqei",
      "FadeInTime": -1.0,
      "FadeOutTime": -1.0,
      "Segments": [
        0,
        0,
        0,
        5.167,
        0
      ]
    },
    {
      "Target": "Parameter",
      "Id": "ParamLegRAngle",
      "FadeInTime": -1.0,
      "FadeOutTime": -1.0,
      "Segments": [
        0,
        0,
        0,
        5.167,
        0
      ]
    },
    {
      "Target": "Parameter",
      "Id": "ParamLegRStretch",
      "FadeInTime": -1.0,
      "FadeOutTime": -1.0,
      "Segments": [
        0,
        0,
        0,
        5.167,
        0
      ]
    },
    {
      "Target": "Parameter",
      "Id": "ParamFoodRChange",
      "FadeInTime": -1.0,
      "FadeOutTime": -1.0,
      "Segments": [
        0,
        0,
        0,
        5.167,
        0
      ]
    },
    {
      "Target": "Parameter",
      "Id": "ParamCrusRStretch",
      "FadeInTime": -1.0,
      "FadeOutTime": -1.0,
      "Segments": [
        0,
        0,
        0,
        5.167,
        0
      ]
    },
    {
      "Target": "Parameter",
      "Id": "ParamCrusRLayer",
      "FadeInTime": -1.0,
      "FadeOutTime": -1.0,
      "Segments": [
        0,
        0,
        0,
        5.167,
        0
      ]
    },
    {
      "Target": "Parameter",
      "Id": "siwalq2",
      "FadeInTime": -1.0,
      "FadeOutTime": -1.0,
      "Segments": [
        0,
        0,
        0,
        5.167,
        0
      ]
    },
    {
      "Target": "Parameter",
      "Id": "siwalq",
      "FadeInTime": -1.0,
      "FadeOutTime": -1.0,
      "Segments": [
        0,
        0,
        0,
        5.167,
        0
      ]
    },
    {
      "Target": "Parameter",
      "Id": "laswX",
      "FadeInTime": -1.0,
      "FadeOutTime": -1.0,
      "Segments": [
        0,
        0,
        0,
        5.167,
        0
      ]
    },
    {
      "Target": "Parameter",
      "Id": "laswY",
      "FadeInTime": -1.0,
      "FadeOutTime": -1.0,
      "Segments": [
        0,
        0,
        0,
        5.167,
        0
      ]
    },
    {
      "Target": "Parameter",
      "Id": "rdatuitan",
      "FadeInTime": -1.0,
      "FadeOutTime": -1.0,
      "Segments": [
        0,
        0,
        0,
        5.167,
        0
      ]
    },
    {
      "Target": "Parameter",
      "Id": "rdatuitan2",
      "FadeInTime": -1.0,
      "FadeOutTime": -1.0,
      "Segments": [
        0,
        0,
        0,
        5.167,
        0
      ]
    },
    {
      "Target": "Parameter",
      "Id": "rxtuir",
      "FadeInTime": -1.0,
      "FadeOutTime": -1.0,
      "Segments": [
        0,
        0,
        0,
        5.167,
        0
      ]
    },
    {
      "Target": "Parameter",
      "Id": "rxtuir2",
      "FadeInTime": -1.0,
      "FadeOutTime": -1.0,
      "Segments": [
        0,
        0,
        0,
        5.167,
        0
      ]
    },
    {
      "Target": "Parameter",
      "Id": "ldtuir1",
      "FadeInTime": -1.0,
      "FadeOutTime": -1.0,
      "Segments": [
        0,
        0,
        0,
        5.167,
        0
      ]
    },
    {
      "Target": "Parameter",
      "Id": "ldtuir2",
      "FadeInTime": -1.0,
      "FadeOutTime": -1.0,
      "Segments": [
        0,
        0,
        0,
        5.167,
        0
      ]
    },
    {
      "Target": "Parameter",
      "Id": "lxtuir1",
      "FadeInTime": -1.0,
      "FadeOutTime": -1.0,
      "Segments": [
        0,
        0,
        0,
        5.167,
        0
      ]
    },
    {
      "Target": "Parameter",
      "Id": "lxtuir2",
      "FadeInTime": -1.0,
      "FadeOutTime": -1.0,
      "Segments": [
        0,
        0,
        0,
        5.167,
        0
      ]
    },
    {
      "Target": "Parameter",
      "Id": "Param",
      "FadeInTime": -1.0,
      "FadeOutTime": -1.0,
      "Segments": [
        0,
        0,
        0,
        5.167,
        0
      ]
    },
    {
      "Target": "Parameter",
      "Id": "wanyaoqb",
      "FadeInTime": -1.0,
      "FadeOutTime": -1.0,
      "Segments": [
        0,
        0,
        0,
        5.167,
        0
      ]
    },
    {
      "Target": "Parameter",
      "Id": "lquncji",
      "FadeInTime": -1.0,
      "FadeOutTime": -1.0,
      "Segments": [
        0,
        0,
        0,
        5.167,
        0
      ]
    },
    {
      "Target": "Parameter",
      "Id": "ParamArmLAngleX",
      "FadeInTime": -1.0,
      "FadeOutTime": -1.0,
      "Segments": [
        0,
        0,
        0,
        5.167,
        0
      ]
    },
    {
      "Target": "Parameter",
      "Id": "ParamMouthOpenY",
      "FadeInTime": -1.0,
      "FadeOutTime": -1.0,
      "Segments": [
        0,
        0,
        0,
        5.167,
        0
      ]
    },
    {
      "Target": "Parameter",
      "Id": "sdParamMouthOpenY",
      "FadeInTime": -1.0,
      "FadeOutTime": -1.0,
      "Segments": [
        0,
        0,
        0,
        5.167,
        0
      ]
    },
    {
      "Target": "Parameter",
      "Id": "ParamMouthOpenYSD",
      "FadeInTime": -1.0,
      "FadeOutTime": -1.0,
      "Segments": [
        0,
        0,
        0,
        5.167,
        0
      ]
    },
    {
      "Target": "Parameter",
      "Id": "ParamMouthADisplay",
      "FadeInTime": -1.0,
      "FadeOutTime": -1.0,
      "Segments": [
        0,
        0,
        0,
        5.167,
        0
      ]
    },
    {
      "Target": "Parameter",
      "Id": "ParamMouthBDisplay",
      "FadeInTime": -1.0,
      "FadeOutTime": -1.0,
      "Segments": [
        0,
        0,
        0,
        5.167,
        0
      ]
    },
    {
      "Target": "Parameter",
      "Id": "ParamEyeLSmile",
      "FadeInTime": -1.0,
      "FadeOutTime": -1.0,
      "Segments": [
        0,
        0,
        0,
        5.167,
        0
      ]
    },
    {
      "Target": "Parameter",
      "Id": "ParamEyeRSmile",
      "FadeInTime": -1.0,
      "FadeOutTime": -1.0,
      "Segments": [
        0,
        0,
        0,
        5.167,
        0
      ]
    },
    {
      "Target": "Parameter",
      "Id": "ParamBrowLForm",
      "FadeInTime": -1.0,
      "FadeOutTime": -1.0,
      "Segments": [
        0,
        0,
        0,
        5.167,
        0
      ]
    },
    {
      "Target": "Parameter",
      "Id": "lianhong",
      "FadeInTime": -1.0,
      "FadeOutTime": -1.0,
      "Segments": [
        0,
        0,
        0,
        5.167,
        0
      ]
    },
    {
      "Target": "Parameter",
      "Id": "koushuishangxia",
      "FadeInTime": -1.0,
      "FadeOutTime": -1.0,
      "Segments": [
        0,
        0,
        0,
        5.167,
        0
      ]
    },
    {
      "Target": "Parameter",
      "Id": "koushuizuoyou",
      "FadeInTime": -1.0,
      "FadeOutTime": -1.0,
      "Segments": [
        0,
        0,
        0,
        5.167,
        0
      ]
    },
    {
      "Target": "Parameter",
      "Id": "koushuijiaodu",
      "FadeInTime": -1.0,
      "FadeOutTime": -1.0,
      "Segments": [
        0,
        0,
        0,
        5.167,
        0
      ]
    },
    {
      "Target": "Parameter",
      "Id": "koushuiyaobai",
      "FadeInTime": -1.0,
      "FadeOutTime": -1.0,
      "Segments": [
        0,
        0,
        0,
        5.167,
        0
      ]
    },
    {
      "Target": "Parameter",
      "Id": "koushuichangduan",
      "FadeInTime": -1.0,
      "FadeOutTime": -1.0,
      "Segments": [
        0,
        0,
        0,
        5.167,
        0
      ]
    },
    {
      "Target": "Parameter",
      "Id": "jixiong",
      "FadeInTime": -1.0,
      "FadeOutTime": -1.0,
      "Segments": [
        0,
        0,
        0,
        5.167,
        0
      ]
    },
    {
      "Target": "Parameter",
      "Id": "SD_BustMotionY_L",
      "FadeInTime": -1.0,
      "FadeOutTime": -1.0,
      "Segments": [
        0,
        0,
        0,
        5.167,
        0
      ]
    },
    {
      "Target": "Parameter",
      "Id": "SD_BustMotionY_L2",
      "FadeInTime": -1.0,
      "FadeOutTime": -1.0,
      "Segments": [
        0,
        0,
        0,
        5.167,
        0
      ]
    },
    {
      "Target": "Parameter",
      "Id": "SD_BustMotionY_X",
      "FadeInTime": -1.0,
      "FadeOutTime": -1.0,
      "Segments": [
        0,
        0,
        0,
        5.167,
        0
      ]
    },
    {
      "Target": "Parameter",
      "Id": "Clothes_physics",
      "FadeInTime": -1.0,
      "FadeOutTime": -1.0,
      "Segments": [
        0,
        0,
        0,
        5.167,
        0
      ]
    },
    {
      "Target": "Parameter",
      "Id": "fengeq",
      "FadeInTime": -1.0,
      "FadeOutTime": -1.0,
      "Segments": [
        0,
        0,
        0,
        5.167,
        0
      ]
    },
    {
      "Target": "Parameter",
      "Id": "jihjiu",
      "FadeInTime": -1.0,
      "FadeOutTime": -1.0,
      "Segments": [
        0,
        0,
        0,
        5.167,
        0
      ]
    },
    {
      "Target": "Parameter",
      "Id": "jishen",
      "FadeInTime": -1.0,
      "FadeOutTime": -1.0,
      "Segments": [
        0,
        0,
        0,
        5.167,
        0
      ]
    },
    {
      "Target": "Parameter",
      "Id": "hjjyao",
      "FadeInTime": -1.0,
      "FadeOutTime": -1.0,
      "Segments": [
        0,
        0,
        0,
        5.167,
        0
      ]
    },
    {
      "Target": "Parameter",
      "Id": "jihuxi",
      "FadeInTime": -1.0,
      "FadeOutTime": -1.0,
      "Segments": [
        0,
        0,
        0,
        5.167,
        0
      ]
    },
    {
      "Target": "Parameter",
      "Id": "jimao1",
      "FadeInTime": -1.0,
      "FadeOutTime": -1.0,
      "Segments": [
        0,
        0,
        0,
        5.167,
        0
      ]
    },
    {
      "Target": "Parameter",
      "Id": "jimao2",
      "FadeInTime": -1.0,
      "FadeOutTime": -1.0,
      "Segments": [
        0,
        0,
        0,
        5.167,
        0
      ]
    },
    {
      "Target": "Parameter",
      "Id": "najbq",
      "FadeInTime": -1.0,
      "FadeOutTime": -1.0,
      "Segments": [
        0,
        0,
        0,
        5.167,
        0
      ]
    },
    {
      "Target": "Parameter",
      "Id": "yemiand",
      "FadeInTime": -1.0,
      "FadeOutTime": -1.0,
      "Segments": [
        0,
        0,
        0,
        5.167,
        0
      ]
    },
    {
      "Target": "Parameter",
      "Id": "yemian1",
      "FadeInTime": -1.0,
      "FadeOutTime": -1.0,
      "Segments": [
        0,
        0,
        0,
        5.167,
        0
      ]
    },
    {
      "Target": "Parameter",
      "Id": "yemian2",
      "FadeInTime": -1.0,
      "FadeOutTime": -1.0,
      "Segments": [
        0,
        0,
        0,
        5.167,
        0
      ]
    },
    {
      "Target": "Parameter",
      "Id": "shoujbY",
      "FadeInTime": -1.0,
      "FadeOutTime": -1.0,
      "Segments": [
        0,
        0,
        0,
        5.167,
        0
      ]
    },
    {
      "Target": "Parameter",
      "Id": "shoujbjd",
      "FadeInTime": -1.0,
      "FadeOutTime": -1.0,
      "Segments": [
        0,
        0,
        0,
        5.167,
        0
      ]
    },
    {
      "Target": "Parameter",
      "Id": "shoujbd",
      "FadeInTime": -1.0,
      "FadeOutTime": -1.0,
      "Segments": [
        0,
        0,
        0,
        5.167,
        0
      ]
    },
    {
      "Target": "Parameter",
      "Id": "JIUBEITEXIAO",
      "FadeInTime": -1.0,
      "FadeOutTime": -1.0,
      "Segments": [
        0,
        0,
        0,
        5.167,
        0
      ]
    },
    {
      "Target": "Parameter",
      "Id": "jbeiguang",
      "FadeInTime": -1.0,
      "FadeOutTime": -1.0,
      "Segments": [
        0,
        0,
        0,
        5.167,
        0
      ]
    },
    {
      "Target": "Parameter",
      "Id": "lajbxs",
      "FadeInTime": -1.0,
      "FadeOutTime": -1.0,
      "Segments": [
        0,
        0,
        0,
        5.167,
        0
      ]
    },
    {
      "Target": "Parameter",
      "Id": "touch_drag",
      "FadeInTime": -1.0,
      "FadeOutTime": -1.0,
      "Segments": [
        0,
        0,
        0,
        5.167,
        0
      ]
    },
    {
      "Target": "Parameter",
      "Id": "xinfxs2",
      "FadeInTime": -1.0,
      "FadeOutTime": -1.0,
      "Segments": [
        0,
        0,
        0,
        5.167,
        0
      ]
    },
    {
      "Target": "Parameter",
      "Id": "xinfxs",
      "FadeInTime": -1.0,
      "FadeOutTime": -1.0,
      "Segments": [
        0,
        0,
        0,
        5.167,
        0
      ]
    },
    {
      "Target": "Parameter",
      "Id": "xfzhuan",
      "FadeInTime": -1.0,
      "FadeOutTime": -1.0,
      "Segments": [
        0,
        -30,
        0,
        5.167,
        -30
      ]
    },
    {
      "Target": "Parameter",
      "Id": "xfxuzna",
      "FadeInTime": -1.0,
      "FadeOutTime": -1.0,
      "Segments": [
        0,
        0,
        0,
        5.167,
        0
      ]
    },
    {
      "Target": "Parameter",
      "Id": "yemian3",
      "FadeInTime": -1.0,
      "FadeOutTime": -1.0,
      "Segments": [
        0,
        0,
        0,
        5.167,
        0
      ]
    },
    {
      "Target": "Parameter",
      "Id": "yemian4",
      "FadeInTime": -1.0,
      "FadeOutTime": -1.0,
      "Segments": [
        0,
        0,
        0,
        5.167,
        0
      ]
    },
    {
      "Target": "Parameter",
      "Id": "NULL4",
      "FadeInTime": -1.0,
      "FadeOutTime": -1.0,
      "Segments": [
        0,
        0,
        0,
        5.167,
        0
      ]
    },
    {
      "Target": "Parameter",
      "Id": "NULL5",
      "FadeInTime": -1.0,
      "FadeOutTime": -1.0,
      "Segments": [
        0,
        0,
        0,
        5.167,
        0
      ]
    },
    {
      "Target": "Parameter",
      "Id": "NULL6",
      "FadeInTime": -1.0,
      "FadeOutTime": -1.0,
      "Segments": [
        0,
        0,
        0,
        5.167,
        0
      ]
    },
    {
      "Target": "Parameter",
      "Id": "ParamArmLAngleY",
      "FadeInTime": -1.0,
      "FadeOutTime": -1.0,
      "Segments": [
        0,
        0,
        0,
        5.167,
        0
      ]
    },
    {
      "Target": "Parameter",
      "Id": "ParamArmRAngleX",
      "FadeInTime": -1.0,
      "FadeOutTime": -1.0,
      "Segments": [
        0,
        0,
        0,
        5.167,
        0
      ]
    },
    {
      "Target": "Parameter",
      "Id": "ParamArmRAngleY",
      "FadeInTime": -1.0,
      "FadeOutTime": -1.0,
      "Segments": [
        0,
        0,
        0,
        5.167,
        0
      ]
    },
    {
      "Target": "Parameter",
      "Id": "ParamBodyAngleY",
      "FadeInTime": -1.0,
      "FadeOutTime": -1.0,
      "Segments": [
        0,
        0,
        0,
        5.167,
        0
      ]
    },
    {
      "Target": "Parameter",
      "Id": "ParamBrowLY",
      "FadeInTime": -1.0,
      "FadeOutTime": -1.0,
      "Segments": [
        0,
        0,
        0,
        5.167,
        0
      ]
    },
    {
      "Target": "Parameter",
      "Id": "ParamBrowLX",
      "FadeInTime": -1.0,
      "FadeOutTime": -1.0,
      "Segments": [
        0,
        0,
        0,
        5.167,
        0
      ]
    },
    {
      "Target": "Parameter",
      "Id": "ParamBrowLAngle",
      "FadeInTime": -1.0,
      "FadeOutTime": -1.0,
      "Segments": [
        0,
        0,
        0,
        5.167,
        0
      ]
    },
    {
      "Target": "Parameter",
      "Id": "ParamBrowRY",
      "FadeInTime": -1.0,
      "FadeOutTime": -1.0,
      "Segments": [
        0,
        0,
        0,
        5.167,
        0
      ]
    },
    {
      "Target": "Parameter",
      "Id": "ParamBrowRX",
      "FadeInTime": -1.0,
      "FadeOutTime": -1.0,
      "Segments": [
        0,
        0,
        0,
        5.167,
        0
      ]
    },
    {
      "Target": "Parameter",
      "Id": "ParamBreath",
      "FadeInTime": -1.0,
      "FadeOutTime": -1.0,
      "Segments": [
        0,
        0,
        0,
        5.167,
        0
      ]
    },
    {
      "Target": "Parameter",
      "Id": "ParamBrowRAngle",
      "FadeInTime": -1.0,
      "FadeOutTime": -1.0,
      "Segments": [
        0,
        0,
        0,
        5.167,
        0
      ]
    }
  ],
  "UserData": [
    {
      "Time": 0.0,
      "Value": ""
    },
    {
      "Time": 0.5,
      "Value": ""
    },
    {
      "Time": 4.667,
      "Value": ""
    }
  ]
}