{
  "Version": 3,
  "Meta": {
    "Duration": 4.733,
    "Fps": 30.0,
    "Loop": true,
    "AreBeziersRestricted": true,
    "FadeInTime": 0.0,
    "FadeOutTime": 0.0,
    "CurveCount": 227,
    "TotalSegmentCount": 974,
    "TotalPointCount": 1094,
    "UserDataCount": 3,
    "TotalUserDataSize": 0
  },
  "Curves": [
    {
      "Target": "Model",
      "Id": "LipSync",
      "FadeInTime": -1.0,
      "FadeOutTime": -1.0,
      "Segments": [
        0,
        0.267,
        2,
        0.5,
        0.267,
        0,
        0.567,
        0.314,
        0,
        0.7,
        0.012,
        0,
        0.833,
        0.91,
        0,
        0.9,
        0.871,
        0,
        0.967,
        0.89,
        0,
        1.033,
        0.565,
        0,
        1.1,
        0.933,
        0,
        1.167,
        0.827,
        0,
        1.3,
        0.91,
        0,
        1.367,
        0.867,
        0,
        1.433,
        0.98,
        0,
        1.5,
        0.698,
        0,
        1.633,
        0.965,
        0,
        1.7,
        0.035,
        0,
        1.767,
        0.788,
        0,
        1.833,
        0.004,
        0,
        1.9,
        0.792,
        0,
        1.967,
        0.757,
        0,
        2.033,
        0.855,
        0,
        2.167,
        0.678,
        0,
        2.233,
        0.812,
        0,
        2.3,
        0.129,
        0,
        2.367,
        0.227,
        0,
        2.5,
        0,
        2,
        4.733,
        0
      ]
    },
    {
      "Target": "Parameter",
      "Id": "ParamArmLAngle",
      "FadeInTime": -1.0,
      "FadeOutTime": -1.0,
      "Segments": [
        0,
        0,
        2,
        0.5,
        0,
        1,
        0.611,
        0,
        0.722,
        0.31,
        0.833,
        -0.54,
        1,
        1.033,
        -2.07,
        1.233,
        -12.78,
        1.433,
        -12.78,
        0,
        2.167,
        -9.66,
        0,
        2.667,
        -15.72,
        0,
        4.3,
        0,
        2,
        4.733,
        0
      ]
    },
    {
      "Target": "Parameter",
      "Id": "ParamArmLStretch",
      "FadeInTime": -1.0,
      "FadeOutTime": -1.0,
      "Segments": [
        0,
        0,
        2,
        0.5,
        0,
        0,
        1.433,
        12.76,
        0,
        2.167,
        9,
        2,
        2.667,
        9,
        0,
        4.3,
        0,
        2,
        4.733,
        0
      ]
    },
    {
      "Target": "Parameter",
      "Id": "ParamForearmLAngle",
      "FadeInTime": -1.0,
      "FadeOutTime": -1.0,
      "Segments": [
        0,
        0,
        2,
        0.5,
        0,
        2,
        0.633,
        0,
        0,
        0.967,
        -0.36,
        0,
        1.567,
        5.72,
        1,
        1.811,
        5.72,
        2.056,
        0.761,
        2.3,
        0.62,
        1,
        2.467,
        0.524,
        2.633,
        0.596,
        2.8,
        0.5,
        1,
        3.044,
        0.359,
        3.289,
        -4.15,
        3.533,
        -4.15,
        0,
        4.3,
        0,
        2,
        4.733,
        0
      ]
    },
    {
      "Target": "Parameter",
      "Id": "ParamForearmLStretch",
      "FadeInTime": -1.0,
      "FadeOutTime": -1.0,
      "Segments": [
        0,
        -15,
        2,
        0.5,
        -15,
        2,
        0.633,
        -15,
        1,
        0.933,
        -15,
        1.233,
        -14.906,
        1.533,
        -15.76,
        1,
        1.778,
        -16.456,
        2.022,
        -23.04,
        2.267,
        -23.04,
        2,
        2.767,
        -23.04,
        0,
        4.3,
        -15,
        2,
        4.733,
        -15
      ]
    },
    {
      "Target": "Parameter",
      "Id": "ParamHandLAngle",
      "FadeInTime": -1.0,
      "FadeOutTime": -1.0,
      "Segments": [
        0,
        0,
        2,
        0.5,
        0,
        0,
        0.8,
        0.66,
        0,
        1.133,
        -0.71,
        1,
        1.233,
        -0.71,
        1.333,
        -0.771,
        1.433,
        -0.28,
        1,
        1.533,
        0.211,
        1.633,
        2.46,
        1.733,
        2.46,
        0,
        2.467,
        -1.68,
        1,
        2.634,
        -1.68,
        2.8,
        -1.75,
        2.967,
        -1.56,
        1,
        3.411,
        -1.055,
        3.856,
        0,
        4.3,
        0,
        2,
        4.733,
        0
      ]
    },
    {
      "Target": "Parameter",
      "Id": "ParamHandLChange",
      "FadeInTime": -1.0,
      "FadeOutTime": -1.0,
      "Segments": [
        0,
        0,
        2,
        0.5,
        0,
        0,
        1.433,
        -30,
        2,
        1.933,
        -30,
        0,
        2.067,
        0,
        2,
        4.3,
        0,
        2,
        4.733,
        0
      ]
    },
    {
      "Target": "Parameter",
      "Id": "ParamHandLAnimation",
      "FadeInTime": -1.0,
      "FadeOutTime": -1.0,
      "Segments": [
        0,
        0,
        2,
        0.5,
        0,
        0,
        1.433,
        -30,
        2,
        1.933,
        -30,
        0,
        2.2,
        0,
        2,
        4.3,
        0,
        2,
        4.733,
        0
      ]
    },
    {
      "Target": "Parameter",
      "Id": "ParamHandLREDisplay",
      "FadeInTime": -1.0,
      "FadeOutTime": -1.0,
      "Segments": [
        0,
        30,
        2,
        0.5,
        30,
        2,
        1.167,
        30,
        0,
        1.433,
        0,
        2,
        2.033,
        0,
        0,
        2.067,
        30,
        2,
        4.3,
        30,
        2,
        4.733,
        30
      ]
    },
    {
      "Target": "Parameter",
      "Id": "ParamHandL4Display",
      "FadeInTime": -1.0,
      "FadeOutTime": -1.0,
      "Segments": [
        0,
        0,
        2,
        0.5,
        0,
        2,
        1.167,
        0,
        0,
        1.433,
        15,
        2,
        2.033,
        15,
        0,
        2.067,
        0,
        2,
        4.3,
        0,
        2,
        4.733,
        0
      ]
    },
    {
      "Target": "Parameter",
      "Id": "ParamHandLAngleX",
      "FadeInTime": -1.0,
      "FadeOutTime": -1.0,
      "Segments": [
        0,
        0,
        2,
        0.5,
        0,
        0,
        1.433,
        -2,
        0,
        4.3,
        0,
        2,
        4.733,
        0
      ]
    },
    {
      "Target": "Parameter",
      "Id": "ParamHandLAngleY",
      "FadeInTime": -1.0,
      "FadeOutTime": -1.0,
      "Segments": [
        0,
        0,
        2,
        0.5,
        0,
        0,
        1.433,
        -1,
        0,
        4.3,
        0,
        2,
        4.733,
        0
      ]
    },
    {
      "Target": "Parameter",
      "Id": "ParamArmRAngle",
      "FadeInTime": -1.0,
      "FadeOutTime": -1.0,
      "Segments": [
        0,
        0,
        2,
        0.5,
        0,
        2,
        0.833,
        0,
        0,
        1.333,
        -9.24,
        0,
        2,
        -0.6,
        1,
        2.189,
        -0.6,
        2.378,
        -5.128,
        2.567,
        -7.08,
        1,
        2.734,
        -8.802,
        2.9,
        -9.755,
        3.067,
        -10.327,
        1,
        3.122,
        -10.518,
        3.178,
        -10.446,
        3.233,
        -10.446,
        1,
        3.278,
        -10.446,
        3.322,
        -9.956,
        3.367,
        -9.086,
        1,
        3.678,
        -2.994,
        3.989,
        0,
        4.3,
        0,
        2,
        4.733,
        0
      ]
    },
    {
      "Target": "Parameter",
      "Id": "ParamArmRStretch",
      "FadeInTime": -1.0,
      "FadeOutTime": -1.0,
      "Segments": [
        0,
        0,
        2,
        0.5,
        0,
        2,
        0.833,
        0,
        2,
        1.333,
        0,
        1,
        1.555,
        0,
        1.778,
        -0.389,
        2,
        -1.08,
        1,
        2.189,
        -1.667,
        2.378,
        -1.92,
        2.567,
        -1.92,
        0,
        4.3,
        0,
        2,
        4.733,
        0
      ]
    },
    {
      "Target": "Parameter",
      "Id": "ParamForearmRLayer",
      "FadeInTime": -1.0,
      "FadeOutTime": -1.0,
      "Segments": [
        0,
        -30,
        2,
        0.5,
        -30,
        2,
        0.833,
        -30,
        2,
        1.333,
        -30,
        0,
        1.4,
        0,
        2,
        3.167,
        0,
        0,
        3.267,
        -30,
        2,
        4.3,
        -30,
        2,
        4.733,
        -30
      ]
    },
    {
      "Target": "Parameter",
      "Id": "ParamForearmRAngle",
      "FadeInTime": -1.0,
      "FadeOutTime": -1.0,
      "Segments": [
        0,
        0,
        2,
        0.5,
        0,
        2,
        0.833,
        0,
        0,
        1.033,
        0.84,
        0,
        1.533,
        -0.3,
        0,
        2.267,
        4.44,
        1,
        2.434,
        4.44,
        2.6,
        4.5,
        2.767,
        4.08,
        1,
        2.911,
        3.716,
        3.056,
        -0.476,
        3.2,
        -0.476,
        0,
        4.3,
        0,
        2,
        4.733,
        0
      ]
    },
    {
      "Target": "Parameter",
      "Id": "ParamHandRStretch",
      "FadeInTime": -1.0,
      "FadeOutTime": -1.0,
      "Segments": [
        0,
        0,
        2,
        0.5,
        0,
        2,
        0.833,
        0,
        2,
        1.333,
        0,
        1,
        1.555,
        0,
        1.778,
        -5.08,
        2,
        -10,
        1,
        2.189,
        -14.182,
        2.378,
        -14.86,
        2.567,
        -14.86,
        0,
        4.3,
        0,
        2,
        4.733,
        0
      ]
    },
    {
      "Target": "Parameter",
      "Id": "ParamHandRAngle",
      "FadeInTime": -1.0,
      "FadeOutTime": -1.0,
      "Segments": [
        0,
        0,
        2,
        0.5,
        0,
        2,
        0.833,
        0,
        0,
        1.267,
        3.24,
        0,
        1.9,
        -5.28,
        0,
        2.567,
        5.28,
        1,
        2.678,
        5.28,
        2.789,
        5.29,
        2.9,
        5.263,
        1,
        3.056,
        5.225,
        3.211,
        -3,
        3.367,
        -3,
        0,
        4.3,
        0,
        2,
        4.733,
        0
      ]
    },
    {
      "Target": "Parameter",
      "Id": "ParamAngleX",
      "FadeInTime": -1.0,
      "FadeOutTime": -1.0,
      "Segments": [
        0,
        0,
        2,
        0.5,
        0,
        0,
        0.967,
        -2.031,
        0,
        2.133,
        -2,
        0,
        4.3,
        0,
        2,
        4.733,
        0
      ]
    },
    {
      "Target": "Parameter",
      "Id": "ParamAngleY",
      "FadeInTime": -1.0,
      "FadeOutTime": -1.0,
      "Segments": [
        0,
        0,
        2,
        0.5,
        0,
        2,
        0.733,
        0,
        0,
        1.6,
        19.119,
        0,
        2.2,
        -11,
        0,
        3.067,
        19.119,
        0,
        4.3,
        0,
        2,
        4.733,
        0
      ]
    },
    {
      "Target": "Parameter",
      "Id": "ParamAngleZ",
      "FadeInTime": -1.0,
      "FadeOutTime": -1.0,
      "Segments": [
        0,
        0,
        2,
        0.5,
        0,
        0,
        1,
        2.387,
        0,
        1.667,
        -4,
        0,
        2.533,
        11.02,
        0,
        3.4,
        5.792,
        0,
        4.3,
        0,
        2,
        4.733,
        0
      ]
    },
    {
      "Target": "Parameter",
      "Id": "ParamNeckZ",
      "FadeInTime": -1.0,
      "FadeOutTime": -1.0,
      "Segments": [
        0,
        0,
        2,
        0.5,
        0,
        0,
        0.8,
        2.387,
        0,
        1.467,
        -4,
        0,
        2.333,
        11,
        0,
        3.167,
        5.875,
        0,
        4.3,
        0,
        2,
        4.733,
        0
      ]
    },
    {
      "Target": "Parameter",
      "Id": "ParamBodyAngleX",
      "FadeInTime": -1.0,
      "FadeOutTime": -1.0,
      "Segments": [
        0,
        0,
        2,
        0.5,
        0,
        0,
        1.7,
        -3.79,
        0,
        2.233,
        8.342,
        0,
        3,
        0.979,
        0,
        4.3,
        0,
        2,
        4.733,
        0
      ]
    },
    {
      "Target": "Parameter",
      "Id": "SHENTIY",
      "FadeInTime": -1.0,
      "FadeOutTime": -1.0,
      "Segments": [
        0,
        0,
        2,
        0.5,
        0,
        0,
        1.167,
        -6,
        0,
        1.7,
        10.212,
        0,
        2.333,
        -5.05,
        0,
        3.133,
        0.14,
        0,
        4.3,
        0,
        2,
        4.733,
        0
      ]
    },
    {
      "Target": "Parameter",
      "Id": "QUANTIX",
      "FadeInTime": -1.0,
      "FadeOutTime": -1.0,
      "Segments": [
        0,
        0,
        2,
        0.5,
        0,
        2,
        1.467,
        0,
        0,
        2.133,
        3,
        0,
        2.833,
        0,
        2,
        3.5,
        0,
        2,
        4.3,
        0,
        2,
        4.733,
        0
      ]
    },
    {
      "Target": "Parameter",
      "Id": "QUANTIY",
      "FadeInTime": -1.0,
      "FadeOutTime": -1.0,
      "Segments": [
        0,
        0,
        2,
        0.5,
        0,
        0,
        1,
        -4.244,
        0,
        1.433,
        3,
        0,
        2.1,
        -7.05,
        0,
        2.9,
        -1.86,
        0,
        3.5,
        3,
        0,
        4.3,
        0,
        2,
        4.733,
        0
      ]
    },
    {
      "Target": "Parameter",
      "Id": "ParamChestZ",
      "FadeInTime": -1.0,
      "FadeOutTime": -1.0,
      "Segments": [
        0,
        0,
        2,
        0.5,
        0,
        0,
        1.567,
        5.449,
        0,
        2.233,
        9,
        0,
        2.967,
        7.054,
        0,
        4.3,
        0,
        2,
        4.733,
        0
      ]
    },
    {
      "Target": "Parameter",
      "Id": "ParamWaistZ",
      "FadeInTime": -1.0,
      "FadeOutTime": -1.0,
      "Segments": [
        0,
        0,
        2,
        0.5,
        0,
        0,
        1.367,
        5.443,
        0,
        2,
        9.324,
        0,
        2.733,
        7.378,
        0,
        4.3,
        0,
        2,
        4.733,
        0
      ]
    },
    {
      "Target": "Parameter",
      "Id": "ParamLegLAngle",
      "FadeInTime": -1.0,
      "FadeOutTime": -1.0,
      "Segments": [
        0,
        0,
        2,
        0.5,
        0,
        0,
        1.5,
        2.946,
        0,
        2.067,
        6,
        0,
        2.5,
        4.054,
        0,
        4.3,
        0,
        2,
        4.733,
        0
      ]
    },
    {
      "Target": "Parameter",
      "Id": "ParamShoulderLStretch",
      "FadeInTime": -1.0,
      "FadeOutTime": -1.0,
      "Segments": [
        0,
        0,
        2,
        0.5,
        0,
        0,
        1.033,
        26.355,
        1,
        1.333,
        26.081,
        1.633,
        11.355,
        1.933,
        11.355,
        0,
        2.8,
        26.355,
        0,
        4.3,
        0,
        2,
        4.733,
        0
      ]
    },
    {
      "Target": "Parameter",
      "Id": "ParamShoulderRStretch",
      "FadeInTime": -1.0,
      "FadeOutTime": -1.0,
      "Segments": [
        0,
        0,
        2,
        0.5,
        0,
        0,
        1.033,
        26.355,
        1,
        1.333,
        26.081,
        1.633,
        11.355,
        1.933,
        11.355,
        0,
        2.8,
        26.355,
        0,
        4.3,
        0,
        2,
        4.733,
        0
      ]
    },
    {
      "Target": "Parameter",
      "Id": "ParamFoodLAngle",
      "FadeInTime": -1.0,
      "FadeOutTime": -1.0,
      "Segments": [
        0,
        0,
        2,
        0.5,
        0,
        0,
        1.267,
        1.38,
        0,
        2.7,
        0,
        2,
        4.3,
        0,
        2,
        4.733,
        0
      ]
    },
    {
      "Target": "Parameter",
      "Id": "rdatuif",
      "FadeInTime": -1.0,
      "FadeOutTime": -1.0,
      "Segments": [
        0,
        17,
        2,
        0.5,
        17,
        1,
        0.667,
        17,
        0.833,
        8.466,
        1,
        7.66,
        1,
        1.167,
        6.854,
        1.333,
        7,
        1.5,
        7,
        1,
        1.9,
        7,
        2.3,
        13.929,
        2.7,
        15.68,
        1,
        3.111,
        17.48,
        3.522,
        17.3,
        3.933,
        17.3,
        0,
        4.3,
        17,
        2,
        4.733,
        17
      ]
    },
    {
      "Target": "Parameter",
      "Id": "ParamCrusRAngle",
      "FadeInTime": -1.0,
      "FadeOutTime": -1.0,
      "Segments": [
        0,
        -30,
        2,
        0.5,
        -30,
        0,
        1,
        -26.22,
        1,
        1.167,
        -25.891,
        1.333,
        -27.9,
        1.5,
        -27.9,
        1,
        1.9,
        -29.529,
        2.3,
        -30,
        2.7,
        -30,
        0,
        3.933,
        -29.46,
        0,
        4.3,
        -30,
        2,
        4.733,
        -30
      ]
    },
    {
      "Target": "Parameter",
      "Id": "Param",
      "FadeInTime": -1.0,
      "FadeOutTime": -1.0,
      "Segments": [
        0,
        0,
        2,
        0.5,
        0,
        0,
        1.333,
        30,
        2,
        2.267,
        30,
        0,
        2.7,
        -30,
        0,
        3.5,
        0,
        2,
        4.3,
        0,
        2,
        4.733,
        0
      ]
    },
    {
      "Target": "Parameter",
      "Id": "bangdaijd",
      "FadeInTime": -1.0,
      "FadeOutTime": -1.0,
      "Segments": [
        0,
        0,
        2,
        0.5,
        0,
        1,
        0.733,
        0,
        0.967,
        4.607,
        1.2,
        5,
        1,
        1.744,
        5.917,
        2.289,
        6,
        2.833,
        6,
        1,
        3.144,
        6,
        3.456,
        2.982,
        3.767,
        1,
        1,
        3.945,
        -0.132,
        4.122,
        0,
        4.3,
        0,
        2,
        4.733,
        0
      ]
    },
    {
      "Target": "Parameter",
      "Id": "ParamMouthForm",
      "FadeInTime": -1.0,
      "FadeOutTime": -1.0,
      "Segments": [
        0,
        0,
        2,
        0.5,
        0,
        2,
        0.733,
        0,
        1,
        0.8,
        0.133,
        0.866,
        0.267,
        0.933,
        0.4,
        1,
        0.966,
        0.133,
        1,
        -0.133,
        1.033,
        -0.4,
        1,
        1.078,
        -0.233,
        1.122,
        -0.067,
        1.167,
        0.1,
        1,
        1.222,
        -0.067,
        1.278,
        -0.233,
        1.333,
        -0.4,
        1,
        1.378,
        -0.167,
        1.422,
        0.067,
        1.467,
        0.3,
        1,
        1.5,
        0.167,
        1.534,
        0.033,
        1.567,
        -0.1,
        1,
        1.622,
        -0.033,
        1.678,
        0.033,
        1.733,
        0.1,
        1,
        1.778,
        0.2,
        1.822,
        0.3,
        1.867,
        0.4,
        1,
        1.911,
        0.167,
        1.956,
        -0.067,
        2,
        -0.3,
        1,
        2.033,
        -0.1,
        2.067,
        0.1,
        2.1,
        0.3,
        1,
        2.167,
        0.133,
        2.233,
        -0.033,
        2.3,
        -0.2,
        1,
        2.378,
        -0.133,
        2.455,
        -0.067,
        2.533,
        0,
        2,
        4.3,
        0,
        2,
        4.733,
        0
      ]
    },
    {
      "Target": "Parameter",
      "Id": "ParamEyeLOpen",
      "FadeInTime": -1.0,
      "FadeOutTime": -1.0,
      "Segments": [
        0,
        1,
        2,
        0.5,
        1,
        2,
        1.933,
        1,
        0,
        2.233,
        0,
        2,
        2.733,
        0,
        2,
        3,
        0,
        0,
        3.567,
        1,
        2,
        4.3,
        1,
        2,
        4.733,
        1
      ]
    },
    {
      "Target": "Parameter",
      "Id": "ParamEyeROpen",
      "FadeInTime": -1.0,
      "FadeOutTime": -1.0,
      "Segments": [
        0,
        1,
        2,
        0.5,
        1,
        2,
        1.933,
        1,
        0,
        2.233,
        0,
        2,
        2.733,
        0,
        2,
        3,
        0,
        0,
        3.567,
        1,
        2,
        4.3,
        1,
        2,
        4.733,
        1
      ]
    },
    {
      "Target": "Parameter",
      "Id": "ParamEyeBallX",
      "FadeInTime": -1.0,
      "FadeOutTime": -1.0,
      "Segments": [
        0,
        0,
        2,
        0.5,
        0,
        2,
        0.967,
        0,
        2,
        2,
        0,
        0,
        2.767,
        0.9,
        0,
        3,
        0,
        2,
        4.3,
        0,
        2,
        4.733,
        0
      ]
    },
    {
      "Target": "Parameter",
      "Id": "ParamEyeBallY",
      "FadeInTime": -1.0,
      "FadeOutTime": -1.0,
      "Segments": [
        0,
        0,
        2,
        0.5,
        0,
        1,
        0.656,
        0,
        0.811,
        0.093,
        0.967,
        0.3,
        1,
        1.311,
        0.759,
        1.656,
        1,
        2,
        1,
        0,
        2.767,
        0,
        2,
        3,
        0,
        2,
        4.3,
        0,
        2,
        4.733,
        0
      ]
    },
    {
      "Target": "Parameter",
      "Id": "SD_BustMotionY_L",
      "FadeInTime": -1.0,
      "FadeOutTime": -1.0,
      "Segments": [
        0,
        0,
        2,
        0.5,
        0,
        2,
        2.867,
        0,
        0,
        3.467,
        -30,
        0,
        3.6,
        20,
        0,
        3.8,
        -4,
        0,
        4.3,
        0,
        2,
        4.733,
        0
      ]
    },
    {
      "Target": "Parameter",
      "Id": "Hair_physics",
      "FadeInTime": -1.0,
      "FadeOutTime": -1.0,
      "Segments": [
        0,
        0,
        2,
        0.5,
        0,
        0,
        1,
        1,
        2,
        2,
        1,
        0,
        2.5,
        0,
        2,
        3.667,
        0,
        2,
        4.3,
        0,
        2,
        4.733,
        0
      ]
    },
    {
      "Target": "Parameter",
      "Id": "OP_physics",
      "FadeInTime": -1.0,
      "FadeOutTime": -1.0,
      "Segments": [
        0,
        0,
        2,
        0.5,
        0,
        0,
        1.167,
        1,
        1,
        1.445,
        1,
        1.722,
        1,
        2,
        0.999,
        1,
        2.222,
        0.998,
        2.445,
        0,
        2.667,
        0,
        2,
        4.3,
        0,
        2,
        4.733,
        0
      ]
    },
    {
      "Target": "Parameter",
      "Id": "Clothes_physics",
      "FadeInTime": -1.0,
      "FadeOutTime": -1.0,
      "Segments": [
        0,
        0,
        2,
        0.5,
        0,
        0,
        1.167,
        1,
        2,
        2,
        1,
        0,
        2.833,
        0,
        2,
        4.3,
        0,
        2,
        4.733,
        0
      ]
    },
    {
      "Target": "Parameter",
      "Id": "fajiaodu",
      "FadeInTime": -1.0,
      "FadeOutTime": -1.0,
      "Segments": [
        0,
        0,
        2,
        0.5,
        0,
        0,
        1.067,
        4,
        0,
        1.6,
        -2,
        0,
        2.133,
        20,
        0,
        2.7,
        5,
        0,
        3.433,
        9,
        0,
        4.3,
        0,
        2,
        4.733,
        0
      ]
    },
    {
      "Target": "Parameter",
      "Id": "rqun1",
      "FadeInTime": -1.0,
      "FadeOutTime": -1.0,
      "Segments": [
        0,
        0,
        2,
        0.5,
        0,
        0,
        0.833,
        15.013,
        0,
        1.367,
        -15.013,
        0,
        1.9,
        15.013,
        0,
        2.633,
        -15.013,
        0,
        3.333,
        15.013,
        0,
        4,
        -15.013,
        0,
        4.367,
        0,
        2,
        4.733,
        0
      ]
    },
    {
      "Target": "Parameter",
      "Id": "rqun2",
      "FadeInTime": -1.0,
      "FadeOutTime": -1.0,
      "Segments": [
        0,
        15.013,
        2,
        0.5,
        15.013,
        0,
        1.1,
        -15.013,
        0,
        1.633,
        15.013,
        0,
        2.267,
        -15.013,
        0,
        3,
        15.013,
        0,
        3.733,
        -15.013,
        0,
        4.367,
        15.013,
        2,
        4.733,
        15.013
      ]
    },
    {
      "Target": "Parameter",
      "Id": "qunbai1",
      "FadeInTime": -1.0,
      "FadeOutTime": -1.0,
      "Segments": [
        0,
        0.001,
        2,
        0.5,
        0.001,
        0,
        0.833,
        7,
        0,
        1.367,
        -6.998,
        0,
        1.9,
        7,
        0,
        2.633,
        -6.998,
        0,
        3.333,
        7,
        0,
        4,
        -6.998,
        0,
        4.367,
        0.001,
        2,
        4.733,
        0.001
      ]
    },
    {
      "Target": "Parameter",
      "Id": "qunbai2",
      "FadeInTime": -1.0,
      "FadeOutTime": -1.0,
      "Segments": [
        0,
        7,
        2,
        0.5,
        7,
        0,
        1.1,
        -6.998,
        0,
        1.633,
        7,
        0,
        2.267,
        -6.998,
        0,
        3,
        7,
        0,
        3.733,
        -6.998,
        0,
        4.367,
        7.003,
        0,
        4.733,
        7
      ]
    },
    {
      "Target": "Parameter",
      "Id": "lqun1",
      "FadeInTime": -1.0,
      "FadeOutTime": -1.0,
      "Segments": [
        0,
        0,
        2,
        0.5,
        0,
        0,
        0.833,
        15.013,
        0,
        1.367,
        -15.013,
        0,
        1.9,
        15.013,
        0,
        2.633,
        -15.013,
        0,
        3.333,
        15.013,
        0,
        4,
        -15.013,
        0,
        4.367,
        0,
        2,
        4.733,
        0
      ]
    },
    {
      "Target": "Parameter",
      "Id": "lqun2",
      "FadeInTime": -1.0,
      "FadeOutTime": -1.0,
      "Segments": [
        0,
        15.013,
        2,
        0.5,
        15.013,
        0,
        1.1,
        -15.013,
        0,
        1.633,
        15.013,
        0,
        2.267,
        -15.013,
        0,
        3,
        15.013,
        0,
        3.733,
        -15.013,
        0,
        4.367,
        15.013,
        2,
        4.733,
        15.013
      ]
    },
    {
      "Target": "Parameter",
      "Id": "qunbai3",
      "FadeInTime": -1.0,
      "FadeOutTime": -1.0,
      "Segments": [
        0,
        0.001,
        2,
        0.5,
        0.001,
        0,
        0.833,
        7,
        0,
        1.367,
        -6.998,
        0,
        1.9,
        7,
        0,
        2.633,
        -6.998,
        0,
        3.333,
        7,
        0,
        4,
        -6.998,
        0,
        4.367,
        0.001,
        2,
        4.733,
        0.001
      ]
    },
    {
      "Target": "Parameter",
      "Id": "qunbai4",
      "FadeInTime": -1.0,
      "FadeOutTime": -1.0,
      "Segments": [
        0,
        7,
        2,
        0.5,
        7,
        0,
        1.1,
        -6.998,
        0,
        1.633,
        7,
        0,
        2.267,
        -6.998,
        0,
        3,
        7,
        0,
        3.733,
        -6.998,
        0,
        4.367,
        7.003,
        0,
        4.733,
        7
      ]
    },
    {
      "Target": "Parameter",
      "Id": "ParamHairFront1",
      "FadeInTime": -1.0,
      "FadeOutTime": -1.0,
      "Segments": [
        0,
        0,
        2,
        0.5,
        0,
        0,
        0.833,
        15.013,
        0,
        1.367,
        -15.013,
        0,
        1.9,
        15.013,
        0,
        2.633,
        -15.013,
        0,
        3.333,
        15.013,
        0,
        4,
        -15.013,
        0,
        4.367,
        0,
        2,
        4.733,
        0
      ]
    },
    {
      "Target": "Parameter",
      "Id": "ParamHairFront2",
      "FadeInTime": -1.0,
      "FadeOutTime": -1.0,
      "Segments": [
        0,
        15.013,
        2,
        0.5,
        15.013,
        0,
        1.1,
        -15.013,
        0,
        1.633,
        15.013,
        0,
        2.267,
        -15.013,
        0,
        3,
        15.013,
        0,
        3.733,
        -15.013,
        0,
        4.367,
        15.013,
        2,
        4.733,
        15.013
      ]
    },
    {
      "Target": "Parameter",
      "Id": "ParamHairFront5",
      "FadeInTime": -1.0,
      "FadeOutTime": -1.0,
      "Segments": [
        0,
        -10,
        2,
        0.5,
        -10,
        0,
        0.833,
        20,
        0,
        1.367,
        -20,
        0,
        1.9,
        20,
        0,
        2.633,
        -20,
        0,
        3.333,
        20,
        0,
        4,
        -20,
        0,
        4.367,
        -10,
        2,
        4.733,
        -10
      ]
    },
    {
      "Target": "Parameter",
      "Id": "ParamHairSide1",
      "FadeInTime": -1.0,
      "FadeOutTime": -1.0,
      "Segments": [
        0,
        0,
        2,
        0.5,
        0,
        0,
        0.833,
        15.013,
        0,
        1.367,
        -15.013,
        0,
        1.9,
        15.013,
        0,
        2.633,
        -15.013,
        0,
        3.333,
        15.013,
        0,
        4,
        -15.013,
        0,
        4.367,
        0,
        2,
        4.733,
        0
      ]
    },
    {
      "Target": "Parameter",
      "Id": "ParamHairSide2",
      "FadeInTime": -1.0,
      "FadeOutTime": -1.0,
      "Segments": [
        0,
        15.013,
        2,
        0.5,
        15.013,
        0,
        1.1,
        -15.013,
        0,
        1.633,
        15.013,
        0,
        2.267,
        -15.013,
        0,
        3,
        15.013,
        0,
        3.733,
        -15.013,
        0,
        4.367,
        15.013,
        2,
        4.733,
        15.013
      ]
    },
    {
      "Target": "Parameter",
      "Id": "ParamHairBack1",
      "FadeInTime": -1.0,
      "FadeOutTime": -1.0,
      "Segments": [
        0,
        0,
        2,
        0.5,
        0,
        0,
        0.833,
        15.013,
        0,
        1.367,
        -15.013,
        0,
        1.9,
        15.013,
        0,
        2.633,
        -15.013,
        0,
        3.333,
        15.013,
        0,
        4,
        -15.013,
        0,
        4.367,
        0,
        2,
        4.733,
        0
      ]
    },
    {
      "Target": "Parameter",
      "Id": "ParamHairBack2",
      "FadeInTime": -1.0,
      "FadeOutTime": -1.0,
      "Segments": [
        0,
        15.013,
        2,
        0.5,
        15.013,
        0,
        1.1,
        -15.013,
        0,
        1.633,
        15.013,
        0,
        2.267,
        -15.013,
        0,
        3,
        15.013,
        0,
        3.733,
        -15.013,
        0,
        4.367,
        15.013,
        2,
        4.733,
        15.013
      ]
    },
    {
      "Target": "Parameter",
      "Id": "ParamHairBack3",
      "FadeInTime": -1.0,
      "FadeOutTime": -1.0,
      "Segments": [
        0,
        0,
        2,
        0.5,
        0,
        0,
        0.767,
        15.013,
        0,
        1.133,
        -15.013,
        0,
        1.567,
        15.013,
        0,
        1.933,
        -15.013,
        0,
        2.5,
        15.013,
        0,
        3,
        -15.013,
        0,
        3.5,
        15.013,
        0,
        4.033,
        -15.013,
        0,
        4.367,
        0,
        2,
        4.733,
        0
      ]
    },
    {
      "Target": "Parameter",
      "Id": "ParamHairBack4",
      "FadeInTime": -1.0,
      "FadeOutTime": -1.0,
      "Segments": [
        0,
        15.013,
        2,
        0.5,
        15.013,
        0,
        0.967,
        -15.013,
        0,
        1.367,
        15.013,
        0,
        1.733,
        -15.013,
        0,
        2.267,
        15.013,
        0,
        2.767,
        -15.013,
        0,
        3.267,
        15.013,
        0,
        3.767,
        -15.013,
        0,
        4.367,
        15.013,
        2,
        4.733,
        15.013
      ]
    },
    {
      "Target": "Parameter",
      "Id": "ParamHair1",
      "FadeInTime": -1.0,
      "FadeOutTime": -1.0,
      "Segments": [
        0,
        0,
        2,
        0.067,
        0,
        2,
        0.1,
        0,
        2,
        0.133,
        0,
        2,
        0.3,
        0,
        2,
        0.333,
        0,
        2,
        0.367,
        0,
        2,
        0.4,
        0,
        2,
        0.433,
        0,
        2,
        0.467,
        0,
        2,
        0.5,
        0,
        0,
        0.567,
        0.356,
        0,
        0.9,
        -17.333,
        0,
        1.233,
        19.273,
        0,
        1.533,
        -13.955,
        0,
        1.867,
        10.661,
        0,
        2.133,
        -2.828,
        0,
        2.4,
        15.962,
        0,
        2.733,
        -21.1,
        0,
        3.033,
        14.131,
        0,
        3.367,
        -7.577,
        0,
        3.667,
        4.81,
        0,
        3.967,
        -2.055,
        0,
        4.267,
        1.091,
        0,
        4.567,
        -0.791,
        0,
        4.733,
        0.136
      ]
    },
    {
      "Target": "Parameter",
      "Id": "ParamHair2",
      "FadeInTime": -1.0,
      "FadeOutTime": -1.0,
      "Segments": [
        0,
        0.002,
        0,
        0.267,
        -0.001,
        2,
        0.3,
        -0.001,
        0,
        0.767,
        6.577,
        0,
        1.067,
        -18.037,
        0,
        1.4,
        23.745,
        0,
        1.7,
        -20.483,
        0,
        2.033,
        15.074,
        0,
        2.3,
        -13.155,
        0,
        2.6,
        19.154,
        0,
        2.9,
        -24.542,
        0,
        3.2,
        19.928,
        0,
        3.533,
        -13.873,
        0,
        3.867,
        8.709,
        0,
        4.167,
        -5.08,
        0,
        4.467,
        2.776,
        0,
        4.733,
        -1.417
      ]
    },
    {
      "Target": "Parameter",
      "Id": "ParamHair3",
      "FadeInTime": -1.0,
      "FadeOutTime": -1.0,
      "Segments": [
        0,
        -0.004,
        0,
        0.2,
        0.004,
        0,
        0.5,
        -0.002,
        0,
        0.867,
        6.526,
        0,
        1.167,
        -19.339,
        0,
        1.5,
        28.438,
        0,
        1.833,
        -27.361,
        0,
        2.167,
        21.522,
        0,
        2.467,
        -17.92,
        0,
        2.7,
        20.838,
        0,
        3,
        -27.867,
        0,
        3.333,
        26.583,
        0,
        3.667,
        -20.769,
        0,
        4,
        14.886,
        0,
        4.333,
        -9.624,
        0,
        4.633,
        5.73,
        0,
        4.733,
        3.539
      ]
    },
    {
      "Target": "Parameter",
      "Id": "ParamHair4",
      "FadeInTime": -1.0,
      "FadeOutTime": -1.0,
      "Segments": [
        0,
        -0.009,
        0,
        0.1,
        -0.018,
        0,
        0.4,
        0.009,
        0,
        0.533,
        0.004,
        0,
        0.967,
        6.821,
        0,
        1.233,
        -20.867,
        0,
        1.567,
        30,
        2,
        1.633,
        30,
        0,
        1.9,
        -30,
        2,
        1.967,
        -30,
        0,
        2.3,
        27.475,
        0,
        2.567,
        -21.117,
        0,
        2.833,
        24.797,
        0,
        3.1,
        -30,
        2,
        3.133,
        -30,
        0,
        3.433,
        30,
        2,
        3.5,
        30,
        0,
        3.8,
        -28.228,
        0,
        4.133,
        22.164,
        0,
        4.467,
        -16.105,
        0,
        4.733,
        8.765
      ]
    },
    {
      "Target": "Parameter",
      "Id": "ParamHair5",
      "FadeInTime": -1.0,
      "FadeOutTime": -1.0,
      "Segments": [
        0,
        0.074,
        0,
        0.267,
        -0.042,
        0,
        1.033,
        7.198,
        0,
        1.333,
        -22.558,
        0,
        1.633,
        30,
        2,
        1.733,
        30,
        0,
        2,
        -30,
        2,
        2.1,
        -30,
        0,
        2.367,
        30,
        2,
        2.433,
        30,
        0,
        2.7,
        -24.096,
        0,
        2.967,
        26.306,
        0,
        3.2,
        -30,
        2,
        3.233,
        -30,
        0,
        3.5,
        30,
        2,
        3.6,
        30,
        0,
        3.867,
        -30,
        2,
        3.967,
        -30,
        0,
        4.267,
        29.643,
        0,
        4.6,
        -23.575,
        0,
        4.733,
        -9.303
      ]
    },
    {
      "Target": "Parameter",
      "Id": "ParamHair6",
      "FadeInTime": -1.0,
      "FadeOutTime": -1.0,
      "Segments": [
        0,
        -0.035,
        0,
        0.167,
        0.167,
        0,
        0.467,
        -0.094,
        0,
        1.1,
        7.319,
        0,
        1.4,
        -23.831,
        0,
        1.7,
        30,
        2,
        1.833,
        30,
        0,
        2.067,
        -30,
        2,
        2.2,
        -30,
        0,
        2.467,
        30,
        2,
        2.567,
        30,
        0,
        2.833,
        -29.603,
        0,
        3.067,
        26.876,
        0,
        3.3,
        -30,
        2,
        3.333,
        -30,
        0,
        3.6,
        30,
        2,
        3.733,
        30,
        0,
        3.967,
        -30,
        2,
        4.067,
        -30,
        0,
        4.333,
        30,
        2,
        4.433,
        30,
        0,
        4.733,
        -30
      ]
    },
    {
      "Target": "Parameter",
      "Id": "ParamEyeLGG",
      "FadeInTime": -1.0,
      "FadeOutTime": -1.0,
      "Segments": [
        0,
        0,
        2,
        0.033,
        0,
        2,
        0.067,
        0,
        2,
        1.933,
        0,
        0,
        2.067,
        -10.355,
        0,
        2.267,
        25.678,
        0,
        2.533,
        -19.282,
        0,
        2.833,
        10.981,
        0,
        3.067,
        -1.698,
        0,
        3.2,
        0.067,
        0,
        3.467,
        -5.89,
        0,
        3.767,
        9.221,
        0,
        4.067,
        -6.364,
        0,
        4.367,
        3.349,
        0,
        4.7,
        -1.577,
        0,
        4.733,
        -1.408
      ]
    },
    {
      "Target": "Parameter",
      "Id": "ParamEyeRGG",
      "FadeInTime": -1.0,
      "FadeOutTime": -1.0,
      "Segments": [
        0,
        0,
        2,
        0.033,
        0,
        2,
        0.067,
        0,
        2,
        1.933,
        0,
        0,
        2.067,
        -10.355,
        0,
        2.267,
        25.678,
        0,
        2.533,
        -19.282,
        0,
        2.833,
        10.981,
        0,
        3.067,
        -1.698,
        0,
        3.2,
        0.067,
        0,
        3.467,
        -5.89,
        0,
        3.767,
        9.221,
        0,
        4.067,
        -6.364,
        0,
        4.367,
        3.349,
        0,
        4.7,
        -1.577,
        0,
        4.733,
        -1.408
      ]
    },
    {
      "Target": "Parameter",
      "Id": "ZD_BustLMotionY_L",
      "FadeInTime": -1.0,
      "FadeOutTime": -1.0,
      "Segments": [
        0,
        0.057,
        0,
        0.367,
        -0.036,
        0,
        0.5,
        -0.021,
        0,
        0.833,
        -6.542,
        0,
        1.267,
        8.377,
        0,
        1.667,
        -3.203,
        0,
        2,
        4.022,
        0,
        2.033,
        4.005,
        0,
        2.1,
        4.04,
        0,
        2.7,
        -7.006,
        0,
        3.067,
        3.648,
        0,
        3.5,
        -13.566,
        0,
        3.8,
        10.335,
        0,
        4.233,
        -6.857,
        0,
        4.667,
        4.005,
        0,
        4.733,
        3.46
      ]
    },
    {
      "Target": "Parameter",
      "Id": "ZD_BustLMotionX_L",
      "FadeInTime": -1.0,
      "FadeOutTime": -1.0,
      "Segments": [
        0,
        0,
        2,
        0.5,
        0,
        0,
        0.733,
        0.686,
        0,
        1.033,
        -0.525,
        0,
        1.367,
        0.184,
        0,
        1.667,
        -0.067,
        0,
        1.967,
        0.023,
        0,
        2.467,
        -0.052,
        0,
        2.667,
        -0.046,
        0,
        2.967,
        -0.054,
        2,
        3,
        -0.054,
        2,
        3.033,
        -0.054,
        0,
        3.067,
        -0.053,
        2,
        3.1,
        -0.053,
        0,
        3.133,
        -0.052,
        2,
        3.167,
        -0.052,
        0,
        3.2,
        -0.05,
        2,
        3.233,
        -0.05,
        0,
        4.167,
        0.029,
        0,
        4.3,
        0,
        2,
        4.733,
        0
      ]
    },
    {
      "Target": "Parameter",
      "Id": "ZD_BustRMotionY_L",
      "FadeInTime": -1.0,
      "FadeOutTime": -1.0,
      "Segments": [
        0,
        0.011,
        0,
        0.1,
        0.015,
        0,
        0.833,
        -6.559,
        0,
        1.267,
        8.387,
        0,
        1.667,
        -3.209,
        0,
        2,
        4.027,
        0,
        2.033,
        4.009,
        0,
        2.1,
        4.043,
        0,
        2.7,
        -7.006,
        0,
        3.133,
        6.019,
        0,
        3.567,
        -2.907,
        0,
        3.967,
        1.718,
        0,
        4.4,
        -1.663,
        0,
        4.733,
        0.798
      ]
    },
    {
      "Target": "Parameter",
      "Id": "ZD_BustRMotionX_L",
      "FadeInTime": -1.0,
      "FadeOutTime": -1.0,
      "Segments": [
        0,
        0,
        2,
        0.5,
        0,
        0,
        0.733,
        0.686,
        0,
        1.033,
        -0.525,
        0,
        1.367,
        0.184,
        0,
        1.667,
        -0.067,
        0,
        1.967,
        0.023,
        0,
        2.467,
        -0.052,
        0,
        2.667,
        -0.046,
        0,
        2.967,
        -0.054,
        2,
        3,
        -0.054,
        2,
        3.033,
        -0.054,
        0,
        3.067,
        -0.053,
        2,
        3.1,
        -0.053,
        0,
        3.133,
        -0.052,
        2,
        3.167,
        -0.052,
        0,
        3.2,
        -0.05,
        2,
        3.233,
        -0.05,
        0,
        4.167,
        0.029,
        0,
        4.3,
        0,
        2,
        4.733,
        0
      ]
    },
    {
      "Target": "Parameter",
      "Id": "ZD_BustLMotionY_X",
      "FadeInTime": -1.0,
      "FadeOutTime": -1.0,
      "Segments": [
        0,
        0.086,
        0,
        0.067,
        0.102,
        0,
        0.5,
        -0.06,
        0,
        0.633,
        1.236,
        0,
        1.033,
        -13.377,
        0,
        1.433,
        11.563,
        0,
        1.8,
        -7.355,
        0,
        2.167,
        8.758,
        0,
        2.9,
        -10.224,
        0,
        3.3,
        14.887,
        0,
        3.633,
        -27.476,
        0,
        3.967,
        22.51,
        0,
        4.367,
        -12.319,
        0,
        4.733,
        6.223
      ]
    },
    {
      "Target": "Parameter",
      "Id": "ZD_BustLMotionX_X",
      "FadeInTime": -1.0,
      "FadeOutTime": -1.0,
      "Segments": [
        0,
        0,
        2,
        0.5,
        0,
        0,
        0.633,
        -0.413,
        0,
        0.933,
        0.625,
        0,
        1.2,
        -0.667,
        0,
        1.5,
        0.422,
        0,
        1.8,
        -0.216,
        0,
        2.1,
        0.1,
        0,
        2.467,
        -0.037,
        0,
        2.8,
        0.016,
        0,
        3.067,
        -0.007,
        2,
        3.1,
        -0.007,
        0,
        3.133,
        -0.008,
        0,
        3.367,
        0.001,
        2,
        3.4,
        0.001,
        0,
        3.433,
        0.002,
        0,
        3.467,
        0.001,
        2,
        3.5,
        0.001,
        0,
        3.733,
        -0.004,
        2,
        3.767,
        -0.004,
        0,
        4,
        -0.002,
        0,
        4.167,
        -0.029,
        0,
        4.3,
        0,
        2,
        4.733,
        0
      ]
    },
    {
      "Target": "Parameter",
      "Id": "ZD_BustRMotionY_X",
      "FadeInTime": -1.0,
      "FadeOutTime": -1.0,
      "Segments": [
        0,
        -0.009,
        0,
        0.233,
        0.025,
        0,
        0.5,
        -0.005,
        0,
        0.633,
        1.254,
        0,
        1.033,
        -13.391,
        0,
        1.433,
        11.573,
        0,
        1.8,
        -7.364,
        0,
        2.167,
        8.764,
        0,
        2.9,
        -10.27,
        0,
        3.3,
        9.267,
        0,
        3.7,
        -4.587,
        0,
        4.1,
        3.694,
        0,
        4.533,
        -2.609,
        0,
        4.733,
        -0.457
      ]
    },
    {
      "Target": "Parameter",
      "Id": "ZD_BustRMotionX_X",
      "FadeInTime": -1.0,
      "FadeOutTime": -1.0,
      "Segments": [
        0,
        0,
        2,
        0.5,
        0,
        0,
        0.633,
        -0.413,
        0,
        0.933,
        0.625,
        0,
        1.2,
        -0.667,
        0,
        1.5,
        0.422,
        0,
        1.8,
        -0.216,
        0,
        2.1,
        0.1,
        0,
        2.467,
        -0.037,
        0,
        2.8,
        0.016,
        0,
        3.067,
        -0.007,
        2,
        3.1,
        -0.007,
        0,
        3.133,
        -0.008,
        0,
        3.367,
        0.001,
        2,
        3.4,
        0.001,
        0,
        3.433,
        0.002,
        0,
        3.467,
        0.001,
        2,
        3.5,
        0.001,
        0,
        3.733,
        -0.004,
        2,
        3.767,
        -0.004,
        0,
        4,
        -0.002,
        0,
        4.167,
        -0.029,
        0,
        4.3,
        0,
        2,
        4.733,
        0
      ]
    },
    {
      "Target": "Parameter",
      "Id": "dudai1",
      "FadeInTime": -1.0,
      "FadeOutTime": -1.0,
      "Segments": [
        0,
        0,
        0,
        0.233,
        0.005,
        2,
        0.267,
        0.005,
        1,
        0.345,
        0.005,
        0.422,
        0.003,
        0.5,
        0,
        1,
        0.522,
        -0.001,
        0.545,
        -0.001,
        0.567,
        -0.001,
        0,
        1.2,
        2.653,
        0,
        1.667,
        -8.181,
        0,
        2.1,
        11.042,
        0,
        2.567,
        -10.53,
        0,
        3.067,
        9.211,
        0,
        3.6,
        -8.106,
        0,
        4.133,
        7.362,
        0,
        4.6,
        -5.596,
        0,
        4.733,
        0
      ]
    },
    {
      "Target": "Parameter",
      "Id": "dudai2",
      "FadeInTime": -1.0,
      "FadeOutTime": -1.0,
      "Segments": [
        0,
        0,
        0,
        0.333,
        -0.002,
        1,
        0.389,
        -0.002,
        0.444,
        -0.005,
        0.5,
        0,
        1,
        0.678,
        0.016,
        0.855,
        2.767,
        1.033,
        2.767,
        0,
        1.467,
        -7.771,
        0,
        1.9,
        9.685,
        0,
        2.333,
        -8.411,
        0,
        2.8,
        6.397,
        0,
        3.4,
        -5.051,
        0,
        3.9,
        5.063,
        0,
        4.367,
        -3.753,
        0,
        4.733,
        0
      ]
    },
    {
      "Target": "Parameter",
      "Id": "dudai3",
      "FadeInTime": -1.0,
      "FadeOutTime": -1.0,
      "Segments": [
        0,
        0,
        0,
        0.233,
        0.005,
        2,
        0.267,
        0.005,
        1,
        0.345,
        0.005,
        0.422,
        0.003,
        0.5,
        0,
        1,
        0.522,
        -0.001,
        0.545,
        -0.001,
        0.567,
        -0.001,
        0,
        1.2,
        2.653,
        0,
        1.667,
        -8.181,
        0,
        2.1,
        11.042,
        0,
        2.567,
        -10.53,
        0,
        3.067,
        9.211,
        0,
        3.6,
        -8.106,
        0,
        4.133,
        7.362,
        0,
        4.6,
        -5.596,
        0,
        4.733,
        0
      ]
    },
    {
      "Target": "Parameter",
      "Id": "dudai4",
      "FadeInTime": -1.0,
      "FadeOutTime": -1.0,
      "Segments": [
        0,
        0,
        0,
        0.333,
        -0.002,
        1,
        0.389,
        -0.002,
        0.444,
        -0.005,
        0.5,
        0,
        1,
        0.678,
        0.016,
        0.855,
        2.767,
        1.033,
        2.767,
        0,
        1.467,
        -7.771,
        0,
        1.9,
        9.685,
        0,
        2.333,
        -8.411,
        0,
        2.8,
        6.397,
        0,
        3.4,
        -5.051,
        0,
        3.9,
        5.063,
        0,
        4.367,
        -3.753,
        0,
        4.733,
        0
      ]
    },
    {
      "Target": "Parameter",
      "Id": "menyshou",
      "FadeInTime": -1.0,
      "FadeOutTime": -1.0,
      "Segments": [
        0,
        -30,
        0,
        4.733,
        -30
      ]
    },
    {
      "Target": "Parameter",
      "Id": "heikuang",
      "FadeInTime": -1.0,
      "FadeOutTime": -1.0,
      "Segments": [
        0,
        0,
        0,
        4.733,
        0
      ]
    },
    {
      "Target": "Parameter",
      "Id": "All_X",
      "FadeInTime": -1.0,
      "FadeOutTime": -1.0,
      "Segments": [
        0,
        0,
        0,
        4.733,
        0
      ]
    },
    {
      "Target": "Parameter",
      "Id": "All_Y",
      "FadeInTime": -1.0,
      "FadeOutTime": -1.0,
      "Segments": [
        0,
        0,
        0,
        4.733,
        0
      ]
    },
    {
      "Target": "Parameter",
      "Id": "All_Size",
      "FadeInTime": -1.0,
      "FadeOutTime": -1.0,
      "Segments": [
        0,
        0,
        0,
        4.733,
        0
      ]
    },
    {
      "Target": "Parameter",
      "Id": "All_Angle",
      "FadeInTime": -1.0,
      "FadeOutTime": -1.0,
      "Segments": [
        0,
        0,
        0,
        4.733,
        0
      ]
    },
    {
      "Target": "Parameter",
      "Id": "man_X",
      "FadeInTime": -1.0,
      "FadeOutTime": -1.0,
      "Segments": [
        0,
        0,
        0,
        4.733,
        0
      ]
    },
    {
      "Target": "Parameter",
      "Id": "man_Y",
      "FadeInTime": -1.0,
      "FadeOutTime": -1.0,
      "Segments": [
        0,
        0,
        0,
        4.733,
        0
      ]
    },
    {
      "Target": "Parameter",
      "Id": "man_Angle",
      "FadeInTime": -1.0,
      "FadeOutTime": -1.0,
      "Segments": [
        0,
        0,
        0,
        4.733,
        0
      ]
    },
    {
      "Target": "Parameter",
      "Id": "man_Size",
      "FadeInTime": -1.0,
      "FadeOutTime": -1.0,
      "Segments": [
        0,
        0,
        0,
        4.733,
        0
      ]
    },
    {
      "Target": "Parameter",
      "Id": "FG_Black",
      "FadeInTime": -1.0,
      "FadeOutTime": -1.0,
      "Segments": [
        0,
        0,
        0,
        4.733,
        0
      ]
    },
    {
      "Target": "Parameter",
      "Id": "BG_White",
      "FadeInTime": -1.0,
      "FadeOutTime": -1.0,
      "Segments": [
        0,
        0,
        0,
        4.733,
        0
      ]
    },
    {
      "Target": "Parameter",
      "Id": "huangguang",
      "FadeInTime": -1.0,
      "FadeOutTime": -1.0,
      "Segments": [
        0,
        0,
        0,
        4.733,
        0
      ]
    },
    {
      "Target": "Parameter",
      "Id": "FG_White",
      "FadeInTime": -1.0,
      "FadeOutTime": -1.0,
      "Segments": [
        0,
        0,
        0,
        4.733,
        0
      ]
    },
    {
      "Target": "Parameter",
      "Id": "xgbquan",
      "FadeInTime": -1.0,
      "FadeOutTime": -1.0,
      "Segments": [
        0,
        0,
        0,
        4.733,
        0
      ]
    },
    {
      "Target": "Parameter",
      "Id": "FG_White2",
      "FadeInTime": -1.0,
      "FadeOutTime": -1.0,
      "Segments": [
        0,
        0,
        0,
        4.733,
        0
      ]
    },
    {
      "Target": "Parameter",
      "Id": "qfwyid",
      "FadeInTime": -1.0,
      "FadeOutTime": -1.0,
      "Segments": [
        0,
        0,
        0,
        4.733,
        0
      ]
    },
    {
      "Target": "Parameter",
      "Id": "BG_Black",
      "FadeInTime": -1.0,
      "FadeOutTime": -1.0,
      "Segments": [
        0,
        0,
        0,
        4.733,
        0
      ]
    },
    {
      "Target": "Parameter",
      "Id": "ParamMouthCDisplay",
      "FadeInTime": -1.0,
      "FadeOutTime": -1.0,
      "Segments": [
        0,
        0,
        0,
        4.733,
        0
      ]
    },
    {
      "Target": "Parameter",
      "Id": "ParamForearmLLayer2",
      "FadeInTime": -1.0,
      "FadeOutTime": -1.0,
      "Segments": [
        0,
        0,
        0,
        4.733,
        0
      ]
    },
    {
      "Target": "Parameter",
      "Id": "ParamForearmLChange",
      "FadeInTime": -1.0,
      "FadeOutTime": -1.0,
      "Segments": [
        0,
        0,
        0,
        4.733,
        0
      ]
    },
    {
      "Target": "Parameter",
      "Id": "ParamForearmLLayer",
      "FadeInTime": -1.0,
      "FadeOutTime": -1.0,
      "Segments": [
        0,
        0,
        0,
        4.733,
        0
      ]
    },
    {
      "Target": "Parameter",
      "Id": "ParamHandL1Display",
      "FadeInTime": -1.0,
      "FadeOutTime": -1.0,
      "Segments": [
        0,
        0,
        0,
        4.733,
        0
      ]
    },
    {
      "Target": "Parameter",
      "Id": "ParamHandL2Display",
      "FadeInTime": -1.0,
      "FadeOutTime": -1.0,
      "Segments": [
        0,
        0,
        0,
        4.733,
        0
      ]
    },
    {
      "Target": "Parameter",
      "Id": "ParamHandL3Display",
      "FadeInTime": -1.0,
      "FadeOutTime": -1.0,
      "Segments": [
        0,
        0,
        0,
        4.733,
        0
      ]
    },
    {
      "Target": "Parameter",
      "Id": "ParamForearmL_A",
      "FadeInTime": -1.0,
      "FadeOutTime": -1.0,
      "Segments": [
        0,
        30,
        0,
        4.733,
        30
      ]
    },
    {
      "Target": "Parameter",
      "Id": "ParamForearmL_B",
      "FadeInTime": -1.0,
      "FadeOutTime": -1.0,
      "Segments": [
        0,
        0,
        0,
        4.733,
        0
      ]
    },
    {
      "Target": "Parameter",
      "Id": "ParamForearmL_C",
      "FadeInTime": -1.0,
      "FadeOutTime": -1.0,
      "Segments": [
        0,
        0,
        0,
        4.733,
        0
      ]
    },
    {
      "Target": "Parameter",
      "Id": "zuoshouxiu",
      "FadeInTime": -1.0,
      "FadeOutTime": -1.0,
      "Segments": [
        0,
        0,
        0,
        4.733,
        0
      ]
    },
    {
      "Target": "Parameter",
      "Id": "zuoshoudaxiao",
      "FadeInTime": -1.0,
      "FadeOutTime": -1.0,
      "Segments": [
        0,
        0,
        0,
        4.733,
        0
      ]
    },
    {
      "Target": "Parameter",
      "Id": "ParamForearmLAngleX",
      "FadeInTime": -1.0,
      "FadeOutTime": -1.0,
      "Segments": [
        0,
        0,
        0,
        4.733,
        0
      ]
    },
    {
      "Target": "Parameter",
      "Id": "ParamForearmLAngleY",
      "FadeInTime": -1.0,
      "FadeOutTime": -1.0,
      "Segments": [
        0,
        0,
        0,
        4.733,
        0
      ]
    },
    {
      "Target": "Parameter",
      "Id": "ParamArmLChange",
      "FadeInTime": -1.0,
      "FadeOutTime": -1.0,
      "Segments": [
        0,
        0,
        0,
        4.733,
        0
      ]
    },
    {
      "Target": "Parameter",
      "Id": "ParamForearmRAngleX",
      "FadeInTime": -1.0,
      "FadeOutTime": -1.0,
      "Segments": [
        0,
        0,
        0,
        4.733,
        0
      ]
    },
    {
      "Target": "Parameter",
      "Id": "ParamForearmRAngleY",
      "FadeInTime": -1.0,
      "FadeOutTime": -1.0,
      "Segments": [
        0,
        0,
        0,
        4.733,
        0
      ]
    },
    {
      "Target": "Parameter",
      "Id": "ParamHandRAngleX",
      "FadeInTime": -1.0,
      "FadeOutTime": -1.0,
      "Segments": [
        0,
        0,
        0,
        4.733,
        0
      ]
    },
    {
      "Target": "Parameter",
      "Id": "ParamHandRAngleY",
      "FadeInTime": -1.0,
      "FadeOutTime": -1.0,
      "Segments": [
        0,
        0,
        0,
        4.733,
        0
      ]
    },
    {
      "Target": "Parameter",
      "Id": "ParamArmRChange",
      "FadeInTime": -1.0,
      "FadeOutTime": -1.0,
      "Segments": [
        0,
        0,
        0,
        4.733,
        0
      ]
    },
    {
      "Target": "Parameter",
      "Id": "ParamForearmRChange",
      "FadeInTime": -1.0,
      "FadeOutTime": -1.0,
      "Segments": [
        0,
        0,
        0,
        4.733,
        0
      ]
    },
    {
      "Target": "Parameter",
      "Id": "ParamHandRChange",
      "FadeInTime": -1.0,
      "FadeOutTime": -1.0,
      "Segments": [
        0,
        0,
        0,
        4.733,
        0
      ]
    },
    {
      "Target": "Parameter",
      "Id": "ParamHandRAnimation",
      "FadeInTime": -1.0,
      "FadeOutTime": -1.0,
      "Segments": [
        0,
        0,
        0,
        4.733,
        0
      ]
    },
    {
      "Target": "Parameter",
      "Id": "ParamHandRREDisplay",
      "FadeInTime": -1.0,
      "FadeOutTime": -1.0,
      "Segments": [
        0,
        30,
        0,
        4.733,
        30
      ]
    },
    {
      "Target": "Parameter",
      "Id": "ParamHandR1Display",
      "FadeInTime": -1.0,
      "FadeOutTime": -1.0,
      "Segments": [
        0,
        0,
        0,
        4.733,
        0
      ]
    },
    {
      "Target": "Parameter",
      "Id": "ParamHandR2Display",
      "FadeInTime": -1.0,
      "FadeOutTime": -1.0,
      "Segments": [
        0,
        0,
        0,
        4.733,
        0
      ]
    },
    {
      "Target": "Parameter",
      "Id": "ParamHandR3Display",
      "FadeInTime": -1.0,
      "FadeOutTime": -1.0,
      "Segments": [
        0,
        0,
        0,
        4.733,
        0
      ]
    },
    {
      "Target": "Parameter",
      "Id": "ParamHandR4Display",
      "FadeInTime": -1.0,
      "FadeOutTime": -1.0,
      "Segments": [
        0,
        0,
        0,
        4.733,
        0
      ]
    },
    {
      "Target": "Parameter",
      "Id": "ParamHandR9Display",
      "FadeInTime": -1.0,
      "FadeOutTime": -1.0,
      "Segments": [
        0,
        0,
        0,
        4.733,
        0
      ]
    },
    {
      "Target": "Parameter",
      "Id": "ParamForearmR_A",
      "FadeInTime": -1.0,
      "FadeOutTime": -1.0,
      "Segments": [
        0,
        30,
        0,
        4.733,
        30
      ]
    },
    {
      "Target": "Parameter",
      "Id": "ParamForearmR_B",
      "FadeInTime": -1.0,
      "FadeOutTime": -1.0,
      "Segments": [
        0,
        0,
        0,
        4.733,
        0
      ]
    },
    {
      "Target": "Parameter",
      "Id": "ParamForearmR_C",
      "FadeInTime": -1.0,
      "FadeOutTime": -1.0,
      "Segments": [
        0,
        0,
        0,
        4.733,
        0
      ]
    },
    {
      "Target": "Parameter",
      "Id": "youshoouxiu",
      "FadeInTime": -1.0,
      "FadeOutTime": -1.0,
      "Segments": [
        0,
        30,
        0,
        4.733,
        30
      ]
    },
    {
      "Target": "Parameter",
      "Id": "ParamArmR_A",
      "FadeInTime": -1.0,
      "FadeOutTime": -1.0,
      "Segments": [
        0,
        0,
        0,
        4.733,
        0
      ]
    },
    {
      "Target": "Parameter",
      "Id": "biguodu",
      "FadeInTime": -1.0,
      "FadeOutTime": -1.0,
      "Segments": [
        0,
        0,
        0,
        4.733,
        0
      ]
    },
    {
      "Target": "Parameter",
      "Id": "biguodujiaodu",
      "FadeInTime": -1.0,
      "FadeOutTime": -1.0,
      "Segments": [
        0,
        0,
        0,
        4.733,
        0
      ]
    },
    {
      "Target": "Parameter",
      "Id": "BIGUODUTMD",
      "FadeInTime": -1.0,
      "FadeOutTime": -1.0,
      "Segments": [
        0,
        0,
        0,
        4.733,
        0
      ]
    },
    {
      "Target": "Parameter",
      "Id": "youshoudaxiao",
      "FadeInTime": -1.0,
      "FadeOutTime": -1.0,
      "Segments": [
        0,
        0,
        0,
        4.733,
        0
      ]
    },
    {
      "Target": "Parameter",
      "Id": "zhihen",
      "FadeInTime": -1.0,
      "FadeOutTime": -1.0,
      "Segments": [
        0,
        0,
        0,
        4.733,
        0
      ]
    },
    {
      "Target": "Parameter",
      "Id": "shentihuxi",
      "FadeInTime": -1.0,
      "FadeOutTime": -1.0,
      "Segments": [
        0,
        0,
        0,
        4.733,
        0
      ]
    },
    {
      "Target": "Parameter",
      "Id": "ParamLegLStretch",
      "FadeInTime": -1.0,
      "FadeOutTime": -1.0,
      "Segments": [
        0,
        0,
        0,
        4.733,
        0
      ]
    },
    {
      "Target": "Parameter",
      "Id": "ParamCrusLAngle",
      "FadeInTime": -1.0,
      "FadeOutTime": -1.0,
      "Segments": [
        0,
        0,
        0,
        4.733,
        0
      ]
    },
    {
      "Target": "Parameter",
      "Id": "ParamCrusLStretch",
      "FadeInTime": -1.0,
      "FadeOutTime": -1.0,
      "Segments": [
        0,
        0,
        0,
        4.733,
        0
      ]
    },
    {
      "Target": "Parameter",
      "Id": "ParamFooxz",
      "FadeInTime": -1.0,
      "FadeOutTime": -1.0,
      "Segments": [
        0,
        0,
        0,
        4.733,
        0
      ]
    },
    {
      "Target": "Parameter",
      "Id": "ParamCrusLLayer",
      "FadeInTime": -1.0,
      "FadeOutTime": -1.0,
      "Segments": [
        0,
        0,
        0,
        4.733,
        0
      ]
    },
    {
      "Target": "Parameter",
      "Id": "NULL1",
      "FadeInTime": -1.0,
      "FadeOutTime": -1.0,
      "Segments": [
        0,
        0,
        0,
        4.733,
        0
      ]
    },
    {
      "Target": "Parameter",
      "Id": "NULL2",
      "FadeInTime": -1.0,
      "FadeOutTime": -1.0,
      "Segments": [
        0,
        0,
        0,
        4.733,
        0
      ]
    },
    {
      "Target": "Parameter",
      "Id": "NULL3",
      "FadeInTime": -1.0,
      "FadeOutTime": -1.0,
      "Segments": [
        0,
        0,
        0,
        4.733,
        0
      ]
    },
    {
      "Target": "Parameter",
      "Id": "rtuiqei",
      "FadeInTime": -1.0,
      "FadeOutTime": -1.0,
      "Segments": [
        0,
        0,
        0,
        4.733,
        0
      ]
    },
    {
      "Target": "Parameter",
      "Id": "ParamLegRAngle",
      "FadeInTime": -1.0,
      "FadeOutTime": -1.0,
      "Segments": [
        0,
        0,
        0,
        4.733,
        0
      ]
    },
    {
      "Target": "Parameter",
      "Id": "ParamLegRStretch",
      "FadeInTime": -1.0,
      "FadeOutTime": -1.0,
      "Segments": [
        0,
        0,
        0,
        4.733,
        0
      ]
    },
    {
      "Target": "Parameter",
      "Id": "ParamFoodRAngle",
      "FadeInTime": -1.0,
      "FadeOutTime": -1.0,
      "Segments": [
        0,
        0,
        0,
        4.733,
        0
      ]
    },
    {
      "Target": "Parameter",
      "Id": "ParamFoodRChange",
      "FadeInTime": -1.0,
      "FadeOutTime": -1.0,
      "Segments": [
        0,
        0,
        0,
        4.733,
        0
      ]
    },
    {
      "Target": "Parameter",
      "Id": "ParamCrusRStretch",
      "FadeInTime": -1.0,
      "FadeOutTime": -1.0,
      "Segments": [
        0,
        0,
        0,
        4.733,
        0
      ]
    },
    {
      "Target": "Parameter",
      "Id": "ParamCrusRLayer",
      "FadeInTime": -1.0,
      "FadeOutTime": -1.0,
      "Segments": [
        0,
        0,
        0,
        4.733,
        0
      ]
    },
    {
      "Target": "Parameter",
      "Id": "siwalq2",
      "FadeInTime": -1.0,
      "FadeOutTime": -1.0,
      "Segments": [
        0,
        0,
        0,
        4.733,
        0
      ]
    },
    {
      "Target": "Parameter",
      "Id": "siwalq",
      "FadeInTime": -1.0,
      "FadeOutTime": -1.0,
      "Segments": [
        0,
        0,
        0,
        4.733,
        0
      ]
    },
    {
      "Target": "Parameter",
      "Id": "laswX",
      "FadeInTime": -1.0,
      "FadeOutTime": -1.0,
      "Segments": [
        0,
        0,
        0,
        4.733,
        0
      ]
    },
    {
      "Target": "Parameter",
      "Id": "laswY",
      "FadeInTime": -1.0,
      "FadeOutTime": -1.0,
      "Segments": [
        0,
        0,
        0,
        4.733,
        0
      ]
    },
    {
      "Target": "Parameter",
      "Id": "rdatuitan",
      "FadeInTime": -1.0,
      "FadeOutTime": -1.0,
      "Segments": [
        0,
        0,
        0,
        4.733,
        0
      ]
    },
    {
      "Target": "Parameter",
      "Id": "rdatuitan2",
      "FadeInTime": -1.0,
      "FadeOutTime": -1.0,
      "Segments": [
        0,
        0,
        0,
        4.733,
        0
      ]
    },
    {
      "Target": "Parameter",
      "Id": "rxtuir",
      "FadeInTime": -1.0,
      "FadeOutTime": -1.0,
      "Segments": [
        0,
        0,
        0,
        4.733,
        0
      ]
    },
    {
      "Target": "Parameter",
      "Id": "rxtuir2",
      "FadeInTime": -1.0,
      "FadeOutTime": -1.0,
      "Segments": [
        0,
        0,
        0,
        4.733,
        0
      ]
    },
    {
      "Target": "Parameter",
      "Id": "ldtuir1",
      "FadeInTime": -1.0,
      "FadeOutTime": -1.0,
      "Segments": [
        0,
        0,
        0,
        4.733,
        0
      ]
    },
    {
      "Target": "Parameter",
      "Id": "ldtuir2",
      "FadeInTime": -1.0,
      "FadeOutTime": -1.0,
      "Segments": [
        0,
        0,
        0,
        4.733,
        0
      ]
    },
    {
      "Target": "Parameter",
      "Id": "lxtuir1",
      "FadeInTime": -1.0,
      "FadeOutTime": -1.0,
      "Segments": [
        0,
        0,
        0,
        4.733,
        0
      ]
    },
    {
      "Target": "Parameter",
      "Id": "lxtuir2",
      "FadeInTime": -1.0,
      "FadeOutTime": -1.0,
      "Segments": [
        0,
        0,
        0,
        4.733,
        0
      ]
    },
    {
      "Target": "Parameter",
      "Id": "wanyaoqb",
      "FadeInTime": -1.0,
      "FadeOutTime": -1.0,
      "Segments": [
        0,
        0,
        0,
        4.733,
        0
      ]
    },
    {
      "Target": "Parameter",
      "Id": "lquncji",
      "FadeInTime": -1.0,
      "FadeOutTime": -1.0,
      "Segments": [
        0,
        0,
        0,
        4.733,
        0
      ]
    },
    {
      "Target": "Parameter",
      "Id": "ParamArmLAngleX",
      "FadeInTime": -1.0,
      "FadeOutTime": -1.0,
      "Segments": [
        0,
        0,
        0,
        4.733,
        0
      ]
    },
    {
      "Target": "Parameter",
      "Id": "ParamMouthOpenY",
      "FadeInTime": -1.0,
      "FadeOutTime": -1.0,
      "Segments": [
        0,
        0,
        0,
        4.733,
        0
      ]
    },
    {
      "Target": "Parameter",
      "Id": "sdParamMouthOpenY",
      "FadeInTime": -1.0,
      "FadeOutTime": -1.0,
      "Segments": [
        0,
        0,
        0,
        4.733,
        0
      ]
    },
    {
      "Target": "Parameter",
      "Id": "ParamMouthOpenYSD",
      "FadeInTime": -1.0,
      "FadeOutTime": -1.0,
      "Segments": [
        0,
        0,
        0,
        4.733,
        0
      ]
    },
    {
      "Target": "Parameter",
      "Id": "ParamMouthADisplay",
      "FadeInTime": -1.0,
      "FadeOutTime": -1.0,
      "Segments": [
        0,
        0,
        0,
        4.733,
        0
      ]
    },
    {
      "Target": "Parameter",
      "Id": "ParamMouthBDisplay",
      "FadeInTime": -1.0,
      "FadeOutTime": -1.0,
      "Segments": [
        0,
        0,
        0,
        4.733,
        0
      ]
    },
    {
      "Target": "Parameter",
      "Id": "ParamEyeLSmile",
      "FadeInTime": -1.0,
      "FadeOutTime": -1.0,
      "Segments": [
        0,
        0,
        0,
        4.733,
        0
      ]
    },
    {
      "Target": "Parameter",
      "Id": "ParamEyeRSmile",
      "FadeInTime": -1.0,
      "FadeOutTime": -1.0,
      "Segments": [
        0,
        0,
        0,
        4.733,
        0
      ]
    },
    {
      "Target": "Parameter",
      "Id": "ParamBrowLForm",
      "FadeInTime": -1.0,
      "FadeOutTime": -1.0,
      "Segments": [
        0,
        0,
        0,
        4.733,
        0
      ]
    },
    {
      "Target": "Parameter",
      "Id": "ParamBrowRForm",
      "FadeInTime": -1.0,
      "FadeOutTime": -1.0,
      "Segments": [
        0,
        0,
        0,
        4.733,
        0
      ]
    },
    {
      "Target": "Parameter",
      "Id": "lianhong",
      "FadeInTime": -1.0,
      "FadeOutTime": -1.0,
      "Segments": [
        0,
        0,
        0,
        4.733,
        0
      ]
    },
    {
      "Target": "Parameter",
      "Id": "koushuishangxia",
      "FadeInTime": -1.0,
      "FadeOutTime": -1.0,
      "Segments": [
        0,
        0,
        0,
        4.733,
        0
      ]
    },
    {
      "Target": "Parameter",
      "Id": "koushuizuoyou",
      "FadeInTime": -1.0,
      "FadeOutTime": -1.0,
      "Segments": [
        0,
        0,
        0,
        4.733,
        0
      ]
    },
    {
      "Target": "Parameter",
      "Id": "koushuijiaodu",
      "FadeInTime": -1.0,
      "FadeOutTime": -1.0,
      "Segments": [
        0,
        0,
        0,
        4.733,
        0
      ]
    },
    {
      "Target": "Parameter",
      "Id": "koushuiyaobai",
      "FadeInTime": -1.0,
      "FadeOutTime": -1.0,
      "Segments": [
        0,
        0,
        0,
        4.733,
        0
      ]
    },
    {
      "Target": "Parameter",
      "Id": "koushuichangduan",
      "FadeInTime": -1.0,
      "FadeOutTime": -1.0,
      "Segments": [
        0,
        0,
        0,
        4.733,
        0
      ]
    },
    {
      "Target": "Parameter",
      "Id": "jixiong",
      "FadeInTime": -1.0,
      "FadeOutTime": -1.0,
      "Segments": [
        0,
        0,
        0,
        4.733,
        0
      ]
    },
    {
      "Target": "Parameter",
      "Id": "SD_BustMotionY_L2",
      "FadeInTime": -1.0,
      "FadeOutTime": -1.0,
      "Segments": [
        0,
        0,
        0,
        4.733,
        0
      ]
    },
    {
      "Target": "Parameter",
      "Id": "SD_BustMotionY_X",
      "FadeInTime": -1.0,
      "FadeOutTime": -1.0,
      "Segments": [
        0,
        0,
        0,
        4.733,
        0
      ]
    },
    {
      "Target": "Parameter",
      "Id": "fengeq",
      "FadeInTime": -1.0,
      "FadeOutTime": -1.0,
      "Segments": [
        0,
        0,
        0,
        4.733,
        0
      ]
    },
    {
      "Target": "Parameter",
      "Id": "jihjiu",
      "FadeInTime": -1.0,
      "FadeOutTime": -1.0,
      "Segments": [
        0,
        0,
        0,
        4.733,
        0
      ]
    },
    {
      "Target": "Parameter",
      "Id": "jishen",
      "FadeInTime": -1.0,
      "FadeOutTime": -1.0,
      "Segments": [
        0,
        0,
        0,
        4.733,
        0
      ]
    },
    {
      "Target": "Parameter",
      "Id": "hjjyao",
      "FadeInTime": -1.0,
      "FadeOutTime": -1.0,
      "Segments": [
        0,
        0,
        0,
        4.733,
        0
      ]
    },
    {
      "Target": "Parameter",
      "Id": "jihuxi",
      "FadeInTime": -1.0,
      "FadeOutTime": -1.0,
      "Segments": [
        0,
        0,
        0,
        4.733,
        0
      ]
    },
    {
      "Target": "Parameter",
      "Id": "jimao1",
      "FadeInTime": -1.0,
      "FadeOutTime": -1.0,
      "Segments": [
        0,
        0,
        0,
        4.733,
        0
      ]
    },
    {
      "Target": "Parameter",
      "Id": "jimao2",
      "FadeInTime": -1.0,
      "FadeOutTime": -1.0,
      "Segments": [
        0,
        0,
        0,
        4.733,
        0
      ]
    },
    {
      "Target": "Parameter",
      "Id": "najbq",
      "FadeInTime": -1.0,
      "FadeOutTime": -1.0,
      "Segments": [
        0,
        0,
        0,
        4.733,
        0
      ]
    },
    {
      "Target": "Parameter",
      "Id": "yemiand",
      "FadeInTime": -1.0,
      "FadeOutTime": -1.0,
      "Segments": [
        0,
        0,
        0,
        4.733,
        0
      ]
    },
    {
      "Target": "Parameter",
      "Id": "yemian1",
      "FadeInTime": -1.0,
      "FadeOutTime": -1.0,
      "Segments": [
        0,
        0,
        0,
        4.733,
        0
      ]
    },
    {
      "Target": "Parameter",
      "Id": "yemian2",
      "FadeInTime": -1.0,
      "FadeOutTime": -1.0,
      "Segments": [
        0,
        0,
        0,
        4.733,
        0
      ]
    },
    {
      "Target": "Parameter",
      "Id": "shoujbY",
      "FadeInTime": -1.0,
      "FadeOutTime": -1.0,
      "Segments": [
        0,
        0,
        0,
        4.733,
        0
      ]
    },
    {
      "Target": "Parameter",
      "Id": "shoujbjd",
      "FadeInTime": -1.0,
      "FadeOutTime": -1.0,
      "Segments": [
        0,
        0,
        0,
        4.733,
        0
      ]
    },
    {
      "Target": "Parameter",
      "Id": "shoujbd",
      "FadeInTime": -1.0,
      "FadeOutTime": -1.0,
      "Segments": [
        0,
        0,
        0,
        4.733,
        0
      ]
    },
    {
      "Target": "Parameter",
      "Id": "JIUBEITEXIAO",
      "FadeInTime": -1.0,
      "FadeOutTime": -1.0,
      "Segments": [
        0,
        0,
        0,
        4.733,
        0
      ]
    },
    {
      "Target": "Parameter",
      "Id": "jbeiguang",
      "FadeInTime": -1.0,
      "FadeOutTime": -1.0,
      "Segments": [
        0,
        0,
        0,
        4.733,
        0
      ]
    },
    {
      "Target": "Parameter",
      "Id": "lajbxs",
      "FadeInTime": -1.0,
      "FadeOutTime": -1.0,
      "Segments": [
        0,
        0,
        0,
        4.733,
        0
      ]
    },
    {
      "Target": "Parameter",
      "Id": "touch_drag",
      "FadeInTime": -1.0,
      "FadeOutTime": -1.0,
      "Segments": [
        0,
        0,
        0,
        4.733,
        0
      ]
    },
    {
      "Target": "Parameter",
      "Id": "xinfxs2",
      "FadeInTime": -1.0,
      "FadeOutTime": -1.0,
      "Segments": [
        0,
        0,
        0,
        4.733,
        0
      ]
    },
    {
      "Target": "Parameter",
      "Id": "xinfxs",
      "FadeInTime": -1.0,
      "FadeOutTime": -1.0,
      "Segments": [
        0,
        0,
        0,
        4.733,
        0
      ]
    },
    {
      "Target": "Parameter",
      "Id": "xfzhuan",
      "FadeInTime": -1.0,
      "FadeOutTime": -1.0,
      "Segments": [
        0,
        -30,
        0,
        4.733,
        -30
      ]
    },
    {
      "Target": "Parameter",
      "Id": "xfxuzna",
      "FadeInTime": -1.0,
      "FadeOutTime": -1.0,
      "Segments": [
        0,
        0,
        0,
        4.733,
        0
      ]
    },
    {
      "Target": "Parameter",
      "Id": "yemian3",
      "FadeInTime": -1.0,
      "FadeOutTime": -1.0,
      "Segments": [
        0,
        0,
        0,
        4.733,
        0
      ]
    },
    {
      "Target": "Parameter",
      "Id": "yemian4",
      "FadeInTime": -1.0,
      "FadeOutTime": -1.0,
      "Segments": [
        0,
        0,
        0,
        4.733,
        0
      ]
    },
    {
      "Target": "Parameter",
      "Id": "NULL4",
      "FadeInTime": -1.0,
      "FadeOutTime": -1.0,
      "Segments": [
        0,
        0,
        0,
        4.733,
        0
      ]
    },
    {
      "Target": "Parameter",
      "Id": "NULL5",
      "FadeInTime": -1.0,
      "FadeOutTime": -1.0,
      "Segments": [
        0,
        0,
        0,
        4.733,
        0
      ]
    },
    {
      "Target": "Parameter",
      "Id": "NULL6",
      "FadeInTime": -1.0,
      "FadeOutTime": -1.0,
      "Segments": [
        0,
        0,
        0,
        4.733,
        0
      ]
    },
    {
      "Target": "Parameter",
      "Id": "ParamArmLAngleY",
      "FadeInTime": -1.0,
      "FadeOutTime": -1.0,
      "Segments": [
        0,
        0,
        0,
        4.733,
        0
      ]
    },
    {
      "Target": "Parameter",
      "Id": "ParamArmRAngleX",
      "FadeInTime": -1.0,
      "FadeOutTime": -1.0,
      "Segments": [
        0,
        0,
        0,
        4.733,
        0
      ]
    },
    {
      "Target": "Parameter",
      "Id": "ParamArmRAngleY",
      "FadeInTime": -1.0,
      "FadeOutTime": -1.0,
      "Segments": [
        0,
        0,
        0,
        4.733,
        0
      ]
    },
    {
      "Target": "Parameter",
      "Id": "ParamBodyAngleY",
      "FadeInTime": -1.0,
      "FadeOutTime": -1.0,
      "Segments": [
        0,
        0,
        0,
        4.733,
        0
      ]
    },
    {
      "Target": "Parameter",
      "Id": "ParamBrowLY",
      "FadeInTime": -1.0,
      "FadeOutTime": -1.0,
      "Segments": [
        0,
        0,
        0,
        4.733,
        0
      ]
    },
    {
      "Target": "Parameter",
      "Id": "ParamBrowLX",
      "FadeInTime": -1.0,
      "FadeOutTime": -1.0,
      "Segments": [
        0,
        0,
        0,
        4.733,
        0
      ]
    },
    {
      "Target": "Parameter",
      "Id": "ParamBrowLAngle",
      "FadeInTime": -1.0,
      "FadeOutTime": -1.0,
      "Segments": [
        0,
        0,
        0,
        4.733,
        0
      ]
    },
    {
      "Target": "Parameter",
      "Id": "ParamBrowRY",
      "FadeInTime": -1.0,
      "FadeOutTime": -1.0,
      "Segments": [
        0,
        0,
        0,
        4.733,
        0
      ]
    },
    {
      "Target": "Parameter",
      "Id": "ParamBrowRX",
      "FadeInTime": -1.0,
      "FadeOutTime": -1.0,
      "Segments": [
        0,
        0,
        0,
        4.733,
        0
      ]
    },
    {
      "Target": "Parameter",
      "Id": "ParamBreath",
      "FadeInTime": -1.0,
      "FadeOutTime": -1.0,
      "Segments": [
        0,
        0,
        0,
        4.733,
        0
      ]
    },
    {
      "Target": "Parameter",
      "Id": "ParamBrowRAngle",
      "FadeInTime": -1.0,
      "FadeOutTime": -1.0,
      "Segments": [
        0,
        0,
        0,
        4.733,
        0
      ]
    }
  ],
  "UserData": [
    {
      "Time": 0.0,
      "Value": ""
    },
    {
      "Time": 0.5,
      "Value": ""
    },
    {
      "Time": 4.233,
      "Value": ""
    }
  ]
}