{
  "Version": 3,
  "Meta": {
    "Duration": 5.633,
    "Fps": 30.0,
    "Loop": true,
    "AreBeziersRestricted": true,
    "FadeInTime": 0.0,
    "FadeOutTime": 0.0,
    "CurveCount": 226,
    "TotalSegmentCount": 1060,
    "TotalPointCount": 1202,
    "UserDataCount": 2,
    "TotalUserDataSize": 0
  },
  "Curves": [
    {
      "Target": "Parameter",
      "Id": "ParamArmLAngle",
      "FadeInTime": -1.0,
      "FadeOutTime": -1.0,
      "Segments": [
        0,
        0,
        2,
        0.5,
        0,
        0,
        1,
        6.18,
        0,
        1.8,
        -4,
        2,
        4.067,
        -4,
        0,
        5.167,
        0,
        2,
        5.633,
        0
      ]
    },
    {
      "Target": "Parameter",
      "Id": "ParamArmLStretch",
      "FadeInTime": -1.0,
      "FadeOutTime": -1.0,
      "Segments": [
        0,
        0,
        2,
        0.5,
        0,
        1,
        1,
        0,
        1.5,
        -23.315,
        2,
        -18,
        1,
        2.756,
        16.1,
        3.511,
        -18,
        4.267,
        -18,
        0,
        5.167,
        0,
        2,
        5.633,
        0
      ]
    },
    {
      "Target": "Parameter",
      "Id": "ParamForearmLAngle",
      "FadeInTime": -1.0,
      "FadeOutTime": -1.0,
      "Segments": [
        0,
        0,
        2,
        0.5,
        0,
        0,
        1.2,
        3.24,
        1,
        1.467,
        3.24,
        1.733,
        4.231,
        2,
        2.24,
        1,
        2.756,
        0.581,
        3.511,
        2.24,
        4.267,
        2.24,
        0,
        5.167,
        0,
        2,
        5.633,
        0
      ]
    },
    {
      "Target": "Parameter",
      "Id": "ParamHandLAngle",
      "FadeInTime": -1.0,
      "FadeOutTime": -1.0,
      "Segments": [
        0,
        0,
        2,
        0.5,
        0,
        0,
        1.467,
        2.46,
        0,
        5.167,
        0,
        2,
        5.633,
        0
      ]
    },
    {
      "Target": "Parameter",
      "Id": "ParamHandLAnimation",
      "FadeInTime": -1.0,
      "FadeOutTime": -1.0,
      "Segments": [
        0,
        0,
        2,
        0.5,
        0,
        0,
        1.567,
        -30,
        2,
        1.867,
        -30,
        2,
        4.233,
        -30,
        0,
        5.167,
        0,
        2,
        5.633,
        0
      ]
    },
    {
      "Target": "Parameter",
      "Id": "ParamHandLREDisplay",
      "FadeInTime": -1.0,
      "FadeOutTime": -1.0,
      "Segments": [
        0,
        30,
        2,
        0.5,
        30,
        2,
        0.867,
        30,
        0,
        0.967,
        0,
        2,
        4.633,
        0,
        0,
        4.733,
        30,
        2,
        5.167,
        30,
        2,
        5.633,
        30
      ]
    },
    {
      "Target": "Parameter",
      "Id": "ParamHandL2Display",
      "FadeInTime": -1.0,
      "FadeOutTime": -1.0,
      "Segments": [
        0,
        0,
        2,
        0.5,
        0,
        2,
        0.867,
        0,
        0,
        0.967,
        30,
        2,
        4.633,
        30,
        0,
        4.733,
        0,
        2,
        5.167,
        0,
        2,
        5.633,
        0
      ]
    },
    {
      "Target": "Parameter",
      "Id": "zuoshouxiu",
      "FadeInTime": -1.0,
      "FadeOutTime": -1.0,
      "Segments": [
        0,
        0,
        2,
        0.5,
        0,
        2,
        0.867,
        0,
        0,
        1.2,
        18,
        2,
        4.3,
        18,
        1,
        4.467,
        18,
        4.633,
        3.061,
        4.8,
        0,
        1,
        4.922,
        -2.236,
        5.045,
        0,
        5.167,
        0,
        2,
        5.633,
        0
      ]
    },
    {
      "Target": "Parameter",
      "Id": "zuoshoudaxiao",
      "FadeInTime": -1.0,
      "FadeOutTime": -1.0,
      "Segments": [
        0,
        0,
        2,
        0.5,
        0,
        2,
        1.367,
        0,
        2,
        1.4,
        -3,
        2,
        4.3,
        -3,
        0,
        5.167,
        0,
        2,
        5.633,
        0
      ]
    },
    {
      "Target": "Parameter",
      "Id": "ParamAngleX",
      "FadeInTime": -1.0,
      "FadeOutTime": -1.0,
      "Segments": [
        0,
        0,
        2,
        0.5,
        0,
        0,
        1.533,
        -3.61,
        0,
        2.2,
        4.755,
        0,
        2.533,
        -4.378,
        1,
        2.689,
        -4.378,
        2.844,
        4.715,
        3,
        6.046,
        1,
        3.111,
        6.997,
        3.222,
        6.744,
        3.333,
        6.744,
        1,
        3.411,
        6.744,
        3.489,
        -13.031,
        3.567,
        -15,
        1,
        3.656,
        -17.249,
        3.744,
        17,
        3.833,
        17,
        1,
        3.933,
        17,
        4.033,
        -4.053,
        4.133,
        -6,
        1,
        4.244,
        -8.147,
        4.356,
        8.788,
        4.467,
        8.788,
        1,
        4.611,
        8.788,
        4.756,
        1.392,
        4.9,
        -0.677,
        1,
        4.989,
        -1.95,
        5.078,
        0,
        5.167,
        0,
        2,
        5.633,
        0
      ]
    },
    {
      "Target": "Parameter",
      "Id": "ParamAngleY",
      "FadeInTime": -1.0,
      "FadeOutTime": -1.0,
      "Segments": [
        0,
        0,
        2,
        0.5,
        0,
        0,
        1.267,
        8,
        0,
        1.967,
        -5,
        0,
        2.5,
        4,
        0,
        3.133,
        -6,
        0,
        3.633,
        -3.03,
        0,
        4.267,
        -15.03,
        1,
        4.4,
        -15.03,
        4.534,
        -5.03,
        4.667,
        -5.029,
        1,
        4.834,
        -5.03,
        5,
        0,
        5.167,
        0,
        2,
        5.633,
        0
      ]
    },
    {
      "Target": "Parameter",
      "Id": "ParamAngleZ",
      "FadeInTime": -1.0,
      "FadeOutTime": -1.0,
      "Segments": [
        0,
        0,
        2,
        0.5,
        0,
        0,
        1.433,
        -9,
        0,
        1.967,
        2.316,
        0,
        2.433,
        -4,
        1,
        2.589,
        -4,
        2.744,
        0.411,
        2.9,
        3,
        1,
        3.022,
        5.034,
        3.145,
        5,
        3.267,
        5,
        0,
        3.733,
        -3,
        0,
        4.367,
        8,
        0,
        4.8,
        1,
        0,
        5.167,
        0,
        2,
        5.633,
        0
      ]
    },
    {
      "Target": "Parameter",
      "Id": "ParamNeckZ",
      "FadeInTime": -1.0,
      "FadeOutTime": -1.0,
      "Segments": [
        0,
        0,
        2,
        0.5,
        0,
        0,
        1.233,
        -9,
        0,
        1.767,
        2.316,
        0,
        2.233,
        -4,
        1,
        2.4,
        -4,
        2.566,
        0.238,
        2.733,
        3,
        1,
        2.855,
        5.026,
        2.978,
        5,
        3.1,
        5,
        0,
        3.567,
        -3,
        0,
        3.933,
        8,
        0,
        4.6,
        1,
        0,
        5.167,
        0,
        2,
        5.633,
        0
      ]
    },
    {
      "Target": "Parameter",
      "Id": "ParamBodyAngleX",
      "FadeInTime": -1.0,
      "FadeOutTime": -1.0,
      "Segments": [
        0,
        0,
        2,
        0.5,
        0,
        0,
        1.433,
        -4,
        0,
        2.067,
        1.235,
        0,
        2.5,
        -1.137,
        0,
        3.067,
        3.854,
        1,
        3.178,
        3.854,
        3.289,
        3.867,
        3.4,
        2.408,
        1,
        3.511,
        0.949,
        3.622,
        -2.469,
        3.733,
        -2.469,
        1,
        4.089,
        -2.469,
        4.444,
        -2.334,
        4.8,
        -1.612,
        1,
        4.922,
        -1.364,
        5.045,
        0,
        5.167,
        0,
        2,
        5.633,
        0
      ]
    },
    {
      "Target": "Parameter",
      "Id": "SHENTIY",
      "FadeInTime": -1.0,
      "FadeOutTime": -1.0,
      "Segments": [
        0,
        0,
        2,
        0.5,
        0,
        0,
        1.167,
        22,
        0,
        1.833,
        -14,
        0,
        2.367,
        5,
        0,
        3.2,
        -4.28,
        0,
        3.633,
        8.204,
        0,
        4,
        -3.346,
        0,
        4.7,
        6.062,
        0,
        5.167,
        0,
        2,
        5.633,
        0
      ]
    },
    {
      "Target": "Parameter",
      "Id": "QUANTIX",
      "FadeInTime": -1.0,
      "FadeOutTime": -1.0,
      "Segments": [
        0,
        0,
        2,
        0.5,
        0,
        2,
        1.233,
        0,
        0,
        1.9,
        2.611,
        0,
        2.633,
        1,
        0,
        3.067,
        2.135,
        0,
        3.6,
        1,
        0,
        3.933,
        2.928,
        0,
        5.167,
        0,
        2,
        5.633,
        0
      ]
    },
    {
      "Target": "Parameter",
      "Id": "QUANTIY",
      "FadeInTime": -1.0,
      "FadeOutTime": -1.0,
      "Segments": [
        0,
        0,
        2,
        0.5,
        0,
        0,
        0.933,
        10,
        0,
        1.6,
        -2,
        0,
        2.167,
        1.907,
        0,
        3,
        -0.419,
        0,
        3.367,
        2.509,
        0,
        3.8,
        -0.756,
        0,
        4.433,
        1.907,
        0,
        5.167,
        0,
        2,
        5.633,
        0
      ]
    },
    {
      "Target": "Parameter",
      "Id": "ParamChestZ",
      "FadeInTime": -1.0,
      "FadeOutTime": -1.0,
      "Segments": [
        0,
        0,
        2,
        0.5,
        0,
        2,
        1.3,
        0,
        0,
        1.967,
        7,
        0,
        2.6,
        6.235,
        0,
        3.2,
        8.028,
        1,
        3.333,
        8.028,
        3.467,
        7.42,
        3.6,
        6.332,
        1,
        4.122,
        2.07,
        4.645,
        0,
        5.167,
        0,
        2,
        5.633,
        0
      ]
    },
    {
      "Target": "Parameter",
      "Id": "ParamWaistZ",
      "FadeInTime": -1.0,
      "FadeOutTime": -1.0,
      "Segments": [
        0,
        0,
        2,
        0.5,
        0,
        2,
        1.1,
        0,
        0,
        1.767,
        8.217,
        0,
        2.4,
        6.229,
        0,
        3,
        9.807,
        1,
        3.144,
        9.807,
        3.289,
        7.488,
        3.433,
        6.31,
        1,
        4.011,
        1.595,
        4.589,
        0,
        5.167,
        0,
        2,
        5.633,
        0
      ]
    },
    {
      "Target": "Parameter",
      "Id": "ParamLegLAngle",
      "FadeInTime": -1.0,
      "FadeOutTime": -1.0,
      "Segments": [
        0,
        0,
        2,
        0.5,
        0,
        0,
        0.933,
        -2,
        0,
        1.6,
        3,
        0,
        1.933,
        1.907,
        1,
        2.1,
        1.907,
        2.266,
        2.903,
        2.433,
        3.435,
        1,
        2.566,
        3.86,
        2.7,
        3.835,
        2.833,
        3.835,
        0,
        3.333,
        3.435,
        0,
        3.667,
        5.72,
        1,
        3.878,
        5.72,
        4.089,
        4.398,
        4.3,
        4.041,
        0,
        5.167,
        0,
        2,
        5.633,
        0
      ]
    },
    {
      "Target": "Parameter",
      "Id": "ParamShoulderLStretch",
      "FadeInTime": -1.0,
      "FadeOutTime": -1.0,
      "Segments": [
        0,
        0,
        2,
        0.5,
        0,
        0,
        1.167,
        30,
        0,
        1.833,
        0,
        1,
        2.233,
        0,
        2.633,
        1.368,
        3.033,
        5.17,
        1,
        3.2,
        6.799,
        3.366,
        11.919,
        3.533,
        11.919,
        0,
        3.767,
        1.14,
        0,
        4.733,
        13.153,
        0,
        5.167,
        0,
        2,
        5.633,
        0
      ]
    },
    {
      "Target": "Parameter",
      "Id": "ParamShoulderRStretch",
      "FadeInTime": -1.0,
      "FadeOutTime": -1.0,
      "Segments": [
        0,
        0,
        2,
        0.5,
        0,
        0,
        1.167,
        30,
        0,
        1.833,
        0,
        1,
        2.233,
        0,
        2.633,
        1.368,
        3.033,
        5.17,
        1,
        3.2,
        6.799,
        3.366,
        11.919,
        3.533,
        11.919,
        0,
        3.767,
        1.14,
        0,
        4.733,
        13.153,
        0,
        5.167,
        0,
        2,
        5.633,
        0
      ]
    },
    {
      "Target": "Parameter",
      "Id": "ParamFoodLAngle",
      "FadeInTime": -1.0,
      "FadeOutTime": -1.0,
      "Segments": [
        0,
        0,
        2,
        0.5,
        0,
        0,
        0.933,
        -1.871,
        0,
        1.6,
        0.787,
        0,
        2.367,
        0.147,
        0,
        2.867,
        1.222,
        0,
        3.7,
        0.787,
        1,
        3.9,
        0.787,
        4.1,
        0.722,
        4.3,
        0.467,
        1,
        4.589,
        0.098,
        4.878,
        0,
        5.167,
        0,
        2,
        5.633,
        0
      ]
    },
    {
      "Target": "Parameter",
      "Id": "rdatuif",
      "FadeInTime": -1.0,
      "FadeOutTime": -1.0,
      "Segments": [
        0,
        17,
        2,
        0.5,
        17,
        2,
        0.6,
        17,
        0,
        1.033,
        23.78,
        0,
        1.7,
        14.713,
        0,
        2,
        17,
        0,
        2.5,
        14.713,
        2,
        3.533,
        14.713,
        0,
        4,
        19.974,
        1,
        4.3,
        19.974,
        4.6,
        14.721,
        4.9,
        14.713,
        1,
        4.989,
        14.711,
        5.078,
        17,
        5.167,
        17,
        2,
        5.633,
        17
      ]
    },
    {
      "Target": "Parameter",
      "Id": "ParamCrusRAngle",
      "FadeInTime": -1.0,
      "FadeOutTime": -1.0,
      "Segments": [
        0,
        -30,
        2,
        0.5,
        -30,
        2,
        0.767,
        -30,
        0,
        1.2,
        -28,
        0,
        1.867,
        -30,
        2,
        4.9,
        -30,
        2,
        5.167,
        -30,
        2,
        5.633,
        -30
      ]
    },
    {
      "Target": "Parameter",
      "Id": "ParamFoodRAngle",
      "FadeInTime": -1.0,
      "FadeOutTime": -1.0,
      "Segments": [
        0,
        0,
        2,
        0.5,
        0,
        0,
        0.933,
        -5.88,
        0,
        1.6,
        0,
        2,
        3.767,
        0,
        0,
        4.167,
        -8.58,
        0,
        5.167,
        0,
        2,
        5.633,
        0
      ]
    },
    {
      "Target": "Parameter",
      "Id": "bangdaijd",
      "FadeInTime": -1.0,
      "FadeOutTime": -1.0,
      "Segments": [
        0,
        0,
        2,
        0.5,
        0,
        0,
        1.3,
        4,
        0,
        1.8,
        1,
        1,
        1.933,
        1,
        2.067,
        3.865,
        2.2,
        4,
        1,
        2.967,
        4.774,
        3.733,
        5,
        4.5,
        5,
        0,
        5.167,
        0,
        2,
        5.633,
        0
      ]
    },
    {
      "Target": "Parameter",
      "Id": "ParamMouthForm",
      "FadeInTime": -1.0,
      "FadeOutTime": -1.0,
      "Segments": [
        0,
        0,
        2,
        0.5,
        0,
        0,
        1.033,
        -1,
        0,
        1.967,
        -0.5,
        1,
        2.367,
        -0.398,
        2.767,
        -0.668,
        3.167,
        -0.5,
        1,
        3.578,
        -0.27,
        3.989,
        -0.5,
        4.4,
        -0.5,
        0,
        5.167,
        0,
        2,
        5.633,
        0
      ]
    },
    {
      "Target": "Parameter",
      "Id": "ParamMouthOpenY",
      "FadeInTime": -1.0,
      "FadeOutTime": -1.0,
      "Segments": [
        0,
        0,
        2,
        0.5,
        0,
        0,
        1.967,
        1,
        2,
        3.167,
        1,
        0,
        4.4,
        0,
        2,
        5.167,
        0,
        2,
        5.633,
        0
      ]
    },
    {
      "Target": "Parameter",
      "Id": "sdParamMouthOpenY",
      "FadeInTime": -1.0,
      "FadeOutTime": -1.0,
      "Segments": [
        0,
        0,
        2,
        0.5,
        0,
        1,
        0.678,
        0,
        0.855,
        0.062,
        1.033,
        0.3,
        1,
        1.344,
        0.716,
        1.656,
        1,
        1.967,
        1,
        2,
        3.167,
        1,
        0,
        4.4,
        0,
        2,
        5.167,
        0,
        2,
        5.633,
        0
      ]
    },
    {
      "Target": "Parameter",
      "Id": "ParamMouthOpenYSD",
      "FadeInTime": -1.0,
      "FadeOutTime": -1.0,
      "Segments": [
        0,
        0,
        2,
        0.5,
        0,
        0,
        0.533,
        1,
        2,
        4.4,
        1,
        2,
        4.433,
        0,
        2,
        5.167,
        0,
        2,
        5.633,
        0
      ]
    },
    {
      "Target": "Parameter",
      "Id": "ParamEyeLOpen",
      "FadeInTime": -1.0,
      "FadeOutTime": -1.0,
      "Segments": [
        0,
        1,
        2,
        0.5,
        1,
        1,
        0.6,
        1,
        0.7,
        1.217,
        0.8,
        1.3,
        2,
        1.033,
        1.3,
        0,
        1.967,
        0.7,
        0,
        2.5,
        0.5,
        1,
        2.722,
        0.5,
        2.945,
        0.078,
        3.167,
        0,
        2,
        4.667,
        0,
        0,
        5.167,
        1,
        2,
        5.633,
        1
      ]
    },
    {
      "Target": "Parameter",
      "Id": "ParamEyeROpen",
      "FadeInTime": -1.0,
      "FadeOutTime": -1.0,
      "Segments": [
        0,
        1,
        2,
        0.5,
        1,
        1,
        0.6,
        1,
        0.7,
        1.217,
        0.8,
        1.3,
        2,
        1.033,
        1.3,
        0,
        1.967,
        0.7,
        0,
        2.5,
        0.5,
        1,
        2.722,
        0.5,
        2.945,
        0.078,
        3.167,
        0,
        2,
        4.667,
        0,
        0,
        5.167,
        1,
        2,
        5.633,
        1
      ]
    },
    {
      "Target": "Parameter",
      "Id": "ParamBrowLForm",
      "FadeInTime": -1.0,
      "FadeOutTime": -1.0,
      "Segments": [
        0,
        0,
        2,
        0.5,
        0,
        0,
        1.033,
        -1,
        2,
        1.967,
        -1,
        2,
        4.4,
        -1,
        0,
        5.167,
        0,
        2,
        5.633,
        0
      ]
    },
    {
      "Target": "Parameter",
      "Id": "ParamBrowRForm",
      "FadeInTime": -1.0,
      "FadeOutTime": -1.0,
      "Segments": [
        0,
        0,
        2,
        0.5,
        0,
        0,
        1.033,
        -1,
        2,
        1.967,
        -1,
        2,
        4.4,
        -1,
        0,
        5.167,
        0,
        2,
        5.633,
        0
      ]
    },
    {
      "Target": "Parameter",
      "Id": "lianhong",
      "FadeInTime": -1.0,
      "FadeOutTime": -1.0,
      "Segments": [
        0,
        0,
        2,
        0.5,
        0,
        0,
        1.6,
        1,
        2,
        4.667,
        1,
        1,
        4.834,
        0.966,
        5,
        0,
        5.167,
        0,
        2,
        5.633,
        0
      ]
    },
    {
      "Target": "Parameter",
      "Id": "Hair_physics",
      "FadeInTime": -1.0,
      "FadeOutTime": -1.0,
      "Segments": [
        0,
        0,
        2,
        0.5,
        0,
        0,
        0.933,
        1,
        0,
        1.6,
        0,
        0,
        2.167,
        0.686,
        0,
        2.867,
        0.247,
        0,
        3.433,
        0.641,
        0,
        3.867,
        0,
        0,
        4.3,
        0.686,
        0,
        5.167,
        0,
        2,
        5.633,
        0
      ]
    },
    {
      "Target": "Parameter",
      "Id": "OP_physics",
      "FadeInTime": -1.0,
      "FadeOutTime": -1.0,
      "Segments": [
        0,
        0,
        2,
        0.5,
        0,
        0,
        0.933,
        1,
        0,
        1.6,
        0,
        0,
        2.167,
        0.686,
        0,
        2.867,
        0.247,
        0,
        3.433,
        0.641,
        0,
        3.867,
        0,
        0,
        4.3,
        0.686,
        0,
        5.167,
        0,
        2,
        5.633,
        0
      ]
    },
    {
      "Target": "Parameter",
      "Id": "fajiaodu",
      "FadeInTime": -1.0,
      "FadeOutTime": -1.0,
      "Segments": [
        0,
        0,
        2,
        0.5,
        0,
        0,
        1.2,
        -24,
        0,
        1.867,
        13,
        0,
        3.467,
        11,
        0,
        3.767,
        15.992,
        0,
        4.067,
        7.934,
        0,
        4.4,
        15.998,
        1,
        4.533,
        15.998,
        4.667,
        13.552,
        4.8,
        8,
        1,
        4.922,
        2.91,
        5.045,
        0,
        5.167,
        0,
        2,
        5.633,
        0
      ]
    },
    {
      "Target": "Parameter",
      "Id": "rqun1",
      "FadeInTime": -1.0,
      "FadeOutTime": -1.0,
      "Segments": [
        0,
        0,
        2,
        0.5,
        0,
        0,
        0.833,
        15.013,
        0,
        1.533,
        -15.013,
        0,
        1.967,
        21.494,
        0,
        2.467,
        -21.494,
        0,
        2.967,
        21.494,
        0,
        3.467,
        -15.013,
        1,
        3.545,
        -15.013,
        3.622,
        -6.756,
        3.7,
        8,
        1,
        3.756,
        18.54,
        3.811,
        23.013,
        3.867,
        23.013,
        0,
        4.2,
        -7.013,
        0,
        4.567,
        23.013,
        0,
        5.033,
        -15.013,
        0,
        5.2,
        0,
        2,
        5.633,
        0
      ]
    },
    {
      "Target": "Parameter",
      "Id": "rqun2",
      "FadeInTime": -1.0,
      "FadeOutTime": -1.0,
      "Segments": [
        0,
        15.013,
        2,
        0.5,
        15.013,
        0,
        1.2,
        -15.013,
        0,
        1.733,
        15.013,
        0,
        2.2,
        -21.494,
        0,
        2.733,
        21.494,
        0,
        3.233,
        -15.013,
        0,
        3.7,
        23.013,
        0,
        4.033,
        -7.013,
        0,
        4.4,
        23.013,
        0,
        4.767,
        -7.013,
        0,
        5.2,
        15.013,
        2,
        5.633,
        15.013
      ]
    },
    {
      "Target": "Parameter",
      "Id": "qunbai1",
      "FadeInTime": -1.0,
      "FadeOutTime": -1.0,
      "Segments": [
        0,
        0.001,
        2,
        0.5,
        0.001,
        0,
        0.833,
        7,
        0,
        1.533,
        -6.998,
        0,
        1.967,
        10.022,
        0,
        2.467,
        -10.019,
        0,
        2.967,
        10.022,
        0,
        3.467,
        -6.998,
        1,
        3.545,
        -6.998,
        3.622,
        -0.14,
        3.7,
        8.001,
        1,
        3.756,
        13.816,
        3.811,
        15,
        3.867,
        15,
        0,
        4.2,
        1.002,
        0,
        4.567,
        15,
        0,
        5.033,
        -6.998,
        0,
        5.2,
        0.001,
        2,
        5.633,
        0.001
      ]
    },
    {
      "Target": "Parameter",
      "Id": "qunbai2",
      "FadeInTime": -1.0,
      "FadeOutTime": -1.0,
      "Segments": [
        0,
        7,
        2,
        0.5,
        7,
        0,
        1.2,
        -6.998,
        0,
        1.733,
        7,
        0,
        2.2,
        -10.019,
        0,
        2.733,
        10.022,
        0,
        3.233,
        -6.998,
        0,
        3.7,
        15,
        0,
        4.033,
        1.002,
        0,
        4.4,
        15,
        0,
        4.767,
        1.002,
        0,
        5.2,
        7,
        2,
        5.633,
        7
      ]
    },
    {
      "Target": "Parameter",
      "Id": "lqun1",
      "FadeInTime": -1.0,
      "FadeOutTime": -1.0,
      "Segments": [
        0,
        0,
        2,
        0.5,
        0,
        0,
        0.833,
        15.013,
        0,
        1.533,
        -15.013,
        0,
        1.967,
        21.494,
        0,
        2.467,
        -21.494,
        0,
        2.967,
        21.494,
        0,
        3.467,
        -15.013,
        1,
        3.545,
        -15.013,
        3.622,
        -6.756,
        3.7,
        8,
        1,
        3.756,
        18.54,
        3.811,
        23.013,
        3.867,
        23.013,
        0,
        4.2,
        -7.013,
        0,
        4.567,
        23.013,
        0,
        5.033,
        -15.013,
        0,
        5.2,
        0,
        2,
        5.633,
        0
      ]
    },
    {
      "Target": "Parameter",
      "Id": "lqun2",
      "FadeInTime": -1.0,
      "FadeOutTime": -1.0,
      "Segments": [
        0,
        15.013,
        2,
        0.5,
        15.013,
        0,
        1.2,
        -15.013,
        0,
        1.733,
        15.013,
        0,
        2.2,
        -21.494,
        0,
        2.733,
        21.494,
        0,
        3.233,
        -15.013,
        0,
        3.7,
        23.013,
        0,
        4.033,
        -7.013,
        0,
        4.4,
        23.013,
        0,
        4.767,
        -7.013,
        0,
        5.2,
        15.013,
        2,
        5.633,
        15.013
      ]
    },
    {
      "Target": "Parameter",
      "Id": "qunbai3",
      "FadeInTime": -1.0,
      "FadeOutTime": -1.0,
      "Segments": [
        0,
        0.001,
        2,
        0.5,
        0.001,
        0,
        0.833,
        7,
        0,
        1.533,
        -6.998,
        0,
        1.967,
        10.022,
        0,
        2.467,
        -10.019,
        0,
        2.967,
        10.022,
        0,
        3.467,
        -6.998,
        1,
        3.545,
        -6.998,
        3.622,
        -0.14,
        3.7,
        8.001,
        1,
        3.756,
        13.816,
        3.811,
        15,
        3.867,
        15,
        0,
        4.2,
        1.002,
        0,
        4.567,
        15,
        0,
        5.033,
        -6.998,
        0,
        5.2,
        0.001,
        2,
        5.633,
        0.001
      ]
    },
    {
      "Target": "Parameter",
      "Id": "qunbai4",
      "FadeInTime": -1.0,
      "FadeOutTime": -1.0,
      "Segments": [
        0,
        7,
        2,
        0.5,
        7,
        0,
        1.2,
        -6.998,
        0,
        1.733,
        7,
        0,
        2.2,
        -10.019,
        0,
        2.733,
        10.022,
        0,
        3.233,
        -6.998,
        0,
        3.7,
        15,
        0,
        4.033,
        1.002,
        0,
        4.4,
        15,
        0,
        4.767,
        1.002,
        0,
        5.2,
        7,
        2,
        5.633,
        7
      ]
    },
    {
      "Target": "Parameter",
      "Id": "ParamHairFront1",
      "FadeInTime": -1.0,
      "FadeOutTime": -1.0,
      "Segments": [
        0,
        0,
        2,
        0.5,
        0,
        0,
        0.833,
        15.013,
        0,
        1.533,
        -15.013,
        0,
        1.967,
        21.494,
        0,
        2.467,
        -21.494,
        0,
        2.967,
        21.494,
        0,
        3.467,
        -15.013,
        1,
        3.545,
        -15.013,
        3.622,
        -6.756,
        3.7,
        8,
        1,
        3.756,
        18.54,
        3.811,
        23.013,
        3.867,
        23.013,
        0,
        4.2,
        -7.013,
        0,
        4.567,
        23.013,
        0,
        5.033,
        -15.013,
        0,
        5.2,
        0,
        2,
        5.633,
        0
      ]
    },
    {
      "Target": "Parameter",
      "Id": "ParamHairFront2",
      "FadeInTime": -1.0,
      "FadeOutTime": -1.0,
      "Segments": [
        0,
        15.013,
        2,
        0.5,
        15.013,
        0,
        1.2,
        -15.013,
        0,
        1.733,
        15.013,
        0,
        2.2,
        -21.494,
        0,
        2.733,
        21.494,
        0,
        3.233,
        -15.013,
        0,
        3.7,
        23.013,
        0,
        4.033,
        -7.013,
        0,
        4.4,
        23.013,
        0,
        4.767,
        -7.013,
        0,
        5.2,
        15.013,
        2,
        5.633,
        15.013
      ]
    },
    {
      "Target": "Parameter",
      "Id": "ParamHairFront5",
      "FadeInTime": -1.0,
      "FadeOutTime": -1.0,
      "Segments": [
        0,
        -10,
        2,
        0.5,
        -10,
        0,
        0.833,
        20,
        0,
        1.533,
        -20,
        0,
        1.967,
        28.633,
        0,
        2.467,
        -28.633,
        0,
        2.967,
        28.633,
        0,
        3.467,
        -20,
        1,
        3.545,
        -20,
        3.622,
        -17.579,
        3.7,
        -2,
        1,
        3.756,
        9.128,
        3.811,
        28,
        3.867,
        28,
        0,
        4.2,
        -12,
        0,
        4.567,
        28,
        0,
        5.033,
        -20,
        0,
        5.2,
        -10,
        2,
        5.633,
        -10
      ]
    },
    {
      "Target": "Parameter",
      "Id": "ParamHairSide1",
      "FadeInTime": -1.0,
      "FadeOutTime": -1.0,
      "Segments": [
        0,
        0,
        2,
        0.5,
        0,
        0,
        0.833,
        15.013,
        0,
        1.533,
        -15.013,
        0,
        1.967,
        21.494,
        0,
        2.467,
        -21.494,
        0,
        2.967,
        21.494,
        0,
        3.467,
        -15.013,
        1,
        3.545,
        -15.013,
        3.622,
        -6.756,
        3.7,
        8,
        1,
        3.756,
        18.54,
        3.811,
        23.013,
        3.867,
        23.013,
        0,
        4.2,
        -7.013,
        0,
        4.567,
        23.013,
        0,
        5.033,
        -15.013,
        0,
        5.2,
        0,
        2,
        5.633,
        0
      ]
    },
    {
      "Target": "Parameter",
      "Id": "ParamHairSide2",
      "FadeInTime": -1.0,
      "FadeOutTime": -1.0,
      "Segments": [
        0,
        15.013,
        2,
        0.5,
        15.013,
        0,
        1.2,
        -15.013,
        0,
        1.733,
        15.013,
        0,
        2.2,
        -21.494,
        0,
        2.733,
        21.494,
        0,
        3.233,
        -15.013,
        0,
        3.7,
        23.013,
        0,
        4.033,
        -7.013,
        0,
        4.4,
        23.013,
        0,
        4.767,
        -7.013,
        0,
        5.2,
        15.013,
        2,
        5.633,
        15.013
      ]
    },
    {
      "Target": "Parameter",
      "Id": "ParamHairBack1",
      "FadeInTime": -1.0,
      "FadeOutTime": -1.0,
      "Segments": [
        0,
        0,
        2,
        0.5,
        0,
        0,
        0.833,
        15.013,
        0,
        1.533,
        -15.013,
        0,
        1.967,
        21.494,
        0,
        2.467,
        -21.494,
        0,
        2.967,
        21.494,
        0,
        3.467,
        -15.013,
        1,
        3.545,
        -15.013,
        3.622,
        -6.756,
        3.7,
        8,
        1,
        3.756,
        18.54,
        3.811,
        23.013,
        3.867,
        23.013,
        0,
        4.2,
        -7.013,
        0,
        4.567,
        23.013,
        0,
        5.033,
        -15.013,
        0,
        5.2,
        0,
        2,
        5.633,
        0
      ]
    },
    {
      "Target": "Parameter",
      "Id": "ParamHairBack2",
      "FadeInTime": -1.0,
      "FadeOutTime": -1.0,
      "Segments": [
        0,
        15.013,
        2,
        0.5,
        15.013,
        0,
        1.2,
        -15.013,
        0,
        1.733,
        15.013,
        0,
        2.2,
        -21.494,
        0,
        2.733,
        21.494,
        0,
        3.233,
        -15.013,
        0,
        3.7,
        23.013,
        0,
        4.033,
        -7.013,
        0,
        4.4,
        23.013,
        0,
        4.767,
        -7.013,
        0,
        5.2,
        15.013,
        2,
        5.633,
        15.013
      ]
    },
    {
      "Target": "Parameter",
      "Id": "ParamHairBack3",
      "FadeInTime": -1.0,
      "FadeOutTime": -1.0,
      "Segments": [
        0,
        0,
        2,
        0.5,
        0,
        0,
        0.767,
        15.013,
        0,
        1.267,
        -15.013,
        0,
        1.633,
        15.013,
        0,
        2,
        -21.494,
        0,
        2.367,
        21.494,
        0,
        2.733,
        -21.494,
        1,
        2.878,
        -21.494,
        3.022,
        11.47,
        3.167,
        15,
        1,
        3.289,
        17.987,
        3.411,
        18.057,
        3.533,
        20,
        1,
        3.633,
        21.59,
        3.733,
        23.013,
        3.833,
        23.013,
        0,
        4.067,
        -7.013,
        0,
        4.333,
        23.013,
        0,
        4.6,
        -7.013,
        0,
        4.967,
        15.013,
        0,
        5.2,
        0,
        2,
        5.633,
        0
      ]
    },
    {
      "Target": "Parameter",
      "Id": "ParamHairBack4",
      "FadeInTime": -1.0,
      "FadeOutTime": -1.0,
      "Segments": [
        0,
        15.013,
        2,
        0.5,
        15.013,
        0,
        1.033,
        -15.013,
        0,
        1.533,
        15.013,
        0,
        1.8,
        -15.013,
        0,
        2.2,
        21.494,
        0,
        2.567,
        -21.494,
        0,
        2.9,
        21.494,
        0,
        3.267,
        -15.013,
        0,
        3.7,
        23.013,
        0,
        3.967,
        -7.013,
        0,
        4.2,
        23.013,
        0,
        4.467,
        -7.013,
        0,
        4.767,
        23.013,
        0,
        5.1,
        -15.013,
        0,
        5.2,
        15.013,
        2,
        5.633,
        15.013
      ]
    },
    {
      "Target": "Parameter",
      "Id": "ParamHair1",
      "FadeInTime": -1.0,
      "FadeOutTime": -1.0,
      "Segments": [
        0,
        -0.001,
        0,
        0.267,
        0.001,
        2,
        0.3,
        0.001,
        0,
        0.5,
        0,
        0,
        0.567,
        0.493,
        0,
        0.867,
        -20.923,
        0,
        1.2,
        28.049,
        0,
        1.567,
        -11.956,
        0,
        1.8,
        -2.116,
        0,
        2,
        -8.289,
        0,
        2.4,
        11.8,
        0,
        2.767,
        -5.464,
        0,
        3.033,
        -0.498,
        0,
        3.3,
        -4.783,
        0,
        3.667,
        17.422,
        0,
        4,
        -14.38,
        0,
        4.267,
        -2.532,
        0,
        4.333,
        -2.676,
        0,
        4.667,
        11.168,
        0,
        5.067,
        -4.643,
        0,
        5.533,
        1.49,
        0,
        5.633,
        1.06
      ]
    },
    {
      "Target": "Parameter",
      "Id": "ParamHair2",
      "FadeInTime": -1.0,
      "FadeOutTime": -1.0,
      "Segments": [
        0,
        0.004,
        0,
        0.233,
        -0.003,
        0,
        0.767,
        7.818,
        0,
        1.033,
        -23.044,
        0,
        1.367,
        29.022,
        0,
        1.7,
        -16.911,
        0,
        2,
        7.763,
        0,
        2.267,
        -8.61,
        0,
        2.567,
        11.046,
        0,
        2.9,
        -8.199,
        0,
        3.233,
        5.056,
        0,
        3.533,
        -8.96,
        0,
        3.833,
        19.033,
        0,
        4.133,
        -15.089,
        0,
        4.433,
        2.418,
        0,
        4.6,
        -0.402,
        0,
        4.833,
        6.822,
        0,
        5.2,
        -6.108,
        0,
        5.567,
        2.806,
        0,
        5.633,
        2.498
      ]
    },
    {
      "Target": "Parameter",
      "Id": "ParamHair3",
      "FadeInTime": -1.0,
      "FadeOutTime": -1.0,
      "Segments": [
        0,
        0.004,
        0,
        0.133,
        0.017,
        0,
        0.433,
        -0.007,
        0,
        0.833,
        7.697,
        0,
        1.133,
        -22.705,
        0,
        1.433,
        30,
        2,
        1.5,
        30,
        0,
        1.833,
        -23.563,
        0,
        2.133,
        12.557,
        0,
        2.4,
        -10.829,
        0,
        2.7,
        14.602,
        0,
        3.033,
        -13.005,
        0,
        3.367,
        8.869,
        0,
        3.667,
        -12.015,
        0,
        3.967,
        21.147,
        0,
        4.3,
        -20.993,
        0,
        4.633,
        6.828,
        0,
        4.8,
        3.874,
        0,
        4.967,
        5.041,
        0,
        5.3,
        -8.398,
        0,
        5.633,
        5.527
      ]
    },
    {
      "Target": "Parameter",
      "Id": "ParamHair4",
      "FadeInTime": -1.0,
      "FadeOutTime": -1.0,
      "Segments": [
        0,
        -0.112,
        0,
        0.3,
        0.058,
        0,
        0.533,
        -0.017,
        0,
        0.933,
        8.112,
        0,
        1.2,
        -23.118,
        0,
        1.5,
        30,
        2,
        1.6,
        30,
        0,
        1.967,
        -30,
        0,
        2.267,
        17.39,
        0,
        2.567,
        -14.428,
        0,
        2.833,
        18.256,
        0,
        3.167,
        -18.872,
        0,
        3.5,
        13.662,
        0,
        3.767,
        -16.428,
        0,
        4.067,
        24.606,
        0,
        4.4,
        -27.92,
        0,
        4.767,
        14.254,
        0,
        5.4,
        -9.746,
        0,
        5.633,
        2.189
      ]
    },
    {
      "Target": "Parameter",
      "Id": "ParamHair5",
      "FadeInTime": -1.0,
      "FadeOutTime": -1.0,
      "Segments": [
        0,
        -0.172,
        0,
        0.1,
        -0.354,
        0,
        0.433,
        0.184,
        0,
        0.633,
        0.013,
        0,
        1,
        8.243,
        0,
        1.233,
        -23.683,
        0,
        1.6,
        30,
        2,
        1.7,
        30,
        0,
        2,
        -30,
        2,
        2.1,
        -30,
        0,
        2.4,
        23.598,
        0,
        2.7,
        -18.405,
        0,
        2.967,
        21.767,
        0,
        3.3,
        -25.119,
        0,
        3.633,
        18.69,
        0,
        3.9,
        -20.011,
        0,
        4.167,
        27.282,
        0,
        4.467,
        -30,
        2,
        4.533,
        -30,
        0,
        4.9,
        22.256,
        0,
        5.467,
        -10.804,
        0,
        5.633,
        -4.607
      ]
    },
    {
      "Target": "Parameter",
      "Id": "ParamHair6",
      "FadeInTime": -1.0,
      "FadeOutTime": -1.0,
      "Segments": [
        0,
        1.03,
        0,
        0.233,
        -0.948,
        0,
        0.567,
        0.523,
        0,
        0.767,
        0.185,
        0,
        1.1,
        8.185,
        0,
        1.3,
        -24.918,
        0,
        1.667,
        30,
        2,
        1.833,
        30,
        0,
        2.1,
        -30,
        2,
        2.2,
        -30,
        0,
        2.533,
        30,
        0,
        2.833,
        -22.703,
        0,
        3.1,
        24.828,
        0,
        3.4,
        -30,
        0,
        3.733,
        26.093,
        0,
        4.033,
        -23.018,
        0,
        4.233,
        28.578,
        0,
        4.533,
        -30,
        2,
        4.633,
        -30,
        0,
        5,
        29.596,
        0,
        5.467,
        -14.998,
        0,
        5.633,
        -9.327
      ]
    },
    {
      "Target": "Parameter",
      "Id": "ParamEyeLGG",
      "FadeInTime": -1.0,
      "FadeOutTime": -1.0,
      "Segments": [
        0,
        0,
        2,
        0.033,
        0,
        2,
        0.1,
        0,
        2,
        0.333,
        0,
        2,
        0.433,
        0,
        2,
        0.467,
        0,
        2,
        0.5,
        0,
        0,
        0.633,
        3.182,
        0,
        0.867,
        -8.072,
        0,
        1.133,
        6.375,
        0,
        1.4,
        -3.337,
        0,
        1.7,
        2.105,
        0,
        2.133,
        -2.654,
        0,
        2.433,
        3.272,
        0,
        2.7,
        -4.633,
        0,
        3,
        4.114,
        0,
        3.4,
        -3.308,
        0,
        3.7,
        2.377,
        0,
        4,
        -1.269,
        0,
        4.3,
        0.598,
        0,
        4.6,
        -0.262,
        0,
        4.833,
        5.936,
        0,
        5.1,
        -11.259,
        0,
        5.4,
        13.302,
        0,
        5.633,
        -6.444
      ]
    },
    {
      "Target": "Parameter",
      "Id": "ParamEyeRGG",
      "FadeInTime": -1.0,
      "FadeOutTime": -1.0,
      "Segments": [
        0,
        0,
        2,
        0.033,
        0,
        2,
        0.1,
        0,
        2,
        0.333,
        0,
        2,
        0.433,
        0,
        2,
        0.467,
        0,
        2,
        0.5,
        0,
        0,
        0.633,
        3.182,
        0,
        0.867,
        -8.072,
        0,
        1.133,
        6.375,
        0,
        1.4,
        -3.337,
        0,
        1.7,
        2.105,
        0,
        2.133,
        -2.654,
        0,
        2.433,
        3.272,
        0,
        2.7,
        -4.633,
        0,
        3,
        4.114,
        0,
        3.4,
        -3.308,
        0,
        3.7,
        2.377,
        0,
        4,
        -1.269,
        0,
        4.3,
        0.598,
        0,
        4.6,
        -0.262,
        0,
        4.833,
        5.936,
        0,
        5.1,
        -11.259,
        0,
        5.4,
        13.302,
        0,
        5.633,
        -6.444
      ]
    },
    {
      "Target": "Parameter",
      "Id": "ZD_BustLMotionY_L",
      "FadeInTime": -1.0,
      "FadeOutTime": -1.0,
      "Segments": [
        0,
        0.019,
        0,
        0.233,
        -0.035,
        0,
        0.5,
        0.004,
        0,
        0.767,
        -11.148,
        0,
        1.167,
        18.048,
        0,
        1.667,
        -13.514,
        0,
        2.233,
        8.134,
        0,
        2.733,
        -2.181,
        0,
        2.867,
        -1.881,
        0,
        3.133,
        -3.228,
        0,
        3.667,
        9.981,
        0,
        4.1,
        -16.229,
        0,
        4.5,
        13.906,
        0,
        4.967,
        -7.722,
        0,
        5.433,
        3.804,
        0,
        5.633,
        0.839
      ]
    },
    {
      "Target": "Parameter",
      "Id": "ZD_BustLMotionX_L",
      "FadeInTime": -1.0,
      "FadeOutTime": -1.0,
      "Segments": [
        0,
        0,
        2,
        0.5,
        0,
        0,
        0.767,
        0.476,
        0,
        1.167,
        0.099,
        0,
        1.2,
        0.1,
        0,
        1.8,
        -1.48,
        0,
        2.4,
        4.06,
        0,
        2.7,
        -5.1,
        0,
        3.067,
        2.331,
        0,
        3.333,
        -0.474,
        0,
        3.5,
        11.378,
        0,
        3.767,
        -19.975,
        0,
        4.033,
        16.941,
        0,
        4.333,
        -13.692,
        0,
        4.633,
        8.774,
        0,
        5,
        -3.7,
        0,
        5.3,
        1.657,
        0,
        5.633,
        -0.603
      ]
    },
    {
      "Target": "Parameter",
      "Id": "ZD_BustRMotionY_L",
      "FadeInTime": -1.0,
      "FadeOutTime": -1.0,
      "Segments": [
        0,
        0.019,
        0,
        0.233,
        -0.035,
        0,
        0.5,
        0.004,
        0,
        0.767,
        -11.148,
        0,
        1.167,
        18.048,
        0,
        1.667,
        -13.514,
        0,
        2.233,
        8.134,
        0,
        2.733,
        -2.181,
        0,
        2.867,
        -1.881,
        0,
        3.133,
        -3.228,
        0,
        3.667,
        9.981,
        0,
        4.1,
        -16.229,
        0,
        4.5,
        13.906,
        0,
        4.967,
        -7.722,
        0,
        5.433,
        3.804,
        0,
        5.633,
        0.839
      ]
    },
    {
      "Target": "Parameter",
      "Id": "ZD_BustRMotionX_L",
      "FadeInTime": -1.0,
      "FadeOutTime": -1.0,
      "Segments": [
        0,
        0,
        2,
        0.5,
        0,
        0,
        0.767,
        0.476,
        0,
        1.167,
        0.099,
        0,
        1.2,
        0.1,
        0,
        1.8,
        -1.48,
        0,
        2.4,
        4.06,
        0,
        2.7,
        -5.1,
        0,
        3.067,
        2.331,
        0,
        3.333,
        -0.474,
        0,
        3.5,
        11.378,
        0,
        3.767,
        -19.975,
        0,
        4.033,
        16.941,
        0,
        4.333,
        -13.692,
        0,
        4.633,
        8.774,
        0,
        5,
        -3.7,
        0,
        5.3,
        1.657,
        0,
        5.633,
        -0.603
      ]
    },
    {
      "Target": "Parameter",
      "Id": "ZD_BustLMotionY_X",
      "FadeInTime": -1.0,
      "FadeOutTime": -1.0,
      "Segments": [
        0,
        0.09,
        0,
        0.367,
        -0.057,
        0,
        0.633,
        2.746,
        0,
        0.933,
        -23.437,
        0,
        1.333,
        27.877,
        0,
        1.833,
        -15.919,
        0,
        2.4,
        9.056,
        0,
        2.8,
        -1.463,
        0,
        3,
        0.288,
        0,
        3.367,
        -6.476,
        0,
        3.867,
        18.149,
        0,
        4.267,
        -26.833,
        0,
        4.667,
        20.815,
        0,
        5.1,
        -9.798,
        0,
        5.567,
        5.737,
        0,
        5.633,
        5.175
      ]
    },
    {
      "Target": "Parameter",
      "Id": "ZD_BustLMotionX_X",
      "FadeInTime": -1.0,
      "FadeOutTime": -1.0,
      "Segments": [
        0,
        0,
        2,
        0.5,
        0,
        0,
        0.7,
        -0.363,
        0,
        0.933,
        0.357,
        0,
        1.233,
        -0.17,
        0,
        1.7,
        0.48,
        0,
        1.967,
        -0.796,
        0,
        2.2,
        -0.016,
        0,
        2.333,
        -1.117,
        0,
        2.567,
        4.281,
        0,
        2.867,
        -4.655,
        0,
        3.2,
        3.314,
        0,
        3.467,
        -7.436,
        0,
        3.667,
        14.908,
        0,
        3.9,
        -25.853,
        0,
        4.2,
        21.355,
        0,
        4.5,
        -17.621,
        0,
        4.8,
        11.237,
        0,
        5.133,
        -6.015,
        0,
        5.433,
        3.735,
        0,
        5.633,
        -0.427
      ]
    },
    {
      "Target": "Parameter",
      "Id": "ZD_BustRMotionY_X",
      "FadeInTime": -1.0,
      "FadeOutTime": -1.0,
      "Segments": [
        0,
        0.09,
        0,
        0.367,
        -0.057,
        0,
        0.633,
        2.746,
        0,
        0.933,
        -23.437,
        0,
        1.333,
        27.877,
        0,
        1.833,
        -15.919,
        0,
        2.4,
        9.056,
        0,
        2.8,
        -1.463,
        0,
        3,
        0.288,
        0,
        3.367,
        -6.476,
        0,
        3.867,
        18.149,
        0,
        4.267,
        -26.833,
        0,
        4.667,
        20.815,
        0,
        5.1,
        -9.798,
        0,
        5.567,
        5.737,
        0,
        5.633,
        5.175
      ]
    },
    {
      "Target": "Parameter",
      "Id": "ZD_BustRMotionX_X",
      "FadeInTime": -1.0,
      "FadeOutTime": -1.0,
      "Segments": [
        0,
        0,
        2,
        0.5,
        0,
        0,
        0.7,
        -0.363,
        0,
        0.933,
        0.357,
        0,
        1.233,
        -0.17,
        0,
        1.7,
        0.48,
        0,
        1.967,
        -0.796,
        0,
        2.2,
        -0.016,
        0,
        2.333,
        -1.117,
        0,
        2.567,
        4.281,
        0,
        2.867,
        -4.655,
        0,
        3.2,
        3.314,
        0,
        3.467,
        -7.436,
        0,
        3.667,
        14.908,
        0,
        3.9,
        -25.853,
        0,
        4.2,
        21.355,
        0,
        4.5,
        -17.621,
        0,
        4.8,
        11.237,
        0,
        5.133,
        -6.015,
        0,
        5.433,
        3.735,
        0,
        5.633,
        -0.427
      ]
    },
    {
      "Target": "Parameter",
      "Id": "dudai1",
      "FadeInTime": -1.0,
      "FadeOutTime": -1.0,
      "Segments": [
        0,
        0,
        2,
        0.5,
        0,
        0,
        0.533,
        0.015,
        0,
        0.767,
        0.006,
        0,
        1.2,
        0.103,
        0,
        1.733,
        -0.44,
        0,
        2.3,
        1.067,
        0,
        2.833,
        -1.999,
        0,
        3.3,
        2.769,
        0,
        3.733,
        -2.445,
        0,
        4.167,
        0.785,
        0,
        4.367,
        0.474,
        0,
        4.667,
        1.39,
        0,
        5.133,
        -3.229,
        0,
        5.167,
        0,
        2,
        5.633,
        0
      ]
    },
    {
      "Target": "Parameter",
      "Id": "dudai2",
      "FadeInTime": -1.0,
      "FadeOutTime": -1.0,
      "Segments": [
        0,
        0,
        0,
        0.033,
        0.003,
        2,
        0.067,
        0.003,
        0,
        0.5,
        0,
        2,
        0.533,
        0,
        2,
        0.567,
        0,
        0,
        1.033,
        0.111,
        0,
        1.533,
        -0.379,
        0,
        2.1,
        0.882,
        0,
        2.633,
        -1.677,
        0,
        3.067,
        2.362,
        0,
        3.5,
        -2.041,
        0,
        3.833,
        0.818,
        0,
        4.133,
        -0.579,
        0,
        4.467,
        1.784,
        0,
        4.933,
        -2.855,
        0,
        5.167,
        0,
        2,
        5.633,
        0
      ]
    },
    {
      "Target": "Parameter",
      "Id": "dudai3",
      "FadeInTime": -1.0,
      "FadeOutTime": -1.0,
      "Segments": [
        0,
        0,
        2,
        0.5,
        0,
        0,
        0.533,
        0.015,
        0,
        0.767,
        0.006,
        0,
        1.2,
        0.103,
        0,
        1.733,
        -0.44,
        0,
        2.3,
        1.067,
        0,
        2.833,
        -1.999,
        0,
        3.3,
        2.769,
        0,
        3.733,
        -2.445,
        0,
        4.167,
        0.785,
        0,
        4.367,
        0.474,
        0,
        4.667,
        1.39,
        0,
        5.133,
        -3.229,
        0,
        5.167,
        0,
        2,
        5.633,
        0
      ]
    },
    {
      "Target": "Parameter",
      "Id": "dudai4",
      "FadeInTime": -1.0,
      "FadeOutTime": -1.0,
      "Segments": [
        0,
        0,
        0,
        0.033,
        0.003,
        2,
        0.067,
        0.003,
        0,
        0.5,
        0,
        2,
        0.533,
        0,
        2,
        0.567,
        0,
        0,
        1.033,
        0.111,
        0,
        1.533,
        -0.379,
        0,
        2.1,
        0.882,
        0,
        2.633,
        -1.677,
        0,
        3.067,
        2.362,
        0,
        3.5,
        -2.041,
        0,
        3.833,
        0.818,
        0,
        4.133,
        -0.579,
        0,
        4.467,
        1.784,
        0,
        4.933,
        -2.855,
        0,
        5.167,
        0,
        2,
        5.633,
        0
      ]
    },
    {
      "Target": "Parameter",
      "Id": "menyshou",
      "FadeInTime": -1.0,
      "FadeOutTime": -1.0,
      "Segments": [
        0,
        -30,
        0,
        5.633,
        -30
      ]
    },
    {
      "Target": "Parameter",
      "Id": "heikuang",
      "FadeInTime": -1.0,
      "FadeOutTime": -1.0,
      "Segments": [
        0,
        0,
        0,
        5.633,
        0
      ]
    },
    {
      "Target": "Parameter",
      "Id": "All_X",
      "FadeInTime": -1.0,
      "FadeOutTime": -1.0,
      "Segments": [
        0,
        0,
        0,
        5.633,
        0
      ]
    },
    {
      "Target": "Parameter",
      "Id": "All_Y",
      "FadeInTime": -1.0,
      "FadeOutTime": -1.0,
      "Segments": [
        0,
        0,
        0,
        5.633,
        0
      ]
    },
    {
      "Target": "Parameter",
      "Id": "All_Size",
      "FadeInTime": -1.0,
      "FadeOutTime": -1.0,
      "Segments": [
        0,
        0,
        0,
        5.633,
        0
      ]
    },
    {
      "Target": "Parameter",
      "Id": "All_Angle",
      "FadeInTime": -1.0,
      "FadeOutTime": -1.0,
      "Segments": [
        0,
        0,
        0,
        5.633,
        0
      ]
    },
    {
      "Target": "Parameter",
      "Id": "man_X",
      "FadeInTime": -1.0,
      "FadeOutTime": -1.0,
      "Segments": [
        0,
        0,
        0,
        5.633,
        0
      ]
    },
    {
      "Target": "Parameter",
      "Id": "man_Y",
      "FadeInTime": -1.0,
      "FadeOutTime": -1.0,
      "Segments": [
        0,
        0,
        0,
        5.633,
        0
      ]
    },
    {
      "Target": "Parameter",
      "Id": "man_Angle",
      "FadeInTime": -1.0,
      "FadeOutTime": -1.0,
      "Segments": [
        0,
        0,
        0,
        5.633,
        0
      ]
    },
    {
      "Target": "Parameter",
      "Id": "man_Size",
      "FadeInTime": -1.0,
      "FadeOutTime": -1.0,
      "Segments": [
        0,
        0,
        0,
        5.633,
        0
      ]
    },
    {
      "Target": "Parameter",
      "Id": "FG_Black",
      "FadeInTime": -1.0,
      "FadeOutTime": -1.0,
      "Segments": [
        0,
        0,
        0,
        5.633,
        0
      ]
    },
    {
      "Target": "Parameter",
      "Id": "BG_White",
      "FadeInTime": -1.0,
      "FadeOutTime": -1.0,
      "Segments": [
        0,
        0,
        0,
        5.633,
        0
      ]
    },
    {
      "Target": "Parameter",
      "Id": "huangguang",
      "FadeInTime": -1.0,
      "FadeOutTime": -1.0,
      "Segments": [
        0,
        0,
        0,
        5.633,
        0
      ]
    },
    {
      "Target": "Parameter",
      "Id": "FG_White",
      "FadeInTime": -1.0,
      "FadeOutTime": -1.0,
      "Segments": [
        0,
        0,
        0,
        5.633,
        0
      ]
    },
    {
      "Target": "Parameter",
      "Id": "xgbquan",
      "FadeInTime": -1.0,
      "FadeOutTime": -1.0,
      "Segments": [
        0,
        0,
        0,
        5.633,
        0
      ]
    },
    {
      "Target": "Parameter",
      "Id": "FG_White2",
      "FadeInTime": -1.0,
      "FadeOutTime": -1.0,
      "Segments": [
        0,
        0,
        0,
        5.633,
        0
      ]
    },
    {
      "Target": "Parameter",
      "Id": "qfwyid",
      "FadeInTime": -1.0,
      "FadeOutTime": -1.0,
      "Segments": [
        0,
        0,
        0,
        5.633,
        0
      ]
    },
    {
      "Target": "Parameter",
      "Id": "BG_Black",
      "FadeInTime": -1.0,
      "FadeOutTime": -1.0,
      "Segments": [
        0,
        0,
        0,
        5.633,
        0
      ]
    },
    {
      "Target": "Parameter",
      "Id": "ParamMouthCDisplay",
      "FadeInTime": -1.0,
      "FadeOutTime": -1.0,
      "Segments": [
        0,
        0,
        0,
        5.633,
        0
      ]
    },
    {
      "Target": "Parameter",
      "Id": "ParamForearmLLayer2",
      "FadeInTime": -1.0,
      "FadeOutTime": -1.0,
      "Segments": [
        0,
        0,
        0,
        5.633,
        0
      ]
    },
    {
      "Target": "Parameter",
      "Id": "ParamForearmLChange",
      "FadeInTime": -1.0,
      "FadeOutTime": -1.0,
      "Segments": [
        0,
        0,
        0,
        5.633,
        0
      ]
    },
    {
      "Target": "Parameter",
      "Id": "ParamForearmLStretch",
      "FadeInTime": -1.0,
      "FadeOutTime": -1.0,
      "Segments": [
        0,
        -15,
        0,
        5.633,
        -15
      ]
    },
    {
      "Target": "Parameter",
      "Id": "ParamForearmLLayer",
      "FadeInTime": -1.0,
      "FadeOutTime": -1.0,
      "Segments": [
        0,
        0,
        0,
        5.633,
        0
      ]
    },
    {
      "Target": "Parameter",
      "Id": "ParamHandLChange",
      "FadeInTime": -1.0,
      "FadeOutTime": -1.0,
      "Segments": [
        0,
        0,
        0,
        5.633,
        0
      ]
    },
    {
      "Target": "Parameter",
      "Id": "ParamHandL1Display",
      "FadeInTime": -1.0,
      "FadeOutTime": -1.0,
      "Segments": [
        0,
        0,
        0,
        5.633,
        0
      ]
    },
    {
      "Target": "Parameter",
      "Id": "ParamHandL3Display",
      "FadeInTime": -1.0,
      "FadeOutTime": -1.0,
      "Segments": [
        0,
        0,
        0,
        5.633,
        0
      ]
    },
    {
      "Target": "Parameter",
      "Id": "ParamHandL4Display",
      "FadeInTime": -1.0,
      "FadeOutTime": -1.0,
      "Segments": [
        0,
        0,
        0,
        5.633,
        0
      ]
    },
    {
      "Target": "Parameter",
      "Id": "ParamForearmL_A",
      "FadeInTime": -1.0,
      "FadeOutTime": -1.0,
      "Segments": [
        0,
        30,
        0,
        5.633,
        30
      ]
    },
    {
      "Target": "Parameter",
      "Id": "ParamForearmL_B",
      "FadeInTime": -1.0,
      "FadeOutTime": -1.0,
      "Segments": [
        0,
        0,
        0,
        5.633,
        0
      ]
    },
    {
      "Target": "Parameter",
      "Id": "ParamForearmL_C",
      "FadeInTime": -1.0,
      "FadeOutTime": -1.0,
      "Segments": [
        0,
        0,
        0,
        5.633,
        0
      ]
    },
    {
      "Target": "Parameter",
      "Id": "ParamForearmLAngleX",
      "FadeInTime": -1.0,
      "FadeOutTime": -1.0,
      "Segments": [
        0,
        0,
        0,
        5.633,
        0
      ]
    },
    {
      "Target": "Parameter",
      "Id": "ParamForearmLAngleY",
      "FadeInTime": -1.0,
      "FadeOutTime": -1.0,
      "Segments": [
        0,
        0,
        0,
        5.633,
        0
      ]
    },
    {
      "Target": "Parameter",
      "Id": "ParamHandLAngleX",
      "FadeInTime": -1.0,
      "FadeOutTime": -1.0,
      "Segments": [
        0,
        0,
        0,
        5.633,
        0
      ]
    },
    {
      "Target": "Parameter",
      "Id": "ParamHandLAngleY",
      "FadeInTime": -1.0,
      "FadeOutTime": -1.0,
      "Segments": [
        0,
        0,
        0,
        5.633,
        0
      ]
    },
    {
      "Target": "Parameter",
      "Id": "ParamArmLChange",
      "FadeInTime": -1.0,
      "FadeOutTime": -1.0,
      "Segments": [
        0,
        0,
        0,
        5.633,
        0
      ]
    },
    {
      "Target": "Parameter",
      "Id": "ParamForearmRAngleX",
      "FadeInTime": -1.0,
      "FadeOutTime": -1.0,
      "Segments": [
        0,
        0,
        0,
        5.633,
        0
      ]
    },
    {
      "Target": "Parameter",
      "Id": "ParamForearmRAngleY",
      "FadeInTime": -1.0,
      "FadeOutTime": -1.0,
      "Segments": [
        0,
        0,
        0,
        5.633,
        0
      ]
    },
    {
      "Target": "Parameter",
      "Id": "ParamHandRAngleX",
      "FadeInTime": -1.0,
      "FadeOutTime": -1.0,
      "Segments": [
        0,
        0,
        0,
        5.633,
        0
      ]
    },
    {
      "Target": "Parameter",
      "Id": "ParamHandRAngleY",
      "FadeInTime": -1.0,
      "FadeOutTime": -1.0,
      "Segments": [
        0,
        0,
        0,
        5.633,
        0
      ]
    },
    {
      "Target": "Parameter",
      "Id": "ParamArmRAngle",
      "FadeInTime": -1.0,
      "FadeOutTime": -1.0,
      "Segments": [
        0,
        0,
        0,
        5.633,
        0
      ]
    },
    {
      "Target": "Parameter",
      "Id": "ParamArmRChange",
      "FadeInTime": -1.0,
      "FadeOutTime": -1.0,
      "Segments": [
        0,
        0,
        0,
        5.633,
        0
      ]
    },
    {
      "Target": "Parameter",
      "Id": "ParamArmRStretch",
      "FadeInTime": -1.0,
      "FadeOutTime": -1.0,
      "Segments": [
        0,
        0,
        0,
        5.633,
        0
      ]
    },
    {
      "Target": "Parameter",
      "Id": "ParamForearmRLayer",
      "FadeInTime": -1.0,
      "FadeOutTime": -1.0,
      "Segments": [
        0,
        -30,
        0,
        5.633,
        -30
      ]
    },
    {
      "Target": "Parameter",
      "Id": "ParamForearmRAngle",
      "FadeInTime": -1.0,
      "FadeOutTime": -1.0,
      "Segments": [
        0,
        0,
        0,
        5.633,
        0
      ]
    },
    {
      "Target": "Parameter",
      "Id": "ParamForearmRChange",
      "FadeInTime": -1.0,
      "FadeOutTime": -1.0,
      "Segments": [
        0,
        0,
        0,
        5.633,
        0
      ]
    },
    {
      "Target": "Parameter",
      "Id": "ParamHandRStretch",
      "FadeInTime": -1.0,
      "FadeOutTime": -1.0,
      "Segments": [
        0,
        0,
        0,
        5.633,
        0
      ]
    },
    {
      "Target": "Parameter",
      "Id": "ParamHandRAngle",
      "FadeInTime": -1.0,
      "FadeOutTime": -1.0,
      "Segments": [
        0,
        0,
        0,
        5.633,
        0
      ]
    },
    {
      "Target": "Parameter",
      "Id": "ParamHandRChange",
      "FadeInTime": -1.0,
      "FadeOutTime": -1.0,
      "Segments": [
        0,
        0,
        0,
        5.633,
        0
      ]
    },
    {
      "Target": "Parameter",
      "Id": "ParamHandRAnimation",
      "FadeInTime": -1.0,
      "FadeOutTime": -1.0,
      "Segments": [
        0,
        0,
        0,
        5.633,
        0
      ]
    },
    {
      "Target": "Parameter",
      "Id": "ParamHandRREDisplay",
      "FadeInTime": -1.0,
      "FadeOutTime": -1.0,
      "Segments": [
        0,
        30,
        0,
        5.633,
        30
      ]
    },
    {
      "Target": "Parameter",
      "Id": "ParamHandR1Display",
      "FadeInTime": -1.0,
      "FadeOutTime": -1.0,
      "Segments": [
        0,
        0,
        0,
        5.633,
        0
      ]
    },
    {
      "Target": "Parameter",
      "Id": "ParamHandR2Display",
      "FadeInTime": -1.0,
      "FadeOutTime": -1.0,
      "Segments": [
        0,
        0,
        0,
        5.633,
        0
      ]
    },
    {
      "Target": "Parameter",
      "Id": "ParamHandR3Display",
      "FadeInTime": -1.0,
      "FadeOutTime": -1.0,
      "Segments": [
        0,
        0,
        0,
        5.633,
        0
      ]
    },
    {
      "Target": "Parameter",
      "Id": "ParamHandR4Display",
      "FadeInTime": -1.0,
      "FadeOutTime": -1.0,
      "Segments": [
        0,
        0,
        0,
        5.633,
        0
      ]
    },
    {
      "Target": "Parameter",
      "Id": "ParamHandR9Display",
      "FadeInTime": -1.0,
      "FadeOutTime": -1.0,
      "Segments": [
        0,
        0,
        0,
        5.633,
        0
      ]
    },
    {
      "Target": "Parameter",
      "Id": "ParamForearmR_A",
      "FadeInTime": -1.0,
      "FadeOutTime": -1.0,
      "Segments": [
        0,
        30,
        0,
        5.633,
        30
      ]
    },
    {
      "Target": "Parameter",
      "Id": "ParamForearmR_B",
      "FadeInTime": -1.0,
      "FadeOutTime": -1.0,
      "Segments": [
        0,
        0,
        0,
        5.633,
        0
      ]
    },
    {
      "Target": "Parameter",
      "Id": "ParamForearmR_C",
      "FadeInTime": -1.0,
      "FadeOutTime": -1.0,
      "Segments": [
        0,
        0,
        0,
        5.633,
        0
      ]
    },
    {
      "Target": "Parameter",
      "Id": "youshoouxiu",
      "FadeInTime": -1.0,
      "FadeOutTime": -1.0,
      "Segments": [
        0,
        30,
        0,
        5.633,
        30
      ]
    },
    {
      "Target": "Parameter",
      "Id": "ParamArmR_A",
      "FadeInTime": -1.0,
      "FadeOutTime": -1.0,
      "Segments": [
        0,
        0,
        0,
        5.633,
        0
      ]
    },
    {
      "Target": "Parameter",
      "Id": "biguodu",
      "FadeInTime": -1.0,
      "FadeOutTime": -1.0,
      "Segments": [
        0,
        0,
        0,
        5.633,
        0
      ]
    },
    {
      "Target": "Parameter",
      "Id": "biguodujiaodu",
      "FadeInTime": -1.0,
      "FadeOutTime": -1.0,
      "Segments": [
        0,
        0,
        0,
        5.633,
        0
      ]
    },
    {
      "Target": "Parameter",
      "Id": "BIGUODUTMD",
      "FadeInTime": -1.0,
      "FadeOutTime": -1.0,
      "Segments": [
        0,
        0,
        0,
        5.633,
        0
      ]
    },
    {
      "Target": "Parameter",
      "Id": "youshoudaxiao",
      "FadeInTime": -1.0,
      "FadeOutTime": -1.0,
      "Segments": [
        0,
        0,
        0,
        5.633,
        0
      ]
    },
    {
      "Target": "Parameter",
      "Id": "zhihen",
      "FadeInTime": -1.0,
      "FadeOutTime": -1.0,
      "Segments": [
        0,
        0,
        0,
        5.633,
        0
      ]
    },
    {
      "Target": "Parameter",
      "Id": "shentihuxi",
      "FadeInTime": -1.0,
      "FadeOutTime": -1.0,
      "Segments": [
        0,
        0,
        0,
        5.633,
        0
      ]
    },
    {
      "Target": "Parameter",
      "Id": "ParamLegLStretch",
      "FadeInTime": -1.0,
      "FadeOutTime": -1.0,
      "Segments": [
        0,
        0,
        0,
        5.633,
        0
      ]
    },
    {
      "Target": "Parameter",
      "Id": "ParamCrusLAngle",
      "FadeInTime": -1.0,
      "FadeOutTime": -1.0,
      "Segments": [
        0,
        0,
        0,
        5.633,
        0
      ]
    },
    {
      "Target": "Parameter",
      "Id": "ParamCrusLStretch",
      "FadeInTime": -1.0,
      "FadeOutTime": -1.0,
      "Segments": [
        0,
        0,
        0,
        5.633,
        0
      ]
    },
    {
      "Target": "Parameter",
      "Id": "ParamFooxz",
      "FadeInTime": -1.0,
      "FadeOutTime": -1.0,
      "Segments": [
        0,
        0,
        0,
        5.633,
        0
      ]
    },
    {
      "Target": "Parameter",
      "Id": "ParamCrusLLayer",
      "FadeInTime": -1.0,
      "FadeOutTime": -1.0,
      "Segments": [
        0,
        0,
        0,
        5.633,
        0
      ]
    },
    {
      "Target": "Parameter",
      "Id": "NULL1",
      "FadeInTime": -1.0,
      "FadeOutTime": -1.0,
      "Segments": [
        0,
        0,
        0,
        5.633,
        0
      ]
    },
    {
      "Target": "Parameter",
      "Id": "NULL2",
      "FadeInTime": -1.0,
      "FadeOutTime": -1.0,
      "Segments": [
        0,
        0,
        0,
        5.633,
        0
      ]
    },
    {
      "Target": "Parameter",
      "Id": "NULL3",
      "FadeInTime": -1.0,
      "FadeOutTime": -1.0,
      "Segments": [
        0,
        0,
        0,
        5.633,
        0
      ]
    },
    {
      "Target": "Parameter",
      "Id": "rtuiqei",
      "FadeInTime": -1.0,
      "FadeOutTime": -1.0,
      "Segments": [
        0,
        0,
        0,
        5.633,
        0
      ]
    },
    {
      "Target": "Parameter",
      "Id": "ParamLegRAngle",
      "FadeInTime": -1.0,
      "FadeOutTime": -1.0,
      "Segments": [
        0,
        0,
        0,
        5.633,
        0
      ]
    },
    {
      "Target": "Parameter",
      "Id": "ParamLegRStretch",
      "FadeInTime": -1.0,
      "FadeOutTime": -1.0,
      "Segments": [
        0,
        0,
        0,
        5.633,
        0
      ]
    },
    {
      "Target": "Parameter",
      "Id": "ParamFoodRChange",
      "FadeInTime": -1.0,
      "FadeOutTime": -1.0,
      "Segments": [
        0,
        0,
        0,
        5.633,
        0
      ]
    },
    {
      "Target": "Parameter",
      "Id": "ParamCrusRStretch",
      "FadeInTime": -1.0,
      "FadeOutTime": -1.0,
      "Segments": [
        0,
        0,
        0,
        5.633,
        0
      ]
    },
    {
      "Target": "Parameter",
      "Id": "ParamCrusRLayer",
      "FadeInTime": -1.0,
      "FadeOutTime": -1.0,
      "Segments": [
        0,
        0,
        0,
        5.633,
        0
      ]
    },
    {
      "Target": "Parameter",
      "Id": "siwalq2",
      "FadeInTime": -1.0,
      "FadeOutTime": -1.0,
      "Segments": [
        0,
        0,
        0,
        5.633,
        0
      ]
    },
    {
      "Target": "Parameter",
      "Id": "siwalq",
      "FadeInTime": -1.0,
      "FadeOutTime": -1.0,
      "Segments": [
        0,
        0,
        0,
        5.633,
        0
      ]
    },
    {
      "Target": "Parameter",
      "Id": "laswX",
      "FadeInTime": -1.0,
      "FadeOutTime": -1.0,
      "Segments": [
        0,
        0,
        0,
        5.633,
        0
      ]
    },
    {
      "Target": "Parameter",
      "Id": "laswY",
      "FadeInTime": -1.0,
      "FadeOutTime": -1.0,
      "Segments": [
        0,
        0,
        0,
        5.633,
        0
      ]
    },
    {
      "Target": "Parameter",
      "Id": "rdatuitan",
      "FadeInTime": -1.0,
      "FadeOutTime": -1.0,
      "Segments": [
        0,
        0,
        0,
        5.633,
        0
      ]
    },
    {
      "Target": "Parameter",
      "Id": "rdatuitan2",
      "FadeInTime": -1.0,
      "FadeOutTime": -1.0,
      "Segments": [
        0,
        0,
        0,
        5.633,
        0
      ]
    },
    {
      "Target": "Parameter",
      "Id": "rxtuir",
      "FadeInTime": -1.0,
      "FadeOutTime": -1.0,
      "Segments": [
        0,
        0,
        0,
        5.633,
        0
      ]
    },
    {
      "Target": "Parameter",
      "Id": "rxtuir2",
      "FadeInTime": -1.0,
      "FadeOutTime": -1.0,
      "Segments": [
        0,
        0,
        0,
        5.633,
        0
      ]
    },
    {
      "Target": "Parameter",
      "Id": "ldtuir1",
      "FadeInTime": -1.0,
      "FadeOutTime": -1.0,
      "Segments": [
        0,
        0,
        0,
        5.633,
        0
      ]
    },
    {
      "Target": "Parameter",
      "Id": "ldtuir2",
      "FadeInTime": -1.0,
      "FadeOutTime": -1.0,
      "Segments": [
        0,
        0,
        0,
        5.633,
        0
      ]
    },
    {
      "Target": "Parameter",
      "Id": "lxtuir1",
      "FadeInTime": -1.0,
      "FadeOutTime": -1.0,
      "Segments": [
        0,
        0,
        0,
        5.633,
        0
      ]
    },
    {
      "Target": "Parameter",
      "Id": "lxtuir2",
      "FadeInTime": -1.0,
      "FadeOutTime": -1.0,
      "Segments": [
        0,
        0,
        0,
        5.633,
        0
      ]
    },
    {
      "Target": "Parameter",
      "Id": "Param",
      "FadeInTime": -1.0,
      "FadeOutTime": -1.0,
      "Segments": [
        0,
        0,
        0,
        5.633,
        0
      ]
    },
    {
      "Target": "Parameter",
      "Id": "wanyaoqb",
      "FadeInTime": -1.0,
      "FadeOutTime": -1.0,
      "Segments": [
        0,
        0,
        0,
        5.633,
        0
      ]
    },
    {
      "Target": "Parameter",
      "Id": "lquncji",
      "FadeInTime": -1.0,
      "FadeOutTime": -1.0,
      "Segments": [
        0,
        0,
        0,
        5.633,
        0
      ]
    },
    {
      "Target": "Parameter",
      "Id": "ParamArmLAngleX",
      "FadeInTime": -1.0,
      "FadeOutTime": -1.0,
      "Segments": [
        0,
        0,
        0,
        5.633,
        0
      ]
    },
    {
      "Target": "Parameter",
      "Id": "ParamMouthADisplay",
      "FadeInTime": -1.0,
      "FadeOutTime": -1.0,
      "Segments": [
        0,
        0,
        0,
        5.633,
        0
      ]
    },
    {
      "Target": "Parameter",
      "Id": "ParamMouthBDisplay",
      "FadeInTime": -1.0,
      "FadeOutTime": -1.0,
      "Segments": [
        0,
        0,
        0,
        5.633,
        0
      ]
    },
    {
      "Target": "Parameter",
      "Id": "ParamEyeLSmile",
      "FadeInTime": -1.0,
      "FadeOutTime": -1.0,
      "Segments": [
        0,
        0,
        0,
        5.633,
        0
      ]
    },
    {
      "Target": "Parameter",
      "Id": "ParamEyeRSmile",
      "FadeInTime": -1.0,
      "FadeOutTime": -1.0,
      "Segments": [
        0,
        0,
        0,
        5.633,
        0
      ]
    },
    {
      "Target": "Parameter",
      "Id": "ParamEyeBallX",
      "FadeInTime": -1.0,
      "FadeOutTime": -1.0,
      "Segments": [
        0,
        0,
        0,
        5.633,
        0
      ]
    },
    {
      "Target": "Parameter",
      "Id": "ParamEyeBallY",
      "FadeInTime": -1.0,
      "FadeOutTime": -1.0,
      "Segments": [
        0,
        0,
        0,
        5.633,
        0
      ]
    },
    {
      "Target": "Parameter",
      "Id": "koushuishangxia",
      "FadeInTime": -1.0,
      "FadeOutTime": -1.0,
      "Segments": [
        0,
        0,
        0,
        5.633,
        0
      ]
    },
    {
      "Target": "Parameter",
      "Id": "koushuizuoyou",
      "FadeInTime": -1.0,
      "FadeOutTime": -1.0,
      "Segments": [
        0,
        0,
        0,
        5.633,
        0
      ]
    },
    {
      "Target": "Parameter",
      "Id": "koushuijiaodu",
      "FadeInTime": -1.0,
      "FadeOutTime": -1.0,
      "Segments": [
        0,
        0,
        0,
        5.633,
        0
      ]
    },
    {
      "Target": "Parameter",
      "Id": "koushuiyaobai",
      "FadeInTime": -1.0,
      "FadeOutTime": -1.0,
      "Segments": [
        0,
        0,
        0,
        5.633,
        0
      ]
    },
    {
      "Target": "Parameter",
      "Id": "koushuichangduan",
      "FadeInTime": -1.0,
      "FadeOutTime": -1.0,
      "Segments": [
        0,
        0,
        0,
        5.633,
        0
      ]
    },
    {
      "Target": "Parameter",
      "Id": "jixiong",
      "FadeInTime": -1.0,
      "FadeOutTime": -1.0,
      "Segments": [
        0,
        0,
        0,
        5.633,
        0
      ]
    },
    {
      "Target": "Parameter",
      "Id": "SD_BustMotionY_L",
      "FadeInTime": -1.0,
      "FadeOutTime": -1.0,
      "Segments": [
        0,
        0,
        0,
        5.633,
        0
      ]
    },
    {
      "Target": "Parameter",
      "Id": "SD_BustMotionY_L2",
      "FadeInTime": -1.0,
      "FadeOutTime": -1.0,
      "Segments": [
        0,
        0,
        0,
        5.633,
        0
      ]
    },
    {
      "Target": "Parameter",
      "Id": "SD_BustMotionY_X",
      "FadeInTime": -1.0,
      "FadeOutTime": -1.0,
      "Segments": [
        0,
        0,
        0,
        5.633,
        0
      ]
    },
    {
      "Target": "Parameter",
      "Id": "Clothes_physics",
      "FadeInTime": -1.0,
      "FadeOutTime": -1.0,
      "Segments": [
        0,
        0,
        0,
        5.633,
        0
      ]
    },
    {
      "Target": "Parameter",
      "Id": "fengeq",
      "FadeInTime": -1.0,
      "FadeOutTime": -1.0,
      "Segments": [
        0,
        0,
        0,
        5.633,
        0
      ]
    },
    {
      "Target": "Parameter",
      "Id": "jihjiu",
      "FadeInTime": -1.0,
      "FadeOutTime": -1.0,
      "Segments": [
        0,
        0,
        0,
        5.633,
        0
      ]
    },
    {
      "Target": "Parameter",
      "Id": "jishen",
      "FadeInTime": -1.0,
      "FadeOutTime": -1.0,
      "Segments": [
        0,
        0,
        0,
        5.633,
        0
      ]
    },
    {
      "Target": "Parameter",
      "Id": "hjjyao",
      "FadeInTime": -1.0,
      "FadeOutTime": -1.0,
      "Segments": [
        0,
        0,
        0,
        5.633,
        0
      ]
    },
    {
      "Target": "Parameter",
      "Id": "jihuxi",
      "FadeInTime": -1.0,
      "FadeOutTime": -1.0,
      "Segments": [
        0,
        0,
        0,
        5.633,
        0
      ]
    },
    {
      "Target": "Parameter",
      "Id": "jimao1",
      "FadeInTime": -1.0,
      "FadeOutTime": -1.0,
      "Segments": [
        0,
        0,
        0,
        5.633,
        0
      ]
    },
    {
      "Target": "Parameter",
      "Id": "jimao2",
      "FadeInTime": -1.0,
      "FadeOutTime": -1.0,
      "Segments": [
        0,
        0,
        0,
        5.633,
        0
      ]
    },
    {
      "Target": "Parameter",
      "Id": "najbq",
      "FadeInTime": -1.0,
      "FadeOutTime": -1.0,
      "Segments": [
        0,
        0,
        0,
        5.633,
        0
      ]
    },
    {
      "Target": "Parameter",
      "Id": "yemiand",
      "FadeInTime": -1.0,
      "FadeOutTime": -1.0,
      "Segments": [
        0,
        0,
        0,
        5.633,
        0
      ]
    },
    {
      "Target": "Parameter",
      "Id": "yemian1",
      "FadeInTime": -1.0,
      "FadeOutTime": -1.0,
      "Segments": [
        0,
        0,
        0,
        5.633,
        0
      ]
    },
    {
      "Target": "Parameter",
      "Id": "yemian2",
      "FadeInTime": -1.0,
      "FadeOutTime": -1.0,
      "Segments": [
        0,
        0,
        0,
        5.633,
        0
      ]
    },
    {
      "Target": "Parameter",
      "Id": "shoujbY",
      "FadeInTime": -1.0,
      "FadeOutTime": -1.0,
      "Segments": [
        0,
        0,
        0,
        5.633,
        0
      ]
    },
    {
      "Target": "Parameter",
      "Id": "shoujbjd",
      "FadeInTime": -1.0,
      "FadeOutTime": -1.0,
      "Segments": [
        0,
        0,
        0,
        5.633,
        0
      ]
    },
    {
      "Target": "Parameter",
      "Id": "shoujbd",
      "FadeInTime": -1.0,
      "FadeOutTime": -1.0,
      "Segments": [
        0,
        0,
        0,
        5.633,
        0
      ]
    },
    {
      "Target": "Parameter",
      "Id": "JIUBEITEXIAO",
      "FadeInTime": -1.0,
      "FadeOutTime": -1.0,
      "Segments": [
        0,
        0,
        0,
        5.633,
        0
      ]
    },
    {
      "Target": "Parameter",
      "Id": "jbeiguang",
      "FadeInTime": -1.0,
      "FadeOutTime": -1.0,
      "Segments": [
        0,
        0,
        0,
        5.633,
        0
      ]
    },
    {
      "Target": "Parameter",
      "Id": "lajbxs",
      "FadeInTime": -1.0,
      "FadeOutTime": -1.0,
      "Segments": [
        0,
        0,
        0,
        5.633,
        0
      ]
    },
    {
      "Target": "Parameter",
      "Id": "touch_drag",
      "FadeInTime": -1.0,
      "FadeOutTime": -1.0,
      "Segments": [
        0,
        0,
        0,
        5.633,
        0
      ]
    },
    {
      "Target": "Parameter",
      "Id": "xinfxs2",
      "FadeInTime": -1.0,
      "FadeOutTime": -1.0,
      "Segments": [
        0,
        0,
        0,
        5.633,
        0
      ]
    },
    {
      "Target": "Parameter",
      "Id": "xinfxs",
      "FadeInTime": -1.0,
      "FadeOutTime": -1.0,
      "Segments": [
        0,
        0,
        0,
        5.633,
        0
      ]
    },
    {
      "Target": "Parameter",
      "Id": "xfzhuan",
      "FadeInTime": -1.0,
      "FadeOutTime": -1.0,
      "Segments": [
        0,
        -30,
        0,
        5.633,
        -30
      ]
    },
    {
      "Target": "Parameter",
      "Id": "xfxuzna",
      "FadeInTime": -1.0,
      "FadeOutTime": -1.0,
      "Segments": [
        0,
        0,
        0,
        5.633,
        0
      ]
    },
    {
      "Target": "Parameter",
      "Id": "yemian3",
      "FadeInTime": -1.0,
      "FadeOutTime": -1.0,
      "Segments": [
        0,
        0,
        0,
        5.633,
        0
      ]
    },
    {
      "Target": "Parameter",
      "Id": "yemian4",
      "FadeInTime": -1.0,
      "FadeOutTime": -1.0,
      "Segments": [
        0,
        0,
        0,
        5.633,
        0
      ]
    },
    {
      "Target": "Parameter",
      "Id": "NULL4",
      "FadeInTime": -1.0,
      "FadeOutTime": -1.0,
      "Segments": [
        0,
        0,
        0,
        5.633,
        0
      ]
    },
    {
      "Target": "Parameter",
      "Id": "NULL5",
      "FadeInTime": -1.0,
      "FadeOutTime": -1.0,
      "Segments": [
        0,
        0,
        0,
        5.633,
        0
      ]
    },
    {
      "Target": "Parameter",
      "Id": "NULL6",
      "FadeInTime": -1.0,
      "FadeOutTime": -1.0,
      "Segments": [
        0,
        0,
        0,
        5.633,
        0
      ]
    },
    {
      "Target": "Parameter",
      "Id": "ParamArmLAngleY",
      "FadeInTime": -1.0,
      "FadeOutTime": -1.0,
      "Segments": [
        0,
        0,
        0,
        5.633,
        0
      ]
    },
    {
      "Target": "Parameter",
      "Id": "ParamArmRAngleX",
      "FadeInTime": -1.0,
      "FadeOutTime": -1.0,
      "Segments": [
        0,
        0,
        0,
        5.633,
        0
      ]
    },
    {
      "Target": "Parameter",
      "Id": "ParamArmRAngleY",
      "FadeInTime": -1.0,
      "FadeOutTime": -1.0,
      "Segments": [
        0,
        0,
        0,
        5.633,
        0
      ]
    },
    {
      "Target": "Parameter",
      "Id": "ParamBodyAngleY",
      "FadeInTime": -1.0,
      "FadeOutTime": -1.0,
      "Segments": [
        0,
        0,
        0,
        5.633,
        0
      ]
    },
    {
      "Target": "Parameter",
      "Id": "ParamBrowLY",
      "FadeInTime": -1.0,
      "FadeOutTime": -1.0,
      "Segments": [
        0,
        0,
        0,
        5.633,
        0
      ]
    },
    {
      "Target": "Parameter",
      "Id": "ParamBrowLX",
      "FadeInTime": -1.0,
      "FadeOutTime": -1.0,
      "Segments": [
        0,
        0,
        0,
        5.633,
        0
      ]
    },
    {
      "Target": "Parameter",
      "Id": "ParamBrowLAngle",
      "FadeInTime": -1.0,
      "FadeOutTime": -1.0,
      "Segments": [
        0,
        0,
        0,
        5.633,
        0
      ]
    },
    {
      "Target": "Parameter",
      "Id": "ParamBrowRY",
      "FadeInTime": -1.0,
      "FadeOutTime": -1.0,
      "Segments": [
        0,
        0,
        0,
        5.633,
        0
      ]
    },
    {
      "Target": "Parameter",
      "Id": "ParamBrowRX",
      "FadeInTime": -1.0,
      "FadeOutTime": -1.0,
      "Segments": [
        0,
        0,
        0,
        5.633,
        0
      ]
    },
    {
      "Target": "Parameter",
      "Id": "ParamBreath",
      "FadeInTime": -1.0,
      "FadeOutTime": -1.0,
      "Segments": [
        0,
        0,
        0,
        5.633,
        0
      ]
    },
    {
      "Target": "Parameter",
      "Id": "ParamBrowRAngle",
      "FadeInTime": -1.0,
      "FadeOutTime": -1.0,
      "Segments": [
        0,
        0,
        0,
        5.633,
        0
      ]
    }
  ],
  "UserData": [
    {
      "Time": 0.0,
      "Value": ""
    },
    {
      "Time": 5.133,
      "Value": ""
    }
  ]
}