{
  "Version": 3,
  "Meta": {
    "Duration": 5.633,
    "Fps": 30.0,
    "Loop": true,
    "AreBeziersRestricted": true,
    "FadeInTime": 0.0,
    "FadeOutTime": 0.0,
    "CurveCount": 226,
    "TotalSegmentCount": 1200,
    "TotalPointCount": 1410,
    "UserDataCount": 2,
    "TotalUserDataSize": 0
  },
  "Curves": [
    {
      "Target": "Parameter",
      "Id": "ParamArmLAngle",
      "FadeInTime": -1.0,
      "FadeOutTime": -1.0,
      "Segments": [
        0,
        0,
        2,
        0.5,
        0,
        0,
        1.033,
        -20.816,
        0,
        1.833,
        -19.563,
        0,
        2.333,
        -20.816,
        0,
        2.667,
        -19.563,
        0,
        3.1,
        -21.063,
        0,
        3.533,
        -19.363,
        0,
        4.267,
        -17.383,
        1,
        4.556,
        -15.844,
        4.844,
        0,
        5.133,
        0,
        2,
        5.633,
        0
      ]
    },
    {
      "Target": "Parameter",
      "Id": "ParamArmLStretch",
      "FadeInTime": -1.0,
      "FadeOutTime": -1.0,
      "Segments": [
        0,
        0,
        2,
        0.5,
        0,
        0,
        1.233,
        23.1,
        2,
        4.267,
        23.1,
        0,
        5.133,
        0,
        2,
        5.633,
        0
      ]
    },
    {
      "Target": "Parameter",
      "Id": "ParamForearmLAngle",
      "FadeInTime": -1.0,
      "FadeOutTime": -1.0,
      "Segments": [
        0,
        0,
        2,
        0.5,
        0,
        0,
        1.233,
        -2.069,
        0,
        1.9,
        -1.05,
        0,
        2.3,
        -2.07,
        0,
        2.9,
        -1.236,
        0,
        3.333,
        -2.736,
        0,
        3.767,
        -1.036,
        2,
        4.267,
        -1.036,
        0,
        4.667,
        -2.4,
        0,
        5.133,
        0,
        2,
        5.633,
        0
      ]
    },
    {
      "Target": "Parameter",
      "Id": "ParamHandLAngle",
      "FadeInTime": -1.0,
      "FadeOutTime": -1.0,
      "Segments": [
        0,
        0,
        2,
        0.5,
        0,
        0,
        1.5,
        -1.222,
        0,
        1.967,
        -0.202,
        0,
        2.467,
        -1.22,
        0,
        3.067,
        -0.411,
        0,
        3.5,
        -1.911,
        0,
        3.933,
        -0.211,
        2,
        4.267,
        -0.211,
        0,
        4.767,
        -0.501,
        0,
        5.133,
        0,
        2,
        5.633,
        0
      ]
    },
    {
      "Target": "Parameter",
      "Id": "ParamHandLAnimation",
      "FadeInTime": -1.0,
      "FadeOutTime": -1.0,
      "Segments": [
        0,
        0,
        2,
        0.5,
        0,
        1,
        0.767,
        0,
        1.033,
        -4.194,
        1.3,
        -15,
        1,
        1.522,
        -18.04,
        1.745,
        -27.742,
        1.967,
        -30,
        0,
        2.667,
        -25.571,
        0,
        3.267,
        -21.774,
        0,
        3.7,
        -27.737,
        0,
        4.133,
        -20.979,
        2,
        4.267,
        -20.979,
        0,
        5.133,
        0,
        2,
        5.633,
        0
      ]
    },
    {
      "Target": "Parameter",
      "Id": "ParamForearmRAngleX",
      "FadeInTime": -1.0,
      "FadeOutTime": -1.0,
      "Segments": [
        0,
        0,
        2,
        0.5,
        0,
        2,
        2.433,
        0,
        1,
        2.5,
        0,
        2.566,
        -1.553,
        2.633,
        -1.68,
        1,
        2.733,
        -1.87,
        2.833,
        -1.86,
        2.933,
        -1.86,
        0,
        4.267,
        -0.66,
        0,
        4.733,
        -1.44,
        0,
        5.133,
        0,
        2,
        5.633,
        0
      ]
    },
    {
      "Target": "Parameter",
      "Id": "ParamForearmRAngleY",
      "FadeInTime": -1.0,
      "FadeOutTime": -1.0,
      "Segments": [
        0,
        0,
        2,
        0.5,
        0,
        2,
        2.433,
        0,
        2,
        2.633,
        0,
        1,
        2.733,
        0,
        2.833,
        4.259,
        2.933,
        4.54,
        1,
        3.378,
        5.787,
        3.822,
        6.1,
        4.267,
        6.1,
        1,
        4.422,
        6.1,
        4.578,
        2.272,
        4.733,
        0.98,
        1,
        4.866,
        -0.127,
        5,
        0,
        5.133,
        0,
        2,
        5.633,
        0
      ]
    },
    {
      "Target": "Parameter",
      "Id": "ParamHandRAngleX",
      "FadeInTime": -1.0,
      "FadeOutTime": -1.0,
      "Segments": [
        0,
        0,
        2,
        0.5,
        0,
        2,
        2.433,
        0,
        0,
        2.633,
        1.02,
        0,
        2.933,
        -3.057,
        0,
        4.267,
        0,
        2,
        5.133,
        0,
        2,
        5.633,
        0
      ]
    },
    {
      "Target": "Parameter",
      "Id": "ParamHandRAngleY",
      "FadeInTime": -1.0,
      "FadeOutTime": -1.0,
      "Segments": [
        0,
        0,
        2,
        0.5,
        0,
        2,
        2.433,
        0,
        0,
        2.633,
        2.58,
        0,
        4.267,
        0,
        2,
        5.133,
        0,
        2,
        5.633,
        0
      ]
    },
    {
      "Target": "Parameter",
      "Id": "ParamArmRAngle",
      "FadeInTime": -1.0,
      "FadeOutTime": -1.0,
      "Segments": [
        0,
        0,
        2,
        0.5,
        0,
        2,
        1.733,
        0,
        0,
        2.3,
        2,
        0,
        2.667,
        -12,
        0,
        3.267,
        1.54,
        1,
        3.689,
        1.54,
        4.111,
        -7.924,
        4.533,
        -6,
        1,
        4.733,
        -4.543,
        4.933,
        0,
        5.133,
        0,
        2,
        5.633,
        0
      ]
    },
    {
      "Target": "Parameter",
      "Id": "ParamArmRStretch",
      "FadeInTime": -1.0,
      "FadeOutTime": -1.0,
      "Segments": [
        0,
        0,
        2,
        0.5,
        0,
        2,
        2.3,
        0,
        0,
        2.933,
        14.62,
        2,
        4.267,
        14.62,
        0,
        5.133,
        0,
        2,
        5.633,
        0
      ]
    },
    {
      "Target": "Parameter",
      "Id": "ParamForearmRLayer",
      "FadeInTime": -1.0,
      "FadeOutTime": -1.0,
      "Segments": [
        0,
        -30,
        2,
        0.5,
        -30,
        2,
        2.3,
        -30,
        2,
        2.5,
        -30,
        1,
        2.533,
        -25.893,
        2.567,
        -5.88,
        2.6,
        0,
        1,
        2.711,
        19.634,
        2.822,
        30,
        2.933,
        30,
        2,
        4.267,
        30,
        1,
        4.411,
        30,
        4.556,
        23.097,
        4.7,
        0,
        1,
        4.733,
        -5.33,
        4.767,
        -30,
        4.8,
        -30,
        2,
        5.133,
        -30,
        2,
        5.633,
        -30
      ]
    },
    {
      "Target": "Parameter",
      "Id": "ParamForearmRAngle",
      "FadeInTime": -1.0,
      "FadeOutTime": -1.0,
      "Segments": [
        0,
        0,
        2,
        0.5,
        0,
        2,
        1.733,
        0,
        0,
        2.3,
        1,
        1,
        2.5,
        1,
        2.7,
        -4.101,
        2.9,
        -7.772,
        1,
        3.111,
        -11.647,
        3.322,
        -12.14,
        3.533,
        -12.14,
        2,
        4.267,
        -12.14,
        0,
        5.133,
        0,
        2,
        5.633,
        0
      ]
    },
    {
      "Target": "Parameter",
      "Id": "ParamForearmRChange",
      "FadeInTime": -1.0,
      "FadeOutTime": -1.0,
      "Segments": [
        0,
        0,
        2,
        0.5,
        0,
        2,
        2.3,
        0,
        0,
        2.933,
        -18,
        2,
        4.267,
        -18,
        0,
        5.133,
        0,
        2,
        5.633,
        0
      ]
    },
    {
      "Target": "Parameter",
      "Id": "ParamHandRStretch",
      "FadeInTime": -1.0,
      "FadeOutTime": -1.0,
      "Segments": [
        0,
        0,
        2,
        0.5,
        0,
        2,
        2.3,
        0,
        0,
        2.933,
        -12.26,
        2,
        4.267,
        -12.26,
        1,
        4.422,
        -12.26,
        4.578,
        -12.39,
        4.733,
        -11,
        1,
        4.866,
        -9.809,
        5,
        0,
        5.133,
        0,
        2,
        5.633,
        0
      ]
    },
    {
      "Target": "Parameter",
      "Id": "ParamHandRAngle",
      "FadeInTime": -1.0,
      "FadeOutTime": -1.0,
      "Segments": [
        0,
        0,
        2,
        0.5,
        0,
        2,
        1.733,
        0,
        0,
        2.567,
        -2.228,
        0,
        3.067,
        7.86,
        0,
        3.667,
        2,
        2,
        4.267,
        2,
        0,
        4.733,
        -4.44,
        0,
        5.133,
        0,
        2,
        5.633,
        0
      ]
    },
    {
      "Target": "Parameter",
      "Id": "ParamHandRChange",
      "FadeInTime": -1.0,
      "FadeOutTime": -1.0,
      "Segments": [
        0,
        0,
        2,
        0.5,
        0,
        2,
        2.433,
        0,
        1,
        2.5,
        0,
        2.566,
        1.006,
        2.633,
        7.072,
        1,
        2.778,
        20.214,
        2.922,
        30,
        3.067,
        30,
        2,
        4.267,
        30,
        0,
        5.133,
        0,
        2,
        5.633,
        0
      ]
    },
    {
      "Target": "Parameter",
      "Id": "ParamHandRAnimation",
      "FadeInTime": -1.0,
      "FadeOutTime": -1.0,
      "Segments": [
        0,
        0,
        2,
        0.5,
        0,
        2,
        2.433,
        0,
        0,
        2.633,
        30,
        0,
        3.067,
        0,
        2,
        4.267,
        0,
        2,
        5.133,
        0,
        2,
        5.633,
        0
      ]
    },
    {
      "Target": "Parameter",
      "Id": "ParamHandRREDisplay",
      "FadeInTime": -1.0,
      "FadeOutTime": -1.0,
      "Segments": [
        0,
        30,
        2,
        0.5,
        30,
        2,
        2.433,
        30,
        0,
        2.467,
        0,
        2,
        3.067,
        0,
        2,
        4.267,
        0,
        2,
        4.667,
        0,
        0,
        4.8,
        30,
        2,
        5.133,
        30,
        2,
        5.633,
        30
      ]
    },
    {
      "Target": "Parameter",
      "Id": "ParamHandR1Display",
      "FadeInTime": -1.0,
      "FadeOutTime": -1.0,
      "Segments": [
        0,
        0,
        2,
        0.5,
        0,
        2,
        2.433,
        0,
        0,
        2.467,
        30,
        2,
        3.067,
        30,
        2,
        4.267,
        30,
        2,
        4.667,
        30,
        0,
        4.8,
        0,
        2,
        5.133,
        0,
        2,
        5.633,
        0
      ]
    },
    {
      "Target": "Parameter",
      "Id": "youshoouxiu",
      "FadeInTime": -1.0,
      "FadeOutTime": -1.0,
      "Segments": [
        0,
        30,
        2,
        0.5,
        30,
        2,
        2.433,
        30,
        0,
        2.633,
        1,
        1,
        2.778,
        1,
        2.922,
        -0.033,
        3.067,
        2,
        2,
        4.267,
        2,
        0,
        5.133,
        30,
        2,
        5.633,
        30
      ]
    },
    {
      "Target": "Parameter",
      "Id": "youshoudaxiao",
      "FadeInTime": -1.0,
      "FadeOutTime": -1.0,
      "Segments": [
        0,
        0,
        2,
        0.5,
        0,
        2,
        2.433,
        0,
        1,
        2.5,
        0,
        2.566,
        0.3,
        2.633,
        2.121,
        1,
        2.778,
        6.066,
        2.922,
        9,
        3.067,
        9,
        2,
        4.267,
        9,
        0,
        5.133,
        0,
        2,
        5.633,
        0
      ]
    },
    {
      "Target": "Parameter",
      "Id": "ParamAngleX",
      "FadeInTime": -1.0,
      "FadeOutTime": -1.0,
      "Segments": [
        0,
        0,
        2,
        0.5,
        0,
        0,
        1.433,
        0.755,
        0,
        1.767,
        -8.378,
        1,
        1.934,
        -8.378,
        2.1,
        1.013,
        2.267,
        2.046,
        1,
        2.411,
        2.941,
        2.556,
        2.744,
        2.7,
        2.744,
        0,
        3.267,
        2.271,
        0,
        3.7,
        12.788,
        1,
        3.844,
        12.788,
        3.989,
        4.074,
        4.133,
        3.323,
        2,
        4.267,
        3.323,
        0,
        5.133,
        0,
        2,
        5.633,
        0
      ]
    },
    {
      "Target": "Parameter",
      "Id": "ParamAngleY",
      "FadeInTime": -1.0,
      "FadeOutTime": -1.0,
      "Segments": [
        0,
        0,
        2,
        0.5,
        0,
        0,
        1.2,
        -5,
        0,
        1.733,
        13,
        0,
        2.433,
        -6,
        0,
        3.033,
        9,
        0,
        3.5,
        -3,
        0,
        3.9,
        7,
        2,
        4.267,
        7,
        0,
        5.133,
        0,
        2,
        5.633,
        0
      ]
    },
    {
      "Target": "Parameter",
      "Id": "ParamAngleZ",
      "FadeInTime": -1.0,
      "FadeOutTime": -1.0,
      "Segments": [
        0,
        0,
        2,
        0.5,
        0,
        0,
        1.333,
        9,
        0,
        1.667,
        -4,
        1,
        1.834,
        -4,
        2,
        0.641,
        2.167,
        3,
        1,
        2.311,
        5.044,
        2.456,
        5,
        2.6,
        5,
        0,
        3.167,
        -3,
        0,
        3.6,
        8,
        0,
        4.033,
        1,
        0,
        4.433,
        2.44,
        0,
        4.867,
        -1,
        0,
        5.133,
        0,
        2,
        5.633,
        0
      ]
    },
    {
      "Target": "Parameter",
      "Id": "ParamNeckZ",
      "FadeInTime": -1.0,
      "FadeOutTime": -1.0,
      "Segments": [
        0,
        0,
        2,
        0.5,
        0,
        0,
        1.133,
        9,
        0,
        1.467,
        -4,
        1,
        1.634,
        -4,
        1.8,
        0.641,
        1.967,
        3,
        1,
        2.111,
        5.044,
        2.256,
        5,
        2.4,
        5,
        0,
        2.967,
        -3,
        0,
        3.4,
        8,
        0,
        3.833,
        1,
        0,
        4.267,
        2.08,
        0,
        4.733,
        -1,
        0,
        5.133,
        0,
        2,
        5.633,
        0
      ]
    },
    {
      "Target": "Parameter",
      "Id": "ParamBodyAngleX",
      "FadeInTime": -1.0,
      "FadeOutTime": -1.0,
      "Segments": [
        0,
        0,
        2,
        0.5,
        0,
        0,
        1.333,
        2.812,
        0,
        1.667,
        -4.626,
        1,
        1.834,
        -4.626,
        2,
        3.016,
        2.167,
        3.863,
        1,
        2.311,
        4.597,
        2.456,
        4.431,
        2.6,
        4.431,
        0,
        3.167,
        -2.469,
        0,
        3.6,
        6.096,
        1,
        3.744,
        6.096,
        3.889,
        -1.125,
        4.033,
        -1.612,
        2,
        4.267,
        -1.612,
        0,
        5.133,
        0,
        2,
        5.633,
        0
      ]
    },
    {
      "Target": "Parameter",
      "Id": "SHENTIY",
      "FadeInTime": -1.0,
      "FadeOutTime": -1.0,
      "Segments": [
        0,
        0,
        2,
        0.5,
        0,
        0,
        1.067,
        -14,
        0,
        1.6,
        9.233,
        0,
        2.533,
        -4.28,
        0,
        3.033,
        21,
        0,
        3.467,
        -12,
        0,
        3.933,
        6.062,
        1,
        4.122,
        6.062,
        4.311,
        -11.576,
        4.5,
        -13,
        1,
        4.711,
        -14.598,
        4.922,
        0,
        5.133,
        0,
        2,
        5.633,
        0
      ]
    },
    {
      "Target": "Parameter",
      "Id": "QUANTIX",
      "FadeInTime": -1.0,
      "FadeOutTime": -1.0,
      "Segments": [
        0,
        0,
        2,
        0.5,
        0,
        0,
        1.133,
        2.611,
        0,
        1.467,
        0,
        1,
        1.634,
        0,
        1.8,
        0.233,
        1.967,
        1,
        1,
        2.1,
        1.614,
        2.234,
        2.135,
        2.367,
        2.135,
        0,
        3,
        1,
        0,
        3.4,
        5.057,
        1,
        3.544,
        5.057,
        3.689,
        1.629,
        3.833,
        1.326,
        1,
        4.022,
        0.551,
        4.211,
        0,
        4.4,
        0,
        2,
        5.133,
        0,
        2,
        5.633,
        0
      ]
    },
    {
      "Target": "Parameter",
      "Id": "QUANTIY",
      "FadeInTime": -1.0,
      "FadeOutTime": -1.0,
      "Segments": [
        0,
        0,
        2,
        0.5,
        0,
        0,
        1.4,
        1.907,
        0,
        2.3,
        -0.419,
        0,
        2.733,
        6.016,
        0,
        3.233,
        -8,
        1,
        3.378,
        -8,
        3.522,
        1.904,
        3.667,
        1.907,
        1,
        3.867,
        2.442,
        4.067,
        4.84,
        4.267,
        4.84,
        0,
        5.133,
        0,
        2,
        5.633,
        0
      ]
    },
    {
      "Target": "Parameter",
      "Id": "ParamChestZ",
      "FadeInTime": -1.0,
      "FadeOutTime": -1.0,
      "Segments": [
        0,
        0,
        2,
        0.5,
        0,
        0,
        1.2,
        7,
        0,
        1.533,
        4.41,
        1,
        1.7,
        4.41,
        1.866,
        5.447,
        2.033,
        5.938,
        1,
        2.178,
        6.363,
        2.322,
        6.338,
        2.467,
        6.338,
        0,
        3.033,
        5.938,
        0,
        3.467,
        12,
        1,
        3.645,
        12,
        3.822,
        6.886,
        4,
        6.544,
        1,
        4.2,
        4.411,
        4.4,
        3.508,
        4.6,
        2,
        1,
        4.778,
        0.66,
        4.955,
        0,
        5.133,
        0,
        2,
        5.633,
        0
      ]
    },
    {
      "Target": "Parameter",
      "Id": "ParamWaistZ",
      "FadeInTime": -1.0,
      "FadeOutTime": -1.0,
      "Segments": [
        0,
        0,
        2,
        0.5,
        0,
        0,
        1,
        8.217,
        0,
        1.333,
        4.404,
        1,
        1.5,
        4.404,
        1.666,
        5.441,
        1.833,
        5.932,
        1,
        1.978,
        6.357,
        2.122,
        6.332,
        2.267,
        6.332,
        0,
        2.833,
        5.932,
        0,
        3.267,
        10,
        1,
        3.445,
        10,
        3.622,
        6.876,
        3.8,
        6.538,
        1,
        4.011,
        4.371,
        4.222,
        1.885,
        4.433,
        1,
        1,
        4.666,
        0.022,
        4.9,
        0,
        5.133,
        0,
        2,
        5.633,
        0
      ]
    },
    {
      "Target": "Parameter",
      "Id": "ParamLegLAngle",
      "FadeInTime": -1.0,
      "FadeOutTime": -1.0,
      "Segments": [
        0,
        0,
        2,
        0.5,
        0,
        0,
        1.167,
        1.907,
        1,
        1.334,
        1.907,
        1.5,
        2.945,
        1.667,
        3.435,
        1,
        1.811,
        3.86,
        1.956,
        3.835,
        2.1,
        3.835,
        0,
        2.667,
        3.435,
        0,
        3.1,
        5.72,
        1,
        3.244,
        5.72,
        3.389,
        4.239,
        3.533,
        4.041,
        2,
        4.267,
        4.041,
        0,
        5.133,
        0,
        2,
        5.633,
        0
      ]
    },
    {
      "Target": "Parameter",
      "Id": "ParamShoulderLStretch",
      "FadeInTime": -1.0,
      "FadeOutTime": -1.0,
      "Segments": [
        0,
        0,
        2,
        0.5,
        0,
        2,
        1.067,
        0,
        0,
        1.6,
        23.233,
        0,
        2.3,
        9.72,
        0,
        2.9,
        24,
        0,
        3.167,
        1.194,
        0,
        3.933,
        26.611,
        2,
        4.267,
        26.611,
        0,
        5.133,
        0,
        2,
        5.633,
        0
      ]
    },
    {
      "Target": "Parameter",
      "Id": "ParamShoulderRStretch",
      "FadeInTime": -1.0,
      "FadeOutTime": -1.0,
      "Segments": [
        0,
        0,
        2,
        0.5,
        0,
        2,
        1.067,
        0,
        0,
        1.6,
        23.233,
        0,
        2.3,
        9.72,
        0,
        2.9,
        24,
        0,
        3.167,
        1.194,
        0,
        3.933,
        26.611,
        2,
        4.267,
        26.611,
        0,
        5.133,
        0,
        2,
        5.633,
        0
      ]
    },
    {
      "Target": "Parameter",
      "Id": "ParamFoodLAngle",
      "FadeInTime": -1.0,
      "FadeOutTime": -1.0,
      "Segments": [
        0,
        0,
        2,
        0.5,
        0,
        0,
        1.167,
        0.465,
        1,
        1.334,
        0.465,
        1.5,
        0.771,
        1.667,
        0.916,
        1,
        1.811,
        1.042,
        1.956,
        1.034,
        2.1,
        1.034,
        0,
        2.667,
        0.916,
        0,
        3.1,
        1.591,
        1,
        3.244,
        1.591,
        3.389,
        1.279,
        3.533,
        1.095,
        1,
        3.778,
        0.973,
        4.022,
        0.944,
        4.267,
        0.855,
        1,
        4.556,
        0.683,
        4.844,
        0,
        5.133,
        0,
        2,
        5.633,
        0
      ]
    },
    {
      "Target": "Parameter",
      "Id": "rdatuif",
      "FadeInTime": -1.0,
      "FadeOutTime": -1.0,
      "Segments": [
        0,
        17,
        2,
        0.5,
        17,
        0,
        0.933,
        14.713,
        0,
        1.233,
        17,
        0,
        1.733,
        14.713,
        2,
        2.767,
        14.713,
        0,
        3.233,
        19.974,
        1,
        3.533,
        19.974,
        3.833,
        14.721,
        4.133,
        14.713,
        2,
        4.267,
        14.713,
        0,
        5.133,
        17,
        2,
        5.633,
        17
      ]
    },
    {
      "Target": "Parameter",
      "Id": "ParamFoodRAngle",
      "FadeInTime": -1.0,
      "FadeOutTime": -1.0,
      "Segments": [
        0,
        0,
        2,
        0.5,
        0,
        2,
        3,
        0,
        0,
        3.4,
        -8.58,
        2,
        4.267,
        -8.58,
        0,
        5.133,
        0,
        2,
        5.633,
        0
      ]
    },
    {
      "Target": "Parameter",
      "Id": "bangdaijd",
      "FadeInTime": -1.0,
      "FadeOutTime": -1.0,
      "Segments": [
        0,
        0,
        2,
        0.5,
        0,
        0,
        1.3,
        5,
        0,
        1.633,
        0,
        1,
        1.722,
        0,
        1.811,
        3.726,
        1.9,
        4,
        1,
        2.4,
        5.541,
        2.9,
        6,
        3.4,
        6,
        0,
        4.267,
        0,
        2,
        5.133,
        0,
        2,
        5.633,
        0
      ]
    },
    {
      "Target": "Parameter",
      "Id": "ParamMouthForm",
      "FadeInTime": -1.0,
      "FadeOutTime": -1.0,
      "Segments": [
        0,
        0,
        2,
        0.5,
        0,
        0,
        1.333,
        -0.5,
        2,
        2.4,
        -0.5,
        0,
        2.833,
        -1,
        2,
        3.333,
        -1,
        2,
        4.267,
        -1,
        0,
        4.833,
        0,
        2,
        5.133,
        0,
        2,
        5.633,
        0
      ]
    },
    {
      "Target": "Parameter",
      "Id": "ParamMouthOpenY",
      "FadeInTime": -1.0,
      "FadeOutTime": -1.0,
      "Segments": [
        0,
        0,
        2,
        0.5,
        0,
        0,
        1.333,
        1,
        2,
        2.4,
        1,
        0,
        2.833,
        0,
        2,
        3.333,
        0,
        2,
        4.267,
        0,
        2,
        5.133,
        0,
        2,
        5.633,
        0
      ]
    },
    {
      "Target": "Parameter",
      "Id": "sdParamMouthOpenY",
      "FadeInTime": -1.0,
      "FadeOutTime": -1.0,
      "Segments": [
        0,
        0,
        2,
        0.5,
        0,
        0,
        1.333,
        1,
        2,
        2.4,
        1,
        0,
        2.833,
        0,
        2,
        3.333,
        0,
        2,
        4.267,
        0,
        2,
        5.133,
        0,
        2,
        5.633,
        0
      ]
    },
    {
      "Target": "Parameter",
      "Id": "ParamMouthOpenYSD",
      "FadeInTime": -1.0,
      "FadeOutTime": -1.0,
      "Segments": [
        0,
        0,
        2,
        0.5,
        0,
        2,
        0.533,
        1,
        2,
        5.1,
        1,
        3,
        5.133,
        0,
        2,
        5.633,
        0
      ]
    },
    {
      "Target": "Parameter",
      "Id": "ParamEyeLOpen",
      "FadeInTime": -1.0,
      "FadeOutTime": -1.0,
      "Segments": [
        0,
        1,
        2,
        0.5,
        1,
        0,
        1.333,
        1.3,
        1,
        1.466,
        1.3,
        1.6,
        1.176,
        1.733,
        1.1,
        1,
        1.955,
        1.1,
        2.178,
        0.87,
        2.4,
        0.8,
        1,
        2.544,
        0.755,
        2.689,
        0,
        2.833,
        0,
        0,
        3.333,
        0.9,
        2,
        4.267,
        0.9,
        0,
        5.133,
        1,
        2,
        5.633,
        1
      ]
    },
    {
      "Target": "Parameter",
      "Id": "ParamEyeROpen",
      "FadeInTime": -1.0,
      "FadeOutTime": -1.0,
      "Segments": [
        0,
        1,
        2,
        0.5,
        1,
        0,
        1.333,
        1.3,
        1,
        1.466,
        1.3,
        1.6,
        1.176,
        1.733,
        1.1,
        1,
        1.955,
        1.1,
        2.178,
        0.87,
        2.4,
        0.8,
        1,
        2.544,
        0.755,
        2.689,
        0,
        2.833,
        0,
        0,
        3.333,
        0.9,
        2,
        4.267,
        0.9,
        0,
        5.133,
        1,
        2,
        5.633,
        1
      ]
    },
    {
      "Target": "Parameter",
      "Id": "ParamEyeBallX",
      "FadeInTime": -1.0,
      "FadeOutTime": -1.0,
      "Segments": [
        0,
        0,
        2,
        0.5,
        0,
        0,
        1.333,
        0.1,
        2,
        2.4,
        0.1,
        0,
        2.833,
        0,
        2,
        3.333,
        0,
        2,
        4.267,
        0,
        2,
        5.133,
        0,
        2,
        5.633,
        0
      ]
    },
    {
      "Target": "Parameter",
      "Id": "ParamEyeBallY",
      "FadeInTime": -1.0,
      "FadeOutTime": -1.0,
      "Segments": [
        0,
        0,
        2,
        0.5,
        0,
        0,
        1.333,
        -0.1,
        2,
        2.4,
        -0.1,
        0,
        2.833,
        0,
        2,
        3.333,
        0,
        2,
        4.267,
        0,
        2,
        5.133,
        0,
        2,
        5.633,
        0
      ]
    },
    {
      "Target": "Parameter",
      "Id": "ParamBrowLForm",
      "FadeInTime": -1.0,
      "FadeOutTime": -1.0,
      "Segments": [
        0,
        0,
        2,
        0.5,
        0,
        0,
        1.333,
        -1.5,
        2,
        2.4,
        -1.5,
        0,
        2.833,
        -1,
        2,
        3.333,
        -1,
        2,
        4.267,
        -1,
        0,
        5.133,
        0,
        2,
        5.633,
        0
      ]
    },
    {
      "Target": "Parameter",
      "Id": "ParamBrowRForm",
      "FadeInTime": -1.0,
      "FadeOutTime": -1.0,
      "Segments": [
        0,
        0,
        2,
        0.5,
        0,
        0,
        1.333,
        -1.5,
        2,
        2.4,
        -1.5,
        0,
        2.833,
        -1,
        2,
        3.333,
        -1,
        2,
        4.267,
        -1,
        0,
        5.133,
        0,
        2,
        5.633,
        0
      ]
    },
    {
      "Target": "Parameter",
      "Id": "lianhong",
      "FadeInTime": -1.0,
      "FadeOutTime": -1.0,
      "Segments": [
        0,
        0,
        2,
        0.5,
        0,
        2,
        1.333,
        0,
        2,
        2.067,
        0,
        0,
        2.667,
        0.6,
        2,
        3.333,
        0.6,
        2,
        4.267,
        0.6,
        0,
        5.133,
        0,
        2,
        5.633,
        0
      ]
    },
    {
      "Target": "Parameter",
      "Id": "Hair_physics",
      "FadeInTime": -1.0,
      "FadeOutTime": -1.0,
      "Segments": [
        0,
        0,
        2,
        0.5,
        0,
        0,
        1.1,
        0.686,
        1,
        1.256,
        0.686,
        1.411,
        0.102,
        1.567,
        0,
        0,
        2.1,
        0.247,
        0,
        2.667,
        0.641,
        0,
        3.1,
        0,
        0,
        3.533,
        0.686,
        0,
        4.267,
        0.3,
        1,
        4.4,
        0.143,
        4.534,
        0,
        4.667,
        0,
        2,
        5.133,
        0,
        2,
        5.633,
        0
      ]
    },
    {
      "Target": "Parameter",
      "Id": "OP_physics",
      "FadeInTime": -1.0,
      "FadeOutTime": -1.0,
      "Segments": [
        0,
        0,
        2,
        0.5,
        0,
        0,
        1.1,
        0.686,
        1,
        1.256,
        0.686,
        1.411,
        0.102,
        1.567,
        0,
        0,
        2.1,
        0.247,
        0,
        2.667,
        0.641,
        0,
        3.1,
        0,
        0,
        3.533,
        0.686,
        0,
        4.267,
        0.3,
        1,
        4.4,
        0.143,
        4.534,
        0,
        4.667,
        0,
        2,
        5.133,
        0,
        2,
        5.633,
        0
      ]
    },
    {
      "Target": "Parameter",
      "Id": "fajiaodu",
      "FadeInTime": -1.0,
      "FadeOutTime": -1.0,
      "Segments": [
        0,
        0,
        2,
        0.5,
        0,
        0,
        1.067,
        16,
        0,
        1.667,
        -4,
        0,
        2.233,
        13,
        0,
        2.733,
        0,
        0,
        3.367,
        23,
        1,
        3.534,
        23,
        3.7,
        8.731,
        3.867,
        2,
        1,
        4.034,
        -4.731,
        4.2,
        -5,
        4.367,
        -5,
        0,
        5.133,
        0,
        2,
        5.633,
        0
      ]
    },
    {
      "Target": "Parameter",
      "Id": "rqun1",
      "FadeInTime": -1.0,
      "FadeOutTime": -1.0,
      "Segments": [
        0,
        0,
        2,
        0.5,
        0,
        0,
        0.833,
        15.013,
        0,
        1.433,
        -15.013,
        0,
        1.933,
        15.013,
        0,
        2.433,
        -15.013,
        0,
        2.9,
        15.013,
        0,
        3.3,
        -15.013,
        1,
        3.367,
        -15.013,
        3.433,
        -10.821,
        3.5,
        0,
        1,
        3.556,
        9.017,
        3.611,
        15.013,
        3.667,
        15.013,
        0,
        3.967,
        -15.013,
        0,
        4.4,
        15.013,
        0,
        4.867,
        -15.013,
        0,
        5.133,
        0,
        2,
        5.633,
        0
      ]
    },
    {
      "Target": "Parameter",
      "Id": "rqun2",
      "FadeInTime": -1.0,
      "FadeOutTime": -1.0,
      "Segments": [
        0,
        15.013,
        2,
        0.5,
        15.013,
        0,
        1.2,
        -15.013,
        0,
        1.667,
        15.013,
        0,
        2.167,
        -15.013,
        0,
        2.667,
        15.013,
        0,
        3.2,
        -15.013,
        0,
        3.5,
        15.013,
        0,
        3.8,
        -15.013,
        0,
        4.167,
        15.013,
        0,
        4.633,
        -15.013,
        0,
        5.133,
        15.013,
        2,
        5.633,
        15.013
      ]
    },
    {
      "Target": "Parameter",
      "Id": "qunbai1",
      "FadeInTime": -1.0,
      "FadeOutTime": -1.0,
      "Segments": [
        0,
        0.001,
        2,
        0.5,
        0.001,
        0,
        0.833,
        7,
        0,
        1.433,
        -6.998,
        0,
        1.933,
        7,
        0,
        2.433,
        -6.998,
        0,
        2.9,
        7,
        0,
        3.3,
        -6.998,
        1,
        3.367,
        -6.998,
        3.433,
        -5.041,
        3.5,
        0.001,
        1,
        3.556,
        4.203,
        3.611,
        7,
        3.667,
        7,
        0,
        3.967,
        -6.998,
        0,
        4.4,
        7,
        0,
        4.867,
        -6.998,
        0,
        5.133,
        0.001,
        2,
        5.633,
        0.001
      ]
    },
    {
      "Target": "Parameter",
      "Id": "qunbai2",
      "FadeInTime": -1.0,
      "FadeOutTime": -1.0,
      "Segments": [
        0,
        7,
        2,
        0.5,
        7,
        0,
        1.2,
        -6.998,
        0,
        1.667,
        7,
        0,
        2.167,
        -6.998,
        0,
        2.667,
        7,
        0,
        3.2,
        -6.998,
        0,
        3.5,
        7,
        0,
        3.8,
        -6.998,
        0,
        4.167,
        7,
        0,
        4.633,
        -6.998,
        0,
        5.133,
        7,
        2,
        5.633,
        7
      ]
    },
    {
      "Target": "Parameter",
      "Id": "lqun1",
      "FadeInTime": -1.0,
      "FadeOutTime": -1.0,
      "Segments": [
        0,
        0,
        2,
        0.5,
        0,
        0,
        0.833,
        15.013,
        0,
        1.433,
        -15.013,
        0,
        1.933,
        17.721,
        0,
        2.433,
        -17.721,
        0,
        2.9,
        17.721,
        0,
        3.3,
        -20.752,
        1,
        3.367,
        -20.752,
        3.433,
        -14.96,
        3.5,
        0,
        1,
        3.556,
        12.466,
        3.611,
        20.752,
        3.667,
        20.752,
        0,
        3.967,
        -20.752,
        0,
        4.4,
        20.752,
        0,
        4.867,
        -15.013,
        0,
        5.133,
        0,
        2,
        5.633,
        0
      ]
    },
    {
      "Target": "Parameter",
      "Id": "lqun2",
      "FadeInTime": -1.0,
      "FadeOutTime": -1.0,
      "Segments": [
        0,
        15.013,
        2,
        0.5,
        15.013,
        0,
        1.2,
        -15.013,
        0,
        1.667,
        17.721,
        0,
        2.167,
        -17.721,
        0,
        2.667,
        17.721,
        0,
        3.2,
        -20.752,
        0,
        3.5,
        20.752,
        0,
        3.8,
        -20.752,
        0,
        4.167,
        20.752,
        0,
        4.633,
        -15.013,
        0,
        5.133,
        15.013,
        2,
        5.633,
        15.013
      ]
    },
    {
      "Target": "Parameter",
      "Id": "qunbai3",
      "FadeInTime": -1.0,
      "FadeOutTime": -1.0,
      "Segments": [
        0,
        0.001,
        2,
        0.5,
        0.001,
        0,
        0.833,
        7,
        0,
        1.433,
        -6.998,
        0,
        1.933,
        7,
        0,
        2.433,
        -6.998,
        0,
        2.9,
        7,
        0,
        3.3,
        -6.998,
        1,
        3.367,
        -6.998,
        3.433,
        -5.041,
        3.5,
        0.001,
        1,
        3.556,
        4.203,
        3.611,
        7,
        3.667,
        7,
        0,
        3.967,
        -6.998,
        0,
        4.4,
        7,
        0,
        4.867,
        -6.998,
        0,
        5.133,
        0.001,
        2,
        5.633,
        0.001
      ]
    },
    {
      "Target": "Parameter",
      "Id": "qunbai4",
      "FadeInTime": -1.0,
      "FadeOutTime": -1.0,
      "Segments": [
        0,
        7,
        2,
        0.5,
        7,
        0,
        1.2,
        -6.998,
        0,
        1.667,
        7,
        0,
        2.167,
        -6.998,
        0,
        2.667,
        7,
        0,
        3.2,
        -6.998,
        0,
        3.5,
        7,
        0,
        3.8,
        -6.998,
        0,
        4.167,
        7,
        0,
        4.633,
        -6.998,
        0,
        5.133,
        7,
        2,
        5.633,
        7
      ]
    },
    {
      "Target": "Parameter",
      "Id": "ParamHairFront1",
      "FadeInTime": -1.0,
      "FadeOutTime": -1.0,
      "Segments": [
        0,
        0,
        2,
        0.5,
        0,
        0,
        0.833,
        15.013,
        0,
        1.433,
        -15.013,
        0,
        1.933,
        15.013,
        0,
        2.433,
        -15.013,
        0,
        2.9,
        15.013,
        0,
        3.3,
        -15.013,
        1,
        3.367,
        -15.013,
        3.433,
        -10.821,
        3.5,
        0,
        1,
        3.556,
        9.017,
        3.611,
        15.013,
        3.667,
        15.013,
        0,
        3.967,
        -15.013,
        0,
        4.4,
        15.013,
        0,
        4.867,
        -15.013,
        0,
        5.133,
        0,
        2,
        5.633,
        0
      ]
    },
    {
      "Target": "Parameter",
      "Id": "ParamHairFront2",
      "FadeInTime": -1.0,
      "FadeOutTime": -1.0,
      "Segments": [
        0,
        15.013,
        2,
        0.5,
        15.013,
        0,
        1.2,
        -15.013,
        0,
        1.667,
        15.013,
        0,
        2.167,
        -15.013,
        0,
        2.667,
        15.013,
        0,
        3.2,
        -15.013,
        0,
        3.5,
        15.013,
        0,
        3.8,
        -15.013,
        0,
        4.167,
        15.013,
        0,
        4.633,
        -15.013,
        0,
        5.133,
        15.013,
        2,
        5.633,
        15.013
      ]
    },
    {
      "Target": "Parameter",
      "Id": "ParamHairFront5",
      "FadeInTime": -1.0,
      "FadeOutTime": -1.0,
      "Segments": [
        0,
        -10,
        2,
        0.5,
        -10,
        0,
        0.833,
        20,
        0,
        1.433,
        -20,
        0,
        1.933,
        20,
        0,
        2.433,
        -20,
        0,
        2.9,
        20,
        0,
        3.3,
        -20,
        1,
        3.367,
        -20,
        3.433,
        -19.644,
        3.5,
        -10,
        1,
        3.556,
        -1.964,
        3.611,
        20,
        3.667,
        20,
        0,
        3.967,
        -20,
        0,
        4.4,
        20,
        0,
        4.867,
        -20,
        0,
        5.133,
        -10,
        2,
        5.633,
        -10
      ]
    },
    {
      "Target": "Parameter",
      "Id": "ParamHairSide1",
      "FadeInTime": -1.0,
      "FadeOutTime": -1.0,
      "Segments": [
        0,
        0,
        2,
        0.5,
        0,
        0,
        0.833,
        15.013,
        0,
        1.433,
        -15.013,
        0,
        1.933,
        15.013,
        0,
        2.433,
        -15.013,
        0,
        2.9,
        15.013,
        0,
        3.3,
        -15.013,
        1,
        3.367,
        -15.013,
        3.433,
        -10.821,
        3.5,
        0,
        1,
        3.556,
        9.017,
        3.611,
        15.013,
        3.667,
        15.013,
        0,
        3.967,
        -15.013,
        0,
        4.4,
        15.013,
        0,
        4.867,
        -15.013,
        0,
        5.133,
        0,
        2,
        5.633,
        0
      ]
    },
    {
      "Target": "Parameter",
      "Id": "ParamHairSide2",
      "FadeInTime": -1.0,
      "FadeOutTime": -1.0,
      "Segments": [
        0,
        15.013,
        2,
        0.5,
        15.013,
        0,
        1.2,
        -15.013,
        0,
        1.667,
        15.013,
        0,
        2.167,
        -15.013,
        0,
        2.667,
        15.013,
        0,
        3.2,
        -15.013,
        0,
        3.5,
        15.013,
        0,
        3.8,
        -15.013,
        0,
        4.167,
        15.013,
        0,
        4.633,
        -15.013,
        0,
        5.133,
        15.013,
        2,
        5.633,
        15.013
      ]
    },
    {
      "Target": "Parameter",
      "Id": "ParamHairBack1",
      "FadeInTime": -1.0,
      "FadeOutTime": -1.0,
      "Segments": [
        0,
        0,
        2,
        0.5,
        0,
        0,
        0.833,
        15.013,
        0,
        1.433,
        -15.013,
        0,
        1.933,
        15.013,
        0,
        2.433,
        -15.013,
        0,
        2.9,
        15.013,
        0,
        3.3,
        -15.013,
        1,
        3.367,
        -15.013,
        3.433,
        -10.821,
        3.5,
        0,
        1,
        3.556,
        9.017,
        3.611,
        15.013,
        3.667,
        15.013,
        0,
        3.967,
        -15.013,
        0,
        4.4,
        15.013,
        0,
        4.867,
        -15.013,
        0,
        5.133,
        0,
        2,
        5.633,
        0
      ]
    },
    {
      "Target": "Parameter",
      "Id": "ParamHairBack2",
      "FadeInTime": -1.0,
      "FadeOutTime": -1.0,
      "Segments": [
        0,
        15.013,
        2,
        0.5,
        15.013,
        0,
        1.2,
        -15.013,
        0,
        1.667,
        15.013,
        0,
        2.167,
        -15.013,
        0,
        2.667,
        15.013,
        0,
        3.2,
        -15.013,
        0,
        3.5,
        15.013,
        0,
        3.8,
        -15.013,
        0,
        4.167,
        15.013,
        0,
        4.633,
        -15.013,
        0,
        5.133,
        15.013,
        2,
        5.633,
        15.013
      ]
    },
    {
      "Target": "Parameter",
      "Id": "ParamHairBack3",
      "FadeInTime": -1.0,
      "FadeOutTime": -1.0,
      "Segments": [
        0,
        0,
        2,
        0.5,
        0,
        0,
        0.767,
        15.013,
        0,
        1.233,
        -15.013,
        0,
        1.6,
        15.013,
        0,
        1.967,
        -15.013,
        0,
        2.333,
        15.013,
        0,
        2.667,
        -15.013,
        0,
        3.033,
        15.013,
        0,
        3.333,
        -15.013,
        1,
        3.389,
        -15.013,
        3.444,
        -11.728,
        3.5,
        0,
        1,
        3.533,
        7.037,
        3.567,
        15.013,
        3.6,
        15.013,
        0,
        3.867,
        -15.013,
        0,
        4.133,
        15.013,
        0,
        4.4,
        -15.013,
        0,
        4.833,
        15.013,
        0,
        5.133,
        0,
        2,
        5.633,
        0
      ]
    },
    {
      "Target": "Parameter",
      "Id": "ParamHairBack4",
      "FadeInTime": -1.0,
      "FadeOutTime": -1.0,
      "Segments": [
        0,
        15.013,
        2,
        0.5,
        15.013,
        0,
        1.033,
        -15.013,
        0,
        1.433,
        15.013,
        0,
        1.767,
        -15.013,
        0,
        2.167,
        15.013,
        0,
        2.5,
        -15.013,
        0,
        2.867,
        15.013,
        0,
        3.2,
        -15.013,
        0,
        3.5,
        15.013,
        0,
        3.733,
        -15.013,
        0,
        3.967,
        15.013,
        0,
        4.233,
        -15.013,
        0,
        4.633,
        15.013,
        0,
        4.933,
        -15.013,
        0,
        5.133,
        15.013,
        2,
        5.633,
        15.013
      ]
    },
    {
      "Target": "Parameter",
      "Id": "ParamHair1",
      "FadeInTime": -1.0,
      "FadeOutTime": -1.0,
      "Segments": [
        0,
        0,
        0,
        0.1,
        -0.001,
        2,
        0.133,
        -0.001,
        0,
        0.4,
        0,
        2,
        0.467,
        0,
        2,
        0.5,
        0,
        0,
        0.567,
        0.171,
        0,
        0.9,
        -9.524,
        0,
        1.333,
        13.311,
        0,
        1.767,
        -12.263,
        0,
        2.167,
        7.802,
        0,
        2.533,
        -10.088,
        0,
        2.967,
        15.161,
        0,
        3.367,
        -21.919,
        0,
        3.767,
        18.887,
        0,
        4.067,
        -6.994,
        0,
        4.567,
        6.292,
        0,
        4.9,
        -6.624,
        0,
        5.2,
        4.659,
        0,
        5.5,
        -2.833,
        0,
        5.633,
        -0.875
      ]
    },
    {
      "Target": "Parameter",
      "Id": "ParamHair2",
      "FadeInTime": -1.0,
      "FadeOutTime": -1.0,
      "Segments": [
        0,
        0.003,
        0,
        0.067,
        0.004,
        0,
        0.333,
        -0.002,
        2,
        0.367,
        -0.002,
        0,
        0.767,
        3.593,
        0,
        1.1,
        -9.191,
        0,
        1.5,
        11.581,
        0,
        1.933,
        -12.552,
        0,
        2.333,
        12.129,
        0,
        2.7,
        -12.581,
        0,
        3.167,
        15.614,
        0,
        3.533,
        -22.284,
        0,
        3.9,
        21.991,
        0,
        4.233,
        -13.841,
        0,
        4.7,
        7.777,
        0,
        5.033,
        -9.169,
        0,
        5.367,
        7.806,
        0,
        5.633,
        -4.837
      ]
    },
    {
      "Target": "Parameter",
      "Id": "ParamHair3",
      "FadeInTime": -1.0,
      "FadeOutTime": -1.0,
      "Segments": [
        0,
        -0.016,
        0,
        0.3,
        0.007,
        0,
        0.5,
        -0.002,
        0,
        0.867,
        3.662,
        0,
        1.2,
        -10.99,
        0,
        1.6,
        16.152,
        0,
        2.033,
        -17.568,
        0,
        2.433,
        17.896,
        0,
        2.8,
        -18.866,
        0,
        3.2,
        20.848,
        0,
        3.633,
        -28.194,
        0,
        4,
        28.396,
        0,
        4.367,
        -21.222,
        0,
        4.767,
        14.803,
        0,
        5.167,
        -13.936,
        0,
        5.5,
        12.534,
        0,
        5.633,
        3.516
      ]
    },
    {
      "Target": "Parameter",
      "Id": "ParamHair4",
      "FadeInTime": -1.0,
      "FadeOutTime": -1.0,
      "Segments": [
        0,
        0.046,
        0,
        0.2,
        -0.05,
        0,
        0.5,
        0.021,
        2,
        0.567,
        0.021,
        0,
        0.967,
        3.874,
        0,
        1.3,
        -12.933,
        0,
        1.7,
        20.64,
        0,
        2.1,
        -23.458,
        0,
        2.5,
        24.635,
        0,
        2.9,
        -25.479,
        0,
        3.267,
        26.788,
        0,
        3.667,
        -30,
        2,
        3.733,
        -30,
        0,
        4.067,
        30,
        2,
        4.133,
        30,
        0,
        4.5,
        -29.045,
        0,
        4.867,
        23.292,
        0,
        5.267,
        -21.159,
        0,
        5.6,
        19.098,
        0,
        5.633,
        18.905
      ]
    },
    {
      "Target": "Parameter",
      "Id": "ParamHair5",
      "FadeInTime": -1.0,
      "FadeOutTime": -1.0,
      "Segments": [
        0,
        0.303,
        0,
        0.033,
        0.337,
        0,
        0.367,
        -0.164,
        0,
        1.067,
        4.105,
        0,
        1.4,
        -14.847,
        0,
        1.767,
        25.267,
        0,
        2.167,
        -28.936,
        0,
        2.567,
        30,
        2,
        2.6,
        30,
        0,
        2.933,
        -30,
        2,
        3,
        -30,
        0,
        3.333,
        30,
        2,
        3.367,
        30,
        0,
        3.733,
        -30,
        2,
        3.8,
        -30,
        0,
        4.133,
        30,
        2,
        4.267,
        30,
        0,
        4.567,
        -30,
        2,
        4.633,
        -30,
        0,
        4.967,
        30,
        2,
        5,
        30,
        0,
        5.367,
        -29.089,
        0,
        5.633,
        16.631
      ]
    },
    {
      "Target": "Parameter",
      "Id": "ParamHair6",
      "FadeInTime": -1.0,
      "FadeOutTime": -1.0,
      "Segments": [
        0,
        -0.757,
        0,
        0.2,
        0.954,
        0,
        0.533,
        -0.497,
        0,
        1.167,
        4.226,
        0,
        1.467,
        -16.675,
        0,
        1.833,
        29.23,
        0,
        2.233,
        -30,
        2,
        2.267,
        -30,
        0,
        2.633,
        30,
        2,
        2.7,
        30,
        0,
        3,
        -30,
        2,
        3.1,
        -30,
        0,
        3.367,
        30,
        2,
        3.433,
        30,
        0,
        3.767,
        -30,
        2,
        3.9,
        -30,
        0,
        4.2,
        30,
        2,
        4.367,
        30,
        0,
        4.633,
        -30,
        2,
        4.733,
        -30,
        0,
        5.033,
        30,
        2,
        5.133,
        30,
        0,
        5.4,
        -30,
        2,
        5.5,
        -30,
        0,
        5.633,
        -7.127
      ]
    },
    {
      "Target": "Parameter",
      "Id": "ParamEyeLGG",
      "FadeInTime": -1.0,
      "FadeOutTime": -1.0,
      "Segments": [
        0,
        0,
        2,
        0.5,
        0,
        0,
        0.667,
        0.809,
        0,
        0.967,
        -1.038,
        0,
        1.267,
        0.234,
        0,
        1.467,
        -0.721,
        0,
        1.8,
        2.676,
        0,
        2.033,
        -3.467,
        0,
        2.3,
        2.897,
        0,
        2.567,
        -7.077,
        0,
        2.833,
        12.663,
        0,
        3.167,
        -13.466,
        0,
        3.533,
        12.011,
        0,
        3.833,
        -7.784,
        0,
        4.133,
        4.03,
        0,
        4.433,
        -1.623,
        0,
        4.767,
        0.532,
        0,
        5.1,
        -0.294,
        0,
        5.367,
        0.364,
        0,
        5.633,
        -0.252
      ]
    },
    {
      "Target": "Parameter",
      "Id": "ParamEyeRGG",
      "FadeInTime": -1.0,
      "FadeOutTime": -1.0,
      "Segments": [
        0,
        0,
        2,
        0.5,
        0,
        0,
        0.667,
        0.809,
        0,
        0.967,
        -1.038,
        0,
        1.267,
        0.234,
        0,
        1.467,
        -0.721,
        0,
        1.8,
        2.676,
        0,
        2.033,
        -3.467,
        0,
        2.3,
        2.897,
        0,
        2.567,
        -7.077,
        0,
        2.833,
        12.663,
        0,
        3.167,
        -13.466,
        0,
        3.533,
        12.011,
        0,
        3.833,
        -7.784,
        0,
        4.133,
        4.03,
        0,
        4.433,
        -1.623,
        0,
        4.767,
        0.532,
        0,
        5.1,
        -0.294,
        0,
        5.367,
        0.364,
        0,
        5.633,
        -0.252
      ]
    },
    {
      "Target": "Parameter",
      "Id": "ZD_BustLMotionY_L",
      "FadeInTime": -1.0,
      "FadeOutTime": -1.0,
      "Segments": [
        0,
        0.002,
        0,
        0.2,
        -0.018,
        0,
        0.5,
        0.006,
        0,
        0.8,
        -4.475,
        0,
        1.267,
        9.497,
        0,
        1.7,
        -11.371,
        0,
        2.133,
        9.39,
        0,
        2.533,
        -9.04,
        0,
        2.933,
        12.942,
        0,
        3.333,
        -15.98,
        0,
        3.767,
        12.631,
        0,
        4.233,
        -7.465,
        0,
        4.567,
        5.13,
        0,
        4.967,
        -3.639,
        0,
        5.4,
        1.967,
        0,
        5.633,
        -0.059
      ]
    },
    {
      "Target": "Parameter",
      "Id": "ZD_BustLMotionX_L",
      "FadeInTime": -1.0,
      "FadeOutTime": -1.0,
      "Segments": [
        0,
        0,
        2,
        0.5,
        0,
        0,
        0.9,
        -0.351,
        0,
        1.233,
        0.087,
        0,
        1.433,
        0.014,
        0,
        1.633,
        3.849,
        0,
        1.933,
        -4.83,
        0,
        2.333,
        2.098,
        0,
        2.633,
        -0.589,
        0,
        2.967,
        0.308,
        0,
        3.5,
        -3.32,
        0,
        3.867,
        4.443,
        0,
        4.233,
        -2.779,
        0,
        4.533,
        1.38,
        0,
        4.867,
        -0.232,
        0,
        5.1,
        -0.019,
        0,
        5.233,
        -0.092,
        0,
        5.367,
        0,
        2,
        5.633,
        0
      ]
    },
    {
      "Target": "Parameter",
      "Id": "ZD_BustRMotionY_L",
      "FadeInTime": -1.0,
      "FadeOutTime": -1.0,
      "Segments": [
        0,
        0.002,
        0,
        0.2,
        -0.018,
        0,
        0.5,
        0.006,
        0,
        0.8,
        -4.475,
        0,
        1.267,
        9.497,
        0,
        1.7,
        -11.371,
        0,
        2.133,
        9.39,
        0,
        2.533,
        -9.04,
        0,
        2.933,
        12.942,
        0,
        3.333,
        -15.98,
        0,
        3.767,
        12.631,
        0,
        4.233,
        -7.465,
        0,
        4.567,
        5.13,
        0,
        4.967,
        -3.639,
        0,
        5.4,
        1.967,
        0,
        5.633,
        -0.059
      ]
    },
    {
      "Target": "Parameter",
      "Id": "ZD_BustRMotionX_L",
      "FadeInTime": -1.0,
      "FadeOutTime": -1.0,
      "Segments": [
        0,
        0,
        2,
        0.5,
        0,
        0,
        0.9,
        -0.351,
        0,
        1.233,
        0.087,
        0,
        1.433,
        0.014,
        0,
        1.633,
        3.849,
        0,
        1.933,
        -4.83,
        0,
        2.333,
        2.098,
        0,
        2.633,
        -0.589,
        0,
        2.967,
        0.308,
        0,
        3.5,
        -3.32,
        0,
        3.867,
        4.443,
        0,
        4.233,
        -2.779,
        0,
        4.533,
        1.38,
        0,
        4.867,
        -0.232,
        0,
        5.1,
        -0.019,
        0,
        5.233,
        -0.092,
        0,
        5.367,
        0,
        2,
        5.633,
        0
      ]
    },
    {
      "Target": "Parameter",
      "Id": "ZD_BustLMotionY_X",
      "FadeInTime": -1.0,
      "FadeOutTime": -1.0,
      "Segments": [
        0,
        0.039,
        0,
        0.333,
        -0.03,
        0,
        0.633,
        0.965,
        0,
        1,
        -9.443,
        0,
        1.467,
        15.695,
        0,
        1.867,
        -18.356,
        0,
        2.267,
        16.265,
        0,
        2.667,
        -16.568,
        0,
        3.1,
        22.925,
        0,
        3.5,
        -27.025,
        0,
        3.9,
        19.481,
        0,
        4.367,
        -11.459,
        0,
        4.7,
        11.373,
        0,
        5.1,
        -6.516,
        0,
        5.5,
        3.294,
        0,
        5.633,
        2.1
      ]
    },
    {
      "Target": "Parameter",
      "Id": "ZD_BustLMotionX_X",
      "FadeInTime": -1.0,
      "FadeOutTime": -1.0,
      "Segments": [
        0,
        0,
        2,
        0.5,
        0,
        0,
        0.867,
        0.344,
        0,
        1.1,
        -0.322,
        0,
        1.367,
        0.188,
        0,
        1.567,
        -1.894,
        0,
        1.833,
        4.533,
        0,
        2.1,
        -4.542,
        0,
        2.433,
        3.068,
        0,
        2.767,
        -1.717,
        0,
        3.067,
        0.869,
        0,
        3.267,
        -0.068,
        0,
        3.433,
        1.108,
        0,
        3.7,
        -3.067,
        0,
        4.033,
        3.706,
        0,
        4.367,
        -3.65,
        0,
        4.667,
        2.402,
        0,
        4.967,
        -1.182,
        0,
        5.267,
        0.45,
        0,
        5.567,
        -0.131,
        0,
        5.633,
        -0.095
      ]
    },
    {
      "Target": "Parameter",
      "Id": "ZD_BustRMotionY_X",
      "FadeInTime": -1.0,
      "FadeOutTime": -1.0,
      "Segments": [
        0,
        0.039,
        0,
        0.333,
        -0.03,
        0,
        0.633,
        0.965,
        0,
        1,
        -9.443,
        0,
        1.467,
        15.695,
        0,
        1.867,
        -18.356,
        0,
        2.267,
        16.265,
        0,
        2.667,
        -16.568,
        0,
        3.1,
        22.925,
        0,
        3.5,
        -27.025,
        0,
        3.9,
        19.481,
        0,
        4.367,
        -11.459,
        0,
        4.7,
        11.373,
        0,
        5.1,
        -6.516,
        0,
        5.5,
        3.294,
        0,
        5.633,
        2.1
      ]
    },
    {
      "Target": "Parameter",
      "Id": "ZD_BustRMotionX_X",
      "FadeInTime": -1.0,
      "FadeOutTime": -1.0,
      "Segments": [
        0,
        0,
        2,
        0.5,
        0,
        0,
        0.867,
        0.344,
        0,
        1.1,
        -0.322,
        0,
        1.367,
        0.188,
        0,
        1.567,
        -1.894,
        0,
        1.833,
        4.533,
        0,
        2.1,
        -4.542,
        0,
        2.433,
        3.068,
        0,
        2.767,
        -1.717,
        0,
        3.067,
        0.869,
        0,
        3.267,
        -0.068,
        0,
        3.433,
        1.108,
        0,
        3.7,
        -3.067,
        0,
        4.033,
        3.706,
        0,
        4.367,
        -3.65,
        0,
        4.667,
        2.402,
        0,
        4.967,
        -1.182,
        0,
        5.267,
        0.45,
        0,
        5.567,
        -0.131,
        0,
        5.633,
        -0.095
      ]
    },
    {
      "Target": "Parameter",
      "Id": "dudai1",
      "FadeInTime": -1.0,
      "FadeOutTime": -1.0,
      "Segments": [
        0,
        0,
        0,
        0.367,
        0.009,
        1,
        0.411,
        0.009,
        0.456,
        0.01,
        0.5,
        0,
        1,
        0.733,
        -0.055,
        0.967,
        -0.094,
        1.2,
        -0.094,
        0,
        1.733,
        0.582,
        0,
        2.2,
        -1.659,
        0,
        2.667,
        2.319,
        0,
        3.133,
        -1.583,
        0,
        4.033,
        2.69,
        0,
        4.467,
        -4.711,
        0,
        4.9,
        5.319,
        1,
        4.978,
        5.319,
        5.055,
        3.532,
        5.133,
        0,
        1,
        5.2,
        -3.027,
        5.266,
        -4.52,
        5.333,
        -4.52,
        0,
        5.633,
        0
      ]
    },
    {
      "Target": "Parameter",
      "Id": "dudai2",
      "FadeInTime": -1.0,
      "FadeOutTime": -1.0,
      "Segments": [
        0,
        0,
        0,
        0.267,
        -0.001,
        0,
        0.5,
        0,
        2,
        0.533,
        0,
        2,
        0.567,
        0,
        0,
        1.033,
        -0.099,
        0,
        1.6,
        0.551,
        0,
        2.033,
        -1.608,
        0,
        2.433,
        2.02,
        0,
        2.867,
        -1.134,
        0,
        3.167,
        -0.001,
        0,
        3.433,
        -0.906,
        0,
        3.833,
        2.77,
        0,
        4.267,
        -4.399,
        0,
        4.667,
        4.692,
        0,
        5.1,
        -3.822,
        1,
        5.111,
        -3.822,
        5.122,
        -0.179,
        5.133,
        0,
        1,
        5.255,
        1.973,
        5.378,
        2.765,
        5.5,
        2.765,
        0,
        5.633,
        0
      ]
    },
    {
      "Target": "Parameter",
      "Id": "dudai3",
      "FadeInTime": -1.0,
      "FadeOutTime": -1.0,
      "Segments": [
        0,
        0,
        0,
        0.367,
        0.009,
        1,
        0.411,
        0.009,
        0.456,
        0.01,
        0.5,
        0,
        1,
        0.733,
        -0.055,
        0.967,
        -0.094,
        1.2,
        -0.094,
        0,
        1.733,
        0.582,
        0,
        2.2,
        -1.659,
        0,
        2.667,
        2.319,
        0,
        3.133,
        -1.583,
        0,
        4.033,
        2.69,
        0,
        4.467,
        -4.711,
        0,
        4.9,
        5.319,
        1,
        4.978,
        5.319,
        5.055,
        3.532,
        5.133,
        0,
        1,
        5.2,
        -3.027,
        5.266,
        -4.52,
        5.333,
        -4.52,
        0,
        5.633,
        0
      ]
    },
    {
      "Target": "Parameter",
      "Id": "dudai4",
      "FadeInTime": -1.0,
      "FadeOutTime": -1.0,
      "Segments": [
        0,
        0,
        0,
        0.267,
        -0.001,
        0,
        0.5,
        0,
        2,
        0.533,
        0,
        2,
        0.567,
        0,
        0,
        1.033,
        -0.099,
        0,
        1.6,
        0.551,
        0,
        2.033,
        -1.608,
        0,
        2.433,
        2.02,
        0,
        2.867,
        -1.134,
        0,
        3.167,
        -0.001,
        0,
        3.433,
        -0.906,
        0,
        3.833,
        2.77,
        0,
        4.267,
        -4.399,
        0,
        4.667,
        4.692,
        0,
        5.1,
        -3.822,
        1,
        5.111,
        -3.822,
        5.122,
        -0.179,
        5.133,
        0,
        1,
        5.255,
        1.973,
        5.378,
        2.765,
        5.5,
        2.765,
        0,
        5.633,
        0
      ]
    },
    {
      "Target": "Parameter",
      "Id": "ParamArmLAngleY",
      "FadeInTime": -1.0,
      "FadeOutTime": -1.0,
      "Segments": [
        0,
        0,
        2,
        0.5,
        0,
        2,
        2.433,
        0,
        2,
        2.633,
        0,
        0,
        2.933,
        -2,
        2,
        4.267,
        -2,
        0,
        5.133,
        0,
        2,
        5.633,
        0
      ]
    },
    {
      "Target": "Parameter",
      "Id": "ParamArmRAngleX",
      "FadeInTime": -1.0,
      "FadeOutTime": -1.0,
      "Segments": [
        0,
        0,
        2,
        0.5,
        0,
        2,
        2.433,
        0,
        2,
        2.633,
        0,
        0,
        2.933,
        1,
        2,
        4.267,
        1,
        0,
        5.133,
        0,
        2,
        5.633,
        0
      ]
    },
    {
      "Target": "Parameter",
      "Id": "menyshou",
      "FadeInTime": -1.0,
      "FadeOutTime": -1.0,
      "Segments": [
        0,
        -30,
        0,
        5.633,
        -30
      ]
    },
    {
      "Target": "Parameter",
      "Id": "heikuang",
      "FadeInTime": -1.0,
      "FadeOutTime": -1.0,
      "Segments": [
        0,
        0,
        0,
        5.633,
        0
      ]
    },
    {
      "Target": "Parameter",
      "Id": "All_X",
      "FadeInTime": -1.0,
      "FadeOutTime": -1.0,
      "Segments": [
        0,
        0,
        0,
        5.633,
        0
      ]
    },
    {
      "Target": "Parameter",
      "Id": "All_Y",
      "FadeInTime": -1.0,
      "FadeOutTime": -1.0,
      "Segments": [
        0,
        0,
        0,
        5.633,
        0
      ]
    },
    {
      "Target": "Parameter",
      "Id": "All_Size",
      "FadeInTime": -1.0,
      "FadeOutTime": -1.0,
      "Segments": [
        0,
        0,
        0,
        5.633,
        0
      ]
    },
    {
      "Target": "Parameter",
      "Id": "All_Angle",
      "FadeInTime": -1.0,
      "FadeOutTime": -1.0,
      "Segments": [
        0,
        0,
        0,
        5.633,
        0
      ]
    },
    {
      "Target": "Parameter",
      "Id": "man_X",
      "FadeInTime": -1.0,
      "FadeOutTime": -1.0,
      "Segments": [
        0,
        0,
        0,
        5.633,
        0
      ]
    },
    {
      "Target": "Parameter",
      "Id": "man_Y",
      "FadeInTime": -1.0,
      "FadeOutTime": -1.0,
      "Segments": [
        0,
        0,
        0,
        5.633,
        0
      ]
    },
    {
      "Target": "Parameter",
      "Id": "man_Angle",
      "FadeInTime": -1.0,
      "FadeOutTime": -1.0,
      "Segments": [
        0,
        0,
        0,
        5.633,
        0
      ]
    },
    {
      "Target": "Parameter",
      "Id": "man_Size",
      "FadeInTime": -1.0,
      "FadeOutTime": -1.0,
      "Segments": [
        0,
        0,
        0,
        5.633,
        0
      ]
    },
    {
      "Target": "Parameter",
      "Id": "FG_Black",
      "FadeInTime": -1.0,
      "FadeOutTime": -1.0,
      "Segments": [
        0,
        0,
        0,
        5.633,
        0
      ]
    },
    {
      "Target": "Parameter",
      "Id": "BG_White",
      "FadeInTime": -1.0,
      "FadeOutTime": -1.0,
      "Segments": [
        0,
        0,
        0,
        5.633,
        0
      ]
    },
    {
      "Target": "Parameter",
      "Id": "huangguang",
      "FadeInTime": -1.0,
      "FadeOutTime": -1.0,
      "Segments": [
        0,
        0,
        0,
        5.633,
        0
      ]
    },
    {
      "Target": "Parameter",
      "Id": "FG_White",
      "FadeInTime": -1.0,
      "FadeOutTime": -1.0,
      "Segments": [
        0,
        0,
        0,
        5.633,
        0
      ]
    },
    {
      "Target": "Parameter",
      "Id": "xgbquan",
      "FadeInTime": -1.0,
      "FadeOutTime": -1.0,
      "Segments": [
        0,
        0,
        0,
        5.633,
        0
      ]
    },
    {
      "Target": "Parameter",
      "Id": "FG_White2",
      "FadeInTime": -1.0,
      "FadeOutTime": -1.0,
      "Segments": [
        0,
        0,
        0,
        5.633,
        0
      ]
    },
    {
      "Target": "Parameter",
      "Id": "qfwyid",
      "FadeInTime": -1.0,
      "FadeOutTime": -1.0,
      "Segments": [
        0,
        0,
        0,
        5.633,
        0
      ]
    },
    {
      "Target": "Parameter",
      "Id": "BG_Black",
      "FadeInTime": -1.0,
      "FadeOutTime": -1.0,
      "Segments": [
        0,
        0,
        0,
        5.633,
        0
      ]
    },
    {
      "Target": "Parameter",
      "Id": "ParamMouthCDisplay",
      "FadeInTime": -1.0,
      "FadeOutTime": -1.0,
      "Segments": [
        0,
        0,
        0,
        5.633,
        0
      ]
    },
    {
      "Target": "Parameter",
      "Id": "ParamForearmLLayer2",
      "FadeInTime": -1.0,
      "FadeOutTime": -1.0,
      "Segments": [
        0,
        0,
        0,
        5.633,
        0
      ]
    },
    {
      "Target": "Parameter",
      "Id": "ParamForearmLChange",
      "FadeInTime": -1.0,
      "FadeOutTime": -1.0,
      "Segments": [
        0,
        0,
        0,
        5.633,
        0
      ]
    },
    {
      "Target": "Parameter",
      "Id": "ParamForearmLStretch",
      "FadeInTime": -1.0,
      "FadeOutTime": -1.0,
      "Segments": [
        0,
        -15,
        0,
        5.633,
        -15
      ]
    },
    {
      "Target": "Parameter",
      "Id": "ParamForearmLLayer",
      "FadeInTime": -1.0,
      "FadeOutTime": -1.0,
      "Segments": [
        0,
        0,
        0,
        5.633,
        0
      ]
    },
    {
      "Target": "Parameter",
      "Id": "ParamHandLChange",
      "FadeInTime": -1.0,
      "FadeOutTime": -1.0,
      "Segments": [
        0,
        0,
        0,
        5.633,
        0
      ]
    },
    {
      "Target": "Parameter",
      "Id": "ParamHandLREDisplay",
      "FadeInTime": -1.0,
      "FadeOutTime": -1.0,
      "Segments": [
        0,
        30,
        0,
        5.633,
        30
      ]
    },
    {
      "Target": "Parameter",
      "Id": "ParamHandL1Display",
      "FadeInTime": -1.0,
      "FadeOutTime": -1.0,
      "Segments": [
        0,
        0,
        0,
        5.633,
        0
      ]
    },
    {
      "Target": "Parameter",
      "Id": "ParamHandL2Display",
      "FadeInTime": -1.0,
      "FadeOutTime": -1.0,
      "Segments": [
        0,
        0,
        0,
        5.633,
        0
      ]
    },
    {
      "Target": "Parameter",
      "Id": "ParamHandL3Display",
      "FadeInTime": -1.0,
      "FadeOutTime": -1.0,
      "Segments": [
        0,
        0,
        0,
        5.633,
        0
      ]
    },
    {
      "Target": "Parameter",
      "Id": "ParamHandL4Display",
      "FadeInTime": -1.0,
      "FadeOutTime": -1.0,
      "Segments": [
        0,
        0,
        0,
        5.633,
        0
      ]
    },
    {
      "Target": "Parameter",
      "Id": "ParamForearmL_A",
      "FadeInTime": -1.0,
      "FadeOutTime": -1.0,
      "Segments": [
        0,
        30,
        0,
        5.633,
        30
      ]
    },
    {
      "Target": "Parameter",
      "Id": "ParamForearmL_B",
      "FadeInTime": -1.0,
      "FadeOutTime": -1.0,
      "Segments": [
        0,
        0,
        0,
        5.633,
        0
      ]
    },
    {
      "Target": "Parameter",
      "Id": "ParamForearmL_C",
      "FadeInTime": -1.0,
      "FadeOutTime": -1.0,
      "Segments": [
        0,
        0,
        0,
        5.633,
        0
      ]
    },
    {
      "Target": "Parameter",
      "Id": "zuoshouxiu",
      "FadeInTime": -1.0,
      "FadeOutTime": -1.0,
      "Segments": [
        0,
        0,
        0,
        5.633,
        0
      ]
    },
    {
      "Target": "Parameter",
      "Id": "zuoshoudaxiao",
      "FadeInTime": -1.0,
      "FadeOutTime": -1.0,
      "Segments": [
        0,
        0,
        0,
        5.633,
        0
      ]
    },
    {
      "Target": "Parameter",
      "Id": "ParamForearmLAngleX",
      "FadeInTime": -1.0,
      "FadeOutTime": -1.0,
      "Segments": [
        0,
        0,
        0,
        5.633,
        0
      ]
    },
    {
      "Target": "Parameter",
      "Id": "ParamForearmLAngleY",
      "FadeInTime": -1.0,
      "FadeOutTime": -1.0,
      "Segments": [
        0,
        0,
        0,
        5.633,
        0
      ]
    },
    {
      "Target": "Parameter",
      "Id": "ParamHandLAngleX",
      "FadeInTime": -1.0,
      "FadeOutTime": -1.0,
      "Segments": [
        0,
        0,
        0,
        5.633,
        0
      ]
    },
    {
      "Target": "Parameter",
      "Id": "ParamHandLAngleY",
      "FadeInTime": -1.0,
      "FadeOutTime": -1.0,
      "Segments": [
        0,
        0,
        0,
        5.633,
        0
      ]
    },
    {
      "Target": "Parameter",
      "Id": "ParamArmLChange",
      "FadeInTime": -1.0,
      "FadeOutTime": -1.0,
      "Segments": [
        0,
        0,
        0,
        5.633,
        0
      ]
    },
    {
      "Target": "Parameter",
      "Id": "ParamArmRChange",
      "FadeInTime": -1.0,
      "FadeOutTime": -1.0,
      "Segments": [
        0,
        0,
        0,
        5.633,
        0
      ]
    },
    {
      "Target": "Parameter",
      "Id": "ParamHandR2Display",
      "FadeInTime": -1.0,
      "FadeOutTime": -1.0,
      "Segments": [
        0,
        0,
        0,
        5.633,
        0
      ]
    },
    {
      "Target": "Parameter",
      "Id": "ParamHandR3Display",
      "FadeInTime": -1.0,
      "FadeOutTime": -1.0,
      "Segments": [
        0,
        0,
        0,
        5.633,
        0
      ]
    },
    {
      "Target": "Parameter",
      "Id": "ParamHandR4Display",
      "FadeInTime": -1.0,
      "FadeOutTime": -1.0,
      "Segments": [
        0,
        0,
        0,
        5.633,
        0
      ]
    },
    {
      "Target": "Parameter",
      "Id": "ParamHandR9Display",
      "FadeInTime": -1.0,
      "FadeOutTime": -1.0,
      "Segments": [
        0,
        0,
        0,
        5.633,
        0
      ]
    },
    {
      "Target": "Parameter",
      "Id": "ParamForearmR_A",
      "FadeInTime": -1.0,
      "FadeOutTime": -1.0,
      "Segments": [
        0,
        30,
        0,
        5.633,
        30
      ]
    },
    {
      "Target": "Parameter",
      "Id": "ParamForearmR_B",
      "FadeInTime": -1.0,
      "FadeOutTime": -1.0,
      "Segments": [
        0,
        0,
        0,
        5.633,
        0
      ]
    },
    {
      "Target": "Parameter",
      "Id": "ParamForearmR_C",
      "FadeInTime": -1.0,
      "FadeOutTime": -1.0,
      "Segments": [
        0,
        0,
        0,
        5.633,
        0
      ]
    },
    {
      "Target": "Parameter",
      "Id": "ParamArmR_A",
      "FadeInTime": -1.0,
      "FadeOutTime": -1.0,
      "Segments": [
        0,
        0,
        0,
        5.633,
        0
      ]
    },
    {
      "Target": "Parameter",
      "Id": "biguodu",
      "FadeInTime": -1.0,
      "FadeOutTime": -1.0,
      "Segments": [
        0,
        0,
        0,
        5.633,
        0
      ]
    },
    {
      "Target": "Parameter",
      "Id": "biguodujiaodu",
      "FadeInTime": -1.0,
      "FadeOutTime": -1.0,
      "Segments": [
        0,
        0,
        0,
        5.633,
        0
      ]
    },
    {
      "Target": "Parameter",
      "Id": "BIGUODUTMD",
      "FadeInTime": -1.0,
      "FadeOutTime": -1.0,
      "Segments": [
        0,
        0,
        0,
        5.633,
        0
      ]
    },
    {
      "Target": "Parameter",
      "Id": "zhihen",
      "FadeInTime": -1.0,
      "FadeOutTime": -1.0,
      "Segments": [
        0,
        0,
        0,
        5.633,
        0
      ]
    },
    {
      "Target": "Parameter",
      "Id": "shentihuxi",
      "FadeInTime": -1.0,
      "FadeOutTime": -1.0,
      "Segments": [
        0,
        0,
        0,
        5.633,
        0
      ]
    },
    {
      "Target": "Parameter",
      "Id": "ParamLegLStretch",
      "FadeInTime": -1.0,
      "FadeOutTime": -1.0,
      "Segments": [
        0,
        0,
        0,
        5.633,
        0
      ]
    },
    {
      "Target": "Parameter",
      "Id": "ParamCrusLAngle",
      "FadeInTime": -1.0,
      "FadeOutTime": -1.0,
      "Segments": [
        0,
        0,
        0,
        5.633,
        0
      ]
    },
    {
      "Target": "Parameter",
      "Id": "ParamCrusLStretch",
      "FadeInTime": -1.0,
      "FadeOutTime": -1.0,
      "Segments": [
        0,
        0,
        0,
        5.633,
        0
      ]
    },
    {
      "Target": "Parameter",
      "Id": "ParamFooxz",
      "FadeInTime": -1.0,
      "FadeOutTime": -1.0,
      "Segments": [
        0,
        0,
        0,
        5.633,
        0
      ]
    },
    {
      "Target": "Parameter",
      "Id": "ParamCrusLLayer",
      "FadeInTime": -1.0,
      "FadeOutTime": -1.0,
      "Segments": [
        0,
        0,
        0,
        5.633,
        0
      ]
    },
    {
      "Target": "Parameter",
      "Id": "NULL1",
      "FadeInTime": -1.0,
      "FadeOutTime": -1.0,
      "Segments": [
        0,
        0,
        0,
        5.633,
        0
      ]
    },
    {
      "Target": "Parameter",
      "Id": "NULL2",
      "FadeInTime": -1.0,
      "FadeOutTime": -1.0,
      "Segments": [
        0,
        0,
        0,
        5.633,
        0
      ]
    },
    {
      "Target": "Parameter",
      "Id": "NULL3",
      "FadeInTime": -1.0,
      "FadeOutTime": -1.0,
      "Segments": [
        0,
        0,
        0,
        5.633,
        0
      ]
    },
    {
      "Target": "Parameter",
      "Id": "rtuiqei",
      "FadeInTime": -1.0,
      "FadeOutTime": -1.0,
      "Segments": [
        0,
        0,
        0,
        5.633,
        0
      ]
    },
    {
      "Target": "Parameter",
      "Id": "ParamLegRAngle",
      "FadeInTime": -1.0,
      "FadeOutTime": -1.0,
      "Segments": [
        0,
        0,
        0,
        5.633,
        0
      ]
    },
    {
      "Target": "Parameter",
      "Id": "ParamLegRStretch",
      "FadeInTime": -1.0,
      "FadeOutTime": -1.0,
      "Segments": [
        0,
        0,
        0,
        5.633,
        0
      ]
    },
    {
      "Target": "Parameter",
      "Id": "ParamCrusRAngle",
      "FadeInTime": -1.0,
      "FadeOutTime": -1.0,
      "Segments": [
        0,
        -30,
        0,
        5.633,
        -30
      ]
    },
    {
      "Target": "Parameter",
      "Id": "ParamFoodRChange",
      "FadeInTime": -1.0,
      "FadeOutTime": -1.0,
      "Segments": [
        0,
        0,
        0,
        5.633,
        0
      ]
    },
    {
      "Target": "Parameter",
      "Id": "ParamCrusRStretch",
      "FadeInTime": -1.0,
      "FadeOutTime": -1.0,
      "Segments": [
        0,
        0,
        0,
        5.633,
        0
      ]
    },
    {
      "Target": "Parameter",
      "Id": "ParamCrusRLayer",
      "FadeInTime": -1.0,
      "FadeOutTime": -1.0,
      "Segments": [
        0,
        0,
        0,
        5.633,
        0
      ]
    },
    {
      "Target": "Parameter",
      "Id": "siwalq2",
      "FadeInTime": -1.0,
      "FadeOutTime": -1.0,
      "Segments": [
        0,
        0,
        0,
        5.633,
        0
      ]
    },
    {
      "Target": "Parameter",
      "Id": "siwalq",
      "FadeInTime": -1.0,
      "FadeOutTime": -1.0,
      "Segments": [
        0,
        0,
        0,
        5.633,
        0
      ]
    },
    {
      "Target": "Parameter",
      "Id": "laswX",
      "FadeInTime": -1.0,
      "FadeOutTime": -1.0,
      "Segments": [
        0,
        0,
        0,
        5.633,
        0
      ]
    },
    {
      "Target": "Parameter",
      "Id": "laswY",
      "FadeInTime": -1.0,
      "FadeOutTime": -1.0,
      "Segments": [
        0,
        0,
        0,
        5.633,
        0
      ]
    },
    {
      "Target": "Parameter",
      "Id": "rdatuitan",
      "FadeInTime": -1.0,
      "FadeOutTime": -1.0,
      "Segments": [
        0,
        0,
        0,
        5.633,
        0
      ]
    },
    {
      "Target": "Parameter",
      "Id": "rdatuitan2",
      "FadeInTime": -1.0,
      "FadeOutTime": -1.0,
      "Segments": [
        0,
        0,
        0,
        5.633,
        0
      ]
    },
    {
      "Target": "Parameter",
      "Id": "rxtuir",
      "FadeInTime": -1.0,
      "FadeOutTime": -1.0,
      "Segments": [
        0,
        0,
        0,
        5.633,
        0
      ]
    },
    {
      "Target": "Parameter",
      "Id": "rxtuir2",
      "FadeInTime": -1.0,
      "FadeOutTime": -1.0,
      "Segments": [
        0,
        0,
        0,
        5.633,
        0
      ]
    },
    {
      "Target": "Parameter",
      "Id": "ldtuir1",
      "FadeInTime": -1.0,
      "FadeOutTime": -1.0,
      "Segments": [
        0,
        0,
        0,
        5.633,
        0
      ]
    },
    {
      "Target": "Parameter",
      "Id": "ldtuir2",
      "FadeInTime": -1.0,
      "FadeOutTime": -1.0,
      "Segments": [
        0,
        0,
        0,
        5.633,
        0
      ]
    },
    {
      "Target": "Parameter",
      "Id": "lxtuir1",
      "FadeInTime": -1.0,
      "FadeOutTime": -1.0,
      "Segments": [
        0,
        0,
        0,
        5.633,
        0
      ]
    },
    {
      "Target": "Parameter",
      "Id": "lxtuir2",
      "FadeInTime": -1.0,
      "FadeOutTime": -1.0,
      "Segments": [
        0,
        0,
        0,
        5.633,
        0
      ]
    },
    {
      "Target": "Parameter",
      "Id": "Param",
      "FadeInTime": -1.0,
      "FadeOutTime": -1.0,
      "Segments": [
        0,
        0,
        0,
        5.633,
        0
      ]
    },
    {
      "Target": "Parameter",
      "Id": "wanyaoqb",
      "FadeInTime": -1.0,
      "FadeOutTime": -1.0,
      "Segments": [
        0,
        0,
        0,
        5.633,
        0
      ]
    },
    {
      "Target": "Parameter",
      "Id": "lquncji",
      "FadeInTime": -1.0,
      "FadeOutTime": -1.0,
      "Segments": [
        0,
        0,
        0,
        5.633,
        0
      ]
    },
    {
      "Target": "Parameter",
      "Id": "ParamArmLAngleX",
      "FadeInTime": -1.0,
      "FadeOutTime": -1.0,
      "Segments": [
        0,
        0,
        0,
        5.633,
        0
      ]
    },
    {
      "Target": "Parameter",
      "Id": "ParamMouthADisplay",
      "FadeInTime": -1.0,
      "FadeOutTime": -1.0,
      "Segments": [
        0,
        0,
        0,
        5.633,
        0
      ]
    },
    {
      "Target": "Parameter",
      "Id": "ParamMouthBDisplay",
      "FadeInTime": -1.0,
      "FadeOutTime": -1.0,
      "Segments": [
        0,
        0,
        0,
        5.633,
        0
      ]
    },
    {
      "Target": "Parameter",
      "Id": "ParamEyeLSmile",
      "FadeInTime": -1.0,
      "FadeOutTime": -1.0,
      "Segments": [
        0,
        0,
        0,
        5.633,
        0
      ]
    },
    {
      "Target": "Parameter",
      "Id": "ParamEyeRSmile",
      "FadeInTime": -1.0,
      "FadeOutTime": -1.0,
      "Segments": [
        0,
        0,
        0,
        5.633,
        0
      ]
    },
    {
      "Target": "Parameter",
      "Id": "koushuishangxia",
      "FadeInTime": -1.0,
      "FadeOutTime": -1.0,
      "Segments": [
        0,
        0,
        0,
        5.633,
        0
      ]
    },
    {
      "Target": "Parameter",
      "Id": "koushuizuoyou",
      "FadeInTime": -1.0,
      "FadeOutTime": -1.0,
      "Segments": [
        0,
        0,
        0,
        5.633,
        0
      ]
    },
    {
      "Target": "Parameter",
      "Id": "koushuijiaodu",
      "FadeInTime": -1.0,
      "FadeOutTime": -1.0,
      "Segments": [
        0,
        0,
        0,
        5.633,
        0
      ]
    },
    {
      "Target": "Parameter",
      "Id": "koushuiyaobai",
      "FadeInTime": -1.0,
      "FadeOutTime": -1.0,
      "Segments": [
        0,
        0,
        0,
        5.633,
        0
      ]
    },
    {
      "Target": "Parameter",
      "Id": "koushuichangduan",
      "FadeInTime": -1.0,
      "FadeOutTime": -1.0,
      "Segments": [
        0,
        0,
        0,
        5.633,
        0
      ]
    },
    {
      "Target": "Parameter",
      "Id": "jixiong",
      "FadeInTime": -1.0,
      "FadeOutTime": -1.0,
      "Segments": [
        0,
        0,
        0,
        5.633,
        0
      ]
    },
    {
      "Target": "Parameter",
      "Id": "SD_BustMotionY_L",
      "FadeInTime": -1.0,
      "FadeOutTime": -1.0,
      "Segments": [
        0,
        0,
        0,
        5.633,
        0
      ]
    },
    {
      "Target": "Parameter",
      "Id": "SD_BustMotionY_L2",
      "FadeInTime": -1.0,
      "FadeOutTime": -1.0,
      "Segments": [
        0,
        0,
        0,
        5.633,
        0
      ]
    },
    {
      "Target": "Parameter",
      "Id": "SD_BustMotionY_X",
      "FadeInTime": -1.0,
      "FadeOutTime": -1.0,
      "Segments": [
        0,
        0,
        0,
        5.633,
        0
      ]
    },
    {
      "Target": "Parameter",
      "Id": "Clothes_physics",
      "FadeInTime": -1.0,
      "FadeOutTime": -1.0,
      "Segments": [
        0,
        0,
        0,
        5.633,
        0
      ]
    },
    {
      "Target": "Parameter",
      "Id": "fengeq",
      "FadeInTime": -1.0,
      "FadeOutTime": -1.0,
      "Segments": [
        0,
        0,
        0,
        5.633,
        0
      ]
    },
    {
      "Target": "Parameter",
      "Id": "jihjiu",
      "FadeInTime": -1.0,
      "FadeOutTime": -1.0,
      "Segments": [
        0,
        0,
        0,
        5.633,
        0
      ]
    },
    {
      "Target": "Parameter",
      "Id": "jishen",
      "FadeInTime": -1.0,
      "FadeOutTime": -1.0,
      "Segments": [
        0,
        0,
        0,
        5.633,
        0
      ]
    },
    {
      "Target": "Parameter",
      "Id": "hjjyao",
      "FadeInTime": -1.0,
      "FadeOutTime": -1.0,
      "Segments": [
        0,
        0,
        0,
        5.633,
        0
      ]
    },
    {
      "Target": "Parameter",
      "Id": "jihuxi",
      "FadeInTime": -1.0,
      "FadeOutTime": -1.0,
      "Segments": [
        0,
        0,
        0,
        5.633,
        0
      ]
    },
    {
      "Target": "Parameter",
      "Id": "jimao1",
      "FadeInTime": -1.0,
      "FadeOutTime": -1.0,
      "Segments": [
        0,
        0,
        0,
        5.633,
        0
      ]
    },
    {
      "Target": "Parameter",
      "Id": "jimao2",
      "FadeInTime": -1.0,
      "FadeOutTime": -1.0,
      "Segments": [
        0,
        0,
        0,
        5.633,
        0
      ]
    },
    {
      "Target": "Parameter",
      "Id": "najbq",
      "FadeInTime": -1.0,
      "FadeOutTime": -1.0,
      "Segments": [
        0,
        0,
        0,
        5.633,
        0
      ]
    },
    {
      "Target": "Parameter",
      "Id": "yemiand",
      "FadeInTime": -1.0,
      "FadeOutTime": -1.0,
      "Segments": [
        0,
        0,
        0,
        5.633,
        0
      ]
    },
    {
      "Target": "Parameter",
      "Id": "yemian1",
      "FadeInTime": -1.0,
      "FadeOutTime": -1.0,
      "Segments": [
        0,
        0,
        0,
        5.633,
        0
      ]
    },
    {
      "Target": "Parameter",
      "Id": "yemian2",
      "FadeInTime": -1.0,
      "FadeOutTime": -1.0,
      "Segments": [
        0,
        0,
        0,
        5.633,
        0
      ]
    },
    {
      "Target": "Parameter",
      "Id": "shoujbY",
      "FadeInTime": -1.0,
      "FadeOutTime": -1.0,
      "Segments": [
        0,
        0,
        0,
        5.633,
        0
      ]
    },
    {
      "Target": "Parameter",
      "Id": "shoujbjd",
      "FadeInTime": -1.0,
      "FadeOutTime": -1.0,
      "Segments": [
        0,
        0,
        0,
        5.633,
        0
      ]
    },
    {
      "Target": "Parameter",
      "Id": "shoujbd",
      "FadeInTime": -1.0,
      "FadeOutTime": -1.0,
      "Segments": [
        0,
        0,
        0,
        5.633,
        0
      ]
    },
    {
      "Target": "Parameter",
      "Id": "JIUBEITEXIAO",
      "FadeInTime": -1.0,
      "FadeOutTime": -1.0,
      "Segments": [
        0,
        0,
        0,
        5.633,
        0
      ]
    },
    {
      "Target": "Parameter",
      "Id": "jbeiguang",
      "FadeInTime": -1.0,
      "FadeOutTime": -1.0,
      "Segments": [
        0,
        0,
        0,
        5.633,
        0
      ]
    },
    {
      "Target": "Parameter",
      "Id": "lajbxs",
      "FadeInTime": -1.0,
      "FadeOutTime": -1.0,
      "Segments": [
        0,
        0,
        0,
        5.633,
        0
      ]
    },
    {
      "Target": "Parameter",
      "Id": "touch_drag",
      "FadeInTime": -1.0,
      "FadeOutTime": -1.0,
      "Segments": [
        0,
        0,
        0,
        5.633,
        0
      ]
    },
    {
      "Target": "Parameter",
      "Id": "xinfxs2",
      "FadeInTime": -1.0,
      "FadeOutTime": -1.0,
      "Segments": [
        0,
        0,
        0,
        5.633,
        0
      ]
    },
    {
      "Target": "Parameter",
      "Id": "xinfxs",
      "FadeInTime": -1.0,
      "FadeOutTime": -1.0,
      "Segments": [
        0,
        0,
        0,
        5.633,
        0
      ]
    },
    {
      "Target": "Parameter",
      "Id": "xfzhuan",
      "FadeInTime": -1.0,
      "FadeOutTime": -1.0,
      "Segments": [
        0,
        -30,
        0,
        5.633,
        -30
      ]
    },
    {
      "Target": "Parameter",
      "Id": "xfxuzna",
      "FadeInTime": -1.0,
      "FadeOutTime": -1.0,
      "Segments": [
        0,
        0,
        0,
        5.633,
        0
      ]
    },
    {
      "Target": "Parameter",
      "Id": "yemian3",
      "FadeInTime": -1.0,
      "FadeOutTime": -1.0,
      "Segments": [
        0,
        0,
        0,
        5.633,
        0
      ]
    },
    {
      "Target": "Parameter",
      "Id": "yemian4",
      "FadeInTime": -1.0,
      "FadeOutTime": -1.0,
      "Segments": [
        0,
        0,
        0,
        5.633,
        0
      ]
    },
    {
      "Target": "Parameter",
      "Id": "NULL4",
      "FadeInTime": -1.0,
      "FadeOutTime": -1.0,
      "Segments": [
        0,
        0,
        0,
        5.633,
        0
      ]
    },
    {
      "Target": "Parameter",
      "Id": "NULL5",
      "FadeInTime": -1.0,
      "FadeOutTime": -1.0,
      "Segments": [
        0,
        0,
        0,
        5.633,
        0
      ]
    },
    {
      "Target": "Parameter",
      "Id": "NULL6",
      "FadeInTime": -1.0,
      "FadeOutTime": -1.0,
      "Segments": [
        0,
        0,
        0,
        5.633,
        0
      ]
    },
    {
      "Target": "Parameter",
      "Id": "ParamArmRAngleY",
      "FadeInTime": -1.0,
      "FadeOutTime": -1.0,
      "Segments": [
        0,
        0,
        0,
        5.633,
        0
      ]
    },
    {
      "Target": "Parameter",
      "Id": "ParamBodyAngleY",
      "FadeInTime": -1.0,
      "FadeOutTime": -1.0,
      "Segments": [
        0,
        0,
        0,
        5.633,
        0
      ]
    },
    {
      "Target": "Parameter",
      "Id": "ParamBrowLY",
      "FadeInTime": -1.0,
      "FadeOutTime": -1.0,
      "Segments": [
        0,
        0,
        0,
        5.633,
        0
      ]
    },
    {
      "Target": "Parameter",
      "Id": "ParamBrowLX",
      "FadeInTime": -1.0,
      "FadeOutTime": -1.0,
      "Segments": [
        0,
        0,
        0,
        5.633,
        0
      ]
    },
    {
      "Target": "Parameter",
      "Id": "ParamBrowLAngle",
      "FadeInTime": -1.0,
      "FadeOutTime": -1.0,
      "Segments": [
        0,
        0,
        0,
        5.633,
        0
      ]
    },
    {
      "Target": "Parameter",
      "Id": "ParamBrowRY",
      "FadeInTime": -1.0,
      "FadeOutTime": -1.0,
      "Segments": [
        0,
        0,
        0,
        5.633,
        0
      ]
    },
    {
      "Target": "Parameter",
      "Id": "ParamBrowRX",
      "FadeInTime": -1.0,
      "FadeOutTime": -1.0,
      "Segments": [
        0,
        0,
        0,
        5.633,
        0
      ]
    },
    {
      "Target": "Parameter",
      "Id": "ParamBreath",
      "FadeInTime": -1.0,
      "FadeOutTime": -1.0,
      "Segments": [
        0,
        0,
        0,
        5.633,
        0
      ]
    },
    {
      "Target": "Parameter",
      "Id": "ParamBrowRAngle",
      "FadeInTime": -1.0,
      "FadeOutTime": -1.0,
      "Segments": [
        0,
        0,
        0,
        5.633,
        0
      ]
    }
  ],
  "UserData": [
    {
      "Time": 0.0,
      "Value": ""
    },
    {
      "Time": 5.133,
      "Value": ""
    }
  ]
}