{
  "Version": 3,
  "Meta": {
    "Duration": 9.0,
    "Fps": 60.0,
    "Loop": true,
    "AreBeziersRestricted": true,
    "FadeInTime": 0.0,
    "FadeOutTime": 0.0,
    "CurveCount": 42,
    "TotalSegmentCount": 408,
    "TotalPointCount": 642,
    "UserDataCount": 1,
    "TotalUserDataSize": 0
  },
  "Curves": [
    {
      "Target": "Parameter",
      "Id": "Param125",
      "FadeInTime": -1.0,
      "FadeOutTime": -1.0,
      "Segments": [
        0,
        2,
        0,
        0.5,
        0,
        2,
        1.917,
        0,
        0,
        2.417,
        2,
        0,
        2.917,
        0,
        2,
        4.117,
        0,
        0,
        4.617,
        2,
        0,
        5.117,
        0,
        2,
        6.617,
        0,
        0,
        7.117,
        2,
        0,
        7.617,
        0,
        2,
        8.5,
        0,
        0,
        9,
        2
      ]
    },
    {
      "Target": "Parameter",
      "Id": "Param126",
      "FadeInTime": -1.0,
      "FadeOutTime": -1.0,
      "Segments": [
        0,
        0,
        2,
        0.4,
        0,
        0,
        0.9,
        2,
        0,
        1.4,
        0,
        2,
        1.967,
        0,
        0,
        2.467,
        2,
        0,
        2.967,
        0,
        2,
        4.017,
        0,
        0,
        4.517,
        2,
        0,
        5.017,
        0,
        2,
        5.583,
        0,
        0,
        6.083,
        2,
        0,
        6.583,
        0,
        2,
        7.6,
        0,
        0,
        8.1,
        2,
        0,
        8.6,
        0,
        2,
        9,
        0
      ]
    },
    {
      "Target": "Parameter",
      "Id": "Param117",
      "FadeInTime": -1.0,
      "FadeOutTime": -1.0,
      "Segments": [
        0,
        0,
        2,
        0.617,
        0,
        0,
        1.117,
        2,
        0,
        1.617,
        0,
        2,
        2.867,
        0,
        0,
        3.367,
        2,
        0,
        3.867,
        0,
        2,
        5.95,
        0,
        0,
        6.45,
        2,
        0,
        6.95,
        0,
        2,
        7.583,
        0,
        0,
        8.083,
        2,
        0,
        8.583,
        0,
        2,
        9,
        0
      ]
    },
    {
      "Target": "Parameter",
      "Id": "Param119",
      "FadeInTime": -1.0,
      "FadeOutTime": -1.0,
      "Segments": [
        0,
        0,
        0,
        0.5,
        2,
        0,
        1,
        0,
        2,
        2.133,
        0,
        0,
        2.633,
        2,
        0,
        3.133,
        0,
        2,
        4.217,
        0,
        0,
        4.717,
        2,
        0,
        5.217,
        0,
        2,
        6.8,
        0,
        0,
        7.3,
        2,
        0,
        7.8,
        0,
        2,
        9,
        0
      ]
    },
    {
      "Target": "Parameter",
      "Id": "Param120",
      "FadeInTime": -1.0,
      "FadeOutTime": -1.0,
      "Segments": [
        0,
        0,
        0,
        0.3,
        2,
        0,
        0.617,
        0,
        2,
        1.5,
        0,
        0,
        1.8,
        2,
        0,
        2.117,
        0,
        2,
        3.533,
        0,
        0,
        3.833,
        2,
        0,
        4.15,
        0,
        2,
        5.467,
        0,
        0,
        5.767,
        2,
        0,
        6.083,
        0,
        2,
        7.267,
        0,
        0,
        7.567,
        2,
        0,
        7.883,
        0,
        2,
        9,
        0
      ]
    },
    {
      "Target": "Parameter",
      "Id": "FENG1",
      "FadeInTime": -1.0,
      "FadeOutTime": -1.0,
      "Segments": [
        0,
        0,
        1,
        3,
        1,
        6,
        2,
        9,
        3
      ]
    },
    {
      "Target": "Parameter",
      "Id": "FENG2",
      "FadeInTime": -1.0,
      "FadeOutTime": -1.0,
      "Segments": [
        0,
        0,
        1,
        3,
        1.333,
        6,
        2.667,
        9,
        4
      ]
    },
    {
      "Target": "Parameter",
      "Id": "FENG3",
      "FadeInTime": -1.0,
      "FadeOutTime": -1.0,
      "Segments": [
        0,
        0,
        1,
        3,
        0.667,
        6,
        1.333,
        9,
        2
      ]
    },
    {
      "Target": "Parameter",
      "Id": "yongquanshui",
      "FadeInTime": -1.0,
      "FadeOutTime": -1.0,
      "Segments": [
        0,
        0,
        2,
        0.267,
        1,
        2,
        0.5,
        2,
        2,
        0.733,
        1,
        2,
        1,
        0,
        2,
        1.267,
        1,
        2,
        1.533,
        2,
        2,
        1.767,
        1,
        2,
        2,
        0,
        2,
        2.233,
        1,
        2,
        2.5,
        2,
        2,
        2.8,
        1,
        2,
        3.033,
        0,
        2,
        3.267,
        1,
        2,
        3.5,
        2,
        2,
        3.767,
        1,
        2,
        4,
        0,
        2,
        4.233,
        1,
        2,
        4.533,
        2,
        2,
        4.767,
        1,
        2,
        5.033,
        0,
        2,
        5.267,
        1,
        2,
        5.5,
        2,
        2,
        5.767,
        1,
        2,
        6,
        0,
        2,
        6.3,
        1,
        2,
        6.533,
        2,
        2,
        6.767,
        1,
        2,
        7,
        0,
        2,
        7.267,
        1,
        2,
        7.533,
        2,
        2,
        7.8,
        1,
        2,
        8.033,
        0,
        2,
        8.267,
        1,
        2,
        8.533,
        2,
        2,
        8.8,
        1,
        2,
        9,
        0
      ]
    },
    {
      "Target": "Parameter",
      "Id": "yongquanshui2",
      "FadeInTime": -1.0,
      "FadeOutTime": -1.0,
      "Segments": [
        0,
        0,
        2,
        0.4,
        1,
        2,
        0.733,
        2,
        2,
        1.1,
        1,
        2,
        1.5,
        0,
        2,
        1.9,
        1,
        2,
        2.233,
        2,
        2,
        2.6,
        1,
        2,
        3,
        0,
        2,
        3.4,
        1,
        2,
        3.733,
        2,
        2,
        4.1,
        1,
        2,
        4.5,
        0,
        2,
        4.9,
        1,
        2,
        5.233,
        2,
        2,
        5.6,
        1,
        2,
        6,
        0,
        2,
        6.4,
        1,
        2,
        6.733,
        2,
        2,
        7.1,
        1,
        2,
        7.5,
        0,
        2,
        7.9,
        1,
        2,
        8.233,
        2,
        2,
        8.6,
        1,
        2,
        9,
        0
      ]
    },
    {
      "Target": "Parameter",
      "Id": "Param149",
      "FadeInTime": -1.0,
      "FadeOutTime": -1.0,
      "Segments": [
        0,
        0,
        2,
        0.117,
        1,
        2,
        0.367,
        2,
        2,
        0.617,
        1,
        2,
        0.867,
        0,
        2,
        1.117,
        1,
        2,
        1.367,
        2,
        2,
        1.617,
        1,
        2,
        1.867,
        0,
        2,
        2.117,
        1,
        2,
        2.367,
        2,
        2,
        2.617,
        1,
        2,
        2.867,
        0,
        2,
        3.117,
        1,
        2,
        3.367,
        2,
        2,
        3.617,
        1,
        2,
        3.867,
        0,
        2,
        4.117,
        1,
        2,
        4.367,
        2,
        2,
        4.617,
        1,
        2,
        4.867,
        0,
        2,
        5.117,
        1,
        2,
        5.367,
        2,
        2,
        5.617,
        1,
        2,
        5.867,
        0,
        2,
        6.117,
        1,
        2,
        6.367,
        2,
        2,
        6.617,
        1,
        2,
        6.867,
        0,
        2,
        7.117,
        1,
        2,
        7.367,
        2,
        2,
        7.617,
        1,
        2,
        7.867,
        0,
        2,
        8.117,
        1,
        2,
        8.367,
        2,
        2,
        8.617,
        1,
        2,
        8.867,
        0,
        2,
        9,
        0
      ]
    },
    {
      "Target": "Parameter",
      "Id": "Param147",
      "FadeInTime": -1.0,
      "FadeOutTime": -1.0,
      "Segments": [
        0,
        0,
        1,
        3,
        0.333,
        6,
        0.667,
        9,
        1
      ]
    },
    {
      "Target": "Parameter",
      "Id": "Param148",
      "FadeInTime": -1.0,
      "FadeOutTime": -1.0,
      "Segments": [
        0,
        0,
        1,
        3,
        0.333,
        6,
        0.667,
        9,
        1
      ]
    },
    {
      "Target": "Parameter",
      "Id": "Param151",
      "FadeInTime": -1.0,
      "FadeOutTime": -1.0,
      "Segments": [
        0,
        -0.02,
        1,
        0.372,
        -0.467,
        0.745,
        -0.686,
        1.117,
        -0.686,
        1,
        1.489,
        -0.686,
        1.861,
        -0.454,
        2.233,
        0,
        1,
        2.611,
        0.461,
        2.989,
        0.686,
        3.367,
        0.686,
        1,
        3.745,
        0.686,
        4.122,
        0.461,
        4.5,
        0,
        1,
        4.872,
        -0.454,
        5.245,
        -0.686,
        5.617,
        -0.686,
        1,
        5.995,
        -0.686,
        6.372,
        -0.461,
        6.75,
        0,
        1,
        7.122,
        0.454,
        7.495,
        0.686,
        7.867,
        0.686,
        1,
        8.245,
        0.686,
        8.622,
        0.457,
        9,
        0
      ]
    },
    {
      "Target": "Parameter",
      "Id": "Param152",
      "FadeInTime": -1.0,
      "FadeOutTime": -1.0,
      "Segments": [
        0,
        0.686,
        1,
        0.372,
        0.679,
        0.745,
        0.454,
        1.117,
        0,
        1,
        1.489,
        -0.454,
        1.861,
        -0.686,
        2.233,
        -0.686,
        1,
        2.611,
        -0.686,
        2.989,
        -0.457,
        3.367,
        0,
        1,
        3.745,
        0.457,
        4.122,
        0.686,
        4.5,
        0.686,
        1,
        4.872,
        0.686,
        5.245,
        0.454,
        5.617,
        0,
        1,
        5.995,
        -0.461,
        6.372,
        -0.686,
        6.75,
        -0.686,
        1,
        7.122,
        -0.686,
        7.495,
        -0.454,
        7.867,
        0,
        1,
        8.245,
        0.461,
        8.622,
        0.686,
        9,
        0.686
      ]
    },
    {
      "Target": "Parameter",
      "Id": "Param153",
      "FadeInTime": -1.0,
      "FadeOutTime": -1.0,
      "Segments": [
        0,
        -0.574,
        1,
        0.15,
        -0.704,
        0.3,
        -0.686,
        0.45,
        -0.686,
        1,
        0.822,
        -0.686,
        1.195,
        -0.454,
        1.567,
        0,
        1,
        1.945,
        0.461,
        2.322,
        0.686,
        2.7,
        0.686,
        1,
        3.078,
        0.686,
        3.455,
        0.461,
        3.833,
        0,
        1,
        4.205,
        -0.454,
        4.578,
        -0.686,
        4.95,
        -0.686,
        1,
        5.322,
        -0.686,
        5.695,
        -0.454,
        6.067,
        0,
        1,
        6.445,
        0.461,
        6.822,
        0.686,
        7.2,
        0.686,
        1,
        7.578,
        0.686,
        7.955,
        0.398,
        8.333,
        0,
        1,
        8.555,
        -0.234,
        8.778,
        -0.426,
        9,
        -0.574
      ]
    },
    {
      "Target": "Parameter",
      "Id": "Param154",
      "FadeInTime": -1.0,
      "FadeOutTime": -1.0,
      "Segments": [
        0,
        0.446,
        1,
        0.15,
        0.325,
        0.3,
        0.172,
        0.45,
        0,
        1,
        0.822,
        -0.428,
        1.195,
        -0.686,
        1.567,
        -0.686,
        1,
        1.945,
        -0.686,
        2.322,
        -0.457,
        2.7,
        0,
        1,
        3.078,
        0.457,
        3.455,
        0.686,
        3.833,
        0.686,
        1,
        4.205,
        0.686,
        4.578,
        0.457,
        4.95,
        0,
        1,
        5.322,
        -0.457,
        5.695,
        -0.686,
        6.067,
        -0.686,
        1,
        6.445,
        -0.686,
        6.822,
        -0.457,
        7.2,
        0,
        1,
        7.578,
        0.457,
        7.955,
        0.686,
        8.333,
        0.686,
        1,
        8.555,
        0.686,
        8.778,
        0.626,
        9,
        0.446
      ]
    },
    {
      "Target": "Parameter",
      "Id": "Param156",
      "FadeInTime": -1.0,
      "FadeOutTime": -1.0,
      "Segments": [
        0,
        0,
        2,
        4.067,
        0,
        2,
        4.083,
        0.5,
        2,
        5.433,
        0.5,
        2,
        5.45,
        0,
        2,
        9,
        0
      ]
    },
    {
      "Target": "Parameter",
      "Id": "Param157",
      "FadeInTime": -1.0,
      "FadeOutTime": -1.0,
      "Segments": [
        0,
        0,
        2,
        4.067,
        0,
        2,
        4.083,
        0.5,
        2,
        5.433,
        0.5,
        2,
        5.45,
        0,
        2,
        9,
        0
      ]
    },
    {
      "Target": "Parameter",
      "Id": "Param89",
      "FadeInTime": -1.0,
      "FadeOutTime": -1.0,
      "Segments": [
        0,
        -0.3,
        1,
        0.378,
        -0.3,
        0.755,
        -0.291,
        1.133,
        -0.163,
        1,
        1.505,
        -0.037,
        1.878,
        0.156,
        2.25,
        0.156,
        1,
        2.628,
        0.156,
        3.005,
        -0.034,
        3.383,
        -0.163,
        1,
        3.755,
        -0.291,
        4.128,
        -0.3,
        4.5,
        -0.3,
        1,
        4.878,
        -0.3,
        5.255,
        -0.291,
        5.633,
        -0.163,
        1,
        6.005,
        -0.037,
        6.378,
        0.156,
        6.75,
        0.156,
        1,
        7.128,
        0.156,
        7.505,
        -0.034,
        7.883,
        -0.163,
        1,
        8.255,
        -0.291,
        8.628,
        -0.3,
        9,
        -0.3
      ]
    },
    {
      "Target": "Parameter",
      "Id": "Param91",
      "FadeInTime": -1.0,
      "FadeOutTime": -1.0,
      "Segments": [
        0,
        0.1,
        1,
        0.378,
        -0.169,
        0.755,
        -0.395,
        1.133,
        -0.395,
        1,
        1.505,
        -0.395,
        1.878,
        -0.274,
        2.25,
        0,
        1,
        2.628,
        0.278,
        3.005,
        0.434,
        3.383,
        0.434,
        1,
        3.755,
        0.434,
        4.128,
        0.365,
        4.5,
        0.1,
        1,
        4.878,
        -0.169,
        5.255,
        -0.395,
        5.633,
        -0.395,
        1,
        6.005,
        -0.395,
        6.378,
        -0.274,
        6.75,
        0,
        1,
        7.128,
        0.278,
        7.505,
        0.434,
        7.883,
        0.434,
        1,
        8.255,
        0.434,
        8.628,
        0.365,
        9,
        0.1
      ]
    },
    {
      "Target": "Parameter",
      "Id": "Param87",
      "FadeInTime": -1.0,
      "FadeOutTime": -1.0,
      "Segments": [
        0,
        0,
        1,
        0.194,
        -0.058,
        0.389,
        -0.325,
        0.583,
        -0.325,
        0,
        2.817,
        0.3,
        0,
        4.9,
        -0.3,
        0,
        7.317,
        0.2,
        1,
        7.878,
        0.2,
        8.439,
        0.167,
        9,
        0
      ]
    },
    {
      "Target": "Parameter",
      "Id": "Param88",
      "FadeInTime": -1.0,
      "FadeOutTime": -1.0,
      "Segments": [
        0,
        0,
        0,
        1.317,
        -0.3,
        0,
        3.167,
        0.3,
        0,
        4.9,
        -0.213,
        0,
        6.383,
        0.7,
        0,
        8.1,
        -0.2,
        0,
        9,
        0
      ]
    },
    {
      "Target": "Parameter",
      "Id": "Param158",
      "FadeInTime": -1.0,
      "FadeOutTime": -1.0,
      "Segments": [
        0,
        0,
        2,
        3.783,
        0,
        0,
        4.133,
        -0.602,
        0,
        4.583,
        0.7,
        0,
        5.017,
        -0.6,
        0,
        5.567,
        0.5,
        0,
        6.167,
        0,
        2,
        9,
        0
      ]
    },
    {
      "Target": "Parameter",
      "Id": "Param155",
      "FadeInTime": -1.0,
      "FadeOutTime": -1.0,
      "Segments": [
        0,
        0,
        2,
        3.45,
        0,
        0,
        3.983,
        1,
        0,
        4.35,
        -1,
        0,
        4.817,
        1,
        0,
        5.3,
        -1,
        0,
        5.867,
        0.5,
        0,
        6.517,
        0,
        2,
        9,
        0
      ]
    },
    {
      "Target": "Parameter",
      "Id": "Param48",
      "FadeInTime": -1.0,
      "FadeOutTime": -1.0,
      "Segments": [
        0,
        0,
        2,
        6.367,
        0,
        2,
        6.383,
        1,
        2,
        7.267,
        1,
        2,
        7.283,
        0,
        2,
        9,
        0
      ]
    },
    {
      "Target": "Parameter",
      "Id": "Param53",
      "FadeInTime": -1.0,
      "FadeOutTime": -1.0,
      "Segments": [
        0,
        0,
        2,
        6.367,
        0,
        2,
        6.383,
        1,
        2,
        7.267,
        1,
        2,
        7.283,
        0,
        2,
        9,
        0
      ]
    },
    {
      "Target": "Parameter",
      "Id": "Param130",
      "FadeInTime": -1.0,
      "FadeOutTime": -1.0,
      "Segments": [
        0,
        0,
        0,
        1.133,
        -0.554,
        1,
        1.505,
        -0.554,
        1.878,
        -0.367,
        2.25,
        0,
        1,
        2.628,
        0.372,
        3.005,
        0.554,
        3.383,
        0.554,
        1,
        3.755,
        0.554,
        4.128,
        0.367,
        4.5,
        0,
        1,
        4.878,
        -0.372,
        5.255,
        -0.554,
        5.633,
        -0.554,
        1,
        6.005,
        -0.554,
        6.378,
        -0.367,
        6.75,
        0,
        1,
        7.128,
        0.372,
        7.505,
        0.554,
        7.883,
        0.554,
        0,
        9,
        0
      ]
    },
    {
      "Target": "Parameter",
      "Id": "Param113",
      "FadeInTime": -1.0,
      "FadeOutTime": -1.0,
      "Segments": [
        0,
        0.554,
        1,
        0.378,
        0.554,
        0.755,
        0.372,
        1.133,
        0,
        1,
        1.505,
        -0.367,
        1.878,
        -0.554,
        2.25,
        -0.554,
        1,
        2.628,
        -0.554,
        3.005,
        -0.372,
        3.383,
        0,
        1,
        3.755,
        0.367,
        4.128,
        0.554,
        4.5,
        0.554,
        1,
        4.878,
        0.554,
        5.255,
        0.372,
        5.633,
        0,
        1,
        6.005,
        -0.367,
        6.378,
        -0.554,
        6.75,
        -0.554,
        1,
        7.128,
        -0.554,
        7.505,
        -0.372,
        7.883,
        0,
        1,
        8.255,
        0.367,
        8.628,
        0.554,
        9,
        0.554
      ]
    },
    {
      "Target": "Parameter",
      "Id": "Param136",
      "FadeInTime": -1.0,
      "FadeOutTime": -1.0,
      "Segments": [
        0,
        0,
        2,
        0.717,
        0,
        0,
        1.367,
        0.3,
        0,
        1.5,
        -0.304,
        0,
        1.633,
        0.3,
        0,
        1.8,
        -0.304,
        0,
        1.883,
        0.156,
        0,
        1.917,
        0,
        2,
        2,
        0,
        2,
        2.183,
        0,
        0,
        3.2,
        0.5,
        0,
        4.683,
        -0.4,
        0,
        9,
        0
      ]
    },
    {
      "Target": "Parameter",
      "Id": "Param137",
      "FadeInTime": -1.0,
      "FadeOutTime": -1.0,
      "Segments": [
        0,
        0,
        2,
        1.217,
        0,
        0,
        1.4,
        1,
        0,
        1.567,
        -0.5,
        0,
        1.767,
        0.5,
        0,
        1.85,
        -0.4,
        0,
        2.05,
        0.2,
        0,
        2.183,
        0,
        2,
        2.65,
        0,
        2,
        6.383,
        0,
        0,
        6.567,
        1,
        0,
        6.733,
        -0.5,
        0,
        6.933,
        0.5,
        0,
        7.017,
        -0.4,
        0,
        7.217,
        0.2,
        0,
        7.35,
        0,
        2,
        9,
        0
      ]
    },
    {
      "Target": "Parameter",
      "Id": "Param96",
      "FadeInTime": -1.0,
      "FadeOutTime": -1.0,
      "Segments": [
        0,
        0,
        2,
        0.033,
        0,
        2,
        0.4,
        0,
        0,
        0.9,
        -0.2,
        2,
        1.533,
        -0.2,
        0,
        2.25,
        0,
        1,
        3.45,
        0,
        4.65,
        -0.133,
        5.85,
        -0.5,
        1,
        5.989,
        -0.542,
        6.128,
        -1,
        6.267,
        -1,
        0,
        7.133,
        1,
        0,
        8,
        -0.2,
        0,
        8.6,
        0,
        2,
        9,
        0
      ]
    },
    {
      "Target": "Parameter",
      "Id": "Param95",
      "FadeInTime": -1.0,
      "FadeOutTime": -1.0,
      "Segments": [
        0,
        0,
        2,
        0.017,
        0,
        2,
        0.4,
        0,
        0,
        0.9,
        -0.7,
        1,
        1.111,
        -0.7,
        1.322,
        -0.717,
        1.533,
        -0.6,
        1,
        1.772,
        -0.467,
        2.011,
        0,
        2.25,
        0,
        2,
        9,
        0
      ]
    },
    {
      "Target": "Parameter",
      "Id": "Param_Angle_Rotation_1_yqjidaimao",
      "FadeInTime": -1.0,
      "FadeOutTime": -1.0,
      "Segments": [
        0,
        -2.228,
        0,
        1.15,
        -13.725,
        1,
        1.428,
        -13.725,
        1.705,
        -9.513,
        1.983,
        0,
        1,
        2.239,
        8.752,
        2.494,
        13.725,
        2.75,
        13.725,
        0,
        3.583,
        0,
        2,
        4.383,
        0,
        1,
        4.522,
        0,
        4.661,
        0.023,
        4.8,
        -2.228,
        1,
        5.183,
        -8.442,
        5.567,
        -13.725,
        5.95,
        -13.725,
        1,
        6.228,
        -13.725,
        6.505,
        -9.513,
        6.783,
        0,
        1,
        7.039,
        8.752,
        7.294,
        13.725,
        7.55,
        13.725,
        0,
        9,
        -2.228
      ]
    },
    {
      "Target": "Parameter",
      "Id": "Param_Angle_Rotation_2_yqjidaimao",
      "FadeInTime": -1.0,
      "FadeOutTime": -1.0,
      "Segments": [
        0,
        0,
        0,
        1.567,
        -13.725,
        1,
        1.845,
        -13.725,
        2.122,
        -9.513,
        2.4,
        0,
        1,
        2.656,
        8.752,
        2.911,
        13.725,
        3.167,
        13.725,
        0,
        4,
        0,
        2,
        4.8,
        0,
        0,
        6.367,
        -13.725,
        1,
        6.645,
        -13.725,
        6.922,
        -9.513,
        7.2,
        0,
        1,
        7.456,
        8.752,
        7.711,
        13.725,
        7.967,
        13.725,
        0,
        9,
        0
      ]
    },
    {
      "Target": "Parameter",
      "Id": "Param_Angle_Rotation_3_yqjidaimao",
      "FadeInTime": -1.0,
      "FadeOutTime": -1.0,
      "Segments": [
        0,
        0,
        0,
        0.6,
        17.325,
        1,
        0.789,
        17.325,
        0.978,
        10.728,
        1.167,
        0,
        1,
        1.422,
        -14.514,
        1.678,
        -20.7,
        1.933,
        -20.7,
        1,
        2.211,
        -20.7,
        2.489,
        -14.075,
        2.767,
        0,
        1,
        3.034,
        13.512,
        3.3,
        20.7,
        3.567,
        20.7,
        0,
        4.367,
        0,
        2,
        4.8,
        0,
        0,
        5.4,
        17.325,
        1,
        5.589,
        17.325,
        5.778,
        10.728,
        5.967,
        0,
        1,
        6.222,
        -14.514,
        6.478,
        -20.7,
        6.733,
        -20.7,
        0,
        7.567,
        0,
        2,
        9,
        0
      ]
    },
    {
      "Target": "Parameter",
      "Id": "Param_Angle_Rotation_4_yqjidaimao",
      "FadeInTime": -1.0,
      "FadeOutTime": -1.0,
      "Segments": [
        0,
        0,
        0,
        0.767,
        27.585,
        1,
        1.034,
        27.585,
        1.3,
        18.006,
        1.567,
        0,
        1,
        1.845,
        -18.756,
        2.122,
        -27.585,
        2.4,
        -27.585,
        1,
        2.656,
        -27.585,
        2.911,
        -17.589,
        3.167,
        0,
        1,
        3.445,
        19.118,
        3.722,
        27.585,
        4,
        27.585,
        0,
        4.8,
        0,
        0,
        5.567,
        27.585,
        1,
        5.834,
        27.585,
        6.1,
        18.006,
        6.367,
        0,
        1,
        6.645,
        -18.756,
        6.922,
        -27.585,
        7.2,
        -27.585,
        0,
        7.967,
        0,
        2,
        9,
        0
      ]
    },
    {
      "Target": "Parameter",
      "Id": "Param_Angle_Rotation_5_yqjidaimao",
      "FadeInTime": -1.0,
      "FadeOutTime": -1.0,
      "Segments": [
        0,
        0,
        0,
        1.033,
        27.585,
        1,
        1.289,
        27.585,
        1.544,
        17.589,
        1.8,
        0,
        1,
        2.078,
        -19.118,
        2.355,
        -27.585,
        2.633,
        -27.585,
        1,
        2.9,
        -27.585,
        3.166,
        -18.772,
        3.433,
        0,
        1,
        3.689,
        17.989,
        3.944,
        27.585,
        4.2,
        27.585,
        0,
        4.8,
        0,
        0,
        5.833,
        27.585,
        1,
        6.089,
        27.585,
        6.344,
        17.589,
        6.6,
        0,
        1,
        6.878,
        -19.118,
        7.155,
        -27.585,
        7.433,
        -27.585,
        0,
        9,
        0
      ]
    },
    {
      "Target": "Parameter",
      "Id": "Param138",
      "FadeInTime": -1.0,
      "FadeOutTime": -1.0,
      "Segments": [
        0,
        0,
        0,
        1.133,
        -0.554,
        1,
        1.505,
        -0.554,
        1.878,
        -0.367,
        2.25,
        0,
        1,
        2.628,
        0.372,
        3.005,
        0.554,
        3.383,
        0.554,
        0,
        4.5,
        0,
        2,
        4.8,
        0,
        0,
        5.933,
        -0.554,
        0,
        7.05,
        0,
        2,
        9,
        0
      ]
    },
    {
      "Target": "Parameter",
      "Id": "Param144",
      "FadeInTime": -1.0,
      "FadeOutTime": -1.0,
      "Segments": [
        0,
        0.554,
        1,
        0.378,
        0.554,
        0.755,
        0.372,
        1.133,
        0,
        1,
        1.505,
        -0.367,
        1.878,
        -0.554,
        2.25,
        -0.554,
        1,
        2.628,
        -0.554,
        3.005,
        -0.372,
        3.383,
        0,
        1,
        3.755,
        0.367,
        4.128,
        0.554,
        4.5,
        0.554,
        2,
        4.8,
        0.554,
        1,
        5.178,
        0.554,
        5.555,
        0.372,
        5.933,
        0,
        1,
        6.305,
        -0.367,
        6.678,
        -0.554,
        7.05,
        -0.554,
        0,
        9,
        0.554
      ]
    },
    {
      "Target": "Parameter",
      "Id": "Param145",
      "FadeInTime": -1.0,
      "FadeOutTime": -1.0,
      "Segments": [
        0,
        0.072,
        0,
        1.1,
        0.3,
        0,
        3.183,
        -0.3,
        1,
        3.722,
        -0.3,
        4.261,
        -0.165,
        4.8,
        0.072,
        1,
        5.167,
        0.234,
        5.533,
        0.3,
        5.9,
        0.3,
        0,
        7.65,
        -0.3,
        0,
        9,
        0.072
      ]
    },
    {
      "Target": "Parameter",
      "Id": "Param146",
      "FadeInTime": -1.0,
      "FadeOutTime": -1.0,
      "Segments": [
        0,
        0.7,
        1,
        0.483,
        0.7,
        0.967,
        0.577,
        1.45,
        0.3,
        1,
        2.028,
        -0.031,
        2.605,
        -0.213,
        3.183,
        -0.213,
        0,
        4.8,
        0.7,
        1,
        5.283,
        0.7,
        5.767,
        0.604,
        6.25,
        0.3,
        1,
        6.717,
        0.007,
        7.183,
        -0.213,
        7.65,
        -0.213,
        0,
        9,
        0.7
      ]
    }
  ],
  "UserData": [
    {
      "Time": 0.0,
      "Value": ""
    }
  ]
}