{
  "Version": 3,
  "Parameters": [
    {
      "Id": "AIXIN",
      "GroupId": "",
      "Name": "爱心"
    },
    {
      "Id": "AIXIN2",
      "GroupId": "",
      "Name": "眼泪"
    },
    {
      "Id": "baiqidonghua",
      "GroupId": "",
      "Name": "白气动画"
    },
    {
      "Id": "bfzth",
      "GroupId": "",
      "Name": "播放暂停切换"
    },
    {
      "Id": "bjtmd",
      "GroupId": "",
      "Name": "背景tmd"
    },
    {
      "Id": "bssh",
      "GroupId": "",
      "Name": "白色散花"
    },
    {
      "Id": "bsshbtmd",
      "GroupId": "",
      "Name": "白色散花 不透明度"
    },
    {
      "Id": "bsshces2",
      "GroupId": "",
      "Name": "白色散花ces2"
    },
    {
      "Id": "bsshcews",
      "GroupId": "",
      "Name": "白色散花ces"
    },
    {
      "Id": "cmkduv",
      "GroupId": "",
      "Name": "身体框都移出"
    },
    {
      "Id": "czwl",
      "GroupId": "",
      "Name": "车震X"
    },
    {
      "Id": "czwl2",
      "GroupId": "",
      "Name": "车震Y"
    },
    {
      "Id": "dbxzx",
      "GroupId": "",
      "Name": "大臂修正X"
    },
    {
      "Id": "dbxzx2",
      "GroupId": "",
      "Name": "大臂修正Y"
    },
    {
      "Id": "DJSBTMD",
      "GroupId": "",
      "Name": "待机手臂tmd"
    },
    {
      "Id": "djwlkg",
      "GroupId": "",
      "Name": "待机物理开关"
    },
    {
      "Id": "DUQI",
      "GroupId": "",
      "Name": "赌气"
    },
    {
      "Id": "EYEB",
      "GroupId": "",
      "Name": "眼睛形状B"
    },
    {
      "Id": "EYEL",
      "GroupId": "",
      "Name": "左眼形状"
    },
    {
      "Id": "EYER",
      "GroupId": "",
      "Name": "右眼形状"
    },
    {
      "Id": "fmqh",
      "GroupId": "",
      "Name": "封面切换"
    },
    {
      "Id": "fxpzy",
      "GroupId": "",
      "Name": "方向盘左右"
    },
    {
      "Id": "guanghuan",
      "GroupId": "",
      "Name": "信封出现特效"
    },
    {
      "Id": "hjlc",
      "GroupId": "",
      "Name": "黄鸡拉长"
    },
    {
      "Id": "hjtmd",
      "GroupId": "",
      "Name": "黄鸡tmd"
    },
    {
      "Id": "hltmd",
      "GroupId": "",
      "Name": "黑脸tmd"
    },
    {
      "Id": "jjx",
      "GroupId": "",
      "Name": "夹鸡X"
    },
    {
      "Id": "jjx2",
      "GroupId": "",
      "Name": "夹鸡Y"
    },
    {
      "Id": "KOUSHUI",
      "GroupId": "",
      "Name": "口水"
    },
    {
      "Id": "koushuichangduan",
      "GroupId": "",
      "Name": "口水长短"
    },
    {
      "Id": "koushuijiaodu",
      "GroupId": "",
      "Name": "口水角度"
    },
    {
      "Id": "koushuishangxia",
      "GroupId": "",
      "Name": "口水上下"
    },
    {
      "Id": "koushuiyaobai",
      "GroupId": "",
      "Name": "口水摇摆"
    },
    {
      "Id": "koushuizuoyou",
      "GroupId": "",
      "Name": "口水左右"
    },
    {
      "Id": "ldrq",
      "GroupId": "",
      "Name": "冷淡-热情"
    },
    {
      "Id": "ldrq2",
      "GroupId": "",
      "Name": "冷淡2-热情2"
    },
    {
      "Id": "lhwl1",
      "GroupId": "",
      "Name": "刘海物理1"
    },
    {
      "Id": "lhwl10",
      "GroupId": "",
      "Name": "鬓角物理5"
    },
    {
      "Id": "lhwl11",
      "GroupId": "",
      "Name": "鬓角物理1（L）"
    },
    {
      "Id": "lhwl12",
      "GroupId": "",
      "Name": "鬓角物理2（L）"
    },
    {
      "Id": "lhwl13",
      "GroupId": "",
      "Name": "鬓角物理3（L）"
    },
    {
      "Id": "lhwl14",
      "GroupId": "",
      "Name": "鬓角物理4（L）"
    },
    {
      "Id": "lhwl15",
      "GroupId": "",
      "Name": "鬓角物理5（L）"
    },
    {
      "Id": "lhwl2",
      "GroupId": "",
      "Name": "刘海物理2"
    },
    {
      "Id": "lhwl3",
      "GroupId": "",
      "Name": "刘海物理3"
    },
    {
      "Id": "lhwl4",
      "GroupId": "",
      "Name": "刘海物理4"
    },
    {
      "Id": "lhwl5",
      "GroupId": "",
      "Name": "刘海物理5"
    },
    {
      "Id": "lhwl6",
      "GroupId": "",
      "Name": "鬓角物理1"
    },
    {
      "Id": "lhwl7",
      "GroupId": "",
      "Name": "鬓角物理2"
    },
    {
      "Id": "lhwl8",
      "GroupId": "",
      "Name": "鬓角物理3"
    },
    {
      "Id": "lhwl9",
      "GroupId": "",
      "Name": "鬓角物理4"
    },
    {
      "Id": "Ljianshangxia",
      "GroupId": "",
      "Name": "L肩上下"
    },
    {
      "Id": "lkk",
      "GroupId": "",
      "Name": "拉裤裤"
    },
    {
      "Id": "Lopjydx",
      "GroupId": "",
      "Name": "L欧派挤压大小"
    },
    {
      "Id": "Lopjydx2",
      "GroupId": "",
      "Name": "R欧派挤压大小"
    },
    {
      "Id": "Ltuixz",
      "GroupId": "",
      "Name": "L腿旋转"
    },
    {
      "Id": "Ltuixz2",
      "GroupId": "",
      "Name": "L小腿旋转"
    },
    {
      "Id": "Ltuixz3",
      "GroupId": "",
      "Name": "Ljio"
    },
    {
      "Id": "Ltuixz4",
      "GroupId": "",
      "Name": "R腿旋转"
    },
    {
      "Id": "lysdbl",
      "GroupId": "",
      "Name": "懒腰手L大臂"
    },
    {
      "Id": "lysdbl2",
      "GroupId": "",
      "Name": "懒腰手L小臂"
    },
    {
      "Id": "lysrdb",
      "GroupId": "",
      "Name": "懒腰手R大臂"
    },
    {
      "Id": "lysrdb2",
      "GroupId": "",
      "Name": "懒腰手R小臂"
    },
    {
      "Id": "MB_Awutidaxiao",
      "GroupId": "",
      "Name": "A物体大小"
    },
    {
      "Id": "MB_Awutifanzhuan",
      "GroupId": "",
      "Name": "A物体翻转"
    },
    {
      "Id": "MB_Awutijiaodu",
      "GroupId": "",
      "Name": "A物体角度"
    },
    {
      "Id": "MB_Bwutidaxiao",
      "GroupId": "",
      "Name": "B物体大小"
    },
    {
      "Id": "MB_Bwutifanzhuan",
      "GroupId": "",
      "Name": "B物体翻转"
    },
    {
      "Id": "MB_Bwutijiaodu",
      "GroupId": "",
      "Name": "B物体角度"
    },
    {
      "Id": "MB_Cwutidaxiao",
      "GroupId": "",
      "Name": "C物体大小"
    },
    {
      "Id": "MB_Cwutifanzhuan",
      "GroupId": "",
      "Name": "C物体翻转"
    },
    {
      "Id": "MB_Cwutijiaodu",
      "GroupId": "",
      "Name": "C物体角度"
    },
    {
      "Id": "MB_hudiechiban",
      "GroupId": "",
      "Name": "MB_蝴蝶翅膀"
    },
    {
      "Id": "MB_hudiedaxiao",
      "GroupId": "",
      "Name": "MB_蝴蝶大小"
    },
    {
      "Id": "MB_hudiejiaodu",
      "GroupId": "",
      "Name": "MB_蝴蝶角度"
    },
    {
      "Id": "MB_hudieshangxia",
      "GroupId": "",
      "Name": "MB_蝴蝶上下"
    },
    {
      "Id": "MB_hudietoumingdu",
      "GroupId": "",
      "Name": "MB_蝴蝶透明度"
    },
    {
      "Id": "MB_hudietoushi",
      "GroupId": "",
      "Name": "MB_蝴蝶透视"
    },
    {
      "Id": "MB_hudiexuanzhuan",
      "GroupId": "",
      "Name": "MB_蝴蝶旋转"
    },
    {
      "Id": "MB_hudiezuoyou",
      "GroupId": "",
      "Name": "MB_蝴蝶左右"
    },
    {
      "Id": "MB_wutixialuojiaodu",
      "GroupId": "",
      "Name": "物体下落角度"
    },
    {
      "Id": "MB_wutixialuoxunhuan",
      "GroupId": "",
      "Name": "物体下落循环"
    },
    {
      "Id": "MB_xingfengTMD",
      "GroupId": "",
      "Name": "信封透明度"
    },
    {
      "Id": "MB_xingfengyaobai",
      "GroupId": "",
      "Name": "信封摇摆"
    },
    {
      "Id": "mhygq",
      "GroupId": "",
      "Name": "模糊雨刮器"
    },
    {
      "Id": "mhygq2",
      "GroupId": "",
      "Name": "模糊雨刮器大小"
    },
    {
      "Id": "mhygqx",
      "GroupId": "",
      "Name": "模糊雨刮器X"
    },
    {
      "Id": "mhygqx2",
      "GroupId": "",
      "Name": "模糊雨刮器Y"
    },
    {
      "Id": "mtdbtmd",
      "GroupId": "",
      "Name": "摸腿大臂tmd"
    },
    {
      "Id": "mtdbtmd2",
      "GroupId": "",
      "Name": "摸腿小臂tmd"
    },
    {
      "Id": "mwwl1",
      "GroupId": "",
      "Name": "马尾物理1"
    },
    {
      "Id": "mwwl10",
      "GroupId": "",
      "Name": "马尾物理5R"
    },
    {
      "Id": "mwwl2",
      "GroupId": "",
      "Name": "马尾物理2"
    },
    {
      "Id": "mwwl3",
      "GroupId": "",
      "Name": "马尾物理3"
    },
    {
      "Id": "mwwl4",
      "GroupId": "",
      "Name": "马尾物理4"
    },
    {
      "Id": "mwwl5",
      "GroupId": "",
      "Name": "马尾物理5"
    },
    {
      "Id": "mwwl6",
      "GroupId": "",
      "Name": "马尾物理1R"
    },
    {
      "Id": "mwwl7",
      "GroupId": "",
      "Name": "马尾物理2R"
    },
    {
      "Id": "mwwl8",
      "GroupId": "",
      "Name": "马尾物理3R"
    },
    {
      "Id": "mwwl9",
      "GroupId": "",
      "Name": "马尾物理4R"
    },
    {
      "Id": "opjyyy",
      "GroupId": "",
      "Name": "欧派挤压YY-tmd"
    },
    {
      "Id": "Param",
      "GroupId": "",
      "Name": "嘴巴宽窄"
    },
    {
      "Id": "Param115",
      "GroupId": "",
      "Name": "黄鸡眼切"
    },
    {
      "Id": "Param12",
      "GroupId": "",
      "Name": "黄鸡冒汗1"
    },
    {
      "Id": "Param13",
      "GroupId": "",
      "Name": "黄鸡冒汗2"
    },
    {
      "Id": "Param130",
      "GroupId": "",
      "Name": "黄鸡眼转"
    },
    {
      "Id": "Param14",
      "GroupId": "",
      "Name": "黄鸡冒汗3"
    },
    {
      "Id": "Param144",
      "GroupId": "",
      "Name": "信封R"
    },
    {
      "Id": "Param145",
      "GroupId": "",
      "Name": "信封E"
    },
    {
      "Id": "Param162",
      "GroupId": "",
      "Name": "黄鸡表情上下"
    },
    {
      "Id": "Param2",
      "GroupId": "",
      "Name": "人tmd"
    },
    {
      "Id": "Param26",
      "GroupId": "",
      "Name": "黄鸡呆毛x"
    },
    {
      "Id": "Param27",
      "GroupId": "",
      "Name": "胸下黄鸡压"
    },
    {
      "Id": "Param30",
      "GroupId": "",
      "Name": "黄鸡x"
    },
    {
      "Id": "Param31",
      "GroupId": "",
      "Name": "黄鸡呆毛y"
    },
    {
      "Id": "Param52",
      "GroupId": "",
      "Name": "黄鸡左手"
    },
    {
      "Id": "Param72",
      "GroupId": "",
      "Name": "嘴起"
    },
    {
      "Id": "Param93",
      "GroupId": "",
      "Name": "胸下黄鸡扭x"
    },
    {
      "Id": "Param94",
      "GroupId": "",
      "Name": "胸下黄鸡扭y"
    },
    {
      "Id": "ParamAngleX",
      "GroupId": "",
      "Name": "角度 X"
    },
    {
      "Id": "ParamAngleY",
      "GroupId": "",
      "Name": "角度 Y"
    },
    {
      "Id": "ParamAngleZ",
      "GroupId": "",
      "Name": "角度 Z"
    },
    {
      "Id": "ParamAngleZA",
      "GroupId": "",
      "Name": "角度ZA"
    },
    {
      "Id": "ParamAngleZB",
      "GroupId": "",
      "Name": "角度ZB"
    },
    {
      "Id": "ParamBodyAngleX",
      "GroupId": "",
      "Name": "身体旋转　X"
    },
    {
      "Id": "ParamBodyAngleX1",
      "GroupId": "",
      "Name": "身体旋转　X"
    },
    {
      "Id": "ParamBodyAngleY",
      "GroupId": "",
      "Name": "身体旋转　Y"
    },
    {
      "Id": "ParamBodyAngleY1",
      "GroupId": "",
      "Name": "身体旋转　Y"
    },
    {
      "Id": "ParamBodyAngleY2",
      "GroupId": "",
      "Name": "身体旋转　压缩"
    },
    {
      "Id": "ParamBodyAngleZ",
      "GroupId": "",
      "Name": "身体旋转　Z"
    },
    {
      "Id": "ParamBrowLAngle",
      "GroupId": "",
      "Name": "左眉　角度"
    },
    {
      "Id": "ParamBrowLForm",
      "GroupId": "",
      "Name": "左眉　変形"
    },
    {
      "Id": "ParamBrowLX",
      "GroupId": "",
      "Name": "左眉　左右"
    },
    {
      "Id": "ParamBrowLY",
      "GroupId": "",
      "Name": "左眉上下"
    },
    {
      "Id": "ParamBrowRAngle",
      "GroupId": "",
      "Name": "右眉　角度"
    },
    {
      "Id": "ParamBrowRForm",
      "GroupId": "",
      "Name": "右眉　変形"
    },
    {
      "Id": "ParamBrowRX",
      "GroupId": "",
      "Name": "右眉　左右"
    },
    {
      "Id": "ParamBrowRY",
      "GroupId": "",
      "Name": "右眉　上下"
    },
    {
      "Id": "ParamCheek",
      "GroupId": "",
      "Name": "脸颊泛红"
    },
    {
      "Id": "ParamEyeBallX",
      "GroupId": "",
      "Name": "眼珠 X"
    },
    {
      "Id": "ParamEyeBallY",
      "GroupId": "",
      "Name": "眼珠 Y"
    },
    {
      "Id": "ParamEyeBall_lightA",
      "GroupId": "",
      "Name": "眼-高光A"
    },
    {
      "Id": "ParamEyeBall_lightB",
      "GroupId": "",
      "Name": "眼-高光B"
    },
    {
      "Id": "ParamEyeLOpen",
      "GroupId": "",
      "Name": "左眼　开闭"
    },
    {
      "Id": "ParamEyeLSmile",
      "GroupId": "",
      "Name": "左眼　微笑"
    },
    {
      "Id": "ParamEyeROpen",
      "GroupId": "",
      "Name": "右眼"
    },
    {
      "Id": "ParamEyeRSmile",
      "GroupId": "",
      "Name": "右眼　微笑"
    },
    {
      "Id": "ParamMouthForm",
      "GroupId": "",
      "Name": "嘴　变形"
    },
    {
      "Id": "ParamMouthOpenY",
      "GroupId": "",
      "Name": "嘴　张开和闭合"
    },
    {
      "Id": "ParamMouthX",
      "GroupId": "",
      "Name": "嘴左右"
    },
    {
      "Id": "Paramring",
      "GroupId": "",
      "Name": "誓约戒指"
    },
    {
      "Id": "Paramtouch_idle1",
      "GroupId": "",
      "Name": "TouchIdle1"
    },
    {
      "Id": "Paramtouch_idle10",
      "GroupId": "",
      "Name": "TouchIdle10"
    },
    {
      "Id": "Paramtouch_idle11",
      "GroupId": "",
      "Name": "TouchIdle11"
    },
    {
      "Id": "Paramtouch_idle12",
      "GroupId": "",
      "Name": "TouchIdle12"
    },
    {
      "Id": "Paramtouch_idle13",
      "GroupId": "",
      "Name": "TouchIdle13"
    },
    {
      "Id": "Paramtouch_idle14",
      "GroupId": "",
      "Name": "TouchIdle14"
    },
    {
      "Id": "Paramtouch_idle15",
      "GroupId": "",
      "Name": "TouchIdle15"
    },
    {
      "Id": "Paramtouch_idle16",
      "GroupId": "",
      "Name": "TouchIdle16"
    },
    {
      "Id": "Paramtouch_idle17",
      "GroupId": "",
      "Name": "TouchIdle17"
    },
    {
      "Id": "Paramtouch_idle18",
      "GroupId": "",
      "Name": "TouchIdle18"
    },
    {
      "Id": "Paramtouch_idle19",
      "GroupId": "",
      "Name": "TouchIdle19"
    },
    {
      "Id": "Paramtouch_idle2",
      "GroupId": "",
      "Name": "TouchIdle2"
    },
    {
      "Id": "Paramtouch_idle20",
      "GroupId": "",
      "Name": "TouchIdle20"
    },
    {
      "Id": "Paramtouch_idle21",
      "GroupId": "",
      "Name": "TouchIdle21"
    },
    {
      "Id": "Paramtouch_idle22",
      "GroupId": "",
      "Name": "TouchIdle22"
    },
    {
      "Id": "Paramtouch_idle23",
      "GroupId": "",
      "Name": "TouchIdle23"
    },
    {
      "Id": "Paramtouch_idle24",
      "GroupId": "",
      "Name": "TouchIdle24"
    },
    {
      "Id": "Paramtouch_idle3",
      "GroupId": "",
      "Name": "TouchIdle3"
    },
    {
      "Id": "Paramtouch_idle4",
      "GroupId": "",
      "Name": "TouchIdle4"
    },
    {
      "Id": "Paramtouch_idle5",
      "GroupId": "",
      "Name": "TouchIdle5"
    },
    {
      "Id": "Paramtouch_idle6",
      "GroupId": "",
      "Name": "TouchIdle6"
    },
    {
      "Id": "Paramtouch_idle7",
      "GroupId": "",
      "Name": "TouchIdle7"
    },
    {
      "Id": "Paramtouch_idle8",
      "GroupId": "",
      "Name": "TouchIdle8"
    },
    {
      "Id": "Paramtouch_idle9",
      "GroupId": "",
      "Name": "TouchIdle9"
    },
    {
      "Id": "pgszhjd",
      "GroupId": "",
      "Name": "屁股手抓痕角度"
    },
    {
      "Id": "pigushouzhuahenshendu",
      "GroupId": "",
      "Name": "屁股手抓痕深度"
    },
    {
      "Id": "ppyztmd",
      "GroupId": "",
      "Name": "pp印子tmd"
    },
    {
      "Id": "ppyztmd2",
      "GroupId": "",
      "Name": "pp手掌印tmd"
    },
    {
      "Id": "qswlx",
      "GroupId": "",
      "Name": "身体物理X"
    },
    {
      "Id": "qswlx2",
      "GroupId": "",
      "Name": "上身Ywuli"
    },
    {
      "Id": "qswlx3",
      "GroupId": "",
      "Name": "身体物理y"
    },
    {
      "Id": "qswlx4",
      "GroupId": "",
      "Name": "身体物理A"
    },
    {
      "Id": "qsy",
      "GroupId": "",
      "Name": "全身Y"
    },
    {
      "Id": "renxz",
      "GroupId": "",
      "Name": "人旋转"
    },
    {
      "Id": "renxz2",
      "GroupId": "",
      "Name": "人X"
    },
    {
      "Id": "renxz3",
      "GroupId": "",
      "Name": "人y"
    },
    {
      "Id": "rjianshangxia2",
      "GroupId": "",
      "Name": "R肩上下"
    },
    {
      "Id": "scsbqh",
      "GroupId": "",
      "Name": "伸出手大臂切换"
    },
    {
      "Id": "scsbqh2",
      "GroupId": "",
      "Name": "伸出手小臂切换"
    },
    {
      "Id": "shpc",
      "GroupId": "",
      "Name": "水花喷出L"
    },
    {
      "Id": "shpc2",
      "GroupId": "",
      "Name": "水花喷出R"
    },
    {
      "Id": "shuiliu",
      "GroupId": "",
      "Name": "水流"
    },
    {
      "Id": "sq",
      "GroupId": "",
      "Name": "生气"
    },
    {
      "Id": "swch",
      "GroupId": "",
      "Name": "水雾车窗"
    },
    {
      "Id": "swch2",
      "GroupId": "",
      "Name": "白气爱心"
    },
    {
      "Id": "syxs",
      "GroupId": "",
      "Name": "手印消失"
    },
    {
      "Id": "tbzwl",
      "GroupId": "",
      "Name": "臀部Z物理"
    },
    {
      "Id": "TouchDrag12wy",
      "GroupId": "",
      "Name": "TouchDrag12"
    },
    {
      "Id": "TouchDrag1wy",
      "GroupId": "",
      "Name": "TouchIdle1"
    },
    {
      "Id": "TouchDrag1wy10",
      "GroupId": "",
      "Name": "TouchIdle10"
    },
    {
      "Id": "TouchDrag1wy11",
      "GroupId": "",
      "Name": "TouchIdle11"
    },
    {
      "Id": "TouchDrag1wy12",
      "GroupId": "",
      "Name": "TouchIdle12"
    },
    {
      "Id": "TouchDrag1wy13",
      "GroupId": "",
      "Name": "TouchIdle13"
    },
    {
      "Id": "TouchDrag1wy14",
      "GroupId": "",
      "Name": "TouchIdle14"
    },
    {
      "Id": "TouchDrag1wy15",
      "GroupId": "",
      "Name": "TouchIdle15"
    },
    {
      "Id": "TouchDrag1wy16",
      "GroupId": "",
      "Name": "TouchIdle16"
    },
    {
      "Id": "TouchDrag1wy17",
      "GroupId": "",
      "Name": "TouchIdle17"
    },
    {
      "Id": "TouchDrag1wy18",
      "GroupId": "",
      "Name": "TouchIdle18"
    },
    {
      "Id": "TouchDrag1wy19",
      "GroupId": "",
      "Name": "TouchIdle19"
    },
    {
      "Id": "TouchDrag1wy2",
      "GroupId": "",
      "Name": "TouchIdle2"
    },
    {
      "Id": "TouchDrag1wy20",
      "GroupId": "",
      "Name": "TouchIdle20"
    },
    {
      "Id": "TouchDrag1wy21",
      "GroupId": "",
      "Name": "TouchIdle21"
    },
    {
      "Id": "TouchDrag1wy22",
      "GroupId": "",
      "Name": "TouchIdle22"
    },
    {
      "Id": "TouchDrag1wy23",
      "GroupId": "",
      "Name": "TouchIdle23"
    },
    {
      "Id": "TouchDrag1wy24",
      "GroupId": "",
      "Name": "TouchIdle24"
    },
    {
      "Id": "TouchDrag1wy3",
      "GroupId": "",
      "Name": "TouchIdle3"
    },
    {
      "Id": "TouchDrag1wy4",
      "GroupId": "",
      "Name": "TouchIdle4"
    },
    {
      "Id": "TouchDrag1wy5",
      "GroupId": "",
      "Name": "TouchIdle5"
    },
    {
      "Id": "TouchDrag1wy6",
      "GroupId": "",
      "Name": "TouchIdle6"
    },
    {
      "Id": "TouchDrag1wy7",
      "GroupId": "",
      "Name": "TouchIdle7"
    },
    {
      "Id": "TouchDrag1wy8",
      "GroupId": "",
      "Name": "TouchIdle8"
    },
    {
      "Id": "TouchDrag1wy9",
      "GroupId": "",
      "Name": "TouchIdle9"
    },
    {
      "Id": "TouchDrag2wy",
      "GroupId": "",
      "Name": "TouchDrag2"
    },
    {
      "Id": "touch_drag10",
      "GroupId": "",
      "Name": "UItmd动画"
    },
    {
      "Id": "touch_drag11",
      "GroupId": "",
      "Name": "TouchDrag1"
    },
    {
      "Id": "touch_drag12",
      "GroupId": "",
      "Name": "姿势B裤子脱左下腿"
    },
    {
      "Id": "touch_drag2",
      "GroupId": "",
      "Name": "TouchDrag2"
    },
    {
      "Id": "touch_drag3",
      "GroupId": "",
      "Name": "TouchDrag3"
    },
    {
      "Id": "touch_drag3wy",
      "GroupId": "",
      "Name": "TouchDrag3"
    },
    {
      "Id": "touch_drag3wy2",
      "GroupId": "",
      "Name": "TouchDrag4"
    },
    {
      "Id": "touch_drag3wy3",
      "GroupId": "",
      "Name": "touch_drag5"
    },
    {
      "Id": "touch_drag3wy4",
      "GroupId": "",
      "Name": "TouchDrag6"
    },
    {
      "Id": "touch_drag3wy5",
      "GroupId": "",
      "Name": "TouchDrag7"
    },
    {
      "Id": "touch_drag3wy6",
      "GroupId": "",
      "Name": "TouchDrag8"
    },
    {
      "Id": "touch_drag3wy7",
      "GroupId": "",
      "Name": "TouchDrag9"
    },
    {
      "Id": "touch_drag3wy8",
      "GroupId": "",
      "Name": "TouchDrag10"
    },
    {
      "Id": "touch_drag4",
      "GroupId": "",
      "Name": "TouchDrag4"
    },
    {
      "Id": "touch_drag5",
      "GroupId": "",
      "Name": "TouchDrag5"
    },
    {
      "Id": "touch_drag6",
      "GroupId": "",
      "Name": "姿势B裤子脱左腿"
    },
    {
      "Id": "touch_drag7",
      "GroupId": "",
      "Name": "姿势B裤子脱右腿"
    },
    {
      "Id": "touch_drag8",
      "GroupId": "",
      "Name": "姿势A裤子脱"
    },
    {
      "Id": "touch_drag9",
      "GroupId": "",
      "Name": "TouchDrag9"
    },
    {
      "Id": "touch_dragwy",
      "GroupId": "",
      "Name": "TouchDrag1"
    },
    {
      "Id": "TUSHE",
      "GroupId": "",
      "Name": "吐舌"
    },
    {
      "Id": "twl1",
      "GroupId": "",
      "Name": "腿物理1"
    },
    {
      "Id": "twl2",
      "GroupId": "",
      "Name": "腿物理3"
    },
    {
      "Id": "twl3",
      "GroupId": "",
      "Name": "腿物理2"
    },
    {
      "Id": "tzwl",
      "GroupId": "",
      "Name": "头Z物理"
    },
    {
      "Id": "uidh2",
      "GroupId": "",
      "Name": "UI总TMD"
    },
    {
      "Id": "wumingzishensuo",
      "GroupId": "",
      "Name": "无名指伸缩"
    },
    {
      "Id": "xbkz",
      "GroupId": "",
      "Name": "胸部控制"
    },
    {
      "Id": "xbkz2",
      "GroupId": "",
      "Name": "头发控制"
    },
    {
      "Id": "xbs",
      "GroupId": "",
      "Name": "胸部水tmd"
    },
    {
      "Id": "xbtmd",
      "GroupId": "",
      "Name": "香槟tmd"
    },
    {
      "Id": "xbtmd2",
      "GroupId": "",
      "Name": "香槟物理A"
    },
    {
      "Id": "xbtmd3",
      "GroupId": "",
      "Name": "香槟物理B"
    },
    {
      "Id": "xbtmd4",
      "GroupId": "",
      "Name": "香槟透视"
    },
    {
      "Id": "xbtmd5",
      "GroupId": "",
      "Name": "香槟角度"
    },
    {
      "Id": "xiaomuzishensuo",
      "GroupId": "",
      "Name": "小拇指伸缩"
    },
    {
      "Id": "XINGXING",
      "GroupId": "",
      "Name": "星星眼"
    },
    {
      "Id": "XQBLQ",
      "GroupId": "",
      "Name": "胸前玻璃气YY-TMD"
    },
    {
      "Id": "xsqh",
      "GroupId": "",
      "Name": "下身切换"
    },
    {
      "Id": "xsqh2",
      "GroupId": "",
      "Name": "下身切换"
    },
    {
      "Id": "xsz",
      "GroupId": "",
      "Name": "下身Z"
    },
    {
      "Id": "yanzhusuofang",
      "GroupId": "",
      "Name": "眼球大小"
    },
    {
      "Id": "yaoz",
      "GroupId": "",
      "Name": "腰Z"
    },
    {
      "Id": "yaoz2",
      "GroupId": "",
      "Name": "臀Z"
    },
    {
      "Id": "yaoz3",
      "GroupId": "",
      "Name": "下身X"
    },
    {
      "Id": "yaoz4",
      "GroupId": "",
      "Name": "下身Y"
    },
    {
      "Id": "ydbxz",
      "GroupId": "",
      "Name": "右大臂旋转"
    },
    {
      "Id": "ydxh",
      "GroupId": "",
      "Name": "云朵循环"
    },
    {
      "Id": "ygqxz",
      "GroupId": "",
      "Name": "雨刮器xz"
    },
    {
      "Id": "yl",
      "GroupId": "",
      "Name": "音浪"
    },
    {
      "Id": "yl2",
      "GroupId": "",
      "Name": "封面1爱心满"
    },
    {
      "Id": "yqdjtx",
      "GroupId": "",
      "Name": "右切点击特效"
    },
    {
      "Id": "yqdjtx2",
      "GroupId": "",
      "Name": "播放点击特效"
    },
    {
      "Id": "yqdjtx3",
      "GroupId": "",
      "Name": "左切点击特效"
    },
    {
      "Id": "yqdjtx4",
      "GroupId": "",
      "Name": "随机点击特效"
    },
    {
      "Id": "yqdjtx5",
      "GroupId": "",
      "Name": "重置点击特效"
    },
    {
      "Id": "ysbh",
      "GroupId": "",
      "Name": "右手变化"
    },
    {
      "Id": "ysbh2",
      "GroupId": "",
      "Name": "右手动画"
    },
    {
      "Id": "ysbh3",
      "GroupId": "",
      "Name": "左手变化"
    },
    {
      "Id": "ysbh4",
      "GroupId": "",
      "Name": "左手动画"
    },
    {
      "Id": "ysqh",
      "GroupId": "",
      "Name": "右手切换"
    },
    {
      "Id": "ysqh2",
      "GroupId": "",
      "Name": "左手切换"
    },
    {
      "Id": "ysxz2X",
      "GroupId": "",
      "Name": "钥匙旋转2X"
    },
    {
      "Id": "ysxz2X2",
      "GroupId": "",
      "Name": "钥匙旋转2Y"
    },
    {
      "Id": "ysxz2X3",
      "GroupId": "",
      "Name": "钥匙旋转大小"
    },
    {
      "Id": "ysxz2X4",
      "GroupId": "",
      "Name": "钥匙旋转"
    },
    {
      "Id": "ysyxbtc",
      "GroupId": "",
      "Name": "右小臂+手图层"
    },
    {
      "Id": "yxbxz",
      "GroupId": "",
      "Name": "右小臂旋转"
    },
    {
      "Id": "yxbxz2",
      "GroupId": "",
      "Name": "右手旋转"
    },
    {
      "Id": "yxbxz3",
      "GroupId": "",
      "Name": "右小臂伸缩"
    },
    {
      "Id": "yxbxz4",
      "GroupId": "",
      "Name": "右大臂伸缩"
    },
    {
      "Id": "yxrx1",
      "GroupId": "",
      "Name": "右胸肉 X1"
    },
    {
      "Id": "yxrx2",
      "GroupId": "",
      "Name": "右胸 Y1"
    },
    {
      "Id": "yxrx3",
      "GroupId": "",
      "Name": "右胸 Y2"
    },
    {
      "Id": "yxrx4",
      "GroupId": "",
      "Name": "左胸肉 X1"
    },
    {
      "Id": "yxrx5",
      "GroupId": "",
      "Name": "右胸肉 Y1"
    },
    {
      "Id": "yxx1",
      "GroupId": "",
      "Name": "右胸X1"
    },
    {
      "Id": "yxx2",
      "GroupId": "",
      "Name": "右胸X2"
    },
    {
      "Id": "yxx3",
      "GroupId": "",
      "Name": "左胸X1"
    },
    {
      "Id": "yxx4",
      "GroupId": "",
      "Name": "左胸X2"
    },
    {
      "Id": "yxz",
      "GroupId": "",
      "Name": "钥匙转"
    },
    {
      "Id": "yxz2",
      "GroupId": "",
      "Name": "钥匙TMD"
    },
    {
      "Id": "zbxz",
      "GroupId": "",
      "Name": "左大臂旋转"
    },
    {
      "Id": "zbxz2",
      "GroupId": "",
      "Name": "左小臂旋转"
    },
    {
      "Id": "zbxz3",
      "GroupId": "",
      "Name": "左大臂收缩"
    },
    {
      "Id": "zbxz4",
      "GroupId": "",
      "Name": "左小臂收缩"
    },
    {
      "Id": "zccddx",
      "GroupId": "",
      "Name": "转场彩带大小"
    },
    {
      "Id": "zccddx2",
      "GroupId": "",
      "Name": "转场彩带tmd"
    },
    {
      "Id": "zccdwy",
      "GroupId": "",
      "Name": "转场彩带wy"
    },
    {
      "Id": "zhongzishensuo",
      "GroupId": "",
      "Name": "中指伸缩"
    },
    {
      "Id": "zsbydt",
      "GroupId": "",
      "Name": "姿势B右大腿"
    },
    {
      "Id": "zsbydt2",
      "GroupId": "",
      "Name": "姿势B右小腿"
    },
    {
      "Id": "zsbydt3",
      "GroupId": "",
      "Name": "姿势B右jio"
    },
    {
      "Id": "zsbydt4",
      "GroupId": "",
      "Name": "姿势B右脚掌"
    },
    {
      "Id": "zsbydt5",
      "GroupId": "",
      "Name": "姿势B左大腿"
    },
    {
      "Id": "zsbydt6",
      "GroupId": "",
      "Name": "姿势B左小腿"
    },
    {
      "Id": "zsbydt7",
      "GroupId": "",
      "Name": "姿势B左jio"
    },
    {
      "Id": "zsbydt8",
      "GroupId": "",
      "Name": "姿势B左脚掌"
    },
    {
      "Id": "zsxz",
      "GroupId": "",
      "Name": "左手旋转"
    },
    {
      "Id": "ztxy",
      "GroupId": "",
      "Name": "总体X"
    },
    {
      "Id": "ztxy2",
      "GroupId": "",
      "Name": "总体Y"
    },
    {
      "Id": "ztxy3",
      "GroupId": "",
      "Name": "总体大小"
    },
    {
      "Id": "ztxy4",
      "GroupId": "",
      "Name": "总体旋转"
    }
  ],
  "ParameterGroups": [],
  "Parts": [
    {
      "Id": "MBWJJ_feiwenposui",
      "Name": "鼻子"
    },
    {
      "Id": "MBWJJ_wutishiliangS",
      "Name": "张开右手"
    },
    {
      "Id": "MBWJJ_wutishiliangS2",
      "Name": "中"
    },
    {
      "Id": "MBWJJ_wutishiliangS3",
      "Name": "R默认手"
    },
    {
      "Id": "MBWJJ_wutishiliangS4",
      "Name": "初始嘴"
    },
    {
      "Id": "MBWJJ_wutishiliangS5",
      "Name": "物体矢量循环"
    },
    {
      "Id": "MBWJJ_wutishiliangX",
      "Name": "上"
    },
    {
      "Id": "MBWJJ_wutishiliangX2",
      "Name": "上"
    },
    {
      "Id": "MBWJJ_wutishiliangX3",
      "Name": "上"
    },
    {
      "Id": "MBWJJ_wutishiliangX4",
      "Name": "上"
    },
    {
      "Id": "MBWJJ_wutishiliangX5",
      "Name": "物体矢量循环"
    },
    {
      "Id": "MBWJJ_wutishiliangxunhuan",
      "Name": "头MB2"
    },
    {
      "Id": "MBWJJ_wutishiliangxunhuan2",
      "Name": "右手组"
    },
    {
      "Id": "MBWJJ_wutishiliangxunhuan3",
      "Name": "香槟杯"
    },
    {
      "Id": "MBWJJ_wutishiliangxunhuan4",
      "Name": "脸"
    },
    {
      "Id": "MBWJJ_wutishiliangxunhuan5",
      "Name": "物体矢量循环"
    },
    {
      "Id": "MBWJJ_wutishiliangZ",
      "Name": "待机R臂"
    },
    {
      "Id": "MBWJJ_wutishiliangZ2",
      "Name": "下"
    },
    {
      "Id": "MBWJJ_wutishiliangZ3",
      "Name": "物体矢量循环"
    },
    {
      "Id": "MBWJJ_wutishiliangZ4",
      "Name": "飞吻"
    },
    {
      "Id": "Part",
      "Name": "车"
    },
    {
      "Id": "Part10",
      "Name": "表情3"
    },
    {
      "Id": "Part100",
      "Name": "控制器"
    },
    {
      "Id": "Part101",
      "Name": "眼球"
    },
    {
      "Id": "Part102",
      "Name": "眼眉"
    },
    {
      "Id": "Part103",
      "Name": "表情2"
    },
    {
      "Id": "Part104",
      "Name": "1"
    },
    {
      "Id": "Part105",
      "Name": "1"
    },
    {
      "Id": "Part106",
      "Name": "1"
    },
    {
      "Id": "Part107",
      "Name": "1"
    },
    {
      "Id": "Part108",
      "Name": "单只蝴蝶"
    },
    {
      "Id": "Part109",
      "Name": "姿势B"
    },
    {
      "Id": "Part11",
      "Name": "线稿2"
    },
    {
      "Id": "Part12",
      "Name": "色"
    },
    {
      "Id": "Part121",
      "Name": "胸部拆分"
    },
    {
      "Id": "Part127",
      "Name": "车"
    },
    {
      "Id": "Part13",
      "Name": "面部"
    },
    {
      "Id": "Part136",
      "Name": "色"
    },
    {
      "Id": "Part139",
      "Name": "霞飞-赛车G2 240424.psd(未找到对应图层)"
    },
    {
      "Id": "Part14",
      "Name": "嘴"
    },
    {
      "Id": "Part142",
      "Name": "霞飞-赛车G2 240424.psd(未找到对应图层)"
    },
    {
      "Id": "Part144",
      "Name": "口水"
    },
    {
      "Id": "Part147",
      "Name": "背景"
    },
    {
      "Id": "Part148",
      "Name": "霞飞-赛车G2 240424.psd(未找到对应图层)"
    },
    {
      "Id": "Part15",
      "Name": "L马尾"
    },
    {
      "Id": "Part151",
      "Name": "霞飞-赛车G2 240424.psd(未找到对应图层)"
    },
    {
      "Id": "Part16",
      "Name": "R马尾"
    },
    {
      "Id": "Part17",
      "Name": "背景"
    },
    {
      "Id": "Part18",
      "Name": "抓痕"
    },
    {
      "Id": "Part19",
      "Name": "差补们"
    },
    {
      "Id": "Part2",
      "Name": "人"
    },
    {
      "Id": "Part20",
      "Name": "人"
    },
    {
      "Id": "Part21",
      "Name": "差补们"
    },
    {
      "Id": "Part22",
      "Name": "钥匙"
    },
    {
      "Id": "Part23",
      "Name": "手部拆分"
    },
    {
      "Id": "Part24",
      "Name": "胸下黄鸡"
    },
    {
      "Id": "Part25",
      "Name": "播放器"
    },
    {
      "Id": "Part26",
      "Name": "框"
    },
    {
      "Id": "Part27",
      "Name": "戒指"
    },
    {
      "Id": "Part28",
      "Name": "差补们"
    },
    {
      "Id": "Part29",
      "Name": "表情1"
    },
    {
      "Id": "Part3",
      "Name": "左下臂"
    },
    {
      "Id": "Part30",
      "Name": "撑腿手臂组"
    },
    {
      "Id": "Part31",
      "Name": "敬礼手+小手臂"
    },
    {
      "Id": "Part32",
      "Name": "拉钩手"
    },
    {
      "Id": "Part33",
      "Name": "食指伸出手"
    },
    {
      "Id": "Part35",
      "Name": "线稿2"
    },
    {
      "Id": "Part36",
      "Name": "1"
    },
    {
      "Id": "Part37",
      "Name": "背张手"
    },
    {
      "Id": "Part38",
      "Name": "R默认臂-补"
    },
    {
      "Id": "Part39",
      "Name": "自然左手"
    },
    {
      "Id": "Part4",
      "Name": "摸腿手"
    },
    {
      "Id": "Part40",
      "Name": "张开右手"
    },
    {
      "Id": "Part41",
      "Name": "下"
    },
    {
      "Id": "Part42",
      "Name": "霞飞-赛车G2 240424.psd(未找到对应图层)"
    },
    {
      "Id": "Part43",
      "Name": "香槟手"
    },
    {
      "Id": "Part44",
      "Name": "手部拆分"
    },
    {
      "Id": "Part45",
      "Name": "下身姿势拆分"
    },
    {
      "Id": "Part46",
      "Name": "上"
    },
    {
      "Id": "Part47",
      "Name": "右手组"
    },
    {
      "Id": "Part48",
      "Name": "下"
    },
    {
      "Id": "Part49",
      "Name": "物体矢量循环"
    },
    {
      "Id": "Part5",
      "Name": "待机手臂"
    },
    {
      "Id": "Part50",
      "Name": "香槟杯"
    },
    {
      "Id": "Part51",
      "Name": "垂下左手"
    },
    {
      "Id": "Part52",
      "Name": "香槟手"
    },
    {
      "Id": "Part53",
      "Name": "姿势A左腿组"
    },
    {
      "Id": "Part54",
      "Name": "姿势A右腿组"
    },
    {
      "Id": "Part55",
      "Name": "鞋子们"
    },
    {
      "Id": "Part56",
      "Name": "脱下皮靴拆分"
    },
    {
      "Id": "Part57",
      "Name": "手臂拆分"
    },
    {
      "Id": "Part58",
      "Name": "MR左手"
    },
    {
      "Id": "Part59",
      "Name": "头"
    },
    {
      "Id": "Part6",
      "Name": "头"
    },
    {
      "Id": "Part60",
      "Name": "姿势A"
    },
    {
      "Id": "Part61",
      "Name": "姿势B"
    },
    {
      "Id": "Part62",
      "Name": "胸部拆分"
    },
    {
      "Id": "Part63",
      "Name": "左手组"
    },
    {
      "Id": "Part64",
      "Name": "人"
    },
    {
      "Id": "Part65",
      "Name": "L伸出手组"
    },
    {
      "Id": "Part66",
      "Name": "1"
    },
    {
      "Id": "Part67",
      "Name": "敬礼手+小手臂(L)"
    },
    {
      "Id": "Part68",
      "Name": "拉钩手"
    },
    {
      "Id": "Part69",
      "Name": "食指伸出手"
    },
    {
      "Id": "Part7",
      "Name": "刘海组"
    },
    {
      "Id": "Part70",
      "Name": "香槟手"
    },
    {
      "Id": "Part71",
      "Name": "背张手"
    },
    {
      "Id": "Part72",
      "Name": "左腿裸足"
    },
    {
      "Id": "Part73",
      "Name": "右腿裸足"
    },
    {
      "Id": "Part74",
      "Name": "口白气"
    },
    {
      "Id": "Part75",
      "Name": "色"
    },
    {
      "Id": "Part77",
      "Name": "姿势A"
    },
    {
      "Id": "Part78",
      "Name": "1"
    },
    {
      "Id": "Part79",
      "Name": "懒腰手组"
    },
    {
      "Id": "Part80",
      "Name": "中"
    },
    {
      "Id": "Part81",
      "Name": "信封1"
    },
    {
      "Id": "Part82",
      "Name": "水流"
    },
    {
      "Id": "Part83",
      "Name": "比耶手"
    },
    {
      "Id": "Part84",
      "Name": "1"
    },
    {
      "Id": "Part85",
      "Name": "霞飞-赛车G2 240424.psd(未找到对应图层)"
    },
    {
      "Id": "Part86",
      "Name": "贴图"
    },
    {
      "Id": "Part87",
      "Name": "中"
    },
    {
      "Id": "Part88",
      "Name": "R默认小臂+手"
    },
    {
      "Id": "Part89",
      "Name": "1"
    },
    {
      "Id": "Part90",
      "Name": "下"
    },
    {
      "Id": "Part91",
      "Name": "中"
    },
    {
      "Id": "Part92",
      "Name": "下"
    },
    {
      "Id": "Part93",
      "Name": "眉毛"
    },
    {
      "Id": "Part94",
      "Name": "右"
    },
    {
      "Id": "Part95",
      "Name": "左"
    },
    {
      "Id": "Part96",
      "Name": "左眼球"
    },
    {
      "Id": "Part97",
      "Name": "左"
    },
    {
      "Id": "Part98",
      "Name": "右眼球"
    },
    {
      "Id": "Part99",
      "Name": "眼皮"
    }
  ]
}