{
  "Version": 3,
  "Meta": {
    "Duration": 20.0,
    "Fps": 60.0,
    "Loop": true,
    "AreBeziersRestricted": true,
    "FadeInTime": 0.0,
    "FadeOutTime": 0.0,
    "CurveCount": 36,
    "TotalSegmentCount": 337,
    "TotalPointCount": 411,
    "UserDataCount": 1,
    "TotalUserDataSize": 0
  },
  "Curves": [
    {
      "Target": "Parameter",
      "Id": "Param36",
      "FadeInTime": -1.0,
      "FadeOutTime": -1.0,
      "Segments": [
        0,
        0,
        0,
        2.483,
        1,
        0,
        3.45,
        0,
        2,
        5.133,
        0,
        0,
        7.433,
        1,
        0,
        8.933,
        0,
        2,
        10.417,
        0,
        0,
        12.417,
        1,
        0,
        14.017,
        0,
        2,
        16.4,
        0,
        0,
        18.783,
        1,
        0,
        20,
        0
      ]
    },
    {
      "Target": "Parameter",
      "Id": "Param105",
      "FadeInTime": -1.0,
      "FadeOutTime": -1.0,
      "Segments": [
        0,
        0,
        2,
        0.067,
        0,
        1,
        0.817,
        0.333,
        1.567,
        0.667,
        2.317,
        1,
        2,
        2.333,
        0,
        2,
        4.45,
        0,
        1,
        5.2,
        0.333,
        5.95,
        0.667,
        6.7,
        1,
        2,
        6.717,
        0,
        2,
        8.75,
        0,
        1,
        9.5,
        0.333,
        10.25,
        0.667,
        11,
        1,
        2,
        11.017,
        0,
        2,
        13.083,
        0,
        1,
        13.833,
        0.333,
        14.583,
        0.667,
        15.333,
        1,
        2,
        15.35,
        0,
        2,
        17.633,
        0,
        1,
        18.389,
        0.333,
        19.144,
        0.667,
        19.9,
        1,
        2,
        19.917,
        0,
        2,
        20,
        0
      ]
    },
    {
      "Target": "Parameter",
      "Id": "Param238",
      "FadeInTime": -1.0,
      "FadeOutTime": -1.0,
      "Segments": [
        0,
        0.279,
        1,
        0.489,
        0.575,
        0.978,
        1,
        1.467,
        1,
        0,
        1.483,
        0,
        2,
        3.6,
        0,
        0,
        5.85,
        1,
        0,
        5.867,
        0,
        2,
        7.9,
        0,
        0,
        10.15,
        1,
        0,
        10.167,
        0,
        2,
        12.233,
        0,
        0,
        14.483,
        1,
        0,
        14.5,
        0,
        2,
        16.783,
        0,
        0,
        19.05,
        1,
        0,
        19.067,
        0,
        2,
        20,
        0
      ]
    },
    {
      "Target": "Parameter",
      "Id": "Param239",
      "FadeInTime": -1.0,
      "FadeOutTime": -1.0,
      "Segments": [
        0,
        0,
        2,
        0.683,
        0,
        0,
        2.933,
        1,
        0,
        2.95,
        0,
        2,
        5.067,
        0,
        0,
        7.317,
        1,
        0,
        7.333,
        0,
        2,
        9.367,
        0,
        0,
        11.617,
        1,
        0,
        11.633,
        0,
        2,
        13.7,
        0,
        0,
        15.95,
        1,
        0,
        15.967,
        0,
        2,
        18.25,
        0,
        1,
        18.833,
        0,
        19.417,
        0.596,
        20,
        0.868
      ]
    },
    {
      "Target": "Parameter",
      "Id": "Param240",
      "FadeInTime": -1.0,
      "FadeOutTime": -1.0,
      "Segments": [
        0,
        0.111,
        1,
        0.594,
        0.372,
        1.189,
        1,
        1.783,
        1,
        0,
        1.8,
        0,
        2,
        3.917,
        0,
        0,
        6.167,
        1,
        0,
        6.183,
        0,
        2,
        8.217,
        0,
        0,
        10.467,
        1,
        0,
        10.483,
        0,
        2,
        12.55,
        0,
        0,
        14.8,
        1,
        0,
        14.817,
        0,
        2,
        17.1,
        0,
        0,
        19.367,
        1,
        0,
        19.383,
        0,
        2,
        20,
        0
      ]
    },
    {
      "Target": "Parameter",
      "Id": "MB_Awutidaxiao",
      "FadeInTime": -1.0,
      "FadeOutTime": -1.0,
      "Segments": [
        0,
        0,
        0,
        4.867,
        0.1,
        0,
        9.933,
        0,
        2,
        20,
        0
      ]
    },
    {
      "Target": "Parameter",
      "Id": "MB_Awutijiaodu",
      "FadeInTime": -1.0,
      "FadeOutTime": -1.0,
      "Segments": [
        0,
        1,
        0,
        4.867,
        -1,
        0,
        9.933,
        1,
        0,
        14.817,
        -1,
        0,
        20,
        1
      ]
    },
    {
      "Target": "Parameter",
      "Id": "MB_Awutifanzhuan",
      "FadeInTime": -1.0,
      "FadeOutTime": -1.0,
      "Segments": [
        0,
        0,
        0,
        4.867,
        1,
        0,
        9.933,
        0,
        0,
        14.817,
        1,
        0,
        20,
        0
      ]
    },
    {
      "Target": "Parameter",
      "Id": "MB_Cwutidaxiao",
      "FadeInTime": -1.0,
      "FadeOutTime": -1.0,
      "Segments": [
        0,
        0,
        0,
        4.867,
        -0.1,
        0,
        9.933,
        0,
        2,
        20,
        0
      ]
    },
    {
      "Target": "Parameter",
      "Id": "MB_Cwutijiaodu",
      "FadeInTime": -1.0,
      "FadeOutTime": -1.0,
      "Segments": [
        0,
        -1,
        0,
        4.867,
        1,
        0,
        9.933,
        -1,
        0,
        14.817,
        1,
        0,
        20,
        -1
      ]
    },
    {
      "Target": "Parameter",
      "Id": "MB_Cwutifanzhuan",
      "FadeInTime": -1.0,
      "FadeOutTime": -1.0,
      "Segments": [
        0,
        0,
        0,
        2.383,
        1,
        1,
        3.211,
        1,
        4.039,
        0.66,
        4.867,
        0,
        1,
        5.711,
        -0.673,
        6.556,
        -1,
        7.4,
        -1,
        1,
        8.244,
        -1,
        9.089,
        -0.684,
        9.933,
        0,
        1,
        10.733,
        0.648,
        11.533,
        1,
        12.333,
        1,
        1,
        13.161,
        1,
        13.989,
        0.66,
        14.817,
        0,
        1,
        15.661,
        -0.673,
        16.506,
        -1,
        17.35,
        -1,
        0,
        20,
        0
      ]
    },
    {
      "Target": "Parameter",
      "Id": "MB_Bwutidaxiao",
      "FadeInTime": -1.0,
      "FadeOutTime": -1.0,
      "Segments": [
        0,
        0,
        0,
        4.867,
        0.1,
        0,
        9.933,
        0,
        2,
        20,
        0
      ]
    },
    {
      "Target": "Parameter",
      "Id": "MB_Bwutijiaodu",
      "FadeInTime": -1.0,
      "FadeOutTime": -1.0,
      "Segments": [
        0,
        0,
        0,
        2.383,
        1,
        1,
        3.211,
        1,
        4.039,
        0.66,
        4.867,
        0,
        1,
        5.711,
        -0.673,
        6.556,
        -1,
        7.4,
        -1,
        1,
        8.244,
        -1,
        9.089,
        -0.684,
        9.933,
        0,
        1,
        10.733,
        0.648,
        11.533,
        1,
        12.333,
        1,
        1,
        13.161,
        1,
        13.989,
        0.66,
        14.817,
        0,
        1,
        15.661,
        -0.673,
        16.506,
        -1,
        17.35,
        -1,
        0,
        20,
        0
      ]
    },
    {
      "Target": "Parameter",
      "Id": "MB_Bwutifanzhuan",
      "FadeInTime": -1.0,
      "FadeOutTime": -1.0,
      "Segments": [
        0,
        1,
        0,
        4.867,
        -1,
        0,
        9.933,
        1,
        0,
        14.817,
        -1,
        0,
        20,
        1
      ]
    },
    {
      "Target": "Parameter",
      "Id": "MB_wutixialuoxunhuan",
      "FadeInTime": -1.0,
      "FadeOutTime": -1.0,
      "Segments": [
        0,
        0,
        1,
        3.306,
        1,
        6.611,
        2,
        9.917,
        3,
        2,
        9.933,
        0,
        1,
        13.278,
        1,
        16.622,
        2,
        19.967,
        3,
        2,
        20,
        0
      ]
    },
    {
      "Target": "Parameter",
      "Id": "Param141",
      "FadeInTime": -1.0,
      "FadeOutTime": -1.0,
      "Segments": [
        0,
        -2.75,
        1,
        0.5,
        1.095,
        1,
        4.184,
        1.5,
        4.184,
        0,
        3.5,
        -4.029,
        0,
        5.5,
        4.184,
        0,
        7.5,
        -4.029,
        0,
        9.5,
        4.184,
        0,
        11.5,
        -4.029,
        0,
        13.5,
        4.184,
        0,
        15.5,
        -4.029,
        0,
        17.5,
        4.184,
        0,
        19.5,
        -4.029,
        0,
        19.983,
        -2.82,
        2,
        20,
        -2.82
      ]
    },
    {
      "Target": "Parameter",
      "Id": "Param139",
      "FadeInTime": -1.0,
      "FadeOutTime": -1.0,
      "Segments": [
        0,
        -1.3,
        1,
        0.417,
        1.874,
        0.833,
        3.991,
        1.25,
        3.991,
        0,
        3.25,
        -3.748,
        0,
        5.25,
        3.991,
        0,
        7.25,
        -3.748,
        0,
        9.25,
        3.991,
        0,
        11.25,
        -3.748,
        0,
        13.25,
        3.991,
        0,
        15.25,
        -3.748,
        0,
        17.25,
        3.991,
        0,
        19.25,
        -3.748,
        0,
        19.983,
        -1.39,
        2,
        20,
        -1.39
      ]
    },
    {
      "Target": "Parameter",
      "Id": "Param142",
      "FadeInTime": -1.0,
      "FadeOutTime": -1.0,
      "Segments": [
        0,
        -4.23,
        1,
        0.583,
        -0.315,
        1.167,
        3.238,
        1.75,
        3.238,
        0,
        3.75,
        -4.567,
        0,
        5.75,
        3.238,
        0,
        7.75,
        -4.567,
        0,
        9.75,
        3.238,
        0,
        11.75,
        -4.567,
        0,
        13.75,
        3.238,
        0,
        15.75,
        -4.567,
        0,
        17.75,
        3.238,
        0,
        19.75,
        -4.567,
        0,
        19.983,
        -4.27,
        2,
        20,
        -4.27
      ]
    },
    {
      "Target": "Parameter",
      "Id": "Param_Angle_Rotation_13_ArtMesh20",
      "FadeInTime": -1.0,
      "FadeOutTime": -1.0,
      "Segments": [
        0,
        -25.79,
        0,
        2,
        23.374,
        0,
        4,
        -25.79,
        0,
        6,
        23.374,
        0,
        8,
        -25.79,
        0,
        10,
        23.374,
        0,
        12,
        -25.794,
        0,
        14,
        23.374,
        0,
        16,
        -25.794,
        0,
        18,
        23.375,
        0,
        20,
        -25.79
      ]
    },
    {
      "Target": "Parameter",
      "Id": "Param_Angle_Rotation_12_ArtMesh20",
      "FadeInTime": -1.0,
      "FadeOutTime": -1.0,
      "Segments": [
        0,
        -20.22,
        1,
        0.583,
        0.341,
        1.167,
        19.592,
        1.75,
        19.592,
        0,
        3.75,
        -22.008,
        0,
        5.75,
        19.592,
        0,
        7.75,
        -22.008,
        0,
        9.75,
        19.593,
        0,
        11.75,
        -22.005,
        0,
        13.75,
        19.593,
        0,
        15.75,
        -22.005,
        0,
        17.75,
        19.594,
        0,
        19.75,
        -22.006,
        0,
        20,
        -20.22
      ]
    },
    {
      "Target": "Parameter",
      "Id": "Param_Angle_Rotation_11_ArtMesh20",
      "FadeInTime": -1.0,
      "FadeOutTime": -1.0,
      "Segments": [
        0,
        -12.32,
        1,
        0.5,
        5.309,
        1,
        19.592,
        1.5,
        19.592,
        0,
        3.5,
        -18.227,
        0,
        5.5,
        19.592,
        0,
        7.5,
        -18.227,
        0,
        9.5,
        19.593,
        0,
        11.5,
        -18.224,
        0,
        13.5,
        19.593,
        0,
        15.5,
        -18.224,
        0,
        17.5,
        19.594,
        0,
        19.5,
        -18.225,
        0,
        20,
        -12.32
      ]
    },
    {
      "Target": "Parameter",
      "Id": "Param_Angle_Rotation_10_ArtMesh20",
      "FadeInTime": -1.0,
      "FadeOutTime": -1.0,
      "Segments": [
        0,
        -1.37,
        1,
        0.417,
        5.943,
        0.833,
        10.825,
        1.25,
        10.825,
        0,
        3.25,
        -7.012,
        0,
        5.25,
        10.825,
        0,
        7.25,
        -7.012,
        0,
        9.25,
        10.825,
        0,
        11.25,
        -7.011,
        0,
        13.25,
        10.825,
        0,
        15.25,
        -7.011,
        0,
        17.25,
        10.825,
        0,
        19.25,
        -7.011,
        0,
        20,
        -1.368
      ]
    },
    {
      "Target": "Parameter",
      "Id": "Param_Angle_Rotation_9_ArtMesh20",
      "FadeInTime": -1.0,
      "FadeOutTime": -1.0,
      "Segments": [
        0,
        5.21,
        1,
        0.333,
        11.298,
        0.667,
        14.342,
        1,
        14.342,
        0,
        3,
        -3.921,
        0,
        5,
        14.342,
        0,
        7,
        -3.921,
        0,
        9,
        14.342,
        0,
        11,
        -3.92,
        0,
        13,
        14.343,
        0,
        15,
        -3.92,
        0,
        17,
        14.343,
        0,
        19,
        -3.92,
        0,
        20,
        5.21
      ]
    },
    {
      "Target": "Parameter",
      "Id": "Param_Angle_Rotation_8_ArtMesh20",
      "FadeInTime": -1.0,
      "FadeOutTime": -1.0,
      "Segments": [
        0,
        9.14,
        1,
        0.25,
        13.184,
        0.5,
        14.342,
        0.75,
        14.342,
        0,
        2.75,
        -2.095,
        0,
        4.75,
        14.342,
        0,
        6.75,
        -2.095,
        0,
        8.75,
        14.342,
        0,
        10.75,
        -2.094,
        0,
        12.75,
        14.343,
        0,
        14.75,
        -2.094,
        0,
        16.75,
        14.343,
        0,
        18.75,
        -2.094,
        0,
        20,
        9.14
      ]
    },
    {
      "Target": "Parameter",
      "Id": "Param_Angle_Rotation_7_ArtMesh20",
      "FadeInTime": -1.0,
      "FadeOutTime": -1.0,
      "Segments": [
        0,
        4.6,
        1,
        0.167,
        5.836,
        0.333,
        5.839,
        0.5,
        5.839,
        0,
        2.5,
        -2.064,
        0,
        4.5,
        5.839,
        0,
        6.5,
        -2.064,
        0,
        8.5,
        5.839,
        0,
        10.5,
        -2.063,
        0,
        12.5,
        5.839,
        0,
        14.5,
        -2.063,
        0,
        16.5,
        5.839,
        0,
        18.5,
        -2.064,
        0,
        20,
        4.604
      ]
    },
    {
      "Target": "Parameter",
      "Id": "Param_Angle_Rotation_6_ArtMesh20",
      "FadeInTime": -1.0,
      "FadeOutTime": -1.0,
      "Segments": [
        0,
        5.5,
        1,
        0.083,
        6.065,
        0.167,
        5.839,
        0.25,
        5.839,
        0,
        2.25,
        -2.064,
        0,
        4.25,
        5.839,
        0,
        6.25,
        -2.064,
        0,
        8.25,
        5.839,
        0,
        10.25,
        -2.063,
        0,
        12.25,
        5.839,
        0,
        14.25,
        -2.063,
        0,
        16.25,
        5.839,
        0,
        18.25,
        -2.064,
        0,
        20,
        5.5
      ]
    },
    {
      "Target": "Parameter",
      "Id": "Param_Angle_Rotation_5_ArtMesh20",
      "FadeInTime": -1.0,
      "FadeOutTime": -1.0,
      "Segments": [
        0,
        3.06,
        0,
        2,
        -1.681,
        0,
        4,
        3.06,
        0,
        6,
        -1.681,
        0,
        8,
        3.06,
        0,
        10,
        -1.681,
        0,
        12,
        3.06,
        0,
        14,
        -1.681,
        0,
        16,
        3.06,
        0,
        18,
        -1.681,
        0,
        20,
        3.06
      ]
    },
    {
      "Target": "Parameter",
      "Id": "Param_Angle_Rotation_4_ArtMesh20",
      "FadeInTime": -1.0,
      "FadeOutTime": -1.0,
      "Segments": [
        0,
        2.82,
        1,
        0.583,
        -0.016,
        1.167,
        -2.63,
        1.75,
        -2.63,
        0,
        3.75,
        3.06,
        0,
        5.75,
        -2.63,
        0,
        7.75,
        3.06,
        0,
        9.75,
        -2.63,
        0,
        11.75,
        3.06,
        0,
        13.75,
        -2.63,
        0,
        15.75,
        3.06,
        0,
        17.75,
        -2.63,
        0,
        19.75,
        3.06,
        0,
        20,
        2.82
      ]
    },
    {
      "Target": "Parameter",
      "Id": "Param_Angle_Rotation_3_ArtMesh20",
      "FadeInTime": -1.0,
      "FadeOutTime": -1.0,
      "Segments": [
        0,
        1.77,
        1,
        0.5,
        -0.675,
        1,
        -2.63,
        1.5,
        -2.63,
        0,
        3.5,
        2.586,
        0,
        5.5,
        -2.63,
        0,
        7.5,
        2.586,
        0,
        9.5,
        -2.63,
        0,
        11.5,
        2.586,
        0,
        13.5,
        -2.63,
        0,
        15.5,
        2.586,
        0,
        17.5,
        -2.63,
        0,
        19.5,
        2.586,
        0,
        20,
        1.861
      ]
    },
    {
      "Target": "Parameter",
      "Id": "Param_Angle_Rotation_2_ArtMesh20",
      "FadeInTime": -1.0,
      "FadeOutTime": -1.0,
      "Segments": [
        0,
        1.11,
        1,
        0.417,
        -1.418,
        0.833,
        -3.104,
        1.25,
        -3.104,
        0,
        3.25,
        3.06,
        0,
        5.25,
        -3.104,
        0,
        7.25,
        3.06,
        0,
        9.25,
        -3.104,
        0,
        11.25,
        3.06,
        0,
        13.25,
        -3.104,
        0,
        15.25,
        3.06,
        0,
        17.25,
        -3.104,
        0,
        19.25,
        3.06,
        0,
        20,
        1.11
      ]
    },
    {
      "Target": "Parameter",
      "Id": "Param150",
      "FadeInTime": -1.0,
      "FadeOutTime": -1.0,
      "Segments": [
        0,
        6.35,
        0,
        2,
        0,
        0,
        4,
        6.354,
        0,
        6,
        0,
        0,
        8,
        6.354,
        0,
        10,
        0,
        0,
        12,
        6.354,
        0,
        14,
        0,
        0,
        16,
        6.354,
        0,
        18,
        0,
        0,
        20,
        6.35
      ]
    },
    {
      "Target": "Parameter",
      "Id": "Param151",
      "FadeInTime": -1.0,
      "FadeOutTime": -1.0,
      "Segments": [
        0,
        6.35,
        0,
        0.5,
        6.354,
        0,
        2.5,
        0,
        0,
        4.5,
        6.354,
        0,
        6.5,
        0,
        0,
        8.5,
        6.354,
        0,
        10.5,
        0,
        0,
        12.5,
        6.354,
        0,
        14.5,
        0,
        0,
        16.5,
        6.354,
        0,
        18.5,
        0,
        0,
        20,
        5.36
      ]
    },
    {
      "Target": "Parameter",
      "Id": "Param152",
      "FadeInTime": -1.0,
      "FadeOutTime": -1.0,
      "Segments": [
        0,
        3.18,
        1,
        0.333,
        5.298,
        0.667,
        6.354,
        1,
        6.354,
        0,
        3,
        0,
        0,
        5,
        6.354,
        0,
        7,
        0,
        0,
        9,
        6.354,
        0,
        11,
        0,
        0,
        13,
        6.354,
        0,
        15,
        0,
        0,
        17,
        6.354,
        0,
        19,
        0,
        0,
        20,
        3.18
      ]
    },
    {
      "Target": "Parameter",
      "Id": "Param153",
      "FadeInTime": -1.0,
      "FadeOutTime": -1.0,
      "Segments": [
        0,
        0.89,
        1,
        0.5,
        3.564,
        1,
        5.71,
        1.5,
        5.71,
        0,
        3.5,
        0,
        0,
        5.5,
        5.71,
        0,
        7.5,
        0,
        0,
        9.5,
        5.71,
        0,
        11.5,
        0,
        0,
        13.5,
        5.71,
        0,
        15.5,
        0,
        0,
        17.5,
        5.71,
        0,
        19.5,
        0,
        0,
        20,
        0.89
      ]
    },
    {
      "Target": "Parameter",
      "Id": "Param154",
      "FadeInTime": -1.0,
      "FadeOutTime": -1.0,
      "Segments": [
        0,
        0,
        0,
        2,
        5.71,
        0,
        4,
        0,
        0,
        6,
        5.71,
        0,
        8,
        0,
        0,
        10,
        5.71,
        0,
        12,
        0,
        0,
        14,
        5.71,
        0,
        16,
        0,
        0,
        18,
        5.71,
        0,
        20,
        0
      ]
    },
    {
      "Target": "Parameter",
      "Id": "Param_Angle_Rotation_1_ArtMesh20",
      "FadeInTime": -1.0,
      "FadeOutTime": -1.0,
      "Segments": [
        0,
        0,
        0,
        20,
        0
      ]
    }
  ],
  "UserData": [
    {
      "Time": 0.0,
      "Value": ""
    }
  ]
}